region_name,deal_ym,deal_type,building_name,umd_name,jibun,area_m2,deal_amount,deposit,monthly_rent,floor,deal_day,build_year,contract_type,contract_term,pre_deposit,pre_monthly_rent,use_rr_right,dealing_gbn,cdeal_type
마곡동,202607,아파트_전월세,마곡엠밸리8단지,마곡동,741,59.99,,35161,0,10,8,2016,갱신,26.08~28.07,33487.0,,,,
내발산동,202607,아파트_전월세,마곡수명산파크5단지,내발산동,749,49.93,,6669,11,2,7,2008,갱신,26.08~28.07,3754.0,28.0,,,
내발산동,202607,아파트_전월세,마곡수명산파크5단지,내발산동,749,59.84,,58000,0,5,7,2008,갱신,26.10~28.10,40000.0,,,,
마곡동,202607,아파트_전월세,마곡엠벨리(14단지),마곡동,750,84.93,,26038,0,8,7,2014,갱신,26.08~28.07,24799.0,,,,
마곡동,202607,아파트_전월세,마곡엠벨리(14단지),마곡동,750,84.85,,26038,0,14,7,2014,갱신,26.08~28.07,24799.0,,,,
화곡동,202606,오피스텔_전월세,(46-217),화곡동,46-217,29.7,,8500,27,2,8,1997,신규,26.07~28.07,,,,,
마곡동,202606,오피스텔_전월세,마곡나루역보타닉푸르지오시티,마곡동,760,32.88,,2000,140,11,8,2017,신규,26.07~27.07,,,,,
화곡동,202606,오피스텔_전월세,강서구청 파크뷰 에버,화곡동,987-1,15.46,,12960,0,8,5,2020,신규,26.07~28.07,,,,,
등촌동,202608,오피스텔_전월세,투웨니퍼스트1차,등촌동,634-10,29.74,,19500,30,11,3,,,,,,,,
화곡동,202608,오피스텔_전월세,(402-4),화곡동,402-4,52.8,,14000,40,7,10,2000,신규,26.08~28.08,,,,,
화곡동,202608,오피스텔_전월세,더라인,화곡동,934-1,19.92,,23500,0,9,7,2026,신규,26.09~28.09,,,,,
마곡동,202608,오피스텔_전월세,마곡일성트루엘플래닛,마곡동,758-2,21.43,,500,64,10,12,2016,갱신,26.09~27.09,500.0,61.0,,,
화곡동,202608,오피스텔_전월세,리치아파트,화곡동,924-1,29.21,,20350,3,4,5,2018,신규,26.09~28.09,,,,,
마곡동,202608,오피스텔_전월세,롯데캐슬 르웨스트,마곡동,767-4,82.04,,90000,0,15,7,2024,신규,26.10~28.10,,,,,
마곡동,202608,오피스텔_전월세,마곡대명투웨니퍼스트,마곡동,784-6,17.96,,3000,57,4,12,2015,신규,26.09~28.09,,,,,
방화동,202608,오피스텔_전월세,방화샤르망1오피스텔,방화동,830-3,16.29,,500,35,5,12,2003,신규,26.09~27.09,,,,,
염창동,202608,오피스텔_전월세,등촌노블레르,염창동,242-5,27.64,,25100,4,11,11,2020,갱신,26.10~28.10,24900.0,,,,
가양동,202608,오피스텔_전월세,이스타빌2차,가양동,1480-1,35.2,,13500,20,6,5,2003,신규,26.09~28.09,,,,,
마곡동,202608,오피스텔_전월세,마곡나루역캐슬파크,마곡동,760-2,23.39,,17700,27,14,12,2016,갱신,26.09~27.06,18900.0,15.0,,,
마곡동,202608,오피스텔_전월세,마곡대명투웨니퍼스트,마곡동,784-6,17.96,,11900,5,4,6,2015,신규,26.09~28.09,,,,,
마곡동,202608,오피스텔_전월세,마곡 파크뷰 대방디엠시티 오피스텔,마곡동,776,35.22,,33700,0,5,12,2019,갱신,26.10~28.10,32175.0,,,,
마곡동,202608,오피스텔_전월세,마곡일성트루엘플래닛,마곡동,758-2,21.27,,13300,15,10,12,2016,신규,26.09~28.09,,,,,
마곡동,202608,오피스텔_전월세,마곡일성트루엘플래닛,마곡동,758-2,21.43,,13300,16,5,7,2016,신규,26.09~28.09,,,,,
화곡동,202608,오피스텔_전월세,한경렉스플레이스,화곡동,888-9,34.86,,27000,5,7,8,2023,갱신,26.08~28.08,27000.0,,,,
마곡동,202608,오피스텔_전월세,마곡 파크뷰 대방디엠시티 오피스텔,마곡동,776,21.25,,16500,9,4,11,2019,신규,26.09~28.09,,,,,
화곡동,202608,오피스텔_전월세,자하클래식,화곡동,24-39,15.88,,12000,18,13,4,2018,신규,26.09~28.09,,,,,
등촌동,202608,오피스텔_전월세,투웨니퍼스트1차,등촌동,634-10,29.74,,20900,20,11,12,,신규,26.10~28.10,,,,,
등촌동,202608,오피스텔_전월세,등촌동두산위브센티움,등촌동,631,43.11,,2000,95,5,11,2004,신규,26.10~27.11,,,,,
마곡동,202608,오피스텔_전월세,미르웰플러스오피스텔,마곡동,784-4,19.46,,500,70,9,8,2015,신규,26.08~27.08,,,,,
마곡동,202608,오피스텔_전월세,힐스테이트에코 마곡나루역 라마다앙코르 서울마곡,마곡동,760-1,20.84,,15300,11,12,11,2017,갱신,26.09~28.09,15430.0,7.0,,,
화곡동,202608,오피스텔_전월세,두선빌 오피스텔,화곡동,1075-15,25.02,,500,50,2,12,2002,신규,26.08~27.08,,,,,
마곡동,202608,오피스텔_전월세,마곡나루역보타닉푸르지오시티,마곡동,760,22.2,,10000,46,11,12,2017,신규,26.09~27.09,,,,,
마곡동,202608,오피스텔_전월세,마곡 파크뷰 대방디엠시티 오피스텔,마곡동,776,26.68,,1000,89,7,11,2019,갱신,26.10~28.10,1000.0,85.0,사용,,
등촌동,202608,오피스텔_전월세,경동미르웰한올림,등촌동,656,16.19,,12100,18,2,12,2016,갱신,26.08~28.02,12300.0,15.0,,,
가양동,202608,오피스텔_전월세,가양글로벌퍼스트,가양동,448-11,28.12,,23000,14,4,12,2018,신규,26.09~28.09,,,,,
공항동,202608,오피스텔_전월세,크라운타워,공항동,72-20,26.61,,5000,81,12,12,2024,신규,26.10~28.09,,,,,
마곡동,202608,오피스텔_전월세,아르디에,마곡동,784-13,18.59,,500,70,9,8,2015,신규,26.08~27.08,,,,,
화곡동,202608,오피스텔_전월세,우장산투웨니퍼스트,화곡동,72-3,29.39,,19600,0,7,11,2018,신규,26.09~28.09,,,,,
가양동,202608,오피스텔_전월세,와이에스타운,가양동,146-40,10.87,,10900,5,2,5,2015,신규,26.09~28.09,,,,,
마곡동,202608,오피스텔_전월세,마곡 파크뷰 대방디엠시티 오피스텔,마곡동,776,21.25,,16500,10,6,11,2019,신규,26.09~28.09,,,,,
마곡동,202608,오피스텔_전월세,마곡 파크뷰 대방디엠시티 오피스텔,마곡동,776,21.25,,10000,44,5,11,2019,갱신,26.09~28.09,10000.0,40.0,,,
마곡동,202608,오피스텔_전월세,유림트윈파크,마곡동,793,19.99,,11835,12,6,1,2015,갱신,26.08~28.08,11835.0,12.0,사용,,
마곡동,202608,오피스텔_전월세,마곡나루역보타닉푸르지오시티,마곡동,760,19.96,,2000,76,8,7,2017,신규,26.08~27.08,,,,,
마곡동,202608,오피스텔_전월세,롯데캐슬 르웨스트,마곡동,767-4,69.84,,90000,0,8,6,2024,신규,26.08~28.08,,,,,
마곡동,202608,오피스텔_전월세,유림트윈파크,마곡동,793,19.99,,1000,66,10,11,2015,갱신,26.08~27.08,1000.0,63.0,,,
화곡동,202608,오피스텔_전월세,드림시드 아파트,화곡동,899-13,38.46,,20460,0,4,8,2017,신규,26.11~28.11,,,,,
화곡동,202608,오피스텔_전월세,강서 동도센트리움,화곡동,1161,18.97,,8500,15,19,11,2012,신규,26.09~27.09,,,,,
마곡동,202608,오피스텔_전월세,우성르보아투,마곡동,739-2,20.24,,11000,10,9,11,2015,신규,26.09~28.09,,,,,
가양동,202608,오피스텔_전월세,이스타빌1차,가양동,1480-5,25.84,,8000,28,3,11,2002,갱신,26.09~27.09,8000.0,28.0,,,
등촌동,202608,오피스텔_전월세,현대프린스텔,등촌동,628-13,28.78,,1000,65,8,11,1999,신규,26.09~27.09,,,,,
마곡동,202608,오피스텔_전월세,마곡나루역보타닉푸르지오시티,마곡동,760,22.76,,1000,86,8,8,2017,신규,26.09~27.09,,,,,
등촌동,202608,오피스텔_전월세,등촌 미르웰 한올림 3차,등촌동,656-58,14.41,,12100,7,7,7,2018,갱신,26.09~28.09,13200.0,,,,
마곡동,202608,오피스텔_전월세,힐스테이트에코동익,마곡동,773-3,24.57,,18900,0,4,4,2017,갱신,26.08~28.08,18900.0,,,,
가양동,202608,오피스텔_전월세,가양글로벌퍼스트,가양동,448-11,28.12,,22000,15,10,8,2018,갱신,26.09~28.09,24000.0,,,,
방화동,202608,오피스텔_전월세,방화샤르망1오피스텔,방화동,830-3,16.29,,300,37,5,6,2003,신규,26.08~27.08,,,,,
화곡동,202608,오피스텔_전월세,리치A110,화곡동,938-11,22.92,,21600,15,15,11,2026,신규,26.09~28.09,,,,,
화곡동,202608,오피스텔_전월세,화곡투웨니퍼스트,화곡동,105-378,28.45,,1000,96,2,4,2018,신규,26.09~28.09,,,,,
마곡동,202608,오피스텔_전월세,힐스테이트에코동익,마곡동,773-3,25.26,,1000,85,3,11,2017,신규,26.08~27.08,,,,,
마곡동,202608,오피스텔_전월세,마곡센트럴대방디엠시티오피스텔,마곡동,776-2,24.02,,1000,77,11,1,2017,갱신,26.08~27.08,1000.0,73.0,,,
마곡동,202608,오피스텔_전월세,마곡센트럴대방디엠시티오피스텔,마곡동,776-2,39.97,,2000,140,3,9,2017,신규,26.09~27.09,,,,,
화곡동,202608,오피스텔_전월세,도양라비앙오피스텔,화곡동,937-7,29.34,,12000,40,3,5,2019,신규,26.09~28.09,,,,,
화곡동,202608,오피스텔_전월세,SJ라벨라,화곡동,1111,29.73,,23000,0,12,11,2020,갱신,26.08~27.08,22000.0,,사용,,
염창동,202608,오피스텔_전월세,아네스트염창,염창동,310,18.84,,5000,47,4,11,2019,갱신,26.09~28.09,3000.0,54.0,,,
염창동,202608,오피스텔_전월세,아네스트염창,염창동,310,20.86,,10000,28,2,11,2019,신규,26.10~28.10,,,,,
등촌동,202608,오피스텔_전월세,등촌 미르웰 한올림 3차,등촌동,656-58,14.41,,2000,63,5,10,2018,갱신,26.09~27.09,2000.0,60.0,,,
등촌동,202608,오피스텔_전월세,뉴스토리오피스텔,등촌동,683-1,17.52,,13700,8,4,10,2013,갱신,26.08~27.08,13700.0,6.0,,,
방화동,202608,오피스텔_전월세,방화샤르망1오피스텔,방화동,830-3,16.29,,300,37,5,11,2003,신규,26.08~27.08,,,,,
마곡동,202608,오피스텔_전월세,마곡나루역보타닉푸르지오시티,마곡동,760,22.76,,1000,90,8,7,2017,신규,26.08~27.08,,,,,
마곡동,202608,오피스텔_전월세,마곡센트럴대방디엠시티오피스텔,마곡동,776-2,24.02,,500,80,6,10,2017,신규,26.09~27.09,,,,,
등촌동,202608,오피스텔_전월세,경동미르웰한올림,등촌동,656,16.19,,500,73,5,10,2016,신규,26.08~27.08,,,,,
마곡동,202608,오피스텔_전월세,마곡나루역보타닉푸르지오시티,마곡동,760,22.17,,15200,5,3,10,2017,신규,26.09~28.09,,,,,
마곡동,202608,오피스텔_전월세,마곡나루역보타닉푸르지오시티,마곡동,760,22.17,,1000,88,10,10,2017,신규,26.08~27.08,,,,,
등촌동,202608,오피스텔_전월세,등촌동두산위브센티움,등촌동,631,28.45,,14850,0,8,11,2004,신규,26.10~28.10,,,,,
염창동,202608,오피스텔_전월세,그린뷰,염창동,261-12,16.25,,14000,20,4,10,2018,신규,26.09~28.09,,,,,
마곡동,202608,오피스텔_전월세,갤럭시인텔리젼스,마곡동,793-2,17.37,,10800,10,8,8,2015,신규,26.08~27.08,,,,,
마곡동,202608,오피스텔_전월세,마곡 헤리움1차,마곡동,739-4,29.14,,16000,13,4,10,2015,갱신,26.09~28.09,16425.0,8.0,,,
염창동,202608,오피스텔_전월세,등촌노블레르,염창동,242-5,27.64,,22400,0,6,10,2020,갱신,26.11~28.11,22400.0,,,,
등촌동,202608,오피스텔_전월세,투웨니퍼스트1차,등촌동,634-10,29.74,,2000,100,6,11,,신규,26.08~28.08,,,,,
마곡동,202608,오피스텔_전월세,엠코지니어스타,마곡동,776-4,26.28,,1000,78,3,7,2015,갱신,26.08~27.08,1000.0,75.0,사용,,
등촌동,202608,오피스텔_전월세,루미에르,등촌동,641-12,19.99,,19900,0,2,10,2024,신규,26.09~28.09,,,,,
염창동,202608,오피스텔_전월세,염창투웨니퍼스트,염창동,262,28.57,,26400,0,5,10,2019,신규,26.10~28.10,,,,,
염창동,202608,오피스텔_전월세,한빛어반뉴스토리,염창동,266-12,28.69,,21000,0,3,8,2018,갱신,26.09~28.09,21000.0,,,,
등촌동,202608,오피스텔_전월세,한빛어반뉴스토리,등촌동,656-37,27.31,,20000,20,4,4,2017,신규,26.08~28.08,,,,,
마곡동,202608,오피스텔_전월세,유림트윈파크,마곡동,793,19.99,,11800,10,6,10,2015,신규,26.09~28.09,,,,,
마곡동,202608,오피스텔_전월세,마곡 헤리움1차,마곡동,739-4,29.14,,2000,80,8,7,2015,신규,26.09~27.09,,,,,
마곡동,202608,오피스텔_전월세,힐스테이트에코 마곡나루역 라마다앙코르 서울마곡,마곡동,760-1,21.5,,15000,0,3,8,2017,신규,26.08~28.08,,,,,
가양동,202608,오피스텔_전월세,가양글로벌퍼스트,가양동,448-11,28.12,,15000,70,4,7,2018,신규,26.09~28.09,,,,,
염창동,202608,오피스텔_전월세,시그니쳐스위트,염창동,250-4,29.72,,43000,0,7,9,2022,신규,26.10~28.10,,,,,
마곡동,202608,오피스텔_전월세,마곡센트럴대방디엠시티오피스텔,마곡동,776-2,29.48,,10000,55,8,6,2017,갱신,26.09~27.09,17000.0,30.0,,,
화곡동,202608,오피스텔_전월세,연우넥스트파크뷰,화곡동,1110,15.29,,1000,65,3,8,2019,갱신,26.09~27.09,1000.0,63.0,,,
마곡동,202608,오피스텔_전월세,우성르보아투,마곡동,739-2,20.24,,11000,10,6,7,2015,신규,26.08~28.08,,,,,
염창동,202608,오피스텔_전월세,한빛어반뉴스토리,염창동,266-12,28.69,,10000,48,5,10,2018,갱신,26.09~28.09,10000.0,44.0,,,
등촌동,202608,오피스텔_전월세,경동미르웰한올림,등촌동,656,16.19,,5500,43,6,9,2016,신규,26.08~27.08,,,,,
마곡동,202608,오피스텔_전월세,필네이처,마곡동,795-1,22.16,,12500,0,3,2,2016,신규,26.09~28.09,,,,,
화곡동,202608,오피스텔_전월세,씨앤케이,화곡동,779-9,28.98,,19600,0,5,8,2018,신규,26.09~28.09,,,,,
화곡동,202608,오피스텔_전월세,리치아파트,화곡동,924-6,26.94,,1000,110,12,3,2022,신규,26.08~28.08,,,,,
등촌동,202608,오피스텔_전월세,등촌동두산위브센티움,등촌동,631,43.11,,2000,86,9,8,2004,신규,26.08~27.08,,,,,
방화동,202608,오피스텔_전월세,라센트로,방화동,620-115,44.54,,29000,0,11,9,2022,갱신,26.08~28.08,28500.0,,사용,,
마곡동,202608,오피스텔_전월세,마곡센트럴대방디엠시티오피스텔,마곡동,776-2,56.41,,45200,10,14,7,2017,갱신,26.09~28.09,42970.0,10.0,,,
화곡동,202608,오피스텔_전월세,SJ라벨라,화곡동,1111,17.38,,1000,63,13,8,2020,갱신,26.09~27.09,1000.0,60.0,,,
화곡동,202608,오피스텔_전월세,거마지엠밸리,화곡동,1116-5,13.89,,10000,20,2,7,2020,갱신,26.08~28.08,10000.0,10.0,,,
화곡동,202608,오피스텔_전월세,더라인,화곡동,934-1,19.92,,24000,0,10,8,2026,신규,26.09~28.09,,,,,
등촌동,202608,오피스텔_전월세,등촌투웨니퍼스트2차,등촌동,633-17,29.68,,22000,14,3,10,2016,갱신,26.08~28.08,22000.0,10.0,,,
등촌동,202608,오피스텔_전월세,등촌동 Y HAUS 오피스텔,등촌동,633-24,29.07,,23000,0,6,8,2020,갱신,26.10~28.10,23000.0,,사용,,
등촌동,202608,오피스텔_전월세,강변샤르망1단지,등촌동,628-16,63.16,,38000,0,14,7,2005,신규,26.10~28.10,,,,,
등촌동,202608,오피스텔_전월세,경동미르웰한올림,등촌동,656,16.19,,12000,15,10,8,2016,갱신,26.09~28.09,12600.0,10.0,,,
마곡동,202608,오피스텔_전월세,마곡역센트럴푸르지오시티,마곡동,773-1,23,,15885,10,13,8,2016,신규,26.09~28.09,,,,,
마곡동,202608,오피스텔_전월세,마곡에비앙,마곡동,793-3,18.97,,3000,58,3,3,2015,갱신,26.09~27.09,3000.0,55.0,,,
마곡동,202608,오피스텔_전월세,마곡오드카운티2차,마곡동,784-9,30.37,,1500,108,6,7,,갱신,26.08~27.08,1500.0,103.0,,,
마곡동,202608,오피스텔_전월세,마곡일성트루엘플래닛,마곡동,758-2,21.43,,13300,15,5,6,2016,갱신,26.08~27.08,13950.0,10.0,,,
마곡동,202608,오피스텔_전월세,마곡일성트루엘플래닛,마곡동,758-2,21.43,,3000,64,4,7,2016,신규,26.09~27.09,,,,,
마곡동,202608,오피스텔_전월세,마곡나루역보타닉푸르지오시티,마곡동,760,22.35,,1000,80,14,7,2017,갱신,26.08~27.08,1000.0,75.0,,,
마곡동,202608,오피스텔_전월세,마곡나루역캐슬파크,마곡동,760-2,23.39,,4000,78,11,10,2016,갱신,26.08~27.08,1000.0,86.0,,,
마곡동,202608,오피스텔_전월세,힐스테이트 에코 마곡역,마곡동,773,19.87,,15660,17,12,10,2017,갱신,26.08~28.08,16650.0,10.0,사용,,
마곡동,202608,오피스텔_전월세,마곡나루역캐슬파크,마곡동,760-2,26.22,,1500,95,3,8,2016,신규,26.08~28.08,,,,,
마곡동,202608,오피스텔_전월세,마곡일성트루엘플래닛,마곡동,758-2,21.43,,2000,70,13,8,2016,신규,26.08~27.08,,,,,
염창동,202608,오피스텔_전월세,서경팰리스,염창동,267-10,28.69,,3000,115,6,7,2018,신규,26.09~27.09,,,,,
염창동,202608,오피스텔_전월세,염창투웨니퍼스트,염창동,262,28.57,,1000,105,7,8,2019,신규,26.09~27.09,,,,,
마곡동,202608,오피스텔_전월세,마곡럭스나인오피스텔 엘동,마곡동,758-1,32.58,,1200,120,13,8,2017,신규,26.09~27.09,,,,,
마곡동,202608,오피스텔_전월세,마곡나루역보타닉푸르지오시티,마곡동,760,22.17,,1000,67,3,5,2017,갱신,26.09~27.09,3000.0,57.0,,,
등촌동,202608,오피스텔_전월세,경동미르웰양천향교2차,등촌동,685,29.68,,25600,0,4,6,2020,갱신,26.09~28.09,25600.0,,사용,,
화곡동,202608,오피스텔_전월세,(343-66),화곡동,343-66,26.08,,12000,17,2,6,2004,신규,26.09~28.09,,,,,
화곡동,202608,오피스텔_전월세,화곡SJ라벨라,화곡동,921-6,42.13,,5000,135,12,7,2022,신규,26.09~27.09,,,,,
마곡동,202608,오피스텔_전월세,우성르보아투,마곡동,739-2,20.24,,10000,17,5,6,2015,신규,26.08~27.08,,,,,
화곡동,202608,오피스텔_전월세,서부아파트,화곡동,1074-18,36,,11000,20,1,3,2002,신규,26.08~28.08,,,,,
화곡동,202608,오피스텔_전월세,더라인,화곡동,934-1,19.92,,23800,0,11,7,2026,신규,26.09~28.09,,,,,
마곡동,202608,오피스텔_전월세,마곡일성트루엘플래닛,마곡동,758-2,21.43,,1000,75,12,6,2016,신규,26.08~27.08,,,,,
화곡동,202608,오피스텔_전월세,늘예솔하우스,화곡동,938-9,29.51,,21000,0,12,7,2020,신규,26.09~28.09,,,,,
마곡동,202608,오피스텔_전월세,마곡 파크뷰 대방디엠시티 오피스텔,마곡동,776,21.02,,16500,13,11,6,2019,갱신,26.08~27.08,16740.0,10.0,,,
화곡동,202608,오피스텔_전월세,경동엠파이어스테이트,화곡동,1111-3,18.61,,500,60,18,7,2012,신규,26.09~27.09,,,,,
등촌동,202608,오피스텔_전월세,(115-6),등촌동,828,13.92,,14700,0,2,7,2020,신규,26.08~28.08,,,,,
마곡동,202608,오피스텔_전월세,힐스테이트에코마곡,마곡동,797-14,23.75,,1000,85,6,3,2016,신규,26.08~27.08,,,,,
등촌동,202608,오피스텔_전월세,경동미르웰한올림,등촌동,656,16.19,,12100,17,9,7,2016,갱신,26.08~28.08,13500.0,8.0,,,
가양동,202608,오피스텔_전월세,동양 트레벨 스카이 오피스텔,가양동,1479-8,24.36,,1000,55,4,6,2003,신규,26.08~27.08,,,,,
염창동,202608,오피스텔_전월세,맥시하우스,염창동,241-11,15.6,,15000,0,6,6,2018,신규,26.10~28.10,,,,,
화곡동,202608,오피스텔_전월세,더라인,화곡동,934-1,20.13,,23000,0,10,6,2026,신규,26.09~28.09,,,,,
화곡동,202608,오피스텔_전월세,Urban edge(어반엣지),화곡동,24-169,48.17,,1000,170,7,7,2026,신규,26.08~28.08,,,,,
화곡동,202608,오피스텔_전월세,화곡 이레타워벨리스,화곡동,1063-2,17.11,,19180,0,7,3,2023,신규,26.10~28.10,,,,,
마곡동,202608,오피스텔_전월세,마곡오드카운티2차,마곡동,784-9,17.36,,500,68,2,6,,갱신,26.08~27.08,500.0,65.0,,,
가양동,202608,오피스텔_전월세,가양글로벌퍼스트,가양동,448-11,28.12,,23000,20,10,6,2018,갱신,26.08~28.08,24000.0,10.0,,,
마곡동,202608,오피스텔_전월세,마곡시티오피스텔,마곡동,758,22.51,,1000,78,12,6,2016,신규,26.08~27.08,,,,,
화곡동,202608,오피스텔_전월세,더라인,화곡동,934-1,19.92,,20000,15,7,6,2026,신규,26.09~28.09,,,,,
마곡동,202608,오피스텔_전월세,마곡대명투웨니퍼스트,마곡동,784-6,17.96,,10800,12,8,7,2015,신규,26.09~28.09,,,,,
마곡동,202608,오피스텔_전월세,마곡 파크뷰 대방디엠시티 오피스텔,마곡동,776,21.25,,1000,80,13,5,2019,갱신,26.10~27.10,1000.0,80.0,,,
마곡동,202608,오피스텔_전월세,마곡나루역보타닉푸르지오시티,마곡동,760,22.2,,15200,25,14,6,2017,신규,26.08~28.08,,,,,
화곡동,202608,오피스텔_전월세,Urban edge(어반엣지),화곡동,24-169,24.05,,1000,110,10,7,2026,신규,26.08~28.08,,,,,
염창동,202608,오피스텔_전월세,한빛어반뉴스토리,염창동,266-12,28.69,,20000,26,13,6,2018,신규,26.09~27.09,,,,,
염창동,202608,오피스텔_전월세,진영리버타운,염창동,65,33.08,,21000,0,8,6,2019,신규,26.10~28.10,,,,,
등촌동,202608,오피스텔_전월세,등촌동 Y HAUS 오피스텔,등촌동,633-24,28.3,,25200,0,2,6,2020,갱신,26.09~28.09,24120.0,,,,
등촌동,202608,오피스텔_전월세,경동미르웰양천향교2차,등촌동,685,29.68,,23400,10,3,6,2020,갱신,26.08~28.08,25000.0,,,,
화곡동,202608,오피스텔_전월세,제이투리더스뷰,화곡동,903-5,26.13,,23000,0,7,6,2019,갱신,26.10~28.10,22700.0,,사용,,
마곡동,202608,오피스텔_전월세,힐스테이트에코 마곡나루역 라마다앙코르 서울마곡,마곡동,760-1,21.5,,15660,15,12,6,2017,신규,26.09~28.09,,,,,
화곡동,202608,오피스텔_전월세,화곡SJ라벨라,화곡동,921-6,42.13,,2000,110,4,6,2022,갱신,26.09~27.08,2000.0,105.0,사용,,
화곡동,202608,오피스텔_전월세,리치A110,화곡동,938-11,31.03,,20000,20,14,5,2026,신규,26.09~28.09,,,,,
화곡동,202608,오피스텔_전월세,도양라비앙오피스텔,화곡동,937-7,29.34,,19000,0,5,3,2019,신규,26.09~28.09,,,,,
마곡동,202608,오피스텔_전월세,매그넘793,마곡동,793-7,27.46,,1000,105,4,6,2020,갱신,26.08~27.08,1000.0,100.0,사용,,
마곡동,202608,오피스텔_전월세,스카이오피스텔,마곡동,784-3,17.52,,2000,55,2,5,2016,갱신,26.08~27.08,1500.0,55.0,,,
마곡동,202608,오피스텔_전월세,힐스테이트에코마곡,마곡동,797-14,24.46,,500,63,8,5,2016,갱신,26.09~27.09,500.0,60.0,사용,,
마곡동,202608,오피스텔_전월세,마곡나루역캐슬파크,마곡동,760-2,23.39,,1000,86,8,5,2016,갱신,26.10~27.10,1000.0,84.0,,,
마곡동,202608,오피스텔_전월세,마곡나루역보타닉푸르지오시티,마곡동,760,22.35,,15200,20,4,5,2017,신규,26.08~27.08,,,,,
마곡동,202608,오피스텔_전월세,마곡시티오피스텔,마곡동,758,24.4,,1000,73,11,5,2016,신규,26.08~27.08,,,,,
마곡동,202608,오피스텔_전월세,마곡럭스나인오피스텔 엘동,마곡동,758-1,21.87,,1000,74,11,5,2017,갱신,26.08~27.08,1000.0,71.0,,,
화곡동,202608,오피스텔_전월세,크라운뷰,화곡동,982-17,49.22,,3000,90,11,4,2009,갱신,26.10~28.10,3000.0,85.0,사용,,
마곡동,202608,오피스텔_전월세,마곡일성트루엘플래닛,마곡동,758-2,21.43,,1000,74,8,5,2016,갱신,26.09~28.09,1000.0,70.0,사용,,
염창동,202608,오피스텔_전월세,등촌노블레르,염창동,242-5,27.64,,25000,5,15,3,2020,신규,26.10~28.09,,,,,
가양동,202608,오피스텔_전월세,이스타빌2차,가양동,1480-1,37.6,,14000,0,12,4,2003,신규,26.09~28.09,,,,,
화곡동,202608,오피스텔_전월세,성진오피스텔,화곡동,367-34,26.94,,500,65,3,3,2002,신규,26.08~27.08,,,,,
화곡동,202608,오피스텔_전월세,SJ라벨라,화곡동,1111,22.35,,17500,0,8,4,2020,신규,26.09~28.09,,,,,
등촌동,202608,오피스텔_전월세,경동미르웰한올림,등촌동,656,16.19,,1000,68,9,4,2016,신규,26.08~27.08,,,,,
등촌동,202608,오피스텔_전월세,(115-6),등촌동,828,13.92,,15000,0,2,1,2020,신규,26.09~28.09,,,,,
방화동,202608,오피스텔_전월세,제이엘카운티,방화동,612-71,59.98,,21800,0,2,4,2015,신규,26.11~28.11,,,,,
등촌동,202608,오피스텔_전월세,강변샤르망3단지,등촌동,628-17,63.16,,38000,0,11,1,2005,신규,26.09~28.09,,,,,
화곡동,202608,오피스텔_전월세,강서2차 크라운팰리스,화곡동,1070-11,28.17,,3000,105,10,1,2020,신규,26.08~28.07,,,,,
등촌동,202608,오피스텔_전월세,까사지오,등촌동,634,15.23,,18700,0,11,3,2022,신규,26.09~28.09,,,,,
마곡동,202608,오피스텔_전월세,마곡아이파크,마곡동,795-2,24.22,,3000,65,14,3,2016,갱신,26.08~27.08,3000.0,62.0,,,
마곡동,202608,오피스텔_전월세,벨리오,마곡동,784-8,20.57,,500,66,8,3,2015,신규,26.08~27.08,,,,,
가양동,202608,오피스텔_전월세,마곡보타닉투웨니퍼스트,가양동,257-1,28.33,,24300,10,9,3,2020,갱신,26.09~28.09,26000.0,,,,
화곡동,202608,오피스텔_전월세,미래안포레,화곡동,1105,20.33,,18900,0,20,3,2022,갱신,26.08~28.08,18200.0,,,,
내발산동,202608,오피스텔_전월세,더 자하,내발산동,702-4,27.39,,5000,120,4,3,2022,신규,26.09~27.09,,,,,
마곡동,202608,오피스텔_전월세,유림트윈파크,마곡동,793,19.99,,3000,60,6,3,2015,신규,26.08~27.08,,,,,
등촌동,202608,오피스텔_전월세,등촌동 Y HAUS 오피스텔,등촌동,633-24,29.07,,25200,0,13,3,2020,갱신,26.09~28.09,24700.0,,,,
등촌동,202608,오피스텔_전월세,투웨니퍼스트1차,등촌동,634-10,29.74,,20900,0,13,3,,신규,26.09~28.09,,,,,
마곡동,202608,오피스텔_전월세,힐스테이트 에코 마곡역,마곡동,773,19.87,,1000,79,12,3,2017,신규,26.09~27.09,,,,,
화곡동,202608,오피스텔_전월세,Urban edge(어반엣지),화곡동,24-169,28.76,,1000,115,9,3,2026,신규,26.09~28.09,,,,,
마곡동,202608,오피스텔_전월세,마곡 파크뷰 대방디엠시티 오피스텔,마곡동,776,21.25,,4000,65,11,2,2019,신규,26.08~27.08,,,,,
방화동,202608,오피스텔_전월세,마곡 킹덤 퀸터플,방화동,612-61,34.08,,24800,0,10,1,2020,신규,26.09~28.09,,,,,
화곡동,202608,연립다세대_전월세,새롬스타즈,화곡동,105-49,28.62,,17500,0,4,7,2016,,,,,,,
화곡동,202608,연립다세대_전월세,하나타운A동,화곡동,339-5,29.32,,15200,0,6,1,2015,,,,,,,
화곡동,202608,연립다세대_전월세,장원하이빌,화곡동,367-27,63.65,,18390,0,4,8,2001,신규,26.10~28.10,,,,,
화곡동,202608,연립다세대_전월세,대동빌,화곡동,424-18,24.11,,20600,0,4,10,2020,신규,26.10~28.10,,,,,
공항동,202608,연립다세대_전월세,제이케이빌,공항동,679-10,39.39,,3000,100,2,4,2017,신규,26.09~28.09,,,,,
공항동,202608,연립다세대_전월세,마곡더퍼스트,공항동,682-2,25.68,,22930,0,2,8,2023,갱신,26.08~28.08,22300.0,,,,
공항동,202608,연립다세대_전월세,아이디주택,공항동,14-168,29.98,,19400,10,3,6,2018,신규,26.10~28.10,,,,,
화곡동,202608,연립다세대_전월세,예림그린빌라,화곡동,339-11,59.94,,14900,10,1,8,1993,신규,26.09~28.09,,,,,
마곡동,202608,연립다세대_전월세,마곡미라클,마곡동,1511,29.88,,20000,25,3,10,2017,신규,26.09~28.09,,,,,
화곡동,202608,연립다세대_전월세,계명위너스,화곡동,1074-3,38.58,,13000,30,3,6,2010,신규,26.09~28.09,,,,,
등촌동,202608,연립다세대_전월세,그레니어등촌513,등촌동,513-18,29.4,,25000,0,4,12,2022,신규,26.09~28.09,,,,,
공항동,202608,연립다세대_전월세,중앙캐슬,공항동,41-1,29.99,,17760,14,6,11,2015,신규,26.09~28.09,,,,,
화곡동,202608,연립다세대_전월세,나산맨션2차,화곡동,455-4,28.8,,9140,30,4,11,2002,신규,26.09~28.09,,,,,
방화동,202608,연립다세대_전월세,목련정가(453-23),방화동,453-23,44.63,,15000,20,5,11,2002,신규,26.11~28.11,,,,,
화곡동,202608,연립다세대_전월세,라테라스빌,화곡동,424-37,29.92,,100,90,2,11,2015,신규,26.08~26.11,,,,,
화곡동,202608,연립다세대_전월세,제이투리더스,화곡동,359-94,25.19,,21000,15,3,8,2023,신규,26.09~28.09,,,,,
화곡동,202608,연립다세대_전월세,한스아이빌2,화곡동,1040-4,27.23,,12242,14,4,11,2019,갱신,26.10~28.09,11659.0,13.0,,,
등촌동,202608,연립다세대_전월세,에스엠피렌체,등촌동,636-5,29.52,,23400,0,4,11,2016,신규,26.10~28.10,,,,,
화곡동,202608,연립다세대_전월세,신세계빌라트(59-18),화곡동,59-18,35.63,,15750,35,5,10,2015,갱신,26.08~28.08,15750.0,25.0,,,
화곡동,202608,연립다세대_전월세,성훈에이스빌,화곡동,818-11,44.38,,12400,0,4,11,2002,신규,26.09~28.09,,,,,
화곡동,202608,연립다세대_전월세,산호맨션나동,화곡동,24-21,64.63,,18390,0,2,10,2002,신규,26.09~28.09,,,,,
화곡동,202608,연립다세대_전월세,라움리츠빌,화곡동,379-52,28.65,,2000,105,6,7,2016,신규,26.08~27.08,,,,,
화곡동,202608,연립다세대_전월세,빌라드다인,화곡동,24-35,23.02,,5000,75,3,10,2023,신규,26.10~27.10,,,,,
화곡동,202608,연립다세대_전월세,수아트빌,화곡동,355-37,39.58,,19780,0,5,10,2015,갱신,26.08~28.08,19000.0,,사용,,
마곡동,202608,연립다세대_전월세,청람아트빌,마곡동,6-4,26.23,,21000,0,5,10,2018,갱신,26.08~28.08,21000.0,,,,
화곡동,202608,연립다세대_전월세,영암빌라,화곡동,347-11,44.21,,9000,0,-1,10,1998,갱신,26.08~28.08,2000.0,35.0,,,
화곡동,202608,연립다세대_전월세,리치하우스(346-18),화곡동,346-18,29.99,,3000,60,2,11,2017,신규,26.10~28.10,,,,,
등촌동,202608,연립다세대_전월세,유원더블레스,등촌동,637-27,15.79,,20000,20,11,10,2020,신규,26.10~28.10,,,,,
화곡동,202608,연립다세대_전월세,정안하이츠,화곡동,805-13,53.91,,4000,110,3,3,2012,신규,26.10~28.10,,,,,
화곡동,202608,연립다세대_전월세,남성아트빌1,화곡동,354-6,24.79,,15800,20,5,3,2015,신규,26.08~28.08,,,,,
화곡동,202608,연립다세대_전월세,칭찬빌,화곡동,56-430,48.24,,3000,85,4,10,2011,신규,26.09~28.09,,,,,
화곡동,202608,연립다세대_전월세,홍익빌라,화곡동,154-9,78,,19000,20,2,7,1995,갱신,26.08~28.08,19400.0,,,,
화곡동,202608,연립다세대_전월세,화종빌라,화곡동,396-23,64.06,,12000,40,1,4,1997,신규,26.08~28.08,,,,,
화곡동,202608,연립다세대_전월세,성옥하이츠빌라가동,화곡동,1113-19,67.17,,25000,0,1,8,1992,신규,26.08~31.08,,,,,
화곡동,202608,연립다세대_전월세,경한빌라(56-644),화곡동,56-644,69.97,,12000,0,-1,10,1991,신규,26.08~28.08,,,,,
화곡동,202608,연립다세대_전월세,중앙빌라,화곡동,867-51,56.12,,16700,0,3,10,2003,갱신,26.08~28.08,17600.0,,,,
염창동,202608,연립다세대_전월세,리치웰강서101동,염창동,266-1,42.59,,29000,0,4,8,2018,신규,26.10~28.10,,,,,
공항동,202608,연립다세대_전월세,마곡대림밸리,공항동,673-10,27.19,,19270,0,6,5,2019,갱신,26.08~28.08,19270.0,,사용,,
화곡동,202608,연립다세대_전월세,클레식뷰B동(55-73),화곡동,55-73,62.31,,17000,28,3,4,2002,신규,26.09~28.09,,,,,
가양동,202608,연립다세대_전월세,아트리버빌,가양동,146-19,27.18,,21870,0,2,3,2016,신규,26.08~28.10,,,,,
화곡동,202608,연립다세대_전월세,현대빌라가동(748-25),화곡동,748-25,62.86,,10400,22,-1,7,2000,신규,26.09~28.09,,,,,
등촌동,202608,연립다세대_전월세,제니스알앤시빌,등촌동,532-3,27.57,,23560,15,3,8,2016,신규,26.10~28.10,,,,,
화곡동,202608,연립다세대_전월세,대호골든빌라,화곡동,772-3,59.19,,10000,0,-1,8,1991,신규,26.09~28.09,,,,,
화곡동,202608,연립다세대_전월세,현대빌라가동(748-25),화곡동,748-25,62.86,,17700,0,4,5,2000,갱신,26.09~28.09,17700.0,,,,
화곡동,202608,연립다세대_전월세,정현빌라(98-39),화곡동,98-39,58.95,,17850,0,2,9,2001,갱신,26.09~28.09,17850.0,,사용,,
화곡동,202608,연립다세대_전월세,파크트라움,화곡동,1010-7,49.39,,18390,15,2,7,2008,신규,26.10~28.10,,,,,
화곡동,202608,연립다세대_전월세,까치산팔라이스,화곡동,430-10,29.91,,16100,20,1,8,2015,신규,26.09~28.09,,,,,
화곡동,202608,연립다세대_전월세,혜성팰리스빌(392-31),화곡동,392-31,27.68,,13860,15,3,9,2014,갱신,26.08~28.08,13860.0,15.0,,,
화곡동,202608,연립다세대_전월세,다솜빌라트(789-12),화곡동,789-12,44.2,,16000,0,5,8,2001,신규,26.08~27.04,,,,,
화곡동,202608,연립다세대_전월세,상재아트빌,화곡동,820-17,59.99,,3000,75,2,7,2003,갱신,26.08~28.08,3000.0,75.0,,,
방화동,202608,연립다세대_전월세,하얀집,방화동,645-20,20.72,,1000,53,3,7,2019,갱신,26.09~28.09,1000.0,50.0,,,
화곡동,202608,연립다세대_전월세,애플하우스,화곡동,881-1,28.91,,5000,70,4,7,2014,신규,26.08~28.08,,,,,
화곡동,202608,연립다세대_전월세,강성그린빌라,화곡동,372-93,39.96,,1000,65,3,7,1994,신규,26.08~28.08,,,,,
화곡동,202608,연립다세대_전월세,수명빌,화곡동,1074-6,29.77,,3000,73,2,1,2020,갱신,26.08~28.08,3000.0,69.0,,,
내발산동,202608,연립다세대_전월세,DH647,내발산동,647,45.76,,70000,40,10,7,2023,신규,26.11~28.11,,,,,
화곡동,202608,연립다세대_전월세,지온아트빌,화곡동,111-111,29.92,,17130,10,2,7,2016,신규,26.08~28.08,,,,,
화곡동,202608,연립다세대_전월세,미소빌,화곡동,1036-1,27.79,,19300,0,5,1,2018,갱신,26.09~28.09,19300.0,,사용,,
화곡동,202608,연립다세대_전월세,대성탑스빌(152-16),화곡동,152-16,62.94,,19100,20,1,7,2007,신규,26.09~28.09,,,,,
화곡동,202608,연립다세대_전월세,엘펠리스,화곡동,24-44,22.13,,3000,75,5,6,2022,신규,26.08~27.08,,,,,
화곡동,202608,연립다세대_전월세,황제2차,화곡동,805-8,36.9,,6000,40,1,7,1991,신규,26.08~28.08,,,,,
공항동,202608,연립다세대_전월세,공항빌리지(66-34),공항동,66-34,29.6,,11025,0,3,6,2015,신규,26.09~28.09,,,,,
염창동,202608,연립다세대_전월세,우성,염창동,276-1,55.68,,13000,30,2,3,1983,신규,26.08~28.08,,,,,
화곡동,202608,연립다세대_전월세,진성하이츠빌라,화곡동,927-7,40.6,,11500,0,2,7,1991,갱신,26.08~28.08,12000.0,,,,
방화동,202608,연립다세대_전월세,제이스빌,방화동,592-103,26.36,,90,90,3,7,2022,신규,26.08~26.10,,,,,
화곡동,202608,연립다세대_전월세,화곡동다세대주택,화곡동,409-136,24.75,,6900,10,3,6,2003,신규,26.08~28.08,,,,,
화곡동,202608,연립다세대_전월세,세림팰리체,화곡동,346-9,29.9,,15600,20,1,4,2016,갱신,26.09~28.09,15600.0,10.0,,,
화곡동,202608,연립다세대_전월세,화곡동다세대주택,화곡동,1033-41,38.25,,10000,55,2,6,2002,신규,26.09~28.09,,,,,
공항동,202608,연립다세대_전월세,청도맨션가동,공항동,35,63.472,,23000,0,1,6,2001,갱신,26.09~28.09,23000.0,,,,
화곡동,202608,연립다세대_전월세,사랑빌라,화곡동,394-13,55.9,,13400,18,1,6,1991,갱신,26.09~28.09,13400.0,15.0,사용,,
화곡동,202608,연립다세대_전월세,수정하이빌(56-483),화곡동,56-483,51.37,,13000,33,3,5,2002,갱신,26.08~28.08,13000.0,28.0,,,
화곡동,202608,연립다세대_전월세,동도주택,화곡동,371-40,57.42,,10700,0,-1,1,1996,신규,26.08~28.08,,,,,
화곡동,202608,연립다세대_전월세,공간지음102,화곡동,102-298,29.69,,23500,0,4,6,2021,신규,26.09~28.09,,,,,
화곡동,202608,연립다세대_전월세,올라루즈,화곡동,821-26,25.19,,20900,10,6,4,2022,신규,26.09~28.09,,,,,
등촌동,202608,연립다세대_전월세,예지움,등촌동,365-7,30,,18375,20,4,6,2015,갱신,26.09~28.09,17500.0,20.0,사용,,
내발산동,202608,연립다세대_전월세,Lee's빌2차,내발산동,675-22,14.72,,6600,0,5,6,2010,갱신,26.08~28.08,6400.0,,,,
방화동,202608,연립다세대_전월세,정장훈건물,방화동,575-14,22.84,,1500,40,3,6,2012,갱신,26.08~28.08,2000.0,35.0,,,
화곡동,202608,연립다세대_전월세,월드맨션,화곡동,488-48,61.53,,15000,0,2,6,1997,신규,26.09~28.08,,,,,
화곡동,202608,연립다세대_전월세,승현베스트빌,화곡동,352-36,40.35,,12170,20,2,6,2002,갱신,26.10~28.10,12200.0,20.0,,,
등촌동,202608,연립다세대_전월세,서우하이빌,등촌동,365-175,27.03,,19900,26,5,6,2018,갱신,26.09~28.09,19900.0,22.0,,,
화곡동,202608,연립다세대_전월세,인터시티빌라C동(457-8),화곡동,457-8,60.21,,17500,0,1,6,2008,신규,26.09~28.09,,,,,
화곡동,202608,연립다세대_전월세,삼성가우스빌(61-52),화곡동,61-52,46.65,,19500,0,3,6,2010,갱신,26.08~28.08,21500.0,,,,
화곡동,202608,연립다세대_전월세,제이투리더스,화곡동,359-94,24.49,,18500,15,2,5,2023,신규,26.09~28.09,,,,,
화곡동,202608,연립다세대_전월세,더스위트(73-78),화곡동,73-78,29.5,,24300,0,4,4,2022,신규,26.09~28.09,,,,,
화곡동,202608,연립다세대_전월세,웰빙라이프(155-6),화곡동,155-6,39.68,,14200,4,3,5,2011,갱신,26.08~27.11,14350.0,,,,
방화동,202608,연립다세대_전월세,정진,방화동,583-45,36.54,,11000,20,2,4,1990,신규,26.10~28.10,,,,,
화곡동,202608,연립다세대_전월세,우성빌라,화곡동,410-24,60.02,,5000,45,-1,5,1991,신규,26.09~28.09,,,,,
화곡동,202608,연립다세대_전월세,(788-28),화곡동,788-28,37.92,,10700,15,2,1,1986,신규,26.08~28.08,,,,,
공항동,202608,연립다세대_전월세,영성빌(1365-13),공항동,1365-13,29.75,,13650,6,4,1,2015,갱신,26.08~28.08,13650.0,3.0,,,
화곡동,202608,연립다세대_전월세,빌라앤(424-55),화곡동,424-55,42.75,,21500,0,2,4,2014,갱신,26.09~28.09,20000.0,,,,
등촌동,202608,연립다세대_전월세,719,등촌동,719,40.85,,28000,15,6,5,2015,갱신,26.09~28.09,25000.0,15.0,,,
화곡동,202608,연립다세대_전월세,삼정파크뷰,화곡동,841-15,29.98,,15300,0,4,2,2012,갱신,26.09~28.09,15300.0,,사용,,
공항동,202608,연립다세대_전월세,위하우스B,공항동,675-7,27.12,,24000,0,6,3,2021,신규,26.08~28.08,,,,,
공항동,202608,연립다세대_전월세,아이디움,공항동,22-52,39.27,,22800,0,4,3,2016,신규,26.08~28.08,,,,,
화곡동,202608,연립다세대_전월세,라피아노,화곡동,452-11,24.3,,20000,0,6,1,2022,신규,26.08~28.08,,,,,
화곡동,202608,연립다세대_전월세,유로빌(970-13),화곡동,970-13,39.9,,10500,0,1,1,2002,갱신,26.09~28.09,10500.0,,,,
방화동,202608,연립다세대_전월세,오누리빌,방화동,574-6,59.38,,21600,9,2,4,2014,갱신,26.08~27.08,21600.0,5.0,,,
화곡동,202608,연립다세대_전월세,(772-58),화곡동,772-58,39.06,,19000,0,1,1,2018,신규,26.09~28.09,,,,,
화곡동,202608,연립다세대_전월세,로얄하이츠빌라,화곡동,24-331,59.91,,500,43,1,3,1994,갱신,26.08~28.08,500.0,48.0,,,
방화동,202608,연립다세대_전월세,마곡누리,방화동,256-2,19.11,,24100,15,11,3,2022,신규,26.09~28.09,,,,,
화곡동,202608,연립다세대_전월세,호성탑스빌(409-119),화곡동,409-119,20.67,,5500,10,4,1,2002,신규,26.08~28.08,,,,,
화곡동,202608,연립다세대_전월세,거성맨션,화곡동,111-123,80.24,,5000,110,4,1,1996,신규,26.10~28.10,,,,,
화곡동,202608,연립다세대_전월세,(29-171),화곡동,29-171,28.6,,15500,0,3,1,2020,신규,26.08~28.08,,,,,
등촌동,202608,연립다세대_전월세,이노셀(365-6),등촌동,365-6,20.8,,1000,51,3,1,2015,신규,26.08~28.07,,,,,
화곡동,202608,아파트_전월세,행복타운2(914-17),화곡동,914-17,15.34,,5700,0,9,7,2012,,,,,,,
마곡동,202608,아파트_전월세,마곡엠밸리6단지,마곡동,743,59.79,,22636,0,12,10,2014,갱신,26.09~28.08,21559.0,,,,
마곡동,202608,아파트_전월세,마곡삼성아파트,마곡동,1478,84.92,,53000,0,1,11,1998,신규,26.10~28.10,,,,,
마곡동,202608,아파트_전월세,마곡엠밸리6단지,마곡동,743,84.88,,27101,0,1,12,2014,갱신,26.09~28.08,25811.0,,,,
마곡동,202608,아파트_전월세,마곡엠밸리6단지,마곡동,743,59.79,,13112,2,7,12,2014,갱신,26.09~28.08,6224.0,40.0,,,
마곡동,202608,아파트_전월세,마곡엠밸리1단지,마곡동,734,49.77,,6224,40,6,11,2014,갱신,26.09~28.08,6224.0,40.0,,,
마곡동,202608,아파트_전월세,마곡엠밸리6단지,마곡동,743,59.95,,13112,2,2,11,2014,갱신,26.09~28.08,6224.0,40.0,,,
마곡동,202608,아파트_전월세,마곡엠밸리7단지,마곡동,743-4,84.86,,27101,0,7,11,2014,갱신,26.09~28.08,25811.0,,,,
등촌동,202608,아파트_전월세,주공3,등촌동,688,58.14,,5000,150,8,12,1995,신규,26.10~28.10,,,,,
방화동,202608,아파트_전월세,방화그린,방화동,839,24.05,,19950,0,12,4,1993,갱신,26.09~28.09,19000.0,,사용,,
내발산동,202608,아파트_전월세,우장산힐스테이트,내발산동,657,84.98,,76500,0,7,7,2005,갱신,26.10~28.10,74000.0,,사용,,
염창동,202608,아파트_전월세,염창3우성,염창동,272-28,84.96,,60000,0,9,12,1993,갱신,26.11~28.11,59000.0,,사용,,
화곡동,202608,아파트_전월세,강서힐스테이트,화곡동,1165,84.99,,78700,0,19,12,2015,갱신,26.09~28.09,75000.0,,사용,,
화곡동,202608,아파트_전월세,한백e타운(46-219),화곡동,46-219,58.11,,17000,10,3,12,2002,신규,26.08~28.08,,,,,
마곡동,202608,아파트_전월세,마곡엠밸리3단지,마곡동,736,114.86,,80000,80,1,3,2014,신규,26.10~28.10,,,,,
화곡동,202608,아파트_전월세,강서동도센트리움,화곡동,1161,14.677,,9220,3,4,12,2012,갱신,26.08~28.08,9220.0,3.0,,,
마곡동,202608,아파트_전월세,마곡엠밸리5단지,마곡동,740,84.6,,27101,0,4,11,2014,갱신,26.09~28.08,25811.0,,,,
마곡동,202608,아파트_전월세,마곡엠밸리7단지,마곡동,743-4,59.79,,22636,0,8,12,2014,갱신,26.09~28.08,21559.0,,,,
마곡동,202608,아파트_전월세,마곡엠밸리7단지,마곡동,743-4,59.79,,22636,0,5,11,2014,갱신,26.09~28.08,21559.0,,,,
마곡동,202608,아파트_전월세,마곡엠밸리6단지,마곡동,743,84.84,,27101,0,11,11,2014,갱신,26.09~28.08,25811.0,,,,
마곡동,202608,아파트_전월세,마곡엠밸리7단지,마곡동,743-4,84.79,,27101,0,8,11,2014,갱신,26.09~28.08,27101.0,,,,
마곡동,202608,아파트_전월세,마곡엠밸리6단지,마곡동,743,59.79,,22636,0,6,11,2014,갱신,26.09~28.08,21559.0,,,,
마곡동,202608,아파트_전월세,마곡엠밸리2단지,마곡동,735,114.86,,29227,0,3,10,2014,갱신,26.09~28.08,27836.0,,,,
마곡동,202608,아파트_전월세,마곡엠밸리3단지,마곡동,736,84.91,,25826,0,14,10,2014,갱신,26.09~28.08,24597.0,,,,
방화동,202608,아파트_전월세,마곡서광(치현마을),방화동,860,59.67,,6000,100,14,12,1998,신규,26.10~28.10,,,,,
내발산동,202608,아파트_전월세,우장산힐스테이트,내발산동,657,84.98,,78700,0,14,12,2005,갱신,26.08~28.08,75000.0,,사용,,
화곡동,202608,아파트_전월세,한울에이치밸리움B동,화곡동,1065-2,22.81,,19250,5,3,12,2019,갱신,26.08~28.08,20250.0,,,,
마곡동,202608,아파트_전월세,마곡13단지힐스테이트마스터,마곡동,748,59.9825,,79500,0,4,10,2017,신규,26.10~28.10,,,,,
내발산동,202608,아파트_전월세,마곡수명산파크3단지,내발산동,751,84.53,,10000,185,3,11,2007,갱신,26.10~28.10,10000.0,150.0,사용,,
염창동,202608,아파트_전월세,아네스트염창,염창동,310,21.27,,15000,50,12,7,2019,신규,26.10~28.10,,,,,
화곡동,202608,아파트_전월세,강서힐스테이트,화곡동,1165,84.99,,80000,0,12,12,2015,갱신,26.08~28.08,80000.0,,사용,,
마곡동,202608,아파트_전월세,마곡엠밸리6단지,마곡동,743,59.79,,22636,0,3,10,2014,갱신,26.09~28.08,21559.0,,,,
화곡동,202608,아파트_전월세,오복뜨란체,화곡동,1021-7,77.99,,35000,0,5,12,2007,신규,26.10~28.10,,,,,
마곡동,202608,아파트_전월세,마곡엠밸리3단지,마곡동,736,59.79,,21574,0,4,10,2014,갱신,26.09~28.08,20547.0,,,,
방화동,202608,아파트_전월세,신마곡벽산블루밍,방화동,904,72.8607,,55000,0,6,11,2020,신규,26.09~29.05,,,,,
등촌동,202608,아파트_전월세,주공5,등촌동,695,37.67,,20800,0,4,7,1995,갱신,26.08~27.08,20800.0,,,,
마곡동,202608,아파트_전월세,마곡13단지힐스테이트마스터,마곡동,748,84.9805,,88000,0,8,8,2017,갱신,26.09~28.09,80000.0,,,,
염창동,202608,아파트_전월세,아네스트염창,염창동,310,14.94,,5000,47,10,11,2019,갱신,26.09~28.09,5000.0,47.0,,,
마곡동,202608,아파트_전월세,마곡엠벨리(15단지),마곡동,751,84.5,,80000,40,12,11,2014,신규,26.10~28.10,,,,,
내발산동,202608,아파트_전월세,우장산힐스테이트,내발산동,657,84.98,,65000,100,8,11,2005,갱신,26.10~28.10,60600.0,60.0,,,
마곡동,202608,아파트_전월세,마곡엠벨리(14단지),마곡동,750,84.88,,85000,0,4,10,2014,갱신,26.09~28.09,73000.0,,,,
화곡동,202608,아파트_전월세,우장산역해링턴타워,화곡동,1170,43.04,,8320,57,4,11,2021,신규,26.09~28.09,,,,,
화곡동,202608,아파트_전월세,디아인스(899-19),화곡동,899-19,20.685,,1000,95,11,11,2019,신규,26.09~27.09,,,,,
가양동,202608,아파트_전월세,가양2단지(성지),가양동,1461,39.6,,3000,100,14,11,1992,신규,26.09~28.09,,,,,
등촌동,202608,아파트_전월세,주공3,등촌동,688,58.14,,44100,0,11,8,1995,갱신,26.08~28.08,42000.0,,사용,,
화곡동,202608,아파트_전월세,청담라인씨티,화곡동,920-17,25.74,,3400,64,6,10,2018,신규,26.08~27.08,,,,,
화곡동,202608,아파트_전월세,강서힐스테이트,화곡동,1165,128.81,,105000,0,3,8,2015,갱신,26.10~28.10,91000.0,,,,
화곡동,202608,아파트_전월세,중앙화곡하이츠,화곡동,351-89,56.88,,27000,0,12,6,1988,갱신,26.08~28.08,26000.0,,,,
염창동,202608,아파트_전월세,삼성한아름,염창동,264-27,84.93,,55500,0,14,8,1993,갱신,26.11~28.11,53000.0,,사용,,
화곡동,202608,아파트_전월세,"우장산아이파크,이편한세상",화곡동,1159,84.97,,55000,100,2,1,2008,갱신,26.11~28.11,45000.0,67.0,,,
마곡동,202608,아파트_전월세,마곡엠벨리(15단지),마곡동,751,59.84,,22636,0,15,11,2014,갱신,26.09~28.08,21559.0,,,,
화곡동,202608,아파트_전월세,혜성오피아파트,화곡동,343-49,29.87,,3000,90,9,10,2018,신규,26.08~28.08,,,,,
가양동,202608,아파트_전월세,가양2단지(성지),가양동,1461,39.6,,10000,70,7,8,1992,신규,26.08~28.08,,,,,
화곡동,202608,아파트_전월세,청송평화헬스타워,화곡동,897-1,35.52,,20900,3,11,4,2017,신규,26.09~28.09,,,,,
방화동,202608,아파트_전월세,마곡우촌아파트,방화동,907,28.04,,1000,126,3,11,2022,갱신,26.08~27.08,1000.0,120.0,,,
마곡동,202608,아파트_전월세,마곡엠벨리(15단지),마곡동,751,59.79,,57750,30,14,10,2014,갱신,26.08~28.08,55000.0,30.0,사용,,
마곡동,202608,아파트_전월세,마곡엠밸리2단지,마곡동,735,59.79,,14493,0,8,11,2014,갱신,26.09~28.08,14493.0,,,,
마곡동,202608,아파트_전월세,마곡엠밸리2단지,마곡동,735,84.92,,25826,0,9,11,2014,갱신,26.09~28.08,23426.0,,,,
방화동,202608,아파트_전월세,장미,방화동,841,39.96,,8000,65,12,11,1994,신규,26.08~28.08,,,,,
화곡동,202608,아파트_전월세,초록,화곡동,1139,59.34,,44000,0,2,8,1998,신규,26.10~28.10,,,,,
방화동,202608,아파트_전월세,방화그린,방화동,839,39.76,,30000,0,6,7,1993,신규,26.10~28.10,,,,,
염창동,202608,아파트_전월세,한강동아,염창동,293,59.97,,15000,150,3,11,1998,신규,26.10~28.10,,,,,
방화동,202608,아파트_전월세,마곡 한진해모로,방화동,579,84.93,,53550,0,7,7,2004,갱신,26.08~28.08,51000.0,,사용,,
등촌동,202608,아파트_전월세,주공10,등촌동,702,58.14,,38000,0,8,8,1995,갱신,26.09~28.09,36750.0,,사용,,
마곡동,202608,아파트_전월세,마곡엠밸리6단지,마곡동,743,84.99,,70000,0,5,8,2014,갱신,26.08~28.08,70000.0,,,,
화곡동,202608,아파트_전월세,신도금잔디,화곡동,1138,84.09,,30300,0,7,7,1998,갱신,26.08~28.08,28900.0,,사용,,
등촌동,202608,아파트_전월세,주공5,등촌동,695,58.14,,50000,0,2,7,1995,신규,26.10~28.10,,,,,
가양동,202608,아파트_전월세,가양6단지,가양동,1485,49.5,,34000,0,1,8,1992,신규,26.09~28.09,,,,,
마곡동,202608,아파트_전월세,마곡엠벨리(14단지),마곡동,750,59.79,,21788,0,4,10,2014,갱신,26.09~28.08,20751.0,,,,
화곡동,202608,아파트_전월세,강서힐스테이트,화곡동,1165,84.99,,83000,0,7,7,2015,갱신,26.08~28.08,71000.0,,,,
가양동,202608,아파트_전월세,강변,가양동,1475,39.6,,2000,75,9,11,1992,갱신,26.08~27.08,2000.0,63.0,,,
내발산동,202608,아파트_전월세,우장산힐스테이트,내발산동,657,84.98,,40000,133,14,8,2005,갱신,26.10~28.12,40000.0,58.0,,,
화곡동,202608,아파트_전월세,성재센트리움,화곡동,918-38,28.39,,16600,7,12,10,2016,갱신,26.08~28.08,16600.0,7.0,,,
등촌동,202608,아파트_전월세,주공5,등촌동,695,58.14,,42000,0,1,7,1995,갱신,26.10~28.10,40000.0,,사용,,
마곡동,202608,아파트_전월세,마곡엠밸리6단지,마곡동,743,84.88,,88000,0,3,10,2014,신규,26.08~28.08,,,,,
마곡동,202608,아파트_전월세,마곡엠밸리4단지,마곡동,738,59.79,,22636,0,7,10,2014,갱신,26.09~28.08,21559.0,,,,
등촌동,202608,아파트_전월세,부영,등촌동,691-3,80.64,,38896,0,9,8,1994,갱신,26.08~28.08,37044.0,,,,
등촌동,202608,아파트_전월세,"등촌1,2단지주공아파트",등촌동,687,41.85,,30000,0,5,10,1994,신규,26.12~28.12,,,,,
마곡동,202608,아파트_전월세,마곡엠밸리7단지,마곡동,743-4,114.86,,94500,0,11,9,2014,갱신,26.10~28.10,90000.0,,사용,,
내발산동,202608,아파트_전월세,마곡수명산파크4단지,내발산동,753,59.76,,7488,12,8,10,2008,갱신,26.09~28.08,4161.0,31.0,,,
등촌동,202608,아파트_전월세,동성,등촌동,691-1,101.88,,47000,115,1,8,1995,신규,26.11~28.11,,,,,
마곡동,202608,아파트_전월세,마곡엠밸리4단지,마곡동,738,59.95,,22636,0,1,11,2014,갱신,26.09~28.08,21559.0,,,,
등촌동,202608,아파트_전월세,주공5,등촌동,695,58.14,,50000,0,13,11,1995,신규,26.11~28.11,,,,,
등촌동,202608,아파트_전월세,주공3,등촌동,688,58.14,,40000,25,4,8,1995,신규,26.10~28.10,,,,,
가양동,202608,아파트_전월세,강나루2현대,가양동,448,114.98,,5000,200,19,10,2001,신규,26.08~28.08,,,,,
마곡동,202608,아파트_전월세,마곡엠밸리2단지,마곡동,735,59.79,,17189,17,7,10,2014,갱신,26.09~28.08,8090.0,52.0,,,
마곡동,202608,아파트_전월세,마곡엠밸리6단지,마곡동,743,49.77,,11662,2,1,10,2014,갱신,26.09~28.08,5381.0,37.0,,,
마곡동,202608,아파트_전월세,마곡엠밸리7단지,마곡동,743-4,84.86,,27101,0,15,10,2014,갱신,26.09~28.08,25811.0,,,,
마곡동,202608,아파트_전월세,마곡엠밸리2단지,마곡동,735,59.79,,10363,23,9,10,2014,갱신,26.09~28.08,6742.0,43.0,,,
마곡동,202608,아파트_전월세,마곡엠밸리7단지,마곡동,743-4,59.79,,22636,0,12,10,2014,갱신,26.09~28.08,21559.0,,,,
마곡동,202608,아파트_전월세,마곡엠밸리7단지,마곡동,743-4,59.79,,13071,4,10,10,2014,갱신,26.09~28.08,5553.0,39.0,,,
마곡동,202608,아파트_전월세,마곡엠밸리7단지,마곡동,743-4,59.79,,22636,0,8,10,2014,갱신,26.09~28.08,21559.0,,,,
마곡동,202608,아파트_전월세,마곡엠밸리6단지,마곡동,743,59.95,,22636,0,2,10,2014,갱신,26.09~28.08,21559.0,,,,
마곡동,202608,아파트_전월세,마곡엠밸리7단지,마곡동,743-4,84.86,,27101,0,6,10,2014,갱신,26.09~28.08,25811.0,,,,
마곡동,202608,아파트_전월세,마곡엠밸리2단지,마곡동,735,59.95,,21574,0,2,10,2014,갱신,26.09~28.08,20547.0,,,,
마곡동,202608,아파트_전월세,마곡엠밸리7단지,마곡동,743-4,59.79,,22636,0,7,10,2014,갱신,26.09~28.08,23714.0,,,,
방화동,202608,아파트_전월세,방화그린,방화동,839,24.05,,167,4,11,10,1993,신규,26.08~28.10,,,,,
공항동,202608,아파트_전월세,공항동부센트레빌,공항동,1374,84.99,,40000,60,4,10,2009,신규,26.09~28.09,,,,,
마곡동,202608,아파트_전월세,마곡엠밸리6단지,마곡동,743,84.74,,27101,0,10,10,2014,갱신,26.09~28.08,25811.0,,,,
마곡동,202608,아파트_전월세,마곡엠밸리1단지,마곡동,734,59.95,,11807,19,2,10,2014,갱신,26.09~28.08,7230.0,45.0,,,
마곡동,202608,아파트_전월세,마곡엠밸리2단지,마곡동,735,59.79,,8090,52,4,10,2014,갱신,26.09~28.08,8090.0,52.0,,,
마곡동,202608,아파트_전월세,마곡엠밸리7단지,마곡동,743-4,84.86,,27101,0,5,10,2014,갱신,26.09~28.08,25811.0,,,,
마곡동,202608,아파트_전월세,마곡엠밸리7단지,마곡동,743-4,84.79,,27101,0,6,10,2014,갱신,26.09~28.08,25811.0,,,,
가양동,202608,아파트_전월세,대림경동아파트,가양동,1474,131.4,,20000,165,1,8,1993,신규,26.10~28.10,,,,,
화곡동,202608,아파트_전월세,강서힐스테이트,화곡동,1165,59.99,,65000,0,2,8,2015,갱신,26.09~28.09,57000.0,,,,
등촌동,202608,아파트_전월세,대림e편한세상,등촌동,561-1,75.64,,61000,0,11,9,2002,신규,26.10~28.10,,,,,
마곡동,202608,아파트_전월세,마곡엠밸리7단지,마곡동,743-4,84.55,,61000,75,14,6,2014,갱신,26.08~28.08,61000.0,60.0,사용,,
마곡동,202608,아파트_전월세,마곡엠벨리(14단지),마곡동,750,84.93,,48142,0,1,10,2014,갱신,26.09~28.08,45850.0,,,,
염창동,202608,아파트_전월세,삼성한마음,염창동,244-2,59.94,,36456,0,5,10,1995,갱신,26.09~28.09,34720.0,,사용,,
염창동,202608,아파트_전월세,센터스퀘어등촌,염창동,312,18.24,,2794,9,18,10,2020,갱신,26.09~28.08,2794.0,9.0,,,
마곡동,202608,아파트_전월세,마곡엠밸리6단지,마곡동,743,59.96,,10357,17,8,10,2014,갱신,26.09~28.08,6224.0,40.0,,,
마곡동,202608,아파트_전월세,마곡엠밸리6단지,마곡동,743,59.79,,22636,0,10,10,2014,갱신,26.09~28.08,21559.0,,,,
마곡동,202608,아파트_전월세,마곡엠밸리4단지,마곡동,738,59.79,,22636,0,15,10,2014,갱신,26.09~28.08,21559.0,,,,
마곡동,202608,아파트_전월세,마곡엠밸리1단지,마곡동,734,59.95,,11365,22,1,10,2014,갱신,26.09~28.08,7230.0,45.0,,,
화곡동,202608,아파트_전월세,강서힐스테이트,화곡동,1165,84.99,,82000,0,10,5,2015,갱신,26.10~28.10,70000.0,,,,
내발산동,202608,아파트_전월세,마곡수명산파크5단지,내발산동,749,49.97,,6719,11,5,10,2008,갱신,26.09~28.08,3754.0,28.0,,,
마곡동,202608,아파트_전월세,마곡엠벨리(15단지),마곡동,751,59.84,,34321,0,1,10,2014,갱신,26.09~28.08,32687.0,,,,
내발산동,202608,아파트_전월세,우장산힐스테이트,내발산동,657,59.98,,50000,50,7,10,2005,신규,26.08~28.08,,,,,
마곡동,202608,아파트_전월세,마곡삼성아파트,마곡동,1478,59.97,,37800,0,9,1,1998,갱신,26.08~28.07,36000.0,,사용,,
마곡동,202608,아파트_전월세,마곡엠벨리(15단지),마곡동,751,59.84,,22636,0,3,10,2014,갱신,26.09~28.08,21559.0,,,,
가양동,202608,아파트_전월세,가양6단지,가양동,1485,49.5,,35000,0,6,8,1992,신규,26.09~28.09,,,,,
마곡동,202608,아파트_전월세,마곡엠밸리6단지,마곡동,743,84.74,,27101,0,7,10,2014,갱신,26.09~28.08,25811.0,,,,
마곡동,202608,아파트_전월세,마곡엠밸리2단지,마곡동,735,59.52,,21574,0,10,10,2014,갱신,26.09~28.08,21574.0,,,,
내발산동,202608,아파트_전월세,마곡수명산파크5단지,내발산동,749,49.97,,3754,28,8,10,2008,갱신,26.09~28.08,3754.0,28.0,,,
마곡동,202608,아파트_전월세,마곡엠벨리(14단지),마곡동,750,84.5,,20000,214,12,8,2014,갱신,26.09~28.09,20000.0,200.0,사용,,
마곡동,202608,아파트_전월세,마곡엠밸리6단지,마곡동,743,84.74,,27101,0,9,10,2014,갱신,26.09~28.08,25811.0,,,,
방화동,202608,아파트_전월세,방화그린,방화동,839,33.6,,21000,0,15,3,1993,갱신,26.08~28.08,20000.0,,,,
마곡동,202608,아파트_전월세,마곡엠밸리7단지,마곡동,743-4,84.79,,27101,0,2,10,2014,갱신,26.09~28.08,25811.0,,,,
마곡동,202608,아파트_전월세,마곡엠밸리2단지,마곡동,735,84.47,,25826,0,9,10,2014,갱신,26.09~28.08,24597.0,,,,
마곡동,202608,아파트_전월세,마곡엠밸리6단지,마곡동,743,84.74,,27101,0,12,10,2014,갱신,26.09~28.08,25811.0,,,,
방화동,202608,아파트_전월세,방화4단지,방화동,831,100.35,,69000,0,6,8,1994,신규,26.10~28.10,,,,,
등촌동,202608,아파트_전월세,등촌동아이파크,등촌동,715,84.9958,,66000,0,9,8,2004,갱신,26.08~28.08,63000.0,,,,
마곡동,202608,아파트_전월세,마곡엠벨리(15단지),마곡동,751,59.94,,13581,2,14,10,2014,갱신,26.09~28.08,6412.0,42.0,,,
마곡동,202608,아파트_전월세,마곡엠밸리3단지,마곡동,736,59.79,,21574,0,7,10,2014,갱신,26.09~28.08,20547.0,,,,
방화동,202608,아파트_전월세,방화5,방화동,814,39.6,,1500,100,2,6,1994,신규,26.11~28.11,,,,,
가양동,202608,아파트_전월세,가양2단지(성지),가양동,1461,49.56,,40000,0,6,8,1992,갱신,26.08~28.08,40000.0,,,,
마곡동,202608,아파트_전월세,마곡엠밸리6단지,마곡동,743,59.79,,22636,0,15,9,2014,갱신,26.09~28.08,21559.0,,,,
마곡동,202608,아파트_전월세,마곡엠밸리3단지,마곡동,736,59.79,,3542,52,7,9,2014,갱신,26.09~28.08,7242.0,44.0,,,
마곡동,202608,아파트_전월세,마곡엠밸리6단지,마곡동,743,84.84,,27101,0,8,8,2014,갱신,26.09~28.08,25811.0,,,,
마곡동,202608,아파트_전월세,마곡엠밸리7단지,마곡동,743-4,59.79,,22636,0,9,9,2014,갱신,26.09~28.08,21559.0,,,,
마곡동,202608,아파트_전월세,마곡엠밸리6단지,마곡동,743,59.79,,22636,0,3,8,2014,갱신,26.09~28.08,21559.0,,,,
마곡동,202608,아파트_전월세,마곡엠밸리6단지,마곡동,743,59.79,,10357,17,9,10,2014,갱신,26.09~28.08,6224.0,40.0,,,
마곡동,202608,아파트_전월세,마곡엠밸리3단지,마곡동,736,59.9,,13917,7,9,7,2014,갱신,26.09~28.08,7242.0,44.0,,,
방화동,202608,아파트_전월세,힐스테이트신방화역,방화동,908,59.9652,,53700,0,14,10,2022,갱신,26.09~28.09,53700.0,,사용,,
마곡동,202608,아파트_전월세,마곡엠밸리6단지,마곡동,743,59.79,,22636,0,13,10,2014,갱신,26.09~28.08,21559.0,,,,
마곡동,202608,아파트_전월세,마곡엠밸리7단지,마곡동,743-4,84.79,,27101,0,5,10,2014,갱신,26.09~28.08,25811.0,,,,
마곡동,202608,아파트_전월세,마곡엠밸리6단지,마곡동,743,84.84,,27101,0,3,9,2014,갱신,26.09~28.08,25811.0,,,,
마곡동,202608,아파트_전월세,마곡엠밸리7단지,마곡동,743-4,84.79,,27101,0,2,8,2014,갱신,26.09~28.08,25811.0,,,,
방화동,202608,아파트_전월세,청솔,방화동,832,49.2,,36750,0,14,8,1994,갱신,26.08~28.08,35000.0,,사용,,
마곡동,202608,아파트_전월세,마곡엠밸리5단지,마곡동,740,84.6,,27101,0,5,7,2014,갱신,26.09~28.08,25811.0,,,,
마곡동,202608,아파트_전월세,마곡엠밸리2단지,마곡동,735,59.79,,11173,19,12,7,2014,갱신,26.09~28.08,6742.0,43.0,,,
마곡동,202608,아파트_전월세,마곡엠밸리6단지,마곡동,743,59.79,,22636,0,5,7,2014,갱신,26.09~28.08,21559.0,,,,
마곡동,202608,아파트_전월세,마곡엠밸리7단지,마곡동,743-4,84.86,,27101,0,6,8,2014,갱신,26.09~28.08,25811.0,,,,
마곡동,202608,아파트_전월세,마곡엠밸리7단지,마곡동,743-4,59.79,,22636,0,3,7,2014,갱신,26.09~28.08,22636.0,,,,
마곡동,202608,아파트_전월세,마곡엠밸리7단지,마곡동,743-4,84.95,,27101,0,8,8,2014,갱신,26.09~28.08,25811.0,,,,
마곡동,202608,아파트_전월세,마곡엠밸리2단지,마곡동,735,114.86,,29227,0,5,10,2014,갱신,26.09~28.08,27836.0,,,,
마곡동,202608,아파트_전월세,마곡엠밸리6단지,마곡동,743,84.88,,27101,0,12,9,2014,갱신,26.09~28.08,25811.0,,,,
마곡동,202608,아파트_전월세,마곡엠밸리7단지,마곡동,743-4,59.79,,22636,0,5,10,2014,갱신,26.09~28.08,21559.0,,,,
마곡동,202608,아파트_전월세,마곡엠밸리6단지,마곡동,743,59.96,,9530,22,3,9,2014,갱신,26.09~28.08,6224.0,40.0,,,
마곡동,202608,아파트_전월세,마곡엠밸리7단지,마곡동,743-4,84.79,,27101,0,8,7,2014,갱신,26.09~28.08,25811.0,,,,
마곡동,202608,아파트_전월세,마곡엠밸리7단지,마곡동,743-4,59.83,,22636,0,14,7,2014,갱신,26.09~28.08,22636.0,,,,
마곡동,202608,아파트_전월세,마곡엠밸리7단지,마곡동,743-4,59.79,,22636,0,8,7,2014,갱신,26.09~28.08,21559.0,,,,
마곡동,202608,아파트_전월세,마곡엠밸리1단지,마곡동,734,49.77,,10368,17,1,7,2014,갱신,26.09~28.08,6224.0,40.0,,,
마곡동,202608,아파트_전월세,마곡엠밸리6단지,마곡동,743,84.88,,27101,0,15,9,2014,갱신,26.09~28.08,25811.0,,,,
마곡동,202608,아파트_전월세,마곡엠밸리7단지,마곡동,743-4,84.79,,27101,0,3,7,2014,갱신,26.09~28.08,25811.0,,,,
마곡동,202608,아파트_전월세,마곡엠밸리6단지,마곡동,743,59.79,,22636,0,4,7,2014,갱신,26.09~28.08,21559.0,,,,
마곡동,202608,아파트_전월세,마곡엠밸리6단지,마곡동,743,49.77,,5381,37,5,7,2014,갱신,26.09~28.08,5381.0,37.0,,,
마곡동,202608,아파트_전월세,마곡엠밸리6단지,마곡동,743,84.88,,27101,0,5,7,2014,갱신,26.09~28.08,27101.0,,,,
마곡동,202608,아파트_전월세,마곡엠벨리(15단지),마곡동,751,59.79,,23767,0,6,10,2014,갱신,26.09~28.08,22636.0,,,,
염창동,202608,아파트_전월세,금호타운,염창동,240-32,59.88,,53000,0,13,8,1999,신규,26.09~28.09,,,,,
마곡동,202608,아파트_전월세,마곡엠밸리6단지,마곡동,743,84.88,,27101,0,13,10,2014,갱신,26.09~28.08,25811.0,,,,
마곡동,202608,아파트_전월세,마곡엠밸리6단지,마곡동,743,59.79,,22636,0,13,9,2014,갱신,26.09~28.08,21559.0,,,,
마곡동,202608,아파트_전월세,마곡엠밸리6단지,마곡동,743,59.79,,22636,0,3,9,2014,갱신,26.09~28.08,21559.0,,,,
마곡동,202608,아파트_전월세,마곡엠밸리2단지,마곡동,735,114.86,,29227,0,6,8,2014,갱신,26.09~28.08,27836.0,,,,
마곡동,202608,아파트_전월세,마곡엠밸리2단지,마곡동,735,84.92,,25826,0,12,7,2014,갱신,26.09~28.08,24597.0,,,,
마곡동,202608,아파트_전월세,마곡엠밸리7단지,마곡동,743-4,59.79,,22636,0,10,7,2014,갱신,26.09~28.08,21559.0,,,,
마곡동,202608,아파트_전월세,마곡엠밸리3단지,마곡동,736,49.77,,10202,17,5,7,2014,갱신,26.09~28.08,6151.0,40.0,,,
마곡동,202608,아파트_전월세,마곡엠밸리3단지,마곡동,736,49.77,,10202,17,6,7,2014,갱신,26.09~28.08,6151.0,40.0,,,
방화동,202608,아파트_전월세,청솔,방화동,832,39.36,,20000,55,11,10,1994,신규,26.10~28.10,,,,,
마곡동,202608,아파트_전월세,마곡엠밸리6단지,마곡동,743,59.79,,22636,0,6,9,2014,갱신,26.09~28.08,21559.0,,,,
마곡동,202608,아파트_전월세,마곡엠밸리2단지,마곡동,735,114.86,,29227,0,13,7,2014,갱신,26.09~28.08,27836.0,,,,
마곡동,202608,아파트_전월세,마곡엠밸리6단지,마곡동,743,59.79,,22636,0,12,7,2014,갱신,26.09~28.08,21559.0,,,,
마곡동,202608,아파트_전월세,마곡엠밸리2단지,마곡동,735,59.52,,21574,0,7,7,2014,갱신,26.09~28.08,20547.0,,,,
화곡동,202608,아파트_전월세,우장산역해링턴타워,화곡동,1170,23.68,,5680,40,9,7,2021,신규,26.09~28.09,,,,,
가양동,202608,아파트_전월세,가양6단지,가양동,1485,49.5,,40425,0,5,8,1992,갱신,26.08~28.08,38500.0,,사용,,
마곡동,202608,아파트_전월세,마곡엠밸리2단지,마곡동,735,84.92,,25826,0,11,7,2014,갱신,26.09~28.08,24597.0,,,,
마곡동,202608,아파트_전월세,마곡엠밸리2단지,마곡동,735,59.83,,21574,0,5,7,2014,갱신,26.09~28.08,20547.0,,,,
화곡동,202608,아파트_전월세,우장산역해링턴타워,화곡동,1170,43.79,,8320,56,11,7,2021,갱신,26.10~28.10,8320.0,53.0,,,
염창동,202608,아파트_전월세,아네스트염창,염창동,310,14.94,,10000,26,11,7,2019,신규,26.10~28.10,,,,,
마곡동,202608,아파트_전월세,마곡엠밸리2단지,마곡동,735,84.92,,25826,0,5,10,2014,갱신,26.09~28.08,24597.0,,,,
마곡동,202608,아파트_전월세,마곡엠밸리5단지,마곡동,740,84.95,,27101,0,8,10,2014,갱신,26.09~28.08,27101.0,,,,
마곡동,202608,아파트_전월세,마곡엠밸리2단지,마곡동,735,49.77,,2275,45,4,10,2014,갱신,26.09~28.08,5689.0,38.0,,,
마곡동,202608,아파트_전월세,마곡엠밸리6단지,마곡동,743,84.84,,29811,0,5,10,2014,갱신,26.09~28.08,25811.0,,,,
등촌동,202608,아파트_전월세,등촌동아이파크,등촌동,715,165.8299,,30000,300,13,8,2004,신규,26.10~28.10,,,,,
마곡동,202608,아파트_전월세,마곡엠밸리6단지,마곡동,743,59.79,,22636,0,8,10,2014,갱신,26.09~28.08,21559.0,,,,
마곡동,202608,아파트_전월세,마곡엠밸리2단지,마곡동,735,84.92,,25826,0,7,10,2014,갱신,26.09~28.08,24597.0,,,,
방화동,202608,아파트_전월세,방화그린,방화동,839,30.66,,214,5,6,10,1993,신규,26.08~28.10,,,,,
가양동,202608,아파트_전월세,가양강나루현대,가양동,448-1,59.76,,50000,9,15,8,1999,갱신,26.09~28.09,50000.0,,사용,,
내발산동,202608,아파트_전월세,센터스퀘어발산,내발산동,767,43.97,,3000,135,4,6,2025,신규,26.10~28.10,,,,,
방화동,202608,아파트_전월세,방화5,방화동,814,49.77,,43000,0,13,9,1994,신규,26.11~28.11,,,,,
마곡동,202608,아파트_전월세,마곡엠밸리3단지,마곡동,736,59.79,,21574,0,11,7,2014,갱신,26.09~28.08,20547.0,,,,
마곡동,202608,아파트_전월세,마곡엠벨리(15단지),마곡동,751,59.79,,22636,0,7,8,2014,갱신,26.09~28.08,21559.0,,,,
마곡동,202608,아파트_전월세,마곡엠밸리6단지,마곡동,743,59.79,,22636,0,6,7,2014,갱신,26.09~28.08,21559.0,,,,
마곡동,202608,아파트_전월세,마곡엠벨리(14단지),마곡동,750,84.93,,48142,0,1,7,2014,갱신,26.09~28.08,45850.0,,,,
마곡동,202608,아파트_전월세,마곡엠밸리7단지,마곡동,743-4,84.79,,27101,0,10,10,2014,갱신,26.09~28.08,25811.0,,,,
마곡동,202608,아파트_전월세,마곡엠밸리6단지,마곡동,743,84.88,,27101,0,1,10,2014,갱신,26.09~28.08,25811.0,,,,
마곡동,202608,아파트_전월세,마곡엠밸리5단지,마곡동,740,59.95,,13374,2,1,9,2014,갱신,26.09~28.08,6373.0,41.0,,,
방화동,202608,아파트_전월세,방화그린,방화동,839,24.05,,501,6,1,10,1993,신규,26.08~28.10,,,,,
마곡동,202608,아파트_전월세,마곡엠벨리(15단지),마곡동,751,59.79,,23713,0,16,10,2014,갱신,26.09~28.08,22636.0,,,,
마곡동,202608,아파트_전월세,마곡엠벨리(15단지),마곡동,751,84.88,,88000,0,14,6,2014,신규,26.10~28.10,,,,,
내발산동,202608,아파트_전월세,우장산힐스테이트,내발산동,657,59.98,,50000,80,17,8,2005,신규,26.09~28.09,,,,,
마곡동,202608,아파트_전월세,마곡엠밸리6단지,마곡동,743,49.77,,8080,22,8,8,2014,갱신,26.09~28.08,5381.0,37.0,,,
마곡동,202608,아파트_전월세,마곡엠밸리6단지,마곡동,743,59.96,,6224,40,11,7,2014,갱신,26.09~28.08,6224.0,40.0,,,
마곡동,202608,아파트_전월세,마곡엠밸리6단지,마곡동,743,84.88,,27101,0,2,8,2014,갱신,26.09~28.08,25811.0,,,,
마곡동,202608,아파트_전월세,마곡엠밸리3단지,마곡동,736,49.77,,2635,47,10,7,2014,갱신,26.09~28.08,6151.0,40.0,,,
마곡동,202608,아파트_전월세,마곡엠밸리6단지,마곡동,743,59.79,,22636,0,7,7,2014,갱신,26.09~28.08,21559.0,,,,
마곡동,202608,아파트_전월세,마곡엠밸리6단지,마곡동,743,84.88,,27101,0,8,7,2014,갱신,26.09~28.08,25811.0,,,,
마곡동,202608,아파트_전월세,마곡엠밸리4단지,마곡동,738,59.79,,24899,0,13,10,2014,갱신,26.09~28.08,22636.0,,,,
방화동,202608,아파트_전월세,청솔,방화동,832,39.36,,29000,0,9,10,1994,갱신,26.08~28.08,26000.0,,,,
마곡동,202608,아파트_전월세,마곡엠밸리2단지,마곡동,735,114.86,,30688,0,8,10,2014,갱신,26.09~28.08,27836.0,,,,
마곡동,202608,아파트_전월세,마곡엠밸리2단지,마곡동,735,84.92,,25826,0,6,10,2014,갱신,26.09~28.08,24597.0,,,,
마곡동,202608,아파트_전월세,마곡엠밸리7단지,마곡동,743-4,59.79,,5574,39,7,7,2014,갱신,26.09~28.08,5553.0,39.0,,,
등촌동,202608,아파트_전월세,주공10,등촌동,702,58.14,,2000,103,3,7,1995,신규,26.10~27.10,,,,,
가양동,202608,아파트_전월세,강변,가양동,1475,39.6,,30400,0,6,8,1992,갱신,26.08~28.08,29000.0,,사용,,
가양동,202608,아파트_전월세,강변,가양동,1475,39.6,,29000,0,4,8,1992,갱신,26.09~28.09,28000.0,,사용,,
내발산동,202608,아파트_전월세,마곡수명산파크7단지,내발산동,756,49.97,,3536,25,2,10,2008,갱신,26.09~28.08,3536.0,25.0,,,
마곡동,202608,아파트_전월세,마곡엠밸리6단지,마곡동,743,84.88,,27101,0,12,7,2014,갱신,26.09~28.08,25811.0,,,,
내발산동,202608,아파트_전월세,마곡수명산파크4단지,내발산동,753,59.84,,55650,0,4,6,2008,갱신,26.08~28.08,53000.0,,사용,,
마곡동,202608,아파트_전월세,마곡엠밸리3단지,마곡동,736,59.79,,21574,0,5,10,2014,갱신,26.09~28.08,20547.0,,,,
마곡동,202608,아파트_전월세,마곡엠밸리7단지,마곡동,743-4,59.79,,13626,8,9,8,2014,갱신,26.09~28.08,6108.0,43.0,,,
마곡동,202608,아파트_전월세,마곡엠밸리6단지,마곡동,743,84.88,,27101,0,6,8,2014,갱신,26.09~28.08,25811.0,,,,
마곡동,202608,아파트_전월세,마곡엠밸리6단지,마곡동,743,84.88,,27101,0,5,8,2014,갱신,26.09~28.08,25811.0,,,,
마곡동,202608,아파트_전월세,마곡엠밸리6단지,마곡동,743,59.79,,22636,0,12,8,2014,갱신,26.09~28.08,21559.0,,,,
마곡동,202608,아파트_전월세,마곡엠밸리6단지,마곡동,743,59.79,,22636,0,13,7,2014,갱신,26.09~28.08,21559.0,,,,
마곡동,202608,아파트_전월세,마곡엠밸리6단지,마곡동,743,59.79,,22636,0,9,7,2014,갱신,26.09~28.08,21559.0,,,,
마곡동,202608,아파트_전월세,마곡엠벨리(15단지),마곡동,751,59.79,,74000,0,6,8,2014,갱신,26.08~28.08,66000.0,,,,
내발산동,202608,아파트_전월세,마곡수명산파크4단지,내발산동,753,59.84,,7488,12,5,9,2008,갱신,26.09~28.08,4161.0,31.0,,,
마곡동,202608,아파트_전월세,마곡엠밸리6단지,마곡동,743,84.84,,27101,0,3,7,2014,갱신,26.09~28.08,25811.0,,,,
마곡동,202608,아파트_전월세,마곡엠밸리6단지,마곡동,743,84.74,,27101,0,13,7,2014,갱신,26.09~28.08,25811.0,,,,
마곡동,202608,아파트_전월세,마곡엠밸리7단지,마곡동,743-4,59.83,,22636,0,2,7,2014,갱신,26.09~28.08,21559.0,,,,
마곡동,202608,아파트_전월세,마곡엠밸리5단지,마곡동,740,84.6,,27101,0,7,7,2014,갱신,26.09~28.08,25811.0,,,,
마곡동,202608,아파트_전월세,마곡엠밸리6단지,마곡동,743,59.96,,13112,2,4,7,2014,갱신,26.09~28.08,6224.0,40.0,,,
마곡동,202608,아파트_전월세,마곡엠밸리7단지,마곡동,743-4,84.79,,27101,0,11,7,2014,갱신,26.09~28.08,27101.0,,,,
화곡동,202608,아파트_전월세,중앙화곡하이츠,화곡동,351-89,48.78,,15000,50,7,2,1988,신규,26.09~28.09,,,,,
마곡동,202608,아파트_전월세,마곡엠밸리6단지,마곡동,743,59.79,,22636,0,4,10,2014,갱신,26.09~28.08,21559.0,,,,
마곡동,202608,아파트_전월세,마곡엠밸리2단지,마곡동,735,84.92,,25826,0,9,9,2014,갱신,26.09~28.08,24597.0,,,,
마곡동,202608,아파트_전월세,마곡엠밸리7단지,마곡동,743-4,59.79,,22636,0,5,8,2014,갱신,26.09~28.08,21559.0,,,,
마곡동,202608,아파트_전월세,마곡엠밸리2단지,마곡동,735,59.79,,10277,24,9,7,2014,갱신,26.09~28.08,6742.0,43.0,,,
마곡동,202608,아파트_전월세,마곡엠밸리6단지,마곡동,743,49.77,,11662,2,1,7,2014,갱신,26.09~28.08,5381.0,37.0,,,
마곡동,202608,아파트_전월세,마곡엠벨리(14단지),마곡동,750,59.99,,21788,0,11,7,2014,갱신,26.09~28.08,20751.0,,,,
염창동,202608,아파트_전월세,동아,염창동,292,59.97,,42000,0,13,8,1998,갱신,26.08~28.08,37000.0,,,,
등촌동,202608,아파트_전월세,가양역두산위브,등촌동,726,59.98,,68000,0,10,7,2022,갱신,26.08~28.08,65000.0,,,,
염창동,202608,아파트_전월세,동아3,염창동,258-1,59.7,,37000,0,13,6,1999,갱신,26.11~27.02,37000.0,,,,
염창동,202608,아파트_전월세,금호타운,염창동,240-32,59.88,,49350,0,5,6,1999,갱신,26.08~28.08,47000.0,,사용,,
마곡동,202608,아파트_전월세,마곡엠밸리4단지,마곡동,738,59.96,,12553,13,9,7,2014,갱신,26.09~28.08,7082.0,44.0,,,
화곡동,202608,아파트_전월세,우장산역해링턴타워,화곡동,1170,17.74,,3159,11,12,7,2021,갱신,26.09~28.08,3159.0,11.0,,,
마곡동,202608,아파트_전월세,마곡엠밸리2단지,마곡동,735,114.86,,29227,0,11,6,2014,갱신,26.09~28.08,27836.0,,,,
마곡동,202608,아파트_전월세,마곡엠밸리4단지,마곡동,738,59.96,,2832,52,5,7,2014,갱신,26.09~28.08,7082.0,44.0,,,
마곡동,202608,아파트_전월세,마곡엠밸리6단지,마곡동,743,84.74,,27101,0,9,7,2014,갱신,26.09~28.08,25811.0,,,,
마곡동,202608,아파트_전월세,마곡엠벨리(15단지),마곡동,751,59.79,,22636,0,1,7,2014,갱신,26.09~28.08,21559.0,,,,
마곡동,202608,아파트_전월세,마곡엠밸리6단지,마곡동,743,59.86,,13112,2,1,6,2014,갱신,26.09~28.08,6224.0,40.0,,,
마곡동,202608,아파트_전월세,마곡엠밸리6단지,마곡동,743,84.84,,27101,0,9,6,2014,갱신,26.09~28.08,25811.0,,,,
마곡동,202608,아파트_전월세,마곡엠벨리(14단지),마곡동,750,59.79,,21788,0,12,7,2014,갱신,26.09~28.08,20751.0,,,,
가양동,202608,아파트_전월세,가양2단지(성지),가양동,1461,34.44,,3000,90,3,6,1992,신규,26.09~28.09,,,,,
방화동,202608,아파트_전월세,마곡우림1차아파트,방화동,873,84.971,,48000,0,2,5,2003,신규,26.11~28.11,,,,,
마곡동,202608,아파트_전월세,마곡엠밸리3단지,마곡동,736,84.95,,25826,0,4,7,2014,갱신,26.09~28.08,24597.0,,,,
마곡동,202608,아파트_전월세,마곡엠밸리6단지,마곡동,743,84.88,,27101,0,9,6,2014,갱신,26.09~28.08,25811.0,,,,
마곡동,202608,아파트_전월세,마곡엠벨리(15단지),마곡동,751,59.79,,22636,0,4,7,2014,갱신,26.09~28.08,21559.0,,,,
등촌동,202608,아파트_전월세,주공3,등촌동,688,58.14,,44000,0,10,7,1995,갱신,26.09~28.09,42000.0,,사용,,
마곡동,202608,아파트_전월세,마곡엠밸리7단지,마곡동,743-4,84.86,,27101,0,4,7,2014,갱신,26.09~28.08,25811.0,,,,
화곡동,202608,아파트_전월세,대림e편한세상,화곡동,361-1,84.84,,23100,68,13,7,1992,갱신,26.10~28.10,22000.0,65.0,사용,,
마곡동,202608,아파트_전월세,마곡엠밸리4단지,마곡동,738,59.79,,22636,0,7,7,2014,갱신,26.09~28.08,21559.0,,,,
마곡동,202608,아파트_전월세,마곡엠벨리(15단지),마곡동,751,59.79,,40057,0,5,6,2014,갱신,26.09~28.08,38150.0,,,,
마곡동,202608,아파트_전월세,마곡엠벨리(14단지),마곡동,750,84.85,,48142,0,8,6,2014,갱신,26.09~28.08,45850.0,,,,
마곡동,202608,아파트_전월세,마곡엠벨리(15단지),마곡동,751,84.88,,48142,0,12,7,2014,갱신,26.09~28.08,45850.0,,,,
마곡동,202608,아파트_전월세,마곡엠벨리(15단지),마곡동,751,59.84,,22636,0,6,6,2014,갱신,26.09~28.08,21559.0,,,,
마곡동,202608,아파트_전월세,마곡엠밸리4단지,마곡동,738,59.79,,22636,0,8,7,2014,갱신,26.09~28.08,21559.0,,,,
등촌동,202608,아파트_전월세,등촌동아이파크,등촌동,715,84.7556,,30000,150,7,5,2004,갱신,26.10~28.10,30000.0,150.0,사용,,
마곡동,202608,아파트_전월세,마곡엠밸리5단지,마곡동,740,59.79,,6373,41,10,6,2014,갱신,26.09~28.08,6373.0,41.0,,,
마곡동,202608,아파트_전월세,마곡엠밸리2단지,마곡동,735,59.79,,14124,2,5,6,2014,갱신,26.09~28.08,6742.0,43.0,,,
방화동,202608,아파트_전월세,마곡중앙하이츠아파트,방화동,852,39.58,,10000,65,15,7,1994,신규,26.08~28.09,,,,,
화곡동,202608,아파트_전월세,호용그린피아,화곡동,1153,59.19,,20000,60,6,6,2005,신규,26.09~28.09,,,,,
내발산동,202608,아파트_전월세,마곡수명산파크5단지,내발산동,749,49.97,,5774,16,7,7,2008,갱신,26.09~28.08,3754.0,28.0,,,
마곡동,202608,아파트_전월세,마곡엠벨리(14단지),마곡동,750,84.85,,48142,0,4,6,2014,갱신,26.09~28.08,45850.0,,,,
등촌동,202608,아파트_전월세,등촌동아이파크,등촌동,715,84.9958,,60000,80,16,7,2004,신규,26.10~28.10,,,,,
마곡동,202608,아파트_전월세,마곡엠밸리6단지,마곡동,743,114.98,,20000,350,8,6,2014,갱신,26.08~27.08,20000.0,240.0,,,
방화동,202608,아파트_전월세,경동팰리스힐,방화동,898,16.99,,1000,55,7,6,2014,신규,26.08~27.08,,,,,
마곡동,202608,아파트_전월세,마곡엠밸리7단지,마곡동,743-4,59.79,,12185,2,13,6,2014,갱신,26.09~28.08,5553.0,39.0,,,
염창동,202608,아파트_전월세,한강동아,염창동,293,59.97,,49350,0,8,6,1998,갱신,26.11~28.11,47000.0,,사용,,
마곡동,202608,아파트_전월세,마곡엠밸리2단지,마곡동,735,59.79,,21574,0,10,6,2014,갱신,26.09~28.08,20547.0,,,,
내발산동,202608,아파트_전월세,마곡수명산파크2단지,내발산동,741,84.82,,70000,0,15,6,2007,신규,26.10~28.10,,,,,
가양동,202608,아파트_전월세,가양강나루현대,가양동,448-1,84.98,,63000,0,16,7,1999,갱신,26.10~28.10,60000.0,,사용,,
마곡동,202608,아파트_전월세,마곡엠밸리2단지,마곡동,735,49.77,,12224,2,7,6,2014,갱신,26.09~28.08,5689.0,38.0,,,
방화동,202608,아파트_전월세,동성,방화동,817,76.8,,49000,0,1,7,1993,신규,26.10~28.10,,,,,
마곡동,202608,아파트_전월세,마곡엠밸리6단지,마곡동,743,84.99,,72000,0,9,6,2014,갱신,26.10~28.10,72000.0,,사용,,
마곡동,202608,아파트_전월세,마곡엠밸리9단지,마곡동,744,59.86,,63000,0,14,6,2021,갱신,26.10~28.10,60000.0,,사용,,
가양동,202608,아파트_전월세,가양2단지(성지),가양동,1461,39.6,,3000,135,12,6,1992,신규,26.08~28.08,,,,,
가양동,202608,아파트_전월세,가양2단지(성지),가양동,1461,34.44,,20000,0,1,7,1992,갱신,26.08~28.08,14000.0,,,,
가양동,202608,아파트_전월세,가양2단지(성지),가양동,1461,39.6,,23000,0,13,6,1992,갱신,26.08~28.08,20350.0,,,,
마곡동,202608,아파트_전월세,마곡엠밸리1단지,마곡동,734,49.77,,13130,2,3,6,2014,갱신,26.09~28.08,6224.0,40.0,,,
마곡동,202608,아파트_전월세,마곡엠밸리7단지,마곡동,743-4,84.95,,27101,0,10,6,2014,갱신,26.09~28.08,25811.0,,,,
마곡동,202608,아파트_전월세,마곡엠밸리7단지,마곡동,743-4,59.79,,12185,2,10,6,2014,갱신,26.09~28.08,5553.0,39.0,,,
마곡동,202608,아파트_전월세,마곡엠밸리5단지,마곡동,740,84.95,,27101,0,6,6,2014,갱신,26.09~28.08,25811.0,,,,
등촌동,202608,아파트_전월세,코오롱하늘채,등촌동,714,59.95,,53000,0,12,6,2003,신규,26.10~28.10,,,,,
마곡동,202608,아파트_전월세,마곡엠밸리7단지,마곡동,743-4,84.79,,27101,0,6,6,2014,갱신,26.09~28.08,25811.0,,,,
마곡동,202608,아파트_전월세,마곡엠밸리6단지,마곡동,743,49.77,,5381,37,1,6,2014,갱신,26.09~28.08,5381.0,37.0,,,
마곡동,202608,아파트_전월세,마곡엠밸리1단지,마곡동,734,49.77,,11339,12,7,6,2014,갱신,26.09~28.08,6224.0,40.0,,,
마곡동,202608,아파트_전월세,마곡엠밸리7단지,마곡동,743-4,59.79,,5553,39,2,6,2014,갱신,26.09~28.08,5553.0,39.0,,,
마곡동,202608,아파트_전월세,마곡엠밸리5단지,마곡동,740,49.77,,11631,2,6,6,2014,갱신,26.09~28.08,5395.0,37.0,,,
마곡동,202608,아파트_전월세,마곡엠밸리8단지,마곡동,741,59.79,,2835,47,7,6,2016,갱신,26.09~28.08,7089.0,38.0,,,
마곡동,202608,아파트_전월세,마곡엠밸리2단지,마곡동,735,59.79,,6742,43,6,6,2014,갱신,26.09~28.08,6742.0,43.0,,,
마곡동,202608,아파트_전월세,마곡엠밸리6단지,마곡동,743,84.88,,27101,0,6,6,2014,갱신,26.09~28.08,25811.0,,,,
마곡동,202608,아파트_전월세,마곡엠밸리6단지,마곡동,743,59.83,,6224,40,7,6,2014,갱신,26.09~28.08,6224.0,40.0,,,
마곡동,202608,아파트_전월세,마곡엠밸리6단지,마곡동,743,49.77,,2381,43,7,6,2014,갱신,26.09~28.08,5381.0,37.0,,,
마곡동,202608,아파트_전월세,마곡엠밸리3단지,마곡동,736,84.91,,25826,0,6,6,2014,갱신,26.09~28.08,24597.0,,,,
마곡동,202608,아파트_전월세,마곡엠밸리2단지,마곡동,735,59.83,,21574,0,10,6,2014,갱신,26.09~28.08,20547.0,,,,
마곡동,202608,아파트_전월세,마곡엠밸리6단지,마곡동,743,59.79,,23767,0,9,6,2014,갱신,26.09~28.08,22636.0,,,,
내발산동,202608,아파트_전월세,마곡수명산파크6단지,내발산동,759,49.97,,3679,27,3,6,2007,갱신,26.09~28.08,3679.0,27.0,,,
마곡동,202608,아파트_전월세,마곡엠밸리3단지,마곡동,736,59.79,,21574,0,8,6,2014,갱신,26.09~28.08,20547.0,,,,
마곡동,202608,아파트_전월세,마곡엠밸리3단지,마곡동,736,59.83,,15914,4,3,6,2014,갱신,26.09~28.08,7242.0,44.0,,,
마곡동,202608,아파트_전월세,마곡엠밸리6단지,마곡동,743,84.88,,27101,0,14,6,2014,갱신,26.09~28.08,25811.0,,,,
마곡동,202608,아파트_전월세,마곡엠밸리6단지,마곡동,743,84.84,,27101,0,10,6,2014,갱신,26.09~28.08,25811.0,,,,
마곡동,202608,아파트_전월세,마곡엠밸리2단지,마곡동,735,59.79,,6742,43,12,6,2014,갱신,26.09~28.08,6742.0,43.0,,,
마곡동,202608,아파트_전월세,마곡엠밸리7단지,마곡동,743-4,84.79,,27101,0,2,6,2014,갱신,26.09~28.08,25811.0,,,,
마곡동,202608,아파트_전월세,마곡엠밸리6단지,마곡동,743,84.74,,27101,0,15,6,2014,갱신,26.09~28.08,27101.0,,,,
마곡동,202608,아파트_전월세,마곡엠밸리2단지,마곡동,735,49.77,,8642,22,11,6,2014,갱신,26.09~28.08,5689.0,38.0,,,
마곡동,202608,아파트_전월세,마곡엠밸리3단지,마곡동,736,84.6,,25826,0,7,6,2014,갱신,26.09~28.08,24597.0,,,,
화곡동,202608,아파트_전월세,수산동우,화곡동,1018-32,84.32,,40000,8,5,6,2005,갱신,26.09~28.09,40000.0,,사용,,
마곡동,202608,아파트_전월세,마곡엠밸리6단지,마곡동,743,84.88,,27101,0,16,6,2014,갱신,26.09~28.08,25811.0,,,,
마곡동,202608,아파트_전월세,마곡엠밸리4단지,마곡동,738,59.96,,11772,17,3,6,2014,갱신,26.09~28.08,7082.0,44.0,,,
마곡동,202608,아파트_전월세,마곡엠밸리7단지,마곡동,743-4,59.79,,8038,25,6,6,2014,갱신,26.09~28.08,5553.0,39.0,,,
마곡동,202608,아파트_전월세,마곡엠밸리7단지,마곡동,743-4,59.83,,22636,0,4,6,2014,갱신,26.09~28.08,21559.0,,,,
마곡동,202608,아파트_전월세,마곡엠밸리6단지,마곡동,743,49.77,,14127,15,3,6,2014,갱신,26.09~28.08,7533.0,52.0,,,
방화동,202608,아파트_전월세,치현마을동일스위트리버,방화동,880,59.9813,,45000,0,5,1,2004,신규,26.08~28.08,,,,,
마곡동,202608,아파트_전월세,마곡엠밸리6단지,마곡동,743,84.88,,27101,0,8,6,2014,갱신,26.09~28.08,25811.0,,,,
마곡동,202608,아파트_전월세,마곡엠밸리1단지,마곡동,734,59.96,,11807,19,8,6,2014,갱신,26.09~28.08,7230.0,45.0,,,
마곡동,202608,아파트_전월세,마곡엠밸리6단지,마곡동,743,59.79,,22636,0,8,6,2014,갱신,26.09~28.08,21559.0,,,,
마곡동,202608,아파트_전월세,마곡엠밸리6단지,마곡동,743,84.74,,27101,0,6,6,2014,갱신,26.09~28.08,25811.0,,,,
내발산동,202608,아파트_전월세,마곡수명산파크5단지,내발산동,749,59.84,,53000,0,6,6,2008,갱신,26.09~28.09,50500.0,,사용,,
마곡동,202608,아파트_전월세,마곡엠밸리2단지,마곡동,735,59.83,,21574,0,8,6,2014,갱신,26.09~28.08,20547.0,,,,
마곡동,202608,아파트_전월세,마곡엠밸리6단지,마곡동,743,84.88,,27101,0,5,6,2014,갱신,26.09~28.08,25811.0,,,,
마곡동,202608,아파트_전월세,마곡엠밸리7단지,마곡동,743-4,59.79,,6663,47,14,6,2014,갱신,26.09~28.08,6663.0,47.0,,,
마곡동,202608,아파트_전월세,마곡엠밸리3단지,마곡동,736,59.79,,21574,0,5,6,2014,갱신,26.09~28.08,20547.0,,,,
마곡동,202608,아파트_전월세,마곡엠밸리6단지,마곡동,743,84.6,,27101,0,8,6,2014,갱신,26.09~28.08,25811.0,,,,
마곡동,202608,아파트_전월세,마곡엠밸리7단지,마곡동,743-4,84.95,,27101,0,14,6,2014,갱신,26.09~28.08,25811.0,,,,
마곡동,202608,아파트_전월세,마곡엠밸리6단지,마곡동,743,84.84,,27101,0,13,6,2014,갱신,26.09~28.08,25811.0,,,,
마곡동,202608,아파트_전월세,마곡엠밸리6단지,마곡동,743,59.79,,22636,0,14,6,2014,갱신,26.09~28.08,21559.0,,,,
마곡동,202608,아파트_전월세,마곡엠밸리3단지,마곡동,736,59.95,,7242,44,1,6,2014,갱신,26.09~28.08,7242.0,44.0,,,
마곡동,202608,아파트_전월세,마곡엠밸리3단지,마곡동,736,59.79,,21574,0,14,6,2014,갱신,26.09~28.08,20547.0,,,,
마곡동,202608,아파트_전월세,마곡엠밸리7단지,마곡동,743-4,84.79,,27101,0,3,6,2014,갱신,26.09~28.08,25811.0,,,,
마곡동,202608,아파트_전월세,마곡엠밸리6단지,마곡동,743,59.79,,22636,0,3,6,2014,갱신,26.09~28.08,21559.0,,,,
마곡동,202608,아파트_전월세,마곡엠밸리6단지,마곡동,743,84.84,,27101,0,14,6,2014,갱신,26.09~28.08,25811.0,,,,
화곡동,202608,아파트_전월세,강서힐스테이트,화곡동,1165,84.99,,85000,0,8,6,2015,갱신,26.08~28.08,70000.0,,,,
마곡동,202608,아파트_전월세,마곡엠밸리6단지,마곡동,743,59.79,,23767,0,15,6,2014,갱신,26.09~28.08,23714.0,,,,
마곡동,202608,아파트_전월세,마곡엠밸리3단지,마곡동,736,59.79,,21574,0,3,6,2014,갱신,26.09~28.08,20547.0,,,,
마곡동,202608,아파트_전월세,마곡엠밸리7단지,마곡동,743-4,84.79,,27101,0,5,6,2014,갱신,26.09~28.08,25811.0,,,,
마곡동,202608,아파트_전월세,마곡엠밸리12단지,마곡동,746-1,59.79,,40057,0,6,6,2016,갱신,26.09~28.08,38150.0,,,,
마곡동,202608,아파트_전월세,마곡엠밸리5단지,마곡동,740,59.79,,13374,2,14,6,2014,갱신,26.09~28.08,8922.0,57.0,,,
마곡동,202608,아파트_전월세,마곡엠밸리3단지,마곡동,736,59.79,,7242,44,9,6,2014,갱신,26.09~28.08,7242.0,44.0,,,
마곡동,202608,아파트_전월세,마곡엠밸리6단지,마곡동,743,49.77,,14127,15,10,6,2014,갱신,26.09~28.08,5381.0,37.0,,,
마곡동,202608,아파트_전월세,마곡엠밸리2단지,마곡동,735,59.52,,14124,2,3,6,2014,갱신,26.09~28.08,6742.0,43.0,,,
마곡동,202608,아파트_전월세,마곡엠밸리6단지,마곡동,743,84.88,,27101,0,10,6,2014,갱신,26.09~28.08,25811.0,,,,
마곡동,202608,아파트_전월세,마곡엠밸리6단지,마곡동,743,84.88,,27101,0,3,6,2014,갱신,26.09~28.08,25811.0,,,,
마곡동,202608,아파트_전월세,마곡엠밸리5단지,마곡동,740,59.83,,14997,8,7,6,2014,갱신,26.09~28.08,7010.0,45.0,,,
마곡동,202608,아파트_전월세,마곡엠밸리2단지,마곡동,735,59.79,,21574,0,8,6,2014,갱신,26.09~28.08,20547.0,,,,
마곡동,202608,아파트_전월세,마곡엠밸리7단지,마곡동,743-4,84.79,,27101,0,7,6,2014,갱신,26.09~28.08,25811.0,,,,
마곡동,202608,아파트_전월세,마곡엠밸리6단지,마곡동,743,59.96,,13112,2,6,6,2014,갱신,26.09~28.08,6224.0,40.0,,,
마곡동,202608,아파트_전월세,마곡엠밸리3단지,마곡동,736,59.79,,21574,0,6,6,2014,갱신,26.09~28.08,22601.0,,,,
마곡동,202608,아파트_전월세,마곡엠밸리7단지,마곡동,743-4,59.79,,22636,0,9,6,2014,갱신,26.09~28.08,21559.0,,,,
마곡동,202608,아파트_전월세,마곡엠밸리5단지,마곡동,740,59.94,,6373,41,9,6,2014,갱신,26.09~28.08,6373.0,41.0,,,
마곡동,202608,아파트_전월세,마곡엠밸리7단지,마곡동,743-4,59.79,,23767,0,8,6,2014,갱신,26.09~28.08,23714.0,,,,
마곡동,202608,아파트_전월세,마곡엠밸리6단지,마곡동,743,84.84,,27101,0,2,6,2014,갱신,26.09~28.08,25811.0,,,,
마곡동,202608,아파트_전월세,마곡엠밸리3단지,마곡동,736,59.79,,15914,4,11,6,2014,갱신,26.09~28.08,7242.0,44.0,,,
마곡동,202608,아파트_전월세,마곡엠밸리6단지,마곡동,743,59.79,,22636,0,6,6,2014,갱신,26.09~28.08,21559.0,,,,
가양동,202608,아파트_전월세,가양도시개발9-2단지,가양동,1490,34.44,,17000,0,12,6,1993,갱신,26.08~28.08,17000.0,,사용,,
마곡동,202608,아파트_전월세,마곡엠밸리2단지,마곡동,735,59.79,,15841,9,3,6,2014,갱신,26.09~28.08,9438.0,61.0,,,
마곡동,202608,아파트_전월세,마곡엠밸리3단지,마곡동,736,59.95,,21574,0,2,6,2014,갱신,26.09~28.08,20547.0,,,,
마곡동,202608,아파트_전월세,마곡엠밸리6단지,마곡동,743,84.88,,27101,0,11,6,2014,갱신,26.09~28.08,25811.0,,,,
마곡동,202608,아파트_전월세,마곡엠밸리4단지,마곡동,738,49.77,,6381,36,2,6,2014,갱신,26.09~28.08,5944.0,38.0,,,
마곡동,202608,아파트_전월세,마곡엠밸리4단지,마곡동,738,59.79,,22636,0,9,6,2014,갱신,26.09~28.08,21559.0,,,,
마곡동,202608,아파트_전월세,마곡엠벨리(15단지),마곡동,751,59.84,,22636,0,14,6,2014,갱신,26.09~28.08,21559.0,,,,
마곡동,202608,아파트_전월세,마곡엠밸리4단지,마곡동,738,59.79,,22636,0,15,6,2014,갱신,26.09~28.08,21559.0,,,,
마곡동,202608,아파트_전월세,마곡엠밸리7단지,마곡동,743-4,84.95,,27101,0,4,6,2014,갱신,26.09~28.08,25811.0,,,,
마곡동,202608,아파트_전월세,마곡엠밸리6단지,마곡동,743,84.88,,27101,0,15,6,2014,갱신,26.09~28.08,25811.0,,,,
마곡동,202608,아파트_전월세,마곡엠밸리1단지,마곡동,734,59.94,,15960,4,10,6,2014,갱신,26.09~28.08,8676.0,54.0,,,
마곡동,202608,아파트_전월세,마곡엠밸리4단지,마곡동,738,59.86,,4482,49,1,6,2014,갱신,26.09~28.08,7082.0,44.0,,,
내발산동,202608,아파트_전월세,마곡수명산파크5단지,내발산동,749,49.93,,3754,28,11,6,2008,갱신,26.09~28.08,3754.0,28.0,,,
내발산동,202608,아파트_전월세,마곡수명산파크3단지,내발산동,751,84.53,,23014,0,1,6,2007,갱신,26.09~28.08,21919.0,,,,
마곡동,202608,아파트_전월세,마곡엠밸리11단지,마곡동,746,59.79,,40057,0,10,6,2016,갱신,26.09~28.08,38150.0,,,,
마곡동,202608,아파트_전월세,마곡엠밸리5단지,마곡동,740,59.83,,9303,25,10,6,2014,갱신,26.09~28.08,6373.0,41.0,,,
마곡동,202608,아파트_전월세,마곡엠밸리6단지,마곡동,743,84.88,,27101,0,2,6,2014,갱신,26.09~28.08,25811.0,,,,
마곡동,202608,아파트_전월세,마곡엠벨리(14단지),마곡동,750,59.79,,21788,0,11,6,2014,갱신,26.09~28.08,20751.0,,,,
마곡동,202608,아파트_전월세,마곡엠벨리(15단지),마곡동,751,59.79,,40057,0,10,6,2014,갱신,26.09~28.08,38150.0,,,,
내발산동,202608,아파트_전월세,광성금강,내발산동,715-5,97.6597,,53000,0,8,6,2001,갱신,26.11~28.11,52000.0,,,,
마곡동,202608,아파트_전월세,마곡엠밸리4단지,마곡동,738,59.96,,17359,20,11,6,2014,갱신,26.09~28.08,9914.0,61.0,,,
마곡동,202608,아파트_전월세,마곡엠밸리6단지,마곡동,743,59.79,,22636,0,7,6,2014,갱신,26.09~28.08,21559.0,,,,
마곡동,202608,아파트_전월세,마곡엠밸리6단지,마곡동,743,84.74,,27101,0,4,6,2014,갱신,26.09~28.08,25811.0,,,,
마곡동,202608,아파트_전월세,마곡엠밸리4단지,마곡동,738,59.95,,17730,17,2,6,2014,갱신,26.09~28.08,7082.0,44.0,,,
마곡동,202608,아파트_전월세,마곡엠밸리7단지,마곡동,743-4,84.86,,27101,0,11,6,2014,갱신,26.09~28.08,25811.0,,,,
마곡동,202608,아파트_전월세,마곡엠밸리7단지,마곡동,743-4,84.95,,27101,0,15,6,2014,갱신,26.09~28.08,25811.0,,,,
마곡동,202608,아파트_전월세,마곡엠밸리6단지,마곡동,743,59.79,,6224,40,4,6,2014,갱신,26.09~28.08,6224.0,40.0,,,
마곡동,202608,아파트_전월세,마곡엠밸리7단지,마곡동,743-4,84.79,,27101,0,9,6,2014,갱신,26.09~28.08,27101.0,,,,
마곡동,202608,아파트_전월세,마곡엠밸리6단지,마곡동,743,59.79,,22636,0,11,6,2014,갱신,26.09~28.08,21559.0,,,,
마곡동,202608,아파트_전월세,마곡엠밸리7단지,마곡동,743-4,59.83,,22636,0,11,6,2014,갱신,26.09~28.08,21559.0,,,,
마곡동,202608,아파트_전월세,마곡엠밸리6단지,마곡동,743,49.77,,12513,4,4,6,2014,갱신,26.09~28.08,5381.0,37.0,,,
마곡동,202608,아파트_전월세,마곡엠밸리6단지,마곡동,743,84.88,,27101,0,7,6,2014,갱신,26.09~28.08,25811.0,,,,
마곡동,202608,아파트_전월세,마곡엠벨리(14단지),마곡동,750,59.79,,21788,0,4,6,2014,갱신,26.09~28.08,20751.0,,,,
마곡동,202608,아파트_전월세,마곡엠밸리6단지,마곡동,743,84.74,,27101,0,11,6,2014,갱신,26.09~28.08,25811.0,,,,
마곡동,202608,아파트_전월세,마곡엠밸리4단지,마곡동,738,49.77,,5944,38,6,6,2014,갱신,26.09~28.08,5944.0,38.0,,,
마곡동,202608,아파트_전월세,마곡엠밸리8단지,마곡동,741,59.79,,4889,42,5,6,2016,갱신,26.09~28.08,7089.0,38.0,,,
마곡동,202608,아파트_전월세,마곡엠밸리4단지,마곡동,738,59.96,,7721,40,8,6,2014,갱신,26.09~28.08,7082.0,44.0,,,
마곡동,202608,아파트_전월세,마곡엠밸리4단지,마곡동,738,59.79,,22636,0,10,6,2014,갱신,26.09~28.08,21559.0,,,,
가양동,202608,아파트_전월세,가양도시개발9-1단지,가양동,1489,34.44,,284,12,4,6,1992,갱신,26.09~28.08,711.0,11.0,,,
내발산동,202608,아파트_전월세,마곡수명산파크3단지,내발산동,751,84.76,,38587,0,4,6,2007,갱신,26.09~28.08,36750.0,,,,
내발산동,202608,아파트_전월세,우장산신일해피트리,내발산동,763,42.66,,36000,0,2,5,2023,신규,26.11~28.11,,,,,
마곡동,202608,아파트_전월세,마곡엠밸리2단지,마곡동,735,59.52,,21574,0,8,6,2014,갱신,26.09~28.08,20547.0,,,,
마곡동,202608,아파트_전월세,마곡엠밸리6단지,마곡동,743,59.79,,22636,0,13,6,2014,갱신,26.09~28.08,21559.0,,,,
마곡동,202608,아파트_전월세,마곡엠밸리5단지,마곡동,740,49.77,,5395,37,9,6,2014,갱신,26.09~28.08,5395.0,37.0,,,
마곡동,202608,아파트_전월세,마곡엠밸리6단지,마곡동,743,49.77,,5381,37,9,6,2014,갱신,26.09~28.08,5381.0,37.0,,,
마곡동,202608,아파트_전월세,마곡엠밸리7단지,마곡동,743-4,59.79,,12185,2,11,6,2014,갱신,26.09~28.08,5553.0,39.0,,,
마곡동,202608,아파트_전월세,마곡엠밸리2단지,마곡동,735,49.77,,5689,38,3,6,2014,갱신,26.09~28.08,5689.0,38.0,,,
마곡동,202608,아파트_전월세,마곡엠밸리6단지,마곡동,743,49.77,,5381,37,2,6,2014,갱신,26.09~28.08,5381.0,37.0,,,
마곡동,202608,아파트_전월세,마곡엠밸리4단지,마곡동,738,59.79,,22636,0,12,6,2014,갱신,26.09~28.08,21559.0,,,,
마곡동,202608,아파트_전월세,마곡엠밸리6단지,마곡동,743,59.79,,22636,0,5,6,2014,갱신,26.09~28.08,21559.0,,,,
마곡동,202608,아파트_전월세,마곡엠밸리4단지,마곡동,738,59.79,,22636,0,7,6,2014,갱신,26.09~28.08,21559.0,,,,
마곡동,202608,아파트_전월세,마곡엠밸리5단지,마곡동,740,49.77,,5395,37,7,6,2014,갱신,26.09~28.08,5395.0,37.0,,,
내발산동,202608,아파트_전월세,마곡수명산파크6단지,내발산동,759,49.97,,3679,27,4,6,2007,갱신,26.09~28.08,3679.0,27.0,,,
마곡동,202608,아파트_전월세,마곡엠밸리4단지,마곡동,738,49.77,,5944,38,7,6,2014,갱신,26.09~28.08,5944.0,38.0,,,
내발산동,202608,아파트_전월세,마곡수명산파크2단지,내발산동,741,59.84,,2552,31,13,6,2007,갱신,26.09~28.08,3852.0,28.0,,,
내발산동,202608,아파트_전월세,마곡수명산파크4단지,내발산동,753,59.84,,16347,0,9,6,2008,갱신,26.09~28.08,14861.0,,,,
마곡동,202608,아파트_전월세,마곡엠밸리7단지,마곡동,743-4,84.79,,27101,0,4,6,2014,갱신,26.09~28.08,28392.0,,,,
마곡동,202608,아파트_전월세,마곡엠밸리6단지,마곡동,743,59.79,,22636,0,10,6,2014,갱신,26.09~28.08,21559.0,,,,
마곡동,202608,아파트_전월세,마곡엠밸리6단지,마곡동,743,59.79,,22636,0,12,6,2014,갱신,26.09~28.08,21559.0,,,,
마곡동,202608,아파트_전월세,마곡엠밸리10단지,마곡동,747,59.87,,10153,15,5,6,2016,갱신,26.09~28.08,6231.0,36.0,,,
가양동,202608,아파트_전월세,가양도시개발9-1단지,가양동,1489,34.44,,1832,5,14,5,1992,갱신,26.09~28.08,711.0,11.0,,,
화곡동,202608,아파트_전월세,화곡3차보람,화곡동,1150,83.87,,45000,0,8,5,2004,신규,26.10~28.10,,,,,
마곡동,202608,아파트_전월세,마곡우림필유아파트,마곡동,1467,84.528,,42480,0,7,1,2003,갱신,26.09~28.09,40460.0,,,,
화곡동,202608,아파트_전월세,신원센스빌,화곡동,24-176,59.46,,5000,80,6,4,2002,신규,26.09~28.09,,,,,
화곡동,202608,아파트_전월세,우장산롯데,화곡동,1148,84.98,,55000,0,7,3,2004,신규,26.11~28.11,,,,,
등촌동,202608,아파트_전월세,대동황토방,등촌동,631-9,59.78,,18000,92,10,1,2000,갱신,26.08~28.08,19000.0,80.0,사용,,
화곡동,202608,아파트_전월세,강서힐스테이트,화곡동,1165,84.99,,59000,110,7,1,2015,신규,26.09~28.09,,,,,
마곡동,202608,아파트_전월세,마곡엠벨리(14단지),마곡동,750,84.93,,48142,0,12,3,2014,갱신,26.09~28.08,45850.0,,,,
등촌동,202608,아파트_전월세,부영,등촌동,691-3,80.64,,38600,0,8,1,1994,갱신,26.08~27.08,38600.0,,사용,,
방화동,202608,아파트_전월세,마곡 한진해모로,방화동,579,59.92,,42000,0,5,3,2004,갱신,26.10~28.10,40000.0,,사용,,
가양동,202608,아파트_전월세,일신건영휴먼빌,가양동,1496,84.95,,75000,0,15,3,2004,신규,26.10~28.10,,,,,
염창동,202608,아파트_전월세,동아,염창동,292,84.95,,20000,170,10,1,1998,신규,26.10~28.10,,,,,
화곡동,202608,아파트_전월세,강서동도센트리움,화곡동,1161,14.677,,500,60,2,2,2012,신규,26.08~28.08,,,,,
공항동,202608,아파트_전월세,해태,공항동,1371,59.99,,45000,0,16,1,2000,신규,26.09~28.09,,,,,
가양동,202608,아파트_전월세,가양2단지(성지),가양동,1461,39.6,,27300,0,8,1,1992,갱신,26.10~28.10,26000.0,,사용,,
마곡동,202608,아파트_전월세,마곡엠밸리9단지,마곡동,744,84.85,,89000,0,11,1,2021,신규,26.10~28.10,,,,,
마곡동,202608,아파트_전월세,마곡엠밸리9단지,마곡동,744,59.86,,69500,0,16,1,2021,갱신,26.11~28.11,66500.0,,사용,,
내발산동,202608,아파트_전월세,마곡수명산파크5단지,내발산동,749,59.87,,50400,0,4,1,2008,갱신,26.09~28.09,48000.0,,사용,,
방화동,202608,오피스텔_매매,에어뷰21-2오피스텔,방화동,830-1,26.91,7600,,,6,11,1999,,,,,,중개거래,
등촌동,202608,오피스텔_매매,비원오피스텔,등촌동,648-6,36.99,15700,,,8,11,2004,,,,,,중개거래,
마곡동,202608,오피스텔_매매,힐스테이트에코마곡,마곡동,797-14,24.09,16900,,,10,10,2016,,,,,,중개거래,
가양동,202608,오피스텔_매매,휴먼빌,가양동,1479-9,30.8,10000,,,6,11,2004,,,,,,중개거래,
화곡동,202608,오피스텔_매매,줄리엣오피스텔,화곡동,24-79,25.42,9000,,,4,10,1999,,,,,,중개거래,
마곡동,202608,오피스텔_매매,마곡아이파크,마곡동,795-2,24.904,14800,,,9,6,2016,,,,,,중개거래,
공항동,202608,오피스텔_매매,대룡드림타워-Ⅱ,공항동,45-19,27.34,8700,,,9,11,2005,,,,,,중개거래,
가양동,202608,오피스텔_매매,휴먼빌,가양동,1479-9,25.64,9000,,,9,11,2004,,,,,,직거래,
화곡동,202608,오피스텔_매매,GM Valley,화곡동,899-27,38.08,20000,,,4,10,2018,,,,,,중개거래,
가양동,202608,오피스텔_매매,마곡지웰에스테이트,가양동,194-2,17.44,8500,,,5,10,2014,,,,,,중개거래,
등촌동,202608,오피스텔_매매,등촌동두산위브센티움,등촌동,631,28.45,16300,,,12,7,2004,,,,,,중개거래,
마곡동,202608,오피스텔_매매,힐스테이트에코동익,마곡동,773-3,22.92,19500,,,7,6,2017,,,,,,중개거래,
마곡동,202608,오피스텔_매매,마곡나루역보타닉푸르지오시티,마곡동,760,22.2,18800,,,3,6,2017,,,,,,중개거래,
화곡동,202608,오피스텔_매매,(924-2),화곡동,924-2,35.58,10800,,,6,4,1996,,,,,,중개거래,
등촌동,202608,연립다세대_매매,더원2-1th,등촌동,569-21,26.97,27900,,,3,12,2023,,,,,,중개거래,
화곡동,202608,연립다세대_매매,선경하이츠빌라,화곡동,46-304,39.95,15300,,,4,12,1997,,,,,,직거래,
화곡동,202608,연립다세대_매매,하이파크빌,화곡동,330-18,52.48,20000,,,4,11,2007,,,,,,직거래,
화곡동,202608,연립다세대_매매,동양하우징(870-1),화곡동,870-1,38.45,30000,,,4,7,2017,,,,,,중개거래,
화곡동,202608,연립다세대_매매,오성드림빌,화곡동,504-75,43.06,23000,,,1,7,2018,,,,,,중개거래,
공항동,202608,연립다세대_매매,은아쉐르빌,공항동,15-32,76.79,110500,,,2,7,2002,,,,,,중개거래,
화곡동,202608,연립다세대_매매,LK드림빌(504-80),화곡동,504-80,25.64,23000,,,3,3,2018,,,,,,중개거래,
화곡동,202608,연립다세대_매매,에코하우스,화곡동,369-19,24.67,20000,,,6,6,2021,,,,,,중개거래,
화곡동,202608,연립다세대_매매,승일주택,화곡동,391-53,36.36,18300,,,1,6,1990,,,,,,중개거래,
화곡동,202608,연립다세대_매매,동광빌라,화곡동,24-210,39.57,20000,,,2,4,2001,,,,,,중개거래,
화곡동,202608,연립다세대_매매,파크아리온101동102동,화곡동,367-1,25.44,23400,,,10,4,2021,,,,,,중개거래,
화곡동,202608,연립다세대_매매,예가빌(156-3),화곡동,156-3,54.32,28000,,,2,3,2012,,,,,,중개거래,
등촌동,202608,연립다세대_매매,더원2-1th,등촌동,569-21,26.45,29540,,,2,5,2023,,,,,,중개거래,
화곡동,202608,연립다세대_매매,엠펠리체,화곡동,803-6,40.44,24000,,,2,4,2015,,,,,,직거래,
화곡동,202608,연립다세대_매매,동양하우징(46-295),화곡동,46-295,29.77,18500,,,2,4,2014,,,,,,직거래,
등촌동,202608,연립다세대_매매,청명쉐르빌,등촌동,569-23,67.45,9500,,,3,4,2002,,,,,,직거래,
화곡동,202608,연립다세대_매매,시온빌리지101,화곡동,1016-19,25.84,27000,,,4,1,2022,,,,,,중개거래,
화곡동,202608,연립다세대_매매,호성탑스빌(409-119),화곡동,409-119,20.67,6800,,,4,1,2002,,,,,,중개거래,
방화동,202608,아파트_매매,태승훼미리4차,방화동,891,79.58,61000,,,1,6,2008,,,,,,중개거래,
공항동,202608,아파트_매매,더트루엘마곡HQ,공항동,1398,48.3293,64200,,,7,8,2024,,,,,,직거래,
염창동,202608,아파트_매매,삼정그린코아,염창동,282,84.358,137500,,,13,11,2001,,,,,,중개거래,
방화동,202608,아파트_매매,청솔,방화동,832,39.36,57800,,,6,7,1994,,,,,,중개거래,
마곡동,202608,아파트_매매,마곡힐스테이트,마곡동,1589,84.98,109500,,,1,3,2017,,,,,,직거래,
화곡동,202608,아파트_매매,초록,화곡동,1139,84.07,101000,,,6,10,1998,,,,,,중개거래,
공항동,202608,아파트_매매,더트루엘마곡HQ,공항동,1398,48.3293,59800,,,4,9,2024,,,,,,직거래,
마곡동,202608,아파트_매매,마곡13단지힐스테이트마스터,마곡동,748,59.9855,166000,,,9,10,2017,,,,,,중개거래,
염창동,202608,아파트_매매,이너스내안에201동,염창동,245-1,84.74,90500,,,3,3,2006,,,,,,중개거래,
등촌동,202608,아파트_매매,"등촌지와인아파트,비지니스센터",등촌동,727,59.6202,110000,,,10,10,2023,,,,,,중개거래,
등촌동,202608,아파트_매매,한사랑2삼성,등촌동,634-2,84.96,117300,,,12,8,1999,,,,,,중개거래,
염창동,202608,아파트_매매,강변한솔솔파크,염창동,300,84.97,74500,,,6,7,2005,,,,,,직거래,
염창동,202608,아파트_매매,현대1,염창동,288,84.34,124000,,,2,9,1994,,,,,,중개거래,
방화동,202608,아파트_매매,방화그린,방화동,839,33.6,44400,,,7,8,1993,,,,,,중개거래,
방화동,202608,아파트_매매,방화4단지,방화동,831,134.61,116000,,,15,8,1994,,,,,,중개거래,
염창동,202608,아파트_매매,현대아이파크,염창동,282-19,84.84,129000,,,2,8,2005,,,,,,중개거래,
등촌동,202608,아파트_매매,대동황토방2,등촌동,713,59.96,99800,,,2,8,2003,,,,,,중개거래,
염창동,202608,아파트_매매,염창동예성그린캐슬,염창동,242-8,84.99,89000,,,12,8,2005,,,,,,중개거래,
화곡동,202608,아파트_매매,"우장산아이파크,이편한세상",화곡동,1159,59.98,143000,,,20,8,2008,,,,,,중개거래,
가양동,202608,아파트_매매,가양강나루현대,가양동,448-1,84.98,131500,,,5,8,1999,,,,,,중개거래,
화곡동,202608,아파트_매매,메종드로제,화곡동,926-3,57.3,42000,,,5,7,2019,,,,,,중개거래,
등촌동,202608,아파트_매매,등촌라인(조합),등촌동,628-15,59.91,100000,,,15,1,1997,,,,,,중개거래,
염창동,202608,아파트_매매,삼성한아름,염창동,264-27,84.9,105000,,,9,7,1993,,,,,,중개거래,
방화동,202608,아파트_매매,현대,방화동,793,59.89,81800,,,3,7,1993,,,,,,중개거래,
공항동,202608,아파트_매매,더트루엘마곡HQ,공항동,1398,48.3293,59590,,,3,7,2024,,,,,,직거래,
공항동,202608,아파트_매매,더트루엘마곡HQ,공항동,1398,48.3293,64200,,,7,5,2024,,,,,,직거래,
방화동,202608,아파트_매매,방화4단지,방화동,831,134.65,109800,,,11,6,1994,,,,,,중개거래,
등촌동,202608,아파트_매매,주공5,등촌동,695,58.14,103000,,,1,6,1995,,,,,,중개거래,
가양동,202608,아파트_매매,강변,가양동,1475,34.44,80300,,,11,6,1992,,,,,,중개거래,
방화동,202608,아파트_매매,방화3차우림필유,방화동,546-1,59.89,62500,,,2,6,2005,,,,,,중개거래,
방화동,202608,아파트_매매,방신서광,방화동,871,84.3819,71500,,,2,5,2003,,,,,,중개거래,
방화동,202608,아파트_매매,길성그랑프리텔,방화동,867,62.65,74500,,,11,5,2002,,,,,,중개거래,
방화동,202608,아파트_매매,동부센트레빌,방화동,870,84.96,84000,,,11,4,2003,,,,,,중개거래,
염창동,202608,아파트_매매,염창3우성,염창동,272-28,84.93,108000,,,4,3,1993,,,,,,중개거래,
내발산동,202608,아파트_매매,마곡수명산파크2단지,내발산동,741,84.68,151700,,,13,3,2007,,,,,,중개거래,
화곡동,202608,아파트_매매,유림노르웨이숲(919-1),화곡동,919-1,76.23,61500,,,4,1,2004,,,,,,중개거래,
가양동,202608,아파트_매매,강변,가양동,1475,49.5,110000,,,13,1,1992,,,,,,중개거래,
공항동,202607,오피스텔_전월세,크라운타워,공항동,72-20,26.61,,15000,33,11,13,2024,,,,,,,
등촌동,202607,오피스텔_전월세,강변샤르망3단지,등촌동,628-17,58.36,,3000,140,5,31,2005,,,,,,,
등촌동,202607,오피스텔_전월세,강변샤르망3단지,등촌동,628-17,63.16,,38000,0,5,15,2005,,,,,,,
염창동,202607,오피스텔_전월세,등촌노블레르,염창동,242-5,27.64,,23500,0,6,27,2020,,,,,,,
등촌동,202607,오피스텔_전월세,경동미르웰양천향교2차,등촌동,685,29.68,,7000,83,15,19,2020,,,,,,,
등촌동,202607,오피스텔_전월세,강변샤르망3단지,등촌동,628-17,58.36,,35000,15,9,15,2005,,,,,,,
화곡동,202607,오피스텔_전월세,화곡SJ라벨라,화곡동,921-6,42.13,,5500,89,12,20,2022,,,,,,,
방화동,202607,오피스텔_전월세,벽산에어트리움,방화동,849,28.03,,1500,48,4,15,2003,,,,,,,
가양동,202607,오피스텔_전월세,마곡보타닉투웨니퍼스트,가양동,257-1,28.33,,1000,110,14,13,2020,갱신,26.07~27.07,1000.0,110.0,,,
화곡동,202607,오피스텔_전월세,SJ라벨라,화곡동,1111,28.1,,1000,86,16,20,2020,신규,26.08~27.08,,,,,
화곡동,202607,오피스텔_전월세,연우넥스트뷰,화곡동,1107-3,17.32,,14000,10,12,29,2018,신규,26.08~28.08,,,,,
마곡동,202607,오피스텔_전월세,마곡나루역보타닉푸르지오시티,마곡동,760,21.86,,1000,78,6,28,2017,신규,26.07~27.07,,,,,
마곡동,202607,오피스텔_전월세,마곡센트럴대방디엠시티오피스텔,마곡동,776-2,29.48,,6000,70,12,13,2017,갱신,26.08~27.08,6000.0,66.0,,,
마곡동,202607,오피스텔_전월세,우성르보아투,마곡동,739-2,20.24,,500,65,5,22,2015,신규,26.09~27.09,,,,,
등촌동,202607,오피스텔_전월세,강서메트로칸,등촌동,656-52,18.75,,1000,58,7,10,2013,신규,26.08~27.08,,,,,
화곡동,202607,오피스텔_전월세,우장산투웨니퍼스트,화곡동,72-3,29.21,,20594,10,17,30,2018,신규,26.09~28.09,,,,,
마곡동,202607,오피스텔_전월세,힐스테이트에코동익,마곡동,773-3,30.81,,1500,120,10,27,2017,신규,26.08~27.08,,,,,
마곡동,202607,오피스텔_전월세,마곡나루역보타닉푸르지오시티,마곡동,760,22.17,,1000,72,3,24,2017,갱신,26.08~27.08,1000.0,69.0,,,
마곡동,202607,오피스텔_전월세,마곡 파크뷰 대방디엠시티 오피스텔,마곡동,776,26.68,,20400,15,8,31,2019,갱신,26.09~28.09,20925.0,10.0,사용,,
마곡동,202607,오피스텔_전월세,우성르보아투,마곡동,739-2,20.24,,500,64,4,14,2015,신규,26.07~27.07,,,,,
마곡동,202607,오피스텔_전월세,마곡 헤리움1차,마곡동,739-4,24.07,,1000,63,12,21,2015,신규,26.08~27.08,,,,,
등촌동,202607,오피스텔_전월세,뉴스토리오피스텔,등촌동,683-1,17.52,,12000,16,6,28,2013,갱신,26.09~28.09,12000.0,13.0,사용,,
마곡동,202607,오피스텔_전월세,우성르보아투,마곡동,739-2,20.24,,11000,13,6,25,2015,갱신,26.09~28.09,11000.0,10.0,,,
화곡동,202607,오피스텔_전월세,경림오피스텔,화곡동,1075-10,23.4,,1000,47,4,27,2002,신규,26.08~28.08,,,,,
등촌동,202607,오피스텔_전월세,HT뉴파인,등촌동,636-42,31.49,,21000,32,8,25,2020,갱신,26.08~28.08,20000.0,30.0,,,
등촌동,202607,오피스텔_전월세,뉴스토리오피스텔,등촌동,683-1,17.52,,13000,12,8,28,2013,갱신,26.09~28.09,13000.0,10.0,사용,,
방화동,202607,오피스텔_전월세,방화샤르망2오피스텔,방화동,830-5,17.64,,500,37,9,22,2003,신규,26.08~27.08,,,,,
등촌동,202607,오피스텔_전월세,현대프린스텔,등촌동,628-13,28.69,,1000,60,8,16,1999,신규,26.08~27.08,,,,,
마곡동,202607,오피스텔_전월세,마곡아이파크,마곡동,795-2,24.9,,1000,78,4,28,2016,갱신,26.08~27.08,1000.0,76.0,,,
방화동,202607,오피스텔_전월세,방화샤르망1오피스텔,방화동,830-3,24.9,,500,45,4,22,2003,신규,26.08~27.08,,,,,
화곡동,202607,오피스텔_전월세,Urban edge(어반엣지),화곡동,24-169,28.76,,1000,105,2,16,2026,신규,26.08~28.08,,,,,
마곡동,202607,오피스텔_전월세,힐스테이트에코동익,마곡동,773-3,23.48,,1000,85,6,26,2017,신규,26.08~27.08,,,,,
화곡동,202607,오피스텔_전월세,포유,화곡동,1111-4,17.92,,500,64,10,31,2018,신규,26.08~27.08,,,,,
화곡동,202607,오피스텔_전월세,창우이지스,화곡동,923-14,28.66,,24268,2,7,9,2021,갱신,26.08~28.07,23600.0,,,,
마곡동,202607,오피스텔_전월세,마곡역센트럴푸르지오시티,마곡동,773-1,23,,1000,80,11,22,2016,신규,26.08~27.08,,,,,
화곡동,202607,오피스텔_전월세,우장산투웨니퍼스트,화곡동,72-3,29.21,,1000,93,9,20,2018,신규,26.07~27.07,,,,,
등촌동,202607,오피스텔_전월세,등촌동 Y HAUS 오피스텔,등촌동,633-24,29.07,,3700,80,5,6,2020,신규,26.09~27.09,,,,,
등촌동,202607,오피스텔_전월세,거산파크빌,등촌동,506-25,49.7,,20000,80,8,23,2016,신규,26.10~28.10,,,,,
마곡동,202607,오피스텔_전월세,마곡센트럴대방디엠시티오피스텔,마곡동,776-2,30.84,,1000,93,10,30,2017,갱신,26.08~27.08,1000.0,89.0,사용,,
염창동,202607,오피스텔_전월세,아네스트염창,염창동,310,18.84,,17000,18,3,21,2019,갱신,26.08~28.08,17000.0,12.0,,,
방화동,202607,오피스텔_전월세,에어뷰21-2오피스텔,방화동,830-1,31.74,,1000,55,5,14,1999,신규,26.07~27.07,,,,,
마곡동,202607,오피스텔_전월세,마곡일성트루엘플래닛,마곡동,758-2,21.43,,1000,70,5,31,2016,신규,26.08~27.08,,,,,
마곡동,202607,오피스텔_전월세,힐스테이트에코 마곡나루역 라마다앙코르 서울마곡,마곡동,760-1,20.84,,4000,47,4,10,2017,갱신,26.07~27.07,4000.0,44.0,,,
가양동,202607,오피스텔_전월세,이스타빌2차,가양동,1480-1,30.6,,2000,50,6,10,2003,신규,26.08~28.08,,,,,
내발산동,202607,오피스텔_전월세,더 자하,내발산동,702-4,26.28,,2000,130,3,27,2022,신규,26.08~27.08,,,,,
가양동,202607,오피스텔_전월세,미씨엘로오피스텔,가양동,1480-4,26.52,,1000,60,4,28,2010,갱신,26.08~28.08,1000.0,55.0,사용,,
마곡동,202607,오피스텔_전월세,갤럭시인텔리젼스,마곡동,793-2,17.37,,10800,10,8,31,2015,갱신,26.07~27.07,12600.0,,사용,,
화곡동,202607,오피스텔_전월세,스위트132드림하우스,화곡동,900-32,18.6,,10000,15,3,28,2013,신규,26.09~28.09,,,,,
마곡동,202607,오피스텔_전월세,힐스테이트에코동익,마곡동,773-3,24.57,,18000,15,13,18,2017,신규,26.09~28.09,,,,,
등촌동,202607,오피스텔_전월세,경동미르웰한올림,등촌동,656,16.19,,12150,17,4,27,2016,갱신,26.08~28.08,12370.0,15.0,,,
마곡동,202607,오피스텔_전월세,마곡럭스나인오피스텔,마곡동,758-4,21.87,,1000,75,4,24,2016,신규,26.07~27.07,,,,,
마곡동,202607,오피스텔_전월세,벨리오,마곡동,784-8,20.57,,1000,67,7,25,2015,갱신,26.08~27.08,1000.0,65.0,,,
마곡동,202607,오피스텔_전월세,힐스테이트 에코 마곡역,마곡동,773,19.97,,1000,82,9,8,2017,신규,26.08~27.08,,,,,
마곡동,202607,오피스텔_전월세,롯데캐슬 르웨스트,마곡동,767-4,78.8,,10000,360,5,21,2024,신규,26.07~28.06,,,,,
등촌동,202607,오피스텔_전월세,트라비하우스,등촌동,628-18,50.16,,2000,113,4,27,2005,신규,26.09~27.09,,,,,
등촌동,202607,오피스텔_전월세,경동미르웰 양천향교 101동,등촌동,820,14.33,,12500,10,6,23,2017,신규,26.09~28.09,,,,,
가양동,202607,오피스텔_전월세,이스타빌2차,가양동,1480-1,32.8,,1000,70,15,14,2003,신규,26.09~28.09,,,,,
염창동,202607,오피스텔_전월세,서경팰리스,염창동,267-10,28.69,,22000,15,7,17,2018,갱신,26.08~28.08,22000.0,10.0,,,
등촌동,202607,오피스텔_전월세,강서메트로칸,등촌동,656-52,18.75,,11000,0,15,29,2013,신규,26.09~28.08,,,,,
마곡동,202607,오피스텔_전월세,힐스테이트에코마곡,마곡동,797-14,24.09,,1000,80,14,21,2016,신규,26.08~27.08,,,,,
마곡동,202607,오피스텔_전월세,마곡럭스나인오피스텔,마곡동,758-4,21.87,,14500,14,11,25,2016,신규,26.08~28.08,,,,,
마곡동,202607,오피스텔_전월세,마곡나루역캐슬파크,마곡동,760-2,30.14,,3000,95,5,16,2016,갱신,26.09~27.09,3000.0,90.0,,,
등촌동,202607,오피스텔_전월세,경동미르웰 양천향교 101동,등촌동,820,14.33,,12500,15,4,28,2017,신규,26.09~28.09,,,,,
마곡동,202607,오피스텔_전월세,힐스테이트에코동익,마곡동,773-3,24.57,,1000,84,11,11,2017,갱신,26.07~27.07,1000.0,80.0,,,
마곡동,202607,오피스텔_전월세,필네이처,마곡동,795-1,32.43,,24300,0,13,6,2016,신규,26.08~29.02,,,,,
마곡동,202607,오피스텔_전월세,힐스테이트에코 마곡나루역 라마다앙코르 서울마곡,마곡동,760-1,21.5,,15300,15,10,18,2017,신규,26.08~28.08,,,,,
마곡동,202607,오피스텔_전월세,마곡대명투웨니퍼스트,마곡동,784-6,17.96,,500,59,7,30,2015,신규,26.08~27.08,,,,,
공항동,202607,오피스텔_전월세,에테르힐스,공항동,45-11,28.81,,23000,0,5,24,2023,신규,26.09~28.09,,,,,
마곡동,202607,오피스텔_전월세,마곡센트럴대방디엠시티오피스텔,마곡동,776-2,24.02,,16200,14,7,24,2017,갱신,26.09~27.09,16400.0,10.0,사용,,
마곡동,202607,오피스텔_전월세,마곡오드카운티2차,마곡동,784-9,20.82,,1000,67,3,13,,갱신,26.07~27.07,1000.0,64.0,,,
마곡동,202607,오피스텔_전월세,우성르보아,마곡동,793-6,19.36,,11600,10,5,14,2015,갱신,26.08~28.08,12600.0,,,,
가양동,202607,오피스텔_전월세,휴먼빌,가양동,1479-9,25.64,,500,60,4,30,2004,신규,26.08~27.08,,,,,
마곡동,202607,오피스텔_전월세,마곡 파크뷰 대방디엠시티 오피스텔,마곡동,776,35.22,,33700,0,9,14,2019,갱신,26.09~27.09,32100.0,,사용,,
마곡동,202607,오피스텔_전월세,아르디에,마곡동,784-13,18.59,,6000,40,10,1,2015,신규,26.08~27.08,,,,,
화곡동,202607,오피스텔_전월세,스위트132드림하우스,화곡동,900-32,18.6,,10000,18,4,22,2013,신규,26.09~28.09,,,,,
마곡동,202607,오피스텔_전월세,아르디에,마곡동,784-13,18.59,,11000,7,8,20,2015,갱신,26.08~28.08,11000.0,5.0,,,
마곡동,202607,오피스텔_전월세,힐스테이트에코 마곡나루역 라마다앙코르 서울마곡,마곡동,760-1,20.84,,8000,45,4,14,2017,신규,26.08~28.08,,,,,
마곡동,202607,오피스텔_전월세,마곡나루역보타닉푸르지오시티,마곡동,760,22.76,,1000,85,12,24,2017,신규,26.08~28.08,,,,,
마곡동,202607,오피스텔_전월세,유림트윈파크,마곡동,793,19.99,,1000,70,3,1,2015,신규,26.07~27.07,,,,,
가양동,202607,오피스텔_전월세,휴먼빌,가양동,1479-9,25.64,,1000,55,9,15,2004,신규,26.07~27.07,,,,,
염창동,202607,오피스텔_전월세,대명투웨니퍼스트,염창동,283-3,15.04,,3000,63,6,16,2012,신규,26.08~28.08,,,,,
방화동,202607,오피스텔_전월세,에어팰리스,방화동,619-7,17.7,,8000,20,2,31,2013,신규,26.08~28.08,,,,,
등촌동,202607,오피스텔_전월세,강서메트로칸,등촌동,656-52,18.75,,4000,33,5,16,2013,신규,26.08~27.08,,,,,
화곡동,202607,오피스텔_전월세,거마지엠밸리,화곡동,1116-5,13.42,,12400,13,3,22,2020,갱신,26.09~28.09,12400.0,10.0,사용,,
방화동,202607,오피스텔_전월세,방화샤르망2오피스텔,방화동,830-5,17.64,,5000,3,5,25,2003,신규,26.09~28.09,,,,,
등촌동,202607,오피스텔_전월세,트라비하우스,등촌동,628-18,50.16,,27900,0,2,24,2005,갱신,26.08~28.08,27000.0,,,,
마곡동,202607,오피스텔_전월세,마곡경동미르웰,마곡동,784,17.96,,3000,65,10,30,2015,신규,26.08~27.08,,,,,
마곡동,202607,오피스텔_전월세,우성르보아,마곡동,793-6,24.45,,1000,75,2,20,2015,신규,26.08~27.08,,,,,
화곡동,202607,오피스텔_전월세,삼성다빈치,화곡동,917-14,18.9,,500,60,2,31,2015,신규,26.08~28.08,,,,,
화곡동,202607,오피스텔_전월세,(918-2),화곡동,918-2,30,,9500,20,4,31,1998,신규,26.08~28.08,,,,,
화곡동,202607,오피스텔_전월세,네스트인,화곡동,901-1,26.77,,2000,100,5,16,2022,신규,26.08~28.07,,,,,
마곡동,202607,오피스텔_전월세,힐스테이트 에코 마곡역,마곡동,773,19.87,,3000,65,12,13,2017,갱신,26.07~27.07,3000.0,61.0,,,
마곡동,202607,오피스텔_전월세,힐스테이트에코 마곡나루역 라마다앙코르 서울마곡,마곡동,760-1,20.1,,500,77,7,7,2017,신규,26.07~27.07,,,,,
가양동,202607,오피스텔_전월세,이스타빌1차,가양동,1480-5,27,,500,60,13,11,2002,신규,26.08~28.08,,,,,
등촌동,202607,오피스텔_전월세,등촌동성원상떼뷰오피스텔,등촌동,673-6,33.72,,1000,65,10,10,2003,신규,26.07~27.07,,,,,
화곡동,202607,오피스텔_전월세,포유,화곡동,1111-4,17.92,,14700,0,15,23,2018,갱신,26.08~28.08,14700.0,,,,
마곡동,202607,오피스텔_전월세,유림트윈파크,마곡동,793,19.99,,3000,60,3,11,2015,신규,26.08~27.08,,,,,
마곡동,202607,오피스텔_전월세,마곡 파크뷰 대방디엠시티 오피스텔,마곡동,776,21.25,,8000,53,12,11,2019,갱신,26.07~27.07,8000.0,49.0,,,
방화동,202607,오피스텔_전월세,마곡 킹덤 퀸터플,방화동,612-61,25.17,,20000,0,8,27,2020,신규,26.09~28.09,,,,,
화곡동,202607,오피스텔_전월세,프라임주택,화곡동,924-14,29.35,,13000,11,3,22,,신규,26.08~28.08,,,,,
마곡동,202607,오피스텔_전월세,힐스테이트에코동익,마곡동,773-3,24.57,,500,74,14,29,2017,갱신,26.07~27.07,500.0,71.0,,,
가양동,202607,오피스텔_전월세,이스타빌2차,가양동,1480-1,32.8,,1000,70,14,27,2003,신규,26.08~27.08,,,,,
마곡동,202607,오피스텔_전월세,마곡오드카운티2차,마곡동,784-9,17.36,,500,70,3,21,,신규,26.07~27.07,,,,,
마곡동,202607,오피스텔_전월세,마곡일성트루엘플래닛,마곡동,758-2,21.43,,500,70,5,14,2016,신규,26.07~26.10,,,,,
염창동,202607,오피스텔_전월세,한빛어반뉴스토리,염창동,266-12,28.69,,21300,30,15,18,2018,신규,26.12~28.12,,,,,
등촌동,202607,오피스텔_전월세,아이디움,등촌동,656-36,17.31,,500,55,7,25,2014,신규,26.08~27.08,,,,,
마곡동,202607,오피스텔_전월세,힐스테이트에코동익,마곡동,773-3,24.57,,1000,85,5,9,2017,신규,26.08~27.08,,,,,
마곡동,202607,오피스텔_전월세,마곡헤리움2차,마곡동,758-3,22.51,,1000,75,7,25,2016,신규,26.08~27.08,,,,,
마곡동,202607,오피스텔_전월세,유림트윈파크,마곡동,793,19.99,,1000,70,3,29,2015,신규,26.07~27.07,,,,,
화곡동,202607,오피스텔_전월세,(343-66),화곡동,343-66,26.9,,1000,62,2,22,2004,신규,26.07~27.07,,,,,
화곡동,202607,오피스텔_전월세,Urban edge(어반엣지),화곡동,24-169,48.17,,1000,170,8,29,2026,신규,26.08~28.08,,,,,
화곡동,202607,오피스텔_전월세,한나일프레이즈,화곡동,1097-6,28.3,,10000,0,2,29,2010,신규,26.08~28.08,,,,,
화곡동,202607,오피스텔_전월세,강서구청 파크뷰 에버,화곡동,987-1,15.43,,1000,68,16,25,2020,신규,26.08~27.08,,,,,
마곡동,202607,오피스텔_전월세,마곡아이파크,마곡동,795-2,24.22,,1000,80,10,24,2016,신규,26.08~27.08,,,,,
마곡동,202607,오피스텔_전월세,마곡 파크뷰 대방디엠시티 오피스텔,마곡동,776,21.25,,1000,80,4,27,2019,신규,26.07~27.07,,,,,
등촌동,202607,오피스텔_전월세,트라비하우스,등촌동,628-18,50.16,,27500,0,8,21,2005,갱신,26.09~28.09,26000.0,,,,
마곡동,202607,오피스텔_전월세,힐스테이트에코 마곡나루역 라마다앙코르 서울마곡,마곡동,760-1,21.61,,1000,80,3,20,2017,신규,26.08~27.08,,,,,
마곡동,202607,오피스텔_전월세,마곡시티오피스텔,마곡동,758,22.51,,14600,15,7,10,2016,신규,26.08~28.08,,,,,
마곡동,202607,오피스텔_전월세,마곡사이언스파크뷰,마곡동,795-5,22.07,,1000,75,7,13,2016,신규,26.07~27.07,,,,,
등촌동,202607,오피스텔_전월세,효성인텔리안,등촌동,681-3,50.37,,25600,15,3,14,2005,갱신,26.07~28.09,25600.0,7.0,,,
화곡동,202607,오피스텔_전월세,GS  TOWER,화곡동,24-171,27.91,,3000,110,3,6,2026,신규,26.08~27.08,,,,,
화곡동,202607,오피스텔_전월세,(24-576),화곡동,24-576,22.17,,2000,68,5,20,2002,신규,26.07~27.07,,,,,
마곡동,202607,오피스텔_전월세,힐스테이트에코 마곡나루역 라마다앙코르 서울마곡,마곡동,760-1,20.84,,1000,75,6,17,2017,갱신,26.08~27.08,1000.0,75.0,,,
화곡동,202607,오피스텔_전월세,Urban edge(어반엣지),화곡동,24-169,48.17,,1000,170,6,31,2026,신규,26.07~28.07,,,,,
등촌동,202607,오피스텔_전월세,등촌동 Y HAUS 오피스텔,등촌동,633-24,28.3,,2000,95,5,7,2020,갱신,26.09~27.09,2000.0,90.0,사용,,
화곡동,202607,오피스텔_전월세,자하클래식,화곡동,24-39,15.88,,500,68,6,6,2018,신규,26.07~27.07,,,,,
등촌동,202607,오피스텔_전월세,등촌동 Y HAUS 오피스텔,등촌동,633-24,28.3,,1000,116,2,28,2020,신규,26.08~27.08,,,,,
마곡동,202607,오피스텔_전월세,우성르보아투,마곡동,739-2,20.24,,500,60,12,24,2015,신규,26.09~27.09,,,,,
화곡동,202607,오피스텔_전월세,엠제이타운,화곡동,981-3,28.83,,20000,0,11,13,2020,신규,26.07~28.07,,,,,
등촌동,202607,오피스텔_전월세,경동미르웰한올림,등촌동,656-1,17.99,,1000,70,3,30,2016,신규,26.08~27.08,,,,,
마곡동,202607,오피스텔_전월세,힐스테이트에코마곡,마곡동,797-14,41.2,,34200,0,14,24,2016,신규,26.09~28.09,,,,,
화곡동,202607,오피스텔_전월세,(918-15),화곡동,918-15,33.37,,10060,25,7,13,1997,신규,26.09~28.08,,,,,
화곡동,202607,오피스텔_전월세,BK힐타운 화곡,화곡동,24-43,31.61,,11500,37,3,17,2019,신규,26.08~28.08,,,,,
염창동,202607,오피스텔_전월세,등촌노블레르,염창동,242-5,27.64,,24500,0,14,27,2020,신규,26.08~28.08,,,,,
공항동,202607,오피스텔_전월세,헬리그라프 마곡에디션,공항동,8-5,29.02,,2000,120,5,22,2024,신규,26.08~28.08,,,,,
마곡동,202607,오피스텔_전월세,마곡나루역보타닉푸르지오시티,마곡동,760,22.76,,1000,80,11,31,2017,신규,26.08~27.07,,,,,
마곡동,202607,오피스텔_전월세,엠코지니어스타,마곡동,776-4,22.95,,2000,67,4,8,2015,신규,26.08~27.08,,,,,
등촌동,202607,오피스텔_전월세,강서메트로칸,등촌동,656-52,17.34,,500,53,9,31,2013,신규,26.08~27.08,,,,,
등촌동,202607,오피스텔_전월세,강변샤르망3단지,등촌동,628-17,58.36,,3000,140,5,27,2005,신규,26.09~27.09,,,,,
마곡동,202607,오피스텔_전월세,마곡센트럴대방디엠시티오피스텔,마곡동,776-2,24.02,,1000,78,8,25,2017,신규,26.08~27.08,,,,,
마곡동,202607,오피스텔_전월세,마곡센트럴대방디엠시티오피스텔,마곡동,776-2,24.02,,3000,70,12,29,2017,신규,26.08~27.08,,,,,
등촌동,202607,오피스텔_전월세,비원오피스텔,등촌동,648-6,36.99,,1000,68,6,31,2004,갱신,26.08~27.08,1000.0,65.0,,,
등촌동,202607,오피스텔_전월세,경동미르웰양천향교2차,등촌동,685,29.68,,1000,107,7,27,2020,신규,26.08~27.08,,,,,
방화동,202607,오피스텔_전월세,공항타워팰리스오피스텔3,방화동,612-285,24.19,,1000,63,9,10,2017,신규,26.07~28.07,,,,,
화곡동,202607,오피스텔_전월세,리치아파트,화곡동,924-1,29.55,,19550,3,2,18,2018,신규,26.08~28.08,,,,,
화곡동,202607,오피스텔_전월세,리치A110,화곡동,938-11,31.16,,20000,20,10,31,2026,신규,26.09~28.09,,,,,
마곡동,202607,오피스텔_전월세,마곡일성트루엘플래닛,마곡동,758-2,21.43,,1000,72,4,30,2016,갱신,26.09~27.09,1000.0,70.0,,,
마곡동,202607,오피스텔_전월세,마곡대명투웨니퍼스트,마곡동,784-6,17.96,,500,70,8,25,2015,갱신,26.10~27.10,500.0,68.0,,,
가양동,202607,오피스텔_전월세,휴먼빌,가양동,1479-9,25.64,,10600,27,7,24,2004,신규,26.08~28.08,,,,,
방화동,202607,오피스텔_전월세,방화샤르망2오피스텔,방화동,830-5,17.64,,500,37,6,27,2003,신규,26.07~27.07,,,,,
화곡동,202607,오피스텔_전월세,우공팰리스,화곡동,916-32,79.86,,18743,0,3,25,2008,갱신,26.08~28.08,17850.0,,,,
화곡동,202607,오피스텔_전월세,도양라비앙아파트,화곡동,918-14,56.68,,2000,140,9,31,2016,신규,26.07~28.07,,,,,
화곡동,202607,오피스텔_전월세,리치A110,화곡동,938-11,25.15,,20000,20,17,31,2026,신규,26.09~28.09,,,,,
마곡동,202607,오피스텔_전월세,마곡나루역캐슬파크,마곡동,760-2,23.39,,17700,30,7,17,2016,신규,26.08~28.08,,,,,
마곡동,202607,오피스텔_전월세,힐스테이트에코 마곡나루역 라마다앙코르 서울마곡,마곡동,760-1,19.58,,826,26,12,10,2017,갱신,26.08~28.08,826.0,26.0,,,
등촌동,202607,오피스텔_전월세,현대 센트럴 가양,등촌동,640-2,27.99,,24300,0,2,24,2021,신규,26.09~28.09,,,,,
화곡동,202607,오피스텔_전월세,(1075-5),화곡동,1075-5,26.6,,1000,55,4,22,2011,신규,26.08~28.08,,,,,
등촌동,202607,오피스텔_전월세,경동미르웰한올림,등촌동,656,16.39,,1000,70,7,13,2016,신규,26.07~27.07,,,,,
마곡동,202607,오피스텔_전월세,마곡 파크뷰 대방디엠시티 오피스텔,마곡동,776,21.25,,2000,77,6,4,2019,갱신,26.07~27.07,1000.0,78.0,,,
등촌동,202607,오피스텔_전월세,우림보보카운티뷰,등촌동,649-14,27.36,,1000,65,13,25,2004,신규,26.07~27.07,,,,,
등촌동,202607,오피스텔_전월세,길훈엔트런스빌,등촌동,78-7,27.29,,12000,33,10,23,2004,신규,26.08~28.08,,,,,
마곡동,202607,오피스텔_전월세,마곡센트럴대방디엠시티오피스텔,마곡동,776-2,24.02,,1000,82,6,11,2017,신규,26.08~27.08,,,,,
마곡동,202607,오피스텔_전월세,마곡나루역보타닉푸르지오시티,마곡동,760,22.17,,1000,85,9,25,2017,신규,26.07~27.07,,,,,
가양동,202607,오피스텔_전월세,이스타빌2차,가양동,1480-1,32.8,,1000,70,8,7,2003,신규,26.08~27.08,,,,,
등촌동,202607,오피스텔_전월세,경동미르웰한올림,등촌동,656-1,17.99,,1000,70,7,7,2016,신규,26.07~27.07,,,,,
마곡동,202607,오피스텔_전월세,아르디에,마곡동,784-13,18.59,,500,68,2,24,2015,신규,26.07~27.07,,,,,
등촌동,202607,오피스텔_전월세,경동미르웰한올림,등촌동,656,16.19,,12100,15,3,29,2016,신규,26.08~28.08,,,,,
마곡동,202607,오피스텔_전월세,갤럭시인텔리젼스,마곡동,793-2,17.37,,500,68,4,7,2015,신규,26.08~27.08,,,,,
마곡동,202607,오피스텔_전월세,힐스테이트에코마곡,마곡동,797-14,23.75,,15000,12,8,8,2016,신규,26.09~28.09,,,,,
염창동,202607,오피스텔_전월세,한빛어반뉴스토리,염창동,266-12,28.69,,21000,23,12,12,2018,갱신,26.08~28.08,22000.0,15.0,사용,,
등촌동,202607,오피스텔_전월세,DongNam II,등촌동,631-17,24.79,,3000,73,2,11,2021,신규,26.08~27.08,,,,,
마곡동,202607,오피스텔_전월세,마곡나루역캐슬파크,마곡동,760-2,23.39,,17700,17,10,23,2016,갱신,26.08~28.08,18900.0,9.0,사용,,
마곡동,202607,오피스텔_전월세,마곡헤리움2차,마곡동,758-3,22.51,,6000,58,13,18,2016,신규,26.08~27.08,,,,,
등촌동,202607,오피스텔_전월세,(115-6),등촌동,828,13.92,,1000,58,5,9,2020,신규,26.07~27.07,,,,,
마곡동,202607,오피스텔_전월세,마곡 헤리움1차,마곡동,739-4,24.07,,1000,72,8,24,2015,신규,26.07~27.07,,,,,
마곡동,202607,오피스텔_전월세,마곡일성트루엘플래닛,마곡동,758-2,21.43,,1000,75,13,27,2016,갱신,26.08~27.08,1000.0,73.0,,,
마곡동,202607,오피스텔_전월세,마곡대명투웨니퍼스트,마곡동,784-6,17.96,,500,72,9,24,2015,신규,26.08~27.08,,,,,
마곡동,202607,오피스텔_전월세,마곡일성트루엘플래닛,마곡동,758-2,21.43,,1000,73,9,30,2016,신규,26.08~27.08,,,,,
마곡동,202607,오피스텔_전월세,마곡오드카운티1차,마곡동,784-11,30.18,,21240,0,2,31,2016,갱신,26.08~28.08,21240.0,,사용,,
마곡동,202607,오피스텔_전월세,미르웰플러스오피스텔,마곡동,784-4,19.46,,500,70,8,23,2015,신규,26.07~27.07,,,,,
염창동,202607,오피스텔_전월세,하우스B,염창동,282-24,22.1,,1000,114,9,24,2022,신규,26.07~27.07,,,,,
마곡동,202607,오피스텔_전월세,마곡 헤리움1차,마곡동,739-4,24.07,,1000,74,12,16,2015,신규,26.08~27.08,,,,,
마곡동,202607,오피스텔_전월세,우성르보아,마곡동,793-6,19.36,,12000,10,5,28,2015,신규,26.08~28.08,,,,,
화곡동,202607,오피스텔_전월세,예가채 Ⅱ,화곡동,1105-10,41.86,,4000,75,2,10,2014,신규,26.07~28.07,,,,,
방화동,202607,오피스텔_전월세,스카이그린빌,방화동,612-60,17.7,,500,46,7,16,2011,신규,26.07~27.07,,,,,
등촌동,202607,오피스텔_전월세,베르데하우스,등촌동,641-8,27.9,,2000,100,6,31,2021,신규,26.09~27.09,,,,,
마곡동,202607,오피스텔_전월세,마곡럭스나인오피스텔,마곡동,758-4,21.87,,1000,75,12,1,2016,신규,26.07~27.07,,,,,
마곡동,202607,오피스텔_전월세,마곡시티오피스텔,마곡동,758,22.51,,14600,15,7,31,2016,갱신,26.09~27.09,14850.0,10.0,,,
마곡동,202607,오피스텔_전월세,마곡나루역보타닉푸르지오시티,마곡동,760,42.65,,44000,0,8,29,2017,신규,26.10~28.10,,,,,
화곡동,202607,오피스텔_전월세,Urban edge(어반엣지),화곡동,24-169,28.76,,1000,120,8,17,2026,신규,26.07~28.07,,,,,
화곡동,202607,오피스텔_전월세,BK힐타운 화곡,화곡동,24-43,31.61,,18500,0,7,1,2019,신규,26.09~28.09,,,,,
마곡동,202607,오피스텔_전월세,마곡오드카운티2차,마곡동,784-9,17.36,,5000,40,9,31,,신규,26.09~27.09,,,,,
염창동,202607,오피스텔_전월세,팔레시움,염창동,283-2,18.14,,3000,48,2,24,2012,신규,26.07~27.07,,,,,
염창동,202607,오피스텔_전월세,맥시하우스,염창동,241-11,15.6,,2000,70,4,14,2018,신규,26.07~28.07,,,,,
마곡동,202607,오피스텔_전월세,마곡에비앙,마곡동,793-3,18.97,,10000,20,10,31,2015,신규,26.09~28.09,,,,,
마곡동,202607,오피스텔_전월세,갤럭시오피스텔마곡2,마곡동,5-1,28.43,,500,94,6,16,,신규,26.07~26.10,,,,,
방화동,202607,오피스텔_전월세,스카이그린빌,방화동,612-60,20.16,,1000,49,6,28,2011,신규,26.08~27.07,,,,,
등촌동,202607,오피스텔_전월세,호성스카이오피스텔,등촌동,847,26.79,,22500,0,9,8,2020,갱신,26.07~26.08,22500.0,,,,
방화동,202607,오피스텔_전월세,벤처오피스텔,방화동,621-2,20.53,,500,45,2,27,2003,신규,26.07~28.07,,,,,
염창동,202607,오피스텔_전월세,한빛어반뉴스토리,염창동,266-12,28.69,,3000,88,8,30,2018,신규,26.08~27.08,,,,,
방화동,202607,오피스텔_전월세,벽산에어트리움,방화동,849,28.03,,500,57,10,13,2003,갱신,26.08~27.08,500.0,55.0,,,
마곡동,202607,오피스텔_전월세,마곡시티오피스텔,마곡동,758,22.51,,15277,0,2,31,2016,갱신,26.09~27.09,15277.0,,,,
염창동,202607,오피스텔_전월세,아네스트염창,염창동,310,20.86,,13000,17,2,31,2019,신규,26.10~28.10,,,,,
마곡동,202607,오피스텔_전월세,마곡나루역보타닉푸르지오시티,마곡동,760,22.17,,1000,83,9,30,2017,신규,26.08~27.08,,,,,
마곡동,202607,오피스텔_전월세,우성르보아투,마곡동,739-2,20.24,,1000,57,5,21,2015,갱신,26.09~27.09,1000.0,54.0,,,
마곡동,202607,오피스텔_전월세,마곡일성트루엘플래닛,마곡동,758-2,21.43,,500,72,12,30,2016,갱신,26.09~27.09,1000.0,70.0,,,
가양동,202607,오피스텔_전월세,가양글로벌퍼스트,가양동,448-11,28.12,,21000,30,5,31,2018,신규,26.09~28.09,,,,,
등촌동,202607,오피스텔_전월세,등촌역 아트포레,등촌동,511-3,45.01,,43500,0,3,30,2024,신규,26.09~28.09,,,,,
마곡동,202607,오피스텔_전월세,플레이스에이치,마곡동,793-9,18.38,,500,70,6,9,2015,갱신,26.07~27.07,500.0,68.0,,,
마곡동,202607,오피스텔_전월세,마곡헤리움2차,마곡동,758-3,22.51,,1000,78,12,8,2016,갱신,26.09~27.09,1000.0,75.0,,,
마곡동,202607,오피스텔_전월세,힐스테이트에코 마곡나루역 라마다앙코르 서울마곡,마곡동,760-1,21.5,,1000,79,12,30,2017,신규,26.07~27.07,,,,,
마곡동,202607,오피스텔_전월세,마곡오드카운티2차,마곡동,784-9,17.36,,1000,65,7,21,,갱신,26.08~27.08,1000.0,63.0,,,
마곡동,202607,오피스텔_전월세,마곡에비앙,마곡동,793-3,18.45,,12600,0,6,31,2015,갱신,26.09~27.09,12600.0,,,,
등촌동,202607,오피스텔_전월세,라빌라스,등촌동,637-19,29.91,,23000,0,4,30,2018,신규,26.08~28.08,,,,,
등촌동,202607,오피스텔_전월세,라빌라스,등촌동,637-19,29.91,,2000,86,8,15,2018,신규,26.09~28.09,,,,,
마곡동,202607,오피스텔_전월세,마곡센트럴대방디엠시티오피스텔,마곡동,776-2,24.02,,1000,77,10,20,2017,갱신,26.08~27.08,1000.0,75.0,,,
등촌동,202607,오피스텔_전월세,아이디움,등촌동,656-36,17.31,,1000,52,4,25,2014,갱신,26.08~27.08,1000.0,50.0,,,
방화동,202607,오피스텔_전월세,벤처오피스텔,방화동,621-2,22.94,,7500,0,3,29,2003,신규,26.08~28.08,,,,,
마곡동,202607,오피스텔_전월세,엠코지니어스타,마곡동,776-4,23.84,,1000,78,3,22,2015,신규,26.07~27.07,,,,,
마곡동,202607,오피스텔_전월세,마곡 헤리움1차,마곡동,739-4,24.07,,14300,7,7,30,2015,신규,26.08~28.08,,,,,
등촌동,202607,오피스텔_전월세,유원더블레스,등촌동,637-27,21,,22190,8,8,31,2020,갱신,26.09~28.09,23800.0,,,,
마곡동,202607,오피스텔_전월세,힐스테이트에코 마곡나루역 라마다앙코르 서울마곡,마곡동,760-1,21.5,,15660,18,5,30,2017,갱신,26.09~28.09,15975.0,13.0,사용,,
마곡동,202607,오피스텔_전월세,마곡 파크뷰 대방디엠시티 오피스텔,마곡동,776,21.25,,16700,5,6,25,2019,신규,26.07~27.12,,,,,
마곡동,202607,오피스텔_전월세,마곡센트럴대방디엠시티오피스텔,마곡동,776-2,39.97,,34000,0,3,29,2017,신규,26.08~28.08,,,,,
마곡동,202607,오피스텔_전월세,마곡일성트루엘플래닛,마곡동,758-2,21.43,,1000,72,3,30,2016,신규,26.08~27.08,,,,,
등촌동,202607,오피스텔_전월세,경동미르웰한올림,등촌동,656,16.39,,12100,17,10,30,2016,갱신,26.08~28.08,12600.0,15.0,,,
마곡동,202607,오피스텔_전월세,미르웰플러스오피스텔,마곡동,784-4,19.46,,500,61,4,13,2015,갱신,26.09~27.09,500.0,53.0,,,
마곡동,202607,오피스텔_전월세,마곡나루역보타닉푸르지오시티,마곡동,760,19.96,,1000,75,3,30,2017,신규,26.08~27.08,,,,,
마곡동,202607,오피스텔_전월세,마곡센트럴대방디엠시티오피스텔,마곡동,776-2,39.97,,34200,0,10,30,2017,신규,26.09~28.09,,,,,
마곡동,202607,오피스텔_전월세,힐스테이트에코동익,마곡동,773-3,38.43,,2000,110,3,1,2017,신규,26.08~27.08,,,,,
등촌동,202607,오피스텔_전월세,까사지오,등촌동,634,23.35,,26900,0,7,17,2022,갱신,26.09~28.08,26900.0,,,,
마곡동,202607,오피스텔_전월세,마곡일성트루엘플래닛,마곡동,758-2,21.43,,3400,62,6,27,2016,신규,26.08~27.08,,,,,
마곡동,202607,오피스텔_전월세,마곡나루역보타닉푸르지오시티,마곡동,760,22.76,,1000,88,9,11,2017,신규,26.09~28.09,,,,,
방화동,202607,오피스텔_전월세,경동화인시티,방화동,612-2,19.44,,500,48,7,28,2010,신규,26.08~28.08,,,,,
등촌동,202607,오피스텔_전월세,강변샤르망1단지,등촌동,628-16,63.16,,3000,150,8,30,2005,신규,26.09~27.09,,,,,
화곡동,202607,오피스텔_전월세,(343-66),화곡동,343-66,27.31,,1000,64,2,30,2004,신규,26.09~27.09,,,,,
마곡동,202607,오피스텔_전월세,마곡사이언스파크뷰,마곡동,795-5,22.07,,500,70,13,23,2016,신규,26.08~27.08,,,,,
마곡동,202607,오피스텔_전월세,마곡 파크뷰 대방디엠시티 오피스텔,마곡동,776,21.25,,10000,42,10,10,2019,신규,26.07~28.07,,,,,
방화동,202607,오피스텔_전월세,에어뷰21-2오피스텔,방화동,830-1,26.91,,6900,7,3,23,1999,신규,26.07~28.07,,,,,
마곡동,202607,오피스텔_전월세,마곡 헤리움1차,마곡동,739-4,24.07,,3000,48,6,29,2015,갱신,26.09~27.09,3000.0,45.0,,,
화곡동,202607,오피스텔_전월세,자하클래식,화곡동,24-39,15.88,,11700,4,14,30,2018,갱신,26.08~28.08,12150.0,,사용,,
마곡동,202607,오피스텔_전월세,힐스테이트에코 마곡나루역 라마다앙코르 서울마곡,마곡동,760-1,21.5,,10000,45,6,2,2017,신규,26.09~28.09,,,,,
염창동,202607,오피스텔_전월세,한빛어반뉴스토리,염창동,266-12,28.69,,21600,16,12,6,2018,갱신,26.08~28.08,22250.0,9.0,,,
마곡동,202607,오피스텔_전월세,마곡 헤리움1차,마곡동,739-4,24.07,,1000,74,9,25,2015,신규,26.07~27.07,,,,,
마곡동,202607,오피스텔_전월세,롯데캐슬 르웨스트,마곡동,767-4,69.84,,10000,300,13,30,2024,신규,26.10~28.10,,,,,
방화동,202607,오피스텔_전월세,(620-214),방화동,620-214,27.37,,1000,55,8,27,2011,신규,26.07~27.07,,,,,
화곡동,202607,오피스텔_전월세,아덴하임,화곡동,24-92,29.57,,2000,90,5,9,2020,신규,26.07~27.07,,,,,
염창동,202607,오피스텔_전월세,하우스B,염창동,282-24,19.12,,1000,79,6,28,2022,신규,26.07~27.07,,,,,
등촌동,202607,오피스텔_전월세,강서메트로칸,등촌동,656-52,17.31,,1000,50,7,15,2013,신규,26.07~27.07,,,,,
화곡동,202607,오피스텔_전월세,르미엘,화곡동,987-3,22.71,,2000,80,6,25,2022,신규,26.07~27.07,,,,,
방화동,202607,오피스텔_전월세,오피앙2,방화동,829,37.48,,1000,80,6,27,2002,신규,26.07~27.07,,,,,
마곡동,202607,오피스텔_전월세,마곡역센트럴푸르지오시티,마곡동,773-1,23,,3000,70,11,20,2016,신규,26.07~27.07,,,,,
화곡동,202607,오피스텔_전월세,쌍떼포레,화곡동,914-4,27.71,,500,90,9,15,2021,신규,26.07~27.07,,,,,
마곡동,202607,오피스텔_전월세,힐스테이트에코동익,마곡동,773-3,22.92,,17500,0,5,30,2017,신규,26.09~28.09,,,,,
마곡동,202607,오피스텔_전월세,마곡 헤리움1차,마곡동,739-4,24.07,,13700,15,12,30,2015,갱신,26.09~28.09,14300.0,10.0,,,
마곡동,202607,오피스텔_전월세,마곡오드카운티1차,마곡동,784-11,20.82,,12600,10,4,30,2016,신규,26.08~28.08,,,,,
마곡동,202607,오피스텔_전월세,마곡나루역캐슬파크,마곡동,760-2,30.04,,10000,68,6,1,2016,신규,26.07~28.07,,,,,
화곡동,202607,오피스텔_전월세,미래안포레,화곡동,1105,20.33,,18000,0,4,30,2022,갱신,26.08~28.08,18000.0,,,,
마곡동,202607,오피스텔_전월세,마곡 헤리움1차,마곡동,739-4,24.07,,1000,73,11,22,2015,신규,26.07~27.07,,,,,
등촌동,202607,오피스텔_전월세,등촌 미르웰 한올림 3차,등촌동,656-58,14.41,,12150,16,4,24,2018,신규,26.08~28.08,,,,,
마곡동,202607,오피스텔_전월세,힐스테이트에코동익,마곡동,773-3,25.26,,18000,10,3,25,2017,신규,26.08~28.08,,,,,
화곡동,202607,오피스텔_전월세,미래안포레,화곡동,1105,20.33,,18500,5,15,21,2022,신규,26.09~28.09,,,,,
마곡동,202607,오피스텔_전월세,필네이처,마곡동,795-1,22.16,,12600,15,11,23,2016,신규,26.08~28.08,,,,,
가양동,202607,오피스텔_전월세,마곡파크뷰비동,가양동,275-18,28.89,,21300,0,2,29,2017,갱신,26.09~28.09,20300.0,,사용,,
등촌동,202607,오피스텔_전월세,퀸즈오피스텔,등촌동,641-10,14.53,,5000,47,8,29,2018,갱신,26.10~28.10,5000.0,45.0,사용,,
마곡동,202607,오피스텔_전월세,엠코지니어스타,마곡동,776-4,24.83,,16110,10,5,30,2015,갱신,26.08~28.08,16110.0,7.0,사용,,
가양동,202607,오피스텔_전월세,마곡보타닉투웨니퍼스트,가양동,257-1,28.33,,3000,100,7,2,2020,갱신,26.07~27.07,3000.0,95.0,,,
마곡동,202607,오피스텔_전월세,마곡센트럴대방디엠시티오피스텔,마곡동,776-2,24.02,,1000,71,9,25,2017,갱신,26.08~27.08,1000.0,68.0,,,
등촌동,202607,오피스텔_전월세,등촌 미르웰 한올림 3차,등촌동,656-58,14.41,,12150,14,8,29,2018,신규,26.09~28.09,,,,,
방화동,202607,오피스텔_전월세,방화샤르망1오피스텔,방화동,830-3,16.29,,300,35,4,29,2003,신규,26.08~27.08,,,,,
마곡동,202607,오피스텔_전월세,마곡아이파크,마곡동,795-2,36.47,,2000,130,14,15,2016,신규,26.08~27.08,,,,,
화곡동,202607,오피스텔_전월세,강서 동도센트리움,화곡동,1161,18.97,,5500,26,11,28,2012,갱신,26.07~27.07,5500.0,24.0,,,
가양동,202607,오피스텔_전월세,마곡보타닉투웨니퍼스트,가양동,257-1,28.33,,23500,10,11,29,2020,갱신,26.08~28.08,25000.0,,,,
마곡동,202607,오피스텔_전월세,마곡센트럴대방디엠시티오피스텔,마곡동,776-2,24.02,,16000,7,5,24,2017,신규,26.07~28.07,,,,,
가양동,202607,오피스텔_전월세,마곡보타닉투웨니퍼스트,가양동,257-1,28.33,,21261,0,11,25,2020,갱신,26.07~28.07,20249.0,,사용,,
마곡동,202607,오피스텔_전월세,마곡대명투웨니퍼스트,마곡동,784-6,17.96,,5500,38,7,28,2015,갱신,26.08~27.08,5500.0,35.0,사용,,
마곡동,202607,오피스텔_전월세,마곡나루역보타닉푸르지오시티,마곡동,760,19.96,,5000,60,9,6,2017,갱신,26.07~27.07,5000.0,58.0,,,
마곡동,202607,오피스텔_전월세,마곡나루역보타닉푸르지오시티,마곡동,760,22.76,,2000,85,6,2,2017,신규,26.07~28.07,,,,,
화곡동,202607,오피스텔_전월세,SJ라벨라,화곡동,1111,18.23,,15500,0,11,29,2020,신규,26.09~28.09,,,,,
마곡동,202607,오피스텔_전월세,마곡헤리움2차,마곡동,758-3,22.51,,13600,10,9,24,2016,신규,26.08~28.08,,,,,
마곡동,202607,오피스텔_전월세,마곡일성트루엘플래닛,마곡동,758-2,21.43,,2000,64,7,27,2016,신규,26.07~27.07,,,,,
가양동,202607,오피스텔_전월세,가양글로벌퍼스트,가양동,448-11,28.12,,23000,24,3,28,2018,갱신,26.10~28.10,24000.0,15.0,사용,,
화곡동,202607,오피스텔_전월세,SJ라벨라,화곡동,1111,20.38,,100,35,5,29,2020,신규,26.07~28.09,,,,,
마곡동,202607,오피스텔_전월세,마곡센트럴대방디엠시티오피스텔,마곡동,776-2,24.02,,16200,14,13,22,2017,갱신,26.08~27.08,16400.0,10.0,사용,,
마곡동,202607,오피스텔_전월세,마곡 파크뷰 대방디엠시티 오피스텔,마곡동,776,26.45,,5000,78,10,9,2019,갱신,26.08~27.08,5000.0,75.0,,,
화곡동,202607,오피스텔_전월세,레몬트리,화곡동,24-62,27.92,,100,32,4,29,2019,신규,26.07~28.09,,,,,
방화동,202607,오피스텔_전월세,에어뷰21-2오피스텔,방화동,830-1,26.91,,500,50,7,16,1999,신규,26.07~27.07,,,,,
방화동,202607,오피스텔_전월세,펜타곤스카이,방화동,620-129,36.17,,100,53,8,29,2022,신규,26.07~28.09,,,,,
마곡동,202607,오피스텔_전월세,마곡역센트럴푸르지오시티,마곡동,773-1,23.87,,1000,80,3,6,2016,신규,26.07~27.07,,,,,
화곡동,202607,오피스텔_전월세,SJ라벨라,화곡동,1111,20.38,,100,36,13,29,2020,신규,26.07~28.09,,,,,
등촌동,202607,오피스텔_전월세,센트럴시티,등촌동,656-57,14.91,,500,70,6,28,2020,갱신,26.07~27.07,500.0,68.0,,,
마곡동,202607,오피스텔_전월세,마곡 헤리움1차,마곡동,739-4,24.07,,13700,14,5,28,2015,갱신,26.09~28.09,14000.0,10.0,,,
마곡동,202607,오피스텔_전월세,미르웰플러스오피스텔,마곡동,784-4,19.46,,1000,70,4,25,2015,신규,26.07~27.07,,,,,
마곡동,202607,오피스텔_전월세,마곡나루역보타닉푸르지오시티,마곡동,760,22.17,,1000,83,12,28,2017,신규,26.08~27.08,,,,,
방화동,202607,오피스텔_전월세,벤처오피스텔,방화동,620-52,26.4,,500,48,8,10,2002,신규,26.07~27.07,,,,,
화곡동,202607,오피스텔_전월세,레몬트리,화곡동,24-62,19.58,,100,23,5,29,2019,신규,26.07~28.09,,,,,
화곡동,202607,오피스텔_전월세,레몬트리,화곡동,24-62,18.89,,100,22,7,29,2019,신규,26.07~28.09,,,,,
화곡동,202607,오피스텔_전월세,SJ라벨라,화곡동,1111,22.35,,18200,0,4,24,2020,갱신,26.08~27.08,18200.0,,,,
마곡동,202607,오피스텔_전월세,마곡나루역캐슬파크,마곡동,760-2,25.6,,19125,20,3,28,2016,갱신,26.08~27.08,19125.0,16.0,,,
마곡동,202607,오피스텔_전월세,우성르보아투,마곡동,739-2,20.24,,500,65,6,9,2015,신규,26.07~27.07,,,,,
화곡동,202607,오피스텔_전월세,늘예솔하우스,화곡동,938-9,29.79,,18000,0,2,28,2020,신규,26.08~28.08,,,,,
마곡동,202607,오피스텔_전월세,마곡오드카운티2차,마곡동,784-9,17.36,,11900,15,7,6,,갱신,26.07~27.07,12150.0,12.0,사용,,
등촌동,202607,오피스텔_전월세,대외그랜드오피스텔,등촌동,635-5,23.04,,3000,47,8,21,2003,신규,26.07~27.07,,,,,
화곡동,202607,오피스텔_전월세,경동엠파이어시티 101동,화곡동,1051-1,16.1,,500,50,12,6,2013,신규,26.07~28.07,,,,,
마곡동,202607,오피스텔_전월세,유림트윈파크,마곡동,793,19.99,,11000,10,3,28,2015,신규,26.08~28.08,,,,,
등촌동,202607,오피스텔_전월세,킹덤하이너스,등촌동,656-41,40.02,,23500,13,11,28,2018,갱신,26.10~28.10,23500.0,9.0,,,
마곡동,202607,오피스텔_전월세,우성르보아투,마곡동,739-2,20.24,,11200,10,5,27,2015,갱신,26.09~27.09,11200.0,8.0,사용,,
마곡동,202607,오피스텔_전월세,엠코지니어스타,마곡동,776-4,22.95,,13900,15,9,28,2015,신규,26.09~28.09,,,,,
화곡동,202607,오피스텔_전월세,화곡SJ라벨라,화곡동,921-6,42.13,,5000,95,3,24,2022,갱신,26.08~27.08,5000.0,90.0,사용,,
등촌동,202607,오피스텔_전월세,대룡드림타워-1,등촌동,684-3,30.32,,12000,30,5,23,2004,신규,26.08~28.08,,,,,
마곡동,202607,오피스텔_전월세,마곡럭스나인오피스텔 엘동,마곡동,758-1,21.87,,1000,75,8,28,2017,신규,26.07~27.07,,,,,
방화동,202607,오피스텔_전월세,스카이그린빌,방화동,612-60,20.16,,1000,49,5,13,2011,신규,26.07~27.07,,,,,
등촌동,202607,오피스텔_전월세,등촌 미르웰 한올림 3차,등촌동,656-58,14.41,,14200,0,10,25,2018,갱신,26.08~28.08,14000.0,,,,
마곡동,202607,오피스텔_전월세,매그넘793,마곡동,793-7,32.6,,1000,135,2,28,2020,신규,26.08~27.08,,,,,
등촌동,202607,오피스텔_전월세,대룡드림타워-1,등촌동,684-3,31.3,,5000,44,4,27,2004,갱신,26.09~27.09,5000.0,44.0,사용,,
가양동,202607,오피스텔_전월세,이스타빌2차,가양동,1480-1,37.6,,14000,0,12,28,2003,신규,26.08~28.08,,,,,
화곡동,202607,오피스텔_전월세,경동엠파이어스테이트,화곡동,1111-3,18.61,,500,54,19,21,2012,갱신,26.07~27.07,500.0,51.0,사용,,
가양동,202607,오피스텔_전월세,이스타빌1차,가양동,1480-5,27,,1000,60,9,24,2002,갱신,26.07~27.07,1000.0,58.0,,,
마곡동,202607,오피스텔_전월세,마곡나루역보타닉푸르지오시티,마곡동,760,22.76,,15700,20,10,28,2017,갱신,26.09~27.09,17500.0,10.0,,,
화곡동,202607,오피스텔_전월세,경동엠파이어시티 101동,화곡동,1051-1,15.63,,500,50,12,28,2013,신규,26.08~28.08,,,,,
마곡동,202607,오피스텔_전월세,마곡경동미르웰,마곡동,784,17.96,,12000,16,3,23,2015,신규,26.08~28.08,,,,,
마곡동,202607,오피스텔_전월세,마곡 헤리움1차,마곡동,739-4,29.14,,1000,85,7,25,2015,갱신,26.08~28.08,1000.0,80.0,,,
마곡동,202607,오피스텔_전월세,마곡 파크뷰 대방디엠시티 오피스텔,마곡동,776,26.68,,20000,14,4,27,2019,갱신,26.09~27.09,20000.0,10.0,,,
마곡동,202607,오피스텔_전월세,힐스테이트에코마곡,마곡동,797-14,23.75,,1000,85,6,24,2016,신규,26.07~27.07,,,,,
등촌동,202607,오피스텔_전월세,등촌동 Y HAUS 오피스텔,등촌동,633-24,29.07,,24900,5,5,27,2020,갱신,26.09~28.09,24900.0,,사용,,
등촌동,202607,오피스텔_전월세,경동미르웰한올림,등촌동,656,16.19,,13200,10,3,21,2016,신규,26.08~28.08,,,,,
마곡동,202607,오피스텔_전월세,힐스테이트에코동익,마곡동,773-3,25.26,,18000,12,11,25,2017,신규,26.07~28.07,,,,,
마곡동,202607,오피스텔_전월세,마곡시티오피스텔,마곡동,758,22.51,,1000,75,6,25,2016,신규,26.07~27.07,,,,,
마곡동,202607,오피스텔_전월세,마곡럭스나인오피스텔,마곡동,758-4,21.87,,14500,6,8,22,2016,신규,26.07~27.07,,,,,
등촌동,202607,오피스텔_전월세,(115-6),등촌동,828,13.92,,15500,0,5,18,2020,신규,26.07~28.07,,,,,
등촌동,202607,오피스텔_전월세,등촌동 Y HAUS 오피스텔,등촌동,633-24,28.3,,24700,0,11,27,2020,신규,26.08~28.08,,,,,
마곡동,202607,오피스텔_전월세,힐스테이트 에코 마곡역,마곡동,773,19.87,,10000,35,13,25,2017,신규,26.07~28.07,,,,,
등촌동,202607,오피스텔_전월세,아이디움,등촌동,656-36,17.31,,2000,53,8,27,2014,갱신,26.08~27.08,2000.0,51.0,,,
등촌동,202607,오피스텔_전월세,경동미르웰 양천향교 101동,등촌동,820,14.33,,13000,10,4,8,2017,신규,26.08~28.08,,,,,
화곡동,202607,오피스텔_전월세,혜성오피스텔,화곡동,916-7,27.06,,4000,75,9,21,2021,신규,26.08~27.08,,,,,
등촌동,202607,오피스텔_전월세,뉴스토리오피스텔,등촌동,683-1,17.52,,11000,16,3,25,2013,신규,26.09~28.09,,,,,
등촌동,202607,오피스텔_전월세,뉴스토리오피스텔,등촌동,683-1,17.52,,10000,30,9,22,2013,갱신,26.07~28.07,10000.0,28.0,,,
마곡동,202607,오피스텔_전월세,힐스테이트에코동익,마곡동,773-3,24.57,,18000,5,4,28,2017,갱신,26.09~28.09,18450.0,,사용,,
가양동,202607,오피스텔_전월세,마곡보타닉투웨니퍼스트,가양동,257-1,28.33,,1000,108,10,25,2020,갱신,26.08~27.08,1000.0,103.0,사용,,
등촌동,202607,오피스텔_전월세,유원더블레스,등촌동,637-27,21,,21000,5,4,25,2020,신규,26.09~28.09,,,,,
가양동,202607,오피스텔_전월세,플래티노,가양동,187-7,17.24,,60,32,4,28,2020,신규,26.07~28.09,,,,,
방화동,202607,오피스텔_전월세,제이엘카운티,방화동,612-71,73.23,,25800,0,4,27,2015,신규,26.11~28.11,,,,,
마곡동,202607,오피스텔_전월세,미르웰플러스오피스텔,마곡동,784-4,19.46,,1000,70,9,15,2015,갱신,26.07~27.07,1000.0,52.0,,,
마곡동,202607,오피스텔_전월세,엠코지니어스타,마곡동,776-4,25.95,,500,83,11,4,2015,신규,26.07~27.07,,,,,
마곡동,202607,오피스텔_전월세,마곡일성트루엘플래닛,마곡동,758-2,21.43,,1000,75,5,27,2016,신규,26.07~27.07,,,,,
마곡동,202607,오피스텔_전월세,마곡오드카운티1차,마곡동,784-11,16.57,,1000,67,2,25,2016,신규,26.07~27.07,,,,,
가양동,202607,오피스텔_전월세,휴먼빌,가양동,1479-9,25.64,,3000,45,3,2,2004,신규,26.08~27.08,,,,,
마곡동,202607,오피스텔_전월세,유림트윈파크,마곡동,793,19.99,,11800,10,9,27,2015,신규,26.10~28.10,,,,,
화곡동,202607,오피스텔_전월세,강서 동도센트리움,화곡동,1161,18.97,,8500,9,11,17,2012,신규,26.08~28.08,,,,,
마곡동,202607,오피스텔_전월세,마곡 파크뷰 대방디엠시티 오피스텔,마곡동,776,21.25,,1000,78,6,11,2019,신규,26.07~27.07,,,,,
화곡동,202607,오피스텔_전월세,화성오피스텔,화곡동,29-46,26.95,,500,54,2,27,2003,신규,26.08~28.08,,,,,
마곡동,202607,오피스텔_전월세,마곡오드카운티2차,마곡동,784-9,30.37,,3000,91,9,20,,갱신,26.08~27.08,3000.0,87.0,,,
등촌동,202607,오피스텔_전월세,강서메트로칸,등촌동,656-52,18.75,,500,55,7,27,2013,신규,26.07~27.07,,,,,
마곡동,202607,오피스텔_전월세,마곡센트럴대방디엠시티오피스텔,마곡동,776-2,24.02,,500,80,6,27,2017,신규,26.09~27.09,,,,,
마곡동,202607,오피스텔_전월세,힐스테이트에코 마곡나루역 라마다앙코르 서울마곡,마곡동,760-1,20.1,,2000,65,13,25,2017,신규,26.08~28.08,,,,,
가양동,202607,오피스텔_전월세,가양글로벌퍼스트,가양동,448-11,28.12,,18000,33,11,23,2018,갱신,26.07~28.07,18000.0,28.0,,,
화곡동,202607,오피스텔_전월세,르미엘,화곡동,987-3,20.96,,1000,85,11,25,2022,신규,26.07~27.07,,,,,
염창동,202607,오피스텔_전월세,등촌노블레르,염창동,242-5,27.64,,23000,0,6,7,2020,신규,26.08~28.08,,,,,
마곡동,202607,오피스텔_전월세,마곡나루역보타닉푸르지오시티,마곡동,760,22.17,,15000,21,7,24,2017,갱신,26.08~28.08,17100.0,10.0,사용,,
화곡동,202607,오피스텔_전월세,화곡팰리스,화곡동,904-3,35.68,,24000,0,2,9,2020,신규,26.08~28.08,,,,,
마곡동,202607,오피스텔_전월세,우성르보아,마곡동,793-6,19.36,,500,65,10,26,2015,신규,26.07~27.07,,,,,
마곡동,202607,오피스텔_전월세,미르웰플러스오피스텔,마곡동,784-4,19.46,,12600,10,9,27,2015,갱신,26.10~28.10,12600.0,8.0,,,
마곡동,202607,오피스텔_전월세,마곡럭스나인오피스텔 엘동,마곡동,758-1,21.87,,500,67,3,17,2017,신규,26.09~27.08,,,,,
화곡동,202607,오피스텔_전월세,제이투리더스뷰 2차,화곡동,1097-5,28.54,,3000,105,2,27,2022,신규,26.08~28.08,,,,,
가양동,202607,오피스텔_전월세,다솔씨티하임,가양동,250-2,27.72,,23500,0,4,15,2018,신규,26.09~28.09,,,,,
마곡동,202607,오피스텔_전월세,우성르보아,마곡동,793-6,19.36,,500,65,8,11,2015,신규,26.07~27.07,,,,,
마곡동,202607,오피스텔_전월세,마곡대명투웨니퍼스트,마곡동,784-6,17.96,,1000,68,8,22,2015,신규,26.07~27.07,,,,,
등촌동,202607,오피스텔_전월세,등촌동 Y HAUS 오피스텔,등촌동,633-24,29.07,,2000,100,10,5,2020,갱신,26.07~27.07,2000.0,96.0,,,
등촌동,202607,오피스텔_전월세,ACE A-ZONE,등촌동,639-8,77.2,,41000,0,6,25,2005,신규,26.09~28.09,,,,,
마곡동,202607,오피스텔_전월세,미르웰플러스오피스텔,마곡동,784-4,19.46,,500,64,9,10,2015,신규,26.07~27.07,,,,,
화곡동,202607,오피스텔_전월세,화성오피스텔,화곡동,27-8,22.97,,6800,5,4,27,2004,신규,26.09~28.08,,,,,
마곡동,202607,오피스텔_전월세,마곡센트럴대방디엠시티오피스텔,마곡동,776-2,30.84,,20400,14,3,25,2017,갱신,26.08~28.08,20400.0,10.0,사용,,
등촌동,202607,오피스텔_전월세,강변샤르망2단지,등촌동,628-32,63.16,,35175,15,5,20,2005,갱신,26.08~28.08,35175.0,,,,
등촌동,202607,오피스텔_전월세,현대 센트럴 가양,등촌동,640-2,27.99,,2000,112,11,6,2021,신규,26.07~28.07,,,,,
마곡동,202607,오피스텔_전월세,엠코지니어스타,마곡동,776-4,22.95,,13900,15,6,22,2015,갱신,26.08~28.08,14600.0,10.0,사용,,
마곡동,202607,오피스텔_전월세,마곡오드카운티2차,마곡동,784-9,17.36,,3000,55,9,18,,신규,26.07~27.07,,,,,
마곡동,202607,오피스텔_전월세,마곡센트럴대방디엠시티오피스텔,마곡동,776-2,29.48,,20400,12,8,25,2017,갱신,26.09~28.09,20400.0,12.0,,,
마곡동,202607,오피스텔_전월세,힐스테이트에코동익,마곡동,773-3,25.26,,18000,15,15,25,2017,신규,26.09~28.09,,,,,
등촌동,202607,오피스텔_전월세,경동미르웰양천향교2차,등촌동,685,29.68,,3000,105,11,3,2020,신규,26.07~28.07,,,,,
마곡동,202607,오피스텔_전월세,마곡나루역보타닉푸르지오시티,마곡동,760,22.2,,1000,69,5,5,2017,신규,26.07~27.07,,,,,
가양동,202607,오피스텔_전월세,마곡크리스아크,가양동,250-1,32.48,,27500,0,11,25,2021,신규,26.08~28.08,,,,,
마곡동,202607,오피스텔_전월세,마곡오드카운티2차,마곡동,784-9,17.36,,11900,8,8,25,,신규,26.08~28.08,,,,,
마곡동,202607,오피스텔_전월세,유림트윈파크,마곡동,793,19.99,,11000,0,10,26,2015,신규,26.09~28.09,,,,,
마곡동,202607,오피스텔_전월세,엠코지니어스타,마곡동,776-4,26.28,,17300,15,9,25,2015,갱신,26.08~28.08,17700.0,10.0,,,
마곡동,202607,오피스텔_전월세,마곡럭스나인오피스텔 엘동,마곡동,758-1,25.29,,17550,15,12,26,2017,신규,26.09~28.09,,,,,
염창동,202607,오피스텔_전월세,서경팰리스,염창동,267-10,28.69,,2000,105,2,23,2018,신규,26.08~28.08,,,,,
등촌동,202607,오피스텔_전월세,센트럴시티,등촌동,656-57,14.84,,14000,10,11,25,2020,신규,26.09~28.09,,,,,
등촌동,202607,오피스텔_전월세,한빛어반뉴스토리,등촌동,656-37,27.31,,21100,0,7,25,2017,신규,26.08~28.08,,,,,
화곡동,202607,오피스텔_전월세,범우데시앙,화곡동,24-81,35.81,,27500,0,6,25,2023,신규,26.09~28.09,,,,,
마곡동,202607,오피스텔_전월세,플레이스에이치,마곡동,793-9,18.38,,500,70,10,25,2015,갱신,26.09~27.09,500.0,68.0,,,
공항동,202607,오피스텔_전월세,크라운타워,공항동,72-20,28.43,,5000,73,9,2,2024,신규,26.09~28.09,,,,,
마곡동,202607,오피스텔_전월세,우성르보아,마곡동,793-6,19.36,,1000,65,4,16,2015,신규,26.07~27.07,,,,,
마곡동,202607,오피스텔_전월세,마곡나루역보타닉푸르지오시티,마곡동,760,22.2,,14650,0,10,24,2017,신규,26.08~28.08,,,,,
마곡동,202607,오피스텔_전월세,매그넘793,마곡동,793-7,27.46,,2000,120,4,11,2020,신규,26.07~28.01,,,,,
등촌동,202607,오피스텔_전월세,등촌 미르웰 한올림 3차,등촌동,656-58,14.41,,1000,62,13,20,2018,신규,26.07~28.07,,,,,
가양동,202607,오피스텔_전월세,이스타빌2차,가양동,1480-1,32.8,,1000,70,10,10,2003,신규,26.08~27.08,,,,,
마곡동,202607,오피스텔_전월세,마곡일성트루엘플래닛,마곡동,758-2,21.43,,1000,73,8,16,2016,신규,26.07~27.07,,,,,
화곡동,202607,오피스텔_전월세,삼성다빈치,화곡동,917-14,18.9,,500,49,2,13,2015,신규,26.07~27.07,,,,,
마곡동,202607,오피스텔_전월세,힐스테이트에코동익,마곡동,773-3,24.57,,18000,12,6,24,2017,신규,26.09~28.09,,,,,
화곡동,202607,오피스텔_전월세,리치A110,화곡동,938-11,31.03,,20000,18,17,24,2026,신규,26.08~28.08,,,,,
가양동,202607,오피스텔_전월세,가양글로벌퍼스트,가양동,448-11,28.12,,23000,20,5,21,2018,신규,26.09~28.09,,,,,
마곡동,202607,오피스텔_전월세,마곡나루역보타닉푸르지오시티,마곡동,760,21.89,,9000,49,9,23,2017,갱신,26.10~27.10,9000.0,45.0,,,
마곡동,202607,오피스텔_전월세,마곡사이언스파크뷰,마곡동,795-5,30.56,,18000,15,5,23,2016,갱신,26.08~28.08,19000.0,10.0,,,
마곡동,202607,오피스텔_전월세,엘리안,마곡동,793-4,22.23,,5000,53,4,2,2015,갱신,26.08~27.08,5000.0,50.0,,,
염창동,202607,오피스텔_전월세,현진파크뷰,염창동,252,28.41,,23100,0,5,22,2019,신규,26.09~28.09,,,,,
마곡동,202607,오피스텔_전월세,마곡헤리움2차,마곡동,758-3,30.31,,21300,17,13,15,2016,갱신,26.07~28.07,21700.0,15.0,사용,,
마곡동,202607,오피스텔_전월세,마곡나루역캐슬파크,마곡동,760-2,23.39,,17700,22,5,9,2016,신규,26.08~28.08,,,,,
마곡동,202607,오피스텔_전월세,힐스테이트에코동익,마곡동,773-3,24.57,,5000,65,6,23,2017,신규,26.09~27.09,,,,,
마곡동,202607,오피스텔_전월세,마곡나루역보타닉푸르지오시티,마곡동,760,22.35,,15200,20,3,24,2017,신규,26.09~28.09,,,,,
화곡동,202607,오피스텔_전월세,Urban edge(어반엣지),화곡동,24-169,28.76,,1000,115,4,22,2026,신규,26.07~28.07,,,,,
마곡동,202607,오피스텔_전월세,마곡 파크뷰 대방디엠시티 오피스텔,마곡동,776,21.02,,16500,7,9,10,2019,신규,26.08~28.08,,,,,
등촌동,202607,오피스텔_전월세,경동미르웰 양천향교 101동,등촌동,820,14.33,,1000,73,6,4,2017,신규,26.08~27.08,,,,,
마곡동,202607,오피스텔_전월세,마곡일성트루엘플래닛,마곡동,758-2,21.43,,3000,58,3,23,2016,신규,26.08~27.08,,,,,
마곡동,202607,오피스텔_전월세,마곡경동미르웰,마곡동,784,17.96,,10000,15,8,22,2015,신규,26.07~27.07,,,,,
화곡동,202607,오피스텔_전월세,서안EZtel,화곡동,1063-8,31.59,,500,55,11,23,2001,신규,26.08~28.08,,,,,
염창동,202607,오피스텔_전월세,한빛어반뉴스토리,염창동,266-12,28.69,,21370,22,12,10,2018,갱신,26.07~28.07,21700.0,16.0,,,
염창동,202607,오피스텔_전월세,팔레시움,염창동,283-2,18.14,,1000,55,2,22,2012,신규,26.09~28.09,,,,,
방화동,202607,오피스텔_전월세,방화샤르망2오피스텔,방화동,830-5,17.64,,500,37,9,8,2003,신규,26.07~27.07,,,,,
마곡동,202607,오피스텔_전월세,스카이오피스텔,마곡동,784-3,17.52,,500,50,9,3,2016,신규,26.07~28.07,,,,,
마곡동,202607,오피스텔_전월세,마곡역센트럴푸르지오시티,마곡동,773-1,23.87,,1000,80,10,4,2016,갱신,26.08~27.08,1000.0,78.0,사용,,
가양동,202607,오피스텔_전월세,동양 트레벨 스카이 오피스텔,가양동,1479-8,26.96,,1000,58,14,10,2003,갱신,26.07~27.07,1000.0,55.0,,,
화곡동,202607,오피스텔_전월세,제이투 리더스뷰,화곡동,935-2,29.63,,1000,105,10,23,2022,갱신,26.08~28.08,1000.0,100.0,,,
마곡동,202607,오피스텔_전월세,힐스테이트 에코 마곡역,마곡동,773,19.87,,4000,63,12,23,2017,갱신,26.08~27.08,4000.0,60.0,,,
마곡동,202607,오피스텔_전월세,마곡센트럴대방디엠시티오피스텔,마곡동,776-2,24.02,,16200,15,10,23,2017,신규,26.08~28.08,,,,,
마곡동,202607,오피스텔_전월세,힐스테이트에코 마곡나루역 라마다앙코르 서울마곡,마곡동,760-1,20.1,,14500,9,6,23,2017,신규,26.08~28.08,,,,,
마곡동,202607,오피스텔_전월세,마곡나루역보타닉푸르지오시티,마곡동,760,22.2,,2000,63,13,22,2017,갱신,26.09~27.09,2000.0,60.0,,,
마곡동,202607,오피스텔_전월세,마곡나루역캐슬파크,마곡동,760-2,23.39,,1000,90,11,23,2016,갱신,26.09~27.09,1000.0,85.0,,,
마곡동,202607,오피스텔_전월세,마곡 파크뷰 대방디엠시티 오피스텔,마곡동,776,21.25,,1000,80,12,23,2019,신규,26.07~27.07,,,,,
마곡동,202607,오피스텔_전월세,마곡나루역보타닉푸르지오시티,마곡동,760,22.2,,2000,74,11,15,2017,신규,26.07~27.07,,,,,
화곡동,202607,오피스텔_전월세,쌍떼포레,화곡동,914-4,24.68,,300,65,4,6,2021,신규,26.07~27.07,,,,,
염창동,202607,오피스텔_전월세,그린뷰,염창동,261-12,16.84,,13800,0,2,23,2018,갱신,26.08~28.08,13450.0,,사용,,
화곡동,202607,오피스텔_전월세,리치A110,화곡동,938-11,22.92,,21600,15,14,23,2026,신규,26.09~28.09,,,,,
화곡동,202607,오피스텔_전월세,리치아파트 109동,화곡동,921-15,22.05,,12000,55,14,7,2024,신규,26.08~28.08,,,,,
마곡동,202607,오피스텔_전월세,마곡헤리움2차,마곡동,758-3,30.31,,2000,97,11,15,2016,갱신,26.09~27.09,2000.0,92.0,,,
마곡동,202607,오피스텔_전월세,마곡일성트루엘플래닛,마곡동,758-2,21.43,,2000,70,10,22,2016,갱신,26.08~27.08,2000.0,67.0,,,
가양동,202607,오피스텔_전월세,마곡보타닉투웨니퍼스트,가양동,257-1,28.33,,20659,0,2,20,2020,갱신,26.08~28.08,19675.0,,사용,,
등촌동,202607,오피스텔_전월세,호성스카이오피스텔,등촌동,847,26.79,,22500,0,12,14,2020,갱신,26.08~28.08,21498.0,,,,
마곡동,202607,오피스텔_전월세,마곡역센트럴푸르지오시티,마곡동,773-1,23.87,,1000,68,9,22,2016,갱신,26.08~27.08,1000.0,65.0,,,
마곡동,202607,오피스텔_전월세,마곡나루역보타닉푸르지오시티,마곡동,760,19.96,,1000,72,4,23,2017,신규,26.08~27.08,,,,,
마곡동,202607,오피스텔_전월세,마곡경동미르웰,마곡동,784,17.96,,12150,6,8,14,2015,신규,26.09~28.09,,,,,
등촌동,202607,오피스텔_전월세,현대프린스텔,등촌동,628-13,21.66,,8000,0,7,23,1999,신규,26.08~28.08,,,,,
마곡동,202607,오피스텔_전월세,유림트윈파크,마곡동,793,19.99,,1000,70,5,17,2015,갱신,26.09~27.09,1000.0,67.0,,,
마곡동,202607,오피스텔_전월세,우성르보아투,마곡동,739-2,20.24,,11800,9,13,3,2015,신규,26.09~28.09,,,,,
마곡동,202607,오피스텔_전월세,마곡일성트루엘플래닛,마곡동,758-2,21.43,,13300,15,5,18,2016,신규,26.09~28.09,,,,,
마곡동,202607,오피스텔_전월세,플레이스에이치,마곡동,793-9,18.38,,4300,51,9,23,2015,신규,26.08~27.08,,,,,
방화동,202607,오피스텔_전월세,에어포스빌,방화동,619-68,20.79,,500,55,8,5,2003,신규,26.07~27.01,,,,,
화곡동,202607,오피스텔_전월세,제이투리더스뷰,화곡동,903-5,26.13,,2000,90,2,21,2019,갱신,26.07~28.07,2000.0,85.0,,,
마곡동,202607,오피스텔_전월세,마곡나루역캐슬파크,마곡동,760-2,23.39,,1000,87,5,2,2016,갱신,26.07~27.07,1000.0,84.0,,,
염창동,202607,오피스텔_전월세,등촌노블레르,염창동,242-5,27.64,,23600,0,13,11,2020,신규,26.09~28.09,,,,,
화곡동,202607,오피스텔_전월세,골든빌,화곡동,367-51,28.55,,24300,5,5,3,2018,신규,26.08~28.08,,,,,
마곡동,202607,오피스텔_전월세,마곡경동미르웰,마곡동,784,17.96,,12150,9,4,21,2015,신규,26.08~28.08,,,,,
마곡동,202607,오피스텔_전월세,매그넘793,마곡동,793-7,27.46,,1000,105,8,21,2020,갱신,26.07~27.07,1000.0,100.0,,,
등촌동,202607,오피스텔_전월세,등촌동두산위브센티움,등촌동,631,43.11,,22500,10,10,22,2004,신규,26.09~28.09,,,,,
마곡동,202607,오피스텔_전월세,마곡헤리움2차,마곡동,758-3,22.51,,13600,17,11,10,2016,갱신,26.08~28.08,15400.0,10.0,,,
마곡동,202607,오피스텔_전월세,엠코지니어스타,마곡동,776-4,25.95,,1000,85,10,14,2015,신규,26.08~27.08,,,,,
화곡동,202607,오피스텔_전월세,서안파크뷰,화곡동,372-90,23.83,,2000,110,9,7,2024,신규,26.07~28.07,,,,,
화곡동,202607,오피스텔_전월세,(24-103),화곡동,24-103,27.6,,8250,22,5,7,2002,신규,26.08~28.08,,,,,
가양동,202607,오피스텔_전월세,동양 트레벨 스카이 오피스텔,가양동,1479-8,26.96,,4500,45,15,20,2003,신규,26.09~28.09,,,,,
염창동,202607,오피스텔_전월세,아네스트염창,염창동,310,18.84,,12000,16,2,15,2019,신규,26.09~28.09,,,,,
가양동,202607,오피스텔_전월세,휴먼빌,가양동,1479-9,25.64,,1000,53,11,11,2004,갱신,26.08~27.08,1000.0,50.0,,,
화곡동,202607,오피스텔_전월세,골든빌,화곡동,367-51,28.54,,24000,0,5,11,2018,갱신,26.08~28.08,23400.0,,,,
마곡동,202607,오피스텔_전월세,마곡나루역보타닉푸르지오시티,마곡동,760,22.2,,1000,85,12,21,2017,신규,26.08~27.08,,,,,
마곡동,202607,오피스텔_전월세,마곡일성트루엘플래닛,마곡동,758-2,21.43,,100,82,10,21,2016,신규,26.07~26.10,,,,,
마곡동,202607,오피스텔_전월세,마곡나루역보타닉푸르지오시티,마곡동,760,22.2,,1000,82,6,13,2017,갱신,26.09~27.09,1000.0,78.0,,,
염창동,202607,오피스텔_전월세,서경팰리스,염창동,267-10,28.69,,23100,0,9,17,2018,신규,26.08~28.08,,,,,
마곡동,202607,오피스텔_전월세,마곡나루역캐슬파크,마곡동,760-2,30.04,,25600,22,14,22,2016,신규,26.09~27.09,,,,,
염창동,202607,오피스텔_전월세,한빛어반뉴스토리,염창동,266-12,28.69,,21600,0,4,22,2018,신규,26.09~28.09,,,,,
마곡동,202607,오피스텔_전월세,마곡나루역보타닉푸르지오시티,마곡동,760,22.2,,1000,80,9,3,2017,신규,26.07~27.07,,,,,
마곡동,202607,오피스텔_전월세,마곡나루역보타닉푸르지오시티,마곡동,760,22.76,,15700,27,8,21,2017,신규,26.08~28.08,,,,,
가양동,202607,오피스텔_전월세,가양글로벌퍼스트,가양동,448-11,28.12,,3000,115,14,9,2018,신규,26.07~27.07,,,,,
가양동,202607,오피스텔_전월세,마곡보타닉투웨니퍼스트,가양동,257-1,28.33,,24300,6,5,22,2020,신규,26.08~28.08,,,,,
마곡동,202607,오피스텔_전월세,마곡나루역보타닉푸르지오시티,마곡동,760,22.2,,1000,80,6,3,2017,신규,26.07~27.07,,,,,
등촌동,202607,오피스텔_전월세,등촌 미르웰 한올림 3차,등촌동,656-58,14.41,,13500,0,4,15,2018,신규,26.08~28.08,,,,,
화곡동,202607,오피스텔_전월세,강서구청 파크뷰 에버,화곡동,987-1,15.46,,1000,65,7,22,2020,신규,26.07~27.07,,,,,
등촌동,202607,오피스텔_전월세,강변샤르망2단지,등촌동,628-32,63.16,,36800,10,2,7,2005,신규,26.11~28.11,,,,,
화곡동,202607,오피스텔_전월세,자하클래식,화곡동,24-39,15.88,,11700,20,5,20,2018,신규,26.09~28.09,,,,,
화곡동,202607,오피스텔_전월세,나인스퀘어,화곡동,24-69,29.92,,24000,0,8,8,2021,신규,26.08~28.08,,,,,
화곡동,202607,오피스텔_전월세,(901-5),화곡동,901-5,17.64,,500,65,9,17,2012,신규,26.07~28.07,,,,,
마곡동,202607,오피스텔_전월세,힐스테이트 에코 마곡역,마곡동,773,20.13,,7000,50,5,22,2017,신규,26.08~27.08,,,,,
등촌동,202607,오피스텔_전월세,강서메트로칸,등촌동,656-52,17.58,,1000,55,8,21,2013,신규,26.08~27.08,,,,,
가양동,202607,오피스텔_전월세,마곡크리스아크,가양동,250-1,32.48,,29400,0,7,22,2021,신규,26.09~28.09,,,,,
가양동,202607,오피스텔_전월세,마곡보타닉투웨니퍼스트,가양동,257-1,28.33,,27000,0,6,20,2020,갱신,26.09~28.09,27000.0,,,,
화곡동,202607,오피스텔_전월세,화신오피스텔,화곡동,105-398,23.25,,1000,60,6,20,2002,신규,26.07~28.07,,,,,
마곡동,202607,오피스텔_전월세,마곡아이파크,마곡동,795-2,24.22,,2500,73,11,21,2016,신규,26.08~27.08,,,,,
마곡동,202607,오피스텔_전월세,마곡나루역보타닉푸르지오시티,마곡동,760,22.2,,15200,27,11,18,2017,신규,26.09~28.09,,,,,
마곡동,202607,오피스텔_전월세,마곡나루역보타닉푸르지오시티,마곡동,760,22.35,,17000,7,3,11,2017,갱신,26.07~27.07,17000.0,3.0,,,
마곡동,202607,오피스텔_전월세,힐스테이트에코마곡,마곡동,797-14,24.09,,15750,17,8,18,2016,신규,26.08~28.08,,,,,
등촌동,202607,오피스텔_전월세,등촌동 Y HAUS 오피스텔,등촌동,633-24,29.07,,24200,0,2,18,2020,갱신,26.08~28.08,24200.0,,,,
화곡동,202607,오피스텔_전월세,(918-2),화곡동,918-2,30,,1000,55,9,14,1998,신규,26.07~28.07,,,,,
염창동,202607,오피스텔_전월세,맥시하우스,염창동,241-11,15.6,,14500,0,8,21,2018,신규,26.09~28.09,,,,,
방화동,202607,오피스텔_전월세,오피앙,방화동,830,22.5,,500,39,7,8,2001,신규,26.07~27.07,,,,,
마곡동,202607,오피스텔_전월세,마곡나루역보타닉푸르지오시티,마곡동,760,19.96,,1000,76,3,21,2017,신규,26.07~27.07,,,,,
등촌동,202607,오피스텔_전월세,등촌동노블리움오피스텔,등촌동,628,23.32,,12600,10,7,20,2005,신규,26.08~28.08,,,,,
마곡동,202607,오피스텔_전월세,마곡 파크뷰 대방디엠시티 오피스텔,마곡동,776,26.68,,20400,12,8,21,2019,신규,26.08~28.08,,,,,
화곡동,202607,오피스텔_전월세,혜성오피스텔,화곡동,916-7,29.67,,2000,90,12,14,2021,신규,26.08~28.08,,,,,
마곡동,202607,오피스텔_전월세,마곡센트럴대방디엠시티오피스텔,마곡동,776-2,24.02,,1000,75,9,11,2017,갱신,26.08~27.08,1000.0,72.0,,,
등촌동,202607,오피스텔_전월세,비원오피스텔,등촌동,648-6,70.18,,27900,0,9,15,2004,신규,26.09~28.09,,,,,
마곡동,202607,오피스텔_전월세,마곡나루역캐슬파크,마곡동,760-2,23.39,,17700,20,4,18,2016,신규,26.09~28.09,,,,,
화곡동,202607,오피스텔_전월세,강서구청 파크뷰 에버,화곡동,987-1,15.46,,13000,0,13,21,2020,갱신,26.08~28.08,12420.0,,,,
등촌동,202607,오피스텔_전월세,등촌 미르웰 한올림 3차,등촌동,656-58,14.41,,12000,7,7,20,2018,갱신,26.07~27.07,13200.0,,,,
마곡동,202607,오피스텔_전월세,유림트윈파크,마곡동,793,19.99,,1000,68,7,20,2015,신규,26.08~27.08,,,,,
마곡동,202607,오피스텔_전월세,마곡일성트루엘플래닛,마곡동,758-2,21.43,,13300,15,3,17,2016,신규,26.08~28.08,,,,,
마곡동,202607,오피스텔_전월세,유림트윈파크,마곡동,793,19.99,,500,60,6,20,2015,갱신,26.08~27.08,500.0,57.0,,,
마곡동,202607,오피스텔_전월세,마곡럭스나인오피스텔,마곡동,758-4,25.29,,1000,90,11,20,2016,신규,26.07~27.07,,,,,
마곡동,202607,오피스텔_전월세,매그넘793,마곡동,793-7,32.6,,5000,110,5,20,2020,신규,26.08~28.08,,,,,
등촌동,202607,오피스텔_전월세,(115-6),등촌동,828,13.92,,15000,0,3,17,2020,신규,26.07~28.07,,,,,
마곡동,202607,오피스텔_전월세,마곡나루역보타닉푸르지오시티,마곡동,760,22.17,,15200,20,9,20,2017,갱신,26.08~28.08,17100.0,8.0,,,
마곡동,202607,오피스텔_전월세,마곡나루역보타닉푸르지오시티,마곡동,760,22.2,,1000,82,9,10,2017,갱신,26.07~27.07,1000.0,80.0,사용,,
화곡동,202607,오피스텔_전월세,한나일프레이즈,화곡동,1097-6,12.54,,6000,0,7,20,2010,갱신,26.07~28.07,6000.0,,,,
염창동,202607,오피스텔_전월세,아네스트염창,염창동,310,18.84,,8000,37,4,17,2019,갱신,26.08~28.08,8000.0,35.0,,,
화곡동,202607,오피스텔_전월세,(1075-11),화곡동,1075-11,38.16,,1000,70,4,18,2003,신규,26.07~28.07,,,,,
화곡동,202607,오피스텔_전월세,(24-104),화곡동,24-104,23.22,,6400,25,8,10,2002,갱신,26.07~28.07,6400.0,20.0,,,
마곡동,202607,오피스텔_전월세,마곡나루역보타닉푸르지오시티,마곡동,760,22.2,,1000,78,3,9,2017,갱신,26.07~27.07,1000.0,75.0,사용,,
등촌동,202607,오피스텔_전월세,루미에르,등촌동,641-12,19.99,,19900,0,2,20,2024,신규,26.08~28.08,,,,,
방화동,202607,오피스텔_전월세,에어뷰21-2오피스텔,방화동,830-1,26.22,,500,55,10,21,1999,신규,26.07~28.07,,,,,
등촌동,202607,오피스텔_전월세,루미에르,등촌동,641-12,22.44,,21000,0,7,20,2024,신규,26.09~28.08,,,,,
마곡동,202607,오피스텔_전월세,마곡헤리움2차,마곡동,758-3,22.51,,1000,75,6,20,2016,갱신,26.08~27.08,1000.0,75.0,,,
마곡동,202607,오피스텔_전월세,우성르보아,마곡동,793-6,19.36,,3000,55,10,20,2015,신규,26.08~27.08,,,,,
방화동,202607,오피스텔_전월세,방화샤르망2오피스텔,방화동,830-5,17.64,,500,37,6,16,2003,신규,26.07~27.07,,,,,
등촌동,202607,오피스텔_전월세,호성스카이오피스텔,등촌동,847,55.63,,37000,7,13,14,2020,갱신,26.08~27.08,37000.0,,,,
마곡동,202607,오피스텔_전월세,마곡나루역보타닉푸르지오시티,마곡동,760,22.2,,2000,75,5,7,2017,신규,26.07~27.07,,,,,
화곡동,202607,오피스텔_전월세,화성오피스텔,화곡동,29-45,25.42,,500,42,4,1,2003,신규,26.07~28.06,,,,,
화곡동,202607,오피스텔_전월세,원타워 5차 오피스텔,화곡동,987-7,17.04,,2000,70,4,11,2021,신규,26.09~28.08,,,,,
마곡동,202607,오피스텔_전월세,마곡에비앙,마곡동,793-3,18.97,,10400,15,2,20,2015,신규,26.08~28.08,,,,,
염창동,202607,오피스텔_전월세,노블레르,염창동,264-26,27.72,,25000,0,14,16,2019,신규,26.09~28.08,,,,,
화곡동,202607,오피스텔_전월세,자하클래식,화곡동,24-39,15.88,,13300,0,2,7,2018,신규,26.09~28.09,,,,,
등촌동,202607,오피스텔_전월세,뉴스토리오피스텔,등촌동,683-1,17.52,,1000,60,7,20,2013,신규,26.08~27.08,,,,,
화곡동,202607,오피스텔_전월세,화곡SJ라벨라,화곡동,921-6,42.13,,2000,150,3,7,2022,신규,26.07~27.07,,,,,
화곡동,202607,오피스텔_전월세,금강누리빌,화곡동,998-10,25.76,,7340,7,3,16,2012,갱신,26.07~28.07,7340.0,5.0,사용,,
마곡동,202607,오피스텔_전월세,마곡일성트루엘플래닛,마곡동,758-2,21.43,,500,66,4,18,2016,신규,26.07~27.07,,,,,
화곡동,202607,오피스텔_전월세,자하클래식,화곡동,24-39,15.88,,11700,0,9,14,2018,갱신,26.08~28.08,12300.0,,사용,,
등촌동,202607,오피스텔_전월세,베르데하우스,등촌동,641-8,27.9,,25600,0,7,15,2021,갱신,26.08~28.07,24840.0,,,,
방화동,202607,오피스텔_전월세,경동화인시티,방화동,612-2,19.44,,1000,47,6,15,2010,신규,26.07~28.07,,,,,
가양동,202607,오피스텔_전월세,미씨엘로오피스텔,가양동,1480-4,26.52,,9900,10,2,20,2010,신규,26.09~28.09,,,,,
가양동,202607,오피스텔_전월세,마곡보타닉투웨니퍼스트,가양동,257-1,28.33,,1500,110,10,7,2020,갱신,26.08~29.08,1000.0,100.0,,,
마곡동,202607,오피스텔_전월세,마곡오드카운티2차,마곡동,784-9,17.36,,1000,66,7,19,,갱신,26.07~27.07,1000.0,64.0,,,
마곡동,202607,오피스텔_전월세,마곡센트럴대방디엠시티오피스텔,마곡동,776-2,24.02,,1000,82,3,20,2017,갱신,26.08~27.08,1000.0,78.0,,,
마곡동,202607,오피스텔_전월세,마곡럭스나인오피스텔 엘동,마곡동,758-1,21.87,,3000,70,6,20,2017,신규,26.07~27.06,,,,,
마곡동,202607,오피스텔_전월세,마곡나루역캐슬파크,마곡동,760-2,23.39,,5000,53,11,11,2016,신규,26.08~27.08,,,,,
화곡동,202607,오피스텔_전월세,화곡SJ라벨라,화곡동,921-6,42.13,,3000,106,5,20,2022,갱신,26.08~27.08,3000.0,100.0,,,
마곡동,202607,오피스텔_전월세,마곡아이파크,마곡동,795-2,35.68,,29700,0,6,18,2016,신규,26.10~28.10,,,,,
마곡동,202607,오피스텔_전월세,마곡일성트루엘플래닛,마곡동,758-2,42.86,,34000,0,14,18,2016,갱신,26.09~28.09,33000.0,,사용,,
마곡동,202607,오피스텔_전월세,마곡나루역보타닉푸르지오시티,마곡동,760,22.2,,17100,13,10,15,2017,갱신,26.09~28.09,17100.0,10.0,,,
마곡동,202607,오피스텔_전월세,마곡역센트럴푸르지오시티,마곡동,773-1,23.87,,1000,84,10,17,2016,갱신,26.08~27.08,1000.0,80.0,,,
마곡동,202607,오피스텔_전월세,마곡센트럴대방디엠시티오피스텔,마곡동,776-2,24.02,,1000,82,6,17,2017,신규,26.08~27.08,,,,,
마곡동,202607,오피스텔_전월세,마곡나루역보타닉푸르지오시티,마곡동,760,22.2,,1000,70,8,20,2017,신규,26.09~27.09,,,,,
마곡동,202607,오피스텔_전월세,필네이처,마곡동,795-1,24.63,,1000,80,3,15,2016,신규,26.07~27.07,,,,,
등촌동,202607,오피스텔_전월세,센트럴시티,등촌동,656-57,14.91,,12000,35,10,3,2020,신규,26.08~28.08,,,,,
등촌동,202607,오피스텔_전월세,강서메트로칸,등촌동,656-52,17.34,,10200,0,13,10,2013,신규,26.08~28.08,,,,,
마곡동,202607,오피스텔_전월세,마곡대명투웨니퍼스트,마곡동,784-6,17.96,,10800,15,3,17,2015,갱신,26.07~28.07,10800.0,15.0,,,
등촌동,202607,오피스텔_전월세,비원오피스텔,등촌동,648-6,40.37,,1000,85,9,16,2004,신규,26.08~28.08,,,,,
등촌동,202607,오피스텔_전월세,등촌동 Y HAUS 오피스텔,등촌동,633-24,28.3,,25000,0,15,15,2020,신규,26.09~28.09,,,,,
공항동,202607,오피스텔_전월세,에테르힐스,공항동,45-11,28.81,,5000,80,10,9,2023,신규,26.07~28.07,,,,,
화곡동,202607,오피스텔_전월세,KM파크빌,화곡동,903-11,28.22,,4000,70,10,10,2019,신규,26.07~28.07,,,,,
마곡동,202607,오피스텔_전월세,마곡센트럴대방디엠시티오피스텔,마곡동,776-2,29.48,,4000,76,6,4,2017,신규,26.07~27.07,,,,,
등촌동,202607,오피스텔_전월세,(115-6),등촌동,828,13.92,,14000,10,6,14,2020,신규,26.09~28.09,,,,,
가양동,202607,오피스텔_전월세,가양글로벌퍼스트,가양동,448-11,28.12,,23000,20,14,16,2018,신규,26.09~28.08,,,,,
마곡동,202607,오피스텔_전월세,마곡헤리움2차,마곡동,758-3,22.51,,1000,77,3,17,2016,신규,26.07~27.07,,,,,
마곡동,202607,오피스텔_전월세,마곡나루역보타닉푸르지오시티,마곡동,760,42.65,,5000,140,12,13,2017,신규,26.10~27.10,,,,,
가양동,202607,오피스텔_전월세,휴먼빌,가양동,1479-9,25.64,,500,60,11,7,2004,신규,26.08~27.08,,,,,
등촌동,202607,오피스텔_전월세,거산파크빌,등촌동,506-25,33.27,,23000,11,8,17,2016,갱신,26.09~28.09,21790.0,11.0,,,
마곡동,202607,오피스텔_전월세,마곡나루역보타닉푸르지오시티,마곡동,760,22.17,,1000,80,4,17,2017,신규,26.07~27.07,,,,,
화곡동,202607,오피스텔_전월세,모닝스카이오피스텔,화곡동,1052-14,29.6,,1000,79,4,16,2002,신규,26.07~27.07,,,,,
등촌동,202607,오피스텔_전월세,트라비하우스,등촌동,628-18,50.16,,1000,107,12,17,2005,신규,26.10~27.10,,,,,
마곡동,202607,오피스텔_전월세,마곡일성트루엘플래닛,마곡동,758-2,21.43,,1000,72,10,18,2016,갱신,26.07~27.01,1000.0,70.0,사용,,
가양동,202607,오피스텔_전월세,마곡보타닉투웨니퍼스트,가양동,257-1,28.33,,23500,20,3,13,2020,갱신,26.09~28.09,23500.0,15.0,사용,,
마곡동,202607,오피스텔_전월세,마곡 헤리움1차,마곡동,739-4,24.07,,13700,15,9,17,2015,갱신,26.08~28.08,14080.0,10.0,,,
마곡동,202607,오피스텔_전월세,마곡역센트럴푸르지오시티,마곡동,773-1,23,,15800,11,7,17,2016,갱신,26.08~27.01,15975.0,7.0,,,
마곡동,202607,오피스텔_전월세,마곡경동미르웰,마곡동,784,17.96,,12150,9,4,16,2015,신규,26.08~28.08,,,,,
등촌동,202607,오피스텔_전월세,등촌투웨니퍼스트3차,등촌동,633-21,27.97,,20925,10,14,17,2016,신규,26.08~28.08,,,,,
마곡동,202607,오피스텔_전월세,마곡헤리움2차,마곡동,758-3,22.51,,1000,75,3,13,2016,신규,26.07~27.07,,,,,
화곡동,202607,오피스텔_전월세,투웨니퍼스트 강서마곡,화곡동,1097-9,28.93,,25000,5,11,16,2021,신규,26.09~28.09,,,,,
방화동,202607,오피스텔_전월세,라센트로,방화동,620-115,44.4,,27000,0,10,17,2022,갱신,26.09~28.09,27000.0,,,,
방화동,202607,오피스텔_전월세,에어뷰21-2오피스텔,방화동,830-1,26.22,,500,50,11,11,1999,신규,26.07~27.07,,,,,
마곡동,202607,오피스텔_전월세,마곡나루역캐슬파크,마곡동,760-2,23.39,,1000,76,14,18,2016,신규,26.08~27.08,,,,,
가양동,202607,오피스텔_전월세,가양글로벌퍼스트,가양동,448-11,28.12,,23100,15,10,13,2018,신규,26.08~28.08,,,,,
등촌동,202607,오피스텔_전월세,비원오피스텔,등촌동,648-6,40.37,,14600,0,7,16,2004,신규,26.08~28.08,,,,,
마곡동,202607,오피스텔_전월세,힐스테이트에코 마곡나루역 라마다앙코르 서울마곡,마곡동,760-1,20.1,,14850,2,5,10,2017,신규,26.09~28.09,,,,,
염창동,202607,오피스텔_전월세,염창투웨니퍼스트,염창동,262,28.57,,26500,0,10,14,2019,신규,26.09~28.09,,,,,
등촌동,202607,오피스텔_전월세,(115-6),등촌동,828,13.92,,1000,72,6,17,2020,신규,26.07~27.07,,,,,
마곡동,202607,오피스텔_전월세,마곡시티오피스텔,마곡동,758,22.51,,14600,15,11,11,2016,신규,26.08~28.08,,,,,
마곡동,202607,오피스텔_전월세,힐스테이트 에코 마곡역,마곡동,773,19.87,,1000,78,14,8,2017,갱신,26.09~27.09,1000.0,75.0,,,
마곡동,202607,오피스텔_전월세,마곡센트럴대방디엠시티오피스텔,마곡동,776-2,24.02,,3000,68,11,16,2017,신규,26.09~27.09,,,,,
마곡동,202607,오피스텔_전월세,마곡센트럴대방디엠시티오피스텔,마곡동,776-2,39.97,,1000,150,3,10,2017,신규,26.07~27.07,,,,,
마곡동,202607,오피스텔_전월세,마곡 헤리움1차,마곡동,739-4,24.07,,1000,65,7,16,2015,신규,26.07~27.07,,,,,
마곡동,202607,오피스텔_전월세,마곡센트럴대방디엠시티오피스텔,마곡동,776-2,24.02,,16200,15,10,16,2017,신규,26.08~28.08,,,,,
등촌동,202607,오피스텔_전월세,등촌동 Y HAUS 오피스텔,등촌동,633-24,28.3,,3000,105,9,10,2020,신규,26.07~27.07,,,,,
마곡동,202607,오피스텔_전월세,마곡나루역보타닉푸르지오시티,마곡동,760,21.89,,1000,81,5,15,2017,갱신,26.07~27.07,1000.0,77.0,사용,,
마곡동,202607,오피스텔_전월세,청람아트빌,마곡동,6-4,36.57,,17500,15,3,15,2018,신규,26.09~28.09,,,,,
방화동,202607,오피스텔_전월세,공항오피스텔,방화동,620-175,29.3,,8180,22,5,15,2001,신규,26.08~28.08,,,,,
마곡동,202607,오피스텔_전월세,마곡럭스나인오피스텔 엘동,마곡동,758-1,21.87,,1000,66,5,16,2017,갱신,26.09~27.09,1000.0,63.0,사용,,
마곡동,202607,오피스텔_전월세,마곡오드카운티2차,마곡동,784-9,17.36,,11900,0,3,16,,신규,26.08~28.08,,,,,
화곡동,202607,오피스텔_전월세,(918-2),화곡동,918-2,60,,15000,20,5,6,1998,신규,26.09~28.09,,,,,
등촌동,202607,오피스텔_전월세,경동미르웰 양천향교 101동,등촌동,820,14.33,,3000,55,10,4,2017,신규,26.07~27.07,,,,,
염창동,202607,오피스텔_전월세,아네스트염창,염창동,310,20.86,,13000,16,3,14,2019,신규,26.09~28.09,,,,,
방화동,202607,오피스텔_전월세,제이엘카운티,방화동,612-71,73.23,,25500,0,3,16,2015,신규,26.08~28.08,,,,,
마곡동,202607,오피스텔_전월세,마곡 헤리움1차,마곡동,739-4,29.14,,16000,18,9,15,2015,신규,26.09~28.09,,,,,
마곡동,202607,오피스텔_전월세,마곡 파크뷰 대방디엠시티 오피스텔,마곡동,776,26.68,,20475,14,7,15,2019,갱신,26.07~27.07,20925.0,8.0,,,
마곡동,202607,오피스텔_전월세,마곡 파크뷰 대방디엠시티 오피스텔,마곡동,776,26.68,,20400,15,8,15,2019,신규,26.07~28.07,,,,,
방화동,202607,오피스텔_전월세,오피앙,방화동,830,22.5,,6300,0,11,16,2001,갱신,26.07~28.07,6300.0,,,,
가양동,202607,오피스텔_전월세,휴먼빌,가양동,1479-9,25.64,,2000,48,13,3,2004,갱신,26.08~27.08,2000.0,45.0,사용,,
방화동,202607,오피스텔_전월세,방화샤르망1오피스텔,방화동,830-3,16.29,,300,37,4,2,2003,신규,26.07~27.07,,,,,
가양동,202607,오피스텔_전월세,가양글로벌퍼스트,가양동,448-11,28.12,,2000,115,14,4,2018,신규,26.09~27.09,,,,,
등촌동,202607,오피스텔_전월세,등촌동두산위브센티움,등촌동,631,22.6,,1000,65,11,2,2004,신규,26.07~27.07,,,,,
마곡동,202607,오피스텔_전월세,마곡일성트루엘플래닛,마곡동,758-2,21.43,,1000,75,8,7,2016,신규,26.07~27.07,,,,,
마곡동,202607,오피스텔_전월세,마곡오드카운티2차,마곡동,784-9,20.82,,1000,74,4,11,,신규,26.07~27.07,,,,,
마곡동,202607,오피스텔_전월세,마곡센트럴대방디엠시티오피스텔,마곡동,776-2,30.84,,1000,85,11,14,2017,신규,26.07~27.07,,,,,
화곡동,202607,오피스텔_전월세,르미엘,화곡동,987-3,17.59,,17850,0,7,16,2022,신규,26.08~28.08,,,,,
염창동,202607,오피스텔_전월세,서경팰리스,염창동,267-10,28.69,,2000,110,4,11,2018,신규,26.08~27.08,,,,,
마곡동,202607,오피스텔_전월세,벨리오,마곡동,784-8,20.58,,1000,68,5,14,2015,갱신,26.07~27.07,1000.0,68.0,,,
등촌동,202607,오피스텔_전월세,신도그랑피아오피스텔,등촌동,642-2,54.4,,20700,10,6,13,2003,신규,26.10~28.10,,,,,
화곡동,202607,오피스텔_전월세,SJ라벨라,화곡동,1111,28.1,,22500,0,9,15,2020,갱신,26.07~27.07,21500.0,,,,
화곡동,202607,오피스텔_전월세,(1051-4),화곡동,1051-4,19.76,,500,52,4,8,2002,신규,26.07~28.07,,,,,
화곡동,202607,오피스텔_전월세,포유,화곡동,1111-4,17.92,,1000,65,11,7,2018,갱신,26.07~27.07,1000.0,63.0,,,
등촌동,202607,오피스텔_전월세,등촌 미르웰 한올림 3차,등촌동,656-58,14.41,,1000,65,14,9,2018,갱신,26.08~27.08,1000.0,64.0,,,
화곡동,202607,오피스텔_전월세,강서2차 크라운팰리스,화곡동,1070-11,28.17,,26000,5,7,11,2020,갱신,26.07~28.07,26000.0,,,,
마곡동,202607,오피스텔_전월세,마곡일성트루엘플래닛,마곡동,758-2,21.43,,13300,7,3,6,2016,갱신,26.07~27.07,14400.0,,사용,,
마곡동,202607,오피스텔_전월세,힐스테이트에코동익,마곡동,773-3,24.57,,1000,85,14,8,2017,신규,26.07~27.07,,,,,
화곡동,202607,오피스텔_전월세,(24-103),화곡동,24-103,25.51,,6000,35,4,8,2002,신규,26.08~28.08,,,,,
등촌동,202607,오피스텔_전월세,현대프린스텔,등촌동,628-13,22.78,,1000,50,6,15,1999,갱신,26.08~27.08,1000.0,50.0,,,
공항동,202607,오피스텔_전월세,에테르힐스,공항동,45-11,28.81,,23000,0,3,14,2023,신규,26.09~28.09,,,,,
등촌동,202607,오피스텔_전월세,경동미르웰양천향교2차,등촌동,685,29.68,,3000,110,4,15,2020,신규,26.09~28.09,,,,,
화곡동,202607,오피스텔_전월세,강서구청 파크뷰 에버,화곡동,987-1,15.43,,500,63,7,15,2020,신규,26.07~27.07,,,,,
마곡동,202607,오피스텔_전월세,벨리오,마곡동,784-8,20.57,,12600,13,5,15,2015,갱신,26.07~28.07,13300.0,10.0,,,
마곡동,202607,오피스텔_전월세,마곡경동미르웰,마곡동,784,17.96,,12150,12,4,14,2015,신규,26.07~28.07,,,,,
마곡동,202607,오피스텔_전월세,마곡센트럴대방디엠시티오피스텔,마곡동,776-2,24.02,,3000,64,4,14,2017,신규,26.07~27.07,,,,,
마곡동,202607,오피스텔_전월세,마곡오드카운티2차,마곡동,784-9,17.36,,13000,0,7,8,,신규,26.08~28.08,,,,,
방화동,202607,오피스텔_전월세,에어뷰21-1오피스텔,방화동,829-5,26.91,,500,50,5,15,1999,신규,26.09~27.09,,,,,
가양동,202607,오피스텔_전월세,마곡보타닉투웨니퍼스트,가양동,257-1,28.33,,3000,116,5,13,2020,갱신,26.08~27.08,3000.0,110.0,,,
마곡동,202607,오피스텔_전월세,마곡아이파크,마곡동,795-2,24.9,,1000,78,4,3,2016,신규,26.07~27.07,,,,,
등촌동,202607,오피스텔_전월세,아이디움,등촌동,656-36,17.31,,1000,55,9,11,2014,신규,26.07~27.07,,,,,
가양동,202607,오피스텔_전월세,이스타빌1차,가양동,1480-5,27,,1000,60,13,2,2002,신규,26.07~27.07,,,,,
마곡동,202607,오피스텔_전월세,마곡경동미르웰,마곡동,784,17.96,,500,70,5,7,2015,신규,26.07~27.07,,,,,
마곡동,202607,오피스텔_전월세,마곡경동미르웰,마곡동,784,17.96,,12900,0,3,8,2015,신규,26.08~28.08,,,,,
등촌동,202607,오피스텔_전월세,등촌동 Y HAUS 오피스텔,등촌동,633-24,28.3,,25000,0,15,14,2020,신규,26.08~28.08,,,,,
마곡동,202607,오피스텔_전월세,힐스테이트에코 마곡나루역 라마다앙코르 서울마곡,마곡동,760-1,21.5,,15300,18,8,13,2017,신규,26.08~28.08,,,,,
마곡동,202607,오피스텔_전월세,힐스테이트에코 마곡나루역 라마다앙코르 서울마곡,마곡동,760-1,20.84,,1000,75,11,8,2017,신규,26.07~27.07,,,,,
가양동,202607,오피스텔_전월세,가양글로벌퍼스트,가양동,448-11,28.12,,24000,15,13,4,2018,갱신,26.08~28.08,24000.0,12.0,,,
화곡동,202607,오피스텔_전월세,웨인씨티,화곡동,24-42,29.28,,12000,60,11,8,2021,신규,26.08~28.08,,,,,
마곡동,202607,오피스텔_전월세,마곡대명투웨니퍼스트,마곡동,784-6,17.96,,12400,0,4,8,2015,신규,26.08~28.08,,,,,
마곡동,202607,오피스텔_전월세,마곡센트럴대방디엠시티오피스텔,마곡동,776-2,24.02,,1000,80,11,14,2017,신규,26.09~27.09,,,,,
마곡동,202607,오피스텔_전월세,마곡센트럴대방디엠시티오피스텔,마곡동,776-2,39.97,,34000,0,11,14,2017,신규,26.08~28.08,,,,,
등촌동,202607,오피스텔_전월세,경동미르웰양천향교2차,등촌동,685,29.68,,3000,120,9,13,2020,신규,26.09~27.09,,,,,
마곡동,202607,오피스텔_전월세,마곡오드카운티1차,마곡동,784-11,16.57,,500,64,10,8,2016,갱신,26.08~27.08,500.0,61.0,,,
화곡동,202607,오피스텔_전월세,양지샤인빌,화곡동,915-19,24.18,,5500,58,4,14,2019,신규,26.08~28.08,,,,,
화곡동,202607,오피스텔_전월세,엔에스타운,화곡동,368-32,49.27,,29900,7,6,11,2019,갱신,26.08~28.08,29900.0,,,,
마곡동,202607,오피스텔_전월세,마곡역센트럴푸르지오시티,마곡동,773-1,23.87,,16300,17,8,14,2016,신규,26.08~28.08,,,,,
마곡동,202607,오피스텔_전월세,스카이오피스텔,마곡동,784-3,17.52,,9450,17,8,14,2016,신규,26.08~28.08,,,,,
마곡동,202607,오피스텔_전월세,마곡경동미르웰,마곡동,784,17.96,,1000,62,7,7,2015,갱신,26.08~27.08,3000.0,51.0,,,
마곡동,202607,오피스텔_전월세,힐스테이트에코동익,마곡동,773-3,24.57,,1000,83,10,14,2017,신규,26.07~27.07,,,,,
방화동,202607,오피스텔_전월세,에어뷰21-1오피스텔,방화동,829-5,26.91,,6900,10,3,14,1999,신규,26.08~28.08,,,,,
마곡동,202607,오피스텔_전월세,힐스테이트에코마곡,마곡동,797-14,23.75,,1000,80,5,14,2016,신규,26.07~27.07,,,,,
화곡동,202607,오피스텔_전월세,원타워 5차 오피스텔,화곡동,987-7,17.04,,15900,0,9,14,2021,신규,26.09~28.09,,,,,
화곡동,202607,오피스텔_전월세,(1063-17),화곡동,1063-17,34.29,,500,50,7,13,2002,갱신,26.07~28.07,500.0,47.0,,,
공항동,202607,오피스텔_전월세,크라운타워,공항동,72-20,28.34,,4000,77,6,14,2024,신규,26.09~28.09,,,,,
등촌동,202607,오피스텔_전월세,경동미르웰한올림,등촌동,656,16.19,,12000,14,4,13,2016,신규,26.08~28.08,,,,,
화곡동,202607,오피스텔_전월세,화곡투웨니퍼스트,화곡동,105-378,28.45,,1000,98,5,8,2018,신규,26.07~28.07,,,,,
등촌동,202607,오피스텔_전월세,등촌동두산위브센티움,등촌동,631,22.6,,10000,30,7,11,2004,신규,26.07~28.07,,,,,
화곡동,202607,오피스텔_전월세,투웨니퍼스트 강서마곡,화곡동,1097-9,15.76,,3000,71,12,14,2021,신규,26.07~27.07,,,,,
등촌동,202607,오피스텔_전월세,현대프린스텔,등촌동,628-13,28.78,,9450,15,6,14,1999,갱신,26.08~27.08,9450.0,10.0,,,
화곡동,202607,오피스텔_전월세,(1063-17),화곡동,1063-17,24.08,,1000,48,3,2,2002,갱신,26.07~28.07,1000.0,46.0,,,
방화동,202607,오피스텔_전월세,(620-214),방화동,620-214,27.37,,1000,55,7,11,2011,갱신,26.07~28.07,4000.0,35.0,,,
마곡동,202607,오피스텔_전월세,마곡나루역캐슬파크,마곡동,760-2,23.39,,1000,90,5,1,2016,신규,26.07~27.07,,,,,
등촌동,202607,오피스텔_전월세,아줄리움,등촌동,637-16,33,,27000,0,7,14,2019,신규,26.08~28.08,,,,,
화곡동,202607,오피스텔_전월세,화곡SJ라벨라,화곡동,921-6,42.13,,3000,130,8,14,2022,신규,26.07~27.07,,,,,
등촌동,202607,오피스텔_전월세,디앤써밋 모이다,등촌동,648-10,24.57,,29000,0,6,10,,신규,26.09~28.09,,,,,
등촌동,202607,오피스텔_전월세,등촌동 Y HAUS 오피스텔,등촌동,633-24,28.61,,10000,54,14,10,2020,신규,26.09~27.09,,,,,
화곡동,202607,오피스텔_전월세,화곡투웨니퍼스트,화곡동,105-378,28.45,,1000,97,9,9,2018,신규,26.08~28.08,,,,,
화곡동,202607,오피스텔_전월세,포유,화곡동,1111-4,17.92,,1000,66,10,14,2018,갱신,26.08~27.08,1000.0,64.0,,,
마곡동,202607,오피스텔_전월세,마곡나루역보타닉푸르지오시티,마곡동,760,22.2,,1000,85,9,11,2017,신규,26.08~27.08,,,,,
염창동,202607,오피스텔_전월세,대명투웨니퍼스트,염창동,283-3,15.04,,13200,7,5,14,2012,갱신,26.08~28.08,13200.0,5.0,사용,,
염창동,202607,오피스텔_전월세,동남빌리지,염창동,263-20,28.4,,3000,63,2,11,2019,신규,26.07~27.07,,,,,
공항동,202607,오피스텔_전월세,이스카이오피스텔,공항동,49-1,28.11,,1000,60,7,13,2011,신규,26.08~27.08,,,,,
가양동,202607,오피스텔_전월세,마곡보타닉투웨니퍼스트,가양동,257-1,28.33,,24150,20,9,10,2020,갱신,26.08~27.08,24150.0,15.0,,,
마곡동,202607,오피스텔_전월세,마곡나루역보타닉푸르지오시티,마곡동,760,19.96,,1000,76,13,13,2017,갱신,26.07~27.07,1000.0,72.0,,,
마곡동,202607,오피스텔_전월세,마곡나루역보타닉푸르지오시티,마곡동,760,22.2,,1000,85,13,12,2017,신규,26.07~27.07,,,,,
가양동,202607,오피스텔_전월세,마곡보타닉투웨니퍼스트,가양동,257-1,28.33,,1000,120,8,10,2020,신규,26.09~27.09,,,,,
마곡동,202607,오피스텔_전월세,마곡센트럴대방디엠시티오피스텔,마곡동,776-2,29.48,,1000,90,13,13,2017,갱신,26.07~27.07,1000.0,87.0,,,
등촌동,202607,오피스텔_전월세,대룡드림타워-1,등촌동,684-3,46.68,,20900,20,9,8,2004,갱신,26.08~28.08,21600.0,16.0,사용,,
마곡동,202607,오피스텔_전월세,우성르보아투,마곡동,739-2,20.24,,1000,57,10,10,2015,갱신,26.08~27.08,1000.0,54.0,,,
등촌동,202607,오피스텔_전월세,등촌2차 크라운팰리스,등촌동,641-2,37.3,,32490,0,6,10,2020,신규,26.08~28.08,,,,,
마곡동,202607,오피스텔_전월세,마곡 파크뷰 대방디엠시티 오피스텔,마곡동,776,35.22,,2000,140,6,11,2019,신규,26.09~27.09,,,,,
등촌동,202607,오피스텔_전월세,아이디움,등촌동,656-36,17.31,,1000,50,11,10,2014,신규,26.08~27.08,,,,,
등촌동,202607,오피스텔_전월세,트라비하우스,등촌동,628-18,50.16,,27000,8,2,11,2005,신규,26.08~28.08,,,,,
등촌동,202607,오피스텔_전월세,ACE A-ZONE,등촌동,639-8,82.43,,43500,0,4,11,2005,신규,26.10~28.10,,,,,
등촌동,202607,오피스텔_전월세,라빌라스,등촌동,637-19,29.91,,21000,20,9,7,2018,신규,26.08~28.08,,,,,
마곡동,202607,오피스텔_전월세,마곡 헤리움1차,마곡동,739-4,24.07,,4000,45,13,13,2015,갱신,26.08~28.08,3000.0,45.0,,,
화곡동,202607,오피스텔_전월세,SJ라벨라,화곡동,1111,22.35,,18585,0,13,13,2020,신규,26.08~28.08,,,,,
마곡동,202607,오피스텔_전월세,마곡경동미르웰,마곡동,784,17.96,,3200,57,6,13,2015,신규,26.07~27.07,,,,,
염창동,202607,오피스텔_전월세,동남빌리지,염창동,263-20,27.55,,3000,68,6,11,2019,신규,26.10~27.09,,,,,
화곡동,202607,오피스텔_전월세,화곡SJ라벨라,화곡동,921-6,74.92,,5500,137,1,13,2022,갱신,26.08~27.08,5500.0,130.0,사용,,
마곡동,202607,오피스텔_전월세,마곡나루역보타닉푸르지오시티,마곡동,760,21.89,,15200,17,14,9,2017,갱신,26.07~28.07,17000.0,7.0,,,
화곡동,202607,오피스텔_전월세,삼성다빈치,화곡동,917-14,18.9,,1000,47,2,10,2015,갱신,26.07~27.07,1000.0,45.0,,,
마곡동,202607,오피스텔_전월세,마곡 파크뷰 대방디엠시티 오피스텔,마곡동,776,35.22,,3000,130,14,13,2019,신규,26.07~27.07,,,,,
마곡동,202607,오피스텔_전월세,엠코지니어스타,마곡동,776-4,23.84,,15600,14,9,10,2015,갱신,26.08~28.08,15900.0,10.0,사용,,
화곡동,202607,오피스텔_전월세,모닝스카이오피스텔,화곡동,1052-14,29.6,,1000,79,3,5,2002,신규,26.07~27.07,,,,,
등촌동,202607,오피스텔_전월세,베르데하우스,등촌동,641-8,27.9,,25800,0,9,8,2021,갱신,26.09~28.09,25000.0,,,,
마곡동,202607,오피스텔_전월세,마곡 파크뷰 대방디엠시티 오피스텔,마곡동,776,21.25,,1000,80,9,13,2019,신규,26.07~27.07,,,,,
화곡동,202607,오피스텔_전월세,원타워 5차 오피스텔,화곡동,987-7,17.04,,2000,70,18,10,2021,신규,26.09~27.09,,,,,
화곡동,202607,오피스텔_전월세,거마지엠밸리,화곡동,1116-5,13.89,,2000,62,18,11,2020,신규,26.07~27.07,,,,,
마곡동,202607,오피스텔_전월세,벨리오,마곡동,784-8,20.58,,500,70,7,13,2015,신규,26.07~27.07,,,,,
화곡동,202607,오피스텔_전월세,제이투 리더스뷰,화곡동,935-2,29.63,,1000,110,9,6,2022,신규,26.07~28.07,,,,,
화곡동,202607,오피스텔_전월세,SJ라벨라,화곡동,1111,27.59,,20500,0,3,10,2020,신규,26.08~28.08,,,,,
마곡동,202607,오피스텔_전월세,마곡오드카운티1차,마곡동,784-11,16.57,,500,67,8,13,2016,갱신,26.08~27.08,500.0,65.0,,,
방화동,202607,오피스텔_전월세,오피앙2,방화동,829,22.5,,500,45,7,11,2002,신규,26.07~27.07,,,,,
화곡동,202607,오피스텔_전월세,미리내오피스텔,화곡동,937-12,19.69,,12000,15,7,7,2019,신규,26.08~28.08,,,,,
가양동,202607,오피스텔_전월세,마곡보타닉투웨니퍼스트,가양동,257-1,28.33,,24300,0,3,11,2020,갱신,26.08~28.08,23152.0,,사용,,
마곡동,202607,오피스텔_전월세,마곡센트럴대방디엠시티오피스텔,마곡동,776-2,30.84,,20076,0,3,11,2017,갱신,26.09~27.09,19120.0,,사용,,
마곡동,202607,오피스텔_전월세,마곡일성트루엘플래닛,마곡동,758-2,21.43,,13300,0,10,11,2016,갱신,26.08~28.08,13900.0,,,,
마곡동,202607,오피스텔_전월세,마곡헤리움2차,마곡동,758-3,22.51,,1000,75,5,10,2016,신규,26.07~27.07,,,,,
등촌동,202607,오피스텔_전월세,강변샤르망3단지,등촌동,628-17,58.36,,35100,0,10,11,2005,신규,26.09~28.09,,,,,
가양동,202607,오피스텔_전월세,휴먼빌,가양동,1479-9,30.8,,9500,0,8,8,2004,신규,26.07~28.07,,,,,
마곡동,202607,오피스텔_전월세,마곡나루역캐슬파크,마곡동,760-2,26.22,,18000,22,10,11,2016,신규,26.08~28.08,,,,,
공항동,202607,오피스텔_전월세,대룡드림타워-Ⅱ,공항동,45-19,27.34,,7000,0,3,8,2005,신규,26.08~27.08,,,,,
마곡동,202607,오피스텔_전월세,힐스테이트에코 마곡나루역 라마다앙코르 서울마곡,마곡동,760-1,20.84,,1000,75,6,8,2017,신규,26.07~27.07,,,,,
마곡동,202607,오피스텔_전월세,마곡 헤리움1차,마곡동,739-4,24.07,,13700,15,14,7,2015,신규,26.07~28.07,,,,,
등촌동,202607,오피스텔_전월세,경동미르웰한올림,등촌동,656,16.19,,1000,70,10,10,2016,신규,26.08~27.08,,,,,
마곡동,202607,오피스텔_전월세,마곡럭스나인오피스텔 엘동,마곡동,758-1,21.87,,14100,0,4,13,2017,신규,26.09~27.09,,,,,
마곡동,202607,오피스텔_전월세,마곡나루역보타닉푸르지오시티,마곡동,760,21.89,,15200,0,10,11,2017,신규,26.08~28.08,,,,,
마곡동,202607,오피스텔_전월세,엠코지니어스타,마곡동,776-4,23.84,,15600,15,10,10,2015,신규,26.08~28.08,,,,,
마곡동,202607,오피스텔_전월세,마곡나루역캐슬파크,마곡동,760-2,23.39,,17700,20,5,8,2016,신규,26.08~28.08,,,,,
화곡동,202607,오피스텔_전월세,Urban edge(어반엣지),화곡동,24-169,28.76,,1000,115,7,10,2026,신규,26.07~28.07,,,,,
마곡동,202607,오피스텔_전월세,마곡럭스나인오피스텔,마곡동,758-4,21.87,,1000,75,7,7,2016,신규,26.07~27.07,,,,,
염창동,202607,오피스텔_전월세,염창이레타워벨리스,염창동,264-16,27.27,,28000,0,9,11,2022,신규,26.09~28.09,,,,,
공항동,202607,오피스텔_전월세,에테르힐스,공항동,45-11,28.81,,23000,0,8,7,2023,신규,26.08~28.08,,,,,
등촌동,202607,오피스텔_전월세,등촌동두산위브센티움,등촌동,631,22.6,,1000,70,6,11,2004,신규,26.09~27.09,,,,,
등촌동,202607,오피스텔_전월세,등촌동노블리움오피스텔,등촌동,628,48.53,,1000,95,5,10,2005,갱신,26.10~28.10,1000.0,95.0,,,
마곡동,202607,오피스텔_전월세,마곡헤리움2차,마곡동,758-3,22.51,,13635,0,6,11,2016,갱신,26.08~27.08,15050.0,,사용,,
가양동,202607,오피스텔_전월세,마곡보타닉투웨니퍼스트,가양동,257-1,28.33,,24000,10,9,11,2020,신규,26.08~28.08,,,,,
마곡동,202607,오피스텔_전월세,마곡에비앙,마곡동,793-3,18.97,,3000,65,5,1,2015,신규,26.07~27.07,,,,,
염창동,202607,오피스텔_전월세,서경팰리스,염창동,267-10,28.69,,3000,110,10,5,2018,신규,26.08~27.08,,,,,
마곡동,202607,오피스텔_전월세,마곡헤리움2차,마곡동,758-3,22.51,,1000,79,4,8,2016,신규,26.07~27.07,,,,,
등촌동,202607,오피스텔_전월세,등촌2차 크라운팰리스,등촌동,641-2,27.9,,25380,12,5,9,2020,신규,26.08~28.08,,,,,
마곡동,202607,오피스텔_전월세,힐스테이트에코 마곡나루역 라마다앙코르 서울마곡,마곡동,760-1,38.04,,22800,29,13,10,2017,갱신,26.07~27.07,22800.0,24.0,사용,,
방화동,202607,오피스텔_전월세,오피앙,방화동,830,22.5,,1000,50,5,3,2001,신규,26.07~27.07,,,,,
마곡동,202607,오피스텔_전월세,마곡일성트루엘플래닛,마곡동,758-2,21.43,,500,74,9,9,2016,갱신,26.07~28.07,500.0,72.0,,,
공항동,202607,오피스텔_전월세,대룡드림타워-Ⅱ,공항동,45-19,25.83,,500,50,4,9,2005,신규,26.07~27.07,,,,,
화곡동,202607,오피스텔_전월세,연우넥스트파크뷰,화곡동,1110,15.29,,13500,10,3,10,2019,신규,26.09~28.09,,,,,
마곡동,202607,오피스텔_전월세,힐스테이트에코동익,마곡동,773-3,24.57,,18900,14,13,10,2017,갱신,26.07~28.07,18900.0,10.0,,,
화곡동,202607,오피스텔_전월세,연우넥스트파크뷰,화곡동,1110,15.29,,1000,62,4,8,2019,신규,26.07~27.07,,,,,
방화동,202607,오피스텔_전월세,방화샤르망2오피스텔,방화동,830-5,17.64,,500,38,6,10,2003,신규,26.07~27.07,,,,,
마곡동,202607,오피스텔_전월세,마곡아이파크,마곡동,795-2,24.9,,15300,15,10,9,2016,신규,26.08~28.08,,,,,
마곡동,202607,오피스텔_전월세,필네이처,마곡동,795-1,22.16,,5500,40,12,1,2016,신규,26.08~27.08,,,,,
화곡동,202607,오피스텔_전월세,강서 동도센트리움,화곡동,1161,18.97,,500,52,20,10,2012,신규,26.07~27.07,,,,,
화곡동,202607,오피스텔_전월세,르미엘,화곡동,987-3,20.96,,1000,85,12,10,2022,신규,26.07~27.07,,,,,
화곡동,202607,오피스텔_전월세,리치A110,화곡동,938-11,31.16,,20000,20,13,9,2026,신규,26.07~28.07,,,,,
마곡동,202607,오피스텔_전월세,마곡나루역보타닉푸르지오시티,마곡동,760,21.89,,1000,75,11,10,2017,신규,26.07~27.07,,,,,
가양동,202607,오피스텔_전월세,이스타빌2차,가양동,1480-1,35.2,,5000,44,4,7,2003,신규,26.08~28.08,,,,,
등촌동,202607,오피스텔_전월세,강변샤르망3단지,등촌동,628-17,58.36,,35000,12,3,10,2005,신규,26.09~28.09,,,,,
마곡동,202607,오피스텔_전월세,마곡아이파크,마곡동,795-2,36.98,,29700,0,3,9,2016,갱신,26.08~27.08,28350.0,,사용,,
마곡동,202607,오피스텔_전월세,엠코지니어스타,마곡동,776-4,22.95,,1000,69,3,10,2015,갱신,26.07~27.07,1000.0,69.0,,,
등촌동,202607,오피스텔_전월세,현대 센트럴 가양,등촌동,640-2,27.99,,24300,10,8,10,2021,신규,26.07~28.07,,,,,
마곡동,202607,오피스텔_전월세,마곡 파크뷰 대방디엠시티 오피스텔,마곡동,776,21.25,,16500,12,6,9,2019,갱신,26.08~27.08,16700.0,8.0,,,
마곡동,202607,오피스텔_전월세,마곡오드카운티2차,마곡동,784-9,17.36,,500,56,2,8,,갱신,26.08~27.08,500.0,53.0,사용,,
마곡동,202607,오피스텔_전월세,마곡센트럴대방디엠시티오피스텔,마곡동,776-2,30.84,,1000,90,12,7,2017,신규,26.07~27.07,,,,,
마곡동,202607,오피스텔_전월세,힐스테이트 에코 마곡역,마곡동,773,20.13,,15700,12,12,9,2017,갱신,26.08~28.08,15700.0,12.0,,,
가양동,202607,오피스텔_전월세,마곡보타닉투웨니퍼스트,가양동,257-1,28.33,,24300,7,2,3,2020,신규,26.09~28.09,,,,,
마곡동,202607,오피스텔_전월세,힐스테이트에코동익,마곡동,773-3,25.26,,18000,0,6,2,2017,신규,26.07~28.07,,,,,
마곡동,202607,오피스텔_전월세,마곡오드카운티1차,마곡동,784-11,16.57,,3000,58,10,7,2016,신규,26.07~27.07,,,,,
마곡동,202607,오피스텔_전월세,마곡럭스나인오피스텔 엘동,마곡동,758-1,21.87,,1000,75,6,9,2017,신규,26.08~27.08,,,,,
내발산동,202607,오피스텔_전월세,더 자하,내발산동,702-4,25.95,,2000,132,5,2,2022,신규,26.07~27.07,,,,,
마곡동,202607,오피스텔_전월세,우성르보아,마곡동,793-6,19.36,,500,72,10,3,2015,신규,26.07~27.07,,,,,
화곡동,202607,오피스텔_전월세,크라운뷰,화곡동,982-17,51.14,,10000,54,10,9,2009,갱신,26.09~28.09,10000.0,50.0,,,
등촌동,202607,오피스텔_전월세,등촌 미르웰 한올림 3차,등촌동,656-58,14.41,,12150,17,9,4,2018,신규,26.07~28.07,,,,,
등촌동,202607,오피스텔_전월세,라빌라스,등촌동,637-19,29.91,,23000,15,5,8,2018,신규,26.08~28.08,,,,,
화곡동,202607,오피스텔_전월세,남광아파트,화곡동,920-15,51.89,,21800,0,4,8,,갱신,26.09~28.09,20800.0,,,,
마곡동,202607,오피스텔_전월세,아르디에,마곡동,784-13,18.59,,11250,7,3,7,2015,갱신,26.07~28.07,12150.0,,,,
마곡동,202607,오피스텔_전월세,힐스테이트 에코 마곡역,마곡동,773,19.97,,1000,80,8,1,2017,신규,26.07~27.07,,,,,
화곡동,202607,오피스텔_전월세,한양 더챔버,화곡동,1064,52.67,,50000,0,13,7,2024,신규,26.08~28.08,,,,,
등촌동,202607,오피스텔_전월세,루미에르,등촌동,641-12,19.99,,21500,0,5,9,2024,신규,26.08~28.08,,,,,
마곡동,202607,오피스텔_전월세,마곡헤리움2차,마곡동,758-3,22.51,,13600,15,6,8,2016,신규,26.08~28.08,,,,,
마곡동,202607,오피스텔_전월세,힐스테이트에코 마곡나루역 라마다앙코르 서울마곡,마곡동,760-1,20.1,,14500,8,11,3,2017,갱신,26.09~28.09,3500.0,56.0,,,
가양동,202607,오피스텔_전월세,세종보타닉2차,가양동,251-2,29.98,,24400,0,10,8,2020,갱신,26.09~28.09,24000.0,,,,
마곡동,202607,오피스텔_전월세,마곡오드카운티2차,마곡동,784-9,20.82,,13200,10,10,8,,신규,26.08~28.08,,,,,
마곡동,202607,오피스텔_전월세,마곡시티오피스텔,마곡동,758,45.58,,33000,0,13,8,2016,신규,26.08~28.08,,,,,
마곡동,202607,오피스텔_전월세,마곡나루역캐슬파크,마곡동,760-2,23.39,,1000,90,6,8,2016,신규,26.08~27.08,,,,,
마곡동,202607,오피스텔_전월세,마곡나루역보타닉푸르지오시티,마곡동,760,19.96,,500,63,4,7,2017,갱신,26.08~27.08,500.0,60.0,,,
가양동,202607,오피스텔_전월세,마곡파크뷰에이동,가양동,275-1,28.89,,20350,0,2,8,2017,신규,26.09~28.09,,,,,
마곡동,202607,오피스텔_전월세,마곡시티오피스텔,마곡동,758,24.4,,16000,0,2,2,2016,신규,26.08~28.08,,,,,
등촌동,202607,오피스텔_전월세,(115-6),등촌동,828,13.92,,15000,0,5,2,2020,신규,26.08~28.08,,,,,
마곡동,202607,오피스텔_전월세,마곡 헤리움1차,마곡동,739-4,24.07,,13700,10,14,8,2015,신규,26.08~28.08,,,,,
등촌동,202607,오피스텔_전월세,경동미르웰양천향교2차,등촌동,685,29.68,,23400,7,9,6,2020,갱신,26.07~27.07,24250.0,,,,
마곡동,202607,오피스텔_전월세,마곡 헤리움1차,마곡동,739-4,24.07,,14000,0,10,8,2015,신규,26.08~28.08,,,,,
화곡동,202607,오피스텔_전월세,유진아파트,화곡동,938-24,55.74,,19400,0,2,5,2015,갱신,26.07~28.07,18480.0,,,,
등촌동,202607,오피스텔_전월세,등촌 미르웰 한올림 3차,등촌동,656-58,15.38,,13200,10,14,7,2018,신규,26.08~28.08,,,,,
등촌동,202607,오피스텔_전월세,유원더블레스,등촌동,637-27,21.49,,21800,4,4,8,2020,신규,26.08~28.08,,,,,
등촌동,202607,오피스텔_전월세,현대 센트럴 가양,등촌동,640-2,27.99,,23500,10,9,2,2021,신규,26.08~28.08,,,,,
등촌동,202607,오피스텔_전월세,경동미르웰한올림,등촌동,656,16.19,,12000,15,7,8,2016,신규,26.08~28.08,,,,,
화곡동,202607,오피스텔_전월세,(920-5),화곡동,920-5,29.71,,12500,0,4,4,2014,갱신,26.08~28.08,12500.0,,,,
등촌동,202607,오피스텔_전월세,등촌2차 크라운팰리스,등촌동,641-2,37.3,,3000,130,2,3,2020,신규,26.07~28.07,,,,,
마곡동,202607,오피스텔_전월세,마곡 헤리움1차,마곡동,739-4,29.14,,16100,18,4,2,2015,신규,26.07~28.01,,,,,
가양동,202607,오피스텔_전월세,(184-5),가양동,184-5,39.1,,28400,4,3,8,2017,갱신,26.08~28.08,28000.0,,,,
화곡동,202607,오피스텔_전월세,아덴하임,화곡동,24-92,26.63,,19000,8,13,1,2020,신규,26.07~28.07,,,,,
화곡동,202607,오피스텔_전월세,강서구청 파크뷰 에버,화곡동,987-1,15.43,,1500,65,3,2,2020,신규,26.07~27.07,,,,,
마곡동,202607,오피스텔_전월세,미르웰플러스오피스텔,마곡동,784-4,19.46,,12600,10,8,7,2015,신규,26.08~28.08,,,,,
화곡동,202607,오피스텔_전월세,자하클래식,화곡동,24-39,15.88,,11700,0,2,6,2018,신규,26.07~28.07,,,,,
마곡동,202607,오피스텔_전월세,마곡나루역보타닉푸르지오시티,마곡동,760,21.86,,1000,80,10,8,2017,신규,26.07~27.07,,,,,
화곡동,202607,오피스텔_전월세,엠제이타운,화곡동,981-3,28.24,,3000,95,17,4,2020,신규,26.07~28.07,,,,,
등촌동,202607,오피스텔_전월세,등촌동 Y HAUS 오피스텔,등촌동,633-24,28.3,,1000,100,12,7,2020,신규,26.09~27.09,,,,,
마곡동,202607,오피스텔_전월세,마곡센트럴대방디엠시티오피스텔,마곡동,776-2,24.02,,1000,79,8,6,2017,갱신,26.07~27.07,1000.0,75.0,사용,,
화곡동,202607,오피스텔_전월세,원타워 5차 오피스텔,화곡동,987-7,17.04,,14490,10,17,7,2021,신규,26.07~28.07,,,,,
마곡동,202607,오피스텔_전월세,마곡나루역보타닉푸르지오시티,마곡동,760,19.96,,14400,20,13,7,2017,갱신,26.07~28.07,15300.0,15.0,,,
마곡동,202607,오피스텔_전월세,마곡나루역보타닉푸르지오시티,마곡동,760,32.88,,2000,130,9,7,2017,갱신,26.08~27.08,2000.0,125.0,,,
화곡동,202607,오피스텔_전월세,크라운뷰,화곡동,982-17,42.72,,2000,68,8,7,2009,갱신,26.08~28.08,2000.0,65.0,,,
화곡동,202607,오피스텔_전월세,엠제이타운,화곡동,981-3,28.24,,5500,55,10,1,2020,신규,26.08~28.08,,,,,
가양동,202607,오피스텔_전월세,가양글로벌퍼스트,가양동,448-11,28.12,,23130,20,7,6,2018,신규,26.07~28.07,,,,,
등촌동,202607,오피스텔_전월세,경동미르웰양천향교2차,등촌동,685,29.68,,23100,0,4,7,2020,갱신,26.07~27.07,22000.0,,,,
화곡동,202607,오피스텔_전월세,GS  TOWER,화곡동,24-171,29.59,,3000,124,4,7,2026,신규,26.09~27.09,,,,,
마곡동,202607,오피스텔_전월세,마곡일성트루엘플래닛,마곡동,758-2,21.43,,13300,15,4,7,2016,갱신,26.07~28.07,14400.0,10.0,,,
등촌동,202607,오피스텔_전월세,ACE A-ZONE,등촌동,639-8,59.04,,28000,0,5,7,2005,갱신,26.07~28.07,27000.0,,,,
마곡동,202607,오피스텔_전월세,마곡아이파크,마곡동,795-2,24.9,,3000,69,12,1,2016,신규,26.07~27.07,,,,,
마곡동,202607,오피스텔_전월세,마곡나루역보타닉푸르지오시티,마곡동,760,22.2,,1000,84,8,1,2017,신규,26.07~27.07,,,,,
등촌동,202607,오피스텔_전월세,등촌투웨니퍼스트2차,등촌동,633-17,29.68,,1000,107,13,2,2016,갱신,26.07~27.07,1000.0,102.0,,,
등촌동,202607,오피스텔_전월세,트라비하우스,등촌동,628-18,50.16,,27500,0,5,5,2005,신규,26.07~28.07,,,,,
등촌동,202607,오피스텔_전월세,호성스카이오피스텔,등촌동,847,26.79,,21879,0,5,1,2020,갱신,26.07~27.07,20837.0,,,,
마곡동,202607,오피스텔_전월세,마곡오드카운티2차,마곡동,784-9,17.36,,500,68,9,3,,갱신,26.07~27.07,500.0,65.0,,,
화곡동,202607,오피스텔_전월세,리치A110,화곡동,938-11,31.03,,20000,20,16,6,2026,신규,26.08~28.08,,,,,
마곡동,202607,오피스텔_전월세,힐스테이트 에코 마곡역,마곡동,773,19.87,,1000,82,9,6,2017,갱신,26.08~27.08,1000.0,78.0,,,
등촌동,202607,오피스텔_전월세,루미에르,등촌동,641-12,22.44,,21000,0,3,6,2024,신규,26.08~28.08,,,,,
마곡동,202607,오피스텔_전월세,마곡럭스나인오피스텔 엘동,마곡동,758-1,25.29,,1000,73,4,6,2017,신규,26.08~27.08,,,,,
마곡동,202607,오피스텔_전월세,마곡헤리움2차,마곡동,758-3,22.51,,1000,77,9,6,2016,신규,26.08~27.08,,,,,
화곡동,202607,오피스텔_전월세,원타워 5차 오피스텔,화곡동,987-7,17.04,,14600,0,18,3,2021,신규,26.08~28.08,,,,,
화곡동,202607,오피스텔_전월세,포유,화곡동,1111-4,17.92,,500,60,8,3,2018,갱신,26.07~26.10,100.0,60.0,,,
등촌동,202607,오피스텔_전월세,현대프린스텔,등촌동,628-13,23.63,,1000,50,10,3,1999,신규,26.08~27.08,,,,,
마곡동,202607,오피스텔_전월세,마곡아이파크,마곡동,795-2,24.9,,8000,48,4,4,2016,갱신,26.09~27.09,8000.0,45.0,,,
마곡동,202607,오피스텔_전월세,힐스테이트에코 마곡나루역 라마다앙코르 서울마곡,마곡동,760-1,33.09,,32000,0,14,6,2017,신규,26.08~28.08,,,,,
마곡동,202607,오피스텔_전월세,마곡센트럴대방디엠시티오피스텔,마곡동,776-2,24.02,,500,74,10,2,2017,갱신,26.07~27.07,500.0,70.0,,,
등촌동,202607,오피스텔_전월세,한빛어반뉴스토리,등촌동,656-37,27.31,,3000,100,16,6,2017,갱신,26.09~28.09,3000.0,95.0,사용,,
화곡동,202607,오피스텔_전월세,연우넥스트파크뷰,화곡동,1110,15.29,,1000,66,8,6,2019,신규,26.08~27.08,,,,,
마곡동,202607,오피스텔_전월세,마곡오드카운티2차,마곡동,784-9,20.82,,13275,3,4,1,,갱신,26.08~27.08,13500.0,,,,
등촌동,202607,오피스텔_전월세,DongNam II,등촌동,631-17,24.79,,3000,80,6,5,2021,신규,26.07~27.07,,,,,
마곡동,202607,오피스텔_전월세,매그넘793,마곡동,793-7,27.46,,25500,0,7,6,2020,갱신,26.07~27.07,25000.0,,,,
염창동,202607,오피스텔_전월세,루미온,염창동,261-16,29.96,,29500,0,10,6,2022,신규,26.08~28.08,,,,,
화곡동,202607,오피스텔_전월세,아줄리움,화곡동,918-1,19.35,,19000,0,13,4,2022,신규,26.07~28.07,,,,,
화곡동,202607,오피스텔_전월세,화성오피스텔,화곡동,29-46,26.95,,500,54,4,5,2003,신규,26.07~28.07,,,,,
방화동,202607,오피스텔_전월세,오피앙2,방화동,829,22.5,,500,45,7,2,2002,신규,26.07~27.07,,,,,
마곡동,202607,오피스텔_전월세,우성르보아투,마곡동,739-2,20.24,,500,61,12,6,2015,신규,26.08~27.08,,,,,
화곡동,202607,오피스텔_전월세,아덴하임,화곡동,24-92,26.63,,19350,6,6,4,2020,신규,26.07~28.07,,,,,
마곡동,202607,오피스텔_전월세,엠코지니어스타,마곡동,776-4,23.84,,15900,0,12,6,2015,갱신,26.08~28.08,15900.0,,,,
화곡동,202607,오피스텔_전월세,미리내오피스텔,화곡동,937-12,19.69,,1000,65,7,3,2019,신규,26.07~28.07,,,,,
등촌동,202607,오피스텔_전월세,뉴스토리오피스텔,등촌동,683-1,17.52,,13000,0,2,4,2013,신규,26.08~28.08,,,,,
화곡동,202607,오피스텔_전월세,SJ라벨라,화곡동,1111,22.37,,17500,0,18,1,2020,갱신,26.07~26.10,17500.0,,,,
화곡동,202607,오피스텔_전월세,쌍떼포레,화곡동,914-4,24.68,,21000,0,12,3,2021,신규,26.08~28.08,,,,,
마곡동,202607,오피스텔_전월세,엠코지니어스타,마곡동,776-4,22.95,,14600,13,13,3,2015,갱신,26.07~28.07,14600.0,13.0,,,
등촌동,202607,오피스텔_전월세,경동미르웰한올림,등촌동,656,16.19,,1000,70,2,4,2016,신규,26.07~28.07,,,,,
공항동,202607,오피스텔_전월세,에테르힐스,공항동,45-11,47.49,,30000,5,12,5,2023,신규,26.08~28.08,,,,,
마곡동,202607,오피스텔_전월세,마곡럭스나인오피스텔,마곡동,758-4,21.87,,2000,58,4,5,2016,신규,26.07~27.07,,,,,
마곡동,202607,오피스텔_전월세,마곡경동미르웰,마곡동,784,17.96,,500,73,8,4,2015,신규,26.07~27.07,,,,,
마곡동,202607,오피스텔_전월세,마곡오드카운티1차,마곡동,784-11,20.82,,1000,75,5,4,2016,신규,26.07~27.07,,,,,
마곡동,202607,오피스텔_전월세,마곡일성트루엘플래닛,마곡동,758-2,21.27,,1000,74,11,2,2016,갱신,26.08~28.08,1000.0,70.0,사용,,
염창동,202607,오피스텔_전월세,한빛어반뉴스토리,염창동,266-12,28.69,,21300,25,7,3,2018,갱신,26.08~28.08,21900.0,20.0,사용,,
화곡동,202607,오피스텔_전월세,씨앤케이,화곡동,779-9,28.98,,19600,0,3,3,2018,신규,26.08~28.08,,,,,
마곡동,202607,오피스텔_전월세,마곡나루역보타닉푸르지오시티,마곡동,760,22.2,,5000,66,5,3,2017,신규,26.08~27.08,,,,,
마곡동,202607,오피스텔_전월세,마곡시티오피스텔,마곡동,758,22.51,,14000,0,2,1,2016,신규,26.08~28.08,,,,,
염창동,202607,오피스텔_전월세,염창투웨니퍼스트,염창동,262,28.57,,27200,0,12,2,2019,신규,26.08~28.08,,,,,
마곡동,202607,오피스텔_전월세,마곡일성트루엘플래닛,마곡동,758-2,21.43,,1000,75,8,4,2016,신규,26.07~27.07,,,,,
마곡동,202607,오피스텔_전월세,마곡나루역보타닉푸르지오시티,마곡동,760,19.65,,1000,80,12,5,2017,신규,26.08~28.08,,,,,
마곡동,202607,오피스텔_전월세,마곡센트럴대방디엠시티오피스텔,마곡동,776-2,24.02,,16200,15,9,1,2017,신규,26.08~28.08,,,,,
방화동,202607,오피스텔_전월세,방화샤르망1오피스텔,방화동,830-3,16.29,,4700,5,4,3,2003,신규,26.07~28.07,,,,,
마곡동,202607,오피스텔_전월세,마곡시티오피스텔,마곡동,758,22.51,,500,64,9,3,2016,신규,26.08~27.08,,,,,
마곡동,202607,오피스텔_전월세,엠코지니어스타,마곡동,776-4,22.95,,14600,15,6,1,2015,갱신,26.09~28.09,14600.0,15.0,,,
등촌동,202607,오피스텔_전월세,비원오피스텔,등촌동,648-6,40.37,,14850,0,10,3,2004,갱신,26.07~28.07,14400.0,,사용,,
가양동,202607,오피스텔_전월세,마곡보타닉투웨니퍼스트,가양동,257-1,28.33,,27000,0,11,3,2020,갱신,26.07~28.07,27000.0,,,,
가양동,202607,오피스텔_전월세,마곡지웰에스테이트,가양동,194-2,17.44,,10500,0,6,2,2014,신규,26.08~28.08,,,,,
가양동,202607,오피스텔_전월세,동양 트레벨 스카이 오피스텔,가양동,1479-8,26.96,,2000,60,13,3,2003,신규,26.09~28.09,,,,,
방화동,202607,오피스텔_전월세,경동화인시티,방화동,612-2,19.44,,6780,0,1,3,2010,신규,26.08~28.08,,,,,
등촌동,202607,오피스텔_전월세,대룡드림타워-1,등촌동,684-3,30.32,,13500,0,9,3,2004,신규,26.07~28.07,,,,,
화곡동,202607,오피스텔_전월세,화곡투웨니퍼스트,화곡동,105-378,28.45,,1000,95,4,3,2018,갱신,26.08~27.08,1000.0,95.0,사용,,
화곡동,202607,오피스텔_전월세,화곡투웨니퍼스트,화곡동,105-378,28.45,,2000,101,7,1,2018,신규,26.08~28.08,,,,,
마곡동,202607,오피스텔_전월세,마곡센트럴대방디엠시티오피스텔,마곡동,776-2,39.97,,32000,0,5,3,2017,신규,26.08~28.08,,,,,
마곡동,202607,오피스텔_전월세,마곡오드카운티1차,마곡동,784-11,20.82,,2000,75,3,3,2016,신규,26.07~27.07,,,,,
화곡동,202607,오피스텔_전월세,리치A110,화곡동,938-11,23.08,,22700,11,15,1,2026,신규,26.08~28.08,,,,,
염창동,202607,오피스텔_전월세,염창투웨니퍼스트,염창동,262,28.57,,3000,98,6,2,2019,갱신,26.09~27.09,3000.0,93.0,,,
가양동,202607,오피스텔_전월세,가양글로벌퍼스트,가양동,448-11,28.12,,23000,21,11,3,2018,갱신,26.08~28.08,24000.0,12.0,사용,,
화곡동,202607,오피스텔_전월세,미래안포레,화곡동,1105,23.47,,22000,0,20,3,2022,갱신,26.08~28.08,21500.0,,,,
마곡동,202607,오피스텔_전월세,마곡나루역보타닉푸르지오시티,마곡동,760,22.17,,15200,20,11,2,2017,갱신,26.08~28.08,17100.0,10.0,사용,,
마곡동,202607,오피스텔_전월세,마곡헤리움2차,마곡동,758-3,22.51,,5000,41,7,2,2016,갱신,26.08~27.08,5000.0,38.0,,,
마곡동,202607,오피스텔_전월세,마곡 파크뷰 대방디엠시티 오피스텔,마곡동,776,21.25,,16500,10,10,2,2019,신규,26.08~28.08,,,,,
마곡동,202607,오피스텔_전월세,마곡대명투웨니퍼스트,마곡동,784-6,17.96,,500,58,5,3,2015,갱신,26.07~27.07,500.0,55.0,,,
염창동,202607,오피스텔_전월세,등촌노블레르,염창동,242-5,27.64,,23000,0,4,2,2020,신규,26.08~28.08,,,,,
마곡동,202607,오피스텔_전월세,마곡일성트루엘플래닛,마곡동,758-2,21.27,,13300,17,14,2,2016,신규,26.08~28.08,,,,,
마곡동,202607,오피스텔_전월세,미르웰플러스오피스텔,마곡동,784-4,34.75,,1500,105,14,2,2015,신규,26.08~28.08,,,,,
마곡동,202607,오피스텔_전월세,마곡센트럴대방디엠시티오피스텔,마곡동,776-2,24.02,,16000,10,3,2,2017,신규,26.07~28.07,,,,,
가양동,202607,오피스텔_전월세,마곡보타닉투웨니퍼스트,가양동,257-1,28.33,,24300,4,10,2,2020,갱신,26.07~28.07,24150.0,,사용,,
마곡동,202607,오피스텔_전월세,매그넘793,마곡동,793-7,32.6,,1000,115,5,2,2020,신규,26.08~27.08,,,,,
마곡동,202607,오피스텔_전월세,마곡오드카운티2차,마곡동,784-9,30.37,,21370,20,4,2,,갱신,26.07~28.07,21600.0,20.0,,,
마곡동,202607,오피스텔_전월세,마곡 파크뷰 대방디엠시티 오피스텔,마곡동,776,26.68,,20400,0,14,1,2019,신규,26.08~28.08,,,,,
마곡동,202607,오피스텔_전월세,마곡나루역보타닉푸르지오시티,마곡동,760,22.17,,500,59,12,1,2017,갱신,26.07~27.07,500.0,56.0,,,
마곡동,202607,오피스텔_전월세,마곡역센트럴푸르지오시티,마곡동,773-1,23,,13000,30,7,2,2016,신규,26.08~28.08,,,,,
화곡동,202607,오피스텔_전월세,인터시티오피스텔,화곡동,343-32,38.11,,13300,3,3,1,2002,갱신,26.08~28.08,13500.0,,사용,,
등촌동,202607,오피스텔_전월세,호성스카이오피스텔,등촌동,847,26.79,,21525,4,11,1,2020,갱신,26.07~27.07,21525.0,,,,
화곡동,202607,오피스텔_전월세,아덴하임,화곡동,24-92,26.63,,1000,85,16,1,2020,신규,26.08~28.08,,,,,
등촌동,202607,오피스텔_전월세,강변샤르망3단지,등촌동,628-17,58.36,,35000,12,4,1,2005,신규,26.11~28.11,,,,,
마곡동,202607,오피스텔_전월세,마곡일성트루엘플래닛,마곡동,758-2,21.43,,1000,59,7,1,2016,신규,26.08~27.08,,,,,
가양동,202607,오피스텔_전월세,아트리버빌,가양동,239-8,33.73,,16000,20,2,1,2016,신규,26.08~28.08,,,,,
마곡동,202607,오피스텔_전월세,마곡나루역보타닉푸르지오시티,마곡동,760,22.17,,15200,0,3,1,2017,신규,26.07~28.07,,,,,
마곡동,202607,오피스텔_전월세,마곡나루역보타닉푸르지오시티,마곡동,760,19.96,,2000,68,11,1,2017,갱신,26.08~28.08,2000.0,65.0,,,
마곡동,202607,오피스텔_전월세,마곡오드카운티2차,마곡동,784-9,17.36,,11920,3,9,1,,신규,26.07~28.07,,,,,
등촌동,202607,오피스텔_전월세,유원더블레스,등촌동,637-27,21,,21400,5,5,1,2020,신규,26.08~28.08,,,,,
마곡동,202607,오피스텔_전월세,마곡헤리움2차,마곡동,758-3,22.51,,1000,75,7,1,2016,신규,26.07~27.07,,,,,
화곡동,202607,오피스텔_전월세,크라운뷰,화곡동,982-17,49.22,,17600,14,5,1,2009,갱신,26.08~28.08,17600.0,10.0,,,
마곡동,202607,오피스텔_전월세,마곡에비앙,마곡동,793-3,18.45,,3000,60,7,1,2015,갱신,26.09~27.09,2000.0,60.0,,,
마곡동,202607,오피스텔_전월세,마곡일성트루엘플래닛,마곡동,758-2,21.43,,13000,11,6,1,2016,신규,26.08~27.08,,,,,
화곡동,202607,오피스텔_전월세,강서 동도센트리움,화곡동,1161,18.97,,500,50,11,1,2012,신규,26.07~27.07,,,,,
등촌동,202607,오피스텔_전월세,현대 센트럴 가양,등촌동,640-2,27.99,,24300,10,4,1,2021,신규,26.08~28.08,,,,,
마곡동,202607,오피스텔_전월세,마곡헤리움2차,마곡동,758-3,22.51,,1000,75,2,1,2016,신규,26.07~27.07,,,,,
마곡동,202607,오피스텔_전월세,힐스테이트에코동익,마곡동,773-3,24.57,,18000,10,9,1,2017,갱신,26.07~28.07,18900.0,,,,
화곡동,202607,오피스텔_전월세,GS  TOWER,화곡동,24-171,29.59,,3000,110,2,1,2026,신규,26.07~27.07,,,,,
화곡동,202607,연립다세대_전월세,소노빌리지,화곡동,370-4,29.94,,19890,0,4,20,2020,,,,,,,
공항동,202607,연립다세대_전월세,LK드림빌,공항동,66-28,27.66,,18923,0,5,1,2018,,,,,,,
화곡동,202607,연립다세대_전월세,우성빌라(346-72),화곡동,346-72,33.45,,16700,24,2,10,2013,갱신,26.09~28.09,16700.0,20.0,사용,,
화곡동,202607,연립다세대_전월세,이도팰리스,화곡동,354-59,23.09,,19500,0,2,14,2021,신규,26.08~28.08,,,,,
화곡동,202607,연립다세대_전월세,프리메라(379-82),화곡동,379-82,29.91,,3000,90,3,21,2015,신규,26.09~28.09,,,,,
화곡동,202607,연립다세대_전월세,소망하이츠빌라3차,화곡동,84-27,77.64,,1000,0,-1,6,1992,신규,26.08~28.08,,,,,
화곡동,202607,연립다세대_전월세,건형빌라(400-64),화곡동,400-64,38.3,,12000,43,3,31,2002,갱신,26.09~28.09,12000.0,30.0,,,
공항동,202607,연립다세대_전월세,늘푸른빌라2차,공항동,663-2,45.38,,18000,0,2,22,2009,신규,26.08~28.08,,,,,
등촌동,202607,연립다세대_전월세,그레이스톤하우스,등촌동,365-199,27.35,,8000,77,3,22,2024,신규,26.09~28.09,,,,,
화곡동,202607,연립다세대_전월세,모아빌Ⅳ,화곡동,872-6,45.48,,8800,8,3,21,2008,갱신,26.08~27.08,8800.0,6.0,,,
화곡동,202607,연립다세대_전월세,유니온쉐르빌(C동),화곡동,409-151,47.72,,13450,0,2,25,2002,갱신,26.09~28.09,13000.0,,사용,,
화곡동,202607,연립다세대_전월세,시그니쳐-S,화곡동,24-190,40.53,,3000,140,6,28,2023,신규,26.08~28.08,,,,,
방화동,202607,연립다세대_전월세,삼성스위트빌A,방화동,645-47,44.91,,12700,0,3,25,2002,신규,26.09~28.09,,,,,
등촌동,202607,연립다세대_전월세,더원2-2th,등촌동,569-20,24.56,,2000,100,5,18,2023,신규,26.08~28.07,,,,,
화곡동,202607,연립다세대_전월세,에스케이파크리움101동102동,화곡동,1041-18,29.91,,500,70,6,20,2022,신규,26.07~27.07,,,,,
화곡동,202607,연립다세대_전월세,대신주택,화곡동,400-1,65.42,,15000,40,4,31,2001,신규,26.09~28.09,,,,,
화곡동,202607,연립다세대_전월세,해성펠리스빌,화곡동,394-2,63.02,,17300,20,3,25,2000,신규,26.10~28.10,,,,,
화곡동,202607,연립다세대_전월세,화곡동다세대주택,화곡동,1016-21,61.2,,25000,0,4,9,2003,신규,26.08~28.08,,,,,
화곡동,202607,연립다세대_전월세,큐브원,화곡동,1087-29,29.99,,21000,0,4,23,2020,신규,26.10~28.10,,,,,
화곡동,202607,연립다세대_전월세,복지그린빌6차,화곡동,42-80,39.17,,10000,0,2,29,2002,신규,26.09~28.09,,,,,
화곡동,202607,연립다세대_전월세,벽산홈타운(969-14),화곡동,969-14,38.56,,9600,35,4,15,2002,신규,26.08~28.08,,,,,
화곡동,202607,연립다세대_전월세,진주리치빌(56-608),화곡동,56-608,29.77,,11500,0,2,22,2011,신규,26.08~28.08,,,,,
화곡동,202607,연립다세대_전월세,강성빌라5차,화곡동,24-78,24.78,,8000,0,3,29,1991,신규,26.09~28.09,,,,,
화곡동,202607,연립다세대_전월세,미리내빌라(56-270),화곡동,56-270,37.26,,7300,5,-1,29,1992,신규,26.09~28.09,,,,,
화곡동,202607,연립다세대_전월세,인터시티빌라(다),화곡동,409-122,46.38,,12580,30,4,24,2002,신규,26.09~28.09,,,,,
화곡동,202607,연립다세대_전월세,현대빌라,화곡동,397-45,37.02,,7100,9,-1,25,1986,신규,26.09~28.09,,,,,
화곡동,202607,연립다세대_전월세,리치7,화곡동,937-15,22.36,,18720,21,12,24,2022,갱신,26.07~28.07,20790.0,9.0,,,
마곡동,202607,연립다세대_전월세,동양빌라,마곡동,1446,51.9,,13000,0,4,28,1994,신규,26.09~28.09,,,,,
화곡동,202607,연립다세대_전월세,더라온,화곡동,95-77,27.92,,15000,40,5,17,2016,신규,26.09~28.09,,,,,
화곡동,202607,연립다세대_전월세,롯데타운(1085-25),화곡동,1085-25,49.27,,7000,80,3,7,2012,신규,26.08~28.08,,,,,
화곡동,202607,연립다세대_전월세,인정탑빌리지,화곡동,340-89,44.32,,2000,80,3,17,2002,신규,26.08~28.08,,,,,
등촌동,202607,연립다세대_전월세,가나아델리움(517-6),등촌동,517-6,36.34,,22000,20,2,14,2014,신규,26.08~28.08,,,,,
화곡동,202607,연립다세대_전월세,더클래식,화곡동,1033-2,29.34,,9000,40,2,8,2018,신규,26.08~27.03,,,,,
화곡동,202607,연립다세대_전월세,브릿지스톤(815-19),화곡동,815-19,36.68,,17100,0,3,13,2012,갱신,26.09~28.09,16800.0,,,,
화곡동,202607,연립다세대_전월세,라온제나,화곡동,783-11,29.81,,15000,50,4,18,2018,신규,26.10~28.10,,,,,
화곡동,202607,연립다세대_전월세,이도트라움2,화곡동,366-32,30.84,,22554,10,4,20,2018,갱신,26.08~28.08,21798.0,,,,
화곡동,202607,연립다세대_전월세,동화빌라8차,화곡동,911-5,30.4,,9000,10,2,31,1992,신규,26.09~28.09,,,,,
화곡동,202607,연립다세대_전월세,디에스테라스,화곡동,26-18,29.69,,2000,92,5,6,2022,신규,26.07~28.07,,,,,
화곡동,202607,연립다세대_전월세,포르템하임,화곡동,393-10,29.82,,29000,0,6,25,2022,신규,26.09~28.09,,,,,
화곡동,202607,연립다세대_전월세,다나네스트빌(56-587),화곡동,56-587,39.19,,2000,80,3,10,2008,신규,26.08~28.08,,,,,
화곡동,202607,연립다세대_전월세,거성,화곡동,50-120,49.5,,3000,100,2,31,1986,신규,26.08~28.08,,,,,
화곡동,202607,연립다세대_전월세,신성연립,화곡동,958-4,30.27,,1000,60,4,16,1994,신규,26.08~28.08,,,,,
화곡동,202607,연립다세대_전월세,일주하우스,화곡동,392-7,29.93,,21000,0,4,31,2020,갱신,26.09~28.09,21400.0,,,,
화곡동,202607,연립다세대_전월세,네스트빌,화곡동,152-14,52.895,,17200,4,2,21,2007,신규,26.09~28.09,,,,,
화곡동,202607,연립다세대_전월세,그린나래빌라트,화곡동,410-10,43.95,,11880,17,2,24,2008,신규,26.08~28.08,,,,,
등촌동,202607,연립다세대_전월세,형지씨엔씨타운,등촌동,518-14,40.73,,12000,40,4,24,2012,신규,26.09~28.09,,,,,
화곡동,202607,연립다세대_전월세,충정그린빌,화곡동,399-9,56.45,,15800,7,4,12,2002,갱신,26.08~28.08,16800.0,,,,
화곡동,202607,연립다세대_전월세,한성빌라,화곡동,397-26,28.47,,1000,60,2,27,1987,신규,26.08~28.08,,,,,
등촌동,202607,연립다세대_전월세,유원더블레스,등촌동,637-27,14.64,,19100,18,12,31,2020,갱신,26.10~28.10,20000.0,10.0,,,
등촌동,202607,연립다세대_전월세,유레카(654-80),등촌동,654-80,29.99,,19700,0,3,9,2014,신규,26.08~28.08,,,,,
화곡동,202607,연립다세대_전월세,휴먼시티,화곡동,1098-3,28.41,,12000,45,4,31,2020,신규,26.08~28.08,,,,,
내발산동,202607,연립다세대_전월세,DH647,내발산동,647,45.76,,73000,0,7,24,2023,갱신,26.09~28.09,70000.0,,사용,,
화곡동,202607,연립다세대_전월세,라온빌(341-21),화곡동,341-21,18.13,,5000,68,4,17,2017,갱신,26.09~28.09,5000.0,64.0,,,
화곡동,202607,연립다세대_전월세,포르테하임Ⅱ(FORTEHEIMⅡ),화곡동,421-21,29.79,,29000,0,6,17,2022,신규,26.09~28.09,,,,,
화곡동,202607,연립다세대_전월세,보강하이센스맨션,화곡동,161-12,39.93,,11600,0,3,28,1993,신규,26.08~28.08,,,,,
화곡동,202607,연립다세대_전월세,산장하이츠,화곡동,167-44,38.16,,9380,20,3,25,1991,신규,26.08~28.08,,,,,
화곡동,202607,연립다세대_전월세,연주빌라,화곡동,394-44,42.69,,11000,0,2,31,2003,갱신,26.09~28.09,10500.0,,,,
등촌동,202607,연립다세대_전월세,가나아델리움(521-3),등촌동,521-3,28.13,,22500,0,3,31,2016,신규,26.08~28.08,,,,,
화곡동,202607,연립다세대_전월세,그린힐(105-384),화곡동,105-384,33.94,,9000,28,5,21,2010,갱신,26.08~28.08,9000.0,25.0,,,
화곡동,202607,연립다세대_전월세,청송평화하이맨션(459-15),화곡동,459-15,59.19,,200,100,3,14,2010,신규,26.08~28.07,,,,,
화곡동,202607,연립다세대_전월세,씨티하우스(1088-6),화곡동,1088-6,29.96,,21000,0,4,20,2021,신규,26.08~28.08,,,,,
화곡동,202607,연립다세대_전월세,세인트빌(55-38),화곡동,55-38,35.05,,500,80,4,17,2012,신규,26.08~27.08,,,,,
화곡동,202607,연립다세대_전월세,수명빌,화곡동,1074-6,29.77,,2000,85,3,11,2020,신규,26.08~28.08,,,,,
화곡동,202607,연립다세대_전월세,에스엠파크빌,화곡동,400-6,34.44,,25400,18,6,31,2018,갱신,26.09~28.09,23400.0,20.0,,,
방화동,202607,연립다세대_전월세,하나빌3,방화동,647-13,21.54,,5000,50,4,28,2016,신규,26.10~28.10,,,,,
내발산동,202607,연립다세대_전월세,파인하우스,내발산동,686-3,25.68,,2000,80,4,16,2012,신규,26.08~28.08,,,,,
등촌동,202607,연립다세대_전월세,515-24,등촌동,515-24,49.94,,19500,40,1,19,2014,갱신,26.09~28.09,19500.0,30.0,,,
방화동,202607,연립다세대_전월세,하나빌3,방화동,647-13,20.76,,3000,35,5,16,2016,신규,26.09~28.09,,,,,
화곡동,202607,연립다세대_전월세,강동주택,화곡동,29-85,38.88,,2000,80,2,15,2003,신규,26.08~28.08,,,,,
화곡동,202607,연립다세대_전월세,근상프리즘아트빌,화곡동,379-50,55.3,,20000,35,6,31,2010,갱신,26.09~28.09,20000.0,30.0,사용,,
마곡동,202607,연립다세대_전월세,청람아트빌,마곡동,6-4,27.33,,11000,40,5,18,2018,신규,26.10~28.10,,,,,
화곡동,202607,연립다세대_전월세,노블레스빌(56-506),화곡동,56-506,48.88,,4000,70,2,23,2012,갱신,26.08~28.08,2000.0,70.0,,,
등촌동,202607,연립다세대_전월세,두보하이츠빌라,등촌동,515-44,60.84,,19800,0,1,31,1988,갱신,26.08~28.08,19800.0,,사용,,
화곡동,202607,연립다세대_전월세,파크자이빌,화곡동,452-6,25.68,,2000,110,4,17,2020,신규,26.08~27.08,,,,,
화곡동,202607,연립다세대_전월세,신흥레미안빌,화곡동,154-3,44.72,,11400,20,5,25,2002,신규,26.08~28.08,,,,,
화곡동,202607,연립다세대_전월세,영풍빌라(53-30),화곡동,53-30,32.6,,300,40,-1,30,1986,신규,26.08~27.08,,,,,
화곡동,202607,연립다세대_전월세,다안빌라트,화곡동,870-60,33.75,,19700,5,5,31,2016,갱신,26.09~28.09,19700.0,,,,
화곡동,202607,연립다세대_전월세,한길빌라나동,화곡동,24-593,40.32,,10000,50,1,24,1986,신규,26.08~28.08,,,,,
방화동,202607,연립다세대_전월세,1동,방화동,287-14,68.7,,2000,73,4,30,2002,갱신,26.08~28.08,2000.0,68.0,,,
등촌동,202607,연립다세대_전월세,예가채(516-18),등촌동,516-18,41.08,,27000,0,2,28,2016,신규,26.08~28.08,,,,,
방화동,202607,연립다세대_전월세,1동,방화동,287-14,62.88,,2000,56,5,29,2002,갱신,26.08~28.08,2000.0,52.0,,,
화곡동,202607,연립다세대_전월세,한성빌라(56-655),화곡동,56-655,65.31,,1000,60,-1,20,1994,신규,26.08~28.07,,,,,
화곡동,202607,연립다세대_전월세,백강원룸,화곡동,379-41,12.02,,1000,42,3,24,2011,신규,26.07~27.07,,,,,
내발산동,202607,연립다세대_전월세,(704-16),내발산동,704-16,56.15,,5000,72,1,16,2003,갱신,26.09~28.09,5000.0,68.0,,,
화곡동,202607,연립다세대_전월세,하나빌라,화곡동,159-35,40.01,,15300,15,2,15,2008,신규,26.09~28.09,,,,,
화곡동,202607,연립다세대_전월세,(167-4),화곡동,167-4,51.75,,13000,0,1,10,1999,신규,26.08~28.08,,,,,
등촌동,202607,연립다세대_전월세,호수주택,등촌동,516-10,36.01,,25400,0,2,31,2021,신규,26.10~28.10,,,,,
화곡동,202607,연립다세대_전월세,더-라온,화곡동,24-204,29.87,,16000,24,3,21,2018,신규,26.08~28.08,,,,,
염창동,202607,연립다세대_전월세,(253-17),염창동,253-17,41.05,,1000,40,3,21,1989,신규,26.07~28.07,,,,,
공항동,202607,연립다세대_전월세,공항빌리지(66-34),공항동,66-34,29.63,,1000,44,4,10,2015,신규,26.08~28.08,,,,,
화곡동,202607,연립다세대_전월세,한스아이빌,화곡동,1066-17,29.94,,21000,0,4,29,2018,갱신,26.09~28.09,21500.0,,,,
방화동,202607,연립다세대_전월세,리치하우스,방화동,583-9,42.07,,20000,0,3,30,2015,신규,26.11~28.11,,,,,
화곡동,202607,연립다세대_전월세,우성테마빌,화곡동,368-52,53.42,,15000,5,3,27,2006,신규,26.08~28.08,,,,,
공항동,202607,연립다세대_전월세,드리미타운(679-4),공항동,679-4,32.41,,17500,19,4,30,2018,갱신,26.08~28.08,17500.0,15.0,,,
화곡동,202607,연립다세대_전월세,청구빌라(51-49),화곡동,51-49,60.64,,14740,15,1,15,1995,신규,26.08~28.08,,,,,
등촌동,202607,연립다세대_전월세,다원슈슈빌,등촌동,365-34,40.11,,19000,0,2,31,2010,신규,26.07~28.07,,,,,
공항동,202607,연립다세대_전월세,희연하우스,공항동,657-6,36.49,,15700,0,2,31,2012,갱신,26.09~28.09,15000.0,,,,
화곡동,202607,연립다세대_전월세,한울빌리지,화곡동,51-25,37.52,,1000,80,3,7,2001,신규,26.07~28.07,,,,,
화곡동,202607,연립다세대_전월세,태경하이츠(870-53),화곡동,870-53,36.04,,10600,10,3,16,2001,신규,26.09~28.09,,,,,
화곡동,202607,연립다세대_전월세,삼성탑스빌(99-17),화곡동,99-17,52.97,,19000,30,2,31,2008,신규,26.09~28.09,,,,,
방화동,202607,연립다세대_전월세,유화빌라,방화동,496-1,62.32,,15000,0,1,14,1989,신규,26.08~28.08,,,,,
화곡동,202607,연립다세대_전월세,럭키빌라비동,화곡동,1130-9,56.65,,16000,10,2,24,1984,갱신,26.08~28.08,18000.0,,,,
방화동,202607,연립다세대_전월세,명덕빌라,방화동,266-11,28.66,,500,30,5,31,2002,갱신,26.08~28.07,500.0,30.0,,,
화곡동,202607,연립다세대_전월세,우성A동,화곡동,400-7,75.19,,20000,25,6,31,2001,갱신,26.10~28.09,20000.0,25.0,사용,,
화곡동,202607,연립다세대_전월세,그리미야빌라,화곡동,1130-21,32.48,,9800,0,3,10,2002,신규,26.09~28.09,,,,,
등촌동,202607,연립다세대_전월세,소담밸리,등촌동,653-14,28.13,,5500,95,4,20,2023,신규,26.08~27.08,,,,,
염창동,202607,연립다세대_전월세,대아파크빌,염창동,266-7,29.86,,2000,90,6,25,2016,신규,26.08~28.08,,,,,
화곡동,202607,연립다세대_전월세,궁전빌라(783-13),화곡동,783-13,45.28,,10000,20,1,30,1991,신규,26.07~27.07,,,,,
내발산동,202607,연립다세대_전월세,에스엠파크뷰,내발산동,678-30,23.06,,22677,15,5,26,2019,신규,26.10~28.10,,,,,
화곡동,202607,연립다세대_전월세,미래스타빌2차,화곡동,61-95,22.05,,7570,30,5,24,2008,신규,26.08~28.08,,,,,
등촌동,202607,연립다세대_전월세,동양하우징,등촌동,721,23.38,,200,80,7,30,2019,신규,26.07~26.09,,,,,
화곡동,202607,연립다세대_전월세,라온제나,화곡동,504-11,43.79,,4000,100,4,13,2016,신규,26.08~28.08,,,,,
화곡동,202607,연립다세대_전월세,삼성빌리지(56-134),화곡동,56-134,76.14,,17500,40,1,28,1994,신규,26.08~28.08,,,,,
등촌동,202607,연립다세대_전월세,GALLERIAH,등촌동,365-60,22.45,,3000,57,4,17,2021,신규,26.08~28.08,,,,,
공항동,202607,연립다세대_전월세,한솔그랜드빌,공항동,60-35,47.37,,15800,11,2,28,2003,갱신,26.07~28.10,16800.0,,,,
화곡동,202607,연립다세대_전월세,포엠빌,화곡동,24-65,27.18,,2000,94,8,3,2020,신규,26.08~27.07,,,,,
화곡동,202607,연립다세대_전월세,파크스테이,화곡동,80-16,20.54,,1000,85,2,31,2024,신규,26.08~27.08,,,,,
방화동,202607,연립다세대_전월세,미소하우스,방화동,612-231,15.6,,200,40,5,29,2013,신규,26.08~28.08,,,,,
방화동,202607,연립다세대_전월세,스카이빌딩(826-1),방화동,826-1,19.79,,500,41,4,1,2015,신규,26.07~27.07,,,,,
화곡동,202607,연립다세대_전월세,성재하이빌A동,화곡동,835-13,40.96,,2000,110,2,24,2003,신규,26.08~28.08,,,,,
화곡동,202607,연립다세대_전월세,세종파크빌,화곡동,463-12,71.7,,24775,33,2,31,2023,갱신,26.10~28.09,25024.0,27.0,,,
화곡동,202607,연립다세대_전월세,에코,화곡동,332-8,44.53,,3000,120,4,16,2013,신규,26.07~28.07,,,,,
화곡동,202607,연립다세대_전월세,(61-42),화곡동,61-42,52.62,,20000,18,2,30,2011,신규,26.09~28.09,,,,,
등촌동,202607,연립다세대_전월세,서암파크빌라,등촌동,533-46,45.37,,13000,29,2,26,2003,갱신,26.08~28.08,13000.0,22.0,,,
화곡동,202607,연립다세대_전월세,덕용팰리체,화곡동,360-2,24.25,,3000,110,6,11,2019,신규,26.08~28.08,,,,,
화곡동,202607,연립다세대_전월세,해성팰리스빌2차,화곡동,161-18,35.1,,10100,20,4,21,2001,신규,26.08~28.08,,,,,
등촌동,202607,연립다세대_전월세,더퍼스트가양,등촌동,639-6,23.42,,27300,15,12,31,2023,신규,26.10~28.10,,,,,
화곡동,202607,연립다세대_전월세,LK드림빌,화곡동,359-42,26.42,,19000,0,3,6,2021,신규,26.09~28.09,,,,,
공항동,202607,연립다세대_전월세,마곡디엠팰리스,공항동,665-4,26.4,,23400,5,5,24,2022,갱신,26.08~28.08,23400.0,,사용,,
염창동,202607,연립다세대_전월세,월드빌,염창동,283-6,15.5,,1000,62,7,27,2012,신규,26.08~28.08,,,,,
공항동,202607,연립다세대_전월세,영화빌라,공항동,690-6,16.88,,100,38,2,27,2012,신규,26.07~27.07,,,,,
등촌동,202607,연립다세대_전월세,롯데아트빌,등촌동,517-21,42.975,,5000,80,3,31,2002,신규,26.08~28.08,,,,,
등촌동,202607,연립다세대_전월세,트리빌리지,등촌동,572-15,37.18,,23000,0,3,31,2016,신규,26.08~28.08,,,,,
화곡동,202607,연립다세대_전월세,대림홈타운A동,화곡동,70-61,57.42,,13500,50,3,13,2008,신규,26.09~28.09,,,,,
화곡동,202607,연립다세대_전월세,대륙빌라,화곡동,410-46,45.56,,9500,40,3,29,1993,신규,26.08~28.08,,,,,
화곡동,202607,연립다세대_전월세,누리S.H.T,화곡동,504-9,46.6,,31000,0,3,31,2021,신규,26.08~28.08,,,,,
내발산동,202607,연립다세대_전월세,제이에스해슬리,내발산동,671-22,55.47,,35780,0,4,31,2024,신규,26.09~28.09,,,,,
화곡동,202607,연립다세대_전월세,이레쉐르빌(1046-5),화곡동,1046-5,29.9,,500,95,5,27,2014,신규,26.07~28.07,,,,,
방화동,202607,연립다세대_전월세,골든팰리스(598-148),방화동,598-148,29.91,,10000,30,2,7,2018,신규,26.07~27.07,,,,,
화곡동,202607,연립다세대_전월세,수명빌,화곡동,1074-6,28.54,,2000,82,2,16,2020,신규,26.07~28.07,,,,,
화곡동,202607,연립다세대_전월세,일주하우스,화곡동,392-7,28.74,,20160,12,6,28,2020,갱신,26.09~28.09,22000.0,,사용,,
화곡동,202607,연립다세대_전월세,우장화인빌(995-27),화곡동,995-27,48.99,,19500,15,4,3,2011,신규,26.07~28.07,,,,,
등촌동,202607,연립다세대_전월세,(654-55),등촌동,654-55,38.11,,5000,110,2,31,2022,신규,26.08~28.08,,,,,
화곡동,202607,연립다세대_전월세,밀레니엄,화곡동,24-481,43.32,,16000,5,4,10,2010,신규,26.09~28.09,,,,,
화곡동,202607,연립다세대_전월세,칠성빌라(56-431),화곡동,56-431,48.82,,13100,0,4,30,1993,신규,26.10~28.09,,,,,
화곡동,202607,연립다세대_전월세,공주빌라,화곡동,475-16,57.99,,300,10,4,27,2002,신규,26.07~28.07,,,,,
마곡동,202607,연립다세대_전월세,운정그린빌,마곡동,1379,55.61,,23000,0,2,31,2002,신규,26.10~28.10,,,,,
화곡동,202607,연립다세대_전월세,다온하우스,화곡동,400-88,43.59,,19000,30,3,28,2016,신규,26.09~28.09,,,,,
화곡동,202607,연립다세대_전월세,신영센트레빌,화곡동,370-50,26.4,,10999,5,3,15,2011,갱신,26.08~28.08,10800.0,3.0,,,
화곡동,202607,연립다세대_전월세,에코빌,화곡동,964-23,29.48,,5000,70,2,29,2022,신규,26.07~28.07,,,,,
염창동,202607,연립다세대_전월세,링크253,염창동,253,27.57,,19650,27,4,22,2016,갱신,26.08~28.08,19650.0,27.0,사용,,
방화동,202607,연립다세대_전월세,트윈빌B동,방화동,247-286,19.2,,8050,0,5,30,2010,갱신,26.08~28.08,7700.0,,,,
방화동,202607,연립다세대_전월세,블루힐마곡,방화동,564-25,29.04,,27000,0,3,30,2023,신규,26.10~28.10,,,,,
화곡동,202607,연립다세대_전월세,시온빌리지,화곡동,780-12,33.78,,20000,0,3,31,2016,신규,26.07~26.11,,,,,
화곡동,202607,연립다세대_전월세,시그니엘,화곡동,359-27,29.46,,24000,0,3,25,2021,신규,26.09~28.08,,,,,
화곡동,202607,연립다세대_전월세,센트빌,화곡동,409-89,29.74,,13480,0,2,31,2012,갱신,26.08~28.08,13350.0,,사용,,
방화동,202607,연립다세대_전월세,1동,방화동,287-14,39,,3000,46,5,30,2002,갱신,26.08~28.08,3000.0,40.0,,,
등촌동,202607,연립다세대_전월세,동양하우징,등촌동,721,25.71,,23400,25,4,30,2019,신규,26.08~28.08,,,,,
등촌동,202607,연립다세대_전월세,루체빌,등촌동,643,24.53,,5000,110,6,25,2022,신규,26.07~27.07,,,,,
화곡동,202607,연립다세대_전월세,케렌시아,화곡동,359-89,29.73,,23500,0,2,25,2022,신규,26.09~28.09,,,,,
내발산동,202607,연립다세대_전월세,드림하우스,내발산동,708,12.4,,1000,47,3,10,2013,신규,26.07~27.07,,,,,
화곡동,202607,연립다세대_전월세,태성빌라(46-40),화곡동,46-40,40.56,,11100,20,2,21,2003,신규,26.08~28.08,,,,,
화곡동,202607,연립다세대_전월세,라피아노,화곡동,452-11,22.25,,18800,0,6,20,2022,신규,26.09~28.09,,,,,
화곡동,202607,연립다세대_전월세,청성스카이,화곡동,410-241,49.21,,4000,60,4,30,2008,신규,26.09~28.09,,,,,
내발산동,202607,연립다세대_전월세,한신위너스,내발산동,651-5,28.55,,21500,30,4,25,2018,신규,26.09~28.09,,,,,
화곡동,202607,연립다세대_전월세,엠펠리체(346-82),화곡동,346-82,41.87,,21200,30,2,27,2015,신규,26.08~28.08,,,,,
내발산동,202607,연립다세대_전월세,제니스타운2차,내발산동,671-5,37.35,,23814,18,5,16,2017,갱신,26.08~28.08,23814.0,13.0,,,
화곡동,202607,연립다세대_전월세,마크하우스,화곡동,346-57,29.59,,20790,0,4,28,2020,갱신,26.07~28.07,21400.0,,,,
내발산동,202607,연립다세대_전월세,동서빌라,내발산동,661-6,65.76,,13000,66,4,29,2002,갱신,26.08~28.08,13000.0,61.0,사용,,
화곡동,202607,연립다세대_전월세,호반아트빌라,화곡동,24-330,48.73,,13000,15,5,24,2001,신규,26.08~28.08,,,,,
화곡동,202607,연립다세대_전월세,대성탑스빌(472-17),화곡동,472-17,45.11,,5500,42,-1,7,2002,갱신,26.07~28.07,5500.0,40.0,사용,,
화곡동,202607,연립다세대_전월세,더스위트(73-78),화곡동,73-78,27.81,,3000,85,4,9,2022,신규,26.07~27.07,,,,,
화곡동,202607,연립다세대_전월세,백문하우스,화곡동,968-17,29.28,,20000,0,6,28,2018,신규,26.08~28.08,,,,,
화곡동,202607,연립다세대_전월세,스위트빌(410-183),화곡동,410-183,36.39,,12000,30,2,10,2008,신규,26.08~28.08,,,,,
화곡동,202607,연립다세대_전월세,성재파크빌,화곡동,394-37,53.6,,16100,2,3,25,2002,신규,26.08~28.08,,,,,
화곡동,202607,연립다세대_전월세,힐하우스,화곡동,986-17,54.9,,18100,20,4,24,2011,갱신,26.08~28.08,17700.0,20.0,사용,,
화곡동,202607,연립다세대_전월세,화일빌라(57-24),화곡동,57-24,54.1,,2000,80,4,30,2003,신규,26.10~28.10,,,,,
화곡동,202607,연립다세대_전월세,松村(988-22),화곡동,988-22,18.72,,300,32,2,27,2013,신규,26.07~28.07,,,,,
화곡동,202607,연립다세대_전월세,두산빌라(385-19),화곡동,385-19,56.29,,16000,35,3,22,2001,신규,26.08~28.08,,,,,
화곡동,202607,연립다세대_전월세,글로리아하우스,화곡동,774-16,27.52,,25000,0,6,30,2021,신규,26.08~28.08,,,,,
화곡동,202607,연립다세대_전월세,성재파크빌B동,화곡동,158-23,59.71,,3000,100,2,21,2002,신규,26.10~28.10,,,,,
화곡동,202607,연립다세대_전월세,청우하이빌,화곡동,59-36,55.21,,16500,30,2,24,2008,신규,26.08~28.08,,,,,
화곡동,202607,연립다세대_전월세,라움리츠빌,화곡동,379-52,38.12,,100,35,4,29,2016,신규,26.07~28.09,,,,,
화곡동,202607,연립다세대_전월세,삼호파크빌Ⅱ(1050-8),화곡동,1050-8,46.32,,1000,102,4,29,2016,갱신,26.09~27.09,1000.0,97.0,,,
화곡동,202607,연립다세대_전월세,삼미주택,화곡동,978-22,63.75,,17000,20,4,17,2001,신규,26.09~28.09,,,,,
화곡동,202607,연립다세대_전월세,나린하임B동(976-4),화곡동,976-4,26.78,,16300,0,2,27,2017,갱신,26.08~28.08,15750.0,,사용,,
화곡동,202607,연립다세대_전월세,프라임주택(392-15),화곡동,392-15,26.99,,12000,11,2,23,2014,신규,26.08~28.08,,,,,
화곡동,202607,연립다세대_전월세,샬롬하우스,화곡동,1055-9,18.72,,1000,62,3,24,2010,신규,26.08~28.08,,,,,
화곡동,202607,연립다세대_전월세,성도스카이빌,화곡동,105-79,68.77,,16500,40,4,25,2001,신규,26.08~28.08,,,,,
화곡동,202607,연립다세대_전월세,자하클래식,화곡동,24-39,13.77,,11800,0,16,10,2018,신규,26.08~28.08,,,,,
등촌동,202607,연립다세대_전월세,(566-3),등촌동,566-3,74.04,,16000,0,2,29,1991,갱신,26.07~26.11,16000.0,,,,
화곡동,202607,연립다세대_전월세,밀레니엄빌,화곡동,102-22,47.51,,2000,100,4,17,2007,신규,26.07~28.07,,,,,
화곡동,202607,연립다세대_전월세,푸른풍경채,화곡동,817-4,28.01,,1146,31,3,29,2020,신규,26.07~28.09,,,,,
화곡동,202607,연립다세대_전월세,삼우,화곡동,465-1,53.36,,2279,32,5,29,2025,신규,26.07~28.09,,,,,
화곡동,202607,연립다세대_전월세,삼우,화곡동,465-1,47.26,,2246,43,2,29,2025,신규,26.07~28.09,,,,,
방화동,202607,연립다세대_전월세,방화미라클,방화동,260-5,29.97,,18000,11,3,14,2019,갱신,26.08~28.08,18000.0,11.0,,,
화곡동,202607,연립다세대_전월세,혜성팰리스24차(397-33),화곡동,397-33,29.37,,3000,73,4,29,2013,갱신,26.09~28.09,3000.0,70.0,,,
화곡동,202607,연립다세대_전월세,라움리츠빌,화곡동,379-52,29.9,,2000,110,4,25,2016,신규,26.09~28.08,,,,,
화곡동,202607,연립다세대_전월세,라인파크,화곡동,1049-41,26.68,,20700,0,3,11,2018,갱신,26.08~28.08,20700.0,,,,
화곡동,202607,연립다세대_전월세,한스아이빌2,화곡동,1040-4,27.45,,12083,14,6,29,2019,신규,26.07~28.09,,,,,
등촌동,202607,연립다세대_전월세,중앙하이빌,등촌동,516-25,48.69,,11000,20,-1,29,2003,갱신,26.08~28.08,11000.0,,,,
화곡동,202607,연립다세대_전월세,대림캐슬(95-124),화곡동,95-124,47.22,,18900,0,3,20,2012,갱신,26.07~28.07,19000.0,,,,
화곡동,202607,연립다세대_전월세,예가체Ⅱ(1105-10),화곡동,1105-10,32.64,,2000,110,6,29,2014,신규,26.08~27.08,,,,,
방화동,202607,연립다세대_전월세,보타닉타워,방화동,247-19,26.02,,16500,20,6,29,2016,신규,26.09~28.09,,,,,
화곡동,202607,연립다세대_전월세,알펜시아빌,화곡동,370-9,27.36,,10000,20,5,22,2011,신규,26.08~28.08,,,,,
화곡동,202607,연립다세대_전월세,태성팰리스,화곡동,915-5,19.35,,6930,0,7,29,2010,신규,26.09~28.09,,,,,
화곡동,202607,연립다세대_전월세,삼우,화곡동,465-1,47.26,,2269,32,3,29,2025,신규,26.07~28.09,,,,,
화곡동,202607,연립다세대_전월세,삼우,화곡동,465-1,47.26,,2291,44,4,29,2025,신규,26.07~28.09,,,,,
화곡동,202607,연립다세대_전월세,리더스타운(397-6),화곡동,397-6,29.79,,3000,90,2,4,2016,신규,26.07~28.07,,,,,
내발산동,202607,연립다세대_전월세,Lee's빌2차,내발산동,675-22,20.54,,1000,46,5,10,2010,갱신,26.07~28.07,1000.0,44.0,,,
화곡동,202607,연립다세대_전월세,삼성골든빌,화곡동,349-1,33.85,,17200,30,3,27,2014,갱신,26.08~28.08,17200.0,30.0,,,
화곡동,202607,연립다세대_전월세,리치7,화곡동,937-15,24.59,,20040,10,11,23,2022,갱신,26.08~28.08,22170.0,,,,
화곡동,202607,연립다세대_전월세,홍성드림빌,화곡동,871-15,59.71,,18500,0,3,29,2002,신규,26.10~28.10,,,,,
화곡동,202607,연립다세대_전월세,우성성진빌라(1085-18),화곡동,1085-18,50.84,,4000,60,2,21,1996,갱신,26.07~28.07,4000.0,55.0,,,
화곡동,202607,연립다세대_전월세,에스엠파크빌,화곡동,421-48,26.77,,3000,65,6,20,2016,신규,26.09~28.09,,,,,
등촌동,202607,연립다세대_전월세,유레카(654-80),등촌동,654-80,29.99,,19100,13,4,29,2014,갱신,26.08~28.08,18600.0,13.0,사용,,
내발산동,202607,연립다세대_전월세,동서빌라,내발산동,661-6,73.92,,22100,20,3,28,2002,갱신,26.08~28.08,25200.0,3.0,,,
화곡동,202607,연립다세대_전월세,성진타운,화곡동,968-10,45.78,,15000,0,2,28,2012,갱신,26.07~28.07,15000.0,,,,
화곡동,202607,연립다세대_전월세,에스엠파크빌(346-94외),화곡동,346-94,32.81,,330,110,4,15,2015,신규,26.07~26.10,,,,,
등촌동,202607,연립다세대_전월세,명솔엠펠리스Ⅱ,등촌동,506-7,28.39,,7000,75,3,28,2014,갱신,26.08~28.08,7000.0,60.0,,,
화곡동,202607,연립다세대_전월세,한백e타운A동,화곡동,105-44,62.68,,16700,0,2,28,2002,신규,26.09~28.09,,,,,
외발산동,202607,연립다세대_전월세,호수빌라,외발산동,225-6,54.53,,16000,0,4,28,2003,갱신,26.07~28.07,15000.0,,,,
화곡동,202607,연립다세대_전월세,남광아트빌B동,화곡동,424-47,29.85,,18000,0,3,24,2018,신규,26.08~28.08,,,,,
화곡동,202607,연립다세대_전월세,송현빌리지,화곡동,881-28,63.44,,2000,50,4,24,2002,신규,26.07~28.07,,,,,
화곡동,202607,연립다세대_전월세,ANP화곡,화곡동,51-42,23.44,,1000,110,4,14,2022,신규,26.07~27.07,,,,,
화곡동,202607,연립다세대_전월세,동화주택(56-429),화곡동,56-429,32.66,,9380,25,1,27,1990,신규,26.08~28.08,,,,,
화곡동,202607,연립다세대_전월세,삼성파크빌나동(111-126),화곡동,111-126,43.32,,2000,105,4,9,2001,갱신,26.08~27.08,1000.0,92.0,,,
화곡동,202607,연립다세대_전월세,이도트라움2,화곡동,366-32,30.84,,22554,10,4,19,2018,갱신,26.08~28.08,21798.0,,,,
화곡동,202607,연립다세대_전월세,유로빌(970-13),화곡동,970-13,47.45,,13000,30,3,22,2002,신규,26.09~28.09,,,,,
화곡동,202607,연립다세대_전월세,건형타운나동,화곡동,98-141,52.01,,15600,0,5,15,2002,신규,26.08~28.08,,,,,
화곡동,202607,연립다세대_전월세,공간지음102,화곡동,102-298,29.22,,23500,0,3,26,2021,신규,26.09~28.09,,,,,
화곡동,202607,연립다세대_전월세,원준타운,화곡동,342-2,74.3,,3000,125,3,28,2002,신규,26.10~28.10,,,,,
화곡동,202607,연립다세대_전월세,우연리치빌,화곡동,1010-17,29.6,,12000,35,4,16,2011,신규,26.08~28.08,,,,,
화곡동,202607,연립다세대_전월세,포엠빌,화곡동,24-65,36.73,,3000,110,10,8,2020,신규,26.08~28.08,,,,,
화곡동,202607,연립다세대_전월세,담비아트빌56-340,화곡동,56-340,29.9,,8000,0,4,25,2003,신규,26.08~28.08,,,,,
화곡동,202607,연립다세대_전월세,동서빌라(24-143),화곡동,24-143,58.14,,12000,30,4,21,1993,신규,26.08~28.08,,,,,
화곡동,202607,연립다세대_전월세,제이스빌(969-5),화곡동,969-5,23.6,,18300,5,2,21,2022,신규,26.08~27.08,,,,,
화곡동,202607,연립다세대_전월세,인성빌라,화곡동,955-3,48.21,,10470,0,4,14,1993,신규,26.08~28.08,,,,,
화곡동,202607,연립다세대_전월세,다나네스트빌(410-217),화곡동,410-217,42.28,,5000,40,1,28,2008,신규,26.09~28.09,,,,,
공항동,202607,연립다세대_전월세,세종에어포트원,공항동,45-14,20.16,,12600,0,13,25,2018,신규,26.08~28.08,,,,,
공항동,202607,연립다세대_전월세,웰스바움,공항동,53-96,29.94,,20000,15,3,4,2021,신규,26.08~28.08,,,,,
화곡동,202607,연립다세대_전월세,트리빌리지,화곡동,1037-10,29.71,,24000,0,4,22,2021,신규,26.07~28.07,,,,,
화곡동,202607,연립다세대_전월세,로즈팰리스투(346-38),화곡동,346-38,74.4,,500,52,5,28,2009,신규,26.07~28.07,,,,,
화곡동,202607,연립다세대_전월세,디에이씨,화곡동,475-14,27.6,,10000,40,2,11,2020,신규,26.08~28.08,,,,,
화곡동,202607,연립다세대_전월세,성재캐슬빌,화곡동,1014-9,58.19,,500,29,3,26,2009,신규,26.07~28.07,,,,,
화곡동,202607,연립다세대_전월세,신하우스,화곡동,987-10,29.88,,1000,90,7,13,2016,신규,26.07~27.07,,,,,
화곡동,202607,연립다세대_전월세,성진타운,화곡동,968-10,33.39,,15000,0,2,27,2012,갱신,26.08~28.08,14000.0,,,,
화곡동,202607,연립다세대_전월세,신영센트레빌,화곡동,370-50,26.4,,10999,5,3,27,2011,갱신,26.08~28.08,10836.0,3.0,,,
화곡동,202607,연립다세대_전월세,동선벨리체(366-57),화곡동,366-57,28.18,,22000,18,4,25,2021,신규,26.08~28.08,,,,,
화곡동,202607,연립다세대_전월세,션밸리,화곡동,1120-4,40.04,,20000,0,3,27,2015,갱신,26.08~28.08,19780.0,,사용,,
등촌동,202607,연립다세대_전월세,지하우스,등촌동,507-23,21.7,,5000,43,3,27,2012,갱신,26.08~27.08,5000.0,40.0,사용,,
등촌동,202607,연립다세대_전월세,(569-26),등촌동,569-26,50.71,,14000,0,2,25,2003,신규,26.10~28.10,,,,,
가양동,202607,연립다세대_전월세,다솔씨티하임,가양동,250-2,27.43,,23500,0,8,22,2018,갱신,26.08~28.08,22800.0,,,,
화곡동,202607,연립다세대_전월세,대근빌라,화곡동,73-105,46.44,,13500,0,1,11,1990,신규,26.08~28.08,,,,,
가양동,202607,연립다세대_전월세,아트빌,가양동,239-13,43.92,,17500,0,2,27,2008,신규,26.10~28.10,,,,,
화곡동,202607,연립다세대_전월세,풍성애뜰안,화곡동,784-2,56.62,,29850,0,5,18,2016,신규,26.09~28.09,,,,,
내발산동,202607,연립다세대_전월세,낙원맨션,내발산동,682-4,66.1,,500,120,3,23,1984,신규,26.07~27.07,,,,,
염창동,202607,연립다세대_전월세,서경팰리스,염창동,264-3,29.81,,19500,10,3,27,2016,신규,26.09~28.09,,,,,
화곡동,202607,연립다세대_전월세,네오파크빌,화곡동,936-23,48.35,,3000,115,6,23,2011,신규,26.07~28.07,,,,,
공항동,202607,연립다세대_전월세,삼익마곡스테이(54-3),공항동,54-3,48.82,,27660,0,2,20,2018,신규,26.07~28.07,,,,,
화곡동,202607,연립다세대_전월세,우성(408-86),화곡동,408-86,44.73,,2000,105,5,26,2017,갱신,26.11~28.11,2000.0,95.0,,,
마곡동,202607,연립다세대_전월세,삼익마곡스테이,마곡동,1261,20.89,,5000,60,4,10,2018,신규,26.07~28.07,,,,,
화곡동,202607,연립다세대_전월세,자라하우스B동,화곡동,882-9,29.84,,2000,95,4,22,2013,신규,26.07~28.07,,,,,
등촌동,202607,연립다세대_전월세,래안빌,등촌동,515-25,20.93,,20000,20,4,26,2019,신규,26.10~28.10,,,,,
화곡동,202607,연립다세대_전월세,스토리하우스(1014-23),화곡동,1014-23,17.12,,1000,65,2,24,2012,신규,26.07~28.07,,,,,
화곡동,202607,연립다세대_전월세,신성네오빌,화곡동,421-18,24.5,,21000,30,7,26,2019,신규,26.09~28.09,,,,,
등촌동,202607,연립다세대_전월세,유레카(654-80),등촌동,654-80,38.78,,24000,0,4,25,2014,신규,26.08~28.08,,,,,
화곡동,202607,연립다세대_전월세,우진프르미,화곡동,159-14,52.35,,21500,0,2,15,2011,신규,26.08~28.08,,,,,
공항동,202607,연립다세대_전월세,에스엠파크빌,공항동,1377,27.51,,21100,0,4,25,2018,신규,26.09~28.09,,,,,
공항동,202607,연립다세대_전월세,로얄하이츠102동,공항동,662,39.92,,19530,10,3,25,2017,갱신,26.08~28.08,19530.0,5.0,사용,,
염창동,202607,연립다세대_전월세,제니스알앤씨,염창동,252-2,29,,23058,25,5,16,2017,신규,26.08~28.08,,,,,
화곡동,202607,연립다세대_전월세,우성테마빌(159-21),화곡동,159-21,29.98,,15000,0,2,24,2015,신규,26.08~28.08,,,,,
공항동,202607,연립다세대_전월세,아이디움,공항동,22-52,39.46,,22800,15,3,25,2016,갱신,26.08~26.10,22800.0,10.0,,,
공항동,202607,연립다세대_전월세,미래아트빌,공항동,12-24,39.27,,17000,0,4,26,2002,신규,26.10~28.10,,,,,
공항동,202607,연립다세대_전월세,중앙캐슬,공항동,41-1,29.99,,17760,15,5,25,2015,갱신,26.09~28.09,17130.0,13.0,,,
등촌동,202607,연립다세대_전월세,더프라임,등촌동,649-12,19.57,,5000,130,9,11,2022,신규,26.07~28.07,,,,,
화곡동,202607,연립다세대_전월세,일봉빌라,화곡동,1121-17,51.47,,1000,70,-1,9,1991,신규,26.07~28.07,,,,,
화곡동,202607,연립다세대_전월세,(24-523),화곡동,24-523,34.32,,6900,0,1,18,1990,신규,26.09~28.09,,,,,
공항동,202607,연립다세대_전월세,마곡대림밸리,공항동,678-10,24,,18920,0,6,24,2019,갱신,26.08~28.08,19000.0,,,,
화곡동,202607,연립다세대_전월세,더그라시아,화곡동,984-13,23.37,,20200,10,3,24,2022,신규,26.09~28.09,,,,,
등촌동,202607,연립다세대_전월세,화인하우스,등촌동,571-4,68.74,,14500,0,4,8,1992,신규,26.08~28.08,,,,,
화곡동,202607,연립다세대_전월세,호성그린빌B동(1083-13),화곡동,1083-13,48.04,,12000,30,3,21,2001,갱신,26.08~28.08,12000.0,26.0,,,
마곡동,202607,연립다세대_전월세,웰스파크빌,마곡동,348-23,58,,30450,5,4,18,2015,갱신,26.09~28.09,30450.0,,,,
화곡동,202607,연립다세대_전월세,광천쉐르빌,화곡동,158-34,62.79,,17000,40,2,16,2003,신규,26.08~28.08,,,,,
화곡동,202607,연립다세대_전월세,와이앤비,화곡동,848-20,28.68,,3000,110,6,24,2021,신규,26.07~28.07,,,,,
화곡동,202607,연립다세대_전월세,미소빌,화곡동,1036-1,27.79,,19100,0,3,24,2018,신규,26.08~28.08,,,,,
화곡동,202607,연립다세대_전월세,세영하이츠가동,화곡동,457-22,63.21,,12000,20,4,16,2001,신규,26.09~28.09,,,,,
화곡동,202607,연립다세대_전월세,(997-13),화곡동,997-13,35.8,,1000,71,2,4,2002,신규,26.07~27.07,,,,,
화곡동,202607,연립다세대_전월세,영진주택,화곡동,95-47,28.33,,15000,40,2,23,2023,신규,26.08~28.08,,,,,
방화동,202607,연립다세대_전월세,현대빌라,방화동,603-11,60.39,,19000,0,3,20,2000,갱신,26.09~28.09,17800.0,,,,
공항동,202607,연립다세대_전월세,영성빌(1365-13),공항동,1365-13,29.61,,13000,9,2,17,2015,갱신,26.08~28.08,13000.0,6.0,사용,,
화곡동,202607,연립다세대_전월세,진영시티파크빌,화곡동,1040-22,43.1,,17300,0,3,15,2010,신규,26.09~28.09,,,,,
화곡동,202607,연립다세대_전월세,프라임주택(393-22),화곡동,393-22,27.59,,12100,0,2,23,2014,갱신,27.01~29.01,11000.0,,,,
방화동,202607,연립다세대_전월세,청솔하우스,방화동,246-18,29.96,,2000,70,3,24,2014,신규,26.09~28.09,,,,,
가양동,202607,연립다세대_전월세,와이에스타운,가양동,146-40,13.5,,11000,10,6,24,2015,신규,26.09~28.09,,,,,
공항동,202607,연립다세대_전월세,LK드림빌,공항동,66-28,27.66,,18250,8,3,24,2018,갱신,26.09~27.09,19600.0,,,,
화곡동,202607,연립다세대_전월세,더원레오빌,화곡동,355-43,19.59,,19020,0,3,23,2021,신규,26.09~28.07,,,,,
등촌동,202607,연립다세대_전월세,더원2-1th,등촌동,569-21,26.68,,21600,10,2,23,2023,신규,26.09~28.09,,,,,
화곡동,202607,연립다세대_전월세,나인빌라,화곡동,865-27,69.36,,300,20,3,24,2002,신규,26.07~28.07,,,,,
방화동,202607,연립다세대_전월세,센터하임,방화동,249-254,28.19,,22000,0,4,22,2023,갱신,26.08~28.08,22000.0,,,,
화곡동,202607,연립다세대_전월세,벨라하우스(354-23번지),화곡동,354-23,29.9,,15000,25,4,24,2016,신규,26.09~28.09,,,,,
화곡동,202607,연립다세대_전월세,다세대(986-24),화곡동,986-24,17.21,,10500,12,3,14,2017,갱신,26.08~28.07,10500.0,10.0,,,
방화동,202607,연립다세대_전월세,율창메느하빌(1동),방화동,558-1,42.22,,12700,0,3,7,2002,신규,26.09~28.09,,,,,
염창동,202607,연립다세대_전월세,홍우주택,염창동,272-19,84.9,,18000,24,4,23,2000,갱신,26.08~28.08,18000.0,24.0,사용,,
화곡동,202607,연립다세대_전월세,호성그린빌11차,화곡동,395-18,66.36,,18000,20,2,23,2000,신규,26.08~28.08,,,,,
내발산동,202607,연립다세대_전월세,마곡수명산파크8단지,내발산동,745,84.53,,52500,0,2,9,2006,갱신,26.08~28.08,50000.0,,사용,,
화곡동,202607,연립다세대_전월세,보노하우스A동,화곡동,840-2,34.83,,27000,0,6,23,2016,갱신,26.08~28.08,28000.0,,사용,,
화곡동,202607,연립다세대_전월세,굳이모션빌,화곡동,102-41,42.78,,2000,75,3,23,2003,신규,26.08~28.08,,,,,
화곡동,202607,연립다세대_전월세,신성빌라,화곡동,373-47,39.48,,10700,30,3,13,2000,신규,26.08~28.08,,,,,
내발산동,202607,연립다세대_전월세,대홍빌라,내발산동,717-17,67.61,,20000,40,1,22,1995,신규,26.09~28.09,,,,,
화곡동,202607,연립다세대_전월세,샤론빌리지,화곡동,393-14,22.94,,2052,21,4,23,2025,신규,26.08~28.10,,,,,
화곡동,202607,연립다세대_전월세,샤론빌리지,화곡동,393-14,27.61,,2205,23,5,23,2025,신규,26.08~28.10,,,,,
화곡동,202607,연립다세대_전월세,샤론빌리지,화곡동,393-14,27.32,,2286,24,4,23,2025,신규,26.08~28.10,,,,,
화곡동,202607,연립다세대_전월세,HIGH-END480,화곡동,480-14,29.98,,20000,40,5,4,2023,신규,26.07~28.07,,,,,
화곡동,202607,연립다세대_전월세,(98-23),화곡동,98-23,59.13,,26100,35,4,21,2018,신규,26.10~28.09,,,,,
화곡동,202607,연립다세대_전월세,선경하이츠,화곡동,471-3,36.37,,12000,46,5,17,2012,갱신,26.08~28.08,12000.0,35.0,,,
화곡동,202607,연립다세대_전월세,글로리아하우스,화곡동,774-16,27.06,,25400,0,5,22,2021,신규,26.09~28.09,,,,,
등촌동,202607,연립다세대_전월세,더프라임,등촌동,649-12,19.57,,34900,0,10,23,2022,신규,26.09~28.09,,,,,
화곡동,202607,연립다세대_전월세,HIGH-END480,화곡동,480-14,29.73,,20900,13,3,21,2023,갱신,26.08~28.08,21000.0,,,,
화곡동,202607,연립다세대_전월세,순환베스트빌1(46-340),화곡동,46-196,38.96,,11600,10,3,20,2003,신규,26.08~28.08,,,,,
화곡동,202607,연립다세대_전월세,스카이빌라,화곡동,1062-18,45.39,,14000,30,3,7,2003,신규,26.08~28.08,,,,,
화곡동,202607,연립다세대_전월세,삼성빌라트B동,화곡동,410-3,58.39,,15400,0,4,16,2000,갱신,26.07~28.07,14800.0,,,,
화곡동,202607,연립다세대_전월세,하이트맨션(917-2),화곡동,917-2,50.79,,16500,15,5,11,2001,갱신,26.08~28.08,16500.0,13.0,사용,,
등촌동,202607,연립다세대_전월세,루체빌,등촌동,643,24.53,,5000,105,4,18,2022,신규,26.08~28.08,,,,,
화곡동,202607,연립다세대_전월세,삼성빌라트A동,화곡동,156-23,68.24,,13000,50,4,21,2001,신규,26.08~28.08,,,,,
화곡동,202607,연립다세대_전월세,인터시티빌라가동,화곡동,410-166,44.98,,9500,0,4,22,2002,신규,26.07~28.07,,,,,
공항동,202607,연립다세대_전월세,에스엠파크빌,공항동,1377,25.13,,20400,17,6,14,2018,신규,26.08~28.08,,,,,
화곡동,202607,연립다세대_전월세,휴&유빌,화곡동,1100-3,40.4,,28090,10,6,23,2020,갱신,26.08~28.08,27970.0,10.0,,,
화곡동,202607,연립다세대_전월세,경한빌라(56-644),화곡동,56-644,42.18,,11000,10,2,3,1991,신규,26.09~28.09,,,,,
등촌동,202607,연립다세대_전월세,소담밸리,등촌동,653-14,20.45,,5500,70,5,22,2023,신규,26.09~27.09,,,,,
화곡동,202607,연립다세대_전월세,범우데시앙,화곡동,338-29,22.94,,2268,23,5,22,2025,신규,26.08~28.10,,,,,
등촌동,202607,연립다세대_전월세,더원2-2th,등촌동,569-20,26.68,,3000,100,5,15,2023,갱신,26.08~28.08,3000.0,100.0,,,
화곡동,202607,연립다세대_전월세,더플레이스,화곡동,464-5,29.94,,18500,0,2,21,2017,신규,26.08~28.08,,,,,
화곡동,202607,연립다세대_전월세,범우데시앙,화곡동,338-29,22.94,,2232,23,4,22,2025,신규,26.08~28.10,,,,,
화곡동,202607,연립다세대_전월세,호수타운(399-10),화곡동,399-10,59.78,,11000,2,-1,11,2002,갱신,26.08~28.08,11000.0,,사용,,
화곡동,202607,연립다세대_전월세,한빛스카이빌,화곡동,166-22,33.26,,1000,70,5,16,2008,신규,26.07~28.07,,,,,
방화동,202607,연립다세대_전월세,보성,방화동,249-21,56.3,,3000,60,3,16,1981,신규,26.07~28.07,,,,,
화곡동,202607,연립다세대_전월세,ANA7,화곡동,102-240,28.26,,2000,105,2,22,2022,신규,26.08~27.08,,,,,
화곡동,202607,연립다세대_전월세,광명빌라(410-212),화곡동,410-212,51.08,,2500,70,2,22,2001,신규,26.08~28.08,,,,,
화곡동,202607,연립다세대_전월세,StepOn화곡,화곡동,1083-14,29.4,,200,52,5,22,2025,신규,26.08~28.10,,,,,
염창동,202607,연립다세대_전월세,우리프리머스,염창동,273-9,27.7,,20600,15,6,21,2017,신규,26.09~28.09,,,,,
등촌동,202607,연립다세대_전월세,(516-7),등촌동,516-7,44.05,,29400,6,2,21,2020,신규,26.09~28.09,,,,,
화곡동,202607,연립다세대_전월세,진주,화곡동,105-101,46.35,,18200,10,4,16,2010,갱신,26.08~28.08,18200.0,,,,
화곡동,202607,연립다세대_전월세,칭찬빌,화곡동,56-430,29.77,,11700,10,4,15,2011,신규,26.08~28.08,,,,,
화곡동,202607,연립다세대_전월세,범우데시앙,화곡동,338-29,22.94,,2214,23,3,22,2025,신규,26.08~28.10,,,,,
염창동,202607,연립다세대_전월세,현진파크뷰,염창동,252,18.96,,21200,14,7,14,2019,신규,26.08~28.08,,,,,
방화동,202607,연립다세대_전월세,하얀집,방화동,645-20,20.74,,1000,56,3,13,2019,신규,26.09~27.09,,,,,
등촌동,202607,연립다세대_전월세,월드홈타운(530-11),등촌동,530-11,20.4,,4000,90,3,5,2013,신규,26.07~28.07,,,,,
화곡동,202607,연립다세대_전월세,멀티하우스,화곡동,350-37,17.02,,10000,0,5,1,2004,갱신,26.07~28.06,1000.0,48.0,,,
화곡동,202607,연립다세대_전월세,(792-13),화곡동,792-13,36.7,,1000,80,2,13,1987,신규,26.07~27.07,,,,,
공항동,202607,연립다세대_전월세,스카이빌라가동,공항동,14-70,55.12,,2500,35,-1,18,2002,갱신,26.07~27.11,1500.0,40.0,,,
화곡동,202607,연립다세대_전월세,신흥뜨란채,화곡동,105-142,34.78,,0,50,6,21,2017,신규,26.07~27.07,,,,,
화곡동,202607,연립다세대_전월세,범우데시앙,화곡동,338-29,22.77,,2214,23,5,21,2025,신규,26.08~28.10,,,,,
화곡동,202607,연립다세대_전월세,순환쉐르빌B,화곡동,772-20,34.54,,10000,0,4,9,2002,갱신,26.08~28.08,10000.0,,사용,,
화곡동,202607,연립다세대_전월세,샤론빌리지,화곡동,393-14,27.32,,100,28,5,21,2025,신규,26.08~28.10,,,,,
화곡동,202607,연립다세대_전월세,프리메라,화곡동,111-37,29.76,,19000,14,2,18,2018,신규,26.09~28.09,,,,,
가양동,202607,연립다세대_전월세,갤럭시빌,가양동,248-2,39.03,,27000,0,6,21,2015,신규,26.09~28.09,,,,,
등촌동,202607,연립다세대_전월세,WealthVill,등촌동,646-46,29,,10000,32,5,21,2014,신규,26.08~27.08,,,,,
방화동,202607,연립다세대_전월세,트윈빌B동,방화동,247-286,22.92,,7240,0,4,20,2010,갱신,26.08~28.07,6900.0,,,,
방화동,202607,연립다세대_전월세,스카이빌,방화동,246-38,27.44,,15000,24,4,21,2017,신규,26.09~28.09,,,,,
화곡동,202607,연립다세대_전월세,샤론빌리지,화곡동,393-14,27.32,,2286,24,3,21,2025,신규,26.08~28.10,,,,,
화곡동,202607,연립다세대_전월세,샤론빌리지,화곡동,393-14,27.61,,100,27,3,21,2025,신규,26.08~28.10,,,,,
화곡동,202607,연립다세대_전월세,HIGH-END480,화곡동,480-14,29.86,,19200,0,4,17,2023,신규,26.08~28.08,,,,,
화곡동,202607,연립다세대_전월세,범우데시앙,화곡동,338-29,23.16,,2295,24,6,21,2025,신규,26.08~28.10,,,,,
화곡동,202607,연립다세대_전월세,뉴그린빌,화곡동,95-25,68.22,,20580,0,3,17,2004,갱신,26.08~28.08,19600.0,,사용,,
화곡동,202607,연립다세대_전월세,벧엘빌라(80-39),화곡동,80-39,53.885,,4000,100,3,15,2002,신규,26.09~28.09,,,,,
방화동,202607,연립다세대_전월세,마곡팰리스,방화동,247-90,38.95,,4000,100,3,15,2017,갱신,26.07~28.07,29400.0,,사용,,
화곡동,202607,연립다세대_전월세,로빈하우스,화곡동,504-54,25.69,,3000,71,4,17,2018,신규,26.08~28.07,,,,,
내발산동,202607,연립다세대_전월세,제이에스해슬리,내발산동,671-22,40.05,,37400,0,3,11,2024,신규,26.09~28.09,,,,,
가양동,202607,연립다세대_전월세,마곡파크뷰비동,가양동,275-18,22.26,,10000,0,9,21,2017,신규,26.07~28.07,,,,,
화곡동,202607,연립다세대_전월세,예화빌라트,화곡동,886-1,84.345,,19800,3,6,4,2000,갱신,26.08~28.08,19800.0,,,,
화곡동,202607,연립다세대_전월세,동도파크뷰(813-13),화곡동,813-13,46.44,,19900,0,4,20,2013,갱신,26.08~28.08,19900.0,,,,
화곡동,202607,연립다세대_전월세,동진빌라(354-49),화곡동,354-49,84.24,,10000,27,3,11,2002,갱신,26.08~28.08,10000.0,24.0,사용,,
화곡동,202607,연립다세대_전월세,올라루즈,화곡동,821-26,25.19,,20900,10,6,20,2022,신규,26.09~28.09,,,,,
등촌동,202607,연립다세대_전월세,진영빌라,등촌동,523-16,35.97,,13000,15,5,11,2008,신규,26.08~28.08,,,,,
화곡동,202607,연립다세대_전월세,에스엠벨리체11차,화곡동,814-2,53.61,,14000,0,5,10,2012,갱신,26.07~28.07,18000.0,,,,
등촌동,202607,연립다세대_전월세,미라벨,등촌동,514-60,42.885,,8000,110,5,15,2014,신규,26.08~28.08,,,,,
방화동,202607,연립다세대_전월세,삼성그린빌,방화동,248-4,37.12,,1000,85,2,15,2003,갱신,26.09~28.09,1000.0,75.0,,,
염창동,202607,연립다세대_전월세,나라빌,염창동,272-6,12.43,,500,50,4,11,2012,신규,26.07~28.07,,,,,
화곡동,202607,연립다세대_전월세,대우빌라(348-13),화곡동,348-13,38.22,,5000,50,2,10,1986,신규,26.07~27.07,,,,,
화곡동,202607,연립다세대_전월세,다온하우스,화곡동,400-88,49.86,,21900,35,3,18,2016,갱신,26.10~28.10,21900.0,30.0,사용,,
화곡동,202607,연립다세대_전월세,서현,화곡동,403-9,12.24,,500,42,5,6,2011,신규,26.07~28.07,,,,,
화곡동,202607,연립다세대_전월세,후암빌라트,화곡동,346-11,64.77,,20500,20,2,17,2007,신규,26.09~28.09,,,,,
등촌동,202607,연립다세대_전월세,리즈안(516-8),등촌동,516-8,24.87,,5500,80,2,18,2024,신규,26.08~28.08,,,,,
화곡동,202607,연립다세대_전월세,성진빌라(400-79),화곡동,400-79,55.55,,15620,5,4,17,2001,갱신,26.07~27.07,15750.0,,,,
내발산동,202607,연립다세대_전월세,Lee's빌2차,내발산동,675-22,17.2,,6900,0,3,15,2010,신규,26.08~28.08,,,,,
마곡동,202607,연립다세대_전월세,웰스파크빌,마곡동,348-23,59.35,,30700,0,3,17,2015,갱신,26.09~28.09,30000.0,,사용,,
화곡동,202607,연립다세대_전월세,네오파크빌(102-184),화곡동,102-184,49.95,,2000,100,1,17,2006,신규,26.08~28.08,,,,,
화곡동,202607,연립다세대_전월세,HIGH-END480,화곡동,480-14,29.73,,20900,0,2,3,2023,갱신,26.07~28.07,21000.0,,사용,,
화곡동,202607,연립다세대_전월세,진성빌라,화곡동,156-15,62.01,,16700,7,2,20,2000,갱신,26.08~28.08,17800.0,,사용,,
공항동,202607,연립다세대_전월세,삼성드림,공항동,660-9,14,,500,48,5,16,2012,신규,26.07~28.07,,,,,
화곡동,202607,연립다세대_전월세,타워파크빌(56-280),화곡동,56-280,44.73,,12000,51,2,18,2008,신규,26.08~28.08,,,,,
공항동,202607,연립다세대_전월세,로은아트빌,공항동,1362-1,27.14,,24000,0,2,18,2022,신규,26.09~28.09,,,,,
화곡동,202607,연립다세대_전월세,HIGH-END480,화곡동,480-14,29.8,,19100,10,4,16,2023,신규,26.08~28.08,,,,,
화곡동,202607,연립다세대_전월세,대동빌라,화곡동,162-13,51.63,,13000,35,5,13,2001,신규,26.08~28.08,,,,,
화곡동,202607,연립다세대_전월세,리젠트라움,화곡동,98-76,27.52,,12800,40,2,16,2014,신규,26.08~28.08,,,,,
염창동,202607,연립다세대_전월세,홍우주택,염창동,272-19,41.32,,8000,3,2,16,2000,갱신,26.08~28.08,8000.0,3.0,,,
가양동,202607,연립다세대_전월세,라이품,가양동,1457-1,16.05,,3468,14,4,16,2017,신규,26.07~28.09,,,,,
화곡동,202607,연립다세대_전월세,동영빌라,화곡동,841-27,43.12,,10000,0,5,16,2002,신규,26.07~28.07,,,,,
화곡동,202607,연립다세대_전월세,리치팰리스(400-89),화곡동,400-89,46.49,,19150,0,4,16,2012,신규,26.10~28.10,,,,,
화곡동,202607,연립다세대_전월세,서경팰리스,화곡동,24-345,29.29,,18600,32,8,1,2019,신규,26.07~28.07,,,,,
화곡동,202607,연립다세대_전월세,케이하우스,화곡동,24-337,29.05,,1000,76,3,11,2017,신규,26.07~27.07,,,,,
화곡동,202607,연립다세대_전월세,블루힐(846-14),화곡동,846-14,22.03,,2000,114,3,4,2021,신규,26.07~28.07,,,,,
화곡동,202607,연립다세대_전월세,신영맨션,화곡동,350-25,53.84,,12000,45,5,8,1995,신규,26.08~28.08,,,,,
가양동,202607,연립다세대_전월세,라이품,가양동,1457-1,16.06,,3468,14,4,16,2017,신규,26.07~28.09,,,,,
방화동,202607,연립다세대_전월세,제이스빌,방화동,592-103,27.3,,90,90,2,16,2022,신규,26.07~26.09,,,,,
마곡동,202607,연립다세대_전월세,에어빌라트B동,마곡동,1184,62.28,,19400,0,1,5,2000,갱신,26.07~28.07,18500.0,,,,
화곡동,202607,연립다세대_전월세,오리온하우스,화곡동,410-148,48.705,,18500,0,3,3,2011,신규,26.09~28.09,,,,,
공항동,202607,연립다세대_전월세,마곡그랜드빌,공항동,19-26,28.85,,22000,0,4,8,2021,신규,26.08~28.08,,,,,
화곡동,202607,연립다세대_전월세,M펠리체,화곡동,830-2,38.52,,26000,0,2,16,2018,갱신,26.08~27.08,26000.0,,,,
화곡동,202607,연립다세대_전월세,삼형빌라,화곡동,29-33,53.24,,8500,0,-1,7,1991,신규,26.08~28.08,,,,,
공항동,202607,연립다세대_전월세,참터리치빌,공항동,673-8,40.37,,10000,45,3,15,2016,신규,26.08~28.08,,,,,
화곡동,202607,연립다세대_전월세,세화하이츠맨션,화곡동,333-21,64.28,,17000,0,4,15,2001,신규,26.09~28.09,,,,,
화곡동,202607,연립다세대_전월세,HIGH-END480,화곡동,480-14,29.76,,18700,0,4,15,2023,신규,26.08~28.08,,,,,
화곡동,202607,연립다세대_전월세,쉐라톤빌리지(340-26),화곡동,340-26,41.13,,12200,10,4,8,1994,신규,26.08~28.08,,,,,
화곡동,202607,연립다세대_전월세,부일쉐르빌B동,화곡동,70-43,34.6,,9865,20,5,9,2002,신규,26.08~28.08,,,,,
화곡동,202607,연립다세대_전월세,구산해피밸리B동,화곡동,866-32,57.46,,14000,24,2,1,2002,갱신,26.07~28.07,16200.0,13.0,,,
공항동,202607,연립다세대_전월세,헬리그라프마곡에디션,공항동,8-5,29.02,,2000,140,6,13,2024,신규,26.07~28.07,,,,,
화곡동,202607,연립다세대_전월세,마마스빌,화곡동,342-76,29.79,,18600,0,3,11,2017,갱신,26.08~28.08,18600.0,,사용,,
화곡동,202607,연립다세대_전월세,(1047-4),화곡동,1047-4,49.91,,10000,40,4,8,2000,신규,26.08~28.08,,,,,
내발산동,202607,연립다세대_전월세,오가빌라,내발산동,694,50.55,,16000,0,4,15,2005,신규,26.08~28.08,,,,,
화곡동,202607,연립다세대_전월세,벨라하우스Ⅱ,화곡동,793-8,31.07,,14500,15,3,15,2012,신규,26.08~28.08,,,,,
화곡동,202607,연립다세대_전월세,경원주택가동,화곡동,410-87,39.72,,11200,0,4,15,2001,신규,26.08~28.08,,,,,
화곡동,202607,연립다세대_전월세,신성빌라,화곡동,813-1,73.01,,18100,0,3,15,1990,갱신,26.08~28.08,18000.0,,,,
화곡동,202607,연립다세대_전월세,코리아빌하우스,화곡동,818-10,62.02,,16500,0,2,15,2002,갱신,26.08~26.09,16500.0,,,,
공항동,202607,연립다세대_전월세,(665-16),공항동,665-16,43.82,,17000,0,3,9,2008,신규,26.09~28.09,,,,,
내발산동,202607,연립다세대_전월세,신한베스트빌가동,내발산동,708-15,55.66,,12000,60,5,10,2002,신규,26.08~28.08,,,,,
화곡동,202607,연립다세대_전월세,엘지드림빌에이동,화곡동,879-23,58.41,,5000,90,4,14,2003,신규,26.09~28.09,,,,,
염창동,202607,연립다세대_전월세,대명투웨니퍼스트,염창동,283-3,12.16,,11300,8,8,15,2012,신규,26.08~28.08,,,,,
화곡동,202607,연립다세대_전월세,성진빌라A동,화곡동,158-64,60.21,,17000,6,3,3,1997,신규,26.08~28.08,,,,,
등촌동,202607,연립다세대_전월세,오성트레빌,등촌동,530-19,39.94,,5000,80,4,14,2006,신규,26.08~28.08,,,,,
방화동,202607,연립다세대_전월세,마곡스카이빌,방화동,247-215,29.81,,16000,10,3,14,2016,신규,26.08~28.08,,,,,
화곡동,202607,연립다세대_전월세,정감트윈빌(비동),화곡동,424-174,38.88,,20000,0,4,7,2015,신규,26.08~28.08,,,,,
염창동,202607,연립다세대_전월세,한경렉스플레이스,염창동,262-4,24.84,,30900,10,9,13,2021,갱신,26.08~28.08,32000.0,,,,
등촌동,202607,연립다세대_전월세,도현블랑빌(나동),등촌동,519-26,69.42,,24000,0,4,4,2002,신규,26.08~28.08,,,,,
화곡동,202607,연립다세대_전월세,슈프림더하이움,화곡동,886-8,47.13,,5958,61,3,14,2023,신규,26.07~28.09,,,,,
내발산동,202607,연립다세대_전월세,낙원리더스빌102동,내발산동,708-18,46.14,,14700,18,3,14,2002,갱신,26.08~28.08,14700.0,15.0,,,
가양동,202607,연립다세대_전월세,라이품,가양동,1457-1,16.05,,3468,14,2,14,2017,신규,26.07~28.09,,,,,
화곡동,202607,연립다세대_전월세,화곡투웨니퍼스트,화곡동,105-378,24.45,,1000,103,10,9,2018,신규,26.07~28.07,,,,,
화곡동,202607,연립다세대_전월세,The트라움2nd,화곡동,355-23,24.69,,5000,70,2,13,2022,신규,26.08~28.08,,,,,
화곡동,202607,연립다세대_전월세,미소빌,화곡동,1036-1,25.96,,3000,85,4,13,2018,갱신,26.07~28.07,3000.0,80.0,사용,,
등촌동,202607,연립다세대_전월세,라테라스(643-16),등촌동,643-16,29.97,,27000,0,5,14,2020,갱신,26.08~28.08,27000.0,,,,
화곡동,202607,연립다세대_전월세,남성아트빌(381-1),화곡동,381-1,23.88,,15600,11,6,10,2015,갱신,26.08~28.08,15000.0,10.0,사용,,
공항동,202607,연립다세대_전월세,위하우스(651-4),공항동,651-4,32.07,,23900,0,7,14,2019,신규,26.09~28.09,,,,,
화곡동,202607,연립다세대_전월세,황제그랜드파크(105-480),화곡동,105-480,44.55,,14600,10,3,11,2008,신규,26.08~28.08,,,,,
마곡동,202607,연립다세대_전월세,청람아트빌,마곡동,6-4,26.23,,15500,20,6,4,2018,신규,26.08~28.08,,,,,
내발산동,202607,연립다세대_전월세,DH647,내발산동,647,45.76,,72400,0,11,11,2023,갱신,26.08~28.08,69000.0,,사용,,
화곡동,202607,연립다세대_전월세,제이투리더스,화곡동,424-70,27.6,,21700,17,2,12,2019,갱신,26.09~27.09,25000.0,,,,
화곡동,202607,연립다세대_전월세,서림그랑빌,화곡동,504-51,29.43,,5000,20,5,10,2019,신규,26.07~28.07,,,,,
방화동,202607,연립다세대_전월세,정진(583-24),방화동,583-24,36.54,,14000,0,3,8,1990,신규,26.08~28.08,,,,,
화곡동,202607,연립다세대_전월세,NS타운,화곡동,878-16,28.84,,19800,0,4,11,2019,갱신,26.08~28.08,19800.0,,사용,,
화곡동,202607,연립다세대_전월세,더존퍼스트,화곡동,354-18,28.9,,24690,0,5,13,2022,갱신,26.08~28.08,25000.0,,,,
염창동,202607,연립다세대_전월세,링크253,염창동,253-6,28.35,,19900,10,4,8,2016,신규,26.08~28.08,,,,,
화곡동,202607,연립다세대_전월세,NS타운,화곡동,878-16,28,,19000,30,2,11,2019,신규,26.08~28.08,,,,,
내발산동,202607,연립다세대_전월세,DH647,내발산동,647,45.76,,68000,0,7,10,2023,갱신,26.08~28.08,68000.0,,,,
화곡동,202607,연립다세대_전월세,월드홈타운(772-10),화곡동,772-10,46.82,,7000,60,2,13,2014,갱신,26.07~28.07,7000.0,60.0,사용,,
내발산동,202607,연립다세대_전월세,두란노빌라나동,내발산동,704-22,56.09,,10000,0,1,11,1990,신규,26.08~28.08,,,,,
화곡동,202607,연립다세대_전월세,세종파크빌,화곡동,463-12,71.43,,24637,28,4,13,2023,갱신,26.10~28.09,23464.0,28.0,,,
화곡동,202607,연립다세대_전월세,드림하우스(778-14),화곡동,778-14,13.69,,1000,47,5,10,2012,신규,26.07~28.07,,,,,
마곡동,202607,연립다세대_전월세,만선빌,마곡동,1235,14.59,,6500,0,2,13,2012,신규,26.07~28.07,,,,,
공항동,202607,연립다세대_전월세,보금빌라,공항동,34-71,65.44,,15750,0,1,13,2002,신규,26.08~28.08,,,,,
화곡동,202607,연립다세대_전월세,그리미야빌라,화곡동,1130-21,33.6,,9100,3,1,3,2002,신규,26.08~28.08,,,,,
화곡동,202607,연립다세대_전월세,경민아트빌(368-23),화곡동,368-23,28.12,,18900,15,4,13,2018,갱신,26.08~28.08,18100.0,15.0,사용,,
화곡동,202607,연립다세대_전월세,삼익헤스티아(1130-15),화곡동,1130-15,22.13,,11600,16,3,13,2015,갱신,26.08~28.08,11100.0,16.0,,,
화곡동,202607,연립다세대_전월세,대동빌,화곡동,424-18,24.11,,20160,0,2,11,2020,신규,26.08~28.08,,,,,
화곡동,202607,연립다세대_전월세,빌라드다인,화곡동,24-35,23.02,,5000,68,3,10,2023,갱신,26.08~27.08,5000.0,75.0,,,
화곡동,202607,연립다세대_전월세,동원힐하우스,화곡동,778-9,13.6,,1000,52,4,10,2011,신규,26.07~27.07,,,,,
화곡동,202607,연립다세대_전월세,예화빌라트,화곡동,886-1,84.345,,22100,4,4,4,2000,갱신,26.08~28.08,22100.0,,사용,,
화곡동,202607,연립다세대_전월세,서울가든,화곡동,1126-17,54.58,,15000,0,3,13,1991,신규,26.07~28.07,,,,,
화곡동,202607,연립다세대_전월세,오성드림빌,화곡동,504-75,26.13,,3000,75,4,8,2018,신규,26.07~28.07,,,,,
화곡동,202607,연립다세대_전월세,요한빌,화곡동,158-33,34.3,,18600,0,4,10,2016,신규,26.07~28.07,,,,,
등촌동,202607,연립다세대_전월세,경진빌딩,등촌동,660-3,28.95,,3000,40,5,13,2003,신규,26.09~28.09,,,,,
화곡동,202607,연립다세대_전월세,삼화빌라,화곡동,338-38,32.7,,3000,40,1,13,1986,갱신,26.08~28.08,3000.0,25.0,,,
화곡동,202607,연립다세대_전월세,삼협필하우스,화곡동,158-19,29.58,,14000,32,2,1,2016,신규,26.08~28.08,,,,,
화곡동,202607,연립다세대_전월세,승현스위트빌,화곡동,346-34,65.98,,20286,0,4,11,2002,갱신,26.08~28.08,19656.0,,,,
마곡동,202607,연립다세대_전월세,마곡스카이B단지,마곡동,1245,30,,20100,0,3,11,2019,갱신,26.08~26.09,20100.0,,,,
화곡동,202607,연립다세대_전월세,백문하우스,화곡동,968-17,28.61,,17000,20,2,7,2018,신규,26.08~28.08,,,,,
등촌동,202607,연립다세대_전월세,더시크릿등촌,등촌동,646-38,27.63,,24300,15,5,11,2019,신규,26.09~28.09,,,,,
방화동,202607,연립다세대_전월세,마곡팰리스,방화동,247-90,27.64,,17640,1,4,10,2017,갱신,26.08~28.08,17130.0,,사용,,
공항동,202607,연립다세대_전월세,대림파크빌,공항동,669-3,36.5,,3000,65,2,10,2011,신규,26.07~28.07,,,,,
등촌동,202607,연립다세대_전월세,우림빌라,등촌동,514-34,61.74,,19000,0,3,11,2002,갱신,26.07~28.07,19000.0,,,,
내발산동,202607,연립다세대_전월세,예원원룸,내발산동,720-22,41.34,,700,70,4,7,2003,신규,26.07~28.07,,,,,
화곡동,202607,연립다세대_전월세,홍영무지개빌라,화곡동,370-47,69.38,,11000,30,-1,9,1997,신규,26.08~28.08,,,,,
내발산동,202607,연립다세대_전월세,호수빌라,내발산동,697-4,58.32,,18900,0,2,6,2000,신규,26.09~28.09,,,,,
가양동,202607,연립다세대_전월세,아트리버빌,가양동,239-8,27.26,,5500,50,5,9,2016,신규,26.09~28.09,,,,,
공항동,202607,연립다세대_전월세,다원하이스빌,공항동,677-1,36.06,,4000,43,3,10,2012,갱신,26.08~28.08,4000.0,40.0,사용,,
등촌동,202607,연립다세대_전월세,씨티하우스,등촌동,658,23.06,,10000,76,7,9,2023,신규,26.09~28.09,,,,,
화곡동,202607,연립다세대_전월세,문팰리스,화곡동,159-23,39.01,,2000,89,5,10,2016,갱신,26.07~28.07,2000.0,85.0,,,
화곡동,202607,연립다세대_전월세,휴&유빌,화곡동,1100-3,36.42,,26450,10,3,10,2020,갱신,26.08~28.08,26300.0,10.0,,,
공항동,202607,연립다세대_전월세,마루하우스(12-11),공항동,12-11,29.41,,2000,79,3,10,2015,갱신,26.09~28.09,2000.0,75.0,사용,,
화곡동,202607,연립다세대_전월세,대산아트빌,화곡동,1047-41,59.7,,16100,40,1,6,2002,신규,26.08~28.08,,,,,
화곡동,202607,연립다세대_전월세,홈피아맨션(996-12),화곡동,996-12,56.1,,2000,30,4,5,1994,갱신,26.07~28.07,15000.0,,,,
공항동,202607,연립다세대_전월세,위하우스(651-4),공항동,651-4,37.44,,26080,0,5,7,2019,신규,26.08~28.09,,,,,
화곡동,202607,연립다세대_전월세,국도드림빌,화곡동,98-146,28.02,,17300,20,2,10,2018,신규,26.09~28.09,,,,,
화곡동,202607,연립다세대_전월세,셈힐,화곡동,409-9,45.46,,13000,30,2,4,2003,신규,26.07~28.07,,,,,
화곡동,202607,연립다세대_전월세,이도트라움,화곡동,366-18,29.58,,16800,0,2,10,2016,갱신,26.07~28.07,16800.0,,,,
화곡동,202607,연립다세대_전월세,씨티하우스(1088-6),화곡동,1088-6,29.75,,23500,0,4,10,2021,신규,26.08~28.08,,,,,
등촌동,202607,연립다세대_전월세,삼성오투빌,등촌동,365-212,25.52,,6800,0,-1,10,2002,신규,26.08~28.08,,,,,
화곡동,202607,연립다세대_전월세,(377-64),화곡동,377-64,37.17,,7100,25,-1,6,1986,신규,26.08~28.08,,,,,
방화동,202607,연립다세대_전월세,뉴파인빌,방화동,536-1,45.3,,18000,0,5,6,2008,갱신,26.07~28.07,17000.0,,,,
내발산동,202607,연립다세대_전월세,제이에스해슬리,내발산동,671-22,27.96,,26330,10,2,10,2024,신규,26.08~28.08,,,,,
화곡동,202607,연립다세대_전월세,삼성파크빌가동(111-125),화곡동,111-125,45.13,,3000,150,4,9,2001,신규,26.07~28.01,,,,,
화곡동,202607,연립다세대_전월세,상우빌라,화곡동,848-10,61.71,,9000,65,1,9,2000,신규,26.09~28.09,,,,,
내발산동,202607,연립다세대_전월세,발산킹덤,내발산동,709-23,28.07,,19000,10,1,1,2017,갱신,26.07~28.07,19000.0,7.0,,,
화곡동,202607,연립다세대_전월세,제이투리더스,화곡동,359-94,24.49,,20910,5,2,9,2023,갱신,26.08~28.08,21290.0,,,,
화곡동,202607,연립다세대_전월세,궁전빌라(56-145),화곡동,56-145,37.96,,11000,0,1,4,1991,갱신,26.07~28.07,11000.0,,사용,,
등촌동,202607,연립다세대_전월세,신성연립,등촌동,520-3,69.84,,14000,0,3,6,1984,신규,26.08~28.08,,,,,
화곡동,202607,연립다세대_전월세,양화빌라,화곡동,367-42,49.26,,2000,35,-1,5,1992,갱신,26.07~28.07,2000.0,20.0,,,
등촌동,202607,연립다세대_전월세,디앤써밋모이다,등촌동,648-10,20.97,,5000,130,12,9,2022,신규,26.08~28.08,,,,,
화곡동,202607,연립다세대_전월세,삼성주택가동,화곡동,1033-51,42.21,,9000,20,3,9,1990,신규,26.07~28.07,,,,,
화곡동,202607,연립다세대_전월세,에스엠파크빌(나동다동),화곡동,1045-47,28.98,,18600,0,4,9,2017,갱신,26.08~28.08,17800.0,,,,
화곡동,202607,연립다세대_전월세,제이투리더스,화곡동,359-94,25.19,,22050,0,2,9,2023,갱신,26.08~28.08,22050.0,,,,
화곡동,202607,연립다세대_전월세,범진빌라,화곡동,46-175,41.64,,11000,0,1,9,1993,신규,26.08~28.08,,,,,
공항동,202607,연립다세대_전월세,호연스마트빌,공항동,679,29.93,,17000,10,2,9,2016,신규,26.09~28.09,,,,,
화곡동,202607,연립다세대_전월세,홍영하이츠3차,화곡동,855-23,38.52,,11000,0,2,4,1992,갱신,26.08~28.08,10000.0,,,,
화곡동,202607,연립다세대_전월세,블루힐(846-14),화곡동,846-14,25.83,,3000,107,4,8,2021,신규,26.07~28.06,,,,,
화곡동,202607,연립다세대_전월세,화성빌라다동,화곡동,56-480,46.8,,14100,15,3,8,2003,갱신,26.07~28.07,13800.0,15.0,사용,,
가양동,202607,연립다세대_전월세,視停軒,가양동,1501,17.65,,500,50,6,1,2013,갱신,26.10~28.10,500.0,50.0,,,
공항동,202607,연립다세대_전월세,그레이스캐슬,공항동,33-7,29.14,,3000,85,4,1,2019,신규,26.08~27.08,,,,,
화곡동,202607,연립다세대_전월세,뉴파인,화곡동,1070-39,26.89,,2000,70,4,8,2010,신규,26.07~28.07,,,,,
화곡동,202607,연립다세대_전월세,이노셀,화곡동,111-65,48.72,,18700,20,2,1,2014,신규,26.08~28.08,,,,,
등촌동,202607,연립다세대_전월세,어반하우스,등촌동,533-19,32.28,,22500,0,3,8,2017,갱신,26.08~27.08,21500.0,,,,
화곡동,202607,연립다세대_전월세,삼성팰리체A동,화곡동,869-62,35.91,,14990,10,4,7,2013,신규,26.08~28.08,,,,,
방화동,202607,연립다세대_전월세,레드빌,방화동,356,56.87,,20580,0,3,8,2011,갱신,26.07~28.07,19600.0,,사용,,
화곡동,202607,연립다세대_전월세,연희빌라나동,화곡동,1128-28,81.92,,22000,15,2,4,1983,신규,26.10~28.09,,,,,
화곡동,202607,연립다세대_전월세,청림아트빌A동,화곡동,105-241,29.52,,8000,0,5,6,2001,신규,26.09~28.09,,,,,
등촌동,202607,연립다세대_전월세,더프라임,등촌동,649-12,19.57,,34900,0,12,8,2022,신규,26.09~28.09,,,,,
화곡동,202607,연립다세대_전월세,새한아트빌A(1039-7),화곡동,1039-7,63.1,,18900,20,4,8,2002,갱신,26.07~28.07,18900.0,,,,
공항동,202607,연립다세대_전월세,마곡디엠팰리스,공항동,665-4,25.6,,21000,0,3,7,2022,신규,26.08~28.08,,,,,
화곡동,202607,연립다세대_전월세,대한빌라,화곡동,918-17,36.13,,9480,5,-1,1,1989,신규,26.07~28.07,,,,,
등촌동,202607,연립다세대_전월세,예가채(516-18),등촌동,516-18,34.69,,23690,0,2,8,2016,갱신,26.08~28.08,23000.0,,사용,,
방화동,202607,연립다세대_전월세,마곡M타운-101,방화동,589-24,26.79,,20890,0,4,6,2019,갱신,26.08~28.08,19900.0,,,,
화곡동,202607,연립다세대_전월세,청송평화헬스하우스(341-5),화곡동,341-50,28.64,,17890,19,2,7,2018,신규,26.08~28.08,,,,,
화곡동,202607,연립다세대_전월세,다솜빌,화곡동,464-16,64.15,,19400,0,4,4,2010,신규,26.10~28.10,,,,,
마곡동,202607,연립다세대_전월세,신안(327-53),마곡동,327-53,49.68,,9800,0,2,7,1984,갱신,26.08~28.08,9345.0,,사용,,
화곡동,202607,연립다세대_전월세,우원빌라,화곡동,24-276,59.88,,16000,0,3,7,1991,신규,26.08~28.08,,,,,
화곡동,202607,연립다세대_전월세,삼원빌라(348-8),화곡동,348-8,45.56,,16800,10,2,4,1997,신규,26.07~28.07,,,,,
화곡동,202607,연립다세대_전월세,시그니엘,화곡동,359-27,29.72,,25800,0,5,4,2021,신규,26.08~28.08,,,,,
화곡동,202607,연립다세대_전월세,우성연립(1134-7),화곡동,1134-7,51.48,,3000,55,1,7,1985,신규,26.07~28.07,,,,,
방화동,202607,연립다세대_전월세,스카이빌,방화동,246-38,27.44,,16800,12,5,7,2017,갱신,26.07~28.07,19000.0,,,,
등촌동,202607,연립다세대_전월세,(365-72),등촌동,365-72,27.37,,10373,0,2,6,2011,갱신,26.08~28.08,9923.0,,,,
화곡동,202607,연립다세대_전월세,우리하이츠빌,화곡동,1066-6,49.65,,3000,105,2,6,2003,갱신,26.10~28.10,3000.0,100.0,사용,,
공항동,202607,연립다세대_전월세,위하우스,공항동,55-250,29.42,,20900,0,4,6,2017,신규,26.10~28.10,,,,,
화곡동,202607,연립다세대_전월세,소담밸리,화곡동,1045-23,29.14,,16000,10,5,7,2012,신규,26.08~28.08,,,,,
염창동,202607,연립다세대_전월세,거창,염창동,272-20,22.4,,1000,50,-1,7,1996,신규,26.07~28.07,,,,,
방화동,202607,연립다세대_전월세,트윈빌B동,방화동,247-286,27.25,,5630,29,3,5,2010,갱신,26.07~28.07,5000.0,29.0,,,
등촌동,202607,연립다세대_전월세,성호타운빌C동,등촌동,514-31,61.41,,20000,0,1,7,2002,신규,26.07~28.07,,,,,
등촌동,202607,연립다세대_전월세,제이트레빌,등촌동,506-30,14,,9200,4,4,6,2012,신규,26.08~28.07,,,,,
화곡동,202607,연립다세대_전월세,(1120-11),화곡동,1120-11,36.08,,8500,0,1,6,1986,갱신,26.07~28.07,6500.0,,,,
화곡동,202607,연립다세대_전월세,드림빌3차,화곡동,362-119,54.69,,2000,80,3,2,2002,신규,26.08~28.08,,,,,
화곡동,202607,연립다세대_전월세,엠펠리체,화곡동,400-56,35.97,,21664,0,3,6,2017,갱신,26.07~28.07,20664.0,,사용,,
공항동,202607,연립다세대_전월세,에스엠파크빌,공항동,1377,24.32,,3000,95,5,3,2018,신규,26.07~28.07,,,,,
화곡동,202607,연립다세대_전월세,국민쉐르빌,화곡동,368-12,29.83,,25450,12,6,6,2020,신규,26.08~28.08,,,,,
화곡동,202607,연립다세대_전월세,화곡투웨니퍼스트,화곡동,105-378,24.45,,1000,100,13,3,2018,신규,26.08~28.08,,,,,
화곡동,202607,연립다세대_전월세,산장파크맨션B동,화곡동,382-58,77.05,,21600,0,4,5,2001,갱신,26.07~28.07,21100.0,,사용,,
화곡동,202607,연립다세대_전월세,엠펠리체비동,화곡동,1049-51,29.95,,18500,20,2,6,2017,신규,26.08~28.08,,,,,
화곡동,202607,연립다세대_전월세,삼익뜨란채,화곡동,403-4,27.55,,17100,20,2,4,2017,신규,26.08~28.08,,,,,
화곡동,202607,연립다세대_전월세,다성이즈빌,화곡동,341-40,47.9,,16300,10,2,3,2008,갱신,26.08~28.08,16000.0,10.0,,,
화곡동,202607,연립다세대_전월세,대광빌라(102-154),화곡동,102-154,48.01,,2500,75,2,3,2002,신규,26.07~28.08,,,,,
화곡동,202607,연립다세대_전월세,오솔주택,화곡동,1066-4,24.08,,4000,40,4,6,2002,신규,26.07~27.07,,,,,
화곡동,202607,연립다세대_전월세,대성케이제이,화곡동,937-14,29.06,,20900,0,10,4,2020,갱신,26.07~28.07,21100.0,,,,
내발산동,202607,연립다세대_전월세,까사지오casagio,내발산동,702-18,27.55,,24600,0,5,1,2018,갱신,26.07~28.07,24600.0,,사용,,
내발산동,202607,연립다세대_전월세,남경쉐르빌,내발산동,697-3,61.24,,3000,85,1,5,2000,갱신,26.07~28.07,3000.0,80.0,사용,,
등촌동,202607,연립다세대_전월세,그랑빌,등촌동,645-17,34.2,,1000,110,5,6,2016,신규,26.08~28.08,,,,,
화곡동,202607,연립다세대_전월세,남성아트빌(381-1),화곡동,381-1,35.49,,3000,90,3,4,2015,갱신,26.07~28.04,3000.0,85.0,사용,,
등촌동,202607,연립다세대_전월세,디에어블루,등촌동,518-9,29.84,,5000,110,5,2,2022,신규,26.08~28.08,,,,,
화곡동,202607,연립다세대_전월세,프라임주택(393-22),화곡동,393-22,27.59,,1000,32,4,3,2014,갱신,26.07~28.07,1000.0,31.0,사용,,
화곡동,202607,연립다세대_전월세,에스엠파크빌,화곡동,421-48,26.77,,5000,60,6,6,2016,신규,26.09~28.08,,,,,
화곡동,202607,연립다세대_전월세,두경써니빌,화곡동,989-3,43.42,,21000,0,3,5,2012,갱신,26.08~28.08,21000.0,,,,
공항동,202607,연립다세대_전월세,AIM하우스,공항동,661,23.34,,20685,0,6,4,2021,신규,26.08~28.08,,,,,
화곡동,202607,연립다세대_전월세,경민아트빌(105-21번지),화곡동,105-21,29.01,,15300,10,4,6,2016,갱신,26.07~28.07,15300.0,,,,
염창동,202607,연립다세대_전월세,링크253,염창동,253,29.82,,23400,5,4,4,2016,신규,26.08~28.08,,,,,
화곡동,202607,연립다세대_전월세,첼시하우스,화곡동,956-28,46.44,,18600,0,4,3,2011,갱신,26.08~28.08,18600.0,,,,
화곡동,202607,연립다세대_전월세,거성,화곡동,50-120,49.5,,16000,0,2,3,1986,갱신,26.08~28.08,16000.0,,,,
화곡동,202607,연립다세대_전월세,파크스테이,화곡동,80-16,25.96,,1000,100,5,3,2024,신규,26.08~27.08,,,,,
공항동,202607,연립다세대_전월세,하나타운,공항동,662-3,56.44,,24000,0,4,1,2012,신규,26.07~28.06,,,,,
화곡동,202607,연립다세대_전월세,프라임주택(393-22),화곡동,393-22,17.05,,9500,24,4,3,2014,신규,26.08~28.08,,,,,
등촌동,202607,연립다세대_전월세,필하우스,등촌동,533-32,13.44,,2000,17,4,3,2013,신규,26.07~27.07,,,,,
화곡동,202607,연립다세대_전월세,더그라시아,화곡동,984-13,23.73,,20400,14,5,3,2022,갱신,26.07~28.07,20400.0,10.0,사용,,
화곡동,202607,연립다세대_전월세,엔에스빌(381-5),화곡동,381-5,52.2,,16850,12,5,3,2010,갱신,26.07~28.07,17000.0,10.0,,,
화곡동,202607,연립다세대_전월세,스마일빌,화곡동,1047-1,19.7,,2000,65,3,3,2013,신규,26.07~28.07,,,,,
등촌동,202607,연립다세대_전월세,현대하이츠(522-13),등촌동,522-13,37.9,,22900,25,4,2,2014,신규,26.08~28.08,,,,,
화곡동,202607,연립다세대_전월세,화곡대진빌라102동,화곡동,488-27,31.23,,5000,10,3,1,2001,신규,26.07~28.07,,,,,
내발산동,202607,연립다세대_전월세,샬롬타워,내발산동,695-12,58.36,,12000,0,3,1,1997,신규,26.07~28.07,,,,,
화곡동,202607,연립다세대_전월세,진주미담채,화곡동,459-1,23.18,,13600,0,2,2,2016,신규,26.08~28.08,,,,,
화곡동,202607,연립다세대_전월세,우장화인빌(995-27),화곡동,995-27,49.65,,19780,17,3,2,2011,갱신,26.07~28.07,19780.0,15.0,,,
화곡동,202607,연립다세대_전월세,황제그랜드파크(105-480),화곡동,105-480,51.84,,16500,0,4,2,2008,갱신,26.07~28.07,16000.0,,사용,,
화곡동,202607,연립다세대_전월세,성우하이츠빌,화곡동,774-10,48.82,,12000,50,2,1,2002,신규,26.08~28.08,,,,,
화곡동,202607,연립다세대_전월세,엘림아트빌,화곡동,391-44,40.12,,1000,70,1,2,2008,신규,26.07~28.07,,,,,
화곡동,202607,연립다세대_전월세,신성리치빌Ⅰ(357-16),화곡동,357-16,34.55,,5500,61,6,2,2013,신규,26.07~26.12,,,,,
가양동,202607,연립다세대_전월세,흥림아트빌가동,가양동,251-6,68.41,,26400,0,3,2,2001,갱신,26.07~28.07,25700.0,,,,
화곡동,202607,연립다세대_전월세,국민쉐르빌,화곡동,368-12,29.46,,4000,92,4,1,2020,신규,26.08~28.08,,,,,
마곡동,202607,연립다세대_전월세,청람아트빌,마곡동,6-4,29.13,,3400,83,7,1,2018,신규,26.07~28.07,,,,,
공항동,202607,연립다세대_전월세,미래스타빌,공항동,55-77,44.73,,20760,11,4,2,2011,신규,26.09~28.09,,,,,
방화동,202607,연립다세대_전월세,하이골드빌,방화동,612-202,10.47,,8800,4,7,2,2019,갱신,26.08~28.08,9400.0,,,,
외발산동,202607,연립다세대_전월세,수명산파크빌,외발산동,217-5,39.98,,2000,62,4,2,2012,신규,26.08~28.08,,,,,
등촌동,202607,연립다세대_전월세,태현맨션,등촌동,523-39,55.26,,5000,65,3,2,2001,갱신,26.07~28.11,5000.0,65.0,,,
공항동,202607,연립다세대_전월세,세종에어포트원,공항동,45-14,23.94,,16500,0,12,1,2018,갱신,26.08~28.08,15870.0,,,,
화곡동,202607,연립다세대_전월세,태성아트맨션,화곡동,984-3,35.29,,9700,35,4,1,2001,신규,26.07~28.07,,,,,
화곡동,202607,연립다세대_전월세,(772-58),화곡동,772-58,37.88,,16900,10,3,1,2018,신규,26.08~28.08,,,,,
화곡동,202607,연립다세대_전월세,신세계드림빌(56-279),화곡동,56-279,39.72,,10930,12,3,1,2001,신규,26.08~28.08,,,,,
화곡동,202607,연립다세대_전월세,아이유하임,화곡동,166-18,62.42,,10378,107,5,1,2022,신규,26.07~28.09,,,,,
화곡동,202607,연립다세대_전월세,웰스하이빌(1099-2),화곡동,1099-2,39.68,,5000,60,2,1,2011,신규,26.08~28.08,,,,,
마곡동,202607,연립다세대_전월세,마곡스카이B단지,마곡동,1245,30,,21200,0,3,1,2019,갱신,26.08~28.08,20000.0,,,,
등촌동,202607,연립다세대_전월세,대명알프스힐,등촌동,651-10,47.92,,1911,16,3,1,2011,신규,26.07~28.09,,,,,
염창동,202607,아파트_전월세,관음삼성,염창동,268,59.96,,50000,0,12,28,1997,,,,,,,
염창동,202607,아파트_전월세,센터스퀘어등촌,염창동,312,18.24,,3900,46,16,2,2020,,,,,,,
등촌동,202607,아파트_전월세,등촌동아이파크,등촌동,715,84.9958,,20000,127,19,13,2004,,,,,,,
가양동,202607,아파트_전월세,한보구암마을,가양동,1495,59.85,,39900,0,6,15,1999,,,,,,,
화곡동,202607,아파트_전월세,"우장산아이파크,이편한세상",화곡동,1159,84.97,,45000,100,13,28,2008,,,,,,,
염창동,202607,아파트_전월세,금호타운,염창동,240-32,59.88,,42000,0,11,30,1999,,,,,,,
가양동,202607,아파트_전월세,강변,가양동,1475,34.44,,17000,40,7,16,1992,,,,,,,
염창동,202607,아파트_전월세,동아3,염창동,258-1,59.83,,55000,0,11,29,1999,,,,,,,
등촌동,202607,아파트_전월세,주공10,등촌동,702,37.67,,22000,0,6,20,1995,,,,,,,
화곡동,202607,아파트_전월세,강서힐스테이트,화곡동,1165,59.99,,25000,68,4,11,2015,,,,,,,
마곡동,202607,아파트_전월세,마곡엠밸리1단지,마곡동,734,84.92,,63000,0,11,5,2014,,,,,,,
내발산동,202607,아파트_전월세,마곡수명산파크2단지,내발산동,741,84.68,,80000,0,9,6,2007,,,,,,,
화곡동,202607,아파트_전월세,"우장산아이파크,이편한세상",화곡동,1159,59.98,,67000,0,3,1,2008,,,,,,,
등촌동,202607,아파트_전월세,가양역두산위브,등촌동,726,59.98,,15000,175,2,31,2022,갱신,26.07~28.07,15000.0,164.0,사용,,
가양동,202607,아파트_전월세,강변,가양동,1475,34.44,,2000,100,9,29,1992,신규,26.09~28.09,,,,,
가양동,202607,아파트_전월세,강변,가양동,1475,39.6,,29400,0,3,18,1992,갱신,26.10~28.10,28000.0,,사용,,
마곡동,202607,아파트_전월세,마곡엠벨리(15단지),마곡동,751,84.5,,80000,0,11,11,2014,신규,26.08~28.08,,,,,
염창동,202607,아파트_전월세,무학,염창동,255,84.64,,59000,0,10,17,1999,갱신,26.08~28.08,57000.0,,사용,,
마곡동,202607,아파트_전월세,마곡엠벨리(14단지),마곡동,750,84.88,,89000,0,7,25,2014,신규,26.11~28.11,,,,,
가양동,202607,아파트_전월세,한강타운,가양동,1460,84.99,,55600,0,8,24,1993,갱신,26.09~28.09,53000.0,,,,
염창동,202607,아파트_전월세,밝은햇살,염창동,266,84.97,,45000,0,5,22,2005,갱신,26.07~28.07,43000.0,,사용,,
등촌동,202607,아파트_전월세,"등촌7,8단지주공아파트",등촌동,707,41.85,,16200,32,7,19,1994,갱신,26.07~28.07,15500.0,32.0,사용,,
마곡동,202607,아파트_전월세,마곡엠벨리(15단지),마곡동,751,59.79,,23767,0,7,22,2014,갱신,26.08~28.07,23714.0,,,,
화곡동,202607,아파트_전월세,경일타운,화곡동,920-7,12.04,,3000,42,11,17,2012,신규,26.08~28.08,,,,,
마곡동,202607,아파트_전월세,마곡힐스테이트,마곡동,1589,84.92,,75000,55,9,25,2017,신규,26.09~28.09,,,,,
화곡동,202607,아파트_전월세,팔라이스타워,화곡동,919-2,12.6,,1000,60,6,30,2012,신규,26.08~28.08,,,,,
내발산동,202607,아파트_전월세,우장산힐스테이트,내발산동,657,84.98,,65048,0,13,24,2005,갱신,26.09~28.09,61950.0,,사용,,
염창동,202607,아파트_전월세,태진한솔,염창동,263,58.87,,49000,0,14,18,1994,갱신,26.08~28.08,47000.0,,,,
염창동,202607,아파트_전월세,신동아,염창동,289,59.82,,46200,0,13,26,1995,갱신,26.10~28.10,44000.0,,,,
등촌동,202607,아파트_전월세,주공3,등촌동,688,58.14,,3000,200,2,20,1995,신규,26.08~28.08,,,,,
화곡동,202607,아파트_전월세,강서힐스테이트,화곡동,1165,128.81,,80000,87,16,2,2015,신규,26.09~28.09,,,,,
방화동,202607,아파트_전월세,방화5,방화동,814,39.6,,2000,90,6,11,1994,신규,26.08~28.08,,,,,
등촌동,202607,아파트_전월세,"등촌지와인아파트,비지니스센터",등촌동,727,77.3304,,30000,200,11,14,2023,신규,26.08~28.08,,,,,
등촌동,202607,아파트_전월세,아임2030등촌역,등촌동,648-5,15.17,,11500,22,11,28,2020,신규,26.09~28.09,,,,,
등촌동,202607,아파트_전월세,아임2030등촌역,등촌동,648-5,15.17,,10000,9,5,31,2020,신규,26.10~28.10,,,,,
방화동,202607,아파트_전월세,방화3차태승훼미리,방화동,889,105.23,,55000,0,1,20,2007,신규,26.10~28.10,,,,,
가양동,202607,아파트_전월세,강변,가양동,1475,34.44,,5000,84,5,26,1992,갱신,26.08~27.08,5000.0,80.0,사용,,
가양동,202607,아파트_전월세,가양6단지,가양동,1485,49.5,,31000,0,12,19,1992,신규,26.09~28.09,,,,,
방화동,202607,아파트_전월세,신안네트빌1단지,방화동,868,84.0164,,59000,0,8,18,2002,신규,26.10~28.10,,,,,
마곡동,202607,아파트_전월세,마곡엠밸리7단지,마곡동,743-4,84.91,,82900,0,10,25,2014,갱신,26.09~28.09,79000.0,,사용,,
방화동,202607,아파트_전월세,방화5,방화동,814,39.6,,1000,98,1,25,1994,신규,26.08~28.08,,,,,
화곡동,202607,아파트_전월세,그랜드아이파크,화곡동,1095,123.48,,75000,0,6,30,2010,신규,26.10~28.10,,,,,
방화동,202607,아파트_전월세,방화5,방화동,814,49.77,,40000,0,8,28,1994,신규,26.10~28.10,,,,,
화곡동,202607,아파트_전월세,리치아파트102동(924-24),화곡동,924-24,21.42,,19780,8,6,18,2020,갱신,26.08~28.08,19150.0,7.0,사용,,
화곡동,202607,아파트_전월세,한양아이클래스,화곡동,926-5,13.79,,1500,40,8,16,2013,신규,26.08~27.07,,,,,
가양동,202607,아파트_전월세,가양6단지,가양동,1485,49.5,,15000,80,8,1,1992,신규,26.09~28.09,,,,,
내발산동,202607,아파트_전월세,마곡수명산파크5단지,내발산동,749,59.84,,35000,90,9,17,2008,신규,26.09~28.09,,,,,
방화동,202607,아파트_전월세,방화동동부센트레빌(875번지),방화동,875,68.46,,28500,0,5,10,2003,갱신,26.07~28.07,13500.0,,,,
화곡동,202607,아파트_전월세,중앙화곡하이츠,화곡동,351-89,56.88,,13000,75,1,27,1988,신규,26.08~28.08,,,,,
등촌동,202607,아파트_전월세,주공5,등촌동,695,37.67,,33000,0,3,2,1995,신규,26.08~28.08,,,,,
방화동,202607,아파트_전월세,"월드메르디앙201동,202동",방화동,879,84.93,,30000,100,14,29,2004,신규,26.09~28.09,,,,,
화곡동,202607,아파트_전월세,진흥,화곡동,824-13,58.34,,22000,0,3,25,1992,신규,26.08~28.08,,,,,
화곡동,202607,아파트_전월세,서광프리메라,화곡동,981-1,84.94,,45100,0,10,28,2006,갱신,26.09~28.09,43000.0,,사용,,
염창동,202607,아파트_전월세,우성2,염창동,287-1,84.7,,35000,30,9,23,1992,갱신,26.07~28.07,35000.0,20.0,,,
염창동,202607,아파트_전월세,아네스트염창,염창동,310,14.94,,11000,27,9,7,2019,신규,26.08~28.08,,,,,
마곡동,202607,아파트_전월세,마곡엠밸리10단지,마곡동,747,84.89,,70350,0,4,25,2016,갱신,26.07~28.07,67000.0,,사용,,
마곡동,202607,아파트_전월세,마곡엠밸리9단지,마곡동,744,84.97,,73500,0,9,15,2021,갱신,26.07~28.07,70000.0,,사용,,
염창동,202607,아파트_전월세,센터스퀘어등촌,염창동,312,18.24,,4160,32,8,20,2020,갱신,26.10~28.09,4160.0,30.0,,,
염창동,202607,아파트_전월세,성원,염창동,295,59.91,,37044,0,2,25,2001,갱신,26.09~28.09,35280.0,,,,
화곡동,202607,아파트_전월세,세림,화곡동,899-2,21.64,,10836,0,8,21,2015,갱신,26.09~28.09,10320.0,,사용,,
등촌동,202607,아파트_전월세,한사랑2삼성,등촌동,634-2,84.96,,43000,63,11,25,1999,갱신,26.08~27.08,41000.0,60.0,,,
내발산동,202607,아파트_전월세,신세계3차101동,내발산동,731,84.873,,56000,0,8,25,2003,신규,26.09~28.09,,,,,
마곡동,202607,아파트_전월세,한솔솔파크,마곡동,716,84.87,,23000,170,10,10,2005,신규,26.08~28.08,,,,,
내발산동,202607,아파트_전월세,마곡수명산파크4단지,내발산동,753,59.84,,57000,0,11,15,2008,신규,26.10~28.10,,,,,
등촌동,202607,아파트_전월세,제일(코오롱),등촌동,642,59.99,,40000,0,1,20,1999,신규,26.09~28.09,,,,,
방화동,202607,아파트_전월세,방화5,방화동,814,49.77,,31500,0,10,25,1994,갱신,26.08~27.08,30000.0,,사용,,
화곡동,202607,아파트_전월세,우현스카이빌(926-9),화곡동,926-9,14.88,,1000,45,5,20,2013,신규,26.08~28.08,,,,,
화곡동,202607,아파트_전월세,우장산롯데캐슬,화곡동,1145,134.99,,81900,0,16,17,2003,갱신,26.08~28.08,78000.0,,사용,,
등촌동,202607,아파트_전월세,"등촌7,8단지주공아파트",등촌동,707,41.85,,25250,0,13,17,1994,신규,26.09~28.09,,,,,
화곡동,202607,아파트_전월세,청담라인씨티,화곡동,920-17,25.74,,10000,32,12,24,2018,갱신,26.08~28.08,10000.0,29.0,,,
가양동,202607,아파트_전월세,강변,가양동,1475,34.44,,1500,85,6,25,1992,신규,26.08~28.08,,,,,
마곡동,202607,아파트_전월세,마곡엠벨리(14단지),마곡동,750,49.87,,5355,37,4,22,2014,갱신,26.08~28.07,5355.0,37.0,,,
마곡동,202607,아파트_전월세,마곡엠벨리(14단지),마곡동,750,49.87,,11980,0,5,22,2014,갱신,26.08~28.07,11980.0,,,,
방화동,202607,아파트_전월세,신마곡벽산블루밍,방화동,904,72.9272,,57750,0,11,31,2020,갱신,26.08~28.08,55000.0,,사용,,
방화동,202607,아파트_전월세,방화그린,방화동,839,33.6,,21525,0,2,31,1993,갱신,26.08~28.08,20500.0,,사용,,
마곡동,202607,아파트_전월세,마곡엠벨리(14단지),마곡동,750,59.79,,21788,0,9,22,2014,갱신,26.08~28.07,20751.0,,,,
마곡동,202607,아파트_전월세,마곡엠밸리9단지,마곡동,744,59.86,,49000,0,6,31,2021,신규,26.10~28.10,,,,,
방화동,202607,아파트_전월세,신동아,방화동,796,59.4,,39900,0,2,25,1995,갱신,26.08~28.08,38000.0,,사용,,
가양동,202607,아파트_전월세,가양6단지,가양동,1485,58.65,,33000,48,5,31,1992,신규,26.09~28.09,,,,,
등촌동,202607,아파트_전월세,엘크루발산,등촌동,671-1,15.33,,5800,32,14,30,2022,신규,26.08~28.08,,,,,
내발산동,202607,아파트_전월세,마곡에이치밸리움,내발산동,764,51.464,,53000,0,5,31,2023,신규,26.08~28.08,,,,,
방화동,202607,아파트_전월세,청솔,방화동,832,49.2,,36750,0,3,31,1994,갱신,26.09~28.09,35000.0,,사용,,
염창동,202607,아파트_전월세,염창힐스테이트,염창동,306,84.603,,61000,0,1,30,2009,갱신,26.08~28.08,59000.0,,,,
염창동,202607,아파트_전월세,강변힐스테이트,염창동,299,84.99,,82000,0,18,10,2005,갱신,26.09~28.09,66500.0,,,,
화곡동,202607,아파트_전월세,초록,화곡동,1139,59.34,,10000,120,8,30,1998,신규,26.10~28.10,,,,,
화곡동,202607,아파트_전월세,우공아파트,화곡동,922-17,26.36,,100,95,3,31,2018,신규,26.07~26.10,,,,,
화곡동,202607,아파트_전월세,화곡푸르지오,화곡동,1091,156.876,,90000,0,9,14,2002,신규,26.09~28.09,,,,,
화곡동,202607,아파트_전월세,화곡6차보람쉬움,화곡동,1154,84.98,,48000,9,10,27,2005,갱신,26.08~28.08,48000.0,,사용,,
방화동,202607,아파트_전월세,방화그린,방화동,839,33.6,,22050,0,11,26,1993,갱신,26.07~28.07,21000.0,,사용,,
내발산동,202607,아파트_전월세,마곡수명산파크6단지,내발산동,759,84.68,,60000,0,9,31,2007,갱신,26.09~27.01,60000.0,,,,
화곡동,202607,아파트_전월세,서광프리메라,화곡동,981-1,84.94,,51000,0,6,31,2006,신규,26.10~28.10,,,,,
등촌동,202607,아파트_전월세,신원,등촌동,641,59.99,,22000,100,12,30,1997,신규,26.09~28.09,,,,,
염창동,202607,아파트_전월세,센터스퀘어등촌,염창동,312,18.24,,2600,52,19,2,2020,신규,26.08~28.08,,,,,
화곡동,202607,아파트_전월세,강서힐스테이트,화곡동,1165,84.99,,50000,160,20,7,2015,신규,26.08~28.08,,,,,
가양동,202607,아파트_전월세,가양강나루현대,가양동,448-1,59.76,,48000,0,14,31,1999,갱신,26.07~28.07,46000.0,,사용,,
등촌동,202607,아파트_전월세,지엠벨리,등촌동,656-17,25.61,,26000,0,13,31,2019,신규,26.09~28.09,,,,,
방화동,202607,아파트_전월세,청성(877-0),방화동,877,67.876,,42000,0,12,25,2004,신규,26.10~28.10,,,,,
가양동,202607,아파트_전월세,가양6단지,가양동,1485,58.65,,40000,0,7,12,1992,갱신,26.07~28.07,40000.0,,사용,,
등촌동,202607,아파트_전월세,등촌파밀리에더클래식101동,등촌동,722,56.94,,40500,0,2,31,2020,갱신,26.08~28.08,39000.0,,사용,,
방화동,202607,아파트_전월세,방화5,방화동,814,33.18,,2000,95,5,28,1994,신규,26.08~28.08,,,,,
염창동,202607,아파트_전월세,삼성한마음,염창동,244-2,59.94,,42000,0,3,11,1995,갱신,26.10~28.10,40000.0,,사용,,
가양동,202607,아파트_전월세,가양6단지,가양동,1485,58.65,,43000,0,6,25,1992,신규,26.09~28.09,,,,,
마곡동,202607,아파트_전월세,마곡엠벨리(15단지),마곡동,751,114.86,,15000,268,1,12,2014,갱신,26.08~27.08,11500.0,200.0,,,
마곡동,202607,아파트_전월세,마곡엠벨리(15단지),마곡동,751,84.95,,27101,0,2,30,2014,갱신,26.08~28.07,25811.0,,,,
가양동,202607,아파트_전월세,한강타운,가양동,1460,84.99,,40000,45,8,31,1993,신규,26.09~28.09,,,,,
가양동,202607,아파트_전월세,가양6단지,가양동,1485,49.5,,33000,0,10,31,1992,갱신,26.08~28.08,32000.0,,사용,,
염창동,202607,아파트_전월세,현대3,염창동,291,59.92,,47200,0,8,29,1996,갱신,26.08~28.08,45000.0,,사용,,
화곡동,202607,아파트_전월세,디아인스(899-19),화곡동,899-19,20.685,,1000,78,7,8,2019,신규,26.08~27.07,,,,,
마곡동,202607,아파트_전월세,마곡엠벨리(14단지),마곡동,750,84.95,,76500,0,5,25,2014,갱신,26.07~28.07,73000.0,,사용,,
화곡동,202607,아파트_전월세,지석,화곡동,926-4,70.95,,1000,60,8,31,2002,신규,26.09~28.09,,,,,
방화동,202607,아파트_전월세,방화5,방화동,814,33.18,,23000,0,9,30,1994,갱신,26.09~28.09,22000.0,,사용,,
가양동,202607,아파트_전월세,강변,가양동,1475,39.6,,30400,0,7,31,1992,갱신,26.08~28.08,29000.0,,사용,,
내발산동,202607,아파트_전월세,우장산힐스테이트,내발산동,657,59.98,,15000,220,6,5,2005,신규,26.08~28.08,,,,,
가양동,202607,아파트_전월세,가양우성,가양동,14-3,75.48,,50400,0,9,24,1990,갱신,26.09~28.09,48000.0,,사용,,
방화동,202607,아파트_전월세,장미,방화동,841,39.96,,24000,0,12,17,1994,갱신,26.08~28.08,24000.0,,사용,,
방화동,202607,아파트_전월세,장미,방화동,841,59.04,,35000,0,2,25,1994,갱신,26.09~28.09,35000.0,,,,
마곡동,202607,아파트_전월세,마곡엠밸리6단지,마곡동,743,84.88,,86000,0,2,28,2014,신규,26.08~28.08,,,,,
마곡동,202607,아파트_전월세,마곡엠밸리7단지,마곡동,743-4,114.69,,90000,0,3,8,2014,갱신,26.07~28.07,73500.0,,,,
마곡동,202607,아파트_전월세,마곡엠밸리1단지,마곡동,734,84.92,,74000,0,13,16,2014,갱신,26.07~28.07,71000.0,,사용,,
염창동,202607,아파트_전월세,대림,염창동,262-2,93.3,,35000,100,1,25,1999,갱신,26.08~28.08,35000.0,,사용,,
마곡동,202607,아파트_전월세,마곡엠밸리11단지,마곡동,746,59.79,,72000,0,11,31,2016,신규,26.09~28.09,,,,,
방화동,202607,아파트_전월세,월드메르디앙101동,방화동,878,84.93,,50000,0,7,12,2004,신규,26.10~28.10,,,,,
화곡동,202607,아파트_전월세,트리움팰리스,화곡동,925-26,21.7,,1000,68,7,14,2013,신규,26.07~28.07,,,,,
방화동,202607,아파트_전월세,청솔,방화동,832,39.36,,1000,120,12,12,1994,신규,26.08~28.08,,,,,
등촌동,202607,아파트_전월세,등촌라인(조합),등촌동,628-15,59.91,,30000,45,15,17,1997,신규,26.09~28.09,,,,,
가양동,202607,아파트_전월세,가양2단지(성지),가양동,1461,39.6,,5000,26,4,30,1992,갱신,26.07~26.09,5000.0,26.0,,,
가양동,202607,아파트_전월세,가양6단지,가양동,1485,39.6,,1000,74,6,15,1992,갱신,26.09~28.11,1000.0,70.0,사용,,
가양동,202607,아파트_전월세,가양2단지(성지),가양동,1461,39.6,,3000,95,7,28,1992,갱신,26.08~28.08,3000.0,90.0,사용,,
마곡동,202607,아파트_전월세,마곡엠밸리4단지,마곡동,738,84.56,,30000,200,11,27,2014,신규,26.10~28.10,,,,,
가양동,202607,아파트_전월세,강변,가양동,1475,39.6,,27000,0,2,31,1992,신규,26.09~28.09,,,,,
내발산동,202607,아파트_전월세,마곡수명산파크6단지,내발산동,759,84.68,,64500,0,9,20,2007,신규,26.10~28.10,,,,,
방화동,202607,아파트_전월세,방화그린,방화동,839,33.18,,16530,0,3,30,1993,갱신,26.08~28.08,15750.0,,사용,,
내발산동,202607,아파트_전월세,마곡수명산파크5단지,내발산동,749,49.83,,3754,28,9,24,2008,갱신,26.08~28.07,3754.0,28.0,,,
화곡동,202607,아파트_전월세,세교예지안5차,화곡동,914-32,29.95,,2000,90,8,7,2016,신규,26.07~28.07,,,,,
마곡동,202607,아파트_전월세,마곡엠밸리7단지,마곡동,743-4,114.69,,89000,0,16,30,2014,갱신,26.07~28.07,85000.0,,사용,,
가양동,202607,아파트_전월세,한강타운,가양동,1460,84.99,,20000,180,4,24,1993,신규,26.10~28.10,,,,,
방화동,202607,아파트_전월세,새로나음,방화동,899,14.8,,8600,0,3,30,2015,신규,26.08~28.08,,,,,
등촌동,202607,아파트_전월세,등촌동아이파크,등촌동,715,165.8299,,77000,0,20,30,2004,갱신,26.07~28.07,70000.0,,,,
마곡동,202607,아파트_전월세,마곡엠벨리(14단지),마곡동,750,59.79,,21788,0,10,30,2014,갱신,26.08~28.07,20751.0,,,,
방화동,202607,아파트_전월세,방화그린,방화동,839,49.77,,30000,0,13,27,1993,신규,26.10~28.10,,,,,
등촌동,202607,아파트_전월세,"등촌1,2단지주공아파트",등촌동,687,41.85,,24150,0,4,21,1994,갱신,26.10~28.10,23000.0,,사용,,
가양동,202607,아파트_전월세,가양2단지(성지),가양동,1461,49.56,,33150,0,10,30,1992,갱신,26.09~28.09,23150.0,,,,
가양동,202607,아파트_전월세,강나루2현대,가양동,448,59.97,,25000,95,7,18,2001,갱신,26.07~28.07,25000.0,65.0,사용,,
등촌동,202607,아파트_전월세,등촌동아이파크,등촌동,715,84.9958,,65000,0,14,22,2004,갱신,26.08~28.08,65000.0,,사용,,
가양동,202607,아파트_전월세,가양도시개발9-2단지,가양동,1490,39.6,,5000,85,9,12,1993,신규,26.08~28.08,,,,,
등촌동,202607,아파트_전월세,등촌파밀리에더클래식201동,등촌동,723,49.78,,45000,0,1,29,2020,신규,26.08~28.08,,,,,
등촌동,202607,아파트_전월세,서광등촌마을아파트,등촌동,638,59.67,,32000,70,14,13,1999,신규,26.11~28.11,,,,,
화곡동,202607,아파트_전월세,화곡푸르지오,화곡동,1091,125.021,,76500,0,8,27,2002,갱신,26.08~28.08,73000.0,,사용,,
가양동,202607,아파트_전월세,강변,가양동,1475,39.6,,23500,0,1,29,1992,신규,26.09~28.09,,,,,
마곡동,202607,아파트_전월세,마곡엠밸리8단지,마곡동,741,84.89,,50000,140,3,28,2016,갱신,26.11~28.11,50000.0,80.0,,,
내발산동,202607,아파트_전월세,마곡수명산파크2단지,내발산동,741,84.68,,73000,0,7,29,2007,신규,26.09~28.09,,,,,
마곡동,202607,아파트_전월세,마곡엠밸리7단지,마곡동,743-4,114.91,,114000,0,12,26,2014,신규,26.10~28.10,,,,,
내발산동,202607,아파트_전월세,원당,내발산동,650-1,71.69,,35589,0,3,17,2002,갱신,26.07~28.07,33895.0,,,,
화곡동,202607,아파트_전월세,중앙화곡하이츠,화곡동,351-89,56.88,,5000,85,7,25,1988,신규,26.08~28.08,,,,,
화곡동,202607,아파트_전월세,아델리아ll,화곡동,24-139,15.53,,7900,10,5,29,2012,갱신,26.08~28.08,7900.0,10.0,사용,,
마곡동,202607,아파트_전월세,마곡엠밸리9단지,마곡동,744,84.65,,72500,0,5,24,2021,갱신,26.09~28.09,69500.0,,사용,,
내발산동,202607,아파트_전월세,보람,내발산동,686-1,84.03,,50500,0,11,4,2001,갱신,26.09~28.09,48700.0,,사용,,
염창동,202607,아파트_전월세,태진한솔,염창동,263,58.87,,46000,0,8,14,1994,신규,26.10~28.10,,,,,
마곡동,202607,아파트_전월세,마곡힐스테이트,마곡동,1589,59.99,,80000,0,2,29,2017,갱신,26.09~28.09,58000.0,,,,
화곡동,202607,아파트_전월세,그랜드아이파크,화곡동,1095,116.23,,66100,0,17,29,2010,갱신,26.09~28.09,63000.0,,사용,,
염창동,202607,아파트_전월세,한울밸리움,염창동,274-18,24.08,,2014,34,11,29,2020,신규,26.07~28.09,,,,,
내발산동,202607,아파트_전월세,마곡수명산파크1단지,내발산동,742,84.82,,60500,0,2,29,2007,갱신,26.08~26.10,60500.0,,사용,,
마곡동,202607,아파트_전월세,마곡엠벨리(14단지),마곡동,750,59.86,,6318,42,1,29,2014,신규,26.08~28.10,,,,,
내발산동,202607,아파트_전월세,마곡수명산파크5단지,내발산동,749,49.93,,8695,0,5,19,2008,갱신,26.08~28.07,8695.0,,,,
가양동,202607,아파트_전월세,한보구암마을,가양동,1495,59.22,,42500,0,13,29,1999,갱신,26.09~28.09,39500.0,,,,
등촌동,202607,아파트_전월세,주공3,등촌동,688,58.14,,42000,0,15,29,1995,신규,26.08~28.08,,,,,
등촌동,202607,아파트_전월세,주공3,등촌동,688,58.14,,46000,0,2,29,1995,신규,26.10~28.10,,,,,
염창동,202607,아파트_전월세,강변코아루,염창동,303,84.77,,68250,0,7,22,2007,갱신,26.12~28.12,65000.0,,사용,,
염창동,202607,아파트_전월세,한울밸리움,염창동,274-18,24.08,,1973,33,6,29,2020,신규,26.07~28.09,,,,,
방화동,202607,아파트_전월세,마곡중앙하이츠아파트,방화동,852,51.03,,34000,0,7,29,1994,갱신,26.10~28.10,27000.0,,,,
방화동,202607,아파트_전월세,방화동동부센트레빌(875번지),방화동,875,114.99,,54075,0,9,25,2003,갱신,26.10~28.10,51500.0,,,,
화곡동,202607,아파트_전월세,"우장산아이파크,이편한세상",화곡동,1159,84.97,,30000,230,10,29,2008,신규,26.09~28.09,,,,,
마곡동,202607,아파트_전월세,마곡엠벨리(15단지),마곡동,751,49.87,,5408,37,1,29,2014,신규,26.08~28.10,,,,,
화곡동,202607,아파트_전월세,경일타운,화곡동,920-7,12.04,,2000,47,13,26,2012,신규,26.07~28.07,,,,,
방화동,202607,아파트_전월세,방화그린,방화동,839,33.6,,23000,0,2,22,1993,신규,26.09~28.09,,,,,
방화동,202607,아파트_전월세,방화5,방화동,814,33.18,,2000,83,12,22,1994,신규,26.09~28.09,,,,,
화곡동,202607,아파트_전월세,화곡푸르지오,화곡동,1091,129.204,,45000,100,13,27,2002,갱신,26.10~28.10,45000.0,100.0,,,
화곡동,202607,아파트_전월세,중앙화곡하이츠,화곡동,351-89,74.16,,35000,0,7,25,1988,신규,26.09~28.09,,,,,
염창동,202607,아파트_전월세,강변한솔솔파크,염창동,300,84.97,,50000,60,2,11,2005,갱신,26.09~27.09,50000.0,60.0,,,
방화동,202607,아파트_전월세,동성,방화동,817,64.65,,45000,0,8,25,1993,신규,26.10~28.10,,,,,
마곡동,202607,아파트_전월세,마곡엠벨리(14단지),마곡동,750,49.87,,2295,43,9,28,2014,갱신,26.08~28.07,5355.0,37.0,,,
화곡동,202607,아파트_전월세,성재센트리움,화곡동,918-38,28.39,,2000,100,7,28,2016,신규,26.08~28.08,,,,,
등촌동,202607,아파트_전월세,주공3,등촌동,688,37.67,,35000,0,6,28,1995,신규,26.09~28.09,,,,,
마곡동,202607,아파트_전월세,마곡엠벨리(15단지),마곡동,751,49.87,,5408,37,6,28,2014,갱신,26.08~28.07,5408.0,37.0,,,
화곡동,202607,아파트_전월세,라인씨티,화곡동,343-62,14.91,,7300,11,10,23,2014,갱신,26.08~27.08,8400.0,4.0,,,
마곡동,202607,아파트_전월세,마곡태승훼미리아파트,마곡동,1454,84.08,,10000,180,6,15,2005,신규,26.09~28.09,,,,,
염창동,202607,아파트_전월세,금호타운,염창동,240-32,84.84,,56700,0,6,11,1999,갱신,26.09~28.09,54000.0,,사용,,
염창동,202607,아파트_전월세,삼성하나로,염창동,248-3,59.26,,53000,0,5,24,1994,신규,26.10~28.10,,,,,
마곡동,202607,아파트_전월세,마곡엠벨리(15단지),마곡동,751,84.5,,27101,0,9,28,2014,갱신,26.08~28.07,25811.0,,,,
방화동,202607,아파트_전월세,방화메이빌,방화동,902,48.8686,,20000,60,6,28,2017,신규,26.09~28.09,,,,,
화곡동,202607,아파트_전월세,드림시드아파트1차,화곡동,899-13,35.48,,2000,100,9,19,2017,신규,26.07~28.07,,,,,
방화동,202607,아파트_전월세,청성(877-0),방화동,877,69.539,,17000,110,8,25,2004,신규,26.09~28.09,,,,,
화곡동,202607,아파트_전월세,화곡푸르지오,화곡동,1091,84.914,,30000,90,10,28,2002,갱신,26.08~28.08,30000.0,90.0,사용,,
화곡동,202607,아파트_전월세,해평스퀘어,화곡동,922-11,23.6,,16700,14,12,28,2018,갱신,26.09~28.09,16700.0,10.0,사용,,
마곡동,202607,아파트_전월세,마곡엠밸리6단지,마곡동,743,84.99,,86000,0,3,25,2014,신규,26.10~28.10,,,,,
마곡동,202607,아파트_전월세,마곡엠밸리12단지,마곡동,746-1,84.88,,80000,0,9,28,2016,갱신,26.08~28.08,70000.0,,,,
등촌동,202607,아파트_전월세,등촌동아이파크,등촌동,715,84.7556,,68000,0,6,28,2004,신규,26.09~28.09,,,,,
마곡동,202607,아파트_전월세,마곡엠벨리(15단지),마곡동,751,84.69,,27101,0,13,28,2014,갱신,26.08~28.07,25811.0,,,,
방화동,202607,아파트_전월세,동일스위트리버2차,방화동,895,59.47,,38500,35,9,5,2009,신규,26.08~28.08,,,,,
화곡동,202607,아파트_전월세,푸른숲,화곡동,460-1,59.97,,25500,0,1,21,2007,신규,26.08~28.08,,,,,
화곡동,202607,아파트_전월세,유림노르웨이숲(919-1),화곡동,919-1,76.23,,45000,0,4,25,2004,갱신,26.09~27.09,45000.0,,,,
염창동,202607,아파트_전월세,현대1,염창동,288,84.34,,57700,0,7,23,1994,갱신,26.08~28.08,55000.0,,사용,,
가양동,202607,아파트_전월세,가양2단지(성지),가양동,1461,34.44,,25000,0,11,5,1992,신규,26.08~28.08,,,,,
방화동,202607,아파트_전월세,방화5,방화동,814,49.77,,3000,120,12,25,1994,신규,26.08~28.08,,,,,
화곡동,202607,아파트_전월세,리치아파트103동,화곡동,924-22,22.55,,20160,11,9,24,2020,신규,26.09~28.09,,,,,
마곡동,202607,아파트_전월세,마곡엠밸리2단지,마곡동,735,84.88,,85000,0,3,15,2014,신규,26.10~28.10,,,,,
방화동,202607,아파트_전월세,마곡중앙하이츠아파트,방화동,852,51.03,,3000,140,11,25,1994,신규,26.09~28.09,,,,,
화곡동,202607,아파트_전월세,강서힐스테이트,화곡동,1165,59.99,,35000,150,3,11,2015,신규,26.11~27.11,,,,,
마곡동,202607,아파트_전월세,벽산,마곡동,429,59.98,,46000,0,11,26,1999,신규,26.09~28.09,,,,,
마곡동,202607,아파트_전월세,마곡엠벨리(14단지),마곡동,750,59.95,,21788,0,2,27,2014,갱신,26.08~28.07,20751.0,,,,
화곡동,202607,아파트_전월세,"우장산아이파크,이편한세상",화곡동,1159,101.65,,15000,260,9,24,2008,갱신,26.08~28.08,20000.0,200.0,사용,,
가양동,202607,아파트_전월세,가양6단지,가양동,1485,49.5,,38000,0,2,22,1992,신규,26.09~28.09,,,,,
마곡동,202607,아파트_전월세,마곡엠벨리(15단지),마곡동,751,84.88,,27101,0,8,27,2014,갱신,26.08~28.07,25811.0,,,,
가양동,202607,아파트_전월세,가양2단지(성지),가양동,1461,49.56,,18000,80,3,25,1992,신규,26.10~28.10,,,,,
방화동,202607,아파트_전월세,방화그린,방화동,839,39.76,,26250,0,2,20,1993,갱신,26.08~28.08,25000.0,,사용,,
염창동,202607,아파트_전월세,아네스트염창,염창동,310,14.94,,1000,65,7,28,2019,신규,26.08~28.08,,,,,
염창동,202607,아파트_전월세,신동아,염창동,289,84.9,,30000,95,9,28,1995,갱신,26.10~28.10,25000.0,80.0,,,
화곡동,202607,아파트_전월세,우장산역해링턴타워,화곡동,1170,43.04,,10400,71,9,28,2021,신규,26.08~28.08,,,,,
염창동,202607,아파트_전월세,염창1차보람더하임,염창동,305,84.97,,36100,138,15,21,2008,신규,26.11~28.11,,,,,
염창동,202607,아파트_전월세,일신건영휴먼빌,염창동,298,84.93,,62475,0,7,27,2004,갱신,26.09~28.09,59500.0,,사용,,
방화동,202607,아파트_전월세,방화5,방화동,814,33.18,,24000,0,7,25,1994,신규,26.10~28.10,,,,,
염창동,202607,아파트_전월세,태영,염창동,270-1,59.97,,45000,0,16,25,1999,갱신,26.09~27.09,45000.0,,사용,,
가양동,202607,아파트_전월세,가양도시개발9-2단지,가양동,1490,49.5,,35000,0,11,24,1993,신규,26.09~28.09,,,,,
가양동,202607,아파트_전월세,강변,가양동,1475,34.44,,24000,0,11,1,1992,갱신,26.07~28.07,24000.0,,,,
방화동,202607,아파트_전월세,청성(877-0),방화동,877,67.876,,39900,0,6,27,2004,갱신,26.11~28.10,38000.0,,사용,,
등촌동,202607,아파트_전월세,"등촌1,2단지주공아파트",등촌동,687,41.85,,28350,0,11,27,1994,갱신,26.10~28.10,27000.0,,사용,,
마곡동,202607,아파트_전월세,마곡엠벨리(14단지),마곡동,750,59.94,,21788,0,5,23,2014,신규,26.08~28.07,,,,,
내발산동,202607,아파트_전월세,마곡수명산파크5단지,내발산동,749,59.84,,45000,20,9,5,2008,갱신,26.07~28.07,40000.0,20.0,,,
화곡동,202607,아파트_전월세,한양아이클래스,화곡동,926-5,13.79,,500,50,8,22,2013,신규,26.07~28.07,,,,,
방화동,202607,아파트_전월세,방화5,방화동,814,33.18,,23100,0,3,9,1994,갱신,26.08~28.08,22000.0,,사용,,
방화동,202607,아파트_전월세,마곡서광(치현마을),방화동,860,84.93,,31500,30,1,20,1998,신규,26.10~28.10,,,,,
가양동,202607,아파트_전월세,가양6단지,가양동,1485,39.6,,23000,0,7,24,1992,갱신,26.08~28.08,22000.0,,사용,,
화곡동,202607,아파트_전월세,근상프리즘(957-1),화곡동,957-1,82.92,,30000,0,3,1,2003,신규,26.07~28.07,,,,,
염창동,202607,아파트_전월세,e편한세상염창,염창동,309,59.8873,,71400,0,9,25,2019,갱신,26.08~28.08,68000.0,,사용,,
내발산동,202607,아파트_전월세,마곡수명산파크5단지,내발산동,749,49.97,,8695,28,2,23,2008,갱신,26.08~28.07,8695.0,,,,
등촌동,202607,아파트_전월세,"등촌1,2단지주공아파트",등촌동,687,41.85,,24000,5,1,24,1994,갱신,26.07~28.07,21000.0,,,,
등촌동,202607,아파트_전월세,주공3,등촌동,688,58.14,,5000,170,3,10,1995,갱신,26.08~28.07,5000.0,130.0,,,
화곡동,202607,아파트_전월세,화곡푸르지오,화곡동,1091,125.021,,66000,60,10,15,2002,갱신,26.07~28.07,52500.0,,,,
마곡동,202607,아파트_전월세,마곡엠밸리8단지,마곡동,741,59.79,,43200,100,6,25,2016,갱신,26.10~28.10,40000.0,100.0,,,
가양동,202607,아파트_전월세,가양6단지,가양동,1485,39.6,,30000,0,8,24,1992,신규,26.07~28.07,,,,,
화곡동,202607,아파트_전월세,대림e편한세상,화곡동,361-1,84.84,,43000,0,1,20,1992,신규,26.09~28.09,,,,,
마곡동,202607,아파트_전월세,마곡엠벨리(14단지),마곡동,750,84.85,,26038,0,9,27,2014,갱신,26.08~28.07,24799.0,,,,
방화동,202607,아파트_전월세,신마곡벽산블루밍,방화동,904,72.8607,,55000,0,6,25,2020,신규,26.09~29.05,,,,,
등촌동,202607,아파트_전월세,주공3,등촌동,688,58.14,,20000,88,9,24,1995,갱신,26.07~28.07,20000.0,80.0,,,
방화동,202607,아파트_전월세,신마곡벽산블루밍,방화동,904,49.775,,45000,0,14,25,2020,신규,26.10~28.10,,,,,
마곡동,202607,아파트_전월세,마곡엠벨리(14단지),마곡동,750,84.85,,26038,0,6,27,2014,갱신,26.08~28.07,24799.0,,,,
공항동,202607,아파트_전월세,공항동부센트레빌,공항동,1374,84.99,,55000,0,6,25,2009,신규,26.10~28.10,,,,,
방화동,202607,아파트_전월세,동성,방화동,817,76.8,,45000,0,5,25,1993,신규,26.09~28.09,,,,,
가양동,202607,아파트_전월세,가양6단지,가양동,1485,49.5,,36000,0,3,20,1992,신규,26.10~28.10,,,,,
마곡동,202607,아파트_전월세,마곡일성트루엘아파트,마곡동,1535,72.034,,59000,0,5,25,2013,신규,26.10~28.10,,,,,
화곡동,202607,아파트_전월세,초록,화곡동,1139,59.34,,49500,0,5,25,1998,갱신,26.08~28.08,42000.0,,,,
방화동,202607,아파트_전월세,방화그린,방화동,839,49.77,,27000,0,14,25,1993,갱신,26.09~28.09,25000.0,,,,
가양동,202607,아파트_전월세,가양도시개발9-2단지,가양동,1490,34.44,,26000,0,6,25,1993,신규,26.09~28.09,,,,,
마곡동,202607,아파트_전월세,마곡엠벨리(15단지),마곡동,751,84.94,,27101,0,5,27,2014,갱신,26.08~28.07,25811.0,,,,
화곡동,202607,아파트_전월세,강서힐스테이트,화곡동,1165,84.99,,60000,140,5,25,2015,신규,26.10~29.09,,,,,
염창동,202607,아파트_전월세,삼정그린코아,염창동,282,84.358,,55100,0,10,25,2001,갱신,26.08~26.10,55100.0,,,,
마곡동,202607,아파트_전월세,마곡엠벨리(14단지),마곡동,750,84.74,,57096,0,4,24,2014,신규,26.08~28.10,,,,,
염창동,202607,아파트_전월세,염창1차한화꿈에그린,염창동,281-22,59.94,,62750,35,11,27,2005,갱신,26.08~28.08,62750.0,,,,
가양동,202607,아파트_전월세,빛고을우방,가양동,448-9,84.87,,35000,80,3,24,1999,신규,26.11~28.11,,,,,
가양동,202607,아파트_전월세,가양도시개발9-2단지,가양동,1490,34.44,,18000,30,4,26,1993,신규,26.09~28.09,,,,,
마곡동,202607,아파트_전월세,마곡엠밸리4단지,마곡동,738,114.86,,83000,0,3,20,2014,갱신,26.07~28.07,78000.0,,,,
가양동,202607,아파트_전월세,가양6단지,가양동,1485,49.5,,37000,0,2,25,1992,신규,26.10~28.10,,,,,
가양동,202607,아파트_전월세,한보구암마을,가양동,1495,59.58,,48000,0,5,25,1999,신규,26.10~28.10,,,,,
내발산동,202607,아파트_전월세,마곡수명산파크5단지,내발산동,749,49.97,,6719,11,3,24,2008,갱신,26.08~28.07,3754.0,28.0,,,
가양동,202607,아파트_전월세,강변,가양동,1475,39.6,,5000,100,8,25,1992,신규,26.09~28.09,,,,,
가양동,202607,아파트_전월세,가양6단지,가양동,1485,49.5,,42000,0,9,25,1992,신규,26.11~28.11,,,,,
방화동,202607,아파트_전월세,방화5,방화동,814,49.77,,35000,0,3,27,1994,갱신,26.08~28.08,26250.0,,,,
화곡동,202607,아파트_전월세,성재센트리움아파트,화곡동,143-6,23.54,,16000,15,7,23,2016,신규,26.08~28.08,,,,,
마곡동,202607,아파트_전월세,마곡엠벨리(15단지),마곡동,751,59.79,,70000,0,4,25,2014,신규,26.09~28.09,,,,,
방화동,202607,아파트_전월세,동성,방화동,817,76.8,,35000,75,11,20,1993,신규,26.09~28.09,,,,,
화곡동,202607,아파트_전월세,강서힐스테이트,화곡동,1165,59.99,,60000,70,8,25,2015,신규,26.10~28.10,,,,,
화곡동,202607,아파트_전월세,우장산숲아이파크,화곡동,1173,59.9877,,70000,0,1,3,2022,신규,26.10~28.10,,,,,
가양동,202607,아파트_전월세,가양6단지,가양동,1485,39.6,,21500,50,14,9,1992,신규,26.10~28.10,,,,,
가양동,202607,아파트_전월세,가양2단지(성지),가양동,1461,34.44,,25000,0,15,24,1992,신규,26.08~28.08,,,,,
마곡동,202607,아파트_전월세,마곡엠벨리(15단지),마곡동,751,59.84,,22636,0,3,27,2014,갱신,26.08~28.07,21559.0,,,,
내발산동,202607,아파트_전월세,마곡수명산파크5단지,내발산동,749,49.93,,3754,28,5,27,2008,갱신,26.08~28.07,3754.0,28.0,,,
가양동,202607,아파트_전월세,강서한강자이,가양동,1500,84.9903,,85000,0,21,26,2013,신규,26.10~28.10,,,,,
방화동,202607,아파트_전월세,방화그린,방화동,839,49.77,,29000,0,4,24,1993,갱신,26.07~28.07,28000.0,,사용,,
염창동,202607,아파트_전월세,동아3,염창동,258-1,59.7,,51000,0,13,25,1999,신규,26.11~28.11,,,,,
가양동,202607,아파트_전월세,가양2단지(성지),가양동,1461,34.69,,24500,0,4,11,1992,신규,26.07~28.07,,,,,
등촌동,202607,아파트_전월세,아임2030등촌역,등촌동,648-5,15.17,,11500,21,15,24,2020,신규,26.07~28.07,,,,,
화곡동,202607,아파트_전월세,강서힐스테이트,화곡동,1165,128.81,,92000,0,17,22,2015,갱신,26.07~28.07,88000.0,,사용,,
내발산동,202607,아파트_전월세,천우명덕,내발산동,680-5,84.94,,46000,40,3,23,2004,갱신,26.08~28.08,46000.0,,,,
가양동,202607,아파트_전월세,가양도시개발9-2단지,가양동,1490,49.5,,2000,105,10,8,1993,갱신,26.07~28.07,2000.0,100.0,,,
방화동,202607,아파트_전월세,개화,방화동,819,133.98,,65000,0,12,24,1994,갱신,26.10~28.10,55000.0,,,,
화곡동,202607,아파트_전월세,아델리아Ⅲ,화곡동,24-136,17.28,,9100,16,4,24,2012,갱신,26.09~28.09,9100.0,16.0,사용,,
방화동,202607,아파트_전월세,개화,방화동,819,133.98,,68250,0,10,11,1994,갱신,26.08~28.08,65000.0,,사용,,
등촌동,202607,아파트_전월세,주공3,등촌동,688,58.14,,43000,0,5,21,1995,갱신,26.10~28.10,41000.0,,사용,,
등촌동,202607,아파트_전월세,태영,등촌동,632-2,59.97,,41000,0,5,22,1998,신규,26.11~28.11,,,,,
마곡동,202607,아파트_전월세,마곡엠밸리6단지,마곡동,743,59.79,,48048,0,3,24,2014,신규,26.08~28.10,,,,,
방화동,202607,아파트_전월세,방화그린,방화동,839,33.6,,20000,0,15,14,1993,신규,26.07~28.01,,,,,
가양동,202607,아파트_전월세,가양6단지,가양동,1485,49.5,,35000,0,9,14,1992,신규,26.09~28.09,,,,,
가양동,202607,아파트_전월세,가양강나루현대,가양동,448-1,59.76,,43000,0,16,21,1999,갱신,26.07~28.07,40000.0,,,,
마곡동,202607,아파트_전월세,마곡엠벨리(14단지),마곡동,750,59.96,,8920,27,15,22,2014,갱신,26.08~28.07,8920.0,27.0,,,
마곡동,202607,아파트_전월세,마곡엠밸리9단지,마곡동,744,84.96,,61000,50,4,23,2021,갱신,26.08~28.08,60000.0,50.0,사용,,
가양동,202607,아파트_전월세,가양1차보람더하임,가양동,1497,66.37,,10000,90,1,24,2006,신규,26.09~28.09,,,,,
마곡동,202607,아파트_전월세,마곡13단지힐스테이트마스터,마곡동,748,59.9825,,10000,210,13,23,2017,갱신,26.09~28.09,10000.0,170.0,,,
마곡동,202607,아파트_전월세,마곡엠벨리(14단지),마곡동,750,59.79,,21788,0,10,21,2014,갱신,26.08~28.07,16400.0,,,,
등촌동,202607,아파트_전월세,주공5,등촌동,695,58.14,,30000,70,9,17,1995,신규,26.10~28.10,,,,,
마곡동,202607,아파트_전월세,마곡엠벨리(14단지),마곡동,750,49.87,,9332,28,7,24,2014,갱신,26.08~28.07,8261.0,21.0,,,
마곡동,202607,아파트_전월세,마곡현대아파트,마곡동,1171,59.92,,30000,40,9,8,1999,갱신,26.08~28.08,30000.0,30.0,,,
화곡동,202607,아파트_전월세,강서힐스테이트,화곡동,1165,84.99,,35000,180,6,23,2015,갱신,26.09~28.09,35000.0,160.0,,,
내발산동,202607,아파트_전월세,마곡수명산파크1단지,내발산동,742,84.53,,80000,0,11,23,2007,신규,26.12~28.12,,,,,
내발산동,202607,아파트_전월세,마곡수명산파크3단지,내발산동,751,84.76,,49764,0,7,23,2007,신규,26.08~28.10,,,,,
마곡동,202607,아파트_전월세,마곡엠밸리7단지,마곡동,743-4,84.79,,43410,0,4,24,2014,갱신,26.08~28.07,41343.0,,,,
등촌동,202607,아파트_전월세,등촌동아이파크,등촌동,715,134.8836,,94000,0,12,24,2004,신규,26.11~28.11,,,,,
마곡동,202607,아파트_전월세,마곡엠벨리(15단지),마곡동,751,59.79,,22636,0,11,23,2014,갱신,26.08~28.07,21559.0,,,,
마곡동,202607,아파트_전월세,마곡엠벨리(15단지),마곡동,751,59.84,,22636,0,3,23,2014,갱신,26.08~28.07,19556.0,,,,
마곡동,202607,아파트_전월세,마곡엠밸리6단지,마곡동,743,59.79,,48048,0,4,24,2014,신규,26.08~28.10,,,,,
화곡동,202607,아파트_전월세,우장산롯데캐슬,화곡동,1145,85,,66000,0,17,1,2003,갱신,26.09~28.09,63000.0,,사용,,
화곡동,202607,아파트_전월세,화곡푸르지오,화곡동,1091,156.876,,78750,0,6,11,2002,갱신,26.09~28.09,75000.0,,사용,,
화곡동,202607,아파트_전월세,초록,화곡동,1139,49.77,,34500,0,4,18,1998,갱신,26.07~28.07,29500.0,,,,
화곡동,202607,아파트_전월세,GMValley,화곡동,899-27,25.94,,19390,5,6,20,2018,갱신,26.09~28.09,19500.0,,,,
공항동,202607,아파트_전월세,청성스카이,공항동,22-4,124.62,,6000,80,6,17,2004,갱신,26.07~28.07,5000.0,80.0,,,
마곡동,202607,아파트_전월세,마곡엠벨리(14단지),마곡동,750,49.87,,5355,37,7,22,2014,갱신,26.08~28.07,5355.0,37.0,,,
염창동,202607,아파트_전월세,염창1차한화꿈에그린,염창동,281-22,67.43,,69000,0,7,23,2005,갱신,26.10~28.10,65000.0,,,,
염창동,202607,아파트_전월세,신동아,염창동,289,59.82,,40000,10,5,3,1995,신규,26.09~28.09,,,,,
염창동,202607,아파트_전월세,염창3우성,염창동,272-28,84.9,,40000,50,3,22,1993,갱신,26.09~28.09,40000.0,50.0,,,
염창동,202607,아파트_전월세,극동상록수,염창동,280,59.91,,5000,135,5,12,1999,갱신,26.09~28.09,5000.0,130.0,사용,,
화곡동,202607,아파트_전월세,강서힐스테이트,화곡동,1165,59.99,,10000,201,10,17,2015,갱신,26.09~28.09,10000.0,190.0,사용,,
마곡동,202607,아파트_전월세,마곡엠벨리(14단지),마곡동,750,59.79,,21788,0,11,24,2014,갱신,26.08~28.07,20751.0,,,,
가양동,202607,아파트_전월세,한강타운,가양동,1460,84.99,,51000,0,4,11,1993,갱신,26.08~28.08,49000.0,,사용,,
마곡동,202607,아파트_전월세,마곡엠밸리12단지,마곡동,746-1,59.79,,48048,0,4,23,2016,신규,26.08~28.10,,,,,
방화동,202607,아파트_전월세,개화산경남아너스빌,방화동,887,82.53,,49000,0,8,23,2007,갱신,26.08~28.08,47000.0,,사용,,
마곡동,202607,아파트_전월세,마곡엠밸리11단지,마곡동,746,59.79,,48048,0,6,23,2016,신규,26.08~28.10,,,,,
가양동,202607,아파트_전월세,가양6단지,가양동,1485,49.5,,39000,0,15,9,1992,신규,26.10~28.10,,,,,
방화동,202607,아파트_전월세,방화4단지,방화동,831,134.61,,63000,0,14,23,1994,갱신,26.08~28.08,60000.0,,사용,,
등촌동,202607,아파트_전월세,주공10,등촌동,702,58.14,,43050,0,4,22,1995,갱신,26.09~28.09,41000.0,,사용,,
화곡동,202607,아파트_전월세,강서힐스테이트,화곡동,1165,84.99,,20000,174,3,17,2015,갱신,26.08~27.08,20000.0,162.0,사용,,
화곡동,202607,아파트_전월세,우장산롯데캐슬,화곡동,1145,177.86,,90000,0,2,1,2003,갱신,26.07~27.07,90000.0,,,,
마곡동,202607,아파트_전월세,마곡엠벨리(15단지),마곡동,751,84.5,,27101,0,2,23,2014,갱신,26.08~28.07,25811.0,,,,
마곡동,202607,아파트_전월세,마곡엠밸리9단지,마곡동,744,84.89,,90000,0,5,21,2021,신규,26.10~28.10,,,,,
화곡동,202607,아파트_전월세,오케이A,화곡동,102-90,34.22,,1000,60,3,22,2002,신규,26.08~28.08,,,,,
등촌동,202607,아파트_전월세,주공10,등촌동,702,58.14,,46000,0,11,23,1995,갱신,26.07~28.07,40000.0,,,,
가양동,202607,아파트_전월세,가양2단지(성지),가양동,1461,49.65,,20000,80,1,15,1992,갱신,26.08~28.08,20000.0,57.0,,,
마곡동,202607,아파트_전월세,마곡엠벨리(15단지),마곡동,751,49.87,,6489,45,9,23,2014,갱신,26.08~28.07,6489.0,45.0,,,
화곡동,202607,아파트_전월세,강서힐스테이트,화곡동,1165,84.99,,75000,0,13,23,2015,갱신,26.08~28.08,75000.0,,사용,,
방화동,202607,아파트_전월세,방화5,방화동,814,39.6,,22000,0,11,17,1994,신규,26.08~27.08,,,,,
마곡동,202607,아파트_전월세,마곡엠밸리12단지,마곡동,746-1,59.79,,48048,0,2,23,2016,신규,26.08~28.10,,,,,
마곡동,202607,아파트_전월세,마곡엠벨리(15단지),마곡동,751,59.84,,22636,0,1,23,2014,갱신,26.08~28.07,21559.0,,,,
마곡동,202607,아파트_전월세,마곡엠밸리11단지,마곡동,746,59.79,,48048,0,3,23,2016,신규,26.08~28.10,,,,,
내발산동,202607,아파트_전월세,마곡수명산파크4단지,내발산동,753,84.53,,10100,173,1,23,2008,갱신,26.08~28.08,10100.0,165.0,사용,,
마곡동,202607,아파트_전월세,마곡엠벨리(15단지),마곡동,751,59.79,,22636,0,13,23,2014,갱신,26.08~28.07,21559.0,,,,
마곡동,202607,아파트_전월세,마곡엠벨리(14단지),마곡동,750,84.85,,26038,0,2,23,2014,갱신,26.08~28.07,24799.0,,,,
마곡동,202607,아파트_전월세,마곡엠벨리(15단지),마곡동,751,59.84,,22636,0,6,23,2014,갱신,26.08~28.07,21559.0,,,,
방화동,202607,아파트_전월세,마곡서광(치현마을),방화동,860,59.67,,39000,0,13,23,1998,갱신,26.08~28.08,39000.0,,,,
마곡동,202607,아파트_전월세,마곡엠벨리(15단지),마곡동,751,59.94,,13939,0,10,23,2014,갱신,26.08~28.07,13939.0,,,,
내발산동,202607,아파트_전월세,마곡수명산파크5단지,내발산동,749,49.93,,3754,28,9,6,2008,갱신,26.08~28.07,3754.0,28.0,,,
화곡동,202607,아파트_전월세,세교예지안2차,화곡동,925-11,18.83,,1000,63,10,3,2013,신규,26.07~28.07,,,,,
화곡동,202607,아파트_전월세,블루힐(343-56),화곡동,343-56,14.63,,10400,20,6,22,2011,신규,26.09~28.09,,,,,
가양동,202607,아파트_전월세,가양우성,가양동,14-3,84.85,,40000,80,9,21,1990,신규,26.09~28.09,,,,,
마곡동,202607,아파트_전월세,마곡엠벨리(15단지),마곡동,751,59.84,,22636,0,13,23,2014,갱신,26.08~28.07,22528.0,,,,
마곡동,202607,아파트_전월세,마곡엠벨리(15단지),마곡동,751,49.87,,2317,44,7,23,2014,갱신,26.08~28.07,2317.0,44.0,,,
마곡동,202607,아파트_전월세,마곡엠밸리6단지,마곡동,743,59.79,,48048,0,4,23,2014,신규,26.08~28.10,,,,,
마곡동,202607,아파트_전월세,마곡엠벨리(15단지),마곡동,751,59.84,,22636,0,9,22,2014,갱신,26.08~28.07,21559.0,,,,
마곡동,202607,아파트_전월세,마곡엠벨리(15단지),마곡동,751,84.88,,27101,0,16,23,2014,갱신,26.08~28.07,25811.0,,,,
내발산동,202607,아파트_전월세,마곡수명산파크3단지,내발산동,751,84.53,,38083,0,9,22,2007,갱신,26.08~28.07,36270.0,,,,
마곡동,202607,아파트_전월세,마곡엠벨리(15단지),마곡동,751,59.84,,22636,0,10,23,2014,갱신,26.08~28.07,21559.0,,,,
마곡동,202607,아파트_전월세,마곡엠벨리(15단지),마곡동,751,59.79,,22636,0,3,23,2014,갱신,26.08~28.07,21559.0,,,,
마곡동,202607,아파트_전월세,마곡엠벨리(15단지),마곡동,751,59.84,,22636,0,8,23,2014,갱신,26.08~28.07,21559.0,,,,
마곡동,202607,아파트_전월세,마곡엠밸리6단지,마곡동,743,84.74,,57096,0,12,23,2014,신규,26.08~28.10,,,,,
마곡동,202607,아파트_전월세,마곡엠밸리6단지,마곡동,743,59.79,,48048,0,5,23,2014,신규,26.08~28.10,,,,,
마곡동,202607,아파트_전월세,신안,마곡동,422,59.98,,36400,0,9,22,1993,신규,26.10~28.10,,,,,
방화동,202607,아파트_전월세,방신서광,방화동,871,100.6502,,38500,0,9,23,2003,갱신,26.07~28.07,34000.0,,,,
마곡동,202607,아파트_전월세,마곡엠벨리(15단지),마곡동,751,84.95,,27101,0,5,22,2014,갱신,26.08~28.07,24582.0,,,,
마곡동,202607,아파트_전월세,마곡엠벨리(15단지),마곡동,751,84.5,,27101,0,16,23,2014,갱신,26.08~28.07,27101.0,,,,
마곡동,202607,아파트_전월세,마곡엠벨리(15단지),마곡동,751,59.84,,22636,0,12,23,2014,갱신,26.08~28.07,21559.0,,,,
마곡동,202607,아파트_전월세,마곡엠벨리(15단지),마곡동,751,59.79,,22636,0,15,22,2014,갱신,26.08~28.07,21559.0,,,,
화곡동,202607,아파트_전월세,미성아파트(연립),화곡동,409-248,66.42,,26000,10,3,18,1987,신규,26.08~28.08,,,,,
마곡동,202607,아파트_전월세,마곡엠벨리(15단지),마곡동,751,59.97,,22636,0,10,23,2014,갱신,26.08~28.07,21559.0,,,,
화곡동,202607,아파트_전월세,성재센트리움아파트,화곡동,143-6,23.54,,2000,90,10,16,2016,갱신,26.09~28.09,2000.0,85.0,,,
마곡동,202607,아파트_전월세,마곡엠벨리(15단지),마곡동,751,84.5,,27101,0,4,23,2014,갱신,26.08~28.07,25811.0,,,,
내발산동,202607,아파트_전월세,마곡수명산파크3단지,내발산동,751,84.96,,49764,0,11,22,2007,신규,26.08~28.10,,,,,
마곡동,202607,아파트_전월세,마곡엠벨리(15단지),마곡동,751,59.94,,13939,0,16,23,2014,갱신,26.08~28.07,13939.0,,,,
방화동,202607,아파트_전월세,신세계아파트,방화동,903,61.17,,36460,0,6,14,2018,갱신,26.07~28.07,34728.0,,사용,,
가양동,202607,아파트_전월세,가양강나루현대,가양동,448-1,84.98,,56500,0,2,23,1999,갱신,26.09~28.09,54000.0,,사용,,
내발산동,202607,아파트_전월세,수산오성,내발산동,721-3,84.94,,13200,94,6,18,2002,갱신,26.07~28.07,12000.0,85.0,,,
마곡동,202607,아파트_전월세,마곡엠벨리(14단지),마곡동,750,59.79,,23966,0,14,22,2014,갱신,26.08~28.07,24901.0,,,,
등촌동,202607,아파트_전월세,아임2030등촌역,등촌동,648-5,15.17,,7500,36,15,15,2020,갱신,26.10~28.09,7500.0,34.0,,,
마곡동,202607,아파트_전월세,마곡엠밸리6단지,마곡동,743,84.88,,85500,0,1,22,2014,신규,26.10~28.10,,,,,
마곡동,202607,아파트_전월세,마곡엠밸리6단지,마곡동,743,59.79,,48048,0,12,22,2014,신규,26.08~28.10,,,,,
마곡동,202607,아파트_전월세,마곡엠벨리(14단지),마곡동,750,59.79,,21788,0,8,22,2014,갱신,26.08~28.07,20751.0,,,,
염창동,202607,아파트_전월세,무학,염창동,255,84.64,,60000,0,1,4,1999,신규,26.09~28.09,,,,,
마곡동,202607,아파트_전월세,마곡엠벨리(14단지),마곡동,750,59.95,,21788,0,1,22,2014,갱신,26.08~28.07,20751.0,,,,
마곡동,202607,아파트_전월세,마곡엠벨리(14단지),마곡동,750,84.94,,26038,0,6,22,2014,갱신,26.08~28.07,27278.0,,,,
화곡동,202607,아파트_전월세,근상프리즘(1076-2),화곡동,1076-2,81.9,,28900,0,8,17,2002,신규,26.09~28.09,,,,,
마곡동,202607,아파트_전월세,마곡엠벨리(14단지),마곡동,750,84.93,,26038,0,4,22,2014,갱신,26.08~28.07,24799.0,,,,
화곡동,202607,아파트_전월세,우공아파트,화곡동,922-17,27,,100,98,6,17,2018,신규,26.07~27.01,,,,,
마곡동,202607,아파트_전월세,마곡엠벨리(14단지),마곡동,750,59.79,,21788,0,4,22,2014,갱신,26.08~28.07,20751.0,,,,
마곡동,202607,아파트_전월세,마곡엠밸리8단지,마곡동,741,59.79,,48048,0,7,22,2016,신규,26.08~28.10,,,,,
마곡동,202607,아파트_전월세,마곡청구아파트,마곡동,1181,59.91,,42000,0,11,21,1998,갱신,26.08~28.08,40000.0,,사용,,
마곡동,202607,아파트_전월세,마곡엠밸리8단지,마곡동,741,59.79,,48048,0,11,22,2016,신규,26.08~28.10,,,,,
내발산동,202607,아파트_전월세,마곡수명산파크3단지,내발산동,751,84.76,,49764,0,5,22,2007,신규,26.08~28.10,,,,,
마곡동,202607,아파트_전월세,마곡엠벨리(14단지),마곡동,750,84.93,,26038,0,16,22,2014,갱신,26.08~28.07,27278.0,,,,
마곡동,202607,아파트_전월세,마곡엠벨리(14단지),마곡동,750,59.79,,7581,50,11,22,2014,갱신,26.08~28.07,6949.0,46.0,,,
등촌동,202607,아파트_전월세,주공3,등촌동,688,58.14,,18000,108,14,21,1995,갱신,26.09~28.09,18000.0,100.0,사용,,
마곡동,202607,아파트_전월세,마곡엠벨리(14단지),마곡동,750,84.85,,26038,0,11,22,2014,갱신,26.08~28.07,24799.0,,,,
마곡동,202607,아파트_전월세,마곡엠벨리(14단지),마곡동,750,59.96,,6318,42,12,22,2014,갱신,26.08~28.07,6018.0,40.0,,,
내발산동,202607,아파트_전월세,마곡수명산파크3단지,내발산동,751,84.96,,49764,0,5,22,2007,신규,26.08~28.10,,,,,
마곡동,202607,아파트_전월세,마곡엠밸리12단지,마곡동,746-1,59.79,,48048,0,10,22,2016,신규,26.08~28.10,,,,,
마곡동,202607,아파트_전월세,마곡엠벨리(14단지),마곡동,750,84.85,,26038,0,13,22,2014,갱신,26.08~28.07,24799.0,,,,
방화동,202607,아파트_전월세,방화5,방화동,814,39.6,,25200,0,1,22,1994,갱신,26.07~28.08,24000.0,,사용,,
염창동,202607,아파트_전월세,대림,염창동,262-2,59.94,,10000,170,11,14,1999,신규,26.08~28.08,,,,,
방화동,202607,아파트_전월세,청솔,방화동,832,49.2,,30400,0,12,22,1994,갱신,26.08~28.08,29000.0,,사용,,
화곡동,202607,아파트_전월세,강서아이파크,화곡동,980-21,83.077,,7000,150,4,15,2005,신규,26.09~28.09,,,,,
방화동,202607,아파트_전월세,경동팰리스힐,방화동,898,12.22,,500,47,3,22,2014,신규,26.07~27.07,,,,,
마곡동,202607,아파트_전월세,마곡엠벨리(14단지),마곡동,750,59.79,,21788,0,15,22,2014,갱신,26.08~28.07,20751.0,,,,
가양동,202607,아파트_전월세,가양2단지(성지),가양동,1461,34.44,,2000,100,5,16,1992,신규,26.08~28.08,,,,,
내발산동,202607,아파트_전월세,마곡수명산파크3단지,내발산동,751,84.53,,49764,0,10,22,2007,신규,26.08~28.10,,,,,
마곡동,202607,아파트_전월세,마곡엠밸리10단지,마곡동,747,59.97,,48048,0,2,22,2016,신규,26.08~28.10,,,,,
마곡동,202607,아파트_전월세,마곡엠밸리7단지,마곡동,743-4,84.79,,57096,0,3,22,2014,신규,26.08~28.10,,,,,
마곡동,202607,아파트_전월세,마곡엠벨리(14단지),마곡동,750,59.96,,6318,42,7,22,2014,갱신,26.08~28.07,6318.0,,,,
마곡동,202607,아파트_전월세,마곡엠벨리(15단지),마곡동,751,59.94,,13581,42,15,21,2014,신규,26.08~28.07,,,,,
가양동,202607,아파트_전월세,가양2단지(성지),가양동,1461,39.6,,5000,105,10,6,1992,신규,26.07~28.07,,,,,
방화동,202607,아파트_전월세,방화5,방화동,814,39.6,,27000,0,4,22,1994,갱신,26.10~28.10,27000.0,,사용,,
마곡동,202607,아파트_전월세,마곡엠밸리8단지,마곡동,741,59.97,,48048,0,1,22,2016,신규,26.08~28.10,,,,,
화곡동,202607,아파트_전월세,강서힐스테이트,화곡동,1165,84.99,,72000,0,10,22,2015,갱신,26.07~28.07,69000.0,,사용,,
마곡동,202607,아파트_전월세,마곡13단지힐스테이트마스터,마곡동,748,59.9825,,10000,260,12,3,2017,신규,26.07~28.07,,,,,
마곡동,202607,아파트_전월세,한솔솔파크,마곡동,716,84.87,,65000,0,5,21,2005,신규,26.09~28.09,,,,,
마곡동,202607,아파트_전월세,마곡엠밸리9단지,마곡동,744,59.86,,51012,0,4,22,2021,신규,26.08~28.10,,,,,
내발산동,202607,아파트_전월세,마곡수명산파크5단지,내발산동,749,49.97,,4475,24,11,21,2008,갱신,26.08~28.07,4475.0,24.0,,,
마곡동,202607,아파트_전월세,마곡엠밸리6단지,마곡동,743,84.84,,73000,0,6,21,2014,갱신,26.09~28.09,73000.0,,사용,,
마곡동,202607,아파트_전월세,마곡엠벨리(14단지),마곡동,750,84.93,,26038,0,5,22,2014,갱신,26.08~28.07,24799.0,,,,
내발산동,202607,아파트_전월세,마곡수명산파크4단지,내발산동,753,84.53,,60000,0,14,12,2008,갱신,26.11~28.11,55000.0,,,,
방화동,202607,아파트_전월세,방화5,방화동,814,39.6,,5500,72,1,19,1994,신규,26.08~28.08,,,,,
마곡동,202607,아파트_전월세,마곡엠벨리(14단지),마곡동,750,59.79,,21788,0,12,22,2014,신규,26.08~28.07,,,,,
마곡동,202607,아파트_전월세,마곡엠벨리(14단지),마곡동,750,84.93,,26038,0,14,22,2014,갱신,26.08~28.07,24799.0,,,,
화곡동,202607,아파트_전월세,동진빌라(56-100),화곡동,56-100,60.24,,14500,20,2,21,1999,신규,26.08~28.08,,,,,
마곡동,202607,아파트_전월세,마곡엠밸리6단지,마곡동,743,84.84,,57096,0,1,22,2014,신규,26.08~28.10,,,,,
등촌동,202607,아파트_전월세,"등촌1,2단지주공아파트",등촌동,687,41.85,,22000,0,6,20,1994,신규,26.09~28.09,,,,,
내발산동,202607,아파트_전월세,마곡수명산파크5단지,내발산동,749,49.97,,6578,12,10,21,2008,갱신,26.08~28.07,8079.0,23.0,,,
염창동,202607,아파트_전월세,강변힐스테이트,염창동,299,84.99,,40000,112,3,21,2005,갱신,26.08~28.08,40000.0,100.0,사용,,
마곡동,202607,아파트_전월세,마곡엠벨리(14단지),마곡동,750,114.75,,29972,0,6,22,2014,갱신,26.08~28.07,28545.0,,,,
염창동,202607,아파트_전월세,염창3우성,염창동,272-28,84.93,,7250,150,5,9,1993,갱신,26.08~28.08,5000.0,150.0,,,
마곡동,202607,아파트_전월세,마곡엠밸리10단지,마곡동,747,59.79,,48048,0,6,22,2016,신규,26.08~28.10,,,,,
마곡동,202607,아파트_전월세,마곡나루경남아파트,마곡동,1577,84.99,,57000,0,6,21,1991,갱신,26.09~28.09,55000.0,,사용,,
마곡동,202607,아파트_전월세,마곡엠벨리(14단지),마곡동,750,59.79,,21788,0,8,21,2014,갱신,26.08~28.07,20751.0,,,,
마곡동,202607,아파트_전월세,마곡13단지힐스테이트마스터,마곡동,748,84.9805,,5000,300,13,20,2017,갱신,26.08~28.01,5000.0,300.0,사용,,
염창동,202607,아파트_전월세,삼성한마음,염창동,244-2,59.94,,52000,0,8,16,1995,신규,26.09~28.09,,,,,
내발산동,202607,아파트_전월세,우장산힐스테이트,내발산동,657,59.98,,10000,200,9,21,2005,신규,26.10~28.10,,,,,
마곡동,202607,아파트_전월세,마곡엠벨리(15단지),마곡동,751,59.84,,22636,0,4,21,2014,갱신,26.08~28.07,21559.0,,,,
내발산동,202607,아파트_전월세,원당,내발산동,650-1,73.75,,30000,10,1,21,2002,신규,26.10~28.10,,,,,
가양동,202607,아파트_전월세,동신대아,가양동,1459,101.97,,61900,0,8,19,1993,갱신,26.07~28.07,59000.0,,사용,,
등촌동,202607,아파트_전월세,주공3,등촌동,688,58.14,,46000,0,2,18,1995,신규,26.09~28.09,,,,,
마곡동,202607,아파트_전월세,마곡엠벨리(14단지),마곡동,750,84.86,,26038,0,13,21,2014,갱신,26.08~28.07,24799.0,,,,
마곡동,202607,아파트_전월세,마곡엠벨리(15단지),마곡동,751,59.79,,23767,0,7,21,2014,갱신,26.08~28.07,21559.0,,,,
염창동,202607,아파트_전월세,현대3,염창동,291,83.71,,55650,0,1,15,1996,갱신,26.08~28.08,53000.0,,사용,,
내발산동,202607,아파트_전월세,마곡수명산파크5단지,내발산동,749,49.93,,5183,20,4,21,2008,갱신,26.08~28.07,5183.0,20.0,,,
마곡동,202607,아파트_전월세,마곡엠밸리8단지,마곡동,741,84.89,,73500,0,15,17,2016,갱신,26.08~28.08,70000.0,,사용,,
내발산동,202607,아파트_전월세,마곡수명산파크5단지,내발산동,749,49.83,,3754,28,7,21,2008,갱신,26.08~28.07,3754.0,28.0,,,
마곡동,202607,아파트_전월세,마곡엠벨리(14단지),마곡동,750,59.79,,21788,0,11,21,2014,갱신,26.08~28.07,20751.0,,,,
내발산동,202607,아파트_전월세,마곡수명산파크5단지,내발산동,749,49.97,,8460,1,1,21,2008,갱신,26.08~28.07,,1.0,,,
내발산동,202607,아파트_전월세,마곡수명산파크5단지,내발산동,749,49.97,,4699,22,8,21,2008,갱신,26.08~28.07,4699.0,28.0,,,
내발산동,202607,아파트_전월세,마곡수명산파크5단지,내발산동,749,49.97,,6445,13,12,21,2008,갱신,26.08~28.07,6445.0,13.0,,,
등촌동,202607,아파트_전월세,가양역두산위브,등촌동,726,50.09,,58700,0,18,19,2022,갱신,26.07~28.07,56000.0,,사용,,
공항동,202607,아파트_전월세,더트루엘마곡HQ,공항동,1398,36.6756,,6000,100,8,17,2024,신규,26.08~28.08,,,,,
내발산동,202607,아파트_전월세,마곡수명산파크5단지,내발산동,749,49.97,,8450,1,4,21,2008,갱신,26.08~28.07,8450.0,1.0,,,
가양동,202607,아파트_전월세,가양강나루현대,가양동,448-1,59.76,,52500,0,9,16,1999,갱신,26.08~28.08,50000.0,,사용,,
화곡동,202607,아파트_전월세,우장산역해링턴타워,화곡동,1170,17.74,,3680,27,8,21,2021,신규,26.08~28.08,,,,,
내발산동,202607,아파트_전월세,마곡수명산파크5단지,내발산동,749,49.97,,8695,28,9,21,2008,갱신,26.08~28.07,8282.0,,,,
등촌동,202607,아파트_전월세,청솔펠리체,등촌동,651,83.12,,50000,0,8,7,2011,갱신,26.07~27.07,50000.0,,사용,,
염창동,202607,아파트_전월세,금호타운,염창동,240-32,59.88,,50400,0,13,7,1999,신규,26.10~28.10,,,,,
마곡동,202607,아파트_전월세,마곡엠벨리(15단지),마곡동,751,59.84,,22636,0,8,20,2014,갱신,26.08~28.07,21559.0,,,,
염창동,202607,아파트_전월세,일신건영휴먼빌,염창동,298,84.93,,20000,180,3,20,2004,신규,26.08~28.08,,,,,
내발산동,202607,아파트_전월세,마곡수명산파크5단지,내발산동,749,49.97,,8450,1,5,21,2008,갱신,26.08~28.07,8450.0,28.0,,,
마곡동,202607,아파트_전월세,마곡엠벨리(14단지),마곡동,750,59.79,,21788,0,7,21,2014,갱신,26.08~28.07,20751.0,,,,
내발산동,202607,아파트_전월세,마곡수명산파크5단지,내발산동,749,59.87,,60000,0,2,17,2008,신규,26.09~28.09,,,,,
염창동,202607,아파트_전월세,강서쌍용예가,염창동,308,84.989,,58500,0,8,11,2014,신규,26.08~28.08,,,,,
마곡동,202607,아파트_전월세,마곡엠벨리(14단지),마곡동,750,59.79,,21788,0,11,20,2014,신규,26.08~28.07,,,,,
내발산동,202607,아파트_전월세,우장산힐스테이트,내발산동,657,59.98,,66000,0,17,11,2005,갱신,26.07~28.07,60000.0,,,,
염창동,202607,아파트_전월세,신동아,염창동,289,84.9,,55300,0,9,1,1995,갱신,26.08~28.08,53000.0,,사용,,
내발산동,202607,아파트_전월세,마곡수명산파크5단지,내발산동,749,49.93,,8695,0,8,21,2008,갱신,26.08~28.07,8695.0,,,,
가양동,202607,아파트_전월세,가양도시개발공사8단지(임대),가양동,1482,34.44,,743,12,5,20,1992,신규,26.08~28.10,,,,,
내발산동,202607,아파트_전월세,내발산우신웨스트빌,내발산동,733,84.38,,51450,0,6,17,2005,갱신,26.08~28.08,49000.0,,사용,,
화곡동,202607,아파트_전월세,강서힐스테이트,화곡동,1165,128.81,,103000,0,1,14,2015,갱신,26.07~28.07,100000.0,,사용,,
마곡동,202607,아파트_전월세,마곡엠벨리(14단지),마곡동,750,84.93,,26038,0,9,20,2014,갱신,26.08~28.07,24799.0,,,,
마곡동,202607,아파트_전월세,마곡엠벨리(15단지),마곡동,751,59.79,,22636,0,8,20,2014,갱신,26.08~28.07,21559.0,,,,
가양동,202607,아파트_전월세,가양도시개발9-1단지,가양동,1489,34.44,,738,12,5,20,1992,신규,26.08~28.10,,,,,
화곡동,202607,아파트_전월세,화곡6차보람쉬움,화곡동,1154,84.98,,43000,0,11,17,2005,갱신,26.07~28.07,41000.0,,사용,,
마곡동,202607,아파트_전월세,마곡13단지힐스테이트마스터,마곡동,748,84.9881,,80000,0,10,16,2017,신규,26.08~28.08,,,,,
마곡동,202607,아파트_전월세,마곡삼성아파트,마곡동,1478,59.95,,39900,0,8,17,1998,갱신,26.08~28.08,38000.0,,사용,,
가양동,202607,아파트_전월세,가양6단지,가양동,1485,39.6,,20350,20,3,20,1992,갱신,26.08~28.08,20350.0,,,,
방화동,202607,아파트_전월세,방화6단지,방화동,816,24.05,,557,8,3,20,1994,신규,26.08~28.10,,,,,
등촌동,202607,아파트_전월세,대림아르빌아파트,등촌동,637-22,84.6,,60000,0,8,17,2002,신규,26.10~28.10,,,,,
등촌동,202607,아파트_전월세,서광등촌마을아파트,등촌동,638,59.67,,42000,0,13,20,1999,갱신,26.08~28.08,40000.0,,사용,,
마곡동,202607,아파트_전월세,마곡엠벨리(14단지),마곡동,750,84.85,,26038,0,11,20,2014,갱신,26.08~28.07,24799.0,,,,
내발산동,202607,아파트_전월세,타워힐101동,내발산동,661-2,84.9095,,12000,145,5,20,2002,신규,26.11~28.11,,,,,
방화동,202607,아파트_전월세,마곡중앙하이츠아파트,방화동,852,51.03,,40000,0,4,13,1994,신규,26.10~28.10,,,,,
방화동,202607,아파트_전월세,방화6단지,방화동,816,39.6,,922,12,1,20,1994,신규,26.08~28.10,,,,,
내발산동,202607,아파트_전월세,마곡수명산파크1단지,내발산동,742,39.8,,6177,21,15,20,2007,갱신,26.08~28.07,5996.0,21.0,,,
내발산동,202607,아파트_전월세,내안에이너스,내발산동,689-12,63.41,,30800,0,5,20,2004,신규,26.09~28.09,,,,,
방화동,202607,아파트_전월세,치현마을동일스위트리버,방화동,880,59.9813,,40000,0,7,10,2004,갱신,26.09~28.09,36000.0,,,,
방화동,202607,아파트_전월세,방화6단지,방화동,816,24.05,,557,8,10,20,1994,신규,26.08~28.10,,,,,
화곡동,202607,아파트_전월세,우장산롯데,화곡동,1148,59.97,,42000,0,10,17,2004,갱신,26.09~28.09,40000.0,,,,
내발산동,202607,아파트_전월세,유니드,내발산동,712-2,70.02,,40000,40,5,14,2005,신규,26.09~28.12,,,,,
방화동,202607,아파트_전월세,장미,방화동,841,59.04,,33500,0,8,18,1994,갱신,26.08~28.08,32000.0,,사용,,
등촌동,202607,아파트_전월세,코오롱하늘채,등촌동,714,84.96,,70000,0,3,17,2003,신규,26.09~28.09,,,,,
화곡동,202607,아파트_전월세,우장산숲아이파크,화곡동,1173,59.9983,,65000,0,1,18,2022,신규,26.09~28.09,,,,,
염창동,202607,아파트_전월세,동아3,염창동,258-1,84.87,,40000,100,7,17,1999,신규,26.09~28.09,,,,,
방화동,202607,아파트_전월세,방화5,방화동,814,39.6,,29000,0,2,20,1994,갱신,26.09~28.09,28000.0,,사용,,
마곡동,202607,아파트_전월세,마곡금호어울림,마곡동,717,84.948,,30000,80,11,17,2005,신규,26.10~28.10,,,,,
내발산동,202607,아파트_전월세,마곡수명산파크1단지,내발산동,742,39.73,,2359,21,6,20,2007,갱신,26.08~28.07,2359.0,21.0,,,
가양동,202607,아파트_전월세,가양도시개발공사8단지(임대),가양동,1482,49.5,,1058,17,6,20,1992,신규,26.08~28.10,,,,,
화곡동,202607,아파트_전월세,강서힐스테이트,화곡동,1165,152.1,,120000,0,4,9,2015,갱신,26.07~28.07,115000.0,,사용,,
가양동,202607,아파트_전월세,가양도시개발9-2단지,가양동,1490,34.44,,16847,0,8,18,1993,갱신,26.07~28.07,16045.0,,,,
가양동,202607,아파트_전월세,가양도시개발9-2단지,가양동,1490,39.6,,27000,0,4,11,1993,신규,26.09~28.09,,,,,
내발산동,202607,아파트_전월세,마곡수명산파크5단지,내발산동,749,59.84,,30000,110,3,17,2008,신규,26.09~28.09,,,,,
마곡동,202607,아파트_전월세,마곡엠벨리(15단지),마곡동,751,49.87,,5807,35,5,16,2014,갱신,26.08~28.07,5408.0,37.0,,,
방화동,202607,아파트_전월세,청솔,방화동,832,49.2,,5000,120,12,19,1994,신규,26.08~28.08,,,,,
등촌동,202607,아파트_전월세,"등촌지와인아파트,비지니스센터",등촌동,727,74.0328,,63000,45,8,11,2023,신규,26.12~28.12,,,,,
가양동,202607,아파트_전월세,강변,가양동,1475,49.5,,22000,20,2,16,1992,갱신,26.07~28.07,22000.0,15.0,,,
등촌동,202607,아파트_전월세,등촌파밀리에더클래식101동,등촌동,722,56.94,,52500,0,5,16,2020,갱신,26.09~28.09,50000.0,,사용,,
내발산동,202607,아파트_전월세,마곡수명산파크3단지,내발산동,751,84.96,,56000,0,10,17,2007,갱신,26.08~28.08,54000.0,,사용,,
마곡동,202607,아파트_전월세,마곡엠밸리9단지,마곡동,744,84.96,,92000,0,2,18,2021,신규,26.09~28.09,,,,,
내발산동,202607,아파트_전월세,마곡수명산파크1단지,내발산동,742,84.82,,72000,0,9,17,2007,신규,26.10~28.10,,,,,
염창동,202607,아파트_전월세,태진한솔,염창동,263,58.87,,20000,110,14,17,1994,신규,26.10~28.10,,,,,
등촌동,202607,아파트_전월세,"등촌지와인아파트,비지니스센터",등촌동,727,59.6202,,64000,0,14,13,2023,신규,26.10~28.10,,,,,
등촌동,202607,아파트_전월세,주공3,등촌동,688,58.14,,10000,145,11,17,1995,신규,26.09~28.09,,,,,
방화동,202607,아파트_전월세,마곡우림1차아파트,방화동,873,84.971,,47100,0,13,18,2003,갱신,26.09~27.09,47000.0,,,,
염창동,202607,아파트_전월세,강변한솔솔파크,염창동,300,84.69,,68000,0,4,19,2005,갱신,26.08~28.08,57000.0,,,,
마곡동,202607,아파트_전월세,길훈,마곡동,1565,65.88,,49000,0,7,17,1989,신규,26.10~28.10,,,,,
방화동,202607,아파트_전월세,방화6단지,방화동,816,39.6,,922,13,5,20,1994,신규,26.08~28.10,,,,,
방화동,202607,아파트_전월세,마곡서광(치현마을),방화동,860,59.67,,5000,130,11,14,1998,신규,26.08~28.08,,,,,
방화동,202607,아파트_전월세,방화그린,방화동,839,33.6,,2000,85,11,6,1993,신규,26.07~28.07,,,,,
방화동,202607,아파트_전월세,마곡 한진해모로,방화동,579,59.92,,30000,65,9,18,2004,신규,26.08~28.08,,,,,
마곡동,202607,아파트_전월세,마곡엠벨리(14단지),마곡동,750,84.93,,26038,0,14,20,2014,갱신,26.08~28.07,24799.0,,,,
염창동,202607,아파트_전월세,등촌제이스카이,염창동,311,28.94,,26000,0,13,16,2021,신규,26.10~28.10,,,,,
마곡동,202607,아파트_전월세,마곡엠밸리5단지,마곡동,740,114.86,,40000,160,15,16,2014,갱신,26.08~28.08,40000.0,150.0,사용,,
화곡동,202607,아파트_전월세,초록,화곡동,1139,49.77,,11000,68,9,11,1998,갱신,26.09~28.09,11000.0,55.0,,,
화곡동,202607,아파트_전월세,강서힐스테이트,화곡동,1165,84.99,,72450,0,5,11,2015,갱신,26.07~28.07,69000.0,,사용,,
등촌동,202607,아파트_전월세,대림,등촌동,694,89.975,,58500,0,19,15,1995,갱신,26.07~28.07,56000.0,,,,
마곡동,202607,아파트_전월세,마곡엠밸리3단지,마곡동,736,114.91,,50000,200,12,8,2014,신규,26.07~28.07,,,,,
가양동,202607,아파트_전월세,한강타운,가양동,1460,84.99,,60000,0,12,14,1993,갱신,26.08~28.08,54000.0,,,,
화곡동,202607,아파트_전월세,드림하우스(29-47),화곡동,29-47,27.253,,2000,58,4,16,2014,신규,26.08~28.08,,,,,
마곡동,202607,아파트_전월세,마곡엠밸리8단지,마곡동,741,84.89,,71000,40,6,16,2016,갱신,26.10~28.10,71000.0,,사용,,
등촌동,202607,아파트_전월세,주공5,등촌동,695,58.14,,40000,0,5,9,1995,갱신,26.07~27.08,40000.0,,사용,,
화곡동,202607,아파트_전월세,우장산역해링턴타워,화곡동,1170,43.04,,10400,72,15,16,2021,갱신,26.09~28.09,10400.0,68.0,,,
등촌동,202607,아파트_전월세,제일(코오롱),등촌동,642,59.99,,35000,50,4,14,1999,신규,26.08~28.08,,,,,
등촌동,202607,아파트_전월세,대동황토방2,등촌동,713,59.93,,5000,150,4,11,2003,갱신,26.08~28.08,5000.0,130.0,,,
마곡동,202607,아파트_전월세,마곡엠벨리(15단지),마곡동,751,49.87,,12076,37,5,15,2014,갱신,26.08~28.07,12076.0,,,,
마곡동,202607,아파트_전월세,마곡일성트루엘아파트,마곡동,1535,84.958,,52500,0,16,8,2013,갱신,26.07~28.07,50000.0,,사용,,
염창동,202607,아파트_전월세,현대아이파크,염창동,282-19,84.84,,50000,100,11,16,2005,신규,26.08~28.08,,,,,
염창동,202607,아파트_전월세,동아3,염창동,258-1,59.7,,5000,170,11,15,1999,갱신,26.08~28.08,5000.0,130.0,,,
방화동,202607,아파트_전월세,동성,방화동,817,76.8,,8000,170,14,8,1993,신규,26.09~28.09,,,,,
마곡동,202607,아파트_전월세,마곡엠벨리(14단지),마곡동,750,59.79,,21788,0,3,16,2014,갱신,26.08~28.07,20751.0,,,,
방화동,202607,아파트_전월세,현대,방화동,793,84.99,,50000,0,12,13,1993,신규,26.08~28.08,,,,,
마곡동,202607,아파트_전월세,마곡엠벨리(15단지),마곡동,751,59.94,,11818,27,15,15,2014,갱신,26.08~28.07,7053.0,46.0,,,
등촌동,202607,아파트_전월세,청솔펠리체,등촌동,651,83.12,,50000,0,8,8,2011,갱신,26.07~27.07,50000.0,,사용,,
마곡동,202607,아파트_전월세,마곡엠벨리(14단지),마곡동,750,114.75,,29972,0,6,16,2014,갱신,26.08~28.07,28545.0,,,,
마곡동,202607,아파트_전월세,마곡엠벨리(15단지),마곡동,751,59.79,,22636,0,4,16,2014,갱신,26.08~28.07,22636.0,,,,
마곡동,202607,아파트_전월세,마곡13단지힐스테이트마스터,마곡동,748,84.9805,,45000,180,13,15,2017,신규,26.08~28.08,,,,,
내발산동,202607,아파트_전월세,천우명덕,내발산동,680-5,84.94,,43900,30,5,15,2004,신규,26.10~28.10,,,,,
화곡동,202607,아파트_전월세,화곡6차보람쉬움,화곡동,1154,84.98,,52500,0,9,11,2005,갱신,26.07~28.07,50000.0,,사용,,
등촌동,202607,아파트_전월세,주공10,등촌동,702,58.14,,12000,107,5,14,1995,갱신,26.08~28.08,12000.0,100.0,사용,,
내발산동,202607,아파트_전월세,우장산힐스테이트,내발산동,657,84.98,,72975,0,9,14,2005,갱신,26.07~28.07,69500.0,,사용,,
등촌동,202607,아파트_전월세,등촌라인(조합),등촌동,628-15,59.91,,46500,0,6,10,1997,갱신,26.08~28.08,45000.0,,사용,,
염창동,202607,아파트_전월세,e편한세상염창,염창동,309,51.756,,13224,46,14,15,2019,신규,26.07~28.09,,,,,
방화동,202607,아파트_전월세,방화5,방화동,814,33.18,,23800,0,6,15,1994,갱신,26.07~28.07,23000.0,,,,
방화동,202607,아파트_전월세,청솔,방화동,832,59.04,,25000,67,10,11,1994,신규,26.09~28.09,,,,,
마곡동,202607,아파트_전월세,마곡힐스테이트,마곡동,1589,59.99,,48048,0,9,15,2017,신규,26.07~28.10,,,,,
마곡동,202607,아파트_전월세,마곡엠밸리9단지,마곡동,744,59.82,,55000,40,12,13,2021,갱신,26.08~28.08,55000.0,30.0,사용,,
염창동,202607,아파트_전월세,e편한세상염창,염창동,309,51.756,,13224,46,18,15,2019,신규,26.07~28.09,,,,,
화곡동,202607,아파트_전월세,동성아파트,화곡동,922-16,25.65,,11000,47,6,15,2015,신규,26.08~28.08,,,,,
염창동,202607,아파트_전월세,우성2,염창동,287-1,84.7,,48000,9,2,15,1992,갱신,26.08~28.08,48000.0,,사용,,
화곡동,202607,아파트_전월세,강서힐스테이트,화곡동,1165,84.99,,78750,0,15,15,2015,갱신,26.07~28.07,75000.0,,사용,,
방화동,202607,아파트_전월세,신동아,방화동,796,84.81,,45000,0,10,11,1995,신규,26.08~28.08,,,,,
방화동,202607,아파트_전월세,신동아,방화동,796,59.4,,30000,0,3,5,1995,갱신,26.07~28.07,28600.0,,사용,,
가양동,202607,아파트_전월세,강변,가양동,1475,34.44,,2000,95,13,12,1992,신규,26.07~28.07,,,,,
마곡동,202607,아파트_전월세,마곡엠벨리(14단지),마곡동,750,49.87,,11664,37,2,15,2014,신규,26.08~28.07,,,,,
마곡동,202607,아파트_전월세,마곡엠벨리(15단지),마곡동,751,59.84,,48048,0,13,15,2014,신규,26.07~28.10,,,,,
가양동,202607,아파트_전월세,가양도시개발9-2단지,가양동,1490,49.5,,40000,0,15,1,1993,신규,26.09~28.09,,,,,
방화동,202607,아파트_전월세,방화그린,방화동,839,39.76,,27000,5,2,15,1993,갱신,26.09~28.09,27000.0,,사용,,
내발산동,202607,아파트_전월세,마곡수명산파크6단지,내발산동,759,84.68,,50000,75,11,15,2007,신규,26.10~28.09,,,,,
가양동,202607,아파트_전월세,가양도시개발9-2단지,가양동,1490,39.6,,30000,0,3,14,1993,신규,26.08~28.08,,,,,
방화동,202607,아파트_전월세,방화5,방화동,814,49.77,,35000,0,12,15,1994,갱신,26.09~28.09,35000.0,,사용,,
내발산동,202607,아파트_전월세,우장산힐스테이트,내발산동,657,59.98,,60000,0,1,15,2005,갱신,26.07~28.07,58000.0,,사용,,
화곡동,202607,아파트_전월세,강서힐스테이트,화곡동,1165,128.81,,100000,40,15,14,2015,신규,26.10~28.10,,,,,
마곡동,202607,아파트_전월세,마곡13단지힐스테이트마스터,마곡동,748,84.9881,,15000,265,6,7,2017,갱신,26.08~28.08,15000.0,250.0,사용,,
마곡동,202607,아파트_전월세,마곡13단지힐스테이트마스터,마곡동,748,84.9881,,77700,0,13,3,2017,갱신,26.07~28.07,74000.0,,사용,,
화곡동,202607,아파트_전월세,디아인스,화곡동,899-31,23.93,,24000,0,8,15,2018,신규,26.08~28.08,,,,,
등촌동,202607,아파트_전월세,대동황토방,등촌동,631-9,84.95,,63000,0,12,10,2000,갱신,26.09~28.09,57000.0,,,,
마곡동,202607,아파트_전월세,마곡엠벨리(14단지),마곡동,750,59.79,,21788,0,7,15,2014,갱신,26.08~28.07,20751.0,,,,
마곡동,202607,아파트_전월세,마곡엠벨리(15단지),마곡동,751,59.84,,22636,0,13,14,2014,갱신,26.08~28.07,21559.0,,,,
마곡동,202607,아파트_전월세,마곡엠벨리(14단지),마곡동,750,49.87,,11473,30,12,14,2014,갱신,26.08~28.07,7497.0,52.0,,,
화곡동,202607,아파트_전월세,화곡푸르지오,화곡동,1091,144.123,,92000,0,4,15,2002,갱신,26.09~28.09,8500.0,,,,
내발산동,202607,아파트_전월세,마곡수명산파크3단지,내발산동,751,84.53,,38083,0,10,15,2007,갱신,26.08~28.07,36270.0,,,,
화곡동,202607,아파트_전월세,성재센트리움아파트,화곡동,143-11,26.84,,16500,0,5,15,2017,신규,26.09~28.09,,,,,
화곡동,202607,아파트_전월세,우장산숲아이파크,화곡동,1173,84.9854,,60000,115,5,14,2022,신규,26.09~28.09,,,,,
마곡동,202607,아파트_전월세,마곡엠밸리2단지,마곡동,735,59.79,,36030,0,4,15,2014,갱신,26.08~28.07,34315.0,,,,
방화동,202607,아파트_전월세,신마곡벽산블루밍,방화동,904,59.7592,,54000,0,7,14,2020,갱신,26.08~28.08,52000.0,,사용,,
마곡동,202607,아파트_전월세,마곡엠밸리10단지,마곡동,747,59.87,,48048,0,14,14,2016,신규,26.07~28.10,,,,,
마곡동,202607,아파트_전월세,마곡엠밸리4단지,마곡동,738,114.86,,55912,0,1,11,2014,갱신,26.08~28.08,53250.0,,사용,,
화곡동,202607,아파트_전월세,강서힐스테이트,화곡동,1165,84.99,,85000,0,2,11,2015,신규,26.09~28.09,,,,,
마곡동,202607,아파트_전월세,마곡엠밸리9단지,마곡동,744,49.53,,2391,37,9,14,2021,갱신,26.08~28.07,5581.0,31.0,,,
화곡동,202607,아파트_전월세,강서동도센트리움,화곡동,1161,14.677,,500,60,2,13,2012,신규,26.08~27.08,,,,,
마곡동,202607,아파트_전월세,마곡엠벨리(14단지),마곡동,750,84.85,,26038,0,6,14,2014,갱신,26.08~28.07,24799.0,,,,
화곡동,202607,아파트_전월세,유림노르웨이숲(919-1),화곡동,919-1,64.05,,37000,0,7,14,2004,갱신,26.08~26.11,37000.0,,,,
염창동,202607,아파트_전월세,아네스트염창,염창동,310,14.94,,8000,39,8,14,2019,갱신,26.08~28.08,8000.0,37.0,,,
방화동,202607,아파트_전월세,방화그린,방화동,839,49.77,,21494,0,13,14,1993,갱신,26.07~27.07,20970.0,,,,
방화동,202607,아파트_전월세,현대,방화동,793,84.99,,59800,0,2,14,1993,신규,26.10~28.12,,,,,
마곡동,202607,아파트_전월세,마곡엠벨리(14단지),마곡동,750,59.79,,21788,0,6,14,2014,갱신,26.08~28.07,20751.0,,,,
마곡동,202607,아파트_전월세,마곡엠밸리5단지,마곡동,740,84.91,,68000,80,2,6,2014,갱신,26.09~28.09,68000.0,,,,
마곡동,202607,아파트_전월세,마곡엠밸리8단지,마곡동,741,59.79,,48048,0,5,14,2016,신규,26.07~28.10,,,,,
방화동,202607,아파트_전월세,방화그린,방화동,839,39.76,,4000,100,5,10,1993,신규,26.09~28.09,,,,,
마곡동,202607,아파트_전월세,마곡엠벨리(14단지),마곡동,750,59.79,,48048,0,11,14,2014,신규,26.07~28.10,,,,,
등촌동,202607,아파트_전월세,등촌라인(조합),등촌동,628-15,84.78,,1000,150,17,13,1997,신규,26.07~26.10,,,,,
마곡동,202607,아파트_전월세,마곡엠벨리(15단지),마곡동,751,49.87,,5408,37,5,14,2014,갱신,26.08~28.07,5408.0,37.0,,,
마곡동,202607,아파트_전월세,마곡엠벨리(14단지),마곡동,750,84.93,,57096,0,7,14,2014,신규,26.07~28.10,,,,,
방화동,202607,아파트_전월세,마곡중앙하이츠아파트,방화동,852,39.58,,5000,85,2,14,1994,신규,26.08~28.08,,,,,
마곡동,202607,아파트_전월세,마곡엠벨리(14단지),마곡동,750,59.79,,21788,0,5,10,2014,갱신,26.08~28.07,20751.0,,,,
방화동,202607,아파트_전월세,태승훼미리4차,방화동,891,79.58,,5000,190,2,13,2008,신규,26.08~28.08,,,,,
가양동,202607,아파트_전월세,강변,가양동,1475,39.6,,4000,93,10,13,1992,갱신,26.08~28.08,4000.0,73.0,,,
내발산동,202607,아파트_전월세,청솔샤르망1001동,내발산동,676-23,82.6717,,57000,0,10,13,2004,신규,26.08~28.08,,,,,
내발산동,202607,아파트_전월세,마곡수명산파크4단지,내발산동,753,59.84,,41327,0,13,11,2008,갱신,26.07~28.07,39359.0,,사용,,
등촌동,202607,아파트_전월세,"등촌1,2단지주공아파트",등촌동,687,41.85,,1000,115,13,9,1994,갱신,26.07~28.07,1000.0,95.0,,,
내발산동,202607,아파트_전월세,우장산힐스테이트,내발산동,657,84.98,,75600,0,16,11,2005,갱신,26.09~28.09,72000.0,,사용,,
마곡동,202607,아파트_전월세,마곡엠벨리(14단지),마곡동,750,84.74,,57096,0,7,13,2014,신규,26.07~28.10,,,,,
내발산동,202607,아파트_전월세,마곡수명산파크1단지,내발산동,742,84.68,,63000,0,5,11,2007,갱신,26.07~28.07,55000.0,,,,
마곡동,202607,아파트_전월세,마곡힐스테이트,마곡동,1589,59.99,,53200,119,15,12,2017,갱신,26.07~28.07,53200.0,,,,
마곡동,202607,아파트_전월세,마곡엠밸리2단지,마곡동,735,59.79,,48048,0,3,14,2014,신규,26.07~28.10,,,,,
방화동,202607,아파트_전월세,방화스카이포레,방화동,909,29.09,,7272,26,6,14,2025,신규,26.07~28.09,,,,,
마곡동,202607,아파트_전월세,마곡엠밸리7단지,마곡동,743-4,114.84,,50000,177,13,13,2014,갱신,26.09~28.09,50000.0,160.0,사용,,
마곡동,202607,아파트_전월세,마곡엠벨리(14단지),마곡동,750,84.94,,26038,0,5,13,2014,갱신,26.08~28.07,24799.0,,,,
등촌동,202607,아파트_전월세,"등촌7,8단지주공아파트",등촌동,707,41.85,,2000,120,10,4,1994,신규,26.09~28.09,,,,,
가양동,202607,아파트_전월세,한강타운,가양동,1460,84.99,,58800,0,15,11,1993,갱신,26.08~28.08,56000.0,,사용,,
마곡동,202607,아파트_전월세,마곡엠벨리(14단지),마곡동,750,59.96,,13403,2,5,13,2014,갱신,26.08~28.07,6318.0,42.0,,,
마곡동,202607,아파트_전월세,마곡엠벨리(15단지),마곡동,751,59.97,,22636,0,14,10,2014,갱신,26.08~28.07,21559.0,,,,
마곡동,202607,아파트_전월세,마곡엠벨리(15단지),마곡동,751,59.94,,10929,17,3,13,2014,갱신,26.08~28.07,6412.0,42.0,,,
마곡동,202607,아파트_전월세,마곡엠벨리(14단지),마곡동,750,59.79,,21788,0,9,13,2014,갱신,26.08~28.07,20751.0,,,,
내발산동,202607,아파트_전월세,마곡수명산파크2단지,내발산동,741,84.75,,63000,0,3,14,2007,갱신,26.10~28.10,60000.0,,사용,,
마곡동,202607,아파트_전월세,마곡엠벨리(14단지),마곡동,750,84.92,,26038,0,13,10,2014,갱신,26.08~28.07,24799.0,,,,
마곡동,202607,아파트_전월세,마곡엠벨리(14단지),마곡동,750,59.79,,48048,0,7,13,2014,신규,26.07~28.10,,,,,
마곡동,202607,아파트_전월세,마곡엠벨리(14단지),마곡동,750,49.87,,11664,2,5,13,2014,갱신,26.08~28.07,5890.0,41.0,,,
마곡동,202607,아파트_전월세,마곡엠벨리(15단지),마곡동,751,59.84,,48048,0,11,13,2014,신규,26.07~28.10,,,,,
마곡동,202607,아파트_전월세,마곡엠벨리(15단지),마곡동,751,59.79,,22636,0,3,13,2014,갱신,26.08~28.07,23714.0,,,,
마곡동,202607,아파트_전월세,마곡엠벨리(15단지),마곡동,751,59.79,,22636,0,16,13,2014,갱신,26.08~28.07,21559.0,,,,
내발산동,202607,아파트_전월세,그린씨티,내발산동,716-16,84.577,,35000,40,4,11,2004,갱신,26.08~27.08,35000.0,,사용,,
마곡동,202607,아파트_전월세,마곡엠벨리(14단지),마곡동,750,49.87,,13806,17,8,10,2014,갱신,26.08~28.07,5355.0,37.0,,,
등촌동,202607,아파트_전월세,주공3,등촌동,688,58.14,,20000,95,14,4,1995,갱신,26.08~28.08,20000.0,90.0,사용,,
가양동,202607,아파트_전월세,강변,가양동,1475,39.6,,23150,0,12,11,1992,갱신,26.07~28.07,22050.0,,사용,,
방화동,202607,아파트_전월세,방화스카이포레,방화동,909,44.07,,12240,43,4,13,2025,신규,26.07~28.09,,,,,
방화동,202607,아파트_전월세,마곡중앙하이츠아파트,방화동,852,39.58,,5000,90,9,6,1994,신규,26.08~28.08,,,,,
마곡동,202607,아파트_전월세,마곡엠밸리2단지,마곡동,735,84.6,,57096,0,5,13,2014,신규,26.07~28.10,,,,,
마곡동,202607,아파트_전월세,마곡엠밸리7단지,마곡동,743-4,59.79,,48048,0,13,13,2014,신규,26.07~28.10,,,,,
가양동,202607,아파트_전월세,강서한강자이,가양동,1500,98.9994,,61200,0,16,13,2013,신규,26.07~28.09,,,,,
화곡동,202607,아파트_전월세,원타워(343-43),화곡동,343-43,18.84,,2000,60,9,11,2014,신규,26.07~27.07,,,,,
등촌동,202607,아파트_전월세,주공10,등촌동,702,58.14,,47000,0,8,4,1995,신규,26.09~28.09,,,,,
방화동,202607,아파트_전월세,장미,방화동,841,49.2,,3000,120,12,13,1994,신규,26.08~28.08,,,,,
방화동,202607,아파트_전월세,방화스카이포레,방화동,909,44.07,,12240,43,2,13,2025,신규,26.07~28.09,,,,,
화곡동,202607,아파트_전월세,미주,화곡동,474-1,48.3,,13000,15,4,8,1988,신규,26.08~28.08,,,,,
등촌동,202607,아파트_전월세,"등촌7,8단지주공아파트",등촌동,707,41.85,,29300,0,1,11,1994,갱신,26.08~28.08,28000.0,,사용,,
내발산동,202607,아파트_전월세,우장산힐스테이트,내발산동,657,59.98,,40000,130,4,12,2005,갱신,26.07~27.04,30000.0,100.0,,,
방화동,202607,아파트_전월세,청성,방화동,866,83.6982,,18900,68,5,11,2002,갱신,26.08~28.07,18000.0,65.0,사용,,
마곡동,202607,아파트_전월세,한솔솔파크,마곡동,716,84.87,,61000,0,3,11,2005,갱신,26.08~27.07,61000.0,,사용,,
방화동,202607,아파트_전월세,방화스카이포레,방화동,909,29.09,,7272,26,7,13,2025,신규,26.07~28.09,,,,,
마곡동,202607,아파트_전월세,마곡엠밸리7단지,마곡동,743-4,84.95,,57096,0,16,13,2014,신규,26.07~28.10,,,,,
화곡동,202607,아파트_전월세,우장산롯데캐슬,화곡동,1145,177.86,,80000,0,8,11,2003,갱신,26.09~28.09,77000.0,,사용,,
방화동,202607,아파트_전월세,방화4단지,방화동,831,100.35,,65000,0,8,13,1994,신규,26.10~28.10,,,,,
등촌동,202607,아파트_전월세,주공5,등촌동,695,58.14,,30000,75,3,5,1995,신규,26.09~28.09,,,,,
방화동,202607,아파트_전월세,방화5,방화동,814,49.77,,41000,0,8,8,1994,신규,26.10~28.10,,,,,
방화동,202607,아파트_전월세,방화5,방화동,814,33.18,,15400,0,3,8,1994,갱신,26.07~28.07,14900.0,,사용,,
방화동,202607,아파트_전월세,방화그린,방화동,839,39.76,,28000,0,4,11,1993,신규,26.09~28.09,,,,,
마곡동,202607,아파트_전월세,마곡엠밸리7단지,마곡동,743-4,84.86,,43410,0,7,13,2014,갱신,26.08~28.07,41343.0,,,,
화곡동,202607,아파트_전월세,우장산역해링턴타워,화곡동,1170,23.68,,4544,31,3,13,2021,갱신,26.08~28.08,4544.0,30.0,,,
마곡동,202607,아파트_전월세,마곡엠벨리(15단지),마곡동,751,59.79,,22636,0,6,10,2014,갱신,26.08~28.07,21559.0,,,,
마곡동,202607,아파트_전월세,마곡엠벨리(14단지),마곡동,750,84.86,,26038,0,7,11,2014,갱신,26.08~28.07,24799.0,,,,
마곡동,202607,아파트_전월세,마곡엠벨리(14단지),마곡동,750,59.79,,21788,0,6,10,2014,갱신,26.08~28.07,20751.0,,,,
마곡동,202607,아파트_전월세,마곡엠벨리(14단지),마곡동,750,49.87,,11664,2,5,10,2014,갱신,26.08~28.07,5355.0,37.0,,,
마곡동,202607,아파트_전월세,마곡엠벨리(14단지),마곡동,750,59.79,,21788,0,12,10,2014,갱신,26.08~28.07,20751.0,,,,
마곡동,202607,아파트_전월세,마곡엠벨리(14단지),마곡동,750,59.79,,21788,0,4,10,2014,갱신,26.08~28.07,20751.0,,,,
마곡동,202607,아파트_전월세,마곡엠벨리(15단지),마곡동,751,59.84,,23767,0,13,10,2014,갱신,26.08~28.07,22636.0,,,,
마곡동,202607,아파트_전월세,마곡엠벨리(14단지),마곡동,750,59.79,,21788,0,11,10,2014,갱신,26.08~28.07,20751.0,,,,
방화동,202607,아파트_전월세,동일스위트리버2차,방화동,895,59.52,,38000,0,1,4,2009,갱신,26.08~28.08,37500.0,,,,
염창동,202607,아파트_전월세,현대1,염창동,288,84.34,,53000,0,7,11,1994,갱신,26.07~28.07,50500.0,,사용,,
마곡동,202607,아파트_전월세,마곡엠벨리(14단지),마곡동,750,84.74,,26038,0,13,10,2014,갱신,26.08~28.07,24799.0,,,,
마곡동,202607,아파트_전월세,마곡엠벨리(15단지),마곡동,751,59.84,,22636,0,16,10,2014,갱신,26.08~28.07,21559.0,,,,
마곡동,202607,아파트_전월세,마곡엠밸리10단지,마곡동,747,59.87,,48048,0,2,13,2016,신규,26.07~28.10,,,,,
염창동,202607,아파트_전월세,현대3,염창동,291,83.71,,43000,0,2,11,1996,갱신,26.07~27.07,43000.0,,,,
마곡동,202607,아파트_전월세,마곡푸르지오,마곡동,1525,84.99,,65500,0,3,11,2008,갱신,26.09~28.09,62500.0,,사용,,
등촌동,202607,아파트_전월세,대동황토방,등촌동,631-9,114.97,,70000,0,17,11,2000,신규,26.09~28.09,,,,,
내발산동,202607,아파트_전월세,우장산힐스테이트,내발산동,657,126.65,,95000,0,1,8,2005,신규,26.09~28.09,,,,,
화곡동,202607,아파트_전월세,우장산숲아이파크,화곡동,1173,84.9932,,80000,0,2,10,2022,갱신,26.08~28.08,80000.0,,사용,,
방화동,202607,아파트_전월세,대림e-편한세상,방화동,874,67.68,,51000,0,7,11,2003,신규,26.08~28.08,,,,,
등촌동,202607,아파트_전월세,한사랑2삼성,등촌동,634-2,59.37,,50400,0,5,11,1999,갱신,26.09~28.09,48000.0,,사용,,
화곡동,202607,아파트_전월세,세림아파트,화곡동,917-4,40.5825,,18300,0,11,11,2016,신규,26.09~28.08,,,,,
방화동,202607,아파트_전월세,방화스카이포레,방화동,909,44.07,,12240,43,5,13,2025,신규,26.07~28.09,,,,,
마곡동,202607,아파트_전월세,마곡엠벨리(14단지),마곡동,750,84.74,,26038,0,8,10,2014,갱신,26.08~28.07,24799.0,,,,
화곡동,202607,아파트_전월세,우장산롯데캐슬,화곡동,1145,85,,68000,0,2,11,2003,신규,26.10~28.10,,,,,
마곡동,202607,아파트_전월세,마곡엠벨리(14단지),마곡동,750,114.75,,29972,0,9,10,2014,갱신,26.08~28.07,28545.0,,,,
가양동,202607,아파트_전월세,가양6단지,가양동,1485,49.5,,37800,0,12,11,1992,갱신,26.09~28.09,36000.0,,사용,,
마곡동,202607,아파트_전월세,마곡엠벨리(15단지),마곡동,751,84.86,,27101,0,11,10,2014,갱신,26.08~28.07,25811.0,,,,
가양동,202607,아파트_전월세,가양도시개발9-2단지,가양동,1490,34.44,,3000,110,13,11,1993,신규,26.10~28.10,,,,,
등촌동,202607,아파트_전월세,삼성한사랑1,등촌동,632-4,59.73,,40000,0,4,11,1997,갱신,26.09~28.09,38000.0,,,,
염창동,202607,아파트_전월세,아네스트염창,염창동,310,14.94,,14000,14,7,7,2019,갱신,26.08~28.08,14000.0,12.0,,,
염창동,202607,아파트_전월세,무학,염창동,255,59.38,,51000,0,13,11,1999,갱신,26.09~28.09,49000.0,,,,
염창동,202607,아파트_전월세,등촌제이스카이,염창동,311,39.87,,40000,0,3,4,2021,신규,26.08~28.08,,,,,
가양동,202607,아파트_전월세,가양우성,가양동,14-3,75.48,,20000,170,10,12,1990,신규,26.10~28.10,,,,,
염창동,202607,아파트_전월세,우성2,염창동,287-1,84.7,,55000,0,2,10,1992,신규,26.10~28.10,,,,,
염창동,202607,아파트_전월세,한강동아,염창동,293,84.96,,57500,0,13,11,1998,갱신,26.08~28.05,55000.0,,사용,,
등촌동,202607,아파트_전월세,등촌동아이파크,등촌동,715,134.8836,,85000,0,7,11,2004,갱신,26.07~28.07,80000.0,,,,
화곡동,202607,아파트_전월세,"우장산아이파크,이편한세상",화곡동,1159,59.98,,70000,0,19,4,2008,신규,26.09~28.09,,,,,
가양동,202607,아파트_전월세,강변,가양동,1475,34.44,,18165,0,5,13,1992,갱신,26.07~28.07,17300.0,,사용,,
내발산동,202607,아파트_전월세,마곡수명산파크5단지,내발산동,749,49.97,,3754,28,3,10,2008,갱신,26.08~28.07,3754.0,28.0,,,
마곡동,202607,아파트_전월세,마곡엠밸리8단지,마곡동,741,59.79,,36030,0,3,10,2016,갱신,26.08~28.07,34315.0,,,,
등촌동,202607,아파트_전월세,주공3,등촌동,688,58.14,,38300,0,15,10,1995,갱신,26.09~28.09,36500.0,,사용,,
염창동,202607,아파트_전월세,아네스트염창,염창동,310,14.94,,14000,14,5,10,2019,갱신,26.08~28.08,14000.0,,,,
마곡동,202607,아파트_전월세,마곡엠벨리(14단지),마곡동,750,59.79,,13403,2,7,10,2014,갱신,26.08~28.07,6318.0,42.0,,,
마곡동,202607,아파트_전월세,마곡엠벨리(15단지),마곡동,751,49.87,,5408,37,6,10,2014,갱신,26.08~28.07,5408.0,37.0,,,
마곡동,202607,아파트_전월세,마곡엠벨리(14단지),마곡동,750,84.85,,26038,0,14,10,2014,갱신,26.08~28.07,24799.0,,,,
마곡동,202607,아파트_전월세,마곡엠벨리(14단지),마곡동,750,59.96,,15930,19,11,10,2014,갱신,26.08~28.07,8845.0,58.0,,,
마곡동,202607,아파트_전월세,마곡엠벨리(15단지),마곡동,751,84.95,,27101,0,12,10,2014,갱신,26.08~28.07,27101.0,,,,
방화동,202607,아파트_전월세,개화산경남아너스빌,방화동,887,67.06,,45000,28,5,3,2007,신규,26.08~28.08,,,,,
화곡동,202607,아파트_전월세,성재센트리움,화곡동,918-38,28.39,,17000,30,11,9,2016,신규,26.09~28.09,,,,,
내발산동,202607,아파트_전월세,마곡수명산파크5단지,내발산동,749,49.97,,3754,28,6,10,2008,갱신,26.08~28.07,3754.0,28.0,,,
마곡동,202607,아파트_전월세,마곡엠벨리(14단지),마곡동,750,84.93,,26038,0,14,10,2014,갱신,26.08~28.07,24799.0,,,,
등촌동,202607,아파트_전월세,아임2030등촌역,등촌동,648-5,15.17,,6200,41,13,10,2020,갱신,26.09~28.09,6200.0,39.0,,,
화곡동,202607,아파트_전월세,강서동도센트리움,화곡동,1161,14.677,,130,68,2,2,2012,신규,26.07~26.10,,,,,
마곡동,202607,아파트_전월세,마곡엠벨리(14단지),마곡동,750,59.79,,13200,3,3,10,2014,갱신,26.08~28.07,6318.0,42.0,,,
염창동,202607,아파트_전월세,삼성한마음,염창동,244-2,59.94,,11800,100,11,9,1995,갱신,26.09~28.09,10000.0,100.0,,,
마곡동,202607,아파트_전월세,마곡엠벨리(14단지),마곡동,750,84.86,,26038,0,6,10,2014,갱신,26.08~28.07,24799.0,,,,
마곡동,202607,아파트_전월세,마곡엠벨리(14단지),마곡동,750,59.79,,36030,0,14,10,2014,갱신,26.08~28.07,34315.0,,,,
마곡동,202607,아파트_전월세,마곡엠밸리6단지,마곡동,743,84.47,,43410,0,5,10,2014,갱신,26.08~28.07,41343.0,,,,
마곡동,202607,아파트_전월세,마곡엠밸리6단지,마곡동,743,59.79,,36030,0,10,10,2014,갱신,26.08~28.07,34315.0,,,,
화곡동,202607,아파트_전월세,"우장산아이파크,이편한세상",화곡동,1159,84.97,,40000,180,19,10,2008,신규,26.09~28.09,,,,,
내발산동,202607,아파트_전월세,우장산힐스테이트,내발산동,657,84.98,,63190,0,14,10,2005,갱신,26.07~28.07,60190.0,,사용,,
마곡동,202607,아파트_전월세,마곡엠벨리(15단지),마곡동,751,49.87,,11759,2,10,10,2014,갱신,26.08~28.07,5408.0,37.0,,,
마곡동,202607,아파트_전월세,마곡엠벨리(15단지),마곡동,751,59.79,,22636,0,9,10,2014,갱신,26.08~28.07,21559.0,,,,
마곡동,202607,아파트_전월세,마곡엠벨리(15단지),마곡동,751,84.95,,27101,0,13,10,2014,갱신,26.08~28.07,25811.0,,,,
마곡동,202607,아파트_전월세,마곡엠벨리(15단지),마곡동,751,84.94,,27101,0,6,10,2014,갱신,26.08~28.07,25811.0,,,,
가양동,202607,아파트_전월세,가양2단지(성지),가양동,1461,34.44,,25000,0,3,9,1992,신규,26.08~28.08,,,,,
염창동,202607,아파트_전월세,등촌제이스카이,염창동,311,39.87,,3000,160,5,4,2021,신규,26.07~28.07,,,,,
방화동,202607,아파트_전월세,장미,방화동,841,39.96,,28000,0,2,10,1994,신규,26.09~28.09,,,,,
등촌동,202607,아파트_전월세,부영,등촌동,691-3,80.64,,10000,128,13,3,1994,갱신,26.08~26.11,10000.0,120.0,사용,,
마곡동,202607,아파트_전월세,마곡엠밸리8단지,마곡동,741,84.88,,73000,0,8,9,2016,갱신,26.09~28.09,70000.0,,사용,,
마곡동,202607,아파트_전월세,마곡엠벨리(14단지),마곡동,750,84.93,,26038,0,2,9,2014,갱신,26.08~28.07,24799.0,,,,
등촌동,202607,아파트_전월세,아임2030등촌역,등촌동,648-5,15.17,,10000,25,11,10,2020,신규,26.08~28.08,,,,,
마곡동,202607,아파트_전월세,마곡엠벨리(15단지),마곡동,751,49.87,,11759,2,8,8,2014,갱신,26.08~28.07,5408.0,37.0,,,
마곡동,202607,아파트_전월세,마곡엠벨리(15단지),마곡동,751,59.97,,22636,0,6,9,2014,갱신,26.08~28.07,21559.0,,,,
마곡동,202607,아파트_전월세,마곡엠벨리(15단지),마곡동,751,49.87,,11759,2,5,10,2014,갱신,26.08~28.07,5408.0,37.0,,,
등촌동,202607,아파트_전월세,엘크루발산,등촌동,671-1,15.33,,5800,32,8,7,2022,신규,26.08~28.08,,,,,
등촌동,202607,아파트_전월세,아임2030등촌역,등촌동,648-5,15.17,,11500,21,10,9,2020,신규,26.08~28.08,,,,,
마곡동,202607,아파트_전월세,마곡엠벨리(14단지),마곡동,750,84.93,,26038,0,8,10,2014,갱신,26.08~28.07,24799.0,,,,
마곡동,202607,아파트_전월세,마곡엠벨리(14단지),마곡동,750,84.85,,26038,0,5,9,2014,갱신,26.08~28.07,24799.0,,,,
화곡동,202607,아파트_전월세,대림e편한세상,화곡동,361-1,110.26,,20000,160,15,9,1992,신규,26.08~28.08,,,,,
마곡동,202607,아파트_전월세,마곡엠벨리(15단지),마곡동,751,59.94,,13581,2,6,10,2014,갱신,26.08~28.07,6412.0,42.0,,,
마곡동,202607,아파트_전월세,마곡엠벨리(15단지),마곡동,751,59.79,,22636,0,3,9,2014,갱신,26.08~28.07,21559.0,,,,
마곡동,202607,아파트_전월세,마곡엠벨리(14단지),마곡동,750,49.87,,5355,37,5,9,2014,갱신,26.08~28.07,5355.0,37.0,,,
마곡동,202607,아파트_전월세,마곡엠벨리(14단지),마곡동,750,59.83,,11248,14,5,9,2014,갱신,26.08~28.07,6318.0,42.0,,,
마곡동,202607,아파트_전월세,마곡엠벨리(15단지),마곡동,751,59.79,,22636,0,12,9,2014,갱신,26.08~28.07,21559.0,,,,
마곡동,202607,아파트_전월세,마곡엠벨리(15단지),마곡동,751,59.97,,22636,0,4,9,2014,갱신,26.08~28.07,21559.0,,,,
마곡동,202607,아파트_전월세,마곡엠벨리(14단지),마곡동,750,84.93,,26038,0,13,9,2014,갱신,26.08~28.07,26038.0,,,,
등촌동,202607,아파트_전월세,주공5,등촌동,695,37.67,,25000,25,11,10,1995,갱신,26.07~28.07,25000.0,,,,
화곡동,202607,아파트_전월세,강서힐스테이트,화곡동,1165,84.99,,50000,114,21,10,2015,갱신,26.09~28.09,50000.0,100.0,사용,,
마곡동,202607,아파트_전월세,마곡엠벨리(15단지),마곡동,751,59.84,,22636,0,11,9,2014,갱신,26.08~28.07,21559.0,,,,
마곡동,202607,아파트_전월세,마곡엠벨리(15단지),마곡동,751,59.84,,22636,0,9,9,2014,갱신,26.08~28.07,21559.0,,,,
마곡동,202607,아파트_전월세,마곡엠벨리(14단지),마곡동,750,59.79,,21788,0,14,9,2014,갱신,26.08~28.07,20751.0,,,,
마곡동,202607,아파트_전월세,마곡엠벨리(15단지),마곡동,751,59.84,,22636,0,12,9,2014,갱신,26.08~28.07,21559.0,,,,
등촌동,202607,아파트_전월세,문원Stay,등촌동,720,16.88,,3000,56,12,9,2018,신규,26.07~27.07,,,,,
마곡동,202607,아파트_전월세,마곡엠벨리(14단지),마곡동,750,59.79,,14666,10,7,9,2014,갱신,26.08~28.07,7581.0,50.0,,,
마곡동,202607,아파트_전월세,마곡엠벨리(14단지),마곡동,750,49.87,,9331,15,6,9,2014,갱신,26.08~28.07,5355.0,37.0,,,
마곡동,202607,아파트_전월세,마곡엠벨리(14단지),마곡동,750,84.93,,26038,0,15,10,2014,갱신,26.08~28.07,24799.0,,,,
내발산동,202607,아파트_전월세,마곡수명산파크5단지,내발산동,749,49.83,,8450,1,5,9,2008,갱신,26.08~28.07,3754.0,28.0,,,
마곡동,202607,아파트_전월세,마곡엠벨리(14단지),마곡동,750,59.86,,13403,2,1,9,2014,갱신,26.08~28.07,6318.0,42.0,,,
내발산동,202607,아파트_전월세,마곡수명산파크5단지,내발산동,749,49.97,,6578,12,8,10,2008,갱신,26.08~28.07,3754.0,28.0,,,
내발산동,202607,아파트_전월세,마곡수명산파크5단지,내발산동,749,49.97,,3754,28,2,10,2008,갱신,26.08~28.07,3754.0,28.0,,,
내발산동,202607,아파트_전월세,마곡수명산파크5단지,내발산동,749,49.93,,6367,13,3,10,2008,갱신,26.08~28.07,3754.0,28.0,,,
마곡동,202607,아파트_전월세,마곡엠벨리(14단지),마곡동,750,59.79,,21788,0,3,9,2014,갱신,26.08~28.07,20751.0,,,,
마곡동,202607,아파트_전월세,마곡엠벨리(15단지),마곡동,751,84.5,,27101,0,12,9,2014,갱신,26.08~28.07,25811.0,,,,
내발산동,202607,아파트_전월세,마곡수명산파크3단지,내발산동,751,84.75,,38083,0,12,9,2007,갱신,26.08~28.07,36270.0,,,,
마곡동,202607,아파트_전월세,마곡엠벨리(14단지),마곡동,750,84.74,,26038,0,6,9,2014,갱신,26.08~28.07,24799.0,,,,
내발산동,202607,아파트_전월세,마곡수명산파크5단지,내발산동,749,49.97,,8220,22,7,9,2008,갱신,26.08~28.07,4129.0,30.0,,,
방화동,202607,아파트_전월세,방화5,방화동,814,39.6,,30450,0,3,10,1994,갱신,26.08~28.08,29000.0,,사용,,
마곡동,202607,아파트_전월세,마곡엠벨리(15단지),마곡동,751,49.87,,11759,2,3,9,2014,갱신,26.08~28.07,5408.0,37.0,,,
마곡동,202607,아파트_전월세,마곡엠벨리(15단지),마곡동,751,59.94,,14580,4,7,9,2014,갱신,26.08~28.07,6412.0,42.0,,,
내발산동,202607,아파트_전월세,마곡수명산파크5단지,내발산동,749,49.97,,8054,4,10,9,2008,갱신,26.08~28.07,3754.0,28.0,,,
마곡동,202607,아파트_전월세,마곡엠벨리(14단지),마곡동,750,84.85,,26038,0,9,9,2014,갱신,26.08~28.07,26038.0,,,,
마곡동,202607,아파트_전월세,마곡엠벨리(15단지),마곡동,751,84.69,,27101,0,13,10,2014,갱신,26.08~28.07,25811.0,,,,
마곡동,202607,아파트_전월세,마곡엠벨리(14단지),마곡동,750,114.75,,29972,0,12,8,2014,갱신,26.08~28.07,28545.0,,,,
마곡동,202607,아파트_전월세,마곡엠벨리(14단지),마곡동,750,84.85,,26038,0,13,10,2014,갱신,26.08~28.07,24799.0,,,,
마곡동,202607,아파트_전월세,마곡엠벨리(15단지),마곡동,751,59.97,,23767,0,5,9,2014,갱신,26.08~28.07,23714.0,,,,
내발산동,202607,아파트_전월세,마곡수명산파크5단지,내발산동,749,49.97,,6578,12,11,9,2008,갱신,26.08~28.07,3754.0,28.0,,,
내발산동,202607,아파트_전월세,마곡수명산파크5단지,내발산동,749,49.93,,6719,11,10,9,2008,갱신,26.08~28.07,3754.0,28.0,,,
마곡동,202607,아파트_전월세,마곡엠벨리(14단지),마곡동,750,59.99,,21788,0,7,9,2014,갱신,26.08~28.07,20751.0,,,,
마곡동,202607,아파트_전월세,마곡엠벨리(15단지),마곡동,751,59.79,,22636,0,11,9,2014,갱신,26.08~28.07,21559.0,,,,
마곡동,202607,아파트_전월세,마곡엠벨리(15단지),마곡동,751,59.84,,22636,0,14,10,2014,갱신,26.08~28.07,21559.0,,,,
마곡동,202607,아파트_전월세,마곡엠벨리(15단지),마곡동,751,59.79,,22636,0,11,10,2014,갱신,26.08~28.07,21559.0,,,,
마곡동,202607,아파트_전월세,마곡엠벨리(14단지),마곡동,750,49.87,,11664,2,10,9,2014,갱신,26.08~28.07,5355.0,37.0,,,
가양동,202607,아파트_전월세,강변,가양동,1475,34.44,,21000,45,11,2,1992,신규,26.10~28.10,,,,,
가양동,202607,아파트_전월세,가양6단지,가양동,1485,49.5,,5000,130,10,8,1992,신규,26.10~28.10,,,,,
화곡동,202607,아파트_전월세,우장산역해링턴타워,화곡동,1170,23.68,,5680,40,6,10,2021,갱신,26.08~28.08,5680.0,38.0,,,
마곡동,202607,아파트_전월세,마곡엠벨리(14단지),마곡동,750,84.86,,26038,0,14,9,2014,갱신,26.08~28.07,24799.0,,,,
마곡동,202607,아파트_전월세,마곡엠벨리(15단지),마곡동,751,59.79,,22636,0,5,9,2014,갱신,26.08~28.07,21559.0,,,,
마곡동,202607,아파트_전월세,마곡엠벨리(14단지),마곡동,750,59.79,,21788,0,13,9,2014,갱신,26.08~28.07,21788.0,,,,
마곡동,202607,아파트_전월세,마곡엠벨리(14단지),마곡동,750,84.93,,26038,0,12,9,2014,갱신,26.08~28.07,24799.0,,,,
마곡동,202607,아파트_전월세,마곡엠벨리(14단지),마곡동,750,59.79,,21788,0,13,10,2014,갱신,26.08~28.07,20751.0,,,,
내발산동,202607,아파트_전월세,마곡수명산파크5단지,내발산동,749,49.93,,3754,28,8,10,2008,갱신,26.08~28.07,3754.0,28.0,,,
내발산동,202607,아파트_전월세,마곡수명산파크5단지,내발산동,749,49.97,,8236,3,9,9,2008,갱신,26.08~28.07,3754.0,28.0,,,
마곡동,202607,아파트_전월세,마곡엠벨리(15단지),마곡동,751,59.94,,16145,19,13,9,2014,갱신,26.08~28.07,6412.0,42.0,,,
마곡동,202607,아파트_전월세,마곡엠벨리(14단지),마곡동,750,59.79,,21788,0,15,8,2014,갱신,26.08~28.07,20751.0,,,,
마곡동,202607,아파트_전월세,마곡엠벨리(14단지),마곡동,750,84.93,,26038,0,4,8,2014,갱신,26.08~28.07,26038.0,,,,
내발산동,202607,아파트_전월세,마곡수명산파크5단지,내발산동,749,49.93,,6578,12,9,8,2008,갱신,26.08~28.07,3754.0,28.0,,,
마곡동,202607,아파트_전월세,마곡엠벨리(14단지),마곡동,750,59.83,,13403,2,11,8,2014,갱신,26.08~28.07,7581.0,50.0,,,
마곡동,202607,아파트_전월세,마곡엠벨리(14단지),마곡동,750,59.79,,21788,0,10,8,2014,갱신,26.08~28.07,21788.0,,,,
내발산동,202607,아파트_전월세,마곡수명산파크3단지,내발산동,751,84.53,,38083,0,3,9,2007,갱신,26.08~28.07,38083.0,,,,
마곡동,202607,아파트_전월세,마곡엠벨리(15단지),마곡동,751,49.87,,7460,26,4,8,2014,갱신,26.08~28.07,5408.0,37.0,,,
마곡동,202607,아파트_전월세,마곡엠벨리(14단지),마곡동,750,49.87,,9141,16,6,7,2014,갱신,26.08~28.07,5355.0,37.0,,,
마곡동,202607,아파트_전월세,마곡엠벨리(14단지),마곡동,750,84.93,,26038,0,8,9,2014,갱신,26.08~28.07,24799.0,,,,
마곡동,202607,아파트_전월세,마곡엠벨리(15단지),마곡동,751,59.84,,22636,0,6,9,2014,갱신,26.08~28.07,21559.0,,,,
화곡동,202607,아파트_전월세,화곡동복지,화곡동,354-54,53.94,,13000,32,3,9,1974,신규,26.09~28.09,,,,,
등촌동,202607,아파트_전월세,주공5,등촌동,695,37.67,,22000,0,8,8,1995,갱신,26.07~27.09,21000.0,,사용,,
방화동,202607,아파트_전월세,방화5,방화동,814,33.18,,23100,0,2,9,1994,갱신,26.08~28.08,22000.0,,사용,,
마곡동,202607,아파트_전월세,마곡엠벨리(15단지),마곡동,751,49.87,,5408,37,1,8,2014,갱신,26.08~28.07,5408.0,37.0,,,
가양동,202607,아파트_전월세,가양6단지,가양동,1485,49.5,,39000,0,14,9,1992,신규,26.09~28.09,,,,,
마곡동,202607,아파트_전월세,마곡엠벨리(15단지),마곡동,751,49.87,,12076,37,7,9,2014,갱신,26.08~28.07,12076.0,,,,
마곡동,202607,아파트_전월세,마곡엠벨리(15단지),마곡동,751,59.79,,22636,0,14,9,2014,갱신,26.08~28.07,21559.0,,,,
가양동,202607,아파트_전월세,강변,가양동,1475,34.44,,1000,60,5,1,1992,갱신,26.07~28.06,1000.0,58.0,,,
마곡동,202607,아파트_전월세,마곡엠밸리11단지,마곡동,746,59.99,,35161,0,4,9,2016,갱신,26.08~28.07,33487.0,,,,
내발산동,202607,아파트_전월세,마곡수명산파크5단지,내발산동,749,49.97,,3754,28,6,9,2008,갱신,26.08~28.07,3754.0,28.0,,,
화곡동,202607,아파트_전월세,청우(391-2),화곡동,391-2,51.96,,5000,70,4,3,2007,신규,26.08~28.08,,,,,
내발산동,202607,아파트_전월세,태승훼미리2,내발산동,685,84.83,,53550,0,4,4,2004,갱신,26.09~28.09,51000.0,,사용,,
내발산동,202607,아파트_전월세,우장산힐스테이트,내발산동,657,84.98,,80000,0,17,8,2005,갱신,26.08~28.08,70000.0,,,,
마곡동,202607,아파트_전월세,마곡엠벨리(14단지),마곡동,750,84.85,,26038,0,10,8,2014,갱신,26.08~28.07,27278.0,,,,
마곡동,202607,아파트_전월세,마곡엠벨리(14단지),마곡동,750,59.94,,21788,0,10,8,2014,갱신,26.08~28.07,20751.0,,,,
마곡동,202607,아파트_전월세,마곡엠벨리(15단지),마곡동,751,59.84,,22636,0,16,8,2014,갱신,26.08~28.07,21559.0,,,,
마곡동,202607,아파트_전월세,마곡엠벨리(15단지),마곡동,751,59.84,,22636,0,15,8,2014,갱신,26.08~28.07,21559.0,,,,
화곡동,202607,아파트_전월세,팔라이스타워,화곡동,919-2,12.6,,1000,60,11,9,2012,신규,26.07~28.07,,,,,
마곡동,202607,아파트_전월세,마곡엠벨리(15단지),마곡동,751,59.79,,22636,0,6,8,2014,갱신,26.08~28.07,21559.0,,,,
마곡동,202607,아파트_전월세,마곡엠벨리(14단지),마곡동,750,84.93,,26038,0,16,8,2014,갱신,26.08~28.07,24799.0,,,,
마곡동,202607,아파트_전월세,마곡엠벨리(15단지),마곡동,751,59.94,,8650,30,8,8,2014,갱신,26.08~28.07,6412.0,42.0,,,
내발산동,202607,아파트_전월세,마곡수명산파크5단지,내발산동,749,49.97,,6576,12,8,8,2008,갱신,26.08~28.07,5255.0,39.0,,,
마곡동,202607,아파트_전월세,마곡엠벨리(14단지),마곡동,750,59.79,,16283,17,9,8,2014,갱신,26.08~28.07,6318.0,42.0,,,
마곡동,202607,아파트_전월세,마곡엠벨리(15단지),마곡동,751,84.88,,27101,0,9,8,2014,갱신,26.08~28.07,25811.0,,,,
마곡동,202607,아파트_전월세,마곡엠벨리(15단지),마곡동,751,59.94,,6412,42,15,8,2014,갱신,26.08~28.07,6412.0,42.0,,,
마곡동,202607,아파트_전월세,마곡엠벨리(14단지),마곡동,750,49.87,,11664,2,2,8,2014,갱신,26.08~28.07,5355.0,37.0,,,
마곡동,202607,아파트_전월세,마곡엠벨리(14단지),마곡동,750,59.96,,13616,1,6,8,2014,갱신,26.08~28.07,6318.0,42.0,,,
마곡동,202607,아파트_전월세,마곡엠벨리(15단지),마곡동,751,59.97,,22636,0,5,8,2014,갱신,26.08~28.07,21559.0,,,,
마곡동,202607,아파트_전월세,마곡엠벨리(15단지),마곡동,751,59.84,,22636,0,14,8,2014,갱신,26.08~28.07,21559.0,,,,
마곡동,202607,아파트_전월세,마곡엠벨리(15단지),마곡동,751,59.79,,22636,0,13,8,2014,갱신,26.08~28.07,21559.0,,,,
마곡동,202607,아파트_전월세,마곡엠벨리(15단지),마곡동,751,84.86,,27101,0,9,8,2014,갱신,26.08~28.07,25811.0,,,,
마곡동,202607,아파트_전월세,마곡엠벨리(14단지),마곡동,750,59.79,,21788,0,11,8,2014,갱신,26.08~28.07,20751.0,,,,
마곡동,202607,아파트_전월세,마곡엠벨리(14단지),마곡동,750,84.85,,26038,0,7,8,2014,갱신,26.08~28.07,24799.0,,,,
마곡동,202607,아파트_전월세,마곡엠벨리(15단지),마곡동,751,59.84,,22636,0,8,8,2014,갱신,26.08~28.07,21559.0,,,,
마곡동,202607,아파트_전월세,마곡엠벨리(14단지),마곡동,750,49.87,,5355,37,6,8,2014,갱신,26.08~28.07,5355.0,37.0,,,
마곡동,202607,아파트_전월세,마곡엠벨리(15단지),마곡동,751,59.94,,6412,42,2,8,2014,갱신,26.08~28.07,6412.0,42.0,,,
마곡동,202607,아파트_전월세,마곡엠벨리(14단지),마곡동,750,84.39,,26038,0,7,8,2014,갱신,26.08~28.07,24799.0,,,,
마곡동,202607,아파트_전월세,마곡엠벨리(15단지),마곡동,751,59.79,,22636,0,10,8,2014,갱신,26.08~28.07,21559.0,,,,
마곡동,202607,아파트_전월세,마곡엠벨리(14단지),마곡동,750,59.79,,21788,0,13,8,2014,갱신,26.08~28.07,20751.0,,,,
마곡동,202607,아파트_전월세,마곡엠벨리(14단지),마곡동,750,49.87,,5355,37,8,8,2014,갱신,26.08~28.07,5355.0,37.0,,,
내발산동,202607,아파트_전월세,마곡수명산파크5단지,내발산동,749,49.97,,9445,6,7,8,2008,갱신,26.08~28.07,5255.0,39.0,,,
마곡동,202607,아파트_전월세,마곡엠벨리(15단지),마곡동,751,59.97,,22636,0,15,8,2014,갱신,26.08~28.07,21559.0,,,,
내발산동,202607,아파트_전월세,마곡수명산파크5단지,내발산동,749,49.93,,6719,11,12,8,2008,갱신,26.08~28.07,3754.0,28.0,,,
마곡동,202607,아파트_전월세,마곡엠밸리6단지,마곡동,743,84.88,,43410,0,1,8,2014,갱신,26.08~28.07,41343.0,,,,
마곡동,202607,아파트_전월세,마곡엠벨리(14단지),마곡동,750,59.99,,21788,0,4,8,2014,갱신,26.08~28.07,20751.0,,,,
마곡동,202607,아파트_전월세,마곡엠벨리(14단지),마곡동,750,59.79,,21788,0,5,8,2014,갱신,26.08~28.07,20751.0,,,,
마곡동,202607,아파트_전월세,마곡엠벨리(15단지),마곡동,751,59.84,,22636,0,11,8,2014,갱신,26.08~28.07,21559.0,,,,
가양동,202607,아파트_전월세,강서한강월드메르디앙,가양동,1462,84.98,,57500,0,6,8,2006,갱신,26.08~28.08,55000.0,,사용,,
마곡동,202607,아파트_전월세,마곡엠벨리(14단지),마곡동,750,49.87,,9331,15,7,8,2014,갱신,26.08~28.07,5355.0,37.0,,,
마곡동,202607,아파트_전월세,마곡엠벨리(14단지),마곡동,750,84.74,,26038,0,7,8,2014,갱신,26.08~28.07,26038.0,,,,
마곡동,202607,아파트_전월세,마곡엠벨리(15단지),마곡동,751,59.94,,13581,2,16,8,2014,갱신,26.08~28.07,6412.0,42.0,,,
가양동,202607,아파트_전월세,강변,가양동,1475,49.5,,3000,95,9,9,1992,갱신,26.07~28.07,3000.0,80.0,,,
마곡동,202607,아파트_전월세,마곡엠벨리(15단지),마곡동,751,59.84,,22636,0,4,8,2014,갱신,26.08~28.07,21559.0,,,,
마곡동,202607,아파트_전월세,마곡엠밸리2단지,마곡동,735,114.84,,97000,0,3,8,2014,신규,26.10~28.10,,,,,
마곡동,202607,아파트_전월세,마곡엠벨리(15단지),마곡동,751,59.84,,22636,0,9,8,2014,갱신,26.08~28.07,21559.0,,,,
마곡동,202607,아파트_전월세,마곡엠벨리(14단지),마곡동,750,59.79,,21788,0,7,8,2014,갱신,26.08~28.07,20751.0,,,,
마곡동,202607,아파트_전월세,마곡엠벨리(14단지),마곡동,750,59.79,,21788,0,8,8,2014,갱신,26.08~28.07,24901.0,,,,
내발산동,202607,아파트_전월세,마곡수명산파크5단지,내발산동,749,49.93,,4129,30,4,8,2008,갱신,26.08~28.07,3754.0,28.0,,,
내발산동,202607,아파트_전월세,마곡수명산파크3단지,내발산동,751,84.96,,34294,0,10,8,2007,갱신,26.08~28.07,32661.0,,,,
마곡동,202607,아파트_전월세,마곡엠벨리(14단지),마곡동,750,84.86,,26038,0,10,8,2014,갱신,26.08~28.07,24799.0,,,,
마곡동,202607,아파트_전월세,마곡엠벨리(15단지),마곡동,751,59.97,,22636,0,3,8,2014,갱신,26.08~28.07,21559.0,,,,
마곡동,202607,아파트_전월세,마곡엠벨리(14단지),마곡동,750,59.96,,10781,17,4,8,2014,갱신,26.08~28.07,6318.0,42.0,,,
마곡동,202607,아파트_전월세,마곡엠벨리(15단지),마곡동,751,84.69,,27101,0,13,8,2014,갱신,26.08~28.07,25811.0,,,,
마곡동,202607,아파트_전월세,마곡엠벨리(15단지),마곡동,751,59.84,,22636,0,12,8,2014,갱신,26.08~28.07,21559.0,,,,
마곡동,202607,아파트_전월세,마곡엠벨리(15단지),마곡동,751,59.84,,22636,0,3,8,2014,갱신,26.08~28.07,21559.0,,,,
마곡동,202607,아파트_전월세,마곡엠벨리(15단지),마곡동,751,49.87,,11759,2,5,8,2014,갱신,26.08~28.07,5408.0,37.0,,,
마곡동,202607,아파트_전월세,마곡엠벨리(14단지),마곡동,750,84.86,,26038,0,15,8,2014,갱신,26.08~28.07,24799.0,,,,
마곡동,202607,아파트_전월세,마곡금호어울림,마곡동,717,84.948,,10000,170,12,8,2005,신규,26.08~28.08,,,,,
마곡동,202607,아파트_전월세,마곡엠밸리12단지,마곡동,746-1,59.79,,2716,44,4,9,2016,갱신,26.08~28.07,6340.0,37.0,,,
마곡동,202607,아파트_전월세,마곡엠밸리7단지,마곡동,743-4,84.79,,43410,0,8,9,2014,갱신,26.08~28.07,41343.0,,,,
마곡동,202607,아파트_전월세,마곡엠벨리(15단지),마곡동,751,49.87,,11759,2,6,8,2014,갱신,26.08~28.07,5408.0,37.0,,,
마곡동,202607,아파트_전월세,마곡엠벨리(15단지),마곡동,751,59.84,,22636,0,10,8,2014,갱신,26.08~28.07,21559.0,,,,
마곡동,202607,아파트_전월세,마곡엠벨리(14단지),마곡동,750,84.93,,26038,0,9,8,2014,갱신,26.08~28.07,26038.0,,,,
내발산동,202607,아파트_전월세,마곡수명산파크3단지,내발산동,751,84.96,,38083,0,5,8,2007,갱신,26.08~28.07,36270.0,,,,
가양동,202607,아파트_전월세,강서한강자이,가양동,1500,84.9903,,41632,0,3,8,2013,갱신,26.08~28.07,39650.0,,,,
염창동,202607,아파트_전월세,동아3,염창동,258-1,84.87,,65000,0,20,3,1999,갱신,26.08~28.08,62000.0,,사용,,
방화동,202607,아파트_전월세,마곡중앙하이츠아파트,방화동,852,39.58,,14800,40,14,9,1994,갱신,26.07~28.07,14800.0,20.0,,,
염창동,202607,아파트_전월세,e편한세상염창,염창동,309,51.756,,13350,38,16,8,2019,갱신,26.08~28.07,10307.0,39.0,,,
공항동,202607,아파트_전월세,공항동부센트레빌,공항동,1374,59.96,,35000,40,11,4,2009,신규,26.10~28.10,,,,,
내발산동,202607,아파트_전월세,마곡수명산파크5단지,내발산동,749,49.93,,3754,28,6,9,2008,갱신,26.08~28.07,3754.0,28.0,,,
방화동,202607,아파트_전월세,신마곡벽산블루밍,방화동,904,49.7391,,18834,27,7,9,2020,갱신,26.08~28.07,15840.0,44.0,,,
방화동,202607,아파트_전월세,방화그린,방화동,839,33.18,,27000,0,11,8,1993,신규,26.08~28.08,,,,,
내발산동,202607,아파트_전월세,마곡수명산파크5단지,내발산동,749,49.97,,3754,28,5,8,2008,갱신,26.08~28.07,3754.0,28.0,,,
방화동,202607,아파트_전월세,방화그린,방화동,839,33.6,,21000,0,10,4,1993,신규,26.09~28.09,,,,,
등촌동,202607,아파트_전월세,주공3,등촌동,688,37.67,,24250,0,10,8,1995,갱신,26.07~28.07,23100.0,,,,
마곡동,202607,아파트_전월세,마곡엠벨리(15단지),마곡동,751,84.5,,27101,0,7,8,2014,갱신,26.08~28.07,25811.0,,,,
내발산동,202607,아파트_전월세,마곡수명산파크5단지,내발산동,749,49.97,,3754,28,6,8,2008,갱신,26.08~28.07,3754.0,28.0,,,
마곡동,202607,아파트_전월세,마곡엠밸리6단지,마곡동,743,84.88,,43410,0,8,8,2014,갱신,26.08~28.07,41343.0,,,,
방화동,202607,아파트_전월세,월드메르디앙101동,방화동,878,84.93,,57000,0,7,3,2004,신규,26.08~28.08,,,,,
마곡동,202607,아파트_전월세,마곡엠밸리5단지,마곡동,740,84.95,,43410,0,10,8,2014,갱신,26.08~28.07,41343.0,,,,
등촌동,202607,아파트_전월세,마곡루나플라체,등촌동,725,22.05,,24000,0,4,7,2021,신규,26.08~28.08,,,,,
방화동,202607,아파트_전월세,신마곡벽산블루밍,방화동,904,49.9788,,17208,25,8,8,2020,갱신,26.08~28.07,12160.0,46.0,,,
마곡동,202607,아파트_전월세,마곡엠벨리(15단지),마곡동,751,59.79,,22636,0,5,8,2014,갱신,26.08~28.07,21559.0,,,,
등촌동,202607,아파트_전월세,주공3,등촌동,688,58.14,,35000,0,2,3,1995,갱신,26.10~28.10,35000.0,,사용,,
마곡동,202607,아파트_전월세,마곡엠벨리(14단지),마곡동,750,59.79,,21788,0,16,8,2014,갱신,26.08~28.07,20751.0,,,,
마곡동,202607,아파트_전월세,마곡엠벨리(14단지),마곡동,750,84.93,,26038,0,11,7,2014,갱신,26.08~28.07,24799.0,,,,
마곡동,202607,아파트_전월세,마곡엠벨리(14단지),마곡동,750,49.87,,13051,7,9,8,2014,갱신,26.08~28.07,6426.0,44.0,,,
가양동,202607,아파트_전월세,강변,가양동,1475,34.44,,25000,0,3,7,1992,갱신,26.07~28.07,25000.0,,사용,,
마곡동,202607,아파트_전월세,마곡엠벨리(15단지),마곡동,751,84.88,,28456,0,15,8,2014,갱신,26.08~28.07,27101.0,,,,
마곡동,202607,아파트_전월세,마곡엠벨리(15단지),마곡동,751,49.87,,8899,31,7,8,2014,갱신,26.08~28.07,6489.0,45.0,,,
마곡동,202607,아파트_전월세,마곡엠벨리(15단지),마곡동,751,59.94,,16145,19,6,8,2014,갱신,26.08~28.07,8976.0,59.0,,,
마곡동,202607,아파트_전월세,마곡엠벨리(14단지),마곡동,750,59.83,,13403,2,14,7,2014,갱신,26.08~28.07,6949.0,46.0,,,
마곡동,202607,아파트_전월세,마곡엠벨리(14단지),마곡동,750,84.93,,26038,0,16,7,2014,갱신,26.08~28.07,24799.0,,,,
내발산동,202607,아파트_전월세,마곡수명산파크5단지,내발산동,749,49.93,,4671,27,7,8,2008,갱신,26.08~28.07,4129.0,30.0,,,
등촌동,202607,아파트_전월세,"등촌7,8단지주공아파트",등촌동,707,41.85,,25000,0,3,8,1994,신규,26.08~28.08,,,,,
마곡동,202607,아파트_전월세,마곡엠벨리(15단지),마곡동,751,59.94,,6412,42,11,8,2014,갱신,26.08~28.07,6412.0,42.0,,,
마곡동,202607,아파트_전월세,마곡엠벨리(15단지),마곡동,751,59.94,,2747,50,1,8,2014,갱신,26.08~28.07,6412.0,42.0,,,
마곡동,202607,아파트_전월세,마곡엠벨리(15단지),마곡동,751,59.79,,22636,0,14,8,2014,갱신,26.08~28.07,21559.0,,,,
마곡동,202607,아파트_전월세,마곡엠벨리(15단지),마곡동,751,49.87,,5408,37,3,8,2014,갱신,26.08~28.07,5408.0,37.0,,,
마곡동,202607,아파트_전월세,마곡엠벨리(14단지),마곡동,750,84.93,,26038,0,3,7,2014,갱신,26.08~28.07,24799.0,,,,
등촌동,202607,아파트_전월세,등촌라인(조합),등촌동,628-15,84.78,,60000,0,5,6,1997,갱신,26.07~28.07,50000.0,,,,
내발산동,202607,아파트_전월세,마곡수명산파크5단지,내발산동,749,49.93,,4934,21,3,8,2008,갱신,26.08~28.07,3754.0,28.0,,,
마곡동,202607,아파트_전월세,마곡엠밸리5단지,마곡동,740,49.77,,2311,43,3,8,2014,갱신,26.08~28.07,5395.0,37.0,,,
마곡동,202607,아파트_전월세,마곡엠벨리(14단지),마곡동,750,84.93,,26038,0,14,7,2014,갱신,26.08~28.07,24799.0,,,,
마곡동,202607,아파트_전월세,마곡엠밸리10단지,마곡동,747,59.87,,36030,0,2,8,2016,갱신,26.08~28.07,34315.0,,,,
화곡동,202607,아파트_전월세,리치아파트103동,화곡동,924-22,22.55,,20000,13,8,8,2020,신규,26.08~28.08,,,,,
화곡동,202607,아파트_전월세,청담라인씨티,화곡동,920-17,28.8,,16800,11,12,8,2018,갱신,26.08~28.08,16800.0,7.0,,,
내발산동,202607,아파트_전월세,마곡수명산파크1단지,내발산동,742,39.8,,2359,21,8,8,2007,갱신,26.08~28.07,2359.0,21.0,,,
마곡동,202607,아파트_전월세,마곡엠벨리(14단지),마곡동,750,49.87,,5355,37,5,7,2014,갱신,26.08~28.07,5355.0,37.0,,,
내발산동,202607,아파트_전월세,마곡수명산파크5단지,내발산동,749,59.84,,60000,0,4,7,2008,신규,26.09~28.09,,,,,
마곡동,202607,아파트_전월세,마곡엠벨리(14단지),마곡동,750,59.79,,21788,0,15,7,2014,갱신,26.08~28.07,20751.0,,,,
마곡동,202607,아파트_전월세,마곡엠벨리(14단지),마곡동,750,59.79,,21788,0,8,7,2014,갱신,26.08~28.07,20751.0,,,,
내발산동,202607,아파트_전월세,마곡수명산파크3단지,내발산동,751,84.53,,38083,0,12,7,2007,갱신,26.08~28.07,36270.0,,,,
등촌동,202607,아파트_전월세,동성,등촌동,691-1,150.05,,67750,0,1,3,1995,갱신,26.08~28.08,57750.0,,,,
마곡동,202607,아파트_전월세,마곡엠밸리3단지,마곡동,736,49.77,,10202,17,2,8,2014,갱신,26.08~28.07,6151.0,40.0,,,
마곡동,202607,오피스텔_매매,갤럭시인텔리젼스,마곡동,793-2,18.84,11900,,,8,30,2015,,,,,,중개거래,
방화동,202607,오피스텔_매매,하이포트,방화동,830-2,29.8,8000,,,5,21,1999,,,,,,중개거래,
공항동,202607,오피스텔_매매,대룡드림타워-Ⅱ,공항동,45-19,27.34,8700,,,8,31,2005,,,,,,중개거래,
마곡동,202607,오피스텔_매매,마곡 파크뷰 대방디엠시티 오피스텔,마곡동,776,21.2509,15950,,,7,27,2019,,,,,,중개거래,
마곡동,202607,오피스텔_매매,마곡대명투웨니퍼스트,마곡동,784-6,17.96,8640,,,2,10,2015,,,,,,직거래,
방화동,202607,오피스텔_매매,(620-214),방화동,620-214,27.37,9400,,,3,15,2011,,,,,,중개거래,
가양동,202607,오피스텔_매매,이스타빌1차,가양동,1480-5,30.24,12500,,,11,30,2002,,,,,,직거래,
방화동,202607,오피스텔_매매,에어뷰21-1오피스텔,방화동,829-5,26.86,7800,,,10,30,1999,,,,,,중개거래,
화곡동,202607,오피스텔_매매,대흥오피스텔,화곡동,24-53,32.31,7500,,,4,29,1997,,,,,,직거래,
마곡동,202607,오피스텔_매매,마곡나루역보타닉푸르지오시티,마곡동,760,22.2,16400,,,6,18,2017,,,,,,중개거래,
등촌동,202607,오피스텔_매매,등촌동두산위브센티움,등촌동,631,28.45,16000,,,3,25,2004,,,,,,중개거래,
마곡동,202607,오피스텔_매매,갤럭시인텔리젼스,마곡동,793-2,19.48,13000,,,3,28,2015,,,,,,중개거래,
마곡동,202607,오피스텔_매매,마곡나루역캐슬파크,마곡동,760-2,23.39,22800,,,8,28,2016,,,,,,중개거래,
마곡동,202607,오피스텔_매매,마곡럭스나인오피스텔 엘동,마곡동,758-1,21.87,15000,,,12,27,2017,,,,,,직거래,
방화동,202607,오피스텔_매매,방화샤르망2오피스텔,방화동,830-5,17.636,5200,,,8,24,2003,,,,,,중개거래,
화곡동,202607,오피스텔_매매,연우넥스트뷰,화곡동,1107-3,17.32,13000,,,12,25,2018,,,,,,중개거래,
가양동,202607,오피스텔_매매,휴먼빌,가양동,1479-9,25.64,10500,,,12,24,2004,,,,,,중개거래,
마곡동,202607,오피스텔_매매,마곡 헤리움1차,마곡동,739-4,29.14,17500,,,11,25,2015,,,,,,중개거래,
마곡동,202607,오피스텔_매매,마곡 파크뷰 대방디엠시티 오피스텔,마곡동,776,26.6842,21900,,,10,24,2019,,,,,,중개거래,
방화동,202607,오피스텔_매매,(620-214),방화동,620-214,27.37,10400,,,13,1,2011,,,,,,중개거래,
등촌동,202607,오피스텔_매매,경동미르웰양천향교2차,등촌동,685,29.68,26500,,,11,23,2020,,,,,,중개거래,
가양동,202607,오피스텔_매매,미씨엘로오피스텔,가양동,1480-4,24.48,12300,,,2,10,2010,,,,,,중개거래,
등촌동,202607,오피스텔_매매,비원오피스텔,등촌동,648-6,36.99,15800,,,6,18,2004,,,,,,중개거래,
마곡동,202607,오피스텔_매매,마곡센트럴대방디엠시티오피스텔,마곡동,776-2,24.0212,17300,,,12,4,2017,,,,,,중개거래,
등촌동,202607,오피스텔_매매,효성인텔리안,등촌동,681-3,64.75,39750,,,6,22,2005,,,,,,중개거래,
화곡동,202607,오피스텔_매매,경동엠파이어스테이트,화곡동,1111-3,18.605,9200,,,19,15,2012,,,,,,직거래,
가양동,202607,오피스텔_매매,동양 트레벨 스카이 오피스텔,가양동,1479-8,24.36,9600,,,6,21,2003,,,,,,중개거래,
마곡동,202607,오피스텔_매매,마곡 헤리움1차,마곡동,739-4,29.14,17500,,,11,20,2015,,,,,,중개거래,
염창동,202607,오피스텔_매매,한강 브루클린 하이츠,염창동,260,37.74,67800,,,8,19,2023,,,,,,중개거래,
마곡동,202607,오피스텔_매매,마곡 헤리움1차,마곡동,739-4,24.07,13600,,,6,20,2015,,,,,,중개거래,
마곡동,202607,오피스텔_매매,마곡오드카운티1차,마곡동,784-11,16.5694,10800,,,9,15,2016,,,,,,중개거래,
방화동,202607,오피스텔_매매,제이엘카운티,방화동,612-71,59.98,27850,,,3,17,2015,,,,,,중개거래,
마곡동,202607,오피스텔_매매,마곡나루역보타닉푸르지오시티,마곡동,760,22.2,16450,,,13,9,2017,,,,,,중개거래,
방화동,202607,오피스텔_매매,에어뷰21-1오피스텔,방화동,829-5,26.86,7800,,,7,16,1999,,,,,,중개거래,
등촌동,202607,오피스텔_매매,우림보보카운티뷰,등촌동,649-14,25.17,12600,,,14,16,2004,,,,,,중개거래,
등촌동,202607,오피스텔_매매,등촌동 Y HAUS 오피스텔,등촌동,633-24,28.61,24700,,,12,16,2020,,,,,,중개거래,
등촌동,202607,오피스텔_매매,강변샤르망1단지,등촌동,628-16,63.16,43700,,,2,11,2005,,,,,,중개거래,
등촌동,202607,오피스텔_매매,등촌동노블리움오피스텔,등촌동,628,45.2,22000,,,6,13,2005,,,,,,중개거래,
마곡동,202607,오피스텔_매매,마곡나루역캐슬파크,마곡동,760-2,30.04,30500,,,9,11,2016,,,,,,중개거래,
방화동,202607,오피스텔_매매,에어뷰21-1오피스텔,방화동,829-5,26.86,7850,,,10,6,1999,,,,,,중개거래,
마곡동,202607,오피스텔_매매,미르웰플러스오피스텔,마곡동,784-4,19.46,12500,,,8,8,2015,,,,,,중개거래,
마곡동,202607,오피스텔_매매,마곡 헤리움1차,마곡동,739-4,24.07,13600,,,11,9,2015,,,,,,중개거래,
마곡동,202607,오피스텔_매매,마곡사이언스파크뷰,마곡동,795-5,25.16,12000,,,8,9,2016,,,,,,중개거래,
마곡동,202607,오피스텔_매매,마곡경동미르웰,마곡동,784,17.96,12000,,,4,8,2015,,,,,,중개거래,
마곡동,202607,오피스텔_매매,마곡나루역보타닉푸르지오시티,마곡동,760,22.2,17500,,,14,8,2017,,,,,,중개거래,
화곡동,202607,오피스텔_매매,강서크라운팰리스,화곡동,998-5,39.55,27000,,,12,7,2019,,,,,,직거래,
염창동,202607,오피스텔_매매,염창역한강투웨니퍼스트,염창동,261,29.98,25760,,,5,1,2022,,,,,,직거래,
마곡동,202607,오피스텔_매매,마곡시티오피스텔,마곡동,758,22.51,16000,,,9,4,2016,,,,,,중개거래,
방화동,202607,오피스텔_매매,벤처오피스텔,방화동,620-52,26.4,7500,,,8,3,2002,,,,,,중개거래,
등촌동,202607,오피스텔_매매,등촌동두산위브센티움,등촌동,631,43.11,27400,,,7,2,2004,,,,,,중개거래,
방화동,202607,오피스텔_매매,벽산에어트리움,방화동,849,21.28,7000,,,10,2,2003,,,,,,직거래,
마곡동,202607,오피스텔_매매,마곡센트럴대방디엠시티오피스텔,마곡동,776-2,24.0212,16400,,,12,1,2017,,,,,,중개거래,
화곡동,202607,오피스텔_매매,경동엠파이어시티 101동,화곡동,1051-1,15.63,10000,,,7,1,2013,,,,,,중개거래,
등촌동,202607,연립다세대_매매,로얄맨션(나),등촌동,365-23,45.05,23500,,,3,28,2003,,,,,,직거래,
등촌동,202607,연립다세대_매매,미가채,등촌동,365-213,74.39,44000,,,1,26,2018,,,,,,직거래,
등촌동,202607,연립다세대_매매,거산빌리지(530-3),등촌동,530-3,17.85,15000,,,6,22,2013,,,,,,직거래,
등촌동,202607,연립다세대_매매,신구아트빌라,등촌동,365-25,36.78,20000,,,-1,23,1990,,,,,,직거래,
내발산동,202607,연립다세대_매매,한울뜨란채,내발산동,671-21,46.98,37800,,,6,30,2012,,,,,,중개거래,
화곡동,202607,연립다세대_매매,그레니어까치산에이,화곡동,408-13,24.95,22000,,,6,21,2023,,,,,,직거래,
방화동,202607,연립다세대_매매,해강프리미아,방화동,360,61.38,46000,,,3,25,2022,,,,,,중개거래,
화곡동,202607,연립다세대_매매,올림푸스,화곡동,797-23,48.57,26800,,,3,22,2010,,,,,,중개거래,
등촌동,202607,연립다세대_매매,이호빌(533-14),등촌동,533-14,29.99,13300,,,3,28,2013,,,,,,직거래,
화곡동,202607,연립다세대_매매,삼성홈타운,화곡동,50-53,36.63,10500,,,1,18,2001,,,,,,중개거래,
화곡동,202607,연립다세대_매매,해성팰리스빌6차,화곡동,61-44,53.19,21500,,,2,21,2002,,,,,,중개거래,
화곡동,202607,연립다세대_매매,영진빌라5차A동,화곡동,105-30,64.3,30700,,,1,25,2000,,,,,,중개거래,
화곡동,202607,연립다세대_매매,대림빌라,화곡동,99-15,67.96,29600,,,4,17,1998,,,,,,중개거래,
화곡동,202607,연립다세대_매매,성운빌라(56-348),화곡동,56-348,61.38,13500,,,-1,13,2001,,,,,,중개거래,
등촌동,202607,연립다세대_매매,멤버스빌A동,등촌동,574-9,29.37,23000,,,2,20,2016,,,,,,중개거래,
화곡동,202607,연립다세대_매매,예건스위트빌,화곡동,351-10,63.38,21900,,,1,17,2001,,,,,,중개거래,
등촌동,202607,연립다세대_매매,등촌센트라노,등촌동,643-90,29.97,49100,,,3,10,2024,,,,,,직거래,
화곡동,202607,연립다세대_매매,코리아빌하우스,화곡동,818-10,62.02,25000,,,2,15,2002,,,,,,중개거래,
공항동,202607,연립다세대_매매,공간하우스(41-7),공항동,41-7,38.545,16500,,,5,30,2007,,,,,,중개거래,
화곡동,202607,연립다세대_매매,블루힐B동,화곡동,796-8,40.9,43000,,,5,22,2007,,,,,,중개거래,
화곡동,202607,연립다세대_매매,클래식뷰A동,화곡동,55-72,61.87,21000,,,4,25,2002,,,,,,중개거래,
내발산동,202607,연립다세대_매매,"청솔펠리체101동,102동,103동,105동",내발산동,695-5,33.95,18000,,,3,27,2016,,,,,,직거래,
화곡동,202607,연립다세대_매매,삼호하이츠빌라,화곡동,805-9,83.57,35000,,,3,30,1997,,,,,,중개거래,
마곡동,202607,연립다세대_매매,동원라테라스,마곡동,1393,30.93,25900,,,7,29,2017,,,,,,중개거래,
화곡동,202607,연립다세대_매매,화종빌라,화곡동,396-23,64.06,22500,,,1,28,1997,,,,,,중개거래,
공항동,202607,연립다세대_매매,마곡리치빌,공항동,19-40,29.86,26000,,,4,31,2019,,,,,,중개거래,
화곡동,202607,연립다세대_매매,제이스빌(969-5),화곡동,969-5,25.1,23732,,,3,8,2022,,,,,,직거래,
방화동,202607,연립다세대_매매,예담쉐르빌3차,방화동,134-12,44.23,18600,,,4,31,2010,,,,,,중개거래,
방화동,202607,연립다세대_매매,미주B,방화동,609-129,43.56,25000,,,2,30,2001,,,,,,직거래,
화곡동,202607,연립다세대_매매,삼성탑스빌,화곡동,869-23,32.64,11000,,,5,20,2011,,,,,,중개거래,
화곡동,202607,연립다세대_매매,시그니엘,화곡동,359-27,29.74,27000,,,4,20,2021,,,,,,중개거래,
화곡동,202607,연립다세대_매매,해비치빌,화곡동,155-32,50.97,24700,,,4,10,2011,,,,,,중개거래,
화곡동,202607,연립다세대_매매,한빛위너스빌(966-20),화곡동,966-20,50.85,29500,,,3,30,2008,,,,,,직거래,
화곡동,202607,연립다세대_매매,건우파크빌,화곡동,408-32,61.52,23000,,,5,23,2009,,,,,,중개거래,
화곡동,202607,연립다세대_매매,현대하이클래스,화곡동,379-59,43.09,18000,,,4,28,2010,,,,,,중개거래,
화곡동,202607,연립다세대_매매,골드리움,화곡동,504-8,27.85,21000,,,2,27,2017,,,,,,중개거래,
등촌동,202607,연립다세대_매매,719,등촌동,719,22.63,22000,,,5,16,2015,,,,,,중개거래,
등촌동,202607,연립다세대_매매,더원2-1th,등촌동,569-21,29.4,30180,,,3,23,2023,,,,,,중개거래,
등촌동,202607,연립다세대_매매,워너빌,등촌동,645-10,29.45,22000,,,2,23,2016,,,,,,중개거래,
등촌동,202607,연립다세대_매매,오성트레빌(365-182),등촌동,365-182,49.74,25000,,,1,29,2002,,,,,,직거래,
염창동,202607,연립다세대_매매,주원베르빌,염창동,249-9,29.95,26500,,,5,27,2017,,,,,,중개거래,
등촌동,202607,연립다세대_매매,다원슈슈빌,등촌동,365-34,40.11,21000,,,2,30,2010,,,,,,중개거래,O
화곡동,202607,연립다세대_매매,강성빌라5차,화곡동,24-78,34.83,11000,,,-1,28,1991,,,,,,중개거래,
화곡동,202607,연립다세대_매매,창대빌라(371-10),화곡동,371-10,25.15,13000,,,3,17,2011,,,,,,중개거래,
화곡동,202607,연립다세대_매매,JKVILL,화곡동,366-21,39.24,28000,,,5,27,2015,,,,,,중개거래,
마곡동,202607,연립다세대_매매,웰스파크빌,마곡동,348-23,38.59,38700,,,6,3,2015,,,,,,중개거래,
공항동,202607,연립다세대_매매,서울내집,공항동,681-8,26.16,27082,,,2,28,2026,,,,,,직거래,
공항동,202607,연립다세대_매매,서울내집,공항동,681-8,23.23,24200,,,2,28,2026,,,,,,직거래,
공항동,202607,연립다세대_매매,서울내집,공항동,681-8,26.16,27422,,,3,28,2026,,,,,,직거래,
공항동,202607,연립다세대_매매,서울내집,공항동,681-8,23.23,24490,,,3,28,2026,,,,,,직거래,
공항동,202607,연립다세대_매매,서울내집,공항동,681-8,26.16,27733,,,4,28,2026,,,,,,직거래,
공항동,202607,연립다세대_매매,서울내집,공항동,681-8,23.23,24490,,,4,28,2026,,,,,,직거래,
공항동,202607,연립다세대_매매,서울내집,공항동,681-8,23.68,25246,,,5,28,2026,,,,,,직거래,
공항동,202607,연립다세대_매매,서울내집,공항동,681-8,23.23,24490,,,5,28,2026,,,,,,직거래,
공항동,202607,연립다세대_매매,서울내집,공항동,681-8,21.15,22674,,,6,28,2026,,,,,,직거래,
공항동,202607,연립다세대_매매,서울내집,공항동,681-8,23.23,24490,,,6,28,2026,,,,,,직거래,
화곡동,202607,연립다세대_매매,그린힐,화곡동,80-55,33.43,23000,,,2,15,2014,,,,,,직거래,
화곡동,202607,연립다세대_매매,공주빌라,화곡동,475-16,57.99,20500,,,2,29,2002,,,,,,중개거래,O
방화동,202607,연립다세대_매매,(581-12),방화동,581-12,39.4,28000,,,3,21,1991,,,,,,중개거래,
화곡동,202607,연립다세대_매매,연희파크빌(371-86),화곡동,371-86,28.74,17000,,,3,25,2015,,,,,,중개거래,
화곡동,202607,연립다세대_매매,우진빌라(24-142),화곡동,24-142,60.27,16700,,,4,27,1996,,,,,,중개거래,
화곡동,202607,연립다세대_매매,효자그린빌라,화곡동,962-5,53.23,19800,,,2,6,1998,,,,,,중개거래,
외발산동,202607,연립다세대_매매,센트리움,외발산동,231-10,29.38,19800,,,5,24,2018,,,,,,중개거래,
화곡동,202607,연립다세대_매매,동양주택,화곡동,1085-24,50.24,26500,,,3,28,2004,,,,,,중개거래,
화곡동,202607,연립다세대_매매,두산빌라(385-19),화곡동,385-19,56.29,23000,,,3,6,2001,,,,,,중개거래,
화곡동,202607,연립다세대_매매,미성빌라,화곡동,452-1,78.24,34000,,,3,29,2000,,,,,,중개거래,
화곡동,202607,연립다세대_매매,현대아트빌라,화곡동,157-13,35.73,13600,,,-1,28,1991,,,,,,중개거래,
내발산동,202607,연립다세대_매매,명주빌하모니,내발산동,710-10,52.54,15500,,,5,24,2007,,,,,,중개거래,
화곡동,202607,연립다세대_매매,고은아트빌,화곡동,111-24,43.32,13600,,,4,28,2002,,,,,,중개거래,
화곡동,202607,연립다세대_매매,쉐라톤빌라(56-508),화곡동,56-508,39.08,12900,,,2,28,1991,,,,,,중개거래,
화곡동,202607,연립다세대_매매,푸른풍경채,화곡동,1016-6,29.86,27800,,,3,14,2021,,,,,,중개거래,
화곡동,202607,연립다세대_매매,트리빌리지,화곡동,1037-10,27.54,38500,,,2,23,2021,,,,,,중개거래,
화곡동,202607,연립다세대_매매,영화주택,화곡동,823-16,37.08,14300,,,1,24,1991,,,,,,중개거래,
화곡동,202607,연립다세대_매매,청우파크빌,화곡동,962-15,55.68,28000,,,3,25,2001,,,,,,중개거래,
화곡동,202607,연립다세대_매매,마당빌라,화곡동,812-1,61.2,16500,,,4,24,1991,,,,,,직거래,
내발산동,202607,연립다세대_매매,하늘쉐르빌,내발산동,717-10,29.62,27800,,,2,11,2015,,,,,,중개거래,
내발산동,202607,연립다세대_매매,원화이트캐슬A동,내발산동,715-8,60.76,32000,,,2,21,2002,,,,,,중개거래,
화곡동,202607,연립다세대_매매,엠펠리체(346-75),화곡동,346-75,25.96,19300,,,4,1,2015,,,,,,중개거래,
화곡동,202607,연립다세대_매매,동광하이센스,화곡동,867-25,52.05,19400,,,2,16,1998,,,,,,중개거래,
화곡동,202607,연립다세대_매매,신영리치빌,화곡동,348-7,29.76,24800,,,3,24,2016,,,,,,중개거래,
화곡동,202607,연립다세대_매매,대동빌라,화곡동,979-18,50.84,22000,,,2,9,2001,,,,,,중개거래,
화곡동,202607,연립다세대_매매,포레스트힐,화곡동,56-268,87.15,26000,,,5,27,2008,,,,,,중개거래,
화곡동,202607,연립다세대_매매,신안맨션,화곡동,875-11,50.61,40000,,,4,14,2002,,,,,,중개거래,
공항동,202607,연립다세대_매매,마곡더퍼스트,공항동,682-2,25.68,24000,,,2,24,2023,,,,,,중개거래,
등촌동,202607,연립다세대_매매,서광주택2동,등촌동,633-41,31.72,19000,,,4,24,1993,,,,,,중개거래,
화곡동,202607,연립다세대_매매,대성케이제이,화곡동,937-14,29.92,18300,,,8,23,2020,,,,,,중개거래,
공항동,202607,연립다세대_매매,마곡더퍼스트,공항동,682-2,25.68,24000,,,4,24,2023,,,,,,중개거래,
화곡동,202607,연립다세대_매매,아름아트빌,화곡동,80-53,49.6,20000,,,4,9,2004,,,,,,중개거래,
화곡동,202607,연립다세대_매매,안곡빌라(56-70),화곡동,56-70,32.89,9700,,,1,27,1990,,,,,,중개거래,
방화동,202607,연립다세대_매매,미림파크빌2차다동,방화동,493-50,74.2,34600,,,2,13,2002,,,,,,중개거래,
방화동,202607,연립다세대_매매,동원아트빌,방화동,247-158,29.97,23500,,,3,11,2020,,,,,,중개거래,
화곡동,202607,연립다세대_매매,M펠리체(830-5),화곡동,830-5,35.98,30950,,,4,25,2018,,,,,,중개거래,
방화동,202607,연립다세대_매매,채움빌,방화동,594-5,50.77,35500,,,4,24,2015,,,,,,중개거래,
화곡동,202607,연립다세대_매매,성옥하이츠빌라가동,화곡동,1113-19,48.9,15500,,,4,24,1992,,,,,,중개거래,
공항동,202607,연립다세대_매매,아이디움,공항동,22-52,27.18,22000,,,5,25,2016,,,,,,중개거래,
화곡동,202607,연립다세대_매매,우성빌라19차,화곡동,379-6,53.34,13500,,,-1,3,1992,,,,,,중개거래,
화곡동,202607,연립다세대_매매,뉴파인빌,화곡동,105-238,43.66,24000,,,4,11,2010,,,,,,중개거래,
화곡동,202607,연립다세대_매매,마크힐스74,화곡동,56-81,29.79,15030,,,2,27,2019,,,,,,직거래,
화곡동,202607,연립다세대_매매,수정맨션,화곡동,504-162,46.36,22000,,,2,17,2002,,,,,,중개거래,
화곡동,202607,연립다세대_매매,경민아트빌,화곡동,774-18,44.06,30000,,,7,25,2016,,,,,,중개거래,
화곡동,202607,연립다세대_매매,(965-19),화곡동,965-19,39.7,15300,,,-1,21,1986,,,,,,직거래,
화곡동,202607,연립다세대_매매,소노빌리지,화곡동,370-4,29.67,26100,,,4,24,2020,,,,,,중개거래,
화곡동,202607,연립다세대_매매,가화주택가동,화곡동,424-60,59.89,28000,,,1,15,1999,,,,,,중개거래,
염창동,202607,연립다세대_매매,한강브루클린하이츠,염창동,260,30.27,74000,,,14,24,2023,,,,,,중개거래,
화곡동,202607,연립다세대_매매,누리S.H.T,화곡동,504-9,46.6,35000,,,3,24,2021,,,,,,중개거래,
등촌동,202607,연립다세대_매매,포에버빌,등촌동,662-4,39.055,32400,,,3,24,2015,,,,,,중개거래,
공항동,202607,연립다세대_매매,로얄하이츠101동,공항동,662-1,41.32,32900,,,3,11,2017,,,,,,중개거래,
화곡동,202607,연립다세대_매매,창대빌라B동,화곡동,372-30,29.79,19800,,,2,23,2013,,,,,,중개거래,
화곡동,202607,연립다세대_매매,푸른풍경채,화곡동,61-83,29.98,26700,,,5,17,2016,,,,,,중개거래,
화곡동,202607,연립다세대_매매,성재세인트(342-84),화곡동,342-83,30,12096,,,5,14,2012,,,,,,직거래,
화곡동,202607,연립다세대_매매,성재세인트(342-84),화곡동,342-83,30,12365,,,7,14,2012,,,,,,직거래,
화곡동,202607,연립다세대_매매,경민아트빌(393-21),화곡동,393-21,29.45,13440,,,6,14,2017,,,,,,직거래,
화곡동,202607,연립다세대_매매,동명주택가동,화곡동,1037-4,57.95,41700,,,3,13,2001,,,,,,중개거래,
방화동,202607,연립다세대_매매,그린나래타운,방화동,249-29,46.08,29500,,,2,17,2012,,,,,,중개거래,
화곡동,202607,연립다세대_매매,HIGH-END480,화곡동,480-14,29.84,35000,,,2,17,2023,,,,,,직거래,
등촌동,202607,연립다세대_매매,제니스알앤시빌,등촌동,532-3,27.57,28200,,,3,12,2016,,,,,,직거래,
내발산동,202607,연립다세대_매매,유진소르베(676-4),내발산동,676-4,31.76,25000,,,3,10,2012,,,,,,중개거래,
화곡동,202607,연립다세대_매매,미주,화곡동,95-151,42.16,15000,,,2,10,1986,,,,,,중개거래,
화곡동,202607,연립다세대_매매,경원그린빌가동,화곡동,1061-16,33.99,11500,,,-1,22,2001,,,,,,중개거래,
화곡동,202607,연립다세대_매매,신흥레미안빌,화곡동,154-3,44.72,16000,,,5,10,2002,,,,,,중개거래,
화곡동,202607,연립다세대_매매,대림타운(818-14),화곡동,818-14,53.94,24000,,,3,6,2010,,,,,,중개거래,
방화동,202607,연립다세대_매매,은하수빌,방화동,592-6,45.9,25000,,,3,20,2001,,,,,,중개거래,
등촌동,202607,연립다세대_매매,등촌센트라노,등촌동,643-90,37.28,59000,,,3,21,2024,,,,,,직거래,
화곡동,202607,연립다세대_매매,폴라비엘(1038-4),화곡동,1038-4,25.77,22700,,,4,7,2018,,,,,,중개거래,
화곡동,202607,연립다세대_매매,다온숲,화곡동,105-251,29.99,30000,,,6,2,2021,,,,,,직거래,
화곡동,202607,연립다세대_매매,인터시티A동(391-17),화곡동,391-17,58.68,25500,,,4,11,2001,,,,,,중개거래,
화곡동,202607,연립다세대_매매,제선주택9차,화곡동,1131-16,45.78,20000,,,4,17,2008,,,,,,중개거래,
화곡동,202607,연립다세대_매매,에이스타운,화곡동,393-7,56.06,26500,,,2,21,2007,,,,,,중개거래,
화곡동,202607,연립다세대_매매,휴&유빌,화곡동,1100-3,36.5,26100,,,2,21,2020,,,,,,직거래,
등촌동,202607,연립다세대_매매,라온제나(572-9),등촌동,572-9,48.34,33000,,,6,17,2017,,,,,,중개거래,
화곡동,202607,연립다세대_매매,대신주택,화곡동,400-1,66.59,28350,,,3,11,2001,,,,,,중개거래,
화곡동,202607,연립다세대_매매,이스트빌,화곡동,51-26,49.56,15600,,,4,20,2010,,,,,,중개거래,
화곡동,202607,연립다세대_매매,소담밸리,화곡동,1045-23,29.14,40000,,,4,6,2012,,,,,,중개거래,
화곡동,202607,연립다세대_매매,"한신아이르빌13차A동,B동",화곡동,1128-16,62.86,26000,,,5,17,2009,,,,,,중개거래,
화곡동,202607,연립다세대_매매,씨티하우스(376-21),화곡동,376-21,46.01,22500,,,3,1,2011,,,,,,중개거래,
화곡동,202607,연립다세대_매매,공간지음102,화곡동,102-298,29.52,25000,,,4,20,2021,,,,,,직거래,
화곡동,202607,연립다세대_매매,청명주택,화곡동,105-83,64.19,15800,,,-1,20,2002,,,,,,중개거래,
등촌동,202607,연립다세대_매매,오성트레빌,등촌동,530-19,51.08,30000,,,1,18,2006,,,,,,직거래,
화곡동,202607,연립다세대_매매,로얄하이츠(98-137),화곡동,98-137,54.67,25000,,,2,20,2008,,,,,,직거래,
등촌동,202607,연립다세대_매매,신구아트빌라,등촌동,365-25,36.78,20000,,,-1,12,1990,,,,,,직거래,
화곡동,202607,연립다세대_매매,공간지음102,화곡동,102-298,29.22,25000,,,3,20,2021,,,,,,직거래,
화곡동,202607,연립다세대_매매,제이투리더스,화곡동,424-70,27.58,26000,,,4,17,2019,,,,,,직거래,
화곡동,202607,연립다세대_매매,동문맨션,화곡동,456-4,61.72,12000,,,-1,17,2003,,,,,,중개거래,
화곡동,202607,연립다세대_매매,성옥하이츠빌라나동,화곡동,1113-21,67.17,30000,,,3,10,1992,,,,,,중개거래,
내발산동,202607,연립다세대_매매,삼호아트빌라,내발산동,682-12,69.37,23000,,,4,20,1991,,,,,,중개거래,O
화곡동,202607,연립다세대_매매,공간지음102,화곡동,102-298,29.87,25000,,,2,20,2021,,,,,,직거래,
화곡동,202607,연립다세대_매매,공간지음102,화곡동,102-298,29.86,25000,,,2,20,2021,,,,,,직거래,
화곡동,202607,연립다세대_매매,공간지음102,화곡동,102-298,29.71,25000,,,2,20,2021,,,,,,직거래,
화곡동,202607,연립다세대_매매,석정빌라,화곡동,158-17,64.5,23000,,,1,4,1993,,,,,,중개거래,
화곡동,202607,연립다세대_매매,경원빌라,화곡동,372-52,56.82,13000,,,-1,16,1992,,,,,,중개거래,
화곡동,202607,연립다세대_매매,양지샤인빌(392-63),화곡동,392-63,35.53,27000,,,3,18,2016,,,,,,중개거래,
등촌동,202607,연립다세대_매매,더원2-2th,등촌동,569-20,29.63,29500,,,3,13,2023,,,,,,중개거래,
마곡동,202607,연립다세대_매매,마곡스카이B단지,마곡동,1245,41.38,29000,,,3,17,2019,,,,,,중개거래,
등촌동,202607,연립다세대_매매,제니스알앤시빌,등촌동,532-3,27.57,26500,,,6,17,2016,,,,,,중개거래,
화곡동,202607,연립다세대_매매,경민아트빌(368-23),화곡동,368-23,28.12,22300,,,3,10,2018,,,,,,중개거래,
공항동,202607,연립다세대_매매,예하임,공항동,41-100,37.15,20800,,,4,13,2007,,,,,,중개거래,
방화동,202607,연립다세대_매매,치현태청그린타운E동,방화동,319-21,40.17,18800,,,4,15,2002,,,,,,중개거래,
방화동,202607,연립다세대_매매,명신렉스빌1동,방화동,493-19,62.72,25000,,,5,2,2002,,,,,,중개거래,
화곡동,202607,연립다세대_매매,해피하이츠,화곡동,773-14,49.65,16800,,,5,10,2008,,,,,,중개거래,
내발산동,202607,연립다세대_매매,효성빌라,내발산동,665-2,76.77,32400,,,4,17,1994,,,,,,중개거래,
등촌동,202607,연립다세대_매매,션밸리(365-207),등촌동,365-207,28.29,33500,,,5,15,2021,,,,,,중개거래,
화곡동,202607,연립다세대_매매,더클래식,화곡동,102-312,29.43,20000,,,2,13,2018,,,,,,중개거래,
화곡동,202607,연립다세대_매매,(355-8)송원빌라,화곡동,355-8,73.72,29000,,,2,7,1998,,,,,,중개거래,
화곡동,202607,연립다세대_매매,엘리시아,화곡동,1082-25,25.33,20000,,,4,1,2013,,,,,,중개거래,
화곡동,202607,연립다세대_매매,동양하이츠빌라,화곡동,391-9,60.51,14500,,,2,11,1997,,,,,,직거래,
화곡동,202607,연립다세대_매매,대근빌라,화곡동,73-105,46.44,24200,,,2,15,1990,,,,,,중개거래,
화곡동,202607,연립다세대_매매,두성빌라,화곡동,504-92,44.09,16000,,,1,15,1993,,,,,,중개거래,
화곡동,202607,연립다세대_매매,동도파크뷰(813-13),화곡동,813-13,29.73,19400,,,3,11,2013,,,,,,중개거래,
화곡동,202607,연립다세대_매매,정감타운,화곡동,346-22,38.33,28500,,,6,15,2016,,,,,,중개거래,
화곡동,202607,연립다세대_매매,동현맨션,화곡동,398-21,60.19,23300,,,4,10,2001,,,,,,중개거래,
화곡동,202607,연립다세대_매매,성진타운C동,화곡동,102-358,46.855,17500,,,2,1,2002,,,,,,중개거래,
등촌동,202607,연립다세대_매매,"타임아트빌에이동,비동,씨동",등촌동,528-9,48.18,42500,,,5,15,2016,,,,,,중개거래,
등촌동,202607,연립다세대_매매,덕산하이츠빌(636-25),등촌동,636-25,71.56,36000,,,5,15,2010,,,,,,직거래,O
화곡동,202607,연립다세대_매매,두성빌라,화곡동,504-92,44.09,11000,,,-1,11,1993,,,,,,중개거래,
화곡동,202607,연립다세대_매매,금호빌라,화곡동,488-24,52.42,15100,,,4,14,2002,,,,,,직거래,
내발산동,202607,연립다세대_매매,스페이스빌,내발산동,709-10,40.2,36300,,,7,1,2018,,,,,,중개거래,
화곡동,202607,연립다세대_매매,태경하이츠(343-29),화곡동,343-29,60.33,24800,,,4,10,2000,,,,,,중개거래,
화곡동,202607,연립다세대_매매,두성빌라,화곡동,504-92,43.82,17500,,,2,13,1993,,,,,,중개거래,
화곡동,202607,연립다세대_매매,건일아트빌(나),화곡동,392-50,60.48,29000,,,1,3,2002,,,,,,중개거래,
화곡동,202607,연립다세대_매매,장원아트빌라(341-22),화곡동,341-22,59.88,29800,,,4,8,1999,,,,,,중개거래,
화곡동,202607,연립다세대_매매,벽산홈타운(991-2),화곡동,991-2,41.57,20500,,,3,4,2008,,,,,,중개거래,
화곡동,202607,연립다세대_매매,명진주택,화곡동,346-40,61.92,26400,,,1,6,2001,,,,,,중개거래,
등촌동,202607,연립다세대_매매,성호주택,등촌동,516-27,56.62,38000,,,4,13,2002,,,,,,중개거래,
내발산동,202607,연립다세대_매매,우성쉐르빌,내발산동,699-2,40.59,26800,,,4,13,2011,,,,,,중개거래,
화곡동,202607,연립다세대_매매,건형아트빌,화곡동,354-26,75.82,32250,,,5,6,2003,,,,,,중개거래,
공항동,202607,연립다세대_매매,미성주택,공항동,55-239,18.8,14500,,,3,1,2001,,,,,,중개거래,
화곡동,202607,연립다세대_매매,삼성하이빌,화곡동,806-1,50.77,22900,,,2,1,2002,,,,,,중개거래,
화곡동,202607,연립다세대_매매,미문1차,화곡동,102-196,50.06,16500,,,2,10,1993,,,,,,중개거래,
화곡동,202607,연립다세대_매매,정현빌라(105-426),화곡동,105-426,40.8,13000,,,1,13,1986,,,,,,중개거래,O
등촌동,202607,연립다세대_매매,태현맨션,등촌동,523-39,51.21,43500,,,3,11,2001,,,,,,중개거래,
화곡동,202607,연립다세대_매매,백운인베스트빌,화곡동,410-191,44.34,18700,,,4,11,2008,,,,,,중개거래,
방화동,202607,연립다세대_매매,"효창빌라5,6동",방화동,608-179,36.37,72000,,,-1,11,1991,,,,,,중개거래,
화곡동,202607,연립다세대_매매,소노빌리지,화곡동,370-4,29.94,26000,,,5,11,2020,,,,,,중개거래,
등촌동,202607,연립다세대_매매,동영타운B동,등촌동,647-65,59.25,33000,,,2,7,1994,,,,,,중개거래,
등촌동,202607,연립다세대_매매,고센아트빌,등촌동,643-69,43.14,33000,,,3,6,2015,,,,,,중개거래,
화곡동,202607,연립다세대_매매,리더스타운(397-6),화곡동,397-6,27.57,16400,,,6,11,2016,,,,,,중개거래,
방화동,202607,연립다세대_매매,스위트빌A동,방화동,324-1,59.92,19600,,,5,11,2001,,,,,,중개거래,
화곡동,202607,연립다세대_매매,성준그린빌,화곡동,371-14,55.2,22800,,,2,6,2001,,,,,,중개거래,
화곡동,202607,연립다세대_매매,더클래식,화곡동,102-312,29.38,19500,,,2,10,2018,,,,,,중개거래,
화곡동,202607,연립다세대_매매,동선벨리체,화곡동,376-9,28.73,21500,,,4,11,2020,,,,,,중개거래,
화곡동,202607,연립다세대_매매,예성그린캐슬1차,화곡동,504-67,48.02,17500,,,3,10,2003,,,,,,중개거래,
화곡동,202607,연립다세대_매매,타운캐슬B동,화곡동,409-83,34.6,30000,,,4,9,2019,,,,,,중개거래,
화곡동,202607,연립다세대_매매,현대빌라,화곡동,58-17,46.62,17500,,,1,6,2000,,,,,,중개거래,
화곡동,202607,연립다세대_매매,센트빌,화곡동,409-89,19.79,16000,,,4,8,2012,,,,,,중개거래,
마곡동,202607,연립다세대_매매,삼익마곡스테이,마곡동,1261,20.89,9900,,,4,10,2018,,,,,,직거래,
화곡동,202607,연립다세대_매매,덕산하이빌,화곡동,1037-3,39.61,39800,,,3,3,2007,,,,,,중개거래,
화곡동,202607,연립다세대_매매,남성아트빌1,화곡동,354-6,24.79,19800,,,3,9,2015,,,,,,중개거래,
방화동,202607,연립다세대_매매,정진(583-24),방화동,583-24,36.54,29000,,,3,8,1990,,,,,,중개거래,
화곡동,202607,연립다세대_매매,화곡동다세대주택,화곡동,1033-41,26.68,11300,,,2,9,2002,,,,,,직거래,
화곡동,202607,연립다세대_매매,신흥하이빌,화곡동,164-11,43.89,17000,,,3,2,2010,,,,,,중개거래,
화곡동,202607,연립다세대_매매,성진타운B동(56-640),화곡동,56-640,49.94,16700,,,2,6,2001,,,,,,중개거래,
화곡동,202607,연립다세대_매매,남성아트빌(102-217),화곡동,102-217,37.1,20500,,,4,2,2011,,,,,,중개거래,
내발산동,202607,연립다세대_매매,우장빌라다동,내발산동,672-18,39.72,30000,,,2,2,1991,,,,,,중개거래,
방화동,202607,연립다세대_매매,남성아트빌,방화동,557-7,30.15,23000,,,5,1,2018,,,,,,중개거래,
방화동,202607,연립다세대_매매,마곡팰리스,방화동,247-90,38.95,30600,,,3,7,2017,,,,,,중개거래,
화곡동,202607,연립다세대_매매,계명(897-9),화곡동,897-9,62.91,33000,,,6,4,2001,,,,,,중개거래,
방화동,202607,연립다세대_매매,대림캐슬(648-31),방화동,648-31,29.97,25300,,,5,6,2015,,,,,,직거래,
등촌동,202607,연립다세대_매매,라온제나(572-9),등촌동,572-9,42.96,30000,,,2,6,2017,,,,,,중개거래,
화곡동,202607,연립다세대_매매,은성,화곡동,504-90,59.97,20000,,,1,2,2002,,,,,,중개거래,
등촌동,202607,연립다세대_매매,멤버스빌B동,등촌동,574-1,29.9,21000,,,3,6,2016,,,,,,중개거래,
화곡동,202607,연립다세대_매매,일주하우스,화곡동,392-7,28.74,23000,,,6,2,2020,,,,,,중개거래,
마곡동,202607,연립다세대_매매,샘터마을,마곡동,357-7,48.77,34700,,,3,3,2002,,,,,,중개거래,
염창동,202607,연립다세대_매매,현대빌리지,염창동,96-21,38.73,16800,,,2,4,1993,,,,,,중개거래,
화곡동,202607,연립다세대_매매,casagio,화곡동,362-77,35.17,23200,,,6,3,2019,,,,,,중개거래,
화곡동,202607,연립다세대_매매,이도트라움,화곡동,366-18,29.58,24500,,,2,4,2016,,,,,,중개거래,
화곡동,202607,연립다세대_매매,더원,화곡동,366-36,19.98,21600,,,4,1,2019,,,,,,중개거래,
화곡동,202607,연립다세대_매매,(504-114),화곡동,504-114,37.44,15000,,,2,2,1986,,,,,,중개거래,
방화동,202607,연립다세대_매매,럭키밸리존(593-35),방화동,593-35,57.69,26000,,,2,1,2003,,,,,,중개거래,
화곡동,202607,연립다세대_매매,시원그린빌(1014-11),화곡동,1014-11,37.56,16000,,,3,1,2002,,,,,,직거래,
마곡동,202607,아파트_매매,마곡13단지힐스테이트마스터,마곡동,748,59.9825,159000,,,6,16,2017,,,,,,중개거래,
등촌동,202607,아파트_매매,우성,등촌동,630-3,77.43,88000,,,14,18,1992,,,,,,중개거래,
방화동,202607,아파트_매매,방화그린,방화동,839,33.6,42500,,,14,31,1993,,,,,,중개거래,
공항동,202607,아파트_매매,더트루엘마곡HQ,공항동,1398,48.3293,67500,,,7,31,2024,,,,,,직거래,
공항동,202607,아파트_매매,스카이,공항동,14-10,81.14,55000,,,1,17,2000,,,,,,중개거래,
화곡동,202607,아파트_매매,화곡6차보람쉬움,화곡동,1154,84.98,72900,,,3,31,2005,,,,,,중개거래,
마곡동,202607,아파트_매매,마곡나루경남아파트,마곡동,1577,84.99,95000,,,10,28,1991,,,,,,중개거래,
화곡동,202607,아파트_매매,근상프리즘,화곡동,24-90,79.55,53000,,,8,31,2007,,,,,,중개거래,
공항동,202607,아파트_매매,더트루엘마곡HQ,공항동,1398,48.3293,59800,,,4,30,2024,,,,,,직거래,
마곡동,202607,아파트_매매,마곡삼성아파트,마곡동,1478,84.92,88500,,,2,31,1998,,,,,,중개거래,
등촌동,202607,아파트_매매,등촌동아이파크,등촌동,715,165.8299,143000,,,8,21,2004,,,,,,중개거래,
방화동,202607,아파트_매매,방화그린,방화동,839,33.6,45000,,,6,31,1993,,,,,,중개거래,
등촌동,202607,아파트_매매,임광,등촌동,562-5,59.34,73000,,,1,31,2000,,,,,,중개거래,
화곡동,202607,아파트_매매,초록,화곡동,1139,49.77,82000,,,6,28,1998,,,,,,중개거래,
마곡동,202607,아파트_매매,마곡금호어울림,마곡동,717,84.948,92000,,,13,30,2005,,,,,,중개거래,
마곡동,202607,아파트_매매,마곡엠밸리8단지,마곡동,741,84.89,171000,,,15,30,2016,,,,,,중개거래,
마곡동,202607,아파트_매매,마곡금호어울림,마곡동,717,84.948,100000,,,3,30,2005,,,,,,중개거래,
화곡동,202607,아파트_매매,화곡푸르지오,화곡동,1091,125.021,128500,,,6,30,2002,,,,,,중개거래,
가양동,202607,아파트_매매,강변,가양동,1475,49.5,111000,,,8,30,1992,,,,,,중개거래,
염창동,202607,아파트_매매,동아3,염창동,258-1,59.7,121000,,,16,30,1999,,,,,,중개거래,
방화동,202607,아파트_매매,동성,방화동,817,64.65,88400,,,9,30,1993,,,,,,중개거래,
내발산동,202607,아파트_매매,그린씨티,내발산동,716-16,84.577,69000,,,5,30,2004,,,,,,중개거래,
화곡동,202607,아파트_매매,"우장산아이파크,이편한세상",화곡동,1159,59.98,140500,,,16,30,2008,,,,,,중개거래,
염창동,202607,아파트_매매,삼성하나로,염창동,248-3,59.26,87000,,,14,30,1994,,,,,,중개거래,
화곡동,202607,아파트_매매,우장산롯데,화곡동,1148,84.98,94700,,,9,15,2004,,,,,,중개거래,
화곡동,202607,아파트_매매,화곡푸르지오,화곡동,1091,156.876,142000,,,5,30,2002,,,,,,중개거래,
내발산동,202607,아파트_매매,청솔샤르망1004동,내발산동,671-13,84.53,74000,,,2,23,2005,,,,,,중개거래,
내발산동,202607,아파트_매매,원다벨라빌,내발산동,672-15,84.0152,64000,,,8,29,2001,,,,,,중개거래,
방화동,202607,아파트_매매,보람,방화동,881,84.98,74000,,,2,17,2004,,,,,,중개거래,
방화동,202607,아파트_매매,방화5,방화동,814,39.6,59000,,,1,29,1994,,,,,,중개거래,
방화동,202607,아파트_매매,마곡중앙하이츠아파트,방화동,852,39.58,58000,,,6,29,1994,,,,,,중개거래,
방화동,202607,아파트_매매,마곡드림힐,방화동,872,84.5338,70000,,,3,29,2003,,,,,,중개거래,
마곡동,202607,아파트_매매,마곡현대아파트,마곡동,1171,59.92,71000,,,10,18,1999,,,,,,중개거래,
등촌동,202607,아파트_매매,"등촌7,8단지주공아파트",등촌동,707,41.85,82000,,,12,28,1994,,,,,,중개거래,
염창동,202607,아파트_매매,염창1차보람더하임,염창동,305,84.98,128000,,,7,18,2008,,,,,,중개거래,
방화동,202607,아파트_매매,삼정코아,방화동,567-4,83.23,58500,,,4,22,2004,,,,,,중개거래,
화곡동,202607,아파트_매매,근상프리즘,화곡동,24-90,79.55,48700,,,5,24,2007,,,,,,중개거래,
화곡동,202607,아파트_매매,강서힐스테이트,화곡동,1165,119.63,170000,,,3,29,2015,,,,,,중개거래,
화곡동,202607,아파트_매매,중앙화곡하이츠,화곡동,351-89,56.88,47800,,,12,28,1988,,,,,,중개거래,
화곡동,202607,아파트_매매,우장산롯데캐슬,화곡동,1145,85,135000,,,20,28,2003,,,,,,중개거래,
염창동,202607,아파트_매매,염창동한강우성,염창동,66-9,65.88,118000,,,10,28,1990,,,,,,중개거래,
등촌동,202607,아파트_매매,부영,등촌동,691-3,80.64,104800,,,2,28,1994,,,,,,중개거래,
화곡동,202607,아파트_매매,중앙화곡하이츠,화곡동,351-89,49.68,41500,,,10,28,1988,,,,,,중개거래,
내발산동,202607,아파트_매매,마곡수명산파크4단지,내발산동,753,84.96,124000,,,4,28,2008,,,,,,중개거래,
마곡동,202607,아파트_매매,마곡엠밸리8단지,마곡동,741,59.79,154000,,,15,28,2016,,,,,,중개거래,
가양동,202607,아파트_매매,강서한강자이,가양동,1500,127.1094,190000,,,8,25,2013,,,,,,중개거래,
염창동,202607,아파트_매매,현대3,염창동,291,59.92,80000,,,5,27,1996,,,,,,중개거래,
내발산동,202607,아파트_매매,신세계5차,내발산동,675-6,84.89,74000,,,4,20,2005,,,,,,중개거래,
화곡동,202607,아파트_매매,화곡푸르지오,화곡동,1091,130.279,127500,,,5,25,2002,,,,,,중개거래,
등촌동,202607,아파트_매매,등촌파밀리에더클래식101동,등촌동,722,56.94,81000,,,7,27,2020,,,,,,중개거래,
방화동,202607,아파트_매매,동일스위트리버2차,방화동,895,59.65,60500,,,3,24,2009,,,,,,중개거래,
공항동,202607,아파트_매매,더트루엘마곡HQ,공항동,1398,48.3293,59900,,,5,25,2024,,,,,,직거래,
내발산동,202607,아파트_매매,청솔숲속마을102동,내발산동,738,61.68,72000,,,2,27,2007,,,,,,중개거래,
공항동,202607,아파트_매매,더트루엘마곡HQ,공항동,1398,48.3293,64300,,,10,26,2024,,,,,,직거래,
염창동,202607,아파트_매매,DH팰리스,염창동,263-7,84.98,104000,,,12,10,2022,,,,,,직거래,
화곡동,202607,아파트_매매,강서힐스테이트,화곡동,1165,128.81,162000,,,5,27,2015,,,,,,중개거래,
마곡동,202607,아파트_매매,마곡엠밸리6단지,마곡동,743,114.98,214500,,,9,17,2014,,,,,,중개거래,
방화동,202607,아파트_매매,청솔,방화동,832,39.36,52500,,,9,27,1994,,,,,,중개거래,
화곡동,202607,아파트_매매,강서힐스테이트,화곡동,1165,152.1,175000,,,4,8,2015,,,,,,중개거래,
화곡동,202607,아파트_매매,중앙화곡하이츠,화곡동,351-89,56.88,52000,,,12,4,1988,,,,,,중개거래,
화곡동,202607,아파트_매매,우공팰리스101동,화곡동,1026-27,69.24,56000,,,3,3,2005,,,,,,중개거래,
방화동,202607,아파트_매매,마곡 한진해모로,방화동,579,59.92,76000,,,5,15,2004,,,,,,중개거래,
염창동,202607,아파트_매매,염창힐스테이트,염창동,306,84.907,139000,,,13,24,2009,,,,,,중개거래,
방화동,202607,아파트_매매,방화5,방화동,814,33.18,46000,,,11,27,1994,,,,,,중개거래,
내발산동,202607,아파트_매매,길성그랑프리텔,내발산동,730,84.99,82700,,,10,11,2003,,,,,,중개거래,
방화동,202607,아파트_매매,방화동동부센트레빌(875번지),방화동,875,84.97,97000,,,9,16,2003,,,,,,중개거래,
염창동,202607,아파트_매매,삼성한마음,염창동,244-2,59.94,101250,,,10,26,1995,,,,,,중개거래,
방화동,202607,아파트_매매,동부센트레빌,방화동,870,59.97,69800,,,2,26,2003,,,,,,중개거래,
화곡동,202607,아파트_매매,화성파크빌,화곡동,24-123,63.41,24200,,,3,25,2003,,,,,,중개거래,
염창동,202607,아파트_매매,극동상록수,염창동,280,84.96,123800,,,4,25,1999,,,,,,중개거래,
가양동,202607,아파트_매매,가양강나루현대,가양동,448-1,84.98,133000,,,6,25,1999,,,,,,중개거래,
방화동,202607,아파트_매매,한미(286-1),방화동,286-1,47.22,48000,,,2,11,1988,,,,,,중개거래,
화곡동,202607,아파트_매매,우장산에스케이뷰,화곡동,1158,84.98,97000,,,4,25,2006,,,,,,중개거래,
가양동,202607,아파트_매매,가양6단지,가양동,1485,39.6,93000,,,12,25,1992,,,,,,중개거래,
가양동,202607,아파트_매매,가양6단지,가양동,1485,49.5,114000,,,4,25,1992,,,,,,중개거래,
등촌동,202607,아파트_매매,부영,등촌동,691-3,80.64,128000,,,13,25,1994,,,,,,중개거래,
가양동,202607,아파트_매매,가양2단지(성지),가양동,1461,34.44,74500,,,4,25,1992,,,,,,중개거래,
염창동,202607,아파트_매매,관음삼성,염창동,268,84.93,122700,,,13,25,1997,,,,,,중개거래,
화곡동,202607,아파트_매매,우장산롯데캐슬,화곡동,1145,134.99,160000,,,5,25,2003,,,,,,중개거래,
방화동,202607,아파트_매매,방화그린,방화동,839,49.77,64700,,,8,25,1993,,,,,,중개거래,
등촌동,202607,아파트_매매,임광,등촌동,562-5,84.91,80000,,,5,25,2000,,,,,,중개거래,O
염창동,202607,아파트_매매,강변힐스테이트,염창동,299,84.99,151000,,,11,24,2005,,,,,,중개거래,
화곡동,202607,아파트_매매,우장산숲아이파크,화곡동,1173,84.9771,145000,,,7,24,2022,,,,,,중개거래,
내발산동,202607,아파트_매매,마곡수명산파크4단지,내발산동,753,59.84,112000,,,7,24,2008,,,,,,중개거래,
염창동,202607,아파트_매매,동아,염창동,292,59.97,108500,,,9,24,1998,,,,,,중개거래,
가양동,202607,아파트_매매,가양2단지(성지),가양동,1461,34.44,79500,,,11,24,1992,,,,,,중개거래,
내발산동,202607,아파트_매매,마곡수명산파크1단지,내발산동,742,84.68,138000,,,6,13,2007,,,,,,중개거래,
내발산동,202607,아파트_매매,마곡수명산파크3단지,내발산동,751,84.96,134000,,,5,24,2007,,,,,,중개거래,
화곡동,202607,아파트_매매,태경(347-13),화곡동,347-13,62.84,30000,,,5,24,2001,,,,,,중개거래,
등촌동,202607,아파트_매매,한사랑2삼성,등촌동,634-2,84.96,118000,,,12,11,1999,,,,,,중개거래,
화곡동,202607,아파트_매매,대림e편한세상,화곡동,361-1,84.84,69000,,,15,10,1992,,,,,,중개거래,
방화동,202607,아파트_매매,마곡중앙하이츠아파트,방화동,852,51.03,67200,,,6,10,1994,,,,,,중개거래,
화곡동,202607,아파트_매매,초록,화곡동,1139,49.77,85000,,,6,23,1998,,,,,,중개거래,
가양동,202607,아파트_매매,가양6단지,가양동,1485,58.65,128000,,,7,23,1992,,,,,,중개거래,
화곡동,202607,아파트_매매,한울에이치밸리움B동,화곡동,1065-2,22.81,16320,,,2,14,2019,,,,,,직거래,
방화동,202607,아파트_매매,마곡중앙하이츠아파트,방화동,852,59.34,63000,,,10,23,1994,,,,,,중개거래,
마곡동,202607,아파트_매매,길훈,마곡동,1565,65.88,75000,,,4,13,1989,,,,,,중개거래,
가양동,202607,아파트_매매,대림경동아파트,가양동,1474,131.4,100000,,,10,22,1993,,,,,,직거래,
방화동,202607,아파트_매매,방화그린,방화동,839,49.77,63800,,,10,23,1993,,,,,,중개거래,
염창동,202607,아파트_매매,주상복합태진가람,염창동,263-2,58.86,58000,,,6,4,1995,,,,,,중개거래,
공항동,202607,아파트_매매,더트루엘마곡HQ,공항동,1398,48.3293,59900,,,5,22,2024,,,,,,직거래,
가양동,202607,아파트_매매,한강타운,가양동,1460,84.99,139000,,,9,22,1993,,,,,,중개거래,
방화동,202607,아파트_매매,청솔,방화동,832,59.04,78000,,,5,22,1994,,,,,,중개거래,
염창동,202607,아파트_매매,동아,염창동,292,59.97,112000,,,15,22,1998,,,,,,중개거래,
염창동,202607,아파트_매매,동아,염창동,292,114.84,120000,,,5,22,1998,,,,,,중개거래,
화곡동,202607,아파트_매매,"우장산아이파크,이편한세상",화곡동,1159,59.98,142500,,,17,22,2008,,,,,,중개거래,
염창동,202607,아파트_매매,벽산늘푸른,염창동,290,59.97,86000,,,2,22,1998,,,,,,중개거래,
화곡동,202607,아파트_매매,리치아파트,화곡동,924-1,20.61,21500,,,7,7,2018,,,,,,중개거래,
등촌동,202607,아파트_매매,주공3,등촌동,688,37.67,81500,,,5,22,1995,,,,,,중개거래,
가양동,202607,아파트_매매,가양도시개발9-2단지,가양동,1490,34.44,72000,,,3,22,1993,,,,,,중개거래,
방화동,202607,아파트_매매,동성,방화동,817,64.65,79000,,,9,22,1993,,,,,,중개거래,
공항동,202607,아파트_매매,더트루엘마곡HQ,공항동,1398,48.3293,59900,,,6,18,2024,,,,,,직거래,
공항동,202607,아파트_매매,더트루엘마곡HQ,공항동,1398,48.3293,59900,,,6,21,2024,,,,,,직거래,
공항동,202607,아파트_매매,더트루엘마곡HQ,공항동,1398,48.3293,64300,,,10,20,2024,,,,,,직거래,
공항동,202607,아파트_매매,더트루엘마곡HQ,공항동,1398,48.3293,64300,,,10,17,2024,,,,,,직거래,
공항동,202607,아파트_매매,해태,공항동,1371,84.27,75000,,,2,22,2000,,,,,,중개거래,
화곡동,202607,아파트_매매,은창,화곡동,1143,73.5796,49500,,,4,7,2002,,,,,,중개거래,
등촌동,202607,아파트_매매,코오롱하늘채,등촌동,714,84.96,93000,,,7,16,2003,,,,,,중개거래,
가양동,202607,아파트_매매,가양2단지(성지),가양동,1461,39.6,86000,,,12,22,1992,,,,,,중개거래,
가양동,202607,아파트_매매,대림경동아파트,가양동,1474,131.4,155000,,,14,3,1993,,,,,,중개거래,
화곡동,202607,아파트_매매,"우장산아이파크,이편한세상",화곡동,1159,59.98,145000,,,17,21,2008,,,,,,중개거래,
등촌동,202607,아파트_매매,태진아름,등촌동,676,84.81,97000,,,5,21,1995,,,,,,중개거래,
마곡동,202607,아파트_매매,마곡경남아너스빌,마곡동,1513,84.98,108000,,,7,21,2007,,,,,,중개거래,
등촌동,202607,아파트_매매,태진아름,등촌동,676,59.94,77000,,,5,21,1995,,,,,,중개거래,
화곡동,202607,아파트_매매,"우장산아이파크,이편한세상",화곡동,1159,114.98,165000,,,9,3,2008,,,,,,중개거래,
화곡동,202607,아파트_매매,강서힐스테이트,화곡동,1165,59.99,141000,,,4,6,2015,,,,,,중개거래,
가양동,202607,아파트_매매,강서한강자이,가양동,1500,84.9903,125000,,,9,7,2013,,,,,,중개거래,
화곡동,202607,아파트_매매,우장산숲아이파크,화곡동,1173,59.9969,143000,,,9,17,2022,,,,,,중개거래,
등촌동,202607,아파트_매매,태영,등촌동,632-2,59.97,88000,,,6,20,1998,,,,,,중개거래,
가양동,202607,아파트_매매,강서한강자이,가양동,1500,84.997,165000,,,18,20,2013,,,,,,중개거래,
화곡동,202607,아파트_매매,강서힐스테이트,화곡동,1165,128.81,171000,,,6,20,2015,,,,,,중개거래,
내발산동,202607,아파트_매매,다울아크로빌,내발산동,722-19,145.15,100000,,,3,20,2003,,,,,,중개거래,
화곡동,202607,아파트_매매,초록,화곡동,1139,84.07,105000,,,11,20,1998,,,,,,중개거래,
화곡동,202607,아파트_매매,길성그랑프리텔,화곡동,1157,83.03,70300,,,9,17,2005,,,,,,중개거래,
마곡동,202607,아파트_매매,마곡힐스테이트,마곡동,1589,84.98,155500,,,2,15,2017,,,,,,직거래,
방화동,202607,아파트_매매,장미,방화동,841,39.96,51000,,,5,20,1994,,,,,,중개거래,
등촌동,202607,아파트_매매,임광,등촌동,562-5,59.34,73000,,,15,17,2000,,,,,,중개거래,
마곡동,202607,아파트_매매,마곡태승훼미리아파트,마곡동,1454,84.95,81500,,,5,18,2005,,,,,,중개거래,
마곡동,202607,아파트_매매,마곡힐스테이트,마곡동,1589,84.98,174000,,,14,17,2017,,,,,,중개거래,
내발산동,202607,아파트_매매,우장산힐스테이트,내발산동,657,59.98,149000,,,13,18,2005,,,,,,중개거래,
등촌동,202607,아파트_매매,등촌센트럴르씨엘,등촌동,852,59.3,70000,,,5,18,2026,,,,,,중개거래,
화곡동,202607,아파트_매매,강서힐스테이트,화곡동,1165,59.99,142000,,,9,18,2015,,,,,,중개거래,
화곡동,202607,아파트_매매,강서힐스테이트,화곡동,1165,84.99,153000,,,4,18,2015,,,,,,중개거래,
방화동,202607,아파트_매매,개화,방화동,819,101.86,92500,,,8,18,1994,,,,,,중개거래,
내발산동,202607,아파트_매매,마곡수명산파크2단지,내발산동,741,84.68,138750,,,11,17,2007,,,,,,중개거래,
가양동,202607,아파트_매매,가양6단지,가양동,1485,49.5,110000,,,3,17,1992,,,,,,중개거래,
화곡동,202607,아파트_매매,화곡푸르지오,화곡동,1091,84.914,109000,,,6,16,2002,,,,,,중개거래,
화곡동,202607,아파트_매매,우장산에스케이뷰,화곡동,1158,116.92,110000,,,7,17,2006,,,,,,중개거래,
방화동,202607,아파트_매매,방화5,방화동,814,33.18,52800,,,4,17,1994,,,,,,중개거래,
내발산동,202607,아파트_매매,마곡수명산파크4단지,내발산동,753,59.84,113000,,,9,15,2008,,,,,,중개거래,
가양동,202607,아파트_매매,가양2단지(성지),가양동,1461,39.6,88300,,,13,16,1992,,,,,,중개거래,
등촌동,202607,아파트_매매,우성,등촌동,630-3,67.68,85900,,,3,16,1992,,,,,,중개거래,
등촌동,202607,아파트_매매,"등촌1,2단지주공아파트",등촌동,687,41.85,79500,,,9,16,1994,,,,,,중개거래,
화곡동,202607,아파트_매매,강서힐스테이트,화곡동,1165,59.99,138000,,,6,16,2015,,,,,,중개거래,
공항동,202607,아파트_매매,더트루엘마곡HQ,공항동,1398,48.3293,59900,,,6,15,2024,,,,,,직거래,
등촌동,202607,아파트_매매,등촌동아이파크,등촌동,715,134.8836,139000,,,3,16,2004,,,,,,중개거래,
방화동,202607,아파트_매매,방화5,방화동,814,49.77,65000,,,1,16,1994,,,,,,중개거래,
가양동,202607,아파트_매매,강서한강자이,가양동,1500,127.1094,184000,,,7,1,2013,,,,,,중개거래,
등촌동,202607,아파트_매매,주공3,등촌동,688,58.14,105000,,,8,16,1995,,,,,,중개거래,
내발산동,202607,아파트_매매,우장산힐스테이트,내발산동,657,59.98,144000,,,14,16,2005,,,,,,중개거래,
공항동,202607,아파트_매매,더트루엘마곡HQ,공항동,1398,48.3293,64200,,,8,15,2024,,,,,,직거래,
화곡동,202607,아파트_매매,화곡예다움,화곡동,461-4,84.03,63000,,,8,9,2005,,,,,,중개거래,
염창동,202607,아파트_매매,동아3,염창동,258-1,59.83,133000,,,8,13,1999,,,,,,중개거래,
염창동,202607,아파트_매매,극동상록수,염창동,280,84.96,78000,,,7,2,1999,,,,,,직거래,
방화동,202607,아파트_매매,동성,방화동,817,76.8,89000,,,9,8,1993,,,,,,중개거래,
내발산동,202607,아파트_매매,청솔숲속마을102동,내발산동,738,61.68,67000,,,1,15,2007,,,,,,중개거래,
마곡동,202607,아파트_매매,마곡우림필유아파트,마곡동,1467,84.528,117000,,,10,15,2003,,,,,,중개거래,
화곡동,202607,아파트_매매,화곡3차보람,화곡동,1150,81.63,57500,,,7,11,2004,,,,,,중개거래,
가양동,202607,아파트_매매,가양2단지(성지),가양동,1461,34.44,74000,,,14,15,1992,,,,,,중개거래,
염창동,202607,아파트_매매,동아,염창동,292,114.84,140000,,,8,14,1998,,,,,,중개거래,
마곡동,202607,아파트_매매,벽산,마곡동,429,59.98,86600,,,4,14,1999,,,,,,중개거래,
화곡동,202607,아파트_매매,우장산롯데캐슬,화곡동,1145,177.86,150000,,,7,14,2003,,,,,,중개거래,
내발산동,202607,아파트_매매,그린씨티,내발산동,716-16,84.577,68000,,,3,14,2004,,,,,,중개거래,
내발산동,202607,아파트_매매,마곡수명산파크1단지,내발산동,742,84.53,137000,,,8,14,2007,,,,,,중개거래,
등촌동,202607,아파트_매매,주공3,등촌동,688,37.67,80500,,,1,14,1995,,,,,,중개거래,
화곡동,202607,아파트_매매,명지해드는터,화곡동,473-4,84.39,61000,,,3,10,2005,,,,,,중개거래,
가양동,202607,아파트_매매,가양도시개발9-2단지,가양동,1490,34.44,69500,,,9,14,1993,,,,,,중개거래,
등촌동,202607,아파트_매매,부영,등촌동,691-3,80.64,115000,,,5,14,1994,,,,,,중개거래,
화곡동,202607,아파트_매매,화곡푸르지오,화곡동,1091,125.021,114000,,,1,2,2002,,,,,,중개거래,
가양동,202607,아파트_매매,강변,가양동,1475,39.6,84000,,,7,1,1992,,,,,,중개거래,
화곡동,202607,아파트_매매,동진빌라(56-100),화곡동,56-100,60.24,19500,,,1,12,1999,,,,,,중개거래,
마곡동,202607,아파트_매매,마곡현대아파트,마곡동,1171,84.95,94000,,,5,14,1999,,,,,,중개거래,
방화동,202607,아파트_매매,동부센트레빌,방화동,870,77.68,79700,,,11,14,2003,,,,,,중개거래,
가양동,202607,아파트_매매,가양2단지(성지),가양동,1461,39.6,84500,,,15,13,1992,,,,,,중개거래,
염창동,202607,아파트_매매,벽산늘푸른,염창동,290,78.6,88500,,,15,13,1998,,,,,,중개거래,
등촌동,202607,아파트_매매,"등촌지와인아파트,비지니스센터",등촌동,727,59.6202,103000,,,3,13,2023,,,,,,중개거래,
염창동,202607,아파트_매매,강변힐스테이트,염창동,299,84.99,147000,,,5,13,2005,,,,,,중개거래,
공항동,202607,아파트_매매,더트루엘마곡HQ,공항동,1398,48.3293,64800,,,8,11,2024,,,,,,직거래,
염창동,202607,아파트_매매,이너스양화6차,염창동,250-3,84.75,82000,,,1,7,2009,,,,,,중개거래,
염창동,202607,아파트_매매,성원,염창동,295,59.91,111000,,,18,13,2001,,,,,,중개거래,
내발산동,202607,아파트_매매,천우명덕,내발산동,680-5,84.94,67000,,,1,13,2004,,,,,,중개거래,O
화곡동,202607,아파트_매매,화곡푸르지오,화곡동,1091,125.021,129800,,,13,7,2002,,,,,,중개거래,
가양동,202607,아파트_매매,가양2단지(성지),가양동,1461,34.44,73800,,,14,13,1992,,,,,,중개거래,
등촌동,202607,아파트_매매,등촌퀸즈포디엄삼익,등촌동,511-4,33.64,35800,,,8,13,2020,,,,,,중개거래,
가양동,202607,아파트_매매,강변,가양동,1475,49.5,107000,,,6,13,1992,,,,,,중개거래,
방화동,202607,아파트_매매,방화그린,방화동,839,39.76,47000,,,2,13,1993,,,,,,중개거래,
마곡동,202607,아파트_매매,마곡푸르지오,마곡동,1525,59.87,127500,,,2,10,2008,,,,,,중개거래,
등촌동,202607,아파트_매매,현대,등촌동,655-27,84.62,85000,,,6,11,1995,,,,,,중개거래,
방화동,202607,아파트_매매,방화5,방화동,814,49.77,84500,,,8,10,1994,,,,,,중개거래,
염창동,202607,아파트_매매,무학,염창동,255,59.38,122500,,,12,12,1999,,,,,,중개거래,
등촌동,202607,아파트_매매,주공3,등촌동,688,58.14,119000,,,14,12,1995,,,,,,중개거래,
방화동,202607,아파트_매매,방화그린,방화동,839,39.76,52000,,,10,12,1993,,,,,,중개거래,
방화동,202607,아파트_매매,마곡중앙하이츠아파트,방화동,852,39.58,53000,,,2,12,1994,,,,,,중개거래,
가양동,202607,아파트_매매,가양도시개발9-2단지,가양동,1490,34.44,70000,,,3,11,1993,,,,,,중개거래,
내발산동,202607,아파트_매매,마곡수명산파크4단지,내발산동,753,59.84,113000,,,13,11,2008,,,,,,중개거래,
염창동,202607,아파트_매매,현대2,염창동,249-11,82.74,93000,,,12,11,1993,,,,,,중개거래,
등촌동,202607,아파트_매매,주공5,등촌동,695,37.67,80000,,,13,11,1995,,,,,,중개거래,
마곡동,202607,아파트_매매,마곡삼성아파트,마곡동,1478,59.95,68500,,,1,11,1998,,,,,,중개거래,
화곡동,202607,아파트_매매,남광쉐르빌(923-10),화곡동,923-10,42.33,25000,,,8,11,2014,,,,,,중개거래,
마곡동,202607,아파트_매매,마곡금호어울림,마곡동,717,84.948,97000,,,5,11,2005,,,,,,중개거래,
방화동,202607,아파트_매매,마곡중앙하이츠아파트,방화동,852,39.58,53500,,,4,11,1994,,,,,,중개거래,
방화동,202607,아파트_매매,"월드메르디앙201동,202동",방화동,879,84.82,82000,,,6,10,2004,,,,,,중개거래,
염창동,202607,아파트_매매,동아3,염창동,258-1,59.7,129000,,,9,11,1999,,,,,,중개거래,
등촌동,202607,아파트_매매,등촌파밀리에더클래식101동,등촌동,722,49.77,73000,,,7,11,2020,,,,,,중개거래,
등촌동,202607,아파트_매매,주공3,등촌동,688,58.14,115000,,,11,11,1995,,,,,,중개거래,
가양동,202607,아파트_매매,가양도시개발9-2단지,가양동,1490,39.6,75000,,,15,11,1993,,,,,,중개거래,
화곡동,202607,아파트_매매,"우장산아이파크,이편한세상",화곡동,1159,84.97,160000,,,16,11,2008,,,,,,중개거래,
방화동,202607,아파트_매매,방화동진로아파트,방화동,804,84.96,70000,,,2,11,1994,,,,,,중개거래,
등촌동,202607,아파트_매매,대림,등촌동,694,89.975,136500,,,16,1,1995,,,,,,중개거래,
등촌동,202607,아파트_매매,부영,등촌동,691-3,80.64,106000,,,2,11,1994,,,,,,중개거래,
화곡동,202607,아파트_매매,우장산숲아이파크,화곡동,1173,84.9771,149500,,,5,11,2022,,,,,,중개거래,
가양동,202607,아파트_매매,가양우성,가양동,14-3,75.48,116000,,,12,11,1990,,,,,,중개거래,
화곡동,202607,아파트_매매,우장산숲아이파크,화곡동,1173,74.9982,150000,,,10,10,2022,,,,,,중개거래,
화곡동,202607,아파트_매매,초록,화곡동,1139,59.34,89500,,,6,10,1998,,,,,,중개거래,
내발산동,202607,아파트_매매,마곡수명산파크7단지,내발산동,756,84.82,111000,,,11,10,2008,,,,,,중개거래,
염창동,202607,아파트_매매,신동아,염창동,289,59.82,102000,,,10,10,1995,,,,,,중개거래,
방화동,202607,아파트_매매,마곡 한진해모로,방화동,579,59.92,69800,,,1,10,2004,,,,,,중개거래,
염창동,202607,아파트_매매,관음삼성,염창동,268,59.96,75000,,,20,11,1997,,,,,,중개거래,
내발산동,202607,아파트_매매,마곡수명산파크2단지,내발산동,741,84.68,138000,,,13,11,2007,,,,,,중개거래,
내발산동,202607,아파트_매매,마곡수명산파크3단지,내발산동,751,84.96,121000,,,1,11,2007,,,,,,중개거래,
방화동,202607,아파트_매매,방화5,방화동,814,33.18,50000,,,3,10,1994,,,,,,중개거래,
등촌동,202607,아파트_매매,부영,등촌동,691-3,80.64,115000,,,13,10,1994,,,,,,중개거래,
화곡동,202607,아파트_매매,태창네스트힐,화곡동,1146,82.35,59500,,,3,10,2004,,,,,,중개거래,
방화동,202607,아파트_매매,대림e-편한세상,방화동,874,111.07,94000,,,13,10,2003,,,,,,중개거래,
내발산동,202607,아파트_매매,천우네오젠5차,내발산동,663-2,70.54,56800,,,2,10,2007,,,,,,중개거래,
염창동,202607,아파트_매매,길훈,염창동,294,84.8,102000,,,7,10,1999,,,,,,중개거래,
가양동,202607,아파트_매매,가양6단지,가양동,1485,39.6,95000,,,12,10,1992,,,,,,중개거래,
마곡동,202607,아파트_매매,마곡삼성아파트,마곡동,1478,59.95,68000,,,1,10,1998,,,,,,중개거래,
방화동,202607,아파트_매매,방화그린,방화동,839,39.76,56000,,,11,10,1993,,,,,,중개거래,
방화동,202607,아파트_매매,청성(877-0),방화동,877,69.539,68500,,,6,6,2004,,,,,,중개거래,
화곡동,202607,아파트_매매,크로스캐슬,화곡동,918-6,79.92,48000,,,7,9,2003,,,,,,중개거래,
방화동,202607,아파트_매매,방화5,방화동,814,39.6,59800,,,10,9,1994,,,,,,중개거래,
방화동,202607,아파트_매매,신안네트빌2단지,방화동,869,57.1659,63000,,,14,9,2002,,,,,,중개거래,
가양동,202607,아파트_매매,가양1차보람더하임,가양동,1497,66.37,88000,,,3,9,2006,,,,,,중개거래,
등촌동,202607,아파트_매매,"등촌1,2단지주공아파트",등촌동,687,41.85,79000,,,4,9,1994,,,,,,중개거래,
염창동,202607,아파트_매매,강변월드메르디앙,염창동,240-1,84.9341,125000,,,10,3,2010,,,,,,중개거래,
마곡동,202607,아파트_매매,마곡엠밸리7단지,마곡동,743-4,114.93,215000,,,14,7,2014,,,,,,중개거래,
등촌동,202607,아파트_매매,부영,등촌동,691-3,80.64,110000,,,4,9,1994,,,,,,중개거래,
염창동,202607,아파트_매매,강변힐스테이트,염창동,299,84.99,145000,,,10,9,2005,,,,,,중개거래,
등촌동,202607,아파트_매매,"진로,미주아파트",등촌동,701,84.96,104700,,,6,9,1994,,,,,,중개거래,
화곡동,202607,아파트_매매,"우장산아이파크,이편한세상",화곡동,1159,114.98,180000,,,13,9,2008,,,,,,중개거래,
가양동,202607,아파트_매매,가양6단지,가양동,1485,58.65,118500,,,8,9,1992,,,,,,중개거래,
가양동,202607,아파트_매매,가양강나루현대,가양동,448-1,84.98,133500,,,15,9,1999,,,,,,중개거래,
화곡동,202607,아파트_매매,화곡푸르지오,화곡동,1091,156.876,142000,,,4,9,2002,,,,,,중개거래,
내발산동,202607,아파트_매매,길성그랑프리텔,내발산동,730,75.497,75000,,,7,8,2003,,,,,,중개거래,
화곡동,202607,아파트_매매,푸른숲,화곡동,460-1,59.97,42000,,,3,8,2007,,,,,,중개거래,
가양동,202607,아파트_매매,가양강나루현대,가양동,448-1,59.76,125000,,,13,8,1999,,,,,,중개거래,
방화동,202607,아파트_매매,방화5,방화동,814,39.6,54000,,,10,6,1994,,,,,,중개거래,
등촌동,202607,아파트_매매,부영,등촌동,691-3,80.64,104500,,,2,8,1994,,,,,,중개거래,
방화동,202607,아파트_매매,삼정코아,방화동,567-4,83.23,60000,,,11,7,2004,,,,,,중개거래,
방화동,202607,아파트_매매,동부센트레빌,방화동,870,84.96,81700,,,7,7,2003,,,,,,중개거래,
염창동,202607,아파트_매매,현대3,염창동,291,59.92,82000,,,2,7,1996,,,,,,중개거래,
가양동,202607,아파트_매매,강변,가양동,1475,34.44,69000,,,8,7,1992,,,,,,중개거래,
마곡동,202607,아파트_매매,마곡힐스테이트,마곡동,1589,59.99,157000,,,4,7,2017,,,,,,중개거래,
마곡동,202607,아파트_매매,신안,마곡동,422,59.98,105000,,,5,7,1993,,,,,,중개거래,O
등촌동,202607,아파트_매매,주공5,등촌동,695,58.14,110500,,,12,7,1995,,,,,,중개거래,
마곡동,202607,아파트_매매,마곡13단지힐스테이트마스터,마곡동,748,84.9881,183000,,,14,3,2017,,,,,,중개거래,
방화동,202607,아파트_매매,방화메이빌,방화동,902,50.5074,54000,,,5,7,2017,,,,,,중개거래,
가양동,202607,아파트_매매,한강타운,가양동,1460,84.99,136000,,,2,6,1993,,,,,,중개거래,
가양동,202607,아파트_매매,가양2단지(성지),가양동,1461,39.6,86000,,,8,6,1992,,,,,,중개거래,
화곡동,202607,아파트_매매,"우장산아이파크,이편한세상",화곡동,1159,84.97,161500,,,7,6,2008,,,,,,중개거래,
공항동,202607,아파트_매매,더트루엘마곡HQ,공항동,1398,48.3293,64200,,,7,4,2024,,,,,,직거래,
방화동,202607,아파트_매매,청솔,방화동,832,49.2,69000,,,10,6,1994,,,,,,중개거래,
방화동,202607,아파트_매매,신마곡벽산블루밍,방화동,904,59.7592,90000,,,12,6,2020,,,,,,중개거래,
가양동,202607,아파트_매매,가양우성,가양동,14-3,84.85,130000,,,3,6,1990,,,,,,중개거래,
화곡동,202607,아파트_매매,"우장산아이파크,이편한세상",화곡동,1159,84.97,158000,,,17,2,2008,,,,,,중개거래,
염창동,202607,아파트_매매,한강동아,염창동,293,114.68,160000,,,12,6,1998,,,,,,중개거래,
화곡동,202607,아파트_매매,신한빌라트(105-362),화곡동,105-362,66.02,32000,,,4,6,2000,,,,,,중개거래,
공항동,202607,아파트_매매,더트루엘마곡HQ,공항동,1398,48.3293,64300,,,9,4,2024,,,,,,직거래,
등촌동,202607,아파트_매매,주공5,등촌동,695,58.14,112500,,,14,6,1995,,,,,,중개거래,
화곡동,202607,아파트_매매,트리움팰리스,화곡동,925-26,21.7,11900,,,9,3,2013,,,,,,중개거래,
등촌동,202607,아파트_매매,주공5,등촌동,695,58.14,110000,,,3,6,1995,,,,,,중개거래,
가양동,202607,아파트_매매,가양도시개발9-2단지,가양동,1490,34.44,40000,,,2,6,1993,,,,,,직거래,
마곡동,202607,아파트_매매,마곡승윤노블리안아파트,마곡동,1360,83.69,75000,,,6,3,2008,,,,,,중개거래,
방화동,202607,아파트_매매,방화메이빌,방화동,902,50.5074,55000,,,2,5,2017,,,,,,중개거래,
방화동,202607,아파트_매매,마곡중앙하이츠아파트,방화동,852,51.03,59500,,,8,4,1994,,,,,,중개거래,
방화동,202607,아파트_매매,방화5,방화동,814,33.18,49500,,,3,5,1994,,,,,,중개거래,
염창동,202607,아파트_매매,동아,염창동,292,59.97,103750,,,8,5,1998,,,,,,중개거래,
마곡동,202607,아파트_매매,마곡현대아파트,마곡동,1171,84.95,93000,,,3,4,1999,,,,,,중개거래,
내발산동,202607,아파트_매매,마곡수명산파크1단지,내발산동,742,84.68,139500,,,4,4,2007,,,,,,중개거래,
염창동,202607,아파트_매매,극동상록수,염창동,280,59.91,106500,,,14,4,1999,,,,,,중개거래,
내발산동,202607,아파트_매매,마곡수명산파크6단지,내발산동,759,84.82,120000,,,3,4,2007,,,,,,중개거래,
방화동,202607,아파트_매매,대림e-편한세상,방화동,874,67.68,67500,,,1,4,2003,,,,,,중개거래,
내발산동,202607,아파트_매매,길성그랑프리텔,내발산동,730,84.99,81000,,,10,3,2003,,,,,,중개거래,
등촌동,202607,아파트_매매,"등촌7,8단지주공아파트",등촌동,707,41.85,82500,,,5,3,1994,,,,,,중개거래,
방화동,202607,아파트_매매,방화동2차태승훼미리,방화동,885,83.57,70000,,,10,3,2005,,,,,,중개거래,
염창동,202607,아파트_매매,성원,염창동,295,59.91,110500,,,7,4,2001,,,,,,중개거래,
염창동,202607,아파트_매매,벽산늘푸른,염창동,290,59.97,82000,,,3,4,1998,,,,,,중개거래,
화곡동,202607,아파트_매매,"우장산아이파크,이편한세상",화곡동,1159,59.98,141000,,,8,3,2008,,,,,,중개거래,
염창동,202607,아파트_매매,강변월드메르디앙,염창동,240-1,84.9102,118500,,,2,3,2010,,,,,,중개거래,
등촌동,202607,아파트_매매,마곡루나플라체,등촌동,725,22.05,28000,,,6,4,2021,,,,,,중개거래,
염창동,202607,아파트_매매,강변한솔솔파크,염창동,300,84.97,137000,,,20,4,2005,,,,,,중개거래,
염창동,202607,아파트_매매,삼성한마음,염창동,244-2,59.94,104500,,,12,4,1995,,,,,,중개거래,
염창동,202607,아파트_매매,염창3우성,염창동,272-28,84.96,100500,,,4,3,1993,,,,,,중개거래,
방화동,202607,아파트_매매,치현마을동일스위트리버,방화동,880,84.9588,70000,,,3,3,2004,,,,,,중개거래,
방화동,202607,아파트_매매,장미,방화동,841,59.04,67500,,,3,3,1994,,,,,,중개거래,
내발산동,202607,아파트_매매,마곡수명산파크2단지,내발산동,741,84.82,130000,,,10,3,2007,,,,,,중개거래,
가양동,202607,아파트_매매,가양2단지(성지),가양동,1461,39.6,82500,,,7,3,1992,,,,,,중개거래,
방화동,202607,아파트_매매,방화그린,방화동,839,33.18,39200,,,12,3,1993,,,,,,중개거래,
등촌동,202607,아파트_매매,서광등촌마을아파트,등촌동,638,59.67,109000,,,5,2,1999,,,,,,중개거래,
화곡동,202607,아파트_매매,초록,화곡동,1139,59.51,77000,,,1,2,1998,,,,,,중개거래,
가양동,202607,아파트_매매,강변,가양동,1475,34.44,64000,,,1,2,1992,,,,,,중개거래,
방화동,202607,아파트_매매,청솔,방화동,832,59.04,75000,,,13,2,1994,,,,,,중개거래,
염창동,202607,아파트_매매,염창2차보람,염창동,271-4,84.97,108000,,,10,2,2005,,,,,,중개거래,
화곡동,202607,아파트_매매,신세계2차,화곡동,1009-6,84.98,58000,,,1,2,2000,,,,,,중개거래,
가양동,202607,아파트_매매,가양6단지,가양동,1485,58.65,124500,,,12,2,1992,,,,,,중개거래,
염창동,202607,아파트_매매,극동상록수,염창동,280,59.91,93000,,,1,1,1999,,,,,,중개거래,
방화동,202607,아파트_매매,동성,방화동,817,84.95,95900,,,3,1,1993,,,,,,중개거래,
등촌동,202607,아파트_매매,한사랑2삼성,등촌동,634-2,59.37,106000,,,6,1,1999,,,,,,중개거래,
염창동,202607,아파트_매매,현대1,염창동,288,84.34,124000,,,6,1,1994,,,,,,중개거래,
등촌동,202607,아파트_매매,대동황토방,등촌동,631-9,59.78,83000,,,1,1,2000,,,,,,중개거래,
염창동,202607,아파트_매매,강변월드메르디앙,염창동,240-1,84.9341,129000,,,6,1,2010,,,,,,중개거래,
화곡동,202607,아파트_매매,"우장산아이파크,이편한세상",화곡동,1159,59.98,136700,,,3,1,2008,,,,,,중개거래,
가양동,202607,아파트_매매,가양도시개발9-2단지,가양동,1490,34.44,72000,,,5,1,1993,,,,,,중개거래,
내발산동,202607,아파트_매매,마곡수명산파크5단지,내발산동,749,59.76,117000,,,11,1,2008,,,,,,중개거래,
내발산동,202607,아파트_매매,우장산힐스테이트,내발산동,657,84.98,160000,,,18,1,2005,,,,,,중개거래,
등촌동,202607,아파트_매매,"진로,미주아파트",등촌동,701,84.96,115000,,,5,1,1994,,,,,,중개거래,
방화동,202607,아파트_매매,방화그린,방화동,839,33.6,40000,,,13,1,1993,,,,,,중개거래,
가양동,202606,오피스텔_전월세,마곡보타닉투웨니퍼스트,가양동,257-1,28.33,,2000,96,8,23,2020,,,,,,,
등촌동,202606,오피스텔_전월세,등촌크라운팰리스,등촌동,641-9,28.4,,22200,10,7,26,2019,,,,,,,
염창동,202606,오피스텔_전월세,한빛어반뉴스토리,염창동,266-12,28.69,,21370,31,14,13,2018,,,,,,,
화곡동,202606,오피스텔_전월세,웰타운A,화곡동,938-7,27.41,,20340,0,6,12,2021,신규,26.08~28.08,,,,,
마곡동,202606,오피스텔_전월세,아르디에,마곡동,784-13,18.59,,11250,0,7,28,2015,신규,26.08~28.08,,,,,
마곡동,202606,오피스텔_전월세,마곡시티오피스텔,마곡동,758,22.51,,3000,68,12,16,2016,신규,26.08~27.08,,,,,
화곡동,202606,오피스텔_전월세,화곡SJ라벨라,화곡동,921-6,42.13,,5000,95,5,25,2022,갱신,26.07~27.07,5000.0,90.0,,,
등촌동,202606,오피스텔_전월세,(115-6),등촌동,828,13.92,,15500,0,5,30,2020,갱신,26.08~27.04,15300.0,,,,
등촌동,202606,오피스텔_전월세,(115-6),등촌동,828,13.92,,3000,49,3,12,2020,갱신,26.07~27.07,3000.0,47.0,,,
등촌동,202606,오피스텔_전월세,대룡드림타워-1,등촌동,684-3,62.6,,2000,130,6,16,2004,신규,26.07~27.07,,,,,
등촌동,202606,오피스텔_전월세,호성스카이오피스텔,등촌동,847,26.79,,22500,0,9,25,2020,갱신,26.07~26.08,22500.0,,,,
마곡동,202606,오피스텔_전월세,마곡에비앙,마곡동,793-3,18.97,,500,70,8,24,2015,신규,26.07~27.07,,,,,
등촌동,202606,오피스텔_전월세,트라비하우스,등촌동,628-18,50.16,,1000,105,12,19,2005,신규,26.08~28.08,,,,,
마곡동,202606,오피스텔_전월세,마곡나루역보타닉푸르지오시티,마곡동,760,22.2,,1000,82,12,17,2017,신규,26.07~27.07,,,,,
방화동,202606,오피스텔_전월세,메종드아이디,방화동,612-147,31.77,,26800,0,3,21,2021,신규,26.07~28.07,,,,,
마곡동,202606,오피스텔_전월세,힐스테이트에코마곡,마곡동,797-14,24.09,,1000,80,7,18,2016,신규,26.07~27.07,,,,,
마곡동,202606,오피스텔_전월세,매그넘793,마곡동,793-7,27.46,,25000,0,2,24,2020,신규,26.07~28.07,,,,,
마곡동,202606,오피스텔_전월세,마곡센트럴대방디엠시티오피스텔,마곡동,776-2,24.02,,3000,67,4,27,2017,신규,26.08~27.08,,,,,
등촌동,202606,오피스텔_전월세,효성인텔리안,등촌동,681-3,85.18,,41000,20,6,1,2005,갱신,26.08~28.08,41000.0,,사용,,
방화동,202606,오피스텔_전월세,벽산에어트리움,방화동,849,28.03,,1000,55,8,13,2003,신규,26.07~28.07,,,,,
등촌동,202606,오피스텔_전월세,등촌동 Y HAUS 오피스텔,등촌동,633-24,28.3,,24500,0,4,27,2020,신규,26.08~28.08,,,,,
염창동,202606,오피스텔_전월세,하우스B,염창동,282-24,24.18,,1000,116,7,26,2022,신규,26.07~27.07,,,,,
등촌동,202606,오피스텔_전월세,등촌동 Y HAUS 오피스텔,등촌동,633-24,29.07,,2000,110,6,29,2020,신규,26.08~27.08,,,,,
마곡동,202606,오피스텔_전월세,힐스테이트 에코 마곡역,마곡동,773,19.87,,5000,57,8,2,2017,신규,26.08~27.08,,,,,
마곡동,202606,오피스텔_전월세,스카이오피스텔,마곡동,784-3,17.52,,500,65,3,27,2016,갱신,26.06~27.06,500.0,63.0,사용,,
마곡동,202606,오피스텔_전월세,마곡일성트루엘플래닛,마곡동,758-2,21.43,,1500,73,6,27,2016,신규,26.07~27.07,,,,,
가양동,202606,오피스텔_전월세,이스타빌2차,가양동,1480-1,30.6,,1000,65,8,30,2003,신규,26.07~27.07,,,,,
마곡동,202606,오피스텔_전월세,마곡사이언스파크뷰,마곡동,795-5,22.07,,1000,75,14,16,2016,신규,26.07~27.07,,,,,
등촌동,202606,오피스텔_전월세,경동미르웰양천향교2차,등촌동,685,29.68,,3000,100,6,19,2020,신규,26.07~27.07,,,,,
마곡동,202606,오피스텔_전월세,마곡경동미르웰,마곡동,784,17.96,,10800,25,9,13,2015,신규,26.07~28.07,,,,,
등촌동,202606,오피스텔_전월세,베르데하우스,등촌동,641-8,27.9,,3000,100,3,17,2021,신규,26.07~28.07,,,,,
화곡동,202606,오피스텔_전월세,강서 동도센트리움,화곡동,1161,18.97,,500,55,12,22,2012,신규,26.07~27.07,,,,,
등촌동,202606,오피스텔_전월세,강변샤르망3단지,등촌동,628-17,58.36,,34000,0,13,11,2005,신규,26.08~28.08,,,,,
마곡동,202606,오피스텔_전월세,힐스테이트에코동익,마곡동,773-3,25.26,,18000,10,5,6,2017,갱신,26.07~28.07,18900.0,,사용,,
마곡동,202606,오피스텔_전월세,힐스테이트 에코 마곡역,마곡동,773,42.09,,5000,142,13,4,2017,신규,26.07~27.07,,,,,
마곡동,202606,오피스텔_전월세,미르웰플러스오피스텔,마곡동,784-4,19.46,,1000,71,12,30,2015,갱신,26.08~27.08,1000.0,65.0,사용,,
염창동,202606,오피스텔_전월세,서경팰리스,염창동,267-10,28.69,,23800,0,7,30,2018,갱신,26.07~28.07,22000.0,,,,
마곡동,202606,오피스텔_전월세,마곡 파크뷰 대방디엠시티 오피스텔,마곡동,776,21.25,,16500,5,5,13,2019,갱신,26.08~28.08,16500.0,6.0,,,
화곡동,202606,오피스텔_전월세,강서파크뷰 투웨니퍼스트,화곡동,24-18,28.09,,1000,100,11,19,2020,신규,26.07~27.07,,,,,
염창동,202606,오피스텔_전월세,동남빌리지,염창동,263-20,28.4,,3000,57,4,28,2019,신규,26.07~27.07,,,,,
마곡동,202606,오피스텔_전월세,필네이처,마곡동,795-1,32.43,,3000,90,14,29,2016,갱신,26.07~27.07,3000.0,86.0,,,
마곡동,202606,오피스텔_전월세,마곡센트럴대방디엠시티오피스텔,마곡동,776-2,24.02,,1000,77,11,29,2017,갱신,26.07~27.07,1000.0,74.0,,,
공항동,202606,오피스텔_전월세,크라운타워,공항동,72-20,28.43,,2000,80,10,9,2024,신규,26.08~28.08,,,,,
등촌동,202606,오피스텔_전월세,삼부르네상스,등촌동,75-1,60.8,,2000,150,2,3,2004,신규,26.07~27.07,,,,,
마곡동,202606,오피스텔_전월세,마곡센트럴대방디엠시티오피스텔,마곡동,776-2,29.48,,1000,85,4,24,2017,신규,26.08~27.08,,,,,
마곡동,202606,오피스텔_전월세,마곡아이파크,마곡동,795-2,24.9,,15300,10,12,26,2016,갱신,26.07~27.07,15750.0,15.0,,,
마곡동,202606,오피스텔_전월세,마곡나루역보타닉푸르지오시티,마곡동,760,22.2,,5000,46,11,20,2017,신규,26.07~27.07,,,,,
마곡동,202606,오피스텔_전월세,벨리오,마곡동,784-8,20.58,,1000,70,9,29,2015,갱신,26.07~27.07,1000.0,68.0,,,
마곡동,202606,오피스텔_전월세,마곡시티오피스텔,마곡동,758,36.55,,23650,0,13,27,2016,갱신,26.08~28.08,23650.0,,,,
마곡동,202606,오피스텔_전월세,엠코지니어스타,마곡동,776-4,26.28,,1000,83,4,29,2015,신규,26.07~27.07,,,,,
마곡동,202606,오피스텔_전월세,벨리오,마곡동,784-8,20.58,,1000,68,8,12,2015,신규,26.07~27.07,,,,,
화곡동,202606,오피스텔_전월세,더플러스,화곡동,24-76,48.3,,2000,135,9,20,2019,신규,26.06~27.06,,,,,
마곡동,202606,오피스텔_전월세,마곡럭스나인오피스텔 엘동,마곡동,758-1,21.87,,1000,77,7,27,2017,신규,26.06~27.06,,,,,
등촌동,202606,오피스텔_전월세,석경트라움,등촌동,506-10,29.94,,20400,20,4,11,2017,갱신,26.08~28.08,20000.0,15.0,사용,,
가양동,202606,오피스텔_전월세,이스타빌1차,가양동,1480-5,30.24,,1000,60,3,27,2002,신규,26.07~27.07,,,,,
가양동,202606,오피스텔_전월세,이스타빌2차,가양동,1480-1,32.8,,1000,70,15,24,2003,신규,26.07~27.07,,,,,
마곡동,202606,오피스텔_전월세,마곡센트럴대방디엠시티오피스텔,마곡동,776-2,30.84,,3000,85,9,30,2017,신규,26.07~27.07,,,,,
등촌동,202606,오피스텔_전월세,등촌동 Y HAUS 오피스텔,등촌동,633-24,28.3,,3000,65,14,12,2020,갱신,26.08~27.08,3000.0,65.0,사용,,
가양동,202606,오피스텔_전월세,이스타빌2차,가양동,1480-1,32.8,,1000,70,4,23,2003,신규,26.07~28.07,,,,,
마곡동,202606,오피스텔_전월세,필네이처,마곡동,795-1,32.43,,24300,0,7,27,2016,신규,26.07~28.07,,,,,
화곡동,202606,오피스텔_전월세,연우넥스트파크뷰,화곡동,1110,24.07,,1000,85,13,29,2019,갱신,26.08~27.08,1000.0,85.0,,,
화곡동,202606,오피스텔_전월세,강서 동도센트리움,화곡동,1161,18.97,,3500,45,18,29,2012,신규,26.07~27.07,,,,,
마곡동,202606,오피스텔_전월세,마곡센트럴대방디엠시티오피스텔,마곡동,776-2,24.02,,500,75,6,27,2017,갱신,26.07~27.07,500.0,71.0,사용,,
가양동,202606,오피스텔_전월세,이스타빌1차,가양동,1480-5,32.4,,1000,65,9,28,2002,신규,26.07~27.07,,,,,
마곡동,202606,오피스텔_전월세,마곡나루역보타닉푸르지오시티,마곡동,760,22.2,,1000,80,5,16,2017,신규,26.07~27.07,,,,,
마곡동,202606,오피스텔_전월세,마곡역센트럴푸르지오시티,마곡동,773-1,23,,3000,65,4,30,2016,갱신,26.07~27.07,3000.0,62.0,사용,,
마곡동,202606,오피스텔_전월세,마곡 파크뷰 대방디엠시티 오피스텔,마곡동,776,21.25,,1000,85,8,25,2019,신규,26.07~27.07,,,,,
화곡동,202606,오피스텔_전월세,리치아파트 105동,화곡동,925-15,25.46,,18630,0,11,17,2021,신규,26.09~28.09,,,,,
마곡동,202606,오피스텔_전월세,힐스테이트에코동익,마곡동,773-3,24.57,,1000,83,6,28,2017,갱신,26.07~27.07,1000.0,83.0,,,
등촌동,202606,오피스텔_전월세,등촌동노블리움오피스텔,등촌동,628,23.32,,1000,65,8,9,2005,신규,26.07~27.07,,,,,
방화동,202606,오피스텔_전월세,에어뷰21-1오피스텔,방화동,829-5,26.91,,500,50,7,25,1999,신규,26.07~27.07,,,,,
화곡동,202606,오피스텔_전월세,GS  TOWER,화곡동,24-171,29.59,,3000,110,3,29,2026,신규,26.07~27.07,,,,,
등촌동,202606,오피스텔_전월세,대외그랜드오피스텔,등촌동,635-5,27.72,,9000,0,6,24,2003,신규,26.07~28.07,,,,,
방화동,202606,오피스텔_전월세,벽산에어트리움,방화동,849,28.03,,1000,47,10,3,2003,신규,26.06~27.06,,,,,
등촌동,202606,오피스텔_전월세,등촌투웨니퍼스트2차,등촌동,633-17,29.68,,21100,0,12,13,2016,갱신,26.07~28.07,22000.0,,사용,,
마곡동,202606,오피스텔_전월세,마곡나루역보타닉푸르지오시티,마곡동,760,22.2,,1000,80,12,27,2017,신규,26.07~27.07,,,,,
등촌동,202606,오피스텔_전월세,메종드NK,등촌동,649-13,36.62,,5000,120,6,27,2021,신규,26.08~28.08,,,,,
마곡동,202606,오피스텔_전월세,마곡센트럴대방디엠시티오피스텔,마곡동,776-2,24.02,,500,76,9,19,2017,갱신,26.06~27.06,500.0,73.0,,,
마곡동,202606,오피스텔_전월세,필네이처,마곡동,795-1,22.16,,1000,52,10,26,2016,신규,26.07~27.07,,,,,
마곡동,202606,오피스텔_전월세,마곡대명투웨니퍼스트,마곡동,784-6,17.96,,500,72,7,29,2015,신규,26.07~27.07,,,,,
화곡동,202606,오피스텔_전월세,넥시티,화곡동,981-5,29.94,,19620,0,10,24,2020,신규,26.09~28.09,,,,,
마곡동,202606,오피스텔_전월세,힐스테이트에코마곡,마곡동,797-14,23.75,,1000,77,14,27,2016,신규,26.07~27.07,,,,,
마곡동,202606,오피스텔_전월세,마곡나루역보타닉푸르지오시티,마곡동,760,22.2,,1000,87,6,29,2017,신규,26.07~27.07,,,,,
등촌동,202606,오피스텔_전월세,센트럴시티,등촌동,656-57,14.84,,2000,58,6,20,2020,갱신,26.07~27.07,2000.0,55.0,,,
마곡동,202606,오피스텔_전월세,필네이처,마곡동,795-1,22.16,,12500,10,11,28,2016,갱신,26.07~28.07,13700.0,10.0,,,
마곡동,202606,오피스텔_전월세,힐스테이트에코동익,마곡동,773-3,24.57,,18000,0,4,24,2017,갱신,26.07~28.07,18900.0,,,,
화곡동,202606,오피스텔_전월세,우장산 자하클래식,화곡동,1105-3,24.48,,17370,0,2,26,2020,신규,26.08~28.08,,,,,
등촌동,202606,오피스텔_전월세,효성인텔리안,등촌동,681-3,85.18,,3000,170,13,23,2005,신규,26.07~28.01,,,,,
화곡동,202606,오피스텔_전월세,BK힐타운 화곡,화곡동,24-43,31.52,,12000,5,4,17,2019,신규,26.08~28.08,,,,,
가양동,202606,오피스텔_전월세,마곡보타닉투웨니퍼스트,가양동,257-1,28.33,,24300,6,9,24,2020,갱신,26.08~28.08,24675.0,,사용,,
마곡동,202606,오피스텔_전월세,마곡나루역캐슬파크,마곡동,760-2,26.22,,2000,82,6,26,2016,신규,26.07~27.07,,,,,
마곡동,202606,오피스텔_전월세,마곡경동미르웰,마곡동,784,17.96,,3000,60,3,23,2015,신규,26.07~27.07,,,,,
화곡동,202606,오피스텔_전월세,자하클래식,화곡동,24-39,15.88,,500,63,5,19,2018,갱신,26.08~27.08,500.0,60.0,,,
마곡동,202606,오피스텔_전월세,힐스테이트에코동익,마곡동,773-3,25.26,,1000,82,15,23,2017,갱신,26.06~27.06,1000.0,78.0,사용,,
화곡동,202606,오피스텔_전월세,화성오피스텔,화곡동,29-45,28.98,,500,49,3,23,2003,갱신,26.06~28.06,500.0,47.0,사용,,
등촌동,202606,오피스텔_전월세,등촌동성원상떼뷰오피스텔,등촌동,673-6,38.98,,1000,75,6,3,2003,신규,26.07~27.07,,,,,
화곡동,202606,오피스텔_전월세,화곡SJ라벨라,화곡동,921-6,42.13,,2000,111,2,25,2022,갱신,26.07~27.07,2000.0,105.0,,,
화곡동,202606,오피스텔_전월세,화성오피스텔,화곡동,29-45,25.5,,500,49,6,26,2003,신규,26.07~28.07,,,,,
화곡동,202606,오피스텔_전월세,연우넥스트파크뷰,화곡동,1110,15.29,,1000,67,16,18,2019,신규,26.07~27.07,,,,,
마곡동,202606,오피스텔_전월세,마곡아이파크,마곡동,795-2,25.59,,4000,66,12,19,2016,신규,26.08~27.08,,,,,
등촌동,202606,오피스텔_전월세,등촌투웨니퍼스트2차,등촌동,633-17,29.68,,2000,110,7,18,2016,신규,26.08~28.08,,,,,
가양동,202606,오피스텔_전월세,이스타빌1차,가양동,1480-5,32.4,,1000,65,8,29,2002,신규,26.07~27.07,,,,,
화곡동,202606,오피스텔_전월세,크라운뷰,화곡동,982-17,20.6,,500,60,8,29,2009,신규,26.07~28.07,,,,,
마곡동,202606,오피스텔_전월세,마곡 파크뷰 대방디엠시티 오피스텔,마곡동,776,26.68,,20400,15,6,18,2019,신규,26.07~28.07,,,,,
마곡동,202606,오피스텔_전월세,마곡아이파크,마곡동,795-2,24.9,,15300,17,7,27,2016,신규,26.08~28.08,,,,,
마곡동,202606,오피스텔_전월세,마곡센트럴대방디엠시티오피스텔,마곡동,776-2,30.84,,3000,86,12,21,2017,갱신,26.06~27.06,3000.0,82.0,,,
마곡동,202606,오피스텔_전월세,마곡나루역캐슬파크,마곡동,760-2,23.39,,1000,90,4,26,2016,신규,26.07~27.07,,,,,
마곡동,202606,오피스텔_전월세,마곡센트럴대방디엠시티오피스텔,마곡동,776-2,24.02,,1000,78,14,30,2017,갱신,26.07~27.07,1000.0,75.0,사용,,
화곡동,202606,오피스텔_전월세,엠제이타운,화곡동,981-3,28.24,,5500,80,10,27,2020,신규,26.08~28.08,,,,,
방화동,202606,오피스텔_전월세,(620-214),방화동,620-214,27.37,,1000,55,12,27,2011,신규,26.07~27.07,,,,,
마곡동,202606,오피스텔_전월세,힐스테이트 에코 마곡역,마곡동,773,19.97,,1000,83,7,22,2017,신규,26.08~27.08,,,,,
염창동,202606,오피스텔_전월세,등촌노블레르,염창동,242-5,27.64,,22500,15,12,29,2020,신규,26.08~28.08,,,,,
가양동,202606,오피스텔_전월세,가양글로벌퍼스트,가양동,448-11,28.12,,1500,115,11,23,2018,신규,26.07~27.07,,,,,
등촌동,202606,오피스텔_전월세,비원오피스텔,등촌동,648-6,36.99,,1000,70,9,25,2004,신규,26.07~27.07,,,,,
마곡동,202606,오피스텔_전월세,아르디에,마곡동,784-13,18.59,,500,69,7,17,2015,갱신,26.08~27.08,500.0,66.0,,,
마곡동,202606,오피스텔_전월세,마곡나루역보타닉푸르지오시티,마곡동,760,22.2,,1000,77,6,23,2017,신규,26.07~27.07,,,,,
마곡동,202606,오피스텔_전월세,필네이처,마곡동,795-1,24.63,,1000,80,13,30,2016,신규,26.07~27.07,,,,,
방화동,202606,오피스텔_전월세,원타워펠리체,방화동,612-63,16.64,,1000,52,7,1,2016,신규,26.07~28.07,,,,,
마곡동,202606,오피스텔_전월세,마곡센트럴대방디엠시티오피스텔,마곡동,776-2,39.97,,1000,126,8,13,2017,갱신,26.06~27.06,1000.0,120.0,,,
방화동,202606,오피스텔_전월세,벤처오피스텔,방화동,620-52,20.4,,500,45,9,27,2002,신규,26.07~27.07,,,,,
마곡동,202606,오피스텔_전월세,우성르보아,마곡동,793-6,19.36,,1000,70,5,4,2015,신규,26.07~27.07,,,,,
가양동,202606,오피스텔_전월세,가양글로벌퍼스트,가양동,448-11,28.12,,23000,0,6,26,2018,갱신,26.08~28.08,24000.0,,,,
등촌동,202606,오피스텔_전월세,경동미르웰 양천향교 101동,등촌동,820,14.33,,2000,63,4,23,2017,신규,26.07~27.07,,,,,
마곡동,202606,오피스텔_전월세,엠코지니어스타,마곡동,776-4,23.84,,1000,70,9,30,2015,갱신,26.08~27.08,1000.0,67.0,,,
등촌동,202606,오피스텔_전월세,강서메트로칸,등촌동,656-52,17.34,,500,58,5,16,2013,신규,26.07~27.07,,,,,
화곡동,202606,오피스텔_전월세,연우넥스트파크뷰,화곡동,1110,23.75,,13000,35,7,12,2019,신규,26.08~28.08,,,,,
방화동,202606,오피스텔_전월세,(620-214),방화동,620-214,27.37,,1000,55,2,27,2011,신규,26.07~27.07,,,,,
마곡동,202606,오피스텔_전월세,마곡센트럴대방디엠시티오피스텔,마곡동,776-2,29.48,,2000,90,6,17,2017,신규,26.07~27.07,,,,,
염창동,202606,오피스텔_전월세,등촌노블레르,염창동,242-5,27.64,,15000,37,5,25,2020,신규,26.08~28.08,,,,,
마곡동,202606,오피스텔_전월세,마곡역센트럴푸르지오시티,마곡동,773-1,23,,15000,19,8,5,2016,갱신,26.08~28.08,15000.0,19.0,사용,,
가양동,202606,오피스텔_전월세,(184-5),가양동,184-5,39.1,,27500,0,4,20,2017,신규,26.08~28.08,,,,,
마곡동,202606,오피스텔_전월세,필네이처,마곡동,795-1,22.16,,500,69,11,12,2016,신규,26.06~27.06,,,,,
가양동,202606,오피스텔_전월세,마곡보타닉투웨니퍼스트,가양동,257-1,28.33,,24300,10,3,26,2020,갱신,26.07~28.07,26000.0,,,,
가양동,202606,오피스텔_전월세,마곡보타닉투웨니퍼스트,가양동,257-1,28.33,,24300,7,3,19,2020,갱신,26.07~28.07,25200.0,,,,
방화동,202606,오피스텔_전월세,오피앙,방화동,830,28.5,,500,50,9,4,2001,신규,26.07~27.07,,,,,
화곡동,202606,오피스텔_전월세,해평캐슬,화곡동,922-4,28.58,,26000,8,6,23,2024,신규,26.09~28.09,,,,,
마곡동,202606,오피스텔_전월세,매그넘793,마곡동,793-7,27.46,,1000,105,8,2,2020,신규,26.07~27.07,,,,,
마곡동,202606,오피스텔_전월세,매그넘793,마곡동,793-7,27.46,,1000,115,7,30,2020,신규,26.07~28.07,,,,,
염창동,202606,오피스텔_전월세,루미온,염창동,261-16,29.96,,13000,70,2,22,2022,신규,26.07~28.07,,,,,
화곡동,202606,오피스텔_전월세,미래안포레,화곡동,1105,20.33,,18500,0,10,20,2022,신규,26.08~28.08,,,,,
마곡동,202606,오피스텔_전월세,힐스테이트에코마곡,마곡동,797-14,24.09,,15750,15,9,24,2016,신규,26.08~28.08,,,,,
방화동,202606,오피스텔_전월세,에어뷰21-2오피스텔,방화동,830-1,26.91,,500,45,6,17,1999,신규,26.07~27.07,,,,,
가양동,202606,오피스텔_전월세,휴먼빌,가양동,1479-9,25.64,,1000,55,14,26,2004,신규,26.07~27.07,,,,,
마곡동,202606,오피스텔_전월세,마곡대명투웨니퍼스트,마곡동,784-6,17.96,,1000,70,9,25,2015,신규,26.07~27.07,,,,,
마곡동,202606,오피스텔_전월세,마곡시티오피스텔,마곡동,758,22.51,,1000,62,3,30,2016,갱신,26.08~27.08,1000.0,59.0,,,
공항동,202606,오피스텔_전월세,크라운타워,공항동,72-20,29.32,,13000,38,2,25,2024,갱신,26.08~28.08,13000.0,35.0,사용,,
가양동,202606,오피스텔_전월세,휴먼빌,가양동,1479-9,30.8,,1000,60,14,20,2004,신규,26.07~27.07,,,,,
화곡동,202606,오피스텔_전월세,우장산투웨니퍼스트,화곡동,72-3,29.39,,1000,95,8,17,2018,신규,26.08~27.08,,,,,
마곡동,202606,오피스텔_전월세,마곡나루역보타닉푸르지오시티,마곡동,760,19.96,,1000,74,6,13,2017,신규,26.07~27.07,,,,,
화곡동,202606,오피스텔_전월세,네스트인,화곡동,901-1,28.54,,2000,105,5,25,2022,신규,26.07~27.07,,,,,
마곡동,202606,오피스텔_전월세,마곡 파크뷰 대방디엠시티 오피스텔,마곡동,776,21.25,,1000,80,5,6,2019,신규,26.07~27.07,,,,,
마곡동,202606,오피스텔_전월세,마곡일성트루엘플래닛,마곡동,758-2,21.27,,12622,13,6,27,2016,신규,26.08~28.08,,,,,
방화동,202606,오피스텔_전월세,(620-214),방화동,620-214,27.37,,1000,55,2,24,2011,신규,26.07~27.07,,,,,
마곡동,202606,오피스텔_전월세,힐스테이트에코마곡,마곡동,797-14,24.46,,16200,15,6,29,2016,신규,26.09~28.09,,,,,
화곡동,202606,오피스텔_전월세,(24-126),화곡동,24-126,33.48,,500,60,3,11,1995,신규,26.07~28.07,,,,,
공항동,202606,오피스텔_전월세,이스카이오피스텔,공항동,49-1,24.57,,1000,60,5,30,2011,신규,26.07~28.07,,,,,
등촌동,202606,오피스텔_전월세,비원오피스텔,등촌동,648-6,36.99,,1000,65,5,29,2004,신규,26.07~27.07,,,,,
마곡동,202606,오피스텔_전월세,마곡나루역보타닉푸르지오시티,마곡동,760,22.2,,1000,80,11,26,2017,신규,26.06~27.06,,,,,
마곡동,202606,오피스텔_전월세,마곡 헤리움1차,마곡동,739-4,24.07,,1000,74,4,13,2015,신규,26.07~27.07,,,,,
마곡동,202606,오피스텔_전월세,마곡역센트럴푸르지오시티,마곡동,773-1,22.84,,1000,80,8,29,2016,신규,26.06~27.06,,,,,
마곡동,202606,오피스텔_전월세,마곡헤리움2차,마곡동,758-3,22.51,,1000,77,12,30,2016,신규,26.07~27.07,,,,,
마곡동,202606,오피스텔_전월세,엘리안,마곡동,793-4,22.23,,13000,10,8,25,2015,신규,26.08~28.08,,,,,
등촌동,202606,오피스텔_전월세,등촌동두산위브센티움,등촌동,631,22.6,,1000,70,8,10,2004,신규,26.07~28.07,,,,,
마곡동,202606,오피스텔_전월세,마곡헤리움2차,마곡동,758-3,22.51,,500,67,2,13,2016,갱신,26.07~27.07,500.0,65.0,,,
마곡동,202606,오피스텔_전월세,힐스테이트에코동익,마곡동,773-3,24.57,,10000,50,5,19,2017,갱신,26.06~27.06,10000.0,48.0,,,
방화동,202606,오피스텔_전월세,에어뷰21-1오피스텔,방화동,829-5,24.99,,500,47,7,22,1999,갱신,26.06~28.06,500.0,45.0,사용,,
등촌동,202606,오피스텔_전월세,한빛어반뉴스토리,등촌동,656-37,27.31,,20000,20,4,22,2017,신규,26.08~28.08,,,,,
마곡동,202606,오피스텔_전월세,우성르보아투,마곡동,739-2,20.24,,500,64,5,25,2015,신규,26.06~27.06,,,,,
마곡동,202606,오피스텔_전월세,마곡나루역보타닉푸르지오시티,마곡동,760,32.88,,30000,15,12,13,2017,신규,26.07~28.07,,,,,
마곡동,202606,오피스텔_전월세,마곡역센트럴푸르지오시티,마곡동,773-1,23.87,,5000,60,3,6,2016,신규,26.07~27.07,,,,,
화곡동,202606,오피스텔_전월세,골든라인씨티,화곡동,935-15,29.9,,17460,0,15,17,2019,신규,26.09~28.09,,,,,
마곡동,202606,오피스텔_전월세,마곡일성트루엘플래닛,마곡동,758-2,42.86,,2000,140,14,22,2016,갱신,26.07~27.07,2000.0,135.0,,,
화곡동,202606,오피스텔_전월세,포유,화곡동,1111-4,17.92,,1000,66,8,18,2018,신규,26.07~27.07,,,,,
마곡동,202606,오피스텔_전월세,마곡럭스나인오피스텔,마곡동,758-4,25.29,,4000,65,8,24,2016,갱신,26.08~27.08,4000.0,63.0,,,
염창동,202606,오피스텔_전월세,염창역한강투웨니퍼스트,염창동,261,29.98,,26500,9,13,23,2022,신규,26.08~28.08,,,,,
방화동,202606,오피스텔_전월세,에어뷰21-2오피스텔,방화동,830-1,26.91,,500,50,7,19,1999,신규,26.06~27.06,,,,,
마곡동,202606,오피스텔_전월세,마곡나루역보타닉푸르지오시티,마곡동,760,22.2,,500,86,11,17,2017,신규,26.06~27.06,,,,,
화곡동,202606,오피스텔_전월세,두선빌 오피스텔,화곡동,1075-15,22.54,,500,50,6,29,2002,신규,26.07~27.07,,,,,
마곡동,202606,오피스텔_전월세,힐스테이트 에코 마곡역,마곡동,773,19.97,,2000,66,8,17,2017,신규,26.07~28.07,,,,,
마곡동,202606,오피스텔_전월세,마곡센트럴대방디엠시티오피스텔,마곡동,776-2,24.02,,500,73,4,19,2017,신규,26.07~27.07,,,,,
마곡동,202606,오피스텔_전월세,마곡아이파크,마곡동,795-2,25.55,,16875,0,4,15,2016,갱신,26.07~28.07,16875.0,,,,
화곡동,202606,오피스텔_전월세,센트럴파크아파트,화곡동,900-47,25.43,,100,60,7,27,2021,신규,26.07~26.10,,,,,
마곡동,202606,오피스텔_전월세,마곡오드카운티2차,마곡동,784-9,30.37,,500,106,2,13,,갱신,26.08~27.08,500.0,101.0,,,
화곡동,202606,오피스텔_전월세,아덴하임,화곡동,24-92,26.63,,1000,85,13,27,2020,갱신,26.07~27.07,1000.0,85.0,,,
등촌동,202606,오피스텔_전월세,어위쉬 예다인,등촌동,63-12,81.89,,32000,65,8,30,2008,신규,26.09~28.09,,,,,
화곡동,202606,오피스텔_전월세,네스트인,화곡동,901-1,28.54,,3000,105,10,25,2022,신규,26.07~28.07,,,,,
등촌동,202606,오피스텔_전월세,호성스카이오피스텔,등촌동,847,26.79,,22500,0,9,26,2020,신규,26.08~28.08,,,,,
화곡동,202606,오피스텔_전월세,우장산투웨니퍼스트,화곡동,72-3,29.21,,19600,0,8,22,2018,갱신,26.07~28.07,19180.0,,,,
마곡동,202606,오피스텔_전월세,마곡오드카운티1차,마곡동,784-11,19.64,,1000,70,2,19,2016,신규,26.07~27.07,,,,,
화곡동,202606,오피스텔_전월세,(343-66),화곡동,343-66,27.62,,500,65,2,12,2004,신규,26.07~27.07,,,,,
마곡동,202606,오피스텔_전월세,아르디에,마곡동,784-13,18.59,,500,61,2,10,2015,갱신,26.06~27.06,500.0,59.0,,,
등촌동,202606,오피스텔_전월세,뉴스토리오피스텔,등촌동,683-1,17.52,,1000,65,9,15,2013,신규,26.06~26.12,,,,,
방화동,202606,오피스텔_전월세,벤처오피스텔,방화동,621-2,25.16,,500,50,5,5,2003,신규,26.08~28.08,,,,,
마곡동,202606,오피스텔_전월세,힐스테이트에코동익,마곡동,773-3,24.57,,3000,80,4,13,2017,신규,26.07~27.07,,,,,
마곡동,202606,오피스텔_전월세,마곡일성트루엘플래닛,마곡동,758-2,21.43,,13365,19,3,22,2016,갱신,26.08~28.08,13950.0,15.0,,,
등촌동,202606,오피스텔_전월세,한울팰리스,등촌동,510-2,44.05,,23000,20,2,9,2017,갱신,26.08~28.08,23000.0,10.0,,,
화곡동,202606,오피스텔_전월세,대성케이제이,화곡동,937-14,41.66,,2000,100,7,22,2020,신규,26.07~28.07,,,,,
가양동,202606,오피스텔_전월세,가양글로벌퍼스트,가양동,448-11,28.12,,2000,110,3,12,2018,신규,26.08~27.08,,,,,
마곡동,202606,오피스텔_전월세,우성르보아투,마곡동,739-2,20.24,,1000,62,5,30,2015,신규,26.07~27.07,,,,,
등촌동,202606,오피스텔_전월세,한빛어반뉴스토리,등촌동,656-37,27.31,,21100,0,12,25,2017,신규,26.08~28.08,,,,,
화곡동,202606,오피스텔_전월세,자하클래식,화곡동,24-39,15.88,,11700,5,14,11,2018,신규,26.08~28.08,,,,,
공항동,202606,오피스텔_전월세,헬리그라프 마곡에디션,공항동,8-5,29.02,,2000,125,10,27,2024,신규,26.07~28.07,,,,,
마곡동,202606,오피스텔_전월세,유림트윈파크,마곡동,793,19.99,,500,70,8,27,2015,신규,26.06~27.06,,,,,
마곡동,202606,오피스텔_전월세,마곡 파크뷰 대방디엠시티 오피스텔,마곡동,776,21.25,,16500,0,10,26,2019,신규,26.08~28.08,,,,,
화곡동,202606,오피스텔_전월세,원타워 5차 오피스텔,화곡동,987-7,17.04,,16980,0,18,20,2021,갱신,26.06~28.06,17000.0,,,,
마곡동,202606,오피스텔_전월세,플레이스에이치,마곡동,793-9,18.38,,500,70,10,24,2015,신규,26.06~27.06,,,,,
마곡동,202606,오피스텔_전월세,마곡나루역보타닉푸르지오시티,마곡동,760,19.96,,1000,75,11,27,2017,신규,26.08~27.08,,,,,
마곡동,202606,오피스텔_전월세,마곡 파크뷰 대방디엠시티 오피스텔,마곡동,776,21.25,,500,81,11,14,2019,신규,26.07~27.07,,,,,
공항동,202606,오피스텔_전월세,세종에어포트원,공항동,45-14,29.98,,21000,0,9,27,2018,신규,26.09~28.09,,,,,
화곡동,202606,오피스텔_전월세,거영오피스텔,화곡동,1073-9,27.64,,1000,62,8,27,2007,신규,26.07~28.07,,,,,
마곡동,202606,오피스텔_전월세,마곡 헤리움1차,마곡동,739-4,24.07,,1000,74,9,29,2015,신규,26.08~27.08,,,,,
등촌동,202606,오피스텔_전월세,호성스카이오피스텔,등촌동,847,26.79,,21998,0,5,23,2020,갱신,26.07~27.07,20950.0,,,,
염창동,202606,오피스텔_전월세,팔레시움,염창동,283-2,18.14,,1000,55,3,25,2012,신규,26.06~27.06,,,,,
마곡동,202606,오피스텔_전월세,엠코지니어스타,마곡동,776-4,23.84,,15300,0,13,23,2015,신규,26.07~28.07,,,,,
화곡동,202606,오피스텔_전월세,르미엘,화곡동,987-3,20.96,,21720,0,18,8,2022,갱신,26.07~28.07,21420.0,,사용,,
화곡동,202606,오피스텔_전월세,토석아네스아파트,화곡동,24-138,43.84,,14000,0,3,27,2012,신규,26.08~28.08,,,,,
마곡동,202606,오피스텔_전월세,마곡경동미르웰,마곡동,784,17.96,,500,50,4,30,2015,갱신,26.07~27.07,1.0,47.0,,,
마곡동,202606,오피스텔_전월세,힐스테이트 에코 마곡역,마곡동,773,19.87,,15660,5,6,22,2017,갱신,26.07~28.07,16650.0,,사용,,
화곡동,202606,오피스텔_전월세,예가채 Ⅱ,화곡동,1105-10,45.75,,19500,0,3,19,2014,갱신,26.07~28.07,17000.0,,,,
마곡동,202606,오피스텔_전월세,힐스테이트에코동익,마곡동,773-3,24.57,,17875,0,7,20,2017,갱신,26.07~28.07,17075.0,,,,
마곡동,202606,오피스텔_전월세,우성르보아투,마곡동,739-2,20.24,,11200,12,8,30,2015,신규,26.08~28.08,,,,,
마곡동,202606,오피스텔_전월세,마곡헤리움2차,마곡동,758-3,22.51,,1000,75,10,13,2016,신규,26.07~27.07,,,,,
화곡동,202606,오피스텔_전월세,(27-10),화곡동,27-10,32.48,,8100,10,3,30,1996,신규,26.08~28.08,,,,,
마곡동,202606,오피스텔_전월세,마곡나루역보타닉푸르지오시티,마곡동,760,22.2,,1000,85,13,13,2017,신규,26.06~27.06,,,,,
마곡동,202606,오피스텔_전월세,마곡역센트럴푸르지오시티,마곡동,773-1,39.23,,33000,0,4,29,2016,신규,26.08~28.08,,,,,
화곡동,202606,오피스텔_전월세,경동엠파이어스테이트,화곡동,1111-3,18.61,,500,55,16,25,2012,신규,26.06~27.06,,,,,
마곡동,202606,오피스텔_전월세,마곡 파크뷰 대방디엠시티 오피스텔,마곡동,776,21.25,,3000,70,5,29,2019,갱신,26.08~27.08,3000.0,63.0,,,
방화동,202606,오피스텔_전월세,경동화인시티,방화동,612-2,19.44,,500,45,2,11,2010,신규,26.07~27.07,,,,,
마곡동,202606,오피스텔_전월세,마곡헤리움2차,마곡동,758-3,22.51,,4000,65,7,29,2016,신규,26.07~27.07,,,,,
마곡동,202606,오피스텔_전월세,마곡센트럴대방디엠시티오피스텔,마곡동,776-2,24.02,,1000,72,8,13,2017,신규,26.06~27.06,,,,,
방화동,202606,오피스텔_전월세,에어뷰21-1오피스텔,방화동,829-5,24.99,,500,47,9,15,1999,갱신,26.06~27.06,500.0,45.0,사용,,
등촌동,202606,오피스텔_전월세,등촌동 Y HAUS 오피스텔,등촌동,633-24,28.3,,26460,5,11,15,2020,갱신,26.07~27.07,26460.0,,,,
화곡동,202606,오피스텔_전월세,경동엠파이어시티 101동,화곡동,1051-1,15.63,,9840,0,7,30,2013,신규,26.07~28.07,,,,,
가양동,202606,오피스텔_전월세,미씨엘로오피스텔,가양동,1480-4,41.04,,1000,100,8,4,2010,신규,26.07~28.07,,,,,
화곡동,202606,오피스텔_전월세,(900-30),화곡동,900-30,22.79,,2000,45,2,26,2003,신규,26.06~28.06,,,,,
마곡동,202606,오피스텔_전월세,롯데캐슬 르웨스트,마곡동,767-4,46.24,,5000,230,13,25,2024,신규,26.07~28.07,,,,,
마곡동,202606,오피스텔_전월세,우성르보아투,마곡동,739-2,20.24,,500,65,11,29,2015,신규,26.07~27.07,,,,,
마곡동,202606,오피스텔_전월세,마곡센트럴대방디엠시티오피스텔,마곡동,776-2,24.02,,1000,82,12,11,2017,신규,26.07~27.07,,,,,
마곡동,202606,오피스텔_전월세,마곡럭스나인오피스텔 엘동,마곡동,758-1,21.87,,10000,30,10,30,2017,신규,26.07~27.07,,,,,
마곡동,202606,오피스텔_전월세,마곡 파크뷰 대방디엠시티 오피스텔,마곡동,776,35.22,,31000,0,11,30,2019,갱신,26.08~28.08,28941.0,,,,
마곡동,202606,오피스텔_전월세,힐스테이트에코 마곡나루역 라마다앙코르 서울마곡,마곡동,760-1,20.1,,14500,10,6,30,2017,신규,26.07~28.07,,,,,
화곡동,202606,오피스텔_전월세,자하클래식,화곡동,24-39,15.88,,13000,0,14,24,2018,신규,26.07~28.07,,,,,
화곡동,202606,오피스텔_전월세,귀뚜라미홈시스텔,화곡동,1111-2,33.72,,2000,35,7,30,2006,신규,26.07~27.07,,,,,
마곡동,202606,오피스텔_전월세,엠코지니어스타,마곡동,776-4,24.83,,5000,44,12,27,2015,신규,26.07~27.07,,,,,
마곡동,202606,오피스텔_전월세,마곡에비앙,마곡동,793-3,18.45,,11800,0,6,27,2015,신규,26.07~28.07,,,,,
마곡동,202606,오피스텔_전월세,힐스테이트에코동익,마곡동,773-3,25.26,,1000,85,10,11,2017,신규,26.07~28.07,,,,,
마곡동,202606,오피스텔_전월세,우성르보아투,마곡동,739-2,20.24,,2000,57,9,19,2015,갱신,26.08~27.08,500.0,60.0,,,
등촌동,202606,오피스텔_전월세,퀸즈오피스텔,등촌동,641-10,14.53,,12000,14,6,30,2018,신규,26.07~28.07,,,,,
화곡동,202606,오피스텔_전월세,원타워 5차 오피스텔,화곡동,987-7,17.04,,14480,0,7,20,2021,갱신,26.06~26.07,14480.0,10.0,,,
등촌동,202606,오피스텔_전월세,우림보보카운티뷰,등촌동,649-14,27.36,,1000,65,3,15,2004,신규,26.07~27.07,,,,,
마곡동,202606,오피스텔_전월세,마곡일성트루엘플래닛,마곡동,758-2,21.27,,1000,75,8,27,2016,신규,26.07~27.07,,,,,
가양동,202606,오피스텔_전월세,이스타빌2차,가양동,1480-1,32.8,,1000,70,14,30,2003,신규,26.07~27.07,,,,,
마곡동,202606,오피스텔_전월세,마곡 파크뷰 대방디엠시티 오피스텔,마곡동,776,26.68,,3000,85,12,13,2019,신규,26.07~27.07,,,,,
마곡동,202606,오피스텔_전월세,마곡오드카운티2차,마곡동,784-9,17.36,,1000,65,4,22,,신규,26.07~27.07,,,,,
마곡동,202606,오피스텔_전월세,유림트윈파크,마곡동,793,19.99,,500,70,5,22,2015,신규,26.07~27.07,,,,,
등촌동,202606,오피스텔_전월세,센트럴시티,등촌동,656-57,31.47,,23260,0,15,12,2020,신규,26.07~28.07,,,,,
화곡동,202606,오피스텔_전월세,화곡 이레타워벨리스,화곡동,1063-2,16.64,,18600,0,4,3,2023,신규,26.08~28.08,,,,,
마곡동,202606,오피스텔_전월세,마곡 파크뷰 대방디엠시티 오피스텔,마곡동,776,26.68,,21800,4,5,30,2019,갱신,26.08~27.08,21800.0,,,,
마곡동,202606,오피스텔_전월세,엘리안,마곡동,793-4,22.23,,1000,73,10,19,2015,신규,26.07~27.07,,,,,
마곡동,202606,오피스텔_전월세,마곡아이파크,마곡동,795-2,25.55,,15300,15,6,10,2016,신규,26.08~28.08,,,,,
마곡동,202606,오피스텔_전월세,마곡아이파크,마곡동,795-2,26.42,,1000,83,8,15,2016,신규,26.07~27.07,,,,,
마곡동,202606,오피스텔_전월세,마곡나루역보타닉푸르지오시티,마곡동,760,22.17,,990,79,4,13,2017,신규,26.07~27.02,,,,,
염창동,202606,오피스텔_전월세,목동더채움,염창동,262-5,61.87,,54000,0,17,29,2023,신규,26.07~28.07,,,,,
마곡동,202606,오피스텔_전월세,마곡오드카운티1차,마곡동,784-11,19.64,,12150,0,7,16,2016,신규,26.07~26.11,,,,,
마곡동,202606,오피스텔_전월세,갤럭시인텔리젼스,마곡동,793-2,18.84,,3000,58,7,29,2015,갱신,26.08~27.08,3000.0,58.0,,,
등촌동,202606,오피스텔_전월세,등촌 미르웰 한올림 3차,등촌동,656-58,14.41,,1000,65,12,24,2018,신규,26.08~27.08,,,,,
마곡동,202606,오피스텔_전월세,마곡센트럴대방디엠시티오피스텔,마곡동,776-2,24.02,,1000,79,9,12,2017,신규,26.07~27.07,,,,,
화곡동,202606,오피스텔_전월세,화신오피스텔,화곡동,105-398,22.5,,3000,50,4,8,2002,신규,26.07~28.07,,,,,
등촌동,202606,오피스텔_전월세,(115-6),등촌동,828,13.92,,500,65,6,6,2020,신규,26.07~27.07,,,,,
방화동,202606,오피스텔_전월세,방화샤르망2오피스텔,방화동,830-5,17.64,,500,37,6,23,2003,신규,26.07~27.07,,,,,
화곡동,202606,오피스텔_전월세,브릴리언트 화곡,화곡동,905-11,29.29,,1000,115,4,27,2022,신규,26.06~27.06,,,,,
마곡동,202606,오피스텔_전월세,마곡나루역보타닉푸르지오시티,마곡동,760,22.76,,12000,40,14,24,2017,신규,26.07~27.07,,,,,
마곡동,202606,오피스텔_전월세,마곡 헤리움1차,마곡동,739-4,24.07,,13700,15,8,16,2015,신규,26.07~28.07,,,,,
등촌동,202606,오피스텔_전월세,한빛어반뉴스토리,등촌동,656-37,27.31,,18700,33,11,27,2017,신규,26.08~28.08,,,,,
마곡동,202606,오피스텔_전월세,엘리안,마곡동,793-4,23.73,,1000,72,7,12,2015,신규,26.06~27.06,,,,,
등촌동,202606,오피스텔_전월세,유원더블레스,등촌동,637-27,21,,21900,0,5,27,2020,신규,26.07~28.07,,,,,
마곡동,202606,오피스텔_전월세,마곡역센트럴푸르지오시티,마곡동,773-1,23.87,,1000,80,10,30,2016,신규,26.07~28.07,,,,,
마곡동,202606,오피스텔_전월세,마곡나루역보타닉푸르지오시티,마곡동,760,22.2,,1000,80,5,30,2017,신규,26.07~27.07,,,,,
마곡동,202606,오피스텔_전월세,마곡나루역보타닉푸르지오시티,마곡동,760,22.2,,1000,80,9,21,2017,신규,26.06~27.06,,,,,
등촌동,202606,오피스텔_전월세,The ZAHA,등촌동,565-5,25.37,,100,85,8,24,2021,신규,26.06~26.09,,,,,
화곡동,202606,오피스텔_전월세,거영오피스텔,화곡동,1073-9,25.25,,1000,58,8,13,2007,신규,26.06~28.06,,,,,
가양동,202606,오피스텔_전월세,가양글로벌퍼스트,가양동,448-11,28.12,,23100,4,4,11,2018,갱신,26.07~27.07,23100.0,,사용,,
가양동,202606,오피스텔_전월세,이스타빌2차,가양동,1480-1,30.6,,500,70,6,18,2003,신규,26.06~27.06,,,,,
등촌동,202606,오피스텔_전월세,경동미르웰한올림,등촌동,656,16.19,,2000,60,3,23,2016,신규,26.07~27.07,,,,,
방화동,202606,오피스텔_전월세,벽산에어트리움,방화동,849,28.03,,500,60,5,2,2003,신규,26.06~27.06,,,,,
화곡동,202606,오피스텔_전월세,동인쉐르빌,화곡동,1063-5,23.79,,500,49,6,24,2003,신규,26.07~28.06,,,,,
등촌동,202606,오피스텔_전월세,(115-6),등촌동,828,13.92,,500,66,4,26,2020,신규,26.07~28.06,,,,,
화곡동,202606,오피스텔_전월세,The Forest (화곡Ⅱ),화곡동,24-72,28.5,,500,100,5,25,2021,신규,26.06~27.06,,,,,
마곡동,202606,오피스텔_전월세,마곡럭스나인오피스텔,마곡동,758-4,32.58,,2000,140,14,30,2016,신규,26.07~27.07,,,,,
마곡동,202606,오피스텔_전월세,벨리오,마곡동,784-8,20.58,,500,70,8,5,2015,갱신,26.07~27.07,500.0,68.0,,,
염창동,202606,오피스텔_전월세,한빛어반뉴스토리,염창동,266-12,28.69,,21300,30,6,30,2018,신규,26.08~28.08,,,,,
마곡동,202606,오피스텔_전월세,마곡나루역보타닉푸르지오시티,마곡동,760,22.2,,1000,85,12,13,2017,갱신,26.06~27.06,1000.0,85.0,,,
화곡동,202606,오피스텔_전월세,미래안포레,화곡동,1105,20.83,,19200,0,16,28,2022,갱신,26.06~28.06,19200.0,,,,
화곡동,202606,오피스텔_전월세,NS오피스,화곡동,402-3,20.66,,8000,0,3,30,2013,갱신,26.06~28.06,8000.0,,,,
방화동,202606,오피스텔_전월세,경동화인시티,방화동,612-2,19.44,,1000,45,5,10,2010,신규,26.07~28.06,,,,,
화곡동,202606,오피스텔_전월세,우장산투웨니퍼스트,화곡동,72-3,29.39,,2000,88,12,5,2018,갱신,26.07~27.07,2000.0,85.0,,,
화곡동,202606,오피스텔_전월세,서경홈타운,화곡동,24-144,28.59,,200,55,9,24,2021,신규,26.06~27.06,,,,,
등촌동,202606,오피스텔_전월세,킹덤하이너스,등촌동,656-41,36.28,,24900,0,4,29,2018,갱신,26.07~28.07,23800.0,,,,
마곡동,202606,오피스텔_전월세,스카이오피스텔,마곡동,784-3,17.52,,12000,10,7,20,2016,신규,26.07~28.07,,,,,
방화동,202606,오피스텔_전월세,방화샤르망1오피스텔,방화동,830-3,16.29,,500,35,8,12,2003,신규,26.07~27.07,,,,,
마곡동,202606,오피스텔_전월세,힐스테이트에코동익,마곡동,773-3,24.57,,1000,80,13,6,2017,신규,26.06~27.06,,,,,
화곡동,202606,오피스텔_전월세,강서구청 파크뷰 에버,화곡동,987-1,15.43,,1000,66,11,16,2020,신규,26.07~27.07,,,,,
화곡동,202606,오피스텔_전월세,디아인스,화곡동,899-31,36.1,,24000,0,5,24,2018,신규,26.07~28.07,,,,,
마곡동,202606,오피스텔_전월세,힐스테이트에코동익,마곡동,773-3,24.57,,8000,55,14,25,2017,갱신,26.09~27.09,5000.0,70.0,,,
마곡동,202606,오피스텔_전월세,마곡대명투웨니퍼스트,마곡동,784-6,17.96,,1000,65,6,23,2015,신규,26.07~27.07,,,,,
등촌동,202606,오피스텔_전월세,강서메트로칸,등촌동,656-52,18.75,,1000,58,3,22,2013,신규,26.06~27.06,,,,,
마곡동,202606,오피스텔_전월세,엠코지니어스타,마곡동,776-4,23.84,,10000,40,4,18,2015,갱신,26.07~27.07,10000.0,35.0,사용,,
등촌동,202606,오피스텔_전월세,경동미르웰한올림,등촌동,656,16.19,,4200,53,5,27,2016,신규,26.07~27.07,,,,,
화곡동,202606,오피스텔_전월세,강서 동도센트리움,화곡동,1161,18.42,,1000,55,18,29,2012,신규,26.06~27.06,,,,,
마곡동,202606,오피스텔_전월세,마곡역센트럴푸르지오시티,마곡동,773-1,23.87,,1000,78,7,2,2016,갱신,26.06~26.11,3000.0,47.0,,,
마곡동,202606,오피스텔_전월세,마곡아이파크,마곡동,795-2,36.97,,1000,130,6,25,2016,신규,26.08~28.08,,,,,
마곡동,202606,오피스텔_전월세,마곡일성트루엘플래닛,마곡동,758-2,21.43,,14400,10,11,10,2016,갱신,26.06~28.06,14400.0,10.0,사용,,
마곡동,202606,오피스텔_전월세,마곡나루역캐슬파크,마곡동,760-2,23.39,,17700,20,5,27,2016,신규,26.08~28.08,,,,,
마곡동,202606,오피스텔_전월세,힐스테이트 에코 마곡역,마곡동,773,19.87,,1000,78,5,19,2017,신규,26.06~27.06,,,,,
마곡동,202606,오피스텔_전월세,엠코지니어스타,마곡동,776-4,23.84,,15600,15,13,24,2015,갱신,26.07~27.07,15600.0,15.0,,,
마곡동,202606,오피스텔_전월세,마곡일성트루엘플래닛,마곡동,758-2,21.43,,1000,74,7,3,2016,신규,26.06~27.06,,,,,
화곡동,202606,오피스텔_전월세,세명 더블라썸,화곡동,1063-10,34.65,,24900,0,7,29,2019,갱신,26.07~28.07,24900.0,,사용,,
마곡동,202606,오피스텔_전월세,힐스테이트에코동익,마곡동,773-3,24.57,,1000,85,15,20,2017,신규,26.07~27.07,,,,,
마곡동,202606,오피스텔_전월세,마곡 파크뷰 대방디엠시티 오피스텔,마곡동,776,35.22,,31760,0,7,30,2019,신규,26.08~28.08,,,,,
화곡동,202606,오피스텔_전월세,경동엠파이어시티 101동,화곡동,1051-1,16.1,,500,50,6,30,2013,갱신,26.06~28.06,500.0,49.0,사용,,
방화동,202606,오피스텔_전월세,라센트로,방화동,620-115,45.04,,28350,0,8,13,2022,갱신,26.07~28.07,27000.0,,사용,,
방화동,202606,오피스텔_전월세,방화샤르망2오피스텔,방화동,830-5,17.64,,500,38,10,25,2003,신규,26.06~27.06,,,,,
등촌동,202606,오피스텔_전월세,태양빌딩,등촌동,654-61,22.81,,1500,55,5,20,2004,갱신,26.07~27.07,1000.0,55.0,,,
염창동,202606,오피스텔_전월세,염창역한강투웨니퍼스트,염창동,261,29.98,,28500,0,10,26,2022,신규,26.08~28.08,,,,,
염창동,202606,오피스텔_전월세,시그니쳐스위트,염창동,250-4,29.73,,36000,30,3,27,2022,신규,26.07~28.07,,,,,
화곡동,202606,오피스텔_전월세,강서오피스텔,화곡동,29-74,35.51,,1500,45,4,13,1998,신규,26.06~28.06,,,,,
화곡동,202606,오피스텔_전월세,아델스하임,화곡동,925-22,25.94,,4000,65,7,6,2020,신규,26.07~28.06,,,,,
가양동,202606,오피스텔_전월세,휴먼빌,가양동,1479-9,25.64,,1000,55,11,2,2004,신규,26.06~27.06,,,,,
방화동,202606,오피스텔_전월세,오피앙,방화동,830,22.5,,500,39,7,26,2001,신규,26.06~27.06,,,,,
마곡동,202606,오피스텔_전월세,마곡경동미르웰,마곡동,784,17.96,,500,68,3,3,2015,갱신,26.06~26.08,500.0,65.0,,,
마곡동,202606,오피스텔_전월세,엘리안,마곡동,793-4,22.23,,3000,53,7,1,2015,갱신,26.06~27.06,3000.0,50.0,사용,,
마곡동,202606,오피스텔_전월세,마곡경동미르웰,마곡동,784,17.96,,500,60,6,16,2015,갱신,26.08~27.08,500.0,57.0,,,
가양동,202606,오피스텔_전월세,휴먼빌,가양동,1479-9,25.64,,1000,60,10,20,2004,신규,26.07~27.07,,,,,
화곡동,202606,오피스텔_전월세,엠제이타운,화곡동,981-3,28.24,,5500,80,10,29,2020,신규,26.07~28.07,,,,,
화곡동,202606,오피스텔_전월세,씨앤케이,화곡동,779-9,28.98,,5000,100,2,27,2018,신규,26.08~28.08,,,,,
마곡동,202606,오피스텔_전월세,힐스테이트에코마곡,마곡동,797-14,24.09,,1000,80,5,23,2016,신규,26.06~27.06,,,,,
마곡동,202606,오피스텔_전월세,롯데캐슬 르웨스트,마곡동,767-4,69.84,,80000,0,11,4,2024,신규,26.07~28.07,,,,,
가양동,202606,오피스텔_전월세,이스타빌2차,가양동,1480-1,30.6,,12600,25,7,30,2003,신규,26.07~28.07,,,,,
방화동,202606,오피스텔_전월세,방화샤르망2오피스텔,방화동,830-5,17.64,,500,37,10,3,2003,신규,26.06~27.06,,,,,
마곡동,202606,오피스텔_전월세,마곡나루역보타닉푸르지오시티,마곡동,760,42.65,,5000,158,13,5,2017,갱신,26.06~27.06,5000.0,150.0,,,
화곡동,202606,오피스텔_전월세,청담라인씨티,화곡동,920-17,29.8,,5000,60,4,22,2018,신규,26.07~27.07,,,,,
화곡동,202606,오피스텔_전월세,세명 더블라썸,화곡동,1063-10,26.31,,20000,15,13,10,2019,갱신,26.07~28.07,22500.0,,,,
등촌동,202606,오피스텔_전월세,베르데하우스,등촌동,641-8,27.9,,5000,91,13,26,2021,신규,26.09~27.09,,,,,
마곡동,202606,오피스텔_전월세,마곡럭스나인오피스텔 엘동,마곡동,758-1,21.87,,1000,75,8,23,2017,신규,26.07~27.07,,,,,
화곡동,202606,오피스텔_전월세,드림시드 아파트,화곡동,899-13,38.46,,20460,0,3,27,2017,신규,26.07~28.07,,,,,
마곡동,202606,오피스텔_전월세,마곡일성트루엘플래닛,마곡동,758-2,21.43,,13300,15,3,30,2016,갱신,26.08~28.08,2000.0,65.0,,,
등촌동,202606,오피스텔_전월세,트라비하우스,등촌동,628-18,50.16,,27000,0,3,13,2005,신규,26.08~28.08,,,,,
화곡동,202606,오피스텔_전월세,청솔펠리스,화곡동,920-16,20.19,,1000,60,3,24,2012,신규,26.07~28.06,,,,,
화곡동,202606,오피스텔_전월세,아덴하임,화곡동,24-92,26.63,,19200,0,9,26,2020,신규,26.07~28.07,,,,,
염창동,202606,오피스텔_전월세,한빛어반뉴스토리,염창동,266-12,28.69,,16000,60,14,30,2018,신규,26.08~28.08,,,,,
염창동,202606,오피스텔_전월세,하우스B,염창동,282-24,22.1,,1000,116,9,30,2022,신규,26.07~27.06,,,,,
마곡동,202606,오피스텔_전월세,롯데캐슬 르웨스트,마곡동,767-4,83.52,,75000,0,6,27,2024,신규,26.09~28.09,,,,,
마곡동,202606,오피스텔_전월세,갤럭시인텔리젼스,마곡동,793-2,18.84,,3000,63,2,18,2015,신규,26.06~27.06,,,,,
마곡동,202606,오피스텔_전월세,마곡역센트럴푸르지오시티,마곡동,773-1,23,,15885,15,14,10,2016,신규,26.07~27.07,,,,,
등촌동,202606,오피스텔_전월세,경동미르웰한올림,등촌동,656,16.39,,700,70,3,27,2016,신규,26.06~27.06,,,,,
등촌동,202606,오피스텔_전월세,경동미르웰양천향교2차,등촌동,685,29.68,,23400,13,14,27,2020,갱신,26.07~28.07,25650.0,,,,
마곡동,202606,오피스텔_전월세,마곡오드카운티2차,마곡동,784-9,17.36,,3000,58,2,4,,신규,26.06~27.06,,,,,
마곡동,202606,오피스텔_전월세,마곡시티오피스텔,마곡동,758,24.4,,1000,70,9,18,2016,신규,26.07~27.07,,,,,
등촌동,202606,오피스텔_전월세,현대프린스텔,등촌동,628-13,28.78,,1000,60,5,13,1999,신규,26.06~27.06,,,,,
등촌동,202606,오피스텔_전월세,강서메트로칸,등촌동,656-52,17.34,,2000,42,11,26,2013,신규,26.06~28.06,,,,,
마곡동,202606,오피스텔_전월세,마곡헤리움2차,마곡동,758-3,22.51,,1000,77,12,4,2016,신규,26.07~27.07,,,,,
화곡동,202606,오피스텔_전월세,서광프리메라,화곡동,981-1,80.58,,4000,145,4,27,2006,신규,26.06~28.06,,,,,
등촌동,202606,오피스텔_전월세,등촌동 Y HAUS 오피스텔,등촌동,633-24,28.3,,3000,100,13,29,2020,갱신,26.08~27.08,3000.0,95.0,사용,,
등촌동,202606,오피스텔_전월세,경동미르웰한올림,등촌동,656,16.39,,13900,0,11,29,2016,신규,26.07~28.07,,,,,
마곡동,202606,오피스텔_전월세,마곡나루역보타닉푸르지오시티,마곡동,760,22.2,,2000,78,7,29,2017,갱신,26.08~26.12,2000.0,75.0,,,
등촌동,202606,오피스텔_전월세,경동미르웰한올림,등촌동,656,16.19,,1000,70,10,3,2016,신규,26.07~27.07,,,,,
화곡동,202606,오피스텔_전월세,그린오피스텔,화곡동,1074-20,20.75,,1000,45,4,1,2002,신규,26.07~28.06,,,,,
가양동,202606,오피스텔_전월세,마곡보타닉투웨니퍼스트,가양동,257-1,28.33,,23415,0,4,27,2020,신규,26.08~28.08,,,,,
등촌동,202606,오피스텔_전월세,킹덤하이너스,등촌동,656-41,39.72,,27000,10,8,29,2018,갱신,26.11~28.11,27000.0,,,,
마곡동,202606,오피스텔_전월세,엘리안,마곡동,793-4,20.85,,500,72,7,30,2015,신규,26.06~27.06,,,,,
등촌동,202606,오피스텔_전월세,유원더블레스,등촌동,637-27,21,,21970,8,6,17,2020,갱신,26.08~27.08,23800.0,,,,
마곡동,202606,오피스텔_전월세,마곡오드카운티1차,마곡동,784-11,16.57,,11250,13,6,29,2016,신규,26.08~28.08,,,,,
등촌동,202606,오피스텔_전월세,등촌투웨니퍼스트2차,등촌동,633-17,29.68,,5000,100,9,29,2016,신규,26.08~28.02,,,,,
방화동,202606,오피스텔_전월세,에어포스빌,방화동,619-68,20.79,,8550,25,10,26,2003,신규,26.07~28.07,,,,,
마곡동,202606,오피스텔_전월세,마곡시티오피스텔,마곡동,758,22.51,,14000,0,5,29,2016,신규,26.08~28.08,,,,,
마곡동,202606,오피스텔_전월세,마곡나루역보타닉푸르지오시티,마곡동,760,22.2,,1000,79,7,14,2017,신규,26.07~27.07,,,,,
등촌동,202606,오피스텔_전월세,뉴스토리오피스텔,등촌동,683-1,17.52,,13700,0,9,27,2013,갱신,26.07~28.07,13700.0,,,,
등촌동,202606,오피스텔_전월세,대룡드림타워-1,등촌동,684-3,31.3,,1000,75,4,15,2004,신규,26.08~27.08,,,,,
등촌동,202606,오피스텔_전월세,더 퍼스트 가양,등촌동,639-6,22.5,,22500,0,3,26,2023,갱신,26.07~28.07,22000.0,,,,
마곡동,202606,오피스텔_전월세,마곡센트럴대방디엠시티오피스텔,마곡동,776-2,24.02,,1000,83,3,9,2017,신규,26.06~27.06,,,,,
방화동,202606,오피스텔_전월세,경동화인시티,방화동,612-2,19.44,,500,45,6,17,2010,신규,26.06~28.06,,,,,
마곡동,202606,오피스텔_전월세,힐스테이트에코동익,마곡동,773-3,24.57,,5000,69,15,30,2017,갱신,26.09~28.09,5000.0,65.0,사용,,
마곡동,202606,오피스텔_전월세,마곡에비앙,마곡동,793-3,18.97,,3000,53,3,10,2015,갱신,26.07~27.07,3000.0,50.0,,,
화곡동,202606,오피스텔_전월세,강서구청 파크뷰 에버,화곡동,987-1,15.46,,500,66,4,23,2020,신규,26.06~27.06,,,,,
마곡동,202606,오피스텔_전월세,마곡일성트루엘플래닛,마곡동,758-2,21.27,,1000,75,3,27,2016,신규,26.07~27.07,,,,,
마곡동,202606,오피스텔_전월세,마곡나루역캐슬파크,마곡동,760-2,23.39,,1000,90,8,2,2016,신규,26.06~27.06,,,,,
마곡동,202606,오피스텔_전월세,엠코지니어스타,마곡동,776-4,23.84,,15300,10,4,30,2015,신규,26.08~28.08,,,,,
마곡동,202606,오피스텔_전월세,마곡역센트럴푸르지오시티,마곡동,773-1,23,,1000,79,4,20,2016,갱신,26.06~27.06,1000.0,75.0,,,
공항동,202606,오피스텔_전월세,크라운타워,공항동,72-20,29.32,,7000,72,14,11,2024,신규,26.08~28.08,,,,,
화곡동,202606,오피스텔_전월세,브릴리언트 화곡,화곡동,905-11,29.29,,1000,110,5,13,2022,신규,26.06~27.06,,,,,
마곡동,202606,오피스텔_전월세,마곡럭스나인오피스텔 엘동,마곡동,758-1,21.87,,14500,12,4,29,2017,신규,26.07~28.07,,,,,
화곡동,202606,오피스텔_전월세,유진아파트,화곡동,938-24,55.74,,19400,0,2,25,2015,갱신,26.07~28.07,18480.0,,,,
마곡동,202606,오피스텔_전월세,마곡나루역보타닉푸르지오시티,마곡동,760,21.89,,15200,14,3,26,2017,갱신,26.07~27.07,16800.0,4.0,,,
등촌동,202606,오피스텔_전월세,경동미르웰양천향교2차,등촌동,685,29.68,,10000,74,9,11,2020,신규,26.06~28.06,,,,,
화곡동,202606,오피스텔_전월세,강서구청 파크뷰 에버,화곡동,987-1,15.43,,13000,10,5,26,2020,신규,26.07~28.07,,,,,
등촌동,202606,오피스텔_전월세,대룡드림타워-1,등촌동,684-3,30.32,,1000,75,8,28,2004,신규,26.06~27.06,,,,,
가양동,202606,오피스텔_전월세,플래티노,가양동,187-7,17.24,,1000,65,10,27,2020,신규,26.06~27.06,,,,,
마곡동,202606,오피스텔_전월세,마곡일성트루엘플래닛,마곡동,758-2,21.27,,1000,58,5,10,2016,신규,26.06~27.06,,,,,
가양동,202606,오피스텔_전월세,가양글로벌퍼스트,가양동,448-11,28.12,,23000,8,11,29,2018,갱신,26.08~28.01,24000.0,,,,
등촌동,202606,오피스텔_전월세,등촌투웨니퍼스트2차,등촌동,633-17,29.68,,1000,120,10,29,2016,신규,26.07~28.07,,,,,
마곡동,202606,오피스텔_전월세,마곡사이언스파크뷰,마곡동,795-5,25.16,,1000,80,13,18,2016,신규,26.06~27.06,,,,,
마곡동,202606,오피스텔_전월세,힐스테이트에코 마곡나루역 라마다앙코르 서울마곡,마곡동,760-1,21.5,,1000,80,6,24,2017,신규,26.06~27.06,,,,,
마곡동,202606,오피스텔_전월세,마곡오드카운티2차,마곡동,784-9,17.36,,500,66,10,22,,신규,26.06~27.06,,,,,
마곡동,202606,오피스텔_전월세,마곡나루역보타닉푸르지오시티,마곡동,760,32.88,,27000,0,9,11,2017,신규,26.08~28.08,,,,,
마곡동,202606,오피스텔_전월세,마곡나루역보타닉푸르지오시티,마곡동,760,22.2,,17000,12,5,14,2017,갱신,26.07~28.07,17000.0,9.0,,,
마곡동,202606,오피스텔_전월세,유림트윈파크,마곡동,793,19.99,,500,59,4,29,2015,신규,26.07~27.07,,,,,
화곡동,202606,오피스텔_전월세,화곡SJ라벨라,화곡동,921-6,42.13,,3000,106,4,30,2022,갱신,26.07~27.07,3000.0,100.0,,,
화곡동,202606,오피스텔_전월세,천우네오젠아파트 9차 및 오피스텔,화곡동,916-6,23,,11000,0,9,24,2009,신규,26.07~28.07,,,,,
마곡동,202606,오피스텔_전월세,마곡사이언스파크뷰,마곡동,795-5,22.07,,1000,70,8,16,2016,신규,26.06~27.06,,,,,
화곡동,202606,오피스텔_전월세,(925-3),화곡동,925-3,19.12,,9300,10,3,24,2013,신규,26.07~28.07,,,,,
마곡동,202606,오피스텔_전월세,마곡나루역캐슬파크,마곡동,760-2,30.04,,1000,140,11,22,2016,신규,26.06~27.06,,,,,
화곡동,202606,오피스텔_전월세,리치A110,화곡동,938-11,31.16,,20000,20,15,27,2026,신규,26.08~28.08,,,,,
마곡동,202606,오피스텔_전월세,힐스테이트에코동익,마곡동,773-3,22.92,,17900,14,9,20,2017,갱신,26.08~28.08,17900.0,14.0,사용,,
마곡동,202606,오피스텔_전월세,마곡사이언스파크뷰,마곡동,795-5,22.07,,1000,75,8,18,2016,신규,26.06~27.06,,,,,
화곡동,202606,오피스텔_전월세,미래안포레,화곡동,1105,20.33,,2000,80,8,24,2022,신규,26.06~27.06,,,,,
방화동,202606,오피스텔_전월세,벽산에어트리움,방화동,849,28.03,,100,60,4,8,2003,신규,26.06~26.09,,,,,
등촌동,202606,오피스텔_전월세,호성스카이오피스텔,등촌동,847,26.79,,21000,0,10,27,2020,갱신,26.08~27.08,21000.0,,,,
등촌동,202606,오피스텔_전월세,더 퍼스트 가양,등촌동,639-6,28.08,,29500,0,4,23,2023,신규,26.07~28.07,,,,,
화곡동,202606,오피스텔_전월세,미래안포레,화곡동,1105,23.47,,20000,0,6,26,2022,신규,26.07~28.07,,,,,
화곡동,202606,오피스텔_전월세,연우넥스트파크뷰,화곡동,1110,15.29,,1000,66,13,12,2019,갱신,26.06~27.06,1000.0,65.0,사용,,
화곡동,202606,오피스텔_전월세,경동엠파이어스테이트,화곡동,1111-3,16.63,,500,48,13,25,2012,갱신,26.06~27.06,500.0,45.0,,,
마곡동,202606,오피스텔_전월세,플레이스에이치,마곡동,793-9,18.38,,500,70,7,23,2015,신규,26.06~27.06,,,,,
등촌동,202606,오피스텔_전월세,한빛어반뉴스토리,등촌동,656-37,28.12,,21100,0,16,24,2017,신규,26.07~28.07,,,,,
마곡동,202606,오피스텔_전월세,마곡 파크뷰 대방디엠시티 오피스텔,마곡동,776,26.68,,1000,93,8,15,2019,신규,26.06~27.06,,,,,
등촌동,202606,오피스텔_전월세,등촌동두산위브센티움,등촌동,631,28.45,,14850,12,10,17,2004,갱신,26.08~28.08,15300.0,10.0,,,
마곡동,202606,오피스텔_전월세,마곡나루역보타닉푸르지오시티,마곡동,760,22.17,,15200,30,7,26,2017,신규,26.08~28.08,,,,,
마곡동,202606,오피스텔_전월세,힐스테이트에코동익,마곡동,773-3,24.57,,3000,73,10,29,2017,신규,26.08~27.07,,,,,
화곡동,202606,오피스텔_전월세,(24-118),화곡동,24-118,25.59,,1000,30,6,19,1997,신규,26.07~28.07,,,,,
방화동,202606,오피스텔_전월세,벽산에어트리움,방화동,849,21.28,,500,50,10,9,2003,신규,26.06~27.06,,,,,
등촌동,202606,오피스텔_전월세,길훈엔트런스빌,등촌동,78-7,27.29,,5000,50,6,11,2004,신규,26.06~27.06,,,,,
방화동,202606,오피스텔_전월세,에어뷰21-1오피스텔,방화동,829-5,26.86,,500,48,6,12,1999,신규,26.06~27.06,,,,,
가양동,202606,오피스텔_전월세,이스타빌2차,가양동,1480-1,32.8,,6000,40,12,16,2003,갱신,26.07~27.07,6000.0,40.0,,,
화곡동,202606,오피스텔_전월세,(901-5),화곡동,901-5,17.64,,500,65,8,29,2012,신규,26.06~28.06,,,,,
마곡동,202606,오피스텔_전월세,마곡센트럴대방디엠시티오피스텔,마곡동,776-2,29.48,,20400,15,3,22,2017,신규,26.08~28.08,,,,,
마곡동,202606,오피스텔_전월세,힐스테이트에코마곡,마곡동,797-14,23.75,,15750,15,7,1,2016,신규,26.06~28.06,,,,,
가양동,202606,오피스텔_전월세,마곡보타닉투웨니퍼스트,가양동,257-1,28.33,,1000,117,8,26,2020,갱신,26.07~26.10,1000.0,112.0,,,
등촌동,202606,오피스텔_전월세,등촌크라운팰리스,등촌동,641-9,28.4,,22275,10,2,29,2019,신규,26.07~28.07,,,,,
화곡동,202606,오피스텔_전월세,미래안포레,화곡동,1105,20.83,,18900,0,19,29,2022,신규,26.08~28.08,,,,,
마곡동,202606,오피스텔_전월세,매그넘793,마곡동,793-7,27.46,,21100,0,10,20,2020,갱신,26.07~28.07,21200.0,,사용,,
마곡동,202606,오피스텔_전월세,마곡시티오피스텔,마곡동,758,22.51,,1000,77,5,13,2016,신규,26.06~27.06,,,,,
화곡동,202606,오피스텔_전월세,거마지엠밸리,화곡동,1116-5,13.42,,1000,60,10,8,2020,신규,26.06~27.06,,,,,
등촌동,202606,오피스텔_전월세,강서메트로칸,등촌동,656-52,17.31,,10200,5,11,24,2013,신규,26.07~28.07,,,,,
방화동,202606,오피스텔_전월세,경동화인시티,방화동,612-2,19.44,,500,45,5,27,2010,신규,26.06~27.06,,,,,
마곡동,202606,오피스텔_전월세,마곡나루역캐슬파크,마곡동,760-2,25.6,,1000,90,7,16,2016,갱신,26.06~27.06,1000.0,75.0,,,
마곡동,202606,오피스텔_전월세,마곡나루역보타닉푸르지오시티,마곡동,760,22.2,,1000,68,6,1,2017,신규,26.06~27.06,,,,,
마곡동,202606,오피스텔_전월세,아르디에,마곡동,784-13,18.59,,2500,60,8,27,2015,신규,26.07~27.07,,,,,
마곡동,202606,오피스텔_전월세,마곡아이파크,마곡동,795-2,24.22,,5000,63,11,27,2016,신규,26.08~27.08,,,,,
가양동,202606,오피스텔_전월세,마곡보타닉투웨니퍼스트,가양동,257-1,28.33,,1000,122,10,23,2020,갱신,26.08~27.08,1000.0,116.0,,,
가양동,202606,오피스텔_전월세,마곡보타닉투웨니퍼스트,가양동,257-1,28.33,,24300,8,6,25,2020,갱신,26.08~28.08,26000.0,,사용,,
방화동,202606,오피스텔_전월세,메종드아이디,방화동,612-147,33.08,,27500,0,7,26,2021,신규,26.07~28.07,,,,,
마곡동,202606,오피스텔_전월세,마곡나루역캐슬파크,마곡동,760-2,27.35,,1000,100,3,29,2016,신규,26.07~27.07,,,,,
내발산동,202606,오피스텔_전월세,프리즘 파스텔,내발산동,655-11,26.67,,1000,70,2,11,2001,신규,26.06~28.06,,,,,
마곡동,202606,오피스텔_전월세,마곡나루역보타닉푸르지오시티,마곡동,760,22.17,,1000,75,11,23,2017,신규,26.08~27.08,,,,,
가양동,202606,오피스텔_전월세,마곡보타닉투웨니퍼스트,가양동,257-1,28.33,,27000,0,5,5,2020,신규,26.06~28.06,,,,,
마곡동,202606,오피스텔_전월세,마곡 헤리움1차,마곡동,739-4,24.07,,10000,37,9,19,2015,갱신,26.06~27.06,10000.0,33.0,사용,,
등촌동,202606,오피스텔_전월세,경동미르웰양천향교2차,등촌동,685,29.68,,5000,95,13,12,2020,갱신,26.06~27.06,5000.0,95.0,사용,,
마곡동,202606,오피스텔_전월세,마곡역센트럴푸르지오시티,마곡동,773-1,23.87,,16300,5,5,27,2016,신규,26.07~28.07,,,,,
마곡동,202606,오피스텔_전월세,마곡아이파크,마곡동,795-2,24.38,,2000,80,10,26,2016,신규,26.06~28.06,,,,,
방화동,202606,오피스텔_전월세,제이엘카운티,방화동,612-71,73.23,,25500,0,3,26,2015,신규,26.07~28.07,,,,,
등촌동,202606,오피스텔_전월세,디앤써밋 모이다,등촌동,648-10,26.03,,3000,132,5,29,,신규,26.07~27.07,,,,,
마곡동,202606,오피스텔_전월세,힐스테이트에코마곡,마곡동,797-14,24.09,,1000,85,13,29,2016,신규,26.07~27.07,,,,,
등촌동,202606,오피스텔_전월세,효성인텔리안,등촌동,681-3,85.18,,43000,0,4,27,2005,신규,26.07~28.07,,,,,
염창동,202606,오피스텔_전월세,한빛어반뉴스토리,염창동,266-12,28.69,,21900,19,3,2,2018,갱신,26.07~28.07,21900.0,,,,
마곡동,202606,오피스텔_전월세,힐스테이트 에코 마곡역,마곡동,773,19.87,,1000,69,9,17,2017,신규,26.08~27.08,,,,,
마곡동,202606,오피스텔_전월세,힐스테이트에코동익,마곡동,773-3,24.57,,17000,23,5,27,2017,갱신,26.09~28.09,17000.0,19.0,사용,,
마곡동,202606,오피스텔_전월세,힐스테이트에코동익,마곡동,773-3,24.57,,18700,10,6,20,2017,신규,26.07~28.07,,,,,
등촌동,202606,오피스텔_전월세,강서메트로칸,등촌동,656-52,17.31,,1000,50,10,28,2013,신규,26.06~27.06,,,,,
마곡동,202606,오피스텔_전월세,마곡센트럴대방디엠시티오피스텔,마곡동,776-2,24.02,,16200,15,9,27,2017,갱신,26.08~27.08,16400.0,10.0,,,
화곡동,202606,오피스텔_전월세,브릴리언트 화곡,화곡동,905-11,29.99,,1000,115,14,21,2022,신규,26.06~27.06,,,,,
염창동,202606,오피스텔_전월세,시원트레벨,염창동,266-8,86.12,,15000,100,4,27,2003,신규,26.08~28.08,,,,,
마곡동,202606,오피스텔_전월세,힐스테이트 에코 마곡역,마곡동,773,19.87,,1000,82,11,11,2017,신규,26.06~27.06,,,,,
마곡동,202606,오피스텔_전월세,마곡센트럴대방디엠시티오피스텔,마곡동,776-2,24.02,,16200,10,8,27,2017,갱신,26.08~27.08,16400.0,5.0,,,
가양동,202606,오피스텔_전월세,가양글로벌퍼스트,가양동,448-11,28.12,,12000,70,10,26,2018,신규,26.08~28.08,,,,,
마곡동,202606,오피스텔_전월세,마곡일성트루엘플래닛,마곡동,758-2,21.43,,1000,75,12,25,2016,신규,26.08~27.08,,,,,
마곡동,202606,오피스텔_전월세,엠코지니어스타,마곡동,776-4,26.28,,17300,20,3,26,2015,신규,26.08~28.08,,,,,
방화동,202606,오피스텔_전월세,에어뷰21-1오피스텔,방화동,829-5,26.86,,500,50,11,11,1999,신규,26.06~27.06,,,,,
마곡동,202606,오피스텔_전월세,마곡경동미르웰,마곡동,784,17.96,,500,70,3,27,2015,신규,26.07~27.07,,,,,
마곡동,202606,오피스텔_전월세,마곡럭스나인오피스텔,마곡동,758-4,25.29,,2000,80,6,27,2016,신규,26.07~27.07,,,,,
마곡동,202606,오피스텔_전월세,마곡시티오피스텔,마곡동,758,22.51,,14600,10,2,27,2016,신규,26.07~27.07,,,,,
화곡동,202606,오피스텔_전월세,강서크라운팰리스,화곡동,998-5,29.63,,20400,0,4,29,2019,신규,26.07~28.07,,,,,
마곡동,202606,오피스텔_전월세,마곡나루역보타닉푸르지오시티,마곡동,760,21.89,,14900,0,4,27,2017,갱신,26.08~27.08,14204.0,,,,
마곡동,202606,오피스텔_전월세,힐스테이트에코 마곡나루역 라마다앙코르 서울마곡,마곡동,760-1,20.1,,14500,8,11,26,2017,갱신,26.08~28.08,3500.0,56.0,,,
마곡동,202606,오피스텔_전월세,아르디에,마곡동,784-13,18.59,,500,65,5,27,2015,신규,26.08~27.08,,,,,
화곡동,202606,오피스텔_전월세,자하클래식,화곡동,24-39,15.88,,11700,0,9,27,2018,갱신,26.06~28.06,12300.0,,사용,,
화곡동,202606,오피스텔_전월세,Urban edge(어반엣지),화곡동,24-169,28.76,,1000,120,3,26,2026,신규,26.06~28.06,,,,,
화곡동,202606,오피스텔_전월세,에스엠케이오피스텔,화곡동,937-13,19.74,,10900,0,5,22,2019,신규,26.08~28.08,,,,,
화곡동,202606,오피스텔_전월세,거마지엠밸리,화곡동,1116-5,13.42,,12920,0,8,26,2020,갱신,26.07~28.07,12420.0,,사용,,
염창동,202606,오피스텔_전월세,염창역한강투웨니퍼스트,염창동,261,29.98,,3000,110,13,2,2022,신규,26.06~27.06,,,,,
등촌동,202606,오피스텔_전월세,등촌동두산위브센티움,등촌동,631,22.6,,13000,10,6,20,2004,신규,26.06~28.06,,,,,
염창동,202606,오피스텔_전월세,하우스B,염창동,282-24,19.12,,3000,84,6,18,2022,신규,26.06~27.06,,,,,
등촌동,202606,오피스텔_전월세,루나클래식,등촌동,630-4,29.73,,27000,0,13,26,2021,신규,26.08~28.08,,,,,
등촌동,202606,오피스텔_전월세,더 퍼스트 가양,등촌동,639-6,28.08,,29900,15,7,26,2023,갱신,26.07~28.07,29900.0,15.0,,,
가양동,202606,오피스텔_전월세,이스타빌2차,가양동,1480-1,26.28,,1000,65,10,3,2003,신규,26.06~27.06,,,,,
마곡동,202606,오피스텔_전월세,힐스테이트에코 마곡나루역 라마다앙코르 서울마곡,마곡동,760-1,20.1,,12700,21,11,23,2017,갱신,26.08~27.08,12700.0,18.0,,,
마곡동,202606,오피스텔_전월세,힐스테이트에코마곡,마곡동,797-14,24.09,,300,90,5,22,2016,갱신,26.07~27.07,300.0,85.0,,,
등촌동,202606,오피스텔_전월세,강변샤르망2단지,등촌동,628-32,63.16,,6000,150,2,1,2005,신규,26.09~28.09,,,,,
화곡동,202606,오피스텔_전월세,아덴하임,화곡동,24-92,29.57,,1000,105,15,4,2020,신규,26.06~27.06,,,,,
등촌동,202606,오피스텔_전월세,경동미르웰양천향교2차,등촌동,685,29.68,,23100,0,2,16,2020,갱신,26.07~28.07,22000.0,,,,
등촌동,202606,오피스텔_전월세,경동미르웰양천향교2차,등촌동,685,29.68,,25200,0,12,26,2020,갱신,26.07~27.07,24500.0,,,,
마곡동,202606,오피스텔_전월세,마곡오드카운티2차,마곡동,784-9,20.82,,13000,0,10,26,,신규,26.08~28.08,,,,,
등촌동,202606,오피스텔_전월세,등촌크라운팰리스,등촌동,641-9,28.4,,22000,10,5,26,2019,신규,26.07~28.07,,,,,
마곡동,202606,오피스텔_전월세,아르디에,마곡동,784-13,18.59,,1000,65,4,13,2015,신규,26.06~27.06,,,,,
마곡동,202606,오피스텔_전월세,마곡 헤리움1차,마곡동,739-4,24.07,,500,65,9,6,2015,갱신,26.06~27.06,500.0,60.0,,,
등촌동,202606,오피스텔_전월세,등촌동두산위브센티움,등촌동,631,22.6,,2000,60,14,6,2004,신규,26.06~27.06,,,,,
등촌동,202606,오피스텔_전월세,경동미르웰양천향교2차,등촌동,685,29.68,,23400,3,4,26,2020,갱신,26.07~28.07,23150.0,,,,
등촌동,202606,오피스텔_전월세,강변샤르망3단지,등촌동,628-17,63.16,,31260,0,6,15,2005,신규,26.08~28.08,,,,,
가양동,202606,오피스텔_전월세,아트리버빌,가양동,239-8,38.53,,19700,15,3,25,2016,신규,26.09~28.09,,,,,
마곡동,202606,오피스텔_전월세,마곡헤리움2차,마곡동,758-3,22.51,,14980,7,11,26,2016,갱신,26.07~27.07,15000.0,4.0,,,
화곡동,202606,오피스텔_전월세,브릴리언트 화곡,화곡동,905-11,29.29,,1000,120,11,17,2022,신규,26.06~27.06,,,,,
마곡동,202606,오피스텔_전월세,엘리안,마곡동,793-4,22.23,,500,73,5,12,2015,신규,26.06~27.06,,,,,
방화동,202606,오피스텔_전월세,경동화인시티,방화동,612-2,19.44,,500,45,6,23,2010,신규,26.06~27.06,,,,,
염창동,202606,오피스텔_전월세,팔레시움,염창동,283-2,18.14,,9350,10,7,26,2012,신규,26.08~28.08,,,,,
화곡동,202606,오피스텔_전월세,(924-2),화곡동,924-2,36.12,,600,60,2,20,1996,갱신,26.06~28.06,500.0,50.0,,,
등촌동,202606,오피스텔_전월세,까사지오,등촌동,634,18.65,,19700,0,12,26,2022,신규,26.08~28.08,,,,,
방화동,202606,오피스텔_전월세,마곡누리,방화동,256-2,28.8,,30500,0,5,11,2022,갱신,26.08~28.08,30000.0,,사용,,
화곡동,202606,오피스텔_전월세,크라운뷰,화곡동,982-17,49.22,,19200,0,8,26,2009,갱신,26.07~28.07,19200.0,,,,
화곡동,202606,오피스텔_전월세,세명 더블라썸,화곡동,1063-10,34.65,,24800,5,8,24,2019,갱신,26.07~28.07,24900.0,,,,
화곡동,202606,오피스텔_전월세,한백e아파트,화곡동,925-1,62.23,,2000,98,2,18,2003,갱신,26.06~27.06,2500.0,93.0,,,
마곡동,202606,오피스텔_전월세,세종보타닉1차,마곡동,12-2,29.98,,23300,10,6,22,2020,신규,26.09~28.09,,,,,
마곡동,202606,오피스텔_전월세,마곡헤리움2차,마곡동,758-3,22.51,,1000,78,8,25,2016,신규,26.07~27.07,,,,,
화곡동,202606,오피스텔_전월세,미래안포레,화곡동,1105,20.33,,1000,80,14,6,2022,신규,26.06~27.06,,,,,
마곡동,202606,오피스텔_전월세,아르디에,마곡동,784-13,18.59,,1000,68,9,22,2015,신규,26.06~27.06,,,,,
등촌동,202606,오피스텔_전월세,경동미르웰양천향교2차,등촌동,685,29.68,,23400,13,7,20,2020,갱신,26.08~28.08,25500.0,,사용,,
마곡동,202606,오피스텔_전월세,마곡오드카운티1차,마곡동,784-11,20.82,,12600,15,3,26,2016,갱신,26.07~28.07,13500.0,10.0,,,
염창동,202606,오피스텔_전월세,노블레르,염창동,264-26,27.72,,25000,7,12,12,2019,신규,26.06~28.06,,,,,
마곡동,202606,오피스텔_전월세,마곡 파크뷰 대방디엠시티 오피스텔,마곡동,776,26.45,,1000,85,6,24,2019,갱신,26.06~26.09,21080.0,,사용,,
화곡동,202606,오피스텔_전월세,강서구청 파크뷰 에버,화곡동,987-1,15.43,,1000,66,16,24,2020,갱신,26.06~27.06,1000.0,64.0,사용,,
등촌동,202606,오피스텔_전월세,경동미르웰한올림,등촌동,656,16.19,,500,70,2,15,2016,갱신,26.07~27.07,500.0,68.0,,,
등촌동,202606,오피스텔_전월세,등촌동두산위브센티움,등촌동,631,28.45,,16500,0,13,25,2004,갱신,26.07~28.07,16500.0,,,,
마곡동,202606,오피스텔_전월세,마곡오드카운티2차,마곡동,784-9,17.36,,11900,3,2,25,,갱신,26.08~28.08,12150.0,,,,
화곡동,202606,오피스텔_전월세,포유,화곡동,1111-4,17.92,,1000,65,14,16,2018,신규,26.06~27.06,,,,,
마곡동,202606,오피스텔_전월세,마곡일성트루엘플래닛,마곡동,758-2,21.43,,13000,6,11,24,2016,갱신,26.08~27.08,13950.0,,,,
마곡동,202606,오피스텔_전월세,마곡헤리움2차,마곡동,758-3,22.51,,1000,75,4,23,2016,갱신,26.07~27.07,1000.0,70.0,,,
내발산동,202606,오피스텔_전월세,에스엠파크뷰,내발산동,678-30,34.81,,26000,0,3,25,2019,신규,26.07~28.07,,,,,
등촌동,202606,오피스텔_전월세,루나클래식,등촌동,630-4,29.13,,2000,110,9,3,2021,신규,26.06~27.06,,,,,
등촌동,202606,오피스텔_전월세,등촌동 Y HAUS 오피스텔,등촌동,633-24,29.07,,2000,110,13,25,2020,신규,26.07~28.07,,,,,
등촌동,202606,오피스텔_전월세,등촌투웨니퍼스트3차,등촌동,633-21,27.97,,2000,100,6,25,2016,갱신,26.08~27.08,2000.0,95.0,,,
등촌동,202606,오피스텔_전월세,경동미르웰양천향교2차,등촌동,685,29.68,,2000,106,15,3,2020,신규,26.06~27.06,,,,,
화곡동,202606,오피스텔_전월세,투웨니퍼스트 강서마곡,화곡동,1097-9,15.76,,1000,79,18,13,2021,갱신,26.08~27.08,1000.0,75.0,,,
화곡동,202606,오피스텔_전월세,포유,화곡동,1111-4,18.72,,500,65,8,24,2018,갱신,26.07~28.07,500.0,63.0,,,
마곡동,202606,오피스텔_전월세,마곡나루역보타닉푸르지오시티,마곡동,760,22.17,,15200,16,7,25,2017,신규,26.07~28.07,,,,,
마곡동,202606,오피스텔_전월세,우성르보아투,마곡동,739-2,20.24,,1000,65,12,9,2015,신규,26.06~27.06,,,,,
등촌동,202606,오피스텔_전월세,루미에르,등촌동,641-12,19.99,,21500,0,9,18,2024,신규,26.06~28.06,,,,,
마곡동,202606,오피스텔_전월세,플레이스에이치,마곡동,793-9,18.38,,10000,25,10,23,2015,신규,26.08~28.08,,,,,
마곡동,202606,오피스텔_전월세,마곡럭스나인오피스텔 엘동,마곡동,758-1,21.87,,5000,55,6,25,2017,신규,26.07~27.07,,,,,
화곡동,202606,오피스텔_전월세,(24-99),화곡동,24-99,30.16,,1000,50,6,5,1997,신규,26.06~28.06,,,,,
마곡동,202606,오피스텔_전월세,필네이처,마곡동,795-1,32.43,,24300,0,10,11,2016,신규,26.09~28.09,,,,,
가양동,202606,오피스텔_전월세,세종보타닉2차,가양동,251-2,29.98,,23560,14,7,24,2020,갱신,26.09~28.09,23560.0,10.0,,,
가양동,202606,오피스텔_전월세,플래티노,가양동,187-7,29.92,,1000,120,11,3,2020,신규,26.07~27.07,,,,,
공항동,202606,오피스텔_전월세,크라운타워,공항동,72-20,27.59,,5500,89,13,25,2024,신규,26.08~28.08,,,,,
방화동,202606,오피스텔_전월세,벽산에어트리움,방화동,849,26.53,,500,60,10,3,2003,신규,26.06~27.06,,,,,
화곡동,202606,오피스텔_전월세,연우넥스트뷰,화곡동,1107-3,17.32,,500,67,3,24,2018,신규,26.08~27.08,,,,,
마곡동,202606,오피스텔_전월세,마곡센트럴대방디엠시티오피스텔,마곡동,776-2,39.97,,33500,0,9,19,2017,신규,26.08~28.08,,,,,
마곡동,202606,오피스텔_전월세,마곡나루역보타닉푸르지오시티,마곡동,760,22.17,,15000,20,14,23,2017,신규,26.07~28.07,,,,,
마곡동,202606,오피스텔_전월세,플레이스에이치,마곡동,793-9,22.34,,1000,70,7,24,2015,신규,26.07~27.07,,,,,
마곡동,202606,오피스텔_전월세,필네이처,마곡동,795-1,22.16,,9000,38,9,24,2016,갱신,26.07~27.07,9000.0,38.0,사용,,
내발산동,202606,오피스텔_전월세,에스엠파크뷰,내발산동,678-30,34.81,,25000,0,3,23,2019,신규,26.07~28.07,,,,,
마곡동,202606,오피스텔_전월세,마곡사이언스파크뷰,마곡동,795-5,22.07,,13050,10,8,22,2016,신규,26.08~28.08,,,,,
마곡동,202606,오피스텔_전월세,마곡럭스나인오피스텔 엘동,마곡동,758-1,21.87,,14500,10,3,23,2017,신규,26.07~28.07,,,,,
등촌동,202606,오피스텔_전월세,(115-6),등촌동,828,13.92,,500,67,4,23,2020,갱신,26.07~27.07,500.0,64.0,사용,,
등촌동,202606,오피스텔_전월세,등촌동 Y HAUS 오피스텔,등촌동,633-24,28.3,,25000,0,2,24,2020,신규,26.07~28.07,,,,,
화곡동,202606,오피스텔_전월세,골든라인씨티,화곡동,935-15,29.99,,12000,30,12,19,2019,갱신,26.08~28.08,12000.0,26.0,,,
방화동,202606,오피스텔_전월세,방화샤르망1오피스텔,방화동,830-3,24.9,,1000,45,8,24,2003,신규,26.07~27.07,,,,,
마곡동,202606,오피스텔_전월세,힐스테이트에코마곡,마곡동,797-14,24.09,,15750,13,12,12,2016,신규,26.07~28.07,,,,,
마곡동,202606,오피스텔_전월세,스카이오피스텔,마곡동,784-3,30,,1000,100,10,9,2016,신규,26.06~27.06,,,,,
화곡동,202606,오피스텔_전월세,월드오피스텔,화곡동,899-43,22.93,,7500,7,6,20,2002,신규,26.07~28.07,,,,,
화곡동,202606,오피스텔_전월세,리치A110,화곡동,938-11,23.08,,22700,11,17,23,2026,신규,26.07~28.07,,,,,
등촌동,202606,오피스텔_전월세,아이디움,등촌동,656-36,17.31,,1000,55,3,19,2014,신규,26.07~27.07,,,,,
화곡동,202606,오피스텔_전월세,에이탑오피스텔,화곡동,70-5,39.35,,10000,30,4,13,2003,신규,26.07~28.07,,,,,
화곡동,202606,오피스텔_전월세,원타워 5차 오피스텔,화곡동,987-7,17.04,,14600,0,8,5,2021,신규,26.06~28.06,,,,,
가양동,202606,오피스텔_전월세,마곡보타닉투웨니퍼스트,가양동,257-1,28.33,,25350,0,13,24,2020,갱신,26.07~28.07,25350.0,,사용,,
화곡동,202606,오피스텔_전월세,해평스퀘어,화곡동,922-11,21.54,,12000,30,3,15,2018,신규,26.07~28.07,,,,,
등촌동,202606,오피스텔_전월세,강서메트로칸,등촌동,656-52,38.54,,21370,7,11,23,2013,신규,26.08~28.08,,,,,
마곡동,202606,오피스텔_전월세,마곡센트럴대방디엠시티오피스텔,마곡동,776-2,39.97,,20000,62,5,24,2017,갱신,26.07~27.12,13600.0,80.0,,,
화곡동,202606,오피스텔_전월세,화성오피스텔,화곡동,29-45,36.07,,500,53,8,12,2003,갱신,26.06~28.06,500.0,51.0,사용,,
등촌동,202606,오피스텔_전월세,등촌동 Y HAUS 오피스텔,등촌동,633-24,29.07,,1000,81,9,5,2020,갱신,26.07~27.07,1000.0,77.0,,,
마곡동,202606,오피스텔_전월세,마곡일성트루엘플래닛,마곡동,758-2,21.43,,1000,75,9,24,2016,신규,26.07~27.07,,,,,
가양동,202606,오피스텔_전월세,다솔씨티하임,가양동,250-2,30.09,,23000,0,2,24,2018,신규,26.09~28.09,,,,,
마곡동,202606,오피스텔_전월세,마곡역센트럴푸르지오시티,마곡동,773-1,22.84,,15885,15,7,20,2016,갱신,26.07~28.07,16400.0,8.0,사용,,
마곡동,202606,오피스텔_전월세,마곡오드카운티1차,마곡동,784-11,19.64,,3000,65,7,22,2016,신규,26.06~27.06,,,,,
방화동,202606,오피스텔_전월세,에어뷰21-2오피스텔,방화동,830-1,26.22,,500,45,12,17,1999,신규,26.06~27.06,,,,,
등촌동,202606,오피스텔_전월세,경동미르웰한올림,등촌동,656,16.19,,12000,15,8,17,2016,신규,26.08~28.08,,,,,
화곡동,202606,오피스텔_전월세,브릴리언트 화곡,화곡동,905-11,29.99,,2000,110,14,4,2022,신규,26.06~27.06,,,,,
화곡동,202606,오피스텔_전월세,우장산투웨니퍼스트,화곡동,72-3,29.39,,20700,0,13,23,2018,갱신,26.07~28.07,20260.0,,,,
화곡동,202606,오피스텔_전월세,창우이지스1,화곡동,937-24,27.15,,19720,8,8,23,2019,신규,26.07~28.07,,,,,
화곡동,202606,오피스텔_전월세,(24-104),화곡동,24-104,24.95,,7480,20,4,20,2002,신규,26.08~28.08,,,,,
마곡동,202606,오피스텔_전월세,우성르보아,마곡동,793-6,19.36,,500,70,7,17,2015,신규,26.07~27.07,,,,,
마곡동,202606,오피스텔_전월세,마곡 파크뷰 대방디엠시티 오피스텔,마곡동,776,21.02,,16500,0,5,15,2019,갱신,26.06~28.06,17100.0,,사용,,
염창동,202606,오피스텔_전월세,한강 브루클린 하이츠,염창동,260,37.74,,3000,220,9,20,2023,신규,26.06~27.06,,,,,
마곡동,202606,오피스텔_전월세,마곡시티오피스텔,마곡동,758,36.55,,3000,100,14,15,2016,신규,26.08~27.08,,,,,
마곡동,202606,오피스텔_전월세,마곡센트럴대방디엠시티오피스텔,마곡동,776-2,24.02,,16200,15,9,18,2017,갱신,26.08~28.08,16400.0,13.0,사용,,
마곡동,202606,오피스텔_전월세,엘리안,마곡동,793-4,20.85,,5500,56,3,1,2015,신규,26.06~27.06,,,,,
등촌동,202606,오피스텔_전월세,경동미르웰 양천향교 101동,등촌동,820,14.33,,12000,17,3,20,2017,신규,26.07~28.07,,,,,
마곡동,202606,오피스텔_전월세,필네이처,마곡동,795-1,22.16,,5000,60,14,22,2016,신규,26.07~27.07,,,,,
마곡동,202606,오피스텔_전월세,마곡역센트럴푸르지오시티,마곡동,773-1,23,,15885,15,5,18,2016,신규,26.07~28.07,,,,,
화곡동,202606,오피스텔_전월세,(24-104),화곡동,24-104,24.09,,7380,20,6,20,2002,신규,26.07~28.07,,,,,
마곡동,202606,오피스텔_전월세,힐스테이트 에코 마곡역,마곡동,773,19.87,,15660,0,10,17,2017,신규,26.07~28.07,,,,,
마곡동,202606,오피스텔_전월세,마곡 파크뷰 대방디엠시티 오피스텔,마곡동,776,21.02,,1000,82,4,23,2019,신규,26.07~27.07,,,,,
마곡동,202606,오피스텔_전월세,마곡일성트루엘플래닛,마곡동,758-2,21.43,,100,83,3,23,2016,신규,26.06~26.10,,,,,
염창동,202606,오피스텔_전월세,원호엘리시온 오피스텔,염창동,267-20,37.63,,1000,73,6,17,2003,갱신,26.06~28.06,1000.0,69.0,,,
화곡동,202606,오피스텔_전월세,베스트빌,화곡동,917-7,22.58,,500,65,4,20,2003,신규,26.06~27.06,,,,,
마곡동,202606,오피스텔_전월세,마곡아이파크,마곡동,795-2,25.55,,15300,0,13,23,2016,갱신,26.07~27.07,15700.0,,,,
화곡동,202606,오피스텔_전월세,GS  TOWER,화곡동,24-171,22.87,,3000,90,3,22,2026,신규,26.06~27.06,,,,,
등촌동,202606,오피스텔_전월세,루미에르,등촌동,641-12,19.99,,21500,0,8,23,2024,신규,26.07~28.07,,,,,
화곡동,202606,오피스텔_전월세,미래안포레,화곡동,1105,20.83,,19000,0,12,23,2022,신규,26.07~28.07,,,,,
화곡동,202606,오피스텔_전월세,미래안포레,화곡동,1105,20.83,,18360,0,16,16,2022,신규,26.06~28.06,,,,,
등촌동,202606,오피스텔_전월세,강변샤르망2단지,등촌동,628-32,63.16,,10000,105,10,22,2005,신규,26.08~28.08,,,,,
화곡동,202606,오피스텔_전월세,크라운뷰,화곡동,982-17,41.62,,3000,68,5,22,2009,갱신,26.08~28.08,3000.0,65.0,,,
등촌동,202606,오피스텔_전월세,경동미르웰한올림,등촌동,656,16.19,,12100,16,10,17,2016,신규,26.08~28.08,,,,,
화곡동,202606,오피스텔_전월세,세명 더블라썸,화곡동,1063-10,35.85,,24800,5,6,13,2019,갱신,26.07~28.07,24900.0,,,,
등촌동,202606,오피스텔_전월세,경동미르웰 양천향교 101동,등촌동,820,14.33,,12000,15,3,18,2017,신규,26.08~28.08,,,,,
마곡동,202606,오피스텔_전월세,마곡나루역보타닉푸르지오시티,마곡동,760,19.96,,14350,0,12,23,2017,갱신,26.06~27.06,14030.0,,사용,,
마곡동,202606,오피스텔_전월세,마곡 파크뷰 대방디엠시티 오피스텔,마곡동,776,26.68,,1000,95,12,23,2019,신규,26.07~27.07,,,,,
마곡동,202606,오피스텔_전월세,힐스테이트에코마곡,마곡동,797-14,23.75,,15750,15,10,10,2016,신규,26.07~28.07,,,,,
등촌동,202606,오피스텔_전월세,뉴스토리오피스텔,등촌동,683-1,17.52,,12000,13,5,18,2013,신규,26.08~28.08,,,,,
가양동,202606,오피스텔_전월세,마곡지웰에스테이트,가양동,194-2,17.44,,10000,0,7,22,2014,갱신,26.06~28.06,10000.0,,,,
등촌동,202606,오피스텔_전월세,경동미르웰양천향교2차,등촌동,685,29.68,,20800,17,3,5,2020,,26.06~28.06,,,,,
화곡동,202606,오피스텔_전월세,도양라비앙오피스텔,화곡동,937-7,29.34,,18500,0,10,10,2019,신규,26.06~28.06,,,,,
내발산동,202606,오피스텔_전월세,에스엠파크뷰,내발산동,678-30,34.81,,25000,0,3,22,2019,신규,26.07~28.07,,,,,
화곡동,202606,오피스텔_전월세,(24-99),화곡동,24-99,30.16,,700,55,2,9,1997,신규,26.06~28.06,,,,,
마곡동,202606,오피스텔_전월세,마곡시티오피스텔,마곡동,758,24.4,,5000,33,8,23,2016,갱신,26.08~27.08,5000.0,33.0,,,
화곡동,202606,오피스텔_전월세,오피스텔,화곡동,1075-18,27.3,,500,51,5,2,2002,신규,26.07~28.07,,,,,
마곡동,202606,오피스텔_전월세,마곡시티오피스텔,마곡동,758,22.51,,1000,75,7,1,2016,신규,26.06~27.11,,,,,
화곡동,202606,오피스텔_전월세,파크아리온,화곡동,367-1,28.62,,22000,0,8,23,2021,신규,26.07~28.07,,,,,
마곡동,202606,오피스텔_전월세,마곡나루역보타닉푸르지오시티,마곡동,760,22.17,,15200,20,9,4,2017,신규,26.07~28.07,,,,,
마곡동,202606,오피스텔_전월세,마곡헤리움2차,마곡동,758-3,22.51,,13600,22,13,22,2016,신규,26.07~28.07,,,,,
마곡동,202606,오피스텔_전월세,마곡센트럴대방디엠시티오피스텔,마곡동,776-2,39.97,,30800,0,4,20,2017,신규,26.07~28.07,,,,,
마곡동,202606,오피스텔_전월세,유림트윈파크,마곡동,793,19.99,,11800,20,5,15,2015,갱신,26.08~27.08,11800.0,17.0,,,
등촌동,202606,오피스텔_전월세,(115-6),등촌동,828,13.92,,15000,0,2,22,2020,신규,26.07~28.07,,,,,
화곡동,202606,오피스텔_전월세,리치아파트,화곡동,924-1,29.55,,19300,12,3,22,2018,신규,26.07~28.07,,,,,
마곡동,202606,오피스텔_전월세,우성르보아투,마곡동,739-2,20.24,,1000,62,7,22,2015,신규,26.08~27.08,,,,,
마곡동,202606,오피스텔_전월세,마곡나루역보타닉푸르지오시티,마곡동,760,19.96,,1000,75,10,19,2017,신규,26.07~27.07,,,,,
염창동,202606,오피스텔_전월세,대림밸리,염창동,263-14,29.98,,29000,0,8,23,2021,갱신,26.07~28.07,29000.0,,,,
화곡동,202606,오피스텔_전월세,강서 동도센트리움,화곡동,1161,18.97,,1000,50,11,16,2012,신규,26.06~27.06,,,,,
방화동,202606,오피스텔_전월세,신마곡벽산블루밍,방화동,904,46.83,,34500,0,10,8,2020,갱신,26.07~28.07,34000.0,,사용,,
마곡동,202606,오피스텔_전월세,마곡 파크뷰 대방디엠시티 오피스텔,마곡동,776,21.25,,500,84,3,22,2019,갱신,26.08~27.08,500.0,80.0,,,
마곡동,202606,오피스텔_전월세,힐스테이트 에코 마곡역,마곡동,773,19.87,,1000,76,13,22,2017,갱신,26.06~27.06,1000.0,73.0,,,
마곡동,202606,오피스텔_전월세,마곡나루역캐슬파크,마곡동,760-2,23.39,,1000,85,3,20,2016,신규,26.08~27.08,,,,,
마곡동,202606,오피스텔_전월세,유림트윈파크,마곡동,793,19.99,,1000,68,2,17,2015,신규,26.06~27.06,,,,,
화곡동,202606,오피스텔_전월세,강서구청 파크뷰 에버,화곡동,987-1,15.43,,12960,0,9,17,2020,갱신,26.07~28.07,12690.0,,사용,,
마곡동,202606,오피스텔_전월세,마곡 파크뷰 대방디엠시티 오피스텔,마곡동,776,21.25,,4000,60,3,9,2019,신규,26.07~28.07,,,,,
염창동,202606,오피스텔_전월세,팔레시움,염창동,283-2,18.14,,10000,10,5,18,2012,신규,26.07~28.07,,,,,
염창동,202606,오피스텔_전월세,염창투웨니퍼스트,염창동,262,28.57,,24500,0,2,16,2019,신규,26.09~28.09,,,,,
염창동,202606,오피스텔_전월세,한빛어반뉴스토리,염창동,266-12,28.69,,5000,120,15,20,2018,신규,26.07~28.07,,,,,
등촌동,202606,오피스텔_전월세,효성인텔리안,등촌동,681-3,75.77,,1500,155,9,8,2005,신규,26.06~27.06,,,,,
마곡동,202606,오피스텔_전월세,벨리오,마곡동,784-8,20.57,,5000,53,2,22,2015,갱신,26.08~27.08,5000.0,50.0,,,
마곡동,202606,오피스텔_전월세,마곡나루역보타닉푸르지오시티,마곡동,760,19.96,,1000,75,12,18,2017,신규,26.08~28.08,,,,,
염창동,202606,오피스텔_전월세,팔레시움,염창동,283-2,18.14,,3000,40,2,22,2012,신규,26.07~28.07,,,,,
등촌동,202606,오피스텔_전월세,라빌라스,등촌동,637-19,29.91,,23000,10,7,13,2018,신규,26.07~28.07,,,,,
공항동,202606,오피스텔_전월세,헬리그라프 마곡에디션,공항동,8-5,29.02,,1000,120,7,9,2024,신규,26.06~28.06,,,,,
마곡동,202606,오피스텔_전월세,마곡시티오피스텔,마곡동,758,24.4,,1000,80,10,13,2016,신규,26.06~27.06,,,,,
마곡동,202606,오피스텔_전월세,마곡나루역보타닉푸르지오시티,마곡동,760,22.17,,1000,69,9,22,2017,신규,26.06~27.06,,,,,
마곡동,202606,오피스텔_전월세,필네이처,마곡동,795-1,22.16,,12600,0,3,11,2016,신규,26.06~27.06,,,,,
화곡동,202606,오피스텔_전월세,원타워 5차 오피스텔,화곡동,987-7,17.04,,14400,10,7,22,2021,신규,26.07~28.07,,,,,
등촌동,202606,오피스텔_전월세,강변샤르망3단지,등촌동,628-17,63.16,,34600,0,2,22,2005,갱신,26.06~28.03,33000.0,,사용,,
화곡동,202606,오피스텔_전월세,경동엠파이어시티 101동,화곡동,1051-1,16.1,,500,50,6,17,2013,신규,26.06~28.06,,,,,
화곡동,202606,오피스텔_전월세,원타워 5차 오피스텔,화곡동,987-7,17.04,,1000,68,11,22,2021,신규,26.08~28.07,,,,,
마곡동,202606,오피스텔_전월세,마곡나루역보타닉푸르지오시티,마곡동,760,22.2,,1000,82,3,14,2017,신규,26.06~27.06,,,,,
마곡동,202606,오피스텔_전월세,마곡시티오피스텔,마곡동,758,22.51,,1000,76,12,20,2016,갱신,26.06~26.12,1000.0,67.0,,,
화곡동,202606,오피스텔_전월세,원타워 5차 오피스텔,화곡동,987-7,17.04,,2000,70,4,22,2021,신규,26.07~27.07,,,,,
가양동,202606,오피스텔_전월세,마곡보타닉투웨니퍼스트,가양동,257-1,28.33,,24000,0,4,22,2020,갱신,26.07~28.07,23000.0,,,,
공항동,202606,오피스텔_전월세,세종에어포트원,공항동,45-14,29.98,,21000,0,6,20,2018,신규,26.08~28.08,,,,,
마곡동,202606,오피스텔_전월세,마곡센트럴대방디엠시티오피스텔,마곡동,776-2,24.02,,15500,13,4,21,2017,신규,26.07~28.07,,,,,
등촌동,202606,오피스텔_전월세,등촌투웨니퍼스트2차,등촌동,633-17,29.68,,21000,35,10,20,2016,신규,26.08~28.08,,,,,
등촌동,202606,오피스텔_전월세,삼부르네상스,등촌동,75-1,60.8,,30000,30,10,13,2004,신규,26.08~28.08,,,,,
화곡동,202606,오피스텔_전월세,(24-578),화곡동,24-578,24.69,,500,30,5,15,2002,신규,26.06~28.06,,,,,
화곡동,202606,오피스텔_전월세,SJ라벨라,화곡동,1111,28.1,,22000,0,4,19,2020,갱신,26.06~28.06,21300.0,,,,
화곡동,202606,오피스텔_전월세,우장산투웨니퍼스트,화곡동,72-3,29.21,,19625,0,7,22,2018,신규,26.07~28.07,,,,,
등촌동,202606,오피스텔_전월세,등촌투웨니퍼스트2차,등촌동,633-17,29.68,,2000,105,9,19,2016,갱신,26.09~28.09,2000.0,100.0,사용,,
화곡동,202606,오피스텔_전월세,강서구청 파크뷰 에버,화곡동,987-1,15.46,,2000,55,11,20,2020,갱신,26.07~27.07,2000.0,53.0,,,
마곡동,202606,오피스텔_전월세,마곡센트럴대방디엠시티오피스텔,마곡동,776-2,24.02,,17000,0,9,16,2017,신규,26.06~28.06,,,,,
화곡동,202606,오피스텔_전월세,강서구청 파크뷰 에버,화곡동,987-1,15.43,,12960,0,14,20,2020,갱신,26.06~28.06,12690.0,,,,
마곡동,202606,오피스텔_전월세,마곡대명투웨니퍼스트,마곡동,784-6,17.96,,12000,15,7,17,2015,신규,26.07~28.07,,,,,
마곡동,202606,오피스텔_전월세,마곡역센트럴푸르지오시티,마곡동,773-1,39.23,,33500,6,12,19,2016,갱신,26.07~28.07,33500.0,,사용,,
마곡동,202606,오피스텔_전월세,힐스테이트에코마곡,마곡동,797-14,23.74,,1000,79,8,13,2016,갱신,26.08~27.08,1000.0,75.0,,,
등촌동,202606,오피스텔_전월세,등촌동두산위브센티움,등촌동,631,43.11,,12000,50,4,20,2004,신규,26.07~28.07,,,,,
등촌동,202606,오피스텔_전월세,(115-6),등촌동,828,13.92,,500,65,5,18,2020,갱신,26.07~27.07,300.0,60.0,,,
가양동,202606,오피스텔_전월세,마곡보타닉투웨니퍼스트,가양동,257-1,28.33,,20000,25,9,21,2020,갱신,26.09~28.09,24150.0,5.0,,,
등촌동,202606,오피스텔_전월세,현대프린스텔,등촌동,628-13,26.16,,2000,50,10,20,1999,갱신,26.07~27.07,2000.0,50.0,,,
마곡동,202606,오피스텔_전월세,마곡역센트럴푸르지오시티,마곡동,773-1,23.87,,1000,78,5,9,2016,신규,26.06~27.06,,,,,
화곡동,202606,오피스텔_전월세,엠제이타운,화곡동,981-3,26.6,,22000,0,9,20,2020,신규,26.07~28.07,,,,,
마곡동,202606,오피스텔_전월세,마곡헤리움2차,마곡동,758-3,22.51,,13600,10,14,19,2016,신규,26.07~28.07,,,,,
가양동,202606,오피스텔_전월세,다솔씨티하임,가양동,250-2,27.72,,23500,0,3,20,2018,갱신,26.07~28.07,25000.0,,사용,,
마곡동,202606,오피스텔_전월세,마곡사이언스파크뷰,마곡동,795-5,22.07,,13000,10,14,18,2016,신규,26.06~28.06,,,,,
마곡동,202606,오피스텔_전월세,마곡일성트루엘플래닛,마곡동,758-2,21.43,,13300,15,12,18,2016,갱신,26.08~28.08,14400.0,5.0,,,
마곡동,202606,오피스텔_전월세,매그넘793,마곡동,793-7,27.46,,1000,110,4,19,2020,갱신,26.07~27.07,1000.0,105.0,,,
마곡동,202606,오피스텔_전월세,매그넘793,마곡동,793-7,27.46,,25500,0,4,9,2020,신규,26.06~28.06,,,,,
등촌동,202606,오피스텔_전월세,경동미르웰양천향교2차,등촌동,685,29.68,,1000,120,6,9,2020,갱신,26.06~27.06,1000.0,110.0,,,
방화동,202606,오피스텔_전월세,펜타곤스카이,방화동,620-129,34.66,,28000,0,5,20,2022,신규,26.08~28.08,,,,,
방화동,202606,오피스텔_전월세,신마곡벽산블루밍,방화동,904,45.85,,32800,0,16,21,2020,신규,26.09~28.09,,,,,
화곡동,202606,오피스텔_전월세,연우넥스트파크뷰,화곡동,1110,15.29,,1000,66,12,12,2019,신규,26.07~28.07,,,,,
마곡동,202606,오피스텔_전월세,마곡나루역보타닉푸르지오시티,마곡동,760,21.89,,15750,20,9,17,2017,신규,26.07~27.07,,,,,
등촌동,202606,오피스텔_전월세,(115-6),등촌동,828,13.92,,15000,0,2,21,2020,신규,26.08~28.08,,,,,
화곡동,202606,오피스텔_전월세,서경홈타운,화곡동,24-144,28.59,,200,55,3,12,2021,신규,26.06~27.02,,,,,
화곡동,202606,오피스텔_전월세,자하클래식,화곡동,24-39,15.88,,13300,0,2,18,2018,갱신,26.07~28.07,12700.0,,사용,,
마곡동,202606,오피스텔_전월세,마곡오드카운티1차,마곡동,784-11,16.57,,11250,7,3,21,2016,갱신,26.08~27.08,10850.0,,사용,,
마곡동,202606,오피스텔_전월세,마곡나루역보타닉푸르지오시티,마곡동,760,22.17,,1000,64,11,19,2017,신규,26.08~27.08,,,,,
내발산동,202606,오피스텔_전월세,에스엠파크뷰,내발산동,678-30,36.72,,25000,10,4,20,2019,신규,26.08~28.08,,,,,
화곡동,202606,오피스텔_전월세,강서2차 크라운팰리스,화곡동,1070-11,37.77,,28665,0,3,20,2020,신규,26.07~28.07,,,,,
화곡동,202606,오피스텔_전월세,미래안포레,화곡동,1105,20.33,,500,80,9,6,2022,신규,26.06~27.06,,,,,
화곡동,202606,오피스텔_전월세,Urban edge(어반엣지),화곡동,24-169,48.17,,2000,180,5,13,2026,신규,26.06~28.06,,,,,
마곡동,202606,오피스텔_전월세,엠코지니어스타,마곡동,776-4,22.95,,2000,70,10,11,2015,갱신,26.06~27.06,2000.0,70.0,,,
마곡동,202606,오피스텔_전월세,마곡럭스나인오피스텔,마곡동,758-4,21.87,,1000,75,8,5,2016,갱신,26.07~27.07,1000.0,73.0,사용,,
염창동,202606,오피스텔_전월세,염창투웨니퍼스트,염창동,262,28.57,,26000,0,3,19,2019,갱신,26.07~28.02,25000.0,,,,
방화동,202606,오피스텔_전월세,에어뷰21-1오피스텔,방화동,829-5,20.88,,500,43,8,3,1999,신규,26.06~28.06,,,,,
마곡동,202606,오피스텔_전월세,마곡센트럴대방디엠시티오피스텔,마곡동,776-2,30.84,,1000,90,7,19,2017,갱신,26.08~27.08,1000.0,88.0,,,
가양동,202606,오피스텔_전월세,이스타빌1차,가양동,1480-5,27,,500,60,9,13,2002,갱신,26.06~27.06,500.0,55.0,,,
마곡동,202606,오피스텔_전월세,마곡경동미르웰,마곡동,784,17.96,,500,63,4,8,2015,신규,26.06~27.06,,,,,
마곡동,202606,오피스텔_전월세,힐스테이트에코 마곡나루역 라마다앙코르 서울마곡,마곡동,760-1,20.84,,15300,14,10,12,2017,갱신,26.07~28.07,18000.0,,,,
방화동,202606,오피스텔_전월세,방화샤르망2오피스텔,방화동,830-5,17.64,,500,30,11,5,2003,신규,26.06~28.06,,,,,
마곡동,202606,오피스텔_전월세,마곡오드카운티2차,마곡동,784-9,20.82,,9000,48,2,18,,신규,26.06~28.06,,,,,
마곡동,202606,오피스텔_전월세,마곡대명투웨니퍼스트,마곡동,784-6,17.96,,1000,67,4,5,2015,신규,26.06~27.06,,,,,
마곡동,202606,오피스텔_전월세,마곡 파크뷰 대방디엠시티 오피스텔,마곡동,776,21.25,,16500,5,8,17,2019,신규,26.08~28.08,,,,,
가양동,202606,오피스텔_전월세,마곡파크뷰에이동,가양동,275-1,28.89,,20300,18,2,19,2017,신규,26.07~28.07,,,,,
마곡동,202606,오피스텔_전월세,매그넘793,마곡동,793-7,32.6,,27000,0,9,13,2020,신규,26.08~28.08,,,,,
가양동,202606,오피스텔_전월세,마곡보타닉투웨니퍼스트,가양동,257-1,28.33,,2000,125,3,6,2020,신규,26.06~27.06,,,,,
마곡동,202606,오피스텔_전월세,마곡나루역보타닉푸르지오시티,마곡동,760,22.17,,500,64,4,18,2017,갱신,26.07~27.07,500.0,61.0,,,
화곡동,202606,오피스텔_전월세,거마지엠밸리,화곡동,1116-5,13.89,,1000,67,18,19,2020,신규,26.07~27.07,,,,,
화곡동,202606,오피스텔_전월세,한나일프레이즈,화곡동,1097-6,28.3,,5000,0,2,9,2010,갱신,26.07~28.07,5000.0,,,,
등촌동,202606,오피스텔_전월세,등촌동두산위브센티움,등촌동,631,43.11,,23000,0,9,18,2004,신규,26.09~28.09,,,,,
가양동,202606,오피스텔_전월세,이스타빌1차,가양동,1480-5,32.4,,1000,65,6,18,2002,신규,26.07~28.07,,,,,
화곡동,202606,오피스텔_전월세,강서2차 크라운팰리스,화곡동,1070-11,28.17,,26400,0,6,18,2020,신규,26.07~28.07,,,,,
마곡동,202606,오피스텔_전월세,플레이스에이치,마곡동,793-9,18.38,,1000,65,9,19,2015,신규,26.06~27.06,,,,,
등촌동,202606,오피스텔_전월세,아이디움,등촌동,656-36,17.31,,2000,55,12,18,2014,신규,26.07~27.07,,,,,
마곡동,202606,오피스텔_전월세,마곡역센트럴푸르지오시티,마곡동,773-1,23.87,,16300,15,13,16,2016,신규,26.07~28.07,,,,,
마곡동,202606,오피스텔_전월세,마곡나루역보타닉푸르지오시티,마곡동,760,22.2,,15700,20,5,4,2017,갱신,26.07~28.07,17100.0,10.0,,,
마곡동,202606,오피스텔_전월세,마곡 파크뷰 대방디엠시티 오피스텔,마곡동,776,21.25,,10000,42,10,18,2019,신규,26.06~28.06,,,,,
마곡동,202606,오피스텔_전월세,유림트윈파크,마곡동,793,19.99,,1000,67,9,18,2015,신규,26.06~27.06,,,,,
화곡동,202606,오피스텔_전월세,거마지엠밸리,화곡동,1116-5,13.42,,12300,13,17,17,2020,신규,26.07~28.07,,,,,
마곡동,202606,오피스텔_전월세,마곡나루역보타닉푸르지오시티,마곡동,760,19.96,,1000,78,14,8,2017,신규,26.06~27.06,,,,,
염창동,202606,오피스텔_전월세,루나클래식2,염창동,283-15,29.72,,5000,94,7,18,2023,갱신,26.07~27.07,5000.0,90.0,,,
화곡동,202606,오피스텔_전월세,연우넥스트뷰,화곡동,1107-3,17.32,,13500,5,3,18,2018,갱신,26.07~28.07,13500.0,4.0,,,
화곡동,202606,오피스텔_전월세,스위트132드림하우스,화곡동,900-32,17.49,,5000,50,4,18,2013,신규,26.06~28.06,,,,,
마곡동,202606,오피스텔_전월세,마곡 파크뷰 대방디엠시티 오피스텔,마곡동,776,21.25,,1000,64,9,17,2019,신규,26.06~27.06,,,,,
등촌동,202606,오피스텔_전월세,강서메트로칸,등촌동,656-52,17.34,,500,55,9,18,2013,신규,26.08~27.07,,,,,
화곡동,202606,오피스텔_전월세,(1063-17),화곡동,1063-17,25.35,,500,55,6,15,2002,신규,26.06~28.06,,,,,
가양동,202606,오피스텔_전월세,휴먼빌,가양동,1479-9,25.64,,1000,55,3,12,2004,신규,26.06~27.06,,,,,
등촌동,202606,오피스텔_전월세,월드파크뷰,등촌동,632-7,29.1,,27000,5,13,18,2020,갱신,26.08~28.08,27000.0,,,,
화곡동,202606,오피스텔_전월세,세명 더블라썸,화곡동,1063-10,28.42,,21300,5,7,16,2019,신규,26.07~28.07,,,,,
화곡동,202606,오피스텔_전월세,파크아리온,화곡동,367-1,28.71,,5500,85,4,9,2021,신규,26.06~28.06,,,,,
마곡동,202606,오피스텔_전월세,벨리오,마곡동,784-8,20.57,,1000,70,3,18,2015,신규,26.06~27.06,,,,,
등촌동,202606,오피스텔_전월세,대외그랜드오피스텔,등촌동,635-5,23.04,,1500,39,4,13,2003,갱신,26.07~27.07,1500.0,37.0,,,
화곡동,202606,오피스텔_전월세,에스엠케이오피스텔,화곡동,937-13,19.74,,12000,0,10,18,2019,신규,26.07~28.07,,,,,
화곡동,202606,오피스텔_전월세,화곡투웨니퍼스트,화곡동,105-378,28.45,,2000,92,4,16,2018,신규,26.08~28.07,,,,,
마곡동,202606,오피스텔_전월세,우성르보아투,마곡동,739-2,20.24,,3000,52,4,16,2015,신규,26.07~27.07,,,,,
화곡동,202606,오피스텔_전월세,원타워 5차 오피스텔,화곡동,987-7,17.04,,14400,10,6,18,2021,신규,26.08~28.08,,,,,
화곡동,202606,오피스텔_전월세,베스트빌,화곡동,917-7,42.39,,1000,70,7,16,2003,신규,26.06~27.06,,,,,
마곡동,202606,오피스텔_전월세,마곡오드카운티1차,마곡동,784-11,16.57,,1000,68,8,16,2016,신규,26.06~27.06,,,,,
마곡동,202606,오피스텔_전월세,스카이오피스텔,마곡동,784-3,30,,18900,0,2,16,2016,갱신,26.06~28.06,18500.0,,,,
화곡동,202606,오피스텔_전월세,슈프림더하이움,화곡동,886-8,60.54,,45000,0,10,17,2023,신규,26.09~28.09,,,,,
마곡동,202606,오피스텔_전월세,마곡오드카운티2차,마곡동,784-9,20.82,,500,75,8,10,,신규,26.06~27.06,,,,,
염창동,202606,오피스텔_전월세,한빛어반뉴스토리,염창동,266-12,28.69,,2000,105,3,17,2018,신규,26.07~27.07,,,,,
마곡동,202606,오피스텔_전월세,힐스테이트 에코 마곡역,마곡동,773,19.87,,3000,52,14,13,2017,갱신,26.07~27.07,8000.0,31.0,,,
마곡동,202606,오피스텔_전월세,마곡센트럴대방디엠시티오피스텔,마곡동,776-2,29.48,,1000,82,13,4,2017,신규,26.06~27.06,,,,,
마곡동,202606,오피스텔_전월세,마곡역센트럴푸르지오시티,마곡동,773-1,23.87,,16300,6,4,16,2016,갱신,26.07~28.07,17100.0,,사용,,
염창동,202606,오피스텔_전월세,하우스B,염창동,282-24,24.17,,1000,120,3,16,2022,신규,26.07~27.07,,,,,
마곡동,202606,오피스텔_전월세,마곡나루역보타닉푸르지오시티,마곡동,760,22.2,,2000,75,5,8,2017,신규,26.06~27.06,,,,,
등촌동,202606,오피스텔_전월세,우림보보카운티뷰,등촌동,649-14,27.36,,1000,70,11,16,2004,신규,26.07~27.07,,,,,
등촌동,202606,오피스텔_전월세,(115-6),등촌동,828,13.92,,15400,0,2,17,2020,갱신,26.07~26.08,15400.0,,,,
등촌동,202606,오피스텔_전월세,더 퍼스트 가양,등촌동,639-6,22.5,,24000,0,7,15,2023,신규,26.07~28.07,,,,,
방화동,202606,오피스텔_전월세,마곡그랑시엘,방화동,613-2,25.62,,18750,0,7,17,2021,신규,26.07~28.07,,,,,
마곡동,202606,오피스텔_전월세,매그넘793,마곡동,793-7,27.46,,26000,0,2,17,2020,갱신,26.08~28.08,25510.0,,,,
마곡동,202606,오피스텔_전월세,마곡나루역보타닉푸르지오시티,마곡동,760,22.17,,1000,88,11,12,2017,신규,26.07~27.07,,,,,
마곡동,202606,오피스텔_전월세,마곡럭스나인오피스텔,마곡동,758-4,25.29,,16737,0,6,12,2016,신규,26.07~27.07,,,,,
마곡동,202606,오피스텔_전월세,마곡에비앙,마곡동,793-3,18.97,,500,69,8,15,2015,신규,26.06~27.06,,,,,
마곡동,202606,오피스텔_전월세,마곡나루역보타닉푸르지오시티,마곡동,760,21.86,,1000,80,10,17,2017,신규,26.07~27.07,,,,,
마곡동,202606,오피스텔_전월세,마곡오드카운티2차,마곡동,784-9,17.36,,12150,10,8,13,,갱신,26.06~26.08,12150.0,10.0,,,
마곡동,202606,오피스텔_전월세,마곡시티오피스텔,마곡동,758,24.4,,1000,80,6,16,2016,신규,26.07~27.07,,,,,
화곡동,202606,오피스텔_전월세,두선빌 오피스텔,화곡동,1075-15,22.54,,500,45,3,11,2002,신규,26.06~27.06,,,,,
등촌동,202606,오피스텔_전월세,뉴스토리오피스텔,등촌동,683-1,17.52,,13000,11,5,11,2013,갱신,26.07~28.07,13000.0,9.0,사용,,
화곡동,202606,오피스텔_전월세,서안EZtel,화곡동,1063-8,31.59,,1000,55,4,13,2001,신규,26.06~28.06,,,,,
방화동,202606,오피스텔_전월세,경동화인시티,방화동,612-2,19.44,,7200,10,6,16,2010,갱신,26.07~28.07,7800.0,5.0,,,
마곡동,202606,오피스텔_전월세,마곡시티오피스텔,마곡동,758,24.4,,1000,80,4,4,2016,갱신,26.06~27.06,1000.0,78.0,사용,,
마곡동,202606,오피스텔_전월세,마곡센트럴대방디엠시티오피스텔,마곡동,776-2,24.02,,16200,5,13,16,2017,갱신,26.07~28.07,16620.0,,사용,,
마곡동,202606,오피스텔_전월세,힐스테이트에코동익,마곡동,773-3,30.81,,3000,85,9,15,2017,갱신,26.06~27.06,21000.0,,사용,,
마곡동,202606,오피스텔_전월세,마곡나루역보타닉푸르지오시티,마곡동,760,22.2,,1000,85,12,15,2017,신규,26.07~27.07,,,,,
화곡동,202606,오피스텔_전월세,미래안포레,화곡동,1105,23.47,,3000,80,8,5,2022,신규,26.06~27.06,,,,,
마곡동,202606,오피스텔_전월세,마곡나루역캐슬파크,마곡동,760-2,23.39,,17775,18,6,15,2016,갱신,26.08~28.08,18900.0,10.0,사용,,
마곡동,202606,오피스텔_전월세,마곡나루역보타닉푸르지오시티,마곡동,760,22.76,,4000,51,14,13,2017,갱신,26.06~27.06,4000.0,48.0,,,
마곡동,202606,오피스텔_전월세,마곡센트럴대방디엠시티오피스텔,마곡동,776-2,24.02,,16400,20,13,1,2017,갱신,26.06~27.06,16400.0,10.0,,,
마곡동,202606,오피스텔_전월세,마곡나루역캐슬파크,마곡동,760-2,23.39,,1000,88,14,15,2016,신규,26.07~27.07,,,,,
가양동,202606,오피스텔_전월세,가양글로벌퍼스트,가양동,448-11,28.12,,23000,25,5,16,2018,신규,26.08~28.08,,,,,
마곡동,202606,오피스텔_전월세,마곡시티오피스텔,마곡동,758,22.51,,1000,77,4,15,2016,신규,26.06~27.06,,,,,
마곡동,202606,오피스텔_전월세,마곡나루역보타닉푸르지오시티,마곡동,760,22.17,,15750,0,5,16,2017,갱신,26.06~28.06,16500.0,,사용,,
마곡동,202606,오피스텔_전월세,마곡 파크뷰 대방디엠시티 오피스텔,마곡동,776,21.25,,16500,14,8,11,2019,갱신,26.06~27.06,16700.0,10.0,,,
마곡동,202606,오피스텔_전월세,마곡나루역보타닉푸르지오시티,마곡동,760,22.2,,1000,75,9,11,2017,갱신,26.08~27.08,1000.0,73.0,,,
염창동,202606,오피스텔_전월세,아네스트염창,염창동,310,18.84,,13500,13,3,12,2019,갱신,26.07~28.07,13500.0,11.0,,,
마곡동,202606,오피스텔_전월세,힐스테이트에코동익,마곡동,773-3,24.57,,13000,30,3,12,2017,신규,26.06~28.06,,,,,
마곡동,202606,오피스텔_전월세,마곡센트럴대방디엠시티오피스텔,마곡동,776-2,39.97,,32000,0,10,2,2017,갱신,26.06~27.06,32000.0,,사용,,
등촌동,202606,오피스텔_전월세,센트럴시티,등촌동,656-57,14.91,,13000,15,10,11,2020,신규,26.07~28.07,,,,,
마곡동,202606,오피스텔_전월세,마곡나루역보타닉푸르지오시티,마곡동,760,22.2,,15750,18,9,4,2017,신규,26.07~28.07,,,,,
마곡동,202606,오피스텔_전월세,마곡오드카운티2차,마곡동,784-9,17.36,,12300,0,2,8,,신규,26.07~28.07,,,,,
마곡동,202606,오피스텔_전월세,마곡경동미르웰,마곡동,784,17.96,,12150,15,6,11,2015,신규,26.07~28.07,,,,,
마곡동,202606,오피스텔_전월세,마곡나루역캐슬파크,마곡동,760-2,23.39,,500,80,9,16,2016,갱신,26.07~27.07,500.0,75.0,사용,,
화곡동,202606,오피스텔_전월세,골든라인씨티,화곡동,935-15,29.99,,11000,36,15,16,2019,갱신,26.07~28.07,11000.0,32.0,,,
마곡동,202606,오피스텔_전월세,마곡나루역보타닉푸르지오시티,마곡동,760,22.2,,17325,0,7,11,2017,갱신,26.07~28.07,16500.0,,사용,,
등촌동,202606,오피스텔_전월세,대외그랜드오피스텔,등촌동,635-5,23.04,,1500,42,4,16,2003,신규,26.06~27.06,,,,,
등촌동,202606,오피스텔_전월세,등촌 미르웰 한올림 3차,등촌동,656-58,14.41,,1000,62,10,9,2018,신규,26.06~27.06,,,,,
방화동,202606,오피스텔_전월세,오피앙,방화동,830,22.5,,500,40,7,16,2001,신규,26.06~27.06,,,,,
가양동,202606,오피스텔_전월세,이스타빌1차,가양동,1480-5,30.24,,10000,18,12,16,2002,신규,26.08~28.08,,,,,
방화동,202606,오피스텔_전월세,벤처오피스텔,방화동,621-2,25.16,,5000,25,3,15,2003,신규,26.07~28.07,,,,,
등촌동,202606,오피스텔_전월세,라빌라스,등촌동,637-19,29.91,,23400,18,10,13,2018,갱신,26.07~28.07,23400.0,18.0,,,
염창동,202606,오피스텔_전월세,등촌노블레르,염창동,242-5,27.64,,25290,0,9,16,2020,갱신,26.07~28.07,25500.0,,,,
방화동,202606,오피스텔_전월세,라센트로,방화동,620-115,44.54,,29500,0,11,16,2022,신규,26.08~28.08,,,,,
화곡동,202606,오피스텔_전월세,모닝스카이오피스텔,화곡동,1052-14,29.6,,500,86,3,3,2002,신규,26.06~27.06,,,,,
화곡동,202606,오피스텔_전월세,르미엘,화곡동,987-3,17.59,,12000,25,18,2,2022,신규,26.07~28.07,,,,,
가양동,202606,오피스텔_전월세,이스타빌1차,가양동,1480-5,25.84,,1000,60,11,13,2002,신규,26.07~27.07,,,,,
공항동,202606,오피스텔_전월세,에테르힐스,공항동,45-11,46.82,,1000,166,13,10,2023,신규,26.07~27.07,,,,,
마곡동,202606,오피스텔_전월세,마곡아이파크,마곡동,795-2,36.47,,2000,115,13,16,2016,신규,26.07~27.07,,,,,
등촌동,202606,오피스텔_전월세,우림보보카운티뷰,등촌동,649-14,27.36,,2000,60,10,15,2004,신규,26.07~27.07,,,,,
마곡동,202606,오피스텔_전월세,마곡일성트루엘플래닛,마곡동,758-2,21.43,,13300,0,8,12,2016,갱신,26.07~28.07,14400.0,,사용,,
마곡동,202606,오피스텔_전월세,롯데캐슬 르웨스트,마곡동,767-4,57.48,,30000,190,14,15,2024,신규,26.09~28.09,,,,,
화곡동,202606,오피스텔_전월세,BK힐타운 화곡,화곡동,24-43,29.99,,15000,15,3,16,2019,갱신,26.06~28.06,5000.0,55.0,,,
가양동,202606,오피스텔_전월세,가양글로벌퍼스트,가양동,448-11,28.12,,22000,30,12,1,2018,신규,26.07~28.07,,,,,
마곡동,202606,오피스텔_전월세,힐스테이트에코 마곡나루역 라마다앙코르 서울마곡,마곡동,760-1,20.1,,2000,50,8,5,2017,갱신,26.06~27.06,2000.0,30.0,,,
마곡동,202606,오피스텔_전월세,힐스테이트에코마곡,마곡동,797-14,23.75,,1000,80,4,3,2016,신규,26.06~27.06,,,,,
가양동,202606,오피스텔_전월세,마곡크리스아크,가양동,250-1,32.48,,30500,0,10,15,2021,갱신,26.06~28.06,30500.0,,,,
마곡동,202606,오피스텔_전월세,힐스테이트에코동익,마곡동,773-3,30.81,,1000,105,6,11,2017,갱신,26.06~27.06,1000.0,105.0,,,
등촌동,202606,오피스텔_전월세,투웨니퍼스트1차,등촌동,634-10,29.74,,20900,25,4,13,,신규,26.08~28.08,,,,,
방화동,202606,오피스텔_전월세,벽산에어트리움,방화동,849,22.78,,8100,0,6,15,2003,갱신,26.07~28.07,8100.0,,사용,,
마곡동,202606,오피스텔_전월세,아르디에,마곡동,784-13,18.59,,300,52,9,11,2015,신규,26.06~27.06,,,,,
마곡동,202606,오피스텔_전월세,우성르보아,마곡동,793-6,24.45,,3000,65,4,15,2015,신규,26.07~27.07,,,,,
마곡동,202606,오피스텔_전월세,마곡센트럴대방디엠시티오피스텔,마곡동,776-2,24.02,,3000,72,9,13,2017,신규,26.06~27.06,,,,,
가양동,202606,오피스텔_전월세,휴먼빌,가양동,1479-9,25.64,,1000,55,12,2,2004,신규,26.06~27.06,,,,,
마곡동,202606,오피스텔_전월세,마곡나루역캐슬파크,마곡동,760-2,23.39,,1000,90,7,8,2016,신규,26.06~27.06,,,,,
등촌동,202606,오피스텔_전월세,등촌동 Y HAUS 오피스텔,등촌동,633-24,29.07,,24750,0,2,13,2020,갱신,26.08~28.08,24150.0,,,,
마곡동,202606,오피스텔_전월세,마곡대명투웨니퍼스트,마곡동,784-6,17.96,,400,63,4,11,2015,신규,26.06~27.06,,,,,
등촌동,202606,오피스텔_전월세,경동미르웰양천향교2차,등촌동,685,29.68,,23400,0,3,15,2020,갱신,26.07~27.07,23100.0,,,,
마곡동,202606,오피스텔_전월세,마곡일성트루엘플래닛,마곡동,758-2,21.43,,11000,21,9,11,2016,갱신,26.07~28.07,14400.0,5.0,,,
방화동,202606,오피스텔_전월세,라센트로,방화동,620-115,44.4,,28000,0,9,12,2022,신규,26.08~28.08,,,,,
마곡동,202606,오피스텔_전월세,마곡나루역보타닉푸르지오시티,마곡동,760,21.89,,15750,5,7,15,2017,신규,26.07~27.07,,,,,
마곡동,202606,오피스텔_전월세,마곡일성트루엘플래닛,마곡동,758-2,21.43,,13000,13,11,15,2016,신규,26.07~27.07,,,,,
등촌동,202606,오피스텔_전월세,등촌동 Y HAUS 오피스텔,등촌동,633-24,29.07,,2000,110,8,13,2020,신규,26.08~27.08,,,,,
화곡동,202606,오피스텔_전월세,아덴하임,화곡동,24-92,26.63,,19300,0,16,3,2020,신규,26.07~28.07,,,,,
방화동,202606,오피스텔_전월세,에어뷰21-1오피스텔,방화동,829-5,26.86,,500,45,4,13,1999,신규,26.07~28.07,,,,,
가양동,202606,오피스텔_전월세,동양 트레벨 스카이 오피스텔,가양동,1479-8,22.08,,1000,48,5,15,2003,신규,26.07~27.07,,,,,
마곡동,202606,오피스텔_전월세,마곡나루역보타닉푸르지오시티,마곡동,760,22.76,,16200,20,12,13,2017,신규,26.08~28.08,,,,,
마곡동,202606,오피스텔_전월세,마곡에비앙,마곡동,793-3,18.97,,500,67,9,12,2015,신규,26.06~27.06,,,,,
마곡동,202606,오피스텔_전월세,힐스테이트에코 마곡나루역 라마다앙코르 서울마곡,마곡동,760-1,20.84,,5000,69,9,9,2017,갱신,26.07~27.07,5000.0,65.0,,,
마곡동,202606,오피스텔_전월세,힐스테이트에코동익,마곡동,773-3,25.89,,18000,15,13,10,2017,신규,26.07~28.07,,,,,
마곡동,202606,오피스텔_전월세,마곡 파크뷰 대방디엠시티 오피스텔,마곡동,776,21.25,,16500,6,14,13,2019,신규,26.06~28.06,,,,,
화곡동,202606,오피스텔_전월세,강서 동도센트리움,화곡동,1161,18.97,,500,60,10,12,2012,신규,26.06~27.06,,,,,
마곡동,202606,오피스텔_전월세,마곡나루역보타닉푸르지오시티,마곡동,760,22.76,,16200,26,13,13,2017,신규,26.07~28.07,,,,,
마곡동,202606,오피스텔_전월세,마곡나루역보타닉푸르지오시티,마곡동,760,22.2,,16500,0,14,13,2017,신규,26.09~28.09,,,,,
마곡동,202606,오피스텔_전월세,마곡헤리움2차,마곡동,758-3,22.51,,500,64,4,10,2016,신규,26.07~27.07,,,,,
가양동,202606,오피스텔_전월세,이스타빌2차,가양동,1480-1,30.6,,1000,58,2,13,2003,갱신,26.07~28.07,1000.0,55.0,사용,,
염창동,202606,오피스텔_전월세,노블레르,염창동,264-26,27.72,,24500,0,13,12,2019,갱신,26.06~28.06,24160.0,,사용,,
방화동,202606,오피스텔_전월세,(620-214),방화동,620-214,27.37,,500,50,13,1,2011,신규,26.06~28.06,,,,,
가양동,202606,오피스텔_전월세,가양글로벌퍼스트,가양동,448-11,28.12,,23100,20,2,3,2018,신규,26.07~28.07,,,,,
등촌동,202606,오피스텔_전월세,호성스카이오피스텔,등촌동,847,26.79,,21200,0,5,13,2020,갱신,26.07~28.06,20200.0,,,,
마곡동,202606,오피스텔_전월세,마곡일성트루엘플래닛,마곡동,758-2,21.43,,1000,73,11,13,2016,갱신,26.08~28.08,1000.0,70.0,,,
가양동,202606,오피스텔_전월세,마곡보타닉투웨니퍼스트,가양동,257-1,28.33,,1000,98,6,13,2020,갱신,26.07~27.07,1000.0,93.0,,,
마곡동,202606,오피스텔_전월세,마곡나루역보타닉푸르지오시티,마곡동,760,22.2,,1000,80,13,3,2017,신규,26.07~27.07,,,,,
마곡동,202606,오피스텔_전월세,마곡일성트루엘플래닛,마곡동,758-2,21.43,,3000,68,10,12,2016,신규,26.06~27.06,,,,,
등촌동,202606,오피스텔_전월세,경동미르웰한올림,등촌동,656,16.19,,1000,70,11,10,2016,신규,26.06~27.06,,,,,
마곡동,202606,오피스텔_전월세,마곡경동미르웰,마곡동,784,17.96,,500,67,2,8,2015,신규,26.07~27.07,,,,,
마곡동,202606,오피스텔_전월세,마곡 파크뷰 대방디엠시티 오피스텔,마곡동,776,21.25,,16500,9,5,10,2019,신규,26.07~28.07,,,,,
가양동,202606,오피스텔_전월세,동양 트레벨 스카이 오피스텔,가양동,1479-8,26.96,,1000,60,7,3,2003,신규,26.06~28.06,,,,,
등촌동,202606,오피스텔_전월세,한빛어반뉴스토리,등촌동,656-37,27.31,,3000,83,5,13,2017,갱신,26.06~27.06,3000.0,79.0,,,
마곡동,202606,오피스텔_전월세,마곡역센트럴푸르지오시티,마곡동,773-1,23,,15800,15,4,5,2016,신규,26.07~28.07,,,,,
마곡동,202606,오피스텔_전월세,힐스테이트에코동익,마곡동,773-3,25.26,,18000,2,6,12,2017,갱신,26.06~28.06,17700.0,,사용,,
마곡동,202606,오피스텔_전월세,마곡시티오피스텔,마곡동,758,22.51,,1000,75,7,8,2016,신규,26.06~27.06,,,,,
마곡동,202606,오피스텔_전월세,마곡일성트루엘플래닛,마곡동,758-2,21.27,,13300,16,4,12,2016,신규,26.07~28.07,,,,,
마곡동,202606,오피스텔_전월세,마곡센트럴대방디엠시티오피스텔,마곡동,776-2,24.02,,16200,17,8,12,2017,신규,26.07~28.07,,,,,
마곡동,202606,오피스텔_전월세,매그넘793,마곡동,793-7,27.46,,26000,0,7,6,2020,신규,26.07~28.07,,,,,
마곡동,202606,오피스텔_전월세,마곡 파크뷰 대방디엠시티 오피스텔,마곡동,776,21.25,,16500,15,9,13,2019,신규,26.08~28.08,,,,,
마곡동,202606,오피스텔_전월세,마곡 파크뷰 대방디엠시티 오피스텔,마곡동,776,26.68,,20400,17,10,11,2019,신규,26.07~28.07,,,,,
염창동,202606,오피스텔_전월세,한빛어반뉴스토리,염창동,266-12,28.69,,21300,23,15,12,2018,갱신,26.08~28.08,21500.0,20.0,사용,,
화곡동,202606,오피스텔_전월세,더 라우스 나인,화곡동,923-5,27.51,,900,60,3,1,2022,신규,26.06~28.06,,,,,
등촌동,202606,오피스텔_전월세,등촌투웨니퍼스트3차,등촌동,633-21,27.97,,20900,20,7,11,2016,신규,26.07~28.07,,,,,
등촌동,202606,오피스텔_전월세,강변샤르망1단지,등촌동,628-16,63.16,,34000,15,3,1,2005,신규,26.07~28.07,,,,,
화곡동,202606,오피스텔_전월세,미래안포레,화곡동,1105,20.33,,1000,78,7,12,2022,신규,26.06~28.06,,,,,
마곡동,202606,오피스텔_전월세,마곡헤리움2차,마곡동,758-3,22.51,,500,77,5,5,2016,신규,26.06~27.06,,,,,
마곡동,202606,오피스텔_전월세,힐스테이트에코 마곡나루역 라마다앙코르 서울마곡,마곡동,760-1,20.1,,3000,65,8,12,2017,신규,26.06~27.06,,,,,
화곡동,202606,오피스텔_전월세,강서 동도센트리움,화곡동,1161,18.97,,500,55,14,2,2012,신규,26.06~27.06,,,,,
방화동,202606,오피스텔_전월세,방화샤르망1오피스텔,방화동,830-3,16.29,,4700,5,4,11,2003,신규,26.07~28.07,,,,,
염창동,202606,오피스텔_전월세,염창투웨니퍼스트,염창동,262,28.57,,27200,10,11,12,2019,갱신,26.09~28.09,27200.0,,사용,,
화곡동,202606,오피스텔_전월세,넥시티,화곡동,981-5,30.13,,19350,0,4,12,2020,신규,26.08~28.08,,,,,
염창동,202606,오피스텔_전월세,염창역한강투웨니퍼스트,염창동,261,29.98,,5000,100,9,1,2022,신규,26.06~27.06,,,,,
염창동,202606,오피스텔_전월세,아네스트염창,염창동,310,18.84,,12000,15,2,9,2019,갱신,26.07~28.07,12000.0,13.0,,,
등촌동,202606,오피스텔_전월세,퀸즈오피스텔,등촌동,641-10,14.53,,11000,12,8,12,2018,신규,26.06~28.06,,,,,
등촌동,202606,오피스텔_전월세,효성인텔리안,등촌동,681-3,50.37,,25500,12,10,12,2005,갱신,26.07~28.07,25500.0,8.0,,,
마곡동,202606,오피스텔_전월세,마곡사이언스파크뷰,마곡동,795-5,22.07,,9000,35,10,12,2016,신규,26.07~28.07,,,,,
등촌동,202606,오피스텔_전월세,까사지오,등촌동,634,23.49,,27300,0,7,10,2022,신규,26.07~28.07,,,,,
화곡동,202606,오피스텔_전월세,우장산투웨니퍼스트,화곡동,72-3,29.26,,1000,95,11,12,2018,신규,26.07~27.07,,,,,
화곡동,202606,오피스텔_전월세,연우넥스트파크뷰,화곡동,1110,15.29,,500,64,9,12,2019,갱신,26.06~27.06,500.0,64.0,,,
마곡동,202606,오피스텔_전월세,마곡경동미르웰,마곡동,784,17.96,,12300,12,2,6,2015,갱신,26.07~28.07,12100.0,10.0,사용,,
마곡동,202606,오피스텔_전월세,마곡나루역보타닉푸르지오시티,마곡동,760,22.17,,15200,3,12,10,2017,갱신,26.08~28.08,15315.0,,,,
등촌동,202606,오피스텔_전월세,등촌동노블리움오피스텔,등촌동,628,45.2,,20000,20,8,11,2005,신규,26.07~28.07,,,,,
마곡동,202606,오피스텔_전월세,힐스테이트에코동익,마곡동,773-3,24.57,,5500,68,14,4,2017,갱신,26.06~27.06,5500.0,65.0,,,
마곡동,202606,오피스텔_전월세,미르웰플러스오피스텔,마곡동,784-4,19.46,,12600,10,7,11,2015,신규,26.07~28.07,,,,,
등촌동,202606,오피스텔_전월세,경동미르웰양천향교2차,등촌동,685,29.68,,23400,12,9,9,2020,신규,26.07~28.07,,,,,
마곡동,202606,오피스텔_전월세,청람아트빌,마곡동,6-4,37.14,,19000,25,4,11,2018,신규,26.07~28.07,,,,,
등촌동,202606,오피스텔_전월세,까사지오,등촌동,634,23.49,,25000,9,3,11,2022,신규,26.07~28.07,,,,,
마곡동,202606,오피스텔_전월세,엠코지니어스타,마곡동,776-4,23.84,,1000,80,14,10,2015,신규,26.06~27.06,,,,,
화곡동,202606,오피스텔_전월세,제이투 리더스뷰,화곡동,935-2,29.63,,1000,110,9,10,2022,갱신,26.07~27.07,1000.0,105.0,,,
마곡동,202606,오피스텔_전월세,힐스테이트에코동익,마곡동,773-3,24.57,,1000,85,8,10,2017,신규,26.07~28.07,,,,,
마곡동,202606,오피스텔_전월세,마곡일성트루엘플래닛,마곡동,758-2,21.27,,13000,0,12,11,2016,갱신,26.07~28.07,14000.0,,,,
화곡동,202606,오피스텔_전월세,(918-25),화곡동,918-25,26.48,,10200,10,4,9,2013,갱신,26.07~28.07,10200.0,10.0,,,
화곡동,202606,오피스텔_전월세,르미엘,화곡동,987-3,20.96,,1000,83,17,11,2022,신규,26.06~27.06,,,,,
마곡동,202606,오피스텔_전월세,스카이오피스텔,마곡동,784-3,17.5,,11000,10,4,6,2016,신규,26.07~28.07,,,,,
마곡동,202606,오피스텔_전월세,마곡 파크뷰 대방디엠시티 오피스텔,마곡동,776,21.25,,10000,40,3,11,2019,갱신,26.06~27.06,10000.0,37.0,사용,,
마곡동,202606,오피스텔_전월세,마곡시티오피스텔,마곡동,758,22.51,,14625,15,12,10,2016,신규,26.07~27.07,,,,,
마곡동,202606,오피스텔_전월세,마곡에비앙,마곡동,793-3,18.97,,7000,50,10,6,2015,신규,26.07~27.07,,,,,
마곡동,202606,오피스텔_전월세,필네이처,마곡동,795-1,24.63,,500,50,7,11,2016,신규,26.06~28.06,,,,,
마곡동,202606,오피스텔_전월세,마곡나루역보타닉푸르지오시티,마곡동,760,40.19,,42000,0,14,8,2017,갱신,26.08~28.08,40000.0,,사용,,
등촌동,202606,오피스텔_전월세,등촌2차 크라운팰리스,등촌동,641-2,27.9,,23000,15,5,11,2020,갱신,26.07~28.07,2350.0,10.0,,,
방화동,202606,오피스텔_전월세,벽산에어트리움,방화동,849,28.03,,500,55,3,11,2003,신규,26.06~27.06,,,,,
마곡동,202606,오피스텔_전월세,마곡나루역보타닉푸르지오시티,마곡동,760,22.2,,15200,3,14,10,2017,갱신,26.08~28.08,15314.0,,사용,,
등촌동,202606,오피스텔_전월세,우림보보카운티뷰,등촌동,649-14,27.36,,10000,20,11,11,2004,신규,26.08~28.08,,,,,
염창동,202606,오피스텔_전월세,염창역한강투웨니퍼스트,염창동,261,29.98,,21000,35,6,10,2022,갱신,26.06~28.06,21000.0,35.0,사용,,
화곡동,202606,오피스텔_전월세,강서 동도센트리움,화곡동,1161,18.97,,500,60,15,5,2012,신규,26.06~27.06,,,,,
마곡동,202606,오피스텔_전월세,마곡나루역보타닉푸르지오시티,마곡동,760,22.17,,16978,0,8,9,2017,갱신,26.06~27.06,16170.0,,,,
등촌동,202606,오피스텔_전월세,등촌동노블리움오피스텔,등촌동,628,40.34,,18000,13,7,10,2005,신규,26.08~28.08,,,,,
화곡동,202606,오피스텔_전월세,미래안포레,화곡동,1105,20.83,,19300,0,7,10,2022,갱신,26.07~28.07,19300.0,,,,
마곡동,202606,오피스텔_전월세,마곡나루역보타닉푸르지오시티,마곡동,760,22.2,,2000,55,5,11,2017,갱신,26.06~27.06,2000.0,53.0,,,
등촌동,202606,오피스텔_전월세,우림보보카운티뷰,등촌동,649-14,27.36,,1000,60,5,4,2004,신규,26.06~27.06,,,,,
마곡동,202606,오피스텔_전월세,마곡나루역캐슬파크,마곡동,760-2,23.39,,17700,8,4,10,2016,신규,26.07~28.07,,,,,
등촌동,202606,오피스텔_전월세,호성스카이오피스텔,등촌동,847,26.79,,23000,0,13,10,2020,신규,26.08~28.08,,,,,
마곡동,202606,오피스텔_전월세,마곡센트럴대방디엠시티오피스텔,마곡동,776-2,24.02,,16200,15,4,8,2017,신규,26.06~28.06,,,,,
마곡동,202606,오피스텔_전월세,마곡일성트루엘플래닛,마곡동,758-2,21.43,,500,74,12,5,2016,갱신,26.07~27.07,500.0,74.0,,,
마곡동,202606,오피스텔_전월세,우성르보아,마곡동,793-6,19.36,,500,65,7,3,2015,신규,26.06~27.06,,,,,
등촌동,202606,오피스텔_전월세,현대프린스텔,등촌동,628-13,37.56,,1000,75,8,10,1999,신규,26.07~27.07,,,,,
화곡동,202606,오피스텔_전월세,르미엘,화곡동,987-3,17.59,,16000,3,4,3,2022,갱신,26.07~28.07,16000.0,,사용,,
마곡동,202606,오피스텔_전월세,마곡일성트루엘플래닛,마곡동,758-2,21.43,,500,72,9,3,2016,갱신,26.07~27.07,500.0,70.0,,,
마곡동,202606,오피스텔_전월세,마곡 파크뷰 대방디엠시티 오피스텔,마곡동,776,21.25,,1000,75,13,10,2019,갱신,26.06~27.06,1000.0,74.0,,,
등촌동,202606,오피스텔_전월세,더 퍼스트 가양,등촌동,639-6,28.14,,29500,0,5,10,2023,신규,26.08~28.08,,,,,
화곡동,202606,오피스텔_전월세,투웨니퍼스트 강서마곡,화곡동,1097-9,15.76,,3000,60,6,6,2021,신규,26.07~28.07,,,,,
등촌동,202606,오피스텔_전월세,강서메트로칸,등촌동,656-52,19.29,,10800,6,2,10,2013,갱신,26.07~28.07,10800.0,5.0,,,
마곡동,202606,오피스텔_전월세,마곡역센트럴푸르지오시티,마곡동,773-1,23,,15000,13,11,4,2016,신규,26.06~28.06,,,,,
마곡동,202606,오피스텔_전월세,마곡헤리움2차,마곡동,758-3,22.51,,14900,0,9,10,2016,갱신,26.07~28.07,15400.0,10.0,,,
마곡동,202606,오피스텔_전월세,마곡 파크뷰 대방디엠시티 오피스텔,마곡동,776,35.22,,29330,0,6,10,2019,갱신,26.07~28.07,27940.0,,사용,,
등촌동,202606,오피스텔_전월세,퀸즈오피스텔,등촌동,641-10,14.53,,13700,0,2,9,2018,신규,26.07~28.07,,,,,
등촌동,202606,오피스텔_전월세,등촌동두산위브센티움,등촌동,631,28.45,,4000,55,9,6,2004,신규,26.06~28.06,,,,,
마곡동,202606,오피스텔_전월세,마곡센트럴대방디엠시티오피스텔,마곡동,776-2,24.02,,1000,80,14,9,2017,신규,26.07~27.07,,,,,
염창동,202606,오피스텔_전월세,염창역한강투웨니퍼스트,염창동,261,29.98,,26500,5,12,10,2022,신규,26.07~28.07,,,,,
마곡동,202606,오피스텔_전월세,마곡오드카운티1차,마곡동,784-11,19.64,,500,68,9,5,2016,갱신,26.06~27.06,500.0,66.0,,,
화곡동,202606,오피스텔_전월세,포유,화곡동,1111-4,17.92,,1000,66,7,7,2018,신규,26.06~27.06,,,,,
화곡동,202606,오피스텔_전월세,강서 동도센트리움,화곡동,1161,18.97,,500,58,12,8,2012,신규,26.06~27.06,,,,,
염창동,202606,오피스텔_전월세,아네스트염창,염창동,310,18.84,,1000,65,3,9,2019,갱신,26.07~28.07,1000.0,64.0,,,
방화동,202606,오피스텔_전월세,마곡누리,방화동,256-2,28.8,,27500,0,8,10,2022,갱신,26.06~28.06,30000.0,,,,
마곡동,202606,오피스텔_전월세,마곡아이파크,마곡동,795-2,25.29,,15300,20,9,10,2016,신규,26.07~28.07,,,,,
마곡동,202606,오피스텔_전월세,힐스테이트에코 마곡나루역 라마다앙코르 서울마곡,마곡동,760-1,20.84,,15300,20,8,9,2017,신규,26.06~28.06,,,,,
내발산동,202606,오피스텔_전월세,DH647,내발산동,647,58.18,,80000,0,6,9,2023,신규,26.09~28.09,,,,,
염창동,202606,오피스텔_전월세,어반카운티,염창동,184-8,36.94,,30000,10,4,9,2022,신규,26.08~28.08,,,,,
화곡동,202606,오피스텔_전월세,쌍떼포레,화곡동,914-4,27.71,,24000,0,7,8,2021,신규,26.06~28.06,,,,,
화곡동,202606,오피스텔_전월세,파크아리온,화곡동,367-1,28.62,,1000,115,9,4,2021,신규,26.06~28.06,,,,,
마곡동,202606,오피스텔_전월세,마곡나루역캐슬파크,마곡동,760-2,30.04,,1000,125,13,8,2016,갱신,26.07~27.07,1000.0,120.0,,,
마곡동,202606,오피스텔_전월세,마곡럭스나인오피스텔 엘동,마곡동,758-1,21.87,,1000,77,10,8,2017,신규,26.07~27.07,,,,,
마곡동,202606,오피스텔_전월세,마곡일성트루엘플래닛,마곡동,758-2,21.43,,13300,16,6,8,2016,신규,26.07~28.07,,,,,
마곡동,202606,오피스텔_전월세,마곡센트럴대방디엠시티오피스텔,마곡동,776-2,30.84,,1000,95,10,9,2017,신규,26.07~27.07,,,,,
등촌동,202606,오피스텔_전월세,강변샤르망2단지,등촌동,628-32,63.16,,15000,68,5,3,2005,신규,26.07~28.07,,,,,
등촌동,202606,오피스텔_전월세,퀸즈오피스텔,등촌동,641-10,14.53,,14000,0,8,3,2018,신규,26.07~28.07,,,,,
마곡동,202606,오피스텔_전월세,마곡오드카운티1차,마곡동,784-11,30.18,,10000,65,4,4,2016,신규,26.07~27.07,,,,,
마곡동,202606,오피스텔_전월세,아르디에,마곡동,784-13,18.59,,500,58,9,9,2015,신규,26.06~27.06,,,,,
마곡동,202606,오피스텔_전월세,마곡나루역캐슬파크,마곡동,760-2,30.14,,3000,130,7,4,2016,신규,26.06~27.06,,,,,
가양동,202606,오피스텔_전월세,마곡보타닉투웨니퍼스트,가양동,257-1,28.33,,24300,12,6,8,2020,갱신,26.06~28.06,27000.0,,사용,,
화곡동,202606,오피스텔_전월세,강서구청 파크뷰 에버,화곡동,987-1,18.55,,15600,0,13,9,2020,갱신,26.06~28.06,15100.0,,,,
등촌동,202606,오피스텔_전월세,강서메트로칸,등촌동,656-52,17.34,,10250,5,11,3,2013,신규,26.07~28.07,,,,,
마곡동,202606,오피스텔_전월세,마곡경동미르웰,마곡동,784,17.96,,12150,15,5,6,2015,신규,26.07~28.07,,,,,
등촌동,202606,오피스텔_전월세,한빛어반뉴스토리,등촌동,656-37,27.31,,21105,16,16,9,2017,신규,26.06~28.06,,,,,
마곡동,202606,오피스텔_전월세,마곡 파크뷰 대방디엠시티 오피스텔,마곡동,776,21.25,,3000,67,11,2,2019,갱신,26.07~27.07,3000.0,64.0,,,
염창동,202606,오피스텔_전월세,염창투웨니퍼스트,염창동,262,28.57,,27500,0,10,9,2019,신규,26.07~28.07,,,,,
방화동,202606,오피스텔_전월세,마곡누리,방화동,256-2,28.8,,30000,0,6,9,2022,신규,26.07~28.07,,,,,
방화동,202606,오피스텔_전월세,(620-214),방화동,620-214,31.33,,10000,11,13,4,2011,신규,26.07~28.07,,,,,
마곡동,202606,오피스텔_전월세,아르디에,마곡동,784-13,18.59,,500,70,8,3,2015,신규,26.06~27.06,,,,,
가양동,202606,오피스텔_전월세,마곡지웰에스테이트,가양동,194-2,17.44,,500,55,4,9,2014,신규,26.06~27.06,,,,,
화곡동,202606,오피스텔_전월세,미래안포레,화곡동,1105,23.47,,21000,0,12,5,2022,신규,26.07~28.07,,,,,
마곡동,202606,오피스텔_전월세,미르웰플러스오피스텔,마곡동,784-4,19.46,,12600,0,3,8,2015,갱신,26.06~28.06,13000.0,,,,
등촌동,202606,오피스텔_전월세,등촌 미르웰 한올림 3차,등촌동,656-58,14.41,,2000,59,13,9,2018,갱신,26.06~27.06,2000.0,56.0,,,
등촌동,202606,오피스텔_전월세,디앤써밋 모이다,등촌동,648-10,26.03,,5000,122,6,5,,신규,26.06~27.06,,,,,
염창동,202606,오피스텔_전월세,하우스B,염창동,282-24,24.17,,1000,109,3,4,2022,신규,26.06~27.06,,,,,
마곡동,202606,오피스텔_전월세,마곡오드카운티1차,마곡동,784-11,16.57,,500,70,8,3,2016,신규,26.06~27.06,,,,,
등촌동,202606,오피스텔_전월세,루나클래식,등촌동,630-4,29.73,,1000,108,5,4,2021,갱신,26.06~27.06,1000.0,105.0,,,
화곡동,202606,연립다세대_전월세,미래하우스,화곡동,1131-23,24.24,,21600,0,6,26,2018,갱신,26.08~28.08,20850.0,,사용,,
화곡동,202606,연립다세대_전월세,사랑빌라,화곡동,394-13,55.9,,13400,18,1,30,1991,갱신,26.09~28.09,13400.0,15.0,사용,,
화곡동,202606,연립다세대_전월세,남성아트빌(423-6),화곡동,423-6,25.12,,14900,10,4,29,2015,신규,26.10~28.10,,,,,
내발산동,202606,연립다세대_전월세,순봉상가,내발산동,651,59.68,,3000,87,2,27,1998,갱신,26.07~28.07,3000.0,80.0,,,
화곡동,202606,연립다세대_전월세,다온빌,화곡동,362-76,27.81,,16200,18,4,27,2018,갱신,26.07~28.07,16200.0,15.0,,,
방화동,202606,연립다세대_전월세,수정,방화동,612-101,14.62,,1000,30,7,6,2014,신규,26.07~28.07,,,,,
화곡동,202606,연립다세대_전월세,와이앤비,화곡동,848-20,22.11,,16470,0,2,30,2021,신규,26.09~28.09,,,,,
화곡동,202606,연립다세대_전월세,건일아트빌(나),화곡동,392-50,61.35,,18140,0,2,26,2002,갱신,26.07~28.07,18140.0,,,,
화곡동,202606,연립다세대_전월세,선결아트빌,화곡동,1072-5,46.54,,1000,80,5,25,2003,신규,26.07~28.07,,,,,
화곡동,202606,연립다세대_전월세,테라스하우스,화곡동,29-9,41.7,,2000,58,3,17,2002,신규,26.07~28.07,,,,,
마곡동,202606,연립다세대_전월세,서광주택5동,마곡동,1439,36.48,,13000,0,1,30,1991,신규,26.12~28.12,,,,,
화곡동,202606,연립다세대_전월세,태한하이빌(382-25),화곡동,382-25,26.62,,3000,90,2,11,2017,신규,26.08~28.08,,,,,
화곡동,202606,연립다세대_전월세,(462-14),화곡동,462-14,55.21,,4000,20,2,25,1978,신규,26.07~28.07,,,,,
화곡동,202606,연립다세대_전월세,태복빌리지,화곡동,105-122,63.62,,5000,65,1,8,1998,갱신,26.07~27.07,3000.0,75.0,,,
등촌동,202606,연립다세대_전월세,등촌리치빌,등촌동,643-36,32.93,,2000,88,2,29,2017,신규,26.07~28.07,,,,,
화곡동,202606,연립다세대_전월세,우성테마빌(1044-20),화곡동,1044-20,63.08,,1500,90,5,13,2006,신규,26.07~28.07,,,,,
화곡동,202606,연립다세대_전월세,서연블루힐,화곡동,362-107,29.37,,17400,0,2,27,2016,갱신,26.08~28.08,17400.0,,,,
방화동,202606,연립다세대_전월세,제이스빌,방화동,592-103,27.3,,26100,2,3,30,2022,갱신,26.08~28.08,25300.0,,,,
화곡동,202606,연립다세대_전월세,신영베르디움,화곡동,354-85,28.07,,16650,0,2,23,2019,신규,26.08~28.08,,,,,
내발산동,202606,연립다세대_전월세,쏘홈아트빌,내발산동,699-1,29.97,,1000,65,4,19,2012,신규,26.08~27.04,,,,,
화곡동,202606,연립다세대_전월세,에벤에셀,화곡동,982-6,15.66,,1000,50,5,24,2009,신규,26.06~28.06,,,,,
화곡동,202606,연립다세대_전월세,중앙빌라,화곡동,867-51,54.39,,20000,0,4,29,2003,신규,26.07~28.07,,,,,
화곡동,202606,연립다세대_전월세,다나네스트빌(410-261),화곡동,410-261,41.43,,3000,54,4,6,2008,신규,26.06~27.06,,,,,
내발산동,202606,연립다세대_전월세,아데나캐슬101동,내발산동,651-6,37.59,,500,120,4,9,2015,신규,26.06~27.06,,,,,
화곡동,202606,연립다세대_전월세,도원솔비치,화곡동,156-6,29.91,,14000,20,5,29,2015,갱신,26.07~27.07,14000.0,20.0,,,
화곡동,202606,연립다세대_전월세,고센아트빌,화곡동,382-50,29.24,,2000,0,3,2,2016,신규,26.06~28.06,,,,,
등촌동,202606,연립다세대_전월세,화담,등촌동,523-27,18.3,,1000,68,2,8,2013,신규,26.07~28.07,,,,,
공항동,202606,연립다세대_전월세,대림밸리,공항동,684-3,33.72,,18000,40,4,7,2016,신규,26.07~28.07,,,,,
마곡동,202606,연립다세대_전월세,이레빌,마곡동,1432,38.52,,18390,25,3,3,2012,갱신,26.07~28.07,17500.0,25.0,사용,,
공항동,202606,연립다세대_전월세,리브가,공항동,676-7,20.46,,1000,90,2,30,2023,신규,26.07~28.07,,,,,
등촌동,202606,연립다세대_전월세,더봄힐,등촌동,365-69,39.85,,27000,0,5,20,2019,신규,26.09~28.08,,,,,
화곡동,202606,연립다세대_전월세,미림빌라(362-59),화곡동,362-59,31.32,,2000,50,4,30,1991,신규,26.07~28.07,,,,,
화곡동,202606,연립다세대_전월세,수정빌라나동,화곡동,1132-11,36.93,,6000,0,1,15,1992,신규,26.08~28.08,,,,,
화곡동,202606,연립다세대_전월세,근상프리즘아트빌,화곡동,379-50,55.3,,7000,80,2,23,2010,신규,26.09~28.09,,,,,
공항동,202606,연립다세대_전월세,드리미타운(679-4),공항동,679-4,41.46,,18270,0,5,24,2018,신규,26.09~28.09,,,,,
화곡동,202606,연립다세대_전월세,LUCEⅡ(루체by예우),화곡동,29-43,15.62,,1500,31,8,23,2012,갱신,26.07~28.07,1500.0,30.0,,,
화곡동,202606,연립다세대_전월세,블루스카이빌(860-20),화곡동,860-20,29.27,,3000,85,4,13,2014,신규,26.07~28.07,,,,,
외발산동,202606,연립다세대_전월세,수명산파크빌,외발산동,217-5,36.94,,2000,65,3,9,2012,신규,26.07~28.07,,,,,
공항동,202606,연립다세대_전월세,마곡그랜드빌,공항동,19-26,28.61,,20000,0,3,20,2021,신규,26.08~28.08,,,,,
화곡동,202606,연립다세대_전월세,삼진빌라(105-28),화곡동,105-28,54.76,,3000,85,2,23,1992,신규,26.07~28.07,,,,,
화곡동,202606,연립다세대_전월세,THEONE(820-7),화곡동,820-7,28.86,,1500,88,3,24,2020,신규,26.07~28.06,,,,,
화곡동,202606,연립다세대_전월세,(29-171),화곡동,29-171,29.55,,2000,75,2,27,2020,신규,26.07~28.07,,,,,
화곡동,202606,연립다세대_전월세,대명시티빌,화곡동,409-67,31.35,,2000,65,4,29,2007,신규,26.07~28.07,,,,,
내발산동,202606,연립다세대_전월세,아이디움103동,내발산동,704-18,36.2,,5000,100,6,11,2014,신규,26.07~28.07,,,,,
화곡동,202606,연립다세대_전월세,우성테마빌B동,화곡동,394-51,65.44,,5000,90,3,24,2004,신규,26.07~28.07,,,,,
화곡동,202606,연립다세대_전월세,까사지오,화곡동,1101-7,28.88,,18720,0,2,23,2021,신규,26.07~28.07,,,,,
화곡동,202606,연립다세대_전월세,프리메라,화곡동,111-37,29.76,,2000,79,2,27,2018,신규,26.07~28.07,,,,,
등촌동,202606,연립다세대_전월세,다온하우스,등촌동,647-4,44.38,,20000,50,3,18,2017,신규,26.08~28.08,,,,,
화곡동,202606,연립다세대_전월세,프리메라(379-82),화곡동,379-82,29.91,,2000,95,6,30,2015,신규,26.07~28.07,,,,,
방화동,202606,연립다세대_전월세,제이스빌,방화동,592-103,24.24,,25200,0,2,20,2022,갱신,26.06~28.06,24000.0,,사용,,
화곡동,202606,연립다세대_전월세,우성빌라12차,화곡동,367-95,39.36,,1000,75,1,22,1991,신규,26.07~28.07,,,,,
화곡동,202606,연립다세대_전월세,행복드림,화곡동,976-11,15.26,,1000,49,3,2,2012,신규,26.07~28.07,,,,,
화곡동,202606,연립다세대_전월세,후암아트빌,화곡동,159-2,73.48,,20000,0,3,29,2004,갱신,26.06~26.09,20000.0,,,,
화곡동,202606,연립다세대_전월세,클래시뷰,화곡동,1102-7,51.95,,1800,150,5,16,2022,신규,26.07~27.07,,,,,
공항동,202606,연립다세대_전월세,엘림하우스2차,공항동,60-169,29.24,,3000,90,6,29,2021,신규,26.07~28.07,,,,,
화곡동,202606,연립다세대_전월세,세인트빌(409-75),화곡동,409-75,48,,300,110,3,20,2012,신규,26.06~27.01,,,,,
내발산동,202606,연립다세대_전월세,제이에스해슬리,내발산동,671-22,26.46,,24820,30,3,1,2024,갱신,26.07~28.07,24750.0,30.0,사용,,
화곡동,202606,연립다세대_전월세,푸른풍경채,화곡동,83-8,30,,2000,100,4,3,2019,신규,26.07~27.07,,,,,
화곡동,202606,연립다세대_전월세,성훈에이스빌,화곡동,818-11,53.39,,5000,60,1,20,2002,신규,26.07~28.07,,,,,
등촌동,202606,연립다세대_전월세,(533-16),등촌동,533-16,43.74,,3000,100,2,16,2015,갱신,26.06~27.06,3000.0,94.0,,,
내발산동,202606,연립다세대_전월세,서울호서문화타운생활관,내발산동,675-8,13.65,,1000,58,2,29,2012,신규,26.07~27.07,,,,,
내발산동,202606,연립다세대_전월세,동해빌라(678-27),내발산동,678-27,36.98,,4000,45,1,27,1991,신규,26.07~28.07,,,,,
화곡동,202606,연립다세대_전월세,하이츠빌라(1053-3),화곡동,1053-3,55.16,,1000,50,4,27,2002,신규,26.07~28.07,,,,,
화곡동,202606,연립다세대_전월세,대성빌라,화곡동,367-47,66.84,,2500,80,1,23,1992,신규,26.07~28.07,,,,,
내발산동,202606,연립다세대_전월세,호수빌라,내발산동,697-4,58.32,,20000,0,2,15,2000,신규,26.09~28.09,,,,,
화곡동,202606,연립다세대_전월세,(997-13),화곡동,997-13,41.82,,1000,66,2,8,2002,신규,26.07~28.07,,,,,
공항동,202606,연립다세대_전월세,베라힐,공항동,55-10,29.85,,24200,0,3,26,2022,갱신,26.07~28.07,23900.0,,사용,,
화곡동,202606,연립다세대_전월세,별장그린빌라,화곡동,961-27,45.56,,12400,31,2,30,2002,신규,26.08~28.08,,,,,
화곡동,202606,연립다세대_전월세,지성하우스,화곡동,50-97,34.73,,2000,70,3,30,2012,신규,26.08~28.08,,,,,
가양동,202606,연립다세대_전월세,視停軒,가양동,1501,17.34,,500,50,3,9,2013,신규,26.07~27.07,,,,,
화곡동,202606,연립다세대_전월세,선덕빌라,화곡동,408-10,37.31,,5000,53,4,28,2008,갱신,26.07~28.07,5000.0,50.0,,,
방화동,202606,연립다세대_전월세,방화투웨니퍼스트,방화동,619-5,14.4,,1000,55,2,4,2016,신규,26.06~27.06,,,,,
화곡동,202606,연립다세대_전월세,유디코파크리움,화곡동,산172-4,18.78,,9300,5,3,20,2011,신규,26.07~28.07,,,,,
화곡동,202606,연립다세대_전월세,타운빌(784-1),화곡동,784-1,27.13,,500,49,3,4,1993,신규,26.07~28.07,,,,,
화곡동,202606,연립다세대_전월세,다솜(422-3),화곡동,422-3,29.81,,3000,85,5,29,2014,신규,26.07~28.07,,,,,
등촌동,202606,연립다세대_전월세,동서타운(656-40),등촌동,656-40,31.19,,10000,0,5,23,2002,신규,26.07~28.07,,,,,
화곡동,202606,연립다세대_전월세,하나빌,화곡동,56-76,49.11,,14000,0,4,13,2008,신규,26.08~28.08,,,,,
화곡동,202606,연립다세대_전월세,신라하이츠6차,화곡동,456-13,66.11,,10000,0,-1,30,1997,신규,26.08~28.08,,,,,
내발산동,202606,연립다세대_전월세,제이에스해슬리,내발산동,671-22,26.46,,24820,10,2,29,2024,신규,26.07~28.07,,,,,
화곡동,202606,연립다세대_전월세,영산빌라,화곡동,56-96,28.96,,500,70,3,15,2015,신규,26.07~27.07,,,,,
방화동,202606,연립다세대_전월세,치현태청그린타운B동,방화동,319-24,56.31,,12000,50,5,23,2002,신규,26.08~28.08,,,,,
마곡동,202606,연립다세대_전월세,"동성아크로가동,나동",마곡동,327-9,51.24,,23900,30,4,13,2016,신규,26.07~28.07,,,,,
화곡동,202606,연립다세대_전월세,예인아트빌,화곡동,504-36,36.57,,1000,70,3,22,2003,신규,26.07~28.07,,,,,
화곡동,202606,연립다세대_전월세,한성아트빌,화곡동,1078-3,42.84,,12000,35,2,24,2000,신규,26.08~28.08,,,,,
화곡동,202606,연립다세대_전월세,더에스에스타운,화곡동,351-13,25.04,,300,100,2,12,2022,신규,26.07~27.07,,,,,
방화동,202606,연립다세대_전월세,메종드아이디,방화동,612-147,26.24,,1000,125,6,5,2021,신규,26.06~27.06,,,,,
염창동,202606,연립다세대_전월세,그린아트빌라,염창동,267-6,65.22,,21000,45,2,7,1995,신규,26.08~28.08,,,,,
화곡동,202606,연립다세대_전월세,대성아트빌,화곡동,351-20,27.68,,50,90,5,30,2018,신규,26.07~27.07,,,,,
화곡동,202606,연립다세대_전월세,드림타운,화곡동,1052-17,24.46,,1000,75,4,26,2013,신규,26.07~28.07,,,,,
공항동,202606,연립다세대_전월세,마곡대림밸리,공항동,673-10,26.2,,100,30,3,24,2019,신규,26.07~26.10,,,,,
방화동,202606,연립다세대_전월세,천우네오젠,방화동,645-34,29.9,,14580,0,2,4,2015,신규,26.07~28.07,,,,,
공항동,202606,연립다세대_전월세,마곡디엠팰리스,공항동,665-4,25.6,,22800,4,5,19,2022,갱신,26.07~28.07,22800.0,,사용,,
화곡동,202606,연립다세대_전월세,동원라테라스,화곡동,396-10,28.31,,18900,12,4,24,2018,신규,26.08~28.08,,,,,
등촌동,202606,연립다세대_전월세,DongNamII,등촌동,631-17,19.08,,3000,78,10,21,2021,신규,26.07~27.07,,,,,
화곡동,202606,연립다세대_전월세,(997-13),화곡동,997-13,31.34,,1000,60,3,16,2002,신규,26.07~28.07,,,,,
화곡동,202606,연립다세대_전월세,단독그린빌라(851-30),화곡동,851-30,52.38,,14900,10,3,27,2002,신규,26.08~28.08,,,,,
화곡동,202606,연립다세대_전월세,명덕빌라,화곡동,42-53,44.64,,7000,0,-1,16,2001,신규,26.07~28.07,,,,,
공항동,202606,연립다세대_전월세,마곡디엠팰리스,공항동,665-4,26.4,,21000,0,4,8,2022,신규,26.07~28.07,,,,,
내발산동,202606,연립다세대_전월세,퀸즈하우스,내발산동,718-2,29.95,,5500,120,4,25,2019,신규,26.07~28.07,,,,,
화곡동,202606,연립다세대_전월세,해온캐슬,화곡동,362-79,26.93,,17260,10,3,20,2019,신규,26.07~28.07,,,,,
화곡동,202606,연립다세대_전월세,S-vill(423-1),화곡동,423-1,43.75,,10000,60,5,27,2012,갱신,26.08~28.08,3000.0,100.0,,,
화곡동,202606,연립다세대_전월세,라온빌(1043-20),화곡동,1043-20,18.81,,500,50,1,24,2013,신규,26.07~28.07,,,,,
화곡동,202606,연립다세대_전월세,승민,화곡동,845-20,34.98,,1000,85,2,9,2013,신규,26.07~28.07,,,,,
방화동,202606,연립다세대_전월세,뉴파인빌,방화동,536-1,41.64,,12000,0,3,27,2008,신규,26.07~28.07,,,,,
공항동,202606,연립다세대_전월세,신원아뜨리움12차,공항동,676-5,37.94,,2000,130,3,17,2017,신규,26.07~28.07,,,,,
방화동,202606,연립다세대_전월세,에이블,방화동,595-5,28.95,,26080,0,2,27,2023,갱신,26.07~28.07,25320.0,,,,
마곡동,202606,연립다세대_전월세,서광주택5동,마곡동,1439,36.48,,11000,25,2,30,1991,신규,26.07~28.07,,,,,
화곡동,202606,연립다세대_전월세,한신아이르빌,화곡동,91-14,50.54,,17600,0,3,9,2008,신규,26.08~28.08,,,,,
화곡동,202606,연립다세대_전월세,예인아트빌,화곡동,773-20,43.48,,1000,70,3,9,2002,신규,26.06~28.06,,,,,
공항동,202606,연립다세대_전월세,(55-118),공항동,55-118,36.96,,1000,35,1,27,2002,신규,26.07~28.07,,,,,
화곡동,202606,연립다세대_전월세,청담하우스,화곡동,964-10,29.99,,16800,30,4,30,2017,신규,26.08~28.08,,,,,
화곡동,202606,연립다세대_전월세,자하클래식,화곡동,24-39,13.77,,11800,0,16,27,2018,갱신,26.07~28.07,11800.0,,사용,,
화곡동,202606,연립다세대_전월세,이수골든빌리지,화곡동,862-14,41.46,,12000,30,1,30,1992,신규,26.08~28.08,,,,,
내발산동,202606,연립다세대_전월세,삼호빌라,내발산동,717-3,36.46,,12000,10,3,29,1990,신규,26.09~28.09,,,,,
방화동,202606,연립다세대_전월세,마곡M타운-102,방화동,589-25,18.51,,3000,60,6,16,2019,신규,26.06~28.06,,,,,
개화동,202606,연립다세대_전월세,경동미르웰(421-70),개화동,421-70,27.48,,4000,80,2,19,2014,신규,26.06~28.06,,,,,
공항동,202606,연립다세대_전월세,마곡더퍼스트,공항동,682-2,25.68,,20384,0,6,30,2023,갱신,26.08~28.08,22000.0,,,,
화곡동,202606,연립다세대_전월세,강서렉스빌,화곡동,504-26,70.12,,12000,29,5,27,2008,신규,26.08~28.08,,,,,
내발산동,202606,연립다세대_전월세,청솔펠리체,내발산동,703-21,24.01,,3000,85,4,26,2019,신규,26.07~27.07,,,,,
화곡동,202606,연립다세대_전월세,은가람팰리스,화곡동,24-200,37.345,,1000,135,4,16,2022,신규,26.07~27.07,,,,,
화곡동,202606,연립다세대_전월세,황금가동,화곡동,343-13,34.77,,13500,22,2,27,1991,신규,26.07~28.07,,,,,
화곡동,202606,연립다세대_전월세,삼성팰리체A동,화곡동,869-62,35.91,,14990,10,4,30,2013,신규,26.08~28.08,,,,,
화곡동,202606,연립다세대_전월세,드림타운,화곡동,1052-17,24.46,,1000,75,6,2,2013,신규,26.07~28.07,,,,,
화곡동,202606,연립다세대_전월세,신우성빌라,화곡동,410-38,53.64,,15300,3,2,25,2002,신규,26.08~28.08,,,,,
등촌동,202606,연립다세대_전월세,더봄힐,등촌동,365-69,29.08,,22500,0,5,16,2019,갱신,26.08~28.08,21670.0,,,,
화곡동,202606,연립다세대_전월세,미성하르딘(1102-5),화곡동,1102-5,29.79,,22200,0,4,14,2018,갱신,26.07~28.07,22000.0,,,,
내발산동,202606,연립다세대_전월세,제이에스아이디움,내발산동,718-19,37.92,,6000,100,6,3,2018,신규,26.07~28.07,,,,,
화곡동,202606,연립다세대_전월세,벽산홈타운(969-14),화곡동,969-14,54.77,,5000,73,2,12,2002,신규,26.07~28.07,,,,,
화곡동,202606,연립다세대_전월세,미주,화곡동,95-152,40.96,,200,33,-1,11,1986,신규,26.07~28.07,,,,,
화곡동,202606,연립다세대_전월세,삼호빌라가동,화곡동,155-53,35.52,,9290,0,2,27,1991,신규,26.07~28.07,,,,,
등촌동,202606,연립다세대_전월세,(566-3),등촌동,566-3,36.54,,300,30,-1,24,1991,신규,26.07~28.07,,,,,
내발산동,202606,연립다세대_전월세,해피하우스,내발산동,696-22,27.71,,500,65,3,10,2015,신규,26.06~28.06,,,,,
화곡동,202606,연립다세대_전월세,예가채(968-3),화곡동,968-3,44.08,,21900,20,3,24,2015,신규,26.07~28.07,,,,,
화곡동,202606,연립다세대_전월세,인정탑빌리지,화곡동,340-89,46.06,,3000,80,2,9,2002,신규,26.06~28.06,,,,,
화곡동,202606,연립다세대_전월세,킹스빌B동(56-688),화곡동,56-688,65.94,,4000,75,2,2,2001,신규,26.07~28.07,,,,,
공항동,202606,연립다세대_전월세,꾸밈하우스(657-2),공항동,657-2,17.25,,3000,37,2,24,2012,갱신,26.07~28.07,3000.0,35.0,,,
화곡동,202606,연립다세대_전월세,대은비전빌,화곡동,341-25,46.28,,3000,80,4,8,2007,신규,26.06~28.06,,,,,
화곡동,202606,연립다세대_전월세,유유그린빌라트,화곡동,98-128,57.57,,13400,0,1,18,1995,신규,26.06~28.06,,,,,
화곡동,202606,연립다세대_전월세,남성아트빌(397-24),화곡동,397-24,36.52,,5000,80,2,13,2013,신규,26.07~28.07,,,,,
공항동,202606,연립다세대_전월세,AIM하우스,공항동,661,30.41,,23300,0,4,29,2021,신규,26.08~28.08,,,,,
방화동,202606,연립다세대_전월세,모노4차,방화동,607-2,29.67,,20000,0,2,30,2017,신규,26.11~28.11,,,,,
등촌동,202606,연립다세대_전월세,가나하우징(517-12),등촌동,517-12,34.34,,19656,15,2,19,2013,갱신,26.07~28.07,19656.0,10.0,사용,,
화곡동,202606,연립다세대_전월세,예은빌,화곡동,452-20,40.95,,17700,0,4,15,2014,신규,26.07~28.07,,,,,
공항동,202606,연립다세대_전월세,스카이빌라가동,공항동,14-70,45.76,,1000,75,3,3,2002,신규,26.07~28.07,,,,,
화곡동,202606,연립다세대_전월세,진성빌라1동,화곡동,1102-19,38.88,,2000,60,1,23,1986,신규,26.07~28.07,,,,,
방화동,202606,연립다세대_전월세,에이원B동,방화동,645-19,47.82,,20000,0,2,13,2003,신규,26.06~28.06,,,,,
내발산동,202606,연립다세대_전월세,산울림,내발산동,673-3,29.94,,1000,65,2,18,2010,신규,26.07~28.07,,,,,
등촌동,202606,연립다세대_전월세,(531-7),등촌동,531-7,61.47,,10000,80,2,25,2002,신규,26.09~28.09,,,,,
방화동,202606,연립다세대_전월세,골든펠리스,방화동,612-162,13.64,,1000,50,5,19,2015,신규,26.07~28.07,,,,,
외발산동,202606,연립다세대_전월세,(216-78),외발산동,216-78,36.18,,1000,50,1,29,1986,신규,26.07~28.07,,,,,
화곡동,202606,연립다세대_전월세,리빙하우스,화곡동,346-74,25.49,,5000,70,6,3,2016,신규,26.08~28.08,,,,,
화곡동,202606,연립다세대_전월세,비버하우스(42-57),화곡동,42-57,39.74,,2000,70,4,12,2012,신규,26.07~28.07,,,,,
내발산동,202606,연립다세대_전월세,래파크,내발산동,709-28,56.97,,10000,63,1,30,2008,갱신,26.06~28.06,10000.0,59.0,,,
공항동,202606,연립다세대_전월세,LK드림빌,공항동,66-28,29.17,,17730,0,2,26,2018,신규,26.08~28.08,,,,,
내발산동,202606,연립다세대_전월세,한울자이빌A동,내발산동,665-19,66.77,,30000,0,3,25,2009,신규,26.10~28.10,,,,,
방화동,202606,연립다세대_전월세,메종드아이디,방화동,612-147,23.27,,5000,85,11,21,2021,신규,26.08~28.08,,,,,
화곡동,202606,연립다세대_전월세,서현,화곡동,403-9,12.96,,500,42,4,22,2011,신규,26.07~28.07,,,,,
화곡동,202606,연립다세대_전월세,우성(408-86),화곡동,408-86,46.73,,3000,120,3,8,2017,신규,26.07~27.07,,,,,
화곡동,202606,연립다세대_전월세,더숨153,화곡동,1169,16.06,,300,60,5,23,2021,신규,26.07~27.07,,,,,
화곡동,202606,연립다세대_전월세,동방히즈힐,화곡동,369-36,35.87,,17300,30,6,27,2016,신규,26.08~28.08,,,,,
화곡동,202606,연립다세대_전월세,정연채,화곡동,972-11,27.44,,5000,52,3,5,2018,갱신,26.08~28.08,5000.0,52.0,,,
화곡동,202606,연립다세대_전월세,현대블루밍,화곡동,354-79,36.93,,20500,15,4,29,2015,갱신,26.08~28.08,20500.0,15.0,사용,,
화곡동,202606,연립다세대_전월세,(1033-15),화곡동,1033-15,61.16,,11200,0,-1,19,1996,신규,26.07~28.07,,,,,
화곡동,202606,연립다세대_전월세,삼성골든빌(793-6),화곡동,793-6,35.69,,18540,0,5,30,2015,신규,26.09~28.09,,,,,
화곡동,202606,연립다세대_전월세,클래시뷰,화곡동,1102-7,24.15,,1000,105,2,2,2022,신규,26.06~27.06,,,,,
화곡동,202606,연립다세대_전월세,광성빌라,화곡동,467-19,38.61,,10000,2,2,19,1993,갱신,26.07~28.07,10000.0,,,,
등촌동,202606,연립다세대_전월세,서광주택8동,등촌동,633-36,31.72,,11000,20,3,20,1995,신규,26.07~28.07,,,,,
화곡동,202606,연립다세대_전월세,경인빌라B동,화곡동,373-24,41.7,,1000,82,2,30,2001,신규,26.07~28.06,,,,,
화곡동,202606,연립다세대_전월세,남해(352-58),화곡동,352-58,36.59,,1000,43,-1,3,1991,신규,26.06~28.06,,,,,
화곡동,202606,연립다세대_전월세,홈랜드맨션13차,화곡동,410-21,67.96,,1000,75,1,25,1996,신규,26.07~28.07,,,,,
공항동,202606,연립다세대_전월세,마곡디엠팰리스,공항동,665-4,25.6,,15000,60,4,30,2022,갱신,26.07~28.07,15000.0,45.0,,,
화곡동,202606,연립다세대_전월세,화곡빌라4동(362-74),화곡동,362-74,36.3,,1000,40,-1,13,1986,신규,26.06~28.06,,,,,
화곡동,202606,연립다세대_전월세,화곡아트빌,화곡동,371-50,22.95,,300,50,3,24,2022,신규,26.06~26.12,,,,,
화곡동,202606,연립다세대_전월세,상우쉐르빌,화곡동,362-52,35.77,,11700,15,2,27,2002,갱신,26.08~28.08,11700.0,10.0,,,
화곡동,202606,연립다세대_전월세,MAROO,화곡동,76-1,23.13,,200,100,4,10,2019,신규,26.06~27.02,,,,,
화곡동,202606,연립다세대_전월세,은가람팰리스,화곡동,24-200,55.22,,5000,170,5,17,2022,신규,26.07~27.06,,,,,
화곡동,202606,연립다세대_전월세,팔팔빌라,화곡동,924-4,39.24,,6000,0,-1,28,1986,갱신,26.06~28.06,6000.0,,,,
화곡동,202606,연립다세대_전월세,오화주택,화곡동,424-10,60.39,,10500,0,-1,27,2000,갱신,26.06~28.06,10000.0,,,,
화곡동,202606,연립다세대_전월세,우성성진빌라(1085-18),화곡동,1085-18,34.2,,10820,15,4,27,1996,신규,26.08~28.08,,,,,
화곡동,202606,연립다세대_전월세,(1044-19),화곡동,1044-19,40.725,,1000,80,1,20,1986,신규,26.06~28.06,,,,,
공항동,202606,연립다세대_전월세,위하우스,공항동,667-3,25.86,,16110,0,5,24,2020,신규,26.09~28.09,,,,,
방화동,202606,연립다세대_전월세,예담캐슬,방화동,337-6,45.09,,28900,12,2,25,2020,갱신,26.07~28.07,28900.0,6.0,사용,,
화곡동,202606,연립다세대_전월세,로즈팰리스투(346-38),화곡동,346-38,78.57,,1000,30,2,15,2009,신규,26.06~28.06,,,,,
화곡동,202606,연립다세대_전월세,태경하이츠(354-29),화곡동,354-29,53.49,,16300,30,3,26,2001,신규,26.08~28.08,,,,,
화곡동,202606,연립다세대_전월세,힐하우스(377-12),화곡동,377-12,37.01,,18200,20,4,30,2013,신규,26.09~28.09,,,,,
화곡동,202606,연립다세대_전월세,아줄리움(1038-13),화곡동,1038-13,39.03,,2000,105,5,17,2016,신규,26.06~28.06,,,,,
화곡동,202606,연립다세대_전월세,국도드림빌,화곡동,98-146,28.02,,17900,17,6,29,2018,갱신,26.08~28.08,17388.0,15.0,사용,,
화곡동,202606,연립다세대_전월세,라온빌,화곡동,29-15,29.71,,13000,29,5,29,2013,갱신,26.08~28.08,13000.0,26.0,,,
화곡동,202606,연립다세대_전월세,진흥빌라,화곡동,1010-4,40.46,,10000,0,-1,24,1992,신규,26.08~28.08,,,,,
공항동,202606,연립다세대_전월세,655-11,공항동,655-11,28.88,,21000,0,3,22,2020,갱신,26.08~27.08,20000.0,,,,
화곡동,202606,연립다세대_전월세,(1130-37),화곡동,1130-37,65.01,,2000,70,1,22,1986,신규,26.07~28.06,,,,,
방화동,202606,연립다세대_전월세,골든펠리스,방화동,612-162,14.4,,500,53,4,5,2015,신규,26.06~28.06,,,,,
화곡동,202606,연립다세대_전월세,이노셀,화곡동,359-50,29.08,,14800,15,2,30,2016,신규,26.08~28.08,,,,,
화곡동,202606,연립다세대_전월세,훼미리빌(993-15),화곡동,993-15,49.64,,2000,100,2,30,2010,신규,26.07~28.07,,,,,
화곡동,202606,연립다세대_전월세,SK파크리움,화곡동,1010-2,20.82,,11421,0,6,30,2019,신규,26.08~28.08,,,,,
화곡동,202606,연립다세대_전월세,현대아트빌라,화곡동,157-13,35.73,,11000,25,3,26,1991,신규,26.07~28.07,,,,,
등촌동,202606,연립다세대_전월세,뜨락채,등촌동,533-37,48.22,,21000,16,3,29,2010,신규,26.08~28.08,,,,,
등촌동,202606,연립다세대_전월세,제니스알앤시빌,등촌동,532-3,27.57,,23560,13,5,27,2016,신규,26.07~28.07,,,,,
화곡동,202606,연립다세대_전월세,세명아크로빌,화곡동,403-14,26.43,,13800,5,3,30,2017,신규,26.08~28.08,,,,,
공항동,202606,연립다세대_전월세,에어자이언(659-9),공항동,659-9,15.64,,500,39,2,16,2015,신규,26.06~28.06,,,,,
화곡동,202606,연립다세대_전월세,평화빌라,화곡동,42-73,80.56,,1500,66,-1,12,1992,신규,26.06~28.06,,,,,
화곡동,202606,연립다세대_전월세,라움하우스,화곡동,424-61,29.88,,18000,0,3,12,2019,신규,26.07~28.07,,,,,
화곡동,202606,연립다세대_전월세,우현탑스빌,화곡동,159-25,46.55,,17800,14,2,26,2012,신규,26.07~28.07,,,,,
화곡동,202606,연립다세대_전월세,고운연립,화곡동,856-12,54.05,,10000,50,2,30,1996,신규,26.08~28.08,,,,,
화곡동,202606,연립다세대_전월세,다울네버빌(1038-9),화곡동,1038-9,69.81,,29500,0,4,30,2001,갱신,26.07~28.12,25500.0,,,,
염창동,202606,연립다세대_전월세,제니스알앤씨,염창동,252-2,28.12,,22300,25,4,30,2017,신규,26.08~28.08,,,,,
화곡동,202606,연립다세대_전월세,라테라스빌(380-6),화곡동,380-6,25.45,,18900,0,4,10,2016,갱신,26.06~28.06,18900.0,,사용,,
화곡동,202606,연립다세대_전월세,위더스빌,화곡동,894-13,20.1,,3000,47,8,17,2013,신규,26.06~27.06,,,,,
마곡동,202606,연립다세대_전월세,신안(327-53),마곡동,327-53,57.06,,13700,0,3,24,1984,갱신,26.06~28.06,13200.0,,,,
화곡동,202606,연립다세대_전월세,동도하이츠빌라(B동),화곡동,164-8,46.38,,12000,20,5,27,2001,신규,26.08~28.08,,,,,
화곡동,202606,연립다세대_전월세,모닝빌,화곡동,1084-26,61.73,,100,30,2,27,2002,신규,26.07~28.07,,,,,
화곡동,202606,연립다세대_전월세,스토리하우스(1014-23),화곡동,1014-23,15.7,,1000,60,4,29,2012,신규,26.07~28.07,,,,,
화곡동,202606,연립다세대_전월세,아이빌,화곡동,392-71,51.38,,3000,83,5,9,2017,신규,26.06~28.06,,,,,
방화동,202606,연립다세대_전월세,마곡M타운-102,방화동,589-25,27.23,,19000,0,2,20,2019,신규,26.06~28.06,,,,,
화곡동,202606,연립다세대_전월세,NS오피스,화곡동,402-3,13.75,,7400,0,6,24,2013,신규,26.07~28.07,,,,,
공항동,202606,연립다세대_전월세,60-57,공항동,60-57,29.72,,1000,63,2,13,2019,신규,26.06~27.06,,,,,
화곡동,202606,연립다세대_전월세,정안빌라(811-15),화곡동,811-15,54.06,,11450,20,1,26,1993,갱신,26.07~28.07,10450.0,20.0,,,
염창동,202606,연립다세대_전월세,링크253,염창동,253-6,29.47,,21400,15,4,29,2016,신규,26.09~28.09,,,,,
공항동,202606,연립다세대_전월세,아이디주택,공항동,53-108,26.85,,1000,130,3,29,2023,신규,26.07~27.07,,,,,
내발산동,202606,연립다세대_전월세,영주빌라1차,내발산동,703-8,55,,20000,0,2,25,2002,갱신,26.06~28.06,22000.0,,,,
화곡동,202606,연립다세대_전월세,비에스하우징,화곡동,424-85,23.14,,16632,15,6,29,2018,신규,26.08~28.08,,,,,
등촌동,202606,연립다세대_전월세,도원힐라이프III,등촌동,365-31,28.54,,3000,100,5,29,2017,갱신,26.09~28.06,3000.0,110.0,,,
화곡동,202606,연립다세대_전월세,새한아트빌B(1039-8),화곡동,1039-8,56.33,,2000,85,4,23,2002,신규,26.08~28.08,,,,,
등촌동,202606,연립다세대_전월세,세명클래스,등촌동,365-59,31.16,,22000,10,2,24,2015,신규,26.07~28.07,,,,,
화곡동,202606,연립다세대_전월세,아이유하임72,화곡동,46-72,84.56,,13196,136,4,29,2022,신규,26.07~28.09,,,,,
화곡동,202606,연립다세대_전월세,와이엠빌,화곡동,451-3,54.52,,2000,76,2,29,2015,갱신,26.06~28.06,2000.0,73.0,,,
화곡동,202606,연립다세대_전월세,미문3차,화곡동,102-304,37.32,,10100,14,2,23,1994,신규,26.07~28.07,,,,,
화곡동,202606,연립다세대_전월세,우성연립(1134-7),화곡동,1134-7,51.3,,13000,0,2,29,1985,갱신,26.07~28.07,13000.0,,,,
화곡동,202606,연립다세대_전월세,현대빌라,화곡동,866-21,56.16,,14990,0,2,22,1994,신규,26.07~28.07,,,,,
화곡동,202606,연립다세대_전월세,영산빌라,화곡동,56-96,50.76,,21400,0,1,23,2015,신규,26.07~28.07,,,,,
화곡동,202606,연립다세대_전월세,가나아델리움(504-111),화곡동,504-111,29.99,,500,80,3,1,2015,신규,26.06~27.06,,,,,
내발산동,202606,연립다세대_전월세,올림푸스(698-2),내발산동,698-2,44.18,,21400,0,3,26,2011,갱신,26.08~28.08,20400.0,,사용,,
화곡동,202606,연립다세대_전월세,성림파크빌B동,화곡동,46-149,49.77,,13200,30,4,25,2002,신규,26.07~28.07,,,,,
화곡동,202606,연립다세대_전월세,이수아트빌2차,화곡동,897-22,29.64,,1000,80,7,2,2016,신규,26.06~28.06,,,,,
화곡동,202606,연립다세대_전월세,동궁아트빌(80-45),화곡동,80-45,76.08,,17700,0,5,27,2001,신규,26.08~28.08,,,,,
화곡동,202606,연립다세대_전월세,마마스빌,화곡동,342-76,19.69,,11800,20,2,29,2017,신규,26.08~28.08,,,,,
내발산동,202606,연립다세대_전월세,우성아트빌5차B동,내발산동,693-1,37.18,,3000,100,3,18,2013,신규,26.07~28.07,,,,,
화곡동,202606,연립다세대_전월세,미소지움,화곡동,410-31,29.92,,20000,0,6,27,2021,신규,26.08~28.08,,,,,
화곡동,202606,연립다세대_전월세,메트로빌라,화곡동,1050-18,51.56,,14900,7,2,25,2002,신규,26.07~28.07,,,,,
화곡동,202606,연립다세대_전월세,우보쉐르빌,화곡동,61-79,55.02,,18000,0,2,10,2002,갱신,26.07~28.06,17600.0,,,,
방화동,202606,연립다세대_전월세,삼일빌라나,방화동,583-2,44.85,,13000,0,2,23,1991,신규,26.07~28.07,,,,,
마곡동,202606,연립다세대_전월세,마곡스카이B단지,마곡동,1245,30,,21000,0,3,22,2019,신규,26.08~28.08,,,,,
염창동,202606,연립다세대_전월세,대림밸리,염창동,263-14,22.08,,12000,60,9,23,2021,신규,26.07~28.07,,,,,
화곡동,202606,연립다세대_전월세,성림파크빌A동,화곡동,46-408,39.24,,2000,80,1,1,2002,신규,26.06~28.06,,,,,
화곡동,202606,연립다세대_전월세,신용하이빌,화곡동,161-24,56.06,,14100,0,1,28,2001,갱신,26.07~28.07,13600.0,,사용,,
내발산동,202606,연립다세대_전월세,덕진빌라,내발산동,687-32,33.84,,3000,75,1,18,1993,신규,26.08~28.08,,,,,
화곡동,202606,연립다세대_전월세,씨티하우스(425-19),화곡동,425-19,58.22,,23300,24,5,22,2014,갱신,26.06~28.06,23300.0,19.0,사용,,
화곡동,202606,연립다세대_전월세,가나아델리움(102-120),화곡동,102-120,33.76,,16500,20,3,5,2014,갱신,26.06~28.06,16600.0,17.0,사용,,
화곡동,202606,연립다세대_전월세,신성네오빌,화곡동,421-18,29.45,,21672,0,5,27,2019,갱신,26.09~28.09,22170.0,,,,
화곡동,202606,연립다세대_전월세,유유그린빌라트,화곡동,98-128,57.57,,13400,0,1,29,1995,신규,26.06~28.06,,,,,
등촌동,202606,연립다세대_전월세,아트빌라7동,등촌동,515-51,36.48,,13000,10,1,25,1989,신규,26.07~28.07,,,,,
내발산동,202606,연립다세대_전월세,(697-11),내발산동,697-11,34.56,,2000,71,3,28,2013,신규,26.06~28.06,,,,,
공항동,202606,연립다세대_전월세,마곡씨티빌,공항동,680,34.17,,17100,18,3,26,2016,신규,26.08~28.08,,,,,
화곡동,202606,연립다세대_전월세,다온빌,화곡동,362-76,28.03,,16500,13,2,27,2018,갱신,26.08~28.08,16500.0,10.0,,,
염창동,202606,연립다세대_전월세,거창,염창동,272-20,20.04,,6200,25,1,29,1996,신규,26.07~27.07,,,,,
화곡동,202606,연립다세대_전월세,다온파크빌,화곡동,850-19,24.34,,18100,0,4,26,2017,갱신,26.07~28.07,17600.0,,사용,,
등촌동,202606,연립다세대_전월세,유명아트빌,등촌동,522-32,59.58,,900,50,2,28,2004,신규,26.06~28.06,,,,,
화곡동,202606,연립다세대_전월세,동영빌라,화곡동,841-27,43.12,,2000,85,2,27,2002,신규,26.08~28.08,,,,,
내발산동,202606,연립다세대_전월세,해마루,내발산동,676-9,16.72,,500,33,1,5,2012,신규,26.06~27.06,,,,,
화곡동,202606,연립다세대_전월세,동명행복하우스,화곡동,102-128,50.26,,2000,95,3,26,2008,신규,26.07~28.07,,,,,
화곡동,202606,연립다세대_전월세,인베스트빌(460-11),화곡동,460-11,39.19,,11300,10,3,22,2008,갱신,26.07~28.07,11300.0,,사용,,
화곡동,202606,연립다세대_전월세,공간휴(864-10),화곡동,864-10,25.49,,5500,73,4,26,2021,신규,26.07~28.07,,,,,
화곡동,202606,연립다세대_전월세,마이홈,화곡동,400-90,19.74,,1000,59,2,2,2017,신규,26.06~28.06,,,,,
화곡동,202606,연립다세대_전월세,(430-8),화곡동,430-8,38.99,,4000,69,4,10,2013,신규,26.06~28.06,,,,,
내발산동,202606,연립다세대_전월세,제이에스아이디움,내발산동,718-19,34.56,,24000,15,7,25,2018,신규,26.07~28.07,,,,,
화곡동,202606,연립다세대_전월세,순환레미안A,화곡동,24-242,38.79,,12900,20,3,19,2002,신규,26.07~28.07,,,,,
내발산동,202606,연립다세대_전월세,세명더클래스,내발산동,650-7,28.41,,22700,10,5,21,2018,갱신,26.07~28.07,24300.0,,사용,,
화곡동,202606,연립다세대_전월세,29-76,화곡동,29-76,25.64,,2000,60,4,23,2021,신규,26.06~28.06,,,,,
화곡동,202606,연립다세대_전월세,큐브포(CubeFour),화곡동,370-5,26.92,,27000,0,5,21,2022,갱신,26.08~28.08,26200.0,,사용,,
방화동,202606,연립다세대_전월세,하얀집,방화동,645-20,19.01,,11550,5,2,26,2019,갱신,26.07~28.07,11550.0,3.0,,,
공항동,202606,연립다세대_전월세,위하우스,공항동,664,19.81,,5000,70,6,26,2021,신규,26.08~28.08,,,,,
화곡동,202606,연립다세대_전월세,연우넥스트뷰,화곡동,1107-3,13.16,,1000,66,15,25,2018,신규,26.08~27.08,,,,,
화곡동,202606,연립다세대_전월세,화성홈타운102동,화곡동,56-559,57.14,,5000,90,5,13,2002,신규,26.06~28.06,,,,,
화곡동,202606,연립다세대_전월세,현대빌라,화곡동,847-17,42.56,,4000,20,-1,26,1986,갱신,26.06~28.06,4000.0,,,,
화곡동,202606,연립다세대_전월세,숲정호마을(818-8),화곡동,818-8,52.5,,2000,80,3,26,2008,갱신,26.06~27.06,2000.0,76.0,사용,,
화곡동,202606,연립다세대_전월세,블리스빌101동102동,화곡동,94-1,28.71,,22900,0,3,4,2022,신규,26.07~28.07,,,,,
화곡동,202606,연립다세대_전월세,이도트라움,화곡동,366-18,29.77,,3000,90,2,25,2016,신규,26.06~28.06,,,,,
화곡동,202606,연립다세대_전월세,도원솔비치,화곡동,156-6,29.97,,14600,10,2,26,2015,갱신,26.08~28.08,14230.0,,,,
염창동,202606,연립다세대_전월세,대아파크빌,염창동,266-7,29.71,,23500,4,3,25,2016,갱신,26.06~28.06,23500.0,,,,
방화동,202606,연립다세대_전월세,마곡M타운-102,방화동,589-25,28.98,,21000,5,5,25,2019,갱신,26.07~28.07,22000.0,,,,
등촌동,202606,연립다세대_전월세,소담밸리,등촌동,365-197,29.33,,26000,10,4,25,2017,신규,26.08~28.08,,,,,
화곡동,202606,연립다세대_전월세,보안아트빌라,화곡동,111-122,46.18,,2000,55,5,25,2002,신규,26.07~28.07,,,,,
화곡동,202606,연립다세대_전월세,이엘하우스,화곡동,362-65,29.81,,30000,0,3,26,2022,갱신,26.09~28.09,30000.0,,,,
화곡동,202606,연립다세대_전월세,효진하이츠(59-45),화곡동,59-45,38.33,,13860,0,2,9,2011,갱신,26.06~28.06,13200.0,,,,
화곡동,202606,연립다세대_전월세,럭키빌라,화곡동,392-6,34.38,,9000,0,4,25,1991,신규,26.08~28.08,,,,,
등촌동,202606,연립다세대_전월세,제니스알앤시빌,등촌동,532-3,26.98,,23180,15,4,25,2016,신규,26.07~28.07,,,,,
내발산동,202606,연립다세대_전월세,DH647,내발산동,647,45.76,,70000,0,9,25,2023,신규,26.10~28.10,,,,,
화곡동,202606,연립다세대_전월세,파크아리온101동102동,화곡동,367-1,25.18,,100,60,12,18,2021,신규,26.06~26.09,,,,,
가양동,202606,연립다세대_전월세,상아맨션1차,가양동,146-8,40.41,,13000,20,4,24,2002,신규,26.08~28.08,,,,,
화곡동,202606,연립다세대_전월세,경민아트빌101동102동,화곡동,803-2,30.3,,2000,85,3,24,2016,신규,26.08~28.08,,,,,
화곡동,202606,연립다세대_전월세,나리빌라(61-35),화곡동,61-35,56.64,,13000,10,1,25,1991,신규,26.07~28.07,,,,,
등촌동,202606,연립다세대_전월세,거산하이빌(533-17),등촌동,533-17,29.85,,20000,25,1,24,2015,갱신,26.06~28.06,19900.0,,,,
화곡동,202606,연립다세대_전월세,스페이스빌,화곡동,354-24,27.02,,15200,0,5,10,2015,갱신,26.06~28.06,15200.0,,,,
등촌동,202606,연립다세대_전월세,미가채(643-70),등촌동,643-70,28.42,,25650,0,2,25,2018,신규,26.07~28.07,,,,,
화곡동,202606,연립다세대_전월세,힐하우스,화곡동,986-17,45.45,,14000,0,6,25,2011,갱신,26.06~28.06,13000.0,,,,
화곡동,202606,연립다세대_전월세,삼성위브빌,화곡동,98-102,29.78,,13480,16,5,25,2012,갱신,26.07~27.07,15750.0,5.0,,,
화곡동,202606,연립다세대_전월세,casagio,화곡동,1115-34,29.74,,21000,15,4,25,2019,신규,26.08~28.08,,,,,
방화동,202606,연립다세대_전월세,마곡킹덤비바체,방화동,612-197,16.89,,17200,0,10,25,2021,신규,26.07~28.07,,,,,
화곡동,202606,연립다세대_전월세,다솜타운나동(1037-14),화곡동,1037-14,36.05,,3000,120,3,24,2015,신규,26.08~28.08,,,,,
등촌동,202606,연립다세대_전월세,GALLERIAH,등촌동,365-60,12.96,,1000,56,3,24,2021,신규,26.06~28.06,,,,,
가양동,202606,연립다세대_전월세,다솔씨티하임,가양동,250-2,35.69,,28600,0,6,11,2018,신규,26.09~28.09,,,,,
화곡동,202606,연립다세대_전월세,소담마을,화곡동,1018-6,33.23,,12500,20,5,25,2011,신규,26.08~28.08,,,,,
화곡동,202606,연립다세대_전월세,동광쉐르빌가동,화곡동,70-37,56.17,,0,35,4,11,2002,갱신,26.06~27.06,,35.0,,,
화곡동,202606,연립다세대_전월세,동서파크빌,화곡동,895-8,48.24,,16000,0,3,17,2002,신규,26.08~28.08,,,,,
화곡동,202606,연립다세대_전월세,광산맨숀(396-8),화곡동,396-8,45.14,,5000,0,3,18,2001,신규,26.06~27.06,,,,,
방화동,202606,연립다세대_전월세,스카이빌,방화동,493-6,29.15,,1000,52,5,17,2019,신규,26.07~27.06,,,,,
화곡동,202606,연립다세대_전월세,마크하우스,화곡동,346-57,28.94,,17000,30,5,24,2020,신규,26.09~28.09,,,,,
등촌동,202606,연립다세대_전월세,우림,등촌동,530-14,49.43,,10000,40,3,4,2002,갱신,26.07~28.07,18000.0,,사용,,
화곡동,202606,연립다세대_전월세,광명하이츠29차나동,화곡동,825-16,42.33,,12000,32,2,19,2002,갱신,26.08~28.08,12000.0,28.0,사용,,
공항동,202606,연립다세대_전월세,에스엠파크빌,공항동,1377,23.71,,20200,10,6,24,2018,신규,26.09~28.08,,,,,
내발산동,202606,연립다세대_전월세,드림하우스,내발산동,708,13.33,,1000,47,4,3,2013,신규,26.06~27.06,,,,,
화곡동,202606,연립다세대_전월세,삼성쉐르빌,화곡동,979-5,58.23,,5000,90,4,24,2010,신규,26.08~28.08,,,,,
방화동,202606,연립다세대_전월세,경서하이츠,방화동,493-28,26.17,,1000,55,2,24,2016,신규,26.06~27.06,,,,,
화곡동,202606,연립다세대_전월세,명성빌리지,화곡동,371-56,54.26,,3000,60,4,13,2000,신규,26.06~28.06,,,,,
화곡동,202606,연립다세대_전월세,신안빌라가동,화곡동,160-3,50.4,,2000,60,1,24,1991,신규,26.08~28.08,,,,,
방화동,202606,연립다세대_전월세,에이블,방화동,595-5,28.95,,25320,0,3,24,2023,신규,26.08~28.08,,,,,
내발산동,202606,연립다세대_전월세,제이에스해슬리,내발산동,671-22,55.47,,38500,0,4,22,2024,신규,26.09~28.09,,,,,
방화동,202606,연립다세대_전월세,마곡M타운-102,방화동,589-25,28.98,,22000,0,5,20,2019,갱신,26.07~28.07,21000.0,,사용,,
염창동,202606,연립다세대_전월세,한경렉스플레이스,염창동,262-4,25.93,,33000,0,10,19,2021,신규,26.07~28.07,,,,,
화곡동,202606,연립다세대_전월세,도원힐라이프1,화곡동,50-79,28.66,,11880,0,3,24,2016,신규,26.09~28.09,,,,,
염창동,202606,연립다세대_전월세,석경트라움,염창동,273-25,31.89,,16000,25,6,23,2012,갱신,26.07~28.07,19000.0,10.0,,,
화곡동,202606,연립다세대_전월세,우화그린,화곡동,111-34,53.73,,19000,0,2,15,2011,갱신,26.06~28.06,18000.0,,,,
화곡동,202606,연립다세대_전월세,자하클래식,화곡동,24-39,13.77,,11600,30,16,19,2018,신규,26.08~28.08,,,,,
화곡동,202606,연립다세대_전월세,삼성쉐르빌,화곡동,879-8,71.61,,19600,0,5,23,2002,신규,26.08~28.08,,,,,
화곡동,202606,연립다세대_전월세,백문하우스,화곡동,968-17,28.61,,19700,0,2,23,2018,신규,26.08~28.08,,,,,
화곡동,202606,연립다세대_전월세,MARNI,화곡동,975-16,25.76,,3000,95,2,24,2023,신규,26.06~28.06,,,,,
방화동,202606,연립다세대_전월세,보성,방화동,249-21,56.3,,2000,63,3,22,1981,갱신,26.09~28.09,2000.0,60.0,사용,,
화곡동,202606,연립다세대_전월세,서안빌라,화곡동,61-19,55.23,,14300,18,1,22,1993,신규,26.07~28.07,,,,,
방화동,202606,연립다세대_전월세,메종드아이디,방화동,612-147,29.28,,1000,125,6,1,2021,갱신,26.06~27.06,1000.0,120.0,,,
등촌동,202606,연립다세대_전월세,루디아빌,등촌동,575-6,60.46,,14900,20,1,11,2002,갱신,26.07~27.01,14900.0,10.0,사용,,
등촌동,202606,연립다세대_전월세,오성트레빌7차,등촌동,528-13,61.79,,25000,0,4,19,2009,신규,26.08~28.08,,,,,
화곡동,202606,연립다세대_전월세,삼흥빌라,화곡동,56-79,40.86,,9000,0,1,22,1990,신규,26.07~28.07,,,,,
화곡동,202606,연립다세대_전월세,화성빌라42차A동,화곡동,56-144,36.33,,500,28,-1,15,2002,신규,26.06~28.06,,,,,
마곡동,202606,연립다세대_전월세,청람아트빌,마곡동,6-4,26.98,,16000,15,7,23,2018,신규,26.07~28.07,,,,,
화곡동,202606,연립다세대_전월세,세담파크뷰,화곡동,367-73,28,,300,97,5,23,2020,신규,26.06~26.09,,,,,
내발산동,202606,연립다세대_전월세,까사지오casagio,내발산동,702-18,53.92,,10000,100,3,12,2018,신규,26.09~28.09,,,,,
등촌동,202606,연립다세대_전월세,인터시티빌(533-15),등촌동,533-15,42.66,,25400,15,3,23,2013,갱신,26.08~28.08,24000.0,15.0,,,
화곡동,202606,연립다세대_전월세,대성아트빌,화곡동,351-20,34.07,,21250,19,3,16,2018,신규,26.09~28.09,,,,,
화곡동,202606,연립다세대_전월세,에코빌,화곡동,964-23,27.84,,5000,73,4,23,2022,갱신,26.08~28.08,5000.0,70.0,사용,,
마곡동,202606,연립다세대_전월세,청람아트빌,마곡동,6-4,26,,18450,0,7,23,2018,갱신,26.08~27.08,19840.0,,,,
화곡동,202606,연립다세대_전월세,덕원하이츠,화곡동,797-11,61.05,,2000,60,-1,23,1991,신규,26.08~28.08,,,,,
화곡동,202606,연립다세대_전월세,시그니엘,화곡동,359-27,29.72,,25800,0,5,23,2021,신규,26.07~28.07,,,,,
공항동,202606,연립다세대_전월세,아이디주택,공항동,53-108,26.85,,1000,125,5,23,2023,신규,26.08~27.08,,,,,
화곡동,202606,연립다세대_전월세,후암리치빌,화곡동,330-33,29.73,,12000,30,2,23,2010,갱신,26.07~27.07,12000.0,20.0,,,
화곡동,202606,연립다세대_전월세,(155-45),화곡동,155-45,37.615,,6200,0,1,23,1986,신규,26.08~28.08,,,,,
화곡동,202606,연립다세대_전월세,(362-109)강성빌라3차,화곡동,362-109,33.28,,10000,0,2,17,1991,신규,26.07~28.07,,,,,
화곡동,202606,연립다세대_전월세,까치산팔라이스,화곡동,430-10,29.91,,16128,8,2,5,2015,갱신,26.06~28.06,16128.0,5.0,,,
외발산동,202606,연립다세대_전월세,주얼리하우스,외발산동,220-3,26.4,,6600,27,3,23,1997,신규,26.08~28.08,,,,,
화곡동,202606,연립다세대_전월세,예지팰리스89차,화곡동,112-50,54.54,,26000,0,2,18,2016,신규,26.07~28.07,,,,,
등촌동,202606,연립다세대_전월세,가나아델리움,등촌동,643-21,29.38,,19780,0,3,22,2015,갱신,26.09~28.09,19980.0,,사용,,
화곡동,202606,연립다세대_전월세,청송평화하이맨션(832-42),화곡동,832-42,38.84,,14800,20,4,19,2012,신규,26.08~28.08,,,,,
화곡동,202606,연립다세대_전월세,조은빌라,화곡동,353-16,43.62,,1000,80,2,22,2001,신규,26.07~28.07,,,,,
화곡동,202606,연립다세대_전월세,이화빌라나동,화곡동,421-47,35.94,,13000,10,1,16,1987,신규,26.07~28.07,,,,,
내발산동,202606,연립다세대_전월세,Lee's빌2차,내발산동,675-22,15.28,,500,44,2,10,2010,신규,26.06~28.06,,,,,
화곡동,202606,연립다세대_전월세,예담채,화곡동,24-275,29.64,,18000,10,3,22,2018,신규,26.08~28.08,,,,,
화곡동,202606,연립다세대_전월세,순환빌라A동,화곡동,86-5,39.82,,11600,20,3,23,2001,신규,26.08~28.08,,,,,
등촌동,202606,연립다세대_전월세,더원2-2th,등촌동,569-20,26.8,,4000,95,6,19,2023,신규,26.07~28.07,,,,,
등촌동,202606,연립다세대_전월세,등촌빌라(533-8),등촌동,533-8,41.45,,2000,65,4,22,2002,신규,26.06~28.06,,,,,
화곡동,202606,연립다세대_전월세,화성빌라(56-377),화곡동,56-377,44.76,,13000,8,3,16,2002,갱신,26.07~28.07,13000.0,5.0,사용,,
가양동,202606,연립다세대_전월세,상아맨션2차,가양동,151-11,53.4,,20000,10,3,22,2002,갱신,26.08~28.07,20000.0,10.0,,,
화곡동,202606,연립다세대_전월세,세명베르디움,화곡동,792-6,28.42,,20650,14,4,11,2016,갱신,26.07~28.07,20650.0,4.0,,,
화곡동,202606,연립다세대_전월세,한백리츠빌(56-547),화곡동,56-547,43.81,,14300,0,3,16,2008,갱신,26.07~28.07,14300.0,,사용,,
내발산동,202606,연립다세대_전월세,아트빌,내발산동,665-22,12.74,,1000,45,2,15,2013,신규,26.06~28.06,,,,,
등촌동,202606,연립다세대_전월세,명진빌라,등촌동,365-86,48.48,,15000,20,3,16,2001,신규,26.07~28.07,,,,,
화곡동,202606,연립다세대_전월세,소담밸리,화곡동,1045-23,29.14,,18500,0,4,2,2012,신규,26.06~28.06,,,,,
화곡동,202606,연립다세대_전월세,금산파크빌,화곡동,56-53,46.02,,15600,10,4,16,2008,신규,26.07~28.07,,,,,
화곡동,202606,연립다세대_전월세,진파크빌,화곡동,55-94,41.68,,1000,80,2,10,2008,신규,26.06~28.06,,,,,
공항동,202606,연립다세대_전월세,마곡푸른빌,공항동,664-3,45.96,,17000,0,2,16,2011,신규,26.06~28.06,,,,,
화곡동,202606,연립다세대_전월세,유림파크빌(372-60),화곡동,372-60,58.02,,17760,10,5,11,2010,신규,26.07~28.07,,,,,
화곡동,202606,연립다세대_전월세,에스엠벨리체11차,화곡동,814-2,52.71,,20900,0,5,16,2012,갱신,26.07~28.07,20900.0,,사용,,
방화동,202606,연립다세대_전월세,TheHome,방화동,534-6,12.93,,5400,15,4,22,2013,갱신,26.07~28.07,7100.0,7.0,사용,,
화곡동,202606,연립다세대_전월세,화인아트빌2차,화곡동,504-129,43.14,,1595,13,2,22,2011,갱신,26.07~28.06,1565.0,13.0,,,
공항동,202606,연립다세대_전월세,마곡더퍼스트,공항동,682-2,25.68,,20380,0,3,22,2023,갱신,26.07~28.07,22000.0,,사용,,
화곡동,202606,연립다세대_전월세,중앙빌라,화곡동,870-36,30.31,,3000,15,-1,4,1993,신규,26.06~28.06,,,,,
화곡동,202606,연립다세대_전월세,구산해피밸리C동,화곡동,866-30,54.02,,16600,10,3,20,2002,신규,26.08~28.08,,,,,
화곡동,202606,연립다세대_전월세,유진,화곡동,98-110,54.12,,21040,0,2,17,2011,갱신,26.08~28.08,21040.0,,,,
등촌동,202606,연립다세대_전월세,제니스알앤시빌,등촌동,532-3,27.57,,26000,0,3,19,2016,신규,26.08~28.08,,,,,
화곡동,202606,연립다세대_전월세,인터시티빌라(56-705),화곡동,56-705,60.12,,19000,15,3,18,2008,신규,26.08~28.08,,,,,
등촌동,202606,연립다세대_전월세,레오하우스,등촌동,662-2,20.116,,500,47,3,10,2012,신규,26.06~27.06,,,,,
화곡동,202606,연립다세대_전월세,벨라하우스(807-15),화곡동,807-15,26.29,,14400,0,5,18,2015,신규,26.08~28.08,,,,,
화곡동,202606,연립다세대_전월세,다대빌리지,화곡동,467-8,42.69,,3000,80,2,13,2002,신규,26.07~28.07,,,,,
공항동,202606,연립다세대_전월세,아이디주택,공항동,53-108,47.74,,2000,155,7,21,2023,신규,26.07~27.07,,,,,
등촌동,202606,연립다세대_전월세,우성그린빌라(2차),등촌동,365-151,47.88,,13000,5,1,9,1996,신규,26.07~28.07,,,,,
화곡동,202606,연립다세대_전월세,더숨153,화곡동,1169,14.94,,16600,10,6,19,2021,신규,26.07~28.07,,,,,
등촌동,202606,연립다세대_전월세,서인뷰그라스,등촌동,366-119,29.43,,20900,20,3,19,2016,신규,26.08~28.08,,,,,
화곡동,202606,연립다세대_전월세,엠펠리체,화곡동,424-80,29.33,,19000,0,4,19,2017,신규,26.07~28.07,,,,,
화곡동,202606,연립다세대_전월세,한아름주택,화곡동,1015-18,39.29,,8500,0,-1,19,1993,갱신,26.07~28.06,8300.0,,사용,,
화곡동,202606,연립다세대_전월세,성우하이츠빌라,화곡동,455-1,36.5,,2000,80,4,18,2001,신규,26.06~27.06,,,,,
화곡동,202606,연립다세대_전월세,Y&B,화곡동,464-12,29.82,,15120,0,2,19,2020,신규,26.08~28.08,,,,,
염창동,202606,연립다세대_전월세,한강브루클린하이츠,염창동,260,30.27,,5000,250,14,19,2023,신규,26.06~28.06,,,,,
등촌동,202606,연립다세대_전월세,라테라스(643-16),등촌동,643-16,22.47,,24600,10,5,19,2020,신규,26.08~28.08,,,,,
화곡동,202606,연립다세대_전월세,예가채l,화곡동,1105-9,45.17,,19100,0,7,13,2013,갱신,26.07~28.07,19100.0,,,,
화곡동,202606,연립다세대_전월세,쌍용빌라트,화곡동,909-3,41.63,,15600,0,4,16,2002,갱신,26.09~28.09,15800.0,,,,
등촌동,202606,연립다세대_전월세,등촌그린파크,등촌동,521-8,16.71,,15700,10,3,19,2019,신규,26.07~28.07,,,,,
화곡동,202606,연립다세대_전월세,미소빌라,화곡동,55-3,48.18,,15900,0,3,19,2002,갱신,26.07~28.08,15750.0,,사용,,
화곡동,202606,연립다세대_전월세,미래하이츠A동(352-7),화곡동,352-7,63.63,,19650,0,1,19,2001,갱신,26.08~28.08,19800.0,,,,
화곡동,202606,연립다세대_전월세,삼익빌라,화곡동,881-16,51.48,,15000,0,1,17,1994,갱신,26.09~28.09,15000.0,,,,
화곡동,202606,연립다세대_전월세,대성아트빌,화곡동,392-17,29.78,,18900,0,3,18,2019,갱신,26.07~28.07,18900.0,,,,
화곡동,202606,연립다세대_전월세,한경렉스플레이스,화곡동,888-9,26.18,,23600,10,3,19,2023,신규,26.10~28.10,,,,,
화곡동,202606,연립다세대_전월세,은하프리메라,화곡동,892-22,41.67,,3000,100,6,17,2013,신규,26.07~28.07,,,,,
가양동,202606,연립다세대_전월세,(146-48),가양동,146-48,57.78,,5000,90,2,18,2002,갱신,26.06~28.06,5000.0,74.0,,,
화곡동,202606,연립다세대_전월세,흥성파크빌라,화곡동,105-35,52.68,,2000,80,1,5,2000,신규,26.08~28.08,,,,,
화곡동,202606,연립다세대_전월세,화곡하이츠빌라,화곡동,1046,40.8,,11500,15,3,17,1991,신규,26.07~28.07,,,,,
화곡동,202606,연립다세대_전월세,올림푸스(788-18),화곡동,788-18,38.86,,19000,0,4,18,2014,신규,26.09~28.09,,,,,
화곡동,202606,연립다세대_전월세,양림아트빌,화곡동,158-16,59.4,,20000,10,3,19,2008,신규,26.08~28.08,,,,,
화곡동,202606,연립다세대_전월세,주얼리맨션,화곡동,476-43,33.77,,3000,75,3,19,2002,신규,26.07~28.07,,,,,
염창동,202606,연립다세대_전월세,어반카운티,염창동,184-8,24.36,,28100,0,8,18,2022,신규,26.07~28.07,,,,,
화곡동,202606,연립다세대_전월세,성우하이츠빌,화곡동,774-10,48.82,,20000,0,3,19,2002,신규,26.07~28.11,,,,,
화곡동,202606,연립다세대_전월세,풍성애뜰안(346-49),화곡동,346-49,42.69,,21600,20,5,18,2014,신규,26.08~28.08,,,,,
방화동,202606,연립다세대_전월세,동화맨션,방화동,249-205,57.3,,27000,0,2,10,2002,갱신,26.09~28.09,26000.0,,사용,,
화곡동,202606,연립다세대_전월세,은가람팰리스,화곡동,24-200,37.345,,1000,135,3,17,2022,신규,26.06~27.06,,,,,
가양동,202606,연립다세대_전월세,와이에스타운,가양동,146-40,12.1,,10700,0,3,17,2015,갱신,26.07~28.07,10290.0,,사용,,
방화동,202606,연립다세대_전월세,서진리치빌,방화동,337-3,26.98,,1000,70,2,13,2017,신규,26.06~28.06,,,,,
방화동,202606,연립다세대_전월세,진팰리스(612-171),방화동,612-171,12.96,,1000,48,6,10,2014,신규,26.06~28.06,,,,,
화곡동,202606,연립다세대_전월세,화인빌라(954-7),화곡동,954-7,70.11,,2000,100,5,4,2003,신규,26.09~28.09,,,,,
화곡동,202606,연립다세대_전월세,송현빌리지,화곡동,881-28,63.44,,21800,0,3,11,2002,신규,26.08~28.08,,,,,
화곡동,202606,연립다세대_전월세,상윤그린빌라,화곡동,985-13,60.42,,16700,15,2,18,2000,갱신,26.08~28.08,16700.0,15.0,,,
등촌동,202606,연립다세대_전월세,미소빌,등촌동,573-1,39.43,,5000,100,5,18,2016,신규,26.07~28.07,,,,,
방화동,202606,연립다세대_전월세,정진(583-24),방화동,583-24,36.54,,10000,0,1,18,1990,신규,26.06~28.06,,,,,
등촌동,202606,연립다세대_전월세,뜨락채,등촌동,533-37,82.59,,22000,30,5,18,2010,갱신,26.07~28.07,22000.0,19.0,,,
화곡동,202606,연립다세대_전월세,웰빙라이프,화곡동,393-8,62.79,,23300,2,2,18,2010,신규,26.06~28.06,,,,,
화곡동,202606,연립다세대_전월세,샬롬빌라,화곡동,1067-5,63.5,,19500,20,2,13,2001,신규,26.08~28.08,,,,,
방화동,202606,연립다세대_전월세,골든팰리스(598-148),방화동,598-148,28.3,,2000,70,5,18,2018,신규,26.08~28.08,,,,,
방화동,202606,연립다세대_전월세,TheHome,방화동,534-6,12.46,,3000,21,3,18,2013,갱신,26.07~28.07,7300.0,3.0,사용,,
마곡동,202606,연립다세대_전월세,세종보타닉1차,마곡동,12-2,23.69,,19900,23,12,18,2020,신규,26.07~28.07,,,,,
등촌동,202606,연립다세대_전월세,거산파크빌,등촌동,506-25,27.91,,21000,18,4,17,2016,신규,26.07~28.07,,,,,
화곡동,202606,연립다세대_전월세,국도드림빌,화곡동,98-146,28.81,,17800,24,3,15,2018,갱신,26.06~28.06,17800.0,20.0,사용,,
화곡동,202606,연립다세대_전월세,연우넥스트뷰,화곡동,1107-3,13.16,,12700,15,13,17,2018,신규,26.07~28.07,,,,,
방화동,202606,연립다세대_전월세,센터하임,방화동,249-254,28.47,,22000,0,5,17,2023,갱신,26.07~28.07,21000.0,,,,
화곡동,202606,연립다세대_전월세,태영아트빌(371-2),화곡동,371-2,62.56,,21700,0,5,13,2010,신규,26.08~28.08,,,,,
화곡동,202606,연립다세대_전월세,삼경그린빌라(159-6),화곡동,159-6,56.03,,17000,0,4,4,2002,갱신,26.08~28.08,16600.0,,사용,,
내발산동,202606,연립다세대_전월세,아이디움,내발산동,718,56.75,,30000,50,6,17,2013,신규,26.08~28.08,,,,,
화곡동,202606,연립다세대_전월세,더제이캐슬,화곡동,24-19,20.235,,4000,80,6,17,2020,신규,26.07~28.07,,,,,
화곡동,202606,연립다세대_전월세,나애뜰(B동),화곡동,409-260,39.33,,11000,35,4,9,2010,신규,26.07~28.07,,,,,
화곡동,202606,연립다세대_전월세,(379-63),화곡동,379-63,47,,15100,10,2,10,2006,신규,26.08~28.08,,,,,
화곡동,202606,연립다세대_전월세,우성빌라,화곡동,369-17,73.98,,20800,0,4,17,2000,신규,26.08~28.08,,,,,
등촌동,202606,연립다세대_전월세,진주빌라(가),등촌동,365-172,39.12,,13000,0,2,9,1992,신규,26.07~28.07,,,,,
내발산동,202606,연립다세대_전월세,Lee'sVill원룸1차,내발산동,675-26,19.35,,2000,37,3,9,2009,갱신,26.06~28.06,2000.0,35.0,,,
화곡동,202606,연립다세대_전월세,대동빌,화곡동,424-18,26.18,,19600,0,5,11,2020,신규,26.07~28.07,,,,,
마곡동,202606,연립다세대_전월세,마곡서림빌,마곡동,1335,29.79,,24500,0,2,17,2022,신규,26.07~28.07,,,,,
화곡동,202606,연립다세대_전월세,경인빌라(56-356),화곡동,56-356,49.92,,12000,15,2,12,1990,신규,26.07~28.07,,,,,
화곡동,202606,연립다세대_전월세,트리빌리지,화곡동,1037-10,25.24,,22300,0,5,17,2021,신규,26.07~28.07,,,,,
화곡동,202606,연립다세대_전월세,M펠리체,화곡동,830-2,36.49,,25578,0,4,13,2018,갱신,26.07~28.07,25300.0,,사용,,
등촌동,202606,연립다세대_전월세,태영팰리스,등촌동,654-8,34,,28980,0,6,17,2020,신규,26.08~28.08,,,,,
공항동,202606,연립다세대_전월세,LK드림빌,공항동,66-28,29.81,,21000,0,4,17,2018,갱신,26.06~28.06,21000.0,,사용,,
등촌동,202606,연립다세대_전월세,동양하우징,등촌동,721,22.85,,26000,0,8,17,2019,신규,26.07~28.07,,,,,
화곡동,202606,연립다세대_전월세,프리즘빌라,화곡동,98-19,32.13,,10820,16,2,13,2001,신규,26.07~28.07,,,,,
화곡동,202606,연립다세대_전월세,청송평화헬스하우스,화곡동,1030-27,29.97,,3000,106,2,17,2022,갱신,26.06~28.06,3000.0,100.0,,,
화곡동,202606,연립다세대_전월세,한울자이빌(46-71),화곡동,46-71,55.17,,2000,90,3,17,2008,신규,26.07~28.07,,,,,
화곡동,202606,연립다세대_전월세,중앙주택,화곡동,874-7,46.3,,14800,0,2,16,2002,신규,26.07~28.07,,,,,
등촌동,202606,연립다세대_전월세,아트빌라7동,등촌동,515-51,36.48,,10000,20,2,16,1989,갱신,26.06~28.06,10000.0,20.0,사용,,
화곡동,202606,연립다세대_전월세,글로리아하우스,화곡동,774-16,26.79,,23000,10,4,16,2021,갱신,26.06~28.06,24800.0,,,,
화곡동,202606,연립다세대_전월세,해풍빌라,화곡동,966-2,46.56,,13000,0,2,10,1994,갱신,26.08~28.08,9450.0,,,,
화곡동,202606,연립다세대_전월세,창대빌라,화곡동,340-14,43.44,,1000,35,5,15,2008,신규,26.06~28.06,,,,,
화곡동,202606,연립다세대_전월세,우현탑스빌,화곡동,159-25,46.55,,1000,105,3,13,2012,신규,26.06~28.06,,,,,
화곡동,202606,연립다세대_전월세,중앙주택,화곡동,874-7,43.44,,14000,0,1,15,2002,갱신,26.07~28.06,14000.0,,,,
가양동,202606,연립다세대_전월세,흥림아트빌,가양동,239-2,72.54,,30000,0,4,17,2003,갱신,26.07~28.07,28000.0,,,,
화곡동,202606,연립다세대_전월세,동성베스트빌,화곡동,1045-38,43.24,,2000,70,4,7,2002,갱신,26.06~28.06,2000.0,70.0,사용,,
화곡동,202606,연립다세대_전월세,에덴빌라,화곡동,430-22,67.81,,19000,5,2,16,1998,신규,26.08~28.08,,,,,
등촌동,202606,연립다세대_전월세,(365-72),등촌동,365-72,66.11,,26500,0,4,8,2011,신규,26.08~28.08,,,,,
내발산동,202606,연립다세대_전월세,세명더클래스,내발산동,650-7,27.59,,20790,19,3,13,2018,갱신,26.06~28.06,20790.0,15.0,,,
공항동,202606,연립다세대_전월세,위하우스(651-4),공항동,651-4,32.41,,23500,0,7,16,2019,신규,26.07~28.07,,,,,
화곡동,202606,연립다세대_전월세,명진화이트빌,화곡동,152-17,42.87,,15750,2,2,13,2008,갱신,26.07~28.07,15750.0,,,,
화곡동,202606,연립다세대_전월세,승현스위트빌,화곡동,346-34,65.08,,12000,60,3,9,2002,신규,26.07~28.07,,,,,
화곡동,202606,연립다세대_전월세,DH팰리스101동,화곡동,1067-16,29.84,,3000,100,2,11,2018,신규,26.06~28.06,,,,,
화곡동,202606,연립다세대_전월세,부곡하이츠빌라,화곡동,349-11,20.16,,6100,24,5,2,2001,신규,26.07~28.07,,,,,
화곡동,202606,연립다세대_전월세,서경팰리스,화곡동,24-345,28.4,,18900,24,6,16,2019,갱신,26.09~28.09,18900.0,20.0,사용,,
화곡동,202606,연립다세대_전월세,HIGH-END480,화곡동,480-14,29.95,,21100,0,2,16,2023,갱신,26.06~27.06,21200.0,,사용,,
화곡동,202606,연립다세대_전월세,삼성쉐르빌(351-17번지),화곡동,351-17,40.06,,18700,0,3,12,2016,갱신,26.06~28.06,19000.0,,사용,,
등촌동,202606,연립다세대_전월세,두보하이츠빌라,등촌동,515-44,46.74,,20000,0,1,11,1988,신규,26.07~28.07,,,,,
등촌동,202606,연립다세대_전월세,서우하이빌,등촌동,365-175,22.74,,2500,76,6,16,2018,갱신,26.07~28.07,5000.0,66.0,사용,,
화곡동,202606,연립다세대_전월세,풍성애뜰안(346-49),화곡동,346-49,29.84,,12000,18,3,9,2014,신규,26.07~28.07,,,,,
방화동,202606,연립다세대_전월세,센터하임,방화동,249-254,44.04,,28350,0,2,16,2023,갱신,26.07~28.06,27000.0,,사용,,
화곡동,202606,연립다세대_전월세,스프링빌,화곡동,822-1,68.52,,17800,0,5,9,2003,신규,26.08~28.08,,,,,
화곡동,202606,연립다세대_전월세,프라임하우스(393-23),화곡동,393-23,56.85,,4000,42,3,16,2016,갱신,26.06~28.06,8000.0,25.0,사용,,
화곡동,202606,연립다세대_전월세,서경팰리스,화곡동,24-345,28.4,,18900,22,5,16,2019,갱신,26.09~28.09,18900.0,20.0,사용,,
내발산동,202606,연립다세대_전월세,아데나캐슬101동,내발산동,651-6,37.59,,26200,0,3,16,2015,신규,26.09~28.09,,,,,
화곡동,202606,연립다세대_전월세,경남빌라나동,화곡동,409-207,40.86,,500,55,1,12,1986,신규,26.07~28.07,,,,,
화곡동,202606,연립다세대_전월세,다온빌,화곡동,362-76,27.81,,16200,17,3,13,2018,갱신,26.07~28.07,16200.0,15.0,,,
화곡동,202606,연립다세대_전월세,벧엘빌라(80-39),화곡동,80-39,53.885,,13500,65,3,16,2002,갱신,26.07~28.07,13500.0,55.0,,,
화곡동,202606,연립다세대_전월세,케이엠아트빌(370-31),화곡동,370-31,27.81,,17000,0,5,16,2021,신규,26.07~28.07,,,,,
화곡동,202606,연립다세대_전월세,황금빌라(61-104),화곡동,61-104,31.32,,9000,20,1,10,1993,신규,26.08~28.08,,,,,
화곡동,202606,연립다세대_전월세,경원주택다동,화곡동,410-89,39.72,,5000,30,4,15,2001,신규,26.07~28.07,,,,,
화곡동,202606,연립다세대_전월세,동양주택,화곡동,157-19,49.17,,11000,0,1,9,1995,신규,26.07~28.07,,,,,
화곡동,202606,연립다세대_전월세,어반하우스,화곡동,1035-4,20.07,,1000,68,2,15,2018,신규,26.06~27.06,,,,,
화곡동,202606,연립다세대_전월세,애플하우스,화곡동,881-1,28.91,,5000,70,4,16,2014,신규,26.08~28.08,,,,,
화곡동,202606,연립다세대_전월세,이수빌라,화곡동,475-10,52.61,,8000,0,3,4,1992,신규,26.07~28.07,,,,,
방화동,202606,연립다세대_전월세,메종드아이디,방화동,612-147,28.34,,20800,0,9,4,2021,신규,26.07~28.07,,,,,
등촌동,202606,연립다세대_전월세,세븐빌,등촌동,653,29.94,,18500,0,6,15,2017,신규,26.07~28.07,,,,,
화곡동,202606,연립다세대_전월세,청산빌라(347-9),화곡동,347-9,49.85,,18900,0,3,13,1995,갱신,26.06~28.06,18900.0,,,,
등촌동,202606,연립다세대_전월세,(365-268),등촌동,365-268,57.06,,16000,0,1,16,1991,갱신,26.07~28.07,16000.0,,사용,,
화곡동,202606,연립다세대_전월세,제일맨션,화곡동,152-10,46.2,,8000,20,-1,9,1996,신규,26.07~28.07,,,,,
가양동,202606,연립다세대_전월세,와이에스타운,가양동,146-40,12.33,,10800,0,5,13,2015,갱신,26.06~28.06,10350.0,,,,
화곡동,202606,연립다세대_전월세,더존퍼스트,화곡동,354-18,25.3,,22100,0,5,15,2022,신규,26.08~28.08,,,,,
방화동,202606,연립다세대_전월세,마곡팰리스,방화동,247-90,28.71,,1000,75,5,2,2017,신규,26.07~28.07,,,,,
화곡동,202606,연립다세대_전월세,루미힐스,화곡동,153-4,29,,21000,0,2,5,2021,갱신,26.07~28.07,20000.0,,사용,,
화곡동,202606,연립다세대_전월세,명진빌라(971-7),화곡동,971-7,59.55,,7000,50,2,11,2008,갱신,26.06~28.06,7000.0,50.0,,,
화곡동,202606,연립다세대_전월세,리젠트라움,화곡동,98-76,27.52,,2000,85,4,6,2014,신규,26.06~28.06,,,,,
화곡동,202606,연립다세대_전월세,크라운팰리스,화곡동,1070-11,29.94,,22300,0,14,14,2020,신규,26.07~28.07,,,,,
화곡동,202606,연립다세대_전월세,우정빌라A,화곡동,354-16,60,,13480,0,1,13,1991,갱신,26.06~28.06,13980.0,,,,
화곡동,202606,연립다세대_전월세,월드아트빌,화곡동,345-9,79.22,,22600,0,4,13,2004,갱신,26.06~28.06,22000.0,,사용,,
방화동,202606,연립다세대_전월세,미래팰리스,방화동,249-39,55.37,,23000,0,5,13,2018,신규,26.06~28.06,,,,,
화곡동,202606,연립다세대_전월세,태성팰리스,화곡동,915-5,18.9,,5000,27,10,4,2010,신규,26.06~28.06,,,,,
등촌동,202606,연립다세대_전월세,현대하이츠,등촌동,365-19,28.16,,9000,41,2,6,2015,갱신,26.07~28.07,9000.0,31.0,사용,,
화곡동,202606,연립다세대_전월세,삼익헤스티아(1130-15),화곡동,1130-15,25.94,,13200,30,2,12,2015,신규,26.08~28.08,,,,,
화곡동,202606,연립다세대_전월세,웰하우스,화곡동,459-6,80.9,,20500,0,3,10,2008,신규,26.07~28.07,,,,,
화곡동,202606,연립다세대_전월세,미림홈타운,화곡동,979-20,44.44,,12000,40,3,15,2002,신규,26.09~28.09,,,,,
화곡동,202606,연립다세대_전월세,다온하우스,화곡동,400-88,25.78,,3000,75,4,11,2016,갱신,26.07~28.07,3000.0,60.0,,,
공항동,202606,연립다세대_전월세,보금빌라,공항동,34-71,65.44,,15000,3,1,15,2002,신규,26.07~28.07,,,,,
화곡동,202606,연립다세대_전월세,정가울빌,화곡동,376-29,40.78,,14600,0,4,2,2008,갱신,26.06~28.06,15200.0,,,,
등촌동,202606,연립다세대_전월세,거산파크빌,등촌동,506-25,29.83,,25200,0,6,14,2016,갱신,26.06~28.06,24200.0,5.0,,,
화곡동,202606,연립다세대_전월세,(839-5),화곡동,839-5,73.89,,14500,0,2,12,1986,신규,26.06~27.06,,,,,
화곡동,202606,연립다세대_전월세,킹덤그레이스,화곡동,111-84,27.31,,17500,10,3,14,2018,신규,26.08~28.08,,,,,
화곡동,202606,연립다세대_전월세,밀레니엄타운(355-62),화곡동,355-62,52.05,,18200,15,2,11,2002,신규,26.08~28.08,,,,,
화곡동,202606,연립다세대_전월세,덕용맨션,화곡동,421-10,62.25,,18000,0,3,15,1997,신규,26.07~28.07,,,,,
화곡동,202606,연립다세대_전월세,상윤그린빌라,화곡동,985-13,60.42,,16700,15,2,13,2000,갱신,26.08~28.08,16700.0,15.0,,,
화곡동,202606,연립다세대_전월세,다온하우스,화곡동,400-88,17.34,,500,55,4,14,2016,갱신,26.06~28.06,500.0,50.0,,,
내발산동,202606,연립다세대_전월세,제이에스해슬리,내발산동,671-22,25.9,,24300,30,4,12,2024,갱신,26.08~28.08,24300.0,30.0,사용,,
화곡동,202606,연립다세대_전월세,다온빌,화곡동,362-76,28.03,,16500,17,3,13,2018,갱신,26.08~28.08,16500.0,14.0,,,
화곡동,202606,연립다세대_전월세,청실맨션,화곡동,112-3,72.8,,3000,116,1,15,1998,갱신,26.06~28.06,3000.0,110.0,사용,,
화곡동,202606,연립다세대_전월세,청송평화하이맨션(832-42),화곡동,832-42,45.02,,17500,0,3,13,2012,갱신,26.07~28.07,18000.0,,사용,,
화곡동,202606,연립다세대_전월세,우성,화곡동,80-47,46.63,,33600,0,5,7,2017,갱신,26.10~28.10,33700.0,,,,
내발산동,202606,연립다세대_전월세,송화월드빌A동,내발산동,695-25,42.07,,14000,19,4,12,2002,신규,26.07~28.07,,,,,
공항동,202606,연립다세대_전월세,삼익마곡스테이,공항동,657-4,29.32,,16800,0,4,12,2017,신규,26.08~28.08,,,,,
화곡동,202606,연립다세대_전월세,진영하이빌나동,화곡동,98-268,44.48,,5000,40,1,15,2001,갱신,26.06~28.06,5000.0,40.0,,,
화곡동,202606,연립다세대_전월세,서경팰리스(391-29),화곡동,391-29,60.63,,19100,0,4,15,2010,갱신,26.06~28.09,22500.0,,,,
화곡동,202606,연립다세대_전월세,인터시티빌라C동(457-8),화곡동,457-8,83.5,,23400,0,3,1,2008,신규,26.06~28.06,,,,,
화곡동,202606,연립다세대_전월세,ANA7,화곡동,102-240,26.7,,2000,80,3,4,2022,신규,26.08~28.08,,,,,
화곡동,202606,연립다세대_전월세,제이스빌,화곡동,29-25,18.38,,17388,0,5,12,2019,갱신,26.10~28.10,16700.0,,사용,,
등촌동,202606,연립다세대_전월세,GALLERIAH,등촌동,365-60,27,,1000,63,1,10,2021,신규,26.06~28.06,,,,,
화곡동,202606,연립다세대_전월세,신성리치빌Ⅲ,화곡동,357-14,24.53,,13300,18,4,10,2015,갱신,26.08~28.08,13300.0,15.0,사용,,
화곡동,202606,연립다세대_전월세,엔에스파크빌,화곡동,105-128,28.36,,17100,0,6,12,2019,신규,26.07~28.07,,,,,
화곡동,202606,연립다세대_전월세,우진프르미,화곡동,159-14,37.38,,1000,73,4,11,2011,갱신,26.07~28.07,1000.0,70.0,,,
화곡동,202606,연립다세대_전월세,다온파크빌,화곡동,850-19,24.34,,14000,0,3,12,2017,갱신,26.07~27.07,13335.0,,,,
화곡동,202606,연립다세대_전월세,라인파크,화곡동,98-126,28.86,,18500,15,3,12,2019,신규,26.07~28.07,,,,,
화곡동,202606,연립다세대_전월세,동양주택(409-74),화곡동,409-74,51.6,,3000,80,3,12,2002,신규,26.07~28.07,,,,,
화곡동,202606,연립다세대_전월세,DS에코타운,화곡동,471-20,40.45,,17910,0,5,12,2014,신규,26.09~28.09,,,,,
화곡동,202606,연립다세대_전월세,크리스탈빌(24-490),화곡동,24-490,28.39,,4600,35,2,2,2014,신규,26.06~28.06,,,,,
화곡동,202606,연립다세대_전월세,범우데시앙,화곡동,338-29,22.77,,2169,22,3,12,2025,신규,26.06~28.08,,,,,
화곡동,202606,연립다세대_전월세,이안하우스,화곡동,163-5,29.87,,23000,0,2,12,2022,신규,26.07~28.07,,,,,
화곡동,202606,연립다세대_전월세,하나캐슬,화곡동,936-13,31.44,,1500,80,8,3,2013,신규,26.07~28.07,,,,,
공항동,202606,연립다세대_전월세,(55-117),공항동,55-117,47.52,,16000,17,1,11,2008,신규,26.07~30.07,,,,,
화곡동,202606,연립다세대_전월세,호림리슈리안,화곡동,804-15,49.08,,26250,0,4,12,2016,갱신,26.08~28.08,25000.0,,사용,,
마곡동,202606,연립다세대_전월세,신안(327-53),마곡동,327-53,57.06,,20000,0,1,12,1984,신규,26.07~28.04,,,,,
등촌동,202606,연립다세대_전월세,서우하이빌,등촌동,365-175,27.03,,20200,23,2,12,2018,신규,26.07~28.07,,,,,
화곡동,202606,연립다세대_전월세,도티하우스,화곡동,869-7,29.62,,16110,0,4,12,2018,신규,26.07~28.07,,,,,
가양동,202606,연립다세대_전월세,THE이담,가양동,146-24,29.96,,29300,0,7,11,2023,신규,26.08~28.08,,,,,
화곡동,202606,연립다세대_전월세,다온하우스,화곡동,400-88,17.88,,1000,75,4,9,2016,갱신,26.06~28.06,1000.0,70.0,,,
염창동,202606,연립다세대_전월세,현대가우스빌,염창동,263-9,29.77,,24400,28,7,11,2015,신규,26.07~28.07,,,,,
화곡동,202606,연립다세대_전월세,StepOn화곡,화곡동,1083-14,39.48,,3294,34,4,11,2025,신규,26.06~28.08,,,,,
화곡동,202606,연립다세대_전월세,StepOn화곡,화곡동,1083-14,45.57,,3636,37,2,10,2025,신규,26.06~28.08,,,,,
화곡동,202606,연립다세대_전월세,StepOn화곡,화곡동,1083-14,29.94,,4305,44,5,10,2025,신규,26.06~28.08,,,,,
화곡동,202606,연립다세대_전월세,StepOn화곡,화곡동,1083-14,38.43,,100,39,3,9,2025,신규,26.06~28.08,,,,,
화곡동,202606,연립다세대_전월세,StepOn화곡,화곡동,1083-14,39.52,,3303,34,4,11,2025,신규,26.06~28.08,,,,,
화곡동,202606,연립다세대_전월세,StepOn화곡,화곡동,1083-14,39.33,,1314,38,5,9,2025,신규,26.06~28.08,,,,,
화곡동,202606,연립다세대_전월세,삼미주택,화곡동,978-22,61.95,,18500,0,2,11,2001,신규,26.07~28.07,,,,,
화곡동,202606,연립다세대_전월세,StepOn화곡,화곡동,1083-14,39.48,,3258,34,2,11,2025,신규,26.06~28.08,,,,,
화곡동,202606,연립다세대_전월세,StepOn화곡,화곡동,1083-14,38.43,,100,39,2,10,2025,신규,26.06~28.08,,,,,
화곡동,202606,연립다세대_전월세,대건주택,화곡동,972-7,51.52,,1000,70,-1,10,1993,신규,26.07~28.07,,,,,
화곡동,202606,연립다세대_전월세,명주빌하모니,화곡동,55-7,36.45,,11100,8,2,3,2002,신규,26.08~28.08,,,,,
공항동,202606,연립다세대_전월세,아이디주택,공항동,14-168,29.98,,20000,0,2,11,2018,갱신,26.06~28.06,18700.0,,,,
공항동,202606,연립다세대_전월세,미래스타빌,공항동,70-128,29.92,,22100,0,6,11,2019,신규,26.07~28.07,,,,,
화곡동,202606,연립다세대_전월세,한울타운(105-414),화곡동,105-414,55.17,,23500,0,2,2,2012,신규,26.08~28.08,,,,,
화곡동,202606,연립다세대_전월세,서광빌,화곡동,1039-32,39.45,,10990,27,5,5,2002,신규,26.07~28.07,,,,,
방화동,202606,연립다세대_전월세,마곡킹덤펜타리움,방화동,612,14.33,,18500,0,11,11,2021,신규,26.07~28.07,,,,,
화곡동,202606,연립다세대_전월세,신양그린빌(56-46),화곡동,56-46,53.97,,12000,30,3,5,2008,신규,26.07~28.07,,,,,
방화동,202606,연립다세대_전월세,(287-3),방화동,287-3,65.91,,25000,0,2,10,2010,신규,26.07~28.07,,,,,
화곡동,202606,연립다세대_전월세,혜성팰리스빌(392-56),화곡동,392-56,25.16,,13300,40,2,6,2014,신규,26.08~28.08,,,,,
화곡동,202606,연립다세대_전월세,삼원빌라,화곡동,158-15,65.73,,19400,10,2,11,2000,신규,26.07~28.07,,,,,
공항동,202606,연립다세대_전월세,마곡베스트빌,공항동,693,39.16,,13000,0,2,6,2007,갱신,26.07~28.07,11500.0,,,,
방화동,202606,연립다세대_전월세,493-2,방화동,493-2,17.5,,9500,0,4,11,2013,신규,26.07~28.07,,,,,
화곡동,202606,연립다세대_전월세,샤론빌리지,화곡동,393-14,22.94,,100,25,6,11,2025,신규,26.06~28.08,,,,,
화곡동,202606,연립다세대_전월세,범우데시앙,화곡동,338-29,23.16,,100,28,4,11,2025,신규,26.06~28.08,,,,,
화곡동,202606,연립다세대_전월세,호승타운,화곡동,1046-12,39.18,,12000,20,4,6,2002,신규,26.07~28.07,,,,,
화곡동,202606,연립다세대_전월세,우송프라임빌,화곡동,1044-23,59.57,,5000,100,2,11,2010,신규,26.08~28.08,,,,,
화곡동,202606,연립다세대_전월세,샤론빌리지,화곡동,393-14,22.94,,100,25,3,11,2025,신규,26.06~28.08,,,,,
공항동,202606,연립다세대_전월세,마곡더퍼스트,공항동,682-2,26.85,,20940,0,2,6,2023,신규,26.08~28.08,,,,,
화곡동,202606,연립다세대_전월세,더원(852-31),화곡동,852-31,29.47,,21600,0,6,10,2021,신규,26.07~28.07,,,,,
화곡동,202606,연립다세대_전월세,삼성빌라A동,화곡동,56-517,68.76,,18370,0,4,11,2006,갱신,26.06~28.06,17500.0,,사용,,
화곡동,202606,연립다세대_전월세,강서파크뷰투웨니퍼스트,화곡동,24-18,19.64,,18900,12,18,10,2020,신규,26.07~28.07,,,,,
화곡동,202606,연립다세대_전월세,후암하이츠빌라,화곡동,458-11,28.49,,200,30,-1,2,2002,신규,26.06~27.06,,,,,
화곡동,202606,연립다세대_전월세,범우데시앙,화곡동,338-29,23.04,,100,28,5,11,2025,신규,26.06~28.08,,,,,
공항동,202606,연립다세대_전월세,공항빌리지(66-34),공항동,66-34,33.14,,12600,0,4,9,2015,신규,26.07~28.07,,,,,
화곡동,202606,연립다세대_전월세,바로크빌,화곡동,105-207,29.9,,12700,18,4,3,2014,신규,26.07~28.07,,,,,
화곡동,202606,연립다세대_전월세,삼익헤스티아,화곡동,1046-26,36.48,,13400,20,4,11,2010,갱신,26.06~26.07,13400.0,20.0,,,
화곡동,202606,연립다세대_전월세,1동2동,화곡동,476-40,51.12,,13000,25,1,2,1985,신규,26.07~28.07,,,,,
등촌동,202606,연립다세대_전월세,가나아델리움(517-6),등촌동,517-6,35.77,,23900,15,2,9,2014,신규,26.07~28.07,,,,,
화곡동,202606,연립다세대_전월세,미성주택,화곡동,407-6,42.15,,10600,0,1,2,1991,신규,26.07~28.07,,,,,
화곡동,202606,연립다세대_전월세,샤론빌리지,화곡동,393-14,27.32,,2286,24,2,10,2025,신규,26.06~28.08,,,,,
공항동,202606,연립다세대_전월세,웰스파크빌,공항동,663-6,38.81,,21400,0,4,10,2016,신규,26.07~28.07,,,,,
등촌동,202606,연립다세대_전월세,유원더블레스,등촌동,637-27,15.79,,21900,10,12,9,2020,갱신,26.08~28.08,21900.0,7.0,,,
화곡동,202606,연립다세대_전월세,삼미주택,화곡동,978-22,61.95,,17000,0,1,10,2001,신규,26.06~28.06,,,,,
화곡동,202606,연립다세대_전월세,시그니처6,화곡동,359-11,28.48,,23800,0,2,10,2022,신규,26.07~28.07,,,,,
화곡동,202606,연립다세대_전월세,청송평화헬스하우스,화곡동,157-6,28.85,,15750,0,2,10,2018,신규,26.08~28.08,,,,,
화곡동,202606,연립다세대_전월세,동우맨션다동,화곡동,408-80,50.4,,13000,20,4,2,2001,신규,26.07~28.07,,,,,
화곡동,202606,연립다세대_전월세,샤론빌리지,화곡동,393-14,27.61,,2205,23,4,10,2025,신규,26.06~28.08,,,,,
화곡동,202606,연립다세대_전월세,성은빌라(871-27),화곡동,871-27,59.98,,18140,0,3,10,2001,갱신,26.06~28.06,17700.0,,사용,,
화곡동,202606,연립다세대_전월세,모아빌1,화곡동,870-25,52.17,,13125,6,2,9,2007,갱신,26.06~28.06,13125.0,3.0,사용,,
등촌동,202606,연립다세대_전월세,더원2-1th,등촌동,569-21,29.4,,22600,5,2,10,2023,신규,26.07~28.07,,,,,
화곡동,202606,연립다세대_전월세,StepOn화곡,화곡동,1083-14,29.89,,2556,26,3,10,2025,신규,26.06~28.08,,,,,
화곡동,202606,연립다세대_전월세,크리스탈빌,화곡동,878-5,41.97,,2000,100,3,10,2014,신규,26.07~28.07,,,,,
화곡동,202606,연립다세대_전월세,대산그린빌,화곡동,1017-9,63.68,,3000,120,2,8,2002,신규,26.06~28.06,,,,,
등촌동,202606,연립다세대_전월세,SK파크리움(530-24),등촌동,530-24,28.04,,23500,0,3,9,2020,신규,26.08~28.08,,,,,
등촌동,202606,연립다세대_전월세,대아파크빌,등촌동,533-9,29.67,,20000,30,5,8,2016,신규,26.07~28.07,,,,,
화곡동,202606,연립다세대_전월세,제이스빌,화곡동,379-60,29.96,,15570,0,3,10,2020,신규,26.08~28.08,,,,,
화곡동,202606,연립다세대_전월세,범우데시앙,화곡동,338-29,23.04,,2178,22,2,9,2025,신규,26.06~28.08,,,,,
화곡동,202606,연립다세대_전월세,샤론빌리지,화곡동,393-14,22.94,,2016,21,2,9,2025,신규,26.06~28.08,,,,,
화곡동,202606,연립다세대_전월세,케이씨하우징,화곡동,370-30,28.82,,21000,20,6,2,2021,신규,26.07~28.06,,,,,
화곡동,202606,연립다세대_전월세,엠펠리체(346-82),화곡동,346-82,37.12,,12000,50,6,3,2015,신규,26.07~28.07,,,,,
화곡동,202606,연립다세대_전월세,(839-5),화곡동,839-5,36.72,,1000,48,1,5,1986,신규,26.06~27.06,,,,,
화곡동,202606,연립다세대_전월세,우장화인빌(995-27),화곡동,995-27,48.99,,19500,15,4,9,2011,신규,26.07~28.07,,,,,
화곡동,202606,연립다세대_전월세,샤론빌리지,화곡동,393-14,27.32,,2259,23,6,9,2025,신규,26.06~28.08,,,,,
화곡동,202606,연립다세대_전월세,범우데시앙,화곡동,338-29,22.94,,2268,23,6,9,2025,신규,26.06~28.08,,,,,
공항동,202606,연립다세대_전월세,후암타운102동,공항동,680-1,39.63,,23850,0,2,9,2018,신규,26.07~28.07,,,,,
내발산동,202606,연립다세대_전월세,로뎀그린빌,내발산동,674-19,51.14,,15800,45,3,9,2003,갱신,26.07~28.07,15800.0,40.0,,,
화곡동,202606,연립다세대_전월세,범우데시앙,화곡동,338-29,23.16,,100,28,3,9,2025,신규,26.06~28.08,,,,,
화곡동,202606,연립다세대_전월세,밀레니엄,화곡동,24-481,22.68,,8130,40,5,3,2010,신규,26.07~28.07,,,,,
방화동,202606,연립다세대_전월세,홈타운빌,방화동,583-21,42.77,,15000,0,3,6,2002,신규,26.07~28.07,,,,,
화곡동,202606,연립다세대_전월세,동양주택,화곡동,157-19,51.87,,14400,12,1,9,1995,갱신,26.06~28.06,14400.0,9.0,사용,,
화곡동,202606,연립다세대_전월세,장미맨션7차,화곡동,73-7,59.72,,15000,0,2,9,1990,신규,26.08~28.08,,,,,
화곡동,202606,연립다세대_전월세,샤론빌리지,화곡동,393-14,22.94,,2052,21,5,9,2025,신규,26.06~28.08,,,,,
화곡동,202606,연립다세대_전월세,범우데시앙,화곡동,338-29,23.04,,2241,23,6,9,2025,신규,26.06~28.08,,,,,
화곡동,202606,연립다세대_전월세,샤론빌리지,화곡동,393-14,27.61,,2160,22,2,9,2025,신규,26.06~28.08,,,,,
화곡동,202606,연립다세대_전월세,베아트리스(341-3),화곡동,341-3,28.94,,3000,95,4,9,2017,신규,26.08~28.08,,,,,
화곡동,202606,연립다세대_전월세,샤론빌리지,화곡동,393-14,27.61,,2187,23,6,9,2025,신규,26.06~28.08,,,,,
화곡동,202606,연립다세대_전월세,범우데시앙,화곡동,338-29,22.57,,100,26,2,9,2025,신규,26.06~28.08,,,,,
화곡동,202606,연립다세대_전월세,범우데시앙,화곡동,338-29,22.77,,2214,23,6,9,2025,신규,26.06~28.08,,,,,
화곡동,202606,연립다세대_전월세,범우데시앙,화곡동,338-29,22.94,,2196,23,2,9,2025,신규,26.06~28.08,,,,,
공항동,202606,연립다세대_전월세,아이디주택,공항동,14-168,52.98,,28870,25,2,9,2018,갱신,26.07~27.07,28870.0,,,,
화곡동,202606,연립다세대_전월세,범우데시앙,화곡동,338-29,23.16,,2295,24,5,9,2025,신규,26.06~28.08,,,,,
화곡동,202606,연립다세대_전월세,범우데시앙,화곡동,338-29,22.77,,2151,22,2,9,2025,신규,26.06~28.08,,,,,
화곡동,202606,연립다세대_전월세,케이엠아트빌,화곡동,965-20,28.26,,20000,0,6,8,2020,갱신,26.07~28.07,22900.0,,,,
화곡동,202606,연립다세대_전월세,삼성펠리체(864-52),화곡동,864-52,31.91,,17600,0,5,6,2014,갱신,26.06~28.06,17600.0,,,,
화곡동,202606,연립다세대_전월세,보강하이센스맨션,화곡동,161-12,38.22,,1000,65,-1,6,1993,신규,26.08~28.08,,,,,
공항동,202606,연립다세대_전월세,에스엠파크빌,공항동,1377,35.75,,27000,0,8,6,2018,갱신,26.07~28.07,26000.0,,사용,,
화곡동,202606,연립다세대_전월세,제이스빌,화곡동,29-25,26.94,,19530,0,3,4,2019,신규,26.07~28.07,,,,,
내발산동,202606,연립다세대_전월세,유진소르베(670-61),내발산동,670-61,29.12,,14990,17,5,8,2012,갱신,26.07~28.05,14990.0,14.0,,,
화곡동,202606,연립다세대_전월세,평화빌라,화곡동,1047,53.08,,13000,30,1,5,1994,신규,26.07~28.07,,,,,
화곡동,202606,연립다세대_전월세,후암빌라트,화곡동,346-11,72.33,,18500,15,4,9,2007,신규,26.08~28.08,,,,,
염창동,202606,연립다세대_전월세,천우맨션,염창동,267-3,76.13,,10000,110,3,3,2002,신규,26.07~28.07,,,,,
화곡동,202606,연립다세대_전월세,백문하우스,화곡동,968-17,28.64,,100,70,3,5,2018,신규,26.06~26.12,,,,,
화곡동,202606,연립다세대_전월세,(56-463),화곡동,56-463,44.25,,11390,0,2,1,1990,신규,26.08~28.08,,,,,
화곡동,202606,연립다세대_전월세,쌍용프라임,화곡동,833-2,80.45,,3000,150,4,8,2011,신규,26.07~28.07,,,,,
방화동,202606,연립다세대_전월세,라테라스,방화동,498-4,29.99,,28000,0,10,6,2020,갱신,26.07~28.07,27000.0,,사용,,
화곡동,202606,연립다세대_전월세,두리빌라,화곡동,102-123,45.54,,11270,13,3,5,1991,신규,26.06~28.06,,,,,
화곡동,202606,연립다세대_전월세,현대하이츠빌라(456-20),화곡동,456-20,55.04,,9450,0,-1,5,1997,갱신,26.07~28.07,9000.0,,사용,,
화곡동,202606,연립다세대_전월세,대용화이트빌,화곡동,1012-18,33.65,,10500,20,3,8,2003,갱신,26.08~28.08,10000.0,20.0,사용,,
화곡동,202606,연립다세대_전월세,보람타운,화곡동,24-309,45.96,,14600,0,5,5,2003,신규,26.06~28.06,,,,,
화곡동,202606,연립다세대_전월세,복지홈타운1동,화곡동,102-5,48.33,,15500,25,5,6,2002,갱신,26.06~28.06,15500.0,20.0,,,
화곡동,202606,연립다세대_전월세,상아마이빌(1085-5),화곡동,1085-5,40.02,,13200,10,5,8,2007,갱신,26.06~28.06,13300.0,,,,
화곡동,202606,연립다세대_전월세,한울스카이빌-나동,화곡동,102-162,49.44,,1000,30,5,5,2002,신규,26.06~28.06,,,,,
화곡동,202606,연립다세대_전월세,화곡베스트빌,화곡동,46-86,42.03,,10960,0,5,5,2002,신규,26.07~28.07,,,,,
화곡동,202606,연립다세대_전월세,동진아트빌,화곡동,46-106,25.32,,16400,28,5,6,2018,갱신,26.07~28.07,16400.0,24.0,사용,,
화곡동,202606,연립다세대_전월세,황보아트빌,화곡동,350-18,37.739,,19278,0,2,8,2016,갱신,26.06~28.06,19278.0,,사용,,
방화동,202606,연립다세대_전월세,라테라스,방화동,498-4,28.09,,22300,20,13,6,2020,신규,26.08~28.08,,,,,
화곡동,202606,연립다세대_전월세,뉴욕레지던스Ⅱ(858-23),화곡동,858-23,12.3,,500,40,5,8,2012,신규,26.06~28.06,,,,,
화곡동,202606,연립다세대_전월세,더숨153,화곡동,1169,14.55,,16000,0,5,7,2021,신규,26.07~28.07,,,,,
방화동,202606,연립다세대_전월세,라테라스,방화동,498-4,28.82,,26000,20,12,5,2020,신규,26.08~28.08,,,,,
화곡동,202606,연립다세대_전월세,유림파크빌(372-60),화곡동,372-60,58.02,,17760,10,5,4,2010,신규,26.07~28.07,,,,,
화곡동,202606,연립다세대_전월세,이븐하우스,화곡동,371-23,29.89,,27000,10,6,5,2021,신규,26.07~28.07,,,,,
화곡동,202606,연립다세대_전월세,에코하우스,화곡동,369-19,25,,18000,0,5,6,2021,신규,26.08~28.08,,,,,
등촌동,202606,연립다세대_전월세,진영빌라,등촌동,523-16,55.53,,22600,0,2,7,2008,신규,26.06~27.08,,,,,
방화동,202606,연립다세대_전월세,동광,방화동,574-35,38.99,,15700,0,3,8,2012,갱신,26.07~28.07,16500.0,,,,
마곡동,202606,연립다세대_전월세,오펠리스,마곡동,330-4,29.89,,26000,0,3,2,2023,갱신,26.07~28.07,25000.0,,,,
등촌동,202606,연립다세대_전월세,다온하우스,등촌동,647-4,44.38,,24800,0,3,2,2017,갱신,26.07~28.07,25000.0,,사용,,
방화동,202606,연립다세대_전월세,n.s휴먼빌,방화동,247-252,31.98,,16800,3,5,5,2012,갱신,26.07~28.07,16800.0,,,,
마곡동,202606,연립다세대_전월세,마곡서림빌,마곡동,1335,40.74,,29000,0,5,6,2022,신규,26.07~28.07,,,,,
화곡동,202606,연립다세대_전월세,한성그린타운6동,화곡동,56-113,60.82,,16880,0,3,2,2003,갱신,26.06~28.06,17200.0,,,,
화곡동,202606,연립다세대_전월세,동선벨리체,화곡동,376-9,21.84,,16000,0,4,4,2020,신규,26.07~28.07,,,,,
등촌동,202606,연립다세대_전월세,에비앙하우스,등촌동,632-17,29.85,,19000,15,5,5,2014,신규,26.08~28.08,,,,,
화곡동,202606,연립다세대_전월세,건형타운가동,화곡동,98-142,40.5,,11000,40,3,2,2002,신규,26.06~28.06,,,,,
화곡동,202606,연립다세대_전월세,새한그린빌A동,화곡동,1083-20,51.01,,13650,20,5,1,2002,신규,26.06~28.06,,,,,
화곡동,202606,연립다세대_전월세,DNS화곡,화곡동,488-17,18.93,,10000,52,3,3,2021,신규,26.06~27.06,,,,,
화곡동,202606,연립다세대_전월세,웰스하이빌(362-66),화곡동,362-66,29.88,,15430,0,2,5,2013,갱신,26.08~28.08,14700.0,,사용,,
화곡동,202606,연립다세대_전월세,거목빌라,화곡동,100-45,29.7,,8700,5,1,2,1986,신규,26.06~28.06,,,,,
공항동,202606,연립다세대_전월세,마곡대림밸리,공항동,673-10,29.55,,20600,0,5,5,2019,신규,26.07~28.07,,,,,
화곡동,202606,연립다세대_전월세,뫼비우스,화곡동,350-12,29.73,,16000,0,5,5,2016,갱신,26.06~27.11,15800.0,,,,
화곡동,202606,연립다세대_전월세,영일아트빌(352-10),화곡동,352-10,61.64,,16000,30,1,5,2001,신규,26.08~28.08,,,,,
등촌동,202606,연립다세대_전월세,가나아델리움(517-26),등촌동,517-26,38.38,,15000,0,2,5,2015,신규,26.06~28.06,,,,,
화곡동,202606,연립다세대_전월세,포르테하임Ⅱ(FORTEHEIMⅡ),화곡동,421-21,29.79,,500,40,5,1,2022,신규,26.07~28.06,,,,,
공항동,202606,연립다세대_전월세,드리미타운,공항동,656-3,39,,18900,13,2,4,2016,갱신,26.06~27.06,18900.0,5.0,,,
공항동,202606,연립다세대_전월세,LK드림빌,공항동,66-28,27.66,,19600,0,4,5,2018,갱신,26.08~28.08,19600.0,,사용,,
화곡동,202606,연립다세대_전월세,케이엠아트빌,화곡동,801-5,16.19,,4500,50,3,2,2023,신규,26.06~27.06,,,,,
화곡동,202606,연립다세대_전월세,감성리즈빌,화곡동,377-20,23.54,,18900,10,7,1,2017,신규,26.07~28.07,,,,,
화곡동,202606,연립다세대_전월세,LK드림빌,화곡동,818-7,29.99,,50,80,3,2,2022,신규,26.06~26.12,,,,,
화곡동,202606,연립다세대_전월세,대성아트빌,화곡동,351-20,34.07,,3000,98,4,5,2018,갱신,26.07~28.07,3000.0,95.0,사용,,
화곡동,202606,연립다세대_전월세,파크그린빌라,화곡동,410-13,44.76,,12000,13,3,3,2001,신규,26.07~28.07,,,,,
화곡동,202606,연립다세대_전월세,스카이빌,화곡동,819-3,25.12,,13410,0,4,4,2017,신규,26.07~28.07,,,,,
화곡동,202606,연립다세대_전월세,대원주택,화곡동,332-5,63.05,,17800,10,2,2,2002,갱신,26.06~28.06,22800.0,,,,
화곡동,202606,연립다세대_전월세,씨티하우스A동,화곡동,351-42,36.27,,19900,0,5,3,2017,신규,26.08~28.08,,,,,
등촌동,202606,연립다세대_전월세,프리메라,등촌동,365-108,25.87,,17000,0,2,4,2016,신규,26.07~28.07,,,,,
화곡동,202606,연립다세대_전월세,제이제이캐슬,화곡동,1038-17,24.7,,16700,5,3,4,2016,갱신,26.06~27.06,16700.0,5.0,사용,,
화곡동,202606,연립다세대_전월세,뫼비우스,화곡동,350-12,29.77,,16000,10,2,4,2016,신규,26.07~28.07,,,,,
화곡동,202606,연립다세대_전월세,진파크빌,화곡동,55-94,84.51,,3000,135,5,1,2008,신규,26.06~28.06,,,,,
화곡동,202606,연립다세대_전월세,진주,화곡동,105-101,42.12,,13860,0,5,4,2010,신규,26.07~28.07,,,,,
화곡동,202606,연립다세대_전월세,트리빌리지,화곡동,1037-10,27.54,,22900,0,2,2,2021,신규,26.07~28.07,,,,,
방화동,202606,연립다세대_전월세,신방화아이디움,방화동,249-101,29.69,,17100,9,2,3,2016,갱신,26.07~28.07,16700.0,9.0,,,
화곡동,202606,연립다세대_전월세,아줄리움,화곡동,875-9,26.23,,17300,30,2,1,2017,신규,26.07~28.07,,,,,
화곡동,202606,연립다세대_전월세,화곡투웨니퍼스트,화곡동,105-378,24.45,,1000,105,13,1,2018,신규,26.07~28.07,,,,,
염창동,202606,연립다세대_전월세,제니스알앤씨,염창동,252-2,28.12,,25650,10,7,3,2017,신규,26.06~28.06,,,,,
등촌동,202606,연립다세대_전월세,제니스알앤시빌,등촌동,532-3,27.57,,23500,15,6,2,2016,갱신,26.06~28.06,22170.0,20.0,,,
화곡동,202606,연립다세대_전월세,화성빌라39차,화곡동,964-16,49.71,,8500,30,1,2,2001,갱신,26.06~28.06,8500.0,,,,
등촌동,202606,연립다세대_전월세,녹십초훼미리타운9동,등촌동,662-8,61.16,,27000,0,3,3,2003,갱신,26.06~28.06,28500.0,,,,
화곡동,202606,연립다세대_전월세,홍성주택A동,화곡동,167-37,49.21,,11800,20,4,2,2002,신규,26.07~28.07,,,,,
화곡동,202606,연립다세대_전월세,영산빌라,화곡동,56-96,29.96,,3000,55,4,3,2015,신규,26.06~28.06,,,,,
화곡동,202606,연립다세대_전월세,건일아트빌(가),화곡동,392-49,62.37,,12000,40,2,4,2002,갱신,26.06~28.06,17600.0,,,,
공항동,202606,연립다세대_전월세,스마트빌,공항동,662-6,29.4,,15800,0,5,3,2015,신규,26.07~28.07,,,,,
등촌동,202606,연립다세대_전월세,(516-1),등촌동,516-1,60.04,,24000,0,3,3,2009,신규,26.06~28.06,,,,,
염창동,202606,연립다세대_전월세,도화엘리시아,염창동,273-32,29.99,,20000,25,3,3,2015,신규,26.08~28.08,,,,,
화곡동,202606,연립다세대_전월세,우성빌라,화곡동,933-1,64.56,,18000,0,2,4,2002,신규,26.08~28.08,,,,,
화곡동,202606,연립다세대_전월세,대원힐탑,화곡동,970-7,56.85,,17000,0,2,1,2011,신규,26.06~28.06,,,,,
화곡동,202606,연립다세대_전월세,덕용맨션,화곡동,421-10,62.25,,18000,0,3,2,1997,신규,26.07~28.07,,,,,
화곡동,202606,연립다세대_전월세,비에스하우징2,화곡동,424-100,29.82,,21500,0,4,1,2018,갱신,26.07~28.07,21500.0,,,,
화곡동,202606,연립다세대_전월세,으뜸캐슬,화곡동,105-445,25.99,,18720,0,5,2,2020,신규,26.07~28.07,,,,,
화곡동,202606,연립다세대_전월세,더원,화곡동,359-5,19.4,,16380,10,2,2,2022,신규,26.07~28.07,,,,,
화곡동,202606,연립다세대_전월세,(964-1),화곡동,964-1,51.12,,16000,0,3,1,2007,신규,26.07~28.07,,,,,
공항동,202606,연립다세대_전월세,드리미타운(679-4),공항동,679-4,38.99,,24800,0,4,2,2018,갱신,26.07~28.07,24300.0,,,,
방화동,202606,연립다세대_전월세,레드빌,방화동,356,59.83,,21980,0,2,1,2011,갱신,26.06~28.06,20940.0,,,,
방화동,202606,연립다세대_전월세,마곡킹덤펜타리움,방화동,612,23.53,,23000,0,11,2,2021,신규,26.07~28.07,,,,,
화곡동,202606,연립다세대_전월세,드림파크빌,화곡동,1081-6,33.6,,12000,40,3,2,2011,신규,26.07~28.07,,,,,
방화동,202606,연립다세대_전월세,하이골드빌,방화동,612-202,19.84,,12000,10,7,2,2019,갱신,26.07~28.07,12000.0,7.0,,,
염창동,202606,연립다세대_전월세,대아파크빌,염창동,266-7,29.71,,23500,4,4,2,2016,갱신,26.07~28.06,23500.0,,,,
화곡동,202606,연립다세대_전월세,으뜸캐슬,화곡동,105-445,23.83,,17190,0,3,2,2020,신규,26.07~28.07,,,,,
화곡동,202606,연립다세대_전월세,창대(366-34),화곡동,366-34,35.7,,17514,22,4,1,2013,신규,26.08~28.08,,,,,
방화동,202606,연립다세대_전월세,예담리치빌,방화동,249-30,31.47,,15000,0,5,1,2016,신규,26.07~28.07,,,,,
화곡동,202606,연립다세대_전월세,THEJIA,화곡동,424-28,29.76,,24300,0,2,1,2022,갱신,26.06~26.12,25000.0,,,,
공항동,202606,연립다세대_전월세,리치펠리스,공항동,41-82,18.86,,11000,10,4,1,2012,갱신,26.06~28.06,11000.0,5.0,,,
등촌동,202606,연립다세대_전월세,다온하우스,등촌동,647-4,40.62,,1000,99,5,1,2017,갱신,26.08~27.08,1000.0,95.0,사용,,
화곡동,202606,연립다세대_전월세,NS타운,화곡동,878-16,22.99,,13000,15,5,1,2019,갱신,26.06~26.08,13000.0,15.0,,,
화곡동,202606,연립다세대_전월세,태성팰리스,화곡동,915-5,19.35,,6000,10,9,1,2010,갱신,26.06~28.06,6000.0,10.0,,,
화곡동,202606,연립다세대_전월세,이도팰리스,화곡동,354-59,25.13,,22400,0,4,1,2021,신규,26.08~28.08,,,,,
등촌동,202606,연립다세대_전월세,WealthVill,등촌동,646-46,46.95,,26500,0,4,1,2014,갱신,26.07~28.07,25500.0,,,,
화곡동,202606,연립다세대_전월세,M펠리체,화곡동,830-2,36.49,,25578,0,5,1,2018,신규,26.06~28.06,,,,,
등촌동,202606,아파트_전월세,"등촌1,2단지주공아파트",등촌동,687,41.85,,31000,0,1,26,1994,,,,,,,
마곡동,202606,아파트_전월세,마곡힐스테이트,마곡동,1589,84.92,,15000,245,15,9,2017,,,,,,,
마곡동,202606,아파트_전월세,마곡푸르지오,마곡동,1525,84.99,,65100,0,10,22,2008,,,,,,,
가양동,202606,아파트_전월세,가양6단지,가양동,1485,39.6,,21990,0,1,27,1992,,,,,,,
가양동,202606,아파트_전월세,강변,가양동,1475,39.6,,25200,0,5,13,1992,,,,,,,
등촌동,202606,아파트_전월세,주공3,등촌동,688,58.14,,31300,0,6,29,1995,,,,,,,
가양동,202606,아파트_전월세,가양2단지(성지),가양동,1461,39.6,,23000,0,3,25,1992,,,,,,,
마곡동,202606,아파트_전월세,한솔솔파크,마곡동,716,79.24,,20000,129,9,27,2005,,,,,,,
마곡동,202606,아파트_전월세,마곡13단지힐스테이트마스터,마곡동,748,59.9825,,10000,250,11,20,2017,,,,,,,
등촌동,202606,아파트_전월세,주공10,등촌동,702,37.67,,22000,0,6,20,1995,,,,,,,
내발산동,202606,아파트_전월세,마곡수명산파크2단지,내발산동,741,84.53,,65000,0,8,14,2007,,,,,,,
마곡동,202606,아파트_전월세,마곡청구아파트,마곡동,1181,59.91,,45000,0,12,13,1998,,,,,,,
화곡동,202606,아파트_전월세,"우장산아이파크,이편한세상",화곡동,1159,59.98,,67000,0,13,11,2008,,,,,,,
가양동,202606,아파트_전월세,가양2단지(성지),가양동,1461,34.69,,24000,0,4,13,1992,,,,,,,
화곡동,202606,아파트_전월세,중앙화곡하이츠,화곡동,351-89,56.88,,28300,0,10,6,1988,,,,,,,
마곡동,202606,아파트_전월세,마곡엠밸리4단지,마곡동,738,84.85,,59000,0,7,14,2014,,,,,,,
염창동,202606,아파트_전월세,동아3,염창동,258-1,59.7,,56000,0,17,3,1999,,,,,,,
염창동,202606,아파트_전월세,동아,염창동,292,59.97,,40000,70,11,3,1998,,,,,,,
등촌동,202606,아파트_전월세,주공10,등촌동,702,58.14,,39000,0,3,3,1995,,,,,,,
방화동,202606,아파트_전월세,청솔,방화동,832,59.04,,45000,0,13,1,1994,신규,26.08~28.08,,,,,
마곡동,202606,아파트_전월세,마곡우림필유아파트,마곡동,1467,84.528,,58000,0,12,27,2003,신규,26.09~28.09,,,,,
염창동,202606,아파트_전월세,무학,염창동,255,59.38,,5000,150,7,3,1999,신규,26.08~28.08,,,,,
방화동,202606,아파트_전월세,청솔,방화동,832,49.2,,20000,45,1,26,1994,신규,26.08~28.08,,,,,
화곡동,202606,아파트_전월세,"우장산아이파크,이편한세상",화곡동,1159,84.97,,81900,0,12,28,2008,갱신,26.09~28.09,78000.0,,사용,,
화곡동,202606,아파트_전월세,광산(1122-4),화곡동,1122-4,83.4,,35000,0,3,20,1993,갱신,26.07~27.07,33000.0,,,,
마곡동,202606,아파트_전월세,마곡엠밸리9단지,마곡동,744,84.91,,66000,95,5,11,2021,신규,26.08~28.08,,,,,
염창동,202606,아파트_전월세,성원,염창동,295,59.91,,47000,0,13,26,2001,갱신,26.08~28.08,45000.0,,사용,,
마곡동,202606,아파트_전월세,마곡13단지힐스테이트마스터,마곡동,748,59.9825,,71400,0,10,4,2017,갱신,26.07~28.07,68000.0,,사용,,
마곡동,202606,아파트_전월세,벽산,마곡동,429,59.98,,10000,140,13,20,1999,신규,26.08~28.08,,,,,
마곡동,202606,아파트_전월세,마곡청구아파트,마곡동,1181,59.91,,39000,0,14,24,1998,갱신,26.06~28.06,39000.0,,사용,,
가양동,202606,아파트_전월세,가양6단지,가양동,1485,58.65,,44000,0,10,26,1992,신규,26.09~28.09,,,,,
화곡동,202606,아파트_전월세,우장산롯데캐슬,화곡동,1145,85,,68000,10,4,28,2003,갱신,26.07~28.07,68000.0,,사용,,
등촌동,202606,아파트_전월세,서광등촌마을아파트,등촌동,638,84.87,,20000,86,3,14,1999,신규,26.08~28.03,,,,,
염창동,202606,아파트_전월세,센터스퀘어등촌,염창동,312,18.24,,1248,43,4,15,2020,신규,26.08~28.08,,,,,
화곡동,202606,아파트_전월세,리치아파트103동,화곡동,924-22,22.55,,20285,11,11,30,2020,신규,26.07~28.07,,,,,
가양동,202606,아파트_전월세,강변,가양동,1475,49.5,,5000,165,14,19,1992,신규,26.08~28.08,,,,,
마곡동,202606,아파트_전월세,마곡힐스테이트,마곡동,1589,84.92,,15000,245,15,3,2017,신규,26.07~28.07,,,,,
등촌동,202606,아파트_전월세,아임2030등촌역,등촌동,648-5,15.17,,7500,37,12,23,2020,갱신,26.08~28.08,7500.0,35.0,,,
마곡동,202606,아파트_전월세,마곡힐스테이트,마곡동,1589,84.98,,85000,0,8,30,2017,신규,26.11~28.11,,,,,
등촌동,202606,아파트_전월세,아임2030등촌역,등촌동,648-5,15.17,,6200,40,11,15,2020,갱신,26.08~28.08,6200.0,38.0,,,
마곡동,202606,아파트_전월세,마곡엠벨리(14단지),마곡동,750,84.5,,78750,0,9,3,2014,갱신,26.07~28.07,75000.0,,사용,,
가양동,202606,아파트_전월세,가양도시개발9-2단지,가양동,1490,39.6,,6000,85,3,30,1993,갱신,26.08~28.08,10000.0,65.0,,,
화곡동,202606,아파트_전월세,아델리아Ⅳ,화곡동,24-135,30.59,,18500,0,6,29,2012,갱신,26.07~28.07,18500.0,,,,
화곡동,202606,아파트_전월세,강서힐스테이트,화곡동,1165,59.99,,10000,240,12,26,2015,신규,26.08~28.08,,,,,
가양동,202606,아파트_전월세,가양6단지,가양동,1485,49.5,,3000,110,12,5,1992,신규,26.07~28.07,,,,,
염창동,202606,아파트_전월세,센터스퀘어등촌,염창동,312,18.24,,15600,55,15,22,2020,신규,26.07~28.07,,,,,
방화동,202606,아파트_전월세,방화그린,방화동,839,49.77,,29400,0,15,27,1993,갱신,26.07~28.07,28000.0,,사용,,
가양동,202606,아파트_전월세,가양6단지,가양동,1485,39.6,,3000,97,1,3,1992,신규,26.07~28.07,,,,,
마곡동,202606,아파트_전월세,마곡엠밸리7단지,마곡동,743-4,114.84,,78000,160,11,18,2014,신규,26.09~28.09,,,,,
가양동,202606,아파트_전월세,가양6단지,가양동,1485,49.5,,39000,0,12,25,1992,신규,26.09~28.09,,,,,
방화동,202606,아파트_전월세,청솔,방화동,832,59.04,,41500,0,14,29,1994,신규,26.08~28.08,,,,,
화곡동,202606,아파트_전월세,해평스퀘어,화곡동,922-11,23.6,,12000,58,9,4,2018,갱신,26.07~28.07,12000.0,55.0,,,
화곡동,202606,아파트_전월세,에스엠케이아파트,화곡동,938-23,14.92,,13100,0,13,23,2020,갱신,26.07~28.07,13100.0,,사용,,
등촌동,202606,아파트_전월세,주공5,등촌동,695,37.67,,3000,95,9,25,1995,신규,26.08~28.08,,,,,
등촌동,202606,아파트_전월세,문원Stay,등촌동,720,30.04,,1000,87,4,11,2018,신규,26.07~27.07,,,,,
방화동,202606,아파트_전월세,방화5,방화동,814,49.77,,15000,70,10,10,1994,신규,26.07~28.07,,,,,
방화동,202606,아파트_전월세,방화그린,방화동,839,39.76,,26250,0,4,29,1993,갱신,26.08~28.08,25000.0,,사용,,
가양동,202606,아파트_전월세,가양2단지(성지),가양동,1461,39.6,,6000,50,14,10,1992,신규,26.06~28.06,,,,,
가양동,202606,아파트_전월세,가양6단지,가양동,1485,58.65,,34650,0,12,20,1992,갱신,26.09~28.09,33000.0,,사용,,
화곡동,202606,아파트_전월세,"우장산아이파크,이편한세상",화곡동,1159,114.98,,10000,300,21,23,2008,갱신,26.07~28.07,10000.0,290.0,사용,,
방화동,202606,아파트_전월세,방화그린,방화동,839,39.76,,3000,110,11,27,1993,신규,26.07~27.07,,,,,
등촌동,202606,아파트_전월세,한사랑2삼성,등촌동,634-2,59.73,,45400,0,14,27,1999,갱신,26.09~28.09,43300.0,,사용,,
염창동,202606,아파트_전월세,센터스퀘어등촌,염창동,312,39,,2904,94,15,17,2020,신규,26.07~28.07,,,,,
내발산동,202606,아파트_전월세,우장산신일해피트리,내발산동,763,43.58,,30000,50,4,24,2023,신규,26.09~28.09,,,,,
가양동,202606,아파트_전월세,가양6단지,가양동,1485,58.65,,45000,0,7,24,1992,신규,26.08~28.08,,,,,
마곡동,202606,아파트_전월세,마곡엠밸리7단지,마곡동,743-4,114.91,,89200,0,9,27,2014,갱신,26.08~28.08,85000.0,,사용,,
마곡동,202606,아파트_전월세,마곡엠밸리7단지,마곡동,743-4,114.91,,100000,0,11,22,2014,신규,26.11~28.11,,,,,
화곡동,202606,아파트_전월세,성재센트리움아파트,화곡동,143-6,21.74,,3000,60,8,23,2016,신규,26.07~27.07,,,,,
등촌동,202606,아파트_전월세,주공5,등촌동,695,58.14,,45000,0,3,3,1995,신규,26.07~28.07,,,,,
염창동,202606,아파트_전월세,염창3차보람,염창동,301,84.98,,55000,10,10,13,2006,갱신,26.06~27.11,55000.0,,사용,,
가양동,202606,아파트_전월세,가양도시개발9-2단지,가양동,1490,49.5,,32500,0,2,30,1993,신규,26.09~28.09,,,,,
방화동,202606,아파트_전월세,방화그린,방화동,839,33.6,,10000,38,10,25,1993,갱신,26.09~28.09,10000.0,35.0,사용,,
등촌동,202606,아파트_전월세,"등촌1,2단지주공아파트",등촌동,687,31.5,,346,7,9,29,1994,갱신,26.08~28.07,330.0,,,,
염창동,202606,아파트_전월세,동아3,염창동,258-1,59.7,,58000,0,4,25,1999,신규,26.10~28.10,,,,,
방화동,202606,아파트_전월세,방화5,방화동,814,33.18,,1000,95,6,3,1994,신규,26.07~28.07,,,,,
화곡동,202606,아파트_전월세,청담라인씨티,화곡동,920-17,28.8,,10000,25,10,19,2018,갱신,26.07~27.07,10000.0,22.0,,,
등촌동,202606,아파트_전월세,등촌파밀리에더클래식101동,등촌동,722,49.78,,47400,0,2,12,2020,갱신,26.07~28.07,45900.0,,사용,,
가양동,202606,아파트_전월세,한강타운,가양동,1460,84.99,,35000,130,11,29,1993,신규,26.10~28.10,,,,,
내발산동,202606,아파트_전월세,우장산힐스테이트,내발산동,657,84.98,,72900,0,2,13,2005,갱신,26.07~28.07,69500.0,,사용,,
화곡동,202606,아파트_전월세,청담라인씨티,화곡동,920-17,25.74,,11100,29,12,26,2018,신규,26.08~27.08,,,,,
등촌동,202606,아파트_전월세,지엠벨리,등촌동,656-17,25.61,,23800,15,13,26,2019,갱신,26.06~26.10,23800.0,15.0,,,
등촌동,202606,아파트_전월세,문원Stay,등촌동,720,30.04,,2000,81,7,10,2018,신규,26.07~27.07,,,,,
방화동,202606,아파트_전월세,방화5,방화동,814,39.6,,2000,95,10,9,1994,신규,26.07~28.07,,,,,
등촌동,202606,아파트_전월세,주공10,등촌동,702,37.67,,2000,123,13,8,1995,신규,26.07~28.07,,,,,
화곡동,202606,아파트_전월세,"우장산아이파크,이편한세상",화곡동,1159,84.97,,20000,260,17,13,2008,신규,26.10~28.10,,,,,
등촌동,202606,아파트_전월세,"진로,미주아파트",등촌동,701,84.96,,43750,0,1,24,1994,갱신,26.09~28.09,41674.0,,사용,,
마곡동,202606,아파트_전월세,마곡힐스테이트,마곡동,1589,59.99,,10000,206,11,27,2017,갱신,26.08~28.08,10000.0,195.0,사용,,
가양동,202606,아파트_전월세,가양2단지(성지),가양동,1461,49.65,,40000,0,1,20,1992,신규,26.08~28.08,,,,,
내발산동,202606,아파트_전월세,마곡수명산파크2단지,내발산동,741,84.82,,73000,0,13,27,2007,신규,26.09~28.09,,,,,
가양동,202606,아파트_전월세,가양도시개발9-2단지,가양동,1490,39.6,,3000,125,7,27,1993,신규,26.09~28.09,,,,,
등촌동,202606,아파트_전월세,코오롱오투빌2,등촌동,712,84.96,,51500,0,14,10,2002,갱신,26.06~28.06,50000.0,,사용,,
화곡동,202606,아파트_전월세,포르투나블루,화곡동,1073-11,20.03,,8870,24,10,28,2022,신규,26.08~28.07,,,,,
가양동,202606,아파트_전월세,강서한강자이,가양동,1500,102.9171,,90000,0,9,28,2013,신규,26.08~28.08,,,,,
마곡동,202606,아파트_전월세,마곡엠밸리5단지,마곡동,740,84.95,,75000,0,4,29,2014,갱신,26.07~28.07,70000.0,,,,
마곡동,202606,아파트_전월세,마곡우림필유아파트,마곡동,1467,84.528,,52500,0,6,24,2003,갱신,26.06~28.06,50000.0,,사용,,
가양동,202606,아파트_전월세,강서한강월드메르디앙,가양동,1462,84.9,,53215,0,12,29,2006,갱신,26.07~28.07,50715.0,,사용,,
염창동,202606,아파트_전월세,삼정그린코아,염창동,282,84.358,,55100,0,10,27,2001,갱신,26.08~26.09,55100.0,,,,
염창동,202606,아파트_전월세,삼정그린코아,염창동,282,108.255,,65500,0,2,23,2001,신규,26.10~28.10,,,,,
화곡동,202606,아파트_전월세,혜성아파트(343-50),화곡동,343-50,28.24,,19000,0,6,30,2019,갱신,26.08~28.08,19000.0,,,,
가양동,202606,아파트_전월세,가양6단지,가양동,1485,49.5,,37600,0,5,26,1992,갱신,26.07~28.07,36000.0,,사용,,
등촌동,202606,아파트_전월세,태진아름,등촌동,676,59.94,,39000,10,7,12,1995,갱신,26.07~28.07,39000.0,,사용,,
방화동,202606,아파트_전월세,마곡중앙하이츠아파트,방화동,852,51.03,,10000,100,3,16,1994,신규,26.08~28.08,,,,,
등촌동,202606,아파트_전월세,등촌센트럴르씨엘,등촌동,852,59.3,,10000,220,7,23,2026,신규,26.07~28.07,,,,,
가양동,202606,아파트_전월세,가양6단지,가양동,1485,58.65,,1000,140,12,17,1992,신규,26.06~28.06,,,,,
등촌동,202606,아파트_전월세,삼성한사랑1,등촌동,632-4,59.73,,42000,0,6,13,1997,갱신,26.08~28.08,42000.0,,,,
가양동,202606,아파트_전월세,강변,가양동,1475,34.44,,20000,0,1,11,1992,신규,26.07~28.07,,,,,
염창동,202606,아파트_전월세,강변힐스테이트,염창동,299,84.99,,72000,0,8,21,2005,갱신,26.08~28.08,69000.0,,,,
방화동,202606,아파트_전월세,마곡 한진해모로,방화동,579,84.93,,5000,200,1,11,2004,신규,26.09~28.09,,,,,
등촌동,202606,아파트_전월세,"등촌7,8단지주공아파트",등촌동,707,41.85,,25000,40,10,30,1994,신규,26.10~28.10,,,,,
마곡동,202606,아파트_전월세,마곡엠밸리9단지,마곡동,744,84.96,,30000,123,10,4,2021,갱신,26.08~28.08,30000.0,123.0,사용,,
화곡동,202606,아파트_전월세,"우장산아이파크,이편한세상",화곡동,1159,84.97,,44000,150,2,19,2008,갱신,26.09~28.09,44000.0,90.0,,,
화곡동,202606,아파트_전월세,행복타운(926-10),화곡동,926-10,12.24,,1000,21,6,17,2012,신규,26.07~27.07,,,,,
가양동,202606,아파트_전월세,가양2단지(성지),가양동,1461,34.44,,26250,0,12,20,1992,신규,26.09~28.09,,,,,
가양동,202606,아파트_전월세,한강타운,가양동,1460,84.99,,55000,35,6,27,1993,갱신,26.08~28.08,55000.0,25.0,사용,,
염창동,202606,아파트_전월세,한강동아,염창동,293,84.96,,20000,173,16,23,1998,갱신,26.07~28.07,20000.0,130.0,,,
화곡동,202606,아파트_전월세,성재센트리움아파트,화곡동,143-6,20.3,,13100,13,8,29,2016,신규,26.08~28.08,,,,,
가양동,202606,아파트_전월세,강변,가양동,1475,39.6,,10000,60,13,27,1992,갱신,26.08~28.08,10000.0,45.0,,,
방화동,202606,아파트_전월세,방화동2차태승훼미리,방화동,885,83.18,,30000,60,3,26,2005,신규,26.09~28.09,,,,,
방화동,202606,아파트_전월세,방화5,방화동,814,49.77,,35000,0,4,26,1994,갱신,26.09~28.09,35000.0,,사용,,
염창동,202606,아파트_전월세,염창1차한화꿈에그린,염창동,281-22,84.93,,20000,250,5,15,2005,신규,26.09~28.09,,,,,
등촌동,202606,아파트_전월세,해태골든팰리스,등촌동,510-7,84.55,,5000,150,4,7,2009,신규,26.07~28.07,,,,,
화곡동,202606,아파트_전월세,포르투나블루,화곡동,1073-11,20.46,,10550,40,3,24,2022,신규,26.07~28.07,,,,,
화곡동,202606,아파트_전월세,dk182,화곡동,1167,17.21,,1000,64,5,15,2018,신규,26.07~27.07,,,,,
마곡동,202606,아파트_전월세,마곡경남아너스빌,마곡동,1513,84.98,,22000,90,9,15,2007,갱신,26.07~28.06,22000.0,70.0,,,
화곡동,202606,아파트_전월세,화곡동복지,화곡동,354-54,53.94,,5000,60,1,24,1974,갱신,26.10~28.10,2000.0,50.0,,,
화곡동,202606,아파트_전월세,강서힐스테이트,화곡동,1165,84.99,,78500,0,14,9,2015,갱신,26.06~28.06,75000.0,,사용,,
화곡동,202606,아파트_전월세,"우장산아이파크,이편한세상",화곡동,1159,84.97,,45000,160,2,21,2008,신규,26.08~28.08,,,,,
화곡동,202606,아파트_전월세,송민,화곡동,900-44,45.36,,15000,20,4,25,2003,신규,26.09~28.09,,,,,
등촌동,202606,아파트_전월세,가양역두산위브,등촌동,726,59.98,,20000,160,18,19,2022,갱신,26.06~28.06,20000.0,150.0,,,
가양동,202606,아파트_전월세,가양6단지,가양동,1485,58.65,,22000,50,1,27,1992,갱신,26.08~28.08,22000.0,35.0,,,
화곡동,202606,아파트_전월세,태영방송인,화곡동,1140,59.94,,5000,115,9,30,2000,신규,26.07~28.07,,,,,
방화동,202606,아파트_전월세,방신서광,방화동,871,100.6502,,56700,0,6,24,2003,갱신,26.07~28.07,54000.0,,사용,,
방화동,202606,아파트_전월세,마곡우촌아파트,방화동,907,22.3,,1000,100,9,18,2022,신규,26.06~27.06,,,,,
염창동,202606,아파트_전월세,아네스트염창,염창동,310,14.94,,5000,48,5,9,2019,갱신,26.07~27.07,5000.0,47.0,,,
등촌동,202606,아파트_전월세,지엠벨리,등촌동,656-17,25.95,,26000,0,13,30,2019,신규,26.08~28.08,,,,,
가양동,202606,아파트_전월세,가양6단지,가양동,1485,39.6,,30000,0,6,5,1992,갱신,26.07~28.07,28000.0,,,,
화곡동,202606,아파트_전월세,보눔하우스화곡,화곡동,401-1,14.35,,6000,31,10,28,2021,신규,26.08~28.08,,,,,
가양동,202606,아파트_전월세,가양6단지,가양동,1485,58.65,,42000,0,5,29,1992,신규,26.10~28.10,,,,,
등촌동,202606,아파트_전월세,주공3,등촌동,688,58.14,,55000,0,14,27,1995,신규,26.10~28.10,,,,,
화곡동,202606,아파트_전월세,그랜드아이파크,화곡동,1095,149.32,,90000,0,15,19,2010,신규,26.10~28.10,,,,,
가양동,202606,아파트_전월세,강변,가양동,1475,34.44,,2000,90,13,19,1992,신규,26.08~28.08,,,,,
가양동,202606,아파트_전월세,강변,가양동,1475,34.44,,1000,100,11,30,1992,갱신,26.08~28.08,1000.0,70.0,,,
방화동,202606,아파트_전월세,강서센트레빌3차,방화동,893,84.4,,61900,0,6,30,2009,갱신,26.07~28.07,59000.0,,,,
염창동,202606,아파트_전월세,삼성한마음,염창동,244-2,59.94,,30000,75,3,27,1995,신규,26.10~28.10,,,,,
염창동,202606,아파트_전월세,동아,염창동,292,59.97,,35100,40,4,27,1998,갱신,26.07~27.07,35100.0,,사용,,
등촌동,202606,아파트_전월세,등촌센트럴르씨엘,등촌동,852,66.29,,63500,0,5,10,2026,신규,26.08~28.08,,,,,
등촌동,202606,아파트_전월세,문원Stay,등촌동,720,30.04,,1000,85,9,25,2018,신규,26.07~27.07,,,,,
가양동,202606,아파트_전월세,강변,가양동,1475,34.44,,2000,95,11,8,1992,신규,26.06~28.06,,,,,
화곡동,202606,아파트_전월세,"우장산아이파크,이편한세상",화곡동,1159,84.97,,58000,110,17,27,2008,갱신,26.09~27.03,58000.0,70.0,,,
방화동,202606,아파트_전월세,대림e-편한세상,방화동,874,84.67,,20000,135,14,19,2003,신규,26.09~28.09,,,,,
염창동,202606,아파트_전월세,센터스퀘어등촌,염창동,312,18.24,,1248,43,11,2,2020,신규,26.07~28.07,,,,,
가양동,202606,아파트_전월세,가양6단지,가양동,1485,49.5,,38000,0,2,15,1992,신규,26.07~28.07,,,,,
염창동,202606,아파트_전월세,태영,염창동,270-1,59.97,,52000,0,17,24,1999,신규,26.09~28.09,,,,,
마곡동,202606,아파트_전월세,마곡엠벨리(14단지),마곡동,750,84.88,,81000,0,10,3,2014,갱신,26.11~28.11,79000.0,,사용,,
화곡동,202606,아파트_전월세,화곡푸르지오,화곡동,1091,130.279,,70350,0,3,29,2002,갱신,26.07~28.07,67000.0,,사용,,
화곡동,202606,아파트_전월세,강서힐스테이트,화곡동,1165,84.99,,30000,240,3,5,2015,신규,26.07~28.07,,,,,
화곡동,202606,아파트_전월세,"우장산아이파크,이편한세상",화곡동,1159,84.97,,70000,60,9,27,2008,신규,26.09~28.09,,,,,
화곡동,202606,아파트_전월세,강서힐스테이트,화곡동,1165,84.99,,31500,200,2,20,2015,갱신,26.08~28.08,30000.0,190.0,사용,,
내발산동,202606,아파트_전월세,우장산힐스테이트,내발산동,657,59.98,,60000,11,6,27,2005,갱신,26.08~28.08,60000.0,,사용,,
염창동,202606,아파트_전월세,동아3,염창동,258-1,84.87,,40000,120,8,8,1999,신규,26.08~28.08,,,,,
방화동,202606,아파트_전월세,방화그린,방화동,839,49.77,,28000,0,13,21,1993,신규,26.08~28.08,,,,,
화곡동,202606,아파트_전월세,우장산롯데캐슬,화곡동,1145,85,,65000,0,3,15,2003,갱신,26.07~28.07,60000.0,,,,
가양동,202606,아파트_전월세,강변,가양동,1475,39.6,,3000,110,10,5,1992,신규,26.07~28.07,,,,,
화곡동,202606,아파트_전월세,한양아이클래스,화곡동,926-5,13.79,,500,45,12,9,2013,신규,26.06~28.06,,,,,
마곡동,202606,아파트_전월세,마곡푸르지오,마곡동,1525,84.8,,57000,0,11,25,2008,갱신,26.06~28.07,57000.0,,사용,,
마곡동,202606,아파트_전월세,마곡엠밸리7단지,마곡동,743-4,114.86,,110000,0,2,19,2014,신규,26.09~28.09,,,,,
방화동,202606,아파트_전월세,마곡중앙하이츠아파트,방화동,852,51.03,,38000,0,15,18,1994,신규,26.09~28.09,,,,,
염창동,202606,아파트_전월세,동아3,염창동,258-1,59.7,,50400,0,6,15,1999,갱신,26.07~28.07,48000.0,,사용,,
등촌동,202606,아파트_전월세,부영,등촌동,691-3,80.64,,45000,0,10,30,1994,갱신,26.08~28.08,45000.0,,,,
가양동,202606,아파트_전월세,가양2단지(성지),가양동,1461,49.56,,20000,67,3,27,1992,갱신,26.07~28.07,20000.0,60.0,사용,,
염창동,202606,아파트_전월세,아네스트염창,염창동,310,21.27,,20000,20,13,30,2019,갱신,26.07~28.07,20000.0,17.0,,,
염창동,202606,아파트_전월세,염창1차한화꿈에그린,염창동,281-22,59.94,,64000,0,20,26,2005,갱신,26.07~28.07,60000.0,,,,
가양동,202606,아파트_전월세,디아이빌102동,가양동,239-36,83.92,,49870,10,4,29,2006,갱신,26.07~28.07,47370.0,10.0,,,
내발산동,202606,아파트_전월세,마곡수명산파크3단지,내발산동,751,84.53,,35457,0,11,10,2007,갱신,26.07~28.06,33769.0,,,,
화곡동,202606,아파트_전월세,우장산롯데,화곡동,1148,59.97,,41000,0,5,27,2004,갱신,26.07~28.07,37000.0,,,,
화곡동,202606,아파트_전월세,"우장산아이파크,이편한세상",화곡동,1159,84.97,,45000,160,2,17,2008,신규,26.08~28.08,,,,,
화곡동,202606,아파트_전월세,"우장산아이파크,이편한세상",화곡동,1159,101.65,,68000,45,8,30,2008,갱신,26.07~28.07,65000.0,45.0,사용,,
공항동,202606,아파트_전월세,공항동부센트레빌,공항동,1374,59.96,,40000,0,3,27,2009,갱신,26.08~28.08,25000.0,60.0,,,
내발산동,202606,아파트_전월세,제이월드에메랄드,내발산동,674-32,84.32,,43000,0,2,10,2002,신규,26.09~28.09,,,,,
등촌동,202606,아파트_전월세,주공10,등촌동,702,58.14,,50000,0,7,27,1995,신규,26.09~28.09,,,,,
내발산동,202606,아파트_전월세,우장산힐스테이트,내발산동,657,84.98,,69200,0,7,5,2005,갱신,26.07~28.07,65000.0,,,,
가양동,202606,아파트_전월세,가양도시개발9-2단지,가양동,1490,49.5,,4000,99,15,27,1993,신규,26.09~28.09,,,,,
등촌동,202606,아파트_전월세,주공3,등촌동,688,58.14,,40000,0,4,30,1995,갱신,26.07~28.07,40000.0,,사용,,
가양동,202606,아파트_전월세,한강타운,가양동,1460,84.99,,49900,0,3,29,1993,갱신,26.07~28.07,49000.0,,,,
내발산동,202606,아파트_전월세,내발산우신웨스트빌,내발산동,733,84.38,,52500,0,1,30,2005,갱신,26.09~28.09,50000.0,,사용,,
염창동,202606,아파트_전월세,아네스트염창,염창동,310,14.94,,12000,18,5,16,2019,갱신,26.07~28.07,12000.0,16.0,,,
화곡동,202606,아파트_전월세,포르투나블루,화곡동,1073-11,20.03,,8870,24,3,24,2022,신규,26.07~28.07,,,,,
등촌동,202606,아파트_전월세,태영,등촌동,632-2,114.97,,65000,0,2,30,1998,신규,26.09~28.09,,,,,
화곡동,202606,아파트_전월세,강서힐스테이트,화곡동,1165,84.99,,40000,200,13,26,2015,신규,26.10~28.10,,,,,
화곡동,202606,아파트_전월세,M노블레스,화곡동,29-57,27.01,,19656,0,4,29,2021,신규,26.08~28.08,,,,,
방화동,202606,아파트_전월세,방화4단지,방화동,831,100.35,,40000,50,1,28,1994,갱신,26.07~28.07,40000.0,45.0,사용,,
등촌동,202606,아파트_전월세,주공5,등촌동,695,37.67,,33000,0,12,29,1995,신규,26.07~28.07,,,,,
마곡동,202606,아파트_전월세,마곡엠밸리8단지,마곡동,741,84.89,,73500,0,10,30,2016,갱신,26.07~28.07,70000.0,,사용,,
내발산동,202606,아파트_전월세,강서월드메르디앙,내발산동,659-1,84.8945,,66000,0,5,30,2006,갱신,26.08~28.08,63000.0,,사용,,
방화동,202606,아파트_전월세,힐스테이트신방화역,방화동,908,69.9291,,5000,220,4,28,2022,갱신,26.07~28.07,5000.0,210.0,사용,,
방화동,202606,아파트_전월세,AirPalace(619-7),방화동,619-7,14.5,,7500,10,8,13,2013,신규,26.06~27.06,,,,,
등촌동,202606,아파트_전월세,주공5,등촌동,695,58.14,,50000,0,15,27,1995,신규,26.09~28.09,,,,,
등촌동,202606,아파트_전월세,우성,등촌동,630-3,66.9,,30000,0,4,30,1992,신규,26.06~28.06,,,,,
염창동,202606,아파트_전월세,염창2차한화꿈에그린,염창동,302,84.99,,10000,180,4,11,2006,갱신,26.07~28.07,10000.0,180.0,사용,,
가양동,202606,아파트_전월세,가양2단지(성지),가양동,1461,49.65,,31500,25,6,27,1992,갱신,26.07~28.07,30000.0,25.0,사용,,
화곡동,202606,아파트_전월세,청담라인씨티,화곡동,920-17,28.8,,11400,26,6,30,2018,신규,26.08~27.08,,,,,
등촌동,202606,아파트_전월세,삼성한사랑1,등촌동,632-4,84.99,,10000,140,3,29,1997,갱신,26.08~28.08,10000.0,135.0,,,
방화동,202606,아파트_전월세,새로나음,방화동,899,30.6,,16000,0,6,30,2015,갱신,26.08~28.08,16000.0,,사용,,
염창동,202606,아파트_전월세,무학,염창동,255,59.38,,49500,0,15,27,1999,갱신,26.08~28.08,48000.0,,사용,,
등촌동,202606,아파트_전월세,등촌동아이파크,등촌동,715,134.8836,,30000,210,9,30,2004,갱신,26.06~28.10,30000.0,185.0,사용,,
화곡동,202606,아파트_전월세,태창네스트힐,화곡동,1146,82.35,,40000,0,4,30,2004,갱신,26.07~28.07,40000.0,,사용,,
화곡동,202606,아파트_전월세,태승,화곡동,887-11,77.5,,9000,70,2,29,2003,신규,26.07~28.07,,,,,
마곡동,202606,아파트_전월세,마곡엠밸리7단지,마곡동,743-4,59.79,,13556,11,4,30,2014,갱신,26.07~28.06,5553.0,39.0,,,
화곡동,202606,아파트_전월세,"우장산아이파크,이편한세상",화곡동,1159,114.98,,86000,0,16,30,2008,갱신,26.08~28.08,79000.0,,,,
마곡동,202606,아파트_전월세,마곡13단지힐스테이트마스터,마곡동,748,59.9825,,67200,0,2,29,2017,갱신,26.09~28.09,64000.0,,사용,,
염창동,202606,아파트_전월세,관음삼성,염창동,268,114.9,,70000,0,15,29,1997,갱신,26.08~28.08,65000.0,,,,
화곡동,202606,아파트_전월세,"우장산아이파크,이편한세상",화곡동,1159,59.98,,55000,35,17,29,2008,갱신,26.06~28.06,62000.0,,,,
등촌동,202606,아파트_전월세,동성,등촌동,691-1,134.94,,75000,0,1,22,1995,신규,26.08~28.08,,,,,
화곡동,202606,아파트_전월세,"우장산아이파크,이편한세상",화곡동,1159,59.98,,60400,0,20,30,2008,갱신,26.08~28.08,56400.0,,,,
방화동,202606,아파트_전월세,한숲마을대림,방화동,862,59.69,,35000,0,2,27,1999,신규,26.09~28.09,,,,,
가양동,202606,아파트_전월세,가양6단지,가양동,1485,49.5,,26680,0,6,26,1992,갱신,26.07~28.06,25410.0,,사용,,
염창동,202606,아파트_전월세,신동아,염창동,289,84.9,,45000,0,4,27,1995,갱신,26.07~28.07,43000.0,,사용,,
가양동,202606,아파트_전월세,가양6단지,가양동,1485,58.65,,12000,100,6,23,1992,신규,26.08~28.08,,,,,
가양동,202606,아파트_전월세,가양강나루현대,가양동,448-1,59.76,,52000,0,11,29,1999,갱신,26.08~28.08,50000.0,,사용,,
가양동,202606,아파트_전월세,가양도시개발9-2단지,가양동,1490,39.6,,28000,0,2,30,1993,신규,26.08~28.08,,,,,
내발산동,202606,아파트_전월세,마곡수명산파크5단지,내발산동,749,59.87,,54600,0,6,13,2008,갱신,26.08~28.08,52000.0,,사용,,
가양동,202606,아파트_전월세,가양2단지(성지),가양동,1461,39.6,,30000,0,10,26,1992,신규,26.07~28.07,,,,,
내발산동,202606,아파트_전월세,마곡수명산파크2단지,내발산동,741,84.68,,30000,160,4,20,2007,신규,26.09~28.09,,,,,
염창동,202606,아파트_전월세,강서쌍용예가,염창동,308,84.9025,,70000,0,7,16,2014,갱신,26.09~28.09,60650.0,,,,
등촌동,202606,아파트_전월세,부영,등촌동,691-3,80.64,,46000,0,4,26,1994,갱신,26.10~28.10,46000.0,,사용,,
등촌동,202606,아파트_전월세,등촌동아이파크,등촌동,715,84.9958,,42000,100,8,30,2004,갱신,26.07~28.07,42000.0,70.0,,,
방화동,202606,아파트_전월세,방화5,방화동,814,39.6,,2000,100,12,17,1994,신규,26.06~28.06,,,,,
내발산동,202606,아파트_전월세,마곡수명산파크2단지,내발산동,741,84.53,,66150,0,13,27,2007,갱신,26.08~28.08,63000.0,,사용,,
화곡동,202606,아파트_전월세,우장산역해링턴타워,화곡동,1170,43.79,,8320,56,14,29,2021,갱신,26.09~28.09,8320.0,53.0,,,
화곡동,202606,아파트_전월세,화곡1차보람더하임,화곡동,1087,80.26,,45000,0,3,29,2003,신규,26.09~28.09,,,,,
등촌동,202606,아파트_전월세,대림e편한세상,등촌동,561-1,84.96,,67000,0,3,29,2002,신규,26.08~28.08,,,,,
등촌동,202606,아파트_전월세,엘크루발산,등촌동,671-1,15.33,,4300,38,3,26,2022,신규,26.07~28.07,,,,,
등촌동,202606,아파트_전월세,등촌라인(조합),등촌동,628-15,59.91,,43000,0,10,27,1997,갱신,26.06~28.06,41000.0,,사용,,
화곡동,202606,아파트_전월세,"우장산아이파크,이편한세상",화곡동,1159,114.98,,45000,175,9,27,2008,갱신,26.08~28.08,45000.0,160.0,사용,,
화곡동,202606,아파트_전월세,경동엠파이어스테이트,화곡동,1111-3,14.315,,3500,32,5,29,2012,신규,26.08~27.08,,,,,
염창동,202606,아파트_전월세,이너스내안에,염창동,254-2,84.91,,56000,0,13,29,2004,갱신,26.10~27.12,56000.0,,사용,,
등촌동,202606,아파트_전월세,마곡루나플라체,등촌동,725,22.05,,26000,0,11,29,2021,신규,26.08~28.08,,,,,
등촌동,202606,아파트_전월세,등촌동아이파크,등촌동,715,84.7556,,40000,120,3,29,2004,신규,26.09~28.09,,,,,
마곡동,202606,아파트_전월세,마곡13단지힐스테이트마스터,마곡동,748,84.9805,,35000,190,3,29,2017,갱신,26.08~28.08,35000.0,180.0,사용,,
화곡동,202606,아파트_전월세,화곡푸르지오,화곡동,1091,125.021,,30100,142,13,29,2002,갱신,26.09~28.09,30000.0,130.0,사용,,
가양동,202606,아파트_전월세,강변,가양동,1475,49.5,,27000,0,2,27,1992,갱신,26.08~28.08,27000.0,,,,
마곡동,202606,아파트_전월세,마곡엠밸리5단지,마곡동,740,114.86,,83000,0,8,14,2014,갱신,26.08~28.08,70000.0,,,,
가양동,202606,아파트_전월세,가양6단지,가양동,1485,58.65,,33668,0,6,27,1992,갱신,26.09~28.09,32065.0,,사용,,
염창동,202606,아파트_전월세,아네스트염창,염창동,310,16.96,,1000,71,7,16,2019,갱신,26.07~28.07,1000.0,70.0,사용,,
화곡동,202606,아파트_전월세,화곡푸르지오,화곡동,1091,125.021,,71400,0,2,12,2002,갱신,26.08~28.08,68000.0,,사용,,
방화동,202606,아파트_전월세,장미,방화동,841,59.04,,37000,0,4,28,1994,갱신,26.08~28.08,36000.0,,사용,,
화곡동,202606,아파트_전월세,한울에이치밸리움A동,화곡동,1065-4,22.81,,20600,0,3,13,2019,갱신,26.08~28.08,21500.0,,,,
가양동,202606,아파트_전월세,가양도시개발9-2단지,가양동,1490,39.6,,2000,90,5,27,1993,신규,26.08~28.08,,,,,
가양동,202606,아파트_전월세,가양도시개발9-2단지,가양동,1490,39.6,,24000,0,1,20,1993,신규,26.08~28.08,,,,,
화곡동,202606,아파트_전월세,유림노르웨이숲(919-1),화곡동,919-1,64.05,,36750,0,3,20,2004,갱신,26.12~28.12,35000.0,,사용,,
가양동,202606,아파트_전월세,가양2단지(성지),가양동,1461,34.69,,20475,0,3,27,1992,갱신,26.08~28.08,19500.0,,사용,,
염창동,202606,아파트_전월세,엠그린,염창동,241-24,59.73,,10000,90,6,27,2006,신규,26.08~28.08,,,,,
가양동,202606,아파트_전월세,강서한강자이,가양동,1500,124.4246,,89000,0,4,25,2013,갱신,26.08~28.08,85000.0,,사용,,
염창동,202606,아파트_전월세,DH팰리스,염창동,263-7,57.38,,47700,0,4,27,2022,갱신,26.07~28.07,45500.0,,사용,,
방화동,202606,아파트_전월세,마곡중앙하이츠아파트,방화동,852,51.03,,5000,80,9,29,1994,신규,26.08~28.08,,,,,
등촌동,202606,아파트_전월세,등촌동아이파크,등촌동,715,84.9958,,30000,160,3,26,2004,신규,26.08~28.08,,,,,
화곡동,202606,아파트_전월세,우장산에스케이뷰,화곡동,1158,116.92,,58000,0,3,27,2006,갱신,26.07~28.07,55000.0,,,,
가양동,202606,아파트_전월세,강변,가양동,1475,34.44,,5000,90,8,12,1992,신규,26.06~28.06,,,,,
화곡동,202606,아파트_전월세,오케이B,화곡동,102-88,36,,10130,10,4,23,2002,갱신,26.07~28.07,10000.0,,,,
화곡동,202606,아파트_전월세,벨라팰리스,화곡동,343-71,24.71,,4000,80,5,27,2015,신규,26.07~28.07,,,,,
등촌동,202606,아파트_전월세,대동황토방,등촌동,631-9,59.94,,20000,120,11,29,2000,신규,26.08~28.08,,,,,
방화동,202606,아파트_전월세,삼성꽃마을,방화동,858,59.99,,39000,0,9,3,1997,신규,26.09~28.09,,,,,
염창동,202606,아파트_전월세,신동아,염창동,289,84.9,,65000,0,2,26,1995,신규,26.09~28.09,,,,,
염창동,202606,아파트_전월세,우성2,염창동,287-1,84.7,,49000,0,4,29,1992,갱신,26.07~28.07,48000.0,,사용,,
마곡동,202606,아파트_전월세,마곡엠벨리(15단지),마곡동,751,59.94,,6662,47,13,29,2014,갱신,26.07~28.06,5062.0,44.0,,,
염창동,202606,아파트_전월세,무학,염창동,255,84.64,,63000,0,8,27,1999,신규,26.09~28.09,,,,,
염창동,202606,아파트_전월세,무학,염창동,255,84.64,,64000,0,16,28,1999,신규,26.09~28.08,,,,,
화곡동,202606,아파트_전월세,화곡푸르지오,화곡동,1091,103.92,,90000,0,2,27,2002,신규,26.09~28.09,,,,,
화곡동,202606,아파트_전월세,화곡동복지,화곡동,354-54,53.94,,16000,0,4,26,1974,신규,26.09~28.09,,,,,
등촌동,202606,아파트_전월세,"등촌7,8단지주공아파트",등촌동,707,41.85,,3000,110,14,27,1994,신규,26.08~27.08,,,,,
화곡동,202606,아파트_전월세,초록,화곡동,1139,59.34,,50000,0,11,26,1998,신규,26.09~28.09,,,,,
화곡동,202606,아파트_전월세,우장산숲아이파크,화곡동,1173,59.9983,,74000,0,4,26,2022,신규,26.12~28.12,,,,,
내발산동,202606,아파트_전월세,우장산힐스테이트,내발산동,657,59.98,,65000,0,4,27,2005,갱신,26.06~28.06,60000.0,,,,
염창동,202606,아파트_전월세,대림,염창동,262-2,93.3,,35000,140,8,12,1999,신규,26.08~28.08,,,,,
가양동,202606,아파트_전월세,한강타운,가양동,1460,84.99,,69000,0,15,27,1993,신규,26.08~28.08,,,,,
가양동,202606,아파트_전월세,가양강나루현대,가양동,448-1,59.76,,50000,0,6,27,1999,갱신,26.07~28.07,48000.0,,사용,,
가양동,202606,아파트_전월세,가양강나루현대,가양동,448-1,59.76,,48000,0,1,20,1999,신규,26.10~28.10,,,,,
화곡동,202606,아파트_전월세,초록,화곡동,1139,59.34,,36500,0,5,27,1998,갱신,26.06~28.06,33000.0,,,,
화곡동,202606,아파트_전월세,강서힐스테이트,화곡동,1165,84.99,,30000,200,17,27,2015,갱신,26.08~28.08,30000.0,150.0,,,
방화동,202606,아파트_전월세,개화,방화동,819,101.86,,48000,0,11,26,1994,갱신,26.06~28.06,46000.0,,,,
가양동,202606,아파트_전월세,강변,가양동,1475,39.6,,24000,0,7,28,1992,갱신,26.06~28.06,22050.0,,,,
염창동,202606,아파트_전월세,한울밸리움,염창동,274-18,21.54,,1500,140,13,6,2020,신규,26.07~28.07,,,,,
가양동,202606,아파트_전월세,가양6단지,가양동,1485,39.6,,17000,20,8,18,1992,신규,26.08~28.08,,,,,
마곡동,202606,아파트_전월세,벽산,마곡동,429,59.98,,46000,0,16,27,1999,신규,26.09~28.09,,,,,
마곡동,202606,아파트_전월세,마곡엠벨리(14단지),마곡동,750,59.96,,5580,68,6,29,2014,갱신,26.07~28.06,6318.0,42.0,,,
화곡동,202606,아파트_전월세,"우장산아이파크,이편한세상",화곡동,1159,84.97,,78000,0,6,27,2008,갱신,26.08~28.08,68000.0,,,,
염창동,202606,아파트_전월세,태진한솔,염창동,263,58.87,,50000,0,13,27,1994,신규,26.08~28.08,,,,,
염창동,202606,아파트_전월세,동아3,염창동,258-1,59.83,,30000,150,17,13,1999,신규,26.09~28.08,,,,,
등촌동,202606,아파트_전월세,임광,등촌동,562-5,84.91,,54000,0,5,1,2000,신규,26.06~28.06,,,,,
화곡동,202606,아파트_전월세,우장산롯데,화곡동,1148,117.24,,57500,0,12,14,2004,갱신,26.06~28.06,55000.0,,사용,,
화곡동,202606,아파트_전월세,근상프리즘,화곡동,24-90,79.55,,32760,16,8,26,2007,갱신,26.08~28.08,32760.0,9.0,사용,,
등촌동,202606,아파트_전월세,아임2030등촌역,등촌동,648-5,15.17,,7500,36,9,26,2020,갱신,26.08~28.08,7500.0,34.0,,,
화곡동,202606,아파트_전월세,프라임팰리스(1024-23),화곡동,1024-23,84.62,,48000,0,7,26,2008,갱신,26.07~28.07,48000.0,,사용,,
마곡동,202606,아파트_전월세,마곡힐스테이트,마곡동,1589,84.92,,82000,0,10,26,2017,갱신,26.06~28.06,73000.0,,,,
방화동,202606,아파트_전월세,방화그린,방화동,839,49.77,,19000,50,1,26,1993,신규,26.08~28.08,,,,,
마곡동,202606,아파트_전월세,마곡나루경남아파트,마곡동,1577,84.29,,40000,45,2,26,1991,갱신,26.11~28.11,40000.0,40.0,사용,,
염창동,202606,아파트_전월세,염창1차한화꿈에그린,염창동,281-22,84.93,,85000,0,10,18,2005,신규,26.08~28.08,,,,,
화곡동,202606,아파트_전월세,우장산숲아이파크,화곡동,1173,59.9983,,80000,0,15,22,2022,신규,26.10~28.10,,,,,
화곡동,202606,아파트_전월세,성재센트리움아파트,화곡동,143-6,23.54,,17100,15,9,26,2016,신규,26.08~28.08,,,,,
화곡동,202606,아파트_전월세,"우장산아이파크,이편한세상",화곡동,1159,59.98,,20000,160,18,26,2008,갱신,26.09~28.09,20000.0,150.0,사용,,
등촌동,202606,아파트_전월세,보람(640),등촌동,640,58.93,,50000,0,6,26,2002,신규,26.12~28.12,,,,,
화곡동,202606,아파트_전월세,dk182,화곡동,1167,18.26,,1000,64,2,19,2018,신규,26.06~27.06,,,,,
화곡동,202606,아파트_전월세,우장산역해링턴타워,화곡동,1170,43.04,,8320,57,12,25,2021,신규,26.08~28.08,,,,,
등촌동,202606,아파트_전월세,부영,등촌동,691-3,80.64,,5000,140,9,26,1994,신규,26.09~28.09,,,,,
화곡동,202606,아파트_전월세,중앙화곡하이츠,화곡동,351-89,48.78,,25000,12,6,26,1988,갱신,26.08~27.08,25000.0,,사용,,
염창동,202606,아파트_전월세,신동아,염창동,289,59.82,,10000,89,8,17,1995,신규,26.06~27.06,,,,,
마곡동,202606,아파트_전월세,마곡금호어울림,마곡동,717,84.948,,62000,0,7,26,2005,신규,26.09~28.09,,,,,
염창동,202606,아파트_전월세,동아,염창동,292,84.95,,60000,0,6,26,1998,신규,26.07~28.07,,,,,
가양동,202606,아파트_전월세,가양6단지,가양동,1485,49.5,,35500,0,5,18,1992,갱신,26.07~28.07,34000.0,,사용,,
마곡동,202606,아파트_전월세,마곡우림필유아파트,마곡동,1467,84.528,,52500,0,6,15,2003,갱신,26.06~28.06,50000.0,,사용,,
방화동,202606,아파트_전월세,마곡센트레빌,방화동,906,59.607,,59280,0,8,18,2021,갱신,26.06~28.04,57000.0,,사용,,
등촌동,202606,아파트_전월세,아임2030등촌역,등촌동,648-5,15.17,,7500,36,7,5,2020,갱신,26.08~28.08,7500.0,34.0,,,
화곡동,202606,아파트_전월세,우장산숲아이파크,화곡동,1173,59.9983,,50000,120,11,26,2022,신규,26.09~28.09,,,,,
등촌동,202606,아파트_전월세,아임2030등촌역,등촌동,648-5,15.17,,6200,41,13,26,2020,갱신,26.08~28.08,6200.0,39.0,,,
등촌동,202606,아파트_전월세,"등촌1,2단지주공아파트",등촌동,687,41.85,,24150,0,10,2,1994,신규,26.07~27.07,,,,,
방화동,202606,아파트_전월세,장미,방화동,841,39.96,,2000,74,7,24,1994,신규,26.06~28.06,,,,,
가양동,202606,아파트_전월세,가양우성,가양동,14-3,84.85,,50000,0,7,2,1990,신규,26.06~28.06,,,,,
등촌동,202606,아파트_전월세,마곡루나플라체,등촌동,725,22.05,,2000,115,12,3,2021,신규,26.07~27.07,,,,,
가양동,202606,아파트_전월세,가양도시개발9-2단지,가양동,1490,39.6,,2000,100,8,25,1993,신규,26.08~28.08,,,,,
마곡동,202606,아파트_전월세,마곡엠밸리4단지,마곡동,738,49.77,,10110,18,6,25,2014,갱신,26.07~28.06,5944.0,38.0,,,
마곡동,202606,아파트_전월세,마곡엠밸리11단지,마곡동,746,84.89,,20000,280,4,25,2016,신규,26.07~28.07,,,,,
방화동,202606,아파트_전월세,동성,방화동,817,76.8,,10000,140,11,25,1993,신규,26.08~28.08,,,,,
가양동,202606,아파트_전월세,가양2단지(성지),가양동,1461,34.44,,3000,80,14,25,1992,신규,26.09~28.09,,,,,
화곡동,202606,아파트_전월세,블루힐(343-56),화곡동,343-56,12.18,,8650,5,9,13,2011,신규,26.07~28.07,,,,,
마곡동,202606,아파트_전월세,마곡엠밸리11단지,마곡동,746,59.79,,36030,0,6,25,2016,갱신,26.07~28.06,34315.0,,,,
가양동,202606,아파트_전월세,강변,가양동,1475,39.6,,20790,0,2,25,1992,갱신,26.08~28.08,19800.0,,,,
방화동,202606,아파트_전월세,노블하이츠,방화동,493-10,27.65,,1200,55,2,10,2013,신규,26.07~27.06,,,,,
가양동,202606,아파트_전월세,강나루2현대,가양동,448,84.99,,58800,0,4,25,2001,갱신,26.07~28.07,56000.0,,사용,,
방화동,202606,아파트_전월세,방화5,방화동,814,33.18,,16000,30,5,17,1994,신규,26.07~28.07,,,,,
염창동,202606,아파트_전월세,e편한세상염창,염창동,309,59.8873,,57600,0,7,25,2019,갱신,26.07~27.07,54860.0,,,,
염창동,202606,아파트_전월세,대림,염창동,262-2,84.87,,60000,0,11,25,1999,신규,26.11~28.11,,,,,
마곡동,202606,아파트_전월세,마곡엠밸리6단지,마곡동,743,84.74,,40010,160,3,25,2014,갱신,26.07~28.07,40000.0,160.0,,,
염창동,202606,아파트_전월세,주상복합태진가람,염창동,263-2,58.86,,40000,0,9,3,1995,신규,26.09~28.08,,,,,
마곡동,202606,아파트_전월세,마곡엠밸리7단지,마곡동,743-4,59.79,,2596,47,13,25,2014,갱신,26.07~28.06,5553.0,39.0,,,
마곡동,202606,아파트_전월세,마곡엠밸리11단지,마곡동,746,59.97,,6495,38,4,25,2016,신규,26.07~28.09,,,,,
방화동,202606,아파트_전월세,방화5,방화동,814,39.6,,42000,0,12,25,1994,신규,26.09~28.09,,,,,
등촌동,202606,아파트_전월세,동성,등촌동,691-1,134.94,,20000,220,14,24,1995,신규,26.08~28.08,,,,,
마곡동,202606,아파트_전월세,마곡엠밸리10단지,마곡동,747,59.97,,36030,0,16,25,2016,갱신,26.07~28.06,34315.0,,,,
방화동,202606,아파트_전월세,방화5,방화동,814,49.77,,42000,0,12,25,1994,신규,26.09~28.09,,,,,
염창동,202606,아파트_전월세,현대3,염창동,291,83.71,,30000,140,5,20,1996,신규,26.09~28.09,,,,,
등촌동,202606,아파트_전월세,등촌센트럴르씨엘,등촌동,852,65.03,,30000,140,3,24,2026,신규,26.07~28.07,,,,,
가양동,202606,아파트_전월세,가양도시개발9-2단지,가양동,1490,39.6,,27000,0,1,23,1993,신규,26.08~28.08,,,,,
화곡동,202606,아파트_전월세,초록,화곡동,1139,49.77,,39500,0,4,21,1998,신규,26.06~28.06,,,,,
마곡동,202606,아파트_전월세,마곡엠밸리2단지,마곡동,735,49.77,,5911,40,3,24,2014,신규,26.07~28.09,,,,,
내발산동,202606,아파트_전월세,마곡수명산파크5단지,내발산동,749,59.84,,35000,65,2,22,2008,갱신,26.07~28.07,35000.0,65.0,사용,,
등촌동,202606,아파트_전월세,주공5,등촌동,695,58.14,,37660,0,3,24,1995,갱신,26.06~28.06,35870.0,,사용,,
가양동,202606,아파트_전월세,한강타운,가양동,1460,84.99,,42700,0,12,24,1993,갱신,26.06~28.06,40700.0,,사용,,
마곡동,202606,아파트_전월세,마곡엠밸리3단지,마곡동,736,114.91,,90000,0,2,12,2014,신규,26.11~28.11,,,,,
화곡동,202606,아파트_전월세,SPACE(920-5),화곡동,920-5,19.75,,10800,15,6,20,2014,갱신,26.06~28.06,10800.0,15.0,,,
화곡동,202606,아파트_전월세,강서힐스테이트,화곡동,1165,84.99,,13500,234,8,12,2015,갱신,26.09~28.09,15000.0,210.0,사용,,
화곡동,202606,아파트_전월세,SPACE(920-5),화곡동,920-5,19.75,,11640,0,6,17,2014,갱신,26.08~28.08,11640.0,,,,
마곡동,202606,아파트_전월세,마곡엠밸리8단지,마곡동,741,59.79,,70000,15,7,24,2016,갱신,26.08~28.08,63000.0,,,,
등촌동,202606,아파트_전월세,주공5,등촌동,695,37.67,,10000,70,6,3,1995,신규,26.06~28.06,,,,,
내발산동,202606,아파트_전월세,마곡수명산파크1단지,내발산동,742,39.73,,2451,22,4,24,2007,신규,26.07~28.06,,,,,
화곡동,202606,아파트_전월세,강서뉴타워,화곡동,1071-19,82.88,,50000,0,3,17,2013,신규,26.09~28.09,,,,,
염창동,202606,아파트_전월세,무학,염창동,255,59.38,,50400,0,15,22,1999,갱신,26.08~28.08,48000.0,,사용,,
가양동,202606,아파트_전월세,가양2단지(성지),가양동,1461,34.44,,23000,0,8,19,1992,신규,26.06~28.06,,,,,
마곡동,202606,아파트_전월세,마곡13단지힐스테이트마스터,마곡동,748,84.9805,,89000,0,11,6,2017,신규,26.08~28.08,,,,,
가양동,202606,아파트_전월세,가양2단지(성지),가양동,1461,49.56,,30000,20,11,24,1992,갱신,26.08~28.08,30000.0,15.0,사용,,
염창동,202606,아파트_전월세,금호타운,염창동,240-32,59.88,,58000,0,16,3,1999,신규,26.09~28.09,,,,,
등촌동,202606,아파트_전월세,대림,등촌동,694,89.975,,10000,200,1,24,1995,신규,26.07~28.07,,,,,
등촌동,202606,아파트_전월세,아임2030등촌역,등촌동,648-5,15.17,,4600,30,4,8,2020,갱신,26.08~27.09,4600.0,29.0,,,
등촌동,202606,아파트_전월세,마곡루나플라체,등촌동,725,22.05,,24600,0,12,24,2021,갱신,26.08~28.08,23500.0,,사용,,
마곡동,202606,아파트_전월세,마곡엠밸리3단지,마곡동,736,59.83,,7525,46,9,24,2014,신규,26.07~28.09,,,,,
화곡동,202606,아파트_전월세,"우장산아이파크,이편한세상",화곡동,1159,59.98,,66000,0,13,24,2008,갱신,26.08~28.08,63000.0,,,,
방화동,202606,아파트_전월세,마곡우촌아파트,방화동,907,28.04,,1000,120,2,15,2022,신규,26.06~27.06,,,,,
염창동,202606,아파트_전월세,현대1,염창동,288,84.19,,40000,70,10,24,1994,갱신,26.06~28.06,39359.0,,,,
가양동,202606,아파트_전월세,가양강나루현대,가양동,448-1,84.98,,17000,190,3,3,1999,신규,26.07~28.07,,,,,
화곡동,202606,아파트_전월세,초록,화곡동,1139,59.34,,10000,135,9,24,1998,신규,26.07~28.07,,,,,
화곡동,202606,아파트_전월세,초록,화곡동,1139,59.34,,10000,120,6,22,1998,신규,26.09~28.09,,,,,
염창동,202606,아파트_전월세,대림,염창동,262-2,84.87,,30000,150,9,13,1999,신규,26.08~28.08,,,,,
가양동,202606,아파트_전월세,강변,가양동,1475,39.6,,23000,0,1,21,1992,신규,26.08~28.08,,,,,
화곡동,202606,아파트_전월세,까치타운,화곡동,915-18,16.98,,8000,15,12,6,2013,신규,26.06~28.06,,,,,
마곡동,202606,아파트_전월세,마곡엠벨리(15단지),마곡동,751,59.79,,25000,180,11,8,2014,신규,26.09~28.09,,,,,
화곡동,202606,아파트_전월세,센트럴파크아파트,화곡동,900-47,48.65,,20000,80,9,17,2021,신규,26.07~28.07,,,,,
화곡동,202606,아파트_전월세,강서힐스테이트,화곡동,1165,152.1,,120000,0,16,6,2015,신규,26.09~28.09,,,,,
염창동,202606,아파트_전월세,아네스트염창,염창동,310,14.94,,11000,27,8,24,2019,신규,26.08~28.08,,,,,
화곡동,202606,아파트_전월세,까치타운,화곡동,915-18,15.59,,9000,25,7,6,2013,갱신,26.06~28.06,9000.0,22.0,,,
방화동,202606,아파트_전월세,방화5,방화동,814,39.6,,5000,74,10,23,1994,갱신,26.07~28.07,5000.0,70.0,사용,,
가양동,202606,아파트_전월세,강변,가양동,1475,39.6,,32000,0,3,24,1992,신규,26.08~28.08,,,,,
등촌동,202606,아파트_전월세,주공3,등촌동,688,58.14,,55000,0,12,19,1995,신규,26.09~28.09,,,,,
방화동,202606,아파트_전월세,동부센트레빌,방화동,870,59.97,,48000,0,3,22,2003,신규,26.08~28.08,,,,,
마곡동,202606,아파트_전월세,마곡엠밸리12단지,마곡동,746-1,59.79,,36030,0,9,24,2016,갱신,26.07~28.06,34315.0,,,,
마곡동,202606,아파트_전월세,마곡엠밸리6단지,마곡동,743,59.96,,6467,42,8,24,2014,신규,26.07~28.09,,,,,
방화동,202606,아파트_전월세,다우하임더프라임아파트,방화동,450-1,68.02,,47250,0,3,24,2023,갱신,26.07~28.07,45000.0,,사용,,
화곡동,202606,아파트_전월세,M노블레스,화곡동,29-57,27.01,,20034,0,6,17,2021,갱신,26.07~28.07,19530.0,,사용,,
마곡동,202606,아파트_전월세,마곡엠밸리10단지,마곡동,747,59.79,,36030,0,8,24,2016,갱신,26.07~28.06,34315.0,,,,
마곡동,202606,아파트_전월세,마곡엠벨리(15단지),마곡동,751,84.86,,82000,0,9,11,2014,갱신,26.08~28.08,75100.0,,,,
가양동,202606,아파트_전월세,동신대아,가양동,1459,164.25,,80000,0,7,19,1993,갱신,26.07~28.07,66700.0,,,,
가양동,202606,아파트_전월세,가양2단지(성지),가양동,1461,49.56,,40000,0,11,7,1992,신규,26.08~28.08,,,,,
등촌동,202606,아파트_전월세,"진로,미주아파트",등촌동,701,84.96,,54000,0,3,19,1994,갱신,26.08~28.08,44000.0,,,,
화곡동,202606,아파트_전월세,에스엠케이아파트,화곡동,938-23,26.93,,12000,50,10,16,2020,신규,26.09~28.08,,,,,
내발산동,202606,아파트_전월세,마곡수명산파크2단지,내발산동,741,84.82,,73000,0,4,23,2007,신규,26.07~28.07,,,,,
방화동,202606,아파트_전월세,방화그린,방화동,839,33.18,,18191,0,8,20,1993,갱신,26.07~27.12,17325.0,,사용,,
화곡동,202606,아파트_전월세,우장산역해링턴타워,화곡동,1170,43.04,,9800,71,8,23,2021,갱신,26.07~28.07,9800.0,67.0,,,
화곡동,202606,아파트_전월세,서광프리메라,화곡동,981-1,84.96,,51000,0,6,17,2006,신규,26.09~28.09,,,,,
가양동,202606,아파트_전월세,대림경동아파트,가양동,1474,131.4,,77000,0,10,12,1993,갱신,26.06~28.06,72000.0,,,,
화곡동,202606,아파트_전월세,강서힐스테이트,화곡동,1165,84.99,,71400,0,9,23,2015,갱신,26.08~28.08,68000.0,,사용,,
마곡동,202606,아파트_전월세,마곡엠밸리6단지,마곡동,743,114.98,,89250,0,13,22,2014,갱신,26.08~28.08,85000.0,,사용,,
내발산동,202606,아파트_전월세,마곡수명산파크2단지,내발산동,741,59.87,,16483,0,10,23,2007,갱신,26.07~28.06,15699.0,,,,
공항동,202606,아파트_전월세,공항동부센트레빌,공항동,1374,118.21,,74000,0,5,23,2009,신규,26.09~28.09,,,,,
염창동,202606,아파트_전월세,롯데캐슬,염창동,272-11,134.5767,,10000,280,13,20,2005,신규,26.07~28.07,,,,,
등촌동,202606,아파트_전월세,삼성한사랑1,등촌동,632-4,84.99,,55000,0,12,23,1997,갱신,26.08~28.08,46500.0,,,,
가양동,202606,아파트_전월세,한강타운,가양동,1460,84.99,,10000,180,13,3,1993,갱신,26.06~28.06,10000.0,170.0,사용,,
내발산동,202606,아파트_전월세,우장산힐스테이트,내발산동,657,126.65,,95000,0,1,22,2005,갱신,26.07~28.07,76500.0,,,,
가양동,202606,아파트_전월세,대림경동아파트,가양동,1474,131.4,,77000,0,6,23,1993,갱신,26.08~28.08,77000.0,,,,
마곡동,202606,아파트_전월세,마곡13단지힐스테이트마스터,마곡동,748,59.9825,,75000,0,6,16,2017,신규,26.09~28.09,,,,,
내발산동,202606,아파트_전월세,우장산힐스테이트,내발산동,657,59.98,,50000,55,17,13,2005,갱신,26.08~28.08,50000.0,40.0,,,
방화동,202606,아파트_전월세,마곡중앙하이츠아파트,방화동,852,39.58,,19448,0,12,23,1994,갱신,26.06~28.06,17640.0,,,,
방화동,202606,아파트_전월세,마곡중앙하이츠아파트,방화동,852,39.58,,1500,75,9,23,1994,갱신,26.08~28.08,1500.0,52.0,,,
내발산동,202606,아파트_전월세,원다벨라빌,내발산동,672-15,84.0152,,46000,0,2,23,2001,갱신,26.07~28.07,45000.0,,사용,,
화곡동,202606,아파트_전월세,강서크라운팰리스,화곡동,998-5,19.91,,17000,36,15,18,2019,갱신,26.07~28.07,20000.0,20.0,사용,,
염창동,202606,아파트_전월세,극동상록수,염창동,280,84.96,,40000,80,1,20,1999,신규,26.08~28.08,,,,,
가양동,202606,아파트_전월세,가양도시개발9-2단지,가양동,1490,34.44,,26000,0,10,23,1993,갱신,26.07~28.07,23000.0,,,,
마곡동,202606,아파트_전월세,마곡엠밸리6단지,마곡동,743,84.74,,40000,160,3,22,2014,신규,26.07~28.07,,,,,
화곡동,202606,아파트_전월세,"우장산아이파크,이편한세상",화곡동,1159,84.97,,73500,0,3,19,2008,갱신,26.08~28.08,70000.0,,사용,,
마곡동,202606,아파트_전월세,마곡엠밸리6단지,마곡동,743,59.79,,36030,0,5,23,2014,갱신,26.07~28.06,34315.0,,,,
가양동,202606,아파트_전월세,강서한강자이,가양동,1500,84.9903,,78000,0,13,1,2013,신규,26.08~28.08,,,,,
가양동,202606,아파트_전월세,가양도시개발9-2단지,가양동,1490,39.6,,36000,0,2,20,1993,신규,26.08~28.08,,,,,
화곡동,202606,아파트_전월세,강서힐스테이트,화곡동,1165,59.99,,72000,0,5,9,2015,신규,26.09~28.09,,,,,
마곡동,202606,아파트_전월세,마곡힐스테이트,마곡동,1589,59.99,,20000,250,10,12,2017,신규,26.09~28.08,,,,,
가양동,202606,아파트_전월세,가양강나루현대,가양동,448-1,84.98,,66000,0,19,12,1999,신규,26.10~28.10,,,,,
마곡동,202606,아파트_전월세,마곡13단지힐스테이트마스터,마곡동,748,84.9881,,90000,0,13,16,2017,신규,26.08~28.08,,,,,
마곡동,202606,아파트_전월세,마곡경남아너스빌,마곡동,1513,84.98,,46000,70,5,17,2007,갱신,26.07~28.07,46000.0,,,,
가양동,202606,아파트_전월세,가양강나루현대,가양동,448-1,59.76,,30000,80,2,22,1999,신규,26.09~28.09,,,,,
가양동,202606,아파트_전월세,가양2단지(성지),가양동,1461,39.6,,25000,0,2,22,1992,신규,26.08~28.08,,,,,
염창동,202606,아파트_전월세,아네스트염창,염창동,310,16.96,,5000,54,7,12,2019,갱신,26.07~27.07,5000.0,49.0,사용,,
염창동,202606,아파트_전월세,대림,염창동,262-2,59.94,,53000,0,10,20,1999,신규,26.08~28.08,,,,,
염창동,202606,아파트_전월세,삼성한마음,염창동,244-2,59.94,,8000,130,13,19,1995,갱신,26.08~28.08,8000.0,100.0,,,
가양동,202606,아파트_전월세,가양2단지(성지),가양동,1461,39.6,,3000,100,11,22,1992,신규,26.08~28.08,,,,,
내발산동,202606,아파트_전월세,마곡수명산파크2단지,내발산동,741,84.53,,78000,0,7,18,2007,신규,26.09~28.09,,,,,
내발산동,202606,아파트_전월세,마곡수명산파크2단지,내발산동,741,84.68,,62000,0,11,22,2007,갱신,26.08~28.08,60000.0,,사용,,
가양동,202606,아파트_전월세,가양2단지(성지),가양동,1461,49.56,,25200,0,1,20,1992,갱신,26.08~28.08,24000.0,,사용,,
화곡동,202606,아파트_전월세,우장산역해링턴타워,화곡동,1170,23.68,,5680,39,7,22,2021,신규,26.07~28.07,,,,,
등촌동,202606,아파트_전월세,아임2030등촌역,등촌동,648-5,15.17,,6200,41,12,22,2020,갱신,26.08~28.08,6200.0,39.0,,,
마곡동,202606,아파트_전월세,마곡엠밸리5단지,마곡동,740,114.86,,100000,0,9,22,2014,신규,26.09~28.09,,,,,
염창동,202606,아파트_전월세,등촌제이스카이,염창동,311,45.35,,26000,25,3,20,2021,갱신,26.06~28.06,25000.0,25.0,,,
염창동,202606,아파트_전월세,염창1차보람더하임,염창동,305,84.98,,70350,0,3,8,2008,갱신,26.08~28.08,67000.0,,사용,,
등촌동,202606,아파트_전월세,부영,등촌동,691-3,80.64,,37470,0,3,12,1994,갱신,26.06~27.06,36380.0,,,,
화곡동,202606,아파트_전월세,우장산역해링턴타워,화곡동,1170,43.04,,9800,71,4,22,2021,갱신,26.07~28.07,9800.0,67.0,,,
등촌동,202606,아파트_전월세,태진아름,등촌동,676,59.94,,45000,0,6,22,1995,신규,26.08~28.08,,,,,
등촌동,202606,아파트_전월세,아임2030등촌역,등촌동,648-5,15.17,,7500,37,10,22,2020,갱신,26.08~27.09,7500.0,35.0,,,
가양동,202606,아파트_전월세,가양6단지,가양동,1485,58.65,,45000,0,7,22,1992,갱신,26.08~28.08,43000.0,,사용,,
화곡동,202606,아파트_전월세,강서동도센트리움,화곡동,1161,14.677,,300,70,2,18,2012,신규,26.06~26.09,,,,,
화곡동,202606,아파트_전월세,우장산역해링턴타워,화곡동,1170,23.68,,5680,40,13,22,2021,갱신,26.08~28.08,5680.0,38.0,,,
방화동,202606,아파트_전월세,방화스카이포레,방화동,909,29.09,,7272,26,12,14,2025,신규,26.07~28.09,,,,,
내발산동,202606,아파트_전월세,센터스퀘어발산,내발산동,767,19.96,,2000,77,16,22,2025,신규,26.07~28.07,,,,,
가양동,202606,아파트_전월세,가양2단지(성지),가양동,1461,34.44,,22000,0,1,10,1992,신규,26.06~28.06,,,,,
화곡동,202606,아파트_전월세,우장산롯데캐슬,화곡동,1145,85,,66000,0,7,21,2003,갱신,26.06~28.06,63000.0,,사용,,
화곡동,202606,아파트_전월세,GMValley,화곡동,899-27,27.16,,1500,100,6,20,2018,신규,26.06~28.06,,,,,
가양동,202606,아파트_전월세,가양6단지,가양동,1485,58.65,,45000,0,15,22,1992,갱신,26.07~28.07,43000.0,,사용,,
등촌동,202606,아파트_전월세,등촌퀸즈포디엄삼익,등촌동,511-4,32.37,,5000,100,2,22,2020,신규,26.08~28.08,,,,,
가양동,202606,아파트_전월세,강변,가양동,1475,49.5,,10000,84,15,18,1992,갱신,26.06~28.06,10000.0,80.0,사용,,
가양동,202606,아파트_전월세,강변,가양동,1475,34.44,,19448,0,10,21,1992,신규,26.09~27.08,,,,,
가양동,202606,아파트_전월세,빛고을우방,가양동,448-9,59.97,,50000,0,4,19,1999,신규,26.09~28.09,,,,,
화곡동,202606,아파트_전월세,우장산롯데캐슬,화곡동,1145,85,,71000,0,11,19,2003,갱신,26.06~28.06,65000.0,,,,
등촌동,202606,아파트_전월세,주공3,등촌동,688,58.14,,20000,100,10,19,1995,신규,26.08~28.08,,,,,
화곡동,202606,아파트_전월세,아델리아Ⅲ,화곡동,24-136,15.53,,2000,40,8,17,2012,신규,26.06~28.06,,,,,
화곡동,202606,아파트_전월세,한양아이클래스,화곡동,926-5,13.79,,7980,0,6,12,2013,신규,26.06~28.06,,,,,
방화동,202606,아파트_전월세,현대,방화동,793,84.99,,42000,0,11,20,1993,갱신,26.06~28.06,40000.0,,사용,,
등촌동,202606,아파트_전월세,한사랑2삼성,등촌동,634-2,84.96,,65000,0,10,15,1999,신규,26.09~28.09,,,,,
내발산동,202606,아파트_전월세,마곡수명산파크6단지,내발산동,759,84.68,,10000,250,11,19,2007,신규,26.08~28.08,,,,,
내발산동,202606,아파트_전월세,마곡수명산파크4단지,내발산동,753,59.84,,56000,0,12,20,2008,신규,26.08~28.08,,,,,
내발산동,202606,아파트_전월세,마곡수명산파크5단지,내발산동,749,59.87,,10000,180,6,22,2008,신규,26.08~28.08,,,,,
염창동,202606,아파트_전월세,삼정그린코아,염창동,282,114.877,,90000,0,15,21,2001,신규,26.09~28.09,,,,,
마곡동,202606,아파트_전월세,마곡엠벨리(15단지),마곡동,751,84.86,,90000,0,12,12,2014,신규,26.08~28.08,,,,,
내발산동,202606,아파트_전월세,마곡수명산파크3단지,내발산동,751,84.76,,68000,0,4,21,2007,신규,26.09~28.09,,,,,
화곡동,202606,아파트_전월세,우장산숲아이파크,화곡동,1173,59.9983,,64000,0,8,19,2022,갱신,26.07~28.07,62000.0,,사용,,
등촌동,202606,아파트_전월세,등촌파밀리에더클래식201동,등촌동,723,56.9,,45000,13,7,18,2020,갱신,26.07~28.07,45000.0,,사용,,
염창동,202606,아파트_전월세,삼현팰리채,염창동,250-1,84.62,,55000,0,6,19,2008,갱신,26.06~28.06,52000.0,,,,
화곡동,202606,아파트_전월세,초록,화곡동,1139,49.77,,38850,0,10,19,1998,갱신,26.06~28.06,37000.0,,사용,,
화곡동,202606,아파트_전월세,복지맨션,화곡동,105-364,51.62,,2000,73,4,17,2000,신규,26.08~28.08,,,,,
등촌동,202606,아파트_전월세,아임2030등촌역,등촌동,648-5,15.17,,7500,36,8,19,2020,갱신,26.08~27.09,7500.0,34.0,,,
가양동,202606,아파트_전월세,가양도시개발9-2단지,가양동,1490,39.6,,20670,0,3,19,1993,갱신,26.06~28.06,19700.0,,사용,,
가양동,202606,아파트_전월세,강변,가양동,1475,39.6,,5000,80,9,16,1992,갱신,26.06~28.06,5000.0,75.0,,,
가양동,202606,아파트_전월세,가양6단지,가양동,1485,49.5,,33500,0,1,12,1992,갱신,26.06~28.06,32500.0,,,,
화곡동,202606,아파트_전월세,팔라이스타워,화곡동,919-2,12.6,,1000,50,10,19,2012,신규,26.06~28.06,,,,,
내발산동,202606,아파트_전월세,마곡수명산파크4단지,내발산동,753,59.84,,52000,0,4,18,2008,갱신,26.06~28.06,46000.0,,,,
등촌동,202606,아파트_전월세,아임2030등촌역,등촌동,648-5,15.17,,7500,36,7,19,2020,갱신,26.07~28.07,7500.0,34.0,,,
등촌동,202606,아파트_전월세,한사랑2삼성,등촌동,634-2,59.85,,37500,0,3,18,1999,신규,26.08~28.08,,,,,
화곡동,202606,아파트_전월세,강서힐스테이트,화곡동,1165,84.99,,80000,0,12,19,2015,신규,26.08~28.09,,,,,
화곡동,202606,아파트_전월세,우장산역해링턴타워,화곡동,1170,43.04,,8320,58,3,18,2021,신규,26.08~28.08,,,,,
가양동,202606,아파트_전월세,가양2단지(성지),가양동,1461,49.56,,2000,90,6,15,1992,신규,26.06~28.06,,,,,
염창동,202606,아파트_전월세,삼성한마음,염창동,244-2,59.94,,40000,50,9,16,1995,신규,26.09~28.09,,,,,
마곡동,202606,아파트_전월세,마곡엠밸리8단지,마곡동,741,59.79,,36030,0,3,19,2016,갱신,26.07~28.06,34315.0,,,,
등촌동,202606,아파트_전월세,아임2030등촌역,등촌동,648-5,15.17,,11500,21,14,18,2020,신규,26.07~28.07,,,,,
등촌동,202606,아파트_전월세,주공3,등촌동,688,58.14,,12000,110,11,4,1995,신규,26.08~28.08,,,,,
방화동,202606,아파트_전월세,청성(877-0),방화동,877,69.539,,40000,0,3,9,2004,신규,26.08~28.08,,,,,
염창동,202606,아파트_전월세,e편한세상염창,염창동,309,55.0323,,60000,0,8,18,2019,갱신,26.09~28.09,60000.0,,사용,,
가양동,202606,아파트_전월세,강변,가양동,1475,49.5,,27120,0,2,3,1992,갱신,26.08~28.08,25830.0,,사용,,
가양동,202606,아파트_전월세,한보구암마을,가양동,1495,59.58,,20000,60,14,13,1999,신규,26.07~28.07,,,,,
내발산동,202606,아파트_전월세,마곡수명산파크5단지,내발산동,749,59.87,,55000,0,5,18,2008,신규,26.07~28.07,,,,,
염창동,202606,아파트_전월세,동아3,염창동,258-1,59.83,,55000,0,16,18,1999,갱신,26.07~28.07,53000.0,,사용,,
마곡동,202606,아파트_전월세,마곡푸르지오,마곡동,1525,114.72,,65000,45,7,18,2008,신규,26.11~28.11,,,,,
방화동,202606,아파트_전월세,대림e-편한세상,방화동,874,84.67,,54000,0,9,17,2003,갱신,26.07~28.07,54000.0,,사용,,
염창동,202606,아파트_전월세,등촌제이스카이,염창동,311,45.35,,4000,155,5,4,2021,신규,26.07~28.06,,,,,
염창동,202606,아파트_전월세,현대1,염창동,288,84.84,,69000,0,7,12,1994,신규,26.08~28.08,,,,,
방화동,202606,아파트_전월세,마곡중앙하이츠아파트,방화동,852,39.58,,24500,0,12,8,1994,신규,26.08~28.08,,,,,
가양동,202606,아파트_전월세,가양도시개발9-2단지,가양동,1490,49.5,,4000,99,15,18,1993,신규,26.09~28.09,,,,,
방화동,202606,아파트_전월세,방화5,방화동,814,33.18,,1000,95,12,17,1994,신규,26.07~28.07,,,,,
방화동,202606,아파트_전월세,방화그린,방화동,839,39.76,,27000,0,5,18,1993,신규,26.07~28.07,,,,,
마곡동,202606,아파트_전월세,마곡금호어울림,마곡동,717,84.948,,51000,0,10,9,2005,갱신,26.07~26.08,51000.0,,,,
내발산동,202606,아파트_전월세,신세계5차,내발산동,675-6,84.89,,55000,0,4,9,2005,갱신,26.06~28.06,49200.0,,,,
염창동,202606,아파트_전월세,등촌제이스카이,염창동,311,28.94,,29000,0,11,13,2021,갱신,26.06~28.06,28000.0,,사용,,
등촌동,202606,아파트_전월세,등촌동아이파크,등촌동,715,134.9883,,78750,0,5,3,2004,갱신,26.07~28.07,75000.0,,사용,,
염창동,202606,아파트_전월세,한울밸리움,염창동,274-18,24.08,,6044,27,7,15,2020,갱신,26.07~28.06,5946.0,25.0,,,
등촌동,202606,아파트_전월세,엘크루발산,등촌동,671-1,15.33,,5800,32,8,18,2022,신규,26.07~28.07,,,,,
화곡동,202606,아파트_전월세,오경아파트,화곡동,894-12,26,,3000,90,9,13,2020,신규,26.06~28.06,,,,,
화곡동,202606,아파트_전월세,라인씨티,화곡동,343-62,14.91,,7500,18,11,18,2014,신규,26.07~27.07,,,,,
마곡동,202606,아파트_전월세,마곡청구아파트,마곡동,1181,59.91,,38000,0,7,18,1998,갱신,26.08~28.08,37300.0,,사용,,
염창동,202606,아파트_전월세,염창1차한화꿈에그린,염창동,281-22,84.93,,76650,0,4,18,2005,갱신,26.06~28.06,73000.0,,사용,,
가양동,202606,아파트_전월세,가양우성,가양동,14-3,75.48,,58000,0,7,18,1990,신규,26.09~28.09,,,,,
방화동,202606,아파트_전월세,마곡중앙하이츠아파트,방화동,852,51.03,,38000,0,5,17,1994,신규,26.08~28.08,,,,,
내발산동,202606,아파트_전월세,태승훼미리2,내발산동,685,102.69,,51000,0,1,18,2004,갱신,26.08~28.08,48500.0,,,,
염창동,202606,아파트_전월세,무학,염창동,255,59.38,,4500,145,6,18,1999,갱신,26.06~28.06,4500.0,117.0,,,
등촌동,202606,아파트_전월세,"등촌1,2단지주공아파트",등촌동,687,41.85,,35000,0,12,17,1994,신규,26.08~28.08,,,,,
화곡동,202606,아파트_전월세,"우장산아이파크,이편한세상",화곡동,1159,84.97,,85000,0,17,17,2008,신규,26.09~28.09,,,,,
등촌동,202606,아파트_전월세,주공3,등촌동,688,58.14,,10000,133,10,6,1995,갱신,26.08~28.08,10000.0,101.0,,,
마곡동,202606,아파트_전월세,마곡13단지힐스테이트마스터,마곡동,748,59.9855,,69820,0,3,18,2017,갱신,26.08~28.08,38000.0,,,,
가양동,202606,아파트_전월세,강변,가양동,1475,49.5,,39000,0,8,17,1992,신규,26.09~28.09,,,,,
염창동,202606,아파트_전월세,벽산늘푸른,염창동,290,84.94,,59000,0,15,18,1998,신규,26.08~28.08,,,,,
등촌동,202606,아파트_전월세,대동황토방2,등촌동,713,59.96,,40700,0,13,13,2003,갱신,26.06~28.06,38850.0,,,,
가양동,202606,아파트_전월세,가양2단지(성지),가양동,1461,39.6,,23500,0,1,16,1992,신규,26.07~28.07,,,,,
염창동,202606,아파트_전월세,강변월드메르디앙,염창동,240-1,84.8789,,40000,40,11,13,2010,갱신,26.06~28.06,40000.0,32.0,,,
가양동,202606,아파트_전월세,가양도시개발공사8단지(임대),가양동,1482,39.6,,2220,6,10,18,1992,갱신,26.07~28.06,809.0,13.0,,,
염창동,202606,아파트_전월세,동아3,염창동,258-1,59.83,,30000,95,2,5,1999,신규,26.07~28.07,,,,,
염창동,202606,아파트_전월세,아네스트염창,염창동,310,14.94,,1000,65,6,12,2019,갱신,26.07~28.07,1000.0,62.0,,,
화곡동,202606,아파트_전월세,SPACE(920-5),화곡동,920-5,19.75,,10500,2,10,16,2014,갱신,26.07~28.07,10500.0,,사용,,
내발산동,202606,아파트_전월세,우장산힐스테이트,내발산동,657,126.65,,10000,320,4,16,2005,신규,26.08~28.08,,,,,
내발산동,202606,아파트_전월세,롯데2,내발산동,729,59.893,,42000,0,8,3,2003,갱신,26.06~28.06,40000.0,,사용,,
마곡동,202606,아파트_전월세,마곡엠밸리9단지,마곡동,744,84.65,,85000,0,9,17,2021,신규,26.08~28.08,,,,,
가양동,202606,아파트_전월세,가양도시개발9-1단지,가양동,1489,34.44,,738,11,4,17,1992,신규,26.07~28.09,,,,,
등촌동,202606,아파트_전월세,동성,등촌동,691-1,134.94,,20000,215,14,8,1995,신규,26.07~28.07,,,,,
방화동,202606,아파트_전월세,방화그린,방화동,839,39.76,,25700,0,11,17,1993,갱신,26.07~28.07,24500.0,,사용,,
염창동,202606,아파트_전월세,염창2차보람,염창동,271-4,59.87,,47000,0,11,13,2005,갱신,26.12~28.12,43000.0,,,,
방화동,202606,아파트_전월세,방화6단지,방화동,816,24.05,,557,8,8,17,1994,신규,26.07~28.09,,,,,
방화동,202606,아파트_전월세,방화6단지,방화동,816,39.6,,922,13,4,17,1994,신규,26.07~28.09,,,,,
내발산동,202606,아파트_전월세,길성그랑프리텔,내발산동,730,71.513,,52500,0,3,17,2003,갱신,26.08~28.08,50000.0,,사용,,
등촌동,202606,아파트_전월세,삼성한사랑1,등촌동,632-4,84.99,,10000,240,18,11,1997,신규,26.10~28.10,,,,,
등촌동,202606,아파트_전월세,아임2030등촌역,등촌동,648-5,15.17,,7500,36,9,17,2020,갱신,26.08~28.08,7500.0,34.0,,,
화곡동,202606,아파트_전월세,화곡3차보람,화곡동,1150,84.79,,25000,50,11,17,2004,신규,26.07~28.07,,,,,
염창동,202606,아파트_전월세,동아3,염창동,258-1,59.7,,51450,0,13,17,1999,갱신,26.07~28.07,49000.0,,사용,,
등촌동,202606,아파트_전월세,대동황토방2,등촌동,713,59.93,,45000,0,2,16,2003,신규,26.08~28.08,,,,,
화곡동,202606,아파트_전월세,"우장산아이파크,이편한세상",화곡동,1159,84.97,,65000,60,19,5,2008,신규,26.09~28.09,,,,,
마곡동,202606,아파트_전월세,마곡13단지힐스테이트마스터,마곡동,748,84.9805,,84000,0,14,8,2017,갱신,26.07~28.07,80000.0,,사용,,
가양동,202606,아파트_전월세,가양우성,가양동,14-3,75.48,,37000,59,6,16,1990,갱신,26.07~28.07,37000.0,50.0,사용,,
등촌동,202606,아파트_전월세,등촌라인(조합),등촌동,628-15,59.91,,7000,185,20,13,1997,신규,26.08~28.08,,,,,
가양동,202606,아파트_전월세,강변,가양동,1475,34.44,,20000,0,10,16,1992,신규,26.08~28.08,,,,,
가양동,202606,아파트_전월세,가양도시개발9-1단지,가양동,1489,34.44,,738,12,6,17,1992,신규,26.07~28.09,,,,,
염창동,202606,아파트_전월세,태영,염창동,270-1,59.97,,45500,0,6,16,1999,갱신,26.07~28.07,43500.0,,사용,,
화곡동,202606,아파트_전월세,강서힐스테이트,화곡동,1165,59.99,,57500,0,20,13,2015,갱신,26.08~28.08,55000.0,,,,
내발산동,202606,아파트_전월세,우장산힐스테이트,내발산동,657,84.98,,77000,0,16,16,2005,갱신,26.07~28.06,74000.0,,사용,,
등촌동,202606,아파트_전월세,"등촌7,8단지주공아파트",등촌동,707,41.85,,2000,105,12,5,1994,신규,26.07~28.07,,,,,
등촌동,202606,아파트_전월세,아임2030등촌역,등촌동,648-5,15.01,,6200,41,17,12,2020,갱신,26.07~28.06,6200.0,39.0,,,
등촌동,202606,아파트_전월세,한사랑2삼성,등촌동,634-2,59.73,,38500,0,12,16,1999,갱신,26.07~28.07,38500.0,,,,
가양동,202606,아파트_전월세,가양도시개발공사8단지(임대),가양동,1482,39.6,,2179,5,3,16,1992,갱신,26.07~28.06,809.0,12.0,,,
가양동,202606,아파트_전월세,가양주공7단지(임대),가양동,1486,31.32,,344,7,15,12,1992,갱신,26.07~28.06,328.0,6.0,,,
염창동,202606,아파트_전월세,관음삼성,염창동,268,59.96,,54000,0,19,13,1997,신규,26.08~28.08,,,,,
등촌동,202606,아파트_전월세,"등촌1,2단지주공아파트",등촌동,687,41.85,,10000,80,12,16,1994,갱신,26.06~27.06,10000.0,80.0,,,
내발산동,202606,아파트_전월세,마곡수명산파크5단지,내발산동,749,59.87,,34000,0,14,16,2008,갱신,26.07~28.07,32500.0,,,,
내발산동,202606,아파트_전월세,낙원연립재건축조합아파트,내발산동,708-14,79.21,,31000,34,1,16,2001,갱신,26.07~28.07,31000.0,24.0,,,
화곡동,202606,아파트_전월세,드림시드아파트,화곡동,915-39,36.08,,2000,118,5,16,2018,신규,26.07~28.07,,,,,
화곡동,202606,아파트_전월세,강서힐스테이트,화곡동,1165,59.99,,10000,196,5,2,2015,갱신,26.08~28.08,10000.0,185.0,사용,,
공항동,202606,아파트_전월세,공항동부센트레빌,공항동,1374,84.99,,58000,0,8,16,2009,신규,26.08~28.08,,,,,
등촌동,202606,아파트_전월세,부영,등촌동,691-3,80.64,,10000,100,9,15,1994,신규,26.08~28.08,,,,,
방화동,202606,아파트_전월세,동성,방화동,817,84.95,,55650,0,7,16,1993,갱신,26.08~28.08,53000.0,,사용,,
등촌동,202606,아파트_전월세,대림아르빌아파트,등촌동,637-22,84.6,,58000,0,7,12,2002,신규,26.09~28.05,,,,,
가양동,202606,아파트_전월세,일신건영휴먼빌,가양동,1496,84.95,,40000,0,5,13,2004,갱신,26.06~28.06,40000.0,,사용,,
화곡동,202606,아파트_전월세,경동엠파이어시티102동,화곡동,1051-7,12.01,,500,50,7,2,2014,신규,26.06~28.06,,,,,
가양동,202606,아파트_전월세,가양2단지(성지),가양동,1461,49.56,,5000,100,1,9,1992,갱신,26.07~28.07,5000.0,100.0,,,
화곡동,202606,아파트_전월세,경동엠파이어시티102동,화곡동,1051-7,12.01,,500,50,8,1,2014,신규,26.06~28.06,,,,,
염창동,202606,아파트_전월세,일신건영휴먼빌,염창동,298,84.93,,47000,0,5,16,2004,갱신,26.06~28.06,46000.0,,사용,,
방화동,202606,아파트_전월세,방화스카이포레,방화동,909,44.03,,12240,43,5,16,2025,신규,26.07~28.09,,,,,
방화동,202606,아파트_전월세,개화,방화동,819,101.86,,63000,0,5,2,1994,신규,26.08~28.08,,,,,
마곡동,202606,아파트_전월세,마곡엠밸리7단지,마곡동,743-4,84.95,,91000,0,1,13,2014,신규,26.11~28.11,,,,,
등촌동,202606,아파트_전월세,우성,등촌동,630-3,84.96,,36300,0,11,10,1992,신규,26.07~28.07,,,,,
방화동,202606,아파트_전월세,마곡중앙하이츠아파트,방화동,852,51.03,,6000,100,9,16,1994,갱신,26.07~28.07,6000.0,90.0,,,
염창동,202606,아파트_전월세,염창동한강우성,염창동,66-9,65.88,,37000,7,2,16,1990,갱신,26.06~28.06,37000.0,,사용,,
등촌동,202606,아파트_전월세,등촌라인(조합),등촌동,628-15,59.91,,45000,0,8,16,1997,갱신,26.06~28.06,35000.0,,,,
방화동,202606,아파트_전월세,방화6단지,방화동,816,39.6,,522,13,13,16,1994,갱신,26.07~28.06,888.0,12.0,,,
방화동,202606,아파트_전월세,방화스카이포레,방화동,909,44.02,,12240,43,8,15,2025,신규,26.07~28.09,,,,,
염창동,202606,아파트_전월세,동아,염창동,292,59.97,,50000,0,8,15,1998,신규,26.10~28.10,,,,,
가양동,202606,아파트_전월세,동신대아,가양동,1459,134.88,,63000,0,1,13,1993,갱신,26.08~28.08,51000.0,,,,
가양동,202606,아파트_전월세,가양6단지,가양동,1485,39.6,,8000,80,5,11,1992,신규,26.06~28.06,,,,,
내발산동,202606,아파트_전월세,마곡수명산파크1단지,내발산동,742,84.53,,73000,0,13,15,2007,신규,26.08~28.08,,,,,
마곡동,202606,아파트_전월세,마곡엠밸리5단지,마곡동,740,114.86,,100000,0,5,15,2014,신규,26.09~28.08,,,,,
방화동,202606,아파트_전월세,청솔,방화동,832,49.2,,2500,130,10,5,1994,신규,26.06~28.06,,,,,
마곡동,202606,아파트_전월세,마곡엠벨리(15단지),마곡동,751,84.88,,48142,0,13,15,2014,갱신,26.07~28.06,45850.0,,,,
염창동,202606,아파트_전월세,벽산늘푸른,염창동,290,84.94,,45000,0,3,15,1998,갱신,26.10~27.04,43000.0,,사용,,
등촌동,202606,아파트_전월세,우성,등촌동,630-3,84.96,,35500,50,2,15,1992,갱신,26.07~28.07,34000.0,50.0,사용,,
등촌동,202606,아파트_전월세,대동황토방2,등촌동,713,80.93,,56500,0,6,13,2003,갱신,26.08~28.08,54000.0,,사용,,
등촌동,202606,아파트_전월세,등촌센트럴르씨엘,등촌동,852,44.55,,40000,0,3,15,2026,갱신,26.07~28.07,30000.0,40.0,,,
화곡동,202606,아파트_전월세,우장산롯데캐슬,화곡동,1145,85,,73000,0,6,12,2003,갱신,26.06~28.06,72000.0,,,,
염창동,202606,아파트_전월세,신동아,염창동,289,84.9,,38850,0,15,15,1995,갱신,26.08~28.08,38850.0,,,,
가양동,202606,아파트_전월세,한강타운,가양동,1460,84.99,,50000,0,13,15,1993,갱신,26.08~28.08,50000.0,,사용,,
염창동,202606,아파트_전월세,태진한솔,염창동,263,84.97,,48300,0,11,10,1994,갱신,26.08~28.09,46000.0,,사용,,
마곡동,202606,아파트_전월세,마곡현대아파트,마곡동,1171,59.92,,43000,0,7,13,1999,신규,26.09~28.09,,,,,
화곡동,202606,아파트_전월세,희훈리치파크,화곡동,1011-6,84.64,,57750,0,10,13,2002,갱신,26.07~28.07,55000.0,,사용,,
내발산동,202606,아파트_전월세,마곡수명산파크5단지,내발산동,749,59.87,,55000,0,3,13,2008,신규,26.09~28.09,,,,,
마곡동,202606,아파트_전월세,마곡힐스테이트,마곡동,1589,84.98,,80000,0,6,8,2017,신규,26.08~28.08,,,,,
등촌동,202606,아파트_전월세,아임2030등촌역,등촌동,648-5,15.17,,7500,36,15,12,2020,신규,26.07~28.07,,,,,
화곡동,202606,아파트_전월세,우장산숲아이파크,화곡동,1173,59.9983,,59850,0,14,13,2022,신규,26.10~28.10,,,,,
마곡동,202606,아파트_전월세,마곡엠밸리9단지,마곡동,744,84.85,,70000,90,12,15,2021,신규,26.09~28.09,,,,,
등촌동,202606,아파트_전월세,아임2030등촌역,등촌동,648-5,15.17,,4600,31,4,11,2020,갱신,26.07~28.07,4600.0,31.0,,,
가양동,202606,아파트_전월세,빛고을우방,가양동,448-9,84.9,,46000,0,12,13,1999,신규,26.08~28.08,,,,,
내발산동,202606,아파트_전월세,마곡수명산파크3단지,내발산동,751,84.76,,38083,0,10,12,2007,갱신,26.07~28.06,36270.0,,,,
방화동,202606,아파트_전월세,마곡드림힐,방화동,872,84.5338,,45000,0,4,13,2003,갱신,26.07~28.07,43000.0,,사용,,
화곡동,202606,아파트_전월세,"우장산아이파크,이편한세상",화곡동,1159,84.97,,61700,0,3,15,2008,갱신,26.06~28.06,58800.0,,,,
내발산동,202606,아파트_전월세,마곡수명산파크1단지,내발산동,742,39.73,,6088,2,7,12,2007,갱신,26.07~28.06,2359.0,21.0,,,
마곡동,202606,아파트_전월세,마곡엠벨리(15단지),마곡동,751,59.84,,36030,0,4,12,2014,갱신,26.07~28.06,34315.0,,,,
내발산동,202606,아파트_전월세,우장산신일해피트리,내발산동,763,43.06,,38000,0,6,13,2023,신규,26.08~28.08,,,,,
가양동,202606,아파트_전월세,동신대아,가양동,1459,101.97,,68000,0,13,11,1993,신규,26.09~28.09,,,,,
방화동,202606,아파트_전월세,장미,방화동,841,49.2,,5000,120,7,13,1994,신규,26.08~28.08,,,,,
마곡동,202606,아파트_전월세,마곡엠밸리8단지,마곡동,741,84.89,,87000,0,6,14,2016,신규,26.08~28.08,,,,,
마곡동,202606,아파트_전월세,마곡엠벨리(14단지),마곡동,750,84.88,,40000,180,13,13,2014,신규,26.09~28.09,,,,,
내발산동,202606,아파트_전월세,마곡수명산파크5단지,내발산동,749,59.84,,62000,0,3,14,2008,신규,26.08~28.08,,,,,
등촌동,202606,아파트_전월세,대림,등촌동,694,123.72,,80000,0,9,13,1995,신규,26.09~28.09,,,,,
방화동,202606,아파트_전월세,방화메이빌,방화동,902,50.5074,,43000,0,8,11,2017,신규,26.09~28.09,,,,,
가양동,202606,아파트_전월세,가양2단지(성지),가양동,1461,34.44,,1000,90,5,13,1992,갱신,26.09~28.09,1000.0,73.0,,,
가양동,202606,아파트_전월세,가양2단지(성지),가양동,1461,34.44,,25000,0,8,13,1992,갱신,26.06~28.06,23000.0,,,,
가양동,202606,아파트_전월세,강나루2현대,가양동,448,84.99,,68000,0,3,6,2001,신규,26.09~28.09,,,,,
마곡동,202606,아파트_전월세,벽산,마곡동,429,114.96,,63000,0,12,14,1999,신규,26.08~28.08,,,,,
마곡동,202606,아파트_전월세,마곡13단지힐스테이트마스터,마곡동,748,84.9881,,80000,0,6,12,2017,갱신,26.06~28.06,70000.0,,,,
마곡동,202606,아파트_전월세,마곡엠밸리9단지,마곡동,744,59.86,,69000,0,13,13,2021,신규,26.08~28.08,,,,,
염창동,202606,아파트_전월세,극동,염창동,246-23,59.9,,3000,120,17,11,2000,갱신,26.08~26.11,43000.0,,,,
화곡동,202606,아파트_전월세,강서힐스테이트,화곡동,1165,84.99,,75000,40,16,5,2015,신규,26.09~28.09,,,,,
염창동,202606,아파트_전월세,신동아,염창동,289,84.7,,49000,0,3,13,1995,갱신,26.07~28.07,44000.0,,,,
가양동,202606,아파트_전월세,강서한강자이,가양동,1500,124.4246,,88000,0,2,12,2013,신규,26.06~28.06,,,,,
화곡동,202606,아파트_전월세,우장산역해링턴타워,화곡동,1170,23.68,,4544,31,8,12,2021,신규,26.07~28.07,,,,,
가양동,202606,아파트_전월세,한강타운,가양동,1460,84.99,,49350,0,11,12,1993,갱신,26.07~28.07,47000.0,,사용,,
내발산동,202606,아파트_전월세,마곡수명산파크5단지,내발산동,749,49.93,,3900,29,11,12,2008,갱신,26.07~28.06,3754.0,28.0,,,
마곡동,202606,아파트_전월세,마곡엠밸리2단지,마곡동,735,49.77,,9833,18,7,12,2014,갱신,26.07~28.06,5689.0,38.0,,,
가양동,202606,아파트_전월세,가양2단지(성지),가양동,1461,34.44,,30000,0,13,12,1992,갱신,26.07~28.07,30000.0,,,,
가양동,202606,아파트_전월세,가양도시개발9-2단지,가양동,1490,34.44,,13500,30,10,11,1993,신규,26.08~28.08,,,,,
마곡동,202606,아파트_전월세,마곡엠밸리9단지,마곡동,744,59.86,,57330,0,5,12,2021,갱신,26.09~28.09,54600.0,,사용,,
방화동,202606,아파트_전월세,마곡 한진해모로,방화동,579,59.92,,42000,0,11,11,2004,갱신,26.08~28.08,40000.0,,사용,,
마곡동,202606,아파트_전월세,마곡엠밸리6단지,마곡동,743,49.77,,9361,17,3,12,2014,갱신,26.07~28.06,5381.0,37.0,,,
마곡동,202606,아파트_전월세,마곡엠벨리(15단지),마곡동,751,59.79,,36030,0,3,12,2014,갱신,26.07~28.06,34315.0,,,,
등촌동,202606,아파트_전월세,등촌주공아파트11단지,등촌동,705-6,51.84,,7742,66,6,11,2004,갱신,26.07~28.06,3440.0,28.0,,,
마곡동,202606,아파트_전월세,마곡엠벨리(15단지),마곡동,751,59.94,,10964,20,9,12,2014,갱신,26.07~28.06,6412.0,42.0,,,
내발산동,202606,아파트_전월세,마곡수명산파크5단지,내발산동,749,49.97,,6724,13,5,12,2008,갱신,26.07~28.06,3754.0,28.0,,,
마곡동,202606,아파트_전월세,마곡엠밸리10단지,마곡동,747,59.97,,36030,0,5,12,2016,갱신,26.07~28.06,34315.0,,,,
마곡동,202606,아파트_전월세,마곡엠밸리7단지,마곡동,743-4,59.79,,8103,27,10,12,2014,갱신,26.07~28.06,5553.0,39.0,,,
가양동,202606,아파트_전월세,가양2단지(성지),가양동,1461,34.44,,20700,0,13,7,1992,갱신,26.07~28.07,19780.0,,,,
마곡동,202606,아파트_전월세,마곡엠밸리9단지,마곡동,744,59.86,,40000,140,3,5,2021,신규,26.08~28.08,,,,,
등촌동,202606,아파트_전월세,한사랑2삼성,등촌동,634-2,84.96,,60000,0,1,11,1999,신규,26.09~28.09,,,,,
가양동,202606,아파트_전월세,강변,가양동,1475,39.6,,4000,85,7,12,1992,갱신,26.08~28.08,4000.0,75.0,,,
등촌동,202606,아파트_전월세,등촌센트럴르씨엘,등촌동,852,59.3,,54000,0,5,10,2026,신규,26.07~28.07,,,,,
마곡동,202606,아파트_전월세,마곡엠밸리7단지,마곡동,743-4,59.79,,9749,18,4,12,2014,갱신,26.07~28.06,5553.0,39.0,,,
마곡동,202606,아파트_전월세,한솔솔파크,마곡동,716,84.87,,67000,0,1,11,2005,신규,26.09~28.09,,,,,
화곡동,202606,아파트_전월세,우장산롯데캐슬,화곡동,1145,85,,72000,0,14,1,2003,갱신,26.06~28.06,63000.0,,,,
방화동,202606,아파트_전월세,방화메이빌,방화동,902,48.8686,,36500,0,4,5,2017,신규,26.07~28.07,,,,,
내발산동,202606,아파트_전월세,마곡수명산파크5단지,내발산동,749,49.97,,1754,33,7,11,2008,갱신,26.07~28.06,3754.0,28.0,,,
마곡동,202606,아파트_전월세,마곡엠벨리(14단지),마곡동,750,49.87,,5564,38,12,11,2014,갱신,26.07~28.06,5355.0,37.0,,,
내발산동,202606,아파트_전월세,마곡수명산파크3단지,내발산동,751,84.53,,38587,0,6,11,2007,갱신,26.07~28.06,36750.0,,,,
내발산동,202606,아파트_전월세,마곡수명산파크4단지,내발산동,753,84.96,,72000,0,5,11,2008,신규,26.07~28.07,,,,,
마곡동,202606,아파트_전월세,마곡엠벨리(14단지),마곡동,750,49.87,,9350,17,4,11,2014,갱신,26.07~28.06,5355.0,37.0,,,
마곡동,202606,아파트_전월세,마곡푸르지오,마곡동,1525,59.87,,47200,0,9,11,2008,갱신,26.07~28.07,45000.0,,사용,,
마곡동,202606,아파트_전월세,마곡엠밸리8단지,마곡동,741,59.99,,11245,18,8,11,2016,갱신,26.07~28.06,7089.0,38.0,,,
화곡동,202606,아파트_전월세,M노블레스,화곡동,29-57,27.01,,19656,0,3,12,2021,갱신,26.06~28.06,19152.0,,사용,,
내발산동,202606,아파트_전월세,마곡수명산파크5단지,내발산동,749,49.97,,3900,29,6,12,2008,갱신,26.07~28.06,3754.0,28.0,,,
마곡동,202606,아파트_전월세,마곡엠밸리3단지,마곡동,736,49.77,,4591,45,11,12,2014,갱신,26.07~28.06,6151.0,40.0,,,
화곡동,202606,아파트_전월세,우공팰리스101동,화곡동,1026-27,72.96,,25000,50,7,9,2005,신규,26.06~28.06,,,,,
내발산동,202606,아파트_전월세,마곡수명산파크1단지,내발산동,742,39.92,,3491,16,12,11,2007,갱신,26.07~28.06,2359.0,21.0,,,
내발산동,202606,아파트_전월세,마곡수명산파크7단지,내발산동,756,49.97,,1653,30,9,11,2008,갱신,26.07~28.06,3536.0,25.0,,,
등촌동,202606,아파트_전월세,아임2030등촌역,등촌동,648-5,15.17,,10000,27,12,11,2020,신규,26.07~28.07,,,,,
마곡동,202606,아파트_전월세,마곡엠밸리4단지,마곡동,738,59.79,,3311,54,6,11,2014,갱신,26.07~28.06,7082.0,44.0,,,
마곡동,202606,아파트_전월세,마곡엠밸리10단지,마곡동,747,59.97,,36030,0,9,11,2016,갱신,26.07~28.06,34315.0,,,,
등촌동,202606,아파트_전월세,등촌동아이파크,등촌동,715,84.7556,,53000,0,2,9,2004,신규,26.08~28.08,,,,,
마곡동,202606,아파트_전월세,마곡엠밸리7단지,마곡동,743-4,59.79,,9749,18,5,11,2014,갱신,26.07~28.06,5553.0,39.0,,,
마곡동,202606,아파트_전월세,마곡엠밸리6단지,마곡동,743,59.79,,36030,0,5,11,2014,갱신,26.07~28.06,34315.0,,,,
방화동,202606,아파트_전월세,마곡서광(치현마을),방화동,860,84.93,,40000,0,15,9,1998,갱신,26.07~28.06,40000.0,,,,
가양동,202606,아파트_전월세,가양도시개발9-2단지,가양동,1490,39.6,,2000,70,9,5,1993,갱신,26.06~27.06,1000.0,70.0,,,
내발산동,202606,아파트_전월세,마곡수명산파크6단지,내발산동,759,49.83,,1719,32,2,11,2007,갱신,26.07~28.06,3679.0,27.0,,,
마곡동,202606,아파트_전월세,마곡엠밸리10단지,마곡동,747,59.79,,6474,38,4,11,2016,갱신,26.07~28.06,6231.0,36.0,,,
방화동,202606,아파트_전월세,장미,방화동,841,59.04,,31500,0,2,11,1994,갱신,26.07~28.07,30000.0,,사용,,
마곡동,202606,아파트_전월세,마곡엠밸리4단지,마곡동,738,114.69,,95000,0,3,5,2014,신규,26.09~28.09,,,,,
염창동,202606,아파트_전월세,DH팰리스,염창동,263-7,55.19,,47200,0,4,11,2022,갱신,26.07~28.07,45000.0,,사용,,
마곡동,202606,아파트_전월세,마곡엠밸리7단지,마곡동,743-4,59.79,,2596,47,14,11,2014,갱신,26.07~28.06,5553.0,39.0,,,
마곡동,202606,아파트_전월세,마곡엠밸리11단지,마곡동,746,59.79,,36030,0,9,11,2016,갱신,26.07~28.06,34315.0,,,,
마곡동,202606,아파트_전월세,마곡엠밸리6단지,마곡동,743,59.79,,10600,19,11,11,2014,갱신,26.07~28.06,6224.0,40.0,,,
가양동,202606,아파트_전월세,대림경동아파트,가양동,1474,131.4,,68000,0,4,11,1993,갱신,26.06~28.06,68000.0,,사용,,
마곡동,202606,아파트_전월세,마곡엠벨리(15단지),마곡동,751,84.88,,48142,0,1,11,2014,갱신,26.07~28.06,45850.0,,,,
마곡동,202606,아파트_전월세,마곡13단지힐스테이트마스터,마곡동,748,59.9825,,40000,150,9,11,2017,신규,26.08~28.08,,,,,
마곡동,202606,아파트_전월세,마곡엠밸리12단지,마곡동,746-1,59.79,,40057,0,8,11,2016,갱신,26.07~28.06,38150.0,,,,
마곡동,202606,아파트_전월세,마곡엠밸리8단지,마곡동,741,59.97,,36030,0,2,11,2016,갱신,26.07~28.06,36030.0,,,,
마곡동,202606,아파트_전월세,마곡엠밸리11단지,마곡동,746,59.79,,10204,17,14,11,2016,갱신,26.07~28.06,6251.0,36.0,,,
마곡동,202606,아파트_전월세,마곡엠밸리6단지,마곡동,743,59.79,,10806,18,12,11,2014,갱신,26.07~28.06,6224.0,40.0,,,
마곡동,202606,아파트_전월세,마곡엠밸리8단지,마곡동,741,59.79,,3314,48,8,11,2016,갱신,26.07~28.06,7089.0,38.0,,,
마곡동,202606,아파트_전월세,마곡나루경남아파트,마곡동,1577,84.29,,50000,0,8,11,1991,갱신,26.06~28.06,33000.0,60.0,,,
가양동,202606,아파트_전월세,가양2단지(성지),가양동,1461,39.6,,24000,0,13,11,1992,신규,26.07~28.07,,,,,
방화동,202606,아파트_전월세,마곡중앙하이츠아파트,방화동,852,39.58,,21000,0,7,11,1994,갱신,26.06~28.06,20000.0,,,,
마곡동,202606,아파트_전월세,마곡엠밸리4단지,마곡동,738,59.79,,3311,54,3,11,2014,갱신,26.07~28.06,7082.0,44.0,,,
등촌동,202606,아파트_전월세,주공3,등촌동,688,58.14,,43000,0,4,11,1995,갱신,26.07~28.07,41000.0,,사용,,
화곡동,202606,아파트_전월세,청담라인씨티,화곡동,920-17,25.74,,10200,31,15,11,2018,갱신,26.07~28.07,10200.0,28.0,사용,,
마곡동,202606,아파트_전월세,마곡엠밸리11단지,마곡동,746,59.79,,10204,17,4,11,2016,갱신,26.07~28.06,6251.0,36.0,,,
내발산동,202606,아파트_전월세,마곡수명산파크5단지,내발산동,749,49.97,,6724,13,6,10,2008,갱신,26.07~28.06,3754.0,28.0,,,
마곡동,202606,아파트_전월세,마곡엠벨리(14단지),마곡동,750,49.87,,9540,16,7,11,2014,갱신,26.07~28.06,5355.0,37.0,,,
내발산동,202606,아파트_전월세,마곡수명산파크4단지,내발산동,753,59.76,,7493,14,6,11,2008,갱신,26.07~28.06,4161.0,31.0,,,
마곡동,202606,아파트_전월세,마곡엠벨리(14단지),마곡동,750,59.96,,13442,37,9,11,2014,갱신,26.07~28.06,6318.0,42.0,,,
마곡동,202606,아파트_전월세,마곡엠밸리7단지,마곡동,743-4,59.79,,36030,0,3,10,2014,갱신,26.07~28.06,34315.0,,,,
마곡동,202606,아파트_전월세,마곡엠벨리(15단지),마곡동,751,49.87,,3028,44,3,10,2014,갱신,26.07~28.06,5408.0,37.0,,,
마곡동,202606,아파트_전월세,마곡엠밸리1단지,마곡동,734,49.77,,9486,25,9,10,2014,갱신,26.07~28.06,6224.0,40.0,,,
내발산동,202606,아파트_전월세,마곡수명산파크6단지,내발산동,759,49.93,,2222,31,9,10,2007,갱신,26.07~28.06,3679.0,27.0,,,
방화동,202606,아파트_전월세,강서센트레빌3차,방화동,893,84.4,,63000,0,12,10,2009,갱신,26.08~28.08,60000.0,,사용,,
내발산동,202606,아파트_전월세,마곡수명산파크3단지,내발산동,751,84.53,,38083,0,13,10,2007,갱신,26.07~28.06,36270.0,,,,
내발산동,202606,아파트_전월세,마곡수명산파크5단지,내발산동,749,49.93,,6865,12,9,10,2008,갱신,26.07~28.06,3754.0,28.0,,,
내발산동,202606,아파트_전월세,마곡수명산파크1단지,내발산동,742,39.8,,6088,2,5,11,2007,갱신,26.07~28.06,2359.0,21.0,,,
마곡동,202606,아파트_전월세,마곡엠밸리10단지,마곡동,747,59.79,,6474,38,14,10,2016,갱신,26.07~28.06,6231.0,36.0,,,
마곡동,202606,아파트_전월세,마곡엠밸리10단지,마곡동,747,59.79,,36030,0,12,11,2016,갱신,26.07~28.06,34315.0,,,,
마곡동,202606,아파트_전월세,마곡엠밸리4단지,마곡동,738,49.77,,10110,18,5,11,2014,갱신,26.07~28.06,5944.0,38.0,,,
마곡동,202606,아파트_전월세,마곡엠밸리6단지,마곡동,743,59.95,,36030,0,1,10,2014,갱신,26.07~28.06,34315.0,,,,
마곡동,202606,아파트_전월세,마곡엠밸리11단지,마곡동,746,59.99,,36030,0,6,10,2016,갱신,26.07~28.06,34315.0,,,,
마곡동,202606,아파트_전월세,마곡엠밸리10단지,마곡동,747,59.79,,2913,45,12,10,2016,갱신,26.07~28.06,6231.0,36.0,,,
등촌동,202606,아파트_전월세,주공5,등촌동,695,58.14,,48000,0,8,10,1995,신규,26.08~28.08,,,,,
내발산동,202606,아파트_전월세,마곡수명산파크6단지,내발산동,759,49.97,,6567,13,8,10,2007,갱신,26.07~28.06,3679.0,27.0,,,
내발산동,202606,아파트_전월세,마곡수명산파크7단지,내발산동,756,49.97,,6256,12,10,11,2008,갱신,26.07~28.06,3536.0,25.0,,,
내발산동,202606,아파트_전월세,마곡수명산파크5단지,내발산동,749,49.97,,3900,29,2,10,2008,갱신,26.07~28.06,3754.0,28.0,,,
화곡동,202606,아파트_전월세,까치타운,화곡동,915-18,13.98,,4000,20,10,11,2013,신규,26.06~28.06,,,,,
등촌동,202606,아파트_전월세,주공5,등촌동,695,37.67,,33600,0,2,10,1995,갱신,26.09~28.09,32000.0,,사용,,
염창동,202606,아파트_전월세,우성2,염창동,287-1,84.7,,63000,0,3,8,1992,신규,26.09~28.09,,,,,
화곡동,202606,아파트_전월세,디아인스,화곡동,899-31,23.93,,23600,0,7,10,2018,갱신,26.06~28.06,23600.0,,사용,,
마곡동,202606,아파트_전월세,마곡엠밸리3단지,마곡동,736,49.77,,7410,35,3,10,2014,갱신,26.07~28.06,6151.0,40.0,,,
마곡동,202606,아파트_전월세,마곡엠밸리11단지,마곡동,746,59.79,,40057,0,13,10,2016,갱신,26.07~28.06,38150.0,,,,
마곡동,202606,아파트_전월세,마곡엠밸리6단지,마곡동,743,84.6,,43410,0,8,10,2014,갱신,26.07~28.06,41343.0,,,,
마곡동,202606,아파트_전월세,마곡엠밸리10단지,마곡동,747,59.87,,9834,19,14,10,2016,갱신,26.07~28.06,6231.0,36.0,,,
염창동,202606,아파트_전월세,벽산늘푸른,염창동,290,59.97,,23000,38,1,10,1998,신규,26.09~28.09,,,,,
내발산동,202606,아파트_전월세,마곡수명산파크5단지,내발산동,749,49.93,,6724,13,4,10,2008,갱신,26.07~28.06,3754.0,28.0,,,
등촌동,202606,아파트_전월세,아임2030등촌역,등촌동,648-5,15.17,,7500,37,6,5,2020,갱신,26.08~27.08,7500.0,35.0,,,
가양동,202606,아파트_전월세,강변,가양동,1475,49.5,,40950,0,10,9,1992,갱신,26.07~28.07,39000.0,,,,
내발산동,202606,아파트_전월세,마곡수명산파크5단지,내발산동,749,49.97,,5024,22,5,10,2008,갱신,26.07~28.06,3754.0,28.0,,,
마곡동,202606,아파트_전월세,마곡엠밸리6단지,마곡동,743,59.9,,3367,48,3,10,2014,갱신,26.07~28.06,6224.0,40.0,,,
마곡동,202606,아파트_전월세,마곡엠밸리3단지,마곡동,736,84.91,,48142,0,12,10,2014,갱신,26.07~28.06,45850.0,,,,
가양동,202606,아파트_전월세,가양강나루현대,가양동,448-1,59.76,,50500,0,20,10,1999,갱신,26.07~28.07,45000.0,,,,
마곡동,202606,아파트_전월세,마곡엠밸리6단지,마곡동,743,59.79,,36030,0,5,10,2014,갱신,26.07~28.06,34315.0,,,,
내발산동,202606,아파트_전월세,마곡수명산파크5단지,내발산동,749,49.93,,6724,13,5,10,2008,갱신,26.07~28.06,3754.0,28.0,,,
내발산동,202606,아파트_전월세,마곡수명산파크2단지,내발산동,741,59.76,,6890,13,9,10,2007,갱신,26.07~28.06,3852.0,28.0,,,
방화동,202606,아파트_전월세,방화4단지,방화동,831,100.35,,22000,105,9,4,1994,갱신,26.07~28.07,22000.0,100.0,사용,,
화곡동,202606,아파트_전월세,리치아파트104동,화곡동,924-21,19.93,,19152,12,10,10,2020,갱신,26.07~28.07,19003.0,9.0,,,
염창동,202606,아파트_전월세,벽산늘푸른,염창동,290,59.97,,200,100,4,1,1998,신규,26.06~26.09,,,,,
마곡동,202606,아파트_전월세,마곡엠밸리10단지,마곡동,747,59.99,,36030,0,6,10,2016,갱신,26.07~28.06,34315.0,,,,
등촌동,202606,아파트_전월세,서광등촌마을아파트,등촌동,638,59.67,,49000,0,4,10,1999,갱신,26.06~28.06,47000.0,,사용,,
마곡동,202606,아파트_전월세,마곡엠밸리3단지,마곡동,736,59.79,,12068,21,10,10,2014,갱신,26.07~28.06,7242.0,44.0,,,
마곡동,202606,아파트_전월세,마곡엠밸리10단지,마곡동,747,59.87,,40057,0,10,10,2016,갱신,26.07~28.06,38150.0,,,,
마곡동,202606,아파트_전월세,마곡엠밸리7단지,마곡동,743-4,84.95,,43410,0,6,10,2014,갱신,26.07~28.06,41343.0,,,,
내발산동,202606,아파트_전월세,센터스퀘어발산,내발산동,767,19.96,,2000,77,12,4,2025,신규,26.06~27.06,,,,,
마곡동,202606,아파트_전월세,마곡엠밸리8단지,마곡동,741,59.79,,36030,0,13,10,2016,갱신,26.07~28.06,34315.0,,,,
방화동,202606,아파트_전월세,방화스카이포레,방화동,909,44.07,,12240,43,12,10,2025,신규,26.07~28.09,,,,,
마곡동,202606,아파트_전월세,마곡엠밸리11단지,마곡동,746,59.87,,2922,45,4,10,2016,갱신,26.07~28.06,6251.0,36.0,,,
마곡동,202606,아파트_전월세,마곡엠벨리(15단지),마곡동,751,84.88,,43410,0,1,10,2014,갱신,26.07~28.06,41343.0,,,,
마곡동,202606,아파트_전월세,마곡엠밸리3단지,마곡동,736,84.95,,43410,0,5,10,2014,갱신,26.07~28.06,41343.0,,,,
마곡동,202606,아파트_전월세,마곡엠밸리5단지,마곡동,740,84.95,,43410,0,5,10,2014,갱신,26.07~28.06,41343.0,,,,
마곡동,202606,아파트_전월세,마곡엠밸리5단지,마곡동,740,84.95,,43410,0,2,10,2014,갱신,26.07~28.06,41343.0,,,,
화곡동,202606,아파트_전월세,강서크라운팰리스,화곡동,998-5,20.11,,21600,10,15,3,2019,갱신,26.07~28.07,21600.0,10.0,사용,,
마곡동,202606,아파트_전월세,마곡엠밸리12단지,마곡동,746-1,59.79,,36030,0,4,10,2016,갱신,26.07~28.06,34315.0,,,,
마곡동,202606,아파트_전월세,마곡엠밸리10단지,마곡동,747,59.79,,36030,0,3,10,2016,갱신,26.07~28.06,34315.0,,,,
마곡동,202606,아파트_전월세,마곡엠밸리6단지,마곡동,743,59.79,,36030,0,14,10,2014,갱신,26.07~28.06,34315.0,,,,
마곡동,202606,아파트_전월세,마곡엠밸리5단지,마곡동,740,84.47,,48142,0,5,10,2014,갱신,26.07~28.06,45850.0,,,,
가양동,202606,아파트_전월세,가양2단지(성지),가양동,1461,34.44,,2000,100,11,3,1992,신규,26.06~28.06,,,,,
마곡동,202606,아파트_전월세,마곡엠밸리2단지,마곡동,735,59.83,,11656,19,10,10,2014,갱신,26.07~28.06,6742.0,43.0,,,
마곡동,202606,아파트_전월세,마곡엠밸리11단지,마곡동,746,59.79,,36030,0,3,10,2016,갱신,26.07~28.06,34315.0,,,,
마곡동,202606,아파트_전월세,마곡엠밸리10단지,마곡동,747,59.99,,36030,0,12,10,2016,갱신,26.07~28.06,34315.0,,,,
등촌동,202606,아파트_전월세,등촌동아이파크,등촌동,715,134.9883,,100000,0,15,10,2004,신규,26.09~28.09,,,,,
마곡동,202606,아파트_전월세,마곡엠밸리11단지,마곡동,746,59.79,,36030,0,12,10,2016,갱신,26.07~28.06,34315.0,,,,
염창동,202606,아파트_전월세,센터스퀘어등촌,염창동,312,18.24,,2794,9,17,10,2020,신규,26.06~28.07,,,,,
화곡동,202606,아파트_전월세,청송평화헬스타워,화곡동,897-1,35.52,,20000,4,9,4,2017,갱신,26.06~28.06,20000.0,,,,
등촌동,202606,아파트_전월세,등촌파밀리에더클래식201동,등촌동,723,49.78,,43900,0,6,10,2020,신규,26.06~28.06,,,,,
내발산동,202606,아파트_전월세,마곡수명산파크1단지,내발산동,742,39.92,,2451,22,5,10,2007,갱신,26.07~28.06,2359.0,21.0,,,
화곡동,202606,아파트_전월세,SPACE(920-5),화곡동,920-5,19.75,,11200,9,6,10,2014,신규,26.06~28.06,,,,,
화곡동,202606,아파트_전월세,우장산숲아이파크,화곡동,1173,59.9983,,10000,240,5,10,2022,신규,26.08~28.08,,,,,
마곡동,202606,아파트_전월세,마곡엠밸리6단지,마곡동,743,84.84,,43410,0,3,10,2014,갱신,26.07~28.06,41343.0,,,,
마곡동,202606,아파트_전월세,마곡엠밸리4단지,마곡동,738,49.77,,6176,40,3,10,2014,갱신,26.07~28.06,5944.0,38.0,,,
등촌동,202606,아파트_전월세,코오롱하늘채,등촌동,714,59.95,,50000,0,5,5,2003,신규,26.06~28.06,,,,,
등촌동,202606,아파트_전월세,아임2030등촌역,등촌동,648-5,15.17,,11500,21,14,8,2020,신규,26.07~28.07,,,,,
내발산동,202606,아파트_전월세,우장산힐스테이트,내발산동,657,59.98,,65000,0,7,10,2005,신규,26.08~28.08,,,,,
마곡동,202606,아파트_전월세,마곡엠밸리10단지,마곡동,747,59.79,,10210,17,11,10,2016,갱신,26.07~28.06,6231.0,36.0,,,
마곡동,202606,아파트_전월세,마곡엠밸리8단지,마곡동,741,59.99,,3314,48,4,10,2016,갱신,26.07~28.06,7089.0,38.0,,,
마곡동,202606,아파트_전월세,마곡엠밸리6단지,마곡동,743,59.96,,10600,19,9,10,2014,갱신,26.07~28.06,6224.0,40.0,,,
마곡동,202606,아파트_전월세,마곡엠밸리5단지,마곡동,740,84.6,,48142,0,4,10,2014,갱신,26.07~28.06,45850.0,,,,
내발산동,202606,아파트_전월세,마곡수명산파크5단지,내발산동,749,59.76,,59000,0,4,8,2008,신규,26.07~28.07,,,,,
내발산동,202606,아파트_전월세,마곡수명산파크2단지,내발산동,741,59.76,,6890,13,8,10,2007,갱신,26.07~28.06,3852.0,28.0,,,
내발산동,202606,아파트_전월세,마곡수명산파크3단지,내발산동,751,84.53,,26428,0,8,10,2007,갱신,26.07~28.06,25170.0,,,,
마곡동,202606,아파트_전월세,마곡엠벨리(14단지),마곡동,750,84.74,,43410,0,9,10,2014,갱신,26.07~28.06,41343.0,,,,
내발산동,202606,아파트_전월세,마곡수명산파크4단지,내발산동,753,59.76,,1945,37,1,9,2008,갱신,26.07~28.06,4161.0,31.0,,,
내발산동,202606,아파트_전월세,마곡수명산파크4단지,내발산동,753,59.84,,7493,14,15,9,2008,갱신,26.07~28.06,4161.0,31.0,,,
가양동,202606,아파트_전월세,가양6단지,가양동,1485,58.65,,8000,130,12,5,1992,신규,26.07~28.07,,,,,
마곡동,202606,아파트_전월세,마곡엠밸리9단지,마곡동,744,84.91,,72000,35,7,4,2021,갱신,26.07~28.07,72000.0,,,,
마곡동,202606,아파트_전월세,마곡엠밸리10단지,마곡동,747,59.87,,36030,0,4,10,2016,갱신,26.07~28.06,34315.0,,,,
마곡동,202606,아파트_전월세,마곡엠밸리7단지,마곡동,743-4,84.95,,48142,0,7,10,2014,갱신,26.07~28.06,45850.0,,,,
마곡동,202606,아파트_전월세,마곡엠밸리3단지,마곡동,736,59.79,,11728,23,11,10,2014,갱신,26.07~28.06,7242.0,44.0,,,
마곡동,202606,아파트_전월세,마곡엠밸리8단지,마곡동,741,59.79,,11598,16,8,10,2016,갱신,26.07~28.06,7089.0,38.0,,,
마곡동,202606,아파트_전월세,마곡엠밸리10단지,마곡동,747,59.79,,36030,0,4,10,2016,갱신,26.07~28.06,34315.0,,,,
마곡동,202606,아파트_전월세,마곡엠밸리7단지,마곡동,743-4,59.79,,10111,16,5,10,2014,갱신,26.07~28.06,5553.0,39.0,,,
화곡동,202606,아파트_전월세,한울에이치밸리움B동,화곡동,1065-2,20.92,,18000,35,8,8,2019,신규,26.08~28.08,,,,,
마곡동,202606,아파트_전월세,마곡엠밸리10단지,마곡동,747,59.87,,10210,17,9,10,2016,갱신,26.07~28.06,6231.0,36.0,,,
마곡동,202606,아파트_전월세,마곡엠밸리7단지,마곡동,743-4,59.79,,36030,0,12,10,2014,갱신,26.07~28.06,34315.0,,,,
내발산동,202606,아파트_전월세,마곡수명산파크2단지,내발산동,741,84.53,,63000,0,8,6,2007,갱신,26.06~28.06,60000.0,,사용,,
마곡동,202606,아파트_전월세,한솔솔파크,마곡동,716,59.81,,54000,0,1,9,2005,신규,26.07~28.07,,,,,
마곡동,202606,아파트_전월세,마곡엠벨리(15단지),마곡동,751,49.87,,9776,15,10,8,2014,갱신,26.07~28.06,5408.0,37.0,,,
화곡동,202606,아파트_전월세,삼성다빈치(917-14),화곡동,917-14,14.35,,1000,51,5,1,2015,갱신,26.06~27.06,1000.0,48.0,,,
가양동,202606,아파트_전월세,가양우성,가양동,14-3,84.85,,62000,0,1,9,1990,신규,26.10~28.10,,,,,
염창동,202606,아파트_전월세,아네스트염창,염창동,310,21.27,,5000,96,13,9,2019,갱신,26.07~27.07,5000.0,93.0,,,
방화동,202606,아파트_전월세,장미,방화동,841,49.2,,2000,133,2,2,1994,신규,26.07~28.07,,,,,
가양동,202606,아파트_전월세,강변,가양동,1475,39.6,,30000,0,4,9,1992,신규,26.08~28.08,,,,,
내발산동,202606,아파트_전월세,현대파크,내발산동,675,73.16,,30000,60,2,9,2000,신규,26.08~28.08,,,,,
염창동,202606,아파트_전월세,염창3우성,염창동,272-28,84.96,,52000,0,13,4,1993,갱신,26.06~28.06,50000.0,,사용,,
염창동,202606,아파트_전월세,극동,염창동,246-23,59.9,,45000,0,15,9,2000,갱신,26.06~28.06,25000.0,,,,
마곡동,202606,아파트_전월세,마곡엠밸리10단지,마곡동,747,59.87,,4974,41,3,9,2016,갱신,26.07~28.06,6231.0,36.0,,,
마곡동,202606,아파트_전월세,마곡엠밸리2단지,마곡동,735,59.79,,7005,45,10,9,2014,갱신,26.07~28.06,6742.0,43.0,,,
화곡동,202606,아파트_전월세,루체비스타,화곡동,897-2,29.47,,18300,29,6,8,2017,신규,26.07~28.07,,,,,
가양동,202606,아파트_전월세,가양도시개발9-1단지,가양동,1489,39.6,,2252,6,12,9,1992,갱신,26.07~28.06,820.0,13.0,,,
화곡동,202606,아파트_전월세,강서힐스테이트,화곡동,1165,84.99,,82500,0,17,5,2015,갱신,26.06~28.06,75000.0,,,,
등촌동,202606,아파트_전월세,대림e편한세상,등촌동,561-1,96.73,,80000,0,2,8,2002,갱신,26.08~28.08,77000.0,,,,
등촌동,202606,아파트_전월세,제일(코오롱),등촌동,642,84.83,,59000,0,15,8,1999,갱신,26.09~28.09,49000.0,,,,
방화동,202606,아파트_전월세,방화그린,방화동,839,33.6,,1000,70,9,9,1993,갱신,26.06~28.06,1000.0,53.0,,,
등촌동,202606,아파트_전월세,마곡루나플라체,등촌동,725,22.05,,2000,110,12,8,2021,신규,26.06~28.06,,,,,
등촌동,202606,아파트_전월세,등촌파밀리에더클래식101동,등촌동,722,49.77,,49000,0,6,5,2020,갱신,26.07~28.07,47500.0,,사용,,
가양동,202606,아파트_전월세,가양2단지(성지),가양동,1461,39.6,,25000,0,15,8,1992,갱신,26.09~28.02,25000.0,,사용,,
방화동,202606,아파트_전월세,장미,방화동,841,49.2,,27300,0,9,8,1994,갱신,26.06~28.06,26000.0,,사용,,
가양동,202606,아파트_전월세,가양6단지,가양동,1485,39.6,,5500,100,8,8,1992,신규,26.06~28.06,,,,,
방화동,202606,아파트_전월세,방화5,방화동,814,39.6,,26000,0,1,6,1994,갱신,26.07~28.07,25000.0,,사용,,
가양동,202606,아파트_전월세,가양2단지(성지),가양동,1461,34.44,,2000,90,10,6,1992,신규,26.08~28.08,,,,,
내발산동,202606,아파트_전월세,마곡수명산파크2단지,내발산동,741,84.82,,63000,0,8,6,2007,갱신,26.06~28.06,60000.0,,사용,,
등촌동,202606,아파트_전월세,풍성애뜨란아파트,등촌동,654-79,54.47,,38000,0,6,1,2016,신규,26.08~28.08,,,,,
염창동,202606,아파트_전월세,동아,염창동,292,59.97,,25000,58,12,6,1998,갱신,26.07~28.07,25000.0,50.0,,,
내발산동,202606,아파트_전월세,우장산힐스테이트,내발산동,657,126.65,,96000,0,16,8,2005,갱신,26.08~28.08,95000.0,,사용,,
마곡동,202606,아파트_전월세,마곡13단지힐스테이트마스터,마곡동,748,84.9881,,85000,0,15,6,2017,신규,26.07~28.07,,,,,
등촌동,202606,아파트_전월세,등촌파밀리에더클래식201동,등촌동,723,49.78,,48000,0,3,1,2020,갱신,26.07~28.07,48000.0,,사용,,
등촌동,202606,아파트_전월세,대림,등촌동,694,123.72,,80000,0,8,5,1995,신규,26.08~28.08,,,,,
등촌동,202606,아파트_전월세,부영,등촌동,691-3,80.64,,20000,99,3,6,1994,신규,26.08~28.08,,,,,
화곡동,202606,아파트_전월세,아델리아Ⅲ,화곡동,24-136,14.85,,8100,19,4,8,2012,신규,26.07~28.07,,,,,
방화동,202606,아파트_전월세,방화6단지,방화동,816,39.6,,2295,6,5,8,1994,갱신,26.07~28.06,888.0,13.0,,,
가양동,202606,아파트_전월세,한강타운,가양동,1460,84.99,,60000,0,7,5,1993,갱신,26.06~28.06,50000.0,,,,
화곡동,202606,아파트_전월세,"우장산아이파크,이편한세상",화곡동,1159,84.97,,60000,100,22,5,2008,신규,26.07~28.07,,,,,
가양동,202606,아파트_전월세,한강타운,가양동,1460,84.99,,50000,40,13,2,1993,신규,26.09~28.09,,,,,
방화동,202606,아파트_전월세,방화4단지,방화동,831,100.35,,63000,0,10,5,1994,신규,26.10~28.10,,,,,
가양동,202606,아파트_전월세,한보구암마을,가양동,1495,59.58,,31500,32,9,6,1999,갱신,26.09~28.09,30000.0,30.0,사용,,
화곡동,202606,아파트_전월세,강서힐스테이트,화곡동,1165,59.99,,48000,65,2,6,2015,신규,26.08~28.08,,,,,
화곡동,202606,아파트_전월세,M노블레스,화곡동,29-57,44.2,,26334,0,6,8,2021,갱신,26.07~28.07,25578.0,,사용,,
등촌동,202606,아파트_전월세,주공3,등촌동,688,37.67,,15000,70,4,1,1995,신규,26.06~28.06,,,,,
염창동,202606,아파트_전월세,월드메르디앙,염창동,297,84.98,,70000,0,7,6,2004,신규,26.08~28.08,,,,,
화곡동,202606,아파트_전월세,우장산역해링턴타워,화곡동,1170,23.34,,5680,39,8,4,2021,갱신,26.07~28.07,5680.0,37.0,,,
염창동,202606,아파트_전월세,강서쌍용예가,염창동,308,84.9025,,68000,0,15,5,2014,갱신,26.06~28.06,65000.0,,사용,,
가양동,202606,아파트_전월세,가양도시개발9-2단지,가양동,1490,34.44,,27000,0,5,3,1993,신규,26.08~28.08,,,,,
등촌동,202606,아파트_전월세,등촌센트럴르씨엘,등촌동,852,65.03,,10000,200,4,5,2026,신규,26.07~28.07,,,,,
내발산동,202606,아파트_전월세,청솔숲속마을101동,내발산동,673-11,83.69,,59000,0,3,3,2006,갱신,26.06~28.06,58000.0,,사용,,
내발산동,202606,아파트_전월세,청솔샤르망1001동,내발산동,676-23,84.4121,,52000,0,4,5,2004,신규,26.07~28.07,,,,,
화곡동,202606,아파트_전월세,리치아파트102동(924-24),화곡동,924-24,22.82,,20400,6,12,5,2020,갱신,26.07~28.07,20400.0,3.0,,,
가양동,202606,아파트_전월세,한강타운,가양동,1460,84.99,,49900,0,3,5,1993,갱신,26.07~28.07,49000.0,,,,
화곡동,202606,아파트_전월세,리치아파트103동,화곡동,924-22,22.55,,20160,9,11,4,2020,갱신,26.06~28.06,21600.0,,,,
화곡동,202606,아파트_전월세,M노블레스,화곡동,29-57,27.01,,18774,0,2,2,2021,갱신,26.07~28.07,18390.0,,사용,,
방화동,202606,아파트_전월세,방화그린,방화동,839,33.6,,19000,0,14,1,1993,신규,26.07~27.12,,,,,
등촌동,202606,아파트_전월세,주공10,등촌동,702,58.14,,10000,140,12,2,1995,신규,26.09~28.09,,,,,
가양동,202606,아파트_전월세,가양도시개발9-2단지,가양동,1490,49.5,,38500,0,11,5,1993,갱신,26.06~28.06,37000.0,,사용,,
마곡동,202606,아파트_전월세,마곡13단지힐스테이트마스터,마곡동,748,84.9805,,45000,180,13,4,2017,신규,26.08~28.08,,,,,
방화동,202606,아파트_전월세,방화5,방화동,814,39.6,,24000,30,11,3,1994,신규,26.08~28.08,,,,,
방화동,202606,아파트_전월세,장미,방화동,841,49.2,,30000,0,2,3,1994,신규,26.07~28.07,,,,,
등촌동,202606,아파트_전월세,서광등촌마을아파트,등촌동,638,84.93,,45000,0,5,4,1999,신규,26.07~28.07,,,,,
화곡동,202606,아파트_전월세,경동엠파이어스테이트,화곡동,1111-3,18.915,,1000,60,4,1,2012,신규,26.08~28.08,,,,,
화곡동,202606,아파트_전월세,리치아파트,화곡동,924-1,19.81,,16000,21,10,4,2018,갱신,26.07~28.07,16000.0,18.0,,,
내발산동,202606,아파트_전월세,제이월드에메랄드,내발산동,674-32,111.56,,56000,0,6,5,2002,갱신,26.07~28.07,54000.0,,사용,,
마곡동,202606,아파트_전월세,마곡청구아파트,마곡동,1181,84.92,,45000,0,13,4,1998,갱신,26.06~28.06,40000.0,,,,
등촌동,202606,아파트_전월세,주공10,등촌동,702,58.14,,44500,0,6,3,1995,갱신,26.06~28.06,43000.0,,사용,,
방화동,202606,아파트_전월세,마곡우촌아파트,방화동,907,28.04,,1000,120,5,2,2022,신규,26.06~27.06,,,,,
염창동,202606,아파트_전월세,현대아이파크,염창동,282-19,78.86,,75000,0,12,3,2005,갱신,26.08~28.08,77000.0,,사용,,
방화동,202606,아파트_전월세,방화6단지,방화동,816,24.05,,1389,3,11,5,1994,갱신,26.07~28.06,537.0,8.0,,,
가양동,202606,아파트_전월세,한강타운,가양동,1460,84.99,,65000,0,14,4,1993,신규,26.08~28.08,,,,,
내발산동,202606,아파트_전월세,우장산힐스테이트,내발산동,657,101.87,,86000,0,8,3,2005,갱신,26.07~28.07,84000.0,,사용,,
가양동,202606,아파트_전월세,가양6단지,가양동,1485,58.65,,2000,130,1,3,1992,신규,26.06~27.06,,,,,
염창동,202606,아파트_전월세,아르체움등촌,염창동,275,40.51,,15100,79,14,4,2025,신규,26.08~28.08,,,,,
가양동,202606,아파트_전월세,한강타운,가양동,1460,84.99,,12000,175,11,2,1993,갱신,26.06~28.06,12000.0,148.0,,,
등촌동,202606,아파트_전월세,아임2030등촌역,등촌동,648-5,15.17,,7500,36,8,4,2020,갱신,26.08~28.08,7500.0,34.0,,,
화곡동,202606,아파트_전월세,계명나동(56-29),화곡동,56-29,57.38,,18900,0,5,3,2002,신규,26.07~28.07,,,,,
가양동,202606,아파트_전월세,가양6단지,가양동,1485,39.6,,29000,0,10,3,1992,갱신,26.07~28.07,25000.0,,,,
등촌동,202606,아파트_전월세,동성,등촌동,691-1,101.88,,59000,0,2,4,1995,갱신,26.06~28.06,55000.0,,,,
마곡동,202606,아파트_전월세,마곡엠밸리12단지,마곡동,746-1,59.79,,73000,0,8,4,2016,갱신,26.09~28.09,70000.0,,사용,,
마곡동,202606,아파트_전월세,마곡엠밸리5단지,마곡동,740,84.91,,68000,0,3,3,2014,갱신,26.07~28.07,68000.0,,사용,,
내발산동,202606,아파트_전월세,마곡수명산파크5단지,내발산동,749,59.84,,17480,130,5,3,2008,갱신,26.07~28.07,15000.0,130.0,,,
화곡동,202606,아파트_전월세,"우장산아이파크,이편한세상",화곡동,1159,84.97,,30000,190,15,2,2008,갱신,26.07~28.07,30000.0,110.0,,,
화곡동,202606,아파트_전월세,초록,화곡동,1139,49.77,,40000,0,8,3,1998,갱신,26.07~28.07,40000.0,,,,
등촌동,202606,아파트_전월세,마곡루나플라체,등촌동,725,22.05,,25600,0,10,3,2021,신규,26.07~28.07,,,,,
가양동,202606,아파트_전월세,강변,가양동,1475,49.5,,42000,0,12,3,1992,신규,26.09~28.09,,,,,
마곡동,202606,아파트_전월세,마곡엠밸리8단지,마곡동,741,84.89,,73500,0,7,4,2016,갱신,26.07~28.07,70000.0,,사용,,
가양동,202606,아파트_전월세,가양2단지(성지),가양동,1461,39.6,,15000,34,11,3,1992,갱신,26.08~28.08,15000.0,30.0,사용,,
염창동,202606,아파트_전월세,동아,염창동,292,59.97,,44000,0,3,3,1998,갱신,26.06~28.06,42000.0,,사용,,
내발산동,202606,아파트_전월세,마곡수명산파크5단지,내발산동,749,59.84,,50000,0,2,3,2008,갱신,26.09~28.09,44000.0,,,,
등촌동,202606,아파트_전월세,임광,등촌동,562-5,84.91,,20000,170,5,2,2000,신규,26.06~28.06,,,,,
마곡동,202606,아파트_전월세,마곡엠밸리10단지,마곡동,747,84.89,,83000,0,9,2,2016,신규,26.08~28.08,,,,,
화곡동,202606,아파트_전월세,우장산숲아이파크,화곡동,1173,59.9983,,71000,0,5,3,2022,신규,26.08~28.08,,,,,
방화동,202606,아파트_전월세,방화5,방화동,814,39.6,,26000,0,9,3,1994,갱신,26.06~28.06,23000.0,,,,
마곡동,202606,아파트_전월세,마곡엠벨리(15단지),마곡동,751,84.5,,65000,0,1,3,2014,갱신,26.09~28.09,62000.0,,사용,,
염창동,202606,아파트_전월세,e편한세상염창,염창동,309,55.0323,,55000,0,10,3,2019,갱신,26.06~28.06,53000.0,,사용,,
가양동,202606,아파트_전월세,가양2단지(성지),가양동,1461,39.6,,29000,0,7,3,1992,신규,26.09~28.09,,,,,
등촌동,202606,아파트_전월세,"등촌1,2단지주공아파트",등촌동,687,41.16,,25000,0,1,3,1994,갱신,26.07~28.07,24000.0,,사용,,
염창동,202606,아파트_전월세,극동상록수,염창동,280,59.91,,40900,0,4,3,1999,갱신,26.06~28.06,39000.0,,사용,,
화곡동,202606,아파트_전월세,우장산역해링턴타워,화곡동,1170,23.68,,5680,39,10,2,2021,신규,26.07~28.07,,,,,
등촌동,202606,아파트_전월세,마곡루나플라체,등촌동,725,22.05,,26000,0,14,2,2021,신규,26.07~28.07,,,,,
화곡동,202606,아파트_전월세,동양하우징(899-4),화곡동,899-4,29.8,,3000,100,6,2,2017,신규,26.07~28.07,,,,,
화곡동,202606,아파트_전월세,"우장산아이파크,이편한세상",화곡동,1159,114.98,,94500,0,18,1,2008,갱신,26.07~28.07,90000.0,,사용,,
화곡동,202606,아파트_전월세,정원,화곡동,355-42,52.65,,15000,0,5,2,2002,신규,26.06~28.06,,,,,
화곡동,202606,아파트_전월세,"우장산아이파크,이편한세상",화곡동,1159,59.98,,68000,0,4,1,2008,갱신,26.08~28.08,55000.0,,,,
염창동,202606,아파트_전월세,롯데캐슬,염창동,272-11,84.9519,,10000,230,6,1,2005,신규,26.06~28.06,,,,,
가양동,202606,아파트_전월세,가양도시개발9-1단지,가양동,1489,49.5,,2824,7,4,2,1992,갱신,26.07~28.06,1023.0,16.0,,,
방화동,202606,아파트_전월세,신안네트빌2단지,방화동,869,84.0164,,46000,0,1,1,2002,신규,26.07~28.07,,,,,
마곡동,202606,아파트_전월세,마곡13단지힐스테이트마스터,마곡동,748,84.9805,,30000,240,10,1,2017,신규,26.08~28.08,,,,,
등촌동,202606,아파트_전월세,"등촌1,2단지주공아파트",등촌동,687,41.85,,27300,0,7,1,1994,갱신,26.06~28.06,26000.0,,사용,,
방화동,202606,아파트_전월세,마곡 한진해모로,방화동,579,84.93,,55000,0,8,1,2004,신규,26.07~28.07,,,,,
등촌동,202606,아파트_전월세,등촌동아이파크,등촌동,715,165.8299,,100000,0,17,1,2004,신규,26.08~28.08,,,,,
등촌동,202606,아파트_전월세,아임2030등촌역,등촌동,648-5,15.01,,10000,27,16,1,2020,신규,26.07~28.07,,,,,
내발산동,202606,아파트_전월세,우장산힐스테이트,내발산동,657,59.98,,61900,0,9,1,2005,갱신,26.07~28.07,59000.0,,사용,,
화곡동,202606,아파트_전월세,청담라인씨티,화곡동,920-17,28.8,,11800,26,15,1,2018,신규,26.07~27.07,,,,,
내발산동,202606,아파트_전월세,마곡수명산파크4단지,내발산동,753,59.76,,5127,28,11,1,2008,갱신,26.06~28.05,4161.0,31.0,,,
염창동,202606,아파트_전월세,현대1,염창동,288,84.07,,63000,0,5,1,1994,갱신,26.07~28.07,49000.0,,,,
마곡동,202606,오피스텔_매매,필네이처,마곡동,795-1,22.16,11000,,,15,11,2016,,,,,,직거래,
마곡동,202606,오피스텔_매매,힐스테이트 에코 마곡역,마곡동,773,19.967,17500,,,8,26,2017,,,,,,중개거래,
마곡동,202606,오피스텔_매매,마곡오드카운티1차,마곡동,784-11,20.8237,12400,,,8,25,2016,,,,,,중개거래,
등촌동,202606,오피스텔_매매,효성인텔리안,등촌동,681-3,64.75,37000,,,10,27,2005,,,,,,중개거래,
등촌동,202606,오피스텔_매매,등촌동성원상떼뷰오피스텔,등촌동,673-6,37.54,15000,,,3,27,2003,,,,,,중개거래,
등촌동,202606,오피스텔_매매,경동미르웰 양천향교 101동,등촌동,820,14.33,12000,,,9,23,2017,,,,,,중개거래,
마곡동,202606,오피스텔_매매,마곡일성트루엘플래닛,마곡동,758-2,21.27,13500,,,3,30,2016,,,,,,중개거래,
마곡동,202606,오피스텔_매매,마곡일성트루엘플래닛,마곡동,758-2,21.43,14400,,,10,30,2016,,,,,,중개거래,
마곡동,202606,오피스텔_매매,마곡나루역캐슬파크,마곡동,760-2,23.39,21500,,,13,15,2016,,,,,,중개거래,
마곡동,202606,오피스텔_매매,마곡일성트루엘플래닛,마곡동,758-2,21.43,13500,,,10,25,2016,,,,,,중개거래,
마곡동,202606,오피스텔_매매,마곡나루역보타닉푸르지오시티,마곡동,760,19.96,15000,,,12,22,2017,,,,,,중개거래,
방화동,202606,오피스텔_매매,방화샤르망2오피스텔,방화동,830-5,17.636,5500,,,6,24,2003,,,,,,중개거래,
가양동,202606,오피스텔_매매,동양 트레벨 스카이 오피스텔,가양동,1479-8,26.96,12500,,,9,24,2003,,,,,,중개거래,
마곡동,202606,오피스텔_매매,힐스테이트에코동익,마곡동,773-3,44.04,35000,,,3,28,2017,,,,,,중개거래,
방화동,202606,오피스텔_매매,에어뷰21-1오피스텔,방화동,829-5,26.86,7200,,,4,24,1999,,,,,,중개거래,
마곡동,202606,오피스텔_매매,마곡오드카운티1차,마곡동,784-11,20.8237,12000,,,7,23,2016,,,,,,중개거래,
가양동,202606,오피스텔_매매,마곡보타닉투웨니퍼스트,가양동,257-1,28.33,28500,,,9,29,2020,,,,,,중개거래,
마곡동,202606,오피스텔_매매,마곡센트럴대방디엠시티오피스텔,마곡동,776-2,29.4799,23400,,,12,26,2017,,,,,,중개거래,
가양동,202606,오피스텔_매매,휴먼빌,가양동,1479-9,25.64,10400,,,9,20,2004,,,,,,중개거래,
염창동,202606,오피스텔_매매,그린뷰,염창동,261-12,16.84,13800,,,9,26,2018,,,,,,중개거래,
마곡동,202606,오피스텔_매매,마곡센트럴대방디엠시티오피스텔,마곡동,776-2,24.0212,15800,,,4,23,2017,,,,,,중개거래,
마곡동,202606,오피스텔_매매,마곡나루역보타닉푸르지오시티,마곡동,760,22.76,19400,,,8,24,2017,,,,,,중개거래,
등촌동,202606,오피스텔_매매,경동미르웰한올림,등촌동,656,16.19,12000,,,5,23,2016,,,,,,중개거래,
가양동,202606,오피스텔_매매,동양 트레벨 스카이 오피스텔,가양동,1479-8,24.36,9500,,,6,23,2003,,,,,,중개거래,O
화곡동,202606,오피스텔_매매,(918-2),화곡동,918-2,30,9900,,,4,15,1998,,,,,,중개거래,
공항동,202606,오피스텔_매매,대룡드림타워-Ⅱ,공항동,45-19,27.34,8000,,,7,16,2005,,,,,,중개거래,
공항동,202606,오피스텔_매매,에테르힐스,공항동,45-11,28.81,21000,,,8,20,2023,,,,,,중개거래,
마곡동,202606,오피스텔_매매,힐스테이트에코마곡,마곡동,797-14,24.09,17000,,,14,15,2016,,,,,,중개거래,
등촌동,202606,오피스텔_매매,우림보보카운티뷰,등촌동,649-14,27.36,14000,,,12,19,2004,,,,,,중개거래,
마곡동,202606,오피스텔_매매,마곡센트럴대방디엠시티오피스텔,마곡동,776-2,29.4799,20900,,,10,11,2017,,,,,,중개거래,
등촌동,202606,오피스텔_매매,우림보보카운티뷰,등촌동,649-14,27.36,14000,,,9,20,2004,,,,,,중개거래,
염창동,202606,오피스텔_매매,그린뷰,염창동,261-12,29.29,23000,,,9,11,2018,,,,,,중개거래,
마곡동,202606,오피스텔_매매,필네이처,마곡동,795-1,22.16,12000,,,9,17,2016,,,,,,중개거래,
화곡동,202606,오피스텔_매매,강서포스텔,화곡동,1065-6,42.16,12000,,,9,11,1998,,,,,,중개거래,
등촌동,202606,오피스텔_매매,현대프린스텔,등촌동,628-13,21.66,7000,,,5,18,1999,,,,,,직거래,
등촌동,202606,오피스텔_매매,강변샤르망3단지,등촌동,628-17,63.16,46500,,,11,13,2005,,,,,,중개거래,
등촌동,202606,오피스텔_매매,경동미르웰양천향교2차,등촌동,685,29.68,25700,,,11,18,2020,,,,,,중개거래,
마곡동,202606,오피스텔_매매,벨리오,마곡동,784-8,20.58,11000,,,6,18,2015,,,,,,중개거래,
공항동,202606,오피스텔_매매,대룡드림타워-Ⅱ,공항동,45-19,25.83,8850,,,4,13,2005,,,,,,중개거래,
등촌동,202606,오피스텔_매매,길훈엔트런스빌,등촌동,78-7,27.29,15000,,,10,17,2004,,,,,,중개거래,
방화동,202606,오피스텔_매매,(620-214),방화동,620-214,27.37,10400,,,12,10,2011,,,,,,중개거래,
마곡동,202606,오피스텔_매매,마곡 헤리움1차,마곡동,739-4,29.14,17800,,,9,16,2015,,,,,,중개거래,
가양동,202606,오피스텔_매매,가양글로벌퍼스트,가양동,448-11,28.12,23500,,,7,12,2018,,,,,,중개거래,O
마곡동,202606,오피스텔_매매,마곡일성트루엘플래닛,마곡동,758-2,21.27,13500,,,11,13,2016,,,,,,중개거래,
염창동,202606,오피스텔_매매,한빛어반뉴스토리,염창동,266-12,28.69,21300,,,2,15,2018,,,,,,중개거래,
화곡동,202606,오피스텔_매매,덕용팰리체,화곡동,371-21,49.56,32000,,,6,12,2018,,,,,,중개거래,
마곡동,202606,오피스텔_매매,마곡나루역캐슬파크,마곡동,760-2,23.39,22000,,,13,11,2016,,,,,,중개거래,
등촌동,202606,오피스텔_매매,등촌동두산위브센티움,등촌동,631,28.45,14600,,,15,9,2004,,,,,,중개거래,
마곡동,202606,오피스텔_매매,힐스테이트 에코 마곡역,마곡동,773,19.8681,16700,,,6,12,2017,,,,,,중개거래,
마곡동,202606,오피스텔_매매,마곡역센트럴푸르지오시티,마곡동,773-1,23.99,16900,,,7,12,2016,,,,,,중개거래,
등촌동,202606,오피스텔_매매,비원오피스텔,등촌동,648-6,40.37,16500,,,6,12,2004,,,,,,중개거래,
방화동,202606,오피스텔_매매,방화샤르망2오피스텔,방화동,830-5,17.636,5500,,,8,11,2003,,,,,,중개거래,
방화동,202606,오피스텔_매매,방화샤르망1오피스텔,방화동,830-3,16.286,5900,,,3,8,2003,,,,,,중개거래,
등촌동,202606,오피스텔_매매,등촌크라운팰리스,등촌동,641-9,28.4,22000,,,7,4,2019,,,,,,중개거래,
등촌동,202606,오피스텔_매매,우림보보카운티뷰,등촌동,649-14,27.36,14500,,,10,10,2004,,,,,,중개거래,
마곡동,202606,오피스텔_매매,아르디에,마곡동,784-13,18.59,11000,,,6,5,2015,,,,,,중개거래,
등촌동,202606,오피스텔_매매,길훈엔트런스빌,등촌동,78-7,27.29,15000,,,8,10,2004,,,,,,직거래,
가양동,202606,오피스텔_매매,플래티노,가양동,187-7,17.2439,16500,,,5,1,2020,,,,,,직거래,
마곡동,202606,오피스텔_매매,엠코지니어스타,마곡동,776-4,23.84,15000,,,4,8,2015,,,,,,직거래,
마곡동,202606,오피스텔_매매,갤럭시인텔리젼스,마곡동,793-2,19.48,11060,,,2,5,2015,,,,,,중개거래,
등촌동,202606,오피스텔_매매,신도그랑피아오피스텔,등촌동,642-2,54.4,24000,,,6,8,2003,,,,,,직거래,
방화동,202606,오피스텔_매매,오피앙2,방화동,829,22.5,7800,,,10,1,2002,,,,,,중개거래,
마곡동,202606,오피스텔_매매,마곡아이파크,마곡동,795-2,24.22,12500,,,3,3,2016,,,,,,중개거래,
마곡동,202606,오피스텔_매매,마곡나루역캐슬파크,마곡동,760-2,23.39,19000,,,6,3,2016,,,,,,중개거래,
등촌동,202606,오피스텔_매매,강변샤르망3단지,등촌동,628-17,58.36,45000,,,15,3,2005,,,,,,중개거래,
가양동,202606,오피스텔_매매,동양 트레벨 스카이 오피스텔,가양동,1479-8,24.36,9450,,,5,3,2003,,,,,,중개거래,
마곡동,202606,오피스텔_매매,마곡센트럴대방디엠시티오피스텔,마곡동,776-2,24.0212,16400,,,5,1,2017,,,,,,중개거래,
등촌동,202606,오피스텔_매매,경동미르웰양천향교2차,등촌동,685,29.68,23800,,,8,2,2020,,,,,,중개거래,
방화동,202606,오피스텔_매매,마곡 킹덤 퀸터플,방화동,612-61,29.87,20000,,,5,23,2020,,,,,,직거래,O
화곡동,202606,연립다세대_매매,정안하이츠,화곡동,805-13,56.52,28000,,,2,16,2012,,,,,,중개거래,
방화동,202606,연립다세대_매매,모노4차,방화동,607-2,29.67,45000,,,2,30,2017,,,,,,중개거래,
화곡동,202606,연립다세대_매매,신원주택,화곡동,391-7,34.7,9000,,,-1,22,1987,,,,,,직거래,
화곡동,202606,연립다세대_매매,화곡동다세대주택,화곡동,409-136,24.75,9000,,,3,26,2003,,,,,,직거래,
화곡동,202606,연립다세대_매매,한성아트빌(462-12),화곡동,462-12,54.54,18500,,,2,27,2002,,,,,,직거래,
화곡동,202606,연립다세대_매매,다울네버빌(991-1),화곡동,991-1,57.84,15300,,,-1,29,2001,,,,,,중개거래,
화곡동,202606,연립다세대_매매,신영리치빌(330-14),화곡동,330-14,41.18,34000,,,6,24,2017,,,,,,중개거래,
화곡동,202606,연립다세대_매매,비원그린빌라,화곡동,1130-7,43.92,24000,,,1,28,1986,,,,,,중개거래,
화곡동,202606,연립다세대_매매,한빛타운(966-25),화곡동,966-25,49.76,24000,,,4,25,2001,,,,,,중개거래,
화곡동,202606,연립다세대_매매,(155-15),화곡동,155-15,33.12,10500,,,1,23,1986,,,,,,중개거래,
화곡동,202606,연립다세대_매매,오케이파크빌,화곡동,357-9,29.37,19700,,,5,17,2016,,,,,,중개거래,
가양동,202606,연립다세대_매매,그랜드빌,가양동,239-20,56.37,40500,,,4,29,2013,,,,,,중개거래,
화곡동,202606,연립다세대_매매,혜성펠리스(811-8),화곡동,811-8,29.86,14000,,,2,30,2011,,,,,,중개거래,
화곡동,202606,연립다세대_매매,화성빌라(379-47),화곡동,379-47,60.12,20000,,,5,27,2009,,,,,,중개거래,
염창동,202606,연립다세대_매매,이가채(242-31),염창동,242-31,52.98,47000,,,5,25,2012,,,,,,중개거래,
화곡동,202606,연립다세대_매매,채원빌,화곡동,850-6,58.08,43000,,,4,27,2012,,,,,,중개거래,
화곡동,202606,연립다세대_매매,동양탑스빌,화곡동,1039-27,74.32,34000,,,4,23,2001,,,,,,중개거래,
화곡동,202606,연립다세대_매매,엠펠리체,화곡동,803-6,40.44,24000,,,2,23,2015,,,,,,직거래,O
화곡동,202606,연립다세대_매매,대원맨션,화곡동,815-7,59.32,27200,,,3,26,2001,,,,,,중개거래,
화곡동,202606,연립다세대_매매,건향하이츠빌(504-47),화곡동,504-47,29.89,18500,,,3,17,2014,,,,,,중개거래,
방화동,202606,연립다세대_매매,중앙캐슬,방화동,645-17,46.46,32000,,,5,23,2017,,,,,,중개거래,
화곡동,202606,연립다세대_매매,대림힐탑,화곡동,962-6,41.43,25000,,,1,27,2010,,,,,,중개거래,
화곡동,202606,연립다세대_매매,우성테마빌B동(407-3),화곡동,407-3,48.33,18000,,,3,27,2005,,,,,,중개거래,
화곡동,202606,연립다세대_매매,부일쉐르빌B동,화곡동,70-43,59.2,22000,,,3,30,2002,,,,,,중개거래,
화곡동,202606,연립다세대_매매,소망빌라,화곡동,857-16,65.55,51500,,,2,26,2002,,,,,,중개거래,
내발산동,202606,연립다세대_매매,삼미주택,내발산동,676-6,47.76,22800,,,3,30,1999,,,,,,중개거래,
등촌동,202606,연립다세대_매매,태현맨션,등촌동,523-39,55.26,39000,,,4,29,2001,,,,,,중개거래,
등촌동,202606,연립다세대_매매,SK파크리움(530-24),등촌동,530-24,21.82,24500,,,1,15,2020,,,,,,직거래,
등촌동,202606,연립다세대_매매,예진빌라,등촌동,365-91,43.42,23000,,,3,15,2002,,,,,,직거래,
등촌동,202606,연립다세대_매매,예지보금자리45차,등촌동,530-27,57.9,27000,,,4,15,2007,,,,,,직거래,
화곡동,202606,연립다세대_매매,가온빌(163-19),화곡동,163-19,26.41,25000,,,5,29,2015,,,,,,중개거래,
화곡동,202606,연립다세대_매매,스카이빌라(42-55),화곡동,42-55,76.4,34000,,,4,9,1993,,,,,,중개거래,
화곡동,202606,연립다세대_매매,동도하이츠빌라,화곡동,46-145,62.55,22000,,,4,22,2001,,,,,,직거래,
내발산동,202606,연립다세대_매매,청솔리더스,내발산동,699-17,29.84,23200,,,3,25,2017,,,,,,중개거래,
화곡동,202606,연립다세대_매매,월드스카이빌,화곡동,851-15,52.91,51000,,,4,18,2012,,,,,,중개거래,
외발산동,202606,연립다세대_매매,호성탑스빌,외발산동,218-5,53.34,22000,,,3,30,2002,,,,,,중개거래,
화곡동,202606,연립다세대_매매,삼성빌라트B동,화곡동,410-3,58.39,17000,,,1,25,2000,,,,,,중개거래,
화곡동,202606,연립다세대_매매,클레식뷰B동(55-73),화곡동,55-73,59.49,23500,,,2,24,2002,,,,,,중개거래,
방화동,202606,연립다세대_매매,공작빌라2차,방화동,281-56,78.96,35000,,,3,9,2001,,,,,,중개거래,
염창동,202606,연립다세대_매매,석경트라움,염창동,273-25,35.8,31800,,,2,8,2012,,,,,,중개거래,
방화동,202606,연립다세대_매매,남성아트빌,방화동,557-7,30.84,20700,,,2,20,2018,,,,,,중개거래,
화곡동,202606,연립다세대_매매,동광빌라(988-11),화곡동,988-11,23.97,13000,,,5,8,2002,,,,,,중개거래,
화곡동,202606,연립다세대_매매,정감하우스,화곡동,153-7,43.78,27000,,,3,25,2016,,,,,,중개거래,
마곡동,202606,연립다세대_매매,마곡서림빌,마곡동,1335,41.92,37000,,,4,26,2022,,,,,,중개거래,
화곡동,202606,연립다세대_매매,감성빌,화곡동,424-69,33.67,25500,,,4,17,2016,,,,,,직거래,
등촌동,202606,연립다세대_매매,더원2-1th,등촌동,569-21,29.27,29000,,,5,30,2023,,,,,,직거래,
공항동,202606,연립다세대_매매,신안온누리,공항동,674-8,40.99,25500,,,3,23,2014,,,,,,중개거래,
화곡동,202606,연립다세대_매매,칭찬빌,화곡동,56-430,29.77,13500,,,4,23,2011,,,,,,중개거래,
화곡동,202606,연립다세대_매매,주영넥스빌,화곡동,371-39,64.8,24300,,,1,30,2003,,,,,,중개거래,
화곡동,202606,연립다세대_매매,광성하이츠,화곡동,866-3,36.9,13300,,,4,26,2003,,,,,,중개거래,
화곡동,202606,연립다세대_매매,하이트맨션,화곡동,105-121,61.68,31000,,,1,26,1999,,,,,,중개거래,
화곡동,202606,연립다세대_매매,라온빌리지,화곡동,379-35,23.59,19900,,,4,16,2016,,,,,,중개거래,
화곡동,202606,연립다세대_매매,드림빌,화곡동,379-20,67.07,28000,,,2,16,2008,,,,,,중개거래,
등촌동,202606,연립다세대_매매,미라벨,등촌동,514-60,42.955,33500,,,2,18,2014,,,,,,중개거래,
화곡동,202606,연립다세대_매매,시온빌리지,화곡동,780-12,33.78,39500,,,3,9,2016,,,,,,중개거래,
화곡동,202606,연립다세대_매매,우주빌라트,화곡동,410-18,62.22,22000,,,2,11,2001,,,,,,중개거래,
화곡동,202606,연립다세대_매매,스페이스빌비동,화곡동,871-21,37.76,24000,,,3,25,2016,,,,,,중개거래,
화곡동,202606,연립다세대_매매,올림푸스(788-18),화곡동,788-18,38.86,42000,,,4,18,2014,,,,,,중개거래,
화곡동,202606,연립다세대_매매,남성아트빌1,화곡동,354-6,25.22,23000,,,5,24,2015,,,,,,직거래,
화곡동,202606,연립다세대_매매,크로바리버빌,화곡동,1040-13,51.34,22900,,,3,15,2002,,,,,,중개거래,
화곡동,202606,연립다세대_매매,케이씨하우징,화곡동,370-30,29.08,20600,,,3,25,2021,,,,,,중개거래,O
화곡동,202606,연립다세대_매매,성도스카이빌,화곡동,105-79,68.77,29000,,,4,26,2001,,,,,,중개거래,
화곡동,202606,연립다세대_매매,아줄리아,화곡동,933-11,35,23000,,,6,29,2015,,,,,,중개거래,
화곡동,202606,연립다세대_매매,빌라엔A동,화곡동,1083-21,43.07,33000,,,6,27,2017,,,,,,중개거래,
화곡동,202606,연립다세대_매매,도양라비앙빌,화곡동,29-65,55.79,30700,,,5,21,2010,,,,,,중개거래,
화곡동,202606,연립다세대_매매,신하우스,화곡동,987-10,29.88,20300,,,5,24,2016,,,,,,중개거래,
화곡동,202606,연립다세대_매매,진주빌라(960-3),화곡동,960-3,49.67,18000,,,1,27,1991,,,,,,중개거래,
화곡동,202606,연립다세대_매매,계명위너스(105-55),화곡동,105-55,41.58,19400,,,3,19,2011,,,,,,중개거래,
화곡동,202606,연립다세대_매매,신성네오빌,화곡동,357-6,38.25,28500,,,4,27,2018,,,,,,중개거래,
마곡동,202606,연립다세대_매매,동양빌라,마곡동,1446,51.9,15000,,,4,27,1994,,,,,,직거래,
염창동,202606,연립다세대_매매,대아파크빌,염창동,266-7,29.86,22000,,,5,29,2016,,,,,,중개거래,
등촌동,202606,연립다세대_매매,트리빌리지,등촌동,572-15,38.81,30500,,,2,22,2016,,,,,,중개거래,
등촌동,202606,연립다세대_매매,호성탑스빌나동,등촌동,519-19,62.14,42000,,,1,26,2002,,,,,,중개거래,
화곡동,202606,연립다세대_매매,공감지음410,화곡동,410-132,29.98,16000,,,4,29,2021,,,,,,중개거래,
화곡동,202606,연립다세대_매매,에스엠파크빌(409-2),화곡동,409-2,32.65,27400,,,5,30,2016,,,,,,중개거래,
염창동,202606,연립다세대_매매,더에스에스타운,염창동,246-9,36.08,40000,,,10,30,2022,,,,,,중개거래,O
화곡동,202606,연립다세대_매매,건형타운나동,화곡동,98-141,52.01,20800,,,5,27,2002,,,,,,중개거래,
마곡동,202606,연립다세대_매매,에어빌라트A동,마곡동,1185,52.13,15000,,,4,1,2000,,,,,,중개거래,
공항동,202606,연립다세대_매매,우성빌라,공항동,60-44,62.28,30000,,,3,15,2001,,,,,,중개거래,
화곡동,202606,연립다세대_매매,덕우빌라,화곡동,391-65,34.47,16000,,,2,30,1994,,,,,,중개거래,
공항동,202606,연립다세대_매매,공항맨션1동,공항동,18-103,71.55,113000,,,3,10,1995,,,,,,중개거래,
방화동,202606,연립다세대_매매,유진빌리지안1차,방화동,592-34,43.99,27500,,,2,17,2011,,,,,,중개거래,
방화동,202606,연립다세대_매매,경동빌라,방화동,281-64,40.48,17500,,,2,9,2001,,,,,,중개거래,
화곡동,202606,연립다세대_매매,오케이파크빌,화곡동,865-6,35.93,26800,,,7,26,2017,,,,,,중개거래,
내발산동,202606,연립다세대_매매,정성빌라,내발산동,674-31,80.22,21700,,,4,29,1993,,,,,,중개거래,
화곡동,202606,연립다세대_매매,골드리움,화곡동,504-8,29.79,18300,,,6,6,2017,,,,,,중개거래,
내발산동,202606,연립다세대_매매,청기와주택,내발산동,663-12,39.41,16000,,,1,29,1986,,,,,,직거래,
화곡동,202606,연립다세대_매매,벨라하우스(351-16),화곡동,351-16,34.46,23000,,,5,18,2016,,,,,,중개거래,
화곡동,202606,연립다세대_매매,밀레니엄,화곡동,24-481,42.42,17800,,,2,26,2010,,,,,,중개거래,
화곡동,202606,연립다세대_매매,우성A동B동(346-86),화곡동,346-86,34.29,28500,,,5,22,2014,,,,,,중개거래,O
화곡동,202606,연립다세대_매매,중앙파크빌,화곡동,1084-46,42.82,17900,,,5,24,2011,,,,,,중개거래,
화곡동,202606,연립다세대_매매,대원빌라(392-42),화곡동,392-42,23.03,11000,,,4,29,1999,,,,,,중개거래,
화곡동,202606,연립다세대_매매,동화주택(56-429),화곡동,56-429,32.66,8000,,,2,16,1990,,,,,,중개거래,
화곡동,202606,연립다세대_매매,동양하우징,화곡동,1081,44.86,34400,,,2,4,2016,,,,,,중개거래,
화곡동,202606,연립다세대_매매,대한맨션,화곡동,102-330,59.94,21000,,,1,25,1997,,,,,,중개거래,
화곡동,202606,연립다세대_매매,로얄하이츠(806-2),화곡동,806-2,34.6,16800,,,3,13,2010,,,,,,중개거래,
화곡동,202606,연립다세대_매매,훼밀리타운,화곡동,962-21,56.88,24700,,,2,27,1994,,,,,,중개거래,
화곡동,202606,연립다세대_매매,동양하우징A동,화곡동,962-27,36.48,28000,,,3,10,2017,,,,,,중개거래,
방화동,202606,연립다세대_매매,으뜸베스트빌,방화동,645-48,75.25,28000,,,5,2,2001,,,,,,직거래,
등촌동,202606,연립다세대_매매,대림라온제나(572-5),등촌동,572-5,48.02,32000,,,3,10,2015,,,,,,중개거래,
화곡동,202606,연립다세대_매매,(842-21),화곡동,842-21,40.38,35000,,,2,11,1986,,,,,,중개거래,
화곡동,202606,연립다세대_매매,프라임캐슬B동,화곡동,805-36,27.25,22200,,,5,25,2020,,,,,,중개거래,
화곡동,202606,연립다세대_매매,금성맨션,화곡동,504-55,70.31,30000,,,3,17,2007,,,,,,중개거래,
화곡동,202606,연립다세대_매매,형지씨티빌(816-6),화곡동,816-6,29.85,17500,,,1,26,2012,,,,,,중개거래,
화곡동,202606,연립다세대_매매,남성아트빌,화곡동,50-7,41.38,28500,,,3,15,2017,,,,,,중개거래,
화곡동,202606,연립다세대_매매,이화파크빌라,화곡동,1014-5,52.56,28000,,,2,27,2000,,,,,,중개거래,
화곡동,202606,연립다세대_매매,시원아트빌다동,화곡동,1014-36,47.52,20000,,,2,10,2002,,,,,,중개거래,
화곡동,202606,연립다세대_매매,동도하이츠빌라(가동),화곡동,56-274,38.8,12000,,,5,24,2001,,,,,,중개거래,
화곡동,202606,연립다세대_매매,혜림주택,화곡동,933-22,62.98,26000,,,3,18,2009,,,,,,중개거래,
방화동,202606,연립다세대_매매,우진쉐르빌,방화동,593-71,34.8,28000,,,3,27,2016,,,,,,중개거래,
화곡동,202606,연립다세대_매매,화원빌라,화곡동,394-30,43.13,14000,,,-1,25,1992,,,,,,중개거래,
방화동,202606,연립다세대_매매,서진리치빌,방화동,337-3,29.56,22000,,,3,20,2017,,,,,,중개거래,
화곡동,202606,연립다세대_매매,다솜빌(827-23),화곡동,827-23,59.5,26800,,,2,20,2011,,,,,,중개거래,
화곡동,202606,연립다세대_매매,NS타운,화곡동,878-16,22.99,23000,,,5,1,2019,,,,,,중개거래,
화곡동,202606,연립다세대_매매,베아트리스(341-3),화곡동,341-3,27.36,25800,,,6,26,2017,,,,,,중개거래,
화곡동,202606,연립다세대_매매,광명하이츠29차나동,화곡동,825-16,42.33,16500,,,3,13,2002,,,,,,중개거래,
화곡동,202606,연립다세대_매매,하나빌라(56-493),화곡동,56-493,50.66,15700,,,2,11,2003,,,,,,중개거래,
화곡동,202606,연립다세대_매매,멤버스빌(827-32),화곡동,827-32,31.86,26500,,,4,18,2014,,,,,,중개거래,
화곡동,202606,연립다세대_매매,한솔빌라,화곡동,812-9,51.48,18700,,,4,24,2002,,,,,,중개거래,
마곡동,202606,연립다세대_매매,삼익마곡스테이,마곡동,1261,20.89,9900,,,4,24,2018,,,,,,직거래,
화곡동,202606,연립다세대_매매,성준빌라,화곡동,1020-14,59.46,15000,,,-1,18,1998,,,,,,중개거래,
화곡동,202606,연립다세대_매매,대송빌라2차,화곡동,154-12,58.74,21200,,,2,20,2000,,,,,,중개거래,
화곡동,202606,연립다세대_매매,공간지음102,화곡동,102-298,45.56,35000,,,5,4,2021,,,,,,직거래,
화곡동,202606,연립다세대_매매,광천쉐르빌,화곡동,333-9,77.34,26000,,,3,9,2002,,,,,,중개거래,
화곡동,202606,연립다세대_매매,공간지음102,화곡동,102-298,29.69,25000,,,4,10,2021,,,,,,직거래,
화곡동,202606,연립다세대_매매,덕성자이빌,화곡동,813-15,45.72,13100,,,5,19,2012,,,,,,직거래,
화곡동,202606,연립다세대_매매,공간지음102,화곡동,102-298,29.98,25000,,,4,16,2021,,,,,,직거래,
화곡동,202606,연립다세대_매매,탑빌리지,화곡동,42-54,55.75,16900,,,2,23,2001,,,,,,중개거래,
공항동,202606,연립다세대_매매,아이디움,공항동,18-60,40.44,32000,,,5,8,2016,,,,,,중개거래,
공항동,202606,연립다세대_매매,스카이빌(14-215),공항동,14-215,56.38,32600,,,2,16,2000,,,,,,중개거래,
화곡동,202606,연립다세대_매매,진성빌라(98-132),화곡동,98-132,64.51,16800,,,-1,17,1995,,,,,,중개거래,
화곡동,202606,연립다세대_매매,웰스하이빌,화곡동,817-7,47.27,25100,,,2,13,2012,,,,,,직거래,
화곡동,202606,연립다세대_매매,삼협필하우스,화곡동,158-19,46.66,24600,,,3,12,2016,,,,,,중개거래,
화곡동,202606,연립다세대_매매,웰스하이빌,화곡동,817-7,44.47,23000,,,3,11,2012,,,,,,직거래,
화곡동,202606,연립다세대_매매,광명하이츠17차,화곡동,817-19,67.71,26400,,,2,14,1999,,,,,,직거래,
화곡동,202606,연립다세대_매매,대림홈타운A동,화곡동,70-61,57.42,28500,,,3,18,2008,,,,,,중개거래,
화곡동,202606,연립다세대_매매,제이스빌(969-5),화곡동,969-5,23.6,24000,,,2,18,2022,,,,,,중개거래,
방화동,202606,연립다세대_매매,예림탑스빌,방화동,593-83,55.51,30500,,,5,22,2003,,,,,,중개거래,
화곡동,202606,연립다세대_매매,다원슈슈빌(470-8),화곡동,470-8,39.69,19500,,,2,4,2010,,,,,,중개거래,
화곡동,202606,연립다세대_매매,한울타운(라동),화곡동,105-468,45.37,25000,,,2,22,2012,,,,,,중개거래,
화곡동,202606,연립다세대_매매,아인스빌(29-41),화곡동,29-41,36.99,18000,,,8,12,2012,,,,,,중개거래,
화곡동,202606,연립다세대_매매,진성빌라(98-132),화곡동,98-132,49.17,23000,,,4,20,1995,,,,,,중개거래,
화곡동,202606,연립다세대_매매,삼익헤스티아(1129-29),화곡동,1129-29,33.11,19000,,,3,22,2011,,,,,,중개거래,
화곡동,202606,연립다세대_매매,샤론인텔리안(408-29),화곡동,408-29,54.3,25000,,,4,5,2010,,,,,,중개거래,
방화동,202606,연립다세대_매매,현대빌라,방화동,603-11,62.6,68000,,,4,8,2000,,,,,,중개거래,O
등촌동,202606,연립다세대_매매,목원하이츠빌A,등촌동,530-1,53.28,28000,,,3,18,2002,,,,,,중개거래,
화곡동,202606,연립다세대_매매,대동빌라(59-32),화곡동,59-32,39.37,23800,,,2,13,2018,,,,,,중개거래,
방화동,202606,연립다세대_매매,보성,방화동,249-21,56.3,36000,,,1,12,1981,,,,,,중개거래,
화곡동,202606,연립다세대_매매,그레이스빌라,화곡동,780-15,59.71,30000,,,-1,9,2000,,,,,,중개거래,
화곡동,202606,연립다세대_매매,와이에이치빌리지,화곡동,772-1,29.46,17800,,,1,4,2016,,,,,,중개거래,
방화동,202606,연립다세대_매매,살렘하우스2차,방화동,604-15,46.56,70000,,,4,13,2001,,,,,,중개거래,
화곡동,202606,연립다세대_매매,화곡트윈스빌B,화곡동,1045-59,71.22,36500,,,4,16,2001,,,,,,중개거래,
화곡동,202606,연립다세대_매매,LK드림빌(504-80),화곡동,504-80,25.64,14600,,,3,18,2018,,,,,,중개거래,
방화동,202606,연립다세대_매매,통일빌라5차,방화동,592-2,34.7,23800,,,5,19,2002,,,,,,중개거래,
공항동,202606,연립다세대_매매,미래스타빌60-77,공항동,60-77,29.48,27000,,,4,20,2022,,,,,,중개거래,
화곡동,202606,연립다세대_매매,남서울아트빌,화곡동,451-4,47.06,25500,,,4,20,2012,,,,,,중개거래,
화곡동,202606,연립다세대_매매,순환쉐르빌B,화곡동,772-20,34.54,10400,,,4,17,2002,,,,,,중개거래,
화곡동,202606,연립다세대_매매,블루힐,화곡동,380-11,35.32,26000,,,6,8,2018,,,,,,중개거래,
화곡동,202606,연립다세대_매매,대근빌라,화곡동,73-105,36.36,12000,,,1,19,1990,,,,,,중개거래,
화곡동,202606,연립다세대_매매,우성테마빌(1044-20),화곡동,1044-20,66.22,44500,,,4,5,2006,,,,,,중개거래,
염창동,202606,연립다세대_매매,현대가우스빌,염창동,263-9,38.43,32500,,,4,15,2015,,,,,,중개거래,
등촌동,202606,연립다세대_매매,태현맨션,등촌동,523-39,55.26,40000,,,3,16,2001,,,,,,중개거래,
가양동,202606,연립다세대_매매,태호빌리지(238-20),가양동,238-20,43.84,27500,,,5,5,2015,,,,,,중개거래,
화곡동,202606,연립다세대_매매,세인트빌,화곡동,410-147,43.46,14500,,,4,8,2011,,,,,,직거래,
가양동,202606,연립다세대_매매,우성빌라,가양동,252,49.2,22000,,,4,18,1997,,,,,,중개거래,
화곡동,202606,연립다세대_매매,리젠시아,화곡동,424-56,29.95,21500,,,3,17,2014,,,,,,중개거래,
마곡동,202606,연립다세대_매매,동서그린뷰,마곡동,1554,56.64,40700,,,4,1,2012,,,,,,중개거래,
내발산동,202606,연립다세대_매매,삼영아트빌,내발산동,676-16,72.09,42500,,,3,17,2002,,,,,,중개거래,
화곡동,202606,연립다세대_매매,세진빌라,화곡동,351-15,61.84,25000,,,2,19,1996,,,,,,중개거래,
화곡동,202606,연립다세대_매매,덕림파크빌,화곡동,462-1,55.58,17300,,,3,19,2008,,,,,,중개거래,O
화곡동,202606,연립다세대_매매,대림캐슬(95-124),화곡동,95-124,35.04,18300,,,2,13,2012,,,,,,중개거래,
화곡동,202606,연립다세대_매매,미래하이츠(409-47),화곡동,409-47,47.34,19500,,,3,16,2001,,,,,,중개거래,
공항동,202606,연립다세대_매매,유원펠리체,공항동,673-4,40.17,27000,,,2,12,2016,,,,,,직거래,
화곡동,202606,연립다세대_매매,중앙주택,화곡동,874-7,34.9,29000,,,3,1,2002,,,,,,중개거래,
화곡동,202606,연립다세대_매매,정현빌라,화곡동,424-32,62.65,30000,,,2,18,1999,,,,,,중개거래,
화곡동,202606,연립다세대_매매,인정탑스빌,화곡동,811-9,62.4,26000,,,1,10,2002,,,,,,중개거래,
화곡동,202606,연립다세대_매매,드리미타운(858-1),화곡동,858-1,38.22,28000,,,6,15,2015,,,,,,중개거래,
화곡동,202606,연립다세대_매매,한양맨숀,화곡동,820-14,51.15,17500,,,4,9,2001,,,,,,중개거래,O
화곡동,202606,연립다세대_매매,위드캐슬,화곡동,822-14,35.03,28000,,,4,11,2019,,,,,,중개거래,
화곡동,202606,연립다세대_매매,라움하우징A동,화곡동,164-5,29.01,20200,,,2,3,2020,,,,,,중개거래,O
화곡동,202606,연립다세대_매매,경인빌라(409-197),화곡동,409-197,59.875,23000,,,2,13,2000,,,,,,중개거래,
공항동,202606,연립다세대_매매,흥양훼밀리,공항동,693-8,58.2,38000,,,4,3,2009,,,,,,중개거래,
방화동,202606,연립다세대_매매,마곡M타운-101,방화동,589-24,26.79,28500,,,3,17,2019,,,,,,중개거래,
화곡동,202606,연립다세대_매매,신흥뜨란채,화곡동,105-142,39.56,31000,,,7,13,2017,,,,,,중개거래,
화곡동,202606,연립다세대_매매,동현빌라,화곡동,391-50,58.13,21000,,,4,17,1993,,,,,,중개거래,
화곡동,202606,연립다세대_매매,주연하우스(151-5),화곡동,151-5,25.75,19000,,,4,17,2019,,,,,,중개거래,
화곡동,202606,연립다세대_매매,비전쉐르빌,화곡동,410-223,43.85,9000,,,1,16,2002,,,,,,중개거래,
내발산동,202606,연립다세대_매매,진주캐슬,내발산동,690-14,54.76,38500,,,3,15,2012,,,,,,중개거래,
공항동,202606,연립다세대_매매,웰스캐슬,공항동,1376,29.01,21000,,,4,17,2017,,,,,,직거래,O
화곡동,202606,연립다세대_매매,대일빌라,화곡동,391-21,59.64,24500,,,2,15,1992,,,,,,중개거래,
마곡동,202606,연립다세대_매매,샘터마을,마곡동,357-7,55.1,32000,,,2,17,2002,,,,,,중개거래,
화곡동,202606,연립다세대_매매,월드스카이빌,화곡동,851-15,52.91,51000,,,5,16,2012,,,,,,중개거래,
방화동,202606,연립다세대_매매,마곡M타운-102,방화동,589-25,28.98,29000,,,4,16,2019,,,,,,중개거래,
화곡동,202606,연립다세대_매매,태영팰리스,화곡동,377-16,42.04,29000,,,4,16,2016,,,,,,중개거래,O
등촌동,202606,연립다세대_매매,리즈안(516-8),등촌동,516-8,24.87,48500,,,2,16,2024,,,,,,직거래,
화곡동,202606,연립다세대_매매,황제그랜드파크(105-483),화곡동,105-483,40.34,19000,,,3,4,2008,,,,,,중개거래,
내발산동,202606,연립다세대_매매,아데나캐슬101동,내발산동,651-6,28.82,30970,,,5,11,2015,,,,,,중개거래,
화곡동,202606,연립다세대_매매,신원주택,화곡동,391-7,28.6,9000,,,-1,14,1987,,,,,,직거래,
등촌동,202606,연립다세대_매매,건영빌라,등촌동,521-37,40.2,32500,,,3,11,1991,,,,,,중개거래,
방화동,202606,연립다세대_매매,정진(583-24),방화동,583-24,36.54,25000,,,1,15,1990,,,,,,중개거래,
화곡동,202606,연립다세대_매매,프라임캐슬B동,화곡동,805-36,28.76,22500,,,5,13,2020,,,,,,중개거래,
염창동,202606,연립다세대_매매,한경렉스플레이스,염창동,262-4,25.93,31000,,,9,15,2021,,,,,,중개거래,
화곡동,202606,연립다세대_매매,삼성빌라트A동,화곡동,156-23,53.65,18000,,,2,5,2001,,,,,,중개거래,
화곡동,202606,연립다세대_매매,궁전빌라(783-13),화곡동,783-13,45.33,35000,,,2,3,1991,,,,,,중개거래,
방화동,202606,연립다세대_매매,정진(583-24),방화동,583-24,36.54,25000,,,2,13,1990,,,,,,중개거래,
방화동,202606,연립다세대_매매,예지움,방화동,555-13,35.76,28000,,,4,3,2015,,,,,,중개거래,
화곡동,202606,연립다세대_매매,유유그린빌라트,화곡동,98-128,57.57,23500,,,1,4,1995,,,,,,중개거래,
화곡동,202606,연립다세대_매매,혜성팰리스,화곡동,346-37,43.43,29000,,,2,5,2016,,,,,,중개거래,
등촌동,202606,연립다세대_매매,션밸리(365-207),등촌동,365-207,28.29,34500,,,6,11,2021,,,,,,중개거래,
화곡동,202606,연립다세대_매매,청송평화하이맨션(394-42),화곡동,394-42,76.61,31500,,,3,11,1997,,,,,,중개거래,
방화동,202606,연립다세대_매매,보성빌라,방화동,593-30,41.04,42000,,,2,10,1987,,,,,,중개거래,
방화동,202606,연립다세대_매매,대흥파크빌가동,방화동,596-15,62.68,38000,,,4,2,2002,,,,,,중개거래,
화곡동,202606,연립다세대_매매,천우빌라,화곡동,157-9,40.45,15000,,,4,4,1998,,,,,,중개거래,
화곡동,202606,연립다세대_매매,가화주택가동,화곡동,424-60,59.89,28000,,,1,10,1999,,,,,,중개거래,O
화곡동,202606,연립다세대_매매,드림빌,화곡동,379-20,60.91,22000,,,4,12,2008,,,,,,중개거래,
화곡동,202606,연립다세대_매매,럭키빌라,화곡동,392-6,36.72,14000,,,4,8,1991,,,,,,중개거래,
화곡동,202606,연립다세대_매매,예성그린캐슬1차,화곡동,504-67,48.02,17000,,,3,5,2003,,,,,,중개거래,
화곡동,202606,연립다세대_매매,두산빌라,화곡동,865-3,56.71,21500,,,1,7,2001,,,,,,중개거래,
화곡동,202606,연립다세대_매매,서울빌라,화곡동,815-8,31.74,16500,,,3,9,2002,,,,,,중개거래,
화곡동,202606,연립다세대_매매,더뉴리빙,화곡동,808-4,26.98,19000,,,6,10,2018,,,,,,중개거래,
등촌동,202606,연립다세대_매매,예성주택,등촌동,571-1,35.29,26800,,,4,9,2017,,,,,,중개거래,
등촌동,202606,연립다세대_매매,라온제나(572-9),등촌동,572-9,39.37,27000,,,3,6,2017,,,,,,중개거래,
화곡동,202606,연립다세대_매매,한성그린타운8동,화곡동,56-653,68.76,15000,,,-1,10,2003,,,,,,직거래,
화곡동,202606,연립다세대_매매,102-119,화곡동,102-119,29.6,22000,,,6,3,2015,,,,,,중개거래,
화곡동,202606,연립다세대_매매,샤인에버빌나동,화곡동,393-12,59.95,29300,,,3,3,2002,,,,,,중개거래,
화곡동,202606,연립다세대_매매,거목빌라,화곡동,100-45,29.7,12000,,,2,9,1986,,,,,,중개거래,
화곡동,202606,연립다세대_매매,(359-38),화곡동,359-38,55.37,10000,,,-1,10,1986,,,,,,중개거래,
내발산동,202606,연립다세대_매매,신세계플러스,내발산동,762,26.79,27000,,,4,9,2020,,,,,,중개거래,O
등촌동,202606,연립다세대_매매,이건하우스,등촌동,647-68,42.9,24500,,,5,9,2012,,,,,,중개거래,
방화동,202606,연립다세대_매매,보타닉타워,방화동,247-19,29.71,22850,,,4,4,2016,,,,,,중개거래,
방화동,202606,연립다세대_매매,(592-1),방화동,592-1,45.88,20000,,,-1,2,1986,,,,,,중개거래,
등촌동,202606,연립다세대_매매,더프라임,등촌동,649-12,19.57,41000,,,9,8,2022,,,,,,중개거래,
화곡동,202606,연립다세대_매매,대웅하이츠5차,화곡동,338-3,37.57,15500,,,1,3,1992,,,,,,중개거래,
화곡동,202606,연립다세대_매매,장미주택8차,화곡동,73-10,42.72,14000,,,1,9,1991,,,,,,중개거래,
화곡동,202606,연립다세대_매매,순환쉐르빌B,화곡동,772-20,56.73,18000,,,3,3,2002,,,,,,중개거래,
화곡동,202606,연립다세대_매매,동양하우징,화곡동,1046-1,38.65,47100,,,5,4,2016,,,,,,중개거래,
화곡동,202606,연립다세대_매매,신정빌라트,화곡동,847-19,58.24,40000,,,2,5,2001,,,,,,중개거래,
공항동,202606,연립다세대_매매,유원펠리체(680-9),공항동,680-9,40.98,26500,,,2,4,2019,,,,,,중개거래,
화곡동,202606,연립다세대_매매,케이엠아트빌,화곡동,965-20,29.74,23000,,,3,8,2020,,,,,,중개거래,O
화곡동,202606,연립다세대_매매,삼성쉐르빌(881-36),화곡동,881-36,39.67,24800,,,2,1,2014,,,,,,중개거래,
화곡동,202606,연립다세대_매매,남성아트빌,화곡동,379-36,29.93,29000,,,3,7,2016,,,,,,중개거래,
등촌동,202606,연립다세대_매매,진영빌라,등촌동,523-16,55.53,53000,,,2,4,2008,,,,,,중개거래,
화곡동,202606,연립다세대_매매,동선벨리체,화곡동,376-9,28.73,21500,,,4,4,2020,,,,,,중개거래,O
화곡동,202606,연립다세대_매매,S-vill(423-1),화곡동,423-1,41.755,23900,,,4,5,2012,,,,,,중개거래,
화곡동,202606,연립다세대_매매,이가채(400-95),화곡동,400-95,29.85,21500,,,4,2,2012,,,,,,중개거래,
화곡동,202606,연립다세대_매매,강성빌라5차,화곡동,24-78,34.83,10800,,,-1,4,1991,,,,,,중개거래,
화곡동,202606,연립다세대_매매,건형센스빌,화곡동,1018-19,57.5,38000,,,3,4,2011,,,,,,중개거래,
내발산동,202606,연립다세대_매매,더제니스타운,내발산동,670-29,44.8,35400,,,3,4,2016,,,,,,중개거래,
방화동,202606,연립다세대_매매,프라임빌,방화동,607-143,61.76,97600,,,1,3,2002,,,,,,중개거래,
화곡동,202606,연립다세대_매매,은성,화곡동,504-90,59.97,27000,,,2,3,2002,,,,,,중개거래,
화곡동,202606,연립다세대_매매,기웅베스트빌,화곡동,1070-28,54.27,28700,,,2,3,2002,,,,,,중개거래,
화곡동,202606,연립다세대_매매,삼진빌라(105-28),화곡동,105-28,35.1,16000,,,4,3,1992,,,,,,중개거래,
화곡동,202606,연립다세대_매매,두산빌라(959-26),화곡동,959-26,59.85,36000,,,2,3,2002,,,,,,중개거래,
화곡동,202606,연립다세대_매매,(24-618),화곡동,24-618,121.26,55000,,,4,2,1992,,,,,,직거래,
공항동,202606,연립다세대_매매,세종에어포트원,공항동,45-14,24.41,17700,,,14,1,2018,,,,,,중개거래,
방화동,202606,아파트_매매,마곡중앙하이츠아파트,방화동,852,51.03,59300,,,2,29,1994,,,,,,중개거래,
방화동,202606,아파트_매매,마곡우촌아파트,방화동,907,28.04,42000,,,12,5,2022,,,,,,직거래,
등촌동,202606,아파트_매매,등촌동아이파크,등촌동,715,84.9958,124000,,,12,22,2004,,,,,,중개거래,
화곡동,202606,아파트_매매,"우장산아이파크,이편한세상",화곡동,1159,114.98,163000,,,3,29,2008,,,,,,중개거래,
염창동,202606,아파트_매매,DH팰리스,염창동,263-7,84.98,103500,,,12,19,2022,,,,,,직거래,
방화동,202606,아파트_매매,방화5,방화동,814,49.77,76000,,,13,28,1994,,,,,,중개거래,
가양동,202606,아파트_매매,가양도시개발9-2단지,가양동,1490,39.6,80000,,,12,27,1993,,,,,,중개거래,
방화동,202606,아파트_매매,방신서광,방화동,871,100.6502,73000,,,2,19,2003,,,,,,중개거래,
염창동,202606,아파트_매매,동아,염창동,292,59.97,102000,,,16,29,1998,,,,,,중개거래,
방화동,202606,아파트_매매,통일(479-3),방화동,479-3,79.46,54000,,,3,29,2003,,,,,,중개거래,
방화동,202606,아파트_매매,방화5,방화동,814,39.6,63000,,,11,30,1994,,,,,,중개거래,
화곡동,202606,아파트_매매,우성(343-39),화곡동,343-39,78.27,46800,,,2,30,2001,,,,,,중개거래,
화곡동,202606,아파트_매매,"우장산아이파크,이편한세상",화곡동,1159,84.97,155500,,,4,10,2008,,,,,,중개거래,O
방화동,202606,아파트_매매,청솔,방화동,832,59.04,76000,,,9,29,1994,,,,,,중개거래,
방화동,202606,아파트_매매,개화,방화동,819,133.98,98000,,,6,26,1994,,,,,,중개거래,
등촌동,202606,아파트_매매,임광,등촌동,562-5,71.01,89000,,,10,3,2000,,,,,,중개거래,
마곡동,202606,아파트_매매,한솔솔파크,마곡동,716,84.87,133500,,,11,29,2005,,,,,,중개거래,
염창동,202606,아파트_매매,염창동한강우성,염창동,66-9,65.88,108000,,,11,7,1990,,,,,,중개거래,
등촌동,202606,아파트_매매,등촌동아이파크,등촌동,715,84.7556,120000,,,19,27,2004,,,,,,중개거래,
염창동,202606,아파트_매매,태진한솔,염창동,263,58.87,112500,,,14,30,1994,,,,,,중개거래,
방화동,202606,아파트_매매,마곡서광(치현마을),방화동,860,59.67,50300,,,1,26,1998,,,,,,중개거래,
화곡동,202606,아파트_매매,풍원팰리스,화곡동,925-5,43.8,36000,,,8,30,2012,,,,,,중개거래,
화곡동,202606,아파트_매매,세림아파트,화곡동,917-4,49.955,37000,,,6,27,2016,,,,,,중개거래,
염창동,202606,아파트_매매,삼성한마음,염창동,244-2,59.94,97800,,,6,30,1995,,,,,,중개거래,
염창동,202606,아파트_매매,월드메르디앙,염창동,297,84.98,110000,,,13,30,2004,,,,,,중개거래,
내발산동,202606,아파트_매매,청솔샤르망1001동,내발산동,676-23,84.8081,69000,,,2,30,2004,,,,,,중개거래,
화곡동,202606,아파트_매매,세교예지안5차,화곡동,914-32,29.95,19800,,,5,30,2016,,,,,,중개거래,
등촌동,202606,아파트_매매,등촌동아이파크,등촌동,715,165.8299,150000,,,7,27,2004,,,,,,중개거래,
방화동,202606,아파트_매매,다우하임더프라임아파트,방화동,450-1,82.02,75000,,,7,25,2023,,,,,,직거래,
화곡동,202606,아파트_매매,드림시드아파트1차,화곡동,899-13,30.28,20700,,,5,30,2017,,,,,,중개거래,
화곡동,202606,아파트_매매,초록,화곡동,1139,84.07,64000,,,9,3,1998,,,,,,직거래,
화곡동,202606,아파트_매매,센트럴파크아파트,화곡동,900-47,48.65,47900,,,5,2,2021,,,,,,직거래,
공항동,202606,아파트_매매,더트루엘마곡HQ,공항동,1398,48.3293,67500,,,8,27,2024,,,,,,직거래,
화곡동,202606,아파트_매매,센트럴파크아파트,화곡동,900-47,48.15,47900,,,3,19,2021,,,,,,직거래,
가양동,202606,아파트_매매,강변,가양동,1475,49.5,110000,,,14,22,1992,,,,,,중개거래,
화곡동,202606,아파트_매매,초록,화곡동,1139,59.34,93000,,,6,30,1998,,,,,,중개거래,
내발산동,202606,아파트_매매,마곡수명산파크1단지,내발산동,742,84.53,133000,,,10,30,2007,,,,,,중개거래,
공항동,202606,아파트_매매,더트루엘마곡HQ,공항동,1398,48.3293,64300,,,10,28,2024,,,,,,직거래,
등촌동,202606,아파트_매매,대림,등촌동,694,123.72,135000,,,6,23,1995,,,,,,중개거래,
화곡동,202606,아파트_매매,우장산롯데,화곡동,1148,117.24,93500,,,2,8,2004,,,,,,중개거래,
화곡동,202606,아파트_매매,중앙화곡하이츠,화곡동,351-89,74.16,58000,,,7,18,1988,,,,,,중개거래,
염창동,202606,아파트_매매,염창동한강우성,염창동,66-9,84.7,129000,,,8,30,1990,,,,,,중개거래,
내발산동,202606,아파트_매매,수산오성,내발산동,721-3,82.5,70500,,,3,27,2002,,,,,,중개거래,
내발산동,202606,아파트_매매,보람,내발산동,686-1,84.03,74800,,,6,30,2001,,,,,,중개거래,
화곡동,202606,아파트_매매,삼익플로리아,화곡동,900-39,41.39,16700,,,6,30,2010,,,,,,직거래,O
내발산동,202606,아파트_매매,우장산힐스테이트,내발산동,657,84.98,164400,,,5,24,2005,,,,,,중개거래,
마곡동,202606,아파트_매매,마곡현대아파트,마곡동,1171,59.92,69000,,,6,29,1999,,,,,,중개거래,
마곡동,202606,아파트_매매,마곡나루경남아파트,마곡동,1577,84.29,95000,,,3,29,1991,,,,,,중개거래,
염창동,202606,아파트_매매,동아,염창동,292,59.97,107500,,,5,29,1998,,,,,,중개거래,
화곡동,202606,아파트_매매,화곡푸르지오,화곡동,1091,130.279,85000,,,3,3,2002,,,,,,직거래,
방화동,202606,아파트_매매,치현마을동일스위트리버,방화동,880,84.9829,78000,,,7,16,2004,,,,,,중개거래,
염창동,202606,아파트_매매,태영,염창동,270-1,59.97,96000,,,3,29,1999,,,,,,중개거래,
내발산동,202606,아파트_매매,마곡수명산파크2단지,내발산동,741,84.82,133000,,,15,29,2007,,,,,,중개거래,
등촌동,202606,아파트_매매,대림e편한세상,등촌동,561-1,116.41,118500,,,3,29,2002,,,,,,중개거래,
등촌동,202606,아파트_매매,부영,등촌동,691-3,80.64,110000,,,4,29,1994,,,,,,중개거래,
방화동,202606,아파트_매매,치현마을동일스위트리버,방화동,880,84.9829,75000,,,5,9,2004,,,,,,중개거래,
마곡동,202606,아파트_매매,마곡푸르지오,마곡동,1525,84.99,148000,,,12,27,2008,,,,,,중개거래,
화곡동,202606,아파트_매매,명지해드는터,화곡동,473-4,53.58,40000,,,9,18,2005,,,,,,중개거래,
화곡동,202606,아파트_매매,화곡보람,화곡동,1149,59.24,78500,,,12,28,2004,,,,,,중개거래,
마곡동,202606,아파트_매매,마곡일성트루엘아파트,마곡동,1535,59.978,90000,,,8,29,2013,,,,,,중개거래,
방화동,202606,아파트_매매,동일스위트리버2차,방화동,895,59.03,60000,,,13,24,2009,,,,,,중개거래,
가양동,202606,아파트_매매,디아이빌101동,가양동,239-1,83.92,61000,,,2,28,2006,,,,,,중개거래,
화곡동,202606,아파트_매매,강서아이파크,화곡동,980-21,83.077,83000,,,4,25,2005,,,,,,중개거래,
가양동,202606,아파트_매매,강서한강자이,가양동,1500,59.9382,144000,,,8,28,2013,,,,,,중개거래,
마곡동,202606,아파트_매매,마곡현대아파트,마곡동,1171,59.92,73500,,,14,28,1999,,,,,,중개거래,
마곡동,202606,아파트_매매,신안,마곡동,422,59.98,92750,,,7,27,1993,,,,,,중개거래,
화곡동,202606,아파트_매매,화곡푸르지오,화곡동,1091,156.876,145000,,,2,10,2002,,,,,,중개거래,
화곡동,202606,아파트_매매,강서힐스테이트,화곡동,1165,128.81,168000,,,4,27,2015,,,,,,중개거래,
내발산동,202606,아파트_매매,우장산타워빌,내발산동,704-2,84.6,82000,,,9,27,2002,,,,,,중개거래,O
화곡동,202606,아파트_매매,태영방송인,화곡동,1140,59.94,45500,,,8,20,2000,,,,,,중개거래,
화곡동,202606,아파트_매매,태영방송인,화곡동,1140,114.81,73000,,,4,20,2000,,,,,,중개거래,
염창동,202606,아파트_매매,염창3우성,염창동,272-28,84.96,95000,,,2,9,1993,,,,,,중개거래,
방화동,202606,아파트_매매,강서센트레빌3차(894-0),방화동,894,84.4,117000,,,7,27,2009,,,,,,중개거래,
염창동,202606,아파트_매매,한강동아,염창동,293,59.97,105000,,,7,27,1998,,,,,,중개거래,
염창동,202606,아파트_매매,삼천리,염창동,70-20,84.99,122000,,,5,15,1992,,,,,,중개거래,O
공항동,202606,아파트_매매,해태,공항동,1371,84.65,77500,,,5,27,2000,,,,,,중개거래,
내발산동,202606,아파트_매매,마곡수명산파크4단지,내발산동,753,84.53,125000,,,2,27,2008,,,,,,중개거래,
내발산동,202606,아파트_매매,마곡수명산파크5단지,내발산동,749,59.76,109000,,,11,27,2008,,,,,,중개거래,
가양동,202606,아파트_매매,가양2단지(성지),가양동,1461,39.6,84000,,,7,27,1992,,,,,,중개거래,
마곡동,202606,아파트_매매,마곡힐스테이트,마곡동,1589,84.98,167000,,,6,27,2017,,,,,,중개거래,
내발산동,202606,아파트_매매,우장산힐스테이트,내발산동,657,84.98,165000,,,20,27,2005,,,,,,중개거래,
공항동,202606,아파트_매매,공항동부센트레빌,공항동,1374,59.96,75000,,,7,25,2009,,,,,,중개거래,
방화동,202606,아파트_매매,동성,방화동,817,84.95,89000,,,1,27,1993,,,,,,중개거래,
염창동,202606,아파트_매매,삼성한마음,염창동,244-2,84.87,69000,,,2,27,1995,,,,,,중개거래,
내발산동,202606,아파트_매매,우장산동문디이스트,내발산동,765,74.03,102000,,,7,26,2023,,,,,,중개거래,
내발산동,202606,아파트_매매,우장산타워빌,내발산동,704-2,84.6,72000,,,2,27,2002,,,,,,중개거래,
방화동,202606,아파트_매매,방화5,방화동,814,39.6,52700,,,12,27,1994,,,,,,중개거래,
염창동,202606,아파트_매매,성원,염창동,295,59.91,108000,,,10,27,2001,,,,,,중개거래,
내발산동,202606,아파트_매매,우장산힐스테이트,내발산동,657,101.87,158000,,,2,26,2005,,,,,,중개거래,
방화동,202606,아파트_매매,청솔,방화동,832,49.2,70200,,,4,26,1994,,,,,,중개거래,
방화동,202606,아파트_매매,마곡센트레빌,방화동,906,78.5554,115000,,,15,27,2021,,,,,,중개거래,
화곡동,202606,아파트_매매,크로스캐슬,화곡동,918-6,79.92,51800,,,10,19,2003,,,,,,중개거래,
화곡동,202606,아파트_매매,진흥,화곡동,824-13,58.34,31000,,,2,23,1992,,,,,,중개거래,
등촌동,202606,아파트_매매,태진아름,등촌동,676,59.94,68000,,,7,23,1995,,,,,,중개거래,
공항동,202606,아파트_매매,더트루엘마곡HQ,공항동,1398,48.3293,59900,,,6,19,2024,,,,,,직거래,
방화동,202606,아파트_매매,동성,방화동,817,84.95,86000,,,13,26,1993,,,,,,중개거래,
화곡동,202606,아파트_매매,강서힐스테이트,화곡동,1165,119.63,171000,,,12,15,2015,,,,,,중개거래,
등촌동,202606,아파트_매매,대림,등촌동,694,89.975,138500,,,10,26,1995,,,,,,중개거래,
등촌동,202606,아파트_매매,"등촌1,2단지주공아파트",등촌동,687,41.85,80000,,,8,26,1994,,,,,,중개거래,
등촌동,202606,아파트_매매,대림e편한세상,등촌동,561-1,75.64,98300,,,3,12,2002,,,,,,중개거래,
내발산동,202606,아파트_매매,마곡수명산파크4단지,내발산동,753,59.84,111800,,,6,26,2008,,,,,,중개거래,
화곡동,202606,아파트_매매,GMValley,화곡동,899-27,23.22,20000,,,15,13,2018,,,,,,중개거래,
가양동,202606,아파트_매매,가양2단지(성지),가양동,1461,39.6,81000,,,12,25,1992,,,,,,중개거래,
마곡동,202606,아파트_매매,마곡태승훼미리아파트,마곡동,1454,74.79,71000,,,12,25,2005,,,,,,중개거래,
등촌동,202606,아파트_매매,"등촌지와인아파트,비지니스센터",등촌동,727,59.6202,93000,,,12,25,2023,,,,,,중개거래,
내발산동,202606,아파트_매매,수산오성,내발산동,721-3,77.83,72500,,,5,25,2002,,,,,,중개거래,
등촌동,202606,아파트_매매,"등촌7,8단지주공아파트",등촌동,707,41.85,82500,,,9,25,1994,,,,,,중개거래,
등촌동,202606,아파트_매매,한사랑2삼성,등촌동,634-2,84.96,114500,,,9,25,1999,,,,,,중개거래,
등촌동,202606,아파트_매매,등촌동아이파크,등촌동,715,165.8299,150000,,,4,25,2004,,,,,,중개거래,
방화동,202606,아파트_매매,청솔,방화동,832,59.04,73000,,,3,25,1994,,,,,,중개거래,
가양동,202606,아파트_매매,동신대아,가양동,1459,134.88,145000,,,5,5,1993,,,,,,중개거래,
마곡동,202606,아파트_매매,마곡엠밸리5단지,마곡동,740,114.86,174000,,,15,23,2014,,,,,,중개거래,
등촌동,202606,아파트_매매,동성,등촌동,691-1,101.88,121000,,,1,18,1995,,,,,,중개거래,
화곡동,202606,아파트_매매,강서힐스테이트,화곡동,1165,128.81,140000,,,12,3,2015,,,,,,직거래,
화곡동,202606,아파트_매매,"우장산아이파크,이편한세상",화곡동,1159,59.98,143000,,,6,24,2008,,,,,,중개거래,
방화동,202606,아파트_매매,길성그랑프리텔,방화동,867,77.8,73500,,,5,22,2002,,,,,,직거래,
방화동,202606,아파트_매매,대림e-편한세상,방화동,874,84.67,77000,,,1,25,2003,,,,,,중개거래,
화곡동,202606,아파트_매매,"우장산아이파크,이편한세상",화곡동,1159,84.97,160000,,,20,23,2008,,,,,,중개거래,
마곡동,202606,아파트_매매,길훈,마곡동,1565,51.28,65000,,,8,24,1989,,,,,,중개거래,
염창동,202606,아파트_매매,태진한솔,염창동,263,58.87,105000,,,5,24,1994,,,,,,중개거래,
마곡동,202606,아파트_매매,마곡나루경남아파트,마곡동,1577,84.29,98000,,,5,24,1991,,,,,,중개거래,
내발산동,202606,아파트_매매,쥴리앙,내발산동,660-6,70.08,50000,,,1,24,2007,,,,,,중개거래,
등촌동,202606,아파트_매매,부영,등촌동,691-3,80.64,105500,,,4,24,1994,,,,,,중개거래,
가양동,202606,아파트_매매,대림경동아파트,가양동,1474,131.4,147000,,,13,13,1993,,,,,,중개거래,
공항동,202606,아파트_매매,더트루엘마곡HQ,공항동,1398,48.3293,67000,,,12,16,2024,,,,,,직거래,
방화동,202606,아파트_매매,신세계아파트,방화동,903,61.17,50000,,,2,24,2018,,,,,,중개거래,
등촌동,202606,아파트_매매,등촌동아이파크,등촌동,715,134.8836,143000,,,14,11,2004,,,,,,중개거래,
공항동,202606,아파트_매매,더트루엘마곡HQ,공항동,1398,48.3293,64300,,,9,19,2024,,,,,,직거래,
방화동,202606,아파트_매매,동성,방화동,817,64.65,74000,,,1,19,1993,,,,,,중개거래,
마곡동,202606,아파트_매매,마곡13단지힐스테이트마스터,마곡동,748,59.9825,155000,,,6,24,2017,,,,,,중개거래,
화곡동,202606,아파트_매매,우장산롯데캐슬,화곡동,1145,117.19,143000,,,7,24,2003,,,,,,중개거래,
방화동,202606,아파트_매매,마곡 한진해모로,방화동,579,59.92,77500,,,7,16,2004,,,,,,중개거래,
내발산동,202606,아파트_매매,롯데1차,내발산동,728,55.363,65000,,,14,23,2002,,,,,,중개거래,
화곡동,202606,아파트_매매,강서힐스테이트,화곡동,1165,59.99,135000,,,4,23,2015,,,,,,중개거래,
염창동,202606,아파트_매매,성원,염창동,295,59.91,101000,,,4,23,2001,,,,,,중개거래,
등촌동,202606,아파트_매매,부영,등촌동,691-3,80.64,104000,,,3,23,1994,,,,,,중개거래,
마곡동,202606,아파트_매매,신안,마곡동,422,108.35,120000,,,5,23,1993,,,,,,중개거래,
방화동,202606,아파트_매매,방화그린,방화동,839,39.76,55000,,,11,23,1993,,,,,,중개거래,
염창동,202606,아파트_매매,한강동아,염창동,293,84.96,120000,,,14,23,1998,,,,,,중개거래,
마곡동,202606,아파트_매매,마곡힐스테이트,마곡동,1589,84.89,179000,,,6,23,2017,,,,,,중개거래,
마곡동,202606,아파트_매매,벽산,마곡동,429,59.98,87500,,,16,9,1999,,,,,,중개거래,
화곡동,202606,아파트_매매,성삼하이츠,화곡동,1142,76.61,57700,,,6,23,2001,,,,,,중개거래,
화곡동,202606,아파트_매매,천우네오젠9차,화곡동,916-6,56.15,39300,,,9,23,2009,,,,,,중개거래,
방화동,202606,아파트_매매,개화산경남아너스빌,방화동,887,82.53,75000,,,14,11,2007,,,,,,중개거래,
마곡동,202606,아파트_매매,마곡푸르지오,마곡동,1525,84.99,139000,,,9,22,2008,,,,,,중개거래,
마곡동,202606,아파트_매매,마곡푸르지오,마곡동,1525,114.72,157000,,,8,22,2008,,,,,,중개거래,
등촌동,202606,아파트_매매,가양역두산위브,등촌동,726,64.46,118000,,,14,23,2022,,,,,,중개거래,
가양동,202606,아파트_매매,가양도시개발9-2단지,가양동,1490,34.44,72400,,,4,22,1993,,,,,,중개거래,
등촌동,202606,아파트_매매,대동황토방2,등촌동,713,59.96,96000,,,6,22,2003,,,,,,중개거래,
등촌동,202606,아파트_매매,코오롱하늘채,등촌동,714,84.96,108500,,,7,22,2003,,,,,,중개거래,
가양동,202606,아파트_매매,가양6단지,가양동,1485,49.5,114000,,,12,22,1992,,,,,,중개거래,
등촌동,202606,아파트_매매,코오롱오투빌2,등촌동,712,59.95,85000,,,5,19,2002,,,,,,중개거래,
등촌동,202606,아파트_매매,부영,등촌동,691-3,80.64,100000,,,1,3,1994,,,,,,중개거래,
염창동,202606,아파트_매매,여명,염창동,242-10,80.08,66300,,,7,22,2002,,,,,,중개거래,
가양동,202606,아파트_매매,가양도시개발9-2단지,가양동,1490,39.6,80000,,,4,21,1993,,,,,,중개거래,
염창동,202606,아파트_매매,우성2,염창동,287-1,84.7,124000,,,3,21,1992,,,,,,중개거래,O
염창동,202606,아파트_매매,길훈,염창동,294,84.8,103000,,,11,20,1999,,,,,,중개거래,
등촌동,202606,아파트_매매,제일(코오롱),등촌동,642,59.99,71000,,,3,20,1999,,,,,,중개거래,
가양동,202606,아파트_매매,가양강나루현대,가양동,448-1,59.76,110000,,,1,20,1999,,,,,,중개거래,
방화동,202606,아파트_매매,마곡드림힐,방화동,872,59.7091,61300,,,14,20,2003,,,,,,중개거래,
방화동,202606,아파트_매매,삼성꽃마을,방화동,858,59.99,53500,,,2,20,1997,,,,,,중개거래,
등촌동,202606,아파트_매매,부영,등촌동,691-3,80.64,107000,,,15,20,1994,,,,,,중개거래,
염창동,202606,아파트_매매,동아3,염창동,258-1,59.7,128500,,,20,20,1999,,,,,,중개거래,
염창동,202606,아파트_매매,벽산늘푸른,염창동,290,59.97,84000,,,12,20,1998,,,,,,중개거래,O
내발산동,202606,아파트_매매,강서월드메르디앙,내발산동,659-1,59.602,80000,,,1,20,2006,,,,,,중개거래,
화곡동,202606,아파트_매매,태창네스트힐,화곡동,1146,82.35,57000,,,3,20,2004,,,,,,중개거래,
등촌동,202606,아파트_매매,등촌퀸즈포디엄삼익,등촌동,511-4,47.44,43500,,,3,19,2020,,,,,,중개거래,
염창동,202606,아파트_매매,동아,염창동,292,59.97,110000,,,11,19,1998,,,,,,중개거래,O
가양동,202606,아파트_매매,가양도시개발9-2단지,가양동,1490,34.44,70000,,,7,19,1993,,,,,,중개거래,
염창동,202606,아파트_매매,염창1차한화꿈에그린,염창동,281-22,124.96,179000,,,4,19,2005,,,,,,중개거래,
화곡동,202606,아파트_매매,푸른숲,화곡동,460-1,84.94,53500,,,8,19,2007,,,,,,중개거래,O
마곡동,202606,아파트_매매,한솔솔파크,마곡동,716,84.87,128000,,,9,19,2005,,,,,,중개거래,
염창동,202606,아파트_매매,동아,염창동,292,59.97,104000,,,5,19,1998,,,,,,중개거래,
화곡동,202606,아파트_매매,한울아파트,화곡동,899-8,28.82,22000,,,9,19,2018,,,,,,중개거래,
내발산동,202606,아파트_매매,우장산힐스테이트,내발산동,657,101.87,180000,,,4,19,2005,,,,,,중개거래,
염창동,202606,아파트_매매,삼성한마음,염창동,244-2,59.94,96000,,,6,19,1995,,,,,,중개거래,
가양동,202606,아파트_매매,가양6단지,가양동,1485,49.5,108500,,,15,19,1992,,,,,,중개거래,
방화동,202606,아파트_매매,장미,방화동,841,59.04,39000,,,8,15,1994,,,,,,직거래,
마곡동,202606,아파트_매매,마곡삼성아파트,마곡동,1478,59.97,74000,,,13,18,1998,,,,,,중개거래,
등촌동,202606,아파트_매매,주공10,등촌동,702,58.14,98500,,,15,18,1995,,,,,,중개거래,
등촌동,202606,아파트_매매,"등촌1,2단지주공아파트",등촌동,687,41.85,78000,,,10,18,1994,,,,,,중개거래,
방화동,202606,아파트_매매,방화4단지,방화동,831,134.65,106000,,,3,17,1994,,,,,,중개거래,
가양동,202606,아파트_매매,강변,가양동,1475,39.6,85000,,,11,18,1992,,,,,,중개거래,
등촌동,202606,아파트_매매,주공10,등촌동,702,58.14,115700,,,9,18,1995,,,,,,중개거래,
화곡동,202606,아파트_매매,미성아파트(연립),화곡동,409-248,81.89,55000,,,13,18,1987,,,,,,중개거래,
등촌동,202606,아파트_매매,한사랑2삼성,등촌동,634-2,59.37,103700,,,7,18,1999,,,,,,중개거래,
가양동,202606,아파트_매매,가양우성,가양동,14-3,84.85,126000,,,10,18,1990,,,,,,중개거래,
등촌동,202606,아파트_매매,두보아파트,등촌동,365-195,59.49,47500,,,2,19,1991,,,,,,중개거래,
등촌동,202606,아파트_매매,부영,등촌동,691-3,80.64,114000,,,14,18,1994,,,,,,중개거래,
화곡동,202606,아파트_매매,센트럴파크아파트,화곡동,900-47,48.15,48500,,,4,16,2021,,,,,,직거래,
방화동,202606,아파트_매매,마곡 한진해모로,방화동,579,59.92,74200,,,2,18,2004,,,,,,중개거래,
화곡동,202606,아파트_매매,화곡1차보람더하임,화곡동,1087,55.48,50000,,,5,10,2003,,,,,,중개거래,
가양동,202606,아파트_매매,대림경동아파트,가양동,1474,131.4,146000,,,10,17,1993,,,,,,중개거래,
공항동,202606,아파트_매매,더트루엘마곡HQ,공항동,1398,48.3293,64300,,,9,17,2024,,,,,,직거래,
염창동,202606,아파트_매매,강변월드메르디앙,염창동,240-1,84.9341,126000,,,9,17,2010,,,,,,중개거래,
염창동,202606,아파트_매매,염창3우성,염창동,272-28,84.96,93000,,,8,17,1993,,,,,,중개거래,
마곡동,202606,아파트_매매,마곡보타닉경남아너스빌,마곡동,1252,84.9941,91000,,,10,16,2005,,,,,,중개거래,
마곡동,202606,아파트_매매,마곡나루경남아파트,마곡동,1577,84.29,97000,,,5,10,1991,,,,,,중개거래,
방화동,202606,아파트_매매,청솔,방화동,832,39.36,52700,,,13,16,1994,,,,,,중개거래,
염창동,202606,아파트_매매,동아,염창동,292,114.84,132500,,,13,15,1998,,,,,,중개거래,
등촌동,202606,아파트_매매,등촌라인(조합),등촌동,628-15,59.91,97000,,,14,16,1997,,,,,,중개거래,
가양동,202606,아파트_매매,가양6단지,가양동,1485,58.65,118800,,,3,16,1992,,,,,,중개거래,
가양동,202606,아파트_매매,가양강나루현대,가양동,448-1,59.76,116300,,,4,16,1999,,,,,,중개거래,
가양동,202606,아파트_매매,가양6단지,가양동,1485,49.5,113000,,,15,16,1992,,,,,,중개거래,
방화동,202606,아파트_매매,한미(286-1),방화동,286-1,47.22,34500,,,5,10,1988,,,,,,직거래,
염창동,202606,아파트_매매,동아3,염창동,258-1,59.7,122000,,,10,15,1999,,,,,,중개거래,
내발산동,202606,아파트_매매,롯데2,내발산동,729,84.708,97500,,,13,15,2003,,,,,,중개거래,
화곡동,202606,아파트_매매,희훈리치파크,화곡동,1011-6,84.63,85300,,,6,12,2002,,,,,,중개거래,
염창동,202606,아파트_매매,현대1,염창동,288,84.34,123000,,,11,13,1994,,,,,,중개거래,
마곡동,202606,아파트_매매,마곡힐스테이트,마곡동,1589,84.98,168000,,,10,15,2017,,,,,,중개거래,
등촌동,202606,아파트_매매,대림e편한세상,등촌동,561-1,116.41,120000,,,14,15,2002,,,,,,중개거래,
방화동,202606,아파트_매매,마곡 한진해모로,방화동,579,84.97,87000,,,11,15,2004,,,,,,중개거래,O
방화동,202606,아파트_매매,방화동진로아파트,방화동,804,84.96,70500,,,7,8,1994,,,,,,중개거래,
염창동,202606,아파트_매매,성원,염창동,295,59.91,111000,,,18,15,2001,,,,,,중개거래,
화곡동,202606,아파트_매매,SPACE(920-5),화곡동,920-5,19.75,12000,,,12,15,2014,,,,,,직거래,
화곡동,202606,아파트_매매,웰라이빌,화곡동,927-1,79.87,50600,,,4,13,2000,,,,,,중개거래,
염창동,202606,아파트_매매,동아,염창동,292,59.97,107500,,,12,13,1998,,,,,,중개거래,
내발산동,202606,아파트_매매,마곡수명산파크3단지,내발산동,751,84.96,129000,,,13,15,2007,,,,,,중개거래,
내발산동,202606,아파트_매매,길성그랑프리텔,내발산동,730,71.513,73000,,,5,14,2003,,,,,,중개거래,
가양동,202606,아파트_매매,강서한강월드메르디앙,가양동,1462,84.9,105000,,,7,14,2006,,,,,,중개거래,
방화동,202606,아파트_매매,방화3차우림필유,방화동,546-1,74.8,76000,,,14,14,2005,,,,,,중개거래,
내발산동,202606,아파트_매매,길성그랑프리텔,내발산동,730,84.99,82000,,,3,13,2003,,,,,,중개거래,
화곡동,202606,아파트_매매,우장산롯데캐슬,화곡동,1145,177.86,128800,,,1,12,2003,,,,,,중개거래,
마곡동,202606,아파트_매매,마곡엠밸리2단지,마곡동,735,114.84,165000,,,2,13,2014,,,,,,중개거래,
방화동,202606,아파트_매매,신마곡벽산블루밍,방화동,904,72.8607,98000,,,9,1,2020,,,,,,중개거래,
화곡동,202606,아파트_매매,중앙화곡하이츠,화곡동,351-89,56.88,42000,,,1,12,1988,,,,,,중개거래,
마곡동,202606,아파트_매매,마곡13단지힐스테이트마스터,마곡동,748,84.9805,183000,,,14,3,2017,,,,,,중개거래,
방화동,202606,아파트_매매,동일스위트리버2차,방화동,895,59.47,63000,,,1,13,2009,,,,,,중개거래,
방화동,202606,아파트_매매,방화3차우림필유,방화동,546-1,83.35,75000,,,5,13,2005,,,,,,중개거래,
등촌동,202606,아파트_매매,가양역두산위브,등촌동,726,64.46,117000,,,12,13,2022,,,,,,중개거래,
가양동,202606,아파트_매매,강변,가양동,1475,49.5,107500,,,14,13,1992,,,,,,중개거래,
가양동,202606,아파트_매매,가양2단지(성지),가양동,1461,49.56,94000,,,2,13,1992,,,,,,중개거래,
등촌동,202606,아파트_매매,등촌동아이파크,등촌동,715,84.9958,128000,,,16,13,2004,,,,,,중개거래,
등촌동,202606,아파트_매매,대동황토방,등촌동,631-9,59.94,92000,,,11,13,2000,,,,,,중개거래,
가양동,202606,아파트_매매,가양도시개발9-2단지,가양동,1490,39.6,77700,,,8,13,1993,,,,,,중개거래,
내발산동,202606,아파트_매매,우장산힐스테이트,내발산동,657,84.98,159500,,,15,13,2005,,,,,,중개거래,
염창동,202606,아파트_매매,동아3,염창동,258-1,59.7,127000,,,16,13,1999,,,,,,중개거래,
내발산동,202606,아파트_매매,마곡수명산파크3단지,내발산동,751,84.53,127500,,,9,12,2007,,,,,,중개거래,
내발산동,202606,아파트_매매,길성그랑프리텔,내발산동,730,71.513,76500,,,6,12,2003,,,,,,중개거래,
방화동,202606,아파트_매매,청솔,방화동,832,59.04,73500,,,11,12,1994,,,,,,중개거래,
내발산동,202606,아파트_매매,마곡수명산파크2단지,내발산동,741,84.82,130700,,,3,12,2007,,,,,,중개거래,
방화동,202606,아파트_매매,"월드메르디앙201동,202동",방화동,879,84.82,63000,,,7,12,2004,,,,,,중개거래,
염창동,202606,아파트_매매,염창1차한화꿈에그린,염창동,281-22,59.94,142000,,,12,13,2005,,,,,,중개거래,
방화동,202606,아파트_매매,방화5,방화동,814,39.6,58500,,,11,13,1994,,,,,,중개거래,
마곡동,202606,아파트_매매,마곡현대아파트,마곡동,1171,84.95,93000,,,5,12,1999,,,,,,중개거래,
마곡동,202606,아파트_매매,마곡일성트루엘아파트,마곡동,1535,59.978,82500,,,4,12,2013,,,,,,중개거래,
염창동,202606,아파트_매매,태진한솔,염창동,263,84.97,126000,,,11,12,1994,,,,,,중개거래,
내발산동,202606,아파트_매매,마곡수명산파크1단지,내발산동,742,84.68,135000,,,7,12,2007,,,,,,중개거래,
마곡동,202606,아파트_매매,마곡경남아너스빌,마곡동,1513,84.98,94500,,,6,9,2007,,,,,,중개거래,
화곡동,202606,아파트_매매,우장산숲아이파크,화곡동,1173,84.9932,150000,,,10,2,2022,,,,,,중개거래,
등촌동,202606,아파트_매매,우성,등촌동,630-3,77.43,85500,,,14,12,1992,,,,,,중개거래,
방화동,202606,아파트_매매,방화5,방화동,814,39.6,58000,,,9,12,1994,,,,,,중개거래,
공항동,202606,아파트_매매,더트루엘마곡HQ,공항동,1398,48.3293,64400,,,11,7,2024,,,,,,직거래,
등촌동,202606,아파트_매매,부영,등촌동,691-3,80.64,114500,,,14,11,1994,,,,,,중개거래,
화곡동,202606,아파트_매매,중앙화곡하이츠,화곡동,351-89,49.68,37700,,,5,12,1988,,,,,,중개거래,
등촌동,202606,아파트_매매,주공3,등촌동,688,58.14,113500,,,11,12,1995,,,,,,중개거래,
화곡동,202606,아파트_매매,강서힐스테이트,화곡동,1165,128.81,169500,,,17,12,2015,,,,,,중개거래,
방화동,202606,아파트_매매,방화5,방화동,814,39.6,60000,,,8,11,1994,,,,,,중개거래,
방화동,202606,아파트_매매,삼미,방화동,585-4,76,85000,,,1,11,1982,,,,,,중개거래,
등촌동,202606,아파트_매매,주공5,등촌동,695,58.14,101000,,,3,1,1995,,,,,,중개거래,
염창동,202606,아파트_매매,길훈,염창동,294,59.94,91000,,,15,11,1999,,,,,,중개거래,
마곡동,202606,아파트_매매,마곡푸르지오,마곡동,1525,84.99,143500,,,8,11,2008,,,,,,중개거래,
등촌동,202606,아파트_매매,부영,등촌동,691-3,80.64,109000,,,10,1,1994,,,,,,중개거래,
내발산동,202606,아파트_매매,신세계4차,내발산동,665-6,73.85,65000,,,6,10,2004,,,,,,중개거래,
방화동,202606,아파트_매매,방화5,방화동,814,33.18,46500,,,10,11,1994,,,,,,중개거래,
염창동,202606,아파트_매매,강변한솔솔파크,염창동,300,84.97,132500,,,10,11,2005,,,,,,중개거래,
염창동,202606,아파트_매매,금호타운,염창동,240-32,84.84,118500,,,18,11,1999,,,,,,중개거래,
화곡동,202606,아파트_매매,대림e편한세상,화곡동,361-1,110.26,82000,,,10,11,1992,,,,,,중개거래,
화곡동,202606,아파트_매매,초록,화곡동,1139,59.34,81000,,,2,10,1998,,,,,,중개거래,
염창동,202606,아파트_매매,일신건영휴먼빌,염창동,298,84.93,106000,,,3,10,2004,,,,,,중개거래,
염창동,202606,아파트_매매,무학,염창동,255,59.38,107500,,,4,10,1999,,,,,,중개거래,
등촌동,202606,아파트_매매,서광등촌마을아파트,등촌동,638,84.93,98500,,,1,10,1999,,,,,,중개거래,
화곡동,202606,아파트_매매,강서힐스테이트,화곡동,1165,84.99,160000,,,11,10,2015,,,,,,중개거래,
화곡동,202606,아파트_매매,메종드로제,화곡동,926-3,49.26,39000,,,11,4,2019,,,,,,중개거래,
방화동,202606,아파트_매매,한오,방화동,547-11,47.42,29900,,,2,10,1988,,,,,,중개거래,
가양동,202606,아파트_매매,가양6단지,가양동,1485,58.65,118000,,,12,10,1992,,,,,,중개거래,
마곡동,202606,아파트_매매,마곡경남아너스빌,마곡동,1513,59.91,89000,,,7,10,2007,,,,,,중개거래,
염창동,202606,아파트_매매,염창2차한화꿈에그린,염창동,302,84.99,114000,,,2,9,2006,,,,,,중개거래,
방화동,202606,아파트_매매,신동아,방화동,796,59.4,66000,,,15,5,1995,,,,,,중개거래,
화곡동,202606,아파트_매매,우장산숲아이파크,화곡동,1173,59.9983,134500,,,4,9,2022,,,,,,중개거래,
내발산동,202606,아파트_매매,우장산힐스테이트,내발산동,657,84.98,173500,,,13,9,2005,,,,,,중개거래,
등촌동,202606,아파트_매매,삼성한사랑1,등촌동,632-4,59.73,87700,,,2,9,1997,,,,,,중개거래,
방화동,202606,아파트_매매,마곡서광(치현마을),방화동,860,84.93,60000,,,10,2,1998,,,,,,중개거래,
등촌동,202606,아파트_매매,보람(640),등촌동,640,83.07,99900,,,6,9,2002,,,,,,중개거래,
내발산동,202606,아파트_매매,마곡수명산파크5단지,내발산동,749,59.84,112000,,,12,9,2008,,,,,,중개거래,
방화동,202606,아파트_매매,방화3차우림필유,방화동,546-1,84.57,74000,,,6,9,2005,,,,,,중개거래,O
염창동,202606,아파트_매매,송촌,염창동,264-18,84.99,85000,,,15,10,2005,,,,,,중개거래,
방화동,202606,아파트_매매,마곡 한진해모로,방화동,579,84.97,89900,,,3,6,2004,,,,,,중개거래,
가양동,202606,아파트_매매,강변,가양동,1475,49.5,111000,,,10,9,1992,,,,,,중개거래,
가양동,202606,아파트_매매,가양6단지,가양동,1485,58.65,125000,,,13,8,1992,,,,,,중개거래,
등촌동,202606,아파트_매매,주공5,등촌동,695,58.14,110000,,,11,8,1995,,,,,,중개거래,
염창동,202606,아파트_매매,신동아,염창동,289,84.9,122000,,,4,8,1995,,,,,,중개거래,
화곡동,202606,아파트_매매,우장산롯데캐슬,화곡동,1145,177.86,159000,,,6,8,2003,,,,,,중개거래,
내발산동,202606,아파트_매매,천우네오젠,내발산동,674-33,84.82,71500,,,5,8,2009,,,,,,중개거래,
화곡동,202606,아파트_매매,화곡푸르지오,화곡동,1091,129.204,107000,,,1,8,2002,,,,,,중개거래,
공항동,202606,아파트_매매,더트루엘마곡HQ,공항동,1398,48.3293,59590,,,3,5,2024,,,,,,직거래,
방화동,202606,아파트_매매,동성,방화동,817,64.65,72000,,,1,8,1993,,,,,,중개거래,
등촌동,202606,아파트_매매,주공3,등촌동,688,58.14,106000,,,3,8,1995,,,,,,중개거래,
화곡동,202606,아파트_매매,강서그랜드아이파크주상복합,화곡동,1095-4,117.97,105000,,,8,3,2010,,,,,,중개거래,
공항동,202606,아파트_매매,더트루엘마곡HQ,공항동,1398,48.3293,64600,,,9,6,2024,,,,,,직거래,
공항동,202606,아파트_매매,더트루엘마곡HQ,공항동,1398,48.3293,64200,,,8,5,2024,,,,,,직거래,
등촌동,202606,아파트_매매,삼성한사랑1,등촌동,632-4,59.73,90500,,,5,7,1997,,,,,,중개거래,
염창동,202606,아파트_매매,주상복합태진가람,염창동,263-2,58.86,60500,,,9,6,1995,,,,,,중개거래,
염창동,202606,아파트_매매,태영,염창동,270-1,114.99,124000,,,4,6,1999,,,,,,중개거래,
방화동,202606,아파트_매매,마곡중앙하이츠아파트,방화동,852,51.03,60000,,,5,6,1994,,,,,,중개거래,
방화동,202606,아파트_매매,방화동진로아파트,방화동,804,84.96,67000,,,3,6,1994,,,,,,중개거래,
마곡동,202606,아파트_매매,마곡보타닉경남아너스빌,마곡동,1252,84.9941,88500,,,15,6,2005,,,,,,중개거래,
화곡동,202606,아파트_매매,화곡푸르지오,화곡동,1091,156.876,143000,,,4,5,2002,,,,,,중개거래,
가양동,202606,아파트_매매,중앙하이츠,가양동,1467,119.85,119500,,,11,5,1999,,,,,,중개거래,
등촌동,202606,아파트_매매,"등촌7,8단지주공아파트",등촌동,707,41.85,77000,,,4,6,1994,,,,,,중개거래,
화곡동,202606,아파트_매매,강서힐스테이트,화곡동,1165,119.63,175500,,,6,4,2015,,,,,,중개거래,
마곡동,202606,아파트_매매,마곡엠밸리7단지,마곡동,743-4,114.69,237000,,,9,5,2014,,,,,,중개거래,
등촌동,202606,아파트_매매,서광등촌마을아파트,등촌동,638,84.93,113500,,,3,5,1999,,,,,,중개거래,
가양동,202606,아파트_매매,가양6단지,가양동,1485,49.5,101500,,,1,5,1992,,,,,,중개거래,
마곡동,202606,아파트_매매,마곡푸르지오,마곡동,1525,84.99,135000,,,10,5,2008,,,,,,중개거래,
등촌동,202606,아파트_매매,주공10,등촌동,702,58.14,75000,,,11,5,1995,,,,,,중개거래,
방화동,202606,아파트_매매,방화그린,방화동,839,33.6,38000,,,6,5,1993,,,,,,중개거래,
염창동,202606,아파트_매매,등촌제이스카이,염창동,311,39.87,49000,,,6,4,2021,,,,,,중개거래,
화곡동,202606,아파트_매매,광영다모은정아파트,화곡동,1019-19,84.6,55500,,,5,5,2004,,,,,,중개거래,
화곡동,202606,아파트_매매,우장산롯데캐슬,화곡동,1145,85,134500,,,13,5,2003,,,,,,중개거래,
등촌동,202606,아파트_매매,주공5,등촌동,695,58.14,107000,,,13,5,1995,,,,,,중개거래,
화곡동,202606,아파트_매매,유림노르웨이숲(919-1),화곡동,919-1,76.23,58000,,,13,5,2004,,,,,,중개거래,
등촌동,202606,아파트_매매,"등촌1,2단지주공아파트",등촌동,687,41.85,78000,,,11,4,1994,,,,,,중개거래,
가양동,202606,아파트_매매,강변,가양동,1475,34.44,63000,,,1,4,1992,,,,,,중개거래,
등촌동,202606,아파트_매매,등촌동아이파크,등촌동,715,84.9958,128000,,,10,4,2004,,,,,,중개거래,
방화동,202606,아파트_매매,청솔,방화동,832,59.04,72500,,,12,4,1994,,,,,,중개거래,
방화동,202606,아파트_매매,삼성꽃마을,방화동,858,67.01,64000,,,4,4,1997,,,,,,중개거래,
화곡동,202606,아파트_매매,화곡푸르지오,화곡동,1091,144.123,139000,,,11,4,2002,,,,,,중개거래,
화곡동,202606,아파트_매매,유림노르웨이숲(919-1),화곡동,919-1,64.05,53000,,,3,4,2004,,,,,,중개거래,
가양동,202606,아파트_매매,강변,가양동,1475,39.6,84500,,,14,4,1992,,,,,,중개거래,
마곡동,202606,아파트_매매,마곡엠밸리9단지,마곡동,744,84.96,174000,,,7,4,2021,,,,,,중개거래,
등촌동,202606,아파트_매매,주공5,등촌동,695,58.14,103000,,,9,4,1995,,,,,,중개거래,
가양동,202606,아파트_매매,마곡보타닉,가양동,235-4,59.14,65000,,,5,4,2019,,,,,,중개거래,
등촌동,202606,아파트_매매,해태골든팰리스,등촌동,510-7,84.55,61500,,,3,1,2009,,,,,,중개거래,
화곡동,202606,아파트_매매,디아인스,화곡동,899-31,23.93,22000,,,5,1,2018,,,,,,직거래,
화곡동,202606,아파트_매매,강서동도센트리움,화곡동,1161,14.677,9200,,,5,4,2012,,,,,,중개거래,
가양동,202606,아파트_매매,가양6단지,가양동,1485,49.5,104000,,,8,3,1992,,,,,,중개거래,
방화동,202606,아파트_매매,방화5,방화동,814,49.77,69800,,,8,3,1994,,,,,,중개거래,
가양동,202606,아파트_매매,가양도시개발9-2단지,가양동,1490,49.5,96500,,,6,3,1993,,,,,,중개거래,
방화동,202606,아파트_매매,방화메이빌,방화동,902,44.8323,49000,,,6,3,2017,,,,,,중개거래,
방화동,202606,아파트_매매,청솔,방화동,832,39.36,49000,,,2,3,1994,,,,,,중개거래,
화곡동,202606,아파트_매매,우장산에스케이뷰,화곡동,1158,84.98,98000,,,6,3,2006,,,,,,중개거래,
마곡동,202606,아파트_매매,마곡승윤노블리안아파트,마곡동,1360,84.97,70500,,,9,3,2008,,,,,,중개거래,
공항동,202606,아파트_매매,해태,공항동,1371,84.27,78800,,,8,3,2000,,,,,,중개거래,
내발산동,202606,아파트_매매,마곡수명산파크7단지,내발산동,756,84.82,104000,,,12,3,2008,,,,,,중개거래,
등촌동,202606,아파트_매매,대동황토방2,등촌동,713,59.93,93500,,,7,3,2003,,,,,,중개거래,
마곡동,202606,아파트_매매,마곡엠밸리8단지,마곡동,741,59.79,149000,,,9,3,2016,,,,,,중개거래,
화곡동,202606,아파트_매매,강서힐스테이트,화곡동,1165,59.99,140000,,,11,3,2015,,,,,,중개거래,
방화동,202606,아파트_매매,방화동동부센트레빌(875번지),방화동,875,84.97,92500,,,2,2,2003,,,,,,중개거래,
화곡동,202606,아파트_매매,중앙화곡하이츠,화곡동,351-89,56.88,44600,,,8,3,1988,,,,,,중개거래,
공항동,202606,아파트_매매,해태,공항동,1371,84.65,80000,,,11,2,2000,,,,,,중개거래,
염창동,202606,아파트_매매,성원,염창동,295,114.12,124000,,,17,2,2001,,,,,,중개거래,
마곡동,202606,아파트_매매,마곡우림필유아파트,마곡동,1467,84.528,109500,,,6,2,2003,,,,,,중개거래,
화곡동,202606,아파트_매매,우장산롯데캐슬,화곡동,1145,117.19,139000,,,1,1,2003,,,,,,중개거래,
방화동,202606,아파트_매매,동부센트레빌,방화동,870,84.96,79800,,,6,2,2003,,,,,,중개거래,
방화동,202606,아파트_매매,마곡중앙하이츠아파트,방화동,852,51.03,60000,,,3,2,1994,,,,,,중개거래,
화곡동,202606,아파트_매매,강서힐스테이트,화곡동,1165,84.99,139000,,,11,2,2015,,,,,,직거래,
내발산동,202606,아파트_매매,우장산동문디이스트,내발산동,765,66.16,94000,,,4,2,2023,,,,,,중개거래,
마곡동,202606,아파트_매매,마곡13단지힐스테이트마스터,마곡동,748,84.9881,172000,,,16,1,2017,,,,,,중개거래,
내발산동,202606,아파트_매매,마곡수명산파크1단지,내발산동,742,84.53,130700,,,7,1,2007,,,,,,중개거래,
마곡동,202606,아파트_매매,마곡현대아파트,마곡동,1171,84.95,85000,,,7,1,1999,,,,,,중개거래,
화곡동,202606,아파트_매매,남광아파트,화곡동,920-15,32.07,24700,,,7,1,2017,,,,,,중개거래,
화곡동,202606,아파트_매매,유림노르웨이숲(919-1),화곡동,919-1,64.05,52500,,,6,1,2004,,,,,,중개거래,
등촌동,202606,아파트_매매,등촌라인(조합),등촌동,628-15,59.91,95000,,,14,1,1997,,,,,,중개거래,
염창동,202606,아파트_매매,삼성한마음,염창동,244-2,59.94,92800,,,5,1,1995,,,,,,중개거래,
방화동,202606,아파트_매매,방화동동부센트레빌(875번지),방화동,875,114.99,107500,,,4,1,2003,,,,,,중개거래,
가양동,202606,아파트_매매,가양도시개발9-2단지,가양동,1490,39.6,78500,,,2,1,1993,,,,,,중개거래,
염창동,202606,아파트_매매,동아,염창동,292,114.84,140000,,,9,1,1998,,,,,,중개거래,
염창동,202605,오피스텔_전월세,아네스트염창,염창동,310,18.84,,12000,17,4,13,2019,,,,,,,
등촌동,202605,오피스텔_전월세,등촌2차 크라운팰리스,등촌동,641-2,27.9,,2000,98,6,11,2020,,,,,,,
등촌동,202605,오피스텔_전월세,경동미르웰양천향교2차,등촌동,685,29.68,,23400,15,13,9,2020,,,,,,,
등촌동,202605,오피스텔_전월세,등촌투웨니퍼스트3차,등촌동,633-21,27.97,,20900,0,12,31,2016,,,,,,,
염창동,202605,오피스텔_전월세,염창투웨니퍼스트,염창동,262,28.57,,3000,115,8,2,2019,갱신,26.05~27.05,3000.0,110.0,,,
마곡동,202605,오피스텔_전월세,힐스테이트에코 마곡나루역 라마다앙코르 서울마곡,마곡동,760-1,20.84,,1000,64,9,20,2017,갱신,26.06~27.06,1000.0,61.0,,,
마곡동,202605,오피스텔_전월세,마곡일성트루엘플래닛,마곡동,758-2,21.43,,1000,60,9,30,2016,갱신,26.07~27.07,1000.0,57.0,,,
등촌동,202605,오피스텔_전월세,HT뉴파인,등촌동,636-42,31.49,,26200,0,5,2,2020,신규,26.07~28.07,,,,,
화곡동,202605,오피스텔_전월세,제이투리더스뷰 2차,화곡동,1097-5,28.81,,2000,110,8,19,2022,신규,26.07~28.07,,,,,
마곡동,202605,오피스텔_전월세,힐스테이트에코동익,마곡동,773-3,24.57,,1000,90,9,1,2017,신규,26.05~27.05,,,,,
화곡동,202605,오피스텔_전월세,우장산투웨니퍼스트,화곡동,72-3,38.67,,1000,105,5,13,2018,신규,26.06~27.06,,,,,
마곡동,202605,오피스텔_전월세,힐스테이트에코동익,마곡동,773-3,24.57,,18000,15,11,20,2017,신규,26.07~28.07,,,,,
마곡동,202605,오피스텔_전월세,플레이스에이치,마곡동,793-9,18.38,,1000,65,7,6,2015,신규,26.06~27.06,,,,,
등촌동,202605,오피스텔_전월세,우림보보카운티뷰,등촌동,649-14,27.36,,12800,20,9,25,2004,신규,26.07~28.07,,,,,
염창동,202605,오피스텔_전월세,목동더채움,염창동,262-5,61.87,,59000,0,18,10,2023,신규,26.07~28.07,,,,,
염창동,202605,오피스텔_전월세,하우스B,염창동,282-24,24.17,,1000,117,5,26,2022,신규,26.06~27.06,,,,,
마곡동,202605,오피스텔_전월세,마곡 헤리움1차,마곡동,739-4,24.07,,1000,73,9,30,2015,신규,26.07~27.07,,,,,
마곡동,202605,오피스텔_전월세,힐스테이트에코동익,마곡동,773-3,24.57,,1000,85,11,18,2017,신규,26.07~27.07,,,,,
등촌동,202605,오피스텔_전월세,한빛어반뉴스토리,등촌동,656-37,27.8,,3000,95,15,15,2017,신규,26.07~27.07,,,,,
화곡동,202605,오피스텔_전월세,강서크라운팰리스,화곡동,998-5,29.98,,20700,12,5,30,2019,갱신,26.07~28.07,20160.0,10.0,사용,,
화곡동,202605,오피스텔_전월세,넥시티,화곡동,981-5,29.59,,18810,0,2,21,2020,신규,26.07~28.07,,,,,
염창동,202605,오피스텔_전월세,서경팰리스,염창동,267-10,28.69,,22000,0,3,21,2018,신규,26.07~28.07,,,,,
마곡동,202605,오피스텔_전월세,마곡 파크뷰 대방디엠시티 오피스텔,마곡동,776,35.22,,31900,0,12,30,2019,갱신,26.07~28.07,30400.0,,사용,,
등촌동,202605,오피스텔_전월세,(115-6),등촌동,828,22.6,,2000,95,7,30,2020,신규,26.06~27.06,,,,,
마곡동,202605,오피스텔_전월세,마곡 파크뷰 대방디엠시티 오피스텔,마곡동,776,21.25,,16500,10,5,30,2019,신규,26.07~28.07,,,,,
화곡동,202605,오피스텔_전월세,원타워 5차 오피스텔,화곡동,987-7,17.04,,1000,66,8,9,2021,신규,26.07~27.07,,,,,
화곡동,202605,오피스텔_전월세,강서구청 파크뷰 에버,화곡동,987-1,15.46,,500,63,15,22,2020,신규,26.05~27.05,,,,,
마곡동,202605,오피스텔_전월세,마곡오드카운티2차,마곡동,784-9,17.36,,500,69,9,12,,신규,26.05~27.05,,,,,
화곡동,202605,오피스텔_전월세,귀뚜라미홈시스텔,화곡동,1111-2,74.44,,5000,80,11,18,2006,신규,26.07~27.07,,,,,
마곡동,202605,오피스텔_전월세,마곡에비앙,마곡동,793-3,18.45,,500,70,4,26,2015,신규,26.06~27.06,,,,,
마곡동,202605,오피스텔_전월세,힐스테이트에코마곡,마곡동,797-14,24.46,,5000,56,6,30,2016,신규,26.07~27.07,,,,,
화곡동,202605,오피스텔_전월세,투웨니퍼스트 강서마곡,화곡동,1097-9,28.93,,24300,16,17,22,2021,신규,26.06~28.06,,,,,
마곡동,202605,오피스텔_전월세,엠코지니어스타,마곡동,776-4,22.95,,500,80,11,14,2015,갱신,26.05~27.03,500.0,77.0,,,
마곡동,202605,오피스텔_전월세,마곡오드카운티1차,마곡동,784-11,20.82,,13000,0,9,23,2016,갱신,26.08~28.08,14000.0,,,,
등촌동,202605,오피스텔_전월세,(115-6),등촌동,828,13.92,,14500,0,5,18,2020,갱신,26.06~27.06,14000.0,,,,
등촌동,202605,오피스텔_전월세,메종드NK,등촌동,649-13,36.62,,2000,140,4,26,2021,신규,26.06~28.06,,,,,
등촌동,202605,오피스텔_전월세,현대 센트럴 가양,등촌동,640-2,27.99,,24470,0,16,11,2021,갱신,26.07~27.07,23310.0,,,,
등촌동,202605,오피스텔_전월세,대외그랜드오피스텔,등촌동,635-5,23.04,,3000,47,3,8,2003,신규,26.05~27.05,,,,,
가양동,202605,오피스텔_전월세,마곡보타닉투웨니퍼스트,가양동,257-1,28.33,,24300,10,13,23,2020,갱신,26.07~28.07,27000.0,,사용,,
등촌동,202605,오피스텔_전월세,등촌투웨니퍼스트2차,등촌동,633-17,29.68,,21000,15,6,14,2016,갱신,26.06~28.06,22000.0,10.0,,,
화곡동,202605,오피스텔_전월세,줄리엣오피스텔,화곡동,24-79,28.92,,500,60,7,12,1999,신규,26.06~28.06,,,,,
마곡동,202605,오피스텔_전월세,마곡경동미르웰,마곡동,784,17.96,,500,65,9,13,2015,갱신,26.07~27.07,500.0,62.0,,,
마곡동,202605,오피스텔_전월세,마곡 파크뷰 대방디엠시티 오피스텔,마곡동,776,21.25,,16500,13,5,4,2019,갱신,26.05~28.05,16740.0,13.0,사용,,
염창동,202605,오피스텔_전월세,그린뷰,염창동,261-12,16.84,,2000,59,4,8,2018,신규,26.07~28.07,,,,,
마곡동,202605,오피스텔_전월세,마곡 파크뷰 대방디엠시티 오피스텔,마곡동,776,21.25,,1000,72,8,11,2019,신규,26.07~27.07,,,,,
마곡동,202605,오피스텔_전월세,힐스테이트에코동익,마곡동,773-3,24.57,,18000,18,8,30,2017,신규,26.07~28.07,,,,,
화곡동,202605,오피스텔_전월세,글로벌MJ9,화곡동,982-11,20.03,,1000,65,5,22,2024,신규,26.07~28.07,,,,,
마곡동,202605,오피스텔_전월세,힐스테이트에코마곡,마곡동,797-14,24.09,,500,74,5,18,2016,갱신,26.05~27.05,500.0,71.0,,,
마곡동,202605,오피스텔_전월세,힐스테이트에코 마곡나루역 라마다앙코르 서울마곡,마곡동,760-1,21.5,,1000,71,7,30,2017,신규,26.06~27.06,,,,,
가양동,202605,오피스텔_전월세,이스타빌2차,가양동,1480-1,32.8,,1000,70,11,13,2003,신규,26.06~28.06,,,,,
화곡동,202605,오피스텔_전월세,미래안포레,화곡동,1105,20.33,,18500,0,4,30,2022,신규,26.06~28.06,,,,,
등촌동,202605,오피스텔_전월세,우림보보카운티뷰,등촌동,649-14,25.17,,90,90,15,28,2004,신규,26.06~26.11,,,,,
마곡동,202605,오피스텔_전월세,마곡일성트루엘플래닛,마곡동,758-2,21.43,,1000,75,6,31,2016,신규,26.06~27.06,,,,,
등촌동,202605,오피스텔_전월세,메종드NK,등촌동,649-13,36.62,,3000,130,3,18,2021,신규,26.06~28.06,,,,,
마곡동,202605,오피스텔_전월세,엠코지니어스타,마곡동,776-4,23.84,,15600,0,11,18,2015,신규,26.06~28.06,,,,,
마곡동,202605,오피스텔_전월세,마곡에비앙,마곡동,793-3,18.97,,3000,57,4,26,2015,신규,26.06~27.06,,,,,
등촌동,202605,오피스텔_전월세,등촌동두산위브센티움,등촌동,631,43.11,,1000,100,10,4,2004,신규,26.07~27.07,,,,,
등촌동,202605,오피스텔_전월세,센트럴시티,등촌동,656-57,16.05,,13800,8,6,30,2020,신규,26.07~28.07,,,,,
공항동,202605,오피스텔_전월세,대룡드림타워-Ⅱ,공항동,45-19,23.06,,500,50,9,19,2005,신규,26.06~28.06,,,,,
마곡동,202605,오피스텔_전월세,힐스테이트에코마곡,마곡동,797-14,22.79,,500,76,10,22,2016,신규,26.06~27.06,,,,,
마곡동,202605,오피스텔_전월세,힐스테이트에코동익,마곡동,773-3,24.57,,1000,100,13,30,2017,신규,26.06~26.10,,,,,
마곡동,202605,오피스텔_전월세,마곡나루역보타닉푸르지오시티,마곡동,760,22.35,,1000,80,5,20,2017,신규,26.05~27.05,,,,,
화곡동,202605,오피스텔_전월세,강서구청 파크뷰 에버,화곡동,987-1,15.43,,3000,50,6,20,2020,신규,26.06~27.06,,,,,
마곡동,202605,오피스텔_전월세,마곡센트럴대방디엠시티오피스텔,마곡동,776-2,30.84,,20400,0,10,21,2017,신규,26.07~28.07,,,,,
마곡동,202605,오피스텔_전월세,마곡아이파크,마곡동,795-2,24.22,,1000,80,7,29,2016,신규,26.06~27.06,,,,,
마곡동,202605,오피스텔_전월세,마곡일성트루엘플래닛,마곡동,758-2,21.43,,16000,0,10,8,2016,갱신,26.07~27.07,16000.0,,,,
방화동,202605,오피스텔_전월세,에어팰리스,방화동,619-7,35.4,,2000,60,2,18,2013,신규,26.05~27.05,,,,,
등촌동,202605,오피스텔_전월세,소미골드타운,등촌동,649-18,56.01,,5500,130,4,9,2023,신규,26.06~28.06,,,,,
가양동,202605,오피스텔_전월세,이스타빌2차,가양동,1480-1,44,,3000,70,11,30,2003,신규,26.06~28.06,,,,,
등촌동,202605,오피스텔_전월세,대룡드림타워-1,등촌동,684-3,62.6,,3000,130,10,11,2004,신규,26.06~28.06,,,,,
마곡동,202605,오피스텔_전월세,마곡오드카운티2차,마곡동,784-9,20.82,,500,66,10,29,,갱신,26.05~27.05,500.0,63.0,,,
마곡동,202605,오피스텔_전월세,힐스테이트 에코 마곡역,마곡동,773,19.97,,1000,83,12,30,2017,갱신,26.08~27.08,1000.0,80.0,사용,,
마곡동,202605,오피스텔_전월세,마곡에비앙,마곡동,793-3,18.97,,10800,12,5,27,2015,신규,26.06~28.06,,,,,
마곡동,202605,오피스텔_전월세,마곡아이파크,마곡동,795-2,25.59,,1000,74,12,1,2016,신규,26.06~27.06,,,,,
마곡동,202605,오피스텔_전월세,마곡나루역보타닉푸르지오시티,마곡동,760,22.2,,15210,0,14,29,2017,갱신,26.05~28.05,18000.0,,사용,,
가양동,202605,오피스텔_전월세,이스타빌2차,가양동,1480-1,30.6,,1000,65,7,4,2003,신규,26.06~28.06,,,,,
마곡동,202605,오피스텔_전월세,우성르보아,마곡동,793-6,19.36,,1000,65,8,30,2015,신규,26.06~27.06,,,,,
마곡동,202605,오피스텔_전월세,마곡나루역보타닉푸르지오시티,마곡동,760,19.96,,1000,71,12,22,2017,신규,26.06~27.06,,,,,
화곡동,202605,오피스텔_전월세,(24-576),화곡동,24-576,21.51,,5000,50,3,23,2002,신규,26.06~28.06,,,,,
등촌동,202605,오피스텔_전월세,등촌동두산위브센티움,등촌동,631,43.11,,23500,0,10,27,2004,갱신,26.06~28.06,22500.0,,,,
마곡동,202605,오피스텔_전월세,힐스테이트에코동익,마곡동,773-3,24.57,,500,87,14,29,2017,신규,26.06~27.06,,,,,
마곡동,202605,오피스텔_전월세,마곡 헤리움1차,마곡동,739-4,24.07,,3000,64,14,22,2015,신규,26.06~27.06,,,,,
마곡동,202605,오피스텔_전월세,힐스테이트 에코 마곡역,마곡동,773,42.41,,40000,0,13,28,2017,신규,26.06~28.06,,,,,
등촌동,202605,오피스텔_전월세,아이디움,등촌동,656-36,17.31,,8370,15,9,26,2014,신규,26.06~28.06,,,,,
마곡동,202605,오피스텔_전월세,힐스테이트에코마곡,마곡동,797-14,22.44,,14400,0,7,30,2016,갱신,26.06~27.06,13775.0,,,,
마곡동,202605,오피스텔_전월세,마곡센트럴대방디엠시티오피스텔,마곡동,776-2,24.02,,1000,81,14,31,2017,갱신,26.06~27.06,1000.0,78.0,,,
화곡동,202605,오피스텔_전월세,자하클래식,화곡동,24-39,15.88,,1000,71,14,28,2018,갱신,26.08~27.08,1000.0,68.0,,,
마곡동,202605,오피스텔_전월세,마곡에비앙,마곡동,793-3,18.97,,3000,52,9,28,2015,신규,26.06~27.06,,,,,
마곡동,202605,오피스텔_전월세,마곡나루역캐슬파크,마곡동,760-2,25.6,,500,77,10,13,2016,신규,26.06~27.06,,,,,
화곡동,202605,오피스텔_전월세,자하클래식,화곡동,24-39,15.88,,2000,59,5,29,2018,갱신,26.07~27.07,2000.0,56.0,,,
마곡동,202605,오피스텔_전월세,마곡사이언스파크뷰,마곡동,795-5,22.07,,1000,78,9,29,2016,신규,26.06~27.06,,,,,
등촌동,202605,오피스텔_전월세,호성스카이오피스텔,등촌동,847,26.79,,1000,90,4,26,2020,갱신,26.07~27.07,1000.0,88.0,,,
화곡동,202605,오피스텔_전월세,화성오피스텔,화곡동,29-45,28.98,,500,49,2,30,2003,갱신,26.05~28.05,500.0,47.0,사용,,
가양동,202605,오피스텔_전월세,미씨엘로오피스텔,가양동,1480-4,26.52,,2000,55,3,27,2010,신규,26.07~27.07,,,,,
염창동,202605,오피스텔_전월세,루나클래식2,염창동,283-15,29.72,,5000,90,7,6,2023,신규,26.06~27.06,,,,,
공항동,202605,오피스텔_전월세,크라운타워,공항동,72-20,29.32,,1000,93,9,27,2024,신규,26.07~28.07,,,,,
마곡동,202605,오피스텔_전월세,마곡나루역캐슬파크,마곡동,760-2,23.39,,1000,90,4,19,2016,신규,26.06~27.06,,,,,
마곡동,202605,오피스텔_전월세,마곡센트럴대방디엠시티오피스텔,마곡동,776-2,24.02,,3000,74,11,30,2017,갱신,26.07~27.07,3000.0,70.0,,,
화곡동,202605,오피스텔_전월세,대흥오피스텔,화곡동,24-53,33.59,,500,50,5,23,1997,신규,26.06~28.06,,,,,
화곡동,202605,오피스텔_전월세,(343-66),화곡동,343-66,26.08,,500,67,2,14,2004,갱신,26.06~27.06,500.0,60.0,,,
등촌동,202605,오피스텔_전월세,등촌 미르웰 한올림 3차,등촌동,656-58,14.41,,1000,67,14,29,2018,갱신,26.07~27.07,1000.0,65.0,,,
마곡동,202605,오피스텔_전월세,플레이스에이치,마곡동,793-9,18.38,,500,70,8,26,2015,신규,26.05~27.05,,,,,
마곡동,202605,오피스텔_전월세,힐스테이트에코 마곡나루역 라마다앙코르 서울마곡,마곡동,760-1,20.84,,16200,0,5,24,2017,신규,26.06~28.06,,,,,
방화동,202605,오피스텔_전월세,벤처오피스텔,방화동,621-2,25.16,,8350,0,4,19,2003,신규,26.07~28.07,,,,,
마곡동,202605,오피스텔_전월세,마곡나루역보타닉푸르지오시티,마곡동,760,22.76,,15200,20,10,30,2017,신규,26.06~28.06,,,,,
화곡동,202605,오피스텔_전월세,프라임주택,화곡동,924-14,29.98,,13200,13,4,19,,신규,26.08~28.08,,,,,
마곡동,202605,오피스텔_전월세,힐스테이트에코마곡,마곡동,797-14,24.46,,1000,82,10,29,2016,갱신,26.06~27.06,1000.0,80.0,사용,,
등촌동,202605,오피스텔_전월세,현대 센트럴 가양,등촌동,640-2,27.99,,24300,15,5,30,2021,신규,26.06~28.06,,,,,
마곡동,202605,오피스텔_전월세,마곡나루역캐슬파크,마곡동,760-2,23.39,,2000,90,10,19,2016,신규,26.06~27.06,,,,,
등촌동,202605,오피스텔_전월세,등촌2차 크라운팰리스,등촌동,641-2,37.3,,31500,0,5,19,2020,갱신,26.06~28.06,30000.0,,,,
화곡동,202605,오피스텔_전월세,서안EZtel,화곡동,1063-8,32.81,,1000,55,11,14,2001,신규,26.06~28.06,,,,,
마곡동,202605,오피스텔_전월세,마곡 파크뷰 대방디엠시티 오피스텔,마곡동,776,21.25,,1000,80,14,20,2019,신규,26.06~27.06,,,,,
마곡동,202605,오피스텔_전월세,스카이오피스텔,마곡동,784-3,17.5,,2000,49,2,18,2016,갱신,26.06~27.06,2000.0,47.0,,,
등촌동,202605,오피스텔_전월세,(115-6),등촌동,828,13.92,,10000,29,5,28,2020,갱신,26.07~27.07,10000.0,27.0,,,
등촌동,202605,오피스텔_전월세,효성인텔리안,등촌동,681-3,50.37,,2000,125,2,6,2005,신규,26.06~27.06,,,,,
화곡동,202605,오피스텔_전월세,거마지엠밸리,화곡동,1116-5,13.89,,1000,65,18,22,2020,신규,26.06~27.06,,,,,
마곡동,202605,오피스텔_전월세,마곡에비앙,마곡동,793-3,18.97,,10500,20,3,23,2015,갱신,26.06~27.06,5000.0,50.0,,,
마곡동,202605,오피스텔_전월세,마곡시티오피스텔,마곡동,758,24.4,,2000,75,11,29,2016,갱신,26.06~27.06,2000.0,72.0,사용,,
마곡동,202605,오피스텔_전월세,필네이처,마곡동,795-1,22.16,,1000,71,8,26,2016,갱신,26.06~27.06,1000.0,69.0,,,
방화동,202605,오피스텔_전월세,벤처오피스텔,방화동,620-52,26,,3000,43,2,30,2002,신규,26.06~28.06,,,,,
마곡동,202605,오피스텔_전월세,유림트윈파크,마곡동,793,19.99,,1000,71,5,27,2015,갱신,26.06~27.06,1000.0,67.0,,,
등촌동,202605,오피스텔_전월세,등촌동노블리움오피스텔,등촌동,628,54.52,,23000,0,6,18,2005,신규,26.06~28.06,,,,,
화곡동,202605,오피스텔_전월세,수정오피스텔,화곡동,1075-9,21.84,,500,53,5,27,2003,신규,26.06~28.06,,,,,
화곡동,202605,오피스텔_전월세,창우이지스,화곡동,923-14,28.93,,24400,0,10,27,2021,신규,26.07~28.07,,,,,
마곡동,202605,오피스텔_전월세,우성르보아,마곡동,793-6,19.36,,500,70,2,21,2015,신규,26.05~27.05,,,,,
마곡동,202605,오피스텔_전월세,힐스테이트에코 마곡나루역 라마다앙코르 서울마곡,마곡동,760-1,21.5,,15600,13,7,14,2017,갱신,26.05~28.05,16870.0,5.0,사용,,
방화동,202605,오피스텔_전월세,(620-214),방화동,620-214,27.37,,1000,55,9,28,2011,신규,26.06~27.06,,,,,
화곡동,202605,오피스텔_전월세,루체쓰리,화곡동,29-42,28.21,,5000,37,3,13,,신규,26.06~28.06,,,,,
마곡동,202605,오피스텔_전월세,마곡센트럴대방디엠시티오피스텔,마곡동,776-2,24.02,,1000,67,7,14,2017,갱신,26.07~28.07,1000.0,64.0,사용,,
마곡동,202605,오피스텔_전월세,마곡나루역캐슬파크,마곡동,760-2,26.22,,1000,110,3,22,2016,신규,26.05~27.05,,,,,
마곡동,202605,오피스텔_전월세,마곡오드카운티1차,마곡동,784-11,20.82,,500,72,3,16,2016,신규,26.06~27.06,,,,,
화곡동,202605,오피스텔_전월세,트러스트,화곡동,936-6,26.63,,1000,85,4,30,2021,신규,26.06~27.06,,,,,
마곡동,202605,오피스텔_전월세,롯데캐슬 르웨스트,마곡동,767-4,69.84,,80000,0,10,22,2024,신규,26.07~28.07,,,,,
화곡동,202605,오피스텔_전월세,트러스트,화곡동,936-6,26.67,,500,70,5,29,2021,신규,26.06~27.06,,,,,
등촌동,202605,오피스텔_전월세,등촌투웨니퍼스트3차,등촌동,633-21,27.97,,20900,13,11,22,2016,갱신,26.06~28.06,21800.0,5.0,,,
가양동,202605,오피스텔_전월세,휴먼빌,가양동,1479-9,25.64,,1000,53,5,23,2004,갱신,26.06~27.06,1000.0,50.0,,,
방화동,202605,오피스텔_전월세,에어뷰21-1오피스텔,방화동,829-5,24.99,,500,45,5,28,1999,신규,26.07~27.07,,,,,
염창동,202605,오피스텔_전월세,아네스트염창,염창동,310,18.84,,1000,62,4,19,2019,신규,26.08~28.08,,,,,
마곡동,202605,오피스텔_전월세,마곡나루역보타닉푸르지오시티,마곡동,760,19.96,,500,66,13,18,2017,신규,26.07~27.07,,,,,
마곡동,202605,오피스텔_전월세,엠코지니어스타,마곡동,776-4,23.84,,9600,34,13,23,2015,갱신,26.06~28.06,9600.0,31.0,사용,,
마곡동,202605,오피스텔_전월세,마곡나루역보타닉푸르지오시티,마곡동,760,22.2,,500,70,14,23,2017,신규,26.06~27.06,,,,,
마곡동,202605,오피스텔_전월세,롯데캐슬 르웨스트,마곡동,767-4,83.52,,90000,0,7,23,2024,신규,26.06~28.06,,,,,
공항동,202605,오피스텔_전월세,크라운타워,공항동,72-20,29.32,,2000,83,2,22,2024,신규,26.06~28.06,,,,,
등촌동,202605,오피스텔_전월세,강서메트로칸,등촌동,656-52,17.34,,500,55,8,15,2013,신규,26.06~27.06,,,,,
방화동,202605,오피스텔_전월세,경동화인시티,방화동,612-2,19.44,,500,45,6,29,2010,신규,26.05~27.05,,,,,
마곡동,202605,오피스텔_전월세,마곡센트럴대방디엠시티오피스텔,마곡동,776-2,29.48,,1000,90,5,13,2017,신규,26.06~27.06,,,,,
염창동,202605,오피스텔_전월세,어반카운티,염창동,184-8,28.76,,23500,0,3,29,2022,갱신,26.07~27.07,23500.0,,,,
화곡동,202605,오피스텔_전월세,SJ라벨라,화곡동,1111,22.37,,2000,88,16,26,2020,신규,26.06~27.06,,,,,
마곡동,202605,오피스텔_전월세,엠코지니어스타,마곡동,776-4,22.95,,1000,75,12,30,2015,신규,26.06~27.06,,,,,
마곡동,202605,오피스텔_전월세,힐스테이트에코 마곡나루역 라마다앙코르 서울마곡,마곡동,760-1,21.5,,10000,45,7,25,2017,신규,26.07~27.07,,,,,
마곡동,202605,오피스텔_전월세,힐스테이트에코 마곡나루역 라마다앙코르 서울마곡,마곡동,760-1,21.5,,1000,75,4,27,2017,신규,26.06~27.06,,,,,
화곡동,202605,오피스텔_전월세,강서 동도센트리움,화곡동,1161,18.97,,8500,20,19,3,2012,신규,26.05~28.05,,,,,
마곡동,202605,오피스텔_전월세,벨리오,마곡동,784-8,20.58,,500,68,2,29,2015,신규,26.06~27.06,,,,,
마곡동,202605,오피스텔_전월세,마곡에비앙,마곡동,793-3,18.97,,500,70,5,23,2015,신규,26.06~27.06,,,,,
마곡동,202605,오피스텔_전월세,마곡시티오피스텔,마곡동,758,22.51,,1000,77,9,22,2016,신규,26.06~27.06,,,,,
마곡동,202605,오피스텔_전월세,마곡나루역보타닉푸르지오시티,마곡동,760,21.89,,1000,85,9,31,2017,신규,26.05~27.05,,,,,
화곡동,202605,오피스텔_전월세,SJ라벨라,화곡동,1111,22.35,,20000,0,16,26,2020,신규,26.06~28.06,,,,,
화곡동,202605,오피스텔_전월세,화신오피스텔,화곡동,105-398,23.25,,5000,40,6,29,2002,신규,26.06~28.06,,,,,
등촌동,202605,오피스텔_전월세,우림보보카운티뷰,등촌동,649-14,27.36,,3000,55,10,22,2004,신규,26.06~27.06,,,,,
마곡동,202605,오피스텔_전월세,힐스테이트 에코 마곡역,마곡동,773,19.87,,1000,80,12,30,2017,신규,26.07~27.06,,,,,
화곡동,202605,오피스텔_전월세,아덴하임,화곡동,24-92,26.63,,20000,0,6,17,2020,갱신,26.05~26.07,20000.0,,,,
가양동,202605,오피스텔_전월세,마곡크리스아크,가양동,250-1,32.48,,28140,0,3,19,2021,신규,26.07~28.07,,,,,
마곡동,202605,오피스텔_전월세,힐스테이트 에코 마곡역,마곡동,773,19.87,,5000,58,11,20,2017,신규,26.06~27.06,,,,,
화곡동,202605,오피스텔_전월세,강서구청 파크뷰 에버,화곡동,987-1,15.43,,1000,59,7,29,2020,신규,26.06~27.06,,,,,
마곡동,202605,오피스텔_전월세,마곡오드카운티2차,마곡동,784-9,20.82,,1000,70,6,10,,신규,26.05~27.05,,,,,
마곡동,202605,오피스텔_전월세,마곡럭스나인오피스텔,마곡동,758-4,32.58,,29000,0,14,23,2016,신규,26.07~28.07,,,,,
가양동,202605,오피스텔_전월세,미씨엘로오피스텔,가양동,1480-4,24.48,,1000,60,6,30,2010,신규,26.06~27.06,,,,,
마곡동,202605,오피스텔_전월세,마곡나루역보타닉푸르지오시티,마곡동,760,22.35,,1000,80,6,30,2017,신규,26.06~27.06,,,,,
마곡동,202605,오피스텔_전월세,마곡센트럴대방디엠시티오피스텔,마곡동,776-2,30.84,,1000,92,11,13,2017,신규,26.05~27.05,,,,,
마곡동,202605,오피스텔_전월세,청람아트빌,마곡동,6-4,36.39,,1000,70,2,15,2018,신규,26.06~27.06,,,,,
마곡동,202605,오피스텔_전월세,힐스테이트에코동익,마곡동,773-3,24.57,,1000,85,8,16,2017,갱신,26.05~27.05,1000.0,82.0,사용,,
등촌동,202605,오피스텔_전월세,강서메트로칸,등촌동,656-52,17.31,,3000,40,3,23,2013,갱신,26.06~27.06,3000.0,40.0,,,
마곡동,202605,오피스텔_전월세,마곡헤리움2차,마곡동,758-3,22.51,,500,75,3,30,2016,신규,26.06~27.06,,,,,
마곡동,202605,오피스텔_전월세,힐스테이트에코마곡,마곡동,797-14,24.09,,500,77,8,16,2016,갱신,26.05~27.05,500.0,73.0,,,
마곡동,202605,오피스텔_전월세,힐스테이트에코마곡,마곡동,797-14,23.74,,1000,82,5,19,2016,신규,26.05~27.05,,,,,
염창동,202605,오피스텔_전월세,그린뷰,염창동,261-12,16.84,,13900,5,6,20,2018,갱신,26.06~28.06,13900.0,5.0,,,
화곡동,202605,오피스텔_전월세,연우넥스트뷰,화곡동,1107-3,17.32,,1000,66,7,28,2018,신규,26.06~27.06,,,,,
마곡동,202605,오피스텔_전월세,마곡오드카운티1차,마곡동,784-11,20.82,,3000,63,5,23,2016,갱신,26.05~27.05,3000.0,60.0,사용,,
화곡동,202605,오피스텔_전월세,양지,화곡동,917-1,28.38,,5500,70,3,28,2022,신규,26.07~28.07,,,,,
마곡동,202605,오피스텔_전월세,힐스테이트에코 마곡나루역 라마다앙코르 서울마곡,마곡동,760-1,20.84,,1000,79,4,15,2017,신규,26.06~27.06,,,,,
마곡동,202605,오피스텔_전월세,마곡 헤리움1차,마곡동,739-4,24.07,,1000,64,5,21,2015,갱신,26.07~27.07,1000.0,61.0,,,
마곡동,202605,오피스텔_전월세,마곡경동미르웰,마곡동,784,17.96,,500,64,9,18,2015,갱신,26.06~27.06,500.0,61.0,,,
마곡동,202605,오피스텔_전월세,엠코지니어스타,마곡동,776-4,22.95,,5000,58,12,21,2015,갱신,26.06~27.06,5000.0,55.0,사용,,
마곡동,202605,오피스텔_전월세,마곡센트럴대방디엠시티오피스텔,마곡동,776-2,30.84,,1000,93,8,16,2017,갱신,26.05~27.05,1000.0,93.0,,,
가양동,202605,오피스텔_전월세,이스타빌2차,가양동,1480-1,30.6,,1000,65,7,18,2003,신규,26.06~28.06,,,,,
방화동,202605,오피스텔_전월세,방화투웨니퍼스트,방화동,619-5,16.32,,1000,55,6,28,2016,신규,26.06~27.06,,,,,
화곡동,202605,오피스텔_전월세,강서구청 파크뷰 에버,화곡동,987-1,15.43,,3000,50,4,25,2020,신규,26.07~27.07,,,,,
마곡동,202605,오피스텔_전월세,힐스테이트에코동익,마곡동,773-3,24.57,,1000,85,7,13,2017,신규,26.06~27.06,,,,,
등촌동,202605,오피스텔_전월세,경동미르웰양천향교2차,등촌동,685,29.68,,23400,15,9,29,2020,신규,26.07~28.07,,,,,
마곡동,202605,오피스텔_전월세,마곡일성트루엘플래닛,마곡동,758-2,21.43,,1000,75,6,16,2016,신규,26.06~27.06,,,,,
염창동,202605,오피스텔_전월세,아네스트염창,염창동,310,18.84,,1000,66,4,22,2019,신규,26.08~28.08,,,,,
마곡동,202605,오피스텔_전월세,마곡나루역보타닉푸르지오시티,마곡동,760,21.89,,17100,0,3,16,2017,갱신,26.07~28.07,17100.0,,사용,,
마곡동,202605,오피스텔_전월세,엠코지니어스타,마곡동,776-4,23.84,,500,75,7,22,2015,신규,26.06~27.06,,,,,
화곡동,202605,오피스텔_전월세,강서구청 파크뷰 에버,화곡동,987-1,15.43,,12690,2,12,25,2020,신규,26.07~28.07,,,,,
방화동,202605,오피스텔_전월세,방화투웨니퍼스트,방화동,619-5,16.32,,10500,0,7,22,2016,신규,26.08~28.08,,,,,
마곡동,202605,오피스텔_전월세,미르웰플러스오피스텔,마곡동,784-4,19.46,,5000,47,5,22,2015,갱신,26.07~27.07,5000.0,44.0,,,
화곡동,202605,오피스텔_전월세,라인오피스텔,화곡동,111-81,29.64,,5500,85,7,30,2022,신규,26.06~28.06,,,,,
마곡동,202605,오피스텔_전월세,힐스테이트에코동익,마곡동,773-3,24.57,,18000,15,14,12,2017,신규,26.05~28.05,,,,,
마곡동,202605,오피스텔_전월세,마곡시티오피스텔,마곡동,758,24.4,,15075,12,5,15,2016,갱신,26.07~28.07,15500.0,10.0,,,
등촌동,202605,오피스텔_전월세,현대프린스텔,등촌동,628-13,28.78,,1000,63,5,15,1999,신규,26.06~27.06,,,,,
마곡동,202605,오피스텔_전월세,힐스테이트에코동익,마곡동,773-3,24.57,,500,73,5,30,2017,갱신,26.06~27.06,500.0,70.0,,,
염창동,202605,오피스텔_전월세,염창투웨니퍼스트,염창동,262,28.57,,10000,50,9,23,2019,신규,26.05~28.05,,,,,
가양동,202605,오피스텔_전월세,휴먼빌,가양동,1479-9,25.64,,1000,55,9,13,2004,신규,26.06~27.06,,,,,
방화동,202605,오피스텔_전월세,오피앙2,방화동,829,22.5,,1000,50,10,27,2002,신규,26.06~27.06,,,,,
화곡동,202605,오피스텔_전월세,브릴리언트 화곡,화곡동,905-11,29.99,,1000,120,11,24,2022,신규,26.06~27.06,,,,,
등촌동,202605,오피스텔_전월세,강서메트로칸,등촌동,656-52,18.28,,500,65,12,4,2013,신규,26.06~27.06,,,,,
등촌동,202605,오피스텔_전월세,The ZAHA,등촌동,565-5,26.78,,25247,0,5,31,2021,갱신,26.06~28.06,24045.0,,,,
마곡동,202605,오피스텔_전월세,우성르보아투,마곡동,739-2,20.24,,500,65,8,9,2015,신규,26.05~27.05,,,,,
화곡동,202605,오피스텔_전월세,The Forest (화곡Ⅰ),화곡동,24-71,29.02,,500,100,4,27,2021,신규,26.06~27.06,,,,,
방화동,202605,오피스텔_전월세,오피앙,방화동,830,22.5,,500,40,6,21,2001,신규,26.06~27.06,,,,,
마곡동,202605,오피스텔_전월세,마곡나루역캐슬파크,마곡동,760-2,23.39,,1000,90,14,27,2016,신규,26.06~27.06,,,,,
화곡동,202605,오피스텔_전월세,제이투리더스뷰 2차,화곡동,1097-5,28.52,,3000,105,12,19,2022,신규,26.06~28.06,,,,,
방화동,202605,오피스텔_전월세,방화샤르망2오피스텔,방화동,830-5,17.64,,500,38,9,30,2003,신규,26.06~27.06,,,,,
가양동,202605,오피스텔_전월세,휴먼빌,가양동,1479-9,25.64,,2000,50,9,15,2004,신규,26.06~27.06,,,,,
마곡동,202605,오피스텔_전월세,마곡아이파크,마곡동,795-2,36.98,,7000,76,6,14,2016,갱신,26.05~27.05,7000.0,71.0,,,
화곡동,202605,오피스텔_전월세,자하클래식,화곡동,24-39,15.88,,1000,69,15,11,2018,갱신,26.06~27.06,2000.0,60.0,,,
마곡동,202605,오피스텔_전월세,롯데캐슬 르웨스트,마곡동,767-4,69.84,,80000,0,4,29,2024,신규,26.07~28.07,,,,,
화곡동,202605,오피스텔_전월세,엠제이타운,화곡동,981-3,26.6,,5000,70,6,31,2020,신규,26.06~28.06,,,,,
마곡동,202605,오피스텔_전월세,마곡역센트럴푸르지오시티,마곡동,773-1,22.84,,1000,70,14,6,2016,신규,26.06~27.06,,,,,
화곡동,202605,오피스텔_전월세,포유,화곡동,1111-4,17.92,,1000,65,12,25,2018,신규,26.06~27.06,,,,,
마곡동,202605,오피스텔_전월세,마곡 파크뷰 대방디엠시티 오피스텔,마곡동,776,21.25,,2000,79,8,1,2019,신규,26.06~27.06,,,,,
마곡동,202605,오피스텔_전월세,벨리오,마곡동,784-8,20.58,,12600,15,8,23,2015,갱신,26.07~28.07,3000.0,58.0,,,
마곡동,202605,오피스텔_전월세,마곡경동미르웰,마곡동,784,17.96,,12000,15,6,20,2015,신규,26.07~28.07,,,,,
마곡동,202605,오피스텔_전월세,마곡대명투웨니퍼스트,마곡동,784-6,17.96,,3000,51,10,19,2015,신규,26.06~27.06,,,,,
방화동,202605,오피스텔_전월세,오피앙,방화동,830,22.5,,500,45,7,20,2001,신규,26.05~27.05,,,,,
마곡동,202605,오피스텔_전월세,마곡나루역보타닉푸르지오시티,마곡동,760,22.76,,17500,23,13,8,2017,신규,26.07~28.07,,,,,
등촌동,202605,오피스텔_전월세,등촌 미르웰 한올림 3차,등촌동,656-58,14.41,,500,69,14,28,2018,신규,26.06~27.06,,,,,
염창동,202605,오피스텔_전월세,아네스트염창,염창동,310,18.84,,5000,49,4,8,2019,신규,26.06~28.06,,,,,
마곡동,202605,오피스텔_전월세,마곡럭스나인오피스텔,마곡동,758-4,21.87,,1000,79,9,30,2016,신규,26.06~27.06,,,,,
등촌동,202605,오피스텔_전월세,(115-6),등촌동,828,13.92,,500,75,5,27,2020,신규,26.07~27.07,,,,,
염창동,202605,오피스텔_전월세,그린뷰,염창동,261-12,16.84,,1000,61,10,15,2018,신규,26.06~27.06,,,,,
가양동,202605,오피스텔_전월세,동양 트레벨 스카이 오피스텔,가양동,1479-8,26.96,,500,63,6,18,2003,갱신,26.05~27.05,500.0,60.0,,,
등촌동,202605,오피스텔_전월세,등촌동 Y HAUS 오피스텔,등촌동,633-24,28.3,,24000,9,5,11,2020,갱신,26.07~28.07,24000.0,6.0,,,
마곡동,202605,오피스텔_전월세,마곡오드카운티2차,마곡동,784-9,20.82,,13000,0,10,23,,신규,26.07~28.07,,,,,
마곡동,202605,오피스텔_전월세,유림트윈파크,마곡동,793,19.99,,1000,68,5,29,2015,신규,26.06~27.06,,,,,
마곡동,202605,오피스텔_전월세,마곡 파크뷰 대방디엠시티 오피스텔,마곡동,776,21.25,,16500,3,13,25,2019,신규,26.06~27.06,,,,,
마곡동,202605,오피스텔_전월세,마곡센트럴대방디엠시티오피스텔,마곡동,776-2,24.02,,1000,85,13,4,2017,신규,26.06~28.06,,,,,
화곡동,202605,오피스텔_전월세,화곡 이레타워벨리스,화곡동,1063-2,16.64,,18600,0,4,31,2023,신규,26.08~28.08,,,,,
화곡동,202605,오피스텔_전월세,강서크라운팰리스,화곡동,998-5,29.63,,5000,85,2,22,2019,신규,26.06~28.06,,,,,
화곡동,202605,오피스텔_전월세,(1051-4),화곡동,1051-4,19.3,,500,52,3,14,2002,신규,26.05~28.05,,,,,
마곡동,202605,오피스텔_전월세,마곡나루역보타닉푸르지오시티,마곡동,760,22.2,,3000,74,7,29,2017,갱신,26.08~28.08,3000.0,70.0,사용,,
마곡동,202605,오피스텔_전월세,마곡 파크뷰 대방디엠시티 오피스텔,마곡동,776,26.68,,20400,15,11,23,2019,갱신,26.05~27.05,20900.0,,,,
마곡동,202605,오피스텔_전월세,마곡대명투웨니퍼스트,마곡동,784-6,17.96,,1000,68,2,29,2015,신규,26.06~27.06,,,,,
마곡동,202605,오피스텔_전월세,마곡나루역보타닉푸르지오시티,마곡동,760,22.2,,5000,61,4,11,2017,갱신,26.06~27.06,5000.0,55.0,,,
마곡동,202605,오피스텔_전월세,벨리오,마곡동,784-8,20.57,,1000,70,4,27,2015,신규,26.05~27.05,,,,,
마곡동,202605,오피스텔_전월세,벨리오,마곡동,784-8,20.57,,1000,70,8,30,2015,신규,26.06~27.06,,,,,
화곡동,202605,오피스텔_전월세,우장산투웨니퍼스트,화곡동,72-3,29.91,,1000,98,16,20,2018,신규,26.06~27.06,,,,,
가양동,202605,오피스텔_전월세,플래티노,가양동,187-7,17.24,,1000,60,8,27,2020,신규,26.06~27.06,,,,,
등촌동,202605,오피스텔_전월세,등촌동성원상떼뷰오피스텔,등촌동,673-6,41.52,,1000,85,5,30,2003,신규,26.06~27.06,,,,,
등촌동,202605,오피스텔_전월세,경동미르웰한올림,등촌동,656-1,17.99,,1000,70,4,29,2016,신규,26.05~27.05,,,,,
가양동,202605,오피스텔_전월세,마곡보타닉투웨니퍼스트,가양동,257-1,28.33,,3000,110,8,9,2020,신규,26.06~27.06,,,,,
마곡동,202605,오피스텔_전월세,마곡나루역보타닉푸르지오시티,마곡동,760,22.2,,17100,12,13,14,2017,갱신,26.06~28.06,17100.0,10.0,,,
화곡동,202605,오피스텔_전월세,제이투 리더스뷰,화곡동,935-2,29.63,,1000,110,8,21,2022,신규,26.06~28.06,,,,,
마곡동,202605,오피스텔_전월세,마곡센트럴대방디엠시티오피스텔,마곡동,776-2,24.02,,16200,16,13,28,2017,갱신,26.06~28.06,16800.0,12.0,사용,,
마곡동,202605,오피스텔_전월세,우성르보아투,마곡동,739-2,20.24,,1000,62,10,29,2015,신규,26.06~27.06,,,,,
화곡동,202605,오피스텔_전월세,천우네오젠아파트 9차 및 오피스텔,화곡동,916-6,26.39,,1000,55,7,23,2009,신규,26.06~28.06,,,,,
마곡동,202605,오피스텔_전월세,마곡 헤리움1차,마곡동,739-4,24.07,,3000,65,14,4,2015,신규,26.06~27.06,,,,,
화곡동,202605,오피스텔_전월세,연우넥스트뷰,화곡동,1107-3,17.32,,13500,8,12,15,2018,신규,26.06~28.06,,,,,
등촌동,202605,오피스텔_전월세,동양하우징,등촌동,721,34.88,,26000,0,2,23,2019,갱신,26.06~27.06,25000.0,,사용,,
염창동,202605,오피스텔_전월세,맥시하우스,염창동,241-11,15.6,,2000,70,3,6,2018,신규,26.06~28.06,,,,,
등촌동,202605,오피스텔_전월세,경동미르웰양천향교2차,등촌동,685,29.68,,23400,10,15,13,2020,갱신,26.06~28.06,25000.0,,사용,,
화곡동,202605,오피스텔_전월세,강서오피스텔,화곡동,29-74,30.24,,500,53,6,9,1998,신규,26.05~28.05,,,,,
방화동,202605,오피스텔_전월세,벤처오피스텔,방화동,620-52,26.4,,1000,45,4,4,2002,신규,26.05~27.05,,,,,
마곡동,202605,오피스텔_전월세,벨리오,마곡동,784-8,20.58,,12500,15,8,19,2015,갱신,26.06~28.06,13300.0,10.0,,,
마곡동,202605,오피스텔_전월세,마곡 파크뷰 대방디엠시티 오피스텔,마곡동,776,21.25,,2000,75,14,22,2019,신규,26.06~27.06,,,,,
마곡동,202605,오피스텔_전월세,마곡나루역보타닉푸르지오시티,마곡동,760,22.2,,500,82,3,27,2017,갱신,26.06~27.06,500.0,80.0,,,
등촌동,202605,오피스텔_전월세,태양빌딩,등촌동,654-61,34.83,,14000,5,8,18,2004,갱신,26.06~28.06,14000.0,,사용,,
마곡동,202605,오피스텔_전월세,마곡일성트루엘플래닛,마곡동,758-2,21.27,,13300,24,4,28,2016,갱신,26.07~28.07,13700.0,19.0,사용,,
마곡동,202605,오피스텔_전월세,마곡 파크뷰 대방디엠시티 오피스텔,마곡동,776,21.25,,1000,64,4,31,2019,신규,26.06~28.06,,,,,
화곡동,202605,오피스텔_전월세,경동엠파이어시티 101동,화곡동,1051-1,16.1,,500,50,7,20,2013,신규,26.06~28.06,,,,,
마곡동,202605,오피스텔_전월세,벨리오,마곡동,784-8,20.58,,500,70,4,21,2015,갱신,26.07~27.07,500.0,68.0,,,
마곡동,202605,오피스텔_전월세,힐스테이트에코동익,마곡동,773-3,24.57,,1000,85,9,20,2017,신규,26.06~27.06,,,,,
마곡동,202605,오피스텔_전월세,필네이처,마곡동,795-1,22.16,,3000,59,14,19,2016,신규,26.06~27.06,,,,,
화곡동,202605,오피스텔_전월세,원타워 5차 오피스텔,화곡동,987-7,17.04,,14670,0,11,20,2021,갱신,26.06~28.06,14700.0,,사용,,
마곡동,202605,오피스텔_전월세,마곡나루역보타닉푸르지오시티,마곡동,760,42.65,,5000,140,12,27,2017,갱신,26.06~27.06,5000.0,134.0,,,
등촌동,202605,오피스텔_전월세,등촌동 Y HAUS 오피스텔,등촌동,633-24,28.3,,25200,6,10,22,2020,갱신,26.06~28.06,23940.0,6.0,,,
화곡동,202605,오피스텔_전월세,엠제이타운,화곡동,981-3,26.6,,5000,70,15,23,2020,신규,26.05~27.05,,,,,
화곡동,202605,오피스텔_전월세,미래안포레,화곡동,1105,20.33,,17800,0,19,12,2022,신규,26.06~28.06,,,,,
마곡동,202605,오피스텔_전월세,힐스테이트 에코 마곡역,마곡동,773,19.87,,1000,81,14,29,2017,신규,26.06~28.06,,,,,
등촌동,202605,오피스텔_전월세,센트럴시티,등촌동,656-57,14.84,,1000,64,10,18,2020,신규,26.06~27.06,,,,,
마곡동,202605,오피스텔_전월세,갤럭시인텔리젼스,마곡동,793-2,19.48,,1000,69,4,12,2015,갱신,26.05~27.05,1000.0,68.0,사용,,
등촌동,202605,오피스텔_전월세,대룡드림타워-1,등촌동,684-3,30.32,,5000,55,10,13,2004,신규,26.06~28.06,,,,,
공항동,202605,오피스텔_전월세,크라운타워,공항동,72-20,26.61,,5000,74,7,8,2024,신규,26.06~28.06,,,,,
화곡동,202605,오피스텔_전월세,포유,화곡동,1111-4,17.92,,14500,0,8,28,2018,신규,26.07~28.07,,,,,
방화동,202605,오피스텔_전월세,방화샤르망1오피스텔,방화동,830-3,24.9,,500,50,7,18,2003,신규,26.06~27.04,,,,,
마곡동,202605,오피스텔_전월세,힐스테이트에코동익,마곡동,773-3,24.57,,18000,13,12,1,2017,신규,26.06~28.06,,,,,
등촌동,202605,오피스텔_전월세,경동미르웰양천향교2차,등촌동,685,29.68,,22000,0,2,29,2020,갱신,26.07~28.07,22000.0,,,,
마곡동,202605,오피스텔_전월세,힐스테이트에코마곡,마곡동,797-14,24.09,,1000,82,10,25,2016,신규,26.06~27.06,,,,,
마곡동,202605,오피스텔_전월세,힐스테이트에코동익,마곡동,773-3,23.48,,17550,9,12,16,2017,갱신,26.05~28.05,18000.0,,,,
마곡동,202605,오피스텔_전월세,마곡 헤리움1차,마곡동,739-4,29.14,,1000,81,11,26,2015,갱신,26.07~27.07,1000.0,77.0,,,
마곡동,202605,오피스텔_전월세,힐스테이트에코동익,마곡동,773-3,24.57,,200,95,3,4,2017,신규,26.05~26.08,,,,,
마곡동,202605,오피스텔_전월세,플레이스에이치,마곡동,793-9,18.38,,5000,45,5,15,2015,신규,26.06~27.06,,,,,
등촌동,202605,오피스텔_전월세,등촌동 Y HAUS 오피스텔,등촌동,633-24,28.3,,25150,0,2,6,2020,갱신,26.06~28.06,24150.0,,,,
화곡동,202605,오피스텔_전월세,SJ라벨라,화곡동,1111,20.57,,18000,0,16,26,2020,갱신,26.07~28.07,18000.0,,,,
마곡동,202605,오피스텔_전월세,마곡아이파크,마곡동,795-2,25.59,,1000,80,3,12,2016,신규,26.06~27.06,,,,,
마곡동,202605,오피스텔_전월세,힐스테이트에코 마곡나루역 라마다앙코르 서울마곡,마곡동,760-1,36.72,,3000,145,13,14,2017,신규,26.07~27.07,,,,,
가양동,202605,오피스텔_전월세,휴먼빌,가양동,1479-9,25.64,,500,60,7,29,2004,갱신,26.08~27.08,500.0,55.0,,,
등촌동,202605,오피스텔_전월세,등촌크라운팰리스,등촌동,641-9,28.4,,22275,22,13,28,2019,갱신,26.08~28.08,22500.0,20.0,사용,,
마곡동,202605,오피스텔_전월세,마곡나루역보타닉푸르지오시티,마곡동,760,19.96,,14850,19,13,27,2017,갱신,26.07~28.07,15300.0,15.0,,,
방화동,202605,오피스텔_전월세,방화샤르망1오피스텔,방화동,830-3,16.29,,300,37,3,11,2003,신규,26.05~27.05,,,,,
마곡동,202605,오피스텔_전월세,필네이처,마곡동,795-1,32.43,,21000,20,10,6,2016,갱신,26.07~28.07,21000.0,15.0,,,
방화동,202605,오피스텔_전월세,에어뷰21-2오피스텔,방화동,830-1,26.22,,500,55,11,25,1999,신규,26.06~27.06,,,,,
마곡동,202605,오피스텔_전월세,마곡나루역보타닉푸르지오시티,마곡동,760,22.76,,17100,14,8,29,2017,갱신,26.06~27.06,17100.0,10.0,,,
화곡동,202605,오피스텔_전월세,동인쉐르빌,화곡동,1063-5,22.66,,500,49,7,9,2003,신규,26.06~28.06,,,,,
마곡동,202605,오피스텔_전월세,힐스테이트에코마곡,마곡동,797-14,23.75,,1000,80,14,30,2016,신규,26.06~27.06,,,,,
등촌동,202605,오피스텔_전월세,강서메트로칸,등촌동,656-52,18.75,,10800,7,4,28,2013,신규,26.06~28.06,,,,,
가양동,202605,오피스텔_전월세,동양 트레벨 스카이 오피스텔,가양동,1479-8,26.96,,500,63,14,31,2003,신규,26.06~27.05,,,,,
마곡동,202605,오피스텔_전월세,마곡일성트루엘플래닛,마곡동,758-2,21.43,,1000,60,7,26,2016,신규,26.08~27.08,,,,,
마곡동,202605,오피스텔_전월세,마곡센트럴대방디엠시티오피스텔,마곡동,776-2,39.97,,33000,0,6,26,2017,신규,26.07~28.07,,,,,
화곡동,202605,오피스텔_전월세,미래안포레,화곡동,1105,20.83,,19200,0,17,23,2022,갱신,26.06~28.06,18540.0,,,,
화곡동,202605,오피스텔_전월세,강서구청 파크뷰 에버,화곡동,987-1,15.43,,14000,0,17,30,2020,신규,26.06~28.06,,,,,
마곡동,202605,오피스텔_전월세,마곡오드카운티1차,마곡동,784-11,20.82,,3000,65,6,24,2016,신규,26.05~27.05,,,,,
화곡동,202605,오피스텔_전월세,양지,화곡동,917-1,28.38,,5500,83,13,6,2022,신규,26.06~27.06,,,,,
등촌동,202605,오피스텔_전월세,경동미르웰양천향교2차,등촌동,685,29.68,,15000,68,6,18,2020,신규,26.06~28.06,,,,,
마곡동,202605,오피스텔_전월세,힐스테이트 에코 마곡역,마곡동,773,19.97,,1000,80,5,14,2017,신규,26.07~27.07,,,,,
화곡동,202605,오피스텔_전월세,(24-576),화곡동,24-576,26.88,,4000,44,2,11,2002,갱신,26.07~29.07,4000.0,43.0,,,
마곡동,202605,오피스텔_전월세,엠코지니어스타,마곡동,776-4,26.28,,1000,80,8,30,2015,신규,26.06~27.06,,,,,
화곡동,202605,오피스텔_전월세,(24-103),화곡동,24-103,25.51,,7600,20,2,25,2002,신규,26.06~28.06,,,,,
마곡동,202605,오피스텔_전월세,마곡시티오피스텔,마곡동,758,24.4,,15000,10,2,30,2016,신규,26.07~28.07,,,,,
마곡동,202605,오피스텔_전월세,필네이처,마곡동,795-1,22.16,,13000,8,7,30,2016,신규,26.06~28.06,,,,,
염창동,202605,오피스텔_전월세,시그니쳐스위트,염창동,250-4,29.72,,45000,0,6,23,2022,신규,26.06~28.06,,,,,
등촌동,202605,오피스텔_전월세,길훈엔트런스빌,등촌동,78-7,27.29,,5000,60,13,23,2004,신규,26.06~28.06,,,,,
화곡동,202605,오피스텔_전월세,동인쉐르빌,화곡동,1063-5,23.79,,500,49,5,16,2003,신규,26.05~27.05,,,,,
등촌동,202605,오피스텔_전월세,효성인텔리안,등촌동,681-3,75.77,,35000,0,4,22,2005,갱신,26.06~28.06,33500.0,,사용,,
마곡동,202605,오피스텔_전월세,마곡오드카운티2차,마곡동,784-9,17.36,,3000,57,8,19,,갱신,26.06~27.06,3000.0,55.0,사용,,
염창동,202605,오피스텔_전월세,염창투웨니퍼스트,염창동,262,28.57,,10000,60,6,28,2019,갱신,26.05~28.05,10000.0,55.0,사용,,
화곡동,202605,오피스텔_전월세,트러스트,화곡동,936-6,26.63,,5500,65,12,28,2021,신규,26.06~28.05,,,,,
등촌동,202605,오피스텔_전월세,퀸즈오피스텔,등촌동,641-10,14.53,,2000,55,3,29,2018,신규,26.08~28.08,,,,,
등촌동,202605,오피스텔_전월세,경동미르웰한올림,등촌동,656,16.19,,500,72,4,25,2016,신규,26.05~27.05,,,,,
마곡동,202605,오피스텔_전월세,마곡센트럴대방디엠시티오피스텔,마곡동,776-2,30.84,,1000,85,6,11,2017,신규,26.05~27.05,,,,,
등촌동,202605,오피스텔_전월세,현대 센트럴 가양,등촌동,640-2,27.99,,3000,108,5,29,2021,갱신,26.06~27.06,1000.0,110.0,,,
마곡동,202605,오피스텔_전월세,롯데캐슬 르웨스트,마곡동,767-4,46.24,,5000,210,11,29,2024,신규,26.06~28.06,,,,,
화곡동,202605,오피스텔_전월세,송원오피스텔,화곡동,24-122,34.83,,9100,10,4,22,1995,신규,26.06~28.06,,,,,
마곡동,202605,오피스텔_전월세,마곡센트럴대방디엠시티오피스텔,마곡동,776-2,39.97,,2000,135,11,23,2017,갱신,26.06~27.06,2000.0,130.0,,,
마곡동,202605,오피스텔_전월세,마곡센트럴대방디엠시티오피스텔,마곡동,776-2,29.48,,1000,81,9,27,2017,신규,26.06~27.06,,,,,
마곡동,202605,오피스텔_전월세,마곡 파크뷰 대방디엠시티 오피스텔,마곡동,776,35.22,,1000,129,13,28,2019,갱신,26.07~27.07,1000.0,123.0,,,
등촌동,202605,오피스텔_전월세,경동미르웰한올림,등촌동,656,16.19,,12000,15,5,29,2016,신규,26.06~28.06,,,,,
마곡동,202605,오피스텔_전월세,미르웰플러스오피스텔,마곡동,784-4,19.46,,1000,70,9,26,2015,갱신,26.06~27.06,1000.0,68.0,,,
방화동,202605,오피스텔_전월세,라센트로,방화동,620-115,44.4,,15000,53,11,6,2022,갱신,26.07~28.07,15000.0,50.0,사용,,
화곡동,202605,오피스텔_전월세,(24-118),화곡동,24-118,26.01,,500,44,5,30,1997,신규,26.06~28.06,,,,,
화곡동,202605,오피스텔_전월세,GM Valley,화곡동,899-27,32.73,,17800,21,4,22,2018,신규,26.06~28.06,,,,,
방화동,202605,오피스텔_전월세,방화샤르망1오피스텔,방화동,830-3,16.29,,500,35,4,25,2003,신규,26.06~27.06,,,,,
화곡동,202605,오피스텔_전월세,아덴하임,화곡동,24-92,26.63,,1000,83,3,23,2020,신규,26.06~27.06,,,,,
마곡동,202605,오피스텔_전월세,힐스테이트에코 마곡나루역 라마다앙코르 서울마곡,마곡동,760-1,20.84,,15300,0,9,22,2017,신규,26.06~28.06,,,,,
방화동,202605,오피스텔_전월세,(620-214),방화동,620-214,27.37,,10740,30,10,27,2011,신규,26.06~28.06,,,,,
마곡동,202605,오피스텔_전월세,마곡나루역캐슬파크,마곡동,760-2,30.04,,3500,107,11,30,2016,갱신,26.06~27.06,1500.0,108.0,,,
등촌동,202605,오피스텔_전월세,등촌동두산위브센티움,등촌동,631,28.45,,14800,10,11,24,2004,신규,26.06~28.06,,,,,
마곡동,202605,오피스텔_전월세,마곡오드카운티2차,마곡동,784-9,17.36,,1000,60,7,14,,갱신,26.06~27.06,1000.0,57.0,,,
마곡동,202605,오피스텔_전월세,마곡에비앙,마곡동,793-3,18.97,,500,68,3,27,2015,갱신,26.07~27.07,500.0,65.0,,,
마곡동,202605,오피스텔_전월세,힐스테이트에코마곡,마곡동,797-14,24.09,,15750,15,10,27,2016,신규,26.07~28.07,,,,,
마곡동,202605,오피스텔_전월세,마곡에비앙,마곡동,793-3,25.52,,1000,80,7,14,2015,신규,26.05~27.05,,,,,
마곡동,202605,오피스텔_전월세,마곡대명투웨니퍼스트,마곡동,784-6,17.96,,1000,70,10,20,2015,신규,26.05~27.05,,,,,
등촌동,202605,오피스텔_전월세,등촌크라운팰리스,등촌동,641-9,28.4,,4200,105,12,30,2019,갱신,26.06~27.06,4200.0,100.0,사용,,
화곡동,202605,오피스텔_전월세,우장산투웨니퍼스트,화곡동,72-3,29.26,,5000,75,9,30,2018,신규,26.05~28.05,,,,,
화곡동,202605,오피스텔_전월세,투웨니퍼스트 강서마곡,화곡동,1097-9,15.76,,1000,85,9,5,2021,신규,26.05~27.05,,,,,
마곡동,202605,오피스텔_전월세,마곡나루역보타닉푸르지오시티,마곡동,760,22.2,,1000,85,10,9,2017,갱신,26.05~27.05,1000.0,82.0,,,
등촌동,202605,오피스텔_전월세,길훈엔트런스빌,등촌동,78-7,27.29,,13000,25,7,25,2004,신규,26.06~28.06,,,,,
등촌동,202605,오피스텔_전월세,경동미르웰 양천향교 101동,등촌동,820,14.33,,1000,65,5,25,2017,신규,26.05~27.05,,,,,
화곡동,202605,오피스텔_전월세,미리내오피스텔,화곡동,937-12,22.76,,500,50,8,14,2019,신규,26.06~28.05,,,,,
화곡동,202605,오피스텔_전월세,거마지엠밸리,화곡동,1116-5,13.42,,500,70,16,29,2020,신규,26.06~28.06,,,,,
마곡동,202605,오피스텔_전월세,마곡오드카운티1차,마곡동,784-11,19.64,,12100,10,6,31,2016,신규,26.06~28.06,,,,,
마곡동,202605,오피스텔_전월세,마곡나루역캐슬파크,마곡동,760-2,25.6,,18900,20,7,30,2016,신규,26.07~28.07,,,,,
마곡동,202605,오피스텔_전월세,마곡나루역보타닉푸르지오시티,마곡동,760,22.17,,100,68,11,24,2017,갱신,26.05~27.05,100.0,65.0,,,
마곡동,202605,오피스텔_전월세,필네이처,마곡동,795-1,22.16,,12600,10,4,25,2016,신규,26.06~28.06,,,,,
마곡동,202605,오피스텔_전월세,힐스테이트에코동익,마곡동,773-3,24.57,,18000,14,7,31,2017,신규,26.07~28.07,,,,,
등촌동,202605,오피스텔_전월세,강변샤르망3단지,등촌동,628-17,58.36,,2000,128,15,26,2005,신규,26.06~28.06,,,,,
등촌동,202605,오피스텔_전월세,루미에르,등촌동,641-12,22.03,,25200,0,8,18,2024,갱신,26.05~28.05,25000.0,,,,
마곡동,202605,오피스텔_전월세,마곡시티오피스텔,마곡동,758,24.4,,13000,18,12,22,2016,신규,26.07~28.07,,,,,
화곡동,202605,오피스텔_전월세,강서 동도센트리움,화곡동,1161,18.97,,5000,30,10,26,2012,신규,26.06~27.06,,,,,
마곡동,202605,오피스텔_전월세,마곡나루역캐슬파크,마곡동,760-2,30.04,,25600,25,12,30,2016,신규,26.07~28.07,,,,,
마곡동,202605,오피스텔_전월세,마곡나루역보타닉푸르지오시티,마곡동,760,22.2,,17100,13,10,30,2017,신규,26.06~28.06,,,,,
마곡동,202605,오피스텔_전월세,마곡나루역캐슬파크,마곡동,760-2,23.39,,1000,85,3,29,2016,신규,26.07~27.07,,,,,
화곡동,202605,오피스텔_전월세,동인오피스텔,화곡동,29-39,23.92,,3000,38,5,30,2002,갱신,26.06~28.06,500.0,45.0,,,
마곡동,202605,오피스텔_전월세,마곡일성트루엘플래닛,마곡동,758-2,21.43,,1000,67,4,16,2016,갱신,26.06~27.06,1000.0,67.0,,,
등촌동,202605,오피스텔_전월세,경동미르웰한올림,등촌동,656,16.19,,1000,67,12,18,2016,신규,26.07~27.07,,,,,
화곡동,202605,오피스텔_전월세,자하클래식,화곡동,24-39,15.88,,3000,55,12,16,2018,신규,26.05~27.05,,,,,
마곡동,202605,오피스텔_전월세,힐스테이트에코동익,마곡동,773-3,24.57,,18000,15,15,12,2017,신규,26.06~28.06,,,,,
마곡동,202605,오피스텔_전월세,힐스테이트에코 마곡나루역 라마다앙코르 서울마곡,마곡동,760-1,21.5,,1000,78,6,13,2017,신규,26.07~27.07,,,,,
마곡동,202605,오피스텔_전월세,아르디에,마곡동,784-13,18.59,,11250,15,4,28,2015,갱신,26.08~28.08,12600.0,,,,
마곡동,202605,오피스텔_전월세,마곡센트럴대방디엠시티오피스텔,마곡동,776-2,24.02,,1000,80,9,29,2017,신규,26.07~27.07,,,,,
마곡동,202605,오피스텔_전월세,마곡 헤리움1차,마곡동,739-4,24.07,,13700,14,5,8,2015,갱신,26.06~27.06,13860.0,10.0,,,
마곡동,202605,오피스텔_전월세,엠코지니어스타,마곡동,776-4,23.84,,15600,17,4,30,2015,신규,26.07~28.07,,,,,
마곡동,202605,오피스텔_전월세,마곡일성트루엘플래닛,마곡동,758-2,21.43,,1000,57,5,21,2016,신규,26.06~27.06,,,,,
마곡동,202605,오피스텔_전월세,마곡경동미르웰,마곡동,784,17.96,,500,70,2,13,2015,신규,26.06~27.06,,,,,
마곡동,202605,오피스텔_전월세,마곡일성트루엘플래닛,마곡동,758-2,21.43,,100,83,3,30,2016,신규,26.06~26.09,,,,,
염창동,202605,오피스텔_전월세,아네스트염창,염창동,310,18.84,,12000,19,3,29,2019,신규,26.08~28.08,,,,,
화곡동,202605,오피스텔_전월세,세명 더블라썸,화곡동,1063-10,35.85,,25100,5,8,15,2019,갱신,26.07~28.07,25200.0,,사용,,
마곡동,202605,오피스텔_전월세,엠코지니어스타,마곡동,776-4,23.84,,3000,63,7,26,2015,갱신,26.06~27.06,3000.0,63.0,,,
마곡동,202605,오피스텔_전월세,우성르보아,마곡동,793-6,19.36,,11800,10,3,25,2015,신규,26.07~28.07,,,,,
마곡동,202605,오피스텔_전월세,스카이오피스텔,마곡동,784-3,17.5,,12100,5,9,20,2016,신규,26.06~28.06,,,,,
마곡동,202605,오피스텔_전월세,마곡에비앙,마곡동,793-3,18.97,,11800,15,3,25,2015,신규,26.06~28.06,,,,,
마곡동,202605,오피스텔_전월세,청람아트빌,마곡동,6-4,37.14,,19600,0,3,20,2018,갱신,26.07~28.07,19000.0,,사용,,
등촌동,202605,오피스텔_전월세,경동미르웰양천향교2차,등촌동,685,29.68,,23100,0,2,26,2020,갱신,26.06~28.06,22000.0,,,,
화곡동,202605,오피스텔_전월세,SJ라벨라,화곡동,1111,17.54,,2000,77,3,29,2020,갱신,26.06~27.06,2000.0,63.0,,,
마곡동,202605,오피스텔_전월세,마곡경동미르웰,마곡동,784,17.96,,12600,0,5,15,2015,갱신,26.05~28.05,12600.0,,,,
가양동,202605,오피스텔_전월세,휴먼빌,가양동,1479-9,25.64,,500,58,8,14,2004,갱신,26.06~27.06,500.0,55.0,,,
마곡동,202605,오피스텔_전월세,마곡일성트루엘플래닛,마곡동,758-2,21.43,,1000,75,11,26,2016,신규,26.06~27.06,,,,,
마곡동,202605,오피스텔_전월세,마곡대명투웨니퍼스트,마곡동,784-6,17.96,,12100,10,2,25,2015,신규,26.07~28.07,,,,,
마곡동,202605,오피스텔_전월세,롯데캐슬 르웨스트,마곡동,767-4,46.24,,1000,250,6,21,2024,신규,26.07~28.01,,,,,
마곡동,202605,오피스텔_전월세,마곡 파크뷰 대방디엠시티 오피스텔,마곡동,776,21.02,,1000,72,5,29,2019,갱신,26.06~27.06,1000.0,72.0,,,
마곡동,202605,오피스텔_전월세,힐스테이트에코동익,마곡동,773-3,24.57,,300,85,9,7,2017,신규,26.05~26.08,,,,,
마곡동,202605,오피스텔_전월세,마곡 헤리움1차,마곡동,739-4,24.07,,1000,74,14,29,2015,신규,26.06~28.06,,,,,
화곡동,202605,오피스텔_전월세,강서포스텔,화곡동,1065-6,33,,1000,60,9,23,1998,신규,26.05~28.05,,,,,
마곡동,202605,오피스텔_전월세,힐스테이트 에코 마곡역,마곡동,773,19.87,,5000,60,13,16,2017,갱신,26.05~27.05,10000.0,40.0,,,
마곡동,202605,오피스텔_전월세,마곡 파크뷰 대방디엠시티 오피스텔,마곡동,776,26.68,,20400,10,13,29,2019,갱신,26.06~28.06,22050.0,,사용,,
마곡동,202605,오피스텔_전월세,힐스테이트에코 마곡나루역 라마다앙코르 서울마곡,마곡동,760-1,20.84,,4000,65,8,9,2017,신규,26.05~27.05,,,,,
화곡동,202605,오피스텔_전월세,에스엠케이오피스텔,화곡동,937-13,19.74,,10900,0,4,6,2019,신규,26.05~28.05,,,,,
마곡동,202605,오피스텔_전월세,마곡 파크뷰 대방디엠시티 오피스텔,마곡동,776,21.25,,5000,60,5,11,2019,갱신,26.06~27.06,5000.0,56.0,,,
등촌동,202605,오피스텔_전월세,등촌동 Y HAUS 오피스텔,등촌동,633-24,29.07,,19138,10,14,10,2020,갱신,26.05~28.10,18100.0,10.0,,,
등촌동,202605,오피스텔_전월세,호성스카이오피스텔,등촌동,847,26.79,,20837,0,11,29,2020,갱신,26.07~28.07,19845.0,,,,
마곡동,202605,오피스텔_전월세,마곡 헤리움1차,마곡동,739-4,24.07,,13000,9,12,7,2015,갱신,26.05~27.05,13000.0,6.0,,,
등촌동,202605,오피스텔_전월세,디앤써밋 모이다,등촌동,648-10,25.7,,29000,0,8,28,,신규,26.07~28.07,,,,,
마곡동,202605,오피스텔_전월세,힐스테이트 에코 마곡역,마곡동,773,19.97,,15600,15,11,26,2017,신규,26.06~28.06,,,,,
마곡동,202605,오피스텔_전월세,마곡 헤리움1차,마곡동,739-4,24.07,,1000,72,9,25,2015,갱신,26.07~27.07,1000.0,70.0,,,
등촌동,202605,오피스텔_전월세,효성인텔리안,등촌동,681-3,58.91,,27000,9,6,28,2005,신규,26.08~28.08,,,,,
마곡동,202605,오피스텔_전월세,매그넘793,마곡동,793-7,27.46,,24806,0,10,23,2020,갱신,26.05~27.05,23625.0,,사용,,
화곡동,202605,오피스텔_전월세,투웨니퍼스트 강서마곡,화곡동,1097-9,19.93,,4000,70,9,4,2021,신규,26.05~27.05,,,,,
가양동,202605,오피스텔_전월세,가양글로벌퍼스트,가양동,448-11,28.12,,25500,0,4,29,2018,갱신,26.06~28.06,25200.0,,,,
화곡동,202605,오피스텔_전월세,포유,화곡동,1111-4,17.92,,500,70,5,4,2018,신규,26.05~27.05,,,,,
등촌동,202605,오피스텔_전월세,등촌동 Y HAUS 오피스텔,등촌동,633-24,29.07,,2000,77,11,26,2020,갱신,26.05~27.05,2000.0,77.0,,,
등촌동,202605,오피스텔_전월세,강서메트로칸,등촌동,656-52,18.75,,500,58,15,21,2013,신규,26.05~27.05,,,,,
등촌동,202605,오피스텔_전월세,까사지오,등촌동,634,23.49,,27000,0,4,29,2022,갱신,26.06~28.06,26000.0,,,,
화곡동,202605,오피스텔_전월세,자하클래식,화곡동,24-39,15.88,,3000,54,3,4,2018,갱신,26.08~27.07,3000.0,52.0,,,
마곡동,202605,오피스텔_전월세,스카이오피스텔,마곡동,784-3,17.52,,9450,15,4,27,2016,갱신,26.07~27.07,10170.0,12.0,,,
방화동,202605,오피스텔_전월세,오피앙,방화동,830,22.5,,500,40,8,13,2001,신규,26.05~27.05,,,,,
마곡동,202605,오피스텔_전월세,마곡나루역보타닉푸르지오시티,마곡동,760,22.2,,1000,82,7,4,2017,신규,26.05~27.05,,,,,
등촌동,202605,오피스텔_전월세,강변샤르망3단지,등촌동,628-17,63.16,,2000,130,12,2,2005,갱신,26.05~28.05,39500.0,,,,
마곡동,202605,오피스텔_전월세,마곡나루역보타닉푸르지오시티,마곡동,760,22.2,,17100,20,9,25,2017,신규,26.07~28.07,,,,,
등촌동,202605,오피스텔_전월세,경동미르웰양천향교2차,등촌동,685,29.68,,2000,110,10,2,2020,신규,26.05~27.05,,,,,
화곡동,202605,오피스텔_전월세,월드오피스텔,화곡동,899-43,24.5,,7700,0,9,16,2002,신규,26.06~28.06,,,,,
마곡동,202605,오피스텔_전월세,마곡헤리움2차,마곡동,758-3,22.51,,15400,10,9,28,2016,갱신,26.07~28.07,15400.0,10.0,,,
마곡동,202605,오피스텔_전월세,힐스테이트에코마곡,마곡동,797-14,23.75,,4400,65,6,5,2016,갱신,26.06~27.06,4400.0,60.0,,,
화곡동,202605,오피스텔_전월세,거마지엠밸리,화곡동,1116-5,13.42,,12150,10,8,20,2020,신규,26.06~28.06,,,,,
등촌동,202605,오피스텔_전월세,강변샤르망2단지,등촌동,628-32,63.16,,34650,0,2,26,2005,갱신,26.06~28.06,33000.0,,사용,,
화곡동,202605,오피스텔_전월세,(924-2),화곡동,924-2,36.12,,1000,55,4,12,1996,신규,26.05~27.05,,,,,
등촌동,202605,오피스텔_전월세,등촌동 Y HAUS 오피스텔,등촌동,633-24,29.07,,3000,105,7,28,2020,신규,26.06~28.06,,,,,
등촌동,202605,오피스텔_전월세,아이디움,등촌동,656-36,17.31,,1000,53,11,27,2014,신규,26.06~27.06,,,,,
등촌동,202605,오피스텔_전월세,강변샤르망2단지,등촌동,628-32,63.16,,37000,0,8,14,2005,신규,26.08~28.08,,,,,
화곡동,202605,오피스텔_전월세,라인오피스텔,화곡동,111-81,29.64,,5500,87,6,10,2022,신규,26.05~28.05,,,,,
화곡동,202605,오피스텔_전월세,강서구청 파크뷰 에버,화곡동,987-1,18.55,,2000,70,7,20,2020,갱신,26.06~27.06,2000.0,68.0,,,
마곡동,202605,오피스텔_전월세,마곡럭스나인오피스텔 엘동,마곡동,758-1,21.87,,1000,75,12,28,2017,갱신,26.06~27.06,1000.0,71.0,,,
화곡동,202605,오피스텔_전월세,네스트인,화곡동,901-1,26.77,,2000,100,5,14,2022,신규,26.05~28.05,,,,,
마곡동,202605,오피스텔_전월세,마곡나루역캐슬파크,마곡동,760-2,23.39,,5000,75,11,22,2016,신규,26.06~28.06,,,,,
가양동,202605,오피스텔_전월세,플래티노,가양동,187-7,17.24,,3500,50,10,27,2020,신규,26.05~27.05,,,,,
화곡동,202605,오피스텔_전월세,루체비스타,화곡동,897-2,33.07,,18700,0,3,27,2017,신규,26.07~28.06,,,,,
등촌동,202605,오피스텔_전월세,아이디움,등촌동,656-36,17.31,,500,55,9,6,2014,신규,26.07~27.07,,,,,
마곡동,202605,오피스텔_전월세,마곡아이파크,마곡동,795-2,36.47,,2000,135,11,25,2016,신규,26.07~27.07,,,,,
가양동,202605,오피스텔_전월세,마곡크리스아크,가양동,250-1,32.48,,27560,0,2,27,2021,갱신,26.06~28.06,26800.0,,,,
마곡동,202605,오피스텔_전월세,마곡센트럴대방디엠시티오피스텔,마곡동,776-2,30.84,,20400,0,14,27,2017,신규,26.07~28.07,,,,,
등촌동,202605,오피스텔_전월세,더 해담,등촌동,511-2,32.25,,5000,140,6,27,2022,신규,26.05~28.05,,,,,
마곡동,202605,오피스텔_전월세,청람아트빌,마곡동,6-4,37.14,,19200,0,2,22,2018,신규,26.06~28.06,,,,,
마곡동,202605,오피스텔_전월세,마곡 파크뷰 대방디엠시티 오피스텔,마곡동,776,21.25,,16500,14,4,28,2019,갱신,26.06~27.06,17100.0,8.0,,,
염창동,202605,오피스텔_전월세,원호엘리시온 오피스텔,염창동,267-20,29.73,,9700,24,4,28,2003,신규,26.07~28.07,,,,,
등촌동,202605,오피스텔_전월세,현대 센트럴 가양,등촌동,640-2,27.99,,24300,19,14,27,2021,갱신,26.06~28.06,24700.0,12.0,,,
마곡동,202605,오피스텔_전월세,마곡 파크뷰 대방디엠시티 오피스텔,마곡동,776,21.25,,16500,15,12,19,2019,신규,26.06~27.06,,,,,
등촌동,202605,오피스텔_전월세,경동미르웰 양천향교 101동,등촌동,820,14.33,,2000,65,3,27,2017,갱신,26.07~27.07,2000.0,65.0,,,
마곡동,202605,오피스텔_전월세,힐스테이트에코동익,마곡동,773-3,24.57,,500,79,7,27,2017,갱신,26.06~27.06,500.0,75.0,,,
마곡동,202605,오피스텔_전월세,힐스테이트에코동익,마곡동,773-3,24.57,,1000,85,13,8,2017,신규,26.06~27.06,,,,,
화곡동,202605,오피스텔_전월세,(925-3),화곡동,925-3,19.12,,9000,14,2,13,2013,신규,26.06~28.06,,,,,
마곡동,202605,오피스텔_전월세,우성르보아,마곡동,793-6,19.36,,500,68,6,21,2015,갱신,26.06~27.06,500.0,65.0,,,
마곡동,202605,오피스텔_전월세,마곡럭스나인오피스텔 엘동,마곡동,758-1,21.87,,11588,0,4,18,2017,갱신,26.07~27.07,11037.0,,,,
화곡동,202605,오피스텔_전월세,(925-3),화곡동,925-3,19.94,,1000,50,3,20,2013,신규,26.05~28.05,,,,,
화곡동,202605,오피스텔_전월세,강서파크뷰 투웨니퍼스트,화곡동,24-18,28.09,,19293,0,8,23,2020,신규,26.07~27.07,,,,,
마곡동,202605,오피스텔_전월세,스카이오피스텔,마곡동,784-3,17.5,,500,63,3,27,2016,갱신,26.08~27.08,500.0,60.0,,,
마곡동,202605,오피스텔_전월세,엠코지니어스타,마곡동,776-4,23.84,,15600,13,5,20,2015,갱신,26.07~28.07,15900.0,10.0,사용,,
마곡동,202605,오피스텔_전월세,마곡경동미르웰,마곡동,784,17.96,,500,68,5,6,2015,신규,26.05~27.05,,,,,
공항동,202605,오피스텔_전월세,크라운타워,공항동,72-20,26.61,,15000,45,12,27,2024,신규,26.07~28.07,,,,,
마곡동,202605,오피스텔_전월세,마곡 파크뷰 대방디엠시티 오피스텔,마곡동,776,21.25,,4000,67,9,27,2019,갱신,26.06~27.06,5000.0,60.0,,,
화곡동,202605,오피스텔_전월세,청담라인씨티,화곡동,920-17,29.8,,9700,37,2,15,2018,신규,26.06~27.06,,,,,
화곡동,202605,오피스텔_전월세,우장산투웨니퍼스트,화곡동,72-3,29.26,,1000,95,2,21,2018,신규,26.05~27.05,,,,,
등촌동,202605,오피스텔_전월세,디앤써밋 모이다,등촌동,648-10,26.03,,31000,0,9,27,,신규,26.09~28.09,,,,,
마곡동,202605,오피스텔_전월세,마곡시티오피스텔,마곡동,758,22.51,,1000,73,9,26,2016,갱신,26.07~27.07,1000.0,70.0,,,
화곡동,202605,오피스텔_전월세,파크아리온,화곡동,367-1,28.62,,3000,100,7,18,2021,신규,26.05~28.05,,,,,
화곡동,202605,오피스텔_전월세,엠타워,화곡동,899-29,18.35,,1000,50,4,17,2011,신규,26.05~27.05,,,,,
방화동,202605,오피스텔_전월세,마곡 킹덤 퀸터플,방화동,612-61,35.21,,25000,0,10,26,2020,신규,26.06~28.06,,,,,
마곡동,202605,오피스텔_전월세,힐스테이트 에코 마곡역,마곡동,773,19.97,,1000,84,11,1,2017,신규,26.05~27.05,,,,,
마곡동,202605,오피스텔_전월세,마곡역센트럴푸르지오시티,마곡동,773-1,23,,5000,63,5,19,2016,갱신,26.06~27.06,5000.0,60.0,,,
가양동,202605,오피스텔_전월세,이스타빌2차,가양동,1480-1,35.2,,13500,15,6,24,2003,신규,26.06~28.06,,,,,
마곡동,202605,오피스텔_전월세,마곡나루역보타닉푸르지오시티,마곡동,760,22.2,,1000,88,7,26,2017,갱신,26.07~27.07,1000.0,85.0,사용,,
방화동,202605,오피스텔_전월세,에어뷰21-2오피스텔,방화동,830-1,26.22,,6970,0,4,20,1999,신규,26.06~28.06,,,,,
등촌동,202605,오피스텔_전월세,현대 센트럴 가양,등촌동,640-2,27.99,,1000,101,2,23,2021,신규,26.06~27.06,,,,,
공항동,202605,오피스텔_전월세,헬리그라프 마곡에디션,공항동,8-5,29.02,,2000,120,8,15,2024,신규,26.05~28.05,,,,,
화곡동,202605,오피스텔_전월세,원타워 5차 오피스텔,화곡동,987-7,17.04,,1000,71,12,23,2021,신규,26.05~27.05,,,,,
마곡동,202605,오피스텔_전월세,마곡센트럴대방디엠시티오피스텔,마곡동,776-2,39.97,,33600,0,7,26,2017,갱신,26.06~28.06,32000.0,,사용,,
등촌동,202605,오피스텔_전월세,경동미르웰 양천향교 101동,등촌동,820,14.33,,1000,63,7,26,2017,갱신,26.07~28.07,1000.0,60.0,,,
마곡동,202605,오피스텔_전월세,마곡센트럴대방디엠시티오피스텔,마곡동,776-2,24.02,,16000,27,11,23,2017,갱신,26.06~27.06,16425.0,21.0,,,
마곡동,202605,오피스텔_전월세,마곡센트럴대방디엠시티오피스텔,마곡동,776-2,24.02,,16200,0,3,7,2017,신규,26.07~28.07,,,,,
마곡동,202605,오피스텔_전월세,마곡센트럴대방디엠시티오피스텔,마곡동,776-2,39.97,,29400,16,10,23,2017,갱신,26.06~28.06,29400.0,10.0,,,
마곡동,202605,오피스텔_전월세,미르웰플러스오피스텔,마곡동,784-4,19.46,,1000,68,6,26,2015,신규,26.05~27.05,,,,,
마곡동,202605,오피스텔_전월세,힐스테이트에코마곡,마곡동,797-14,24.2,,15750,23,4,19,2016,갱신,26.05~28.05,16875.0,,,,
마곡동,202605,오피스텔_전월세,마곡센트럴대방디엠시티오피스텔,마곡동,776-2,24.02,,16000,14,8,23,2017,신규,26.06~28.06,,,,,
등촌동,202605,오피스텔_전월세,등촌동 Y HAUS 오피스텔,등촌동,633-24,29.07,,3000,84,5,26,2020,갱신,26.06~27.06,3000.0,80.0,,,
방화동,202605,오피스텔_전월세,(620-214),방화동,620-214,27.37,,1000,50,13,3,2011,신규,26.05~28.05,,,,,
마곡동,202605,오피스텔_전월세,스카이오피스텔,마곡동,784-3,17.52,,500,59,3,19,2016,갱신,26.07~27.07,500.0,57.0,,,
마곡동,202605,오피스텔_전월세,힐스테이트 에코 마곡역,마곡동,773,19.87,,200,90,13,26,2017,신규,26.05~27.05,,,,,
화곡동,202605,오피스텔_전월세,경동엠파이어스테이트,화곡동,1111-3,18.61,,500,51,16,26,2012,갱신,26.05~27.05,500.0,51.0,사용,,
염창동,202605,오피스텔_전월세,한빛어반뉴스토리,염창동,266-12,28.69,,21000,0,2,26,2018,신규,26.06~28.06,,,,,
염창동,202605,오피스텔_전월세,루나클래식2,염창동,283-15,29.72,,10000,70,8,26,2023,신규,26.08~28.08,,,,,
화곡동,202605,오피스텔_전월세,라인오피스텔,화곡동,111-81,29.61,,5500,84,2,15,2022,신규,26.05~28.05,,,,,
마곡동,202605,오피스텔_전월세,힐스테이트에코동익,마곡동,773-3,24.57,,18000,0,6,26,2017,신규,26.06~28.06,,,,,
등촌동,202605,오피스텔_전월세,강서메트로칸,등촌동,656-52,17.34,,2000,54,12,26,2013,신규,26.07~27.07,,,,,
화곡동,202605,오피스텔_전월세,투웨니퍼스트 강서마곡,화곡동,1097-9,19.93,,1000,85,11,9,2021,신규,26.05~27.05,,,,,
염창동,202605,오피스텔_전월세,한강 브루클린 하이츠,염창동,260,40.18,,5000,205,9,20,2023,신규,26.05~27.08,,,,,
화곡동,202605,오피스텔_전월세,크라운뷰,화곡동,982-17,51.14,,1000,100,12,26,2009,갱신,26.06~28.06,500.0,98.0,,,
등촌동,202605,오피스텔_전월세,(115-6),등촌동,828,13.92,,5000,50,3,20,2020,신규,26.05~27.05,,,,,
마곡동,202605,오피스텔_전월세,마곡 헤리움1차,마곡동,739-4,24.07,,13700,15,4,22,2015,신규,26.07~28.07,,,,,
마곡동,202605,오피스텔_전월세,마곡센트럴대방디엠시티오피스텔,마곡동,776-2,24.02,,16200,10,9,25,2017,신규,26.06~28.06,,,,,
화곡동,202605,오피스텔_전월세,프라임주택,화곡동,924-14,29.19,,12700,7,3,21,,신규,26.08~28.08,,,,,
마곡동,202605,오피스텔_전월세,우성르보아투,마곡동,739-2,20.24,,500,65,11,25,2015,신규,26.05~28.05,,,,,
마곡동,202605,오피스텔_전월세,마곡 헤리움1차,마곡동,739-4,24.07,,1000,72,8,20,2015,갱신,26.07~27.07,1000.0,70.0,사용,,
마곡동,202605,오피스텔_전월세,우성르보아투,마곡동,739-2,20.24,,11200,12,10,23,2015,신규,26.07~28.07,,,,,
마곡동,202605,오피스텔_전월세,마곡나루역보타닉푸르지오시티,마곡동,760,22.2,,17000,10,9,26,2017,신규,26.06~28.06,,,,,
마곡동,202605,오피스텔_전월세,갤럭시인텔리젼스,마곡동,793-2,19.48,,6000,40,7,23,2015,신규,26.06~27.06,,,,,
화곡동,202605,오피스텔_전월세,강서파크뷰 투웨니퍼스트,화곡동,24-18,28.15,,3000,79,4,4,2020,갱신,26.07~27.07,3000.0,75.0,,,
마곡동,202605,오피스텔_전월세,힐스테이트에코동익,마곡동,773-3,24.57,,5000,65,3,26,2017,신규,26.06~27.06,,,,,
화곡동,202605,오피스텔_전월세,SJ라벨라,화곡동,1111,20.38,,20800,0,17,23,2020,신규,26.05~28.05,,,,,
마곡동,202605,오피스텔_전월세,마곡럭스나인오피스텔 엘동,마곡동,758-1,21.87,,1000,75,12,22,2017,갱신,26.06~27.06,1000.0,70.0,,,
마곡동,202605,오피스텔_전월세,힐스테이트에코동익,마곡동,773-3,44.04,,33000,0,3,25,2017,신규,26.07~28.07,,,,,
염창동,202605,오피스텔_전월세,제니스알앤씨,염창동,252-2,40.95,,30700,0,2,26,,신규,26.07~28.07,,,,,
화곡동,202605,오피스텔_전월세,골든팰리스,화곡동,936-1,22.57,,22000,0,7,25,2024,신규,26.06~28.06,,,,,
화곡동,202605,오피스텔_전월세,경동엠파이어스테이트,화곡동,1111-3,24.61,,11000,15,12,22,2012,신규,26.07~28.07,,,,,
마곡동,202605,오피스텔_전월세,마곡 파크뷰 대방디엠시티 오피스텔,마곡동,776,26.68,,1000,87,11,26,2019,갱신,26.05~27.05,1000.0,83.0,,,
마곡동,202605,오피스텔_전월세,마곡경동미르웰,마곡동,784,17.96,,12150,4,8,20,2015,갱신,26.06~28.06,12600.0,,,,
마곡동,202605,오피스텔_전월세,마곡나루역보타닉푸르지오시티,마곡동,760,22.2,,15316,0,10,16,2017,갱신,26.06~27.06,14587.0,,,,
등촌동,202605,오피스텔_전월세,효성인텔리안,등촌동,681-3,58.91,,27000,0,4,23,2005,갱신,26.06~28.06,26000.0,,사용,,
화곡동,202605,오피스텔_전월세,원타워 5차 오피스텔,화곡동,987-7,17.04,,1000,73,10,23,2021,신규,26.06~27.06,,,,,
마곡동,202605,오피스텔_전월세,마곡 헤리움1차,마곡동,739-4,24.07,,5000,50,8,7,2015,갱신,26.05~27.05,5000.0,47.0,,,
가양동,202605,오피스텔_전월세,가양글로벌퍼스트,가양동,448-11,28.12,,2000,125,14,23,2018,신규,26.06~28.06,,,,,
마곡동,202605,오피스텔_전월세,힐스테이트 에코 마곡역,마곡동,773,19.87,,1000,78,14,2,2017,갱신,26.05~27.05,1000.0,75.0,,,
등촌동,202605,오피스텔_전월세,등촌크라운팰리스,등촌동,641-9,28.4,,22275,10,3,22,2019,신규,26.06~28.06,,,,,
화곡동,202605,오피스텔_전월세,강서 동도센트리움,화곡동,1161,18.97,,500,51,13,18,2012,신규,26.06~27.06,,,,,
화곡동,202605,오피스텔_전월세,연우넥스트파크뷰,화곡동,1110,15.29,,500,63,4,7,2019,신규,26.05~27.05,,,,,
방화동,202605,오피스텔_전월세,경동화인시티,방화동,612-2,19.44,,500,45,7,18,2010,신규,26.06~28.06,,,,,
마곡동,202605,오피스텔_전월세,마곡오드카운티2차,마곡동,784-9,20.82,,500,70,4,18,,신규,26.05~27.05,,,,,
마곡동,202605,오피스텔_전월세,마곡럭스나인오피스텔,마곡동,758-4,25.29,,1000,95,10,22,2016,신규,26.06~27.06,,,,,
마곡동,202605,오피스텔_전월세,힐스테이트에코 마곡나루역 라마다앙코르 서울마곡,마곡동,760-1,21.5,,10000,45,12,11,2017,신규,26.05~28.05,,,,,
마곡동,202605,오피스텔_전월세,미르웰플러스오피스텔,마곡동,784-4,19.46,,1000,68,4,12,2015,갱신,26.05~27.05,1000.0,65.0,,,
마곡동,202605,오피스텔_전월세,마곡역센트럴푸르지오시티,마곡동,773-1,23,,1000,80,13,25,2016,갱신,26.06~27.06,1000.0,77.0,,,
등촌동,202605,오피스텔_전월세,(115-6),등촌동,828,13.92,,15400,0,5,23,2020,신규,26.08~28.08,,,,,
등촌동,202605,오피스텔_전월세,라빌라스,등촌동,637-19,29.91,,23000,5,10,25,2018,신규,26.06~28.06,,,,,
마곡동,202605,오피스텔_전월세,마곡럭스나인오피스텔 엘동,마곡동,758-1,25.29,,1000,85,6,25,2017,신규,26.07~27.07,,,,,
마곡동,202605,오피스텔_전월세,유림트윈파크,마곡동,793,19.99,,11800,15,6,22,2015,갱신,26.06~27.06,11800.0,15.0,,,
마곡동,202605,오피스텔_전월세,마곡시티오피스텔,마곡동,758,22.51,,13300,5,10,14,2016,신규,26.07~28.07,,,,,
등촌동,202605,오피스텔_전월세,어위쉬 예다인,등촌동,63-12,90.48,,30000,50,6,26,2008,신규,26.05~28.05,,,,,
마곡동,202605,오피스텔_전월세,마곡 헤리움1차,마곡동,739-4,29.14,,1000,83,10,13,2015,신규,26.05~27.05,,,,,
화곡동,202605,오피스텔_전월세,한나일프레이즈,화곡동,1097-6,12.39,,5500,0,8,25,2010,신규,26.08~28.08,,,,,
마곡동,202605,오피스텔_전월세,마곡헤리움2차,마곡동,758-3,22.51,,14900,15,3,21,2016,신규,26.07~28.07,,,,,
등촌동,202605,오피스텔_전월세,유원더블레스,등촌동,637-27,21,,20800,10,5,22,2020,갱신,26.08~28.08,22500.0,,,,
방화동,202605,오피스텔_전월세,방화샤르망2오피스텔,방화동,830-5,17.64,,500,37,7,12,2003,신규,26.05~27.05,,,,,
염창동,202605,오피스텔_전월세,원호엘리시온 오피스텔,염창동,267-20,29.73,,15049,0,6,24,2003,갱신,26.06~28.06,14333.0,,,,
방화동,202605,오피스텔_전월세,펜타곤스카이,방화동,620-129,34.66,,26000,0,6,25,2022,신규,26.06~28.06,,,,,
마곡동,202605,오피스텔_전월세,마곡아이파크,마곡동,795-2,24.22,,4000,70,4,1,2016,신규,26.05~27.05,,,,,
가양동,202605,오피스텔_전월세,마곡보타닉투웨니퍼스트,가양동,257-1,28.33,,24300,11,13,25,2020,갱신,26.07~28.07,26000.0,,,,
마곡동,202605,오피스텔_전월세,마곡일성트루엘플래닛,마곡동,758-2,21.43,,13300,15,11,21,2016,갱신,26.06~28.06,14400.0,10.0,,,
마곡동,202605,오피스텔_전월세,필네이처,마곡동,795-1,24.63,,1000,75,13,25,2016,신규,26.05~27.05,,,,,
마곡동,202605,오피스텔_전월세,마곡시티오피스텔,마곡동,758,22.51,,5000,60,10,16,2016,신규,26.07~28.07,,,,,
등촌동,202605,오피스텔_전월세,경동미르웰양천향교2차,등촌동,685,29.68,,1000,112,14,9,2020,신규,26.05~27.05,,,,,
화곡동,202605,오피스텔_전월세,(918-15),화곡동,918-15,34.79,,1000,65,6,18,1997,신규,26.05~28.05,,,,,
화곡동,202605,오피스텔_전월세,웰타운A,화곡동,938-7,27.41,,500,80,3,8,2021,신규,26.05~27.05,,,,,
화곡동,202605,오피스텔_전월세,크라운뷰,화곡동,982-17,49.22,,6000,60,10,20,2009,갱신,26.07~28.07,5000.0,60.0,,,
마곡동,202605,오피스텔_전월세,마곡 파크뷰 대방디엠시티 오피스텔,마곡동,776,21.25,,16500,10,9,20,2019,갱신,26.06~28.06,17100.0,5.0,,,
마곡동,202605,오피스텔_전월세,마곡센트럴대방디엠시티오피스텔,마곡동,776-2,24.02,,2000,75,8,9,2017,신규,26.05~27.05,,,,,
등촌동,202605,오피스텔_전월세,등촌투웨니퍼스트2차,등촌동,633-17,29.68,,21000,13,12,4,2016,갱신,26.06~28.06,21980.0,5.0,,,
등촌동,202605,오피스텔_전월세,센트럴시티,등촌동,656-57,14.91,,15000,0,9,22,2020,신규,26.06~28.06,,,,,
화곡동,202605,오피스텔_전월세,센트럴파크아파트,화곡동,900-47,25.43,,3000,80,5,19,2021,신규,26.05~28.05,,,,,
화곡동,202605,오피스텔_전월세,포유,화곡동,1111-4,33.58,,22800,0,4,22,2018,신규,26.07~28.07,,,,,
마곡동,202605,오피스텔_전월세,플레이스에이치,마곡동,793-9,18.38,,500,70,10,7,2015,신규,26.05~27.05,,,,,
마곡동,202605,오피스텔_전월세,마곡 파크뷰 대방디엠시티 오피스텔,마곡동,776,26.68,,9000,67,6,20,2019,신규,26.06~28.06,,,,,
등촌동,202605,오피스텔_전월세,경동미르웰 양천향교 101동,등촌동,820,14.33,,10300,26,4,22,2017,갱신,26.05~28.05,12500.0,15.0,,,
가양동,202605,오피스텔_전월세,마곡보타닉투웨니퍼스트,가양동,257-1,28.33,,24300,15,12,22,2020,신규,26.06~28.06,,,,,
마곡동,202605,오피스텔_전월세,마곡나루역보타닉푸르지오시티,마곡동,760,22.17,,1000,80,6,4,2017,신규,26.05~27.05,,,,,
방화동,202605,오피스텔_전월세,신마곡벽산블루밍,방화동,904,46.89,,30000,20,4,19,2020,신규,26.07~28.07,,,,,
화곡동,202605,오피스텔_전월세,원타워 5차 오피스텔,화곡동,987-7,17.04,,13000,20,6,13,2021,신규,26.07~28.07,,,,,
염창동,202605,오피스텔_전월세,팔레시움,염창동,283-2,18.14,,1000,55,3,19,2012,신규,26.05~27.05,,,,,
등촌동,202605,오피스텔_전월세,등촌2차 크라운팰리스,등촌동,641-2,27.9,,24300,7,2,20,2020,신규,26.07~28.07,,,,,
마곡동,202605,오피스텔_전월세,힐스테이트에코마곡,마곡동,797-14,22.79,,14400,15,11,18,2016,신규,26.07~28.07,,,,,
화곡동,202605,오피스텔_전월세,르미엘,화곡동,987-3,17.59,,18630,0,14,22,2022,갱신,26.06~28.06,18630.0,,,,
등촌동,202605,오피스텔_전월세,루미에르,등촌동,641-12,22.44,,23000,0,5,21,2024,신규,26.07~28.07,,,,,
마곡동,202605,오피스텔_전월세,아르디에,마곡동,784-13,18.59,,11000,0,10,18,2015,신규,26.07~28.07,,,,,
마곡동,202605,오피스텔_전월세,마곡나루역캐슬파크,마곡동,760-2,25.6,,1000,90,10,21,2016,갱신,26.06~27.06,1000.0,90.0,,,
마곡동,202605,오피스텔_전월세,마곡센트럴대방디엠시티오피스텔,마곡동,776-2,24.02,,16200,20,9,21,2017,갱신,26.05~27.05,16425.0,15.0,사용,,
마곡동,202605,오피스텔_전월세,마곡센트럴대방디엠시티오피스텔,마곡동,776-2,24.02,,1000,83,5,18,2017,신규,26.05~27.05,,,,,
마곡동,202605,오피스텔_전월세,마곡나루역보타닉푸르지오시티,마곡동,760,22.2,,14650,0,10,11,2017,갱신,26.06~28.06,14000.0,,,,
마곡동,202605,오피스텔_전월세,마곡아이파크,마곡동,795-2,24.22,,15300,15,10,14,2016,신규,26.07~28.07,,,,,
화곡동,202605,오피스텔_전월세,르미엘,화곡동,987-3,17.59,,2000,60,17,13,2022,신규,26.05~27.05,,,,,
마곡동,202605,오피스텔_전월세,마곡나루역보타닉푸르지오시티,마곡동,760,22.2,,500,58,11,7,2017,신규,26.05~27.05,,,,,
마곡동,202605,오피스텔_전월세,힐스테이트에코동익,마곡동,773-3,24.57,,5000,75,6,4,2017,신규,26.05~27.05,,,,,
마곡동,202605,오피스텔_전월세,마곡경동미르웰,마곡동,784,17.96,,500,65,7,21,2015,갱신,26.06~27.06,500.0,63.0,,,
마곡동,202605,오피스텔_전월세,힐스테이트에코동익,마곡동,773-3,23.48,,1000,73,4,21,2017,갱신,26.06~27.06,1000.0,69.0,사용,,
마곡동,202605,오피스텔_전월세,마곡일성트루엘플래닛,마곡동,758-2,21.27,,2000,67,5,19,2016,갱신,26.07~27.07,2000.0,64.0,,,
화곡동,202605,오피스텔_전월세,(24-137),화곡동,24-137,29.33,,1000,60,6,18,1997,신규,26.05~28.05,,,,,
등촌동,202605,오피스텔_전월세,등촌 미르웰 한올림 3차,등촌동,656-58,14.41,,1000,60,13,21,2018,갱신,26.07~27.07,1000.0,57.0,,,
마곡동,202605,오피스텔_전월세,마곡나루역캐슬파크,마곡동,760-2,23.39,,1000,86,12,11,2016,신규,26.05~27.05,,,,,
마곡동,202605,오피스텔_전월세,마곡럭스나인오피스텔 엘동,마곡동,758-1,21.87,,3000,65,6,21,2017,신규,26.06~27.06,,,,,
등촌동,202605,오피스텔_전월세,까사지오,등촌동,634,24.28,,28000,7,13,4,2022,신규,26.06~28.06,,,,,
염창동,202605,오피스텔_전월세,하우스B,염창동,282-24,22.1,,1000,115,7,21,2022,신규,26.05~27.05,,,,,
마곡동,202605,오피스텔_전월세,마곡오드카운티2차,마곡동,784-9,17.36,,2000,55,10,4,,신규,26.05~27.05,,,,,
등촌동,202605,오피스텔_전월세,센트럴시티,등촌동,656-57,14.91,,1000,70,13,13,2020,신규,26.06~27.06,,,,,
마곡동,202605,오피스텔_전월세,마곡센트럴대방디엠시티오피스텔,마곡동,776-2,29.48,,1000,74,4,4,2017,갱신,26.05~27.05,1000.0,70.0,,,
마곡동,202605,오피스텔_전월세,마곡오드카운티2차,마곡동,784-9,20.82,,1000,71,9,5,,신규,26.05~27.05,,,,,
마곡동,202605,오피스텔_전월세,마곡럭스나인오피스텔,마곡동,758-4,21.87,,14500,10,6,18,2016,신규,26.06~28.06,,,,,
마곡동,202605,오피스텔_전월세,힐스테이트에코마곡,마곡동,797-14,24.46,,1000,84,6,7,2016,신규,26.05~27.05,,,,,
등촌동,202605,오피스텔_전월세,강변샤르망2단지,등촌동,628-32,63.16,,36000,7,6,19,2005,갱신,26.06~28.06,36000.0,,사용,,
공항동,202605,오피스텔_전월세,크라운타워,공항동,72-20,28.43,,1000,84,4,21,2024,신규,26.07~28.07,,,,,
마곡동,202605,오피스텔_전월세,마곡나루역보타닉푸르지오시티,마곡동,760,22.2,,17000,12,10,6,2017,갱신,26.06~27.06,16700.0,10.0,,,
등촌동,202605,오피스텔_전월세,ACE A-ZONE,등촌동,639-8,77.2,,42000,0,5,21,2005,신규,26.07~28.07,,,,,
마곡동,202605,오피스텔_전월세,마곡나루역캐슬파크,마곡동,760-2,23.39,,1000,85,7,17,2016,갱신,26.05~27.05,1000.0,85.0,사용,,
마곡동,202605,오피스텔_전월세,힐스테이트 에코 마곡역,마곡동,773,42.41,,39000,0,14,21,2017,신규,26.07~28.07,,,,,
방화동,202605,오피스텔_전월세,(620-214),방화동,620-214,27.37,,9200,0,3,20,2011,신규,26.06~28.06,,,,,
화곡동,202605,오피스텔_전월세,(900-30),화곡동,900-30,18.72,,1000,53,6,15,2003,신규,26.05~28.05,,,,,
마곡동,202605,오피스텔_전월세,마곡나루역보타닉푸르지오시티,마곡동,760,21.89,,1000,80,6,18,2017,갱신,26.06~26.12,1000.0,78.0,,,
화곡동,202605,오피스텔_전월세,SJ라벨라,화곡동,1111,22.35,,18500,0,17,20,2020,신규,26.06~28.06,,,,,
공항동,202605,오피스텔_전월세,크라운타워,공항동,72-20,29.32,,2000,91,5,14,2024,신규,26.07~28.07,,,,,
마곡동,202605,오피스텔_전월세,마곡 헤리움1차,마곡동,739-4,24.07,,5000,53,6,14,2015,갱신,26.07~28.07,5000.0,50.0,,,
가양동,202605,오피스텔_전월세,동양 트레벨 스카이 오피스텔,가양동,1479-8,24.36,,10200,27,5,13,2003,신규,26.06~28.06,,,,,
공항동,202605,오피스텔_전월세,비엔비빌리지,공항동,72-61,26.73,,4000,50,4,19,2011,신규,26.07~27.07,,,,,
화곡동,202605,오피스텔_전월세,글로벌MJ9,화곡동,982-11,18.21,,2000,65,6,2,2024,신규,26.06~28.06,,,,,
가양동,202605,오피스텔_전월세,마곡크리스아크,가양동,250-1,32.48,,28660,0,7,20,2021,신규,26.07~28.07,,,,,
등촌동,202605,오피스텔_전월세,경동미르웰한올림,등촌동,656-1,17.99,,12100,15,4,15,2016,신규,26.06~28.06,,,,,
마곡동,202605,오피스텔_전월세,마곡나루역보타닉푸르지오시티,마곡동,760,32.88,,2000,138,12,7,2017,신규,26.05~27.05,,,,,
가양동,202605,오피스텔_전월세,동양 트레벨 스카이 오피스텔,가양동,1479-8,26.96,,1000,60,5,20,2003,신규,26.05~27.05,,,,,
마곡동,202605,오피스텔_전월세,마곡오드카운티2차,마곡동,784-9,17.36,,500,66,10,19,,갱신,26.06~27.06,500.0,63.0,,,
방화동,202605,오피스텔_전월세,오피앙,방화동,830,22.5,,500,42,7,15,2001,신규,26.05~27.05,,,,,
마곡동,202605,오피스텔_전월세,유림트윈파크,마곡동,793,19.99,,1000,65,6,20,2015,갱신,26.06~27.06,1000.0,61.0,,,
등촌동,202605,오피스텔_전월세,등촌동두산위브센티움,등촌동,631,22.6,,1000,65,5,18,2004,신규,26.07~27.07,,,,,
가양동,202605,오피스텔_전월세,마곡보타닉투웨니퍼스트,가양동,257-1,28.33,,24300,10,5,19,2020,신규,26.07~28.07,,,,,
마곡동,202605,오피스텔_전월세,마곡럭스나인오피스텔,마곡동,758-4,32.58,,5000,95,13,19,2016,신규,26.07~27.07,,,,,
마곡동,202605,오피스텔_전월세,마곡오드카운티1차,마곡동,784-11,16.57,,1000,65,10,6,2016,신규,26.05~27.05,,,,,
마곡동,202605,오피스텔_전월세,유림트윈파크,마곡동,793,19.99,,1000,64,10,20,2015,갱신,26.06~27.06,1000.0,61.0,,,
방화동,202605,오피스텔_전월세,벽산에어트리움,방화동,849,28.03,,9450,0,3,19,2003,신규,26.06~28.06,,,,,
화곡동,202605,오피스텔_전월세,원타워 5차 오피스텔,화곡동,987-7,17.04,,1000,73,12,16,2021,갱신,26.05~28.05,1000.0,70.0,,,
염창동,202605,오피스텔_전월세,등촌노블레르,염창동,242-5,27.64,,24000,5,5,14,2020,신규,26.06~28.06,,,,,
등촌동,202605,오피스텔_전월세,킹덤하이너스,등촌동,656-41,36.28,,23500,4,8,16,2018,신규,26.07~28.07,,,,,
화곡동,202605,오피스텔_전월세,세명 더블라썸,화곡동,1063-10,37.13,,26800,5,11,20,2019,갱신,26.06~28.06,26800.0,,사용,,
화곡동,202605,오피스텔_전월세,디아인스,화곡동,1075-27,18.62,,8300,2,6,16,2015,신규,26.06~28.06,,,,,
마곡동,202605,오피스텔_전월세,유림트윈파크,마곡동,793,19.99,,12000,10,4,18,2015,신규,26.06~28.06,,,,,
마곡동,202605,오피스텔_전월세,엠코지니어스타,마곡동,776-4,26.28,,1000,79,12,20,2015,신규,26.06~27.06,,,,,
마곡동,202605,오피스텔_전월세,마곡사이언스파크뷰,마곡동,795-5,25.16,,500,80,7,16,2016,신규,26.05~27.05,,,,,
마곡동,202605,오피스텔_전월세,힐스테이트에코동익,마곡동,773-3,25.73,,18000,15,11,19,2017,신규,26.06~28.06,,,,,
화곡동,202605,오피스텔_전월세,강서크라운팰리스,화곡동,998-5,39.55,,26100,0,10,19,2019,신규,26.06~28.06,,,,,
마곡동,202605,오피스텔_전월세,힐스테이트에코동익,마곡동,773-3,24.57,,500,67,6,18,2017,갱신,26.05~27.05,500.0,64.0,,,
마곡동,202605,오피스텔_전월세,마곡나루역보타닉푸르지오시티,마곡동,760,22.2,,1000,82,14,19,2017,갱신,26.06~26.12,1000.0,78.0,,,
마곡동,202605,오피스텔_전월세,힐스테이트에코동익,마곡동,773-3,24.57,,18000,12,12,18,2017,신규,26.06~27.06,,,,,
마곡동,202605,오피스텔_전월세,마곡나루역캐슬파크,마곡동,760-2,23.39,,18900,9,3,14,2016,갱신,26.06~28.06,18900.0,5.0,,,
마곡동,202605,오피스텔_전월세,마곡오드카운티2차,마곡동,784-9,17.36,,500,68,9,9,,신규,26.05~27.05,,,,,
화곡동,202605,오피스텔_전월세,제이투 리더스뷰,화곡동,935-2,29.9,,1000,110,8,11,2022,신규,26.05~28.05,,,,,
가양동,202605,오피스텔_전월세,휴먼빌,가양동,1479-9,25.64,,9450,0,8,19,2004,갱신,26.06~27.06,11500.0,,사용,,
화곡동,202605,오피스텔_전월세,경동엠파이어시티 101동,화곡동,1051-1,16.1,,500,50,11,20,2013,신규,26.05~28.05,,,,,
등촌동,202605,오피스텔_전월세,등촌투웨니퍼스트2차,등촌동,633-17,29.68,,1000,115,10,18,2016,신규,26.07~28.07,,,,,
등촌동,202605,오피스텔_전월세,한빛어반뉴스토리,등촌동,656-37,28.12,,23000,0,14,15,2017,신규,26.06~28.06,,,,,
마곡동,202605,오피스텔_전월세,힐스테이트에코마곡,마곡동,797-14,24.46,,15000,15,5,14,2016,신규,26.06~28.06,,,,,
방화동,202605,오피스텔_전월세,메종드아이디,방화동,612-147,33.08,,27300,0,5,16,2021,신규,26.07~28.07,,,,,
마곡동,202605,오피스텔_전월세,매그넘793,마곡동,793-7,27.46,,1000,115,2,15,2020,갱신,26.05~27.05,1000.0,110.0,,,
방화동,202605,오피스텔_전월세,벽산에어트리움,방화동,849,17.91,,1000,45,4,19,2003,신규,26.05~27.05,,,,,
등촌동,202605,오피스텔_전월세,등촌동 Y HAUS 오피스텔,등촌동,633-24,28.3,,1000,94,13,11,2020,갱신,26.06~27.06,1000.0,90.0,,,
마곡동,202605,오피스텔_전월세,마곡센트럴대방디엠시티오피스텔,마곡동,776-2,24.02,,1000,80,13,7,2017,신규,26.06~27.06,,,,,
가양동,202605,오피스텔_전월세,마곡지웰에스테이트,가양동,194-2,17.44,,10000,10,4,16,2014,신규,26.06~28.06,,,,,
마곡동,202605,오피스텔_전월세,우성르보아투,마곡동,739-2,20.24,,3000,55,11,4,2015,신규,26.05~27.05,,,,,
화곡동,202605,오피스텔_전월세,화곡팰리스,화곡동,904-3,30.94,,22800,8,10,18,2020,갱신,26.06~28.06,24000.0,,사용,,
마곡동,202605,오피스텔_전월세,마곡 파크뷰 대방디엠시티 오피스텔,마곡동,776,35.22,,32175,5,9,10,2019,신규,26.06~27.06,,,,,
마곡동,202605,오피스텔_전월세,힐스테이트에코동익,마곡동,773-3,24.57,,18000,15,8,18,2017,신규,26.06~28.06,,,,,
등촌동,202605,오피스텔_전월세,경동미르웰한올림,등촌동,656-1,17.99,,2000,62,9,8,2016,신규,26.05~27.05,,,,,
화곡동,202605,오피스텔_전월세,투웨니퍼스트 강서마곡,화곡동,1097-9,15.76,,16000,8,11,15,2021,갱신,26.06~28.06,16000.0,5.0,,,
화곡동,202605,오피스텔_전월세,더레스트,화곡동,24-168,29.92,,25000,0,4,15,2023,신규,26.06~28.06,,,,,
마곡동,202605,오피스텔_전월세,마곡럭스나인오피스텔,마곡동,758-4,25.29,,2000,80,6,18,2016,신규,26.07~27.07,,,,,
마곡동,202605,오피스텔_전월세,마곡경동미르웰,마곡동,784,23.83,,1000,75,5,7,2015,신규,26.05~27.05,,,,,
염창동,202605,오피스텔_전월세,맥시하우스,염창동,241-11,15.6,,3000,60,7,18,2018,갱신,26.06~27.06,3000.0,57.0,,,
방화동,202605,오피스텔_전월세,마곡누리,방화동,256-2,28.8,,26000,0,9,19,2022,신규,26.06~28.06,,,,,
등촌동,202605,오피스텔_전월세,강서메트로칸,등촌동,656-52,19.29,,10800,6,3,8,2013,신규,26.06~28.06,,,,,
마곡동,202605,오피스텔_전월세,미르웰플러스오피스텔,마곡동,784-4,19.46,,500,70,6,8,2015,신규,26.05~27.05,,,,,
등촌동,202605,오피스텔_전월세,등촌2차 크라운팰리스,등촌동,641-2,27.9,,24300,13,4,17,2020,갱신,26.05~28.05,23700.0,10.0,,,
마곡동,202605,오피스텔_전월세,마곡오드카운티2차,마곡동,784-9,17.36,,1000,65,9,19,,신규,26.05~27.05,,,,,
염창동,202605,오피스텔_전월세,등촌노블레르,염창동,242-5,27.64,,22800,0,2,9,2020,갱신,26.05~28.05,23600.0,,,,
등촌동,202605,오피스텔_전월세,등촌동 Y HAUS 오피스텔,등촌동,633-24,29.07,,2000,100,10,13,2020,갱신,26.07~27.07,2000.0,95.0,사용,,
화곡동,202605,오피스텔_전월세,자하클래식,화곡동,24-39,15.88,,11500,0,9,19,2018,갱신,26.05~28.02,12000.0,,,,
마곡동,202605,오피스텔_전월세,마곡역센트럴푸르지오시티,마곡동,773-1,23,,3000,70,12,1,2016,갱신,26.05~27.05,3000.0,65.0,,,
가양동,202605,오피스텔_전월세,이스타빌2차,가양동,1480-1,32.8,,13500,10,8,19,2003,신규,26.06~28.06,,,,,
등촌동,202605,오피스텔_전월세,동양하우징,등촌동,721,34.88,,26000,0,3,15,2019,갱신,26.05~28.05,25300.0,,,,
염창동,202605,오피스텔_전월세,리젠펠리스오피스텔,염창동,253-2,27.49,,18000,0,3,15,2014,신규,26.06~28.06,,,,,
방화동,202605,오피스텔_전월세,(620-214),방화동,620-214,27.37,,9000,20,13,18,2011,신규,26.08~28.08,,,,,
등촌동,202605,오피스텔_전월세,등촌동 Y HAUS 오피스텔,등촌동,633-24,29.07,,24750,7,11,18,2020,신규,26.06~28.06,,,,,
마곡동,202605,오피스텔_전월세,마곡럭스나인오피스텔 엘동,마곡동,758-1,21.87,,500,76,8,18,2017,갱신,26.07~28.07,500.0,73.0,,,
마곡동,202605,오피스텔_전월세,마곡역센트럴푸르지오시티,마곡동,773-1,23,,3000,68,6,15,2016,갱신,26.05~27.05,3000.0,65.0,,,
마곡동,202605,오피스텔_전월세,마곡일성트루엘플래닛,마곡동,758-2,21.43,,13300,13,3,18,2016,신규,26.06~28.06,,,,,
등촌동,202605,오피스텔_전월세,(115-6),등촌동,828,13.92,,1500,63,6,7,2020,갱신,26.05~27.05,1000.0,61.0,,,
마곡동,202605,오피스텔_전월세,마곡 헤리움1차,마곡동,739-4,24.07,,13700,15,6,16,2015,신규,26.06~28.06,,,,,
화곡동,202605,오피스텔_전월세,혜성오피스텔,화곡동,916-7,28.84,,3000,85,12,8,2021,신규,26.05~28.05,,,,,
방화동,202605,오피스텔_전월세,방화샤르망2오피스텔,방화동,830-5,17.64,,500,38,10,14,2003,신규,26.05~27.05,,,,,
등촌동,202605,오피스텔_전월세,호성스카이오피스텔,등촌동,847,26.79,,22500,0,12,13,2020,신규,26.06~28.06,,,,,
마곡동,202605,오피스텔_전월세,마곡나루역보타닉푸르지오시티,마곡동,760,22.17,,1000,80,11,18,2017,신규,26.05~27.05,,,,,
등촌동,202605,오피스텔_전월세,강변샤르망2단지,등촌동,628-32,63.16,,5000,110,4,18,2005,갱신,26.06~28.06,5000.0,95.0,,,
마곡동,202605,오피스텔_전월세,힐스테이트에코동익,마곡동,773-3,24.57,,1000,84,12,5,2017,갱신,26.05~27.05,1000.0,80.0,사용,,
마곡동,202605,오피스텔_전월세,미르웰플러스오피스텔,마곡동,784-4,19.46,,500,70,9,18,2015,신규,26.06~27.06,,,,,
화곡동,202605,오피스텔_전월세,(900-30),화곡동,900-30,23.42,,1000,50,2,18,2003,신규,26.05~28.05,,,,,
화곡동,202605,오피스텔_전월세,(46-217),화곡동,46-217,31.28,,500,50,4,18,1997,신규,26.05~27.05,,,,,
마곡동,202605,오피스텔_전월세,마곡헤리움2차,마곡동,758-3,22.51,,1000,75,2,13,2016,신규,26.05~27.05,,,,,
등촌동,202605,오피스텔_전월세,등촌투웨니퍼스트2차,등촌동,633-17,29.68,,21000,20,3,15,2016,신규,26.06~28.06,,,,,
마곡동,202605,오피스텔_전월세,마곡아이파크,마곡동,795-2,36.47,,28600,0,10,15,2016,갱신,26.06~28.06,27300.0,,,,
가양동,202605,오피스텔_전월세,휴먼빌,가양동,1479-9,25.64,,3000,45,14,7,2004,신규,26.05~27.05,,,,,
가양동,202605,오피스텔_전월세,이스타빌1차,가양동,1480-5,30.24,,1000,60,11,15,2002,신규,26.06~27.06,,,,,
방화동,202605,오피스텔_전월세,에어뷰21-2오피스텔,방화동,830-1,26.22,,500,39,12,18,1999,갱신,26.06~27.06,500.0,37.0,사용,,
등촌동,202605,오피스텔_전월세,한빛어반뉴스토리,등촌동,656-37,27.31,,21370,0,12,7,2017,신규,26.07~28.07,,,,,
마곡동,202605,오피스텔_전월세,마곡럭스나인오피스텔,마곡동,758-4,21.87,,1000,75,4,18,2016,신규,26.06~27.06,,,,,
마곡동,202605,오피스텔_전월세,힐스테이트 에코 마곡역,마곡동,773,19.87,,1000,77,14,9,2017,신규,26.05~27.05,,,,,
마곡동,202605,오피스텔_전월세,마곡역센트럴푸르지오시티,마곡동,773-1,23,,1000,80,12,16,2016,갱신,26.06~27.06,1000.0,75.0,,,
화곡동,202605,오피스텔_전월세,브릴리언트 화곡,화곡동,905-11,29.99,,1000,120,12,2,2022,신규,26.05~27.05,,,,,
등촌동,202605,오피스텔_전월세,The ZAHA,등촌동,565-5,25.37,,5000,103,5,15,2021,신규,26.05~28.05,,,,,
마곡동,202605,오피스텔_전월세,힐스테이트에코 마곡나루역 라마다앙코르 서울마곡,마곡동,760-1,20.84,,1000,78,10,15,2017,신규,26.05~27.05,,,,,
마곡동,202605,오피스텔_전월세,아르디에,마곡동,784-13,18.59,,4000,49,7,15,2015,갱신,26.07~27.07,4000.0,46.0,,,
화곡동,202605,오피스텔_전월세,세명 더블라썸,화곡동,1063-10,26.73,,20300,10,11,15,2019,신규,26.06~28.06,,,,,
방화동,202605,오피스텔_전월세,벤처오피스텔,방화동,621-2,22.94,,7500,0,2,14,2003,갱신,26.05~28.05,8200.0,,,,
마곡동,202605,오피스텔_전월세,마곡 헤리움1차,마곡동,739-4,24.07,,2000,68,14,6,2015,신규,26.06~27.06,,,,,
마곡동,202605,오피스텔_전월세,마곡 파크뷰 대방디엠시티 오피스텔,마곡동,776,26.68,,17000,25,10,15,2019,갱신,26.06~27.06,20000.0,9.0,,,
마곡동,202605,오피스텔_전월세,마곡일성트루엘플래닛,마곡동,758-2,21.27,,3000,68,6,16,2016,신규,26.06~27.06,,,,,
마곡동,202605,오피스텔_전월세,마곡나루역보타닉푸르지오시티,마곡동,760,22.2,,1000,69,5,1,2017,갱신,26.05~27.05,1000.0,66.0,,,
염창동,202605,오피스텔_전월세,원호엘리시온 오피스텔,염창동,267-20,37.63,,11100,25,5,15,2003,신규,26.06~28.06,,,,,
염창동,202605,오피스텔_전월세,맥시하우스,염창동,241-11,15.6,,4000,55,4,15,2018,갱신,26.06~27.06,1000.0,65.0,,,
마곡동,202605,오피스텔_전월세,미르웰플러스오피스텔,마곡동,784-4,19.46,,500,65,3,17,2015,갱신,26.05~27.05,500.0,63.0,,,
마곡동,202605,오피스텔_전월세,아르디에,마곡동,784-13,18.59,,500,68,5,9,2015,신규,26.06~27.06,,,,,
마곡동,202605,오피스텔_전월세,마곡사이언스파크뷰,마곡동,795-5,22.07,,1000,70,6,11,2016,신규,26.05~27.05,,,,,
등촌동,202605,오피스텔_전월세,도원더52,등촌동,565-6,29.05,,15000,55,8,15,2022,신규,26.07~28.07,,,,,
화곡동,202605,오피스텔_전월세,(27-10),화곡동,27-10,32.48,,8150,25,4,18,1996,신규,26.06~28.06,,,,,
등촌동,202605,오피스텔_전월세,경동미르웰한올림,등촌동,656,16.19,,500,70,11,12,2016,신규,26.05~27.05,,,,,
마곡동,202605,오피스텔_전월세,마곡사이언스파크뷰,마곡동,795-5,22.07,,1000,76,8,1,2016,신규,26.05~27.05,,,,,
등촌동,202605,오피스텔_전월세,더 퍼스트 가양,등촌동,639-6,28.08,,29000,0,3,16,2023,신규,26.07~28.07,,,,,
마곡동,202605,오피스텔_전월세,힐스테이트에코 마곡나루역 라마다앙코르 서울마곡,마곡동,760-1,20.84,,14192,0,7,15,2017,갱신,26.06~27.06,13517.0,,,,
등촌동,202605,오피스텔_전월세,(115-6),등촌동,828,13.92,,15435,0,5,16,2020,갱신,26.07~28.07,15435.0,,사용,,
마곡동,202605,오피스텔_전월세,마곡나루역보타닉푸르지오시티,마곡동,760,22.17,,17100,13,6,16,2017,갱신,26.06~28.06,17100.0,10.0,,,
방화동,202605,오피스텔_전월세,마곡그랑시엘,방화동,613-2,25.87,,500,68,3,5,2021,신규,26.05~27.05,,,,,
마곡동,202605,오피스텔_전월세,힐스테이트에코 마곡나루역 라마다앙코르 서울마곡,마곡동,760-1,21.61,,15600,6,3,16,2017,신규,26.07~27.07,,,,,
마곡동,202605,오피스텔_전월세,마곡럭스나인오피스텔,마곡동,758-4,21.87,,14500,10,6,7,2016,신규,26.06~28.06,,,,,
등촌동,202605,오피스텔_전월세,비원오피스텔,등촌동,648-6,36.99,,1000,70,11,11,2004,신규,26.07~27.07,,,,,
마곡동,202605,오피스텔_전월세,마곡센트럴대방디엠시티오피스텔,마곡동,776-2,29.48,,19800,4,11,15,2017,신규,26.07~28.07,,,,,
마곡동,202605,오피스텔_전월세,마곡센트럴대방디엠시티오피스텔,마곡동,776-2,30.84,,20000,10,14,16,2017,신규,26.07~28.07,,,,,
화곡동,202605,오피스텔_전월세,SJ라벨라,화곡동,1111,22.37,,18600,0,3,16,2020,갱신,26.05~28.05,17910.0,,,,
등촌동,202605,오피스텔_전월세,더 퍼스트 가양,등촌동,639-6,22.5,,23000,0,4,16,2023,갱신,26.06~28.06,23000.0,,,,
마곡동,202605,오피스텔_전월세,마곡 파크뷰 대방디엠시티 오피스텔,마곡동,776,21.25,,1000,67,3,15,2019,갱신,26.06~27.06,1000.0,64.0,,,
가양동,202605,오피스텔_전월세,마곡보타닉투웨니퍼스트,가양동,257-1,28.33,,13700,50,13,15,2020,신규,26.05~28.05,,,,,
마곡동,202605,오피스텔_전월세,마곡나루역보타닉푸르지오시티,마곡동,760,22.2,,1000,80,12,16,2017,신규,26.05~27.05,,,,,
등촌동,202605,오피스텔_전월세,센트럴시티,등촌동,656-57,14.84,,13000,15,9,15,2020,신규,26.07~28.07,,,,,
화곡동,202605,오피스텔_전월세,강서파크뷰 투웨니퍼스트,화곡동,24-18,28.15,,20000,0,6,15,2020,갱신,26.07~28.07,20000.0,,,,
염창동,202605,오피스텔_전월세,염창역한강투웨니퍼스트,염창동,261,29.98,,25500,15,4,16,2022,신규,26.06~28.06,,,,,
마곡동,202605,오피스텔_전월세,마곡나루역캐슬파크,마곡동,760-2,23.39,,16800,21,7,5,2016,신규,26.06~28.06,,,,,
방화동,202605,오피스텔_전월세,신마곡벽산블루밍,방화동,904,46.89,,34000,0,14,15,2020,신규,26.07~28.07,,,,,
방화동,202605,오피스텔_전월세,라센트로,방화동,620-115,44.54,,28000,0,9,15,2022,신규,26.06~28.06,,,,,
방화동,202605,오피스텔_전월세,경동화인시티,방화동,612-2,19.44,,500,45,2,1,2010,신규,26.05~27.04,,,,,
마곡동,202605,오피스텔_전월세,마곡나루역보타닉푸르지오시티,마곡동,760,22.2,,1000,80,9,14,2017,신규,26.07~27.07,,,,,
등촌동,202605,오피스텔_전월세,효성인텔리안,등촌동,681-3,75.77,,8000,130,11,13,2005,신규,26.08~28.08,,,,,
마곡동,202605,오피스텔_전월세,벨리오,마곡동,784-8,20.58,,12600,19,8,14,2015,신규,26.06~28.06,,,,,
마곡동,202605,오피스텔_전월세,마곡아이파크,마곡동,795-2,23.82,,15300,17,13,12,2016,신규,26.07~28.07,,,,,
마곡동,202605,오피스텔_전월세,마곡럭스나인오피스텔 엘동,마곡동,758-1,21.87,,3000,66,5,14,2017,신규,26.05~27.05,,,,,
마곡동,202605,오피스텔_전월세,마곡오드카운티1차,마곡동,784-11,16.57,,3000,55,8,15,2016,신규,26.05~27.05,,,,,
화곡동,202605,오피스텔_전월세,두선빌 오피스텔,화곡동,1075-15,22.54,,500,45,2,13,2002,신규,26.05~28.05,,,,,
등촌동,202605,오피스텔_전월세,(115-6),등촌동,828,13.92,,14800,3,4,15,2020,갱신,26.07~28.07,14800.0,,사용,,
공항동,202605,오피스텔_전월세,크라운타워,공항동,72-20,28.34,,2000,88,6,15,2024,신규,26.07~28.07,,,,,
등촌동,202605,오피스텔_전월세,(115-6),등촌동,828,13.92,,1000,68,6,15,2020,신규,26.05~27.05,,,,,
화곡동,202605,오피스텔_전월세,(24-106),화곡동,24-106,24.89,,20000,0,8,7,2021,신규,26.06~28.06,,,,,
화곡동,202605,오피스텔_전월세,자하클래식,화곡동,24-39,15.88,,12400,0,7,9,2018,신규,26.06~28.06,,,,,
화곡동,202605,오피스텔_전월세,미래안포레,화곡동,1105,20.83,,19000,0,20,15,2022,신규,26.07~28.07,,,,,
마곡동,202605,오피스텔_전월세,힐스테이트에코동익,마곡동,773-3,25.26,,18000,0,9,14,2017,갱신,26.05~28.05,18900.0,,,,
화곡동,202605,오피스텔_전월세,화성오피스텔,화곡동,29-45,23.01,,500,48,6,6,2003,신규,26.05~28.05,,,,,
마곡동,202605,오피스텔_전월세,마곡나루역보타닉푸르지오시티,마곡동,760,22.2,,17100,3,14,11,2017,갱신,26.06~28.06,17100.0,,사용,,
등촌동,202605,오피스텔_전월세,길훈엔트런스빌,등촌동,78-7,27.29,,1000,72,12,15,2004,신규,26.05~27.05,,,,,
마곡동,202605,오피스텔_전월세,벨리오,마곡동,784-8,20.58,,7000,36,7,1,2015,신규,26.05~27.05,,,,,
마곡동,202605,오피스텔_전월세,마곡일성트루엘플래닛,마곡동,758-2,21.43,,13300,15,10,15,2016,신규,26.07~28.07,,,,,
등촌동,202605,오피스텔_전월세,석경트라움,등촌동,636-35,41.37,,28800,8,2,14,2015,신규,26.07~28.07,,,,,
화곡동,202605,오피스텔_전월세,리치아파트 103동,화곡동,924-22,32.4,,22000,0,3,12,2020,갱신,26.06~28.06,21500.0,,,,
화곡동,202605,오피스텔_전월세,해평스퀘어,화곡동,922-11,21.54,,12000,25,4,7,2018,신규,26.06~28.06,,,,,
염창동,202605,오피스텔_전월세,팔레시움,염창동,283-2,18.14,,1000,53,3,13,2012,신규,26.06~27.06,,,,,
마곡동,202605,오피스텔_전월세,마곡오드카운티2차,마곡동,784-9,17.36,,11925,10,5,12,,갱신,26.07~28.07,12100.0,7.0,사용,,
마곡동,202605,오피스텔_전월세,세종보타닉1차,마곡동,12-2,29.98,,21000,0,2,15,2020,갱신,26.06~28.06,21000.0,,,,
염창동,202605,오피스텔_전월세,에이치밸리움2차,염창동,274-2,35.89,,300,150,9,15,2021,신규,26.05~26.09,,,,,
공항동,202605,오피스텔_전월세,크라운타워,공항동,72-20,26.61,,2000,89,8,11,2024,신규,26.05~28.05,,,,,
마곡동,202605,오피스텔_전월세,마곡헤리움2차,마곡동,758-3,22.51,,15700,0,5,13,2016,갱신,26.05~27.05,15000.0,,,,
등촌동,202605,오피스텔_전월세,베르데하우스,등촌동,641-8,27.9,,24350,0,6,15,2021,갱신,26.05~28.05,24350.0,,,,
마곡동,202605,오피스텔_전월세,스카이오피스텔,마곡동,784-3,30,,18270,15,10,11,2016,갱신,26.06~28.06,18270.0,10.0,,,
마곡동,202605,오피스텔_전월세,힐스테이트에코 마곡나루역 라마다앙코르 서울마곡,마곡동,760-1,20.1,,500,80,14,1,2017,신규,26.05~27.05,,,,,
등촌동,202605,오피스텔_전월세,삼부르네상스,등촌동,75-1,63.86,,34001,0,2,15,2004,갱신,26.06~26.10,34000.0,,사용,,
마곡동,202605,오피스텔_전월세,마곡나루역캐슬파크,마곡동,760-2,23.39,,1000,84,9,15,2016,갱신,26.06~27.06,1000.0,80.0,,,
마곡동,202605,오피스텔_전월세,힐스테이트에코 마곡나루역 라마다앙코르 서울마곡,마곡동,760-1,20.84,,500,74,5,11,2017,갱신,26.06~27.06,500.0,71.0,,,
화곡동,202605,오피스텔_전월세,SJ라벨라,화곡동,1111,17.54,,1000,64,6,12,2020,갱신,26.06~27.06,1000.0,61.0,,,
등촌동,202605,오피스텔_전월세,경동미르웰양천향교2차,등촌동,685,29.68,,23400,13,7,15,2020,신규,26.06~28.06,,,,,
화곡동,202605,오피스텔_전월세,강서구청 파크뷰 에버,화곡동,987-1,15.43,,12960,0,6,15,2020,신규,26.06~28.06,,,,,
마곡동,202605,오피스텔_전월세,마곡일성트루엘플래닛,마곡동,758-2,21.27,,1000,61,9,12,2016,갱신,26.05~27.05,1000.0,58.0,,,
마곡동,202605,오피스텔_전월세,마곡센트럴대방디엠시티오피스텔,마곡동,776-2,30.84,,1000,97,6,4,2017,신규,26.05~27.05,,,,,
가양동,202605,오피스텔_전월세,마곡크리스아크,가양동,250-1,32.48,,30000,0,11,15,2021,신규,26.06~28.06,,,,,
마곡동,202605,오피스텔_전월세,마곡럭스나인오피스텔 엘동,마곡동,758-1,21.87,,2000,76,8,11,2017,갱신,26.06~27.06,2000.0,73.0,,,
가양동,202605,오피스텔_전월세,마곡보타닉투웨니퍼스트,가양동,257-1,28.33,,24150,0,7,7,2020,신규,26.07~28.07,,,,,
마곡동,202605,오피스텔_전월세,우성르보아투,마곡동,739-2,20.24,,500,62,7,12,2015,갱신,26.05~27.05,500.0,56.0,,,
화곡동,202605,오피스텔_전월세,세명 더블라썸,화곡동,1063-10,34.65,,25000,10,12,14,2019,갱신,26.06~28.06,25000.0,10.0,사용,,
등촌동,202605,오피스텔_전월세,유원더블레스,등촌동,637-27,21.49,,22300,3,6,12,2020,갱신,26.08~28.08,22000.0,,,,
마곡동,202605,오피스텔_전월세,마곡나루역보타닉푸르지오시티,마곡동,760,22.2,,100,100,14,13,2017,신규,26.05~26.06,,,,,
가양동,202605,오피스텔_전월세,이스타빌2차,가양동,1480-1,30.6,,12150,3,5,13,2003,갱신,26.06~28.06,12000.0,,,,
마곡동,202605,오피스텔_전월세,우성르보아투,마곡동,739-2,20.24,,500,65,11,6,2015,갱신,26.06~27.06,500.0,62.0,,,
화곡동,202605,오피스텔_전월세,스위트132드림하우스,화곡동,900-32,18.6,,10000,17,3,11,2013,신규,26.06~28.06,,,,,
마곡동,202605,오피스텔_전월세,마곡 헤리움1차,마곡동,739-4,24.07,,13500,0,9,13,2015,갱신,26.05~28.05,10000.0,,,,
방화동,202605,오피스텔_전월세,마곡누리,방화동,256-2,28.8,,30000,0,4,13,2022,신규,26.06~28.06,,,,,
화곡동,202605,오피스텔_전월세,킹덤그레이스,화곡동,111-84,38.55,,22300,10,2,13,2018,신규,26.06~28.06,,,,,
마곡동,202605,오피스텔_전월세,마곡센트럴대방디엠시티오피스텔,마곡동,776-2,24.02,,1000,73,10,5,2017,신규,26.05~27.05,,,,,
마곡동,202605,오피스텔_전월세,마곡럭스나인오피스텔 엘동,마곡동,758-1,21.87,,14500,13,3,9,2017,신규,26.06~28.06,,,,,
마곡동,202605,오피스텔_전월세,마곡헤리움2차,마곡동,758-3,22.51,,1000,75,3,1,2016,갱신,26.06~27.06,1000.0,73.0,,,
공항동,202605,오피스텔_전월세,크라운타워,공항동,72-20,28.34,,1000,88,8,14,2024,신규,26.09~28.09,,,,,
마곡동,202605,오피스텔_전월세,마곡나루역보타닉푸르지오시티,마곡동,760,32.88,,26800,5,6,3,2017,갱신,26.06~27.06,26800.0,,,,
마곡동,202605,오피스텔_전월세,엠코지니어스타,마곡동,776-4,24.81,,1000,69,5,6,2015,신규,26.06~27.06,,,,,
등촌동,202605,오피스텔_전월세,등촌투웨니퍼스트2차,등촌동,633-17,29.68,,21000,20,3,14,2016,신규,26.06~28.06,,,,,
등촌동,202605,오피스텔_전월세,메종드NK,등촌동,649-13,36.46,,3000,130,5,6,2021,신규,26.07~28.07,,,,,
마곡동,202605,오피스텔_전월세,마곡나루역보타닉푸르지오시티,마곡동,760,21.89,,17100,0,7,13,2017,신규,26.07~27.07,,,,,
마곡동,202605,오피스텔_전월세,마곡나루역캐슬파크,마곡동,760-2,23.39,,3000,80,7,9,2016,신규,26.05~27.05,,,,,
등촌동,202605,오피스텔_전월세,투웨니퍼스트1차,등촌동,634-10,29.74,,20000,26,10,13,,신규,26.06~28.06,,,,,
마곡동,202605,오피스텔_전월세,스카이오피스텔,마곡동,784-3,17.52,,12400,0,7,8,2016,갱신,26.06~28.06,12400.0,,,,
등촌동,202605,오피스텔_전월세,경동미르웰양천향교2차,등촌동,685,29.68,,23400,15,11,13,2020,신규,26.07~28.07,,,,,
화곡동,202605,오피스텔_전월세,경동엠파이어시티 101동,화곡동,1051-1,15.63,,9800,5,11,6,2013,신규,26.06~28.06,,,,,
등촌동,202605,오피스텔_전월세,아이디움,등촌동,656-36,17.31,,8600,8,10,11,2014,신규,26.06~27.06,,,,,
화곡동,202605,오피스텔_전월세,한양 더챔버,화곡동,1064,52.67,,5000,200,3,10,2024,신규,26.05~27.05,,,,,
마곡동,202605,오피스텔_전월세,마곡시티오피스텔,마곡동,758,22.51,,1000,77,7,13,2016,신규,26.06~27.06,,,,,
마곡동,202605,오피스텔_전월세,마곡일성트루엘플래닛,마곡동,758-2,21.43,,1000,77,6,13,2016,신규,26.05~27.05,,,,,
등촌동,202605,오피스텔_전월세,우림보보카운티뷰,등촌동,649-14,25.17,,12000,33,12,9,2004,신규,26.06~28.06,,,,,
등촌동,202605,오피스텔_전월세,더프라임,등촌동,649-12,28.33,,35000,0,5,12,2022,신규,26.06~28.06,,,,,
등촌동,202605,오피스텔_전월세,등촌2차 크라운팰리스,등촌동,641-2,27.9,,25700,7,10,13,2020,신규,26.07~28.07,,,,,
마곡동,202605,오피스텔_전월세,마곡역센트럴푸르지오시티,마곡동,773-1,23.65,,100,75,4,9,2016,신규,26.05~27.05,,,,,
가양동,202605,오피스텔_전월세,가양글로벌퍼스트,가양동,448-11,28.12,,21600,0,2,6,2018,갱신,26.06~28.06,20600.0,,사용,,
등촌동,202605,오피스텔_전월세,경동미르웰양천향교2차,등촌동,685,29.68,,25200,0,12,11,2020,갱신,26.05~28.05,25200.0,,,,
마곡동,202605,오피스텔_전월세,마곡 파크뷰 대방디엠시티 오피스텔,마곡동,776,21.02,,1000,77,7,11,2019,갱신,26.05~27.05,1000.0,75.0,,,
마곡동,202605,오피스텔_전월세,마곡 파크뷰 대방디엠시티 오피스텔,마곡동,776,26.68,,3000,78,9,5,2019,신규,26.05~27.05,,,,,
마곡동,202605,오피스텔_전월세,마곡럭스나인오피스텔 엘동,마곡동,758-1,21.87,,14000,15,11,1,2017,갱신,26.05~27.05,14600.0,10.0,,,
마곡동,202605,오피스텔_전월세,마곡나루역캐슬파크,마곡동,760-2,23.39,,1000,90,4,13,2016,신규,26.07~28.07,,,,,
화곡동,202605,오피스텔_전월세,글로벌MJ9,화곡동,982-11,20.33,,1000,70,8,1,2024,신규,26.06~27.06,,,,,
마곡동,202605,오피스텔_전월세,마곡 파크뷰 대방디엠시티 오피스텔,마곡동,776,21.25,,1000,80,11,6,2019,신규,26.05~27.05,,,,,
화곡동,202605,오피스텔_전월세,연우넥스트파크뷰,화곡동,1110,15.29,,5000,45,12,12,2019,신규,26.05~27.05,,,,,
화곡동,202605,오피스텔_전월세,제이투리더스뷰 2차,화곡동,1097-5,28.11,,25000,0,10,11,2022,신규,26.07~28.07,,,,,
등촌동,202605,오피스텔_전월세,우림보보카운티뷰,등촌동,649-14,25.17,,12000,35,10,9,2004,신규,26.06~28.06,,,,,
마곡동,202605,오피스텔_전월세,필네이처,마곡동,795-1,22.16,,1000,76,14,11,2016,신규,26.05~27.05,,,,,
마곡동,202605,오피스텔_전월세,마곡나루역보타닉푸르지오시티,마곡동,760,22.2,,15700,20,12,5,2017,갱신,26.06~28.06,15700.0,,사용,,
마곡동,202605,오피스텔_전월세,마곡경동미르웰,마곡동,784,17.96,,500,67,4,9,2015,신규,26.06~27.06,,,,,
마곡동,202605,오피스텔_전월세,마곡럭스나인오피스텔 엘동,마곡동,758-1,25.29,,1000,85,3,12,2017,신규,26.05~27.05,,,,,
가양동,202605,오피스텔_전월세,마곡보타닉투웨니퍼스트,가양동,257-1,28.33,,24300,10,9,12,2020,신규,26.06~28.06,,,,,
마곡동,202605,오피스텔_전월세,마곡럭스나인오피스텔,마곡동,758-4,25.29,,17500,20,5,11,2016,신규,26.06~28.06,,,,,
마곡동,202605,오피스텔_전월세,마곡센트럴대방디엠시티오피스텔,마곡동,776-2,24.02,,500,78,6,12,2017,갱신,26.06~27.06,500.0,75.0,,,
염창동,202605,오피스텔_전월세,목동더채움,염창동,262-5,61.87,,55000,0,13,12,2023,신규,26.06~28.06,,,,,
마곡동,202605,오피스텔_전월세,유림트윈파크,마곡동,793,19.99,,11500,15,10,12,2015,신규,26.06~28.06,,,,,
마곡동,202605,오피스텔_전월세,마곡 파크뷰 대방디엠시티 오피스텔,마곡동,776,21.25,,5000,62,9,4,2019,갱신,26.07~27.07,5000.0,63.0,,,
방화동,202605,오피스텔_전월세,방화샤르망2오피스텔,방화동,830-5,17.64,,500,38,11,5,2003,신규,26.05~27.05,,,,,
마곡동,202605,오피스텔_전월세,엠코지니어스타,마곡동,776-4,22.95,,500,67,6,11,2015,갱신,26.06~27.06,500.0,64.0,,,
마곡동,202605,오피스텔_전월세,마곡럭스나인오피스텔,마곡동,758-4,25.29,,6900,49,12,11,2016,신규,26.06~28.06,,,,,
마곡동,202605,오피스텔_전월세,힐스테이트에코동익,마곡동,773-3,24.57,,18270,4,12,12,2017,갱신,26.06~27.06,18400.0,,사용,,
마곡동,202605,오피스텔_전월세,마곡럭스나인오피스텔,마곡동,758-4,21.87,,14500,10,3,11,2016,신규,26.06~28.06,,,,,
화곡동,202605,오피스텔_전월세,우장산투웨니퍼스트,화곡동,72-3,38.67,,21900,0,17,10,2018,신규,26.07~28.07,,,,,
가양동,202605,오피스텔_전월세,가양글로벌퍼스트,가양동,448-11,28.12,,22050,20,11,6,2018,갱신,26.07~28.07,22050.0,15.0,사용,,
화곡동,202605,오피스텔_전월세,리치아파트 105동,화곡동,925-15,23.58,,17100,0,9,12,2021,신규,26.06~28.06,,,,,
화곡동,202605,오피스텔_전월세,(908-4),화곡동,908-4,26.43,,7300,0,5,10,2004,갱신,26.06~28.05,7200.0,,,,
등촌동,202605,오피스텔_전월세,삼부르네상스,등촌동,75-1,52.05,,4000,108,13,12,2004,신규,26.06~28.06,,,,,
마곡동,202605,오피스텔_전월세,마곡에비앙,마곡동,793-3,18.97,,3000,55,2,6,2015,신규,26.05~27.05,,,,,
화곡동,202605,오피스텔_전월세,강서구청 파크뷰 에버,화곡동,987-1,15.43,,12960,0,9,12,2020,신규,26.06~28.06,,,,,
화곡동,202605,오피스텔_전월세,연우넥스트파크뷰,화곡동,1110,15.29,,13500,10,15,4,2019,신규,26.06~28.06,,,,,
마곡동,202605,오피스텔_전월세,미르웰플러스오피스텔,마곡동,784-4,19.46,,500,64,6,7,2015,신규,26.05~27.05,,,,,
등촌동,202605,오피스텔_전월세,호성스카이오피스텔,등촌동,847,26.79,,21500,0,4,11,2020,신규,26.07~28.07,,,,,
등촌동,202605,오피스텔_전월세,강서메트로칸,등촌동,656-52,17.34,,10200,0,13,7,2013,신규,26.06~28.06,,,,,
마곡동,202605,오피스텔_전월세,아르디에,마곡동,784-13,18.59,,500,68,4,4,2015,신규,26.05~27.05,,,,,
등촌동,202605,오피스텔_전월세,루나클래식,등촌동,630-4,29.73,,26000,0,4,12,2021,신규,26.07~28.07,,,,,
화곡동,202605,오피스텔_전월세,강서크라운팰리스,화곡동,998-5,29.98,,2000,105,10,12,2019,신규,26.05~28.05,,,,,
마곡동,202605,오피스텔_전월세,스카이오피스텔,마곡동,784-3,17.52,,12400,0,6,7,2016,신규,26.06~28.06,,,,,
염창동,202605,오피스텔_전월세,하우스B,염창동,282-24,19.12,,1000,79,4,1,2022,신규,26.05~27.05,,,,,
마곡동,202605,오피스텔_전월세,힐스테이트에코동익,마곡동,773-3,24.57,,18000,2,13,11,2017,신규,26.05~27.05,,,,,
마곡동,202605,오피스텔_전월세,마곡에비앙,마곡동,793-3,18.97,,1000,65,7,12,2015,갱신,26.06~27.06,1000.0,61.0,,,
방화동,202605,오피스텔_전월세,방화샤르망1오피스텔,방화동,830-3,24.9,,7250,0,8,6,2003,신규,26.06~28.06,,,,,
마곡동,202605,오피스텔_전월세,마곡사이언스파크뷰,마곡동,795-5,30.56,,18000,10,11,9,2016,신규,26.06~28.06,,,,,
마곡동,202605,오피스텔_전월세,마곡일성트루엘플래닛,마곡동,758-2,21.43,,1000,75,10,11,2016,갱신,26.06~27.06,1000.0,75.0,,,
공항동,202605,오피스텔_전월세,크라운타워,공항동,72-20,28.43,,2000,108,13,11,2024,신규,26.05~27.05,,,,,
마곡동,202605,오피스텔_전월세,힐스테이트에코마곡,마곡동,797-14,24.09,,16875,13,12,11,2016,신규,26.05~28.05,,,,,
마곡동,202605,오피스텔_전월세,엠코지니어스타,마곡동,776-4,23.84,,15660,15,8,9,2015,신규,26.06~28.06,,,,,
마곡동,202605,오피스텔_전월세,스카이오피스텔,마곡동,784-3,17.52,,9450,15,4,11,2016,신규,26.06~28.06,,,,,
화곡동,202605,오피스텔_전월세,(900-30),화곡동,900-30,20.6,,3000,45,5,9,2003,신규,26.05~28.05,,,,,
화곡동,202605,오피스텔_전월세,삼성다빈치,화곡동,917-14,18.9,,500,60,4,5,2015,신규,26.05~28.05,,,,,
등촌동,202605,오피스텔_전월세,아줄리움,등촌동,637-16,33,,3000,115,2,7,2019,신규,26.05~27.05,,,,,
마곡동,202605,오피스텔_전월세,마곡역센트럴푸르지오시티,마곡동,773-1,23,,1000,80,10,8,2016,신규,26.05~27.05,,,,,
방화동,202605,오피스텔_전월세,벽산에어트리움,방화동,849,28.03,,1000,50,4,8,2003,신규,26.06~27.06,,,,,
염창동,202605,오피스텔_전월세,시원트레벨,염창동,266-18,86.12,,5000,130,4,10,2003,신규,26.06~28.06,,,,,
화곡동,202605,오피스텔_전월세,(901-5),화곡동,901-5,20.94,,500,65,4,5,2012,신규,26.05~28.05,,,,,
등촌동,202605,오피스텔_전월세,투웨니퍼스트1차,등촌동,634-10,29.74,,5000,68,4,9,,갱신,26.08~28.08,6000.0,60.0,,,
등촌동,202605,오피스텔_전월세,등촌동 Y HAUS 오피스텔,등촌동,633-24,29.07,,24750,0,7,8,2020,신규,26.06~28.06,,,,,
화곡동,202605,오피스텔_전월세,미래안포레,화곡동,1105,20.33,,19500,0,17,11,2022,갱신,26.06~28.06,19500.0,,,,
화곡동,202605,오피스텔_전월세,세림아파트,화곡동,917-4,76.07,,27900,0,2,10,2016,갱신,26.06~28.06,27200.0,,사용,,
등촌동,202605,오피스텔_전월세,경동미르웰한올림,등촌동,656-1,17.99,,1000,63,3,1,2016,갱신,26.05~27.05,1000.0,60.0,,,
마곡동,202605,오피스텔_전월세,마곡 파크뷰 대방디엠시티 오피스텔,마곡동,776,21.25,,16500,9,8,9,2019,신규,26.05~27.05,,,,,
마곡동,202605,오피스텔_전월세,마곡 파크뷰 대방디엠시티 오피스텔,마곡동,776,21.02,,1000,72,9,5,2019,신규,26.05~27.05,,,,,
화곡동,202605,오피스텔_전월세,포유,화곡동,1111-4,17.92,,14000,0,4,8,2018,갱신,26.06~28.06,14000.0,,,,
등촌동,202605,오피스텔_전월세,소미골드타운,등촌동,649-18,38.64,,34000,0,6,11,2023,신규,26.07~28.07,,,,,
가양동,202605,오피스텔_전월세,마곡보타닉투웨니퍼스트,가양동,257-1,28.33,,24000,0,2,8,2020,갱신,26.05~27.05,24000.0,,사용,,
마곡동,202605,오피스텔_전월세,마곡 파크뷰 대방디엠시티 오피스텔,마곡동,776,26.68,,20400,6,7,9,2019,신규,26.06~28.06,,,,,
마곡동,202605,오피스텔_전월세,마곡오드카운티2차,마곡동,784-9,30.37,,21300,15,2,8,,신규,26.05~28.05,,,,,
화곡동,202605,오피스텔_전월세,우장산투웨니퍼스트,화곡동,72-3,29.21,,20000,0,6,11,2018,신규,26.06~28.06,,,,,
가양동,202605,오피스텔_전월세,마곡보타닉투웨니퍼스트,가양동,257-1,28.33,,24000,0,9,4,2020,신규,26.06~28.06,,,,,
마곡동,202605,오피스텔_전월세,마곡럭스나인오피스텔 엘동,마곡동,758-1,21.87,,14500,15,11,6,2017,신규,26.05~27.05,,,,,
마곡동,202605,오피스텔_전월세,미르웰플러스오피스텔,마곡동,784-4,19.46,,12600,0,3,9,2015,신규,26.06~28.06,,,,,
마곡동,202605,오피스텔_전월세,우성르보아투,마곡동,739-2,25.18,,1000,74,10,11,2015,신규,26.05~28.05,,,,,
가양동,202605,오피스텔_전월세,가양글로벌퍼스트,가양동,448-11,28.12,,23000,15,12,11,2018,갱신,26.08~28.08,26000.0,,사용,,
방화동,202605,오피스텔_전월세,라센트로,방화동,620-115,44.54,,2000,120,8,9,2022,신규,26.05~28.05,,,,,
화곡동,202605,오피스텔_전월세,강서구청 파크뷰 에버,화곡동,987-1,15.43,,1000,68,6,11,2020,신규,26.05~27.05,,,,,
마곡동,202605,오피스텔_전월세,마곡나루역보타닉푸르지오시티,마곡동,760,19.65,,14800,0,3,9,2017,갱신,26.06~27.06,14100.0,,,,
마곡동,202605,오피스텔_전월세,벨리오,마곡동,784-8,20.57,,1000,68,6,4,2015,신규,26.05~27.05,,,,,
마곡동,202605,오피스텔_전월세,유림트윈파크,마곡동,793,19.99,,1000,65,7,4,2015,신규,26.05~27.05,,,,,
마곡동,202605,오피스텔_전월세,마곡센트럴대방디엠시티오피스텔,마곡동,776-2,24.02,,1000,80,4,7,2017,신규,26.05~27.05,,,,,
염창동,202605,오피스텔_전월세,염창역한강투웨니퍼스트,염창동,261,29.98,,24300,8,2,6,2022,갱신,26.05~28.05,24300.0,4.0,사용,,
화곡동,202605,오피스텔_전월세,범우데시앙,화곡동,24-81,36.95,,27500,0,6,8,2023,신규,26.06~28.06,,,,,
등촌동,202605,오피스텔_전월세,강변샤르망3단지,등촌동,628-17,63.16,,3000,150,14,9,2005,신규,26.05~28.05,,,,,
마곡동,202605,오피스텔_전월세,마곡나루역보타닉푸르지오시티,마곡동,760,22.35,,17100,0,13,9,2017,갱신,26.07~28.07,17100.0,,,,
마곡동,202605,오피스텔_전월세,마곡경동미르웰,마곡동,784,17.96,,500,68,4,7,2015,갱신,26.06~27.06,500.0,65.0,사용,,
등촌동,202605,오피스텔_전월세,강서메트로칸,등촌동,656-52,18.2,,9900,5,9,3,2013,갱신,26.05~28.05,10800.0,,,,
방화동,202605,오피스텔_전월세,마곡 킹덤 퀸터플,방화동,612-61,25.17,,2000,70,2,10,2020,신규,26.05~28.05,,,,,
가양동,202605,오피스텔_전월세,마곡보타닉투웨니퍼스트,가양동,257-1,28.33,,24300,10,4,8,2020,갱신,26.05~28.05,25900.0,,사용,,
마곡동,202605,오피스텔_전월세,마곡럭스나인오피스텔 엘동,마곡동,758-1,25.29,,1000,88,12,9,2017,갱신,26.07~27.07,1000.0,85.0,사용,,
화곡동,202605,오피스텔_전월세,우장산투웨니퍼스트,화곡동,72-3,29.21,,19500,0,16,8,2018,신규,26.06~28.06,,,,,
화곡동,202605,오피스텔_전월세,엠제이타운,화곡동,981-3,28.83,,19170,0,4,8,2020,신규,26.06~28.06,,,,,
마곡동,202605,오피스텔_전월세,마곡나루역보타닉푸르지오시티,마곡동,760,22.2,,17100,12,9,9,2017,갱신,26.06~28.06,17000.0,10.0,,,
마곡동,202605,오피스텔_전월세,힐스테이트에코 마곡나루역 라마다앙코르 서울마곡,마곡동,760-1,21.5,,1000,75,6,5,2017,신규,26.07~27.07,,,,,
화곡동,202605,오피스텔_전월세,SJ라벨라,화곡동,1111,17.38,,14900,0,10,9,2020,갱신,26.06~28.06,14490.0,,,,
마곡동,202605,오피스텔_전월세,힐스테이트 에코 마곡역,마곡동,773,19.87,,15600,0,9,9,2017,갱신,26.06~26.09,16600.0,,,,
마곡동,202605,오피스텔_전월세,엠코지니어스타,마곡동,776-4,23.84,,15300,15,7,7,2015,신규,26.06~28.06,,,,,
등촌동,202605,오피스텔_전월세,퀸즈오피스텔,등촌동,641-10,14.53,,6000,41,3,9,2018,신규,26.06~28.06,,,,,
등촌동,202605,오피스텔_전월세,더 퍼스트 가양,등촌동,639-6,28.08,,29000,0,5,9,2023,신규,26.07~28.07,,,,,
화곡동,202605,오피스텔_전월세,SJ라벨라,화곡동,1111,20.57,,18500,0,15,9,2020,신규,26.06~28.06,,,,,
마곡동,202605,오피스텔_전월세,마곡 헤리움1차,마곡동,739-4,24.07,,13700,15,14,9,2015,신규,26.06~28.06,,,,,
등촌동,202605,오피스텔_전월세,경동미르웰한올림,등촌동,656-1,17.99,,12150,15,12,6,2016,갱신,26.05~28.05,13500.0,7.0,,,
방화동,202605,오피스텔_전월세,벽산에어트리움,방화동,849,28.03,,8000,20,5,8,2003,신규,26.06~27.06,,,,,
마곡동,202605,오피스텔_전월세,힐스테이트에코 마곡나루역 라마다앙코르 서울마곡,마곡동,760-1,20.84,,15300,20,12,10,2017,신규,26.05~28.05,,,,,
마곡동,202605,오피스텔_전월세,마곡럭스나인오피스텔,마곡동,758-4,21.87,,14500,10,11,8,2016,신규,26.06~28.06,,,,,
공항동,202605,오피스텔_전월세,비엔비빌리지,공항동,72-61,21.66,,9500,0,2,9,2011,신규,26.06~28.06,,,,,
마곡동,202605,오피스텔_전월세,힐스테이트에코 마곡나루역 라마다앙코르 서울마곡,마곡동,760-1,20.84,,1000,80,8,8,2017,신규,26.05~27.05,,,,,
등촌동,202605,오피스텔_전월세,유원더블레스,등촌동,637-27,21.49,,22300,0,5,8,2020,신규,26.06~28.06,,,,,
등촌동,202605,오피스텔_전월세,경동미르웰양천향교2차,등촌동,685,29.68,,23400,12,5,8,2020,갱신,26.06~28.06,25500.0,,,,
염창동,202605,오피스텔_전월세,염창이레타워벨리스,염창동,264-16,27.27,,28000,0,8,8,2022,신규,26.07~28.07,,,,,
마곡동,202605,오피스텔_전월세,마곡 파크뷰 대방디엠시티 오피스텔,마곡동,776,21.25,,1000,80,6,8,2019,신규,26.05~27.05,,,,,
화곡동,202605,오피스텔_전월세,강서파크뷰 투웨니퍼스트,화곡동,24-18,28.15,,20000,0,8,8,2020,신규,26.06~28.06,,,,,
마곡동,202605,오피스텔_전월세,마곡아이파크,마곡동,795-2,25.59,,1000,82,4,4,2016,신규,26.05~27.05,,,,,
마곡동,202605,오피스텔_전월세,엠코지니어스타,마곡동,776-4,23.84,,1000,79,8,4,2015,갱신,26.05~27.05,1000.0,75.0,,,
화곡동,202605,오피스텔_전월세,화곡투웨니퍼스트,화곡동,105-378,28.45,,1000,96,4,8,2018,갱신,26.06~27.06,1000.0,96.0,사용,,
등촌동,202605,오피스텔_전월세,대룡드림타워-1,등촌동,684-3,62.6,,27000,10,7,8,2004,신규,26.06~28.06,,,,,
마곡동,202605,오피스텔_전월세,힐스테이트에코동익,마곡동,773-3,24.57,,13000,39,11,8,2017,갱신,26.05~28.05,13000.0,34.0,,,
마곡동,202605,오피스텔_전월세,마곡아이파크,마곡동,795-2,24.22,,1000,73,10,6,2016,갱신,26.05~27.05,1000.0,70.0,사용,,
염창동,202605,오피스텔_전월세,아네스트염창,염창동,310,18.84,,12000,13,3,8,2019,신규,26.06~28.06,,,,,
화곡동,202605,오피스텔_전월세,도양라비앙오피스텔,화곡동,937-7,29.02,,18500,0,5,8,2019,신규,26.06~28.06,,,,,
가양동,202605,오피스텔_전월세,아트리버빌 5차,가양동,237-1,41.79,,1000,80,2,8,2018,갱신,26.07~28.07,1000.0,80.0,,,
마곡동,202605,오피스텔_전월세,마곡헤리움2차,마곡동,758-3,22.51,,15400,9,4,8,2016,갱신,26.06~27.06,15400.0,7.0,,,
마곡동,202605,오피스텔_전월세,마곡 파크뷰 대방디엠시티 오피스텔,마곡동,776,21.25,,16500,10,9,1,2019,신규,26.06~28.06,,,,,
마곡동,202605,오피스텔_전월세,마곡오드카운티1차,마곡동,784-11,20.82,,500,72,9,6,2016,갱신,26.06~27.06,500.0,70.0,사용,,
화곡동,202605,오피스텔_전월세,우공아파트,화곡동,922-17,36.68,,3000,95,9,1,2018,신규,26.05~28.05,,,,,
마곡동,202605,오피스텔_전월세,마곡럭스나인오피스텔,마곡동,758-4,21.87,,14500,13,8,7,2016,신규,26.06~28.06,,,,,
마곡동,202605,오피스텔_전월세,마곡아이파크,마곡동,795-2,24.22,,1000,85,13,8,2016,신규,26.05~27.05,,,,,
등촌동,202605,오피스텔_전월세,뉴스토리오피스텔,등촌동,683-1,17.52,,12000,14,10,4,2013,신규,26.06~28.06,,,,,
등촌동,202605,오피스텔_전월세,경동미르웰한올림,등촌동,656,16.19,,500,70,2,4,2016,신규,26.05~27.05,,,,,
등촌동,202605,오피스텔_전월세,뉴스토리오피스텔,등촌동,683-1,17.52,,13700,9,4,4,2013,갱신,26.06~28.06,14800.0,2.0,사용,,
화곡동,202605,오피스텔_전월세,베스트빌,화곡동,917-7,23.37,,1000,60,4,7,2003,신규,26.05~28.05,,,,,
마곡동,202605,오피스텔_전월세,마곡역센트럴푸르지오시티,마곡동,773-1,23.99,,15880,10,13,5,2016,신규,26.06~28.06,,,,,
마곡동,202605,오피스텔_전월세,마곡나루역보타닉푸르지오시티,마곡동,760,22.76,,1000,90,12,4,2017,신규,26.06~27.06,,,,,
마곡동,202605,오피스텔_전월세,마곡센트럴대방디엠시티오피스텔,마곡동,776-2,29.48,,20400,10,13,7,2017,신규,26.05~28.05,,,,,
마곡동,202605,오피스텔_전월세,마곡나루역캐슬파크,마곡동,760-2,23.39,,17270,0,8,7,2016,갱신,26.05~27.05,16450.0,,,,
등촌동,202605,오피스텔_전월세,루미에르,등촌동,641-12,22.44,,25000,0,9,7,2024,갱신,26.06~28.06,24700.0,,,,
화곡동,202605,오피스텔_전월세,골든팰리스,화곡동,936-1,21.47,,22000,0,10,1,2024,신규,26.06~28.06,,,,,
마곡동,202605,오피스텔_전월세,힐스테이트에코 마곡나루역 라마다앙코르 서울마곡,마곡동,760-1,21.5,,15660,0,9,7,2017,갱신,26.05~28.05,16850.0,,사용,,
화곡동,202605,오피스텔_전월세,골든빌,화곡동,367-51,29.49,,3000,90,5,7,2018,신규,26.07~28.07,,,,,
염창동,202605,오피스텔_전월세,등촌노블레르,염창동,242-5,27.64,,23600,0,7,6,2020,갱신,26.05~28.05,22500.0,,,,
등촌동,202605,오피스텔_전월세,우림보보카운티뷰,등촌동,649-14,27.36,,1000,65,7,7,2004,신규,26.05~27.05,,,,,
마곡동,202605,오피스텔_전월세,힐스테이트 에코 마곡역,마곡동,773,19.87,,15650,15,7,6,2017,신규,26.05~28.05,,,,,
마곡동,202605,오피스텔_전월세,마곡센트럴대방디엠시티오피스텔,마곡동,776-2,24.02,,1000,78,3,4,2017,신규,26.05~28.05,,,,,
등촌동,202605,오피스텔_전월세,등촌동노블리움오피스텔,등촌동,628,54.52,,26500,0,5,6,2005,갱신,26.05~27.05,25300.0,,,,
등촌동,202605,오피스텔_전월세,라빌라스,등촌동,637-19,26.96,,5000,90,3,6,2018,신규,26.05~28.05,,,,,
화곡동,202605,연립다세대_전월세,남성아트빌,화곡동,379-36,29.08,,19000,0,5,9,2016,,,,,,,
공항동,202605,연립다세대_전월세,헬리그라프마곡에디션,공항동,8-5,29.08,,30000,0,5,29,2024,,,,,,,
화곡동,202605,연립다세대_전월세,서경팰리스(391-29),화곡동,391-29,48.09,,17300,0,4,30,2010,갱신,26.06~28.06,17300.0,,,,
방화동,202605,연립다세대_전월세,아이디주택,방화동,249-23,29.65,,23500,0,5,27,2018,갱신,26.07~28.07,24000.0,,,,
화곡동,202605,연립다세대_전월세,제이와이펠리스(849-16번지),화곡동,849-16,29.9,,17950,0,2,15,2016,갱신,26.07~28.07,17100.0,,사용,,
화곡동,202605,연립다세대_전월세,호수타운5차,화곡동,105-492,53.38,,2000,70,2,21,2002,갱신,26.08~28.08,2000.0,68.0,,,
화곡동,202605,연립다세대_전월세,신영베르디움,화곡동,380-12,49.47,,23220,0,2,29,2017,신규,26.08~28.08,,,,,
등촌동,202605,연립다세대_전월세,형지씨엔씨타운,등촌동,518-14,40.73,,3000,85,4,16,2012,신규,26.07~28.07,,,,,
화곡동,202605,연립다세대_전월세,로즈빌(24-113),화곡동,24-113,29.175,,15570,0,5,15,2018,신규,26.07~28.07,,,,,
화곡동,202605,연립다세대_전월세,계명위너스(105-55),화곡동,105-55,41.58,,1500,75,2,8,2011,갱신,26.06~28.06,1500.0,75.0,사용,,
화곡동,202605,연립다세대_전월세,케이디빌,화곡동,409-153,48.52,,3500,63,2,8,2008,신규,26.07~28.07,,,,,
등촌동,202605,연립다세대_전월세,디앤써밋모이다,등촌동,648-10,39.97,,35000,66,14,13,2022,신규,26.07~28.07,,,,,
등촌동,202605,연립다세대_전월세,명솔엠펠리스Ⅲ,등촌동,506-19,43.56,,23000,20,5,26,2014,신규,26.07~28.07,,,,,
화곡동,202605,연립다세대_전월세,리치하우스(346-18),화곡동,346-18,29.99,,2000,100,3,22,2017,신규,26.06~28.06,,,,,
등촌동,202605,연립다세대_전월세,세븐빌,등촌동,653,29.76,,3000,80,5,29,2017,신규,26.07~28.07,,,,,
염창동,202605,연립다세대_전월세,서경팰리스,염창동,264-3,29.81,,22800,0,6,17,2016,신규,26.07~28.07,,,,,
공항동,202605,연립다세대_전월세,에클레시아빌,공항동,61-134,19.16,,0,88,5,9,2026,신규,26.06~27.06,,,,,
화곡동,202605,연립다세대_전월세,남경쉐르빌(362-135),화곡동,362-135,55.71,,3000,75,3,26,2001,신규,26.07~28.07,,,,,
화곡동,202605,연립다세대_전월세,삼익타운빌,화곡동,1042-8,29.96,,16000,0,5,26,2012,신규,26.07~28.07,,,,,
화곡동,202605,연립다세대_전월세,타워파크빌(56-386),화곡동,56-386,48.56,,7000,55,2,13,2008,신규,26.07~28.07,,,,,
화곡동,202605,연립다세대_전월세,태건빌라,화곡동,391-4,51.02,,15900,0,1,18,1991,신규,26.07~28.07,,,,,
내발산동,202605,연립다세대_전월세,제이에스해슬리,내발산동,671-22,29.87,,29880,0,3,15,2024,갱신,26.06~28.06,29880.0,,사용,,
화곡동,202605,연립다세대_전월세,"크로바타운1,2",화곡동,1011,54.74,,2000,180,1,30,2001,신규,26.07~27.02,,,,,
화곡동,202605,연립다세대_전월세,초원빌라(347-10),화곡동,347-10,64.62,,3000,90,3,16,1994,신규,26.07~28.07,,,,,
방화동,202605,연립다세대_전월세,피렌체하우스(607-84),방화동,607-84,29.53,,1000,45,5,20,2015,신규,26.06~27.05,,,,,
화곡동,202605,연립다세대_전월세,338-10,화곡동,338-10,21.91,,500,80,6,25,2015,신규,26.06~27.06,,,,,
등촌동,202605,연립다세대_전월세,예지움,등촌동,365-7,30,,17500,9,3,22,2015,갱신,26.07~28.07,17500.0,5.0,사용,,
화곡동,202605,연립다세대_전월세,자하클래식,화곡동,24-39,13.77,,5000,45,16,10,2018,신규,26.07~27.07,,,,,
화곡동,202605,연립다세대_전월세,대신빌라,화곡동,160-10,45.42,,10000,0,1,20,1991,신규,26.07~28.07,,,,,
화곡동,202605,연립다세대_전월세,태양빌라(346-28),화곡동,346-28,59.46,,17600,25,2,12,1993,신규,26.07~28.07,,,,,
공항동,202605,연립다세대_전월세,공항파크빌,공항동,41-116,29.64,,10000,16,2,8,2010,갱신,26.07~28.07,4000.0,36.0,,,
화곡동,202605,연립다세대_전월세,신성네오빌,화곡동,421-18,29.45,,21600,0,4,29,2019,갱신,26.07~28.07,23700.0,,,,
화곡동,202605,연립다세대_전월세,한솔아트빌8차,화곡동,847-7,66.94,,19500,0,5,18,2004,신규,26.06~27.03,,,,,
화곡동,202605,연립다세대_전월세,우성테마빌(393-3),화곡동,393-3,52.8,,16000,0,5,1,2006,신규,26.07~28.07,,,,,
화곡동,202605,연립다세대_전월세,썬라인,화곡동,143-5,29.91,,21800,0,8,13,2016,갱신,26.06~28.06,21000.0,,,,
화곡동,202605,연립다세대_전월세,소담밸리,화곡동,1045-23,29.14,,18500,0,4,9,2012,신규,26.06~28.06,,,,,
화곡동,202605,연립다세대_전월세,까사지오,화곡동,1101-7,27.38,,18360,0,3,28,2021,신규,26.06~28.06,,,,,
내발산동,202605,연립다세대_전월세,올림푸스(703-29),내발산동,703-29,23.71,,5500,100,6,20,2012,신규,26.06~28.06,,,,,
방화동,202605,연립다세대_전월세,아덴하임(593-2),방화동,593-2,53.58,,6529,25,3,18,2019,갱신,26.07~28.06,6502.0,25.0,,,
등촌동,202605,연립다세대_전월세,동영타운A동,등촌동,647-59,64.02,,21600,0,1,28,1994,신규,26.07~28.07,,,,,
등촌동,202605,연립다세대_전월세,비전하우스,등촌동,508-2,14.28,,500,46,2,26,2011,신규,26.06~28.06,,,,,
공항동,202605,연립다세대_전월세,"올림푸스(가,나동)",공항동,53-121,29.94,,3000,60,5,31,2011,신규,26.06~28.06,,,,,
화곡동,202605,연립다세대_전월세,상은쉐르빌,화곡동,1059-23,53.32,,1500,100,4,21,2002,신규,26.06~28.06,,,,,
화곡동,202605,연립다세대_전월세,아람빌라,화곡동,102-61,39.36,,3000,50,4,16,2002,신규,26.07~28.07,,,,,
화곡동,202605,연립다세대_전월세,남영2동,화곡동,466-26,36.54,,6000,0,-1,27,1989,갱신,26.05~28.05,6000.0,,,,
방화동,202605,연립다세대_전월세,센터하임,방화동,249-254,29.79,,22050,0,3,30,2023,갱신,26.06~28.06,21000.0,,,,
화곡동,202605,연립다세대_전월세,지안빌,화곡동,1041-10,25.04,,3000,60,5,25,2015,신규,26.06~28.06,,,,,
화곡동,202605,연립다세대_전월세,대동빌라(59-32),화곡동,59-32,39.37,,3000,100,3,20,2018,신규,26.05~28.05,,,,,
화곡동,202605,연립다세대_전월세,남광아트빌B동,화곡동,424-47,35.54,,50,100,2,23,2018,신규,26.05~27.05,,,,,
화곡동,202605,연립다세대_전월세,J.S타운,화곡동,24-45,52.3,,1000,40,3,19,2002,신규,26.06~28.06,,,,,
등촌동,202605,연립다세대_전월세,"연우빌라(633-26)(1,2동)",등촌동,633-26,41.91,,17000,0,4,31,1991,신규,26.07~28.07,,,,,
방화동,202605,연립다세대_전월세,센터하임,방화동,249-254,28.19,,21900,0,6,26,2023,갱신,26.07~28.07,21000.0,,,,
화곡동,202605,연립다세대_전월세,쥬뜨브캐슬2차,화곡동,359-51,29.891,,17000,25,6,24,2020,신규,26.06~28.06,,,,,
화곡동,202605,연립다세대_전월세,라온빌(341-21),화곡동,341-21,25.65,,2000,75,2,20,2017,신규,26.06~28.06,,,,,
등촌동,202605,연립다세대_전월세,대림라온제나(572-5),등촌동,572-5,48.02,,26500,0,3,30,2015,신규,26.07~28.07,,,,,
등촌동,202605,연립다세대_전월세,희원빌라트(365-15),등촌동,365-15,29.8,,18200,4,4,23,2015,갱신,26.07~28.07,18300.0,,사용,,
화곡동,202605,연립다세대_전월세,럭키빌라비동,화곡동,1130-9,55.73,,3000,60,1,21,1984,신규,26.06~28.06,,,,,
등촌동,202605,연립다세대_전월세,다솔하이츠(A동),등촌동,506-20,60.81,,23000,10,3,23,2002,신규,26.07~28.07,,,,,
등촌동,202605,연립다세대_전월세,부호빌라트,등촌동,365-81,33.88,,2000,65,2,26,2007,신규,26.06~28.06,,,,,
등촌동,202605,연립다세대_전월세,제니스알앤시빌,등촌동,532-3,27.57,,23560,13,5,25,2016,신규,26.07~28.07,,,,,
마곡동,202605,연립다세대_전월세,동서그린뷰,마곡동,1554,29.96,,16000,30,6,25,2012,신규,26.07~28.07,,,,,
화곡동,202605,연립다세대_전월세,동아주택C동,화곡동,349-8,35.78,,11000,0,1,27,1986,갱신,26.05~28.05,11000.0,,사용,,
화곡동,202605,연립다세대_전월세,금강누리빌(998-10),화곡동,998-10,15.72,,6500,4,4,7,2012,신규,26.06~28.06,,,,,
화곡동,202605,연립다세대_전월세,엘펠리스,화곡동,24-44,29.51,,3000,95,3,29,2022,신규,26.06~28.06,,,,,
화곡동,202605,연립다세대_전월세,온누리주택,화곡동,95-37,44.28,,2000,80,3,15,1992,신규,26.06~28.06,,,,,
방화동,202605,연립다세대_전월세,동일빌라B,방화동,606-122,59.95,,17600,0,2,22,2001,갱신,26.07~28.07,17600.0,,,,
화곡동,202605,연립다세대_전월세,벧엘빌라(80-39),화곡동,80-39,60.265,,30000,0,1,28,2002,신규,26.06~28.06,,,,,
등촌동,202605,연립다세대_전월세,아리움205,등촌동,510-15,23.22,,5000,110,2,23,2023,신규,26.06~27.06,,,,,
공항동,202605,연립다세대_전월세,미소빌,공항동,672-1,68.43,,20318,0,3,28,2008,갱신,26.07~28.07,19350.0,,사용,,
화곡동,202605,연립다세대_전월세,신양그린빌(56-46),화곡동,56-46,47.86,,2000,65,4,7,2008,신규,26.06~28.06,,,,,
등촌동,202605,연립다세대_전월세,뉴파인빌,등촌동,645-2,59.61,,3000,120,2,9,2010,신규,26.06~28.06,,,,,
등촌동,202605,연립다세대_전월세,동아빌라트다동,등촌동,575-10,61.64,,2000,65,-1,26,2002,신규,26.07~28.07,,,,,
화곡동,202605,연립다세대_전월세,미소지움,화곡동,410-31,29.81,,19000,0,3,20,2021,신규,26.07~28.07,,,,,
화곡동,202605,연립다세대_전월세,casagio,화곡동,1115-34,29.74,,19700,0,4,12,2019,신규,26.06~28.06,,,,,
화곡동,202605,연립다세대_전월세,화인하우스(963-23),화곡동,963-23,22.44,,4000,15,3,9,1993,신규,26.06~28.06,,,,,
화곡동,202605,연립다세대_전월세,성재캐슬빌,화곡동,1014-9,44.1,,1500,80,5,26,2009,신규,26.06~28.06,,,,,
공항동,202605,연립다세대_전월세,미래스타빌,공항동,70-128,29.92,,80,110,7,29,2019,신규,26.06~26.09,,,,,
방화동,202605,연립다세대_전월세,마곡팰리스,방화동,247-90,24.79,,2000,80,2,16,2017,갱신,26.05~27.05,2000.0,76.0,,,
화곡동,202605,연립다세대_전월세,불루빌,화곡동,24-279,30.4,,5700,5,-1,28,1997,신규,26.07~28.07,,,,,
화곡동,202605,연립다세대_전월세,월드빌,화곡동,985-14,38.85,,500,65,3,18,2002,신규,26.07~28.07,,,,,
화곡동,202605,연립다세대_전월세,제선그랜드빌(160-16),화곡동,160-16,44.78,,900,0,3,2,2010,신규,26.05~28.05,,,,,
화곡동,202605,연립다세대_전월세,나산주택,화곡동,1084-17,36.78,,16600,0,5,25,2010,신규,26.06~28.06,,,,,
화곡동,202605,연립다세대_전월세,명지빌라,화곡동,354-32,36.81,,12500,20,2,29,1991,신규,26.06~28.06,,,,,
등촌동,202605,연립다세대_전월세,경진빌딩,등촌동,660-3,31.32,,2000,42,5,21,2003,신규,26.06~28.06,,,,,
화곡동,202605,연립다세대_전월세,우화그린,화곡동,111-34,22.56,,500,55,5,27,2011,신규,26.06~28.06,,,,,
등촌동,202605,연립다세대_전월세,DH프라임,등촌동,528-2,27.07,,22000,0,6,30,2014,신규,26.07~28.07,,,,,
등촌동,202605,연립다세대_전월세,신성연립,등촌동,520-3,69.84,,2000,70,1,30,1984,신규,26.06~28.06,,,,,
화곡동,202605,연립다세대_전월세,신우빌라(24-208),화곡동,24-208,44.01,,2500,57,1,30,1990,신규,26.07~28.07,,,,,
화곡동,202605,연립다세대_전월세,다옴도래,화곡동,51-44,25.74,,5000,65,5,2,2016,신규,26.06~28.06,,,,,
화곡동,202605,연립다세대_전월세,은하리버빌,화곡동,814-7,56.64,,3000,71,4,22,2008,신규,26.06~28.06,,,,,
화곡동,202605,연립다세대_전월세,대성주택(155-46),화곡동,155-46,35.52,,7000,0,1,23,1987,신규,26.07~28.07,,,,,
화곡동,202605,연립다세대_전월세,신영베르디움,화곡동,380-12,24.08,,3000,80,2,25,2017,신규,26.06~28.06,,,,,
내발산동,202605,연립다세대_전월세,효성빌라,내발산동,665-2,76.77,,1000,40,1,15,1994,신규,26.06~28.06,,,,,
화곡동,202605,연립다세대_전월세,엠펠리체,화곡동,424-80,29.81,,19200,9,2,27,2017,갱신,26.08~28.08,19200.0,5.0,,,
화곡동,202605,연립다세대_전월세,삼성베스트빌(나동),화곡동,834-22,31.88,,1000,53,4,15,2001,갱신,26.05~28.05,1000.0,50.0,사용,,
공항동,202605,연립다세대_전월세,한솔그랜드빌,공항동,60-35,47.37,,17000,0,3,22,2003,갱신,26.06~28.06,17000.0,,사용,,
화곡동,202605,연립다세대_전월세,보배빌라,화곡동,409-81,59.92,,16500,21,3,23,2000,갱신,26.08~28.08,16500.0,18.0,,,
화곡동,202605,연립다세대_전월세,디엔씨노블레스,화곡동,24-84,13.08,,500,35,3,19,2011,신규,26.06~28.06,,,,,
화곡동,202605,연립다세대_전월세,삼성쉐르빌(346-62),화곡동,346-62,27.41,,2000,100,3,28,2017,신규,26.07~28.07,,,,,
화곡동,202605,연립다세대_전월세,화성홈타운103동,화곡동,56-557,43.26,,10400,2,2,30,2002,갱신,26.08~28.08,10400.0,,사용,,
공항동,202605,연립다세대_전월세,중앙하우스,공항동,55-9,15.3,,500,45,3,19,2012,신규,26.06~28.06,,,,,
화곡동,202605,연립다세대_전월세,서광아트빌,화곡동,1045-3,65.81,,22000,10,4,18,2007,신규,26.06~28.06,,,,,
화곡동,202605,연립다세대_전월세,jehouse,화곡동,368-14,29.1,,19710,0,5,11,2021,신규,26.06~28.06,,,,,
화곡동,202605,연립다세대_전월세,ANP화곡,화곡동,51-42,24.05,,1000,110,6,18,2022,신규,26.06~27.05,,,,,
화곡동,202605,연립다세대_전월세,대림힐탑,화곡동,962-6,43.5,,5000,75,2,19,2010,신규,26.07~28.07,,,,,
방화동,202605,연립다세대_전월세,스카이빌,방화동,246-38,40.8,,23000,20,4,22,2017,갱신,26.06~28.06,21700.0,20.0,,,
화곡동,202605,연립다세대_전월세,와이앤비더스토리,화곡동,372-37,20.77,,100,70,2,26,2022,신규,26.06~26.09,,,,,
화곡동,202605,연립다세대_전월세,세광3차,화곡동,786-16,35.98,,10000,0,1,1,1989,신규,26.06~28.06,,,,,
화곡동,202605,연립다세대_전월세,다온빌,화곡동,362-76,26.63,,1500,82,5,14,2018,갱신,26.05~28.05,1500.0,80.0,,,
화곡동,202605,연립다세대_전월세,삼익빌라,화곡동,881-16,47.7,,12600,15,2,27,1994,갱신,26.07~28.07,12700.0,12.0,사용,,
화곡동,202605,연립다세대_전월세,신안빌라나동,화곡동,160-4,50.67,,12000,10,1,29,1991,신규,26.07~28.07,,,,,
화곡동,202605,연립다세대_전월세,시그니처6,화곡동,359-11,28.48,,23000,0,3,25,2022,신규,26.07~28.07,,,,,
등촌동,202605,연립다세대_전월세,선경하이츠,등촌동,530-8,46.63,,27000,16,4,28,2013,갱신,26.06~28.06,27000.0,10.0,사용,,
등촌동,202605,연립다세대_전월세,이호빌,등촌동,533-6,17.6,,2000,46,2,29,2013,신규,26.07~28.07,,,,,
화곡동,202605,연립다세대_전월세,골든빌리지,화곡동,978-4,40.56,,2000,85,4,11,2016,신규,26.08~28.08,,,,,
등촌동,202605,연립다세대_전월세,에이클래스,등촌동,522-8,33.57,,20000,17,3,9,2014,신규,26.08~28.08,,,,,
화곡동,202605,연립다세대_전월세,한양(343-28),화곡동,343-28,66.08,,3000,100,1,5,2000,신규,26.06~28.06,,,,,
내발산동,202605,연립다세대_전월세,명진아트빌라다동,내발산동,709-42,36.08,,6700,0,-1,20,1991,신규,26.07~28.07,,,,,
화곡동,202605,연립다세대_전월세,시원아트빌나동,화곡동,1014-35,59.97,,13000,55,2,30,2002,갱신,26.07~28.07,12000.0,40.0,,,
화곡동,202605,연립다세대_전월세,성준빌라,화곡동,1083-18,42.94,,11800,15,3,29,1996,신규,26.07~28.07,,,,,
방화동,202605,연립다세대_전월세,마루하우스,방화동,606-37,15.03,,5000,70,6,28,2015,갱신,26.06~27.12,5000.0,65.0,사용,,
화곡동,202605,연립다세대_전월세,로즈빌(24-113),화곡동,24-113,29.275,,5000,70,2,1,2018,신규,26.05~28.05,,,,,
염창동,202605,연립다세대_전월세,링크253,염창동,253-7,30.84,,26800,5,4,27,2017,갱신,26.06~28.06,26800.0,,사용,,
화곡동,202605,연립다세대_전월세,모전플러스빌B동,화곡동,105-96,41.55,,3000,50,4,28,2002,신규,26.06~28.06,,,,,
공항동,202605,연립다세대_전월세,(55-333),공항동,55-333,33.18,,5000,50,3,9,1999,신규,26.06~28.06,,,,,
화곡동,202605,연립다세대_전월세,해온캐슬,화곡동,362-79,23.66,,5500,80,4,1,2019,신규,26.05~28.05,,,,,
화곡동,202605,연립다세대_전월세,드림하우스3차,화곡동,773-23,29.88,,2000,65,2,15,2013,신규,26.05~27.05,,,,,
화곡동,202605,연립다세대_전월세,(1164-0),화곡동,1164,18.36,,12200,3,4,27,2014,갱신,26.07~28.07,11960.0,3.0,사용,,
마곡동,202605,연립다세대_전월세,샘터마을,마곡동,357-7,48.77,,21500,0,3,14,2002,신규,26.06~28.06,,,,,
화곡동,202605,연립다세대_전월세,웰빙라이프(155-6),화곡동,155-6,40.16,,14300,25,3,22,2011,신규,26.06~28.06,,,,,
화곡동,202605,연립다세대_전월세,한울씨티빌,화곡동,430-16,59.99,,15000,40,2,21,2010,신규,26.07~28.07,,,,,
화곡동,202605,연립다세대_전월세,화곡동다세대주택,화곡동,409-136,24.75,,6900,0,2,29,2003,신규,26.06~28.06,,,,,
화곡동,202605,연립다세대_전월세,씨티하우스(425-19),화곡동,425-19,29.91,,17136,0,4,16,2014,신규,26.06~28.06,,,,,
공항동,202605,연립다세대_전월세,(655-10),공항동,655-10,19.44,,500,49,3,18,2014,신규,26.06~27.06,,,,,
화곡동,202605,연립다세대_전월세,우성베네치아,화곡동,105-530,55.8,,22000,0,5,28,2011,신규,26.07~28.07,,,,,
내발산동,202605,연립다세대_전월세,산울림,내발산동,673-3,29.94,,1000,70,4,29,2010,신규,26.07~28.07,,,,,
화곡동,202605,연립다세대_전월세,대건빌라(102-251),화곡동,102-251,35.04,,9270,17,1,27,1995,갱신,26.07~28.07,9270.0,15.0,사용,,
화곡동,202605,연립다세대_전월세,뉴시티빌,화곡동,59-35,41.13,,12000,30,5,30,2008,신규,26.07~28.07,,,,,
화곡동,202605,연립다세대_전월세,연희파크,화곡동,42-5,39.8,,8700,0,4,13,1991,신규,26.06~28.06,,,,,
등촌동,202605,연립다세대_전월세,이건하우스,등촌동,647-68,29.28,,3000,70,2,5,2012,신규,26.07~28.07,,,,,
화곡동,202605,연립다세대_전월세,화성아트빌,화곡동,102-364,37.39,,7600,32,1,30,2002,신규,26.07~28.07,,,,,
화곡동,202605,연립다세대_전월세,궁전아트빌라2차,화곡동,455-15,68.07,,2000,95,2,16,1996,신규,26.06~28.06,,,,,
화곡동,202605,연립다세대_전월세,큐브포(CubeFour),화곡동,370-5,28.29,,100,85,2,15,2022,신규,26.05~26.09,,,,,
화곡동,202605,연립다세대_전월세,타운빌(784-1),화곡동,784-1,20.15,,600,48,2,10,1993,신규,26.06~28.06,,,,,
화곡동,202605,연립다세대_전월세,블루힐(846-14),화곡동,846-14,25.83,,3000,107,4,30,2021,신규,26.06~28.06,,,,,
내발산동,202605,연립다세대_전월세,A.G.S.드림타운,내발산동,698-14,71.445,,23600,0,2,30,2002,신규,26.06~28.06,,,,,
내발산동,202605,연립다세대_전월세,덕현빌라,내발산동,718-14,74.76,,23000,30,2,11,1995,신규,26.07~28.07,,,,,
화곡동,202605,연립다세대_전월세,대덕하이츠빌라,화곡동,391-25,57.91,,14800,0,3,29,1993,신규,26.08~28.08,,,,,
화곡동,202605,연립다세대_전월세,화인멤버스빌,화곡동,1061-19,63.46,,18000,45,3,14,2002,갱신,26.05~28.05,18000.0,40.0,사용,,
화곡동,202605,연립다세대_전월세,제이스빌,화곡동,379-60,25.33,,14600,0,5,30,2020,신규,26.07~28.07,,,,,
화곡동,202605,연립다세대_전월세,백강원룸,화곡동,379-41,12.8,,1000,42,4,22,2011,신규,26.05~28.05,,,,,
화곡동,202605,연립다세대_전월세,jehouse,화곡동,368-14,29.44,,19530,0,2,26,2021,신규,26.07~28.07,,,,,
화곡동,202605,연립다세대_전월세,선경베스트빌(98-119),화곡동,98-119,41.2,,13100,18,5,28,2008,신규,26.06~28.06,,,,,
등촌동,202605,연립다세대_전월세,라테라스(643-16),등촌동,643-16,24.11,,2000,110,6,4,2020,신규,26.06~28.06,,,,,
화곡동,202605,연립다세대_전월세,리오파크빌,화곡동,1128-9,27.71,,20500,15,6,30,2020,신규,26.07~28.07,,,,,
화곡동,202605,연립다세대_전월세,태원연립,화곡동,772-53,40.53,,1000,55,1,30,1981,신규,26.06~28.06,,,,,
화곡동,202605,연립다세대_전월세,봉스빌,화곡동,1010-22,16.52,,500,60,4,26,2011,신규,26.05~28.05,,,,,
화곡동,202605,연립다세대_전월세,한백리츠빌(346-56),화곡동,346-56,60.12,,23500,0,3,11,2008,신규,26.08~30.08,,,,,
마곡동,202605,연립다세대_전월세,마곡서림빌,마곡동,1335,29.79,,24500,0,4,26,2022,신규,26.07~28.07,,,,,
등촌동,202605,연립다세대_전월세,뜨레비앙,등촌동,530-15,52.35,,18000,25,4,20,2006,신규,26.06~28.06,,,,,
화곡동,202605,연립다세대_전월세,밀레니엄(46-392),화곡동,46-392,49.44,,15800,0,2,30,2008,신규,26.06~28.06,,,,,
화곡동,202605,연립다세대_전월세,하나아이파크빌(392-30),화곡동,392-30,38.84,,3000,95,4,14,2016,신규,26.07~28.07,,,,,
화곡동,202605,연립다세대_전월세,디자인하우스(793-5),화곡동,793-5,44.87,,21000,0,3,30,2012,신규,26.08~28.08,,,,,
화곡동,202605,연립다세대_전월세,세인트빌(50-45),화곡동,50-45,29.22,,14025,0,2,20,2012,신규,26.07~28.07,,,,,
화곡동,202605,연립다세대_전월세,자하클래식,화곡동,24-39,13.77,,11800,0,16,23,2018,신규,26.07~28.07,,,,,
화곡동,202605,연립다세대_전월세,삼익헤스티아(55-41),화곡동,55-41,24.99,,1000,70,3,25,2011,신규,26.06~28.06,,,,,
화곡동,202605,연립다세대_전월세,대신그린빌라,화곡동,372-69,61.15,,16880,0,2,15,1997,신규,26.07~28.08,,,,,
등촌동,202605,연립다세대_전월세,두보하이츠빌라,등촌동,515-44,46.74,,20000,0,1,30,1988,신규,26.07~28.07,,,,,
화곡동,202605,연립다세대_전월세,까치빌라(56-74),화곡동,56-74,36.54,,1000,70,1,19,1991,신규,26.06~28.06,,,,,
화곡동,202605,연립다세대_전월세,ANP화곡,화곡동,51-42,22.85,,2000,95,6,27,2022,신규,26.06~27.06,,,,,
화곡동,202605,연립다세대_전월세,계명위너스(46-170),화곡동,46-170,41.38,,2000,70,2,30,2010,신규,26.06~28.06,,,,,
화곡동,202605,연립다세대_전월세,LG타운6차,화곡동,332-14,59.57,,16100,30,4,30,2001,신규,26.08~28.08,,,,,
화곡동,202605,연립다세대_전월세,JKVILL,화곡동,366-21,39.56,,300,100,4,16,2015,신규,26.06~27.01,,,,,
화곡동,202605,연립다세대_전월세,시온빌리지101,화곡동,1016-19,25.84,,25000,9,5,12,2022,갱신,26.06~27.06,26200.0,,,,
화곡동,202605,연립다세대_전월세,더봄333,화곡동,333-8,25.57,,15000,25,2,30,2022,신규,26.07~28.07,,,,,
화곡동,202605,연립다세대_전월세,알펜시아빌,화곡동,370-9,31.86,,1000,70,2,25,2011,신규,26.06~28.06,,,,,
화곡동,202605,연립다세대_전월세,주얼리맨션,화곡동,476-43,33.77,,3000,75,3,30,2002,신규,26.07~28.07,,,,,
화곡동,202605,연립다세대_전월세,선경빌라(163-24),화곡동,163-24,59.02,,11100,7,-1,22,1999,신규,26.06~28.06,,,,,
화곡동,202605,연립다세대_전월세,남해(352-58),화곡동,352-58,36.59,,5000,15,-1,25,1991,신규,26.06~28.06,,,,,
화곡동,202605,연립다세대_전월세,소담밸리스B동,화곡동,791-16,29.75,,1000,75,2,5,2013,신규,26.07~28.07,,,,,
화곡동,202605,연립다세대_전월세,삼원빌라(348-8),화곡동,348-8,52.8,,13000,25,1,29,1997,신규,26.07~28.07,,,,,
화곡동,202605,연립다세대_전월세,금산,화곡동,56-446,44.04,,2000,60,3,14,2007,신규,26.06~28.06,,,,,
마곡동,202605,연립다세대_전월세,동서그린뷰,마곡동,1554,45.4,,2000,90,5,15,2012,갱신,26.06~27.06,2000.0,80.0,,,
화곡동,202605,연립다세대_전월세,트리플에스빌(966-22),화곡동,966-22,34.11,,13700,0,4,28,2012,갱신,26.07~28.07,13000.0,,,,
화곡동,202605,연립다세대_전월세,화성빌라나동,화곡동,56-479,20.43,,6900,0,5,28,2003,신규,26.06~28.06,,,,,
화곡동,202605,연립다세대_전월세,화성빌라A동(56-412),화곡동,56-412,44.19,,12200,15,4,29,2002,신규,26.06~28.06,,,,,
화곡동,202605,연립다세대_전월세,화성빌라(56-588),화곡동,56-588,35.29,,1000,70,4,23,2001,신규,26.05~28.05,,,,,
방화동,202605,연립다세대_전월세,보타닉타워,방화동,247-19,29.65,,17100,0,7,14,2016,갱신,26.07~27.07,17100.0,,사용,,
화곡동,202605,연립다세대_전월세,황금빌라(61-104),화곡동,61-104,43.29,,10000,20,1,29,1993,신규,26.06~28.06,,,,,
화곡동,202605,연립다세대_전월세,삼성빌라(46-193),화곡동,46-193,39.84,,7600,5,1,29,1990,신규,26.06~28.06,,,,,
화곡동,202605,연립다세대_전월세,우성빌라13차,화곡동,424-4,40.5,,500,45,-1,16,1992,신규,26.06~28.06,,,,,
화곡동,202605,연립다세대_전월세,트리빌리지,화곡동,1037-10,24.34,,21000,0,5,29,2021,신규,26.06~28.06,,,,,
화곡동,202605,연립다세대_전월세,다솜,화곡동,451-15,43.06,,5000,95,4,7,2012,신규,26.06~28.06,,,,,
화곡동,202605,연립다세대_전월세,(969-15),화곡동,969-15,51.09,,23500,0,3,28,2015,신규,26.06~28.06,,,,,
화곡동,202605,연립다세대_전월세,리젠트라움,화곡동,98-76,27.52,,10000,28,5,26,2014,갱신,26.06~28.06,13000.0,13.0,사용,,
화곡동,202605,연립다세대_전월세,디아망(102-233),화곡동,102-233,29.86,,13000,20,2,26,2013,신규,26.06~28.06,,,,,
공항동,202605,연립다세대_전월세,우성빌라(679-2),공항동,679-2,28.83,,14400,10,3,28,2011,신규,26.06~28.06,,,,,
화곡동,202605,연립다세대_전월세,하은빌리지,화곡동,795-17,35.7,,22500,15,6,28,2016,신규,26.06~28.06,,,,,
화곡동,202605,연립다세대_전월세,상아빌라,화곡동,1045-37,44.04,,12000,30,5,28,2002,신규,26.07~28.07,,,,,
화곡동,202605,연립다세대_전월세,남성아트빌(367-65),화곡동,367-65,26.53,,2000,95,7,23,2017,신규,26.06~28.06,,,,,
화곡동,202605,연립다세대_전월세,스카이빌,화곡동,55-78,39.22,,12000,0,4,19,2008,갱신,26.05~28.05,11550.0,,,,
화곡동,202605,연립다세대_전월세,계명파크빌(70-24),화곡동,70-24,53.06,,9000,70,5,28,2007,갱신,26.07~28.07,9000.0,60.0,,,
화곡동,202605,연립다세대_전월세,삼화빌리지,화곡동,403-12,47.43,,1000,58,5,22,2017,신규,26.05~28.05,,,,,
공항동,202605,연립다세대_전월세,대림스위트빌,공항동,22-118,57.34,,9700,36,2,30,2002,갱신,26.06~28.06,9700.0,33.0,,,
방화동,202605,연립다세대_전월세,대림캐슬(593-63),방화동,593-63,40.95,,23800,0,3,28,2018,신규,26.07~28.07,,,,,
화곡동,202605,연립다세대_전월세,우성빌라(346-69),화곡동,346-69,62.07,,20000,0,2,28,1999,신규,26.05~28.05,,,,,
화곡동,202605,연립다세대_전월세,금강하임빌,화곡동,1078-22,29.02,,5000,80,4,26,2015,신규,26.07~28.07,,,,,
화곡동,202605,연립다세대_전월세,현대빌라가동(748-25),화곡동,748-25,62.86,,12400,12,-1,30,2000,신규,26.07~28.07,,,,,
가양동,202605,연립다세대_전월세,다솔씨티하임,가양동,250-2,27.43,,22800,10,6,1,2018,갱신,26.06~28.06,22800.0,10.0,사용,,
화곡동,202605,연립다세대_전월세,파크빌,화곡동,462-5,59.72,,17700,0,2,23,2011,신규,26.07~28.07,,,,,
공항동,202605,연립다세대_전월세,에스엠파크빌,공항동,1377,23.71,,20280,15,6,11,2018,갱신,26.06~28.06,19600.0,10.0,,,
화곡동,202605,연립다세대_전월세,범양하이츠,화곡동,355-19,38.85,,11300,25,4,29,1998,신규,26.07~28.07,,,,,
공항동,202605,연립다세대_전월세,리치펠리스,공항동,41-82,20.27,,500,49,3,25,2012,갱신,26.06~28.06,500.0,45.0,,,
화곡동,202605,연립다세대_전월세,뷰티쉐르빌,화곡동,1018-5,48.01,,50,110,2,13,2018,신규,26.05~27.05,,,,,
화곡동,202605,연립다세대_전월세,목원그린빌,화곡동,1017-37,52.56,,12000,30,1,26,2003,신규,26.06~28.06,,,,,
공항동,202605,연립다세대_전월세,웰스바움,공항동,53-96,29.94,,20000,15,3,30,2021,신규,26.07~28.07,,,,,
내발산동,202605,연립다세대_전월세,명칭없음,내발산동,678-24,39.76,,500,45,-1,26,1986,신규,26.05~28.05,,,,,
공항동,202605,연립다세대_전월세,리치펠리스,공항동,41-82,17.16,,500,47,2,23,2012,갱신,26.06~28.06,500.0,44.0,,,
화곡동,202605,연립다세대_전월세,DS에코타운(471-18),화곡동,471-18,29.98,,15100,7,2,31,2014,갱신,26.07~28.07,15100.0,,,,
화곡동,202605,연립다세대_전월세,아이디움,화곡동,102-121,26.42,,13200,32,2,29,2016,신규,26.06~28.06,,,,,
화곡동,202605,연립다세대_전월세,성원파크빌,화곡동,56-437,42.04,,13600,0,2,29,2008,신규,26.06~28.06,,,,,
방화동,202605,연립다세대_전월세,(260-29),방화동,260-29,45.67,,200,30,3,8,2003,신규,26.06~28.05,,,,,
등촌동,202605,연립다세대_전월세,목련주택,등촌동,643-44,82.24,,24000,0,2,12,1980,신규,26.06~28.06,,,,,
화곡동,202605,연립다세대_전월세,휴&유빌,화곡동,1100-3,29.27,,24000,0,4,29,2020,신규,26.07~28.07,,,,,
화곡동,202605,연립다세대_전월세,신성리치빌Ⅰ(357-16),화곡동,357-16,34.55,,19845,7,6,28,2013,갱신,26.05~26.06,19845.0,3.0,,,
화곡동,202605,연립다세대_전월세,동광빌라5차,화곡동,98-168,46.8,,16800,0,1,30,1996,갱신,26.06~28.06,16800.0,,,,
방화동,202605,연립다세대_전월세,디오빌,방화동,247-170,33.42,,500,46,4,30,2002,갱신,26.06~28.06,500.0,47.0,,,
방화동,202605,연립다세대_전월세,골든팰리스(598-148),방화동,598-148,29.91,,18000,0,6,28,2018,신규,26.09~28.09,,,,,
공항동,202605,연립다세대_전월세,헬리그라프마곡에디션,공항동,8-5,29.08,,2000,135,6,27,2024,신규,26.05~28.05,,,,,
염창동,202605,연립다세대_전월세,삼성펠리체,염창동,242-40,29.77,,21000,4,4,30,2013,신규,26.07~28.07,,,,,
화곡동,202605,연립다세대_전월세,삼흥주택,화곡동,922-7,45.1,,8700,0,3,22,1986,신규,26.06~28.06,,,,,
화곡동,202605,연립다세대_전월세,라인파크,화곡동,98-126,28.68,,1000,85,2,10,2019,신규,26.05~27.05,,,,,
화곡동,202605,연립다세대_전월세,다니엘빌딩,화곡동,400-61,19.07,,6000,8,3,10,2006,갱신,26.06~28.06,6200.0,8.0,,,
화곡동,202605,연립다세대_전월세,우화그린(969-13),화곡동,969-13,29.78,,12500,23,2,21,2012,신규,26.06~28.06,,,,,
화곡동,202605,연립다세대_전월세,혜성팰리스,화곡동,930-1,29.79,,21100,6,5,29,2019,신규,26.07~28.07,,,,,
외발산동,202605,연립다세대_전월세,수명산파크빌,외발산동,217-5,36.94,,3000,76,4,9,2012,신규,26.06~28.05,,,,,
화곡동,202605,연립다세대_전월세,신영탑스빌B,화곡동,861-33,45.9,,13700,6,5,30,2002,신규,26.08~28.08,,,,,
화곡동,202605,연립다세대_전월세,산장하이츠,화곡동,167-44,38.16,,8600,20,1,31,1991,신규,26.07~28.07,,,,,
방화동,202605,연립다세대_전월세,로뎀원빌(608-18),방화동,608-18,17.39,,7350,18,3,27,2015,갱신,26.06~28.06,7350.0,,,,
화곡동,202605,연립다세대_전월세,경민아트빌(105-21번지),화곡동,105-21,29.01,,3000,80,2,22,2016,신규,26.07~28.07,,,,,
화곡동,202605,연립다세대_전월세,무등빌라,화곡동,952-3,36.88,,9350,14,1,29,1990,신규,26.07~28.07,,,,,
공항동,202605,연립다세대_전월세,올림푸스(다동),공항동,53-17,29.935,,2000,80,2,23,2011,신규,26.07~28.07,,,,,
화곡동,202605,연립다세대_전월세,서일맨션,화곡동,1132-8,92.63,,5000,65,1,7,1981,신규,26.06~28.05,,,,,
화곡동,202605,연립다세대_전월세,성림파크빌A동,화곡동,46-408,43.57,,1000,80,4,1,2002,신규,26.06~28.06,,,,,
마곡동,202605,연립다세대_전월세,대호빌라A동,마곡동,1356,54.46,,2000,70,4,30,1993,신규,26.07~28.07,,,,,
화곡동,202605,연립다세대_전월세,양원빌라,화곡동,425-5,44.91,,2000,70,2,30,1992,신규,26.07~28.07,,,,,
등촌동,202605,연립다세대_전월세,아리움205,등촌동,510-15,22.66,,5000,104,2,30,2023,신규,26.07~28.07,,,,,
화곡동,202605,연립다세대_전월세,드리미타운(858-1),화곡동,858-1,38.22,,22400,0,2,30,2015,신규,26.07~28.07,,,,,
내발산동,202605,연립다세대_전월세,제이에스해슬리,내발산동,671-22,40.05,,37400,0,2,30,2024,신규,26.06~28.06,,,,,
화곡동,202605,연립다세대_전월세,금강아크로빌(56-424),화곡동,56-424,37.21,,10000,10,3,26,2002,신규,26.07~28.07,,,,,
마곡동,202605,연립다세대_전월세,웰스파크빌,마곡동,348-23,54.64,,27000,0,3,4,2015,신규,26.07~28.07,,,,,
화곡동,202605,연립다세대_전월세,웰피아(796-13),화곡동,796-13,29.88,,18900,0,5,5,2014,신규,26.05~28.05,,,,,
방화동,202605,연립다세대_전월세,아이디주택,방화동,249-23,29.65,,24000,0,6,24,2018,갱신,26.07~28.07,24000.0,,사용,,
화곡동,202605,연립다세대_전월세,나리빌라,화곡동,42-51,49.52,,10000,15,2,23,1990,신규,26.06~28.06,,,,,
방화동,202605,연립다세대_전월세,하이골드빌,방화동,612-202,19.84,,12400,10,7,13,2019,갱신,26.06~28.06,12400.0,8.0,,,
화곡동,202605,연립다세대_전월세,그레이스빌(774-20),화곡동,774-20,24.61,,10000,55,4,21,2021,신규,26.05~28.05,,,,,
화곡동,202605,연립다세대_전월세,한라홈타운,화곡동,395-3,59.87,,15800,27,1,22,2001,신규,26.07~28.07,,,,,
외발산동,202605,연립다세대_전월세,센트리움,외발산동,231-10,28.96,,19000,0,2,26,2018,신규,26.06~28.06,,,,,
화곡동,202605,연립다세대_전월세,(995-10),화곡동,995-10,44.91,,6000,31,2,15,2003,신규,26.06~28.06,,,,,
화곡동,202605,연립다세대_전월세,서우에코빌,화곡동,111-104,40.4,,14860,20,2,20,2010,신규,26.06~28.06,,,,,
화곡동,202605,연립다세대_전월세,신안맨션,화곡동,875-11,50.61,,13000,0,2,29,2002,신규,26.05~28.05,,,,,
공항동,202605,연립다세대_전월세,태영팰리스,공항동,678-5,37.83,,12000,43,3,29,2016,신규,26.06~28.06,,,,,
화곡동,202605,연립다세대_전월세,동우맨션라동,화곡동,408-53,29.2,,8215,14,5,23,2001,신규,26.06~28.06,,,,,
화곡동,202605,연립다세대_전월세,casagio,화곡동,1115-34,29.98,,3000,120,3,1,2019,신규,26.05~28.05,,,,,
화곡동,202605,연립다세대_전월세,명진주택,화곡동,346-40,60.12,,18500,0,3,29,2001,갱신,26.06~28.06,18500.0,,,,
화곡동,202605,연립다세대_전월세,황금아트빌라,화곡동,46-157,40.73,,10800,15,2,22,1994,신규,26.07~28.07,,,,,
화곡동,202605,연립다세대_전월세,노블레스빌,화곡동,410-155,40.36,,13000,3,3,12,2008,신규,26.06~28.06,,,,,
화곡동,202605,연립다세대_전월세,별장빌라,화곡동,488-29,57.61,,3000,50,3,24,1993,신규,26.06~28.06,,,,,
화곡동,202605,연립다세대_전월세,남성아트빌,화곡동,1045-8,36.31,,24000,0,4,15,2017,신규,26.05~28.05,,,,,
화곡동,202605,연립다세대_전월세,인터시티(394-9),화곡동,394-9,70.33,,3000,80,1,15,2002,신규,26.05~28.05,,,,,
화곡동,202605,연립다세대_전월세,위더스빌,화곡동,894-13,20.1,,11700,0,9,22,2013,신규,26.06~28.06,,,,,
등촌동,202605,연립다세대_전월세,형지씨엔씨타운,등촌동,518-14,29.08,,10000,60,3,29,2012,신규,26.06~28.06,,,,,
내발산동,202605,연립다세대_전월세,제이에스해슬리,내발산동,671-22,29.91,,27970,0,3,28,2024,신규,26.07~28.07,,,,,
화곡동,202605,연립다세대_전월세,남광아트빌,화곡동,1047-33,44.78,,19000,5,3,29,2012,갱신,26.07~28.07,19000.0,,사용,,
공항동,202605,연립다세대_전월세,경동팰리스(41-119),공항동,41-119,29.78,,10000,25,4,12,2010,신규,26.06~28.06,,,,,
화곡동,202605,연립다세대_전월세,인터시티빌라가동,화곡동,410-166,44.98,,9500,0,4,16,2002,신규,26.07~28.07,,,,,
화곡동,202605,연립다세대_전월세,벨라하우스(354-23번지),화곡동,354-23,38.19,,18979,15,3,27,2016,갱신,26.06~28.06,17885.0,15.0,,,
화곡동,202605,연립다세대_전월세,혜성빌라(24-75),화곡동,24-75,44.77,,10600,40,1,21,2002,신규,26.06~28.06,,,,,
공항동,202605,연립다세대_전월세,위하우스,공항동,664,33.46,,26500,0,2,23,2021,신규,26.06~28.06,,,,,
화곡동,202605,연립다세대_전월세,청구빌라(51-49),화곡동,51-49,58.39,,15000,0,4,20,1995,갱신,26.06~28.06,15000.0,,사용,,
마곡동,202605,연립다세대_전월세,마곡서림빌,마곡동,1335,29.8,,24500,0,2,28,2022,신규,26.06~28.06,,,,,
화곡동,202605,연립다세대_전월세,광명빌라7차(56-162),화곡동,56-162,45.81,,9979,20,1,23,1994,신규,26.06~28.06,,,,,
화곡동,202605,연립다세대_전월세,해비치빌,화곡동,1040,31.95,,27000,0,3,28,2019,신규,26.08~28.08,,,,,
화곡동,202605,연립다세대_전월세,연희파크,화곡동,42-5,39.8,,8700,0,4,23,1991,신규,26.06~28.06,,,,,
화곡동,202605,연립다세대_전월세,상빌라(56-155),화곡동,56-155,36.9,,3000,50,1,1,1992,신규,26.05~28.05,,,,,
방화동,202605,연립다세대_전월세,공원빌,방화동,132-90,40.95,,6000,80,3,28,2010,신규,26.05~28.05,,,,,
화곡동,202605,연립다세대_전월세,신하우스,화곡동,987-10,29.88,,2000,85,7,9,2016,신규,26.05~27.05,,,,,
화곡동,202605,연립다세대_전월세,에스엠파크빌(101동102동),화곡동,424-66,32.52,,5000,80,3,23,2014,신규,26.06~28.06,,,,,
화곡동,202605,연립다세대_전월세,스페이스빌에이동,화곡동,871-19,28.44,,200,60,3,7,2016,신규,26.05~27.05,,,,,
방화동,202605,연립다세대_전월세,레드빌,방화동,356,56.87,,18520,0,4,27,2011,갱신,26.06~28.06,17640.0,,사용,,
화곡동,202605,연립다세대_전월세,명주빌하모니,화곡동,977-23,52.35,,14800,20,4,15,2002,신규,26.07~28.07,,,,,
등촌동,202605,연립다세대_전월세,경진빌딩,등촌동,660-3,31.54,,5000,35,4,28,2003,신규,26.06~28.06,,,,,
등촌동,202605,연립다세대_전월세,우림빌라,등촌동,514-34,58.56,,19700,0,2,28,2002,신규,26.07~28.07,,,,,
화곡동,202605,연립다세대_전월세,M펠리체,화곡동,830-2,36.49,,25578,0,2,28,2018,신규,26.07~28.07,,,,,
마곡동,202605,연립다세대_전월세,마곡스카이B단지,마곡동,1245,40.27,,24500,0,5,28,2019,신규,26.08~28.08,,,,,
가양동,202605,연립다세대_전월세,세종보타닉2차,가양동,251-2,23.41,,23400,0,5,26,2020,갱신,26.06~28.06,24000.0,,,,
화곡동,202605,연립다세대_전월세,창원빌리지,화곡동,1114-3,41.82,,17640,10,4,28,2013,갱신,26.07~28.07,17640.0,,사용,,
화곡동,202605,연립다세대_전월세,동양스위트홈,화곡동,332-11,60.36,,19000,0,4,28,2008,갱신,26.06~28.05,16000.0,,,,
화곡동,202605,연립다세대_전월세,케렌시아,화곡동,359-89,43.56,,3000,155,6,25,2022,신규,26.05~28.05,,,,,
화곡동,202605,연립다세대_전월세,송천빌라,화곡동,56-10,46.38,,12000,20,2,23,2002,신규,26.06~28.06,,,,,
화곡동,202605,연립다세대_전월세,스페이스빌(468-4),화곡동,468-4,59.75,,18000,0,5,6,2010,신규,26.06~28.06,,,,,
화곡동,202605,연립다세대_전월세,남광세르빌,화곡동,811-1,44.09,,16500,10,4,23,2010,신규,26.07~28.07,,,,,
화곡동,202605,연립다세대_전월세,도원힐라이프1,화곡동,50-79,14.13,,1000,80,4,13,2016,신규,26.05~28.05,,,,,
화곡동,202605,연립다세대_전월세,더원레오빌,화곡동,355-43,16.99,,18270,10,5,23,2021,갱신,26.06~28.06,20200.0,,,,
등촌동,202605,연립다세대_전월세,동서타운(656-65),등촌동,656-65,18.06,,1000,32,4,6,2002,신규,26.05~28.05,,,,,
화곡동,202605,연립다세대_전월세,더뉴리빙,화곡동,808-4,23.61,,50,90,3,27,2018,신규,26.05~26.09,,,,,
화곡동,202605,연립다세대_전월세,대성아트빌,화곡동,392-17,29.78,,18900,0,3,19,2019,갱신,26.07~28.07,18900.0,,사용,,
방화동,202605,연립다세대_전월세,하얀집,방화동,645-20,20.75,,5000,40,2,27,2019,갱신,26.07~27.07,5000.0,40.0,,,
등촌동,202605,연립다세대_전월세,리첸힐,등촌동,643-46,29.99,,3000,87,2,27,2018,신규,26.08~28.07,,,,,
화곡동,202605,연립다세대_전월세,미래빌라트,화곡동,1054-3,46,,13000,16,4,15,2000,신규,26.06~28.06,,,,,
화곡동,202605,연립다세대_전월세,서울빌라,화곡동,815-8,56.59,,17000,10,3,20,2002,신규,26.06~28.06,,,,,
마곡동,202605,연립다세대_전월세,모닝빌,마곡동,327-46,52.18,,15400,0,3,23,2009,신규,26.05~28.05,,,,,
화곡동,202605,연립다세대_전월세,화곡갤럭시오피스텔,화곡동,105-357,24.86,,12000,60,4,21,2018,신규,26.06~28.06,,,,,
화곡동,202605,연립다세대_전월세,인베스트아트빌,화곡동,164-10,55.98,,15600,0,1,27,2007,신규,26.07~28.07,,,,,
공항동,202605,연립다세대_전월세,(1355-7),공항동,1355-7,15.725,,500,53,2,11,2011,신규,26.05~28.05,,,,,
화곡동,202605,연립다세대_전월세,벨라하우스Ⅱ,화곡동,793-8,42.94,,15000,10,4,7,2012,갱신,26.07~28.07,15000.0,,사용,,
화곡동,202605,연립다세대_전월세,해온캐슬,화곡동,362-79,27.64,,13000,31,5,19,2019,신규,26.06~28.06,,,,,
화곡동,202605,연립다세대_전월세,MARIGOLDvill,화곡동,59-17,29.97,,17000,19,2,27,2019,갱신,26.06~28.06,17000.0,15.0,사용,,
화곡동,202605,연립다세대_전월세,"다솜타운A,B",화곡동,1037-26,35.87,,6000,110,4,25,2013,신규,26.07~27.01,,,,,
화곡동,202605,연립다세대_전월세,아네스하우스,화곡동,773-12,65.82,,14200,40,1,16,2002,신규,26.06~28.06,,,,,
화곡동,202605,연립다세대_전월세,비에스하우징2,화곡동,424-100,39.32,,25000,0,3,27,2018,갱신,26.07~28.07,25000.0,,사용,,
화곡동,202605,연립다세대_전월세,리버캐슬,화곡동,869-1,29.9,,18640,0,5,23,2019,신규,26.07~28.07,,,,,
화곡동,202605,연립다세대_전월세,(409-97),화곡동,409-97,45.87,,11790,24,2,18,1987,신규,26.06~28.06,,,,,
화곡동,202605,연립다세대_전월세,MARIGOLDvill,화곡동,59-17,29.77,,18270,0,2,15,2019,신규,26.06~28.06,,,,,
화곡동,202605,연립다세대_전월세,태영아트빌(370-107),화곡동,370-107,59.07,,22000,0,2,21,2011,신규,26.06~28.06,,,,,
화곡동,202605,연립다세대_전월세,진주하이츠빌라,화곡동,810-1,43.8,,12500,0,4,19,1994,신규,26.06~28.06,,,,,
화곡동,202605,연립다세대_전월세,HIGH-END480,화곡동,480-14,29.98,,22800,17,2,26,2023,신규,26.06~28.06,,,,,
등촌동,202605,연립다세대_전월세,도원더52,등촌동,565-6,17.53,,12000,70,12,19,2022,신규,26.06~28.06,,,,,
화곡동,202605,연립다세대_전월세,미래하이츠(410-40),화곡동,410-40,38.76,,1500,65,3,6,2002,신규,26.05~28.05,,,,,
화곡동,202605,연립다세대_전월세,위더스빌,화곡동,894-13,20.1,,11200,10,8,22,2013,갱신,26.06~28.06,13300.0,,,,
화곡동,202605,연립다세대_전월세,(424-25),화곡동,424-25,36.12,,2000,60,2,19,1991,신규,26.05~28.05,,,,,
마곡동,202605,연립다세대_전월세,마곡스카이B단지,마곡동,1245,57.37,,11856,10,3,26,2019,갱신,26.07~28.06,11521.0,89.0,,,
등촌동,202605,연립다세대_전월세,거산파크빌,등촌동,506-25,16.37,,2000,75,3,26,2016,신규,26.08~28.08,,,,,
방화동,202605,연립다세대_전월세,제이스빌(645-32),방화동,645-32,28.73,,21200,0,4,13,2020,신규,26.05~28.05,,,,,
내발산동,202605,연립다세대_전월세,글로리아빌라트,내발산동,709-30,52.14,,7000,61,3,26,1994,신규,26.07~28.07,,,,,
공항동,202605,연립다세대_전월세,마곡디엠팰리스,공항동,665-4,26.4,,23400,0,3,22,2022,신규,26.06~28.06,,,,,
화곡동,202605,연립다세대_전월세,동우하이빌,화곡동,1035-3,28.7,,5000,95,2,18,2021,신규,26.05~28.05,,,,,
화곡동,202605,연립다세대_전월세,(1164-0),화곡동,1164,18.36,,500,58,3,23,2014,신규,26.05~28.05,,,,,
방화동,202605,연립다세대_전월세,메종드아이디,방화동,612-147,28.34,,23400,10,9,26,2021,신규,26.07~28.07,,,,,
화곡동,202605,연립다세대_전월세,동선벨리체(366-57),화곡동,366-57,29.58,,22000,20,2,22,2021,신규,26.06~28.06,,,,,
공항동,202605,연립다세대_전월세,60-57,공항동,60-57,29.9,,1000,60,2,15,2019,신규,26.05~27.05,,,,,
방화동,202605,연립다세대_전월세,센터하임,방화동,249-254,28.47,,22000,0,6,26,2023,갱신,26.07~28.07,21000.0,,,,
화곡동,202605,연립다세대_전월세,블리스다임빌,화곡동,815-6,29.55,,5000,80,4,23,2023,신규,26.05~27.05,,,,,
화곡동,202605,연립다세대_전월세,파크카운티,화곡동,111-107,67.94,,18700,20,5,22,2007,신규,26.06~28.06,,,,,
화곡동,202605,연립다세대_전월세,(787-49),화곡동,787-49,49.17,,3000,80,3,25,2002,신규,26.06~28.06,,,,,
공항동,202605,연립다세대_전월세,신원아뜨리움12차,공항동,676-5,37.94,,20000,0,2,12,2017,갱신,26.07~28.07,20000.0,,,,
화곡동,202605,연립다세대_전월세,아줄리움,화곡동,367-50,26.5,,15300,23,7,25,2013,신규,26.07~28.07,,,,,
공항동,202605,연립다세대_전월세,어울림,공항동,652-4,15.075,,500,30,3,22,2012,신규,26.05~28.05,,,,,
공항동,202605,연립다세대_전월세,진하우스,공항동,60-117,14.43,,4900,1,2,9,2012,갱신,26.05~27.05,4900.0,,사용,,
마곡동,202605,연립다세대_전월세,샘터마을,마곡동,357-7,48.77,,19500,0,2,26,2002,신규,26.05~27.02,,,,,
화곡동,202605,연립다세대_전월세,계명주택가동,화곡동,1054,52.3,,16000,0,4,24,2000,신규,26.07~28.07,,,,,
화곡동,202605,연립다세대_전월세,태건빌라,화곡동,391-4,51.02,,7000,0,-1,20,1991,갱신,26.05~28.05,7000.0,,,,
화곡동,202605,연립다세대_전월세,스카이빌,화곡동,55-78,39.22,,12000,0,4,26,2008,갱신,26.06~28.06,11550.0,,,,
화곡동,202605,연립다세대_전월세,DS에코타운,화곡동,471-20,40.45,,19400,0,3,20,2014,신규,26.05~28.05,,,,,
공항동,202605,연립다세대_전월세,마곡디엠팰리스,공항동,665-4,26.4,,23500,0,4,23,2022,신규,26.07~28.07,,,,,
내발산동,202605,연립다세대_전월세,파인하우스,내발산동,686-3,25.68,,2000,80,4,23,2012,신규,26.06~28.06,,,,,
내발산동,202605,연립다세대_전월세,태경하이츠B동,내발산동,696-23,47.49,,3500,65,4,23,2002,신규,26.05~28.11,,,,,
화곡동,202605,연립다세대_전월세,예지팰리스89차,화곡동,112-50,34.74,,3000,120,4,22,2016,신규,26.07~28.07,,,,,
화곡동,202605,연립다세대_전월세,서광빌라(352-59),화곡동,352-59,51.06,,14400,20,3,26,2001,신규,26.06~28.06,,,,,
화곡동,202605,연립다세대_전월세,오화주택,화곡동,424-10,60.39,,3000,78,4,23,2000,갱신,26.05~28.05,3000.0,74.0,,,
등촌동,202605,연립다세대_전월세,그린빌비동,등촌동,647-90,29.66,,20000,15,2,23,2016,신규,26.07~28.07,,,,,
등촌동,202605,연립다세대_전월세,거산하이빌(533-18),등촌동,533-18,29.97,,20000,4,2,25,2014,갱신,26.05~28.05,20000.0,,,,
등촌동,202605,연립다세대_전월세,메종드NK,등촌동,649-13,26.69,,5000,120,10,23,2021,신규,26.07~28.07,,,,,
등촌동,202605,연립다세대_전월세,그랑빌,등촌동,645-17,47.05,,27000,0,3,23,2016,신규,26.08~28.08,,,,,
내발산동,202605,연립다세대_전월세,드림하우스,내발산동,708,12.4,,1000,47,3,1,2013,신규,26.05~27.05,,,,,
화곡동,202605,연립다세대_전월세,성진타운,화곡동,968-10,28.27,,14000,0,3,6,2012,갱신,26.05~28.05,12500.0,5.0,,,
등촌동,202605,연립다세대_전월세,반석빌라,등촌동,365-112,55.38,,12000,30,-1,13,1993,신규,26.05~28.05,,,,,
화곡동,202605,연립다세대_전월세,거성,화곡동,50-120,34.29,,700,77,2,9,1986,신규,26.05~28.05,,,,,
등촌동,202605,연립다세대_전월세,고센아트빌,등촌동,643-69,34.79,,29000,0,6,22,2015,갱신,26.06~28.09,28000.0,,,,
방화동,202605,연립다세대_전월세,초원힐,방화동,247-62,29.86,,18000,38,5,22,2019,신규,26.06~28.06,,,,,
화곡동,202605,연립다세대_전월세,자하클래식,화곡동,24-39,13.77,,3000,30,17,22,2018,신규,26.05~28.05,,,,,
공항동,202605,연립다세대_전월세,한솔그랜드빌,공항동,60-35,47.37,,17000,0,3,16,2003,신규,26.06~28.06,,,,,
화곡동,202605,연립다세대_전월세,위하우스(111-10),화곡동,111-10,28.4,,2000,80,5,5,2016,신규,26.05~28.05,,,,,
화곡동,202605,연립다세대_전월세,한터빌,화곡동,400-28,49.86,,3000,70,4,9,2002,신규,26.05~28.05,,,,,
화곡동,202605,연립다세대_전월세,강서더힐(962-4),화곡동,962-4,30.38,,12925,0,2,21,2013,갱신,26.05~28.05,12310.0,,,,
화곡동,202605,연립다세대_전월세,해성펠리스빌A,화곡동,869-5,60.42,,16000,30,1,15,2002,신규,26.07~28.07,,,,,
방화동,202605,연립다세대_전월세,대림캐슬(593-63),방화동,593-63,40.95,,300,120,2,19,2018,신규,26.05~26.11,,,,,
화곡동,202605,연립다세대_전월세,계명위너스(872-4),화곡동,872-4,39.83,,15200,15,2,4,2011,신규,26.06~28.06,,,,,
마곡동,202605,연립다세대_전월세,마곡서림빌,마곡동,1335,38.73,,28000,0,6,22,2022,신규,26.07~28.06,,,,,
공항동,202605,연립다세대_전월세,위하우스,공항동,664,33.46,,28300,10,3,21,2021,신규,26.06~28.06,,,,,
방화동,202605,연립다세대_전월세,JS뷰,방화동,249-190,19.74,,16630,0,6,4,2018,신규,26.05~28.05,,,,,
방화동,202605,연립다세대_전월세,트윈빌A동,방화동,247-171,23.9,,9400,0,2,20,2010,갱신,26.06~28.06,9000.0,,,,
공항동,202605,연립다세대_전월세,웰스바움,공항동,53-96,29.77,,23300,0,6,21,2021,신규,26.05~28.05,,,,,
화곡동,202605,연립다세대_전월세,형지트윈빌(469-27),화곡동,469-27,29.8,,9900,25,3,20,2012,신규,26.06~28.06,,,,,
화곡동,202605,연립다세대_전월세,센트빌3차,화곡동,105-22,45.64,,14000,30,2,19,2011,신규,26.06~28.06,,,,,
내발산동,202605,연립다세대_전월세,아데나캐슬101동,내발산동,651-6,37.59,,26000,0,3,7,2015,갱신,26.05~26.09,26000.0,,,,
화곡동,202605,연립다세대_전월세,신흥뜨란채,화곡동,105-142,40.99,,22800,0,6,22,2017,신규,26.07~28.07,,,,,
등촌동,202605,연립다세대_전월세,이노셀,등촌동,568-6,38.13,,25700,15,4,5,2018,신규,26.06~28.06,,,,,
화곡동,202605,연립다세대_전월세,세명센스빌(58-18),화곡동,58-18,76.77,,16000,0,1,20,2003,갱신,26.05~28.05,16000.0,,,,
화곡동,202605,연립다세대_전월세,동선벨리체(366-57),화곡동,366-57,19.03,,14040,0,6,13,2021,신규,26.06~28.06,,,,,
화곡동,202605,연립다세대_전월세,웰빙라이프(155-6),화곡동,155-6,61.66,,17100,0,5,22,2011,갱신,26.05~28.05,17000.0,,사용,,
공항동,202605,연립다세대_전월세,재성빌,공항동,681,27.66,,2500,100,2,4,2023,신규,26.06~28.05,,,,,
화곡동,202605,연립다세대_전월세,금강누리빌(998-10),화곡동,998-10,15.72,,6800,3,7,19,2012,갱신,26.07~27.07,6800.0,3.0,,,
화곡동,202605,연립다세대_전월세,대성탑스빌,화곡동,159-20,39.88,,13000,20,5,12,2008,신규,26.06~28.06,,,,,
화곡동,202605,연립다세대_전월세,태화빌라(333-11),화곡동,333-11,44.29,,12400,20,1,21,2002,신규,26.06~28.06,,,,,
화곡동,202605,연립다세대_전월세,광명하이츠3차,화곡동,856-4,50.22,,16200,3,3,19,1993,갱신,26.06~28.06,16200.0,,,,
화곡동,202605,연립다세대_전월세,동도파크뷰(813-13),화곡동,813-13,29.73,,11880,30,3,18,2013,신규,26.06~28.06,,,,,
화곡동,202605,연립다세대_전월세,나래쉐르빌,화곡동,158-44,68.18,,13000,0,-1,21,2003,갱신,26.06~28.06,10000.0,,,,
화곡동,202605,연립다세대_전월세,미래하이츠(409-47),화곡동,409-47,42.25,,12000,30,2,13,2001,신규,26.07~28.07,,,,,
화곡동,202605,연립다세대_전월세,풍전빌라,화곡동,98-155,67.96,,19000,0,3,21,2002,신규,26.07~28.07,,,,,
방화동,202605,연립다세대_전월세,신방화아이디움,방화동,249-101,29.69,,16750,16,3,21,2016,갱신,26.07~28.07,16750.0,12.0,사용,,
공항동,202605,연립다세대_전월세,진하우스,공항동,60-117,68.56,,23600,4,5,16,2012,신규,26.05~27.05,,,,,
화곡동,202605,연립다세대_전월세,블리스다임빌,화곡동,815-6,29.12,,21400,0,2,19,2023,신규,26.06~28.06,,,,,
방화동,202605,연립다세대_전월세,불루힐,방화동,260-28,27.38,,16750,13,5,21,2015,갱신,26.06~28.06,16600.0,10.0,,,
화곡동,202605,연립다세대_전월세,호수타운(105-81),화곡동,105-81,47.26,,13000,0,2,20,2002,신규,26.05~28.05,,,,,
화곡동,202605,연립다세대_전월세,소망빌라,화곡동,857-16,56.79,,15000,40,4,11,2002,신규,26.06~28.06,,,,,
화곡동,202605,연립다세대_전월세,다울네버빌(1038-11),화곡동,1038-11,58.3,,9000,0,4,14,2000,신규,26.05~28.05,,,,,
화곡동,202605,연립다세대_전월세,아름파크빌라,화곡동,398-22,62.44,,16300,10,4,12,1992,신규,26.07~28.07,,,,,
등촌동,202605,연립다세대_전월세,"사랑채(가,나)",등촌동,515-6,60.32,,25000,10,4,20,2010,신규,26.07~28.07,,,,,
화곡동,202605,연립다세대_전월세,동아주택C동,화곡동,349-8,35.78,,11000,0,1,15,1986,갱신,26.05~28.05,11000.0,,사용,,
화곡동,202605,연립다세대_전월세,금호주택,화곡동,372-76,72.25,,12100,0,-1,13,1996,갱신,26.07~28.07,8500.0,15.0,,,
내발산동,202605,연립다세대_전월세,한신주아빌,내발산동,710-26,40.25,,22000,0,3,21,2018,갱신,26.05~28.05,22000.0,,,,
화곡동,202605,연립다세대_전월세,명신타운8차B동,화곡동,351-23,61.2,,17000,0,5,20,2002,갱신,26.05~27.05,17000.0,,,,
화곡동,202605,연립다세대_전월세,대덕빌라(455-23),화곡동,455-23,43.02,,10100,20,2,12,2000,갱신,26.07~28.07,9950.0,,,,
화곡동,202605,연립다세대_전월세,더스위트(73-78),화곡동,73-78,28.73,,500,40,2,21,2022,신규,26.05~26.07,,,,,
화곡동,202605,연립다세대_전월세,다원슈슈빌12차,화곡동,472-6,41.78,,16500,15,4,13,2011,신규,26.07~28.07,,,,,
화곡동,202605,연립다세대_전월세,킹덤그레이스,화곡동,111-84,27.39,,400,60,3,18,2018,신규,26.05~26.11,,,,,
화곡동,202605,연립다세대_전월세,서림그랑빌,화곡동,504-51,28.94,,18270,0,3,21,2019,신규,26.08~28.08,,,,,
등촌동,202605,연립다세대_전월세,유원더블레스,등촌동,637-27,14.64,,22800,3,11,21,2020,갱신,26.06~28.05,23600.0,,,,
화곡동,202605,연립다세대_전월세,동도하이츠빌라7차(346-96),화곡동,346-96,60.51,,18600,15,4,21,1996,신규,26.06~28.06,,,,,
화곡동,202605,연립다세대_전월세,리더스타운(397-6),화곡동,397-6,29.59,,3000,70,4,20,2016,신규,26.05~28.05,,,,,
가양동,202605,연립다세대_전월세,한림베스트빌라,가양동,237-4,63.56,,10000,65,1,20,2000,갱신,26.06~28.06,10000.0,60.0,,,
등촌동,202605,연립다세대_전월세,멤버스빌B동,등촌동,574-1,29.9,,16500,0,4,20,2016,신규,26.06~28.06,,,,,
공항동,202605,연립다세대_전월세,재성빌,공항동,681,27.66,,2500,100,4,20,2023,갱신,26.05~28.05,2000.0,100.0,,,
화곡동,202605,연립다세대_전월세,샤인에버빌가동,화곡동,393-13,64.62,,15000,0,4,16,2002,갱신,26.06~28.06,15000.0,,사용,,
화곡동,202605,연립다세대_전월세,대한빌라7차,화곡동,337-7,54.3,,14200,20,3,19,1992,신규,26.06~28.06,,,,,
화곡동,202605,연립다세대_전월세,공감지음410,화곡동,410-132,26.2,,500,55,3,19,2021,신규,26.05~28.05,,,,,
화곡동,202605,연립다세대_전월세,성도베스트홈,화곡동,424-79,65.54,,20900,0,2,18,2007,신규,26.06~28.06,,,,,
화곡동,202605,연립다세대_전월세,대광아트빌라,화곡동,46-103,60.4,,15600,10,3,19,1996,신규,26.06~28.06,,,,,
화곡동,202605,연립다세대_전월세,정현빌라(98-39),화곡동,98-39,58.2,,18390,30,3,20,2001,신규,26.06~28.06,,,,,
등촌동,202605,연립다세대_전월세,로얄맨션(나),등촌동,365-23,45.05,,2000,85,3,15,2003,신규,26.06~29.06,,,,,
화곡동,202605,연립다세대_전월세,동진아트빌,화곡동,46-106,27.31,,11400,40,5,13,2018,갱신,26.06~28.06,11400.0,36.0,사용,,
화곡동,202605,연립다세대_전월세,밀레니엄A,화곡동,884-16,67.82,,14100,2,-1,9,2002,신규,26.06~28.06,,,,,
화곡동,202605,연립다세대_전월세,더에스에스타운,화곡동,1051-24,17.91,,4506,19,11,18,2020,갱신,26.07~28.06,4440.0,15.0,,,
화곡동,202605,연립다세대_전월세,라온빌,화곡동,1042-31,29.85,,18390,12,3,15,2018,신규,26.06~28.06,,,,,
화곡동,202605,연립다세대_전월세,제선그랜드빌(160-33),화곡동,160-33,48.01,,17136,0,2,17,2009,신규,26.05~26.06,,,,,
화곡동,202605,연립다세대_전월세,삼성탑스빌(102-73),화곡동,102-73,55.7,,17500,0,3,20,2008,갱신,26.06~28.06,17500.0,,사용,,
마곡동,202605,연립다세대_전월세,신안(327-53),마곡동,327-53,49.68,,23000,0,3,18,1984,신규,26.06~28.06,,,,,
화곡동,202605,연립다세대_전월세,대륙타운,화곡동,914-16,29.07,,16500,20,5,18,2017,갱신,26.06~27.06,18000.0,,,,
화곡동,202605,연립다세대_전월세,로얄하이츠,화곡동,933-8,36.96,,1000,90,4,20,2010,신규,26.06~28.06,,,,,
등촌동,202605,연립다세대_전월세,(530-4),등촌동,530-4,48.72,,11200,0,-1,19,1991,신규,26.06~28.06,,,,,
화곡동,202605,연립다세대_전월세,모노5차,화곡동,105-255,44.92,,20000,20,2,15,2017,신규,26.06~28.06,,,,,
화곡동,202605,연립다세대_전월세,진성빌라(98-132),화곡동,98-132,57.09,,16000,25,2,15,1995,신규,26.06~28.06,,,,,
화곡동,202605,연립다세대_전월세,(878-15),화곡동,878-15,35.55,,6500,0,1,19,1987,신규,26.05~27.08,,,,,
화곡동,202605,연립다세대_전월세,경민아트빌(393-21),화곡동,393-21,23.97,,3000,80,7,12,2017,신규,26.05~28.05,,,,,
공항동,202605,연립다세대_전월세,수명그린빌에이동비동,공항동,53-93,37.29,,6500,60,4,14,2016,갱신,26.05~27.04,3000.0,80.0,,,
공항동,202605,연립다세대_전월세,아이디움,공항동,11-13,31.17,,15500,27,3,16,2015,갱신,26.05~28.05,15000.0,25.0,사용,,
방화동,202605,연립다세대_전월세,은하수빌,방화동,592-6,45.9,,14000,0,3,20,2001,신규,26.07~28.06,,,,,
화곡동,202605,연립다세대_전월세,지디로뷰,화곡동,846-38,27.57,,17910,0,5,18,2020,신규,26.07~28.07,,,,,
화곡동,202605,연립다세대_전월세,대명스카이,화곡동,1114-1,68.69,,5000,105,5,20,2015,신규,26.05~27.09,,,,,
화곡동,202605,연립다세대_전월세,신흥하이빌,화곡동,164-11,54.39,,17892,2,3,19,2010,갱신,26.05~28.05,17640.0,,사용,,
등촌동,202605,연립다세대_전월세,리첸힐,등촌동,643-46,26.23,,17300,22,5,18,2018,갱신,26.06~27.08,17300.0,20.0,사용,,
방화동,202605,연립다세대_전월세,마곡킹덤펜타리움,방화동,612,23.53,,17000,25,10,19,2021,신규,26.06~28.06,,,,,
화곡동,202605,연립다세대_전월세,다나네스트빌(56-587),화곡동,56-587,39.19,,1500,75,5,19,2008,신규,26.07~28.07,,,,,
외발산동,202605,연립다세대_전월세,수명산파크빌,외발산동,217-5,36.94,,2000,77,2,1,2012,신규,26.05~28.05,,,,,
화곡동,202605,연립다세대_전월세,(1057-8),화곡동,1057-8,70.1,,9000,57,2,15,2003,갱신,26.06~28.06,9000.0,53.0,,,
화곡동,202605,연립다세대_전월세,샤인더힐화곡,화곡동,352-6,29.53,,1000,110,6,13,2023,신규,26.05~27.05,,,,,
화곡동,202605,연립다세대_전월세,남성아트빌1,화곡동,354-6,25.22,,15200,12,7,14,2015,신규,26.07~28.07,,,,,
화곡동,202605,연립다세대_전월세,라온빌,화곡동,1042-31,17.49,,11400,22,5,15,2018,신규,26.06~28.06,,,,,
화곡동,202605,연립다세대_전월세,호수빌라(56-398),화곡동,56-398,45.32,,300,40,3,7,2001,신규,26.05~27.05,,,,,
화곡동,202605,연립다세대_전월세,산장빌라(105-466),화곡동,105-466,45.6,,10000,21,2,13,1991,신규,26.07~28.07,,,,,
방화동,202605,연립다세대_전월세,라테라스,방화동,498-4,23.54,,22000,0,13,19,2020,신규,26.07~28.07,,,,,
화곡동,202605,연립다세대_전월세,삼성그린빌(810-5),화곡동,810-5,27.89,,1000,70,2,15,2011,신규,26.06~28.06,,,,,
화곡동,202605,연립다세대_전월세,태원연립,화곡동,772-53,40.53,,11500,25,3,19,1981,갱신,26.06~28.06,11500.0,25.0,사용,,
염창동,202605,연립다세대_전월세,염창빌라,염창동,272-25,37.56,,9900,0,1,1,1993,갱신,26.06~28.06,9900.0,,,,
등촌동,202605,연립다세대_전월세,두보하이츠빌라,등촌동,515-44,53.22,,5000,80,3,16,1988,신규,26.07~28.07,,,,,
화곡동,202605,연립다세대_전월세,경동팰리스(842-22),화곡동,842-22,73.29,,26000,0,4,16,2008,신규,26.08~28.08,,,,,
화곡동,202605,연립다세대_전월세,서경팰리스,화곡동,24-345,26.95,,18500,9,7,18,2019,신규,26.06~27.08,,,,,
등촌동,202605,연립다세대_전월세,현대하이츠,등촌동,365-19,28.16,,9000,36,4,15,2015,갱신,26.06~28.06,9000.0,32.0,,,
화곡동,202605,연립다세대_전월세,청송평화하이맨션(392-18),화곡동,392-18,66.48,,18000,0,3,19,2007,갱신,26.05~28.05,18000.0,,,,
방화동,202605,연립다세대_전월세,태성골든빌,방화동,249-17,28.45,,2000,85,7,5,2016,신규,26.06~28.06,,,,,
화곡동,202605,연립다세대_전월세,다나네스트빌(56-379),화곡동,56-379,40.44,,16350,4,3,16,2008,갱신,26.06~28.06,15798.0,3.0,사용,,
화곡동,202605,연립다세대_전월세,한강S-클래스(1084-30),화곡동,1084-30,29.92,,11100,20,2,11,2012,갱신,26.06~28.06,14100.0,,,,
화곡동,202605,연립다세대_전월세,DH팰리스102동,화곡동,1067-13,27.9,,19500,0,6,15,2018,갱신,26.06~28.06,18500.0,,,,
화곡동,202605,연립다세대_전월세,센트리움,화곡동,1133-2,35.83,,19000,29,5,18,2016,갱신,26.05~28.03,22800.0,5.0,사용,,
등촌동,202605,연립다세대_전월세,소담밸리,등촌동,365-197,29.74,,25200,15,2,18,2017,신규,26.07~28.07,,,,,
화곡동,202605,연립다세대_전월세,금강빌라,화곡동,931-7,59.81,,2000,100,2,19,1994,신규,26.07~28.07,,,,,
화곡동,202605,연립다세대_전월세,포르테하임Ⅱ(FORTEHEIMⅡ),화곡동,421-21,28.91,,100,80,3,15,2022,신규,26.05~27.05,,,,,
화곡동,202605,연립다세대_전월세,에코하우스,화곡동,369-19,22,,18900,0,3,16,2021,신규,26.06~28.06,,,,,
내발산동,202605,연립다세대_전월세,롯데타운,내발산동,694-1,36.51,,14230,0,2,17,2011,갱신,26.05~28.05,14230.0,,,,
화곡동,202605,연립다세대_전월세,남성아트빌(423-14),화곡동,423-14,24.7,,14000,16,6,18,2014,신규,26.08~28.08,,,,,
내발산동,202605,연립다세대_전월세,드림하우스,내발산동,708,12.4,,1000,47,4,11,2013,신규,26.05~27.05,,,,,
등촌동,202605,연립다세대_전월세,삼성오투빌,등촌동,365-212,24,,1000,49,3,16,2002,신규,26.05~27.05,,,,,
화곡동,202605,연립다세대_전월세,(1053-1),화곡동,1053-1,55.35,,19000,0,2,13,2002,갱신,26.06~28.06,18400.0,,,,
화곡동,202605,연립다세대_전월세,엘지드림빌비동,화곡동,879-25,58.53,,3000,50,2,1,2003,신규,26.05~30.05,,,,,
화곡동,202605,연립다세대_전월세,그린리치빌,화곡동,978-7,34.14,,3000,60,3,18,2002,신규,26.07~28.07,,,,,
공항동,202605,연립다세대_전월세,아이디빌,공항동,659-4,34.32,,15000,0,4,17,2012,신규,26.07~28.07,,,,,
화곡동,202605,연립다세대_전월세,HIGH-END480,화곡동,480-14,29.98,,22800,17,2,14,2023,신규,26.06~28.06,,,,,
화곡동,202605,연립다세대_전월세,(859-6),화곡동,859-6,27.75,,500,62,3,16,2003,신규,26.07~28.07,,,,,
등촌동,202605,연립다세대_전월세,멤버스빌A동,등촌동,574-9,29.89,,17900,0,4,18,2016,갱신,26.07~28.07,17100.0,,,,
화곡동,202605,연립다세대_전월세,동도파크뷰,화곡동,884-18,34.625,,18200,0,4,16,2012,갱신,26.06~28.06,17000.0,,,,
화곡동,202605,연립다세대_전월세,더숨153,화곡동,1169,14.71,,16100,0,5,14,2021,신규,26.06~28.06,,,,,
화곡동,202605,연립다세대_전월세,가원홈타운,화곡동,831-12,36.63,,5000,110,5,12,2021,신규,26.06~28.06,,,,,
방화동,202605,연립다세대_전월세,청솔그린빌A동,방화동,281-68,50.79,,15498,0,3,16,2002,갱신,26.07~28.07,14800.0,,사용,,
방화동,202605,연립다세대_전월세,마곡M타운-101,방화동,589-24,27.66,,20900,0,5,18,2019,갱신,26.06~28.06,20900.0,,,,
화곡동,202605,연립다세대_전월세,숲정호마을(818-8),화곡동,818-8,54.57,,1500,74,4,16,2008,갱신,26.05~27.05,1000.0,73.0,,,
화곡동,202605,연립다세대_전월세,리오파크빌,화곡동,1128-9,27.71,,20500,12,4,7,2020,갱신,26.05~28.05,19500.0,12.0,,,
등촌동,202605,연립다세대_전월세,그랑빌,등촌동,645-17,47.05,,28000,0,2,16,2016,갱신,26.06~28.06,28000.0,,,,
공항동,202605,연립다세대_전월세,에어포스빌,공항동,732,12.21,,500,40,2,2,2013,신규,26.06~27.06,,,,,
내발산동,202605,연립다세대_전월세,제이에스해슬리,내발산동,671-22,29.51,,29970,0,5,15,2024,갱신,26.06~28.06,30420.0,5.0,사용,,
내발산동,202605,연립다세대_전월세,대림힐탑,내발산동,716-33,44.64,,2000,90,5,16,2010,신규,26.06~28.06,,,,,
등촌동,202605,연립다세대_전월세,그랑빌,등촌동,645-17,33,,21600,0,5,16,2016,갱신,26.07~28.07,21600.0,,,,
방화동,202605,연립다세대_전월세,더제이클래식,방화동,648-14,24.89,,22050,23,3,16,2021,갱신,26.06~28.06,21400.0,20.0,,,
화곡동,202605,연립다세대_전월세,영주주택,화곡동,956-1,45.9,,3000,50,1,11,2002,신규,26.05~28.05,,,,,
등촌동,202605,연립다세대_전월세,서호빌라,등촌동,366-56,61.24,,25125,0,2,16,1996,갱신,26.06~28.06,25000.0,,,,
공항동,202605,연립다세대_전월세,재성빌,공항동,681,27.1475,,2500,100,2,13,2023,신규,26.06~28.06,,,,,
내발산동,202605,연립다세대_전월세,제이에스아이디움,내발산동,718-19,51.66,,28000,29,5,16,2018,갱신,26.05~28.05,35000.0,,사용,,
등촌동,202605,연립다세대_전월세,산장빌라,등촌동,530-13,43.11,,15000,0,2,16,1986,신규,26.06~28.06,,,,,
등촌동,202605,연립다세대_전월세,다온하우스,등촌동,647-4,44.38,,23800,30,3,15,2017,신규,26.08~28.08,,,,,
공항동,202605,연립다세대_전월세,태영팰리스,공항동,678-5,37.83,,19900,14,3,16,2016,갱신,26.06~28.06,19900.0,10.0,,,
화곡동,202605,연립다세대_전월세,(아줄리움),화곡동,852-29,29.54,,20000,0,6,13,2020,신규,26.05~28.05,,,,,
화곡동,202605,연립다세대_전월세,알베로,화곡동,963-9,13.59,,1000,47,3,8,2011,신규,26.05~27.05,,,,,
공항동,202605,연립다세대_전월세,스카이빌5차,공항동,19-9,39,,13000,10,3,14,2003,신규,26.06~28.06,,,,,
화곡동,202605,연립다세대_전월세,혜성펠리스빌,화곡동,153-1,26.22,,15200,23,3,13,2018,신규,26.07~28.07,,,,,
내발산동,202605,연립다세대_전월세,세명더클래스,내발산동,650-7,27.59,,21000,28,4,15,2018,신규,26.07~28.07,,,,,
공항동,202605,연립다세대_전월세,위하우스(651-4),공항동,651-4,37.92,,25400,0,3,12,2019,신규,26.07~28.07,,,,,
화곡동,202605,연립다세대_전월세,다안빌라트201동202동,화곡동,870-13,38.62,,18720,0,4,15,2016,신규,26.07~28.07,,,,,
화곡동,202605,연립다세대_전월세,수정빌라나동,화곡동,155-18,31.86,,3000,30,2,15,1986,신규,26.06~28.06,,,,,
화곡동,202605,연립다세대_전월세,펠리시아,화곡동,77-44,29.45,,18000,0,2,15,2019,신규,26.08~28.08,,,,,
방화동,202605,연립다세대_전월세,불루힐,방화동,260-28,27.38,,17200,11,5,15,2015,갱신,26.06~28.06,16600.0,10.0,,,
화곡동,202605,연립다세대_전월세,(475-17),화곡동,475-17,42.22,,10400,35,2,12,1990,신규,26.06~28.06,,,,,
등촌동,202605,연립다세대_전월세,더원2-1th,등촌동,569-21,29.27,,23000,10,5,14,2023,신규,26.06~28.06,,,,,
방화동,202605,연립다세대_전월세,경서하이츠,방화동,493-28,21.51,,1000,50,5,10,2016,신규,26.05~27.05,,,,,
화곡동,202605,연립다세대_전월세,더숨153,화곡동,1169,15.81,,33,95,2,15,2021,신규,26.05~26.08,,,,,
화곡동,202605,연립다세대_전월세,화성빌라A동(56-323),화곡동,56-323,44.05,,12000,20,3,8,2001,신규,26.06~28.06,,,,,
화곡동,202605,연립다세대_전월세,상윤그린빌라,화곡동,985-13,59.25,,13000,30,3,9,2000,신규,26.06~28.06,,,,,
화곡동,202605,연립다세대_전월세,건형빌라(783-21),화곡동,783-21,39.32,,12600,0,2,14,2002,갱신,26.06~28.06,12600.0,,사용,,
내발산동,202605,연립다세대_전월세,(697-11),내발산동,697-11,34.56,,500,80,2,15,2013,갱신,26.05~28.05,500.0,77.0,,,
화곡동,202605,연립다세대_전월세,화곡갤럭시오피스텔,화곡동,105-357,24.86,,3000,75,3,15,2018,신규,26.05~27.05,,,,,
화곡동,202605,연립다세대_전월세,이븐하우스,화곡동,371-23,28.77,,2000,100,5,12,2021,신규,26.05~27.05,,,,,
화곡동,202605,연립다세대_전월세,제이와이펠리스(849-16번지),화곡동,849-16,29.9,,18390,0,3,15,2016,갱신,26.08~28.08,17100.0,,,,
화곡동,202605,연립다세대_전월세,메트로빌라,화곡동,1050-18,51.56,,14900,7,2,6,2002,신규,26.07~28.07,,,,,
화곡동,202605,연립다세대_전월세,여원빌라(396-25),화곡동,396-25,60.6,,12000,45,5,11,2002,신규,26.06~28.06,,,,,
화곡동,202605,연립다세대_전월세,성은빌리지A동,화곡동,55-75,57.73,,14000,30,4,14,2003,신규,26.07~28.07,,,,,
등촌동,202605,연립다세대_전월세,거산하이빌(533-18),등촌동,533-18,29.97,,21000,0,3,13,2014,신규,26.06~28.06,,,,,
화곡동,202605,연립다세대_전월세,한울아트빌나동,화곡동,879-12,60.78,,17900,0,5,6,2002,갱신,26.06~28.06,17900.0,,,,
화곡동,202605,연립다세대_전월세,424-205,화곡동,424-205,45.91,,18000,25,2,14,2016,갱신,26.05~28.05,20900.0,,,,
염창동,202605,연립다세대_전월세,덕수빌라,염창동,277-10,44.16,,15000,50,1,13,2002,신규,26.06~28.06,,,,,
내발산동,202605,연립다세대_전월세,청솔수아트빌A동,내발산동,711-19,41.3,,6000,50,2,13,2008,신규,26.06~28.06,,,,,
화곡동,202605,연립다세대_전월세,호경주택,화곡동,56-476,27.72,,7700,0,5,5,2002,갱신,26.05~28.05,7400.0,,,,
화곡동,202605,연립다세대_전월세,파크카운티,화곡동,111-107,67.94,,18720,20,5,14,2007,신규,26.06~28.06,,,,,
화곡동,202605,연립다세대_전월세,경남빌라가동,화곡동,409-206,37.84,,500,44,1,15,1986,갱신,26.05~28.05,500.0,42.0,,,
공항동,202605,연립다세대_전월세,대림파크빌,공항동,669-3,36.5,,16695,0,2,14,2011,신규,26.06~28.06,,,,,
화곡동,202605,연립다세대_전월세,덕용맨션,화곡동,421-10,62.25,,18000,0,3,15,1997,신규,26.06~28.06,,,,,
화곡동,202605,연립다세대_전월세,동림주택101동,화곡동,98-271,63.64,,7800,42,2,14,2003,갱신,26.06~28.06,8000.0,40.0,사용,,
화곡동,202605,연립다세대_전월세,(1053-1),화곡동,1053-1,60.54,,18500,0,1,13,2002,갱신,26.06~28.06,18500.0,,,,
화곡동,202605,연립다세대_전월세,(1053-1),화곡동,1053-1,55.35,,16900,0,1,13,2002,갱신,26.06~28.06,16900.0,,,,
화곡동,202605,연립다세대_전월세,혜성팰리스(155-17),화곡동,155-17,28.91,,15490,16,3,2,2018,갱신,26.05~28.05,15490.0,12.0,사용,,
염창동,202605,연립다세대_전월세,어반카운티,염창동,184-8,42.35,,37800,14,9,8,2022,갱신,26.06~28.06,37800.0,7.0,사용,,
등촌동,202605,연립다세대_전월세,태영팰리스,등촌동,654-8,26.35,,24870,0,3,14,2020,갱신,26.06~28.06,23688.0,,,,
화곡동,202605,연립다세대_전월세,LK드림빌(504-80),화곡동,504-80,25.64,,16800,0,3,14,2018,신규,26.06~28.06,,,,,
화곡동,202605,연립다세대_전월세,대동빌라나동,화곡동,352-67,33.19,,1000,70,4,9,2002,신규,26.06~28.06,,,,,
등촌동,202605,연립다세대_전월세,더원2-2th,등촌동,569-20,29.27,,3000,95,2,14,2023,신규,26.05~28.05,,,,,
염창동,202605,연립다세대_전월세,링크253,염창동,253-6,29.47,,20700,10,4,14,2016,갱신,26.07~26.09,20700.0,10.0,,,
화곡동,202605,연립다세대_전월세,위하우스(111-10),화곡동,111-10,27.73,,2000,80,2,9,2016,신규,26.06~28.06,,,,,
화곡동,202605,연립다세대_전월세,더어울림,화곡동,964-18,26.72,,12000,35,3,7,2019,신규,26.06~28.06,,,,,
화곡동,202605,연립다세대_전월세,홈피아맨션(996-12),화곡동,996-12,44.94,,8000,20,-1,9,1994,신규,26.06~28.06,,,,,
화곡동,202605,연립다세대_전월세,한솔빌라,화곡동,812-9,48.24,,2000,85,4,12,2002,신규,26.07~28.07,,,,,
등촌동,202605,연립다세대_전월세,레오하우스,등촌동,662-2,17.916,,2000,41,3,5,2012,신규,26.05~27.05,,,,,
화곡동,202605,연립다세대_전월세,자하클래식,화곡동,24-39,13.77,,11800,10,16,11,2018,신규,26.06~28.06,,,,,
내발산동,202605,연립다세대_전월세,세명더클래스,내발산동,650-7,28.41,,20780,28,4,13,2018,갱신,26.07~28.07,20780.0,24.0,,,
화곡동,202605,연립다세대_전월세,나래쉐르빌,화곡동,158-44,62.3,,16600,30,1,5,2003,신규,26.07~28.07,,,,,
공항동,202605,연립다세대_전월세,655-11,공항동,655-11,29.86,,22000,0,5,14,2020,신규,26.06~28.06,,,,,
염창동,202605,연립다세대_전월세,홍우주택,염창동,272-19,51.56,,6000,40,2,13,2000,갱신,26.07~28.07,6000.0,40.0,,,
등촌동,202605,연립다세대_전월세,이호빌,등촌동,533-6,12.27,,8000,0,3,11,2013,신규,26.06~28.06,,,,,
화곡동,202605,연립다세대_전월세,나산쉐르빌A,화곡동,403-3,39.47,,13400,0,5,12,2001,갱신,26.07~27.07,18500.0,,,,
등촌동,202605,연립다세대_전월세,신우스타힐스,등촌동,522-11,35.87,,24700,10,4,13,2016,갱신,26.06~28.06,24700.0,,,,
방화동,202605,연립다세대_전월세,삼보로얄빌라,방화동,583-55,61.29,,18000,0,3,8,1992,신규,26.07~28.07,,,,,
화곡동,202605,연립다세대_전월세,(1053-1),화곡동,1053-1,43.06,,13000,0,4,13,2002,갱신,26.05~28.05,13000.0,,사용,,
화곡동,202605,연립다세대_전월세,블리스다임빌,화곡동,815-6,26.75,,20500,0,5,13,2023,갱신,26.05~28.05,25000.0,,,,
등촌동,202605,연립다세대_전월세,양서빌라,등촌동,565-10,26.33,,1000,41,2,4,2003,신규,26.05~28.05,,,,,
등촌동,202605,연립다세대_전월세,쌍용빌라트,등촌동,516-26,66.03,,12500,40,4,11,2002,신규,26.06~28.06,,,,,
화곡동,202605,연립다세대_전월세,태영맨션,화곡동,105-193,60.32,,2000,70,-1,9,2001,신규,26.05~28.05,,,,,
화곡동,202605,연립다세대_전월세,동양하우징(870-1),화곡동,870-1,29.97,,16110,0,2,8,2017,신규,26.06~28.06,,,,,
화곡동,202605,연립다세대_전월세,디에이씨,화곡동,475-14,26.92,,16000,0,3,13,2020,신규,26.06~28.06,,,,,
화곡동,202605,연립다세대_전월세,한성그린타운9동,화곡동,56-654,61.71,,15000,50,3,6,2003,신규,26.07~28.07,,,,,
화곡동,202605,연립다세대_전월세,모전플러스빌A동,화곡동,105-95,38.05,,12400,0,3,9,2002,신규,26.06~28.06,,,,,
등촌동,202605,연립다세대_전월세,GALLERIAH,등촌동,365-60,12.96,,3000,49,2,13,2021,신규,26.06~28.06,,,,,
등촌동,202605,연립다세대_전월세,루미에르,등촌동,641-12,15.79,,19900,10,10,9,2024,신규,26.07~28.07,,,,,
화곡동,202605,연립다세대_전월세,동남주택(868-48),화곡동,868-48,38.32,,11800,0,5,8,2002,신규,26.06~28.06,,,,,
화곡동,202605,연립다세대_전월세,강서파크뷰투웨니퍼스트,화곡동,24-18,19.6,,18522,0,17,7,2020,신규,26.07~28.07,,,,,
화곡동,202605,연립다세대_전월세,샤인에버빌가동,화곡동,393-13,64.62,,15000,0,4,7,2002,갱신,26.06~28.06,15000.0,,사용,,
공항동,202605,연립다세대_전월세,태경럭셔리하우스,공항동,681-5,29.77,,16500,0,4,13,2017,갱신,26.05~28.05,19500.0,,,,
화곡동,202605,연립다세대_전월세,영풍빌라(53-30),화곡동,53-30,32.6,,8800,0,1,9,1986,신규,26.06~28.06,,,,,
화곡동,202605,연립다세대_전월세,신우빌라(24-208),화곡동,24-208,44.01,,12850,16,2,9,1990,신규,26.06~28.06,,,,,
화곡동,202605,연립다세대_전월세,동영빌라,화곡동,841-27,43.12,,16200,0,3,4,2002,갱신,26.05~28.05,15200.0,,,,
화곡동,202605,연립다세대_전월세,(1053-1),화곡동,1053-1,60.54,,17800,0,2,13,2002,갱신,26.05~28.05,17000.0,,,,
화곡동,202605,연립다세대_전월세,예화빌라트,화곡동,886-1,52.445,,16500,3,4,2,2000,갱신,26.06~28.06,16500.0,,,,
방화동,202605,연립다세대_전월세,동원아트빌,방화동,247-158,29.88,,2000,90,3,9,2020,신규,26.07~28.07,,,,,
공항동,202605,연립다세대_전월세,아이디주택,공항동,53-108,26.85,,1000,120,6,13,2023,신규,26.06~27.06,,,,,
화곡동,202605,연립다세대_전월세,동원에이스뷰(159-24),화곡동,159-24,29.43,,20910,0,3,13,2020,갱신,26.05~28.05,21160.0,,,,
화곡동,202605,연립다세대_전월세,인베스트아트빌,화곡동,164-10,43.44,,13100,6,4,13,2007,갱신,26.06~28.06,14175.0,,,,
화곡동,202605,연립다세대_전월세,골든빌(367-51),화곡동,367-51,20.32,,22300,0,6,9,2018,신규,26.06~28.06,,,,,
화곡동,202605,연립다세대_전월세,유디코파크리움,화곡동,산172-4,15.51,,7380,15,4,8,2011,신규,26.06~28.06,,,,,
방화동,202605,연립다세대_전월세,(247-97),방화동,247-97,46.42,,500,44,1,5,2002,신규,26.05~28.05,,,,,
화곡동,202605,연립다세대_전월세,해온캐슬,화곡동,362-79,26.93,,10000,60,4,6,2019,신규,26.06~28.06,,,,,
화곡동,202605,연립다세대_전월세,비원그린빌라,화곡동,1130-7,41.49,,11000,0,3,12,1986,신규,26.05~28.05,,,,,
화곡동,202605,연립다세대_전월세,성진빌라(61-75),화곡동,61-75,64.55,,12500,10,-1,9,2000,신규,26.07~28.07,,,,,
화곡동,202605,연립다세대_전월세,프리메라,화곡동,111-37,29.76,,19000,0,6,11,2018,갱신,26.05~28.05,19100.0,,사용,,
방화동,202605,연립다세대_전월세,예지움,방화동,901,27.07,,17000,5,3,11,2017,갱신,26.06~28.06,20400.0,,,,
화곡동,202605,연립다세대_전월세,와이앤비869-35,화곡동,869-35,20.65,,14500,10,3,9,2019,신규,26.06~28.06,,,,,
마곡동,202605,연립다세대_전월세,샘터마을,마곡동,357-7,45.48,,20900,0,4,11,2002,신규,26.08~28.08,,,,,
방화동,202605,연립다세대_전월세,방화미라클,방화동,260-5,29.97,,18000,15,2,12,2019,신규,26.07~28.07,,,,,
등촌동,202605,연립다세대_전월세,올리브빌(524-28),등촌동,524-28,12.14,,7000,0,3,13,2013,신규,26.06~28.06,,,,,
화곡동,202605,연립다세대_전월세,청송평화하이맨션(832-42),화곡동,832-42,27.92,,11500,15,4,13,2012,신규,26.06~28.06,,,,,
등촌동,202605,연립다세대_전월세,동양하우징,등촌동,721,37.93,,5000,137,6,12,2019,갱신,26.06~28.06,5000.0,130.0,,,
공항동,202605,연립다세대_전월세,마곡대림밸리,공항동,678-10,27.19,,19900,0,5,12,2019,신규,26.06~28.06,,,,,
화곡동,202605,연립다세대_전월세,비에스하우징2,화곡동,424-100,24.03,,19500,0,5,12,2018,신규,26.07~28.07,,,,,
화곡동,202605,연립다세대_전월세,창대빌라(372-12),화곡동,372-12,29.95,,2000,66,3,11,2014,갱신,26.06~28.06,2000.0,65.0,,,
화곡동,202605,연립다세대_전월세,시그니쳐-S,화곡동,24-190,29.64,,4000,85,3,1,2023,신규,26.06~28.06,,,,,
방화동,202605,연립다세대_전월세,제이스빌(645-32),방화동,645-32,21.26,,14400,0,6,12,2020,신규,26.06~28.06,,,,,
화곡동,202605,연립다세대_전월세,동도하이츠빌라다동,화곡동,56-672,43.23,,3000,60,2,6,2001,신규,26.06~28.06,,,,,
화곡동,202605,연립다세대_전월세,동우맨션라동,화곡동,408-53,37.74,,10000,30,2,6,2001,신규,26.06~28.06,,,,,
화곡동,202605,연립다세대_전월세,샤론인텔리안(408-29),화곡동,408-29,57.8,,20000,15,4,11,2010,신규,26.07~28.07,,,,,
화곡동,202605,연립다세대_전월세,장미주택(55-24),화곡동,55-24,56.06,,5000,51,3,11,2002,갱신,26.06~28.06,5000.0,48.0,,,
등촌동,202605,연립다세대_전월세,디앤써밋모이다,등촌동,648-10,39.97,,43000,36,14,12,2022,신규,26.07~28.07,,,,,
화곡동,202605,연립다세대_전월세,오케이파크빌,화곡동,357-9,29.37,,19500,0,5,7,2016,갱신,26.05~27.05,19500.0,,,,
내발산동,202605,연립다세대_전월세,로엘,내발산동,689-13,29.9,,29000,0,4,7,2023,신규,26.07~28.07,,,,,
화곡동,202605,연립다세대_전월세,세명베르디움,화곡동,792-6,28.42,,19780,0,2,12,2016,갱신,26.05~28.05,19200.0,,,,
방화동,202605,연립다세대_전월세,마곡킹덤펜타리움,방화동,612,23.45,,27000,0,11,12,2021,갱신,26.06~27.06,27000.0,,,,
마곡동,202605,연립다세대_전월세,오펠리스,마곡동,330-4,29.89,,26000,0,4,10,2023,갱신,26.07~28.07,25000.0,,,,
화곡동,202605,연립다세대_전월세,에코,화곡동,332-8,19.9,,2000,75,5,12,2013,신규,26.06~28.06,,,,,
화곡동,202605,연립다세대_전월세,금강누리빌(998-10),화곡동,998-10,20.16,,8000,19,8,12,2012,갱신,26.05~28.05,8000.0,17.0,사용,,
화곡동,202605,연립다세대_전월세,대덕하이츠빌라(330-27),화곡동,330-27,51.94,,10000,0,1,5,1995,신규,26.05~28.05,,,,,
화곡동,202605,연립다세대_전월세,소담밸리스,화곡동,791-18,29.02,,15246,0,3,11,2012,갱신,26.06~28.06,15246.0,,사용,,
화곡동,202605,연립다세대_전월세,와이앤비,화곡동,355-31,28.91,,16400,0,3,8,2016,갱신,26.05~28.05,16000.0,,사용,,
염창동,202605,연립다세대_전월세,국제빌라나동,염창동,277-63,48.54,,16500,0,3,9,1991,신규,26.06~28.06,,,,,
공항동,202605,연립다세대_전월세,리치펠리스,공항동,41-82,16.29,,1000,40,2,11,2012,신규,26.05~27.05,,,,,
등촌동,202605,연립다세대_전월세,멤버스빌A동,등촌동,574-9,29.89,,24100,0,5,10,2016,신규,26.06~28.06,,,,,
등촌동,202605,연립다세대_전월세,거산하이빌(533-17),등촌동,533-17,29.85,,17000,43,2,9,2015,신규,26.05~28.05,,,,,
화곡동,202605,연립다세대_전월세,올라루즈,화곡동,821-26,29.98,,26200,0,5,9,2022,신규,26.06~28.06,,,,,
화곡동,202605,연립다세대_전월세,casagio(350-17),화곡동,350-17,25.08,,16900,0,4,8,2020,신규,26.05~28.05,,,,,
화곡동,202605,연립다세대_전월세,삼성쉐르빌(400-16),화곡동,400-16,34.39,,17500,16,3,6,2015,신규,26.06~28.06,,,,,
내발산동,202605,연립다세대_전월세,천우하이빌,내발산동,681,61.93,,20000,40,4,9,2002,신규,26.06~28.06,,,,,
화곡동,202605,연립다세대_전월세,대동빌,화곡동,424-18,29.27,,3000,90,4,9,2020,신규,26.06~28.06,,,,,
내발산동,202605,연립다세대_전월세,마곡수명산파크8단지,내발산동,745,84.53,,54408,0,3,9,2006,갱신,26.06~28.06,51818.0,,,,
화곡동,202605,연립다세대_전월세,더스위트,화곡동,56-481,23.4,,17000,0,3,10,2021,신규,26.06~28.06,,,,,
화곡동,202605,연립다세대_전월세,엔에스타운,화곡동,368-32,25.16,,20916,0,7,11,2019,갱신,26.05~28.05,21100.0,,,,
화곡동,202605,연립다세대_전월세,골드리움,화곡동,504-8,27.85,,16500,8,2,11,2017,갱신,26.06~28.06,16300.0,8.0,,,
화곡동,202605,연립다세대_전월세,대신빌라,화곡동,366-38,37.71,,2000,60,4,2,1996,신규,26.05~28.05,,,,,
화곡동,202605,연립다세대_전월세,이수골든빌리지,화곡동,862-14,36.41,,10900,30,4,8,1992,신규,26.06~28.06,,,,,
화곡동,202605,연립다세대_전월세,중앙파크맨션,화곡동,102-112,66.9,,17640,14,2,11,1999,신규,26.06~28.06,,,,,
등촌동,202605,연립다세대_전월세,(654-77),등촌동,654-77,27.59,,4000,70,4,9,2018,신규,26.07~28.07,,,,,
공항동,202605,연립다세대_전월세,에클레시아빌,공항동,61-134,23.54,,2000,88,6,7,2026,신규,26.05~28.05,,,,,
마곡동,202605,연립다세대_전월세,마곡스카이B단지,마곡동,1245,41.38,,25300,15,6,7,2019,갱신,26.06~28.06,25300.0,10.0,사용,,
화곡동,202605,연립다세대_전월세,우성창대빌,화곡동,341-34,64.805,,28000,0,2,8,2007,갱신,26.07~28.07,28000.0,,,,
화곡동,202605,연립다세대_전월세,성진빌라(61-75),화곡동,61-75,62.21,,15300,15,1,9,2000,신규,26.06~28.06,,,,,
화곡동,202605,연립다세대_전월세,서현빌라(337-15),화곡동,337-15,58.51,,18000,20,4,10,2008,신규,26.06~28.06,,,,,
화곡동,202605,연립다세대_전월세,예지팰리스89차,화곡동,112-50,33.54,,16000,20,6,9,2016,신규,26.06~28.06,,,,,
화곡동,202605,연립다세대_전월세,삼성그린타운B동,화곡동,56-546,64.185,,18390,0,2,9,2001,신규,26.06~28.06,,,,,
화곡동,202605,연립다세대_전월세,서일빌리지102동,화곡동,56-704,69,,19500,0,3,10,2004,신규,26.05~28.05,,,,,
마곡동,202605,연립다세대_전월세,찬누리,마곡동,1380,18.39,,1000,50,4,7,2012,신규,26.05~27.05,,,,,
방화동,202605,연립다세대_전월세,대림캐슬(648-28),방화동,648-28,43.6,,23000,5,5,9,2015,갱신,26.06~28.06,23000.0,,,,
화곡동,202605,연립다세대_전월세,홍성해누리,화곡동,790-1,26.1,,16197,21,5,9,2016,신규,26.06~28.06,,,,,
염창동,202605,연립다세대_전월세,어반카운티,염창동,184-8,29.93,,39000,0,9,8,2022,신규,26.06~28.06,,,,,
공항동,202605,연립다세대_전월세,동화공항빌라A동,공항동,51-83,47.7,,17000,0,2,4,1991,갱신,26.05~28.05,17000.0,,,,
공항동,202605,연립다세대_전월세,위하우스,공항동,55-250,29.42,,19900,0,3,7,2017,갱신,26.06~28.06,18900.0,,,,
화곡동,202605,연립다세대_전월세,하나타운,화곡동,105-376,30.78,,2000,70,2,8,2001,신규,26.06~28.06,,,,,
화곡동,202605,연립다세대_전월세,샬롬하우스,화곡동,1055-9,22.97,,1000,62,4,8,2010,신규,26.05~28.05,,,,,
염창동,202605,연립다세대_전월세,어반카운티,염창동,184-8,24.36,,28100,0,8,8,2022,신규,26.07~28.07,,,,,
화곡동,202605,연립다세대_전월세,단독그린빌라(851-30),화곡동,851-30,52.38,,15000,0,3,8,2002,신규,26.08~28.08,,,,,
화곡동,202605,연립다세대_전월세,중앙하이츠빌,화곡동,163-18,60.38,,18390,0,3,4,2008,갱신,26.06~28.05,14000.0,18.0,,,
등촌동,202605,연립다세대_전월세,동아빌라트가동,등촌동,575-11,69.27,,20000,30,4,8,2002,신규,26.05~28.05,,,,,
화곡동,202605,연립다세대_전월세,해솔벨리,화곡동,360-3,27.5,,27400,0,6,4,2021,신규,26.05~28.05,,,,,
화곡동,202605,연립다세대_전월세,크리스탈빌(24-490),화곡동,24-490,29.89,,18900,0,2,7,2014,갱신,26.05~27.05,18000.0,,사용,,
방화동,202605,연립다세대_전월세,제이스빌,방화동,592-103,28.65,,90,90,3,8,2022,신규,26.05~26.07,,,,,
화곡동,202605,연립다세대_전월세,화곡투웨니퍼스트,화곡동,105-378,24.45,,1000,100,10,8,2018,갱신,26.06~27.06,1000.0,100.0,사용,,
화곡동,202605,연립다세대_전월세,한울자이빌(346-21),화곡동,346-21,70.99,,3000,100,4,8,2007,신규,26.05~28.05,,,,,
화곡동,202605,연립다세대_전월세,삼성쉐르빌(161-13),화곡동,161-13,41.17,,15000,20,3,7,2011,신규,26.05~28.05,,,,,
등촌동,202605,연립다세대_전월세,나산맨션(573-5),등촌동,573-5,59.88,,16000,0,4,8,2001,신규,26.07~28.07,,,,,
내발산동,202605,연립다세대_전월세,로뎀그린빌,내발산동,674-19,51.14,,15800,45,2,6,2003,갱신,26.06~28.06,15800.0,42.0,사용,,
화곡동,202605,연립다세대_전월세,대원빌라,화곡동,1045-19,57.62,,19500,0,3,8,1994,갱신,26.06~28.06,19500.0,,사용,,
화곡동,202605,연립다세대_전월세,에스엠레버빌(346-7),화곡동,346-7,27.84,,3000,100,5,1,2014,신규,26.06~28.06,,,,,
내발산동,202605,연립다세대_전월세,보라파크빌A동,내발산동,692-14,57.16,,4000,100,5,2,2003,신규,26.07~28.07,,,,,
화곡동,202605,연립다세대_전월세,씨티하우스비동,화곡동,351-41,24.37,,29500,0,6,2,2017,갱신,26.05~28.05,28000.0,,,,
화곡동,202605,연립다세대_전월세,다울네버빌B,화곡동,1054-9,67.75,,16500,50,1,7,2001,신규,26.06~28.06,,,,,
등촌동,202605,연립다세대_전월세,유레카2,등촌동,656-28,29.15,,20000,0,4,8,2015,신규,26.06~28.06,,,,,
화곡동,202605,연립다세대_전월세,마이홈,화곡동,400-90,19.74,,500,59,3,4,2017,신규,26.05~28.05,,,,,
화곡동,202605,연립다세대_전월세,(362-109)강성빌라3차,화곡동,362-109,33.28,,1000,75,1,5,1991,신규,26.05~28.05,,,,,
화곡동,202605,연립다세대_전월세,엘리시아,화곡동,1082-25,28.71,,7000,50,4,7,2013,신규,26.05~28.05,,,,,
화곡동,202605,연립다세대_전월세,리치하우스(346-18),화곡동,346-18,21.2,,15600,20,5,7,2017,신규,26.06~28.06,,,,,
등촌동,202605,연립다세대_전월세,미가채(643-70),등촌동,643-70,36.42,,23500,8,3,6,2018,신규,26.07~28.07,,,,,
등촌동,202605,연립다세대_전월세,리첸힐,등촌동,643-46,26.24,,17500,15,4,7,2018,신규,26.06~28.06,,,,,
화곡동,202605,연립다세대_전월세,서경팰리스,화곡동,24-345,18.57,,12800,13,8,7,2019,갱신,26.05~28.05,12800.0,10.0,사용,,
등촌동,202605,연립다세대_전월세,(533-16),등촌동,533-16,43.74,,2000,105,3,7,2015,갱신,26.06~27.06,2000.0,100.0,,,
화곡동,202605,연립다세대_전월세,유림파크빌(372-60),화곡동,372-60,59.82,,19200,0,2,7,2010,신규,26.06~28.06,,,,,
내발산동,202605,연립다세대_전월세,한신주아빌,내발산동,710-26,40.53,,22600,36,5,5,2018,신규,26.06~28.06,,,,,
공항동,202605,연립다세대_전월세,마곡파크빌,공항동,55-31,43.29,,17600,0,4,7,2011,신규,26.06~28.06,,,,,
화곡동,202605,연립다세대_전월세,소노빌리지,화곡동,370-4,29.8,,26000,0,4,7,2020,신규,26.07~28.07,,,,,
내발산동,202605,연립다세대_전월세,건영,내발산동,688-19,34.44,,11000,0,4,6,2000,신규,26.06~28.06,,,,,
내발산동,202605,연립다세대_전월세,에스엠파크뷰,내발산동,678-30,21.88,,22650,15,8,2,2019,갱신,26.07~28.07,22650.0,10.0,,,
등촌동,202605,연립다세대_전월세,도원더52,등촌동,565-6,17.53,,12000,70,11,6,2022,신규,26.05~28.05,,,,,
마곡동,202605,연립다세대_전월세,모닝빌,마곡동,327-46,32.79,,500,60,2,3,2009,신규,26.05~28.05,,,,,
화곡동,202605,연립다세대_전월세,대영빌라트,화곡동,100-16,78.97,,18000,20,4,6,2000,갱신,26.06~28.06,13500.0,,,,
화곡동,202605,연립다세대_전월세,미광스톤빌,화곡동,46-180,60.03,,3000,90,3,6,2008,신규,26.06~28.06,,,,,
등촌동,202605,연립다세대_전월세,서광주택8동,등촌동,633-36,38.89,,13500,0,3,4,1995,갱신,26.05~28.05,13000.0,,,,
화곡동,202605,연립다세대_전월세,건형빌라(783-21),화곡동,783-21,39.32,,12600,0,2,5,2002,신규,26.06~28.06,,,,,
화곡동,202605,연립다세대_전월세,에스엠레버빌(346-7),화곡동,346-7,28.94,,1000,100,3,1,2014,신규,26.05~28.04,,,,,
화곡동,202605,연립다세대_전월세,웰스하이빌(362-66),화곡동,362-66,48.03,,12000,60,3,5,2013,신규,26.06~28.06,,,,,
화곡동,202605,연립다세대_전월세,마이홈,화곡동,400-90,23.91,,1000,72,3,4,2017,신규,26.06~28.06,,,,,
화곡동,202605,연립다세대_전월세,(359-71),화곡동,359-71,37,,500,30,1,1,1986,신규,26.05~28.05,,,,,
공항동,202605,연립다세대_전월세,에몬스빌,공항동,53-104,50.65,,22420,5,3,4,2014,갱신,26.05~28.05,21150.0,6.0,,,
화곡동,202605,연립다세대_전월세,동화빌,화곡동,410-118,23.95,,16000,14,3,4,2019,갱신,26.05~28.05,16000.0,10.0,,,
화곡동,202605,연립다세대_전월세,예송에버빌,화곡동,869-47,39.73,,4900,38,4,1,2004,갱신,26.05~28.05,4900.0,36.0,,,
등촌동,202605,연립다세대_전월세,더해담,등촌동,511-2,24.01,,28500,25,13,4,2022,신규,26.05~28.05,,,,,
등촌동,202605,연립다세대_전월세,새롬빌리지,등촌동,523-3,60.84,,22150,15,3,2,2001,갱신,26.05~28.05,22150.0,10.0,사용,,
화곡동,202605,연립다세대_전월세,아줄리움(1049-24),화곡동,1049-24,26.24,,20700,0,6,1,2018,신규,26.06~28.06,,,,,
화곡동,202605,연립다세대_전월세,정현빌라(98-39),화곡동,98-39,58.2,,18390,30,3,1,2001,신규,26.06~28.06,,,,,
화곡동,202605,연립다세대_전월세,황금빌라(61-104),화곡동,61-104,36.54,,13100,0,4,4,1993,갱신,26.05~28.05,13100.0,,,,
화곡동,202605,연립다세대_전월세,현대아트빌라,화곡동,157-13,35.73,,11239,0,1,4,1991,갱신,26.05~28.05,14000.0,,사용,,
공항동,202605,연립다세대_전월세,AIM하우스,공항동,661,22.86,,20700,15,3,4,2021,신규,26.05~28.05,,,,,
등촌동,202605,연립다세대_전월세,명솔엠펠리스Ⅱ,등촌동,506-7,54.72,,3000,35,6,1,2014,신규,26.05~28.05,,,,,
화곡동,202605,연립다세대_전월세,이안하우스,화곡동,163-5,29.71,,1000,70,2,1,2022,신규,26.05~28.05,,,,,
화곡동,202605,연립다세대_전월세,스카이근린타운,화곡동,56-104,39.73,,16000,0,3,1,2014,신규,26.06~28.06,,,,,
화곡동,202605,연립다세대_전월세,대주쉐르빌(397-17),화곡동,397-17,63.81,,15620,25,1,4,2002,갱신,26.05~28.05,15800.0,20.0,,,
등촌동,202605,연립다세대_전월세,로얄맨션(가),등촌동,365-22,44.76,,16000,0,4,4,2002,갱신,26.06~28.06,16000.0,,사용,,
등촌동,202605,연립다세대_전월세,힐하우스,등촌동,365-198,34.63,,29600,0,4,4,2017,갱신,26.05~28.05,28200.0,,사용,,
화곡동,202605,연립다세대_전월세,혜성펠리스빌,화곡동,153-1,26.22,,15240,7,2,2,2018,갱신,26.05~28.05,16200.0,,사용,,
화곡동,202605,연립다세대_전월세,동원에이스뷰(159-24),화곡동,159-24,29.61,,21000,5,4,2,2020,신규,26.07~28.07,,,,,
화곡동,202605,연립다세대_전월세,뉴이화빌라,화곡동,974-1,60.04,,16100,0,4,4,2000,신규,26.06~28.06,,,,,
화곡동,202605,연립다세대_전월세,청송평화헬스하우스(457-3),화곡동,457-3,29.85,,15750,3,2,4,2015,갱신,26.05~28.05,15750.0,,,,
화곡동,202605,연립다세대_전월세,유풍빌라아트B동,화곡동,1007-23,84.96,,24100,0,1,1,1990,갱신,26.05~28.05,24100.0,,,,
등촌동,202605,연립다세대_전월세,동서타운(656-9),등촌동,656-9,38.52,,15000,0,4,1,2002,신규,26.06~28.06,,,,,
방화동,202605,연립다세대_전월세,라테라스,방화동,498-4,28.82,,27970,10,11,1,2020,갱신,26.06~28.06,26964.0,10.0,,,
화곡동,202605,연립다세대_전월세,천우아트빌(397-2),화곡동,397-2,32.64,,3000,60,4,2,2003,신규,26.05~28.05,,,,,
화곡동,202605,연립다세대_전월세,동일빌라,화곡동,869-50,33.72,,500,55,1,4,1991,신규,26.06~28.05,,,,,
내발산동,202605,연립다세대_전월세,성강청안채,내발산동,715-7,29.85,,20400,0,3,4,2017,갱신,26.06~28.06,19500.0,,사용,,
화곡동,202605,연립다세대_전월세,미래하우스,화곡동,1131-23,23.07,,20270,0,3,2,2018,갱신,26.05~28.05,19309.0,,,,
염창동,202605,아파트_전월세,벽산늘푸른,염창동,290,59.97,,39900,0,9,22,1998,,,,,,,
가양동,202605,아파트_전월세,가양6단지,가양동,1485,39.6,,31000,0,10,23,1992,,,,,,,
염창동,202605,아파트_전월세,센터스퀘어등촌,염창동,312,39,,2904,94,19,29,2020,,,,,,,
가양동,202605,아파트_전월세,가양우성,가양동,14-3,84.85,,50000,50,15,29,1990,,,,,,,
마곡동,202605,아파트_전월세,마곡나루경남아파트,마곡동,1577,84.29,,10000,200,3,22,1991,,,,,,,
화곡동,202605,아파트_전월세,강서힐스테이트,화곡동,1165,59.99,,72000,0,10,25,2015,,,,,,,
가양동,202605,아파트_전월세,가양도시개발9-2단지,가양동,1490,39.6,,28000,0,8,30,1993,,,,,,,
가양동,202605,아파트_전월세,가양2단지(성지),가양동,1461,49.56,,33000,20,8,9,1992,,,,,,,
마곡동,202605,아파트_전월세,신안,마곡동,422,59.98,,38000,0,1,27,1993,,,,,,,
화곡동,202605,아파트_전월세,탑건진선미,화곡동,1155,84.97,,48000,0,2,26,2005,,,,,,,
가양동,202605,아파트_전월세,강변,가양동,1475,39.6,,22601,0,5,23,1992,,,,,,,
화곡동,202605,아파트_전월세,청담라인씨티,화곡동,920-17,25.74,,12000,27,7,14,2018,,,,,,,
염창동,202605,아파트_전월세,무학,염창동,255,84.64,,30000,0,1,26,1999,,,,,,,
등촌동,202605,아파트_전월세,주공10,등촌동,702,37.67,,12000,60,11,8,1995,,,,,,,
등촌동,202605,아파트_전월세,"등촌1,2단지주공아파트",등촌동,687,49.94,,36000,0,2,15,1994,,,,,,,
마곡동,202605,아파트_전월세,마곡엠벨리(14단지),마곡동,750,84.86,,75000,0,13,10,2014,,,,,,,
등촌동,202605,아파트_전월세,대동황토방,등촌동,631-9,59.94,,52000,0,17,8,2000,,,,,,,
방화동,202605,아파트_전월세,동성,방화동,817,64.65,,10000,100,9,9,1993,,,,,,,
등촌동,202605,아파트_전월세,삼성한사랑1,등촌동,632-4,59.73,,37480,0,3,6,1997,,,,,,,
마곡동,202605,아파트_전월세,마곡엠밸리7단지,마곡동,743-4,84.95,,98000,0,5,21,2014,신규,26.08~28.08,,,,,
가양동,202605,아파트_전월세,가양도시개발공사8단지(임대),가양동,1482,49.5,,2712,8,8,19,1992,갱신,26.06~28.05,1058.0,17.0,,,
등촌동,202605,아파트_전월세,등촌퀸즈포디엄삼익,등촌동,511-4,47.44,,3000,150,9,16,2020,신규,26.08~28.08,,,,,
화곡동,202605,아파트_전월세,신원센스빌,화곡동,24-176,71.6,,19600,40,2,31,2002,신규,26.08~28.08,,,,,
방화동,202605,아파트_전월세,신동아,방화동,796,59.4,,10000,110,13,2,1995,신규,26.08~28.08,,,,,
등촌동,202605,아파트_전월세,아임2030등촌역,등촌동,648-5,15.17,,7500,36,10,27,2020,갱신,26.08~28.07,7500.0,34.0,,,
염창동,202605,아파트_전월세,관음삼성,염창동,268,59.96,,54000,0,7,27,1997,신규,26.09~28.09,,,,,
등촌동,202605,아파트_전월세,삼성한사랑1,등촌동,632-4,84.99,,3000,170,10,14,1997,갱신,26.05~28.05,2000.0,160.0,,,
화곡동,202605,아파트_전월세,강서힐스테이트,화곡동,1165,84.99,,20000,270,15,22,2015,신규,26.08~28.07,,,,,
염창동,202605,아파트_전월세,삼정그린코아,염창동,282,84.358,,20000,177,2,18,2001,갱신,26.08~28.08,20000.0,165.0,,,
내발산동,202605,아파트_전월세,우장산힐스테이트,내발산동,657,59.98,,68000,0,10,8,2005,갱신,26.07~28.07,62000.0,,,,
내발산동,202605,아파트_전월세,마곡수명산파크1단지,내발산동,742,84.82,,40000,120,8,11,2007,신규,26.07~28.07,,,,,
가양동,202605,아파트_전월세,가양6단지,가양동,1485,49.5,,38000,0,6,21,1992,신규,26.08~28.08,,,,,
방화동,202605,아파트_전월세,방화5,방화동,814,33.18,,23000,0,4,13,1994,갱신,26.07~26.09,23000.0,,사용,,
화곡동,202605,아파트_전월세,"우장산아이파크,이편한세상",화곡동,1159,59.98,,65000,0,9,28,2008,신규,26.09~28.09,,,,,
방화동,202605,아파트_전월세,마곡중앙하이츠아파트,방화동,852,51.03,,25350,0,9,27,1994,신규,26.07~28.07,,,,,
가양동,202605,아파트_전월세,가양강나루현대,가양동,448-1,59.76,,42000,0,4,3,1999,갱신,26.07~28.07,22680.0,65.0,,,
염창동,202605,아파트_전월세,신동아,염창동,289,59.82,,44000,0,2,23,1995,갱신,26.08~28.08,43000.0,,사용,,
가양동,202605,아파트_전월세,강변,가양동,1475,49.5,,5000,135,8,3,1992,신규,26.07~28.07,,,,,
염창동,202605,아파트_전월세,아르체움등촌,염창동,275,20.12,,9900,54,6,30,2025,신규,26.09~28.09,,,,,
염창동,202605,아파트_전월세,아네스트염창,염창동,310,14.94,,10000,23,10,29,2019,신규,26.07~27.07,,,,,
화곡동,202605,아파트_전월세,강서힐스테이트,화곡동,1165,84.99,,75600,0,8,19,2015,갱신,26.08~28.08,72000.0,,사용,,
염창동,202605,아파트_전월세,동아,염창동,292,84.95,,63000,0,3,26,1998,신규,26.08~28.08,,,,,
염창동,202605,아파트_전월세,센터스퀘어등촌,염창동,312,18.24,,1248,43,13,26,2020,신규,26.06~28.06,,,,,
방화동,202605,아파트_전월세,강서센트레빌3차(894-0),방화동,894,84.4,,65000,0,6,15,2009,신규,26.07~28.07,,,,,
화곡동,202605,아파트_전월세,계명(350-33),화곡동,350-33,62.33,,1000,100,6,16,2000,신규,26.07~28.07,,,,,
가양동,202605,아파트_전월세,가양우성,가양동,14-3,84.85,,10000,190,6,9,1990,신규,26.07~28.07,,,,,
화곡동,202605,아파트_전월세,금호,화곡동,1039-3,94.5,,40000,0,7,23,2002,신규,26.07~28.07,,,,,
가양동,202605,아파트_전월세,가양6단지,가양동,1485,58.65,,20000,80,7,14,1992,신규,26.07~28.07,,,,,
가양동,202605,아파트_전월세,빛고을우방,가양동,448-9,84.87,,52000,25,6,23,1999,갱신,26.07~28.07,52000.0,,,,
화곡동,202605,아파트_전월세,화곡푸르지오,화곡동,1091,156.876,,20000,300,7,26,2002,신규,26.07~28.07,,,,,
마곡동,202605,아파트_전월세,마곡엠밸리5단지,마곡동,740,114.98,,96000,0,3,16,2014,신규,26.07~28.07,,,,,
방화동,202605,아파트_전월세,방화5,방화동,814,39.6,,25000,0,3,30,1994,갱신,26.07~28.07,23000.0,,,,
가양동,202605,아파트_전월세,강변,가양동,1475,49.5,,40000,0,9,20,1992,신규,26.07~28.07,,,,,
방화동,202605,아파트_전월세,방화그린,방화동,839,39.76,,3000,110,13,6,1993,신규,26.06~28.06,,,,,
화곡동,202605,아파트_전월세,디아인스(899-19),화곡동,899-19,20.685,,1000,83,5,22,2019,신규,26.07~27.07,,,,,
화곡동,202605,아파트_전월세,"우장산아이파크,이편한세상",화곡동,1159,101.65,,5000,310,3,29,2008,신규,26.08~28.08,,,,,
방화동,202605,아파트_전월세,방화그린,방화동,839,33.6,,2000,80,5,30,1993,신규,26.06~28.06,,,,,
염창동,202605,아파트_전월세,현대2,염창동,249-11,82.74,,51000,0,1,5,1993,신규,26.07~28.07,,,,,
등촌동,202605,아파트_전월세,태영,등촌동,632-2,59.97,,3000,150,3,14,1998,신규,26.07~28.07,,,,,
방화동,202605,아파트_전월세,장미,방화동,841,39.96,,5500,120,14,30,1994,신규,26.07~28.07,,,,,
방화동,202605,아파트_전월세,다우하임더프라임아파트,방화동,450-1,72.57,,42000,0,2,31,2023,갱신,26.06~28.06,40000.0,,사용,,
가양동,202605,아파트_전월세,가양2단지(성지),가양동,1461,34.44,,20200,0,11,9,1992,갱신,26.06~28.06,19250.0,,,,
화곡동,202605,아파트_전월세,에코빌리지,화곡동,475-18,98.78,,9000,54,3,27,2008,갱신,26.06~28.05,9000.0,51.0,,,
가양동,202605,아파트_전월세,강변,가양동,1475,34.44,,3000,100,8,26,1992,신규,26.07~28.05,,,,,
내발산동,202605,아파트_전월세,마곡수명산파크1단지,내발산동,742,84.82,,49000,0,3,30,2007,갱신,26.08~28.08,47000.0,,사용,,
방화동,202605,아파트_전월세,신동아,방화동,796,59.4,,30000,0,5,28,1995,신규,26.06~28.06,,,,,
등촌동,202605,아파트_전월세,아임2030등촌역,등촌동,648-5,15.17,,4600,31,6,27,2020,갱신,26.07~28.07,4600.0,29.0,,,
가양동,202605,아파트_전월세,가양주공7단지(임대),가양동,1486,26.37,,20000,22,11,6,1992,갱신,26.06~28.05,1905.0,21.0,,,
염창동,202605,아파트_전월세,염창1차한화꿈에그린,염창동,281-22,59.94,,50000,80,11,27,2005,신규,26.06~28.06,,,,,
등촌동,202605,아파트_전월세,아임2030등촌역,등촌동,648-5,15.17,,7500,36,9,22,2020,갱신,26.07~28.07,7500.0,34.0,,,
등촌동,202605,아파트_전월세,아임2030등촌역,등촌동,648-5,15.17,,7500,36,7,27,2020,갱신,26.07~28.06,7500.0,34.0,,,
가양동,202605,아파트_전월세,가양6단지,가양동,1485,49.5,,25000,0,1,1,1992,신규,26.06~28.06,,,,,
방화동,202605,아파트_전월세,방화동동부센트레빌(875번지),방화동,875,84.97,,45000,50,1,26,2003,신규,26.08~28.08,,,,,
가양동,202605,아파트_전월세,가양6단지,가양동,1485,39.6,,28000,0,3,27,1992,갱신,26.06~28.06,26000.0,,,,
등촌동,202605,아파트_전월세,등촌동아이파크,등촌동,715,165.8299,,6000,335,3,8,2004,갱신,26.05~28.05,6000.0,320.0,,,
염창동,202605,아파트_전월세,아르체움등촌,염창동,275,25.03,,11800,57,12,30,2025,신규,26.07~27.06,,,,,
등촌동,202605,아파트_전월세,현대,등촌동,655-27,84.62,,52000,50,17,9,1995,신규,26.07~28.07,,,,,
염창동,202605,아파트_전월세,e편한세상염창,염창동,309,84.6352,,100000,0,2,25,2019,신규,26.09~28.09,,,,,
화곡동,202605,아파트_전월세,삼도,화곡동,913-1,70.84,,3000,97,3,28,1999,갱신,26.06~28.06,3000.0,92.0,사용,,
방화동,202605,아파트_전월세,방화그린,방화동,839,39.76,,24000,0,12,17,1993,갱신,26.06~28.06,24000.0,,,,
등촌동,202605,아파트_전월세,계명위너스,등촌동,646-29,29.97,,3000,90,5,25,2011,신규,26.06~28.06,,,,,
화곡동,202605,아파트_전월세,한양아이클래스,화곡동,926-5,13.79,,2000,36,6,28,2013,신규,26.06~28.06,,,,,
내발산동,202605,아파트_전월세,마곡수명산파크1단지,내발산동,742,84.68,,65100,0,12,28,2007,갱신,26.06~28.06,62000.0,,사용,,
화곡동,202605,아파트_전월세,신도금잔디,화곡동,1138,84.09,,5000,150,1,30,1998,신규,26.06~28.06,,,,,
가양동,202605,아파트_전월세,가양2단지(성지),가양동,1461,39.6,,5000,90,14,27,1992,신규,26.06~28.06,,,,,
등촌동,202605,아파트_전월세,등촌센트럴르씨엘,등촌동,852,66.29,,59500,0,3,1,2026,신규,26.06~28.06,,,,,
등촌동,202605,아파트_전월세,등촌동현대2차,등촌동,655-46,59.97,,42000,0,15,23,1997,신규,26.09~28.09,,,,,
방화동,202605,아파트_전월세,개화,방화동,819,101.86,,60000,0,6,27,1994,신규,26.08~28.08,,,,,
화곡동,202605,아파트_전월세,"우장산아이파크,이편한세상",화곡동,1159,59.98,,65000,40,14,26,2008,신규,26.09~28.09,,,,,
화곡동,202605,아파트_전월세,초록,화곡동,1139,59.34,,30000,60,3,25,1998,갱신,26.05~27.05,30000.0,50.0,사용,,
내발산동,202605,아파트_전월세,마곡수명산파크1단지,내발산동,742,39.8,,2506,22,5,19,2007,갱신,26.06~28.05,2414.0,21.0,,,
등촌동,202605,아파트_전월세,아임2030등촌역,등촌동,648-5,15.17,,7500,36,8,22,2020,갱신,26.07~28.07,7500.0,34.0,,,
화곡동,202605,아파트_전월세,까치산(102동),화곡동,105-502,93.51,,0,40,2,28,2003,신규,26.06~27.05,,,,,
등촌동,202605,아파트_전월세,아임2030등촌역,등촌동,648-5,15.17,,6200,41,14,13,2020,갱신,26.07~28.07,6200.0,39.0,사용,,
등촌동,202605,아파트_전월세,"등촌7,8단지주공아파트",등촌동,707,41.85,,32500,0,13,23,1994,갱신,26.08~28.08,31000.0,,사용,,
내발산동,202605,아파트_전월세,마곡수명산파크4단지,내발산동,753,84.76,,15000,157,14,25,2008,갱신,26.08~28.08,15000.0,150.0,사용,,
등촌동,202605,아파트_전월세,주공5,등촌동,695,37.67,,38000,0,10,27,1995,신규,26.07~28.07,,,,,
마곡동,202605,아파트_전월세,마곡엠밸리2단지,마곡동,735,84.95,,35000,140,10,30,2014,갱신,26.05~28.05,35000.0,100.0,사용,,
가양동,202605,아파트_전월세,강변,가양동,1475,39.6,,20000,0,13,20,1992,신규,26.07~28.07,,,,,
마곡동,202605,아파트_전월세,마곡엠벨리(14단지),마곡동,750,84.88,,10000,260,13,30,2014,갱신,26.07~28.07,10000.0,250.0,사용,,
마곡동,202605,아파트_전월세,벽산,마곡동,429,84.97,,50000,9,5,30,1999,갱신,26.06~28.06,50000.0,,사용,,
화곡동,202605,아파트_전월세,세교예지안,화곡동,925-19,18.07,,9500,25,6,9,2013,신규,26.07~28.07,,,,,
염창동,202605,아파트_전월세,성원,염창동,295,114.12,,83000,0,3,23,2001,신규,26.07~28.07,,,,,
방화동,202605,아파트_전월세,신안네트빌1단지,방화동,868,57.7467,,100,30,1,26,2002,신규,26.06~28.06,,,,,
화곡동,202605,아파트_전월세,리치아파트103동,화곡동,924-22,22.55,,20160,11,5,24,2020,갱신,26.05~28.05,21870.0,,,,
염창동,202605,아파트_전월세,강변한솔솔파크,염창동,300,84.97,,35000,130,7,26,2005,신규,26.06~28.06,,,,,
화곡동,202605,아파트_전월세,"동서1,2호(381-11)",화곡동,381-11,20.99,,300,28,1,12,2003,신규,26.06~28.06,,,,,
가양동,202605,아파트_전월세,가양2단지(성지),가양동,1461,34.44,,2000,100,2,31,1992,신규,26.06~28.06,,,,,
방화동,202605,아파트_전월세,현대,방화동,793,84.99,,55000,0,8,29,1993,신규,26.08~28.08,,,,,
내발산동,202605,아파트_전월세,천우네오젠아파트,내발산동,665-17,83.32,,42000,0,7,24,2006,갱신,26.05~28.05,40000.0,,사용,,
가양동,202605,아파트_전월세,가양2단지(성지),가양동,1461,34.69,,1000,85,5,29,1992,신규,26.06~27.06,,,,,
화곡동,202605,아파트_전월세,"우장산아이파크,이편한세상",화곡동,1159,59.98,,65100,0,3,29,2008,갱신,26.08~28.08,62000.0,,사용,,
염창동,202605,아파트_전월세,강변힐스테이트,염창동,299,84.99,,68000,0,9,31,2005,갱신,26.07~28.07,62750.0,,,,
염창동,202605,아파트_전월세,센터스퀘어등촌,염창동,312,18.24,,2600,51,20,29,2020,신규,26.06~28.06,,,,,
등촌동,202605,아파트_전월세,"등촌1,2단지주공아파트",등촌동,687,41.85,,3000,105,7,23,1994,신규,26.06~28.06,,,,,
염창동,202605,아파트_전월세,동아3,염창동,258-1,59.7,,40400,0,4,30,1999,갱신,26.08~28.08,38500.0,,사용,,
가양동,202605,아파트_전월세,강변,가양동,1475,34.44,,2000,95,4,27,1992,갱신,26.06~28.06,2000.0,90.0,사용,,
화곡동,202605,아파트_전월세,라인씨티,화곡동,343-62,14.91,,4000,38,6,13,2014,갱신,26.06~27.06,4000.0,35.0,사용,,
가양동,202605,아파트_전월세,가양2단지(성지),가양동,1461,34.44,,2000,100,7,23,1992,신규,26.08~28.08,,,,,
염창동,202605,아파트_전월세,강변월드메르디앙,염창동,240-1,122.1243,,83000,0,2,21,2010,신규,26.09~28.09,,,,,
가양동,202605,아파트_전월세,강변,가양동,1475,39.6,,3000,110,13,29,1992,신규,26.06~28.06,,,,,
등촌동,202605,아파트_전월세,등촌동아이파크,등촌동,715,134.8836,,83000,0,11,15,2004,신규,26.09~28.09,,,,,
화곡동,202605,아파트_전월세,엠타워,화곡동,899-29,14.118,,1000,48,11,30,2011,신규,26.05~27.05,,,,,
등촌동,202605,아파트_전월세,주공5,등촌동,695,37.67,,32000,0,6,23,1995,갱신,26.07~28.07,25000.0,,,,
가양동,202605,아파트_전월세,가양우성,가양동,14-3,84.87,,22000,60,11,19,1990,갱신,26.07~28.07,22000.0,47.0,,,
화곡동,202605,아파트_전월세,강서동도센트리움,화곡동,1161,14.677,,500,48,2,8,2012,신규,26.05~27.05,,,,,
등촌동,202605,아파트_전월세,아임2030등촌역,등촌동,648-5,15.01,,6200,41,16,26,2020,갱신,26.07~28.07,6200.0,39.0,,,
화곡동,202605,아파트_전월세,강서힐스테이트,화곡동,1165,59.99,,45000,85,14,12,2015,신규,26.08~28.08,,,,,
가양동,202605,아파트_전월세,가양도시개발9-2단지,가양동,1490,39.6,,2000,110,4,30,1993,신규,26.06~28.06,,,,,
등촌동,202605,아파트_전월세,부영,등촌동,691-3,80.64,,8000,140,3,27,1994,신규,26.07~28.07,,,,,
등촌동,202605,아파트_전월세,서광등촌마을아파트,등촌동,638,59.96,,6000,155,8,1,1999,신규,26.06~28.06,,,,,
등촌동,202605,아파트_전월세,주공5,등촌동,695,37.67,,33000,0,5,30,1995,갱신,26.06~28.06,31000.0,,,,
등촌동,202605,아파트_전월세,아임2030등촌역,등촌동,648-5,15.17,,4600,31,6,19,2020,갱신,26.07~28.06,4600.0,29.0,,,
가양동,202605,아파트_전월세,대림경동아파트,가양동,1474,131.4,,15000,230,5,28,1993,신규,26.07~28.07,,,,,
등촌동,202605,아파트_전월세,등촌라인(조합),등촌동,628-15,59.91,,51000,0,17,23,1997,신규,26.11~28.11,,,,,
등촌동,202605,아파트_전월세,마곡루나플라체,등촌동,725,21.79,,5000,85,2,22,2021,신규,26.06~28.06,,,,,
등촌동,202605,아파트_전월세,주공5,등촌동,695,58.14,,10000,100,10,25,1995,갱신,26.05~28.05,10000.0,93.0,사용,,
염창동,202605,아파트_전월세,현대3,염창동,291,83.71,,50400,0,2,22,1996,갱신,26.08~28.08,48000.0,,사용,,
마곡동,202605,아파트_전월세,마곡엠밸리6단지,마곡동,743,49.79,,9396,17,7,26,2014,신규,26.06~28.03,,,,,
마곡동,202605,아파트_전월세,마곡엠밸리8단지,마곡동,741,84.74,,40000,150,7,13,2016,신규,26.07~28.07,,,,,
화곡동,202605,아파트_전월세,강서힐스테이트,화곡동,1165,59.99,,55000,40,16,15,2015,신규,26.08~28.08,,,,,
화곡동,202605,아파트_전월세,보눔하우스화곡,화곡동,401-1,14.35,,4700,36,9,16,2021,신규,26.07~28.07,,,,,
등촌동,202605,아파트_전월세,주공10,등촌동,702,58.14,,50000,0,14,18,1995,신규,26.07~28.07,,,,,
화곡동,202605,아파트_전월세,화곡푸르지오,화곡동,1091,144.123,,10000,260,2,16,2002,갱신,26.05~28.05,10000.0,245.0,사용,,
마곡동,202605,아파트_전월세,벽산,마곡동,429,84.97,,47250,0,2,26,1999,갱신,26.07~28.06,45000.0,,사용,,
염창동,202605,아파트_전월세,태진한솔,염창동,263,84.97,,40000,90,15,25,1994,갱신,26.07~28.07,40000.0,80.0,사용,,
마곡동,202605,아파트_전월세,마곡엠밸리10단지,마곡동,747,59.87,,36030,0,3,29,2016,갱신,26.06~28.05,34315.0,,,,
염창동,202605,아파트_전월세,아르체움등촌,염창동,275,25.03,,11800,57,4,30,2025,신규,26.07~27.06,,,,,
화곡동,202605,아파트_전월세,삼성다빈치(917-14),화곡동,917-14,14.35,,500,55,7,4,2015,신규,26.06~28.06,,,,,
방화동,202605,아파트_전월세,치현마을동일스위트리버,방화동,880,84.9829,,42000,0,2,29,2004,갱신,26.05~28.05,42000.0,,,,
마곡동,202605,아파트_전월세,마곡힐스테이트,마곡동,1589,84.98,,81500,0,5,13,2017,신규,26.06~28.06,,,,,
화곡동,202605,아파트_전월세,아델리아Ⅰ,화곡동,24-140,15.18,,8000,24,8,9,2012,갱신,26.06~28.06,8000.0,26.0,사용,,
가양동,202605,아파트_전월세,가양6단지,가양동,1485,58.65,,45000,0,4,31,1992,갱신,26.06~28.05,40000.0,,,,
가양동,202605,아파트_전월세,강변,가양동,1475,39.6,,4500,80,5,19,1992,신규,26.06~28.06,,,,,
마곡동,202605,아파트_전월세,벽산,마곡동,429,84.97,,44000,30,13,10,1999,갱신,26.06~28.06,44000.0,10.0,사용,,
등촌동,202605,아파트_전월세,"등촌1,2단지주공아파트",등촌동,687,26.37,,276,5,1,22,1994,갱신,26.05~26.09,264.0,5.0,,,
등촌동,202605,아파트_전월세,태영,등촌동,632-2,59.97,,5000,160,8,30,1998,갱신,26.07~28.07,3150.0,94.0,,,
방화동,202605,아파트_전월세,마곡중앙하이츠아파트,방화동,852,39.58,,2000,80,12,29,1994,신규,26.09~28.09,,,,,
방화동,202605,아파트_전월세,동성,방화동,817,84.95,,10000,170,7,30,1993,신규,26.08~28.08,,,,,
마곡동,202605,아파트_전월세,마곡엠밸리11단지,마곡동,746,59.79,,20000,190,3,18,2016,신규,26.06~27.04,,,,,
방화동,202605,아파트_전월세,방화그린,방화동,839,39.76,,5000,115,5,21,1993,신규,26.08~28.08,,,,,
화곡동,202605,아파트_전월세,M노블레스,화곡동,29-57,27.01,,20034,0,8,27,2021,갱신,26.06~28.06,19530.0,,사용,,
방화동,202605,아파트_전월세,방화5,방화동,814,39.6,,20837,0,7,28,1994,신규,26.06~28.06,,,,,
가양동,202605,아파트_전월세,강변,가양동,1475,39.6,,32000,0,10,29,1992,신규,26.07~28.07,,,,,
방화동,202605,아파트_전월세,도시개발공사,방화동,851,24.42,,169,4,7,27,1994,신규,26.06~28.08,,,,,
등촌동,202605,아파트_전월세,"등촌7,8단지주공아파트",등촌동,707,41.85,,3000,130,5,23,1994,신규,26.06~28.06,,,,,
염창동,202605,아파트_전월세,금호타운,염창동,240-32,84.84,,57000,0,6,18,1999,갱신,26.06~28.06,55000.0,,사용,,
마곡동,202605,아파트_전월세,마곡13단지힐스테이트마스터,마곡동,748,84.9805,,50000,150,16,12,2017,신규,26.07~28.07,,,,,
방화동,202605,아파트_전월세,마곡우촌아파트,방화동,907,28.04,,1000,112,7,22,2022,신규,26.05~27.05,,,,,
내발산동,202605,아파트_전월세,마곡수명산파크4단지,내발산동,753,84.96,,57500,0,13,27,2008,갱신,26.07~28.07,55000.0,,사용,,
내발산동,202605,아파트_전월세,마곡수명산파크1단지,내발산동,742,84.68,,72000,0,11,20,2007,갱신,26.08~28.08,60000.0,,,,
등촌동,202605,아파트_전월세,"등촌1,2단지주공아파트",등촌동,687,41.85,,25000,0,4,19,1994,신규,26.07~28.07,,,,,
화곡동,202605,아파트_전월세,경동엠파이어시티102동,화곡동,1051-7,12.01,,500,50,7,27,2014,신규,26.06~28.06,,,,,
염창동,202605,아파트_전월세,무학,염창동,255,84.64,,57750,0,5,30,1999,갱신,26.07~28.07,55000.0,,사용,,
가양동,202605,아파트_전월세,강변,가양동,1475,49.5,,32000,5,12,30,1992,갱신,26.07~28.07,32000.0,,사용,,
방화동,202605,아파트_전월세,청솔,방화동,832,39.36,,2500,100,2,23,1994,신규,26.06~28.06,,,,,
마곡동,202605,아파트_전월세,마곡힐스테이트,마곡동,1589,84.89,,85000,0,7,30,2017,신규,26.07~28.07,,,,,
마곡동,202605,아파트_전월세,마곡엠밸리1단지,마곡동,734,84.88,,80000,0,5,30,2014,신규,26.10~28.10,,,,,
마곡동,202605,아파트_전월세,마곡엠밸리6단지,마곡동,743,114.98,,105000,0,6,30,2014,갱신,26.07~28.07,92000.0,,,,
화곡동,202605,아파트_전월세,리치아파트,화곡동,924-1,19.81,,16000,22,5,21,2018,신규,26.07~28.07,,,,,
염창동,202605,아파트_전월세,길훈,염창동,294,59.94,,29000,75,10,26,1999,갱신,26.06~28.06,28000.0,70.0,사용,,
등촌동,202605,아파트_전월세,"진로,미주아파트",등촌동,701,84.96,,50000,40,10,23,1994,갱신,26.07~28.07,50000.0,,사용,,
가양동,202605,아파트_전월세,마곡보타닉,가양동,235-4,59.14,,43000,0,7,31,2019,갱신,26.08~27.08,43000.0,,,,
화곡동,202605,아파트_전월세,초록,화곡동,1139,59.34,,38500,0,5,11,1998,갱신,26.07~28.07,35700.0,,,,
화곡동,202605,아파트_전월세,화곡푸르지오,화곡동,1091,156.876,,100000,0,9,30,2002,신규,26.09~28.09,,,,,
방화동,202605,아파트_전월세,마곡중앙하이츠아파트,방화동,852,51.03,,5000,110,12,9,1994,신규,26.06~28.06,,,,,
마곡동,202605,아파트_전월세,마곡13단지힐스테이트마스터,마곡동,748,84.9805,,75600,0,8,30,2017,갱신,26.06~28.06,72000.0,,사용,,
화곡동,202605,아파트_전월세,청담라인씨티,화곡동,920-17,25.74,,9000,40,13,4,2018,신규,26.06~27.06,,,,,
가양동,202605,아파트_전월세,강서한강자이,가양동,1500,59.9882,,20000,205,6,29,2013,신규,26.07~28.07,,,,,
염창동,202605,아파트_전월세,삼성한마음,염창동,244-2,59.94,,17000,140,7,12,1995,신규,26.07~28.07,,,,,
가양동,202605,아파트_전월세,가양2단지(성지),가양동,1461,39.6,,25000,40,10,18,1992,신규,26.07~28.07,,,,,
화곡동,202605,아파트_전월세,중앙화곡하이츠,화곡동,351-89,56.88,,15000,28,2,23,1988,신규,26.07~29.01,,,,,
방화동,202605,아파트_전월세,방화5,방화동,814,39.6,,20100,0,4,20,1994,갱신,26.06~28.06,19200.0,,사용,,
화곡동,202605,아파트_전월세,강서힐스테이트,화곡동,1165,128.81,,104000,0,7,23,2015,신규,26.07~28.07,,,,,
화곡동,202605,아파트_전월세,아델리아Ⅲ,화곡동,24-136,14.85,,8600,20,7,30,2012,갱신,26.05~27.05,8600.0,18.0,사용,,
내발산동,202605,아파트_전월세,마곡수명산파크2단지,내발산동,741,84.53,,63000,0,2,17,2007,갱신,26.06~28.06,60000.0,,사용,,
등촌동,202605,아파트_전월세,등촌동아이파크,등촌동,715,134.8836,,85000,0,9,7,2004,신규,26.07~28.07,,,,,
염창동,202605,아파트_전월세,현대1,염창동,288,84.34,,50000,0,4,18,1994,갱신,26.07~28.07,40000.0,,,,
마곡동,202605,아파트_전월세,마곡엠벨리(14단지),마곡동,750,59.96,,2626,43,3,11,2014,신규,26.05~28.07,,,,,
공항동,202605,아파트_전월세,공항동부센트레빌,공항동,1374,84.99,,54200,0,5,19,2009,갱신,26.08~28.08,51700.0,,사용,,
내발산동,202605,아파트_전월세,우장산힐스테이트,내발산동,657,59.98,,65000,60,4,14,2005,신규,26.08~28.08,,,,,
내발산동,202605,아파트_전월세,마곡수명산파크2단지,내발산동,741,84.68,,76000,0,8,29,2007,신규,26.09~28.09,,,,,
마곡동,202605,아파트_전월세,마곡엠밸리5단지,마곡동,740,114.86,,40000,175,3,26,2014,갱신,26.08~28.08,40000.0,160.0,사용,,
등촌동,202605,아파트_전월세,등촌파밀리에더클래식201동,등촌동,723,66.8,,15000,122,5,29,2020,신규,26.09~28.09,,,,,
가양동,202605,아파트_전월세,가양강나루현대,가양동,448-1,59.76,,30000,40,3,9,1999,신규,26.06~26.09,,,,,
가양동,202605,아파트_전월세,가양6단지,가양동,1485,49.5,,29518,0,3,29,1992,갱신,26.07~28.07,28113.0,,,,
내발산동,202605,아파트_전월세,우장산힐스테이트,내발산동,657,126.65,,30000,250,13,2,2005,갱신,26.05~28.05,30000.0,190.0,,,
염창동,202605,아파트_전월세,염창동한강우성,염창동,66-9,65.88,,36750,0,1,24,1990,갱신,26.06~28.05,35000.0,,사용,,
화곡동,202605,아파트_전월세,강서힐스테이트,화곡동,1165,59.99,,72000,0,6,8,2015,갱신,26.07~28.07,64000.0,,,,
염창동,202605,아파트_전월세,아네스트염창,염창동,310,14.94,,12000,18,5,12,2019,신규,26.07~28.06,,,,,
등촌동,202605,아파트_전월세,한사랑2삼성,등촌동,634-2,84.96,,49150,0,8,4,1999,갱신,26.06~28.06,46650.0,,,,
내발산동,202605,아파트_전월세,마곡수명산파크5단지,내발산동,749,59.87,,40900,30,9,30,2008,갱신,26.05~28.05,42900.0,,,,
화곡동,202605,아파트_전월세,한울에이치밸리움A동,화곡동,1065-4,22.81,,21200,0,9,29,2019,갱신,26.07~28.07,20200.0,,,,
화곡동,202605,아파트_전월세,초록,화곡동,1139,59.34,,10000,105,8,30,1998,갱신,26.05~28.05,20000.0,50.0,,,
염창동,202605,아파트_전월세,일신건영휴먼빌,염창동,298,84.93,,61110,0,4,26,2004,갱신,26.06~28.06,58200.0,,사용,,
내발산동,202605,아파트_전월세,다울,내발산동,675-10,72.9,,35000,0,7,10,2004,갱신,26.05~28.05,28000.0,,,,
염창동,202605,아파트_전월세,한울밸리움,염창동,274-18,21.54,,26000,0,4,23,2020,신규,26.06~28.06,,,,,
염창동,202605,아파트_전월세,강변월드메르디앙,염창동,240-1,84.9102,,60000,0,13,19,2010,신규,26.07~28.07,,,,,
방화동,202605,아파트_전월세,방신서광,방화동,871,84.3819,,30000,43,9,20,2003,갱신,26.05~28.05,33000.0,25.0,사용,,
등촌동,202605,아파트_전월세,"등촌1,2단지주공아파트",등촌동,687,41.85,,30000,0,13,23,1994,갱신,26.07~28.07,25000.0,,,,
가양동,202605,아파트_전월세,가양2단지(성지),가양동,1461,49.56,,5000,130,2,28,1992,신규,26.06~28.06,,,,,
염창동,202605,아파트_전월세,동아,염창동,292,84.95,,30000,130,11,15,1998,신규,26.08~28.08,,,,,
방화동,202605,아파트_전월세,대림e-편한세상,방화동,874,68.47,,43000,0,9,29,2003,갱신,26.05~28.05,41000.0,,,,
가양동,202605,아파트_전월세,동신대아,가양동,1459,164.25,,65000,40,13,27,1993,신규,26.08~28.08,,,,,
화곡동,202605,아파트_전월세,우장산역해링턴타워,화곡동,1170,23.68,,5680,39,6,27,2021,갱신,26.06~28.06,5680.0,37.0,,,
마곡동,202605,아파트_전월세,마곡엠밸리9단지,마곡동,744,59.86,,30000,170,11,16,2021,신규,26.06~28.06,,,,,
등촌동,202605,아파트_전월세,주공5,등촌동,695,37.67,,40000,0,7,15,1995,신규,26.09~28.09,,,,,
가양동,202605,아파트_전월세,가양도시개발9-2단지,가양동,1490,34.44,,26000,0,9,30,1993,신규,26.07~28.07,,,,,
마곡동,202605,아파트_전월세,마곡청구아파트,마곡동,1181,84.92,,53000,0,8,6,1998,갱신,26.05~28.05,50000.0,,,,
화곡동,202605,아파트_전월세,드림시드아파트1차,화곡동,899-13,44.53,,25000,20,8,28,2017,신규,26.07~28.07,,,,,
마곡동,202605,아파트_전월세,마곡13단지힐스테이트마스터,마곡동,748,59.9825,,75000,0,6,30,2017,신규,26.08~28.08,,,,,
마곡동,202605,아파트_전월세,마곡13단지힐스테이트마스터,마곡동,748,84.9805,,78000,0,10,29,2017,갱신,26.06~28.05,75000.0,,사용,,
화곡동,202605,아파트_전월세,임탑-B,화곡동,925-24,42.3,,5000,115,5,30,2009,신규,26.06~28.06,,,,,
화곡동,202605,아파트_전월세,황제팰리체(And Pra space),화곡동,915-33,12.074,,7960,0,10,29,2013,신규,26.07~28.07,,,,,
화곡동,202605,아파트_전월세,우장산역해링턴타워,화곡동,1170,43.04,,8320,57,4,29,2021,갱신,26.07~28.07,8320.0,54.0,,,
내발산동,202605,아파트_전월세,광성금강,내발산동,715-5,59.1712,,43000,0,7,30,2001,신규,26.10~28.10,,,,,
마곡동,202605,아파트_전월세,마곡엠벨리(14단지),마곡동,750,84.86,,30000,163,4,30,2014,갱신,26.06~28.06,30000.0,150.0,사용,,
내발산동,202605,아파트_전월세,마곡수명산파크7단지,내발산동,756,84.68,,57500,0,6,14,2008,갱신,26.06~28.06,55000.0,,사용,,
가양동,202605,아파트_전월세,가양2단지(성지),가양동,1461,34.44,,20000,30,7,13,1992,신규,26.06~28.06,,,,,
염창동,202605,아파트_전월세,동아3,염창동,258-1,59.83,,52500,0,2,22,1999,갱신,26.08~28.08,50000.0,,사용,,
염창동,202605,아파트_전월세,태영,염창동,270-1,59.97,,47250,0,13,23,1999,갱신,26.06~28.06,45000.0,,사용,,
염창동,202605,아파트_전월세,현대아이파크,염창동,282-19,84.84,,64000,0,14,27,2005,갱신,26.06~28.06,61000.0,,사용,,
방화동,202605,아파트_전월세,마곡 한진해모로,방화동,579,59.92,,15000,65,2,31,2004,갱신,26.06~28.06,15000.0,65.0,,,
등촌동,202605,아파트_전월세,주공5,등촌동,695,58.14,,30000,50,5,29,1995,신규,26.06~28.06,,,,,
등촌동,202605,아파트_전월세,주공5,등촌동,695,58.14,,55000,0,6,23,1995,신규,26.07~28.07,,,,,
내발산동,202605,아파트_전월세,청솔샤르망1002동,내발산동,675-9,68.2067,,35000,10,11,10,2005,갱신,26.05~28.05,35000.0,,,,
내발산동,202605,아파트_전월세,마곡수명산파크1단지,내발산동,742,84.53,,63000,0,9,30,2007,신규,26.07~28.07,,,,,
화곡동,202605,아파트_전월세,화곡푸르지오,화곡동,1091,156.876,,76650,0,5,29,2002,갱신,26.05~28.05,73000.0,,사용,,
가양동,202605,아파트_전월세,한강타운,가양동,1460,84.99,,65000,0,6,10,1993,신규,26.07~28.07,,,,,
화곡동,202605,아파트_전월세,대진,화곡동,425-29,67.29,,23800,20,6,29,2002,갱신,26.06~28.06,22500.0,13.0,,,
등촌동,202605,아파트_전월세,신원,등촌동,641,84.95,,62000,0,14,29,1997,신규,26.08~28.08,,,,,
마곡동,202605,아파트_전월세,마곡엠밸리7단지,마곡동,743-4,84.55,,77000,0,8,23,2014,갱신,26.10~28.10,73500.0,,,,
화곡동,202605,아파트_전월세,"우장산아이파크,이편한세상",화곡동,1159,84.97,,79000,0,6,30,2008,갱신,26.07~28.07,79000.0,,,,
가양동,202605,아파트_전월세,가양도시개발공사8단지(임대),가양동,1482,49.5,,1058,17,10,19,1992,갱신,26.06~28.05,1019.0,16.0,,,
가양동,202605,아파트_전월세,가양6단지,가양동,1485,58.65,,45000,0,14,31,1992,갱신,26.07~28.07,38000.0,,,,
방화동,202605,아파트_전월세,마곡중앙하이츠아파트,방화동,852,59.34,,30000,40,10,31,1994,신규,26.08~28.08,,,,,
방화동,202605,아파트_전월세,신안네트빌2단지,방화동,869,57.1659,,36000,10,5,26,2002,갱신,26.05~28.05,36000.0,,,,
마곡동,202605,아파트_전월세,마곡우림필유아파트,마곡동,1467,84.528,,55000,0,3,31,2003,신규,26.08~28.08,,,,,
내발산동,202605,아파트_전월세,마곡에이치밸리움,내발산동,764,51.464,,53000,0,10,30,2023,신규,26.09~28.09,,,,,
화곡동,202605,아파트_전월세,강서힐스테이트,화곡동,1165,59.99,,54200,0,2,30,2015,갱신,26.07~28.12,51700.0,,,,
화곡동,202605,아파트_전월세,강서힐스테이트,화곡동,1165,59.99,,60000,30,3,29,2015,갱신,26.07~28.07,33000.0,100.0,,,
등촌동,202605,아파트_전월세,삼형.그레이스빌,등촌동,564-7,79.799,,39000,28,12,30,2001,갱신,26.05~28.05,39000.0,20.0,사용,,
마곡동,202605,아파트_전월세,마곡힐스테이트,마곡동,1589,84.98,,80000,0,3,29,2017,신규,26.08~28.08,,,,,
등촌동,202605,아파트_전월세,등촌동아이파크,등촌동,715,84.9958,,5000,230,6,15,2004,신규,26.10~28.10,,,,,
가양동,202605,아파트_전월세,가양6단지,가양동,1485,58.65,,33070,0,12,30,1992,신규,26.07~28.07,,,,,
화곡동,202605,아파트_전월세,중앙화곡하이츠,화곡동,351-89,74.16,,31000,0,11,31,1988,갱신,26.06~28.06,23153.0,,,,
가양동,202605,아파트_전월세,가양도시개발9-2단지,가양동,1490,39.6,,1000,84,10,29,1993,갱신,26.06~28.04,1000.0,80.0,,,
가양동,202605,아파트_전월세,가양우성,가양동,14-3,84.85,,10000,200,4,30,1990,신규,26.07~28.07,,,,,
방화동,202605,아파트_전월세,방화5,방화동,814,49.77,,29350,0,5,30,1994,갱신,26.08~27.08,27957.0,,사용,,
화곡동,202605,아파트_전월세,강서힐스테이트,화곡동,1165,59.99,,64000,0,1,16,2015,신규,26.07~28.07,,,,,
가양동,202605,아파트_전월세,한강타운,가양동,1460,84.99,,10000,165,5,26,1993,신규,26.07~28.07,,,,,
염창동,202605,아파트_전월세,강변힐스테이트,염창동,299,84.99,,75000,0,21,12,2005,신규,26.08~28.08,,,,,
내발산동,202605,아파트_전월세,마곡수명산파크4단지,내발산동,753,59.84,,10000,160,2,26,2008,신규,26.08~28.08,,,,,
화곡동,202605,아파트_전월세,"우장산아이파크,이편한세상",화곡동,1159,84.97,,52500,84,18,27,2008,갱신,26.05~28.05,50000.0,80.0,사용,,
내발산동,202605,아파트_전월세,우장산힐스테이트,내발산동,657,59.98,,20000,200,2,22,2005,신규,26.08~28.08,,,,,
화곡동,202605,아파트_전월세,강서동도센트리움,화곡동,1161,14.677,,5000,30,3,29,2012,신규,26.05~26.07,,,,,
화곡동,202605,아파트_전월세,신영,화곡동,488-50,80.61,,24000,10,5,6,2002,갱신,26.06~28.06,24000.0,,,,
방화동,202605,아파트_전월세,마곡중앙하이츠아파트,방화동,852,51.03,,10000,100,6,29,1994,갱신,26.08~28.08,3000.0,100.0,,,
염창동,202605,아파트_전월세,동아,염창동,292,59.97,,35224,0,7,22,1998,갱신,26.07~28.07,33547.0,,,,
마곡동,202605,아파트_전월세,마곡엠밸리6단지,마곡동,743,84.88,,88000,0,3,25,2014,신규,26.08~28.08,,,,,
가양동,202605,아파트_전월세,가양2단지(성지),가양동,1461,34.44,,7000,80,12,6,1992,신규,26.05~28.05,,,,,
염창동,202605,아파트_전월세,한강동아,염창동,293,114.78,,60000,80,4,8,1998,갱신,26.08~28.08,52500.0,70.0,,,
방화동,202605,아파트_전월세,동성,방화동,817,76.8,,45000,0,13,23,1993,갱신,26.07~28.07,43000.0,,사용,,
염창동,202605,아파트_전월세,아르체움등촌,염창동,275,20.12,,9900,54,10,29,2025,신규,26.07~28.07,,,,,
마곡동,202605,아파트_전월세,마곡힐스테이트,마곡동,1589,84.98,,30000,89,11,26,2017,갱신,26.06~28.06,30000.0,80.0,,,
방화동,202605,아파트_전월세,AirPalace(619-7),방화동,619-7,14.5,,500,50,6,13,2013,신규,26.05~27.05,,,,,
마곡동,202605,아파트_전월세,마곡힐스테이트,마곡동,1589,84.89,,75000,50,12,26,2017,신규,26.07~28.07,,,,,
화곡동,202605,아파트_전월세,강서크라운팰리스,화곡동,998-5,19.91,,22500,4,14,28,2019,갱신,26.06~28.06,22500.0,,,,
마곡동,202605,아파트_전월세,마곡엠밸리9단지,마곡동,744,59.82,,68250,0,12,28,2021,갱신,26.08~28.08,65000.0,,사용,,
등촌동,202605,아파트_전월세,아임2030등촌역,등촌동,648-5,15.01,,4600,31,17,27,2020,갱신,26.07~28.07,4600.0,29.0,,,
방화동,202605,아파트_전월세,방화그린,방화동,839,33.6,,18000,0,13,24,1993,신규,26.06~28.06,,,,,
방화동,202605,아파트_전월세,장미,방화동,841,39.96,,28000,0,4,7,1994,신규,26.09~28.09,,,,,
등촌동,202605,아파트_전월세,삼성한사랑1,등촌동,632-4,59.73,,26000,62,14,11,1997,갱신,26.05~26.07,40000.0,10.0,,,
염창동,202605,아파트_전월세,DH팰리스,염창동,263-7,57.38,,50000,0,5,29,2022,갱신,26.06~28.06,48000.0,,사용,,
화곡동,202605,아파트_전월세,"우장산아이파크,이편한세상",화곡동,1159,114.98,,100000,0,11,18,2008,신규,26.08~28.08,,,,,
마곡동,202605,아파트_전월세,마곡엠밸리10단지,마곡동,747,59.87,,36030,0,4,29,2016,갱신,26.06~28.05,34315.0,,,,
등촌동,202605,아파트_전월세,주공10,등촌동,702,37.67,,30000,0,3,8,1995,갱신,26.07~28.07,27300.0,,,,
염창동,202605,아파트_전월세,아네스트염창,염창동,310,16.96,,11000,26,5,29,2019,신규,26.08~28.08,,,,,
방화동,202605,아파트_전월세,장미,방화동,841,49.2,,36750,0,5,27,1994,갱신,26.08~28.08,35000.0,,사용,,
등촌동,202605,아파트_전월세,마곡루나플라체,등촌동,725,22.05,,23400,0,12,9,2021,갱신,26.05~28.05,22300.0,,사용,,
마곡동,202605,아파트_전월세,마곡엠밸리7단지,마곡동,743-4,114.87,,115000,0,9,25,2014,신규,26.07~28.07,,,,,
마곡동,202605,아파트_전월세,신안,마곡동,422,84.97,,43000,45,4,28,1993,신규,26.05~28.05,,,,,
방화동,202605,아파트_전월세,청솔,방화동,832,49.2,,5000,130,6,27,1994,신규,26.07~28.07,,,,,
마곡동,202605,아파트_전월세,마곡금호어울림,마곡동,717,84.948,,40000,0,15,26,2005,갱신,26.06~26.09,40000.0,,,,
가양동,202605,아파트_전월세,가양도시개발9-2단지,가양동,1490,39.6,,21500,12,11,12,1993,신규,26.07~28.07,,,,,
방화동,202605,아파트_전월세,치현마을동일스위트리버,방화동,880,84.9829,,53000,0,5,28,2004,신규,26.08~28.08,,,,,
염창동,202605,아파트_전월세,삼성한마음,염창동,244-2,84.87,,48600,0,8,12,1995,갱신,26.06~28.06,46300.0,,사용,,
등촌동,202605,아파트_전월세,주공3,등촌동,688,58.14,,45100,0,4,27,1995,갱신,26.05~28.06,43000.0,,사용,,
염창동,202605,아파트_전월세,현대1,염창동,288,84.34,,30000,0,4,28,1994,신규,26.05~28.05,,,,,
방화동,202605,아파트_전월세,현대,방화동,793,84.99,,47000,0,3,28,1993,신규,26.06~28.06,,,,,
등촌동,202605,아파트_전월세,현대,등촌동,655-27,84.55,,50400,0,10,28,1995,갱신,26.07~28.07,48000.0,,,,
마곡동,202605,아파트_전월세,마곡엠밸리10단지,마곡동,747,59.87,,36030,0,15,28,2016,갱신,26.06~28.05,34315.0,,,,
화곡동,202605,아파트_전월세,리치아파트104동,화곡동,924-21,19.93,,19020,8,7,28,2020,갱신,26.06~27.06,19020.0,5.0,,,
방화동,202605,아파트_전월세,치현마을동일스위트리버,방화동,880,84.9588,,52500,0,12,23,2004,갱신,26.11~28.11,50000.0,,사용,,
방화동,202605,아파트_전월세,마곡우촌아파트,방화동,907,28.04,,1000,120,4,18,2022,신규,26.05~27.05,,,,,
화곡동,202605,아파트_전월세,황제팰리체(And Pra space),화곡동,915-33,12.049,,8070,0,7,27,2013,갱신,26.08~28.08,8070.0,,,,
가양동,202605,아파트_전월세,가양2단지(성지),가양동,1461,34.44,,1000,78,12,22,1992,갱신,26.05~28.05,1000.0,75.0,사용,,
마곡동,202605,아파트_전월세,마곡엠밸리2단지,마곡동,735,84.92,,80000,0,5,18,2014,신규,26.08~28.08,,,,,
가양동,202605,아파트_전월세,가양도시개발공사8단지(임대),가양동,1482,34.44,,1509,8,6,18,1992,신규,26.05~26.07,,,,,
등촌동,202605,아파트_전월세,등촌라인(조합),등촌동,628-15,59.91,,50000,0,12,27,1997,신규,26.08~28.08,,,,,
마곡동,202605,아파트_전월세,마곡우림필유아파트,마곡동,1467,84.528,,49000,0,3,27,2003,갱신,26.08~27.08,48000.0,,사용,,
마곡동,202605,아파트_전월세,마곡엠벨리(15단지),마곡동,751,59.79,,15000,200,11,1,2014,신규,26.08~28.08,,,,,
등촌동,202605,아파트_전월세,주공3,등촌동,688,58.14,,32000,48,8,28,1995,갱신,26.06~28.06,32000.0,30.0,,,
등촌동,202605,아파트_전월세,주공5,등촌동,695,58.14,,50000,0,9,27,1995,신규,26.08~28.08,,,,,
내발산동,202605,아파트_전월세,마곡수명산파크4단지,내발산동,753,59.84,,14907,0,13,28,2008,갱신,26.06~28.05,12907.0,,,,
마곡동,202605,아파트_전월세,마곡엠밸리5단지,마곡동,740,114.86,,60000,200,4,27,2014,신규,26.07~28.07,,,,,
마곡동,202605,아파트_전월세,마곡엠벨리(15단지),마곡동,751,84.5,,83000,0,5,27,2014,신규,26.09~28.09,,,,,
가양동,202605,아파트_전월세,강변,가양동,1475,49.5,,35000,0,11,11,1992,신규,26.08~28.08,,,,,
마곡동,202605,아파트_전월세,마곡힐스테이트,마곡동,1589,84.98,,75000,0,4,23,2017,갱신,26.07~28.07,73000.0,,사용,,
염창동,202605,아파트_전월세,삼천리,염창동,70-20,74.52,,35000,0,2,23,1992,갱신,26.07~28.07,33500.0,,,,
공항동,202605,아파트_전월세,공항동부센트레빌,공항동,1374,118.21,,59000,0,3,22,2009,신규,26.07~28.07,,,,,
화곡동,202605,아파트_전월세,초록,화곡동,1139,84.33,,60000,0,2,23,1998,신규,26.08~28.08,,,,,
화곡동,202605,아파트_전월세,라인씨티,화곡동,343-62,14.91,,7500,11,6,27,2014,신규,26.07~27.07,,,,,
방화동,202605,아파트_전월세,신마곡벽산블루밍,방화동,904,49.6538,,17208,25,5,27,2020,갱신,26.06~28.05,12160.0,46.0,,,
마곡동,202605,아파트_전월세,마곡엠밸리9단지,마곡동,744,84.65,,90000,0,11,20,2021,신규,26.08~28.08,,,,,
화곡동,202605,아파트_전월세,유림노르웨이숲(919-1),화곡동,919-1,76.23,,7000,150,7,4,2004,신규,26.07~28.07,,,,,
방화동,202605,아파트_전월세,마곡우림1차아파트,방화동,873,84.971,,53000,0,4,26,2003,갱신,26.06~28.06,50000.0,,,,
내발산동,202605,아파트_전월세,우장산힐스테이트,내발산동,657,84.98,,80000,0,10,9,2005,신규,26.09~28.09,,,,,
가양동,202605,아파트_전월세,가양도시개발공사4단지(임대),가양동,1478,41.16,,274,7,11,27,1992,신규,26.06~28.08,,,,,
화곡동,202605,아파트_전월세,우장산한화꿈에그린,화곡동,1151,120.11,,63000,0,12,1,2004,갱신,26.06~28.06,60000.0,,,,
가양동,202605,아파트_전월세,강변,가양동,1475,34.44,,24000,0,3,27,1992,신규,26.06~28.06,,,,,
등촌동,202605,아파트_전월세,대동황토방2,등촌동,713,84.99,,30000,68,9,23,2003,갱신,26.06~28.06,30000.0,60.0,사용,,
가양동,202605,아파트_전월세,한강타운,가양동,1460,84.99,,62000,0,9,26,1993,신규,26.08~28.08,,,,,
화곡동,202605,아파트_전월세,M노블레스,화곡동,29-57,44.2,,25830,0,3,27,2021,갱신,26.06~28.06,25074.0,,사용,,
가양동,202605,아파트_전월세,강변,가양동,1475,49.5,,40000,0,8,6,1992,신규,26.06~28.06,,,,,
등촌동,202605,아파트_전월세,주공5,등촌동,695,58.14,,10000,125,8,14,1995,신규,26.08~28.08,,,,,
방화동,202605,아파트_전월세,도시개발공사,방화동,851,24.42,,169,4,8,27,1994,신규,26.06~28.08,,,,,
마곡동,202605,아파트_전월세,마곡13단지힐스테이트마스터,마곡동,748,84.9805,,89000,0,11,26,2017,신규,26.07~28.07,,,,,
마곡동,202605,아파트_전월세,마곡엠벨리(14단지),마곡동,750,84.88,,80000,0,1,26,2014,신규,26.08~28.08,,,,,
염창동,202605,아파트_전월세,삼성하나로,염창동,248-3,84.78,,51400,0,2,23,1994,갱신,26.06~28.06,49000.0,,사용,,
마곡동,202605,아파트_전월세,마곡보타닉경남아너스빌,마곡동,1252,59.7672,,40000,30,4,26,2005,신규,26.07~28.07,,,,,
마곡동,202605,아파트_전월세,마곡우림필유아파트,마곡동,1467,84.528,,58000,0,11,23,2003,신규,26.08~28.08,,,,,
방화동,202605,아파트_전월세,방화그린,방화동,839,39.76,,17850,0,13,20,1993,신규,26.07~28.07,,,,,
가양동,202605,아파트_전월세,강나루2현대,가양동,448,59.97,,55000,0,5,1,2001,신규,26.07~28.07,,,,,
등촌동,202605,아파트_전월세,아임2030등촌역,등촌동,648-5,15.17,,6200,41,10,26,2020,갱신,26.07~28.06,6200.0,39.0,,,
염창동,202605,아파트_전월세,현대1,염창동,288,84.34,,70000,0,5,26,1994,신규,26.08~28.08,,,,,
염창동,202605,아파트_전월세,일신건영휴먼빌,염창동,298,84.93,,20000,180,3,21,2004,신규,26.08~28.08,,,,,
화곡동,202605,아파트_전월세,엠타워,화곡동,899-29,14.118,,1000,47,11,24,2011,신규,26.05~27.05,,,,,
화곡동,202605,아파트_전월세,우장산역해링턴타워,화곡동,1170,43.04,,8320,57,6,26,2021,갱신,26.07~28.07,8320.0,54.0,,,
내발산동,202605,아파트_전월세,우장산힐스테이트,내발산동,657,59.98,,55000,0,11,26,2005,갱신,26.05~28.05,50000.0,,,,
화곡동,202605,아파트_전월세,우장산역해링턴타워,화곡동,1170,43.04,,9800,71,7,26,2021,신규,26.06~28.06,,,,,
가양동,202605,아파트_전월세,가양도시개발9-2단지,가양동,1490,49.5,,30000,0,6,25,1993,신규,26.09~28.09,,,,,
등촌동,202605,아파트_전월세,아임2030등촌역,등촌동,648-5,15.17,,4600,31,4,26,2020,갱신,26.07~28.06,4600.0,29.0,,,
등촌동,202605,아파트_전월세,아임2030등촌역,등촌동,648-5,15.48,,10000,11,3,26,2020,신규,26.06~28.06,,,,,
등촌동,202605,아파트_전월세,동성,등촌동,691-1,150.05,,70000,0,14,16,1995,갱신,26.05~27.05,65000.0,,,,
가양동,202605,아파트_전월세,가양도시개발공사5단지(임대),가양동,1481,41.16,,274,7,12,26,1992,신규,26.06~28.08,,,,,
가양동,202605,아파트_전월세,가양우성,가양동,14-3,84.85,,65000,0,9,23,1990,갱신,26.06~28.06,55000.0,,,,
가양동,202605,아파트_전월세,한강타운,가양동,1460,84.99,,56000,0,15,2,1993,신규,26.05~28.05,,,,,
화곡동,202605,아파트_전월세,"우장산아이파크,이편한세상",화곡동,1159,84.97,,37500,190,9,13,2008,신규,26.06~28.06,,,,,
방화동,202605,아파트_전월세,개화,방화동,819,101.86,,58000,0,7,23,1994,신규,26.09~28.09,,,,,
가양동,202605,아파트_전월세,강변,가양동,1475,49.5,,33500,0,12,25,1992,갱신,26.07~28.07,32000.0,,사용,,
화곡동,202605,아파트_전월세,디아인스,화곡동,899-31,23.93,,23600,0,13,26,2018,신규,26.07~28.06,,,,,
방화동,202605,아파트_전월세,동성,방화동,817,64.65,,300,30,1,26,1993,신규,26.05~28.05,,,,,
내발산동,202605,아파트_전월세,강서월드메르디앙,내발산동,659-1,84.8945,,63000,0,12,21,2006,갱신,26.05~28.05,60000.0,,사용,,
화곡동,202605,아파트_전월세,웰라이빌,화곡동,927-1,111.21,,3000,150,12,9,2000,신규,26.05~28.05,,,,,
내발산동,202605,아파트_전월세,우장산힐스테이트,내발산동,657,84.98,,85000,0,2,22,2005,신규,26.07~28.07,,,,,
가양동,202605,아파트_전월세,일신건영휴먼빌,가양동,1496,84.95,,54000,0,12,26,2004,갱신,26.06~28.06,54000.0,,사용,,
화곡동,202605,아파트_전월세,강서힐스테이트,화곡동,1165,59.99,,68000,0,11,23,2015,신규,26.07~28.07,,,,,
가양동,202605,아파트_전월세,가양2단지(성지),가양동,1461,39.6,,26000,0,4,13,1992,갱신,26.06~28.06,19700.0,,,,
방화동,202605,아파트_전월세,방화5,방화동,814,49.77,,10000,140,8,14,1994,신규,26.06~28.06,,,,,
등촌동,202605,아파트_전월세,다울,등촌동,637-26,83.286,,40000,0,4,22,2002,신규,26.08~28.08,,,,,
화곡동,202605,아파트_전월세,남광아파트,화곡동,920-15,32.07,,18000,0,5,26,2017,갱신,26.05~27.05,17200.0,,,,
방화동,202605,아파트_전월세,도시개발공사,방화동,851,24.42,,169,4,5,26,1994,신규,26.06~28.08,,,,,
화곡동,202605,아파트_전월세,강서동도센트리움,화곡동,1161,14.677,,500,42,8,15,2012,신규,26.05~27.05,,,,,
내발산동,202605,아파트_전월세,우장산힐스테이트,내발산동,657,59.98,,60000,0,8,22,2005,갱신,26.05~28.05,60000.0,,사용,,
방화동,202605,아파트_전월세,방화그린,방화동,839,49.77,,5000,130,6,25,1993,신규,26.05~28.05,,,,,
염창동,202605,아파트_전월세,성원,염창동,295,59.91,,15000,139,17,26,2001,갱신,26.05~28.05,15000.0,130.0,사용,,
마곡동,202605,아파트_전월세,마곡엠밸리7단지,마곡동,743-4,84.55,,74000,0,5,23,2014,갱신,26.06~28.06,70000.0,,,,
화곡동,202605,아파트_전월세,아델리아Ⅲ,화곡동,24-136,15.53,,7400,12,4,4,2012,신규,26.05~28.05,,,,,
화곡동,202605,아파트_전월세,아델리아Ⅰ,화곡동,24-140,15.18,,8400,16,5,26,2012,갱신,26.06~28.06,8400.0,14.0,사용,,
내발산동,202605,아파트_전월세,우장산힐스테이트,내발산동,657,101.87,,90000,0,5,23,2005,신규,26.08~28.08,,,,,
가양동,202605,아파트_전월세,강변,가양동,1475,34.44,,5000,90,12,23,1992,신규,26.07~28.07,,,,,
가양동,202605,아파트_전월세,가양1차보람더하임,가양동,1497,59.96,,37020,0,4,26,2006,갱신,26.06~28.04,35270.0,,,,
화곡동,202605,아파트_전월세,초록,화곡동,1139,59.34,,42000,0,10,25,1998,갱신,26.06~28.02,40000.0,,사용,,
화곡동,202605,아파트_전월세,우장산롯데캐슬,화곡동,1145,134.99,,70000,90,10,23,2003,신규,26.07~28.07,,,,,
등촌동,202605,아파트_전월세,임광,등촌동,562-5,71.01,,5000,170,14,25,2000,신규,26.07~28.07,,,,,
화곡동,202605,아파트_전월세,"우장산아이파크,이편한세상",화곡동,1159,84.97,,70000,13,16,11,2008,갱신,26.07~28.07,70000.0,,사용,,
등촌동,202605,아파트_전월세,주공10,등촌동,702,58.14,,45000,0,9,24,1995,신규,26.07~28.07,,,,,
마곡동,202605,아파트_전월세,벽산,마곡동,429,59.98,,43050,0,14,16,1999,갱신,26.05~28.05,41000.0,,사용,,
내발산동,202605,아파트_전월세,마곡수명산파크1단지,내발산동,742,84.53,,70000,0,14,23,2007,갱신,26.07~28.07,60500.0,,,,
가양동,202605,아파트_전월세,가양6단지,가양동,1485,58.65,,45000,0,6,22,1992,신규,26.06~28.06,,,,,
등촌동,202605,아파트_전월세,주공3,등촌동,688,58.14,,50000,0,1,23,1995,신규,26.06~28.06,,,,,
가양동,202605,아파트_전월세,강변,가양동,1475,39.6,,28500,0,15,19,1992,갱신,26.06~28.06,26050.0,,,,
마곡동,202605,아파트_전월세,마곡13단지힐스테이트마스터,마곡동,748,84.9805,,30000,194,9,7,2017,갱신,26.07~28.07,30000.0,180.0,사용,,
등촌동,202605,아파트_전월세,"등촌7,8단지주공아파트",등촌동,707,41.85,,33000,0,14,22,1994,신규,26.09~28.09,,,,,
가양동,202605,아파트_전월세,가양2단지(성지),가양동,1461,34.44,,23000,0,7,21,1992,갱신,26.07~28.07,21000.0,,,,
등촌동,202605,아파트_전월세,주공3,등촌동,688,58.14,,5000,90,6,22,1995,갱신,26.06~28.06,5000.0,85.0,사용,,
화곡동,202605,아파트_전월세,초록,화곡동,1139,49.77,,29700,0,2,19,1998,신규,26.08~28.08,,,,,
마곡동,202605,아파트_전월세,한솔솔파크,마곡동,716,59.81,,55000,0,14,12,2005,갱신,26.05~28.05,42000.0,,,,
방화동,202605,아파트_전월세,강서센트레빌3차(894-0),방화동,894,84.4,,53000,0,2,26,2009,갱신,26.07~28.07,50825.0,,,,
마곡동,202605,아파트_전월세,마곡엠밸리9단지,마곡동,744,59.89,,70000,0,6,23,2021,갱신,26.08~28.08,54000.0,,,,
등촌동,202605,아파트_전월세,"등촌1,2단지주공아파트",등촌동,687,41.85,,29000,0,13,21,1994,신규,26.08~28.08,,,,,
등촌동,202605,아파트_전월세,월드메르디앙,등촌동,711,84.97,,56000,0,14,26,2002,갱신,26.05~28.05,50000.0,,,,
마곡동,202605,아파트_전월세,마곡엠밸리9단지,마곡동,744,59.89,,66000,0,8,23,2021,신규,26.10~28.10,,,,,
마곡동,202605,아파트_전월세,한솔솔파크,마곡동,716,59.81,,47000,0,3,25,2005,갱신,26.06~28.06,45000.0,,사용,,
염창동,202605,아파트_전월세,동아3,염창동,258-1,84.87,,64000,0,6,22,1999,갱신,26.05~28.05,47000.0,,,,
염창동,202605,아파트_전월세,염창1차한화꿈에그린,염창동,281-22,59.94,,40000,110,8,23,2005,신규,26.08~28.08,,,,,
염창동,202605,아파트_전월세,강변힐스테이트,염창동,299,84.99,,80000,0,2,23,2005,신규,26.07~28.07,,,,,
염창동,202605,아파트_전월세,무학,염창동,255,59.38,,52000,0,10,23,1999,신규,26.07~28.07,,,,,
염창동,202605,아파트_전월세,극동,염창동,246-23,85,,60000,0,18,23,2000,신규,26.07~28.07,,,,,
염창동,202605,아파트_전월세,극동,염창동,246-23,104.15,,69000,30,8,21,2000,신규,26.07~28.07,,,,,
화곡동,202605,아파트_전월세,성재센트리움아파트(343-35),화곡동,343-35,22.52,,2000,75,8,7,2015,갱신,26.05~28.09,2000.0,75.0,,,
가양동,202605,아파트_전월세,가양2단지(성지),가양동,1461,49.56,,37000,0,13,23,1992,신규,26.07~28.07,,,,,
염창동,202605,아파트_전월세,강변한솔솔파크,염창동,300,84.73,,70000,0,9,14,2005,신규,26.08~28.08,,,,,
염창동,202605,아파트_전월세,동아,염창동,292,114.84,,82000,0,10,24,1998,신규,26.07~28.07,,,,,
가양동,202605,아파트_전월세,강서한강자이,가양동,1500,59.9382,,70000,0,3,25,2013,신규,26.07~28.07,,,,,
염창동,202605,아파트_전월세,동아,염창동,292,84.95,,52000,40,3,24,1998,신규,26.07~28.07,,,,,
방화동,202605,아파트_전월세,방화메이빌,방화동,902,50.5074,,41500,0,10,11,2017,갱신,26.05~28.05,40000.0,,사용,,
방화동,202605,아파트_전월세,마곡중앙하이츠아파트,방화동,852,51.03,,4000,120,6,20,1994,갱신,26.07~28.07,4000.0,85.0,,,
등촌동,202605,아파트_전월세,주공3,등촌동,688,37.67,,14000,50,2,8,1995,신규,26.07~28.07,,,,,
등촌동,202605,아파트_전월세,아임2030등촌역,등촌동,648-5,15.17,,7500,36,14,8,2020,갱신,26.06~27.06,7500.0,34.0,,,
화곡동,202605,아파트_전월세,계명가동(343-65),화곡동,343-65,64.74,,28000,0,2,21,2001,신규,26.09~28.09,,,,,
화곡동,202605,아파트_전월세,성재센트리움아파트,화곡동,143-11,34.22,,17600,14,12,22,2017,갱신,26.08~28.08,17600.0,10.0,사용,,
등촌동,202605,아파트_전월세,아임2030등촌역,등촌동,648-5,15.17,,7500,36,11,22,2020,신규,26.07~28.06,,,,,
가양동,202605,아파트_전월세,가양2단지(성지),가양동,1461,49.65,,5000,120,3,22,1992,신규,26.08~28.08,,,,,
등촌동,202605,아파트_전월세,등촌동현대2차,등촌동,655-46,84.95,,10000,190,9,13,1997,신규,26.07~28.07,,,,,
가양동,202605,아파트_전월세,가양6단지,가양동,1485,39.6,,32000,0,11,4,1992,신규,26.08~28.08,,,,,
화곡동,202605,아파트_전월세,강서힐스테이트,화곡동,1165,59.99,,71000,0,3,12,2015,신규,26.07~28.07,,,,,
염창동,202605,아파트_전월세,성원,염창동,295,59.91,,30400,0,15,22,2001,갱신,26.06~26.12,29000.0,,,,
가양동,202605,아파트_전월세,중앙하이츠,가양동,1467,119.85,,10000,230,7,14,1999,신규,26.06~28.06,,,,,
등촌동,202605,아파트_전월세,주공5,등촌동,695,58.14,,44100,0,3,22,1995,갱신,26.09~28.09,42000.0,,사용,,
등촌동,202605,아파트_전월세,등촌라인(조합),등촌동,628-15,59.91,,49000,0,4,20,1997,신규,26.06~28.06,,,,,
마곡동,202605,아파트_전월세,마곡엠벨리(14단지),마곡동,750,84.92,,41239,0,9,22,2014,갱신,26.06~28.05,41239.0,,,,
마곡동,202605,아파트_전월세,마곡엠밸리9단지,마곡동,744,59.89,,72000,0,6,9,2021,신규,26.07~28.07,,,,,
등촌동,202605,아파트_전월세,서광등촌마을아파트,등촌동,638,59.67,,24900,58,16,20,1999,갱신,26.05~28.05,24900.0,58.0,사용,,
마곡동,202605,아파트_전월세,마곡13단지힐스테이트마스터,마곡동,748,84.9881,,75600,0,10,21,2017,갱신,26.06~28.06,72000.0,,사용,,
등촌동,202605,아파트_전월세,아임2030등촌역,등촌동,648-5,15.17,,6200,41,12,20,2020,갱신,26.07~28.07,6200.0,39.0,,,
내발산동,202605,아파트_전월세,마곡수명산파크3단지,내발산동,751,84.53,,38083,0,11,21,2007,갱신,26.06~28.05,36270.0,,,,
방화동,202605,아파트_전월세,방화그린,방화동,839,33.18,,21000,0,2,18,1993,신규,26.06~28.06,,,,,
마곡동,202605,아파트_전월세,마곡엠밸리10단지,마곡동,747,59.79,,36030,0,9,21,2016,갱신,26.06~28.05,34315.0,,,,
마곡동,202605,아파트_전월세,마곡청구아파트,마곡동,1181,59.91,,43000,0,11,21,1998,신규,26.06~28.06,,,,,
방화동,202605,아파트_전월세,방화5,방화동,814,33.18,,4000,100,2,2,1994,신규,26.06~28.06,,,,,
화곡동,202605,아파트_전월세,리치아파트104동,화곡동,924-21,24.46,,21290,4,7,20,2020,갱신,26.06~28.06,21290.0,,,,
내발산동,202605,아파트_전월세,우장산힐스테이트,내발산동,657,59.98,,60000,25,13,15,2005,갱신,26.07~28.06,60000.0,,,,
가양동,202605,아파트_전월세,가양도시개발9-2단지,가양동,1490,34.44,,24000,0,15,12,1993,신규,26.05~28.05,,,,,
마곡동,202605,아파트_전월세,마곡엠밸리9단지,마곡동,744,84.97,,87000,0,5,16,2021,신규,26.08~28.08,,,,,
가양동,202605,아파트_전월세,가양2단지(성지),가양동,1461,49.56,,12000,100,8,10,1992,신규,26.05~28.05,,,,,
화곡동,202605,아파트_전월세,성재센트리움아파트,화곡동,143-6,24.34,,17130,10,8,12,2016,신규,26.06~28.06,,,,,
내발산동,202605,아파트_전월세,마곡수명산파크4단지,내발산동,753,59.84,,10000,180,15,17,2008,신규,26.07~28.11,,,,,
방화동,202605,아파트_전월세,삼성꽃마을,방화동,858,84.41,,47000,0,11,21,1997,신규,26.08~28.08,,,,,
화곡동,202605,아파트_전월세,청담라인씨티,화곡동,920-17,19.27,,9700,25,6,8,2018,신규,26.05~27.05,,,,,
화곡동,202605,아파트_전월세,강서힐스테이트,화곡동,1165,84.99,,55000,130,13,21,2015,신규,26.08~28.08,,,,,
염창동,202605,아파트_전월세,무학,염창동,255,84.64,,40000,100,6,20,1999,갱신,26.08~28.08,40000.0,70.0,,,
방화동,202605,아파트_전월세,동성,방화동,817,76.8,,47000,0,7,21,1993,갱신,26.06~28.06,43000.0,,,,
가양동,202605,아파트_전월세,가양2단지(성지),가양동,1461,49.56,,12000,100,11,16,1992,신규,26.07~28.07,,,,,
마곡동,202605,아파트_전월세,마곡현대아파트,마곡동,1171,84.95,,50000,0,4,16,1999,갱신,26.09~28.09,42000.0,,,,
방화동,202605,아파트_전월세,현대,방화동,793,84.99,,20000,100,1,21,1993,신규,26.06~28.06,,,,,
가양동,202605,아파트_전월세,한강타운,가양동,1460,84.99,,15000,180,14,21,1993,신규,26.07~28.07,,,,,
화곡동,202605,아파트_전월세,원타워(343-43),화곡동,343-43,18.84,,1000,68,12,4,2014,신규,26.05~28.05,,,,,
가양동,202605,아파트_전월세,가양2단지(성지),가양동,1461,49.56,,13000,80,8,21,1992,갱신,26.07~28.07,13000.0,50.0,,,
등촌동,202605,아파트_전월세,주공5,등촌동,695,37.67,,1000,73,4,18,1995,갱신,26.05~28.10,1000.0,68.0,,,
가양동,202605,아파트_전월세,강서한강자이,가양동,1500,98.9994,,90000,0,7,21,2013,신규,26.07~28.07,,,,,
가양동,202605,아파트_전월세,가양도시개발9-2단지,가양동,1490,49.5,,33000,0,1,15,1993,갱신,26.06~28.06,33000.0,,,,
방화동,202605,아파트_전월세,마곡중앙하이츠아파트,방화동,852,59.34,,15000,88,4,21,1994,갱신,26.05~28.05,15000.0,80.0,사용,,
마곡동,202605,아파트_전월세,마곡엠밸리3단지,마곡동,736,49.77,,12901,5,1,21,2014,갱신,26.06~28.05,12901.0,2.0,,,
등촌동,202605,아파트_전월세,대림,등촌동,694,89.975,,50000,60,19,17,1995,신규,26.10~28.10,,,,,
방화동,202605,아파트_전월세,방화메이빌,방화동,902,48.8686,,8000,85,10,21,2017,갱신,26.08~28.08,8000.0,80.0,사용,,
마곡동,202605,아파트_전월세,마곡엠밸리5단지,마곡동,740,114.86,,80000,80,4,15,2014,신규,26.06~28.06,,,,,
등촌동,202605,아파트_전월세,월드메르디앙,등촌동,711,84.97,,53000,0,6,12,2002,갱신,26.05~28.05,53000.0,,,,
공항동,202605,아파트_전월세,스카이,공항동,14-10,74.65,,28000,0,4,20,2000,갱신,26.06~28.06,27000.0,,사용,,
내발산동,202605,아파트_전월세,마곡수명산파크2단지,내발산동,741,59.84,,6890,13,4,20,2007,갱신,26.06~28.05,3852.0,28.0,,,
마곡동,202605,아파트_전월세,마곡엠벨리(15단지),마곡동,751,59.97,,36030,0,16,20,2014,갱신,26.06~28.05,34315.0,,,,
염창동,202605,아파트_전월세,강변한솔솔파크,염창동,300,84.97,,75000,0,8,6,2005,신규,26.07~28.07,,,,,
가양동,202605,아파트_전월세,가양6단지,가양동,1485,39.6,,22457,0,8,17,1992,신규,26.07~28.07,,,,,
내발산동,202605,아파트_전월세,마곡수명산파크3단지,내발산동,751,84.76,,65000,0,13,20,2007,갱신,26.06~28.06,63000.0,,사용,,
방화동,202605,아파트_전월세,강서센트레빌3차(894-0),방화동,894,84.4,,40000,130,9,21,2009,신규,26.09~28.09,,,,,
등촌동,202605,아파트_전월세,서광등촌마을아파트,등촌동,638,59.67,,47000,0,4,19,1999,갱신,26.05~28.05,46000.0,,,,
등촌동,202605,아파트_전월세,"등촌1,2단지주공아파트",등촌동,687,41.85,,24150,0,6,20,1994,갱신,26.07~28.07,23000.0,,사용,,
방화동,202605,아파트_전월세,방화그린,방화동,839,33.6,,3000,65,5,11,1993,갱신,26.07~28.07,3000.0,62.0,사용,,
등촌동,202605,아파트_전월세,주공3,등촌동,688,58.14,,50000,0,14,20,1995,신규,26.08~28.08,,,,,
염창동,202605,아파트_전월세,벽산늘푸른,염창동,290,59.97,,44000,0,2,8,1998,갱신,26.06~28.06,42000.0,,사용,,
가양동,202605,아파트_전월세,가양도시개발9-2단지,가양동,1490,49.5,,36000,0,2,18,1993,신규,26.07~28.07,,,,,
화곡동,202605,아파트_전월세,우장산역해링턴타워,화곡동,1170,23.68,,5680,39,6,20,2021,갱신,26.07~28.07,5680.0,37.0,,,
화곡동,202605,아파트_전월세,유림노르웨이숲(919-1),화곡동,919-1,64.05,,37000,0,2,14,2004,신규,26.07~28.07,,,,,
화곡동,202605,아파트_전월세,우장산역해링턴타워,화곡동,1170,23.68,,5830,39,5,20,2021,신규,26.07~28.07,,,,,
마곡동,202605,아파트_전월세,마곡엠밸리9단지,마곡동,744,59.86,,47000,0,10,20,2021,신규,26.08~28.08,,,,,
염창동,202605,아파트_전월세,벽산늘푸른,염창동,290,59.97,,10000,140,6,19,1998,신규,26.08~28.08,,,,,
가양동,202605,아파트_전월세,가양도시개발9-1단지,가양동,1489,49.5,,1062,17,7,20,1992,신규,26.05~28.07,,,,,
방화동,202605,아파트_전월세,새로나음,방화동,899,14.8,,8500,0,2,19,2015,갱신,26.06~28.06,8300.0,,,,
방화동,202605,아파트_전월세,방화그린,방화동,839,33.6,,20500,0,2,20,1993,신규,26.07~28.07,,,,,
화곡동,202605,아파트_전월세,강서힐스테이트,화곡동,1165,59.99,,69000,0,3,20,2015,갱신,26.07~28.07,59000.0,,,,
가양동,202605,아파트_전월세,가양도시개발공사8단지(임대),가양동,1482,39.6,,840,13,4,20,1992,신규,26.05~28.07,,,,,
가양동,202605,아파트_전월세,가양2단지(성지),가양동,1461,34.44,,2000,89,11,20,1992,갱신,26.07~28.07,2000.0,85.0,사용,,
염창동,202605,아파트_전월세,강서쌍용예가,염창동,308,84.9025,,67000,0,4,19,2014,신규,26.09~28.09,,,,,
등촌동,202605,아파트_전월세,다울,등촌동,637-26,83.198,,53000,0,8,20,2002,신규,26.06~28.06,,,,,
마곡동,202605,아파트_전월세,마곡엠벨리(15단지),마곡동,751,84.5,,76600,0,13,11,2014,갱신,26.05~27.11,73000.0,,사용,,
방화동,202605,아파트_전월세,방화동진로아파트,방화동,804,84.96,,42000,10,3,20,1994,갱신,26.05~28.05,40000.0,10.0,사용,,
가양동,202605,아파트_전월세,강서한강월드메르디앙,가양동,1462,84.9,,70000,0,6,20,2006,신규,26.08~28.08,,,,,
내발산동,202605,아파트_전월세,우장산힐스테이트,내발산동,657,59.98,,56000,0,10,19,2005,갱신,26.05~28.05,50000.0,15.0,,,
방화동,202605,아파트_전월세,개화,방화동,819,133.98,,65000,0,6,10,1994,갱신,26.05~28.05,65000.0,,,,
염창동,202605,아파트_전월세,극동상록수,염창동,280,59.91,,50000,0,16,20,1999,신규,26.05~28.05,,,,,
방화동,202605,아파트_전월세,대림e-편한세상,방화동,874,84.67,,55000,0,12,8,2003,신규,26.07~28.07,,,,,
염창동,202605,아파트_전월세,관음삼성,염창동,268,59.96,,38000,0,1,9,1997,갱신,26.05~28.05,37000.0,,사용,,
등촌동,202605,아파트_전월세,아임2030등촌역,등촌동,648-5,15.17,,4600,31,5,11,2020,갱신,26.07~28.06,4600.0,30.0,,,
가양동,202605,아파트_전월세,가양도시개발9-2단지,가양동,1490,49.5,,40000,0,4,20,1993,신규,26.06~28.06,,,,,
화곡동,202605,아파트_전월세,강서힐스테이트,화곡동,1165,84.99,,30000,130,20,19,2015,갱신,26.05~28.05,30000.0,120.0,사용,,
가양동,202605,아파트_전월세,강변,가양동,1475,39.6,,29400,0,12,9,1992,갱신,26.07~28.07,28000.0,,사용,,
내발산동,202605,아파트_전월세,마곡수명산파크6단지,내발산동,759,49.97,,8179,4,3,20,2007,갱신,26.06~28.05,7861.0,,,,
마곡동,202605,아파트_전월세,마곡엠밸리10단지,마곡동,747,59.87,,36030,0,13,20,2016,갱신,26.06~28.05,34315.0,,,,
방화동,202605,아파트_전월세,방화6단지,방화동,816,24.05,,557,8,6,20,1994,신규,26.05~28.07,,,,,
공항동,202605,아파트_전월세,공항동부센트레빌,공항동,1374,118.21,,10000,240,15,19,2009,신규,26.06~28.06,,,,,
방화동,202605,아파트_전월세,마곡중앙하이츠아파트,방화동,852,59.34,,40000,0,6,12,1994,신규,26.07~28.07,,,,,
등촌동,202605,아파트_전월세,"등촌7,8단지주공아파트",등촌동,707,41.85,,28000,0,8,19,1994,갱신,26.06~28.06,27000.0,,사용,,
염창동,202605,아파트_전월세,염창2차보람,염창동,271-4,84.97,,50000,90,14,13,2005,신규,26.08~28.08,,,,,
내발산동,202605,아파트_전월세,마곡수명산파크1단지,내발산동,742,39.73,,6418,0,9,19,2007,갱신,26.06~28.05,6177.0,,,,
염창동,202605,아파트_전월세,벽산늘푸른,염창동,290,84.94,,69000,0,3,19,1998,신규,26.08~28.08,,,,,
화곡동,202605,아파트_전월세,GMValley,화곡동,899-27,24.6,,15000,22,6,19,2018,신규,26.07~28.07,,,,,
화곡동,202605,아파트_전월세,중앙화곡하이츠,화곡동,351-89,56.88,,30000,0,9,16,1988,신규,26.08~28.08,,,,,
화곡동,202605,아파트_전월세,보눔하우스화곡,화곡동,401-1,30.01,,7000,49,8,16,2021,신규,26.06~28.06,,,,,
내발산동,202605,아파트_전월세,마곡수명산파크1단지,내발산동,742,39.73,,6088,2,2,19,2007,갱신,26.06~28.05,5996.0,,,,
가양동,202605,아파트_전월세,가양도시개발공사8단지(임대),가양동,1482,39.6,,840,12,15,19,1992,신규,26.05~28.07,,,,,
내발산동,202605,아파트_전월세,우장산힐스테이트,내발산동,657,84.98,,85000,0,2,18,2005,신규,26.07~28.07,,,,,
마곡동,202605,아파트_전월세,마곡엠밸리2단지,마곡동,735,84.95,,40000,160,8,5,2014,신규,26.07~28.07,,,,,
화곡동,202605,아파트_전월세,리치아파트102동(924-24),화곡동,924-24,22.82,,20410,13,8,19,2020,신규,26.06~28.06,,,,,
내발산동,202605,아파트_전월세,마곡수명산파크1단지,내발산동,742,39.8,,6418,0,13,19,2007,갱신,26.06~28.05,6177.0,,,,
가양동,202605,아파트_전월세,가양도시개발9-2단지,가양동,1490,39.6,,3000,100,7,19,1993,신규,26.08~28.08,,,,,
내발산동,202605,아파트_전월세,마곡수명산파크1단지,내발산동,742,39.92,,2451,22,11,19,2007,갱신,26.06~28.05,2359.0,21.0,,,
내발산동,202605,아파트_전월세,마곡수명산파크1단지,내발산동,742,39.8,,3941,14,10,19,2007,갱신,26.06~28.05,2359.0,21.0,,,
가양동,202605,아파트_전월세,가양강나루현대,가양동,448-1,84.98,,42000,60,10,15,1999,갱신,26.07~28.07,40000.0,60.0,사용,,
염창동,202605,아파트_전월세,e편한세상염창,염창동,309,84.9783,,100000,0,19,2,2019,신규,26.07~28.11,,,,,
염창동,202605,아파트_전월세,신동아,염창동,289,59.82,,45000,0,11,11,1995,신규,26.06~28.06,,,,,
방화동,202605,아파트_전월세,청솔,방화동,832,39.36,,28000,0,3,16,1994,신규,26.08~28.08,,,,,
방화동,202605,아파트_전월세,방화그린,방화동,839,49.77,,30000,0,3,19,1993,신규,26.08~28.08,,,,,
염창동,202605,아파트_전월세,아네스트염창,염창동,310,14.94,,11000,23,10,19,2019,신규,26.07~28.07,,,,,
화곡동,202605,아파트_전월세,청우(391-2),화곡동,391-2,51.96,,3000,85,2,19,2007,갱신,26.05~28.05,3000.0,82.0,,,
방화동,202605,아파트_전월세,방화6단지,방화동,816,24.05,,557,8,9,19,1994,신규,26.05~28.07,,,,,
가양동,202605,아파트_전월세,가양도시개발9-2단지,가양동,1490,39.6,,22000,30,5,18,1993,신규,26.07~28.07,,,,,
화곡동,202605,아파트_전월세,한양아이클래스,화곡동,926-5,13.79,,500,47,8,4,2013,신규,26.05~27.05,,,,,
가양동,202605,아파트_전월세,강변,가양동,1475,39.6,,29000,0,6,18,1992,갱신,26.06~28.06,25000.0,,,,
가양동,202605,아파트_전월세,가양도시개발공사8단지(임대),가양동,1482,39.6,,840,13,5,18,1992,신규,26.05~28.07,,,,,
등촌동,202605,아파트_전월세,아임2030등촌역,등촌동,648-5,15.48,,10000,10,3,18,2020,신규,26.07~28.07,,,,,
염창동,202605,아파트_전월세,염창1차보람더하임,염창동,305,84.98,,46872,0,1,18,2008,갱신,26.06~28.05,44640.0,,,,
화곡동,202605,아파트_전월세,우장산롯데캐슬,화곡동,1145,85,,83000,0,8,15,2003,신규,26.08~28.08,,,,,
가양동,202605,아파트_전월세,일신건영휴먼빌,가양동,1496,84.95,,40000,80,7,16,2004,신규,26.08~28.08,,,,,
방화동,202605,아파트_전월세,강서센트레빌3차(894-0),방화동,894,84.4,,54500,0,5,18,2009,갱신,26.05~28.05,52000.0,,사용,,
가양동,202605,아파트_전월세,강변,가양동,1475,49.5,,50000,0,12,6,1992,신규,26.07~28.07,,,,,
화곡동,202605,아파트_전월세,에이원,화곡동,392-58,48.36,,18100,0,5,18,2005,갱신,26.06~28.06,18100.0,,사용,,
화곡동,202605,아파트_전월세,라인씨티,화곡동,343-62,14.91,,6000,17,5,18,2014,갱신,26.06~27.06,6000.0,15.0,,,
가양동,202605,아파트_전월세,가양강나루현대,가양동,448-1,59.76,,51450,0,14,18,1999,갱신,26.06~28.06,49000.0,,사용,,
내발산동,202605,아파트_전월세,마곡수명산파크5단지,내발산동,749,59.87,,42500,0,14,5,2008,갱신,26.06~28.06,40500.0,,사용,,
화곡동,202605,아파트_전월세,"우장산아이파크,이편한세상",화곡동,1159,84.97,,80000,0,6,15,2008,갱신,26.07~28.07,73000.0,,,,
방화동,202605,아파트_전월세,새로나음,방화동,899,14.8,,8300,0,3,18,2015,신규,26.06~28.06,,,,,
방화동,202605,아파트_전월세,신마곡벽산블루밍,방화동,904,49.9788,,17208,25,4,18,2020,갱신,26.06~28.05,12160.0,46.0,,,
화곡동,202605,아파트_전월세,우장산역해링턴타워,화곡동,1170,43.04,,10400,71,12,18,2021,신규,26.06~28.06,,,,,
방화동,202605,아파트_전월세,방화5,방화동,814,33.18,,17200,0,5,18,1994,갱신,26.05~28.05,16400.0,,,,
등촌동,202605,아파트_전월세,등촌동아이파크,등촌동,715,134.8836,,75000,0,1,15,2004,신규,26.07~28.07,,,,,
화곡동,202605,아파트_전월세,한백e,화곡동,915-6,57.06,,21700,0,4,15,2002,갱신,26.07~28.07,21700.0,,사용,,
가양동,202605,아파트_전월세,가양2단지(성지),가양동,1461,34.44,,10000,60,5,16,1992,신규,26.06~28.06,,,,,
등촌동,202605,아파트_전월세,"등촌7,8단지주공아파트",등촌동,707,41.85,,3000,120,2,11,1994,신규,26.06~28.06,,,,,
가양동,202605,아파트_전월세,가양도시개발공사8단지(임대),가양동,1482,39.6,,840,13,12,18,1992,신규,26.05~28.07,,,,,
화곡동,202605,아파트_전월세,청담라인씨티,화곡동,920-17,28.8,,3400,62,10,18,2018,신규,26.06~27.06,,,,,
가양동,202605,아파트_전월세,강변,가양동,1475,34.44,,23000,0,5,16,1992,갱신,26.06~28.06,21000.0,,,,
가양동,202605,아파트_전월세,가양도시개발9-1단지,가양동,1489,34.44,,738,12,7,18,1992,신규,26.05~28.07,,,,,
가양동,202605,아파트_전월세,가양도시개발공사8단지(임대),가양동,1482,39.6,,840,13,8,18,1992,신규,26.05~28.07,,,,,
방화동,202605,아파트_전월세,지니스힐,방화동,537-1,84.72,,27000,0,4,16,2008,갱신,26.06~28.06,27000.0,,사용,,
방화동,202605,아파트_전월세,대림e-편한세상,방화동,874,84.67,,35000,75,12,17,2003,신규,26.07~28.07,,,,,
가양동,202605,아파트_전월세,가양도시개발공사8단지(임대),가양동,1482,39.6,,840,13,4,18,1992,신규,26.05~28.07,,,,,
가양동,202605,아파트_전월세,대림경동아파트,가양동,1474,131.4,,20000,140,6,13,1993,갱신,26.07~28.07,20000.0,130.0,,,
방화동,202605,아파트_전월세,대림e-편한세상,방화동,874,67.68,,50000,0,3,18,2003,갱신,26.05~28.05,48000.0,,,,
방화동,202605,아파트_전월세,방화6단지,방화동,816,39.6,,922,13,8,18,1994,신규,26.05~28.07,,,,,
염창동,202605,아파트_전월세,주상복합태진가람,염창동,263-2,58.86,,33000,30,5,17,1995,신규,26.08~28.08,,,,,
화곡동,202605,아파트_전월세,강서힐스테이트,화곡동,1165,84.99,,60000,63,2,15,2015,갱신,26.05~28.05,60000.0,50.0,사용,,
가양동,202605,아파트_전월세,가양도시개발공사8단지(임대),가양동,1482,34.44,,743,12,11,18,1992,신규,26.05~28.07,,,,,
염창동,202605,아파트_전월세,염창1차보람더하임,염창동,305,84.98,,19496,0,15,18,2008,갱신,26.06~28.05,18568.0,,,,
가양동,202605,아파트_전월세,강변,가양동,1475,49.5,,32000,0,9,15,1992,갱신,26.05~28.05,27000.0,,,,
마곡동,202605,아파트_전월세,마곡13단지힐스테이트마스터,마곡동,748,84.9805,,10000,320,12,15,2017,신규,26.06~28.06,,,,,
가양동,202605,아파트_전월세,강변,가양동,1475,39.6,,19000,35,7,8,1992,신규,26.08~28.08,,,,,
방화동,202605,아파트_전월세,장미,방화동,841,39.96,,1500,71,10,16,1994,갱신,26.05~28.05,1500.0,68.0,사용,,
염창동,202605,아파트_전월세,강변힐스테이트,염창동,299,59.9,,58000,0,10,16,2005,신규,26.07~28.07,,,,,
염창동,202605,아파트_전월세,염창1차한화꿈에그린,염창동,281-22,84.93,,83000,0,16,16,2005,갱신,26.06~28.06,81000.0,,사용,,
염창동,202605,아파트_전월세,동아3,염창동,258-1,59.7,,52000,0,5,16,1999,신규,26.10~28.10,,,,,
내발산동,202605,아파트_전월세,우장산힐스테이트,내발산동,657,59.98,,53500,0,5,16,2005,갱신,26.06~28.06,50700.0,,,,
방화동,202605,아파트_전월세,한오,방화동,547-11,47.06,,15000,0,3,2,1988,신규,26.06~28.06,,,,,
등촌동,202605,아파트_전월세,주공3,등촌동,688,37.67,,30450,0,3,15,1995,갱신,26.07~28.07,29000.0,,사용,,
등촌동,202605,아파트_전월세,아임2030등촌역,등촌동,648-5,15.17,,4600,31,4,13,2020,신규,26.07~28.07,,,,,
등촌동,202605,아파트_전월세,아임2030등촌역,등촌동,648-5,15.48,,4600,31,3,15,2020,신규,26.07~28.06,,,,,
화곡동,202605,아파트_전월세,프라임팰리스(1024-23),화곡동,1024-23,83.31,,40000,0,9,5,2008,신규,26.08~28.08,,,,,
등촌동,202605,아파트_전월세,"등촌7,8단지주공아파트",등촌동,707,41.85,,35000,0,9,4,1994,신규,26.07~28.07,,,,,
마곡동,202605,아파트_전월세,마곡힐스테이트,마곡동,1589,84.98,,73500,0,3,15,2017,갱신,26.05~28.05,70000.0,,사용,,
가양동,202605,아파트_전월세,동신대아,가양동,1459,134.88,,75000,0,11,15,1993,갱신,26.06~28.06,75000.0,,,,
화곡동,202605,아파트_전월세,리치아파트103동,화곡동,924-22,22.55,,20160,5,8,15,2020,갱신,26.05~28.05,20410.0,,사용,,
화곡동,202605,아파트_전월세,미주,화곡동,474-1,48.3,,16000,8,1,14,1988,갱신,26.05~28.05,16000.0,15.0,,,
가양동,202605,아파트_전월세,한강타운,가양동,1460,84.99,,5000,190,15,9,1993,신규,26.06~28.06,,,,,
화곡동,202605,아파트_전월세,강서힐스테이트,화곡동,1165,84.99,,50000,120,9,15,2015,갱신,26.06~28.12,50000.0,100.0,사용,,
등촌동,202605,아파트_전월세,주공3,등촌동,688,58.14,,10000,150,9,15,1995,신규,26.07~28.07,,,,,
염창동,202605,아파트_전월세,금호타운,염창동,240-32,59.88,,50900,0,6,15,1999,갱신,26.08~28.08,48500.0,,사용,,
화곡동,202605,아파트_전월세,아델리아ll,화곡동,24-139,17.28,,8000,17,6,9,2012,갱신,26.07~28.07,8000.0,15.0,사용,,
방화동,202605,아파트_전월세,방화5,방화동,814,49.77,,41000,0,1,15,1994,신규,26.08~28.08,,,,,
방화동,202605,아파트_전월세,방화5,방화동,814,33.18,,25000,0,4,14,1994,신규,26.09~28.09,,,,,
방화동,202605,아파트_전월세,방신서광,방화동,871,113.3376,,56000,0,8,7,2003,신규,26.07~28.07,,,,,
가양동,202605,아파트_전월세,가양6단지,가양동,1485,39.6,,25000,0,3,9,1992,갱신,26.06~28.06,19000.0,,,,
가양동,202605,아파트_전월세,강변,가양동,1475,39.6,,27300,0,6,12,1992,갱신,26.07~28.07,26000.0,,사용,,
화곡동,202605,아파트_전월세,강서힐스테이트,화곡동,1165,84.99,,10000,280,13,9,2015,신규,26.08~28.08,,,,,
등촌동,202605,아파트_전월세,주공5,등촌동,695,37.67,,28000,0,7,5,1995,갱신,26.05~28.05,26000.0,,,,
가양동,202605,아파트_전월세,가양6단지,가양동,1485,49.5,,20000,80,12,14,1992,신규,26.07~28.07,,,,,
내발산동,202605,아파트_전월세,우장산힐스테이트,내발산동,657,59.98,,65000,0,8,1,2005,갱신,26.08~28.08,62000.0,,사용,,
마곡동,202605,아파트_전월세,마곡13단지힐스테이트마스터,마곡동,748,59.9825,,68250,0,10,15,2017,갱신,26.07~28.07,65000.0,,,,
방화동,202605,아파트_전월세,방화동동부센트레빌(875번지),방화동,875,84.98,,59000,0,4,12,2003,신규,26.08~28.08,,,,,
염창동,202605,아파트_전월세,동아,염창동,292,59.97,,20000,81,15,13,1998,갱신,26.05~28.05,20000.0,74.0,사용,,
방화동,202605,아파트_전월세,마곡서광(치현마을),방화동,860,59.67,,25100,32,12,6,1998,갱신,26.06~28.06,25100.0,25.0,,,
가양동,202605,아파트_전월세,가양2단지(성지),가양동,1461,34.44,,26100,0,6,14,1992,갱신,26.05~28.05,26000.0,,,,
내발산동,202605,아파트_전월세,우장산힐스테이트,내발산동,657,126.65,,98700,0,3,13,2005,갱신,26.05~28.05,94000.0,,사용,,
화곡동,202605,아파트_전월세,라인씨티,화곡동,343-62,14.91,,6000,23,12,11,2014,갱신,26.06~27.06,6000.0,21.0,,,
방화동,202605,아파트_전월세,힐스테이트신방화역,방화동,908,59.9652,,53700,0,7,14,2022,신규,26.08~28.08,,,,,
화곡동,202605,아파트_전월세,성재센트리움아파트(343-35),화곡동,343-35,21.09,,15750,40,7,14,2015,신규,26.06~28.06,,,,,
염창동,202605,아파트_전월세,송촌,염창동,264-18,92.94,,63000,0,8,13,2005,갱신,26.05~28.05,60000.0,,사용,,
등촌동,202605,아파트_전월세,"등촌1,2단지주공아파트",등촌동,687,41.85,,32000,0,12,13,1994,신규,26.07~28.07,,,,,
내발산동,202605,아파트_전월세,우장산힐스테이트,내발산동,657,84.98,,50000,100,1,13,2005,갱신,26.05~28.05,50000.0,78.0,사용,,
염창동,202605,아파트_전월세,센터스퀘어등촌,염창동,312,39,,2904,94,10,14,2020,신규,26.06~28.06,,,,,
등촌동,202605,아파트_전월세,아임2030등촌역,등촌동,648-5,15.17,,6200,41,10,14,2020,갱신,26.06~27.06,6200.0,39.0,,,
화곡동,202605,아파트_전월세,라인씨티,화곡동,343-62,14.91,,8000,8,10,14,2014,갱신,26.06~27.06,8000.0,6.0,,,
방화동,202605,아파트_전월세,현대,방화동,793,84.99,,53000,0,11,9,1993,갱신,26.05~28.05,50000.0,,,,
등촌동,202605,아파트_전월세,주공3,등촌동,688,58.14,,10000,150,10,14,1995,신규,26.09~28.09,,,,,
가양동,202605,아파트_전월세,가양6단지,가양동,1485,39.6,,15000,60,6,14,1992,신규,26.06~28.06,,,,,
등촌동,202605,아파트_전월세,등촌동현대2차,등촌동,655-46,84.95,,10000,150,9,1,1997,갱신,26.05~26.06,10000.0,150.0,,,
방화동,202605,아파트_전월세,동성,방화동,817,64.65,,45000,0,10,13,1993,신규,26.08~28.08,,,,,
방화동,202605,아파트_전월세,방화메이빌,방화동,902,51.8976,,39900,0,4,13,2017,갱신,26.05~28.05,38000.0,,사용,,
마곡동,202605,아파트_전월세,마곡13단지힐스테이트마스터,마곡동,748,84.9881,,55000,30,11,13,2017,갱신,26.08~27.08,55000.0,18.0,,,
등촌동,202605,아파트_전월세,대림아르빌아파트,등촌동,637-22,84.6,,48000,0,7,14,2002,갱신,26.05~26.12,38000.0,,,,
등촌동,202605,아파트_전월세,주공3,등촌동,688,58.14,,12000,107,11,12,1995,갱신,26.07~28.07,12000.0,100.0,사용,,
염창동,202605,아파트_전월세,e편한세상염창,염창동,309,51.5045,,14562,23,8,14,2019,갱신,26.06~28.05,10307.0,39.0,,,
화곡동,202605,아파트_전월세,행복타운(926-10),화곡동,926-10,12.24,,5000,7,11,11,2012,갱신,26.05~28.05,,6.0,,,
가양동,202605,아파트_전월세,대림경동아파트,가양동,1474,131.4,,60000,0,4,9,1993,갱신,26.07~26.12,60000.0,,,,
등촌동,202605,아파트_전월세,대림,등촌동,694,123.72,,45000,100,14,8,1995,신규,26.06~28.06,,,,,
가양동,202605,아파트_전월세,강변,가양동,1475,34.44,,26250,0,2,14,1992,갱신,26.06~28.06,25000.0,,사용,,
방화동,202605,아파트_전월세,방화6단지,방화동,816,24.05,,1271,3,2,13,1994,갱신,26.06~28.05,537.0,7.0,,,
등촌동,202605,아파트_전월세,제일(코오롱),등촌동,642,59.95,,38580,0,18,4,1999,갱신,26.07~28.07,36750.0,,사용,,
염창동,202605,아파트_전월세,e편한세상염창,염창동,309,51.756,,14562,23,4,13,2019,갱신,26.06~28.05,10307.0,39.0,,,
등촌동,202605,아파트_전월세,등촌동아이파크,등촌동,715,84.9958,,65000,0,5,13,2004,갱신,26.07~28.07,60500.0,,,,
화곡동,202605,아파트_전월세,우장산롯데캐슬,화곡동,1145,85,,62000,0,1,12,2003,갱신,26.06~28.06,59000.0,,,,
화곡동,202605,아파트_전월세,초록,화곡동,1139,49.77,,43000,0,4,8,1998,신규,26.08~28.08,,,,,
염창동,202605,아파트_전월세,관음삼성,염창동,268,59.96,,47250,0,11,9,1997,갱신,26.06~28.06,45000.0,,사용,,
마곡동,202605,아파트_전월세,마곡엠벨리(14단지),마곡동,750,114.86,,87000,0,15,10,2014,신규,26.06~28.06,,,,,
내발산동,202605,아파트_전월세,마곡수명산파크3단지,내발산동,751,84.76,,34294,0,3,12,2007,갱신,26.06~28.05,32661.0,,,,
내발산동,202605,아파트_전월세,우장산힐스테이트,내발산동,657,84.98,,70000,50,9,13,2005,신규,26.07~28.07,,,,,
등촌동,202605,아파트_전월세,"등촌7,8단지주공아파트",등촌동,707,41.85,,30450,0,11,13,1994,갱신,26.05~28.05,29000.0,,사용,,
등촌동,202605,아파트_전월세,아임2030등촌역,등촌동,648-5,15.17,,4600,31,6,13,2020,갱신,26.07~28.06,4600.0,29.0,,,
화곡동,202605,아파트_전월세,태민빌딩(143-40),화곡동,143-40,23.47,,13000,13,7,12,2013,신규,26.06~28.06,,,,,
내발산동,202605,아파트_전월세,마곡수명산파크1단지,내발산동,742,39.8,,4743,9,14,13,2007,갱신,26.06~28.05,2359.0,21.0,,,
염창동,202605,아파트_전월세,강변힐스테이트,염창동,299,84.99,,78000,0,7,9,2005,신규,26.08~28.08,,,,,
염창동,202605,아파트_전월세,강서쌍용예가,염창동,308,84.9025,,75100,0,2,13,2014,갱신,26.08~27.01,75100.0,,사용,,
마곡동,202605,아파트_전월세,마곡엠밸리7단지,마곡동,743-4,84.68,,50000,220,2,1,2014,신규,26.08~28.08,,,,,
화곡동,202605,아파트_전월세,"우장산아이파크,이편한세상",화곡동,1159,59.98,,57750,0,5,5,2008,갱신,26.06~28.06,55000.0,,사용,,
염창동,202605,아파트_전월세,금호타운,염창동,240-32,59.88,,50400,0,11,12,1999,갱신,26.07~28.07,48000.0,,사용,,
가양동,202605,아파트_전월세,강변,가양동,1475,49.5,,34000,0,3,7,1992,갱신,26.05~28.05,34000.0,,사용,,
내발산동,202605,아파트_전월세,덕현중앙타워빌,내발산동,676-12,61.64,,40900,0,4,12,2003,갱신,26.05~28.05,39000.0,,사용,,
마곡동,202605,아파트_전월세,마곡보타닉경남아너스빌,마곡동,1252,84.9941,,55000,0,5,9,2005,갱신,26.06~28.06,46000.0,,,,
화곡동,202605,아파트_전월세,리치아파트104동,화곡동,924-21,21.85,,19650,11,11,10,2020,갱신,26.06~28.06,19530.0,8.0,,,
화곡동,202605,아파트_전월세,유림노르웨이숲(919-1),화곡동,919-1,64.05,,5000,60,11,11,2004,갱신,26.05~28.05,5000.0,55.0,,,
화곡동,202605,아파트_전월세,강서크라운팰리스,화곡동,998-5,29.85,,26000,0,16,9,2019,신규,26.07~28.07,,,,,
마곡동,202605,아파트_전월세,마곡13단지힐스테이트마스터,마곡동,748,84.9881,,78000,0,9,12,2017,갱신,26.05~28.05,75000.0,,,,
염창동,202605,아파트_전월세,대림,염창동,262-2,84.87,,35000,90,7,12,1999,갱신,26.06~28.06,35000.0,80.0,사용,,
화곡동,202605,아파트_전월세,리치아파트104동,화곡동,924-21,19.93,,19020,9,5,12,2020,갱신,26.06~28.06,20385.0,,,,
화곡동,202605,아파트_전월세,우장산에스케이뷰,화곡동,1158,84.97,,48000,0,2,12,2006,갱신,26.05~28.03,43000.0,,,,
마곡동,202605,아파트_전월세,마곡엠밸리11단지,마곡동,746,59.79,,31873,0,7,12,2016,갱신,26.06~28.05,31873.0,,,,
마곡동,202605,아파트_전월세,마곡엠밸리10단지,마곡동,747,59.79,,36030,0,13,12,2016,갱신,26.06~28.05,34315.0,,,,
마곡동,202605,아파트_전월세,마곡일성트루엘아파트,마곡동,1535,59.978,,44000,0,4,9,2013,갱신,26.05~26.09,44000.0,,,,
화곡동,202605,아파트_전월세,삼성홈타운,화곡동,911-10,75.35,,17600,0,1,9,2003,갱신,26.06~28.06,16800.0,,,,
방화동,202605,아파트_전월세,경동팰리스힐,방화동,898,12.22,,2000,39,3,9,2014,갱신,26.06~27.06,2000.0,37.0,,,
염창동,202605,아파트_전월세,극동,염창동,246-23,104.15,,20000,250,11,9,2000,신규,26.07~28.07,,,,,
가양동,202605,아파트_전월세,가양6단지,가양동,1485,58.65,,42000,0,10,10,1992,갱신,26.05~28.05,40000.0,,사용,,
등촌동,202605,아파트_전월세,아임2030등촌역,등촌동,648-5,15.01,,4600,31,17,12,2020,갱신,26.07~28.06,460.0,29.0,,,
마곡동,202605,아파트_전월세,마곡13단지힐스테이트마스터,마곡동,748,84.9881,,76600,0,14,12,2017,갱신,26.05~28.05,73000.0,,사용,,
염창동,202605,아파트_전월세,아네스트염창,염창동,310,14.94,,1000,67,9,12,2019,갱신,26.06~27.06,1000.0,64.0,,,
등촌동,202605,아파트_전월세,대동황토방,등촌동,631-9,84.95,,50000,0,14,12,2000,갱신,26.05~28.05,47250.0,,,,
등촌동,202605,아파트_전월세,가양역두산위브,등촌동,726,50.09,,61000,0,19,11,2022,신규,26.07~28.07,,,,,
등촌동,202605,아파트_전월세,등촌파밀리에더클래식201동,등촌동,723,56.9,,56000,0,6,8,2020,신규,26.07~28.07,,,,,
가양동,202605,아파트_전월세,가양강나루현대,가양동,448-1,59.76,,23000,125,19,4,1999,신규,26.08~28.08,,,,,
방화동,202605,아파트_전월세,방화5,방화동,814,49.77,,2000,140,8,1,1994,갱신,26.06~28.06,2000.0,100.0,,,
마곡동,202605,아파트_전월세,마곡엠벨리(14단지),마곡동,750,59.79,,36030,0,13,12,2014,갱신,26.06~28.05,34315.0,,,,
등촌동,202605,아파트_전월세,"등촌7,8단지주공아파트",등촌동,707,41.85,,26400,0,2,10,1994,갱신,26.06~28.06,25200.0,,사용,,
가양동,202605,아파트_전월세,가양6단지,가양동,1485,49.5,,5000,105,4,9,1992,갱신,26.05~28.05,5000.0,100.0,사용,,
방화동,202605,아파트_전월세,동성,방화동,817,84.95,,45090,0,3,9,1993,갱신,26.05~28.05,42950.0,,,,
등촌동,202605,아파트_전월세,주공10,등촌동,702,37.67,,20000,28,13,9,1995,갱신,26.05~28.05,10000.0,55.0,,,
방화동,202605,아파트_전월세,청솔,방화동,832,39.36,,25000,5,5,9,1994,갱신,26.06~28.06,25000.0,,사용,,
마곡동,202605,아파트_전월세,마곡엠밸리6단지,마곡동,743,84.88,,50000,150,4,5,2014,신규,26.07~28.07,,,,,
가양동,202605,아파트_전월세,가양6단지,가양동,1485,39.6,,32000,0,15,8,1992,신규,26.08~28.08,,,,,
등촌동,202605,아파트_전월세,마곡루나플라체,등촌동,725,21.79,,500,130,10,11,2021,신규,26.07~26.10,,,,,
염창동,202605,아파트_전월세,한울밸리움,염창동,274-18,24.08,,31000,0,7,9,2020,갱신,26.08~28.08,31000.0,,사용,,
염창동,202605,아파트_전월세,롯데캐슬,염창동,272-11,84.9519,,44100,79,2,1,2005,갱신,26.05~28.05,42000.0,76.0,,,
염창동,202605,아파트_전월세,삼성한마음,염창동,244-2,59.94,,52000,0,8,9,1995,신규,26.07~28.07,,,,,
마곡동,202605,아파트_전월세,마곡엠밸리11단지,마곡동,746,59.97,,10388,16,14,11,2016,갱신,26.06~28.05,6251.0,36.0,,,
가양동,202605,아파트_전월세,가양2단지(성지),가양동,1461,49.56,,6800,120,7,6,1992,갱신,26.10~28.10,5000.0,120.0,,,
염창동,202605,아파트_전월세,금호타운,염창동,240-32,59.88,,52000,0,17,8,1999,신규,26.07~28.07,,,,,
염창동,202605,아파트_전월세,e편한세상염창,염창동,309,84.9529,,57700,0,2,9,2019,갱신,26.05~28.05,55000.0,,사용,,
염창동,202605,아파트_전월세,삼성한마음,염창동,244-2,59.94,,39000,48,1,9,1995,신규,26.07~28.07,,,,,
가양동,202605,아파트_전월세,동신대아,가양동,1459,101.97,,65000,0,15,10,1993,신규,26.07~28.07,,,,,
마곡동,202605,아파트_전월세,마곡엠벨리(14단지),마곡동,750,59.79,,34315,0,10,11,2014,갱신,26.06~28.05,32681.0,,,,
등촌동,202605,아파트_전월세,대동황토방,등촌동,631-9,59.94,,52000,0,17,6,2000,신규,26.07~28.07,,,,,
마곡동,202605,아파트_전월세,마곡엠밸리11단지,마곡동,746,59.79,,10388,16,14,11,2016,갱신,26.06~28.05,6251.0,36.0,,,
방화동,202605,아파트_전월세,방화5,방화동,814,33.18,,1000,84,13,9,1994,갱신,26.06~28.06,1000.0,80.0,사용,,
화곡동,202605,아파트_전월세,우장산청솔(992-10),화곡동,992-10,84.88,,40000,50,5,6,2004,갱신,26.05~28.05,40000.0,40.0,사용,,
가양동,202605,아파트_전월세,강변,가양동,1475,39.6,,24000,30,14,6,1992,신규,26.07~28.07,,,,,
등촌동,202605,아파트_전월세,아임2030등촌역,등촌동,648-5,15.01,,4600,31,17,11,2020,갱신,26.07~28.06,4600.0,31.0,,,
가양동,202605,아파트_전월세,가양2단지(성지),가양동,1461,49.65,,37000,0,7,10,1992,갱신,26.05~28.05,28500.0,,,,
가양동,202605,아파트_전월세,가양도시개발9-2단지,가양동,1490,34.44,,25000,0,6,9,1993,갱신,26.06~28.06,24000.0,,사용,,
내발산동,202605,아파트_전월세,마곡수명산파크1단지,내발산동,742,84.53,,56000,11,7,11,2007,갱신,26.05~28.05,56000.0,,사용,,
방화동,202605,아파트_전월세,방화5,방화동,814,33.18,,18000,0,11,11,1994,갱신,26.05~28.05,16650.0,,,,
등촌동,202605,아파트_전월세,동성,등촌동,691-1,101.88,,15000,220,10,9,1995,신규,26.07~28.07,,,,,
가양동,202605,아파트_전월세,강변,가양동,1475,49.5,,40000,0,10,9,1992,신규,26.09~28.09,,,,,
방화동,202605,아파트_전월세,마곡중앙하이츠아파트,방화동,852,39.58,,3000,100,4,11,1994,신규,26.06~28.06,,,,,
등촌동,202605,아파트_전월세,서광등촌마을아파트,등촌동,638,84.93,,65000,0,15,8,1999,신규,26.06~28.06,,,,,
마곡동,202605,아파트_전월세,마곡엠밸리6단지,마곡동,743,84.88,,75600,0,11,9,2014,갱신,26.05~28.05,72000.0,,사용,,
마곡동,202605,아파트_전월세,마곡나루경남아파트,마곡동,1577,84.29,,52300,0,7,6,1991,갱신,26.06~28.06,50000.0,,사용,,
내발산동,202605,아파트_전월세,우장산힐스테이트,내발산동,657,59.98,,60000,0,5,9,2005,갱신,26.07~27.06,60000.0,,,,
화곡동,202605,아파트_전월세,우장산역해링턴타워,화곡동,1170,43.04,,9800,71,11,8,2021,갱신,26.06~28.06,9800.0,67.0,,,
등촌동,202605,아파트_전월세,등촌라인(조합),등촌동,628-15,59.91,,5000,160,3,8,1997,신규,26.05~28.05,,,,,
가양동,202605,아파트_전월세,가양6단지,가양동,1485,49.5,,38000,0,11,9,1992,신규,26.08~28.08,,,,,
마곡동,202605,아파트_전월세,마곡엠밸리8단지,마곡동,741,84.88,,79000,0,1,8,2016,신규,26.06~28.06,,,,,
마곡동,202605,아파트_전월세,마곡엠밸리7단지,마곡동,743-4,84.79,,41239,0,13,9,2014,갱신,26.06~28.05,39276.0,,,,
마곡동,202605,아파트_전월세,마곡엠밸리2단지,마곡동,735,59.79,,36030,0,10,8,2014,갱신,26.06~28.05,34315.0,,,,
화곡동,202605,아파트_전월세,디아인스(899-19),화곡동,899-19,20.685,,1000,83,6,11,2019,갱신,26.06~27.06,1000.0,83.0,,,
마곡동,202605,아파트_전월세,마곡엠밸리11단지,마곡동,746,84.88,,65000,45,12,9,2016,신규,26.07~28.07,,,,,
마곡동,202605,아파트_전월세,마곡엠밸리11단지,마곡동,746,59.79,,35161,0,10,11,2016,갱신,26.06~28.05,33487.0,,,,
가양동,202605,아파트_전월세,가양6단지,가양동,1485,39.6,,2500,79,12,9,1992,갱신,26.05~28.05,2500.0,75.0,사용,,
화곡동,202605,아파트_전월세,우장산롯데캐슬,화곡동,1145,117.19,,42000,150,3,8,2003,신규,26.08~28.08,,,,,
마곡동,202605,아파트_전월세,마곡엠밸리1단지,마곡동,734,49.77,,10817,18,6,8,2014,갱신,26.06~28.05,6224.0,40.0,,,
내발산동,202605,아파트_전월세,마곡수명산파크3단지,내발산동,751,84.96,,38083,0,15,8,2007,갱신,26.06~28.05,36270.0,,,,
내발산동,202605,아파트_전월세,마곡수명산파크3단지,내발산동,751,84.53,,34294,0,3,8,2007,갱신,26.06~28.05,32661.0,,,,
화곡동,202605,아파트_전월세,"우장산아이파크,이편한세상",화곡동,1159,84.97,,82000,0,5,11,2008,갱신,26.05~28.05,77000.0,,,,
마곡동,202605,아파트_전월세,마곡푸르지오,마곡동,1525,59.87,,62000,0,3,10,2008,신규,26.07~28.07,,,,,
가양동,202605,아파트_전월세,가양6단지,가양동,1485,39.6,,19000,0,5,9,1992,갱신,26.06~28.06,16800.0,,,,
화곡동,202605,아파트_전월세,강서힐스테이트,화곡동,1165,59.99,,10000,201,13,9,2015,갱신,26.06~28.06,10000.0,190.0,사용,,
화곡동,202605,아파트_전월세,"우장산아이파크,이편한세상",화곡동,1159,59.98,,52500,37,5,9,2008,갱신,26.06~28.06,50000.0,35.0,사용,,
마곡동,202605,아파트_전월세,마곡엠밸리6단지,마곡동,743,59.79,,36030,0,10,8,2014,갱신,26.06~28.05,34315.0,,,,
마곡동,202605,아파트_전월세,마곡엠밸리11단지,마곡동,746,59.87,,10388,16,6,9,2016,갱신,26.06~28.05,6251.0,36.0,,,
내발산동,202605,아파트_전월세,마곡수명산파크1단지,내발산동,742,39.8,,7249,10,12,9,2007,갱신,26.06~28.05,2594.0,23.0,,,
마곡동,202605,아파트_전월세,마곡엠밸리6단지,마곡동,743,84.84,,41239,0,8,8,2014,갱신,26.06~28.05,39276.0,,,,
마곡동,202605,아파트_전월세,마곡엠밸리6단지,마곡동,743,84.6,,41239,0,10,8,2014,갱신,26.06~28.05,39276.0,,,,
등촌동,202605,아파트_전월세,가양역두산위브,등촌동,726,59.98,,40000,110,17,9,2022,신규,26.06~28.06,,,,,
내발산동,202605,아파트_전월세,마곡수명산파크3단지,내발산동,751,84.75,,38083,0,11,9,2007,갱신,26.06~28.05,36270.0,,,,
공항동,202605,아파트_전월세,해태,공항동,1371,84.27,,50000,0,16,9,2000,신규,26.07~28.07,,,,,
마곡동,202605,아파트_전월세,마곡엠밸리11단지,마곡동,746,59.79,,35161,0,3,11,2016,갱신,26.06~28.05,33487.0,,,,
마곡동,202605,아파트_전월세,마곡13단지힐스테이트마스터,마곡동,748,84.9805,,30000,240,10,9,2017,신규,26.08~28.08,,,,,
방화동,202605,아파트_전월세,신마곡벽산블루밍,방화동,904,49.775,,17080,25,8,8,2020,갱신,26.06~28.05,15840.0,44.0,,,
마곡동,202605,아파트_전월세,마곡엠벨리(15단지),마곡동,751,59.97,,36030,0,10,9,2014,갱신,26.06~28.05,34315.0,,,,
마곡동,202605,아파트_전월세,마곡엠밸리6단지,마곡동,743,84.88,,41239,0,3,8,2014,갱신,26.06~28.05,39276.0,,,,
가양동,202605,아파트_전월세,가양강나루현대,가양동,448-1,59.76,,50400,0,4,9,1999,갱신,26.05~28.05,48000.0,,사용,,
마곡동,202605,아파트_전월세,마곡엠밸리3단지,마곡동,736,59.79,,16225,6,9,8,2014,갱신,26.06~28.05,7604.0,47.0,,,
화곡동,202605,아파트_전월세,M노블레스,화곡동,29-57,29.88,,20664,0,4,9,2021,신규,26.05~28.05,,,,,
방화동,202605,아파트_전월세,방화5,방화동,814,49.77,,15000,30,12,6,1994,신규,26.06~30.06,,,,,
내발산동,202605,아파트_전월세,마곡수명산파크3단지,내발산동,751,84.96,,38083,0,6,10,2007,갱신,26.06~28.05,38083.0,,,,
마곡동,202605,아파트_전월세,마곡엠밸리4단지,마곡동,738,59.79,,36030,0,8,8,2014,갱신,26.06~28.05,34315.0,,,,
마곡동,202605,아파트_전월세,마곡엠밸리4단지,마곡동,738,59.79,,36030,0,15,8,2014,갱신,26.06~28.05,34315.0,,,,
가양동,202605,아파트_전월세,강서한강자이,가양동,1500,84.9903,,41632,0,17,8,2013,갱신,26.06~28.05,39650.0,,,,
마곡동,202605,아파트_전월세,마곡엠밸리3단지,마곡동,736,59.79,,35161,0,10,8,2014,갱신,26.06~28.05,33487.0,,,,
등촌동,202605,아파트_전월세,부영,등촌동,691-3,80.64,,5000,160,4,9,1994,신규,26.06~28.06,,,,,
내발산동,202605,아파트_전월세,우장산힐스테이트,내발산동,657,126.65,,105000,0,10,7,2005,신규,26.08~28.08,,,,,
마곡동,202605,아파트_전월세,마곡엠밸리3단지,마곡동,736,59.79,,36030,0,12,8,2014,갱신,26.06~28.05,34315.0,,,,
가양동,202605,아파트_전월세,가양6단지,가양동,1485,58.65,,38000,0,1,9,1992,신규,26.07~28.07,,,,,
방화동,202605,아파트_전월세,마곡중앙하이츠아파트,방화동,852,51.03,,3150,95,15,8,1994,갱신,26.05~28.05,3000.0,90.0,사용,,
마곡동,202605,아파트_전월세,마곡엠밸리7단지,마곡동,743-4,59.79,,6106,39,6,8,2014,갱신,26.06~28.05,5553.0,39.0,,,
방화동,202605,아파트_전월세,힐스테이트신방화역,방화동,908,69.9291,,5000,205,3,9,2022,신규,26.05~27.02,,,,,
마곡동,202605,아파트_전월세,마곡엠밸리6단지,마곡동,743,84.84,,10000,300,8,6,2014,신규,26.07~28.07,,,,,
가양동,202605,아파트_전월세,가양우성,가양동,14-3,84.87,,69000,0,12,9,1990,신규,26.06~28.06,,,,,
화곡동,202605,아파트_전월세,"우장산아이파크,이편한세상",화곡동,1159,84.97,,83000,0,7,9,2008,신규,26.07~28.07,,,,,
등촌동,202605,아파트_전월세,"등촌7,8단지주공아파트",등촌동,707,41.85,,3000,110,13,10,1994,신규,26.06~28.06,,,,,
방화동,202605,아파트_전월세,방화4단지,방화동,831,134.65,,65000,0,1,9,1994,신규,26.08~28.08,,,,,
내발산동,202605,아파트_전월세,마곡수명산파크3단지,내발산동,751,84.96,,38083,0,8,10,2007,갱신,26.06~28.05,36270.0,,,,
내발산동,202605,아파트_전월세,마곡수명산파크4단지,내발산동,753,59.87,,7493,14,15,10,2008,갱신,26.06~28.05,4161.0,31.0,,,
내발산동,202605,아파트_전월세,마곡수명산파크1단지,내발산동,742,39.73,,4634,10,12,10,2007,갱신,26.06~28.05,2359.0,21.0,,,
내발산동,202605,아파트_전월세,마곡수명산파크1단지,내발산동,742,39.92,,2451,22,1,10,2007,갱신,26.06~28.05,2359.0,21.0,,,
등촌동,202605,아파트_전월세,주공5,등촌동,695,58.14,,25935,11,1,8,1995,갱신,26.05~28.05,25935.0,6.0,사용,,
내발산동,202605,아파트_전월세,마곡수명산파크3단지,내발산동,751,84.53,,38083,0,13,8,2007,갱신,26.06~28.05,36270.0,,,,
염창동,202605,아파트_전월세,현대아이파크,염창동,282-19,84.84,,70000,0,3,8,2005,신규,26.07~28.07,,,,,
마곡동,202605,아파트_전월세,마곡엠밸리10단지,마곡동,747,59.79,,8042,29,14,8,2016,갱신,26.06~28.05,6231.0,36.0,,,
등촌동,202605,아파트_전월세,태영,등촌동,632-2,59.97,,50000,0,10,8,1998,신규,26.09~28.09,,,,,
마곡동,202605,아파트_전월세,마곡푸르지오,마곡동,1525,114.72,,40000,150,7,7,2008,신규,26.06~28.06,,,,,
내발산동,202605,아파트_전월세,마곡수명산파크3단지,내발산동,751,84.75,,38083,0,9,8,2007,갱신,26.06~28.05,38083.0,,,,
마곡동,202605,아파트_전월세,마곡엠밸리12단지,마곡동,746-1,59.79,,35161,0,13,8,2016,갱신,26.06~28.05,33487.0,,,,
등촌동,202605,아파트_전월세,아임2030등촌역,등촌동,648-5,15.01,,9000,14,17,8,2020,신규,26.06~28.06,,,,,
가양동,202605,아파트_전월세,가양6단지,가양동,1485,49.5,,26000,0,1,2,1992,갱신,26.05~28.05,25000.0,,,,
내발산동,202605,아파트_전월세,마곡수명산파크1단지,내발산동,742,39.73,,2451,22,12,8,2007,갱신,26.06~28.05,2359.0,21.0,,,
방화동,202605,아파트_전월세,월드메르디앙101동,방화동,878,76.21,,6000,150,7,1,2004,갱신,26.05~27.05,6000.0,100.0,,,
내발산동,202605,아파트_전월세,마곡수명산파크3단지,내발산동,751,84.76,,38083,0,8,8,2007,갱신,26.06~28.05,36270.0,,,,
마곡동,202605,아파트_전월세,마곡엠벨리(14단지),마곡동,750,59.79,,36030,0,8,8,2014,갱신,26.06~28.05,34315.0,,,,
가양동,202605,아파트_전월세,강서한강자이,가양동,1500,84.9903,,78000,0,14,7,2013,신규,26.10~28.10,,,,,
화곡동,202605,아파트_전월세,"우장산아이파크,이편한세상",화곡동,1159,84.97,,60000,50,10,6,2008,갱신,26.06~28.06,65000.0,,,,
마곡동,202605,아파트_전월세,마곡엠밸리12단지,마곡동,746-1,59.99,,31873,0,6,8,2016,갱신,26.06~28.05,30356.0,,,,
방화동,202605,아파트_전월세,삼성꽃마을,방화동,858,84.68,,44000,0,13,8,1997,갱신,26.05~28.05,39000.0,,,,
가양동,202605,아파트_전월세,가양2단지(성지),가양동,1461,49.56,,5000,120,9,7,1992,신규,26.06~28.06,,,,,
내발산동,202605,아파트_전월세,마곡수명산파크1단지,내발산동,742,84.53,,25000,180,5,5,2007,신규,26.08~28.08,,,,,
화곡동,202605,아파트_전월세,M노블레스,화곡동,29-57,27.01,,19656,0,4,6,2021,갱신,26.06~28.06,19152.0,,사용,,
내발산동,202605,아파트_전월세,마곡수명산파크3단지,내발산동,751,84.76,,38083,0,14,8,2007,갱신,26.06~28.05,36270.0,,,,
내발산동,202605,아파트_전월세,마곡수명산파크3단지,내발산동,751,84.75,,38083,0,7,8,2007,갱신,26.06~28.05,36270.0,,,,
내발산동,202605,아파트_전월세,마곡수명산파크3단지,내발산동,751,84.53,,38083,0,7,8,2007,갱신,26.06~28.05,36270.0,,,,
마곡동,202605,아파트_전월세,마곡엠밸리10단지,마곡동,747,59.87,,36030,0,6,8,2016,갱신,26.06~28.05,34315.0,,,,
마곡동,202605,아파트_전월세,마곡엠밸리10단지,마곡동,747,59.87,,36030,0,8,8,2016,갱신,26.06~28.05,34315.0,,,,
등촌동,202605,아파트_전월세,주공3,등촌동,688,58.14,,36350,0,6,5,1995,갱신,26.06~28.07,34650.0,,사용,,
방화동,202605,아파트_전월세,대림e-편한세상,방화동,874,84.67,,52500,0,4,8,2003,갱신,26.05~28.05,50000.0,,,,
가양동,202605,아파트_전월세,강변,가양동,1475,39.6,,27000,0,12,7,1992,갱신,26.05~28.05,24000.0,,,,
등촌동,202605,아파트_전월세,문원Stay,등촌동,720,16.88,,3000,56,8,8,2018,신규,26.05~27.05,,,,,
방화동,202605,아파트_전월세,신마곡벽산블루밍,방화동,904,49.6062,,17080,25,10,8,2020,갱신,26.06~28.05,15840.0,44.0,,,
내발산동,202605,아파트_전월세,마곡수명산파크1단지,내발산동,742,39.8,,2941,27,8,8,2007,갱신,26.06~28.05,2594.0,23.0,,,
내발산동,202605,아파트_전월세,마곡수명산파크1단지,내발산동,742,39.73,,5909,3,5,8,2007,갱신,26.06~28.05,2359.0,21.0,,,
마곡동,202605,아파트_전월세,마곡힐스테이트,마곡동,1589,84.98,,75600,0,7,8,2017,갱신,26.06~28.06,72000.0,,사용,,
가양동,202605,아파트_전월세,강변,가양동,1475,34.44,,10000,54,10,1,1992,갱신,26.05~28.05,10000.0,50.0,사용,,
방화동,202605,아파트_전월세,동부센트레빌,방화동,870,84.96,,57500,0,13,6,2003,신규,26.06~28.06,,,,,
화곡동,202605,아파트_전월세,M노블레스,화곡동,29-57,27.01,,20030,0,7,7,2021,갱신,26.06~28.06,19530.0,,,,
내발산동,202605,아파트_전월세,원당,내발산동,650-1,73.75,,29600,40,4,8,2002,갱신,26.06~28.06,27700.0,40.0,,,
화곡동,202605,아파트_전월세,강서힐스테이트,화곡동,1165,59.99,,72000,0,10,6,2015,신규,26.07~28.07,,,,,
마곡동,202605,아파트_전월세,마곡엠밸리7단지,마곡동,743-4,114.91,,110000,0,10,7,2014,신규,26.07~28.07,,,,,
염창동,202605,아파트_전월세,아네스트염창,염창동,310,14.94,,11000,23,13,1,2019,신규,26.07~28.07,,,,,
내발산동,202605,아파트_전월세,마곡수명산파크3단지,내발산동,751,84.76,,38083,0,4,8,2007,갱신,26.06~28.05,36270.0,,,,
내발산동,202605,아파트_전월세,마곡수명산파크3단지,내발산동,751,84.96,,38083,0,7,8,2007,갱신,26.06~28.05,36270.0,,,,
염창동,202605,아파트_전월세,e편한세상염창,염창동,309,59.8873,,80000,0,2,6,2019,신규,26.07~28.07,,,,,
방화동,202605,아파트_전월세,방화5,방화동,814,39.6,,27000,0,4,7,1994,신규,26.06~28.06,,,,,
마곡동,202605,아파트_전월세,마곡엠밸리10단지,마곡동,747,59.79,,6474,38,11,8,2016,갱신,26.06~28.05,6231.0,36.0,,,
방화동,202605,아파트_전월세,치현마을동일스위트리버,방화동,880,84.9829,,36750,0,2,4,2004,갱신,26.07~28.07,35000.0,,사용,,
등촌동,202605,아파트_전월세,"등촌1,2단지주공아파트",등촌동,687,41.85,,3000,95,13,2,1994,갱신,26.05~28.05,3000.0,90.0,사용,,
마곡동,202605,아파트_전월세,마곡13단지힐스테이트마스터,마곡동,748,84.9805,,89000,0,6,7,2017,신규,26.06~28.06,,,,,
가양동,202605,아파트_전월세,가양강나루현대,가양동,448-1,84.98,,15000,165,11,7,1999,신규,26.06~28.06,,,,,
가양동,202605,아파트_전월세,가양6단지,가양동,1485,58.65,,1500,112,10,7,1992,갱신,26.07~26.09,31500.0,,,,
등촌동,202605,아파트_전월세,"등촌1,2단지주공아파트",등촌동,687,41.85,,3000,100,4,1,1994,갱신,26.05~28.05,5000.0,72.0,,,
화곡동,202605,아파트_전월세,우장산숲아이파크,화곡동,1173,59.9983,,73000,0,14,1,2022,신규,26.07~28.07,,,,,
화곡동,202605,아파트_전월세,블루힐(343-56),화곡동,343-56,14.9,,10200,5,6,7,2011,신규,26.06~28.06,,,,,
마곡동,202605,아파트_전월세,마곡13단지힐스테이트마스터,마곡동,748,84.9805,,50300,135,4,1,2017,갱신,26.06~28.06,50200.0,80.0,,,
화곡동,202605,아파트_전월세,동성아파트,화곡동,922-16,25.65,,1000,72,10,6,2015,갱신,26.05~28.05,1000.0,71.0,,,
염창동,202605,아파트_전월세,염창1차보람더하임,염창동,305,84.98,,46872,0,1,7,2008,갱신,26.06~28.05,44640.0,,,,
화곡동,202605,아파트_전월세,블루힐(343-56),화곡동,343-56,16.03,,10060,0,8,7,2011,신규,26.06~28.06,,,,,
화곡동,202605,아파트_전월세,청담라인씨티,화곡동,920-17,25.74,,9500,45,8,7,2018,신규,26.06~27.06,,,,,
방화동,202605,아파트_전월세,신마곡벽산블루밍,방화동,904,59.7592,,15280,54,9,6,2020,신규,26.05~28.07,,,,,
방화동,202605,아파트_전월세,신마곡벽산블루밍,방화동,904,49.6538,,12084,42,11,6,2020,신규,26.05~28.07,,,,,
방화동,202605,아파트_전월세,개화,방화동,819,133.98,,52500,0,3,7,1994,갱신,26.07~28.07,50000.0,,사용,,
가양동,202605,아파트_전월세,빛고을우방,가양동,448-9,84.9,,62000,0,1,7,1999,신규,26.08~28.08,,,,,
내발산동,202605,아파트_전월세,광성금강,내발산동,715-5,64.1121,,40000,0,2,7,2001,신규,26.05~28.05,,,,,
화곡동,202605,아파트_전월세,성재센트리움,화곡동,918-38,28.39,,17100,0,10,6,2016,신규,26.06~28.06,,,,,
마곡동,202605,아파트_전월세,마곡엠벨리(15단지),마곡동,751,59.84,,36030,0,13,6,2014,갱신,26.06~28.05,34315.0,,,,
내발산동,202605,아파트_전월세,마곡수명산파크4단지,내발산동,753,84.76,,68000,0,7,6,2008,신규,26.07~28.07,,,,,
방화동,202605,아파트_전월세,마곡중앙하이츠아파트,방화동,852,39.58,,20370,15,3,7,1994,갱신,26.05~27.05,20370.0,,,,
화곡동,202605,아파트_전월세,"우장산아이파크,이편한세상",화곡동,1159,84.97,,80000,0,14,5,2008,신규,26.07~28.07,,,,,
화곡동,202605,아파트_전월세,상진지오벨리,화곡동,1160,67.17,,27600,40,7,5,2010,갱신,26.05~28.05,27600.0,,,,
마곡동,202605,아파트_전월세,신안,마곡동,422,108.35,,55000,0,3,6,1993,갱신,26.05~28.05,55000.0,,,,
화곡동,202605,아파트_전월세,"우장산아이파크,이편한세상",화곡동,1159,84.97,,73500,0,13,2,2008,갱신,26.08~28.08,70000.0,,사용,,
마곡동,202605,아파트_전월세,마곡엠밸리7단지,마곡동,743-4,84.95,,90000,0,14,5,2014,신규,26.07~28.07,,,,,
내발산동,202605,아파트_전월세,내츄럴아파트3차,내발산동,688-21,84.4,,15000,200,8,6,2006,신규,26.07~28.07,,,,,
화곡동,202605,아파트_전월세,화곡푸르지오,화곡동,1091,144.123,,84000,0,3,6,2002,갱신,26.05~28.05,80000.0,,사용,,
염창동,202605,아파트_전월세,강서쌍용예가,염창동,308,59.9194,,27000,81,3,1,2014,갱신,26.05~28.05,22000.0,66.0,,,
가양동,202605,아파트_전월세,가양2단지(성지),가양동,1461,34.69,,22000,0,14,5,1992,신규,26.06~28.06,,,,,
가양동,202605,아파트_전월세,가양2단지(성지),가양동,1461,34.44,,2000,90,10,1,1992,신규,26.06~28.06,,,,,
염창동,202605,아파트_전월세,염창1차보람더하임,염창동,305,84.98,,46872,0,3,6,2008,갱신,26.06~28.05,44640.0,,,,
마곡동,202605,아파트_전월세,마곡엠벨리(15단지),마곡동,751,59.79,,10000,190,13,6,2014,갱신,26.05~28.05,15000.0,160.0,사용,,
방화동,202605,아파트_전월세,신마곡벽산블루밍,방화동,904,59.9205,,15280,54,8,6,2020,신규,26.05~28.07,,,,,
가양동,202605,아파트_전월세,강변,가양동,1475,39.6,,5000,69,11,5,1992,갱신,26.06~28.06,5000.0,65.0,사용,,
마곡동,202605,아파트_전월세,길훈,마곡동,1565,51.28,,26019,0,3,4,1989,갱신,26.08~28.07,24780.0,,,,
마곡동,202605,아파트_전월세,마곡13단지힐스테이트마스터,마곡동,748,84.9805,,60900,0,13,5,2017,신규,26.07~27.01,,,,,
마곡동,202605,아파트_전월세,마곡푸르지오,마곡동,1525,59.87,,32247,0,2,4,2008,갱신,26.06~28.05,30712.0,,,,
방화동,202605,아파트_전월세,신안네트빌2단지,방화동,869,57.1659,,42000,0,2,3,2002,신규,26.06~28.06,,,,,
등촌동,202605,아파트_전월세,마곡루나플라체,등촌동,725,22.05,,2000,105,12,5,2021,갱신,26.07~27.07,2000.0,100.0,사용,,
등촌동,202605,아파트_전월세,태진아름,등촌동,676,84.81,,20000,95,1,4,1995,신규,26.06~28.06,,,,,
화곡동,202605,아파트_전월세,우장산역해링턴타워,화곡동,1170,23.68,,5680,39,5,4,2021,신규,26.06~28.06,,,,,
가양동,202605,아파트_전월세,강변,가양동,1475,39.6,,19500,0,2,5,1992,신규,26.06~28.06,,,,,
가양동,202605,아파트_전월세,강변,가양동,1475,39.6,,15000,65,8,5,1992,신규,26.07~28.07,,,,,
등촌동,202605,아파트_전월세,아임2030등촌역,등촌동,648-5,15.17,,4600,30,4,4,2020,갱신,26.06~28.06,4600.0,29.0,,,
가양동,202605,아파트_전월세,가양6단지,가양동,1485,58.65,,27300,45,2,4,1992,갱신,26.06~28.06,27300.0,6.0,,,
등촌동,202605,아파트_전월세,"진로,미주아파트",등촌동,701,84.96,,52000,0,3,4,1994,신규,26.06~28.06,,,,,
화곡동,202605,아파트_전월세,한양아이클래스,화곡동,926-5,13.79,,500,50,7,2,2013,신규,26.05~28.05,,,,,
염창동,202605,아파트_전월세,동아,염창동,292,59.97,,50000,0,13,4,1998,신규,26.05~28.05,,,,,
내발산동,202605,아파트_전월세,마곡수명산파크2단지,내발산동,741,84.68,,75000,0,13,1,2007,신규,26.06~28.06,,,,,
가양동,202605,아파트_전월세,가양우성,가양동,14-3,84.85,,10000,200,4,1,1990,신규,26.06~28.06,,,,,
염창동,202605,아파트_전월세,이너스내안에201동,염창동,245-1,84.74,,59000,0,9,4,2006,갱신,26.05~28.05,57000.0,,사용,,
염창동,202605,아파트_전월세,일신건영휴먼빌,염창동,298,84.93,,55650,0,12,2,2004,갱신,26.05~28.05,53000.0,,사용,,
등촌동,202605,아파트_전월세,주공3,등촌동,688,58.14,,33400,0,8,1,1995,갱신,26.05~28.05,31900.0,,,,
내발산동,202605,아파트_전월세,마곡수명산파크4단지,내발산동,753,59.84,,7650,14,7,4,2008,갱신,26.06~28.05,7488.0,12.0,,,
가양동,202605,아파트_전월세,가양2단지(성지),가양동,1461,49.56,,3000,150,9,4,1992,신규,26.07~28.07,,,,,
화곡동,202605,아파트_전월세,세림,화곡동,899-2,21.64,,1000,88,9,2,2015,신규,26.05~28.05,,,,,
염창동,202605,아파트_전월세,일신건영휴먼빌,염창동,298,84.93,,52500,0,10,2,2004,갱신,26.05~28.05,50000.0,,사용,,
화곡동,202605,아파트_전월세,초록,화곡동,1139,49.77,,5000,95,11,2,1998,갱신,26.05~28.05,5000.0,90.0,사용,,
가양동,202605,아파트_전월세,가양2단지(성지),가양동,1461,39.6,,24000,0,13,1,1992,신규,26.07~28.07,,,,,
내발산동,202605,아파트_전월세,마곡수명산파크4단지,내발산동,753,84.76,,57750,0,8,1,2008,갱신,26.07~28.07,55000.0,,사용,,
마곡동,202605,아파트_전월세,한솔솔파크,마곡동,716,84.87,,65000,0,7,1,2005,갱신,26.05~28.05,61000.0,,,,
방화동,202605,아파트_전월세,현대,방화동,793,59.89,,40000,0,1,2,1993,신규,26.07~28.07,,,,,
가양동,202605,아파트_전월세,가양강나루현대,가양동,448-1,84.98,,63000,0,4,2,1999,신규,26.09~28.09,,,,,
염창동,202605,아파트_전월세,강변한솔솔파크,염창동,300,84.69,,75000,0,14,1,2005,신규,26.07~28.07,,,,,
화곡동,202605,아파트_전월세,우장산역해링턴타워,화곡동,1170,23.68,,5680,40,9,1,2021,신규,26.06~28.06,,,,,
내발산동,202605,아파트_전월세,우장산힐스테이트,내발산동,657,101.87,,95000,0,13,1,2005,신규,26.08~28.08,,,,,
염창동,202605,아파트_전월세,염창1차한화꿈에그린,염창동,281-22,59.94,,65000,0,8,1,2005,신규,26.06~28.06,,,,,
염창동,202605,아파트_전월세,염창1차보람더하임,염창동,305,116.92,,90000,0,2,3,2008,신규,26.08~28.08,,,,,
방화동,202605,아파트_전월세,방화3차우림필유,방화동,546-1,83.35,,43000,0,8,1,2005,갱신,26.05~28.05,41000.0,,,,
마곡동,202605,오피스텔_매매,마곡역센트럴푸르지오시티,마곡동,773-1,23.87,17500,,,13,29,2016,,,,,,중개거래,
화곡동,202605,오피스텔_매매,SJ라벨라,화곡동,1111,22.27,21500,,,12,27,2020,,,,,,직거래,
방화동,202605,오피스텔_매매,(620-214),방화동,620-214,27.37,9500,,,4,23,2011,,,,,,중개거래,O
등촌동,202605,오피스텔_매매,(636-1),등촌동,636-1,30.24,10500,,,2,22,1997,,,,,,직거래,
마곡동,202605,오피스텔_매매,우성르보아투,마곡동,739-2,20.24,12200,,,11,18,2015,,,,,,중개거래,
등촌동,202605,오피스텔_매매,효성인텔리안,등촌동,681-3,75.77,43000,,,11,11,2005,,,,,,중개거래,
등촌동,202605,오피스텔_매매,등촌동두산위브센티움,등촌동,631,43.11,30000,,,12,30,2004,,,,,,중개거래,
마곡동,202605,오피스텔_매매,마곡일성트루엘플래닛,마곡동,758-2,21.43,9450,,,8,9,2016,,,,,,직거래,
방화동,202605,오피스텔_매매,에어뷰21-2오피스텔,방화동,830-1,26.22,7500,,,11,29,1999,,,,,,중개거래,
마곡동,202605,오피스텔_매매,마곡헤리움2차,마곡동,758-3,22.51,15500,,,8,4,2016,,,,,,직거래,
마곡동,202605,오피스텔_매매,마곡 파크뷰 대방디엠시티 오피스텔,마곡동,776,21.2509,16100,,,8,22,2019,,,,,,중개거래,
등촌동,202605,오피스텔_매매,ACE A-ZONE,등촌동,639-8,65.8,34500,,,2,27,2005,,,,,,중개거래,
등촌동,202605,오피스텔_매매,ACE A-ZONE,등촌동,639-8,65.8,35000,,,8,16,2005,,,,,,중개거래,
등촌동,202605,오피스텔_매매,등촌동성원상떼뷰오피스텔,등촌동,673-6,38.98,15800,,,6,18,2003,,,,,,중개거래,
마곡동,202605,오피스텔_매매,마곡역센트럴푸르지오시티,마곡동,773-1,23.87,17500,,,13,30,2016,,,,,,중개거래,O
마곡동,202605,오피스텔_매매,마곡헤리움2차,마곡동,758-3,22.51,14700,,,5,27,2016,,,,,,중개거래,
화곡동,202605,오피스텔_매매,화곡갤럭시오피스텔,화곡동,105-357,29.6,24000,,,8,26,2018,,,,,,중개거래,
등촌동,202605,오피스텔_매매,등촌투웨니퍼스트2차,등촌동,633-17,29.68,21800,,,9,29,2016,,,,,,중개거래,
마곡동,202605,오피스텔_매매,마곡나루역캐슬파크,마곡동,760-2,23.39,19150,,,4,6,2016,,,,,,중개거래,
염창동,202605,오피스텔_매매,한빛어반뉴스토리,염창동,266-12,28.69,22700,,,4,29,2018,,,,,,중개거래,
마곡동,202605,오피스텔_매매,마곡헤리움2차,마곡동,758-3,22.51,15500,,,10,26,2016,,,,,,중개거래,
화곡동,202605,오피스텔_매매,(918-15),화곡동,918-15,34.79,10400,,,2,6,1997,,,,,,중개거래,
화곡동,202605,오피스텔_매매,(918-15),화곡동,918-15,34.79,10000,,,2,28,1997,,,,,,중개거래,
마곡동,202605,오피스텔_매매,마곡나루역보타닉푸르지오시티,마곡동,760,22.2,17000,,,13,28,2017,,,,,,중개거래,
마곡동,202605,오피스텔_매매,아르디에,마곡동,784-13,18.59,11100,,,4,26,2015,,,,,,중개거래,
등촌동,202605,오피스텔_매매,아이디움,등촌동,656-36,17.31,10500,,,2,12,2014,,,,,,중개거래,
마곡동,202605,오피스텔_매매,마곡나루역보타닉푸르지오시티,마곡동,760,22.17,16500,,,6,26,2017,,,,,,중개거래,
마곡동,202605,오피스텔_매매,마곡경동미르웰,마곡동,784,17.96,11550,,,7,22,2015,,,,,,중개거래,
마곡동,202605,오피스텔_매매,미르웰플러스오피스텔,마곡동,784-4,19.46,12300,,,3,26,2015,,,,,,중개거래,
화곡동,202605,오피스텔_매매,연우넥스트뷰,화곡동,1107-3,17.32,14300,,,11,26,2018,,,,,,중개거래,
등촌동,202605,오피스텔_매매,삼부르네상스,등촌동,75-1,60.8,35500,,,4,25,2004,,,,,,중개거래,
염창동,202605,오피스텔_매매,한빛어반뉴스토리,염창동,266-12,28.69,22900,,,4,25,2018,,,,,,중개거래,
마곡동,202605,오피스텔_매매,마곡나루역보타닉푸르지오시티,마곡동,760,32.88,36800,,,13,12,2017,,,,,,중개거래,
마곡동,202605,오피스텔_매매,갤럭시인텔리젼스,마곡동,793-2,17.37,11500,,,8,21,2015,,,,,,중개거래,
가양동,202605,오피스텔_매매,마곡지웰에스테이트,가양동,194-2,17.44,8400,,,4,21,2014,,,,,,중개거래,
방화동,202605,오피스텔_매매,하이포트,방화동,830-2,29.8,8100,,,5,13,1999,,,,,,중개거래,
등촌동,202605,오피스텔_매매,등촌투웨니퍼스트2차,등촌동,633-17,29.68,22500,,,6,18,2016,,,,,,중개거래,
마곡동,202605,오피스텔_매매,힐스테이트에코동익,마곡동,773-3,24.57,19600,,,12,19,2017,,,,,,중개거래,
등촌동,202605,오피스텔_매매,등촌동두산위브센티움,등촌동,631,22.6,12800,,,4,18,2004,,,,,,중개거래,
마곡동,202605,오피스텔_매매,힐스테이트에코동익,마곡동,773-3,24.57,18800,,,13,4,2017,,,,,,중개거래,
마곡동,202605,오피스텔_매매,힐스테이트 에코 마곡역,마곡동,773,42.2128,42500,,,5,16,2017,,,,,,중개거래,
마곡동,202605,오피스텔_매매,엠코지니어스타,마곡동,776-4,22.95,13800,,,3,16,2015,,,,,,중개거래,
염창동,202605,오피스텔_매매,한빛어반뉴스토리,염창동,266-12,28.69,23500,,,8,13,2018,,,,,,중개거래,
화곡동,202605,오피스텔_매매,VIP오피스텔,화곡동,1107,34.56,11800,,,9,14,1991,,,,,,중개거래,
등촌동,202605,오피스텔_매매,경동미르웰한올림,등촌동,656,16.19,12500,,,5,7,2016,,,,,,직거래,
등촌동,202605,오피스텔_매매,아줄리움,등촌동,637-16,33.43,25000,,,8,12,2019,,,,,,중개거래,
마곡동,202605,오피스텔_매매,마곡시티오피스텔,마곡동,758,22.51,14325,,,2,14,2016,,,,,,중개거래,
마곡동,202605,오피스텔_매매,마곡헤리움2차,마곡동,758-3,22.51,14800,,,4,14,2016,,,,,,중개거래,
등촌동,202605,오피스텔_매매,등촌동두산위브센티움,등촌동,631,43.11,27400,,,7,8,2004,,,,,,중개거래,O
마곡동,202605,오피스텔_매매,우성르보아투,마곡동,739-2,20.24,12100,,,7,7,2015,,,,,,중개거래,
마곡동,202605,오피스텔_매매,마곡 파크뷰 대방디엠시티 오피스텔,마곡동,776,21.0161,17200,,,4,7,2019,,,,,,중개거래,
등촌동,202605,오피스텔_매매,대룡드림타워-1,등촌동,684-3,30.32,13600,,,4,12,2004,,,,,,중개거래,
마곡동,202605,오피스텔_매매,마곡 헤리움1차,마곡동,739-4,24.07,16000,,,7,11,2015,,,,,,직거래,
방화동,202605,오피스텔_매매,오피앙2,방화동,829,22.5,6700,,,7,1,2002,,,,,,중개거래,
마곡동,202605,오피스텔_매매,힐스테이트 에코 마곡역,마곡동,773,20.1281,17500,,,11,6,2017,,,,,,중개거래,
마곡동,202605,오피스텔_매매,마곡역센트럴푸르지오시티,마곡동,773-1,23.87,17200,,,4,9,2016,,,,,,중개거래,
등촌동,202605,오피스텔_매매,강변샤르망1단지,등촌동,628-16,63.16,44850,,,12,9,2005,,,,,,중개거래,
화곡동,202605,오피스텔_매매,(24-104),화곡동,24-104,27.18,5000,,,2,4,2002,,,,,,중개거래,
화곡동,202605,오피스텔_매매,(24-104),화곡동,24-104,24.95,8500,,,2,4,2002,,,,,,중개거래,
화곡동,202605,오피스텔_매매,(24-104),화곡동,24-104,27.18,10000,,,3,4,2002,,,,,,중개거래,
화곡동,202605,오피스텔_매매,(24-104),화곡동,24-104,24.95,7500,,,3,4,2002,,,,,,중개거래,
화곡동,202605,오피스텔_매매,(24-104),화곡동,24-104,27.18,8300,,,4,4,2002,,,,,,중개거래,
화곡동,202605,오피스텔_매매,(24-104),화곡동,24-104,24.95,9000,,,4,4,2002,,,,,,중개거래,
화곡동,202605,오피스텔_매매,(24-104),화곡동,24-104,27.18,5100,,,5,4,2002,,,,,,중개거래,
화곡동,202605,오피스텔_매매,(24-104),화곡동,24-104,24.95,7600,,,5,4,2002,,,,,,중개거래,
화곡동,202605,오피스텔_매매,(24-104),화곡동,24-104,20.96,10000,,,6,4,2002,,,,,,중개거래,
화곡동,202605,오피스텔_매매,(24-104),화곡동,24-104,24.09,5000,,,6,4,2002,,,,,,중개거래,
화곡동,202605,오피스텔_매매,(24-104),화곡동,24-104,34.36,12000,,,7,4,2002,,,,,,중개거래,
화곡동,202605,오피스텔_매매,(24-104),화곡동,24-104,23.22,6300,,,8,4,2002,,,,,,중개거래,
마곡동,202605,오피스텔_매매,마곡일성트루엘플래닛,마곡동,758-2,21.43,13500,,,8,5,2016,,,,,,중개거래,
마곡동,202605,오피스텔_매매,힐스테이트 에코 마곡역,마곡동,773,19.8681,16500,,,9,8,2017,,,,,,중개거래,
등촌동,202605,오피스텔_매매,강변샤르망1단지,등촌동,628-16,63.16,44000,,,13,8,2005,,,,,,중개거래,
마곡동,202605,오피스텔_매매,플레이스에이치,마곡동,793-9,18.38,10300,,,9,8,2015,,,,,,중개거래,
마곡동,202605,오피스텔_매매,마곡일성트루엘플래닛,마곡동,758-2,21.43,13800,,,11,6,2016,,,,,,중개거래,
가양동,202605,오피스텔_매매,미씨엘로오피스텔,가양동,1480-4,37.57,22000,,,9,8,2010,,,,,,중개거래,
마곡동,202605,오피스텔_매매,마곡역센트럴푸르지오시티,마곡동,773-1,23.87,14500,,,6,4,2016,,,,,,직거래,
마곡동,202605,오피스텔_매매,마곡 헤리움1차,마곡동,739-4,24.07,13400,,,6,6,2015,,,,,,중개거래,
등촌동,202605,오피스텔_매매,효성인텔리안,등촌동,681-3,64.75,30500,,,11,8,2005,,,,,,중개거래,
마곡동,202605,오피스텔_매매,마곡센트럴대방디엠시티오피스텔,마곡동,776-2,24.0212,15960,,,3,7,2017,,,,,,중개거래,
마곡동,202605,오피스텔_매매,마곡센트럴대방디엠시티오피스텔,마곡동,776-2,24.0212,17200,,,9,6,2017,,,,,,중개거래,
화곡동,202605,오피스텔_매매,인터시티오피스텔,화곡동,343-32,29.84,11200,,,2,5,2002,,,,,,직거래,
마곡동,202605,오피스텔_매매,마곡일성트루엘플래닛,마곡동,758-2,21.43,12800,,,5,2,2016,,,,,,중개거래,
마곡동,202605,오피스텔_매매,필네이처,마곡동,795-1,22.16,12950,,,8,5,2016,,,,,,중개거래,
마곡동,202605,오피스텔_매매,마곡 파크뷰 대방디엠시티 오피스텔,마곡동,776,21.2509,17000,,,11,5,2019,,,,,,중개거래,
등촌동,202605,오피스텔_매매,강변샤르망1단지,등촌동,628-16,63.16,37000,,,12,6,2005,,,,,,중개거래,
등촌동,202605,오피스텔_매매,어위쉬 예다인,등촌동,63-12,78.78,47500,,,3,4,2008,,,,,,중개거래,
가양동,202605,오피스텔_매매,마곡보타닉투웨니퍼스트,가양동,257-1,28.33,27800,,,4,5,2020,,,,,,중개거래,
등촌동,202605,오피스텔_매매,어위쉬 예다인,등촌동,63-12,86.86,54800,,,7,4,2008,,,,,,중개거래,
마곡동,202605,오피스텔_매매,마곡나루역캐슬파크,마곡동,760-2,30.14,28800,,,12,4,2016,,,,,,중개거래,
마곡동,202605,오피스텔_매매,엘리안,마곡동,793-4,22.23,12000,,,2,4,2015,,,,,,중개거래,
마곡동,202605,오피스텔_매매,엠코지니어스타,마곡동,776-4,23.84,15600,,,7,2,2015,,,,,,중개거래,
화곡동,202605,연립다세대_매매,동림주택102동,화곡동,105-375,72.52,31000,,,5,30,2002,,,,,,중개거래,
화곡동,202605,연립다세대_매매,제이스빌(969-5),화곡동,969-5,19.38,14212,,,5,22,2022,,,,,,직거래,
마곡동,202605,연립다세대_매매,그레니어신방화에이,마곡동,1233,24.31,15032,,,5,22,2022,,,,,,직거래,
화곡동,202605,연립다세대_매매,제이스빌(969-5),화곡동,969-5,25.1,16037,,,2,21,2022,,,,,,중개거래,
마곡동,202605,연립다세대_매매,그레니어신방화에이,마곡동,1233,25.38,15673,,,3,22,2022,,,,,,직거래,
마곡동,202605,연립다세대_매매,그레니어신방화에이,마곡동,1233,28.69,17742,,,4,22,2022,,,,,,직거래,
화곡동,202605,연립다세대_매매,신원주택,화곡동,391-7,27.87,13800,,,2,25,1987,,,,,,중개거래,
마곡동,202605,연립다세대_매매,그레니어신방화에이,마곡동,1233,24.95,15426,,,5,22,2022,,,,,,직거래,
화곡동,202605,연립다세대_매매,제이스빌(969-5),화곡동,969-5,25.02,16365,,,3,21,2022,,,,,,중개거래,
마곡동,202605,연립다세대_매매,그레니어신방화에이,마곡동,1233,26.36,16313,,,3,22,2022,,,,,,직거래,
마곡동,202605,연립다세대_매매,그레니어신방화에이,마곡동,1233,25.64,15870,,,4,22,2022,,,,,,직거래,
마곡동,202605,연립다세대_매매,그레니어신방화에이,마곡동,1233,26.36,16116,,,2,22,2022,,,,,,직거래,
화곡동,202605,연립다세대_매매,해오름(24-59),화곡동,24-59,13.44,6500,,,4,30,2011,,,,,,중개거래,
등촌동,202605,연립다세대_매매,삼성오투빌,등촌동,365-212,31.24,13000,,,2,20,2002,,,,,,직거래,
등촌동,202605,연립다세대_매매,양지샤인빌,등촌동,365-220,43.8,32000,,,4,26,2016,,,,,,직거래,
화곡동,202605,연립다세대_매매,제이스빌(969-5),화곡동,969-5,18.65,12365,,,3,21,2022,,,,,,직거래,
화곡동,202605,연립다세대_매매,제이스빌(969-5),화곡동,969-5,18.65,12365,,,2,21,2022,,,,,,직거래,
화곡동,202605,연립다세대_매매,와이앤비,화곡동,1085-9,24.84,21700,,,3,31,2015,,,,,,중개거래,
화곡동,202605,연립다세대_매매,엘지드림빌비동,화곡동,879-25,58.53,45700,,,4,29,2003,,,,,,중개거래,
등촌동,202605,연립다세대_매매,제니스알앤시빌,등촌동,532-3,27.57,28000,,,5,15,2016,,,,,,직거래,
화곡동,202605,연립다세대_매매,동양하우징,화곡동,1046-1,40.79,44900,,,5,21,2016,,,,,,중개거래,
방화동,202605,연립다세대_매매,그린나래타운,방화동,249-29,49.11,21400,,,5,23,2012,,,,,,중개거래,
등촌동,202605,연립다세대_매매,제니스알앤시빌,등촌동,532-3,27.57,28500,,,4,13,2016,,,,,,직거래,
화곡동,202605,연립다세대_매매,인터시티B동,화곡동,394-36,58.8,21700,,,4,28,2001,,,,,,중개거래,
화곡동,202605,연립다세대_매매,(788-28),화곡동,788-28,37.92,29000,,,2,24,1986,,,,,,중개거래,
화곡동,202605,연립다세대_매매,풍성애뜰안,화곡동,784-2,35.55,32000,,,3,19,2016,,,,,,중개거래,
화곡동,202605,연립다세대_매매,THEONE(820-7),화곡동,820-7,28.86,18000,,,3,24,2020,,,,,,중개거래,
화곡동,202605,연립다세대_매매,혜림주택(1050-25),화곡동,1050-25,59.68,26000,,,4,29,2010,,,,,,중개거래,
등촌동,202605,연립다세대_매매,동원베르사체,등촌동,523-5,44.2,50000,,,5,28,2016,,,,,,중개거래,
화곡동,202605,연립다세대_매매,혜성펠리스,화곡동,869-52,39.17,22500,,,2,25,2011,,,,,,중개거래,
화곡동,202605,연립다세대_매매,꿈같은세상,화곡동,409-43,65.64,27000,,,2,23,2002,,,,,,중개거래,
화곡동,202605,연립다세대_매매,남성아트빌(397-24),화곡동,397-24,28.41,22000,,,5,22,2013,,,,,,중개거래,
염창동,202605,연립다세대_매매,리치웰강서101동,염창동,266-1,43.03,32000,,,6,29,2018,,,,,,중개거래,
화곡동,202605,연립다세대_매매,더스위트(73-78),화곡동,73-78,27.43,25500,,,5,11,2022,,,,,,직거래,
화곡동,202605,연립다세대_매매,금성쉐르빌,화곡동,410-111,43.04,15700,,,4,29,2002,,,,,,중개거래,
화곡동,202605,연립다세대_매매,크라운팰리스,화곡동,1070-11,29.94,31000,,,12,12,2020,,,,,,중개거래,
화곡동,202605,연립다세대_매매,두산빌라,화곡동,967-26,56.8,24000,,,4,1,2001,,,,,,중개거래,
화곡동,202605,연립다세대_매매,강성빌라2차,화곡동,912-9,42.27,16000,,,2,11,1991,,,,,,중개거래,
내발산동,202605,연립다세대_매매,씨티하우스,내발산동,690-7,32.92,21500,,,2,26,2015,,,,,,중개거래,
등촌동,202605,연립다세대_매매,(654-6),등촌동,654-6,27.19,15000,,,1,9,1986,,,,,,직거래,
등촌동,202605,연립다세대_매매,정승빌라,등촌동,365-115,43.51,13650,,,3,9,1992,,,,,,직거래,
방화동,202605,연립다세대_매매,보노하우스,방화동,281-55,29.47,22000,,,3,20,2015,,,,,,중개거래,
등촌동,202605,연립다세대_매매,이호빌(533-14),등촌동,533-14,25.37,17900,,,2,29,2013,,,,,,중개거래,
화곡동,202605,연립다세대_매매,궁전아트빌라,화곡동,452-4,76.1,24800,,,3,31,1996,,,,,,중개거래,
내발산동,202605,연립다세대_매매,A.G.S화이트빌,내발산동,676-8,47.25,23000,,,2,27,2002,,,,,,중개거래,
화곡동,202605,연립다세대_매매,다인홈타운,화곡동,29-22,27.51,17900,,,6,29,2016,,,,,,중개거래,
화곡동,202605,연립다세대_매매,한솔아트빌8차,화곡동,847-7,66.94,43000,,,5,12,2004,,,,,,중개거래,
화곡동,202605,연립다세대_매매,에이원빌리지(42-88),화곡동,42-88,29.87,15500,,,4,22,2012,,,,,,중개거래,
화곡동,202605,연립다세대_매매,동진하임빌(370-33),화곡동,370-33,45.75,25000,,,4,25,2009,,,,,,중개거래,
화곡동,202605,연립다세대_매매,제일빌라(1122-7),화곡동,1122-7,34.55,11300,,,4,30,1995,,,,,,중개거래,
화곡동,202605,연립다세대_매매,한울뜨란채,화곡동,105-420,63.24,29200,,,5,23,2010,,,,,,중개거래,
내발산동,202605,연립다세대_매매,까사지오casagio,내발산동,702-18,53.92,38000,,,2,26,2018,,,,,,중개거래,
화곡동,202605,연립다세대_매매,덕성자이빌,화곡동,813-15,46.21,19000,,,4,30,2012,,,,,,중개거래,
화곡동,202605,연립다세대_매매,남성아트빌(353-13),화곡동,353-13,32.09,24900,,,6,22,2016,,,,,,중개거래,
화곡동,202605,연립다세대_매매,신흥아너스빌(다동),화곡동,410-239,45.66,21000,,,2,12,2010,,,,,,중개거래,
마곡동,202605,연립다세대_매매,에어빌라트B동,마곡동,1184,62.28,29000,,,3,30,2000,,,,,,중개거래,
화곡동,202605,연립다세대_매매,건송주택A동,화곡동,105-99,63.56,15000,,,-1,29,2002,,,,,,중개거래,
화곡동,202605,연립다세대_매매,jehouse,화곡동,368-14,27.16,21500,,,4,29,2021,,,,,,중개거래,
등촌동,202605,연립다세대_매매,이가채(365-211),등촌동,365-211,29.91,25000,,,1,21,2015,,,,,,중개거래,
화곡동,202605,연립다세대_매매,후암리치빌,화곡동,330-33,29.73,16500,,,2,12,2010,,,,,,중개거래,
방화동,202605,연립다세대_매매,한신빌리지,방화동,324-2,86.26,39250,,,4,9,1998,,,,,,중개거래,
화곡동,202605,연립다세대_매매,예지팰리스89차,화곡동,112-50,33.54,24900,,,6,5,2016,,,,,,중개거래,
화곡동,202605,연립다세대_매매,미소람빌,화곡동,29-202,62.1,12300,,,-1,5,2001,,,,,,중개거래,
화곡동,202605,연립다세대_매매,월드스카이빌,화곡동,851-15,52.91,51000,,,3,31,2012,,,,,,중개거래,
화곡동,202605,연립다세대_매매,홍성파크빌(808-16),화곡동,808-16,59.88,35000,,,2,27,2010,,,,,,중개거래,
등촌동,202605,연립다세대_매매,돌담,등촌동,517-16,23.69,29800,,,5,28,2012,,,,,,중개거래,
방화동,202605,연립다세대_매매,중앙캐슬,방화동,645-17,29.92,20000,,,4,25,2017,,,,,,중개거래,
화곡동,202605,연립다세대_매매,46-333,화곡동,46-333,29,17500,,,3,30,2015,,,,,,중개거래,
화곡동,202605,연립다세대_매매,청송평화하이맨션B동(867-24),화곡동,867-24,66.66,29900,,,3,30,2004,,,,,,중개거래,
화곡동,202605,연립다세대_매매,미림빌라,화곡동,24-70,30.8,18000,,,1,18,1991,,,,,,중개거래,
화곡동,202605,연립다세대_매매,블루힐(789-36),화곡동,789-36,25.96,26600,,,2,20,2020,,,,,,중개거래,
방화동,202605,연립다세대_매매,치현태청그린타운D동,방화동,319-20,51.9,18000,,,5,24,2002,,,,,,중개거래,
화곡동,202605,연립다세대_매매,혜성팰리스빌10차,화곡동,455-13,48.2,15900,,,3,30,2002,,,,,,중개거래,
마곡동,202605,연립다세대_매매,헤리티지,마곡동,1430,38.39,26000,,,2,25,2015,,,,,,중개거래,
화곡동,202605,연립다세대_매매,M펠리체(830-5),화곡동,830-5,35.98,30200,,,6,19,2018,,,,,,중개거래,
화곡동,202605,연립다세대_매매,하은빌리지(105-449),화곡동,105-449,59.94,24300,,,1,25,2000,,,,,,중개거래,
내발산동,202605,연립다세대_매매,씨티하우스,내발산동,690-7,32.92,21700,,,3,30,2015,,,,,,중개거래,
화곡동,202605,연립다세대_매매,우성빌라(352-47),화곡동,352-47,59.9,8000,,,-1,30,1996,,,,,,중개거래,
등촌동,202605,연립다세대_매매,화인하우스,등촌동,571-4,37.96,17000,,,1,24,1992,,,,,,중개거래,
내발산동,202605,연립다세대_매매,마곡수명산파크8단지,내발산동,745,84.53,103500,,,1,30,2006,,,,,,중개거래,
화곡동,202605,연립다세대_매매,로엘,화곡동,102-92,29.22,36000,,,6,18,2022,,,,,,중개거래,
화곡동,202605,연립다세대_매매,남경리버빌B동,화곡동,1053-13,66.5,31800,,,1,23,2001,,,,,,중개거래,
화곡동,202605,연립다세대_매매,대한연립,화곡동,392-69,62.07,27800,,,3,16,1996,,,,,,중개거래,
공항동,202605,연립다세대_매매,우연캐슬,공항동,665-5,49.04,49000,,,3,2,2022,,,,,,직거래,
화곡동,202605,연립다세대_매매,장미빌라,화곡동,95-155,36.56,12300,,,1,26,1989,,,,,,중개거래,
화곡동,202605,연립다세대_매매,비원그린빌라,화곡동,1130-7,43.92,25900,,,2,9,1986,,,,,,중개거래,
화곡동,202605,연립다세대_매매,동도주택,화곡동,391-52,49.22,18500,,,1,4,1996,,,,,,중개거래,
방화동,202605,연립다세대_매매,현대맨션,방화동,593-65,73.51,32000,,,2,6,1997,,,,,,중개거래,O
화곡동,202605,연립다세대_매매,태경하이츠(343-29),화곡동,343-29,65.18,15500,,,-1,6,2000,,,,,,중개거래,
방화동,202605,연립다세대_매매,우진쉐르빌,방화동,593-71,27.27,26900,,,2,28,2016,,,,,,중개거래,
화곡동,202605,연립다세대_매매,경민아트빌(368-23),화곡동,368-23,38.47,27900,,,4,7,2018,,,,,,중개거래,
화곡동,202605,연립다세대_매매,마마스빌,화곡동,342-76,19.69,14500,,,2,9,2017,,,,,,중개거래,
방화동,202605,연립다세대_매매,리치펠리스,방화동,249-10,45.12,28000,,,3,19,2014,,,,,,중개거래,
화곡동,202605,연립다세대_매매,드림빌(TheDreamVill),화곡동,395-9,26.42,12800,,,4,25,2012,,,,,,중개거래,
화곡동,202605,연립다세대_매매,경남빌라가동,화곡동,409-206,37.84,14000,,,2,26,1986,,,,,,중개거래,
화곡동,202605,연립다세대_매매,현대빌라,화곡동,42-56,36.27,10000,,,2,27,1991,,,,,,중개거래,
화곡동,202605,연립다세대_매매,서경팰리스(391-29),화곡동,391-29,62.02,32000,,,2,16,2010,,,,,,중개거래,
화곡동,202605,연립다세대_매매,예인아트빌라,화곡동,367-78,59.9,26500,,,3,27,1997,,,,,,중개거래,
화곡동,202605,연립다세대_매매,영풍빌라,화곡동,53-2,33.48,14000,,,1,27,1986,,,,,,직거래,
화곡동,202605,연립다세대_매매,진흥빌라,화곡동,1010-4,40.46,19500,,,1,20,1992,,,,,,중개거래,
내발산동,202605,연립다세대_매매,마곡수명산파크8단지,내발산동,745,84.53,104000,,,2,9,2006,,,,,,중개거래,
공항동,202605,연립다세대_매매,위하우스,공항동,679-7,26.22,21000,,,2,19,2020,,,,,,중개거래,
화곡동,202605,연립다세대_매매,미소빌,화곡동,1036-1,27.79,35800,,,4,25,2018,,,,,,중개거래,
방화동,202605,연립다세대_매매,명신렉스빌2차1동,방화동,498-8,53.09,12500,,,2,26,2002,,,,,,직거래,
화곡동,202605,연립다세대_매매,삼성뉴캐슬(56-363),화곡동,56-363,46.53,12500,,,5,18,2003,,,,,,직거래,
화곡동,202605,연립다세대_매매,무등빌라,화곡동,952-3,36.88,25000,,,1,7,1990,,,,,,중개거래,
방화동,202605,연립다세대_매매,유진빌리지안2차,방화동,592-36,35.52,25000,,,5,18,2011,,,,,,직거래,
화곡동,202605,연립다세대_매매,삼성쉐르빌(894-27),화곡동,894-27,56.71,31500,,,5,25,2011,,,,,,중개거래,
내발산동,202605,연립다세대_매매,유진소르베(670-62),내발산동,670-62,37.66,26250,,,2,3,2012,,,,,,중개거래,
공항동,202605,연립다세대_매매,윈스턴빌,공항동,692-6,48.18,31000,,,3,25,2007,,,,,,중개거래,
등촌동,202605,연립다세대_매매,포에버빌,등촌동,662-4,39.055,32000,,,6,20,2015,,,,,,중개거래,
화곡동,202605,연립다세대_매매,삼미주택,화곡동,978-22,61.95,27000,,,1,23,2001,,,,,,중개거래,
화곡동,202605,연립다세대_매매,승온빌리지,화곡동,838-7,68.345,26000,,,2,5,2003,,,,,,중개거래,
화곡동,202605,연립다세대_매매,거명맨션,화곡동,330-17,31.26,11300,,,-1,23,2002,,,,,,중개거래,
내발산동,202605,연립다세대_매매,마곡수명산파크8단지,내발산동,745,84.53,107000,,,2,23,2006,,,,,,중개거래,
가양동,202605,연립다세대_매매,마곡파크뷰비동,가양동,275-18,22.26,22200,,,9,23,2017,,,,,,중개거래,
화곡동,202605,연립다세대_매매,두산빌라,화곡동,967-26,58.66,24000,,,1,1,2001,,,,,,중개거래,O
내발산동,202605,연립다세대_매매,한서3차아트빌,내발산동,716-1,63.95,37000,,,3,5,2002,,,,,,중개거래,
화곡동,202605,연립다세대_매매,대신타운A동,화곡동,1085-8,68.16,24000,,,4,20,2001,,,,,,중개거래,
화곡동,202605,연립다세대_매매,금성맨션,화곡동,504-55,69.8,30000,,,3,15,2007,,,,,,중개거래,
화곡동,202605,연립다세대_매매,(155-45),화곡동,155-45,36.75,8500,,,1,22,1986,,,,,,중개거래,
화곡동,202605,연립다세대_매매,화성빌라42차A동,화곡동,56-144,48.39,12500,,,1,13,2002,,,,,,중개거래,
화곡동,202605,연립다세대_매매,정감타운,화곡동,346-22,27.8,20000,,,5,18,2016,,,,,,중개거래,O
화곡동,202605,연립다세대_매매,영풍빌라(53-29),화곡동,53-29,35.8,10350,,,2,21,1986,,,,,,직거래,
화곡동,202605,연립다세대_매매,위드캐슬,화곡동,822-14,29.9,21300,,,5,17,2019,,,,,,중개거래,
마곡동,202605,연립다세대_매매,마곡스카이B단지,마곡동,1245,45.08,31500,,,3,16,2019,,,,,,중개거래,
화곡동,202605,연립다세대_매매,혜성펠리스,화곡동,869-52,39.17,22500,,,3,9,2011,,,,,,중개거래,
내발산동,202605,연립다세대_매매,대건주택,내발산동,695-11,57.56,27300,,,3,19,2003,,,,,,중개거래,
화곡동,202605,연립다세대_매매,강서그린빌라,화곡동,409-79,44.46,16000,,,4,18,2001,,,,,,중개거래,
화곡동,202605,연립다세대_매매,황보아트빌,화곡동,350-18,41.505,29800,,,5,21,2016,,,,,,중개거래,
화곡동,202605,연립다세대_매매,블루힐,화곡동,794-5,23.06,15000,,,6,8,2017,,,,,,직거래,
화곡동,202605,연립다세대_매매,인터시티빌라가동,화곡동,410-166,44.98,9500,,,4,16,2002,,,,,,중개거래,
등촌동,202605,연립다세대_매매,거산파크빌,등촌동,506-25,27.91,27000,,,4,20,2016,,,,,,중개거래,
염창동,202605,연립다세대_매매,도화엘리시아,염창동,273-32,41.18,38000,,,4,7,2015,,,,,,중개거래,
화곡동,202605,연립다세대_매매,삼성홈타운3차,화곡동,56-521,45.99,12000,,,1,19,2001,,,,,,중개거래,
염창동,202605,연립다세대_매매,미화빌라A동,염창동,267-11,63.17,36000,,,1,15,1996,,,,,,중개거래,
화곡동,202605,연립다세대_매매,강신빌라나동,화곡동,957-30,41.09,18500,,,-1,15,1987,,,,,,중개거래,
화곡동,202605,연립다세대_매매,삼성빌라,화곡동,159-33,49.05,17500,,,2,18,1991,,,,,,중개거래,
방화동,202605,연립다세대_매매,금강빌라,방화동,486-10,39.6,7000,,,-1,19,1994,,,,,,중개거래,
공항동,202605,연립다세대_매매,수명그린빌에이동비동,공항동,53-93,48.57,27500,,,6,11,2016,,,,,,중개거래,
등촌동,202605,연립다세대_매매,미소빌,등촌동,573-1,39.43,26900,,,6,19,2016,,,,,,중개거래,
화곡동,202605,연립다세대_매매,초이스빌,화곡동,818-16,36.96,18300,,,4,6,2010,,,,,,중개거래,
방화동,202605,연립다세대_매매,골든팰리스(598-148),방화동,598-148,29.91,41000,,,6,18,2018,,,,,,중개거래,
화곡동,202605,연립다세대_매매,모던빌(410-36),화곡동,410-36,70.74,18500,,,1,15,2002,,,,,,중개거래,
화곡동,202605,연립다세대_매매,래안빌,화곡동,488-38,45.32,25000,,,5,18,2020,,,,,,중개거래,
화곡동,202605,연립다세대_매매,우성빌라(346-69),화곡동,346-69,62.07,24000,,,2,7,1999,,,,,,중개거래,
화곡동,202605,연립다세대_매매,해드는터,화곡동,73-44,56.87,20000,,,1,18,2003,,,,,,중개거래,
방화동,202605,연립다세대_매매,승인하이츠빌라3,방화동,598-166,52.62,49000,,,2,12,1991,,,,,,중개거래,
화곡동,202605,연립다세대_매매,마루,화곡동,105-102,29.93,19800,,,3,15,2017,,,,,,중개거래,
방화동,202605,연립다세대_매매,골드빌라,방화동,550-10,38.43,7800,,,-1,18,1992,,,,,,중개거래,
방화동,202605,연립다세대_매매,동원아트빌,방화동,247-158,27.46,22000,,,5,15,2020,,,,,,중개거래,
화곡동,202605,연립다세대_매매,동선벨리체,화곡동,376-9,21.84,17000,,,4,15,2020,,,,,,중개거래,
화곡동,202605,연립다세대_매매,DS에코타운(471-16),화곡동,471-16,34.75,23400,,,5,6,2014,,,,,,중개거래,
화곡동,202605,연립다세대_매매,보배빌라,화곡동,409-81,59.92,24500,,,1,6,2000,,,,,,중개거래,
화곡동,202605,연립다세대_매매,다솜타운나동(1037-14),화곡동,1037-14,35.31,39000,,,4,8,2015,,,,,,중개거래,
화곡동,202605,연립다세대_매매,경인빌라(57-20),화곡동,57-20,53.88,16500,,,2,15,2000,,,,,,중개거래,
등촌동,202605,연립다세대_매매,삼성오투빌,등촌동,365-212,28.56,12000,,,1,5,2002,,,,,,중개거래,
화곡동,202605,연립다세대_매매,도원빌리지,화곡동,157-14,67.84,22300,,,1,1,2002,,,,,,직거래,
화곡동,202605,연립다세대_매매,강성빌라5차,화곡동,24-78,34.83,10270,,,-1,15,1991,,,,,,중개거래,
화곡동,202605,연립다세대_매매,성옥하이츠빌라다동,화곡동,1113-22,66.72,29000,,,2,7,1992,,,,,,중개거래,
등촌동,202605,연립다세대_매매,해피트리움,등촌동,568-37,34.85,27200,,,2,5,2016,,,,,,중개거래,
화곡동,202605,연립다세대_매매,중동아트빌,화곡동,811-7,69.74,27000,,,1,15,2003,,,,,,중개거래,
방화동,202605,연립다세대_매매,제이투리더스,방화동,319-3,24.87,19300,,,2,15,2022,,,,,,중개거래,
화곡동,202605,연립다세대_매매,강신빌라가동,화곡동,957-2,32.959,15200,,,-1,1,1987,,,,,,중개거래,
화곡동,202605,연립다세대_매매,갑진골드빌,화곡동,397-1,35.59,24000,,,2,12,2013,,,,,,중개거래,
화곡동,202605,연립다세대_매매,예림그린빌라,화곡동,339-11,59.94,27800,,,1,15,1993,,,,,,중개거래,
화곡동,202605,연립다세대_매매,위하우스,화곡동,163-7,20.72,23594,,,2,13,2026,,,,,,직거래,
화곡동,202605,연립다세대_매매,위하우스,화곡동,163-7,21.11,23526,,,2,13,2026,,,,,,직거래,
화곡동,202605,연립다세대_매매,위하우스,화곡동,163-7,20.72,23844,,,3,13,2026,,,,,,직거래,
화곡동,202605,연립다세대_매매,위하우스,화곡동,163-7,21.11,23782,,,3,13,2026,,,,,,직거래,
화곡동,202605,연립다세대_매매,위하우스,화곡동,163-7,20.72,23976,,,4,13,2026,,,,,,직거래,
화곡동,202605,연립다세대_매매,위하우스,화곡동,163-7,21.11,23916,,,4,13,2026,,,,,,직거래,
화곡동,202605,연립다세대_매매,위하우스,화곡동,163-7,20.72,23976,,,5,13,2026,,,,,,직거래,
화곡동,202605,연립다세대_매매,위하우스,화곡동,163-7,21.11,24293,,,5,13,2026,,,,,,직거래,
화곡동,202605,연립다세대_매매,위하우스,화곡동,163-7,20.72,23976,,,6,13,2026,,,,,,직거래,
화곡동,202605,연립다세대_매매,위하우스,화곡동,163-7,21.11,24293,,,6,13,2026,,,,,,직거래,
화곡동,202605,연립다세대_매매,청성스카이(100-22),화곡동,100-22,79.93,35900,,,2,6,2009,,,,,,중개거래,
화곡동,202605,연립다세대_매매,서울가든,화곡동,1126-17,54.58,27200,,,3,5,1991,,,,,,중개거래,
등촌동,202605,연립다세대_매매,태진맨션,등촌동,521-2,51.92,44900,,,2,6,1982,,,,,,중개거래,
내발산동,202605,연립다세대_매매,한전주택,내발산동,721,80.53,31800,,,4,2,1995,,,,,,중개거래,
가양동,202605,연립다세대_매매,아트리버빌,가양동,239-8,28.7,23300,,,7,13,2016,,,,,,중개거래,
마곡동,202605,연립다세대_매매,청람아트빌,마곡동,6-4,26.09,16830,,,4,14,2018,,,,,,직거래,
등촌동,202605,연립다세대_매매,신성연립,등촌동,520-3,69.84,45500,,,2,12,1984,,,,,,중개거래,
가양동,202605,연립다세대_매매,청솔펠리체,가양동,238-3,46.05,29000,,,3,4,2014,,,,,,직거래,
화곡동,202605,연립다세대_매매,애플하우스,화곡동,881-1,28.91,30000,,,4,1,2014,,,,,,중개거래,
방화동,202605,연립다세대_매매,조은빌,방화동,610-39,40.04,85000,,,3,4,2003,,,,,,중개거래,
화곡동,202605,연립다세대_매매,예은주택,화곡동,1048-28,59.65,18500,,,2,8,2002,,,,,,직거래,
화곡동,202605,연립다세대_매매,스카이근린타운,화곡동,56-104,43.31,17500,,,5,13,2014,,,,,,중개거래,
화곡동,202605,연립다세대_매매,나래쉐르빌,화곡동,158-44,68.18,15000,,,-1,13,2003,,,,,,중개거래,
화곡동,202605,연립다세대_매매,복지홈타운2동,화곡동,100-28,39.81,18200,,,3,11,2002,,,,,,중개거래,
화곡동,202605,연립다세대_매매,우정빌라B,화곡동,354-15,54.81,22400,,,2,13,1991,,,,,,중개거래,
화곡동,202605,연립다세대_매매,해풍빌라,화곡동,966-2,46.56,19700,,,3,12,1994,,,,,,중개거래,
등촌동,202605,연립다세대_매매,로얄맨션(나),등촌동,365-23,45.05,22400,,,4,9,2003,,,,,,중개거래,
내발산동,202605,연립다세대_매매,우성쉐르빌(705-6),내발산동,705-6,43.82,27300,,,4,12,2012,,,,,,중개거래,
등촌동,202605,연립다세대_매매,제니스알앤시빌,등촌동,532-3,26.98,28000,,,4,7,2016,,,,,,직거래,
공항동,202605,연립다세대_매매,마곡베스트빌,공항동,693,39.16,31000,,,3,5,2007,,,,,,중개거래,
등촌동,202605,연립다세대_매매,효성파크빌,등촌동,521-38,71.16,50000,,,2,8,2002,,,,,,중개거래,
화곡동,202605,연립다세대_매매,삼익헤스티아(1129-29),화곡동,1129-29,33.11,19150,,,2,9,2011,,,,,,중개거래,
화곡동,202605,연립다세대_매매,양지샤인빌,화곡동,391-23,39.28,24500,,,3,11,2019,,,,,,중개거래,
화곡동,202605,연립다세대_매매,광산맨숀(396-8),화곡동,396-8,45.14,16500,,,3,5,2001,,,,,,중개거래,
화곡동,202605,연립다세대_매매,그린모닝빌,화곡동,975-20,48.2,22000,,,2,11,2002,,,,,,중개거래,
내발산동,202605,연립다세대_매매,호수맨션,내발산동,687-19,81.4,41000,,,3,4,2001,,,,,,중개거래,
방화동,202605,연립다세대_매매,서진팰리스1차,방화동,249-184,37.88,43500,,,6,9,2018,,,,,,중개거래,
내발산동,202605,연립다세대_매매,리치펠리스,내발산동,704-17,37.23,29200,,,5,9,2015,,,,,,중개거래,
공항동,202605,연립다세대_매매,(663-8),공항동,663-8,38.21,20000,,,2,7,2008,,,,,,직거래,
화곡동,202605,연립다세대_매매,고은아트빌,화곡동,111-24,62.64,26000,,,2,11,2002,,,,,,중개거래,
방화동,202605,연립다세대_매매,리츠펠리스,방화동,583-13,29.82,21000,,,5,9,2015,,,,,,중개거래,
화곡동,202605,연립다세대_매매,오케이파크빌(932-8),화곡동,932-8,38.88,23200,,,4,5,2015,,,,,,중개거래,
공항동,202605,연립다세대_매매,미라이프,공항동,664-7,29.81,18000,,,6,6,2016,,,,,,중개거래,
화곡동,202605,연립다세대_매매,드리미타운,화곡동,160-6,44.15,23000,,,5,11,2015,,,,,,직거래,
내발산동,202605,연립다세대_매매,마곡수명산파크8단지,내발산동,745,84.93,102000,,,4,10,2006,,,,,,중개거래,
화곡동,202605,연립다세대_매매,동우하이빌,화곡동,1017-24,25.61,24000,,,4,8,2018,,,,,,중개거래,
화곡동,202605,연립다세대_매매,(77-84),화곡동,77-84,55.4,19600,,,4,1,1995,,,,,,중개거래,
화곡동,202605,연립다세대_매매,명주빌하모니,화곡동,895-27,62.31,42000,,,4,9,2008,,,,,,중개거래,
화곡동,202605,연립다세대_매매,월정파크빌(372-54),화곡동,372-54,54.19,25000,,,5,1,2012,,,,,,중개거래,
내발산동,202605,연립다세대_매매,올림푸스,내발산동,673-5,50.08,28500,,,3,7,2009,,,,,,중개거래,
화곡동,202605,연립다세대_매매,신성리치빌Ⅲ,화곡동,357-14,38.12,26500,,,3,6,2015,,,,,,중개거래,
화곡동,202605,연립다세대_매매,삼원피아트B동,화곡동,409-103,62.25,23000,,,1,8,2001,,,,,,중개거래,
등촌동,202605,연립다세대_매매,영남주택,등촌동,636-8,34.87,15900,,,2,8,1996,,,,,,중개거래,
화곡동,202605,연립다세대_매매,(421-25),화곡동,421-25,39.25,9900,,,-1,8,1986,,,,,,중개거래,
화곡동,202605,연립다세대_매매,씨티하우스A동,화곡동,351-42,36.27,23500,,,4,6,2017,,,,,,중개거래,
공항동,202605,연립다세대_매매,평화주택1차가동,공항동,55-180,44.36,20000,,,1,6,1991,,,,,,직거래,
공항동,202605,연립다세대_매매,DH팰리스,공항동,665-12,29.48,26700,,,5,6,2017,,,,,,중개거래,
화곡동,202605,연립다세대_매매,그린파크(460-8),화곡동,460-8,47.76,18000,,,2,3,2007,,,,,,중개거래,
화곡동,202605,연립다세대_매매,유현빌리지,화곡동,379-28,33,19000,,,5,7,2016,,,,,,중개거래,
화곡동,202605,연립다세대_매매,신목빌라(102-148),화곡동,102-148,41.7,15000,,,5,7,2002,,,,,,중개거래,
방화동,202605,연립다세대_매매,명덕빌라,방화동,266-11,61.38,26200,,,2,6,2002,,,,,,중개거래,
화곡동,202605,연립다세대_매매,황제그랜드파크(105-480),화곡동,105-480,40.29,19500,,,4,6,2008,,,,,,중개거래,
화곡동,202605,연립다세대_매매,비원그린빌라,화곡동,1130-7,43.92,22000,,,1,4,1986,,,,,,직거래,
화곡동,202605,연립다세대_매매,남성아트빌,화곡동,410-96,41.92,14500,,,5,7,2008,,,,,,중개거래,
화곡동,202605,연립다세대_매매,예은주택,화곡동,1048-28,59.65,16500,,,1,8,2002,,,,,,직거래,
내발산동,202605,연립다세대_매매,아이디움103동,내발산동,704-18,36.2,23800,,,3,7,2014,,,,,,직거래,
화곡동,202605,연립다세대_매매,창신,화곡동,913-7,36.72,18000,,,4,7,1992,,,,,,직거래,
방화동,202605,연립다세대_매매,덕수신빌라,방화동,550-6,45.09,7300,,,-1,7,1994,,,,,,직거래,
화곡동,202605,연립다세대_매매,위하우스,화곡동,355-14,39.97,26500,,,3,6,2015,,,,,,중개거래,
화곡동,202605,연립다세대_매매,은성,화곡동,504-90,59.97,25000,,,2,6,2002,,,,,,직거래,
화곡동,202605,연립다세대_매매,두성골든빌라,화곡동,29-32,61.01,22000,,,2,1,1994,,,,,,중개거래,
화곡동,202605,연립다세대_매매,영주주택,화곡동,956-1,45.9,16000,,,1,6,2002,,,,,,중개거래,
화곡동,202605,연립다세대_매매,스마트빌,화곡동,773-6,39.38,17500,,,3,7,2012,,,,,,직거래,
화곡동,202605,연립다세대_매매,포르템하임,화곡동,393-10,29.95,24900,,,3,1,2022,,,,,,중개거래,
화곡동,202605,연립다세대_매매,동광쉐르빌가동,화곡동,70-37,56.17,15000,,,4,7,2002,,,,,,중개거래,
화곡동,202605,연립다세대_매매,네스트빌2차,화곡동,152-13,54.2,18000,,,3,5,2008,,,,,,중개거래,
등촌동,202605,연립다세대_매매,예가채(516-18),등촌동,516-18,30.8,40000,,,6,7,2016,,,,,,중개거래,
화곡동,202605,연립다세대_매매,드림빌(TheDreamVill),화곡동,395-9,26.42,13000,,,4,6,2012,,,,,,중개거래,
화곡동,202605,연립다세대_매매,엠펠리체비동,화곡동,1049-51,29.95,28800,,,2,1,2017,,,,,,중개거래,
화곡동,202605,연립다세대_매매,천우그린빌,화곡동,409-223,59.82,24800,,,3,6,2001,,,,,,중개거래,
화곡동,202605,연립다세대_매매,황금빌라(61-104),화곡동,61-104,31.32,12000,,,4,6,1993,,,,,,중개거래,
내발산동,202605,연립다세대_매매,마곡수명산파크8단지,내발산동,745,84.53,100500,,,2,6,2006,,,,,,중개거래,
화곡동,202605,연립다세대_매매,성원빌라(102-147),화곡동,102-147,55.26,18300,,,3,6,2000,,,,,,중개거래,
화곡동,202605,연립다세대_매매,리오파크빌,화곡동,1128-9,29.59,22700,,,3,6,2020,,,,,,중개거래,
화곡동,202605,연립다세대_매매,밀레니엄(46-391),화곡동,46-391,44.78,17100,,,4,4,2008,,,,,,중개거래,
화곡동,202605,연립다세대_매매,벽산홈타운(969-14),화곡동,969-14,54.77,16000,,,2,6,2002,,,,,,중개거래,
등촌동,202605,연립다세대_매매,거산파크빌,등촌동,506-25,35.98,36000,,,4,6,2016,,,,,,중개거래,
등촌동,202605,연립다세대_매매,신우스타힐스,등촌동,522-11,26.81,44700,,,5,6,2016,,,,,,중개거래,
화곡동,202605,연립다세대_매매,삼성하이빌(105-515),화곡동,105-515,46.82,19500,,,3,1,2002,,,,,,중개거래,
내발산동,202605,연립다세대_매매,온세그랑빌,내발산동,710-54,54.78,27500,,,2,1,2007,,,,,,중개거래,
화곡동,202605,연립다세대_매매,명성아트맨션,화곡동,105-477,35.46,10000,,,-1,6,1991,,,,,,중개거래,
등촌동,202605,연립다세대_매매,라온제나(572-9),등촌동,572-9,39.37,27000,,,3,5,2017,,,,,,중개거래,O
화곡동,202605,연립다세대_매매,세양2차나동,화곡동,1115-2,38.53,10300,,,2,4,1987,,,,,,직거래,
공항동,202605,연립다세대_매매,DH팰리스,공항동,665-12,29.84,30000,,,3,5,2017,,,,,,중개거래,
공항동,202605,연립다세대_매매,유원펠리체,공항동,673-4,40.04,26000,,,6,4,2016,,,,,,중개거래,
화곡동,202605,연립다세대_매매,태경하이츠(354-29),화곡동,354-29,47.74,20000,,,5,4,2001,,,,,,직거래,
화곡동,202605,연립다세대_매매,경원주택,화곡동,391-10,55.92,21500,,,4,4,2001,,,,,,중개거래,
화곡동,202605,연립다세대_매매,동양주택5차,화곡동,157-3,52.83,15000,,,-1,4,1996,,,,,,중개거래,
화곡동,202605,연립다세대_매매,에이스타운,화곡동,393-7,34.05,17800,,,5,4,2007,,,,,,중개거래,
화곡동,202605,연립다세대_매매,한울팰리스,화곡동,912-3,26.76,17900,,,6,1,2017,,,,,,중개거래,
화곡동,202605,연립다세대_매매,바로크빌,화곡동,105-207,29.9,17500,,,5,4,2014,,,,,,중개거래,
화곡동,202605,연립다세대_매매,M펠리체(830-5),화곡동,830-5,37.05,30000,,,6,1,2018,,,,,,중개거래,
화곡동,202605,연립다세대_매매,한양(343-28),화곡동,343-28,53.84,25500,,,4,4,2000,,,,,,중개거래,
화곡동,202605,연립다세대_매매,기린아트빌라,화곡동,956-27,41.32,16900,,,1,3,1995,,,,,,직거래,
등촌동,202605,연립다세대_매매,미주그린빌라,등촌동,365-35,40.86,19800,,,3,1,1994,,,,,,중개거래,
등촌동,202605,연립다세대_매매,뉴파인빌,등촌동,645-2,53.47,34250,,,5,1,2010,,,,,,중개거래,
마곡동,202605,아파트_매매,마곡엠밸리9단지,마곡동,744,59.86,145000,,,6,27,2021,,,,,,중개거래,
방화동,202605,아파트_매매,마곡서광(치현마을),방화동,860,84.93,60000,,,5,26,1998,,,,,,중개거래,
방화동,202605,아파트_매매,방화5,방화동,814,33.18,40000,,,13,27,1994,,,,,,중개거래,
화곡동,202605,아파트_매매,강서힐스테이트,화곡동,1165,128.81,165000,,,14,20,2015,,,,,,중개거래,
방화동,202605,아파트_매매,동일스위트리버2차,방화동,895,59.03,59500,,,5,27,2009,,,,,,중개거래,
염창동,202605,아파트_매매,금호타운,염창동,240-32,84.84,104300,,,7,30,1999,,,,,,중개거래,
화곡동,202605,아파트_매매,강서힐스테이트,화곡동,1165,128.81,140000,,,6,16,2015,,,,,,직거래,
가양동,202605,아파트_매매,가양2단지(성지),가양동,1461,39.6,79200,,,5,26,1992,,,,,,중개거래,
등촌동,202605,아파트_매매,대림아르빌아파트,등촌동,637-22,84.6,43500,,,1,18,2002,,,,,,직거래,
방화동,202605,아파트_매매,치현마을동일스위트리버,방화동,880,84.9588,73500,,,7,12,2004,,,,,,중개거래,
내발산동,202605,아파트_매매,롯데1차,내발산동,728,108.466,102000,,,6,26,2002,,,,,,중개거래,
방화동,202605,아파트_매매,마곡서광(치현마을),방화동,860,59.67,52000,,,8,27,1998,,,,,,중개거래,
가양동,202605,아파트_매매,가양6단지,가양동,1485,49.5,70000,,,4,15,1992,,,,,,직거래,
염창동,202605,아파트_매매,이너스내안에,염창동,307,84.78,93000,,,12,20,2011,,,,,,중개거래,
마곡동,202605,아파트_매매,마곡힐스테이트,마곡동,1589,84.98,166000,,,2,30,2017,,,,,,중개거래,O
마곡동,202605,아파트_매매,한림리첸빌101동,마곡동,1168,84.42,62000,,,8,20,2005,,,,,,중개거래,
화곡동,202605,아파트_매매,우장산롯데캐슬,화곡동,1145,134.99,145000,,,18,30,2003,,,,,,중개거래,
등촌동,202605,아파트_매매,주공5,등촌동,695,58.14,99500,,,15,22,1995,,,,,,중개거래,
화곡동,202605,아파트_매매,남광아파트,화곡동,917-5,45.28,30400,,,7,25,2015,,,,,,중개거래,
등촌동,202605,아파트_매매,코오롱오투빌2,등촌동,712,119.78,110000,,,8,9,2002,,,,,,중개거래,
염창동,202605,아파트_매매,동아,염창동,292,59.97,93000,,,2,30,1998,,,,,,중개거래,
염창동,202605,아파트_매매,대림,염창동,262-2,84.87,70000,,,12,22,1999,,,,,,중개거래,
화곡동,202605,아파트_매매,유림노르웨이숲(919-1),화곡동,919-1,64.05,48500,,,2,28,2004,,,,,,중개거래,
가양동,202605,아파트_매매,한강타운,가양동,1460,84.99,130000,,,8,15,1993,,,,,,중개거래,
내발산동,202605,아파트_매매,청솔파인힐(736-0),내발산동,736,84.65,55000,,,4,11,2005,,,,,,직거래,
방화동,202605,아파트_매매,치현마을동일스위트리버,방화동,880,84.9829,70000,,,9,7,2004,,,,,,직거래,
공항동,202605,아파트_매매,더트루엘마곡HQ,공항동,1398,48.3293,64400,,,11,30,2024,,,,,,직거래,
화곡동,202605,아파트_매매,강서힐스테이트,화곡동,1165,128.81,165000,,,19,26,2015,,,,,,중개거래,
염창동,202605,아파트_매매,대림,염창동,262-2,59.94,91000,,,7,29,1999,,,,,,중개거래,
화곡동,202605,아파트_매매,강서힐스테이트,화곡동,1165,84.99,157500,,,15,18,2015,,,,,,중개거래,
마곡동,202605,아파트_매매,마곡현대아파트,마곡동,1171,59.92,70100,,,8,15,1999,,,,,,중개거래,
내발산동,202605,아파트_매매,마곡수명산파크4단지,내발산동,753,59.84,111400,,,8,28,2008,,,,,,중개거래,
화곡동,202605,아파트_매매,화곡푸르지오,화곡동,1091,103.92,112500,,,15,27,2002,,,,,,중개거래,
등촌동,202605,아파트_매매,임광,등촌동,562-5,84.91,88000,,,11,4,2000,,,,,,직거래,
등촌동,202605,아파트_매매,"등촌7,8단지주공아파트",등촌동,707,41.85,72000,,,3,29,1994,,,,,,중개거래,
등촌동,202605,아파트_매매,등촌동아이파크,등촌동,715,134.8836,139000,,,10,15,2004,,,,,,중개거래,
마곡동,202605,아파트_매매,마곡푸르지오,마곡동,1525,84.99,128000,,,11,23,2008,,,,,,중개거래,
등촌동,202605,아파트_매매,서광등촌마을아파트,등촌동,638,59.67,99400,,,2,30,1999,,,,,,중개거래,
방화동,202605,아파트_매매,방화5,방화동,814,39.6,37200,,,11,4,1994,,,,,,직거래,
염창동,202605,아파트_매매,삼정그린코아,염창동,282,84.358,105000,,,10,28,2001,,,,,,직거래,
방화동,202605,아파트_매매,마곡중앙하이츠아파트,방화동,852,51.03,59000,,,5,31,1994,,,,,,중개거래,
방화동,202605,아파트_매매,신안네트빌1단지,방화동,868,84.0164,72500,,,2,29,2002,,,,,,중개거래,
염창동,202605,아파트_매매,벽산늘푸른,염창동,290,59.97,65000,,,1,28,1998,,,,,,중개거래,
염창동,202605,아파트_매매,한강동아,염창동,293,59.97,108000,,,13,16,1998,,,,,,중개거래,
염창동,202605,아파트_매매,금호타운,염창동,240-32,84.84,110000,,,19,30,1999,,,,,,중개거래,
등촌동,202605,아파트_매매,주공10,등촌동,702,58.14,105700,,,13,30,1995,,,,,,중개거래,
방화동,202605,아파트_매매,AirPalace(619-7),방화동,619-7,14.1,8500,,,4,25,2013,,,,,,중개거래,
염창동,202605,아파트_매매,태영,염창동,270-1,59.97,94000,,,11,30,1999,,,,,,중개거래,
화곡동,202605,아파트_매매,강서힐스테이트,화곡동,1165,59.99,140000,,,8,30,2015,,,,,,중개거래,
등촌동,202605,아파트_매매,등촌동아이파크,등촌동,715,165.8299,136000,,,1,30,2004,,,,,,중개거래,
방화동,202605,아파트_매매,방화그린,방화동,839,49.77,60000,,,4,29,1993,,,,,,중개거래,
가양동,202605,아파트_매매,가양1차보람더하임,가양동,1497,83.07,100000,,,12,30,2006,,,,,,중개거래,
등촌동,202605,아파트_매매,"등촌7,8단지주공아파트",등촌동,707,41.85,67700,,,3,30,1994,,,,,,중개거래,
내발산동,202605,아파트_매매,마곡수명산파크7단지,내발산동,756,84.68,110500,,,12,30,2008,,,,,,중개거래,
내발산동,202605,아파트_매매,마곡수명산파크6단지,내발산동,759,84.82,121700,,,9,30,2007,,,,,,중개거래,
마곡동,202605,아파트_매매,마곡13단지힐스테이트마스터,마곡동,748,84.9881,172000,,,3,30,2017,,,,,,중개거래,
가양동,202605,아파트_매매,가양강나루현대,가양동,448-1,84.98,132500,,,8,30,1999,,,,,,중개거래,
방화동,202605,아파트_매매,방화그린,방화동,839,39.76,43000,,,3,30,1993,,,,,,중개거래,
가양동,202605,아파트_매매,가양도시개발9-2단지,가양동,1490,39.6,71500,,,15,30,1993,,,,,,중개거래,
가양동,202605,아파트_매매,한보구암마을,가양동,1495,59.58,78000,,,1,29,1999,,,,,,중개거래,
등촌동,202605,아파트_매매,"등촌1,2단지주공아파트",등촌동,687,41.85,67000,,,6,30,1994,,,,,,중개거래,
마곡동,202605,아파트_매매,마곡삼성아파트,마곡동,1478,84.92,94000,,,13,30,1998,,,,,,중개거래,
공항동,202605,아파트_매매,송정제이빌102동,공항동,42-12,79.55,48000,,,3,30,2003,,,,,,중개거래,
등촌동,202605,아파트_매매,등촌동아이파크,등촌동,715,84.7556,125300,,,9,30,2004,,,,,,중개거래,
가양동,202605,아파트_매매,동신대아,가양동,1459,101.97,128000,,,7,30,1993,,,,,,중개거래,
등촌동,202605,아파트_매매,대림,등촌동,694,89.975,137000,,,7,30,1995,,,,,,중개거래,
등촌동,202605,아파트_매매,주공10,등촌동,702,37.67,77500,,,13,29,1995,,,,,,중개거래,
방화동,202605,아파트_매매,마곡중앙하이츠아파트,방화동,852,51.03,62800,,,14,29,1994,,,,,,중개거래,
염창동,202605,아파트_매매,삼성하나로,염창동,248-3,84.78,93000,,,12,29,1994,,,,,,중개거래,
방화동,202605,아파트_매매,방화4단지,방화동,831,100.35,93000,,,2,29,1994,,,,,,중개거래,
화곡동,202605,아파트_매매,화곡푸르지오,화곡동,1091,84.914,120800,,,14,23,2002,,,,,,중개거래,
화곡동,202605,아파트_매매,화곡푸르지오,화곡동,1091,125.021,129800,,,9,25,2002,,,,,,중개거래,
방화동,202605,아파트_매매,대림e-편한세상,방화동,874,84.67,81500,,,9,29,2003,,,,,,중개거래,
가양동,202605,아파트_매매,한강타운,가양동,1460,84.99,127500,,,14,19,1993,,,,,,중개거래,
등촌동,202605,아파트_매매,월드메르디앙,등촌동,711,59.79,83500,,,9,29,2002,,,,,,중개거래,
방화동,202605,아파트_매매,개화,방화동,819,133.98,97500,,,8,29,1994,,,,,,중개거래,
내발산동,202605,아파트_매매,천우캐슬,내발산동,702-7,94.38,37200,,,7,29,2003,,,,,,중개거래,
화곡동,202605,아파트_매매,우장산에스케이뷰,화곡동,1158,116.92,98500,,,4,29,2006,,,,,,중개거래,
가양동,202605,아파트_매매,가양2단지(성지),가양동,1461,49.56,105000,,,14,17,1992,,,,,,중개거래,
방화동,202605,아파트_매매,방화5,방화동,814,49.77,65500,,,1,29,1994,,,,,,중개거래,
화곡동,202605,아파트_매매,강서힐스테이트,화곡동,1165,128.81,170000,,,16,25,2015,,,,,,중개거래,
등촌동,202605,아파트_매매,심미에셈빌,등촌동,634-13,82.69,64000,,,9,28,2003,,,,,,중개거래,
염창동,202605,아파트_매매,염창3우성,염창동,272-28,84.96,100500,,,11,29,1993,,,,,,중개거래,
염창동,202605,아파트_매매,강변힐스테이트,염창동,299,84.99,145500,,,12,29,2005,,,,,,중개거래,
가양동,202605,아파트_매매,가양도시개발9-2단지,가양동,1490,49.5,82500,,,1,29,1993,,,,,,중개거래,
화곡동,202605,아파트_매매,초록,화곡동,1139,84.28,97500,,,5,29,1998,,,,,,중개거래,
마곡동,202605,아파트_매매,마곡나루경남아파트,마곡동,1577,84.29,94000,,,9,28,1991,,,,,,중개거래,
염창동,202605,아파트_매매,삼천리,염창동,70-20,84.99,117000,,,1,29,1992,,,,,,중개거래,
마곡동,202605,아파트_매매,마곡엠밸리9단지,마곡동,744,59.86,145000,,,6,29,2021,,,,,,중개거래,O
마곡동,202605,아파트_매매,마곡엠밸리8단지,마곡동,741,59.79,148000,,,11,27,2016,,,,,,중개거래,
화곡동,202605,아파트_매매,신도금잔디,화곡동,1138,113.04,60000,,,5,29,1998,,,,,,중개거래,
화곡동,202605,아파트_매매,탑건화곡동진선미,화곡동,786-9,81.54,62500,,,5,29,2006,,,,,,중개거래,
가양동,202605,아파트_매매,가양6단지,가양동,1485,58.65,116000,,,13,29,1992,,,,,,중개거래,O
방화동,202605,아파트_매매,방화그린,방화동,839,33.18,38300,,,7,29,1993,,,,,,중개거래,
염창동,202605,아파트_매매,DH팰리스,염창동,263-7,57.38,69800,,,9,20,2022,,,,,,중개거래,
등촌동,202605,아파트_매매,등촌동아이파크,등촌동,715,119.9031,138500,,,8,28,2004,,,,,,중개거래,O
방화동,202605,아파트_매매,삼미,방화동,585-4,58.29,65000,,,5,22,1982,,,,,,중개거래,
방화동,202605,아파트_매매,방화그린,방화동,839,33.6,37500,,,13,28,1993,,,,,,중개거래,
마곡동,202605,아파트_매매,마곡13단지힐스테이트마스터,마곡동,748,84.9805,171000,,,5,28,2017,,,,,,중개거래,
염창동,202605,아파트_매매,벽산늘푸른,염창동,290,84.94,91000,,,2,28,1998,,,,,,중개거래,
방화동,202605,아파트_매매,방화4단지,방화동,831,134.65,91000,,,15,28,1994,,,,,,중개거래,
화곡동,202605,아파트_매매,남광아파트,화곡동,917-5,45.47,31700,,,9,28,2015,,,,,,중개거래,
마곡동,202605,아파트_매매,마곡우림필유아파트,마곡동,1467,84.528,109500,,,8,28,2003,,,,,,중개거래,
마곡동,202605,아파트_매매,마곡엠벨리(15단지),마곡동,751,59.79,108310,,,6,8,2014,,,,,,직거래,
등촌동,202605,아파트_매매,부영,등촌동,691-3,80.64,107000,,,4,28,1994,,,,,,중개거래,
가양동,202605,아파트_매매,강서한강자이,가양동,1500,59.9382,140000,,,14,9,2013,,,,,,중개거래,
가양동,202605,아파트_매매,가양6단지,가양동,1485,58.65,117500,,,8,28,1992,,,,,,중개거래,
가양동,202605,아파트_매매,가양2단지(성지),가양동,1461,34.44,65500,,,14,28,1992,,,,,,중개거래,
공항동,202605,아파트_매매,더트루엘마곡HQ,공항동,1398,48.3293,64400,,,11,22,2024,,,,,,직거래,
가양동,202605,아파트_매매,강변,가양동,1475,34.44,74000,,,5,28,1992,,,,,,중개거래,
화곡동,202605,아파트_매매,강서힐스테이트,화곡동,1165,84.99,153000,,,14,28,2015,,,,,,중개거래,
공항동,202605,아파트_매매,더트루엘마곡HQ,공항동,1398,48.3293,64200,,,8,26,2024,,,,,,직거래,
화곡동,202605,아파트_매매,화곡푸르지오,화곡동,1091,144.123,121000,,,10,28,2002,,,,,,중개거래,
가양동,202605,아파트_매매,가양2단지(성지),가양동,1461,39.6,74500,,,5,6,1992,,,,,,중개거래,
화곡동,202605,아파트_매매,우장산숲아이파크,화곡동,1173,74.9982,140000,,,8,28,2022,,,,,,중개거래,
등촌동,202605,아파트_매매,"등촌1,2단지주공아파트",등촌동,687,41.85,73000,,,15,28,1994,,,,,,중개거래,
가양동,202605,아파트_매매,가양도시개발9-2단지,가양동,1490,34.44,67300,,,8,28,1993,,,,,,중개거래,
등촌동,202605,아파트_매매,주공3,등촌동,688,58.14,106000,,,10,21,1995,,,,,,중개거래,
마곡동,202605,아파트_매매,벽산,마곡동,429,84.97,93000,,,9,28,1999,,,,,,중개거래,
화곡동,202605,아파트_매매,타워빌,화곡동,1009-8,81.71,77000,,,8,27,2001,,,,,,중개거래,
화곡동,202605,아파트_매매,화곡3차보람,화곡동,1150,81.63,59000,,,4,27,2004,,,,,,중개거래,
내발산동,202605,아파트_매매,마곡수명산파크4단지,내발산동,753,59.84,113500,,,5,19,2008,,,,,,중개거래,
공항동,202605,아파트_매매,더트루엘마곡HQ,공항동,1398,36.6756,52400,,,14,27,2024,,,,,,직거래,
등촌동,202605,아파트_매매,"진로,미주아파트",등촌동,701,84.96,111000,,,10,23,1994,,,,,,중개거래,
방화동,202605,아파트_매매,마곡 한진해모로,방화동,579,84.93,95000,,,7,27,2004,,,,,,중개거래,
방화동,202605,아파트_매매,마곡중앙하이츠아파트,방화동,852,51.03,57500,,,10,27,1994,,,,,,중개거래,
화곡동,202605,아파트_매매,우장산에스케이뷰,화곡동,1158,84.97,95000,,,7,4,2006,,,,,,중개거래,
염창동,202605,아파트_매매,염창3우성,염창동,272-28,84.96,60000,,,6,8,1993,,,,,,직거래,
방화동,202605,아파트_매매,마곡중앙하이츠아파트,방화동,852,51.03,58300,,,1,27,1994,,,,,,중개거래,
방화동,202605,아파트_매매,방화5,방화동,814,49.77,69700,,,7,6,1994,,,,,,중개거래,
화곡동,202605,아파트_매매,우장산한화꿈에그린,화곡동,1151,120.11,80500,,,4,26,2004,,,,,,직거래,
등촌동,202605,아파트_매매,대림e편한세상,등촌동,561-1,75.64,96000,,,7,27,2002,,,,,,중개거래,
화곡동,202605,아파트_매매,"우장산아이파크,이편한세상",화곡동,1159,114.98,158000,,,4,27,2008,,,,,,중개거래,
마곡동,202605,아파트_매매,마곡청구아파트,마곡동,1181,59.91,74000,,,9,27,1998,,,,,,중개거래,
방화동,202605,아파트_매매,다우하임더프라임아파트,방화동,450-1,76.07,71550,,,5,27,2023,,,,,,중개거래,
화곡동,202605,아파트_매매,"우장산아이파크,이편한세상",화곡동,1159,59.98,132000,,,3,27,2008,,,,,,중개거래,
마곡동,202605,아파트_매매,마곡엠밸리6단지,마곡동,743,114.98,190000,,,3,27,2014,,,,,,중개거래,
방화동,202605,아파트_매매,방화5,방화동,814,39.6,45800,,,13,27,1994,,,,,,중개거래,
내발산동,202605,아파트_매매,수명산태송팰리채,내발산동,688-4,83.709,67000,,,8,4,2008,,,,,,중개거래,
내발산동,202605,아파트_매매,마곡수명산파크5단지,내발산동,749,59.87,80000,,,8,27,2008,,,,,,중개거래,
화곡동,202605,아파트_매매,강서동도센트리움,화곡동,1161,14.677,10500,,,6,12,2012,,,,,,중개거래,
염창동,202605,아파트_매매,월드메르디앙,염창동,297,84.98,110500,,,13,23,2004,,,,,,중개거래,
화곡동,202605,아파트_매매,초록,화곡동,1139,84.15,88500,,,2,27,1998,,,,,,중개거래,
방화동,202605,아파트_매매,마곡중앙하이츠아파트,방화동,852,59.34,67800,,,9,25,1994,,,,,,중개거래,
내발산동,202605,아파트_매매,길성그랑프리텔,내발산동,730,84.99,85000,,,3,9,2003,,,,,,중개거래,
화곡동,202605,아파트_매매,화곡푸르지오,화곡동,1091,125.021,107000,,,1,23,2002,,,,,,중개거래,
가양동,202605,아파트_매매,강변,가양동,1475,34.44,63500,,,11,26,1992,,,,,,중개거래,
등촌동,202605,아파트_매매,삼성한사랑1,등촌동,632-4,59.69,91000,,,15,26,1997,,,,,,중개거래,
등촌동,202605,아파트_매매,부영,등촌동,691-3,80.64,109500,,,5,26,1994,,,,,,중개거래,
화곡동,202605,아파트_매매,강서힐스테이트,화곡동,1165,128.81,168000,,,3,26,2015,,,,,,중개거래,
화곡동,202605,아파트_매매,화곡푸르지오,화곡동,1091,144.123,135500,,,12,26,2002,,,,,,중개거래,
방화동,202605,아파트_매매,현대,방화동,793,59.89,72000,,,4,26,1993,,,,,,중개거래,
마곡동,202605,아파트_매매,길훈,마곡동,1565,51.28,64800,,,7,26,1989,,,,,,중개거래,
화곡동,202605,아파트_매매,초록,화곡동,1139,84.28,85000,,,2,20,1998,,,,,,중개거래,
방화동,202605,아파트_매매,마곡서광(치현마을),방화동,860,59.67,47500,,,2,26,1998,,,,,,중개거래,
마곡동,202605,아파트_매매,마곡일성트루엘아파트,마곡동,1535,59.978,83000,,,3,26,2013,,,,,,중개거래,
가양동,202605,아파트_매매,한강타운,가양동,1460,84.99,139000,,,13,26,1993,,,,,,중개거래,
방화동,202605,아파트_매매,방화그린,방화동,839,33.6,30000,,,4,6,1993,,,,,,중개거래,
화곡동,202605,아파트_매매,도양라비앙아파트,화곡동,918-14,79.21,57800,,,10,21,2016,,,,,,중개거래,
등촌동,202605,아파트_매매,대림,등촌동,694,89.975,120000,,,4,26,1995,,,,,,중개거래,
염창동,202605,아파트_매매,현대3,염창동,291,59.92,90000,,,13,15,1996,,,,,,중개거래,
공항동,202605,아파트_매매,송정제이빌101동,공항동,42-23,84.99,43000,,,3,15,2003,,,,,,직거래,
방화동,202605,아파트_매매,"월드메르디앙201동,202동",방화동,879,84.82,79500,,,9,15,2004,,,,,,중개거래,
화곡동,202605,아파트_매매,화곡보람,화곡동,1149,59.24,78000,,,13,23,2004,,,,,,중개거래,
화곡동,202605,아파트_매매,광산(1122-4),화곡동,1122-4,83.39,30000,,,5,20,1993,,,,,,중개거래,
내발산동,202605,아파트_매매,우장산타워빌,내발산동,704-2,84.6,66800,,,6,18,2002,,,,,,중개거래,
방화동,202605,아파트_매매,태청,방화동,319-9,96.14,41500,,,5,7,2002,,,,,,중개거래,
가양동,202605,아파트_매매,가양강나루현대,가양동,448-1,59.76,121000,,,11,26,1999,,,,,,중개거래,
마곡동,202605,아파트_매매,마곡삼성아파트,마곡동,1478,59.95,67500,,,2,9,1998,,,,,,중개거래,
마곡동,202605,아파트_매매,마곡엠밸리7단지,마곡동,743-4,114.86,218000,,,16,6,2014,,,,,,중개거래,
등촌동,202605,아파트_매매,등촌동아이파크,등촌동,715,134.9883,138800,,,10,23,2004,,,,,,중개거래,
마곡동,202605,아파트_매매,마곡금호어울림,마곡동,717,84.948,100000,,,11,26,2005,,,,,,중개거래,
염창동,202605,아파트_매매,염창3우성,염창동,272-28,84.96,100000,,,5,26,1993,,,,,,중개거래,
화곡동,202605,아파트_매매,서부인터빌아파트,화곡동,1074-18,84.1439,57000,,,4,26,2002,,,,,,중개거래,
마곡동,202605,아파트_매매,마곡엠밸리4단지,마곡동,738,84.85,158000,,,3,26,2014,,,,,,중개거래,
등촌동,202605,아파트_매매,등촌동아이파크,등촌동,715,165.8299,141500,,,8,22,2004,,,,,,중개거래,
염창동,202605,아파트_매매,현대1,염창동,288,84.34,114500,,,13,24,1994,,,,,,중개거래,
화곡동,202605,아파트_매매,우장산롯데,화곡동,1148,84.98,91000,,,5,21,2004,,,,,,중개거래,
가양동,202605,아파트_매매,가양도시개발9-2단지,가양동,1490,34.44,65000,,,3,25,1993,,,,,,중개거래,
등촌동,202605,아파트_매매,"등촌1,2단지주공아파트",등촌동,687,41.85,67000,,,11,25,1994,,,,,,중개거래,
마곡동,202605,아파트_매매,마곡13단지힐스테이트마스터,마곡동,748,84.9805,171500,,,11,22,2017,,,,,,중개거래,
등촌동,202605,아파트_매매,등촌파밀리에더클래식101동,등촌동,722,79.54,94500,,,5,16,2020,,,,,,중개거래,
염창동,202605,아파트_매매,우성2,염창동,287-1,65.88,76200,,,9,6,1992,,,,,,직거래,
방화동,202605,아파트_매매,개화,방화동,819,101.86,84000,,,2,25,1994,,,,,,중개거래,
등촌동,202605,아파트_매매,부영,등촌동,691-3,80.64,108000,,,4,25,1994,,,,,,중개거래,
염창동,202605,아파트_매매,관음삼성,염창동,268,59.96,99900,,,3,25,1997,,,,,,중개거래,
마곡동,202605,아파트_매매,마곡삼성아파트,마곡동,1478,59.95,69000,,,2,22,1998,,,,,,중개거래,
등촌동,202605,아파트_매매,지엠벨리,등촌동,656-17,25.61,39500,,,15,25,2019,,,,,,중개거래,
등촌동,202605,아파트_매매,부영,등촌동,691-3,80.64,105000,,,3,23,1994,,,,,,중개거래,
가양동,202605,아파트_매매,가양도시개발9-2단지,가양동,1490,39.6,81000,,,14,25,1993,,,,,,중개거래,
방화동,202605,아파트_매매,치현마을동일스위트리버,방화동,880,59.9813,61000,,,3,25,2004,,,,,,중개거래,
등촌동,202605,아파트_매매,서광등촌마을아파트,등촌동,638,59.67,108000,,,13,25,1999,,,,,,중개거래,
등촌동,202605,아파트_매매,"등촌1,2단지주공아파트",등촌동,687,41.85,75000,,,12,25,1994,,,,,,중개거래,
가양동,202605,아파트_매매,가양6단지,가양동,1485,49.5,107000,,,13,25,1992,,,,,,중개거래,
등촌동,202605,아파트_매매,"등촌7,8단지주공아파트",등촌동,707,41.85,62000,,,1,25,1994,,,,,,중개거래,
등촌동,202605,아파트_매매,"등촌1,2단지주공아파트",등촌동,687,41.85,60000,,,1,25,1994,,,,,,중개거래,
내발산동,202605,아파트_매매,우장산힐스테이트,내발산동,657,101.87,170000,,,6,25,2005,,,,,,중개거래,
방화동,202605,아파트_매매,청성(877-0),방화동,877,67.876,64000,,,10,25,2004,,,,,,중개거래,
가양동,202605,아파트_매매,가양2단지(성지),가양동,1461,34.69,68000,,,2,24,1992,,,,,,중개거래,
마곡동,202605,아파트_매매,마곡청구아파트,마곡동,1181,84.92,61000,,,14,24,1998,,,,,,중개거래,
가양동,202605,아파트_매매,가양강나루현대,가양동,448-1,59.76,108500,,,6,24,1999,,,,,,중개거래,
염창동,202605,아파트_매매,동아3,염창동,258-1,84.87,136000,,,18,21,1999,,,,,,중개거래,
등촌동,202605,아파트_매매,주공5,등촌동,695,37.67,73000,,,9,24,1995,,,,,,중개거래,
화곡동,202605,아파트_매매,화곡푸르지오,화곡동,1091,84.914,114000,,,3,23,2002,,,,,,중개거래,
방화동,202605,아파트_매매,개화,방화동,819,101.86,86300,,,2,21,1994,,,,,,중개거래,
내발산동,202605,아파트_매매,마곡수명산파크7단지,내발산동,756,84.68,102500,,,2,23,2008,,,,,,중개거래,
등촌동,202605,아파트_매매,등촌동아이파크,등촌동,715,134.8836,126500,,,4,23,2004,,,,,,중개거래,
방화동,202605,아파트_매매,개화,방화동,819,101.86,83700,,,3,23,1994,,,,,,중개거래,
방화동,202605,아파트_매매,청솔,방화동,832,39.36,50000,,,10,23,1994,,,,,,중개거래,
등촌동,202605,아파트_매매,등촌파밀리에더클래식101동,등촌동,722,62.8,77500,,,2,23,2020,,,,,,중개거래,
가양동,202605,아파트_매매,강변,가양동,1475,39.6,80000,,,7,23,1992,,,,,,중개거래,
화곡동,202605,아파트_매매,화곡푸르지오,화곡동,1091,84.914,117000,,,12,23,2002,,,,,,중개거래,
가양동,202605,아파트_매매,가양2단지(성지),가양동,1461,39.6,82000,,,4,23,1992,,,,,,중개거래,
마곡동,202605,아파트_매매,마곡금호어울림,마곡동,717,84.948,101000,,,13,23,2005,,,,,,중개거래,
화곡동,202605,아파트_매매,중앙화곡하이츠,화곡동,351-89,66.24,48000,,,10,23,1988,,,,,,중개거래,O
염창동,202605,아파트_매매,극동상록수,염창동,280,59.91,96500,,,17,23,1999,,,,,,중개거래,
마곡동,202605,아파트_매매,마곡엠밸리6단지,마곡동,743,84.99,176500,,,2,23,2014,,,,,,중개거래,
등촌동,202605,아파트_매매,주공3,등촌동,688,58.14,109000,,,12,23,1995,,,,,,중개거래,
방화동,202605,아파트_매매,방화3차우림필유,방화동,546-1,84.57,80000,,,11,23,2005,,,,,,중개거래,
가양동,202605,아파트_매매,가양6단지,가양동,1485,58.65,120000,,,5,23,1992,,,,,,중개거래,
내발산동,202605,아파트_매매,마곡수명산파크5단지,내발산동,749,59.84,114000,,,10,23,2008,,,,,,중개거래,
내발산동,202605,아파트_매매,마곡수명산파크5단지,내발산동,749,59.76,114500,,,8,23,2008,,,,,,중개거래,
화곡동,202605,아파트_매매,대림e편한세상,화곡동,361-1,84.84,71500,,,11,23,1992,,,,,,중개거래,
가양동,202605,아파트_매매,가양2단지(성지),가양동,1461,49.56,103000,,,15,23,1992,,,,,,중개거래,
등촌동,202605,아파트_매매,동성,등촌동,691-1,134.94,124800,,,17,23,1995,,,,,,중개거래,
방화동,202605,아파트_매매,방화동동부센트레빌(875번지),방화동,875,84.97,81000,,,1,22,2003,,,,,,중개거래,
등촌동,202605,아파트_매매,보람(640),등촌동,640,58.93,77000,,,12,22,2002,,,,,,중개거래,
등촌동,202605,아파트_매매,부영,등촌동,691-3,80.64,100000,,,1,22,1994,,,,,,중개거래,
화곡동,202605,아파트_매매,중앙화곡하이츠,화곡동,351-89,74.16,53000,,,5,22,1988,,,,,,중개거래,
방화동,202605,아파트_매매,방화그린,방화동,839,49.77,60000,,,8,21,1993,,,,,,중개거래,
화곡동,202605,아파트_매매,우장산에스케이뷰,화곡동,1158,84.97,105000,,,11,22,2006,,,,,,중개거래,
화곡동,202605,아파트_매매,강서힐스테이트,화곡동,1165,59.99,142500,,,11,23,2015,,,,,,중개거래,
내발산동,202605,아파트_매매,길성그랑프리텔,내발산동,730,84.99,79000,,,2,23,2003,,,,,,중개거래,
내발산동,202605,아파트_매매,내발산우신웨스트빌,내발산동,733,84.38,64500,,,3,23,2005,,,,,,중개거래,
방화동,202605,아파트_매매,강서센트레빌3차(894-0),방화동,894,84.4,103000,,,7,22,2009,,,,,,중개거래,
등촌동,202605,아파트_매매,"등촌1,2단지주공아파트",등촌동,687,41.85,72000,,,2,22,1994,,,,,,중개거래,
방화동,202605,아파트_매매,방화5,방화동,814,33.18,40000,,,1,15,1994,,,,,,중개거래,
등촌동,202605,아파트_매매,주공5,등촌동,695,37.67,75000,,,10,22,1995,,,,,,중개거래,
방화동,202605,아파트_매매,방화그린,방화동,839,49.77,37000,,,14,21,1993,,,,,,직거래,
마곡동,202605,아파트_매매,마곡현대아파트,마곡동,1171,84.95,84500,,,14,22,1999,,,,,,중개거래,
방화동,202605,아파트_매매,청솔,방화동,832,49.2,58000,,,7,22,1994,,,,,,중개거래,
염창동,202605,아파트_매매,현대1,염창동,288,84.34,120000,,,11,22,1994,,,,,,중개거래,
가양동,202605,아파트_매매,강변,가양동,1475,39.6,78000,,,7,12,1992,,,,,,중개거래,
내발산동,202605,아파트_매매,우장산힐스테이트,내발산동,657,84.98,101600,,,3,21,2005,,,,,,중개거래,
방화동,202605,아파트_매매,장미,방화동,841,59.04,64000,,,9,22,1994,,,,,,중개거래,
등촌동,202605,아파트_매매,등촌동성원,등촌동,670-2,157.81,82000,,,8,12,1997,,,,,,중개거래,
화곡동,202605,아파트_매매,한경빌(938-26),화곡동,938-26,15.55,9000,,,7,21,2014,,,,,,중개거래,
화곡동,202605,아파트_매매,강서힐스테이트,화곡동,1165,128.81,166500,,,11,21,2015,,,,,,중개거래,
가양동,202605,아파트_매매,강변,가양동,1475,49.5,105000,,,3,21,1992,,,,,,중개거래,
방화동,202605,아파트_매매,대림e-편한세상,방화동,874,84.67,82000,,,14,21,2003,,,,,,중개거래,
마곡동,202605,아파트_매매,마곡13단지힐스테이트마스터,마곡동,748,84.9881,175200,,,13,21,2017,,,,,,중개거래,
내발산동,202605,아파트_매매,롯데2,내발산동,729,84.708,93000,,,7,21,2003,,,,,,중개거래,
방화동,202605,아파트_매매,통일101동(597-38),방화동,597-38,80.64,50000,,,2,21,2004,,,,,,중개거래,
방화동,202605,아파트_매매,마곡서광(치현마을),방화동,860,59.67,60000,,,12,15,1998,,,,,,중개거래,
등촌동,202605,아파트_매매,"등촌1,2단지주공아파트",등촌동,687,49.94,86000,,,1,21,1994,,,,,,중개거래,
등촌동,202605,아파트_매매,나성,등촌동,635-6,59.826,65500,,,7,21,2003,,,,,,중개거래,
가양동,202605,아파트_매매,강변,가양동,1475,34.44,75700,,,10,21,1992,,,,,,중개거래,
가양동,202605,아파트_매매,가양6단지,가양동,1485,58.65,112000,,,3,21,1992,,,,,,중개거래,
가양동,202605,아파트_매매,가양강나루현대,가양동,448-1,84.98,131000,,,5,19,1999,,,,,,중개거래,
가양동,202605,아파트_매매,가양6단지,가양동,1485,49.5,114000,,,7,20,1992,,,,,,중개거래,
내발산동,202605,아파트_매매,마곡수명산파크1단지,내발산동,742,84.53,80000,,,8,6,2007,,,,,,직거래,
화곡동,202605,아파트_매매,청솔,화곡동,1014-20,84.3102,51000,,,6,21,2003,,,,,,중개거래,
가양동,202605,아파트_매매,가양6단지,가양동,1485,58.65,111800,,,2,21,1992,,,,,,중개거래,
가양동,202605,아파트_매매,강변,가양동,1475,34.44,72300,,,6,20,1992,,,,,,중개거래,
화곡동,202605,아파트_매매,그랜드아이파크,화곡동,1095,181.17,105000,,,8,18,2010,,,,,,중개거래,
가양동,202605,아파트_매매,강변,가양동,1475,34.44,71000,,,8,20,1992,,,,,,중개거래,
방화동,202605,아파트_매매,청솔,방화동,832,49.2,60000,,,10,20,1994,,,,,,중개거래,
가양동,202605,아파트_매매,대림경동아파트,가양동,1474,131.4,153000,,,9,20,1993,,,,,,중개거래,
내발산동,202605,아파트_매매,마곡수명산파크4단지,내발산동,753,84.96,128000,,,13,20,2008,,,,,,중개거래,
가양동,202605,아파트_매매,가양2단지(성지),가양동,1461,49.65,103000,,,7,19,1992,,,,,,중개거래,
가양동,202605,아파트_매매,강변,가양동,1475,39.6,80000,,,6,20,1992,,,,,,중개거래,
공항동,202605,아파트_매매,공항동부센트레빌,공항동,1374,84.99,84500,,,12,5,2009,,,,,,중개거래,
등촌동,202605,아파트_매매,"등촌1,2단지주공아파트",등촌동,687,41.85,66500,,,10,2,1994,,,,,,중개거래,
화곡동,202605,아파트_매매,태성비리치,화곡동,465-13,73.515,30500,,,2,16,2002,,,,,,중개거래,
화곡동,202605,아파트_매매,"우장산아이파크,이편한세상",화곡동,1159,84.97,160000,,,16,19,2008,,,,,,중개거래,O
화곡동,202605,아파트_매매,"우장산아이파크,이편한세상",화곡동,1159,84.97,105300,,,1,18,2008,,,,,,중개거래,
화곡동,202605,아파트_매매,희훈리치파크,화곡동,1011-6,84.64,82500,,,8,20,2002,,,,,,중개거래,
방화동,202605,아파트_매매,길성그랑프리텔,방화동,867,57.97,64800,,,4,12,2002,,,,,,중개거래,
등촌동,202605,아파트_매매,부영,등촌동,691-3,80.64,108000,,,4,19,1994,,,,,,중개거래,
등촌동,202605,아파트_매매,주공3,등촌동,688,58.14,114000,,,4,19,1995,,,,,,중개거래,
마곡동,202605,아파트_매매,마곡나루경남아파트,마곡동,1577,84.29,85300,,,2,19,1991,,,,,,중개거래,
등촌동,202605,아파트_매매,제일(코오롱),등촌동,642,59.95,83000,,,6,19,1999,,,,,,중개거래,
등촌동,202605,아파트_매매,동성,등촌동,691-1,101.88,126000,,,6,19,1995,,,,,,중개거래,
마곡동,202605,아파트_매매,마곡나루경남아파트,마곡동,1577,84.29,93000,,,8,19,1991,,,,,,중개거래,O
방화동,202605,아파트_매매,방화그린,방화동,839,39.76,44300,,,3,19,1993,,,,,,중개거래,
등촌동,202605,아파트_매매,"등촌1,2단지주공아파트",등촌동,687,41.85,69000,,,4,16,1994,,,,,,중개거래,
방화동,202605,아파트_매매,방화그린,방화동,839,33.18,39500,,,13,19,1993,,,,,,중개거래,
마곡동,202605,아파트_매매,마곡삼성아파트,마곡동,1478,59.95,71000,,,4,10,1998,,,,,,중개거래,O
염창동,202605,아파트_매매,강변코아루,염창동,303,114.78,124000,,,5,19,2007,,,,,,중개거래,
방화동,202605,아파트_매매,방화동동부센트레빌(875번지),방화동,875,114.99,106000,,,8,18,2003,,,,,,중개거래,
방화동,202605,아파트_매매,신안네트빌1단지,방화동,868,84.0164,72000,,,3,18,2002,,,,,,중개거래,
마곡동,202605,아파트_매매,마곡일성트루엘아파트,마곡동,1535,59.978,80000,,,2,19,2013,,,,,,중개거래,
염창동,202605,아파트_매매,염창3우성,염창동,272-28,84.96,100000,,,8,2,1993,,,,,,중개거래,
가양동,202605,아파트_매매,중앙하이츠,가양동,1467,119.85,120000,,,9,14,1999,,,,,,중개거래,
화곡동,202605,아파트_매매,미성아파트(연립),화곡동,409-248,81.89,62000,,,11,1,1987,,,,,,중개거래,
가양동,202605,아파트_매매,일신건영휴먼빌,가양동,1496,84.95,117500,,,7,19,2004,,,,,,중개거래,
화곡동,202605,아파트_매매,강서힐스테이트,화곡동,1165,84.99,147000,,,3,16,2015,,,,,,중개거래,
화곡동,202605,아파트_매매,강서힐스테이트,화곡동,1165,84.99,163000,,,12,1,2015,,,,,,중개거래,
화곡동,202605,아파트_매매,"우장산아이파크,이편한세상",화곡동,1159,84.97,152500,,,18,5,2008,,,,,,중개거래,
방화동,202605,아파트_매매,방화동동부센트레빌(875번지),방화동,875,84.97,87500,,,2,19,2003,,,,,,중개거래,O
가양동,202605,아파트_매매,강변,가양동,1475,39.6,72000,,,1,19,1992,,,,,,중개거래,
화곡동,202605,아파트_매매,강서동도센트리움,화곡동,1161,14.677,8500,,,2,13,2012,,,,,,중개거래,
방화동,202605,아파트_매매,삼미,방화동,585-4,76,80000,,,5,18,1982,,,,,,중개거래,
마곡동,202605,아파트_매매,신안,마곡동,422,84.97,105000,,,3,18,1993,,,,,,중개거래,
내발산동,202605,아파트_매매,우장산힐스테이트,내발산동,657,84.98,160500,,,9,18,2005,,,,,,중개거래,
등촌동,202605,아파트_매매,부영,등촌동,691-3,80.64,109000,,,14,18,1994,,,,,,중개거래,
공항동,202605,아파트_매매,공항동부센트레빌,공항동,1374,84.99,89000,,,3,18,2009,,,,,,중개거래,
가양동,202605,아파트_매매,가양강나루현대,가양동,448-1,84.98,126000,,,9,18,1999,,,,,,중개거래,
가양동,202605,아파트_매매,가양6단지,가양동,1485,49.5,109000,,,7,18,1992,,,,,,중개거래,
등촌동,202605,아파트_매매,대림e편한세상,등촌동,561-1,75.64,95000,,,16,11,2002,,,,,,중개거래,
등촌동,202605,아파트_매매,나성,등촌동,635-6,59.826,62000,,,5,18,2003,,,,,,중개거래,
등촌동,202605,아파트_매매,"등촌지와인아파트,비지니스센터",등촌동,727,74.0328,108500,,,14,18,2023,,,,,,중개거래,
가양동,202605,아파트_매매,강서한강자이,가양동,1500,59.9382,140000,,,14,16,2013,,,,,,중개거래,O
가양동,202605,아파트_매매,가양도시개발9-2단지,가양동,1490,39.6,68500,,,2,16,1993,,,,,,중개거래,
염창동,202605,아파트_매매,삼성한아름,염창동,264-27,84.89,84500,,,4,18,1993,,,,,,중개거래,O
내발산동,202605,아파트_매매,태승훼미리3차,내발산동,732,84.97,77000,,,9,15,2004,,,,,,중개거래,
내발산동,202605,아파트_매매,마곡수명산파크7단지,내발산동,756,84.82,90000,,,11,18,2008,,,,,,중개거래,
염창동,202605,아파트_매매,동아,염창동,292,59.97,102000,,,12,18,1998,,,,,,중개거래,
염창동,202605,아파트_매매,한강동아,염창동,293,84.96,112000,,,14,18,1998,,,,,,중개거래,
등촌동,202605,아파트_매매,부영,등촌동,691-3,80.64,104000,,,3,12,1994,,,,,,중개거래,
마곡동,202605,아파트_매매,마곡힐스테이트,마곡동,1589,84.98,164000,,,10,18,2017,,,,,,중개거래,
마곡동,202605,아파트_매매,마곡보타닉경남아너스빌,마곡동,1252,84.9941,84500,,,3,18,2005,,,,,,중개거래,
염창동,202605,아파트_매매,삼성한마음,염창동,244-2,59.94,94700,,,13,17,1995,,,,,,중개거래,
등촌동,202605,아파트_매매,부영,등촌동,691-3,80.64,109000,,,15,17,1994,,,,,,중개거래,
등촌동,202605,아파트_매매,임광,등촌동,562-5,71.01,82000,,,9,16,2000,,,,,,중개거래,
염창동,202605,아파트_매매,신동아,염창동,289,59.82,89900,,,14,17,1995,,,,,,중개거래,
화곡동,202605,아파트_매매,우장산롯데캐슬,화곡동,1145,85,133000,,,13,16,2003,,,,,,중개거래,
마곡동,202605,아파트_매매,마곡엠밸리8단지,마곡동,741,84.89,167500,,,11,16,2016,,,,,,중개거래,
가양동,202605,아파트_매매,동신대아,가양동,1459,101.97,136000,,,10,16,1993,,,,,,중개거래,
가양동,202605,아파트_매매,가양2단지(성지),가양동,1461,39.6,81500,,,8,17,1992,,,,,,중개거래,
가양동,202605,아파트_매매,가양강나루현대,가양동,448-1,59.76,114000,,,16,16,1999,,,,,,중개거래,
방화동,202605,아파트_매매,방화그린,방화동,839,33.6,39500,,,12,16,1993,,,,,,중개거래,
염창동,202605,아파트_매매,태진한솔,염창동,263,58.87,95000,,,4,16,1994,,,,,,중개거래,
등촌동,202605,아파트_매매,부영,등촌동,691-3,80.64,106000,,,7,16,1994,,,,,,중개거래,
등촌동,202605,아파트_매매,"등촌1,2단지주공아파트",등촌동,687,41.85,67000,,,13,16,1994,,,,,,중개거래,
화곡동,202605,아파트_매매,"우장산아이파크,이편한세상",화곡동,1159,84.97,153000,,,6,15,2008,,,,,,중개거래,
방화동,202605,아파트_매매,방화그린,방화동,839,39.76,46800,,,10,16,1993,,,,,,중개거래,
등촌동,202605,아파트_매매,"등촌1,2단지주공아파트",등촌동,687,41.66,63000,,,1,16,1994,,,,,,중개거래,
화곡동,202605,아파트_매매,초록,화곡동,1139,49.77,73500,,,3,16,1998,,,,,,중개거래,
화곡동,202605,아파트_매매,"우장산아이파크,이편한세상",화곡동,1159,84.97,163000,,,16,16,2008,,,,,,중개거래,
방화동,202605,아파트_매매,방화동동부센트레빌(875번지),방화동,875,114.99,112000,,,11,16,2003,,,,,,중개거래,
방화동,202605,아파트_매매,장미,방화동,841,59.04,69000,,,11,16,1994,,,,,,중개거래,
마곡동,202605,아파트_매매,마곡엠벨리(14단지),마곡동,750,84.88,176000,,,4,16,2014,,,,,,중개거래,
방화동,202605,아파트_매매,마곡센트레빌,방화동,906,59.4269,94500,,,15,15,2021,,,,,,중개거래,
가양동,202605,아파트_매매,가양강나루현대,가양동,448-1,84.98,126000,,,7,16,1999,,,,,,중개거래,
가양동,202605,아파트_매매,한보구암마을,가양동,1495,59.22,70500,,,1,15,1999,,,,,,중개거래,
염창동,202605,아파트_매매,동아,염창동,292,114.84,128000,,,4,15,1998,,,,,,중개거래,
염창동,202605,아파트_매매,한강동아,염창동,293,59.97,95000,,,2,15,1998,,,,,,중개거래,
내발산동,202605,아파트_매매,우장산힐스테이트,내발산동,657,84.98,159700,,,9,15,2005,,,,,,중개거래,
내발산동,202605,아파트_매매,우장산힐스테이트,내발산동,657,84.98,149800,,,2,15,2005,,,,,,중개거래,
마곡동,202605,아파트_매매,마곡일성트루엘아파트,마곡동,1535,84.958,97000,,,6,15,2013,,,,,,중개거래,
가양동,202605,아파트_매매,가양도시개발9-2단지,가양동,1490,39.6,72500,,,3,15,1993,,,,,,중개거래,
염창동,202605,아파트_매매,강변힐스테이트,염창동,299,84.99,141000,,,11,16,2005,,,,,,중개거래,
가양동,202605,아파트_매매,가양도시개발9-2단지,가양동,1490,39.6,68000,,,1,15,1993,,,,,,중개거래,
염창동,202605,아파트_매매,성원,염창동,295,59.91,98500,,,5,15,2001,,,,,,중개거래,
염창동,202605,아파트_매매,신동아,염창동,289,59.82,88000,,,8,15,1995,,,,,,중개거래,
화곡동,202605,아파트_매매,중앙화곡하이츠,화곡동,351-89,56.88,47000,,,5,15,1988,,,,,,중개거래,
가양동,202605,아파트_매매,강변,가양동,1475,39.6,80000,,,9,14,1992,,,,,,중개거래,
방화동,202605,아파트_매매,홍익아파트,방화동,861,73.05,45000,,,6,15,1999,,,,,,중개거래,
마곡동,202605,아파트_매매,마곡보타닉경남아너스빌,마곡동,1252,59.7672,71000,,,4,13,2005,,,,,,중개거래,
등촌동,202605,아파트_매매,등촌파밀리에더클래식201동,등촌동,723,48.53,71000,,,7,14,2020,,,,,,중개거래,
내발산동,202605,아파트_매매,우장산타워빌,내발산동,704-2,84.6,73800,,,8,12,2002,,,,,,중개거래,O
내발산동,202605,아파트_매매,마곡수명산파크4단지,내발산동,753,84.53,127000,,,9,15,2008,,,,,,중개거래,
공항동,202605,아파트_매매,해태,공항동,1371,59.99,63700,,,13,14,2000,,,,,,중개거래,
가양동,202605,아파트_매매,강변,가양동,1475,39.6,80000,,,3,14,1992,,,,,,중개거래,
화곡동,202605,아파트_매매,초록,화곡동,1139,59.34,85000,,,8,14,1998,,,,,,중개거래,
방화동,202605,아파트_매매,방화5,방화동,814,33.18,46500,,,10,14,1994,,,,,,중개거래,
화곡동,202605,아파트_매매,강서힐스테이트,화곡동,1165,59.99,134750,,,17,14,2015,,,,,,중개거래,
방화동,202605,아파트_매매,방화그린,방화동,839,49.77,58700,,,10,14,1993,,,,,,중개거래,
마곡동,202605,아파트_매매,마곡힐스테이트,마곡동,1589,84.98,167000,,,15,5,2017,,,,,,중개거래,
내발산동,202605,아파트_매매,우장산힐스테이트,내발산동,657,101.87,169000,,,14,13,2005,,,,,,중개거래,
가양동,202605,아파트_매매,가양2단지(성지),가양동,1461,34.44,65000,,,3,12,1992,,,,,,중개거래,
방화동,202605,아파트_매매,신안네트빌1단지,방화동,868,84.0164,74900,,,12,13,2002,,,,,,중개거래,
내발산동,202605,아파트_매매,명진에버그린,내발산동,716,84.92,59500,,,5,14,2003,,,,,,중개거래,
내발산동,202605,아파트_매매,청솔샤르망1001동,내발산동,676-23,84.7449,70800,,,5,9,2004,,,,,,중개거래,
방화동,202605,아파트_매매,대림e-편한세상,방화동,874,96.14,86000,,,4,9,2003,,,,,,중개거래,
방화동,202605,아파트_매매,방화5,방화동,814,33.18,46500,,,6,14,1994,,,,,,중개거래,
화곡동,202605,아파트_매매,블루힐,화곡동,392-57,56.61,33000,,,1,13,2005,,,,,,중개거래,
등촌동,202605,아파트_매매,삼성한사랑1,등촌동,632-4,84.99,100000,,,12,14,1997,,,,,,중개거래,
염창동,202605,아파트_매매,우성2,염창동,287-1,84.7,122300,,,10,13,1992,,,,,,중개거래,
마곡동,202605,아파트_매매,마곡나루경남아파트,마곡동,1577,84.29,89000,,,10,13,1991,,,,,,중개거래,
등촌동,202605,아파트_매매,월드메르디앙,등촌동,711,84.97,91000,,,10,13,2002,,,,,,중개거래,
염창동,202605,아파트_매매,태영,염창동,270-1,114.99,125000,,,13,13,1999,,,,,,중개거래,
마곡동,202605,아파트_매매,신안,마곡동,422,84.97,107000,,,4,12,1993,,,,,,중개거래,
화곡동,202605,아파트_매매,"우장산아이파크,이편한세상",화곡동,1159,84.97,158000,,,9,12,2008,,,,,,중개거래,
방화동,202605,아파트_매매,현대,방화동,793,59.89,63500,,,2,13,1993,,,,,,중개거래,
등촌동,202605,아파트_매매,나성,등촌동,635-6,59.8224,61000,,,9,13,2003,,,,,,중개거래,
가양동,202605,아파트_매매,한보구암마을,가양동,1495,84.39,109000,,,17,13,1999,,,,,,중개거래,
방화동,202605,아파트_매매,방화그린,방화동,839,49.77,63000,,,10,13,1993,,,,,,중개거래,
마곡동,202605,아파트_매매,마곡일성트루엘아파트,마곡동,1535,59.978,87000,,,4,13,2013,,,,,,중개거래,
화곡동,202605,아파트_매매,화곡푸르지오,화곡동,1091,104.75,119000,,,8,1,2002,,,,,,중개거래,O
등촌동,202605,아파트_매매,지엠벨리,등촌동,656-17,25.61,24500,,,10,8,2019,,,,,,중개거래,
화곡동,202605,아파트_매매,강서아이파크,화곡동,980-21,82.088,76000,,,11,13,2005,,,,,,중개거래,
방화동,202605,아파트_매매,동성,방화동,817,84.95,80000,,,2,13,1993,,,,,,중개거래,
등촌동,202605,아파트_매매,등촌동보람쉬움아파트,등촌동,641-4,84.51,86000,,,10,13,2003,,,,,,중개거래,
방화동,202605,아파트_매매,현대,방화동,793,84.99,80750,,,2,13,1993,,,,,,중개거래,
가양동,202605,아파트_매매,가양도시개발9-2단지,가양동,1490,34.44,69000,,,10,13,1993,,,,,,중개거래,
등촌동,202605,아파트_매매,"등촌1,2단지주공아파트",등촌동,687,41.85,70000,,,13,13,1994,,,,,,중개거래,
화곡동,202605,아파트_매매,"우장산아이파크,이편한세상",화곡동,1159,84.97,149500,,,19,11,2008,,,,,,중개거래,
마곡동,202605,아파트_매매,마곡경남아너스빌,마곡동,1513,84.98,91500,,,12,9,2007,,,,,,중개거래,
염창동,202605,아파트_매매,태진한솔,염창동,263,84.97,120000,,,13,11,1994,,,,,,중개거래,
가양동,202605,아파트_매매,가양6단지,가양동,1485,39.6,81700,,,2,13,1992,,,,,,중개거래,
방화동,202605,아파트_매매,보람,방화동,881,84.96,74000,,,6,13,2004,,,,,,중개거래,
내발산동,202605,아파트_매매,우장산힐스테이트,내발산동,657,84.98,161000,,,19,13,2005,,,,,,중개거래,
가양동,202605,아파트_매매,가양2단지(성지),가양동,1461,34.69,66700,,,3,12,1992,,,,,,중개거래,
가양동,202605,아파트_매매,일신건영휴먼빌,가양동,1496,84.95,106000,,,2,12,2004,,,,,,중개거래,
가양동,202605,아파트_매매,강변,가양동,1475,39.6,74300,,,2,12,1992,,,,,,중개거래,
가양동,202605,아파트_매매,일신건영휴먼빌,가양동,1496,65.125,88000,,,1,12,2004,,,,,,중개거래,
방화동,202605,아파트_매매,신동아,방화동,796,59.4,67000,,,5,10,1995,,,,,,중개거래,
내발산동,202605,아파트_매매,우장산힐스테이트,내발산동,657,84.98,156000,,,9,12,2005,,,,,,중개거래,
방화동,202605,아파트_매매,신안네트빌1단지,방화동,868,84.0164,69000,,,1,12,2002,,,,,,중개거래,
마곡동,202605,아파트_매매,마곡엠밸리1단지,마곡동,734,84.85,143000,,,6,12,2014,,,,,,중개거래,
등촌동,202605,아파트_매매,"등촌7,8단지주공아파트",등촌동,707,41.85,74000,,,4,12,1994,,,,,,중개거래,
화곡동,202605,아파트_매매,중앙화곡하이츠,화곡동,351-89,48.78,41000,,,3,4,1988,,,,,,중개거래,
가양동,202605,아파트_매매,가양2단지(성지),가양동,1461,34.44,70000,,,10,12,1992,,,,,,중개거래,
등촌동,202605,아파트_매매,동성,등촌동,691-1,101.88,128000,,,5,5,1995,,,,,,중개거래,
방화동,202605,아파트_매매,방화동동부센트레빌(875번지),방화동,875,84.97,94700,,,7,11,2003,,,,,,중개거래,
등촌동,202605,아파트_매매,주공10,등촌동,702,37.67,70000,,,9,12,1995,,,,,,중개거래,
등촌동,202605,아파트_매매,등촌동아이파크,등촌동,715,165.8299,125000,,,10,1,2004,,,,,,중개거래,
방화동,202605,아파트_매매,삼미,방화동,585-4,76,72000,,,4,4,1982,,,,,,중개거래,
공항동,202605,아파트_매매,더트루엘마곡HQ,공항동,1398,48.3293,67500,,,8,10,2024,,,,,,직거래,
방화동,202605,아파트_매매,방화4단지,방화동,831,134.65,98500,,,1,11,1994,,,,,,중개거래,
방화동,202605,아파트_매매,마곡 한진해모로,방화동,579,84.97,75500,,,2,8,2004,,,,,,중개거래,
등촌동,202605,아파트_매매,부영,등촌동,691-3,80.64,110000,,,11,11,1994,,,,,,중개거래,
마곡동,202605,아파트_매매,마곡경남아너스빌,마곡동,1513,59.91,76500,,,2,11,2007,,,,,,중개거래,
방화동,202605,아파트_매매,방화5,방화동,814,49.77,74700,,,7,11,1994,,,,,,중개거래,
방화동,202605,아파트_매매,방화그린,방화동,839,39.76,48000,,,10,9,1993,,,,,,중개거래,
방화동,202605,아파트_매매,방화5,방화동,814,39.6,53500,,,13,11,1994,,,,,,중개거래,
가양동,202605,아파트_매매,강변,가양동,1475,39.6,81000,,,10,1,1992,,,,,,중개거래,
화곡동,202605,아파트_매매,중앙화곡하이츠,화곡동,351-89,74.16,50500,,,3,1,1988,,,,,,중개거래,
등촌동,202605,아파트_매매,가양역두산위브,등촌동,726,84.74,113000,,,7,8,2022,,,,,,직거래,
내발산동,202605,아파트_매매,수명산태송팰리채,내발산동,688-4,72.073,52500,,,6,11,2008,,,,,,중개거래,
공항동,202605,아파트_매매,더트루엘마곡HQ,공항동,1398,48.3293,64900,,,11,2,2024,,,,,,직거래,
등촌동,202605,아파트_매매,부영,등촌동,691-3,80.64,112000,,,14,5,1994,,,,,,중개거래,
공항동,202605,아파트_매매,더트루엘마곡HQ,공항동,1398,48.3293,64400,,,11,4,2024,,,,,,직거래,
방화동,202605,아파트_매매,길성그랑프리텔,방화동,867,57.97,75000,,,11,10,2002,,,,,,중개거래,
가양동,202605,아파트_매매,가양6단지,가양동,1485,39.6,88000,,,11,10,1992,,,,,,중개거래,
방화동,202605,아파트_매매,마곡 한진해모로,방화동,579,84.97,83500,,,5,10,2004,,,,,,중개거래,
등촌동,202605,아파트_매매,임광,등촌동,562-5,71.01,79400,,,5,9,2000,,,,,,중개거래,
등촌동,202605,아파트_매매,등촌파밀리에더클래식101동,등촌동,722,48.39,69000,,,6,9,2020,,,,,,중개거래,
방화동,202605,아파트_매매,방화그린,방화동,839,39.76,47000,,,11,9,1993,,,,,,중개거래,
방화동,202605,아파트_매매,신동아,방화동,796,84.81,78000,,,8,9,1995,,,,,,중개거래,
방화동,202605,아파트_매매,마곡 한진해모로,방화동,579,59.92,73000,,,7,9,2004,,,,,,중개거래,
화곡동,202605,아파트_매매,"우장산아이파크,이편한세상",화곡동,1159,84.97,150000,,,4,9,2008,,,,,,중개거래,
방화동,202605,아파트_매매,신안네트빌1단지,방화동,868,118.1762,79500,,,6,9,2002,,,,,,중개거래,
등촌동,202605,아파트_매매,"등촌1,2단지주공아파트",등촌동,687,41.85,71500,,,8,9,1994,,,,,,중개거래,
마곡동,202605,아파트_매매,마곡푸르지오,마곡동,1525,84.99,127000,,,10,9,2008,,,,,,중개거래,
내발산동,202605,아파트_매매,마곡수명산파크3단지,내발산동,751,84.53,117000,,,2,9,2007,,,,,,중개거래,
마곡동,202605,아파트_매매,길훈,마곡동,1565,65.88,75000,,,8,9,1989,,,,,,중개거래,
가양동,202605,아파트_매매,가양도시개발9-2단지,가양동,1490,49.5,99600,,,14,9,1993,,,,,,중개거래,
화곡동,202605,아파트_매매,강서힐스테이트,화곡동,1165,59.99,132000,,,4,9,2015,,,,,,중개거래,
염창동,202605,아파트_매매,강서쌍용예가,염창동,308,84.9025,116500,,,7,9,2014,,,,,,중개거래,
방화동,202605,아파트_매매,장미,방화동,841,59.04,63300,,,13,9,1994,,,,,,중개거래,
가양동,202605,아파트_매매,가양도시개발9-2단지,가양동,1490,34.44,64200,,,2,9,1993,,,,,,중개거래,
등촌동,202605,아파트_매매,등촌파밀리에더클래식101동,등촌동,722,79.54,88500,,,7,8,2020,,,,,,중개거래,
염창동,202605,아파트_매매,염창1차한화꿈에그린,염창동,281-22,84.93,169000,,,19,8,2005,,,,,,중개거래,
마곡동,202605,아파트_매매,마곡13단지힐스테이트마스터,마곡동,748,84.9881,162500,,,11,8,2017,,,,,,중개거래,
가양동,202605,아파트_매매,일신건영휴먼빌,가양동,1496,84.95,115000,,,7,8,2004,,,,,,중개거래,
내발산동,202605,아파트_매매,마곡수명산파크7단지,내발산동,756,84.53,106000,,,5,8,2008,,,,,,중개거래,
마곡동,202605,아파트_매매,마곡우림필유아파트,마곡동,1467,84.897,90000,,,12,8,2003,,,,,,중개거래,
화곡동,202605,아파트_매매,우장산롯데캐슬,화곡동,1145,177.86,147000,,,13,8,2003,,,,,,중개거래,
마곡동,202605,아파트_매매,한솔솔파크,마곡동,716,84.87,130000,,,3,8,2005,,,,,,중개거래,
등촌동,202605,아파트_매매,부영,등촌동,691-3,80.64,110500,,,8,8,1994,,,,,,중개거래,
염창동,202605,아파트_매매,삼성한아름,염창동,264-27,84.89,85800,,,2,8,1993,,,,,,중개거래,
내발산동,202605,아파트_매매,우장산힐스테이트,내발산동,657,59.98,138000,,,11,8,2005,,,,,,중개거래,
등촌동,202605,아파트_매매,부영,등촌동,691-3,80.64,55500,,,10,8,1994,,,,,,직거래,
방화동,202605,아파트_매매,방화그린,방화동,839,49.77,58000,,,3,26,1993,,,,,,중개거래,
가양동,202605,아파트_매매,강나루2현대,가양동,448,84.84,110000,,,1,1,2001,,,,,,중개거래,
마곡동,202605,아파트_매매,마곡엠밸리9단지,마곡동,744,59.86,152500,,,14,8,2021,,,,,,중개거래,
등촌동,202605,아파트_매매,태영,등촌동,632-2,84.98,90000,,,3,9,1998,,,,,,중개거래,
등촌동,202605,아파트_매매,제일(코오롱),등촌동,642,84.83,93500,,,8,8,1999,,,,,,중개거래,
방화동,202605,아파트_매매,삼성꽃마을,방화동,858,84.68,60000,,,12,8,1997,,,,,,중개거래,
등촌동,202605,아파트_매매,주공5,등촌동,695,58.14,104500,,,10,7,1995,,,,,,중개거래,
공항동,202605,아파트_매매,공항동부센트레빌,공항동,1374,84.99,81000,,,1,7,2009,,,,,,중개거래,
가양동,202605,아파트_매매,가양2단지(성지),가양동,1461,34.44,65000,,,3,7,1992,,,,,,중개거래,
방화동,202605,아파트_매매,장미,방화동,841,39.96,44000,,,3,7,1994,,,,,,중개거래,
방화동,202605,아파트_매매,삼성꽃마을,방화동,858,59.99,54000,,,2,7,1997,,,,,,중개거래,
가양동,202605,아파트_매매,가양2단지(성지),가양동,1461,34.44,60000,,,1,7,1992,,,,,,중개거래,
등촌동,202605,아파트_매매,주공5,등촌동,695,58.14,94300,,,1,7,1995,,,,,,중개거래,
방화동,202605,아파트_매매,방화5,방화동,814,33.18,44000,,,4,4,1994,,,,,,중개거래,
가양동,202605,아파트_매매,가양2단지(성지),가양동,1461,39.6,79500,,,7,7,1992,,,,,,중개거래,
등촌동,202605,아파트_매매,동성,등촌동,691-1,101.88,128000,,,14,7,1995,,,,,,중개거래,
화곡동,202605,아파트_매매,우장산숲아이파크,화곡동,1173,59.9969,130000,,,8,7,2022,,,,,,중개거래,
마곡동,202605,아파트_매매,마곡엠밸리3단지,마곡동,736,114.69,164000,,,2,7,2014,,,,,,중개거래,
가양동,202605,아파트_매매,가양도시개발9-2단지,가양동,1490,49.5,102000,,,7,7,1993,,,,,,중개거래,
방화동,202605,아파트_매매,동성,방화동,817,64.65,73000,,,14,7,1993,,,,,,중개거래,
마곡동,202605,아파트_매매,마곡경남아너스빌,마곡동,1513,84.98,91000,,,7,6,2007,,,,,,중개거래,
방화동,202605,아파트_매매,마곡중앙하이츠아파트,방화동,852,39.58,50000,,,12,6,1994,,,,,,직거래,
염창동,202605,아파트_매매,염창동한강우성,염창동,66-9,65.88,100000,,,1,7,1990,,,,,,중개거래,
가양동,202605,아파트_매매,가양도시개발9-2단지,가양동,1490,34.44,64000,,,1,7,1993,,,,,,중개거래,
가양동,202605,아파트_매매,가양1차보람더하임,가양동,1497,83.07,95000,,,14,7,2006,,,,,,중개거래,
가양동,202605,아파트_매매,강변,가양동,1475,34.44,63000,,,4,7,1992,,,,,,중개거래,
화곡동,202605,아파트_매매,"우장산아이파크,이편한세상",화곡동,1159,59.98,133000,,,4,7,2008,,,,,,중개거래,O
방화동,202605,아파트_매매,청솔,방화동,832,49.2,60000,,,11,6,1994,,,,,,중개거래,
마곡동,202605,아파트_매매,마곡엠밸리4단지,마곡동,738,114.86,150000,,,1,7,2014,,,,,,중개거래,
등촌동,202605,아파트_매매,풍성애뜨란아파트,등촌동,654-79,56.2,48000,,,5,7,2016,,,,,,중개거래,
가양동,202605,아파트_매매,가양도시개발9-2단지,가양동,1490,34.44,65000,,,14,7,1993,,,,,,중개거래,
방화동,202605,아파트_매매,청솔,방화동,832,39.36,50500,,,4,6,1994,,,,,,중개거래,
화곡동,202605,아파트_매매,"우장산아이파크,이편한세상",화곡동,1159,59.98,135500,,,3,6,2008,,,,,,중개거래,
화곡동,202605,아파트_매매,"우장산아이파크,이편한세상",화곡동,1159,59.98,139000,,,6,5,2008,,,,,,중개거래,
가양동,202605,아파트_매매,강변,가양동,1475,49.5,101500,,,12,6,1992,,,,,,중개거래,
가양동,202605,아파트_매매,강변,가양동,1475,39.6,86250,,,12,6,1992,,,,,,중개거래,
마곡동,202605,아파트_매매,마곡현대아파트,마곡동,1171,84.95,85000,,,4,6,1999,,,,,,중개거래,
가양동,202605,아파트_매매,한강타운,가양동,1460,84.99,132500,,,9,6,1993,,,,,,중개거래,
방화동,202605,아파트_매매,방화5,방화동,814,39.6,55000,,,9,6,1994,,,,,,중개거래,
방화동,202605,아파트_매매,방화그린,방화동,839,39.76,45000,,,7,6,1993,,,,,,중개거래,
방화동,202605,아파트_매매,방화5,방화동,814,33.18,44500,,,8,6,1994,,,,,,중개거래,
방화동,202605,아파트_매매,방화4단지,방화동,831,134.65,85000,,,8,6,1994,,,,,,중개거래,
가양동,202605,아파트_매매,가양6단지,가양동,1485,58.65,123500,,,6,6,1992,,,,,,중개거래,
화곡동,202605,아파트_매매,화곡푸르지오,화곡동,1091,104.75,112000,,,2,6,2002,,,,,,중개거래,
가양동,202605,아파트_매매,가양도시개발9-2단지,가양동,1490,34.44,61500,,,2,6,1993,,,,,,중개거래,
등촌동,202605,아파트_매매,마곡루나플라체,등촌동,725,22.05,29400,,,8,5,2021,,,,,,중개거래,
화곡동,202605,아파트_매매,우장산롯데캐슬,화곡동,1145,117.19,132000,,,5,6,2003,,,,,,중개거래,
등촌동,202605,아파트_매매,등촌동아이파크,등촌동,715,134.8836,136500,,,19,4,2004,,,,,,중개거래,
등촌동,202605,아파트_매매,주공5,등촌동,695,58.14,105000,,,12,6,1995,,,,,,중개거래,
방화동,202605,아파트_매매,청솔,방화동,832,39.36,49000,,,3,6,1994,,,,,,중개거래,
가양동,202605,아파트_매매,가양2단지(성지),가양동,1461,39.6,79000,,,14,6,1992,,,,,,중개거래,
마곡동,202605,아파트_매매,마곡태승훼미리아파트,마곡동,1454,84.08,72000,,,3,6,2005,,,,,,중개거래,
방화동,202605,아파트_매매,치현마을동일스위트리버,방화동,880,84.9829,73000,,,14,4,2004,,,,,,중개거래,
등촌동,202605,아파트_매매,"등촌1,2단지주공아파트",등촌동,687,41.85,68000,,,14,5,1994,,,,,,중개거래,
등촌동,202605,아파트_매매,"등촌1,2단지주공아파트",등촌동,687,41.85,64000,,,4,5,1994,,,,,,중개거래,
염창동,202605,아파트_매매,벽산늘푸른,염창동,290,84.94,92000,,,9,5,1998,,,,,,중개거래,
등촌동,202605,아파트_매매,부영,등촌동,691-3,80.64,107000,,,4,5,1994,,,,,,중개거래,
마곡동,202605,아파트_매매,신안,마곡동,422,84.97,106000,,,5,5,1993,,,,,,중개거래,
방화동,202605,아파트_매매,원미,방화동,614-11,54.75,90000,,,5,5,1988,,,,,,중개거래,
화곡동,202605,아파트_매매,초록,화곡동,1139,59.34,84900,,,9,5,1998,,,,,,중개거래,
마곡동,202605,아파트_매매,한솔솔파크,마곡동,716,84.87,135500,,,11,2,2005,,,,,,중개거래,
마곡동,202605,아파트_매매,마곡엠밸리7단지,마곡동,743-4,114.69,238000,,,13,2,2014,,,,,,중개거래,
화곡동,202605,아파트_매매,강서힐스테이트,화곡동,1165,84.99,148000,,,4,5,2015,,,,,,중개거래,
염창동,202605,아파트_매매,한강동아,염창동,293,59.97,102000,,,15,5,1998,,,,,,중개거래,
가양동,202605,아파트_매매,가양2단지(성지),가양동,1461,39.6,80000,,,13,2,1992,,,,,,중개거래,
가양동,202605,아파트_매매,한보구암마을,가양동,1495,84.39,102700,,,11,5,1999,,,,,,중개거래,
가양동,202605,아파트_매매,가양2단지(성지),가양동,1461,34.44,66500,,,9,5,1992,,,,,,중개거래,
화곡동,202605,아파트_매매,중앙화곡하이츠,화곡동,351-89,56.88,43000,,,7,4,1988,,,,,,중개거래,
방화동,202605,아파트_매매,마곡중앙하이츠아파트,방화동,852,39.58,48400,,,11,5,1994,,,,,,중개거래,
염창동,202605,아파트_매매,리버펠리스1동,염창동,257,142.42,143000,,,3,4,2001,,,,,,중개거래,
염창동,202605,아파트_매매,동아3,염창동,258-1,84.87,136500,,,21,1,1999,,,,,,중개거래,
염창동,202605,아파트_매매,현대1,염창동,288,84.84,119000,,,9,4,1994,,,,,,중개거래,
염창동,202605,아파트_매매,e편한세상염창,염창동,309,74.2998,160000,,,18,4,2019,,,,,,중개거래,
방화동,202605,아파트_매매,방화동동부센트레빌(875번지),방화동,875,84.98,82500,,,6,4,2003,,,,,,중개거래,
염창동,202605,아파트_매매,현대3,염창동,291,59.92,86000,,,2,4,1996,,,,,,중개거래,
마곡동,202605,아파트_매매,마곡우림필유아파트,마곡동,1467,84.528,100000,,,1,4,2003,,,,,,중개거래,
화곡동,202605,아파트_매매,강서힐스테이트,화곡동,1165,59.99,137000,,,7,4,2015,,,,,,중개거래,
방화동,202605,아파트_매매,삼미,방화동,585-4,76,78000,,,2,4,1982,,,,,,중개거래,
내발산동,202605,아파트_매매,마곡수명산파크4단지,내발산동,753,59.84,113800,,,11,4,2008,,,,,,중개거래,
등촌동,202605,아파트_매매,동성,등촌동,691-1,150.05,140000,,,6,4,1995,,,,,,중개거래,
가양동,202605,아파트_매매,가양6단지,가양동,1485,49.5,98800,,,4,4,1992,,,,,,중개거래,
등촌동,202605,아파트_매매,태진아름,등촌동,676,84.81,85000,,,3,4,1995,,,,,,중개거래,
가양동,202605,아파트_매매,가양6단지,가양동,1485,49.5,106500,,,7,4,1992,,,,,,중개거래,
화곡동,202605,아파트_매매,우장산숲아이파크,화곡동,1173,59.9983,139200,,,15,5,2022,,,,,,중개거래,
염창동,202605,아파트_매매,송촌,염창동,264-18,84.99,88500,,,15,4,2005,,,,,,중개거래,
염창동,202605,아파트_매매,성원,염창동,295,114.12,125000,,,11,4,2001,,,,,,중개거래,
등촌동,202605,아파트_매매,주공3,등촌동,688,58.14,97000,,,12,1,1995,,,,,,중개거래,
염창동,202605,아파트_매매,태진한솔,염창동,263,84.97,105000,,,9,4,1994,,,,,,중개거래,
화곡동,202605,아파트_매매,성재,화곡동,938-25,62.41,30500,,,7,1,2002,,,,,,중개거래,
가양동,202605,아파트_매매,강변,가양동,1475,34.44,65000,,,9,4,1992,,,,,,중개거래,
등촌동,202605,아파트_매매,대동황토방2,등촌동,713,80.93,98000,,,10,2,2003,,,,,,중개거래,
화곡동,202605,아파트_매매,강서그랜드아이파크주상복합,화곡동,1095-4,117.97,107500,,,13,3,2010,,,,,,중개거래,
염창동,202605,아파트_매매,한강동아,염창동,293,59.97,101500,,,12,3,1998,,,,,,중개거래,
염창동,202605,아파트_매매,한강동아,염창동,293,114.78,153000,,,6,1,1998,,,,,,중개거래,
가양동,202605,아파트_매매,강변,가양동,1475,34.44,68000,,,8,2,1992,,,,,,중개거래,
가양동,202605,아파트_매매,빛고을우방,가양동,448-9,84.87,92000,,,14,2,1999,,,,,,중개거래,
방화동,202605,아파트_매매,"월드메르디앙201동,202동",방화동,879,83.42,79800,,,7,1,2004,,,,,,중개거래,
방화동,202605,아파트_매매,현대,방화동,793,59.89,66000,,,11,1,1993,,,,,,중개거래,
공항동,202605,아파트_매매,공항동부센트레빌,공항동,1374,77.26,84000,,,12,1,2009,,,,,,중개거래,
방화동,202605,아파트_매매,마곡중앙하이츠아파트,방화동,852,39.58,44000,,,3,1,1994,,,,,,중개거래,
화곡동,202605,아파트_매매,우장산롯데캐슬,화곡동,1145,85,128800,,,9,1,2003,,,,,,중개거래,
방화동,202605,아파트_매매,마곡서광(치현마을),방화동,860,59.67,53500,,,7,1,1998,,,,,,중개거래,
화곡동,202605,아파트_매매,우장산에스케이뷰,화곡동,1158,116.92,102000,,,13,1,2006,,,,,,중개거래,
등촌동,202605,아파트_매매,주공10,등촌동,702,58.14,105000,,,9,1,1995,,,,,,중개거래,
등촌동,202605,아파트_매매,주공5,등촌동,695,58.14,95000,,,15,1,1995,,,,,,중개거래,
등촌동,202605,아파트_매매,"등촌지와인아파트,비지니스센터",등촌동,727,74.0328,100000,,,6,19,2023,,,,,,중개거래,
공항동,202605,아파트_매매,더트루엘마곡HQ,공항동,1398,48.3293,64400,,,12,6,2024,,,,,,직거래,
