gu_name,lawd_cd,region_name,deal_ym,deal_type,building_name,umd_name,jibun,area_m2,deal_amount,deposit,monthly_rent,floor,deal_day,build_year,contract_type,contract_term,pre_deposit,pre_monthly_rent,use_rr_right,dealing_gbn,cdeal_type
종로구,11110,숭인동,202608,오피스텔_전월세,종로대우디오빌,숭인동,310,29.65,,1000,75,4,11,2004,신규,26.08~28.08,,,,,
종로구,11110,종로5가,202608,오피스텔_전월세,종로5가역 하이뷰더광장,종로5가,138-4,18.97,,23000,0,5,21,2022,신규,26.10~28.09,,,,,
종로구,11110,효제동,202608,오피스텔_전월세,센트럴시티대학로,효제동,167,17.28,,600,87,5,20,2020,신규,26.08~27.06,,,,,
종로구,11110,효제동,202608,오피스텔_전월세,센트럴시티대학로,효제동,167,17.28,,600,87,5,20,2020,신규,26.08~27.06,,,,,
종로구,11110,숭인동,202608,오피스텔_전월세,리마크빌 종로,숭인동,200-16,23.55,,1000,135,15,12,2026,신규,26.08~27.08,,,,,
종로구,11110,숭인동,202608,오피스텔_전월세,헤스티아,숭인동,317-48,14.9,,1000,61,14,18,2020,신규,26.09~27.09,,,,,
종로구,11110,숭인동,202608,오피스텔_전월세,헤스티아,숭인동,317-48,15.47,,1000,70,16,7,2020,신규,26.08~27.08,,,,,
종로구,11110,부암동,202608,오피스텔_전월세,캐피탈오피스텔,부암동,154-2,42.2,,2000,60,1,19,2002,신규,26.09~28.09,,,,,
종로구,11110,숭인동,202608,오피스텔_전월세,한라 운종가,숭인동,1425,21.14,,21000,0,14,20,2022,갱신,26.08~28.08,20500.0,,,,
종로구,11110,숭인동,202608,오피스텔_전월세,경일오피스텔,숭인동,1367,22.55,,300,87,4,18,2005,신규,26.08~26.09,,,,,
종로구,11110,숭인동,202608,오피스텔_전월세,더 카르페디엠 종로 오피스텔,숭인동,201-25,22.8,,1000,95,2,11,2022,신규,26.09~27.09,,,,,
종로구,11110,연지동,202608,오피스텔_전월세,대보213,연지동,74-12,21.05,,100,49,2,19,2024,신규,26.09~28.12,,,,,
종로구,11110,관철동,202608,오피스텔_전월세,프라움스테이,관철동,23,25.53,,100,41,7,19,2023,신규,26.08~28.12,,,,,
종로구,11110,숭인동,202608,오피스텔_전월세,종로 더블유 스퀘어 오피스텔,숭인동,1399,20.49,,100,30,13,19,2023,신규,26.09~28.12,,,,,
종로구,11110,숭인동,202608,오피스텔_전월세,종로 더블유 스퀘어 오피스텔,숭인동,1399,20.49,,100,30,11,19,2023,신규,26.09~28.12,,,,,
종로구,11110,연지동,202608,오피스텔_전월세,주함해븐타워,연지동,193-2,18.52,,60,36,5,19,2019,신규,26.08~28.12,,,,,
종로구,11110,숭인동,202608,오피스텔_전월세,종로 동광모닝스카이,숭인동,1421-1,19.95,,9400,11,7,11,2013,신규,26.09~28.09,,,,,
종로구,11110,인의동,202608,오피스텔_전월세,루비온오피스텔,인의동,28-26,18.2,,20000,0,12,11,2021,신규,26.09~28.09,,,,,
종로구,11110,숭인동,202608,오피스텔_전월세,더 카르페디엠 종로 오피스텔,숭인동,201-25,24.21,,23000,0,13,18,2022,신규,26.09~28.09,,,,,
종로구,11110,숭인동,202608,오피스텔_전월세,헤스티아,숭인동,317-48,14.9,,1000,61,14,6,2020,신규,26.09~27.09,,,,,
종로구,11110,숭인동,202608,오피스텔_전월세,한라 운종가,숭인동,1425,21.53,,20700,0,9,12,2022,신규,26.10~28.10,,,,,
종로구,11110,관수동,202608,오피스텔_전월세,종로 하이뷰 디아트,관수동,98-1,18.16,,21000,0,7,15,2020,갱신,26.09~27.03,20000.0,,사용,,
종로구,11110,숭인동,202608,오피스텔_전월세,한라 운종가,숭인동,1425,21.71,,21000,10,18,15,2022,신규,26.09~28.09,,,,,
종로구,11110,숭인동,202608,오피스텔_전월세,블루카운티 숭인Ⅰ,숭인동,217-16,26.63,,1000,100,2,14,2020,신규,26.08~27.08,,,,,
종로구,11110,숭인동,202608,오피스텔_전월세,동양파라빌,숭인동,1388,24.93,,1000,52,11,12,2005,신규,26.09~27.09,,,,,
종로구,11110,숭인동,202608,오피스텔_전월세,헤스티아,숭인동,317-48,14.9,,12000,10,17,13,2020,신규,26.09~28.09,,,,,
종로구,11110,종로5가,202608,오피스텔_전월세,종로5가역 하이뷰더광장,종로5가,138-4,18.97,,24000,0,6,7,2022,신규,26.08~28.08,,,,,
종로구,11110,숭인동,202608,오피스텔_전월세,헤스티아,숭인동,317-48,15.28,,11700,14,13,14,2020,갱신,26.08~28.08,14700.0,,,,
종로구,11110,숭인동,202608,오피스텔_전월세,헤스티아,숭인동,317-48,14.9,,5000,38,4,6,2020,신규,26.09~28.09,,,,,
종로구,11110,내수동,202608,오피스텔_전월세,경희궁의 아침 2단지,내수동,71,25.51,,19000,20,6,13,2004,신규,26.10~28.10,,,,,
종로구,11110,숭인동,202608,오피스텔_전월세,한라 운종가,숭인동,1425,21.14,,1000,103,12,7,2022,신규,26.08~27.08,,,,,
종로구,11110,연지동,202608,오피스텔_전월세,로얄파크뷰,연지동,238-5,37.18,,29500,6,6,12,2019,신규,26.09~28.08,,,,,
종로구,11110,수송동,202608,오피스텔_전월세,두산위브파빌리온,수송동,58,35.22,,1000,110,7,6,2004,신규,26.08~27.08,,,,,
종로구,11110,효제동,202608,오피스텔_전월세,반도 보라 아이비 타워,효제동,45,26.58,,1000,75,10,12,2003,신규,26.08~28.08,,,,,
종로구,11110,숭인동,202608,오피스텔_전월세,아이비씨 호텔 앤 오피스텔,숭인동,1396,21.62,,1000,66,14,8,2016,신규,26.08~27.08,,,,,
종로구,11110,효제동,202608,오피스텔_전월세,센트럴시티대학로,효제동,167,17.57,,21000,0,10,11,2020,신규,26.09~28.09,,,,,
종로구,11110,내수동,202608,오피스텔_전월세,경희궁의 아침 4단지,내수동,73,56.48,,47000,0,9,8,2004,신규,26.08~27.08,,,,,
종로구,11110,종로5가,202608,오피스텔_전월세,종로5가역 하이뷰더광장,종로5가,138-4,18.97,,23000,0,10,11,2022,갱신,26.08~27.08,22000.0,,,,
종로구,11110,효제동,202608,오피스텔_전월세,BS타워,효제동,193-1,19.83,,17000,0,4,11,2019,신규,26.10~28.09,,,,,
종로구,11110,숭인동,202608,오피스텔_전월세,더 카르페디엠 종로 오피스텔,숭인동,201-25,23.66,,23000,0,5,3,2022,신규,26.09~28.09,,,,,
종로구,11110,숭인동,202608,오피스텔_전월세,한라 운종가,숭인동,1425,40.08,,38800,0,20,4,2022,갱신,26.08~28.08,37000.0,,사용,,
종로구,11110,숭인동,202608,오피스텔_전월세,아폴리움 오피스텔,숭인동,201-7,16.31,,13500,0,7,8,2016,갱신,26.08~28.08,13500.0,,,,
종로구,11110,내수동,202608,오피스텔_전월세,광화문시대,내수동,74,40.26,,28300,0,9,11,2004,신규,26.08~27.08,,,,,
종로구,11110,연지동,202608,오피스텔_전월세,대보213,연지동,74-12,20.2,,250,49,6,10,2024,갱신,26.09~28.12,100.0,49.0,,,
종로구,11110,숭인동,202608,오피스텔_전월세,헤스티아,숭인동,317-48,15.28,,14700,0,13,3,2020,갱신,26.08~28.08,14700.0,,,,
종로구,11110,관수동,202608,오피스텔_전월세,종로 하이뷰 디아트,관수동,98-1,21.44,,5000,84,6,4,2020,신규,26.08~27.08,,,,,
종로구,11110,숭인동,202608,오피스텔_전월세,더 카르페디엠 종로 오피스텔,숭인동,201-25,24.21,,22000,5,9,1,2022,갱신,26.08~28.08,22000.0,,사용,,
종로구,11110,연지동,202608,오피스텔_전월세,더넥스트 종로,연지동,56,18.66,,24300,0,8,6,2022,갱신,26.09~27.09,24300.0,,,,
종로구,11110,내수동,202608,오피스텔_전월세,경희궁의 아침 3단지,내수동,72,37.5,,1000,110,16,3,2004,갱신,26.08~27.08,1000.0,105.0,,,
종로구,11110,연지동,202608,오피스텔_전월세,대보 마로니에시티,연지동,231,19.69,,60,36,13,5,2021,신규,26.08~28.12,,,,,
종로구,11110,숭인동,202608,오피스텔_전월세,우평 원더라움 스투디오,숭인동,313-17,24.68,,1000,97,13,4,2022,신규,26.08~27.08,,,,,
종로구,11110,효제동,202608,오피스텔_전월세,센트럴시티대학로,효제동,167,17.28,,1000,100,9,1,2020,신규,26.08~27.08,,,,,
종로구,11110,연지동,202608,오피스텔_전월세,대보213,연지동,74-12,20.2,,100,49,9,3,2024,신규,26.09~28.12,,,,,
종로구,11110,연지동,202608,오피스텔_전월세,대보213,연지동,74-12,20.2,,100,49,6,3,2024,신규,26.09~28.12,,,,,
종로구,11110,종로5가,202608,오피스텔_전월세,종로5가역 하이뷰더광장,종로5가,138-4,18.97,,1000,102,7,1,2022,신규,26.08~27.08,,,,,
종로구,11110,인의동,202608,오피스텔_전월세,루비온오피스텔,인의동,28-26,18.2,,3470,14,6,3,2021,갱신,26.10~28.09,3465.0,29.0,,,
종로구,11110,숭인동,202608,오피스텔_전월세,한라 운종가,숭인동,1425,43.95,,40000,18,15,3,2022,갱신,26.08~28.08,40000.0,10.0,,,
종로구,11110,숭인동,202608,오피스텔_전월세,동양파라빌,숭인동,1388,54.81,,2000,110,7,3,2005,갱신,26.08~28.08,2000.0,105.0,사용,,
종로구,11110,숭인동,202608,오피스텔_전월세,우평 원더라움 스투디오,숭인동,313-17,24.79,,27000,0,10,3,2022,갱신,26.08~28.08,26700.0,,사용,,
종로구,11110,숭인동,202608,오피스텔_전월세,우평 원더라움 스투디오,숭인동,313-17,24.79,,27000,0,17,1,2022,신규,26.09~28.09,,,,,
종로구,11110,숭인동,202608,오피스텔_전월세,종로 더블유 스퀘어 오피스텔,숭인동,1399,21.79,,100,33,14,3,2023,신규,26.09~28.12,,,,,
종로구,11110,구기동,202608,연립다세대_전월세,현대구기빌라,구기동,130,84.44,,35000,40,2,21,1986,갱신,26.09~28.09,35000.0,,,,
종로구,11110,숭인동,202608,연립다세대_전월세,(181-143),숭인동,181-143,45.84,,1000,60,2,11,1995,신규,26.08~28.08,,,,,
종로구,11110,행촌동,202608,연립다세대_전월세,동일빌라7차,행촌동,5-1,43.1,,10395,0,-1,19,1999,갱신,26.09~28.09,9900.0,,,,
종로구,11110,평창동,202608,연립다세대_전월세,현대,평창동,161-1,173.09,,48000,40,2,21,1983,갱신,26.09~26.10,48000.0,29.0,,,
종로구,11110,신영동,202608,연립다세대_전월세,라비스타,신영동,179-21,54.87,,40900,0,1,3,2018,신규,26.11~28.11,,,,,
종로구,11110,숭인동,202608,연립다세대_전월세,무궁화빌라,숭인동,179-39,35.02,,13000,0,2,21,2004,신규,26.09~28.09,,,,,
종로구,11110,구기동,202608,연립다세대_전월세,건덕빌라(1동),구기동,160-3,136.59,,140000,0,3,20,1986,신규,26.11~28.11,,,,,
종로구,11110,창신동,202608,연립다세대_전월세,(629-25),창신동,629-25,55.42,,300,35,1,19,1993,신규,26.08~28.08,,,,,
종로구,11110,구기동,202608,연립다세대_전월세,상신맨션,구기동,67-1,72.5,,26000,0,3,19,1982,신규,26.10~28.10,,,,,
종로구,11110,연지동,202608,연립다세대_전월세,주함해븐타워(1동),연지동,193-2,17.14,,60,35,6,19,2019,신규,26.08~28.12,,,,,
종로구,11110,이화동,202608,연립다세대_전월세,(28-10),이화동,28-10,15.59,,1000,70,2,7,2014,신규,26.09~27.08,,,,,
종로구,11110,평창동,202608,연립다세대_전월세,동우빌라,평창동,66,79.97,,28500,13,3,14,1996,갱신,26.09~28.09,28500.0,9.0,,,
종로구,11110,혜화동,202608,연립다세대_전월세,승호빌라,혜화동,163-7,40.46,,1000,110,5,15,2003,신규,26.09~28.09,,,,,
종로구,11110,평창동,202608,연립다세대_전월세,해든빌라,평창동,296-7,79.15,,30000,0,2,18,1995,신규,26.09~28.09,,,,,
종로구,11110,명륜3가,202608,연립다세대_전월세,(1-840),명륜3가,1-840,36.93,,500,53,3,14,2001,신규,26.08~28.08,,,,,
종로구,11110,창성동,202608,연립다세대_전월세,씨티하우스2차,창성동,21-1,82.93,,1050,350,2,5,2001,신규,26.08~28.08,,,,,
종로구,11110,평창동,202608,연립다세대_전월세,청기와타운,평창동,33-3,39.53,,23000,0,4,14,1996,신규,26.11~28.11,,,,,
종로구,11110,부암동,202608,연립다세대_전월세,궁전빌라,부암동,284,77.4,,41000,0,3,14,1987,신규,26.11~28.11,,,,,
종로구,11110,동숭동,202608,연립다세대_전월세,(130-7),동숭동,130-7,29.34,,16300,0,2,14,2014,신규,26.10~28.10,,,,,
종로구,11110,숭인동,202608,연립다세대_전월세,(179-86),숭인동,179-86,19.97,,6000,0,-1,15,1997,신규,26.08~28.08,,,,,
종로구,11110,연건동,202608,연립다세대_전월세,(118-9),연건동,118-9,55.98,,1000,51,1,7,1993,신규,26.08~28.02,,,,,
종로구,11110,신교동,202608,연립다세대_전월세,(24-0),신교동,24,51.88,,14175,32,1,12,1997,갱신,26.09~28.09,13500.0,30.0,사용,,
종로구,11110,연건동,202608,연립다세대_전월세,(44-8),연건동,44-8,26.34,,5000,54,2,9,2000,신규,26.08~28.08,,,,,
종로구,11110,신교동,202608,연립다세대_전월세,(24-0),신교동,24,51.88,,14175,32,1,12,1997,갱신,26.09~28.09,13500.0,30.0,사용,,
종로구,11110,신교동,202608,연립다세대_전월세,(24-0),신교동,24,51.88,,14175,32,1,12,1997,갱신,26.09~28.09,13500.0,30.0,사용,,
종로구,11110,연건동,202608,연립다세대_전월세,(40-0),연건동,40,20.31,,500,50,4,12,1997,신규,26.09~28.02,,,,,
종로구,11110,연건동,202608,연립다세대_전월세,(61-4),연건동,61-4,42.07,,13900,30,3,13,1996,갱신,26.09~28.09,12900.0,30.0,,,
종로구,11110,동숭동,202608,연립다세대_전월세,(4-171),동숭동,4-171,34.29,,13480,0,3,13,1999,갱신,26.08~28.08,14550.0,,,,
종로구,11110,숭인동,202608,연립다세대_전월세,우영빌라,숭인동,181-71,52.84,,17000,0,3,13,2000,갱신,26.08~28.08,16000.0,,,,
종로구,11110,홍파동,202608,연립다세대_전월세,광희주택,홍파동,2-34,49.77,,20000,25,3,12,1998,신규,26.08~28.08,,,,,
종로구,11110,혜화동,202608,연립다세대_전월세,드림하이츠,혜화동,6-20,54.63,,25000,0,1,8,1994,갱신,26.09~28.09,24000.0,,사용,,
종로구,11110,숭인동,202608,연립다세대_전월세,다원빌,숭인동,56-37,54.17,,5056,11,4,11,2017,갱신,26.09~28.08,2107.0,27.0,,,
종로구,11110,숭인동,202608,연립다세대_전월세,골든빌,숭인동,66-6,54.44,,22000,40,4,10,2002,신규,26.09~28.09,,,,,
종로구,11110,창신동,202608,연립다세대_전월세,종로웰라이프,창신동,302-1,19.54,,3000,75,6,6,2020,신규,26.08~28.08,,,,,
종로구,11110,명륜3가,202608,연립다세대_전월세,(1-100),명륜3가,1-100,53.76,,500,50,1,7,2002,신규,26.08~28.08,,,,,
종로구,11110,행촌동,202608,연립다세대_전월세,가온빌라,행촌동,210-482,23.29,,17500,0,2,5,2019,신규,26.10~28.10,,,,,
종로구,11110,연건동,202608,연립다세대_전월세,아크로텔,연건동,110-1,41.58,,13870,0,3,8,1998,신규,26.08~28.08,,,,,
종로구,11110,종로6가,202608,연립다세대_전월세,종로센트라노,종로6가,8,27.17,,30000,0,3,9,2026,신규,26.09~28.09,,,,,
종로구,11110,가회동,202608,연립다세대_전월세,가회동빌라,가회동,1-10,243.56,,0,1000,3,5,2002,갱신,26.08~27.08,,1000.0,,,
종로구,11110,창성동,202608,연립다세대_전월세,(87-2),창성동,87-2,65.46,,26000,70,2,8,1995,갱신,26.08~28.08,30000.0,50.0,,,
종로구,11110,숭인동,202608,연립다세대_전월세,현진빌라트,숭인동,181-101,49.68,,20000,30,3,5,2001,신규,26.09~28.09,,,,,
종로구,11110,숭인동,202608,연립다세대_전월세,대은빌라,숭인동,72-162,68.73,,39500,0,1,1,2002,갱신,26.09~28.09,38000.0,,사용,,
종로구,11110,신영동,202608,연립다세대_전월세,삼성중앙빌라,신영동,150-6,79.83,,20000,100,1,7,1987,갱신,26.09~28.09,20000.0,88.0,사용,,
종로구,11110,평창동,202608,연립다세대_전월세,럭키평창빌라,평창동,329-2,84.84,,49500,30,1,7,1986,신규,26.08~28.08,,,,,
종로구,11110,명륜2가,202608,연립다세대_전월세,대보빌라(86-10),명륜2가,86-10,65.52,,4000,130,2,7,1995,신규,26.08~28.08,,,,,
종로구,11110,명륜1가,202608,연립다세대_전월세,칼라하우스A동,명륜1가,78-15,36.27,,3000,80,3,7,1997,신규,26.09~28.09,,,,,
종로구,11110,명륜3가,202608,연립다세대_전월세,(1-947),명륜3가,1-947,52.13,,200,35,4,3,1998,신규,26.08~28.08,,,,,
종로구,11110,동숭동,202608,연립다세대_전월세,(50-84),동숭동,50-84,92.06,,28000,0,-1,6,1991,신규,26.10~28.09,,,,,
종로구,11110,행촌동,202608,연립다세대_전월세,(210-178),행촌동,210-178,39.28,,3000,70,4,6,1994,신규,26.09~28.09,,,,,
종로구,11110,숭인동,202608,연립다세대_전월세,낙산비리치힐B동,숭인동,56-13,71.67,,5000,83,-1,1,2003,신규,26.09~28.09,,,,,
종로구,11110,명륜3가,202608,연립다세대_전월세,(1-902),명륜3가,1-902,49.86,,500,65,2,6,1993,신규,26.08~28.07,,,,,
종로구,11110,내수동,202608,연립다세대_전월세,경희궁빌,내수동,110-18,90.68,,40000,95,3,6,1995,신규,26.09~28.09,,,,,
종로구,11110,숭인동,202608,연립다세대_전월세,(542-0),숭인동,542,35.38,,13000,15,3,4,2002,신규,26.09~28.09,,,,,
종로구,11110,구기동,202608,연립다세대_전월세,상신맨션,구기동,67-1,78.63,,25000,0,3,5,1982,신규,26.10~28.10,,,,,
종로구,11110,명륜3가,202608,연립다세대_전월세,(1-100),명륜3가,1-100,39.26,,500,60,1,3,2002,신규,26.08~28.08,,,,,
종로구,11110,명륜1가,202608,연립다세대_전월세,(5-25),명륜1가,5-25,26.12,,500,60,-1,5,1995,신규,26.08~28.08,,,,,
종로구,11110,평창동,202608,연립다세대_전월세,청기와타운,평창동,33-3,39.53,,26000,0,4,4,1996,신규,26.11~28.11,,,,,
종로구,11110,명륜1가,202608,연립다세대_전월세,진양빌라,명륜1가,2-19,68.87,,27000,65,1,3,2003,신규,26.11~28.11,,,,,
종로구,11110,명륜2가,202608,연립다세대_전월세,어젤리아명륜2,명륜2가,8,29.1315,,1000,78,5,3,2019,신규,26.08~27.08,,,,,
종로구,11110,홍지동,202608,연립다세대_전월세,홍지연립,홍지동,35-3,59.37,,18000,23,1,4,1979,신규,26.09~28.09,,,,,
종로구,11110,사직동,202608,연립다세대_전월세,대청주택,사직동,286,59.73,,21500,0,1,2,2001,갱신,26.08~28.08,21000.0,,,,
종로구,11110,평창동,202608,연립다세대_전월세,예그린,평창동,168-4,45.75,,5000,35,3,3,2001,신규,26.09~28.09,,,,,
종로구,11110,원서동,202608,연립다세대_전월세,인정빌라,원서동,135-21,48.77,,3400,70,1,1,1998,신규,26.08~28.08,,,,,
종로구,11110,홍파동,202608,아파트_전월세,경희궁자이(2단지),홍파동,199,84.614,,130000,0,5,21,2017,신규,26.10~28.10,,,,,
종로구,11110,사직동,202608,아파트_전월세,광화문스페이스본(101동~105동),사직동,9,131.44,,160000,0,12,18,2008,갱신,26.10~28.10,155000.0,,사용,,
종로구,11110,창신동,202608,아파트_전월세,창신쌍용1,창신동,702,79.87,,47000,0,7,21,1992,갱신,26.11~28.11,45000.0,,사용,,
종로구,11110,숭인동,202608,아파트_전월세,COZY빌딩,숭인동,317-39,15.306,,1000,60,6,20,2013,신규,26.08~27.08,,,,,
종로구,11110,숭인동,202608,아파트_전월세,종로중흥S클래스,숭인동,202-3,19.466,,525,63,5,19,2013,신규,26.09~27.09,,,,,
종로구,11110,효제동,202608,아파트_전월세,이지마루종로,효제동,126-2,26.64,,1000,157,10,18,2021,갱신,26.08~27.08,1000.0,150.0,,,
종로구,11110,숭인동,202608,아파트_전월세,종로중흥S클래스,숭인동,202-3,19.466,,1000,68,16,14,2013,갱신,26.08~27.08,1000.0,65.0,,,
종로구,11110,무악동,202608,아파트_전월세,현대,무악동,82,60,,6000,200,5,19,2000,신규,26.08~28.08,,,,,
종로구,11110,창신동,202608,아파트_전월세,두산,창신동,232,59.95,,52500,0,3,17,1999,갱신,26.09~28.09,50000.0,,사용,,
종로구,11110,숭인동,202608,아파트_전월세,맹그로브숭인,숭인동,56-53,72.64,,300,64,3,3,2020,신규,26.08~27.02,,,,,
종로구,11110,평동,202608,아파트_전월세,경희궁자이(3단지),평동,233,84.614,,120000,0,3,18,2017,신규,26.09~28.09,,,,,
종로구,11110,숭인동,202608,아파트_전월세,종로청계힐스테이트,숭인동,766,59.9426,,46000,0,1,4,2009,갱신,26.10~28.10,43900.0,,사용,,
종로구,11110,창신동,202608,아파트_전월세,창신쌍용2,창신동,703,64.66,,39900,0,12,17,1993,신규,26.08~28.08,,,,,
종로구,11110,충신동,202608,아파트_전월세,힐스테이트창경궁,충신동,60,84.97,,5000,380,13,15,2022,갱신,26.10~29.04,5000.0,370.0,사용,,
종로구,11110,홍파동,202608,아파트_전월세,경희궁자이(2단지),홍파동,199,84.9895,,110000,60,3,8,2017,신규,26.10~28.10,,,,,
종로구,11110,평동,202608,아파트_전월세,경희궁자이(3단지),평동,233,84.614,,50000,280,18,14,2017,신규,26.08~28.08,,,,,
종로구,11110,신문로2가,202608,아파트_전월세,디팰리스,신문로2가,171,148.111,,280000,0,10,11,2020,신규,26.09~30.09,,,,,
종로구,11110,숭인동,202608,아파트_전월세,종로센트레빌,숭인동,2-1,114.67,,80000,0,9,6,2008,신규,26.09~28.09,,,,,
종로구,11110,익선동,202608,아파트_전월세,운현신화타워,익선동,30-6,57.18,,3000,140,10,3,1998,신규,26.08~27.08,,,,,
종로구,11110,사직동,202608,아파트_전월세,광화문스페이스본(101동~105동),사직동,9,94.51,,40000,240,3,13,2008,신규,26.11~28.11,,,,,
종로구,11110,신영동,202608,아파트_전월세,대아파크빌,신영동,254,59.22,,4000,130,4,8,1998,갱신,26.08~28.08,4000.0,110.0,,,
종로구,11110,숭인동,202608,아파트_전월세,청계로벤하임,숭인동,240-1,34.791,,25610,2,13,12,2023,신규,26.09~28.09,,,,,
종로구,11110,숭인동,202608,아파트_전월세,삼전솔하임4차,숭인동,318-2,15.09,,1000,55,16,4,2014,신규,26.08~27.08,,,,,
종로구,11110,숭인동,202608,아파트_전월세,청계로벤하임,숭인동,240-1,30.96,,13400,50,7,12,2023,신규,26.09~28.09,,,,,
종로구,11110,평동,202608,아파트_전월세,경희궁자이(3단지),평동,233,84.614,,110000,0,3,11,2017,신규,26.10~28.10,,,,,
종로구,11110,창신동,202608,아파트_전월세,창신쌍용1,창신동,702,79.87,,50000,35,12,11,1992,갱신,26.08~28.08,50000.0,,,,
종로구,11110,숭인동,202608,아파트_전월세,삼전솔하임4차,숭인동,318-2,15.09,,1000,65,16,5,2014,갱신,26.09~27.09,1000.0,65.0,사용,,
종로구,11110,교북동,202608,아파트_전월세,동아,교북동,101,84.28,,44000,45,11,8,1995,갱신,26.08~28.08,44000.0,35.0,사용,,
종로구,11110,창신동,202608,아파트_전월세,창신쌍용2,창신동,703,115.53,,20000,210,3,6,1993,신규,26.12~28.12,,,,,
종로구,11110,명륜3가,202608,아파트_전월세,(1-102),명륜3가,1-102,70.05,,8000,40,1,8,1997,신규,26.09~28.09,,,,,
종로구,11110,창신동,202608,아파트_전월세,두산,창신동,232,84.9,,65000,0,12,9,1999,갱신,26.08~28.08,56700.0,,,,
종로구,11110,홍파동,202608,아파트_전월세,경희궁자이(2단지),홍파동,199,59.895,,114000,0,15,9,2017,신규,26.11~28.11,,,,,
종로구,11110,숭인동,202608,아파트_전월세,종로센트레빌,숭인동,2-1,59.92,,28000,46,2,8,2008,신규,26.08~28.08,,,,,
종로구,11110,내수동,202608,아파트_전월세,경희궁의아침4단지,내수동,73,124.17,,115000,50,13,6,2004,신규,26.08~27.02,,,,,
종로구,11110,숭인동,202608,아파트_전월세,종로센트레빌,숭인동,2-1,114.67,,80000,0,9,6,2008,신규,26.09~28.09,,,,,
종로구,11110,평동,202608,아파트_전월세,경희궁자이(3단지),평동,233,84.8359,,130000,0,5,1,2017,갱신,26.10~29.02,123900.0,,,,
종로구,11110,창신동,202608,아파트_전월세,창신쌍용2,창신동,703,79.87,,45000,0,14,5,1993,갱신,26.08~28.08,43000.0,,사용,,
종로구,11110,익선동,202608,아파트_전월세,현대뜨레비앙,익선동,55,48.54,,26000,40,7,4,2003,신규,26.08~27.08,,,,,
종로구,11110,충신동,202608,아파트_전월세,힐스테이트창경궁,충신동,60,76.82,,44000,180,14,1,2022,갱신,26.11~28.11,40000.0,180.0,,,
종로구,11110,교북동,202608,아파트_전월세,경희궁자이(4단지),교북동,126,45.879,,14269,166,13,1,2017,갱신,26.09~27.09,11593.0,166.0,,,
종로구,11110,교북동,202608,아파트_전월세,경희궁자이(4단지),교북동,126,37.2635,,5000,200,13,1,2017,갱신,26.08~28.08,5000.0,190.0,사용,,
종로구,11110,창신동,202608,아파트_전월세,창신쌍용1,창신동,702,79.87,,58000,0,4,1,1992,신규,26.10~28.10,,,,,
종로구,11110,창신동,202608,아파트_전월세,창신쌍용1,창신동,702,79.87,,37000,0,4,3,1992,신규,26.10~28.10,,,,,
종로구,11110,익선동,202608,아파트_전월세,현대뜨레비앙,익선동,55,46.64,,30000,0,4,1,2003,갱신,26.09~28.09,27300.0,,,,
종로구,11110,종로1가,202608,오피스텔_매매,르메이에르종로타운1,종로1가,24,36.23,29000,,,18,4,2007,,,,,,직거래,
종로구,11110,내수동,202608,오피스텔_매매,용비어천가,내수동,75,41.68,33600,,,18,7,2004,,,,,,중개거래,
종로구,11110,숭인동,202608,오피스텔_매매,종로 아인스빌,숭인동,1392-1,17.88,9100,,,2,16,2013,,,,,,중개거래,
종로구,11110,숭인동,202608,오피스텔_매매,동양파라빌,숭인동,1388,27.09,12100,,,7,18,2005,,,,,,중개거래,
종로구,11110,사직동,202608,오피스텔_매매,광화문 스페이스본,사직동,9,39.54,43700,,,2,11,2008,,,,,,중개거래,
종로구,11110,내수동,202608,오피스텔_매매,경희궁의 아침 4단지,내수동,73,56.48,55000,,,11,7,2004,,,,,,중개거래,
종로구,11110,사직동,202608,오피스텔_매매,광화문 스페이스본,사직동,9,39.54,43700,,,2,11,2008,,,,,,중개거래,O
종로구,11110,경운동,202608,오피스텔_매매,운현궁 에스케이 허브,경운동,89-4,54.77,54900,,,7,5,2005,,,,,,중개거래,
종로구,11110,필운동,202608,오피스텔_매매,파크뷰타워,필운동,285-5,24.3,16000,,,3,4,1998,,,,,,중개거래,
종로구,11110,원남동,202608,오피스텔_매매,코윈 팔레스뷰 오피스텔,원남동,95,32.8,27200,,,6,10,2003,,,,,,중개거래,
종로구,11110,연지동,202608,오피스텔_매매,아르젠종로,연지동,163-3,15.76,16000,,,7,11,2015,,,,,,직거래,
종로구,11110,효제동,202608,오피스텔_매매,반도 보라 아이비 타워,효제동,45,30.7,20000,,,6,10,2003,,,,,,중개거래,
종로구,11110,적선동,202608,오피스텔_매매,광화문 플래티넘,적선동,156,32.443,24900,,,8,5,2003,,,,,,중개거래,
종로구,11110,숭인동,202608,오피스텔_매매,롯데캐슬 천지인,숭인동,76,39.6,28000,,,15,3,2004,,,,,,중개거래,
종로구,11110,평창동,202608,연립다세대_매매,요진쉐레이빌라,평창동,344-1,230.88,158000,,,1,7,1992,,,,,,중개거래,
종로구,11110,창신동,202608,연립다세대_매매,(629-8),창신동,629-8,43.64,29000,,,1,11,1996,,,,,,중개거래,
종로구,11110,누상동,202608,연립다세대_매매,신원아트빌,누상동,166-7,58.51,52500,,,3,7,2013,,,,,,중개거래,
종로구,11110,부암동,202608,연립다세대_매매,이안휴빌,부암동,129-27,51.86,48000,,,1,1,2020,,,,,,중개거래,
종로구,11110,창신동,202608,연립다세대_매매,동보타운A,창신동,125,68.04,67000,,,2,1,2002,,,,,,중개거래,
종로구,11110,사직동,202608,아파트_매매,광화문스페이스본(101동~105동),사직동,9,108.55,163000,,,14,13,2008,,,,,,직거래,
종로구,11110,창신동,202608,아파트_매매,창신쌍용2,창신동,703,115.53,105000,,,7,8,1993,,,,,,중개거래,
종로구,11110,인의동,202608,아파트_매매,효성쥬얼리시티,인의동,48-2,98.39,130000,,,18,11,2006,,,,,,중개거래,
종로구,11110,창신동,202608,아파트_매매,창신쌍용2,창신동,703,54.7,74500,,,1,1,1993,,,,,,중개거래,
종로구,11110,숭인동,202607,오피스텔_전월세,숭인한성아펠시티,숭인동,1368,22.28,,27000,0,11,20,2021,신규,26.08~28.08,,,,,
종로구,11110,숭인동,202607,오피스텔_전월세,리마크빌 종로,숭인동,200-16,27.39,,1000,158,15,1,2026,신규,26.08~28.08,,,,,
종로구,11110,내수동,202607,오피스텔_전월세,용비어천가,내수동,75,37.56,,26000,0,10,11,2004,신규,26.08~28.08,,,,,
종로구,11110,효제동,202607,오피스텔_전월세,반도 보라 아이비 타워,효제동,45,26.58,,1000,80,11,1,2003,신규,26.08~28.08,,,,,
종로구,11110,숭인동,202607,오피스텔_전월세,리마크빌 종로,숭인동,200-16,23.55,,1000,135,14,13,2026,신규,26.08~27.08,,,,,
종로구,11110,숭인동,202607,오피스텔_전월세,리마크빌 종로,숭인동,200-16,23.55,,1000,127,13,4,2026,신규,26.08~28.08,,,,,
종로구,11110,숭인동,202607,오피스텔_전월세,리마크빌 종로,숭인동,200-16,23.55,,1000,135,13,28,2026,신규,26.08~27.08,,,,,
종로구,11110,숭인동,202607,오피스텔_전월세,리마크빌 종로,숭인동,200-16,23.55,,1000,127,11,11,2026,신규,26.08~27.08,,,,,
종로구,11110,연지동,202607,오피스텔_전월세,더넥스트 종로,연지동,56,18.66,,23100,0,4,28,2022,신규,26.09~28.09,,,,,
종로구,11110,숭인동,202607,오피스텔_전월세,리마크빌 종로,숭인동,200-16,23.55,,1000,127,14,4,2026,신규,26.08~27.08,,,,,
종로구,11110,숭인동,202607,오피스텔_전월세,리마크빌 종로,숭인동,200-16,23.55,,1000,127,12,11,2026,신규,26.08~27.08,,,,,
종로구,11110,숭인동,202607,오피스텔_전월세,리마크빌 종로,숭인동,200-16,23.55,,1000,135,15,1,2026,신규,26.08~28.08,,,,,
종로구,11110,숭인동,202607,오피스텔_전월세,리마크빌 종로,숭인동,200-16,23.55,,1000,127,14,11,2026,신규,26.08~27.08,,,,,
종로구,11110,내수동,202607,오피스텔_전월세,경희궁의 아침 2단지,내수동,71,32.43,,1000,100,4,25,2004,신규,26.08~28.08,,,,,
종로구,11110,숭인동,202607,오피스텔_전월세,경일오피스텔,숭인동,1367,31.09,,1000,90,12,21,2005,신규,26.08~27.08,,,,,
종로구,11110,숭인동,202607,오피스텔_전월세,리마크빌 종로,숭인동,200-16,23.55,,1000,135,13,30,2026,신규,26.08~27.08,,,,,
종로구,11110,숭인동,202607,오피스텔_전월세,리마크빌 종로,숭인동,200-16,23.55,,1000,135,10,31,2026,신규,26.08~27.08,,,,,
종로구,11110,숭인동,202607,오피스텔_전월세,아폴리움 오피스텔,숭인동,201-7,15.2,,1000,65,13,31,2016,신규,26.08~27.07,,,,,
종로구,11110,숭인동,202607,오피스텔_전월세,아폴리움 오피스텔,숭인동,201-7,16.31,,1000,70,11,29,2016,신규,26.08~27.08,,,,,
종로구,11110,원남동,202607,오피스텔_전월세,휴스턴오피스텔 창경궁,원남동,66-60,20.03,,1000,105,3,15,2023,신규,26.07~27.07,,,,,
종로구,11110,내수동,202607,오피스텔_전월세,용비어천가,내수동,75,34.45,,1000,105,6,16,2004,신규,26.08~27.08,,,,,
종로구,11110,원남동,202607,오피스텔_전월세,코윈 팔레스뷰 오피스텔,원남동,95,24.03,,1000,85,11,16,2003,신규,26.08~28.08,,,,,
종로구,11110,창신동,202607,오피스텔_전월세,종로 웰라이프,창신동,302-1,24.2,,17000,0,1,30,2020,갱신,26.09~28.09,17000.0,,,,
종로구,11110,내수동,202607,오피스텔_전월세,용비어천가,내수동,75,37.56,,1000,105,9,21,2004,신규,26.08~27.08,,,,,
종로구,11110,숭인동,202607,오피스텔_전월세,한라 운종가,숭인동,1425,21.14,,1000,110,16,14,2022,신규,26.08~27.08,,,,,
종로구,11110,숭인동,202607,오피스텔_전월세,아이비씨 호텔 앤 오피스텔,숭인동,1396,23.24,,1000,66,17,7,2016,신규,26.07~27.07,,,,,
종로구,11110,창신동,202607,오피스텔_전월세,(255-1),창신동,255-1,15.59,,18900,5,7,28,2021,신규,26.08~28.08,,,,,
종로구,11110,내수동,202607,오피스텔_전월세,용비어천가,내수동,75,37.56,,3000,120,15,1,2004,신규,26.08~28.08,,,,,
종로구,11110,내수동,202607,오피스텔_전월세,광화문시대,내수동,74,34.9,,25000,0,5,13,2004,신규,26.09~28.09,,,,,
종로구,11110,연지동,202607,오피스텔_전월세,대보 마로니에시티,연지동,231,25.07,,60,45,12,20,2021,신규,26.07~28.09,,,,,
종로구,11110,숭인동,202607,오피스텔_전월세,경일오피스텔,숭인동,1367,20.14,,2000,65,4,28,2005,신규,26.08~27.08,,,,,
종로구,11110,숭인동,202607,오피스텔_전월세,우평 원더라움 스투디오,숭인동,313-17,29.97,,3000,140,5,20,2022,신규,26.08~27.08,,,,,
종로구,11110,원남동,202607,오피스텔_전월세,휴스턴오피스텔 창경궁 C,원남동,66-6,21.11,,500,95,9,7,2022,신규,26.07~27.07,,,,,
종로구,11110,숭인동,202607,오피스텔_전월세,롯데캐슬 천지인,숭인동,76,39.6,,1000,90,16,29,2004,신규,26.08~27.08,,,,,
종로구,11110,숭인동,202607,오피스텔_전월세,종로대우디오빌,숭인동,310,29.65,,1000,75,7,16,2004,신규,26.08~28.08,,,,,
종로구,11110,효제동,202607,오피스텔_전월세,BS타워,효제동,193-1,26.07,,1000,105,6,7,2019,신규,26.07~27.07,,,,,
종로구,11110,내수동,202607,오피스텔_전월세,경희궁의 아침 3단지,내수동,72,37.5,,26000,0,5,23,2004,신규,26.09~28.09,,,,,
종로구,11110,숭인동,202607,오피스텔_전월세,헤스티아,숭인동,317-48,15.47,,1000,70,4,31,2020,신규,26.08~27.08,,,,,
종로구,11110,부암동,202607,오피스텔_전월세,타임730오피스텔,부암동,129-8,31.27,,1500,60,5,10,2002,신규,26.07~28.07,,,,,
종로구,11110,숭인동,202607,오피스텔_전월세,경일오피스텔,숭인동,1367,18.82,,1000,70,10,15,2005,신규,26.07~27.07,,,,,
종로구,11110,숭인동,202607,오피스텔_전월세,경일오피스텔,숭인동,1367,25.68,,1000,64,12,16,2005,갱신,26.07~27.07,1000.0,61.0,,,
종로구,11110,숭인동,202607,오피스텔_전월세,경일오피스텔,숭인동,1367,22.42,,3000,55,13,31,2005,갱신,26.08~27.08,3000.0,53.0,,,
종로구,11110,숭인동,202607,오피스텔_전월세,경일오피스텔,숭인동,1367,25.68,,1000,70,6,31,2005,갱신,26.08~27.08,1000.0,67.0,,,
종로구,11110,숭인동,202607,오피스텔_전월세,경일오피스텔,숭인동,1367,18.82,,3000,50,3,29,2005,갱신,26.08~27.08,3000.0,48.0,,,
종로구,11110,종로5가,202607,오피스텔_전월세,종로5가역 하이뷰더광장,종로5가,138-4,18.97,,8000,65,12,31,2022,신규,26.08~28.08,,,,,
종로구,11110,숭인동,202607,오피스텔_전월세,경일오피스텔,숭인동,1367,25.68,,1000,70,10,10,2005,갱신,26.08~27.08,1000.0,67.0,,,
종로구,11110,숭인동,202607,오피스텔_전월세,경일오피스텔,숭인동,1367,18.82,,3000,42,5,18,2005,갱신,26.08~27.07,3000.0,40.0,,,
종로구,11110,숭인동,202607,오피스텔_전월세,경일오피스텔,숭인동,1367,18.82,,1000,60,5,14,2005,갱신,26.08~27.07,1000.0,58.0,,,
종로구,11110,내수동,202607,오피스텔_전월세,용비어천가,내수동,75,37.56,,1000,110,5,16,2004,신규,26.08~27.08,,,,,
종로구,11110,숭인동,202607,오피스텔_전월세,더 카르페디엠 종로 오피스텔,숭인동,201-25,24.04,,3000,78,2,25,2022,갱신,26.07~27.07,3000.0,70.0,사용,,
종로구,11110,내수동,202607,오피스텔_전월세,경희궁의 아침 2단지,내수동,71,32.43,,1000,100,11,16,2004,신규,26.08~27.08,,,,,
종로구,11110,숭인동,202607,오피스텔_전월세,리마크빌 종로,숭인동,200-16,35.84,,2000,190,10,2,2026,신규,26.08~28.08,,,,,
종로구,11110,내수동,202607,오피스텔_전월세,용비어천가,내수동,75,37.56,,1000,115,7,20,2004,신규,26.08~27.08,,,,,
종로구,11110,숭인동,202607,오피스텔_전월세,롯데캐슬 천지인,숭인동,76,39.6,,1000,100,24,13,2004,신규,26.08~27.08,,,,,
종로구,11110,숭인동,202607,오피스텔_전월세,더 카르페디엠 종로 오피스텔,숭인동,201-25,24.21,,2000,91,16,4,2022,신규,26.08~27.08,,,,,
종로구,11110,숭인동,202607,오피스텔_전월세,한라 운종가,숭인동,1425,21.53,,21000,0,13,29,2022,신규,26.08~28.08,,,,,
종로구,11110,숭인동,202607,오피스텔_전월세,수석컴비즈텔,숭인동,55-6,47.13,,12000,40,6,9,2002,신규,26.07~27.07,,,,,
종로구,11110,숭인동,202607,오피스텔_전월세,경일오피스텔,숭인동,1367,22.97,,1000,66,14,16,2005,갱신,26.07~27.07,1000.0,63.0,,,
종로구,11110,창신동,202607,오피스텔_전월세,화인비스타 비,창신동,278,29.12,,100,44,2,20,2024,신규,26.07~26.09,,,,,
종로구,11110,숭인동,202607,오피스텔_전월세,아이비씨 호텔 앤 오피스텔,숭인동,1396,21.59,,1000,66,12,31,2016,갱신,26.08~27.08,1000.0,66.0,,,
종로구,11110,연지동,202607,오피스텔_전월세,로얄파크뷰,연지동,238-5,37.31,,2000,140,5,2,2019,신규,26.07~27.07,,,,,
종로구,11110,숭인동,202607,오피스텔_전월세,리마크빌 종로,숭인동,200-16,23.55,,1000,135,13,28,2026,신규,26.09~28.09,,,,,
종로구,11110,사직동,202607,오피스텔_전월세,광화문 스페이스본,사직동,9,39.54,,1000,135,2,11,2008,신규,26.07~27.07,,,,,
종로구,11110,종로5가,202607,오피스텔_전월세,종로5가역 하이뷰더광장,종로5가,138-4,18.97,,24200,0,5,31,2022,갱신,26.08~27.08,23100.0,,,,
종로구,11110,교북동,202607,오피스텔_전월세,경희궁자이,교북동,126,25.66,,1000,105,5,24,2017,갱신,26.09~28.09,1000.0,100.0,사용,,
종로구,11110,숭인동,202607,오피스텔_전월세,수석컴비즈텔,숭인동,55-6,26.31,,3000,50,6,11,2002,신규,26.07~27.07,,,,,
종로구,11110,숭인동,202607,오피스텔_전월세,한라 운종가,숭인동,1425,22.55,,21000,0,6,30,2022,갱신,26.09~28.08,20000.0,,,,
종로구,11110,교북동,202607,오피스텔_전월세,경희궁자이,교북동,126,25.91,,3000,110,4,30,2017,신규,26.10~28.10,,,,,
종로구,11110,숭인동,202607,오피스텔_전월세,한라 운종가,숭인동,1425,21.14,,1000,100,12,4,2022,신규,26.08~27.08,,,,,
종로구,11110,숭인동,202607,오피스텔_전월세,한라 운종가,숭인동,1425,21.14,,8000,70,11,12,2022,신규,26.07~27.07,,,,,
종로구,11110,효제동,202607,오피스텔_전월세,BS타워,효제동,193-1,19.83,,1000,85,8,13,2019,신규,26.08~27.08,,,,,
종로구,11110,숭인동,202607,오피스텔_전월세,롯데캐슬 천지인,숭인동,76,39.6,,1000,90,19,17,2004,신규,26.07~28.07,,,,,
종로구,11110,숭인동,202607,오피스텔_전월세,삼전솔하임4차,숭인동,318-2,19.17,,3000,55,6,30,2014,신규,26.08~28.08,,,,,
종로구,11110,내수동,202607,오피스텔_전월세,용비어천가,내수동,75,37.12,,1000,110,2,13,2004,신규,26.09~27.09,,,,,
종로구,11110,내수동,202607,오피스텔_전월세,용비어천가,내수동,75,37.56,,25000,0,12,30,2004,갱신,26.08~28.08,23000.0,,,,
종로구,11110,숭인동,202607,오피스텔_전월세,아이비씨 호텔 앤 오피스텔,숭인동,1396,21.45,,1000,66,14,13,2016,신규,26.07~27.07,,,,,
종로구,11110,숭인동,202607,오피스텔_전월세,(317-29),숭인동,317-29,24.47,,1000,105,4,23,2020,신규,26.09~27.08,,,,,
종로구,11110,숭인동,202607,오피스텔_전월세,경일오피스텔,숭인동,1367,31.09,,300,110,6,24,2005,신규,26.07~26.09,,,,,
종로구,11110,연지동,202607,오피스텔_전월세,더넥스트 종로,연지동,56,18.66,,24700,0,11,29,2022,갱신,26.10~28.10,23600.0,,,,
종로구,11110,숭인동,202607,오피스텔_전월세,한라 운종가,숭인동,1425,19.65,,20000,0,21,28,2022,신규,26.08~28.08,,,,,
종로구,11110,내수동,202607,오피스텔_전월세,경희궁의 아침 4단지,내수동,73,28.24,,1000,90,14,15,2004,신규,26.07~27.07,,,,,
종로구,11110,숭인동,202607,오피스텔_전월세,아이비씨 호텔 앤 오피스텔,숭인동,1396,21.59,,1000,66,7,23,2016,갱신,26.08~27.08,1000.0,66.0,,,
종로구,11110,숭인동,202607,오피스텔_전월세,동양파라빌,숭인동,1388,27.09,,1000,70,13,3,2005,신규,26.07~27.04,,,,,
종로구,11110,내수동,202607,오피스텔_전월세,광화문시대,내수동,74,32.01,,1000,103,5,25,2004,갱신,26.08~27.08,1000.0,100.0,사용,,
종로구,11110,숭인동,202607,오피스텔_전월세,서도휴파크,숭인동,178-100,19.52,,200,37,10,27,2022,갱신,26.08~28.07,200.0,37.0,,,
종로구,11110,효제동,202607,오피스텔_전월세,센트럴시티대학로,효제동,167,17.57,,1000,81,6,1,2020,신규,26.07~27.07,,,,,
종로구,11110,숭인동,202607,오피스텔_전월세,동양파라빌,숭인동,1388,24.93,,1000,65,3,2,2005,신규,26.07~27.07,,,,,
종로구,11110,숭인동,202607,오피스텔_전월세,동양파라빌,숭인동,1388,27.09,,1000,70,2,1,2005,신규,26.08~27.08,,,,,
종로구,11110,숭인동,202607,오피스텔_전월세,에비뉴 청계Ⅱ,숭인동,1420,36.7,,3000,160,7,3,2025,신규,26.07~27.07,,,,,
종로구,11110,숭인동,202607,오피스텔_전월세,한라 운종가,숭인동,1425,21.14,,20000,15,4,24,2022,갱신,26.08~28.07,20000.0,10.0,,,
종로구,11110,숭인동,202607,오피스텔_전월세,삼전솔하임2차,숭인동,296-19,19.18,,1000,63,2,23,2012,갱신,26.08~27.08,1000.0,60.0,,,
종로구,11110,종로5가,202607,오피스텔_전월세,종로5가역 하이뷰더광장,종로5가,138-4,18.97,,24500,0,13,15,2022,갱신,26.07~28.07,24000.0,,,,
종로구,11110,숭인동,202607,오피스텔_전월세,경일오피스텔,숭인동,1367,22.55,,3000,55,14,19,2005,갱신,26.07~27.07,1000.0,60.0,,,
종로구,11110,숭인동,202607,오피스텔_전월세,한라 운종가,숭인동,1425,21.14,,20000,14,4,8,2022,갱신,26.08~27.08,20000.0,10.0,,,
종로구,11110,내수동,202607,오피스텔_전월세,광화문시대,내수동,74,34.9,,25000,0,2,11,2004,신규,26.09~28.09,,,,,
종로구,11110,내수동,202607,오피스텔_전월세,광화문시대,내수동,74,34.9,,25000,0,6,23,2004,갱신,26.07~27.07,25000.0,,,,
종로구,11110,창신동,202607,오피스텔_전월세,(255-1),창신동,255-1,19.34,,22000,0,11,14,2021,신규,26.09~28.09,,,,,
종로구,11110,숭인동,202607,오피스텔_전월세,아폴리움 오피스텔,숭인동,201-7,15.2,,500,67,10,13,2016,신규,26.07~27.07,,,,,
종로구,11110,숭인동,202607,오피스텔_전월세,롯데캐슬 천지인,숭인동,76,39.6,,24000,0,3,9,2004,신규,26.09~28.09,,,,,
종로구,11110,숭인동,202607,오피스텔_전월세,(317-29),숭인동,317-29,19.96,,21500,0,9,19,2020,신규,26.08~28.08,,,,,
종로구,11110,연지동,202607,오피스텔_전월세,주함해븐타워 3동,연지동,111,20.19,,60,37,5,20,2019,신규,26.07~28.09,,,,,
종로구,11110,원남동,202607,오피스텔_전월세,휴스턴오피스텔 창경궁 C,원남동,66-6,21.99,,1000,110,9,13,2022,신규,26.07~27.07,,,,,
종로구,11110,숭인동,202607,오피스텔_전월세,한라 운종가,숭인동,1425,22.55,,21500,0,8,16,2022,신규,26.08~28.08,,,,,
종로구,11110,종로5가,202607,오피스텔_전월세,종로5가역 하이뷰더광장,종로5가,138-4,18.97,,5000,75,16,15,2022,신규,26.07~27.07,,,,,
종로구,11110,연지동,202607,오피스텔_전월세,대보213,연지동,74-12,20.2,,100,50,13,20,2024,신규,26.08~28.12,,,,,
종로구,11110,숭인동,202607,오피스텔_전월세,블루카운티 숭인Ⅰ,숭인동,217-16,26.97,,23500,0,5,20,2020,신규,26.07~28.07,,,,,
종로구,11110,연지동,202607,오피스텔_전월세,대보213,연지동,74-12,20.2,,100,50,13,20,2024,신규,26.08~28.12,,,,,
종로구,11110,원남동,202607,오피스텔_전월세,영스테이,원남동,66-17,29.23,,100,60,4,20,2024,신규,26.07~28.09,,,,,
종로구,11110,숭인동,202607,오피스텔_전월세,종로 더블유 스퀘어 오피스텔,숭인동,1399,20.49,,100,31,15,20,2023,신규,26.08~28.12,,,,,
종로구,11110,홍지동,202607,오피스텔_전월세,세검정아트오피스텔,홍지동,104-21,43.35,,10000,20,2,15,2005,신규,26.08~28.08,,,,,
종로구,11110,연지동,202607,오피스텔_전월세,대보213,연지동,74-12,20.2,,100,49,6,20,2024,신규,26.08~28.12,,,,,
종로구,11110,연지동,202607,오피스텔_전월세,대보213,연지동,74-12,20.2,,100,49,7,20,2024,신규,26.08~28.12,,,,,
종로구,11110,연지동,202607,오피스텔_전월세,대보213,연지동,74-12,21.05,,100,51,8,20,2024,신규,26.08~28.12,,,,,
종로구,11110,숭인동,202607,오피스텔_전월세,종로 더블유 스퀘어 오피스텔,숭인동,1399,25.38,,100,35,2,20,2023,신규,26.08~28.12,,,,,
종로구,11110,원남동,202607,오피스텔_전월세,영스테이,원남동,66-17,29.98,,100,62,3,20,2024,신규,26.07~28.09,,,,,
종로구,11110,원남동,202607,오피스텔_전월세,영스테이,원남동,66-17,27.96,,100,61,8,20,2024,신규,26.07~28.09,,,,,
종로구,11110,숭인동,202607,오피스텔_전월세,종로 더블유 스퀘어 오피스텔,숭인동,1399,23.94,,100,34,4,20,2023,신규,26.08~28.12,,,,,
종로구,11110,연지동,202607,오피스텔_전월세,주함해븐타워 3동,연지동,111,22.37,,60,43,5,20,2019,신규,26.07~28.09,,,,,
종로구,11110,숭인동,202607,오피스텔_전월세,종로 더블유 스퀘어 오피스텔,숭인동,1399,20.49,,100,30,8,20,2023,신규,26.08~28.12,,,,,
종로구,11110,연지동,202607,오피스텔_전월세,대보 마로니에시티,연지동,231,21.41,,60,39,9,20,2021,신규,26.07~28.09,,,,,
종로구,11110,연지동,202607,오피스텔_전월세,대보 마로니에시티,연지동,231,21.41,,60,39,13,20,2021,신규,26.07~28.09,,,,,
종로구,11110,숭인동,202607,오피스텔_전월세,삼전솔하임2차,숭인동,296-19,18.87,,1000,60,2,8,2012,신규,26.07~27.07,,,,,
종로구,11110,숭인동,202607,오피스텔_전월세,블루카운티 숭인Ⅰ,숭인동,217-16,26.73,,24000,0,5,20,2020,신규,26.09~28.09,,,,,
종로구,11110,숭인동,202607,오피스텔_전월세,종로 더블유 스퀘어 오피스텔,숭인동,1399,28.91,,100,42,7,20,2023,신규,26.08~28.12,,,,,
종로구,11110,숭인동,202607,오피스텔_전월세,서도휴파크,숭인동,178-100,17.92,,6806,6,6,20,2022,갱신,26.08~28.07,2748.0,28.0,,,
종로구,11110,종로5가,202607,오피스텔_전월세,종로5가역 하이뷰더광장,종로5가,138-4,18.97,,22050,0,7,14,2022,갱신,26.09~28.09,21000.0,,,,
종로구,11110,효제동,202607,오피스텔_전월세,BS타워,효제동,193-1,19.83,,16500,0,5,15,2019,신규,26.10~28.09,,,,,
종로구,11110,숭인동,202607,오피스텔_전월세,한라 운종가,숭인동,1425,39.07,,3000,152,8,16,2022,갱신,26.08~27.08,3000.0,145.0,,,
종로구,11110,내수동,202607,오피스텔_전월세,경희궁의 아침 4단지,내수동,73,28.24,,21000,0,12,11,2004,신규,26.08~28.08,,,,,
종로구,11110,교북동,202607,오피스텔_전월세,경희궁자이,교북동,126,25.91,,29000,12,4,15,2017,갱신,26.07~28.07,28000.0,10.0,사용,,
종로구,11110,숭인동,202607,오피스텔_전월세,알 트라몬토 오피스텔,숭인동,1408,38.97,,5000,150,6,18,2023,신규,26.07~27.07,,,,,
종로구,11110,숭인동,202607,오피스텔_전월세,서도휴파크,숭인동,178-100,17.92,,1099,32,8,20,2022,갱신,26.08~28.07,200.0,34.0,,,
종로구,11110,관철동,202607,오피스텔_전월세,종로1번가,관철동,155,23.86,,1000,100,12,15,2005,신규,26.07~27.07,,,,,
종로구,11110,숭인동,202607,오피스텔_전월세,롯데캐슬 천지인,숭인동,76,39.6,,1050,82,18,13,2004,신규,26.07~28.07,,,,,
종로구,11110,숭인동,202607,오피스텔_전월세,숭인한성아펠시티,숭인동,1368,20.51,,17000,40,16,13,2021,신규,26.08~28.08,,,,,
종로구,11110,숭인동,202607,오피스텔_전월세,디세븐,숭인동,313-12,15.04,,1000,70,5,14,2014,신규,26.07~27.07,,,,,
종로구,11110,숭인동,202607,오피스텔_전월세,경일오피스텔,숭인동,1367,22.42,,1000,73,11,14,2005,신규,26.07~27.07,,,,,
종로구,11110,익선동,202607,오피스텔_전월세,BIZ-WELL 종로 오피스텔,익선동,34,23.14,,1000,75,8,3,2004,신규,26.07~27.07,,,,,
종로구,11110,부암동,202607,오피스텔_전월세,타임730오피스텔,부암동,129-8,31.27,,1000,65,5,5,2002,신규,26.07~28.07,,,,,
종로구,11110,숭인동,202607,오피스텔_전월세,한라 운종가,숭인동,1425,21.14,,15000,34,9,14,2022,신규,26.08~28.08,,,,,
종로구,11110,내수동,202607,오피스텔_전월세,용비어천가,내수동,75,37.56,,26000,0,12,7,2004,신규,26.08~28.08,,,,,
종로구,11110,숭인동,202607,오피스텔_전월세,서도휴파크,숭인동,178-100,19.52,,7268,6,6,14,2022,갱신,26.08~28.07,2934.0,30.0,,,
종로구,11110,숭인동,202607,오피스텔_전월세,종로 동광모닝스카이,숭인동,1421-1,19.95,,1000,60,6,8,2013,신규,26.07~27.07,,,,,
종로구,11110,숭인동,202607,오피스텔_전월세,헤스티아,숭인동,317-48,15.47,,11900,0,9,13,2020,갱신,26.08~28.08,13000.0,,사용,,
종로구,11110,숭인동,202607,오피스텔_전월세,에비뉴 청계 Ⅰ,숭인동,1419-2,21.19,,1000,90,5,2,2023,신규,26.07~27.07,,,,,
종로구,11110,숭인동,202607,오피스텔_전월세,롯데캐슬 천지인,숭인동,76,39.6,,1000,95,10,11,2004,갱신,26.07~27.07,1000.0,90.0,,,
종로구,11110,숭인동,202607,오피스텔_전월세,블루빌,숭인동,243,46.36,,5000,120,2,13,2017,신규,26.07~27.07,,,,,
종로구,11110,숭인동,202607,오피스텔_전월세,우평 원더라움 스투디오,숭인동,313-17,24.79,,26500,0,14,7,2022,갱신,26.08~27.08,26500.0,,,,
종로구,11110,숭인동,202607,오피스텔_전월세,한라 운종가,숭인동,1425,21.14,,19900,0,7,9,2022,갱신,26.07~28.07,19900.0,,사용,,
종로구,11110,숭인동,202607,오피스텔_전월세,(1392),숭인동,1392,18.64,,1000,65,9,10,2013,신규,26.07~27.07,,,,,
종로구,11110,숭인동,202607,오피스텔_전월세,더 카르페디엠 종로 오피스텔,숭인동,201-25,24.21,,24000,0,15,9,2022,신규,26.08~28.08,,,,,
종로구,11110,신문로2가,202607,오피스텔_전월세,디팰리스,신문로2가,171,43.14,,10500,226,3,9,2020,갱신,26.08~28.08,10000.0,250.0,사용,,
종로구,11110,연지동,202607,오피스텔_전월세,로얄파크뷰,연지동,238-5,37.18,,29500,6,6,8,2019,신규,26.08~28.08,,,,,
종로구,11110,사직동,202607,오피스텔_전월세,광화문 스페이스본,사직동,9,39.54,,33000,0,10,8,2008,신규,26.09~28.09,,,,,
종로구,11110,숭인동,202607,오피스텔_전월세,서도휴파크,숭인동,178-100,17.92,,6741,6,3,9,2022,갱신,26.08~28.07,2722.0,28.0,,,
종로구,11110,원남동,202607,오피스텔_전월세,휴스턴오피스텔 창경궁 C,원남동,66-6,21.99,,23000,0,7,8,2022,신규,26.08~28.08,,,,,
종로구,11110,혜화동,202607,오피스텔_전월세,엘루체,혜화동,64-1,24.99,,3000,120,3,8,2025,신규,26.08~28.08,,,,,
종로구,11110,낙원동,202607,오피스텔_전월세,나스빌,낙원동,212,38.92,,1000,99,7,1,2004,신규,26.07~27.07,,,,,
종로구,11110,숭인동,202607,오피스텔_전월세,디세븐,숭인동,313-12,16.04,,500,40,2,8,2014,신규,26.07~27.07,,,,,
종로구,11110,숭인동,202607,오피스텔_전월세,블루카운티 숭인Ⅰ,숭인동,217-16,29.88,,25500,0,7,7,2020,신규,26.08~28.08,,,,,
종로구,11110,숭인동,202607,오피스텔_전월세,디세븐,숭인동,313-12,15.46,,500,67,9,1,2014,신규,26.07~27.07,,,,,
종로구,11110,숭인동,202607,오피스텔_전월세,더 카르페디엠 종로 오피스텔,숭인동,201-25,24.21,,9000,45,7,2,2022,신규,26.08~28.08,,,,,
종로구,11110,숭인동,202607,오피스텔_전월세,헤스티아,숭인동,317-48,15.47,,1000,66,9,6,2020,신규,26.07~27.07,,,,,
종로구,11110,인의동,202607,오피스텔_전월세,루비온오피스텔,인의동,28-26,18.2,,21000,0,12,6,2021,신규,26.08~27.08,,,,,
종로구,11110,내수동,202607,오피스텔_전월세,경희궁의 아침 2단지,내수동,71,28.9,,21000,0,5,6,2004,신규,26.07~28.02,,,,,
종로구,11110,숭인동,202607,오피스텔_전월세,아이비씨 호텔 앤 오피스텔,숭인동,1396,21.45,,1000,66,7,4,2016,신규,26.07~27.07,,,,,
종로구,11110,숭인동,202607,오피스텔_전월세,우평 원더라움 스투디오,숭인동,313-17,24.79,,26500,0,13,4,2022,신규,26.07~28.07,,,,,
종로구,11110,숭인동,202607,오피스텔_전월세,경일오피스텔,숭인동,1367,18.82,,3000,60,13,3,2005,신규,26.08~27.08,,,,,
종로구,11110,숭인동,202607,오피스텔_전월세,한라 운종가,숭인동,1425,21.14,,20000,10,12,2,2022,신규,26.08~28.08,,,,,
종로구,11110,숭인동,202607,오피스텔_전월세,한라 운종가,숭인동,1425,21.14,,1000,110,9,1,2022,갱신,26.08~27.08,1000.0,105.0,,,
종로구,11110,숭인동,202607,오피스텔_전월세,우평 원더라움 스투디오,숭인동,313-17,24.68,,27000,0,7,2,2022,신규,26.07~28.07,,,,,
종로구,11110,효제동,202607,오피스텔_전월세,반도 보라 아이비 타워,효제동,45,30.7,,1000,81,6,2,2003,신규,26.07~28.07,,,,,
종로구,11110,숭인동,202607,오피스텔_전월세,서도휴파크,숭인동,178-100,42.4,,6517,67,4,1,2022,신규,26.07~28.09,,,,,
종로구,11110,명륜2가,202607,연립다세대_전월세,수정빌,명륜2가,94-4,44.04,,1000,85,4,18,2007,신규,26.08~28.08,,,,,
종로구,11110,숭인동,202607,연립다세대_전월세,(614-0),숭인동,614,35.89,,1000,43,-1,29,2002,신규,26.08~28.08,,,,,
종로구,11110,명륜2가,202607,연립다세대_전월세,메이플하우스,명륜2가,43-8,53.93,,2000,130,2,8,2009,신규,26.09~28.08,,,,,
종로구,11110,창신동,202607,연립다세대_전월세,제이타워,창신동,255-1,15.64,,1000,100,3,30,2021,신규,26.07~27.07,,,,,
종로구,11110,무악동,202607,연립다세대_전월세,(63-9),무악동,63-9,81.62,,3000,90,3,27,1980,신규,26.08~28.08,,,,,
종로구,11110,동숭동,202607,연립다세대_전월세,(4-107),동숭동,4-107,37.77,,1000,65,4,14,1999,신규,26.08~28.08,,,,,
종로구,11110,명륜2가,202607,연립다세대_전월세,진덕재,명륜2가,43-6,19.98,,1000,68,4,31,2012,신규,26.08~28.08,,,,,
종로구,11110,행촌동,202607,연립다세대_전월세,한마음주택,행촌동,1-90,46.23,,6000,70,3,22,2003,신규,26.08~28.08,,,,,
종로구,11110,운니동,202607,연립다세대_전월세,453STairs,운니동,45-3,14.9,,1000,60,3,25,2011,신규,26.08~27.08,,,,,
종로구,11110,명륜3가,202607,연립다세대_전월세,(1-841),명륜3가,1-841,44.3,,500,55,3,23,1996,신규,26.08~27.08,,,,,
종로구,11110,연건동,202607,연립다세대_전월세,(124-1),연건동,124-1,28.66,,10000,15,2,9,1996,신규,26.09~28.09,,,,,
종로구,11110,행촌동,202607,연립다세대_전월세,(171-4),행촌동,171-4,59.45,,10000,60,1,31,2000,갱신,26.07~28.07,22000.0,,사용,,
종로구,11110,구기동,202607,연립다세대_전월세,산성하이츠,구기동,36-2,84.18,,10500,126,2,18,1991,갱신,26.08~28.08,10000.0,120.0,사용,,
종로구,11110,창신동,202607,연립다세대_전월세,(629-27),창신동,629-27,36.77,,15750,0,1,3,1996,갱신,26.08~27.08,15000.0,,,,
종로구,11110,창신동,202607,연립다세대_전월세,동대문상가,창신동,436-64,40.87,,13000,0,5,2,1968,신규,26.08~28.08,,,,,
종로구,11110,종로6가,202607,연립다세대_전월세,종로센트라노,종로6가,8,28.9,,30000,0,2,16,2026,신규,26.08~28.08,,,,,
종로구,11110,원서동,202607,연립다세대_전월세,운현빌라,원서동,76-43,59.91,,5000,120,3,3,2002,신규,26.08~28.08,,,,,
종로구,11110,옥인동,202607,연립다세대_전월세,옥인,옥인동,182,59.23,,2000,120,2,23,1980,신규,26.08~28.08,,,,,
종로구,11110,숭인동,202607,연립다세대_전월세,한서아이빌,숭인동,714,19.2,,1000,50,3,17,2003,신규,26.08~28.08,,,,,
종로구,11110,명륜3가,202607,연립다세대_전월세,(1-100),명륜3가,1-100,39.26,,500,60,4,30,2002,신규,26.08~28.07,,,,,
종로구,11110,신교동,202607,연립다세대_전월세,샤니대리점,신교동,47,59.7,,10000,128,4,17,1997,갱신,26.07~28.07,10000.0,120.0,사용,,
종로구,11110,명륜1가,202607,연립다세대_전월세,명륜다온채,명륜1가,68-5,41.51,,3000,110,2,22,2014,신규,26.08~28.08,,,,,
종로구,11110,원서동,202607,연립다세대_전월세,(4-7),원서동,4-7,42.96,,5000,60,3,20,1996,신규,26.08~28.08,,,,,
종로구,11110,명륜2가,202607,연립다세대_전월세,모몽하우스,명륜2가,84-1,14.35,,500,50,1,15,2008,신규,26.08~28.08,,,,,
종로구,11110,평창동,202607,연립다세대_전월세,롯데빌라,평창동,177-1,84.09,,45000,0,1,18,1993,신규,26.09~28.09,,,,,
종로구,11110,부암동,202607,연립다세대_전월세,한마음빌라,부암동,208-49,45.98,,5000,90,2,28,1993,신규,26.08~28.08,,,,,
종로구,11110,신영동,202607,연립다세대_전월세,평창선그린,신영동,7-1,60.14,,37800,0,1,17,2017,신규,26.09~28.09,,,,,
종로구,11110,신영동,202607,연립다세대_전월세,진안빌라,신영동,188,92.07,,700,68,2,28,1990,신규,26.08~27.08,,,,,
종로구,11110,명륜1가,202607,연립다세대_전월세,(5-21),명륜1가,5-21,40.5,,8500,0,1,20,2003,갱신,26.07~28.07,8500.0,,,,
종로구,11110,원서동,202607,연립다세대_전월세,창덕빌라,원서동,76-48,24,,1000,60,4,23,2001,신규,26.08~28.08,,,,,
종로구,11110,구기동,202607,연립다세대_전월세,북한산황룡캐슬,구기동,56-18,34.89,,23000,0,2,24,2020,신규,26.09~28.09,,,,,
종로구,11110,창신동,202607,연립다세대_전월세,종로웰라이프,창신동,302-1,19.54,,3000,75,6,7,2020,신규,26.08~28.08,,,,,
종로구,11110,명륜2가,202607,연립다세대_전월세,모몽하우스,명륜2가,84-1,14.35,,500,50,2,9,2008,신규,26.07~28.07,,,,,
종로구,11110,명륜2가,202607,연립다세대_전월세,해와달빌리지,명륜2가,82,21.08,,1000,65,2,16,2003,신규,26.08~28.08,,,,,
종로구,11110,창신동,202607,연립다세대_전월세,동대문상가,창신동,436-64,40.87,,1000,80,5,11,1968,신규,26.08~28.08,,,,,
종로구,11110,명륜1가,202607,연립다세대_전월세,크라운빌B동,명륜1가,36-17,15.01,,1000,70,5,17,2010,신규,26.08~27.07,,,,,
종로구,11110,원서동,202607,연립다세대_전월세,(86-15),원서동,86-15,43.88,,2000,85,3,13,1997,신규,26.07~28.07,,,,,
종로구,11110,명륜3가,202607,연립다세대_전월세,(1-833),명륜3가,1-833,46.31,,500,100,4,16,1995,신규,26.07~28.01,,,,,
종로구,11110,명륜3가,202607,연립다세대_전월세,(1-833),명륜3가,1-833,46.31,,500,100,4,16,1995,신규,26.07~28.01,,,,,
종로구,11110,창신동,202607,연립다세대_전월세,(23-8),창신동,23-8,39.98,,15000,0,2,3,1990,신규,26.07~28.07,,,,,
종로구,11110,명륜3가,202607,연립다세대_전월세,(1-87),명륜3가,1-87,85.59,,500,55,2,31,1997,신규,26.08~27.07,,,,,
종로구,11110,명륜3가,202607,연립다세대_전월세,(1-160),명륜3가,1-160,18.8,,5000,40,3,3,2003,신규,26.08~28.08,,,,,
종로구,11110,명륜1가,202607,연립다세대_전월세,크라운빌B동,명륜1가,36-17,15.02,,1000,70,2,4,2010,신규,26.08~28.02,,,,,
종로구,11110,숭인동,202607,연립다세대_전월세,(317-21),숭인동,317-21,15.95,,1000,52,3,21,2012,신규,26.07~28.07,,,,,
종로구,11110,숭인동,202607,연립다세대_전월세,(56-148),숭인동,56-148,47.38,,23500,0,3,29,2002,신규,26.08~28.08,,,,,
종로구,11110,동숭동,202607,연립다세대_전월세,기린하이츠빌,동숭동,129-82,28.2,,18000,0,2,25,2009,신규,26.08~28.08,,,,,
종로구,11110,원서동,202607,연립다세대_전월세,(135-97),원서동,135-97,37.5,,2000,100,2,29,1999,신규,26.08~28.08,,,,,
종로구,11110,창신동,202607,연립다세대_전월세,(629-73),창신동,629-73,34.27,,6000,0,-1,31,1996,갱신,26.07~28.07,6000.0,,,,
종로구,11110,평창동,202607,연립다세대_전월세,삼형파크맨션,평창동,154-1,131.55,,5000,200,2,30,1982,신규,26.09~28.09,,,,,
종로구,11110,평창동,202607,연립다세대_전월세,평창동구,평창동,148-1,69.46,,16000,200,2,25,2020,신규,26.10~28.10,,,,,
종로구,11110,명륜3가,202607,연립다세대_전월세,(1-314),명륜3가,1-314,52.38,,1000,90,3,20,1997,신규,26.07~28.07,,,,,
종로구,11110,누하동,202607,연립다세대_전월세,리츠빌,누하동,222-3,49.84,,2000,70,4,21,2012,신규,26.08~28.08,,,,,
종로구,11110,구기동,202607,연립다세대_전월세,흥인빌라,구기동,95-7,234.03,,10000,190,3,30,1992,신규,26.09~28.09,,,,,
종로구,11110,누상동,202607,연립다세대_전월세,루미빌,누상동,14,79.29,,10000,100,4,25,2003,신규,26.08~28.08,,,,,
종로구,11110,숭인동,202607,연립다세대_전월세,(296-20),숭인동,296-20,20.1,,2000,63,2,30,2009,신규,26.09~27.08,,,,,
종로구,11110,평창동,202607,연립다세대_전월세,아람빌라1차,평창동,148-20,131.49,,10000,350,1,23,1993,신규,26.11~28.11,,,,,
종로구,11110,평창동,202607,연립다세대_전월세,삼형파크맨션,평창동,154-1,131.55,,35000,60,3,29,1982,갱신,26.07~28.07,30000.0,45.0,,,
종로구,11110,창신동,202607,연립다세대_전월세,(629-27),창신동,629-27,34.61,,500,50,3,15,1996,신규,26.07~29.07,,,,,
종로구,11110,평창동,202607,연립다세대_전월세,햇빛잘드는집,평창동,293-10,58.08,,23500,19,1,19,2003,신규,26.10~28.10,,,,,
종로구,11110,누상동,202607,연립다세대_전월세,코디골든빌B동,누상동,145-1,46.99,,22500,5,3,28,2001,신규,26.09~28.09,,,,,
종로구,11110,명륜1가,202607,연립다세대_전월세,(5-21),명륜1가,5-21,79.2,,1000,55,2,24,2003,신규,26.07~28.07,,,,,
종로구,11110,창신동,202607,연립다세대_전월세,(640-249),창신동,640-249,41.22,,14000,0,2,21,1997,신규,26.09~28.09,,,,,
종로구,11110,신교동,202607,연립다세대_전월세,해오름빌라,신교동,20-1,59.97,,15000,100,1,13,1999,신규,26.07~30.07,,,,,
종로구,11110,신영동,202607,연립다세대_전월세,경남그린하우스,신영동,179-7,49.14,,20000,0,2,11,1997,신규,26.09~28.09,,,,,
종로구,11110,명륜4가,202607,연립다세대_전월세,유빌리지,명륜4가,206-2,23.81,,1000,85,2,8,2013,신규,26.07~28.07,,,,,
종로구,11110,명륜1가,202607,연립다세대_전월세,(60-10),명륜1가,60-10,35.39,,1000,92,3,15,2001,신규,26.07~28.07,,,,,
종로구,11110,구기동,202607,연립다세대_전월세,조형빌라(2차),구기동,85-19,172.13,,65000,25,2,23,1993,신규,26.10~28.10,,,,,
종로구,11110,누상동,202607,연립다세대_전월세,녹원하이츠빌라3동,누상동,166-233,58.51,,26000,0,4,27,1998,신규,26.10~28.10,,,,,
종로구,11110,명륜1가,202607,연립다세대_전월세,(36-16),명륜1가,36-16,13.69,,1000,55,4,14,2009,신규,26.08~28.01,,,,,
종로구,11110,명륜1가,202607,연립다세대_전월세,(36-16),명륜1가,36-16,14.63,,1000,55,4,10,2009,신규,26.08~28.07,,,,,
종로구,11110,종로6가,202607,연립다세대_전월세,종로센트라노,종로6가,8,27.78,,30000,0,3,23,2026,신규,26.09~28.08,,,,,
종로구,11110,명륜2가,202607,연립다세대_전월세,모몽하우스,명륜2가,84-1,14.35,,500,50,2,9,2008,신규,26.07~28.07,,,,,
종로구,11110,홍파동,202607,연립다세대_전월세,석촌빌라,홍파동,2-22,46.32,,2000,80,1,8,1999,신규,26.07~28.07,,,,,
종로구,11110,숭인동,202607,연립다세대_전월세,(178-83),숭인동,178-83,18.88,,1000,60,4,2,2003,신규,26.07~28.07,,,,,
종로구,11110,누하동,202607,연립다세대_전월세,남전빌라,누하동,126,50.04,,28000,25,1,23,1994,신규,26.09~28.09,,,,,
종로구,11110,옥인동,202607,연립다세대_전월세,시카코빌라,옥인동,178-32,42.92,,19000,0,1,20,1996,갱신,26.07~28.07,17000.0,,,,
종로구,11110,숭인동,202607,연립다세대_전월세,월드메카,숭인동,586,70.53,,35000,0,2,14,2006,신규,26.08~28.08,,,,,
종로구,11110,숭인동,202607,연립다세대_전월세,세영아트빌,숭인동,894,36.55,,13000,30,1,21,2002,신규,26.08~28.08,,,,,
종로구,11110,옥인동,202607,연립다세대_전월세,옥인,옥인동,183-1,59.23,,33000,10,2,14,1980,신규,26.10~28.10,,,,,
종로구,11110,연지동,202607,연립다세대_전월세,로얄파크뷰,연지동,238-5,15.69,,18500,0,9,23,2019,신규,26.08~28.08,,,,,
종로구,11110,숭인동,202607,연립다세대_전월세,(703-0),숭인동,703,40.32,,3000,90,1,9,1992,신규,26.07~28.07,,,,,
종로구,11110,누상동,202607,연립다세대_전월세,경복아트빌1,누상동,166-61,62.8,,28000,0,3,19,2002,신규,26.10~28.10,,,,,
종로구,11110,누상동,202607,연립다세대_전월세,녹원A동,누상동,120-3,59.85,,32500,0,2,11,2000,신규,26.09~28.09,,,,,
종로구,11110,평창동,202607,연립다세대_전월세,샹그리라빌(가동),평창동,75-1,74.076,,5000,120,3,22,2003,신규,26.08~28.08,,,,,
종로구,11110,옥인동,202607,연립다세대_전월세,거성빌라,옥인동,178-51,59.96,,100,40,1,20,1996,신규,26.07~27.07,,,,,
종로구,11110,창신동,202607,연립다세대_전월세,어울재,창신동,138-40,37.2,,30000,5,2,20,2020,갱신,26.08~28.08,30000.0,,,,
종로구,11110,종로6가,202607,연립다세대_전월세,종로센트라노,종로6가,8,28.9,,30000,0,2,16,2026,신규,26.08~28.08,,,,,
종로구,11110,창신동,202607,연립다세대_전월세,(607-9),창신동,607-9,43.7,,15000,0,3,21,2005,신규,26.08~28.08,,,,,
종로구,11110,명륜3가,202607,연립다세대_전월세,태광빌,명륜3가,124,17.76,,1000,55,2,20,2013,신규,26.08~28.08,,,,,
종로구,11110,숭인동,202607,연립다세대_전월세,(178-102),숭인동,178-102,30.83,,2000,60,2,13,1997,신규,26.07~28.07,,,,,
종로구,11110,연지동,202607,연립다세대_전월세,주함해븐타워(1동),연지동,193-2,17.14,,60,37,7,20,2019,신규,26.07~28.09,,,,,
종로구,11110,연지동,202607,연립다세대_전월세,주함해븐타워(2동),연지동,193-1,17.14,,60,36,7,20,2019,신규,26.07~28.09,,,,,
종로구,11110,숭인동,202607,연립다세대_전월세,숭인스톤카운티,숭인동,72-95,25.5,,100,46,3,20,2021,신규,26.07~28.09,,,,,
종로구,11110,행촌동,202607,연립다세대_전월세,(210-365),행촌동,210-365,21.05,,8000,0,-1,20,1999,신규,26.09~28.09,,,,,
종로구,11110,연지동,202607,연립다세대_전월세,주함해븐타워(2동),연지동,193-1,17.14,,60,36,7,20,2019,신규,26.07~28.09,,,,,
종로구,11110,창신동,202607,연립다세대_전월세,(629-21),창신동,629-21,28.11,,500,40,1,20,2000,신규,26.07~28.07,,,,,
종로구,11110,구기동,202607,연립다세대_전월세,북한산황룡캐슬,구기동,56-18,64.25,,43000,0,4,15,2020,신규,26.10~28.10,,,,,
종로구,11110,숭인동,202607,연립다세대_전월세,숭인동다세대주택,숭인동,179-95,23.46,,8000,0,1,15,2004,갱신,26.07~28.07,8000.0,,,,
종로구,11110,누상동,202607,연립다세대_전월세,한마루빌,누상동,166-24,67.5,,34000,0,4,15,2002,신규,26.10~28.10,,,,,
종로구,11110,행촌동,202607,연립다세대_전월세,무악아트빌,행촌동,210-385,55.77,,13000,20,-1,15,2000,신규,26.10~28.10,,,,,
종로구,11110,행촌동,202607,연립다세대_전월세,태양빌라,행촌동,171-45,59.67,,24000,0,3,11,2000,신규,26.08~28.08,,,,,
종로구,11110,숭인동,202607,연립다세대_전월세,도로시House,숭인동,56-21,48.31,,29400,0,3,15,2016,갱신,26.07~28.07,28000.0,,사용,,
종로구,11110,창신동,202607,연립다세대_전월세,(23-606),창신동,23-606,52.63,,13000,20,1,13,1975,신규,26.08~28.08,,,,,
종로구,11110,종로6가,202607,연립다세대_전월세,종로센트라노,종로6가,8,27.78,,30000,0,2,13,2026,신규,26.08~28.08,,,,,
종로구,11110,행촌동,202607,연립다세대_전월세,성우빌라C동,행촌동,171-135,26.63,,9800,0,3,13,2001,갱신,26.08~28.08,9500.0,,사용,,
종로구,11110,명륜3가,202607,연립다세대_전월세,(1-99),명륜3가,1-99,39.48,,20,73,1,14,1998,신규,26.07~26.09,,,,,
종로구,11110,명륜3가,202607,연립다세대_전월세,(1-99),명륜3가,1-99,39.48,,20,73,1,14,1998,신규,26.07~26.09,,,,,
종로구,11110,행촌동,202607,연립다세대_전월세,승온빌라,행촌동,210-394,76.26,,20000,0,4,11,2001,갱신,26.07~28.07,20000.0,,사용,,
종로구,11110,원서동,202607,연립다세대_전월세,(86-19),원서동,86-19,14.56,,15000,10,4,14,1997,신규,26.08~28.08,,,,,
종로구,11110,명륜3가,202607,연립다세대_전월세,(1-99),명륜3가,1-99,39.48,,20,73,2,14,1998,신규,26.07~26.09,,,,,
종로구,11110,명륜2가,202607,연립다세대_전월세,(86-8),명륜2가,86-8,31.35,,1000,79,3,13,1997,신규,26.08~28.01,,,,,
종로구,11110,창신동,202607,연립다세대_전월세,(627-13),창신동,627-13,59.98,,18900,0,2,13,1998,갱신,26.08~28.08,18000.0,,사용,,
종로구,11110,연건동,202607,연립다세대_전월세,(271-15),연건동,271-15,29.77,,16200,0,5,11,2012,신규,26.08~28.08,,,,,
종로구,11110,청운동,202607,연립다세대_전월세,청운벽산빌리지,청운동,1,140.51,,84000,0,2,4,1988,갱신,26.08~28.08,80000.0,,사용,,
종로구,11110,동숭동,202607,연립다세대_전월세,(50-101),동숭동,50-101,52.99,,16000,45,2,11,1997,신규,26.08~28.08,,,,,
종로구,11110,명륜3가,202607,연립다세대_전월세,(1-903),명륜3가,1-903,44.27,,23000,0,3,7,1995,신규,26.07~28.07,,,,,
종로구,11110,창신동,202607,연립다세대_전월세,종로웰라이프,창신동,302-1,20.2,,19600,0,6,9,2020,신규,26.09~28.09,,,,,
종로구,11110,연건동,202607,연립다세대_전월세,우영빌,연건동,116-1,27.31,,3000,55,2,10,1996,신규,26.07~28.07,,,,,
종로구,11110,부암동,202607,연립다세대_전월세,208-28,부암동,208-28,34.67,,26800,13,3,1,2023,신규,26.08~28.08,,,,,
종로구,11110,행촌동,202607,연립다세대_전월세,(210-185),행촌동,210-185,49.89,,3000,120,2,9,1996,신규,26.09~28.09,,,,,
종로구,11110,부암동,202607,연립다세대_전월세,유림빌라,부암동,44-6,61.2,,32000,0,1,9,2002,신규,26.10~28.10,,,,,
종로구,11110,이화동,202607,연립다세대_전월세,(5-2),이화동,5-2,34.4,,500,70,4,1,2013,신규,26.07~28.07,,,,,
종로구,11110,명륜2가,202607,연립다세대_전월세,글로리아하우스,명륜2가,91-4,32.69,,3000,130,4,5,2017,신규,26.08~28.07,,,,,
종로구,11110,명륜3가,202607,연립다세대_전월세,(1-317),명륜3가,1-317,44.82,,13000,0,2,3,1996,갱신,26.08~28.08,12000.0,,,,
종로구,11110,창신동,202607,연립다세대_전월세,(660-118),창신동,660-118,51.68,,15000,35,4,6,2001,신규,26.08~28.08,,,,,
종로구,11110,동숭동,202607,연립다세대_전월세,(4-147),동숭동,4-147,44.92,,10000,10,-1,7,1996,신규,26.08~28.08,,,,,
종로구,11110,신영동,202607,연립다세대_전월세,완성주택,신영동,213-1,44.46,,18900,0,3,4,1989,갱신,26.07~28.07,18000.0,,사용,,
종로구,11110,구기동,202607,연립다세대_전월세,청구빌라,구기동,266,84.72,,39900,0,3,7,1997,갱신,26.07~28.07,38000.0,,,,
종로구,11110,누상동,202607,연립다세대_전월세,번영주택,누상동,135,26.64,,11000,0,4,3,2000,신규,26.07~28.07,,,,,
종로구,11110,숭인동,202607,연립다세대_전월세,로하스빌8차,숭인동,72-31,54.6,,29000,0,3,6,2017,갱신,26.09~28.09,29000.0,,사용,,
종로구,11110,연건동,202607,연립다세대_전월세,(271-15),연건동,271-15,16.38,,10000,10,3,5,2012,갱신,26.07~28.07,10000.0,8.0,,,
종로구,11110,명륜3가,202607,연립다세대_전월세,(1-59),명륜3가,1-59,28.77,,1000,65,3,4,2000,신규,26.07~28.07,,,,,
종로구,11110,연건동,202607,연립다세대_전월세,(43-1),연건동,43-1,38.12,,10000,45,3,2,2000,신규,26.08~28.07,,,,,
종로구,11110,연건동,202607,연립다세대_전월세,(61-4),연건동,61-4,42.07,,14700,30,2,3,1996,신규,26.07~27.07,,,,,
종로구,11110,명륜3가,202607,연립다세대_전월세,(1-903),명륜3가,1-903,42.17,,22000,0,3,6,1995,갱신,26.07~28.07,21000.0,,사용,,
종로구,11110,평창동,202607,연립다세대_전월세,금강주택,평창동,170,84.95,,45000,0,3,3,1992,신규,26.10~28.10,,,,,
종로구,11110,창신동,202607,연립다세대_전월세,동대문상가,창신동,436-64,40.87,,13000,0,5,2,1968,신규,26.08~28.08,,,,,
종로구,11110,명륜3가,202607,연립다세대_전월세,(1-350),명륜3가,1-350,45.27,,500,60,3,1,1997,신규,26.07~28.02,,,,,
종로구,11110,종로6가,202607,연립다세대_전월세,종로센트라노,종로6가,8,29.76,,30000,0,2,1,2026,신규,26.07~28.07,,,,,
종로구,11110,행촌동,202607,연립다세대_전월세,(210-361),행촌동,210-361,75.27,,26200,0,2,2,2003,갱신,26.08~28.08,25000.0,,사용,,
종로구,11110,동숭동,202607,연립다세대_전월세,도시빌라,동숭동,2-22,99.39,,35000,0,2,1,1987,갱신,26.07~28.07,35000.0,,,,
종로구,11110,명륜1가,202607,연립다세대_전월세,칼라하우스A동,명륜1가,78-15,37.59,,7000,40,-1,1,1997,갱신,26.07~28.07,7000.0,40.0,,,
종로구,11110,부암동,202607,연립다세대_전월세,208-28,부암동,208-28,34.67,,29000,0,3,1,2023,신규,26.08~28.08,,,,,
종로구,11110,창신동,202607,아파트_전월세,두산,창신동,232,84.9,,8000,87,6,31,1999,갱신,26.10~28.10,8000.0,87.0,사용,,
종로구,11110,숭인동,202607,아파트_전월세,익성씨티하임,숭인동,1392,15.76,,5000,40,13,27,2013,신규,26.08~27.08,,,,,
종로구,11110,무악동,202607,아파트_전월세,현대,무악동,82,84.92,,30000,160,9,25,2000,신규,26.09~28.09,,,,,
종로구,11110,숭인동,202607,아파트_전월세,리마크빌종로,숭인동,200-16,23.6,,1000,144,6,14,2026,신규,26.08~27.08,,,,,
종로구,11110,숭인동,202607,아파트_전월세,블루버드숭인,숭인동,202-10,27.3,,3000,158,6,4,2023,신규,26.08~28.08,,,,,
종로구,11110,사직동,202607,아파트_전월세,광화문스페이스본(101동~105동),사직동,9,151.81,,70000,280,6,17,2008,신규,26.11~28.11,,,,,
종로구,11110,효제동,202607,아파트_전월세,이지마루종로,효제동,126-2,20.87,,30000,0,8,28,2021,신규,26.10~28.10,,,,,
종로구,11110,숭인동,202607,아파트_전월세,종로유케이201,숭인동,201-11,12.01,,1000,55,9,23,2013,신규,26.08~27.08,,,,,
종로구,11110,홍파동,202607,아파트_전월세,경희궁자이(2단지),홍파동,199,84.9071,,110000,50,10,9,2017,신규,26.10~28.09,,,,,
종로구,11110,숭인동,202607,아파트_전월세,종로동광모닝스카이,숭인동,1421-1,15.855,,500,65,12,31,2013,갱신,26.08~27.07,500.0,62.0,,,
종로구,11110,익선동,202607,아파트_전월세,현대뜨레비앙,익선동,55,48.54,,1000,115,6,7,2003,신규,26.07~27.07,,,,,
종로구,11110,숭인동,202607,아파트_전월세,영하우스,숭인동,207-32,18.94,,1000,51,8,30,2015,신규,26.08~27.08,,,,,
종로구,11110,사직동,202607,아파트_전월세,광화문스페이스본(101동~105동),사직동,9,97.61,,70000,120,6,20,2008,신규,26.09~28.09,,,,,
종로구,11110,숭인동,202607,아파트_전월세,영하우스,숭인동,207-32,16.59,,3700,45,8,18,2015,신규,26.08~27.08,,,,,
종로구,11110,사직동,202607,아파트_전월세,광화문스페이스본(101동~105동),사직동,9,70.8,,10000,280,6,20,2008,신규,26.08~28.08,,,,,
종로구,11110,숭인동,202607,아파트_전월세,영하우스,숭인동,207-32,18.94,,1500,58,7,29,2015,신규,26.08~27.08,,,,,
종로구,11110,평동,202607,아파트_전월세,경희궁자이(3단지),평동,233,59.8547,,72930,0,9,25,2017,갱신,26.09~28.09,69458.0,,,,
종로구,11110,숭인동,202607,아파트_전월세,숭인상가,숭인동,204-11,78.75,,32000,15,8,27,1979,갱신,26.08~28.08,32000.0,,사용,,
종로구,11110,숭인동,202607,아파트_전월세,삼전솔하임2차,숭인동,296-19,16.67,,500,61,7,21,2012,신규,26.07~27.07,,,,,
종로구,11110,무악동,202607,아파트_전월세,현대,무악동,82,84.92,,7000,310,16,1,2000,신규,26.08~28.08,,,,,
종로구,11110,교북동,202607,아파트_전월세,경희궁자이(4단지),교북동,126,37.2635,,5000,129,16,30,2017,갱신,26.10~28.10,5000.0,122.0,사용,,
종로구,11110,숭인동,202607,아파트_전월세,에비뉴청계Ⅱ,숭인동,1420,17.04,,2000,120,14,29,2025,신규,26.08~27.08,,,,,
종로구,11110,무악동,202607,아파트_전월세,현대,무악동,82,84.92,,7000,310,16,1,2000,신규,26.08~28.08,,,,,
종로구,11110,무악동,202607,아파트_전월세,현대,무악동,82,84.92,,20000,170,11,25,2000,갱신,26.09~28.09,20000.0,160.0,사용,,
종로구,11110,숭인동,202607,아파트_전월세,종로센트레빌,숭인동,2-1,114.67,,77700,0,7,10,2008,갱신,26.08~28.08,74000.0,,사용,,
종로구,11110,숭인동,202607,아파트_전월세,에비뉴청계Ⅰ,숭인동,1419-2,20.02,,1000,120,9,13,2023,신규,26.08~27.08,,,,,
종로구,11110,창신동,202607,아파트_전월세,창신쌍용1,창신동,702,54.7,,45000,0,8,6,1992,신규,26.09~28.09,,,,,
종로구,11110,연건동,202607,아파트_전월세,이화에수풀,연건동,195-10,16.98,,1000,90,8,14,2014,신규,26.08~28.02,,,,,
종로구,11110,평동,202607,아파트_전월세,경희궁자이(3단지),평동,233,59.8547,,10000,281,9,23,2017,갱신,26.08~28.08,10000.0,265.0,사용,,
종로구,11110,평창동,202607,아파트_전월세,갑을아파트,평창동,595,64.88,,10000,60,13,22,1997,신규,26.08~28.08,,,,,
종로구,11110,평동,202607,아파트_전월세,경희궁자이(3단지),평동,233,77.9737,,100000,40,11,29,2017,신규,26.09~28.09,,,,,
종로구,11110,효제동,202607,아파트_전월세,포레스트힐시티,효제동,65-2,16.672,,1000,60,9,13,2017,신규,26.08~27.08,,,,,
종로구,11110,숭인동,202607,아파트_전월세,종로중흥S클래스,숭인동,202-3,19.466,,1000,70,11,15,2013,갱신,26.07~27.07,1000.0,70.0,,,
종로구,11110,숭인동,202607,아파트_전월세,블루버드숭인,숭인동,202-10,28.21,,3000,147,5,15,2023,신규,26.08~28.08,,,,,
종로구,11110,숭인동,202607,아파트_전월세,에비뉴청계Ⅰ,숭인동,1419-2,20.02,,22500,0,14,11,2023,갱신,26.08~28.08,23600.0,,사용,,
종로구,11110,창신동,202607,아파트_전월세,창신쌍용2,창신동,703,54.7,,16000,50,9,24,1993,갱신,26.07~28.07,16000.0,30.0,사용,,
종로구,11110,창신동,202607,아파트_전월세,창신쌍용2,창신동,703,79.87,,47250,0,15,24,1993,신규,26.08~28.08,,,,,
종로구,11110,숭인동,202607,아파트_전월세,종로유케이201,숭인동,201-11,12.01,,1000,49,8,25,2013,신규,26.08~27.07,,,,,
종로구,11110,숭인동,202607,아파트_전월세,영하우스,숭인동,207-32,20.27,,2500,56,16,16,2015,신규,26.08~28.07,,,,,
종로구,11110,창신동,202607,아파트_전월세,창신쌍용2,창신동,703,79.87,,47250,0,15,24,1993,갱신,26.08~28.08,45000.0,,사용,,
종로구,11110,익선동,202607,아파트_전월세,현대뜨레비앙,익선동,55,43.98,,29400,0,6,31,2003,갱신,26.08~28.08,28000.0,,사용,,
종로구,11110,구기동,202607,아파트_전월세,렉스팰리스,구기동,95-1,140.04,,50400,0,-1,31,2005,갱신,26.08~28.08,48000.0,,,,
종로구,11110,숭인동,202607,아파트_전월세,종로중흥S클래스,숭인동,202-3,19.466,,500,75,12,4,2013,갱신,26.07~27.07,1000.0,70.0,,,
종로구,11110,숭인동,202607,아파트_전월세,청계로벤하임,숭인동,240-1,30.96,,13400,50,7,30,2023,신규,26.09~28.09,,,,,
종로구,11110,명륜2가,202607,아파트_전월세,아남1,명륜2가,4,84.8,,79000,0,11,11,1995,갱신,26.10~28.10,75000.0,,,,
종로구,11110,창신동,202607,아파트_전월세,창신쌍용2,창신동,703,64.66,,40400,0,7,25,1993,갱신,26.08~28.08,38500.0,,사용,,
종로구,11110,수송동,202607,아파트_전월세,로얄팰리스스위트,수송동,85,122.44,,12000,1000,18,25,2005,신규,26.08~27.08,,,,,
종로구,11110,수송동,202607,아파트_전월세,로얄팰리스스위트,수송동,85,80.12,,3000,374,18,14,2005,갱신,26.09~28.09,3000.0,340.0,,,
종로구,11110,숭인동,202607,아파트_전월세,영하우스,숭인동,207-32,16.59,,2000,53,14,30,2015,신규,26.08~27.08,,,,,
종로구,11110,무악동,202607,아파트_전월세,인왕산아이파크,무악동,60,84.858,,10000,320,6,27,2008,신규,26.09~28.09,,,,,
종로구,11110,사직동,202607,아파트_전월세,광화문스페이스본(101동~105동),사직동,9,68.18,,20000,160,14,30,2008,갱신,26.09~27.09,20000.0,160.0,,,
종로구,11110,숭인동,202607,아파트_전월세,종로센트레빌,숭인동,2-1,59.92,,59000,0,4,18,2008,신규,26.09~28.09,,,,,
종로구,11110,홍파동,202607,아파트_전월세,경희궁자이(2단지),홍파동,199,84.9071,,125000,0,3,28,2017,갱신,26.07~28.08,12000.0,,,,
종로구,11110,무악동,202607,아파트_전월세,인왕산아이파크,무악동,60,84.858,,79800,0,9,29,2008,갱신,26.07~28.07,76000.0,,사용,,
종로구,11110,숭인동,202607,아파트_전월세,영하우스,숭인동,207-32,16.59,,1000,58,11,1,2015,신규,26.07~27.07,,,,,
종로구,11110,홍파동,202607,아파트_전월세,경희궁자이(2단지),홍파동,199,84.9895,,104500,0,14,18,2017,갱신,26.10~28.10,100000.0,,,,
종로구,11110,창신동,202607,아파트_전월세,동대문맨션,창신동,578-5,83.83,,31000,0,5,13,1973,신규,26.08~28.08,,,,,
종로구,11110,숭인동,202607,아파트_전월세,COZY빌딩,숭인동,317-39,15.306,,2000,60,11,8,2013,신규,26.07~27.07,,,,,
종로구,11110,홍파동,202607,아파트_전월세,경희궁자이(2단지),홍파동,199,59.8547,,30000,200,9,13,2017,갱신,26.07~27.07,30000.0,186.0,사용,,
종로구,11110,창신동,202607,아파트_전월세,창신쌍용2,창신동,703,79.87,,47000,0,7,25,1993,갱신,26.09~28.09,45000.0,,,,
종로구,11110,창신동,202607,아파트_전월세,창신쌍용2,창신동,703,54.7,,35000,0,1,25,1993,신규,26.09~28.09,,,,,
종로구,11110,창신동,202607,아파트_전월세,창신쌍용2,창신동,703,64.66,,40000,0,14,22,1993,신규,26.09~28.09,,,,,
종로구,11110,창신동,202607,아파트_전월세,창신쌍용2,창신동,703,54.7,,5000,150,11,27,1993,신규,26.09~28.09,,,,,
종로구,11110,연건동,202607,아파트_전월세,이화에수풀,연건동,195-10,19.86,,12000,35,6,25,2014,신규,26.08~28.08,,,,,
종로구,11110,홍파동,202607,아파트_전월세,경희궁자이(2단지),홍파동,199,84.9443,,110500,0,18,28,2017,갱신,26.07~28.07,105000.0,,,,
종로구,11110,숭인동,202607,아파트_전월세,종로중흥S클래스,숭인동,202-3,19.466,,5000,50,7,6,2013,신규,26.08~28.08,,,,,
종로구,11110,숭인동,202607,아파트_전월세,동일상가,숭인동,232-29,33.66,,1000,50,6,3,1971,신규,26.07~28.07,,,,,
종로구,11110,창신동,202607,아파트_전월세,유성,창신동,640-76,59.94,,18000,0,1,27,1996,갱신,26.08~28.08,18000.0,,사용,,
종로구,11110,행촌동,202607,아파트_전월세,경희궁자이(1단지),행촌동,211,39.0561,,11776,64,15,20,2017,신규,26.07~28.09,,,,,
종로구,11110,효제동,202607,아파트_전월세,이지마루종로,효제동,126-2,24.44,,28000,30,10,24,2021,신규,26.07~28.07,,,,,
종로구,11110,충신동,202607,아파트_전월세,힐스테이트창경궁,충신동,60,63.09,,83000,0,14,26,2022,신규,26.11~29.02,,,,,
종로구,11110,무악동,202607,아파트_전월세,현대,무악동,82,114.9,,81900,0,3,5,2000,갱신,26.07~28.07,78000.0,,사용,,
종로구,11110,숭인동,202607,아파트_전월세,영하우스,숭인동,207-32,20.27,,2000,58,17,11,2015,신규,26.07~27.07,,,,,
종로구,11110,연건동,202607,아파트_전월세,이화에수풀,연건동,195-10,19.86,,1000,95,4,4,2014,신규,26.07~28.01,,,,,
종로구,11110,익선동,202607,아파트_전월세,현대뜨레비앙,익선동,55,36.08,,1000,95,6,3,2003,신규,26.07~28.07,,,,,
종로구,11110,숭인동,202607,아파트_전월세,COZY빌딩,숭인동,317-39,13.58,,1000,60,9,9,2013,신규,26.07~27.07,,,,,
종로구,11110,홍파동,202607,아파트_전월세,경희궁자이(2단지),홍파동,199,59.8547,,30000,260,18,15,2017,갱신,26.08~28.08,15000.0,300.0,,,
종로구,11110,창신동,202607,아파트_전월세,창신쌍용1,창신동,702,79.87,,38000,50,12,27,1992,갱신,26.09~28.09,48500.0,,,,
종로구,11110,홍파동,202607,아파트_전월세,경희궁자이(2단지),홍파동,199,101.9914,,30000,500,12,4,2017,신규,26.08~28.08,,,,,
종로구,11110,홍파동,202607,아파트_전월세,경희궁자이(2단지),홍파동,199,59.8547,,90500,0,21,24,2017,갱신,26.08~27.09,90500.0,,사용,,
종로구,11110,숭인동,202607,아파트_전월세,청계로벤하임,숭인동,240-1,20.321,,12890,27,6,3,2023,신규,26.09~28.09,,,,,
종로구,11110,당주동,202607,아파트_전월세,세종,당주동,100,104.73,,63000,0,5,15,1983,신규,26.10~28.10,,,,,
종로구,11110,행촌동,202607,아파트_전월세,경희궁자이(1단지),행촌동,211,39.0561,,14720,58,7,22,2017,신규,26.07~28.09,,,,,
종로구,11110,평동,202607,아파트_전월세,경희궁자이(3단지),평동,233,84.8359,,25000,370,8,17,2017,갱신,26.09~28.09,25000.0,330.0,사용,,
종로구,11110,평창동,202607,아파트_전월세,삼성,평창동,596,59.97,,31256,0,9,24,1998,갱신,26.08~28.08,29768.0,,사용,,
종로구,11110,숭인동,202607,아파트_전월세,블루버드숭인,숭인동,202-10,27.3,,30000,25,15,23,2023,신규,26.09~28.09,,,,,
종로구,11110,창신동,202607,아파트_전월세,창신쌍용2,창신동,703,79.87,,40000,8,11,23,1993,갱신,26.10~28.10,40000.0,,사용,,
종로구,11110,내수동,202607,아파트_전월세,경희궁의아침4단지,내수동,73,124.17,,145000,0,14,23,2004,신규,26.11~28.11,,,,,
종로구,11110,창신동,202607,아파트_전월세,동문상가,창신동,436-41,36.56,,13000,0,6,11,1970,갱신,26.08~28.08,13000.0,,,,
종로구,11110,신영동,202607,아파트_전월세,대아파크빌,신영동,254,59.22,,37000,0,8,23,1998,신규,26.11~28.11,,,,,
종로구,11110,무악동,202607,아파트_전월세,현대,무악동,82,60,,59000,0,4,22,2000,신규,26.10~28.10,,,,,
종로구,11110,창신동,202607,아파트_전월세,창신쌍용1,창신동,702,54.7,,5000,135,4,10,1992,갱신,26.07~27.07,5000.0,120.0,사용,,
종로구,11110,숭인동,202607,아파트_전월세,청계로벤하임,숭인동,240-1,20.321,,18410,2,11,2,2023,신규,26.08~28.08,,,,,
종로구,11110,평동,202607,아파트_전월세,경희궁자이(3단지),평동,233,84.8359,,10000,420,19,22,2017,갱신,26.10~27.05,10000.0,400.0,사용,,
종로구,11110,숭인동,202607,아파트_전월세,COZY빌딩,숭인동,317-39,15.306,,2000,60,8,13,2013,신규,26.07~27.07,,,,,
종로구,11110,행촌동,202607,아파트_전월세,경희궁자이(1단지),행촌동,211,39.0561,,14720,58,16,21,2017,신규,26.07~28.09,,,,,
종로구,11110,홍파동,202607,아파트_전월세,경희궁자이(2단지),홍파동,199,84.9895,,120000,0,11,4,2017,신규,26.08~28.08,,,,,
종로구,11110,숭인동,202607,아파트_전월세,에비뉴청계Ⅰ,숭인동,1419-2,16.01,,1000,90,11,21,2023,신규,26.08~27.08,,,,,
종로구,11110,행촌동,202607,아파트_전월세,경희궁자이(1단지),행촌동,211,39.0561,,14720,58,15,20,2017,신규,26.07~28.09,,,,,
종로구,11110,숭인동,202607,아파트_전월세,종로센트레빌,숭인동,2-1,114.67,,80000,0,9,16,2008,신규,26.09~28.11,,,,,
종로구,11110,숭인동,202607,아파트_전월세,숭인모범102동,숭인동,569-5,59.8,,27000,10,5,11,2000,신규,26.10~28.10,,,,,
종로구,11110,홍파동,202607,아파트_전월세,경희궁자이(2단지),홍파동,199,84.8359,,20000,430,14,20,2017,신규,26.08~28.08,,,,,
종로구,11110,창신동,202607,아파트_전월세,창신쌍용1,창신동,702,54.7,,42000,0,10,15,1992,신규,26.10~28.10,,,,,
종로구,11110,평동,202607,아파트_전월세,경희궁자이(3단지),평동,233,84.8359,,90000,70,3,17,2017,갱신,26.08~27.09,90000.0,70.0,사용,,
종로구,11110,창신동,202607,아파트_전월세,창신쌍용1,창신동,702,79.87,,53000,0,2,20,1992,갱신,26.07~27.09,48000.0,,,,
종로구,11110,교북동,202607,아파트_전월세,경희궁자이(4단지),교북동,126,37.2635,,65000,0,7,17,2017,신규,26.10~28.10,,,,,
종로구,11110,효제동,202607,아파트_전월세,포레스트힐시티,효제동,65-2,16.672,,1000,60,9,13,2017,신규,26.08~27.08,,,,,
종로구,11110,홍파동,202607,아파트_전월세,경희궁자이(2단지),홍파동,199,84.8359,,118650,0,17,14,2017,갱신,26.09~28.09,113000.0,,사용,,
종로구,11110,무악동,202607,아파트_전월세,경희궁롯데캐슬,무악동,89,84.8792,,105000,0,9,16,2019,신규,26.09~28.09,,,,,
종로구,11110,숭인동,202607,아파트_전월세,숭인모범102동,숭인동,569-5,59.74,,19000,10,1,11,2000,신규,26.08~28.08,,,,,
종로구,11110,효제동,202607,아파트_전월세,이지마루종로,효제동,126-2,17.73,,2000,120,11,16,2021,갱신,26.08~27.08,1000.0,120.0,,,
종로구,11110,창신동,202607,아파트_전월세,창신쌍용1,창신동,702,54.7,,33600,0,9,11,1992,갱신,26.07~28.07,32000.0,,사용,,
종로구,11110,숭인동,202607,아파트_전월세,영하우스,숭인동,207-32,18.94,,4712,43,12,10,2015,신규,26.07~28.07,,,,,
종로구,11110,숭인동,202607,아파트_전월세,숭인한양LEEPS,숭인동,1421-2,12.78,,8100,12,2,14,2014,신규,26.08~28.08,,,,,
종로구,11110,효제동,202607,아파트_전월세,포레스트힐시티,효제동,65-2,15.879,,1000,80,11,11,2017,신규,26.07~27.07,,,,,
종로구,11110,숭인동,202607,아파트_전월세,종로센트레빌,숭인동,2-1,84.92,,10000,220,11,14,2008,신규,26.09~28.09,,,,,
종로구,11110,충신동,202607,아파트_전월세,CS타워,충신동,62-2,22.17,,4000,60,11,13,2011,신규,26.07~28.07,,,,,
종로구,11110,명륜2가,202607,아파트_전월세,명륜동주상복합아남아파트,명륜2가,237,65.78,,33000,110,8,8,1999,갱신,26.08~28.08,33000.0,90.0,사용,,
종로구,11110,숭인동,202607,아파트_전월세,롯데캐슬천지인,숭인동,76,111.73,,85000,0,11,14,2004,갱신,26.07~28.07,60000.0,,,,
종로구,11110,충신동,202607,아파트_전월세,힐스테이트창경궁,충신동,60,84.95,,94000,0,5,10,2022,신규,26.09~28.09,,,,,
종로구,11110,내수동,202607,아파트_전월세,경희궁의아침3단지,내수동,72,150.48,,10000,525,15,11,2004,갱신,26.10~28.10,10000.0,500.0,사용,,
종로구,11110,창신동,202607,아파트_전월세,창신쌍용1,창신동,702,54.7,,3000,150,6,11,1992,신규,26.08~28.08,,,,,
종로구,11110,홍파동,202607,아파트_전월세,경희궁자이(2단지),홍파동,199,84.614,,120750,0,3,14,2017,갱신,26.08~28.08,115000.0,,사용,,
종로구,11110,숭인동,202607,아파트_전월세,롯데캐슬천지인,숭인동,76,111.73,,85000,0,11,14,2004,갱신,26.07~28.07,65000.0,,,,
종로구,11110,무악동,202607,아파트_전월세,인왕산2차아이파크,무악동,88,84.4541,,80000,0,5,3,2015,신규,26.08~28.08,,,,,
종로구,11110,명륜2가,202607,아파트_전월세,아남1,명륜2가,4,84.9,,73000,0,6,3,1995,갱신,26.07~28.07,69000.0,,,,
종로구,11110,숭인동,202607,아파트_전월세,영하우스,숭인동,207-32,20.27,,2000,58,9,7,2015,신규,26.07~27.07,,,,,
종로구,11110,익선동,202607,아파트_전월세,현대뜨레비앙,익선동,55,28.1,,21000,0,8,10,2003,갱신,26.07~28.07,20000.0,,사용,,
종로구,11110,숭인동,202607,아파트_전월세,종로센트레빌,숭인동,2-1,59.92,,60000,0,12,9,2008,신규,26.08~28.08,,,,,
종로구,11110,통인동,202607,아파트_전월세,효자,통인동,5-1,43.31,,500,34,5,9,1999,신규,26.07~28.07,,,,,
종로구,11110,명륜1가,202607,아파트_전월세,건양하늘터,명륜1가,23,82.63,,67000,0,1,9,2006,갱신,26.07~30.07,65000.0,,,,
종로구,11110,무악동,202607,아파트_전월세,경희궁롯데캐슬,무악동,89,110.856,,2000,90,8,8,2019,신규,26.09~28.09,,,,,
종로구,11110,평동,202607,아파트_전월세,경희궁자이(3단지),평동,233,84.8359,,100000,60,5,9,2017,신규,26.07~28.07,,,,,
종로구,11110,홍파동,202607,아파트_전월세,경희궁자이(2단지),홍파동,199,84.8359,,65000,240,20,4,2017,신규,26.08~28.08,,,,,
종로구,11110,홍파동,202607,아파트_전월세,경희궁자이(2단지),홍파동,199,84.8359,,125000,0,1,2,2017,갱신,26.10~28.10,120000.0,,사용,,
종로구,11110,홍파동,202607,아파트_전월세,경희궁자이(2단지),홍파동,199,84.9071,,120000,0,10,9,2017,신규,26.10~28.09,,,,,
종로구,11110,명륜2가,202607,아파트_전월세,명륜동주상복합아남아파트,명륜2가,237,50.49,,5000,160,4,9,1999,갱신,26.08~28.08,5000.0,140.0,,,
종로구,11110,숭인동,202607,아파트_전월세,종로센트레빌,숭인동,2-1,59.92,,60000,0,11,6,2008,신규,26.09~28.09,,,,,
종로구,11110,창신동,202607,아파트_전월세,동대문,창신동,328-17,28.8,,13000,0,6,6,1966,신규,26.08~28.08,,,,,
종로구,11110,평동,202607,아파트_전월세,경희궁자이(3단지),평동,233,59.8547,,94000,0,13,3,2017,신규,26.09~28.09,,,,,
종로구,11110,창신동,202607,아파트_전월세,창신쌍용2,창신동,703,79.87,,32500,35,7,7,1993,신규,26.07~28.07,,,,,
종로구,11110,무악동,202607,아파트_전월세,인왕산아이파크,무악동,60,84.858,,79000,0,8,7,2008,갱신,26.08~28.08,79000.0,,사용,,
종로구,11110,평창동,202607,아파트_전월세,일성빌라트,평창동,145-5,59.82,,38000,0,1,7,1996,갱신,26.07~28.07,36000.0,,,,
종로구,11110,충신동,202607,아파트_전월세,힐스테이트창경궁,충신동,60,84.95,,100000,42,8,6,2022,신규,26.10~28.02,,,,,
종로구,11110,홍파동,202607,아파트_전월세,경희궁자이(2단지),홍파동,199,84.9071,,130000,0,15,7,2017,신규,26.09~28.09,,,,,
종로구,11110,창신동,202607,아파트_전월세,동대문맨션,창신동,578-5,83.83,,20500,25,5,2,1973,갱신,26.07~30.07,15500.0,40.0,,,
종로구,11110,창신동,202607,아파트_전월세,창신쌍용1,창신동,702,79.87,,55000,0,10,6,1992,신규,26.09~28.09,,,,,
종로구,11110,인의동,202607,아파트_전월세,효성쥬얼리시티,인의동,48-2,84.7,,30000,150,10,2,2006,신규,26.07~28.07,,,,,
종로구,11110,충신동,202607,아파트_전월세,힐스테이트창경궁,충신동,60,84.97,,5000,370,11,4,2022,갱신,26.12~28.12,5000.0,360.0,사용,,
종로구,11110,교북동,202607,아파트_전월세,경희궁자이(4단지),교북동,126,33.982,,49000,0,9,2,2017,갱신,26.09~27.09,47000.0,,,,
종로구,11110,숭인동,202607,아파트_전월세,청계로벤하임,숭인동,240-1,20.321,,18410,2,11,2,2023,신규,26.08~28.08,,,,,
종로구,11110,명륜2가,202607,아파트_전월세,명륜동주상복합아남아파트,명륜2가,237,50.49,,55000,0,4,2,1999,신규,26.09~28.09,,,,,
종로구,11110,홍파동,202607,아파트_전월세,경희궁자이(2단지),홍파동,199,84.614,,10000,440,15,2,2017,신규,26.08~28.08,,,,,
종로구,11110,인의동,202607,아파트_전월세,효성쥬얼리시티,인의동,48-2,92.81,,4000,210,10,1,2006,갱신,26.07~28.07,4000.0,198.0,사용,,
종로구,11110,창신동,202607,아파트_전월세,창신쌍용1,창신동,702,79.87,,10000,159,5,1,1992,갱신,26.07~28.07,10000.0,150.0,사용,,
종로구,11110,수송동,202607,오피스텔_매매,두산위브파빌리온,수송동,58,66.41,64000,,,7,30,2004,,,,,,중개거래,
종로구,11110,사직동,202607,오피스텔_매매,광화문 스페이스본,사직동,9,39.54,40300,,,4,6,2008,,,,,,중개거래,
종로구,11110,숭인동,202607,오피스텔_매매,더 카르페디엠 종로 오피스텔,숭인동,201-25,24.21,24680,,,14,28,2022,,,,,,직거래,
종로구,11110,숭인동,202607,오피스텔_매매,더 카르페디엠 종로 오피스텔,숭인동,201-25,23.66,24680,,,6,28,2022,,,,,,직거래,
종로구,11110,신문로2가,202607,오피스텔_매매,디팰리스,신문로2가,171,53.748,115000,,,3,16,2020,,,,,,중개거래,
종로구,11110,내수동,202607,오피스텔_매매,경희궁의 아침 2단지,내수동,71,29.41,25500,,,2,31,2004,,,,,,중개거래,
종로구,11110,효제동,202607,오피스텔_매매,반도 보라 아이비 타워,효제동,45,30.7,14000,,,4,29,2003,,,,,,중개거래,
종로구,11110,내수동,202607,오피스텔_매매,경희궁의 아침 4단지,내수동,73,56.48,55000,,,2,25,2004,,,,,,중개거래,
종로구,11110,인사동,202607,오피스텔_매매,대일빌딩,인사동,43,42.53,32800,,,10,27,1992,,,,,,중개거래,
종로구,11110,수송동,202607,오피스텔_매매,두산위브파빌리온,수송동,58,37.42,31800,,,5,9,2004,,,,,,중개거래,
종로구,11110,내수동,202607,오피스텔_매매,경희궁의 아침 3단지,내수동,72,37.5,31500,,,14,22,2004,,,,,,중개거래,
종로구,11110,내수동,202607,오피스텔_매매,경희궁의 아침 3단지,내수동,72,37.5,32000,,,4,22,2004,,,,,,중개거래,
종로구,11110,운니동,202607,오피스텔_매매,오피스텔월드,운니동,65-1,36.72,13000,,,7,13,1998,,,,,,직거래,
종로구,11110,종로1가,202607,오피스텔_매매,르메이에르종로타운1,종로1가,24,36.23,25000,,,14,16,2007,,,,,,중개거래,
종로구,11110,경운동,202607,오피스텔_매매,운현궁 에스케이 허브,경운동,89-4,39.65,35000,,,9,15,2005,,,,,,중개거래,
종로구,11110,연건동,202607,오피스텔_매매,대보마로니에텔,연건동,206,35.7,23000,,,5,13,2001,,,,,,직거래,
종로구,11110,신문로2가,202607,오피스텔_매매,디팰리스,신문로2가,171,80.262,160000,,,3,9,2020,,,,,,중개거래,
종로구,11110,익선동,202607,오피스텔_매매,BIZ-WELL 종로 오피스텔,익선동,34,17.2,12400,,,4,8,2004,,,,,,중개거래,
종로구,11110,숭인동,202607,오피스텔_매매,INSPIRE [케이디종합건설 (주)],숭인동,298-9,14.5,11250,,,10,7,,,,,,,중개거래,
종로구,11110,내수동,202607,오피스텔_매매,경희궁의 아침 2단지,내수동,71,32.43,29300,,,5,6,2004,,,,,,중개거래,
종로구,11110,신교동,202607,연립다세대_매매,유정촌,신교동,46-1,81.42,60000,,,2,25,2002,,,,,,중개거래,
종로구,11110,혜화동,202607,연립다세대_매매,아마레스22,혜화동,22-99,57.54,62500,,,2,26,2016,,,,,,중개거래,
종로구,11110,창신동,202607,연립다세대_매매,용호빌,창신동,23-540,87.72,74000,,,5,25,2006,,,,,,중개거래,
종로구,11110,명륜1가,202607,연립다세대_매매,제이더블유베르데,명륜1가,78-23,67.05,77500,,,4,27,2025,,,,,,중개거래,
종로구,11110,평창동,202607,연립다세대_매매,안성빌라(A동),평창동,274-7,84.79,63900,,,2,16,1992,,,,,,중개거래,
종로구,11110,명륜1가,202607,연립다세대_매매,혜윰,명륜1가,58-3,38.13,44000,,,3,13,2022,,,,,,직거래,
종로구,11110,창신동,202607,연립다세대_매매,(629-52),창신동,629-52,34.61,48000,,,1,12,1995,,,,,,중개거래,
종로구,11110,숭인동,202607,연립다세대_매매,숭인빌라가동,숭인동,56-81,49.16,46000,,,1,26,1987,,,,,,직거래,
종로구,11110,누상동,202607,연립다세대_매매,상하그린맨션23,누상동,23,35.67,20500,,,1,27,1996,,,,,,중개거래,
종로구,11110,신교동,202607,연립다세대_매매,(17-8),신교동,17-8,43.86,23550,,,2,10,1996,,,,,,중개거래,
종로구,11110,신교동,202607,연립다세대_매매,(17-8),신교동,17-8,43.86,22700,,,1,10,1996,,,,,,중개거래,
종로구,11110,평창동,202607,연립다세대_매매,금강주택,평창동,170,84.95,72000,,,3,30,1992,,,,,,중개거래,
종로구,11110,누상동,202607,연립다세대_매매,로얄그린빌라,누상동,30-1,77.35,65500,,,2,9,2001,,,,,,중개거래,
종로구,11110,명륜3가,202607,연립다세대_매매,명륜투나인빌,명륜3가,50-5,29.5,37000,,,4,5,2020,,,,,,중개거래,
종로구,11110,신영동,202607,연립다세대_매매,신영빌라,신영동,3-3,104.05,48000,,,1,21,1983,,,,,,중개거래,
종로구,11110,구기동,202607,연립다세대_매매,청구빌라,구기동,266,84.72,57000,,,3,15,1997,,,,,,중개거래,
종로구,11110,누상동,202607,연립다세대_매매,코디골드빌102동,누상동,159-12,18.63,8000,,,-1,25,2001,,,,,,중개거래,
종로구,11110,평창동,202607,연립다세대_매매,갤러리카운티,평창동,111-14,154.66,130000,,,1,25,2020,,,,,,직거래,
종로구,11110,창신동,202607,연립다세대_매매,(616-11),창신동,616-11,35.98,27000,,,-1,4,2001,,,,,,중개거래,
종로구,11110,내수동,202607,연립다세대_매매,경희궁빌,내수동,110-18,65.93,64000,,,4,27,1995,,,,,,중개거래,
종로구,11110,창신동,202607,연립다세대_매매,(629-30),창신동,629-30,48.8,54500,,,3,25,1996,,,,,,중개거래,
종로구,11110,신영동,202607,연립다세대_매매,"월드캐슬(3,5동)",신영동,136-13,120.18,125500,,,1,25,1995,,,,,,중개거래,
종로구,11110,부암동,202607,연립다세대_매매,미엔빌,부암동,208-14,105.75,52000,,,4,16,2009,,,,,,중개거래,
종로구,11110,누상동,202607,연립다세대_매매,인왕5차넥스빌,누상동,166-169,53.38,32000,,,1,16,2001,,,,,,중개거래,
종로구,11110,청운동,202607,연립다세대_매매,라임카운티,청운동,30-1,151.8,177000,,,3,22,2004,,,,,,중개거래,
종로구,11110,평창동,202607,연립다세대_매매,안성빌라(A동),평창동,274-7,84.79,63900,,,2,16,1992,,,,,,중개거래,
종로구,11110,명륜2가,202607,연립다세대_매매,미건빌라,명륜2가,8-5,66.13,46300,,,3,22,2000,,,,,,중개거래,
종로구,11110,명륜3가,202607,연립다세대_매매,성대빌라,명륜3가,1-1196,48.8,28500,,,3,18,1997,,,,,,중개거래,
종로구,11110,평창동,202607,연립다세대_매매,금강하이츠빌라,평창동,64-3,39.67,35000,,,3,2,1989,,,,,,중개거래,
종로구,11110,신교동,202607,연립다세대_매매,(17-8),신교동,17-8,43.86,23500,,,3,10,1996,,,,,,중개거래,
종로구,11110,구기동,202607,연립다세대_매매,상신맨션,구기동,67-1,78.63,50000,,,3,7,1982,,,,,,중개거래,
종로구,11110,신교동,202607,연립다세대_매매,(17-8),신교동,17-8,43.86,22700,,,4,10,1996,,,,,,중개거래,
종로구,11110,효자동,202607,연립다세대_매매,씨티하우스,효자동,50-15,79.52,83000,,,3,11,2002,,,,,,직거래,
종로구,11110,구기동,202607,연립다세대_매매,(86-1),구기동,86-1,84.84,85000,,,2,18,2024,,,,,,중개거래,
종로구,11110,신교동,202607,연립다세대_매매,월드빌,신교동,9-4,67.99,59000,,,4,10,2001,,,,,,중개거래,
종로구,11110,평창동,202607,연립다세대_매매,금강주택,평창동,170,84.95,72000,,,2,17,1992,,,,,,중개거래,
종로구,11110,숭인동,202607,연립다세대_매매,아폴리움,숭인동,201-7,17.27,11500,,,15,11,2016,,,,,,중개거래,
종로구,11110,평창동,202607,연립다세대_매매,강산힐스,평창동,318,56.81,60000,,,5,8,2016,,,,,,중개거래,
종로구,11110,동숭동,202607,연립다세대_매매,(4-171),동숭동,4-171,43.59,28500,,,2,8,1999,,,,,,중개거래,
종로구,11110,누상동,202607,연립다세대_매매,이원명가(5-2),누상동,5-2,59.9,32000,,,-1,16,2000,,,,,,중개거래,
종로구,11110,창신동,202607,연립다세대_매매,그린빌라,창신동,639-25,44.11,52000,,,2,15,1994,,,,,,중개거래,
종로구,11110,계동,202607,연립다세대_매매,현대아이빌라,계동,140-10,69.72,84000,,,3,2,2001,,,,,,중개거래,
종로구,11110,청운동,202607,연립다세대_매매,청운벽산빌리지,청운동,1,141.39,174000,,,2,14,1988,,,,,,중개거래,
종로구,11110,명륜1가,202607,연립다세대_매매,(5-108),명륜1가,5-108,54.22,24500,,,-1,11,1995,,,,,,중개거래,
종로구,11110,동숭동,202607,연립다세대_매매,(4-171),동숭동,4-171,43.59,28500,,,2,8,1999,,,,,,중개거래,O
종로구,11110,부암동,202607,연립다세대_매매,시아부암아이윌(A동),부암동,182-27,73.08,53500,,,1,6,2003,,,,,,중개거래,
종로구,11110,구기동,202607,연립다세대_매매,현대구기빌라,구기동,130,84.42,78000,,,2,8,1986,,,,,,중개거래,
종로구,11110,평창동,202607,연립다세대_매매,금강하이츠빌라,평창동,64-3,49.57,47500,,,3,9,1989,,,,,,중개거래,
종로구,11110,신교동,202607,연립다세대_매매,(17-8),신교동,17-8,43.86,17550,,,-1,10,1996,,,,,,중개거래,
종로구,11110,평창동,202607,연립다세대_매매,금강하이츠빌라,평창동,64-3,39.67,35000,,,3,12,1989,,,,,,중개거래,
종로구,11110,구기동,202607,연립다세대_매매,청학하이츠빌라,구기동,134-3,168.49,114000,,,1,1,1994,,,,,,중개거래,
종로구,11110,명륜3가,202607,연립다세대_매매,명륜투나인빌,명륜3가,50-5,69.37,60000,,,2,3,2020,,,,,,중개거래,
종로구,11110,숭인동,202607,연립다세대_매매,필립하우스(715),숭인동,715,58.87,43000,,,3,4,2016,,,,,,중개거래,
종로구,11110,명륜4가,202607,연립다세대_매매,타임아트빌,명륜4가,206-15,59.9,68000,,,5,6,2021,,,,,,중개거래,
종로구,11110,신교동,202607,연립다세대_매매,번영주택,신교동,6-3,68.39,63500,,,5,1,2000,,,,,,중개거래,
종로구,11110,숭인동,202607,연립다세대_매매,21스타캐슬,숭인동,581,36.98,31500,,,3,3,2021,,,,,,중개거래,
종로구,11110,숭인동,202607,연립다세대_매매,종로파크,숭인동,72-48,45.03,44500,,,3,26,2015,,,,,,중개거래,
종로구,11110,숭인동,202607,아파트_매매,동문(482-0),숭인동,482,60,55000,,,5,23,2002,,,,,,중개거래,
종로구,11110,숭인동,202607,아파트_매매,블루빌,숭인동,243,44.56,29500,,,6,18,2017,,,,,,중개거래,
종로구,11110,창신동,202607,아파트_매매,창신이수,창신동,23-816,84.5,97000,,,17,10,2003,,,,,,중개거래,
종로구,11110,평창동,202607,아파트_매매,삼성,평창동,596,84.93,77000,,,10,31,1998,,,,,,중개거래,
종로구,11110,숭인동,202607,아파트_매매,종로센트레빌,숭인동,2-1,59.92,116000,,,3,25,2008,,,,,,중개거래,
종로구,11110,구기동,202607,아파트_매매,마운틴뷰,구기동,125-5,73.39,62000,,,3,31,2019,,,,,,중개거래,
종로구,11110,숭인동,202607,아파트_매매,종로센트레빌,숭인동,2-1,59.92,110000,,,6,27,2008,,,,,,중개거래,
종로구,11110,신교동,202607,아파트_매매,신현(101동),신교동,6-13,84.82,95500,,,3,14,2002,,,,,,중개거래,
종로구,11110,무악동,202607,아파트_매매,현대,무악동,82,114.9,171980,,,18,9,2000,,,,,,중개거래,
종로구,11110,평창동,202607,아파트_매매,갑을아파트,평창동,595,30.46,17000,,,9,24,1997,,,,,,중개거래,
종로구,11110,창신동,202607,아파트_매매,창신쌍용1,창신동,702,79.87,93800,,,7,23,1992,,,,,,중개거래,
종로구,11110,홍파동,202607,아파트_매매,경희궁자이(2단지),홍파동,199,84.8359,273000,,,9,23,2017,,,,,,중개거래,
종로구,11110,숭인동,202607,아파트_매매,삼전솔하임4차,숭인동,318-2,15.09,10300,,,11,9,2014,,,,,,중개거래,
종로구,11110,창신동,202607,아파트_매매,창신이수,창신동,23-816,84.5,89000,,,19,15,2003,,,,,,중개거래,
종로구,11110,창신동,202607,아파트_매매,창신이수,창신동,23-816,84.5,96000,,,5,17,2003,,,,,,중개거래,
종로구,11110,무악동,202607,아파트_매매,현대,무악동,82,114.9,167980,,,20,15,2000,,,,,,중개거래,
종로구,11110,숭인동,202607,아파트_매매,종로청계힐스테이트,숭인동,766,59.9426,109500,,,10,17,2009,,,,,,중개거래,
종로구,11110,창신동,202607,아파트_매매,창신쌍용2,창신동,703,79.87,92000,,,4,17,1993,,,,,,중개거래,
종로구,11110,숭인동,202607,아파트_매매,종로센트레빌,숭인동,2-1,84.92,125000,,,2,17,2008,,,,,,중개거래,
종로구,11110,수송동,202607,아파트_매매,로얄팰리스스위트,수송동,85,83.26,110000,,,6,10,2005,,,,,,중개거래,
종로구,11110,숭인동,202607,아파트_매매,종로청계힐스테이트,숭인동,766,59.9426,63500,,,11,14,2009,,,,,,중개거래,
종로구,11110,명륜2가,202607,아파트_매매,아남1,명륜2가,4,84.9,128500,,,14,1,1995,,,,,,중개거래,
종로구,11110,견지동,202607,아파트_매매,대성스카이렉스,견지동,110,149.8,157500,,,13,3,2008,,,,,,중개거래,
종로구,11110,명륜2가,202607,아파트_매매,아남1,명륜2가,4,84.9,129500,,,13,9,1995,,,,,,중개거래,
종로구,11110,평창동,202607,아파트_매매,일성빌라트,평창동,145-5,84.99,86300,,,3,7,1996,,,,,,중개거래,
종로구,11110,창신동,202607,아파트_매매,창신쌍용2,창신동,703,64.66,82000,,,9,13,1993,,,,,,중개거래,
종로구,11110,평창동,202607,아파트_매매,삼성,평창동,596,59.95,66300,,,15,10,1998,,,,,,중개거래,O
종로구,11110,창신동,202607,아파트_매매,창신이수,창신동,23-816,84.5,97000,,,17,10,2003,,,,,,중개거래,O
종로구,11110,창신동,202607,아파트_매매,두산,창신동,232,84.9,116000,,,12,10,1999,,,,,,중개거래,
종로구,11110,평창동,202607,아파트_매매,삼성,평창동,596,59.95,66300,,,15,10,1998,,,,,,중개거래,
종로구,11110,수송동,202607,아파트_매매,로얄팰리스스위트,수송동,85,29.31,34000,,,14,2,2005,,,,,,중개거래,
종로구,11110,숭인동,202607,아파트_매매,숭인한양LEEPS,숭인동,1421-2,12.78,10300,,,6,7,2014,,,,,,중개거래,
종로구,11110,사직동,202607,아파트_매매,광화문스페이스본(101동~105동),사직동,9,146.92,250000,,,10,8,2008,,,,,,직거래,
종로구,11110,숭인동,202607,아파트_매매,종로중흥S클래스,숭인동,202-3,17.811,12300,,,12,3,2013,,,,,,중개거래,
종로구,11110,숭인동,202607,아파트_매매,종로청계힐스테이트,숭인동,766,59.9426,85000,,,16,4,2009,,,,,,중개거래,
종로구,11110,명륜2가,202607,아파트_매매,아남1,명륜2가,4,84.9,120000,,,3,3,1995,,,,,,중개거래,
종로구,11110,무악동,202607,아파트_매매,인왕산아이파크,무악동,60,84.858,160000,,,3,2,2008,,,,,,중개거래,
종로구,11110,숭인동,202606,오피스텔_전월세,리마크빌 종로,숭인동,200-16,23.55,,1000,127,16,27,2026,,,,,,,
종로구,11110,경운동,202606,오피스텔_전월세,운현궁 에스케이 허브,경운동,89-4,41.12,,19000,45,6,11,2005,,,,,,,
종로구,11110,내수동,202606,오피스텔_전월세,경희궁의 아침 3단지,내수동,72,37.5,,1000,110,9,24,2004,신규,26.07~27.07,,,,,
종로구,11110,숭인동,202606,오피스텔_전월세,리마크빌 종로,숭인동,200-16,27.39,,1000,149,9,27,2026,신규,26.08~28.07,,,,,
종로구,11110,숭인동,202606,오피스텔_전월세,리마크빌 종로,숭인동,200-16,23.55,,1000,127,14,27,2026,신규,26.08~28.08,,,,,
종로구,11110,숭인동,202606,오피스텔_전월세,리마크빌 종로,숭인동,200-16,23.55,,1000,127,13,30,2026,신규,26.08~27.08,,,,,
종로구,11110,숭인동,202606,오피스텔_전월세,삼전솔하임4차,숭인동,318-2,19.17,,1000,54,8,18,2014,신규,26.07~27.07,,,,,
종로구,11110,원남동,202606,오피스텔_전월세,휴스턴오피스텔 창경궁 C,원남동,66-6,21.11,,500,95,3,26,2022,신규,26.08~27.08,,,,,
종로구,11110,숭인동,202606,오피스텔_전월세,리마크빌 종로,숭인동,200-16,23.55,,1000,127,16,25,2026,신규,26.08~27.07,,,,,
종로구,11110,숭인동,202606,오피스텔_전월세,리마크빌 종로,숭인동,200-16,27.39,,1000,149,12,24,2026,신규,26.08~28.07,,,,,
종로구,11110,숭인동,202606,오피스텔_전월세,리마크빌 종로,숭인동,200-16,23.55,,1000,127,12,30,2026,신규,26.08~27.08,,,,,
종로구,11110,숭인동,202606,오피스텔_전월세,리마크빌 종로,숭인동,200-16,48.11,,2000,256,16,29,2026,신규,26.08~27.08,,,,,
종로구,11110,숭인동,202606,오피스텔_전월세,리마크빌 종로,숭인동,200-16,23.55,,1000,135,15,26,2026,신규,26.08~28.08,,,,,
종로구,11110,숭인동,202606,오피스텔_전월세,리마크빌 종로,숭인동,200-16,23.55,,1000,135,16,26,2026,신규,26.08~27.08,,,,,
종로구,11110,숭인동,202606,오피스텔_전월세,리마크빌 종로,숭인동,200-16,23.55,,1000,127,15,26,2026,신규,26.08~28.08,,,,,
종로구,11110,숭인동,202606,오피스텔_전월세,리마크빌 종로,숭인동,200-16,23.55,,1000,127,14,30,2026,신규,26.08~28.07,,,,,
종로구,11110,원남동,202606,오피스텔_전월세,코윈 팔레스뷰 오피스텔,원남동,95,24.03,,1000,99,11,27,2003,신규,26.08~28.08,,,,,
종로구,11110,숭인동,202606,오피스텔_전월세,리마크빌 종로,숭인동,200-16,23.55,,1000,135,16,27,2026,신규,26.08~28.08,,,,,
종로구,11110,종로1가,202606,오피스텔_전월세,르메이에르종로타운1,종로1가,24,45.41,,2000,130,16,19,2007,신규,26.07~27.07,,,,,
종로구,11110,숭인동,202606,오피스텔_전월세,리마크빌 종로,숭인동,200-16,23.55,,1000,127,16,26,2026,신규,26.08~27.08,,,,,
종로구,11110,내수동,202606,오피스텔_전월세,경희궁의 아침 2단지,내수동,71,32.43,,5000,78,10,11,2004,신규,26.08~27.08,,,,,
종로구,11110,숭인동,202606,오피스텔_전월세,리마크빌 종로,숭인동,200-16,35.49,,2000,188,13,29,2026,신규,26.08~28.08,,,,,
종로구,11110,숭인동,202606,오피스텔_전월세,리마크빌 종로,숭인동,200-16,35.84,,2000,190,16,25,2026,신규,26.08~28.08,,,,,
종로구,11110,원남동,202606,오피스텔_전월세,휴스턴오피스텔 창경궁,원남동,66-67,24.35,,5000,105,6,24,2023,신규,26.07~27.07,,,,,
종로구,11110,숭인동,202606,오피스텔_전월세,롯데캐슬 천지인,숭인동,76,67.96,,2000,160,14,24,2004,신규,26.07~28.07,,,,,
종로구,11110,숭인동,202606,오피스텔_전월세,헤스티아,숭인동,317-48,15.47,,1000,63,11,11,2020,신규,26.08~27.08,,,,,
종로구,11110,숭인동,202606,오피스텔_전월세,리마크빌 종로,숭인동,200-16,23.55,,1000,135,15,27,2026,신규,26.08~27.07,,,,,
종로구,11110,숭인동,202606,오피스텔_전월세,동대문 아이리스,숭인동,317-58,19.67,,17500,0,8,28,2022,갱신,26.09~28.09,17300.0,,,,
종로구,11110,숭인동,202606,오피스텔_전월세,(317-29),숭인동,317-29,24.47,,26500,0,9,6,2020,신규,26.07~28.07,,,,,
종로구,11110,숭인동,202606,오피스텔_전월세,아이비씨 호텔 앤 오피스텔,숭인동,1396,21.45,,1000,66,9,11,2016,신규,26.07~27.07,,,,,
종로구,11110,숭인동,202606,오피스텔_전월세,삼전솔하임4차,숭인동,318-2,19.17,,500,58,3,30,2014,신규,26.07~27.07,,,,,
종로구,11110,관수동,202606,오피스텔_전월세,종로 하이뷰 디아트,관수동,98-1,18.16,,22000,0,9,13,2020,신규,26.07~28.07,,,,,
종로구,11110,연지동,202606,오피스텔_전월세,더넥스트 종로,연지동,56,18.66,,1000,94,6,27,2022,신규,26.08~27.08,,,,,
종로구,11110,익선동,202606,오피스텔_전월세,BIZ-WELL 종로 오피스텔,익선동,34,23.14,,1000,73,8,26,2004,신규,26.09~27.09,,,,,
종로구,11110,관철동,202606,오피스텔_전월세,종로1번가,관철동,155,25.29,,1000,88,11,25,2005,신규,26.07~27.07,,,,,
종로구,11110,숭인동,202606,오피스텔_전월세,한라 운종가,숭인동,1425,21.71,,22700,0,10,22,2022,갱신,26.08~28.08,23000.0,,,,
종로구,11110,숭인동,202606,오피스텔_전월세,디세븐,숭인동,313-12,14.86,,500,54,13,26,2014,신규,26.07~27.07,,,,,
종로구,11110,숭인동,202606,오피스텔_전월세,아이비씨 호텔 앤 오피스텔,숭인동,1396,21.36,,1000,66,6,23,2016,갱신,26.08~28.08,1000.0,66.0,,,
종로구,11110,숭인동,202606,오피스텔_전월세,아이비씨 호텔 앤 오피스텔,숭인동,1396,64.94,,3000,163,20,18,2016,신규,26.07~27.07,,,,,
종로구,11110,내수동,202606,오피스텔_전월세,용비어천가,내수동,75,37.56,,1000,110,15,17,2004,신규,26.07~27.07,,,,,
종로구,11110,숭인동,202606,오피스텔_전월세,(1392),숭인동,1392,19.84,,5000,37,4,20,2013,신규,26.07~27.07,,,,,
종로구,11110,익선동,202606,오피스텔_전월세,BIZ-WELL 종로 오피스텔,익선동,34,17.2,,500,59,8,5,2004,신규,26.06~27.06,,,,,
종로구,11110,내수동,202606,오피스텔_전월세,경희궁의 아침 2단지,내수동,71,28.9,,1000,95,16,22,2004,신규,26.07~27.07,,,,,
종로구,11110,숭인동,202606,오피스텔_전월세,엘리시앙오피스텔,숭인동,200-33,20.64,,1000,60,7,29,2005,신규,26.07~27.07,,,,,
종로구,11110,숭인동,202606,오피스텔_전월세,아이비씨 호텔 앤 오피스텔,숭인동,1396,21.36,,1000,66,6,17,2016,신규,26.07~27.07,,,,,
종로구,11110,숭인동,202606,오피스텔_전월세,서도휴파크,숭인동,178-100,41.2,,15861,13,5,29,2022,신규,26.07~28.09,,,,,
종로구,11110,숭인동,202606,오피스텔_전월세,숭인한성아펠시티,숭인동,1368,22.28,,27000,0,17,29,2021,신규,26.09~28.09,,,,,
종로구,11110,숭인동,202606,오피스텔_전월세,마실더퍼스트,숭인동,241-19,27.86,,3000,120,8,15,2023,신규,26.06~27.06,,,,,
종로구,11110,익선동,202606,오피스텔_전월세,BIZ-WELL 종로 오피스텔,익선동,34,17.2,,500,58,6,17,2004,갱신,26.07~27.07,500.0,55.0,사용,,
종로구,11110,숭인동,202606,오피스텔_전월세,경일오피스텔,숭인동,1367,18.82,,1000,60,10,30,2005,갱신,26.07~27.01,1000.0,58.0,,,
종로구,11110,종로1가,202606,오피스텔_전월세,르메이에르종로타운1,종로1가,24,36.23,,7000,70,6,30,2007,신규,26.07~27.07,,,,,
종로구,11110,혜화동,202606,오피스텔_전월세,엘루체,혜화동,64-1,25.44,,3000,125,5,25,2025,신규,26.08~27.08,,,,,
종로구,11110,내수동,202606,오피스텔_전월세,용비어천가,내수동,75,41.38,,1000,120,18,1,2004,신규,26.07~27.07,,,,,
종로구,11110,부암동,202606,오피스텔_전월세,타임730오피스텔,부암동,129-8,31.27,,1000,60,6,12,2002,신규,26.06~28.06,,,,,
종로구,11110,숭인동,202606,오피스텔_전월세,숭인한양LEEPS,숭인동,1421-2,17.07,,1000,57,14,15,2014,갱신,26.07~27.07,1000.0,55.0,,,
종로구,11110,숭인동,202606,오피스텔_전월세,경일오피스텔,숭인동,1367,30.21,,1000,100,15,20,2005,신규,26.07~27.07,,,,,
종로구,11110,숭인동,202606,오피스텔_전월세,경일오피스텔,숭인동,1367,22.97,,1000,66,8,10,2005,갱신,26.06~27.06,100.0,63.0,,,
종로구,11110,숭인동,202606,오피스텔_전월세,삼전솔하임4차,숭인동,318-2,19.17,,1000,65,5,26,2014,신규,26.08~27.08,,,,,
종로구,11110,숭인동,202606,오피스텔_전월세,미래지안,숭인동,178-75,23.96,,100,31,5,1,2023,신규,26.06~28.09,,,,,
종로구,11110,숭인동,202606,오피스텔_전월세,아이비씨 호텔 앤 오피스텔,숭인동,1396,21.36,,1000,66,15,15,2016,신규,26.06~27.06,,,,,
종로구,11110,숭인동,202606,오피스텔_전월세,동양파라빌,숭인동,1388,24.93,,1000,60,5,24,2005,갱신,26.08~27.08,1000.0,57.0,,,
종로구,11110,내수동,202606,오피스텔_전월세,용비어천가,내수동,75,30.76,,1000,93,14,10,2004,신규,26.08~27.08,,,,,
종로구,11110,숭인동,202606,오피스텔_전월세,동양파라빌,숭인동,1388,24.93,,1000,60,13,25,2005,신규,26.07~27.07,,,,,
종로구,11110,숭인동,202606,오피스텔_전월세,롯데캐슬 천지인,숭인동,76,39.6,,1000,90,20,18,2004,신규,26.07~28.07,,,,,
종로구,11110,숭인동,202606,오피스텔_전월세,한라 운종가,숭인동,1425,21.14,,19900,0,7,27,2022,신규,26.09~28.09,,,,,
종로구,11110,숭인동,202606,오피스텔_전월세,아이비씨 호텔 앤 오피스텔,숭인동,1396,21.36,,1000,66,11,23,2016,신규,26.06~27.06,,,,,
종로구,11110,숭인동,202606,오피스텔_전월세,우평 원더라움 스투디오,숭인동,313-17,29.97,,4000,133,18,6,2022,신규,26.06~27.06,,,,,
종로구,11110,사직동,202606,오피스텔_전월세,광화문 스페이스본,사직동,9,39.54,,1000,130,11,13,2008,갱신,26.07~27.07,1000.0,110.0,,,
종로구,11110,내수동,202606,오피스텔_전월세,용비어천가,내수동,75,58.92,,36000,0,14,2,2004,신규,26.07~28.07,,,,,
종로구,11110,창신동,202606,오피스텔_전월세,(255-1),창신동,255-1,17.8,,21000,0,8,16,2021,신규,26.08~28.08,,,,,
종로구,11110,숭인동,202606,오피스텔_전월세,한라 운종가,숭인동,1425,23.04,,1000,105,10,20,2022,신규,26.07~27.07,,,,,
종로구,11110,숭인동,202606,오피스텔_전월세,경일오피스텔,숭인동,1367,22.55,,3000,40,6,11,2005,갱신,26.06~27.06,3000.0,39.0,,,
종로구,11110,숭인동,202606,오피스텔_전월세,경일오피스텔,숭인동,1367,22.97,,3000,40,6,23,2005,갱신,26.07~27.07,3000.0,39.0,,,
종로구,11110,숭인동,202606,오피스텔_전월세,경일오피스텔,숭인동,1367,37.01,,1000,88,5,24,2005,갱신,26.07~27.07,1000.0,85.0,,,
종로구,11110,종로5가,202606,오피스텔_전월세,종로5가역 하이뷰더광장,종로5가,138-4,18.97,,24000,0,9,27,2022,신규,26.07~28.07,,,,,
종로구,11110,숭인동,202606,오피스텔_전월세,경일오피스텔,숭인동,1367,18.82,,3000,49,8,18,2005,갱신,26.07~27.06,3000.0,47.0,,,
종로구,11110,숭인동,202606,오피스텔_전월세,경일오피스텔,숭인동,1367,20.14,,1000,63,7,23,2005,갱신,26.08~27.08,1000.0,60.0,,,
종로구,11110,숭인동,202606,오피스텔_전월세,경일오피스텔,숭인동,1367,18.82,,1000,60,7,10,2005,갱신,26.06~27.06,3000.0,36.0,,,
종로구,11110,혜화동,202606,오피스텔_전월세,엘루체,혜화동,64-1,25.44,,3000,125,7,17,2025,신규,26.07~27.07,,,,,
종로구,11110,충신동,202606,오피스텔_전월세,지오지안 대학로,충신동,83,20.63,,4000,90,3,4,2023,신규,26.07~27.07,,,,,
종로구,11110,내수동,202606,오피스텔_전월세,광화문시대,내수동,74,32.01,,14000,40,9,29,2004,갱신,26.07~28.07,13000.0,40.0,,,
종로구,11110,숭인동,202606,오피스텔_전월세,한라 운종가,숭인동,1425,21.14,,1000,100,15,19,2022,갱신,26.07~27.07,1000.0,95.0,,,
종로구,11110,숭인동,202606,오피스텔_전월세,더 카르페디엠 종로 오피스텔,숭인동,201-25,24.21,,1000,100,14,8,2022,신규,26.07~27.06,,,,,
종로구,11110,숭인동,202606,오피스텔_전월세,종로 중흥 S클래스,숭인동,202-3,22.44,,500,68,3,5,2013,신규,26.06~27.06,,,,,
종로구,11110,숭인동,202606,오피스텔_전월세,더 카르페디엠 종로 오피스텔,숭인동,201-25,24.21,,1000,100,3,24,2022,신규,26.07~27.07,,,,,
종로구,11110,창신동,202606,오피스텔_전월세,종로 웰라이프,창신동,302-1,25.09,,20000,0,4,29,2020,신규,26.09~28.09,,,,,
종로구,11110,숭인동,202606,오피스텔_전월세,아이비씨 호텔 앤 오피스텔,숭인동,1396,43.78,,1000,128,19,22,2016,갱신,26.07~27.08,1000.0,128.0,,,
종로구,11110,숭인동,202606,오피스텔_전월세,롯데캐슬 천지인,숭인동,76,39.6,,15000,45,24,29,2004,신규,26.08~28.08,,,,,
종로구,11110,효제동,202606,오피스텔_전월세,BS타워,효제동,193-1,19.83,,18000,0,4,25,2019,신규,26.08~28.08,,,,,
종로구,11110,숭인동,202606,오피스텔_전월세,종로 동광모닝스카이,숭인동,1421-1,19.95,,500,63,7,26,2013,갱신,26.08~27.08,500.0,60.0,,,
종로구,11110,익선동,202606,오피스텔_전월세,BIZ-WELL 종로 오피스텔,익선동,34,17.2,,500,60,9,17,2004,신규,26.06~27.06,,,,,
종로구,11110,연지동,202606,오피스텔_전월세,더넥스트 종로,연지동,56,18.66,,24000,0,9,25,2022,신규,26.07~28.07,,,,,
종로구,11110,숭인동,202606,오피스텔_전월세,한라 운종가,숭인동,1425,21.53,,21600,0,15,29,2022,신규,26.08~28.08,,,,,
종로구,11110,숭인동,202606,오피스텔_전월세,수석컴비즈텔,숭인동,55-6,30.12,,1000,55,6,16,2002,신규,26.07~28.07,,,,,
종로구,11110,숭인동,202606,오피스텔_전월세,서도휴파크,숭인동,178-100,41.2,,6405,66,5,29,2022,신규,26.07~28.09,,,,,
종로구,11110,숭인동,202606,오피스텔_전월세,동양파라빌,숭인동,1388,27.09,,1000,75,12,29,2005,신규,26.08~27.02,,,,,
종로구,11110,숭인동,202606,오피스텔_전월세,더 카르페디엠 종로 오피스텔,숭인동,201-25,24.21,,1000,100,5,22,2022,신규,26.06~27.06,,,,,
종로구,11110,연지동,202606,오피스텔_전월세,더넥스트 종로,연지동,56,18.66,,22200,0,4,4,2022,신규,26.07~28.07,,,,,
종로구,11110,숭인동,202606,오피스텔_전월세,아이비씨 호텔 앤 오피스텔,숭인동,1396,21.45,,1000,66,7,2,2016,신규,26.06~27.06,,,,,
종로구,11110,숭인동,202606,오피스텔_전월세,동양파라빌,숭인동,1388,27.09,,1000,70,2,12,2005,신규,26.06~28.06,,,,,
종로구,11110,숭인동,202606,오피스텔_전월세,리마크빌 종로,숭인동,200-16,23.55,,1000,135,9,29,2026,신규,26.09~27.08,,,,,
종로구,11110,익선동,202606,오피스텔_전월세,BIZ-WELL 종로 오피스텔,익선동,34,23.21,,1000,75,3,23,2004,신규,26.06~27.06,,,,,
종로구,11110,원남동,202606,오피스텔_전월세,코윈 팔레스뷰 오피스텔,원남동,95,24.03,,3000,70,7,13,2003,신규,26.07~28.07,,,,,
종로구,11110,효제동,202606,오피스텔_전월세,BS타워,효제동,193-1,19.83,,4000,80,9,13,2019,신규,26.06~27.06,,,,,
종로구,11110,사직동,202606,오피스텔_전월세,광화문 스페이스본,사직동,9,39.54,,15000,70,6,17,2008,갱신,26.06~27.06,15000.0,60.0,사용,,
종로구,11110,숭인동,202606,오피스텔_전월세,케이디오피스텔,숭인동,217-26,18.18,,1000,85,2,26,2019,신규,26.06~28.06,,,,,
종로구,11110,숭인동,202606,오피스텔_전월세,아폴리움 오피스텔,숭인동,201-7,15.2,,12500,0,11,26,2016,신규,26.06~28.06,,,,,
종로구,11110,숭인동,202606,오피스텔_전월세,더 카르페디엠 종로 오피스텔,숭인동,201-25,24.21,,1000,100,7,1,2022,신규,26.06~27.06,,,,,
종로구,11110,숭인동,202606,오피스텔_전월세,숭인한성아펠시티,숭인동,1368,21.45,,26000,8,10,15,2021,신규,26.06~28.06,,,,,
종로구,11110,숭인동,202606,오피스텔_전월세,우평 원더라움 스투디오,숭인동,313-17,24.79,,26400,0,9,26,2022,갱신,26.06~27.06,25200.0,,,,
종로구,11110,숭인동,202606,오피스텔_전월세,한라 운종가,숭인동,1425,21.71,,1000,100,5,11,2022,신규,26.06~28.06,,,,,
종로구,11110,숭인동,202606,오피스텔_전월세,블루카운티 숭인Ⅰ,숭인동,217-16,27.03,,23500,0,5,25,2020,신규,26.08~28.08,,,,,
종로구,11110,숭인동,202606,오피스텔_전월세,블루카운티 숭인Ⅰ,숭인동,217-16,27.18,,23100,0,7,25,2020,갱신,26.09~28.09,22000.0,,,,
종로구,11110,혜화동,202606,오피스텔_전월세,엘루체,혜화동,64-1,24.99,,3000,120,3,25,2025,신규,26.07~28.07,,,,,
종로구,11110,종로5가,202606,오피스텔_전월세,종로5가역 하이뷰더광장,종로5가,138-4,18.97,,24150,0,6,20,2022,신규,26.07~28.07,,,,,
종로구,11110,숭인동,202606,오피스텔_전월세,종로 동광모닝스카이,숭인동,1421-1,19.95,,1000,65,4,4,2013,신규,26.06~27.06,,,,,
종로구,11110,사직동,202606,오피스텔_전월세,광화문 스페이스본,사직동,9,39.54,,1000,125,5,13,2008,신규,26.06~28.06,,,,,
종로구,11110,혜화동,202606,오피스텔_전월세,엘루체,혜화동,64-1,24.99,,3000,120,4,24,2025,신규,26.08~28.08,,,,,
종로구,11110,숭인동,202606,오피스텔_전월세,한라 운종가,숭인동,1425,20.67,,20800,0,11,25,2022,갱신,26.07~28.07,20800.0,,,,
종로구,11110,혜화동,202606,오피스텔_전월세,엘루체,혜화동,64-1,40.23,,38000,0,4,24,2025,신규,26.08~28.08,,,,,
종로구,11110,혜화동,202606,오피스텔_전월세,엘루체,혜화동,64-1,25.44,,3000,120,4,24,2025,신규,26.08~27.08,,,,,
종로구,11110,숭인동,202606,오피스텔_전월세,헤스티아,숭인동,317-48,15.47,,14100,0,12,22,2020,신규,26.08~28.08,,,,,
종로구,11110,숭인동,202606,오피스텔_전월세,동양파라빌,숭인동,1388,27.09,,500,70,11,22,2005,갱신,26.08~27.08,500.0,70.0,,,
종로구,11110,숭인동,202606,오피스텔_전월세,한라 운종가,숭인동,1425,24.75,,1000,109,12,13,2022,신규,26.08~27.08,,,,,
종로구,11110,원남동,202606,오피스텔_전월세,휴스턴오피스텔 창경궁,원남동,66-67,18.45,,1000,105,6,23,2023,신규,26.08~27.08,,,,,
종로구,11110,숭인동,202606,오피스텔_전월세,동양파라빌,숭인동,1388,24.93,,11750,10,7,22,2005,신규,26.07~28.07,,,,,
종로구,11110,연지동,202606,오피스텔_전월세,로얄파크뷰,연지동,238-5,18.06,,16800,11,8,22,2019,신규,26.07~27.08,,,,,
종로구,11110,연지동,202606,오피스텔_전월세,더넥스트 종로,연지동,56,18.66,,23500,0,4,20,2022,신규,26.07~28.07,,,,,
종로구,11110,숭인동,202606,오피스텔_전월세,롯데캐슬 천지인,숭인동,76,39.6,,1000,95,17,3,2004,신규,26.06~28.06,,,,,
종로구,11110,연지동,202606,오피스텔_전월세,대보213,연지동,74-12,20.2,,100,49,4,1,2024,신규,26.07~28.09,,,,,
종로구,11110,숭인동,202606,오피스텔_전월세,한라 운종가,숭인동,1425,21.53,,1000,78,4,13,2022,신규,26.06~28.06,,,,,
종로구,11110,숭인동,202606,오피스텔_전월세,한라 운종가,숭인동,1425,21.14,,1000,114,8,23,2022,갱신,26.08~27.08,1000.0,109.0,,,
종로구,11110,창신동,202606,오피스텔_전월세,(255-1),창신동,255-1,15.59,,9000,43,8,22,2021,신규,26.08~28.12,,,,,
종로구,11110,숭인동,202606,오피스텔_전월세,롯데캐슬 천지인,숭인동,76,39.6,,1000,90,2,10,2004,신규,26.06~28.06,,,,,
종로구,11110,내수동,202606,오피스텔_전월세,경희궁의 아침 3단지,내수동,72,37.5,,10000,63,13,22,2004,신규,26.08~27.08,,,,,
종로구,11110,숭인동,202606,오피스텔_전월세,한라 운종가,숭인동,1425,38.05,,10000,130,12,15,2022,신규,26.08~27.08,,,,,
종로구,11110,숭인동,202606,오피스텔_전월세,종로 아인스빌,숭인동,1392-1,17.88,,1000,55,3,9,2013,신규,26.07~27.07,,,,,
종로구,11110,숭인동,202606,오피스텔_전월세,숭인한성아펠시티,숭인동,1368,21.45,,1000,110,7,19,2021,신규,26.06~28.06,,,,,
종로구,11110,숭인동,202606,오피스텔_전월세,아이비씨 호텔 앤 오피스텔,숭인동,1396,43.84,,2000,123,19,17,2016,신규,26.08~27.08,,,,,
종로구,11110,혜화동,202606,오피스텔_전월세,엘루체,혜화동,64-1,40.23,,38000,0,6,22,2025,신규,26.08~28.08,,,,,
종로구,11110,숭인동,202606,오피스텔_전월세,엘리시앙오피스텔,숭인동,200-33,20.64,,1000,57,5,16,2005,신규,26.06~28.06,,,,,
종로구,11110,숭인동,202606,오피스텔_전월세,동양파라빌,숭인동,1388,27.09,,1000,47,12,13,2005,신규,26.08~27.08,,,,,
종로구,11110,효제동,202606,오피스텔_전월세,이지마루종로,효제동,126-2,33.71,,2000,150,3,8,2021,신규,26.06~27.06,,,,,
종로구,11110,내수동,202606,오피스텔_전월세,경희궁의 아침 4단지,내수동,73,28.24,,1000,86,15,19,2004,갱신,26.06~28.06,1000.0,82.0,,,
종로구,11110,숭인동,202606,오피스텔_전월세,우평 원더라움 스투디오,숭인동,313-17,24.79,,26400,0,5,18,2022,갱신,26.06~27.06,25200.0,,사용,,
종로구,11110,연지동,202606,오피스텔_전월세,로얄파크뷰,연지동,238-5,18.66,,1000,80,2,4,2019,신규,26.06~27.06,,,,,
종로구,11110,숭인동,202606,오피스텔_전월세,한라 운종가,숭인동,1425,43.95,,5000,160,5,6,2022,신규,26.06~27.06,,,,,
종로구,11110,내수동,202606,오피스텔_전월세,광화문시대,내수동,74,34.9,,24000,0,12,18,2004,신규,26.07~27.07,,,,,
종로구,11110,숭인동,202606,오피스텔_전월세,삼전솔하임4차,숭인동,318-2,19.17,,10300,5,4,19,2014,갱신,26.08~28.08,10300.0,5.0,사용,,
종로구,11110,관수동,202606,오피스텔_전월세,종로 하이뷰 디아트,관수동,98-1,18.16,,1000,105,7,18,2020,갱신,26.07~27.06,1000.0,100.0,사용,,
종로구,11110,숭인동,202606,오피스텔_전월세,한라 운종가,숭인동,1425,49.19,,26000,70,8,18,2022,신규,26.07~28.07,,,,,
종로구,11110,수송동,202606,오피스텔_전월세,두산위브파빌리온,수송동,58,64.55,,41000,0,12,8,2004,신규,26.07~28.07,,,,,
종로구,11110,수송동,202606,오피스텔_전월세,두산위브파빌리온,수송동,58,57.65,,38000,0,9,18,2004,신규,26.08~28.08,,,,,
종로구,11110,숭인동,202606,오피스텔_전월세,종로 동광모닝스카이,숭인동,1421-1,19.95,,1000,60,6,3,2013,신규,26.06~27.06,,,,,
종로구,11110,숭인동,202606,오피스텔_전월세,아폴리움 오피스텔,숭인동,201-7,15.2,,500,65,9,18,2016,갱신,26.08~28.08,500.0,65.0,,,
종로구,11110,연건동,202606,오피스텔_전월세,대보마로니에텔,연건동,206,35.7,,500,100,2,17,2001,신규,26.06~27.02,,,,,
종로구,11110,숭인동,202606,오피스텔_전월세,아이비씨 호텔 앤 오피스텔,숭인동,1396,21.45,,1000,66,10,5,2016,갱신,26.08~27.08,1000.0,66.0,,,
종로구,11110,연지동,202606,오피스텔_전월세,더넥스트 종로,연지동,56,18.66,,500,60,6,17,2022,신규,26.07~29.06,,,,,
종로구,11110,혜화동,202606,오피스텔_전월세,엘루체,혜화동,64-1,40.23,,38000,0,5,17,2025,신규,26.07~27.07,,,,,
종로구,11110,숭인동,202606,오피스텔_전월세,종로 아인스빌,숭인동,1392-1,17.88,,1000,60,6,17,2013,신규,26.06~27.06,,,,,
종로구,11110,관수동,202606,오피스텔_전월세,신일 해피트리앤,관수동,4,19.34,,22000,15,10,13,2022,신규,26.07~28.07,,,,,
종로구,11110,연지동,202606,오피스텔_전월세,리베르떼_연지,연지동,222,19.93,,1000,71,5,12,2019,신규,26.06~28.06,,,,,
종로구,11110,창신동,202606,오피스텔_전월세,(255-1),창신동,255-1,17.8,,21000,0,8,15,2021,신규,26.08~28.08,,,,,
종로구,11110,숭인동,202606,오피스텔_전월세,헤스티아,숭인동,317-48,15.28,,13000,8,17,15,2020,신규,26.07~28.07,,,,,
종로구,11110,숭인동,202606,오피스텔_전월세,동양파라빌,숭인동,1388,27.09,,500,75,13,6,2005,신규,26.08~27.08,,,,,
종로구,11110,숭인동,202606,오피스텔_전월세,종로대우디오빌,숭인동,310,29.65,,16200,0,14,13,2004,신규,26.07~28.07,,,,,
종로구,11110,숭인동,202606,오피스텔_전월세,한라 운종가,숭인동,1425,21.14,,20000,7,6,15,2022,신규,26.08~28.08,,,,,
종로구,11110,익선동,202606,오피스텔_전월세,BIZ-WELL 종로 오피스텔,익선동,34,23.42,,1000,75,5,4,2004,신규,26.06~27.06,,,,,
종로구,11110,경운동,202606,오피스텔_전월세,운현궁 에스케이 허브,경운동,89-4,39.65,,26000,0,12,13,2005,신규,26.07~28.07,,,,,
종로구,11110,숭인동,202606,오피스텔_전월세,동양파라빌,숭인동,1388,24.93,,500,65,4,13,2005,신규,26.06~27.06,,,,,
종로구,11110,연지동,202606,오피스텔_전월세,로얄파크뷰,연지동,238-5,18.66,,15700,0,8,12,2019,신규,26.07~28.07,,,,,
종로구,11110,사직동,202606,오피스텔_전월세,광화문 스페이스본,사직동,9,39.54,,34000,0,2,13,2008,신규,26.08~27.08,,,,,
종로구,11110,내수동,202606,오피스텔_전월세,경희궁의 아침 2단지,내수동,71,32.43,,1000,100,6,8,2004,신규,26.07~27.07,,,,,
종로구,11110,혜화동,202606,오피스텔_전월세,엘루체,혜화동,64-1,24.99,,3000,125,5,12,2025,신규,26.08~28.08,,,,,
종로구,11110,연지동,202606,오피스텔_전월세,로얄파크뷰,연지동,238-5,18.06,,15500,15,2,12,2019,신규,26.07~28.07,,,,,
종로구,11110,혜화동,202606,오피스텔_전월세,엘루체,혜화동,64-1,24.99,,3000,120,4,9,2025,신규,26.06~27.06,,,,,
종로구,11110,교북동,202606,오피스텔_전월세,경희궁자이,교북동,126,25.91,,2000,120,4,12,2017,신규,26.08~27.08,,,,,
종로구,11110,숭인동,202606,오피스텔_전월세,종로대우디오빌,숭인동,310,29.65,,16000,0,14,11,2004,신규,26.07~28.07,,,,,
종로구,11110,숭인동,202606,오피스텔_전월세,헤스티아,숭인동,317-48,13.12,,12000,0,9,4,2020,신규,26.08~28.08,,,,,
종로구,11110,숭인동,202606,오피스텔_전월세,종로대우디오빌,숭인동,310,28.89,,1000,75,4,9,2004,신규,26.06~27.06,,,,,
종로구,11110,숭인동,202606,오피스텔_전월세,숭인한성아펠시티,숭인동,1368,21.45,,12000,60,6,9,2021,신규,26.06~28.06,,,,,
종로구,11110,숭인동,202606,오피스텔_전월세,아폴리움 오피스텔,숭인동,201-7,15.2,,12500,0,11,9,2016,신규,26.06~28.06,,,,,
종로구,11110,내수동,202606,오피스텔_전월세,용비어천가,내수동,75,30.76,,21500,0,2,8,2004,신규,26.08~27.08,,,,,
종로구,11110,숭인동,202606,오피스텔_전월세,동양파라빌,숭인동,1388,27.09,,5000,50,8,9,2005,신규,26.08~27.08,,,,,
종로구,11110,교북동,202606,오피스텔_전월세,경희궁자이,교북동,126,25.91,,1000,105,4,7,2017,갱신,26.08~28.08,1000.0,100.0,,,
종로구,11110,숭인동,202606,오피스텔_전월세,블루빌,숭인동,243,44.05,,1500,120,3,8,2017,갱신,26.06~28.06,2000.0,100.0,,,
종로구,11110,인의동,202606,오피스텔_전월세,루비온오피스텔,인의동,28-26,18.2,,17500,25,14,4,2021,신규,26.06~28.06,,,,,
종로구,11110,혜화동,202606,오피스텔_전월세,엘루체,혜화동,64-1,40.23,,39000,0,7,5,2025,신규,26.07~28.07,,,,,
종로구,11110,숭인동,202606,오피스텔_전월세,동양파라빌,숭인동,1388,24.93,,500,67,2,5,2005,신규,26.07~27.07,,,,,
종로구,11110,숭인동,202606,오피스텔_전월세,헤스티아,숭인동,317-48,15.47,,10000,14,2,2,2020,갱신,26.08~28.08,13000.0,,,,
종로구,11110,숭인동,202606,오피스텔_전월세,헤스티아,숭인동,317-48,15.47,,13000,10,16,1,2020,신규,26.08~28.08,,,,,
종로구,11110,숭인동,202606,오피스텔_전월세,수석컴비즈텔,숭인동,55-6,23.84,,1000,55,5,2,2002,신규,26.06~28.06,,,,,
종로구,11110,교북동,202606,오피스텔_전월세,경희궁자이,교북동,126,25.91,,1000,120,2,2,2017,신규,26.06~28.06,,,,,
종로구,11110,숭인동,202606,오피스텔_전월세,종로 동광모닝스카이,숭인동,1421-1,19.95,,500,65,8,1,2013,신규,26.06~27.06,,,,,
종로구,11110,명륜1가,202606,연립다세대_전월세,HKHOUSE,명륜1가,33-8,29.22,,18000,50,3,27,2014,,,,,,,
종로구,11110,신교동,202606,연립다세대_전월세,(17-26),신교동,17-26,48.19,,22000,0,1,2,1997,신규,26.08~28.08,,,,,
종로구,11110,사직동,202606,연립다세대_전월세,(287-0),사직동,287,36.71,,20000,0,2,14,2001,신규,26.08~28.08,,,,,
종로구,11110,삼청동,202606,연립다세대_전월세,진산빌라,삼청동,35-130,55.26,,30000,50,3,19,1997,신규,26.08~28.08,,,,,
종로구,11110,숭인동,202606,연립다세대_전월세,아폴리움,숭인동,201-7,24.2,,1000,95,16,17,2016,신규,26.07~27.07,,,,,
종로구,11110,연지동,202606,연립다세대_전월세,연지스테이트,연지동,6-1,17.53,,1000,60,3,8,2011,신규,26.06~28.06,,,,,
종로구,11110,명륜1가,202606,연립다세대_전월세,OSKhouse,명륜1가,36-20,21.16,,2000,84,3,17,2011,신규,26.08~28.08,,,,,
종로구,11110,신영동,202606,연립다세대_전월세,북악더테라스2단지,신영동,211-11,84.99,,70000,0,-1,5,2019,신규,26.09~28.09,,,,,
종로구,11110,연지동,202606,연립다세대_전월세,주함해븐타워(2동),연지동,193-1,17.14,,60,36,7,24,2019,신규,26.06~28.09,,,,,
종로구,11110,숭인동,202606,연립다세대_전월세,숭인동연립주택,숭인동,456,59.98,,2000,110,3,24,2001,신규,26.08~28.08,,,,,
종로구,11110,연건동,202606,연립다세대_전월세,(102-1),연건동,102-1,39.15,,1000,90,2,15,1995,신규,26.06~30.06,,,,,
종로구,11110,원서동,202606,연립다세대_전월세,상원주택(203동),원서동,135-84,59.79,,24000,0,4,19,1999,신규,26.07~28.07,,,,,
종로구,11110,명륜1가,202606,연립다세대_전월세,(33-17),명륜1가,33-17,18.18,,1000,76,3,27,2013,신규,26.07~28.07,,,,,
종로구,11110,누상동,202606,연립다세대_전월세,서촌예가,누상동,85-1,67.52,,40000,0,1,30,2003,신규,26.07~28.07,,,,,
종로구,11110,창신동,202606,연립다세대_전월세,(640-179),창신동,640-179,29.12,,13000,0,1,30,1993,신규,26.07~28.07,,,,,
종로구,11110,부암동,202606,연립다세대_전월세,부암포레스트B,부암동,44-3,59.59,,37500,0,2,30,2020,신규,26.08~28.08,,,,,
종로구,11110,신교동,202606,연립다세대_전월세,(50-1)청운피아노,신교동,50-1,48.6,,20000,50,2,23,1997,신규,26.07~28.07,,,,,
종로구,11110,동숭동,202606,연립다세대_전월세,정선재,동숭동,201-4,29.18,,2000,58,2,19,2015,신규,26.07~28.06,,,,,
종로구,11110,누상동,202606,연립다세대_전월세,영하임,누상동,70,59.64,,24000,40,1,13,2000,신규,26.09~28.09,,,,,
종로구,11110,창신동,202606,연립다세대_전월세,종로웰라이프,창신동,302-1,20.2,,18000,0,5,26,2020,갱신,26.08~27.08,18000.0,,사용,,
종로구,11110,명륜2가,202606,연립다세대_전월세,트리니엘,명륜2가,160-3,50.74,,5000,200,3,18,2022,신규,26.07~28.07,,,,,
종로구,11110,평창동,202606,연립다세대_전월세,리치빌2,평창동,293-46,73.33,,35000,0,5,20,2002,신규,26.09~28.09,,,,,
종로구,11110,원서동,202606,연립다세대_전월세,상원빌라트,원서동,135-71,41.15,,1000,60,2,21,1999,신규,26.07~28.07,,,,,
종로구,11110,원서동,202606,연립다세대_전월세,엘빌라트,원서동,76-50,25.53,,1000,50,2,23,2001,신규,26.07~28.07,,,,,
종로구,11110,원서동,202606,연립다세대_전월세,금강빌라,원서동,4-8,42.75,,2000,90,1,19,1996,신규,26.07~28.07,,,,,
종로구,11110,운니동,202606,연립다세대_전월세,453STairs,운니동,45-3,12.32,,1000,57,2,13,2011,신규,26.07~27.07,,,,,
종로구,11110,명륜1가,202606,연립다세대_전월세,(33-17),명륜1가,33-17,17.28,,1000,71,1,25,2013,신규,26.07~28.07,,,,,
종로구,11110,평창동,202606,연립다세대_전월세,롯데빌라,평창동,177-1,84.54,,50000,0,1,9,1993,신규,26.07~28.07,,,,,
종로구,11110,연건동,202606,연립다세대_전월세,상일빌라,연건동,301-2,55.65,,3000,110,2,15,1993,신규,26.07~28.07,,,,,
종로구,11110,행촌동,202606,연립다세대_전월세,(210-44),행촌동,210-44,37.33,,1000,50,4,11,1996,신규,26.07~28.07,,,,,
종로구,11110,명륜3가,202606,연립다세대_전월세,(1-20),명륜3가,1-20,25.05,,1000,75,3,17,1995,신규,26.07~28.07,,,,,
종로구,11110,숭인동,202606,연립다세대_전월세,장미맨숀,숭인동,56-80,72.72,,1000,110,-1,24,1992,신규,26.06~28.06,,,,,
종로구,11110,구기동,202606,연립다세대_전월세,현대구기빌라,구기동,130,84.63,,5000,225,1,28,1986,신규,26.08~28.08,,,,,
종로구,11110,숭인동,202606,연립다세대_전월세,삼성쉐르빌,숭인동,72-156,38.24,,30000,0,1,9,2020,신규,26.08~28.08,,,,,
종로구,11110,신영동,202606,연립다세대_전월세,라비스타,신영동,179-21,54.87,,36900,0,2,23,2018,신규,26.08~28.08,,,,,
종로구,11110,종로6가,202606,연립다세대_전월세,종로센트라노,종로6가,8,27.17,,30000,0,2,27,2026,신규,26.07~28.07,,,,,
종로구,11110,명륜3가,202606,연립다세대_전월세,(1-89),명륜3가,1-89,44.35,,2000,120,4,1,1996,신규,26.06~28.06,,,,,
종로구,11110,숭인동,202606,연립다세대_전월세,늘푸른빌라,숭인동,672,65.21,,22000,25,2,12,2004,갱신,26.07~28.07,22000.0,5.0,사용,,
종로구,11110,창신동,202606,연립다세대_전월세,어울재,창신동,138-40,28.82,,25000,0,3,11,2020,신규,26.07~28.07,,,,,
종로구,11110,혜화동,202606,연립다세대_전월세,(71-8),혜화동,71-8,18.15,,1000,63,2,13,2013,갱신,26.08~28.08,1000.0,60.0,,,
종로구,11110,숭인동,202606,연립다세대_전월세,(179-34),숭인동,179-34,33.5,,1000,40,1,3,1996,신규,26.07~28.07,,,,,
종로구,11110,명륜3가,202606,연립다세대_전월세,(1-87),명륜3가,1-87,42.36,,500,50,1,30,1997,신규,26.07~28.07,,,,,
종로구,11110,행촌동,202606,연립다세대_전월세,(210-422),행촌동,210-422,36.99,,3000,85,4,5,1995,신규,26.07~28.07,,,,,
종로구,11110,명륜3가,202606,연립다세대_전월세,(1-178),명륜3가,1-178,40.71,,1000,72,3,30,1995,신규,26.06~28.06,,,,,
종로구,11110,명륜3가,202606,연립다세대_전월세,(1-947),명륜3가,1-947,55.67,,200,35,3,29,1998,신규,26.07~28.07,,,,,
종로구,11110,신영동,202606,연립다세대_전월세,라비스타,신영동,179-21,54.87,,36900,0,2,23,2018,신규,26.08~28.08,,,,,
종로구,11110,동숭동,202606,연립다세대_전월세,(4-45),동숭동,4-45,41.4,,1000,70,4,17,1997,신규,26.07~28.06,,,,,
종로구,11110,부암동,202606,연립다세대_전월세,스위트빌,부암동,29-10,80.02,,32550,0,1,2,2001,신규,26.07~28.07,,,,,
종로구,11110,명륜1가,202606,연립다세대_전월세,대보하이츠,명륜1가,29-4,84.28,,20000,140,3,8,1998,신규,26.08~28.08,,,,,
종로구,11110,명륜1가,202606,연립다세대_전월세,(36-16),명륜1가,36-16,13.69,,1000,55,2,26,2009,신규,26.08~28.08,,,,,
종로구,11110,명륜1가,202606,연립다세대_전월세,(36-16),명륜1가,36-16,13.69,,1000,55,4,26,2009,갱신,26.07~27.07,1000.0,55.0,사용,,
종로구,11110,원서동,202606,연립다세대_전월세,비원빌라,원서동,135-48,58.41,,25000,0,1,17,2000,신규,26.07~28.07,,,,,
종로구,11110,행촌동,202606,연립다세대_전월세,(210-220),행촌동,210-220,46.02,,5000,90,2,26,1993,신규,26.07~28.07,,,,,
종로구,11110,종로6가,202606,연립다세대_전월세,종로센트라노,종로6가,8,29.76,,30000,0,4,17,2026,신규,26.07~28.07,,,,,
종로구,11110,종로6가,202606,연립다세대_전월세,종로센트라노,종로6가,8,29.76,,30000,0,4,17,2026,신규,26.07~28.07,,,,,
종로구,11110,원서동,202606,연립다세대_전월세,비원빌라,원서동,135-48,58.41,,25000,0,1,17,2000,신규,26.07~28.07,,,,,
종로구,11110,종로6가,202606,연립다세대_전월세,종로센트라노,종로6가,8,20.19,,22000,0,3,9,2026,신규,26.07~28.07,,,,,
종로구,11110,구기동,202606,연립다세대_전월세,현대빌라(1차),구기동,150,216.58,,84000,0,1,26,1992,갱신,26.07~28.07,80000.0,,사용,,
종로구,11110,명륜3가,202606,연립다세대_전월세,(1-178),명륜3가,1-178,43.49,,1000,77,2,21,1995,신규,26.06~28.06,,,,,
종로구,11110,신영동,202606,연립다세대_전월세,현대빌리지,신영동,103-1,72.88,,3000,90,4,27,1995,신규,26.09~28.08,,,,,
종로구,11110,명륜1가,202606,연립다세대_전월세,크라운빌B동,명륜1가,36-17,15.02,,1000,70,3,6,2010,신규,26.07~27.06,,,,,
종로구,11110,숭인동,202606,연립다세대_전월세,이화,숭인동,72-46,84.54,,3000,137,1,27,2002,갱신,26.08~28.08,3000.0,130.0,사용,,
종로구,11110,명륜3가,202606,연립다세대_전월세,(88-5),명륜3가,88-5,37.8,,1000,54,3,15,2003,신규,26.07~27.02,,,,,
종로구,11110,명륜3가,202606,연립다세대_전월세,(1-64),명륜3가,1-64,52.64,,1000,110,3,7,2002,신규,26.07~28.06,,,,,
종로구,11110,숭인동,202606,연립다세대_전월세,숭인스톤카운티,숭인동,72-95,30.6,,6290,23,5,29,2021,갱신,26.10~28.09,110.0,54.0,,,
종로구,11110,동숭동,202606,연립다세대_전월세,(4-120),동숭동,4-120,24.96,,5000,40,1,25,1996,신규,26.07~28.07,,,,,
종로구,11110,구기동,202606,연립다세대_전월세,현대그랜드빌리젠시,구기동,139-21,244.88,,100000,0,4,30,1998,신규,26.07~28.06,,,,,
종로구,11110,가회동,202606,연립다세대_전월세,한화빌라(1-93),가회동,1-93,273.07,,0,1300,1,30,2006,신규,26.07~28.07,,,,,
종로구,11110,창신동,202606,연립다세대_전월세,"창신B,C동(23-814)",창신동,23-814,42.15,,2000,70,2,18,1963,신규,26.06~28.06,,,,,
종로구,11110,구기동,202606,연립다세대_전월세,효창마운틴빌,구기동,136-2,103.95,,55000,0,2,20,2005,갱신,26.06~28.06,51000.0,,,,
종로구,11110,창신동,202606,연립다세대_전월세,연화빌,창신동,128-30,29.97,,21000,10,2,21,2019,신규,26.07~28.07,,,,,
종로구,11110,명륜3가,202606,연립다세대_전월세,(1-841),명륜3가,1-841,44.3,,500,55,4,24,1996,신규,26.06~28.07,,,,,
종로구,11110,신영동,202606,연립다세대_전월세,보은빌라,신영동,214-27,53.19,,6000,60,3,29,1992,신규,26.07~28.07,,,,,
종로구,11110,명륜2가,202606,연립다세대_전월세,비취하우스,명륜2가,43-4,48.93,,1000,135,5,5,2009,신규,26.08~28.08,,,,,
종로구,11110,명륜3가,202606,연립다세대_전월세,(1-89),명륜3가,1-89,51.64,,2000,120,4,30,1996,신규,26.06~28.06,,,,,
종로구,11110,숭인동,202606,연립다세대_전월세,월드메카,숭인동,586,70.53,,26300,0,2,2,2006,신규,26.07~28.07,,,,,
종로구,11110,명륜3가,202606,연립다세대_전월세,(1-831),명륜3가,1-831,55.9,,400,50,2,15,1995,신규,26.06~28.06,,,,,
종로구,11110,명륜2가,202606,연립다세대_전월세,강남빌라,명륜2가,109,84.48,,15000,70,1,30,1993,신규,26.06~28.06,,,,,
종로구,11110,행촌동,202606,연립다세대_전월세,홍파빌라,행촌동,1-46,51.1,,5000,100,1,15,1999,신규,26.08~28.08,,,,,
종로구,11110,숭인동,202606,연립다세대_전월세,정우빌라B동,숭인동,521-1,45.18,,1000,44,3,23,2002,갱신,26.08~28.07,1000.0,42.0,,,
종로구,11110,숭인동,202606,연립다세대_전월세,N.S숭인빌라,숭인동,7-13,51.29,,3000,39,2,29,2014,신규,26.07~28.09,,,,,
종로구,11110,원서동,202606,연립다세대_전월세,궁전빌라트나동,원서동,135-41,58.02,,37200,33,3,21,2000,갱신,26.07~28.07,34800.0,34.0,,,
종로구,11110,창신동,202606,연립다세대_전월세,성준빌라5차,창신동,629-61,54.16,,13650,0,2,9,2000,갱신,26.06~28.06,13650.0,,,,
종로구,11110,혜화동,202606,연립다세대_전월세,(71-8),혜화동,71-8,21.57,,2000,68,3,26,2013,신규,26.07~28.08,,,,,
종로구,11110,동숭동,202606,연립다세대_전월세,(4-6),동숭동,4-6,13.19,,1000,60,2,28,2017,신규,26.06~28.06,,,,,
종로구,11110,창신동,202606,연립다세대_전월세,(640-193),창신동,640-193,38.56,,500,40,4,15,2002,신규,26.07~28.07,,,,,
종로구,11110,체부동,202606,연립다세대_전월세,청마빌라,체부동,106-1,73.84,,48000,0,1,26,2001,신규,26.09~28.09,,,,,
종로구,11110,종로6가,202606,연립다세대_전월세,종로센트라노,종로6가,8,28.5,,25000,0,5,26,2026,신규,26.06~28.06,,,,,
종로구,11110,누상동,202606,연립다세대_전월세,녹원하이츠빌라1동,누상동,166-207,56.55,,28500,0,2,28,1998,갱신,26.06~28.06,27000.0,,,,
종로구,11110,명륜1가,202606,연립다세대_전월세,HKHOUSE,명륜1가,33-8,29.22,,18000,50,3,27,2014,갱신,26.09~28.09,18000.0,44.0,사용,,
종로구,11110,이화동,202606,연립다세대_전월세,(28-10),이화동,28-10,16.69,,1000,55,3,20,2014,신규,26.06~27.06,,,,,
종로구,11110,창신동,202606,연립다세대_전월세,(625-13),창신동,625-13,59.88,,14000,0,3,27,2000,갱신,26.06~28.06,12000.0,15.0,,,
종로구,11110,동숭동,202606,연립다세대_전월세,(4-100),동숭동,4-100,26.69,,7700,18,1,18,1996,신규,26.07~28.07,,,,,
종로구,11110,동숭동,202606,연립다세대_전월세,(4-6),동숭동,4-6,17.7,,1000,68,2,13,2017,신규,26.06~28.06,,,,,
종로구,11110,누상동,202606,연립다세대_전월세,유니힐하이츠1,누상동,166-125,57.06,,22000,0,1,19,2000,신규,26.08~28.08,,,,,
종로구,11110,숭인동,202606,연립다세대_전월세,(181-119),숭인동,181-119,33.69,,1000,60,3,22,1998,신규,26.08~28.08,,,,,
종로구,11110,명륜3가,202606,연립다세대_전월세,(1-846),명륜3가,1-846,29.98,,500,50,2,3,2001,신규,26.06~28.06,,,,,
종로구,11110,신교동,202606,연립다세대_전월세,샤니대리점,신교동,47,59.7,,20000,100,5,25,1997,신규,26.09~28.09,,,,,
종로구,11110,연지동,202606,연립다세대_전월세,주함해븐타워(3동),연지동,111,22.08,,60,43,6,24,2019,신규,26.06~28.09,,,,,
종로구,11110,연지동,202606,연립다세대_전월세,주함해븐타워(2동),연지동,193-1,17.14,,60,36,7,24,2019,신규,26.06~28.09,,,,,
종로구,11110,숭인동,202606,연립다세대_전월세,(181-159),숭인동,181-159,37.47,,1000,90,-1,19,1996,신규,26.06~28.06,,,,,
종로구,11110,누상동,202606,연립다세대_전월세,수정빌리지,누상동,111,28.53,,8000,27,2,20,2000,갱신,26.06~28.06,8000.0,24.0,,,
종로구,11110,동숭동,202606,연립다세대_전월세,(4-35),동숭동,4-35,18.21,,500,50,3,10,2010,신규,26.07~28.07,,,,,
종로구,11110,숭인동,202606,연립다세대_전월세,로하스빌12차,숭인동,72-149,43.72,,30000,0,2,24,2019,갱신,26.06~28.06,30000.0,,,,
종로구,11110,동숭동,202606,연립다세대_전월세,(4-125),동숭동,4-125,21.79,,1000,50,4,3,1998,신규,26.06~28.06,,,,,
종로구,11110,동숭동,202606,연립다세대_전월세,(4-55),동숭동,4-55,48.84,,2000,80,2,1,1999,신규,26.06~28.06,,,,,
종로구,11110,신영동,202606,연립다세대_전월세,라비스타,신영동,179-21,54.87,,40800,0,1,19,2018,갱신,26.06~28.09,39000.0,,,,
종로구,11110,가회동,202606,연립다세대_전월세,한화빌라(1-94),가회동,1-94,229.35,,0,1000,1,11,2006,갱신,26.09~26.12,,1000.0,,,
종로구,11110,숭인동,202606,연립다세대_전월세,(179-44),숭인동,179-44,23.5,,500,35,-1,13,1996,신규,26.06~28.06,,,,,
종로구,11110,명륜3가,202606,연립다세대_전월세,(1-350),명륜3가,1-350,49.23,,500,50,1,5,1997,신규,26.06~28.07,,,,,
종로구,11110,평창동,202606,연립다세대_전월세,금강주택,평창동,170,84.95,,5000,130,1,23,1992,갱신,26.07~28.07,5000.0,130.0,,,
종로구,11110,신교동,202606,연립다세대_전월세,수만빌리지,신교동,36,52.2,,31000,0,3,9,1997,신규,26.07~28.07,,,,,
종로구,11110,명륜3가,202606,연립다세대_전월세,(1-846),명륜3가,1-846,80.83,,1000,110,4,11,2001,신규,26.06~27.12,,,,,
종로구,11110,명륜4가,202606,연립다세대_전월세,(49-2),명륜4가,49-2,15.2,,1000,55,2,13,2009,신규,26.06~27.06,,,,,
종로구,11110,동숭동,202606,연립다세대_전월세,(2-17),동숭동,2-17,54.39,,20700,0,1,19,1986,신규,26.07~28.07,,,,,
종로구,11110,종로6가,202606,연립다세대_전월세,종로센트라노,종로6가,8,20.19,,22000,0,4,11,2026,신규,26.06~28.06,,,,,
종로구,11110,체부동,202606,연립다세대_전월세,우정빌라,체부동,171,80.87,,50000,35,4,22,2003,신규,26.08~28.08,,,,,
종로구,11110,종로6가,202606,연립다세대_전월세,종로센트라노,종로6가,8,29.76,,30000,0,4,17,2026,신규,26.07~28.07,,,,,
종로구,11110,신영동,202606,연립다세대_전월세,경동빌라,신영동,167-1,104,,10000,125,2,20,1987,신규,26.10~28.10,,,,,
종로구,11110,구기동,202606,연립다세대_전월세,"삼진파크맨션(다,라동)",구기동,121,140.1,,40000,0,3,12,1986,신규,26.08~28.08,,,,,
종로구,11110,창신동,202606,연립다세대_전월세,(226-40),창신동,226-40,33.16,,10000,10,1,20,1994,신규,26.08~28.08,,,,,
종로구,11110,종로6가,202606,연립다세대_전월세,종로센트라노,종로6가,8,29.76,,30000,0,5,19,2026,신규,26.07~28.07,,,,,
종로구,11110,숭인동,202606,연립다세대_전월세,우현빌,숭인동,593,14.51,,500,45,3,1,2017,신규,26.06~28.06,,,,,
종로구,11110,신영동,202606,연립다세대_전월세,(135-2),신영동,135-2,200.06,,3000,70,2,6,1985,신규,26.07~28.07,,,,,
종로구,11110,사직동,202606,연립다세대_전월세,사직타운71,사직동,311-71,41.16,,1000,70,2,7,1989,신규,26.06~28.06,,,,,
종로구,11110,숭인동,202606,연립다세대_전월세,중앙빌라,숭인동,615,78.23,,25000,10,3,15,2005,신규,26.09~28.09,,,,,
종로구,11110,숭인동,202606,연립다세대_전월세,씨티빌라,숭인동,56-84,23,,4000,30,2,19,2006,갱신,26.07~28.07,4000.0,28.0,,,
종로구,11110,종로6가,202606,연립다세대_전월세,종로센트라노,종로6가,8,29.76,,30000,0,3,19,2026,신규,26.07~28.07,,,,,
종로구,11110,명륜1가,202606,연립다세대_전월세,크라운빌A동,명륜1가,46-1,15.01,,1000,70,2,16,2010,신규,26.08~27.07,,,,,
종로구,11110,행촌동,202606,연립다세대_전월세,(210-67),행촌동,210-67,41.89,,1000,60,2,11,1996,신규,26.06~28.06,,,,,
종로구,11110,누상동,202606,연립다세대_전월세,해동빌라,누상동,29-7,59.85,,26500,7,2,18,2000,갱신,26.08~28.08,26500.0,,사용,,
종로구,11110,동숭동,202606,연립다세대_전월세,(4-100),동숭동,4-100,26.69,,10000,0,1,18,1996,신규,26.07~28.07,,,,,
종로구,11110,숭인동,202606,연립다세대_전월세,월드메카,숭인동,586,70.53,,31500,0,2,2,2006,신규,26.07~28.07,,,,,
종로구,11110,숭인동,202606,연립다세대_전월세,삼성쉐르빌,숭인동,72-156,38.24,,30000,0,1,9,2020,신규,26.08~28.08,,,,,
종로구,11110,평창동,202606,연립다세대_전월세,(154-22),평창동,154-22,31.93,,10000,15,1,11,2002,신규,26.07~28.07,,,,,
종로구,11110,창신동,202606,연립다세대_전월세,(640-60),창신동,640-60,85.37,,7000,0,3,15,2002,갱신,26.06~28.06,6000.0,,,,
종로구,11110,창신동,202606,연립다세대_전월세,동대문상가,창신동,436-64,40.87,,1000,70,4,5,1968,신규,26.06~28.06,,,,,
종로구,11110,옥인동,202606,연립다세대_전월세,옥인,옥인동,183-1,58.57,,28000,58,2,17,1980,갱신,26.08~27.10,28000.0,50.0,,,
종로구,11110,명륜3가,202606,연립다세대_전월세,(1-350),명륜3가,1-350,49.23,,500,55,1,15,1997,신규,26.06~28.02,,,,,
종로구,11110,창신동,202606,연립다세대_전월세,어울재,창신동,138-40,28.82,,25000,0,3,11,2020,신규,26.07~28.07,,,,,
종로구,11110,혜화동,202606,연립다세대_전월세,행운의집,혜화동,22-18,47.69,,31000,0,2,12,2016,신규,26.08~28.08,,,,,
종로구,11110,숭인동,202606,연립다세대_전월세,정원파크빌라,숭인동,577,71.19,,20000,14,1,16,1990,갱신,26.06~28.06,20000.0,10.0,사용,,
종로구,11110,동숭동,202606,연립다세대_전월세,정선재,동숭동,201-4,29.18,,2000,56,1,9,2015,신규,26.06~28.06,,,,,
종로구,11110,명륜3가,202606,연립다세대_전월세,(1-841),명륜3가,1-841,44.3,,500,40,-1,4,1996,신규,26.06~28.07,,,,,
종로구,11110,숭인동,202606,연립다세대_전월세,현진빌라B동,숭인동,178-84,54.28,,25000,0,3,15,2003,갱신,26.06~28.06,23000.0,,,,
종로구,11110,가회동,202606,연립다세대_전월세,한화빌라(1-94),가회동,1-94,229.35,,0,1000,1,14,2006,갱신,26.06~27.06,,1000.0,,,
종로구,11110,구기동,202606,연립다세대_전월세,한솔리더빌,구기동,95-14,69.45,,27000,0,1,10,2002,신규,26.06~28.06,,,,,
종로구,11110,행촌동,202606,연립다세대_전월세,정우빌라,행촌동,1-78,58.03,,25000,50,3,14,2000,신규,26.08~28.08,,,,,
종로구,11110,명륜3가,202606,연립다세대_전월세,(1-947),명륜3가,1-947,55.67,,200,33,3,2,1998,신규,26.06~28.06,,,,,
종로구,11110,창신동,202606,연립다세대_전월세,(595-29),창신동,595-29,32.76,,16000,0,3,12,1992,갱신,26.06~28.06,16000.0,,사용,,
종로구,11110,숭인동,202606,연립다세대_전월세,한서아이빌,숭인동,714,56.5,,23300,0,3,12,2003,갱신,26.07~28.07,22500.0,,사용,,
종로구,11110,종로6가,202606,연립다세대_전월세,종로센트라노,종로6가,8,27.17,,30000,0,4,12,2026,신규,26.08~28.08,,,,,
종로구,11110,명륜2가,202606,연립다세대_전월세,비취하우스,명륜2가,43-4,59.64,,1000,140,2,3,2009,신규,26.06~27.01,,,,,
종로구,11110,행촌동,202606,연립다세대_전월세,씨티하우스,행촌동,171-26,52.03,,19309,0,4,6,2000,갱신,26.07~28.07,18390.0,,사용,,
종로구,11110,신영동,202606,연립다세대_전월세,썬빌라,신영동,100-1,50.89,,12000,44,1,11,2001,갱신,26.07~28.07,12000.0,40.0,,,
종로구,11110,누상동,202606,연립다세대_전월세,웰빙하우스,누상동,10,32.16,,10000,30,1,11,2005,신규,26.07~28.07,,,,,
종로구,11110,체부동,202606,연립다세대_전월세,청마빌라,체부동,106-1,26.11,,5000,60,3,11,2001,신규,26.06~28.06,,,,,
종로구,11110,내수동,202606,연립다세대_전월세,경희궁빌,내수동,110-18,90.68,,63000,0,1,8,1995,신규,26.10~28.10,,,,,
종로구,11110,부암동,202606,연립다세대_전월세,부암스카이빌,부암동,129-10,75.7,,15000,80,3,3,2003,신규,26.07~28.07,,,,,
종로구,11110,행촌동,202606,연립다세대_전월세,(210-324),행촌동,210-324,50.73,,5000,70,3,6,2000,신규,26.07~28.07,,,,,
종로구,11110,구기동,202606,연립다세대_전월세,건덕빌라(8동),구기동,166,353.98,,120100,0,1,9,1997,갱신,26.06~27.06,120000.0,,,,
종로구,11110,동숭동,202606,연립다세대_전월세,(6-6),동숭동,6-6,45.96,,16000,0,3,8,1997,신규,26.06~28.06,,,,,
종로구,11110,창신동,202606,연립다세대_전월세,동대문상가,창신동,436-64,40.87,,1000,70,4,5,1968,신규,26.06~28.06,,,,,
종로구,11110,창신동,202606,연립다세대_전월세,동대문상가,창신동,436-64,50.74,,14500,0,5,8,1968,신규,26.08~28.08,,,,,
종로구,11110,창신동,202606,연립다세대_전월세,(629-7),창신동,629-7,52.63,,8000,0,-1,4,2000,신규,26.09~28.09,,,,,
종로구,11110,평창동,202606,연립다세대_전월세,건우빌라B동,평창동,202-13,26.24,,3000,30,3,8,1996,신규,26.07~28.07,,,,,
종로구,11110,명륜1가,202606,연립다세대_전월세,HKHOUSE,명륜1가,33-8,29.22,,5000,84,2,8,2014,신규,26.06~28.06,,,,,
종로구,11110,누상동,202606,연립다세대_전월세,166-203,누상동,166-203,59.3,,25500,5,1,5,1998,신규,26.07~28.07,,,,,
종로구,11110,창신동,202606,연립다세대_전월세,(629-38),창신동,629-38,24.24,,7000,0,3,5,1996,갱신,26.06~28.06,7000.0,,,,
종로구,11110,숭인동,202606,연립다세대_전월세,본동타운,숭인동,460,89.86,,300,39,3,8,2004,신규,26.06~28.06,,,,,
종로구,11110,누상동,202606,연립다세대_전월세,166-203,누상동,166-203,59.3,,25500,5,1,5,1998,신규,26.07~28.07,,,,,
종로구,11110,신영동,202606,연립다세대_전월세,경남그린하우스,신영동,179-7,49.14,,18900,0,3,3,1997,갱신,26.07~28.07,18000.0,,사용,,
종로구,11110,구기동,202606,연립다세대_전월세,우남빌라,구기동,56-10,49.79,,19000,0,3,4,1991,갱신,26.06~28.06,19000.0,,,,
종로구,11110,무악동,202606,연립다세대_전월세,성곽해오름빌,무악동,46-1914,27.58,,1000,58,2,2,2012,갱신,26.07~28.07,1000.0,55.0,,,
종로구,11110,평창동,202606,연립다세대_전월세,(200-3),평창동,200-3,27.84,,15000,0,2,5,2017,신규,26.07~28.07,,,,,
종로구,11110,동숭동,202606,연립다세대_전월세,(129-74),동숭동,129-74,34.56,,1000,90,1,2,1994,신규,26.06~27.06,,,,,
종로구,11110,누상동,202606,연립다세대_전월세,웰빙하우스,누상동,10,28.08,,6000,50,3,4,2005,신규,26.06~28.06,,,,,
종로구,11110,구기동,202606,연립다세대_전월세,쌍용더플래티넘종로구기동,구기동,267,84.9974,,83000,0,2,3,2021,신규,26.08~28.08,,,,,
종로구,11110,구기동,202606,연립다세대_전월세,구기탕춘대빌라,구기동,24-1,51.45,,5000,79,2,4,2015,신규,26.06~28.06,,,,,
종로구,11110,신교동,202606,연립다세대_전월세,유정촌,신교동,46-1,58.64,,26500,30,4,1,2002,신규,26.08~28.08,,,,,
종로구,11110,동숭동,202606,연립다세대_전월세,팔도그린빌라(31-10),동숭동,31-10,66.61,,350,35,3,1,1994,신규,26.06~27.06,,,,,
종로구,11110,부암동,202606,연립다세대_전월세,(210-21),부암동,210-21,29.55,,8000,33,4,1,2013,신규,26.08~28.07,,,,,
종로구,11110,숭인동,202606,아파트_전월세,종로센트레빌,숭인동,2-1,59.92,,52500,0,4,20,2008,,,,,,,
종로구,11110,무악동,202606,아파트_전월세,경희궁롯데캐슬,무악동,89,84.8792,,108000,0,10,8,2019,,,,,,,
종로구,11110,평동,202606,아파트_전월세,경희궁자이(3단지),평동,233,59.7547,,95000,20,5,25,2017,갱신,26.06~28.06,95000.0,,,,
종로구,11110,사직동,202606,아파트_전월세,광화문스페이스본(101동~105동),사직동,9,159.01,,135000,0,3,5,2008,신규,26.08~28.08,,,,,
종로구,11110,무악동,202606,아파트_전월세,경희궁롯데캐슬,무악동,89,84.8792,,106000,0,12,28,2019,신규,26.09~28.09,,,,,
종로구,11110,숭인동,202606,아파트_전월세,종로중흥S클래스,숭인동,202-3,19.466,,1000,70,9,16,2013,신규,26.07~27.07,,,,,
종로구,11110,창신동,202606,아파트_전월세,창신쌍용2,창신동,703,79.87,,5000,170,12,30,1993,신규,26.08~28.08,,,,,
종로구,11110,효제동,202606,아파트_전월세,이지마루종로,효제동,126-2,26.64,,2000,150,8,18,2021,신규,26.08~27.08,,,,,
종로구,11110,평동,202606,아파트_전월세,경희궁자이(3단지),평동,233,84.614,,115500,0,11,20,2017,갱신,26.09~27.02,110000.0,,,,
종로구,11110,사직동,202606,아파트_전월세,광화문스페이스본(101동~105동),사직동,9,94.51,,10000,370,12,1,2008,신규,26.07~28.07,,,,,
종로구,11110,익선동,202606,아파트_전월세,현대뜨레비앙,익선동,55,48.54,,1000,120,4,10,2003,신규,26.07~28.07,,,,,
종로구,11110,무악동,202606,아파트_전월세,인왕산아이파크,무악동,60,114.931,,70000,130,12,29,2008,신규,26.08~28.08,,,,,
종로구,11110,홍파동,202606,아파트_전월세,경희궁자이(2단지),홍파동,199,59.895,,100000,0,12,20,2017,신규,26.07~28.08,,,,,
종로구,11110,홍파동,202606,아파트_전월세,경희궁자이(2단지),홍파동,199,59.8547,,30000,230,14,27,2017,갱신,26.08~28.08,30000.0,220.0,사용,,
종로구,11110,행촌동,202606,아파트_전월세,경희궁자이(1단지),행촌동,211,39.0561,,17028,46,4,15,2017,신규,26.07~28.09,,,,,
종로구,11110,효제동,202606,아파트_전월세,이지마루종로,효제동,126-2,19.31,,2000,120,13,19,2021,신규,26.07~27.07,,,,,
종로구,11110,평동,202606,아파트_전월세,경희궁자이(3단지),평동,233,84.614,,125000,0,16,25,2017,신규,26.09~28.09,,,,,
종로구,11110,숭인동,202606,아파트_전월세,숭인한양LEEPS,숭인동,1421-2,12.78,,5000,37,10,11,2014,갱신,26.07~28.07,5000.0,35.0,,,
종로구,11110,필운동,202606,아파트_전월세,사직파크맨션,필운동,142,99.17,,52500,0,5,29,1973,갱신,26.06~28.06,50000.0,,,,
종로구,11110,연지동,202606,아파트_전월세,아르젠종로,연지동,163-3,14.21,,1000,60,10,17,2015,신규,26.07~27.07,,,,,
종로구,11110,사직동,202606,아파트_전월세,광화문스페이스본(101동~105동),사직동,9,97.61,,96000,0,1,27,2008,신규,26.10~28.10,,,,,
종로구,11110,창신동,202606,아파트_전월세,창신쌍용2,창신동,703,79.87,,5000,170,12,30,1993,신규,26.08~28.08,,,,,
종로구,11110,낙원동,202606,아파트_전월세,삼일주택,낙원동,22-1,13.64,,1000,65,2,19,2013,신규,26.07~27.07,,,,,
종로구,11110,사직동,202606,아파트_전월세,광화문스페이스본(101동~105동),사직동,9,160.85,,10000,470,14,20,2008,갱신,26.08~28.08,10000.0,450.0,사용,,
종로구,11110,숭인동,202606,아파트_전월세,종로아인스빌,숭인동,1392-1,12.15,,3000,47,11,22,2013,갱신,26.07~28.07,3000.0,47.0,,,
종로구,11110,숭인동,202606,아파트_전월세,삼전솔하임4차,숭인동,318-2,15.09,,3000,55,14,27,2014,신규,26.08~28.08,,,,,
종로구,11110,창신동,202606,아파트_전월세,창신쌍용1,창신동,702,79.87,,10000,150,12,24,1992,신규,26.08~28.08,,,,,
종로구,11110,숭인동,202606,아파트_전월세,종로동광모닝스카이,숭인동,1421-1,15.855,,10000,0,9,6,2013,신규,26.07~28.07,,,,,
종로구,11110,창신동,202606,아파트_전월세,창신쌍용2,창신동,703,106.62,,50000,0,1,27,1993,신규,26.09~28.09,,,,,
종로구,11110,내수동,202606,아파트_전월세,킹스매너,내수동,110-15,201.82,,1100,1100,1,29,2004,신규,26.07~28.07,,,,,
종로구,11110,숭인동,202606,아파트_전월세,종로유케이201,숭인동,201-11,12.09,,500,57,12,23,2013,신규,26.07~27.07,,,,,
종로구,11110,평창동,202606,아파트_전월세,삼성,평창동,596,84.93,,55000,0,8,15,1998,신규,26.08~28.08,,,,,
종로구,11110,숭인동,202606,아파트_전월세,영하우스,숭인동,207-32,16.59,,1000,59,11,22,2015,신규,26.06~27.06,,,,,
종로구,11110,창신동,202606,아파트_전월세,두산,창신동,232,84.9,,20000,220,16,6,1999,신규,26.07~28.07,,,,,
종로구,11110,사직동,202606,아파트_전월세,광화문스페이스본(106동),사직동,9-1,153.42,,130000,0,4,23,2008,신규,26.08~28.08,,,,,
종로구,11110,홍파동,202606,아파트_전월세,경희궁자이(2단지),홍파동,199,84.9443,,135000,0,1,15,2017,갱신,26.07~28.06,120000.0,,,,
종로구,11110,행촌동,202606,아파트_전월세,경희궁자이(1단지),행촌동,211,39.0561,,11776,64,9,15,2017,신규,26.07~28.09,,,,,
종로구,11110,평창동,202606,아파트_전월세,롯데낙천대,평창동,72,133.34,,30000,200,13,27,2001,신규,26.09~28.09,,,,,
종로구,11110,숭인동,202606,아파트_전월세,종로동광모닝스카이,숭인동,1421-1,15.855,,500,70,15,27,2013,갱신,26.06~27.06,2000.0,55.0,,,
종로구,11110,평동,202606,아파트_전월세,경희궁자이(3단지),평동,233,84.8359,,80000,200,13,17,2017,갱신,26.07~28.07,80000.0,160.0,,,
종로구,11110,무악동,202606,아파트_전월세,현대,무악동,82,114.9,,64000,0,5,26,2000,신규,26.07~30.07,,,,,
종로구,11110,행촌동,202606,아파트_전월세,경희궁자이(1단지),행촌동,211,44.026,,8801,9,12,8,2017,신규,26.06~28.08,,,,,
종로구,11110,숭인동,202606,아파트_전월세,영하우스,숭인동,207-32,16.59,,4560,42,10,12,2015,갱신,26.07~28.07,4560.0,42.0,,,
종로구,11110,교북동,202606,아파트_전월세,경희궁자이(4단지),교북동,126,33.982,,6000,170,6,10,2017,신규,26.08~27.04,,,,,
종로구,11110,교북동,202606,아파트_전월세,경희궁자이(4단지),교북동,126,37.2635,,10000,220,9,28,2017,신규,26.08~28.08,,,,,
종로구,11110,숭인동,202606,아파트_전월세,영하우스,숭인동,207-32,16.59,,2000,53,13,29,2015,신규,26.07~27.07,,,,,
종로구,11110,숭인동,202606,아파트_전월세,종로청계힐스테이트,숭인동,766,59.9426,,10000,270,4,30,2009,신규,26.08~28.08,,,,,
종로구,11110,숭인동,202606,아파트_전월세,삼전솔하임2차,숭인동,296-19,16.67,,1000,65,8,27,2012,신규,26.07~28.07,,,,,
종로구,11110,숭인동,202606,아파트_전월세,블루버드숭인,숭인동,202-10,28.21,,3000,158,7,2,2023,신규,26.06~27.06,,,,,
종로구,11110,창신동,202606,아파트_전월세,브라운스톤창신,창신동,23-76,84.87,,56000,0,3,3,2006,갱신,26.06~26.08,56000.0,,사용,,
종로구,11110,사직동,202606,아파트_전월세,광화문스페이스본(101동~105동),사직동,9,131.44,,5000,450,8,10,2008,신규,26.08~28.08,,,,,
종로구,11110,평창동,202606,아파트_전월세,삼성,평창동,596,59.97,,17000,108,15,26,1998,갱신,26.08~27.08,17000.0,100.0,사용,,
종로구,11110,숭인동,202606,아파트_전월세,종로센트레빌,숭인동,2-1,84.92,,10000,200,9,27,2008,갱신,26.07~28.07,10000.0,190.0,사용,,
종로구,11110,무악동,202606,아파트_전월세,현대,무악동,82,114.9,,84000,0,8,13,2000,신규,26.08~28.08,,,,,
종로구,11110,숭인동,202606,아파트_전월세,종로동광모닝스카이,숭인동,1421-1,15.855,,500,65,16,24,2013,신규,26.06~27.06,,,,,
종로구,11110,숭인동,202606,아파트_전월세,종로중흥S클래스,숭인동,202-3,17.811,,500,70,9,8,2013,신규,26.07~27.06,,,,,
종로구,11110,창신동,202606,아파트_전월세,창신이수,창신동,23-816,84.5,,60000,0,18,26,2003,신규,26.09~28.09,,,,,
종로구,11110,창신동,202606,아파트_전월세,창신쌍용1,창신동,702,79.87,,46500,0,12,22,1992,갱신,26.08~28.08,45000.0,,사용,,
종로구,11110,숭인동,202606,아파트_전월세,에비뉴청계Ⅰ,숭인동,1419-2,16.23,,5000,75,16,8,2023,신규,26.06~27.06,,,,,
종로구,11110,충신동,202606,아파트_전월세,힐스테이트창경궁,충신동,60,84.96,,100000,0,8,30,2022,신규,26.08~28.08,,,,,
종로구,11110,교북동,202606,아파트_전월세,경희궁자이(4단지),교북동,126,37.2635,,15000,181,9,30,2017,갱신,26.09~27.09,15000.0,170.0,사용,,
종로구,11110,홍파동,202606,아파트_전월세,경희궁자이(2단지),홍파동,199,59.8547,,80000,100,7,30,2017,신규,26.10~28.10,,,,,
종로구,11110,평동,202606,아파트_전월세,경희궁자이(3단지),평동,233,84.614,,125000,0,16,25,2017,신규,26.09~28.09,,,,,
종로구,11110,무악동,202606,아파트_전월세,경희궁롯데캐슬,무악동,89,84.8792,,110000,0,12,28,2019,신규,26.09~28.09,,,,,
종로구,11110,창신동,202606,아파트_전월세,창신쌍용2,창신동,703,79.87,,49000,0,6,19,1993,신규,26.08~28.08,,,,,
종로구,11110,평동,202606,아파트_전월세,경희궁자이(3단지),평동,233,84.8359,,123000,0,5,29,2017,갱신,26.06~27.02,115000.0,,,,
종로구,11110,숭인동,202606,아파트_전월세,숭인한양LEEPS,숭인동,1421-2,12.78,,1000,65,8,18,2014,신규,26.06~27.06,,,,,
종로구,11110,홍파동,202606,아파트_전월세,경희궁자이(2단지),홍파동,199,59.895,,30000,300,14,29,2017,신규,26.08~28.08,,,,,
종로구,11110,숭인동,202606,아파트_전월세,삼전솔하임2차,숭인동,296-19,15,,500,54,6,13,2012,갱신,26.08~27.08,500.0,51.0,사용,,
종로구,11110,숭인동,202606,아파트_전월세,삼전솔하임2차,숭인동,296-19,15,,1000,70,9,29,2012,신규,26.08~27.08,,,,,
종로구,11110,무악동,202606,아파트_전월세,현대,무악동,82,84.92,,75000,0,12,27,2000,신규,26.09~28.09,,,,,
종로구,11110,창신동,202606,아파트_전월세,창신쌍용2,창신동,703,54.7,,36750,0,6,14,1993,신규,26.08~28.08,,,,,
종로구,11110,숭인동,202606,아파트_전월세,종로센트레빌,숭인동,2-1,84.92,,10000,200,9,27,2008,갱신,26.07~28.07,10000.0,190.0,사용,,
종로구,11110,평창동,202606,아파트_전월세,벽산블루밍평창힐스,평창동,45,210.53,,135000,0,4,13,2004,신규,26.09~29.02,,,,,
종로구,11110,낙원동,202606,아파트_전월세,낙원,낙원동,288,63.47,,15000,0,13,22,1968,신규,26.06~28.06,,,,,
종로구,11110,창신동,202606,아파트_전월세,창신쌍용2,창신동,703,54.7,,36750,0,6,14,1993,신규,26.08~28.08,,,,,
종로구,11110,숭인동,202606,아파트_전월세,종로동광모닝스카이,숭인동,1421-1,15.855,,1000,70,16,17,2013,신규,26.08~28.08,,,,,
종로구,11110,숭인동,202606,아파트_전월세,에비뉴청계Ⅰ,숭인동,1419-2,16.01,,3000,90,16,25,2023,신규,26.07~27.07,,,,,
종로구,11110,내수동,202606,아파트_전월세,경희궁의아침3단지,내수동,72,149,,0,578,11,25,2004,갱신,26.08~28.08,,550.0,사용,,
종로구,11110,숭인동,202606,아파트_전월세,블루버드숭인,숭인동,202-10,28.21,,35500,0,12,2,2023,신규,26.06~28.06,,,,,
종로구,11110,창신동,202606,아파트_전월세,MID그린(8동),창신동,602-1,59.01,,25000,0,6,13,2002,갱신,26.06~28.06,25000.0,,,,
종로구,11110,숭인동,202606,아파트_전월세,종로유케이201,숭인동,201-11,12.08,,7200,0,10,18,2013,신규,26.07~28.07,,,,,
종로구,11110,명륜2가,202606,아파트_전월세,아남1,명륜2가,4,84.8,,71700,0,15,25,1995,신규,26.07~28.07,,,,,
종로구,11110,홍파동,202606,아파트_전월세,경희궁자이(2단지),홍파동,199,84.8359,,125000,0,13,13,2017,신규,26.07~28.07,,,,,
종로구,11110,당주동,202606,아파트_전월세,세종,당주동,100,104.73,,63000,0,5,17,1983,신규,26.06~28.06,,,,,
종로구,11110,창신동,202606,아파트_전월세,동대문,창신동,328-17,28.8,,1000,70,4,23,1966,신규,26.06~27.06,,,,,
종로구,11110,숭인동,202606,아파트_전월세,숭인모범105동,숭인동,569-3,59.74,,21000,10,1,25,2000,갱신,26.06~28.06,21000.0,,사용,,
종로구,11110,창신동,202606,아파트_전월세,창신쌍용2,창신동,703,106.62,,45000,50,12,16,1993,신규,26.06~28.06,,,,,
종로구,11110,익선동,202606,아파트_전월세,현대뜨레비앙,익선동,55,48.54,,1000,105,3,4,2003,신규,26.06~28.06,,,,,
종로구,11110,무악동,202606,아파트_전월세,인왕산2차아이파크,무악동,88,112.5301,,5000,270,6,24,2015,신규,26.08~27.08,,,,,
종로구,11110,숭인동,202606,아파트_전월세,종로동광모닝스카이,숭인동,1421-1,15.855,,500,65,16,10,2013,신규,26.06~27.06,,,,,
종로구,11110,숭인동,202606,아파트_전월세,숭인모범101동,숭인동,569,59.64,,28000,10,7,24,2000,갱신,26.07~28.07,28000.0,,사용,,
종로구,11110,숭인동,202606,아파트_전월세,블루버드숭인,숭인동,202-10,28.21,,15000,98,8,8,2023,갱신,26.06~28.06,15000.0,95.0,사용,,
종로구,11110,숭인동,202606,아파트_전월세,종로센트레빌,숭인동,2-1,84.92,,60000,0,7,12,2008,갱신,26.06~28.06,50000.0,,,,
종로구,11110,홍파동,202606,아파트_전월세,경희궁자이(2단지),홍파동,199,59.8655,,85330,0,3,20,2017,갱신,26.07~28.07,81270.0,,사용,,
종로구,11110,숭인동,202606,아파트_전월세,숭인모범101동,숭인동,569,59.7,,24000,10,3,23,2000,신규,26.08~28.08,,,,,
종로구,11110,효제동,202606,아파트_전월세,이지마루종로,효제동,126-2,19.31,,2000,120,5,17,2021,신규,26.06~27.06,,,,,
종로구,11110,숭인동,202606,아파트_전월세,종로중흥S클래스,숭인동,202-3,17.811,,1000,64,6,5,2013,신규,26.06~27.06,,,,,
종로구,11110,홍파동,202606,아파트_전월세,경희궁자이(2단지),홍파동,199,59.8547,,90000,50,17,21,2017,갱신,26.08~28.08,90000.0,,,,
종로구,11110,평동,202606,아파트_전월세,경희궁자이(3단지),평동,233,84.8359,,115000,0,12,22,2017,갱신,26.08~28.08,110000.0,,사용,,
종로구,11110,무악동,202606,아파트_전월세,인왕산아이파크,무악동,60,84.858,,5000,320,4,20,2008,신규,26.07~28.07,,,,,
종로구,11110,무악동,202606,아파트_전월세,인왕산2차아이파크,무악동,88,84.068,,80000,0,8,20,2015,신규,26.09~28.09,,,,,
종로구,11110,숭인동,202606,아파트_전월세,종로중흥S클래스,숭인동,202-3,19.466,,1000,63,5,10,2013,갱신,26.06~27.06,1000.0,60.0,,,
종로구,11110,창신동,202606,아파트_전월세,창신쌍용2,창신동,703,106.62,,55000,0,2,15,1993,갱신,26.06~28.06,50000.0,,,,
종로구,11110,홍파동,202606,아파트_전월세,경희궁자이(2단지),홍파동,199,84.8359,,110250,0,15,20,2017,갱신,26.08~28.08,105000.0,,사용,,
종로구,11110,숭인동,202606,아파트_전월세,종로중흥S클래스,숭인동,202-3,17.811,,1000,70,8,19,2013,신규,26.06~27.06,,,,,
종로구,11110,교북동,202606,아파트_전월세,경희궁자이(4단지),교북동,126,45.879,,62500,0,19,17,2017,갱신,26.06~27.06,60000.0,,사용,,
종로구,11110,홍파동,202606,아파트_전월세,경희궁자이(2단지),홍파동,199,59.895,,95550,0,4,15,2017,갱신,26.09~28.09,91000.0,,사용,,
종로구,11110,충신동,202606,아파트_전월세,힐스테이트창경궁,충신동,60,76.82,,25000,193,9,17,2022,갱신,26.06~27.06,25000.0,193.0,사용,,
종로구,11110,숭인동,202606,아파트_전월세,에비뉴청계Ⅱ,숭인동,1420,17.04,,2000,120,8,19,2025,신규,26.08~27.08,,,,,
종로구,11110,평동,202606,아파트_전월세,경희궁자이(3단지),평동,233,59.8547,,93000,0,15,9,2017,갱신,26.10~27.06,93000.0,,사용,,
종로구,11110,창신동,202606,아파트_전월세,창신쌍용2,창신동,703,79.87,,49000,0,6,19,1993,신규,26.08~28.08,,,,,
종로구,11110,창신동,202606,아파트_전월세,창신쌍용2,창신동,703,54.7,,39000,0,9,13,1993,신규,26.10~28.10,,,,,
종로구,11110,숭인동,202606,아파트_전월세,숭인모범101동,숭인동,569,59.7,,26000,10,4,19,2000,갱신,26.06~28.06,26000.0,,,,
종로구,11110,숭인동,202606,아파트_전월세,숭인모범104동,숭인동,569-2,55.26,,25000,10,2,18,2000,갱신,26.06~28.06,25000.0,,사용,,
종로구,11110,홍파동,202606,아파트_전월세,경희궁자이(2단지),홍파동,199,59.895,,30000,280,4,4,2017,갱신,26.08~28.08,30000.0,230.0,,,
종로구,11110,효제동,202606,아파트_전월세,이지마루종로,효제동,126-2,26.33,,2000,150,9,8,2021,신규,26.06~27.06,,,,,
종로구,11110,명륜3가,202606,아파트_전월세,한빛,명륜3가,1-30,59.73,,15000,80,4,13,1999,갱신,26.06~28.06,25000.0,,사용,,
종로구,11110,홍파동,202606,아파트_전월세,경희궁자이(2단지),홍파동,199,101.9914,,143850,0,7,17,2017,갱신,26.09~28.09,137000.0,,사용,,
종로구,11110,명륜2가,202606,아파트_전월세,아남1,명륜2가,4,84.9,,79000,0,16,10,1995,갱신,26.07~28.07,76000.0,,사용,,
종로구,11110,창신동,202606,아파트_전월세,동문상가,창신동,436-41,56.69,,11000,0,6,3,1970,신규,26.07~28.07,,,,,
종로구,11110,숭인동,202606,아파트_전월세,숭인모범104동,숭인동,569-2,55.26,,22000,4,3,13,2000,갱신,26.07~28.07,22000.0,,사용,,
종로구,11110,홍파동,202606,아파트_전월세,경희궁자이(2단지),홍파동,199,84.614,,45000,250,5,3,2017,갱신,26.08~28.04,45000.0,230.0,사용,,
종로구,11110,명륜2가,202606,아파트_전월세,아남2,명륜2가,236,84.96,,30000,102,2,13,1996,신규,26.07~28.06,,,,,
종로구,11110,충신동,202606,아파트_전월세,힐스테이트창경궁,충신동,60,76.82,,25000,192,5,10,2022,신규,26.07~28.07,,,,,
종로구,11110,평동,202606,아파트_전월세,경희궁자이(3단지),평동,233,59.8547,,107000,0,12,13,2017,신규,26.08~28.08,,,,,
종로구,11110,평동,202606,아파트_전월세,경희궁자이(3단지),평동,233,84.8359,,123000,0,1,15,2017,신규,26.07~28.07,,,,,
종로구,11110,홍파동,202606,아파트_전월세,경희궁자이(2단지),홍파동,199,59.8547,,20000,360,13,15,2017,신규,26.08~28.08,,,,,
종로구,11110,숭인동,202606,아파트_전월세,숭인한양LEEPS,숭인동,1421-2,12.78,,100,55,3,15,2014,신규,26.06~26.09,,,,,
종로구,11110,창신동,202606,아파트_전월세,창신이수,창신동,23-816,84.5,,60000,0,9,15,2003,신규,26.08~28.08,,,,,
종로구,11110,평동,202606,아파트_전월세,경희궁자이(3단지),평동,233,84.8359,,125000,20,19,11,2017,갱신,26.09~28.09,125000.0,,사용,,
종로구,11110,교북동,202606,아파트_전월세,경희궁자이(4단지),교북동,126,45.879,,38500,145,11,3,2017,신규,26.08~28.08,,,,,
종로구,11110,행촌동,202606,아파트_전월세,경희궁자이(1단지),행촌동,211,39.0561,,14720,58,4,15,2017,신규,26.07~28.09,,,,,
종로구,11110,창신동,202606,아파트_전월세,창신쌍용2,창신동,703,115.53,,20000,150,8,13,1993,신규,26.09~28.09,,,,,
종로구,11110,무악동,202606,아파트_전월세,현대,무악동,82,60,,59500,0,7,13,2000,신규,26.08~28.08,,,,,
종로구,11110,무악동,202606,아파트_전월세,인왕산아이파크,무악동,60,84.858,,80000,0,4,15,2008,신규,26.08~28.08,,,,,
종로구,11110,숭인동,202606,아파트_전월세,영하우스,숭인동,207-32,21.91,,2000,59,10,10,2015,신규,26.06~27.06,,,,,
종로구,11110,행촌동,202606,아파트_전월세,경희궁자이(1단지),행촌동,211,39.0561,,14720,58,9,15,2017,신규,26.07~28.09,,,,,
종로구,11110,홍파동,202606,아파트_전월세,경희궁자이(2단지),홍파동,199,84.614,,90000,140,12,13,2017,신규,26.08~28.08,,,,,
종로구,11110,숭인동,202606,아파트_전월세,종로아인스빌,숭인동,1392-1,12.15,,500,65,12,13,2013,신규,26.07~27.07,,,,,
종로구,11110,충신동,202606,아파트_전월세,힐스테이트창경궁,충신동,60,76.82,,20000,256,13,14,2022,갱신,26.08~28.08,20000.0,240.0,사용,,
종로구,11110,홍파동,202606,아파트_전월세,경희궁자이(2단지),홍파동,199,59.8547,,20000,360,13,13,2017,신규,26.08~28.08,,,,,
종로구,11110,창신동,202606,아파트_전월세,창신쌍용2,창신동,703,64.66,,36000,0,6,13,1993,신규,26.06~28.09,,,,,
종로구,11110,숭인동,202606,아파트_전월세,종로유케이201,숭인동,201-11,12.08,,1000,55,8,5,2013,신규,26.07~27.12,,,,,
종로구,11110,인의동,202606,아파트_전월세,효성쥬얼리시티,인의동,48-2,92.81,,20000,250,11,10,2006,신규,26.08~28.08,,,,,
종로구,11110,무악동,202606,아파트_전월세,현대,무악동,82,84.92,,67200,32,17,11,2000,갱신,26.07~28.07,67200.0,,,,
종로구,11110,사직동,202606,아파트_전월세,광화문스페이스본(101동~105동),사직동,9,136.4,,110000,60,10,11,2008,갱신,26.06~28.06,100000.0,,,,
종로구,11110,창신동,202606,아파트_전월세,창신쌍용2,창신동,703,54.7,,31500,0,1,3,1993,갱신,26.06~28.06,30000.0,,사용,,
종로구,11110,평동,202606,아파트_전월세,경희궁자이(3단지),평동,233,84.8359,,115000,0,14,11,2017,갱신,26.07~27.02,115000.0,,,,
종로구,11110,창신동,202606,아파트_전월세,창신쌍용2,창신동,703,64.66,,40000,0,9,10,1993,신규,26.08~28.08,,,,,
종로구,11110,교북동,202606,아파트_전월세,경희궁자이(4단지),교북동,126,45.879,,38500,145,11,3,2017,신규,26.08~28.08,,,,,
종로구,11110,홍파동,202606,아파트_전월세,경희궁자이(2단지),홍파동,199,84.614,,30000,360,6,9,2017,신규,26.07~28.08,,,,,
종로구,11110,충신동,202606,아파트_전월세,힐스테이트창경궁,충신동,60,84.97,,50000,280,14,2,2022,신규,26.07~28.07,,,,,
종로구,11110,신문로1가,202606,아파트_전월세,신문로맨션,신문로1가,238,91.53,,50000,0,8,9,1981,갱신,26.08~28.08,48000.0,,사용,,
종로구,11110,행촌동,202606,아파트_전월세,경희궁자이(1단지),행촌동,211,44.026,,6453,22,12,8,2017,신규,26.06~28.08,,,,,
종로구,11110,창신동,202606,아파트_전월세,창신쌍용2,창신동,703,64.66,,34650,0,3,8,1993,갱신,26.06~28.06,33000.0,,사용,,
종로구,11110,효제동,202606,아파트_전월세,이지마루종로,효제동,126-2,19.31,,1000,125,6,8,2021,신규,26.06~27.06,,,,,
종로구,11110,효제동,202606,아파트_전월세,이지마루종로,효제동,126-2,19.31,,1000,125,6,8,2021,신규,26.06~27.06,,,,,
종로구,11110,홍파동,202606,아파트_전월세,경희궁자이(2단지),홍파동,199,59.895,,30000,280,4,4,2017,갱신,26.08~28.08,30000.0,230.0,,,
종로구,11110,평동,202606,아파트_전월세,경희궁자이(3단지),평동,233,84.614,,80000,165,4,8,2017,갱신,26.07~28.07,80000.0,140.0,,,
종로구,11110,숭인동,202606,아파트_전월세,영하우스,숭인동,207-32,16.59,,2000,51,9,6,2015,신규,26.06~27.06,,,,,
종로구,11110,무악동,202606,아파트_전월세,현대,무악동,82,84.92,,70000,0,9,6,2000,신규,26.07~28.07,,,,,
종로구,11110,창신동,202606,아파트_전월세,두산,창신동,232,59.95,,5000,160,13,3,1999,신규,26.06~28.06,,,,,
종로구,11110,사직동,202606,아파트_전월세,광화문스페이스본(101동~105동),사직동,9,159.01,,135000,0,3,5,2008,신규,26.08~28.08,,,,,
종로구,11110,교북동,202606,아파트_전월세,경희궁자이(4단지),교북동,126,45.879,,60600,0,17,4,2017,신규,26.08~27.08,,,,,
종로구,11110,창신동,202606,아파트_전월세,두산,창신동,232,59.95,,49300,0,18,4,1999,갱신,26.09~28.09,47000.0,,사용,,
종로구,11110,창신동,202606,아파트_전월세,두산,창신동,232,59.95,,10000,120,14,2,1999,갱신,26.06~28.06,10000.0,120.0,사용,,
종로구,11110,창신동,202606,아파트_전월세,동문상가,창신동,436-41,56.69,,11000,0,6,3,1970,신규,26.07~28.07,,,,,
종로구,11110,무악동,202606,아파트_전월세,현대,무악동,82,84.92,,73000,0,13,4,2000,신규,26.08~28.08,,,,,
종로구,11110,신문로2가,202606,아파트_전월세,디팰리스,신문로2가,171,147.551,,10000,1500,9,3,2020,신규,26.07~28.06,,,,,
종로구,11110,충신동,202606,아파트_전월세,힐스테이트창경궁,충신동,60,76.82,,5000,260,8,1,2022,갱신,26.06~27.05,5000.0,260.0,사용,,
종로구,11110,무악동,202606,아파트_전월세,경희궁롯데캐슬,무악동,89,59.6737,,60000,80,9,1,2019,신규,26.07~28.07,,,,,
종로구,11110,숭인동,202606,아파트_전월세,종로센트레빌,숭인동,2-1,114.67,,75000,0,12,1,2008,갱신,26.06~28.06,56000.0,,,,
종로구,11110,돈의동,202606,오피스텔_매매,낙원오피스텔,돈의동,39-2,33,20800,,,9,10,1991,,,,,,직거래,
종로구,11110,연지동,202606,오피스텔_매매,리베르떼_연지,연지동,222,23.9,22000,,,7,17,2019,,,,,,중개거래,
종로구,11110,신문로1가,202606,오피스텔_매매,광화문오피시아빌딩,신문로1가,163,46.77,60700,,,18,10,2005,,,,,,직거래,
종로구,11110,내수동,202606,오피스텔_매매,광화문시대,내수동,74,34.9,28000,,,3,28,2004,,,,,,중개거래,
종로구,11110,숭인동,202606,오피스텔_매매,아폴리움 오피스텔,숭인동,201-7,15.2,9800,,,9,30,2016,,,,,,중개거래,
종로구,11110,숭인동,202606,오피스텔_매매,아폴리움 오피스텔,숭인동,201-7,15.2,9700,,,9,30,2016,,,,,,중개거래,
종로구,11110,익선동,202606,오피스텔_매매,BIZ-WELL 종로 오피스텔,익선동,34,23.14,15800,,,9,27,2004,,,,,,중개거래,
종로구,11110,내수동,202606,오피스텔_매매,광화문시대,내수동,74,34.9,28000,,,3,28,2004,,,,,,중개거래,O
종로구,11110,숭인동,202606,오피스텔_매매,동양파라빌,숭인동,1388,24.93,11900,,,5,8,2005,,,,,,중개거래,
종로구,11110,신문로2가,202606,오피스텔_매매,디팰리스,신문로2가,171,80.262,160000,,,3,26,2020,,,,,,중개거래,O
종로구,11110,관철동,202606,오피스텔_매매,종로1번가,관철동,155,23.86,17000,,,5,19,2005,,,,,,중개거래,
종로구,11110,숭인동,202606,오피스텔_매매,삼전솔하임2차,숭인동,296-19,21.12,10250,,,2,24,2012,,,,,,중개거래,
종로구,11110,숭인동,202606,오피스텔_매매,삼전솔하임2차,숭인동,296-19,21.12,10250,,,2,24,2012,,,,,,중개거래,
종로구,11110,종로1가,202606,오피스텔_매매,르메이에르종로타운1,종로1가,24,81.01,72500,,,12,23,2007,,,,,,중개거래,
종로구,11110,연건동,202606,오피스텔_매매,대보마로니에텔,연건동,206,26.52,17000,,,4,29,2001,,,,,,중개거래,
종로구,11110,종로1가,202606,오피스텔_매매,르메이에르종로타운1,종로1가,24,96.92,90000,,,10,11,2007,,,,,,중개거래,
종로구,11110,익선동,202606,오피스텔_매매,BIZ-WELL 종로 오피스텔,익선동,34,17.2,12350,,,8,19,2004,,,,,,중개거래,
종로구,11110,종로1가,202606,오피스텔_매매,르메이에르종로타운1,종로1가,24,152.95,140000,,,12,9,2007,,,,,,중개거래,
종로구,11110,충신동,202606,오피스텔_매매,CS타워,충신동,62-2,29.82,14200,,,2,4,2011,,,,,,중개거래,
종로구,11110,숭인동,202606,오피스텔_매매,종로대우디오빌,숭인동,310,36.87,19800,,,7,19,2004,,,,,,중개거래,
종로구,11110,숭인동,202606,오피스텔_매매,동양파라빌,숭인동,1388,54.81,30000,,,11,8,2005,,,,,,중개거래,
종로구,11110,숭인동,202606,오피스텔_매매,롯데캐슬 천지인,숭인동,76,39.6,28000,,,21,17,2004,,,,,,중개거래,
종로구,11110,내수동,202606,오피스텔_매매,경희궁의 아침 2단지,내수동,71,32.43,29000,,,9,18,2004,,,,,,중개거래,
종로구,11110,숭인동,202606,오피스텔_매매,롯데캐슬 천지인,숭인동,76,39.6,28000,,,10,16,2004,,,,,,중개거래,
종로구,11110,숭인동,202606,오피스텔_매매,동양파라빌,숭인동,1388,27.09,12900,,,13,14,2005,,,,,,중개거래,
종로구,11110,종로1가,202606,오피스텔_매매,르메이에르종로타운1,종로1가,24,81.01,72500,,,13,8,2007,,,,,,중개거래,
종로구,11110,숭인동,202606,오피스텔_매매,동양파라빌,숭인동,1388,27.09,13300,,,12,2,2005,,,,,,중개거래,
종로구,11110,연건동,202606,오피스텔_매매,대보마로니에텔,연건동,206,26.52,17000,,,4,1,2001,,,,,,중개거래,O
종로구,11110,숭인동,202606,오피스텔_매매,동양파라빌,숭인동,1388,24.93,12500,,,13,10,2005,,,,,,중개거래,
종로구,11110,숭인동,202606,오피스텔_매매,숭인한양LEEPS,숭인동,1421-2,17.07,9200,,,13,4,2014,,,,,,중개거래,
종로구,11110,내수동,202606,오피스텔_매매,경희궁의 아침 2단지,내수동,71,32.43,28050,,,2,5,2004,,,,,,중개거래,
종로구,11110,익선동,202606,오피스텔_매매,BIZ-WELL 종로 오피스텔,익선동,34,17.2,11500,,,6,4,2004,,,,,,중개거래,
종로구,11110,내수동,202606,오피스텔_매매,용비어천가,내수동,75,41.38,30000,,,11,2,2004,,,,,,중개거래,
종로구,11110,구기동,202606,연립다세대_매매,운상하이츠,구기동,134-4,91.17,65000,,,-1,17,1998,,,,,,중개거래,
종로구,11110,구기동,202606,연립다세대_매매,현대빌라(1차),구기동,150,216.58,147000,,,1,26,1992,,,,,,중개거래,
종로구,11110,창신동,202606,연립다세대_매매,(629-14),창신동,629-14,26.92,34700,,,4,25,1996,,,,,,중개거래,
종로구,11110,창신동,202606,연립다세대_매매,(629-68),창신동,629-68,59.78,63000,,,2,24,1995,,,,,,중개거래,
종로구,11110,평창동,202606,연립다세대_매매,금강하이츠빌라,평창동,64-3,56.32,50000,,,2,26,1989,,,,,,중개거래,
종로구,11110,평창동,202606,연립다세대_매매,금강하이츠빌라,평창동,64-3,56.32,51700,,,3,9,1989,,,,,,중개거래,
종로구,11110,구기동,202606,연립다세대_매매,대승자연드림,구기동,105-2,84.89,68100,,,4,30,2020,,,,,,중개거래,
종로구,11110,숭인동,202606,연립다세대_매매,남광쉐르빌B동,숭인동,564,52.15,43800,,,3,24,2017,,,,,,중개거래,
종로구,11110,부암동,202606,연립다세대_매매,피닉스파크빌,부암동,208-30,83.7,57500,,,4,30,2003,,,,,,중개거래,
종로구,11110,명륜1가,202606,연립다세대_매매,혜윰,명륜1가,58-3,45.28,43700,,,2,7,2022,,,,,,직거래,
종로구,11110,혜화동,202606,연립다세대_매매,아마레스22,혜화동,22-99,59.95,60000,,,2,19,2016,,,,,,중개거래,
종로구,11110,평창동,202606,연립다세대_매매,오보에힐스3단지,평창동,361,271.61,390000,,,-1,29,2010,,,,,,중개거래,
종로구,11110,홍지동,202606,연립다세대_매매,고은빌라,홍지동,64,67.95,44000,,,2,24,1992,,,,,,중개거래,
종로구,11110,신영동,202606,연립다세대_매매,삼성중앙빌라,신영동,150-6,79.56,63000,,,2,19,1987,,,,,,중개거래,
종로구,11110,숭인동,202606,연립다세대_매매,21스타캐슬,숭인동,581,59.75,49900,,,4,10,2021,,,,,,중개거래,
종로구,11110,숭인동,202606,연립다세대_매매,미래하이츠빌라B동,숭인동,599,48.82,31000,,,2,24,1997,,,,,,중개거래,
종로구,11110,창신동,202606,연립다세대_매매,정우빌라,창신동,131-90,63.75,73500,,,2,22,2002,,,,,,중개거래,
종로구,11110,창신동,202606,연립다세대_매매,(638-17),창신동,638-17,45.49,34000,,,3,26,1996,,,,,,중개거래,
종로구,11110,혜화동,202606,연립다세대_매매,(5-28),혜화동,5-28,46.88,30500,,,3,20,1994,,,,,,중개거래,
종로구,11110,혜화동,202606,연립다세대_매매,(22-42),혜화동,22-42,71.33,42500,,,1,29,2002,,,,,,중개거래,
종로구,11110,창신동,202606,연립다세대_매매,대은빌라,창신동,668-11,71.38,77500,,,3,22,2002,,,,,,중개거래,
종로구,11110,창신동,202606,연립다세대_매매,(639-38),창신동,639-38,43.82,23000,,,1,26,1996,,,,,,직거래,
종로구,11110,평창동,202606,연립다세대_매매,이노빌라,평창동,293-52,75.71,38700,,,1,10,2002,,,,,,중개거래,
종로구,11110,평창동,202606,연립다세대_매매,안성빌라(A동),평창동,274-7,84.28,53000,,,-1,22,1992,,,,,,중개거래,
종로구,11110,원서동,202606,연립다세대_매매,화목빌라,원서동,135-111,59.97,48500,,,4,9,2000,,,,,,중개거래,
종로구,11110,명륜1가,202606,연립다세대_매매,효은쉐르빌A동,명륜1가,33-39,64.83,53500,,,3,3,2002,,,,,,중개거래,
종로구,11110,창신동,202606,연립다세대_매매,(616-2),창신동,616-2,54.09,20000,,,1,25,1998,,,,,,직거래,
종로구,11110,평창동,202606,연립다세대_매매,빌라드보,평창동,99-35,129.2,210000,,,1,9,2023,,,,,,중개거래,
종로구,11110,창신동,202606,연립다세대_매매,(23-8),창신동,23-8,31,47000,,,2,17,1990,,,,,,중개거래,
종로구,11110,창신동,202606,연립다세대_매매,동광그린빌라,창신동,130-70,84.41,68000,,,-1,19,1999,,,,,,중개거래,
종로구,11110,누상동,202606,연립다세대_매매,우리빌,누상동,166-65,55.96,46000,,,4,22,2002,,,,,,중개거래,
종로구,11110,옥인동,202606,연립다세대_매매,거성빌라,옥인동,178-51,59.96,38900,,,1,11,1996,,,,,,중개거래,
종로구,11110,누상동,202606,연립다세대_매매,유림빌라,누상동,100-1,43.73,32000,,,2,8,2001,,,,,,중개거래,
종로구,11110,숭인동,202606,연립다세대_매매,21스타캐슬,숭인동,581,55.98,46000,,,3,18,2021,,,,,,직거래,
종로구,11110,혜화동,202606,연립다세대_매매,뉴파인빌2(22-88),혜화동,22-88,27.61,36000,,,2,20,2018,,,,,,중개거래,
종로구,11110,숭인동,202606,연립다세대_매매,로하스빌12차,숭인동,72-149,29.92,31000,,,4,19,2019,,,,,,중개거래,
종로구,11110,구기동,202606,연립다세대_매매,동진스위트빌라(6동),구기동,110-14,142.51,88000,,,4,17,1991,,,,,,중개거래,
종로구,11110,행촌동,202606,연립다세대_매매,(210-365),행촌동,210-365,47.01,42000,,,4,6,1999,,,,,,중개거래,
종로구,11110,명륜4가,202606,연립다세대_매매,지원하우스B(70-13),명륜4가,70-13,36.99,38000,,,3,4,2018,,,,,,중개거래,
종로구,11110,구기동,202606,연립다세대_매매,운상하이츠,구기동,134-4,91.17,65000,,,-1,17,1998,,,,,,중개거래,O
종로구,11110,청운동,202606,연립다세대_매매,경복파크빌,청운동,52-15,96.48,79000,,,1,6,2000,,,,,,중개거래,
종로구,11110,혜화동,202606,연립다세대_매매,로하스빌16차,혜화동,10-21,53.37,52000,,,1,15,2021,,,,,,중개거래,
종로구,11110,평창동,202606,연립다세대_매매,현진빌라(B동),평창동,193-1,59.23,36500,,,2,15,1994,,,,,,중개거래,
종로구,11110,창신동,202606,연립다세대_매매,(616-6),창신동,616-6,36.47,40000,,,1,6,1998,,,,,,중개거래,
종로구,11110,부암동,202606,연립다세대_매매,(148-31),부암동,148-31,28.22,20000,,,2,3,1988,,,,,,중개거래,
종로구,11110,행촌동,202606,연립다세대_매매,(210-141),행촌동,210-141,43.74,43000,,,2,6,1997,,,,,,중개거래,
종로구,11110,동숭동,202606,연립다세대_매매,(201-49),동숭동,201-49,73.78,44500,,,3,10,2004,,,,,,중개거래,
종로구,11110,혜화동,202606,연립다세대_매매,(10-4),혜화동,10-4,75.18,51500,,,4,5,2001,,,,,,중개거래,
종로구,11110,창성동,202606,연립다세대_매매,이본팔레스,창성동,98-2,67.68,55000,,,4,12,2000,,,,,,중개거래,
종로구,11110,평창동,202606,연립다세대_매매,"현대빌라(A,B동)",평창동,346-1,84.21,70700,,,3,6,1993,,,,,,중개거래,
종로구,11110,혜화동,202606,연립다세대_매매,로하스빌16차,혜화동,10-21,49.77,55000,,,3,11,2021,,,,,,중개거래,
종로구,11110,창신동,202606,연립다세대_매매,청목리츠빌,창신동,640-52,53.98,59500,,,2,11,2002,,,,,,중개거래,
종로구,11110,혜화동,202606,연립다세대_매매,(26-39),혜화동,26-39,52.66,41000,,,2,3,1994,,,,,,중개거래,
종로구,11110,구기동,202606,연립다세대_매매,동진스위트빌라(2동),구기동,110,164.25,60000,,,3,8,1991,,,,,,직거래,
종로구,11110,창신동,202606,연립다세대_매매,청목리츠빌,창신동,640-52,53.98,59500,,,4,2,2002,,,,,,중개거래,
종로구,11110,관수동,202606,연립다세대_매매,하이뷰디아트,관수동,98-1,14.85,16800,,,13,3,2020,,,,,,중개거래,
종로구,11110,옥인동,202606,연립다세대_매매,거성빌라,옥인동,178-51,119.92,61850,,,3,4,1996,,,,,,중개거래,
종로구,11110,명륜2가,202606,아파트_매매,명륜동주상복합아남아파트,명륜2가,237,59.36,89500,,,3,17,1999,,,,,,중개거래,
종로구,11110,평창동,202606,아파트_매매,롯데낙천대,평창동,72,110.53,118000,,,10,25,2001,,,,,,중개거래,
종로구,11110,명륜2가,202606,아파트_매매,아남1,명륜2가,4,84.9,119000,,,10,18,1995,,,,,,중개거래,
종로구,11110,창신동,202606,아파트_매매,MID그린(9동),창신동,601-6,59.9,75000,,,3,20,2002,,,,,,중개거래,
종로구,11110,교북동,202606,아파트_매매,경희궁자이(4단지),교북동,126,37.2635,100000,,,7,28,2017,,,,,,중개거래,
종로구,11110,교북동,202606,아파트_매매,경희궁자이(4단지),교북동,126,37.2635,100000,,,9,25,2017,,,,,,중개거래,
종로구,11110,창신동,202606,아파트_매매,동대문맨션,창신동,578-5,83.83,51500,,,6,23,1973,,,,,,중개거래,
종로구,11110,창신동,202606,아파트_매매,두산,창신동,232,59.95,91800,,,7,22,1999,,,,,,중개거래,
종로구,11110,창신동,202606,아파트_매매,흥인,창신동,627-21,56.88,57700,,,2,27,1997,,,,,,중개거래,
종로구,11110,필운동,202606,아파트_매매,두레엘리시안,필운동,174-1,84.74,118500,,,5,29,2007,,,,,,중개거래,
종로구,11110,평창동,202606,아파트_매매,롯데캐슬로잔,평창동,108,200.331,201000,,,1,27,2009,,,,,,중개거래,
종로구,11110,무악동,202606,아파트_매매,현대,무악동,82,60,117980,,,14,27,2000,,,,,,중개거래,
종로구,11110,창신동,202606,아파트_매매,두산,창신동,232,59.95,91700,,,21,26,1999,,,,,,중개거래,
종로구,11110,홍파동,202606,아파트_매매,경희궁자이(2단지),홍파동,199,59.8547,230000,,,20,27,2017,,,,,,중개거래,
종로구,11110,사직동,202606,아파트_매매,광화문스페이스본(101동~105동),사직동,9,126.34,210000,,,1,26,2008,,,,,,중개거래,
종로구,11110,평창동,202606,아파트_매매,벽산블루밍평창힐스,평창동,45,150.94,160000,,,5,17,2004,,,,,,중개거래,
종로구,11110,무악동,202606,아파트_매매,현대,무악동,82,114.9,159917,,,4,22,2000,,,,,,중개거래,
종로구,11110,숭인동,202606,아파트_매매,종로중흥S클래스,숭인동,202-3,19.466,11500,,,6,15,2013,,,,,,중개거래,
종로구,11110,신문로2가,202606,아파트_매매,디팰리스,신문로2가,171,147.551,500000,,,9,24,2020,,,,,,중개거래,
종로구,11110,홍파동,202606,아파트_매매,경희궁자이(2단지),홍파동,199,84.9443,277000,,,7,16,2017,,,,,,중개거래,
종로구,11110,명륜2가,202606,아파트_매매,명륜동주상복합아남아파트,명륜2가,237,59.36,89500,,,3,17,1999,,,,,,중개거래,O
종로구,11110,명륜2가,202606,아파트_매매,명륜동주상복합아남아파트,명륜2가,237,47.43,66500,,,7,22,1999,,,,,,중개거래,
종로구,11110,숭인동,202606,아파트_매매,블루빌,숭인동,243,42.25,30000,,,5,22,2017,,,,,,직거래,
종로구,11110,무악동,202606,아파트_매매,인왕산아이파크,무악동,60,84.858,156900,,,14,21,2008,,,,,,중개거래,
종로구,11110,무악동,202606,아파트_매매,현대,무악동,82,84.92,154000,,,17,19,2000,,,,,,중개거래,
종로구,11110,창신동,202606,아파트_매매,창신이수,창신동,23-816,84.5,89000,,,2,18,2003,,,,,,중개거래,
종로구,11110,창신동,202606,아파트_매매,두산,창신동,232,59.95,62000,,,11,8,1999,,,,,,직거래,
종로구,11110,명륜2가,202606,아파트_매매,명륜동주상복합아남아파트,명륜2가,237,59.36,89500,,,3,17,1999,,,,,,중개거래,O
종로구,11110,홍파동,202606,아파트_매매,경희궁자이(2단지),홍파동,199,84.8359,273000,,,6,7,2017,,,,,,중개거래,
종로구,11110,숭인동,202606,아파트_매매,롯데캐슬천지인,숭인동,76,112.54,124000,,,13,11,2004,,,,,,중개거래,
종로구,11110,무악동,202606,아파트_매매,인왕산2차아이파크,무악동,88,84.0284,147500,,,13,6,2015,,,,,,중개거래,
종로구,11110,홍파동,202606,아파트_매매,경희궁자이(2단지),홍파동,199,84.8359,264500,,,17,5,2017,,,,,,중개거래,
종로구,11110,창신동,202606,아파트_매매,창신쌍용1,창신동,702,79.87,62000,,,13,4,1992,,,,,,직거래,
종로구,11110,숭인동,202606,아파트_매매,종로청계힐스테이트,숭인동,766,59.9426,104000,,,10,3,2009,,,,,,중개거래,
