gu_name,lawd_cd,region_name,deal_ym,deal_type,building_name,umd_name,jibun,area_m2,deal_amount,deposit,monthly_rent,floor,deal_day,build_year,contract_type,contract_term,pre_deposit,pre_monthly_rent,use_rr_right,dealing_gbn,cdeal_type
노원구,11350,상계동,202608,오피스텔_전월세,(349-26),상계동,349-26,35.48,,1000,70,3,8,2003,신규,26.08~27.08,,,,,
노원구,11350,월계동,202608,오피스텔_전월세,카펠라오피스텔,월계동,366-3,30,,500,55,7,4,2003,신규,26.08~27.08,,,,,
노원구,11350,상계동,202608,오피스텔_전월세,오피앙,상계동,1258,23.37,,500,53,9,14,2004,신규,26.08~27.08,,,,,
노원구,11350,상계동,202608,오피스텔_전월세,하이베라스,상계동,1262,41.35,,500,60,9,15,2003,신규,26.08~27.08,,,,,
노원구,11350,상계동,202608,오피스텔_전월세,오피앙,상계동,1258,23.37,,500,50,8,11,2004,신규,26.09~27.09,,,,,
노원구,11350,중계동,202608,오피스텔_전월세,(506),중계동,506,80.96,,45150,0,7,5,2005,갱신,26.08~28.08,43000.0,,사용,,
노원구,11350,상계동,202608,오피스텔_전월세,하이베라스,상계동,1262,39.29,,14700,0,9,2,2003,갱신,26.10~28.10,14000.0,,사용,,
노원구,11350,중계동,202608,오피스텔_전월세,(506),중계동,506,72.45,,39900,0,8,8,2005,갱신,26.08~28.08,38000.0,,,,
노원구,11350,공릉동,202608,연립다세대_전월세,이안빌라,공릉동,566-22,29.97,,5000,69,5,13,2016,신규,26.11~28.11,,,,,
노원구,11350,중계동,202608,연립다세대_전월세,한신월드타운(168-9),중계동,168-9,64.52,,5000,110,5,11,2011,신규,26.10~28.10,,,,,
노원구,11350,월계동,202608,연립다세대_전월세,제이앤제이하우스,월계동,411-15,18.56,,1000,40,4,21,2012,갱신,26.08~27.02,1000.0,38.0,,,
노원구,11350,공릉동,202608,연립다세대_전월세,퍼즐주택(공릉),공릉동,218,36.46,,3000,130,5,12,2018,신규,26.08~28.08,,,,,
노원구,11350,상계동,202608,연립다세대_전월세,(341-5),상계동,341-5,18.43,,1000,64,6,11,2013,신규,26.08~27.08,,,,,
노원구,11350,상계동,202608,연립다세대_전월세,람스힐,상계동,1116-66,24.19,,1000,66,2,3,2012,신규,26.09~28.09,,,,,
노원구,11350,공릉동,202608,연립다세대_전월세,퍼즐주택(공릉),공릉동,218,35.48,,20000,45,4,19,2018,신규,26.08~28.08,,,,,
노원구,11350,월계동,202608,연립다세대_전월세,월계그린빌1,월계동,465-33,41.08,,13000,0,1,14,2003,갱신,26.10~28.10,9000.0,15.0,,,
노원구,11350,공릉동,202608,연립다세대_전월세,공감대House,공릉동,584-6,12.62,,6500,0,2,12,2012,신규,26.09~29.02,,,,,
노원구,11350,월계동,202608,연립다세대_전월세,임오하이츠빌라,월계동,376-5,60.51,,21700,0,4,14,1993,신규,26.10~28.09,,,,,
노원구,11350,상계동,202608,연립다세대_전월세,스위트리아,상계동,1098-1,33.93,,21000,0,6,15,2017,갱신,26.10~28.10,20000.0,,사용,,
노원구,11350,월계동,202608,연립다세대_전월세,제이하임,월계동,951-1,21.75,,1000,80,7,1,2024,신규,26.08~28.08,,,,,
노원구,11350,중계동,202608,연립다세대_전월세,오띠모빌,중계동,107-40,43.42,,13000,30,2,13,2013,신규,26.09~28.09,,,,,
노원구,11350,월계동,202608,연립다세대_전월세,(271-10),월계동,271-10,46.05,,13000,0,2,13,1976,신규,26.09~28.09,,,,,
노원구,11350,상계동,202608,연립다세대_전월세,(349-15),상계동,349-15,16.82,,500,45,5,8,2014,신규,26.08~27.08,,,,,
노원구,11350,상계동,202608,연립다세대_전월세,신한신빌라5동,상계동,135-103,35.5,,10000,30,4,8,1991,신규,26.09~28.09,,,,,
노원구,11350,상계동,202608,연립다세대_전월세,(1118-18),상계동,1118-18,12.5,,500,35,2,12,2013,신규,26.08~28.08,,,,,
노원구,11350,공릉동,202608,연립다세대_전월세,현대가든빌라가동,공릉동,208-26,85.53,,20000,0,3,7,1986,신규,26.09~28.09,,,,,
노원구,11350,상계동,202608,연립다세대_전월세,베스트하우스,상계동,72-119,47.73,,11568,13,3,13,2019,신규,26.08~28.12,,,,,
노원구,11350,상계동,202608,연립다세대_전월세,베스트하우스(136-33),상계동,136-33,55.93,,17092,19,3,13,2019,신규,26.08~28.12,,,,,
노원구,11350,상계동,202608,연립다세대_전월세,유성빌라E동,상계동,158-1,36.1,,12000,20,1,6,1991,신규,26.10~28.10,,,,,
노원구,11350,공릉동,202608,연립다세대_전월세,에덴빌라,공릉동,395-4,27.09,,2000,60,5,10,2012,신규,26.08~27.08,,,,,
노원구,11350,공릉동,202608,연립다세대_전월세,퍼즐주택(공릉),공릉동,218,35.48,,20000,45,3,12,2018,신규,26.09~28.09,,,,,
노원구,11350,상계동,202608,연립다세대_전월세,리언하우스A,상계동,1096-8,66.38,,15000,40,4,4,2005,신규,26.09~28.09,,,,,
노원구,11350,상계동,202608,연립다세대_전월세,제일빌라,상계동,77-2,49.07,,2000,28,2,10,1992,신규,26.08~28.08,,,,,
노원구,11350,상계동,202608,연립다세대_전월세,한진빌라,상계동,71-42,43.08,,17000,10,1,6,1996,신규,26.09~28.09,,,,,
노원구,11350,공릉동,202608,연립다세대_전월세,팰리스가,공릉동,644-40,27.67,,3000,90,5,12,2014,신규,26.09~28.09,,,,,
노원구,11350,상계동,202608,연립다세대_전월세,이풍경힐탑,상계동,133,50.87,,617,36,6,11,2018,신규,26.08~28.12,,,,,
노원구,11350,상계동,202608,연립다세대_전월세,해밀2동,상계동,1048-20,52.05,,1691,40,5,11,2019,신규,26.08~28.12,,,,,
노원구,11350,상계동,202608,연립다세대_전월세,호연빌리지,상계동,1019-69,29.98,,3000,34,5,10,2010,신규,26.10~28.10,,,,,
노원구,11350,공릉동,202608,연립다세대_전월세,(503-9),공릉동,503-9,12.78,,300,32,1,3,2013,신규,26.08~27.08,,,,,
노원구,11350,상계동,202608,연립다세대_전월세,부림빌라A,상계동,1087-26,63.44,,10000,15,-1,8,1997,신규,26.09~28.09,,,,,
노원구,11350,월계동,202608,연립다세대_전월세,태광B동(402-55),월계동,402-55,54.6,,18000,0,1,4,1989,신규,26.10~27.10,,,,,
노원구,11350,상계동,202608,연립다세대_전월세,카사밀라,상계동,367-11,14.23,,1000,52,3,10,2013,신규,26.08~27.08,,,,,
노원구,11350,상계동,202608,연립다세대_전월세,그린씨티빌,상계동,136-6,33.52,,16500,15,4,10,2009,신규,26.10~28.10,,,,,
노원구,11350,상계동,202608,연립다세대_전월세,진석빌라,상계동,169-412,42.68,,1000,41,-1,8,1992,신규,26.08~28.08,,,,,
노원구,11350,월계동,202608,연립다세대_전월세,임오하이츠빌라A동,월계동,376-78,43.26,,3000,80,3,7,1993,신규,26.08~28.08,,,,,
노원구,11350,상계동,202608,연립다세대_전월세,장미빌라,상계동,71-45,52.4,,500,20,3,1,1997,신규,26.08~28.08,,,,,
노원구,11350,중계동,202608,연립다세대_전월세,궁전빌라,중계동,75-20,45.93,,11990,0,4,5,1997,신규,26.09~28.09,,,,,
노원구,11350,월계동,202608,연립다세대_전월세,시원하림스위트,월계동,390-10,29.93,,16000,10,3,6,2018,신규,26.08~28.08,,,,,
노원구,11350,월계동,202608,연립다세대_전월세,한성빌라,월계동,855-2,32.82,,10000,10,2,5,1988,신규,26.08~28.08,,,,,
노원구,11350,상계동,202608,연립다세대_전월세,수락래미안,상계동,1118-16,14.96,,3000,35,4,6,2011,신규,26.08~28.08,,,,,
노원구,11350,공릉동,202608,연립다세대_전월세,스위트휴,공릉동,270-66,29.76,,100,23,5,6,2024,신규,26.08~28.10,,,,,
노원구,11350,월계동,202608,연립다세대_전월세,에이플러스빌,월계동,392-45,21.45,,7000,0,3,6,2016,신규,26.08~28.02,,,,,
노원구,11350,공릉동,202608,연립다세대_전월세,팰리스가,공릉동,644-40,18.23,,7000,40,6,2,2014,갱신,26.08~28.08,6000.0,40.0,,,
노원구,11350,공릉동,202608,연립다세대_전월세,수정아트,공릉동,621-1,19.95,,5500,16,3,5,2011,신규,26.09~28.09,,,,,
노원구,11350,월계동,202608,연립다세대_전월세,에이플러스빌,월계동,392-45,21.45,,7000,0,3,6,2016,신규,26.08~28.02,,,,,
노원구,11350,중계동,202608,연립다세대_전월세,동신다가구(90-26),중계동,90-26,47.21,,11000,60,3,4,1995,신규,26.09~28.09,,,,,
노원구,11350,상계동,202608,연립다세대_전월세,시온빌라트,상계동,1053,55.19,,25953,0,2,5,2021,신규,26.08~28.12,,,,,
노원구,11350,공릉동,202608,연립다세대_전월세,엘림오피스,공릉동,421-21,22.36,,1000,56,3,4,2012,신규,26.08~27.08,,,,,
노원구,11350,상계동,202608,연립다세대_전월세,성지상계빌라,상계동,1118-21,51.06,,14990,0,3,2,1991,신규,26.08~28.08,,,,,
노원구,11350,하계동,202608,연립다세대_전월세,선경빌라,하계동,281,84.92,,30000,16,3,4,1995,갱신,26.08~28.08,30000.0,10.0,사용,,
노원구,11350,공릉동,202608,연립다세대_전월세,362-28,공릉동,362-28,59.84,,2014,26,2,2,2015,갱신,26.09~28.08,2014.0,26.0,,,
노원구,11350,하계동,202608,연립다세대_전월세,다원하이빌가동,하계동,65-4,26.18,,1530,20,3,1,2020,갱신,26.09~28.08,1530.0,20.0,,,
노원구,11350,상계동,202608,연립다세대_전월세,스토빌,상계동,1090-21,44.17,,4060,13,5,1,2019,갱신,26.09~28.08,1927.0,25.0,,,
노원구,11350,공릉동,202608,연립다세대_전월세,진영홈,공릉동,517-3,17.29,,1045,6,5,1,2013,갱신,26.09~28.08,1045.0,6.0,,,
노원구,11350,월계동,202608,아파트_전월세,주공2,월계동,556,44.94,,4500,30,13,11,1992,,,,,,,
노원구,11350,상계동,202608,아파트_전월세,상계주공12(고층),상계동,647,41.3,,20475,0,8,8,1988,,,,,,,
노원구,11350,중계동,202608,아파트_전월세,건영2,중계동,515-2,84.96,,45000,10,4,6,1991,,,,,,,
노원구,11350,상계동,202608,아파트_전월세,상계주공16(고층),상계동,624,45.77,,20000,0,4,8,1988,,,,,,,
노원구,11350,상계동,202608,아파트_전월세,대림,상계동,695,93.75,,40000,60,7,8,1988,,,,,,,
노원구,11350,상계동,202608,아파트_전월세,상계주공9(고층),상계동,670,49.94,,23000,0,4,7,1988,,,,,,,
노원구,11350,상계동,202608,아파트_전월세,상계주공11(고층),상계동,652,79.07,,48000,0,9,5,1988,,,,,,,
노원구,11350,하계동,202608,아파트_전월세,한신동성,하계동,256-5,112.24,,45000,140,2,21,1993,신규,26.10~28.10,,,,,
노원구,11350,공릉동,202608,아파트_전월세,삼익4단지아파트,공릉동,714,49.5,,31000,0,5,11,1994,갱신,26.09~28.09,30500.0,,사용,,
노원구,11350,하계동,202608,아파트_전월세,벽산,하계동,271-3,84.85,,60000,40,9,21,1988,신규,26.12~28.12,,,,,
노원구,11350,공릉동,202608,아파트_전월세,풍림아파트B,공릉동,727,31.32,,1000,58,5,13,2001,신규,26.08~28.08,,,,,
노원구,11350,공릉동,202608,아파트_전월세,시영3차(라이프)아파트,공릉동,715,34.44,,15750,0,7,21,1994,갱신,26.10~28.10,15000.0,,,,
노원구,11350,상계동,202608,아파트_전월세,상계주공3(고층),상계동,730-2,58.01,,5000,140,8,11,1987,신규,26.09~28.09,,,,,
노원구,11350,월계동,202608,아파트_전월세,청백(774),월계동,774,34.44,,2246,5,3,21,1998,갱신,26.09~28.08,975.0,12.0,,,
노원구,11350,상계동,202608,아파트_전월세,"상계주공15(고층,공무원임대)",상계동,624,49.94,,17103,0,12,21,1988,갱신,26.10~28.10,16349.0,,,,
노원구,11350,상계동,202608,아파트_전월세,수락한신,상계동,1277,59.95,,25000,0,3,17,1997,신규,26.10~28.10,,,,,
노원구,11350,공릉동,202608,아파트_전월세,공릉해링턴플레이스,공릉동,106,99.917,,20000,180,12,7,2000,신규,26.08~28.08,,,,,
노원구,11350,상계동,202608,아파트_전월세,상계주공4(고층),상계동,749-5,41.3,,3000,90,1,20,1988,신규,26.09~28.09,,,,,
노원구,11350,상계동,202608,아파트_전월세,상계주공7(고층),상계동,691,49.94,,3000,130,7,21,1988,신규,26.10~28.10,,,,,
노원구,11350,상계동,202608,아파트_전월세,상계주공7(고층),상계동,691,58.01,,5000,110,6,19,1988,갱신,26.09~28.09,5000.0,89.0,,,
노원구,11350,월계동,202608,아파트_전월세,미성,월계동,13,50.14,,16000,50,2,21,1986,갱신,26.08~28.08,26000.0,,,,
노원구,11350,상계동,202608,아파트_전월세,상계주공13(고층),상계동,637,49.94,,29000,0,6,21,1989,신규,26.10~28.10,,,,,
노원구,11350,공릉동,202608,아파트_전월세,공릉해링턴플레이스,공릉동,106,99.917,,20000,180,12,7,2000,신규,26.08~28.08,,,,,
노원구,11350,상계동,202608,아파트_전월세,상계주공7(고층),상계동,691,41.3,,3000,120,5,21,1988,신규,26.10~28.10,,,,,
노원구,11350,월계동,202608,아파트_전월세,미성,월계동,13,33.28,,17000,0,4,21,1986,신규,26.11~28.11,,,,,
노원구,11350,상계동,202608,아파트_전월세,상계주공3(고층),상계동,730-2,59.39,,31500,0,7,15,1987,갱신,26.08~28.08,30000.0,,,,
노원구,11350,중계동,202608,아파트_전월세,주공2,중계동,369,44.52,,25000,0,11,8,1992,갱신,26.08~28.08,19000.0,,,,
노원구,11350,하계동,202608,아파트_전월세,청솔(시영7),하계동,274,59.87,,10000,105,4,21,1989,신규,26.10~28.10,,,,,
노원구,11350,월계동,202608,아파트_전월세,초안1,월계동,923,49.6,,23000,0,1,20,1998,갱신,26.09~28.09,22000.0,,사용,,
노원구,11350,상계동,202608,아파트_전월세,노원센트럴푸르지오,상계동,1355,84.999,,76000,0,6,14,2021,신규,26.11~28.11,,,,,
노원구,11350,중계동,202608,아파트_전월세,주공4,중계동,358-2,84.79,,15000,200,8,11,1991,신규,26.08~28.08,,,,,
노원구,11350,상계동,202608,아파트_전월세,상계주공7(고층),상계동,691,59.39,,39000,0,13,21,1988,신규,26.11~28.11,,,,,
노원구,11350,상계동,202608,아파트_전월세,동양엔파트,상계동,1305,84.88,,55000,0,18,20,2003,신규,26.11~28.11,,,,,
노원구,11350,상계동,202608,아파트_전월세,상계주공12(고층),상계동,647,41.3,,3000,95,6,21,1988,신규,26.10~28.10,,,,,
노원구,11350,상계동,202608,아파트_전월세,벽산,상계동,173-1,43.35,,2000,100,7,21,1989,신규,26.11~28.11,,,,,
노원구,11350,월계동,202608,아파트_전월세,청백(774),월계동,774,34.44,,2246,5,5,21,1998,갱신,26.09~28.08,975.0,12.0,,,
노원구,11350,상계동,202608,아파트_전월세,상계1차중앙하이츠,상계동,1279,84.6,,41000,0,2,14,1997,갱신,26.09~27.09,40000.0,,,,
노원구,11350,월계동,202608,아파트_전월세,사슴3,월계동,320-11,39.6,,18500,0,15,21,1995,갱신,26.11~28.11,15750.0,,,,
노원구,11350,상계동,202608,아파트_전월세,불암현대,상계동,1293,114.24,,65000,0,15,12,1999,신규,26.10~28.10,,,,,
노원구,11350,상계동,202608,아파트_전월세,상계주공3(고층),상계동,730-2,75.2,,45000,0,14,13,1987,갱신,26.11~28.11,35000.0,,,,
노원구,11350,중계동,202608,아파트_전월세,주공5,중계동,359-1,38.64,,1000,100,14,13,1992,신규,26.12~28.08,,,,,
노원구,11350,상계동,202608,아파트_전월세,보람아파트,상계동,639,79.25,,6000,165,6,21,1988,신규,26.09~28.09,,,,,
노원구,11350,월계동,202608,아파트_전월세,한진한화그랑빌,월계동,18,59.94,,39900,0,10,13,2002,갱신,26.09~28.09,38000.0,,,,
노원구,11350,월계동,202608,아파트_전월세,미륭,월계동,13,51.48,,26000,0,2,15,1986,갱신,26.09~28.09,25000.0,,사용,,
노원구,11350,중계동,202608,아파트_전월세,주공2,중계동,369,44.52,,25000,0,15,18,1992,신규,26.09~28.09,,,,,
노원구,11350,월계동,202608,아파트_전월세,삼호4,월계동,12,50.18,,30000,0,13,21,1987,신규,26.11~28.11,,,,,
노원구,11350,상계동,202608,아파트_전월세,상계주공7(고층),상계동,691,41.3,,2000,90,14,11,1988,신규,26.10~28.10,,,,,
노원구,11350,상계동,202608,아파트_전월세,상계대림,상계동,172,59.67,,31500,0,11,19,1989,갱신,26.09~28.09,30000.0,,사용,,
노원구,11350,상계동,202608,아파트_전월세,"상계주공15(고층,공무원임대)",상계동,624,49.94,,17103,0,8,7,1988,갱신,26.10~28.10,16349.0,,,,
노원구,11350,상계동,202608,아파트_전월세,보람아파트,상계동,639,68.99,,37800,0,6,19,1988,갱신,26.10~28.10,36000.0,,사용,,
노원구,11350,월계동,202608,아파트_전월세,미성,월계동,13,33.28,,10000,0,5,21,1986,신규,26.09~28.09,,,,,
노원구,11350,월계동,202608,아파트_전월세,삼호4,월계동,12,50.18,,30000,0,13,21,1987,신규,26.11~28.11,,,,,
노원구,11350,중계동,202608,아파트_전월세,롯데우성,중계동,361-1,101.88,,44000,145,1,21,1993,갱신,26.08~28.08,44000.0,66.0,,,
노원구,11350,중계동,202608,아파트_전월세,주공5,중계동,359-1,38.64,,6000,70,9,10,1992,신규,26.10~28.10,,,,,
노원구,11350,중계동,202608,아파트_전월세,주공5,중계동,359-1,38.64,,500,57,14,13,1992,신규,26.08~26.12,,,,,
노원구,11350,하계동,202608,아파트_전월세,건영,하계동,271-3,45.55,,6000,85,7,7,1988,신규,26.09~28.09,,,,,
노원구,11350,공릉동,202608,아파트_전월세,대동아파트2,공릉동,380-1,84.81,,10000,123,6,18,1999,갱신,26.11~28.11,10000.0,115.0,사용,,
노원구,11350,상계동,202608,아파트_전월세,극동늘푸른,상계동,1128,84.514,,47250,0,1,21,2000,갱신,26.08~28.08,45000.0,,사용,,
노원구,11350,상계동,202608,아파트_전월세,수락리버시티3단지,상계동,1312,49.93,,7032,13,6,21,2009,갱신,26.09~28.08,7032.0,13.0,,,
노원구,11350,월계동,202608,아파트_전월세,성원(사슴4),월계동,322-1,39.6,,18000,0,5,20,1995,갱신,26.09~28.09,15750.0,,,,
노원구,11350,하계동,202608,아파트_전월세,한신1,하계동,284,27,,500,80,8,21,1988,갱신,26.08~27.08,500.0,60.0,,,
노원구,11350,월계동,202608,아파트_전월세,삼호3,월계동,13,59.22,,3000,130,7,9,1986,신규,26.10~28.10,,,,,
노원구,11350,상계동,202608,아파트_전월세,상계주공2(고층),상계동,740,41.3,,5000,80,3,20,1987,갱신,26.08~28.09,4000.0,45.0,,,
노원구,11350,월계동,202608,아파트_전월세,삼호4,월계동,12,50.18,,20000,0,8,13,1987,갱신,26.10~28.10,19000.0,,,,
노원구,11350,중계동,202608,아파트_전월세,주공7,중계동,363-1,44.1,,2000,90,12,19,1993,신규,26.08~28.09,,,,,
노원구,11350,상계동,202608,아파트_전월세,상계주공3(고층),상계동,730-2,75.2,,37800,0,6,18,1987,갱신,26.09~28.09,36000.0,,사용,,
노원구,11350,중계동,202608,아파트_전월세,중계3벽산,중계동,592,59.88,,34608,0,15,6,1999,갱신,26.09~28.09,32960.0,,사용,,
노원구,11350,상계동,202608,아파트_전월세,상계주공7(고층),상계동,691,41.3,,8000,60,14,20,1988,신규,26.10~28.10,,,,,
노원구,11350,중계동,202608,아파트_전월세,금호타운(583),중계동,583,84.98,,61900,0,10,19,1997,갱신,27.01~29.01,59000.0,,사용,,
노원구,11350,상계동,202608,아파트_전월세,수락리버시티3단지,상계동,1312,49.93,,7084,12,5,20,2009,갱신,26.09~28.08,7084.0,12.0,,,
노원구,11350,공릉동,202608,아파트_전월세,공릉해링턴플레이스,공릉동,106,99.917,,65000,0,7,19,2000,갱신,26.09~28.09,62500.0,,사용,,
노원구,11350,상계동,202608,아파트_전월세,상계주공9(고층),상계동,670,41.3,,1500,100,4,20,1988,갱신,26.08~28.08,1000.0,80.0,,,
노원구,11350,월계동,202608,아파트_전월세,미성,월계동,13,50.14,,31000,0,1,19,1986,신규,26.10~28.10,,,,,
노원구,11350,상계동,202608,아파트_전월세,"상계주공15(고층,공무원임대)",상계동,624,49.94,,3369,31,6,18,1988,갱신,26.09~28.09,3208.0,29.0,,,
노원구,11350,상계동,202608,아파트_전월세,건영,상계동,1321,59.76,,26250,0,15,14,2003,갱신,26.09~28.09,25000.0,,사용,,
노원구,11350,월계동,202608,아파트_전월세,청백(774),월계동,774,39.84,,1128,14,3,20,1998,갱신,26.09~28.08,1128.0,14.0,,,
노원구,11350,중계동,202608,아파트_전월세,중계그린1단지,중계동,502-1,49.5,,28000,0,7,20,1990,갱신,26.09~28.09,23000.0,,,,
노원구,11350,월계동,202608,아파트_전월세,미륭,월계동,13,51.48,,4000,80,13,20,1986,신규,26.10~28.10,,,,,
노원구,11350,상계동,202608,아파트_전월세,상계주공13(고층),상계동,637,45.9,,18000,3,3,3,1989,갱신,26.09~28.09,18000.0,,사용,,
노원구,11350,공릉동,202608,아파트_전월세,태강아파트(아이파크),공릉동,81,59.34,,45000,0,8,19,1999,신규,26.12~28.11,,,,,
노원구,11350,중계동,202608,아파트_전월세,양지마을(대림)2,중계동,588,84.88,,58800,0,8,20,1999,갱신,26.08~28.08,56000.0,,사용,,
노원구,11350,상계동,202608,아파트_전월세,상계주공4(고층),상계동,749-5,32.39,,10000,50,15,18,1988,신규,26.09~28.09,,,,,
노원구,11350,상계동,202608,아파트_전월세,상계주공14(고층),상계동,626,41.3,,2000,100,9,8,1989,신규,26.09~28.09,,,,,
노원구,11350,중계동,202608,아파트_전월세,양지마을(대림)2,중계동,588,84.88,,58800,0,8,20,1999,갱신,26.08~28.08,56000.0,,사용,,
노원구,11350,상계동,202608,아파트_전월세,수락리버시티3단지,상계동,1312,39.81,,5258,9,3,20,2009,갱신,26.09~28.08,2857.0,22.0,,,
노원구,11350,상계동,202608,아파트_전월세,상계주공5(저층),상계동,721,31.98,,1000,45,5,19,1987,신규,26.08~28.08,,,,,
노원구,11350,상계동,202608,아파트_전월세,수락리버시티4단지,상계동,1313,39.81,,5258,9,10,20,2009,갱신,26.09~28.08,2857.0,22.0,,,
노원구,11350,상계동,202608,아파트_전월세,"상계주공15(고층,공무원임대)",상계동,624,41.3,,6077,13,14,11,1988,갱신,26.10~28.10,5788.0,12.0,,,
노원구,11350,중계동,202608,아파트_전월세,동진,중계동,103,38.79,,13000,30,4,19,1988,신규,26.09~28.09,,,,,
노원구,11350,월계동,202608,아파트_전월세,청백(774),월계동,774,34.44,,390,13,15,20,1998,갱신,26.09~28.08,975.0,12.0,,,
노원구,11350,중계동,202608,아파트_전월세,한화꿈에그린TheFIRST,중계동,606,84.97,,22000,140,4,15,2014,갱신,26.10~28.10,20000.0,140.0,,,
노원구,11350,중계동,202608,아파트_전월세,주공2,중계동,369,44.52,,14000,0,15,20,1992,갱신,26.10~28.10,14000.0,,사용,,
노원구,11350,월계동,202608,아파트_전월세,월계역신도브래뉴,월계동,942,84.5133,,47250,0,4,20,2005,갱신,26.09~28.09,45000.0,,사용,,
노원구,11350,공릉동,202608,아파트_전월세,태강아파트(아이파크),공릉동,81,49.6,,34650,0,15,1,1999,갱신,26.09~28.09,33000.0,,사용,,
노원구,11350,상계동,202608,아파트_전월세,동아불암(1286-0),상계동,1286,27,,939,14,21,20,1999,신규,26.08~28.11,,,,,
노원구,11350,상계동,202608,아파트_전월세,수락리버시티3단지,상계동,1312,49.93,,4165,29,5,20,2009,신규,26.09~28.08,,,,,
노원구,11350,상계동,202608,아파트_전월세,노원센트럴푸르지오,상계동,1355,39.016,,10343,28,6,20,2021,갱신,26.09~28.08,8742.0,32.0,,,
노원구,11350,공릉동,202608,아파트_전월세,진명비베레,공릉동,395-7,14.1326,,500,44,1,6,2012,신규,26.08~28.08,,,,,
노원구,11350,상계동,202608,아파트_전월세,극동늘푸른,상계동,1128,84.514,,50000,0,11,18,2000,신규,26.12~28.12,,,,,
노원구,11350,하계동,202608,아파트_전월세,미성,하계동,280,84.94,,47200,0,15,18,1989,갱신,26.09~28.09,45000.0,,사용,,
노원구,11350,상계동,202608,아파트_전월세,상계주공9(고층),상계동,670,49.94,,33000,0,12,18,1988,신규,26.10~28.10,,,,,
노원구,11350,공릉동,202608,아파트_전월세,삼익포레스트아파트,공릉동,737,84.6,,44500,0,15,19,1995,갱신,26.08~28.08,41500.0,,,,
노원구,11350,상계동,202608,아파트_전월세,상계주공14(고층),상계동,626,49.94,,2500,90,15,3,1989,갱신,26.11~28.11,2500.0,85.0,사용,,
노원구,11350,상계동,202608,아파트_전월세,수락리버시티3단지,상계동,1312,49.93,,7084,12,4,19,2009,갱신,26.09~28.08,4165.0,29.0,,,
노원구,11350,중계동,202608,아파트_전월세,중계무지개,중계동,512,59.26,,33600,0,5,19,1991,갱신,26.10~28.10,32000.0,,사용,,
노원구,11350,월계동,202608,아파트_전월세,동원베네스트,월계동,940,59.854,,40000,0,12,19,2005,갱신,26.09~28.09,34000.0,,,,
노원구,11350,월계동,202608,아파트_전월세,월계역신도브래뉴,월계동,942,84.5133,,47250,0,4,20,2005,갱신,26.09~28.09,45000.0,,사용,,
노원구,11350,상계동,202608,아파트_전월세,중계센트럴파크,상계동,1322,49.9,,6385,38,6,20,2016,신규,26.09~28.11,,,,,
노원구,11350,상계동,202608,아파트_전월세,"상계주공15(고층,공무원임대)",상계동,624,49.94,,3420,40,5,19,1988,갱신,26.12~28.12,3269.0,44.0,,,
노원구,11350,상계동,202608,아파트_전월세,"상계주공15(고층,공무원임대)",상계동,624,49.94,,13682,10,6,19,1988,신규,26.09~28.09,,,,,
노원구,11350,상계동,202608,아파트_전월세,"상계주공15(고층,공무원임대)",상계동,624,49.94,,17103,0,11,19,1988,갱신,26.12~28.12,16349.0,,,,
노원구,11350,상계동,202608,아파트_전월세,상계주공6(고층),상계동,720,41.3,,28000,0,11,14,1988,신규,26.10~28.10,,,,,
노원구,11350,상계동,202608,아파트_전월세,상계주공7(고층),상계동,691,58.01,,23500,50,10,19,1988,갱신,26.08~27.08,23500.0,4.0,,,
노원구,11350,상계동,202608,아파트_전월세,상계주공12(고층),상계동,647,41.3,,16200,35,14,11,1988,신규,26.09~28.09,,,,,
노원구,11350,공릉동,202608,아파트_전월세,풍림아파트A,공릉동,725,84.99,,45000,0,1,19,2001,갱신,26.09~28.09,43000.0,,사용,,
노원구,11350,상계동,202608,아파트_전월세,수락리버시티3단지,상계동,1312,114.69,,40880,0,1,19,2009,신규,26.09~28.11,,,,,
노원구,11350,상계동,202608,아파트_전월세,은빛1단지,상계동,1255,59.95,,5000,120,13,14,1998,갱신,26.09~28.09,5000.0,90.0,,,
노원구,11350,상계동,202608,아파트_전월세,상계주공2(고층),상계동,740,32.39,,500,61,12,6,1987,갱신,26.08~27.08,500.0,58.0,,,
노원구,11350,상계동,202608,아파트_전월세,보람아파트,상계동,639,54.59,,26250,0,4,7,1988,갱신,26.08~28.08,25000.0,,사용,,
노원구,11350,상계동,202608,아파트_전월세,상계주공14(고층),상계동,626,49.94,,3000,120,4,13,1989,신규,26.09~28.09,,,,,
노원구,11350,하계동,202608,아파트_전월세,장미(시영6),하계동,273,49.5,,3000,75,9,18,1989,갱신,26.10~28.10,3000.0,75.0,사용,,
노원구,11350,하계동,202608,아파트_전월세,장미(시영6),하계동,273,59.22,,37500,0,10,17,1989,신규,26.10~28.10,,,,,
노원구,11350,상계동,202608,아파트_전월세,"상계주공15(고층,공무원임대)",상계동,624,49.94,,3420,40,13,7,1988,갱신,26.09~28.09,3269.0,44.0,,,
노원구,11350,월계동,202608,아파트_전월세,꿈의숲SKVIEW,월계동,949,84.96,,52500,0,9,18,2016,갱신,26.09~28.09,50000.0,,사용,,
노원구,11350,상계동,202608,아파트_전월세,보람아파트,상계동,639,79.25,,42000,0,1,19,1988,갱신,26.10~28.10,40000.0,,사용,,
노원구,11350,하계동,202608,아파트_전월세,건영,하계동,271-3,45.55,,19000,0,10,12,1988,신규,26.10~28.10,,,,,
노원구,11350,공릉동,202608,아파트_전월세,남광미르빌,공릉동,684-60,73.38,,30000,0,4,4,2003,갱신,26.08~28.08,27000.0,,,,
노원구,11350,월계동,202608,아파트_전월세,주공2,월계동,556,44.94,,2000,95,5,15,1992,신규,26.09~28.09,,,,,
노원구,11350,중계동,202608,아파트_전월세,대림벽산(363),중계동,363,141.45,,94500,0,7,19,1993,갱신,26.09~28.09,90000.0,,사용,,
노원구,11350,공릉동,202608,아파트_전월세,진명비베레,공릉동,395-7,13.9092,,7850,20,2,19,2012,신규,26.09~28.09,,,,,
노원구,11350,상계동,202608,아파트_전월세,상계1차중앙하이츠,상계동,1279,59.82,,20000,85,9,19,1997,갱신,26.08~28.08,31000.0,,,,
노원구,11350,상계동,202608,아파트_전월세,포레나노원,상계동,680,84.9728,,15000,220,9,11,2020,신규,26.10~28.10,,,,,
노원구,11350,상계동,202608,아파트_전월세,상계주공10(고층),상계동,666,49.94,,1500,85,1,19,1988,갱신,26.08~28.03,1500.0,80.0,,,
노원구,11350,월계동,202608,아파트_전월세,미성,월계동,13,50.14,,17364,0,9,19,1986,갱신,26.09~28.09,16537.0,,사용,,
노원구,11350,중계동,202608,아파트_전월세,염광,중계동,445,59.34,,42000,0,18,13,1996,신규,26.11~28.11,,,,,
노원구,11350,월계동,202608,아파트_전월세,사슴3,월계동,320-11,39.6,,19677,0,15,18,1995,갱신,26.09~28.09,18740.0,,,,
노원구,11350,상계동,202608,아파트_전월세,상계주공12(고층),상계동,647,49.94,,33000,0,10,17,1988,신규,26.09~28.09,,,,,
노원구,11350,상계동,202608,아파트_전월세,중계센트럴파크,상계동,1322,49.9,,6385,38,10,19,2016,신규,26.09~28.11,,,,,
노원구,11350,상계동,202608,아파트_전월세,수락리버시티3단지,상계동,1312,49.93,,7229,11,6,19,2009,갱신,26.09~28.08,4165.0,29.0,,,
노원구,11350,월계동,202608,아파트_전월세,꿈의숲SKVIEW,월계동,949,59.92,,40000,60,6,11,2016,신규,26.10~28.10,,,,,
노원구,11350,상계동,202608,아파트_전월세,상계주공10(고층),상계동,666,45.9,,19950,0,5,15,1988,갱신,26.10~28.10,19000.0,,사용,,
노원구,11350,상계동,202608,아파트_전월세,동아불암(1286-0),상계동,1286,27,,939,14,1,19,1999,신규,26.08~28.11,,,,,
노원구,11350,월계동,202608,아파트_전월세,월계역신도브래뉴,월계동,942,84.5133,,47250,0,4,18,2005,갱신,26.09~28.09,45000.0,,사용,,
노원구,11350,월계동,202608,아파트_전월세,삼호4,월계동,12,59.49,,26618,0,8,18,1987,갱신,26.08~28.08,25350.0,,,,
노원구,11350,상계동,202608,아파트_전월세,은빛3단지,상계동,1264,33.87,,1073,12,14,19,1998,갱신,26.09~28.08,1073.0,12.0,,,
노원구,11350,상계동,202608,아파트_전월세,은빛3단지,상계동,1264,33.87,,2314,5,8,19,1998,갱신,26.09~28.08,1073.0,12.0,,,
노원구,11350,월계동,202608,아파트_전월세,미륭,월계동,13,51.48,,3660,61,6,8,1986,신규,26.08~28.08,,,,,
노원구,11350,공릉동,202608,아파트_전월세,남광미르빌,공릉동,684-60,73.38,,30000,0,4,5,2003,갱신,26.08~28.08,27000.0,,,,
노원구,11350,상계동,202608,아파트_전월세,보람아파트,상계동,639,54.59,,27000,35,9,19,1988,신규,26.10~28.10,,,,,
노원구,11350,상계동,202608,아파트_전월세,수락리버시티3단지,상계동,1312,114.69,,40880,0,13,19,2009,신규,26.09~28.11,,,,,
노원구,11350,월계동,202608,아파트_전월세,미성,월계동,13,50.14,,2000,115,14,11,1986,신규,26.09~28.09,,,,,
노원구,11350,월계동,202608,아파트_전월세,한진한화그랑빌,월계동,18,59.94,,36220,0,7,19,2002,갱신,26.09~28.09,34500.0,,사용,,
노원구,11350,중계동,202608,아파트_전월세,신동아(366),중계동,366,115.35,,95000,0,14,18,1993,신규,26.11~28.11,,,,,
노원구,11350,상계동,202608,아파트_전월세,동아불암(1286-0),상계동,1286,27,,939,14,9,18,1999,신규,26.08~28.11,,,,,
노원구,11350,상계동,202608,아파트_전월세,불암대림(207동),상계동,1290,33,,1365,16,11,19,2000,신규,26.08~28.11,,,,,
노원구,11350,상계동,202608,아파트_전월세,불암대림(207동),상계동,1290,33,,1365,16,6,18,2000,신규,26.08~28.11,,,,,
노원구,11350,월계동,202608,아파트_전월세,사슴3,월계동,320-11,39.6,,19677,0,15,18,1995,갱신,26.09~28.09,18740.0,,,,
노원구,11350,공릉동,202608,아파트_전월세,비선아파트,공릉동,109,59.74,,32414,0,11,14,1999,갱신,26.08~28.08,30870.0,,,,
노원구,11350,월계동,202608,아파트_전월세,주공2,월계동,556,59.97,,25200,0,3,18,1992,갱신,26.10~28.10,24000.0,,사용,,
노원구,11350,월계동,202608,아파트_전월세,미성,월계동,13,50.14,,25200,0,1,18,1986,갱신,26.09~28.09,24000.0,,사용,,
노원구,11350,공릉동,202608,아파트_전월세,(683-30),공릉동,683-30,20,,15500,0,9,18,2019,신규,26.09~28.09,,,,,
노원구,11350,상계동,202608,아파트_전월세,상계주공12(고층),상계동,647,41.3,,16200,35,14,11,1988,신규,26.09~28.09,,,,,
노원구,11350,상계동,202608,아파트_전월세,보람아파트,상계동,639,54.59,,34000,0,2,17,1988,신규,26.10~28.10,,,,,
노원구,11350,상계동,202608,아파트_전월세,은빛1단지,상계동,1255,39.7,,18500,0,14,12,1998,갱신,26.08~26.09,18500.0,,사용,,
노원구,11350,상계동,202608,아파트_전월세,은빛2단지,상계동,1256,39.7,,13000,30,2,14,1998,갱신,26.09~28.09,13000.0,26.0,사용,,
노원구,11350,하계동,202608,아파트_전월세,청솔(시영7),하계동,274,39.78,,23100,0,7,6,1989,갱신,26.10~28.10,22000.0,,사용,,
노원구,11350,상계동,202608,아파트_전월세,상계주공12(고층),상계동,647,41.3,,2000,110,5,15,1988,갱신,26.09~27.09,6000.0,37.0,,,
노원구,11350,월계동,202608,아파트_전월세,서광,월계동,922,84.61,,20000,150,3,14,1994,신규,26.11~28.11,,,,,
노원구,11350,상계동,202608,아파트_전월세,상계주공6(고층),상계동,720,32.39,,18000,35,9,9,1988,갱신,26.10~28.10,18000.0,,,,
노원구,11350,상계동,202608,아파트_전월세,한신3차,상계동,458,60.44,,4000,105,11,18,1990,갱신,26.09~28.09,4000.0,80.0,,,
노원구,11350,상계동,202608,아파트_전월세,동아불암(1286-0),상계동,1286,27,,939,14,14,18,1999,신규,26.08~28.11,,,,,
노원구,11350,상계동,202608,아파트_전월세,상계주공3(고층),상계동,730-2,58.01,,5000,84,14,18,1987,갱신,26.09~28.09,5000.0,80.0,사용,,
노원구,11350,상계동,202608,아파트_전월세,상계주공3(고층),상계동,730-2,68.86,,32500,0,7,14,1987,갱신,26.09~28.09,31000.0,,,,
노원구,11350,상계동,202608,아파트_전월세,상계주공6(고층),상계동,720,58.01,,30000,0,11,7,1988,갱신,26.08~28.08,29000.0,,,,
노원구,11350,상계동,202608,아파트_전월세,상계주공4(고층),상계동,749-5,49.94,,33000,0,5,18,1988,신규,26.12~28.12,,,,,
노원구,11350,중계동,202608,아파트_전월세,롯데우성,중계동,361-1,101.88,,93000,0,5,14,1993,갱신,26.08~28.08,93000.0,,사용,,
노원구,11350,중계동,202608,아파트_전월세,주공2,중계동,369,44.52,,2000,90,9,8,1992,신규,26.08~28.08,,,,,
노원구,11350,상계동,202608,아파트_전월세,수락현대,상계동,1272,84.74,,35000,30,2,7,1995,신규,26.08~28.08,,,,,
노원구,11350,상계동,202608,아파트_전월세,상계주공6(고층),상계동,720,58.01,,29000,0,7,8,1988,갱신,26.08~28.08,28000.0,,사용,,
노원구,11350,중계동,202608,아파트_전월세,주공5,중계동,359-1,44.52,,26000,0,12,18,1992,갱신,26.09~28.09,23000.0,,,,
노원구,11350,중계동,202608,아파트_전월세,중계그린1단지,중계동,502-1,59.87,,40000,0,11,14,1990,신규,26.10~28.10,,,,,
노원구,11350,공릉동,202608,아파트_전월세,풍림아파트A,공릉동,725,84.99,,20000,170,9,18,2001,신규,26.09~28.09,,,,,
노원구,11350,중계동,202608,아파트_전월세,주공2,중계동,369,44.52,,2000,95,1,17,1992,신규,26.09~28.09,,,,,
노원구,11350,월계동,202608,아파트_전월세,성원(사슴4),월계동,322-1,39.6,,2000,85,9,14,1995,갱신,26.08~28.08,2000.0,73.0,,,
노원구,11350,상계동,202608,아파트_전월세,상계주공7(고층),상계동,691,45.55,,13000,30,14,9,1988,갱신,26.09~28.09,13000.0,30.0,사용,,
노원구,11350,상계동,202608,아파트_전월세,상계주공7(고층),상계동,691,41.3,,1000,100,6,12,1988,갱신,26.08~28.08,2000.0,75.0,,,
노원구,11350,상계동,202608,아파트_전월세,상계주공14(고층),상계동,626,49.94,,3000,75,7,18,1989,갱신,26.08~28.08,3000.0,71.0,,,
노원구,11350,상계동,202608,아파트_전월세,노원센트럴푸르지오,상계동,1355,59.996,,54600,0,18,17,2021,갱신,26.10~28.10,52000.0,,사용,,
노원구,11350,중계동,202608,아파트_전월세,양지마을(대림)2,중계동,588,114.81,,40000,100,2,14,1999,신규,26.10~28.10,,,,,
노원구,11350,상계동,202608,아파트_전월세,보람아파트,상계동,639,68.99,,35000,0,14,14,1988,갱신,26.08~28.08,32000.0,,,,
노원구,11350,상계동,202608,아파트_전월세,소담빌,상계동,330-29,14.65,,500,60,8,5,2014,신규,26.08~27.08,,,,,
노원구,11350,월계동,202608,아파트_전월세,삼호4,월계동,12,50.18,,22000,0,1,17,1987,갱신,26.08~28.08,21000.0,,사용,,
노원구,11350,공릉동,202608,아파트_전월세,태강아파트(아이파크),공릉동,81,49.6,,36500,0,3,15,1999,신규,26.10~28.10,,,,,
노원구,11350,상계동,202608,아파트_전월세,상계주공11(고층),상계동,652,49.94,,2000,120,15,15,1988,신규,26.10~28.09,,,,,
노원구,11350,상계동,202608,아파트_전월세,상계주공2(고층),상계동,740,59.2,,31500,0,14,17,1987,갱신,26.08~28.08,30000.0,,사용,,
노원구,11350,중계동,202608,아파트_전월세,현대(6차),중계동,34-5,59.84,,33600,0,10,18,2018,갱신,26.09~28.09,32000.0,,사용,,
노원구,11350,하계동,202608,아파트_전월세,장미(시영6),하계동,273,49.5,,31500,0,13,17,1989,갱신,26.08~28.08,30000.0,,사용,,
노원구,11350,중계동,202608,아파트_전월세,동진,중계동,103,38.79,,14700,0,4,17,1988,갱신,26.08~28.10,14000.0,,사용,,
노원구,11350,월계동,202608,아파트_전월세,미성,월계동,13,33.28,,15200,20,1,14,1986,신규,26.09~28.09,,,,,
노원구,11350,월계동,202608,아파트_전월세,미륭,월계동,13,51.48,,22900,0,13,16,1986,갱신,26.09~28.09,18900.0,,,,
노원구,11350,상계동,202608,아파트_전월세,상계주공2(고층),상계동,740,68.86,,13000,110,9,15,1987,신규,26.10~28.10,,,,,
노원구,11350,상계동,202608,아파트_전월세,불암대림(207동),상계동,1290,33,,1365,16,2,18,2000,신규,26.08~28.11,,,,,
노원구,11350,공릉동,202608,아파트_전월세,공릉우성아파트,공릉동,738,109.4,,60000,0,13,10,1995,신규,26.10~28.10,,,,,
노원구,11350,상계동,202608,아파트_전월세,은빛2단지,상계동,1256,59.92,,38500,0,8,17,1998,신규,26.10~28.10,,,,,
노원구,11350,공릉동,202608,아파트_전월세,태강아파트(아이파크),공릉동,81,49.6,,35700,0,13,14,1999,갱신,26.11~28.11,34000.0,,사용,,
노원구,11350,상계동,202608,아파트_전월세,상계주공14(고층),상계동,626,45.9,,21000,0,9,13,1989,갱신,26.11~28.11,20000.0,,사용,,
노원구,11350,상계동,202608,아파트_전월세,대망드림힐1,상계동,1304,70.8818,,45000,0,11,17,2003,신규,26.11~28.11,,,,,
노원구,11350,하계동,202608,아파트_전월세,한신1,하계동,284,27,,20000,0,9,13,1988,신규,26.09~28.09,,,,,
노원구,11350,월계동,202608,아파트_전월세,월계흥화브라운빌,월계동,939,59.79,,38000,0,14,17,2004,신규,26.10~28.10,,,,,
노원구,11350,중계동,202608,아파트_전월세,중계무지개,중계동,512,49.54,,32000,0,15,14,1991,신규,26.10~28.10,,,,,
노원구,11350,월계동,202608,아파트_전월세,미성,월계동,13,50.14,,30000,0,9,15,1986,갱신,26.08~28.08,25500.0,,,,
노원구,11350,월계동,202608,아파트_전월세,삼호4,월계동,12,50.18,,26000,0,8,18,1987,갱신,26.08~28.08,25000.0,,,,
노원구,11350,상계동,202608,아파트_전월세,상계주공7(고층),상계동,691,45.77,,4000,90,1,14,1988,신규,26.08~28.08,,,,,
노원구,11350,중계동,202608,아파트_전월세,건영2,중계동,515-2,75.02,,25000,100,2,14,1991,신규,26.10~28.10,,,,,
노원구,11350,상계동,202608,아파트_전월세,상계주공1(고층),상계동,765,58.01,,5000,145,11,17,1988,신규,26.08~28.08,,,,,
노원구,11350,월계동,202608,아파트_전월세,미성,월계동,13,50.14,,30000,0,9,15,1986,갱신,26.08~28.08,25500.0,,,,
노원구,11350,월계동,202608,아파트_전월세,삼호3,월계동,13,59.22,,22000,40,11,12,1986,신규,26.11~28.11,,,,,
노원구,11350,상계동,202608,아파트_전월세,"상계주공15(고층,공무원임대)",상계동,624,49.94,,16846,0,4,18,1988,갱신,26.09~28.09,16044.0,,,,
노원구,11350,상계동,202608,아파트_전월세,"상계주공15(고층,공무원임대)",상계동,624,41.3,,10904,6,7,7,1988,갱신,26.09~28.09,10385.0,6.0,,,
노원구,11350,월계동,202608,아파트_전월세,월계센트럴아이파크,월계동,951,84.99,,50000,120,2,17,2020,신규,26.12~28.12,,,,,
노원구,11350,상계동,202608,아파트_전월세,노원롯데캐슬시그니처,상계동,1410,59.996,,40000,90,25,15,2023,신규,26.11~28.11,,,,,
노원구,11350,월계동,202608,아파트_전월세,주공2,월계동,556,58.65,,30000,0,5,15,1992,갱신,26.09~28.09,29000.0,,사용,,
노원구,11350,상계동,202608,아파트_전월세,상계주공4(고층),상계동,749-5,59.2,,33000,0,3,17,1988,신규,26.10~28.10,,,,,
노원구,11350,상계동,202608,아파트_전월세,"상계주공15(고층,공무원임대)",상계동,624,41.3,,13890,0,9,18,1988,신규,26.09~28.09,,,,,
노원구,11350,상계동,202608,아파트_전월세,"상계주공15(고층,공무원임대)",상계동,624,49.94,,17103,0,12,18,1988,신규,26.09~28.09,,,,,
노원구,11350,상계동,202608,아파트_전월세,"상계주공15(고층,공무원임대)",상계동,624,41.3,,2778,32,5,15,1988,신규,26.09~28.09,,,,,
노원구,11350,월계동,202608,아파트_전월세,미륭,월계동,13,51.48,,2000,65,4,15,1986,신규,26.08~28.08,,,,,
노원구,11350,상계동,202608,아파트_전월세,"상계주공15(고층,공무원임대)",상계동,624,41.3,,2778,32,9,17,1988,신규,26.09~28.09,,,,,
노원구,11350,월계동,202608,아파트_전월세,미성,월계동,13,50.14,,32000,0,14,15,1986,신규,26.11~28.11,,,,,
노원구,11350,월계동,202608,아파트_전월세,미성,월계동,13,33.28,,17000,0,1,14,1986,갱신,26.09~26.11,17000.0,,사용,,
노원구,11350,중계동,202608,아파트_전월세,신동아(366),중계동,366,115.35,,100000,0,5,14,1993,신규,26.11~28.11,,,,,
노원구,11350,중계동,202608,아파트_전월세,주공7,중계동,363-1,44.1,,2000,105,4,14,1993,신규,26.08~27.08,,,,,
노원구,11350,하계동,202608,아파트_전월세,청솔(시영7),하계동,274,59.22,,31500,0,10,10,1989,갱신,26.08~28.08,30000.0,,사용,,
노원구,11350,상계동,202608,아파트_전월세,상계주공3(고층),상계동,730-2,38,,15000,0,8,14,1987,갱신,26.08~28.08,15000.0,,,,
노원구,11350,중계동,202608,아파트_전월세,상아,중계동,505,51.29,,40000,0,4,14,1989,신규,26.10~28.10,,,,,
노원구,11350,상계동,202608,아파트_전월세,상계주공14(고층),상계동,626,49.94,,25200,0,5,12,1989,갱신,26.09~28.09,24000.0,,사용,,
노원구,11350,상계동,202608,아파트_전월세,상계주공10(고층),상계동,666,49.94,,24150,0,6,12,1988,갱신,26.11~28.11,23000.0,,사용,,
노원구,11350,상계동,202608,아파트_전월세,상계주공4(고층),상계동,749-5,32.39,,22000,0,14,14,1988,신규,26.10~28.10,,,,,
노원구,11350,중계동,202608,아파트_전월세,중계무지개,중계동,512,49.54,,2000,70,11,14,1991,갱신,26.08~27.03,2000.0,70.0,사용,,
노원구,11350,상계동,202608,아파트_전월세,상계주공4(고층),상계동,749-5,32.39,,3000,63,11,14,1988,갱신,26.10~28.10,3000.0,60.0,사용,,
노원구,11350,상계동,202608,아파트_전월세,상계대림,상계동,172,59.67,,15000,70,5,11,1989,신규,26.10~28.10,,,,,
노원구,11350,중계동,202608,아파트_전월세,금호타운(583),중계동,583,84.98,,63000,0,9,14,1997,신규,26.10~28.10,,,,,
노원구,11350,상계동,202608,아파트_전월세,상계주공13(고층),상계동,637,49.94,,19360,0,15,7,1989,신규,26.10~28.10,,,,,
노원구,11350,공릉동,202608,아파트_전월세,풍림아파트B,공릉동,727,31.32,,1000,70,12,11,2001,갱신,26.09~28.09,2000.0,53.0,,,
노원구,11350,하계동,202608,아파트_전월세,한신2,하계동,284,35.28,,2000,70,9,14,1988,신규,26.08~28.02,,,,,
노원구,11350,공릉동,202608,아파트_전월세,남광미르빌,공릉동,684-60,73.38,,30000,0,4,14,2003,갱신,26.08~28.08,27000.0,,,,
노원구,11350,중계동,202608,아파트_전월세,중계무지개,중계동,512,49.54,,30000,40,7,14,1991,신규,26.10~28.10,,,,,
노원구,11350,상계동,202608,아파트_전월세,보람아파트,상계동,639,54.59,,27000,0,4,14,1988,갱신,26.09~28.09,26000.0,,사용,,
노원구,11350,상계동,202608,아파트_전월세,상계주공11(고층),상계동,652,60.5,,25000,0,6,12,1988,갱신,26.08~28.08,24000.0,,사용,,
노원구,11350,중계동,202608,아파트_전월세,주공2,중계동,369,44.52,,17850,0,2,11,1992,갱신,26.08~28.08,17000.0,,사용,,
노원구,11350,중계동,202608,아파트_전월세,비콘드림힐(602),중계동,602,84.986,,58000,0,2,14,2005,신규,26.11~28.11,,,,,
노원구,11350,중계동,202608,아파트_전월세,성원1,중계동,580,59.75,,43500,0,13,13,1996,갱신,27.02~29.02,43500.0,,사용,,
노원구,11350,상계동,202608,아파트_전월세,상계주공14(고층),상계동,626,45.9,,10000,60,14,14,1989,신규,26.10~28.10,,,,,
노원구,11350,월계동,202608,아파트_전월세,삼호4,월계동,12,50.18,,14700,0,5,11,1987,갱신,26.09~28.08,14000.0,,사용,,
노원구,11350,중계동,202608,아파트_전월세,주공8,중계동,362-1,49.72,,29400,0,12,8,1993,갱신,26.09~28.09,28000.0,,사용,,
노원구,11350,중계동,202608,아파트_전월세,주공8,중계동,362-1,49.72,,29400,0,12,8,1993,갱신,26.09~28.09,28000.0,,,,
노원구,11350,월계동,202608,아파트_전월세,한진한화그랑빌,월계동,18,84.97,,57881,0,10,14,2002,갱신,26.08~28.08,55125.0,,,,
노원구,11350,상계동,202608,아파트_전월세,상계주공1(고층),상계동,765,58.01,,3000,66,11,14,1988,갱신,26.10~27.10,3000.0,66.0,,,
노원구,11350,상계동,202608,아파트_전월세,상계주공2(고층),상계동,740,58.01,,3000,85,4,6,1987,갱신,26.08~28.08,3000.0,80.0,사용,,
노원구,11350,상계동,202608,아파트_전월세,상계주공3(고층),상계동,730-2,68.86,,48000,0,3,10,1987,신규,26.10~28.10,,,,,
노원구,11350,월계동,202608,아파트_전월세,삼호3,월계동,13,59.22,,32500,0,5,2,1986,갱신,26.10~28.10,29500.0,,,,
노원구,11350,상계동,202608,아파트_전월세,불암현대아파트(106동),상계동,1294,27,,856,13,19,14,1999,갱신,26.09~28.08,856.0,13.0,,,
노원구,11350,상계동,202608,아파트_전월세,상계주공3(고층),상계동,730-2,75.2,,36700,0,7,8,1987,갱신,26.09~28.09,35000.0,,사용,,
노원구,11350,상계동,202608,아파트_전월세,한양,상계동,757,86.62,,25000,140,3,7,1988,신규,26.08~28.08,,,,,
노원구,11350,상계동,202608,아파트_전월세,상계주공4(고층),상계동,749-5,32.39,,22000,0,3,13,1988,신규,26.09~28.09,,,,,
노원구,11350,중계동,202608,아파트_전월세,중계그린1단지,중계동,502-1,49.5,,2000,82,4,14,1990,갱신,26.09~27.09,2000.0,78.0,,,
노원구,11350,중계동,202608,아파트_전월세,중계무지개,중계동,512,49.54,,34500,0,10,13,1991,신규,26.10~28.10,,,,,
노원구,11350,공릉동,202608,아파트_전월세,태강아파트(아이파크),공릉동,81,49.6,,34650,0,15,10,1999,갱신,26.09~28.09,33000.0,,사용,,
노원구,11350,상계동,202608,아파트_전월세,"상계주공15(고층,공무원임대)",상계동,624,49.94,,17103,0,13,13,1988,신규,26.09~28.09,,,,,
노원구,11350,하계동,202608,아파트_전월세,우성,하계동,270,84.91,,39000,100,1,8,1988,갱신,26.10~28.10,39000.0,20.0,,,
노원구,11350,중계동,202608,아파트_전월세,동진,중계동,103,38.79,,12000,0,3,13,1988,갱신,26.09~27.09,11500.0,,,,
노원구,11350,상계동,202608,아파트_전월세,상계주공9(고층),상계동,670,45.55,,16800,0,2,13,1988,갱신,26.08~28.08,16000.0,,사용,,
노원구,11350,중계동,202608,아파트_전월세,염광,중계동,445,131.25,,40000,150,8,8,1996,신규,26.10~28.10,,,,,
노원구,11350,하계동,202608,아파트_전월세,한신2,하계동,284,44.52,,2000,100,4,13,1988,신규,26.09~28.09,,,,,
노원구,11350,상계동,202608,아파트_전월세,상계주공4(고층),상계동,749-5,32.39,,1000,75,15,12,1988,신규,26.09~28.09,,,,,
노원구,11350,하계동,202608,아파트_전월세,하계2현대,하계동,288,75.35,,60000,0,5,13,1997,신규,26.10~28.10,,,,,
노원구,11350,월계동,202608,아파트_전월세,미성,월계동,13,33.28,,1000,58,3,13,1986,갱신,26.08~28.08,1000.0,55.0,사용,,
노원구,11350,중계동,202608,아파트_전월세,주공5,중계동,359-1,44.94,,17357,0,4,12,1992,갱신,26.08~28.08,16530.0,,,,
노원구,11350,하계동,202608,아파트_전월세,연해피빌,하계동,168-1,21.22,,9000,8,2,13,2019,갱신,26.09~27.09,9000.0,6.0,,,
노원구,11350,월계동,202608,아파트_전월세,삼호3,월계동,13,59.22,,34000,0,7,13,1986,신규,26.09~28.09,,,,,
노원구,11350,중계동,202608,아파트_전월세,주공6,중계동,364-12,44.1,,2000,100,3,13,1993,신규,26.09~28.09,,,,,
노원구,11350,상계동,202608,아파트_전월세,상계주공9(고층),상계동,670,45.9,,20000,0,10,6,1988,갱신,26.08~28.08,20000.0,,사용,,
노원구,11350,중계동,202608,아파트_전월세,중계그린1단지,중계동,502-1,49.5,,2000,130,6,9,1990,신규,26.10~28.10,,,,,
노원구,11350,하계동,202608,아파트_전월세,한신1,하계동,284,27,,1000,75,10,13,1988,신규,26.08~28.08,,,,,
노원구,11350,공릉동,202608,아파트_전월세,대동아파트2,공릉동,380-1,59.34,,2000,115,7,4,1999,갱신,26.09~28.09,2000.0,95.0,,,
노원구,11350,중계동,202608,아파트_전월세,청구3,중계동,360-2,84.77,,76650,0,9,13,1996,갱신,26.08~28.08,73000.0,,,,
노원구,11350,하계동,202608,아파트_전월세,한신1,하계동,284,27,,1000,75,10,13,1988,신규,26.08~28.08,,,,,
노원구,11350,상계동,202608,아파트_전월세,상계우방유쉘,상계동,1295,84.94,,43000,0,1,13,2000,갱신,26.09~28.09,41000.0,,사용,,
노원구,11350,상계동,202608,아파트_전월세,소담빌,상계동,330-29,14.65,,500,60,3,12,2014,신규,26.08~27.08,,,,,
노원구,11350,하계동,202608,아파트_전월세,장미(시영6),하계동,273,39.78,,18680,0,5,10,1989,갱신,26.09~28.09,17380.0,,,,
노원구,11350,중계동,202608,아파트_전월세,주공10,중계동,360-16,58.14,,5000,120,2,8,1995,갱신,26.09~28.09,10000.0,80.0,,,
노원구,11350,하계동,202608,아파트_전월세,미성,하계동,280,57.97,,40000,0,11,11,1989,신규,26.10~28.10,,,,,
노원구,11350,상계동,202608,아파트_전월세,상계주공6(고층),상계동,720,37.46,,19950,0,3,13,1988,갱신,26.09~28.09,19000.0,,,,
노원구,11350,중계동,202608,아파트_전월세,건영3,중계동,360-15,84.9,,80000,0,2,10,1995,갱신,27.02~29.02,57750.0,,,,
노원구,11350,중계동,202608,아파트_전월세,목화(4단지),중계동,511-2,39.96,,736,11,1,13,1991,갱신,26.09~28.08,736.0,11.0,,,
노원구,11350,상계동,202608,아파트_전월세,상계주공6(고층),상계동,720,58.01,,13000,110,7,13,1988,신규,26.09~28.09,,,,,
노원구,11350,상계동,202608,아파트_전월세,상계주공3(고층),상계동,730-2,59.2,,19700,45,8,13,1987,갱신,26.09~28.09,29700.0,,,,
노원구,11350,상계동,202608,아파트_전월세,상계주공2(고층),상계동,740,32.39,,1000,53,7,13,1987,갱신,26.08~27.05,1000.0,53.0,,,
노원구,11350,상계동,202608,아파트_전월세,상계주공4(고층),상계동,749-5,32.39,,1000,90,10,12,1988,신규,26.10~27.10,,,,,
노원구,11350,공릉동,202608,아파트_전월세,미라쉘,공릉동,670-6,16.69,,1000,66,6,11,2018,갱신,26.08~27.02,1000.0,63.0,,,
노원구,11350,중계동,202608,아파트_전월세,주공5,중계동,359-1,44.52,,2000,120,15,11,1992,갱신,26.10~27.10,2000.0,80.0,,,
노원구,11350,중계동,202608,아파트_전월세,주공4,중계동,358-2,76.51,,45000,0,6,12,1991,갱신,26.08~28.08,43000.0,,사용,,
노원구,11350,공릉동,202608,아파트_전월세,진명비베레,공릉동,395-7,13.9092,,8050,20,2,11,2012,신규,26.09~28.09,,,,,
노원구,11350,공릉동,202608,아파트_전월세,한일휴니스빌,공릉동,683-14,13.92,,1000,68,6,12,2013,신규,26.08~27.08,,,,,
노원구,11350,상계동,202608,아파트_전월세,노원센트럴푸르지오,상계동,1355,84.999,,67000,0,17,12,2021,신규,26.10~28.10,,,,,
노원구,11350,중계동,202608,아파트_전월세,중계그린1단지,중계동,502-1,39.78,,34000,0,12,11,1990,신규,26.09~28.09,,,,,
노원구,11350,상계동,202608,아파트_전월세,동양엔파트,상계동,1305,84.98,,13000,170,7,1,2003,갱신,26.09~28.09,13000.0,150.0,,,
노원구,11350,상계동,202608,아파트_전월세,상계주공14(고층),상계동,626,59.39,,42000,0,9,12,1989,신규,26.09~28.09,,,,,
노원구,11350,상계동,202608,아파트_전월세,상계주공14(고층),상계동,626,41.3,,4000,100,3,12,1989,신규,26.08~28.08,,,,,
노원구,11350,상계동,202608,아파트_전월세,상계주공2(고층),상계동,740,37.46,,18520,0,4,13,1987,갱신,26.09~27.10,17640.0,,,,
노원구,11350,월계동,202608,아파트_전월세,현대,월계동,929,59.95,,46000,0,22,13,2000,신규,26.12~28.12,,,,,
노원구,11350,상계동,202608,아파트_전월세,상계주공10(고층),상계동,666,49.94,,17000,65,11,6,1988,신규,26.10~28.10,,,,,
노원구,11350,공릉동,202608,아파트_전월세,공릉아파트,공릉동,110,39.84,,3402,8,9,12,1999,갱신,26.09~28.08,1362.0,19.0,,,
노원구,11350,상계동,202608,아파트_전월세,상계주공4(고층),상계동,749-5,41.3,,3000,95,8,8,1988,신규,26.09~28.09,,,,,
노원구,11350,월계동,202608,아파트_전월세,삼호3,월계동,13,59.22,,24150,0,14,12,1986,갱신,26.08~28.08,23000.0,,사용,,
노원구,11350,상계동,202608,아파트_전월세,상계주공4(고층),상계동,749-5,41.3,,25000,0,2,11,1988,갱신,26.09~28.09,23500.0,,,,
노원구,11350,공릉동,202608,아파트_전월세,태강아파트(아이파크),공릉동,81,49.6,,4000,84,12,12,1999,갱신,26.10~28.10,4000.0,80.0,사용,,
노원구,11350,상계동,202608,아파트_전월세,한일유앤아이,상계동,1309,114.882,,70000,0,10,12,2005,신규,26.10~28.10,,,,,
노원구,11350,상계동,202608,아파트_전월세,상계2차중앙하이츠,상계동,1282,84.6,,25000,115,10,11,1998,갱신,26.09~28.09,25000.0,110.0,사용,,
노원구,11350,하계동,202608,아파트_전월세,장미(시영6),하계동,273,39.92,,22000,0,12,12,1989,갱신,26.08~28.08,22000.0,,사용,,
노원구,11350,중계동,202608,아파트_전월세,건영3,중계동,360-15,84.9,,73500,0,1,11,1995,갱신,26.08~28.08,70000.0,,사용,,
노원구,11350,상계동,202608,아파트_전월세,보람아파트,상계동,639,54.59,,2000,100,2,12,1988,신규,26.10~28.10,,,,,
노원구,11350,상계동,202608,아파트_전월세,한일유앤아이,상계동,1309,59.877,,41000,0,17,11,2005,신규,26.10~28.02,,,,,
노원구,11350,월계동,202608,아파트_전월세,월계센트럴아이파크,월계동,951,59.99,,42400,0,11,11,2020,갱신,26.11~28.11,40400.0,,사용,,
노원구,11350,하계동,202608,아파트_전월세,학여울청구,하계동,354,59.4,,33400,0,4,8,1999,신규,26.10~28.10,,,,,
노원구,11350,상계동,202608,아파트_전월세,은빛1단지,상계동,1255,39.7,,18500,0,14,12,1998,갱신,26.08~26.09,18500.0,,사용,,
노원구,11350,상계동,202608,아파트_전월세,한신4차,상계동,995,84.84,,42000,0,6,12,1995,신규,26.08~28.08,,,,,
노원구,11350,상계동,202608,아파트_전월세,상계주공14(고층),상계동,626,45.9,,18900,0,6,11,1989,갱신,26.08~28.08,18000.0,,사용,,
노원구,11350,상계동,202608,아파트_전월세,비콘드림힐2,상계동,1308,70.4,,8000,150,5,7,2005,신규,26.09~28.09,,,,,
노원구,11350,상계동,202608,아파트_전월세,보람아파트,상계동,639,68.99,,40000,0,6,1,1988,신규,26.10~28.10,,,,,
노원구,11350,상계동,202608,아파트_전월세,포레나노원,상계동,680,74.9561,,73500,0,10,11,2020,갱신,26.10~28.10,70000.0,,사용,,
노원구,11350,공릉동,202608,아파트_전월세,비선아파트,공릉동,109,59.74,,40000,0,3,11,1999,신규,26.11~28.11,,,,,
노원구,11350,상계동,202608,아파트_전월세,상계주공7(고층),상계동,691,45.9,,10000,70,1,12,1988,신규,26.09~28.09,,,,,
노원구,11350,상계동,202608,아파트_전월세,비콘드림힐2,상계동,1308,70.4,,8000,150,5,7,2005,신규,26.09~28.09,,,,,
노원구,11350,상계동,202608,아파트_전월세,"상계주공15(고층,공무원임대)",상계동,624,49.94,,5130,35,10,12,1988,신규,26.09~28.09,,,,,
노원구,11350,월계동,202608,아파트_전월세,미성,월계동,13,33.28,,16000,0,4,8,1986,갱신,26.09~28.09,13000.0,,,,
노원구,11350,하계동,202608,아파트_전월세,장미(시영6),하계동,273,49.5,,2000,86,5,11,1989,갱신,26.09~28.09,2000.0,82.0,사용,,
노원구,11350,상계동,202608,아파트_전월세,"상계주공15(고층,공무원임대)",상계동,624,49.94,,17103,0,4,12,1988,신규,26.08~28.08,,,,,
노원구,11350,월계동,202608,아파트_전월세,주공2,월계동,556,58.65,,40000,0,7,11,1992,신규,26.11~28.11,,,,,
노원구,11350,중계동,202608,아파트_전월세,건영3,중계동,360-15,84.9,,65000,80,8,12,1995,신규,26.10~28.10,,,,,
노원구,11350,공릉동,202608,아파트_전월세,주완위즈빌2,공릉동,504-5,77.43,,29000,0,4,11,2005,갱신,26.08~28.08,28000.0,,,,
노원구,11350,상계동,202608,아파트_전월세,보람아파트,상계동,639,68.99,,40000,0,10,12,1988,갱신,26.08~28.08,38000.0,,,,
노원구,11350,월계동,202608,아파트_전월세,주공2,월계동,556,38.64,,22000,0,1,11,1992,신규,26.09~28.09,,,,,
노원구,11350,상계동,202608,아파트_전월세,상계주공4(고층),상계동,749-5,41.3,,2000,95,6,11,1988,신규,26.10~28.10,,,,,
노원구,11350,상계동,202608,아파트_전월세,보람아파트,상계동,639,54.59,,30000,0,8,7,1988,신규,26.09~28.09,,,,,
노원구,11350,상계동,202608,아파트_전월세,"상계주공15(고층,공무원임대)",상계동,624,41.3,,9541,9,3,11,1988,갱신,26.11~28.11,10385.0,6.0,,,
노원구,11350,상계동,202608,아파트_전월세,"상계주공15(고층,공무원임대)",상계동,624,41.3,,2778,32,15,11,1988,신규,26.09~28.09,,,,,
노원구,11350,공릉동,202608,아파트_전월세,청솔아파트8,공릉동,91,84.65,,48000,0,5,11,2000,갱신,26.08~28.08,46000.0,,사용,,
노원구,11350,월계동,202608,아파트_전월세,초안2,월계동,924,39.6,,14300,0,5,10,1997,신규,26.10~28.10,,,,,
노원구,11350,상계동,202608,아파트_전월세,상계주공7(고층),상계동,691,58.01,,3000,150,14,11,1988,신규,26.09~28.09,,,,,
노원구,11350,월계동,202608,아파트_전월세,꿈의숲SKVIEW,월계동,949,84.93,,69000,0,10,8,2016,갱신,26.09~28.09,53000.0,,,,
노원구,11350,상계동,202608,아파트_전월세,보람아파트,상계동,639,44.33,,1500,90,6,8,1988,신규,26.09~28.09,,,,,
노원구,11350,상계동,202608,아파트_전월세,상계주공9(고층),상계동,670,49.94,,2000,69,6,11,1988,갱신,26.08~28.08,2000.0,66.0,사용,,
노원구,11350,상계동,202608,아파트_전월세,상계주공2(고층),상계동,740,58.01,,25000,65,6,10,1987,신규,26.09~28.09,,,,,
노원구,11350,중계동,202608,아파트_전월세,주공2,중계동,369,44.52,,10000,0,4,3,1992,신규,26.08~26.10,,,,,
노원구,11350,공릉동,202608,아파트_전월세,효성아파트,공릉동,742,73.18,,30000,0,2,8,1995,신규,26.09~28.09,,,,,
노원구,11350,상계동,202608,아파트_전월세,상계주공11(고층),상계동,652,59.2,,10000,60,8,1,1988,갱신,26.09~28.09,10000.0,55.0,사용,,
노원구,11350,상계동,202608,아파트_전월세,삼성,상계동,996-16,68.71,,20000,7,3,10,2003,신규,26.08~28.08,,,,,
노원구,11350,상계동,202608,아파트_전월세,상계주공11(고층),상계동,652,60.5,,23140,0,11,10,1988,갱신,26.09~28.09,21940.0,,,,
노원구,11350,월계동,202608,아파트_전월세,미륭,월계동,13,51.48,,35000,0,3,11,1986,신규,26.10~28.10,,,,,
노원구,11350,중계동,202608,아파트_전월세,주공2,중계동,369,44.52,,22050,0,6,7,1992,갱신,26.09~28.09,21000.0,,사용,,
노원구,11350,공릉동,202608,아파트_전월세,비선아파트,공릉동,109,48.6,,3000,130,15,8,1999,신규,26.11~28.11,,,,,
노원구,11350,상계동,202608,아파트_전월세,상계주공13(고층),상계동,637,45.9,,18000,3,3,3,1989,갱신,26.09~28.09,18000.0,,사용,,
노원구,11350,중계동,202608,아파트_전월세,주공2,중계동,369,44.52,,2000,73,10,1,1992,갱신,26.10~28.10,2000.0,70.0,사용,,
노원구,11350,공릉동,202608,아파트_전월세,공릉1단지아파트,공릉동,708,24.79,,178,4,11,11,1994,신규,26.08~28.10,,,,,
노원구,11350,상계동,202608,아파트_전월세,"상계주공15(고층,공무원임대)",상계동,624,49.94,,17103,0,9,11,1988,갱신,26.12~28.12,16349.0,,,,
노원구,11350,하계동,202608,아파트_전월세,한신1,하계동,284,27,,1500,62,1,11,1988,갱신,26.08~28.08,1500.0,60.0,,,
노원구,11350,월계동,202608,아파트_전월세,미성,월계동,13,50.14,,26250,0,10,8,1986,갱신,26.09~28.09,25000.0,,사용,,
노원구,11350,중계동,202608,아파트_전월세,주공5,중계동,359-1,38.64,,20000,0,11,8,1992,갱신,26.08~28.08,15500.0,,,,
노원구,11350,상계동,202608,아파트_전월세,상계주공2(고층),상계동,740,68.86,,35700,0,6,8,1987,갱신,26.09~28.09,34000.0,,사용,,
노원구,11350,상계동,202608,아파트_전월세,상계주공10(고층),상계동,666,45.9,,17850,0,15,8,1988,갱신,26.10~28.10,17000.0,,사용,,
노원구,11350,하계동,202608,아파트_전월세,청구,하계동,284,70.69,,57000,0,4,10,1988,신규,26.11~28.11,,,,,
노원구,11350,하계동,202608,아파트_전월세,청솔(시영7),하계동,274,39.92,,26500,0,7,7,1989,신규,26.10~28.10,,,,,
노원구,11350,중계동,202608,아파트_전월세,주공7,중계동,363-1,44.1,,13000,35,4,8,1993,신규,26.10~28.10,,,,,
노원구,11350,상계동,202608,아파트_전월세,두산,상계동,1110,67.43,,42000,0,5,10,1994,신규,26.10~28.10,,,,,
노원구,11350,상계동,202608,아파트_전월세,"상계주공15(고층,공무원임대)",상계동,624,49.94,,5130,35,14,10,1988,갱신,26.10~28.09,3269.0,44.0,,,
노원구,11350,공릉동,202608,아파트_전월세,공릉1단지아파트,공릉동,708,24.79,,534,7,8,11,1994,신규,26.08~28.10,,,,,
노원구,11350,상계동,202608,아파트_전월세,상계주공9(고층),상계동,670,45.9,,25000,0,15,11,1988,신규,26.09~28.09,,,,,
노원구,11350,상계동,202608,아파트_전월세,노원롯데캐슬시그니처,상계동,1410,43.593,,4756,7,12,10,2023,갱신,26.09~28.08,2794.0,18.0,,,
노원구,11350,공릉동,202608,아파트_전월세,한일휴니스빌,공릉동,683-14,14.925,,10500,10,19,8,2013,신규,26.09~28.09,,,,,
노원구,11350,공릉동,202608,아파트_전월세,태릉입구역청년주택YNTOWER,공릉동,617-3,16.3,,4630,36,15,7,2021,신규,26.09~28.09,,,,,
노원구,11350,상계동,202608,아파트_전월세,상계주공7(고층),상계동,691,41.3,,23000,0,4,10,1988,신규,26.10~28.10,,,,,
노원구,11350,하계동,202608,아파트_전월세,청솔(시영7),하계동,274,59.22,,31500,0,10,10,1989,갱신,26.08~28.08,30000.0,,사용,,
노원구,11350,공릉동,202608,아파트_전월세,한일휴니스빌,공릉동,683-14,15.555,,1000,60,16,10,2013,신규,26.08~27.08,,,,,
노원구,11350,공릉동,202608,아파트_전월세,태강아파트(아이파크),공릉동,81,59.34,,45000,0,8,8,1999,신규,26.10~28.09,,,,,
노원구,11350,공릉동,202608,아파트_전월세,우방아파트,공릉동,108,60.502,,42000,0,3,8,2000,신규,26.10~28.10,,,,,
노원구,11350,상계동,202608,아파트_전월세,상계주공10(고층),상계동,666,49.94,,32000,0,2,10,1988,신규,26.11~28.11,,,,,
노원구,11350,중계동,202608,아파트_전월세,주공2,중계동,369,44.52,,500,100,12,6,1992,신규,26.08~26.11,,,,,
노원구,11350,상계동,202608,아파트_전월세,노원롯데캐슬시그니처,상계동,1410,39.038,,4271,7,12,10,2023,갱신,26.09~28.08,2509.0,16.0,,,
노원구,11350,월계동,202608,아파트_전월세,현대,월계동,929,59.95,,43000,0,8,10,2000,갱신,26.09~28.09,40000.0,,,,
노원구,11350,중계동,202608,아파트_전월세,주공5,중계동,359-1,58.46,,38000,0,14,4,1992,갱신,26.12~28.12,38000.0,,,,
노원구,11350,상계동,202608,아파트_전월세,노원롯데캐슬시그니처,상계동,1410,43.593,,4756,7,3,10,2023,갱신,26.09~28.08,2794.0,18.0,,,
노원구,11350,상계동,202608,아파트_전월세,상계주공13(고층),상계동,637,41.3,,13800,0,4,6,1989,신규,26.08~28.08,,,,,
노원구,11350,상계동,202608,아파트_전월세,상계주공7(고층),상계동,691,49.94,,5000,130,10,10,1988,신규,26.10~28.10,,,,,
노원구,11350,상계동,202608,아파트_전월세,상계주공13(고층),상계동,637,49.94,,28000,0,6,8,1989,갱신,26.09~28.09,25600.0,,,,
노원구,11350,중계동,202608,아파트_전월세,중앙하이츠,중계동,161-1,84.21,,20000,140,14,8,1998,신규,26.11~28.11,,,,,
노원구,11350,중계동,202608,아파트_전월세,주공5,중계동,359-1,44.52,,2000,90,14,7,1992,신규,26.08~28.08,,,,,
노원구,11350,중계동,202608,아파트_전월세,주공5,중계동,359-1,58.46,,36750,0,8,10,1992,갱신,26.09~28.09,35000.0,,사용,,
노원구,11350,상계동,202608,아파트_전월세,노원센트럴푸르지오,상계동,1355,59.996,,55000,50,11,8,2021,갱신,26.08~28.08,47350.0,,,,
노원구,11350,하계동,202608,아파트_전월세,하계2현대,하계동,288,75.35,,52500,0,2,8,1997,갱신,26.09~28.09,50000.0,,사용,,
노원구,11350,중계동,202608,아파트_전월세,양지마을(대림)2,중계동,588,84.88,,65000,20,12,8,1999,신규,26.10~28.10,,,,,
노원구,11350,상계동,202608,아파트_전월세,불암현대,상계동,1293,84.9,,45500,0,17,8,1999,갱신,26.08~28.08,43500.0,,사용,,
노원구,11350,상계동,202608,아파트_전월세,청암2단지,상계동,1276,49.77,,30000,0,1,7,2001,신규,26.11~28.11,,,,,
노원구,11350,공릉동,202608,아파트_전월세,현대성우아파트,공릉동,741,59.98,,13100,60,3,8,2000,갱신,26.08~27.11,13100.0,60.0,,,
노원구,11350,상계동,202608,아파트_전월세,상계주공6(고층),상계동,720,59.2,,36000,0,10,8,1988,신규,26.09~28.09,,,,,
노원구,11350,상계동,202608,아파트_전월세,상계주공7(고층),상계동,691,79.07,,20000,60,4,10,1988,갱신,26.08~27.12,18500.0,,,,
노원구,11350,중계동,202608,아파트_전월세,삼성,중계동,593,59.9,,40000,0,8,8,1999,갱신,26.10~28.10,35000.0,,,,
노원구,11350,상계동,202608,아파트_전월세,상계주공6(고층),상계동,720,59.2,,19900,0,5,8,1988,갱신,26.08~28.08,19900.0,,사용,,
노원구,11350,상계동,202608,아파트_전월세,상계주공7(고층),상계동,691,45.55,,25000,0,13,8,1988,신규,26.11~28.11,,,,,
노원구,11350,공릉동,202608,아파트_전월세,공릉1단지아파트,공릉동,708,24.79,,534,7,8,10,1994,신규,26.08~28.10,,,,,
노원구,11350,월계동,202608,아파트_전월세,한진한화그랑빌,월계동,18,59.94,,47250,0,20,8,2002,갱신,26.09~28.09,45000.0,,사용,,
노원구,11350,월계동,202608,아파트_전월세,한진한화그랑빌,월계동,18,59.94,,47250,0,20,8,2002,신규,26.09~28.09,,,,,
노원구,11350,상계동,202608,아파트_전월세,상계주공4(고층),상계동,749-5,41.3,,20000,0,1,8,1988,신규,26.10~28.10,,,,,
노원구,11350,월계동,202608,아파트_전월세,주공2,월계동,556,38.64,,17850,0,9,8,1992,갱신,26.09~28.09,17000.0,,,,
노원구,11350,상계동,202608,아파트_전월세,상계1차현대아파트,상계동,1055,83.92,,30000,55,3,8,1993,갱신,26.11~28.11,30000.0,45.0,사용,,
노원구,11350,상계동,202608,아파트_전월세,두산,상계동,1110,58.65,,32500,0,11,8,1994,갱신,26.09~28.09,31000.0,,사용,,
노원구,11350,월계동,202608,아파트_전월세,대동,월계동,925,59.76,,43000,0,5,9,1997,신규,26.10~28.10,,,,,
노원구,11350,월계동,202608,아파트_전월세,청백4,월계동,781,59.4,,26000,0,14,8,1998,갱신,26.08~28.08,26000.0,,,,
노원구,11350,공릉동,202608,아파트_전월세,삼익4단지아파트,공릉동,714,49.5,,32500,0,6,9,1994,신규,26.11~28.11,,,,,
노원구,11350,상계동,202608,아파트_전월세,상계주공4(고층),상계동,749-5,38,,23000,0,9,8,1988,신규,26.10~28.10,,,,,
노원구,11350,상계동,202608,아파트_전월세,상계주공6(고층),상계동,720,41.3,,26500,0,8,8,1988,신규,26.10~28.10,,,,,
노원구,11350,중계동,202608,아파트_전월세,건영2,중계동,515-2,84.96,,57000,0,9,8,1991,갱신,26.08~28.02,52000.0,,,,
노원구,11350,중계동,202608,아파트_전월세,경남,중계동,505,84.97,,55000,0,10,6,1989,신규,26.09~28.09,,,,,
노원구,11350,하계동,202608,아파트_전월세,한신동성,하계동,256-5,138.29,,75000,30,9,8,1993,갱신,26.12~28.12,75000.0,,,,
노원구,11350,상계동,202608,아파트_전월세,상계주공1(고층),상계동,765,59.2,,32000,0,6,7,1988,신규,26.10~28.10,,,,,
노원구,11350,공릉동,202608,아파트_전월세,공릉아파트,공릉동,110,33.18,,2864,6,10,10,1999,갱신,26.09~28.08,1136.0,16.0,,,
노원구,11350,상계동,202608,아파트_전월세,상계주공10(고층),상계동,666,45.9,,27000,0,8,7,1988,신규,26.10~28.10,,,,,
노원구,11350,상계동,202608,아파트_전월세,"상계주공15(고층,공무원임대)",상계동,624,49.94,,17103,0,5,7,1988,갱신,26.11~28.11,16349.0,,,,
노원구,11350,상계동,202608,아파트_전월세,상계주공16(고층),상계동,624,58.01,,15000,80,7,8,1988,신규,26.09~28.09,,,,,
노원구,11350,월계동,202608,아파트_전월세,성원(사슴4),월계동,322-1,39.6,,3000,90,6,2,1995,신규,26.09~28.09,,,,,
노원구,11350,월계동,202608,아파트_전월세,우남그랜드,월계동,930,84.73,,55000,0,2,6,2001,신규,26.10~28.10,,,,,
노원구,11350,중계동,202608,아파트_전월세,주공2,중계동,369,44.52,,2000,95,2,7,1992,신규,26.08~28.08,,,,,
노원구,11350,공릉동,202608,아파트_전월세,시영2단지(라이프)아파트,공릉동,707,34.44,,22000,0,2,1,1994,신규,26.11~28.11,,,,,
노원구,11350,상계동,202608,아파트_전월세,"상계주공15(고층,공무원임대)",상계동,624,49.94,,16846,0,4,7,1988,갱신,26.08~28.08,11230.0,11.0,,,
노원구,11350,중계동,202608,아파트_전월세,건영3,중계동,360-15,84.9,,60000,40,13,7,1995,갱신,26.09~27.04,60000.0,40.0,사용,,
노원구,11350,중계동,202608,아파트_전월세,건영3,중계동,360-15,84.9,,60000,40,13,7,1995,갱신,26.09~27.04,60000.0,40.0,사용,,
노원구,11350,하계동,202608,아파트_전월세,장미(시영6),하계동,273,39.92,,2000,80,5,6,1989,신규,26.08~28.08,,,,,
노원구,11350,상계동,202608,아파트_전월세,"상계주공15(고층,공무원임대)",상계동,624,41.3,,9541,9,13,7,1988,갱신,26.12~27.10,9087.0,8.0,,,
노원구,11350,중계동,202608,아파트_전월세,주공5,중계동,359-1,44.94,,940,100,12,7,1992,갱신,26.09~28.09,940.0,70.0,,,
노원구,11350,상계동,202608,아파트_전월세,"상계주공15(고층,공무원임대)",상계동,624,41.3,,9724,5,13,7,1988,갱신,26.11~28.11,9261.0,5.0,,,
노원구,11350,중계동,202608,아파트_전월세,주공6,중계동,364-12,44.1,,1000,100,1,6,1993,신규,26.08~28.08,,,,,
노원구,11350,상계동,202608,아파트_전월세,청암2단지,상계동,1276,59.4,,34500,0,7,7,2001,갱신,26.08~28.08,32000.0,,,,
노원구,11350,상계동,202608,아파트_전월세,"상계주공15(고층,공무원임대)",상계동,624,49.94,,11972,15,10,7,1988,갱신,26.12~28.12,11444.0,16.0,,,
노원구,11350,중계동,202608,아파트_전월세,중계그린1단지,중계동,502-1,39.91,,3000,90,1,1,1990,신규,26.08~28.08,,,,,
노원구,11350,중계동,202608,아파트_전월세,중계그린1단지,중계동,502-1,39.78,,4000,64,8,7,1990,갱신,26.08~28.08,4000.0,60.0,사용,,
노원구,11350,공릉동,202608,아파트_전월세,태강아파트(아이파크),공릉동,81,59.34,,500,30,2,6,1999,신규,26.08~27.08,,,,,
노원구,11350,중계동,202608,아파트_전월세,금호타운(583),중계동,583,84.98,,48000,10,14,7,1997,갱신,26.09~28.09,48000.0,,사용,,
노원구,11350,월계동,202608,아파트_전월세,꿈의숲SKVIEW,월계동,949,59.96,,50000,0,13,6,2016,신규,26.09~28.02,,,,,
노원구,11350,중계동,202608,아파트_전월세,주공5,중계동,359-1,44.94,,20000,10,1,7,1992,갱신,26.09~28.09,23000.0,,,,
노원구,11350,상계동,202608,아파트_전월세,은빛1단지,상계동,1255,59.95,,31500,0,1,7,1998,갱신,26.10~28.10,30000.0,,사용,,
노원구,11350,월계동,202608,아파트_전월세,미륭,월계동,13,51.48,,2000,100,14,7,1986,신규,26.09~28.09,,,,,
노원구,11350,월계동,202608,아파트_전월세,대동,월계동,925,59.76,,28000,0,4,7,1997,신규,26.10~27.10,,,,,
노원구,11350,공릉동,202608,아파트_전월세,태릉우성아파트,공릉동,254,84.97,,45000,0,3,7,1985,신규,26.10~28.10,,,,,
노원구,11350,월계동,202608,아파트_전월세,현대,월계동,929,59.95,,36750,0,13,7,2000,갱신,26.09~28.09,35000.0,,사용,,
노원구,11350,중계동,202608,아파트_전월세,중계무지개,중계동,512,39.82,,20000,20,6,7,1991,갱신,26.09~28.09,24000.0,,사용,,
노원구,11350,월계동,202608,아파트_전월세,삼호3,월계동,13,59.22,,36000,0,1,7,1986,신규,26.11~28.11,,,,,
노원구,11350,상계동,202608,아파트_전월세,상계주공14(고층),상계동,626,45.9,,20000,0,8,6,1989,갱신,26.08~28.08,20000.0,,사용,,
노원구,11350,상계동,202608,아파트_전월세,"상계주공15(고층,공무원임대)",상계동,624,41.3,,11112,8,12,7,1988,갱신,26.10~28.10,10583.0,9.0,,,
노원구,11350,공릉동,202608,아파트_전월세,풍림아파트A,공릉동,725,59.94,,15000,71,19,7,2001,갱신,26.08~28.08,15000.0,65.0,사용,,
노원구,11350,중계동,202608,아파트_전월세,주공2,중계동,369,44.52,,21000,0,11,7,1992,갱신,26.08~28.08,17200.0,,,,
노원구,11350,상계동,202608,아파트_전월세,상계주공9(고층),상계동,670,58.01,,31500,0,5,6,1988,갱신,26.09~28.09,30000.0,,사용,,
노원구,11350,중계동,202608,아파트_전월세,중계그린1단지,중계동,502-1,59.22,,3000,89,12,7,1990,신규,26.08~28.08,,,,,
노원구,11350,공릉동,202608,아파트_전월세,진명비베레,공릉동,395-7,13.7456,,500,45,1,7,2012,신규,26.09~28.09,,,,,
노원구,11350,월계동,202608,아파트_전월세,미성,월계동,13,50.14,,28000,0,14,4,1986,신규,26.09~28.09,,,,,
노원구,11350,상계동,202608,아파트_전월세,벽산,상계동,173-1,46.8,,2000,80,12,6,1989,갱신,26.09~28.09,2000.0,73.0,사용,,
노원구,11350,상계동,202608,아파트_전월세,상계주공2(고층),상계동,740,60.5,,21210,0,3,7,1987,갱신,26.08~28.08,21210.0,,,,
노원구,11350,상계동,202608,아파트_전월세,"상계주공15(고층,공무원임대)",상계동,624,49.94,,5130,35,15,6,1988,신규,26.09~28.09,,,,,
노원구,11350,상계동,202608,아파트_전월세,"상계주공15(고층,공무원임대)",상계동,624,41.3,,11112,8,5,1,1988,신규,26.08~28.08,,,,,
노원구,11350,상계동,202608,아파트_전월세,"상계주공15(고층,공무원임대)",상계동,624,49.94,,15392,0,1,6,1988,신규,26.09~28.08,,,,,
노원구,11350,상계동,202608,아파트_전월세,"상계주공15(고층,공무원임대)",상계동,624,49.94,,17103,0,13,6,1988,신규,26.09~28.09,,,,,
노원구,11350,상계동,202608,아파트_전월세,"상계주공15(고층,공무원임대)",상계동,624,49.94,,16846,0,15,4,1988,갱신,26.10~28.10,16044.0,,,,
노원구,11350,상계동,202608,아파트_전월세,"상계주공15(고층,공무원임대)",상계동,624,49.94,,17103,0,12,4,1988,갱신,26.11~28.11,16349.0,,,,
노원구,11350,상계동,202608,아파트_전월세,상계현대3차,상계동,1063,84.96,,17000,110,13,5,1999,신규,26.09~28.09,,,,,
노원구,11350,중계동,202608,아파트_전월세,상아,중계동,505,114.57,,63000,0,8,6,1989,갱신,26.09~28.09,60000.0,,사용,,
노원구,11350,공릉동,202608,아파트_전월세,풍림아파트B,공릉동,727,31.32,,1000,65,8,4,2001,신규,26.10~28.10,,,,,
노원구,11350,상계동,202608,아파트_전월세,상계주공14(고층),상계동,626,49.94,,3000,80,11,6,1989,갱신,26.08~28.08,5000.0,70.0,사용,,
노원구,11350,상계동,202608,아파트_전월세,은빛2단지,상계동,1256,59.95,,30000,40,3,5,1998,신규,26.10~28.10,,,,,
노원구,11350,중계동,202608,아파트_전월세,한화꿈에그린TheFIRST,중계동,606,84.97,,70350,0,4,3,2014,갱신,26.08~28.08,67000.0,,사용,,
노원구,11350,중계동,202608,아파트_전월세,중계무지개,중계동,512,49.54,,32000,0,2,6,1991,신규,26.09~28.09,,,,,
노원구,11350,상계동,202608,아파트_전월세,상계주공13(고층),상계동,637,45.9,,16800,0,9,6,1989,갱신,26.08~28.08,16000.0,,사용,,
노원구,11350,상계동,202608,아파트_전월세,상계주공9(고층),상계동,670,45.9,,24500,0,7,6,1988,갱신,26.08~28.08,21500.0,,,,
노원구,11350,월계동,202608,아파트_전월세,미성,월계동,13,50.14,,23100,0,13,6,1986,갱신,26.08~28.08,22000.0,,사용,,
노원구,11350,상계동,202608,아파트_전월세,중계센트럴파크,상계동,1322,84.55,,71000,0,10,2,2016,신규,26.10~28.10,,,,,
노원구,11350,상계동,202608,아파트_전월세,상계주공1(고층),상계동,765,41.3,,2000,95,9,6,1988,신규,26.09~28.09,,,,,
노원구,11350,중계동,202608,아파트_전월세,중계그린1단지,중계동,502-1,44.1,,22438,0,9,6,1990,갱신,26.08~28.08,21370.0,,사용,,
노원구,11350,중계동,202608,아파트_전월세,주공5,중계동,359-1,44.94,,21000,0,9,6,1992,갱신,26.08~28.08,20000.0,,사용,,
노원구,11350,중계동,202608,아파트_전월세,중계그린1단지,중계동,502-1,49.85,,27800,0,12,6,1990,갱신,26.08~28.08,26500.0,,사용,,
노원구,11350,중계동,202608,아파트_전월세,중계그린1단지,중계동,502-1,39.92,,20000,25,15,5,1990,신규,26.10~28.10,,,,,
노원구,11350,중계동,202608,아파트_전월세,중계무지개,중계동,512,39.82,,21000,0,2,6,1991,신규,26.09~28.08,,,,,
노원구,11350,상계동,202608,아파트_전월세,상계주공2(고층),상계동,740,41.3,,500,64,15,5,1987,갱신,26.08~27.08,500.0,61.0,사용,,
노원구,11350,월계동,202608,아파트_전월세,삼호3,월계동,13,59.22,,21890,0,11,6,1986,갱신,26.08~28.08,20850.0,,,,
노원구,11350,상계동,202608,아파트_전월세,상계주공9(고층),상계동,670,45.9,,28000,0,12,6,1988,신규,26.10~28.10,,,,,
노원구,11350,상계동,202608,아파트_전월세,중계센트럴파크,상계동,1322,84.55,,71000,0,10,2,2016,신규,26.10~28.10,,,,,
노원구,11350,상계동,202608,아파트_전월세,상계주공16(고층),상계동,624,58.01,,23100,0,10,5,1988,갱신,26.08~28.08,22000.0,,사용,,
노원구,11350,하계동,202608,아파트_전월세,하계2현대,하계동,288,84.51,,50000,80,13,5,1997,갱신,26.09~28.09,50000.0,50.0,사용,,
노원구,11350,상계동,202608,아파트_전월세,"상계주공15(고층,공무원임대)",상계동,624,49.94,,13682,10,4,5,1988,신규,26.09~28.09,,,,,
노원구,11350,월계동,202608,아파트_전월세,주공2,월계동,556,44.52,,14110,35,10,4,1992,갱신,26.09~28.09,13000.0,35.0,,,
노원구,11350,상계동,202608,아파트_전월세,상계대림e편한세상,상계동,1301,83.68,,45000,0,12,5,2002,갱신,26.08~28.08,35000.0,,,,
노원구,11350,상계동,202608,아파트_전월세,한신3차,상계동,458,84.59,,43000,0,7,5,1990,갱신,26.09~28.09,39000.0,,,,
노원구,11350,공릉동,202608,아파트_전월세,태릉입구역청년주택YNTOWER,공릉동,617-3,16.3,,5400,44,15,5,2021,신규,26.09~28.09,,,,,
노원구,11350,상계동,202608,아파트_전월세,"상계주공15(고층,공무원임대)",상계동,624,49.94,,3078,36,1,4,1988,갱신,26.09~28.09,15531.0,,,,
노원구,11350,상계동,202608,아파트_전월세,"상계주공15(고층,공무원임대)",상계동,624,49.94,,13476,8,7,4,1988,갱신,26.09~28.09,12835.0,7.0,,,
노원구,11350,상계동,202608,아파트_전월세,상계주공10(고층),상계동,666,59.39,,18000,50,8,5,1988,갱신,26.09~28.09,18000.0,25.0,,,
노원구,11350,상계동,202608,아파트_전월세,"상계주공15(고층,공무원임대)",상계동,624,41.3,,13890,0,7,5,1988,신규,26.09~28.09,,,,,
노원구,11350,상계동,202608,아파트_전월세,보람아파트,상계동,639,79.25,,50000,0,6,3,1988,신규,26.10~28.10,,,,,
노원구,11350,상계동,202608,아파트_전월세,대망드림힐1,상계동,1304,67.239,,45000,0,13,4,2003,신규,26.10~28.10,,,,,
노원구,11350,상계동,202608,아파트_전월세,상계주공1(고층),상계동,765,59.2,,32000,0,10,3,1988,갱신,26.08~28.08,28000.0,,,,
노원구,11350,하계동,202608,아파트_전월세,현대,하계동,270,71.68,,15000,160,5,4,1988,신규,26.10~28.10,,,,,
노원구,11350,상계동,202608,아파트_전월세,상계주공1(고층),상계동,765,59.28,,26250,0,13,1,1988,갱신,26.09~28.09,25000.0,,사용,,
노원구,11350,공릉동,202608,아파트_전월세,(683-30),공릉동,683-30,20,,15500,0,8,3,2019,신규,26.09~28.09,,,,,
노원구,11350,하계동,202608,아파트_전월세,청솔(시영7),하계동,274,49.85,,6000,60,1,1,1989,갱신,26.08~29.02,6000.0,50.0,,,
노원구,11350,중계동,202608,아파트_전월세,중계그린1단지,중계동,502-1,39.78,,4000,63,11,4,1990,갱신,26.08~28.08,4000.0,60.0,사용,,
노원구,11350,상계동,202608,아파트_전월세,노원센트럴푸르지오,상계동,1355,59.996,,35000,60,1,2,2021,신규,26.10~28.10,,,,,
노원구,11350,상계동,202608,아파트_전월세,한신1차,상계동,135,84.92,,40000,0,5,3,1987,갱신,26.08~28.08,34500.0,,,,
노원구,11350,상계동,202608,아파트_전월세,"상계주공15(고층,공무원임대)",상계동,624,41.3,,4167,28,3,2,1988,신규,26.09~28.08,,,,,
노원구,11350,상계동,202608,아파트_전월세,"상계주공15(고층,공무원임대)",상계동,624,49.94,,3420,40,12,3,1988,신규,26.09~28.09,,,,,
노원구,11350,상계동,202608,아파트_전월세,상계주공9(고층),상계동,670,49.94,,26250,0,1,4,1988,갱신,26.09~28.09,25000.0,,사용,,
노원구,11350,상계동,202608,아파트_전월세,벽산,상계동,173-1,59.9,,10000,53,12,3,1989,갱신,26.08~28.08,10000.0,50.0,사용,,
노원구,11350,상계동,202608,아파트_전월세,상계주공9(고층),상계동,670,49.94,,9000,41,9,1,1988,갱신,26.08~28.08,9000.0,38.0,,,
노원구,11350,월계동,202608,아파트_전월세,삼호3,월계동,13,59.22,,28350,0,14,1,1986,갱신,26.08~28.08,27000.0,,사용,,
노원구,11350,중계동,202608,아파트_전월세,진로유통조합대림,중계동,78,84.94,,50000,0,1,1,1992,신규,26.09~28.09,,,,,
노원구,11350,상계동,202608,아파트_전월세,벽산,상계동,173-1,46.8,,22500,0,11,1,1989,갱신,26.08~28.08,22000.0,,,,
노원구,11350,공릉동,202608,아파트_전월세,공릉2신도브래뉴아파트,공릉동,749,72.73,,46725,0,17,1,2002,신규,26.08~28.08,,,,,
노원구,11350,공릉동,202608,아파트_전월세,공릉동한보에센시티아파트,공릉동,743,59.4,,37000,0,7,1,2000,신규,26.10~28.10,,,,,
노원구,11350,상계동,202608,아파트_전월세,한양,상계동,757,86.62,,47700,0,5,1,1988,갱신,26.09~28.09,37700.0,,,,
노원구,11350,중계동,202608,아파트_전월세,삼성,중계동,593,59.9,,25000,60,15,3,1999,갱신,26.08~28.08,25000.0,,,,
노원구,11350,상계동,202608,아파트_전월세,상계주공13(고층),상계동,637,41.3,,300,40,12,1,1989,신규,26.08~27.08,,,,,
노원구,11350,상계동,202608,아파트_전월세,상계주공7(고층),상계동,691,45.9,,19090,0,15,3,1988,갱신,26.08~28.08,18190.0,,,,
노원구,11350,상계동,202608,아파트_전월세,"상계주공15(고층,공무원임대)",상계동,624,41.3,,2778,32,5,2,1988,신규,26.08~28.08,,,,,
노원구,11350,중계동,202608,아파트_전월세,중계그린1단지,중계동,502-1,44.1,,31500,0,6,1,1990,갱신,26.08~28.08,30000.0,,사용,,
노원구,11350,상계동,202608,아파트_전월세,상계주공4(고층),상계동,749-5,84.2,,49000,0,4,1,1988,신규,26.10~27.10,,,,,
노원구,11350,상계동,202608,아파트_전월세,상계주공4(고층),상계동,749-5,84.2,,49000,0,4,1,1988,신규,26.10~27.10,,,,,
노원구,11350,상계동,202608,아파트_전월세,"상계주공15(고층,공무원임대)",상계동,624,49.94,,17103,0,15,3,1988,신규,26.09~28.09,,,,,
노원구,11350,상계동,202608,아파트_전월세,상계주공9(고층),상계동,670,41.3,,23600,0,14,1,1988,갱신,26.10~28.10,22500.0,,사용,,
노원구,11350,중계동,202608,아파트_전월세,건영2,중계동,515-2,84.96,,10000,160,8,1,1991,신규,26.08~28.07,,,,,
노원구,11350,상계동,202608,아파트_전월세,"상계주공15(고층,공무원임대)",상계동,624,41.3,,11112,8,5,1,1988,신규,26.08~28.08,,,,,
노원구,11350,상계동,202608,아파트_전월세,"상계주공15(고층,공무원임대)",상계동,624,49.94,,3420,40,14,2,1988,신규,26.09~28.08,,,,,
노원구,11350,상계동,202608,연립다세대_매매,정현빌라,상계동,1086-24,41.31,15500,,,3,14,1995,,,,,,중개거래,
노원구,11350,공릉동,202608,연립다세대_매매,청운명가(592-7),공릉동,592-7,28.93,29000,,,4,3,2023,,,,,,직거래,
노원구,11350,공릉동,202608,연립다세대_매매,장미원빌라,공릉동,366-17,70.06,35500,,,3,17,1996,,,,,,중개거래,
노원구,11350,공릉동,202608,연립다세대_매매,우성빌라C동,공릉동,366-33,40.35,10000,,,-1,12,1991,,,,,,직거래,
노원구,11350,공릉동,202608,연립다세대_매매,동일아트맨션,공릉동,513-50,52.56,23000,,,1,10,2001,,,,,,중개거래,
노원구,11350,공릉동,202608,연립다세대_매매,(240-170),공릉동,240-170,60.47,53390,,,4,4,2022,,,,,,직거래,
노원구,11350,중계동,202608,연립다세대_매매,한울아트빌,중계동,107-55,41.68,16600,,,4,8,2003,,,,,,중개거래,
노원구,11350,상계동,202608,연립다세대_매매,J스타팰리스,상계동,407-16,29.19,24500,,,3,8,2019,,,,,,중개거래,
노원구,11350,공릉동,202608,연립다세대_매매,(240-170),공릉동,240-170,59.26,48000,,,2,1,2022,,,,,,중개거래,
노원구,11350,상계동,202608,아파트_매매,벽산,상계동,173-1,59.9,55000,,,5,21,1989,,,,,,중개거래,
노원구,11350,월계동,202608,아파트_매매,롯데캐슬루나,월계동,947,127.0318,80000,,,6,18,2006,,,,,,직거래,
노원구,11350,하계동,202608,아파트_매매,한신1,하계동,284,27,38000,,,6,17,1988,,,,,,중개거래,
노원구,11350,상계동,202608,아파트_매매,은빛1단지,상계동,1255,59.95,40000,,,13,19,1998,,,,,,직거래,
노원구,11350,월계동,202608,아파트_매매,월계역신도브래뉴,월계동,942,59.8587,54000,,,2,2,2005,,,,,,직거래,
노원구,11350,월계동,202608,아파트_매매,동신,월계동,436,93.38,109800,,,11,13,1983,,,,,,중개거래,
노원구,11350,하계동,202608,아파트_매매,미성,하계동,280,72.17,89000,,,6,14,1989,,,,,,중개거래,
노원구,11350,월계동,202608,아파트_매매,초안산쌍용스윗닷홈,월계동,945,59.92,55500,,,5,14,2006,,,,,,중개거래,
노원구,11350,상계동,202608,아파트_매매,상계주공1(고층),상계동,765,41.3,58000,,,13,14,1988,,,,,,중개거래,
노원구,11350,월계동,202608,아파트_매매,동신,월계동,436,91.6,109500,,,7,10,1983,,,,,,중개거래,
노원구,11350,상계동,202608,아파트_매매,상계주공4(고층),상계동,749-5,41.3,56500,,,9,13,1988,,,,,,중개거래,
노원구,11350,중계동,202608,아파트_매매,건영2,중계동,515-2,75.02,83800,,,13,11,1991,,,,,,중개거래,
노원구,11350,상계동,202608,아파트_매매,상계주공2(고층),상계동,740,37.46,53000,,,5,13,1987,,,,,,중개거래,
노원구,11350,상계동,202608,아파트_매매,상계주공10(고층),상계동,666,45.9,51500,,,15,11,1988,,,,,,중개거래,
노원구,11350,중계동,202608,아파트_매매,경남아너스빌,중계동,597,79.098,43000,,,8,12,2002,,,,,,직거래,
노원구,11350,상계동,202608,아파트_매매,중계센트럴파크,상계동,1322,59.75,83000,,,10,12,2016,,,,,,중개거래,
노원구,11350,상계동,202608,아파트_매매,청암2단지,상계동,1276,49.77,33000,,,15,12,2001,,,,,,직거래,
노원구,11350,상계동,202608,아파트_매매,상계주공16(고층),상계동,624,59.39,60000,,,14,12,1988,,,,,,중개거래,
노원구,11350,공릉동,202608,아파트_매매,한일휴니스빌,공릉동,683-14,13.62,13200,,,9,1,2013,,,,,,중개거래,
노원구,11350,상계동,202608,아파트_매매,미도,상계동,766-1,87.57,84000,,,9,9,1988,,,,,,중개거래,
노원구,11350,중계동,202608,아파트_매매,삼성,중계동,593,59.9,57000,,,12,10,1999,,,,,,중개거래,
노원구,11350,월계동,202608,아파트_매매,주공2,월계동,556,38.64,35000,,,4,6,1992,,,,,,중개거래,
노원구,11350,상계동,202608,아파트_매매,상계주공7(고층),상계동,691,45.55,64000,,,2,10,1988,,,,,,중개거래,
노원구,11350,월계동,202608,아파트_매매,세양청마루,월계동,943,84.957,72000,,,2,9,2005,,,,,,중개거래,
노원구,11350,상계동,202608,아파트_매매,상계주공7(고층),상계동,691,58.01,80000,,,15,10,1988,,,,,,중개거래,
노원구,11350,상계동,202608,아파트_매매,은빛1단지,상계동,1255,49.77,49500,,,8,9,1998,,,,,,중개거래,
노원구,11350,상계동,202608,아파트_매매,동양엔파트,상계동,1305,84.88,90000,,,12,9,2003,,,,,,중개거래,
노원구,11350,중계동,202608,아파트_매매,금호타운(583),중계동,583,84.98,84700,,,10,9,1997,,,,,,중개거래,
노원구,11350,월계동,202608,아파트_매매,동신,월계동,436,91.54,100000,,,6,6,1983,,,,,,중개거래,
노원구,11350,상계동,202608,아파트_매매,상계주공1(고층),상계동,765,41.3,56000,,,10,8,1988,,,,,,중개거래,
노원구,11350,공릉동,202608,아파트_매매,우방아파트,공릉동,108,60.502,68000,,,5,8,2000,,,,,,중개거래,
노원구,11350,상계동,202608,아파트_매매,포레나노원,상계동,680,84.9014,137500,,,17,8,2020,,,,,,중개거래,
노원구,11350,공릉동,202608,아파트_매매,화랑해링턴플레이스아파트,공릉동,746,84.75,77000,,,9,8,1999,,,,,,중개거래,
노원구,11350,상계동,202608,아파트_매매,상계대림,상계동,172,59.67,55000,,,7,8,1989,,,,,,중개거래,
노원구,11350,공릉동,202608,아파트_매매,삼익2차아파트,공릉동,754,54.74,62500,,,8,8,2004,,,,,,중개거래,
노원구,11350,상계동,202608,아파트_매매,상계주공3(고층),상계동,730-2,58.01,86500,,,5,8,1987,,,,,,중개거래,
노원구,11350,상계동,202608,아파트_매매,상계주공3(고층),상계동,730-2,73.94,110000,,,9,8,1987,,,,,,중개거래,
노원구,11350,상계동,202608,아파트_매매,상계주공3(고층),상계동,730-2,75.2,108500,,,9,8,1987,,,,,,중개거래,
노원구,11350,월계동,202608,아파트_매매,미륭,월계동,13,51.48,100000,,,8,8,1986,,,,,,중개거래,
노원구,11350,상계동,202608,아파트_매매,은빛2단지,상계동,1256,59.95,56000,,,5,8,1998,,,,,,중개거래,
노원구,11350,상계동,202608,아파트_매매,두산,상계동,1110,51.66,49000,,,6,8,1994,,,,,,중개거래,
노원구,11350,상계동,202608,아파트_매매,상계주공9(고층),상계동,670,45.9,52000,,,3,8,1988,,,,,,중개거래,
노원구,11350,월계동,202608,아파트_매매,미성,월계동,13,50.14,100000,,,7,8,1986,,,,,,중개거래,
노원구,11350,하계동,202608,아파트_매매,하계1청구,하계동,251,84.6,83500,,,1,8,1997,,,,,,중개거래,
노원구,11350,공릉동,202608,아파트_매매,비콘아파트,공릉동,755,65.221,63000,,,10,4,2004,,,,,,중개거래,
노원구,11350,공릉동,202608,아파트_매매,비선아파트,공릉동,109,48.93,53000,,,1,8,1999,,,,,,중개거래,
노원구,11350,공릉동,202608,아파트_매매,시영3차(라이프)아파트,공릉동,715,34.44,37000,,,4,8,1994,,,,,,중개거래,
노원구,11350,중계동,202608,아파트_매매,주공2,중계동,369,44.52,37900,,,3,7,1992,,,,,,중개거래,
노원구,11350,공릉동,202608,아파트_매매,시영2단지(라이프)아파트,공릉동,707,39.6,40000,,,12,8,1994,,,,,,중개거래,
노원구,11350,중계동,202608,아파트_매매,신안,중계동,590,84.93,95000,,,1,8,1999,,,,,,중개거래,
노원구,11350,중계동,202608,아파트_매매,중계그린1단지,중계동,502-1,39.78,55000,,,3,8,1990,,,,,,중개거래,
노원구,11350,상계동,202608,아파트_매매,상계주공6(고층),상계동,720,41.3,62500,,,3,7,1988,,,,,,중개거래,
노원구,11350,상계동,202608,아파트_매매,양우,상계동,1299,79.4198,73000,,,19,7,2002,,,,,,중개거래,
노원구,11350,하계동,202608,아파트_매매,청솔(시영7),하계동,274,39.92,50000,,,5,8,1989,,,,,,중개거래,
노원구,11350,공릉동,202608,아파트_매매,삼익4단지아파트,공릉동,714,39.6,44200,,,14,7,1994,,,,,,중개거래,
노원구,11350,공릉동,202608,아파트_매매,태강아파트(아이파크),공릉동,81,49.6,63800,,,2,7,1999,,,,,,중개거래,
노원구,11350,상계동,202608,아파트_매매,노원롯데캐슬시그니처,상계동,1410,84.999,114000,,,16,7,2023,,,,,,중개거래,
노원구,11350,공릉동,202608,아파트_매매,시영2단지(라이프)아파트,공릉동,707,39.6,47700,,,4,7,1994,,,,,,중개거래,
노원구,11350,상계동,202608,아파트_매매,상계주공10(고층),상계동,666,41.3,53000,,,7,7,1988,,,,,,중개거래,
노원구,11350,중계동,202608,아파트_매매,염광,중계동,445,84.5,81300,,,1,7,1996,,,,,,중개거래,
노원구,11350,상계동,202608,아파트_매매,미도,상계동,766-1,87.57,88700,,,10,6,1988,,,,,,중개거래,
노원구,11350,상계동,202608,아파트_매매,보람아파트,상계동,639,44.33,56700,,,11,7,1988,,,,,,중개거래,
노원구,11350,상계동,202608,아파트_매매,희락,상계동,1280,59.73,36900,,,4,7,1997,,,,,,중개거래,
노원구,11350,공릉동,202608,아파트_매매,우방아파트,공릉동,108,84.881,76000,,,5,7,2000,,,,,,중개거래,
노원구,11350,상계동,202608,아파트_매매,불암현대,상계동,1293,84.9,62500,,,15,7,1999,,,,,,중개거래,
노원구,11350,월계동,202608,아파트_매매,서광,월계동,922,59.96,64500,,,7,7,1994,,,,,,직거래,O
노원구,11350,상계동,202608,아파트_매매,상계주공13(고층),상계동,637,58.01,56000,,,3,7,1989,,,,,,중개거래,
노원구,11350,상계동,202608,아파트_매매,성원상떼빌,상계동,1283,59.93,49500,,,4,7,1999,,,,,,중개거래,
노원구,11350,상계동,202608,아파트_매매,상계주공12(고층),상계동,647,49.94,62000,,,8,7,1988,,,,,,중개거래,
노원구,11350,공릉동,202608,아파트_매매,삼익4단지아파트,공릉동,714,39.6,42300,,,5,4,1994,,,,,,중개거래,
노원구,11350,상계동,202608,아파트_매매,상계주공12(고층),상계동,647,58.01,70000,,,12,6,1988,,,,,,중개거래,
노원구,11350,공릉동,202608,아파트_매매,우방아파트,공릉동,108,60.502,68500,,,9,6,2000,,,,,,중개거래,
노원구,11350,공릉동,202608,아파트_매매,신명아파트,공릉동,382-14,84.55,60000,,,2,7,1995,,,,,,중개거래,
노원구,11350,상계동,202608,아파트_매매,상계주공7(고층),상계동,691,41.3,63900,,,6,6,1988,,,,,,중개거래,
노원구,11350,상계동,202608,아파트_매매,상계주공9(고층),상계동,670,58.01,69700,,,7,6,1988,,,,,,중개거래,
노원구,11350,상계동,202608,아파트_매매,상계주공1(고층),상계동,765,41.3,49800,,,9,6,1988,,,,,,중개거래,O
노원구,11350,상계동,202608,아파트_매매,상계주공7(고층),상계동,691,45.9,65000,,,10,6,1988,,,,,,중개거래,
노원구,11350,공릉동,202608,아파트_매매,태릉우성아파트,공릉동,254,84.97,91500,,,4,6,1985,,,,,,중개거래,
노원구,11350,상계동,202608,아파트_매매,상계주공16(고층),상계동,624,59.39,60000,,,3,5,1988,,,,,,중개거래,
노원구,11350,상계동,202608,아파트_매매,상계주공10(고층),상계동,666,66.56,57000,,,15,6,1988,,,,,,중개거래,
노원구,11350,공릉동,202608,아파트_매매,두산힐스빌아파트,공릉동,747,84.9,93000,,,6,6,2000,,,,,,중개거래,
노원구,11350,상계동,202608,아파트_매매,노원롯데캐슬시그니처,상계동,1410,84.997,111900,,,4,6,2023,,,,,,중개거래,
노원구,11350,상계동,202608,아파트_매매,상계주공14(고층),상계동,626,41.3,46000,,,13,5,1989,,,,,,중개거래,
노원구,11350,월계동,202608,아파트_매매,초안2,월계동,924,39.6,27500,,,5,6,1997,,,,,,중개거래,
노원구,11350,공릉동,202608,아파트_매매,우국리더스빌,공릉동,757,65.6,58000,,,8,5,2006,,,,,,중개거래,
노원구,11350,공릉동,202608,아파트_매매,시영2단지(라이프)아파트,공릉동,707,39.6,45000,,,7,6,1994,,,,,,중개거래,
노원구,11350,공릉동,202608,아파트_매매,시영2단지(라이프)아파트,공릉동,707,39.6,47000,,,14,6,1994,,,,,,중개거래,
노원구,11350,상계동,202608,아파트_매매,노원롯데캐슬시그니처,상계동,1410,59.975,100000,,,6,6,2023,,,,,,중개거래,
노원구,11350,하계동,202608,아파트_매매,극동,하계동,271-3,55.72,70000,,,14,6,1988,,,,,,중개거래,
노원구,11350,상계동,202608,아파트_매매,상계주공2(고층),상계동,740,68.86,79000,,,4,6,1987,,,,,,중개거래,
노원구,11350,하계동,202608,아파트_매매,장미(시영6),하계동,273,49.5,72500,,,2,5,1989,,,,,,중개거래,
노원구,11350,상계동,202608,아파트_매매,보람아파트,상계동,639,54.59,66800,,,7,5,1988,,,,,,중개거래,
노원구,11350,공릉동,202608,아파트_매매,현대(고려)아파트,공릉동,590-1,84.09,71000,,,2,5,1999,,,,,,중개거래,
노원구,11350,상계동,202608,아파트_매매,상계주공9(고층),상계동,670,45.55,53900,,,12,5,1988,,,,,,중개거래,
노원구,11350,상계동,202608,아파트_매매,상계주공10(고층),상계동,666,45.9,47000,,,12,5,1988,,,,,,중개거래,
노원구,11350,하계동,202608,아파트_매매,청솔(시영7),하계동,274,49.5,59900,,,7,5,1989,,,,,,중개거래,
노원구,11350,중계동,202608,아파트_매매,건영3,중계동,360-15,84.9,133000,,,9,5,1995,,,,,,중개거래,
노원구,11350,공릉동,202608,아파트_매매,태릉해링턴플레이스,공릉동,758,74.95,115750,,,23,5,2022,,,,,,중개거래,
노원구,11350,상계동,202608,아파트_매매,상계주공2(고층),상계동,740,58.01,72000,,,9,5,1987,,,,,,직거래,
노원구,11350,공릉동,202608,아파트_매매,시영3차(라이프)아파트,공릉동,715,39.6,46800,,,10,4,1994,,,,,,중개거래,
노원구,11350,상계동,202608,아파트_매매,노원롯데캐슬시그니처,상계동,1410,84.999,118500,,,9,4,2023,,,,,,중개거래,
노원구,11350,상계동,202608,아파트_매매,상계주공16(고층),상계동,624,59.39,63200,,,15,4,1988,,,,,,중개거래,
노원구,11350,공릉동,202608,아파트_매매,시영3차(라이프)아파트,공릉동,715,39.6,45800,,,7,3,1994,,,,,,중개거래,
노원구,11350,상계동,202608,아파트_매매,상계주공1(저층),상계동,765,84.41,75500,,,5,4,1988,,,,,,중개거래,
노원구,11350,상계동,202608,아파트_매매,두산,상계동,1110,51.66,41700,,,1,4,1994,,,,,,중개거래,
노원구,11350,상계동,202608,아파트_매매,상계주공16(고층),상계동,624,79.07,74700,,,11,4,1988,,,,,,중개거래,
노원구,11350,공릉동,202608,아파트_매매,신도1차아파트,공릉동,748,72.8129,83000,,,15,3,2002,,,,,,중개거래,
노원구,11350,공릉동,202608,아파트_매매,풍림아파트A,공릉동,725,59.94,85000,,,5,4,2001,,,,,,중개거래,
노원구,11350,중계동,202608,아파트_매매,주공2,중계동,369,44.52,37000,,,15,3,1992,,,,,,중개거래,
노원구,11350,공릉동,202608,아파트_매매,대아2차아파트,공릉동,492-1,59.88,60000,,,10,3,2000,,,,,,중개거래,
노원구,11350,상계동,202608,아파트_매매,보람아파트,상계동,639,54.59,60000,,,1,3,1988,,,,,,중개거래,
노원구,11350,공릉동,202608,아파트_매매,노원프레미어스엠코,공릉동,670-20,84.0261,100000,,,32,1,2016,,,,,,중개거래,
노원구,11350,상계동,202608,아파트_매매,상계주공4(고층),상계동,749-5,84.2,58700,,,9,1,1988,,,,,,중개거래,
노원구,11350,공릉동,202608,아파트_매매,삼익포레스트아파트,공릉동,737,51.03,53500,,,4,2,1995,,,,,,중개거래,
노원구,11350,공릉동,202608,아파트_매매,신도1차아파트,공릉동,748,72.8129,87700,,,18,3,2002,,,,,,중개거래,
노원구,11350,월계동,202608,아파트_매매,동신,월계동,436,93.38,100000,,,2,1,1983,,,,,,중개거래,
노원구,11350,중계동,202608,아파트_매매,주공4,중계동,358-2,45.77,54000,,,2,1,1991,,,,,,중개거래,
노원구,11350,월계동,202608,아파트_매매,삼호3,월계동,13,59.22,120000,,,10,1,1986,,,,,,중개거래,
노원구,11350,공릉동,202608,아파트_매매,시영2단지(라이프)아파트,공릉동,707,39.6,42500,,,5,1,1994,,,,,,중개거래,
노원구,11350,중계동,202608,아파트_매매,주공6,중계동,364-12,44.1,49800,,,8,1,1993,,,,,,중개거래,
노원구,11350,중계동,202608,아파트_매매,진로유통조합대림,중계동,78,84.94,66000,,,3,1,1992,,,,,,중개거래,
노원구,11350,하계동,202608,아파트_매매,장미(시영6),하계동,273,49.5,76000,,,3,1,1989,,,,,,중개거래,
노원구,11350,월계동,202608,아파트_매매,삼호4,월계동,12,50.18,83000,,,1,1,1987,,,,,,중개거래,
노원구,11350,상계동,202608,아파트_매매,상계주공10(고층),상계동,666,59.2,70500,,,9,1,1988,,,,,,중개거래,
노원구,11350,하계동,202608,아파트_매매,현대,하계동,270,84.95,115000,,,3,1,1988,,,,,,중개거래,
노원구,11350,공릉동,202608,아파트_매매,공릉우성아파트,공릉동,738,84.97,74500,,,9,1,1995,,,,,,중개거래,
노원구,11350,월계동,202607,오피스텔_전월세,모두스타빌,월계동,379-17,12.93,,1000,38,6,7,2020,신규,26.08~28.02,,,,,
노원구,11350,중계동,202607,오피스텔_전월세,(506),중계동,506,66.09,,14000,98,8,6,2005,갱신,26.08~27.08,14000.0,91.0,사용,,
노원구,11350,상계동,202607,오피스텔_전월세,토마토파르코,상계동,1267,32.97,,1000,65,6,23,2005,신규,26.07~27.07,,,,,
노원구,11350,상계동,202607,오피스텔_전월세,노원역 보미더클래스 오피스텔,상계동,706-2,18.96,,1000,75,6,30,2023,신규,26.08~28.08,,,,,
노원구,11350,월계동,202607,오피스텔_전월세,카펠라오피스텔,월계동,366-3,30,,1000,60,2,25,2003,신규,26.08~27.08,,,,,
노원구,11350,상계동,202607,오피스텔_전월세,(693-2),상계동,693-2,29.68,,1000,60,7,13,1993,신규,26.08~27.08,,,,,
노원구,11350,상계동,202607,오피스텔_전월세,수락네스트죤,상계동,1132-28,29.97,,1000,55,7,29,2003,신규,26.08~27.08,,,,,
노원구,11350,상계동,202607,오피스텔_전월세,토마토파르코,상계동,1267,36.77,,1000,65,3,9,2005,신규,26.08~27.08,,,,,
노원구,11350,상계동,202607,오피스텔_전월세,하이베라스,상계동,1262,36.29,,1000,60,6,25,2003,신규,26.08~28.08,,,,,
노원구,11350,중계동,202607,오피스텔_전월세,(506),중계동,506,41.68,,1000,75,6,25,2005,신규,26.08~28.08,,,,,
노원구,11350,상계동,202607,오피스텔_전월세,토마토파르코,상계동,1267,36.77,,1000,70,7,17,2005,신규,26.07~27.07,,,,,
노원구,11350,중계동,202607,오피스텔_전월세,새롬스타빌,중계동,360-12,27.26,,500,37,5,17,2002,갱신,26.08~28.08,500.0,35.0,사용,,
노원구,11350,상계동,202607,오피스텔_전월세,오피앙,상계동,1258,23.37,,1000,50,9,25,2004,신규,26.07~27.07,,,,,
노원구,11350,상계동,202607,오피스텔_전월세,오피앙,상계동,1258,23.37,,500,50,12,16,2004,신규,26.07~27.07,,,,,
노원구,11350,상계동,202607,오피스텔_전월세,토마토파르코,상계동,1267,36.77,,13500,0,5,29,2005,신규,26.09~28.09,,,,,
노원구,11350,상계동,202607,오피스텔_전월세,오피앙,상계동,1258,23.37,,1000,48,8,14,2004,신규,26.07~27.07,,,,,
노원구,11350,중계동,202607,오피스텔_전월세,(506),중계동,506,93.37,,29400,60,10,20,2005,갱신,26.07~28.07,28000.0,60.0,사용,,
노원구,11350,상계동,202607,오피스텔_전월세,오피앙,상계동,1258,23.37,,500,50,13,20,2004,신규,26.07~27.07,,,,,
노원구,11350,상계동,202607,오피스텔_전월세,하이베라스,상계동,1262,39.29,,14000,0,5,20,2003,신규,26.08~28.08,,,,,
노원구,11350,월계동,202607,오피스텔_전월세,카펠라오피스텔,월계동,366-3,30,,11000,0,5,27,2003,신규,26.08~28.08,,,,,
노원구,11350,상계동,202607,오피스텔_전월세,토마토파르코,상계동,1267,36.77,,1000,70,11,22,2005,신규,26.07~27.07,,,,,
노원구,11350,상계동,202607,오피스텔_전월세,오피앙,상계동,1258,23.37,,500,53,9,14,2004,신규,26.07~27.07,,,,,
노원구,11350,상계동,202607,오피스텔_전월세,오피앙,상계동,1258,27.78,,500,53,9,14,2004,신규,26.07~27.07,,,,,
노원구,11350,월계동,202607,오피스텔_전월세,모두스타빌,월계동,379-17,18.24,,12000,10,8,21,2020,갱신,26.07~28.07,13000.0,4.0,,,
노원구,11350,월계동,202607,오피스텔_전월세,모두스타빌,월계동,379-17,18.24,,12000,6,8,21,2020,갱신,26.08~28.08,13000.0,,,,
노원구,11350,중계동,202607,오피스텔_전월세,(506),중계동,506,41.68,,1000,75,13,3,2005,신규,26.07~28.07,,,,,
노원구,11350,중계동,202607,오피스텔_전월세,(506),중계동,506,72.45,,32000,0,5,15,2005,갱신,26.08~28.08,31000.0,,사용,,
노원구,11350,상계동,202607,오피스텔_전월세,노원역 보미더클래스 오피스텔,상계동,706-2,29.26,,25200,0,10,2,2023,갱신,26.09~28.09,24000.0,,사용,,
노원구,11350,상계동,202607,오피스텔_전월세,오피앙,상계동,1258,23.37,,1000,50,6,8,2004,신규,26.07~28.07,,,,,
노원구,11350,월계동,202607,오피스텔_전월세,모두스타빌,월계동,379-17,18.24,,13000,4,8,3,2020,갱신,26.07~28.07,13000.0,4.0,,,
노원구,11350,월계동,202607,오피스텔_전월세,모두스타빌,월계동,379-17,18.24,,13000,2,8,9,2020,갱신,26.08~28.08,13000.0,,,,
노원구,11350,상계동,202607,오피스텔_전월세,오피앙,상계동,1258,27.78,,1000,55,8,1,2004,신규,26.07~27.07,,,,,
노원구,11350,중계동,202607,오피스텔_전월세,(506),중계동,506,93.37,,10000,160,13,7,2005,신규,26.08~28.08,,,,,
노원구,11350,상계동,202607,오피스텔_전월세,토마토파르코,상계동,1267,36.77,,10000,0,11,1,2005,갱신,26.07~28.07,1000.0,60.0,,,
노원구,11350,상계동,202607,오피스텔_전월세,하이베라스,상계동,1262,36.29,,1000,58,9,3,2003,갱신,26.07~27.07,1000.0,55.0,,,
노원구,11350,상계동,202607,오피스텔_전월세,토마토파르코,상계동,1267,32.97,,1000,60,3,2,2005,신규,26.08~27.08,,,,,
노원구,11350,상계동,202607,연립다세대_전월세,람스힐,상계동,1116-66,18.04,,6500,0,3,31,2012,,,,,,,
노원구,11350,공릉동,202607,연립다세대_전월세,(415-68),공릉동,415-68,60.22,,10210,0,1,21,2003,갱신,26.07~27.07,9724.0,,,,
노원구,11350,월계동,202607,연립다세대_전월세,(429-31),월계동,429-31,12.15,,1000,27,3,4,2013,신규,26.08~27.08,,,,,
노원구,11350,상계동,202607,연립다세대_전월세,시온빌라트,상계동,1053,55.86,,2304,49,5,21,2021,신규,26.07~28.09,,,,,
노원구,11350,하계동,202607,연립다세대_전월세,삼성하이츠빌,하계동,65-11,70.39,,14000,0,4,27,2004,신규,26.08~28.08,,,,,
노원구,11350,공릉동,202607,연립다세대_전월세,(506-29),공릉동,506-29,12.07,,2000,41,3,3,2011,신규,26.08~27.08,,,,,
노원구,11350,공릉동,202607,연립다세대_전월세,장가빌,공릉동,237-5,23.55,,1000,45,5,7,2016,신규,26.08~28.08,,,,,
노원구,11350,공릉동,202607,연립다세대_전월세,441-86,공릉동,441-86,54.39,,1000,52,3,4,2014,신규,26.08~27.08,,,,,
노원구,11350,공릉동,202607,연립다세대_전월세,장가빌,공릉동,237-5,23.55,,1000,45,5,7,2016,신규,26.08~28.08,,,,,
노원구,11350,공릉동,202607,연립다세대_전월세,보나펠리체,공릉동,107-135,49.15,,1000,49,4,7,2016,신규,26.08~28.02,,,,,
노원구,11350,상계동,202607,연립다세대_전월세,6차홍진그린맨션,상계동,1381-6,46.56,,5000,0,4,27,1996,신규,26.09~28.09,,,,,
노원구,11350,중계동,202607,연립다세대_전월세,한신월드타운(168-11),중계동,168-11,83.46,,15000,71,4,15,2011,갱신,26.07~28.07,15000.0,68.0,사용,,
노원구,11350,공릉동,202607,연립다세대_전월세,둥지빌라,공릉동,370-13,45.26,,20000,0,1,14,1990,신규,26.09~28.09,,,,,
노원구,11350,중계동,202607,연립다세대_전월세,한신월드타운(168-11),중계동,168-11,83.46,,15000,71,4,15,2011,갱신,26.07~28.11,15000.0,68.0,사용,,
노원구,11350,공릉동,202607,연립다세대_전월세,준하우스,공릉동,240-13,19.6,,1000,60,2,24,2013,신규,26.08~28.08,,,,,
노원구,11350,월계동,202607,연립다세대_전월세,연안주택,월계동,479-18,12.06,,3000,37,4,28,2012,신규,26.08~28.02,,,,,
노원구,11350,공릉동,202607,연립다세대_전월세,공릉쉐르빌,공릉동,408-31,12.11,,1000,44,4,30,2013,신규,26.08~27.08,,,,,
노원구,11350,공릉동,202607,연립다세대_전월세,이지원,공릉동,431-1,45.75,,1000,60,7,25,2016,신규,26.08~27.08,,,,,
노원구,11350,공릉동,202607,연립다세대_전월세,힐링하우스,공릉동,513-22,13.81,,500,42,3,29,2013,신규,26.08~27.08,,,,,
노원구,11350,공릉동,202607,연립다세대_전월세,마인드밸리,공릉동,503-41,72.25,,1000,50,3,9,2005,신규,26.07~27.07,,,,,
노원구,11350,월계동,202607,연립다세대_전월세,두리빌,월계동,429-22,35.52,,28300,5,3,20,2018,갱신,26.10~28.10,28300.0,,,,
노원구,11350,공릉동,202607,연립다세대_전월세,청마타운A동,공릉동,350-22,28.75,,1000,65,4,28,2014,신규,26.08~27.02,,,,,
노원구,11350,공릉동,202607,연립다세대_전월세,골든HOUSE,공릉동,503-40,12.5,,1000,47,4,15,2011,신규,26.08~27.08,,,,,
노원구,11350,월계동,202607,연립다세대_전월세,경원빌라1동,월계동,429-25,39.54,,14000,0,3,25,1992,갱신,26.08~28.08,14000.0,,사용,,
노원구,11350,공릉동,202607,연립다세대_전월세,진흥하이츠빌라A동,공릉동,653-7,55.99,,15000,25,2,30,1993,신규,26.08~28.08,,,,,
노원구,11350,공릉동,202607,연립다세대_전월세,미르빌,공릉동,684-51,51.48,,5000,120,3,25,2002,신규,26.09~28.09,,,,,
노원구,11350,중계동,202607,연립다세대_전월세,(90-27)쉬즈빌,중계동,90-27,31.1,,8400,0,4,28,2002,갱신,26.10~28.10,8000.0,,사용,,
노원구,11350,상계동,202607,연립다세대_전월세,(187-5),상계동,187-5,25.96,,7500,10,5,25,2009,갱신,26.08~27.08,7500.0,,,,
노원구,11350,상계동,202607,연립다세대_전월세,"천우빌라14차가,나",상계동,134-12,20.15,,7950,0,4,24,1998,신규,26.08~28.08,,,,,
노원구,11350,상계동,202607,연립다세대_전월세,"백승빌라3,4동",상계동,1116-96,39.18,,4000,60,2,31,1993,신규,26.09~28.09,,,,,
노원구,11350,상계동,202607,연립다세대_전월세,소망아트빌,상계동,143-18,30.96,,9000,30,2,27,2016,신규,26.08~28.08,,,,,
노원구,11350,공릉동,202607,연립다세대_전월세,JH.VILLAGE,공릉동,320-110,38.9,,500,45,4,5,2013,신규,26.07~28.07,,,,,
노원구,11350,상계동,202607,연립다세대_전월세,보림빌라,상계동,68-17,40.86,,3000,65,2,18,1992,신규,26.08~28.08,,,,,
노원구,11350,상계동,202607,연립다세대_전월세,유성빌라(581-214),상계동,581-214,36.66,,5000,60,2,21,1997,신규,26.07~28.07,,,,,
노원구,11350,상계동,202607,연립다세대_전월세,동아그린빌라,상계동,1374-12,81.61,,5000,0,1,29,1997,갱신,26.10~27.10,5000.0,,,,
노원구,11350,공릉동,202607,연립다세대_전월세,644-2,공릉동,644-2,18.13,,2000,50,2,15,2018,신규,26.07~28.07,,,,,
노원구,11350,공릉동,202607,연립다세대_전월세,아이뜨리,공릉동,556-34,17.24,,5500,0,3,30,2012,신규,26.07~28.07,,,,,
노원구,11350,월계동,202607,연립다세대_전월세,동산빌딩,월계동,379-39,38.34,,500,55,3,30,1990,신규,26.07~28.10,,,,,
노원구,11350,상계동,202607,연립다세대_전월세,수락사회주택,상계동,1125,43.24,,16300,45,4,28,2023,신규,26.10~28.10,,,,,
노원구,11350,공릉동,202607,연립다세대_전월세,스톤게이트,공릉동,503-1,12.09,,5500,16,5,14,2012,신규,26.08~28.08,,,,,
노원구,11350,상계동,202607,연립다세대_전월세,톰스타운,상계동,1396-3,50.94,,2000,85,3,27,2003,신규,26.10~28.10,,,,,
노원구,11350,월계동,202607,연립다세대_전월세,(382-22),월계동,382-22,12.27,,6500,0,3,28,2012,갱신,26.08~27.08,6500.0,,,,
노원구,11350,상계동,202607,연립다세대_전월세,해밀2동,상계동,1048-20,40.56,,100,52,3,28,2019,신규,26.07~28.09,,,,,
노원구,11350,상계동,202607,연립다세대_전월세,(1116-89),상계동,1116-89,46.35,,1000,75,1,28,1991,신규,26.10~28.10,,,,,
노원구,11350,상계동,202607,연립다세대_전월세,우리빌,상계동,193-31,21.85,,2000,41,2,3,2013,신규,26.07~28.07,,,,,
노원구,11350,공릉동,202607,연립다세대_전월세,호현아트빌,공릉동,499-12,23.45,,300,60,2,24,2002,신규,26.09~28.09,,,,,
노원구,11350,상계동,202607,연립다세대_전월세,신한신B,상계동,135-106,38.1,,10500,0,1,25,1991,갱신,26.09~28.09,10000.0,,,,
노원구,11350,상계동,202607,연립다세대_전월세,(1118-18),상계동,1118-18,14.831,,500,36,5,22,2013,신규,26.07~28.07,,,,,
노원구,11350,상계동,202607,연립다세대_전월세,정원드림빌,상계동,1105-6,61.01,,20000,0,2,18,2008,갱신,26.07~28.07,18000.0,,,,
노원구,11350,중계동,202607,연립다세대_전월세,에이원빌리지,중계동,142-8,29.9,,19500,0,4,25,2017,신규,26.11~28.11,,,,,
노원구,11350,월계동,202607,연립다세대_전월세,뉴신아빌라,월계동,411-66,49.8,,17300,33,4,25,1993,신규,26.08~28.08,,,,,
노원구,11350,상계동,202607,연립다세대_전월세,(193-37),상계동,193-37,39.99,,1000,70,2,14,1986,신규,26.08~28.08,,,,,
노원구,11350,상계동,202607,연립다세대_전월세,에든버러캐슬,상계동,1117-2,20.82,,8400,0,4,2,2012,신규,26.07~28.07,,,,,
노원구,11350,하계동,202607,연립다세대_전월세,청구하계301및302동,하계동,275,147.91,,10000,250,2,21,1996,신규,26.10~28.10,,,,,
노원구,11350,상계동,202607,연립다세대_전월세,에든버러캐슬,상계동,1117-2,20.82,,7019,0,4,24,2012,갱신,26.08~27.08,6685.0,,,,
노원구,11350,상계동,202607,연립다세대_전월세,베스트하우스(136-33),상계동,136-33,56.53,,16967,19,5,23,2019,신규,26.07~28.09,,,,,
노원구,11350,상계동,202607,연립다세대_전월세,베스트하우스(136-33),상계동,136-33,55.93,,17092,19,2,23,2019,신규,26.07~28.09,,,,,
노원구,11350,상계동,202607,연립다세대_전월세,시온1동,상계동,1048-29,59.92,,20842,21,5,23,2019,신규,26.07~28.09,,,,,
노원구,11350,월계동,202607,연립다세대_전월세,더보아트빌,월계동,382-62,33.66,,500,40,3,17,2002,신규,26.08~28.08,,,,,
노원구,11350,월계동,202607,연립다세대_전월세,두리빌,월계동,429-22,34.96,,29400,0,4,20,2018,갱신,26.08~28.08,28000.0,,사용,,
노원구,11350,상계동,202607,연립다세대_전월세,(169-486),상계동,169-486,33.63,,1000,70,3,8,2004,갱신,26.07~28.07,2000.0,60.0,,,
노원구,11350,상계동,202607,연립다세대_전월세,레나힐스,상계동,1116-74,17.1,,1000,40,3,23,2013,신규,26.08~28.08,,,,,
노원구,11350,월계동,202607,연립다세대_전월세,진산빌라,월계동,911-7,29.73,,8300,15,3,21,1991,신규,26.08~28.08,,,,,
노원구,11350,상계동,202607,연립다세대_전월세,이화빌라F,상계동,322-41,44.18,,500,40,-1,22,1992,신규,26.08~27.08,,,,,
노원구,11350,상계동,202607,연립다세대_전월세,덕우빌라,상계동,72-4,73.08,,14000,0,2,21,1989,신규,26.07~28.07,,,,,
노원구,11350,상계동,202607,연립다세대_전월세,시온아트빌201동,상계동,140-243,50.5,,1737,41,5,21,2020,신규,26.07~28.09,,,,,
노원구,11350,공릉동,202607,연립다세대_전월세,르네상스힐,공릉동,502-1,29.9,,27000,0,2,21,2023,갱신,26.07~28.06,26000.0,,사용,,
노원구,11350,상계동,202607,연립다세대_전월세,신한신C,상계동,135-107,40.8,,8000,0,-1,17,1991,신규,26.09~28.08,,,,,
노원구,11350,상계동,202607,연립다세대_전월세,우리빌,상계동,193-31,14.7,,8450,0,4,20,2013,신규,26.09~28.09,,,,,
노원구,11350,공릉동,202607,연립다세대_전월세,르네상스힐,공릉동,502-1,41.18,,36100,0,2,17,2023,신규,26.08~28.08,,,,,
노원구,11350,상계동,202607,연립다세대_전월세,한샘빌라,상계동,434-19,50.06,,15400,0,2,9,1991,신규,26.08~28.08,,,,,
노원구,11350,월계동,202607,연립다세대_전월세,하나빌라,월계동,500-5,48.75,,15000,0,5,11,2002,신규,26.08~28.08,,,,,
노원구,11350,월계동,202607,연립다세대_전월세,(272-62),월계동,272-62,49.55,,14000,0,1,20,1976,신규,26.07~28.07,,,,,
노원구,11350,공릉동,202607,연립다세대_전월세,경춘빌라,공릉동,230-14,32.52,,16000,0,2,11,1987,신규,26.08~28.08,,,,,
노원구,11350,공릉동,202607,연립다세대_전월세,퍼스티안,공릉동,240-75,29.69,,15200,11,3,16,2011,신규,26.09~28.09,,,,,
노원구,11350,공릉동,202607,연립다세대_전월세,청화주택(561-25),공릉동,561-25,60.25,,5500,62,2,16,2001,신규,26.08~28.08,,,,,
노원구,11350,공릉동,202607,연립다세대_전월세,아인빌,공릉동,401-14,16.01,,1000,55,2,16,2012,신규,26.08~27.08,,,,,
노원구,11350,공릉동,202607,연립다세대_전월세,아인빌,공릉동,401-14,21.15,,500,48,5,16,2012,신규,26.08~27.08,,,,,
노원구,11350,공릉동,202607,연립다세대_전월세,스카이빌,공릉동,509-30,12.16,,500,47,3,18,2011,신규,26.08~27.08,,,,,
노원구,11350,공릉동,202607,연립다세대_전월세,(107-118),공릉동,107-118,50.05,,3000,22,4,13,2008,신규,26.08~27.08,,,,,
노원구,11350,상계동,202607,연립다세대_전월세,인강빌,상계동,169-480,55.26,,18500,30,3,15,2008,갱신,26.07~28.07,17500.0,10.0,,,
노원구,11350,상계동,202607,연립다세대_전월세,한샘빌라,상계동,434-19,50.06,,15400,0,2,9,1991,신규,26.08~28.08,,,,,
노원구,11350,공릉동,202607,연립다세대_전월세,베네씨아,공릉동,609-50,30.77,,2000,39,5,14,2011,신규,26.08~28.08,,,,,
노원구,11350,상계동,202607,연립다세대_전월세,대우팰리스,상계동,72-54,28.1,,15000,20,3,14,2017,신규,26.08~28.08,,,,,
노원구,11350,상계동,202607,연립다세대_전월세,수양빌라,상계동,101-140,45.31,,13000,20,2,7,1992,신규,26.08~28.08,,,,,
노원구,11350,상계동,202607,연립다세대_전월세,에든버러캐슬,상계동,1117-2,20.82,,500,57,6,5,2012,신규,26.07~27.07,,,,,
노원구,11350,중계동,202607,연립다세대_전월세,부강쉘부르B,중계동,90-76,72.015,,19200,0,2,4,2003,신규,26.08~28.08,,,,,
노원구,11350,상계동,202607,연립다세대_전월세,동일맨션,상계동,387-146,41.94,,5000,70,5,4,2010,신규,26.08~28.08,,,,,
노원구,11350,상계동,202607,연립다세대_전월세,대흥주택A동B동,상계동,149-5,56.52,,11550,0,1,11,1987,신규,26.08~28.08,,,,,
노원구,11350,상계동,202607,연립다세대_전월세,양지그린빌라101동,상계동,1116-108,58.92,,20000,0,1,14,1996,갱신,26.08~28.08,1600.0,,,,
노원구,11350,하계동,202607,연립다세대_전월세,경일빌라,하계동,171-6,49.59,,11900,0,4,11,1993,신규,26.08~28.08,,,,,
노원구,11350,상계동,202607,연립다세대_전월세,더힐탑유앤아이,상계동,76-5,45.44,,27000,0,2,4,2019,신규,26.09~28.09,,,,,
노원구,11350,공릉동,202607,연립다세대_전월세,르네상스힐,공릉동,502-1,29.76,,26900,0,3,13,2023,갱신,26.08~28.08,26800.0,,사용,,
노원구,11350,공릉동,202607,연립다세대_전월세,스카이빌,공릉동,509-30,12.15,,500,48,2,6,2011,신규,26.08~27.08,,,,,
노원구,11350,공릉동,202607,연립다세대_전월세,네모하우스(503-32),공릉동,503-32,12.88,,2000,37,3,6,2013,신규,26.07~27.07,,,,,
노원구,11350,공릉동,202607,연립다세대_전월세,경춘빌라,공릉동,230-14,32.52,,16000,0,2,11,1987,신규,26.08~28.08,,,,,
노원구,11350,공릉동,202607,연립다세대_전월세,희현재,공릉동,441-49,29.87,,2000,65,3,1,2016,갱신,26.07~28.06,2000.0,60.0,사용,,
노원구,11350,상계동,202607,연립다세대_전월세,흥복그린빌라,상계동,169-96,50.04,,13900,25,4,8,1993,갱신,26.08~28.07,13000.0,25.0,,,
노원구,11350,상계동,202607,연립다세대_전월세,시온아트빌,상계동,140-237,49.13,,1755,30,5,10,2020,갱신,26.10~28.09,1671.0,30.0,,,
노원구,11350,상계동,202607,연립다세대_전월세,양지쉐르빌C동,상계동,1017-15,34,,14229,15,5,9,2021,갱신,26.10~28.09,13552.0,14.0,,,
노원구,11350,공릉동,202607,연립다세대_전월세,보나펠리체,공릉동,107-135,49.15,,1000,49,4,7,2016,신규,26.08~28.02,,,,,
노원구,11350,공릉동,202607,연립다세대_전월세,4차임성타운,공릉동,370-15,35.64,,1500,70,2,1,1993,신규,26.08~28.08,,,,,
노원구,11350,공릉동,202607,연립다세대_전월세,(584-22),공릉동,584-22,14.98,,1000,60,3,4,2013,신규,26.08~28.08,,,,,
노원구,11350,상계동,202607,연립다세대_전월세,힐스타빌상계,상계동,138-85,29.54,,20000,0,4,9,2022,갱신,26.07~28.07,19000.0,,,,
노원구,11350,월계동,202607,연립다세대_전월세,(402-26),월계동,402-26,32.51,,10600,0,1,7,1994,신규,26.08~28.08,,,,,
노원구,11350,하계동,202607,연립다세대_전월세,채움빌(170-45),하계동,170-45,24.2,,13000,10,1,8,2014,갱신,26.07~28.07,13000.0,,사용,,
노원구,11350,하계동,202607,연립다세대_전월세,채움빌(170-45),하계동,170-45,22.07,,14000,0,1,8,2014,갱신,26.07~28.07,12000.0,,,,
노원구,11350,상계동,202607,연립다세대_전월세,현대빌라,상계동,77-45,45.24,,11000,20,1,6,1992,신규,26.08~28.08,,,,,
노원구,11350,상계동,202607,연립다세대_전월세,"정우빌라가,나동",상계동,1104-2,72.95,,17300,0,1,6,1986,신규,26.07~28.07,,,,,
노원구,11350,공릉동,202607,연립다세대_전월세,에덴빌리지C동,공릉동,592-18,39.67,,12500,40,3,7,2002,신규,26.08~28.08,,,,,
노원구,11350,공릉동,202607,연립다세대_전월세,수정아트,공릉동,621-1,19.95,,1000,46,4,7,2011,갱신,26.09~27.09,1000.0,44.0,,,
노원구,11350,공릉동,202607,연립다세대_전월세,삼보빌라A동,공릉동,217-19,37.2,,1000,70,1,1,1991,신규,26.07~28.07,,,,,
노원구,11350,공릉동,202607,연립다세대_전월세,장가빌,공릉동,237-5,24.14,,8000,45,2,3,2016,신규,26.08~28.08,,,,,
노원구,11350,공릉동,202607,연립다세대_전월세,샘하우스,공릉동,517-58,12.22,,6500,0,5,3,2011,신규,26.08~28.08,,,,,
노원구,11350,월계동,202607,연립다세대_전월세,광운(바)빌라,월계동,398-12,35.04,,9500,0,-1,3,1991,갱신,26.07~28.07,8800.0,,,,
노원구,11350,상계동,202607,연립다세대_전월세,에든버러캐슬,상계동,1117-2,20.82,,8400,0,4,2,2012,신규,26.07~28.07,,,,,
노원구,11350,공릉동,202607,연립다세대_전월세,에이스빌,공릉동,592-12,39.78,,16000,0,2,1,2003,갱신,26.07~28.07,16000.0,,사용,,
노원구,11350,공릉동,202607,연립다세대_전월세,퍼즐주택(공릉),공릉동,218,37.01,,20900,35,4,1,2018,신규,26.08~28.08,,,,,
노원구,11350,상계동,202607,연립다세대_전월세,시온빌라트,상계동,1053,56,,8261,25,3,1,2021,갱신,26.10~28.09,7290.0,24.0,,,
노원구,11350,공릉동,202607,연립다세대_전월세,107-136,공릉동,107-136,35.27,,1816,24,2,1,2019,신규,26.07~28.09,,,,,
노원구,11350,공릉동,202607,아파트_전월세,동신아파트,공릉동,745,59.99,,25000,70,5,25,1999,,,,,,,
노원구,11350,공릉동,202607,아파트_전월세,삼익아파트,공릉동,690-2,59.89,,36750,0,15,24,1997,,,,,,,
노원구,11350,상계동,202607,아파트_전월세,상계주공6(고층),상계동,720,32.39,,2000,70,1,31,1988,,,,,,,
노원구,11350,상계동,202607,아파트_전월세,상계주공9(고층),상계동,670,49.94,,2000,71,6,31,1988,,,,,,,
노원구,11350,공릉동,202607,아파트_전월세,비선아파트,공릉동,109,48.93,,37500,0,4,25,1999,,,,,,,
노원구,11350,중계동,202607,아파트_전월세,주공5,중계동,359-1,58.46,,30000,53,10,25,1992,,,,,,,
노원구,11350,월계동,202607,아파트_전월세,현대,월계동,929,59.95,,39500,0,25,28,2000,,,,,,,
노원구,11350,월계동,202607,아파트_전월세,미륭,월계동,13,51.48,,25000,0,4,28,1986,,,,,,,
노원구,11350,하계동,202607,아파트_전월세,장미(시영6),하계동,273,39.92,,18900,0,3,25,1989,,,,,,,
노원구,11350,상계동,202607,아파트_전월세,상계주공10(고층),상계동,666,49.94,,24000,0,2,11,1988,,,,,,,
노원구,11350,중계동,202607,아파트_전월세,청구3,중계동,360-2,84.77,,72450,0,12,24,1996,,,,,,,
노원구,11350,상계동,202607,아파트_전월세,상계주공9(고층),상계동,670,49.94,,24000,5,6,11,1988,,,,,,,
노원구,11350,상계동,202607,아파트_전월세,상계주공5(저층),상계동,721,31.98,,11800,0,2,1,1987,,,,,,,
노원구,11350,하계동,202607,아파트_전월세,우성,하계동,270,127.22,,65000,0,12,17,1988,,,,,,,
노원구,11350,상계동,202607,아파트_전월세,상계2차중앙하이츠,상계동,1282,59.82,,32400,0,23,21,1998,,,,,,,
노원구,11350,상계동,202607,아파트_전월세,상계주공6(고층),상계동,720,58.01,,26560,0,10,21,1988,,,,,,,
노원구,11350,상계동,202607,아파트_전월세,한신3차,상계동,458,60.44,,25000,0,3,13,1990,,,,,,,
노원구,11350,상계동,202607,아파트_전월세,상계주공16(고층),상계동,624,45.77,,17325,0,6,16,1988,,,,,,,
노원구,11350,상계동,202607,아파트_전월세,상계주공4(고층),상계동,749-5,38,,25000,0,4,19,1988,,,,,,,
노원구,11350,하계동,202607,아파트_전월세,장미(시영6),하계동,273,39.78,,30000,0,5,18,1989,,,,,,,
노원구,11350,공릉동,202607,아파트_전월세,풍림아파트A,공릉동,725,59.94,,36700,0,4,18,2001,,,,,,,
노원구,11350,중계동,202607,아파트_전월세,주공5,중계동,359-1,44.94,,34000,0,10,18,1992,,,,,,,
노원구,11350,상계동,202607,아파트_전월세,상계주공2(고층),상계동,740,59.2,,3000,120,8,17,1987,,,,,,,
노원구,11350,중계동,202607,아파트_전월세,중계그린1단지,중계동,502-1,44.1,,31000,0,11,4,1990,,,,,,,
노원구,11350,상계동,202607,아파트_전월세,상계주공6(고층),상계동,720,58.01,,26000,0,5,14,1988,,,,,,,
노원구,11350,공릉동,202607,아파트_전월세,삼익포레스트아파트,공릉동,737,51.03,,28350,0,1,14,1995,,,,,,,
노원구,11350,중계동,202607,아파트_전월세,주공5,중계동,359-1,76.51,,53500,0,1,13,1992,,,,,,,
노원구,11350,월계동,202607,아파트_전월세,사슴3,월계동,320-11,33.18,,15000,0,1,13,1995,,,,,,,
노원구,11350,상계동,202607,아파트_전월세,상계주공2(고층),상계동,740,58.01,,28350,0,9,7,1987,,,,,,,
노원구,11350,월계동,202607,아파트_전월세,삼호3,월계동,13,59.22,,21400,0,14,7,1986,,,,,,,
노원구,11350,상계동,202607,아파트_전월세,벽산,상계동,173-1,46.8,,21000,0,5,6,1989,,,,,,,
노원구,11350,상계동,202607,아파트_전월세,신이모닝빌,상계동,1298,84.9698,,35700,32,6,4,2002,,,,,,,
노원구,11350,상계동,202607,아파트_전월세,상계주공16(고층),상계동,624,59.39,,19000,0,10,14,1988,,,,,,,
노원구,11350,중계동,202607,아파트_전월세,주공5,중계동,359-1,76.51,,53500,0,1,13,1992,갱신,26.09~28.09,51000.0,,사용,,
노원구,11350,하계동,202607,아파트_전월세,미성,하계동,280,72.17,,10000,140,12,18,1989,신규,26.08~28.08,,,,,
노원구,11350,중계동,202607,아파트_전월세,금호타운(583),중계동,583,59.52,,41000,0,4,27,1997,신규,26.10~28.10,,,,,
노원구,11350,중계동,202607,아파트_전월세,주공5,중계동,359-1,38.64,,1000,100,4,31,1992,신규,26.09~28.09,,,,,
노원구,11350,중계동,202607,아파트_전월세,주공5,중계동,359-1,58.46,,5000,155,4,11,1992,신규,26.08~28.08,,,,,
노원구,11350,상계동,202607,아파트_전월세,상계주공7(고층),상계동,691,45.9,,2000,100,11,24,1988,신규,26.08~28.08,,,,,
노원구,11350,중계동,202607,아파트_전월세,중앙하이츠아쿠아,중계동,514,84.7513,,50000,70,3,31,2008,갱신,26.10~28.10,48600.0,,,,
노원구,11350,월계동,202607,아파트_전월세,삼호3,월계동,13,59.22,,20000,70,1,11,1986,신규,26.08~28.08,,,,,
노원구,11350,상계동,202607,아파트_전월세,은빛2단지,상계동,1256,39.7,,15000,30,12,13,1998,갱신,26.10~28.10,13800.0,20.0,,,
노원구,11350,중계동,202607,아파트_전월세,중계그린1단지,중계동,502-1,49.5,,2000,115,6,22,1990,신규,26.08~28.08,,,,,
노원구,11350,월계동,202607,아파트_전월세,주공2,월계동,556,44.52,,17063,0,13,31,1992,갱신,26.08~28.08,16250.0,,,,
노원구,11350,중계동,202607,아파트_전월세,주공4,중계동,358-2,45.77,,28000,0,7,24,1991,신규,26.09~28.09,,,,,
노원구,11350,월계동,202607,아파트_전월세,삼호4,월계동,12,50.18,,28000,0,7,18,1987,신규,26.09~28.09,,,,,
노원구,11350,상계동,202607,아파트_전월세,금호타운,상계동,1270,84.54,,43000,0,10,25,1995,갱신,26.09~28.09,40000.0,,,,
노원구,11350,상계동,202607,아파트_전월세,"상계주공15(고층,공무원임대)",상계동,624,41.3,,13890,0,7,16,1988,갱신,26.11~28.11,13229.0,,,,
노원구,11350,상계동,202607,아파트_전월세,상계주공4(고층),상계동,749-5,41.3,,1000,80,8,20,1988,신규,26.08~27.08,,,,,
노원구,11350,상계동,202607,아파트_전월세,상계주공1(고층),상계동,765,58.01,,15750,33,12,30,1988,갱신,26.09~28.09,15000.0,31.0,사용,,
노원구,11350,월계동,202607,아파트_전월세,삼호4,월계동,12,50.18,,28000,0,7,18,1987,신규,26.09~28.09,,,,,
노원구,11350,상계동,202607,아파트_전월세,상계주공4(고층),상계동,749-5,58.01,,20000,45,5,27,1988,갱신,26.09~28.09,15000.0,25.0,,,
노원구,11350,상계동,202607,아파트_전월세,소담빌,상계동,330-29,14.65,,500,60,5,31,2014,신규,26.08~27.08,,,,,
노원구,11350,월계동,202607,아파트_전월세,사슴3,월계동,320-11,39.6,,18230,0,11,24,1995,갱신,26.09~28.09,17363.0,,,,
노원구,11350,중계동,202607,아파트_전월세,중계무지개,중계동,512,49.89,,3000,105,14,18,1991,갱신,26.09~28.09,3000.0,100.0,사용,,
노원구,11350,중계동,202607,아파트_전월세,주공5,중계동,359-1,38.64,,1000,84,2,28,1992,갱신,26.09~28.09,1000.0,80.0,,,
노원구,11350,월계동,202607,아파트_전월세,월계센트럴아이파크,월계동,951,84.99,,10000,199,10,24,2020,신규,26.07~28.07,,,,,
노원구,11350,하계동,202607,아파트_전월세,현대,하계동,270,84.95,,10000,200,2,28,1988,신규,26.10~28.10,,,,,
노원구,11350,중계동,202607,아파트_전월세,금호타운(583),중계동,583,84.98,,52500,0,5,24,1997,갱신,26.07~28.07,50000.0,,사용,,
노원구,11350,상계동,202607,아파트_전월세,"상계주공15(고층,공무원임대)",상계동,624,49.94,,13682,10,10,23,1988,갱신,26.11~28.11,13079.0,11.0,,,
노원구,11350,중계동,202607,아파트_전월세,중계무지개,중계동,512,39.96,,18000,15,1,16,1991,갱신,26.08~28.08,12500.0,,,,
노원구,11350,공릉동,202607,아파트_전월세,풍림아파트A,공릉동,725,84.99,,60000,0,19,26,2001,신규,26.09~28.09,,,,,
노원구,11350,월계동,202607,아파트_전월세,성북맨션,월계동,383-40,65.35,,4000,90,3,19,1976,신규,26.11~28.11,,,,,
노원구,11350,하계동,202607,아파트_전월세,건영,하계동,271-3,45.55,,22000,0,2,19,1988,갱신,26.07~28.07,22000.0,,사용,,
노원구,11350,중계동,202607,아파트_전월세,경남,중계동,505,74.2,,50000,0,7,20,1989,갱신,26.09~28.09,43000.0,,,,
노원구,11350,월계동,202607,아파트_전월세,주공2,월계동,556,44.52,,14110,35,10,11,1992,갱신,26.09~28.09,13000.0,35.0,,,
노원구,11350,월계동,202607,아파트_전월세,사슴3,월계동,320-11,33.18,,3000,65,2,18,1995,신규,26.08~28.08,,,,,
노원구,11350,월계동,202607,아파트_전월세,풍림아이원,월계동,944,84.303,,45000,80,2,31,2005,신규,26.10~28.10,,,,,
노원구,11350,상계동,202607,아파트_전월세,상계주공5(저층),상계동,721,31.98,,10000,0,4,20,1987,신규,26.07~28.07,,,,,
노원구,11350,월계동,202607,아파트_전월세,미성,월계동,13,50.14,,2000,105,2,25,1986,신규,26.08~28.08,,,,,
노원구,11350,공릉동,202607,아파트_전월세,풍림아파트A,공릉동,725,84.99,,52500,0,18,22,2001,갱신,26.08~28.08,50000.0,,사용,,
노원구,11350,중계동,202607,아파트_전월세,건영2,중계동,515-2,75.02,,42000,0,6,18,1991,갱신,26.08~28.08,40000.0,,사용,,
노원구,11350,상계동,202607,아파트_전월세,상계주공1(고층),상계동,765,58.01,,2000,105,2,31,1988,갱신,26.08~28.08,2000.0,100.0,사용,,
노원구,11350,상계동,202607,아파트_전월세,상계주공14(고층),상계동,626,45.9,,15400,0,15,15,1989,갱신,26.09~28.08,14700.0,,사용,,
노원구,11350,월계동,202607,아파트_전월세,월계센트럴아이파크,월계동,951,84.99,,65100,0,6,25,2020,갱신,26.09~28.07,62000.0,,사용,,
노원구,11350,상계동,202607,아파트_전월세,상계주공2(고층),상계동,740,68.86,,15000,100,11,29,1987,신규,26.10~28.10,,,,,
노원구,11350,상계동,202607,아파트_전월세,상계주공16(고층),상계동,624,58.01,,26250,0,2,10,1988,갱신,26.09~28.09,25000.0,,사용,,
노원구,11350,중계동,202607,아파트_전월세,중앙하이츠아쿠아,중계동,514,84.4675,,75000,0,2,18,2008,신규,26.11~28.11,,,,,
노원구,11350,상계동,202607,아파트_전월세,현대2차,상계동,1078,82.68,,36750,0,6,18,1993,갱신,26.09~28.09,35000.0,,,,
노원구,11350,중계동,202607,아파트_전월세,주공5,중계동,359-1,44.52,,27000,0,10,25,1992,신규,26.09~28.09,,,,,
노원구,11350,상계동,202607,아파트_전월세,상계주공4(고층),상계동,749-5,59.39,,36000,0,2,23,1988,신규,26.10~28.10,,,,,
노원구,11350,상계동,202607,아파트_전월세,상계주공3(고층),상계동,730-2,59.28,,3000,140,3,10,1987,신규,26.07~28.07,,,,,
노원구,11350,월계동,202607,아파트_전월세,미성,월계동,13,33.28,,12600,25,3,22,1986,갱신,26.07~28.07,12600.0,30.0,,,
노원구,11350,중계동,202607,아파트_전월세,주공6,중계동,364-12,44.1,,2000,90,12,27,1993,신규,26.08~28.08,,,,,
노원구,11350,월계동,202607,아파트_전월세,주공2,월계동,556,44.52,,18900,0,14,15,1992,갱신,26.08~28.08,18000.0,,사용,,
노원구,11350,하계동,202607,아파트_전월세,벽산,하계동,271-3,57.71,,27930,0,9,25,1988,갱신,26.08~28.08,26600.0,,사용,,
노원구,11350,상계동,202607,아파트_전월세,상계주공14(저층),상계동,626,84.41,,38500,0,5,30,1989,신규,26.10~28.10,,,,,
노원구,11350,하계동,202607,아파트_전월세,한신2,하계동,284,44.52,,3000,110,6,23,1988,신규,26.08~28.08,,,,,
노원구,11350,상계동,202607,아파트_전월세,금호타운,상계동,1270,84.54,,43000,0,10,25,1995,갱신,26.09~28.09,40000.0,,,,
노원구,11350,하계동,202607,아파트_전월세,미성,하계동,280,72.17,,37400,0,10,11,1989,신규,26.08~28.08,,,,,
노원구,11350,공릉동,202607,아파트_전월세,미라쉘,공릉동,670-6,17.58,,1000,73,9,15,2018,신규,26.08~28.02,,,,,
노원구,11350,중계동,202607,아파트_전월세,주공5,중계동,359-1,58.46,,45000,0,5,25,1992,신규,26.10~28.10,,,,,
노원구,11350,월계동,202607,아파트_전월세,사슴3,월계동,320-11,33.18,,3000,70,11,6,1995,신규,26.08~28.08,,,,,
노원구,11350,공릉동,202607,아파트_전월세,삼익아파트,공릉동,690-2,59.89,,36750,0,15,24,1997,갱신,26.09~28.09,35000.0,,사용,,
노원구,11350,중계동,202607,아파트_전월세,주공4,중계동,358-2,45.77,,25000,0,5,22,1991,신규,26.10~28.10,,,,,
노원구,11350,중계동,202607,아파트_전월세,한화꿈에그린,중계동,598,84.902,,55500,0,12,31,2005,갱신,26.07~28.07,55000.0,,,,
노원구,11350,상계동,202607,아파트_전월세,한신4차,상계동,995,84.84,,36000,0,12,16,1995,신규,26.10~28.10,,,,,
노원구,11350,중계동,202607,아파트_전월세,중앙하이츠아쿠아,중계동,514,84.7513,,63000,7,2,27,2008,갱신,26.08~28.08,50000.0,,,,
노원구,11350,상계동,202607,아파트_전월세,상계주공16(고층),상계동,624,58.01,,20000,0,4,8,1988,갱신,26.07~28.07,20000.0,,사용,,
노원구,11350,월계동,202607,아파트_전월세,한진한화그랑빌,월계동,18,84.97,,60000,0,1,17,2002,신규,26.10~28.10,,,,,
노원구,11350,상계동,202607,아파트_전월세,상계주공10(고층),상계동,666,49.94,,34000,0,4,30,1988,신규,26.10~28.10,,,,,
노원구,11350,상계동,202607,아파트_전월세,은빛2단지,상계동,1256,39.7,,1000,66,14,11,1998,갱신,26.07~28.07,1000.0,63.0,사용,,
노원구,11350,상계동,202607,아파트_전월세,상계주공9(고층),상계동,670,45.9,,2000,100,12,17,1988,신규,26.08~28.08,,,,,
노원구,11350,상계동,202607,아파트_전월세,상계주공12(고층),상계동,647,58.01,,5000,125,2,28,1988,신규,26.08~28.08,,,,,
노원구,11350,월계동,202607,아파트_전월세,미륭,월계동,13,51.48,,10000,80,9,18,1986,신규,26.08~28.08,,,,,
노원구,11350,상계동,202607,아파트_전월세,상계주공10(고층),상계동,666,58.01,,5000,95,6,25,1988,갱신,26.09~27.12,5000.0,90.0,사용,,
노원구,11350,상계동,202607,아파트_전월세,"상계주공15(고층,공무원임대)",상계동,624,49.94,,17103,0,12,15,1988,갱신,26.11~28.11,16349.0,,,,
노원구,11350,상계동,202607,아파트_전월세,"상계주공15(고층,공무원임대)",상계동,624,49.94,,3369,31,12,24,1988,갱신,26.12~27.12,3208.0,29.0,,,
노원구,11350,월계동,202607,아파트_전월세,장은하이빌,월계동,931,81.8788,,34000,45,2,31,2002,신규,26.08~28.07,,,,,
노원구,11350,하계동,202607,아파트_전월세,청솔(시영7),하계동,274,39.92,,3000,95,1,17,1989,신규,26.08~27.08,,,,,
노원구,11350,중계동,202607,아파트_전월세,금호타운(583),중계동,583,59.52,,13500,60,2,16,1997,갱신,26.08~28.08,13300.0,57.0,사용,,
노원구,11350,상계동,202607,아파트_전월세,상계주공12(고층),상계동,647,49.94,,2000,140,3,18,1988,갱신,26.07~28.07,2000.0,63.0,,,
노원구,11350,상계동,202607,아파트_전월세,상계주공1(고층),상계동,765,32.39,,2000,75,2,17,1988,신규,26.09~28.09,,,,,
노원구,11350,상계동,202607,아파트_전월세,대림,상계동,695,93.13,,30000,120,7,24,1988,신규,26.09~28.09,,,,,
노원구,11350,상계동,202607,아파트_전월세,상계주공14(저층),상계동,626,71.89,,15000,120,3,30,1989,신규,26.08~28.08,,,,,
노원구,11350,월계동,202607,아파트_전월세,삼호3,월계동,13,59.22,,40000,0,5,20,1986,신규,26.11~28.11,,,,,
노원구,11350,하계동,202607,아파트_전월세,학여울청구,하계동,354,59.4,,39800,0,16,29,1999,갱신,26.09~28.09,33000.0,,,,
노원구,11350,중계동,202607,아파트_전월세,주공5,중계동,359-1,44.52,,1000,105,12,18,1992,신규,26.08~28.08,,,,,
노원구,11350,상계동,202607,아파트_전월세,상계주공6(고층),상계동,720,49.94,,23100,0,6,3,1988,신규,26.08~28.08,,,,,
노원구,11350,상계동,202607,아파트_전월세,수락산벨리체,상계동,1265,114.92,,67000,0,11,27,2000,신규,26.10~28.10,,,,,
노원구,11350,상계동,202607,아파트_전월세,은빛1단지,상계동,1255,39.7,,3000,90,3,28,1998,신규,26.10~28.10,,,,,
노원구,11350,공릉동,202607,아파트_전월세,태강아파트(아이파크),공릉동,81,49.6,,15000,60,5,17,1999,신규,26.09~28.09,,,,,
노원구,11350,상계동,202607,아파트_전월세,수락산벨리체,상계동,1265,114.92,,67000,0,11,27,2000,신규,26.10~28.10,,,,,
노원구,11350,중계동,202607,아파트_전월세,신동아(366),중계동,366,115.35,,70000,0,13,23,1993,신규,26.09~28.09,,,,,
노원구,11350,하계동,202607,아파트_전월세,한신1,하계동,284,44.52,,12000,70,5,16,1988,신규,26.09~28.09,,,,,
노원구,11350,상계동,202607,아파트_전월세,상계주공10(고층),상계동,666,58.01,,3000,130,12,27,1988,갱신,26.08~28.08,2000.0,100.0,,,
노원구,11350,상계동,202607,아파트_전월세,상계주공12(고층),상계동,647,49.94,,3000,130,4,22,1988,신규,26.08~28.08,,,,,
노원구,11350,월계동,202607,아파트_전월세,주공2,월계동,556,38.64,,1000,65,11,25,1992,신규,26.09~28.09,,,,,
노원구,11350,중계동,202607,아파트_전월세,주공2,중계동,369,44.52,,21500,0,3,29,1992,갱신,26.07~28.07,18000.0,,,,
노원구,11350,상계동,202607,아파트_전월세,상계주공3(고층),상계동,730-2,68.86,,43000,0,10,25,1987,갱신,26.10~28.10,35000.0,,,,
노원구,11350,상계동,202607,아파트_전월세,수락산벨리체,상계동,1265,114.92,,67000,0,11,27,2000,신규,26.10~28.10,,,,,
노원구,11350,상계동,202607,아파트_전월세,두산,상계동,1110,41.85,,27000,0,6,25,1994,신규,26.09~28.09,,,,,
노원구,11350,상계동,202607,아파트_전월세,상계주공7(고층),상계동,691,49.94,,2000,120,14,21,1988,신규,26.08~28.08,,,,,
노원구,11350,공릉동,202607,아파트_전월세,대동아파트,공릉동,604-11,59.83,,16000,70,2,30,1999,신규,26.11~28.11,,,,,
노원구,11350,상계동,202607,아파트_전월세,벽산,상계동,173-1,46.8,,2000,75,13,22,1989,갱신,26.07~28.07,2000.0,60.0,,,
노원구,11350,상계동,202607,아파트_전월세,상계주공7(고층),상계동,691,45.9,,1000,110,9,24,1988,신규,26.08~28.08,,,,,
노원구,11350,공릉동,202607,아파트_전월세,화랑타운아파트,공릉동,111,84.65,,54000,0,2,23,2000,신규,26.10~28.10,,,,,
노원구,11350,상계동,202607,아파트_전월세,상계주공7(고층),상계동,691,41.3,,1000,69,12,6,1988,갱신,26.08~28.08,1000.0,66.0,사용,,
노원구,11350,상계동,202607,아파트_전월세,"상계주공15(고층,공무원임대)",상계동,624,41.3,,13890,0,13,29,1988,갱신,26.09~28.09,13229.0,,,,
노원구,11350,월계동,202607,아파트_전월세,월계흥화브라운빌,월계동,939,84.91,,18000,80,5,1,2004,신규,26.08~28.08,,,,,
노원구,11350,중계동,202607,아파트_전월세,건영3,중계동,360-15,84.9,,60500,0,14,24,1995,갱신,26.08~28.08,57820.0,,사용,,
노원구,11350,공릉동,202607,아파트_전월세,한일휴니스빌,공릉동,683-14,15.5163,,1000,60,19,30,2013,신규,26.08~28.08,,,,,
노원구,11350,상계동,202607,아파트_전월세,상계주공4(고층),상계동,749-5,38,,24000,0,7,30,1988,신규,26.10~28.10,,,,,
노원구,11350,상계동,202607,아파트_전월세,상계주공7(고층),상계동,691,49.94,,1000,95,12,28,1988,갱신,26.08~27.01,5000.0,80.0,,,
노원구,11350,공릉동,202607,아파트_전월세,시영3차(라이프)아파트,공릉동,715,39.6,,27825,0,12,10,1994,갱신,26.09~28.09,26500.0,,사용,,
노원구,11350,중계동,202607,아파트_전월세,롯데(505),중계동,505,54.48,,38000,0,5,29,1989,갱신,26.09~28.08,17300.0,7.0,,,
노원구,11350,월계동,202607,아파트_전월세,미성,월계동,13,50.14,,28000,0,10,31,1986,신규,26.11~28.11,,,,,
노원구,11350,상계동,202607,아파트_전월세,상계주공6(고층),상계동,720,32.39,,2000,70,1,31,1988,신규,26.08~28.08,,,,,
노원구,11350,중계동,202607,아파트_전월세,주공5,중계동,359-1,38.64,,12500,40,15,31,1992,갱신,26.09~28.09,12500.0,30.0,,,
노원구,11350,상계동,202607,아파트_전월세,포레나노원,상계동,680,84.9014,,85000,0,26,29,2020,신규,26.10~28.10,,,,,
노원구,11350,하계동,202607,아파트_전월세,장미(시영6),하계동,273,49.5,,28000,0,2,25,1989,갱신,26.08~28.08,25000.0,,,,
노원구,11350,월계동,202607,아파트_전월세,사슴2,월계동,320-9,24.12,,1332,3,1,20,1995,갱신,26.08~28.10,587.0,7.0,,,
노원구,11350,중계동,202607,아파트_전월세,중앙하이츠아쿠아,중계동,514,84.7513,,63000,0,2,27,2008,갱신,26.08~28.08,50000.0,,,,
노원구,11350,공릉동,202607,아파트_전월세,한일휴니스빌,공릉동,683-14,12.42,,1000,68,6,30,2013,신규,26.08~27.08,,,,,
노원구,11350,상계동,202607,아파트_전월세,상계주공11(고층),상계동,652,59.28,,30450,0,10,28,1988,갱신,26.08~28.08,29000.0,,사용,,
노원구,11350,월계동,202607,아파트_전월세,월계센트럴아이파크,월계동,951,84.99,,70300,0,4,11,2020,갱신,26.08~27.02,67000.0,,,,
노원구,11350,상계동,202607,아파트_전월세,노원롯데캐슬시그니처,상계동,1410,59.975,,64000,0,7,25,2023,신규,26.11~28.11,,,,,
노원구,11350,월계동,202607,아파트_전월세,미성,월계동,13,33.28,,2000,58,2,24,1986,갱신,26.10~28.10,2000.0,55.0,사용,,
노원구,11350,공릉동,202607,아파트_전월세,건영장미아파트,공릉동,744,84.88,,15000,110,5,15,1999,갱신,26.09~28.09,15000.0,100.0,,,
노원구,11350,중계동,202607,아파트_전월세,중계그린1단지,중계동,502-1,49.5,,23100,0,15,11,1990,갱신,26.10~28.10,22000.0,,사용,,
노원구,11350,상계동,202607,아파트_전월세,상계주공2(고층),상계동,740,32.39,,5600,26,14,14,1987,갱신,26.08~28.08,5600.0,24.0,사용,,
노원구,11350,상계동,202607,아파트_전월세,상계주공11(고층),상계동,652,59.39,,22000,0,4,14,1988,신규,26.08~28.08,,,,,
노원구,11350,상계동,202607,아파트_전월세,소담빌,상계동,330-29,14.65,,500,65,9,30,2014,신규,26.08~28.07,,,,,
노원구,11350,월계동,202607,아파트_전월세,사슴3,월계동,320-11,39.6,,1000,75,2,30,1995,신규,26.08~28.08,,,,,
노원구,11350,중계동,202607,아파트_전월세,청구3,중계동,360-2,84.77,,72450,0,12,24,1996,갱신,26.08~28.08,69000.0,,사용,,
노원구,11350,상계동,202607,아파트_전월세,상계주공14(저층),상계동,626,71.89,,15000,120,3,30,1989,신규,26.08~28.08,,,,,
노원구,11350,상계동,202607,아파트_전월세,상계주공16(고층),상계동,624,45.77,,25000,0,1,12,1988,신규,26.08~28.08,,,,,
노원구,11350,중계동,202607,아파트_전월세,중계그린1단지,중계동,502-1,39.91,,2000,100,4,4,1990,신규,26.08~28.08,,,,,
노원구,11350,공릉동,202607,아파트_전월세,태강아파트(아이파크),공릉동,81,49.6,,3000,105,8,25,1999,갱신,26.09~28.09,3000.0,100.0,사용,,
노원구,11350,상계동,202607,아파트_전월세,양우,상계동,1299,79.4198,,36900,0,1,25,2002,갱신,26.07~28.07,36900.0,,사용,,
노원구,11350,상계동,202607,아파트_전월세,상계주공6(고층),상계동,720,58.01,,20000,65,1,25,1988,신규,26.09~28.09,,,,,
노원구,11350,상계동,202607,아파트_전월세,상계주공10(고층),상계동,666,45.9,,2000,100,1,10,1988,신규,26.07~28.07,,,,,
노원구,11350,중계동,202607,아파트_전월세,주공2,중계동,369,44.52,,2000,85,3,11,1992,신규,26.08~28.08,,,,,
노원구,11350,중계동,202607,아파트_전월세,주공5,중계동,359-1,58.46,,45000,0,3,18,1992,신규,26.11~28.11,,,,,
노원구,11350,상계동,202607,아파트_전월세,상계주공6(고층),상계동,720,59.28,,20000,85,9,18,1988,신규,26.09~28.09,,,,,
노원구,11350,중계동,202607,아파트_전월세,건영3,중계동,360-15,84.9,,59557,0,15,18,1995,갱신,26.08~28.08,56721.0,,사용,,
노원구,11350,공릉동,202607,아파트_전월세,태강아파트(아이파크),공릉동,81,49.6,,5000,120,6,11,1999,신규,26.08~28.08,,,,,
노원구,11350,공릉동,202607,아파트_전월세,동신아파트,공릉동,745,59.99,,36500,0,10,16,1999,갱신,26.08~28.08,36500.0,,사용,,
노원구,11350,상계동,202607,아파트_전월세,노원롯데캐슬시그니처,상계동,1410,84.999,,85000,0,7,20,2023,신규,26.11~28.11,,,,,
노원구,11350,상계동,202607,아파트_전월세,"상계주공15(고층,공무원임대)",상계동,624,41.3,,8178,12,8,13,1988,갱신,26.08~28.08,2596.0,24.0,,,
노원구,11350,월계동,202607,아파트_전월세,한진한화그랑빌,월계동,18,59.94,,45000,0,7,30,2002,갱신,26.09~28.09,43000.0,,,,
노원구,11350,상계동,202607,아파트_전월세,상계주공10(고층),상계동,666,49.94,,4000,125,14,25,1988,신규,26.08~28.08,,,,,
노원구,11350,월계동,202607,아파트_전월세,삼호3,월계동,13,59.22,,1000,120,13,23,1986,신규,26.09~28.09,,,,,
노원구,11350,상계동,202607,아파트_전월세,상계주공5(저층),상계동,721,31.98,,3000,35,3,17,1987,신규,26.08~28.08,,,,,
노원구,11350,상계동,202607,아파트_전월세,수락파크빌,상계동,1269,84.62,,60000,0,14,14,2001,신규,26.10~28.10,,,,,
노원구,11350,공릉동,202607,아파트_전월세,공릉우성아파트,공릉동,738,59.26,,2500,130,6,20,1995,신규,26.09~28.09,,,,,
노원구,11350,중계동,202607,아파트_전월세,중앙하이츠,중계동,161-1,59.91,,25000,50,13,14,1998,신규,26.08~28.08,,,,,
노원구,11350,중계동,202607,아파트_전월세,중계3벽산,중계동,592,59.88,,35885,0,19,15,1999,갱신,26.08~28.08,34177.0,,사용,,
노원구,11350,상계동,202607,아파트_전월세,상계주공13(고층),상계동,637,58.01,,25000,5,12,15,1989,갱신,26.09~28.09,25000.0,,,,
노원구,11350,공릉동,202607,아파트_전월세,삼익포레스트아파트,공릉동,737,114.88,,40000,70,1,31,1995,갱신,26.08~28.08,40000.0,30.0,,,
노원구,11350,상계동,202607,아파트_전월세,벽산,상계동,173-1,59.9,,20000,60,14,11,1989,신규,26.10~28.10,,,,,
노원구,11350,상계동,202607,아파트_전월세,상계주공3(고층),상계동,730-2,58.01,,5000,120,15,31,1987,신규,26.08~28.08,,,,,
노원구,11350,상계동,202607,아파트_전월세,상계주공4(고층),상계동,749-5,41.3,,17300,0,3,12,1988,갱신,26.07~28.07,16500.0,,사용,,
노원구,11350,중계동,202607,아파트_전월세,롯데우성,중계동,361-1,115.26,,89250,0,14,18,1993,갱신,26.07~28.07,85000.0,,사용,,
노원구,11350,상계동,202607,아파트_전월세,상계주공12(고층),상계동,647,49.94,,4000,120,3,19,1988,신규,26.08~28.08,,,,,
노원구,11350,중계동,202607,아파트_전월세,중계3벽산,중계동,592,59.88,,35885,0,19,15,1999,갱신,26.08~28.08,34177.0,,사용,,
노원구,11350,상계동,202607,아파트_전월세,보람아파트,상계동,639,68.99,,37800,0,10,25,1988,갱신,26.07~28.07,36000.0,,사용,,
노원구,11350,상계동,202607,아파트_전월세,은빛3단지,상계동,1264,33.87,,2468,5,15,20,1998,신규,26.08~28.10,,,,,
노원구,11350,중계동,202607,아파트_전월세,염광,중계동,445,59.34,,10000,140,21,25,1996,신규,26.09~28.09,,,,,
노원구,11350,중계동,202607,아파트_전월세,중앙하이츠,중계동,161-1,84.98,,56000,0,4,27,1998,신규,26.11~28.11,,,,,
노원구,11350,상계동,202607,아파트_전월세,상계주공6(고층),상계동,720,58.01,,3000,100,1,17,1988,신규,26.07~28.07,,,,,
노원구,11350,월계동,202607,아파트_전월세,현대,월계동,929,59.95,,39500,0,25,28,2000,갱신,26.08~27.08,38000.0,,,,
노원구,11350,상계동,202607,아파트_전월세,상계주공14(고층),상계동,626,49.94,,300,50,11,14,1989,신규,26.08~27.01,,,,,
노원구,11350,상계동,202607,아파트_전월세,상계주공14(고층),상계동,626,45.9,,13500,40,11,24,1989,신규,26.09~28.09,,,,,
노원구,11350,월계동,202607,아파트_전월세,한일2,월계동,927,84.846,,22000,100,6,29,2000,신규,26.08~28.08,,,,,
노원구,11350,상계동,202607,아파트_전월세,상계주공9(고층),상계동,670,49.94,,3000,110,12,24,1988,신규,26.09~28.09,,,,,
노원구,11350,중계동,202607,아파트_전월세,주공4,중계동,358-2,59.39,,29400,0,5,25,1991,갱신,26.11~28.11,28000.0,,사용,,
노원구,11350,상계동,202607,아파트_전월세,대림,상계동,695,93.13,,55000,0,6,14,1988,신규,26.09~28.09,,,,,
노원구,11350,중계동,202607,아파트_전월세,주공5,중계동,359-1,44.52,,31000,0,5,9,1992,신규,26.09~28.09,,,,,
노원구,11350,상계동,202607,아파트_전월세,은빛2단지,상계동,1256,39.69,,2000,80,9,28,1998,신규,26.09~28.09,,,,,
노원구,11350,상계동,202607,아파트_전월세,대동황토방,상계동,1284,84.97,,49000,0,16,30,2001,신규,26.07~28.07,,,,,
노원구,11350,공릉동,202607,아파트_전월세,온누리빌,공릉동,683-26,21.41,,12000,10,4,30,2012,신규,26.08~28.08,,,,,
노원구,11350,공릉동,202607,아파트_전월세,태강아파트(아이파크),공릉동,81,59.38,,45000,0,7,30,1999,신규,26.10~28.10,,,,,
노원구,11350,중계동,202607,아파트_전월세,주공5,중계동,359-1,44.52,,2000,55,9,30,1992,갱신,26.07~28.07,4000.0,40.0,,,
노원구,11350,중계동,202607,아파트_전월세,중계그린1단지,중계동,502-1,49.5,,10000,125,9,15,1990,신규,26.09~28.09,,,,,
노원구,11350,중계동,202607,아파트_전월세,주공7,중계동,363-1,44.1,,1000,85,12,3,1993,신규,26.07~27.07,,,,,
노원구,11350,중계동,202607,아파트_전월세,성원1,중계동,580,84.78,,58000,30,10,31,1996,갱신,26.09~28.09,58000.0,,,,
노원구,11350,상계동,202607,아파트_전월세,상계주공16(고층),상계동,624,58.01,,3500,100,4,31,1988,갱신,26.07~28.07,3500.0,65.0,,,
노원구,11350,월계동,202607,아파트_전월세,주공2,월계동,556,38.64,,6000,60,10,24,1992,갱신,26.10~28.09,4700.0,44.0,,,
노원구,11350,중계동,202607,아파트_전월세,신동아(366),중계동,366,115.35,,20000,300,6,13,1993,신규,26.11~28.11,,,,,
노원구,11350,상계동,202607,아파트_전월세,수락산벨리체,상계동,1265,114.92,,57750,0,10,31,2000,갱신,26.07~28.07,55000.0,,사용,,
노원구,11350,월계동,202607,아파트_전월세,삼호3,월계동,13,59.22,,24000,0,5,31,1986,갱신,26.08~28.08,23000.0,,사용,,
노원구,11350,상계동,202607,아파트_전월세,상계주공3(고층),상계동,730-2,41.3,,1570,80,5,31,1987,갱신,26.08~27.08,1570.0,58.0,,,
노원구,11350,공릉동,202607,아파트_전월세,우방아파트,공릉동,108,61.151,,36000,0,2,25,2000,신규,26.10~28.10,,,,,
노원구,11350,공릉동,202607,아파트_전월세,시영3차(라이프)아파트,공릉동,715,34.44,,22000,0,9,4,1994,신규,26.09~28.09,,,,,
노원구,11350,월계동,202607,아파트_전월세,장은하이빌,월계동,931,81.8788,,34000,45,2,31,2002,갱신,26.08~28.07,33450.0,,,,
노원구,11350,상계동,202607,아파트_전월세,상계주공7(고층),상계동,691,59.39,,3000,105,1,25,1988,갱신,26.08~27.08,3000.0,100.0,사용,,
노원구,11350,상계동,202607,아파트_전월세,상계주공7(고층),상계동,691,45.55,,4000,100,13,13,1988,신규,26.08~28.08,,,,,
노원구,11350,하계동,202607,아파트_전월세,한신1,하계동,284,35.28,,1000,67,4,6,1988,갱신,26.07~27.07,1000.0,64.0,사용,,
노원구,11350,상계동,202607,아파트_전월세,청암1단지,상계동,1275,84.8,,37000,50,4,27,2001,신규,26.10~28.10,,,,,
노원구,11350,중계동,202607,아파트_전월세,성원1,중계동,580,59.75,,42000,25,13,28,1996,갱신,26.07~28.07,40000.0,25.0,사용,,
노원구,11350,공릉동,202607,아파트_전월세,삼익4단지아파트,공릉동,714,39.6,,4000,70,10,18,1994,신규,26.08~28.08,,,,,
노원구,11350,하계동,202607,아파트_전월세,현대,하계동,270,71.68,,40000,0,2,25,1988,갱신,26.10~28.10,39000.0,,사용,,
노원구,11350,상계동,202607,아파트_전월세,상계주공12(고층),상계동,647,61.52,,5000,130,12,31,1988,신규,26.08~28.08,,,,,
노원구,11350,중계동,202607,아파트_전월세,주공2,중계동,369,44.52,,1930,70,9,24,1992,갱신,26.10~28.10,1000.0,70.0,,,
노원구,11350,중계동,202607,아파트_전월세,염광,중계동,445,59.34,,35700,0,9,3,1996,갱신,26.07~28.07,34000.0,,사용,,
노원구,11350,상계동,202607,아파트_전월세,상계주공1(고층),상계동,765,32.39,,2000,78,3,23,1988,신규,26.08~28.08,,,,,
노원구,11350,상계동,202607,아파트_전월세,불암현대,상계동,1293,59.4,,35000,0,18,29,1999,신규,26.09~28.09,,,,,
노원구,11350,상계동,202607,아파트_전월세,상계주공10(고층),상계동,666,45.9,,2000,100,4,2,1988,갱신,26.08~28.08,1000.0,60.0,,,
노원구,11350,상계동,202607,아파트_전월세,상계주공14(고층),상계동,626,41.3,,1700,55,9,25,1989,갱신,26.09~28.09,1000.0,55.0,,,
노원구,11350,월계동,202607,아파트_전월세,미성,월계동,13,50.14,,28000,0,1,11,1986,신규,26.10~28.10,,,,,
노원구,11350,공릉동,202607,아파트_전월세,풍림아파트A,공릉동,725,84.99,,60000,0,19,26,2001,신규,26.09~28.09,,,,,
노원구,11350,상계동,202607,아파트_전월세,상계주공3(고층),상계동,730-2,59.2,,38000,0,5,31,1987,신규,26.10~28.10,,,,,
노원구,11350,상계동,202607,아파트_전월세,상계주공3(고층),상계동,730-2,59.2,,35000,0,10,13,1987,신규,26.08~28.08,,,,,
노원구,11350,상계동,202607,아파트_전월세,청암2단지,상계동,1276,49.77,,2500,103,10,30,2001,갱신,26.07~28.07,2500.0,75.0,,,
노원구,11350,상계동,202607,아파트_전월세,상계주공12(고층),상계동,647,41.3,,1000,100,15,30,1988,신규,26.07~28.07,,,,,
노원구,11350,중계동,202607,아파트_전월세,주공6,중계동,364-12,44.1,,29000,0,5,25,1993,갱신,26.08~28.08,20500.0,,,,
노원구,11350,상계동,202607,아파트_전월세,보람아파트,상계동,639,79.25,,30000,60,12,27,1988,신규,26.11~28.11,,,,,
노원구,11350,월계동,202607,아파트_전월세,월계센트럴아이파크,월계동,951,84.99,,60000,12,25,17,2020,갱신,26.07~28.07,60000.0,,사용,,
노원구,11350,공릉동,202607,아파트_전월세,시영3차(라이프)아파트,공릉동,715,39.6,,3000,80,12,25,1994,신규,26.08~28.07,,,,,
노원구,11350,중계동,202607,아파트_전월세,극동의푸른별1차,중계동,600,84.91,,48300,0,2,31,2005,갱신,26.09~28.09,46000.0,,사용,,
노원구,11350,상계동,202607,아파트_전월세,은빛2단지,상계동,1256,39.7,,20000,0,1,1,1998,갱신,26.08~28.08,20000.0,,사용,,
노원구,11350,상계동,202607,아파트_전월세,불암현대,상계동,1293,59.4,,5000,105,12,4,1999,신규,26.10~28.10,,,,,
노원구,11350,상계동,202607,아파트_전월세,"상계주공15(고층,공무원임대)",상계동,624,49.94,,5130,35,13,24,1988,갱신,26.12~28.12,11444.0,16.0,,,
노원구,11350,월계동,202607,아파트_전월세,풍림아이원,월계동,944,84.303,,65000,0,13,31,2005,신규,26.12~28.12,,,,,
노원구,11350,상계동,202607,아파트_전월세,신이모닝빌,상계동,1298,84.9698,,35700,32,6,4,2002,갱신,26.07~28.07,35700.0,22.0,,,
노원구,11350,상계동,202607,아파트_전월세,상계주공2(고층),상계동,740,68.86,,40000,0,15,30,1987,신규,26.10~28.10,,,,,
노원구,11350,상계동,202607,아파트_전월세,"상계주공15(고층,공무원임대)",상계동,624,49.94,,8551,25,5,16,1988,갱신,26.10~28.10,8174.0,27.0,,,
노원구,11350,상계동,202607,아파트_전월세,"상계주공15(고층,공무원임대)",상계동,624,49.94,,17103,0,3,23,1988,갱신,26.08~28.08,16349.0,,,,
노원구,11350,중계동,202607,아파트_전월세,롯데(505),중계동,505,84.97,,57000,0,3,11,1989,갱신,26.07~28.07,47000.0,,,,
노원구,11350,상계동,202607,아파트_전월세,"상계주공15(고층,공무원임대)",상계동,624,49.94,,11792,12,14,16,1988,갱신,26.09~28.09,11230.0,11.0,,,
노원구,11350,상계동,202607,아파트_전월세,상계주공12(고층),상계동,647,61.52,,30000,25,9,31,1988,신규,26.12~28.12,,,,,
노원구,11350,공릉동,202607,아파트_전월세,임성아파트,공릉동,389-13,95.7,,40000,0,8,17,1997,신규,26.09~28.09,,,,,
노원구,11350,상계동,202607,아파트_전월세,상계주공7(고층),상계동,691,49.94,,30000,0,4,31,1988,신규,26.09~28.09,,,,,
노원구,11350,상계동,202607,아파트_전월세,상계주공10(고층),상계동,666,49.94,,15000,33,3,31,1988,갱신,26.07~28.07,15000.0,30.0,사용,,
노원구,11350,상계동,202607,아파트_전월세,"상계주공15(고층,공무원임대)",상계동,624,41.3,,13890,0,15,31,1988,신규,26.08~28.08,,,,,
노원구,11350,상계동,202607,아파트_전월세,상계주공14(고층),상계동,626,49.94,,32000,0,14,27,1989,신규,26.10~28.10,,,,,
노원구,11350,월계동,202607,아파트_전월세,미륭,월계동,13,51.48,,2000,120,6,31,1986,신규,26.09~28.09,,,,,
노원구,11350,상계동,202607,아파트_전월세,상계주공11(고층),상계동,652,58.01,,24000,0,5,31,1988,신규,26.09~28.09,,,,,
노원구,11350,월계동,202607,아파트_전월세,미성,월계동,13,50.14,,26000,0,5,25,1986,갱신,26.08~28.08,25000.0,,사용,,
노원구,11350,하계동,202607,아파트_전월세,한신1,하계동,284,44.52,,26250,0,5,31,1988,갱신,26.08~28.08,25000.0,,사용,,
노원구,11350,하계동,202607,아파트_전월세,청솔(시영7),하계동,274,39.92,,26000,0,5,30,1989,신규,26.10~28.10,,,,,
노원구,11350,중계동,202607,아파트_전월세,중계그린1단지,중계동,502-1,59.87,,17000,45,12,31,1990,갱신,26.09~28.09,17000.0,40.0,사용,,
노원구,11350,하계동,202607,아파트_전월세,장미(시영6),하계동,273,39.78,,19950,0,10,22,1989,갱신,26.08~28.08,19000.0,,사용,,
노원구,11350,상계동,202607,아파트_전월세,상계주공14(고층),상계동,626,45.9,,25000,0,2,27,1989,신규,26.10~28.10,,,,,
노원구,11350,공릉동,202607,아파트_전월세,시영3차(라이프)아파트,공릉동,715,34.44,,3000,60,1,30,1994,갱신,26.09~28.08,18500.0,,,,
노원구,11350,공릉동,202607,아파트_전월세,시영3차(라이프)아파트,공릉동,715,39.6,,25500,0,2,29,1994,갱신,26.08~28.08,23000.0,,,,
노원구,11350,상계동,202607,아파트_전월세,상계주공5(저층),상계동,721,31.98,,500,50,1,22,1987,신규,26.07~28.07,,,,,
노원구,11350,상계동,202607,아파트_전월세,수락리버시티4단지,상계동,1313,39.81,,2857,22,13,31,2009,갱신,26.08~28.07,2857.0,22.0,,,
노원구,11350,상계동,202607,아파트_전월세,수락산벨리체,상계동,1265,134.94,,67000,0,13,31,2000,신규,26.09~28.09,,,,,
노원구,11350,공릉동,202607,아파트_전월세,비선아파트,공릉동,109,48.6,,5000,130,5,31,1999,신규,26.08~28.08,,,,,
노원구,11350,상계동,202607,아파트_전월세,상계주공6(고층),상계동,720,59.39,,3000,130,12,31,1988,신규,26.08~28.07,,,,,
노원구,11350,월계동,202607,아파트_전월세,미륭,월계동,13,51.48,,10000,76,2,31,1986,신규,26.08~28.08,,,,,
노원구,11350,공릉동,202607,아파트_전월세,한일휴니스빌,공릉동,683-14,13.62,,1000,65,11,4,2013,신규,26.08~27.08,,,,,
노원구,11350,월계동,202607,아파트_전월세,미성,월계동,13,50.14,,2000,88,3,10,1986,갱신,26.07~28.07,2000.0,80.0,,,
노원구,11350,중계동,202607,아파트_전월세,중계그린1단지,중계동,502-1,39.78,,1000,95,7,15,1990,갱신,26.07~28.07,2000.0,88.0,사용,,
노원구,11350,중계동,202607,아파트_전월세,롯데(505),중계동,505,54.48,,38000,0,5,29,1989,갱신,26.10~28.08,17300.0,7.0,,,
노원구,11350,상계동,202607,아파트_전월세,상계주공1(고층),상계동,765,58.01,,14000,90,13,25,1988,신규,26.10~28.10,,,,,
노원구,11350,상계동,202607,아파트_전월세,상계주공16(고층),상계동,624,45.77,,18640,0,15,31,1988,갱신,26.09~28.09,17640.0,,,,
노원구,11350,상계동,202607,아파트_전월세,상계주공9(고층),상계동,670,79.07,,58000,0,9,31,1988,신규,26.10~28.10,,,,,
노원구,11350,하계동,202607,아파트_전월세,벽산,하계동,271-3,84.85,,42000,0,1,31,1988,갱신,26.08~28.08,40000.0,,사용,,
노원구,11350,상계동,202607,아파트_전월세,상계주공4(고층),상계동,749-5,38,,22000,0,7,30,1988,신규,26.09~28.09,,,,,
노원구,11350,공릉동,202607,아파트_전월세,화랑타운아파트,공릉동,111,84.65,,35000,90,7,31,2000,갱신,26.08~28.07,35000.0,80.0,사용,,
노원구,11350,하계동,202607,아파트_전월세,하계2현대,하계동,288,84.896,,63000,0,4,6,1997,갱신,26.09~28.09,60000.0,,사용,,
노원구,11350,월계동,202607,아파트_전월세,삼창,월계동,448-3,77.84,,45000,0,8,30,1984,신규,26.10~28.10,,,,,
노원구,11350,중계동,202607,아파트_전월세,주공2,중계동,369,44.52,,24000,0,4,31,1992,신규,26.09~28.09,,,,,
노원구,11350,월계동,202607,아파트_전월세,주공2,월계동,556,44.52,,25000,0,11,31,1992,신규,26.10~28.10,,,,,
노원구,11350,공릉동,202607,아파트_전월세,비선아파트,공릉동,109,48.93,,8000,95,6,30,1999,갱신,26.09~28.09,8000.0,80.0,사용,,
노원구,11350,중계동,202607,아파트_전월세,양지마을(대림)1,중계동,587,84.9,,38000,44,7,27,1998,갱신,26.07~28.07,40000.0,36.0,,,
노원구,11350,중계동,202607,아파트_전월세,중계무지개,중계동,512,39.82,,17300,0,2,25,1991,갱신,26.09~28.09,16480.0,,사용,,
노원구,11350,상계동,202607,아파트_전월세,노원센트럴푸르지오,상계동,1355,59.996,,63000,0,11,30,2021,신규,26.10~28.10,,,,,
노원구,11350,상계동,202607,아파트_전월세,상계주공9(고층),상계동,670,49.94,,34000,0,8,30,1988,신규,26.11~28.11,,,,,
노원구,11350,중계동,202607,아파트_전월세,주공7,중계동,363-1,44.1,,27500,0,11,31,1993,갱신,26.08~28.08,18000.0,,,,
노원구,11350,상계동,202607,아파트_전월세,상계주공7(고층),상계동,691,49.94,,2000,95,1,30,1988,갱신,26.08~28.08,2000.0,80.0,,,
노원구,11350,공릉동,202607,아파트_전월세,동신아파트,공릉동,745,59.99,,25000,70,5,25,1999,신규,26.10~28.10,,,,,
노원구,11350,하계동,202607,아파트_전월세,장미(시영6),하계동,273,49.5,,2000,90,5,28,1989,신규,26.08~28.08,,,,,
노원구,11350,월계동,202607,아파트_전월세,월계센트럴아이파크,월계동,951,59.99,,65000,0,14,30,2020,신규,26.09~28.09,,,,,
노원구,11350,중계동,202607,아파트_전월세,건영3,중계동,360-15,84.9,,85000,0,15,18,1995,신규,26.11~28.11,,,,,
노원구,11350,중계동,202607,아파트_전월세,주공2,중계동,369,44.52,,16475,0,8,25,1992,갱신,26.08~28.08,15725.0,,,,
노원구,11350,하계동,202607,아파트_전월세,장미(시영6),하계동,273,49.5,,35000,0,3,18,1989,신규,26.09~28.09,,,,,
노원구,11350,상계동,202607,아파트_전월세,"상계주공15(고층,공무원임대)",상계동,624,41.3,,13890,0,15,31,1988,신규,26.08~28.08,,,,,
노원구,11350,하계동,202607,아파트_전월세,장미(시영6),하계동,273,49.75,,33000,0,15,30,1989,신규,26.09~28.09,,,,,
노원구,11350,공릉동,202607,아파트_전월세,태강아파트(아이파크),공릉동,81,49.6,,37000,0,12,31,1999,갱신,26.08~28.08,34000.0,,,,
노원구,11350,상계동,202607,아파트_전월세,상계주공10(고층),상계동,666,59.2,,25200,0,4,22,1988,갱신,26.09~28.09,24000.0,,사용,,
노원구,11350,상계동,202607,아파트_전월세,상계주공12(고층),상계동,647,41.3,,1000,100,12,30,1988,갱신,26.11~28.11,1000.0,70.0,,,
노원구,11350,상계동,202607,아파트_전월세,"상계주공15(고층,공무원임대)",상계동,624,49.94,,10107,14,14,15,1988,갱신,26.11~28.11,9626.0,13.0,,,
노원구,11350,공릉동,202607,아파트_전월세,태릉우성아파트,공릉동,254,66.87,,200,45,6,3,1985,신규,26.08~27.02,,,,,
노원구,11350,상계동,202607,아파트_전월세,상계주공11(고층),상계동,652,60.5,,30450,0,8,30,1988,갱신,26.08~28.08,29000.0,,사용,,
노원구,11350,상계동,202607,아파트_전월세,상계주공14(고층),상계동,626,41.3,,1800,60,14,30,1989,갱신,26.07~28.07,1000.0,60.0,,,
노원구,11350,월계동,202607,아파트_전월세,초안2,월계동,924,59.85,,33000,0,4,28,1997,갱신,26.07~28.07,28000.0,,,,
노원구,11350,월계동,202607,아파트_전월세,미륭,월계동,13,51.48,,32000,0,12,30,1986,신규,26.08~28.08,,,,,
노원구,11350,하계동,202607,아파트_전월세,한신1,하계동,284,27,,9000,40,9,30,1988,신규,26.08~27.08,,,,,
노원구,11350,상계동,202607,아파트_전월세,상계주공13(고층),상계동,637,45.55,,20000,0,13,14,1989,갱신,26.09~28.09,20000.0,,사용,,
노원구,11350,상계동,202607,아파트_전월세,상계주공2(고층),상계동,740,68.86,,15000,100,11,29,1987,신규,26.09~28.09,,,,,
노원구,11350,상계동,202607,아파트_전월세,상계주공10(고층),상계동,666,58.01,,35000,0,13,2,1988,신규,26.07~28.07,,,,,
노원구,11350,하계동,202607,아파트_전월세,청솔(시영7),하계동,274,59.7,,30400,0,8,25,1989,갱신,26.09~28.09,29000.0,,사용,,
노원구,11350,하계동,202607,아파트_전월세,청솔(시영7),하계동,274,39.78,,17750,0,2,30,1989,갱신,26.08~28.08,17750.0,,,,
노원구,11350,중계동,202607,아파트_전월세,중계무지개,중계동,512,49.54,,32000,0,2,30,1991,신규,26.10~28.10,,,,,
노원구,11350,하계동,202607,아파트_전월세,건영,하계동,271-3,53.14,,27000,10,11,30,1988,갱신,26.10~28.10,27000.0,,사용,,
노원구,11350,상계동,202607,아파트_전월세,상계주공9(고층),상계동,670,58.01,,31500,0,5,25,1988,갱신,26.09~28.09,30000.0,,사용,,
노원구,11350,상계동,202607,아파트_전월세,상계주공5(저층),상계동,721,31.98,,500,50,5,22,1987,신규,26.07~28.07,,,,,
노원구,11350,상계동,202607,아파트_전월세,상계주공11(고층),상계동,652,49.94,,18000,11,10,30,1988,갱신,26.08~28.07,18000.0,7.0,사용,,
노원구,11350,상계동,202607,아파트_전월세,"상계주공15(고층,공무원임대)",상계동,624,49.94,,3078,36,1,20,1988,신규,26.08~28.07,,,,,
노원구,11350,중계동,202607,아파트_전월세,중계무지개,중계동,512,49.54,,27000,0,3,29,1991,갱신,26.07~28.07,26000.0,,사용,,
노원구,11350,상계동,202607,아파트_전월세,노원센트럴푸르지오,상계동,1355,59.996,,66000,0,4,30,2021,신규,26.09~28.09,,,,,
노원구,11350,월계동,202607,아파트_전월세,미성,월계동,13,50.14,,30000,0,12,30,1986,신규,26.09~28.09,,,,,
노원구,11350,하계동,202607,아파트_전월세,장미(시영6),하계동,273,39.78,,1000,79,7,30,1989,갱신,26.12~28.12,1000.0,75.0,사용,,
노원구,11350,상계동,202607,아파트_전월세,상계주공14(고층),상계동,626,45.9,,13000,30,1,28,1989,신규,26.08~28.08,,,,,
노원구,11350,공릉동,202607,아파트_전월세,두산힐스빌아파트,공릉동,747,114.72,,68000,0,12,20,2000,갱신,26.08~28.08,65000.0,,사용,,
노원구,11350,상계동,202607,아파트_전월세,상계주공7(고층),상계동,691,45.9,,1000,90,11,30,1988,갱신,26.09~28.09,1000.0,80.0,,,
노원구,11350,상계동,202607,아파트_전월세,"상계주공15(고층,공무원임대)",상계동,624,49.94,,3369,28,12,29,1988,갱신,26.12~28.12,3208.0,27.0,,,
노원구,11350,중계동,202607,아파트_전월세,중계그린1단지,중계동,502-1,39.78,,28000,0,11,28,1990,신규,26.09~28.09,,,,,
노원구,11350,월계동,202607,아파트_전월세,사슴3,월계동,320-11,39.6,,20000,0,5,28,1995,신규,26.09~28.09,,,,,
노원구,11350,상계동,202607,아파트_전월세,상계주공1(고층),상계동,765,60.5,,37000,0,8,30,1988,신규,26.10~28.10,,,,,
노원구,11350,상계동,202607,아파트_전월세,"상계주공15(고층,공무원임대)",상계동,624,49.94,,3420,40,15,29,1988,갱신,26.09~28.09,13079.0,11.0,,,
노원구,11350,중계동,202607,아파트_전월세,중계그린1단지,중계동,502-1,59.46,,40000,0,1,29,1990,갱신,26.09~28.09,35000.0,,,,
노원구,11350,하계동,202607,아파트_전월세,장미(시영6),하계동,273,59.87,,28350,0,5,30,1989,갱신,26.08~28.08,27000.0,,사용,,
노원구,11350,하계동,202607,아파트_전월세,장미(시영6),하계동,273,49.5,,25000,0,8,30,1989,갱신,26.08~27.08,25000.0,,,,
노원구,11350,상계동,202607,아파트_전월세,상계주공16(고층),상계동,624,45.77,,20000,0,5,30,1988,갱신,26.08~28.08,18000.0,,,,
노원구,11350,상계동,202607,아파트_전월세,상계주공3(고층),상계동,730-2,58.01,,31500,0,5,20,1987,갱신,26.07~28.07,30000.0,,,,
노원구,11350,상계동,202607,아파트_전월세,상계주공13(고층),상계동,637,41.3,,20500,0,14,25,1989,갱신,26.09~28.09,20000.0,,사용,,
노원구,11350,상계동,202607,아파트_전월세,상계주공2(고층),상계동,740,32.39,,23000,0,9,18,1987,신규,26.09~28.09,,,,,
노원구,11350,월계동,202607,아파트_전월세,삼호3,월계동,13,59.22,,25200,0,1,29,1986,신규,26.07~27.12,,,,,
노원구,11350,상계동,202607,아파트_전월세,상계주공11(고층),상계동,652,41.3,,15000,15,10,30,1988,갱신,26.11~27.11,15000.0,10.0,,,
노원구,11350,상계동,202607,아파트_전월세,"상계주공15(고층,공무원임대)",상계동,624,41.3,,12501,0,1,29,1988,신규,26.08~28.08,,,,,
노원구,11350,상계동,202607,아파트_전월세,상계주공11(고층),상계동,652,49.94,,27300,0,14,30,1988,갱신,26.08~28.08,26000.0,,사용,,
노원구,11350,상계동,202607,아파트_전월세,"상계주공15(고층,공무원임대)",상계동,624,49.94,,8551,25,9,29,1988,갱신,26.09~28.09,8174.0,27.0,,,
노원구,11350,상계동,202607,아파트_전월세,"상계주공15(고층,공무원임대)",상계동,624,49.94,,3420,40,10,28,1988,신규,26.08~28.08,,,,,
노원구,11350,월계동,202607,아파트_전월세,초안2,월계동,924,59.85,,30000,0,6,29,1997,신규,26.09~28.09,,,,,
노원구,11350,월계동,202607,아파트_전월세,주공2,월계동,556,44.52,,4000,70,10,1,1992,신규,26.07~28.07,,,,,
노원구,11350,중계동,202607,아파트_전월세,중계무지개,중계동,512,49.54,,25700,0,14,25,1991,갱신,26.07~28.07,24500.0,,사용,,
노원구,11350,상계동,202607,아파트_전월세,상계주공16(고층),상계동,624,45.77,,17325,0,6,16,1988,갱신,26.09~28.09,16500.0,,사용,,
노원구,11350,상계동,202607,아파트_전월세,"상계주공15(고층,공무원임대)",상계동,624,49.94,,17103,0,7,24,1988,갱신,26.08~28.08,16349.0,,,,
노원구,11350,월계동,202607,아파트_전월세,현대,월계동,929,59.95,,5000,170,12,27,2000,신규,26.10~28.10,,,,,
노원구,11350,상계동,202607,아파트_전월세,상계주공13(고층),상계동,637,45.9,,20500,0,7,6,1989,갱신,26.08~28.08,19000.0,,,,
노원구,11350,상계동,202607,아파트_전월세,상계주공16(고층),상계동,624,59.39,,28350,0,10,29,1988,갱신,26.07~28.07,27000.0,,사용,,
노원구,11350,상계동,202607,아파트_전월세,상계주공12(고층),상계동,647,41.3,,1000,120,5,4,1988,신규,26.07~26.10,,,,,
노원구,11350,월계동,202607,아파트_전월세,초안1,월계동,923,59.69,,23086,0,1,25,1998,신규,26.10~28.10,,,,,
노원구,11350,공릉동,202607,아파트_전월세,동신아파트,공릉동,745,59.99,,10000,120,8,17,1999,신규,26.09~28.09,,,,,
노원구,11350,상계동,202607,아파트_전월세,불암현대,상계동,1293,84.9,,44100,0,22,25,1999,갱신,26.07~28.07,42000.0,,사용,,
노원구,11350,월계동,202607,아파트_전월세,현대,월계동,929,59.95,,36750,0,16,11,2000,갱신,27.04~29.04,35000.0,,사용,,
노원구,11350,상계동,202607,아파트_전월세,상계주공2(고층),상계동,740,60.5,,26000,0,1,25,1987,신규,26.08~28.08,,,,,
노원구,11350,중계동,202607,아파트_전월세,중계무지개,중계동,512,49.54,,36000,0,10,25,1991,갱신,26.10~28.10,26000.0,,,,
노원구,11350,중계동,202607,아파트_전월세,주공5,중계동,359-1,38.64,,1000,75,2,29,1992,갱신,26.09~28.09,1000.0,75.0,사용,,
노원구,11350,상계동,202607,아파트_전월세,보람아파트,상계동,639,54.59,,32000,0,12,28,1988,신규,26.09~28.09,,,,,
노원구,11350,상계동,202607,아파트_전월세,상계주공7(고층),상계동,691,49.94,,29000,0,13,20,1988,신규,26.09~28.09,,,,,
노원구,11350,상계동,202607,아파트_전월세,상계현대3차,상계동,1063,84.96,,40000,0,6,29,1999,갱신,26.07~28.07,39000.0,,사용,,
노원구,11350,중계동,202607,아파트_전월세,주공5,중계동,359-1,38.64,,27000,0,10,27,1992,갱신,26.11~28.11,22000.0,,,,
노원구,11350,상계동,202607,아파트_전월세,임광,상계동,694,106.25,,30000,120,9,25,1989,신규,26.12~28.12,,,,,
노원구,11350,중계동,202607,아파트_전월세,주공7,중계동,363-1,44.1,,2000,90,10,29,1993,신규,26.09~28.09,,,,,
노원구,11350,중계동,202607,아파트_전월세,주공5,중계동,359-1,44.52,,27000,0,8,28,1992,신규,26.10~28.08,,,,,
노원구,11350,하계동,202607,아파트_전월세,장미(시영6),하계동,273,59.46,,37000,0,10,28,1989,신규,26.10~28.10,,,,,
노원구,11350,하계동,202607,아파트_전월세,장미(시영6),하계동,273,59.22,,5000,105,13,17,1989,갱신,26.11~28.11,5000.0,100.0,사용,,
노원구,11350,중계동,202607,아파트_전월세,주공2,중계동,369,44.52,,100,75,6,29,1992,신규,26.09~28.09,,,,,
노원구,11350,공릉동,202607,아파트_전월세,동신아파트,공릉동,745,84.97,,45000,0,22,29,1999,갱신,26.08~28.08,43000.0,,사용,,
노원구,11350,상계동,202607,아파트_전월세,벽산,상계동,173-1,59.9,,13000,90,8,25,1989,신규,26.10~28.10,,,,,
노원구,11350,중계동,202607,아파트_전월세,주공2,중계동,369,44.52,,5000,50,6,18,1992,신규,26.07~28.07,,,,,
노원구,11350,월계동,202607,아파트_전월세,한진한화그랑빌,월계동,18,84.97,,20000,150,2,28,2002,신규,26.10~28.10,,,,,
노원구,11350,상계동,202607,아파트_전월세,상계주공14(고층),상계동,626,49.94,,30000,0,10,15,1989,갱신,26.07~28.07,25000.0,,,,
노원구,11350,중계동,202607,아파트_전월세,성원1,중계동,580,59.75,,10000,195,3,24,1996,신규,26.09~28.09,,,,,
노원구,11350,공릉동,202607,아파트_전월세,태강아파트(아이파크),공릉동,81,49.6,,31500,0,4,4,1999,갱신,26.09~28.09,30000.0,,사용,,
노원구,11350,상계동,202607,아파트_전월세,상계주공11(고층),상계동,652,49.94,,3000,120,10,29,1988,신규,26.09~28.09,,,,,
노원구,11350,상계동,202607,아파트_전월세,포레나노원,상계동,680,59.9866,,65000,0,7,28,2020,신규,26.12~28.12,,,,,
노원구,11350,하계동,202607,아파트_전월세,한신2,하계동,284,35.28,,19950,0,15,29,1988,갱신,26.08~28.08,19000.0,,사용,,
노원구,11350,공릉동,202607,아파트_전월세,한일휴니스빌,공릉동,683-14,13.62,,1000,65,9,20,2013,신규,26.07~27.07,,,,,
노원구,11350,상계동,202607,아파트_전월세,상계주공4(고층),상계동,749-5,32.39,,19000,0,2,18,1988,신규,26.09~28.09,,,,,
노원구,11350,공릉동,202607,아파트_전월세,청솔아파트8,공릉동,91,84.65,,51000,0,13,21,2000,갱신,26.10~28.10,49000.0,,,,
노원구,11350,월계동,202607,아파트_전월세,현대,월계동,929,59.95,,29500,60,1,24,2000,신규,26.10~28.10,,,,,
노원구,11350,상계동,202607,아파트_전월세,상계주공9(고층),상계동,670,45.9,,2000,100,3,4,1988,신규,26.07~28.07,,,,,
노원구,11350,상계동,202607,아파트_전월세,상계주공4(고층),상계동,749-5,73.94,,30000,75,7,7,1988,신규,26.10~28.10,,,,,
노원구,11350,하계동,202607,아파트_전월세,하계2현대,하계동,288,75.35,,55650,0,6,27,1997,갱신,26.10~28.10,53000.0,,사용,,
노원구,11350,상계동,202607,아파트_전월세,상계주공7(고층),상계동,691,49.94,,37000,0,9,28,1988,갱신,26.10~28.10,22000.0,,,,
노원구,11350,중계동,202607,아파트_전월세,주공7,중계동,363-1,44.1,,1000,85,12,3,1993,갱신,26.07~27.07,1000.0,85.0,,,
노원구,11350,상계동,202607,아파트_전월세,상계주공7(고층),상계동,691,49.94,,4000,110,1,24,1988,신규,26.09~28.09,,,,,
노원구,11350,상계동,202607,아파트_전월세,벽산,상계동,173-1,46.8,,20400,0,11,27,1989,갱신,26.10~28.10,19500.0,,사용,,
노원구,11350,상계동,202607,아파트_전월세,상계주공11(고층),상계동,652,49.94,,4000,80,6,28,1988,갱신,26.09~28.09,4000.0,65.0,,,
노원구,11350,상계동,202607,아파트_전월세,"상계주공15(고층,공무원임대)",상계동,624,41.3,,13890,0,13,28,1988,신규,26.08~28.08,,,,,
노원구,11350,중계동,202607,아파트_전월세,중계무지개,중계동,512,39.96,,3000,69,3,4,1991,갱신,26.08~28.08,3000.0,65.0,사용,,
노원구,11350,하계동,202607,아파트_전월세,한신1,하계동,284,27,,3000,75,11,27,1988,신규,26.09~28.09,,,,,
노원구,11350,상계동,202607,아파트_전월세,벽산,상계동,173-1,46.8,,23000,0,11,19,1989,신규,26.09~28.09,,,,,
노원구,11350,상계동,202607,아파트_전월세,상계주공2(고층),상계동,740,37.46,,500,80,3,28,1987,신규,26.07~26.10,,,,,
노원구,11350,상계동,202607,아파트_전월세,상계주공7(고층),상계동,691,45.77,,3000,90,5,9,1988,신규,26.07~28.07,,,,,
노원구,11350,월계동,202607,아파트_전월세,주공2,월계동,556,38.64,,14000,0,15,27,1992,신규,26.09~28.09,,,,,
노원구,11350,하계동,202607,아파트_전월세,장미(시영6),하계동,273,59.87,,35000,0,1,15,1989,신규,26.09~28.09,,,,,
노원구,11350,월계동,202607,아파트_전월세,주공2,월계동,556,44.94,,3000,100,12,22,1992,신규,26.10~28.10,,,,,
노원구,11350,하계동,202607,아파트_전월세,학여울청구,하계동,354,84.77,,38300,0,4,11,1999,갱신,26.08~28.08,36500.0,,,,
노원구,11350,하계동,202607,아파트_전월세,현대,하계동,270,84.95,,10000,200,14,25,1988,신규,26.10~28.10,,,,,
노원구,11350,상계동,202607,아파트_전월세,상계주공11(고층),상계동,652,59.39,,22000,0,4,14,1988,신규,26.08~28.08,,,,,
노원구,11350,상계동,202607,아파트_전월세,상계주공9(고층),상계동,670,49.94,,32000,0,5,28,1988,갱신,26.10~28.10,22000.0,,,,
노원구,11350,상계동,202607,아파트_전월세,상계주공2(고층),상계동,740,41.3,,2000,95,6,28,1987,신규,26.07~28.07,,,,,
노원구,11350,월계동,202607,아파트_전월세,사슴3,월계동,320-11,39.6,,18900,0,13,28,1995,갱신,26.09~28.09,18000.0,,,,
노원구,11350,월계동,202607,아파트_전월세,미성,월계동,13,50.14,,26200,0,5,25,1986,갱신,26.08~28.08,25000.0,,사용,,
노원구,11350,월계동,202607,아파트_전월세,현대,월계동,929,59.95,,10000,150,11,25,2000,신규,26.10~28.10,,,,,
노원구,11350,상계동,202607,아파트_전월세,상계주공1(고층),상계동,765,32.39,,1000,64,9,28,1988,갱신,26.09~27.09,1000.0,61.0,사용,,
노원구,11350,상계동,202607,아파트_전월세,상계주공12(고층),상계동,647,41.3,,3000,85,1,23,1988,신규,26.10~28.10,,,,,
노원구,11350,상계동,202607,아파트_전월세,은빛1단지,상계동,1255,59.95,,20000,70,3,28,1998,신규,26.09~28.09,,,,,
노원구,11350,상계동,202607,아파트_전월세,상계주공14(고층),상계동,626,41.3,,2000,100,14,28,1989,신규,26.09~28.09,,,,,
노원구,11350,중계동,202607,아파트_전월세,주공2,중계동,369,44.52,,2000,95,9,14,1992,신규,26.08~28.08,,,,,
노원구,11350,중계동,202607,아파트_전월세,대림벽산(363),중계동,363,141.45,,73000,0,15,24,1993,신규,26.07~28.10,,,,,
노원구,11350,월계동,202607,아파트_전월세,미륭,월계동,13,51.48,,25000,0,4,28,1986,갱신,26.09~28.09,25000.0,,,,
노원구,11350,상계동,202607,아파트_전월세,노원롯데캐슬시그니처,상계동,1410,84.999,,72000,0,18,28,2023,갱신,26.08~27.08,70000.0,,사용,,
노원구,11350,중계동,202607,아파트_전월세,중앙하이츠아쿠아,중계동,514,84.7513,,65000,0,2,27,2008,갱신,26.08~28.08,50000.0,,,,
노원구,11350,중계동,202607,아파트_전월세,삼성,중계동,593,114.49,,65000,0,1,20,1999,신규,26.09~28.09,,,,,
노원구,11350,상계동,202607,아파트_전월세,상계주공9(고층),상계동,670,45.9,,20000,0,2,28,1988,갱신,26.09~28.09,16500.0,,,,
노원구,11350,상계동,202607,아파트_전월세,상계주공1(고층),상계동,765,58.01,,5000,140,10,27,1988,신규,26.08~28.08,,,,,
노원구,11350,하계동,202607,아파트_전월세,청솔(시영7),하계동,274,39.78,,3000,85,12,2,1989,신규,26.07~28.07,,,,,
노원구,11350,공릉동,202607,아파트_전월세,태강아파트(아이파크),공릉동,81,59.38,,40000,0,7,11,1999,신규,26.09~28.09,,,,,
노원구,11350,중계동,202607,아파트_전월세,주공6,중계동,364-12,44.1,,1000,84,12,28,1993,갱신,26.07~28.07,1000.0,80.0,사용,,
노원구,11350,상계동,202607,아파트_전월세,"상계주공15(고층,공무원임대)",상계동,624,49.94,,17103,0,4,27,1988,신규,26.08~28.08,,,,,
노원구,11350,상계동,202607,아파트_전월세,"상계주공15(고층,공무원임대)",상계동,624,49.94,,10107,15,7,24,1988,갱신,26.09~28.09,9626.0,15.0,,,
노원구,11350,월계동,202607,아파트_전월세,삼호4,월계동,12,50.18,,15000,0,10,27,1987,갱신,26.08~28.08,14300.0,,사용,,
노원구,11350,상계동,202607,아파트_전월세,수락파크빌,상계동,1269,114.82,,67000,0,9,11,2001,신규,26.09~28.09,,,,,
노원구,11350,상계동,202607,아파트_전월세,상계주공2(고층),상계동,740,32.39,,18900,0,14,25,1987,갱신,26.08~28.08,18000.0,,사용,,
노원구,11350,상계동,202607,아파트_전월세,상계주공14(고층),상계동,626,41.3,,27000,0,8,25,1989,신규,26.09~28.09,,,,,
노원구,11350,상계동,202607,아파트_전월세,상계주공3(고층),상계동,730-2,58.01,,38000,0,10,27,1987,신규,26.09~28.09,,,,,
노원구,11350,상계동,202607,아파트_전월세,보람아파트,상계동,639,68.99,,5000,135,13,27,1988,갱신,26.09~28.09,5000.0,100.0,,,
노원구,11350,상계동,202607,아파트_전월세,상계주공10(고층),상계동,666,60.5,,24500,0,2,24,1988,갱신,26.08~26.10,24500.0,,,,
노원구,11350,중계동,202607,아파트_전월세,건영2,중계동,515-2,75.02,,45000,70,11,25,1991,신규,26.07~28.07,,,,,
노원구,11350,상계동,202607,아파트_전월세,상계주공4(고층),상계동,749-5,41.3,,12000,23,9,16,1988,신규,26.10~28.10,,,,,
노원구,11350,중계동,202607,아파트_전월세,성원1,중계동,580,84.78,,67000,0,10,27,1996,갱신,26.08~28.08,63500.0,,,,
노원구,11350,상계동,202607,아파트_전월세,상계주공6(고층),상계동,720,32.39,,14700,0,8,24,1988,신규,26.09~28.09,,,,,
노원구,11350,중계동,202607,아파트_전월세,건영3,중계동,360-15,84.9,,79000,0,2,25,1995,신규,26.10~28.10,,,,,
노원구,11350,중계동,202607,아파트_전월세,롯데우성,중계동,361-1,115.26,,62000,90,8,22,1993,갱신,26.08~28.08,60000.0,90.0,사용,,
노원구,11350,상계동,202607,아파트_전월세,노원우성,상계동,1251,84.88,,15500,135,4,27,1992,신규,26.12~28.12,,,,,
노원구,11350,하계동,202607,아파트_전월세,장미(시영6),하계동,273,49.5,,29000,0,6,25,1989,갱신,26.09~28.09,28000.0,,,,
노원구,11350,상계동,202607,아파트_전월세,임광,상계동,694,106.25,,10000,130,8,26,1989,갱신,26.07~28.07,7000.0,130.0,,,
노원구,11350,상계동,202607,아파트_전월세,상계주공14(고층),상계동,626,45.9,,10000,40,14,10,1989,갱신,26.09~28.09,8000.0,20.0,,,
노원구,11350,상계동,202607,아파트_전월세,상계주공13(고층),상계동,637,45.9,,22000,0,10,25,1989,신규,26.09~28.09,,,,,
노원구,11350,상계동,202607,아파트_전월세,상계주공2(고층),상계동,740,41.3,,24000,0,4,25,1987,갱신,26.08~28.08,23000.0,,사용,,
노원구,11350,중계동,202607,아파트_전월세,주공5,중계동,359-1,44.94,,34000,0,10,18,1992,갱신,26.09~28.09,24000.0,,,,
노원구,11350,월계동,202607,아파트_전월세,성원(사슴4),월계동,322-1,39.6,,23000,0,6,4,1995,신규,26.07~28.07,,,,,
노원구,11350,상계동,202607,아파트_전월세,상계주공9(고층),상계동,670,49.94,,10000,60,8,27,1988,갱신,26.07~28.07,10000.0,40.0,,,
노원구,11350,중계동,202607,아파트_전월세,주공4,중계동,358-2,59.39,,40000,0,5,25,1991,신규,26.10~28.10,,,,,
노원구,11350,하계동,202607,아파트_전월세,장미(시영6),하계동,273,39.78,,19000,0,6,25,1989,갱신,26.08~28.08,19000.0,,사용,,
노원구,11350,상계동,202607,아파트_전월세,상계주공3(저층),상계동,737,71.89,,2000,130,4,11,1987,신규,26.07~28.07,,,,,
노원구,11350,하계동,202607,아파트_전월세,하계2현대,하계동,288,75.35,,63000,0,5,25,1997,갱신,26.10~28.10,55000.0,,,,
노원구,11350,상계동,202607,아파트_전월세,상계주공10(고층),상계동,666,58.01,,32000,0,11,25,1988,신규,26.09~28.09,,,,,
노원구,11350,중계동,202607,아파트_전월세,동진,중계동,103,38.79,,5500,40,3,24,1988,갱신,26.08~28.08,5500.0,25.0,,,
노원구,11350,상계동,202607,아파트_전월세,상계주공1(고층),상계동,765,41.3,,4000,50,11,27,1988,갱신,26.08~28.08,3000.0,40.0,,,
노원구,11350,공릉동,202607,아파트_전월세,비선아파트,공릉동,109,48.93,,37500,0,4,25,1999,신규,26.09~28.09,,,,,
노원구,11350,중계동,202607,아파트_전월세,주공6,중계동,364-12,44.1,,2000,63,10,8,1993,갱신,26.09~28.09,2000.0,60.0,사용,,
노원구,11350,중계동,202607,아파트_전월세,건영3,중계동,360-15,84.9,,78750,0,10,7,1995,갱신,26.09~28.09,75000.0,,사용,,
노원구,11350,중계동,202607,아파트_전월세,중계무지개,중계동,512,49.89,,34000,0,7,25,1991,신규,26.08~28.08,,,,,
노원구,11350,월계동,202607,아파트_전월세,초안2,월계동,924,39.6,,18900,0,2,10,1997,갱신,26.07~28.07,18000.0,,사용,,
노원구,11350,하계동,202607,아파트_전월세,한신1,하계동,284,27,,1000,85,8,27,1988,신규,26.07~28.07,,,,,
노원구,11350,하계동,202607,아파트_전월세,장미(시영6),하계동,273,49.75,,14500,0,10,20,1989,갱신,26.07~28.07,14000.0,,,,
노원구,11350,공릉동,202607,아파트_전월세,태강아파트(아이파크),공릉동,81,49.6,,30000,30,6,25,1999,갱신,26.10~28.10,30000.0,,,,
노원구,11350,상계동,202607,아파트_전월세,상계주공11(고층),상계동,652,59.2,,19425,0,3,25,1988,갱신,26.08~28.08,18500.0,,사용,,
노원구,11350,월계동,202607,아파트_전월세,현대,월계동,929,59.95,,28000,85,21,25,2000,신규,26.11~28.11,,,,,
노원구,11350,상계동,202607,아파트_전월세,벽산,상계동,173-1,46.8,,3000,100,14,25,1989,신규,26.07~28.07,,,,,
노원구,11350,중계동,202607,아파트_전월세,주공5,중계동,359-1,76.51,,30000,27,1,18,1992,갱신,26.09~27.12,30000.0,20.0,사용,,
노원구,11350,월계동,202607,아파트_전월세,미성,월계동,13,50.14,,25200,0,11,25,1986,갱신,26.09~28.09,24000.0,,사용,,
노원구,11350,월계동,202607,아파트_전월세,우남그랜드,월계동,930,84.73,,60000,0,20,25,2001,신규,26.10~28.10,,,,,
노원구,11350,하계동,202607,아파트_전월세,장미(시영6),하계동,273,49.5,,33000,0,6,25,1989,신규,26.09~28.09,,,,,
노원구,11350,상계동,202607,아파트_전월세,벽산,상계동,173-1,46.8,,16000,0,8,25,1989,갱신,26.08~27.10,16000.0,,,,
노원구,11350,상계동,202607,아파트_전월세,상계주공5(저층),상계동,721,31.98,,500,45,5,27,1987,신규,26.08~27.08,,,,,
노원구,11350,중계동,202607,아파트_전월세,중계그린1단지,중계동,502-1,44.1,,4500,100,5,15,1990,갱신,26.08~28.08,19000.0,20.0,,,
노원구,11350,중계동,202607,아파트_전월세,건영3,중계동,360-15,84.9,,50000,145,13,23,1995,신규,26.09~28.09,,,,,
노원구,11350,상계동,202607,아파트_전월세,상계주공10(고층),상계동,666,66.56,,34650,0,4,25,1988,갱신,26.07~28.07,33000.0,,사용,,
노원구,11350,월계동,202607,아파트_전월세,주공2,월계동,556,44.52,,5000,75,6,2,1992,신규,26.07~28.07,,,,,
노원구,11350,상계동,202607,아파트_전월세,상계주공7(고층),상계동,691,59.39,,37000,0,2,24,1988,신규,26.10~28.10,,,,,
노원구,11350,상계동,202607,아파트_전월세,상계주공9(고층),상계동,670,58.01,,35000,0,12,24,1988,신규,26.10~28.10,,,,,
노원구,11350,상계동,202607,아파트_전월세,보람아파트,상계동,639,79.25,,40000,0,13,24,1988,신규,26.08~28.08,,,,,
노원구,11350,월계동,202607,아파트_전월세,미성,월계동,13,50.14,,1000,85,11,16,1986,갱신,26.08~28.08,1000.0,80.0,,,
노원구,11350,중계동,202607,아파트_전월세,중계그린1단지,중계동,502-1,49.5,,15000,65,1,10,1990,신규,26.09~28.09,,,,,
노원구,11350,중계동,202607,아파트_전월세,건영2,중계동,515-2,84.96,,50000,0,7,21,1991,갱신,26.07~28.07,40000.0,,,,
노원구,11350,중계동,202607,아파트_전월세,주공5,중계동,359-1,44.52,,3000,46,6,26,1992,갱신,26.07~28.07,3000.0,44.0,,,
노원구,11350,공릉동,202607,아파트_전월세,태강아파트(아이파크),공릉동,81,49.6,,30000,0,1,27,1999,갱신,26.11~28.11,29000.0,,사용,,
노원구,11350,중계동,202607,아파트_전월세,주공7,중계동,363-1,44.1,,15015,0,7,22,1993,신규,26.10~28.10,,,,,
노원구,11350,상계동,202607,아파트_전월세,상계주공1(고층),상계동,765,58.01,,26100,0,8,7,1988,갱신,26.08~28.08,26000.0,,사용,,
노원구,11350,상계동,202607,아파트_전월세,"상계주공15(고층,공무원임대)",상계동,624,49.94,,17103,0,8,23,1988,갱신,26.09~28.09,16349.0,,,,
노원구,11350,중계동,202607,아파트_전월세,롯데우성,중계동,361-1,101.88,,72000,0,1,25,1993,갱신,26.09~28.09,70000.0,,사용,,
노원구,11350,월계동,202607,아파트_전월세,미성,월계동,13,33.28,,11000,0,5,15,1986,갱신,26.09~28.09,11000.0,,사용,,
노원구,11350,상계동,202607,아파트_전월세,상계주공3(고층),상계동,730-2,58.01,,40000,0,12,25,1987,신규,26.09~28.09,,,,,
노원구,11350,공릉동,202607,아파트_전월세,삼익아파트,공릉동,690-2,59.89,,36750,0,15,24,1997,갱신,26.09~28.09,35000.0,,사용,,
노원구,11350,월계동,202607,아파트_전월세,삼호4,월계동,12,50.18,,21000,25,8,25,1987,갱신,26.07~27.07,21000.0,,,,
노원구,11350,하계동,202607,아파트_전월세,극동,하계동,271-3,84.91,,47000,0,8,25,1988,갱신,26.07~28.07,45000.0,,,,
노원구,11350,상계동,202607,아파트_전월세,상계주공4(고층),상계동,749-5,32.39,,17800,0,13,25,1988,갱신,26.08~28.08,17000.0,,사용,,
노원구,11350,상계동,202607,아파트_전월세,상계주공10(고층),상계동,666,68.86,,31500,0,8,25,1988,갱신,26.08~28.08,30000.0,,사용,,
노원구,11350,중계동,202607,아파트_전월세,중계무지개,중계동,512,39.96,,2000,100,6,18,1991,신규,26.09~28.09,,,,,
노원구,11350,공릉동,202607,아파트_전월세,공릉우성아파트,공릉동,738,59.26,,8000,120,3,25,1995,신규,26.10~28.10,,,,,
노원구,11350,중계동,202607,아파트_전월세,금호타운(583),중계동,583,59.52,,41000,0,4,27,1997,신규,26.10~28.10,,,,,
노원구,11350,상계동,202607,아파트_전월세,상계주공2(고층),상계동,740,37.46,,2000,80,6,6,1987,신규,26.08~28.08,,,,,
노원구,11350,중계동,202607,아파트_전월세,주공5,중계동,359-1,44.52,,1000,68,9,27,1992,갱신,26.07~27.07,1000.0,64.0,,,
노원구,11350,상계동,202607,아파트_전월세,상계주공1(고층),상계동,765,41.3,,26000,0,9,25,1988,신규,26.10~28.10,,,,,
노원구,11350,공릉동,202607,아파트_전월세,태릉해링턴플레이스,공릉동,758,59.98,,52500,0,10,25,2022,갱신,26.07~28.07,50000.0,,사용,,
노원구,11350,중계동,202607,아파트_전월세,중계그린1단지,중계동,502-1,59.46,,4000,130,12,17,1990,신규,26.07~28.07,,,,,
노원구,11350,중계동,202607,아파트_전월세,주공7,중계동,363-1,44.1,,28000,0,7,25,1993,신규,26.08~28.08,,,,,
노원구,11350,하계동,202607,아파트_전월세,장미(시영6),하계동,273,59.22,,5000,110,2,4,1989,갱신,26.07~28.07,5000.0,105.0,사용,,
노원구,11350,상계동,202607,아파트_전월세,상계주공5(저층),상계동,721,31.98,,1000,65,2,1,1987,신규,26.07~28.07,,,,,
노원구,11350,공릉동,202607,아파트_전월세,공릉우성아파트,공릉동,738,109.4,,56000,0,12,26,1995,갱신,26.08~28.07,54000.0,,사용,,
노원구,11350,공릉동,202607,아파트_전월세,삼익아파트,공릉동,690-2,59.89,,38000,0,4,23,1997,신규,26.10~28.10,,,,,
노원구,11350,하계동,202607,아파트_전월세,현대,하계동,270,84.95,,43000,60,2,25,1988,신규,26.09~28.09,,,,,
노원구,11350,공릉동,202607,아파트_전월세,태강아파트(아이파크),공릉동,81,49.6,,38000,0,6,26,1999,신규,26.11~28.11,,,,,
노원구,11350,상계동,202607,아파트_전월세,상계주공10(고층),상계동,666,45.9,,5000,100,7,25,1988,신규,26.09~28.09,,,,,
노원구,11350,상계동,202607,아파트_전월세,상계주공3(고층),상계동,730-2,84.2,,32400,50,7,25,1987,신규,26.09~28.09,,,,,
노원구,11350,공릉동,202607,아파트_전월세,태강아파트(아이파크),공릉동,81,59.34,,20000,110,11,25,1999,신규,26.11~28.11,,,,,
노원구,11350,상계동,202607,아파트_전월세,"상계주공15(고층,공무원임대)",상계동,624,49.94,,3078,36,1,25,1988,신규,26.08~28.08,,,,,
노원구,11350,상계동,202607,아파트_전월세,보람아파트,상계동,639,79.25,,45000,0,14,22,1988,신규,26.10~28.10,,,,,
노원구,11350,상계동,202607,아파트_전월세,상계주공6(고층),상계동,720,58.01,,30000,20,5,17,1988,갱신,26.11~28.11,28000.0,,,,
노원구,11350,상계동,202607,아파트_전월세,상계주공16(고층),상계동,624,58.01,,37000,0,5,25,1988,신규,26.09~28.09,,,,,
노원구,11350,상계동,202607,아파트_전월세,"상계주공15(고층,공무원임대)",상계동,624,41.3,,13890,0,7,26,1988,신규,26.08~28.08,,,,,
노원구,11350,상계동,202607,아파트_전월세,"상계주공15(고층,공무원임대)",상계동,624,41.3,,13890,0,7,27,1988,신규,26.08~28.08,,,,,
노원구,11350,중계동,202607,아파트_전월세,중계무지개,중계동,512,49.54,,28875,0,9,25,1991,갱신,26.09~28.09,27500.0,,사용,,
노원구,11350,월계동,202607,아파트_전월세,건양노블레스빌,월계동,938,84.659,,42000,0,19,24,2003,갱신,26.08~28.08,40000.0,,사용,,
노원구,11350,상계동,202607,아파트_전월세,상계주공4(고층),상계동,749-5,41.3,,1000,62,7,18,1988,갱신,26.08~28.07,1000.0,59.0,사용,,
노원구,11350,하계동,202607,아파트_전월세,하계2현대,하계동,288,84.896,,63000,0,6,24,1997,갱신,26.08~28.08,60000.0,,사용,,
노원구,11350,상계동,202607,아파트_전월세,상계주공7(고층),상계동,691,45.77,,15000,60,2,24,1988,신규,26.08~28.08,,,,,
노원구,11350,상계동,202607,아파트_전월세,상계주공9(고층),상계동,670,61.52,,4000,120,6,24,1988,갱신,26.08~28.08,4000.0,92.0,,,
노원구,11350,공릉동,202607,아파트_전월세,공릉동한보에센시티아파트,공릉동,743,84.93,,43000,0,12,24,2000,갱신,26.07~28.07,41000.0,,사용,,
노원구,11350,상계동,202607,아파트_전월세,상계주공2(고층),상계동,740,58.01,,30000,0,7,24,1987,갱신,26.08~28.08,28000.0,,,,
노원구,11350,상계동,202607,아파트_전월세,상계주공6(고층),상계동,720,58.01,,2500,90,7,24,1988,갱신,26.12~28.12,3000.0,35.0,,,
노원구,11350,공릉동,202607,아파트_전월세,태강아파트(아이파크),공릉동,81,49.6,,27000,0,11,24,1999,갱신,26.07~28.07,21000.0,,,,
노원구,11350,공릉동,202607,아파트_전월세,공릉동한보에센시티아파트,공릉동,743,59.4,,34600,0,6,11,2000,갱신,26.08~28.08,33000.0,,사용,,
노원구,11350,상계동,202607,아파트_전월세,상계주공9(고층),상계동,670,58.01,,40000,0,12,23,1988,신규,26.10~28.10,,,,,
노원구,11350,상계동,202607,아파트_전월세,상계주공9(고층),상계동,670,49.94,,24150,0,12,12,1988,갱신,26.09~28.09,23000.0,,사용,,
노원구,11350,상계동,202607,아파트_전월세,상계주공4(고층),상계동,749-5,41.3,,1000,36,3,24,1988,갱신,26.07~28.03,1000.0,34.0,사용,,
노원구,11350,상계동,202607,아파트_전월세,"상계주공15(고층,공무원임대)",상계동,624,49.94,,13476,7,15,24,1988,갱신,26.12~28.09,12835.0,7.0,,,
노원구,11350,중계동,202607,아파트_전월세,성원1,중계동,580,84.78,,53465,0,22,10,1996,갱신,26.07~28.07,50925.0,,사용,,
노원구,11350,하계동,202607,아파트_전월세,우성,하계동,270,84.91,,55000,40,13,16,1988,신규,26.12~28.12,,,,,
노원구,11350,상계동,202607,아파트_전월세,은빛1단지,상계동,1255,49.77,,27800,0,8,24,1998,갱신,26.07~28.07,26500.0,,사용,,
노원구,11350,중계동,202607,아파트_전월세,경남,중계동,505,50.97,,22000,20,12,15,1989,갱신,26.08~26.11,22000.0,20.0,,,
노원구,11350,상계동,202607,아파트_전월세,상계주공2(고층),상계동,740,58.01,,28350,0,9,7,1987,갱신,26.07~28.07,27000.0,,사용,,
노원구,11350,하계동,202607,아파트_전월세,장미(시영6),하계동,273,59.22,,36000,0,13,9,1989,신규,26.09~28.09,,,,,
노원구,11350,월계동,202607,아파트_전월세,한진한화그랑빌,월계동,18,84.97,,30000,150,21,24,2002,신규,26.08~28.08,,,,,
노원구,11350,상계동,202607,아파트_전월세,상계주공9(고층),상계동,670,49.94,,23100,0,7,24,1988,갱신,26.10~28.10,22000.0,,사용,,
노원구,11350,상계동,202607,아파트_전월세,상계주공6(고층),상계동,720,58.01,,26250,0,8,24,1988,갱신,26.08~28.08,25000.0,,사용,,
노원구,11350,중계동,202607,아파트_전월세,중계그린1단지,중계동,502-1,39.78,,25000,0,1,22,1990,신규,26.09~28.09,,,,,
노원구,11350,상계동,202607,아파트_전월세,은빛1단지,상계동,1255,39.69,,25000,0,12,8,1998,신규,26.10~28.10,,,,,
노원구,11350,중계동,202607,아파트_전월세,건영3,중계동,360-15,84.9,,63000,13,12,24,1995,갱신,26.08~28.08,63000.0,,사용,,
노원구,11350,공릉동,202607,아파트_전월세,태릉입구역청년주택YNTOWER,공릉동,617-3,16.3,,4410,36,9,24,2021,신규,26.09~28.09,,,,,
노원구,11350,상계동,202607,아파트_전월세,벽산,상계동,173-1,46.8,,16000,40,5,21,1989,신규,26.09~28.09,,,,,
노원구,11350,상계동,202607,아파트_전월세,상계주공1(저층),상계동,765,84.41,,36700,0,3,24,1988,갱신,26.08~28.08,35000.0,,사용,,
노원구,11350,상계동,202607,아파트_전월세,수락리버시티3단지,상계동,1312,39.81,,3142,25,7,24,2009,갱신,26.08~28.07,2857.0,22.0,,,
노원구,11350,중계동,202607,아파트_전월세,건영3,중계동,360-15,84.9,,20000,150,13,14,1995,신규,26.07~28.07,,,,,
노원구,11350,상계동,202607,아파트_전월세,보람아파트,상계동,639,68.99,,10000,140,5,11,1988,신규,26.09~28.09,,,,,
노원구,11350,중계동,202607,아파트_전월세,금호타운(583),중계동,583,59.52,,31590,0,2,24,1997,갱신,26.09~28.09,30090.0,,사용,,
노원구,11350,중계동,202607,아파트_전월세,중계그린1단지,중계동,502-1,59.87,,42000,0,13,24,1990,신규,26.09~28.09,,,,,
노원구,11350,월계동,202607,아파트_전월세,주공2,월계동,556,38.64,,23000,0,5,10,1992,신규,26.11~28.11,,,,,
노원구,11350,상계동,202607,아파트_전월세,"상계주공15(고층,공무원임대)",상계동,624,49.94,,3369,31,3,23,1988,갱신,26.09~28.09,16044.0,,,,
노원구,11350,중계동,202607,아파트_전월세,청구3,중계동,360-2,84.77,,86000,0,3,23,1996,갱신,26.07~28.07,80000.0,,,,
노원구,11350,중계동,202607,아파트_전월세,롯데(505),중계동,505,54.48,,25200,40,9,23,1989,갱신,26.10~28.01,25200.0,,사용,,
노원구,11350,중계동,202607,아파트_전월세,주공2,중계동,369,44.52,,22000,0,9,23,1992,신규,26.10~28.10,,,,,
노원구,11350,상계동,202607,아파트_전월세,상계주공2(고층),상계동,740,32.39,,1000,65,12,6,1987,갱신,26.07~28.07,1000.0,63.0,사용,,
노원구,11350,상계동,202607,아파트_전월세,상계주공7(고층),상계동,691,49.94,,30000,0,12,11,1988,신규,26.09~28.09,,,,,
노원구,11350,중계동,202607,아파트_전월세,주공2,중계동,369,44.52,,2000,100,10,18,1992,신규,26.09~28.09,,,,,
노원구,11350,상계동,202607,아파트_전월세,보람아파트,상계동,639,54.59,,26250,0,15,17,1988,갱신,26.08~28.08,25000.0,,사용,,
노원구,11350,공릉동,202607,아파트_전월세,시영3차(라이프)아파트,공릉동,715,39.6,,2000,80,9,6,1994,신규,26.09~28.09,,,,,
노원구,11350,공릉동,202607,아파트_전월세,서일이츠뷰,공릉동,371-11,84.983,,43000,0,7,16,2005,신규,26.10~28.10,,,,,
노원구,11350,상계동,202607,아파트_전월세,상계주공1(고층),상계동,765,59.2,,2000,85,4,22,1988,갱신,26.07~28.07,2000.0,85.0,사용,,
노원구,11350,공릉동,202607,아파트_전월세,태릉입구역청년주택YNTOWER,공릉동,617-3,35.66,,18165,42,11,23,2021,신규,26.08~28.01,,,,,
노원구,11350,공릉동,202607,아파트_전월세,삼익포레스트아파트,공릉동,737,51.03,,34000,0,2,17,1995,신규,26.10~28.10,,,,,
노원구,11350,하계동,202607,아파트_전월세,장미(시영6),하계동,273,49.5,,30450,0,11,23,1989,갱신,26.08~28.08,29000.0,,사용,,
노원구,11350,중계동,202607,아파트_전월세,중계그린1단지,중계동,502-1,49.5,,3000,150,3,2,1990,신규,26.08~28.08,,,,,
노원구,11350,상계동,202607,아파트_전월세,상계주공10(고층),상계동,666,45.77,,5000,70,3,23,1988,갱신,26.08~28.08,5000.0,55.0,,,
노원구,11350,상계동,202607,아파트_전월세,상계주공3(고층),상계동,730-2,59.28,,22000,60,3,10,1987,갱신,26.08~28.08,22000.0,18.0,,,
노원구,11350,상계동,202607,아파트_전월세,상계불암대림,상계동,1289,59.22,,5000,80,13,11,2000,신규,26.07~28.07,,,,,
노원구,11350,중계동,202607,아파트_전월세,주공5,중계동,359-1,58.46,,5000,155,4,11,1992,신규,26.08~28.08,,,,,
노원구,11350,중계동,202607,아파트_전월세,성원1,중계동,580,84.42,,63000,0,8,10,1996,갱신,26.10~28.10,60000.0,,사용,,
노원구,11350,상계동,202607,아파트_전월세,상계주공11(고층),상계동,652,79.07,,12000,155,1,20,1988,갱신,26.08~28.08,12000.0,110.0,,,
노원구,11350,상계동,202607,아파트_전월세,상계주공2(저층),상계동,740,59.18,,21000,40,4,18,1987,갱신,26.08~28.08,21000.0,,,,
노원구,11350,상계동,202607,아파트_전월세,수락리버시티4단지,상계동,1313,84.81,,10000,140,7,23,2009,신규,26.09~28.09,,,,,
노원구,11350,중계동,202607,아파트_전월세,삼성,중계동,593,59.9,,28000,30,15,23,1999,갱신,26.08~28.08,25000.0,,,,
노원구,11350,상계동,202607,아파트_전월세,상계주공14(고층),상계동,626,45.55,,7000,65,12,23,1989,신규,26.07~28.07,,,,,
노원구,11350,상계동,202607,아파트_전월세,상계주공2(저층),상계동,740,59.18,,21000,40,4,18,1987,갱신,26.08~28.08,21000.0,,,,
노원구,11350,하계동,202607,아파트_전월세,한신1,하계동,284,27,,18300,0,3,21,1988,갱신,26.09~28.09,18000.0,,사용,,
노원구,11350,상계동,202607,아파트_전월세,상계주공13(고층),상계동,637,49.94,,30500,0,12,17,1989,신규,26.10~28.10,,,,,
노원구,11350,공릉동,202607,아파트_전월세,삼익2차아파트,공릉동,754,54.74,,35000,0,11,23,2004,갱신,26.07~28.07,30000.0,,,,
노원구,11350,월계동,202607,아파트_전월세,현대,월계동,929,84.98,,10000,100,3,23,2000,갱신,26.07~28.07,10000.0,100.0,사용,,
노원구,11350,하계동,202607,아파트_전월세,학여울청구,하계동,354,113.51,,55000,0,10,23,1999,갱신,26.07~28.07,50000.0,,,,
노원구,11350,하계동,202607,아파트_전월세,장미(시영6),하계동,273,39.78,,2000,85,8,23,1989,신규,26.08~28.08,,,,,
노원구,11350,월계동,202607,아파트_전월세,주공2,월계동,556,84.815,,18000,55,15,18,1992,갱신,26.08~28.08,18000.0,40.0,사용,,
노원구,11350,상계동,202607,아파트_전월세,"상계주공15(고층,공무원임대)",상계동,624,41.3,,4089,22,14,15,1988,갱신,26.11~28.11,3894.0,21.0,,,
노원구,11350,상계동,202607,아파트_전월세,상계주공7(고층),상계동,691,45.9,,21000,0,6,22,1988,갱신,26.08~28.08,20000.0,,사용,,
노원구,11350,월계동,202607,아파트_전월세,한진한화그랑빌,월계동,18,59.94,,5000,147,16,21,2002,갱신,26.08~28.08,5000.0,140.0,사용,,
노원구,11350,중계동,202607,아파트_전월세,현대(6차),중계동,34-5,84.98,,52500,0,16,18,2018,갱신,26.08~28.08,50000.0,,사용,,
노원구,11350,공릉동,202607,아파트_전월세,태강아파트(아이파크),공릉동,81,59.38,,40000,0,7,11,1999,갱신,26.08~28.08,15000.0,41.0,,,
노원구,11350,월계동,202607,아파트_전월세,미성,월계동,13,50.14,,31000,0,2,22,1986,신규,26.09~28.09,,,,,
노원구,11350,상계동,202607,아파트_전월세,상계주공1(고층),상계동,765,58.01,,26000,0,8,7,1988,갱신,26.08~28.08,26000.0,,사용,,
노원구,11350,하계동,202607,아파트_전월세,청구,하계동,284,70.69,,21000,107,5,22,1988,갱신,26.08~28.08,21000.0,77.0,,,
노원구,11350,월계동,202607,아파트_전월세,월계센트럴아이파크,월계동,951,59.99,,6280,62,18,13,2020,신규,26.07~28.09,,,,,
노원구,11350,상계동,202607,아파트_전월세,"상계주공15(고층,공무원임대)",상계동,624,49.94,,17103,0,5,13,1988,갱신,26.09~28.09,3269.0,44.0,,,
노원구,11350,중계동,202607,아파트_전월세,중계무지개,중계동,512,39.96,,23500,0,3,21,1991,갱신,26.08~28.08,22500.0,,사용,,
노원구,11350,상계동,202607,아파트_전월세,중계센트럴파크,상계동,1322,49.73,,31122,0,3,22,2016,신규,26.08~28.10,,,,,
노원구,11350,상계동,202607,아파트_전월세,"상계주공15(고층,공무원임대)",상계동,624,41.3,,9723,12,11,22,1988,신규,26.08~28.08,,,,,
노원구,11350,중계동,202607,아파트_전월세,건영2,중계동,515-2,75.02,,42000,0,15,22,1991,갱신,26.10~28.10,42000.0,,,,
노원구,11350,공릉동,202607,아파트_전월세,서일이츠뷰,공릉동,371-11,84.998,,40000,0,3,22,2005,갱신,26.09~28.09,40000.0,,사용,,
노원구,11350,중계동,202607,아파트_전월세,중계무지개,중계동,512,39.96,,24500,0,7,22,1991,갱신,26.09~28.09,23500.0,,사용,,
노원구,11350,상계동,202607,아파트_전월세,소담빌,상계동,330-29,14.65,,500,60,6,8,2014,신규,26.07~30.07,,,,,
노원구,11350,중계동,202607,아파트_전월세,경남,중계동,505,84.97,,47200,0,12,17,1989,갱신,26.07~28.07,45000.0,,사용,,
노원구,11350,월계동,202607,아파트_전월세,한진한화그랑빌,월계동,18,84.97,,60000,0,14,22,2002,갱신,26.10~28.10,53000.0,,,,
노원구,11350,공릉동,202607,아파트_전월세,삼익포레스트아파트,공릉동,737,51.03,,28350,0,1,22,1995,갱신,26.08~28.08,27000.0,,사용,,
노원구,11350,상계동,202607,아파트_전월세,상계주공5(저층),상계동,721,31.98,,500,45,5,22,1987,신규,26.07~27.07,,,,,
노원구,11350,하계동,202607,아파트_전월세,청구,하계동,284,70.69,,50000,0,12,22,1988,신규,26.07~28.07,,,,,
노원구,11350,상계동,202607,아파트_전월세,불암현대,상계동,1293,59.4,,26000,0,1,22,1999,갱신,26.07~28.07,25000.0,,사용,,
노원구,11350,공릉동,202607,아파트_전월세,삼익4단지아파트,공릉동,714,59.04,,34650,0,13,22,1994,갱신,26.07~28.07,33000.0,,사용,,
노원구,11350,월계동,202607,아파트_전월세,삼호3,월계동,13,59.22,,25000,0,7,8,1986,갱신,26.07~28.07,19845.0,,,,
노원구,11350,월계동,202607,아파트_전월세,한진한화그랑빌,월계동,18,84.97,,40000,0,14,2,2002,신규,26.08~28.08,,,,,
노원구,11350,상계동,202607,아파트_전월세,상계주공1(고층),상계동,765,58.01,,3000,120,5,11,1988,신규,26.09~28.09,,,,,
노원구,11350,상계동,202607,아파트_전월세,중계센트럴파크,상계동,1322,49.6,,31122,0,6,22,2016,신규,26.08~28.10,,,,,
노원구,11350,중계동,202607,아파트_전월세,주공2,중계동,369,44.52,,20000,0,9,18,1992,갱신,26.08~28.08,20000.0,,사용,,
노원구,11350,월계동,202607,아파트_전월세,월계센트럴아이파크,월계동,951,59.99,,14654,23,15,22,2020,갱신,26.08~28.07,10319.0,40.0,,,
노원구,11350,하계동,202607,아파트_전월세,현대,하계동,270,84.95,,62000,0,5,22,1988,갱신,26.08~28.08,59000.0,,,,
노원구,11350,중계동,202607,아파트_전월세,주공8,중계동,362-1,49.72,,4000,100,14,1,1993,갱신,26.07~28.07,4000.0,95.0,사용,,
노원구,11350,중계동,202607,아파트_전월세,주공7,중계동,363-1,44.1,,15040,0,7,22,1993,신규,26.10~28.10,,,,,
노원구,11350,상계동,202607,아파트_전월세,상계주공4(고층),상계동,749-5,41.3,,3000,85,12,3,1988,신규,26.07~28.07,,,,,
노원구,11350,월계동,202607,아파트_전월세,월계센트럴아이파크,월계동,951,59.99,,13474,29,15,22,2020,갱신,26.08~28.07,10319.0,40.0,,,
노원구,11350,중계동,202607,아파트_전월세,주공10,중계동,360-16,58.14,,5000,102,9,21,1995,신규,26.09~28.09,,,,,
노원구,11350,하계동,202607,아파트_전월세,한신1,하계동,284,27,,1000,75,2,3,1988,신규,26.08~28.08,,,,,
노원구,11350,공릉동,202607,아파트_전월세,태릉해링턴플레이스,공릉동,758,49.98,,12944,20,2,22,2022,갱신,26.08~28.07,8880.0,36.0,,,
노원구,11350,상계동,202607,아파트_전월세,대림,상계동,695,93.13,,55000,0,6,14,1988,신규,26.09~28.09,,,,,
노원구,11350,공릉동,202607,아파트_전월세,공릉행복주택,공릉동,428-7,16.77,,3600,14,7,22,2019,신규,26.08~28.10,,,,,
노원구,11350,공릉동,202607,아파트_전월세,공릉아파트,공릉동,110,39.84,,4818,19,14,22,1999,갱신,26.08~28.07,4818.0,19.0,,,
노원구,11350,월계동,202607,아파트_전월세,현대,월계동,929,59.95,,42000,0,2,11,2000,신규,26.09~28.09,,,,,
노원구,11350,월계동,202607,아파트_전월세,삼호3,월계동,13,59.22,,3000,130,1,21,1986,신규,26.08~28.08,,,,,
노원구,11350,하계동,202607,아파트_전월세,한신1,하계동,284,27,,2000,80,7,21,1988,신규,26.08~28.08,,,,,
노원구,11350,월계동,202607,아파트_전월세,월계센트럴아이파크,월계동,951,59.99,,14654,23,8,22,2020,갱신,26.08~28.07,10319.0,40.0,,,
노원구,11350,월계동,202607,아파트_전월세,청백3,월계동,780,49.77,,25000,0,9,21,1998,갱신,26.07~28.07,23000.0,,,,
노원구,11350,중계동,202607,아파트_전월세,주공10,중계동,360-16,58.14,,40900,0,9,11,1995,갱신,26.07~28.07,39000.0,,사용,,
노원구,11350,중계동,202607,아파트_전월세,양지마을(대림)1,중계동,587,84.9,,75000,0,12,20,1998,신규,26.10~28.10,,,,,
노원구,11350,월계동,202607,아파트_전월세,풍림아이원,월계동,944,59.149,,53000,0,24,17,2005,신규,26.10~28.10,,,,,
노원구,11350,상계동,202607,아파트_전월세,벽산,상계동,173-1,43.35,,20000,0,4,21,1989,갱신,26.08~28.08,19500.0,,사용,,
노원구,11350,공릉동,202607,아파트_전월세,공릉행복주택,공릉동,428-7,16.77,,3400,14,12,21,2019,신규,26.08~28.10,,,,,
노원구,11350,중계동,202607,아파트_전월세,주공5,중계동,359-1,84.79,,25000,200,10,15,1992,갱신,26.10~28.10,39900.0,63.0,,,
노원구,11350,상계동,202607,아파트_전월세,상계주공4(고층),상계동,749-5,59.2,,20000,60,10,17,1988,갱신,26.07~28.07,20000.0,,,,
노원구,11350,상계동,202607,아파트_전월세,상계주공6(고층),상계동,720,58.01,,5000,100,6,10,1988,갱신,26.10~29.09,5000.0,70.0,,,
노원구,11350,상계동,202607,아파트_전월세,상계주공9(고층),상계동,670,58.01,,35000,0,4,21,1988,신규,26.09~28.09,,,,,
노원구,11350,상계동,202607,아파트_전월세,"상계주공15(고층,공무원임대)",상계동,624,41.3,,13890,0,3,16,1988,갱신,26.10~28.08,13229.0,,,,
노원구,11350,상계동,202607,아파트_전월세,상계주공7(고층),상계동,691,58.01,,3000,150,14,21,1988,신규,26.08~28.07,,,,,
노원구,11350,상계동,202607,아파트_전월세,상계주공9(고층),상계동,670,49.94,,33000,0,8,21,1988,신규,26.09~28.09,,,,,
노원구,11350,상계동,202607,아파트_전월세,한신1차,상계동,135,45.44,,17000,24,10,16,1987,갱신,26.09~28.09,17000.0,20.0,사용,,
노원구,11350,중계동,202607,아파트_전월세,상아,중계동,505,84.97,,50500,0,10,18,1989,갱신,26.08~28.08,48000.0,,,,
노원구,11350,월계동,202607,아파트_전월세,꿈의숲SKVIEW,월계동,949,84.96,,50000,0,3,11,2016,갱신,26.07~28.07,48000.0,,사용,,
노원구,11350,월계동,202607,아파트_전월세,삼호4,월계동,12,50.18,,22000,0,6,18,1987,갱신,26.09~28.09,16800.0,,,,
노원구,11350,상계동,202607,아파트_전월세,노원롯데캐슬시그니처,상계동,1410,59.996,,62000,0,26,17,2023,신규,26.10~28.10,,,,,
노원구,11350,월계동,202607,아파트_전월세,주공2,월계동,556,38.64,,17850,0,1,20,1992,갱신,26.07~28.07,17000.0,,,,
노원구,11350,상계동,202607,아파트_전월세,노원센트럴푸르지오,상계동,1355,84.999,,70000,0,16,10,2021,갱신,26.07~28.07,67000.0,,사용,,
노원구,11350,상계동,202607,아파트_전월세,노원롯데캐슬시그니처,상계동,1410,39.038,,4271,7,13,21,2023,갱신,26.08~28.07,2509.0,16.0,,,
노원구,11350,상계동,202607,아파트_전월세,상계주공16(고층),상계동,624,58.01,,30000,0,1,14,1988,신규,26.10~28.04,,,,,
노원구,11350,중계동,202607,아파트_전월세,중계무지개,중계동,512,39.96,,1000,100,7,17,1991,신규,26.09~28.09,,,,,
노원구,11350,상계동,202607,아파트_전월세,상계주공3(고층),상계동,730-2,60.5,,35000,0,2,21,1987,신규,26.08~28.08,,,,,
노원구,11350,월계동,202607,아파트_전월세,월계1단지(임대),월계동,556,26.37,,290,6,4,15,1992,신규,26.07~27.12,,,,,
노원구,11350,상계동,202607,아파트_전월세,벽산,상계동,173-1,59.9,,30000,0,2,17,1989,신규,26.11~28.11,,,,,
노원구,11350,중계동,202607,아파트_전월세,주공8,중계동,362-1,49.72,,35000,0,2,13,1993,신규,26.09~28.09,,,,,
노원구,11350,중계동,202607,아파트_전월세,주공2,중계동,369,44.52,,12000,0,10,21,1992,갱신,26.07~28.07,12000.0,,사용,,
노원구,11350,월계동,202607,아파트_전월세,사슴2,월계동,320-9,49.5,,1209,16,4,21,1995,신규,26.08~28.10,,,,,
노원구,11350,상계동,202607,아파트_전월세,포레나노원,상계동,680,59.9428,,57500,0,16,10,2020,갱신,26.08~28.08,55000.0,,사용,,
노원구,11350,상계동,202607,아파트_전월세,한신4차,상계동,995,84.84,,37800,0,15,17,1995,갱신,26.08~28.08,36000.0,,사용,,
노원구,11350,중계동,202607,아파트_전월세,금호타운(583),중계동,583,84.98,,47250,0,10,21,1997,갱신,26.08~28.08,45000.0,,사용,,
노원구,11350,상계동,202607,아파트_전월세,상계주공7(고층),상계동,691,49.94,,30000,0,2,21,1988,갱신,26.09~28.09,30000.0,,사용,,
노원구,11350,중계동,202607,아파트_전월세,현대(6차),중계동,34-5,84.98,,47250,0,8,21,2018,갱신,26.07~28.07,45000.0,,사용,,
노원구,11350,상계동,202607,아파트_전월세,상계주공9(고층),상계동,670,41.3,,2000,100,11,18,1988,신규,26.09~28.09,,,,,
노원구,11350,상계동,202607,아파트_전월세,상계주공1(고층),상계동,765,59.28,,1000,90,5,16,1988,갱신,26.10~27.07,1000.0,85.0,사용,,
노원구,11350,상계동,202607,아파트_전월세,상계주공10(고층),상계동,666,49.94,,3000,115,11,11,1988,갱신,26.09~28.09,2000.0,83.0,,,
노원구,11350,하계동,202607,아파트_전월세,하계2현대,하계동,288,75.35,,49000,0,9,15,1997,갱신,26.09~28.09,47000.0,,사용,,
노원구,11350,월계동,202607,아파트_전월세,롯데캐슬루나,월계동,947,127.0318,,25000,250,9,20,2006,신규,26.08~28.08,,,,,
노원구,11350,중계동,202607,아파트_전월세,주공6,중계동,364-12,44.1,,1000,90,14,18,1993,갱신,26.12~28.12,1000.0,80.0,,,
노원구,11350,상계동,202607,아파트_전월세,노원롯데캐슬시그니처,상계동,1410,84.999,,30000,150,23,11,2023,신규,26.09~28.09,,,,,
노원구,11350,중계동,202607,아파트_전월세,현대1(4차),중계동,577,71.16,,30000,0,2,20,1993,신규,26.08~28.08,,,,,
노원구,11350,월계동,202607,아파트_전월세,풍림아이원,월계동,944,84.303,,63000,0,11,11,2005,신규,26.12~28.12,,,,,
노원구,11350,상계동,202607,아파트_전월세,상계주공13(고층),상계동,637,41.3,,800,87,15,4,1989,갱신,26.09~28.09,800.0,60.0,,,
노원구,11350,월계동,202607,아파트_전월세,미성,월계동,13,50.14,,10000,50,1,21,1986,갱신,26.08~28.08,17000.0,,사용,,
노원구,11350,상계동,202607,아파트_전월세,"상계주공15(고층,공무원임대)",상계동,624,41.3,,13890,0,6,21,1988,신규,26.08~28.08,,,,,
노원구,11350,월계동,202607,아파트_전월세,한진한화그랑빌,월계동,18,59.94,,55000,0,23,20,2002,신규,26.10~28.10,,,,,
노원구,11350,상계동,202607,아파트_전월세,미도,상계동,766-1,87.57,,47000,0,3,20,1988,갱신,26.08~28.08,45000.0,,사용,,
노원구,11350,하계동,202607,아파트_전월세,청솔(시영7),하계동,274,59.22,,40000,0,3,20,1989,신규,26.09~28.09,,,,,
노원구,11350,상계동,202607,아파트_전월세,상계주공6(고층),상계동,720,58.01,,39000,0,9,15,1988,신규,26.10~28.10,,,,,
노원구,11350,중계동,202607,아파트_전월세,주공2,중계동,369,44.52,,2000,95,15,20,1992,신규,26.10~28.09,,,,,
노원구,11350,상계동,202607,아파트_전월세,보람아파트,상계동,639,79.25,,40000,0,3,19,1988,갱신,26.08~28.08,40000.0,,사용,,
노원구,11350,상계동,202607,아파트_전월세,상계주공16(고층),상계동,624,45.77,,23000,0,1,20,1988,신규,26.08~28.08,,,,,
노원구,11350,공릉동,202607,아파트_전월세,공릉아파트,공릉동,110,33.18,,1180,17,14,21,1999,신규,26.08~28.10,,,,,
노원구,11350,상계동,202607,아파트_전월세,"상계주공15(고층,공무원임대)",상계동,624,41.3,,8178,12,13,15,1988,갱신,26.09~28.09,7789.0,12.0,,,
노원구,11350,상계동,202607,아파트_전월세,"상계주공15(고층,공무원임대)",상계동,624,49.94,,3369,28,10,16,1988,갱신,26.11~28.11,12835.0,7.0,,,
노원구,11350,상계동,202607,아파트_전월세,노원롯데캐슬시그니처,상계동,1410,43.593,,4756,7,28,20,2023,갱신,26.08~28.07,2794.0,18.0,,,
노원구,11350,공릉동,202607,아파트_전월세,태릉입구역청년주택YNTOWER,공릉동,617-3,30.33,,16865,39,7,20,2021,신규,26.10~28.10,,,,,
노원구,11350,중계동,202607,아파트_전월세,중계무지개,중계동,512,39.96,,18000,15,1,16,1991,갱신,26.08~28.08,12500.0,,,,
노원구,11350,월계동,202607,아파트_전월세,사슴2,월계동,320-9,24.12,,587,8,13,20,1995,신규,26.08~28.10,,,,,
노원구,11350,상계동,202607,아파트_전월세,은빛3단지,상계동,1264,33.87,,1114,13,15,20,1998,신규,26.08~28.10,,,,,
노원구,11350,중계동,202607,아파트_전월세,중계그린1단지,중계동,502-1,44.1,,31000,0,11,4,1990,갱신,26.07~28.07,27000.0,,,,
노원구,11350,월계동,202607,아파트_전월세,성원(사슴4),월계동,322-1,59.94,,36000,0,2,9,1995,신규,26.10~28.10,,,,,
노원구,11350,상계동,202607,아파트_전월세,노원센트럴푸르지오,상계동,1355,84.994,,55566,0,20,15,2021,신규,26.09~29.02,,,,,
노원구,11350,중계동,202607,아파트_전월세,현대1(4차),중계동,577,71.16,,30000,0,2,20,1993,신규,26.08~28.08,,,,,
노원구,11350,상계동,202607,아파트_전월세,불암현대아파트(106동),상계동,1294,27,,342,14,20,20,1999,갱신,26.08~28.07,856.0,13.0,,,
노원구,11350,월계동,202607,아파트_전월세,사슴2,월계동,320-9,24.12,,587,8,5,20,1995,신규,26.08~28.10,,,,,
노원구,11350,하계동,202607,아파트_전월세,장미(시영6),하계동,273,49.5,,22000,0,4,20,1989,갱신,26.07~28.07,21000.0,,사용,,
노원구,11350,공릉동,202607,아파트_전월세,공릉행복주택,공릉동,428-7,29.38,,6574,26,10,20,2019,신규,26.08~28.10,,,,,
노원구,11350,상계동,202607,아파트_전월세,노원롯데캐슬시그니처,상계동,1410,43.593,,3673,11,2,20,2023,갱신,26.08~28.07,2794.0,18.0,,,
노원구,11350,상계동,202607,아파트_전월세,상계주공4(고층),상계동,749-5,41.3,,23000,0,2,17,1988,갱신,26.09~28.09,18000.0,,,,
노원구,11350,중계동,202607,아파트_전월세,주공2,중계동,369,44.52,,5000,47,13,11,1992,갱신,26.08~28.08,9000.0,25.0,,,
노원구,11350,중계동,202607,아파트_전월세,주공4,중계동,358-2,59.39,,20000,90,11,11,1991,신규,26.09~28.09,,,,,
노원구,11350,중계동,202607,아파트_전월세,주공5,중계동,359-1,38.64,,500,60,10,20,1992,갱신,26.08~28.08,500.0,50.0,,,
노원구,11350,월계동,202607,아파트_전월세,사슴3,월계동,320-11,39.6,,1000,70,3,4,1995,신규,26.08~28.08,,,,,
노원구,11350,상계동,202607,아파트_전월세,"상계주공15(고층,공무원임대)",상계동,624,49.94,,11972,15,2,20,1988,신규,26.08~28.08,,,,,
노원구,11350,상계동,202607,아파트_전월세,보람아파트,상계동,639,44.33,,28000,0,4,17,1988,신규,26.10~28.10,,,,,
노원구,11350,하계동,202607,아파트_전월세,학여울청구,하계동,354,84.77,,47250,0,3,18,1999,갱신,26.09~28.09,45000.0,,사용,,
노원구,11350,상계동,202607,아파트_전월세,벽산,상계동,173-1,43.35,,12000,42,6,18,1989,갱신,26.08~28.08,12000.0,25.0,,,
노원구,11350,상계동,202607,아파트_전월세,상계주공9(고층),상계동,670,58.01,,35000,0,3,16,1988,갱신,26.08~28.08,25000.0,,,,
노원구,11350,상계동,202607,아파트_전월세,노원롯데캐슬시그니처,상계동,1410,43.593,,1117,22,6,20,2023,갱신,26.08~28.07,2794.0,18.0,,,
노원구,11350,상계동,202607,아파트_전월세,상계주공12(고층),상계동,647,41.3,,18300,0,1,17,1988,갱신,26.09~28.09,17500.0,,사용,,
노원구,11350,공릉동,202607,아파트_전월세,비선아파트,공릉동,109,48.93,,29925,0,6,20,1999,갱신,26.08~28.08,28500.0,,사용,,
노원구,11350,상계동,202607,아파트_전월세,"상계주공15(고층,공무원임대)",상계동,624,49.94,,3078,36,1,20,1988,신규,26.08~28.08,,,,,
노원구,11350,상계동,202607,아파트_전월세,노원롯데캐슬시그니처,상계동,1410,39.038,,3751,7,27,20,2023,갱신,26.08~28.07,2509.0,16.0,,,
노원구,11350,상계동,202607,아파트_전월세,불암현대아파트(106동),상계동,1294,27,,342,14,7,20,1999,갱신,26.08~28.07,856.0,13.0,,,
노원구,11350,상계동,202607,아파트_전월세,노원롯데캐슬시그니처,상계동,1410,43.593,,1117,22,16,20,2023,갱신,26.08~28.07,2794.0,18.0,,,
노원구,11350,월계동,202607,아파트_전월세,미성,월계동,13,33.28,,12600,30,3,13,1986,갱신,26.07~28.07,12600.0,15.0,,,
노원구,11350,상계동,202607,아파트_전월세,노원롯데캐슬시그니처,상계동,1410,39.038,,1003,20,11,20,2023,갱신,26.08~28.07,2509.0,16.0,,,
노원구,11350,상계동,202607,아파트_전월세,불암현대,상계동,1293,114.37,,47250,0,17,17,1999,갱신,26.07~28.07,45000.0,,사용,,
노원구,11350,월계동,202607,아파트_전월세,미륭,월계동,13,51.48,,3000,60,3,17,1986,갱신,26.08~28.08,3000.0,56.0,사용,,
노원구,11350,중계동,202607,아파트_전월세,주공5,중계동,359-1,38.64,,1000,70,11,11,1992,신규,26.08~28.08,,,,,
노원구,11350,상계동,202607,아파트_전월세,상계주공2(고층),상계동,740,32.39,,1000,70,10,20,1987,신규,26.09~28.09,,,,,
노원구,11350,상계동,202607,아파트_전월세,동아불암(1286-0),상계동,1286,27,,361,14,21,20,1999,갱신,26.08~28.07,904.0,13.0,,,
노원구,11350,상계동,202607,아파트_전월세,노원롯데캐슬시그니처,상계동,1410,39.038,,1003,20,12,20,2023,갱신,26.08~28.07,2509.0,16.0,,,
노원구,11350,상계동,202607,아파트_전월세,보람아파트,상계동,639,68.99,,28930,0,5,17,1988,갱신,26.07~28.07,27560.0,,,,
노원구,11350,월계동,202607,아파트_전월세,성원(사슴4),월계동,322-1,49.92,,32000,0,15,17,1995,신규,26.10~28.10,,,,,
노원구,11350,상계동,202607,아파트_전월세,노원롯데캐슬시그니처,상계동,1410,43.593,,3736,13,4,20,2023,갱신,26.08~28.07,2794.0,18.0,,,
노원구,11350,공릉동,202607,아파트_전월세,태릉해링턴플레이스,공릉동,758,74.95,,63000,0,21,18,2022,갱신,26.08~28.08,60000.0,,사용,,
노원구,11350,하계동,202607,아파트_전월세,극동,하계동,271-3,70.56,,15000,52,3,17,1988,신규,26.08~28.08,,,,,
노원구,11350,상계동,202607,아파트_전월세,동아불암(1286-0),상계동,1286,27,,2320,5,9,20,1999,갱신,26.08~28.07,904.0,13.0,,,
노원구,11350,중계동,202607,아파트_전월세,청구3,중계동,360-2,84.77,,50000,115,1,18,1996,갱신,26.09~28.09,50000.0,85.0,,,
노원구,11350,상계동,202607,아파트_전월세,상계주공9(고층),상계동,670,49.94,,32000,0,14,18,1988,신규,26.09~28.09,,,,,
노원구,11350,상계동,202607,아파트_전월세,상계주공9(고층),상계동,670,79.07,,51500,0,5,16,1988,신규,26.09~28.09,,,,,
노원구,11350,월계동,202607,아파트_전월세,삼호4,월계동,12,50.18,,28000,0,7,18,1987,신규,26.09~28.09,,,,,
노원구,11350,월계동,202607,아파트_전월세,한진한화그랑빌,월계동,18,59.94,,42000,0,3,17,2002,갱신,26.11~28.11,40000.0,,사용,,
노원구,11350,공릉동,202607,아파트_전월세,삼익포레스트아파트,공릉동,737,84.6,,4000,126,11,18,1995,갱신,26.08~28.08,4000.0,120.0,사용,,
노원구,11350,상계동,202607,아파트_전월세,상계주공10(고층),상계동,666,49.94,,20400,0,7,20,1988,갱신,26.07~27.07,19500.0,,,,
노원구,11350,공릉동,202607,아파트_전월세,태강아파트(아이파크),공릉동,81,49.6,,38000,0,7,18,1999,신규,26.08~28.08,,,,,
노원구,11350,상계동,202607,아파트_전월세,상계주공2(고층),상계동,740,41.3,,19677,0,5,17,1987,갱신,26.09~28.09,18740.0,,사용,,
노원구,11350,상계동,202607,아파트_전월세,상계주공1(고층),상계동,765,59.39,,34000,0,10,18,1988,신규,26.10~28.10,,,,,
노원구,11350,상계동,202607,아파트_전월세,동아불암(1286-0),상계동,1286,27,,361,14,3,20,1999,갱신,26.08~28.07,904.0,13.0,,,
노원구,11350,상계동,202607,아파트_전월세,상계주공6(고층),상계동,720,32.39,,1000,80,10,11,1988,갱신,26.08~28.08,1000.0,55.0,,,
노원구,11350,공릉동,202607,아파트_전월세,태강아파트(아이파크),공릉동,81,49.6,,37500,0,6,18,1999,신규,26.10~28.09,,,,,
노원구,11350,월계동,202607,아파트_전월세,한진한화그랑빌,월계동,18,84.97,,57500,0,14,20,2002,갱신,26.09~28.09,55000.0,,사용,,
노원구,11350,중계동,202607,아파트_전월세,양지대림1(임대),중계동,587-1,30.6,,1457,11,23,20,1999,갱신,26.08~28.07,1004.0,14.0,,,
노원구,11350,상계동,202607,아파트_전월세,은빛2단지,상계동,1256,59.95,,3000,130,12,18,1998,신규,26.07~28.07,,,,,
노원구,11350,상계동,202607,아파트_전월세,노원롯데캐슬시그니처,상계동,1410,43.593,,2794,18,3,20,2023,갱신,26.08~28.07,2794.0,18.0,,,
노원구,11350,상계동,202607,아파트_전월세,노원롯데캐슬시그니처,상계동,1410,43.593,,1117,22,4,20,2023,갱신,26.08~28.07,2794.0,18.0,,,
노원구,11350,상계동,202607,아파트_전월세,상계주공1(고층),상계동,765,32.39,,2000,75,9,20,1988,신규,26.07~28.07,,,,,
노원구,11350,하계동,202607,아파트_전월세,청솔(시영7),하계동,274,49.5,,25000,5,5,17,1989,갱신,26.09~28.09,25000.0,,사용,,
노원구,11350,상계동,202607,아파트_전월세,노원롯데캐슬시그니처,상계동,1410,39.038,,1003,20,9,20,2023,갱신,26.08~28.07,2509.0,16.0,,,
노원구,11350,상계동,202607,아파트_전월세,노원롯데캐슬시그니처,상계동,1410,39.038,,1003,20,17,20,2023,갱신,26.08~28.07,2509.0,16.0,,,
노원구,11350,상계동,202607,아파트_전월세,상계주공2(고층),상계동,740,59.2,,3000,120,8,17,1987,신규,26.10~28.10,,,,,
노원구,11350,중계동,202607,아파트_전월세,주공5,중계동,359-1,44.94,,14300,0,7,18,1992,갱신,26.09~28.09,14000.0,,사용,,
노원구,11350,월계동,202607,아파트_전월세,주공2,월계동,556,44.52,,10000,28,15,17,1992,갱신,26.07~28.07,10000.0,25.0,사용,,
노원구,11350,중계동,202607,아파트_전월세,주공2,중계동,369,44.52,,3100,70,14,4,1992,신규,26.08~28.08,,,,,
노원구,11350,중계동,202607,아파트_전월세,주공2,중계동,369,44.52,,19000,0,9,7,1992,갱신,26.07~28.07,19000.0,,사용,,
노원구,11350,중계동,202607,아파트_전월세,중계그린1단지,중계동,502-1,59.7,,37000,0,8,16,1990,갱신,26.07~28.07,35000.0,,,,
노원구,11350,공릉동,202607,아파트_전월세,풍림아파트A,공릉동,725,59.94,,36700,0,4,18,2001,갱신,26.07~28.07,35000.0,,사용,,
노원구,11350,상계동,202607,아파트_전월세,상계주공4(고층),상계동,749-5,38,,25000,0,4,19,1988,신규,26.10~28.10,,,,,
노원구,11350,상계동,202607,아파트_전월세,노원롯데캐슬시그니처,상계동,1410,39.038,,2509,16,25,20,2023,갱신,26.08~28.07,2509.0,16.0,,,
노원구,11350,상계동,202607,아파트_전월세,불암현대아파트(106동),상계동,1294,27,,1802,6,18,20,1999,갱신,26.08~28.07,856.0,13.0,,,
노원구,11350,상계동,202607,아파트_전월세,보람아파트,상계동,639,79.25,,40000,0,3,19,1988,갱신,26.08~28.08,40000.0,,사용,,
노원구,11350,공릉동,202607,아파트_전월세,두산힐스빌아파트,공릉동,747,84.9,,42000,0,11,18,2000,신규,26.10~28.06,,,,,
노원구,11350,중계동,202607,아파트_전월세,중계그린1단지,중계동,502-1,49.5,,26250,0,7,18,1990,갱신,26.08~28.08,25000.0,,사용,,
노원구,11350,상계동,202607,아파트_전월세,수락리버시티3단지,상계동,1312,84.88,,40000,0,6,17,2009,갱신,26.08~28.08,38500.0,,사용,,
노원구,11350,월계동,202607,아파트_전월세,삼호4,월계동,12,50.18,,29000,0,7,17,1987,신규,26.08~28.08,,,,,
노원구,11350,상계동,202607,아파트_전월세,노원롯데캐슬시그니처,상계동,1410,39.038,,2509,16,24,20,2023,갱신,26.08~28.07,2509.0,16.0,,,
노원구,11350,상계동,202607,아파트_전월세,상계주공4(고층),상계동,749-5,58.01,,38000,0,6,19,1988,신규,26.09~28.09,,,,,
노원구,11350,공릉동,202607,아파트_전월세,시영3차(라이프)아파트,공릉동,715,34.44,,19000,0,9,15,1994,신규,26.10~28.10,,,,,
노원구,11350,중계동,202607,아파트_전월세,신동아(366),중계동,366,115.35,,60000,100,2,18,1993,신규,26.10~28.10,,,,,
노원구,11350,하계동,202607,아파트_전월세,우방,하계동,353,59.74,,27300,0,13,18,1999,갱신,26.08~28.08,26000.0,,사용,,
노원구,11350,상계동,202607,아파트_전월세,상계주공9(고층),상계동,670,49.94,,32000,0,2,17,1988,신규,26.09~28.09,,,,,
노원구,11350,월계동,202607,아파트_전월세,한진한화그랑빌,월계동,18,114.97,,75000,0,25,17,2002,신규,26.11~28.11,,,,,
노원구,11350,상계동,202607,아파트_전월세,노원센트럴푸르지오,상계동,1355,59.996,,54000,0,27,17,2021,갱신,26.09~28.09,53000.0,,사용,,
노원구,11350,상계동,202607,아파트_전월세,동아불암(1286-0),상계동,1286,27,,2320,5,18,20,1999,갱신,26.08~28.07,904.0,13.0,,,
노원구,11350,상계동,202607,아파트_전월세,동아불암(1286-0),상계동,1286,27,,904,13,16,20,1999,갱신,26.08~28.07,904.0,13.0,,,
노원구,11350,상계동,202607,아파트_전월세,상계주공6(고층),상계동,720,59.2,,2000,120,3,17,1988,갱신,26.08~28.08,2000.0,95.0,,,
노원구,11350,중계동,202607,아파트_전월세,중앙하이츠아쿠아,중계동,514,84.4675,,70000,0,10,14,2008,갱신,26.09~28.09,60000.0,,,,
노원구,11350,상계동,202607,아파트_전월세,상계주공10(고층),상계동,666,49.94,,2000,90,13,3,1988,갱신,26.07~28.07,2000.0,70.0,,,
노원구,11350,상계동,202607,아파트_전월세,동아불암(1286-0),상계동,1286,27,,2320,5,6,20,1999,갱신,26.08~28.07,904.0,13.0,,,
노원구,11350,상계동,202607,아파트_전월세,노원롯데캐슬시그니처,상계동,1410,39.038,,1003,20,19,20,2023,갱신,26.08~28.07,2509.0,16.0,,,
노원구,11350,하계동,202607,아파트_전월세,장미(시영6),하계동,273,59.46,,34000,0,7,18,1989,갱신,26.11~28.11,34000.0,,사용,,
노원구,11350,공릉동,202607,아파트_전월세,태강아파트(아이파크),공릉동,81,59.34,,40950,0,10,19,1999,갱신,26.09~28.09,39000.0,,사용,,
노원구,11350,공릉동,202607,아파트_전월세,태릉해링턴플레이스,공릉동,758,59.98,,30000,70,14,1,2022,갱신,26.07~28.07,30000.0,70.0,,,
노원구,11350,상계동,202607,아파트_전월세,상계주공11(고층),상계동,652,59.28,,30000,30,7,16,1988,신규,26.09~28.09,,,,,
노원구,11350,공릉동,202607,아파트_전월세,공릉아파트,공릉동,110,33.18,,1180,17,2,20,1999,신규,26.08~28.10,,,,,
노원구,11350,상계동,202607,아파트_전월세,은빛3단지,상계동,1264,33.87,,1114,13,1,20,1998,신규,26.08~28.10,,,,,
노원구,11350,상계동,202607,아파트_전월세,"상계주공15(고층,공무원임대)",상계동,624,49.94,,3369,31,7,14,1988,갱신,26.08~28.08,3208.0,29.0,,,
노원구,11350,상계동,202607,아파트_전월세,"상계주공15(고층,공무원임대)",상계동,624,49.94,,16846,0,7,16,1988,갱신,26.10~28.10,16044.0,,,,
노원구,11350,상계동,202607,아파트_전월세,"상계주공15(고층,공무원임대)",상계동,624,41.3,,13890,0,7,13,1988,갱신,26.08~28.08,13229.0,,,,
노원구,11350,상계동,202607,아파트_전월세,"상계주공15(고층,공무원임대)",상계동,624,49.94,,17103,0,13,20,1988,신규,26.08~28.08,,,,,
노원구,11350,하계동,202607,아파트_전월세,장미(시영6),하계동,273,39.78,,30000,0,5,18,1989,신규,26.09~28.09,,,,,
노원구,11350,상계동,202607,아파트_전월세,은빛3단지,상계동,1264,33.87,,1114,13,15,20,1998,신규,26.08~28.10,,,,,
노원구,11350,상계동,202607,아파트_전월세,불암현대아파트(106동),상계동,1294,27,,856,13,5,20,1999,갱신,26.08~28.07,856.0,13.0,,,
노원구,11350,하계동,202607,아파트_전월세,청솔(시영7),하계동,274,39.92,,3000,95,1,17,1989,신규,26.09~27.09,,,,,
노원구,11350,하계동,202607,아파트_전월세,학여울청구118동(356),하계동,356,32.76,,2201,6,4,20,2002,갱신,26.08~28.07,874.0,13.0,,,
노원구,11350,중계동,202607,아파트_전월세,중계그린1단지,중계동,502-1,59.22,,30000,25,9,18,1990,갱신,26.07~27.07,31800.0,,,,
노원구,11350,월계동,202607,아파트_전월세,삼호3,월계동,13,59.22,,22000,0,2,17,1986,갱신,26.07~28.07,22000.0,,사용,,
노원구,11350,상계동,202607,아파트_전월세,"상계주공15(고층,공무원임대)",상계동,624,49.94,,10261,20,3,16,1988,신규,26.08~28.08,,,,,
노원구,11350,상계동,202607,아파트_전월세,해링턴플레이스노원센트럴,상계동,690,49.2103,,13400,70,20,16,2025,신규,26.08~28.08,,,,,
노원구,11350,상계동,202607,아파트_전월세,상계주공2(고층),상계동,740,60.5,,21416,0,3,16,1987,갱신,26.08~28.08,20396.0,,사용,,
노원구,11350,월계동,202607,아파트_전월세,한진한화그랑빌,월계동,18,84.97,,15400,180,10,16,2002,갱신,26.08~28.08,15400.0,85.0,,,
노원구,11350,하계동,202607,아파트_전월세,하계2현대,하계동,288,84.896,,20000,210,3,4,1997,신규,26.08~28.08,,,,,
노원구,11350,상계동,202607,아파트_전월세,상계주공12(고층),상계동,647,61.52,,29500,0,3,16,1988,갱신,26.10~28.10,26500.0,,,,
노원구,11350,중계동,202607,아파트_전월세,중계무지개,중계동,512,39.96,,3000,90,4,16,1991,갱신,26.07~28.05,3000.0,90.0,,,
노원구,11350,중계동,202607,아파트_전월세,주공5,중계동,359-1,58.46,,41000,0,14,16,1992,갱신,26.08~28.08,40000.0,,사용,,
노원구,11350,상계동,202607,아파트_전월세,상계주공2(고층),상계동,740,32.39,,1000,63,10,13,1987,갱신,26.08~28.08,1000.0,60.0,사용,,
노원구,11350,상계동,202607,아파트_전월세,"상계주공15(고층,공무원임대)",상계동,624,49.94,,17103,0,6,16,1988,갱신,26.09~28.09,16349.0,,,,
노원구,11350,공릉동,202607,아파트_전월세,풍림아파트A,공릉동,725,59.94,,20000,66,2,16,2001,갱신,26.09~28.09,20000.0,60.0,사용,,
노원구,11350,하계동,202607,아파트_전월세,학여울청구,하계동,354,59.4,,33600,0,1,11,1999,갱신,26.09~28.09,32000.0,,사용,,
노원구,11350,상계동,202607,아파트_전월세,상계주공7(고층),상계동,691,58.01,,1000,96,7,11,1988,갱신,26.07~28.07,5000.0,76.0,,,
노원구,11350,상계동,202607,아파트_전월세,해링턴플레이스노원센트럴,상계동,690,48.6166,,13200,70,23,16,2025,신규,26.08~28.08,,,,,
노원구,11350,월계동,202607,아파트_전월세,대우,월계동,775,134.64,,34650,0,3,10,1998,갱신,26.08~28.08,33000.0,,사용,,
노원구,11350,월계동,202607,아파트_전월세,사슴3,월계동,320-11,33.18,,10000,50,5,16,1995,신규,26.08~28.08,,,,,
노원구,11350,월계동,202607,아파트_전월세,초안2,월계동,924,39.6,,17850,0,14,16,1997,갱신,26.08~28.08,17000.0,,사용,,
노원구,11350,월계동,202607,아파트_전월세,주공2,월계동,556,38.64,,16000,10,5,16,1992,신규,26.10~28.10,,,,,
노원구,11350,상계동,202607,아파트_전월세,상계주공9(고층),상계동,670,45.9,,27000,0,11,16,1988,신규,26.12~28.12,,,,,
노원구,11350,월계동,202607,아파트_전월세,삼호3,월계동,13,59.22,,34500,0,4,15,1986,신규,26.11~28.11,,,,,
노원구,11350,중계동,202607,아파트_전월세,중계무지개,중계동,512,39.82,,1000,61,2,16,1991,갱신,26.07~27.07,3000.0,51.0,,,
노원구,11350,하계동,202607,아파트_전월세,한신1,하계동,284,44.52,,32000,0,6,16,1988,갱신,26.08~28.08,27000.0,,,,
노원구,11350,상계동,202607,아파트_전월세,노원센트럴푸르지오,상계동,1355,50.058,,12521,20,7,16,2021,갱신,26.08~28.07,8820.0,34.0,,,
노원구,11350,월계동,202607,아파트_전월세,한진한화그랑빌,월계동,18,114.97,,66500,0,18,16,2002,신규,26.11~28.11,,,,,
노원구,11350,하계동,202607,아파트_전월세,한신1,하계동,284,44.52,,32000,0,6,16,1988,갱신,26.08~28.08,27000.0,,,,
노원구,11350,상계동,202607,아파트_전월세,노원우성,상계동,1251,84.88,,40000,0,13,16,1992,신규,26.12~28.12,,,,,
노원구,11350,상계동,202607,아파트_전월세,상계주공16(고층),상계동,624,45.77,,25000,0,9,13,1988,신규,26.09~28.09,,,,,
노원구,11350,월계동,202607,아파트_전월세,사슴3,월계동,320-11,33.18,,2000,80,12,15,1995,신규,26.08~28.07,,,,,
노원구,11350,상계동,202607,아파트_전월세,노원센트럴푸르지오,상계동,1355,59.996,,50000,50,19,11,2021,신규,26.09~28.09,,,,,
노원구,11350,상계동,202607,아파트_전월세,노원센트럴푸르지오,상계동,1355,39.016,,9179,34,2,16,2021,갱신,26.08~28.07,8742.0,32.0,,,
노원구,11350,상계동,202607,아파트_전월세,상계주공2(고층),상계동,740,58.01,,37000,0,3,16,1987,신규,26.09~28.09,,,,,
노원구,11350,월계동,202607,아파트_전월세,주공2,월계동,556,38.64,,20000,0,12,15,1992,갱신,26.08~28.08,16000.0,,,,
노원구,11350,상계동,202607,아파트_전월세,상계주공7(고층),상계동,691,45.9,,23100,0,3,9,1988,갱신,26.08~28.08,22000.0,,사용,,
노원구,11350,하계동,202607,아파트_전월세,장미(시영6),하계동,273,59.87,,35000,0,1,15,1989,신규,26.09~28.09,,,,,
노원구,11350,월계동,202607,아파트_전월세,삼호3,월계동,13,59.22,,4000,71,10,16,1986,갱신,26.07~27.07,4000.0,67.0,,,
노원구,11350,월계동,202607,아파트_전월세,미륭,월계동,13,51.48,,26200,0,2,11,1986,갱신,26.09~28.09,25000.0,,사용,,
노원구,11350,중계동,202607,아파트_전월세,주공7,중계동,363-1,44.1,,29000,0,9,4,1993,신규,26.09~28.09,,,,,
노원구,11350,하계동,202607,아파트_전월세,극동,하계동,271-3,70.56,,45000,0,15,15,1988,신규,26.11~28.11,,,,,
노원구,11350,공릉동,202607,아파트_전월세,공릉해링턴플레이스,공릉동,106,99.917,,66150,0,13,11,2000,갱신,26.09~28.09,63000.0,,사용,,
노원구,11350,상계동,202607,아파트_전월세,"상계주공15(고층,공무원임대)",상계동,624,49.94,,17103,0,10,15,1988,갱신,26.08~28.08,16349.0,,,,
노원구,11350,상계동,202607,아파트_전월세,상계주공11(고층),상계동,652,41.3,,28000,0,9,15,1988,신규,26.11~28.11,,,,,
노원구,11350,하계동,202607,아파트_전월세,하계2현대,하계동,288,84.51,,50610,0,9,11,1997,갱신,26.08~28.08,48200.0,,사용,,
노원구,11350,하계동,202607,아파트_전월세,장미(시영6),하계동,273,59.22,,28000,0,15,16,1989,갱신,26.08~28.08,25000.0,,,,
노원구,11350,상계동,202607,아파트_전월세,"상계주공15(고층,공무원임대)",상계동,624,41.3,,2778,32,2,16,1988,갱신,26.11~28.10,2645.0,35.0,,,
노원구,11350,하계동,202607,아파트_전월세,건영,하계동,271-3,45.55,,18900,0,13,11,1988,갱신,26.10~28.10,18000.0,,사용,,
노원구,11350,상계동,202607,아파트_전월세,"상계주공15(고층,공무원임대)",상계동,624,49.94,,8423,18,5,15,1988,갱신,26.10~28.10,8022.0,17.0,,,
노원구,11350,중계동,202607,아파트_전월세,주공5,중계동,359-1,38.64,,27000,0,4,8,1992,신규,26.10~28.10,,,,,
노원구,11350,하계동,202607,아파트_전월세,학여울청구118동(356),하계동,356,32.76,,2208,6,1,15,2002,갱신,26.08~28.07,874.0,13.0,,,
노원구,11350,월계동,202607,아파트_전월세,월계역신도브래뉴,월계동,942,59.8587,,32000,0,15,9,2005,갱신,26.08~28.08,32000.0,,사용,,
노원구,11350,상계동,202607,아파트_전월세,상계주공1(고층),상계동,765,59.39,,3000,120,5,7,1988,신규,26.08~28.08,,,,,
노원구,11350,상계동,202607,아파트_전월세,"상계주공15(고층,공무원임대)",상계동,624,41.3,,6945,20,9,4,1988,신규,26.07~28.07,,,,,
노원구,11350,상계동,202607,아파트_전월세,상계주공1(고층),상계동,765,32.39,,1000,63,8,9,1988,갱신,26.07~28.07,1000.0,60.0,사용,,
노원구,11350,하계동,202607,아파트_전월세,극동,하계동,271-3,84.91,,40000,50,13,15,1988,신규,26.09~28.09,,,,,
노원구,11350,상계동,202607,아파트_전월세,상계주공10(고층),상계동,666,49.94,,31000,0,3,15,1988,갱신,26.09~28.09,21000.0,,,,
노원구,11350,상계동,202607,아파트_전월세,상계우방유쉘,상계동,1295,59.93,,15000,100,5,8,2000,신규,26.08~28.08,,,,,
노원구,11350,상계동,202607,아파트_전월세,"상계주공15(고층,공무원임대)",상계동,624,41.3,,4167,28,3,6,1988,신규,26.07~28.07,,,,,
노원구,11350,월계동,202607,아파트_전월세,초안2,월계동,924,39.6,,14400,0,11,15,1997,신규,26.08~28.08,,,,,
노원구,11350,중계동,202607,아파트_전월세,주공5,중계동,359-1,44.94,,23000,0,1,15,1992,갱신,26.09~28.09,16650.0,,,,
노원구,11350,상계동,202607,아파트_전월세,노원센트럴푸르지오,상계동,1355,39.016,,10343,28,10,15,2021,갱신,26.08~28.07,8742.0,32.0,,,
노원구,11350,상계동,202607,아파트_전월세,상계주공10(고층),상계동,666,58.01,,26250,0,15,3,1988,갱신,26.09~28.09,25000.0,,사용,,
노원구,11350,상계동,202607,아파트_전월세,상계주공12(고층),상계동,647,41.3,,2000,70,12,7,1988,신규,26.08~28.08,,,,,
노원구,11350,상계동,202607,아파트_전월세,상계주공9(고층),상계동,670,41.3,,12000,48,2,14,1988,갱신,26.08~28.08,12000.0,40.0,,,
노원구,11350,상계동,202607,아파트_전월세,동아불암,상계동,1285,59.4,,15000,70,9,2,1999,신규,26.10~28.10,,,,,
노원구,11350,상계동,202607,아파트_전월세,상계주공6(고층),상계동,720,58.01,,5000,130,3,6,1988,신규,26.08~28.08,,,,,
노원구,11350,상계동,202607,아파트_전월세,상계주공6(고층),상계동,720,41.3,,16000,0,8,15,1988,갱신,26.08~28.07,16000.0,,사용,,
노원구,11350,상계동,202607,아파트_전월세,대망드림힐1,상계동,1304,84.8968,,42000,0,7,11,2003,갱신,26.08~28.08,41000.0,,사용,,
노원구,11350,월계동,202607,아파트_전월세,삼호4,월계동,12,50.18,,13000,25,1,14,1987,갱신,26.08~28.08,13000.0,25.0,사용,,
노원구,11350,공릉동,202607,아파트_전월세,삼익아파트,공릉동,690-2,84.77,,55000,0,18,10,1997,신규,26.09~28.09,,,,,
노원구,11350,중계동,202607,아파트_전월세,중계3우성,중계동,585,59.73,,50000,0,21,1,1999,신규,26.09~28.09,,,,,
노원구,11350,상계동,202607,아파트_전월세,청암2단지,상계동,1276,49.77,,26000,0,3,9,2001,갱신,26.08~28.07,25000.0,,사용,,
노원구,11350,공릉동,202607,아파트_전월세,진명비베레,공릉동,395-7,13.9092,,7613,0,1,7,2012,신규,26.08~28.08,,,,,
노원구,11350,상계동,202607,아파트_전월세,"상계주공15(고층,공무원임대)",상계동,624,49.94,,10261,20,10,15,1988,신규,26.08~28.08,,,,,
노원구,11350,상계동,202607,아파트_전월세,은빛1단지,상계동,1255,49.77,,3000,90,3,11,1998,갱신,26.07~28.07,3000.0,85.0,사용,,
노원구,11350,상계동,202607,아파트_전월세,상계주공6(고층),상계동,720,59.39,,5000,140,12,10,1988,갱신,26.08~28.08,5000.0,87.0,,,
노원구,11350,하계동,202607,아파트_전월세,벽산,하계동,271-3,57.71,,2000,100,10,15,1988,갱신,26.07~28.07,2000.0,79.0,,,
노원구,11350,월계동,202607,아파트_전월세,한진한화그랑빌,월계동,18,59.94,,50000,0,18,15,2002,신규,26.09~28.09,,,,,
노원구,11350,상계동,202607,아파트_전월세,상계주공7(고층),상계동,691,45.55,,3000,100,9,9,1988,신규,26.08~28.08,,,,,
노원구,11350,상계동,202607,아파트_전월세,상계주공6(고층),상계동,720,41.3,,2000,90,3,11,1988,신규,26.07~28.07,,,,,
노원구,11350,상계동,202607,아파트_전월세,상계주공2(고층),상계동,740,41.3,,1000,79,13,15,1987,갱신,26.10~28.10,1000.0,75.0,사용,,
노원구,11350,상계동,202607,아파트_전월세,벽산,상계동,173-1,43.35,,2000,85,11,15,1989,신규,26.08~28.08,,,,,
노원구,11350,공릉동,202607,아파트_전월세,시영3차(라이프)아파트,공릉동,715,39.6,,2000,83,7,10,1994,갱신,26.08~28.08,2000.0,74.0,,,
노원구,11350,중계동,202607,아파트_전월세,진로유통조합대림,중계동,78,84.94,,54000,0,7,15,1992,갱신,26.07~28.01,50000.0,,,,
노원구,11350,상계동,202607,아파트_전월세,상계주공1(고층),상계동,765,58.01,,10000,65,4,15,1988,갱신,26.09~28.09,10000.0,60.0,사용,,
노원구,11350,상계동,202607,아파트_전월세,상계주공11(고층),상계동,652,49.94,,13000,52,12,1,1988,갱신,26.09~28.09,13000.0,48.0,사용,,
노원구,11350,상계동,202607,아파트_전월세,상계주공3(고층),상계동,730-2,59.28,,31000,0,1,14,1987,갱신,26.07~28.07,21000.0,,,,
노원구,11350,하계동,202607,아파트_전월세,벽산,하계동,271-3,57.71,,3000,130,6,13,1988,신규,26.09~28.09,,,,,
노원구,11350,중계동,202607,아파트_전월세,주공5,중계동,359-1,58.46,,31500,0,15,4,1992,갱신,26.07~28.07,30000.0,,사용,,
노원구,11350,공릉동,202607,아파트_전월세,화랑타운아파트,공릉동,111,84.65,,60000,0,5,14,2000,신규,26.09~28.09,,,,,
노원구,11350,월계동,202607,아파트_전월세,주공2,월계동,556,59.97,,34000,0,4,14,1992,신규,26.11~28.11,,,,,
노원구,11350,상계동,202607,아파트_전월세,상계주공10(고층),상계동,666,49.94,,5000,110,13,9,1988,신규,26.09~28.09,,,,,
노원구,11350,상계동,202607,아파트_전월세,상계주공1(고층),상계동,765,58.01,,38000,0,15,15,1988,신규,26.09~28.08,,,,,
노원구,11350,상계동,202607,아파트_전월세,상계주공5(저층),상계동,721,31.98,,10000,0,2,1,1987,갱신,26.07~28.07,2000.0,50.0,,,
노원구,11350,월계동,202607,아파트_전월세,삼창,월계동,448-3,77.84,,29500,40,12,14,1984,신규,26.10~28.10,,,,,
노원구,11350,상계동,202607,아파트_전월세,상계주공3(고층),상계동,730-2,59.2,,35000,0,1,14,1987,신규,26.09~28.09,,,,,
노원구,11350,월계동,202607,아파트_전월세,청백4,월계동,781,59.4,,33000,0,13,14,1998,신규,26.10~28.10,,,,,
노원구,11350,상계동,202607,아파트_전월세,수락리버시티4단지,상계동,1313,39.81,,5258,9,7,14,2009,갱신,26.08~28.07,,9.0,,,
노원구,11350,상계동,202607,아파트_전월세,상계주공14(고층),상계동,626,45.9,,2000,95,8,14,1989,신규,26.08~28.08,,,,,
노원구,11350,상계동,202607,아파트_전월세,"상계주공15(고층,공무원임대)",상계동,624,49.94,,17103,0,14,13,1988,갱신,26.12~28.12,16349.0,,,,
노원구,11350,상계동,202607,아파트_전월세,상계주공6(고층),상계동,720,49.94,,26000,30,4,4,1988,신규,26.09~28.09,,,,,
노원구,11350,월계동,202607,아파트_전월세,꿈의숲SKVIEW,월계동,949,59.92,,55000,0,7,13,2016,신규,26.10~28.10,,,,,
노원구,11350,상계동,202607,아파트_전월세,상계주공2(고층),상계동,740,32.39,,1000,51,9,11,1987,갱신,26.10~28.10,1000.0,45.0,사용,,
노원구,11350,월계동,202607,아파트_전월세,대우,월계동,775,134.64,,45000,0,4,14,1998,갱신,26.07~28.07,43000.0,,,,
노원구,11350,중계동,202607,아파트_전월세,한화꿈에그린TheFIRST,중계동,606,59.98,,35568,0,3,13,2014,신규,26.07~28.10,,,,,
노원구,11350,중계동,202607,아파트_전월세,주공5,중계동,359-1,44.52,,16800,0,4,10,1992,갱신,26.09~28.09,16000.0,,사용,,
노원구,11350,상계동,202607,아파트_전월세,은빛1단지,상계동,1255,49.77,,30000,0,12,14,1998,갱신,26.08~28.08,26000.0,,,,
노원구,11350,중계동,202607,아파트_전월세,주공2,중계동,369,44.52,,16600,0,1,10,1992,갱신,26.07~28.07,14600.0,,,,
노원구,11350,중계동,202607,아파트_전월세,주공2,중계동,369,44.52,,15250,30,14,13,1992,갱신,26.10~27.10,15225.0,,,,
노원구,11350,중계동,202607,아파트_전월세,주공4,중계동,358-2,59.39,,31500,0,11,8,1991,갱신,26.08~28.08,30000.0,,사용,,
노원구,11350,중계동,202607,아파트_전월세,대호,중계동,591,84.93,,50000,0,13,13,2000,신규,27.02~29.02,,,,,
노원구,11350,상계동,202607,아파트_전월세,상계주공9(고층),상계동,670,49.94,,28000,0,6,14,1988,신규,26.09~28.09,,,,,
노원구,11350,중계동,202607,아파트_전월세,삼성,중계동,593,84.75,,51500,18,5,13,1999,갱신,26.07~28.07,49500.0,,,,
노원구,11350,중계동,202607,아파트_전월세,주공8,중계동,362-1,49.72,,32000,0,13,13,1993,신규,26.08~28.08,,,,,
노원구,11350,상계동,202607,아파트_전월세,상계주공2(고층),상계동,740,58.01,,33000,0,13,11,1987,신규,26.09~28.09,,,,,
노원구,11350,중계동,202607,아파트_전월세,중계그린1단지,중계동,502-1,49.5,,24100,20,3,11,1990,갱신,26.08~28.08,24100.0,13.0,,,
노원구,11350,공릉동,202607,아파트_전월세,공릉우성아파트,공릉동,738,84.97,,47000,0,17,13,1995,갱신,26.08~27.08,45000.0,,사용,,
노원구,11350,상계동,202607,아파트_전월세,상계주공6(고층),상계동,720,58.01,,28000,0,4,14,1988,갱신,26.07~28.07,22500.0,,,,
노원구,11350,상계동,202607,아파트_전월세,"상계주공15(고층,공무원임대)",상계동,624,41.3,,13890,0,4,14,1988,신규,26.08~28.08,,,,,
노원구,11350,월계동,202607,아파트_전월세,건양노블레스빌,월계동,938,84.659,,42000,0,3,3,2003,갱신,26.07~28.07,41000.0,,사용,,
노원구,11350,상계동,202607,아파트_전월세,"상계주공15(고층,공무원임대)",상계동,624,49.94,,15392,0,1,13,1988,갱신,26.10~28.10,15531.0,,,,
노원구,11350,하계동,202607,아파트_전월세,한신1,하계동,284,27,,17640,0,10,14,1988,갱신,26.08~28.08,16800.0,,사용,,
노원구,11350,상계동,202607,아파트_전월세,상계주공6(고층),상계동,720,58.01,,30000,0,8,14,1988,갱신,26.07~28.07,29000.0,,사용,,
노원구,11350,하계동,202607,아파트_전월세,미성,하계동,280,84.94,,58000,0,1,11,1989,신규,26.10~28.10,,,,,
노원구,11350,하계동,202607,아파트_전월세,우성,하계동,270,84.91,,55000,0,15,13,1988,갱신,26.08~28.08,48000.0,,,,
노원구,11350,월계동,202607,아파트_전월세,사슴3,월계동,320-11,33.18,,15000,0,1,13,1995,갱신,26.08~27.08,14300.0,,,,
노원구,11350,상계동,202607,아파트_전월세,상계현대3차,상계동,1063,84.96,,31500,0,4,11,1999,갱신,26.07~28.07,30000.0,,사용,,
노원구,11350,상계동,202607,아파트_전월세,한신1차,상계동,135,84.92,,34650,0,12,11,1987,갱신,26.07~28.07,33000.0,,사용,,
노원구,11350,중계동,202607,아파트_전월세,중계무지개,중계동,512,39.96,,30000,0,9,4,1991,신규,26.09~28.09,,,,,
노원구,11350,중계동,202607,아파트_전월세,중앙하이츠아쿠아,중계동,514,84.4675,,59000,0,10,13,2008,신규,26.07~28.07,,,,,
노원구,11350,중계동,202607,아파트_전월세,양지마을(대림)2,중계동,588,59.4,,36700,0,12,13,1999,갱신,26.09~27.09,36700.0,,,,
노원구,11350,중계동,202607,아파트_전월세,중계그린1단지,중계동,502-1,39.78,,2000,100,8,4,1990,신규,26.08~28.08,,,,,
노원구,11350,중계동,202607,아파트_전월세,롯데(505),중계동,505,129.91,,63000,0,9,13,1989,갱신,26.07~28.07,55000.0,,,,
노원구,11350,상계동,202607,아파트_전월세,"상계주공15(고층,공무원임대)",상계동,624,49.94,,17103,0,12,13,1988,갱신,26.12~28.12,16349.0,,,,
노원구,11350,상계동,202607,아파트_전월세,"상계주공15(고층,공무원임대)",상계동,624,49.94,,17103,0,10,13,1988,갱신,26.09~28.09,16349.0,,,,
노원구,11350,상계동,202607,아파트_전월세,"상계주공15(고층,공무원임대)",상계동,624,49.94,,17103,0,9,13,1988,갱신,26.11~28.11,16349.0,,,,
노원구,11350,상계동,202607,아파트_전월세,"상계주공15(고층,공무원임대)",상계동,624,49.94,,17103,0,7,13,1988,갱신,26.10~28.10,16349.0,,,,
노원구,11350,상계동,202607,아파트_전월세,"상계주공15(고층,공무원임대)",상계동,624,41.3,,2778,32,10,13,1988,갱신,26.12~28.12,2645.0,35.0,,,
노원구,11350,공릉동,202607,아파트_전월세,공릉동한보에센시티아파트,공릉동,743,59.4,,35000,0,13,13,2000,신규,26.10~28.10,,,,,
노원구,11350,상계동,202607,아파트_전월세,포레나노원,상계동,680,84.9014,,87000,0,24,11,2020,신규,26.09~28.09,,,,,
노원구,11350,상계동,202607,아파트_전월세,상계주공10(고층),상계동,666,49.94,,25000,0,15,4,1988,갱신,26.07~28.07,24000.0,,사용,,
노원구,11350,상계동,202607,아파트_전월세,수락리버시티3단지,상계동,1312,114.69,,32340,0,14,13,2009,갱신,26.08~28.07,30800.0,,,,
노원구,11350,중계동,202607,아파트_전월세,동진신안,중계동,364,101.99,,90000,0,3,11,1993,갱신,26.07~28.08,90000.0,,사용,,
노원구,11350,상계동,202607,아파트_전월세,"상계주공15(고층,공무원임대)",상계동,624,49.94,,13682,10,9,13,1988,갱신,26.12~28.12,13079.0,11.0,,,
노원구,11350,상계동,202607,아파트_전월세,상계주공7(고층),상계동,691,49.94,,26000,0,15,1,1988,갱신,26.07~28.07,25000.0,,,,
노원구,11350,상계동,202607,아파트_전월세,불암대림(207동),상계동,1290,33,,1365,16,9,13,2000,신규,26.07~28.09,,,,,
노원구,11350,상계동,202607,아파트_전월세,"상계주공15(고층,공무원임대)",상계동,624,49.94,,17103,0,13,10,1988,갱신,26.10~28.10,16349.0,,,,
노원구,11350,공릉동,202607,아파트_전월세,동신아파트,공릉동,745,84.97,,52500,0,16,10,1999,갱신,26.08~28.08,44500.0,,,,
노원구,11350,월계동,202607,아파트_전월세,주공2,월계동,556,59.97,,25300,0,9,13,1992,갱신,26.08~28.08,25300.0,,,,
노원구,11350,공릉동,202607,아파트_전월세,풍림아파트A,공릉동,725,84.99,,52000,0,6,4,2001,신규,26.09~28.09,,,,,
노원구,11350,월계동,202607,아파트_전월세,삼호3,월계동,13,59.22,,22000,55,4,11,1986,갱신,26.07~28.07,22000.0,30.0,,,
노원구,11350,월계동,202607,아파트_전월세,미륭,월계동,13,51.48,,1500,67,2,11,1986,갱신,26.07~28.07,1500.0,63.0,,,
노원구,11350,상계동,202607,아파트_전월세,상계주공14(고층),상계동,626,41.3,,27000,0,7,10,1989,신규,26.09~28.09,,,,,
노원구,11350,상계동,202607,아파트_전월세,보람아파트,상계동,639,54.59,,15000,70,7,13,1988,신규,26.08~28.08,,,,,
노원구,11350,중계동,202607,아파트_전월세,삼성,중계동,593,84.75,,52500,0,18,13,1999,갱신,26.07~28.07,50000.0,,사용,,
노원구,11350,상계동,202607,아파트_전월세,상계주공6(고층),상계동,720,58.01,,31185,0,3,11,1988,갱신,26.09~28.09,29700.0,,사용,,
노원구,11350,상계동,202607,아파트_전월세,벽산,상계동,173-1,46.8,,18840,0,4,8,1989,갱신,26.09~28.09,17943.0,,사용,,
노원구,11350,공릉동,202607,아파트_전월세,공릉아파트,공릉동,110,32.79,,2937,7,1,13,1999,신규,26.07~28.09,,,,,
노원구,11350,중계동,202607,아파트_전월세,주공2,중계동,369,44.52,,5000,64,13,13,1992,갱신,26.07~28.07,5000.0,60.0,사용,,
노원구,11350,공릉동,202607,아파트_전월세,태릉해링턴플레이스,공릉동,758,49.98,,8740,34,5,13,2022,신규,26.07~28.09,,,,,
노원구,11350,중계동,202607,아파트_전월세,중계그린1단지,중계동,502-1,49.5,,28000,0,4,10,1990,갱신,26.08~28.08,28000.0,,사용,,
노원구,11350,상계동,202607,아파트_전월세,은빛2단지,상계동,1256,59.95,,35000,0,9,3,1998,신규,26.10~28.10,,,,,
노원구,11350,상계동,202607,아파트_전월세,상계주공13(고층),상계동,637,45.9,,2000,77,14,11,1989,갱신,26.09~28.09,1000.0,69.0,,,
노원구,11350,하계동,202607,아파트_전월세,한신동성,하계동,256-5,112.24,,57750,0,2,13,1993,갱신,26.07~28.07,55000.0,,사용,,
노원구,11350,월계동,202607,아파트_전월세,월계센트럴아이파크,월계동,951,59.99,,12560,49,18,13,2020,신규,26.07~28.09,,,,,
노원구,11350,중계동,202607,아파트_전월세,주공2,중계동,369,44.52,,2000,90,2,11,1992,신규,26.08~28.08,,,,,
노원구,11350,상계동,202607,아파트_전월세,상계주공13(고층),상계동,637,49.94,,4000,90,7,11,1989,신규,26.09~28.09,,,,,
노원구,11350,월계동,202607,아파트_전월세,삼호3,월계동,13,59.22,,20000,70,1,11,1986,신규,26.08~28.08,,,,,
노원구,11350,상계동,202607,아파트_전월세,상계주공2(고층),상계동,740,58.01,,33000,0,13,11,1987,갱신,26.09~28.09,28000.0,,,,
노원구,11350,상계동,202607,아파트_전월세,상계주공7(고층),상계동,691,41.3,,500,90,3,13,1988,갱신,26.07~26.09,12600.0,,,,
노원구,11350,월계동,202607,아파트_전월세,삼호3,월계동,13,59.22,,36000,0,9,11,1986,신규,26.09~28.09,,,,,
노원구,11350,상계동,202607,아파트_전월세,상계주공7(고층),상계동,691,41.3,,2000,100,8,13,1988,신규,26.07~28.07,,,,,
노원구,11350,상계동,202607,아파트_전월세,보람아파트,상계동,639,44.33,,23000,0,2,6,1988,신규,26.10~28.10,,,,,
노원구,11350,상계동,202607,아파트_전월세,벽산,상계동,173-1,46.8,,20000,0,12,9,1989,갱신,26.07~28.07,19000.0,,,,
노원구,11350,상계동,202607,아파트_전월세,상계대림,상계동,172,59.67,,20000,40,14,10,1989,신규,26.09~28.09,,,,,
노원구,11350,월계동,202607,아파트_전월세,현대,월계동,929,59.95,,30870,0,8,10,2000,갱신,26.08~28.08,29400.0,,사용,,
노원구,11350,상계동,202607,아파트_전월세,상계주공7(고층),상계동,691,45.55,,26000,0,13,10,1988,신규,26.08~28.08,,,,,
노원구,11350,상계동,202607,아파트_전월세,은빛2단지,상계동,1256,49.77,,25000,0,4,11,1998,신규,26.09~28.09,,,,,
노원구,11350,공릉동,202607,아파트_전월세,풍림아파트A,공릉동,725,84.99,,52000,0,19,11,2001,신규,26.08~28.08,,,,,
노원구,11350,상계동,202607,아파트_전월세,상계주공10(고층),상계동,666,59.39,,38000,0,11,13,1988,신규,26.09~28.09,,,,,
노원구,11350,중계동,202607,아파트_전월세,대림벽산(363),중계동,363,141.45,,74000,0,14,11,1993,갱신,26.07~28.07,71000.0,,사용,,
노원구,11350,상계동,202607,아파트_전월세,동아불암(1286-0),상계동,1286,27,,939,14,8,13,1999,신규,26.07~28.09,,,,,
노원구,11350,상계동,202607,아파트_전월세,상계신동아,상계동,463,59.4,,30000,0,6,11,1995,신규,26.09~28.09,,,,,
노원구,11350,상계동,202607,아파트_전월세,상계주공10(고층),상계동,666,68.86,,45000,0,14,11,1988,신규,26.10~28.10,,,,,
노원구,11350,상계동,202607,아파트_전월세,"상계주공15(고층,공무원임대)",상계동,624,49.94,,15392,0,1,13,1988,갱신,26.09~28.09,15531.0,,,,
노원구,11350,월계동,202607,아파트_전월세,주공2,월계동,556,59.97,,31500,0,6,10,1992,갱신,26.08~28.08,30000.0,,사용,,
노원구,11350,상계동,202607,아파트_전월세,상계주공12(고층),상계동,647,41.3,,25000,0,12,8,1988,신규,26.09~28.09,,,,,
노원구,11350,상계동,202607,아파트_전월세,보람아파트,상계동,639,79.25,,46500,0,12,11,1988,갱신,26.08~28.08,44000.0,,,,
노원구,11350,하계동,202607,아파트_전월세,학여울청구,하계동,354,59.4,,43000,0,14,11,1999,갱신,26.09~28.09,39000.0,,,,
노원구,11350,중계동,202607,아파트_전월세,중계무지개,중계동,512,39.82,,28000,0,7,11,1991,신규,26.09~28.09,,,,,
노원구,11350,하계동,202607,아파트_전월세,청솔(시영7),하계동,274,49.5,,4000,110,11,11,1989,신규,26.09~28.09,,,,,
노원구,11350,공릉동,202607,아파트_전월세,삼익아파트,공릉동,690-2,59.89,,4000,100,12,4,1997,신규,26.07~28.07,,,,,
노원구,11350,하계동,202607,아파트_전월세,우성,하계동,270,127.22,,75000,0,2,10,1988,신규,26.09~28.09,,,,,
노원구,11350,하계동,202607,아파트_전월세,청솔(시영7),하계동,274,49.5,,30000,0,9,11,1989,신규,26.09~28.09,,,,,
노원구,11350,상계동,202607,아파트_전월세,수락리버시티3단지,상계동,1312,39.81,,2857,22,6,13,2009,갱신,26.08~28.07,2857.0,22.0,,,
노원구,11350,상계동,202607,아파트_전월세,상계주공4(고층),상계동,749-5,41.3,,2000,90,12,4,1988,신규,26.07~28.07,,,,,
노원구,11350,중계동,202607,아파트_전월세,양지대림1(임대),중계동,587-1,30.6,,1043,15,1,13,1999,신규,26.07~28.09,,,,,
노원구,11350,중계동,202607,아파트_전월세,청구(366),중계동,366,115.47,,85000,0,4,11,1993,신규,26.10~28.10,,,,,
노원구,11350,상계동,202607,아파트_전월세,수락리버시티3단지,상계동,1312,84.96,,20000,130,7,10,2009,신규,26.10~28.10,,,,,
노원구,11350,상계동,202607,아파트_전월세,상계주공11(고층),상계동,652,41.3,,27000,0,3,10,1988,신규,26.09~28.09,,,,,
노원구,11350,하계동,202607,아파트_전월세,청솔(시영7),하계동,274,49.85,,28000,0,5,11,1989,갱신,26.08~28.08,25000.0,,,,
노원구,11350,중계동,202607,아파트_전월세,주공5,중계동,359-1,58.46,,26000,35,9,13,1992,갱신,26.07~28.07,26000.0,20.0,,,
노원구,11350,상계동,202607,아파트_전월세,상계주공12(고층),상계동,647,49.94,,5500,100,12,11,1988,신규,26.08~28.08,,,,,
노원구,11350,상계동,202607,아파트_전월세,상계주공10(고층),상계동,666,58.01,,27300,0,2,11,1988,갱신,26.09~28.09,26000.0,,사용,,
노원구,11350,상계동,202607,아파트_전월세,"상계주공15(고층,공무원임대)",상계동,624,41.3,,13890,0,11,11,1988,신규,26.08~28.07,,,,,
노원구,11350,월계동,202607,아파트_전월세,미성,월계동,13,50.14,,2000,110,2,11,1986,신규,26.08~28.08,,,,,
노원구,11350,상계동,202607,아파트_전월세,상계주공1(고층),상계동,765,58.01,,37000,0,6,11,1988,신규,26.10~28.10,,,,,
노원구,11350,상계동,202607,아파트_전월세,수락리버시티3단지,상계동,1312,39.81,,1580,25,1,11,2009,갱신,26.08~28.07,2857.0,22.0,,,
노원구,11350,상계동,202607,아파트_전월세,수락리버시티4단지,상계동,1313,39.81,,2857,22,12,11,2009,갱신,26.08~28.07,2857.0,22.0,,,
노원구,11350,상계동,202607,아파트_전월세,수락리버시티3단지,상계동,1312,39.81,,5699,6,9,11,2009,갱신,26.08~28.07,2857.0,22.0,,,
노원구,11350,월계동,202607,아파트_전월세,삼호3,월계동,13,59.22,,40000,0,5,4,1986,신규,26.08~28.08,,,,,
노원구,11350,상계동,202607,아파트_전월세,상계주공1(고층),상계동,765,41.3,,2000,100,4,10,1988,신규,26.08~28.08,,,,,
노원구,11350,중계동,202607,아파트_전월세,주공8,중계동,362-1,49.72,,35000,0,4,10,1993,갱신,26.08~28.08,25500.0,,,,
노원구,11350,상계동,202607,아파트_전월세,상계주공11(고층),상계동,652,41.3,,25000,0,9,9,1988,신규,26.08~28.08,,,,,
노원구,11350,중계동,202607,아파트_전월세,주공7,중계동,363-1,44.1,,25000,0,3,3,1993,갱신,26.08~28.08,17000.0,,,,
노원구,11350,상계동,202607,아파트_전월세,해링턴플레이스노원센트럴,상계동,690,48.9031,,13300,70,21,10,2025,신규,26.08~28.08,,,,,
노원구,11350,상계동,202607,아파트_전월세,임광,상계동,694,122.18,,57500,0,10,10,1989,갱신,26.07~28.07,55000.0,,사용,,
노원구,11350,중계동,202607,아파트_전월세,현대(6차),중계동,34-5,59.84,,43000,0,8,9,2018,신규,26.10~28.10,,,,,
노원구,11350,상계동,202607,아파트_전월세,보람아파트,상계동,639,44.33,,22500,0,3,10,1988,갱신,26.08~28.08,21500.0,,사용,,
노원구,11350,상계동,202607,아파트_전월세,상계주공1(고층),상계동,765,41.3,,1000,80,8,10,1988,갱신,26.07~28.07,1000.0,55.0,,,
노원구,11350,하계동,202607,아파트_전월세,한신1,하계동,284,44.52,,23100,0,3,10,1988,갱신,26.07~28.07,22000.0,,사용,,
노원구,11350,상계동,202607,아파트_전월세,상계주공11(고층),상계동,652,41.3,,2000,69,9,4,1988,갱신,26.09~28.09,2000.0,65.0,사용,,
노원구,11350,월계동,202607,아파트_전월세,성원(사슴4),월계동,322-1,49.92,,27000,0,5,10,1995,갱신,26.09~28.09,26000.0,,사용,,
노원구,11350,상계동,202607,아파트_전월세,상계주공3(고층),상계동,730-2,38,,17364,0,9,10,1987,갱신,26.07~28.07,16538.0,,,,
노원구,11350,상계동,202607,아파트_전월세,중계센트럴파크,상계동,1322,49.87,,12340,2,1,10,2016,갱신,26.08~28.07,6145.0,36.0,,,
노원구,11350,상계동,202607,아파트_전월세,상계주공6(고층),상계동,720,58.01,,30000,0,8,10,1988,갱신,26.09~28.09,29000.0,,사용,,
노원구,11350,중계동,202607,아파트_전월세,주공5,중계동,359-1,38.64,,2000,90,10,1,1992,신규,26.07~28.07,,,,,
노원구,11350,공릉동,202607,아파트_전월세,태릉입구역청년주택YNTOWER,공릉동,617-3,16.3,,5145,42,7,10,2021,신규,26.08~28.01,,,,,
노원구,11350,중계동,202607,아파트_전월세,주공2,중계동,369,44.52,,4000,60,2,10,1992,갱신,26.11~28.11,19000.0,,사용,,
노원구,11350,상계동,202607,아파트_전월세,수락리버시티4단지,상계동,1313,59.9,,9313,14,8,10,2009,갱신,26.08~28.07,5447.0,36.0,,,
노원구,11350,상계동,202607,아파트_전월세,상계주공13(고층),상계동,637,45.9,,17850,0,8,10,1989,갱신,26.08~28.08,17000.0,,사용,,
노원구,11350,상계동,202607,아파트_전월세,상계주공4(고층),상계동,749-5,62.1,,40000,0,3,10,1988,신규,26.09~28.09,,,,,
노원구,11350,하계동,202607,아파트_전월세,장미(시영6),하계동,273,59.87,,35000,0,13,9,1989,신규,26.09~28.09,,,,,
노원구,11350,상계동,202607,아파트_전월세,상계주공9(고층),상계동,670,45.9,,1000,74,7,10,1988,갱신,26.07~28.07,1000.0,70.0,,,
노원구,11350,상계동,202607,아파트_전월세,대림,상계동,695,93.13,,37750,45,10,10,1988,갱신,26.07~28.07,37750.0,,,,
노원구,11350,상계동,202607,아파트_전월세,수락리버시티4단지,상계동,1313,39.81,,2857,22,15,10,2009,갱신,26.08~28.07,2857.0,22.0,,,
노원구,11350,상계동,202607,아파트_전월세,은빛1단지,상계동,1255,59.95,,6000,140,14,4,1998,신규,26.09~28.09,,,,,
노원구,11350,상계동,202607,아파트_전월세,청암2단지,상계동,1276,49.77,,26000,0,3,9,2001,갱신,26.08~28.07,25000.0,,사용,,
노원구,11350,하계동,202607,아파트_전월세,미성,하계동,280,72.17,,50000,0,11,9,1989,신규,26.08~28.08,,,,,
노원구,11350,상계동,202607,아파트_전월세,청암2단지,상계동,1276,49.77,,4000,70,8,9,2001,갱신,26.11~28.11,4000.0,60.0,,,
노원구,11350,상계동,202607,아파트_전월세,"상계주공15(고층,공무원임대)",상계동,624,49.94,,5130,35,3,10,1988,신규,26.08~28.08,,,,,
노원구,11350,상계동,202607,아파트_전월세,한양,상계동,757,86.62,,60000,0,3,9,1988,신규,26.08~28.08,,,,,
노원구,11350,중계동,202607,아파트_전월세,중계그린1단지,중계동,502-1,49.85,,22000,30,12,8,1990,신규,26.09~28.09,,,,,
노원구,11350,상계동,202607,아파트_전월세,상계주공16(고층),상계동,624,58.01,,9000,90,14,9,1988,갱신,26.08~28.08,9000.0,75.0,,,
노원구,11350,월계동,202607,아파트_전월세,미륭,월계동,13,51.48,,3000,64,10,9,1986,갱신,26.07~28.07,3000.0,61.0,,,
노원구,11350,하계동,202607,아파트_전월세,장미(시영6),하계동,273,49.75,,5000,83,4,9,1989,갱신,26.07~28.07,5000.0,63.0,,,
노원구,11350,상계동,202607,아파트_전월세,상계주공10(고층),상계동,666,59.39,,26000,35,6,4,1988,신규,26.08~28.08,,,,,
노원구,11350,중계동,202607,아파트_전월세,주공5,중계동,359-1,44.52,,1000,80,8,9,1992,신규,26.08~28.08,,,,,
노원구,11350,상계동,202607,아파트_전월세,두산,상계동,1110,59.97,,35000,0,5,3,1994,신규,26.10~28.10,,,,,
노원구,11350,상계동,202607,아파트_전월세,상계주공9(고층),상계동,670,45.9,,1000,61,7,9,1988,갱신,26.07~28.07,1000.0,58.0,사용,,
노원구,11350,월계동,202607,아파트_전월세,미륭,월계동,13,51.48,,2000,80,6,9,1986,갱신,26.07~28.07,2000.0,75.0,,,
노원구,11350,상계동,202607,아파트_전월세,상계주공6(고층),상계동,720,41.3,,27000,0,15,9,1988,신규,26.07~28.07,,,,,
노원구,11350,공릉동,202607,아파트_전월세,한일휴니스빌,공릉동,683-14,13.2195,,2000,57,12,2,2013,갱신,26.07~28.07,2000.0,55.0,,,
노원구,11350,중계동,202607,아파트_전월세,상아,중계동,505,51.29,,2000,105,5,9,1989,갱신,26.08~28.08,2000.0,100.0,사용,,
노원구,11350,상계동,202607,아파트_전월세,상계주공9(고층),상계동,670,49.94,,200,50,7,9,1988,신규,26.07~28.07,,,,,
노원구,11350,공릉동,202607,아파트_전월세,동신아파트,공릉동,745,59.99,,32500,19,6,9,1999,갱신,26.08~28.08,32500.0,13.0,사용,,
노원구,11350,상계동,202607,아파트_전월세,"상계주공15(고층,공무원임대)",상계동,624,49.94,,13682,10,7,9,1988,신규,26.08~28.08,,,,,
노원구,11350,하계동,202607,아파트_전월세,학여울청구,하계동,354,59.4,,32500,0,3,9,1999,갱신,26.08~28.08,31000.0,,사용,,
노원구,11350,월계동,202607,아파트_전월세,녹천역두산위브아파트,월계동,950,84.8218,,20000,150,3,9,2017,신규,26.09~29.03,,,,,
노원구,11350,하계동,202607,아파트_전월세,청솔(시영7),하계동,274,49.85,,24400,25,9,9,1989,신규,26.10~28.09,,,,,
노원구,11350,중계동,202607,아파트_전월세,주공4,중계동,358-2,84.79,,62000,0,8,4,1991,신규,26.09~28.09,,,,,
노원구,11350,상계동,202607,아파트_전월세,상계주공10(고층),상계동,666,45.77,,3000,95,14,2,1988,신규,26.09~28.09,,,,,
노원구,11350,상계동,202607,아파트_전월세,상계주공6(고층),상계동,720,59.39,,37000,0,13,8,1988,신규,26.09~28.09,,,,,
노원구,11350,월계동,202607,아파트_전월세,한진한화그랑빌,월계동,18,84.97,,5000,210,6,7,2002,신규,26.10~28.10,,,,,
노원구,11350,하계동,202607,아파트_전월세,청솔(시영7),하계동,274,39.78,,6000,70,10,8,1989,신규,26.07~28.07,,,,,
노원구,11350,월계동,202607,아파트_전월세,한진한화그랑빌,월계동,18,114.97,,65000,0,26,9,2002,신규,26.08~28.08,,,,,
노원구,11350,공릉동,202607,아파트_전월세,대동아파트,공릉동,604-11,84.97,,25000,120,8,3,1999,신규,26.09~28.09,,,,,
노원구,11350,상계동,202607,아파트_전월세,상계주공10(고층),상계동,666,49.94,,35000,0,2,9,1988,신규,26.10~28.10,,,,,
노원구,11350,상계동,202607,아파트_전월세,상계주공11(고층),상계동,652,49.94,,10000,80,14,7,1988,갱신,26.08~27.08,17000.0,18.0,,,
노원구,11350,상계동,202607,아파트_전월세,상계주공13(고층),상계동,637,45.9,,21000,0,11,7,1989,갱신,26.08~28.08,16600.0,,,,
노원구,11350,상계동,202607,아파트_전월세,상계주공4(고층),상계동,749-5,32.39,,2000,75,11,1,1988,신규,26.07~28.07,,,,,
노원구,11350,공릉동,202607,아파트_전월세,태릉해링턴플레이스,공릉동,758,59.98,,52200,0,17,8,2022,갱신,26.08~28.08,52000.0,,사용,,
노원구,11350,상계동,202607,아파트_전월세,상계주공1(고층),상계동,765,49.94,,3000,100,5,8,1988,신규,26.09~28.09,,,,,
노원구,11350,상계동,202607,아파트_전월세,상계주공7(고층),상계동,691,49.94,,38000,0,11,9,1988,신규,26.10~28.10,,,,,
노원구,11350,상계동,202607,아파트_전월세,불암현대,상계동,1293,59.4,,32000,0,13,7,1999,갱신,26.08~28.08,32000.0,,,,
노원구,11350,상계동,202607,아파트_전월세,상계주공14(고층),상계동,626,49.94,,14500,25,3,2,1989,갱신,26.09~28.09,20000.0,,,,
노원구,11350,중계동,202607,아파트_전월세,라이프,중계동,366,115.65,,83000,40,9,8,1993,신규,26.10~28.10,,,,,
노원구,11350,상계동,202607,아파트_전월세,"상계주공15(고층,공무원임대)",상계동,624,41.3,,13890,0,12,9,1988,신규,26.08~28.08,,,,,
노원구,11350,월계동,202607,아파트_전월세,주공2,월계동,556,44.94,,24000,0,3,1,1992,신규,26.09~28.09,,,,,
노원구,11350,중계동,202607,아파트_전월세,주공5,중계동,359-1,44.94,,28000,0,11,2,1992,신규,26.07~28.07,,,,,
노원구,11350,상계동,202607,아파트_전월세,"상계주공15(고층,공무원임대)",상계동,624,41.3,,11112,8,3,6,1988,신규,26.07~28.07,,,,,
노원구,11350,월계동,202607,아파트_전월세,초안1,월계동,923,59.85,,10000,70,6,3,1998,갱신,26.07~28.07,8400.0,57.0,,,
노원구,11350,공릉동,202607,아파트_전월세,풍림아파트A,공릉동,725,84.99,,42000,0,1,8,2001,갱신,26.08~28.08,42000.0,,,,
노원구,11350,하계동,202607,아파트_전월세,청솔(시영7),하계동,274,49.5,,3000,95,10,8,1989,갱신,26.08~28.08,3000.0,90.0,사용,,
노원구,11350,월계동,202607,아파트_전월세,미성,월계동,13,50.14,,16500,0,3,8,1986,갱신,26.07~28.07,15750.0,,사용,,
노원구,11350,월계동,202607,아파트_전월세,미성,월계동,13,50.14,,28000,0,12,4,1986,신규,26.09~28.09,,,,,
노원구,11350,공릉동,202607,아파트_전월세,시영3차(라이프)아파트,공릉동,715,34.44,,23000,0,13,7,1994,신규,26.09~28.09,,,,,
노원구,11350,공릉동,202607,아파트_전월세,비선아파트,공릉동,109,59.87,,44000,0,12,7,1999,갱신,26.08~28.08,37000.0,,,,
노원구,11350,중계동,202607,아파트_전월세,중계그린1단지,중계동,502-1,39.91,,2000,70,3,4,1990,갱신,26.09~28.09,2000.0,70.0,사용,,
노원구,11350,상계동,202607,아파트_전월세,상계주공7(고층),상계동,691,49.94,,28350,0,8,8,1988,갱신,26.07~28.07,27000.0,,사용,,
노원구,11350,중계동,202607,아파트_전월세,성원1,중계동,580,59.75,,52000,0,1,7,1996,갱신,26.09~28.09,44000.0,,,,
노원구,11350,상계동,202607,아파트_전월세,동아불암,상계동,1285,84.9,,33000,30,3,8,1999,갱신,26.07~28.07,33000.0,,,,
노원구,11350,월계동,202607,아파트_전월세,롯데캐슬루나,월계동,947,59.9927,,41000,0,11,8,2006,갱신,26.07~28.07,38000.0,,,,
노원구,11350,중계동,202607,아파트_전월세,롯데우성,중계동,361-1,115.26,,95000,0,4,8,1993,갱신,26.07~28.07,85000.0,,,,
노원구,11350,월계동,202607,아파트_전월세,삼능스페이스향,월계동,380-1,84.91,,49000,0,7,2,2006,신규,26.09~28.09,,,,,
노원구,11350,상계동,202607,아파트_전월세,상계주공14(고층),상계동,626,59.39,,37000,0,15,7,1989,신규,26.09~28.09,,,,,
노원구,11350,하계동,202607,아파트_전월세,장미(시영6),하계동,273,39.92,,17850,0,1,4,1989,갱신,26.08~28.08,17000.0,,사용,,
노원구,11350,월계동,202607,아파트_전월세,미성,월계동,13,50.14,,28000,0,14,4,1986,신규,26.08~28.08,,,,,
노원구,11350,월계동,202607,아파트_전월세,월계센트럴아이파크,월계동,951,59.99,,8000,230,9,2,2020,신규,26.08~28.08,,,,,
노원구,11350,중계동,202607,아파트_전월세,중계무지개,중계동,512,49.54,,30000,0,10,4,1991,신규,26.09~28.09,,,,,
노원구,11350,상계동,202607,아파트_전월세,상계주공10(고층),상계동,666,45.9,,24000,0,6,2,1988,신규,26.08~28.08,,,,,
노원구,11350,상계동,202607,아파트_전월세,상계주공1(고층),상계동,765,41.3,,19950,0,5,7,1988,갱신,26.08~28.08,19000.0,,사용,,
노원구,11350,상계동,202607,아파트_전월세,보람아파트,상계동,639,54.59,,13000,65,14,7,1988,갱신,26.08~28.08,13000.0,50.0,,,
노원구,11350,상계동,202607,아파트_전월세,"상계주공15(고층,공무원임대)",상계동,624,49.94,,16846,0,7,7,1988,갱신,26.09~28.09,16044.0,,,,
노원구,11350,월계동,202607,아파트_전월세,한진한화그랑빌,월계동,18,59.94,,48000,0,19,2,2002,갱신,26.07~28.07,44000.0,,,,
노원구,11350,공릉동,202607,아파트_전월세,시영3차(라이프)아파트,공릉동,715,39.6,,1000,80,14,2,1994,신규,26.09~28.09,,,,,
노원구,11350,하계동,202607,아파트_전월세,한신1,하계동,284,27,,1000,75,3,7,1988,신규,26.10~28.10,,,,,
노원구,11350,상계동,202607,아파트_전월세,"상계주공15(고층,공무원임대)",상계동,624,49.94,,17103,0,14,7,1988,갱신,26.10~28.10,16349.0,,,,
노원구,11350,월계동,202607,아파트_전월세,미성,월계동,13,33.28,,12600,0,5,4,1986,갱신,26.07~28.07,12000.0,,사용,,
노원구,11350,상계동,202607,아파트_전월세,"상계주공15(고층,공무원임대)",상계동,624,41.3,,13890,0,7,7,1988,신규,26.08~28.08,,,,,
노원구,11350,하계동,202607,아파트_전월세,장미(시영6),하계동,273,59.69,,27665,0,4,7,1989,갱신,26.08~28.09,25150.0,,,,
노원구,11350,월계동,202607,아파트_전월세,주공2,월계동,556,44.52,,3000,77,5,7,1992,신규,26.08~28.08,,,,,
노원구,11350,월계동,202607,아파트_전월세,한진한화그랑빌,월계동,18,84.97,,54600,0,13,7,2002,갱신,26.07~28.10,52000.0,,사용,,
노원구,11350,월계동,202607,아파트_전월세,삼호4,월계동,12,50.18,,24100,0,3,2,1987,갱신,26.07~28.07,23000.0,,사용,,
노원구,11350,월계동,202607,아파트_전월세,삼호4,월계동,12,50.18,,32000,0,5,7,1987,신규,26.08~28.08,,,,,
노원구,11350,월계동,202607,아파트_전월세,월계센트럴아이파크,월계동,951,59.99,,35000,70,6,2,2020,갱신,26.07~30.03,30000.0,60.0,,,
노원구,11350,월계동,202607,아파트_전월세,미성,월계동,13,33.28,,10000,25,4,6,1986,갱신,26.08~28.08,10000.0,,,,
노원구,11350,월계동,202607,아파트_전월세,성원(사슴4),월계동,322-1,39.6,,1500,76,4,6,1995,갱신,26.07~28.10,2000.0,70.0,사용,,
노원구,11350,중계동,202607,아파트_전월세,주공2,중계동,369,44.52,,2000,70,13,4,1992,갱신,26.07~28.07,2000.0,55.0,,,
노원구,11350,중계동,202607,아파트_전월세,중계현대2,중계동,435-1,84.34,,10000,170,11,4,1991,신규,26.08~28.08,,,,,
노원구,11350,상계동,202607,아파트_전월세,상계주공16(고층),상계동,624,45.77,,2000,70,3,7,1988,갱신,26.07~27.07,2000.0,70.0,사용,,
노원구,11350,상계동,202607,아파트_전월세,상계주공1(저층),상계동,765,71.89,,35000,0,5,7,1988,갱신,26.08~28.08,27300.0,,,,
노원구,11350,월계동,202607,아파트_전월세,풍림아이원,월계동,944,84.303,,40000,70,9,7,2005,갱신,26.07~28.07,40000.0,45.0,사용,,
노원구,11350,월계동,202607,아파트_전월세,월계센트럴아이파크,월계동,951,59.99,,20000,100,17,2,2020,갱신,26.07~27.11,45000.0,,,,
노원구,11350,하계동,202607,아파트_전월세,하계2현대,하계동,288,84.896,,72000,0,8,7,1997,신규,26.10~28.10,,,,,
노원구,11350,상계동,202607,아파트_전월세,상계주공13(고층),상계동,637,49.94,,30400,0,5,4,1989,갱신,26.08~28.08,29000.0,,사용,,
노원구,11350,상계동,202607,아파트_전월세,상계주공2(고층),상계동,740,60.5,,18000,70,4,7,1987,갱신,26.07~28.07,18000.0,50.0,,,
노원구,11350,하계동,202607,아파트_전월세,학여울청구118동(356),하계동,356,32.76,,874,13,17,7,2002,갱신,26.08~28.07,874.0,13.0,,,
노원구,11350,상계동,202607,아파트_전월세,상계주공9(고층),상계동,670,45.9,,22500,0,2,6,1988,신규,26.09~28.09,,,,,
노원구,11350,월계동,202607,아파트_전월세,한진한화그랑빌,월계동,18,59.94,,38100,0,13,2,2002,갱신,26.07~28.07,36300.0,,,,
노원구,11350,상계동,202607,아파트_전월세,상계주공9(고층),상계동,670,49.94,,5500,108,5,3,1988,신규,26.08~28.08,,,,,
노원구,11350,공릉동,202607,아파트_전월세,비선아파트,공릉동,109,59.74,,30000,0,4,7,1999,신규,26.08~28.08,,,,,
노원구,11350,월계동,202607,아파트_전월세,현대,월계동,929,84.98,,10000,170,17,2,2000,신규,26.08~28.08,,,,,
노원구,11350,중계동,202607,아파트_전월세,양지마을(대림)2,중계동,588,84.88,,60900,0,4,4,1999,갱신,26.07~28.07,58000.0,,사용,,
노원구,11350,공릉동,202607,아파트_전월세,공릉동한보에센시티아파트,공릉동,743,84.93,,44000,0,5,1,2000,갱신,26.08~28.08,42000.0,,사용,,
노원구,11350,공릉동,202607,아파트_전월세,삼익포레스트아파트,공릉동,737,51.03,,32000,0,4,1,1995,신규,26.10~28.10,,,,,
노원구,11350,상계동,202607,아파트_전월세,상계주공12(고층),상계동,647,49.94,,32000,0,4,4,1988,신규,26.09~28.09,,,,,
노원구,11350,상계동,202607,아파트_전월세,"상계주공15(고층,공무원임대)",상계동,624,41.3,,4167,28,2,6,1988,신규,26.07~28.07,,,,,
노원구,11350,상계동,202607,아파트_전월세,상계주공11(고층),상계동,652,58.01,,36000,0,8,3,1988,신규,26.09~28.09,,,,,
노원구,11350,상계동,202607,아파트_전월세,상계주공16(고층),상계동,624,45.77,,13000,35,13,1,1988,신규,26.08~28.08,,,,,
노원구,11350,상계동,202607,아파트_전월세,"상계주공15(고층,공무원임대)",상계동,624,41.3,,4167,28,3,6,1988,신규,26.07~28.07,,,,,
노원구,11350,상계동,202607,아파트_전월세,상계주공6(고층),상계동,720,41.3,,2000,95,5,4,1988,신규,26.07~28.07,,,,,
노원구,11350,중계동,202607,아파트_전월세,청구3,중계동,360-2,84.77,,76100,0,4,4,1996,갱신,26.09~28.09,72500.0,,사용,,
노원구,11350,중계동,202607,아파트_전월세,주공8,중계동,362-1,49.72,,21000,0,6,4,1993,갱신,26.07~28.07,20000.0,,사용,,
노원구,11350,하계동,202607,아파트_전월세,한신1,하계동,284,27,,1000,52,10,3,1988,신규,26.07~28.07,,,,,
노원구,11350,월계동,202607,아파트_전월세,성원(사슴4),월계동,322-1,59.94,,26500,0,9,5,1995,갱신,26.08~28.08,25300.0,,,,
노원구,11350,상계동,202607,아파트_전월세,상계주공6(고층),상계동,720,58.01,,26200,0,15,4,1988,갱신,26.07~28.07,25000.0,,사용,,
노원구,11350,공릉동,202607,아파트_전월세,태릉해링턴플레이스,공릉동,758,84.98,,70000,0,13,4,2022,갱신,26.07~28.07,70000.0,,,,
노원구,11350,상계동,202607,아파트_전월세,상계주공1(고층),상계동,765,49.94,,28000,0,9,6,1988,신규,26.09~28.09,,,,,
노원구,11350,월계동,202607,아파트_전월세,주공2,월계동,556,38.64,,15000,0,10,6,1992,신규,26.09~28.09,,,,,
노원구,11350,상계동,202607,아파트_전월세,수락리버시티3단지,상계동,1312,84.88,,45000,0,2,6,2009,신규,26.10~28.10,,,,,
노원구,11350,상계동,202607,아파트_전월세,센트럴타워,상계동,581-2,84.89,,45000,0,4,4,2005,신규,26.10~28.10,,,,,
노원구,11350,상계동,202607,아파트_전월세,상계주공12(고층),상계동,647,41.3,,15214,0,15,6,1988,갱신,26.08~28.08,14490.0,,,,
노원구,11350,상계동,202607,아파트_전월세,소담빌,상계동,330-29,14.65,,500,60,8,4,2014,신규,26.07~27.07,,,,,
노원구,11350,하계동,202607,아파트_전월세,건영,하계동,271-3,53.14,,28000,0,1,6,1988,신규,26.09~28.09,,,,,
노원구,11350,공릉동,202607,아파트_전월세,태강아파트(아이파크),공릉동,81,49.6,,20000,80,14,4,1999,신규,26.09~28.09,,,,,
노원구,11350,중계동,202607,아파트_전월세,한화꿈에그린,중계동,598,84.902,,53500,0,11,4,2005,갱신,26.07~28.07,51000.0,,사용,,
노원구,11350,상계동,202607,아파트_전월세,상계주공10(고층),상계동,666,49.94,,24000,0,7,6,1988,갱신,26.09~28.09,24000.0,,사용,,
노원구,11350,월계동,202607,아파트_전월세,건양노블레스빌,월계동,938,84.659,,55000,0,3,4,2003,신규,26.09~28.09,,,,,
노원구,11350,월계동,202607,아파트_전월세,미성,월계동,13,50.14,,27300,0,2,4,1986,신규,26.09~28.09,,,,,
노원구,11350,중계동,202607,아파트_전월세,중계3우성,중계동,585,59.94,,2000,150,7,6,1999,갱신,26.07~28.07,200.0,120.0,,,
노원구,11350,상계동,202607,아파트_전월세,청암2단지,상계동,1276,49.77,,26000,0,10,4,2001,갱신,26.08~28.08,25000.0,,사용,,
노원구,11350,공릉동,202607,아파트_전월세,공릉우성아파트,공릉동,738,84.97,,20000,150,5,4,1995,신규,26.09~28.09,,,,,
노원구,11350,공릉동,202607,아파트_전월세,우방아파트,공릉동,108,60.502,,38000,15,5,4,2000,갱신,26.07~28.07,38000.0,,,,
노원구,11350,상계동,202607,아파트_전월세,해링턴플레이스노원센트럴,상계동,690,23.5668,,3600,58,5,6,2025,신규,26.09~28.09,,,,,
노원구,11350,상계동,202607,아파트_전월세,"상계주공15(고층,공무원임대)",상계동,624,41.3,,13890,0,3,6,1988,신규,26.07~28.07,,,,,
노원구,11350,하계동,202607,아파트_전월세,한신동성,하계동,256-5,112.24,,70000,0,5,6,1993,갱신,26.08~28.08,55000.0,,,,
노원구,11350,상계동,202607,아파트_전월세,상계주공16(고층),상계동,624,59.39,,29400,0,12,4,1988,갱신,26.08~28.08,28000.0,,사용,,
노원구,11350,중계동,202607,아파트_전월세,중계무지개,중계동,512,39.96,,1000,84,9,4,1991,갱신,26.07~28.07,1000.0,80.0,사용,,
노원구,11350,월계동,202607,아파트_전월세,미륭,월계동,13,51.48,,26250,0,10,4,1986,갱신,26.10~28.10,25000.0,,사용,,
노원구,11350,상계동,202607,아파트_전월세,상계불암대림,상계동,1289,84.96,,43000,0,6,4,2000,갱신,26.08~28.08,36000.0,,,,
노원구,11350,상계동,202607,아파트_전월세,상계주공9(고층),상계동,670,45.9,,24000,0,13,4,1988,신규,26.09~28.09,,,,,
노원구,11350,중계동,202607,아파트_전월세,성원2,중계동,581,56.97,,33000,0,6,4,1995,신규,26.08~28.08,,,,,
노원구,11350,상계동,202607,아파트_전월세,은빛1단지,상계동,1255,59.92,,37000,0,5,4,1998,신규,26.10~28.10,,,,,
노원구,11350,상계동,202607,아파트_전월세,은빛1단지,상계동,1255,59.95,,5000,130,3,3,1998,신규,26.09~28.09,,,,,
노원구,11350,상계동,202607,아파트_전월세,상계주공9(고층),상계동,670,45.9,,25000,0,15,4,1988,신규,26.08~28.08,,,,,
노원구,11350,중계동,202607,아파트_전월세,주공6,중계동,364-12,44.1,,1000,73,12,5,1993,갱신,26.08~28.08,1000.0,66.0,사용,,
노원구,11350,중계동,202607,아파트_전월세,주공6,중계동,364-12,44.1,,2000,84,4,6,1993,갱신,26.07~28.07,2000.0,80.0,사용,,
노원구,11350,상계동,202607,아파트_전월세,상계주공10(고층),상계동,666,49.94,,32000,0,9,4,1988,신규,26.09~28.09,,,,,
노원구,11350,상계동,202607,아파트_전월세,"상계주공15(고층,공무원임대)",상계동,624,41.3,,2778,32,13,4,1988,신규,26.08~28.07,,,,,
노원구,11350,상계동,202607,아파트_전월세,"상계주공15(고층,공무원임대)",상계동,624,41.3,,6945,20,9,4,1988,신규,26.08~28.08,,,,,
노원구,11350,월계동,202607,아파트_전월세,미륭,월계동,13,51.48,,30000,0,13,3,1986,신규,26.10~28.10,,,,,
노원구,11350,상계동,202607,아파트_전월세,상계주공16(고층),상계동,624,45.77,,24000,0,9,3,1988,신규,26.09~28.09,,,,,
노원구,11350,중계동,202607,아파트_전월세,중계무지개,중계동,512,39.96,,2000,105,2,2,1991,신규,26.07~28.07,,,,,
노원구,11350,상계동,202607,아파트_전월세,은빛1단지,상계동,1255,59.95,,3000,90,11,3,1998,갱신,26.08~28.08,3000.0,85.0,사용,,
노원구,11350,상계동,202607,아파트_전월세,노원센트럴푸르지오,상계동,1355,59.996,,51450,0,6,2,2021,갱신,26.07~28.07,49000.0,,사용,,
노원구,11350,상계동,202607,아파트_전월세,성원상떼빌,상계동,1283,59.93,,10000,0,12,2,1999,신규,26.07~26.08,,,,,
노원구,11350,월계동,202607,아파트_전월세,삼호3,월계동,13,59.22,,2000,95,13,3,1986,갱신,26.07~28.07,2000.0,75.0,,,
노원구,11350,중계동,202607,아파트_전월세,청구3,중계동,360-2,84.77,,65800,0,9,3,1996,갱신,26.07~28.07,62800.0,,,,
노원구,11350,월계동,202607,아파트_전월세,미성,월계동,13,33.28,,2000,75,3,1,1986,신규,26.08~28.08,,,,,
노원구,11350,중계동,202607,아파트_전월세,삼성,중계동,593,114.49,,70000,0,13,3,1999,갱신,26.08~28.08,67000.0,,사용,,
노원구,11350,중계동,202607,아파트_전월세,건영3,중계동,360-15,84.9,,40000,200,9,1,1995,신규,26.10~28.10,,,,,
노원구,11350,월계동,202607,아파트_전월세,삼호4,월계동,12,50.18,,5000,110,13,2,1987,신규,26.09~28.09,,,,,
노원구,11350,상계동,202607,아파트_전월세,상계주공6(고층),상계동,720,49.94,,23100,0,6,3,1988,신규,26.08~28.08,,,,,
노원구,11350,월계동,202607,아파트_전월세,한진한화그랑빌,월계동,18,114.97,,45000,155,19,2,2002,신규,26.09~28.09,,,,,
노원구,11350,월계동,202607,아파트_전월세,미륭,월계동,13,51.48,,32000,0,4,3,1986,신규,26.09~28.09,,,,,
노원구,11350,중계동,202607,아파트_전월세,양지마을(대림)2,중계동,588,84.88,,61950,0,12,2,1999,갱신,26.07~26.11,59000.0,,사용,,
노원구,11350,상계동,202607,아파트_전월세,상계주공7(고층),상계동,691,45.9,,18900,0,4,2,1988,갱신,26.09~28.09,18000.0,,사용,,
노원구,11350,중계동,202607,아파트_전월세,중계그린1단지,중계동,502-1,39.78,,1000,90,10,3,1990,갱신,26.07~28.07,1000.0,75.0,,,
노원구,11350,하계동,202607,아파트_전월세,학여울청구,하계동,354,113.51,,70000,0,14,2,1999,갱신,26.09~28.09,60000.0,,,,
노원구,11350,월계동,202607,아파트_전월세,삼능스페이스향,월계동,380-1,84.91,,49000,0,7,2,2006,신규,26.09~28.09,,,,,
노원구,11350,하계동,202607,아파트_전월세,벽산,하계동,271-3,84.85,,53000,0,1,2,1988,갱신,26.09~28.09,46000.0,,,,
노원구,11350,공릉동,202607,아파트_전월세,화랑해링턴플레이스아파트,공릉동,746,59.84,,38000,0,9,2,1999,신규,26.09~28.09,,,,,
노원구,11350,중계동,202607,아파트_전월세,주공8,중계동,362-1,49.72,,40000,0,2,2,1993,신규,26.07~28.07,,,,,
노원구,11350,상계동,202607,아파트_전월세,"상계주공15(고층,공무원임대)",상계동,624,49.94,,11972,15,11,2,1988,신규,26.07~28.07,,,,,
노원구,11350,중계동,202607,아파트_전월세,중계무지개,중계동,512,49.54,,33000,0,12,1,1991,갱신,26.08~28.08,23000.0,,,,
노원구,11350,월계동,202607,아파트_전월세,꿈의숲SKVIEW,월계동,949,84.93,,52000,0,6,2,2016,갱신,26.07~28.10,50000.0,,사용,,
노원구,11350,상계동,202607,아파트_전월세,상계주공6(고층),상계동,720,58.01,,32000,0,8,2,1988,갱신,26.07~28.07,30000.0,,,,
노원구,11350,월계동,202607,아파트_전월세,미륭,월계동,13,51.48,,28000,0,5,2,1986,신규,26.08~28.08,,,,,
노원구,11350,상계동,202607,아파트_전월세,상계주공4(고층),상계동,749-5,58.01,,37000,0,11,2,1988,신규,26.10~28.10,,,,,
노원구,11350,월계동,202607,아파트_전월세,장은하이빌,월계동,931,81.8788,,43000,0,11,1,2002,갱신,26.09~28.09,43000.0,,사용,,
노원구,11350,상계동,202607,아파트_전월세,상계주공16(고층),상계동,624,59.39,,22000,0,7,2,1988,갱신,26.07~28.07,15000.0,40.0,,,
노원구,11350,상계동,202607,아파트_전월세,상계주공4(고층),상계동,749-5,38,,21000,0,9,1,1988,갱신,26.07~28.06,20000.0,,사용,,
노원구,11350,월계동,202607,아파트_전월세,주공2,월계동,556,59.97,,30000,0,12,2,1992,신규,26.09~28.09,,,,,
노원구,11350,월계동,202607,아파트_전월세,사슴3,월계동,320-11,33.18,,1000,67,13,1,1995,갱신,26.07~27.07,1000.0,60.0,,,
노원구,11350,공릉동,202607,아파트_전월세,시영2단지(라이프)아파트,공릉동,707,34.44,,19000,6,8,2,1994,갱신,26.07~28.07,20000.0,,,,
노원구,11350,중계동,202607,아파트_전월세,신동아(366),중계동,366,115.35,,55000,150,7,2,1993,갱신,26.08~28.08,52000.0,150.0,,,
노원구,11350,상계동,202607,아파트_전월세,은빛2단지,상계동,1256,49.77,,33000,0,15,2,1998,신규,26.09~28.02,,,,,
노원구,11350,하계동,202607,아파트_전월세,장미(시영6),하계동,273,49.75,,2000,63,6,1,1989,갱신,26.08~28.08,2000.0,60.0,사용,,
노원구,11350,상계동,202607,아파트_전월세,불암현대아파트(106동),상계동,1294,27,,3202,0,21,1,1999,신규,26.08~28.07,,,,,
노원구,11350,중계동,202607,아파트_전월세,한화꿈에그린,중계동,598,84.902,,20000,150,5,1,2005,신규,26.08~28.08,,,,,
노원구,11350,월계동,202607,아파트_전월세,사슴1,월계동,321,24.12,,519,7,12,1,1995,신규,26.07~28.09,,,,,
노원구,11350,상계동,202607,아파트_전월세,상계주공4(고층),상계동,749-5,38,,15550,0,4,1,1988,갱신,26.08~27.08,15550.0,,,,
노원구,11350,상계동,202607,아파트_전월세,상계주공11(고층),상계동,652,49.94,,2000,60,8,1,1988,갱신,26.07~30.07,2000.0,60.0,사용,,
노원구,11350,상계동,202607,아파트_전월세,상계주공11(고층),상계동,652,41.3,,2000,90,11,1,1988,갱신,26.07~28.07,2000.0,65.0,,,
노원구,11350,상계동,202607,아파트_전월세,상계주공6(고층),상계동,720,59.2,,2000,110,8,1,1988,갱신,26.08~28.08,2000.0,100.0,사용,,
노원구,11350,중계동,202607,아파트_전월세,주공7,중계동,363-1,44.1,,15900,0,8,1,1993,갱신,26.08~28.08,15400.0,,사용,,
노원구,11350,상계동,202607,아파트_전월세,대동황토방,상계동,1284,60,,30000,60,21,1,2001,신규,26.08~28.08,,,,,
노원구,11350,공릉동,202607,아파트_전월세,시영2단지(라이프)아파트,공릉동,707,34.44,,17000,0,7,1,1994,신규,26.07~28.07,,,,,
노원구,11350,공릉동,202607,아파트_전월세,공릉1단지아파트,공릉동,708,24.79,,178,4,6,1,1994,신규,26.07~28.09,,,,,
노원구,11350,중계동,202607,아파트_전월세,중계무지개,중계동,512,49.54,,2000,120,6,1,1991,신규,26.08~28.08,,,,,
노원구,11350,상계동,202607,아파트_전월세,미도,상계동,766-1,87.57,,20000,75,13,1,1988,갱신,26.07~28.07,25000.0,27.0,,,
노원구,11350,월계동,202607,아파트_전월세,사슴1,월계동,321,24.12,,174,4,5,1,1995,신규,26.07~28.09,,,,,
노원구,11350,월계동,202607,아파트_전월세,사슴1,월계동,321,24.12,,174,4,8,1,1995,신규,26.07~28.09,,,,,
노원구,11350,상계동,202607,아파트_전월세,상계주공16(고층),상계동,624,45.77,,1500,75,1,1,1988,신규,26.09~28.09,,,,,
노원구,11350,중계동,202607,오피스텔_매매,씨앤미,중계동,509-1,50.35,22200,,,7,23,2004,,,,,,중개거래,
노원구,11350,상계동,202607,오피스텔_매매,수락네스트죤,상계동,1132-28,31.99,8800,,,7,31,2003,,,,,,중개거래,
노원구,11350,상계동,202607,오피스텔_매매,토마토파르코,상계동,1267,32.967,14050,,,5,25,2005,,,,,,중개거래,
노원구,11350,중계동,202607,오피스텔_매매,(506),중계동,506,41.68,21500,,,7,25,2005,,,,,,중개거래,
노원구,11350,상계동,202607,오피스텔_매매,하이베라스,상계동,1262,41.35,16000,,,5,3,2003,,,,,,중개거래,
노원구,11350,중계동,202607,오피스텔_매매,(506),중계동,506,93.37,71000,,,11,11,2005,,,,,,중개거래,
노원구,11350,중계동,202607,오피스텔_매매,(506),중계동,506,51.3,34000,,,4,11,2005,,,,,,중개거래,
노원구,11350,공릉동,202607,오피스텔_매매,엘네스트빌 오피스텔,공릉동,653-5,22.8,11600,,,5,9,2003,,,,,,중개거래,
노원구,11350,중계동,202607,오피스텔_매매,우암에이스타워,중계동,143,33.06,13500,,,8,8,2003,,,,,,중개거래,
노원구,11350,공릉동,202607,연립다세대_매매,리치빌,공릉동,593-8,58.28,30500,,,3,29,2002,,,,,,중개거래,
노원구,11350,중계동,202607,연립다세대_매매,한신월드타운(168-10),중계동,168-10,59.96,33500,,,3,23,2011,,,,,,중개거래,
노원구,11350,월계동,202607,연립다세대_매매,삼일시티빌,월계동,390-26,47.42,39000,,,2,25,2016,,,,,,중개거래,
노원구,11350,상계동,202607,연립다세대_매매,해오름아트빌A동,상계동,1019-24,54.65,25000,,,5,23,2013,,,,,,중개거래,
노원구,11350,중계동,202607,연립다세대_매매,선화,중계동,107-25,47.61,7500,,,-1,15,1995,,,,,,중개거래,
노원구,11350,공릉동,202607,연립다세대_매매,청화주택(561-9),공릉동,561-9,67.29,33000,,,1,13,2002,,,,,,중개거래,
노원구,11350,월계동,202607,연립다세대_매매,테라팰리스1,월계동,477-4,47.169,48000,,,3,31,2023,,,,,,중개거래,
노원구,11350,공릉동,202607,연립다세대_매매,(240-170),공릉동,240-170,60.47,53390,,,3,29,2022,,,,,,직거래,
노원구,11350,상계동,202607,연립다세대_매매,보람빌라17차,상계동,1381,38.61,35300,,,1,25,1997,,,,,,중개거래,
노원구,11350,중계동,202607,연립다세대_매매,한솔에코빌(130-1),중계동,130-1,40.18,30000,,,6,25,2014,,,,,,중개거래,
노원구,11350,월계동,202607,연립다세대_매매,삼성맨션,월계동,496-41,70.36,31000,,,4,13,2002,,,,,,중개거래,
노원구,11350,상계동,202607,연립다세대_매매,현대빌라,상계동,77-45,45.24,24900,,,2,30,1992,,,,,,중개거래,
노원구,11350,공릉동,202607,연립다세대_매매,CJ빌,공릉동,270-57,21.74,10900,,,2,29,2001,,,,,,중개거래,
노원구,11350,하계동,202607,연립다세대_매매,보람빌라트,하계동,71,63.22,15000,,,-1,9,1996,,,,,,중개거래,
노원구,11350,공릉동,202607,연립다세대_매매,(404-16),공릉동,404-16,44.22,17300,,,2,14,1993,,,,,,직거래,
노원구,11350,상계동,202607,연립다세대_매매,이화빌라G,상계동,322-42,37.71,24000,,,1,28,1992,,,,,,중개거래,
노원구,11350,상계동,202607,연립다세대_매매,"백승빌라3,4동",상계동,1116-96,32.69,9700,,,-1,27,1993,,,,,,중개거래,
노원구,11350,상계동,202607,연립다세대_매매,LG빌라1차,상계동,1388-45,54.97,41500,,,2,27,1996,,,,,,중개거래,
노원구,11350,공릉동,202607,연립다세대_매매,혜양빌라트,공릉동,513-29,55.79,28000,,,3,4,1998,,,,,,중개거래,
노원구,11350,공릉동,202607,연립다세대_매매,청운명가(592-7),공릉동,592-7,28.93,29000,,,3,1,2023,,,,,,직거래,
노원구,11350,중계동,202607,연립다세대_매매,에이원빌리지,중계동,142-8,29.97,21400,,,2,12,2017,,,,,,중개거래,
노원구,11350,상계동,202607,연립다세대_매매,(379-0),상계동,379,44.78,38500,,,3,8,2015,,,,,,중개거래,
노원구,11350,상계동,202607,연립다세대_매매,한신빌라C,상계동,451-21,47.55,26000,,,2,4,1989,,,,,,중개거래,
노원구,11350,상계동,202607,연립다세대_매매,초록하이츠빌라4차,상계동,1384-13,59.78,44000,,,1,4,1997,,,,,,중개거래,
노원구,11350,하계동,202607,연립다세대_매매,한신코아,하계동,285,101.99,100500,,,3,20,1994,,,,,,중개거래,
노원구,11350,월계동,202607,연립다세대_매매,하버드빌리지,월계동,376-62,16.37,10200,,,4,16,2011,,,,,,중개거래,
노원구,11350,상계동,202607,연립다세대_매매,보람빌라17차,상계동,1381,60.21,45700,,,2,18,1997,,,,,,중개거래,
노원구,11350,상계동,202607,연립다세대_매매,덕우빌라,상계동,72-4,61.56,20000,,,2,16,1989,,,,,,중개거래,
노원구,11350,상계동,202607,연립다세대_매매,LG빌라2차,상계동,1388-42,49.89,41300,,,1,13,1996,,,,,,중개거래,
노원구,11350,상계동,202607,연립다세대_매매,그랜드빌,상계동,135-33,38.61,27000,,,2,14,2013,,,,,,중개거래,
노원구,11350,상계동,202607,연립다세대_매매,초산아트빌라,상계동,1386,39.2,33050,,,4,11,1996,,,,,,중개거래,
노원구,11350,월계동,202607,연립다세대_매매,(382-25),월계동,382-25,27.99,12900,,,1,11,2009,,,,,,중개거래,
노원구,11350,상계동,202607,연립다세대_매매,한신빌라C,상계동,451-21,46.62,25000,,,1,10,1989,,,,,,중개거래,
노원구,11350,공릉동,202607,연립다세대_매매,우공리온빌,공릉동,371-3,53.11,35000,,,3,13,2018,,,,,,중개거래,
노원구,11350,월계동,202607,연립다세대_매매,하버드빌리지,월계동,376-62,12.58,11000,,,2,13,2011,,,,,,중개거래,
노원구,11350,중계동,202607,연립다세대_매매,세한빌라,중계동,68-5,55.45,21600,,,2,4,2003,,,,,,중개거래,
노원구,11350,공릉동,202607,연립다세대_매매,용진주택,공릉동,566-35,40.59,19000,,,1,13,1986,,,,,,중개거래,O
노원구,11350,상계동,202607,연립다세대_매매,선화빌라,상계동,1396-1,49.68,42450,,,4,4,1994,,,,,,중개거래,
노원구,11350,하계동,202607,연립다세대_매매,청구하계301및302동,하계동,275,147.91,91800,,,2,4,1996,,,,,,중개거래,
노원구,11350,중계동,202607,연립다세대_매매,중계우암타운,중계동,27,74.19,41000,,,7,6,2001,,,,,,중개거래,
노원구,11350,상계동,202607,연립다세대_매매,(90-22),상계동,90-22,23.81,37000,,,5,4,2003,,,,,,중개거래,
노원구,11350,상계동,202607,연립다세대_매매,장미빌라,상계동,1381-8,43.15,32300,,,-1,2,1995,,,,,,중개거래,
노원구,11350,공릉동,202607,아파트_매매,공릉해링턴플레이스,공릉동,106,99.917,97000,,,7,24,2000,,,,,,중개거래,
노원구,11350,상계동,202607,아파트_매매,노원롯데캐슬시그니처,상계동,1410,84.999,126000,,,21,31,2023,,,,,,중개거래,
노원구,11350,상계동,202607,아파트_매매,상계주공12(고층),상계동,647,61.52,74000,,,7,25,1988,,,,,,중개거래,
노원구,11350,공릉동,202607,아파트_매매,동신아파트,공릉동,745,84.97,82800,,,5,31,1999,,,,,,중개거래,
노원구,11350,월계동,202607,아파트_매매,동신,월계동,436,91.54,98000,,,9,30,1983,,,,,,중개거래,
노원구,11350,월계동,202607,아파트_매매,미성,월계동,13,50.14,96800,,,2,31,1986,,,,,,중개거래,
노원구,11350,상계동,202607,아파트_매매,상계주공1(고층),상계동,765,41.3,55500,,,15,15,1988,,,,,,중개거래,
노원구,11350,월계동,202607,아파트_매매,현대,월계동,929,59.95,89500,,,14,13,2000,,,,,,중개거래,
노원구,11350,중계동,202607,아파트_매매,극동의푸른별1차,중계동,600,84.97,64000,,,3,23,2005,,,,,,중개거래,
노원구,11350,하계동,202607,아파트_매매,청솔(시영7),하계동,274,49.5,63700,,,5,27,1989,,,,,,중개거래,
노원구,11350,하계동,202607,아파트_매매,한신1,하계동,284,44.52,59500,,,1,25,1988,,,,,,중개거래,
노원구,11350,상계동,202607,아파트_매매,상계주공10(고층),상계동,666,49.94,68000,,,4,25,1988,,,,,,중개거래,
노원구,11350,월계동,202607,아파트_매매,청백3,월계동,780,49.77,39800,,,2,31,1998,,,,,,중개거래,
노원구,11350,월계동,202607,아파트_매매,청백3,월계동,780,59.4,51500,,,2,31,1998,,,,,,중개거래,
노원구,11350,월계동,202607,아파트_매매,사슴3,월계동,320-11,33.18,35000,,,15,29,1995,,,,,,중개거래,
노원구,11350,상계동,202607,아파트_매매,상계주공2(고층),상계동,740,59.39,69500,,,11,29,1987,,,,,,중개거래,
노원구,11350,중계동,202607,아파트_매매,중계그린1단지,중계동,502-1,44.1,68300,,,7,31,1990,,,,,,중개거래,
노원구,11350,공릉동,202607,아파트_매매,임성아파트,공릉동,389-13,60,49000,,,4,28,1997,,,,,,중개거래,
노원구,11350,하계동,202607,아파트_매매,청솔(시영7),하계동,274,59.7,71000,,,5,31,1989,,,,,,중개거래,
노원구,11350,상계동,202607,아파트_매매,상계주공1(고층),상계동,765,58.01,72000,,,6,28,1988,,,,,,중개거래,
노원구,11350,공릉동,202607,아파트_매매,대동아파트,공릉동,604-11,84.97,72800,,,15,31,1999,,,,,,중개거래,
노원구,11350,상계동,202607,아파트_매매,상계주공7(고층),상계동,691,49.94,63100,,,14,14,1988,,,,,,직거래,
노원구,11350,상계동,202607,아파트_매매,미도,상계동,766-1,87.57,83000,,,5,26,1988,,,,,,중개거래,
노원구,11350,상계동,202607,아파트_매매,벽산,상계동,173-1,59.9,49300,,,15,28,1989,,,,,,중개거래,
노원구,11350,상계동,202607,아파트_매매,상계대림,상계동,172,84.91,66000,,,8,24,1989,,,,,,직거래,
노원구,11350,상계동,202607,아파트_매매,상계주공11(고층),상계동,652,49.94,64500,,,6,31,1988,,,,,,중개거래,
노원구,11350,중계동,202607,아파트_매매,양지마을(대림)1,중계동,587,114.96,118500,,,6,31,1998,,,,,,중개거래,
노원구,11350,공릉동,202607,아파트_매매,시영3차(라이프)아파트,공릉동,715,34.44,34500,,,1,31,1994,,,,,,중개거래,
노원구,11350,중계동,202607,아파트_매매,롯데우성,중계동,361-1,115.26,133000,,,1,31,1993,,,,,,중개거래,
노원구,11350,공릉동,202607,아파트_매매,동신아파트,공릉동,745,59.99,59400,,,5,31,1999,,,,,,중개거래,
노원구,11350,상계동,202607,아파트_매매,상계주공13(고층),상계동,637,41.3,40000,,,7,31,1989,,,,,,중개거래,
노원구,11350,중계동,202607,아파트_매매,주공2,중계동,369,44.52,36800,,,3,25,1992,,,,,,중개거래,
노원구,11350,상계동,202607,아파트_매매,미도,상계동,766-1,87.57,79500,,,7,31,1988,,,,,,중개거래,
노원구,11350,중계동,202607,아파트_매매,주공5,중계동,359-1,58.46,90000,,,10,31,1992,,,,,,중개거래,
노원구,11350,월계동,202607,아파트_매매,극동,월계동,803-1,80.28,51000,,,13,31,1996,,,,,,중개거래,
노원구,11350,상계동,202607,아파트_매매,상계대림,상계동,172,84.91,68500,,,12,31,1989,,,,,,중개거래,
노원구,11350,하계동,202607,아파트_매매,청솔(시영7),하계동,274,49.85,64700,,,13,31,1989,,,,,,중개거래,
노원구,11350,공릉동,202607,아파트_매매,시영2단지(라이프)아파트,공릉동,707,49.5,60000,,,15,31,1994,,,,,,중개거래,
노원구,11350,중계동,202607,아파트_매매,중계3우성,중계동,585,84.87,80000,,,1,31,1999,,,,,,중개거래,
노원구,11350,상계동,202607,아파트_매매,상계주공4(고층),상계동,749-5,41.3,56200,,,10,31,1988,,,,,,중개거래,
노원구,11350,상계동,202607,아파트_매매,은빛1단지,상계동,1255,59.95,56700,,,15,31,1998,,,,,,중개거래,
노원구,11350,공릉동,202607,아파트_매매,하나플러스,공릉동,587-8,84.92,63500,,,3,4,2004,,,,,,중개거래,
노원구,11350,하계동,202607,아파트_매매,한신동성,하계동,256-5,138.29,115000,,,11,25,1993,,,,,,중개거래,
노원구,11350,상계동,202607,아파트_매매,현대2차,상계동,1078,83.45,54500,,,1,31,1993,,,,,,중개거래,
노원구,11350,상계동,202607,아파트_매매,상계주공4(고층),상계동,749-5,37.46,48500,,,8,31,1988,,,,,,중개거래,
노원구,11350,상계동,202607,아파트_매매,상계주공16(고층),상계동,624,45.77,47800,,,6,31,1988,,,,,,중개거래,
노원구,11350,월계동,202607,아파트_매매,한진한화그랑빌,월계동,18,84.97,118750,,,23,31,2002,,,,,,중개거래,
노원구,11350,상계동,202607,아파트_매매,상계주공6(고층),상계동,720,58.01,80000,,,3,11,1988,,,,,,중개거래,
노원구,11350,상계동,202607,아파트_매매,상계주공13(고층),상계동,637,58.01,59900,,,7,31,1989,,,,,,중개거래,
노원구,11350,상계동,202607,아파트_매매,상계주공7(고층),상계동,691,45.9,62000,,,9,31,1988,,,,,,중개거래,
노원구,11350,상계동,202607,아파트_매매,상계주공6(고층),상계동,720,58.01,79800,,,13,30,1988,,,,,,중개거래,
노원구,11350,공릉동,202607,아파트_매매,청솔아파트9,공릉동,90,84.9,80500,,,3,30,2000,,,,,,중개거래,
노원구,11350,공릉동,202607,아파트_매매,우국리더스빌,공릉동,757,59.96,59000,,,6,30,2006,,,,,,중개거래,
노원구,11350,상계동,202607,아파트_매매,두산,상계동,1110,58.65,54000,,,8,29,1994,,,,,,중개거래,
노원구,11350,상계동,202607,아파트_매매,상계주공3(고층),상계동,730-2,58.01,85000,,,12,30,1987,,,,,,중개거래,
노원구,11350,공릉동,202607,아파트_매매,우국리더스빌,공릉동,757,65.6,62500,,,12,30,2006,,,,,,중개거래,
노원구,11350,상계동,202607,아파트_매매,상계주공14(고층),상계동,626,45.9,46000,,,7,30,1989,,,,,,중개거래,
노원구,11350,월계동,202607,아파트_매매,동신,월계동,436,91.54,109500,,,10,30,1983,,,,,,중개거래,
노원구,11350,상계동,202607,아파트_매매,상계주공1(고층),상계동,765,58.01,69400,,,5,23,1988,,,,,,중개거래,
노원구,11350,상계동,202607,아파트_매매,청암2단지,상계동,1276,49.77,46300,,,11,30,2001,,,,,,중개거래,
노원구,11350,상계동,202607,아파트_매매,노원롯데캐슬시그니처,상계동,1410,59.996,94600,,,5,30,2023,,,,,,중개거래,
노원구,11350,월계동,202607,아파트_매매,청백4,월계동,781,39.84,32500,,,7,29,1998,,,,,,중개거래,
노원구,11350,중계동,202607,아파트_매매,주공2,중계동,369,44.52,40000,,,9,30,1992,,,,,,중개거래,
노원구,11350,중계동,202607,아파트_매매,주공2,중계동,369,44.52,34000,,,1,29,1992,,,,,,중개거래,
노원구,11350,상계동,202607,아파트_매매,송이월드A동,상계동,1101-2,41.18,27000,,,7,30,2004,,,,,,중개거래,
노원구,11350,상계동,202607,아파트_매매,상계주공13(고층),상계동,637,41.3,38000,,,3,30,1989,,,,,,중개거래,
노원구,11350,상계동,202607,아파트_매매,상계주공14(고층),상계동,626,49.94,58000,,,1,30,1989,,,,,,중개거래,
노원구,11350,상계동,202607,아파트_매매,상계주공7(고층),상계동,691,49.94,74000,,,3,30,1988,,,,,,중개거래,
노원구,11350,월계동,202607,아파트_매매,한일1,월계동,926,59.953,60000,,,1,14,1999,,,,,,중개거래,
노원구,11350,월계동,202607,아파트_매매,동신,월계동,436,70.81,97000,,,12,28,1983,,,,,,중개거래,
노원구,11350,상계동,202607,아파트_매매,상계주공6(고층),상계동,720,58.01,79300,,,4,30,1988,,,,,,중개거래,
노원구,11350,상계동,202607,아파트_매매,상계주공1(고층),상계동,765,41.3,52000,,,14,30,1988,,,,,,중개거래,
노원구,11350,상계동,202607,아파트_매매,성원상떼빌,상계동,1283,59.93,50000,,,10,30,1999,,,,,,중개거래,
노원구,11350,중계동,202607,아파트_매매,주공2,중계동,369,44.52,39000,,,1,30,1992,,,,,,중개거래,
노원구,11350,중계동,202607,아파트_매매,삼창타워주상프라자,중계동,584-1,59.39,50000,,,5,30,1997,,,,,,중개거래,
노원구,11350,월계동,202607,아파트_매매,현대,월계동,929,59.95,95500,,,24,22,2000,,,,,,중개거래,
노원구,11350,공릉동,202607,아파트_매매,시영2단지(라이프)아파트,공릉동,707,39.6,42000,,,9,30,1994,,,,,,중개거래,
노원구,11350,중계동,202607,아파트_매매,주공6,중계동,364-12,44.1,48000,,,7,30,1993,,,,,,중개거래,
노원구,11350,하계동,202607,아파트_매매,청솔(시영7),하계동,274,39.78,45800,,,4,29,1989,,,,,,중개거래,
노원구,11350,상계동,202607,아파트_매매,보람아파트,상계동,639,54.59,59000,,,13,29,1988,,,,,,중개거래,
노원구,11350,공릉동,202607,아파트_매매,신도1차아파트,공릉동,748,117.168,94000,,,12,29,2002,,,,,,중개거래,
노원구,11350,하계동,202607,아파트_매매,장미(시영6),하계동,273,59.22,85000,,,5,29,1989,,,,,,중개거래,
노원구,11350,중계동,202607,아파트_매매,주공6,중계동,364-12,44.1,42500,,,1,29,1993,,,,,,중개거래,
노원구,11350,공릉동,202607,아파트_매매,우국리더스빌,공릉동,757,65.6,60000,,,13,29,2006,,,,,,중개거래,
노원구,11350,하계동,202607,아파트_매매,장미(시영6),하계동,273,49.5,76000,,,5,16,1989,,,,,,중개거래,
노원구,11350,공릉동,202607,아파트_매매,신도1차아파트,공릉동,748,72.8129,83500,,,4,29,2002,,,,,,중개거래,
노원구,11350,상계동,202607,아파트_매매,상계주공10(고층),상계동,666,58.01,70500,,,2,29,1988,,,,,,중개거래,
노원구,11350,상계동,202607,아파트_매매,은빛1단지,상계동,1255,59.95,55500,,,4,29,1998,,,,,,중개거래,
노원구,11350,상계동,202607,아파트_매매,상계주공7(고층),상계동,691,58.01,80000,,,8,16,1988,,,,,,중개거래,
노원구,11350,하계동,202607,아파트_매매,청솔(시영7),하계동,274,49.5,59300,,,1,29,1989,,,,,,중개거래,
노원구,11350,상계동,202607,아파트_매매,은빛2단지,상계동,1256,59.95,55500,,,15,29,1998,,,,,,중개거래,
노원구,11350,상계동,202607,아파트_매매,은빛2단지,상계동,1256,49.77,46700,,,6,28,1998,,,,,,중개거래,
노원구,11350,상계동,202607,아파트_매매,미도,상계동,766-1,87.57,84000,,,6,21,1988,,,,,,중개거래,
노원구,11350,월계동,202607,아파트_매매,청백3,월계동,780,59.4,49000,,,7,28,1998,,,,,,중개거래,
노원구,11350,상계동,202607,아파트_매매,상계주공7(고층),상계동,691,45.9,60000,,,14,29,1988,,,,,,중개거래,
노원구,11350,중계동,202607,아파트_매매,롯데우성,중계동,361-1,115.26,146000,,,10,28,1993,,,,,,중개거래,
노원구,11350,중계동,202607,아파트_매매,진로유통조합대림,중계동,78,59.04,50300,,,7,28,1992,,,,,,중개거래,
노원구,11350,공릉동,202607,아파트_매매,삼익아파트,공릉동,690-2,84.77,64000,,,2,28,1997,,,,,,중개거래,
노원구,11350,월계동,202607,아파트_매매,한진한화그랑빌,월계동,18,59.94,115000,,,21,28,2002,,,,,,중개거래,
노원구,11350,상계동,202607,아파트_매매,상계주공3(고층),상계동,730-2,58.01,82000,,,2,28,1987,,,,,,중개거래,
노원구,11350,월계동,202607,아파트_매매,주공2,월계동,556,38.64,32000,,,1,21,1992,,,,,,중개거래,
노원구,11350,중계동,202607,아파트_매매,정진아트리움,중계동,137-39,84.95,51900,,,4,28,2008,,,,,,중개거래,
노원구,11350,상계동,202607,아파트_매매,상계주공6(고층),상계동,720,58.01,80000,,,7,28,1988,,,,,,중개거래,
노원구,11350,하계동,202607,아파트_매매,청솔(시영7),하계동,274,39.78,46500,,,6,28,1989,,,,,,중개거래,
노원구,11350,상계동,202607,아파트_매매,상계주공7(고층),상계동,691,45.9,60700,,,12,28,1988,,,,,,중개거래,
노원구,11350,상계동,202607,아파트_매매,수락파크빌,상계동,1269,114.82,93500,,,13,20,2001,,,,,,중개거래,
노원구,11350,상계동,202607,아파트_매매,상계주공2(고층),상계동,740,41.3,60000,,,13,3,1987,,,,,,중개거래,
노원구,11350,상계동,202607,아파트_매매,상계주공14(고층),상계동,626,45.9,44750,,,7,28,1989,,,,,,중개거래,
노원구,11350,월계동,202607,아파트_매매,사슴3,월계동,320-11,33.18,37650,,,13,28,1995,,,,,,중개거래,
노원구,11350,상계동,202607,아파트_매매,상계주공12(고층),상계동,647,49.94,63000,,,7,28,1988,,,,,,중개거래,
노원구,11350,상계동,202607,아파트_매매,은빛2단지,상계동,1256,49.77,46900,,,3,28,1998,,,,,,중개거래,
노원구,11350,하계동,202607,아파트_매매,장미(시영6),하계동,273,49.5,75000,,,13,18,1989,,,,,,중개거래,
노원구,11350,월계동,202607,아파트_매매,동신,월계동,436,92.84,99700,,,3,24,1983,,,,,,중개거래,
노원구,11350,중계동,202607,아파트_매매,주공6,중계동,364-12,44.1,47500,,,6,28,1993,,,,,,중개거래,
노원구,11350,공릉동,202607,아파트_매매,주완위즈빌2,공릉동,504-5,77.75,26000,,,5,27,2005,,,,,,직거래,
노원구,11350,중계동,202607,아파트_매매,주공6,중계동,364-12,44.1,48000,,,7,28,1993,,,,,,중개거래,
노원구,11350,월계동,202607,아파트_매매,동신,월계동,436,107.28,102500,,,1,20,1983,,,,,,중개거래,
노원구,11350,상계동,202607,아파트_매매,상계주공13(고층),상계동,637,49.94,51500,,,9,28,1989,,,,,,중개거래,
노원구,11350,상계동,202607,아파트_매매,상계대림,상계동,172,84.91,67000,,,10,26,1989,,,,,,중개거래,
노원구,11350,상계동,202607,아파트_매매,상계주공14(고층),상계동,626,49.94,62000,,,15,28,1989,,,,,,중개거래,
노원구,11350,상계동,202607,아파트_매매,현대2차,상계동,1078,82.68,56500,,,15,27,1993,,,,,,중개거래,
노원구,11350,월계동,202607,아파트_매매,대동,월계동,925,84.85,77000,,,10,25,1997,,,,,,중개거래,
노원구,11350,상계동,202607,아파트_매매,건영,상계동,1321,59.91,42500,,,10,23,2003,,,,,,중개거래,
노원구,11350,중계동,202607,아파트_매매,신안,중계동,590,84.93,104000,,,4,27,1999,,,,,,중개거래,
노원구,11350,월계동,202607,아파트_매매,초안2,월계동,924,49.6,38000,,,3,27,1997,,,,,,중개거래,
노원구,11350,중계동,202607,아파트_매매,LIG건영,중계동,586,59.92,49900,,,14,27,1998,,,,,,중개거래,
노원구,11350,상계동,202607,아파트_매매,상계주공2(고층),상계동,740,59.39,71000,,,7,27,1987,,,,,,중개거래,
노원구,11350,상계동,202607,아파트_매매,은빛2단지,상계동,1256,59.95,54800,,,4,25,1998,,,,,,중개거래,
노원구,11350,상계동,202607,아파트_매매,한일유앤아이,상계동,1309,59.877,72900,,,16,27,2005,,,,,,중개거래,
노원구,11350,상계동,202607,아파트_매매,동아불암,상계동,1285,59.4,54500,,,12,27,1999,,,,,,중개거래,
노원구,11350,중계동,202607,아파트_매매,청구3,중계동,360-2,84.77,134000,,,1,27,1996,,,,,,중개거래,
노원구,11350,하계동,202607,아파트_매매,하계1청구,하계동,251,84.6,88000,,,1,25,1997,,,,,,중개거래,
노원구,11350,상계동,202607,아파트_매매,상계주공10(고층),상계동,666,59.39,77500,,,6,22,1988,,,,,,중개거래,
노원구,11350,상계동,202607,아파트_매매,상계주공6(고층),상계동,720,41.3,68000,,,6,27,1988,,,,,,중개거래,
노원구,11350,상계동,202607,아파트_매매,상계주공14(고층),상계동,626,49.94,65000,,,7,27,1989,,,,,,중개거래,
노원구,11350,중계동,202607,아파트_매매,중계3벽산,중계동,592,59.88,67500,,,17,27,1999,,,,,,중개거래,
노원구,11350,상계동,202607,아파트_매매,상계주공10(저층),상계동,666,47.34,54000,,,5,27,1988,,,,,,중개거래,
노원구,11350,상계동,202607,아파트_매매,중계센트럴파크,상계동,1322,84.53,90000,,,15,26,2016,,,,,,중개거래,
노원구,11350,상계동,202607,아파트_매매,상계주공4(고층),상계동,749-5,59.2,71000,,,9,27,1988,,,,,,중개거래,
노원구,11350,상계동,202607,아파트_매매,상계주공14(고층),상계동,626,45.9,46000,,,9,27,1989,,,,,,중개거래,
노원구,11350,월계동,202607,아파트_매매,현대,월계동,929,59.95,94000,,,24,16,2000,,,,,,중개거래,
노원구,11350,상계동,202607,아파트_매매,상계주공7(고층),상계동,691,45.9,63000,,,13,27,1988,,,,,,중개거래,
노원구,11350,중계동,202607,아파트_매매,주공2,중계동,369,44.52,36500,,,14,18,1992,,,,,,중개거래,
노원구,11350,상계동,202607,아파트_매매,극동늘푸른,상계동,1128,59.958,48000,,,3,27,2000,,,,,,중개거래,
노원구,11350,상계동,202607,아파트_매매,상계주공4(고층),상계동,749-5,73.94,83500,,,14,26,1988,,,,,,중개거래,
노원구,11350,중계동,202607,아파트_매매,주공4,중계동,358-2,84.79,110000,,,8,27,1991,,,,,,중개거래,
노원구,11350,월계동,202607,아파트_매매,삼호4,월계동,12,59.49,93800,,,10,26,1987,,,,,,중개거래,
노원구,11350,월계동,202607,아파트_매매,삼호4,월계동,12,59.49,94000,,,14,26,1987,,,,,,중개거래,
노원구,11350,상계동,202607,아파트_매매,상계주공1(고층),상계동,765,58.01,67500,,,3,26,1988,,,,,,중개거래,
노원구,11350,월계동,202607,아파트_매매,송암,월계동,496-2,44.97,25000,,,5,23,2004,,,,,,중개거래,
노원구,11350,월계동,202607,아파트_매매,동신,월계동,436,72.25,86500,,,1,3,1983,,,,,,중개거래,
노원구,11350,공릉동,202607,아파트_매매,태강아파트(아이파크),공릉동,81,49.6,64000,,,3,25,1999,,,,,,중개거래,
노원구,11350,중계동,202607,아파트_매매,삼성,중계동,593,59.9,60000,,,3,25,1999,,,,,,중개거래,
노원구,11350,상계동,202607,아파트_매매,상계주공3(고층),상계동,730-2,59.28,85000,,,6,25,1987,,,,,,중개거래,
노원구,11350,월계동,202607,아파트_매매,한진한화그랑빌,월계동,18,84.97,119500,,,3,25,2002,,,,,,중개거래,
노원구,11350,중계동,202607,아파트_매매,중계무지개,중계동,512,39.96,52000,,,13,22,1991,,,,,,중개거래,
노원구,11350,상계동,202607,아파트_매매,상계주공4(고층),상계동,749-5,58.01,72000,,,7,25,1988,,,,,,중개거래,
노원구,11350,공릉동,202607,아파트_매매,공릉동한보에센시티아파트,공릉동,743,59.4,63700,,,17,25,2000,,,,,,중개거래,
노원구,11350,중계동,202607,아파트_매매,주공2,중계동,369,44.52,40800,,,11,25,1992,,,,,,중개거래,
노원구,11350,상계동,202607,아파트_매매,상계주공3(고층),상계동,730-2,58.01,85000,,,3,25,1987,,,,,,중개거래,
노원구,11350,상계동,202607,아파트_매매,상계주공10(고층),상계동,666,59.2,69500,,,12,25,1988,,,,,,중개거래,
노원구,11350,공릉동,202607,아파트_매매,태강아파트(아이파크),공릉동,81,49.6,53000,,,1,25,1999,,,,,,중개거래,
노원구,11350,상계동,202607,아파트_매매,상계주공11(고층),상계동,652,41.3,47500,,,12,25,1988,,,,,,중개거래,
노원구,11350,상계동,202607,아파트_매매,상계2차중앙하이츠,상계동,1282,59.82,64000,,,12,9,1998,,,,,,중개거래,
노원구,11350,상계동,202607,아파트_매매,청암2단지,상계동,1276,49.77,44700,,,12,25,2001,,,,,,중개거래,
노원구,11350,하계동,202607,아파트_매매,청솔(시영7),하계동,274,49.5,65700,,,3,25,1989,,,,,,중개거래,
노원구,11350,상계동,202607,아파트_매매,상계주공2(고층),상계동,740,60.5,64500,,,1,25,1987,,,,,,중개거래,
노원구,11350,상계동,202607,아파트_매매,상계주공7(고층),상계동,691,41.3,60000,,,5,25,1988,,,,,,중개거래,
노원구,11350,월계동,202607,아파트_매매,동신,월계동,436,71.83,94000,,,9,25,1983,,,,,,중개거래,
노원구,11350,상계동,202607,아파트_매매,상계주공1(고층),상계동,765,60.5,63000,,,2,25,1988,,,,,,중개거래,
노원구,11350,상계동,202607,아파트_매매,은빛2단지,상계동,1256,59.95,54800,,,15,25,1998,,,,,,중개거래,
노원구,11350,중계동,202607,아파트_매매,주공2,중계동,369,44.52,39300,,,10,25,1992,,,,,,중개거래,
노원구,11350,상계동,202607,아파트_매매,상계주공13(고층),상계동,637,58.01,60000,,,9,25,1989,,,,,,중개거래,
노원구,11350,상계동,202607,아파트_매매,상계주공6(고층),상계동,720,32.39,48500,,,5,25,1988,,,,,,중개거래,
노원구,11350,상계동,202607,아파트_매매,한신1차,상계동,135,84.92,67500,,,11,25,1987,,,,,,중개거래,
노원구,11350,상계동,202607,아파트_매매,상계주공1(고층),상계동,765,32.39,35500,,,1,25,1988,,,,,,중개거래,
노원구,11350,상계동,202607,아파트_매매,노원롯데캐슬시그니처,상계동,1410,84.999,119700,,,12,25,2023,,,,,,중개거래,
노원구,11350,상계동,202607,아파트_매매,상계대림,상계동,172,59.67,55000,,,7,25,1989,,,,,,중개거래,
노원구,11350,중계동,202607,아파트_매매,주공5,중계동,359-1,84.79,118000,,,14,25,1992,,,,,,중개거래,
노원구,11350,하계동,202607,아파트_매매,하계2현대,하계동,288,84.896,93000,,,13,25,1997,,,,,,중개거래,
노원구,11350,하계동,202607,아파트_매매,현대,하계동,270,71.68,103000,,,1,25,1988,,,,,,중개거래,
노원구,11350,상계동,202607,아파트_매매,상계주공13(고층),상계동,637,41.3,42000,,,6,25,1989,,,,,,중개거래,
노원구,11350,중계동,202607,아파트_매매,주공5,중계동,359-1,58.46,82000,,,13,25,1992,,,,,,중개거래,
노원구,11350,공릉동,202607,아파트_매매,우국리더스빌,공릉동,757,59.96,58000,,,6,25,2006,,,,,,중개거래,
노원구,11350,상계동,202607,아파트_매매,보람아파트,상계동,639,54.59,59500,,,1,25,1988,,,,,,중개거래,
노원구,11350,상계동,202607,아파트_매매,은빛2단지,상계동,1256,59.95,56000,,,15,25,1998,,,,,,중개거래,
노원구,11350,월계동,202607,아파트_매매,동신,월계동,436,70.81,95000,,,10,25,1983,,,,,,중개거래,
노원구,11350,공릉동,202607,아파트_매매,풍림아파트A,공릉동,725,59.94,82500,,,6,25,2001,,,,,,중개거래,
노원구,11350,하계동,202607,아파트_매매,미성,하계동,280,57.97,73000,,,7,25,1989,,,,,,중개거래,
노원구,11350,월계동,202607,아파트_매매,초안1,월계동,923,39.6,25000,,,5,24,1998,,,,,,중개거래,
노원구,11350,상계동,202607,아파트_매매,상계주공3(고층),상계동,730-2,58.01,80000,,,2,24,1987,,,,,,중개거래,
노원구,11350,상계동,202607,아파트_매매,보람아파트,상계동,639,79.25,76500,,,4,24,1988,,,,,,중개거래,
노원구,11350,상계동,202607,아파트_매매,상계주공6(고층),상계동,720,49.94,68000,,,1,24,1988,,,,,,중개거래,
노원구,11350,월계동,202607,아파트_매매,한진한화그랑빌,월계동,18,139.08,124000,,,4,24,2002,,,,,,중개거래,
노원구,11350,월계동,202607,아파트_매매,삼능스페이스향,월계동,380-1,74.74,66000,,,7,20,2006,,,,,,중개거래,
노원구,11350,상계동,202607,아파트_매매,코오롱,상계동,1281,84.9,78000,,,3,23,1997,,,,,,중개거래,
노원구,11350,상계동,202607,아파트_매매,청암2단지,상계동,1276,49.77,45500,,,9,24,2001,,,,,,중개거래,
노원구,11350,상계동,202607,아파트_매매,상계대림,상계동,172,59.67,53000,,,9,24,1989,,,,,,중개거래,
노원구,11350,상계동,202607,아파트_매매,상계주공1(고층),상계동,765,58.01,64500,,,6,24,1988,,,,,,중개거래,
노원구,11350,월계동,202607,아파트_매매,청백3,월계동,780,39.84,31500,,,10,24,1998,,,,,,중개거래,
노원구,11350,상계동,202607,아파트_매매,상계주공10(고층),상계동,666,68.86,78000,,,6,24,1988,,,,,,중개거래,
노원구,11350,상계동,202607,아파트_매매,상계불암대림,상계동,1289,84.96,76000,,,10,25,2000,,,,,,중개거래,
노원구,11350,중계동,202607,아파트_매매,중계3벽산,중계동,592,59.88,64500,,,17,24,1999,,,,,,중개거래,
노원구,11350,상계동,202607,아파트_매매,상계주공13(고층),상계동,637,49.94,53000,,,12,24,1989,,,,,,중개거래,
노원구,11350,월계동,202607,아파트_매매,한진한화그랑빌,월계동,18,114.97,127000,,,23,20,2002,,,,,,중개거래,
노원구,11350,상계동,202607,아파트_매매,상계주공7(고층),상계동,691,49.94,75000,,,12,17,1988,,,,,,중개거래,
노원구,11350,상계동,202607,아파트_매매,동아불암,상계동,1285,84.9,66500,,,15,24,1999,,,,,,중개거래,
노원구,11350,월계동,202607,아파트_매매,미성,월계동,13,50.14,98000,,,6,24,1986,,,,,,중개거래,
노원구,11350,상계동,202607,아파트_매매,상계주공10(고층),상계동,666,45.9,52000,,,12,24,1988,,,,,,중개거래,
노원구,11350,중계동,202607,아파트_매매,중계3벽산,중계동,592,85,86000,,,1,21,1999,,,,,,직거래,
노원구,11350,공릉동,202607,아파트_매매,건영장미아파트,공릉동,744,84.88,72000,,,16,21,1999,,,,,,중개거래,
노원구,11350,월계동,202607,아파트_매매,주공2,월계동,556,38.64,33000,,,7,24,1992,,,,,,중개거래,
노원구,11350,중계동,202607,아파트_매매,삼창타워주상프라자,중계동,584-1,59.39,50000,,,19,10,1997,,,,,,중개거래,
노원구,11350,월계동,202607,아파트_매매,꿈의숲SKVIEW,월계동,949,84.96,105000,,,17,23,2016,,,,,,중개거래,
노원구,11350,하계동,202607,아파트_매매,장미(시영6),하계동,273,49.5,75500,,,4,23,1989,,,,,,중개거래,
노원구,11350,월계동,202607,아파트_매매,한진한화그랑빌,월계동,18,84.97,123000,,,15,23,2002,,,,,,중개거래,
노원구,11350,상계동,202607,아파트_매매,두산,상계동,1110,58.65,53000,,,15,14,1994,,,,,,중개거래,
노원구,11350,월계동,202607,아파트_매매,초안1,월계동,923,59.85,38000,,,2,23,1998,,,,,,중개거래,
노원구,11350,월계동,202607,아파트_매매,건양노블레스빌,월계동,938,84.659,75000,,,18,23,2003,,,,,,중개거래,
노원구,11350,상계동,202607,아파트_매매,대망드림힐1,상계동,1304,84.4909,69000,,,18,23,2003,,,,,,중개거래,
노원구,11350,중계동,202607,아파트_매매,주공6,중계동,364-12,44.1,46000,,,15,23,1993,,,,,,중개거래,
노원구,11350,월계동,202607,아파트_매매,삼호4,월계동,12,50.18,68000,,,1,22,1987,,,,,,직거래,
노원구,11350,하계동,202607,아파트_매매,한신동성,하계동,256-5,138.29,103500,,,6,4,1993,,,,,,중개거래,
노원구,11350,상계동,202607,아파트_매매,불암현대,상계동,1293,114.24,72000,,,1,23,1999,,,,,,중개거래,
노원구,11350,하계동,202607,아파트_매매,극동,하계동,271-3,55.72,67000,,,4,23,1988,,,,,,중개거래,
노원구,11350,상계동,202607,아파트_매매,상계주공12(고층),상계동,647,41.3,40000,,,9,23,1988,,,,,,중개거래,
노원구,11350,월계동,202607,아파트_매매,동신,월계동,436,72.2,90000,,,1,21,1983,,,,,,중개거래,
노원구,11350,월계동,202607,아파트_매매,미륭,월계동,13,51.48,97500,,,3,22,1986,,,,,,중개거래,
노원구,11350,중계동,202607,아파트_매매,중계그린1단지,중계동,502-1,39.91,55000,,,9,23,1990,,,,,,중개거래,
노원구,11350,상계동,202607,아파트_매매,보람아파트,상계동,639,44.33,51000,,,12,22,1988,,,,,,중개거래,
노원구,11350,상계동,202607,아파트_매매,대창센시티,상계동,1302,84.4272,67000,,,7,22,2002,,,,,,중개거래,
노원구,11350,하계동,202607,아파트_매매,하계2현대,하계동,288,84.51,98000,,,2,22,1997,,,,,,중개거래,
노원구,11350,하계동,202607,아파트_매매,한신1,하계동,284,35.28,49900,,,11,22,1988,,,,,,중개거래,
노원구,11350,중계동,202607,아파트_매매,대림벽산(363),중계동,363,114.39,133000,,,12,22,1993,,,,,,중개거래,
노원구,11350,하계동,202607,아파트_매매,극동,하계동,271-3,70.56,80000,,,8,7,1988,,,,,,중개거래,
노원구,11350,월계동,202607,아파트_매매,청백3,월계동,780,49.77,37900,,,15,22,1998,,,,,,중개거래,
노원구,11350,월계동,202607,아파트_매매,극동,월계동,803-1,80.28,49000,,,11,22,1996,,,,,,중개거래,
노원구,11350,중계동,202607,아파트_매매,중계무지개,중계동,512,49.89,62000,,,1,22,1991,,,,,,중개거래,
노원구,11350,상계동,202607,아파트_매매,한신1차,상계동,135,84.92,66200,,,2,22,1987,,,,,,중개거래,
노원구,11350,중계동,202607,아파트_매매,중계그린1단지,중계동,502-1,59.87,75000,,,7,22,1990,,,,,,중개거래,
노원구,11350,상계동,202607,아파트_매매,상계주공16(고층),상계동,624,45.77,43000,,,6,22,1988,,,,,,중개거래,
노원구,11350,상계동,202607,아파트_매매,청암2단지,상계동,1276,49.77,47900,,,16,11,2001,,,,,,중개거래,
노원구,11350,상계동,202607,아파트_매매,상계주공7(고층),상계동,691,58.01,78400,,,9,11,1988,,,,,,중개거래,
노원구,11350,상계동,202607,아파트_매매,은빛1단지,상계동,1255,59.95,52500,,,15,17,1998,,,,,,중개거래,
노원구,11350,하계동,202607,아파트_매매,우성,하계동,270,84.91,125000,,,11,22,1988,,,,,,중개거래,
노원구,11350,중계동,202607,아파트_매매,주공4,중계동,358-2,59.39,74000,,,13,22,1991,,,,,,중개거래,
노원구,11350,월계동,202607,아파트_매매,주공2,월계동,556,59.97,64500,,,6,22,1992,,,,,,중개거래,
노원구,11350,상계동,202607,아파트_매매,상계주공2(저층),상계동,740,46.04,54500,,,3,22,1987,,,,,,중개거래,
노원구,11350,공릉동,202607,아파트_매매,두산힐스빌아파트,공릉동,747,84.9,95500,,,21,22,2000,,,,,,중개거래,
노원구,11350,공릉동,202607,아파트_매매,효성아파트,공릉동,742,73.18,68000,,,1,8,1995,,,,,,중개거래,
노원구,11350,상계동,202607,아파트_매매,상계주공7(고층),상계동,691,59.39,79500,,,9,3,1988,,,,,,중개거래,
노원구,11350,공릉동,202607,아파트_매매,공릉우성아파트,공릉동,738,84.97,73500,,,6,22,1995,,,,,,중개거래,
노원구,11350,상계동,202607,아파트_매매,은빛2단지,상계동,1256,39.7,37000,,,13,8,1998,,,,,,중개거래,
노원구,11350,중계동,202607,아파트_매매,성원1,중계동,580,134.78,118500,,,9,18,1996,,,,,,중개거래,
노원구,11350,중계동,202607,아파트_매매,중계무지개,중계동,512,39.82,52000,,,9,22,1991,,,,,,중개거래,
노원구,11350,상계동,202607,아파트_매매,상계주공12(고층),상계동,647,49.94,61000,,,3,21,1988,,,,,,중개거래,
노원구,11350,상계동,202607,아파트_매매,상계주공14(고층),상계동,626,45.9,45000,,,14,21,1989,,,,,,중개거래,
노원구,11350,공릉동,202607,아파트_매매,태강아파트(아이파크),공릉동,81,49.6,65000,,,4,21,1999,,,,,,중개거래,
노원구,11350,공릉동,202607,아파트_매매,태강아파트(아이파크),공릉동,81,49.6,66000,,,13,21,1999,,,,,,중개거래,
노원구,11350,하계동,202607,아파트_매매,우성,하계동,270,127.22,110000,,,11,2,1988,,,,,,직거래,
노원구,11350,상계동,202607,아파트_매매,동아불암,상계동,1285,59.4,52500,,,20,21,1999,,,,,,중개거래,
노원구,11350,중계동,202607,아파트_매매,한화꿈에그린,중계동,598,59.941,69000,,,10,21,2005,,,,,,중개거래,
노원구,11350,상계동,202607,아파트_매매,보람아파트,상계동,639,44.33,51000,,,2,21,1988,,,,,,중개거래,
노원구,11350,중계동,202607,아파트_매매,주공5,중계동,359-1,44.94,52000,,,6,21,1992,,,,,,중개거래,
노원구,11350,상계동,202607,아파트_매매,한신1차,상계동,135,45.44,36500,,,7,21,1987,,,,,,중개거래,
노원구,11350,공릉동,202607,아파트_매매,하나플러스,공릉동,587-8,74.09,52500,,,3,17,2004,,,,,,중개거래,
노원구,11350,상계동,202607,아파트_매매,중계센트럴파크,상계동,1322,84.13,88500,,,4,16,2016,,,,,,중개거래,
노원구,11350,상계동,202607,아파트_매매,청암2단지,상계동,1276,59.4,54000,,,12,13,2001,,,,,,중개거래,
노원구,11350,상계동,202607,아파트_매매,상계주공14(고층),상계동,626,41.3,44500,,,5,21,1989,,,,,,중개거래,
노원구,11350,공릉동,202607,아파트_매매,태강아파트(아이파크),공릉동,81,49.6,65000,,,9,21,1999,,,,,,중개거래,
노원구,11350,공릉동,202607,아파트_매매,테라파크뷰,공릉동,366-15,54.37,80000,,,11,2,2022,,,,,,직거래,O
노원구,11350,상계동,202607,아파트_매매,청암2단지,상계동,1276,49.77,41000,,,1,14,2001,,,,,,중개거래,
노원구,11350,월계동,202607,아파트_매매,건양노블레스빌,월계동,938,84.659,82500,,,14,13,2003,,,,,,중개거래,
노원구,11350,상계동,202607,아파트_매매,상계주공2(고층),상계동,740,32.39,40000,,,11,21,1987,,,,,,중개거래,
노원구,11350,상계동,202607,아파트_매매,상계주공10(고층),상계동,666,45.77,57000,,,13,21,1988,,,,,,중개거래,
노원구,11350,공릉동,202607,아파트_매매,시영3차(라이프)아파트,공릉동,715,39.6,43300,,,12,21,1994,,,,,,중개거래,
노원구,11350,상계동,202607,아파트_매매,수락리버시티3단지,상계동,1312,84.69,68000,,,9,21,2009,,,,,,중개거래,
노원구,11350,상계동,202607,아파트_매매,불암현대,상계동,1293,84.9,69500,,,17,20,1999,,,,,,중개거래,
노원구,11350,중계동,202607,아파트_매매,상아,중계동,505,72.73,83000,,,8,20,1989,,,,,,중개거래,
노원구,11350,월계동,202607,아파트_매매,삼호4,월계동,12,59.49,93500,,,1,20,1987,,,,,,중개거래,
노원구,11350,월계동,202607,아파트_매매,동신,월계동,436,70.81,95000,,,8,20,1983,,,,,,중개거래,
노원구,11350,중계동,202607,아파트_매매,중계현대2,중계동,435-1,84.34,71000,,,3,20,1991,,,,,,중개거래,
노원구,11350,하계동,202607,아파트_매매,청솔(시영7),하계동,274,59.87,60700,,,1,20,1989,,,,,,중개거래,
노원구,11350,공릉동,202607,아파트_매매,태강아파트(아이파크),공릉동,81,49.6,60000,,,2,20,1999,,,,,,중개거래,
노원구,11350,상계동,202607,아파트_매매,상계주공16(고층),상계동,624,45.77,42500,,,12,20,1988,,,,,,중개거래,
노원구,11350,월계동,202607,아파트_매매,세양청마루,월계동,943,84.957,72500,,,5,20,2005,,,,,,중개거래,
노원구,11350,하계동,202607,아파트_매매,청솔(시영7),하계동,274,49.85,59500,,,1,20,1989,,,,,,중개거래,
노원구,11350,상계동,202607,아파트_매매,벽산,상계동,173-1,43.35,38000,,,11,20,1989,,,,,,중개거래,
노원구,11350,월계동,202607,아파트_매매,삼호4,월계동,12,50.18,85000,,,3,20,1987,,,,,,중개거래,
노원구,11350,공릉동,202607,아파트_매매,풍림아파트A,공릉동,725,84.99,95000,,,19,20,2001,,,,,,중개거래,
노원구,11350,월계동,202607,아파트_매매,한진한화그랑빌,월계동,18,84.97,120800,,,15,20,2002,,,,,,중개거래,
노원구,11350,상계동,202607,아파트_매매,현대2차,상계동,1078,82.68,63000,,,9,20,1993,,,,,,중개거래,
노원구,11350,월계동,202607,아파트_매매,동신,월계동,436,106.7,104000,,,12,9,1983,,,,,,중개거래,
노원구,11350,공릉동,202607,아파트_매매,태릉우성아파트,공릉동,254,66.87,80000,,,3,18,1985,,,,,,중개거래,
노원구,11350,상계동,202607,아파트_매매,상계불암대림,상계동,1289,59.22,58000,,,3,20,2000,,,,,,중개거래,
노원구,11350,상계동,202607,아파트_매매,상계주공16(고층),상계동,624,59.39,62500,,,6,20,1988,,,,,,중개거래,
노원구,11350,상계동,202607,아파트_매매,상계주공2(고층),상계동,740,58.01,75000,,,11,20,1987,,,,,,중개거래,
노원구,11350,중계동,202607,아파트_매매,주공5,중계동,359-1,76.51,114000,,,4,20,1992,,,,,,중개거래,
노원구,11350,상계동,202607,아파트_매매,상계주공11(고층),상계동,652,49.94,69000,,,5,20,1988,,,,,,중개거래,
노원구,11350,상계동,202607,아파트_매매,한신1차,상계동,135,53.96,50000,,,4,20,1987,,,,,,중개거래,
노원구,11350,상계동,202607,아파트_매매,은빛2단지,상계동,1256,49.77,41800,,,1,18,1998,,,,,,중개거래,
노원구,11350,월계동,202607,아파트_매매,동신,월계동,436,91.54,100000,,,8,9,1983,,,,,,중개거래,
노원구,11350,상계동,202607,아파트_매매,대창센시티,상계동,1302,84.4272,67000,,,15,17,2002,,,,,,중개거래,
노원구,11350,공릉동,202607,아파트_매매,삼익2차아파트,공릉동,754,54.74,60000,,,4,20,2004,,,,,,중개거래,
노원구,11350,중계동,202607,아파트_매매,현대(6차),중계동,34-5,84.98,82800,,,8,18,2018,,,,,,중개거래,
노원구,11350,중계동,202607,아파트_매매,중계무지개,중계동,512,39.96,52000,,,9,18,1991,,,,,,중개거래,
노원구,11350,상계동,202607,아파트_매매,상계주공3(고층),상계동,730-2,32.39,48900,,,6,18,1987,,,,,,중개거래,
노원구,11350,공릉동,202607,아파트_매매,시영2단지(라이프)아파트,공릉동,707,34.44,37000,,,13,17,1994,,,,,,중개거래,
노원구,11350,상계동,202607,아파트_매매,상계주공4(고층),상계동,749-5,41.3,53000,,,15,11,1988,,,,,,중개거래,
노원구,11350,중계동,202607,아파트_매매,중계무지개,중계동,512,49.54,70000,,,9,18,1991,,,,,,중개거래,
노원구,11350,공릉동,202607,아파트_매매,청솔아파트9,공릉동,90,84.85,84500,,,11,18,2000,,,,,,중개거래,
노원구,11350,중계동,202607,아파트_매매,한화꿈에그린,중계동,598,84.902,91000,,,11,18,2005,,,,,,중개거래,
노원구,11350,상계동,202607,아파트_매매,벽산,상계동,173-1,46.8,40900,,,5,15,1989,,,,,,중개거래,
노원구,11350,중계동,202607,아파트_매매,염광,중계동,445,59.34,62000,,,10,18,1996,,,,,,중개거래,
노원구,11350,중계동,202607,아파트_매매,주공5,중계동,359-1,58.46,76000,,,6,18,1992,,,,,,중개거래,
노원구,11350,상계동,202607,아파트_매매,보람아파트,상계동,639,44.33,49000,,,3,17,1988,,,,,,중개거래,
노원구,11350,중계동,202607,아파트_매매,주공2,중계동,369,44.52,38000,,,8,17,1992,,,,,,중개거래,
노원구,11350,상계동,202607,아파트_매매,상계대림,상계동,172,59.67,57000,,,14,17,1989,,,,,,중개거래,
노원구,11350,월계동,202607,아파트_매매,미성,월계동,13,33.28,80000,,,1,17,1986,,,,,,중개거래,
노원구,11350,공릉동,202607,아파트_매매,신원아파트,공릉동,370-4,84.99,64900,,,8,17,2000,,,,,,중개거래,
노원구,11350,월계동,202607,아파트_매매,녹천역두산위브아파트,월계동,950,84.8218,79000,,,1,17,2017,,,,,,중개거래,
노원구,11350,상계동,202607,아파트_매매,노원롯데캐슬시그니처,상계동,1410,84.997,114700,,,8,5,2023,,,,,,중개거래,
노원구,11350,월계동,202607,아파트_매매,초안2,월계동,924,59.85,46500,,,9,15,1997,,,,,,중개거래,
노원구,11350,상계동,202607,아파트_매매,대동황토방,상계동,1284,84.97,85000,,,16,17,2001,,,,,,중개거래,
노원구,11350,하계동,202607,아파트_매매,한신1,하계동,284,44.52,53000,,,1,17,1988,,,,,,중개거래,
노원구,11350,상계동,202607,아파트_매매,청암2단지,상계동,1276,49.77,44000,,,14,17,2001,,,,,,중개거래,
노원구,11350,상계동,202607,아파트_매매,노원센트럴푸르지오,상계동,1355,84.994,108000,,,13,17,2021,,,,,,중개거래,
노원구,11350,상계동,202607,아파트_매매,대림,상계동,695,93.13,97000,,,14,17,1988,,,,,,중개거래,
노원구,11350,중계동,202607,아파트_매매,중계그린1단지,중계동,502-1,44.1,64500,,,3,17,1990,,,,,,중개거래,
노원구,11350,월계동,202607,아파트_매매,청백4,월계동,781,84.54,64000,,,2,17,1998,,,,,,중개거래,
노원구,11350,월계동,202607,아파트_매매,초안1,월계동,923,49.6,37000,,,14,17,1998,,,,,,중개거래,
노원구,11350,중계동,202607,아파트_매매,중계그린1단지,중계동,502-1,49.5,70000,,,14,17,1990,,,,,,중개거래,
노원구,11350,하계동,202607,아파트_매매,장미(시영6),하계동,273,39.78,55000,,,5,17,1989,,,,,,중개거래,
노원구,11350,상계동,202607,아파트_매매,은빛2단지,상계동,1256,49.77,48000,,,7,16,1998,,,,,,중개거래,
노원구,11350,월계동,202607,아파트_매매,삼창,월계동,448-3,56.59,52000,,,5,10,1984,,,,,,중개거래,
노원구,11350,상계동,202607,아파트_매매,상계주공9(고층),상계동,670,41.3,51000,,,12,16,1988,,,,,,중개거래,
노원구,11350,상계동,202607,아파트_매매,상계주공9(고층),상계동,670,49.94,63000,,,15,16,1988,,,,,,중개거래,
노원구,11350,중계동,202607,아파트_매매,주공4,중계동,358-2,45.77,50500,,,5,14,1991,,,,,,중개거래,
노원구,11350,중계동,202607,아파트_매매,중계현대2,중계동,435-1,84.34,74000,,,13,16,1991,,,,,,중개거래,
노원구,11350,공릉동,202607,아파트_매매,태릉해링턴플레이스,공릉동,758,59.98,102200,,,14,16,2022,,,,,,중개거래,
노원구,11350,월계동,202607,아파트_매매,월계센트럴아이파크,월계동,951,84.99,115000,,,4,16,2020,,,,,,중개거래,
노원구,11350,상계동,202607,아파트_매매,상계주공12(고층),상계동,647,49.94,62000,,,7,16,1988,,,,,,중개거래,
노원구,11350,상계동,202607,아파트_매매,상계주공3(고층),상계동,730-2,84.2,102000,,,1,15,1987,,,,,,중개거래,
노원구,11350,하계동,202607,아파트_매매,한신2,하계동,284,44.52,62000,,,15,16,1988,,,,,,중개거래,
노원구,11350,상계동,202607,아파트_매매,상계주공7(고층),상계동,691,49.94,76500,,,7,16,1988,,,,,,중개거래,
노원구,11350,중계동,202607,아파트_매매,염광,중계동,445,84.5,82000,,,13,16,1996,,,,,,중개거래,
노원구,11350,하계동,202607,아파트_매매,장미(시영6),하계동,273,39.92,60000,,,8,16,1989,,,,,,중개거래,
노원구,11350,공릉동,202607,아파트_매매,효성아파트,공릉동,742,84.66,80000,,,4,16,1995,,,,,,중개거래,
노원구,11350,중계동,202607,아파트_매매,현대1(4차),중계동,577,71.16,52000,,,1,16,1993,,,,,,중개거래,
노원구,11350,상계동,202607,아파트_매매,상계주공3(고층),상계동,730-2,37.46,64500,,,9,16,1987,,,,,,중개거래,
노원구,11350,상계동,202607,아파트_매매,상계대림,상계동,172,84.91,64500,,,11,16,1989,,,,,,중개거래,
노원구,11350,공릉동,202607,아파트_매매,노원프레미어스엠코,공릉동,670-20,84.0261,89300,,,17,16,2016,,,,,,중개거래,
노원구,11350,상계동,202607,아파트_매매,동아불암,상계동,1285,59.4,54000,,,9,16,1999,,,,,,중개거래,
노원구,11350,하계동,202607,아파트_매매,한신1,하계동,284,27,32000,,,10,16,1988,,,,,,중개거래,
노원구,11350,하계동,202607,아파트_매매,한신동성,하계동,256-5,112.24,103000,,,10,8,1993,,,,,,중개거래,
노원구,11350,상계동,202607,아파트_매매,대동황토방,상계동,1284,60,64000,,,7,2,2001,,,,,,중개거래,
노원구,11350,월계동,202607,아파트_매매,초안1,월계동,923,39.6,26000,,,13,6,1998,,,,,,중개거래,
노원구,11350,월계동,202607,아파트_매매,주공2,월계동,556,44.52,36800,,,15,16,1992,,,,,,중개거래,
노원구,11350,중계동,202607,아파트_매매,현대1(4차),중계동,577,71.16,58000,,,5,16,1993,,,,,,중개거래,
노원구,11350,중계동,202607,아파트_매매,건영2,중계동,515-2,75.02,82000,,,8,15,1991,,,,,,중개거래,
노원구,11350,상계동,202607,아파트_매매,은빛2단지,상계동,1256,49.77,49000,,,13,15,1998,,,,,,중개거래,
노원구,11350,중계동,202607,아파트_매매,현대(6차),중계동,34-5,59.84,52600,,,6,9,2018,,,,,,중개거래,
노원구,11350,월계동,202607,아파트_매매,삼호3,월계동,13,59.22,119000,,,3,15,1986,,,,,,중개거래,
노원구,11350,중계동,202607,아파트_매매,청구(366),중계동,366,115.47,137000,,,5,15,1993,,,,,,중개거래,
노원구,11350,하계동,202607,아파트_매매,하계1청구,하계동,251,84.6,91900,,,7,15,1997,,,,,,중개거래,
노원구,11350,상계동,202607,아파트_매매,한일유앤아이,상계동,1309,59.877,68900,,,2,11,2005,,,,,,중개거래,
노원구,11350,중계동,202607,아파트_매매,삼성,중계동,593,84.75,81000,,,1,15,1999,,,,,,중개거래,
노원구,11350,월계동,202607,아파트_매매,미성,월계동,13,50.14,97000,,,5,8,1986,,,,,,중개거래,
노원구,11350,중계동,202607,아파트_매매,한화꿈에그린,중계동,598,84.902,88000,,,12,15,2005,,,,,,중개거래,
노원구,11350,상계동,202607,아파트_매매,은빛2단지,상계동,1256,39.7,39800,,,13,10,1998,,,,,,중개거래,
노원구,11350,상계동,202607,아파트_매매,상계2차중앙하이츠,상계동,1282,59.82,68500,,,25,15,1998,,,,,,중개거래,
노원구,11350,중계동,202607,아파트_매매,롯데(505),중계동,505,72.49,78000,,,2,15,1989,,,,,,중개거래,
노원구,11350,상계동,202607,아파트_매매,보람아파트,상계동,639,79.25,79000,,,10,15,1988,,,,,,중개거래,
노원구,11350,공릉동,202607,아파트_매매,태강아파트(아이파크),공릉동,81,49.6,65000,,,6,15,1999,,,,,,중개거래,
노원구,11350,공릉동,202607,아파트_매매,태강아파트(아이파크),공릉동,81,59.38,71700,,,2,15,1999,,,,,,중개거래,
노원구,11350,상계동,202607,아파트_매매,상계주공2(고층),상계동,740,60.5,67000,,,6,15,1987,,,,,,중개거래,
노원구,11350,상계동,202607,아파트_매매,상계대림,상계동,172,59.67,54000,,,8,6,1989,,,,,,중개거래,
노원구,11350,하계동,202607,아파트_매매,청솔(시영7),하계동,274,39.92,45000,,,14,10,1989,,,,,,중개거래,
노원구,11350,월계동,202607,아파트_매매,현대,월계동,929,84.98,109000,,,6,12,2000,,,,,,중개거래,
노원구,11350,월계동,202607,아파트_매매,청백4,월계동,781,39.84,30000,,,14,15,1998,,,,,,중개거래,
노원구,11350,상계동,202607,아파트_매매,상계주공6(고층),상계동,720,58.01,79700,,,6,8,1988,,,,,,중개거래,
노원구,11350,중계동,202607,아파트_매매,삼성,중계동,593,114.49,97000,,,18,15,1999,,,,,,중개거래,
노원구,11350,월계동,202607,아파트_매매,현대,월계동,929,84.98,109800,,,10,10,2000,,,,,,중개거래,
노원구,11350,월계동,202607,아파트_매매,대우,월계동,775,134.64,81000,,,15,15,1998,,,,,,중개거래,
노원구,11350,월계동,202607,아파트_매매,극동,월계동,803-1,80.28,50000,,,3,10,1996,,,,,,중개거래,
노원구,11350,상계동,202607,아파트_매매,노원현대,상계동,359,84.78,78500,,,6,2,1997,,,,,,중개거래,
노원구,11350,상계동,202607,아파트_매매,상계주공3(고층),상계동,730-2,41.3,65000,,,15,14,1987,,,,,,중개거래,
노원구,11350,중계동,202607,아파트_매매,청구3,중계동,360-2,84.77,138000,,,4,14,1996,,,,,,중개거래,
노원구,11350,상계동,202607,아파트_매매,상계주공12(고층),상계동,647,49.94,62800,,,5,14,1988,,,,,,중개거래,
노원구,11350,상계동,202607,아파트_매매,상계2차중앙하이츠,상계동,1282,59.82,70750,,,13,11,1998,,,,,,중개거래,
노원구,11350,공릉동,202607,아파트_매매,삼익4단지아파트,공릉동,714,49.5,56500,,,15,14,1994,,,,,,중개거래,
노원구,11350,중계동,202607,아파트_매매,건영2,중계동,515-2,75.02,78700,,,3,14,1991,,,,,,중개거래,
노원구,11350,중계동,202607,아파트_매매,건영3,중계동,360-15,84.9,135000,,,7,14,1995,,,,,,중개거래,
노원구,11350,상계동,202607,아파트_매매,두산,상계동,1110,58.65,53000,,,15,14,1994,,,,,,중개거래,O
노원구,11350,월계동,202607,아파트_매매,주공2,월계동,556,59.97,65000,,,14,14,1992,,,,,,중개거래,
노원구,11350,월계동,202607,아파트_매매,미륭,월계동,13,51.48,102000,,,6,14,1986,,,,,,중개거래,
노원구,11350,중계동,202607,아파트_매매,염광,중계동,445,59.34,63000,,,20,14,1996,,,,,,중개거래,
노원구,11350,하계동,202607,아파트_매매,건영,하계동,271-3,65.43,82000,,,3,14,1988,,,,,,중개거래,
노원구,11350,상계동,202607,아파트_매매,상계주공11(고층),상계동,652,59.2,68500,,,8,14,1988,,,,,,중개거래,
노원구,11350,월계동,202607,아파트_매매,주공2,월계동,556,38.64,33600,,,5,14,1992,,,,,,중개거래,
노원구,11350,월계동,202607,아파트_매매,삼호4,월계동,12,50.18,80000,,,7,14,1987,,,,,,중개거래,
노원구,11350,중계동,202607,아파트_매매,상아,중계동,505,72.73,85000,,,14,14,1989,,,,,,중개거래,
노원구,11350,상계동,202607,아파트_매매,노원롯데캐슬시그니처,상계동,1410,39.038,62500,,,4,14,2023,,,,,,중개거래,
노원구,11350,월계동,202607,아파트_매매,미성,월계동,13,33.28,55000,,,1,14,1986,,,,,,직거래,
노원구,11350,상계동,202607,아파트_매매,상계주공13(고층),상계동,637,41.3,36800,,,2,13,1989,,,,,,중개거래,
노원구,11350,공릉동,202607,아파트_매매,공릉해링턴플레이스,공릉동,106,99.917,86000,,,11,4,2000,,,,,,중개거래,
노원구,11350,월계동,202607,아파트_매매,주공2,월계동,556,44.52,41000,,,11,13,1992,,,,,,중개거래,
노원구,11350,월계동,202607,아파트_매매,청백3,월계동,780,59.4,48500,,,14,13,1998,,,,,,중개거래,
노원구,11350,상계동,202607,아파트_매매,상계주공7(고층),상계동,691,49.94,75000,,,9,13,1988,,,,,,중개거래,
노원구,11350,월계동,202607,아파트_매매,청백4,월계동,781,49.77,35500,,,2,13,1998,,,,,,중개거래,
노원구,11350,중계동,202607,아파트_매매,건영3,중계동,360-15,84.9,119500,,,5,13,1995,,,,,,중개거래,
노원구,11350,중계동,202607,아파트_매매,주공2,중계동,369,44.52,38000,,,2,13,1992,,,,,,중개거래,
노원구,11350,상계동,202607,아파트_매매,노원롯데캐슬시그니처,상계동,1410,84.999,118500,,,15,13,2023,,,,,,중개거래,
노원구,11350,상계동,202607,아파트_매매,상계주공10(고층),상계동,666,49.94,65000,,,5,13,1988,,,,,,중개거래,
노원구,11350,월계동,202607,아파트_매매,초안1,월계동,923,59.85,39900,,,10,13,1998,,,,,,중개거래,
노원구,11350,월계동,202607,아파트_매매,미성,월계동,13,50.14,97000,,,9,13,1986,,,,,,중개거래,
노원구,11350,월계동,202607,아파트_매매,한진한화그랑빌,월계동,18,59.94,95000,,,2,13,2002,,,,,,중개거래,
노원구,11350,상계동,202607,아파트_매매,벽산,상계동,173-1,43.35,34000,,,15,6,1989,,,,,,중개거래,
노원구,11350,월계동,202607,아파트_매매,미성,월계동,13,50.14,98000,,,10,7,1986,,,,,,중개거래,
노원구,11350,상계동,202607,아파트_매매,노원롯데캐슬시그니처,상계동,1410,84.999,129200,,,24,11,2023,,,,,,중개거래,
노원구,11350,상계동,202607,아파트_매매,상계주공2(저층),상계동,740,46.04,49800,,,1,11,1987,,,,,,중개거래,
노원구,11350,하계동,202607,아파트_매매,우성,하계동,270,127.22,143500,,,13,13,1988,,,,,,중개거래,
노원구,11350,상계동,202607,아파트_매매,상계주공14(고층),상계동,626,45.55,48000,,,9,13,1989,,,,,,중개거래,
노원구,11350,중계동,202607,아파트_매매,한화꿈에그린,중계동,598,84.902,85000,,,7,13,2005,,,,,,중개거래,
노원구,11350,중계동,202607,아파트_매매,양지마을(대림)1,중계동,587,114.96,118500,,,22,11,1998,,,,,,중개거래,
노원구,11350,월계동,202607,아파트_매매,꿈의숲SKVIEW,월계동,949,59.92,98000,,,5,13,2016,,,,,,중개거래,
노원구,11350,상계동,202607,아파트_매매,상계주공12(고층),상계동,647,66.56,73000,,,1,12,1988,,,,,,중개거래,
노원구,11350,공릉동,202607,아파트_매매,동부아파트,공릉동,705,59.34,54900,,,15,12,1996,,,,,,중개거래,
노원구,11350,상계동,202607,아파트_매매,상계주공9(고층),상계동,670,79.07,82700,,,9,12,1988,,,,,,중개거래,
노원구,11350,상계동,202607,아파트_매매,포레나노원,상계동,680,84.9728,119000,,,1,12,2020,,,,,,중개거래,
노원구,11350,공릉동,202607,아파트_매매,삼익포레스트아파트,공릉동,737,84.6,77500,,,15,12,1995,,,,,,중개거래,
노원구,11350,상계동,202607,아파트_매매,벽산,상계동,173-1,43.35,37500,,,14,12,1989,,,,,,중개거래,
노원구,11350,월계동,202607,아파트_매매,미성,월계동,13,33.28,79000,,,3,11,1986,,,,,,중개거래,
노원구,11350,중계동,202607,아파트_매매,동진신안,중계동,364,134.74,150000,,,4,11,1993,,,,,,중개거래,
노원구,11350,중계동,202607,아파트_매매,주공8,중계동,362-1,49.72,60000,,,3,11,1993,,,,,,중개거래,
노원구,11350,중계동,202607,아파트_매매,성원1,중계동,580,59.75,78000,,,17,11,1996,,,,,,중개거래,
노원구,11350,중계동,202607,아파트_매매,극동의푸른별1차,중계동,600,84.97,70000,,,8,11,2005,,,,,,중개거래,
노원구,11350,상계동,202607,아파트_매매,상계주공9(고층),상계동,670,49.94,53000,,,1,11,1988,,,,,,중개거래,
노원구,11350,중계동,202607,아파트_매매,중앙하이츠아쿠아,중계동,514,84.7513,99000,,,3,11,2008,,,,,,중개거래,
노원구,11350,하계동,202607,아파트_매매,미성,하계동,280,84.94,85000,,,5,11,1989,,,,,,중개거래,
노원구,11350,공릉동,202607,아파트_매매,신도1차아파트,공릉동,748,81.2768,85000,,,16,11,2002,,,,,,중개거래,
노원구,11350,하계동,202607,아파트_매매,청솔(시영7),하계동,274,49.5,58500,,,4,11,1989,,,,,,중개거래,
노원구,11350,월계동,202607,아파트_매매,미륭,월계동,13,51.48,101000,,,8,11,1986,,,,,,중개거래,
노원구,11350,중계동,202607,아파트_매매,청구3,중계동,360-2,84.77,143000,,,14,11,1996,,,,,,중개거래,
노원구,11350,상계동,202607,아파트_매매,성원상떼빌,상계동,1283,84.99,67000,,,18,11,1999,,,,,,중개거래,
노원구,11350,공릉동,202607,아파트_매매,태강아파트(아이파크),공릉동,81,49.6,63800,,,6,11,1999,,,,,,중개거래,
노원구,11350,상계동,202607,아파트_매매,상계주공2(고층),상계동,740,59.28,70000,,,7,11,1987,,,,,,중개거래,
노원구,11350,중계동,202607,아파트_매매,삼성,중계동,593,59.9,59000,,,10,11,1999,,,,,,중개거래,
노원구,11350,공릉동,202607,아파트_매매,공릉동한보에센시티아파트,공릉동,743,59.4,67700,,,14,11,2000,,,,,,중개거래,
노원구,11350,상계동,202607,아파트_매매,극동늘푸른,상계동,1128,84.514,69500,,,5,11,2000,,,,,,중개거래,
노원구,11350,상계동,202607,아파트_매매,상계주공3(고층),상계동,730-2,58.01,82800,,,5,11,1987,,,,,,중개거래,
노원구,11350,상계동,202607,아파트_매매,상계주공9(고층),상계동,670,49.94,62000,,,6,11,1988,,,,,,중개거래,
노원구,11350,월계동,202607,아파트_매매,초안1,월계동,923,49.6,38000,,,5,11,1998,,,,,,중개거래,
노원구,11350,중계동,202607,아파트_매매,롯데우성,중계동,361-1,101.88,137800,,,11,11,1993,,,,,,중개거래,
노원구,11350,중계동,202607,아파트_매매,대림벽산(363),중계동,363,141.45,147000,,,13,11,1993,,,,,,중개거래,
노원구,11350,상계동,202607,아파트_매매,보람아파트,상계동,639,54.59,60000,,,9,11,1988,,,,,,중개거래,
노원구,11350,중계동,202607,아파트_매매,중계그린1단지,중계동,502-1,39.78,58500,,,3,11,1990,,,,,,중개거래,
노원구,11350,중계동,202607,아파트_매매,롯데우성,중계동,361-1,115.26,142000,,,8,11,1993,,,,,,중개거래,
노원구,11350,상계동,202607,아파트_매매,상계주공7(고층),상계동,691,41.3,60000,,,4,11,1988,,,,,,중개거래,
노원구,11350,중계동,202607,아파트_매매,중계3벽산,중계동,592,59.88,63000,,,10,11,1999,,,,,,중개거래,
노원구,11350,상계동,202607,아파트_매매,상계주공4(고층),상계동,749-5,41.3,55000,,,14,11,1988,,,,,,중개거래,
노원구,11350,월계동,202607,아파트_매매,미륭,월계동,13,51.48,97500,,,5,11,1986,,,,,,중개거래,
노원구,11350,상계동,202607,아파트_매매,상계주공16(고층),상계동,624,79.07,75000,,,13,11,1988,,,,,,중개거래,
노원구,11350,상계동,202607,아파트_매매,상계2차중앙하이츠,상계동,1282,59.82,74000,,,14,10,1998,,,,,,중개거래,
노원구,11350,공릉동,202607,아파트_매매,공릉동한보에센시티아파트,공릉동,743,59.4,60000,,,1,10,2000,,,,,,중개거래,
노원구,11350,상계동,202607,아파트_매매,불암현대,상계동,1293,84.9,62300,,,11,10,1999,,,,,,중개거래,
노원구,11350,중계동,202607,아파트_매매,성원1,중계동,580,59.75,80000,,,5,10,1996,,,,,,중개거래,
노원구,11350,상계동,202607,아파트_매매,상계주공16(고층),상계동,624,58.01,62000,,,13,10,1988,,,,,,중개거래,
노원구,11350,월계동,202607,아파트_매매,삼호3,월계동,13,59.22,110000,,,2,10,1986,,,,,,중개거래,
노원구,11350,상계동,202607,아파트_매매,상계주공16(고층),상계동,624,45.77,47000,,,6,10,1988,,,,,,중개거래,
노원구,11350,상계동,202607,아파트_매매,상계주공14(고층),상계동,626,49.94,60000,,,7,10,1989,,,,,,중개거래,
노원구,11350,중계동,202607,아파트_매매,롯데(505),중계동,505,129.91,105000,,,4,10,1989,,,,,,중개거래,
노원구,11350,하계동,202607,아파트_매매,한신2,하계동,284,35.28,46000,,,15,11,1988,,,,,,중개거래,
노원구,11350,상계동,202607,아파트_매매,노원센트럴푸르지오,상계동,1355,59.996,90000,,,4,10,2021,,,,,,중개거래,
노원구,11350,공릉동,202607,아파트_매매,태강아파트(아이파크),공릉동,81,49.6,56000,,,1,10,1999,,,,,,중개거래,
노원구,11350,중계동,202607,아파트_매매,청구(366),중계동,366,115.47,133000,,,10,10,1993,,,,,,중개거래,
노원구,11350,상계동,202607,아파트_매매,금호타운,상계동,1270,84.54,54000,,,8,10,1995,,,,,,중개거래,
노원구,11350,상계동,202607,아파트_매매,상계주공14(고층),상계동,626,41.3,48000,,,13,8,1989,,,,,,중개거래,
노원구,11350,상계동,202607,아파트_매매,상계주공16(고층),상계동,624,59.39,62500,,,8,9,1988,,,,,,중개거래,
노원구,11350,월계동,202607,아파트_매매,미성,월계동,13,33.28,77000,,,5,10,1986,,,,,,중개거래,
노원구,11350,월계동,202607,아파트_매매,초안1,월계동,923,59.85,39800,,,3,10,1998,,,,,,중개거래,
노원구,11350,월계동,202607,아파트_매매,극동,월계동,803-1,80.28,50000,,,3,10,1996,,,,,,중개거래,O
노원구,11350,상계동,202607,아파트_매매,상계현대3차,상계동,1063,84.96,64000,,,13,10,1999,,,,,,중개거래,
노원구,11350,상계동,202607,아파트_매매,상계주공7(고층),상계동,691,59.39,77300,,,15,10,1988,,,,,,중개거래,
노원구,11350,월계동,202607,아파트_매매,성북맨션,월계동,383-40,65.35,57800,,,3,10,1976,,,,,,중개거래,
노원구,11350,월계동,202607,아파트_매매,미성,월계동,13,50.14,96200,,,6,10,1986,,,,,,중개거래,
노원구,11350,월계동,202607,아파트_매매,미성,월계동,13,50.14,97000,,,12,10,1986,,,,,,중개거래,
노원구,11350,중계동,202607,아파트_매매,주공2,중계동,369,44.52,34000,,,1,6,1992,,,,,,중개거래,
노원구,11350,중계동,202607,아파트_매매,건영3,중계동,360-15,84.9,124000,,,2,3,1995,,,,,,중개거래,
노원구,11350,상계동,202607,아파트_매매,노원센트럴푸르지오,상계동,1355,59.996,100000,,,14,3,2021,,,,,,중개거래,
노원구,11350,월계동,202607,아파트_매매,미성,월계동,13,33.28,80000,,,3,10,1986,,,,,,중개거래,
노원구,11350,월계동,202607,아파트_매매,미륭,월계동,13,51.48,98000,,,3,10,1986,,,,,,중개거래,
노원구,11350,중계동,202607,아파트_매매,주공6,중계동,364-12,44.1,45000,,,2,10,1993,,,,,,중개거래,
노원구,11350,중계동,202607,아파트_매매,주공10,중계동,360-16,58.14,79500,,,11,9,1995,,,,,,중개거래,
노원구,11350,하계동,202607,아파트_매매,장미(시영6),하계동,273,49.75,72800,,,1,8,1989,,,,,,중개거래,
노원구,11350,공릉동,202607,아파트_매매,공릉동한보에센시티아파트,공릉동,743,84.93,68000,,,2,9,2000,,,,,,중개거래,
노원구,11350,상계동,202607,아파트_매매,청암2단지,상계동,1276,49.77,40200,,,2,9,2001,,,,,,중개거래,
노원구,11350,월계동,202607,아파트_매매,청백3,월계동,780,59.4,47500,,,12,9,1998,,,,,,중개거래,
노원구,11350,상계동,202607,아파트_매매,상계주공2(고층),상계동,740,41.3,59300,,,9,9,1987,,,,,,중개거래,
노원구,11350,중계동,202607,아파트_매매,중계무지개,중계동,512,49.54,67000,,,2,9,1991,,,,,,중개거래,
노원구,11350,상계동,202607,아파트_매매,상계주공14(고층),상계동,626,45.9,45000,,,9,9,1989,,,,,,중개거래,
노원구,11350,중계동,202607,아파트_매매,주공8,중계동,362-1,49.72,65500,,,6,9,1993,,,,,,중개거래,
노원구,11350,중계동,202607,아파트_매매,청구3,중계동,360-2,84.77,137000,,,4,9,1996,,,,,,중개거래,
노원구,11350,상계동,202607,아파트_매매,상계주공10(고층),상계동,666,58.01,69500,,,6,4,1988,,,,,,중개거래,
노원구,11350,상계동,202607,아파트_매매,보람아파트,상계동,639,54.59,59500,,,1,9,1988,,,,,,중개거래,
노원구,11350,상계동,202607,아파트_매매,중계센트럴파크,상계동,1322,84.13,87500,,,9,9,2016,,,,,,중개거래,
노원구,11350,상계동,202607,아파트_매매,상계주공7(고층),상계동,691,45.9,60000,,,3,9,1988,,,,,,중개거래,
노원구,11350,상계동,202607,아파트_매매,극동늘푸른,상계동,1128,59.958,54500,,,7,3,2000,,,,,,중개거래,
노원구,11350,상계동,202607,아파트_매매,노원롯데캐슬시그니처,상계동,1410,59.996,97000,,,25,9,2023,,,,,,중개거래,
노원구,11350,중계동,202607,아파트_매매,주공7,중계동,363-1,44.1,40000,,,14,9,1993,,,,,,중개거래,
노원구,11350,월계동,202607,아파트_매매,삼호4,월계동,12,59.49,92500,,,9,9,1987,,,,,,중개거래,
노원구,11350,중계동,202607,아파트_매매,주공5,중계동,359-1,44.52,52800,,,15,8,1992,,,,,,중개거래,
노원구,11350,월계동,202607,아파트_매매,동신,월계동,436,70.81,89000,,,8,3,1983,,,,,,중개거래,
노원구,11350,월계동,202607,아파트_매매,월계센트럴아이파크,월계동,951,84.99,124000,,,22,4,2020,,,,,,중개거래,
노원구,11350,상계동,202607,아파트_매매,벽산,상계동,173-1,43.35,30000,,,15,7,1989,,,,,,중개거래,
노원구,11350,상계동,202607,아파트_매매,상계주공4(고층),상계동,749-5,32.39,38000,,,9,9,1988,,,,,,중개거래,
노원구,11350,상계동,202607,아파트_매매,상계주공1(고층),상계동,765,41.3,47500,,,15,9,1988,,,,,,중개거래,
노원구,11350,중계동,202607,아파트_매매,현대1(4차),중계동,577,84.99,60000,,,2,9,1993,,,,,,중개거래,
노원구,11350,상계동,202607,아파트_매매,상계주공1(고층),상계동,765,58.01,64700,,,7,8,1988,,,,,,중개거래,
노원구,11350,상계동,202607,아파트_매매,상계현대3차,상계동,1063,84.96,66000,,,8,9,1999,,,,,,중개거래,
노원구,11350,월계동,202607,아파트_매매,동신,월계동,436,91.54,100000,,,10,9,1983,,,,,,중개거래,
노원구,11350,상계동,202607,아파트_매매,포레나노원,상계동,680,74.9561,127000,,,23,8,2020,,,,,,중개거래,
노원구,11350,하계동,202607,아파트_매매,장미(시영6),하계동,273,39.78,60000,,,4,8,1989,,,,,,중개거래,O
노원구,11350,공릉동,202607,아파트_매매,신성미소지움아파트,공릉동,756,84.929,69000,,,1,8,2004,,,,,,중개거래,
노원구,11350,상계동,202607,아파트_매매,상계주공9(고층),상계동,670,58.01,66700,,,5,8,1988,,,,,,중개거래,
노원구,11350,중계동,202607,아파트_매매,현대2(4차),중계동,578,84.78,61400,,,4,8,1993,,,,,,중개거래,
노원구,11350,상계동,202607,아파트_매매,금호타운,상계동,1270,84.54,52500,,,4,8,1995,,,,,,중개거래,
노원구,11350,중계동,202607,아파트_매매,중계그린1단지,중계동,502-1,59.87,70500,,,8,8,1990,,,,,,중개거래,
노원구,11350,상계동,202607,아파트_매매,상계주공9(고층),상계동,670,61.52,67000,,,9,8,1988,,,,,,중개거래,
노원구,11350,월계동,202607,아파트_매매,미륭,월계동,13,51.48,100000,,,8,8,1986,,,,,,중개거래,
노원구,11350,상계동,202607,아파트_매매,대동황토방,상계동,1284,60,64000,,,16,8,2001,,,,,,중개거래,
노원구,11350,공릉동,202607,아파트_매매,태릉우성아파트,공릉동,254,66.87,65000,,,2,8,1985,,,,,,중개거래,
노원구,11350,공릉동,202607,아파트_매매,태강아파트(아이파크),공릉동,81,49.6,63500,,,9,4,1999,,,,,,중개거래,
노원구,11350,상계동,202607,아파트_매매,극동늘푸른,상계동,1128,59.958,52000,,,5,8,2000,,,,,,중개거래,
노원구,11350,월계동,202607,아파트_매매,녹천역두산위브아파트,월계동,950,84.9343,74000,,,6,8,2017,,,,,,중개거래,
노원구,11350,상계동,202607,아파트_매매,상계주공14(고층),상계동,626,41.3,43000,,,3,8,1989,,,,,,중개거래,
노원구,11350,하계동,202607,아파트_매매,미성,하계동,280,84.94,94700,,,9,6,1989,,,,,,중개거래,
노원구,11350,중계동,202607,아파트_매매,중계3벽산,중계동,592,114.87,95000,,,1,7,1999,,,,,,중개거래,
노원구,11350,하계동,202607,아파트_매매,벽산,하계동,271-3,70.56,79000,,,15,8,1988,,,,,,중개거래,
노원구,11350,상계동,202607,아파트_매매,은빛2단지,상계동,1256,59.95,52000,,,3,8,1998,,,,,,중개거래,
노원구,11350,중계동,202607,아파트_매매,현대(3차),중계동,576,66.47,64000,,,7,8,1992,,,,,,중개거래,
노원구,11350,월계동,202607,아파트_매매,건양노블레스빌,월계동,938,84.659,80000,,,3,7,2003,,,,,,중개거래,
노원구,11350,월계동,202607,아파트_매매,삼호4,월계동,12,50.18,79000,,,2,8,1987,,,,,,중개거래,
노원구,11350,공릉동,202607,아파트_매매,씨엠아파트,공릉동,568-6,73.23,36900,,,5,6,2006,,,,,,중개거래,
노원구,11350,상계동,202607,아파트_매매,동아불암,상계동,1285,59.4,53000,,,19,8,1999,,,,,,중개거래,
노원구,11350,중계동,202607,아파트_매매,청구(366),중계동,366,115.47,129000,,,3,6,1993,,,,,,중개거래,
노원구,11350,공릉동,202607,아파트_매매,하늘공원(101동),공릉동,222,84.58,54500,,,3,4,2006,,,,,,중개거래,
노원구,11350,공릉동,202607,아파트_매매,삼익4단지아파트,공릉동,714,59.04,57700,,,11,8,1994,,,,,,중개거래,
노원구,11350,상계동,202607,아파트_매매,상계주공1(고층),상계동,765,41.3,50500,,,3,7,1988,,,,,,중개거래,
노원구,11350,상계동,202607,아파트_매매,상계주공9(고층),상계동,670,49.94,61800,,,10,7,1988,,,,,,중개거래,
노원구,11350,월계동,202607,아파트_매매,동신,월계동,436,91.54,100000,,,6,7,1983,,,,,,중개거래,
노원구,11350,중계동,202607,아파트_매매,한화꿈에그린,중계동,598,59.941,69500,,,12,7,2005,,,,,,중개거래,
노원구,11350,상계동,202607,아파트_매매,상계대림,상계동,172,59.67,55000,,,13,7,1989,,,,,,중개거래,
노원구,11350,상계동,202607,아파트_매매,상계현대3차,상계동,1063,84.96,65000,,,11,7,1999,,,,,,중개거래,
노원구,11350,공릉동,202607,아파트_매매,태릉해링턴플레이스,공릉동,758,74.95,112500,,,9,7,2022,,,,,,중개거래,
노원구,11350,하계동,202607,아파트_매매,청구,하계동,284,84.97,90000,,,8,3,1988,,,,,,중개거래,
노원구,11350,월계동,202607,아파트_매매,동신,월계동,436,91.54,95000,,,3,7,1983,,,,,,중개거래,
노원구,11350,상계동,202607,아파트_매매,상계주공2(고층),상계동,740,41.3,55000,,,6,7,1987,,,,,,중개거래,
노원구,11350,상계동,202607,아파트_매매,상계주공4(고층),상계동,749-5,41.3,55000,,,13,7,1988,,,,,,중개거래,
노원구,11350,공릉동,202607,아파트_매매,대주파크빌아파트,공릉동,751,81.12,73300,,,17,4,2003,,,,,,중개거래,
노원구,11350,월계동,202607,아파트_매매,동신,월계동,436,92.84,96500,,,5,7,1983,,,,,,중개거래,
노원구,11350,중계동,202607,아파트_매매,중계무지개,중계동,512,59.26,75500,,,11,7,1991,,,,,,중개거래,
노원구,11350,상계동,202607,아파트_매매,은빛2단지,상계동,1256,39.7,32500,,,2,6,1998,,,,,,중개거래,
노원구,11350,상계동,202607,아파트_매매,상계주공4(고층),상계동,749-5,49.94,68000,,,14,6,1988,,,,,,중개거래,
노원구,11350,월계동,202607,아파트_매매,삼호3,월계동,13,59.22,117000,,,13,3,1986,,,,,,중개거래,
노원구,11350,상계동,202607,아파트_매매,상계주공11(고층),상계동,652,60.5,68000,,,10,4,1988,,,,,,중개거래,
노원구,11350,상계동,202607,아파트_매매,수락리버시티4단지,상계동,1313,59.9,61300,,,4,6,2009,,,,,,중개거래,
노원구,11350,상계동,202607,아파트_매매,상계주공7(고층),상계동,691,49.94,70000,,,9,6,1988,,,,,,중개거래,
노원구,11350,공릉동,202607,아파트_매매,화랑해링턴플레이스아파트,공릉동,746,59.84,60000,,,3,6,1999,,,,,,중개거래,
노원구,11350,중계동,202607,아파트_매매,롯데우성,중계동,361-1,101.88,139500,,,5,6,1993,,,,,,중개거래,
노원구,11350,상계동,202607,아파트_매매,한신2차,상계동,451,45.92,35000,,,4,6,1988,,,,,,중개거래,
노원구,11350,중계동,202607,아파트_매매,롯데(505),중계동,505,129.91,117700,,,6,3,1989,,,,,,중개거래,
노원구,11350,상계동,202607,아파트_매매,상계주공10(고층),상계동,666,45.77,51000,,,15,6,1988,,,,,,중개거래,
노원구,11350,상계동,202607,아파트_매매,상계주공3(고층),상계동,730-2,32.39,47000,,,15,6,1987,,,,,,중개거래,
노원구,11350,상계동,202607,아파트_매매,양우,상계동,1299,110.5345,88000,,,11,6,2002,,,,,,중개거래,
노원구,11350,중계동,202607,아파트_매매,주공5,중계동,359-1,44.52,51800,,,12,6,1992,,,,,,중개거래,
노원구,11350,상계동,202607,아파트_매매,은빛2단지,상계동,1256,39.7,38000,,,13,4,1998,,,,,,중개거래,
노원구,11350,상계동,202607,아파트_매매,보람아파트,상계동,639,44.33,46500,,,8,6,1988,,,,,,중개거래,O
노원구,11350,중계동,202607,아파트_매매,양지마을(대림)2,중계동,588,84.88,93000,,,1,6,1999,,,,,,중개거래,
노원구,11350,상계동,202607,아파트_매매,상계주공6(고층),상계동,720,32.39,52000,,,4,6,1988,,,,,,중개거래,
노원구,11350,상계동,202607,아파트_매매,상계주공9(고층),상계동,670,49.94,60500,,,7,6,1988,,,,,,중개거래,
노원구,11350,월계동,202607,아파트_매매,동신,월계동,436,71.83,89000,,,2,3,1983,,,,,,중개거래,
노원구,11350,상계동,202607,아파트_매매,상계주공7(고층),상계동,691,79.07,100000,,,2,6,1988,,,,,,중개거래,
노원구,11350,상계동,202607,아파트_매매,상계주공4(고층),상계동,749-5,59.28,70000,,,7,6,1988,,,,,,중개거래,
노원구,11350,월계동,202607,아파트_매매,초안2,월계동,924,59.85,46300,,,13,6,1997,,,,,,중개거래,
노원구,11350,하계동,202607,아파트_매매,극동,하계동,271-3,70.56,80800,,,9,6,1988,,,,,,중개거래,
노원구,11350,상계동,202607,아파트_매매,상계주공2(고층),상계동,740,68.86,80700,,,6,6,1987,,,,,,중개거래,
노원구,11350,상계동,202607,아파트_매매,상계주공14(고층),상계동,626,90.94,90000,,,8,6,1989,,,,,,중개거래,
노원구,11350,하계동,202607,아파트_매매,장미(시영6),하계동,273,49.75,76000,,,12,6,1989,,,,,,중개거래,
노원구,11350,하계동,202607,아파트_매매,한신동성,하계동,256-5,112.24,102500,,,4,6,1993,,,,,,중개거래,
노원구,11350,상계동,202607,아파트_매매,포레나노원,상계동,680,84.9014,137500,,,17,6,2020,,,,,,중개거래,
노원구,11350,중계동,202607,아파트_매매,신안,중계동,590,84.93,98000,,,5,6,1999,,,,,,중개거래,
노원구,11350,하계동,202607,아파트_매매,건영,하계동,271-3,65.43,78800,,,13,6,1988,,,,,,중개거래,
노원구,11350,상계동,202607,아파트_매매,동아불암,상계동,1285,59.4,50000,,,3,6,1999,,,,,,중개거래,
노원구,11350,상계동,202607,아파트_매매,상계주공14(고층),상계동,626,49.94,62000,,,6,5,1989,,,,,,중개거래,
노원구,11350,월계동,202607,아파트_매매,대우,월계동,775,134.64,74300,,,4,6,1998,,,,,,중개거래,
노원구,11350,공릉동,202607,아파트_매매,삼익아파트,공릉동,690-2,84.77,72000,,,15,4,1997,,,,,,중개거래,
노원구,11350,상계동,202607,아파트_매매,상계주공3(고층),상계동,730-2,58.01,80000,,,2,3,1987,,,,,,중개거래,
노원구,11350,상계동,202607,아파트_매매,상계주공4(고층),상계동,749-5,59.39,70000,,,4,3,1988,,,,,,중개거래,
노원구,11350,상계동,202607,아파트_매매,상계주공7(고층),상계동,691,49.94,75500,,,12,5,1988,,,,,,중개거래,
노원구,11350,상계동,202607,아파트_매매,상계주공1(고층),상계동,765,59.28,69000,,,10,4,1988,,,,,,중개거래,
노원구,11350,하계동,202607,아파트_매매,한신1,하계동,284,27,35000,,,14,4,1988,,,,,,중개거래,
노원구,11350,중계동,202607,아파트_매매,주공5,중계동,359-1,38.64,45000,,,4,4,1992,,,,,,중개거래,
노원구,11350,상계동,202607,아파트_매매,상계주공11(고층),상계동,652,68.86,81900,,,3,4,1988,,,,,,중개거래,
노원구,11350,하계동,202607,아파트_매매,한신1,하계동,284,27,35800,,,7,4,1988,,,,,,중개거래,
노원구,11350,월계동,202607,아파트_매매,현대,월계동,929,59.95,91500,,,24,4,2000,,,,,,중개거래,
노원구,11350,중계동,202607,아파트_매매,중계현대2,중계동,435-1,84.34,76000,,,15,3,1991,,,,,,중개거래,
노원구,11350,중계동,202607,아파트_매매,중계그린1단지,중계동,502-1,39.91,55000,,,15,4,1990,,,,,,중개거래,
노원구,11350,상계동,202607,아파트_매매,두산,상계동,1110,51.66,48700,,,14,4,1994,,,,,,중개거래,
노원구,11350,상계동,202607,아파트_매매,상계주공12(고층),상계동,647,41.3,44050,,,2,4,1988,,,,,,중개거래,
노원구,11350,하계동,202607,아파트_매매,하계2현대,하계동,288,84.896,102000,,,5,4,1997,,,,,,중개거래,
노원구,11350,상계동,202607,아파트_매매,상계주공6(고층),상계동,720,41.3,63000,,,8,4,1988,,,,,,중개거래,
노원구,11350,중계동,202607,아파트_매매,중계그린1단지,중계동,502-1,59.22,79500,,,14,4,1990,,,,,,중개거래,
노원구,11350,상계동,202607,아파트_매매,상계주공4(고층),상계동,749-5,32.39,36000,,,15,4,1988,,,,,,중개거래,
노원구,11350,공릉동,202607,아파트_매매,삼익아파트,공릉동,690-2,84.77,65500,,,2,4,1997,,,,,,중개거래,
노원구,11350,하계동,202607,아파트_매매,학여울청구,하계동,354,59.4,74000,,,5,3,1999,,,,,,중개거래,
노원구,11350,상계동,202607,아파트_매매,한양,상계동,757,87.49,94500,,,10,4,1988,,,,,,중개거래,
노원구,11350,상계동,202607,아파트_매매,상계주공10(고층),상계동,666,59.28,66000,,,2,4,1988,,,,,,중개거래,
노원구,11350,공릉동,202607,아파트_매매,태릉해링턴플레이스,공릉동,758,74.95,109500,,,18,4,2022,,,,,,중개거래,
노원구,11350,상계동,202607,아파트_매매,상계주공13(고층),상계동,637,58.01,55500,,,7,4,1989,,,,,,중개거래,
노원구,11350,월계동,202607,아파트_매매,주공2,월계동,556,44.52,40000,,,9,3,1992,,,,,,중개거래,
노원구,11350,공릉동,202607,아파트_매매,대아2차아파트,공릉동,492-1,114.96,75000,,,10,3,2000,,,,,,중개거래,
노원구,11350,하계동,202607,아파트_매매,청솔(시영7),하계동,274,49.5,60000,,,6,3,1989,,,,,,중개거래,
노원구,11350,상계동,202607,아파트_매매,상계주공14(고층),상계동,626,45.9,41500,,,12,4,1989,,,,,,중개거래,
노원구,11350,상계동,202607,아파트_매매,상계주공9(고층),상계동,670,61.52,66500,,,14,3,1988,,,,,,중개거래,
노원구,11350,상계동,202607,아파트_매매,상계주공9(고층),상계동,670,58.01,66500,,,5,3,1988,,,,,,중개거래,
노원구,11350,상계동,202607,아파트_매매,노원롯데캐슬시그니처,상계동,1410,59.975,96000,,,4,4,2023,,,,,,중개거래,
노원구,11350,공릉동,202607,아파트_매매,서일이츠뷰,공릉동,371-11,84.983,65000,,,7,4,2005,,,,,,중개거래,
노원구,11350,상계동,202607,아파트_매매,상계주공13(고층),상계동,637,45.9,37000,,,4,4,1989,,,,,,중개거래,
노원구,11350,상계동,202607,아파트_매매,상계주공4(고층),상계동,749-5,41.3,46000,,,1,3,1988,,,,,,중개거래,
노원구,11350,공릉동,202607,아파트_매매,우방아파트,공릉동,108,60.502,65000,,,2,3,2000,,,,,,중개거래,
노원구,11350,중계동,202607,아파트_매매,주공4,중계동,358-2,84.79,104000,,,13,3,1991,,,,,,중개거래,
노원구,11350,공릉동,202607,아파트_매매,태릉해링턴플레이스,공릉동,758,84.98,128000,,,25,2,2022,,,,,,중개거래,
노원구,11350,상계동,202607,아파트_매매,상계주공10(고층),상계동,666,45.77,50000,,,1,3,1988,,,,,,중개거래,
노원구,11350,상계동,202607,아파트_매매,상계주공10(고층),상계동,666,45.77,53900,,,6,3,1988,,,,,,중개거래,
노원구,11350,중계동,202607,아파트_매매,중계무지개,중계동,512,49.54,70000,,,13,4,1991,,,,,,중개거래,
노원구,11350,월계동,202607,아파트_매매,한진한화그랑빌,월계동,18,139.08,128000,,,25,4,2002,,,,,,중개거래,
노원구,11350,월계동,202607,아파트_매매,주공2,월계동,556,44.52,40500,,,9,3,1992,,,,,,중개거래,
노원구,11350,공릉동,202607,아파트_매매,시영2단지(라이프)아파트,공릉동,707,39.6,43000,,,12,3,1994,,,,,,중개거래,
노원구,11350,상계동,202607,아파트_매매,임광,상계동,694,122.18,116500,,,4,3,1989,,,,,,중개거래,
노원구,11350,상계동,202607,아파트_매매,미도,상계동,766-1,87.57,84000,,,12,3,1988,,,,,,중개거래,
노원구,11350,상계동,202607,아파트_매매,노원IPARK,상계동,1318,145.58,80500,,,4,3,2009,,,,,,중개거래,
노원구,11350,상계동,202607,아파트_매매,노원롯데캐슬시그니처,상계동,1410,59.996,99000,,,20,4,2023,,,,,,중개거래,
노원구,11350,중계동,202607,아파트_매매,신동아(366),중계동,366,115.35,127000,,,4,3,1993,,,,,,중개거래,
노원구,11350,상계동,202607,아파트_매매,상계주공7(고층),상계동,691,59.39,79500,,,9,3,1988,,,,,,중개거래,O
노원구,11350,하계동,202607,아파트_매매,벽산,하계동,271-3,84.85,87000,,,1,3,1988,,,,,,중개거래,
노원구,11350,상계동,202607,아파트_매매,수락한신,상계동,1277,59.95,49000,,,10,2,1997,,,,,,중개거래,
노원구,11350,하계동,202607,아파트_매매,장미(시영6),하계동,273,49.5,71000,,,15,3,1989,,,,,,중개거래,
노원구,11350,상계동,202607,아파트_매매,상계주공4(고층),상계동,749-5,84.2,85000,,,6,1,1988,,,,,,중개거래,
노원구,11350,중계동,202607,아파트_매매,중계그린1단지,중계동,502-1,49.5,65800,,,5,2,1990,,,,,,중개거래,
노원구,11350,월계동,202607,아파트_매매,한진한화그랑빌,월계동,18,84.97,121000,,,15,2,2002,,,,,,중개거래,
노원구,11350,공릉동,202607,아파트_매매,시영2단지(라이프)아파트,공릉동,707,39.6,41500,,,10,3,1994,,,,,,중개거래,
노원구,11350,중계동,202607,아파트_매매,중계그린1단지,중계동,502-1,49.5,62000,,,3,3,1990,,,,,,중개거래,
노원구,11350,상계동,202607,아파트_매매,은빛1단지,상계동,1255,59.95,51000,,,4,3,1998,,,,,,중개거래,
노원구,11350,월계동,202607,아파트_매매,미륭,월계동,13,51.48,99500,,,6,2,1986,,,,,,중개거래,
노원구,11350,상계동,202607,아파트_매매,미도,상계동,766-1,87.57,83000,,,5,1,1988,,,,,,중개거래,
노원구,11350,상계동,202607,아파트_매매,은빛1단지,상계동,1255,39.69,34600,,,8,3,1998,,,,,,중개거래,
노원구,11350,중계동,202607,아파트_매매,주공2,중계동,369,44.52,35000,,,2,3,1992,,,,,,중개거래,
노원구,11350,하계동,202607,아파트_매매,벽산,하계동,271-3,57.71,60000,,,1,3,1988,,,,,,중개거래,
노원구,11350,공릉동,202607,아파트_매매,풍림아파트B,공릉동,727,31.32,30000,,,2,3,2001,,,,,,중개거래,
노원구,11350,공릉동,202607,아파트_매매,풍림아파트A,공릉동,725,59.94,80500,,,8,2,2001,,,,,,중개거래,
노원구,11350,중계동,202607,아파트_매매,중계그린1단지,중계동,502-1,59.87,72500,,,5,2,1990,,,,,,중개거래,
노원구,11350,공릉동,202607,아파트_매매,풍림아파트A,공릉동,725,59.94,84500,,,7,2,2001,,,,,,중개거래,
노원구,11350,상계동,202607,아파트_매매,상계주공14(저층),상계동,626,71.89,73000,,,4,2,1989,,,,,,중개거래,
노원구,11350,중계동,202607,아파트_매매,롯데(505),중계동,505,129.91,118000,,,7,2,1989,,,,,,중개거래,
노원구,11350,월계동,202607,아파트_매매,롯데캐슬루나,월계동,947,59.9927,86500,,,3,2,2006,,,,,,중개거래,
노원구,11350,상계동,202607,아파트_매매,한신2차,상계동,451,58.46,48000,,,7,2,1988,,,,,,중개거래,
노원구,11350,상계동,202607,아파트_매매,상계주공6(고층),상계동,720,37.46,61500,,,7,2,1988,,,,,,중개거래,
노원구,11350,상계동,202607,아파트_매매,상계주공16(고층),상계동,624,59.39,57000,,,1,2,1988,,,,,,중개거래,
노원구,11350,상계동,202607,아파트_매매,상계주공1(고층),상계동,765,41.3,54800,,,11,2,1988,,,,,,중개거래,
노원구,11350,상계동,202607,아파트_매매,상계주공6(고층),상계동,720,59.2,71000,,,14,2,1988,,,,,,중개거래,
노원구,11350,상계동,202607,아파트_매매,성원상떼빌,상계동,1283,59.93,49000,,,12,2,1999,,,,,,중개거래,
노원구,11350,상계동,202607,아파트_매매,상계주공12(고층),상계동,647,49.94,60000,,,10,1,1988,,,,,,중개거래,
노원구,11350,상계동,202607,아파트_매매,성원상떼빌,상계동,1283,59.93,56000,,,15,1,1999,,,,,,중개거래,
노원구,11350,중계동,202607,아파트_매매,진로유통조합대림,중계동,78,84.99,61800,,,2,1,1992,,,,,,중개거래,
노원구,11350,상계동,202607,아파트_매매,상계주공16(고층),상계동,624,45.77,43000,,,12,1,1988,,,,,,중개거래,
노원구,11350,상계동,202607,아파트_매매,상계주공2(고층),상계동,740,37.46,49500,,,5,1,1987,,,,,,중개거래,
노원구,11350,공릉동,202607,아파트_매매,화랑대디오베이션,공릉동,760,59.9883,73500,,,8,1,2021,,,,,,중개거래,
노원구,11350,중계동,202607,아파트_매매,상아,중계동,505,84.97,91800,,,2,1,1989,,,,,,중개거래,
노원구,11350,상계동,202607,아파트_매매,상계주공14(고층),상계동,626,49.94,60000,,,11,1,1989,,,,,,중개거래,
노원구,11350,하계동,202607,아파트_매매,학여울청구,하계동,354,59.4,69500,,,12,1,1999,,,,,,중개거래,
노원구,11350,상계동,202607,아파트_매매,상계대림e편한세상,상계동,1301,55.77,48500,,,11,1,2002,,,,,,중개거래,
노원구,11350,중계동,202607,아파트_매매,롯데(505),중계동,505,54.48,69000,,,15,1,1989,,,,,,중개거래,
노원구,11350,하계동,202607,아파트_매매,장미(시영6),하계동,273,39.78,56000,,,1,1,1989,,,,,,중개거래,
노원구,11350,공릉동,202607,아파트_매매,풍림아파트B,공릉동,727,31.32,30250,,,6,1,2001,,,,,,중개거래,
노원구,11350,공릉동,202607,아파트_매매,두산힐스빌아파트,공릉동,747,100.23,105000,,,2,1,2000,,,,,,중개거래,
노원구,11350,중계동,202607,아파트_매매,롯데우성,중계동,361-1,115.26,140500,,,6,1,1993,,,,,,중개거래,
노원구,11350,상계동,202607,아파트_매매,상계주공1(고층),상계동,765,58.01,62800,,,2,1,1988,,,,,,중개거래,
노원구,11350,월계동,202607,아파트_매매,성원(사슴4),월계동,322-1,59.94,70000,,,11,1,1995,,,,,,중개거래,
노원구,11350,중계동,202606,오피스텔_전월세,씨앤미,중계동,509-1,50.35,,5000,70,7,8,2004,신규,26.07~28.07,,,,,
노원구,11350,월계동,202606,오피스텔_전월세,카펠라오피스텔,월계동,366-3,33.75,,1000,53,5,29,2003,신규,26.07~28.02,,,,,
노원구,11350,상계동,202606,오피스텔_전월세,하이베라스,상계동,1262,36.29,,500,55,7,2,2003,신규,26.07~27.07,,,,,
노원구,11350,월계동,202606,오피스텔_전월세,카펠라오피스텔,월계동,366-3,30,,500,65,5,1,2003,신규,26.07~27.07,,,,,
노원구,11350,상계동,202606,오피스텔_전월세,오피앙,상계동,1258,23.37,,500,50,7,25,2004,신규,26.07~27.07,,,,,
노원구,11350,상계동,202606,오피스텔_전월세,오피앙,상계동,1258,23.37,,500,50,7,2,2004,신규,26.06~27.06,,,,,
노원구,11350,상계동,202606,오피스텔_전월세,노원역 보미더클래스 오피스텔,상계동,706-2,29.26,,7000,80,5,10,2023,신규,26.09~28.09,,,,,
노원구,11350,중계동,202606,오피스텔_전월세,(506),중계동,506,72.45,,42000,0,6,17,2005,신규,26.08~28.08,,,,,
노원구,11350,중계동,202606,오피스텔_전월세,씨앤미,중계동,509-1,50.35,,1000,90,8,24,2004,신규,26.07~28.07,,,,,
노원구,11350,상계동,202606,오피스텔_전월세,오피앙,상계동,1258,23.37,,1000,42,12,17,2004,갱신,26.06~27.05,1000.0,40.0,,,
노원구,11350,상계동,202606,오피스텔_전월세,노원역 보미더클래스 오피스텔,상계동,706-2,18.96,,1000,80,18,26,2023,신규,26.07~27.07,,,,,
노원구,11350,상계동,202606,오피스텔_전월세,수락네스트죤,상계동,1132-28,31.99,,300,62,3,15,2003,신규,26.06~27.06,,,,,
노원구,11350,월계동,202606,오피스텔_전월세,카펠라오피스텔,월계동,366-3,30,,1000,50,2,6,2003,신규,26.06~27.06,,,,,
노원구,11350,상계동,202606,오피스텔_전월세,오피앙,상계동,1258,23.37,,500,50,15,18,2004,신규,26.06~27.06,,,,,
노원구,11350,중계동,202606,오피스텔_전월세,씨앤미,중계동,509-1,50.35,,1000,85,9,15,2004,신규,26.07~28.07,,,,,
노원구,11350,상계동,202606,오피스텔_전월세,(1117-2),상계동,1117-2,19.6,,500,52,3,6,2012,갱신,26.07~27.07,500.0,49.0,,,
노원구,11350,상계동,202606,오피스텔_전월세,오피앙,상계동,1258,23.37,,500,50,6,11,2004,신규,26.06~28.06,,,,,
노원구,11350,중계동,202606,오피스텔_전월세,(506),중계동,506,93.37,,60000,0,5,27,2005,신규,26.07~28.07,,,,,
노원구,11350,상계동,202606,오피스텔_전월세,오피앙,상계동,1258,23.37,,500,50,15,15,2004,신규,26.06~27.06,,,,,
노원구,11350,상계동,202606,오피스텔_전월세,수락윈디하이츠,상계동,1117-19,59.92,,3000,80,3,24,2012,신규,26.06~28.06,,,,,
노원구,11350,상계동,202606,오피스텔_전월세,오피앙,상계동,1258,23.37,,8540,0,15,16,2004,신규,26.08~28.08,,,,,
노원구,11350,상계동,202606,오피스텔_전월세,(693-2),상계동,693-2,26.2,,1000,65,10,23,1993,신규,26.07~27.07,,,,,
노원구,11350,상계동,202606,오피스텔_전월세,(693-2),상계동,693-2,31.15,,1000,70,7,10,1993,신규,26.06~28.06,,,,,
노원구,11350,상계동,202606,오피스텔_전월세,오피앙,상계동,1258,23.37,,9300,0,15,16,2004,신규,26.08~28.08,,,,,
노원구,11350,월계동,202606,오피스텔_전월세,카펠라오피스텔,월계동,366-3,30,,1000,60,4,4,2003,신규,26.06~27.06,,,,,
노원구,11350,상계동,202606,오피스텔_전월세,오피앙,상계동,1258,27.78,,1000,70,11,17,2004,신규,26.07~28.07,,,,,
노원구,11350,중계동,202606,오피스텔_전월세,씨앤미,중계동,509-1,34.67,,1000,70,4,6,2004,신규,26.06~28.06,,,,,
노원구,11350,하계동,202606,오피스텔_전월세,삼정 이오니아,하계동,256-13,26.91,,2500,60,6,10,2003,신규,26.07~28.07,,,,,
노원구,11350,상계동,202606,오피스텔_전월세,(101-149),상계동,101-149,30.34,,13000,0,4,2,2003,신규,26.07~28.07,,,,,
노원구,11350,상계동,202606,오피스텔_전월세,(1117-2),상계동,1117-2,20.82,,8400,0,3,4,2012,신규,26.07~28.07,,,,,
노원구,11350,상계동,202606,오피스텔_전월세,마블러스1,상계동,341-7,25.53,,1000,60,4,2,2003,신규,26.06~27.06,,,,,
노원구,11350,상계동,202606,오피스텔_전월세,토마토파르코,상계동,1267,32.97,,500,65,4,2,2005,신규,26.06~28.06,,,,,
노원구,11350,중계동,202606,오피스텔_전월세,새롬스타빌,중계동,360-12,21.55,,500,50,5,1,2002,신규,26.06~27.06,,,,,
노원구,11350,상계동,202606,오피스텔_전월세,토마토파르코,상계동,1267,36.77,,1000,68,11,1,2005,신규,26.06~27.06,,,,,
노원구,11350,공릉동,202606,연립다세대_전월세,진한하이빌,공릉동,598-25,25.8,,5000,53,5,18,2013,,,,,,,
노원구,11350,공릉동,202606,연립다세대_전월세,우공리온빌,공릉동,371-3,53.11,,30600,0,5,17,2018,,,,,,,
노원구,11350,공릉동,202606,연립다세대_전월세,해오름.H,공릉동,441-70,38.66,,500,49,5,23,2013,신규,26.08~27.08,,,,,
노원구,11350,공릉동,202606,연립다세대_전월세,휴먼빌,공릉동,503-42,44.34,,5000,70,3,28,2012,신규,26.07~28.07,,,,,
노원구,11350,상계동,202606,연립다세대_전월세,신성에어빌다동,상계동,68-104,41.53,,2000,30,4,17,2003,신규,26.07~28.07,,,,,
노원구,11350,공릉동,202606,연립다세대_전월세,(587-9),공릉동,587-9,42.48,,1000,60,2,22,2002,신규,26.07~27.07,,,,,
노원구,11350,공릉동,202606,연립다세대_전월세,아이파크,공릉동,509-10,12.23,,2000,35,2,27,2013,신규,26.08~28.02,,,,,
노원구,11350,공릉동,202606,연립다세대_전월세,362-28,공릉동,362-28,59.84,,5828,5,4,29,2015,신규,26.07~28.09,,,,,
노원구,11350,공릉동,202606,연립다세대_전월세,Miga-plus,공릉동,408-117,16.55,,1000,50,2,14,2016,신규,26.08~27.08,,,,,
노원구,11350,공릉동,202606,연립다세대_전월세,청마타운B동,공릉동,350-42,29.16,,1000,55,4,25,2014,신규,26.08~27.08,,,,,
노원구,11350,공릉동,202606,연립다세대_전월세,유앤아이하우스,공릉동,499-45,39.87,,5655,5,5,30,2019,신규,26.07~28.09,,,,,
노원구,11350,공릉동,202606,연립다세대_전월세,리더밸리,공릉동,389-1,11.94,,2000,39,2,24,2009,신규,26.07~27.08,,,,,
노원구,11350,공릉동,202606,연립다세대_전월세,해오름.H,공릉동,441-70,39.14,,500,41,1,29,2013,신규,26.08~27.08,,,,,
노원구,11350,월계동,202606,연립다세대_전월세,더보아트빌,월계동,382-62,16.83,,7500,20,4,2,2002,신규,26.09~28.08,,,,,
노원구,11350,월계동,202606,연립다세대_전월세,(473-10),월계동,473-10,23.94,,2000,55,2,11,2003,신규,26.08~28.02,,,,,
노원구,11350,상계동,202606,연립다세대_전월세,아름빌,상계동,185-10,23.26,,1000,60,4,19,2013,신규,26.08~28.08,,,,,
노원구,11350,공릉동,202606,연립다세대_전월세,에덴빌리지(566-31),공릉동,566-31,80.79,,16100,0,3,19,2002,신규,26.08~28.08,,,,,
노원구,11350,월계동,202606,연립다세대_전월세,제이앤제이하우스,월계동,411-15,14.56,,1000,43,2,3,2012,신규,26.07~27.07,,,,,
노원구,11350,상계동,202606,연립다세대_전월세,엘지빌라3차,상계동,101-23,78.99,,4000,60,1,29,1996,갱신,26.06~28.06,4000.0,60.0,사용,,
노원구,11350,상계동,202606,연립다세대_전월세,유성빌라B동,상계동,159-10,40.76,,1000,65,3,30,1991,신규,26.07~28.07,,,,,
노원구,11350,공릉동,202606,연립다세대_전월세,(609-55),공릉동,609-55,16.5,,1000,57,3,22,2012,신규,26.07~28.07,,,,,
노원구,11350,공릉동,202606,연립다세대_전월세,은채윤,공릉동,684-42,18,,1000,46,2,8,2013,신규,26.07~28.07,,,,,
노원구,11350,공릉동,202606,연립다세대_전월세,441-86,공릉동,441-86,29.58,,1000,52,4,3,2014,신규,26.07~28.02,,,,,
노원구,11350,공릉동,202606,연립다세대_전월세,진한하이빌,공릉동,598-25,25.8,,5000,53,5,18,2013,신규,26.07~28.07,,,,,
노원구,11350,상계동,202606,연립다세대_전월세,무지개원룸,상계동,1319,13.08,,1000,50,3,18,2012,신규,26.07~27.07,,,,,
노원구,11350,상계동,202606,연립다세대_전월세,삼정하우스,상계동,1113-36,20.21,,1000,41,4,11,2013,신규,26.06~28.06,,,,,
노원구,11350,상계동,202606,연립다세대_전월세,LAFORESTA,상계동,143-44,36.35,,3000,125,3,11,2023,신규,26.07~28.07,,,,,
노원구,11350,공릉동,202606,연립다세대_전월세,금정,공릉동,421-16,13.57,,1000,51,2,9,2013,신규,26.06~27.08,,,,,
노원구,11350,공릉동,202606,연립다세대_전월세,일마래,공릉동,567-13,15.15,,500,33,3,17,2013,신규,26.08~28.08,,,,,
노원구,11350,하계동,202606,연립다세대_전월세,자연하이츠빌라,하계동,61-6,41.5,,1000,50,3,25,2002,신규,26.07~28.07,,,,,
노원구,11350,월계동,202606,연립다세대_전월세,(신)신우빌라,월계동,877,54.96,,13500,20,2,26,1988,갱신,26.07~28.07,13500.0,20.0,,,
노원구,11350,월계동,202606,연립다세대_전월세,(신)신우빌라,월계동,877,53.61,,17700,0,2,25,1988,신규,26.08~28.08,,,,,
노원구,11350,상계동,202606,연립다세대_전월세,진명그린빌라,상계동,1390,60.06,,1000,30,4,13,1994,신규,26.07~28.07,,,,,
노원구,11350,월계동,202606,연립다세대_전월세,동산주택2,월계동,382-41,38.95,,10000,0,2,1,1987,신규,26.07~28.07,,,,,
노원구,11350,공릉동,202606,연립다세대_전월세,현대캐슬,공릉동,644-46,12.15,,500,33,4,12,2013,신규,26.07~28.07,,,,,
노원구,11350,월계동,202606,연립다세대_전월세,(402-26),월계동,402-26,42.22,,1000,65,4,22,1994,신규,26.07~28.07,,,,,
노원구,11350,상계동,202606,연립다세대_전월세,(1113-54),상계동,1113-54,30.2,,9000,0,4,16,2002,신규,26.07~28.07,,,,,
노원구,11350,상계동,202606,연립다세대_전월세,레나힐스,상계동,1116-74,18.81,,1000,40,2,29,2013,신규,26.08~28.08,,,,,
노원구,11350,월계동,202606,연립다세대_전월세,준파크빌2차(호분할),월계동,411-17,15.55,,500,38,5,26,2009,갱신,26.07~27.07,500.0,38.0,사용,,
노원구,11350,공릉동,202606,연립다세대_전월세,해오름.H,공릉동,441-70,13.95,,500,43,2,14,2013,신규,26.08~27.08,,,,,
노원구,11350,공릉동,202606,연립다세대_전월세,에덴빌리지(566-31),공릉동,566-31,80.79,,27000,0,3,19,2002,신규,26.08~28.08,,,,,
노원구,11350,상계동,202606,연립다세대_전월세,서울빌라,상계동,138-37,31.44,,10000,20,1,29,1992,신규,26.08~28.08,,,,,
노원구,11350,공릉동,202606,연립다세대_전월세,퍼즐주택(공릉),공릉동,218,36.46,,3000,130,5,2,2018,신규,26.07~28.07,,,,,
노원구,11350,공릉동,202606,연립다세대_전월세,휴먼빌,공릉동,503-42,44.34,,5000,70,3,28,2012,신규,26.07~28.07,,,,,
노원구,11350,월계동,202606,연립다세대_전월세,준파크빌2차(호분할),월계동,411-17,15.55,,500,37,3,22,2009,신규,26.07~28.01,,,,,
노원구,11350,월계동,202606,연립다세대_전월세,광운(마)빌라,월계동,398-5,35.12,,13000,15,2,29,1990,신규,26.07~28.07,,,,,
노원구,11350,상계동,202606,연립다세대_전월세,우리빌,상계동,193-31,21.45,,2000,48,3,30,2013,신규,26.07~28.07,,,,,
노원구,11350,상계동,202606,연립다세대_전월세,아름빌,상계동,185-10,22.24,,1000,60,2,17,2013,신규,26.07~28.07,,,,,
노원구,11350,공릉동,202606,연립다세대_전월세,베네씨아,공릉동,609-50,16.5,,3000,33,3,6,2011,갱신,26.07~27.07,3000.0,32.0,,,
노원구,11350,상계동,202606,연립다세대_전월세,(389-299),상계동,389-299,29.99,,15500,0,3,27,2016,갱신,26.08~28.08,15000.0,,사용,,
노원구,11350,상계동,202606,연립다세대_전월세,남전훼미리타운A동,상계동,1087-7,70.17,,25000,0,4,12,1998,신규,26.07~28.07,,,,,
노원구,11350,상계동,202606,연립다세대_전월세,우암빌라C동,상계동,389-790,40.48,,12000,30,2,26,1992,신규,26.07~28.07,,,,,
노원구,11350,상계동,202606,연립다세대_전월세,보성빌라,상계동,156-190,75.91,,6000,60,4,29,1994,신규,26.07~28.07,,,,,
노원구,11350,중계동,202606,연립다세대_전월세,삼진하우스,중계동,107-24,50.13,,12000,37,2,22,2012,갱신,26.08~28.08,12000.0,33.0,사용,,
노원구,11350,상계동,202606,연립다세대_전월세,한신빌라,상계동,1278,76.92,,3000,120,3,13,1999,갱신,26.09~28.09,3000.0,100.0,,,
노원구,11350,상계동,202606,연립다세대_전월세,리언하우스A,상계동,1096-8,46.52,,14000,0,3,30,2005,신규,26.07~28.07,,,,,
노원구,11350,상계동,202606,연립다세대_전월세,불암빌라,상계동,71-183,36.7,,13000,0,1,29,1991,신규,26.07~28.07,,,,,
노원구,11350,공릉동,202606,연립다세대_전월세,호산나하우스,공릉동,517-85,20.81,,1000,63,4,2,2013,신규,26.06~28.06,,,,,
노원구,11350,월계동,202606,연립다세대_전월세,모아빌,월계동,429-19,29.17,,21500,0,4,27,2018,신규,26.08~28.08,,,,,
노원구,11350,상계동,202606,연립다세대_전월세,중앙프라자,상계동,387-10,13.36,,700,36,4,30,2013,신규,26.06~28.06,,,,,
노원구,11350,공릉동,202606,연립다세대_전월세,유앤아이하우스,공릉동,499-45,39.87,,1973,26,5,30,2019,신규,26.07~28.09,,,,,
노원구,11350,상계동,202606,연립다세대_전월세,중앙빌리지A동,상계동,389-804,43.94,,14000,0,4,30,2001,신규,26.08~28.08,,,,,
노원구,11350,상계동,202606,연립다세대_전월세,한신빌라,상계동,1278,59.82,,4000,110,3,30,1999,신규,26.08~28.08,,,,,
노원구,11350,월계동,202606,연립다세대_전월세,네오하임(NEOHEIM),월계동,383-11,28.48,,19900,0,3,18,2019,갱신,26.07~28.07,19000.0,,사용,,
노원구,11350,상계동,202606,연립다세대_전월세,삼정하우스,상계동,1113-36,20.21,,1000,40,4,11,2013,신규,26.06~28.06,,,,,
노원구,11350,하계동,202606,연립다세대_전월세,레드원,하계동,135-11,16.1,,9200,0,2,13,2012,신규,26.06~28.06,,,,,
노원구,11350,상계동,202606,연립다세대_전월세,진명하이츠빌라11-23동,상계동,47-5,35.98,,2500,50,1,26,1991,갱신,26.06~28.06,1500.0,55.0,,,
노원구,11350,공릉동,202606,연립다세대_전월세,362-28,공릉동,362-28,59.84,,2033,26,4,29,2015,신규,26.07~28.09,,,,,
노원구,11350,상계동,202606,연립다세대_전월세,화이트빌,상계동,138-166,45.96,,18000,27,5,29,2016,갱신,26.07~28.07,18000.0,23.0,사용,,
노원구,11350,상계동,202606,연립다세대_전월세,(90-22),상계동,90-22,23.81,,900,30,5,24,2003,신규,26.06~28.06,,,,,
노원구,11350,공릉동,202606,연립다세대_전월세,(375-8),공릉동,375-8,17.05,,572,24,4,29,2021,신규,26.07~28.07,,,,,
노원구,11350,상계동,202606,연립다세대_전월세,삼정빌라,상계동,72-117,43.09,,12000,15,2,27,1992,갱신,26.07~28.07,9000.0,15.0,,,
노원구,11350,상계동,202606,연립다세대_전월세,수락B,상계동,1013-11,41.36,,1000,50,-1,22,1986,신규,26.07~28.07,,,,,
노원구,11350,공릉동,202606,연립다세대_전월세,(338-62),공릉동,338-62,19.26,,9000,0,2,15,2013,신규,26.07~28.07,,,,,
노원구,11350,공릉동,202606,연립다세대_전월세,해오름.H,공릉동,441-70,39.14,,500,41,1,29,2013,신규,26.08~27.08,,,,,
노원구,11350,상계동,202606,연립다세대_전월세,람스힐,상계동,1116-66,17.63,,1000,54,5,20,2012,신규,26.07~28.07,,,,,
노원구,11350,상계동,202606,연립다세대_전월세,솔매빌라트,상계동,169-77,54.12,,7000,43,5,11,2003,갱신,26.06~28.06,7000.0,40.0,,,
노원구,11350,공릉동,202606,연립다세대_전월세,(609-55),공릉동,609-55,16.59,,500,57,2,3,2012,신규,26.06~28.06,,,,,
노원구,11350,상계동,202606,연립다세대_전월세,타워그린빌라A,상계동,1382-12,34.52,,1000,30,2,15,1995,신규,26.06~27.06,,,,,
노원구,11350,공릉동,202606,연립다세대_전월세,(375-8),공릉동,375-8,17.05,,572,24,3,25,2021,갱신,26.06~28.06,555.0,24.0,,,
노원구,11350,상계동,202606,연립다세대_전월세,유성빌라A동,상계동,159-3,29.61,,10000,20,2,22,1992,신규,26.07~28.07,,,,,
노원구,11350,공릉동,202606,연립다세대_전월세,화랑빌B,공릉동,270-79,50.89,,109,37,4,25,2019,갱신,26.07~28.06,105.0,36.0,,,
노원구,11350,상계동,202606,연립다세대_전월세,(389-482),상계동,389-482,47.4,,13000,20,2,17,2003,신규,26.08~28.08,,,,,
노원구,11350,월계동,202606,연립다세대_전월세,시원하림스위트,월계동,390-10,29.93,,21000,0,4,24,2018,신규,26.07~28.07,,,,,
노원구,11350,공릉동,202606,연립다세대_전월세,(338-62),공릉동,338-62,19.26,,9000,0,2,15,2013,신규,26.07~28.07,,,,,
노원구,11350,하계동,202606,연립다세대_전월세,코오롱마들102,하계동,252-4,92.11,,50000,0,3,24,1996,신규,26.10~28.10,,,,,
노원구,11350,월계동,202606,연립다세대_전월세,광운(라)빌라,월계동,398-8,36.12,,12000,0,2,20,1990,신규,26.07~28.07,,,,,
노원구,11350,공릉동,202606,연립다세대_전월세,동우빌라A동,공릉동,217-26,42.8,,2000,60,2,9,1991,신규,26.07~28.07,,,,,
노원구,11350,중계동,202606,연립다세대_전월세,불암위드빌,중계동,107-38,29.3,,1000,45,2,24,2002,신규,26.07~28.07,,,,,
노원구,11350,월계동,202606,연립다세대_전월세,한전빌라A동(447-2),월계동,447-2,50.37,,2000,75,3,23,1987,신규,26.07~28.07,,,,,
노원구,11350,공릉동,202606,연립다세대_전월세,우공리온빌,공릉동,371-3,53.11,,5000,130,4,22,2018,신규,26.06~28.06,,,,,
노원구,11350,중계동,202606,연립다세대_전월세,그린빌라,중계동,42-1,36.09,,6700,0,1,20,1993,신규,26.07~28.07,,,,,
노원구,11350,상계동,202606,연립다세대_전월세,수락사회주택,상계동,1125,30,,11243,32,5,22,2023,갱신,26.09~28.09,11243.0,29.0,사용,,
노원구,11350,공릉동,202606,연립다세대_전월세,진우주택,공릉동,609-12,32.48,,14000,0,3,22,2003,신규,26.08~28.08,,,,,
노원구,11350,공릉동,202606,연립다세대_전월세,우공리온빌,공릉동,371-3,53.11,,29600,0,5,17,2018,신규,26.07~28.07,,,,,
노원구,11350,상계동,202606,연립다세대_전월세,제이하임Ⅱ,상계동,134-102,29.89,,20500,0,3,18,2022,갱신,26.07~28.07,20500.0,,,,
노원구,11350,공릉동,202606,연립다세대_전월세,진흥주택,공릉동,513-31,50.09,,2000,60,-1,22,1996,신규,26.08~28.08,,,,,
노원구,11350,상계동,202606,연립다세대_전월세,선화빌라,상계동,1396-1,53.28,,10000,0,3,19,1994,갱신,26.06~29.12,10000.0,,,,
노원구,11350,하계동,202606,연립다세대_전월세,코오롱마들102,하계동,252-4,92.11,,30000,0,1,20,1996,갱신,26.07~28.07,30000.0,,사용,,
노원구,11350,상계동,202606,연립다세대_전월세,유성그린빌라,상계동,394-8,61.16,,13000,50,1,18,1998,신규,26.07~28.07,,,,,
노원구,11350,하계동,202606,연립다세대_전월세,유신빌딩,하계동,167-33,34.83,,4000,51,4,21,2001,신규,26.09~28.08,,,,,
노원구,11350,중계동,202606,연립다세대_전월세,에이원-HOUSE,중계동,148-1,50.34,,24000,0,2,19,2012,신규,26.06~28.06,,,,,
노원구,11350,상계동,202606,연립다세대_전월세,연희빌라,상계동,112-1,49.97,,13000,0,3,19,1996,갱신,26.06~28.06,13000.0,,,,
노원구,11350,상계동,202606,연립다세대_전월세,상계예인빌라1차,상계동,387-176,34.91,,13500,31,2,20,2015,신규,26.07~28.07,,,,,
노원구,11350,상계동,202606,연립다세대_전월세,아름빌,상계동,185-10,23.26,,1000,60,4,19,2013,신규,26.08~28.08,,,,,
노원구,11350,공릉동,202606,연립다세대_전월세,(575-13),공릉동,575-13,31.5,,7500,25,2,17,1994,신규,26.08~28.08,,,,,
노원구,11350,월계동,202606,연립다세대_전월세,제이타운,월계동,411-3,13.05,,500,54,3,17,2012,신규,26.07~27.02,,,,,
노원구,11350,상계동,202606,연립다세대_전월세,힐스타빌상계,상계동,138-85,24.96,,16000,0,2,15,2022,신규,26.07~28.07,,,,,
노원구,11350,중계동,202606,연립다세대_전월세,산장빌라,중계동,75-9,34.91,,8880,15,1,16,1991,신규,26.07~28.07,,,,,
노원구,11350,상계동,202606,연립다세대_전월세,솔매빌라트,상계동,169-77,61.77,,13000,55,5,15,2003,신규,26.08~28.08,,,,,
노원구,11350,공릉동,202606,연립다세대_전월세,동성빌라나동,공릉동,517-100,44.38,,15200,0,2,12,1991,갱신,26.07~28.07,14800.0,,사용,,
노원구,11350,공릉동,202606,연립다세대_전월세,경춘빌라,공릉동,230-14,32.52,,14600,0,1,16,1987,신규,26.07~28.07,,,,,
노원구,11350,공릉동,202606,연립다세대_전월세,동성빌라나동,공릉동,517-100,44.38,,15200,0,2,12,1991,갱신,26.07~28.07,14800.0,,사용,,
노원구,11350,중계동,202606,연립다세대_전월세,월드빌라2차,중계동,90-47,58.38,,7000,30,-1,4,2001,신규,26.08~28.08,,,,,
노원구,11350,하계동,202606,연립다세대_전월세,천지하우스,하계동,167-32,24.32,,1000,53,2,15,2019,신규,26.08~27.08,,,,,
노원구,11350,상계동,202606,연립다세대_전월세,(404-16),상계동,404-16,14.7,,300,38,3,16,2013,신규,26.06~28.06,,,,,
노원구,11350,상계동,202606,연립다세대_전월세,삼우아트빌라1동,상계동,184-8,29.7,,12000,0,2,16,1993,신규,26.07~28.07,,,,,
노원구,11350,공릉동,202606,연립다세대_전월세,해성빌Y,공릉동,392-23,55.1,,1000,55,2,3,2015,신규,26.07~27.08,,,,,
노원구,11350,상계동,202606,연립다세대_전월세,흥안빌라B동,상계동,77-62,36.39,,1000,55,2,9,1990,신규,26.06~28.06,,,,,
노원구,11350,중계동,202606,연립다세대_전월세,동일캐슬,중계동,107-14,48.46,,27000,0,5,15,2022,신규,26.07~28.07,,,,,
노원구,11350,상계동,202606,연립다세대_전월세,삼우아트빌라2동,상계동,184-26,31.58,,10500,15,3,9,1993,신규,26.07~28.07,,,,,
노원구,11350,상계동,202606,연립다세대_전월세,이화빌라A,상계동,322-40,39.33,,11950,0,1,11,1992,신규,26.07~28.07,,,,,
노원구,11350,상계동,202606,연립다세대_전월세,상계예인빌라2차,상계동,387-107,29.13,,18100,0,4,15,2018,갱신,26.07~28.07,18000.0,,,,
노원구,11350,월계동,202606,연립다세대_전월세,영시티빌,월계동,534-211,45.36,,12600,0,4,3,1997,신규,26.08~28.08,,,,,
노원구,11350,상계동,202606,연립다세대_전월세,중앙프라자,상계동,387-10,13.36,,500,50,2,11,2013,신규,26.07~28.07,,,,,
노원구,11350,공릉동,202606,연립다세대_전월세,르네상스힐,공릉동,502-1,48.48,,38800,0,2,15,2023,갱신,26.07~28.07,37000.0,,사용,,
노원구,11350,하계동,202606,연립다세대_전월세,한신코아,하계동,285,84.9,,60000,0,2,12,1994,신규,26.09~28.09,,,,,
노원구,11350,공릉동,202606,연립다세대_전월세,퍼즐주택(공릉),공릉동,218,39.73,,27000,0,3,5,2018,갱신,26.08~28.08,27000.0,,,,
노원구,11350,공릉동,202606,연립다세대_전월세,다온,공릉동,585-3,22.4,,1000,42,4,12,2014,신규,26.08~28.08,,,,,
노원구,11350,상계동,202606,연립다세대_전월세,이풍경힐탑,상계동,133,55.81,,6404,22,3,10,2018,갱신,26.07~28.06,654.0,51.0,,,
노원구,11350,상계동,202606,연립다세대_전월세,덕산맨션(1118-24),상계동,1118-24,53.085,,4000,85,4,5,2008,신규,26.08~28.08,,,,,
노원구,11350,월계동,202606,연립다세대_전월세,정호빌라,월계동,473-6,46.28,,2000,50,2,11,1991,갱신,26.06~26.12,2000.0,50.0,사용,,
노원구,11350,상계동,202606,연립다세대_전월세,광진하이츠빌라,상계동,1021-4,49.77,,10800,0,-1,1,1996,신규,26.06~28.06,,,,,
노원구,11350,상계동,202606,연립다세대_전월세,청수빌라,상계동,71-57,44.67,,13000,20,3,9,1996,신규,26.07~28.07,,,,,
노원구,11350,상계동,202606,연립다세대_전월세,신우빌라,상계동,71-187,45.06,,10300,2,1,9,1993,신규,26.07~28.07,,,,,
노원구,11350,상계동,202606,연립다세대_전월세,호연빌라,상계동,71-87,39.69,,10000,0,3,2,1996,갱신,26.07~28.07,6000.0,,,,
노원구,11350,상계동,202606,연립다세대_전월세,상계맨션,상계동,68-12,34.86,,13000,0,4,2,1992,신규,26.06~28.06,,,,,
노원구,11350,공릉동,202606,연립다세대_전월세,청구아트빌라,공릉동,223-16,40.62,,8400,20,-1,9,1993,신규,26.07~28.07,,,,,
노원구,11350,중계동,202606,연립다세대_전월세,중계우암타운,중계동,27,74.19,,10000,86,8,3,2001,갱신,26.07~28.07,10000.0,82.0,사용,,
노원구,11350,상계동,202606,연립다세대_전월세,에스엔타워,상계동,1117-16,18.69,,12000,0,6,9,2014,신규,26.07~28.07,,,,,
노원구,11350,상계동,202606,연립다세대_전월세,에스엔타워,상계동,1117-16,18.69,,12000,0,6,9,2014,신규,26.07~28.07,,,,,
노원구,11350,상계동,202606,연립다세대_전월세,태양빌라,상계동,143-43,37.44,,13000,20,4,6,1992,신규,26.07~28.07,,,,,
노원구,11350,하계동,202606,연립다세대_전월세,근용빌,하계동,153-24,15.23,,500,45,2,7,2013,신규,26.08~28.08,,,,,
노원구,11350,하계동,202606,연립다세대_전월세,순흥아트빌,하계동,75-2,64.14,,12000,52,5,8,2004,신규,26.07~28.07,,,,,
노원구,11350,공릉동,202606,연립다세대_전월세,공릉리치빌,공릉동,609-53,20.88,,700,50,3,8,2013,신규,26.07~28.07,,,,,
노원구,11350,중계동,202606,연립다세대_전월세,무지개연립A동,중계동,90-29,37.15,,8000,0,1,5,1987,신규,26.07~28.07,,,,,
노원구,11350,월계동,202606,연립다세대_전월세,더보아트빌,월계동,382-62,16.83,,7500,20,4,2,2002,신규,26.08~28.08,,,,,
노원구,11350,상계동,202606,연립다세대_전월세,송이하이츠빌,상계동,169-482,68.3,,23000,20,3,5,2002,신규,26.08~28.08,,,,,
노원구,11350,중계동,202606,연립다세대_전월세,부강그린빌라트B동,중계동,109-8,52.27,,23000,0,3,5,1996,신규,26.06~28.06,,,,,
노원구,11350,중계동,202606,연립다세대_전월세,삼진하우스,중계동,107-24,44.6,,12000,50,3,3,2012,갱신,26.07~28.07,12000.0,40.0,,,
노원구,11350,공릉동,202606,연립다세대_전월세,스위트휴,공릉동,270-66,54.14,,2916,30,2,4,2024,신규,26.06~28.08,,,,,
노원구,11350,상계동,202606,연립다세대_전월세,진주빌라A,상계동,397-7,36.35,,8000,9,-1,1,1992,신규,26.06~28.06,,,,,
노원구,11350,월계동,202606,연립다세대_전월세,더보아트빌,월계동,382-62,16.83,,7500,20,4,2,2002,신규,26.08~28.08,,,,,
노원구,11350,상계동,202606,연립다세대_전월세,"미소4동,미소5동",상계동,1048-18,59.93,,12427,33,5,2,2019,갱신,26.07~28.06,6684.0,42.0,,,
노원구,11350,공릉동,202606,연립다세대_전월세,르네상스힐,공릉동,502-1,41.18,,35700,0,2,2,2023,갱신,26.07~27.07,34000.0,,사용,,
노원구,11350,상계동,202606,연립다세대_전월세,광진하이츠빌라,상계동,1021-4,49.77,,11000,0,-1,1,1996,신규,26.06~28.06,,,,,
노원구,11350,상계동,202606,연립다세대_전월세,삼광빌라,상계동,169-405,38.49,,5500,0,-1,1,1994,갱신,26.07~28.07,5500.0,,사용,,
노원구,11350,상계동,202606,아파트_전월세,현대4차,상계동,1271,84.73,,19000,0,11,18,1995,,,,,,,
노원구,11350,월계동,202606,아파트_전월세,동원베네스트,월계동,940,84.627,,48000,0,3,3,2005,,,,,,,
노원구,11350,중계동,202606,아파트_전월세,청구3,중계동,360-2,84.77,,77700,0,1,27,1996,,,,,,,
노원구,11350,공릉동,202606,아파트_전월세,풍림아파트A,공릉동,725,59.94,,18400,0,18,27,2001,,,,,,,
노원구,11350,월계동,202606,아파트_전월세,주공2,월계동,556,44.52,,23000,0,7,18,1992,,,,,,,
노원구,11350,상계동,202606,아파트_전월세,상계주공6(고층),상계동,720,58.01,,38000,0,12,29,1988,,,,,,,
노원구,11350,중계동,202606,아파트_전월세,중계무지개,중계동,512,59.26,,23100,0,1,9,1991,,,,,,,
노원구,11350,하계동,202606,아파트_전월세,우방,하계동,353,104.83,,53500,0,4,24,1999,,,,,,,
노원구,11350,월계동,202606,아파트_전월세,미성,월계동,13,50.14,,25000,0,3,27,1986,,,,,,,
노원구,11350,상계동,202606,아파트_전월세,상계주공16(고층),상계동,624,59.39,,35000,0,5,27,1988,,,,,,,
노원구,11350,상계동,202606,아파트_전월세,상계주공9(고층),상계동,670,41.3,,19950,0,6,27,1988,,,,,,,
노원구,11350,중계동,202606,아파트_전월세,주공7,중계동,363-1,44.1,,1000,95,12,27,1993,,,,,,,
노원구,11350,상계동,202606,아파트_전월세,불암현대,상계동,1293,59.4,,26000,0,7,28,1999,,,,,,,
노원구,11350,상계동,202606,아파트_전월세,현대4차,상계동,1271,84.73,,19000,0,11,25,1995,,,,,,,
노원구,11350,상계동,202606,아파트_전월세,상계주공6(고층),상계동,720,59.28,,35000,0,13,25,1988,,,,,,,
노원구,11350,상계동,202606,아파트_전월세,"상계주공15(고층,공무원임대)",상계동,624,49.94,,17103,0,4,25,1988,,,,,,,
노원구,11350,월계동,202606,아파트_전월세,미성,월계동,13,50.14,,30000,0,5,20,1986,,,,,,,
노원구,11350,상계동,202606,아파트_전월세,상계주공1(고층),상계동,765,41.3,,18000,0,12,20,1988,,,,,,,
노원구,11350,상계동,202606,아파트_전월세,두산,상계동,1110,59.97,,35000,0,10,20,1994,,,,,,,
노원구,11350,공릉동,202606,아파트_전월세,태강아파트(아이파크),공릉동,81,49.6,,35700,0,14,20,1999,,,,,,,
노원구,11350,상계동,202606,아파트_전월세,상계주공6(고층),상계동,720,41.3,,16250,0,4,17,1988,,,,,,,
노원구,11350,상계동,202606,아파트_전월세,상계주공9(고층),상계동,670,45.9,,3000,70,13,12,1988,,,,,,,
노원구,11350,월계동,202606,아파트_전월세,풍림아이원,월계동,944,84.303,,61000,0,9,13,2005,,,,,,,
노원구,11350,월계동,202606,아파트_전월세,미성,월계동,13,33.28,,10000,0,4,4,1986,,,,,,,
노원구,11350,상계동,202606,아파트_전월세,상계주공6(고층),상계동,720,49.94,,23000,0,14,1,1988,,,,,,,
노원구,11350,중계동,202606,아파트_전월세,중계그린1단지,중계동,502-1,39.91,,25000,0,6,3,1990,,,,,,,
노원구,11350,상계동,202606,아파트_전월세,상계주공6(고층),상계동,720,41.3,,16275,0,3,2,1988,,,,,,,
노원구,11350,월계동,202606,아파트_전월세,주공2,월계동,556,44.52,,23000,0,7,18,1992,신규,26.08~28.08,,,,,
노원구,11350,중계동,202606,아파트_전월세,주공5,중계동,359-1,44.94,,1000,80,2,27,1992,신규,26.08~28.08,,,,,
노원구,11350,월계동,202606,아파트_전월세,월계센트럴아이파크,월계동,951,84.99,,10000,210,19,25,2020,갱신,26.06~28.06,10000.0,200.0,사용,,
노원구,11350,공릉동,202606,아파트_전월세,공릉동한보에센시티아파트,공릉동,743,59.4,,40000,0,16,15,2000,신규,26.09~28.09,,,,,
노원구,11350,상계동,202606,아파트_전월세,상계주공12(고층),상계동,647,49.94,,29400,0,5,22,1988,갱신,26.08~28.08,28000.0,,사용,,
노원구,11350,공릉동,202606,아파트_전월세,태릉해링턴플레이스,공릉동,758,59.98,,10000,170,17,1,2022,신규,26.08~28.08,,,,,
노원구,11350,중계동,202606,아파트_전월세,중계무지개,중계동,512,49.54,,2000,88,10,8,1991,갱신,26.08~28.08,2000.0,84.0,사용,,
노원구,11350,상계동,202606,아파트_전월세,"상계주공15(고층,공무원임대)",상계동,624,41.3,,9723,12,15,8,1988,갱신,26.08~28.08,10583.0,9.0,,,
노원구,11350,공릉동,202606,아파트_전월세,공릉동한보에센시티아파트,공릉동,743,59.4,,40000,0,16,15,2000,신규,26.09~28.09,,,,,
노원구,11350,하계동,202606,아파트_전월세,청솔(시영7),하계동,274,59.87,,28800,0,11,10,1989,신규,26.08~28.08,,,,,
노원구,11350,상계동,202606,아파트_전월세,은빛1단지,상계동,1255,39.7,,25000,0,3,13,1998,신규,26.08~28.08,,,,,
노원구,11350,중계동,202606,아파트_전월세,한화꿈에그린,중계동,598,84.902,,68000,0,3,26,2005,신규,26.08~28.08,,,,,
노원구,11350,상계동,202606,아파트_전월세,상계주공9(고층),상계동,670,61.52,,33000,0,2,10,1988,신규,26.08~28.08,,,,,
노원구,11350,공릉동,202606,아파트_전월세,공릉아파트,공릉동,110,33.18,,2974,7,2,17,1999,신규,26.07~28.09,,,,,
노원구,11350,공릉동,202606,아파트_전월세,태강아파트(아이파크),공릉동,81,49.6,,26000,0,12,1,1999,신규,26.08~28.08,,,,,
노원구,11350,월계동,202606,아파트_전월세,월계센트럴아이파크,월계동,951,59.99,,17470,25,8,15,2020,신규,26.07~28.09,,,,,
노원구,11350,상계동,202606,아파트_전월세,상계주공5(저층),상계동,721,31.98,,10000,0,4,13,1987,신규,26.09~28.09,,,,,
노원구,11350,상계동,202606,아파트_전월세,은빛3단지,상계동,1264,33.87,,2468,5,7,17,1998,신규,26.07~28.09,,,,,
노원구,11350,공릉동,202606,아파트_전월세,공릉동한보에센시티아파트,공릉동,743,59.4,,40000,0,16,15,2000,신규,26.09~28.09,,,,,
노원구,11350,공릉동,202606,아파트_전월세,동신아파트,공릉동,745,84.97,,58000,0,16,26,1999,신규,26.09~28.09,,,,,
노원구,11350,월계동,202606,아파트_전월세,월계센트럴아이파크,월계동,951,59.99,,17470,25,19,10,2020,신규,26.07~28.09,,,,,
노원구,11350,중계동,202606,아파트_전월세,중계그린1단지,중계동,502-1,39.91,,23100,0,10,20,1990,갱신,26.08~27.08,22000.0,,사용,,
노원구,11350,상계동,202606,아파트_전월세,상계주공7(고층),상계동,691,49.94,,5000,130,9,18,1988,신규,26.08~28.08,,,,,
노원구,11350,상계동,202606,아파트_전월세,상계주공4(고층),상계동,749-5,62.1,,5000,120,20,27,1988,신규,26.08~28.08,,,,,
노원구,11350,하계동,202606,아파트_전월세,청구,하계동,284,70.69,,50000,0,8,4,1988,갱신,26.07~27.11,42000.0,,,,
노원구,11350,중계동,202606,아파트_전월세,주공2,중계동,369,44.52,,18000,0,1,16,1992,갱신,26.07~28.07,18000.0,,사용,,
노원구,11350,중계동,202606,아파트_전월세,중계그린1단지,중계동,502-1,39.91,,2000,95,14,4,1990,신규,26.08~28.08,,,,,
노원구,11350,월계동,202606,아파트_전월세,한진한화그랑빌,월계동,18,59.94,,10000,150,18,3,2002,신규,26.08~28.08,,,,,
노원구,11350,중계동,202606,아파트_전월세,금호타운(583),중계동,583,59.52,,20000,100,12,17,1997,신규,26.08~28.08,,,,,
노원구,11350,하계동,202606,아파트_전월세,장미(시영6),하계동,273,39.78,,2000,90,5,5,1989,신규,26.08~28.08,,,,,
노원구,11350,상계동,202606,아파트_전월세,상계주공7(고층),상계동,691,45.9,,3000,110,5,24,1988,신규,26.08~28.08,,,,,
노원구,11350,상계동,202606,아파트_전월세,상계주공14(고층),상계동,626,49.94,,5000,100,7,3,1989,신규,26.07~28.07,,,,,
노원구,11350,중계동,202606,아파트_전월세,주공6,중계동,364-12,44.1,,26000,0,1,9,1993,신규,26.08~28.08,,,,,
노원구,11350,상계동,202606,아파트_전월세,상계주공7(고층),상계동,691,41.3,,23000,15,6,27,1988,신규,26.08~28.08,,,,,
노원구,11350,중계동,202606,아파트_전월세,중계그린1단지,중계동,502-1,49.5,,35000,0,7,23,1990,신규,26.08~28.08,,,,,
노원구,11350,월계동,202606,아파트_전월세,청백(774),월계동,774,34.44,,405,14,13,18,1998,신규,26.07~28.09,,,,,
노원구,11350,공릉동,202606,아파트_전월세,태릉해링턴플레이스,공릉동,758,49.98,,25000,80,9,21,2022,신규,26.08~28.01,,,,,
노원구,11350,중계동,202606,아파트_전월세,주공5,중계동,359-1,44.94,,28000,0,11,1,1992,신규,26.08~28.08,,,,,
노원구,11350,중계동,202606,아파트_전월세,주공2,중계동,369,44.52,,2000,100,7,17,1992,신규,26.07~28.07,,,,,
노원구,11350,상계동,202606,아파트_전월세,상계주공2(고층),상계동,740,41.3,,24000,0,10,2,1987,신규,26.08~28.08,,,,,
노원구,11350,상계동,202606,아파트_전월세,수락파크빌,상계동,1269,114.82,,40000,100,15,3,2001,신규,26.08~28.08,,,,,
노원구,11350,중계동,202606,아파트_전월세,중계그린1단지,중계동,502-1,39.92,,2000,105,10,30,1990,신규,26.08~28.08,,,,,
노원구,11350,공릉동,202606,아파트_전월세,태릉해링턴플레이스,공릉동,758,74.96,,10000,230,6,16,2022,신규,26.08~28.08,,,,,
노원구,11350,월계동,202606,아파트_전월세,한진한화그랑빌,월계동,18,84.97,,65000,0,3,27,2002,신규,26.08~28.08,,,,,
노원구,11350,공릉동,202606,아파트_전월세,풍림아파트A,공릉동,725,59.94,,20000,100,13,24,2001,신규,26.09~28.09,,,,,
노원구,11350,상계동,202606,아파트_전월세,상계주공7(고층),상계동,691,49.94,,3000,100,15,13,1988,신규,26.07~28.07,,,,,
노원구,11350,상계동,202606,아파트_전월세,동아불암(1286-0),상계동,1286,27,,939,14,18,10,1999,신규,26.06~28.08,,,,,
노원구,11350,중계동,202606,아파트_전월세,양지대림2(임대),중계동,588-1,29.67,,406,15,1,9,1999,신규,26.06~28.08,,,,,
노원구,11350,중계동,202606,아파트_전월세,중계그린1단지,중계동,502-1,39.78,,2000,95,2,19,1990,신규,26.07~28.07,,,,,
노원구,11350,상계동,202606,아파트_전월세,중앙하이츠(5지역),상계동,1068,59.99,,26000,10,1,10,1996,신규,26.08~28.08,,,,,
노원구,11350,상계동,202606,아파트_전월세,상계주공6(고층),상계동,720,58.01,,38000,0,12,29,1988,신규,26.08~28.08,,,,,
노원구,11350,공릉동,202606,아파트_전월세,태릉해링턴플레이스,공릉동,758,74.95,,47000,70,14,12,2022,신규,26.08~28.08,,,,,
노원구,11350,상계동,202606,아파트_전월세,소담빌,상계동,330-29,14.65,,700,60,8,12,2014,신규,26.07~28.07,,,,,
노원구,11350,공릉동,202606,아파트_전월세,풍림아파트A,공릉동,725,114.78,,40000,86,6,30,2001,갱신,26.07~27.07,40000.0,80.0,,,
노원구,11350,상계동,202606,아파트_전월세,벽산,상계동,173-1,46.8,,2000,90,3,17,1989,신규,26.07~28.07,,,,,
노원구,11350,상계동,202606,아파트_전월세,미도,상계동,766-1,87.57,,25000,65,5,24,1988,갱신,26.09~28.09,25000.0,60.0,사용,,
노원구,11350,월계동,202606,아파트_전월세,삼호3,월계동,13,59.22,,36000,0,11,15,1986,신규,26.09~28.09,,,,,
노원구,11350,상계동,202606,아파트_전월세,"상계주공15(고층,공무원임대)",상계동,624,49.94,,11568,7,5,23,1988,갱신,26.09~28.09,11017.0,6.0,,,
노원구,11350,상계동,202606,아파트_전월세,극동늘푸른,상계동,1128,59.958,,3000,140,7,24,2000,신규,26.07~28.11,,,,,
노원구,11350,월계동,202606,아파트_전월세,미성,월계동,13,50.14,,30000,0,5,20,1986,신규,26.09~28.09,,,,,
노원구,11350,상계동,202606,아파트_전월세,한신3차,상계동,458,84.59,,10000,81,14,9,1990,갱신,26.06~28.06,10000.0,79.0,,,
노원구,11350,상계동,202606,아파트_전월세,상계주공3(고층),상계동,730-2,32.39,,1000,80,1,19,1987,신규,26.07~28.07,,,,,
노원구,11350,상계동,202606,아파트_전월세,동아불암(1286-0),상계동,1286,27,,939,14,2,10,1999,신규,26.06~28.08,,,,,
노원구,11350,상계동,202606,아파트_전월세,상계주공7(고층),상계동,691,45.9,,2000,100,9,10,1988,신규,26.07~28.07,,,,,
노원구,11350,중계동,202606,아파트_전월세,중계무지개,중계동,512,39.96,,22500,4,10,30,1991,갱신,26.07~28.07,22500.0,,사용,,
노원구,11350,중계동,202606,아파트_전월세,주공2,중계동,369,44.52,,2000,90,14,29,1992,신규,26.07~28.07,,,,,
노원구,11350,중계동,202606,아파트_전월세,주공5,중계동,359-1,58.46,,3000,150,6,20,1992,신규,26.07~28.07,,,,,
노원구,11350,하계동,202606,아파트_전월세,한신1,하계동,284,27,,17850,0,3,27,1988,갱신,26.08~28.08,17000.0,,사용,,
노원구,11350,중계동,202606,아파트_전월세,건영3,중계동,360-15,84.9,,90000,0,11,24,1995,신규,26.10~28.10,,,,,
노원구,11350,중계동,202606,아파트_전월세,주공7,중계동,363-1,44.1,,18000,0,9,27,1993,갱신,26.09~28.09,17000.0,,,,
노원구,11350,상계동,202606,아파트_전월세,상계주공9(고층),상계동,670,45.9,,3000,100,11,26,1988,신규,26.08~28.08,,,,,
노원구,11350,상계동,202606,아파트_전월세,상계주공7(고층),상계동,691,45.55,,28000,0,5,15,1988,신규,26.08~28.08,,,,,
노원구,11350,중계동,202606,아파트_전월세,금호타운(583),중계동,583,59.52,,36700,0,7,20,1997,갱신,26.08~28.08,35500.0,,사용,,
노원구,11350,공릉동,202606,아파트_전월세,태릉해링턴플레이스,공릉동,758,49.98,,4370,44,4,12,2022,신규,26.07~28.09,,,,,
노원구,11350,공릉동,202606,아파트_전월세,풍림아파트A,공릉동,725,59.94,,18400,0,18,27,2001,신규,26.08~28.08,,,,,
노원구,11350,공릉동,202606,아파트_전월세,공릉동한보에센시티아파트,공릉동,743,84.93,,58000,0,16,26,2000,신규,26.09~28.09,,,,,
노원구,11350,상계동,202606,아파트_전월세,상계주공7(고층),상계동,691,49.94,,33000,0,4,26,1988,갱신,26.07~28.07,22000.0,,,,
노원구,11350,중계동,202606,아파트_전월세,경남,중계동,505,74.2,,20000,0,1,15,1989,신규,26.07~28.07,,,,,
노원구,11350,중계동,202606,아파트_전월세,주공2,중계동,369,44.52,,3000,80,13,25,1992,갱신,26.07~28.07,2000.0,60.0,,,
노원구,11350,상계동,202606,아파트_전월세,소담빌,상계동,330-29,14.65,,500,60,6,15,2014,신규,26.07~28.07,,,,,
노원구,11350,중계동,202606,아파트_전월세,중계그린1단지,중계동,502-1,49.5,,3000,130,2,27,1990,신규,26.09~28.09,,,,,
노원구,11350,하계동,202606,아파트_전월세,연해피빌,하계동,168-1,21.17,,1000,39,3,13,2019,신규,26.07~27.07,,,,,
노원구,11350,상계동,202606,아파트_전월세,상계주공2(고층),상계동,740,38,,2000,68,7,29,1987,갱신,26.08~28.08,2000.0,65.0,사용,,
노원구,11350,중계동,202606,아파트_전월세,신안,중계동,590,59.97,,50000,0,1,29,1999,신규,26.10~28.10,,,,,
노원구,11350,상계동,202606,아파트_전월세,상계주공1(고층),상계동,765,32.39,,2000,75,5,25,1988,신규,26.07~28.07,,,,,
노원구,11350,상계동,202606,아파트_전월세,상계주공1(고층),상계동,765,32.39,,2000,75,5,25,1988,신규,26.07~28.07,,,,,
노원구,11350,공릉동,202606,아파트_전월세,삼익4단지아파트,공릉동,714,39.6,,5000,60,3,10,1994,신규,26.07~28.07,,,,,
노원구,11350,공릉동,202606,아파트_전월세,삼익2차아파트,공릉동,754,54.74,,40000,0,5,30,2004,신규,26.09~28.09,,,,,
노원구,11350,상계동,202606,아파트_전월세,상계주공2(고층),상계동,740,38,,2000,68,7,29,1987,갱신,26.09~28.08,2000.0,65.0,사용,,
노원구,11350,월계동,202606,아파트_전월세,월계역신도브래뉴,월계동,942,59.8587,,15000,100,15,13,2005,갱신,26.06~28.02,15000.0,90.0,,,
노원구,11350,상계동,202606,아파트_전월세,"상계주공15(고층,공무원임대)",상계동,624,41.3,,13890,0,3,15,1988,갱신,26.10~28.10,13229.0,,,,
노원구,11350,중계동,202606,아파트_전월세,현대그린,중계동,49,84.99,,56000,0,5,20,1998,신규,26.10~28.10,,,,,
노원구,11350,하계동,202606,아파트_전월세,청솔(시영7),하계동,274,39.78,,2000,85,2,25,1989,갱신,26.06~28.06,1000.0,75.0,,,
노원구,11350,상계동,202606,아파트_전월세,상계주공6(고층),상계동,720,58.01,,3000,130,10,13,1988,신규,26.07~28.07,,,,,
노원구,11350,상계동,202606,아파트_전월세,두산,상계동,1110,51.66,,2000,79,10,27,1994,갱신,26.09~28.09,2000.0,75.0,사용,,
노원구,11350,상계동,202606,아파트_전월세,상계주공7(고층),상계동,691,45.9,,5000,95,15,29,1988,신규,26.07~28.07,,,,,
노원구,11350,상계동,202606,아파트_전월세,상계주공12(고층),상계동,647,41.3,,19000,4,5,11,1988,갱신,26.07~28.07,19000.0,,사용,,
노원구,11350,공릉동,202606,아파트_전월세,태강아파트(아이파크),공릉동,81,59.34,,14000,130,9,22,1999,신규,26.07~28.07,,,,,
노원구,11350,상계동,202606,아파트_전월세,상계주공9(고층),상계동,670,49.94,,29000,0,4,27,1988,갱신,26.08~28.08,25000.0,,,,
노원구,11350,상계동,202606,아파트_전월세,포레나노원,상계동,680,59.9866,,18370,26,2,10,2020,신규,26.07~28.09,,,,,
노원구,11350,중계동,202606,아파트_전월세,경남,중계동,505,74.2,,10000,140,7,19,1989,갱신,26.07~28.07,10000.0,100.0,,,
노원구,11350,상계동,202606,아파트_전월세,은빛2단지,상계동,1256,59.92,,38000,0,13,3,1998,신규,26.07~28.07,,,,,
노원구,11350,중계동,202606,아파트_전월세,중계그린1단지,중계동,502-1,39.78,,16000,20,3,16,1990,갱신,26.07~28.07,16000.0,,,,
노원구,11350,상계동,202606,아파트_전월세,은빛3단지,상계동,1264,33.87,,445,14,3,18,1998,신규,26.07~28.09,,,,,
노원구,11350,중계동,202606,아파트_전월세,금호타운(583),중계동,583,84.98,,45000,90,5,13,1997,신규,26.08~28.08,,,,,
노원구,11350,공릉동,202606,아파트_전월세,(683-30),공릉동,683-30,20,,14800,4,4,17,2019,신규,26.08~28.08,,,,,
노원구,11350,상계동,202606,아파트_전월세,동아불암,상계동,1285,59.4,,5000,110,12,25,1999,신규,26.09~28.09,,,,,
노원구,11350,상계동,202606,아파트_전월세,상계주공4(고층),상계동,749-5,41.3,,3000,85,14,27,1988,신규,26.07~28.07,,,,,
노원구,11350,상계동,202606,아파트_전월세,"상계주공15(고층,공무원임대)",상계동,624,41.3,,2726,25,11,11,1988,갱신,26.09~28.09,2596.0,24.0,,,
노원구,11350,중계동,202606,아파트_전월세,중계그린1단지,중계동,502-1,49.5,,29400,0,8,17,1990,갱신,26.08~28.08,28000.0,,사용,,
노원구,11350,월계동,202606,아파트_전월세,한진한화그랑빌,월계동,18,84.97,,5000,135,19,27,2002,갱신,26.07~28.07,5000.0,128.0,,,
노원구,11350,상계동,202606,아파트_전월세,상계주공5(저층),상계동,721,31.98,,1000,45,4,25,1987,신규,26.07~28.07,,,,,
노원구,11350,공릉동,202606,아파트_전월세,태릉우성아파트,공릉동,254,84.97,,42000,0,9,27,1985,갱신,26.09~28.09,37800.0,,,,
노원구,11350,상계동,202606,아파트_전월세,상계주공6(고층),상계동,720,58.01,,5000,130,10,3,1988,신규,26.07~28.07,,,,,
노원구,11350,상계동,202606,아파트_전월세,상계주공13(고층),상계동,637,45.9,,18000,40,14,20,1989,신규,26.07~28.07,,,,,
노원구,11350,상계동,202606,아파트_전월세,상계주공6(고층),상계동,720,58.01,,2000,115,8,20,1988,갱신,26.07~28.07,2000.0,95.0,,,
노원구,11350,상계동,202606,아파트_전월세,상계주공13(고층),상계동,637,45.9,,25000,0,14,24,1989,신규,26.07~28.07,,,,,
노원구,11350,상계동,202606,아파트_전월세,"상계주공15(고층,공무원임대)",상계동,624,41.3,,11112,8,4,4,1988,갱신,26.10~28.10,10583.0,9.0,,,
노원구,11350,월계동,202606,아파트_전월세,미륭,월계동,13,51.48,,2000,90,9,24,1986,신규,26.07~28.07,,,,,
노원구,11350,월계동,202606,아파트_전월세,주공2,월계동,556,44.52,,2000,65,8,29,1992,갱신,26.06~27.12,2000.0,65.0,,,
노원구,11350,월계동,202606,아파트_전월세,삼창,월계동,448-3,121,,33000,0,10,20,1984,갱신,26.06~27.06,33000.0,,사용,,
노원구,11350,하계동,202606,아파트_전월세,삼익선경,하계동,255-1,107.95,,73000,0,9,29,1993,신규,26.10~28.10,,,,,
노원구,11350,공릉동,202606,아파트_전월세,비선아파트,공릉동,109,49.28,,25515,0,9,24,1999,갱신,26.07~28.07,24300.0,,사용,,
노원구,11350,상계동,202606,아파트_전월세,"상계주공15(고층,공무원임대)",상계동,624,49.94,,16846,0,11,11,1988,갱신,26.09~28.09,16044.0,,,,
노원구,11350,중계동,202606,아파트_전월세,주공10,중계동,360-16,58.14,,20000,160,5,27,1995,신규,26.08~28.08,,,,,
노원구,11350,월계동,202606,아파트_전월세,미륭,월계동,13,51.48,,2000,100,11,16,1986,신규,26.07~28.07,,,,,
노원구,11350,중계동,202606,아파트_전월세,주공5,중계동,359-1,44.94,,1000,75,14,20,1992,갱신,26.07~27.07,1000.0,65.0,,,
노원구,11350,상계동,202606,아파트_전월세,상계주공14(고층),상계동,626,41.3,,21000,0,11,27,1989,갱신,26.07~28.07,20000.0,,사용,,
노원구,11350,월계동,202606,아파트_전월세,한진한화그랑빌,월계동,18,84.97,,4000,195,17,30,2002,신규,26.07~28.07,,,,,
노원구,11350,중계동,202606,아파트_전월세,주공8,중계동,362-1,49.72,,1000,90,3,26,1993,갱신,26.07~27.07,1000.0,76.0,,,
노원구,11350,상계동,202606,아파트_전월세,상계주공14(고층),상계동,626,45.9,,20000,0,7,9,1989,갱신,26.08~27.08,20000.0,,,,
노원구,11350,상계동,202606,아파트_전월세,상계주공1(고층),상계동,765,58.01,,24000,0,3,27,1988,갱신,26.07~28.07,23000.0,,사용,,
노원구,11350,중계동,202606,아파트_전월세,중계그린1단지,중계동,502-1,49.5,,21000,30,4,28,1990,갱신,26.07~28.07,21000.0,20.0,,,
노원구,11350,하계동,202606,아파트_전월세,청솔(시영7),하계동,274,49.5,,5500,85,8,26,1989,신규,26.08~28.08,,,,,
노원구,11350,상계동,202606,아파트_전월세,벽산,상계동,173-1,43.35,,1000,95,13,21,1989,신규,26.07~28.07,,,,,
노원구,11350,월계동,202606,아파트_전월세,한진한화그랑빌,월계동,18,114.97,,29000,130,9,26,2002,갱신,26.07~28.06,29000.0,85.0,사용,,
노원구,11350,상계동,202606,아파트_전월세,벽산,상계동,173-1,43.35,,1000,80,5,9,1989,신규,26.07~28.07,,,,,
노원구,11350,하계동,202606,아파트_전월세,장미(시영6),하계동,273,49.5,,30000,0,3,13,1989,신규,26.09~28.09,,,,,
노원구,11350,상계동,202606,아파트_전월세,상계주공10(고층),상계동,666,58.01,,35000,0,10,28,1988,신규,26.07~28.07,,,,,
노원구,11350,상계동,202606,아파트_전월세,상계주공6(고층),상계동,720,37.46,,1000,85,9,30,1988,갱신,26.07~28.07,700.0,75.0,,,
노원구,11350,월계동,202606,아파트_전월세,동신,월계동,436,93.38,,2000,65,5,17,1983,신규,26.07~26.12,,,,,
노원구,11350,상계동,202606,아파트_전월세,상계주공6(고층),상계동,720,58.01,,35000,0,13,17,1988,신규,26.08~28.08,,,,,
노원구,11350,하계동,202606,아파트_전월세,장미(시영6),하계동,273,49.75,,31500,0,13,22,1989,갱신,26.07~28.07,30000.0,,사용,,
노원구,11350,중계동,202606,아파트_전월세,양지마을(대림)1,중계동,587,84.9,,65000,0,14,20,1998,갱신,26.07~28.07,62000.0,,사용,,
노원구,11350,상계동,202606,아파트_전월세,상계주공2(고층),상계동,740,32.39,,1000,85,9,23,1987,신규,26.07~28.07,,,,,
노원구,11350,하계동,202606,아파트_전월세,장미(시영6),하계동,273,39.92,,1000,90,3,13,1989,신규,26.07~28.07,,,,,
노원구,11350,중계동,202606,아파트_전월세,주공5,중계동,359-1,38.64,,5000,75,8,23,1992,신규,26.07~28.07,,,,,
노원구,11350,하계동,202606,아파트_전월세,한신1,하계동,284,27,,10000,40,15,24,1988,신규,26.07~28.07,,,,,
노원구,11350,하계동,202606,아파트_전월세,장미(시영6),하계동,273,39.78,,3000,85,15,13,1989,신규,26.07~28.07,,,,,
노원구,11350,상계동,202606,아파트_전월세,상계주공7(고층),상계동,691,49.94,,5000,120,14,13,1988,신규,26.07~28.07,,,,,
노원구,11350,하계동,202606,아파트_전월세,청솔(시영7),하계동,274,49.85,,3000,80,7,17,1989,신규,26.06~28.06,,,,,
노원구,11350,월계동,202606,아파트_전월세,한진한화그랑빌,월계동,18,139.08,,56000,0,20,26,2002,신규,26.07~28.07,,,,,
노원구,11350,월계동,202606,아파트_전월세,한진한화그랑빌,월계동,18,114.97,,75000,0,17,29,2002,신규,26.10~28.10,,,,,
노원구,11350,상계동,202606,아파트_전월세,상계주공4(고층),상계동,749-5,49.94,,3000,90,9,25,1988,갱신,26.07~28.07,3000.0,85.0,사용,,
노원구,11350,중계동,202606,아파트_전월세,주공6,중계동,364-12,44.1,,1000,110,2,4,1993,신규,26.07~28.07,,,,,
노원구,11350,중계동,202606,아파트_전월세,주공2,중계동,369,44.52,,3000,70,3,4,1992,신규,26.07~28.07,,,,,
노원구,11350,상계동,202606,아파트_전월세,상계주공10(고층),상계동,666,45.9,,3000,100,4,25,1988,신규,26.08~28.08,,,,,
노원구,11350,상계동,202606,아파트_전월세,상계주공12(고층),상계동,647,49.94,,32000,0,11,23,1988,신규,26.10~28.09,,,,,
노원구,11350,월계동,202606,아파트_전월세,성북맨션,월계동,383-40,66.35,,15400,0,1,17,1976,신규,26.07~28.07,,,,,
노원구,11350,상계동,202606,아파트_전월세,상계주공9(고층),상계동,670,58.01,,25200,0,8,20,1988,갱신,26.07~28.07,24000.0,,사용,,
노원구,11350,중계동,202606,아파트_전월세,중계그린1단지,중계동,502-1,49.5,,29400,0,3,13,1990,갱신,26.07~28.07,28000.0,,사용,,
노원구,11350,중계동,202606,아파트_전월세,중계그린1단지,중계동,502-1,39.92,,2000,75,4,13,1990,갱신,26.06~28.06,2000.0,75.0,사용,,
노원구,11350,공릉동,202606,아파트_전월세,우방아파트,공릉동,108,60.502,,20000,90,1,30,2000,갱신,26.09~27.09,39000.0,,,,
노원구,11350,하계동,202606,아파트_전월세,건영,하계동,271-3,53.14,,20000,0,3,19,1988,갱신,26.07~28.07,16000.0,,,,
노원구,11350,하계동,202606,아파트_전월세,장미(시영6),하계동,273,39.78,,20000,0,7,23,1989,갱신,26.06~28.06,18500.0,,,,
노원구,11350,공릉동,202606,아파트_전월세,태강아파트(아이파크),공릉동,81,49.6,,3000,125,10,15,1999,신규,26.07~28.07,,,,,
노원구,11350,상계동,202606,아파트_전월세,은빛1단지,상계동,1255,39.7,,21000,0,2,12,1998,신규,26.09~28.09,,,,,
노원구,11350,월계동,202606,아파트_전월세,한진한화그랑빌,월계동,18,59.94,,5000,140,5,25,2002,갱신,26.06~28.06,3000.0,130.0,,,
노원구,11350,하계동,202606,아파트_전월세,청구,하계동,284,70.69,,16000,130,5,30,1988,신규,26.07~28.07,,,,,
노원구,11350,상계동,202606,아파트_전월세,상계주공3(고층),상계동,730-2,59.39,,3000,130,9,27,1987,신규,26.10~28.10,,,,,
노원구,11350,월계동,202606,아파트_전월세,미륭,월계동,13,51.48,,10000,85,3,29,1986,신규,26.09~28.09,,,,,
노원구,11350,월계동,202606,아파트_전월세,한진한화그랑빌,월계동,18,114.97,,70000,0,10,27,2002,갱신,26.07~28.07,56000.0,,,,
노원구,11350,상계동,202606,아파트_전월세,상계주공13(고층),상계동,637,45.9,,1000,70,14,21,1989,갱신,26.06~28.06,1000.0,50.0,,,
노원구,11350,상계동,202606,아파트_전월세,상계주공14(고층),상계동,626,49.94,,5000,100,14,22,1989,신규,26.08~28.08,,,,,
노원구,11350,상계동,202606,아파트_전월세,상계주공2(고층),상계동,740,32.39,,2000,80,9,27,1987,신규,26.09~28.09,,,,,
노원구,11350,월계동,202606,아파트_전월세,현대,월계동,929,59.95,,5000,120,4,26,2000,갱신,26.06~28.06,5000.0,110.0,,,
노원구,11350,월계동,202606,아파트_전월세,미성,월계동,13,33.28,,1000,60,1,26,1986,신규,26.07~28.07,,,,,
노원구,11350,상계동,202606,아파트_전월세,상계주공6(고층),상계동,720,37.46,,1000,80,9,30,1988,갱신,26.07~28.07,700.0,75.0,,,
노원구,11350,월계동,202606,아파트_전월세,삼호4,월계동,12,59.49,,3000,80,13,20,1987,갱신,26.06~28.06,3000.0,64.0,,,
노원구,11350,상계동,202606,아파트_전월세,상계주공3(고층),상계동,730-2,59.39,,7000,50,3,27,1987,신규,26.07~28.07,,,,,
노원구,11350,상계동,202606,아파트_전월세,상계주공14(고층),상계동,626,45.55,,2000,85,9,2,1989,신규,26.07~28.07,,,,,
노원구,11350,상계동,202606,아파트_전월세,상계주공11(고층),상계동,652,49.94,,3000,120,2,18,1988,신규,26.07~28.07,,,,,
노원구,11350,상계동,202606,아파트_전월세,상계주공2(고층),상계동,740,60.5,,25050,30,9,20,1987,갱신,26.08~28.08,25050.0,,,,
노원구,11350,상계동,202606,아파트_전월세,상계주공1(고층),상계동,765,32.39,,18000,0,6,24,1988,신규,26.07~28.07,,,,,
노원구,11350,상계동,202606,아파트_전월세,상계주공6(고층),상계동,720,49.94,,20150,0,15,17,1988,신규,26.09~28.09,,,,,
노원구,11350,상계동,202606,아파트_전월세,벽산,상계동,173-1,38.71,,1000,68,8,29,1989,갱신,26.08~28.08,1000.0,65.0,사용,,
노원구,11350,상계동,202606,아파트_전월세,상계주공7(고층),상계동,691,49.94,,12000,95,5,8,1988,신규,26.09~28.09,,,,,
노원구,11350,하계동,202606,아파트_전월세,하계2현대,하계동,288,84.896,,63000,0,10,23,1997,갱신,26.08~28.08,60000.0,,사용,,
노원구,11350,상계동,202606,아파트_전월세,상계주공11(고층),상계동,652,49.94,,23000,30,13,19,1988,갱신,26.06~28.08,20000.0,30.0,,,
노원구,11350,상계동,202606,아파트_전월세,상계주공1(고층),상계동,765,32.39,,18000,0,6,24,1988,신규,26.06~28.07,,,,,
노원구,11350,상계동,202606,아파트_전월세,상계주공2(고층),상계동,740,32.39,,2000,75,4,8,1987,신규,26.07~28.07,,,,,
노원구,11350,상계동,202606,아파트_전월세,상계주공1(고층),상계동,765,41.3,,18000,0,12,20,1988,갱신,26.07~28.07,15000.0,,,,
노원구,11350,중계동,202606,아파트_전월세,청구3,중계동,360-2,84.77,,69300,0,1,27,1996,갱신,26.07~28.07,66000.0,,사용,,
노원구,11350,상계동,202606,아파트_전월세,상계주공2(고층),상계동,740,41.3,,3000,90,11,11,1987,신규,26.07~28.07,,,,,
노원구,11350,중계동,202606,아파트_전월세,청구3,중계동,360-2,84.77,,76650,0,12,20,1996,갱신,26.07~28.07,73000.0,,사용,,
노원구,11350,상계동,202606,아파트_전월세,상계주공1(저층),상계동,765,84.41,,28000,0,2,27,1988,갱신,26.08~28.08,28000.0,,사용,,
노원구,11350,중계동,202606,아파트_전월세,LIG건영,중계동,586,84.44,,42000,0,11,20,1998,갱신,26.06~28.06,40000.0,,사용,,
노원구,11350,상계동,202606,아파트_전월세,상계주공12(고층),상계동,647,49.94,,29000,0,10,27,1988,갱신,26.06~28.06,21500.0,,,,
노원구,11350,상계동,202606,아파트_전월세,상계주공12(고층),상계동,647,49.94,,5000,100,1,20,1988,갱신,26.08~28.08,8000.0,33.0,,,
노원구,11350,상계동,202606,아파트_전월세,벽산,상계동,173-1,43.35,,2000,90,15,16,1989,신규,26.07~28.07,,,,,
노원구,11350,상계동,202606,아파트_전월세,대림,상계동,695,93.13,,16000,160,13,30,1988,신규,26.09~28.09,,,,,
노원구,11350,상계동,202606,아파트_전월세,소담빌,상계동,330-29,14.65,,1000,60,9,17,2014,신규,26.07~28.07,,,,,
노원구,11350,월계동,202606,아파트_전월세,사슴3,월계동,320-11,33.18,,2000,80,14,15,1995,신규,26.06~28.06,,,,,
노원구,11350,상계동,202606,아파트_전월세,상계주공4(고층),상계동,749-5,32.39,,5000,55,3,22,1988,신규,26.08~28.08,,,,,
노원구,11350,상계동,202606,아파트_전월세,은빛1단지,상계동,1255,59.95,,9500,90,10,22,1998,갱신,26.07~28.06,9500.0,65.0,사용,,
노원구,11350,월계동,202606,아파트_전월세,극동,월계동,803-1,80.28,,38000,0,11,22,1996,신규,26.10~28.10,,,,,
노원구,11350,상계동,202606,아파트_전월세,"상계주공15(고층,공무원임대)",상계동,624,41.3,,8334,16,12,2,1988,갱신,26.08~28.02,3968.0,31.0,,,
노원구,11350,하계동,202606,아파트_전월세,하계2현대,하계동,288,75.35,,44000,0,1,26,1997,갱신,26.06~28.06,44000.0,,사용,,
노원구,11350,공릉동,202606,아파트_전월세,공릉아파트,공릉동,110,32.79,,2000,12,11,17,1999,신규,26.07~28.09,,,,,
노원구,11350,상계동,202606,아파트_전월세,은빛1단지,상계동,1255,49.77,,5000,100,3,3,1998,신규,26.07~28.07,,,,,
노원구,11350,상계동,202606,아파트_전월세,상계주공3(고층),상계동,730-2,58.01,,3000,150,6,18,1987,신규,26.07~28.07,,,,,
노원구,11350,상계동,202606,아파트_전월세,"상계주공15(고층,공무원임대)",상계동,624,49.94,,11017,6,10,2,1988,갱신,26.09~27.09,10493.0,6.0,,,
노원구,11350,월계동,202606,아파트_전월세,한진한화그랑빌,월계동,18,59.94,,50000,0,8,27,2002,신규,26.11~28.11,,,,,
노원구,11350,월계동,202606,아파트_전월세,미륭,월계동,13,51.48,,25000,0,6,13,1986,갱신,26.06~28.06,25000.0,,사용,,
노원구,11350,월계동,202606,아파트_전월세,한진한화그랑빌,월계동,18,84.97,,65000,0,3,27,2002,신규,26.08~28.08,,,,,
노원구,11350,상계동,202606,아파트_전월세,노원센트럴푸르지오,상계동,1355,59.996,,50000,35,14,29,2021,신규,26.09~28.09,,,,,
노원구,11350,중계동,202606,아파트_전월세,중계무지개,중계동,512,59.26,,32000,0,13,30,1991,신규,26.08~28.08,,,,,
노원구,11350,상계동,202606,아파트_전월세,상계주공4(고층),상계동,749-5,41.3,,2000,100,3,24,1988,신규,26.08~28.08,,,,,
노원구,11350,상계동,202606,아파트_전월세,"상계주공15(고층,공무원임대)",상계동,624,41.3,,2778,32,2,15,1988,신규,26.07~28.07,,,,,
노원구,11350,상계동,202606,아파트_전월세,수락한신,상계동,1277,59.95,,20000,60,4,24,1997,신규,26.09~28.09,,,,,
노원구,11350,공릉동,202606,아파트_전월세,태릉우성아파트,공릉동,254,66.87,,7000,130,4,17,1985,신규,26.07~28.07,,,,,
노원구,11350,상계동,202606,아파트_전월세,상계주공16(고층),상계동,624,45.77,,2000,74,14,8,1988,갱신,26.08~28.08,2000.0,70.0,사용,,
노원구,11350,상계동,202606,아파트_전월세,상계주공7(고층),상계동,691,58.01,,28000,0,8,16,1988,갱신,26.06~28.06,28000.0,,사용,,
노원구,11350,중계동,202606,아파트_전월세,건영2,중계동,515-2,75.02,,58000,0,11,22,1991,신규,26.07~28.07,,,,,
노원구,11350,중계동,202606,아파트_전월세,주공5,중계동,359-1,84.79,,50000,0,12,30,1992,신규,26.07~28.07,,,,,
노원구,11350,월계동,202606,아파트_전월세,한일1,월계동,926,59.953,,31100,0,9,8,1999,갱신,26.07~28.07,29700.0,,사용,,
노원구,11350,상계동,202606,아파트_전월세,상계주공2(고층),상계동,740,41.3,,2000,95,6,24,1987,신규,26.07~28.07,,,,,
노원구,11350,월계동,202606,아파트_전월세,미륭,월계동,13,51.48,,32000,0,2,27,1986,신규,26.10~28.10,,,,,
노원구,11350,중계동,202606,아파트_전월세,청구3,중계동,360-2,84.77,,65000,0,8,30,1996,신규,26.07~28.07,,,,,
노원구,11350,하계동,202606,아파트_전월세,청솔(시영7),하계동,274,39.92,,25000,0,5,20,1989,신규,26.07~28.07,,,,,
노원구,11350,공릉동,202606,아파트_전월세,비선아파트,공릉동,109,48.6,,24888,0,7,15,1999,갱신,26.07~27.05,23703.0,,,,
노원구,11350,상계동,202606,아파트_전월세,상계주공4(고층),상계동,749-5,59.39,,4000,100,13,27,1988,갱신,26.07~28.07,4000.0,100.0,사용,,
노원구,11350,월계동,202606,아파트_전월세,삼호4,월계동,12,50.18,,1000,69,13,18,1987,신규,26.07~28.07,,,,,
노원구,11350,월계동,202606,아파트_전월세,한진한화그랑빌,월계동,18,84.97,,40000,110,19,27,2002,신규,26.08~28.08,,,,,
노원구,11350,상계동,202606,아파트_전월세,은빛1단지,상계동,1255,39.7,,19000,0,4,30,1998,갱신,26.07~28.07,18000.0,,,,
노원구,11350,월계동,202606,아파트_전월세,월계센트럴아이파크,월계동,951,84.99,,59850,0,11,16,2020,갱신,26.07~28.07,57000.0,,사용,,
노원구,11350,하계동,202606,아파트_전월세,청솔(시영7),하계동,274,39.78,,24000,0,6,29,1989,신규,26.08~28.08,,,,,
노원구,11350,중계동,202606,아파트_전월세,청구3,중계동,360-2,84.77,,65800,0,9,24,1996,갱신,26.07~28.07,62800.0,,,,
노원구,11350,하계동,202606,아파트_전월세,하계2현대,하계동,288,84.51,,30000,132,11,5,1997,갱신,26.08~28.08,30000.0,120.0,사용,,
노원구,11350,공릉동,202606,아파트_전월세,태강아파트(아이파크),공릉동,81,49.6,,10000,72,4,15,1999,갱신,26.06~28.06,10000.0,67.0,,,
노원구,11350,상계동,202606,아파트_전월세,상계주공2(고층),상계동,740,32.39,,1000,80,2,24,1987,신규,26.07~28.07,,,,,
노원구,11350,중계동,202606,아파트_전월세,주공5,중계동,359-1,76.51,,65000,0,10,30,1992,신규,26.09~28.09,,,,,
노원구,11350,상계동,202606,아파트_전월세,상계주공16(고층),상계동,624,58.01,,20000,45,1,3,1988,갱신,26.07~28.07,20000.0,40.0,사용,,
노원구,11350,상계동,202606,아파트_전월세,상계주공16(고층),상계동,624,59.39,,35000,0,5,27,1988,신규,26.11~28.11,,,,,
노원구,11350,하계동,202606,아파트_전월세,하계2현대,하계동,288,75.35,,57750,0,3,20,1997,갱신,26.08~28.08,55000.0,,사용,,
노원구,11350,상계동,202606,아파트_전월세,상계주공6(고층),상계동,720,58.01,,10000,53,1,10,1988,갱신,26.09~28.09,10000.0,48.0,,,
노원구,11350,상계동,202606,아파트_전월세,은빛1단지,상계동,1255,49.77,,24000,0,11,5,1998,갱신,26.06~28.06,23000.0,,사용,,
노원구,11350,상계동,202606,아파트_전월세,상계주공14(고층),상계동,626,90.94,,1000,50,5,19,1989,신규,26.06~28.06,,,,,
노원구,11350,상계동,202606,아파트_전월세,상계주공12(고층),상계동,647,41.3,,2000,100,9,29,1988,신규,26.08~28.08,,,,,
노원구,11350,상계동,202606,아파트_전월세,은빛2단지,상계동,1256,59.95,,4000,130,1,3,1998,신규,26.06~28.06,,,,,
노원구,11350,상계동,202606,아파트_전월세,상계주공10(고층),상계동,666,58.01,,3000,100,5,6,1988,갱신,26.06~28.06,3000.0,85.0,,,
노원구,11350,상계동,202606,아파트_전월세,상계주공10(고층),상계동,666,58.01,,33000,0,10,20,1988,신규,26.07~28.07,,,,,
노원구,11350,상계동,202606,아파트_전월세,우림루미아트1,상계동,1306,84.887,,10000,130,2,30,2004,신규,26.09~28.09,,,,,
노원구,11350,중계동,202606,아파트_전월세,건영3,중계동,360-15,84.9,,34000,0,4,10,1995,갱신,26.06~28.06,27500.0,,,,
노원구,11350,월계동,202606,아파트_전월세,동신,월계동,436,93.38,,1000,65,3,7,1983,신규,26.06~27.06,,,,,
노원구,11350,상계동,202606,아파트_전월세,상계주공2(고층),상계동,740,41.3,,18300,0,14,19,1987,갱신,26.06~28.06,17500.0,,,,
노원구,11350,상계동,202606,아파트_전월세,수락산벨리체,상계동,1265,114.92,,57400,0,13,22,2000,갱신,26.07~28.04,55000.0,,사용,,
노원구,11350,상계동,202606,아파트_전월세,"상계주공15(고층,공무원임대)",상계동,624,49.94,,11792,11,4,4,1988,갱신,26.10~28.10,11230.0,10.0,,,
노원구,11350,상계동,202606,아파트_전월세,"상계주공15(고층,공무원임대)",상계동,624,41.3,,11112,8,2,11,1988,갱신,26.08~28.08,10583.0,9.0,,,
노원구,11350,중계동,202606,아파트_전월세,주공5,중계동,359-1,44.94,,1000,100,7,5,1992,신규,26.07~28.07,,,,,
노원구,11350,상계동,202606,아파트_전월세,상계주공7(고층),상계동,691,41.3,,13000,50,8,3,1988,신규,26.08~28.08,,,,,
노원구,11350,하계동,202606,아파트_전월세,청솔(시영7),하계동,274,49.5,,25000,5,6,13,1989,신규,26.09~28.09,,,,,
노원구,11350,상계동,202606,아파트_전월세,노원센트럴푸르지오,상계동,1355,84.994,,64470,0,3,30,2021,신규,26.10~28.10,,,,,
노원구,11350,상계동,202606,아파트_전월세,불암대림(207동),상계동,1290,33,,3066,6,9,9,2000,신규,26.06~28.08,,,,,
노원구,11350,월계동,202606,아파트_전월세,미성,월계동,13,33.28,,1000,70,4,2,1986,신규,26.07~28.07,,,,,
노원구,11350,상계동,202606,아파트_전월세,상계주공6(고층),상계동,720,41.3,,23000,0,6,29,1988,갱신,26.07~28.07,22000.0,,사용,,
노원구,11350,월계동,202606,아파트_전월세,미륭,월계동,13,51.48,,28000,0,10,21,1986,신규,26.08~28.08,,,,,
노원구,11350,중계동,202606,아파트_전월세,주공4,중계동,358-2,59.39,,35000,0,6,27,1991,신규,26.09~28.09,,,,,
노원구,11350,공릉동,202606,아파트_전월세,탑스빌아파트(101동),공릉동,690-10,83.68,,50000,0,4,27,2006,신규,26.09~28.09,,,,,
노원구,11350,중계동,202606,아파트_전월세,중계3우성,중계동,585,59.94,,45000,0,4,19,1999,신규,26.08~28.08,,,,,
노원구,11350,상계동,202606,아파트_전월세,청암2단지,상계동,1276,59.96,,20000,70,6,15,2001,신규,26.07~28.07,,,,,
노원구,11350,상계동,202606,아파트_전월세,상계주공6(고층),상계동,720,58.01,,5000,120,15,30,1988,신규,26.09~28.09,,,,,
노원구,11350,상계동,202606,아파트_전월세,상계주공16(고층),상계동,624,45.77,,23000,0,12,12,1988,신규,26.07~28.07,,,,,
노원구,11350,상계동,202606,아파트_전월세,상계주공5(저층),상계동,721,31.98,,1000,50,1,25,1987,신규,26.06~28.06,,,,,
노원구,11350,상계동,202606,아파트_전월세,상계신동아,상계동,463,84.99,,48000,0,7,30,1995,신규,26.09~28.09,,,,,
노원구,11350,상계동,202606,아파트_전월세,상계주공1(저층),상계동,765,71.89,,28000,0,4,13,1988,갱신,26.07~28.07,28000.0,,사용,,
노원구,11350,상계동,202606,아파트_전월세,은빛3단지,상계동,1264,39.84,,2902,6,3,17,1998,신규,26.07~28.09,,,,,
노원구,11350,상계동,202606,아파트_전월세,상계주공4(고층),상계동,749-5,41.3,,23100,0,12,30,1988,갱신,26.08~28.08,22000.0,,사용,,
노원구,11350,공릉동,202606,아파트_전월세,공릉동한보에센시티아파트,공릉동,743,84.93,,43000,0,2,29,2000,갱신,26.07~28.07,41000.0,,사용,,
노원구,11350,상계동,202606,아파트_전월세,상계주공9(고층),상계동,670,45.9,,5000,90,5,30,1988,신규,26.08~28.08,,,,,
노원구,11350,상계동,202606,아파트_전월세,상계주공10(고층),상계동,666,59.39,,23000,0,12,27,1988,갱신,26.07~28.07,23000.0,,사용,,
노원구,11350,상계동,202606,아파트_전월세,상계주공14(고층),상계동,626,49.94,,23100,0,3,27,1989,갱신,26.07~28.08,22000.0,,사용,,
노원구,11350,월계동,202606,아파트_전월세,꿈의숲SKVIEW,월계동,949,84.93,,65000,0,18,20,2016,신규,26.10~28.10,,,,,
노원구,11350,중계동,202606,아파트_전월세,주공5,중계동,359-1,44.52,,15000,10,8,30,1992,신규,26.06~28.06,,,,,
노원구,11350,중계동,202606,아파트_전월세,주공5,중계동,359-1,76.51,,55000,60,3,15,1992,신규,26.10~28.10,,,,,
노원구,11350,상계동,202606,아파트_전월세,상계주공10(고층),상계동,666,58.01,,5000,53,5,29,1988,갱신,26.09~28.09,5000.0,50.0,사용,,
노원구,11350,공릉동,202606,아파트_전월세,67디벨리움,공릉동,670-7,17.27,,1000,69,11,15,2016,신규,26.06~27.06,,,,,
노원구,11350,하계동,202606,아파트_전월세,청솔(시영7),하계동,274,59.22,,5000,130,15,29,1989,신규,26.07~28.07,,,,,
노원구,11350,중계동,202606,아파트_전월세,중계그린1단지,중계동,502-1,49.5,,34000,0,2,23,1990,신규,26.08~28.08,,,,,
노원구,11350,중계동,202606,아파트_전월세,건영2,중계동,515-2,84.96,,44000,50,7,30,1991,갱신,26.06~28.06,40000.0,,,,
노원구,11350,하계동,202606,아파트_전월세,한신2,하계동,284,35.28,,1000,90,15,13,1988,신규,26.06~28.06,,,,,
노원구,11350,월계동,202606,아파트_전월세,극동,월계동,803-1,80.28,,31500,0,8,20,1996,갱신,26.07~28.07,30000.0,,사용,,
노원구,11350,월계동,202606,아파트_전월세,초안2,월계동,924,39.6,,20000,0,9,30,1997,신규,26.09~28.09,,,,,
노원구,11350,상계동,202606,아파트_전월세,상계주공4(고층),상계동,749-5,58.01,,5000,130,15,16,1988,신규,26.07~28.07,,,,,
노원구,11350,월계동,202606,아파트_전월세,월계센트럴아이파크,월계동,951,59.99,,17956,24,13,30,2020,갱신,26.07~28.06,12640.0,45.0,,,
노원구,11350,상계동,202606,아파트_전월세,수락한신,상계동,1277,84.95,,10000,130,10,24,1997,신규,26.08~28.08,,,,,
노원구,11350,상계동,202606,아파트_전월세,상계주공14(고층),상계동,626,45.9,,9000,70,7,30,1989,신규,26.08~28.08,,,,,
노원구,11350,상계동,202606,아파트_전월세,노원센트럴푸르지오,상계동,1355,59.994,,40000,0,1,28,2021,신규,26.09~28.09,,,,,
노원구,11350,중계동,202606,아파트_전월세,건영2,중계동,515-2,84.96,,52000,0,7,27,1991,갱신,26.08~28.08,47000.0,,,,
노원구,11350,중계동,202606,아파트_전월세,삼성,중계동,593,59.9,,36300,0,15,30,1999,신규,26.09~28.09,,,,,
노원구,11350,중계동,202606,아파트_전월세,동진,중계동,103,38.79,,13000,10,4,30,1988,신규,26.08~28.08,,,,,
노원구,11350,월계동,202606,아파트_전월세,청백(774),월계동,774,39.84,,2701,6,15,17,1998,신규,26.07~28.09,,,,,
노원구,11350,하계동,202606,아파트_전월세,청솔(시영7),하계동,274,49.5,,28000,0,4,21,1989,갱신,26.06~28.06,25000.0,,,,
노원구,11350,상계동,202606,아파트_전월세,"상계주공15(고층,공무원임대)",상계동,624,49.94,,5130,35,5,30,1988,신규,26.07~28.07,,,,,
노원구,11350,상계동,202606,아파트_전월세,상계주공6(고층),상계동,720,58.01,,27300,0,6,26,1988,갱신,26.08~28.08,26000.0,,사용,,
노원구,11350,상계동,202606,아파트_전월세,상계주공16(고층),상계동,624,45.77,,2000,75,15,13,1988,갱신,26.06~28.06,2000.0,65.0,,,
노원구,11350,월계동,202606,아파트_전월세,한진한화그랑빌,월계동,18,84.97,,70000,0,23,30,2002,신규,26.06~28.06,,,,,
노원구,11350,상계동,202606,아파트_전월세,상계주공2(고층),상계동,740,58.01,,35000,0,10,30,1987,신규,26.08~28.08,,,,,
노원구,11350,상계동,202606,아파트_전월세,상계주공7(고층),상계동,691,45.9,,23000,0,7,30,1988,신규,26.08~28.08,,,,,
노원구,11350,공릉동,202606,아파트_전월세,태릉입구역청년주택YNTOWER,공릉동,617-3,16.3,,3932,6,17,24,2021,갱신,26.07~28.06,3793.0,5.0,,,
노원구,11350,월계동,202606,아파트_전월세,롯데캐슬루나,월계동,947,59.9927,,45000,0,5,30,2006,갱신,26.08~30.08,45000.0,,,,
노원구,11350,중계동,202606,아파트_전월세,주공5,중계동,359-1,38.64,,1000,90,6,23,1992,신규,26.08~26.12,,,,,
노원구,11350,상계동,202606,아파트_전월세,상계주공12(고층),상계동,647,49.94,,15000,75,3,15,1988,신규,26.07~28.06,,,,,
노원구,11350,공릉동,202606,아파트_전월세,효성아파트,공릉동,742,73.18,,8000,150,3,23,1995,신규,26.08~28.08,,,,,
노원구,11350,월계동,202606,아파트_전월세,주공2,월계동,556,38.64,,6000,43,13,26,1992,갱신,26.07~28.07,6000.0,40.0,사용,,
노원구,11350,월계동,202606,아파트_전월세,미륭,월계동,13,51.48,,32000,0,11,11,1986,신규,26.08~28.08,,,,,
노원구,11350,상계동,202606,아파트_전월세,상계주공9(고층),상계동,670,49.94,,28000,0,12,29,1988,갱신,26.06~28.06,25000.0,,,,
노원구,11350,하계동,202606,아파트_전월세,우성,하계동,270,84.91,,52000,0,11,21,1988,갱신,26.06~28.06,52000.0,,사용,,
노원구,11350,중계동,202606,아파트_전월세,중계그린1단지,중계동,502-1,49.85,,35000,0,4,30,1990,신규,26.09~28.09,,,,,
노원구,11350,공릉동,202606,아파트_전월세,삼익2차아파트,공릉동,754,54.74,,40000,0,5,30,2004,신규,26.09~28.09,,,,,
노원구,11350,상계동,202606,아파트_전월세,상계주공2(고층),상계동,740,41.3,,1000,68,10,5,1987,갱신,26.06~28.06,1000.0,58.0,,,
노원구,11350,상계동,202606,아파트_전월세,미도,상계동,766-1,87.57,,40000,0,11,25,1988,갱신,26.06~28.06,32000.0,30.0,,,
노원구,11350,공릉동,202606,아파트_전월세,태릉우성아파트,공릉동,254,66.87,,23000,80,9,5,1985,신규,26.07~28.07,,,,,
노원구,11350,하계동,202606,아파트_전월세,청솔(시영7),하계동,274,39.78,,24000,0,6,29,1989,신규,26.08~28.07,,,,,
노원구,11350,상계동,202606,아파트_전월세,상계주공6(고층),상계동,720,58.01,,26000,40,5,30,1988,신규,26.09~28.08,,,,,
노원구,11350,중계동,202606,아파트_전월세,건영3,중계동,360-15,84.9,,75000,0,1,27,1995,갱신,27.01~29.01,53500.0,,,,
노원구,11350,상계동,202606,아파트_전월세,상계주공16(고층),상계동,624,59.39,,13000,37,14,9,1988,갱신,26.08~28.08,13000.0,35.0,사용,,
노원구,11350,월계동,202606,아파트_전월세,초안2,월계동,924,49.6,,6000,85,9,29,1997,신규,26.07~28.07,,,,,
노원구,11350,중계동,202606,아파트_전월세,목화(4단지),중계동,511-2,32.76,,1704,5,14,30,1991,갱신,26.07~28.06,667.0,10.0,,,
노원구,11350,공릉동,202606,아파트_전월세,풍림아파트A,공릉동,725,59.94,,39900,0,6,26,2001,갱신,26.06~28.06,38000.0,,사용,,
노원구,11350,월계동,202606,아파트_전월세,월계센트럴아이파크,월계동,951,84.99,,80000,0,10,30,2020,신규,26.09~28.09,,,,,
노원구,11350,상계동,202606,아파트_전월세,상계주공2(고층),상계동,740,58.01,,38000,0,11,29,1987,신규,26.08~28.08,,,,,
노원구,11350,상계동,202606,아파트_전월세,상계주공12(고층),상계동,647,61.52,,11000,55,15,30,1988,갱신,26.07~28.07,10000.0,55.0,,,
노원구,11350,중계동,202606,아파트_전월세,라이프,중계동,366,115.65,,50000,180,10,20,1993,신규,26.08~28.08,,,,,
노원구,11350,상계동,202606,아파트_전월세,은빛2단지,상계동,1256,59.95,,1500,125,13,25,1998,갱신,26.06~28.06,1500.0,90.0,,,
노원구,11350,월계동,202606,아파트_전월세,청백4,월계동,781,59.4,,21000,45,6,25,1998,신규,26.07~28.07,,,,,
노원구,11350,하계동,202606,아파트_전월세,장미(시영6),하계동,273,59.46,,34000,0,4,30,1989,갱신,26.07~28.07,34000.0,,사용,,
노원구,11350,상계동,202606,아파트_전월세,벽산,상계동,173-1,75.03,,5000,165,9,20,1989,신규,26.07~28.07,,,,,
노원구,11350,하계동,202606,아파트_전월세,장미(시영6),하계동,273,39.78,,1000,85,4,27,1989,신규,26.06~28.06,,,,,
노원구,11350,상계동,202606,아파트_전월세,상계주공10(저층),상계동,666,54.54,,15000,50,5,29,1988,갱신,26.07~28.07,15000.0,,,,
노원구,11350,중계동,202606,아파트_전월세,청구3,중계동,360-2,84.77,,76500,0,7,29,1996,갱신,26.09~28.09,73000.0,,사용,,
노원구,11350,하계동,202606,아파트_전월세,장미(시영6),하계동,273,49.75,,35000,0,14,26,1989,신규,26.09~28.09,,,,,
노원구,11350,상계동,202606,아파트_전월세,상계주공10(고층),상계동,666,49.94,,21000,20,10,20,1988,갱신,26.06~28.06,21000.0,,,,
노원구,11350,상계동,202606,아파트_전월세,"상계주공15(고층,공무원임대)",상계동,624,41.3,,13890,0,6,29,1988,신규,26.07~28.07,,,,,
노원구,11350,하계동,202606,아파트_전월세,장미(시영6),하계동,273,39.78,,1000,85,8,26,1989,신규,26.08~28.08,,,,,
노원구,11350,월계동,202606,아파트_전월세,미성,월계동,13,50.14,,19000,0,10,27,1986,갱신,26.07~28.07,12000.0,,,,
노원구,11350,상계동,202606,아파트_전월세,"상계주공15(고층,공무원임대)",상계동,624,49.94,,16846,0,10,30,1988,갱신,26.11~28.11,16044.0,,,,
노원구,11350,상계동,202606,아파트_전월세,상계주공7(고층),상계동,691,45.9,,27000,0,8,19,1988,신규,26.08~28.08,,,,,
노원구,11350,공릉동,202606,아파트_전월세,시영3차(라이프)아파트,공릉동,715,49.5,,35000,0,13,25,1994,신규,26.09~28.09,,,,,
노원구,11350,상계동,202606,아파트_전월세,상계주공10(고층),상계동,666,49.94,,22000,0,3,24,1988,갱신,26.07~28.07,22000.0,,사용,,
노원구,11350,중계동,202606,아파트_전월세,중계그린1단지,중계동,502-1,49.5,,17000,35,7,29,1990,갱신,26.07~28.06,7000.0,70.0,,,
노원구,11350,상계동,202606,아파트_전월세,한양,상계동,757,86.62,,39000,0,11,29,1988,신규,26.09~28.09,,,,,
노원구,11350,공릉동,202606,아파트_전월세,시영3차(라이프)아파트,공릉동,715,39.6,,25000,0,6,29,1994,신규,26.08~28.08,,,,,
노원구,11350,월계동,202606,아파트_전월세,주공2,월계동,556,44.52,,24000,0,5,6,1992,신규,26.09~28.09,,,,,
노원구,11350,상계동,202606,아파트_전월세,상계주공11(고층),상계동,652,41.3,,21000,0,3,27,1988,갱신,26.08~28.08,20000.0,,사용,,
노원구,11350,상계동,202606,아파트_전월세,상계주공6(고층),상계동,720,58.01,,5000,150,11,24,1988,신규,26.07~28.07,,,,,
노원구,11350,공릉동,202606,아파트_전월세,미라쉘,공릉동,670-6,16.69,,1000,68,19,20,2018,신규,26.06~28.06,,,,,
노원구,11350,상계동,202606,아파트_전월세,중계센트럴파크,상계동,1322,84.75,,60375,0,15,20,2016,갱신,26.08~28.05,57500.0,,사용,,
노원구,11350,상계동,202606,아파트_전월세,상계주공6(고층),상계동,720,59.39,,15000,70,3,29,1988,신규,26.10~28.10,,,,,
노원구,11350,상계동,202606,아파트_전월세,상계주공9(고층),상계동,670,41.3,,19950,0,6,27,1988,갱신,26.07~28.07,19000.0,,사용,,
노원구,11350,하계동,202606,아파트_전월세,한신1,하계동,284,44.52,,30000,0,3,11,1988,갱신,26.07~28.07,25000.0,,,,
노원구,11350,상계동,202606,아파트_전월세,상계주공9(고층),상계동,670,49.94,,26000,20,3,29,1988,갱신,26.07~28.07,26000.0,,,,
노원구,11350,공릉동,202606,아파트_전월세,한일휴니스빌,공릉동,683-14,15.555,,1000,60,17,27,2013,신규,26.06~28.02,,,,,
노원구,11350,상계동,202606,아파트_전월세,극동늘푸른,상계동,1128,59.958,,500,90,5,2,2000,신규,26.06~26.08,,,,,
노원구,11350,상계동,202606,아파트_전월세,상계주공3(고층),상계동,730-2,58.01,,26150,0,4,15,1987,신규,26.06~26.12,,,,,
노원구,11350,월계동,202606,아파트_전월세,풍림아이원,월계동,944,84.303,,0,220,11,27,2005,신규,26.08~27.01,,,,,
노원구,11350,상계동,202606,아파트_전월세,상계주공12(고층),상계동,647,49.94,,25000,0,6,29,1988,갱신,26.07~28.07,19840.0,,,,
노원구,11350,하계동,202606,아파트_전월세,장미(시영6),하계동,273,59.87,,35000,0,5,11,1989,신규,26.09~28.09,,,,,
노원구,11350,상계동,202606,아파트_전월세,상계주공12(고층),상계동,647,41.3,,2000,100,3,27,1988,신규,26.06~28.06,,,,,
노원구,11350,상계동,202606,아파트_전월세,상계1차중앙하이츠,상계동,1279,59.82,,28000,0,10,13,1997,갱신,26.06~28.06,28000.0,15.0,사용,,
노원구,11350,중계동,202606,아파트_전월세,중계그린1단지,중계동,502-1,49.85,,2000,78,3,10,1990,갱신,26.07~27.07,5000.0,62.0,,,
노원구,11350,상계동,202606,아파트_전월세,상계불암대림,상계동,1289,84.96,,55000,0,17,13,2000,신규,26.07~28.07,,,,,
노원구,11350,하계동,202606,아파트_전월세,삼익선경,하계동,255-1,107.95,,70000,0,4,26,1993,신규,26.08~28.08,,,,,
노원구,11350,하계동,202606,아파트_전월세,청솔(시영7),하계동,274,39.78,,13000,40,7,27,1989,신규,26.08~28.08,,,,,
노원구,11350,월계동,202606,아파트_전월세,주공2,월계동,556,59.97,,30000,0,5,29,1992,갱신,26.06~28.06,26500.0,,,,
노원구,11350,상계동,202606,아파트_전월세,상계주공10(고층),상계동,666,58.01,,29400,0,7,29,1988,갱신,26.08~28.08,28000.0,,사용,,
노원구,11350,공릉동,202606,아파트_전월세,미라쉘,공릉동,670-6,16.69,,1000,68,15,25,2018,신규,26.06~27.06,,,,,
노원구,11350,상계동,202606,아파트_전월세,상계주공13(고층),상계동,637,49.94,,24150,0,14,29,1989,갱신,26.08~28.08,23000.0,,사용,,
노원구,11350,상계동,202606,아파트_전월세,해링턴플레이스노원센트럴,상계동,690,59.7419,,17300,89,4,29,2025,신규,26.07~28.07,,,,,
노원구,11350,상계동,202606,아파트_전월세,노원롯데캐슬시그니처,상계동,1410,84.999,,15000,160,19,27,2023,신규,26.06~28.06,,,,,
노원구,11350,중계동,202606,아파트_전월세,신동아(366),중계동,366,115.35,,92000,0,9,27,1993,신규,26.10~28.10,,,,,
노원구,11350,상계동,202606,아파트_전월세,상계주공16(고층),상계동,624,58.01,,35000,0,2,27,1988,신규,26.08~28.08,,,,,
노원구,11350,상계동,202606,아파트_전월세,상계주공3(고층),상계동,730-2,58.01,,25200,0,3,27,1987,갱신,26.09~28.09,24000.0,,사용,,
노원구,11350,상계동,202606,아파트_전월세,극동늘푸른,상계동,1128,59.958,,40000,0,4,26,2000,신규,26.08~28.08,,,,,
노원구,11350,하계동,202606,아파트_전월세,한신1,하계동,284,27,,500,51,5,9,1988,갱신,26.07~27.07,500.0,49.0,사용,,
노원구,11350,중계동,202606,아파트_전월세,극동의푸른별1차,중계동,600,84.91,,59500,0,14,26,2005,신규,26.08~28.08,,,,,
노원구,11350,월계동,202606,아파트_전월세,초안2,월계동,924,39.6,,15000,0,8,29,1997,갱신,26.06~28.06,15000.0,,사용,,
노원구,11350,상계동,202606,아파트_전월세,한신2차,상계동,451,58.46,,26000,0,11,29,1988,갱신,26.06~28.06,25000.0,,사용,,
노원구,11350,중계동,202606,아파트_전월세,동진,중계동,103,38.79,,15000,0,5,27,1988,신규,26.08~28.08,,,,,
노원구,11350,중계동,202606,아파트_전월세,한화꿈에그린,중계동,598,84.902,,68000,0,3,26,2005,신규,26.08~28.08,,,,,
노원구,11350,상계동,202606,아파트_전월세,포레나노원,상계동,680,59.9866,,20000,220,12,27,2020,신규,26.09~28.09,,,,,
노원구,11350,상계동,202606,아파트_전월세,한신3차,상계동,458,60.44,,20000,70,11,27,1990,신규,26.09~28.09,,,,,
노원구,11350,상계동,202606,아파트_전월세,상계주공9(고층),상계동,670,49.94,,30000,0,2,27,1988,신규,26.09~28.09,,,,,
노원구,11350,중계동,202606,아파트_전월세,양지마을(대림)1,중계동,587,114.96,,75000,0,17,10,1998,갱신,26.07~28.07,75000.0,,사용,,
노원구,11350,월계동,202606,아파트_전월세,삼호3,월계동,13,59.22,,20550,0,4,23,1986,갱신,26.09~28.09,19600.0,,,,
노원구,11350,공릉동,202606,아파트_전월세,두산힐스빌아파트,공릉동,747,60,,36000,0,10,27,2000,갱신,26.07~27.07,36000.0,,,,
노원구,11350,공릉동,202606,아파트_전월세,풍림아파트A,공릉동,725,84.99,,55000,0,12,13,2001,신규,26.09~28.09,,,,,
노원구,11350,상계동,202606,아파트_전월세,수락리버시티3단지,상계동,1312,49.93,,2827,33,7,29,2009,갱신,26.07~28.06,4165.0,29.0,,,
노원구,11350,상계동,202606,아파트_전월세,보람아파트,상계동,639,79.25,,40400,0,4,27,1988,갱신,26.07~28.07,38500.0,,사용,,
노원구,11350,중계동,202606,아파트_전월세,주공7,중계동,363-1,44.1,,1000,95,12,27,1993,신규,26.08~27.02,,,,,
노원구,11350,중계동,202606,아파트_전월세,중계그린1단지,중계동,502-1,49.5,,31500,0,9,20,1990,갱신,26.07~28.07,30000.0,,사용,,
노원구,11350,상계동,202606,아파트_전월세,현대2차,상계동,1078,82.68,,42000,0,5,29,1993,갱신,26.07~28.07,40000.0,,사용,,
노원구,11350,중계동,202606,아파트_전월세,신안,중계동,590,59.97,,50000,0,6,27,1999,신규,26.09~28.09,,,,,
노원구,11350,상계동,202606,아파트_전월세,노원센트럴푸르지오,상계동,1355,59.994,,40000,0,1,28,2021,신규,26.09~28.09,,,,,
노원구,11350,상계동,202606,아파트_전월세,상계주공3(고층),상계동,730-2,58.01,,12000,90,15,27,1987,신규,26.08~28.08,,,,,
노원구,11350,월계동,202606,아파트_전월세,풍림아이원,월계동,944,59.149,,42000,0,12,27,2005,갱신,26.07~28.07,40000.0,,사용,,
노원구,11350,월계동,202606,아파트_전월세,사슴3,월계동,320-11,33.18,,2000,80,12,25,1995,신규,26.07~28.07,,,,,
노원구,11350,월계동,202606,아파트_전월세,한진한화그랑빌,월계동,18,59.94,,45000,0,16,27,2002,갱신,26.10~28.10,33000.0,,,,
노원구,11350,상계동,202606,아파트_전월세,상계주공9(고층),상계동,670,45.9,,2000,100,7,28,1988,신규,26.07~28.07,,,,,
노원구,11350,중계동,202606,아파트_전월세,주공4,중계동,358-2,59.39,,38000,0,12,27,1991,갱신,26.09~28.01,34000.0,,,,
노원구,11350,월계동,202606,아파트_전월세,한진한화그랑빌,월계동,18,84.97,,60000,0,4,23,2002,신규,26.08~28.08,,,,,
노원구,11350,월계동,202606,아파트_전월세,한진한화그랑빌,월계동,18,114.97,,60900,0,18,3,2002,갱신,26.07~28.07,58000.0,,사용,,
노원구,11350,상계동,202606,아파트_전월세,상계주공1(고층),상계동,765,32.39,,18000,0,6,24,1988,신규,26.07~28.07,,,,,
노원구,11350,상계동,202606,아파트_전월세,"상계주공15(고층,공무원임대)",상계동,624,41.3,,6815,16,9,18,1988,갱신,26.09~28.09,10385.0,6.0,,,
노원구,11350,상계동,202606,아파트_전월세,"상계주공15(고층,공무원임대)",상계동,624,41.3,,12501,0,1,29,1988,신규,26.07~28.07,,,,,
노원구,11350,상계동,202606,아파트_전월세,"상계주공15(고층,공무원임대)",상계동,624,49.94,,17103,0,15,27,1988,신규,26.07~28.07,,,,,
노원구,11350,중계동,202606,아파트_전월세,주공5,중계동,359-1,58.46,,45000,0,11,25,1992,신규,26.11~28.11,,,,,
노원구,11350,상계동,202606,아파트_전월세,"상계주공15(고층,공무원임대)",상계동,624,49.94,,5053,27,4,25,1988,갱신,26.09~28.07,11230.0,11.0,,,
노원구,11350,월계동,202606,아파트_전월세,미륭,월계동,13,51.48,,22500,0,13,13,1986,갱신,26.08~28.08,22500.0,,사용,,
노원구,11350,중계동,202606,아파트_전월세,중계그린1단지,중계동,502-1,49.5,,2500,100,2,25,1990,갱신,26.06~28.06,2500.0,85.0,,,
노원구,11350,상계동,202606,아파트_전월세,상계주공7(고층),상계동,691,49.94,,33000,0,4,26,1988,갱신,26.07~28.07,22000.0,,,,
노원구,11350,중계동,202606,아파트_전월세,주공6,중계동,364-12,44.1,,10000,60,15,26,1993,신규,26.08~28.08,,,,,
노원구,11350,월계동,202606,아파트_전월세,미성,월계동,13,50.14,,28000,0,14,20,1986,신규,26.07~28.07,,,,,
노원구,11350,공릉동,202606,아파트_전월세,풍림아파트B,공릉동,727,31.32,,1000,55,8,20,2001,신규,26.07~28.07,,,,,
노원구,11350,공릉동,202606,아파트_전월세,청솔아파트9,공릉동,90,84.9,,20000,98,2,25,2000,갱신,26.06~28.06,20000.0,90.0,사용,,
노원구,11350,상계동,202606,아파트_전월세,상계주공2(저층),상계동,740,46.04,,2000,85,5,26,1987,신규,26.08~28.08,,,,,
노원구,11350,월계동,202606,아파트_전월세,미륭,월계동,13,51.48,,22500,0,4,24,1986,갱신,26.06~28.06,19800.0,,,,
노원구,11350,상계동,202606,아파트_전월세,벽산,상계동,173-1,75.03,,31000,0,6,26,1989,신규,26.06~27.02,,,,,
노원구,11350,상계동,202606,아파트_전월세,상계주공5(저층),상계동,721,31.98,,500,45,5,26,1987,신규,26.06~28.06,,,,,
노원구,11350,상계동,202606,아파트_전월세,"상계주공15(고층,공무원임대)",상계동,624,49.94,,16846,0,6,25,1988,갱신,26.08~27.10,16044.0,,,,
노원구,11350,중계동,202606,아파트_전월세,중계무지개,중계동,512,49.89,,30000,0,14,20,1991,갱신,26.06~28.06,30000.0,,,,
노원구,11350,상계동,202606,아파트_전월세,상계주공6(고층),상계동,720,59.28,,35000,0,13,25,1988,신규,26.10~28.10,,,,,
노원구,11350,월계동,202606,아파트_전월세,성원(사슴4),월계동,322-1,59.94,,6000,64,2,26,1995,갱신,26.06~28.06,7000.0,51.0,,,
노원구,11350,상계동,202606,아파트_전월세,상계주공11(고층),상계동,652,41.3,,2000,85,3,18,1988,신규,26.06~28.06,,,,,
노원구,11350,공릉동,202606,아파트_전월세,공릉아파트,공릉동,110,33.18,,472,18,11,17,1999,신규,26.07~28.09,,,,,
노원구,11350,상계동,202606,아파트_전월세,상계주공4(고층),상계동,749-5,38,,12000,32,3,21,1988,갱신,26.06~28.06,12000.0,30.0,사용,,
노원구,11350,상계동,202606,아파트_전월세,상계주공13(고층),상계동,637,49.94,,17100,20,12,26,1989,갱신,26.07~28.07,17100.0,,,,
노원구,11350,중계동,202606,아파트_전월세,중계그린1단지,중계동,502-1,39.92,,1000,82,9,19,1990,갱신,26.07~28.07,1000.0,78.0,사용,,
노원구,11350,하계동,202606,아파트_전월세,장미(시영6),하계동,273,39.92,,24000,0,12,25,1989,신규,26.09~28.09,,,,,
노원구,11350,상계동,202606,아파트_전월세,상계주공16(고층),상계동,624,59.39,,20700,0,1,26,1988,신규,26.09~28.09,,,,,
노원구,11350,중계동,202606,아파트_전월세,주공2,중계동,369,44.52,,19100,0,10,25,1992,갱신,26.06~28.06,19000.0,,사용,,
노원구,11350,월계동,202606,아파트_전월세,사슴3,월계동,320-11,33.18,,2000,80,14,15,1995,신규,26.06~28.06,,,,,
노원구,11350,상계동,202606,아파트_전월세,은빛2단지,상계동,1256,39.7,,2000,105,14,15,1998,신규,26.07~28.07,,,,,
노원구,11350,하계동,202606,아파트_전월세,학여울청구,하계동,354,84.77,,47000,0,10,11,1999,갱신,26.06~28.06,45000.0,,,,
노원구,11350,상계동,202606,아파트_전월세,상계주공7(고층),상계동,691,45.9,,2000,85,10,25,1988,신규,26.08~28.08,,,,,
노원구,11350,중계동,202606,아파트_전월세,주공2,중계동,369,44.52,,5000,70,9,26,1992,신규,26.07~28.07,,,,,
노원구,11350,상계동,202606,아파트_전월세,미도,상계동,766-1,87.57,,45150,0,7,23,1988,갱신,26.07~28.07,43000.0,,사용,,
노원구,11350,중계동,202606,아파트_전월세,주공7,중계동,363-1,44.1,,23800,0,8,26,1993,갱신,26.08~28.08,22000.0,,,,
노원구,11350,중계동,202606,아파트_전월세,중계그린1단지,중계동,502-1,49.5,,34000,0,2,20,1990,신규,26.07~28.07,,,,,
노원구,11350,상계동,202606,아파트_전월세,상계주공6(고층),상계동,720,49.94,,20150,0,15,2,1988,갱신,26.06~28.06,19200.0,,,,
노원구,11350,하계동,202606,아파트_전월세,장미(시영6),하계동,273,49.75,,22000,0,1,9,1989,갱신,26.06~28.06,20000.0,,,,
노원구,11350,상계동,202606,아파트_전월세,상계주공12(고층),상계동,647,41.3,,5000,100,8,6,1988,신규,26.06~28.06,,,,,
노원구,11350,상계동,202606,아파트_전월세,한신3차,상계동,458,84.59,,52000,0,12,25,1990,신규,26.09~28.09,,,,,
노원구,11350,상계동,202606,아파트_전월세,상계주공13(고층),상계동,637,49.94,,16000,43,9,20,1989,신규,26.08~28.08,,,,,
노원구,11350,하계동,202606,아파트_전월세,청솔(시영7),하계동,274,39.78,,26000,0,10,25,1989,신규,26.07~28.07,,,,,
노원구,11350,월계동,202606,아파트_전월세,성북역신도브래뉴,월계동,941,84.8437,,12100,150,8,3,2005,갱신,26.07~28.07,12100.0,102.0,사용,,
노원구,11350,하계동,202606,아파트_전월세,벽산,하계동,271-3,70.56,,47000,0,11,23,1988,갱신,26.07~28.07,40500.0,,,,
노원구,11350,하계동,202606,아파트_전월세,학여울청구,하계동,354,84.77,,52000,0,5,13,1999,갱신,26.07~28.07,46000.0,,,,
노원구,11350,상계동,202606,아파트_전월세,상계주공12(고층),상계동,647,41.3,,18900,0,15,25,1988,갱신,26.07~28.07,18000.0,,사용,,
노원구,11350,공릉동,202606,아파트_전월세,태강아파트(아이파크),공릉동,81,49.6,,31500,0,14,25,1999,갱신,26.07~28.07,30000.0,,사용,,
노원구,11350,상계동,202606,아파트_전월세,보람아파트,상계동,639,54.59,,4000,110,14,22,1988,신규,26.08~28.08,,,,,
노원구,11350,월계동,202606,아파트_전월세,삼호4,월계동,12,50.18,,30000,0,14,25,1987,신규,26.08~28.08,,,,,
노원구,11350,상계동,202606,아파트_전월세,상계주공12(고층),상계동,647,58.01,,29925,0,11,25,1988,갱신,26.08~28.08,28500.0,,사용,,
노원구,11350,상계동,202606,아파트_전월세,상계주공11(고층),상계동,652,41.3,,1000,78,2,10,1988,갱신,26.09~28.09,1000.0,75.0,,,
노원구,11350,상계동,202606,아파트_전월세,상계주공16(고층),상계동,624,45.77,,18000,0,4,22,1988,갱신,26.07~28.07,18000.0,,,,
노원구,11350,상계동,202606,아파트_전월세,"상계주공15(고층,공무원임대)",상계동,624,41.3,,13890,0,11,24,1988,신규,26.07~28.07,,,,,
노원구,11350,상계동,202606,아파트_전월세,"상계주공15(고층,공무원임대)",상계동,624,41.3,,2778,32,10,19,1988,신규,26.07~28.07,,,,,
노원구,11350,상계동,202606,아파트_전월세,"상계주공15(고층,공무원임대)",상계동,624,49.94,,17103,0,4,25,1988,갱신,26.08~28.08,16349.0,,,,
노원구,11350,상계동,202606,아파트_전월세,"상계주공15(고층,공무원임대)",상계동,624,49.94,,10774,13,1,25,1988,갱신,26.10~28.10,10871.0,16.0,,,
노원구,11350,중계동,202606,아파트_전월세,중계무지개,중계동,512,49.54,,27300,0,3,11,1991,갱신,26.08~28.08,26000.0,,사용,,
노원구,11350,하계동,202606,아파트_전월세,청솔(시영7),하계동,274,39.78,,4000,74,7,24,1989,갱신,26.08~28.08,4000.0,70.0,사용,,
노원구,11350,상계동,202606,아파트_전월세,상계주공14(고층),상계동,626,45.9,,15750,0,13,23,1989,갱신,26.09~28.09,15000.0,,사용,,
노원구,11350,상계동,202606,아파트_전월세,소담빌,상계동,330-29,14.65,,500,62,9,20,2014,신규,26.06~28.06,,,,,
노원구,11350,공릉동,202606,아파트_전월세,공릉해링턴플레이스,공릉동,106,99.917,,20000,180,12,25,2000,신규,26.08~28.08,,,,,
노원구,11350,상계동,202606,아파트_전월세,상계주공10(고층),상계동,666,49.94,,3000,75,13,25,1988,갱신,26.06~28.06,3000.0,70.0,,,
노원구,11350,하계동,202606,아파트_전월세,장미(시영6),하계동,273,59.87,,40000,0,7,10,1989,신규,26.10~28.10,,,,,
노원구,11350,상계동,202606,아파트_전월세,상계주공14(저층),상계동,626,84.41,,42000,0,3,25,1989,갱신,26.06~28.06,37000.0,,,,
노원구,11350,상계동,202606,아파트_전월세,상계주공3(고층),상계동,730-2,73.94,,39800,0,4,25,1987,갱신,26.06~28.06,38000.0,,,,
노원구,11350,중계동,202606,아파트_전월세,상아,중계동,505,51.29,,13000,63,6,11,1989,갱신,26.07~28.07,13000.0,60.0,사용,,
노원구,11350,공릉동,202606,아파트_전월세,신명아파트,공릉동,382-14,114.97,,20000,70,9,15,1995,신규,26.08~28.08,,,,,
노원구,11350,상계동,202606,아파트_전월세,상계대림,상계동,172,84.91,,10000,80,10,25,1989,갱신,26.07~28.07,10000.0,50.0,,,
노원구,11350,중계동,202606,아파트_전월세,주공2,중계동,369,44.52,,22000,0,10,24,1992,갱신,26.06~28.06,19000.0,,,,
노원구,11350,상계동,202606,아파트_전월세,"상계주공15(고층,공무원임대)",상계동,624,41.3,,2500,23,1,25,1988,갱신,26.07~28.07,2466.0,23.0,,,
노원구,11350,중계동,202606,아파트_전월세,중계그린1단지,중계동,502-1,39.91,,2000,105,11,3,1990,신규,26.08~28.08,,,,,
노원구,11350,상계동,202606,아파트_전월세,상계주공14(고층),상계동,626,45.9,,15000,40,11,4,1989,신규,26.08~28.08,,,,,
노원구,11350,상계동,202606,아파트_전월세,보람아파트,상계동,639,44.33,,23100,0,2,23,1988,갱신,26.08~28.07,22000.0,,사용,,
노원구,11350,공릉동,202606,아파트_전월세,태릉해링턴플레이스,공릉동,758,74.95,,60900,0,12,13,2022,갱신,26.08~28.08,58000.0,,사용,,
노원구,11350,상계동,202606,아파트_전월세,"상계주공15(고층,공무원임대)",상계동,624,41.3,,10723,6,15,23,1988,갱신,26.12~28.07,10212.0,5.0,,,
노원구,11350,중계동,202606,아파트_전월세,중계무지개,중계동,512,39.82,,2000,80,9,5,1991,신규,26.06~28.06,,,,,
노원구,11350,상계동,202606,아파트_전월세,우림루미아트1,상계동,1306,84.887,,41500,0,15,24,2004,갱신,26.07~28.07,40000.0,,사용,,
노원구,11350,하계동,202606,아파트_전월세,현대,하계동,270,71.68,,37000,50,5,25,1988,갱신,26.06~28.08,36900.0,,,,
노원구,11350,하계동,202606,아파트_전월세,장미(시영6),하계동,273,49.75,,33000,0,15,25,1989,신규,26.10~28.10,,,,,
노원구,11350,중계동,202606,아파트_전월세,주공6,중계동,364-12,44.1,,21500,0,5,24,1993,갱신,26.06~28.06,20500.0,,사용,,
노원구,11350,중계동,202606,아파트_전월세,주공6,중계동,364-12,44.1,,1000,100,11,23,1993,갱신,26.10~28.10,500.0,68.0,,,
노원구,11350,중계동,202606,아파트_전월세,주공5,중계동,359-1,38.64,,1000,90,9,4,1992,신규,26.06~28.06,,,,,
노원구,11350,월계동,202606,아파트_전월세,성원(사슴4),월계동,322-1,49.92,,24500,0,5,24,1995,갱신,26.07~28.07,23500.0,,,,
노원구,11350,월계동,202606,아파트_전월세,한진한화그랑빌,월계동,18,84.97,,52500,0,9,25,2002,갱신,26.07~28.07,50000.0,,사용,,
노원구,11350,하계동,202606,아파트_전월세,한신1,하계동,284,27,,12500,0,9,17,1988,갱신,26.06~28.06,12000.0,,사용,,
노원구,11350,월계동,202606,아파트_전월세,삼호4,월계동,12,59.49,,27800,0,14,24,1987,갱신,26.07~28.07,26500.0,,사용,,
노원구,11350,상계동,202606,아파트_전월세,수락리버시티4단지,상계동,1313,59.9,,5659,37,5,24,2009,신규,26.07~28.09,,,,,
노원구,11350,상계동,202606,아파트_전월세,상계2차중앙하이츠,상계동,1282,59.82,,25000,100,12,24,1998,신규,26.08~28.08,,,,,
노원구,11350,상계동,202606,아파트_전월세,은빛3단지,상계동,1264,39.84,,2843,6,9,25,1998,갱신,26.07~28.06,1263.0,14.0,,,
노원구,11350,월계동,202606,아파트_전월세,월계센트럴아이파크,월계동,951,59.99,,13200,48,16,25,2020,갱신,26.07~28.06,12640.0,45.0,,,
노원구,11350,상계동,202606,아파트_전월세,상계주공9(고층),상계동,670,45.9,,3000,100,12,23,1988,신규,26.07~28.07,,,,,
노원구,11350,중계동,202606,아파트_전월세,동진,중계동,103,38.79,,15000,0,2,13,1988,갱신,26.08~28.08,1000.0,50.0,,,
노원구,11350,공릉동,202606,아파트_전월세,공릉아파트,공릉동,110,33.18,,2795,8,15,17,1999,신규,26.07~28.09,,,,,
노원구,11350,상계동,202606,아파트_전월세,상계주공16(고층),상계동,624,59.39,,39000,0,10,19,1988,신규,26.09~28.09,,,,,
노원구,11350,상계동,202606,아파트_전월세,상계주공13(고층),상계동,637,45.9,,22000,0,8,11,1989,신규,26.09~28.09,,,,,
노원구,11350,월계동,202606,아파트_전월세,풍림아이원,월계동,944,84.303,,60000,0,1,24,2005,신규,26.08~28.08,,,,,
노원구,11350,상계동,202606,아파트_전월세,상계주공14(고층),상계동,626,49.94,,5000,100,15,24,1989,신규,26.08~28.08,,,,,
노원구,11350,상계동,202606,아파트_전월세,상계주공3(고층),상계동,730-2,58.01,,40000,0,2,24,1987,신규,26.09~28.09,,,,,
노원구,11350,중계동,202606,아파트_전월세,금호타운(583),중계동,583,84.98,,55000,0,1,8,1997,신규,26.09~28.09,,,,,
노원구,11350,상계동,202606,아파트_전월세,상계주공13(고층),상계동,637,41.3,,13800,0,4,3,1989,갱신,26.08~28.08,13200.0,,,,
노원구,11350,월계동,202606,아파트_전월세,한진한화그랑빌,월계동,18,139.08,,70000,0,12,24,2002,신규,26.09~28.09,,,,,
노원구,11350,상계동,202606,아파트_전월세,상계주공14(고층),상계동,626,45.9,,18900,0,13,24,1989,갱신,26.08~28.08,18000.0,,사용,,
노원구,11350,상계동,202606,아파트_전월세,"상계주공15(고층,공무원임대)",상계동,624,49.94,,3420,40,13,24,1988,신규,26.07~28.07,,,,,
노원구,11350,월계동,202606,아파트_전월세,동신,월계동,436,93.39,,20000,0,4,21,1983,갱신,26.06~26.09,21000.0,,,,
노원구,11350,상계동,202606,아파트_전월세,건영,상계동,1321,84.77,,32000,0,6,8,2003,신규,26.06~28.06,,,,,
노원구,11350,상계동,202606,아파트_전월세,상계주공12(고층),상계동,647,41.3,,25000,0,6,13,1988,신규,26.07~28.07,,,,,
노원구,11350,중계동,202606,아파트_전월세,주공6,중계동,364-12,44.1,,21000,0,11,20,1993,갱신,26.08~28.08,20000.0,,사용,,
노원구,11350,공릉동,202606,아파트_전월세,비선아파트,공릉동,109,49.28,,25515,0,9,24,1999,갱신,26.07~28.07,24300.0,,,,
노원구,11350,공릉동,202606,아파트_전월세,삼익아파트,공릉동,690-2,59.89,,41000,0,4,23,1997,신규,26.09~28.09,,,,,
노원구,11350,중계동,202606,아파트_전월세,중계그린1단지,중계동,502-1,39.78,,2000,85,1,9,1990,신규,26.07~28.07,,,,,
노원구,11350,상계동,202606,아파트_전월세,상계주공14(고층),상계동,626,45.55,,20400,0,12,18,1989,갱신,26.07~28.07,19500.0,,사용,,
노원구,11350,공릉동,202606,아파트_전월세,(683-30),공릉동,683-30,20,,14800,4,4,24,2019,신규,26.08~28.08,,,,,
노원구,11350,중계동,202606,아파트_전월세,주공2,중계동,369,44.52,,26000,0,8,17,1992,신규,26.07~28.07,,,,,
노원구,11350,중계동,202606,아파트_전월세,중계무지개,중계동,512,39.96,,26000,0,4,19,1991,신규,26.09~28.09,,,,,
노원구,11350,중계동,202606,아파트_전월세,경남,중계동,505,50.97,,3000,105,8,13,1989,갱신,26.06~28.06,3000.0,100.0,사용,,
노원구,11350,상계동,202606,아파트_전월세,"상계주공15(고층,공무원임대)",상계동,624,49.94,,17103,0,13,24,1988,신규,26.07~28.07,,,,,
노원구,11350,중계동,202606,아파트_전월세,주공2,중계동,369,44.52,,2000,87,5,23,1992,신규,26.07~28.07,,,,,
노원구,11350,월계동,202606,아파트_전월세,미성,월계동,13,33.28,,8000,0,4,23,1986,갱신,26.06~27.12,1000.0,39.0,,,
노원구,11350,상계동,202606,아파트_전월세,벽산,상계동,173-1,46.8,,24000,0,13,5,1989,신규,26.07~28.07,,,,,
노원구,11350,상계동,202606,아파트_전월세,상계주공14(고층),상계동,626,41.3,,2790,52,6,24,1989,갱신,26.07~28.07,2000.0,52.0,,,
노원구,11350,공릉동,202606,아파트_전월세,태릉우성아파트,공릉동,254,84.97,,38000,0,5,20,1985,갱신,26.06~28.06,38000.0,,사용,,
노원구,11350,월계동,202606,아파트_전월세,사슴3,월계동,320-11,33.18,,1500,55,10,3,1995,갱신,26.07~28.07,1500.0,50.0,,,
노원구,11350,상계동,202606,아파트_전월세,"상계주공15(고층,공무원임대)",상계동,624,49.94,,16846,0,6,23,1988,갱신,26.09~28.09,16044.0,,,,
노원구,11350,상계동,202606,아파트_전월세,상계주공16(고층),상계동,624,45.77,,23500,0,15,20,1988,신규,26.09~28.09,,,,,
노원구,11350,상계동,202606,아파트_전월세,포레나노원,상계동,680,74.9561,,68000,0,21,24,2020,갱신,26.09~28.09,65000.0,,사용,,
노원구,11350,공릉동,202606,아파트_전월세,삼익4단지아파트,공릉동,714,49.5,,33000,0,8,22,1994,신규,26.08~28.08,,,,,
노원구,11350,상계동,202606,아파트_전월세,상계주공7(고층),상계동,691,58.01,,28000,0,4,24,1988,갱신,26.06~27.04,25000.0,,,,
노원구,11350,중계동,202606,아파트_전월세,삼창타워주상프라자,중계동,584-1,59.39,,1000,82,14,23,1997,갱신,26.06~28.06,1000.0,78.0,,,
노원구,11350,상계동,202606,아파트_전월세,상계주공3(고층),상계동,730-2,41.3,,20000,0,6,18,1987,갱신,26.07~26.10,20000.0,,,,
노원구,11350,하계동,202606,아파트_전월세,장미(시영6),하계동,273,39.92,,25000,0,9,18,1989,신규,26.08~28.08,,,,,
노원구,11350,중계동,202606,아파트_전월세,중계그린1단지,중계동,502-1,49.5,,23000,0,10,23,1990,갱신,26.08~28.08,23000.0,,사용,,
노원구,11350,하계동,202606,아파트_전월세,현대,하계동,270,84.95,,49300,0,8,24,1988,갱신,26.08~28.08,47000.0,,사용,,
노원구,11350,상계동,202606,아파트_전월세,상계주공11(고층),상계동,652,59.2,,22050,0,8,22,1988,갱신,26.07~28.07,21000.0,,사용,,
노원구,11350,중계동,202606,아파트_전월세,동도센트리움(601),중계동,601,84.983,,72000,0,6,20,2005,신규,26.09~28.09,,,,,
노원구,11350,상계동,202606,아파트_전월세,상계주공6(고층),상계동,720,49.94,,20890,0,13,24,1988,갱신,26.07~28.07,20890.0,,사용,,
노원구,11350,월계동,202606,아파트_전월세,현대,월계동,929,59.95,,30000,50,13,23,2000,신규,26.09~28.09,,,,,
노원구,11350,중계동,202606,아파트_전월세,중계그린1단지,중계동,502-1,39.92,,2000,79,12,24,1990,갱신,26.09~28.09,2000.0,75.0,사용,,
노원구,11350,하계동,202606,아파트_전월세,청솔(시영7),하계동,274,49.5,,26250,0,8,23,1989,갱신,26.07~28.07,25000.0,,사용,,
노원구,11350,공릉동,202606,아파트_전월세,태릉해링턴플레이스,공릉동,758,59.98,,10000,170,17,1,2022,신규,26.08~28.08,,,,,
노원구,11350,중계동,202606,아파트_전월세,중계그린1단지,중계동,502-1,49.5,,24100,0,6,20,1990,갱신,26.07~28.07,23000.0,,사용,,
노원구,11350,공릉동,202606,아파트_전월세,태릉우성아파트,공릉동,254,66.87,,35000,0,4,17,1985,신규,26.07~28.07,,,,,
노원구,11350,상계동,202606,아파트_전월세,우림루미아트1,상계동,1306,84.887,,41500,0,15,24,2004,갱신,26.07~28.07,40000.0,,사용,,
노원구,11350,중계동,202606,아파트_전월세,중계3벽산,중계동,592,59.88,,5000,95,10,10,1999,갱신,26.07~27.02,5000.0,90.0,사용,,
노원구,11350,중계동,202606,아파트_전월세,주공2,중계동,369,44.52,,18000,0,7,19,1992,신규,26.08~28.08,,,,,
노원구,11350,상계동,202606,아파트_전월세,상계주공12(고층),상계동,647,41.3,,2000,74,6,20,1988,갱신,26.07~28.07,2000.0,70.0,사용,,
노원구,11350,상계동,202606,아파트_전월세,보람아파트,상계동,639,68.99,,5000,130,6,20,1988,신규,26.09~28.09,,,,,
노원구,11350,상계동,202606,아파트_전월세,상계주공11(고층),상계동,652,49.94,,22000,0,6,22,1988,갱신,26.06~28.06,20000.0,,,,
노원구,11350,상계동,202606,아파트_전월세,보람아파트,상계동,639,54.59,,30000,0,15,13,1988,신규,26.08~28.08,,,,,
노원구,11350,상계동,202606,아파트_전월세,"상계주공15(고층,공무원임대)",상계동,624,41.3,,2500,23,1,19,1988,갱신,26.09~28.09,2466.0,23.0,,,
노원구,11350,상계동,202606,아파트_전월세,수락리버시티4단지,상계동,1313,39.81,,6917,1,4,23,2009,갱신,26.07~28.06,2857.0,22.0,,,
노원구,11350,상계동,202606,아파트_전월세,상계주공11(고층),상계동,652,49.94,,24500,0,5,23,1988,갱신,26.06~27.07,19500.0,,,,
노원구,11350,상계동,202606,아파트_전월세,상계주공10(고층),상계동,666,68.86,,30000,0,4,23,1988,갱신,26.08~28.05,28600.0,,사용,,
노원구,11350,중계동,202606,아파트_전월세,주공2,중계동,369,44.52,,25000,0,4,23,1992,갱신,26.06~28.06,20000.0,,,,
노원구,11350,하계동,202606,아파트_전월세,장미(시영6),하계동,273,49.5,,26250,0,12,23,1989,갱신,26.07~28.07,25000.0,,사용,,
노원구,11350,상계동,202606,아파트_전월세,수락산벨리체,상계동,1265,114.92,,59850,0,11,23,2000,갱신,26.06~28.06,57000.0,,사용,,
노원구,11350,월계동,202606,아파트_전월세,풍림아이원,월계동,944,84.303,,65000,0,12,22,2005,신규,26.09~28.09,,,,,
노원구,11350,월계동,202606,아파트_전월세,미륭,월계동,13,51.48,,23000,0,2,23,1986,신규,26.08~28.08,,,,,
노원구,11350,하계동,202606,아파트_전월세,현대,하계동,270,84.95,,46000,16,1,23,1988,갱신,26.07~28.07,48000.0,,사용,,
노원구,11350,중계동,202606,아파트_전월세,주공2,중계동,369,44.52,,25000,0,4,23,1992,갱신,26.06~28.06,20000.0,,,,
노원구,11350,중계동,202606,아파트_전월세,중계무지개,중계동,512,39.96,,3000,85,10,4,1991,신규,26.06~28.06,,,,,
노원구,11350,하계동,202606,아파트_전월세,한신1,하계동,284,27,,5000,32,8,19,1988,갱신,26.06~28.06,5000.0,29.0,사용,,
노원구,11350,월계동,202606,아파트_전월세,미륭,월계동,13,51.48,,25000,20,7,21,1986,신규,26.10~28.10,,,,,
노원구,11350,월계동,202606,아파트_전월세,한진한화그랑빌,월계동,18,59.94,,4000,160,2,16,2002,신규,26.08~28.08,,,,,
노원구,11350,중계동,202606,아파트_전월세,중계무지개,중계동,512,49.89,,37000,0,8,23,1991,신규,26.10~28.10,,,,,
노원구,11350,상계동,202606,아파트_전월세,상계주공16(고층),상계동,624,79.07,,38000,0,7,23,1988,갱신,26.06~28.06,30000.0,,,,
노원구,11350,중계동,202606,아파트_전월세,주공5,중계동,359-1,76.51,,57000,0,15,6,1992,갱신,26.06~28.06,50000.0,,,,
노원구,11350,상계동,202606,아파트_전월세,중계센트럴파크,상계동,1322,84.13,,66000,0,5,20,2016,신규,26.09~28.09,,,,,
노원구,11350,상계동,202606,아파트_전월세,은빛3단지,상계동,1264,33.87,,2468,5,11,23,1998,갱신,26.07~28.06,1073.0,12.0,,,
노원구,11350,하계동,202606,아파트_전월세,장미(시영6),하계동,273,49.5,,5000,100,8,20,1989,신규,26.08~28.08,,,,,
노원구,11350,공릉동,202606,아파트_전월세,시영3차(라이프)아파트,공릉동,715,34.44,,2000,70,14,19,1994,신규,26.07~28.07,,,,,
노원구,11350,상계동,202606,아파트_전월세,상계주공9(고층),상계동,670,49.94,,1550,95,1,23,1988,갱신,26.06~27.06,1550.0,75.0,,,
노원구,11350,상계동,202606,아파트_전월세,은빛3단지,상계동,1264,33.87,,2417,5,13,23,1998,갱신,26.07~28.06,1073.0,12.0,,,
노원구,11350,월계동,202606,아파트_전월세,꿈의숲SKVIEW,월계동,949,84.95,,60000,0,3,12,2016,갱신,26.06~28.06,50000.0,,,,
노원구,11350,상계동,202606,아파트_전월세,상계주공2(고층),상계동,740,41.3,,22000,0,10,23,1987,갱신,26.08~28.08,21000.0,,사용,,
노원구,11350,상계동,202606,아파트_전월세,대동황토방,상계동,1284,60,,36500,0,1,20,2001,신규,26.07~28.07,,,,,
노원구,11350,공릉동,202606,아파트_전월세,비선아파트,공릉동,109,48.6,,34000,0,1,23,1999,신규,26.09~28.09,,,,,
노원구,11350,중계동,202606,아파트_전월세,주공2,중계동,369,44.52,,26000,0,8,17,1992,신규,26.07~28.07,,,,,
노원구,11350,상계동,202606,아파트_전월세,대동황토방,상계동,1284,60,,36500,0,1,20,2001,신규,26.07~28.07,,,,,
노원구,11350,중계동,202606,아파트_전월세,청암3단지(582),중계동,582,84.438,,3000,126,1,23,2003,신규,26.09~28.09,,,,,
노원구,11350,상계동,202606,아파트_전월세,불암현대아파트(106동),상계동,1294,27,,2296,6,19,23,1999,신규,26.07~28.06,,,,,
노원구,11350,하계동,202606,아파트_전월세,하계1청구,하계동,251,84.6,,10000,140,14,19,1997,갱신,26.08~28.08,10000.0,130.0,사용,,
노원구,11350,공릉동,202606,아파트_전월세,태강아파트(아이파크),공릉동,81,49.6,,5000,84,3,22,1999,갱신,26.06~28.06,5000.0,80.0,사용,,
노원구,11350,상계동,202606,아파트_전월세,"상계주공15(고층,공무원임대)",상계동,624,41.3,,13890,0,5,22,1988,신규,26.07~28.07,,,,,
노원구,11350,하계동,202606,아파트_전월세,학여울청구,하계동,354,84.77,,32100,70,18,22,1999,갱신,26.06~28.06,32100.0,40.0,,,
노원구,11350,하계동,202606,아파트_전월세,한신1,하계동,284,27,,17850,0,12,20,1988,갱신,26.08~28.08,17000.0,,사용,,
노원구,11350,월계동,202606,아파트_전월세,삼호4,월계동,12,50.18,,19000,30,8,20,1987,갱신,26.07~28.07,18742.0,,,,
노원구,11350,공릉동,202606,아파트_전월세,태강아파트(아이파크),공릉동,81,49.6,,37000,0,8,19,1999,신규,26.09~28.09,,,,,
노원구,11350,상계동,202606,아파트_전월세,동양엔파트,상계동,1305,84.88,,56000,0,11,20,2003,갱신,26.07~28.07,32000.0,80.0,,,
노원구,11350,하계동,202606,아파트_전월세,현대,하계동,270,71.68,,43000,0,2,18,1988,갱신,26.07~28.07,41000.0,,사용,,
노원구,11350,상계동,202606,아파트_전월세,"상계주공15(고층,공무원임대)",상계동,624,41.3,,13890,0,11,22,1988,신규,26.07~28.07,,,,,
노원구,11350,중계동,202606,아파트_전월세,주공6,중계동,364-12,44.1,,1000,95,10,8,1993,신규,26.06~28.06,,,,,
노원구,11350,상계동,202606,아파트_전월세,"상계주공15(고층,공무원임대)",상계동,624,49.94,,3420,40,7,22,1988,신규,26.07~28.07,,,,,
노원구,11350,하계동,202606,아파트_전월세,우성,하계동,270,84.91,,45600,0,15,20,1988,신규,26.08~28.08,,,,,
노원구,11350,월계동,202606,아파트_전월세,미성,월계동,13,50.14,,17350,0,12,19,1986,갱신,26.08~27.08,17350.0,,,,
노원구,11350,중계동,202606,아파트_전월세,주공2,중계동,369,44.52,,24000,0,14,22,1992,갱신,26.06~28.06,18700.0,,,,
노원구,11350,상계동,202606,아파트_전월세,상계주공14(고층),상계동,626,41.3,,2000,90,9,21,1989,신규,26.08~29.08,,,,,
노원구,11350,월계동,202606,아파트_전월세,미성,월계동,13,50.14,,18165,0,9,20,1986,갱신,26.06~28.06,17300.0,,사용,,
노원구,11350,월계동,202606,아파트_전월세,삼호4,월계동,12,50.18,,25000,0,14,20,1987,신규,26.09~28.09,,,,,
노원구,11350,공릉동,202606,아파트_전월세,비선아파트,공릉동,109,49.28,,3000,100,12,20,1999,갱신,26.06~28.06,2000.0,100.0,,,
노원구,11350,월계동,202606,아파트_전월세,롯데캐슬루나,월계동,947,84.9852,,8000,210,10,18,2006,신규,26.08~28.08,,,,,
노원구,11350,중계동,202606,아파트_전월세,금호타운(583),중계동,583,84.98,,42000,30,15,22,1997,갱신,26.06~28.06,40000.0,40.0,사용,,
노원구,11350,상계동,202606,아파트_전월세,상계주공12(고층),상계동,647,49.94,,2000,135,5,16,1988,신규,26.07~28.07,,,,,
노원구,11350,중계동,202606,아파트_전월세,양지마을(대림)2,중계동,588,59.4,,5000,95,5,20,1999,갱신,26.06~28.06,5000.0,90.0,,,
노원구,11350,공릉동,202606,아파트_전월세,비선아파트,공릉동,109,48.6,,37000,0,7,22,1999,신규,26.09~28.09,,,,,
노원구,11350,중계동,202606,아파트_전월세,중계무지개,중계동,512,39.82,,22000,0,6,20,1991,갱신,26.06~28.06,17600.0,,,,
노원구,11350,하계동,202606,아파트_전월세,한신1,하계동,284,27,,1000,63,7,12,1988,갱신,26.08~28.08,1000.0,60.0,사용,,
노원구,11350,상계동,202606,아파트_전월세,상계주공10(저층),상계동,666,54.54,,25200,0,3,20,1988,갱신,26.10~28.10,24000.0,,사용,,
노원구,11350,공릉동,202606,아파트_전월세,삼익4단지아파트,공릉동,714,49.5,,33000,0,8,22,1994,신규,26.08~28.08,,,,,
노원구,11350,공릉동,202606,아파트_전월세,효성아파트,공릉동,742,73.18,,18000,48,1,19,1995,신규,26.07~28.07,,,,,
노원구,11350,중계동,202606,아파트_전월세,주공6,중계동,364-12,44.1,,1000,69,2,22,1993,신규,26.07~28.07,,,,,
노원구,11350,하계동,202606,아파트_전월세,한신1,하계동,284,27,,17000,9,9,20,1988,갱신,26.07~28.07,16000.0,5.0,,,
노원구,11350,월계동,202606,아파트_전월세,미성,월계동,13,50.14,,2000,79,9,13,1986,갱신,26.06~28.06,2000.0,75.0,사용,,
노원구,11350,상계동,202606,아파트_전월세,상계주공2(고층),상계동,740,60.5,,28350,0,3,19,1987,갱신,26.07~28.07,27000.0,,사용,,
노원구,11350,중계동,202606,아파트_전월세,주공6,중계동,364-12,44.1,,18900,0,7,19,1993,갱신,26.07~28.07,18000.0,,사용,,
노원구,11350,상계동,202606,아파트_전월세,상계주공7(고층),상계동,691,59.39,,30000,0,4,16,1988,신규,26.06~28.06,,,,,
노원구,11350,공릉동,202606,아파트_전월세,태강아파트(아이파크),공릉동,81,59.34,,29000,55,9,20,1999,신규,26.09~28.09,,,,,
노원구,11350,상계동,202606,아파트_전월세,노원롯데캐슬시그니처,상계동,1410,59.975,,30000,150,26,6,2023,신규,26.08~28.08,,,,,
노원구,11350,공릉동,202606,아파트_전월세,태릉우성아파트,공릉동,254,66.87,,23000,80,9,5,1985,신규,26.07~28.07,,,,,
노원구,11350,상계동,202606,아파트_전월세,소담빌,상계동,330-29,14.65,,500,60,7,17,2014,신규,26.06~27.06,,,,,
노원구,11350,상계동,202606,아파트_전월세,상계주공14(고층),상계동,626,49.94,,5000,100,13,17,1989,신규,26.10~28.10,,,,,
노원구,11350,상계동,202606,아파트_전월세,상계주공10(고층),상계동,666,49.94,,19500,0,1,21,1988,신규,26.08~28.08,,,,,
노원구,11350,상계동,202606,아파트_전월세,상계주공12(고층),상계동,647,41.3,,16000,5,1,21,1988,신규,26.07~27.10,,,,,
노원구,11350,상계동,202606,아파트_전월세,신이모닝빌,상계동,1298,84.9698,,25000,70,2,22,2002,신규,26.06~27.06,,,,,
노원구,11350,상계동,202606,아파트_전월세,상계주공1(고층),상계동,765,32.39,,13000,30,12,19,1988,신규,26.07~28.07,,,,,
노원구,11350,상계동,202606,아파트_전월세,대동황토방,상계동,1284,60,,36500,0,1,20,2001,신규,26.07~28.07,,,,,
노원구,11350,월계동,202606,아파트_전월세,한진한화그랑빌,월계동,18,84.97,,5000,190,19,20,2002,갱신,26.08~28.08,5000.0,180.0,사용,,
노원구,11350,중계동,202606,아파트_전월세,동진신안,중계동,364,134.74,,88000,0,3,17,1993,갱신,26.07~28.07,85000.0,,사용,,
노원구,11350,중계동,202606,아파트_전월세,현대(6차),중계동,34-5,122.685,,45000,120,12,20,2018,신규,26.08~28.08,,,,,
노원구,11350,상계동,202606,아파트_전월세,상계주공9(고층),상계동,670,79.07,,50000,0,11,19,1988,신규,26.09~28.09,,,,,
노원구,11350,월계동,202606,아파트_전월세,한진한화그랑빌,월계동,18,84.97,,65000,0,16,19,2002,신규,26.08~28.08,,,,,
노원구,11350,월계동,202606,아파트_전월세,미성,월계동,13,50.14,,2000,90,5,20,1986,갱신,26.06~28.06,2000.0,85.0,사용,,
노원구,11350,상계동,202606,아파트_전월세,상계주공4(고층),상계동,749-5,73.94,,38000,0,4,21,1988,갱신,26.06~28.06,32000.0,,,,
노원구,11350,상계동,202606,아파트_전월세,상계현대3차,상계동,1063,84.96,,41100,0,9,22,1999,갱신,26.08~28.08,41000.0,,사용,,
노원구,11350,상계동,202606,아파트_전월세,"상계주공15(고층,공무원임대)",상계동,624,49.94,,17103,0,12,22,1988,신규,26.07~28.07,,,,,
노원구,11350,상계동,202606,아파트_전월세,수락산벨리체,상계동,1265,134.94,,60000,20,3,19,2000,신규,26.09~28.09,,,,,
노원구,11350,하계동,202606,아파트_전월세,장미(시영6),하계동,273,39.92,,2000,75,3,20,1989,갱신,26.06~28.06,2000.0,60.0,,,
노원구,11350,중계동,202606,아파트_전월세,삼성,중계동,593,59.9,,45000,0,12,20,1999,신규,26.09~28.09,,,,,
노원구,11350,상계동,202606,아파트_전월세,상계주공3(고층),상계동,730-2,59.2,,28350,0,11,19,1987,갱신,26.07~28.07,27000.0,,사용,,
노원구,11350,중계동,202606,아파트_전월세,상아,중계동,505,84.97,,50000,0,1,19,1989,갱신,26.10~28.10,48000.0,,사용,,
노원구,11350,월계동,202606,아파트_전월세,한진한화그랑빌,월계동,18,114.97,,59500,0,15,3,2002,갱신,26.07~28.11,57000.0,,사용,,
노원구,11350,상계동,202606,아파트_전월세,상계주공6(고층),상계동,720,59.2,,30000,0,9,22,1988,갱신,26.07~28.07,29000.0,,사용,,
노원구,11350,중계동,202606,아파트_전월세,중계그린1단지,중계동,502-1,44.1,,3000,85,2,17,1990,갱신,26.06~28.06,3000.0,80.0,사용,,
노원구,11350,중계동,202606,아파트_전월세,중계3우성,중계동,585,59.94,,45000,0,4,19,1999,신규,26.08~28.08,,,,,
노원구,11350,월계동,202606,아파트_전월세,초안2,월계동,924,39.6,,20000,0,5,12,1997,신규,26.08~28.08,,,,,
노원구,11350,상계동,202606,아파트_전월세,상계주공9(고층),상계동,670,45.9,,26000,0,12,19,1988,신규,26.07~28.07,,,,,
노원구,11350,중계동,202606,아파트_전월세,동진신안,중계동,364,134.74,,101800,0,13,13,1993,갱신,26.08~28.08,97000.0,,사용,,
노원구,11350,월계동,202606,아파트_전월세,사슴3,월계동,320-11,33.18,,2000,80,14,20,1995,신규,26.08~28.08,,,,,
노원구,11350,공릉동,202606,아파트_전월세,효성아파트,공릉동,742,73.18,,18000,48,1,19,1995,신규,26.07~28.07,,,,,
노원구,11350,중계동,202606,아파트_전월세,건영3,중계동,360-15,84.9,,29953,65,13,15,1995,갱신,26.06~28.06,31513.0,57.0,사용,,
노원구,11350,공릉동,202606,아파트_전월세,태강아파트(아이파크),공릉동,81,59.34,,10000,140,5,17,1999,신규,26.07~28.07,,,,,
노원구,11350,월계동,202606,아파트_전월세,미성,월계동,13,50.14,,28000,0,14,20,1986,신규,26.07~28.07,,,,,
노원구,11350,상계동,202606,아파트_전월세,상계주공9(고층),상계동,670,66.56,,32550,0,2,13,1988,갱신,26.07~28.07,31000.0,,사용,,
노원구,11350,월계동,202606,아파트_전월세,한진한화그랑빌,월계동,18,84.97,,65000,0,10,2,2002,신규,26.09~28.09,,,,,
노원구,11350,중계동,202606,아파트_전월세,중계그린1단지,중계동,502-1,39.91,,29000,0,6,19,1990,신규,26.08~28.08,,,,,
노원구,11350,상계동,202606,아파트_전월세,상계주공2(고층),상계동,740,68.86,,28500,13,11,17,1987,갱신,26.07~28.07,28500.0,,,,
노원구,11350,월계동,202606,아파트_전월세,미륭,월계동,13,51.48,,30000,0,10,22,1986,갱신,26.07~28.07,15750.0,,,,
노원구,11350,중계동,202606,아파트_전월세,동진신안,중계동,364,101.99,,60000,160,5,20,1993,신규,26.09~28.09,,,,,
노원구,11350,상계동,202606,아파트_전월세,불암현대아파트(106동),상계동,1294,27,,375,15,5,22,1999,갱신,26.07~28.06,856.0,13.0,,,
노원구,11350,중계동,202606,아파트_전월세,주공5,중계동,359-1,44.94,,1000,69,5,18,1992,신규,26.07~27.03,,,,,
노원구,11350,상계동,202606,아파트_전월세,상계주공11(고층),상계동,652,49.94,,33000,0,4,20,1988,신규,26.09~28.09,,,,,
노원구,11350,상계동,202606,아파트_전월세,"상계주공15(고층,공무원임대)",상계동,624,49.94,,17103,0,4,20,1988,신규,26.07~28.07,,,,,
노원구,11350,상계동,202606,아파트_전월세,"상계주공15(고층,공무원임대)",상계동,624,49.94,,15392,0,1,21,1988,신규,26.07~28.07,,,,,
노원구,11350,상계동,202606,아파트_전월세,보람아파트,상계동,639,54.59,,33000,0,12,15,1988,신규,26.09~28.09,,,,,
노원구,11350,공릉동,202606,아파트_전월세,비선아파트,공릉동,109,48.6,,29400,0,2,19,1999,갱신,26.07~28.07,28000.0,,사용,,
노원구,11350,상계동,202606,아파트_전월세,상계우방유쉘,상계동,1295,116.46,,60000,0,1,10,2000,신규,26.08~28.08,,,,,
노원구,11350,상계동,202606,아파트_전월세,동아불암,상계동,1285,59.4,,25000,0,5,20,1999,갱신,26.06~28.06,24000.0,,,,
노원구,11350,상계동,202606,아파트_전월세,은빛2단지,상계동,1256,49.77,,27825,0,5,20,1998,갱신,26.08~28.08,26500.0,,사용,,
노원구,11350,상계동,202606,아파트_전월세,상계주공1(고층),상계동,765,68.86,,40000,0,1,19,1988,신규,26.09~28.09,,,,,
노원구,11350,상계동,202606,아파트_전월세,불암현대아파트(106동),상계동,1294,27,,889,14,11,20,1999,갱신,26.07~28.06,856.0,13.0,,,
노원구,11350,상계동,202606,아파트_전월세,불암현대아파트(106동),상계동,1294,27,,375,15,19,19,1999,갱신,26.07~28.06,856.0,13.0,,,
노원구,11350,상계동,202606,아파트_전월세,상계주공12(고층),상계동,647,41.3,,1000,72,11,7,1988,갱신,26.06~28.06,1000.0,68.0,사용,,
노원구,11350,상계동,202606,아파트_전월세,"상계주공15(고층,공무원임대)",상계동,624,41.3,,4167,28,8,19,1988,신규,26.07~28.07,,,,,
노원구,11350,중계동,202606,아파트_전월세,주공4,중계동,358-2,59.39,,28350,0,4,19,1991,갱신,26.07~28.07,27000.0,,사용,,
노원구,11350,상계동,202606,아파트_전월세,불암현대아파트(106동),상계동,1294,27,,889,14,19,19,1999,갱신,26.07~28.06,856.0,13.0,,,
노원구,11350,상계동,202606,아파트_전월세,상계주공9(고층),상계동,670,49.94,,25000,0,14,19,1988,갱신,26.06~28.06,23000.0,,,,
노원구,11350,상계동,202606,아파트_전월세,상계주공16(고층),상계동,624,45.77,,2000,95,8,6,1988,신규,26.07~28.07,,,,,
노원구,11350,중계동,202606,아파트_전월세,주공10,중계동,360-16,58.14,,42000,0,8,17,1995,갱신,26.07~28.07,42000.0,,,,
노원구,11350,월계동,202606,아파트_전월세,청백(774),월계동,774,39.84,,2644,6,13,19,1998,갱신,26.07~28.06,1128.0,14.0,,,
노원구,11350,하계동,202606,아파트_전월세,하계1청구,하계동,251,84.6,,50000,0,1,19,1997,갱신,26.07~28.07,50000.0,,,,
노원구,11350,상계동,202606,아파트_전월세,은빛2단지,상계동,1256,39.7,,2000,90,12,19,1998,신규,26.06~28.06,,,,,
노원구,11350,공릉동,202606,아파트_전월세,삼익2차아파트,공릉동,754,83.409,,10000,155,10,19,2004,신규,26.10~28.10,,,,,
노원구,11350,상계동,202606,아파트_전월세,두산,상계동,1110,41.85,,26000,0,14,19,1994,신규,26.09~28.09,,,,,
노원구,11350,상계동,202606,아파트_전월세,상계주공9(고층),상계동,670,58.01,,13000,100,7,4,1988,신규,26.07~28.07,,,,,
노원구,11350,상계동,202606,아파트_전월세,상계주공2(고층),상계동,740,41.3,,1000,80,8,13,1987,갱신,26.07~28.07,1000.0,55.0,,,
노원구,11350,상계동,202606,아파트_전월세,상계주공7(고층),상계동,691,45.9,,27000,0,8,19,1988,신규,26.09~28.09,,,,,
노원구,11350,상계동,202606,아파트_전월세,"상계주공15(고층,공무원임대)",상계동,624,49.94,,11972,15,3,4,1988,신규,26.07~28.07,,,,,
노원구,11350,상계동,202606,아파트_전월세,은빛2단지,상계동,1256,49.77,,24000,0,2,16,1998,갱신,26.08~28.08,23000.0,,,,
노원구,11350,중계동,202606,아파트_전월세,주공7,중계동,363-1,44.1,,23000,30,10,19,1993,신규,26.08~28.08,,,,,
노원구,11350,상계동,202606,아파트_전월세,상계주공1(고층),상계동,765,68.86,,33000,0,2,18,1988,갱신,26.07~28.07,27000.0,,,,
노원구,11350,상계동,202606,아파트_전월세,상계2차중앙하이츠,상계동,1282,59.82,,5000,150,3,17,1998,신규,26.07~28.07,,,,,
노원구,11350,중계동,202606,아파트_전월세,극동의푸른별1차,중계동,600,84.91,,60000,0,9,19,2005,신규,26.08~28.08,,,,,
노원구,11350,중계동,202606,아파트_전월세,건영3,중계동,360-15,84.9,,64500,0,14,19,1995,갱신,26.08~28.08,61500.0,,사용,,
노원구,11350,상계동,202606,아파트_전월세,"상계주공15(고층,공무원임대)",상계동,624,49.94,,3420,40,5,18,1988,신규,26.07~28.07,,,,,
노원구,11350,상계동,202606,아파트_전월세,포레나노원,상계동,680,59.9908,,60900,0,9,19,2020,갱신,26.10~28.10,58000.0,,사용,,
노원구,11350,하계동,202606,아파트_전월세,장미(시영6),하계동,273,59.22,,37000,0,15,19,1989,갱신,26.09~28.09,37000.0,,사용,,
노원구,11350,상계동,202606,아파트_전월세,불암현대아파트(106동),상계동,1294,27,,1881,6,2,19,1999,갱신,26.07~28.06,856.0,13.0,,,
노원구,11350,상계동,202606,아파트_전월세,수락리버시티4단지,상계동,1313,39.81,,4461,15,8,19,2009,갱신,26.07~28.06,2857.0,22.0,,,
노원구,11350,상계동,202606,아파트_전월세,한신1차,상계동,135,53.96,,24000,0,15,13,1987,갱신,26.07~28.07,23000.0,,사용,,
노원구,11350,공릉동,202606,아파트_전월세,시영3차(라이프)아파트,공릉동,715,39.6,,2000,80,1,18,1994,신규,26.06~28.06,,,,,
노원구,11350,공릉동,202606,아파트_전월세,공릉1단지아파트,공릉동,708,24.79,,921,10,15,18,1994,신규,26.07~28.06,,,,,
노원구,11350,상계동,202606,아파트_전월세,"상계주공15(고층,공무원임대)",상계동,624,41.3,,13890,0,4,1,1988,신규,26.06~28.06,,,,,
노원구,11350,중계동,202606,아파트_전월세,건영3,중계동,360-15,84.9,,73500,0,6,19,1995,갱신,26.07~28.07,70000.0,,사용,,
노원구,11350,하계동,202606,아파트_전월세,하계2현대,하계동,288,75.35,,54000,10,5,18,1997,갱신,26.07~28.07,54000.0,,사용,,
노원구,11350,상계동,202606,아파트_전월세,양우,상계동,1299,79.4198,,50000,0,10,12,2002,신규,26.09~28.09,,,,,
노원구,11350,월계동,202606,아파트_전월세,삼호4,월계동,12,59.49,,20000,0,8,18,1987,갱신,26.07~28.07,20000.0,,,,
노원구,11350,공릉동,202606,아파트_전월세,태릉해링턴플레이스,공릉동,758,74.95,,60000,0,18,18,2022,갱신,26.07~28.07,58000.0,,사용,,
노원구,11350,하계동,202606,아파트_전월세,극동,하계동,271-3,84.91,,47250,0,8,6,1988,갱신,26.06~28.06,45000.0,,사용,,
노원구,11350,월계동,202606,아파트_전월세,주공2,월계동,556,44.94,,10000,50,6,18,1992,신규,26.08~28.08,,,,,
노원구,11350,하계동,202606,아파트_전월세,학여울청구,하계동,354,84.77,,45000,0,7,2,1999,갱신,26.06~28.06,45000.0,,사용,,
노원구,11350,상계동,202606,아파트_전월세,중앙하이츠(5지역),상계동,1068,59.99,,26000,10,1,10,1996,신규,26.08~28.08,,,,,
노원구,11350,하계동,202606,아파트_전월세,우성,하계동,270,84.91,,47000,0,1,16,1988,갱신,26.07~28.07,45000.0,,,,
노원구,11350,상계동,202606,아파트_전월세,상계주공14(고층),상계동,626,59.39,,31500,0,13,9,1989,갱신,26.08~28.08,30000.0,,사용,,
노원구,11350,상계동,202606,아파트_전월세,상계주공3(고층),상계동,730-2,41.3,,1000,75,10,18,1987,갱신,26.06~28.06,1000.0,52.0,,,
노원구,11350,상계동,202606,아파트_전월세,상계주공2(고층),상계동,740,37.46,,23000,0,8,15,1987,갱신,26.07~28.07,18500.0,,,,
노원구,11350,상계동,202606,아파트_전월세,상계주공2(고층),상계동,740,32.39,,18000,0,15,18,1987,신규,26.09~28.09,,,,,
노원구,11350,상계동,202606,아파트_전월세,상계2차중앙하이츠,상계동,1282,59.82,,39000,0,5,16,1998,갱신,26.08~28.08,38000.0,,사용,,
노원구,11350,월계동,202606,아파트_전월세,삼호3,월계동,13,59.22,,2000,90,9,18,1986,갱신,26.07~27.07,2000.0,75.0,,,
노원구,11350,상계동,202606,아파트_전월세,상계주공6(고층),상계동,720,41.3,,2000,95,14,12,1988,신규,26.08~28.08,,,,,
노원구,11350,공릉동,202606,아파트_전월세,태강아파트(아이파크),공릉동,81,49.6,,36000,0,5,17,1999,갱신,26.09~28.09,34000.0,,,,
노원구,11350,중계동,202606,아파트_전월세,라이프,중계동,366,115.65,,91000,0,6,18,1993,신규,26.08~28.08,,,,,
노원구,11350,하계동,202606,아파트_전월세,장미(시영6),하계동,273,39.92,,25000,0,9,18,1989,신규,26.08~28.08,,,,,
노원구,11350,상계동,202606,아파트_전월세,상계주공7(고층),상계동,691,49.94,,33000,0,15,13,1988,신규,26.08~28.08,,,,,
노원구,11350,중계동,202606,아파트_전월세,주공5,중계동,359-1,44.52,,21500,0,12,17,1992,갱신,26.07~28.07,20500.0,,,,
노원구,11350,하계동,202606,아파트_전월세,장미(시영6),하계동,273,49.5,,32000,0,3,18,1989,신규,26.08~28.08,,,,,
노원구,11350,월계동,202606,아파트_전월세,한진한화그랑빌,월계동,18,84.97,,54600,0,6,12,2002,갱신,26.08~28.08,52000.0,,사용,,
노원구,11350,상계동,202606,아파트_전월세,은빛3단지,상계동,1264,33.87,,1114,13,3,18,1998,신규,26.07~28.09,,,,,
노원구,11350,상계동,202606,아파트_전월세,해링턴플레이스노원센트럴,상계동,690,48.3698,,6500,92,5,18,2025,신규,26.07~28.07,,,,,
노원구,11350,월계동,202606,아파트_전월세,청백(774),월계동,774,34.44,,1013,12,13,18,1998,신규,26.07~28.09,,,,,
노원구,11350,상계동,202606,아파트_전월세,상계주공7(고층),상계동,691,58.01,,38000,0,13,18,1988,신규,26.08~28.08,,,,,
노원구,11350,상계동,202606,아파트_전월세,"상계주공15(고층,공무원임대)",상계동,624,49.94,,17103,0,13,9,1988,갱신,26.07~28.07,16349.0,,,,
노원구,11350,중계동,202606,아파트_전월세,중계그린1단지,중계동,502-1,59.87,,33000,0,12,13,1990,갱신,26.07~27.07,29000.0,,,,
노원구,11350,공릉동,202606,아파트_전월세,태릉우성아파트,공릉동,254,66.87,,7000,130,4,17,1985,신규,26.07~28.07,,,,,
노원구,11350,상계동,202606,아파트_전월세,상계2차중앙하이츠,상계동,1282,59.82,,10000,140,11,17,1998,신규,26.08~28.08,,,,,
노원구,11350,상계동,202606,아파트_전월세,상계주공1(고층),상계동,765,32.39,,17850,0,10,17,1988,갱신,26.08~28.08,17000.0,,사용,,
노원구,11350,상계동,202606,아파트_전월세,은빛2단지,상계동,1256,49.77,,24000,0,2,16,1998,갱신,26.08~28.08,23000.0,,사용,,
노원구,11350,월계동,202606,아파트_전월세,청백(774),월계동,774,39.84,,2644,6,3,18,1998,갱신,26.07~28.06,1128.0,14.0,,,
노원구,11350,상계동,202606,아파트_전월세,노원롯데캐슬시그니처,상계동,1410,59.975,,68000,0,11,17,2023,신규,26.09~28.09,,,,,
노원구,11350,월계동,202606,아파트_전월세,미성,월계동,13,50.14,,27000,0,10,18,1986,갱신,26.07~28.07,26000.0,,사용,,
노원구,11350,상계동,202606,아파트_전월세,상계주공16(고층),상계동,624,45.77,,25000,0,7,17,1988,신규,26.08~28.08,,,,,
노원구,11350,상계동,202606,아파트_전월세,상계주공10(고층),상계동,666,45.77,,18220,0,5,17,1988,신규,26.09~28.09,,,,,
노원구,11350,상계동,202606,아파트_전월세,"상계주공15(고층,공무원임대)",상계동,624,41.3,,13890,0,14,8,1988,갱신,26.10~28.10,13229.0,,,,
노원구,11350,상계동,202606,아파트_전월세,"상계주공15(고층,공무원임대)",상계동,624,49.94,,3420,40,5,17,1988,신규,26.07~28.07,,,,,
노원구,11350,상계동,202606,아파트_전월세,상계주공10(고층),상계동,666,58.01,,3000,130,10,17,1988,신규,26.06~28.06,,,,,
노원구,11350,상계동,202606,아파트_전월세,"상계주공15(고층,공무원임대)",상계동,624,49.94,,11792,12,14,4,1988,갱신,26.09~28.08,11230.0,11.0,,,
노원구,11350,중계동,202606,아파트_전월세,주공5,중계동,359-1,44.94,,1000,90,13,13,1992,갱신,26.06~28.06,1000.0,68.0,,,
노원구,11350,중계동,202606,아파트_전월세,중계그린1단지,중계동,502-1,44.1,,29000,0,12,17,1990,갱신,26.06~28.06,20000.0,,,,
노원구,11350,월계동,202606,아파트_전월세,꿈의숲SKVIEW,월계동,949,84.93,,49000,40,13,10,2016,갱신,26.06~28.06,49000.0,,,,
노원구,11350,중계동,202606,아파트_전월세,주공7,중계동,363-1,44.1,,18370,0,10,17,1993,갱신,26.07~28.07,17500.0,,사용,,
노원구,11350,상계동,202606,아파트_전월세,상계주공10(고층),상계동,666,41.3,,24100,0,6,6,1988,갱신,26.06~28.06,23000.0,,,,
노원구,11350,월계동,202606,아파트_전월세,삼호3,월계동,13,59.22,,23000,0,11,17,1986,갱신,26.06~28.06,22000.0,,,,
노원구,11350,상계동,202606,아파트_전월세,은빛3단지,상계동,1264,33.87,,1114,13,7,17,1998,신규,26.07~28.09,,,,,
노원구,11350,공릉동,202606,아파트_전월세,공릉아파트,공릉동,110,33.18,,1180,17,9,17,1999,신규,26.07~28.09,,,,,
노원구,11350,상계동,202606,아파트_전월세,중계센트럴파크,상계동,1322,49.9,,10103,17,4,17,2016,갱신,26.07~28.06,6145.0,36.0,,,
노원구,11350,월계동,202606,아파트_전월세,사슴2,월계동,320-9,24.12,,587,7,2,17,1995,신규,26.07~28.09,,,,,
노원구,11350,상계동,202606,아파트_전월세,수락리버시티3단지,상계동,1312,49.93,,4327,30,2,17,2009,갱신,26.07~28.06,4165.0,29.0,,,
노원구,11350,공릉동,202606,아파트_전월세,공릉아파트,공릉동,110,32.79,,1164,17,11,17,1999,신규,26.07~28.09,,,,,
노원구,11350,월계동,202606,아파트_전월세,롯데캐슬루나,월계동,947,127.0318,,52200,0,6,17,2006,갱신,26.06~28.06,47200.0,,,,
노원구,11350,월계동,202606,아파트_전월세,꿈의숲SKVIEW,월계동,949,84.93,,52500,0,9,17,2016,갱신,26.06~28.06,50000.0,,사용,,
노원구,11350,중계동,202606,아파트_전월세,건영3,중계동,360-15,84.9,,73500,0,8,16,1995,갱신,26.07~28.07,70000.0,,사용,,
노원구,11350,월계동,202606,아파트_전월세,사슴2,월계동,320-9,24.12,,587,8,3,17,1995,신규,26.07~28.09,,,,,
노원구,11350,상계동,202606,아파트_전월세,은빛3단지,상계동,1264,39.84,,1312,15,3,17,1998,신규,26.07~28.09,,,,,
노원구,11350,상계동,202606,아파트_전월세,상계주공7(고층),상계동,691,45.77,,1000,85,12,17,1988,갱신,26.06~28.06,1000.0,75.0,,,
노원구,11350,공릉동,202606,아파트_전월세,공릉아파트,공릉동,110,33.18,,1180,17,4,17,1999,신규,26.07~28.09,,,,,
노원구,11350,상계동,202606,아파트_전월세,상계주공16(고층),상계동,624,45.77,,21000,0,13,17,1988,갱신,26.06~28.06,20000.0,,사용,,
노원구,11350,상계동,202606,아파트_전월세,벽산,상계동,173-1,43.35,,9800,40,4,17,1989,갱신,26.08~28.08,9800.0,40.0,사용,,
노원구,11350,월계동,202606,아파트_전월세,녹천역두산위브아파트,월계동,950,84.8218,,55000,0,1,17,2017,신규,26.09~28.09,,,,,
노원구,11350,월계동,202606,아파트_전월세,주공2,월계동,556,44.52,,20000,20,11,10,1992,신규,26.08~28.08,,,,,
노원구,11350,월계동,202606,아파트_전월세,한일2,월계동,927,59.953,,36000,0,3,17,2000,갱신,26.07~28.07,35000.0,,사용,,
노원구,11350,상계동,202606,아파트_전월세,수락리버시티3단지,상계동,1312,49.93,,1946,35,4,17,2009,갱신,26.07~28.06,4165.0,29.0,,,
노원구,11350,공릉동,202606,아파트_전월세,공릉아파트,공릉동,110,33.18,,1180,17,11,17,1999,신규,26.07~28.09,,,,,
노원구,11350,상계동,202606,아파트_전월세,보람아파트,상계동,639,54.59,,32000,0,15,17,1988,신규,26.09~28.09,,,,,
노원구,11350,월계동,202606,아파트_전월세,현대,월계동,929,59.95,,31500,0,1,13,2000,갱신,26.07~28.07,30000.0,,사용,,
노원구,11350,상계동,202606,아파트_전월세,보람아파트,상계동,639,54.59,,32000,0,15,17,1988,신규,26.09~28.09,,,,,
노원구,11350,공릉동,202606,아파트_전월세,공릉아파트,공릉동,110,33.18,,1180,17,15,17,1999,신규,26.07~28.09,,,,,
노원구,11350,공릉동,202606,아파트_전월세,공릉아파트,공릉동,110,33.18,,1180,17,1,17,1999,신규,26.07~28.09,,,,,
노원구,11350,공릉동,202606,아파트_전월세,공릉아파트,공릉동,110,33.18,,1180,17,2,17,1999,신규,26.07~28.09,,,,,
노원구,11350,월계동,202606,아파트_전월세,청백(774),월계동,774,39.84,,1172,14,15,17,1998,신규,26.07~28.09,,,,,
노원구,11350,공릉동,202606,아파트_전월세,(683-30),공릉동,683-30,20,,15000,0,4,17,2019,신규,26.08~28.08,,,,,
노원구,11350,중계동,202606,아파트_전월세,중계그린1단지,중계동,502-1,39.78,,18000,40,5,16,1990,신규,26.08~28.08,,,,,
노원구,11350,상계동,202606,아파트_전월세,상계주공14(고층),상계동,626,49.94,,25000,0,8,17,1989,갱신,26.07~28.07,24000.0,,사용,,
노원구,11350,하계동,202606,아파트_전월세,미성,하계동,280,118.52,,65000,0,2,16,1989,신규,26.08~28.08,,,,,
노원구,11350,상계동,202606,아파트_전월세,상계주공14(고층),상계동,626,49.94,,31000,0,4,12,1989,신규,26.08~28.08,,,,,
노원구,11350,상계동,202606,아파트_전월세,은빛3단지,상계동,1264,33.87,,1114,13,2,17,1998,신규,26.07~28.09,,,,,
노원구,11350,월계동,202606,아파트_전월세,현대,월계동,929,114.99,,10000,200,15,15,2000,신규,26.08~28.08,,,,,
노원구,11350,월계동,202606,아파트_전월세,삼호4,월계동,12,50.18,,2000,140,13,13,1987,신규,26.07~28.07,,,,,
노원구,11350,중계동,202606,아파트_전월세,중계그린1단지,중계동,502-1,49.85,,37000,0,6,11,1990,신규,26.09~28.09,,,,,
노원구,11350,월계동,202606,아파트_전월세,성원(사슴4),월계동,322-1,39.6,,27000,0,7,11,1995,신규,26.08~28.08,,,,,
노원구,11350,중계동,202606,아파트_전월세,주공5,중계동,359-1,38.64,,1000,75,12,16,1992,신규,26.06~27.09,,,,,
노원구,11350,상계동,202606,아파트_전월세,은빛2단지,상계동,1256,49.77,,30000,0,1,16,1998,신규,26.09~28.09,,,,,
노원구,11350,월계동,202606,아파트_전월세,풍림아이원,월계동,944,59.149,,55500,0,22,16,2005,신규,26.08~28.08,,,,,
노원구,11350,상계동,202606,아파트_전월세,"상계주공15(고층,공무원임대)",상계동,624,41.3,,2778,32,12,16,1988,신규,26.06~28.06,,,,,
노원구,11350,월계동,202606,아파트_전월세,풍림아이원,월계동,944,84.303,,40000,105,21,11,2005,신규,26.08~28.08,,,,,
노원구,11350,중계동,202606,아파트_전월세,주공8,중계동,362-1,49.72,,40000,0,3,13,1993,신규,26.08~28.08,,,,,
노원구,11350,중계동,202606,아파트_전월세,주공5,중계동,359-1,44.52,,1000,100,2,11,1992,신규,26.07~28.07,,,,,
노원구,11350,상계동,202606,아파트_전월세,상계주공12(고층),상계동,647,41.3,,2000,100,13,9,1988,신규,26.07~28.07,,,,,
노원구,11350,상계동,202606,아파트_전월세,"상계주공15(고층,공무원임대)",상계동,624,41.3,,6945,20,14,16,1988,신규,26.07~28.07,,,,,
노원구,11350,상계동,202606,아파트_전월세,"상계주공15(고층,공무원임대)",상계동,624,49.94,,17103,0,2,4,1988,갱신,26.08~28.08,16349.0,,,,
노원구,11350,공릉동,202606,아파트_전월세,태릉우성아파트,공릉동,254,84.97,,45000,0,2,6,1985,신규,26.09~28.09,,,,,
노원구,11350,상계동,202606,아파트_전월세,상계주공7(고층),상계동,691,45.9,,23100,0,1,6,1988,갱신,26.06~28.06,22000.0,,사용,,
노원구,11350,상계동,202606,아파트_전월세,상계주공6(고층),상계동,720,49.94,,22000,0,7,13,1988,갱신,26.08~28.08,19845.0,,,,
노원구,11350,상계동,202606,아파트_전월세,상계주공10(고층),상계동,666,49.94,,5000,120,15,9,1988,신규,26.08~28.08,,,,,
노원구,11350,중계동,202606,아파트_전월세,주공5,중계동,359-1,44.52,,32000,0,4,13,1992,신규,26.09~28.09,,,,,
노원구,11350,상계동,202606,아파트_전월세,상계주공7(고층),상계동,691,41.3,,2000,90,11,15,1988,신규,26.07~28.07,,,,,
노원구,11350,상계동,202606,아파트_전월세,상계주공6(고층),상계동,720,32.39,,17000,0,7,16,1988,갱신,26.07~28.07,17000.0,,사용,,
노원구,11350,상계동,202606,아파트_전월세,상계주공2(고층),상계동,740,32.39,,17000,0,4,13,1987,신규,26.07~28.07,,,,,
노원구,11350,상계동,202606,아파트_전월세,상계주공6(고층),상계동,720,41.3,,23900,0,15,16,1988,갱신,26.08~28.08,23000.0,,사용,,
노원구,11350,상계동,202606,아파트_전월세,은빛1단지,상계동,1255,59.95,,36000,0,15,5,1998,신규,26.08~28.08,,,,,
노원구,11350,상계동,202606,아파트_전월세,상계주공7(고층),상계동,691,41.3,,14805,0,10,13,1988,갱신,26.07~28.07,14100.0,,사용,,
노원구,11350,상계동,202606,아파트_전월세,상계주공10(고층),상계동,666,58.01,,5000,84,6,13,1988,갱신,26.08~28.08,5000.0,80.0,사용,,
노원구,11350,상계동,202606,아파트_전월세,상계주공13(고층),상계동,637,45.9,,16000,30,2,16,1989,신규,26.08~28.08,,,,,
노원구,11350,상계동,202606,아파트_전월세,상계주공3(고층),상계동,730-2,84.2,,20000,150,13,16,1987,신규,26.08~28.08,,,,,
노원구,11350,상계동,202606,아파트_전월세,상계주공1(고층),상계동,765,58.01,,22457,0,8,16,1988,갱신,26.06~28.06,21388.0,,사용,,
노원구,11350,월계동,202606,아파트_전월세,삼호3,월계동,13,59.22,,32000,0,1,16,1986,신규,26.10~29.08,,,,,
노원구,11350,상계동,202606,아파트_전월세,상계주공7(고층),상계동,691,41.3,,25000,0,2,16,1988,신규,26.08~28.08,,,,,
노원구,11350,상계동,202606,아파트_전월세,상계주공9(고층),상계동,670,49.94,,2000,90,14,16,1988,갱신,26.07~28.07,2000.0,60.0,,,
노원구,11350,상계동,202606,아파트_전월세,상계주공7(고층),상계동,691,49.94,,29000,5,15,13,1988,갱신,26.07~28.07,29000.0,,,,
노원구,11350,월계동,202606,아파트_전월세,미성,월계동,13,33.28,,11460,0,5,15,1986,갱신,26.07~28.07,11460.0,,사용,,
노원구,11350,상계동,202606,아파트_전월세,상계주공1(고층),상계동,765,41.3,,1000,80,5,5,1988,갱신,26.09~28.09,500.0,70.0,,,
노원구,11350,상계동,202606,아파트_전월세,"상계주공15(고층,공무원임대)",상계동,624,49.94,,10107,15,12,11,1988,갱신,26.08~28.08,11230.0,11.0,,,
노원구,11350,상계동,202606,아파트_전월세,"상계주공15(고층,공무원임대)",상계동,624,49.94,,16846,0,9,2,1988,갱신,26.07~28.07,16044.0,,,,
노원구,11350,상계동,202606,아파트_전월세,상계주공10(고층),상계동,666,41.3,,18600,0,14,16,1988,갱신,26.06~28.06,13600.0,,,,
노원구,11350,중계동,202606,아파트_전월세,건영3,중계동,360-15,84.9,,75000,14,8,13,1995,갱신,26.08~28.08,75000.0,,사용,,
노원구,11350,중계동,202606,아파트_전월세,신안,중계동,590,59.97,,37800,0,5,13,1999,갱신,26.08~28.08,36000.0,,사용,,
노원구,11350,중계동,202606,아파트_전월세,주공2,중계동,369,44.52,,12000,40,2,15,1992,신규,26.07~28.07,,,,,
노원구,11350,상계동,202606,아파트_전월세,상계주공14(고층),상계동,626,41.3,,14000,35,15,10,1989,갱신,26.07~28.07,14000.0,30.0,,,
노원구,11350,월계동,202606,아파트_전월세,극동,월계동,803-1,80.28,,34650,0,5,13,1996,갱신,26.07~28.07,33000.0,,사용,,
노원구,11350,공릉동,202606,아파트_전월세,태릉해링턴플레이스,공릉동,758,49.98,,4370,44,15,12,2022,신규,26.07~28.09,,,,,
노원구,11350,하계동,202606,아파트_전월세,미성,하계동,280,57.97,,5000,80,8,13,1989,갱신,26.08~28.08,5000.0,80.0,사용,,
노원구,11350,상계동,202606,아파트_전월세,상계주공11(고층),상계동,652,49.94,,24250,0,3,15,1988,갱신,26.09~28.09,23100.0,,사용,,
노원구,11350,상계동,202606,아파트_전월세,은빛1단지,상계동,1255,49.77,,29000,0,15,15,1998,신규,26.08~28.08,,,,,
노원구,11350,상계동,202606,아파트_전월세,"상계주공15(고층,공무원임대)",상계동,624,41.3,,13890,0,12,15,1988,신규,26.07~28.07,,,,,
노원구,11350,하계동,202606,아파트_전월세,학여울청구118동(356),하계동,356,32.76,,2239,6,10,15,2002,갱신,26.07~28.06,874.0,13.0,,,
노원구,11350,상계동,202606,아파트_전월세,상계주공14(고층),상계동,626,45.9,,1000,68,5,14,1989,갱신,26.09~28.09,1000.0,65.0,사용,,
노원구,11350,상계동,202606,아파트_전월세,상계주공1(고층),상계동,765,68.86,,31500,0,1,13,1988,갱신,26.07~28.07,30000.0,,사용,,
노원구,11350,상계동,202606,아파트_전월세,상계주공6(고층),상계동,720,58.01,,27000,0,3,10,1988,갱신,26.06~28.06,20300.0,,,,
노원구,11350,상계동,202606,아파트_전월세,상계주공10(고층),상계동,666,58.01,,10000,80,14,12,1988,갱신,26.06~27.06,10000.0,75.0,사용,,
노원구,11350,상계동,202606,아파트_전월세,"상계주공15(고층,공무원임대)",상계동,624,41.3,,13890,0,10,15,1988,신규,26.07~28.07,,,,,
노원구,11350,상계동,202606,아파트_전월세,상계주공6(고층),상계동,720,32.39,,20000,0,9,12,1988,신규,26.09~28.09,,,,,
노원구,11350,상계동,202606,아파트_전월세,상계주공2(고층),상계동,740,58.01,,5000,100,7,10,1987,갱신,26.06~28.06,5000.0,95.0,사용,,
노원구,11350,상계동,202606,아파트_전월세,"상계주공15(고층,공무원임대)",상계동,624,49.94,,17103,0,2,15,1988,신규,26.07~28.07,,,,,
노원구,11350,상계동,202606,아파트_전월세,상계주공1(고층),상계동,765,58.01,,29000,0,15,14,1988,신규,26.06~28.06,,,,,
노원구,11350,상계동,202606,아파트_전월세,상계주공2(고층),상계동,740,32.39,,10000,40,12,13,1987,신규,26.08~28.08,,,,,
노원구,11350,월계동,202606,아파트_전월세,사슴3,월계동,320-11,33.18,,2000,75,8,1,1995,신규,26.06~28.06,,,,,
노원구,11350,중계동,202606,아파트_전월세,양지대림2(임대),중계동,588-1,29.67,,2465,6,19,15,1999,갱신,26.07~28.06,977.0,14.0,,,
노원구,11350,상계동,202606,아파트_전월세,상계주공6(고층),상계동,720,58.01,,30450,0,3,13,1988,갱신,26.06~28.06,29000.0,,사용,,
노원구,11350,상계동,202606,아파트_전월세,상계주공16(고층),상계동,624,59.39,,4000,115,4,15,1988,신규,26.06~28.06,,,,,
노원구,11350,상계동,202606,아파트_전월세,상계주공2(고층),상계동,740,41.3,,17850,0,12,15,1987,갱신,26.06~28.06,17000.0,,사용,,
노원구,11350,중계동,202606,아파트_전월세,동진,중계동,103,38.79,,15000,0,5,13,1988,신규,26.07~28.07,,,,,
노원구,11350,공릉동,202606,아파트_전월세,태릉해링턴플레이스,공릉동,758,84.98,,68000,0,17,13,2022,갱신,26.06~28.06,65000.0,,사용,,
노원구,11350,상계동,202606,아파트_전월세,상계주공10(고층),상계동,666,59.39,,22000,0,8,12,1988,신규,26.06~28.06,,,,,
노원구,11350,상계동,202606,아파트_전월세,청암2단지,상계동,1276,59.96,,30000,25,12,12,2001,신규,26.08~28.08,,,,,
노원구,11350,월계동,202606,아파트_전월세,월계센트럴아이파크,월계동,951,59.99,,12560,49,8,15,2020,신규,26.07~28.09,,,,,
노원구,11350,공릉동,202606,아파트_전월세,태릉해링턴플레이스,공릉동,758,49.98,,8740,34,4,12,2022,신규,26.07~28.09,,,,,
노원구,11350,중계동,202606,아파트_전월세,롯데우성,중계동,361-1,101.88,,30000,210,4,6,1993,갱신,26.07~28.07,30000.0,200.0,사용,,
노원구,11350,상계동,202606,아파트_전월세,상계주공4(고층),상계동,749-5,49.94,,3000,95,4,13,1988,갱신,26.09~28.09,1000.0,74.0,,,
노원구,11350,상계동,202606,아파트_전월세,상계주공3(고층),상계동,730-2,59.2,,36000,0,13,13,1987,신규,26.08~28.08,,,,,
노원구,11350,상계동,202606,아파트_전월세,상계주공1(고층),상계동,765,41.3,,25000,0,11,14,1988,신규,26.09~28.09,,,,,
노원구,11350,상계동,202606,아파트_전월세,"상계주공15(고층,공무원임대)",상계동,624,41.3,,13890,0,2,15,1988,신규,26.07~28.07,,,,,
노원구,11350,상계동,202606,아파트_전월세,상계주공3(고층),상계동,730-2,59.39,,33000,0,6,5,1987,갱신,26.07~28.07,31000.0,,,,
노원구,11350,상계동,202606,아파트_전월세,한신1차,상계동,135,53.96,,24000,0,15,13,1987,갱신,26.07~28.07,23000.0,,사용,,
노원구,11350,월계동,202606,아파트_전월세,한진한화그랑빌,월계동,18,59.94,,47000,0,18,13,2002,신규,26.10~28.10,,,,,
노원구,11350,월계동,202606,아파트_전월세,미성,월계동,13,50.14,,15000,55,9,12,1986,신규,26.08~28.08,,,,,
노원구,11350,상계동,202606,아파트_전월세,상계주공10(고층),상계동,666,58.01,,35000,0,3,13,1988,신규,26.07~28.07,,,,,
노원구,11350,월계동,202606,아파트_전월세,미성,월계동,13,50.14,,2000,120,11,12,1986,신규,26.08~28.08,,,,,
노원구,11350,중계동,202606,아파트_전월세,주공2,중계동,369,44.52,,25000,0,11,13,1992,신규,26.09~28.09,,,,,
노원구,11350,상계동,202606,아파트_전월세,상계주공10(고층),상계동,666,45.9,,26000,0,3,13,1988,신규,26.09~28.09,,,,,
노원구,11350,중계동,202606,아파트_전월세,경남,중계동,505,114.57,,65000,0,2,9,1989,신규,26.11~28.11,,,,,
노원구,11350,월계동,202606,아파트_전월세,풍림아이원,월계동,944,59.149,,37400,0,8,13,2005,갱신,26.08~28.08,35700.0,,사용,,
노원구,11350,상계동,202606,아파트_전월세,"상계주공15(고층,공무원임대)",상계동,624,41.3,,2778,32,9,15,1988,신규,26.07~28.07,,,,,
노원구,11350,상계동,202606,아파트_전월세,"상계주공15(고층,공무원임대)",상계동,624,41.3,,11112,8,15,8,1988,갱신,26.08~28.08,10583.0,9.0,,,
노원구,11350,중계동,202606,아파트_전월세,현대(3차),중계동,576,84.35,,51000,0,11,15,1992,갱신,26.06~28.06,51000.0,,사용,,
노원구,11350,상계동,202606,아파트_전월세,우림루미아트1,상계동,1306,84.887,,20000,150,7,15,2004,신규,26.09~28.09,,,,,
노원구,11350,상계동,202606,아파트_전월세,상계주공11(고층),상계동,652,68.86,,45000,0,10,12,1988,신규,26.09~28.09,,,,,
노원구,11350,하계동,202606,아파트_전월세,미성,하계동,280,72.17,,35000,60,6,12,1989,신규,26.08~28.08,,,,,
노원구,11350,중계동,202606,아파트_전월세,주공7,중계동,363-1,44.1,,10000,80,14,9,1993,신규,26.07~28.07,,,,,
노원구,11350,중계동,202606,아파트_전월세,주공5,중계동,359-1,44.52,,28500,0,7,13,1992,신규,26.08~28.08,,,,,
노원구,11350,상계동,202606,아파트_전월세,"상계주공15(고층,공무원임대)",상계동,624,49.94,,10774,13,1,11,1988,갱신,26.08~28.08,10871.0,16.0,,,
노원구,11350,월계동,202606,아파트_전월세,서광,월계동,922,59.96,,29400,0,4,13,1994,갱신,26.07~28.07,28000.0,,사용,,
노원구,11350,상계동,202606,아파트_전월세,수락산벨리체,상계동,1265,114.92,,62000,0,7,12,2000,신규,26.06~28.06,,,,,
노원구,11350,상계동,202606,아파트_전월세,수락산벨리체,상계동,1265,134.94,,40000,0,15,8,2000,신규,26.06~28.06,,,,,
노원구,11350,상계동,202606,아파트_전월세,상계주공9(고층),상계동,670,45.9,,19950,0,6,13,1988,갱신,26.07~28.07,19000.0,,사용,,
노원구,11350,중계동,202606,아파트_전월세,주공5,중계동,359-1,58.46,,31500,0,1,13,1992,갱신,26.07~28.07,30000.0,,사용,,
노원구,11350,상계동,202606,아파트_전월세,상계주공12(고층),상계동,647,49.94,,3000,110,2,10,1988,신규,26.06~28.06,,,,,
노원구,11350,상계동,202606,아파트_전월세,상계불암대림,상계동,1289,59.22,,33000,0,6,13,2000,신규,26.09~28.09,,,,,
노원구,11350,상계동,202606,아파트_전월세,상계주공4(고층),상계동,749-5,41.3,,1000,68,3,13,1988,갱신,26.06~28.06,1000.0,58.0,,,
노원구,11350,상계동,202606,아파트_전월세,상계주공3(고층),상계동,730-2,59.39,,32000,0,3,13,1987,갱신,26.06~28.06,30000.0,,,,
노원구,11350,상계동,202606,아파트_전월세,상계주공4(고층),상계동,749-5,32.39,,17333,0,12,13,1988,갱신,26.07~28.07,14333.0,,,,
노원구,11350,중계동,202606,아파트_전월세,경남,중계동,505,74.2,,52000,0,3,10,1989,신규,26.08~28.08,,,,,
노원구,11350,상계동,202606,아파트_전월세,상계주공3(고층),상계동,730-2,68.86,,48000,0,6,12,1987,신규,26.09~28.09,,,,,
노원구,11350,상계동,202606,아파트_전월세,상계주공4(고층),상계동,749-5,84.38,,20000,140,9,13,1988,신규,26.07~28.07,,,,,
노원구,11350,상계동,202606,아파트_전월세,상계1차중앙하이츠,상계동,1279,134.97,,57000,0,5,15,1997,갱신,26.07~28.07,55000.0,,사용,,
노원구,11350,상계동,202606,아파트_전월세,"상계주공15(고층,공무원임대)",상계동,624,49.94,,17103,0,7,12,1988,신규,26.07~28.07,,,,,
노원구,11350,중계동,202606,아파트_전월세,금호타운(583),중계동,583,84.98,,45000,90,5,13,1997,신규,26.08~28.08,,,,,
노원구,11350,월계동,202606,아파트_전월세,월계센트럴아이파크,월계동,951,59.99,,12560,49,8,12,2020,신규,26.07~28.09,,,,,
노원구,11350,월계동,202606,아파트_전월세,삼창,월계동,448-3,56.59,,25050,0,8,12,1984,갱신,26.07~28.07,22050.0,,,,
노원구,11350,상계동,202606,아파트_전월세,상계주공1(고층),상계동,765,41.3,,20000,0,2,10,1988,신규,26.07~28.07,,,,,
노원구,11350,상계동,202606,아파트_전월세,상계대림e편한세상,상계동,1301,114.34,,40000,0,3,12,2002,신규,26.06~28.06,,,,,
노원구,11350,상계동,202606,아파트_전월세,상계주공7(고층),상계동,691,41.3,,1000,70,9,12,1988,갱신,26.07~28.07,1000.0,66.0,사용,,
노원구,11350,중계동,202606,아파트_전월세,염광,중계동,445,84.5,,59000,0,1,12,1996,신규,26.08~28.08,,,,,
노원구,11350,상계동,202606,아파트_전월세,상계주공14(고층),상계동,626,49.94,,31000,0,4,11,1989,신규,26.08~28.08,,,,,
노원구,11350,상계동,202606,아파트_전월세,상계주공1(고층),상계동,765,32.39,,21000,0,2,11,1988,신규,26.07~28.07,,,,,
노원구,11350,중계동,202606,아파트_전월세,중계무지개,중계동,512,49.54,,5000,130,4,12,1991,신규,26.09~28.09,,,,,
노원구,11350,중계동,202606,아파트_전월세,중계3벽산,중계동,592,85,,50000,0,7,12,1999,갱신,26.09~28.09,48000.0,,사용,,
노원구,11350,상계동,202606,아파트_전월세,상계주공11(고층),상계동,652,60.5,,34000,0,4,12,1988,신규,26.08~28.08,,,,,
노원구,11350,상계동,202606,아파트_전월세,상계대림e편한세상,상계동,1301,83.87,,40000,0,11,12,2002,신규,26.06~28.06,,,,,
노원구,11350,상계동,202606,아파트_전월세,상계주공3(고층),상계동,730-2,59.39,,33000,0,12,12,1987,갱신,26.06~28.06,32000.0,,사용,,
노원구,11350,상계동,202606,아파트_전월세,상계주공1(고층),상계동,765,49.94,,25000,0,3,11,1988,갱신,26.08~28.08,21000.0,,,,
노원구,11350,중계동,202606,아파트_전월세,중계그린1단지,중계동,502-1,49.5,,4000,63,13,11,1990,갱신,26.07~27.07,4000.0,60.0,,,
노원구,11350,중계동,202606,아파트_전월세,중계현대2,중계동,435-1,84.34,,42832,0,6,12,1991,갱신,26.08~28.08,40793.0,,사용,,
노원구,11350,상계동,202606,아파트_전월세,상계주공1(고층),상계동,765,49.94,,25000,0,11,12,1988,신규,26.10~28.10,,,,,
노원구,11350,상계동,202606,아파트_전월세,상계주공1(저층),상계동,765,71.89,,30000,0,3,11,1988,신규,26.09~28.09,,,,,
노원구,11350,상계동,202606,아파트_전월세,상계주공10(고층),상계동,666,68.86,,39900,0,5,6,1988,갱신,26.06~28.06,38000.0,,사용,,
노원구,11350,공릉동,202606,아파트_전월세,청솔아파트8,공릉동,91,84.65,,43000,50,11,11,2000,신규,26.09~28.09,,,,,
노원구,11350,중계동,202606,아파트_전월세,청구(366),중계동,366,115.47,,90000,0,15,9,1993,신규,26.06~28.06,,,,,
노원구,11350,월계동,202606,아파트_전월세,현대,월계동,929,59.95,,5000,130,14,12,2000,신규,26.08~28.08,,,,,
노원구,11350,공릉동,202606,아파트_전월세,태릉해링턴플레이스,공릉동,758,49.98,,8740,34,12,11,2022,신규,26.07~28.09,,,,,
노원구,11350,상계동,202606,아파트_전월세,상계주공6(고층),상계동,720,59.39,,2000,105,15,11,1988,갱신,26.07~28.07,2000.0,100.0,사용,,
노원구,11350,중계동,202606,아파트_전월세,주공5,중계동,359-1,44.52,,2000,100,11,4,1992,신규,26.07~28.07,,,,,
노원구,11350,상계동,202606,아파트_전월세,"상계주공15(고층,공무원임대)",상계동,624,41.3,,13631,0,14,11,1988,갱신,26.08~28.08,12982.0,,,,
노원구,11350,상계동,202606,아파트_전월세,상계주공14(저층),상계동,626,84.41,,25900,55,1,11,1989,갱신,26.08~28.08,29500.0,,,,
노원구,11350,중계동,202606,아파트_전월세,중계그린1단지,중계동,502-1,49.5,,36000,0,15,11,1990,신규,26.09~28.09,,,,,
노원구,11350,상계동,202606,아파트_전월세,상계주공1(고층),상계동,765,49.94,,22050,0,7,9,1988,갱신,26.08~28.08,21000.0,,,,
노원구,11350,하계동,202606,아파트_전월세,극동,하계동,271-3,70.56,,16400,100,10,2,1988,신규,26.06~28.06,,,,,
노원구,11350,상계동,202606,아파트_전월세,동아불암,상계동,1285,59.4,,32000,0,18,12,1999,갱신,26.06~28.06,32000.0,,,,
노원구,11350,하계동,202606,아파트_전월세,장미(시영6),하계동,273,39.92,,24000,0,14,6,1989,신규,26.08~28.08,,,,,
노원구,11350,하계동,202606,아파트_전월세,현대,하계동,270,84.96,,56000,0,10,7,1988,갱신,26.06~28.06,55000.0,,사용,,
노원구,11350,상계동,202606,아파트_전월세,"상계주공15(고층,공무원임대)",상계동,624,49.94,,15392,0,1,12,1988,신규,26.07~28.07,,,,,
노원구,11350,상계동,202606,아파트_전월세,상계주공14(고층),상계동,626,49.94,,31000,0,4,11,1989,신규,26.08~28.08,,,,,
노원구,11350,상계동,202606,아파트_전월세,"상계주공15(고층,공무원임대)",상계동,624,49.94,,3369,31,9,10,1988,갱신,26.09~28.09,3208.0,29.0,,,
노원구,11350,하계동,202606,아파트_전월세,현대,하계동,270,71.68,,55000,0,3,11,1988,신규,26.08~28.08,,,,,
노원구,11350,상계동,202606,아파트_전월세,"상계주공15(고층,공무원임대)",상계동,624,41.3,,10904,6,2,8,1988,갱신,26.08~28.08,9087.0,9.0,,,
노원구,11350,중계동,202606,아파트_전월세,중계무지개,중계동,512,59.26,,40000,0,6,6,1991,신규,26.07~28.07,,,,,
노원구,11350,월계동,202606,아파트_전월세,삼호3,월계동,13,59.22,,33000,0,5,11,1986,신규,26.08~28.08,,,,,
노원구,11350,상계동,202606,아파트_전월세,"상계주공15(고층,공무원임대)",상계동,624,49.94,,3369,28,6,11,1988,갱신,26.11~28.11,3208.0,27.0,,,
노원구,11350,상계동,202606,아파트_전월세,상계주공11(고층),상계동,652,49.94,,24000,0,12,10,1988,갱신,26.07~28.07,23000.0,,사용,,
노원구,11350,상계동,202606,아파트_전월세,상계주공4(고층),상계동,749-5,75.2,,35870,0,4,11,1988,갱신,26.09~27.09,34170.0,,,,
노원구,11350,중계동,202606,아파트_전월세,경남아너스빌,중계동,597,105.5954,,65000,0,15,11,2002,갱신,26.07~28.05,60000.0,,,,
노원구,11350,상계동,202606,아파트_전월세,수락산벨리체,상계동,1265,114.92,,68000,0,10,1,2000,신규,26.09~28.09,,,,,
노원구,11350,상계동,202606,아파트_전월세,상계주공6(고층),상계동,720,49.94,,26800,0,9,3,1988,신규,26.08~28.08,,,,,
노원구,11350,월계동,202606,아파트_전월세,롯데캐슬루나,월계동,947,84.9852,,44000,0,11,11,2006,갱신,26.07~28.07,43000.0,,사용,,
노원구,11350,상계동,202606,아파트_전월세,상계주공7(고층),상계동,691,49.94,,4000,100,3,11,1988,신규,26.08~28.08,,,,,
노원구,11350,상계동,202606,아파트_전월세,상계주공9(고층),상계동,670,45.9,,18100,0,3,11,1988,갱신,26.07~28.07,17100.0,,,,
노원구,11350,상계동,202606,아파트_전월세,상계주공13(고층),상계동,637,58.01,,3000,90,1,3,1989,신규,26.07~28.07,,,,,
노원구,11350,월계동,202606,아파트_전월세,주공2,월계동,556,38.64,,4000,65,14,10,1992,신규,26.07~28.07,,,,,
노원구,11350,상계동,202606,아파트_전월세,포레나노원,상계동,680,59.9866,,13200,52,3,11,2020,신규,26.07~28.09,,,,,
노원구,11350,하계동,202606,아파트_전월세,한신1,하계동,284,44.52,,26250,0,8,11,1988,갱신,26.07~28.07,25000.0,,사용,,
노원구,11350,상계동,202606,아파트_전월세,상계주공1(고층),상계동,765,59.39,,35000,0,9,11,1988,신규,26.09~28.09,,,,,
노원구,11350,공릉동,202606,아파트_전월세,67디벨리움,공릉동,670-7,17.27,,1000,70,16,4,2016,신규,26.07~28.07,,,,,
노원구,11350,월계동,202606,아파트_전월세,한진한화그랑빌,월계동,18,59.94,,45000,0,14,10,2002,갱신,26.06~28.06,43000.0,,사용,,
노원구,11350,상계동,202606,아파트_전월세,상계주공7(고층),상계동,691,49.94,,30000,0,2,10,1988,신규,26.07~28.07,,,,,
노원구,11350,상계동,202606,아파트_전월세,"상계주공15(고층,공무원임대)",상계동,624,49.94,,8423,19,3,10,1988,갱신,26.09~27.03,8022.0,18.0,,,
노원구,11350,상계동,202606,아파트_전월세,"상계주공15(고층,공무원임대)",상계동,624,49.94,,13476,7,13,10,1988,갱신,26.10~28.10,12835.0,7.0,,,
노원구,11350,중계동,202606,아파트_전월세,주공10,중계동,360-16,58.14,,5000,107,4,10,1995,갱신,26.09~28.09,5000.0,101.0,사용,,
노원구,11350,상계동,202606,아파트_전월세,상계주공14(고층),상계동,626,41.3,,500,80,15,1,1989,갱신,26.06~28.06,500.0,60.0,,,
노원구,11350,하계동,202606,아파트_전월세,청구,하계동,284,70.69,,1000,110,8,4,1988,갱신,26.07~27.07,1000.0,110.0,,,
노원구,11350,상계동,202606,아파트_전월세,상계주공11(고층),상계동,652,41.3,,25000,0,12,10,1988,신규,26.10~28.10,,,,,
노원구,11350,월계동,202606,아파트_전월세,미성,월계동,13,50.14,,32000,0,6,10,1986,신규,26.08~28.08,,,,,
노원구,11350,상계동,202606,아파트_전월세,동아불암(1286-0),상계동,1286,27,,939,14,13,10,1999,신규,26.06~28.08,,,,,
노원구,11350,하계동,202606,아파트_전월세,장미(시영6),하계동,273,59.87,,30000,0,8,10,1989,갱신,26.07~28.07,29000.0,,사용,,
노원구,11350,상계동,202606,아파트_전월세,"상계주공15(고층,공무원임대)",상계동,624,49.94,,16846,0,14,2,1988,갱신,26.07~28.07,16044.0,,,,
노원구,11350,하계동,202606,아파트_전월세,학여울청구118동(356),하계동,356,32.76,,363,15,6,9,2002,신규,26.06~28.08,,,,,
노원구,11350,상계동,202606,아파트_전월세,수락리버시티3단지,상계동,1312,84.81,,45000,0,6,8,2009,갱신,26.06~28.06,45000.0,,사용,,
노원구,11350,상계동,202606,아파트_전월세,"상계주공15(고층,공무원임대)",상계동,624,49.94,,10107,15,11,10,1988,갱신,26.08~28.08,8022.0,18.0,,,
노원구,11350,월계동,202606,아파트_전월세,미륭,월계동,13,51.48,,28000,0,12,10,1986,갱신,26.07~28.07,27000.0,,사용,,
노원구,11350,상계동,202606,아파트_전월세,동아불암(1286-0),상계동,1286,27,,2411,5,18,9,1999,신규,26.06~28.08,,,,,
노원구,11350,월계동,202606,아파트_전월세,월계센트럴아이파크,월계동,951,59.99,,12560,49,19,10,2020,신규,26.07~28.09,,,,,
노원구,11350,상계동,202606,아파트_전월세,포레나노원,상계동,680,59.9866,,40000,90,8,7,2020,신규,26.09~28.09,,,,,
노원구,11350,상계동,202606,아파트_전월세,포레나노원,상계동,680,84.957,,83000,0,2,10,2020,신규,26.09~28.09,,,,,
노원구,11350,상계동,202606,아파트_전월세,상계주공2(고층),상계동,740,58.01,,24800,0,1,1,1987,갱신,26.08~28.08,23700.0,,사용,,
노원구,11350,상계동,202606,아파트_전월세,상계주공6(고층),상계동,720,59.28,,7000,88,6,10,1988,갱신,26.08~28.08,3990.0,78.0,,,
노원구,11350,상계동,202606,아파트_전월세,상계주공10(고층),상계동,666,68.86,,18000,77,2,5,1988,갱신,26.07~28.07,18000.0,70.0,사용,,
노원구,11350,중계동,202606,아파트_전월세,주공4,중계동,358-2,59.39,,40000,0,3,4,1991,신규,26.09~28.09,,,,,
노원구,11350,상계동,202606,아파트_전월세,"상계주공15(고층,공무원임대)",상계동,624,41.3,,13890,0,4,10,1988,갱신,26.09~28.09,13229.0,,,,
노원구,11350,상계동,202606,아파트_전월세,포레나노원,상계동,680,59.9866,,13200,52,27,10,2020,신규,26.07~28.09,,,,,
노원구,11350,상계동,202606,아파트_전월세,포레나노원,상계동,680,59.9866,,13200,52,2,10,2020,신규,26.07~28.09,,,,,
노원구,11350,상계동,202606,아파트_전월세,"상계주공15(고층,공무원임대)",상계동,624,49.94,,3369,31,6,10,1988,갱신,26.06~28.06,9626.0,15.0,,,
노원구,11350,상계동,202606,아파트_전월세,수락리버시티3단지,상계동,1312,49.93,,7246,13,14,10,2009,갱신,26.07~28.06,4165.0,29.0,,,
노원구,11350,상계동,202606,아파트_전월세,상계주공10(저층),상계동,666,54.54,,27150,0,2,10,1988,갱신,26.08~28.08,24150.0,,,,
노원구,11350,상계동,202606,아파트_전월세,"상계주공15(고층,공무원임대)",상계동,624,41.3,,13890,0,9,10,1988,갱신,26.08~28.08,13229.0,,,,
노원구,11350,중계동,202606,아파트_전월세,건영2,중계동,515-2,84.96,,44000,0,13,10,1991,갱신,26.08~28.08,42000.0,,사용,,
노원구,11350,중계동,202606,아파트_전월세,주공5,중계동,359-1,58.46,,3000,105,9,9,1992,갱신,26.08~28.08,3000.0,100.0,,,
노원구,11350,하계동,202606,아파트_전월세,장미(시영6),하계동,273,39.78,,23000,0,6,10,1989,갱신,26.06~28.06,20000.0,,,,
노원구,11350,상계동,202606,아파트_전월세,"상계주공15(고층,공무원임대)",상계동,624,49.94,,15392,0,1,2,1988,신규,26.06~28.06,,,,,
노원구,11350,월계동,202606,아파트_전월세,월계센트럴아이파크,월계동,951,59.99,,12560,49,6,10,2020,신규,26.07~28.09,,,,,
노원구,11350,공릉동,202606,아파트_전월세,풍림아파트A,공릉동,725,84.99,,50000,0,5,10,2001,갱신,26.07~28.07,48000.0,,사용,,
노원구,11350,하계동,202606,아파트_전월세,장미(시영6),하계동,273,59.22,,15000,50,7,8,1989,갱신,26.07~28.07,15000.0,45.0,사용,,
노원구,11350,상계동,202606,아파트_전월세,은빛1단지,상계동,1255,39.7,,21000,0,3,10,1998,갱신,26.08~28.08,21000.0,,사용,,
노원구,11350,상계동,202606,아파트_전월세,상계주공1(고층),상계동,765,41.3,,5000,53,6,10,1988,신규,26.06~28.06,,,,,
노원구,11350,상계동,202606,아파트_전월세,상계주공7(고층),상계동,691,45.55,,20000,25,4,9,1988,신규,26.07~28.07,,,,,
노원구,11350,상계동,202606,아파트_전월세,상계주공9(고층),상계동,670,41.3,,1000,74,11,10,1988,갱신,26.06~28.06,1000.0,70.0,사용,,
노원구,11350,상계동,202606,아파트_전월세,상계주공9(고층),상계동,670,45.9,,15000,0,3,7,1988,신규,26.06~27.06,,,,,
노원구,11350,상계동,202606,아파트_전월세,"상계주공15(고층,공무원임대)",상계동,624,41.3,,11112,8,10,9,1988,신규,26.07~28.07,,,,,
노원구,11350,상계동,202606,아파트_전월세,청암2단지,상계동,1276,49.77,,30000,0,3,3,2001,신규,26.08~28.08,,,,,
노원구,11350,상계동,202606,아파트_전월세,상계주공16(고층),상계동,624,45.77,,25000,0,13,6,1988,갱신,26.07~28.07,19000.0,,,,
노원구,11350,월계동,202606,아파트_전월세,서광,월계동,922,59.96,,30000,0,12,10,1994,신규,26.07~28.07,,,,,
노원구,11350,상계동,202606,아파트_전월세,상계주공4(고층),상계동,749-5,41.3,,19950,0,13,6,1988,갱신,26.06~28.06,19000.0,,사용,,
노원구,11350,상계동,202606,아파트_전월세,상계주공9(고층),상계동,670,45.9,,26000,0,12,9,1988,신규,26.07~28.07,,,,,
노원구,11350,상계동,202606,아파트_전월세,상계주공11(고층),상계동,652,58.01,,2000,150,12,3,1988,갱신,26.09~28.09,2000.0,100.0,,,
노원구,11350,상계동,202606,아파트_전월세,"상계주공15(고층,공무원임대)",상계동,624,41.3,,8178,12,6,9,1988,갱신,26.07~28.07,7789.0,12.0,,,
노원구,11350,상계동,202606,아파트_전월세,"상계주공15(고층,공무원임대)",상계동,624,41.3,,6945,20,6,9,1988,갱신,26.07~28.07,6614.0,22.0,,,
노원구,11350,월계동,202606,아파트_전월세,사슴2,월계동,320-9,24.12,,587,8,13,9,1995,갱신,26.07~28.06,565.0,8.0,,,
노원구,11350,상계동,202606,아파트_전월세,동아불암(1286-0),상계동,1286,27,,939,14,7,9,1999,신규,26.06~28.08,,,,,
노원구,11350,중계동,202606,아파트_전월세,양지대림2(임대),중계동,588-1,29.67,,1015,14,1,9,1999,신규,26.06~28.08,,,,,
노원구,11350,월계동,202606,아파트_전월세,현대,월계동,929,84.98,,45000,0,1,9,2000,신규,26.07~28.07,,,,,
노원구,11350,월계동,202606,아파트_전월세,청백3,월계동,780,39.84,,1500,80,10,8,1998,신규,26.07~28.07,,,,,
노원구,11350,하계동,202606,아파트_전월세,학여울청구118동(356),하계동,356,32.76,,908,14,6,9,2002,신규,26.06~28.08,,,,,
노원구,11350,상계동,202606,아파트_전월세,불암현대,상계동,1293,84.9,,18000,80,6,7,1999,갱신,26.06~28.06,18000.0,65.0,사용,,
노원구,11350,상계동,202606,아파트_전월세,상계주공4(고층),상계동,749-5,59.2,,37000,0,15,8,1988,신규,26.07~28.07,,,,,
노원구,11350,상계동,202606,아파트_전월세,상계주공3(고층),상계동,730-2,59.2,,21315,0,11,9,1987,갱신,26.06~28.06,20300.0,,사용,,
노원구,11350,중계동,202606,아파트_전월세,양지대림1(임대),중계동,587-1,30.6,,1043,15,20,9,1999,신규,26.06~28.08,,,,,
노원구,11350,월계동,202606,아파트_전월세,청백4,월계동,781,84.54,,40000,0,8,9,1998,신규,26.08~28.08,,,,,
노원구,11350,중계동,202606,아파트_전월세,동진신안,중계동,364,101.99,,84100,0,8,5,1993,갱신,26.06~27.06,67100.0,26.0,,,
노원구,11350,상계동,202606,아파트_전월세,은빛2단지,상계동,1256,39.7,,3000,80,6,3,1998,신규,26.08~28.08,,,,,
노원구,11350,상계동,202606,아파트_전월세,상계주공12(고층),상계동,647,49.94,,27000,0,5,5,1988,신규,26.07~28.07,,,,,
노원구,11350,상계동,202606,아파트_전월세,불암현대아파트(106동),상계동,1294,27,,889,14,9,9,1999,신규,26.06~28.08,,,,,
노원구,11350,중계동,202606,아파트_전월세,목화(4단지),중계동,511-2,39.96,,2163,5,3,9,1991,갱신,26.07~28.06,3027.0,,,,
노원구,11350,상계동,202606,아파트_전월세,상계주공11(고층),상계동,652,68.86,,36750,0,6,2,1988,갱신,26.06~27.06,35000.0,,사용,,
노원구,11350,월계동,202606,아파트_전월세,현대,월계동,929,59.95,,15000,130,17,9,2000,신규,26.09~28.09,,,,,
노원구,11350,상계동,202606,아파트_전월세,상계주공4(고층),상계동,749-5,32.39,,2000,70,3,1,1988,신규,26.06~28.06,,,,,
노원구,11350,상계동,202606,아파트_전월세,상계주공7(고층),상계동,691,45.9,,2000,94,13,9,1988,갱신,26.07~28.07,2000.0,78.0,,,
노원구,11350,공릉동,202606,아파트_전월세,공릉해링턴플레이스,공릉동,106,99.917,,65000,0,10,5,2000,신규,26.07~28.07,,,,,
노원구,11350,공릉동,202606,아파트_전월세,공릉동한보에센시티아파트,공릉동,743,84.93,,45100,0,4,5,2000,갱신,26.07~28.07,43000.0,,사용,,
노원구,11350,상계동,202606,아파트_전월세,상계주공12(고층),상계동,647,49.94,,3000,130,6,9,1988,신규,26.07~28.07,,,,,
노원구,11350,상계동,202606,아파트_전월세,동아불암(1286-0),상계동,1286,27,,939,14,18,9,1999,신규,26.06~28.08,,,,,
노원구,11350,월계동,202606,아파트_전월세,미륭,월계동,13,51.48,,3000,85,6,9,1986,갱신,26.06~28.06,3000.0,80.0,사용,,
노원구,11350,월계동,202606,아파트_전월세,사슴2,월계동,320-9,24.12,,587,7,1,9,1995,갱신,26.07~28.06,565.0,7.0,,,
노원구,11350,상계동,202606,아파트_전월세,상계주공9(고층),상계동,670,49.94,,5000,100,11,8,1988,신규,26.06~28.06,,,,,
노원구,11350,중계동,202606,아파트_전월세,양지대림1(임대),중계동,587-1,30.6,,1043,15,1,9,1999,신규,26.06~28.08,,,,,
노원구,11350,상계동,202606,아파트_전월세,노원센트럴푸르지오,상계동,1355,59.994,,52000,0,13,5,2021,갱신,26.06~28.06,45000.0,,,,
노원구,11350,상계동,202606,아파트_전월세,상계주공7(고층),상계동,691,58.01,,28000,8,9,6,1988,갱신,26.06~28.06,28000.0,,사용,,
노원구,11350,월계동,202606,아파트_전월세,미성,월계동,13,50.14,,32000,0,3,8,1986,신규,26.08~28.06,,,,,
노원구,11350,중계동,202606,아파트_전월세,양지대림2(임대),중계동,588-1,29.67,,1015,14,11,9,1999,신규,26.06~28.08,,,,,
노원구,11350,월계동,202606,아파트_전월세,서광,월계동,922,59.96,,32000,0,8,3,1994,갱신,26.09~28.09,30500.0,,사용,,
노원구,11350,월계동,202606,아파트_전월세,한진한화그랑빌,월계동,18,59.94,,5000,147,15,3,2002,갱신,26.08~28.08,5000.0,140.0,사용,,
노원구,11350,상계동,202606,아파트_전월세,동아불암(1286-0),상계동,1286,27,,939,14,13,9,1999,신규,26.06~28.08,,,,,
노원구,11350,하계동,202606,아파트_전월세,학여울청구118동(356),하계동,356,32.76,,908,14,8,9,2002,신규,26.06~28.08,,,,,
노원구,11350,월계동,202606,아파트_전월세,미성,월계동,13,50.14,,2000,86,7,7,1986,갱신,26.07~28.07,2000.0,82.0,사용,,
노원구,11350,상계동,202606,아파트_전월세,상계주공1(고층),상계동,765,41.3,,25000,0,8,8,1988,신규,26.08~28.08,,,,,
노원구,11350,공릉동,202606,아파트_전월세,공릉아파트,공릉동,110,32.79,,2870,7,7,8,1999,갱신,26.07~28.06,1121.0,16.0,,,
노원구,11350,상계동,202606,아파트_전월세,상계주공11(고층),상계동,652,41.3,,3000,90,15,6,1988,갱신,26.07~28.07,3000.0,65.0,,,
노원구,11350,상계동,202606,아파트_전월세,"상계주공15(고층,공무원임대)",상계동,624,41.3,,13890,0,9,8,1988,신규,26.07~28.07,,,,,
노원구,11350,상계동,202606,아파트_전월세,상계1차중앙하이츠,상계동,1279,134.97,,59000,0,4,3,1997,갱신,26.06~28.06,47000.0,60.0,,,
노원구,11350,상계동,202606,아파트_전월세,상계주공6(고층),상계동,720,32.39,,500,58,11,8,1988,갱신,26.08~28.08,500.0,55.0,사용,,
노원구,11350,중계동,202606,아파트_전월세,중계3벽산,중계동,592,59.88,,43000,0,13,8,1999,신규,26.09~28.09,,,,,
노원구,11350,하계동,202606,아파트_전월세,하계1청구,하계동,251,84.6,,55000,0,1,8,1997,신규,26.09~28.09,,,,,
노원구,11350,상계동,202606,아파트_전월세,대동황토방,상계동,1284,60,,20100,63,9,6,2001,갱신,26.06~27.10,13100.0,90.0,,,
노원구,11350,공릉동,202606,아파트_전월세,삼익포레스트아파트,공릉동,737,84.6,,52000,0,12,2,1995,신규,26.09~28.09,,,,,
노원구,11350,월계동,202606,아파트_전월세,사슴2,월계동,320-9,24.12,,1416,3,11,8,1995,갱신,26.07~28.06,565.0,8.0,,,
노원구,11350,상계동,202606,아파트_전월세,상계주공14(고층),상계동,626,49.94,,24000,0,4,6,1989,갱신,26.06~28.06,20000.0,,,,
노원구,11350,하계동,202606,아파트_전월세,학여울청구118동(356),하계동,356,32.76,,908,14,8,8,2002,갱신,26.07~28.06,874.0,13.0,,,
노원구,11350,상계동,202606,아파트_전월세,은빛1단지,상계동,1255,39.7,,26000,0,7,8,1998,신규,26.07~28.07,,,,,
노원구,11350,상계동,202606,아파트_전월세,은빛2단지,상계동,1256,39.7,,1500,90,3,7,1998,신규,26.07~28.07,,,,,
노원구,11350,공릉동,202606,아파트_전월세,태릉입구역청년주택YNTOWER,공릉동,617-3,16.3,,3932,6,9,8,2021,신규,26.07~28.06,,,,,
노원구,11350,중계동,202606,아파트_전월세,주공6,중계동,364-12,44.1,,5000,70,12,2,1993,갱신,26.07~28.07,24000.0,,사용,,
노원구,11350,상계동,202606,아파트_전월세,상계주공7(고층),상계동,691,41.3,,12000,32,6,4,1988,신규,26.06~28.06,,,,,
노원구,11350,중계동,202606,아파트_전월세,주공2,중계동,369,44.52,,26000,0,11,8,1992,신규,26.07~28.07,,,,,
노원구,11350,월계동,202606,아파트_전월세,사슴3,월계동,320-11,49.5,,25000,0,12,6,1995,신규,26.08~28.08,,,,,
노원구,11350,월계동,202606,아파트_전월세,미성,월계동,13,33.28,,11500,0,3,8,1986,신규,26.07~28.07,,,,,
노원구,11350,공릉동,202606,아파트_전월세,한일휴니스빌,공릉동,683-14,13.62,,1000,55,10,3,2013,신규,26.08~28.08,,,,,
노원구,11350,월계동,202606,아파트_전월세,초안1,월계동,923,39.6,,2000,85,11,6,1998,신규,26.06~28.06,,,,,
노원구,11350,월계동,202606,아파트_전월세,미륭,월계동,13,51.48,,17520,0,13,8,1986,갱신,26.06~28.06,16695.0,,,,
노원구,11350,공릉동,202606,아파트_전월세,청솔아파트8,공릉동,91,84.83,,50000,0,7,8,2000,신규,26.07~28.07,,,,,
노원구,11350,상계동,202606,아파트_전월세,상계주공9(고층),상계동,670,49.94,,30000,0,3,3,1988,신규,26.09~28.09,,,,,
노원구,11350,공릉동,202606,아파트_전월세,공릉아파트,공릉동,110,32.79,,2870,7,4,8,1999,갱신,26.07~28.06,1121.0,16.0,,,
노원구,11350,상계동,202606,아파트_전월세,상계주공1(고층),상계동,765,59.2,,35000,0,3,7,1988,신규,26.08~28.09,,,,,
노원구,11350,월계동,202606,아파트_전월세,현대,월계동,929,114.99,,70000,0,21,8,2000,신규,26.09~28.09,,,,,
노원구,11350,상계동,202606,아파트_전월세,"상계주공15(고층,공무원임대)",상계동,624,41.3,,13890,0,14,8,1988,신규,26.06~28.06,,,,,
노원구,11350,상계동,202606,아파트_전월세,상계주공13(고층),상계동,637,45.9,,5000,90,9,6,1989,신규,26.09~28.09,,,,,
노원구,11350,월계동,202606,아파트_전월세,미성,월계동,13,33.28,,1000,52,3,3,1986,갱신,26.06~27.06,1000.0,50.0,,,
노원구,11350,중계동,202606,아파트_전월세,주공5,중계동,359-1,44.94,,2000,100,11,5,1992,신규,26.07~28.07,,,,,
노원구,11350,상계동,202606,아파트_전월세,"상계주공15(고층,공무원임대)",상계동,624,41.3,,8178,11,14,4,1988,갱신,26.11~28.11,7789.0,11.0,,,
노원구,11350,공릉동,202606,아파트_전월세,공릉아파트,공릉동,110,33.18,,1180,17,12,8,1999,갱신,26.07~28.06,1136.0,16.0,,,
노원구,11350,중계동,202606,아파트_전월세,중계그린1단지,중계동,502-1,39.91,,23000,0,11,6,1990,신규,26.07~28.07,,,,,
노원구,11350,하계동,202606,아파트_전월세,청솔(시영7),하계동,274,49.5,,30000,0,4,6,1989,신규,26.09~28.09,,,,,
노원구,11350,공릉동,202606,아파트_전월세,태강아파트(아이파크),공릉동,81,49.6,,38000,0,3,5,1999,신규,26.09~28.09,,,,,
노원구,11350,월계동,202606,아파트_전월세,삼호3,월계동,13,59.22,,15000,80,5,6,1986,갱신,26.08~28.08,15000.0,65.0,,,
노원구,11350,공릉동,202606,아파트_전월세,삼익포레스트아파트,공릉동,737,51.03,,28000,0,8,6,1995,갱신,26.06~28.06,24200.0,,,,
노원구,11350,상계동,202606,아파트_전월세,상계주공11(고층),상계동,652,79.07,,31500,6,8,1,1988,갱신,26.06~27.06,28500.0,18.0,,,
노원구,11350,상계동,202606,아파트_전월세,"상계주공15(고층,공무원임대)",상계동,624,49.94,,17103,0,9,4,1988,갱신,26.11~28.10,16349.0,,,,
노원구,11350,월계동,202606,아파트_전월세,미성,월계동,13,33.28,,3000,49,2,6,1986,갱신,26.06~28.06,2000.0,50.0,,,
노원구,11350,상계동,202606,아파트_전월세,"상계주공15(고층,공무원임대)",상계동,624,49.94,,16846,0,12,4,1988,갱신,26.10~28.10,16044.0,,,,
노원구,11350,상계동,202606,아파트_전월세,"상계주공15(고층,공무원임대)",상계동,624,41.3,,10000,7,1,2,1988,갱신,26.07~28.07,8796.0,13.0,,,
노원구,11350,상계동,202606,아파트_전월세,"상계주공15(고층,공무원임대)",상계동,624,41.3,,4089,22,13,4,1988,갱신,26.10~28.10,3894.0,21.0,,,
노원구,11350,상계동,202606,아파트_전월세,상계주공4(고층),상계동,749-5,32.39,,2000,73,2,5,1988,신규,26.06~28.06,,,,,
노원구,11350,상계동,202606,아파트_전월세,상계주공7(고층),상계동,691,58.01,,30000,0,2,5,1988,갱신,26.06~28.06,29000.0,,사용,,
노원구,11350,상계동,202606,아파트_전월세,상계주공10(고층),상계동,666,49.94,,19400,0,14,5,1988,갱신,26.07~28.07,18500.0,,사용,,
노원구,11350,상계동,202606,아파트_전월세,상계주공4(고층),상계동,749-5,58.01,,3000,80,1,3,1988,갱신,26.06~27.06,3000.0,70.0,사용,,
노원구,11350,상계동,202606,아파트_전월세,상계주공4(고층),상계동,749-5,41.3,,2000,75,8,3,1988,갱신,26.09~28.09,2000.0,50.0,,,
노원구,11350,월계동,202606,아파트_전월세,삼호4,월계동,12,50.18,,2000,84,8,5,1987,갱신,26.06~28.06,2000.0,80.0,사용,,
노원구,11350,공릉동,202606,아파트_전월세,공릉동한보에센시티아파트,공릉동,743,59.4,,37000,0,6,5,2000,갱신,26.06~28.06,33000.0,,,,
노원구,11350,공릉동,202606,아파트_전월세,시영2단지(라이프)아파트,공릉동,707,49.5,,30000,0,8,1,1994,신규,26.08~28.08,,,,,
노원구,11350,중계동,202606,아파트_전월세,성원2,중계동,581,84.78,,46000,0,11,5,1995,신규,26.08~28.08,,,,,
노원구,11350,공릉동,202606,아파트_전월세,삼익포레스트아파트,공릉동,737,51.03,,28000,0,10,5,1995,갱신,26.07~28.07,21000.0,,,,
노원구,11350,월계동,202606,아파트_전월세,성원(사슴4),월계동,322-1,49.92,,29400,0,13,5,1995,갱신,26.09~28.09,28000.0,,사용,,
노원구,11350,중계동,202606,아파트_전월세,중계무지개,중계동,512,39.82,,21000,0,10,5,1991,갱신,26.06~28.06,21000.0,,사용,,
노원구,11350,중계동,202606,아파트_전월세,주공5,중계동,359-1,44.52,,2000,95,12,1,1992,신규,26.08~28.08,,,,,
노원구,11350,상계동,202606,아파트_전월세,상계주공11(고층),상계동,652,68.86,,10000,150,9,5,1988,신규,26.09~28.09,,,,,
노원구,11350,상계동,202606,아파트_전월세,"상계주공15(고층,공무원임대)",상계동,624,41.3,,2778,32,15,5,1988,신규,26.06~28.06,,,,,
노원구,11350,상계동,202606,아파트_전월세,상계주공16(고층),상계동,624,59.39,,26200,0,10,5,1988,갱신,26.06~28.06,25000.0,,사용,,
노원구,11350,중계동,202606,아파트_전월세,중계3벽산,중계동,592,59.88,,41500,0,9,5,1999,갱신,26.07~28.07,37000.0,,,,
노원구,11350,공릉동,202606,아파트_전월세,태강아파트(아이파크),공릉동,81,49.6,,33600,0,14,4,1999,갱신,26.07~28.07,32000.0,,사용,,
노원구,11350,상계동,202606,아파트_전월세,"상계주공15(고층,공무원임대)",상계동,624,49.94,,11972,15,3,4,1988,신규,26.07~28.07,,,,,
노원구,11350,상계동,202606,아파트_전월세,상계주공6(고층),상계동,720,58.01,,33600,0,10,5,1988,갱신,26.08~28.08,32000.0,,사용,,
노원구,11350,하계동,202606,아파트_전월세,학여울청구,하계동,354,84.77,,50400,0,1,3,1999,갱신,26.08~28.08,48000.0,,사용,,
노원구,11350,중계동,202606,아파트_전월세,중계무지개,중계동,512,49.54,,33000,0,4,5,1991,신규,26.09~28.09,,,,,
노원구,11350,공릉동,202606,아파트_전월세,효성아파트,공릉동,742,73.18,,28000,0,5,5,1995,갱신,26.06~28.06,28000.0,,,,
노원구,11350,중계동,202606,아파트_전월세,주공5,중계동,359-1,76.51,,47775,0,7,5,1992,갱신,26.06~28.06,45500.0,,,,
노원구,11350,상계동,202606,아파트_전월세,벽산,상계동,173-1,46.8,,1000,75,15,5,1989,갱신,26.06~28.06,1000.0,58.0,,,
노원구,11350,중계동,202606,아파트_전월세,주공5,중계동,359-1,44.94,,1000,65,4,5,1992,갱신,26.06~27.11,1000.0,59.0,사용,,
노원구,11350,상계동,202606,아파트_전월세,상계주공5(저층),상계동,721,31.98,,2000,32,2,4,1987,신규,26.06~28.06,,,,,
노원구,11350,상계동,202606,아파트_전월세,"상계주공15(고층,공무원임대)",상계동,624,41.3,,13890,0,3,5,1988,신규,26.07~28.07,,,,,
노원구,11350,상계동,202606,아파트_전월세,벽산,상계동,173-1,46.8,,3000,100,6,3,1989,신규,26.06~28.06,,,,,
노원구,11350,공릉동,202606,아파트_전월세,건영아파트,공릉동,404-3,59.94,,35000,0,4,2,1998,신규,26.07~28.07,,,,,
노원구,11350,중계동,202606,아파트_전월세,주공5,중계동,359-1,44.94,,24000,0,10,4,1992,갱신,26.06~28.06,23000.0,,사용,,
노원구,11350,월계동,202606,아파트_전월세,성북역신도브래뉴,월계동,941,84.8437,,12100,150,8,3,2005,갱신,26.07~28.07,12100.0,102.0,사용,,
노원구,11350,상계동,202606,아파트_전월세,"상계주공15(고층,공무원임대)",상계동,624,41.3,,13890,0,6,4,1988,갱신,26.07~28.07,13229.0,,,,
노원구,11350,상계동,202606,아파트_전월세,"상계주공15(고층,공무원임대)",상계동,624,49.94,,15392,0,1,4,1988,갱신,26.07~28.07,15531.0,,,,
노원구,11350,상계동,202606,아파트_전월세,"상계주공15(고층,공무원임대)",상계동,624,49.94,,17103,0,11,5,1988,신규,26.07~28.07,,,,,
노원구,11350,월계동,202606,아파트_전월세,동원베네스트,월계동,940,84.627,,48000,0,3,3,2005,신규,26.07~28.07,,,,,
노원구,11350,상계동,202606,아파트_전월세,"상계주공15(고층,공무원임대)",상계동,624,41.3,,13890,0,14,4,1988,신규,26.06~28.06,,,,,
노원구,11350,상계동,202606,아파트_전월세,상계주공14(고층),상계동,626,59.39,,9000,60,15,1,1989,갱신,26.06~28.06,9000.0,35.0,,,
노원구,11350,상계동,202606,아파트_전월세,상계주공9(고층),상계동,670,49.94,,32000,0,13,3,1988,신규,26.08~28.08,,,,,
노원구,11350,상계동,202606,아파트_전월세,상계우방유쉘,상계동,1295,59.93,,25000,40,14,4,2000,갱신,26.06~28.06,25000.0,20.0,사용,,
노원구,11350,월계동,202606,아파트_전월세,주공2,월계동,556,38.64,,23000,0,15,3,1992,신규,26.07~28.07,,,,,
노원구,11350,상계동,202606,아파트_전월세,"상계주공15(고층,공무원임대)",상계동,624,49.94,,10107,15,13,4,1988,갱신,26.06~28.06,9626.0,15.0,,,
노원구,11350,중계동,202606,아파트_전월세,동진신안,중계동,364,134.74,,50000,150,1,4,1993,신규,26.07~28.07,,,,,
노원구,11350,중계동,202606,아파트_전월세,현대그린,중계동,49,84.99,,55000,0,4,1,1998,신규,26.07~28.07,,,,,
노원구,11350,상계동,202606,아파트_전월세,"상계주공15(고층,공무원임대)",상계동,624,41.3,,13890,0,9,4,1988,갱신,26.08~28.08,13229.0,,,,
노원구,11350,상계동,202606,아파트_전월세,상계주공6(고층),상계동,720,41.3,,16275,0,3,2,1988,갱신,26.06~28.06,15500.0,,사용,,
노원구,11350,상계동,202606,아파트_전월세,"상계주공15(고층,공무원임대)",상계동,624,49.94,,17103,0,11,4,1988,갱신,26.08~28.08,16349.0,,,,
노원구,11350,상계동,202606,아파트_전월세,상계주공16(고층),상계동,624,59.39,,25000,40,14,3,1988,신규,26.08~28.08,,,,,
노원구,11350,중계동,202606,아파트_전월세,중계그린1단지,중계동,502-1,39.91,,25000,0,6,3,1990,신규,26.08~28.08,,,,,
노원구,11350,상계동,202606,아파트_전월세,상계주공7(고층),상계동,691,41.3,,20000,0,10,4,1988,갱신,26.06~28.06,16800.0,,,,
노원구,11350,상계동,202606,아파트_전월세,상계주공7(고층),상계동,691,41.3,,23100,0,9,3,1988,갱신,26.07~28.07,22000.0,,사용,,
노원구,11350,중계동,202606,아파트_전월세,삼성,중계동,593,59.9,,36000,0,4,4,1999,갱신,26.06~28.06,33600.0,,,,
노원구,11350,상계동,202606,아파트_전월세,상계주공3(고층),상계동,730-2,58.01,,28350,0,12,2,1987,갱신,26.06~28.06,27000.0,,사용,,
노원구,11350,상계동,202606,아파트_전월세,"상계주공15(고층,공무원임대)",상계동,624,49.94,,17103,0,2,4,1988,신규,26.07~28.07,,,,,
노원구,11350,상계동,202606,아파트_전월세,상계주공13(고층),상계동,637,45.9,,16000,0,5,4,1989,갱신,26.07~28.07,15000.0,,,,
노원구,11350,상계동,202606,아파트_전월세,상계주공9(고층),상계동,670,49.94,,23900,0,11,4,1988,갱신,26.07~28.07,20900.0,,,,
노원구,11350,상계동,202606,아파트_전월세,상계주공3(고층),상계동,730-2,59.2,,30000,0,2,3,1987,갱신,26.08~28.08,26000.0,,,,
노원구,11350,상계동,202606,아파트_전월세,한신1차,상계동,135,53.96,,30000,0,1,3,1987,신규,26.07~28.07,,,,,
노원구,11350,상계동,202606,아파트_전월세,상계주공1(고층),상계동,765,58.01,,35000,0,6,3,1988,신규,26.09~28.09,,,,,
노원구,11350,상계동,202606,아파트_전월세,상계주공7(고층),상계동,691,45.9,,17000,20,7,3,1988,신규,26.06~28.06,,,,,
노원구,11350,월계동,202606,아파트_전월세,삼호3,월계동,13,59.22,,24000,0,14,3,1986,갱신,26.06~28.06,21000.0,,,,
노원구,11350,상계동,202606,아파트_전월세,상계주공13(고층),상계동,637,45.9,,6150,43,10,3,1989,갱신,26.06~28.06,6150.0,40.0,사용,,
노원구,11350,상계동,202606,아파트_전월세,"상계주공15(고층,공무원임대)",상계동,624,49.94,,17103,0,2,2,1988,갱신,26.07~28.07,16349.0,,,,
노원구,11350,중계동,202606,아파트_전월세,청구3,중계동,360-2,84.77,,80000,0,6,2,1996,갱신,26.09~28.09,77000.0,,사용,,
노원구,11350,상계동,202606,아파트_전월세,청암2단지,상계동,1276,49.77,,22000,12,14,3,2001,갱신,26.07~28.07,22000.0,,,,
노원구,11350,상계동,202606,아파트_전월세,상계주공13(고층),상계동,637,45.9,,26000,0,5,2,1989,신규,26.08~28.08,,,,,
노원구,11350,상계동,202606,아파트_전월세,"상계주공15(고층,공무원임대)",상계동,624,49.94,,13476,8,4,2,1988,갱신,26.08~28.08,12835.0,7.0,,,
노원구,11350,상계동,202606,아파트_전월세,수락파크빌,상계동,1269,114.82,,40000,100,15,3,2001,신규,26.08~28.08,,,,,
노원구,11350,하계동,202606,아파트_전월세,장미(시영6),하계동,273,49.75,,26040,0,14,4,1989,갱신,26.06~28.06,24800.0,,,,
노원구,11350,월계동,202606,아파트_전월세,한진한화그랑빌,월계동,18,84.97,,65000,0,21,3,2002,신규,26.08~28.08,,,,,
노원구,11350,하계동,202606,아파트_전월세,한신1,하계동,284,44.52,,28000,0,1,1,1988,신규,26.07~28.07,,,,,
노원구,11350,월계동,202606,아파트_전월세,한진한화그랑빌,월계동,18,84.97,,65000,0,3,3,2002,신규,26.08~28.08,,,,,
노원구,11350,중계동,202606,아파트_전월세,롯데(505),중계동,505,84.97,,60000,0,11,3,1989,신규,26.08~28.08,,,,,
노원구,11350,공릉동,202606,아파트_전월세,공릉행복주택,공릉동,428-7,40.32,,13600,15,12,1,2019,갱신,26.06~28.07,9200.0,37.0,,,
노원구,11350,공릉동,202606,아파트_전월세,대아아파트1차,공릉동,740,84.86,,40500,0,5,2,1997,신규,26.06~28.06,,,,,
노원구,11350,상계동,202606,아파트_전월세,"상계주공15(고층,공무원임대)",상계동,624,41.3,,8334,16,3,2,1988,갱신,26.07~28.07,9260.0,13.0,,,
노원구,11350,상계동,202606,아파트_전월세,"상계주공15(고층,공무원임대)",상계동,624,49.94,,17103,0,7,2,1988,갱신,26.07~28.07,16349.0,,,,
노원구,11350,상계동,202606,아파트_전월세,상계주공2(고층),상계동,740,58.01,,26670,0,14,2,1987,신규,26.08~28.08,,,,,
노원구,11350,중계동,202606,아파트_전월세,현대(6차),중계동,34-5,59.84,,35700,0,8,1,2018,갱신,26.06~28.06,34000.0,,사용,,
노원구,11350,월계동,202606,아파트_전월세,삼호3,월계동,13,59.22,,28000,0,14,1,1986,갱신,26.06~28.06,27000.0,,사용,,
노원구,11350,상계동,202606,아파트_전월세,상계주공2(고층),상계동,740,41.3,,24000,0,10,2,1987,신규,26.08~28.08,,,,,
노원구,11350,중계동,202606,아파트_전월세,중계그린1단지,중계동,502-1,44.1,,26250,0,1,2,1990,갱신,26.06~28.06,25000.0,,사용,,
노원구,11350,상계동,202606,아파트_전월세,상계주공1(고층),상계동,765,58.01,,33000,0,5,2,1988,갱신,26.06~28.06,30000.0,,,,
노원구,11350,공릉동,202606,아파트_전월세,태강아파트(아이파크),공릉동,81,49.6,,26000,0,6,1,1999,갱신,26.06~28.06,24000.0,,,,
노원구,11350,상계동,202606,아파트_전월세,상계불암대림,상계동,1289,84.96,,8000,150,11,2,2000,갱신,26.06~28.06,8000.0,120.0,,,
노원구,11350,월계동,202606,아파트_전월세,삼호3,월계동,13,59.22,,30000,0,3,2,1986,신규,26.08~28.08,,,,,
노원구,11350,상계동,202606,아파트_전월세,"상계주공15(고층,공무원임대)",상계동,624,49.94,,15392,0,1,2,1988,신규,26.06~28.06,,,,,
노원구,11350,중계동,202606,아파트_전월세,주공8,중계동,362-1,49.72,,39000,0,4,2,1993,신규,26.07~28.07,,,,,
노원구,11350,공릉동,202606,아파트_전월세,태강아파트(아이파크),공릉동,81,49.6,,26000,0,12,1,1999,신규,26.08~28.08,,,,,
노원구,11350,하계동,202606,아파트_전월세,현대,하계동,270,84.95,,58000,0,11,1,1988,신규,26.08~28.08,,,,,
노원구,11350,상계동,202606,아파트_전월세,"상계주공15(고층,공무원임대)",상계동,624,49.94,,17103,0,6,1,1988,신규,26.06~28.06,,,,,
노원구,11350,상계동,202606,아파트_전월세,"상계주공15(고층,공무원임대)",상계동,624,49.94,,17103,0,4,1,1988,신규,26.07~28.06,,,,,
노원구,11350,상계동,202606,아파트_전월세,"상계주공15(고층,공무원임대)",상계동,624,49.94,,3420,40,5,1,1988,신규,26.06~28.06,,,,,
노원구,11350,상계동,202606,아파트_전월세,"상계주공15(고층,공무원임대)",상계동,624,41.3,,13890,0,4,1,1988,신규,26.06~28.06,,,,,
노원구,11350,상계동,202606,아파트_전월세,상계주공9(고층),상계동,670,49.94,,3000,55,10,1,1988,신규,26.08~28.08,,,,,
노원구,11350,상계동,202606,아파트_전월세,상계주공6(고층),상계동,720,32.39,,2000,80,9,1,1988,신규,26.07~28.07,,,,,
노원구,11350,중계동,202606,아파트_전월세,금호타운(583),중계동,583,84.98,,57000,0,7,1,1997,신규,26.08~28.08,,,,,
노원구,11350,상계동,202606,아파트_전월세,은빛1단지,상계동,1255,39.7,,3000,85,15,1,1998,신규,26.06~28.06,,,,,
노원구,11350,중계동,202606,아파트_전월세,주공6,중계동,364-12,44.1,,1000,73,1,1,1993,갱신,26.08~28.08,1000.0,70.0,사용,,
노원구,11350,상계동,202606,아파트_전월세,상계주공6(고층),상계동,720,49.94,,20000,50,4,1,1988,신규,26.09~28.09,,,,,
노원구,11350,중계동,202606,오피스텔_매매,(506),중계동,506,93.37,74000,,,8,18,2005,,,,,,중개거래,
노원구,11350,월계동,202606,오피스텔_매매,그랑디오피스텔,월계동,635-4,19.81,7000,,,6,23,2002,,,,,,중개거래,
노원구,11350,상계동,202606,오피스텔_매매,노빌리안골드,상계동,734-3,27.72,11900,,,10,12,2004,,,,,,중개거래,
노원구,11350,상계동,202606,오피스텔_매매,토마토파르코,상계동,1267,36.767,16000,,,5,8,2005,,,,,,중개거래,
노원구,11350,상계동,202606,오피스텔_매매,하이베라스,상계동,1262,39.29,14900,,,7,10,2003,,,,,,중개거래,
노원구,11350,상계동,202606,오피스텔_매매,토마토파르코,상계동,1267,72.76,31400,,,12,3,2005,,,,,,중개거래,
노원구,11350,하계동,202606,연립다세대_매매,성우그랜드빌,하계동,65-55,30.34,7000,,,-1,23,2001,,,,,,중개거래,
노원구,11350,공릉동,202606,연립다세대_매매,르네상스힐,공릉동,502-1,41.18,48800,,,4,30,2023,,,,,,직거래,
노원구,11350,월계동,202606,연립다세대_매매,세움2차,월계동,472-17,39.18,30500,,,6,30,2018,,,,,,중개거래,
노원구,11350,월계동,202606,연립다세대_매매,숲속그린빌,월계동,534-118,34.81,30000,,,2,20,2017,,,,,,중개거래,
노원구,11350,상계동,202606,연립다세대_매매,보람빌라15차,상계동,143-20,82.62,40000,,,4,19,1997,,,,,,중개거래,
노원구,11350,상계동,202606,연립다세대_매매,범하하이츠타운,상계동,71-197,55.8,24200,,,3,21,2002,,,,,,중개거래,
노원구,11350,상계동,202606,연립다세대_매매,신성파크빌라,상계동,1380-5,52.39,35100,,,-1,19,1994,,,,,,중개거래,
노원구,11350,공릉동,202606,연립다세대_매매,경연빌라,공릉동,592-22,100.92,31000,,,4,22,1991,,,,,,중개거래,
노원구,11350,상계동,202606,연립다세대_매매,초원빌라2차,상계동,1386-10,63.33,43900,,,2,19,1997,,,,,,중개거래,
노원구,11350,중계동,202606,연립다세대_매매,한솔빌라2차,중계동,107-19,50.58,22800,,,1,27,1999,,,,,,중개거래,
노원구,11350,상계동,202606,연립다세대_매매,선화빌라,상계동,1396-1,58.32,47000,,,3,13,1994,,,,,,중개거래,
노원구,11350,상계동,202606,연립다세대_매매,홍진그린빌라8차,상계동,1383-3,54.48,36550,,,2,20,1997,,,,,,중개거래,
노원구,11350,상계동,202606,연립다세대_매매,태광아트빌라,상계동,1375-3,49.33,35500,,,1,27,1996,,,,,,중개거래,
노원구,11350,공릉동,202606,연립다세대_매매,중앙연립주택(566-42),공릉동,566-42,45.63,11000,,,-1,26,1986,,,,,,직거래,
노원구,11350,상계동,202606,연립다세대_매매,"정우빌라가,나동",상계동,1104-2,83.94,30000,,,1,26,1986,,,,,,중개거래,
노원구,11350,상계동,202606,연립다세대_매매,영광빌라,상계동,1375-2,39.96,32900,,,2,19,1995,,,,,,중개거래,
노원구,11350,상계동,202606,연립다세대_매매,5차홍진그린맨션,상계동,1374-13,62.88,40500,,,4,6,1996,,,,,,중개거래,
노원구,11350,상계동,202606,연립다세대_매매,삼우아트빌라1동,상계동,184-8,32.58,13700,,,4,13,1993,,,,,,중개거래,
노원구,11350,상계동,202606,연립다세대_매매,세창빌라(나)동,상계동,1365-2,38.64,37000,,,1,27,1993,,,,,,중개거래,
노원구,11350,상계동,202606,연립다세대_매매,우암빌라C동,상계동,389-790,40.48,26000,,,1,29,1992,,,,,,중개거래,
노원구,11350,상계동,202606,연립다세대_매매,태광아트빌라,상계동,1375-3,56.32,37650,,,-1,29,1996,,,,,,중개거래,
노원구,11350,상계동,202606,연립다세대_매매,대우팰리스,상계동,72-54,28.1,24000,,,6,1,2017,,,,,,중개거래,
노원구,11350,공릉동,202606,연립다세대_매매,(269-11),공릉동,269-11,42.69,15500,,,1,11,1987,,,,,,중개거래,
노원구,11350,상계동,202606,연립다세대_매매,초원1차빌라,상계동,1386-9,75.14,43700,,,3,3,1997,,,,,,중개거래,
노원구,11350,월계동,202606,연립다세대_매매,(272-62),월계동,272-62,46.09,24000,,,2,1,1976,,,,,,중개거래,
노원구,11350,상계동,202606,연립다세대_매매,내경빌라,상계동,1382-27,70.61,39700,,,3,5,1995,,,,,,중개거래,
노원구,11350,상계동,202606,연립다세대_매매,신성빌라,상계동,1376-26,71.74,47000,,,2,22,1997,,,,,,중개거래,
노원구,11350,상계동,202606,연립다세대_매매,동아그린빌라,상계동,1374-12,82,47400,,,2,1,1997,,,,,,중개거래,
노원구,11350,중계동,202606,연립다세대_매매,동선(90-64),중계동,90-64,35.1,15000,,,2,23,1989,,,,,,중개거래,
노원구,11350,상계동,202606,연립다세대_매매,대보빌라3동,상계동,134-5,37.91,13000,,,1,25,1992,,,,,,중개거래,
노원구,11350,상계동,202606,연립다세대_매매,은빛정원,상계동,1054-18,32.3,20000,,,3,24,2017,,,,,,직거래,
노원구,11350,월계동,202606,연립다세대_매매,동성네스트,월계동,912,66.42,37400,,,2,1,2013,,,,,,중개거래,
노원구,11350,상계동,202606,연립다세대_매매,순호주택,상계동,1096-7,37.05,17500,,,3,9,2003,,,,,,중개거래,
노원구,11350,상계동,202606,연립다세대_매매,대성빌라,상계동,1379-1,51.21,41000,,,2,23,1993,,,,,,중개거래,
노원구,11350,상계동,202606,연립다세대_매매,우정빌라,상계동,1388-40,57.24,43000,,,1,23,1999,,,,,,중개거래,
노원구,11350,공릉동,202606,연립다세대_매매,서연하우스,공릉동,320-112,52.48,29800,,,4,15,2013,,,,,,중개거래,
노원구,11350,월계동,202606,연립다세대_매매,(402-57),월계동,402-57,37.45,13000,,,-1,22,1990,,,,,,중개거래,
노원구,11350,상계동,202606,연립다세대_매매,삼우아트빌라1동,상계동,184-8,29.7,18500,,,2,8,1993,,,,,,중개거래,
노원구,11350,월계동,202606,연립다세대_매매,인덕그린빌라,월계동,656-29,99.98,34800,,,2,4,1984,,,,,,중개거래,
노원구,11350,공릉동,202606,연립다세대_매매,우성빌라B동,공릉동,366-32,36.93,15700,,,1,17,1991,,,,,,중개거래,
노원구,11350,공릉동,202606,연립다세대_매매,어반지음,공릉동,270-7,45.37,42500,,,4,9,2023,,,,,,중개거래,
노원구,11350,월계동,202606,연립다세대_매매,유림하이츠빌라,월계동,392-48,32.48,19500,,,1,13,1993,,,,,,중개거래,
노원구,11350,상계동,202606,연립다세대_매매,오성빌라,상계동,322-8,64.68,35000,,,2,17,1985,,,,,,중개거래,
노원구,11350,상계동,202606,연립다세대_매매,동광빌라트,상계동,370-11,57.77,31800,,,2,11,2002,,,,,,중개거래,
노원구,11350,하계동,202606,연립다세대_매매,리치힐HOUSE,하계동,169-4,46.06,42600,,,2,12,2026,,,,,,직거래,
노원구,11350,하계동,202606,연립다세대_매매,리치힐HOUSE,하계동,169-4,48.74,45850,,,2,12,2026,,,,,,직거래,
노원구,11350,하계동,202606,연립다세대_매매,리치힐HOUSE,하계동,169-4,48.21,44350,,,2,12,2026,,,,,,직거래,
노원구,11350,하계동,202606,연립다세대_매매,리치힐HOUSE,하계동,169-4,46.68,42650,,,2,12,2026,,,,,,직거래,
노원구,11350,하계동,202606,연립다세대_매매,리치힐HOUSE,하계동,169-4,52.55,46950,,,2,12,2026,,,,,,직거래,
노원구,11350,하계동,202606,연립다세대_매매,리치힐HOUSE,하계동,169-4,45.64,41500,,,2,12,2026,,,,,,직거래,
노원구,11350,하계동,202606,연립다세대_매매,리치힐HOUSE,하계동,169-4,45.91,41700,,,2,12,2026,,,,,,직거래,
노원구,11350,하계동,202606,연립다세대_매매,리치힐HOUSE,하계동,169-4,46.06,43050,,,3,12,2026,,,,,,직거래,
노원구,11350,하계동,202606,연립다세대_매매,리치힐HOUSE,하계동,169-4,48.74,46100,,,3,12,2026,,,,,,직거래,
노원구,11350,하계동,202606,연립다세대_매매,리치힐HOUSE,하계동,169-4,48.21,44800,,,3,12,2026,,,,,,직거래,
노원구,11350,하계동,202606,연립다세대_매매,리치힐HOUSE,하계동,169-4,46.68,43200,,,3,12,2026,,,,,,직거래,
노원구,11350,하계동,202606,연립다세대_매매,리치힐HOUSE,하계동,169-4,52.55,47500,,,3,12,2026,,,,,,직거래,
노원구,11350,하계동,202606,연립다세대_매매,리치힐HOUSE,하계동,169-4,45.64,42000,,,3,12,2026,,,,,,직거래,
노원구,11350,하계동,202606,연립다세대_매매,리치힐HOUSE,하계동,169-4,45.91,42200,,,3,12,2026,,,,,,직거래,
노원구,11350,하계동,202606,연립다세대_매매,리치힐HOUSE,하계동,169-4,48.93,44450,,,4,12,2026,,,,,,직거래,
노원구,11350,하계동,202606,연립다세대_매매,리치힐HOUSE,하계동,169-4,47.11,43050,,,4,12,2026,,,,,,직거래,
노원구,11350,하계동,202606,연립다세대_매매,리치힐HOUSE,하계동,169-4,46.08,42150,,,4,12,2026,,,,,,직거래,
노원구,11350,하계동,202606,연립다세대_매매,리치힐HOUSE,하계동,169-4,44.38,40550,,,4,12,2026,,,,,,직거래,
노원구,11350,하계동,202606,연립다세대_매매,리치힐HOUSE,하계동,169-4,44.56,40750,,,4,12,2026,,,,,,직거래,
노원구,11350,하계동,202606,연립다세대_매매,리치힐HOUSE,하계동,169-4,50.65,47650,,,4,12,2026,,,,,,직거래,
노원구,11350,하계동,202606,연립다세대_매매,리치힐HOUSE,하계동,169-4,48.93,45000,,,5,12,2026,,,,,,직거래,
노원구,11350,하계동,202606,연립다세대_매매,리치힐HOUSE,하계동,169-4,47.11,43500,,,5,12,2026,,,,,,직거래,
노원구,11350,하계동,202606,연립다세대_매매,리치힐HOUSE,하계동,169-4,46.08,42600,,,5,12,2026,,,,,,직거래,
노원구,11350,하계동,202606,연립다세대_매매,리치힐HOUSE,하계동,169-4,44.38,41050,,,5,12,2026,,,,,,직거래,
노원구,11350,하계동,202606,연립다세대_매매,리치힐HOUSE,하계동,169-4,44.56,40500,,,5,12,2026,,,,,,직거래,
노원구,11350,하계동,202606,연립다세대_매매,리치힐HOUSE,하계동,169-4,50.65,46850,,,5,12,2026,,,,,,직거래,
노원구,11350,하계동,202606,연립다세대_매매,리치힐HOUSE,하계동,169-4,59.44,56800,,,6,12,2026,,,,,,직거래,
노원구,11350,하계동,202606,연립다세대_매매,리치힐HOUSE,하계동,169-4,54.48,51500,,,6,12,2026,,,,,,직거래,
노원구,11350,하계동,202606,연립다세대_매매,리치힐HOUSE,하계동,169-4,56.98,53300,,,6,12,2026,,,,,,직거래,
노원구,11350,상계동,202606,연립다세대_매매,선화빌라,상계동,1396-1,53.28,37000,,,3,9,1994,,,,,,중개거래,
노원구,11350,공릉동,202606,연립다세대_매매,현대아트빌라(408-150),공릉동,408-150,50.55,21600,,,3,13,1993,,,,,,중개거래,
노원구,11350,공릉동,202606,연립다세대_매매,미래골드빌,공릉동,569-10,59.95,30800,,,4,5,2012,,,,,,중개거래,
노원구,11350,상계동,202606,연립다세대_매매,초원빌라2차,상계동,1386-10,63.63,39050,,,-1,12,1997,,,,,,중개거래,
노원구,11350,상계동,202606,연립다세대_매매,선진파크빌라,상계동,1382-16,49.38,37500,,,3,5,1992,,,,,,중개거래,
노원구,11350,중계동,202606,연립다세대_매매,쉬즈빌6차(110-18),중계동,110-18,89.9,41150,,,3,10,2004,,,,,,중개거래,
노원구,11350,상계동,202606,연립다세대_매매,"풀내음파크빌A,B동",상계동,1049-48,78.33,31700,,,3,9,2008,,,,,,중개거래,
노원구,11350,상계동,202606,연립다세대_매매,타워그린빌라A,상계동,1382-12,34.52,30000,,,1,8,1995,,,,,,중개거래,
노원구,11350,하계동,202606,연립다세대_매매,삼성맨션,하계동,275-1,77.84,43500,,,2,5,2002,,,,,,중개거래,
노원구,11350,공릉동,202606,연립다세대_매매,해인주택,공릉동,513-73,63.61,21300,,,5,4,2011,,,,,,중개거래,
노원구,11350,상계동,202606,연립다세대_매매,아르온,상계동,1054-11,26.05,21650,,,2,1,2026,,,,,,직거래,
노원구,11350,상계동,202606,연립다세대_매매,아르온,상계동,1054-11,26.35,21950,,,2,1,2026,,,,,,직거래,
노원구,11350,상계동,202606,연립다세대_매매,아르온,상계동,1054-11,26.17,21550,,,2,1,2026,,,,,,직거래,
노원구,11350,상계동,202606,연립다세대_매매,아르온,상계동,1054-11,27.13,22050,,,2,1,2026,,,,,,직거래,
노원구,11350,상계동,202606,연립다세대_매매,아르온,상계동,1054-11,28.43,23050,,,2,1,2026,,,,,,직거래,
노원구,11350,상계동,202606,연립다세대_매매,아르온,상계동,1054-11,26.05,21850,,,3,1,2026,,,,,,직거래,
노원구,11350,상계동,202606,연립다세대_매매,아르온,상계동,1054-11,26.35,22300,,,3,1,2026,,,,,,직거래,
노원구,11350,상계동,202606,연립다세대_매매,아르온,상계동,1054-11,26.17,21850,,,3,1,2026,,,,,,직거래,
노원구,11350,상계동,202606,연립다세대_매매,아르온,상계동,1054-11,27.13,22450,,,3,1,2026,,,,,,직거래,
노원구,11350,상계동,202606,연립다세대_매매,아르온,상계동,1054-11,28.43,23400,,,3,1,2026,,,,,,직거래,
노원구,11350,상계동,202606,연립다세대_매매,아르온,상계동,1054-11,26.05,21950,,,4,1,2026,,,,,,직거래,
노원구,11350,상계동,202606,연립다세대_매매,아르온,상계동,1054-11,26.35,22450,,,4,1,2026,,,,,,직거래,
노원구,11350,상계동,202606,연립다세대_매매,아르온,상계동,1054-11,25.62,21350,,,4,1,2026,,,,,,직거래,
노원구,11350,상계동,202606,연립다세대_매매,아르온,상계동,1054-11,27.61,23300,,,4,1,2026,,,,,,직거래,
노원구,11350,상계동,202606,연립다세대_매매,아르온,상계동,1054-11,26.05,22050,,,5,1,2026,,,,,,직거래,
노원구,11350,상계동,202606,연립다세대_매매,아르온,상계동,1054-11,37.445,30200,,,5,1,2026,,,,,,직거래,
노원구,11350,상계동,202606,연립다세대_매매,아르온,상계동,1054-11,26.05,21950,,,6,1,2026,,,,,,직거래,
노원구,11350,상계동,202606,연립다세대_매매,아르온,상계동,1054-11,37.445,29900,,,6,1,2026,,,,,,직거래,
노원구,11350,공릉동,202606,연립다세대_매매,청화주택(561-9),공릉동,561-9,67.29,31500,,,1,3,2002,,,,,,중개거래,
노원구,11350,상계동,202606,연립다세대_매매,태림빌라,상계동,135-2,56.47,20000,,,1,1,1994,,,,,,중개거래,
노원구,11350,상계동,202606,아파트_매매,상계주공14(고층),상계동,626,49.94,57000,,,13,3,1989,,,,,,중개거래,
노원구,11350,공릉동,202606,아파트_매매,삼익아파트,공릉동,690-2,59.89,58500,,,10,9,1997,,,,,,중개거래,
노원구,11350,중계동,202606,아파트_매매,주공2,중계동,369,44.52,38000,,,11,5,1992,,,,,,중개거래,
노원구,11350,상계동,202606,아파트_매매,대망드림힐1,상계동,1304,70.8818,62500,,,5,26,2003,,,,,,중개거래,
노원구,11350,중계동,202606,아파트_매매,한화꿈에그린,중계동,598,84.902,86000,,,11,4,2005,,,,,,중개거래,
노원구,11350,상계동,202606,아파트_매매,노원센트럴푸르지오,상계동,1355,84.999,110000,,,18,23,2021,,,,,,중개거래,
노원구,11350,상계동,202606,아파트_매매,상계2차중앙하이츠,상계동,1282,84.6,84500,,,4,25,1998,,,,,,중개거래,
노원구,11350,공릉동,202606,아파트_매매,노원프레미어스엠코,공릉동,670-20,84.0408,93500,,,31,18,2016,,,,,,중개거래,
노원구,11350,중계동,202606,아파트_매매,라이프,중계동,366,115.65,129000,,,14,20,1993,,,,,,중개거래,
노원구,11350,상계동,202606,아파트_매매,상계주공9(고층),상계동,670,45.9,49500,,,12,22,1988,,,,,,중개거래,
노원구,11350,상계동,202606,아파트_매매,상계주공6(고층),상계동,720,58.01,79500,,,2,5,1988,,,,,,중개거래,
노원구,11350,월계동,202606,아파트_매매,유원,월계동,880,59.93,42000,,,8,29,1998,,,,,,중개거래,
노원구,11350,하계동,202606,아파트_매매,장미(시영6),하계동,273,59.22,60000,,,13,26,1989,,,,,,직거래,
노원구,11350,하계동,202606,아파트_매매,한신1,하계동,284,35.28,45500,,,9,24,1988,,,,,,중개거래,
노원구,11350,월계동,202606,아파트_매매,월계센트럴아이파크,월계동,951,84.99,120000,,,5,30,2020,,,,,,중개거래,
노원구,11350,상계동,202606,아파트_매매,상계주공7(고층),상계동,691,49.94,76000,,,7,27,1988,,,,,,중개거래,
노원구,11350,하계동,202606,아파트_매매,우성,하계동,270,84.91,119500,,,9,24,1988,,,,,,중개거래,
노원구,11350,중계동,202606,아파트_매매,주공8,중계동,362-1,49.72,61600,,,15,22,1993,,,,,,중개거래,
노원구,11350,월계동,202606,아파트_매매,청백4,월계동,781,39.84,32000,,,9,25,1998,,,,,,중개거래,
노원구,11350,상계동,202606,아파트_매매,대망드림힐1,상계동,1304,70.8818,62500,,,5,26,2003,,,,,,중개거래,O
노원구,11350,중계동,202606,아파트_매매,성원1,중계동,580,134.78,116000,,,17,29,1996,,,,,,중개거래,
노원구,11350,공릉동,202606,아파트_매매,대주파크빌아파트,공릉동,751,81.12,70000,,,3,25,2003,,,,,,중개거래,
노원구,11350,월계동,202606,아파트_매매,청백4,월계동,781,59.4,43500,,,2,26,1998,,,,,,중개거래,
노원구,11350,공릉동,202606,아파트_매매,풍림아파트A,공릉동,725,114.78,109500,,,15,19,2001,,,,,,중개거래,
노원구,11350,월계동,202606,아파트_매매,성북역신도브래뉴,월계동,941,59.8215,67900,,,3,27,2005,,,,,,중개거래,
노원구,11350,월계동,202606,아파트_매매,동신,월계동,436,104.36,100000,,,11,23,1983,,,,,,중개거래,
노원구,11350,상계동,202606,아파트_매매,상계주공16(고층),상계동,624,45.77,37900,,,1,26,1988,,,,,,중개거래,
노원구,11350,공릉동,202606,아파트_매매,현대(고려)아파트,공릉동,590-1,84.09,69500,,,4,27,1999,,,,,,중개거래,
노원구,11350,상계동,202606,아파트_매매,우림루미아트1,상계동,1306,84.795,61800,,,1,13,2004,,,,,,중개거래,
노원구,11350,상계동,202606,아파트_매매,상계주공2(고층),상계동,740,58.01,72000,,,3,18,1987,,,,,,중개거래,
노원구,11350,월계동,202606,아파트_매매,미성,월계동,13,33.28,78000,,,5,18,1986,,,,,,중개거래,
노원구,11350,상계동,202606,아파트_매매,은빛2단지,상계동,1256,59.92,54400,,,3,29,1998,,,,,,중개거래,
노원구,11350,공릉동,202606,아파트_매매,비선아파트,공릉동,109,48.6,39000,,,11,20,1999,,,,,,중개거래,
노원구,11350,월계동,202606,아파트_매매,동신,월계동,436,106.7,102500,,,2,25,1983,,,,,,중개거래,
노원구,11350,상계동,202606,아파트_매매,상계주공1(고층),상계동,765,58.01,64500,,,3,25,1988,,,,,,중개거래,
노원구,11350,월계동,202606,아파트_매매,미성,월계동,13,50.14,57000,,,10,12,1986,,,,,,직거래,
노원구,11350,상계동,202606,아파트_매매,포레나노원,상계동,680,59.9866,91000,,,12,27,2020,,,,,,중개거래,
노원구,11350,중계동,202606,아파트_매매,건영2,중계동,515-2,75.02,76500,,,4,27,1991,,,,,,중개거래,
노원구,11350,공릉동,202606,아파트_매매,시영3차(라이프)아파트,공릉동,715,34.44,31700,,,12,30,1994,,,,,,중개거래,
노원구,11350,상계동,202606,아파트_매매,보람아파트,상계동,639,79.25,74800,,,4,24,1988,,,,,,중개거래,
노원구,11350,월계동,202606,아파트_매매,한진한화그랑빌,월계동,18,84.97,103000,,,6,29,2002,,,,,,중개거래,
노원구,11350,월계동,202606,아파트_매매,동신,월계동,436,70.81,90000,,,11,26,1983,,,,,,중개거래,
노원구,11350,상계동,202606,아파트_매매,수락한신,상계동,1277,59.95,46800,,,12,27,1997,,,,,,중개거래,
노원구,11350,중계동,202606,아파트_매매,주공7,중계동,363-1,44.1,39000,,,2,20,1993,,,,,,중개거래,
노원구,11350,월계동,202606,아파트_매매,풍림아이원,월계동,944,84.303,92000,,,1,27,2005,,,,,,중개거래,
노원구,11350,중계동,202606,아파트_매매,중앙하이츠,중계동,161-1,84.98,69300,,,15,27,1998,,,,,,중개거래,
노원구,11350,상계동,202606,아파트_매매,극동늘푸른,상계동,1128,84.514,57000,,,7,8,2000,,,,,,직거래,
노원구,11350,상계동,202606,아파트_매매,상계주공7(고층),상계동,691,45.9,62000,,,12,30,1988,,,,,,중개거래,
노원구,11350,중계동,202606,아파트_매매,현대(6차),중계동,34-5,59.84,56500,,,3,20,2018,,,,,,중개거래,
노원구,11350,공릉동,202606,아파트_매매,동아하이빌아파트101동,공릉동,609-3,80.95,49800,,,6,26,2002,,,,,,중개거래,
노원구,11350,상계동,202606,아파트_매매,상계주공14(고층),상계동,626,41.3,45800,,,8,30,1989,,,,,,중개거래,
노원구,11350,중계동,202606,아파트_매매,주공2,중계동,369,44.52,37850,,,5,30,1992,,,,,,중개거래,
노원구,11350,상계동,202606,아파트_매매,상계대림e편한세상,상계동,1301,114.34,78000,,,15,30,2002,,,,,,중개거래,
노원구,11350,하계동,202606,아파트_매매,한신1,하계동,284,27,28700,,,3,30,1988,,,,,,중개거래,
노원구,11350,중계동,202606,아파트_매매,중계그린1단지,중계동,502-1,49.5,69000,,,3,30,1990,,,,,,중개거래,
노원구,11350,상계동,202606,아파트_매매,은빛2단지,상계동,1256,59.95,50350,,,2,26,1998,,,,,,중개거래,
노원구,11350,상계동,202606,아파트_매매,상계주공7(고층),상계동,691,59.39,75000,,,3,29,1988,,,,,,중개거래,
노원구,11350,공릉동,202606,아파트_매매,화랑대디오베이션,공릉동,760,59.9883,72000,,,13,30,2021,,,,,,중개거래,
노원구,11350,중계동,202606,아파트_매매,중계무지개,중계동,512,39.96,49500,,,15,27,1991,,,,,,중개거래,
노원구,11350,상계동,202606,아파트_매매,두산,상계동,1110,41.85,40000,,,5,24,1994,,,,,,중개거래,
노원구,11350,하계동,202606,아파트_매매,미성,하계동,280,57.97,74800,,,11,30,1989,,,,,,중개거래,
노원구,11350,공릉동,202606,아파트_매매,태강아파트(아이파크),공릉동,81,59.38,75000,,,11,30,1999,,,,,,중개거래,
노원구,11350,상계동,202606,아파트_매매,보람아파트,상계동,639,79.25,71000,,,4,24,1988,,,,,,중개거래,
노원구,11350,월계동,202606,아파트_매매,월계흥화브라운빌,월계동,939,84.91,65000,,,7,30,2004,,,,,,중개거래,
노원구,11350,월계동,202606,아파트_매매,초안1,월계동,923,59.85,40000,,,5,29,1998,,,,,,중개거래,
노원구,11350,공릉동,202606,아파트_매매,화랑대디오베이션,공릉동,760,59.9883,69500,,,9,15,2021,,,,,,중개거래,
노원구,11350,공릉동,202606,아파트_매매,두산힐스빌아파트,공릉동,747,60,70000,,,1,29,2000,,,,,,중개거래,
노원구,11350,상계동,202606,아파트_매매,한신2차,상계동,451,84.92,63700,,,11,26,1988,,,,,,중개거래,
노원구,11350,중계동,202606,아파트_매매,현대2(4차),중계동,578,84.78,59700,,,9,29,1993,,,,,,중개거래,
노원구,11350,상계동,202606,아파트_매매,상계주공2(고층),상계동,740,58.01,76000,,,10,24,1987,,,,,,중개거래,
노원구,11350,중계동,202606,아파트_매매,주공5,중계동,359-1,58.46,84000,,,7,27,1992,,,,,,중개거래,
노원구,11350,상계동,202606,아파트_매매,상계주공4(고층),상계동,749-5,59.28,71000,,,12,29,1988,,,,,,중개거래,
노원구,11350,월계동,202606,아파트_매매,꿈의숲SKVIEW,월계동,949,84.96,105000,,,12,29,2016,,,,,,중개거래,
노원구,11350,공릉동,202606,아파트_매매,우방아파트,공릉동,108,61.151,61000,,,1,29,2000,,,,,,중개거래,
노원구,11350,하계동,202606,아파트_매매,장미(시영6),하계동,273,49.5,69000,,,7,27,1989,,,,,,중개거래,
노원구,11350,공릉동,202606,아파트_매매,삼익포레스트아파트,공릉동,737,114.88,77700,,,1,29,1995,,,,,,중개거래,
노원구,11350,하계동,202606,아파트_매매,장미(시영6),하계동,273,39.78,57000,,,2,29,1989,,,,,,중개거래,
노원구,11350,상계동,202606,아파트_매매,상계주공9(고층),상계동,670,49.94,60000,,,10,29,1988,,,,,,중개거래,
노원구,11350,하계동,202606,아파트_매매,장미(시영6),하계동,273,39.78,56000,,,14,27,1989,,,,,,중개거래,
노원구,11350,월계동,202606,아파트_매매,한진한화그랑빌,월계동,18,84.97,118000,,,20,29,2002,,,,,,중개거래,
노원구,11350,월계동,202606,아파트_매매,동신,월계동,436,91.54,98000,,,9,4,1983,,,,,,중개거래,O
노원구,11350,상계동,202606,아파트_매매,상계불암대림,상계동,1289,59.22,59400,,,6,29,2000,,,,,,중개거래,
노원구,11350,월계동,202606,아파트_매매,월계센트럴아이파크,월계동,951,84.99,118000,,,20,18,2020,,,,,,중개거래,
노원구,11350,상계동,202606,아파트_매매,한신3차,상계동,458,84.59,72000,,,7,27,1990,,,,,,중개거래,
노원구,11350,상계동,202606,아파트_매매,노원센트럴푸르지오,상계동,1355,59.996,92500,,,5,29,2021,,,,,,중개거래,
노원구,11350,상계동,202606,아파트_매매,수락한신,상계동,1277,84.95,63000,,,6,26,1997,,,,,,중개거래,
노원구,11350,하계동,202606,아파트_매매,한신동성,하계동,256-5,112.24,86500,,,1,28,1993,,,,,,중개거래,
노원구,11350,상계동,202606,아파트_매매,금호타운,상계동,1270,84.54,54000,,,6,18,1995,,,,,,중개거래,
노원구,11350,상계동,202606,아파트_매매,한신1차,상계동,135,53.96,43000,,,9,19,1987,,,,,,중개거래,
노원구,11350,상계동,202606,아파트_매매,한신1차,상계동,135,45.44,33500,,,9,27,1987,,,,,,중개거래,
노원구,11350,중계동,202606,아파트_매매,주공2,중계동,369,44.52,37000,,,10,29,1992,,,,,,중개거래,
노원구,11350,공릉동,202606,아파트_매매,동신아파트,공릉동,745,114.98,95500,,,16,28,1999,,,,,,중개거래,
노원구,11350,하계동,202606,아파트_매매,우성,하계동,270,127.22,134500,,,14,10,1988,,,,,,중개거래,
노원구,11350,상계동,202606,아파트_매매,상계주공7(고층),상계동,691,45.9,60000,,,4,28,1988,,,,,,중개거래,
노원구,11350,하계동,202606,아파트_매매,장미(시영6),하계동,273,39.78,59800,,,10,28,1989,,,,,,중개거래,
노원구,11350,상계동,202606,아파트_매매,상계주공7(고층),상계동,691,41.3,60000,,,13,28,1988,,,,,,중개거래,
노원구,11350,상계동,202606,아파트_매매,불암현대,상계동,1293,84.9,61000,,,2,15,1999,,,,,,중개거래,
노원구,11350,월계동,202606,아파트_매매,한진한화그랑빌,월계동,18,114.97,129500,,,21,27,2002,,,,,,중개거래,
노원구,11350,상계동,202606,아파트_매매,상계주공16(고층),상계동,624,59.39,60000,,,11,27,1988,,,,,,중개거래,
노원구,11350,하계동,202606,아파트_매매,장미(시영6),하계동,273,39.78,55000,,,6,25,1989,,,,,,중개거래,O
노원구,11350,공릉동,202606,아파트_매매,태강아파트(아이파크),공릉동,81,59.38,76000,,,9,27,1999,,,,,,중개거래,
노원구,11350,공릉동,202606,아파트_매매,화랑대디오베이션,공릉동,760,59.9883,70000,,,12,27,2021,,,,,,중개거래,
노원구,11350,상계동,202606,아파트_매매,상계주공1(고층),상계동,765,41.3,52000,,,4,27,1988,,,,,,중개거래,
노원구,11350,상계동,202606,아파트_매매,극동늘푸른,상계동,1128,84.514,65000,,,3,27,2000,,,,,,중개거래,
노원구,11350,공릉동,202606,아파트_매매,삼익포레스트아파트,공릉동,737,114.88,79800,,,8,27,1995,,,,,,중개거래,
노원구,11350,상계동,202606,아파트_매매,상계주공3(고층),상계동,730-2,38,60000,,,8,27,1987,,,,,,중개거래,
노원구,11350,상계동,202606,아파트_매매,보람아파트,상계동,639,79.25,83000,,,5,27,1988,,,,,,중개거래,
노원구,11350,공릉동,202606,아파트_매매,태릉해링턴플레이스,공릉동,758,84.98,125000,,,17,19,2022,,,,,,중개거래,
노원구,11350,월계동,202606,아파트_매매,대동,월계동,925,59.76,65000,,,7,26,1997,,,,,,중개거래,
노원구,11350,상계동,202606,아파트_매매,상계주공6(고층),상계동,720,58.01,80000,,,8,27,1988,,,,,,중개거래,
노원구,11350,중계동,202606,아파트_매매,중계그린1단지,중계동,502-1,59.87,74500,,,11,27,1990,,,,,,중개거래,
노원구,11350,중계동,202606,아파트_매매,롯데우성,중계동,361-1,115.26,146500,,,12,27,1993,,,,,,중개거래,
노원구,11350,하계동,202606,아파트_매매,한신1,하계동,284,27,29700,,,10,26,1988,,,,,,중개거래,
노원구,11350,중계동,202606,아파트_매매,건영3,중계동,360-15,84.9,126000,,,15,27,1995,,,,,,중개거래,
노원구,11350,중계동,202606,아파트_매매,양지마을(대림)1,중계동,587,84.9,100000,,,16,27,1998,,,,,,중개거래,
노원구,11350,중계동,202606,아파트_매매,중계무지개,중계동,512,59.26,73000,,,6,27,1991,,,,,,중개거래,
노원구,11350,월계동,202606,아파트_매매,삼호3,월계동,13,59.22,111000,,,3,26,1986,,,,,,중개거래,
노원구,11350,공릉동,202606,아파트_매매,태릉해링턴플레이스,공릉동,758,59.98,103500,,,19,27,2022,,,,,,중개거래,
노원구,11350,상계동,202606,아파트_매매,벽산,상계동,173-1,43.35,36700,,,8,27,1989,,,,,,중개거래,
노원구,11350,월계동,202606,아파트_매매,동신,월계동,436,71.14,87500,,,2,27,1983,,,,,,중개거래,
노원구,11350,공릉동,202606,아파트_매매,태강아파트(아이파크),공릉동,81,59.34,71900,,,3,27,1999,,,,,,중개거래,
노원구,11350,상계동,202606,아파트_매매,상계주공4(고층),상계동,749-5,49.94,64000,,,13,27,1988,,,,,,중개거래,
노원구,11350,상계동,202606,아파트_매매,상계불암대림,상계동,1289,84.96,74800,,,21,13,2000,,,,,,중개거래,
노원구,11350,공릉동,202606,아파트_매매,공릉해링턴플레이스,공릉동,106,99.917,95500,,,4,27,2000,,,,,,중개거래,
노원구,11350,상계동,202606,아파트_매매,상계주공6(고층),상계동,720,32.39,45250,,,1,27,1988,,,,,,중개거래,
노원구,11350,공릉동,202606,아파트_매매,삼익포레스트아파트,공릉동,737,84.6,74000,,,10,27,1995,,,,,,중개거래,
노원구,11350,월계동,202606,아파트_매매,한진한화그랑빌,월계동,18,84.97,115000,,,9,27,2002,,,,,,중개거래,
노원구,11350,공릉동,202606,아파트_매매,건영아파트,공릉동,404-3,59.94,48000,,,3,27,1998,,,,,,중개거래,
노원구,11350,상계동,202606,아파트_매매,상계주공14(고층),상계동,626,49.94,63000,,,15,27,1989,,,,,,중개거래,
노원구,11350,중계동,202606,아파트_매매,건영3,중계동,360-15,84.9,135000,,,11,27,1995,,,,,,중개거래,
노원구,11350,상계동,202606,아파트_매매,상계주공10(고층),상계동,666,61.52,72900,,,8,27,1988,,,,,,중개거래,
노원구,11350,하계동,202606,아파트_매매,하계2현대,하계동,288,84.51,90000,,,13,27,1997,,,,,,중개거래,
노원구,11350,중계동,202606,아파트_매매,주공2,중계동,369,44.52,37000,,,4,26,1992,,,,,,중개거래,
노원구,11350,월계동,202606,아파트_매매,주공2,월계동,556,84.815,72800,,,11,26,1992,,,,,,중개거래,
노원구,11350,중계동,202606,아파트_매매,중계무지개,중계동,512,39.96,46000,,,2,26,1991,,,,,,중개거래,
노원구,11350,상계동,202606,아파트_매매,상계주공11(고층),상계동,652,59.28,65000,,,3,26,1988,,,,,,중개거래,
노원구,11350,상계동,202606,아파트_매매,불암현대,상계동,1293,59.4,48000,,,3,27,1999,,,,,,중개거래,
노원구,11350,상계동,202606,아파트_매매,상계주공7(고층),상계동,691,58.01,80000,,,7,27,1988,,,,,,중개거래,
노원구,11350,공릉동,202606,아파트_매매,신성미소지움아파트,공릉동,756,84.996,77000,,,12,27,2004,,,,,,중개거래,
노원구,11350,상계동,202606,아파트_매매,상계신동아,상계동,463,84.99,53500,,,1,27,1995,,,,,,중개거래,
노원구,11350,하계동,202606,아파트_매매,건영,하계동,271-3,65.43,71500,,,1,27,1988,,,,,,중개거래,
노원구,11350,중계동,202606,아파트_매매,경남,중계동,505,50.97,58000,,,1,26,1989,,,,,,중개거래,
노원구,11350,공릉동,202606,아파트_매매,태강아파트(아이파크),공릉동,81,49.6,66500,,,12,26,1999,,,,,,중개거래,
노원구,11350,상계동,202606,아파트_매매,상계주공12(고층),상계동,647,41.3,46800,,,2,26,1988,,,,,,중개거래,
노원구,11350,공릉동,202606,아파트_매매,공릉우성아파트,공릉동,738,84.97,73300,,,7,27,1995,,,,,,중개거래,
노원구,11350,상계동,202606,아파트_매매,은빛1단지,상계동,1255,39.69,34500,,,13,27,1998,,,,,,중개거래,
노원구,11350,상계동,202606,아파트_매매,상계2차중앙하이츠,상계동,1282,84.6,79000,,,1,27,1998,,,,,,중개거래,
노원구,11350,하계동,202606,아파트_매매,청솔(시영7),하계동,274,49.5,59500,,,2,25,1989,,,,,,중개거래,
노원구,11350,중계동,202606,아파트_매매,중계무지개,중계동,512,59.26,70000,,,3,26,1991,,,,,,중개거래,
노원구,11350,중계동,202606,아파트_매매,상아,중계동,505,72.73,83800,,,12,26,1989,,,,,,중개거래,
노원구,11350,상계동,202606,아파트_매매,상계주공1(고층),상계동,765,49.94,59500,,,2,26,1988,,,,,,중개거래,
노원구,11350,월계동,202606,아파트_매매,현대,월계동,929,59.95,87000,,,2,26,2000,,,,,,중개거래,
노원구,11350,월계동,202606,아파트_매매,주공2,월계동,556,59.97,59400,,,2,26,1992,,,,,,중개거래,
노원구,11350,상계동,202606,아파트_매매,상계주공7(고층),상계동,691,45.55,63000,,,15,26,1988,,,,,,중개거래,
노원구,11350,상계동,202606,아파트_매매,미도,상계동,766-1,87.57,82000,,,14,23,1988,,,,,,중개거래,
노원구,11350,공릉동,202606,아파트_매매,비콘아파트,공릉동,755,84.98,70000,,,6,27,2004,,,,,,중개거래,
노원구,11350,상계동,202606,아파트_매매,상계주공13(고층),상계동,637,58.01,56000,,,15,27,1989,,,,,,중개거래,
노원구,11350,공릉동,202606,아파트_매매,신명아파트,공릉동,382-14,59.99,49900,,,4,26,1995,,,,,,중개거래,
노원구,11350,상계동,202606,아파트_매매,벽산,상계동,173-1,43.35,37500,,,11,24,1989,,,,,,중개거래,
노원구,11350,중계동,202606,아파트_매매,중계무지개,중계동,512,59.26,72000,,,10,26,1991,,,,,,중개거래,
노원구,11350,상계동,202606,아파트_매매,상계주공9(고층),상계동,670,45.55,53000,,,10,26,1988,,,,,,중개거래,
노원구,11350,상계동,202606,아파트_매매,보람아파트,상계동,639,44.33,45000,,,3,26,1988,,,,,,중개거래,
노원구,11350,상계동,202606,아파트_매매,중앙하이츠(5지역),상계동,1068,59.99,44500,,,8,25,1996,,,,,,중개거래,
노원구,11350,하계동,202606,아파트_매매,하계2현대,하계동,288,84.896,91800,,,2,24,1997,,,,,,중개거래,
노원구,11350,상계동,202606,아파트_매매,은빛2단지,상계동,1256,49.77,45500,,,5,25,1998,,,,,,중개거래,
노원구,11350,하계동,202606,아파트_매매,건영,하계동,271-3,65.43,79000,,,14,26,1988,,,,,,중개거래,
노원구,11350,상계동,202606,아파트_매매,상계주공4(고층),상계동,749-5,84.38,82500,,,8,26,1988,,,,,,중개거래,
노원구,11350,월계동,202606,아파트_매매,월계센트럴아이파크,월계동,951,59.99,107800,,,12,23,2020,,,,,,중개거래,
노원구,11350,하계동,202606,아파트_매매,장미(시영6),하계동,273,39.78,58000,,,9,26,1989,,,,,,중개거래,
노원구,11350,월계동,202606,아파트_매매,현대,월계동,929,59.95,88700,,,7,25,2000,,,,,,중개거래,
노원구,11350,상계동,202606,아파트_매매,상계주공4(고층),상계동,749-5,41.3,49500,,,2,25,1988,,,,,,중개거래,
노원구,11350,월계동,202606,아파트_매매,현대,월계동,929,84.98,102000,,,14,15,2000,,,,,,중개거래,
노원구,11350,월계동,202606,아파트_매매,미성,월계동,13,50.14,91500,,,1,25,1986,,,,,,중개거래,
노원구,11350,상계동,202606,아파트_매매,은빛2단지,상계동,1256,49.77,45000,,,11,16,1998,,,,,,중개거래,
노원구,11350,중계동,202606,아파트_매매,상아,중계동,505,114.57,120000,,,5,25,1989,,,,,,중개거래,
노원구,11350,월계동,202606,아파트_매매,주공2,월계동,556,44.52,38000,,,6,25,1992,,,,,,중개거래,
노원구,11350,상계동,202606,아파트_매매,대림,상계동,695,93.13,98400,,,13,25,1988,,,,,,중개거래,
노원구,11350,상계동,202606,아파트_매매,은빛2단지,상계동,1256,59.92,55700,,,8,12,1998,,,,,,중개거래,
노원구,11350,상계동,202606,아파트_매매,한신2차,상계동,451,58.46,47500,,,6,25,1988,,,,,,중개거래,
노원구,11350,상계동,202606,아파트_매매,은빛1단지,상계동,1255,39.7,32000,,,1,22,1998,,,,,,중개거래,
노원구,11350,공릉동,202606,아파트_매매,공릉해링턴플레이스,공릉동,106,99.917,93000,,,8,25,2000,,,,,,중개거래,
노원구,11350,상계동,202606,아파트_매매,상계주공7(고층),상계동,691,41.3,62500,,,15,12,1988,,,,,,중개거래,
노원구,11350,공릉동,202606,아파트_매매,화랑타운아파트,공릉동,111,84.65,89000,,,7,25,2000,,,,,,중개거래,
노원구,11350,공릉동,202606,아파트_매매,공릉동한보에센시티아파트,공릉동,743,84.93,70000,,,1,25,2000,,,,,,중개거래,
노원구,11350,상계동,202606,아파트_매매,상계2차중앙하이츠,상계동,1282,84.6,84500,,,4,25,1998,,,,,,중개거래,O
노원구,11350,중계동,202606,아파트_매매,중계그린1단지,중계동,502-1,59.87,73000,,,5,25,1990,,,,,,중개거래,
노원구,11350,하계동,202606,아파트_매매,장미(시영6),하계동,273,59.87,80400,,,5,25,1989,,,,,,중개거래,
노원구,11350,하계동,202606,아파트_매매,학여울청구,하계동,354,84.77,94700,,,7,25,1999,,,,,,중개거래,
노원구,11350,월계동,202606,아파트_매매,사슴3,월계동,320-11,33.18,31300,,,6,4,1995,,,,,,중개거래,
노원구,11350,상계동,202606,아파트_매매,한신3차,상계동,458,84.59,68500,,,11,25,1990,,,,,,중개거래,
노원구,11350,중계동,202606,아파트_매매,경남아너스빌,중계동,597,84.9132,76000,,,9,11,2002,,,,,,중개거래,
노원구,11350,상계동,202606,아파트_매매,노원롯데캐슬시그니처,상계동,1410,84.999,114300,,,14,25,2023,,,,,,중개거래,
노원구,11350,상계동,202606,아파트_매매,벽산,상계동,173-1,75.03,62500,,,14,24,1989,,,,,,중개거래,
노원구,11350,상계동,202606,아파트_매매,두산,상계동,1110,51.66,47700,,,13,20,1994,,,,,,중개거래,
노원구,11350,중계동,202606,아파트_매매,중계무지개,중계동,512,39.82,49500,,,10,24,1991,,,,,,중개거래,
노원구,11350,하계동,202606,아파트_매매,한신1,하계동,284,35.28,47500,,,14,25,1988,,,,,,중개거래,
노원구,11350,상계동,202606,아파트_매매,상계주공6(고층),상계동,720,58.01,81000,,,11,24,1988,,,,,,중개거래,
노원구,11350,공릉동,202606,아파트_매매,삼익포레스트아파트,공릉동,737,51.03,48000,,,9,24,1995,,,,,,중개거래,
노원구,11350,상계동,202606,아파트_매매,불암현대,상계동,1293,59.4,47300,,,19,2,1999,,,,,,중개거래,
노원구,11350,공릉동,202606,아파트_매매,주완위즈빌,공릉동,351-2,73.36,48000,,,2,24,2004,,,,,,중개거래,
노원구,11350,상계동,202606,아파트_매매,보람아파트,상계동,639,68.99,69000,,,14,5,1988,,,,,,중개거래,
노원구,11350,월계동,202606,아파트_매매,주공2,월계동,556,38.64,32500,,,6,22,1992,,,,,,중개거래,
노원구,11350,상계동,202606,아파트_매매,상계주공14(고층),상계동,626,41.3,47800,,,12,24,1989,,,,,,중개거래,
노원구,11350,상계동,202606,아파트_매매,상계주공1(고층),상계동,765,32.39,39000,,,7,24,1988,,,,,,중개거래,
노원구,11350,상계동,202606,아파트_매매,상계주공1(고층),상계동,765,41.3,45800,,,3,24,1988,,,,,,중개거래,
노원구,11350,월계동,202606,아파트_매매,녹천역두산위브아파트,월계동,950,84.9343,75700,,,3,24,2017,,,,,,중개거래,
노원구,11350,상계동,202606,아파트_매매,상계주공9(고층),상계동,670,79.07,80000,,,3,24,1988,,,,,,중개거래,
노원구,11350,월계동,202606,아파트_매매,사슴3,월계동,320-11,39.6,41900,,,13,24,1995,,,,,,중개거래,
노원구,11350,상계동,202606,아파트_매매,상계주공16(고층),상계동,624,59.39,53000,,,15,24,1988,,,,,,중개거래,
노원구,11350,월계동,202606,아파트_매매,한진한화그랑빌,월계동,18,84.97,119000,,,27,24,2002,,,,,,중개거래,
노원구,11350,상계동,202606,아파트_매매,상계주공9(고층),상계동,670,45.9,49000,,,10,24,1988,,,,,,중개거래,
노원구,11350,월계동,202606,아파트_매매,주공2,월계동,556,38.64,31700,,,12,23,1992,,,,,,중개거래,
노원구,11350,월계동,202606,아파트_매매,동신,월계동,436,91.54,100000,,,12,18,1983,,,,,,중개거래,
노원구,11350,공릉동,202606,아파트_매매,삼익4단지아파트,공릉동,714,39.6,40000,,,5,8,1994,,,,,,중개거래,
노원구,11350,공릉동,202606,아파트_매매,시영3차(라이프)아파트,공릉동,715,39.6,45000,,,13,24,1994,,,,,,중개거래,
노원구,11350,하계동,202606,아파트_매매,우방,하계동,353,59.74,56500,,,4,23,1999,,,,,,중개거래,
노원구,11350,월계동,202606,아파트_매매,삼창,월계동,448-3,77.84,75000,,,8,23,1984,,,,,,중개거래,
노원구,11350,공릉동,202606,아파트_매매,태릉해링턴플레이스,공릉동,758,84.98,125000,,,21,24,2022,,,,,,중개거래,
노원구,11350,상계동,202606,아파트_매매,노원롯데캐슬시그니처,상계동,1410,84.997,109900,,,3,24,2023,,,,,,중개거래,
노원구,11350,공릉동,202606,아파트_매매,우방아파트,공릉동,108,60.502,64000,,,7,5,2000,,,,,,중개거래,
노원구,11350,월계동,202606,아파트_매매,한일1,월계동,926,59.953,63000,,,3,22,1999,,,,,,중개거래,
노원구,11350,상계동,202606,아파트_매매,중앙하이츠(5지역),상계동,1068,59.99,41200,,,11,23,1996,,,,,,중개거래,
노원구,11350,하계동,202606,아파트_매매,하계2현대,하계동,288,84.896,95000,,,9,23,1997,,,,,,중개거래,
노원구,11350,상계동,202606,아파트_매매,상계주공16(고층),상계동,624,58.01,55800,,,3,19,1988,,,,,,중개거래,
노원구,11350,상계동,202606,아파트_매매,보람아파트,상계동,639,79.25,74000,,,15,24,1988,,,,,,중개거래,
노원구,11350,상계동,202606,아파트_매매,상계신동아,상계동,463,84.99,58500,,,12,23,1995,,,,,,중개거래,
노원구,11350,공릉동,202606,아파트_매매,신성미소지움아파트,공릉동,756,84.929,69800,,,3,23,2004,,,,,,중개거래,
노원구,11350,상계동,202606,아파트_매매,상계신동아,상계동,463,59.4,42500,,,1,23,1995,,,,,,중개거래,
노원구,11350,상계동,202606,아파트_매매,은빛1단지,상계동,1255,59.92,47500,,,1,23,1998,,,,,,중개거래,
노원구,11350,상계동,202606,아파트_매매,상계신동아,상계동,463,84.99,58700,,,4,23,1995,,,,,,중개거래,
노원구,11350,상계동,202606,아파트_매매,두산,상계동,1110,58.65,48000,,,6,17,1994,,,,,,중개거래,
노원구,11350,상계동,202606,아파트_매매,상계주공13(고층),상계동,637,49.94,52500,,,13,23,1989,,,,,,중개거래,
노원구,11350,중계동,202606,아파트_매매,중계무지개,중계동,512,39.82,50000,,,3,23,1991,,,,,,중개거래,
노원구,11350,상계동,202606,아파트_매매,보람아파트,상계동,639,44.33,46000,,,9,23,1988,,,,,,중개거래,
노원구,11350,하계동,202606,아파트_매매,한신1,하계동,284,27,30000,,,12,9,1988,,,,,,중개거래,
노원구,11350,상계동,202606,아파트_매매,우림루미아트1,상계동,1306,84.887,79500,,,13,22,2004,,,,,,중개거래,
노원구,11350,상계동,202606,아파트_매매,노원센트럴푸르지오,상계동,1355,84.999,110000,,,14,23,2021,,,,,,중개거래,
노원구,11350,하계동,202606,아파트_매매,한신1,하계동,284,35.28,41000,,,1,13,1988,,,,,,중개거래,
노원구,11350,중계동,202606,아파트_매매,주공5,중계동,359-1,38.64,43700,,,3,21,1992,,,,,,중개거래,
노원구,11350,상계동,202606,아파트_매매,한신2차,상계동,451,84.92,65000,,,9,18,1988,,,,,,중개거래,
노원구,11350,월계동,202606,아파트_매매,초안1,월계동,923,39.6,26300,,,4,23,1998,,,,,,중개거래,
노원구,11350,상계동,202606,아파트_매매,은빛1단지,상계동,1255,59.95,58000,,,10,21,1998,,,,,,중개거래,
노원구,11350,상계동,202606,아파트_매매,한신3차,상계동,458,60.44,55300,,,4,23,1990,,,,,,중개거래,
노원구,11350,상계동,202606,아파트_매매,수락리버시티3단지,상계동,1312,84.81,69000,,,8,18,2009,,,,,,중개거래,
노원구,11350,상계동,202606,아파트_매매,상계주공12(고층),상계동,647,49.94,60000,,,6,22,1988,,,,,,중개거래,
노원구,11350,하계동,202606,아파트_매매,극동,하계동,271-3,84.91,90000,,,8,23,1988,,,,,,중개거래,
노원구,11350,상계동,202606,아파트_매매,동아불암,상계동,1285,59.4,47000,,,13,12,1999,,,,,,중개거래,
노원구,11350,상계동,202606,아파트_매매,상계주공14(고층),상계동,626,45.55,43000,,,3,23,1989,,,,,,중개거래,
노원구,11350,공릉동,202606,아파트_매매,신도1차아파트,공릉동,748,81.2768,81500,,,18,20,2002,,,,,,중개거래,
노원구,11350,상계동,202606,아파트_매매,한신2차,상계동,451,45.92,36500,,,5,22,1988,,,,,,중개거래,
노원구,11350,중계동,202606,아파트_매매,주공5,중계동,359-1,44.52,52500,,,13,22,1992,,,,,,중개거래,
노원구,11350,중계동,202606,아파트_매매,주공10,중계동,360-16,58.14,76000,,,11,22,1995,,,,,,중개거래,
노원구,11350,상계동,202606,아파트_매매,동양엔파트,상계동,1305,84.88,88000,,,13,22,2003,,,,,,중개거래,
노원구,11350,중계동,202606,아파트_매매,주공2,중계동,369,44.52,39000,,,9,22,1992,,,,,,중개거래,
노원구,11350,월계동,202606,아파트_매매,초안1,월계동,923,59.85,38000,,,13,16,1998,,,,,,중개거래,
노원구,11350,상계동,202606,아파트_매매,한신1차,상계동,135,45.44,32000,,,2,17,1987,,,,,,중개거래,
노원구,11350,월계동,202606,아파트_매매,미륭,월계동,13,51.48,96700,,,14,22,1986,,,,,,중개거래,
노원구,11350,상계동,202606,아파트_매매,상계주공7(고층),상계동,691,49.94,77600,,,8,19,1988,,,,,,중개거래,
노원구,11350,월계동,202606,아파트_매매,주공2,월계동,556,58.65,58500,,,15,22,1992,,,,,,중개거래,
노원구,11350,상계동,202606,아파트_매매,은빛2단지,상계동,1256,59.95,48300,,,1,22,1998,,,,,,중개거래,
노원구,11350,중계동,202606,아파트_매매,주공7,중계동,363-1,44.1,43000,,,8,22,1993,,,,,,중개거래,
노원구,11350,공릉동,202606,아파트_매매,두산힐스빌아파트,공릉동,747,59.76,69300,,,9,22,2000,,,,,,중개거래,
노원구,11350,상계동,202606,아파트_매매,상계신동아,상계동,463,59.4,48000,,,10,17,1995,,,,,,중개거래,
노원구,11350,상계동,202606,아파트_매매,동양엔파트,상계동,1305,84.88,94000,,,5,13,2003,,,,,,중개거래,
노원구,11350,상계동,202606,아파트_매매,임광,상계동,694,106.25,110000,,,14,22,1989,,,,,,중개거래,
노원구,11350,상계동,202606,아파트_매매,보람아파트,상계동,639,79.25,72800,,,2,22,1988,,,,,,중개거래,
노원구,11350,하계동,202606,아파트_매매,우성,하계동,270,127.22,139500,,,13,22,1988,,,,,,중개거래,
노원구,11350,하계동,202606,아파트_매매,삼익선경,하계동,255-1,107.95,89700,,,3,17,1993,,,,,,중개거래,
노원구,11350,공릉동,202606,아파트_매매,삼익포레스트아파트,공릉동,737,84.6,71000,,,14,18,1995,,,,,,중개거래,
노원구,11350,월계동,202606,아파트_매매,주공2,월계동,556,38.64,31500,,,13,4,1992,,,,,,중개거래,
노원구,11350,월계동,202606,아파트_매매,사슴3,월계동,320-11,33.18,36800,,,12,22,1995,,,,,,중개거래,
노원구,11350,공릉동,202606,아파트_매매,진명비베레,공릉동,395-7,13.0588,8300,,,3,22,2012,,,,,,중개거래,
노원구,11350,공릉동,202606,아파트_매매,청솔아파트8,공릉동,91,84.65,81000,,,6,22,2000,,,,,,중개거래,
노원구,11350,상계동,202606,아파트_매매,은빛2단지,상계동,1256,49.77,48000,,,11,21,1998,,,,,,중개거래,
노원구,11350,상계동,202606,아파트_매매,벽산,상계동,173-1,46.8,37500,,,9,20,1989,,,,,,중개거래,
노원구,11350,중계동,202606,아파트_매매,주공5,중계동,359-1,38.64,39800,,,8,20,1992,,,,,,중개거래,
노원구,11350,상계동,202606,아파트_매매,은빛2단지,상계동,1256,49.77,43000,,,2,19,1998,,,,,,중개거래,
노원구,11350,중계동,202606,아파트_매매,중앙하이츠,중계동,161-1,84.21,72000,,,11,20,1998,,,,,,중개거래,
노원구,11350,중계동,202606,아파트_매매,주공5,중계동,359-1,84.79,115000,,,3,19,1992,,,,,,중개거래,
노원구,11350,상계동,202606,아파트_매매,벽산,상계동,173-1,46.8,37000,,,8,19,1989,,,,,,중개거래,
노원구,11350,상계동,202606,아파트_매매,벽산,상계동,173-1,46.8,36000,,,12,18,1989,,,,,,중개거래,
노원구,11350,하계동,202606,아파트_매매,하계2현대,하계동,288,84.896,93800,,,12,20,1997,,,,,,중개거래,
노원구,11350,월계동,202606,아파트_매매,동신,월계동,436,70.81,90000,,,7,20,1983,,,,,,중개거래,
노원구,11350,중계동,202606,아파트_매매,삼창타워주상프라자,중계동,584-1,59.39,53000,,,18,20,1997,,,,,,중개거래,
노원구,11350,월계동,202606,아파트_매매,미륭,월계동,13,51.48,94500,,,1,20,1986,,,,,,중개거래,
노원구,11350,중계동,202606,아파트_매매,청구3,중계동,360-2,84.77,125000,,,1,20,1996,,,,,,중개거래,
노원구,11350,중계동,202606,아파트_매매,현대(3차),중계동,576,66.47,59300,,,2,20,1992,,,,,,중개거래,
노원구,11350,상계동,202606,아파트_매매,상계현대3차,상계동,1063,84.96,64000,,,2,20,1999,,,,,,중개거래,
노원구,11350,상계동,202606,아파트_매매,상계주공12(고층),상계동,647,41.3,44700,,,12,20,1988,,,,,,중개거래,
노원구,11350,상계동,202606,아파트_매매,은빛2단지,상계동,1256,59.92,51000,,,1,19,1998,,,,,,중개거래,
노원구,11350,공릉동,202606,아파트_매매,현대성우아파트,공릉동,741,59.98,59950,,,12,15,2000,,,,,,중개거래,
노원구,11350,월계동,202606,아파트_매매,삼호4,월계동,12,59.49,93500,,,6,20,1987,,,,,,중개거래,
노원구,11350,상계동,202606,아파트_매매,청암2단지,상계동,1276,59.4,52500,,,20,20,2001,,,,,,중개거래,
노원구,11350,공릉동,202606,아파트_매매,풍림아파트A,공릉동,725,84.99,92000,,,12,19,2001,,,,,,중개거래,
노원구,11350,중계동,202606,아파트_매매,주공2,중계동,369,44.52,37000,,,5,20,1992,,,,,,중개거래,
노원구,11350,상계동,202606,아파트_매매,상계주공9(고층),상계동,670,49.94,57900,,,9,20,1988,,,,,,중개거래,
노원구,11350,상계동,202606,아파트_매매,보람아파트,상계동,639,54.59,59000,,,11,19,1988,,,,,,중개거래,
노원구,11350,하계동,202606,아파트_매매,하계2현대,하계동,288,84.896,93500,,,12,19,1997,,,,,,중개거래,
노원구,11350,상계동,202606,아파트_매매,금호타운,상계동,1270,84.66,55800,,,12,19,1995,,,,,,중개거래,
노원구,11350,중계동,202606,아파트_매매,삼성,중계동,593,114.49,91500,,,4,19,1999,,,,,,중개거래,
노원구,11350,하계동,202606,아파트_매매,장미(시영6),하계동,273,49.5,72500,,,4,19,1989,,,,,,중개거래,
노원구,11350,공릉동,202606,아파트_매매,풍림아파트A,공릉동,725,59.94,83000,,,11,19,2001,,,,,,중개거래,
노원구,11350,중계동,202606,아파트_매매,주공8,중계동,362-1,49.72,44000,,,9,16,1993,,,,,,직거래,
노원구,11350,월계동,202606,아파트_매매,한진한화그랑빌,월계동,18,84.97,108700,,,6,19,2002,,,,,,중개거래,
노원구,11350,상계동,202606,아파트_매매,상계주공11(고층),상계동,652,79.07,83700,,,2,18,1988,,,,,,중개거래,
노원구,11350,중계동,202606,아파트_매매,금호타운(583),중계동,583,84.98,80000,,,14,19,1997,,,,,,중개거래,
노원구,11350,월계동,202606,아파트_매매,동신,월계동,436,92.84,97000,,,9,19,1983,,,,,,중개거래,
노원구,11350,상계동,202606,아파트_매매,상계주공13(고층),상계동,637,49.94,47000,,,7,19,1989,,,,,,중개거래,
노원구,11350,중계동,202606,아파트_매매,중계무지개,중계동,512,49.54,67000,,,11,19,1991,,,,,,중개거래,
노원구,11350,상계동,202606,아파트_매매,북부현대,상계동,1273,59.24,43000,,,15,15,1996,,,,,,중개거래,
노원구,11350,월계동,202606,아파트_매매,사슴3,월계동,320-11,39.6,41000,,,10,18,1995,,,,,,중개거래,
노원구,11350,중계동,202606,아파트_매매,주공5,중계동,359-1,58.46,78900,,,13,19,1992,,,,,,중개거래,
노원구,11350,상계동,202606,아파트_매매,은빛2단지,상계동,1256,59.92,53000,,,6,19,1998,,,,,,중개거래,
노원구,11350,상계동,202606,아파트_매매,금호타운,상계동,1270,84.66,52000,,,1,19,1995,,,,,,중개거래,
노원구,11350,상계동,202606,아파트_매매,보람아파트,상계동,639,44.33,44800,,,15,19,1988,,,,,,중개거래,
노원구,11350,상계동,202606,아파트_매매,상계주공6(고층),상계동,720,58.01,80000,,,10,13,1988,,,,,,중개거래,
노원구,11350,월계동,202606,아파트_매매,대우,월계동,775,134.64,74000,,,14,18,1998,,,,,,중개거래,
노원구,11350,상계동,202606,아파트_매매,상계주공2(고층),상계동,740,59.2,68000,,,15,18,1987,,,,,,중개거래,
노원구,11350,공릉동,202606,아파트_매매,공릉해링턴플레이스,공릉동,106,99.917,89500,,,7,18,2000,,,,,,중개거래,
노원구,11350,상계동,202606,아파트_매매,상계주공13(고층),상계동,637,49.94,49900,,,6,18,1989,,,,,,중개거래,
노원구,11350,상계동,202606,아파트_매매,상계1차현대아파트,상계동,1055,83.92,60000,,,6,18,1993,,,,,,중개거래,
노원구,11350,중계동,202606,아파트_매매,중계그린1단지,중계동,502-1,39.91,55000,,,7,18,1990,,,,,,중개거래,
노원구,11350,하계동,202606,아파트_매매,청솔(시영7),하계동,274,49.85,59500,,,10,4,1989,,,,,,중개거래,
노원구,11350,상계동,202606,아파트_매매,상계1차현대아파트,상계동,1055,83.92,60000,,,10,18,1993,,,,,,중개거래,
노원구,11350,중계동,202606,아파트_매매,양지마을(대림)1,중계동,587,84.9,106500,,,16,18,1998,,,,,,중개거래,
노원구,11350,상계동,202606,아파트_매매,상계주공14(고층),상계동,626,49.94,59800,,,15,16,1989,,,,,,중개거래,
노원구,11350,상계동,202606,아파트_매매,상계주공16(고층),상계동,624,59.39,55500,,,3,18,1988,,,,,,중개거래,
노원구,11350,상계동,202606,아파트_매매,상계주공9(고층),상계동,670,49.94,61000,,,13,18,1988,,,,,,중개거래,
노원구,11350,하계동,202606,아파트_매매,청솔(시영7),하계동,274,39.78,44000,,,4,18,1989,,,,,,중개거래,
노원구,11350,상계동,202606,아파트_매매,상계주공4(고층),상계동,749-5,58.01,58000,,,12,5,1988,,,,,,중개거래,
노원구,11350,하계동,202606,아파트_매매,우성,하계동,270,84.91,123500,,,11,17,1988,,,,,,중개거래,
노원구,11350,월계동,202606,아파트_매매,청백4,월계동,781,59.4,44900,,,5,18,1998,,,,,,중개거래,
노원구,11350,월계동,202606,아파트_매매,세양청마루,월계동,943,84.957,74000,,,11,2,2005,,,,,,중개거래,
노원구,11350,상계동,202606,아파트_매매,중앙하이츠(5지역),상계동,1068,59.99,39500,,,4,18,1996,,,,,,중개거래,
노원구,11350,월계동,202606,아파트_매매,삼창,월계동,448-3,121,70000,,,4,18,1984,,,,,,중개거래,
노원구,11350,상계동,202606,아파트_매매,상계주공2(고층),상계동,740,32.39,38000,,,9,18,1987,,,,,,중개거래,
노원구,11350,월계동,202606,아파트_매매,동신,월계동,436,91.54,95000,,,5,18,1983,,,,,,중개거래,
노원구,11350,상계동,202606,아파트_매매,수락산벨리체,상계동,1265,114.92,83000,,,14,17,2000,,,,,,중개거래,
노원구,11350,상계동,202606,아파트_매매,상계1차중앙하이츠,상계동,1279,59.82,67000,,,14,13,1997,,,,,,중개거래,
노원구,11350,상계동,202606,아파트_매매,은빛1단지,상계동,1255,39.7,36000,,,4,18,1998,,,,,,중개거래,
노원구,11350,상계동,202606,아파트_매매,상계1차현대아파트,상계동,1055,83.92,63500,,,11,18,1993,,,,,,중개거래,
노원구,11350,상계동,202606,아파트_매매,은빛1단지,상계동,1255,49.77,43800,,,8,6,1998,,,,,,중개거래,
노원구,11350,상계동,202606,아파트_매매,동아불암,상계동,1285,59.4,49000,,,6,3,1999,,,,,,중개거래,
노원구,11350,상계동,202606,아파트_매매,상계주공2(고층),상계동,740,41.3,54700,,,2,17,1987,,,,,,중개거래,
노원구,11350,상계동,202606,아파트_매매,상계주공1(고층),상계동,765,41.3,43000,,,1,18,1988,,,,,,중개거래,
노원구,11350,상계동,202606,아파트_매매,상계주공3(고층),상계동,730-2,84.2,110000,,,7,18,1987,,,,,,중개거래,
노원구,11350,월계동,202606,아파트_매매,주공2,월계동,556,44.94,37000,,,6,17,1992,,,,,,중개거래,
노원구,11350,상계동,202606,아파트_매매,상계불암대림,상계동,1289,59.22,60800,,,23,17,2000,,,,,,중개거래,
노원구,11350,공릉동,202606,아파트_매매,노원프레미어스엠코,공릉동,670-20,84.0408,94500,,,21,17,2016,,,,,,중개거래,
노원구,11350,공릉동,202606,아파트_매매,태강아파트(아이파크),공릉동,81,49.6,64500,,,13,6,1999,,,,,,중개거래,
노원구,11350,상계동,202606,아파트_매매,벽산,상계동,173-1,43.35,35500,,,8,4,1989,,,,,,중개거래,
노원구,11350,중계동,202606,아파트_매매,한화꿈에그린,중계동,598,59.941,70000,,,14,17,2005,,,,,,중개거래,
노원구,11350,월계동,202606,아파트_매매,한진한화그랑빌,월계동,18,114.97,123000,,,19,17,2002,,,,,,중개거래,
노원구,11350,중계동,202606,아파트_매매,중계그린1단지,중계동,502-1,49.85,67500,,,12,17,1990,,,,,,중개거래,
노원구,11350,상계동,202606,아파트_매매,상계주공2(고층),상계동,740,68.86,79500,,,5,17,1987,,,,,,중개거래,
노원구,11350,중계동,202606,아파트_매매,성원1,중계동,580,84.78,98000,,,16,17,1996,,,,,,중개거래,
노원구,11350,상계동,202606,아파트_매매,상계주공10(고층),상계동,666,49.94,65000,,,9,17,1988,,,,,,중개거래,
노원구,11350,중계동,202606,아파트_매매,중계그린1단지,중계동,502-1,39.91,53800,,,5,17,1990,,,,,,중개거래,
노원구,11350,상계동,202606,아파트_매매,상계주공9(고층),상계동,670,66.56,72900,,,4,17,1988,,,,,,중개거래,
노원구,11350,상계동,202606,아파트_매매,상계주공9(고층),상계동,670,49.94,62500,,,4,6,1988,,,,,,중개거래,
노원구,11350,상계동,202606,아파트_매매,보람아파트,상계동,639,54.59,60000,,,6,17,1988,,,,,,중개거래,
노원구,11350,공릉동,202606,아파트_매매,태릉해링턴플레이스,공릉동,758,59.98,99500,,,18,16,2022,,,,,,중개거래,
노원구,11350,상계동,202606,아파트_매매,상계주공9(고층),상계동,670,66.56,74000,,,12,17,1988,,,,,,중개거래,
노원구,11350,월계동,202606,아파트_매매,월계흥화브라운빌,월계동,939,84.91,62500,,,9,17,2004,,,,,,중개거래,
노원구,11350,상계동,202606,아파트_매매,은빛1단지,상계동,1255,59.95,52000,,,8,17,1998,,,,,,중개거래,
노원구,11350,상계동,202606,아파트_매매,소담빌,상계동,330-29,14.65,10400,,,4,16,2014,,,,,,직거래,
노원구,11350,상계동,202606,아파트_매매,금호타운,상계동,1270,84.54,58000,,,9,17,1995,,,,,,중개거래,
노원구,11350,상계동,202606,아파트_매매,은빛2단지,상계동,1256,49.77,45400,,,10,17,1998,,,,,,중개거래,
노원구,11350,상계동,202606,아파트_매매,대림,상계동,695,93.75,62000,,,14,17,1988,,,,,,중개거래,
노원구,11350,상계동,202606,아파트_매매,상계주공11(고층),상계동,652,41.3,48250,,,4,17,1988,,,,,,직거래,
노원구,11350,공릉동,202606,아파트_매매,삼익포레스트아파트,공릉동,737,114.88,73000,,,11,11,1995,,,,,,중개거래,
노원구,11350,상계동,202606,아파트_매매,상계주공14(고층),상계동,626,41.3,45300,,,10,17,1989,,,,,,중개거래,
노원구,11350,월계동,202606,아파트_매매,초안1,월계동,923,59.85,38000,,,13,16,1998,,,,,,중개거래,O
노원구,11350,상계동,202606,아파트_매매,상계주공9(고층),상계동,670,79.07,79000,,,8,11,1988,,,,,,중개거래,
노원구,11350,상계동,202606,아파트_매매,상계주공14(고층),상계동,626,49.94,62500,,,9,9,1989,,,,,,중개거래,
노원구,11350,상계동,202606,아파트_매매,한신4차,상계동,995,84.84,49000,,,1,16,1995,,,,,,중개거래,
노원구,11350,상계동,202606,아파트_매매,상계주공9(고층),상계동,670,49.94,43000,,,11,16,1988,,,,,,중개거래,
노원구,11350,중계동,202606,아파트_매매,주공5,중계동,359-1,58.46,84000,,,3,17,1992,,,,,,중개거래,
노원구,11350,상계동,202606,아파트_매매,노원롯데캐슬시그니처,상계동,1410,84.999,115000,,,10,16,2023,,,,,,중개거래,
노원구,11350,중계동,202606,아파트_매매,중계그린1단지,중계동,502-1,49.85,66900,,,9,16,1990,,,,,,중개거래,
노원구,11350,상계동,202606,아파트_매매,상계주공14(고층),상계동,626,90.94,87000,,,2,16,1989,,,,,,중개거래,
노원구,11350,상계동,202606,아파트_매매,상계주공2(고층),상계동,740,41.3,55000,,,10,16,1987,,,,,,중개거래,
노원구,11350,상계동,202606,아파트_매매,상계주공16(고층),상계동,624,59.39,59500,,,8,12,1988,,,,,,중개거래,
노원구,11350,상계동,202606,아파트_매매,상록수1단지,상계동,1296,53.656,47000,,,8,16,2002,,,,,,중개거래,
노원구,11350,상계동,202606,아파트_매매,상계주공1(고층),상계동,765,41.3,52000,,,10,16,1988,,,,,,중개거래,
노원구,11350,중계동,202606,아파트_매매,양지마을(대림)2,중계동,588,84.88,100000,,,22,2,1999,,,,,,중개거래,
노원구,11350,월계동,202606,아파트_매매,세양청마루,월계동,943,84.939,74000,,,10,14,2005,,,,,,중개거래,
노원구,11350,월계동,202606,아파트_매매,삼호3,월계동,13,59.22,108000,,,3,16,1986,,,,,,중개거래,
노원구,11350,중계동,202606,아파트_매매,양지마을(대림)2,중계동,588,114.81,103500,,,2,8,1999,,,,,,중개거래,
노원구,11350,공릉동,202606,아파트_매매,공릉우성아파트,공릉동,738,59.26,60000,,,9,16,1995,,,,,,중개거래,
노원구,11350,하계동,202606,아파트_매매,한신1,하계동,284,44.52,57000,,,4,16,1988,,,,,,중개거래,
노원구,11350,중계동,202606,아파트_매매,롯데우성,중계동,361-1,115.26,145000,,,13,10,1993,,,,,,중개거래,
노원구,11350,상계동,202606,아파트_매매,상계주공3(고층),상계동,730-2,41.3,65000,,,6,16,1987,,,,,,중개거래,
노원구,11350,상계동,202606,아파트_매매,상계주공12(고층),상계동,647,49.94,57000,,,1,16,1988,,,,,,중개거래,
노원구,11350,공릉동,202606,아파트_매매,보람노블레스아파트,공릉동,586-15,84.51,59300,,,4,16,2006,,,,,,중개거래,
노원구,11350,공릉동,202606,아파트_매매,신원아파트,공릉동,370-4,59.59,53000,,,3,13,2000,,,,,,중개거래,
노원구,11350,월계동,202606,아파트_매매,현대,월계동,929,114.99,120000,,,19,6,2000,,,,,,중개거래,
노원구,11350,상계동,202606,아파트_매매,동양엔파트,상계동,1305,84.88,89000,,,21,15,2003,,,,,,중개거래,
노원구,11350,상계동,202606,아파트_매매,상계주공1(고층),상계동,765,32.39,38000,,,5,15,1988,,,,,,중개거래,
노원구,11350,공릉동,202606,아파트_매매,삼익포레스트아파트,공릉동,737,51.03,47000,,,2,15,1995,,,,,,중개거래,
노원구,11350,월계동,202606,아파트_매매,청백3,월계동,780,49.77,39500,,,9,15,1998,,,,,,중개거래,
노원구,11350,상계동,202606,아파트_매매,양우,상계동,1299,86.2286,75000,,,9,15,2002,,,,,,중개거래,
노원구,11350,중계동,202606,아파트_매매,삼성,중계동,593,59.9,56300,,,5,15,1999,,,,,,중개거래,
노원구,11350,상계동,202606,아파트_매매,상계주공3(고층),상계동,730-2,58.01,87000,,,9,15,1987,,,,,,중개거래,
노원구,11350,상계동,202606,아파트_매매,상계주공9(고층),상계동,670,45.9,44000,,,4,15,1988,,,,,,중개거래,
노원구,11350,공릉동,202606,아파트_매매,청솔아파트8,공릉동,91,84.83,86000,,,12,15,2000,,,,,,중개거래,
노원구,11350,상계동,202606,아파트_매매,은빛2단지,상계동,1256,59.95,55000,,,5,15,1998,,,,,,중개거래,
노원구,11350,하계동,202606,아파트_매매,건영,하계동,271-3,74.58,71000,,,13,4,1988,,,,,,직거래,
노원구,11350,공릉동,202606,아파트_매매,청구빌아파트,공릉동,269-2,78.51,43800,,,4,8,2004,,,,,,중개거래,
노원구,11350,공릉동,202606,아파트_매매,길성그랑프리텔아파트,공릉동,753,71.848,56000,,,7,13,2003,,,,,,중개거래,
노원구,11350,상계동,202606,아파트_매매,상계주공3(고층),상계동,730-2,68.86,94700,,,6,14,1987,,,,,,중개거래,
노원구,11350,상계동,202606,아파트_매매,상계주공9(고층),상계동,670,49.94,61000,,,15,14,1988,,,,,,중개거래,
노원구,11350,상계동,202606,아파트_매매,상계주공9(고층),상계동,670,49.94,58000,,,6,13,1988,,,,,,중개거래,
노원구,11350,상계동,202606,아파트_매매,은빛2단지,상계동,1256,59.95,50500,,,13,13,1998,,,,,,중개거래,
노원구,11350,공릉동,202606,아파트_매매,태강아파트(아이파크),공릉동,81,59.34,74800,,,5,13,1999,,,,,,중개거래,
노원구,11350,상계동,202606,아파트_매매,벽산,상계동,173-1,43.35,37700,,,6,12,1989,,,,,,중개거래,
노원구,11350,하계동,202606,아파트_매매,미성,하계동,280,118.52,95000,,,11,5,1989,,,,,,중개거래,
노원구,11350,상계동,202606,아파트_매매,금호타운,상계동,1270,84.39,59500,,,12,13,1995,,,,,,중개거래,
노원구,11350,상계동,202606,아파트_매매,동아불암,상계동,1285,84.9,58000,,,1,13,1999,,,,,,중개거래,
노원구,11350,중계동,202606,아파트_매매,주공7,중계동,363-1,44.1,38500,,,4,13,1993,,,,,,중개거래,
노원구,11350,상계동,202606,아파트_매매,은빛2단지,상계동,1256,59.95,56500,,,6,13,1998,,,,,,중개거래,
노원구,11350,공릉동,202606,아파트_매매,태릉해링턴플레이스,공릉동,758,59.98,102000,,,20,13,2022,,,,,,중개거래,
노원구,11350,월계동,202606,아파트_매매,월계센트럴아이파크,월계동,951,84.99,114500,,,10,13,2020,,,,,,중개거래,
노원구,11350,월계동,202606,아파트_매매,한진한화그랑빌,월계동,18,75.81,106700,,,20,13,2002,,,,,,중개거래,
노원구,11350,중계동,202606,아파트_매매,주공6,중계동,364-12,44.1,46500,,,4,13,1993,,,,,,중개거래,
노원구,11350,상계동,202606,아파트_매매,상계주공10(고층),상계동,666,68.86,85000,,,14,13,1988,,,,,,중개거래,
노원구,11350,중계동,202606,아파트_매매,중계3우성,중계동,585,59.94,66000,,,10,13,1999,,,,,,중개거래,
노원구,11350,상계동,202606,아파트_매매,상계주공13(고층),상계동,637,45.55,38600,,,12,13,1989,,,,,,중개거래,
노원구,11350,하계동,202606,아파트_매매,현대,하계동,270,71.68,90800,,,8,13,1988,,,,,,중개거래,
노원구,11350,상계동,202606,아파트_매매,상계주공13(고층),상계동,637,58.01,50000,,,9,13,1989,,,,,,중개거래,
노원구,11350,중계동,202606,아파트_매매,주공5,중계동,359-1,44.52,48900,,,4,13,1992,,,,,,중개거래,
노원구,11350,상계동,202606,아파트_매매,상계주공9(고층),상계동,670,61.52,63500,,,4,12,1988,,,,,,중개거래,
노원구,11350,중계동,202606,아파트_매매,동진,중계동,103,38.79,23000,,,4,12,1988,,,,,,중개거래,
노원구,11350,월계동,202606,아파트_매매,주공2,월계동,556,58.65,58800,,,10,12,1992,,,,,,중개거래,
노원구,11350,공릉동,202606,아파트_매매,우방아파트,공릉동,108,61.151,62000,,,4,12,2000,,,,,,중개거래,
노원구,11350,중계동,202606,아파트_매매,중계무지개,중계동,512,49.89,67000,,,7,12,1991,,,,,,중개거래,
노원구,11350,공릉동,202606,아파트_매매,태강아파트(아이파크),공릉동,81,49.6,65600,,,13,12,1999,,,,,,중개거래,
노원구,11350,중계동,202606,아파트_매매,중계그린1단지,중계동,502-1,44.1,55000,,,8,10,1990,,,,,,직거래,
노원구,11350,상계동,202606,아파트_매매,보람아파트,상계동,639,79.25,67000,,,1,12,1988,,,,,,중개거래,
노원구,11350,월계동,202606,아파트_매매,삼호3,월계동,13,59.22,106000,,,4,13,1986,,,,,,중개거래,
노원구,11350,상계동,202606,아파트_매매,동아불암,상계동,1285,59.4,49000,,,8,12,1999,,,,,,중개거래,
노원구,11350,상계동,202606,아파트_매매,상계주공2(저층),상계동,740,71.89,68000,,,5,6,1987,,,,,,중개거래,
노원구,11350,상계동,202606,아파트_매매,상계주공14(고층),상계동,626,49.94,59000,,,13,12,1989,,,,,,중개거래,
노원구,11350,하계동,202606,아파트_매매,장미(시영6),하계동,273,39.78,59500,,,6,12,1989,,,,,,중개거래,
노원구,11350,월계동,202606,아파트_매매,동신,월계동,436,71.77,89000,,,6,9,1983,,,,,,중개거래,
노원구,11350,공릉동,202606,아파트_매매,풍림아파트A,공릉동,725,59.94,72000,,,13,12,2001,,,,,,중개거래,
노원구,11350,상계동,202606,아파트_매매,상계주공14(고층),상계동,626,49.94,59000,,,5,3,1989,,,,,,중개거래,
노원구,11350,상계동,202606,아파트_매매,임광,상계동,694,122.18,120000,,,14,6,1989,,,,,,중개거래,
노원구,11350,월계동,202606,아파트_매매,동신,월계동,436,92.84,99000,,,8,13,1983,,,,,,중개거래,
노원구,11350,월계동,202606,아파트_매매,한진한화그랑빌,월계동,18,84.97,100000,,,1,13,2002,,,,,,중개거래,
노원구,11350,상계동,202606,아파트_매매,상계주공10(고층),상계동,666,49.94,63400,,,13,13,1988,,,,,,중개거래,
노원구,11350,중계동,202606,아파트_매매,중계무지개,중계동,512,39.96,45600,,,2,13,1991,,,,,,중개거래,
노원구,11350,상계동,202606,아파트_매매,은빛2단지,상계동,1256,49.77,45000,,,15,12,1998,,,,,,중개거래,
노원구,11350,상계동,202606,아파트_매매,보람아파트,상계동,639,79.25,74500,,,5,12,1988,,,,,,중개거래,
노원구,11350,상계동,202606,아파트_매매,상계주공14(고층),상계동,626,45.55,39000,,,4,3,1989,,,,,,중개거래,
노원구,11350,중계동,202606,아파트_매매,라이프,중계동,366,115.65,134000,,,9,12,1993,,,,,,중개거래,
노원구,11350,공릉동,202606,아파트_매매,비선아파트,공릉동,109,49.28,53000,,,4,11,1999,,,,,,중개거래,
노원구,11350,중계동,202606,아파트_매매,상아,중계동,505,51.29,55000,,,1,11,1989,,,,,,중개거래,
노원구,11350,공릉동,202606,아파트_매매,건영장미아파트,공릉동,744,59.87,49500,,,1,11,1999,,,,,,중개거래,
노원구,11350,월계동,202606,아파트_매매,한진한화그랑빌,월계동,18,84.97,113000,,,17,11,2002,,,,,,중개거래,
노원구,11350,공릉동,202606,아파트_매매,공릉우성아파트,공릉동,738,84.97,74500,,,8,11,1995,,,,,,중개거래,
노원구,11350,중계동,202606,아파트_매매,주공6,중계동,364-12,44.1,49000,,,7,11,1993,,,,,,중개거래,
노원구,11350,하계동,202606,아파트_매매,한신1,하계동,284,27,30000,,,4,11,1988,,,,,,중개거래,
노원구,11350,중계동,202606,아파트_매매,주공4,중계동,358-2,59.39,72500,,,7,11,1991,,,,,,중개거래,
노원구,11350,공릉동,202606,아파트_매매,풍림아파트A,공릉동,725,84.99,88000,,,4,11,2001,,,,,,중개거래,
노원구,11350,상계동,202606,아파트_매매,상계주공3(고층),상계동,730-2,41.3,61000,,,13,11,1987,,,,,,중개거래,
노원구,11350,공릉동,202606,아파트_매매,동부아파트,공릉동,705,84.79,68000,,,6,11,1996,,,,,,중개거래,
노원구,11350,월계동,202606,아파트_매매,대우,월계동,775,99.98,77800,,,17,11,1998,,,,,,중개거래,
노원구,11350,상계동,202606,아파트_매매,벽산,상계동,173-1,75.03,60000,,,2,10,1989,,,,,,중개거래,
노원구,11350,상계동,202606,아파트_매매,은빛1단지,상계동,1255,49.77,47500,,,12,11,1998,,,,,,중개거래,
노원구,11350,공릉동,202606,아파트_매매,풍림아파트A,공릉동,725,59.94,82000,,,4,11,2001,,,,,,중개거래,
노원구,11350,상계동,202606,아파트_매매,상계주공16(고층),상계동,624,59.39,47500,,,15,11,1988,,,,,,중개거래,
노원구,11350,중계동,202606,아파트_매매,염광,중계동,445,59.34,62000,,,8,11,1996,,,,,,중개거래,
노원구,11350,공릉동,202606,아파트_매매,시영3차(라이프)아파트,공릉동,715,39.6,47000,,,6,7,1994,,,,,,중개거래,
노원구,11350,공릉동,202606,아파트_매매,동신아파트,공릉동,745,59.99,59000,,,5,6,1999,,,,,,중개거래,
노원구,11350,월계동,202606,아파트_매매,한진한화그랑빌,월계동,18,59.94,100800,,,5,11,2002,,,,,,중개거래,
노원구,11350,중계동,202606,아파트_매매,현대(6차),중계동,34-5,84.98,80800,,,9,1,2018,,,,,,중개거래,
노원구,11350,공릉동,202606,아파트_매매,풍림아파트A,공릉동,725,59.94,78900,,,18,11,2001,,,,,,중개거래,
노원구,11350,상계동,202606,아파트_매매,상계주공4(고층),상계동,749-5,49.94,42100,,,13,2,1988,,,,,,직거래,
노원구,11350,하계동,202606,아파트_매매,현대,하계동,270,84.95,110000,,,1,11,1988,,,,,,중개거래,
노원구,11350,월계동,202606,아파트_매매,초안산쌍용스윗닷홈,월계동,945,84.69,62500,,,2,11,2006,,,,,,중개거래,
노원구,11350,상계동,202606,아파트_매매,상계주공11(고층),상계동,652,58.01,66000,,,12,9,1988,,,,,,중개거래,
노원구,11350,월계동,202606,아파트_매매,풍림아이원,월계동,944,84.303,107000,,,9,2,2005,,,,,,중개거래,
노원구,11350,상계동,202606,아파트_매매,상계주공2(고층),상계동,740,32.39,39000,,,7,10,1987,,,,,,중개거래,
노원구,11350,공릉동,202606,아파트_매매,삼익포레스트아파트,공릉동,737,51.03,48000,,,9,10,1995,,,,,,중개거래,
노원구,11350,중계동,202606,아파트_매매,현대1(4차),중계동,577,71.16,54000,,,3,10,1993,,,,,,중개거래,
노원구,11350,중계동,202606,아파트_매매,건영2,중계동,515-2,75.02,80000,,,11,10,1991,,,,,,중개거래,
노원구,11350,하계동,202606,아파트_매매,청솔(시영7),하계동,274,49.85,60000,,,1,10,1989,,,,,,중개거래,
노원구,11350,월계동,202606,아파트_매매,성북역신도브래뉴,월계동,941,84.8437,75000,,,2,6,2005,,,,,,중개거래,
노원구,11350,하계동,202606,아파트_매매,건영,하계동,271-3,65.43,80000,,,9,10,1988,,,,,,중개거래,
노원구,11350,공릉동,202606,아파트_매매,신도1차아파트,공릉동,748,117.168,95000,,,16,8,2002,,,,,,중개거래,
노원구,11350,상계동,202606,아파트_매매,보람아파트,상계동,639,68.99,67800,,,5,10,1988,,,,,,중개거래,
노원구,11350,하계동,202606,아파트_매매,한신1,하계동,284,27,30000,,,4,10,1988,,,,,,중개거래,
노원구,11350,공릉동,202606,아파트_매매,태강아파트(아이파크),공릉동,81,49.6,57000,,,1,10,1999,,,,,,중개거래,
노원구,11350,월계동,202606,아파트_매매,한진한화그랑빌,월계동,18,75.81,99500,,,25,10,2002,,,,,,중개거래,
노원구,11350,공릉동,202606,아파트_매매,태강아파트(아이파크),공릉동,81,59.38,75000,,,6,10,1999,,,,,,중개거래,
노원구,11350,중계동,202606,아파트_매매,성원1,중계동,580,59.75,81800,,,13,10,1996,,,,,,중개거래,
노원구,11350,하계동,202606,아파트_매매,청솔(시영7),하계동,274,49.5,60500,,,7,10,1989,,,,,,중개거래,
노원구,11350,공릉동,202606,아파트_매매,화랑타운아파트,공릉동,111,84.65,85000,,,9,10,2000,,,,,,중개거래,
노원구,11350,상계동,202606,아파트_매매,상계주공9(고층),상계동,670,45.9,39800,,,1,6,1988,,,,,,중개거래,
노원구,11350,상계동,202606,아파트_매매,노원롯데캐슬시그니처,상계동,1410,59.975,96000,,,4,10,2023,,,,,,중개거래,
노원구,11350,상계동,202606,아파트_매매,상계주공4(고층),상계동,749-5,37.46,46500,,,8,10,1988,,,,,,중개거래,
노원구,11350,상계동,202606,아파트_매매,문수해오름,상계동,1303,83.24,59000,,,9,4,2003,,,,,,중개거래,
노원구,11350,상계동,202606,아파트_매매,상계주공6(고층),상계동,720,58.01,77500,,,8,10,1988,,,,,,중개거래,
노원구,11350,중계동,202606,아파트_매매,중계그린1단지,중계동,502-1,49.85,63500,,,11,3,1990,,,,,,중개거래,
노원구,11350,상계동,202606,아파트_매매,상계주공1(고층),상계동,765,41.3,46900,,,7,10,1988,,,,,,중개거래,
노원구,11350,중계동,202606,아파트_매매,중앙하이츠,중계동,161-1,84.98,72500,,,5,10,1998,,,,,,중개거래,
노원구,11350,상계동,202606,아파트_매매,상계대림e편한세상,상계동,1301,83.87,63300,,,8,10,2002,,,,,,중개거래,
노원구,11350,하계동,202606,아파트_매매,한신2,하계동,284,35.28,41500,,,2,10,1988,,,,,,중개거래,
노원구,11350,공릉동,202606,아파트_매매,동부아파트,공릉동,705,59.34,51000,,,2,9,1996,,,,,,중개거래,
노원구,11350,상계동,202606,아파트_매매,상계주공10(고층),상계동,666,68.86,81500,,,10,10,1988,,,,,,중개거래,
노원구,11350,상계동,202606,아파트_매매,보람아파트,상계동,639,79.25,75000,,,14,10,1988,,,,,,중개거래,
노원구,11350,상계동,202606,아파트_매매,노원센트럴푸르지오,상계동,1355,59.996,97000,,,10,8,2021,,,,,,중개거래,
노원구,11350,상계동,202606,아파트_매매,상계주공5(저층),상계동,721,31.98,68000,,,3,8,1987,,,,,,중개거래,
노원구,11350,공릉동,202606,아파트_매매,풍림아파트A,공릉동,725,59.94,78500,,,20,9,2001,,,,,,중개거래,
노원구,11350,상계동,202606,아파트_매매,상계주공11(고층),상계동,652,41.3,50000,,,4,9,1988,,,,,,중개거래,
노원구,11350,중계동,202606,아파트_매매,중계무지개,중계동,512,49.54,60000,,,1,9,1991,,,,,,중개거래,
노원구,11350,상계동,202606,아파트_매매,상계주공14(고층),상계동,626,49.94,60000,,,12,9,1989,,,,,,중개거래,
노원구,11350,중계동,202606,아파트_매매,현대1(4차),중계동,577,71.16,57000,,,7,9,1993,,,,,,중개거래,
노원구,11350,상계동,202606,아파트_매매,소담빌,상계동,330-29,14.65,10000,,,8,8,2014,,,,,,중개거래,
노원구,11350,공릉동,202606,아파트_매매,화랑타운아파트,공릉동,111,84.65,89000,,,9,9,2000,,,,,,중개거래,
노원구,11350,공릉동,202606,아파트_매매,삼익포레스트아파트,공릉동,737,84.6,70000,,,6,9,1995,,,,,,중개거래,
노원구,11350,상계동,202606,아파트_매매,노원IPARK,상계동,1318,139.28,56000,,,8,1,2009,,,,,,중개거래,
노원구,11350,상계동,202606,아파트_매매,상계주공6(고층),상계동,720,37.46,56000,,,5,8,1988,,,,,,중개거래,
노원구,11350,공릉동,202606,아파트_매매,풍림아파트A,공릉동,725,59.94,73500,,,2,5,2001,,,,,,중개거래,
노원구,11350,상계동,202606,아파트_매매,상계주공6(고층),상계동,720,49.94,69000,,,15,9,1988,,,,,,중개거래,
노원구,11350,상계동,202606,아파트_매매,상계주공1(고층),상계동,765,58.01,64100,,,7,4,1988,,,,,,중개거래,
노원구,11350,공릉동,202606,아파트_매매,시영2단지(라이프)아파트,공릉동,707,39.6,38000,,,3,6,1994,,,,,,중개거래,
노원구,11350,하계동,202606,아파트_매매,청구,하계동,284,84.97,86000,,,12,3,1988,,,,,,중개거래,
노원구,11350,공릉동,202606,아파트_매매,비선아파트,공릉동,109,48.6,49000,,,6,8,1999,,,,,,중개거래,
노원구,11350,공릉동,202606,아파트_매매,태강아파트(아이파크),공릉동,81,49.6,65800,,,14,8,1999,,,,,,중개거래,
노원구,11350,하계동,202606,아파트_매매,청구,하계동,284,70.69,84700,,,12,8,1988,,,,,,중개거래,
노원구,11350,하계동,202606,아파트_매매,장미(시영6),하계동,273,39.78,58500,,,8,8,1989,,,,,,중개거래,
노원구,11350,월계동,202606,아파트_매매,한진한화그랑빌,월계동,18,84.97,106000,,,27,8,2002,,,,,,중개거래,
노원구,11350,중계동,202606,아파트_매매,신동아(366),중계동,366,115.35,128000,,,15,8,1993,,,,,,중개거래,
노원구,11350,상계동,202606,아파트_매매,상계주공3(고층),상계동,730-2,73.94,94900,,,12,8,1987,,,,,,중개거래,
노원구,11350,월계동,202606,아파트_매매,현대,월계동,929,114.99,105000,,,19,3,2000,,,,,,중개거래,
노원구,11350,상계동,202606,아파트_매매,상계주공9(고층),상계동,670,61.52,67300,,,8,3,1988,,,,,,중개거래,
노원구,11350,중계동,202606,아파트_매매,주공2,중계동,369,44.52,37000,,,6,8,1992,,,,,,중개거래,
노원구,11350,공릉동,202606,아파트_매매,우방아파트,공릉동,108,60.502,64000,,,7,5,2000,,,,,,중개거래,O
노원구,11350,상계동,202606,아파트_매매,상계현대3차,상계동,1063,84.96,65000,,,10,4,1999,,,,,,중개거래,
노원구,11350,상계동,202606,아파트_매매,상계주공1(고층),상계동,765,58.01,63000,,,8,8,1988,,,,,,중개거래,
노원구,11350,중계동,202606,아파트_매매,동도센트리움(601),중계동,601,84.983,86000,,,7,5,2005,,,,,,중개거래,
노원구,11350,상계동,202606,아파트_매매,상계주공7(고층),상계동,691,45.77,58000,,,3,7,1988,,,,,,중개거래,
노원구,11350,상계동,202606,아파트_매매,상계주공4(고층),상계동,749-5,49.94,65000,,,5,8,1988,,,,,,중개거래,
노원구,11350,하계동,202606,아파트_매매,한신2,하계동,284,35.28,42000,,,7,5,1988,,,,,,중개거래,
노원구,11350,중계동,202606,아파트_매매,진로유통조합대림,중계동,78,84.99,65500,,,4,8,1992,,,,,,중개거래,
노원구,11350,상계동,202606,아파트_매매,상계주공1(고층),상계동,765,58.01,62500,,,14,4,1988,,,,,,중개거래,
노원구,11350,공릉동,202606,아파트_매매,공릉동한보에센시티아파트,공릉동,743,59.4,65000,,,18,7,2000,,,,,,중개거래,
노원구,11350,상계동,202606,아파트_매매,불암현대,상계동,1293,84.9,61000,,,16,7,1999,,,,,,중개거래,
노원구,11350,공릉동,202606,아파트_매매,두산힐스빌아파트,공릉동,747,84.9,88000,,,11,7,2000,,,,,,중개거래,
노원구,11350,월계동,202606,아파트_매매,미륭,월계동,13,51.48,96500,,,5,7,1986,,,,,,중개거래,
노원구,11350,상계동,202606,아파트_매매,비콘드림힐3,상계동,1310,84.978,66000,,,3,5,2005,,,,,,중개거래,
노원구,11350,월계동,202606,아파트_매매,미성,월계동,13,50.14,92500,,,2,6,1986,,,,,,중개거래,
노원구,11350,월계동,202606,아파트_매매,동신,월계동,436,70.81,86000,,,2,6,1983,,,,,,중개거래,
노원구,11350,중계동,202606,아파트_매매,중계그린1단지,중계동,502-1,39.91,54000,,,10,6,1990,,,,,,중개거래,
노원구,11350,월계동,202606,아파트_매매,삼호4,월계동,12,59.49,84000,,,2,6,1987,,,,,,중개거래,
노원구,11350,공릉동,202606,아파트_매매,삼익4단지아파트,공릉동,714,39.6,38700,,,4,6,1994,,,,,,중개거래,
노원구,11350,상계동,202606,아파트_매매,상계주공10(저층),상계동,666,47.34,51500,,,2,6,1988,,,,,,중개거래,
노원구,11350,월계동,202606,아파트_매매,미성,월계동,13,33.28,75000,,,5,6,1986,,,,,,중개거래,
노원구,11350,하계동,202606,아파트_매매,한신동성,하계동,256-5,138.29,107300,,,4,6,1993,,,,,,중개거래,
노원구,11350,상계동,202606,아파트_매매,상계주공3(고층),상계동,730-2,84.2,110000,,,11,4,1987,,,,,,중개거래,
노원구,11350,상계동,202606,아파트_매매,상계주공14(고층),상계동,626,45.9,41500,,,11,6,1989,,,,,,중개거래,
노원구,11350,상계동,202606,아파트_매매,한신1차,상계동,135,53.96,40400,,,2,6,1987,,,,,,중개거래,
노원구,11350,중계동,202606,아파트_매매,현대1(4차),중계동,577,71.16,53800,,,7,6,1993,,,,,,중개거래,
노원구,11350,하계동,202606,아파트_매매,한신동성,하계동,256-5,138.29,108500,,,13,6,1993,,,,,,중개거래,
노원구,11350,월계동,202606,아파트_매매,한진한화그랑빌,월계동,18,59.94,106000,,,13,5,2002,,,,,,중개거래,
노원구,11350,상계동,202606,아파트_매매,상계주공1(고층),상계동,765,49.94,60000,,,12,6,1988,,,,,,중개거래,
노원구,11350,상계동,202606,아파트_매매,상계주공14(고층),상계동,626,45.55,42900,,,2,6,1989,,,,,,중개거래,
노원구,11350,중계동,202606,아파트_매매,라이프,중계동,366,101.85,115000,,,1,5,1993,,,,,,중개거래,
노원구,11350,하계동,202606,아파트_매매,청솔(시영7),하계동,274,59.22,64750,,,13,5,1989,,,,,,중개거래,
노원구,11350,상계동,202606,아파트_매매,보람아파트,상계동,639,44.33,43500,,,10,5,1988,,,,,,중개거래,
노원구,11350,하계동,202606,아파트_매매,우성,하계동,270,84.91,119000,,,9,5,1988,,,,,,중개거래,
노원구,11350,하계동,202606,아파트_매매,장미(시영6),하계동,273,39.92,60800,,,6,5,1989,,,,,,중개거래,
노원구,11350,상계동,202606,아파트_매매,상계주공1(고층),상계동,765,41.3,49000,,,14,5,1988,,,,,,중개거래,
노원구,11350,상계동,202606,아파트_매매,대동황토방,상계동,1284,60,62900,,,3,5,2001,,,,,,중개거래,
노원구,11350,하계동,202606,아파트_매매,장미(시영6),하계동,273,49.5,68000,,,6,5,1989,,,,,,중개거래,
노원구,11350,하계동,202606,아파트_매매,하계1청구,하계동,251,84.6,95000,,,5,5,1997,,,,,,중개거래,
노원구,11350,중계동,202606,아파트_매매,중계무지개,중계동,512,49.54,64500,,,4,5,1991,,,,,,중개거래,
노원구,11350,월계동,202606,아파트_매매,삼호4,월계동,12,59.49,83000,,,6,5,1987,,,,,,중개거래,
노원구,11350,중계동,202606,아파트_매매,중계그린1단지,중계동,502-1,39.78,52700,,,3,6,1990,,,,,,중개거래,
노원구,11350,상계동,202606,아파트_매매,상계주공3(고층),상계동,730-2,59.2,84500,,,9,6,1987,,,,,,중개거래,
노원구,11350,상계동,202606,아파트_매매,상계주공1(고층),상계동,765,59.2,65000,,,14,5,1988,,,,,,중개거래,
노원구,11350,상계동,202606,아파트_매매,상계주공6(고층),상계동,720,58.01,79500,,,2,5,1988,,,,,,중개거래,O
노원구,11350,상계동,202606,아파트_매매,상계주공2(고층),상계동,740,68.86,73500,,,14,5,1987,,,,,,중개거래,
노원구,11350,상계동,202606,아파트_매매,코오롱,상계동,1281,59.94,55000,,,2,1,1997,,,,,,중개거래,
노원구,11350,상계동,202606,아파트_매매,보람아파트,상계동,639,68.99,69000,,,14,5,1988,,,,,,중개거래,O
노원구,11350,상계동,202606,아파트_매매,보람아파트,상계동,639,68.99,60000,,,1,5,1988,,,,,,중개거래,
노원구,11350,상계동,202606,아파트_매매,상계주공4(고층),상계동,749-5,73.94,81000,,,3,4,1988,,,,,,중개거래,
노원구,11350,공릉동,202606,아파트_매매,길성그랑프리텔아파트,공릉동,753,71.848,52500,,,1,5,2003,,,,,,중개거래,
노원구,11350,중계동,202606,아파트_매매,건영3,중계동,360-15,84.9,114000,,,1,4,1995,,,,,,중개거래,
노원구,11350,중계동,202606,아파트_매매,중계그린1단지,중계동,502-1,49.5,66000,,,11,4,1990,,,,,,중개거래,
노원구,11350,상계동,202606,아파트_매매,상계주공4(고층),상계동,749-5,41.3,45500,,,10,4,1988,,,,,,중개거래,
노원구,11350,하계동,202606,아파트_매매,하계2현대,하계동,288,84.51,93000,,,8,4,1997,,,,,,중개거래,
노원구,11350,중계동,202606,아파트_매매,현대(6차),중계동,34-5,59.84,53000,,,19,4,2018,,,,,,중개거래,
노원구,11350,중계동,202606,아파트_매매,한화꿈에그린,중계동,598,84.902,86000,,,11,4,2005,,,,,,중개거래,O
노원구,11350,상계동,202606,아파트_매매,상계주공9(고층),상계동,670,79.07,78000,,,13,2,1988,,,,,,중개거래,
노원구,11350,중계동,202606,아파트_매매,중계현대2,중계동,435-1,84.34,70000,,,15,4,1991,,,,,,중개거래,
노원구,11350,하계동,202606,아파트_매매,미성,하계동,280,57.97,74500,,,14,4,1989,,,,,,중개거래,
노원구,11350,상계동,202606,아파트_매매,상계주공1(고층),상계동,765,59.28,65000,,,14,4,1988,,,,,,중개거래,
노원구,11350,하계동,202606,아파트_매매,미성,하계동,280,72.17,77500,,,7,4,1989,,,,,,중개거래,
노원구,11350,월계동,202606,아파트_매매,동신,월계동,436,91.54,95000,,,6,4,1983,,,,,,중개거래,
노원구,11350,상계동,202606,아파트_매매,상계주공7(고층),상계동,691,41.3,59300,,,2,4,1988,,,,,,중개거래,
노원구,11350,하계동,202606,아파트_매매,장미(시영6),하계동,273,49.5,67000,,,5,2,1989,,,,,,중개거래,
노원구,11350,월계동,202606,아파트_매매,한진한화그랑빌,월계동,18,84.97,116500,,,9,4,2002,,,,,,중개거래,
노원구,11350,상계동,202606,아파트_매매,상계1차중앙하이츠,상계동,1279,59.82,64000,,,9,4,1997,,,,,,중개거래,
노원구,11350,월계동,202606,아파트_매매,한진한화그랑빌,월계동,18,75.81,105000,,,15,4,2002,,,,,,중개거래,
노원구,11350,중계동,202606,아파트_매매,중앙하이츠아쿠아,중계동,514,84.7513,85000,,,7,4,2008,,,,,,중개거래,
노원구,11350,상계동,202606,아파트_매매,상계주공9(고층),상계동,670,61.52,69500,,,15,4,1988,,,,,,중개거래,
노원구,11350,상계동,202606,아파트_매매,상계주공10(저층),상계동,666,54.54,62000,,,2,4,1988,,,,,,중개거래,
노원구,11350,상계동,202606,아파트_매매,상계주공14(고층),상계동,626,45.9,39200,,,8,4,1989,,,,,,중개거래,
노원구,11350,상계동,202606,아파트_매매,상계주공2(고층),상계동,740,32.39,37000,,,13,2,1987,,,,,,중개거래,
노원구,11350,중계동,202606,아파트_매매,주공7,중계동,363-1,44.1,38000,,,12,4,1993,,,,,,중개거래,
노원구,11350,상계동,202606,아파트_매매,보람아파트,상계동,639,54.59,58300,,,11,4,1988,,,,,,중개거래,
노원구,11350,월계동,202606,아파트_매매,동신,월계동,436,91.54,96000,,,8,3,1983,,,,,,중개거래,
노원구,11350,상계동,202606,아파트_매매,상계주공6(고층),상계동,720,58.01,78500,,,14,4,1988,,,,,,중개거래,
노원구,11350,상계동,202606,아파트_매매,성원상떼빌,상계동,1283,114.76,40000,,,14,4,1999,,,,,,직거래,
노원구,11350,상계동,202606,아파트_매매,상계주공10(고층),상계동,666,59.28,68000,,,13,4,1988,,,,,,중개거래,
노원구,11350,중계동,202606,아파트_매매,주공5,중계동,359-1,44.52,43900,,,1,4,1992,,,,,,중개거래,
노원구,11350,상계동,202606,아파트_매매,은빛2단지,상계동,1256,49.77,44200,,,9,3,1998,,,,,,중개거래,
노원구,11350,월계동,202606,아파트_매매,한진한화그랑빌,월계동,18,84.97,115000,,,19,3,2002,,,,,,중개거래,
노원구,11350,상계동,202606,아파트_매매,상계신동아,상계동,463,84.99,61500,,,11,3,1995,,,,,,중개거래,
노원구,11350,월계동,202606,아파트_매매,초안1,월계동,923,59.85,37500,,,12,3,1998,,,,,,중개거래,
노원구,11350,월계동,202606,아파트_매매,한진한화그랑빌,월계동,18,59.94,97800,,,9,3,2002,,,,,,중개거래,
노원구,11350,상계동,202606,아파트_매매,상계주공3(고층),상계동,730-2,32.39,46500,,,4,3,1987,,,,,,중개거래,
노원구,11350,월계동,202606,아파트_매매,동신,월계동,436,70.81,87800,,,10,3,1983,,,,,,중개거래,
노원구,11350,상계동,202606,아파트_매매,상계주공14(고층),상계동,626,49.94,57000,,,13,3,1989,,,,,,중개거래,O
노원구,11350,상계동,202606,아파트_매매,수락현대,상계동,1272,84.74,64000,,,6,3,1995,,,,,,중개거래,
노원구,11350,상계동,202606,아파트_매매,불암현대,상계동,1293,59.4,45700,,,1,2,1999,,,,,,중개거래,
노원구,11350,하계동,202606,아파트_매매,장미(시영6),하계동,273,49.5,72000,,,10,3,1989,,,,,,중개거래,
노원구,11350,상계동,202606,아파트_매매,보람아파트,상계동,639,68.99,67700,,,15,3,1988,,,,,,중개거래,
노원구,11350,하계동,202606,아파트_매매,미성,하계동,280,84.94,85000,,,12,3,1989,,,,,,중개거래,
노원구,11350,공릉동,202606,아파트_매매,공릉동한보에센시티아파트,공릉동,743,59.4,60000,,,6,3,2000,,,,,,중개거래,
노원구,11350,상계동,202606,아파트_매매,보람아파트,상계동,639,68.99,67000,,,3,3,1988,,,,,,중개거래,
노원구,11350,상계동,202606,아파트_매매,상계주공6(고층),상계동,720,38,57500,,,9,3,1988,,,,,,중개거래,
노원구,11350,월계동,202606,아파트_매매,극동,월계동,803-1,80.28,49000,,,10,3,1996,,,,,,중개거래,
노원구,11350,상계동,202606,아파트_매매,보람아파트,상계동,639,44.33,43500,,,4,3,1988,,,,,,중개거래,
노원구,11350,상계동,202606,아파트_매매,상계2차중앙하이츠,상계동,1282,84.6,78000,,,2,3,1998,,,,,,중개거래,
노원구,11350,월계동,202606,아파트_매매,롯데캐슬루나,월계동,947,59.9927,86500,,,6,3,2006,,,,,,중개거래,
노원구,11350,하계동,202606,아파트_매매,학여울청구,하계동,354,84.77,88000,,,7,3,1999,,,,,,중개거래,
노원구,11350,상계동,202606,아파트_매매,상계주공14(고층),상계동,626,49.94,56500,,,10,3,1989,,,,,,중개거래,
노원구,11350,상계동,202606,아파트_매매,포레나노원,상계동,680,84.9728,127000,,,8,3,2020,,,,,,중개거래,
노원구,11350,상계동,202606,아파트_매매,상계1차현대아파트,상계동,1055,83.92,58500,,,7,3,1993,,,,,,중개거래,
노원구,11350,중계동,202606,아파트_매매,상아,중계동,505,72.73,84500,,,5,2,1989,,,,,,중개거래,
노원구,11350,중계동,202606,아파트_매매,주공8,중계동,362-1,49.72,60000,,,3,2,1993,,,,,,중개거래,
노원구,11350,공릉동,202606,아파트_매매,풍림아파트A,공릉동,725,84.99,90000,,,17,3,2001,,,,,,중개거래,
노원구,11350,월계동,202606,아파트_매매,한진한화그랑빌,월계동,18,84.97,112000,,,16,3,2002,,,,,,중개거래,
노원구,11350,월계동,202606,아파트_매매,사슴3,월계동,320-11,33.18,33000,,,10,2,1995,,,,,,중개거래,
노원구,11350,중계동,202606,아파트_매매,양지마을(대림)1,중계동,587,59.88,74500,,,11,2,1998,,,,,,중개거래,
노원구,11350,중계동,202606,아파트_매매,주공2,중계동,369,44.52,35000,,,13,2,1992,,,,,,중개거래,
노원구,11350,상계동,202606,아파트_매매,상계주공4(고층),상계동,749-5,58.01,69000,,,11,2,1988,,,,,,중개거래,
노원구,11350,월계동,202606,아파트_매매,미성,월계동,13,50.14,91000,,,4,2,1986,,,,,,중개거래,
노원구,11350,중계동,202606,아파트_매매,롯데(505),중계동,505,54.48,62500,,,1,2,1989,,,,,,중개거래,
노원구,11350,상계동,202606,아파트_매매,은빛1단지,상계동,1255,59.95,50500,,,6,2,1998,,,,,,중개거래,
노원구,11350,하계동,202606,아파트_매매,청솔(시영7),하계동,274,59.46,65000,,,4,2,1989,,,,,,중개거래,
노원구,11350,중계동,202606,아파트_매매,주공5,중계동,359-1,38.64,39750,,,9,2,1992,,,,,,중개거래,
노원구,11350,중계동,202606,아파트_매매,주공5,중계동,359-1,76.51,102000,,,4,2,1992,,,,,,중개거래,
노원구,11350,월계동,202606,아파트_매매,한진한화그랑빌,월계동,18,114.97,112000,,,17,2,2002,,,,,,중개거래,
노원구,11350,중계동,202606,아파트_매매,주공5,중계동,359-1,44.94,48000,,,2,1,1992,,,,,,중개거래,
노원구,11350,중계동,202606,아파트_매매,주공4,중계동,358-2,84.79,100500,,,11,2,1991,,,,,,중개거래,
노원구,11350,중계동,202606,아파트_매매,중계그린1단지,중계동,502-1,39.92,47000,,,14,2,1990,,,,,,중개거래,
노원구,11350,중계동,202606,아파트_매매,주공7,중계동,363-1,44.1,37500,,,3,1,1993,,,,,,중개거래,
노원구,11350,중계동,202606,아파트_매매,주공4,중계동,358-2,59.39,67400,,,5,2,1991,,,,,,중개거래,
노원구,11350,상계동,202606,아파트_매매,불암현대,상계동,1293,59.4,39500,,,2,4,1999,,,,,,중개거래,
노원구,11350,하계동,202606,아파트_매매,장미(시영6),하계동,273,39.78,53500,,,7,2,1989,,,,,,중개거래,
노원구,11350,중계동,202606,아파트_매매,한화꿈에그린,중계동,598,84.902,89000,,,7,2,2005,,,,,,중개거래,
노원구,11350,상계동,202606,아파트_매매,상계주공3(고층),상계동,730-2,32.39,44000,,,12,2,1987,,,,,,중개거래,
노원구,11350,중계동,202606,아파트_매매,주공2,중계동,369,44.52,33800,,,15,2,1992,,,,,,중개거래,
노원구,11350,월계동,202606,아파트_매매,삼호3,월계동,13,59.22,107000,,,12,1,1986,,,,,,중개거래,
노원구,11350,하계동,202606,아파트_매매,장미(시영6),하계동,273,39.78,54700,,,2,2,1989,,,,,,중개거래,
노원구,11350,중계동,202606,아파트_매매,중계그린1단지,중계동,502-1,39.92,48300,,,15,2,1990,,,,,,중개거래,
노원구,11350,중계동,202606,아파트_매매,주공4,중계동,358-2,76.51,81500,,,2,1,1991,,,,,,중개거래,
노원구,11350,상계동,202606,아파트_매매,상계주공7(고층),상계동,691,49.94,71500,,,4,1,1988,,,,,,중개거래,
노원구,11350,상계동,202606,아파트_매매,보람아파트,상계동,639,44.33,45000,,,13,1,1988,,,,,,중개거래,
노원구,11350,상계동,202606,아파트_매매,상계주공3(고층),상계동,730-2,32.39,50000,,,13,1,1987,,,,,,중개거래,
노원구,11350,중계동,202606,아파트_매매,삼성,중계동,593,84.75,84000,,,6,1,1999,,,,,,중개거래,
노원구,11350,상계동,202606,아파트_매매,상계주공9(고층),상계동,670,49.94,59000,,,2,1,1988,,,,,,중개거래,
노원구,11350,중계동,202606,아파트_매매,청구3,중계동,360-2,84.77,135000,,,8,1,1996,,,,,,중개거래,
노원구,11350,상계동,202606,아파트_매매,수락파크빌,상계동,1269,114.82,57000,,,6,1,2001,,,,,,중개거래,O
노원구,11350,상계동,202606,아파트_매매,상계주공2(저층),상계동,740,46.04,47500,,,4,1,1987,,,,,,중개거래,
노원구,11350,공릉동,202606,아파트_매매,백영아파트,공릉동,593-6,62.71,36000,,,6,1,2004,,,,,,중개거래,
노원구,11350,상계동,202606,아파트_매매,은빛1단지,상계동,1255,49.77,44900,,,11,1,1998,,,,,,중개거래,
노원구,11350,하계동,202606,아파트_매매,장미(시영6),하계동,273,49.75,71500,,,14,1,1989,,,,,,중개거래,
노원구,11350,하계동,202606,아파트_매매,한신1,하계동,284,27,30000,,,4,1,1988,,,,,,중개거래,
노원구,11350,상계동,202606,아파트_매매,상계주공11(고층),상계동,652,41.3,48800,,,9,1,1988,,,,,,중개거래,
노원구,11350,상계동,202606,아파트_매매,상계주공13(고층),상계동,637,45.9,36000,,,8,1,1989,,,,,,중개거래,
