gu_name,lawd_cd,region_name,deal_ym,deal_type,building_name,umd_name,jibun,area_m2,deal_amount,deposit,monthly_rent,floor,deal_day,build_year,contract_type,contract_term,pre_deposit,pre_monthly_rent,use_rr_right,dealing_gbn,cdeal_type
서대문구,11410,대현동,202608,오피스텔_전월세,(90-12),대현동,90-12,14.79,,5000,59,6,14,2021,신규,26.08~28.08,,,,,
서대문구,11410,홍은동,202608,오피스텔_전월세,디에이원파크,홍은동,400-3,32.18,,4000,110,4,21,2019,신규,26.08~27.08,,,,,
서대문구,11410,남가좌동,202608,오피스텔_전월세,더-아무르,남가좌동,382-9,41.3,,28370,0,3,8,2018,갱신,26.08~28.08,27500.0,,,,
서대문구,11410,합동,202608,오피스텔_전월세,충정로대우디오빌,합동,117,58.53,,37800,0,4,21,2006,갱신,26.08~27.08,37800.0,,,,
서대문구,11410,홍은동,202608,오피스텔_전월세,동림오벨리스크,홍은동,396-25,24.48,,3000,40,2,4,2003,신규,26.08~27.08,,,,,
서대문구,11410,대현동,202608,오피스텔_전월세,파라타워,대현동,90-70,19.96,,500,55,12,13,2020,신규,26.08~27.08,,,,,
서대문구,11410,창천동,202608,오피스텔_전월세,(62-48),창천동,62-48,19.61,,500,55,5,12,2002,신규,26.08~27.08,,,,,
서대문구,11410,연희동,202608,오피스텔_전월세,(343),연희동,343,22.91,,1000,84,4,16,1991,신규,26.08~27.08,,,,,
서대문구,11410,대현동,202608,오피스텔_전월세,아리움 5차,대현동,37-25,14.34,,1000,95,4,20,2022,신규,26.08~27.08,,,,,
서대문구,11410,북가좌동,202608,오피스텔_전월세,선정오피스텔,북가좌동,343-1,21.09,,1000,60,9,15,2004,신규,26.09~28.09,,,,,
서대문구,11410,대현동,202608,오피스텔_전월세,엔트라리움#4,대현동,37-18,16.07,,100,30,2,19,2022,신규,26.08~28.12,,,,,
서대문구,11410,미근동,202608,오피스텔_전월세,쎄미앙 오피스텔,미근동,190,19.4,,7000,34,8,18,2006,신규,26.08~28.08,,,,,
서대문구,11410,대현동,202608,오피스텔_전월세,신촌푸르지오시티,대현동,104-5,28.43,,500,100,16,15,2014,신규,26.08~27.08,,,,,
서대문구,11410,대현동,202608,오피스텔_전월세,에스엠케이타워,대현동,27-51,17.59,,19700,0,4,19,2021,신규,26.10~28.10,,,,,
서대문구,11410,연희동,202608,오피스텔_전월세,연희체스트빌,연희동,218-1,16.83,,500,75,2,18,2005,신규,26.08~27.08,,,,,
서대문구,11410,대현동,202608,오피스텔_전월세,대현 3719 오피스텔,대현동,37-19,19.11,,100,34,5,19,2023,신규,26.08~28.12,,,,,
서대문구,11410,대현동,202608,오피스텔_전월세,그린우드,대현동,37-69,18.33,,800,125,9,6,2025,신규,26.08~27.08,,,,,
서대문구,11410,합동,202608,오피스텔_전월세,충정로대우디오빌,합동,117,29.29,,15000,30,7,18,2006,신규,26.09~28.09,,,,,
서대문구,11410,창천동,202608,오피스텔_전월세,신촌 르메이에르타운5,창천동,29-81,26.34,,1000,73,6,14,2005,갱신,26.08~27.08,1000.0,70.0,사용,,
서대문구,11410,연희동,202608,오피스텔_전월세,연희체스트빌,연희동,218-1,16.83,,500,75,7,10,2005,신규,26.08~28.08,,,,,
서대문구,11410,대현동,202608,오피스텔_전월세,이대프리젠#1,대현동,37-30,16.03,,1000,90,4,3,2017,신규,26.08~27.08,,,,,
서대문구,11410,대현동,202608,오피스텔_전월세,(90-12),대현동,90-12,15.63,,3000,66,9,1,2021,신규,26.08~27.08,,,,,
서대문구,11410,대현동,202608,오피스텔_전월세,신촌푸르지오시티,대현동,104-5,27.66,,1000,110,21,3,2014,신규,26.08~27.08,,,,,
서대문구,11410,대현동,202608,오피스텔_전월세,에스엠더포레스트2차,대현동,90-47,17.69,,3000,90,7,13,2023,신규,26.08~27.10,,,,,
서대문구,11410,연희동,202608,오피스텔_전월세,연희체스트빌,연희동,218-1,16.83,,500,75,7,13,2005,신규,26.08~27.08,,,,,
서대문구,11410,대현동,202608,오피스텔_전월세,SONG'S 8,대현동,56-119,20.3,,2000,80,4,14,2015,신규,26.08~27.08,,,,,
서대문구,11410,연희동,202608,오피스텔_전월세,정연지오빌ll,연희동,88-11,25.53,,4000,70,3,11,2003,신규,26.09~28.09,,,,,
서대문구,11410,대현동,202608,오피스텔_전월세,그린우드,대현동,37-69,17,,1000,120,10,13,2025,신규,26.08~27.08,,,,,
서대문구,11410,대현동,202608,오피스텔_전월세,파라타워,대현동,90-70,42.9,,1000,108,9,1,2020,신규,26.08~27.08,,,,,
서대문구,11410,연희동,202608,오피스텔_전월세,라이온스톤,연희동,103-6,19.81,,11000,28,2,12,2004,신규,26.09~28.09,,,,,
서대문구,11410,합동,202608,오피스텔_전월세,충정로대우디오빌,합동,117,29.25,,19000,15,9,12,2006,신규,26.09~28.09,,,,,
서대문구,11410,북아현동,202608,오피스텔_전월세,헤센 스마트 더 센트럴,북아현동,154-6,20.98,,1000,130,13,12,2023,갱신,26.09~27.09,1000.0,120.0,사용,,
서대문구,11410,대현동,202608,오피스텔_전월세,파라타워,대현동,90-70,19.96,,1000,115,11,10,2020,갱신,26.09~27.08,1000.0,110.0,,,
서대문구,11410,대현동,202608,오피스텔_전월세,신촌푸르지오시티,대현동,104-5,26.82,,19800,0,9,8,2014,신규,26.09~28.09,,,,,
서대문구,11410,대현동,202608,오피스텔_전월세,슈테리움 오피스텔,대현동,90-22,13.29,,12000,20,5,5,2019,신규,26.09~28.09,,,,,
서대문구,11410,북아현동,202608,오피스텔_전월세,이편한세상신촌,북아현동,1013,27.42,,1000,125,12,10,2018,신규,26.08~28.08,,,,,
서대문구,11410,창천동,202608,오피스텔_전월세,LK타운,창천동,503-21,34.62,,30000,0,5,8,2020,신규,26.09~28.09,,,,,
서대문구,11410,연희동,202608,오피스텔_전월세,연희미다스파크,연희동,142-21,27.72,,20600,0,4,7,2019,갱신,26.08~27.09,19670.0,,,,
서대문구,11410,합동,202608,오피스텔_전월세,SK리쳄블,합동,116,34.22,,1000,95,9,7,2005,갱신,26.10~27.10,1000.0,91.0,사용,,
서대문구,11410,대현동,202608,오피스텔_전월세,이대 투웨니퍼스트,대현동,56-100,16.05,,19600,0,4,8,2022,신규,26.09~28.09,,,,,
서대문구,11410,충정로2가,202608,오피스텔_전월세,서대문 디오빌 오피스텔,충정로2가,192,25.35,,18000,0,8,9,2009,갱신,26.08~26.11,18000.0,,사용,,
서대문구,11410,홍은동,202608,오피스텔_전월세,진성위메이드,홍은동,168-2,39.43,,28500,0,4,7,2020,신규,26.10~28.10,,,,,
서대문구,11410,대현동,202608,오피스텔_전월세,더펜타,대현동,37-66,16.04,,1000,87,9,1,2023,신규,26.08~27.08,,,,,
서대문구,11410,대현동,202608,오피스텔_전월세,영타운 지웰 에스테이트,대현동,37-32,20.27,,17000,10,8,6,2017,갱신,26.09~27.09,19500.0,,사용,,
서대문구,11410,창천동,202608,오피스텔_전월세,신촌 르메이에르타운5,창천동,29-81,26.34,,14800,0,15,3,2005,신규,26.08~28.08,,,,,
서대문구,11410,연희동,202608,오피스텔_전월세,브라운 힐,연희동,100-15,20.67,,1000,45,5,1,2002,신규,26.08~28.07,,,,,
서대문구,11410,대현동,202608,오피스텔_전월세,이대프리젠#2,대현동,90-44,15.24,,1000,95,10,4,2017,신규,26.08~27.08,,,,,
서대문구,11410,충정로2가,202608,오피스텔_전월세,서대문 디오빌 오피스텔,충정로2가,192,25.35,,13000,31,6,4,2009,갱신,26.08~27.08,13000.0,31.0,,,
서대문구,11410,창천동,202608,오피스텔_전월세,더이음,창천동,72-22,17.75,,1000,100,6,1,2021,신규,26.08~27.08,,,,,
서대문구,11410,대현동,202608,오피스텔_전월세,엔트라리움#4,대현동,37-18,16.07,,100,30,7,3,2022,신규,26.08~28.12,,,,,
서대문구,11410,대현동,202608,오피스텔_전월세,대현 3719 오피스텔,대현동,37-19,19.11,,100,34,4,3,2023,신규,26.08~28.12,,,,,
서대문구,11410,대현동,202608,오피스텔_전월세,엔트라리움#4,대현동,37-18,16.07,,100,30,5,3,2022,신규,26.08~28.12,,,,,
서대문구,11410,창천동,202608,오피스텔_전월세,더이음,창천동,72-22,17.75,,19800,0,9,3,2021,갱신,26.08~28.08,21000.0,,,,
서대문구,11410,창천동,202608,연립다세대_전월세,신촌빌리지,창천동,229,46.11,,35000,20,5,16,2014,,,,,,,
서대문구,11410,연희동,202608,연립다세대_전월세,cs연희2차,연희동,106-14,61.24,,4301,44,5,21,2021,신규,26.09~28.11,,,,,
서대문구,11410,홍은동,202608,연립다세대_전월세,백송하이츠-가동,홍은동,396-11,78.15,,20000,90,2,21,2003,갱신,26.08~28.08,20000.0,70.0,사용,,
서대문구,11410,북아현동,202608,연립다세대_전월세,이화노블레스,북아현동,1-625,53.49,,35000,0,1,21,2015,신규,26.11~28.11,,,,,
서대문구,11410,연희동,202608,연립다세대_전월세,연희동성캐슬1차,연희동,344-137,25.52,,1500,100,2,21,2022,신규,26.08~27.08,,,,,
서대문구,11410,홍제동,202608,연립다세대_전월세,에이스빌라트,홍제동,267-15,55.71,,4000,70,3,4,2002,신규,26.08~27.06,,,,,
서대문구,11410,홍은동,202608,연립다세대_전월세,수목아이엠하우스(405-17),홍은동,405-17,20.52,,1000,50,3,14,2003,신규,26.08~28.08,,,,,
서대문구,11410,홍제동,202608,연립다세대_전월세,오크빌,홍제동,312-19,46.7,,17500,0,2,20,2003,신규,26.09~28.09,,,,,
서대문구,11410,연희동,202608,연립다세대_전월세,연세아크로폴리스,연희동,290-1,94.64,,5000,40,2,8,2001,신규,26.08~27.08,,,,,
서대문구,11410,홍제동,202608,연립다세대_전월세,(287-118),홍제동,287-118,64.98,,15000,40,2,11,1992,신규,26.09~28.09,,,,,
서대문구,11410,대신동,202608,연립다세대_전월세,(128-1),대신동,128-1,12.38,,300,50,4,10,2004,신규,26.08~27.08,,,,,
서대문구,11410,홍은동,202608,연립다세대_전월세,프라임하우스,홍은동,407-5,12.87,,500,48,2,18,2013,갱신,26.08~27.08,500.0,47.0,,,
서대문구,11410,창천동,202608,연립다세대_전월세,티파니,창천동,68-51,18.37,,200,70,3,17,2013,신규,26.08~27.01,,,,,
서대문구,11410,연희동,202608,연립다세대_전월세,브라운스톤연희,연희동,194-30,12.6,,1000,65,3,17,2007,신규,26.08~27.08,,,,,
서대문구,11410,남가좌동,202608,연립다세대_전월세,아람빌라3,남가좌동,5-203,51.67,,15500,40,1,16,2001,신규,26.09~28.09,,,,,
서대문구,11410,북가좌동,202608,연립다세대_전월세,영광빌라,북가좌동,383-13,43.06,,19800,0,4,15,2007,신규,26.09~28.09,,,,,
서대문구,11410,창천동,202608,연립다세대_전월세,창천율도국인104동,창천동,232,23.04,,12180,0,4,14,2007,신규,26.09~28.09,,,,,
서대문구,11410,홍은동,202608,연립다세대_전월세,경훈아트빌,홍은동,191-64,55.51,,13000,30,5,18,2002,신규,26.09~28.09,,,,,
서대문구,11410,창천동,202608,연립다세대_전월세,YonEStudio,창천동,4-115,12.47,,1000,68,2,14,2011,신규,26.08~27.08,,,,,
서대문구,11410,홍제동,202608,연립다세대_전월세,아이콘스타,홍제동,282-31,48.42,,37400,0,2,19,2021,신규,26.10~28.10,,,,,
서대문구,11410,연희동,202608,연립다세대_전월세,(193-18),연희동,193-18,19.61,,14490,11,3,14,2014,갱신,26.08~28.08,15000.0,,,,
서대문구,11410,홍제동,202608,연립다세대_전월세,제니스빌(134-2),홍제동,134-2,42.25,,30450,0,6,19,2018,갱신,26.09~28.09,29000.0,,사용,,
서대문구,11410,홍은동,202608,연립다세대_전월세,동아빌라,홍은동,265-66,66.33,,13000,40,1,19,1994,신규,26.09~28.09,,,,,
서대문구,11410,충정로3가,202608,연립다세대_전월세,(3-41),충정로3가,3-41,50.13,,17000,0,2,19,1992,신규,26.09~28.09,,,,,
서대문구,11410,연희동,202608,연립다세대_전월세,(51-136),연희동,51-136,62.22,,2000,74,2,5,1992,신규,26.08~28.08,,,,,
서대문구,11410,북가좌동,202608,연립다세대_전월세,황제빌라,북가좌동,298-2,75.63,,25000,0,2,14,1993,갱신,26.08~28.08,22000.0,,,,
서대문구,11410,홍은동,202608,연립다세대_전월세,스마트빌,홍은동,10-230,22.79,,2000,85,4,5,2015,신규,26.08~28.08,,,,,
서대문구,11410,홍제동,202608,연립다세대_전월세,(356-84),홍제동,356-84,57.19,,13000,0,2,12,1979,신규,26.09~28.09,,,,,
서대문구,11410,북가좌동,202608,연립다세대_전월세,리움하우스1차,북가좌동,5-42,26.16,,300,14,2,18,2014,갱신,26.09~28.08,300.0,14.0,,,
서대문구,11410,창천동,202608,연립다세대_전월세,신촌빌라3차,창천동,4-34,51.04,,1000,90,2,17,1991,신규,26.08~28.08,,,,,
서대문구,11410,홍제동,202608,연립다세대_전월세,금강빌라,홍제동,9-75,39.06,,12000,35,2,11,1987,신규,26.09~28.09,,,,,
서대문구,11410,연희동,202608,연립다세대_전월세,콤보빌,연희동,122-5,16.03,,1000,75,5,8,2019,신규,26.08~28.08,,,,,
서대문구,11410,연희동,202608,연립다세대_전월세,동성빌,연희동,151-15,50.25,,12000,48,2,12,2018,갱신,26.09~28.09,12000.0,44.0,,,
서대문구,11410,북아현동,202608,연립다세대_전월세,동아아트맨션,북아현동,1-93,76.4,,35000,0,2,8,1995,갱신,26.09~28.09,35000.0,,,,
서대문구,11410,대현동,202608,연립다세대_전월세,이대역마에스트로,대현동,150,12.01,,1000,70,3,11,2012,신규,26.08~27.08,,,,,
서대문구,11410,연희동,202608,연립다세대_전월세,골드클래스,연희동,537-110,58.055,,20000,0,-1,11,2011,신규,26.09~28.09,,,,,
서대문구,11410,남가좌동,202608,연립다세대_전월세,홍암하이츠맨션,남가좌동,8-6,32.435,,9000,28,2,12,1994,갱신,26.09~28.08,9000.0,25.0,사용,,
서대문구,11410,북아현동,202608,연립다세대_전월세,제성빌라,북아현동,1-209,72.84,,25000,0,1,15,1995,갱신,26.09~28.09,23100.0,,,,
서대문구,11410,충정로2가,202608,연립다세대_전월세,건우주택,충정로2가,78-3,38.15,,23000,20,6,14,2011,신규,26.09~28.09,,,,,
서대문구,11410,홍은동,202608,연립다세대_전월세,쿤스트빌,홍은동,9-314,49.21,,30000,0,2,15,2015,신규,26.11~28.11,,,,,
서대문구,11410,연희동,202608,연립다세대_전월세,연희노블레스,연희동,136-12,27.89,,22000,13,6,7,2016,갱신,26.08~28.08,23500.0,4.0,,,
서대문구,11410,대현동,202608,연립다세대_전월세,(90-58),대현동,90-58,18.98,,2000,72,8,13,2015,갱신,26.08~27.08,2000.0,68.0,,,
서대문구,11410,홍제동,202608,연립다세대_전월세,영화빌라,홍제동,122-24,40.89,,13000,0,1,12,1997,신규,26.09~28.09,,,,,
서대문구,11410,홍제동,202608,연립다세대_전월세,하우스인,홍제동,156-477,18.17,,8500,0,1,6,2015,신규,26.09~28.09,,,,,
서대문구,11410,홍제동,202608,연립다세대_전월세,(253-9),홍제동,253-9,14.21,,1000,47,3,14,2013,신규,26.08~28.08,,,,,
서대문구,11410,연희동,202608,연립다세대_전월세,거평빌라,연희동,186-4,84,,28000,0,1,14,1992,갱신,26.08~29.01,26000.0,,,,
서대문구,11410,홍은동,202608,연립다세대_전월세,종건빌라(다동),홍은동,9-708,71.33,,20000,0,1,14,1985,신규,26.09~28.09,,,,,
서대문구,11410,홍은동,202608,연립다세대_전월세,새담빌2차,홍은동,188-2,59.78,,18100,0,4,7,2010,신규,26.09~28.09,,,,,
서대문구,11410,창천동,202608,연립다세대_전월세,오즈빌,창천동,418,13.85,,500,65,3,6,2011,신규,26.10~27.10,,,,,
서대문구,11410,남가좌동,202608,연립다세대_전월세,(324-38),남가좌동,324-38,14.2,,1000,50,3,12,2013,신규,26.08~27.12,,,,,
서대문구,11410,북가좌동,202608,연립다세대_전월세,한오빌라,북가좌동,315-34,35.31,,14000,0,3,12,1993,신규,26.10~28.10,,,,,
서대문구,11410,북가좌동,202608,연립다세대_전월세,한양빌라(382-23),북가좌동,382-23,38.72,,3000,70,3,4,2002,신규,26.09~28.09,,,,,
서대문구,11410,연희동,202608,연립다세대_전월세,(132-83),연희동,132-83,16.49,,1000,62,1,3,2011,신규,26.08~27.08,,,,,
서대문구,11410,연희동,202608,연립다세대_전월세,(100-1),연희동,100-1,46.07,,5106,67,2,13,2020,신규,26.08~28.10,,,,,
서대문구,11410,북가좌동,202608,연립다세대_전월세,뉴페리온,북가좌동,328-16,38.81,,19000,10,3,3,2015,신규,26.09~28.09,,,,,
서대문구,11410,북가좌동,202608,연립다세대_전월세,(343-26),북가좌동,343-26,71.9,,29000,7,2,13,2003,신규,26.10~28.10,,,,,
서대문구,11410,홍은동,202608,연립다세대_전월세,명진하이트빌,홍은동,295-5,33.91,,1530,20,4,13,2019,갱신,26.09~28.08,1530.0,20.0,,,
서대문구,11410,홍은동,202608,연립다세대_전월세,K-House(209-9),홍은동,209-9,59.69,,27000,0,4,12,2016,갱신,26.09~28.09,26000.0,,,,
서대문구,11410,연희동,202608,연립다세대_전월세,(187-4),연희동,187-4,19.35,,1000,63,3,13,2009,신규,26.08~28.08,,,,,
서대문구,11410,홍은동,202608,연립다세대_전월세,K-House(209-9),홍은동,209-9,59.69,,27000,0,4,12,2016,갱신,26.08~28.09,26000.0,,,,
서대문구,11410,홍은동,202608,연립다세대_전월세,옐림빌라-가나동,홍은동,366-28,36.45,,1000,60,1,11,1991,신규,26.08~28.08,,,,,
서대문구,11410,홍제동,202608,연립다세대_전월세,현대그린빌라드,홍제동,313-27,43.08,,12000,45,1,7,2003,신규,26.09~28.09,,,,,
서대문구,11410,북가좌동,202608,연립다세대_전월세,진성위너스빌,북가좌동,313-7,38.34,,15000,40,3,12,2014,신규,26.11~28.11,,,,,
서대문구,11410,연희동,202608,연립다세대_전월세,아라하우스,연희동,340-12,15.4725,,3000,64,2,8,2014,신규,26.08~28.08,,,,,
서대문구,11410,홍제동,202608,연립다세대_전월세,라비앙빌,홍제동,356-145,29.66,,15000,20,5,11,2014,신규,26.09~28.09,,,,,
서대문구,11410,창천동,202608,연립다세대_전월세,연세힐하우스,창천동,90-46,21.46,,300,43,1,1,2011,신규,26.08~27.08,,,,,
서대문구,11410,연희동,202608,연립다세대_전월세,연궁연립,연희동,724-9,66.12,,15000,60,3,11,1980,신규,26.10~28.10,,,,,
서대문구,11410,홍은동,202608,연립다세대_전월세,미래테크노빌(B동),홍은동,265-100,76.29,,18700,0,3,11,2002,갱신,26.09~28.09,17800.0,,,,
서대문구,11410,남가좌동,202608,연립다세대_전월세,명지하우스,남가좌동,341-17,12.15,,500,44,4,1,2012,신규,26.08~27.08,,,,,
서대문구,11410,홍제동,202608,연립다세대_전월세,코스모스빌라,홍제동,267-8,54.25,,14000,23,1,6,1987,신규,26.09~28.09,,,,,
서대문구,11410,북아현동,202608,연립다세대_전월세,(1-1765),북아현동,1-1765,68.37,,25000,0,2,10,1991,신규,26.08~28.08,,,,,
서대문구,11410,남가좌동,202608,연립다세대_전월세,(5-252),남가좌동,5-252,41.4,,500,55,-1,5,1993,신규,26.08~28.08,,,,,
서대문구,11410,연희동,202608,연립다세대_전월세,EDENHOUSE,연희동,78-13,23.97,,1000,58,2,8,2013,신규,26.10~27.10,,,,,
서대문구,11410,연희동,202608,연립다세대_전월세,임탑파크빌,연희동,520-55,39.89,,13100,0,3,8,2001,신규,26.09~28.09,,,,,
서대문구,11410,북가좌동,202608,연립다세대_전월세,훼미리하우스,북가좌동,305-6,54.58,,1000,50,1,8,2002,신규,26.10~28.10,,,,,
서대문구,11410,북가좌동,202608,연립다세대_전월세,만민하늘애,북가좌동,338-4,27.28,,19000,34,3,10,2018,갱신,26.09~28.09,21000.0,22.0,,,
서대문구,11410,창천동,202608,연립다세대_전월세,(461-0),창천동,461,14.86,,1000,60,4,3,2011,신규,26.08~28.08,,,,,
서대문구,11410,북가좌동,202608,연립다세대_전월세,기린빌라(마동),북가좌동,376-34,42.06,,3000,45,-1,8,1986,신규,26.08~28.08,,,,,
서대문구,11410,북가좌동,202608,연립다세대_전월세,행운아트빌(A동),북가좌동,367-1,55.85,,3000,60,3,5,2003,신규,26.08~28.08,,,,,
서대문구,11410,남가좌동,202608,연립다세대_전월세,은하빌라,남가좌동,322-27,60.57,,11000,60,4,6,1994,신규,26.10~28.10,,,,,
서대문구,11410,연희동,202608,연립다세대_전월세,신세대하이빌,연희동,446-282,22.8,,8700,10,1,7,1995,신규,26.09~28.09,,,,,
서대문구,11410,연희동,202608,연립다세대_전월세,연희노블레스,연희동,136-12,27.89,,23500,8,6,7,2016,갱신,26.08~28.08,23500.0,4.0,,,
서대문구,11410,연희동,202608,연립다세대_전월세,(219-16),연희동,219-16,18.63,,1000,68,5,5,2017,신규,26.08~28.08,,,,,
서대문구,11410,홍은동,202608,연립다세대_전월세,정원웰스빌,홍은동,265-179,24.14,,3000,45,1,4,2018,신규,26.08~28.08,,,,,
서대문구,11410,홍은동,202608,연립다세대_전월세,프라임하우스,홍은동,407-5,13.53,,500,51,2,5,2013,신규,26.08~27.08,,,,,
서대문구,11410,북가좌동,202608,연립다세대_전월세,정우베스트빌,북가좌동,280-34,55.95,,10000,33,4,4,2003,신규,26.10~27.10,,,,,
서대문구,11410,창천동,202608,연립다세대_전월세,(100-127),창천동,100-127,14.79,,1000,72,2,5,2018,신규,26.08~27.02,,,,,
서대문구,11410,북가좌동,202608,연립다세대_전월세,동인쉐르빌,북가좌동,294-23,40.77,,30450,0,5,1,2022,갱신,26.08~28.08,29000.0,,사용,,
서대문구,11410,북가좌동,202608,연립다세대_전월세,GS빌라(280-6),북가좌동,280-6,29.59,,0,35,4,1,2010,신규,26.08~27.07,,,,,
서대문구,11410,연희동,202608,연립다세대_전월세,(339-23),연희동,339-23,48.15,,500,40,-1,1,1986,신규,26.08~27.07,,,,,
서대문구,11410,연희동,202608,연립다세대_전월세,(340-41),연희동,340-41,15.56,,3000,42,2,1,2002,신규,26.08~28.08,,,,,
서대문구,11410,북가좌동,202608,연립다세대_전월세,푸른주택,북가좌동,74-218,58.74,,30000,0,4,3,2002,신규,26.08~26.09,,,,,
서대문구,11410,남가좌동,202608,연립다세대_전월세,명인빌,남가좌동,374-8,46.32,,19800,0,3,3,2015,갱신,26.09~28.09,18900.0,,사용,,
서대문구,11410,북가좌동,202608,연립다세대_전월세,호성그린뷰,북가좌동,286-9,29.99,,13700,10,2,3,2015,갱신,26.09~28.09,13700.0,10.0,,,
서대문구,11410,홍제동,202608,아파트_전월세,홍제센트럴IPARK,홍제동,473,84.9728,,82950,0,9,20,2020,,,,,,,
서대문구,11410,남가좌동,202608,아파트_전월세,디엠씨엘가,남가좌동,387,13.03,,10500,23,9,20,2017,,,,,,,
서대문구,11410,홍제동,202608,아파트_전월세,홍제역해링턴플레이스,홍제동,474,84.99,,22000,0,11,6,2024,,,,,,,
서대문구,11410,북아현동,202608,아파트_전월세,e편한세상신촌2단지,북아현동,1013,84.93,,95000,0,7,18,2018,신규,26.09~28.09,,,,,
서대문구,11410,현저동,202608,아파트_전월세,독립문극동(200-0),현저동,200,84.87,,69000,0,1,14,1998,신규,26.08~28.08,,,,,
서대문구,11410,남가좌동,202608,아파트_전월세,디엠씨엘가,남가좌동,387,13.03,,10500,23,9,20,2017,신규,26.09~28.09,,,,,
서대문구,11410,북아현동,202608,아파트_전월세,신촌푸르지오,북아현동,1011,84.9892,,94000,0,11,15,2015,신규,26.10~28.10,,,,,
서대문구,11410,남가좌동,202608,아파트_전월세,DMC금호리첸시아,남가좌동,396,84.9901,,63000,50,4,21,2024,갱신,26.09~27.07,63000.0,,,,
서대문구,11410,남가좌동,202608,아파트_전월세,DMC센트럴아이파크,남가좌동,388,84.9,,75000,0,4,21,2018,갱신,26.09~28.09,75000.0,,사용,,
서대문구,11410,남가좌동,202608,아파트_전월세,남가좌동현대,남가좌동,376,59.4,,5000,157,5,20,1999,갱신,26.09~28.09,5000.0,150.0,사용,,
서대문구,11410,홍제동,202608,아파트_전월세,서대문푸르지오센트럴파크,홍제동,478,49.5,,60000,0,12,21,2023,갱신,26.12~28.12,40950.0,,,,
서대문구,11410,현저동,202608,아파트_전월세,독립문극동(200-0),현저동,200,59.58,,56000,36,21,8,1998,신규,26.09~28.09,,,,,
서대문구,11410,홍제동,202608,아파트_전월세,금호어울림,홍제동,471,59.18,,26841,0,3,20,2016,갱신,26.09~28.08,25563.0,,,,
서대문구,11410,홍은동,202608,아파트_전월세,힐스테이트홍은포레스트,홍은동,470,72.79,,64050,0,5,20,2023,갱신,26.08~28.08,61000.0,,사용,,
서대문구,11410,홍은동,202608,아파트_전월세,힐스테이트홍은포레스트,홍은동,470,72.97,,70000,0,14,19,2023,신규,26.09~28.09,,,,,
서대문구,11410,홍은동,202608,아파트_전월세,극동,홍은동,454,84.92,,35000,10,14,20,1995,갱신,26.09~28.09,35000.0,,,,
서대문구,11410,남가좌동,202608,아파트_전월세,DMC파크뷰자이1단지,남가좌동,385,84.968,,82000,16,12,8,2015,갱신,26.11~28.11,82000.0,,사용,,
서대문구,11410,북아현동,202608,아파트_전월세,신촌푸르지오,북아현동,1011,84.9572,,30000,230,2,5,2015,신규,26.09~28.09,,,,,
서대문구,11410,북가좌동,202608,아파트_전월세,DMC래미안e편한세상,북가좌동,481,84.97,,84000,0,16,20,2012,갱신,26.08~26.11,74000.0,,,,
서대문구,11410,북가좌동,202608,아파트_전월세,DMC래미안e편한세상,북가좌동,481,84.97,,75000,0,12,20,2012,신규,26.10~28.10,,,,,
서대문구,11410,남가좌동,202608,아파트_전월세,DMC금호리첸시아,남가좌동,396,74.343,,81000,0,12,8,2024,신규,26.09~28.09,,,,,
서대문구,11410,연희동,202608,아파트_전월세,연희웨스트팰리스,연희동,746,13.12,,100,80,5,13,2014,신규,26.08~27.02,,,,,
서대문구,11410,북아현동,202608,아파트_전월세,힐스테이트신촌,북아현동,1017,37.969,,15270,39,8,20,2023,갱신,26.09~28.08,12972.0,45.0,,,
서대문구,11410,홍제동,202608,아파트_전월세,인왕산한신휴플러스,홍제동,469,84.925,,70000,0,6,6,2009,신규,26.10~28.10,,,,,
서대문구,11410,남가좌동,202608,아파트_전월세,DMC에코자이,남가좌동,389,59.79,,71000,0,21,18,2019,신규,26.10~28.10,,,,,
서대문구,11410,북가좌동,202608,아파트_전월세,요진,북가좌동,150,59.04,,34000,0,8,20,1998,신규,26.08~28.08,,,,,
서대문구,11410,홍은동,202608,아파트_전월세,북한산두산위브,홍은동,467,33.05,,9586,24,3,19,2020,갱신,26.09~28.08,8235.0,27.0,,,
서대문구,11410,북아현동,202608,아파트_전월세,신촌푸르지오,북아현동,1011,84.9559,,15000,300,8,6,2015,신규,26.09~28.09,,,,,
서대문구,11410,남가좌동,202608,아파트_전월세,DMC금호리첸시아,남가좌동,396,84.9901,,60000,120,15,18,2024,갱신,26.10~28.10,60000.0,42.0,,,
서대문구,11410,현저동,202608,아파트_전월세,독립문극동(201-0),현저동,201,27,,2139,5,7,19,1998,갱신,26.09~28.08,2139.0,5.0,,,
서대문구,11410,북아현동,202608,아파트_전월세,힐스테이트신촌,북아현동,1017,84.6043,,76300,0,11,18,2023,갱신,26.09~28.09,72700.0,,사용,,
서대문구,11410,남가좌동,202608,아파트_전월세,DMC금호리첸시아,남가좌동,396,59.8295,,75000,0,6,19,2024,신규,26.11~28.11,,,,,
서대문구,11410,연희동,202608,아파트_전월세,대정이오스,연희동,748,29.76,,300,34,3,19,2023,갱신,26.09~28.08,300.0,34.0,,,
서대문구,11410,홍제동,202608,아파트_전월세,홍제센트럴IPARK,홍제동,473,59.9728,,57700,0,8,8,2020,갱신,26.09~28.09,55000.0,,사용,,
서대문구,11410,홍은동,202608,아파트_전월세,북한산두산위브,홍은동,467,84.98,,10000,200,12,19,2020,갱신,26.09~28.09,10000.0,180.0,,,
서대문구,11410,연희동,202608,아파트_전월세,대우푸르지오,연희동,739,59.584,,3000,200,1,11,2002,신규,26.11~28.11,,,,,
서대문구,11410,홍제동,202608,아파트_전월세,서대문푸르지오센트럴파크,홍제동,478,59.94,,78000,0,4,18,2023,신규,26.09~28.09,,,,,
서대문구,11410,남가좌동,202608,아파트_전월세,디엠씨엘가,남가좌동,387,13.03,,14500,0,13,8,2017,신규,26.08~27.08,,,,,
서대문구,11410,현저동,202608,아파트_전월세,독립문극동(201-0),현저동,201,27,,3101,0,3,19,1998,갱신,26.09~28.08,3101.0,,,,
서대문구,11410,남가좌동,202608,아파트_전월세,DMC금호리첸시아,남가좌동,396,84.9901,,62500,40,16,10,2024,갱신,26.11~28.11,62500.0,,,,
서대문구,11410,홍제동,202608,아파트_전월세,인왕산현대,홍제동,460,114.72,,20000,150,12,18,2000,갱신,26.10~28.10,20000.0,140.0,사용,,
서대문구,11410,북가좌동,202608,아파트_전월세,북가좌삼호,북가좌동,449,84.57,,50400,0,6,19,1996,갱신,26.10~28.09,48000.0,,사용,,
서대문구,11410,홍제동,202608,아파트_전월세,문화촌현대,홍제동,463,84.99,,20000,100,1,16,2002,신규,26.10~28.10,,,,,
서대문구,11410,홍은동,202608,아파트_전월세,북한산더샵,홍은동,464,59.899,,50000,30,16,18,2017,갱신,26.09~28.09,50000.0,,,,
서대문구,11410,현저동,202608,아파트_전월세,독립문극동(200-0),현저동,200,59.58,,10000,200,13,18,1998,신규,26.09~28.09,,,,,
서대문구,11410,홍제동,202608,아파트_전월세,홍제비콘드림힐,홍제동,468,84.946,,52500,0,8,18,2006,갱신,26.08~28.08,50000.0,,사용,,
서대문구,11410,남가좌동,202608,아파트_전월세,DMC파크뷰자이3단지,남가좌동,385,59.981,,72000,0,9,18,2015,신규,26.11~28.11,,,,,
서대문구,11410,홍제동,202608,아파트_전월세,청구1차,홍제동,453,84.78,,61950,0,12,18,1994,갱신,26.08~28.08,59000.0,,사용,,
서대문구,11410,연희동,202608,아파트_전월세,대정이오스,연희동,748,29.76,,300,33,2,18,2023,신규,26.09~28.08,,,,,
서대문구,11410,홍제동,202608,아파트_전월세,문화촌현대,홍제동,463,59.94,,10000,157,4,15,2002,갱신,26.09~28.09,10000.0,150.0,,,
서대문구,11410,북아현동,202608,아파트_전월세,e편한세상신촌2단지,북아현동,1013,84.98,,92500,0,15,14,2018,신규,26.09~28.09,,,,,
서대문구,11410,홍은동,202608,아파트_전월세,홍은동벽산,홍은동,455,84.96,,50000,0,9,15,1997,신규,26.11~28.11,,,,,
서대문구,11410,대현동,202608,아파트_전월세,파라타워,대현동,90-70,14.44,,20900,0,6,14,2020,갱신,26.09~28.09,19950.0,,사용,,
서대문구,11410,연희동,202608,아파트_전월세,연희웨스트팰리스,연희동,746,13.12,,100,80,5,13,2014,신규,26.08~27.02,,,,,
서대문구,11410,북아현동,202608,아파트_전월세,신촌푸르지오,북아현동,1011,34.25,,43500,0,1,18,2015,갱신,26.09~27.09,42500.0,,사용,,
서대문구,11410,남가좌동,202608,아파트_전월세,DMC래미안클라시스,남가좌동,377,84.9,,20000,150,2,18,2000,신규,26.10~28.10,,,,,
서대문구,11410,북가좌동,202608,아파트_전월세,DMC래미안e편한세상,북가좌동,481,84.94,,80000,0,6,17,2012,신규,26.11~28.11,,,,,
서대문구,11410,홍제동,202608,아파트_전월세,인왕산현대,홍제동,460,59.93,,48000,0,9,15,2000,신규,26.09~28.09,,,,,
서대문구,11410,북가좌동,202608,아파트_전월세,DMC한양,북가좌동,431,84.33,,10000,125,12,10,1987,신규,26.09~28.09,,,,,
서대문구,11410,북가좌동,202608,아파트_전월세,DMC래미안e편한세상,북가좌동,481,59.97,,63000,0,5,8,2012,갱신,26.09~28.09,60000.0,,사용,,
서대문구,11410,연희동,202608,아파트_전월세,대정이오스,연희동,748,29.76,,300,34,3,18,2023,신규,26.09~28.08,,,,,
서대문구,11410,홍제동,202608,아파트_전월세,홍제센트럴IPARK,홍제동,473,84.9728,,56000,100,17,13,2020,신규,26.10~28.10,,,,,
서대문구,11410,대현동,202608,아파트_전월세,신촌럭키,대현동,144,59.7,,47000,0,13,15,1999,갱신,26.08~28.08,45000.0,,사용,,
서대문구,11410,홍제동,202608,아파트_전월세,홍제한양,홍제동,82,60.06,,39000,0,5,17,1993,갱신,26.10~28.10,38000.0,,사용,,
서대문구,11410,남가좌동,202608,아파트_전월세,래미안루센티아,남가좌동,390,84.83,,76650,0,3,8,2020,갱신,26.09~28.09,73000.0,,사용,,
서대문구,11410,북가좌동,202608,아파트_전월세,DMC휴먼빌아파트,북가좌동,456,84.99,,45000,50,8,15,2008,갱신,26.08~28.08,45000.0,30.0,,,
서대문구,11410,홍은동,202608,아파트_전월세,홍은동풍림아이원,홍은동,460,116.101,,48000,0,7,17,2002,신규,26.11~28.11,,,,,
서대문구,11410,남가좌동,202608,아파트_전월세,래미안남가좌2차,남가좌동,379,59.788,,56700,0,11,17,2005,갱신,26.11~28.11,54000.0,,사용,,
서대문구,11410,북가좌동,202608,아파트_전월세,DMC두산위브,북가좌동,459,84.9923,,58000,0,10,3,2007,신규,26.10~28.10,,,,,
서대문구,11410,충정로3가,202608,아파트_전월세,더스타일하우스디센트럴,충정로3가,480,35.3732,,7550,78,6,14,2020,신규,26.09~27.09,,,,,
서대문구,11410,북가좌동,202608,아파트_전월세,북가좌삼호,북가좌동,449,84.57,,58000,0,3,8,1996,신규,26.08~28.08,,,,,
서대문구,11410,연희동,202608,아파트_전월세,대정이오스,연희동,748,29.76,,300,34,3,18,2023,신규,26.09~28.08,,,,,
서대문구,11410,홍제동,202608,아파트_전월세,광산,홍제동,157-68,53.45,,14000,0,6,17,1973,신규,26.11~28.11,,,,,
서대문구,11410,홍제동,202608,아파트_전월세,성원,홍제동,456,41.5,,25000,30,11,17,1998,신규,26.10~28.10,,,,,
서대문구,11410,충정로3가,202608,아파트_전월세,더스타일하우스디센트럴,충정로3가,480,17.6626,,3990,42,6,14,2020,신규,26.09~28.09,,,,,
서대문구,11410,남가좌동,202608,아파트_전월세,디엠씨엘가,남가좌동,387,13.03,,1000,70,8,15,2017,신규,26.10~28.10,,,,,
서대문구,11410,남가좌동,202608,아파트_전월세,DMC금호리첸시아,남가좌동,396,59.9772,,30000,180,12,8,2024,신규,26.09~28.09,,,,,
서대문구,11410,홍은동,202608,아파트_전월세,북한산두산위브2차,홍은동,468,59.7501,,44100,0,12,15,2021,갱신,26.09~28.09,42000.0,,사용,,
서대문구,11410,남가좌동,202608,아파트_전월세,남가좌동현대,남가좌동,376,84.78,,53550,0,20,14,1999,갱신,26.09~28.09,51000.0,,사용,,
서대문구,11410,홍은동,202608,아파트_전월세,e편한세상서대문,홍은동,469,59.991,,63000,0,24,15,2023,신규,26.10~28.10,,,,,
서대문구,11410,남가좌동,202608,아파트_전월세,DMC에코자이,남가좌동,389,59.656,,66000,0,9,15,2019,갱신,26.09~28.09,63000.0,,사용,,
서대문구,11410,충정로3가,202608,아파트_전월세,더스타일하우스디센트럴,충정로3가,480,36.1962,,7720,81,17,10,2020,갱신,26.09~27.09,7720.0,77.0,,,
서대문구,11410,홍제동,202608,아파트_전월세,서대문푸르지오센트럴파크,홍제동,478,59.94,,75000,0,9,15,2023,신규,26.12~28.12,,,,,
서대문구,11410,홍은동,202608,아파트_전월세,홍은센트레빌,홍은동,461,114.83,,69000,0,12,15,2009,신규,26.10~28.10,,,,,
서대문구,11410,홍제동,202608,아파트_전월세,서대문푸르지오센트럴파크,홍제동,478,49.5,,52500,0,13,17,2023,갱신,27.01~29.01,50000.0,,사용,,
서대문구,11410,홍은동,202608,아파트_전월세,e편한세상서대문,홍은동,469,59.991,,71000,0,5,15,2023,신규,26.10~27.10,,,,,
서대문구,11410,홍은동,202608,아파트_전월세,서대문노블루체,홍은동,274-32,27.59,,22800,15,13,13,2018,신규,26.09~28.09,,,,,
서대문구,11410,북아현동,202608,아파트_전월세,두산,북아현동,1009,59.96,,57000,0,9,14,1999,신규,26.10~28.10,,,,,
서대문구,11410,홍은동,202608,아파트_전월세,북한산두산위브,홍은동,467,84.98,,60900,0,11,12,2020,갱신,26.08~28.08,58000.0,,사용,,
서대문구,11410,남가좌동,202608,아파트_전월세,DMC금호리첸시아,남가좌동,396,59.9772,,73000,0,29,7,2024,신규,26.09~28.09,,,,,
서대문구,11410,홍제동,202608,아파트_전월세,홍제원현대(459-0),홍제동,459,59.93,,58000,0,16,14,2000,신규,26.10~28.10,,,,,
서대문구,11410,북아현동,202608,아파트_전월세,힐스테이트신촌,북아현동,1017,59.8404,,78000,0,9,14,2023,갱신,26.09~28.09,57750.0,,,,
서대문구,11410,홍제동,202608,아파트_전월세,홍제역해링턴플레이스,홍제동,474,84.95,,82000,0,10,1,2024,갱신,26.10~28.10,79000.0,,사용,,
서대문구,11410,연희동,202608,아파트_전월세,성원,연희동,740,59.61,,39000,0,7,14,2001,갱신,26.08~28.08,34000.0,,,,
서대문구,11410,홍은동,202608,아파트_전월세,동원베네스트,홍은동,463,84.9573,,49000,0,7,12,2012,신규,26.10~28.10,,,,,
서대문구,11410,홍은동,202608,아파트_전월세,힐스테이트홍은포레스트,홍은동,470,72.79,,67000,0,7,14,2023,신규,26.10~28.12,,,,,
서대문구,11410,북가좌동,202608,아파트_전월세,DMC래미안e편한세상,북가좌동,481,84.92,,88000,0,9,2,2012,신규,26.08~28.08,,,,,
서대문구,11410,북아현동,202608,아파트_전월세,신촌푸르지오,북아현동,1011,84.9953,,10000,340,13,9,2015,신규,26.08~28.08,,,,,
서대문구,11410,남가좌동,202608,아파트_전월세,DMC에코자이,남가좌동,389,39.885,,13593,34,6,13,2019,갱신,26.09~28.08,11609.0,39.0,,,
서대문구,11410,홍은동,202608,아파트_전월세,e편한세상서대문,홍은동,469,59.986,,63000,0,10,13,2023,신규,26.11~28.11,,,,,
서대문구,11410,홍제동,202608,아파트_전월세,인왕산현대,홍제동,460,59.93,,31500,0,1,13,2000,신규,26.09~28.01,,,,,
서대문구,11410,북아현동,202608,아파트_전월세,힐스테이트신촌,북아현동,1017,59.8404,,10000,240,5,14,2023,신규,26.10~28.10,,,,,
서대문구,11410,현저동,202608,아파트_전월세,독립문극동(200-0),현저동,200,84.87,,10000,260,10,4,1998,신규,26.08~28.08,,,,,
서대문구,11410,북가좌동,202608,아파트_전월세,DMC현대아파트,북가좌동,453,84.95,,45700,0,6,8,2000,갱신,26.10~28.10,45500.0,,,,
서대문구,11410,남가좌동,202608,아파트_전월세,DMC센트럴아이파크,남가좌동,388,84.9,,72400,0,16,13,2018,갱신,26.11~28.11,69000.0,,사용,,
서대문구,11410,홍은동,202608,아파트_전월세,북한산두산위브,홍은동,467,84.99,,46300,0,12,8,2020,갱신,26.09~28.09,44100.0,,,,
서대문구,11410,남가좌동,202608,아파트_전월세,DMC에코자이,남가좌동,389,39.885,,13593,34,8,13,2019,갱신,26.09~28.08,11609.0,39.0,,,
서대문구,11410,남가좌동,202608,아파트_전월세,DMC파크뷰자이1단지,남가좌동,385,84.968,,82000,0,8,13,2015,신규,26.10~28.10,,,,,
서대문구,11410,홍제동,202608,아파트_전월세,서대문푸르지오센트럴파크,홍제동,478,84.98,,57000,150,11,11,2023,신규,26.09~28.09,,,,,
서대문구,11410,남가좌동,202608,아파트_전월세,디엠씨엘가,남가좌동,387,13.03,,1000,70,11,10,2017,신규,26.08~27.08,,,,,
서대문구,11410,남가좌동,202608,아파트_전월세,DMC에코자이,남가좌동,389,84.978,,10000,300,8,13,2019,신규,26.10~28.10,,,,,
서대문구,11410,북아현동,202608,아파트_전월세,힐스테이트신촌,북아현동,1017,84.6043,,70000,40,7,4,2023,갱신,26.09~28.09,70000.0,25.0,사용,,
서대문구,11410,냉천동,202608,아파트_전월세,동부센트레빌,냉천동,260,59.86,,10000,96,9,8,2002,갱신,26.08~26.12,10000.0,90.0,사용,,
서대문구,11410,홍제동,202608,아파트_전월세,홍제역해링턴플레이스,홍제동,474,84.99,,22000,0,11,6,2024,신규,26.08~28.08,,,,,
서대문구,11410,북아현동,202608,아파트_전월세,힐스테이트신촌,북아현동,1017,84.6043,,70000,40,7,4,2023,갱신,26.09~28.09,70000.0,25.0,사용,,
서대문구,11410,연희동,202608,아파트_전월세,연희자이엘라,연희동,745,13.642,,1000,78,2,1,2014,신규,26.08~28.08,,,,,
서대문구,11410,남가좌동,202608,아파트_전월세,래미안루센티아,남가좌동,390,34.12,,10458,26,6,13,2020,갱신,26.09~28.08,8932.0,30.0,,,
서대문구,11410,홍은동,202608,아파트_전월세,홍은동아더프라임,홍은동,439-1,74.8918,,54600,0,4,13,2014,갱신,26.08~28.08,52000.0,,,,
서대문구,11410,남가좌동,202608,아파트_전월세,래미안루센티아,남가좌동,390,34.12,,10458,26,3,12,2020,갱신,26.09~28.08,8932.0,30.0,,,
서대문구,11410,북아현동,202608,아파트_전월세,e편한세상신촌1단지,북아현동,1013,32.74,,12452,32,2,12,2018,갱신,26.09~28.08,10404.0,38.0,,,
서대문구,11410,창천동,202608,아파트_전월세,(72-31),창천동,72-31,16.83,,1000,144,18,5,2023,신규,26.08~27.08,,,,,
서대문구,11410,남가좌동,202608,아파트_전월세,디엠씨엘가,남가좌동,387,13.03,,1000,70,11,10,2017,신규,26.08~27.08,,,,,
서대문구,11410,남가좌동,202608,아파트_전월세,래미안루센티아,남가좌동,390,84.83,,85000,0,13,2,2020,신규,26.11~28.11,,,,,
서대문구,11410,북아현동,202608,아파트_전월세,e편한세상신촌1단지,북아현동,1013,32.74,,12215,33,7,12,2018,갱신,26.09~28.08,10224.0,39.0,,,
서대문구,11410,북아현동,202608,아파트_전월세,e편한세상신촌1단지,북아현동,1013,32.74,,10735,41,10,12,2018,갱신,26.09~28.08,10224.0,39.0,,,
서대문구,11410,남가좌동,202608,아파트_전월세,래미안루센티아,남가좌동,390,34.12,,10458,26,9,12,2020,갱신,26.09~28.08,8932.0,30.0,,,
서대문구,11410,북아현동,202608,아파트_전월세,힐스테이트신촌,북아현동,1017,84.6043,,82000,0,10,12,2023,신규,26.09~28.09,,,,,
서대문구,11410,홍제동,202608,아파트_전월세,홍제한양,홍제동,82,60.06,,15000,108,3,11,1993,갱신,26.08~28.08,15000.0,100.0,사용,,
서대문구,11410,연희동,202608,아파트_전월세,대우푸르지오,연희동,739,59.584,,5000,195,1,11,2002,신규,26.11~28.11,,,,,
서대문구,11410,남가좌동,202608,아파트_전월세,DMC파크뷰자이2단지,남가좌동,385,84.968,,57750,0,18,12,2015,신규,26.10~28.04,,,,,
서대문구,11410,홍은동,202608,아파트_전월세,동아빌라(188-72),홍은동,188-72,164.92,,60000,0,7,5,1992,신규,26.12~28.12,,,,,
서대문구,11410,북아현동,202608,아파트_전월세,힐스테이트신촌,북아현동,1017,55.9706,,60800,55,5,12,2023,갱신,26.09~28.09,60800.0,,,,
서대문구,11410,홍은동,202608,아파트_전월세,풍림2,홍은동,453-2,58.5,,38850,0,4,1,1990,갱신,26.09~28.09,37000.0,,사용,,
서대문구,11410,북가좌동,202608,아파트_전월세,월드컵현대,북가좌동,371-1,59.56,,20000,80,2,8,1998,신규,26.11~28.11,,,,,
서대문구,11410,대현동,202608,아파트_전월세,신촌럭키,대현동,144,83.38,,53800,0,12,8,1999,갱신,26.08~28.08,51240.0,,사용,,
서대문구,11410,냉천동,202608,아파트_전월세,동부센트레빌,냉천동,260,59.86,,10000,97,9,8,2002,갱신,26.08~26.12,10000.0,90.0,사용,,
서대문구,11410,홍제동,202608,아파트_전월세,인왕산벽산,홍제동,465,84.63,,10000,180,15,11,2003,신규,26.09~28.09,,,,,
서대문구,11410,남가좌동,202608,아파트_전월세,래미안루센티아,남가좌동,390,34.12,,10458,26,11,11,2020,갱신,26.09~28.08,8932.0,30.0,,,
서대문구,11410,홍제동,202608,아파트_전월세,홍제원현대(459-0),홍제동,459,59.93,,40000,0,1,8,2000,갱신,26.08~28.08,40000.0,,,,
서대문구,11410,북아현동,202608,아파트_전월세,e편한세상신촌2단지,북아현동,1013,84.95,,85000,0,11,11,2018,신규,26.10~28.10,,,,,
서대문구,11410,홍제동,202608,아파트_전월세,홍제센트럴IPARK,홍제동,473,59.9728,,57700,0,8,8,2020,갱신,26.09~28.09,57500.0,,사용,,
서대문구,11410,남가좌동,202608,아파트_전월세,래미안루센티아,남가좌동,390,34.12,,10458,26,2,11,2020,갱신,26.09~28.08,8932.0,30.0,,,
서대문구,11410,북아현동,202608,아파트_전월세,e편한세상신촌3단지,북아현동,1013,84.93,,95000,0,12,11,2018,갱신,26.09~28.09,82000.0,,,,
서대문구,11410,남가좌동,202608,아파트_전월세,래미안루센티아,남가좌동,390,34.12,,9876,24,10,11,2020,갱신,26.09~28.08,8435.0,28.0,,,
서대문구,11410,충정로3가,202608,아파트_전월세,더스타일하우스디센트럴,충정로3가,480,26.5236,,7886,55,5,10,2020,갱신,26.09~27.09,7886.0,53.0,,,
서대문구,11410,충정로3가,202608,아파트_전월세,더스타일하우스디센트럴,충정로3가,480,39.8291,,11280,75,12,10,2020,갱신,26.09~27.09,11280.0,72.0,,,
서대문구,11410,남가좌동,202608,아파트_전월세,남가좌동현대,남가좌동,376,114.9,,64000,0,1,1,1999,신규,26.10~28.10,,,,,
서대문구,11410,냉천동,202608,아파트_전월세,동부센트레빌,냉천동,260,114.92,,73500,0,7,8,2002,갱신,26.09~28.09,70000.0,,사용,,
서대문구,11410,충정로3가,202608,아파트_전월세,더스타일하우스디센트럴,충정로3가,480,17.6626,,5310,37,22,10,2020,갱신,26.09~28.09,5310.0,35.0,,,
서대문구,11410,홍제동,202608,아파트_전월세,홍제한양,홍제동,82,60.06,,37800,0,15,11,1993,갱신,26.09~28.09,36000.0,,사용,,
서대문구,11410,북아현동,202608,아파트_전월세,두산,북아현동,1009,59.96,,55000,0,15,10,1999,신규,26.10~28.10,,,,,
서대문구,11410,북아현동,202608,아파트_전월세,두산,북아현동,1009,59.96,,35000,65,2,11,1999,신규,26.09~28.09,,,,,
서대문구,11410,북아현동,202608,아파트_전월세,e편한세상신촌3단지,북아현동,1013,59.85,,83500,0,4,11,2018,신규,26.10~28.10,,,,,
서대문구,11410,홍제동,202608,아파트_전월세,서대문푸르지오센트럴파크,홍제동,478,59.94,,52500,0,15,9,2023,갱신,26.11~28.11,50000.0,,사용,,
서대문구,11410,북아현동,202608,아파트_전월세,e편한세상신촌3단지,북아현동,1013,59.96,,76650,0,2,8,2018,갱신,26.10~28.10,73000.0,,사용,,
서대문구,11410,남가좌동,202608,아파트_전월세,DMC센트레빌,남가좌동,381,59.95,,50000,0,2,6,2009,갱신,26.09~28.09,48000.0,,,,
서대문구,11410,홍제동,202608,아파트_전월세,홍제한양,홍제동,82,60.06,,42000,0,14,8,1993,신규,26.10~28.10,,,,,
서대문구,11410,충정로3가,202608,아파트_전월세,충림예하임,충정로3가,477,84.6,,52000,0,2,4,2010,갱신,26.08~28.08,50000.0,,,,
서대문구,11410,홍제동,202608,아파트_전월세,성원,홍제동,456,55.35,,41000,0,9,8,1998,신규,26.09~28.09,,,,,
서대문구,11410,남가좌동,202608,아파트_전월세,DMC파크뷰자이2단지,남가좌동,385,84.99,,80000,0,25,8,2015,신규,26.10~28.10,,,,,
서대문구,11410,북아현동,202608,아파트_전월세,두산,북아현동,1009,59.96,,40790,0,16,7,1999,갱신,26.09~28.09,38850.0,,사용,,
서대문구,11410,홍은동,202608,아파트_전월세,홍은동벽산,홍은동,455,58.64,,42000,0,9,1,1997,갱신,26.10~28.10,40000.0,,사용,,
서대문구,11410,북아현동,202608,아파트_전월세,e편한세상신촌4단지,북아현동,1013,59.9,,87000,0,30,8,2018,갱신,26.08~28.08,83000.0,,사용,,
서대문구,11410,홍제동,202608,아파트_전월세,인왕산현대,홍제동,460,59.93,,51000,0,7,8,2000,신규,26.11~28.11,,,,,
서대문구,11410,홍제동,202608,아파트_전월세,홍제한양,홍제동,82,60.06,,46000,0,12,8,1993,신규,26.10~28.10,,,,,
서대문구,11410,천연동,202608,아파트_전월세,천연뜨란채,천연동,145,55.82,,50000,0,13,8,2006,갱신,26.08~28.08,50000.0,,사용,,
서대문구,11410,홍제동,202608,아파트_전월세,홍제한양,홍제동,82,60.06,,30000,50,2,8,1993,신규,26.10~28.10,,,,,
서대문구,11410,홍은동,202608,아파트_전월세,e편한세상서대문,홍은동,469,59.986,,65000,0,16,8,2023,신규,26.09~28.09,,,,,
서대문구,11410,충정로3가,202608,아파트_전월세,더스타일하우스디센트럴,충정로3가,480,36.1962,,7720,81,10,5,2020,갱신,26.08~27.08,7720.0,78.0,,,
서대문구,11410,충정로3가,202608,아파트_전월세,더스타일하우스디센트럴,충정로3가,480,35.858,,7650,80,3,7,2020,신규,26.09~28.09,,,,,
서대문구,11410,홍제동,202608,아파트_전월세,청구1차,홍제동,453,84.78,,50000,25,7,6,1994,신규,26.11~28.11,,,,,
서대문구,11410,홍은동,202608,아파트_전월세,e편한세상서대문,홍은동,469,59.991,,30000,150,16,8,2023,신규,26.10~28.10,,,,,
서대문구,11410,북아현동,202608,아파트_전월세,두산,북아현동,1009,59.96,,52000,0,17,6,1999,신규,26.10~28.10,,,,,
서대문구,11410,홍제동,202608,아파트_전월세,문화촌현대,홍제동,463,84.99,,20000,140,8,7,2002,신규,26.09~28.09,,,,,
서대문구,11410,냉천동,202608,아파트_전월세,돈의문센트레빌,냉천동,261,59.98,,35000,140,12,2,2011,갱신,26.08~28.08,25000.0,120.0,,,
서대문구,11410,남가좌동,202608,아파트_전월세,DMC파크뷰자이1단지,남가좌동,385,120.492,,45200,240,10,6,2015,갱신,26.11~28.11,40000.0,240.0,,,
서대문구,11410,북가좌동,202608,아파트_전월세,DMC래미안e편한세상,북가좌동,481,84.95,,83000,0,7,7,2012,신규,26.10~28.10,,,,,
서대문구,11410,북아현동,202608,아파트_전월세,e편한세상신촌3단지,북아현동,1013,84.95,,93000,0,1,7,2018,갱신,26.09~28.09,85000.0,,,,
서대문구,11410,북아현동,202608,아파트_전월세,신촌푸르지오,북아현동,1011,59.993,,25000,210,3,6,2015,신규,26.10~28.10,,,,,
서대문구,11410,홍은동,202608,아파트_전월세,"현대(1,2차)",홍은동,202-5,74.52,,45000,0,10,5,1988,신규,26.10~28.10,,,,,
서대문구,11410,대현동,202608,아파트_전월세,파라타워,대현동,90-70,15.792,,19600,0,4,3,2020,신규,26.09~28.09,,,,,
서대문구,11410,남가좌동,202608,아파트_전월세,DMC센트럴아이파크,남가좌동,388,84.94,,53900,0,14,7,2018,신규,26.09~28.09,,,,,
서대문구,11410,남가좌동,202608,아파트_전월세,DMC파크뷰자이1단지,남가좌동,385,84.971,,90000,0,29,7,2015,신규,26.10~28.10,,,,,
서대문구,11410,대현동,202608,아파트_전월세,신촌럭키,대현동,144,59.7,,44100,0,14,7,1999,갱신,26.08~27.08,42000.0,,사용,,
서대문구,11410,남가좌동,202608,아파트_전월세,DMC센트럴아이파크,남가좌동,388,84.94,,50000,114,12,6,2018,갱신,26.10~28.10,50000.0,100.0,사용,,
서대문구,11410,남가좌동,202608,아파트_전월세,DMC파크뷰자이1단지,남가좌동,385,121.614,,117500,0,14,6,2015,갱신,26.08~28.08,109500.0,,,,
서대문구,11410,북가좌동,202608,아파트_전월세,북가좌삼호,북가좌동,449,114.03,,42000,80,14,6,1996,신규,26.10~28.10,,,,,
서대문구,11410,북아현동,202608,아파트_전월세,문영센스빌,북아현동,1-46,83.49,,37000,0,1,6,2002,신규,26.08~28.08,,,,,
서대문구,11410,홍제동,202608,아파트_전월세,청구1차,홍제동,453,84.78,,31600,0,1,5,1994,갱신,26.09~28.09,30110.0,,,,
서대문구,11410,홍제동,202608,아파트_전월세,홍제한양,홍제동,82,84.77,,57000,0,11,6,1993,갱신,26.08~28.08,47000.0,,,,
서대문구,11410,홍제동,202608,아파트_전월세,청구1차,홍제동,453,84.78,,30000,140,14,6,1994,신규,26.10~28.10,,,,,
서대문구,11410,홍제동,202608,아파트_전월세,홍제삼성래미안,홍제동,461,60,,50000,0,1,6,2001,신규,26.08~28.08,,,,,
서대문구,11410,홍제동,202608,아파트_전월세,인왕산현대,홍제동,460,59.93,,10000,160,14,4,2000,신규,26.10~28.10,,,,,
서대문구,11410,홍제동,202608,아파트_전월세,유원하나,홍제동,454,103.11,,28000,75,3,3,1996,갱신,26.09~28.09,28000.0,60.0,,,
서대문구,11410,홍은동,202608,아파트_전월세,"현대(1,2차)",홍은동,202-5,84.77,,40000,0,1,6,1988,갱신,26.09~28.09,34000.0,,,,
서대문구,11410,북아현동,202608,아파트_전월세,신촌푸르지오,북아현동,1011,84.9572,,30000,230,2,5,2015,신규,26.09~28.09,,,,,
서대문구,11410,충정로3가,202608,아파트_전월세,충정리시온,충정로3가,465,44.88,,14000,90,11,5,2004,신규,26.09~28.09,,,,,
서대문구,11410,홍제동,202608,아파트_전월세,현대그린,홍제동,455,84.96,,53000,0,13,4,1996,신규,26.11~28.11,,,,,
서대문구,11410,홍제동,202608,아파트_전월세,홍제한양,홍제동,82,60.06,,42000,0,13,5,1993,신규,26.09~28.08,,,,,
서대문구,11410,홍제동,202608,아파트_전월세,홍제센트럴IPARK,홍제동,473,84.9728,,70000,0,12,5,2020,갱신,26.09~27.01,70000.0,,,,
서대문구,11410,북아현동,202608,아파트_전월세,e편한세상신촌2단지,북아현동,1013,32.74,,1357,45,13,4,2018,신규,26.09~28.08,,,,,
서대문구,11410,북아현동,202608,아파트_전월세,신촌푸르지오,북아현동,1011,84.9953,,84000,0,8,3,2015,갱신,26.09~28.09,80000.0,,사용,,
서대문구,11410,홍제동,202608,아파트_전월세,성원,홍제동,456,55.35,,3000,145,5,1,1998,신규,26.09~28.09,,,,,
서대문구,11410,홍제동,202608,아파트_전월세,홍제한양,홍제동,82,60.06,,38850,0,7,4,1993,갱신,26.08~28.08,37000.0,,사용,,
서대문구,11410,현저동,202608,아파트_전월세,독립문극동(200-0),현저동,200,59.58,,20000,150,19,1,1998,신규,26.09~28.09,,,,,
서대문구,11410,홍제동,202608,아파트_전월세,홍제한양,홍제동,82,84.77,,55000,0,11,1,1993,신규,26.10~28.10,,,,,
서대문구,11410,북아현동,202608,아파트_전월세,힐스테이트신촌,북아현동,1017,84.9715,,77490,0,13,4,2023,갱신,26.10~28.01,73800.0,,,,
서대문구,11410,충정로3가,202608,아파트_전월세,충정솔레디움(101동),충정로3가,30-17,80.47,,3000,147,2,3,2005,갱신,26.08~28.08,3000.0,140.0,사용,,
서대문구,11410,연희동,202608,아파트_전월세,선명(102동),연희동,703-25,62.54,,40000,0,6,1,2004,신규,26.11~28.11,,,,,
서대문구,11410,북가좌동,202608,아파트_전월세,DMC래미안e편한세상,북가좌동,481,120.91,,92500,0,11,1,2012,갱신,26.08~28.08,90000.0,,사용,,
서대문구,11410,현저동,202608,아파트_전월세,독립문극동(200-0),현저동,200,84.87,,67000,0,9,1,1998,신규,26.09~28.09,,,,,
서대문구,11410,남가좌동,202608,아파트_전월세,DMC금호리첸시아,남가좌동,396,59.9772,,60300,0,10,1,2024,갱신,26.09~28.09,57500.0,,,,
서대문구,11410,남가좌동,202608,아파트_전월세,DMC파크뷰자이1단지,남가좌동,385,84.968,,72747,0,6,2,2015,갱신,26.08~27.08,69283.0,,,,
서대문구,11410,북아현동,202608,아파트_전월세,힐스테이트신촌,북아현동,1017,52.8449,,52500,0,2,1,2023,갱신,26.11~28.11,50000.0,,사용,,
서대문구,11410,남가좌동,202608,아파트_전월세,DMC센트럴아이파크,남가좌동,388,59.91,,66000,0,16,1,2018,신규,26.08~28.08,,,,,
서대문구,11410,현저동,202608,아파트_전월세,독립문극동(200-0),현저동,200,59.58,,30000,110,20,1,1998,갱신,26.09~28.09,30000.0,100.0,사용,,
서대문구,11410,홍제동,202608,아파트_전월세,홍제역해링턴플레이스,홍제동,474,59.99,,63000,0,4,1,2024,갱신,26.08~28.08,60000.0,,사용,,
서대문구,11410,영천동,202608,아파트_전월세,독립문삼호,영천동,100,75.66,,2000,155,16,3,1995,갱신,27.02~29.02,2000.0,150.0,사용,,
서대문구,11410,북가좌동,202608,아파트_전월세,DMC두산위브,북가좌동,459,84.9923,,58000,0,10,3,2007,신규,26.10~28.10,,,,,
서대문구,11410,북가좌동,202608,오피스텔_매매,선정오피스텔,북가좌동,343-1,21.75,10000,,,7,21,2004,,,,,,중개거래,
서대문구,11410,대현동,202608,오피스텔_매매,이대오늘아침 오피스텔,대현동,56-63,19.27,15800,,,8,6,2018,,,,,,중개거래,
서대문구,11410,창천동,202608,오피스텔_매매,홍익사랑,창천동,490,22.11,12600,,,9,13,2004,,,,,,중개거래,
서대문구,11410,대현동,202608,오피스텔_매매,이대 포레스트,대현동,90-60,17.84,22000,,,15,8,2019,,,,,,중개거래,
서대문구,11410,합동,202608,오피스텔_매매,SK리쳄블,합동,116,34.22,24250,,,16,4,2005,,,,,,중개거래,
서대문구,11410,대현동,202608,오피스텔_매매,신촌푸르지오시티,대현동,104-5,28.434,23850,,,7,3,2014,,,,,,중개거래,
서대문구,11410,홍제동,202608,연립다세대_매매,오크빌,홍제동,312-19,35.44,38000,,,2,18,2003,,,,,,중개거래,
서대문구,11410,북가좌동,202608,연립다세대_매매,우미라이프,북가좌동,295-29,45.52,22500,,,5,10,2015,,,,,,중개거래,
서대문구,11410,북가좌동,202608,연립다세대_매매,임창파크빌,북가좌동,80-88,35.85,63000,,,-1,17,1991,,,,,,중개거래,
서대문구,11410,북가좌동,202608,연립다세대_매매,리젠트,북가좌동,310-1,38.74,30000,,,4,14,2014,,,,,,중개거래,
서대문구,11410,홍제동,202608,연립다세대_매매,홍제,홍제동,312-35,21.55,32000,,,2,1,1965,,,,,,중개거래,
서대문구,11410,북가좌동,202608,연립다세대_매매,대도빌라(350-15),북가좌동,350-15,52.62,55000,,,4,14,1992,,,,,,중개거래,
서대문구,11410,홍은동,202608,연립다세대_매매,청안파인,홍은동,274-52,50.05,40500,,,8,7,2016,,,,,,중개거래,
서대문구,11410,북가좌동,202608,연립다세대_매매,현대아트빌,북가좌동,295-34,63.9,34000,,,4,10,2002,,,,,,중개거래,
서대문구,11410,북가좌동,202608,연립다세대_매매,호안빌,북가좌동,290-24,29.83,24500,,,2,7,2022,,,,,,직거래,
서대문구,11410,옥천동,202608,연립다세대_매매,(124-1),옥천동,124-1,32.19,17000,,,3,7,1996,,,,,,중개거래,
서대문구,11410,홍제동,202608,연립다세대_매매,아이콘스타,홍제동,282-31,48.42,77000,,,2,11,2021,,,,,,직거래,
서대문구,11410,홍제동,202608,연립다세대_매매,(122-38),홍제동,122-38,49.92,33000,,,3,8,2008,,,,,,중개거래,
서대문구,11410,북가좌동,202608,연립다세대_매매,(3-8),북가좌동,3-8,46.05,18700,,,4,8,2003,,,,,,중개거래,
서대문구,11410,홍은동,202608,연립다세대_매매,(191-94),홍은동,191-94,38.84,12000,,,1,4,1994,,,,,,중개거래,
서대문구,11410,북가좌동,202608,연립다세대_매매,영주아트빌(347-42),북가좌동,347-42,49.49,33800,,,2,5,2014,,,,,,중개거래,
서대문구,11410,북가좌동,202608,연립다세대_매매,영주아트빌,북가좌동,344-27,47.52,37000,,,2,5,2011,,,,,,중개거래,
서대문구,11410,연희동,202608,연립다세대_매매,연희유지빌,연희동,520-26,59.26,34500,,,3,5,2006,,,,,,중개거래,
서대문구,11410,창천동,202608,연립다세대_매매,라포레홍대,창천동,372,29.71,68600,,,9,4,2022,,,,,,중개거래,
서대문구,11410,대신동,202608,연립다세대_매매,모두가,대신동,124-1,29.12,29000,,,4,3,2018,,,,,,중개거래,
서대문구,11410,북가좌동,202608,연립다세대_매매,한양빌라(382-23),북가좌동,382-23,39.78,99000,,,2,3,2002,,,,,,중개거래,
서대문구,11410,홍은동,202608,연립다세대_매매,삼정빌,홍은동,265-88,40.92,37300,,,4,1,2013,,,,,,중개거래,
서대문구,11410,홍은동,202608,아파트_매매,두산,홍은동,456,84.84,71500,,,9,20,1997,,,,,,중개거래,
서대문구,11410,홍은동,202608,아파트_매매,홍은동풍림아이원,홍은동,460,130.539,83000,,,1,18,2002,,,,,,중개거래,
서대문구,11410,남가좌동,202608,아파트_매매,디엠씨엘가,남가좌동,387,30.36,33500,,,2,18,2017,,,,,,중개거래,
서대문구,11410,연희동,202608,아파트_매매,홍연(723-9),연희동,723-9,52.23,51000,,,2,15,1981,,,,,,중개거래,
서대문구,11410,홍제동,202608,아파트_매매,성원,홍제동,456,55.35,58000,,,1,15,1998,,,,,,중개거래,
서대문구,11410,홍은동,202608,아파트_매매,두산,홍은동,456,59.73,66500,,,7,15,1997,,,,,,중개거래,
서대문구,11410,북가좌동,202608,아파트_매매,DMC현대아파트,북가좌동,453,84.95,85000,,,4,15,2000,,,,,,중개거래,
서대문구,11410,창천동,202608,아파트_매매,3RU-City,창천동,510-2,16.84,17200,,,10,13,2013,,,,,,중개거래,
서대문구,11410,홍제동,202608,아파트_매매,홍제삼성래미안,홍제동,461,60,89000,,,1,14,2001,,,,,,중개거래,
서대문구,11410,남가좌동,202608,아파트_매매,남가좌동현대,남가좌동,376,59.4,106000,,,5,13,1999,,,,,,중개거래,
서대문구,11410,현저동,202608,아파트_매매,독립문파크빌,현저동,1019,59.4,72000,,,4,13,2000,,,,,,중개거래,
서대문구,11410,창천동,202608,아파트_매매,3RU-City,창천동,510-2,16.84,17200,,,10,13,2013,,,,,,중개거래,O
서대문구,11410,홍제동,202608,아파트_매매,서대문푸르지오센트럴파크,홍제동,478,75.2,170000,,,3,12,2023,,,,,,중개거래,
서대문구,11410,남가좌동,202608,아파트_매매,DMC에코자이,남가좌동,389,72.845,144500,,,13,12,2019,,,,,,중개거래,
서대문구,11410,남가좌동,202608,아파트_매매,남가좌동현대,남가좌동,376,59.4,99000,,,2,12,1999,,,,,,중개거래,
서대문구,11410,북가좌동,202608,아파트_매매,DMC한양,북가좌동,431,65.34,88000,,,15,12,1987,,,,,,중개거래,
서대문구,11410,연희동,202608,아파트_매매,임광,연희동,738,84.83,97500,,,15,5,1999,,,,,,중개거래,
서대문구,11410,홍제동,202608,아파트_매매,홍제역해링턴플레이스,홍제동,474,84.95,169000,,,5,12,2024,,,,,,중개거래,
서대문구,11410,홍은동,202608,아파트_매매,진흥,홍은동,459,110.4,74500,,,12,12,2002,,,,,,중개거래,
서대문구,11410,홍제동,202608,아파트_매매,문화촌현대,홍제동,463,59.94,88500,,,4,5,2002,,,,,,중개거래,
서대문구,11410,홍제동,202608,아파트_매매,성원,홍제동,456,55.35,64500,,,12,11,1998,,,,,,중개거래,
서대문구,11410,남가좌동,202608,아파트_매매,남가좌동현대,남가좌동,376,59.4,96000,,,9,11,1999,,,,,,중개거래,
서대문구,11410,대현동,202608,아파트_매매,신촌럭키,대현동,144,83.38,142000,,,11,11,1999,,,,,,중개거래,
서대문구,11410,북가좌동,202608,아파트_매매,DMC래미안e편한세상,북가좌동,481,120.95,179500,,,14,10,2012,,,,,,중개거래,
서대문구,11410,남가좌동,202608,아파트_매매,디엠씨엘가,남가좌동,387,13.03,13500,,,6,10,2017,,,,,,중개거래,
서대문구,11410,홍은동,202608,아파트_매매,극동,홍은동,454,84.98,50000,,,12,3,1995,,,,,,중개거래,
서대문구,11410,홍은동,202608,아파트_매매,초원,홍은동,8-26,49.26,27000,,,3,8,1988,,,,,,중개거래,
서대문구,11410,홍제동,202608,아파트_매매,홍제한양,홍제동,82,60.06,102500,,,9,8,1993,,,,,,중개거래,
서대문구,11410,홍제동,202608,아파트_매매,홍제한양,홍제동,82,60.06,103000,,,3,8,1993,,,,,,중개거래,
서대문구,11410,충정로3가,202608,아파트_매매,충정리시온,충정로3가,465,33.32,44000,,,21,1,2004,,,,,,중개거래,
서대문구,11410,홍은동,202608,아파트_매매,"현대(1,2차)",홍은동,202-5,74.52,80800,,,4,7,1988,,,,,,중개거래,
서대문구,11410,천연동,202608,아파트_매매,천연뜨란채,천연동,145,57.78,119700,,,5,6,2006,,,,,,중개거래,
서대문구,11410,홍은동,202608,아파트_매매,힐스테이트홍은포레스트,홍은동,470,72.79,108000,,,5,5,2023,,,,,,중개거래,
서대문구,11410,홍제동,202608,아파트_매매,서대문푸르지오센트럴파크,홍제동,478,55.25,144000,,,7,5,2023,,,,,,중개거래,
서대문구,11410,홍은동,202608,아파트_매매,e편한세상서대문,홍은동,469,59.991,127000,,,12,5,2023,,,,,,중개거래,
서대문구,11410,홍제동,202608,아파트_매매,현대그린,홍제동,455,84.96,68900,,,1,3,1996,,,,,,중개거래,
서대문구,11410,남가좌동,202608,아파트_매매,남가좌동현대,남가좌동,376,59.4,98000,,,14,4,1999,,,,,,중개거래,
서대문구,11410,연희동,202608,아파트_매매,대우푸르지오,연희동,739,59.584,103000,,,14,4,2002,,,,,,중개거래,
서대문구,11410,남가좌동,202608,아파트_매매,DMC센트레빌,남가좌동,381,114.85,142000,,,6,3,2009,,,,,,중개거래,
서대문구,11410,북가좌동,202608,아파트_매매,DMC두산위브,북가좌동,459,84.9623,98000,,,3,3,2007,,,,,,중개거래,
서대문구,11410,홍은동,202608,아파트_매매,e편한세상서대문,홍은동,469,59.991,119000,,,3,3,2023,,,,,,중개거래,
서대문구,11410,홍은동,202608,아파트_매매,초원,홍은동,8-26,49.26,28000,,,5,3,1988,,,,,,중개거래,
서대문구,11410,연희동,202608,아파트_매매,연희파크푸르지오,연희동,747,84.8003,125800,,,4,2,2018,,,,,,중개거래,
서대문구,11410,홍제동,202608,아파트_매매,서대문푸르지오센트럴파크,홍제동,478,75.49,175000,,,14,1,2023,,,,,,중개거래,
서대문구,11410,홍제동,202608,아파트_매매,금호어울림,홍제동,471,59.18,96500,,,9,1,2016,,,,,,중개거래,
서대문구,11410,북가좌동,202608,아파트_매매,DMC한양,북가좌동,431,116.76,115000,,,3,1,1987,,,,,,중개거래,
서대문구,11410,홍제동,202608,아파트_매매,홍제역해링턴플레이스,홍제동,474,84.95,169000,,,8,1,2024,,,,,,중개거래,
서대문구,11410,대현동,202607,오피스텔_전월세,이대 포레스트,대현동,90-60,17.84,,19800,0,5,17,2019,,,,,,,
서대문구,11410,창천동,202607,오피스텔_전월세,아남오피스텔,창천동,20-41,26.75,,1000,90,7,23,2004,신규,26.08~27.08,,,,,
서대문구,11410,대현동,202607,오피스텔_전월세,이대 포레스트,대현동,90-60,17.84,,1000,93,13,24,2019,신규,26.09~27.08,,,,,
서대문구,11410,대현동,202607,오피스텔_전월세,파라타워,대현동,90-70,19.96,,1000,115,13,31,2020,신규,26.08~27.08,,,,,
서대문구,11410,연희동,202607,오피스텔_전월세,연희소프트빌,연희동,212-2,16.2,,500,70,6,31,2001,신규,26.08~27.08,,,,,
서대문구,11410,대현동,202607,오피스텔_전월세,아리움Ⅰ,대현동,90-15,16.13,,500,95,9,30,2019,신규,26.08~27.02,,,,,
서대문구,11410,연희동,202607,오피스텔_전월세,파라다이스텔에스비,연희동,80-7,15.94,,1000,60,9,25,2003,신규,26.08~27.08,,,,,
서대문구,11410,대현동,202607,오피스텔_전월세,신촌가이아,대현동,27-20,22.74,,1000,75,10,7,2005,신규,26.08~27.08,,,,,
서대문구,11410,대현동,202607,오피스텔_전월세,유씨유 이대,대현동,90-77,17.66,,5000,75,6,25,2018,신규,26.08~27.08,,,,,
서대문구,11410,대현동,202607,오피스텔_전월세,그린우드,대현동,37-69,17,,500,118,8,31,2025,신규,26.07~27.07,,,,,
서대문구,11410,대현동,202607,오피스텔_전월세,아리움II,대현동,110-10,15.22,,1000,95,12,30,2021,신규,26.08~27.08,,,,,
서대문구,11410,대현동,202607,오피스텔_전월세,(90-12),대현동,90-12,15.63,,3000,70,6,28,2021,신규,26.08~27.08,,,,,
서대문구,11410,대현동,202607,오피스텔_전월세,이대역 STARGATE,대현동,40-38,19.76,,1000,120,13,18,2021,신규,26.08~27.08,,,,,
서대문구,11410,창천동,202607,오피스텔_전월세,신영스카이텔,창천동,20-51,28.5,,1000,85,15,3,2006,신규,26.08~27.08,,,,,
서대문구,11410,대현동,202607,오피스텔_전월세,이화스테이,대현동,90-45,14.96,,1000,74,5,15,,신규,26.08~27.08,,,,,
서대문구,11410,대현동,202607,오피스텔_전월세,신촌푸르지오시티,대현동,104-5,27.4,,1000,110,4,24,2014,신규,26.08~27.08,,,,,
서대문구,11410,대현동,202607,오피스텔_전월세,더가온 오피스텔,대현동,56-10,16.89,,1000,90,8,28,2018,신규,26.08~27.08,,,,,
서대문구,11410,창천동,202607,오피스텔_전월세,라포레 홍대,창천동,372,39.08,,2000,315,5,23,2022,신규,26.08~28.08,,,,,
서대문구,11410,북아현동,202607,오피스텔_전월세,이편한세상신촌,북아현동,1013,27.42,,10000,65,10,16,2018,신규,26.10~28.10,,,,,
서대문구,11410,대현동,202607,오피스텔_전월세,에스엠피렌체,대현동,37-48,18.03,,19000,0,9,3,2018,신규,26.08~28.08,,,,,
서대문구,11410,연희동,202607,오피스텔_전월세,브라운스톤 연희,연희동,194-30,28.79,,1000,95,5,10,2007,신규,26.08~28.08,,,,,
서대문구,11410,연희동,202607,오피스텔_전월세,(136-7),연희동,136-7,26.03,,10000,23,4,27,2003,갱신,26.09~28.09,10000.0,20.0,사용,,
서대문구,11410,영천동,202607,오피스텔_전월세,에이스 빌,영천동,70-9,35.66,,29600,0,3,29,2024,신규,26.09~28.09,,,,,
서대문구,11410,대현동,202607,오피스텔_전월세,아리움II,대현동,110-10,15.35,,1000,88,5,14,2021,신규,26.08~27.08,,,,,
서대문구,11410,대현동,202607,오피스텔_전월세,이화인비따레오피스텔,대현동,45-5,21.9,,1000,75,8,31,2004,신규,26.08~27.08,,,,,
서대문구,11410,창천동,202607,오피스텔_전월세,더이음,창천동,72-22,17.75,,1000,100,6,27,2021,신규,26.08~27.08,,,,,
서대문구,11410,대현동,202607,오피스텔_전월세,아리움II,대현동,110-10,15.22,,5000,79,8,23,2021,신규,26.08~27.08,,,,,
서대문구,11410,대현동,202607,오피스텔_전월세,파라타워,대현동,90-70,20.86,,1000,120,13,16,2020,신규,26.08~27.08,,,,,
서대문구,11410,대현동,202607,오피스텔_전월세,아리움II,대현동,110-10,15.35,,5000,82,9,23,2021,신규,26.08~27.08,,,,,
서대문구,11410,창천동,202607,오피스텔_전월세,신촌 르메이에르타운5,창천동,29-81,24.92,,1000,85,10,26,2005,신규,26.08~27.08,,,,,
서대문구,11410,충정로2가,202607,오피스텔_전월세,서대문 디오빌 오피스텔,충정로2가,192,25.35,,2000,78,15,29,2009,갱신,26.08~27.08,2000.0,78.0,,,
서대문구,11410,북아현동,202607,오피스텔_전월세,헤센 스마트 더 센트럴,북아현동,154-6,20.98,,1000,135,16,18,2023,신규,26.09~27.09,,,,,
서대문구,11410,대현동,202607,오피스텔_전월세,이대 투웨니퍼스트,대현동,56-100,16.05,,1000,90,3,27,2022,신규,26.08~27.08,,,,,
서대문구,11410,대현동,202607,오피스텔_전월세,아리움3차,대현동,90-7,13.89,,1000,90,9,18,2022,신규,26.08~27.08,,,,,
서대문구,11410,대현동,202607,오피스텔_전월세,슈테리움 오피스텔,대현동,90-22,13.39,,1000,75,7,22,2019,신규,26.08~27.08,,,,,
서대문구,11410,창천동,202607,오피스텔_전월세,더이음,창천동,72-22,17.75,,1000,100,15,20,2021,신규,26.07~27.07,,,,,
서대문구,11410,충정로2가,202607,오피스텔_전월세,서대문 디오빌 오피스텔,충정로2가,192,25.35,,1000,77,13,27,2009,신규,26.08~28.08,,,,,
서대문구,11410,대현동,202607,오피스텔_전월세,슈테리움 오피스텔,대현동,90-22,13.29,,4000,60,4,13,2019,신규,26.08~27.08,,,,,
서대문구,11410,대현동,202607,오피스텔_전월세,영타운 지웰 에스테이트,대현동,37-32,20.27,,1000,92,4,24,2017,신규,26.08~27.08,,,,,
서대문구,11410,대현동,202607,오피스텔_전월세,그린우드,대현동,37-69,18.33,,1000,120,4,11,2025,신규,26.08~27.08,,,,,
서대문구,11410,대현동,202607,오피스텔_전월세,유씨유 이대,대현동,90-77,17.66,,1000,100,5,14,2018,신규,26.08~27.08,,,,,
서대문구,11410,대현동,202607,오피스텔_전월세,이대 포레스트,대현동,90-60,17.84,,1000,90,7,8,2019,신규,26.08~27.08,,,,,
서대문구,11410,대현동,202607,오피스텔_전월세,더가온 오피스텔,대현동,56-10,20.19,,1000,95,9,15,2018,신규,26.08~28.08,,,,,
서대문구,11410,연희동,202607,오피스텔_전월세,라이온스톤,연희동,103-6,19.81,,10000,30,6,23,2004,신규,26.08~28.08,,,,,
서대문구,11410,대현동,202607,오피스텔_전월세,이대프리젠#3,대현동,37-15,20.02,,23000,4,6,22,2018,갱신,26.09~28.03,23000.0,,,,
서대문구,11410,대현동,202607,오피스텔_전월세,한빛슈테리움2차,대현동,56-83,13.57,,1000,76,5,7,2019,신규,26.08~27.08,,,,,
서대문구,11410,대현동,202607,오피스텔_전월세,이대프리젠#2,대현동,90-44,15.6,,1000,95,8,31,2017,신규,26.08~27.08,,,,,
서대문구,11410,연희동,202607,오피스텔_전월세,(136-7),연희동,136-7,27.48,,10000,16,5,28,2003,신규,26.09~28.08,,,,,
서대문구,11410,대현동,202607,오피스텔_전월세,이대프리젠#1,대현동,37-30,16.03,,1000,95,6,5,2017,신규,26.08~27.08,,,,,
서대문구,11410,대현동,202607,오피스텔_전월세,이화인비따레오피스텔,대현동,45-5,24.29,,1000,79,9,10,2004,갱신,26.08~27.08,1000.0,75.0,,,
서대문구,11410,대현동,202607,오피스텔_전월세,이화인비따레오피스텔,대현동,45-5,22.08,,1000,70,6,18,2004,신규,26.08~28.08,,,,,
서대문구,11410,연희동,202607,오피스텔_전월세,연희소프트빌,연희동,212-2,16.2,,500,65,5,4,2001,갱신,26.07~27.07,500.0,60.0,,,
서대문구,11410,대현동,202607,오피스텔_전월세,이대다올노블리움2차,대현동,90-42,16.62,,1000,80,3,25,2018,신규,26.08~27.07,,,,,
서대문구,11410,대현동,202607,오피스텔_전월세,파라타워,대현동,90-70,41.16,,21000,0,14,24,2020,신규,26.08~28.07,,,,,
서대문구,11410,대현동,202607,오피스텔_전월세,이대프리젠#1,대현동,37-30,16.03,,15000,15,6,25,2017,신규,26.08~28.08,,,,,
서대문구,11410,대현동,202607,오피스텔_전월세,아리움Ⅰ,대현동,90-15,15.88,,3700,65,7,26,2019,신규,26.08~27.08,,,,,
서대문구,11410,대현동,202607,오피스텔_전월세,파라타워,대현동,90-70,19.96,,1000,120,9,26,2020,신규,26.09~27.08,,,,,
서대문구,11410,충정로2가,202607,오피스텔_전월세,서대문 디오빌 오피스텔,충정로2가,192,25.35,,1000,69,3,10,2009,신규,26.08~27.08,,,,,
서대문구,11410,연희동,202607,오피스텔_전월세,오벨리스크,연희동,121-4,20.39,,10000,0,4,31,2002,신규,26.09~28.09,,,,,
서대문구,11410,대현동,202607,오피스텔_전월세,신촌푸르지오시티,대현동,104-5,27.4,,1000,110,11,13,2014,신규,26.07~27.07,,,,,
서대문구,11410,충정로2가,202607,오피스텔_전월세,서대문 디오빌 오피스텔,충정로2가,192,25.35,,16000,18,15,31,2009,신규,26.09~28.09,,,,,
서대문구,11410,대현동,202607,오피스텔_전월세,아리움3차,대현동,90-7,13.89,,1000,94,3,31,2022,신규,26.07~27.07,,,,,
서대문구,11410,연희동,202607,오피스텔_전월세,브라운스톤 연희,연희동,194-30,132.63,,10000,400,12,30,2007,신규,26.08~28.08,,,,,
서대문구,11410,북아현동,202607,오피스텔_전월세,헤센 스마트 더 센트럴,북아현동,154-6,20.98,,1000,130,8,1,2023,신규,26.08~27.07,,,,,
서대문구,11410,대현동,202607,오피스텔_전월세,영타운 지웰 에스테이트,대현동,37-32,20.27,,15000,0,4,31,2017,신규,26.08~28.08,,,,,
서대문구,11410,홍은동,202607,오피스텔_전월세,신영오피스텔,홍은동,427,20.79,,1000,55,5,13,2012,신규,26.07~28.07,,,,,
서대문구,11410,연희동,202607,오피스텔_전월세,브라운 힐,연희동,100-15,20.72,,1000,45,4,25,2002,신규,26.07~28.07,,,,,
서대문구,11410,북아현동,202607,오피스텔_전월세,헤센 스마트 더 센트럴,북아현동,154-6,42.48,,49000,0,6,31,2023,신규,26.08~28.08,,,,,
서대문구,11410,북가좌동,202607,오피스텔_전월세,금정빌딩,북가좌동,351-16,29.97,,11000,28,7,29,,갱신,26.08~28.08,12000.0,25.0,,,
서대문구,11410,대현동,202607,오피스텔_전월세,이화인비따레오피스텔,대현동,45-5,24.29,,1000,74,9,14,2004,갱신,26.09~28.06,1000.0,70.0,,,
서대문구,11410,북가좌동,202607,오피스텔_전월세,선정오피스텔,북가좌동,343-1,21.75,,1000,60,5,21,2004,신규,26.07~28.07,,,,,
서대문구,11410,북아현동,202607,오피스텔_전월세,헤센 스마트 더 센트럴,북아현동,154-6,43.8,,1500,210,7,29,2023,신규,26.08~27.08,,,,,
서대문구,11410,연희동,202607,오피스텔_전월세,파라다이스텔에스비,연희동,80-7,15.94,,1000,58,9,18,2003,신규,26.07~27.07,,,,,
서대문구,11410,창천동,202607,오피스텔_전월세,신촌 르메이에르타운5,창천동,29-81,31.41,,1000,89,11,9,2005,신규,26.08~27.08,,,,,
서대문구,11410,연희동,202607,오피스텔_전월세,(343),연희동,343,21.29,,1000,72,6,28,1991,갱신,26.08~27.08,1000.0,68.0,,,
서대문구,11410,대현동,202607,오피스텔_전월세,다인리치 Ⅰ,대현동,90-33,16.86,,1000,110,10,25,2026,신규,26.07~27.07,,,,,
서대문구,11410,대현동,202607,오피스텔_전월세,영타운 지웰 에스테이트,대현동,37-32,20.27,,1000,90,4,22,2017,신규,26.08~27.08,,,,,
서대문구,11410,영천동,202607,오피스텔_전월세,에이스 빌,영천동,70-9,35.66,,30000,0,3,29,2024,신규,26.09~28.09,,,,,
서대문구,11410,연희동,202607,오피스텔_전월세,브라운 힐,연희동,100-15,20.67,,1000,45,5,15,2002,신규,26.07~28.07,,,,,
서대문구,11410,대현동,202607,오피스텔_전월세,에스엠오피스텔,대현동,37-49,15.3,,3000,78,10,25,2022,갱신,26.09~27.02,3000.0,76.0,,,
서대문구,11410,대현동,202607,오피스텔_전월세,신촌가이아,대현동,27-20,22.74,,1000,75,13,25,2005,갱신,26.08~27.06,1000.0,72.0,사용,,
서대문구,11410,연희동,202607,오피스텔_전월세,파라다이스텔에스비,연희동,80-7,15.94,,500,60,7,25,2003,신규,26.09~27.08,,,,,
서대문구,11410,대현동,202607,오피스텔_전월세,이대프리젠#2,대현동,90-44,15.24,,15900,14,4,27,2017,갱신,26.08~28.08,15900.0,10.0,사용,,
서대문구,11410,대현동,202607,오피스텔_전월세,아리움II,대현동,110-10,15.35,,1000,101,14,14,2021,신규,26.07~27.07,,,,,
서대문구,11410,충정로2가,202607,오피스텔_전월세,서대문 디오빌 오피스텔,충정로2가,192,25.35,,1000,77,16,18,2009,신규,26.07~27.07,,,,,
서대문구,11410,대현동,202607,오피스텔_전월세,그린우드,대현동,37-69,17,,1000,110,3,25,2025,신규,26.08~27.08,,,,,
서대문구,11410,창천동,202607,오피스텔_전월세,더이음,창천동,72-22,17.75,,3000,85,9,10,2021,갱신,26.07~27.07,3000.0,76.0,,,
서대문구,11410,합동,202607,오피스텔_전월세,충정로대우디오빌,합동,117,29.26,,18800,10,10,21,2006,신규,26.07~27.07,,,,,
서대문구,11410,합동,202607,오피스텔_전월세,충정로대우디오빌,합동,117,30.86,,2000,85,2,21,2006,신규,26.09~28.09,,,,,
서대문구,11410,창천동,202607,오피스텔_전월세,신촌 르메이에르타운5,창천동,29-81,31.41,,15000,0,12,21,2005,신규,26.07~28.07,,,,,
서대문구,11410,북가좌동,202607,오피스텔_전월세,선정오피스텔,북가좌동,343-1,21.75,,1000,60,8,21,2004,신규,26.07~28.07,,,,,
서대문구,11410,창천동,202607,오피스텔_전월세,창천오피스텔,창천동,92-7,22.9,,12000,10,3,22,2002,신규,26.08~28.08,,,,,
서대문구,11410,대현동,202607,오피스텔_전월세,이대다올노블리움2차,대현동,90-42,16.62,,1000,80,2,22,2018,신규,26.08~27.07,,,,,
서대문구,11410,합동,202607,오피스텔_전월세,충정로대우디오빌,합동,117,30.86,,1000,85,8,18,2006,신규,26.07~27.07,,,,,
서대문구,11410,창천동,202607,오피스텔_전월세,더이음,창천동,72-22,17.75,,1000,100,8,17,2021,신규,26.07~27.07,,,,,
서대문구,11410,창천동,202607,오피스텔_전월세,(62-48),창천동,62-48,168.5,,500,55,2,22,2002,신규,26.08~27.08,,,,,
서대문구,11410,창천동,202607,오피스텔_전월세,더이음,창천동,72-22,17.75,,1000,100,6,17,2021,신규,26.08~27.08,,,,,
서대문구,11410,대현동,202607,오피스텔_전월세,신촌 스타게이트,대현동,110-22,18.89,,1000,110,12,23,2019,신규,26.08~27.07,,,,,
서대문구,11410,대현동,202607,오피스텔_전월세,대현 3719 오피스텔,대현동,37-19,19.25,,100,37,9,23,2023,신규,26.07~28.09,,,,,
서대문구,11410,대현동,202607,오피스텔_전월세,아리움6차,대현동,56-82,18.43,,500,120,8,11,2026,신규,26.07~26.10,,,,,
서대문구,11410,대현동,202607,오피스텔_전월세,이화살림,대현동,37-2,23.66,,100,46,4,23,2025,신규,26.07~28.09,,,,,
서대문구,11410,대현동,202607,오피스텔_전월세,대현 3719 오피스텔,대현동,37-19,19.25,,100,36,7,23,2023,신규,26.07~28.09,,,,,
서대문구,11410,대현동,202607,오피스텔_전월세,엔트라리움#4,대현동,37-18,16.07,,100,30,2,23,2022,신규,26.07~28.09,,,,,
서대문구,11410,충정로2가,202607,오피스텔_전월세,서대문 디오빌 오피스텔,충정로2가,192,35.53,,18000,30,3,8,2009,신규,26.08~28.08,,,,,
서대문구,11410,대현동,202607,오피스텔_전월세,엔트라리움#4,대현동,37-18,16.07,,100,30,5,23,2022,신규,26.07~28.09,,,,,
서대문구,11410,대현동,202607,오피스텔_전월세,엔트라리움#4,대현동,37-18,16.07,,100,30,5,23,2022,신규,26.07~28.09,,,,,
서대문구,11410,대현동,202607,오피스텔_전월세,엔트라리움#4,대현동,37-18,16.07,,100,30,5,23,2022,신규,26.07~28.09,,,,,
서대문구,11410,대현동,202607,오피스텔_전월세,엔트라리움#4,대현동,37-18,16.07,,100,30,4,23,2022,신규,26.07~28.09,,,,,
서대문구,11410,대현동,202607,오피스텔_전월세,엔트라리움#4,대현동,37-18,16.07,,100,30,2,23,2022,신규,26.07~28.09,,,,,
서대문구,11410,대현동,202607,오피스텔_전월세,아리움Ⅰ,대현동,90-15,17.37,,2000,80,3,13,2019,신규,26.07~27.07,,,,,
서대문구,11410,대현동,202607,오피스텔_전월세,이대프리젠#4,대현동,37-24,19.21,,16700,4,3,18,2018,갱신,26.08~28.08,17000.0,,,,
서대문구,11410,합동,202607,오피스텔_전월세,SK리쳄블,합동,116,41.08,,1000,125,7,10,2005,신규,26.08~27.08,,,,,
서대문구,11410,연희동,202607,오피스텔_전월세,브라운스톤 연희,연희동,194-30,31.96,,1000,120,4,20,2007,신규,26.07~27.07,,,,,
서대문구,11410,대현동,202607,오피스텔_전월세,영타운 지웰 에스테이트,대현동,37-32,20.27,,1000,95,7,11,2017,신규,26.08~27.08,,,,,
서대문구,11410,대현동,202607,오피스텔_전월세,엔트라리움,대현동,90-26,19.25,,60,43,8,20,2019,신규,26.07~28.09,,,,,
서대문구,11410,대현동,202607,오피스텔_전월세,엔트라리움,대현동,90-26,19.25,,60,43,10,20,2019,신규,26.07~28.09,,,,,
서대문구,11410,연희동,202607,오피스텔_전월세,스페이스엠,연희동,103-7,19.01,,10000,0,4,13,2005,신규,26.08~28.08,,,,,
서대문구,11410,창천동,202607,오피스텔_전월세,신촌 르메이에르타운5,창천동,29-81,26.34,,15000,0,15,11,2005,신규,26.08~28.08,,,,,
서대문구,11410,대현동,202607,오피스텔_전월세,아리움 5차,대현동,37-25,14.34,,5000,74,2,7,2022,신규,26.08~27.08,,,,,
서대문구,11410,창천동,202607,오피스텔_전월세,신촌 르메이에르타운5,창천동,29-81,26.22,,5000,61,11,4,2005,갱신,26.07~27.07,5000.0,54.0,,,
서대문구,11410,대현동,202607,오피스텔_전월세,유씨유 이대,대현동,90-77,17.66,,1000,100,12,14,2018,신규,26.07~27.07,,,,,
서대문구,11410,대현동,202607,오피스텔_전월세,아리움6차,대현동,56-82,18.43,,500,113,3,17,2026,신규,26.07~27.07,,,,,
서대문구,11410,대현동,202607,오피스텔_전월세,이대 포레스트,대현동,90-60,17.84,,18000,20,9,18,2019,신규,26.08~28.08,,,,,
서대문구,11410,연희동,202607,오피스텔_전월세,시아 루비움,연희동,78-4,18.7,,500,58,3,18,2004,신규,26.08~27.08,,,,,
서대문구,11410,대현동,202607,오피스텔_전월세,아리움3차,대현동,90-7,14.61,,1000,94,10,20,2022,신규,26.07~27.01,,,,,
서대문구,11410,대현동,202607,오피스텔_전월세,이대프리젠#4,대현동,37-24,19.21,,16700,4,3,17,2018,신규,26.08~28.08,,,,,
서대문구,11410,대현동,202607,오피스텔_전월세,그린우드,대현동,37-69,17,,1000,115,4,17,2025,신규,26.08~27.08,,,,,
서대문구,11410,연희동,202607,오피스텔_전월세,(136-7),연희동,136-7,26.32,,11000,22,2,17,2003,신규,26.08~28.08,,,,,
서대문구,11410,북가좌동,202607,오피스텔_전월세,미다스,북가좌동,392-5,56.55,,25000,20,2,17,2016,신규,26.10~28.10,,,,,
서대문구,11410,합동,202607,오피스텔_전월세,충정로대우디오빌,합동,117,29.25,,1000,90,7,4,2006,신규,26.07~27.07,,,,,
서대문구,11410,창천동,202607,오피스텔_전월세,창천오피스텔,창천동,92-7,14.11,,8000,0,2,10,2002,신규,26.08~28.08,,,,,
서대문구,11410,대현동,202607,오피스텔_전월세,(90-12),대현동,90-12,15.63,,2000,80,9,2,2021,신규,26.07~27.07,,,,,
서대문구,11410,연희동,202607,오피스텔_전월세,시아 루비움,연희동,78-4,19.25,,1000,60,4,2,2004,신규,26.08~27.08,,,,,
서대문구,11410,창천동,202607,오피스텔_전월세,신촌 르메이에르타운5,창천동,29-81,24.92,,1000,85,12,15,2005,신규,26.07~27.07,,,,,
서대문구,11410,대현동,202607,오피스텔_전월세,이화인비따레오피스텔,대현동,45-5,24.29,,1000,75,3,1,2004,신규,26.08~27.08,,,,,
서대문구,11410,대현동,202607,오피스텔_전월세,이화인비따레오피스텔,대현동,45-5,24.29,,1000,75,8,13,2004,신규,26.08~28.08,,,,,
서대문구,11410,북가좌동,202607,오피스텔_전월세,금정빌딩,북가좌동,351-16,29.97,,12000,28,7,11,,갱신,26.08~28.08,12000.0,25.0,,,
서대문구,11410,연희동,202607,오피스텔_전월세,연희미다스파크,연희동,142-21,33.79,,25000,0,4,14,2019,신규,26.08~28.08,,,,,
서대문구,11410,미근동,202607,오피스텔_전월세,쎄미앙 오피스텔,미근동,190,22.61,,9800,30,5,13,2006,신규,26.07~28.07,,,,,
서대문구,11410,대현동,202607,오피스텔_전월세,아리움 5차,대현동,37-25,13.12,,1000,92,4,10,2022,신규,26.07~27.07,,,,,
서대문구,11410,연희동,202607,오피스텔_전월세,현대싱그런,연희동,340-27,116.97,,40000,80,3,4,2007,신규,26.10~28.10,,,,,
서대문구,11410,북아현동,202607,오피스텔_전월세,이편한세상신촌,북아현동,1013,27.42,,28000,0,12,10,2018,신규,26.09~28.09,,,,,
서대문구,11410,홍은동,202607,오피스텔_전월세,신영오피스텔,홍은동,427,20.79,,1000,55,7,6,2012,신규,26.07~27.07,,,,,
서대문구,11410,연희동,202607,오피스텔_전월세,파라다이스텔에스비,연희동,80-7,15.94,,8600,0,7,7,2003,신규,26.08~28.08,,,,,
서대문구,11410,대현동,202607,오피스텔_전월세,파라타워,대현동,90-70,19.96,,1000,115,12,2,2020,갱신,26.07~27.07,1000.0,110.0,,,
서대문구,11410,대현동,202607,오피스텔_전월세,그린우드,대현동,37-69,18.33,,1000,120,6,9,2025,신규,26.08~27.08,,,,,
서대문구,11410,창천동,202607,오피스텔_전월세,더이음,창천동,72-22,17.75,,1000,98,6,9,2021,갱신,26.08~27.08,1000.0,93.0,,,
서대문구,11410,대현동,202607,오피스텔_전월세,이화인비따레오피스텔,대현동,45-5,24.29,,12000,15,5,6,2004,신규,26.08~28.08,,,,,
서대문구,11410,충정로2가,202607,오피스텔_전월세,서대문 디오빌 오피스텔,충정로2가,192,25.35,,13000,35,10,1,2009,신규,26.07~28.07,,,,,
서대문구,11410,미근동,202607,오피스텔_전월세,쎄미앙 오피스텔,미근동,190,22.61,,9800,30,4,10,2006,신규,26.08~27.08,,,,,
서대문구,11410,대현동,202607,오피스텔_전월세,이대프리젠#3,대현동,37-15,20.54,,24100,5,9,9,2018,갱신,26.07~28.07,25000.0,,,,
서대문구,11410,홍제동,202607,오피스텔_전월세,제니스,홍제동,158-11,27.2,,21500,0,9,4,2020,갱신,26.07~28.07,21500.0,,사용,,
서대문구,11410,연희동,202607,오피스텔_전월세,연희소프트빌,연희동,212-2,16.2,,8500,0,10,2,2001,신규,26.08~28.08,,,,,
서대문구,11410,연희동,202607,오피스텔_전월세,연희미다스파크,연희동,142-21,33.79,,24800,0,3,8,2019,신규,26.08~28.08,,,,,
서대문구,11410,대현동,202607,오피스텔_전월세,아리움3차,대현동,90-7,13.89,,1000,96,9,6,2022,신규,26.07~27.07,,,,,
서대문구,11410,합동,202607,오피스텔_전월세,충정로대우디오빌,합동,117,29.26,,18800,10,9,1,2006,신규,26.08~28.08,,,,,
서대문구,11410,창천동,202607,오피스텔_전월세,신촌 르메이에르타운5,창천동,29-81,30.71,,1000,88,12,4,2005,갱신,26.08~27.08,1000.0,84.0,,,
서대문구,11410,대현동,202607,오피스텔_전월세,이대역 STARGATE,대현동,40-38,19.06,,23000,15,10,4,2021,신규,26.08~28.08,,,,,
서대문구,11410,합동,202607,오피스텔_전월세,충정로대우디오빌,합동,117,29.25,,4000,64,6,4,2006,갱신,26.09~27.09,4000.0,62.0,사용,,
서대문구,11410,홍은동,202607,오피스텔_전월세,코지펠리스,홍은동,165-2,56.12,,27800,0,5,1,2009,신규,26.08~28.08,,,,,
서대문구,11410,창천동,202607,연립다세대_전월세,삼성아트빌,창천동,501-14,24.5,,15700,0,1,15,2002,,,,,,,
서대문구,11410,홍제동,202607,연립다세대_전월세,아남(라동),홍제동,167-57,43.2,,2000,80,1,21,1987,신규,26.08~28.08,,,,,
서대문구,11410,홍제동,202607,연립다세대_전월세,신흥빌라트,홍제동,267-5,41.31,,14000,30,4,27,2000,신규,26.08~28.08,,,,,
서대문구,11410,창천동,202607,연립다세대_전월세,(322-0),창천동,322,12.16,,500,47,3,28,2013,신규,26.08~28.08,,,,,
서대문구,11410,홍제동,202607,연립다세대_전월세,산호빌라,홍제동,5-70,56.17,,18000,0,2,9,2002,신규,26.08~28.08,,,,,
서대문구,11410,대현동,202607,연립다세대_전월세,이대다올노블리움2차(에이동),대현동,90-42,13.98,,1000,80,10,22,2018,신규,26.08~27.08,,,,,
서대문구,11410,남가좌동,202607,연립다세대_전월세,(5-188),남가좌동,5-188,12,,500,45,3,27,2011,신규,26.08~28.02,,,,,
서대문구,11410,신촌동,202607,연립다세대_전월세,플로렌스힐B,신촌동,52-8,59.67,,36000,0,2,11,2017,신규,26.09~28.09,,,,,
서대문구,11410,창천동,202607,연립다세대_전월세,금반석시티빌7차,창천동,90-27,12.87,,2000,55,2,29,2013,신규,26.09~27.08,,,,,
서대문구,11410,창천동,202607,연립다세대_전월세,금반석시티빌7차,창천동,90-27,12.74,,3000,50,2,6,2013,신규,26.08~27.08,,,,,
서대문구,11410,대신동,202607,연립다세대_전월세,(127-9),대신동,127-9,54.22,,1000,58,2,17,2009,신규,26.08~28.08,,,,,
서대문구,11410,홍제동,202607,연립다세대_전월세,무학A동,홍제동,314-6,49.19,,3000,85,2,29,1974,신규,26.08~28.08,,,,,
서대문구,11410,창천동,202607,연립다세대_전월세,(4-114),창천동,4-114,31.48,,1000,58,5,20,2011,신규,26.08~27.08,,,,,
서대문구,11410,연희동,202607,연립다세대_전월세,"화이트빌(B,C동)",연희동,48-9,58.45,,500,75,3,14,2006,신규,26.08~27.08,,,,,
서대문구,11410,연희동,202607,연립다세대_전월세,(187-4),연희동,187-4,20.46,,1000,64,2,13,2009,신규,26.08~28.08,,,,,
서대문구,11410,북가좌동,202607,연립다세대_전월세,몽토럭스빌,북가좌동,296-25,50.76,,1000,93,3,25,2003,신규,26.08~28.08,,,,,
서대문구,11410,북가좌동,202607,연립다세대_전월세,이안럭스빌,북가좌동,340-29,27.22,,13000,20,2,18,2013,갱신,26.12~28.12,12300.0,20.0,,,
서대문구,11410,북가좌동,202607,연립다세대_전월세,지구밸리,북가좌동,331-23,63.32,,5000,160,2,18,2022,신규,26.08~28.08,,,,,
서대문구,11410,홍은동,202607,연립다세대_전월세,윤하우스,홍은동,411-13,14.79,,500,55,2,27,2016,신규,26.08~27.08,,,,,
서대문구,11410,남가좌동,202607,연립다세대_전월세,신한빌라,남가좌동,335-11,59.01,,2000,45,-1,24,1994,신규,26.08~28.08,,,,,
서대문구,11410,연희동,202607,연립다세대_전월세,네오스페이스,연희동,136-29,21.28,,1000,38,5,17,2002,신규,26.08~27.08,,,,,
서대문구,11410,연희동,202607,연립다세대_전월세,대명빌라,연희동,187-121,42.35,,10000,30,-1,11,1993,신규,26.08~28.08,,,,,
서대문구,11410,홍제동,202607,연립다세대_전월세,"서강빌라1,2동",홍제동,90-6,48.01,,25000,0,3,25,1987,갱신,26.09~28.09,2000.0,85.0,,,
서대문구,11410,북가좌동,202607,연립다세대_전월세,우공아트빌,북가좌동,274-8,41.67,,1000,65,1,27,2001,신규,26.08~28.08,,,,,
서대문구,11410,홍제동,202607,연립다세대_전월세,써니힐스,홍제동,266-99,24.3,,11000,10,3,25,2013,신규,26.09~28.09,,,,,
서대문구,11410,북가좌동,202607,연립다세대_전월세,대원스카이빌,북가좌동,291-12,31.6,,2000,90,3,25,2017,신규,26.08~28.08,,,,,
서대문구,11410,연희동,202607,연립다세대_전월세,(88-30),연희동,88-30,64.56,,1480,31,3,28,2021,신규,26.08~27.07,,,,,
서대문구,11410,천연동,202607,연립다세대_전월세,(120-11),천연동,120-11,30.8,,8500,33,1,26,2000,신규,26.09~28.09,,,,,
서대문구,11410,창천동,202607,연립다세대_전월세,신촌빌라2차,창천동,4-26,44,,1000,165,2,12,1991,신규,26.07~27.07,,,,,
서대문구,11410,홍은동,202607,연립다세대_전월세,힐타운,홍은동,265-288,30.35,,1000,45,-1,21,1997,신규,26.08~27.08,,,,,
서대문구,11410,대신동,202607,연립다세대_전월세,(127-6),대신동,127-6,16.77,,1000,58,1,11,2009,신규,26.08~27.08,,,,,
서대문구,11410,북가좌동,202607,연립다세대_전월세,LG빌라(328-29),북가좌동,328-29,76.18,,3000,100,5,18,2008,신규,26.08~28.08,,,,,
서대문구,11410,창천동,202607,연립다세대_전월세,(78-29),창천동,78-29,12.93,,1000,65,5,30,2012,신규,26.08~27.08,,,,,
서대문구,11410,북가좌동,202607,연립다세대_전월세,명남아이소빌,북가좌동,289-24,76.56,,20000,66,3,27,2002,갱신,26.09~28.09,20000.0,60.0,사용,,
서대문구,11410,북가좌동,202607,연립다세대_전월세,금성빌라,북가좌동,325-1,40.38,,13400,25,3,30,1993,신규,26.10~28.10,,,,,
서대문구,11410,냉천동,202607,연립다세대_전월세,성산빌딩,냉천동,263,13.81,,1000,64,8,15,2013,신규,26.08~28.08,,,,,
서대문구,11410,연희동,202607,연립다세대_전월세,연희그린빌라에이비동,연희동,3-10,43.35,,1000,50,-1,11,1996,신규,26.08~27.08,,,,,
서대문구,11410,홍은동,202607,연립다세대_전월세,루미아트B동,홍은동,265-492,16.78,,2500,44,3,27,2013,신규,26.08~28.08,,,,,
서대문구,11410,남가좌동,202607,연립다세대_전월세,허브하우스,남가좌동,327-2,64.34,,500,50,1,4,2002,신규,26.08~28.08,,,,,
서대문구,11410,남가좌동,202607,연립다세대_전월세,우선빌,남가좌동,325-10,28.68,,13000,19,3,22,2017,신규,26.08~28.08,,,,,
서대문구,11410,창천동,202607,연립다세대_전월세,명가보고빌,창천동,360,75.61,,33000,33,2,14,2002,신규,26.08~28.08,,,,,
서대문구,11410,홍제동,202607,연립다세대_전월세,시크빌리지,홍제동,280-5,41.88,,20000,30,2,24,2014,신규,26.09~28.09,,,,,
서대문구,11410,홍제동,202607,연립다세대_전월세,(9-67),홍제동,9-67,39.96,,1000,38,-1,23,1986,신규,26.08~28.07,,,,,
서대문구,11410,북가좌동,202607,연립다세대_전월세,신풍,북가좌동,1-3,47.44,,13000,10,2,18,1982,신규,26.09~28.09,,,,,
서대문구,11410,홍은동,202607,연립다세대_전월세,풍진빌라,홍은동,11-980,64.27,,13000,0,1,30,1987,신규,26.09~28.09,,,,,
서대문구,11410,대현동,202607,연립다세대_전월세,이대역마에스트로,대현동,150,12.01,,1000,65,2,30,2012,신규,26.08~27.08,,,,,
서대문구,11410,북가좌동,202607,연립다세대_전월세,새움스마트빌,북가좌동,3-67,12.34,,500,49,4,21,2013,신규,26.08~28.08,,,,,
서대문구,11410,홍제동,202607,연립다세대_전월세,써니힐스,홍제동,266-99,24.3,,12000,6,3,25,2013,신규,26.09~28.09,,,,,
서대문구,11410,홍은동,202607,연립다세대_전월세,삼정빌,홍은동,265-88,40.92,,15000,0,1,25,2013,신규,26.08~28.08,,,,,
서대문구,11410,남가좌동,202607,연립다세대_전월세,T.JHouse,남가좌동,324-29,17.315,,500,46,3,28,2012,신규,26.08~27.08,,,,,
서대문구,11410,연희동,202607,연립다세대_전월세,블레어빌,연희동,48-11,28.54,,28300,0,2,30,2018,신규,26.09~28.09,,,,,
서대문구,11410,창천동,202607,연립다세대_전월세,포맨스(브라운빌),창천동,90-9,34.38,,5000,62,4,22,2003,신규,26.08~28.08,,,,,
서대문구,11410,연희동,202607,연립다세대_전월세,(194-22),연희동,194-22,68.64,,2000,60,2,15,2008,신규,26.08~27.08,,,,,
서대문구,11410,홍은동,202607,연립다세대_전월세,트라움하임홍은,홍은동,325-7,45.55,,1000,105,4,13,2020,신규,26.08~27.07,,,,,
서대문구,11410,홍은동,202607,연립다세대_전월세,예림스마트빌,홍은동,189-23,48.61,,26200,0,2,20,2021,신규,26.08~28.08,,,,,
서대문구,11410,홍은동,202607,연립다세대_전월세,홍은빌라(9-534),홍은동,9-534,23.14,,300,30,1,30,1973,신규,26.08~28.05,,,,,
서대문구,11410,연희동,202607,연립다세대_전월세,(138-34),연희동,138-34,243.75,,0,1300,4,9,2018,신규,26.08~28.08,,,,,
서대문구,11410,남가좌동,202607,연립다세대_전월세,드림캐슬3,남가좌동,322-13,13.2,,500,45,2,14,2012,신규,26.08~27.08,,,,,
서대문구,11410,홍제동,202607,연립다세대_전월세,노블하우스,홍제동,273-192,23.04,,3000,37,4,29,2005,갱신,26.08~28.08,3000.0,35.0,사용,,
서대문구,11410,북아현동,202607,연립다세대_전월세,평화빌라A,북아현동,1-21,70.79,,21050,0,4,29,1994,신규,26.08~28.08,,,,,
서대문구,11410,홍은동,202607,연립다세대_전월세,써드플레이스7,홍은동,407-25,29.96,,24000,0,2,23,2023,신규,26.08~28.08,,,,,
서대문구,11410,창천동,202607,연립다세대_전월세,A동,창천동,100-28,34.27,,1000,67,4,4,2001,신규,26.08~27.08,,,,,
서대문구,11410,홍제동,202607,연립다세대_전월세,근남빌라,홍제동,359-8,38.9,,11500,0,3,28,1991,갱신,26.07~28.07,6500.0,,,,
서대문구,11410,연희동,202607,연립다세대_전월세,Y-HOUSE,연희동,340-16,17.39,,4000,58,1,14,2013,갱신,26.07~27.01,4000.0,58.0,,,
서대문구,11410,북아현동,202607,연립다세대_전월세,(1-224),북아현동,1-224,21.59,,1000,50,2,31,2004,신규,26.08~28.08,,,,,
서대문구,11410,연희동,202607,연립다세대_전월세,Y-HOUSE,연희동,340-16,21.04,,13000,0,2,23,2013,갱신,26.10~27.02,13000.0,,,,
서대문구,11410,연희동,202607,연립다세대_전월세,Y-HOUSE,연희동,340-16,21.51,,2000,70,2,23,2013,갱신,26.08~27.02,2000.0,68.0,,,
서대문구,11410,홍제동,202607,연립다세대_전월세,고은주택,홍제동,308-75,50.95,,20000,0,1,27,2003,신규,26.10~28.10,,,,,
서대문구,11410,충정로3가,202607,연립다세대_전월세,한양홈타운,충정로3가,3-63,72.21,,20000,35,3,15,2003,신규,26.08~28.08,,,,,
서대문구,11410,북가좌동,202607,연립다세대_전월세,신우벨라체(279-1),북가좌동,279-1,40.6,,3000,90,4,29,2016,신규,26.08~28.08,,,,,
서대문구,11410,홍은동,202607,연립다세대_전월세,이안쉐르빌4차,홍은동,414-24,44.46,,3000,80,2,6,2012,신규,26.07~28.07,,,,,
서대문구,11410,북아현동,202607,연립다세대_전월세,평화빌라A,북아현동,1-21,70.79,,21050,0,4,29,1994,신규,26.09~28.08,,,,,
서대문구,11410,창천동,202607,연립다세대_전월세,스카이힐,창천동,419,14.08,,500,70,2,3,2011,신규,26.07~27.07,,,,,
서대문구,11410,홍제동,202607,연립다세대_전월세,한신위너스,홍제동,156-374,37.6,,20000,21,2,29,2017,갱신,26.09~28.09,20000.0,20.0,사용,,
서대문구,11410,연희동,202607,연립다세대_전월세,경희빌라,연희동,151-151,62.38,,3000,65,1,4,1978,신규,26.08~28.08,,,,,
서대문구,11410,북가좌동,202607,연립다세대_전월세,현대빌라(나동(5-129)),북가좌동,5-129,112.8,,18000,80,3,9,1983,신규,26.08~28.08,,,,,
서대문구,11410,북가좌동,202607,연립다세대_전월세,(75-30),북가좌동,75-30,39.66,,13000,0,2,29,1997,신규,26.08~28.08,,,,,
서대문구,11410,남가좌동,202607,연립다세대_전월세,거성리젠시,남가좌동,337-8,51.53,,23000,0,5,24,2012,갱신,26.08~28.08,23000.0,,사용,,
서대문구,11410,북가좌동,202607,연립다세대_전월세,대일빌라,북가좌동,342-24,38.61,,15000,0,2,29,1996,신규,26.10~28.10,,,,,
서대문구,11410,홍제동,202607,연립다세대_전월세,금강빌라,홍제동,9-75,34.47,,700,60,2,29,1987,신규,26.09~28.09,,,,,
서대문구,11410,창천동,202607,연립다세대_전월세,(430-0),창천동,430,25.85,,1000,74,5,3,2013,신규,26.07~28.07,,,,,
서대문구,11410,홍은동,202607,연립다세대_전월세,로젠힐,홍은동,189-18,70.34,,21200,0,2,6,2008,신규,26.08~28.08,,,,,
서대문구,11410,연희동,202607,연립다세대_전월세,(179-46),연희동,179-46,45.76,,5000,0,1,1,1986,신규,26.07~31.07,,,,,
서대문구,11410,홍은동,202607,연립다세대_전월세,미소지움105동,홍은동,10-310,22.65,,17000,0,4,24,2019,갱신,26.08~28.08,16200.0,5.0,,,
서대문구,11410,홍은동,202607,연립다세대_전월세,미소지움,홍은동,10-236,29.98,,17000,0,2,7,2019,신규,26.08~28.08,,,,,
서대문구,11410,북가좌동,202607,연립다세대_전월세,거성빌라트,북가좌동,348-11,70.74,,15000,0,4,28,1998,갱신,26.09~28.09,25000.0,,,,
서대문구,11410,북가좌동,202607,연립다세대_전월세,LG타운(296-16),북가좌동,296-16,45.61,,13000,45,5,23,2006,신규,26.09~28.08,,,,,
서대문구,11410,창천동,202607,연립다세대_전월세,B동(4-133),창천동,4-133,31.98,,1000,100,2,28,1987,신규,26.07~27.07,,,,,
서대문구,11410,대신동,202607,연립다세대_전월세,(124-6),대신동,124-6,20.81,,1000,60,3,22,2004,신규,26.08~27.08,,,,,
서대문구,11410,홍은동,202607,연립다세대_전월세,레미안빌,홍은동,191-57,54.6,,13000,20,1,16,2003,신규,26.09~28.09,,,,,
서대문구,11410,홍은동,202607,연립다세대_전월세,도흥,홍은동,335-19,52.38,,12900,0,4,14,1997,신규,26.08~28.08,,,,,
서대문구,11410,남가좌동,202607,연립다세대_전월세,황제빌라B동,남가좌동,340-16,76.27,,26000,0,3,25,2003,갱신,26.07~28.07,25000.0,,,,
서대문구,11410,창천동,202607,연립다세대_전월세,한빛위너스,창천동,501-25,52.74,,34000,30,2,10,2016,신규,26.08~28.08,,,,,
서대문구,11410,연희동,202607,연립다세대_전월세,연희궁의아침(천동),연희동,295-1,29.75,,22800,0,3,20,2019,신규,26.09~28.09,,,,,
서대문구,11410,연희동,202607,연립다세대_전월세,(194-22),연희동,194-22,65.04,,1000,63,5,14,2008,신규,26.07~27.07,,,,,
서대문구,11410,홍은동,202607,연립다세대_전월세,(9-228),홍은동,9-228,32.67,,10000,0,3,7,1985,갱신,26.07~28.07,10000.0,,,,
서대문구,11410,남가좌동,202607,연립다세대_전월세,명인빌,남가좌동,374-8,29.78,,12000,31,5,20,2015,신규,26.08~28.08,,,,,
서대문구,11410,연희동,202607,연립다세대_전월세,(194-22),연희동,194-22,65.04,,1000,63,5,14,2008,신규,26.07~27.07,,,,,
서대문구,11410,대신동,202607,연립다세대_전월세,(124-13),대신동,124-13,22.9,,500,75,3,6,2002,신규,26.08~27.08,,,,,
서대문구,11410,창천동,202607,연립다세대_전월세,쎈스빌,창천동,100-77,13.69,,500,60,3,15,2012,신규,26.07~28.07,,,,,
서대문구,11410,홍은동,202607,연립다세대_전월세,청년미래공동체주택(임대),홍은동,466,54.99,,6514,16,4,27,2019,갱신,26.08~28.07,2791.0,36.0,,,
서대문구,11410,홍제동,202607,연립다세대_전월세,(287-118),홍제동,287-118,33.91,,9200,0,1,23,1992,갱신,26.07~28.07,9500.0,,사용,,
서대문구,11410,홍제동,202607,연립다세대_전월세,써니힐스,홍제동,266-99,24.3,,12000,6,3,25,2013,신규,26.09~28.09,,,,,
서대문구,11410,북가좌동,202607,연립다세대_전월세,에코더블레스,북가좌동,3-54,29.48,,15000,0,5,6,2015,갱신,26.07~28.07,15000.0,,사용,,
서대문구,11410,홍은동,202607,연립다세대_전월세,형지파크빌,홍은동,407-11,43.39,,100,34,2,27,2018,신규,26.07~28.09,,,,,
서대문구,11410,북가좌동,202607,연립다세대_전월세,세종파크빌리지(3-73),북가좌동,3-73,34.56,,10500,15,5,17,2007,신규,26.09~28.09,,,,,
서대문구,11410,홍은동,202607,연립다세대_전월세,형지파크빌,홍은동,407-11,54.59,,100,43,4,27,2018,신규,26.07~28.09,,,,,
서대문구,11410,홍제동,202607,연립다세대_전월세,홍일빌라,홍제동,313-34,34.16,,1000,52,2,8,1991,신규,26.07~28.07,,,,,
서대문구,11410,북가좌동,202607,연립다세대_전월세,경성하이빌(340-14),북가좌동,340-14,28.25,,5000,63,2,22,2013,신규,26.09~28.09,,,,,
서대문구,11410,북아현동,202607,연립다세대_전월세,릉안하이빌B동,북아현동,1-330,68.12,,22000,30,3,23,2008,신규,26.10~28.10,,,,,
서대문구,11410,연희동,202607,연립다세대_전월세,(520-61),연희동,520-61,42.3,,1000,70,2,11,1994,신규,26.08~28.08,,,,,
서대문구,11410,홍은동,202607,연립다세대_전월세,형지파크빌,홍은동,407-11,43.77,,100,35,3,27,2018,신규,26.07~28.09,,,,,
서대문구,11410,홍은동,202607,연립다세대_전월세,무명빌라,홍은동,265-423,46.65,,3000,45,1,26,1993,신규,26.08~28.08,,,,,
서대문구,11410,홍제동,202607,연립다세대_전월세,아르떼빌(9-44),홍제동,9-44,28.92,,15800,0,3,24,2016,신규,26.09~28.09,,,,,
서대문구,11410,홍제동,202607,연립다세대_전월세,(313-1),홍제동,313-1,56.91,,10000,15,-1,25,1986,갱신,26.09~28.09,10000.0,10.0,사용,,
서대문구,11410,홍제동,202607,연립다세대_전월세,시크빌리지,홍제동,280-5,29.87,,15000,20,4,24,2014,신규,26.10~28.10,,,,,
서대문구,11410,홍은동,202607,연립다세대_전월세,화이트빌8,홍은동,265-71,33.63,,500,58,2,1,2002,신규,26.07~27.07,,,,,
서대문구,11410,대신동,202607,연립다세대_전월세,(127-9),대신동,127-9,54.22,,1000,55,3,16,2009,신규,26.07~28.07,,,,,
서대문구,11410,홍은동,202607,연립다세대_전월세,청구빌라-나동,홍은동,361-63,45.66,,2000,80,1,18,1990,신규,26.07~28.07,,,,,
서대문구,11410,충정로3가,202607,연립다세대_전월세,한양홈타운,충정로3가,3-63,72.21,,20000,35,3,15,2003,신규,26.08~28.08,,,,,
서대문구,11410,홍은동,202607,연립다세대_전월세,형지팰리스,홍은동,407-10,58.67,,100,45,2,23,2018,신규,26.07~28.09,,,,,
서대문구,11410,북가좌동,202607,연립다세대_전월세,DMC갤러리아,북가좌동,489,26.21,,100,49,3,23,2022,신규,26.07~28.09,,,,,
서대문구,11410,북가좌동,202607,연립다세대_전월세,DMC갤러리아,북가좌동,489,26.21,,100,49,6,23,2022,신규,26.07~28.09,,,,,
서대문구,11410,연희동,202607,연립다세대_전월세,아이비하우스,연희동,287-11,29.33,,6000,60,3,17,2002,신규,26.08~28.08,,,,,
서대문구,11410,창천동,202607,연립다세대_전월세,스타빌,창천동,13-58,15.6,,1000,100,3,15,2013,신규,26.08~28.07,,,,,
서대문구,11410,북가좌동,202607,연립다세대_전월세,신풍아트빌3차,북가좌동,339-33,81.45,,27000,0,1,23,2003,신규,26.09~28.09,,,,,
서대문구,11410,홍은동,202607,연립다세대_전월세,경원탑스빌,홍은동,265-196,60.21,,18000,0,1,23,2012,신규,26.08~28.08,,,,,
서대문구,11410,홍은동,202607,연립다세대_전월세,힐타운,홍은동,265-288,27.14,,7035,26,3,21,1997,갱신,26.08~28.08,6700.0,25.0,사용,,
서대문구,11410,홍제동,202607,연립다세대_전월세,남향빌라,홍제동,308-110,42.86,,13000,0,2,22,1992,신규,26.08~28.08,,,,,
서대문구,11410,홍제동,202607,연립다세대_전월세,(460-2),홍제동,460-2,103.04,,42000,0,5,20,2003,갱신,26.08~28.08,40000.0,,사용,,
서대문구,11410,창천동,202607,연립다세대_전월세,현대하이츠,창천동,365,48.49,,35000,0,2,22,2015,갱신,26.07~28.07,35700.0,,,,
서대문구,11410,북가좌동,202607,연립다세대_전월세,DMC갤러리아,북가좌동,489,25.52,,100,48,2,23,2022,신규,26.07~28.09,,,,,
서대문구,11410,홍제동,202607,연립다세대_전월세,홍제,홍제동,312-35,21.55,,10300,0,3,20,1965,신규,26.08~28.08,,,,,
서대문구,11410,북가좌동,202607,연립다세대_전월세,신풍,북가좌동,1-3,47.44,,6000,40,1,7,1982,신규,26.08~28.08,,,,,
서대문구,11410,남가좌동,202607,연립다세대_전월세,주원베르빌(101동),남가좌동,336-23,29.46,,10000,70,3,22,2017,신규,26.10~28.10,,,,,
서대문구,11410,북가좌동,202607,연립다세대_전월세,선정그랜드빌(328-7),북가좌동,328-7,72.15,,12000,100,2,15,2001,신규,26.08~28.08,,,,,
서대문구,11410,연희동,202607,연립다세대_전월세,(304-1),연희동,304-1,29.68,,5000,75,3,2,2011,신규,26.07~28.07,,,,,
서대문구,11410,창천동,202607,연립다세대_전월세,현대하이츠,창천동,365,48.49,,35700,0,2,22,2015,갱신,26.07~28.07,35700.0,,,,
서대문구,11410,북가좌동,202607,연립다세대_전월세,이안쉐르빌1차,북가좌동,5-66,24.41,,12000,0,3,21,2008,갱신,26.08~28.08,10000.0,,,,
서대문구,11410,북가좌동,202607,연립다세대_전월세,(273-1),북가좌동,273-1,29.22,,8800,0,-1,22,1991,신규,26.09~28.09,,,,,
서대문구,11410,합동,202607,연립다세대_전월세,몽블랑하우스,합동,31-8,80.33,,5000,225,4,11,2002,신규,26.10~28.10,,,,,
서대문구,11410,창천동,202607,연립다세대_전월세,그린빌,창천동,100-30,39.94,,1000,80,3,22,2001,갱신,26.08~28.08,1000.0,75.0,사용,,
서대문구,11410,북가좌동,202607,연립다세대_전월세,궁전빌라(347-46),북가좌동,347-46,71.9,,28900,0,3,22,2001,신규,26.08~28.08,,,,,
서대문구,11410,북가좌동,202607,연립다세대_전월세,인성빌리지A,북가좌동,296-28,61.56,,2000,100,3,7,1991,신규,26.07~28.07,,,,,
서대문구,11410,홍은동,202607,연립다세대_전월세,화이트빌4,홍은동,394-5,27.99,,500,61,2,13,2005,신규,26.07~27.07,,,,,
서대문구,11410,창천동,202607,연립다세대_전월세,세림,창천동,259,20.64,,15800,3,2,18,2017,갱신,26.08~28.08,15800.0,,,,
서대문구,11410,대현동,202607,연립다세대_전월세,(90-41),대현동,90-41,14.5,,2000,62,9,12,2015,신규,26.08~27.08,,,,,
서대문구,11410,창천동,202607,연립다세대_전월세,신촌빌리지,창천동,229,63.3,,10000,69,4,16,2014,갱신,26.08~28.08,10000.0,64.0,,,
서대문구,11410,창천동,202607,연립다세대_전월세,(4-123),창천동,4-123,81.72,,500,45,1,8,1983,신규,26.08~27.08,,,,,
서대문구,11410,북가좌동,202607,연립다세대_전월세,정우타운,북가좌동,350-1,75.22,,25000,0,3,20,1991,신규,26.08~28.08,,,,,
서대문구,11410,북가좌동,202607,연립다세대_전월세,첸스빌,북가좌동,3-4,36.99,,18000,0,1,20,2013,신규,26.08~28.08,,,,,
서대문구,11410,북가좌동,202607,연립다세대_전월세,수정아트빌,북가좌동,368-10,49.8,,18000,0,5,9,2003,신규,26.08~28.08,,,,,
서대문구,11410,홍은동,202607,연립다세대_전월세,진성위메이드,홍은동,168-2,27.51,,21600,0,7,20,2020,신규,26.10~28.10,,,,,
서대문구,11410,홍제동,202607,연립다세대_전월세,홍제동성캐슬1차,홍제동,260-24,19.95,,17000,0,3,20,2022,신규,26.08~28.08,,,,,
서대문구,11410,홍은동,202607,연립다세대_전월세,삼성빌라,홍은동,188-29,62.01,,2000,70,1,20,1985,신규,26.07~27.07,,,,,
서대문구,11410,홍제동,202607,연립다세대_전월세,금강빌라,홍제동,9-75,39.06,,1000,60,2,16,1987,신규,26.07~28.07,,,,,
서대문구,11410,연희동,202607,연립다세대_전월세,동진빌라,연희동,141-34,65.07,,23500,0,3,13,1985,신규,26.09~28.09,,,,,
서대문구,11410,남가좌동,202607,연립다세대_전월세,수현원룸,남가좌동,329-20,13.78,,500,24,2,17,2012,신규,26.08~28.08,,,,,
서대문구,11410,홍은동,202607,연립다세대_전월세,미성빌라,홍은동,191-105,38.64,,9000,1,-1,14,1992,갱신,26.07~28.07,,1.0,,,
서대문구,11410,남가좌동,202607,연립다세대_전월세,주원PetVill,남가좌동,337-28,36.89,,26250,0,4,18,2017,갱신,26.07~28.07,25000.0,,사용,,
서대문구,11410,홍은동,202607,연립다세대_전월세,미소지움103동,홍은동,10-238,25.68,,18000,0,4,20,2019,신규,26.08~28.08,,,,,
서대문구,11410,연희동,202607,연립다세대_전월세,연세아크로폴리스,연희동,290-1,83.56,,1000,50,1,14,2001,신규,26.07~27.01,,,,,
서대문구,11410,창천동,202607,연립다세대_전월세,심스빌,창천동,501-4,39.11,,25000,0,3,15,2002,신규,26.07~27.12,,,,,
서대문구,11410,북가좌동,202607,연립다세대_전월세,삼성쉐르빌,북가좌동,329-31,41.87,,100,50,4,13,2005,신규,26.07~28.07,,,,,
서대문구,11410,북가좌동,202607,연립다세대_전월세,신원빌,북가좌동,311-29,62.86,,16000,0,3,18,2004,신규,26.07~28.07,,,,,
서대문구,11410,창천동,202607,연립다세대_전월세,심스빌,창천동,501-4,56.07,,32000,0,4,13,2002,신규,26.08~28.08,,,,,
서대문구,11410,창천동,202607,연립다세대_전월세,삼성아트빌,창천동,501-14,24.5,,15700,0,1,15,2002,갱신,26.08~28.08,16000.0,,,,
서대문구,11410,북가좌동,202607,연립다세대_전월세,명지빌라,북가좌동,342-16,34.92,,11600,20,3,17,1986,신규,26.08~28.08,,,,,
서대문구,11410,창천동,202607,연립다세대_전월세,심스빌,창천동,501-4,44.87,,26000,0,2,16,2002,갱신,26.08~27.08,25000.0,,,,
서대문구,11410,충정로3가,202607,연립다세대_전월세,충정하이츠빌라,충정로3가,3-119,46.08,,7500,0,3,16,1992,신규,26.08~28.08,,,,,
서대문구,11410,북아현동,202607,연립다세대_전월세,미주타운,북아현동,183-5,60.32,,3000,120,5,16,2009,신규,26.09~28.09,,,,,
서대문구,11410,북가좌동,202607,연립다세대_전월세,백명그랜드빌라,북가좌동,322-1,51.92,,12200,0,-1,18,1995,신규,26.08~28.08,,,,,
서대문구,11410,북가좌동,202607,연립다세대_전월세,기룡하이츠(C동),북가좌동,337-1,54.52,,24000,15,2,18,2012,신규,26.09~28.09,,,,,
서대문구,11410,홍은동,202607,연립다세대_전월세,청년미래공동체주택(임대),홍은동,466,33.19,,4477,11,5,18,2019,갱신,26.08~28.07,1918.0,25.0,,,
서대문구,11410,홍제동,202607,연립다세대_전월세,나임하우스,홍제동,361-9,61.25,,20000,0,1,7,1995,갱신,26.07~28.07,20000.0,,,,
서대문구,11410,남가좌동,202607,연립다세대_전월세,(336-7),남가좌동,336-7,53.04,,12000,10,4,16,1992,신규,26.08~28.08,,,,,
서대문구,11410,홍제동,202607,연립다세대_전월세,삼화빌라,홍제동,312-28,44.82,,13000,15,2,5,1990,갱신,26.07~28.07,13000.0,15.0,사용,,
서대문구,11410,북가좌동,202607,연립다세대_전월세,신흥아트빌6차,북가좌동,3-252,59.61,,10000,29,2,16,2002,신규,26.08~28.08,,,,,
서대문구,11410,홍은동,202607,연립다세대_전월세,경환그린빌라,홍은동,191-12,44.85,,9660,15,1,15,1994,신규,26.08~28.08,,,,,
서대문구,11410,남가좌동,202607,연립다세대_전월세,황금빌라,남가좌동,342-25,69.16,,20000,50,4,8,2003,신규,26.08~28.08,,,,,
서대문구,11410,남가좌동,202607,연립다세대_전월세,(331-8),남가좌동,331-8,40.45,,3000,100,2,6,1992,신규,26.07~28.07,,,,,
서대문구,11410,충정로3가,202607,연립다세대_전월세,(3-1),충정로3가,3-1,95.35,,55000,0,1,16,1996,신규,26.07~28.07,,,,,
서대문구,11410,홍은동,202607,연립다세대_전월세,한성아트빌,홍은동,403-15,61.51,,16500,0,1,15,2002,신규,26.09~28.09,,,,,
서대문구,11410,북아현동,202607,연립다세대_전월세,힐스타빌리지4차,북아현동,1-1644,39.75,,32000,0,2,15,2021,갱신,26.07~28.07,32000.0,,사용,,
서대문구,11410,홍은동,202607,연립다세대_전월세,(375-0),홍은동,375,16.67,,7500,20,4,9,2010,신규,26.08~28.08,,,,,
서대문구,11410,연희동,202607,연립다세대_전월세,연희연립,연희동,187-1,66.78,,15700,0,2,15,1981,신규,26.07~28.07,,,,,
서대문구,11410,연희동,202607,연립다세대_전월세,포춘빌라트,연희동,46-3,42.93,,23000,0,4,15,2003,갱신,26.07~28.07,25000.0,,,,
서대문구,11410,대신동,202607,연립다세대_전월세,(127-6),대신동,127-6,28.29,,1000,57,4,8,2009,갱신,26.09~27.09,1000.0,55.0,사용,,
서대문구,11410,북아현동,202607,연립다세대_전월세,초원빌라가동,북아현동,1-1761,28.8,,1000,75,-1,8,1991,신규,26.08~28.08,,,,,
서대문구,11410,대신동,202607,연립다세대_전월세,(124-13),대신동,124-13,24.36,,500,60,1,8,2002,신규,26.07~27.07,,,,,
서대문구,11410,창천동,202607,연립다세대_전월세,선화빌딩,창천동,504-5,28.2,,6000,84,2,14,2016,갱신,26.07~28.07,6000.0,80.0,,,
서대문구,11410,홍은동,202607,연립다세대_전월세,프라임하우스,홍은동,407-5,13.53,,1000,49,3,11,2013,신규,26.08~27.08,,,,,
서대문구,11410,북가좌동,202607,연립다세대_전월세,청구빌,북가좌동,324-11,61.16,,22000,0,4,11,1993,갱신,26.07~28.07,21000.0,,사용,,
서대문구,11410,북가좌동,202607,연립다세대_전월세,초원그린빌,북가좌동,322-20,50.47,,26400,10,4,11,2014,신규,26.09~28.09,,,,,
서대문구,11410,홍은동,202607,연립다세대_전월세,포엠빌8차,홍은동,189-33,55.64,,33500,0,5,13,2022,신규,26.07~28.07,,,,,
서대문구,11410,남가좌동,202607,연립다세대_전월세,(5-188),남가좌동,5-188,12.24,,500,45,5,13,2011,신규,26.08~27.08,,,,,
서대문구,11410,연희동,202607,연립다세대_전월세,연궁아트빌라,연희동,93-3,123.68,,22000,170,3,8,1990,신규,26.09~27.05,,,,,
서대문구,11410,홍제동,202607,연립다세대_전월세,산호빌라,홍제동,5-70,56.17,,18000,15,2,9,2002,신규,26.08~28.08,,,,,
서대문구,11410,연희동,202607,연립다세대_전월세,(340-41),연희동,340-41,15.56,,9000,0,1,11,2002,갱신,26.08~28.02,7000.0,1.0,,,
서대문구,11410,연희동,202607,연립다세대_전월세,홍연하이츠빌,연희동,170-129,38.055,,14000,10,2,1,2008,신규,26.08~28.08,,,,,
서대문구,11410,북가좌동,202607,연립다세대_전월세,(6-6),북가좌동,6-6,34.29,,10000,35,1,12,1990,신규,26.08~28.08,,,,,
서대문구,11410,홍은동,202607,연립다세대_전월세,(375-0),홍은동,375,13.78,,500,39,2,4,2010,신규,26.07~27.07,,,,,
서대문구,11410,북가좌동,202607,연립다세대_전월세,오성드림빌,북가좌동,295-8,52.98,,21000,0,4,9,2016,신규,26.09~28.09,,,,,
서대문구,11410,홍제동,202607,연립다세대_전월세,우신아트빌(361-62),홍제동,361-62,42.15,,11000,0,1,13,2002,갱신,26.07~28.09,8000.0,,,,
서대문구,11410,홍은동,202607,연립다세대_전월세,수현프리모,홍은동,402-30,26.65,,12000,20,5,2,2020,신규,26.08~28.08,,,,,
서대문구,11410,남가좌동,202607,연립다세대_전월세,거풍2,남가좌동,5-232,30.66,,7350,0,2,10,2003,갱신,26.07~28.07,7000.0,,,,
서대문구,11410,연희동,202607,연립다세대_전월세,연세빌라,연희동,220-23,66.02,,22000,15,3,7,1991,신규,26.08~28.08,,,,,
서대문구,11410,북가좌동,202607,연립다세대_전월세,행복빌라(376-13),북가좌동,376-13,62.62,,16500,0,1,6,1992,신규,26.08~28.08,,,,,
서대문구,11410,북가좌동,202607,연립다세대_전월세,수진에코빌,북가좌동,340-31,13.48,,1000,60,4,8,2013,갱신,26.09~28.09,1000.0,60.0,사용,,
서대문구,11410,북아현동,202607,연립다세대_전월세,평화빌라,북아현동,1-270,58.44,,18000,0,1,9,1994,신규,26.08~28.08,,,,,
서대문구,11410,북아현동,202607,연립다세대_전월세,한양화이트빌,북아현동,1-242,66.58,,31500,5,3,9,2002,갱신,26.07~28.07,30000.0,,,,
서대문구,11410,북가좌동,202607,연립다세대_전월세,GS빌라(341-15),북가좌동,341-15,41.17,,6000,50,2,3,2012,신규,26.09~28.09,,,,,
서대문구,11410,북가좌동,202607,연립다세대_전월세,동인쉐르빌,북가좌동,294-23,26.51,,3000,95,3,9,2022,갱신,26.07~28.07,3000.0,90.0,사용,,
서대문구,11410,남가좌동,202607,연립다세대_전월세,거풍2,남가좌동,5-232,15.98,,400,35,2,8,2003,갱신,26.08~28.08,400.0,35.0,,,
서대문구,11410,북가좌동,202607,연립다세대_전월세,LG빌라(328-29),북가좌동,328-29,44.62,,17000,30,4,4,2008,신규,26.08~28.08,,,,,
서대문구,11410,연희동,202607,연립다세대_전월세,연희애가,연희동,89-24,52.82,,19000,4,2,8,2014,갱신,26.07~28.07,19000.0,,,,
서대문구,11410,남가좌동,202607,연립다세대_전월세,명지파크빌,남가좌동,5-246,63.13,,16000,30,4,4,1991,신규,26.08~28.08,,,,,
서대문구,11410,북가좌동,202607,연립다세대_전월세,한양빌라,북가좌동,349-29,45.15,,10000,0,-1,2,1991,신규,26.07~28.07,,,,,
서대문구,11410,연희동,202607,연립다세대_전월세,(100-1),연희동,100-1,47.08,,8450,9,3,8,2020,갱신,26.08~28.07,3042.0,40.0,,,
서대문구,11410,연희동,202607,연립다세대_전월세,경희빌라,연희동,151-151,62.31,,1000,55,-1,5,1978,신규,26.07~28.07,,,,,
서대문구,11410,창천동,202607,연립다세대_전월세,창천율도국인104동,창천동,232,24.08,,16000,0,3,2,2007,갱신,26.07~28.07,16000.0,,,,
서대문구,11410,연희동,202607,연립다세대_전월세,연희서가,연희동,28-5,19.55,,1000,73,2,1,2020,신규,26.08~27.08,,,,,
서대문구,11410,북가좌동,202607,연립다세대_전월세,거성주택,북가좌동,275-2,33,,2000,65,-1,7,1997,신규,26.07~28.07,,,,,
서대문구,11410,홍은동,202607,연립다세대_전월세,홍은리츠빌,홍은동,190-7,47.77,,14300,13,3,7,2002,갱신,26.08~28.08,13125.0,,,,
서대문구,11410,북가좌동,202607,연립다세대_전월세,이안쉐르빌,북가좌동,2-13,37.6,,13900,25,4,4,2008,신규,26.08~28.08,,,,,
서대문구,11410,북가좌동,202607,연립다세대_전월세,삼성모닝빌,북가좌동,276-25,39.04,,12900,35,5,4,2003,신규,26.08~28.08,,,,,
서대문구,11410,홍제동,202607,연립다세대_전월세,태양빌라,홍제동,267-19,56.64,,20000,0,1,7,1991,신규,26.09~28.09,,,,,
서대문구,11410,홍제동,202607,연립다세대_전월세,만민하늘애(353-2),홍제동,353-2,61.91,,1000,110,5,1,2012,신규,26.07~28.07,,,,,
서대문구,11410,홍제동,202607,연립다세대_전월세,브레라하우스,홍제동,156-484,47.12,,23000,0,4,2,2011,신규,26.09~28.09,,,,,
서대문구,11410,대현동,202607,연립다세대_전월세,MANSION90,대현동,90-53,21.82,,1000,125,9,1,2019,신규,26.07~27.07,,,,,
서대문구,11410,홍제동,202607,연립다세대_전월세,(460-2),홍제동,460-2,109.62,,45000,0,6,7,2003,신규,26.09~28.09,,,,,
서대문구,11410,연희동,202607,연립다세대_전월세,블레어빌,연희동,48-11,39.94,,32000,0,4,5,2018,신규,26.09~28.09,,,,,
서대문구,11410,연희동,202607,연립다세대_전월세,(723-5),연희동,723-5,34.01,,250,20,1,6,1983,신규,26.07~28.07,,,,,
서대문구,11410,연희동,202607,연립다세대_전월세,연희빌라트,연희동,51-137,56.59,,4000,140,4,6,1993,신규,26.08~28.08,,,,,
서대문구,11410,연희동,202607,연립다세대_전월세,연희빌라트,연희동,51-137,56.59,,4000,140,4,6,1993,신규,26.08~28.08,,,,,
서대문구,11410,대현동,202607,연립다세대_전월세,이대다올노블리움2차(비동),대현동,90-35,22.1,,20000,15,7,2,2018,신규,26.08~28.08,,,,,
서대문구,11410,창천동,202607,연립다세대_전월세,연세빌라,창천동,90-50,28.32,,10500,0,3,6,2001,갱신,26.07~28.07,10000.0,,,,
서대문구,11410,홍제동,202607,연립다세대_전월세,코스모스빌라,홍제동,267-8,29.07,,13000,0,-1,4,1987,신규,26.09~28.09,,,,,
서대문구,11410,홍제동,202607,연립다세대_전월세,만민하늘애(353-2),홍제동,353-2,61.91,,1000,110,5,1,2012,신규,26.07~28.07,,,,,
서대문구,11410,북가좌동,202607,연립다세대_전월세,청운하이츠(281-14),북가좌동,281-14,53.98,,5000,90,3,4,2008,신규,26.08~28.08,,,,,
서대문구,11410,홍제동,202607,연립다세대_전월세,만민하늘애(353-2),홍제동,353-2,61.91,,1000,110,5,1,2012,신규,26.07~28.07,,,,,
서대문구,11410,창천동,202607,연립다세대_전월세,스카이힐,창천동,419,14.52,,1000,52,1,4,2011,신규,26.08~27.08,,,,,
서대문구,11410,북가좌동,202607,연립다세대_전월세,(295-2),북가좌동,295-2,38.69,,3000,75,-1,3,1990,신규,26.07~28.07,,,,,
서대문구,11410,북가좌동,202607,연립다세대_전월세,IS빌리지,북가좌동,340-7,29.17,,10000,30,3,3,2014,신규,26.08~28.08,,,,,
서대문구,11410,북가좌동,202607,연립다세대_전월세,다인하우스(328-14),북가좌동,328-14,14.62,,500,49,3,3,2012,갱신,26.08~27.08,500.0,47.0,사용,,
서대문구,11410,영천동,202607,연립다세대_전월세,영천빌라,영천동,70-10,56.4,,5000,120,-1,3,2002,신규,26.08~28.11,,,,,
서대문구,11410,창천동,202607,연립다세대_전월세,PLACE422,창천동,4-22,26.25,,500,165,4,3,2025,신규,26.08~27.02,,,,,
서대문구,11410,홍제동,202607,연립다세대_전월세,(122-4),홍제동,122-4,26.78,,21000,4,2,1,2020,신규,26.08~28.08,,,,,
서대문구,11410,홍제동,202607,연립다세대_전월세,성오빌라,홍제동,313-33,36.27,,500,50,-1,2,1986,신규,26.07~27.07,,,,,
서대문구,11410,남가좌동,202607,연립다세대_전월세,명지하우스,남가좌동,341-17,13.68,,500,39,3,2,2012,신규,26.07~27.07,,,,,
서대문구,11410,북가좌동,202607,연립다세대_전월세,(6-6),북가좌동,6-6,34.29,,11000,30,1,1,1990,신규,26.07~28.07,,,,,
서대문구,11410,북가좌동,202607,연립다세대_전월세,영창캐슬,북가좌동,339-11,45.7,,2000,77,2,1,2016,신규,26.07~28.06,,,,,
서대문구,11410,연희동,202607,연립다세대_전월세,(132-47),연희동,132-47,16.86,,8000,9,4,1,2012,신규,26.08~28.08,,,,,
서대문구,11410,북가좌동,202607,연립다세대_전월세,(6-6),북가좌동,6-6,34.29,,11000,30,1,1,1990,신규,26.07~28.07,,,,,
서대문구,11410,북아현동,202607,연립다세대_전월세,정우빌라,북아현동,1-1755,76.05,,20000,0,1,1,1990,신규,26.07~28.06,,,,,
서대문구,11410,홍은동,202607,아파트_전월세,"현대(1,2차)",홍은동,202-5,59.97,,44000,0,10,9,1988,,,,,,,
서대문구,11410,홍은동,202607,아파트_전월세,풍림2,홍은동,453-2,66.69,,36000,0,4,29,1990,,,,,,,
서대문구,11410,홍은동,202607,아파트_전월세,풍림2,홍은동,453-2,66.69,,36000,0,4,29,1990,,,,,,,
서대문구,11410,연희동,202607,아파트_전월세,대우푸르지오,연희동,739,59.584,,4000,220,18,28,2002,,,,,,,
서대문구,11410,홍제동,202607,아파트_전월세,홍제삼성래미안,홍제동,461,32.76,,26000,0,10,11,2001,,,,,,,
서대문구,11410,남가좌동,202607,아파트_전월세,디엠씨엘가,남가좌동,387,30.36,,29400,0,11,10,2017,,,,,,,
서대문구,11410,남가좌동,202607,아파트_전월세,래미안남가좌2차,남가좌동,379,59.788,,40000,0,5,1,2005,,,,,,,
서대문구,11410,홍은동,202607,아파트_전월세,북한산두산위브2차,홍은동,468,59.7501,,19350,27,12,13,2021,신규,26.07~28.09,,,,,
서대문구,11410,대현동,202607,아파트_전월세,신촌럭키,대현동,144,59.7,,45000,0,2,29,1999,신규,26.11~28.11,,,,,
서대문구,11410,현저동,202607,아파트_전월세,독립문파크빌,현저동,1019,59.4,,43000,0,7,3,2000,신규,26.09~28.09,,,,,
서대문구,11410,홍제동,202607,아파트_전월세,서대문푸르지오센트럴파크,홍제동,478,34.9,,3996,39,12,16,2023,신규,26.07~28.09,,,,,
서대문구,11410,합동,202607,아파트_전월세,에스케이뷰,합동,118,84.909,,5000,380,8,21,2008,신규,26.11~28.11,,,,,
서대문구,11410,남가좌동,202607,아파트_전월세,남가좌동현대,남가좌동,376,114.9,,69000,0,4,30,1999,갱신,26.08~28.08,64000.0,,,,
서대문구,11410,현저동,202607,아파트_전월세,독립문극동(200-0),현저동,200,114.51,,50000,0,3,20,1998,신규,26.08~28.08,,,,,
서대문구,11410,남가좌동,202607,아파트_전월세,DMC센트럴아이파크,남가좌동,388,84.9,,81000,0,15,24,2018,갱신,26.10~28.10,75000.0,,,,
서대문구,11410,북아현동,202607,아파트_전월세,힐스테이트신촌,북아현동,1017,84.9557,,86000,0,4,17,2023,갱신,26.09~28.09,71600.0,,,,
서대문구,11410,홍은동,202607,아파트_전월세,e편한세상서대문,홍은동,469,59.991,,10000,240,6,24,2023,신규,26.09~28.09,,,,,
서대문구,11410,북아현동,202607,아파트_전월세,e편한세상신촌1단지,북아현동,1013,59.85,,76650,0,11,30,2018,갱신,26.09~28.09,73000.0,,사용,,
서대문구,11410,연희동,202607,아파트_전월세,성원,연희동,740,59.61,,35000,28,5,7,2001,갱신,26.07~28.07,35000.0,20.0,사용,,
서대문구,11410,연희동,202607,아파트_전월세,연희궁,연희동,196-1,42.38,,1000,85,4,31,1972,신규,26.08~27.08,,,,,
서대문구,11410,대현동,202607,아파트_전월세,예스에이피엠,대현동,145,38.72,,2000,120,13,23,2007,신규,26.08~27.08,,,,,
서대문구,11410,홍제동,202607,아파트_전월세,금호어울림,홍제동,471,84.7861,,68000,0,11,24,2016,신규,26.09~28.09,,,,,
서대문구,11410,홍은동,202607,아파트_전월세,동원베네스트,홍은동,463,84.9772,,53000,0,7,30,2012,신규,26.10~28.10,,,,,
서대문구,11410,홍제동,202607,아파트_전월세,홍제원현대(459-0),홍제동,459,59.93,,10000,0,4,26,2000,신규,26.07~28.07,,,,,
서대문구,11410,북아현동,202607,아파트_전월세,e편한세상신촌1단지,북아현동,1013,59.85,,80000,0,3,10,2018,신규,26.10~28.10,,,,,
서대문구,11410,연희동,202607,아파트_전월세,연희자이엘라,연희동,745,13.642,,500,75,3,11,2014,신규,26.08~27.08,,,,,
서대문구,11410,남가좌동,202607,아파트_전월세,DMC파크뷰자이1단지,남가좌동,385,84.968,,77700,0,3,25,2015,갱신,26.09~28.09,74000.0,,사용,,
서대문구,11410,홍은동,202607,아파트_전월세,북한산두산위브,홍은동,467,59.84,,49350,0,2,17,2020,갱신,26.08~28.07,47000.0,,사용,,
서대문구,11410,남가좌동,202607,아파트_전월세,래미안남가좌2차,남가좌동,379,59.788,,40000,0,5,1,2005,신규,26.08~28.08,,,,,
서대문구,11410,남가좌동,202607,아파트_전월세,래미안루센티아,남가좌동,390,34.12,,7084,33,5,16,2020,갱신,26.08~28.07,8507.0,28.0,사용,,
서대문구,11410,연희동,202607,아파트_전월세,연희웨스트팰리스,연희동,746,13.12,,500,100,3,29,2014,신규,26.08~27.02,,,,,
서대문구,11410,대현동,202607,아파트_전월세,신촌자이엘라,대현동,104-36,25.21,,1000,125,22,25,2014,신규,26.08~28.01,,,,,
서대문구,11410,대현동,202607,아파트_전월세,신촌자이엘라,대현동,104-36,23.36,,1000,120,17,14,2014,갱신,26.08~27.08,1000.0,115.0,,,
서대문구,11410,북가좌동,202607,아파트_전월세,DMC래미안e편한세상,북가좌동,481,84.95,,85000,0,4,18,2012,신규,26.10~28.10,,,,,
서대문구,11410,천연동,202607,아파트_전월세,반석블레스포레,천연동,98-17,84.97,,68000,0,5,4,2024,갱신,26.08~28.08,65000.0,,사용,,
서대문구,11410,북아현동,202607,아파트_전월세,힐스테이트신촌,북아현동,1017,59.8404,,70000,0,3,31,2023,갱신,26.12~28.12,65000.0,,,,
서대문구,11410,현저동,202607,아파트_전월세,독립문파크빌,현저동,1019,59.4,,5000,160,8,21,2000,신규,26.10~28.09,,,,,
서대문구,11410,대현동,202607,아파트_전월세,파라타워,대현동,90-70,15.792,,500,97,4,15,2020,신규,26.08~27.08,,,,,
서대문구,11410,연희동,202607,아파트_전월세,연희리젠시빌,연희동,93-4,244.61,,0,1050,3,29,2001,신규,26.08~28.08,,,,,
서대문구,11410,홍은동,202607,아파트_전월세,"현대(1,2차)",홍은동,202-5,84.77,,50000,0,8,31,1988,신규,26.10~28.10,,,,,
서대문구,11410,북아현동,202607,아파트_전월세,힐스테이트신촌,북아현동,1017,84.968,,76073,55,14,17,2023,갱신,26.09~28.08,76073.0,,,,
서대문구,11410,남가좌동,202607,아파트_전월세,DMC금호리첸시아,남가좌동,396,59.8295,,40000,140,14,19,2024,신규,26.10~28.10,,,,,
서대문구,11410,남가좌동,202607,아파트_전월세,스타타워,남가좌동,269-1,30.97,,18050,42,15,1,2022,신규,26.09~27.09,,,,,
서대문구,11410,홍제동,202607,아파트_전월세,홍제역해링턴플레이스,홍제동,474,59.99,,73000,0,4,24,2024,갱신,26.09~28.09,63000.0,,,,
서대문구,11410,홍제동,202607,아파트_전월세,서울맨션,홍제동,315-7,48.69,,4000,55,2,1,1972,신규,26.08~28.08,,,,,
서대문구,11410,홍제동,202607,아파트_전월세,서대문푸르지오센트럴파크,홍제동,478,49.5,,62000,0,3,11,2023,신규,26.11~28.11,,,,,
서대문구,11410,북아현동,202607,아파트_전월세,e편한세상신촌4단지,북아현동,1013,84.89,,20000,370,14,18,2018,신규,26.08~28.08,,,,,
서대문구,11410,북아현동,202607,아파트_전월세,힐스테이트신촌,북아현동,1017,59.8404,,73500,0,6,18,2023,갱신,26.09~28.09,68000.0,,,,
서대문구,11410,충정로3가,202607,아파트_전월세,더스타일하우스디센트럴,충정로3가,480,26.5236,,7886,55,16,29,2020,갱신,26.08~27.08,7886.0,52.0,,,
서대문구,11410,북아현동,202607,아파트_전월세,화신,북아현동,1-78,58.4,,10000,65,2,28,2004,갱신,26.07~28.07,10000.0,65.0,,,
서대문구,11410,충정로3가,202607,아파트_전월세,더스타일하우스디센트럴,충정로3가,480,35.8514,,3580,35,23,28,2020,신규,26.07~28.09,,,,,
서대문구,11410,홍제동,202607,아파트_전월세,중앙하이츠,홍제동,342,97.74,,51000,0,14,18,2001,갱신,26.07~28.07,49000.0,,사용,,
서대문구,11410,홍은동,202607,아파트_전월세,홍은동벽산,홍은동,455,58.64,,34650,0,3,15,1997,갱신,26.09~28.09,33000.0,,사용,,
서대문구,11410,북가좌동,202607,아파트_전월세,DMC아이파크,북가좌동,458,114.94,,10000,300,5,14,2009,신규,26.08~28.08,,,,,
서대문구,11410,홍제동,202607,아파트_전월세,홍제역해링턴플레이스,홍제동,474,39.38,,9581,47,5,22,2024,신규,26.07~28.09,,,,,
서대문구,11410,남가좌동,202607,아파트_전월세,DMC센트럴아이파크,남가좌동,388,59.91,,60000,0,7,25,2018,신규,26.11~28.11,,,,,
서대문구,11410,연희동,202607,아파트_전월세,연희파크푸르지오,연희동,747,84.8003,,23000,200,13,14,2018,신규,26.08~28.08,,,,,
서대문구,11410,홍제동,202607,아파트_전월세,홍제역해링턴플레이스,홍제동,474,59.99,,40000,140,6,11,2024,신규,26.10~28.10,,,,,
서대문구,11410,북아현동,202607,아파트_전월세,경남102동,북아현동,1010,59.97,,29000,0,6,23,2008,갱신,26.08~27.04,29000.0,,,,
서대문구,11410,북아현동,202607,아파트_전월세,힐스테이트신촌,북아현동,1017,84.6043,,70000,90,11,26,2023,신규,26.08~28.08,,,,,
서대문구,11410,홍은동,202607,아파트_전월세,"현대(1,2차)",홍은동,202-5,59.97,,44000,0,10,9,1988,신규,26.09~28.09,,,,,
서대문구,11410,북아현동,202607,아파트_전월세,힐스테이트신촌,북아현동,1017,59.8404,,50000,105,12,11,2023,신규,26.08~28.08,,,,,
서대문구,11410,충정로3가,202607,아파트_전월세,미동,충정로3가,189-8,53.29,,5000,90,2,11,1969,신규,26.08~28.08,,,,,
서대문구,11410,홍은동,202607,아파트_전월세,북한산두산위브2차,홍은동,468,59.7501,,48000,0,10,25,2021,신규,26.10~28.10,,,,,
서대문구,11410,남가좌동,202607,아파트_전월세,DMC금호리첸시아,남가좌동,396,59.8295,,7000,250,8,29,2024,신규,26.09~28.09,,,,,
서대문구,11410,홍은동,202607,아파트_전월세,e편한세상서대문,홍은동,469,84.994,,80000,0,4,30,2023,신규,26.10~28.10,,,,,
서대문구,11410,홍제동,202607,아파트_전월세,홍제원현대(459-0),홍제동,459,59.93,,40000,30,2,23,2000,신규,26.09~28.09,,,,,
서대문구,11410,홍제동,202607,아파트_전월세,홍제역해링턴플레이스,홍제동,474,59.99,,73000,0,7,27,2024,갱신,26.11~28.11,52500.0,,,,
서대문구,11410,홍제동,202607,아파트_전월세,서대문푸르지오센트럴파크,홍제동,478,55.25,,55000,0,8,31,2023,갱신,26.10~28.10,53000.0,,사용,,
서대문구,11410,북아현동,202607,아파트_전월세,힐스테이트신촌,북아현동,1017,59.8404,,55000,65,12,29,2023,갱신,26.09~28.09,55000.0,40.0,,,
서대문구,11410,남가좌동,202607,아파트_전월세,DMC파크뷰자이3단지,남가좌동,385,59.981,,67000,0,19,20,2015,신규,26.10~28.10,,,,,
서대문구,11410,대현동,202607,아파트_전월세,예스에이피엠,대현동,145,38.72,,3000,130,11,14,2007,신규,26.08~27.08,,,,,
서대문구,11410,남가좌동,202607,아파트_전월세,DMC파크뷰자이1단지,남가좌동,385,84.968,,33900,180,13,11,2015,갱신,26.09~28.09,30000.0,180.0,,,
서대문구,11410,북가좌동,202607,아파트_전월세,DMC한양,북가좌동,431,65.34,,40000,0,12,27,1987,신규,26.09~28.09,,,,,
서대문구,11410,홍제동,202607,아파트_전월세,서대문푸르지오센트럴파크,홍제동,478,59.94,,5000,242,10,20,2023,갱신,27.01~29.01,5000.0,230.0,사용,,
서대문구,11410,대현동,202607,아파트_전월세,신촌자이엘라,대현동,104-36,25.21,,16500,60,23,21,2014,신규,26.08~28.08,,,,,
서대문구,11410,북아현동,202607,아파트_전월세,힐스테이트신촌,북아현동,1017,84.9557,,89000,0,6,20,2023,갱신,26.08~28.08,85000.0,,사용,,
서대문구,11410,충정로3가,202607,아파트_전월세,충정리시온,충정로3가,465,45.75,,2000,135,11,17,2004,신규,26.08~28.08,,,,,
서대문구,11410,홍은동,202607,아파트_전월세,극동,홍은동,454,84.92,,32550,0,4,22,1995,갱신,26.07~28.07,31000.0,,사용,,
서대문구,11410,연희동,202607,아파트_전월세,연희자이엘라,연희동,745,13.642,,1000,72,4,15,2014,신규,26.08~27.07,,,,,
서대문구,11410,남가좌동,202607,아파트_전월세,남가좌동현대,남가좌동,376,84.78,,10000,190,11,3,1999,갱신,26.07~28.07,10000.0,180.0,사용,,
서대문구,11410,홍은동,202607,아파트_전월세,서강1차(1동),홍은동,186-22,71.53,,29800,0,1,5,1988,신규,26.09~28.09,,,,,
서대문구,11410,합동,202607,아파트_전월세,에스케이뷰,합동,118,84.909,,80000,0,11,24,2008,갱신,26.10~28.10,75000.0,,,,
서대문구,11410,현저동,202607,아파트_전월세,독립문파크빌,현저동,1019,59.4,,5000,200,5,24,2000,신규,26.09~28.08,,,,,
서대문구,11410,홍제동,202607,아파트_전월세,홍제역해링턴플레이스,홍제동,474,84.95,,77700,0,13,11,2024,신규,26.10~28.10,,,,,
서대문구,11410,연희동,202607,아파트_전월세,연희웨스트팰리스,연희동,746,13.12,,1000,75,5,22,2014,신규,26.07~28.01,,,,,
서대문구,11410,홍제동,202607,아파트_전월세,청구3차,홍제동,462,59.4,,46500,0,3,30,2001,신규,26.12~28.12,,,,,
서대문구,11410,북아현동,202607,아파트_전월세,신촌푸르지오,북아현동,1011,59.8802,,72700,0,3,25,2015,갱신,26.10~27.12,69300.0,,사용,,
서대문구,11410,남가좌동,202607,아파트_전월세,DMC파크뷰자이1단지,남가좌동,385,84.974,,10000,340,19,23,2015,신규,26.08~28.08,,,,,
서대문구,11410,현저동,202607,아파트_전월세,독립문파크빌,현저동,1019,59.4,,3000,127,12,24,2000,갱신,26.09~28.09,3000.0,120.0,사용,,
서대문구,11410,남가좌동,202607,아파트_전월세,쌍용스윗닷홈,남가좌동,380,84.98,,41000,55,11,20,2005,갱신,26.09~28.09,41000.0,50.0,사용,,
서대문구,11410,북아현동,202607,아파트_전월세,e편한세상신촌4단지,북아현동,1013,59.9,,86100,0,13,11,2018,갱신,26.10~28.10,82000.0,,사용,,
서대문구,11410,충정로3가,202607,아파트_전월세,더스타일하우스디센트럴,충정로3가,480,26.5236,,5914,62,3,31,2020,신규,26.08~27.08,,,,,
서대문구,11410,연희동,202607,아파트_전월세,대우푸르지오,연희동,739,59.584,,25000,120,21,7,2002,신규,26.09~28.09,,,,,
서대문구,11410,남가좌동,202607,아파트_전월세,DMC에코자이,남가좌동,389,39.668,,13593,34,8,31,2019,갱신,26.08~28.07,11609.0,39.0,,,
서대문구,11410,홍은동,202607,아파트_전월세,HDX휴팰리스,홍은동,465,58.5597,,50000,0,17,31,2018,신규,26.10~28.10,,,,,
서대문구,11410,남가좌동,202607,아파트_전월세,남가좌동현대,남가좌동,376,114.9,,72000,0,5,31,1999,신규,26.10~28.10,,,,,
서대문구,11410,북아현동,202607,아파트_전월세,힐스테이트신촌,북아현동,1017,59.8404,,74500,0,8,25,2023,갱신,26.09~28.09,71000.0,,사용,,
서대문구,11410,홍제동,202607,아파트_전월세,홍제비콘드림힐,홍제동,468,84.946,,40000,80,3,10,2006,신규,26.09~28.09,,,,,
서대문구,11410,남가좌동,202607,아파트_전월세,DMC에코자이,남가좌동,389,59.79,,70000,0,18,31,2019,신규,26.11~28.11,,,,,
서대문구,11410,홍제동,202607,아파트_전월세,홍제센트럴IPARK,홍제동,473,59.9728,,40000,50,5,10,2020,갱신,26.08~28.08,40000.0,30.0,,,
서대문구,11410,충정로3가,202607,아파트_전월세,더스타일하우스디센트럴,충정로3가,480,17.6626,,5310,37,5,30,2020,갱신,26.08~27.08,5310.0,35.0,,,
서대문구,11410,충정로3가,202607,아파트_전월세,더스타일하우스디센트럴,충정로3가,480,39.8291,,11280,77,3,14,2020,갱신,26.08~27.08,11280.0,75.0,,,
서대문구,11410,홍은동,202607,아파트_전월세,북한산두산위브2차,홍은동,468,59.7501,,48000,0,8,26,2021,신규,26.10~28.10,,,,,
서대문구,11410,북가좌동,202607,아파트_전월세,DMC한양,북가좌동,431,105.88,,52000,0,7,30,1987,신규,26.10~28.10,,,,,
서대문구,11410,남가좌동,202607,아파트_전월세,남가좌동현대,남가좌동,376,84.78,,10000,195,6,21,1999,갱신,26.09~28.09,10000.0,180.0,,,
서대문구,11410,연희동,202607,아파트_전월세,대우푸르지오,연희동,739,59.584,,4000,220,18,28,2002,신규,26.10~28.10,,,,,
서대문구,11410,남가좌동,202607,아파트_전월세,래미안루센티아,남가좌동,390,84.83,,75000,60,12,30,2020,신규,26.10~28.10,,,,,
서대문구,11410,북아현동,202607,아파트_전월세,힐스테이트신촌,북아현동,1017,55.9706,,70350,0,20,20,2023,갱신,26.08~28.08,67000.0,,사용,,
서대문구,11410,북아현동,202607,아파트_전월세,우민A,북아현동,1-50,77.25,,36000,20,7,23,2001,신규,26.09~28.09,,,,,
서대문구,11410,냉천동,202607,아파트_전월세,돈의문센트레빌,냉천동,261,84.99,,10000,274,1,31,2011,갱신,26.08~28.08,10000.0,260.0,사용,,
서대문구,11410,남가좌동,202607,아파트_전월세,DMC파크뷰자이3단지,남가좌동,385,84.99,,71000,0,12,31,2015,갱신,26.09~28.09,68000.0,,사용,,
서대문구,11410,북아현동,202607,아파트_전월세,힐스테이트신촌,북아현동,1017,84.9715,,81900,0,13,30,2023,신규,26.09~28.09,,,,,
서대문구,11410,북가좌동,202607,아파트_전월세,DMC래미안e편한세상,북가좌동,481,84.93,,70000,40,8,30,2012,갱신,26.09~28.09,70000.0,,,,
서대문구,11410,북아현동,202607,아파트_전월세,두산,북아현동,1009,59.96,,29000,63,1,29,1999,갱신,26.08~28.08,29000.0,55.0,사용,,
서대문구,11410,홍제동,202607,아파트_전월세,청구1차,홍제동,453,84.78,,63000,0,11,30,1994,신규,26.10~28.10,,,,,
서대문구,11410,남가좌동,202607,아파트_전월세,DMC파크뷰자이2단지,남가좌동,385,59.981,,66150,0,2,30,2015,갱신,26.10~28.10,63000.0,,사용,,
서대문구,11410,남가좌동,202607,아파트_전월세,DMC에코자이,남가좌동,389,72.969,,70000,0,9,11,2019,신규,26.07~28.07,,,,,
서대문구,11410,현저동,202607,아파트_전월세,독립문극동(200-0),현저동,200,59.58,,36000,46,3,30,1998,신규,26.09~28.09,,,,,
서대문구,11410,현저동,202607,아파트_전월세,독립문극동(200-0),현저동,200,84.87,,75000,0,11,30,1998,신규,26.08~28.08,,,,,
서대문구,11410,홍제동,202607,아파트_전월세,홍제센트럴IPARK,홍제동,473,84.9728,,20000,170,11,29,2020,갱신,26.09~26.12,20000.0,170.0,,,
서대문구,11410,연희동,202607,아파트_전월세,연희파크푸르지오,연희동,747,84.8003,,65000,25,10,15,2018,신규,26.10~28.10,,,,,
서대문구,11410,북가좌동,202607,아파트_전월세,DMC한양,북가좌동,431,84.33,,13000,120,9,22,1987,신규,27.01~29.01,,,,,
서대문구,11410,남가좌동,202607,아파트_전월세,래미안루센티아,남가좌동,390,59.98,,10000,240,7,30,2020,신규,26.09~28.09,,,,,
서대문구,11410,남가좌동,202607,아파트_전월세,래미안루센티아,남가좌동,390,84.95,,84000,0,17,30,2020,신규,26.09~28.09,,,,,
서대문구,11410,충정로3가,202607,아파트_전월세,더스타일하우스디센트럴,충정로3가,480,35.3732,,7550,77,16,29,2020,신규,26.08~27.08,,,,,
서대문구,11410,충정로3가,202607,아파트_전월세,더스타일하우스디센트럴,충정로3가,480,21.056,,6260,43,15,23,2020,갱신,26.08~28.08,6260.0,42.0,,,
서대문구,11410,홍제동,202607,아파트_전월세,홍제삼성래미안,홍제동,461,32.76,,31500,0,9,30,2001,갱신,26.09~28.09,30000.0,,사용,,
서대문구,11410,홍제동,202607,아파트_전월세,서대문푸르지오센트럴파크,홍제동,478,55.25,,52000,0,1,29,2023,갱신,26.08~28.08,50000.0,,사용,,
서대문구,11410,홍제동,202607,아파트_전월세,서대문푸르지오센트럴파크,홍제동,478,84.95,,40000,207,1,29,2023,갱신,26.09~28.09,40000.0,190.0,사용,,
서대문구,11410,북아현동,202607,아파트_전월세,신촌푸르지오,북아현동,1011,59.9973,,62512,0,4,29,2015,신규,26.10~28.01,,,,,
서대문구,11410,충정로3가,202607,아파트_전월세,충정리시온,충정로3가,465,45.75,,38000,8,9,29,2004,갱신,26.08~28.08,38000.0,,,,
서대문구,11410,북아현동,202607,아파트_전월세,힐스테이트신촌,북아현동,1017,84.6043,,82900,0,16,29,2023,갱신,26.08~28.08,79000.0,,사용,,
서대문구,11410,영천동,202607,아파트_전월세,독립문삼호,영천동,100,84.78,,66000,0,5,25,1995,신규,26.11~28.11,,,,,
서대문구,11410,홍은동,202607,아파트_전월세,유원,홍은동,22,64.26,,10000,125,12,7,1987,신규,26.07~28.07,,,,,
서대문구,11410,홍제동,202607,아파트_전월세,서대문푸르지오센트럴파크,홍제동,478,59.94,,20000,240,17,25,2023,갱신,27.01~29.01,51400.0,,,,
서대문구,11410,충정로3가,202607,아파트_전월세,더스타일하우스디센트럴,충정로3가,480,35.8514,,7162,28,23,28,2020,신규,26.07~28.09,,,,,
서대문구,11410,홍은동,202607,아파트_전월세,북한산두산위브,홍은동,467,40.07,,11564,39,3,29,2020,갱신,26.08~28.07,11014.0,37.0,,,
서대문구,11410,충정로3가,202607,아파트_전월세,더스타일하우스디센트럴,충정로3가,480,17.6626,,3990,42,14,23,2020,갱신,26.08~27.08,3990.0,41.0,,,
서대문구,11410,홍제동,202607,아파트_전월세,제일아파트,홍제동,470,84.12,,46000,0,7,28,2015,갱신,26.08~28.08,45000.0,,사용,,
서대문구,11410,홍제동,202607,아파트_전월세,홍제삼성래미안,홍제동,461,84.33,,68000,0,9,24,2001,신규,26.07~28.07,,,,,
서대문구,11410,북아현동,202607,아파트_전월세,e편한세상신촌3단지,북아현동,1013,59.97,,83000,0,2,17,2018,신규,26.10~28.10,,,,,
서대문구,11410,홍은동,202607,아파트_전월세,북한산더샵,홍은동,464,59.899,,58800,0,4,28,2017,갱신,26.10~28.10,56000.0,,사용,,
서대문구,11410,냉천동,202607,아파트_전월세,돈의문센트레빌,냉천동,261,114.98,,40000,250,11,6,2011,신규,26.09~28.09,,,,,
서대문구,11410,홍제동,202607,아파트_전월세,홍제센트럴IPARK,홍제동,473,59.9728,,57500,0,8,4,2020,갱신,26.09~28.09,55000.0,,사용,,
서대문구,11410,북아현동,202607,아파트_전월세,e편한세상신촌1단지,북아현동,1013,59.85,,75000,0,1,27,2018,신규,26.10~28.10,,,,,
서대문구,11410,남가좌동,202607,아파트_전월세,DMC금호리첸시아,남가좌동,396,84.9901,,85000,0,22,23,2024,갱신,26.09~28.08,70000.0,,,,
서대문구,11410,북아현동,202607,아파트_전월세,신촌푸르지오,북아현동,1011,84.9559,,70000,100,11,28,2015,신규,26.08~28.08,,,,,
서대문구,11410,창천동,202607,아파트_전월세,엘르빌,창천동,506-27,106.69,,10000,225,1,28,2001,신규,26.09~28.08,,,,,
서대문구,11410,연희동,202607,아파트_전월세,시민,연희동,188-41,57.69,,3000,63,1,12,1978,갱신,26.08~28.08,3000.0,60.0,,,
서대문구,11410,남가좌동,202607,아파트_전월세,DMC에코자이,남가좌동,389,39.885,,12912,32,7,28,2019,갱신,26.08~28.07,11029.0,37.0,,,
서대문구,11410,홍제동,202607,아파트_전월세,인왕산벽산,홍제동,465,84.63,,20000,170,5,26,2003,신규,26.09~28.09,,,,,
서대문구,11410,남가좌동,202607,아파트_전월세,DMC에코자이,남가좌동,389,72.845,,71000,0,2,27,2019,신규,26.10~28.10,,,,,
서대문구,11410,홍제동,202607,아파트_전월세,홍제삼성래미안,홍제동,461,84.33,,54000,0,8,11,2001,갱신,26.08~28.08,52000.0,,사용,,
서대문구,11410,북아현동,202607,아파트_전월세,힐스테이트신촌,북아현동,1017,59.8404,,71190,0,3,25,2023,갱신,26.09~28.09,67800.0,,사용,,
서대문구,11410,북아현동,202607,아파트_전월세,힐스테이트신촌,북아현동,1017,52.8449,,6680,65,6,14,2023,신규,26.07~28.09,,,,,
서대문구,11410,홍은동,202607,아파트_전월세,홍은동벽산,홍은동,455,84.78,,21000,95,4,27,1997,갱신,26.09~28.09,20000.0,90.0,사용,,
서대문구,11410,남가좌동,202607,아파트_전월세,DMC파크뷰자이1단지,남가좌동,385,84.971,,74500,0,13,27,2015,갱신,26.08~28.08,71000.0,,사용,,
서대문구,11410,북아현동,202607,아파트_전월세,힐스테이트신촌,북아현동,1017,84.9557,,10000,350,2,25,2023,신규,26.09~28.09,,,,,
서대문구,11410,충정로3가,202607,아파트_전월세,더스타일하우스디센트럴,충정로3가,480,35.3732,,7063,28,14,27,2020,신규,26.07~28.09,,,,,
서대문구,11410,남가좌동,202607,아파트_전월세,DMC센트럴아이파크,남가좌동,388,59.8,,59850,0,4,11,2018,갱신,26.07~28.07,57000.0,,사용,,
서대문구,11410,북아현동,202607,아파트_전월세,두산,북아현동,1009,59.96,,55000,10,3,20,1999,갱신,26.07~28.07,55000.0,,,,
서대문구,11410,홍제동,202607,아파트_전월세,청구1차,홍제동,453,84.78,,58000,0,7,25,1994,신규,26.08~28.08,,,,,
서대문구,11410,북아현동,202607,아파트_전월세,e편한세상신촌1단지,북아현동,1013,59.85,,75000,0,10,25,2018,신규,26.08~28.08,,,,,
서대문구,11410,북가좌동,202607,아파트_전월세,대경아르체,북가좌동,488,28.36,,27000,0,3,27,2018,신규,26.09~28.09,,,,,
서대문구,11410,연희동,202607,아파트_전월세,연희파크푸르지오,연희동,747,59.9835,,14080,56,3,27,2018,신규,26.08~28.10,,,,,
서대문구,11410,북아현동,202607,아파트_전월세,두산,북아현동,1009,59.96,,45000,60,8,25,1999,신규,26.09~28.09,,,,,
서대문구,11410,북가좌동,202607,아파트_전월세,DMC래미안e편한세상,북가좌동,481,39.96,,1175,23,2,27,2012,갱신,26.08~28.07,2938.0,19.0,,,
서대문구,11410,남가좌동,202607,아파트_전월세,DMC파크뷰자이1단지,남가좌동,385,84.971,,45000,190,14,24,2015,신규,26.10~28.10,,,,,
서대문구,11410,홍제동,202607,아파트_전월세,청구1차,홍제동,453,84.78,,42000,0,10,25,1994,신규,26.08~26.11,,,,,
서대문구,11410,북아현동,202607,아파트_전월세,두산,북아현동,1009,59.96,,56000,0,18,25,1999,신규,26.09~28.09,,,,,
서대문구,11410,홍제동,202607,아파트_전월세,홍제역해링턴플레이스,홍제동,474,39.38,,9581,47,9,20,2024,신규,26.07~28.09,,,,,
서대문구,11410,남가좌동,202607,아파트_전월세,디엠씨엘가,남가좌동,387,13.03,,1000,72,13,13,2017,신규,26.07~27.07,,,,,
서대문구,11410,북아현동,202607,아파트_전월세,e편한세상신촌4단지,북아현동,1013,84.89,,20000,370,14,18,2018,신규,26.08~28.08,,,,,
서대문구,11410,홍제동,202607,아파트_전월세,홍제역해링턴플레이스,홍제동,474,84.99,,70000,0,16,25,2024,신규,26.10~28.10,,,,,
서대문구,11410,홍제동,202607,아파트_전월세,홍제역해링턴플레이스,홍제동,474,84.95,,30000,220,15,25,2024,신규,26.08~28.08,,,,,
서대문구,11410,북가좌동,202607,아파트_전월세,DMC래미안e편한세상,북가좌동,481,153.25,,122000,0,2,25,2012,갱신,26.09~28.09,118000.0,,사용,,
서대문구,11410,남가좌동,202607,아파트_전월세,래미안남가좌2차,남가좌동,379,59.788,,65000,0,14,25,2005,신규,26.10~28.10,,,,,
서대문구,11410,북아현동,202607,아파트_전월세,힐스테이트신촌,북아현동,1017,84.6043,,70000,90,11,26,2023,갱신,26.08~28.08,70000.0,80.0,,,
서대문구,11410,북아현동,202607,아파트_전월세,e편한세상신촌4단지,북아현동,1013,59.9,,84000,0,4,20,2018,신규,26.09~28.09,,,,,
서대문구,11410,영천동,202607,아파트_전월세,독립문삼호,영천동,100,84.78,,69000,0,16,4,1995,신규,26.09~28.09,,,,,
서대문구,11410,홍제동,202607,아파트_전월세,홍제센트럴IPARK,홍제동,473,84.9728,,78750,0,6,25,2020,갱신,26.10~28.10,75000.0,,사용,,
서대문구,11410,연희동,202607,아파트_전월세,성원,연희동,740,84.95,,10000,170,6,27,2001,신규,26.09~28.09,,,,,
서대문구,11410,홍제동,202607,아파트_전월세,서대문푸르지오센트럴파크,홍제동,478,55.25,,52000,0,2,25,2023,신규,26.11~28.11,,,,,
서대문구,11410,충정로3가,202607,아파트_전월세,더스타일하우스디센트럴,충정로3가,480,26.5236,,7886,54,5,24,2020,갱신,26.08~27.08,7886.0,51.0,,,
서대문구,11410,북가좌동,202607,아파트_전월세,DMC한양,북가좌동,431,84.33,,20000,100,13,25,1987,갱신,26.09~28.09,20000.0,90.0,,,
서대문구,11410,홍제동,202607,아파트_전월세,홍제한양,홍제동,82,60.06,,28000,40,8,25,1993,갱신,26.08~27.01,28000.0,40.0,,,
서대문구,11410,북가좌동,202607,아파트_전월세,DMC래미안e편한세상,북가좌동,481,84.95,,85000,0,13,25,2012,신규,26.10~28.10,,,,,
서대문구,11410,연희동,202607,아파트_전월세,연희파크푸르지오,연희동,747,112.8619,,82240,0,13,17,2018,신규,26.09~28.09,,,,,
서대문구,11410,충정로3가,202607,아파트_전월세,더스타일하우스디센트럴,충정로3가,480,26.5236,,5914,62,4,24,2020,신규,26.08~27.08,,,,,
서대문구,11410,충정로3가,202607,아파트_전월세,더스타일하우스디센트럴,충정로3가,480,17.6626,,3990,42,25,24,2020,신규,26.08~27.08,,,,,
서대문구,11410,남가좌동,202607,아파트_전월세,DMC파크뷰자이2단지,남가좌동,385,59.981,,66150,0,16,25,2015,갱신,26.09~28.09,63000.0,,,,
서대문구,11410,남가좌동,202607,아파트_전월세,DMC파크뷰자이1단지,남가좌동,385,84.971,,30000,189,13,8,2015,갱신,26.08~28.08,30000.0,180.0,사용,,
서대문구,11410,현저동,202607,아파트_전월세,독립문파크빌,현저동,1019,59.4,,40000,0,3,25,2000,신규,26.08~28.08,,,,,
서대문구,11410,연희동,202607,아파트_전월세,성원,연희동,740,59.61,,34125,0,8,25,2001,갱신,26.07~28.07,32500.0,,사용,,
서대문구,11410,북가좌동,202607,아파트_전월세,DMC두산위브,북가좌동,459,84.9623,,50000,0,10,25,2007,갱신,26.07~28.07,44000.0,,,,
서대문구,11410,충정로3가,202607,아파트_전월세,글로리,충정로3가,32-10,122.47,,35000,50,2,11,2001,신규,26.08~28.08,,,,,
서대문구,11410,남가좌동,202607,아파트_전월세,DMC파크뷰자이1단지,남가좌동,385,84.968,,82000,0,11,25,2015,신규,26.10~28.10,,,,,
서대문구,11410,남가좌동,202607,아파트_전월세,DMC금호리첸시아,남가좌동,396,59.9772,,68000,0,17,15,2024,갱신,26.08~28.08,61950.0,,,,
서대문구,11410,북아현동,202607,아파트_전월세,신촌헤리센트,북아현동,998,29.86,,100,75,2,23,2022,신규,26.07~28.09,,,,,
서대문구,11410,북아현동,202607,아파트_전월세,경남102동,북아현동,1010,59.97,,29000,0,6,23,2008,갱신,26.08~27.04,29000.0,,,,
서대문구,11410,대신동,202607,아파트_전월세,메이즈,대신동,144,14.7,,500,53,2,7,2013,신규,26.07~27.07,,,,,
서대문구,11410,홍제동,202607,아파트_전월세,청구1차,홍제동,453,84.78,,54000,0,11,23,1994,갱신,26.07~28.07,54000.0,,사용,,
서대문구,11410,남가좌동,202607,아파트_전월세,래미안루센티아,남가좌동,390,84.84,,78000,0,2,20,2020,갱신,26.09~28.09,75000.0,,사용,,
서대문구,11410,현저동,202607,아파트_전월세,독립문극동(200-0),현저동,200,84.87,,26250,152,13,18,1998,갱신,26.08~28.08,25000.0,145.0,사용,,
서대문구,11410,남가좌동,202607,아파트_전월세,래미안루센티아,남가좌동,390,59.98,,55000,0,5,23,2020,신규,26.10~28.10,,,,,
서대문구,11410,홍제동,202607,아파트_전월세,서대문푸르지오센트럴파크,홍제동,478,55.25,,57750,0,14,24,2023,갱신,26.07~28.08,55000.0,,사용,,
서대문구,11410,북아현동,202607,아파트_전월세,e편한세상신촌2단지,북아현동,1013,114.89,,102000,0,11,15,2018,갱신,26.09~28.09,98000.0,,사용,,
서대문구,11410,충정로3가,202607,아파트_전월세,더스타일하우스디센트럴,충정로3가,480,21.056,,6260,42,6,23,2020,갱신,26.08~28.08,6260.0,40.0,,,
서대문구,11410,홍제동,202607,아파트_전월세,홍제원현대(459-0),홍제동,459,59.93,,10000,140,10,23,2000,신규,26.07~28.07,,,,,
서대문구,11410,남가좌동,202607,아파트_전월세,DMC파크뷰자이1단지,남가좌동,385,84.971,,80000,0,29,23,2015,신규,26.08~28.07,,,,,
서대문구,11410,창천동,202607,아파트_전월세,3RU-City,창천동,510-2,16.93,,1000,92,5,13,2013,갱신,26.09~27.09,10000.0,87.0,사용,,
서대문구,11410,남가좌동,202607,아파트_전월세,DMC센트럴아이파크,남가좌동,388,84.97,,82000,0,14,14,2018,신규,26.08~28.08,,,,,
서대문구,11410,남가좌동,202607,아파트_전월세,DMC에코자이,남가좌동,389,72.969,,70000,0,9,11,2019,신규,26.08~28.08,,,,,
서대문구,11410,홍은동,202607,아파트_전월세,힐스테이트홍은포레스트,홍은동,470,59.84,,55000,0,7,12,2023,신규,26.08~28.08,,,,,
서대문구,11410,홍제동,202607,아파트_전월세,홍제원현대(459-0),홍제동,459,59.93,,40000,30,2,23,2000,신규,26.09~28.09,,,,,
서대문구,11410,북아현동,202607,아파트_전월세,신촌헤리센트,북아현동,998,29.86,,100,77,3,23,2022,신규,26.07~28.09,,,,,
서대문구,11410,북아현동,202607,아파트_전월세,e편한세상신촌1단지,북아현동,1013,84.95,,98000,0,12,11,2018,신규,26.10~28.10,,,,,
서대문구,11410,홍은동,202607,아파트_전월세,북한산두산위브,홍은동,467,33.05,,8166,27,3,23,2020,갱신,26.08~28.07,7778.0,26.0,,,
서대문구,11410,남가좌동,202607,아파트_전월세,DMC파크뷰자이4단지,남가좌동,385,59.981,,5000,270,8,15,2015,신규,26.09~28.09,,,,,
서대문구,11410,홍제동,202607,아파트_전월세,홍제한양,홍제동,82,60.06,,40000,0,4,17,1993,갱신,26.09~28.09,10000.0,110.0,,,
서대문구,11410,냉천동,202607,아파트_전월세,돈의문센트레빌,냉천동,261,59.98,,59800,0,3,23,2011,신규,26.10~28.10,,,,,
서대문구,11410,북아현동,202607,아파트_전월세,경남102동,북아현동,1010,59.97,,29000,0,6,23,2008,갱신,26.08~27.04,29000.0,,,,
서대문구,11410,북아현동,202607,아파트_전월세,힐스테이트신촌,북아현동,1017,84.9136,,77000,14,14,11,2023,신규,26.11~28.11,,,,,
서대문구,11410,홍제동,202607,아파트_전월세,청구1차,홍제동,453,84.78,,61000,0,1,23,1994,신규,26.08~29.08,,,,,
서대문구,11410,북가좌동,202607,아파트_전월세,DMC래미안e편한세상,북가좌동,481,59.97,,58500,0,10,18,2012,갱신,26.09~28.09,56000.0,,사용,,
서대문구,11410,북아현동,202607,아파트_전월세,e편한세상신촌2단지,북아현동,1013,84.93,,99750,0,13,23,2018,갱신,26.10~28.10,95000.0,,사용,,
서대문구,11410,연희동,202607,아파트_전월세,연희웨스트팰리스,연희동,746,13.12,,1000,74,9,20,2014,신규,26.07~27.07,,,,,
서대문구,11410,북아현동,202607,아파트_전월세,비버리힐,북아현동,1-422,117.27,,52000,0,4,22,2005,갱신,26.07~28.07,50000.0,,,,
서대문구,11410,북아현동,202607,아파트_전월세,신촌헤리센트,북아현동,998,29.86,,100,79,7,23,2022,신규,26.07~28.09,,,,,
서대문구,11410,북아현동,202607,아파트_전월세,e편한세상신촌1단지,북아현동,1013,84.93,,95000,0,13,23,2018,신규,26.10~28.10,,,,,
서대문구,11410,홍은동,202607,아파트_전월세,동원베네스트,홍은동,463,59.9554,,23152,0,5,23,2012,갱신,26.08~28.07,22050.0,,,,
서대문구,11410,홍은동,202607,아파트_전월세,힐스테이트홍은포레스트,홍은동,470,59.84,,21000,136,7,10,2023,갱신,26.08~28.08,20000.0,130.0,사용,,
서대문구,11410,북가좌동,202607,아파트_전월세,DMC래미안e편한세상,북가좌동,481,84.95,,70000,0,4,23,2012,갱신,26.09~28.09,70000.0,,,,
서대문구,11410,북가좌동,202607,아파트_전월세,DMC래미안e편한세상,북가좌동,481,84.95,,69800,0,12,23,2012,갱신,26.08~28.08,66500.0,,사용,,
서대문구,11410,연희동,202607,아파트_전월세,대우푸르지오,연희동,739,59.584,,55000,0,12,5,2002,신규,26.09~28.09,,,,,
서대문구,11410,홍은동,202607,아파트_전월세,동원베네스트,홍은동,463,59.9554,,23546,0,2,22,2012,갱신,26.08~28.07,22425.0,,,,
서대문구,11410,남가좌동,202607,아파트_전월세,DMC에코자이,남가좌동,389,39.885,,16030,42,5,22,2019,갱신,26.08~28.07,11609.0,39.0,,,
서대문구,11410,북가좌동,202607,아파트_전월세,DMC래미안e편한세상,북가좌동,481,84.95,,83000,0,2,22,2012,신규,26.09~28.09,,,,,
서대문구,11410,홍은동,202607,아파트_전월세,극동,홍은동,454,84.92,,32550,0,4,22,1995,갱신,26.08~28.08,31000.0,,사용,,
서대문구,11410,북아현동,202607,아파트_전월세,신촌헤리센트,북아현동,998,29.86,,5000,150,8,2,2022,신규,26.07~27.07,,,,,
서대문구,11410,북가좌동,202607,아파트_전월세,DMC래미안e편한세상,북가좌동,481,120.93,,100000,0,13,22,2012,갱신,26.09~28.09,84000.0,,,,
서대문구,11410,북아현동,202607,아파트_전월세,e편한세상신촌2단지,북아현동,1013,114.89,,133000,0,10,20,2018,신규,26.10~28.10,,,,,
서대문구,11410,남가좌동,202607,아파트_전월세,래미안루센티아,남가좌동,390,34.12,,9980,24,5,10,2020,갱신,26.08~28.07,9559.0,22.0,,,
서대문구,11410,북아현동,202607,아파트_전월세,힐스테이트신촌,북아현동,1017,59.8404,,54600,63,8,4,2023,갱신,26.08~28.08,52000.0,60.0,사용,,
서대문구,11410,충정로3가,202607,아파트_전월세,더스타일하우스디센트럴,충정로3가,480,17.6626,,5310,37,24,16,2020,갱신,26.08~27.08,5310.0,35.0,,,
서대문구,11410,충정로3가,202607,아파트_전월세,더스타일하우스디센트럴,충정로3가,480,35.8514,,7650,79,15,22,2020,신규,26.08~28.08,,,,,
서대문구,11410,홍은동,202607,아파트_전월세,북한산두산위브,홍은동,467,33.05,,11320,40,2,22,2020,신규,26.07~28.09,,,,,
서대문구,11410,남가좌동,202607,아파트_전월세,래미안루센티아,남가좌동,390,84.95,,1000,90,9,11,2020,신규,26.09~28.09,,,,,
서대문구,11410,홍은동,202607,아파트_전월세,e편한세상서대문,홍은동,469,84.994,,55000,0,11,11,2023,신규,26.09~28.09,,,,,
서대문구,11410,남가좌동,202607,아파트_전월세,DMC파크뷰자이2단지,남가좌동,385,84.968,,70000,0,7,22,2015,신규,26.08~28.08,,,,,
서대문구,11410,현저동,202607,아파트_전월세,독립문극동(200-0),현저동,200,59.58,,10000,200,23,21,1998,갱신,26.07~28.07,5000.0,150.0,,,
서대문구,11410,연희동,202607,아파트_전월세,대우푸르지오,연희동,739,59.584,,20000,130,16,22,2002,신규,26.09~28.09,,,,,
서대문구,11410,홍제동,202607,아파트_전월세,홍제현대,홍제동,331,75.15,,35000,40,2,17,1992,신규,26.09~28.09,,,,,
서대문구,11410,홍제동,202607,아파트_전월세,홍제역해링턴플레이스,홍제동,474,39.38,,11977,42,5,22,2024,신규,26.07~28.09,,,,,
서대문구,11410,북아현동,202607,아파트_전월세,힐스테이트신촌,북아현동,1017,84.9557,,86000,0,4,17,2023,갱신,26.09~28.09,71600.0,,,,
서대문구,11410,대현동,202607,아파트_전월세,신촌럭키,대현동,144,59.7,,45000,0,2,21,1999,신규,26.09~28.09,,,,,
서대문구,11410,홍제동,202607,아파트_전월세,홍제삼성래미안,홍제동,461,84.33,,55000,0,6,21,2001,갱신,26.08~28.08,55000.0,,,,
서대문구,11410,연희동,202607,아파트_전월세,연희자이엘라,연희동,745,13.642,,1000,70,2,8,2014,신규,26.07~27.07,,,,,
서대문구,11410,홍제동,202607,아파트_전월세,금호어울림,홍제동,471,84.949,,51975,0,1,21,2016,갱신,26.07~28.07,49500.0,,사용,,
서대문구,11410,북가좌동,202607,아파트_전월세,DMC한양,북가좌동,431,116.76,,51500,0,13,21,1987,갱신,26.08~28.08,50000.0,,사용,,
서대문구,11410,대현동,202607,아파트_전월세,이대경우타운,대현동,90-20,12.12,,13300,15,5,21,2018,신규,26.08~28.08,,,,,
서대문구,11410,남가좌동,202607,아파트_전월세,DMC파크뷰자이4단지,남가좌동,385,84.968,,75600,0,12,17,2015,갱신,26.09~28.09,72000.0,,사용,,
서대문구,11410,홍제동,202607,아파트_전월세,홍제센트럴IPARK,홍제동,473,34.8921,,2898,14,4,21,2020,갱신,26.08~28.07,2898.0,14.0,,,
서대문구,11410,홍은동,202607,아파트_전월세,북한산두산위브,홍은동,467,40.07,,12896,32,1,21,2020,갱신,26.08~28.07,11014.0,37.0,,,
서대문구,11410,북가좌동,202607,아파트_전월세,DMC래미안e편한세상,북가좌동,481,84.95,,80000,0,10,20,2012,신규,26.09~28.09,,,,,
서대문구,11410,북아현동,202607,아파트_전월세,두산,북아현동,1009,59.96,,49000,0,1,18,1999,갱신,26.09~28.09,41000.0,,,,
서대문구,11410,홍은동,202607,아파트_전월세,북한산두산위브2차,홍은동,468,56.9161,,48000,0,1,21,2021,신규,26.11~28.11,,,,,
서대문구,11410,남가좌동,202607,아파트_전월세,DMC금호리첸시아,남가좌동,396,84.9901,,76000,0,13,10,2024,갱신,26.08~28.08,46000.0,,,,
서대문구,11410,영천동,202607,아파트_전월세,독립문삼호,영천동,100,84.78,,15000,190,1,21,1995,신규,26.09~28.09,,,,,
서대문구,11410,연희동,202607,아파트_전월세,성원,연희동,740,84.95,,65000,0,9,16,2001,신규,26.09~28.09,,,,,
서대문구,11410,현저동,202607,아파트_전월세,독립문극동(201-0),현저동,201,27,,3101,0,5,21,1998,갱신,26.08~28.07,2955.0,,,,
서대문구,11410,홍은동,202607,아파트_전월세,북한산두산위브,홍은동,467,33.05,,10180,25,1,21,2020,갱신,26.08~28.07,8694.0,29.0,,,
서대문구,11410,남가좌동,202607,아파트_전월세,DMC센트럴아이파크,남가좌동,388,84.97,,83000,0,11,21,2018,신규,26.10~28.10,,,,,
서대문구,11410,홍제동,202607,아파트_전월세,문화촌현대,홍제동,463,59.94,,36000,0,19,20,2002,신규,26.09~28.09,,,,,
서대문구,11410,북아현동,202607,아파트_전월세,e편한세상신촌4단지,북아현동,1013,59.9,,72900,0,12,21,2018,갱신,26.08~28.08,69457.0,,,,
서대문구,11410,연희동,202607,아파트_전월세,연희파크푸르지오,연희동,747,84.4317,,75000,0,18,21,2018,신규,26.10~28.10,,,,,
서대문구,11410,홍제동,202607,아파트_전월세,홍제역해링턴플레이스,홍제동,474,39.38,,11977,42,9,21,2024,신규,26.07~28.09,,,,,
서대문구,11410,북아현동,202607,아파트_전월세,두산,북아현동,1009,59.96,,53000,0,17,15,1999,갱신,26.09~28.09,50000.0,,,,
서대문구,11410,남가좌동,202607,아파트_전월세,DMC에코자이,남가좌동,389,59.442,,65000,0,9,20,2019,신규,26.10~28.10,,,,,
서대문구,11410,홍은동,202607,아파트_전월세,북한산두산위브,홍은동,467,33.05,,10375,35,1,20,2020,갱신,26.08~28.07,7778.0,26.0,,,
서대문구,11410,홍은동,202607,아파트_전월세,힐스테이트홍은포레스트,홍은동,470,84.53,,25000,215,11,21,2023,신규,26.09~28.09,,,,,
서대문구,11410,대현동,202607,아파트_전월세,신촌럭키,대현동,144,59.7,,15000,140,13,11,1999,신규,26.08~28.08,,,,,
서대문구,11410,남가좌동,202607,아파트_전월세,DMC금호리첸시아,남가좌동,396,84.9901,,85000,0,11,17,2024,신규,26.09~28.09,,,,,
서대문구,11410,북아현동,202607,아파트_전월세,두산,북아현동,1009,59.96,,35000,59,8,20,1999,갱신,26.08~28.08,35000.0,50.0,사용,,
서대문구,11410,홍제동,202607,아파트_전월세,홍제역해링턴플레이스,홍제동,474,84.95,,83500,0,6,17,2024,갱신,26.09~28.09,73500.0,,,,
서대문구,11410,홍제동,202607,아파트_전월세,홍제역해링턴플레이스,홍제동,474,39.38,,11977,42,9,20,2024,신규,26.07~28.09,,,,,
서대문구,11410,북가좌동,202607,아파트_전월세,월드컵현대,북가좌동,371-1,59.76,,36750,40,13,17,1998,갱신,26.08~28.08,36750.0,,,,
서대문구,11410,충정로2가,202607,아파트_전월세,현대,충정로2가,185-15,83.63,,49000,0,12,19,1992,갱신,26.07~28.07,44000.0,,,,
서대문구,11410,북아현동,202607,아파트_전월세,e편한세상신촌3단지,북아현동,1013,59.85,,82000,0,1,17,2018,신규,26.07~28.07,,,,,
서대문구,11410,북가좌동,202607,아파트_전월세,DMC한양,북가좌동,431,116.76,,54600,0,1,17,1987,신규,26.07~28.07,,,,,
서대문구,11410,북아현동,202607,아파트_전월세,힐스테이트신촌,북아현동,1017,84.9715,,81000,0,10,17,2023,갱신,26.10~28.10,80000.0,,사용,,
서대문구,11410,남가좌동,202607,아파트_전월세,DMC에코자이,남가좌동,389,39.668,,13593,34,3,20,2019,갱신,26.08~28.07,11609.0,39.0,,,
서대문구,11410,대현동,202607,아파트_전월세,예스에이피엠,대현동,145,38.72,,1000,150,10,17,2007,신규,26.07~27.07,,,,,
서대문구,11410,홍제동,202607,아파트_전월세,유원하나,홍제동,454,82.35,,45000,0,18,14,1996,신규,26.10~28.10,,,,,
서대문구,11410,북아현동,202607,아파트_전월세,e편한세상신촌4단지,북아현동,1013,59.9,,82950,0,18,13,2018,갱신,26.07~28.07,79000.0,,사용,,
서대문구,11410,북가좌동,202607,아파트_전월세,DMC래미안e편한세상,북가좌동,481,47.98,,3461,22,7,20,2012,갱신,26.08~28.07,3461.0,22.0,,,
서대문구,11410,북아현동,202607,아파트_전월세,두산,북아현동,1009,59.96,,45000,0,1,19,1999,신규,26.11~28.11,,,,,
서대문구,11410,남가좌동,202607,아파트_전월세,DMC에코자이,남가좌동,389,59.79,,15000,250,5,11,2019,신규,26.07~28.07,,,,,
서대문구,11410,대현동,202607,아파트_전월세,이대경우타운,대현동,90-20,15.32,,14600,35,8,19,2018,갱신,26.08~27.02,14600.0,35.0,,,
서대문구,11410,홍은동,202607,아파트_전월세,반석블레스,홍은동,440-1,84.92,,44000,20,13,3,2013,갱신,26.08~28.08,42000.0,10.0,,,
서대문구,11410,북아현동,202607,아파트_전월세,e편한세상신촌1단지,북아현동,1013,84.93,,81438,0,9,18,2018,갱신,26.08~28.08,77560.0,,사용,,
서대문구,11410,북아현동,202607,아파트_전월세,두산,북아현동,1009,59.96,,35000,59,8,20,1999,갱신,26.08~28.08,35000.0,50.0,사용,,
서대문구,11410,북가좌동,202607,아파트_전월세,DMC휴먼빌아파트,북가좌동,456,84.21,,20000,120,5,19,2008,갱신,26.07~28.07,20000.0,100.0,사용,,
서대문구,11410,냉천동,202607,아파트_전월세,돈의문센트레빌,냉천동,261,84.99,,85000,0,3,1,2011,갱신,26.08~28.08,80000.0,,,,
서대문구,11410,홍은동,202607,아파트_전월세,북한산두산위브,홍은동,467,33.05,,10507,27,2,20,2020,갱신,26.08~28.07,8236.0,27.0,,,
서대문구,11410,홍은동,202607,아파트_전월세,북한산두산위브,홍은동,467,40.07,,12896,32,1,20,2020,갱신,26.08~28.07,11014.0,37.0,,,
서대문구,11410,남가좌동,202607,아파트_전월세,DMC금호리첸시아,남가좌동,396,59.8295,,73500,0,8,18,2024,신규,26.09~28.09,,,,,
서대문구,11410,홍은동,202607,아파트_전월세,북한산두산위브,홍은동,467,59.84,,5000,200,11,19,2020,신규,26.09~28.09,,,,,
서대문구,11410,천연동,202607,아파트_전월세,천연뜨란채,천연동,145,55.85,,60000,0,11,16,2006,신규,26.09~28.09,,,,,
서대문구,11410,남가좌동,202607,아파트_전월세,DMC에코자이,남가좌동,389,39.668,,13593,34,4,16,2019,갱신,26.08~28.07,11609.0,39.0,,,
서대문구,11410,홍은동,202607,아파트_전월세,홍은동벽산,홍은동,455,84.78,,52000,0,4,18,1997,신규,26.10~28.10,,,,,
서대문구,11410,대현동,202607,아파트_전월세,신촌자이엘라,대현동,104-36,21.96,,1000,110,18,3,2014,신규,26.07~27.07,,,,,
서대문구,11410,홍은동,202607,아파트_전월세,HDX휴팰리스,홍은동,465,59.0362,,49000,0,2,16,2018,신규,26.08~28.08,,,,,
서대문구,11410,홍은동,202607,아파트_전월세,홍은미성,홍은동,186-1,83.61,,41000,0,8,18,1985,신규,26.09~28.09,,,,,
서대문구,11410,북아현동,202607,아파트_전월세,힐스테이트신촌,북아현동,1017,37.969,,52500,0,10,18,2023,갱신,26.09~28.09,50000.0,,사용,,
서대문구,11410,남가좌동,202607,아파트_전월세,래미안루센티아,남가좌동,390,34.12,,8856,30,5,15,2020,갱신,26.08~28.07,8507.0,28.0,,,
서대문구,11410,남가좌동,202607,아파트_전월세,DMC래미안클라시스,남가좌동,377,59.59,,53000,0,16,17,2000,신규,26.08~28.08,,,,,
서대문구,11410,홍은동,202607,아파트_전월세,북한산두산위브2차,홍은동,468,56.9161,,48000,0,2,18,2021,신규,27.01~29.01,,,,,
서대문구,11410,북아현동,202607,아파트_전월세,힐스테이트신촌,북아현동,1017,84.6043,,82900,0,16,18,2023,갱신,26.08~28.08,79000.0,,사용,,
서대문구,11410,홍제동,202607,아파트_전월세,홍제역해링턴플레이스,홍제동,474,84.95,,85000,0,3,18,2024,신규,26.10~28.10,,,,,
서대문구,11410,남가좌동,202607,아파트_전월세,DMC금호리첸시아,남가좌동,396,59.8295,,20000,220,23,16,2024,신규,26.09~28.09,,,,,
서대문구,11410,남가좌동,202607,아파트_전월세,DMC파크뷰자이1단지,남가좌동,385,84.971,,40000,170,23,8,2015,신규,26.09~28.09,,,,,
서대문구,11410,대현동,202607,아파트_전월세,신촌럭키,대현동,144,83.38,,70000,0,10,16,1999,갱신,26.10~28.04,63000.0,,,,
서대문구,11410,홍제동,202607,아파트_전월세,홍제비콘드림힐,홍제동,468,84.9,,50000,0,7,16,2006,갱신,26.08~28.08,48000.0,,사용,,
서대문구,11410,남가좌동,202607,아파트_전월세,DMC센트럴아이파크,남가좌동,388,59.91,,14640,56,2,16,2018,신규,26.07~28.09,,,,,
서대문구,11410,홍제동,202607,아파트_전월세,서대문푸르지오센트럴파크,홍제동,478,34.9,,7992,31,12,16,2023,신규,26.07~28.09,,,,,
서대문구,11410,냉천동,202607,아파트_전월세,돈의문센트레빌,냉천동,261,84.99,,20000,250,7,16,2011,신규,26.09~28.09,,,,,
서대문구,11410,북아현동,202607,아파트_전월세,힐스테이트신촌,북아현동,1017,52.8449,,13360,51,7,16,2023,신규,26.07~28.09,,,,,
서대문구,11410,홍은동,202607,아파트_전월세,홍은동벽산,홍은동,455,84.78,,48000,0,13,15,1997,갱신,26.09~28.09,45000.0,,,,
서대문구,11410,남가좌동,202607,아파트_전월세,DMC에코자이,남가좌동,389,59.656,,66000,0,6,16,2019,갱신,26.10~28.10,63000.0,,사용,,
서대문구,11410,남가좌동,202607,아파트_전월세,래미안루센티아,남가좌동,390,34.12,,9378,31,1,15,2020,갱신,26.08~28.07,8932.0,30.0,,,
서대문구,11410,홍제동,202607,아파트_전월세,서대문푸르지오센트럴파크,홍제동,478,34.9,,7992,31,6,15,2023,신규,26.07~28.09,,,,,
서대문구,11410,영천동,202607,아파트_전월세,독립문삼호,영천동,100,75.66,,63000,0,10,6,1995,신규,26.09~28.09,,,,,
서대문구,11410,현저동,202607,아파트_전월세,독립문극동(200-0),현저동,200,84.87,,10000,220,19,10,1998,갱신,26.07~28.07,10000.0,210.0,,,
서대문구,11410,천연동,202607,아파트_전월세,천연뜨란채,천연동,145,56.02,,20000,120,6,15,2006,신규,26.10~28.10,,,,,
서대문구,11410,천연동,202607,아파트_전월세,천연뜨란채,천연동,145,75.8,,20000,150,16,15,2006,신규,26.07~28.09,,,,,
서대문구,11410,북아현동,202607,아파트_전월세,신촌푸르지오,북아현동,1011,84.9892,,40000,220,18,11,2015,신규,26.09~28.09,,,,,
서대문구,11410,북아현동,202607,아파트_전월세,e편한세상신촌1단지,북아현동,1013,84.93,,91000,0,7,11,2018,갱신,26.10~28.10,87000.0,,사용,,
서대문구,11410,홍제동,202607,아파트_전월세,서대문푸르지오센트럴파크,홍제동,478,34.9,,7548,29,5,15,2023,신규,26.07~28.09,,,,,
서대문구,11410,홍은동,202607,아파트_전월세,홍은동벽산,홍은동,455,58.64,,4500,127,6,15,1997,신규,26.08~28.08,,,,,
서대문구,11410,대현동,202607,아파트_전월세,신촌자이엘라,대현동,104-36,22.13,,1000,115,18,1,2014,신규,26.07~27.07,,,,,
서대문구,11410,남가좌동,202607,아파트_전월세,DMC금호리첸시아,남가좌동,396,59.9772,,31500,115,28,15,2024,신규,26.09~28.09,,,,,
서대문구,11410,홍제동,202607,아파트_전월세,홍제현대,홍제동,331,75.15,,35000,0,3,15,1992,신규,26.07~28.07,,,,,
서대문구,11410,홍제동,202607,아파트_전월세,홍제센트럴IPARK,홍제동,473,84.9728,,80000,0,8,11,2020,신규,26.10~28.10,,,,,
서대문구,11410,냉천동,202607,아파트_전월세,돈의문센트레빌,냉천동,261,59.98,,68000,0,5,4,2011,갱신,26.07~28.07,65000.0,,사용,,
서대문구,11410,충정로3가,202607,아파트_전월세,더스타일하우스디센트럴,충정로3가,480,17.6626,,3990,42,4,14,2020,신규,26.08~27.07,,,,,
서대문구,11410,북아현동,202607,아파트_전월세,힐스테이트신촌,북아현동,1017,52.8449,,13360,51,6,14,2023,신규,26.07~28.09,,,,,
서대문구,11410,충정로3가,202607,아파트_전월세,더스타일하우스디센트럴,충정로3가,480,35.858,,8925,75,17,14,2020,갱신,26.08~27.08,8925.0,73.0,,,
서대문구,11410,남가좌동,202607,아파트_전월세,DMC센트럴아이파크,남가좌동,388,84.97,,82000,0,14,14,2018,신규,26.08~28.08,,,,,
서대문구,11410,북아현동,202607,아파트_전월세,두산,북아현동,1009,59.96,,5000,175,11,14,1999,신규,26.08~28.08,,,,,
서대문구,11410,북가좌동,202607,아파트_전월세,DMC래미안e편한세상,북가좌동,481,59.97,,70000,0,6,4,2012,신규,26.09~28.09,,,,,
서대문구,11410,홍제동,202607,아파트_전월세,홍제원현대(459-0),홍제동,459,59.93,,47000,0,7,11,2000,갱신,26.08~28.08,45000.0,,사용,,
서대문구,11410,연희동,202607,아파트_전월세,연희자이엘라,연희동,745,13.642,,1000,77,9,4,2014,신규,26.07~27.07,,,,,
서대문구,11410,북아현동,202607,아파트_전월세,e편한세상신촌1단지,북아현동,1013,84.98,,15000,340,15,11,2018,신규,26.08~28.08,,,,,
서대문구,11410,북아현동,202607,아파트_전월세,e편한세상신촌1단지,북아현동,1013,84.93,,70000,102,4,14,2018,갱신,26.10~28.10,70000.0,85.0,사용,,
서대문구,11410,북아현동,202607,아파트_전월세,e편한세상신촌2단지,북아현동,1013,84.93,,70000,80,13,11,2018,신규,26.07~28.07,,,,,
서대문구,11410,북아현동,202607,아파트_전월세,힐스테이트신촌,북아현동,1017,37.969,,9120,35,14,14,2023,신규,26.07~28.09,,,,,
서대문구,11410,영천동,202607,아파트_전월세,독립문삼호,영천동,100,75.66,,62000,0,3,9,1995,신규,26.09~28.09,,,,,
서대문구,11410,북아현동,202607,아파트_전월세,힐스테이트신촌,북아현동,1017,59.8404,,74000,0,9,14,2023,갱신,26.08~28.08,71000.0,,사용,,
서대문구,11410,홍제동,202607,아파트_전월세,홍제현대,홍제동,331,60.81,,10000,120,1,13,1992,신규,26.07~28.07,,,,,
서대문구,11410,충정로3가,202607,아파트_전월세,더스타일하우스디센트럴,충정로3가,480,17.6626,,5310,37,10,10,2020,갱신,26.08~27.08,5310.0,36.0,,,
서대문구,11410,냉천동,202607,아파트_전월세,동부센트레빌,냉천동,260,114.92,,73500,0,14,11,2002,갱신,26.07~28.07,70000.0,,사용,,
서대문구,11410,남가좌동,202607,아파트_전월세,DMC파크뷰자이2단지,남가좌동,385,84.968,,40000,240,19,3,2015,신규,26.09~28.09,,,,,
서대문구,11410,홍은동,202607,아파트_전월세,유원,홍은동,22,54.54,,30000,0,6,11,1987,갱신,26.07~28.07,30000.0,,사용,,
서대문구,11410,홍제동,202607,아파트_전월세,인왕산현대,홍제동,460,59.93,,18000,130,12,14,2000,갱신,26.07~28.07,14000.0,50.0,,,
서대문구,11410,홍제동,202607,아파트_전월세,홍제역해링턴플레이스,홍제동,474,84.95,,20000,213,11,11,2024,갱신,26.09~28.09,20000.0,200.0,사용,,
서대문구,11410,북아현동,202607,아파트_전월세,힐스테이트신촌,북아현동,1017,52.8449,,13360,51,2,13,2023,신규,26.07~28.09,,,,,
서대문구,11410,남가좌동,202607,아파트_전월세,DMC에코자이,남가좌동,389,43.327,,5650,9,5,14,2019,갱신,26.08~28.07,3582.0,20.0,,,
서대문구,11410,남가좌동,202607,아파트_전월세,DMC에코자이,남가좌동,389,72.845,,67000,0,4,11,2019,갱신,26.08~29.02,67000.0,,사용,,
서대문구,11410,남가좌동,202607,아파트_전월세,DMC에코자이,남가좌동,389,39.885,,13593,34,8,13,2019,갱신,26.08~28.07,11609.0,39.0,,,
서대문구,11410,남가좌동,202607,아파트_전월세,남가좌동현대,남가좌동,376,59.4,,50000,0,11,13,1999,신규,26.10~28.10,,,,,
서대문구,11410,현저동,202607,아파트_전월세,독립문파크빌,현저동,1019,59.4,,43000,0,7,3,2000,신규,26.09~28.09,,,,,
서대문구,11410,남가좌동,202607,아파트_전월세,DMC에코자이,남가좌동,389,39.668,,12189,41,6,13,2019,갱신,26.08~28.07,11609.0,39.0,,,
서대문구,11410,대현동,202607,아파트_전월세,신촌럭키,대현동,144,59.7,,50000,0,4,11,1999,신규,26.09~28.09,,,,,
서대문구,11410,남가좌동,202607,아파트_전월세,DMC파크뷰자이1단지,남가좌동,385,84.974,,90000,0,13,11,2015,갱신,26.07~28.07,64000.0,,,,
서대문구,11410,남가좌동,202607,아파트_전월세,DMC파크뷰자이1단지,남가좌동,385,84.971,,92000,0,21,13,2015,신규,26.09~28.09,,,,,
서대문구,11410,홍제동,202607,아파트_전월세,인왕산현대,홍제동,460,84.9,,63000,0,16,12,2000,신규,26.09~28.09,,,,,
서대문구,11410,연희동,202607,아파트_전월세,대우푸르지오,연희동,739,84.706,,10000,250,4,12,2002,신규,26.10~28.10,,,,,
서대문구,11410,북아현동,202607,아파트_전월세,힐스테이트신촌,북아현동,1017,52.8449,,13360,51,4,13,2023,신규,26.07~28.09,,,,,
서대문구,11410,남가좌동,202607,아파트_전월세,DMC금호리첸시아,남가좌동,396,84.9901,,76000,0,13,10,2024,갱신,26.08~28.08,46000.0,,,,
서대문구,11410,남가좌동,202607,아파트_전월세,DMC센트럴아이파크,남가좌동,388,59.91,,7320,71,2,13,2018,신규,26.07~28.09,,,,,
서대문구,11410,연희동,202607,아파트_전월세,연희파크푸르지오,연희동,747,84.4317,,56000,0,11,3,2018,갱신,26.08~28.08,55500.0,,사용,,
서대문구,11410,홍은동,202607,아파트_전월세,북한산두산위브,홍은동,467,33.05,,7152,32,2,13,2020,갱신,26.08~28.07,8236.0,27.0,,,
서대문구,11410,남가좌동,202607,아파트_전월세,DMC센트럴아이파크,남가좌동,388,59.91,,14640,56,2,13,2018,신규,26.07~28.09,,,,,
서대문구,11410,남가좌동,202607,아파트_전월세,남가좌동현대,남가좌동,376,59.4,,5000,130,11,4,1999,신규,26.07~28.07,,,,,
서대문구,11410,북아현동,202607,아파트_전월세,신촌푸르지오,북아현동,1011,84.9572,,15000,250,9,11,2015,갱신,26.08~28.08,15000.0,210.0,사용,,
서대문구,11410,홍은동,202607,아파트_전월세,북한산두산위브2차,홍은동,468,59.7501,,14000,54,12,13,2021,신규,26.07~28.09,,,,,
서대문구,11410,충정로3가,202607,아파트_전월세,더스타일하우스디센트럴,충정로3가,480,17.6626,,3990,42,5,7,2020,갱신,26.07~27.07,3990.0,41.0,,,
서대문구,11410,북아현동,202607,아파트_전월세,e편한세상신촌1단지,북아현동,1013,59.85,,72800,0,9,13,2018,신규,26.09~28.09,,,,,
서대문구,11410,남가좌동,202607,아파트_전월세,DMC센트럴아이파크,남가좌동,388,59.91,,14640,56,3,13,2018,신규,26.07~28.09,,,,,
서대문구,11410,천연동,202607,아파트_전월세,천연뜨란채,천연동,145,75.42,,15000,170,3,8,2006,갱신,26.08~28.08,15000.0,160.0,사용,,
서대문구,11410,홍은동,202607,아파트_전월세,e편한세상서대문,홍은동,469,84.994,,55000,0,11,11,2023,신규,26.09~28.09,,,,,
서대문구,11410,남가좌동,202607,아파트_전월세,남가좌동현대,남가좌동,376,59.4,,47250,0,13,11,1999,갱신,26.07~28.07,45000.0,,사용,,
서대문구,11410,남가좌동,202607,아파트_전월세,DMC에코자이,남가좌동,389,59.656,,67000,0,21,10,2019,신규,26.09~28.09,,,,,
서대문구,11410,북가좌동,202607,아파트_전월세,DMC래미안e편한세상,북가좌동,481,153.86,,120000,0,12,11,2012,신규,26.09~28.09,,,,,
서대문구,11410,홍은동,202607,아파트_전월세,북한산두산위브2차,홍은동,468,59.7501,,44000,0,4,11,2021,갱신,26.12~28.12,44000.0,,사용,,
서대문구,11410,남가좌동,202607,아파트_전월세,남가좌동현대,남가좌동,376,59.4,,45000,0,3,6,1999,갱신,26.10~28.10,43000.0,,사용,,
서대문구,11410,충정로3가,202607,아파트_전월세,더스타일하우스디센트럴,충정로3가,480,39.8291,,8500,86,22,10,2020,신규,26.08~28.08,,,,,
서대문구,11410,홍제동,202607,아파트_전월세,서대문푸르지오센트럴파크,홍제동,478,59.98,,49000,60,8,1,2023,갱신,26.07~28.07,49000.0,50.0,사용,,
서대문구,11410,홍제동,202607,아파트_전월세,서대문푸르지오센트럴파크,홍제동,478,49.5,,62000,0,3,11,2023,신규,26.11~28.11,,,,,
서대문구,11410,홍은동,202607,아파트_전월세,두산,홍은동,456,84.84,,47000,0,9,12,1997,갱신,26.10~28.10,45000.0,,사용,,
서대문구,11410,남가좌동,202607,아파트_전월세,래미안루센티아,남가좌동,390,34.12,,7169,33,9,12,2020,갱신,26.08~28.07,8435.0,28.0,,,
서대문구,11410,홍제동,202607,아파트_전월세,문화촌현대,홍제동,463,59.94,,40000,0,6,10,2002,갱신,26.07~28.07,39000.0,,,,
서대문구,11410,북가좌동,202607,아파트_전월세,DMC래미안e편한세상,북가좌동,481,120.95,,110000,0,17,8,2012,신규,26.09~28.09,,,,,
서대문구,11410,북아현동,202607,아파트_전월세,신촌푸르지오,북아현동,1011,34.9408,,47000,0,3,10,2015,갱신,26.07~28.07,47000.0,,사용,,
서대문구,11410,현저동,202607,아파트_전월세,독립문극동(200-0),현저동,200,59.58,,48000,0,15,10,1998,갱신,26.07~28.07,46000.0,,사용,,
서대문구,11410,남가좌동,202607,아파트_전월세,DMC금호리첸시아,남가좌동,396,84.9901,,76000,0,13,10,2024,갱신,26.08~28.08,46000.0,,,,
서대문구,11410,남가좌동,202607,아파트_전월세,DMC금호리첸시아,남가좌동,396,59.9772,,67200,0,24,9,2024,갱신,26.10~28.10,64000.0,,사용,,
서대문구,11410,남가좌동,202607,아파트_전월세,DMC에코자이,남가좌동,389,59.79,,65000,0,9,8,2019,신규,26.10~28.09,,,,,
서대문구,11410,북아현동,202607,아파트_전월세,e편한세상신촌2단지,북아현동,1013,84.93,,108000,0,7,8,2018,신규,26.10~28.10,,,,,
서대문구,11410,남가좌동,202607,아파트_전월세,DMC센트럴아이파크,남가좌동,388,59.99,,63000,0,10,9,2018,갱신,26.08~28.08,60000.0,,사용,,
서대문구,11410,북아현동,202607,아파트_전월세,두산,북아현동,1009,59.96,,50000,0,8,4,1999,갱신,26.09~28.09,47700.0,,사용,,
서대문구,11410,충정로3가,202607,아파트_전월세,더스타일하우스디센트럴,충정로3가,480,21.056,,4695,49,23,6,2020,갱신,26.07~28.07,4695.0,47.0,,,
서대문구,11410,북가좌동,202607,아파트_전월세,DMC래미안e편한세상,북가좌동,481,59.97,,10000,250,5,9,2012,신규,26.08~28.08,,,,,
서대문구,11410,남가좌동,202607,아파트_전월세,래미안루센티아,남가좌동,390,34.12,,10458,26,10,9,2020,갱신,26.08~28.07,8932.0,30.0,,,
서대문구,11410,충정로3가,202607,아파트_전월세,더스타일하우스디센트럴,충정로3가,480,35.858,,7650,79,14,9,2020,신규,26.08~28.08,,,,,
서대문구,11410,홍제동,202607,아파트_전월세,홍제역해링턴플레이스,홍제동,474,39.38,,55000,0,19,8,2024,신규,26.09~28.09,,,,,
서대문구,11410,남가좌동,202607,아파트_전월세,DMC파크뷰자이2단지,남가좌동,385,84.968,,95000,0,16,8,2015,신규,26.09~28.09,,,,,
서대문구,11410,남가좌동,202607,아파트_전월세,래미안루센티아,남가좌동,390,34.12,,10458,26,1,9,2020,갱신,26.08~28.07,8932.0,30.0,,,
서대문구,11410,연희동,202607,아파트_전월세,대우푸르지오,연희동,739,59.584,,54000,0,18,8,2002,신규,26.11~28.11,,,,,
서대문구,11410,연희동,202607,아파트_전월세,연희파크푸르지오,연희동,747,59.9835,,61000,0,7,6,2018,신규,26.08~28.08,,,,,
서대문구,11410,현저동,202607,아파트_전월세,독립문극동(200-0),현저동,200,59.58,,40000,70,12,4,1998,신규,26.09~28.09,,,,,
서대문구,11410,남가좌동,202607,아파트_전월세,남가좌동현대,남가좌동,376,114.9,,52090,0,4,8,1999,갱신,26.08~28.08,49610.0,,,,
서대문구,11410,홍제동,202607,아파트_전월세,유원하나,홍제동,454,112.14,,47000,0,1,4,1996,신규,26.08~28.08,,,,,
서대문구,11410,북아현동,202607,아파트_전월세,두산,북아현동,1009,59.96,,50000,0,11,8,1999,갱신,26.08~28.08,49000.0,,사용,,
서대문구,11410,홍제동,202607,아파트_전월세,홍제한양,홍제동,82,60.06,,44000,0,11,8,1993,갱신,26.08~28.08,42000.0,,사용,,
서대문구,11410,북아현동,202607,아파트_전월세,두산,북아현동,1009,59.96,,3000,180,1,6,1999,신규,26.09~28.09,,,,,
서대문구,11410,남가좌동,202607,아파트_전월세,래미안루센티아,남가좌동,390,34.12,,12503,31,1,8,2020,갱신,26.08~28.07,8932.0,30.0,,,
서대문구,11410,북가좌동,202607,아파트_전월세,DMC아이파크,북가좌동,458,32.86,,1099,26,9,8,2009,갱신,26.08~28.07,2566.0,23.0,,,
서대문구,11410,남가좌동,202607,아파트_전월세,남가좌동현대,남가좌동,376,59.4,,38500,0,6,7,1999,갱신,26.08~26.10,38500.0,,,,
서대문구,11410,북가좌동,202607,아파트_전월세,DMC래미안e편한세상,북가좌동,481,120.95,,99750,0,11,6,2012,갱신,26.09~28.09,95000.0,,사용,,
서대문구,11410,연희동,202607,아파트_전월세,대우푸르지오,연희동,739,59.584,,5000,178,14,4,2002,갱신,26.07~28.07,5000.0,170.0,사용,,
서대문구,11410,남가좌동,202607,아파트_전월세,DMC금호리첸시아,남가좌동,396,59.8295,,63000,0,21,4,2024,갱신,26.09~28.09,60000.0,,사용,,
서대문구,11410,남가좌동,202607,아파트_전월세,래미안루센티아,남가좌동,390,34.12,,10458,26,1,8,2020,갱신,26.08~28.07,8932.0,30.0,,,
서대문구,11410,남가좌동,202607,아파트_전월세,래미안루센티아,남가좌동,390,34.12,,10512,26,7,7,2020,갱신,26.08~28.07,8932.0,30.0,,,
서대문구,11410,남가좌동,202607,아파트_전월세,래미안남가좌2차,남가좌동,379,84.806,,63000,0,1,4,2005,갱신,26.07~28.07,60000.0,,사용,,
서대문구,11410,북아현동,202607,아파트_전월세,힐스테이트신촌,북아현동,1017,59.8404,,55000,92,13,7,2023,갱신,26.09~28.09,55000.0,60.0,사용,,
서대문구,11410,충정로3가,202607,아파트_전월세,더스타일하우스디센트럴,충정로3가,480,26.5236,,6900,58,25,3,2020,갱신,26.08~28.08,6900.0,55.0,,,
서대문구,11410,남가좌동,202607,아파트_전월세,래미안루센티아,남가좌동,390,34.12,,8856,30,8,7,2020,갱신,26.08~28.07,8435.0,28.0,,,
서대문구,11410,남가좌동,202607,아파트_전월세,래미안루센티아,남가좌동,390,34.12,,11395,29,4,7,2020,갱신,26.08~28.07,8932.0,30.0,,,
서대문구,11410,남가좌동,202607,아파트_전월세,래미안루센티아,남가좌동,390,84.95,,54500,100,3,7,2020,갱신,26.08~28.08,50000.0,100.0,,,
서대문구,11410,북가좌동,202607,아파트_전월세,북가좌삼호,북가좌동,449,114.03,,10000,270,16,7,1996,신규,26.07~28.07,,,,,
서대문구,11410,남가좌동,202607,아파트_전월세,래미안루센티아,남가좌동,390,34.12,,11395,29,5,7,2020,갱신,26.08~28.07,8932.0,30.0,,,
서대문구,11410,남가좌동,202607,아파트_전월세,래미안루센티아,남가좌동,390,34.12,,9378,31,5,7,2020,갱신,26.08~28.07,8932.0,30.0,,,
서대문구,11410,남가좌동,202607,아파트_전월세,래미안루센티아,남가좌동,390,34.12,,13383,35,10,7,2020,갱신,26.08~28.07,8932.0,30.0,,,
서대문구,11410,남가좌동,202607,아파트_전월세,래미안루센티아,남가좌동,390,34.12,,9378,31,3,7,2020,갱신,26.08~28.07,8932.0,30.0,,,
서대문구,11410,홍은동,202607,아파트_전월세,극동,홍은동,454,84.98,,30000,0,2,6,1995,갱신,26.07~28.07,28600.0,,,,
서대문구,11410,현저동,202607,아파트_전월세,독립문극동(200-0),현저동,200,84.87,,80000,0,4,3,1998,신규,26.09~28.09,,,,,
서대문구,11410,남가좌동,202607,아파트_전월세,디엠씨엘가,남가좌동,387,13.03,,100,45,2,1,2017,신규,26.07~26.10,,,,,
서대문구,11410,연희동,202607,아파트_전월세,대우푸르지오,연희동,739,59.584,,16000,120,16,4,2002,갱신,26.09~28.09,16000.0,66.0,,,
서대문구,11410,북아현동,202607,아파트_전월세,e편한세상신촌1단지,북아현동,1013,84.95,,95000,0,2,3,2018,신규,26.09~28.09,,,,,
서대문구,11410,북아현동,202607,아파트_전월세,힐스테이트신촌,북아현동,1017,84.9154,,66000,0,12,3,2023,갱신,26.09~28.09,63000.0,,사용,,
서대문구,11410,북가좌동,202607,아파트_전월세,DMC래미안e편한세상,북가좌동,481,84.92,,55000,65,5,3,2012,갱신,26.09~28.09,55000.0,55.0,사용,,
서대문구,11410,홍제동,202607,아파트_전월세,홍제삼성래미안,홍제동,461,60,,55000,0,14,4,2001,신규,26.10~28.10,,,,,
서대문구,11410,홍제동,202607,아파트_전월세,서대문푸르지오센트럴파크,홍제동,478,75.49,,83000,0,11,6,2023,신규,26.08~28.08,,,,,
서대문구,11410,남가좌동,202607,아파트_전월세,래미안루센티아,남가좌동,390,84.95,,85000,0,7,5,2020,신규,26.08~28.08,,,,,
서대문구,11410,홍은동,202607,아파트_전월세,힐스테이트홍은포레스트,홍은동,470,59.84,,52500,0,1,3,2023,갱신,26.07~28.07,50000.0,,사용,,
서대문구,11410,연희동,202607,아파트_전월세,대우푸르지오,연희동,739,59.584,,40000,0,5,4,2002,갱신,26.08~28.08,40000.0,,,,
서대문구,11410,북가좌동,202607,아파트_전월세,DMC래미안e편한세상,북가좌동,481,84.92,,80000,0,18,3,2012,갱신,26.09~28.09,70000.0,,,,
서대문구,11410,북가좌동,202607,아파트_전월세,DMC래미안e편한세상,북가좌동,481,84.92,,30000,180,11,2,2012,신규,26.10~28.10,,,,,
서대문구,11410,홍제동,202607,아파트_전월세,홍제원현대(459-0),홍제동,459,84.9,,54390,0,10,3,2000,갱신,26.07~28.12,51800.0,,,,
서대문구,11410,홍은동,202607,아파트_전월세,베벌리힐즈,홍은동,392-1,231.83,,110000,0,4,3,2006,신규,26.07~28.07,,,,,
서대문구,11410,북가좌동,202607,아파트_전월세,DMC래미안e편한세상,북가좌동,481,84.94,,80000,0,32,3,2012,신규,26.09~28.09,,,,,
서대문구,11410,홍제동,202607,아파트_전월세,홍제역해링턴플레이스,홍제동,474,84.95,,75000,0,10,1,2024,갱신,26.07~28.07,26000.0,80.0,,,
서대문구,11410,천연동,202607,아파트_전월세,천연뜨란채,천연동,145,56.02,,10000,170,16,1,2006,신규,26.09~28.09,,,,,
서대문구,11410,북아현동,202607,아파트_전월세,e편한세상신촌1단지,북아현동,1013,84.93,,100000,0,16,1,2018,신규,26.07~28.07,,,,,
서대문구,11410,북아현동,202607,아파트_전월세,힐스테이트신촌,북아현동,1017,59.8404,,40000,140,9,2,2023,신규,26.09~28.09,,,,,
서대문구,11410,북아현동,202607,아파트_전월세,힐스테이트신촌,북아현동,1017,59.8404,,75000,0,15,2,2023,신규,26.09~28.09,,,,,
서대문구,11410,홍은동,202607,아파트_전월세,북한산두산위브2차,홍은동,468,59.7501,,45000,0,5,2,2021,신규,26.09~28.09,,,,,
서대문구,11410,북가좌동,202607,아파트_전월세,DMC래미안e편한세상,북가좌동,481,84.92,,20000,213,12,2,2012,갱신,26.07~28.07,20000.0,200.0,사용,,
서대문구,11410,남가좌동,202607,아파트_전월세,DMC센트럴아이파크,남가좌동,388,84.97,,30000,120,9,2,2018,갱신,26.11~28.11,30000.0,120.0,사용,,
서대문구,11410,남가좌동,202607,아파트_전월세,DMC에코자이,남가좌동,389,72.969,,67200,0,2,2,2019,갱신,26.07~28.07,64000.0,,사용,,
서대문구,11410,충정로3가,202607,아파트_전월세,더스타일하우스디센트럴,충정로3가,480,35.8514,,7650,81,18,1,2020,신규,26.07~27.07,,,,,
서대문구,11410,충정로3가,202607,아파트_전월세,더스타일하우스디센트럴,충정로3가,480,16.0626,,4870,34,5,1,2020,갱신,26.08~28.07,4870.0,32.0,,,
서대문구,11410,북가좌동,202607,아파트_전월세,DMC래미안e편한세상,북가좌동,481,120.95,,30000,257,12,1,2012,갱신,26.09~28.09,30000.0,240.0,사용,,
서대문구,11410,홍제동,202607,아파트_전월세,서울맨션,홍제동,315-7,48.69,,4000,0,2,1,1972,신규,26.08~28.08,,,,,
서대문구,11410,북아현동,202607,아파트_전월세,두산,북아현동,1009,59.96,,40000,50,4,1,1999,갱신,26.09~27.09,40000.0,40.0,사용,,
서대문구,11410,홍은동,202607,아파트_전월세,극동,홍은동,454,84.98,,35000,0,9,1,1995,갱신,26.07~28.07,34000.0,,사용,,
서대문구,11410,홍은동,202607,아파트_전월세,북한산두산위브,홍은동,467,33.05,,9643,24,1,1,2020,갱신,26.08~28.07,9232.0,22.0,,,
서대문구,11410,홍제동,202607,아파트_전월세,홍제역해링턴플레이스,홍제동,474,84.95,,75000,0,10,1,2024,갱신,26.07~28.07,26000.0,80.0,,,
서대문구,11410,연희동,202607,오피스텔_매매,THE연희힐,연희동,218-11,18.92,19000,,,4,23,2018,,,,,,중개거래,
서대문구,11410,홍은동,202607,오피스텔_매매,서대문 노블루체,홍은동,274-32,29.44,24000,,,3,16,2018,,,,,,중개거래,
서대문구,11410,대현동,202607,오피스텔_매매,이대역 STARGATE,대현동,40-38,19.76,26700,,,7,19,2021,,,,,,중개거래,
서대문구,11410,대현동,202607,오피스텔_매매,신촌 스타게이트,대현동,110-22,20.05,23000,,,6,31,2019,,,,,,중개거래,
서대문구,11410,충정로2가,202607,오피스텔_매매,서대문 디오빌 오피스텔,충정로2가,192,25.35,18700,,,10,20,2009,,,,,,중개거래,
서대문구,11410,대현동,202607,오피스텔_매매,신촌푸르지오시티,대현동,104-5,26.822,20000,,,10,20,2014,,,,,,중개거래,
서대문구,11410,창천동,202607,오피스텔_매매,신촌 르메이에르타운5,창천동,29-81,26.22,17200,,,13,27,2005,,,,,,중개거래,
서대문구,11410,북아현동,202607,오피스텔_매매,헤센 스마트 더 센트럴,북아현동,154-6,20.98,32000,,,17,7,2023,,,,,,중개거래,
서대문구,11410,북아현동,202607,오피스텔_매매,헤센 스마트 더 센트럴,북아현동,154-6,20.98,32000,,,14,17,2023,,,,,,중개거래,
서대문구,11410,창천동,202607,오피스텔_매매,신촌 르메이에르타운5,창천동,29-81,30.71,19900,,,14,27,2005,,,,,,중개거래,
서대문구,11410,대현동,202607,오피스텔_매매,이대 포레스트,대현동,90-60,17.84,20800,,,14,4,2019,,,,,,중개거래,
서대문구,11410,북아현동,202607,오피스텔_매매,이편한세상신촌,북아현동,1013,27.16,30500,,,9,25,2018,,,,,,중개거래,
서대문구,11410,창천동,202607,오피스텔_매매,신촌 르메이에르타운5,창천동,29-81,29.13,19000,,,7,22,2005,,,,,,중개거래,
서대문구,11410,합동,202607,오피스텔_매매,충정로대우디오빌,합동,117,61.73,48500,,,9,18,2006,,,,,,중개거래,
서대문구,11410,홍은동,202607,오피스텔_매매,현상준건물,홍은동,396-24,21.45,8300,,,4,17,2003,,,,,,중개거래,
서대문구,11410,대현동,202607,오피스텔_매매,슈테리움 오피스텔,대현동,90-22,13.39,14300,,,3,15,2019,,,,,,중개거래,
서대문구,11410,연희동,202607,오피스텔_매매,브라운 힐,연희동,100-15,20.67,7220,,,2,10,2002,,,,,,직거래,O
서대문구,11410,연희동,202607,오피스텔_매매,브라운 힐,연희동,100-15,20.67,7220,,,2,10,2002,,,,,,직거래,O
서대문구,11410,연희동,202607,오피스텔_매매,브라운 힐,연희동,100-15,20.72,7220,,,2,10,2002,,,,,,직거래,O
서대문구,11410,연희동,202607,오피스텔_매매,브라운 힐,연희동,100-15,20.72,7220,,,2,10,2002,,,,,,직거래,O
서대문구,11410,연희동,202607,오피스텔_매매,브라운 힐,연희동,100-15,20.72,7220,,,2,10,2002,,,,,,직거래,O
서대문구,11410,연희동,202607,오피스텔_매매,브라운 힐,연희동,100-15,20.72,7220,,,2,10,2002,,,,,,직거래,O
서대문구,11410,연희동,202607,오피스텔_매매,브라운 힐,연희동,100-15,20.67,7220,,,2,10,2002,,,,,,직거래,O
서대문구,11410,연희동,202607,오피스텔_매매,브라운 힐,연희동,100-15,20.67,7220,,,2,10,2002,,,,,,직거래,O
서대문구,11410,연희동,202607,오피스텔_매매,브라운 힐,연희동,100-15,20.67,7505,,,3,10,2002,,,,,,직거래,O
서대문구,11410,연희동,202607,오피스텔_매매,브라운 힐,연희동,100-15,20.67,7505,,,3,10,2002,,,,,,직거래,O
서대문구,11410,연희동,202607,오피스텔_매매,브라운 힐,연희동,100-15,20.72,7610,,,3,10,2002,,,,,,직거래,O
서대문구,11410,연희동,202607,오피스텔_매매,브라운 힐,연희동,100-15,20.72,7610,,,3,10,2002,,,,,,직거래,O
서대문구,11410,연희동,202607,오피스텔_매매,브라운 힐,연희동,100-15,20.72,7610,,,3,10,2002,,,,,,직거래,O
서대문구,11410,연희동,202607,오피스텔_매매,브라운 힐,연희동,100-15,20.72,7610,,,3,10,2002,,,,,,직거래,O
서대문구,11410,연희동,202607,오피스텔_매매,브라운 힐,연희동,100-15,20.67,7505,,,3,10,2002,,,,,,직거래,O
서대문구,11410,연희동,202607,오피스텔_매매,브라운 힐,연희동,100-15,20.67,7505,,,3,10,2002,,,,,,직거래,O
서대문구,11410,연희동,202607,오피스텔_매매,브라운 힐,연희동,100-15,20.67,7885,,,4,10,2002,,,,,,직거래,O
서대문구,11410,연희동,202607,오피스텔_매매,브라운 힐,연희동,100-15,20.67,7885,,,4,10,2002,,,,,,직거래,O
서대문구,11410,연희동,202607,오피스텔_매매,브라운 힐,연희동,100-15,20.72,7885,,,4,10,2002,,,,,,직거래,O
서대문구,11410,연희동,202607,오피스텔_매매,브라운 힐,연희동,100-15,20.72,7885,,,4,10,2002,,,,,,직거래,O
서대문구,11410,연희동,202607,오피스텔_매매,브라운 힐,연희동,100-15,20.72,7885,,,4,10,2002,,,,,,직거래,O
서대문구,11410,연희동,202607,오피스텔_매매,브라운 힐,연희동,100-15,20.72,7885,,,4,10,2002,,,,,,직거래,O
서대문구,11410,연희동,202607,오피스텔_매매,브라운 힐,연희동,100-15,20.67,7885,,,4,10,2002,,,,,,직거래,O
서대문구,11410,연희동,202607,오피스텔_매매,브라운 힐,연희동,100-15,20.67,7885,,,4,10,2002,,,,,,직거래,O
서대문구,11410,연희동,202607,오피스텔_매매,(76-24),연희동,76-24,25.73,10000,,,2,6,2002,,,,,,중개거래,
서대문구,11410,홍은동,202607,연립다세대_매매,엘씨빌,홍은동,405-11,66.35,29000,,,5,1,2007,,,,,,중개거래,
서대문구,11410,홍은동,202607,연립다세대_매매,엘씨빌,홍은동,405-11,66.35,29000,,,5,1,2007,,,,,,중개거래,O
서대문구,11410,북아현동,202607,연립다세대_매매,(1-755),북아현동,1-755,49.8,25000,,,5,23,2002,,,,,,중개거래,
서대문구,11410,북아현동,202607,연립다세대_매매,(1-755),북아현동,1-755,26.1,12500,,,4,23,2002,,,,,,중개거래,
서대문구,11410,북아현동,202607,연립다세대_매매,(1-755),북아현동,1-755,25.05,12500,,,4,23,2002,,,,,,중개거래,
서대문구,11410,북아현동,202607,연립다세대_매매,(1-755),북아현동,1-755,25.05,12500,,,3,23,2002,,,,,,중개거래,
서대문구,11410,북아현동,202607,연립다세대_매매,(1-755),북아현동,1-755,26.1,12500,,,3,23,2002,,,,,,중개거래,
서대문구,11410,북아현동,202607,연립다세대_매매,(1-755),북아현동,1-755,26.1,12500,,,2,23,2002,,,,,,중개거래,
서대문구,11410,북아현동,202607,연립다세대_매매,(1-755),북아현동,1-755,25.05,12500,,,2,23,2002,,,,,,중개거래,
서대문구,11410,홍은동,202607,연립다세대_매매,홍은빌라(9-534),홍은동,9-534,23.14,7250,,,1,29,1973,,,,,,중개거래,
서대문구,11410,북가좌동,202607,연립다세대_매매,삼연아트빌,북가좌동,325-5,48.75,26000,,,2,31,2002,,,,,,중개거래,
서대문구,11410,홍은동,202607,연립다세대_매매,갤러리하우스,홍은동,265-383,57.95,43000,,,1,13,2021,,,,,,중개거래,
서대문구,11410,홍은동,202607,연립다세대_매매,(9-229),홍은동,9-229,44.14,32500,,,-1,31,1986,,,,,,중개거래,
서대문구,11410,홍은동,202607,연립다세대_매매,더갤러리하우스,홍은동,265-327,59,45000,,,5,26,2019,,,,,,중개거래,
서대문구,11410,홍은동,202607,연립다세대_매매,홍광,홍은동,376-2,39.93,21000,,,2,25,1988,,,,,,중개거래,
서대문구,11410,북가좌동,202607,연립다세대_매매,주현주택,북가좌동,327-12,29.46,28000,,,6,5,2019,,,,,,중개거래,
서대문구,11410,북가좌동,202607,연립다세대_매매,삼화빌라(310-7),북가좌동,310-7,62.62,32000,,,2,30,1994,,,,,,중개거래,
서대문구,11410,연희동,202607,연립다세대_매매,동진빌라,연희동,141-34,45.96,48000,,,2,31,1985,,,,,,중개거래,
서대문구,11410,남가좌동,202607,연립다세대_매매,황제빌라B동,남가좌동,340-16,76.27,33000,,,2,31,2003,,,,,,중개거래,
서대문구,11410,홍제동,202607,연립다세대_매매,(181-2),홍제동,181-2,38.61,49000,,,2,11,2020,,,,,,중개거래,
서대문구,11410,홍은동,202607,연립다세대_매매,해오름타운,홍은동,410-9,36.97,29800,,,3,7,2015,,,,,,중개거래,
서대문구,11410,연희동,202607,연립다세대_매매,동아빌라,연희동,520-33,59.98,36500,,,1,7,2001,,,,,,중개거래,
서대문구,11410,북아현동,202607,연립다세대_매매,한성아트빌,북아현동,1-83,20.53,113000,,,2,8,2007,,,,,,중개거래,
서대문구,11410,홍제동,202607,연립다세대_매매,더라베홍제,홍제동,156-384,26.02,35000,,,3,30,2022,,,,,,중개거래,
서대문구,11410,북아현동,202607,연립다세대_매매,(1-1765),북아현동,1-1765,68.37,42000,,,2,18,1991,,,,,,중개거래,
서대문구,11410,연희동,202607,연립다세대_매매,모경타운,연희동,1-19,48.74,11000,,,-1,11,1991,,,,,,중개거래,
서대문구,11410,북가좌동,202607,연립다세대_매매,신안월드(313-5),북가좌동,313-5,80.12,38500,,,4,19,2005,,,,,,중개거래,
서대문구,11410,영천동,202607,연립다세대_매매,에이스빌,영천동,70-9,28.79,60000,,,6,1,2024,,,,,,직거래,
서대문구,11410,홍은동,202607,연립다세대_매매,다베로,홍은동,265-355,47.89,34000,,,4,25,2017,,,,,,중개거래,
서대문구,11410,연희동,202607,연립다세대_매매,(413-112),연희동,413-112,66.06,39500,,,2,25,1986,,,,,,중개거래,
서대문구,11410,북가좌동,202607,연립다세대_매매,유한아트빌라,북가좌동,347-38,50.5,25000,,,1,20,1992,,,,,,중개거래,
서대문구,11410,홍제동,202607,연립다세대_매매,동원빌라,홍제동,156-388,64.63,38300,,,2,11,1996,,,,,,중개거래,
서대문구,11410,북아현동,202607,연립다세대_매매,렉스힐,북아현동,1-1183,74.87,48000,,,3,24,2009,,,,,,중개거래,
서대문구,11410,북가좌동,202607,연립다세대_매매,은성빌라(385-6),북가좌동,385-6,52.65,97000,,,2,25,1993,,,,,,중개거래,
서대문구,11410,홍은동,202607,연립다세대_매매,해담채,홍은동,394-14,58.46,32500,,,3,22,2011,,,,,,중개거래,
서대문구,11410,연희동,202607,연립다세대_매매,연희에이스,연희동,715-6,53.8,46000,,,2,23,2018,,,,,,직거래,
서대문구,11410,북가좌동,202607,연립다세대_매매,호원캐슬,북가좌동,300-19,51.71,49800,,,4,18,2022,,,,,,중개거래,
서대문구,11410,북가좌동,202607,연립다세대_매매,(303-16),북가좌동,303-16,59.49,78000,,,3,18,1992,,,,,,중개거래,
서대문구,11410,북가좌동,202607,연립다세대_매매,인터시티빌,북가좌동,324-8,35.17,37500,,,4,23,2014,,,,,,중개거래,
서대문구,11410,홍은동,202607,연립다세대_매매,만민하늘애,홍은동,464-1,58.67,50500,,,2,11,2021,,,,,,중개거래,
서대문구,11410,연희동,202607,연립다세대_매매,명지주택,연희동,721-8,52.83,50000,,,2,10,1993,,,,,,중개거래,
서대문구,11410,연희동,202607,연립다세대_매매,엠티빌,연희동,170-96,57.58,35500,,,5,20,2001,,,,,,중개거래,
서대문구,11410,북가좌동,202607,연립다세대_매매,영주아트빌(347-42),북가좌동,347-42,29.36,19000,,,4,20,2014,,,,,,중개거래,
서대문구,11410,홍은동,202607,연립다세대_매매,청마파크빌,홍은동,191-15,56.49,31800,,,5,11,2017,,,,,,중개거래,
서대문구,11410,북아현동,202607,연립다세대_매매,북아현빌라1-45,북아현동,1-45,66.33,129000,,,-1,13,1991,,,,,,중개거래,
서대문구,11410,북가좌동,202607,연립다세대_매매,태성하이츠빌,북가좌동,296-21,26.71,5200,,,-1,13,2002,,,,,,중개거래,
서대문구,11410,홍은동,202607,연립다세대_매매,(8-344),홍은동,8-344,46.44,31000,,,1,13,1994,,,,,,중개거래,
서대문구,11410,북가좌동,202607,연립다세대_매매,동성빌라,북가좌동,289-19,93.22,54000,,,2,6,2002,,,,,,중개거래,
서대문구,11410,홍은동,202607,연립다세대_매매,우성별장빌라,홍은동,8-668,56.79,13500,,,-1,17,1997,,,,,,중개거래,
서대문구,11410,북가좌동,202607,연립다세대_매매,만민하늘애,북가좌동,338-4,44.94,40000,,,5,13,2018,,,,,,중개거래,
서대문구,11410,북가좌동,202607,연립다세대_매매,신안빌라(349-32),북가좌동,349-32,43.29,84500,,,1,6,1991,,,,,,중개거래,
서대문구,11410,충정로3가,202607,연립다세대_매매,노벨아트빌,충정로3가,3-10,63.335,133400,,,3,8,2003,,,,,,중개거래,
서대문구,11410,홍은동,202607,연립다세대_매매,(361-5),홍은동,361-5,39.42,22500,,,1,15,1987,,,,,,중개거래,
서대문구,11410,홍은동,202607,연립다세대_매매,아르떼빌,홍은동,265-152,28.17,16600,,,2,13,2015,,,,,,중개거래,
서대문구,11410,북가좌동,202607,연립다세대_매매,청아빌라,북가좌동,321-9,53.78,31300,,,3,9,2002,,,,,,중개거래,
서대문구,11410,남가좌동,202607,연립다세대_매매,예지스위트빌,남가좌동,325-48,80.03,41000,,,4,4,2003,,,,,,중개거래,
서대문구,11410,북가좌동,202607,연립다세대_매매,신안휴먼타운,북가좌동,313-19,29.98,29500,,,4,10,2019,,,,,,중개거래,
서대문구,11410,북가좌동,202607,연립다세대_매매,(74-172),북가좌동,74-172,34.85,21000,,,1,6,1988,,,,,,중개거래,
서대문구,11410,남가좌동,202607,연립다세대_매매,더-아무르,남가좌동,382-9,49.75,40000,,,7,13,2018,,,,,,중개거래,
서대문구,11410,충정로3가,202607,연립다세대_매매,을경빌라,충정로3가,3-75,102.87,146100,,,3,11,1986,,,,,,중개거래,
서대문구,11410,남가좌동,202607,연립다세대_매매,더트리니티,남가좌동,330-40,48.35,55800,,,7,11,2023,,,,,,중개거래,
서대문구,11410,북가좌동,202607,연립다세대_매매,더플레이스한양(310-5),북가좌동,310-5,27.39,28000,,,5,4,2019,,,,,,중개거래,
서대문구,11410,홍제동,202607,연립다세대_매매,크로바빌라,홍제동,122-16,43.22,44700,,,2,3,1991,,,,,,중개거래,
서대문구,11410,북가좌동,202607,연립다세대_매매,동명,북가좌동,320-8,77.2,39000,,,1,7,2000,,,,,,중개거래,
서대문구,11410,홍은동,202607,연립다세대_매매,엘씨빌,홍은동,405-11,66.35,29000,,,5,1,2007,,,,,,중개거래,O
서대문구,11410,북가좌동,202607,연립다세대_매매,현대빌라(302-34),북가좌동,302-34,72.87,84500,,,1,12,2001,,,,,,중개거래,
서대문구,11410,북가좌동,202607,연립다세대_매매,경성하이빌(314-26),북가좌동,314-26,49.14,44500,,,2,4,2013,,,,,,중개거래,
서대문구,11410,홍제동,202607,연립다세대_매매,장성아트빌,홍제동,122-9,36.12,53000,,,3,6,2018,,,,,,중개거래,
서대문구,11410,홍은동,202607,연립다세대_매매,명지하이츠빌,홍은동,397-23,49.44,30000,,,3,1,2008,,,,,,중개거래,
서대문구,11410,북가좌동,202607,연립다세대_매매,해밀타운A동,북가좌동,325-25,54.93,30900,,,3,4,2010,,,,,,중개거래,
서대문구,11410,연희동,202607,연립다세대_매매,(112-13),연희동,112-13,56.72,33900,,,1,4,1997,,,,,,중개거래,
서대문구,11410,홍은동,202607,연립다세대_매매,금송힐스빌,홍은동,458,84.29,49000,,,2,2,2002,,,,,,중개거래,
서대문구,11410,북가좌동,202607,연립다세대_매매,일원빌리지,북가좌동,347-39,40.62,35000,,,2,1,2014,,,,,,중개거래,
서대문구,11410,연희동,202607,아파트_매매,연희파크푸르지오,연희동,747,84.8003,128700,,,8,28,2018,,,,,,중개거래,
서대문구,11410,남가좌동,202607,아파트_매매,DMC파크뷰자이1단지,남가좌동,385,121.614,194000,,,20,31,2015,,,,,,중개거래,
서대문구,11410,홍제동,202607,아파트_매매,홍제에스피엘,홍제동,322-138,84.067,47520,,,1,21,2023,,,,,,직거래,
서대문구,11410,홍제동,202607,아파트_매매,홍제에스피엘,홍제동,322-138,84.067,47627,,,1,24,2023,,,,,,직거래,
서대문구,11410,현저동,202607,아파트_매매,독립문파크빌,현저동,1019,59.4,76000,,,4,12,2000,,,,,,중개거래,
서대문구,11410,홍제동,202607,아파트_매매,홍제한양,홍제동,82,84.77,113000,,,2,27,1993,,,,,,중개거래,
서대문구,11410,연희동,202607,아파트_매매,대우푸르지오,연희동,739,84.706,130800,,,17,31,2002,,,,,,중개거래,
서대문구,11410,남가좌동,202607,아파트_매매,남가좌동현대,남가좌동,376,59.4,102500,,,8,25,1999,,,,,,중개거래,
서대문구,11410,홍은동,202607,아파트_매매,북한산더샵,홍은동,464,114.868,164000,,,18,28,2017,,,,,,중개거래,
서대문구,11410,홍은동,202607,아파트_매매,홍은미성,홍은동,186-1,83.61,54400,,,9,18,1985,,,,,,중개거래,
서대문구,11410,남가좌동,202607,아파트_매매,DMC파크뷰자이1단지,남가좌동,385,84.968,167000,,,8,28,2015,,,,,,중개거래,
서대문구,11410,남가좌동,202607,아파트_매매,DMC센트럴아이파크,남가좌동,388,59.99,126500,,,11,29,2018,,,,,,중개거래,
서대문구,11410,남가좌동,202607,아파트_매매,DMC센트레빌,남가좌동,381,59.95,121000,,,7,27,2009,,,,,,중개거래,
서대문구,11410,홍은동,202607,아파트_매매,힐스테이트홍은포레스트,홍은동,470,59.84,104000,,,12,25,2023,,,,,,중개거래,
서대문구,11410,북아현동,202607,아파트_매매,신촌푸르지오,북아현동,1011,84.9738,207000,,,8,30,2015,,,,,,중개거래,
서대문구,11410,홍제동,202607,아파트_매매,홍제원현대(459-0),홍제동,459,59.93,115800,,,16,31,2000,,,,,,중개거래,
서대문구,11410,대현동,202607,아파트_매매,신촌럭키,대현동,144,59.7,130000,,,5,23,1999,,,,,,중개거래,
서대문구,11410,천연동,202607,아파트_매매,천연뜨란채,천연동,145,56.08,109700,,,1,31,2006,,,,,,중개거래,
서대문구,11410,홍은동,202607,아파트_매매,극동,홍은동,454,84.92,50000,,,10,29,1995,,,,,,중개거래,
서대문구,11410,홍제동,202607,아파트_매매,홍제한양,홍제동,82,120.14,133000,,,13,30,1993,,,,,,중개거래,
서대문구,11410,홍제동,202607,아파트_매매,홍제역해링턴플레이스,홍제동,474,59.99,131000,,,3,30,2024,,,,,,중개거래,
서대문구,11410,연희동,202607,아파트_매매,임광,연희동,738,114.79,120000,,,3,18,1999,,,,,,중개거래,
서대문구,11410,충정로2가,202607,아파트_매매,로얄패밀리아파트B동,충정로2가,69-60,80.79,60000,,,6,30,2004,,,,,,중개거래,
서대문구,11410,홍은동,202607,아파트_매매,극동,홍은동,454,84.92,59000,,,11,25,1995,,,,,,중개거래,
서대문구,11410,충정로3가,202607,아파트_매매,충정리시온,충정로3가,465,44.88,56800,,,20,28,2004,,,,,,중개거래,
서대문구,11410,홍은동,202607,아파트_매매,e편한세상서대문,홍은동,469,59.986,125000,,,16,30,2023,,,,,,중개거래,
서대문구,11410,홍제동,202607,아파트_매매,홍제현대,홍제동,331,83.05,101000,,,12,29,1992,,,,,,중개거래,
서대문구,11410,홍제동,202607,아파트_매매,서대문푸르지오센트럴파크,홍제동,478,59.94,162000,,,8,29,2023,,,,,,중개거래,
서대문구,11410,북가좌동,202607,아파트_매매,DMC래미안e편한세상,북가좌동,481,84.92,157700,,,29,21,2012,,,,,,중개거래,
서대문구,11410,남가좌동,202607,아파트_매매,DMC파크뷰자이1단지,남가좌동,385,121.614,200000,,,26,29,2015,,,,,,중개거래,
서대문구,11410,홍은동,202607,아파트_매매,풍림1차,홍은동,440-3,64.53,59000,,,8,29,1988,,,,,,중개거래,
서대문구,11410,홍제동,202607,아파트_매매,인왕산어울림,홍제동,467,144.68,149000,,,13,27,2006,,,,,,중개거래,
서대문구,11410,홍은동,202607,아파트_매매,홍은동벽산,홍은동,455,84.96,80500,,,1,29,1997,,,,,,중개거래,
서대문구,11410,남가좌동,202607,아파트_매매,DMC파크뷰자이1단지,남가좌동,385,84.968,169000,,,17,29,2015,,,,,,중개거래,
서대문구,11410,영천동,202607,아파트_매매,독립문삼호,영천동,100,75.66,135000,,,16,21,1995,,,,,,중개거래,
서대문구,11410,북가좌동,202607,아파트_매매,DMC래미안e편한세상,북가좌동,481,84.95,153900,,,15,28,2012,,,,,,중개거래,
서대문구,11410,현저동,202607,아파트_매매,독립문파크빌,현저동,1019,59.4,80000,,,6,28,2000,,,,,,중개거래,
서대문구,11410,홍제동,202607,아파트_매매,홍제한양,홍제동,82,60.06,99000,,,14,28,1993,,,,,,중개거래,
서대문구,11410,남가좌동,202607,아파트_매매,DMC센트레빌,남가좌동,381,114.85,134000,,,7,21,2009,,,,,,중개거래,
서대문구,11410,홍은동,202607,아파트_매매,힐스테이트홍은포레스트,홍은동,470,59.99,103000,,,8,28,2023,,,,,,중개거래,
서대문구,11410,북가좌동,202607,아파트_매매,DMC래미안e편한세상,북가좌동,481,59.97,90000,,,10,27,2012,,,,,,중개거래,
서대문구,11410,홍제동,202607,아파트_매매,유원하나,홍제동,454,58.77,51500,,,2,27,1996,,,,,,중개거래,
서대문구,11410,홍제동,202607,아파트_매매,홍제역해링턴플레이스,홍제동,474,59.99,142500,,,3,25,2024,,,,,,중개거래,
서대문구,11410,북아현동,202607,아파트_매매,두산,북아현동,1009,59.96,138000,,,4,27,1999,,,,,,중개거래,
서대문구,11410,남가좌동,202607,아파트_매매,DMC금호리첸시아,남가좌동,396,84.9901,150000,,,24,14,2024,,,,,,중개거래,
서대문구,11410,북아현동,202607,아파트_매매,힐스테이트신촌,북아현동,1017,59.8404,184000,,,14,27,2023,,,,,,중개거래,
서대문구,11410,홍은동,202607,아파트_매매,동원베네스트,홍은동,463,84.9772,75500,,,9,27,2012,,,,,,중개거래,
서대문구,11410,창천동,202607,아파트_매매,3RU-City,창천동,510-2,17.19,16321,,,12,27,2013,,,,,,직거래,
서대문구,11410,대현동,202607,아파트_매매,신촌자이엘라,대현동,104-36,22.13,27000,,,16,24,2014,,,,,,중개거래,
서대문구,11410,홍은동,202607,아파트_매매,극동,홍은동,454,84.92,55500,,,14,22,1995,,,,,,중개거래,
서대문구,11410,홍은동,202607,아파트_매매,극동,홍은동,454,84.92,54900,,,9,26,1995,,,,,,중개거래,
서대문구,11410,홍은동,202607,아파트_매매,홍은동벽산,홍은동,455,114.96,87700,,,2,26,1997,,,,,,중개거래,
서대문구,11410,북가좌동,202607,아파트_매매,DMC래미안e편한세상,북가좌동,481,84.92,159500,,,14,10,2012,,,,,,중개거래,
서대문구,11410,홍제동,202607,아파트_매매,남양,홍제동,457,114.99,99000,,,5,16,1999,,,,,,중개거래,
서대문구,11410,북가좌동,202607,아파트_매매,DMC한양,북가좌동,431,84.33,99000,,,1,25,1987,,,,,,중개거래,
서대문구,11410,현저동,202607,아파트_매매,독립문극동(200-0),현저동,200,59.58,136000,,,3,25,1998,,,,,,중개거래,
서대문구,11410,홍제동,202607,아파트_매매,청구1차,홍제동,453,84.78,118000,,,10,25,1994,,,,,,중개거래,
서대문구,11410,북아현동,202607,아파트_매매,e편한세상신촌2단지,북아현동,1013,59.85,188000,,,2,8,2018,,,,,,중개거래,
서대문구,11410,냉천동,202607,아파트_매매,돈의문센트레빌,냉천동,261,84.99,185000,,,7,25,2011,,,,,,중개거래,
서대문구,11410,남가좌동,202607,아파트_매매,DMC에코자이,남가좌동,389,84.978,152800,,,15,24,2019,,,,,,중개거래,
서대문구,11410,북아현동,202607,아파트_매매,신촌푸르지오,북아현동,1011,84.9572,212000,,,17,24,2015,,,,,,중개거래,
서대문구,11410,홍은동,202607,아파트_매매,유원,홍은동,22,64.26,53500,,,3,18,1987,,,,,,중개거래,
서대문구,11410,남가좌동,202607,아파트_매매,남가좌동현대,남가좌동,376,59.4,100000,,,11,25,1999,,,,,,중개거래,
서대문구,11410,홍제동,202607,아파트_매매,홍제역해링턴플레이스,홍제동,474,84.95,169500,,,16,25,2024,,,,,,중개거래,
서대문구,11410,북가좌동,202607,아파트_매매,DMC한양,북가좌동,431,65.34,92000,,,9,24,1987,,,,,,중개거래,
서대문구,11410,연희동,202607,아파트_매매,대우푸르지오,연희동,739,84.706,125000,,,17,24,2002,,,,,,중개거래,
서대문구,11410,충정로3가,202607,아파트_매매,충정리시온,충정로3가,465,38.7,45000,,,10,22,2004,,,,,,중개거래,
서대문구,11410,홍제동,202607,아파트_매매,유원하나,홍제동,454,103.11,72500,,,12,22,1996,,,,,,중개거래,
서대문구,11410,냉천동,202607,아파트_매매,동부센트레빌,냉천동,260,59.86,103500,,,5,24,2002,,,,,,중개거래,
서대문구,11410,홍제동,202607,아파트_매매,홍제삼성래미안,홍제동,461,114.75,110000,,,1,24,2001,,,,,,중개거래,
서대문구,11410,영천동,202607,아파트_매매,독립문삼호,영천동,100,84.78,129250,,,2,23,1995,,,,,,중개거래,
서대문구,11410,북아현동,202607,아파트_매매,e편한세상신촌2단지,북아현동,1013,84.98,238000,,,9,23,2018,,,,,,중개거래,
서대문구,11410,홍제동,202607,아파트_매매,서대문푸르지오센트럴파크,홍제동,478,59.94,155000,,,13,23,2023,,,,,,중개거래,
서대문구,11410,북아현동,202607,아파트_매매,신촌푸르지오,북아현동,1011,84.9559,206000,,,14,23,2015,,,,,,중개거래,
서대문구,11410,북아현동,202607,아파트_매매,힐스테이트신촌,북아현동,1017,59.8404,181000,,,5,4,2023,,,,,,중개거래,
서대문구,11410,홍제동,202607,아파트_매매,초원드림빌,홍제동,335-10,71.28,60000,,,4,14,2000,,,,,,중개거래,
서대문구,11410,남가좌동,202607,아파트_매매,DMC파크뷰자이1단지,남가좌동,385,84.971,167000,,,21,23,2015,,,,,,중개거래,
서대문구,11410,남가좌동,202607,아파트_매매,DMC파크뷰자이1단지,남가좌동,385,84.968,168000,,,14,22,2015,,,,,,중개거래,
서대문구,11410,남가좌동,202607,아파트_매매,디엠씨엘가,남가좌동,387,17.23,18500,,,2,23,2017,,,,,,중개거래,
서대문구,11410,북가좌동,202607,아파트_매매,DMC한양,북가좌동,431,65.34,90500,,,5,23,1987,,,,,,중개거래,
서대문구,11410,연희동,202607,아파트_매매,선명(102동),연희동,703-25,66.36,56800,,,5,19,2004,,,,,,중개거래,
서대문구,11410,홍은동,202607,아파트_매매,풍림1차,홍은동,440-3,56.61,57000,,,2,22,1988,,,,,,중개거래,
서대문구,11410,남가좌동,202607,아파트_매매,DMC파크뷰자이1단지,남가좌동,385,175.078,215000,,,6,14,2015,,,,,,중개거래,
서대문구,11410,남가좌동,202607,아파트_매매,DMC래미안클라시스,남가좌동,377,84.9,114000,,,3,22,2000,,,,,,중개거래,
서대문구,11410,연희동,202607,아파트_매매,연희파크푸르지오,연희동,747,112.8619,149900,,,19,3,2018,,,,,,중개거래,
서대문구,11410,홍제동,202607,아파트_매매,홍제센트럴IPARK,홍제동,473,84.9728,140000,,,2,22,2020,,,,,,중개거래,
서대문구,11410,홍은동,202607,아파트_매매,홍은동벽산,홍은동,455,58.64,70000,,,5,22,1997,,,,,,중개거래,
서대문구,11410,연희동,202607,아파트_매매,제니스APT,연희동,171-10,59.54,53000,,,5,22,2016,,,,,,중개거래,
서대문구,11410,북가좌동,202607,아파트_매매,DMC래미안e편한세상,북가좌동,481,59.97,146000,,,15,21,2012,,,,,,중개거래,
서대문구,11410,홍은동,202607,아파트_매매,극동,홍은동,454,84.92,59000,,,10,21,1995,,,,,,중개거래,
서대문구,11410,남가좌동,202607,아파트_매매,래미안남가좌2차,남가좌동,379,59.788,127000,,,9,20,2005,,,,,,중개거래,
서대문구,11410,홍제동,202607,아파트_매매,남양,홍제동,457,114.99,85000,,,10,14,1999,,,,,,중개거래,
서대문구,11410,대현동,202607,아파트_매매,신촌럭키,대현동,144,59.7,124000,,,6,14,1999,,,,,,중개거래,
서대문구,11410,남가좌동,202607,아파트_매매,래미안남가좌2차,남가좌동,379,84.806,141000,,,4,20,2005,,,,,,중개거래,
서대문구,11410,홍제동,202607,아파트_매매,홍제센트럴IPARK,홍제동,473,84.9728,155000,,,5,20,2020,,,,,,중개거래,
서대문구,11410,홍제동,202607,아파트_매매,현대그린,홍제동,455,84.96,75000,,,13,21,1996,,,,,,중개거래,
서대문구,11410,홍은동,202607,아파트_매매,힐스테이트홍은포레스트,홍은동,470,59.84,100000,,,4,1,2023,,,,,,중개거래,
서대문구,11410,홍제동,202607,아파트_매매,서대문푸르지오센트럴파크,홍제동,478,55.25,141000,,,12,20,2023,,,,,,중개거래,
서대문구,11410,홍제동,202607,아파트_매매,청구1차,홍제동,453,84.78,126000,,,8,20,1994,,,,,,중개거래,
서대문구,11410,홍제동,202607,아파트_매매,인왕산현대,홍제동,460,59.93,107700,,,18,8,2000,,,,,,중개거래,
서대문구,11410,홍제동,202607,아파트_매매,문화촌현대,홍제동,463,84.99,97500,,,8,20,2002,,,,,,중개거래,
서대문구,11410,홍제동,202607,아파트_매매,홍제역해링턴플레이스,홍제동,474,84.95,169500,,,10,20,2024,,,,,,중개거래,
서대문구,11410,북가좌동,202607,아파트_매매,DMC서부인터빌,북가좌동,467,84.66,90250,,,12,20,2008,,,,,,중개거래,
서대문구,11410,냉천동,202607,아파트_매매,동부센트레빌,냉천동,260,114.92,124000,,,2,16,2002,,,,,,중개거래,
서대문구,11410,홍제동,202607,아파트_매매,성원,홍제동,456,41.5,49500,,,6,17,1998,,,,,,중개거래,
서대문구,11410,홍제동,202607,아파트_매매,인왕산한신휴플러스,홍제동,469,84.925,106700,,,6,18,2009,,,,,,중개거래,
서대문구,11410,홍은동,202607,아파트_매매,풍림1차,홍은동,440-3,56.61,48000,,,3,18,1988,,,,,,중개거래,
서대문구,11410,남가좌동,202607,아파트_매매,디엠씨엘가,남가좌동,387,30.36,36500,,,15,18,2017,,,,,,중개거래,
서대문구,11410,홍제동,202607,아파트_매매,홍제역해링턴플레이스,홍제동,474,39.38,97500,,,17,18,2024,,,,,,중개거래,
서대문구,11410,홍제동,202607,아파트_매매,인왕산현대,홍제동,460,114.72,113000,,,1,18,2000,,,,,,중개거래,
서대문구,11410,북아현동,202607,아파트_매매,그린빌,북아현동,1-122,97.03,137000,,,1,18,2003,,,,,,중개거래,
서대문구,11410,홍은동,202607,아파트_매매,홍은동벽산,홍은동,455,114.96,95500,,,2,18,1997,,,,,,중개거래,
서대문구,11410,홍은동,202607,아파트_매매,홍은미성,홍은동,186-1,65.43,48000,,,10,13,1985,,,,,,중개거래,
서대문구,11410,홍은동,202607,아파트_매매,두산,홍은동,456,59.73,62000,,,4,17,1997,,,,,,중개거래,
서대문구,11410,북가좌동,202607,아파트_매매,북가좌삼호,북가좌동,449,75.75,91000,,,16,17,1996,,,,,,중개거래,
서대문구,11410,홍은동,202607,아파트_매매,홍은센트레빌,홍은동,461,114.83,118000,,,16,13,2009,,,,,,중개거래,
서대문구,11410,홍제동,202607,아파트_매매,서대문푸르지오센트럴파크,홍제동,478,55.25,137000,,,2,10,2023,,,,,,중개거래,
서대문구,11410,북가좌동,202607,아파트_매매,DMC아이파크,북가좌동,458,84.93,127000,,,9,17,2009,,,,,,중개거래,
서대문구,11410,홍은동,202607,아파트_매매,풍림1차,홍은동,440-3,56.61,52000,,,3,17,1988,,,,,,중개거래,
서대문구,11410,홍은동,202607,아파트_매매,반석블레스,홍은동,440-1,59.98,66500,,,9,17,2013,,,,,,중개거래,
서대문구,11410,천연동,202607,아파트_매매,천연뜨란채,천연동,145,56.02,118500,,,18,17,2006,,,,,,중개거래,
서대문구,11410,홍은동,202607,아파트_매매,홍은동벽산,홍은동,455,114.96,88000,,,7,17,1997,,,,,,중개거래,
서대문구,11410,남가좌동,202607,아파트_매매,래미안남가좌2차,남가좌동,379,59.788,129500,,,5,17,2005,,,,,,중개거래,
서대문구,11410,홍은동,202607,아파트_매매,홍은동벽산,홍은동,455,84.78,90000,,,6,17,1997,,,,,,중개거래,
서대문구,11410,남가좌동,202607,아파트_매매,DMC센트럴아이파크,남가좌동,388,84.97,151000,,,15,17,2018,,,,,,중개거래,
서대문구,11410,냉천동,202607,아파트_매매,돈의문센트레빌,냉천동,261,59.98,150000,,,8,17,2011,,,,,,중개거래,
서대문구,11410,홍은동,202607,아파트_매매,힐스테이트홍은포레스트,홍은동,470,59.84,101000,,,5,16,2023,,,,,,중개거래,
서대문구,11410,북아현동,202607,아파트_매매,두산,북아현동,1009,59.96,135000,,,7,16,1999,,,,,,중개거래,
서대문구,11410,북가좌동,202607,아파트_매매,DMC한양,북가좌동,431,65.34,93500,,,12,16,1987,,,,,,중개거래,
서대문구,11410,냉천동,202607,아파트_매매,동부센트레빌,냉천동,260,59.86,100500,,,14,13,2002,,,,,,중개거래,
서대문구,11410,북아현동,202607,아파트_매매,북아현경남,북아현동,1006,84.91,181000,,,4,16,1996,,,,,,중개거래,
서대문구,11410,북아현동,202607,아파트_매매,신촌푸르지오,북아현동,1011,59.8802,179500,,,13,11,2015,,,,,,중개거래,
서대문구,11410,홍제동,202607,아파트_매매,광산,홍제동,157-68,56.76,41200,,,4,7,1973,,,,,,중개거래,
서대문구,11410,대현동,202607,아파트_매매,신촌럭키,대현동,144,59.7,128500,,,12,14,1999,,,,,,중개거래,
서대문구,11410,연희동,202607,아파트_매매,삼우장미,연희동,106-2,41.75,33000,,,7,12,2009,,,,,,중개거래,
서대문구,11410,남가좌동,202607,아파트_매매,남가좌동현대,남가좌동,376,59.4,99000,,,2,15,1999,,,,,,중개거래,
서대문구,11410,북가좌동,202607,아파트_매매,DMC래미안e편한세상,북가좌동,481,84.95,146000,,,16,9,2012,,,,,,중개거래,
서대문구,11410,홍제동,202607,아파트_매매,홍제삼성래미안,홍제동,461,114.75,110000,,,4,15,2001,,,,,,중개거래,
서대문구,11410,냉천동,202607,아파트_매매,돈의문센트레빌,냉천동,261,84.99,185000,,,6,3,2011,,,,,,중개거래,
서대문구,11410,천연동,202607,아파트_매매,천연뜨란채,천연동,145,75.55,121500,,,13,15,2006,,,,,,중개거래,
서대문구,11410,연희동,202607,아파트_매매,대우푸르지오,연희동,739,84.706,130000,,,9,15,2002,,,,,,중개거래,
서대문구,11410,대현동,202607,아파트_매매,신촌럭키,대현동,144,59.7,130000,,,12,13,1999,,,,,,중개거래,
서대문구,11410,북가좌동,202607,아파트_매매,신일해피트리,북가좌동,455,84.98,85200,,,4,3,2005,,,,,,중개거래,
서대문구,11410,홍은동,202607,아파트_매매,홍은미성,홍은동,186-1,83.61,55000,,,12,14,1985,,,,,,중개거래,
서대문구,11410,홍제동,202607,아파트_매매,유원하나,홍제동,454,58.77,57700,,,13,8,1996,,,,,,중개거래,
서대문구,11410,홍제동,202607,아파트_매매,유원하나,홍제동,454,72.34,63000,,,14,13,1996,,,,,,중개거래,
서대문구,11410,현저동,202607,아파트_매매,독립문파크빌,현저동,1019,59.4,73000,,,9,13,2000,,,,,,중개거래,
서대문구,11410,홍은동,202607,아파트_매매,홍은동아더프라임,홍은동,439-1,74.8918,76000,,,8,10,2014,,,,,,중개거래,
서대문구,11410,남가좌동,202607,아파트_매매,DMC센트럴아이파크,남가좌동,388,84.95,144500,,,12,13,2018,,,,,,중개거래,
서대문구,11410,홍은동,202607,아파트_매매,극동,홍은동,454,84.92,53300,,,14,5,1995,,,,,,중개거래,
서대문구,11410,홍은동,202607,아파트_매매,힐스테이트홍은포레스트,홍은동,470,72.79,118000,,,8,11,2023,,,,,,중개거래,
서대문구,11410,현저동,202607,아파트_매매,독립문극동(200-0),현저동,200,114.51,165000,,,6,7,1998,,,,,,중개거래,
서대문구,11410,남가좌동,202607,아파트_매매,DMC파크뷰자이2단지,남가좌동,385,84.909,162500,,,23,13,2015,,,,,,중개거래,
서대문구,11410,현저동,202607,아파트_매매,독립문극동(200-0),현저동,200,84.87,154500,,,15,12,1998,,,,,,중개거래,
서대문구,11410,홍은동,202607,아파트_매매,극동,홍은동,454,84.92,53500,,,2,12,1995,,,,,,중개거래,
서대문구,11410,남가좌동,202607,아파트_매매,DMC래미안클라시스,남가좌동,377,59.93,107000,,,2,12,2000,,,,,,중개거래,
서대문구,11410,현저동,202607,아파트_매매,독립문파크빌,현저동,1019,59.4,76000,,,4,12,2000,,,,,,중개거래,O
서대문구,11410,홍제동,202607,아파트_매매,유원하나,홍제동,454,103.11,73000,,,12,12,1996,,,,,,중개거래,
서대문구,11410,홍제동,202607,아파트_매매,홍제현대,홍제동,331,75.15,104000,,,5,11,1992,,,,,,중개거래,
서대문구,11410,북가좌동,202607,아파트_매매,DMC아이파크,북가좌동,458,84.93,120000,,,2,11,2009,,,,,,중개거래,
서대문구,11410,홍은동,202607,아파트_매매,힐스테이트홍은포레스트,홍은동,470,59.84,100000,,,8,11,2023,,,,,,중개거래,
서대문구,11410,홍제동,202607,아파트_매매,유원하나,홍제동,454,58.77,55400,,,2,11,1996,,,,,,중개거래,
서대문구,11410,북가좌동,202607,아파트_매매,DMC래미안e편한세상,북가좌동,481,84.95,156000,,,12,11,2012,,,,,,중개거래,
서대문구,11410,북가좌동,202607,아파트_매매,DMC한양,북가좌동,431,116.76,129500,,,4,11,1987,,,,,,중개거래,
서대문구,11410,홍제동,202607,아파트_매매,홍제삼성래미안,홍제동,461,84.33,110000,,,13,11,2001,,,,,,중개거래,
서대문구,11410,홍제동,202607,아파트_매매,유원하나,홍제동,454,58.77,57300,,,2,11,1996,,,,,,중개거래,
서대문구,11410,홍은동,202607,아파트_매매,힐스테이트홍은포레스트,홍은동,470,72.97,106000,,,4,11,2023,,,,,,중개거래,
서대문구,11410,남가좌동,202607,아파트_매매,래미안남가좌2차,남가좌동,379,59.788,131000,,,12,11,2005,,,,,,중개거래,
서대문구,11410,홍제동,202607,아파트_매매,홍제한양,홍제동,82,60.06,94000,,,5,11,1993,,,,,,중개거래,
서대문구,11410,북가좌동,202607,아파트_매매,DMC래미안e편한세상,북가좌동,481,59.97,140200,,,10,10,2012,,,,,,중개거래,
서대문구,11410,홍은동,202607,아파트_매매,"현대(1,2차)",홍은동,202-5,59.97,75000,,,12,11,1988,,,,,,중개거래,
서대문구,11410,홍제동,202607,아파트_매매,청구1차,홍제동,453,84.78,105000,,,1,10,1994,,,,,,중개거래,
서대문구,11410,남가좌동,202607,아파트_매매,DMC파크뷰자이3단지,남가좌동,385,84.968,150000,,,12,10,2015,,,,,,중개거래,
서대문구,11410,북아현동,202607,아파트_매매,두산,북아현동,1009,59.96,123000,,,1,10,1999,,,,,,중개거래,
서대문구,11410,북가좌동,202607,아파트_매매,DMC래미안e편한세상,북가좌동,481,84.95,154000,,,10,8,2012,,,,,,중개거래,
서대문구,11410,연희동,202607,아파트_매매,임광,연희동,738,59.96,74500,,,15,10,1999,,,,,,중개거래,
서대문구,11410,홍제동,202607,아파트_매매,태영으뜸(데시앙),홍제동,373,46.36,51700,,,7,6,1998,,,,,,중개거래,
서대문구,11410,홍은동,202607,아파트_매매,힐스테이트홍은포레스트,홍은동,470,72.97,108000,,,3,9,2023,,,,,,중개거래,
서대문구,11410,홍제동,202607,아파트_매매,홍제원현대(459-0),홍제동,459,114.72,135000,,,8,9,2000,,,,,,중개거래,
서대문구,11410,남가좌동,202607,아파트_매매,DMC파크뷰자이1단지,남가좌동,385,84.974,169500,,,12,1,2015,,,,,,중개거래,
서대문구,11410,홍은동,202607,아파트_매매,힐스테이트홍은포레스트,홍은동,470,59.84,100000,,,4,1,2023,,,,,,중개거래,O
서대문구,11410,연희동,202607,아파트_매매,성원,연희동,740,84.95,93000,,,12,9,2001,,,,,,중개거래,
서대문구,11410,북가좌동,202607,아파트_매매,신일해피트리,북가좌동,455,84.98,87500,,,7,6,2005,,,,,,중개거래,
서대문구,11410,남가좌동,202607,아파트_매매,남가좌동현대,남가좌동,376,59.4,93500,,,1,9,1999,,,,,,중개거래,
서대문구,11410,북가좌동,202607,아파트_매매,요진,북가좌동,150,59.04,59500,,,14,7,1998,,,,,,중개거래,
서대문구,11410,홍제동,202607,아파트_매매,홍제센트럴IPARK,홍제동,473,84.9728,154500,,,12,8,2020,,,,,,중개거래,
서대문구,11410,남가좌동,202607,아파트_매매,DMC파크뷰자이1단지,남가좌동,385,84.968,165000,,,10,7,2015,,,,,,중개거래,
서대문구,11410,홍제동,202607,아파트_매매,문화촌현대,홍제동,463,84.99,97500,,,16,8,2002,,,,,,중개거래,
서대문구,11410,홍은동,202607,아파트_매매,힐스테이트홍은포레스트,홍은동,470,72.79,113200,,,13,8,2023,,,,,,중개거래,
서대문구,11410,북아현동,202607,아파트_매매,e편한세상신촌1단지,북아현동,1013,84.93,212000,,,7,2,2018,,,,,,중개거래,
서대문구,11410,북아현동,202607,아파트_매매,두산,북아현동,1009,59.96,139000,,,7,7,1999,,,,,,중개거래,
서대문구,11410,북가좌동,202607,아파트_매매,DMC래미안e편한세상,북가좌동,481,120.95,178000,,,23,7,2012,,,,,,중개거래,
서대문구,11410,북가좌동,202607,아파트_매매,DMC래미안e편한세상,북가좌동,481,84.95,150000,,,3,7,2012,,,,,,중개거래,
서대문구,11410,홍제동,202607,아파트_매매,유원하나,홍제동,454,58.77,59000,,,8,7,1996,,,,,,중개거래,
서대문구,11410,연희동,202607,아파트_매매,성원,연희동,740,84.95,95000,,,7,7,2001,,,,,,중개거래,
서대문구,11410,홍은동,202607,아파트_매매,진흥,홍은동,459,78.02,69000,,,5,7,2002,,,,,,중개거래,
서대문구,11410,남가좌동,202607,아파트_매매,래미안남가좌2차,남가좌동,379,84.806,138000,,,11,7,2005,,,,,,중개거래,
서대문구,11410,연희동,202607,아파트_매매,연희에스엠,연희동,705-4,68.06,54000,,,3,3,2011,,,,,,중개거래,
서대문구,11410,남가좌동,202607,아파트_매매,남가좌동현대,남가좌동,376,59.4,91500,,,1,6,1999,,,,,,중개거래,
서대문구,11410,북아현동,202607,아파트_매매,e편한세상신촌1단지,북아현동,1013,59.85,188000,,,7,6,2018,,,,,,중개거래,
서대문구,11410,북가좌동,202607,아파트_매매,DMC래미안e편한세상,북가좌동,481,59.97,140000,,,8,24,2012,,,,,,중개거래,
서대문구,11410,북아현동,202607,아파트_매매,e편한세상신촌1단지,북아현동,1013,59.85,191500,,,16,6,2018,,,,,,중개거래,
서대문구,11410,홍제동,202607,아파트_매매,서대문푸르지오센트럴파크,홍제동,478,84.95,187500,,,4,3,2023,,,,,,중개거래,
서대문구,11410,홍은동,202607,아파트_매매,힐스테이트홍은포레스트,홍은동,470,72.79,113500,,,8,2,2023,,,,,,중개거래,
서대문구,11410,북가좌동,202607,아파트_매매,DMC래미안e편한세상,북가좌동,481,84.95,150000,,,6,4,2012,,,,,,중개거래,
서대문구,11410,홍제동,202607,아파트_매매,홍제원현대(459-0),홍제동,459,114.72,140000,,,10,4,2000,,,,,,중개거래,
서대문구,11410,남가좌동,202607,아파트_매매,DMC래미안클라시스,남가좌동,377,84.9,109900,,,19,3,2000,,,,,,중개거래,
서대문구,11410,홍제동,202607,아파트_매매,청구1차,홍제동,453,84.78,110000,,,1,4,1994,,,,,,중개거래,
서대문구,11410,남가좌동,202607,아파트_매매,DMC래미안클라시스,남가좌동,377,114.93,125000,,,7,3,2000,,,,,,중개거래,
서대문구,11410,홍은동,202607,아파트_매매,북한산두산위브,홍은동,467,84.98,107800,,,14,4,2020,,,,,,중개거래,
서대문구,11410,연희동,202607,아파트_매매,대우푸르지오,연희동,739,59.584,102000,,,19,4,2002,,,,,,중개거래,
서대문구,11410,연희동,202607,아파트_매매,대우푸르지오,연희동,739,59.584,101500,,,15,4,2002,,,,,,중개거래,
서대문구,11410,홍은동,202607,아파트_매매,홍은동벽산,홍은동,455,84.96,87800,,,7,4,1997,,,,,,중개거래,
서대문구,11410,홍제동,202607,아파트_매매,청구2차,홍제동,453-1,59.89,94000,,,2,3,1997,,,,,,중개거래,
서대문구,11410,홍제동,202607,아파트_매매,홍제삼성래미안,홍제동,461,84.33,116000,,,9,4,2001,,,,,,중개거래,
서대문구,11410,북가좌동,202607,아파트_매매,북가좌삼호,북가좌동,449,84.57,98000,,,9,4,1996,,,,,,중개거래,
서대문구,11410,현저동,202607,아파트_매매,독립문극동(200-0),현저동,200,59.58,136500,,,17,4,1998,,,,,,중개거래,
서대문구,11410,홍은동,202607,아파트_매매,북한산두산위브,홍은동,467,59.93,88000,,,9,4,2020,,,,,,중개거래,
서대문구,11410,남가좌동,202607,아파트_매매,DMC파크뷰자이1단지,남가좌동,385,59.981,147000,,,7,2,2015,,,,,,중개거래,
서대문구,11410,천연동,202607,아파트_매매,천연뜨란채,천연동,145,57.78,109000,,,4,3,2006,,,,,,중개거래,
서대문구,11410,홍제동,202607,아파트_매매,광산,홍제동,157-68,70.64,42900,,,6,3,1973,,,,,,중개거래,
서대문구,11410,홍은동,202607,아파트_매매,북한산두산위브,홍은동,467,59.54,89000,,,5,3,2020,,,,,,중개거래,
서대문구,11410,남가좌동,202607,아파트_매매,DMC센트럴아이파크,남가좌동,388,59.91,125000,,,12,3,2018,,,,,,중개거래,
서대문구,11410,홍제동,202607,아파트_매매,홍제센트럴IPARK,홍제동,473,84.9728,147000,,,7,2,2020,,,,,,중개거래,
서대문구,11410,북가좌동,202607,아파트_매매,DMC래미안e편한세상,북가좌동,481,153.25,183000,,,2,2,2012,,,,,,중개거래,
서대문구,11410,남가좌동,202607,아파트_매매,래미안남가좌2차,남가좌동,379,59.788,117500,,,1,2,2005,,,,,,중개거래,
서대문구,11410,북가좌동,202607,아파트_매매,DMC래미안e편한세상,북가좌동,481,84.95,148500,,,3,2,2012,,,,,,중개거래,
서대문구,11410,홍제동,202607,아파트_매매,홍제원현대(459-0),홍제동,459,84.9,119000,,,9,1,2000,,,,,,중개거래,
서대문구,11410,홍제동,202607,아파트_매매,홍제현대,홍제동,331,83.05,106000,,,4,1,1992,,,,,,중개거래,
서대문구,11410,남가좌동,202607,아파트_매매,남가좌동현대,남가좌동,376,59.4,101000,,,16,1,1999,,,,,,중개거래,
서대문구,11410,홍은동,202607,아파트_매매,"현대(1,2차)",홍은동,202-5,59.96,74000,,,9,1,1988,,,,,,중개거래,
서대문구,11410,홍제동,202607,아파트_매매,홍제비콘드림힐,홍제동,468,84.946,78500,,,13,1,2006,,,,,,중개거래,
서대문구,11410,북아현동,202607,아파트_매매,힐스테이트신촌,북아현동,1017,84.9715,197000,,,15,1,2023,,,,,,중개거래,
서대문구,11410,홍은동,202607,아파트_매매,홍은센트레빌,홍은동,461,114.83,115000,,,13,1,2009,,,,,,중개거래,
서대문구,11410,대현동,202606,오피스텔_전월세,이대 투웨니퍼스트,대현동,56-100,16.05,,3000,90,8,11,2022,신규,26.08~27.08,,,,,
서대문구,11410,합동,202606,오피스텔_전월세,충정로대우디오빌,합동,117,37.15,,1000,100,9,29,2006,신규,26.08~28.08,,,,,
서대문구,11410,충정로2가,202606,오피스텔_전월세,서대문 디오빌 오피스텔,충정로2가,192,25.35,,15000,20,3,18,2009,신규,26.07~28.07,,,,,
서대문구,11410,합동,202606,오피스텔_전월세,SK리쳄블,합동,116,60.06,,10000,200,12,21,2005,신규,26.08~28.08,,,,,
서대문구,11410,대현동,202606,오피스텔_전월세,신촌리브하임,대현동,101-2,14.97,,3700,79,13,22,2021,신규,26.07~27.07,,,,,
서대문구,11410,대현동,202606,오피스텔_전월세,파라타워,대현동,90-70,19.96,,1000,125,17,7,2020,신규,26.08~27.07,,,,,
서대문구,11410,대현동,202606,오피스텔_전월세,이대프리젠#1,대현동,37-30,14.52,,14900,15,9,16,2017,신규,26.08~28.08,,,,,
서대문구,11410,대현동,202606,오피스텔_전월세,신촌 스타게이트,대현동,110-22,20.05,,5000,90,9,29,2019,신규,26.07~28.07,,,,,
서대문구,11410,대현동,202606,오피스텔_전월세,파크제이드 이화,대현동,56-28,15.89,,1000,90,9,30,2020,신규,26.07~27.07,,,,,
서대문구,11410,대현동,202606,오피스텔_전월세,신촌리브하임,대현동,101-2,14.97,,1000,90,14,24,2021,신규,26.07~27.02,,,,,
서대문구,11410,충정로2가,202606,오피스텔_전월세,서대문 디오빌 오피스텔,충정로2가,192,25.35,,1000,85,12,8,2009,신규,26.07~28.07,,,,,
서대문구,11410,대현동,202606,오피스텔_전월세,이대 투웨니퍼스트,대현동,56-100,16.05,,19600,0,7,29,2022,갱신,26.07~28.07,19100.0,,,,
서대문구,11410,대현동,202606,오피스텔_전월세,한빛슈테리움2차,대현동,56-83,12.87,,1000,74,4,29,2019,신규,26.08~27.08,,,,,
서대문구,11410,연희동,202606,오피스텔_전월세,연희소프트빌,연희동,212-2,16.2,,500,70,8,11,2001,신규,26.06~27.06,,,,,
서대문구,11410,창천동,202606,오피스텔_전월세,홍익사랑,창천동,490,22.11,,1000,65,9,23,2004,갱신,26.08~28.08,1000.0,55.0,,,
서대문구,11410,홍은동,202606,오피스텔_전월세,디에이원파크,홍은동,400-3,32.7,,2000,100,10,27,2019,신규,26.07~28.07,,,,,
서대문구,11410,연희동,202606,오피스텔_전월세,파라다이스텔에스비,연희동,80-7,19.24,,1000,60,4,23,2003,신규,26.08~27.08,,,,,
서대문구,11410,대현동,202606,오피스텔_전월세,이대 투웨니퍼스트,대현동,56-100,16.05,,2000,80,3,23,2022,신규,26.07~27.07,,,,,
서대문구,11410,대현동,202606,오피스텔_전월세,이대 포레스트,대현동,90-60,17.84,,1000,110,10,23,2019,갱신,26.08~27.08,1000.0,105.0,,,
서대문구,11410,대현동,202606,오피스텔_전월세,신촌 스타게이트,대현동,110-22,20.05,,1000,104,8,26,2019,신규,26.07~27.07,,,,,
서대문구,11410,대현동,202606,오피스텔_전월세,영타운 지웰 에스테이트,대현동,37-32,20.27,,1000,89,6,20,2017,신규,26.08~27.08,,,,,
서대문구,11410,대현동,202606,오피스텔_전월세,영타운 지웰 에스테이트,대현동,37-32,20.27,,1000,95,9,29,2017,신규,26.08~27.08,,,,,
서대문구,11410,연희동,202606,오피스텔_전월세,라이온스톤,연희동,103-6,19.81,,15000,3,4,19,2004,신규,26.07~28.07,,,,,
서대문구,11410,연희동,202606,오피스텔_전월세,연희미다스파크,연희동,142-21,26.67,,20000,0,6,4,2019,신규,26.08~28.08,,,,,
서대문구,11410,연희동,202606,오피스텔_전월세,(188-57),연희동,188-57,18.9,,2000,65,4,20,2003,신규,26.07~27.07,,,,,
서대문구,11410,합동,202606,오피스텔_전월세,SK리쳄블,합동,116,34.22,,1000,88,9,4,2005,신규,26.07~27.07,,,,,
서대문구,11410,연희동,202606,오피스텔_전월세,(343),연희동,343,21.65,,1000,81,4,15,1991,신규,26.07~27.07,,,,,
서대문구,11410,대현동,202606,오피스텔_전월세,이대 포레스트,대현동,90-60,17.84,,1000,92,6,15,2019,갱신,26.08~27.08,1000.0,87.0,,,
서대문구,11410,연희동,202606,오피스텔_전월세,(136-7),연희동,136-7,25.04,,10000,24,2,18,2003,갱신,26.07~28.07,10000.0,23.0,,,
서대문구,11410,연희동,202606,오피스텔_전월세,연희체스트빌,연희동,218-1,16.83,,500,75,3,16,2005,신규,26.07~28.07,,,,,
서대문구,11410,연희동,202606,오피스텔_전월세,(136-7),연희동,136-7,26.03,,11000,21,5,18,2003,갱신,26.08~28.08,11000.0,18.0,,,
서대문구,11410,연희동,202606,오피스텔_전월세,(136-7),연희동,136-7,26.03,,9000,29,6,18,2003,갱신,26.07~28.07,9000.0,26.0,,,
서대문구,11410,북가좌동,202606,오피스텔_전월세,선정오피스텔,북가좌동,343-1,21.75,,1000,60,10,23,2004,신규,26.07~28.07,,,,,
서대문구,11410,창천동,202606,오피스텔_전월세,홍익사랑,창천동,490,22.11,,1000,80,7,30,2004,신규,26.07~28.07,,,,,
서대문구,11410,대현동,202606,오피스텔_전월세,아리움6차,대현동,56-82,18.43,,500,130,4,16,2026,신규,26.07~26.11,,,,,
서대문구,11410,연희동,202606,오피스텔_전월세,스페이스엠,연희동,103-7,19.01,,9800,0,2,5,2005,신규,26.07~28.07,,,,,
서대문구,11410,합동,202606,오피스텔_전월세,SK리쳄블,합동,116,60.06,,40000,75,12,21,2005,신규,26.08~28.08,,,,,
서대문구,11410,대현동,202606,오피스텔_전월세,신촌 아리움,대현동,110-4,16.56,,500,135,13,10,2022,신규,26.06~27.06,,,,,
서대문구,11410,대현동,202606,오피스텔_전월세,아리움II,대현동,110-10,15.22,,1000,94,6,22,2021,신규,26.06~27.06,,,,,
서대문구,11410,대현동,202606,오피스텔_전월세,파크제이드 이화,대현동,56-28,15.89,,1000,90,8,10,2020,갱신,26.06~27.06,1000.0,90.0,,,
서대문구,11410,대현동,202606,오피스텔_전월세,이대 포레스트,대현동,90-60,17.84,,1000,100,12,15,2019,신규,26.06~27.06,,,,,
서대문구,11410,대현동,202606,오피스텔_전월세,MJ더퍼스트이대,대현동,90-66,23.45,,1000,68,8,13,2018,신규,26.06~27.06,,,,,
서대문구,11410,대현동,202606,오피스텔_전월세,MJ더퍼스트이대,대현동,90-66,26.6,,1000,99,11,27,2018,신규,26.08~27.08,,,,,
서대문구,11410,합동,202606,오피스텔_전월세,SK리쳄블,합동,116,34.22,,1000,101,7,20,2005,갱신,26.08~28.08,1000.0,96.0,사용,,
서대문구,11410,연희동,202606,오피스텔_전월세,파라다이스텔에스비,연희동,80-7,19.24,,1000,65,10,27,2003,신규,26.07~27.07,,,,,
서대문구,11410,대현동,202606,오피스텔_전월세,아리움 5차,대현동,37-25,13.12,,3000,77,9,7,2022,신규,26.07~27.07,,,,,
서대문구,11410,대현동,202606,오피스텔_전월세,이화인비따레오피스텔,대현동,45-5,24.29,,1000,75,8,16,2004,신규,26.08~27.07,,,,,
서대문구,11410,대현동,202606,오피스텔_전월세,MJ더퍼스트이대,대현동,90-66,23.45,,1000,100,9,23,2018,신규,26.08~27.08,,,,,
서대문구,11410,대현동,202606,오피스텔_전월세,파라타워,대현동,90-70,19.96,,1000,115,14,25,2020,갱신,26.07~27.07,1000.0,110.0,,,
서대문구,11410,대현동,202606,오피스텔_전월세,파라타워,대현동,90-70,42.9,,1000,120,16,15,2020,신규,26.06~27.06,,,,,
서대문구,11410,충정로3가,202606,오피스텔_전월세,충정리시온,충정로3가,465,33.22,,15500,0,4,17,2004,신규,26.07~28.07,,,,,
서대문구,11410,충정로2가,202606,오피스텔_전월세,서대문 디오빌 오피스텔,충정로2가,192,25.35,,1000,85,3,8,2009,신규,26.08~28.08,,,,,
서대문구,11410,대현동,202606,오피스텔_전월세,아리움Ⅰ,대현동,90-15,16.89,,1000,82,9,16,2019,신규,26.07~27.07,,,,,
서대문구,11410,연희동,202606,오피스텔_전월세,연희소프트빌,연희동,212-2,16.2,,500,65,8,11,2001,신규,26.06~27.06,,,,,
서대문구,11410,대현동,202606,오피스텔_전월세,신촌리브하임,대현동,101-2,14.97,,1000,92,11,11,2021,신규,26.06~27.06,,,,,
서대문구,11410,대현동,202606,오피스텔_전월세,슈테리움 오피스텔,대현동,90-22,13.29,,1000,75,3,16,2019,신규,26.08~27.08,,,,,
서대문구,11410,대현동,202606,오피스텔_전월세,이대프리젠#2,대현동,90-44,15.06,,1000,93,6,15,2017,신규,26.06~27.06,,,,,
서대문구,11410,창천동,202606,오피스텔_전월세,더이음,창천동,72-22,17.75,,3000,90,4,10,2021,신규,26.06~27.06,,,,,
서대문구,11410,대현동,202606,오피스텔_전월세,신촌 스타게이트,대현동,110-22,18.87,,1000,105,14,20,2019,신규,26.08~27.07,,,,,
서대문구,11410,창천동,202606,오피스텔_전월세,(62-48),창천동,62-48,18.5,,500,55,4,8,2002,신규,26.06~27.06,,,,,
서대문구,11410,대현동,202606,오피스텔_전월세,이대프리젠#1,대현동,37-30,14.52,,1000,90,4,20,2017,신규,26.07~27.06,,,,,
서대문구,11410,대현동,202606,오피스텔_전월세,이대 투웨니퍼스트,대현동,56-100,16.05,,1000,100,5,30,2022,신규,26.08~27.02,,,,,
서대문구,11410,창천동,202606,오피스텔_전월세,ATELIER MOKEN,창천동,112-23,11.2,,500,81,4,5,2021,신규,26.06~26.12,,,,,
서대문구,11410,대현동,202606,오피스텔_전월세,그린우드,대현동,37-69,18.33,,1000,120,8,27,2025,신규,26.08~28.08,,,,,
서대문구,11410,합동,202606,오피스텔_전월세,충정로대우디오빌,합동,117,29.25,,18500,14,10,22,2006,갱신,26.07~28.07,18500.0,10.0,사용,,
서대문구,11410,충정로2가,202606,오피스텔_전월세,서대문 디오빌 오피스텔,충정로2가,192,25.35,,1500,80,12,27,2009,신규,26.07~27.07,,,,,
서대문구,11410,연희동,202606,오피스텔_전월세,(188-57),연희동,188-57,18.9,,5000,45,4,18,2003,신규,26.08~27.08,,,,,
서대문구,11410,대현동,202606,오피스텔_전월세,신촌푸르지오시티,대현동,104-5,26.75,,1000,105,19,25,2014,갱신,26.06~28.06,1000.0,94.0,,,
서대문구,11410,충정로2가,202606,오피스텔_전월세,서대문 디오빌 오피스텔,충정로2가,192,25.35,,15000,20,3,18,2009,신규,26.07~28.07,,,,,
서대문구,11410,대현동,202606,오피스텔_전월세,이대프리젠#1,대현동,37-30,16.03,,1000,85,7,3,2017,신규,26.06~27.06,,,,,
서대문구,11410,대현동,202606,오피스텔_전월세,아리움6차,대현동,56-82,12.92,,1000,97,9,9,2026,신규,26.06~27.06,,,,,
서대문구,11410,연희동,202606,오피스텔_전월세,시아 루비움,연희동,78-4,17.16,,1000,60,6,8,2004,신규,26.07~27.07,,,,,
서대문구,11410,대현동,202606,오피스텔_전월세,신촌푸르지오시티,대현동,104-5,23.7,,5000,80,7,12,2014,신규,26.06~29.02,,,,,
서대문구,11410,대현동,202606,오피스텔_전월세,이대프리젠#3,대현동,37-15,14.46,,16750,0,6,20,2018,신규,26.07~28.07,,,,,
서대문구,11410,창천동,202606,오피스텔_전월세,신촌 르메이에르타운5,창천동,29-81,26.22,,1000,85,13,2,2005,신규,26.06~27.06,,,,,
서대문구,11410,연희동,202606,오피스텔_전월세,(76-24),연희동,76-24,25.73,,1000,50,3,28,2002,신규,26.06~27.06,,,,,
서대문구,11410,대현동,202606,오피스텔_전월세,유씨유 이대,대현동,90-77,17.31,,1000,110,18,25,2018,신규,26.06~27.06,,,,,
서대문구,11410,북아현동,202606,오피스텔_전월세,이편한세상신촌,북아현동,1013,27.42,,1000,120,5,26,2018,신규,26.08~28.08,,,,,
서대문구,11410,대현동,202606,오피스텔_전월세,에스엠피렌체,대현동,37-48,18.54,,19000,0,4,1,2018,신규,26.08~28.08,,,,,
서대문구,11410,연희동,202606,오피스텔_전월세,연희체스트빌,연희동,218-1,16.83,,500,75,9,19,2005,신규,26.06~29.06,,,,,
서대문구,11410,창천동,202606,오피스텔_전월세,신촌 르메이에르타운5,창천동,29-81,26.34,,1000,85,13,26,2005,신규,26.06~27.06,,,,,
서대문구,11410,대현동,202606,오피스텔_전월세,대현 3719 오피스텔,대현동,37-19,19.8,,3815,16,8,26,2023,갱신,26.07~28.06,3810.0,38.0,,,
서대문구,11410,대현동,202606,오피스텔_전월세,아리움 5차,대현동,37-25,13.12,,1000,82,5,6,2022,신규,26.06~27.06,,,,,
서대문구,11410,연희동,202606,오피스텔_전월세,(188-57),연희동,188-57,19.94,,5000,45,4,25,2003,신규,26.08~28.08,,,,,
서대문구,11410,연희동,202606,오피스텔_전월세,(188-57),연희동,188-57,18.9,,2000,65,4,25,2003,신규,26.08~27.08,,,,,
서대문구,11410,창천동,202606,오피스텔_전월세,신촌 르메이에르타운5,창천동,29-81,26.22,,1000,85,7,18,2005,신규,26.06~27.06,,,,,
서대문구,11410,창천동,202606,오피스텔_전월세,신촌 르메이에르타운5,창천동,29-81,29.13,,1000,90,14,24,2005,신규,26.06~27.06,,,,,
서대문구,11410,대현동,202606,오피스텔_전월세,더가온 오피스텔,대현동,56-10,17.32,,16800,0,3,20,2018,신규,26.08~28.08,,,,,
서대문구,11410,북가좌동,202606,오피스텔_전월세,선정오피스텔,북가좌동,343-1,28.13,,1000,70,7,24,2004,신규,26.06~28.06,,,,,
서대문구,11410,대현동,202606,오피스텔_전월세,엔트라리움,대현동,90-26,17.6,,60,39,4,24,2019,신규,26.06~28.09,,,,,
서대문구,11410,대현동,202606,오피스텔_전월세,그린우드,대현동,37-69,18.33,,1000,120,7,6,2025,신규,26.06~27.06,,,,,
서대문구,11410,대현동,202606,오피스텔_전월세,에스엠더포레스트2차,대현동,90-47,17.69,,1000,100,4,24,2023,신규,26.06~27.06,,,,,
서대문구,11410,대현동,202606,오피스텔_전월세,신촌푸르지오시티,대현동,104-5,23.38,,18900,0,6,19,2014,신규,26.07~28.07,,,,,
서대문구,11410,대현동,202606,오피스텔_전월세,에스엠더포레스트2차,대현동,90-47,17.2,,5000,80,4,16,2023,신규,26.06~27.06,,,,,
서대문구,11410,대현동,202606,오피스텔_전월세,아리움 5차,대현동,37-25,14.34,,1000,90,6,8,2022,신규,26.08~27.08,,,,,
서대문구,11410,연희동,202606,오피스텔_전월세,연희체스트빌,연희동,218-1,16.83,,1000,72,5,1,2005,신규,26.06~28.06,,,,,
서대문구,11410,미근동,202606,오피스텔_전월세,쎄미앙 오피스텔,미근동,190,19.4,,5000,40,6,21,2006,갱신,26.07~28.07,5000.0,40.0,,,
서대문구,11410,창천동,202606,오피스텔_전월세,더이음,창천동,72-22,17.75,,1000,90,6,20,2021,갱신,26.07~27.07,1000.0,86.0,,,
서대문구,11410,대현동,202606,오피스텔_전월세,더가온 오피스텔,대현동,56-10,17.32,,17500,0,7,17,2018,신규,26.07~28.07,,,,,
서대문구,11410,북아현동,202606,오피스텔_전월세,헤센 스마트 더 센트럴,북아현동,154-6,20.98,,28000,10,15,10,2023,신규,26.07~28.07,,,,,
서대문구,11410,창천동,202606,오피스텔_전월세,더이음,창천동,72-22,17.75,,1000,100,6,15,2021,신규,26.06~27.06,,,,,
서대문구,11410,대현동,202606,오피스텔_전월세,신촌 아리움,대현동,110-4,16.56,,300,137,4,11,2022,신규,26.06~26.09,,,,,
서대문구,11410,대현동,202606,오피스텔_전월세,이화인비따레오피스텔,대현동,45-5,21.9,,1000,66,8,5,2004,갱신,26.07~27.07,1000.0,63.0,,,
서대문구,11410,대현동,202606,오피스텔_전월세,에스엠더포레스트2차,대현동,90-47,17.2,,1000,100,3,17,2023,신규,26.06~27.06,,,,,
서대문구,11410,대현동,202606,오피스텔_전월세,파라타워,대현동,90-70,41.16,,1000,120,13,12,2020,신규,26.06~27.06,,,,,
서대문구,11410,연희동,202606,오피스텔_전월세,시아 루비움,연희동,78-4,17.16,,2000,55,9,22,2004,신규,26.06~27.09,,,,,
서대문구,11410,대현동,202606,오피스텔_전월세,슈테리움 오피스텔,대현동,90-22,13.39,,3500,60,4,20,2019,신규,26.08~27.08,,,,,
서대문구,11410,연희동,202606,오피스텔_전월세,연희체스트빌,연희동,218-1,16.83,,500,75,6,4,2005,신규,26.06~27.06,,,,,
서대문구,11410,대현동,202606,오피스텔_전월세,그린우드,대현동,37-69,17,,500,120,7,13,2025,신규,26.06~27.06,,,,,
서대문구,11410,창천동,202606,오피스텔_전월세,더이음,창천동,72-22,17.75,,18500,0,7,6,2021,갱신,26.06~28.06,21000.0,,,,
서대문구,11410,대현동,202606,오피스텔_전월세,유씨유 이대,대현동,90-77,17.31,,16000,21,14,20,2018,신규,26.07~28.07,,,,,
서대문구,11410,연희동,202606,오피스텔_전월세,브라운스톤 연희,연희동,194-30,116.81,,65000,0,11,12,2007,신규,26.07~28.07,,,,,
서대문구,11410,대현동,202606,오피스텔_전월세,더펜타,대현동,37-66,17.85,,1000,94,9,11,2023,신규,26.06~27.08,,,,,
서대문구,11410,홍제동,202606,오피스텔_전월세,제니스,홍제동,158-11,21.36,,2000,75,9,19,2020,갱신,26.06~27.06,2000.0,75.0,,,
서대문구,11410,창천동,202606,오피스텔_전월세,창천오피스텔,창천동,92-7,13.33,,7190,0,3,9,2002,신규,26.07~28.07,,,,,
서대문구,11410,연희동,202606,오피스텔_전월세,파라다이스텔에스비,연희동,80-7,15.94,,8100,40,4,13,2003,신규,26.07~28.07,,,,,
서대문구,11410,남가좌동,202606,오피스텔_전월세,더-아무르,남가좌동,382-9,45.08,,30700,0,5,13,2018,갱신,26.07~28.07,29700.0,,,,
서대문구,11410,홍제동,202606,오피스텔_전월세,제니스,홍제동,158-11,27.2,,22200,0,9,19,2020,신규,26.07~28.07,,,,,
서대문구,11410,연희동,202606,오피스텔_전월세,파라다이스텔에스비,연희동,80-7,19.24,,10000,60,5,2,2003,신규,26.07~29.01,,,,,
서대문구,11410,연희동,202606,오피스텔_전월세,연희미다스파크,연희동,142-21,39.62,,30400,0,5,8,2019,신규,26.07~28.07,,,,,
서대문구,11410,창천동,202606,오피스텔_전월세,(62-48),창천동,62-48,26.77,,500,65,4,17,2002,신규,26.07~27.07,,,,,
서대문구,11410,대현동,202606,오피스텔_전월세,신촌푸르지오시티,대현동,104-5,27.66,,1000,115,16,5,2014,신규,26.06~27.06,,,,,
서대문구,11410,합동,202606,오피스텔_전월세,충정로대우디오빌,합동,117,30.86,,19000,10,2,15,2006,신규,26.07~28.07,,,,,
서대문구,11410,북아현동,202606,오피스텔_전월세,이편한세상신촌,북아현동,1013,27.16,,1000,116,10,13,2018,갱신,26.07~27.07,1000.0,110.0,사용,,
서대문구,11410,연희동,202606,오피스텔_전월세,연희체스트빌,연희동,218-1,16.83,,500,75,9,10,2005,신규,26.06~28.06,,,,,
서대문구,11410,합동,202606,오피스텔_전월세,충정로대우디오빌,합동,117,61.22,,2000,160,15,12,2006,신규,26.06~26.12,,,,,
서대문구,11410,연희동,202606,오피스텔_전월세,브라운 힐,연희동,100-15,20.72,,1000,45,6,12,2002,신규,26.06~28.06,,,,,
서대문구,11410,충정로2가,202606,오피스텔_전월세,서대문 디오빌 오피스텔,충정로2가,192,25.35,,16000,0,14,6,2009,신규,26.06~28.06,,,,,
서대문구,11410,합동,202606,오피스텔_전월세,충정로대우디오빌,합동,117,29.26,,1000,82,8,5,2006,갱신,26.06~27.06,1000.0,79.0,,,
서대문구,11410,연희동,202606,오피스텔_전월세,(136-7),연희동,136-7,26.03,,10000,25,4,12,2003,신규,26.08~28.08,,,,,
서대문구,11410,합동,202606,오피스텔_전월세,충정로대우디오빌,합동,117,30.86,,500,80,15,9,2006,신규,26.06~27.06,,,,,
서대문구,11410,대현동,202606,오피스텔_전월세,파라타워,대현동,90-70,19.96,,1000,115,8,11,2020,신규,26.08~27.08,,,,,
서대문구,11410,연희동,202606,오피스텔_전월세,연희미다스파크,연희동,142-21,33.79,,25000,0,6,7,2019,신규,26.07~28.07,,,,,
서대문구,11410,대현동,202606,오피스텔_전월세,이대 투웨니퍼스트,대현동,56-100,16.05,,3000,76,3,12,2022,신규,26.07~27.06,,,,,
서대문구,11410,대현동,202606,오피스텔_전월세,이대역 STARGATE,대현동,40-38,19.12,,23000,20,16,12,2021,신규,26.07~28.07,,,,,
서대문구,11410,연희동,202606,오피스텔_전월세,(193-9),연희동,193-9,28.74,,2000,80,3,1,2020,신규,26.06~27.06,,,,,
서대문구,11410,대현동,202606,오피스텔_전월세,이대 포레스트,대현동,90-60,17.84,,1000,100,10,4,2019,갱신,26.08~27.01,1000.0,98.0,,,
서대문구,11410,대현동,202606,오피스텔_전월세,그린우드,대현동,37-69,17,,1000,115,4,6,2025,신규,26.06~27.02,,,,,
서대문구,11410,창천동,202606,오피스텔_전월세,창천오피스텔,창천동,92-7,14.11,,10500,0,5,4,2002,신규,26.07~28.07,,,,,
서대문구,11410,대현동,202606,오피스텔_전월세,MJ더퍼스트이대,대현동,90-66,26.6,,24800,0,7,8,2018,신규,26.07~28.07,,,,,
서대문구,11410,연희동,202606,오피스텔_전월세,연희미다스파크,연희동,142-21,39.62,,34000,0,5,8,2019,신규,26.07~28.07,,,,,
서대문구,11410,북아현동,202606,오피스텔_전월세,헤센 스마트 더 센트럴,북아현동,154-6,20.98,,1000,130,16,8,2023,신규,26.07~27.07,,,,,
서대문구,11410,대현동,202606,오피스텔_전월세,에스엠케이타워,대현동,27-51,17.59,,20000,0,10,5,2021,신규,26.07~28.07,,,,,
서대문구,11410,대현동,202606,오피스텔_전월세,이대 포레스트,대현동,90-60,17.84,,18000,5,8,5,2019,신규,26.07~28.07,,,,,
서대문구,11410,대현동,202606,오피스텔_전월세,이대프리젠#2,대현동,90-44,15.06,,16300,0,10,5,2017,신규,26.07~28.07,,,,,
서대문구,11410,대현동,202606,오피스텔_전월세,이대프리젠#4,대현동,37-24,19.21,,16730,4,4,4,2018,신규,26.06~28.06,,,,,
서대문구,11410,연희동,202606,오피스텔_전월세,오벨리스크,연희동,121-4,20.39,,8000,0,2,3,2002,신규,26.07~28.07,,,,,
서대문구,11410,홍은동,202606,연립다세대_전월세,(436-3),홍은동,436-3,42.5,,18000,0,4,13,1992,,,,,,,
서대문구,11410,대신동,202606,연립다세대_전월세,혜성빌,대신동,136,41.76,,14430,6,1,15,2003,,,,,,,
서대문구,11410,홍제동,202606,연립다세대_전월세,"서강빌라1,2동",홍제동,90-6,48.01,,20680,0,3,2,1987,,,,,,,
서대문구,11410,북가좌동,202606,연립다세대_전월세,신안휴먼타운,북가좌동,313-19,29.39,,20000,0,5,6,2019,,,,,,,
서대문구,11410,연희동,202606,연립다세대_전월세,연희궁의아침(천동),연희동,295-1,23.34,,5000,79,3,15,2019,신규,26.07~28.07,,,,,
서대문구,11410,홍은동,202606,연립다세대_전월세,대원스카이빌,홍은동,192-11,59.65,,28000,0,3,6,2016,신규,26.08~28.08,,,,,
서대문구,11410,홍은동,202606,연립다세대_전월세,태성빌라(Ⅱ),홍은동,8-84,49.5,,11300,35,1,19,1992,신규,26.08~28.08,,,,,
서대문구,11410,북아현동,202606,연립다세대_전월세,(1-755),북아현동,1-755,25.05,,8200,0,3,24,2002,갱신,26.06~28.06,8925.0,,,,
서대문구,11410,연희동,202606,연립다세대_전월세,연희동성캐슬1차,연희동,344-137,29.23,,2000,145,2,27,2022,신규,26.08~28.02,,,,,
서대문구,11410,연희동,202606,연립다세대_전월세,연희궁빌딩,연희동,344-24,21.46,,1000,55,3,21,2002,신규,26.07~27.07,,,,,
서대문구,11410,창천동,202606,연립다세대_전월세,샘빌,창천동,13-89,16.89,,2000,70,7,20,2015,신규,26.08~27.08,,,,,
서대문구,11410,창천동,202606,연립다세대_전월세,(390-0),창천동,390,21.42,,2000,10,2,20,2011,신규,26.08~28.08,,,,,
서대문구,11410,홍은동,202606,연립다세대_전월세,백련빌라(라동),홍은동,190-43,57.9,,12100,0,1,19,1986,신규,26.08~28.08,,,,,
서대문구,11410,대현동,202606,연립다세대_전월세,(90-66),대현동,90-66,15.2,,1000,88,13,19,2018,신규,26.08~27.08,,,,,
서대문구,11410,홍은동,202606,연립다세대_전월세,(400-15),홍은동,400-15,23.87,,500,60,1,15,2002,신규,26.06~27.06,,,,,
서대문구,11410,창천동,202606,연립다세대_전월세,금반석시티빌39차,창천동,100-5,39.77,,2000,155,3,24,2015,신규,26.08~28.07,,,,,
서대문구,11410,남가좌동,202606,연립다세대_전월세,THEMOSTVILL,남가좌동,5-225,19.76,,500,50,3,18,2016,신규,26.08~28.08,,,,,
서대문구,11410,연희동,202606,연립다세대_전월세,원캐슬,연희동,344-146,15.18,,1000,55,1,23,2011,신규,26.07~27.07,,,,,
서대문구,11410,옥천동,202606,연립다세대_전월세,제이스빌,옥천동,22,12.62,,2000,70,5,3,2013,갱신,26.07~28.07,2000.0,67.0,,,
서대문구,11410,연희동,202606,연립다세대_전월세,(304-1),연희동,304-1,17.64,,1000,63,3,25,2011,신규,26.08~28.07,,,,,
서대문구,11410,홍제동,202606,연립다세대_전월세,가산빌라,홍제동,360-6,80.64,,22100,0,1,17,1985,신규,26.08~28.08,,,,,
서대문구,11410,홍은동,202606,연립다세대_전월세,창구빌라,홍은동,265-63,53.4,,11000,0,1,6,1995,신규,26.08~28.08,,,,,
서대문구,11410,남가좌동,202606,연립다세대_전월세,매종드빌,남가좌동,326-16,18.61,,500,55,5,18,2012,신규,26.07~27.07,,,,,
서대문구,11410,연희동,202606,연립다세대_전월세,정다운집,연희동,46-5,29.91,,24500,13,3,22,2018,신규,26.08~28.08,,,,,
서대문구,11410,북가좌동,202606,연립다세대_전월세,삼성캐스빌,북가좌동,340-39,29.96,,2000,100,4,27,2013,신규,26.08~28.08,,,,,
서대문구,11410,남가좌동,202606,연립다세대_전월세,명지하우스(324-28),남가좌동,324-28,13.34,,300,40,3,16,2013,신규,26.07~28.07,,,,,
서대문구,11410,옥천동,202606,연립다세대_전월세,제이스빌,옥천동,22,12.62,,2000,70,5,3,2013,갱신,26.07~28.07,2000.0,67.0,,,
서대문구,11410,대신동,202606,연립다세대_전월세,(84-6),대신동,84-6,45.3,,1000,82,4,25,2003,갱신,26.08~28.07,1000.0,78.0,,,
서대문구,11410,연희동,202606,연립다세대_전월세,(304-1),연희동,304-1,29.52,,7000,68,4,24,2011,신규,26.08~28.08,,,,,
서대문구,11410,창천동,202606,연립다세대_전월세,궁전하이츠빌라,창천동,404,81.94,,3000,140,1,29,1991,신규,26.08~28.07,,,,,
서대문구,11410,창천동,202606,연립다세대_전월세,지영하우스,창천동,53-81,15.36,,500,59,2,30,2013,갱신,26.08~27.08,500.0,53.0,,,
서대문구,11410,창천동,202606,연립다세대_전월세,삼성아트빌,창천동,501-14,44.48,,28000,0,3,6,2002,신규,26.07~28.07,,,,,
서대문구,11410,북가좌동,202606,연립다세대_전월세,더플레이스(339-20),북가좌동,339-20,46.76,,5000,120,3,30,2014,신규,26.07~28.07,,,,,
서대문구,11410,연희동,202606,연립다세대_전월세,(344-149),연희동,344-149,29.9,,3000,55,3,18,2016,신규,26.07~27.12,,,,,
서대문구,11410,홍은동,202606,연립다세대_전월세,월드마이홈,홍은동,397-20,44.98,,14000,20,3,20,2006,신규,26.07~28.07,,,,,
서대문구,11410,창천동,202606,연립다세대_전월세,지영하우스,창천동,53-81,14.79,,500,56,3,30,2013,신규,26.08~27.08,,,,,
서대문구,11410,연희동,202606,연립다세대_전월세,(287-18),연희동,287-18,44.47,,1000,58,3,27,2001,갱신,26.07~27.07,1000.0,56.0,,,
서대문구,11410,남가좌동,202606,연립다세대_전월세,매종드빌,남가좌동,326-16,18.61,,500,55,5,18,2012,신규,26.07~27.07,,,,,
서대문구,11410,북가좌동,202606,연립다세대_전월세,옥산빌라,북가좌동,5-18,53.28,,2000,90,2,30,1994,신규,26.07~28.07,,,,,
서대문구,11410,북가좌동,202606,연립다세대_전월세,동남빌라,북가좌동,278-26,43.41,,1000,50,-1,6,1991,신규,26.06~28.06,,,,,
서대문구,11410,연희동,202606,연립다세대_전월세,화인캐슬,연희동,132-58,83.74,,34000,0,2,10,2004,신규,26.09~28.09,,,,,
서대문구,11410,남가좌동,202606,연립다세대_전월세,라온빌,남가좌동,324-13,16.8,,500,50,3,3,2012,신규,26.06~27.06,,,,,
서대문구,11410,홍제동,202606,연립다세대_전월세,아르떼빌,홍제동,9-33,29.55,,6000,70,5,29,2016,신규,26.09~28.09,,,,,
서대문구,11410,남가좌동,202606,연립다세대_전월세,광진아트빌1차,남가좌동,328-37,19.32,,684,12,4,30,2013,신규,26.07~28.09,,,,,
서대문구,11410,대현동,202606,연립다세대_전월세,(90-66),대현동,90-66,19.01,,18900,35,13,5,2018,신규,26.07~28.07,,,,,
서대문구,11410,북가좌동,202606,연립다세대_전월세,일원빌리지,북가좌동,347-39,21.33,,3000,50,5,24,2014,신규,26.08~28.08,,,,,
서대문구,11410,창천동,202606,연립다세대_전월세,(100-127),창천동,100-127,14.79,,1000,70,4,27,2018,신규,26.08~27.08,,,,,
서대문구,11410,홍은동,202606,연립다세대_전월세,필하우스,홍은동,402-26,29.46,,1000,65,4,25,2013,신규,26.07~27.06,,,,,
서대문구,11410,연희동,202606,연립다세대_전월세,동진빌라,연희동,141-34,45.96,,10000,60,1,20,1985,신규,26.08~28.08,,,,,
서대문구,11410,홍제동,202606,연립다세대_전월세,광명빌라,홍제동,285-5,54.89,,1000,82,2,12,2002,신규,26.07~28.07,,,,,
서대문구,11410,북가좌동,202606,연립다세대_전월세,새움스마트빌,북가좌동,3-67,30.59,,4000,48,3,25,2013,갱신,26.07~28.07,4000.0,45.0,,,
서대문구,11410,북가좌동,202606,연립다세대_전월세,신안휴먼타운,북가좌동,313-19,29.39,,20000,0,5,22,2019,신규,26.07~28.07,,,,,
서대문구,11410,연희동,202606,연립다세대_전월세,이브타운,연희동,413-135,59.83,,2000,300,3,5,2023,신규,26.07~28.07,,,,,
서대문구,11410,연희동,202606,연립다세대_전월세,(344-155),연희동,344-155,113.91,,1000,65,3,19,2004,신규,26.07~27.07,,,,,
서대문구,11410,충정로3가,202606,연립다세대_전월세,삼성빌,충정로3가,3-100,43.24,,2000,100,4,24,2002,신규,26.08~28.08,,,,,
서대문구,11410,남가좌동,202606,연립다세대_전월세,금성빌라씨동,남가좌동,104-28,37.44,,2000,60,3,27,1986,갱신,26.06~28.06,2000.0,47.0,,,
서대문구,11410,창천동,202606,연립다세대_전월세,(62-18),창천동,62-18,12.14,,3000,42,4,27,2011,신규,26.08~28.08,,,,,
서대문구,11410,남가좌동,202606,연립다세대_전월세,(5-119),남가좌동,5-119,37.26,,500,68,-1,23,1986,신규,26.07~27.06,,,,,
서대문구,11410,대현동,202606,연립다세대_전월세,신촌스타게이트,대현동,110-22,16.27,,10000,64,17,19,2019,신규,26.07~28.07,,,,,
서대문구,11410,홍은동,202606,연립다세대_전월세,위즈하우스,홍은동,4-12,17.365,,4000,45,1,13,2017,신규,26.06~28.06,,,,,
서대문구,11410,북가좌동,202606,연립다세대_전월세,(75-21),북가좌동,75-21,40.14,,500,35,2,22,1986,신규,26.07~28.07,,,,,
서대문구,11410,연희동,202606,연립다세대_전월세,이브타운,연희동,413-135,59.83,,2000,300,2,5,2023,신규,26.07~28.07,,,,,
서대문구,11410,창천동,202606,연립다세대_전월세,로뎀cc,창천동,317,53.02,,19500,0,4,19,2008,갱신,26.07~28.07,16800.0,,,,
서대문구,11410,연희동,202606,연립다세대_전월세,목화연립,연희동,195-11,54.88,,20000,10,2,16,1980,신규,26.08~28.08,,,,,
서대문구,11410,홍은동,202606,연립다세대_전월세,프라임하우스,홍은동,407-5,13.53,,1000,48,4,19,2013,신규,26.08~27.08,,,,,
서대문구,11410,홍제동,202606,연립다세대_전월세,(156-405),홍제동,156-405,26.68,,20000,0,4,24,2014,신규,26.06~28.06,,,,,
서대문구,11410,연희동,202606,연립다세대_전월세,연희서가,연희동,28-5,28.34,,2000,114,4,11,2020,신규,26.08~27.08,,,,,
서대문구,11410,북가좌동,202606,연립다세대_전월세,거성빌라,북가좌동,274-5,59.93,,12000,0,-1,29,1997,신규,26.09~28.09,,,,,
서대문구,11410,홍은동,202606,연립다세대_전월세,(409-50),홍은동,409-50,27.21,,1000,95,5,15,2016,신규,26.07~27.07,,,,,
서대문구,11410,창천동,202606,연립다세대_전월세,(349-0),창천동,349,59.08,,3000,78,2,19,2004,갱신,26.06~28.06,3000.0,74.0,,,
서대문구,11410,북가좌동,202606,연립다세대_전월세,수성렉스빌,북가좌동,339-37,36.44,,3000,85,3,16,2013,신규,26.08~28.08,,,,,
서대문구,11410,연희동,202606,연립다세대_전월세,리치빌,연희동,88-25,38.87,,1000,90,3,29,2002,신규,26.08~28.08,,,,,
서대문구,11410,창천동,202606,연립다세대_전월세,(70-26),창천동,70-26,89.4,,1000,63,2,6,2004,신규,26.07~27.08,,,,,
서대문구,11410,연희동,202606,연립다세대_전월세,화인캐슬,연희동,132-58,83.74,,34000,0,2,10,2004,신규,26.09~28.09,,,,,
서대문구,11410,홍은동,202606,연립다세대_전월세,엘씨빌,홍은동,405-11,71.07,,25000,30,3,15,2007,신규,26.08~28.08,,,,,
서대문구,11410,홍은동,202606,연립다세대_전월세,엘씨빌,홍은동,405-11,71.07,,25000,30,3,15,2007,신규,26.08~28.08,,,,,
서대문구,11410,홍은동,202606,연립다세대_전월세,미소지움105동,홍은동,10-310,22.65,,17000,0,3,13,2019,신규,26.07~28.07,,,,,
서대문구,11410,창천동,202606,연립다세대_전월세,세림,창천동,259,13.2,,1000,75,4,13,2017,신규,26.07~27.07,,,,,
서대문구,11410,북가좌동,202606,연립다세대_전월세,우정빌라,북가좌동,379-27,48.03,,13000,0,2,22,1994,신규,26.08~28.08,,,,,
서대문구,11410,북가좌동,202606,연립다세대_전월세,온세베스트빌,북가좌동,1-7,29.9,,12000,40,2,30,2016,신규,26.09~28.09,,,,,
서대문구,11410,북가좌동,202606,연립다세대_전월세,더플레이스(339-20),북가좌동,339-20,46.76,,5000,120,3,30,2014,신규,26.08~28.08,,,,,
서대문구,11410,창천동,202606,연립다세대_전월세,풀하우스,창천동,100-76,23.18,,7900,25,3,18,2003,신규,26.07~28.07,,,,,
서대문구,11410,창천동,202606,연립다세대_전월세,(90-14),창천동,90-14,67.8,,12000,40,2,1,2001,신규,26.06~28.05,,,,,
서대문구,11410,창천동,202606,연립다세대_전월세,올리브하우스,창천동,68-67,102.89,,500,60,5,22,2001,신규,26.07~27.08,,,,,
서대문구,11410,대신동,202606,연립다세대_전월세,모두가,대신동,124-1,29.12,,6000,90,3,25,2018,신규,26.08~27.08,,,,,
서대문구,11410,남가좌동,202606,연립다세대_전월세,드림캐슬3,남가좌동,322-13,13.2,,500,45,3,19,2012,신규,26.06~27.06,,,,,
서대문구,11410,창천동,202606,연립다세대_전월세,연세힐하우스,창천동,90-46,22.35,,1000,57,2,6,2011,신규,26.07~27.08,,,,,
서대문구,11410,홍은동,202606,연립다세대_전월세,정원빌라,홍은동,14-46,39.51,,9800,11,2,30,1990,신규,26.09~28.09,,,,,
서대문구,11410,북아현동,202606,연립다세대_전월세,이안휴빌4차,북아현동,1-358,55.95,,5000,230,2,7,2025,신규,26.07~28.07,,,,,
서대문구,11410,연희동,202606,연립다세대_전월세,연희파크뷰,연희동,170-106,29.79,,1000,110,2,26,2016,신규,26.06~28.06,,,,,
서대문구,11410,홍은동,202606,연립다세대_전월세,새뜨락하우스,홍은동,410-15,17.21,,500,45,2,15,2016,신규,26.07~27.07,,,,,
서대문구,11410,홍제동,202606,연립다세대_전월세,델리지아,홍제동,260-52,59.36,,32000,50,5,20,2022,신규,26.08~28.08,,,,,
서대문구,11410,북가좌동,202606,연립다세대_전월세,하은빌,북가좌동,339-17,34.88,,18165,0,3,30,2016,신규,26.08~28.08,,,,,
서대문구,11410,대신동,202606,연립다세대_전월세,혜성빌,대신동,136,41.76,,15000,16,2,24,2003,신규,26.08~28.08,,,,,
서대문구,11410,창천동,202606,연립다세대_전월세,심스빌,창천동,501-4,39.11,,23000,0,2,16,2002,갱신,26.06~28.06,20000.0,15.0,,,
서대문구,11410,연희동,202606,연립다세대_전월세,효동빌라비동,연희동,51-169,57.09,,500,70,-1,7,1992,신규,26.07~28.07,,,,,
서대문구,11410,홍제동,202606,연립다세대_전월세,(312-6),홍제동,312-6,33.96,,4000,30,1,25,1992,갱신,26.06~28.06,4500.0,22.0,,,
서대문구,11410,창천동,202606,연립다세대_전월세,삼성아트빌,창천동,501-14,44.48,,28000,0,3,6,2002,신규,26.07~28.07,,,,,
서대문구,11410,홍제동,202606,연립다세대_전월세,(273-8),홍제동,273-8,37.18,,3000,70,2,27,1990,신규,26.07~28.07,,,,,
서대문구,11410,홍은동,202606,연립다세대_전월세,(409-9),홍은동,409-9,22.22,,300,35,3,23,2002,신규,26.06~27.06,,,,,
서대문구,11410,창천동,202606,연립다세대_전월세,라포레홍대,창천동,372,29.29,,47000,0,6,11,2022,신규,26.07~28.07,,,,,
서대문구,11410,연희동,202606,연립다세대_전월세,(715-7),연희동,715-7,47.04,,2000,70,3,5,1997,신규,26.07~28.07,,,,,
서대문구,11410,북아현동,202606,연립다세대_전월세,(1-341),북아현동,1-341,33.54,,15000,0,2,26,1997,갱신,26.08~28.07,15000.0,,,,
서대문구,11410,창천동,202606,연립다세대_전월세,포맨스(브라운빌),창천동,90-9,34.38,,7000,47,2,25,2003,갱신,26.08~28.08,7000.0,44.0,,,
서대문구,11410,북가좌동,202606,연립다세대_전월세,동화빌라,북가좌동,340-8,56.28,,5000,110,2,26,2003,신규,26.08~28.08,,,,,
서대문구,11410,홍제동,202606,연립다세대_전월세,(267-38),홍제동,267-38,39.24,,1000,63,2,20,1987,신규,26.07~28.07,,,,,
서대문구,11410,북아현동,202606,연립다세대_전월세,미가빌,북아현동,1-111,23.39,,1000,70,2,4,2003,신규,26.07~28.02,,,,,
서대문구,11410,창천동,202606,연립다세대_전월세,(4-114),창천동,4-114,31.48,,2000,105,5,30,2011,신규,26.08~27.08,,,,,
서대문구,11410,홍은동,202606,연립다세대_전월세,현대아트빌라,홍은동,265-230,32.82,,5900,0,1,20,1993,신규,26.07~28.07,,,,,
서대문구,11410,홍은동,202606,연립다세대_전월세,성재하우스,홍은동,410-37,29.62,,1000,90,4,4,2018,신규,26.06~28.06,,,,,
서대문구,11410,연희동,202606,연립다세대_전월세,"화이트빌(B,C동)",연희동,48-9,57.59,,500,75,5,5,2006,신규,26.07~27.06,,,,,
서대문구,11410,연희동,202606,연립다세대_전월세,이브타운,연희동,413-135,52.77,,1500,350,5,16,2023,신규,26.06~28.06,,,,,
서대문구,11410,북아현동,202606,연립다세대_전월세,월드빌라,북아현동,123-76,66.83,,10000,10,1,24,2001,신규,26.06~28.06,,,,,
서대문구,11410,창천동,202606,연립다세대_전월세,아트빌라,창천동,99-24,33.58,,11160,7,1,5,1991,신규,26.08~28.08,,,,,
서대문구,11410,북가좌동,202606,연립다세대_전월세,다이얼로그490,북가좌동,490,29.28,,575,37,2,17,2023,신규,26.06~28.06,,,,,
서대문구,11410,창천동,202606,연립다세대_전월세,YonEStudio,창천동,4-115,12.04,,1000,68,2,10,2011,신규,26.06~27.06,,,,,
서대문구,11410,남가좌동,202606,연립다세대_전월세,경일파크빌,남가좌동,327-47,45.73,,12500,25,5,27,2002,신규,26.08~28.08,,,,,
서대문구,11410,북가좌동,202606,연립다세대_전월세,명지베스트빌,북가좌동,341-1,38.94,,13000,10,4,25,2002,신규,26.08~28.08,,,,,
서대문구,11410,창천동,202606,연립다세대_전월세,현대빌라(510-18),창천동,510-18,55.38,,3000,145,1,20,1992,신규,26.07~28.07,,,,,
서대문구,11410,대현동,202606,연립다세대_전월세,이대프리젠#4,대현동,37-24,15.71,,16000,3,9,30,2018,갱신,26.08~28.08,16000.0,,,,
서대문구,11410,홍은동,202606,연립다세대_전월세,정원빌라,홍은동,14-46,39.51,,12000,0,2,30,1990,신규,26.09~28.09,,,,,
서대문구,11410,연희동,202606,연립다세대_전월세,블레어빌,연희동,48-11,28.54,,28300,0,4,30,2018,갱신,26.09~27.09,27000.0,,사용,,
서대문구,11410,연희동,202606,연립다세대_전월세,(193-18),연희동,193-18,19.89,,14700,10,2,8,2014,신규,26.06~28.06,,,,,
서대문구,11410,북아현동,202606,연립다세대_전월세,(427-0),북아현동,427,41.85,,6000,0,-1,30,1991,신규,26.06~28.06,,,,,
서대문구,11410,남가좌동,202606,연립다세대_전월세,광진아트빌1차,남가좌동,328-37,19.32,,1710,10,4,30,2013,신규,26.07~28.09,,,,,
서대문구,11410,창천동,202606,연립다세대_전월세,(4-101),창천동,4-101,14.55,,1000,78,5,22,2011,신규,26.08~27.08,,,,,
서대문구,11410,창천동,202606,연립다세대_전월세,(4-101),창천동,4-101,12.04,,1000,75,3,14,2011,신규,26.06~27.06,,,,,
서대문구,11410,북아현동,202606,연립다세대_전월세,(1-224),북아현동,1-224,19.94,,13000,0,3,26,2004,신규,26.07~28.07,,,,,
서대문구,11410,합동,202606,연립다세대_전월세,정호샤인빌Ⅱ,합동,31-23,77.15,,31500,0,1,26,2003,갱신,26.08~28.07,30000.0,,,,
서대문구,11410,북가좌동,202606,연립다세대_전월세,(342-12),북가좌동,342-12,28.72,,1000,80,2,13,1993,신규,26.06~28.06,,,,,
서대문구,11410,연희동,202606,연립다세대_전월세,연희궁의아침(지동),연희동,295-7,23.49,,18500,0,2,22,2019,갱신,26.07~27.07,18000.0,,,,
서대문구,11410,홍제동,202606,연립다세대_전월세,더라베홍제,홍제동,156-384,28.18,,23000,10,2,30,2022,갱신,26.06~28.06,23000.0,,,,
서대문구,11410,연희동,202606,연립다세대_전월세,(340-17),연희동,340-17,12,,5000,38,4,3,2012,신규,26.06~27.06,,,,,
서대문구,11410,남가좌동,202606,연립다세대_전월세,명지하우스,남가좌동,341-17,12.15,,500,44,4,13,2012,신규,26.08~27.07,,,,,
서대문구,11410,홍은동,202606,연립다세대_전월세,비전21,홍은동,277-115,68.21,,19000,0,3,4,2000,신규,26.07~28.07,,,,,
서대문구,11410,홍은동,202606,연립다세대_전월세,(409-9),홍은동,409-9,22.22,,300,35,3,10,2002,신규,26.06~27.06,,,,,
서대문구,11410,홍은동,202606,연립다세대_전월세,임방빌라,홍은동,265-202,45.61,,8000,0,3,22,1991,신규,26.07~28.07,,,,,
서대문구,11410,홍제동,202606,연립다세대_전월세,영진빌라,홍제동,334-9,56.22,,15000,10,1,29,1992,신규,26.08~28.07,,,,,
서대문구,11410,창천동,202606,연립다세대_전월세,신촌하이츠빌라,창천동,100-126,47.81,,1000,130,1,25,1991,신규,26.06~27.02,,,,,
서대문구,11410,홍은동,202606,연립다세대_전월세,삼성빌라,홍은동,188-29,62.01,,20000,0,3,29,1985,신규,26.07~28.07,,,,,
서대문구,11410,홍은동,202606,연립다세대_전월세,르비앙휴,홍은동,407-24,14.21,,576,8,4,29,2013,신규,26.07~28.09,,,,,
서대문구,11410,창천동,202606,연립다세대_전월세,오즈빌,창천동,418,12.31,,500,48,5,5,2011,신규,26.06~27.06,,,,,
서대문구,11410,홍은동,202606,연립다세대_전월세,위일리츠빌,홍은동,408-15,59.84,,33000,0,5,28,2016,갱신,26.07~28.07,33000.0,,,,
서대문구,11410,북가좌동,202606,연립다세대_전월세,형제빌라,북가좌동,75-45,77.42,,5000,50,3,20,1994,신규,26.07~28.07,,,,,
서대문구,11410,북가좌동,202606,연립다세대_전월세,뉴월드빌(373-6),북가좌동,373-6,74.7,,25000,0,5,29,2002,갱신,26.07~28.07,25000.0,,,,
서대문구,11410,홍은동,202606,연립다세대_전월세,백련빌라(나동),홍은동,190-55,56.67,,12000,20,2,22,1986,신규,26.08~28.08,,,,,
서대문구,11410,홍제동,202606,연립다세대_전월세,한협빌라,홍제동,157-104,53.16,,12000,25,-1,25,1991,신규,26.07~28.07,,,,,
서대문구,11410,북가좌동,202606,연립다세대_전월세,효림빌리지,북가좌동,326-10,75.85,,27000,30,4,27,2003,갱신,26.07~28.07,27000.0,20.0,사용,,
서대문구,11410,연희동,202606,연립다세대_전월세,서문빌리지,연희동,29,16.49,,500,50,2,22,2003,신규,26.08~27.08,,,,,
서대문구,11410,창천동,202606,연립다세대_전월세,(62-18),창천동,62-18,12.14,,3000,43,5,1,2011,신규,26.06~28.07,,,,,
서대문구,11410,신촌동,202606,연립다세대_전월세,플로렌스힐A,신촌동,52-4,84.43,,40000,60,1,24,2017,신규,26.09~28.09,,,,,
서대문구,11410,홍제동,202606,연립다세대_전월세,더라베홍제,홍제동,156-384,25.52,,20000,0,4,3,2022,신규,26.06~28.06,,,,,
서대문구,11410,홍은동,202606,연립다세대_전월세,삼성빌라,홍은동,188-29,62.01,,20000,0,3,29,1985,신규,26.07~28.07,,,,,
서대문구,11410,연희동,202606,연립다세대_전월세,서문빌리지,연희동,29,18.72,,500,50,2,21,2003,신규,26.07~27.07,,,,,
서대문구,11410,북아현동,202606,연립다세대_전월세,예우빌리지A동,북아현동,1-1821,54.93,,10000,55,5,22,2002,갱신,26.07~28.06,10000.0,55.0,사용,,
서대문구,11410,홍은동,202606,연립다세대_전월세,홍은송림빌라,홍은동,281-7,59.41,,13200,30,4,21,2003,갱신,26.07~28.07,13000.0,30.0,,,
서대문구,11410,연희동,202606,연립다세대_전월세,(340-41),연희동,340-41,15.24,,5500,8,1,29,2002,신규,26.07~28.07,,,,,
서대문구,11410,홍은동,202606,연립다세대_전월세,미성빌라(2동),홍은동,188-4,50.73,,12500,0,1,17,1986,갱신,26.06~28.06,8900.0,,,,
서대문구,11410,북가좌동,202606,연립다세대_전월세,진성위너스빌,북가좌동,321-14,56.13,,30000,0,2,25,2014,신규,26.07~28.07,,,,,
서대문구,11410,대현동,202606,연립다세대_전월세,이대프리젠#4,대현동,37-24,24.58,,2000,105,10,23,2018,신규,26.06~27.06,,,,,
서대문구,11410,북가좌동,202606,연립다세대_전월세,주영테크빌,북가좌동,5-92,15.06,,100,10,2,12,2014,신규,26.06~28.08,,,,,
서대문구,11410,창천동,202606,연립다세대_전월세,(4-109),창천동,4-109,12,,1000,26,2,19,2011,신규,26.06~28.06,,,,,
서대문구,11410,홍은동,202606,연립다세대_전월세,루미아트A동,홍은동,265-112,18.2,,1000,50,1,17,2013,신규,26.06~28.06,,,,,
서대문구,11410,홍제동,202606,연립다세대_전월세,시크빌리지,홍제동,280-5,38.55,,20000,20,2,26,2014,갱신,26.07~27.07,21150.0,,,,
서대문구,11410,연희동,202606,연립다세대_전월세,원캐슬,연희동,344-146,15.18,,2000,50,2,22,2011,신규,26.07~27.07,,,,,
서대문구,11410,홍은동,202606,연립다세대_전월세,(280-11),홍은동,280-11,56.54,,2000,60,1,23,2004,신규,26.08~28.08,,,,,
서대문구,11410,홍제동,202606,연립다세대_전월세,세렌디피티,홍제동,136-34,21.27,,2000,66,3,15,2017,갱신,26.07~27.12,2000.0,63.0,사용,,
서대문구,11410,북가좌동,202606,연립다세대_전월세,궁전빌라(347-46),북가좌동,347-46,71.9,,28900,0,3,26,2001,신규,26.08~28.08,,,,,
서대문구,11410,홍은동,202606,연립다세대_전월세,(409-9),홍은동,409-9,25.74,,500,68,3,26,2002,신규,26.07~27.07,,,,,
서대문구,11410,북아현동,202606,연립다세대_전월세,센텀시티,북아현동,1-1336,51.89,,32000,0,-1,9,2016,신규,26.08~28.08,,,,,
서대문구,11410,창천동,202606,연립다세대_전월세,LK타운,창천동,503-21,28.13,,32800,0,8,13,2020,갱신,26.06~28.06,32000.0,,사용,,
서대문구,11410,북아현동,202606,연립다세대_전월세,북아현그린빌라,북아현동,113-22,59.72,,10000,0,2,25,1992,신규,26.07~28.07,,,,,
서대문구,11410,북가좌동,202606,연립다세대_전월세,데미안빌,북가좌동,5-85,63.72,,20000,20,3,25,2004,신규,26.07~28.07,,,,,
서대문구,11410,연희동,202606,연립다세대_전월세,(344-26),연희동,344-26,15.48,,500,56,3,5,1983,신규,26.06~27.06,,,,,
서대문구,11410,충정로2가,202606,연립다세대_전월세,서호빌,충정로2가,37-4,42.94,,500,70,5,15,2013,신규,26.06~27.06,,,,,
서대문구,11410,홍은동,202606,연립다세대_전월세,투유빌,홍은동,375-2,40.96,,18000,0,5,25,2010,신규,26.08~28.08,,,,,
서대문구,11410,홍제동,202606,연립다세대_전월세,제일하이츠빌라,홍제동,321-8,93.75,,35000,0,2,6,1994,신규,26.08~28.08,,,,,
서대문구,11410,창천동,202606,연립다세대_전월세,오즈빌,창천동,418,13.35,,9300,10,4,5,2011,갱신,26.06~27.06,9300.0,10.0,,,
서대문구,11410,연희동,202606,연립다세대_전월세,엘리트빌라,연희동,107-3,62.47,,22000,7,4,24,1994,신규,26.09~28.09,,,,,
서대문구,11410,홍제동,202606,연립다세대_전월세,동서,홍제동,313-4,52.56,,12500,0,1,19,1968,갱신,26.07~28.07,12000.0,,사용,,
서대문구,11410,연희동,202606,연립다세대_전월세,연세아크로폴리스,연희동,290-1,83.56,,6000,0,3,6,2001,갱신,26.06~28.06,1000.0,50.0,,,
서대문구,11410,천연동,202606,연립다세대_전월세,(120-113),천연동,120-113,29.19,,14332,6,3,17,2011,신규,26.07~28.07,,,,,
서대문구,11410,홍은동,202606,연립다세대_전월세,풍진빌라,홍은동,11-980,64.27,,13000,0,1,18,1987,신규,26.07~28.07,,,,,
서대문구,11410,북가좌동,202606,연립다세대_전월세,송재빌라,북가좌동,350-13,48.3,,15000,0,3,6,1992,갱신,26.07~28.07,14000.0,10.0,,,
서대문구,11410,홍제동,202606,연립다세대_전월세,정익빌딩,홍제동,330-299,28.79,,7000,63,4,23,2019,갱신,26.08~28.08,7000.0,59.0,,,
서대문구,11410,남가좌동,202606,연립다세대_전월세,주원PetVill,남가좌동,337-28,41.67,,30900,10,5,23,2017,신규,26.07~28.07,,,,,
서대문구,11410,연희동,202606,연립다세대_전월세,한양파크빌,연희동,78-41,37.44,,6946,15,4,22,2022,갱신,26.07~28.06,6820.0,13.0,,,
서대문구,11410,남가좌동,202606,연립다세대_전월세,주원베르빌(102동),남가좌동,335-16,41.48,,45050,0,6,18,2017,갱신,26.08~28.08,43050.0,,,,
서대문구,11410,창천동,202606,연립다세대_전월세,올리브하우스,창천동,68-67,34.66,,1000,87,2,15,2001,신규,26.06~27.06,,,,,
서대문구,11410,창천동,202606,연립다세대_전월세,현대빌라(510-18),창천동,510-18,55.38,,3000,145,1,20,1992,신규,26.07~28.07,,,,,
서대문구,11410,창천동,202606,연립다세대_전월세,언제나미소,창천동,129,68.51,,1000,62,3,23,2009,갱신,26.09~27.09,1000.0,60.0,사용,,
서대문구,11410,홍은동,202606,연립다세대_전월세,루미아트A동,홍은동,265-112,21.75,,10000,10,3,20,2013,신규,26.07~28.07,,,,,
서대문구,11410,북가좌동,202606,연립다세대_전월세,대호아트빌,북가좌동,5-37,29.91,,20790,10,2,20,2021,신규,26.07~28.07,,,,,
서대문구,11410,대신동,202606,연립다세대_전월세,(141-8),대신동,141-8,15.68,,2000,35,-1,20,2001,신규,26.06~27.06,,,,,
서대문구,11410,홍제동,202606,연립다세대_전월세,동원하이츠빌라,홍제동,314-1,42.3,,10000,25,1,20,1994,신규,26.07~28.07,,,,,
서대문구,11410,창천동,202606,연립다세대_전월세,스타빌,창천동,13-58,12.22,,2000,65,2,22,2013,신규,26.06~28.06,,,,,
서대문구,11410,연희동,202606,연립다세대_전월세,연희캐슬,연희동,727-5,71.27,,5000,180,5,7,2019,신규,26.07~28.07,,,,,
서대문구,11410,북가좌동,202606,연립다세대_전월세,골드빌(315-29),북가좌동,315-29,47.36,,18900,0,5,13,2002,신규,26.10~28.10,,,,,
서대문구,11410,북가좌동,202606,연립다세대_전월세,한양아트빌,북가좌동,347-20,49.69,,22000,0,2,22,2006,갱신,26.07~28.07,22000.0,,사용,,
서대문구,11410,북가좌동,202606,연립다세대_전월세,충우주택(5-83),북가좌동,5-83,58.56,,1000,60,-1,10,1996,신규,26.06~28.06,,,,,
서대문구,11410,연희동,202606,연립다세대_전월세,창성하우스,연희동,287-16,38.84,,1000,60,4,20,2004,신규,26.06~28.06,,,,,
서대문구,11410,북가좌동,202606,연립다세대_전월세,휴팰리스,북가좌동,335-35,29.91,,13980,25,4,5,2012,갱신,26.06~28.06,13480.0,25.0,,,
서대문구,11410,연희동,202606,연립다세대_전월세,오성빌라연립주택,연희동,699,67.32,,2000,130,1,3,1992,신규,26.06~28.06,,,,,
서대문구,11410,북가좌동,202606,연립다세대_전월세,(3-81),북가좌동,3-81,40.9,,10900,0,1,8,1986,갱신,26.07~28.07,10400.0,,사용,,
서대문구,11410,창천동,202606,연립다세대_전월세,금반석시티빌7차,창천동,90-27,13.7,,2000,58,3,11,2013,신규,26.08~27.08,,,,,
서대문구,11410,창천동,202606,연립다세대_전월세,율도국인(201동),창천동,170-1,113.79,,1000,90,-1,10,2007,신규,26.06~27.06,,,,,
서대문구,11410,연희동,202606,연립다세대_전월세,(712-22),연희동,712-22,64.59,,0,100,2,22,1983,신규,26.06~28.06,,,,,
서대문구,11410,홍은동,202606,연립다세대_전월세,프라임하우스,홍은동,407-5,12.87,,500,48,2,19,2013,신규,26.08~27.08,,,,,
서대문구,11410,북가좌동,202606,연립다세대_전월세,그린빌라,북가좌동,350-3,81,,28000,0,3,20,1993,갱신,26.06~28.06,28000.0,,,,
서대문구,11410,대현동,202606,연립다세대_전월세,신촌스타게이트,대현동,110-22,16.27,,10000,64,17,19,2019,신규,26.07~28.07,,,,,
서대문구,11410,북아현동,202606,연립다세대_전월세,다나빌라,북아현동,1-218,70.77,,17000,0,3,22,1991,신규,26.07~28.07,,,,,
서대문구,11410,창천동,202606,연립다세대_전월세,(383-0),창천동,383,41.02,,1000,63,3,18,2002,갱신,26.07~27.07,1000.0,60.0,,,
서대문구,11410,홍제동,202606,연립다세대_전월세,스카이빌,홍제동,8-72,31.08,,8000,40,2,12,2010,신규,26.07~28.07,,,,,
서대문구,11410,홍은동,202606,연립다세대_전월세,경환그린빌라,홍은동,191-12,53.02,,12000,0,3,8,1994,신규,26.07~28.07,,,,,
서대문구,11410,홍은동,202606,연립다세대_전월세,풍진빌라,홍은동,11-980,64.27,,13000,0,1,18,1987,신규,26.07~28.07,,,,,
서대문구,11410,창천동,202606,연립다세대_전월세,(100-127),창천동,100-127,14.79,,500,75,3,22,2018,신규,26.08~27.08,,,,,
서대문구,11410,홍은동,202606,연립다세대_전월세,태성빌라(Ⅱ),홍은동,8-84,49.5,,11300,35,1,19,1992,신규,26.08~28.08,,,,,
서대문구,11410,홍은동,202606,연립다세대_전월세,해담하우스나동,홍은동,345-5,29.27,,5283,16,2,21,2014,갱신,26.07~28.06,2165.0,12.0,,,
서대문구,11410,창천동,202606,연립다세대_전월세,(4-101),창천동,4-101,12.04,,1000,75,4,9,2011,신규,26.08~27.08,,,,,
서대문구,11410,연희동,202606,연립다세대_전월세,서문빌리지,연희동,29,17.36,,500,50,4,6,2003,신규,26.08~28.08,,,,,
서대문구,11410,연희동,202606,연립다세대_전월세,(48-18),연희동,48-18,34.52,,15000,15,3,19,2007,신규,26.07~28.07,,,,,
서대문구,11410,홍제동,202606,연립다세대_전월세,동서,홍제동,313-4,52.56,,12500,0,1,19,1968,갱신,26.07~28.07,12000.0,,사용,,
서대문구,11410,연희동,202606,연립다세대_전월세,연희하이빌,연희동,164-3,58.89,,30000,20,7,16,2014,신규,26.09~28.09,,,,,
서대문구,11410,홍은동,202606,연립다세대_전월세,명지빌라트,홍은동,397-35,29.92,,15500,32,3,16,2019,신규,26.07~28.07,,,,,
서대문구,11410,충정로3가,202606,연립다세대_전월세,동아아트빌라,충정로3가,8-5,42.93,,20000,0,4,13,1993,신규,26.08~28.08,,,,,
서대문구,11410,남가좌동,202606,연립다세대_전월세,매종드빌,남가좌동,326-16,12.07,,500,50,4,18,2012,신규,26.06~27.06,,,,,
서대문구,11410,홍은동,202606,연립다세대_전월세,청년미래공동체주택(임대),홍은동,466,55.63,,7258,19,4,19,2019,갱신,26.07~28.06,3059.0,40.0,,,
서대문구,11410,창천동,202606,연립다세대_전월세,지영하우스,창천동,53-81,14.79,,500,57,2,18,2013,신규,26.06~27.08,,,,,
서대문구,11410,북가좌동,202606,연립다세대_전월세,정원하이츠빌,북가좌동,5-132,101.31,,5000,60,4,17,2002,신규,26.07~28.07,,,,,
서대문구,11410,창천동,202606,연립다세대_전월세,아크로폴리스,창천동,184,28.05,,6300,4,2,6,2003,갱신,26.07~28.07,6300.0,2.0,,,
서대문구,11410,홍은동,202606,연립다세대_전월세,영신빌라2차,홍은동,268-14,75.62,,21500,0,3,18,1994,신규,26.08~28.08,,,,,
서대문구,11410,연희동,202606,연립다세대_전월세,연희동드림카운티,연희동,91-10,203.29,,40000,500,1,18,2004,신규,26.06~28.07,,,,,
서대문구,11410,창천동,202606,연립다세대_전월세,화이트빌,창천동,100-26,25.5,,5000,40,4,18,2002,신규,26.08~28.08,,,,,
서대문구,11410,홍제동,202606,연립다세대_전월세,홍제PLA,홍제동,330-33,26.35,,2000,165,10,6,2024,신규,26.07~28.07,,,,,
서대문구,11410,연희동,202606,연립다세대_전월세,마이움연희,연희동,218-5,20.75,,1000,68,3,3,2013,신규,26.07~27.07,,,,,
서대문구,11410,홍은동,202606,연립다세대_전월세,은아-에이동,홍은동,324-11,41.34,,7500,0,-1,1,1987,신규,26.07~28.07,,,,,
서대문구,11410,대신동,202606,연립다세대_전월세,혜성빌,대신동,136,41.76,,14430,6,1,15,2003,갱신,26.07~28.07,14430.0,3.0,,,
서대문구,11410,천연동,202606,연립다세대_전월세,(120-113),천연동,120-113,29.19,,14332,6,3,17,2011,신규,26.07~28.07,,,,,
서대문구,11410,홍은동,202606,연립다세대_전월세,현대아트빌라,홍은동,265-230,84.64,,23000,0,4,15,1993,갱신,26.06~29.06,23000.0,,,,
서대문구,11410,창천동,202606,연립다세대_전월세,스카이힐,창천동,419,12.8,,500,65,4,5,2011,신규,26.06~27.06,,,,,
서대문구,11410,창천동,202606,연립다세대_전월세,(281-0),창천동,281,28.55,,10470,6,3,3,2001,갱신,26.07~28.07,10470.0,5.0,,,
서대문구,11410,북가좌동,202606,연립다세대_전월세,오성쉐르빌,북가좌동,8-61,75.93,,2000,95,2,15,2004,갱신,26.06~28.06,2000.0,85.0,사용,,
서대문구,11410,북가좌동,202606,연립다세대_전월세,지구밸리,북가좌동,331-23,59.91,,33000,20,2,3,2022,신규,26.06~28.06,,,,,
서대문구,11410,북가좌동,202606,연립다세대_전월세,삼성빌라(B동),북가좌동,369-5,61.62,,20000,0,1,17,1993,갱신,26.06~28.06,20000.0,,,,
서대문구,11410,북가좌동,202606,연립다세대_전월세,동인쉐르빌,북가좌동,294-23,40.77,,30450,0,5,13,2022,갱신,26.08~28.08,29000.0,,사용,,
서대문구,11410,홍은동,202606,연립다세대_전월세,(265-114),홍은동,265-114,58.32,,11000,0,2,13,1986,신규,26.07~28.07,,,,,
서대문구,11410,홍은동,202606,연립다세대_전월세,종건빌라(가동),홍은동,9-709,74.23,,2000,60,1,13,1984,갱신,26.08~28.08,2000.0,60.0,사용,,
서대문구,11410,홍은동,202606,연립다세대_전월세,미소지움,홍은동,10-236,29.91,,19000,0,5,16,2019,신규,26.07~28.07,,,,,
서대문구,11410,남가좌동,202606,연립다세대_전월세,밀레니엄,남가좌동,329-19,13.27,,500,35,2,13,2012,신규,26.06~28.06,,,,,
서대문구,11410,남가좌동,202606,연립다세대_전월세,거풍2,남가좌동,5-232,16.32,,300,36,2,16,2003,신규,26.07~27.06,,,,,
서대문구,11410,홍제동,202606,연립다세대_전월세,(122-4),홍제동,122-4,25.79,,19500,0,4,16,2020,신규,26.09~28.09,,,,,
서대문구,11410,북가좌동,202606,연립다세대_전월세,문화빌라A,북가좌동,368-19,49.92,,1000,50,-1,16,1986,신규,26.07~28.07,,,,,
서대문구,11410,북가좌동,202606,연립다세대_전월세,산수주택,북가좌동,381-16,71.22,,5000,40,-1,16,1991,신규,26.07~28.07,,,,,
서대문구,11410,북가좌동,202606,연립다세대_전월세,경원하이츠,북가좌동,276-15,36,,11900,0,1,13,2003,신규,26.10~28.10,,,,,
서대문구,11410,홍제동,202606,연립다세대_전월세,홍제더힐스,홍제동,279-45,29.99,,1000,95,3,13,2020,신규,26.09~28.09,,,,,
서대문구,11410,북가좌동,202606,연립다세대_전월세,한양아트빌A동,북가좌동,318-12,75.8,,21000,30,5,15,2003,신규,26.08~28.08,,,,,
서대문구,11410,북가좌동,202606,연립다세대_전월세,신정빌라(315-35),북가좌동,315-35,41.77,,17000,0,4,12,2006,신규,26.08~28.08,,,,,
서대문구,11410,남가좌동,202606,연립다세대_전월세,(340-1),남가좌동,340-1,20.01,,11000,20,2,5,2017,신규,26.07~28.07,,,,,
서대문구,11410,홍제동,202606,연립다세대_전월세,써니힐스,홍제동,266-99,19.8,,8000,18,3,12,2013,신규,26.06~28.06,,,,,
서대문구,11410,북아현동,202606,연립다세대_전월세,예우빌리지B동,북아현동,1-71,58.38,,20000,0,4,5,2002,갱신,26.06~28.06,20000.0,,사용,,
서대문구,11410,북가좌동,202606,연립다세대_전월세,유원파크빌,북가좌동,297-2,55.44,,20500,0,4,12,2001,신규,26.08~28.08,,,,,
서대문구,11410,충정로3가,202606,연립다세대_전월세,삼성빌,충정로3가,3-100,46.24,,10000,0,2,13,2002,신규,26.07~28.07,,,,,
서대문구,11410,홍제동,202606,연립다세대_전월세,다복빌라,홍제동,6-16,35.14,,11000,0,2,13,1992,신규,26.07~28.07,,,,,
서대문구,11410,홍은동,202606,연립다세대_전월세,청년미래공동체주택(임대),홍은동,466,56.12,,6946,18,2,15,2019,갱신,26.07~28.06,6832.0,16.0,,,
서대문구,11410,홍은동,202606,연립다세대_전월세,그랜드파크,홍은동,199-1,54.35,,15000,20,1,15,1990,신규,26.08~28.08,,,,,
서대문구,11410,북가좌동,202606,연립다세대_전월세,(293-12),북가좌동,293-12,20.53,,2500,44,2,8,2012,갱신,26.08~28.08,2500.0,42.0,사용,,
서대문구,11410,연희동,202606,연립다세대_전월세,(121-11),연희동,121-11,40.1,,14000,42,2,14,1995,갱신,26.07~28.07,14000.0,37.0,,,
서대문구,11410,충정로3가,202606,연립다세대_전월세,(3-1),충정로3가,3-1,95.35,,35000,10,2,14,1996,신규,26.07~28.07,,,,,
서대문구,11410,북가좌동,202606,연립다세대_전월세,아주하이빌(310-24),북가좌동,310-24,61.04,,5000,100,5,12,2003,신규,26.08~28.08,,,,,
서대문구,11410,홍제동,202606,연립다세대_전월세,시크빌리지,홍제동,280-5,28.1,,12000,0,5,12,2014,갱신,26.07~28.07,11500.0,,,,
서대문구,11410,연희동,202606,연립다세대_전월세,(88-30),연희동,88-30,61.03,,1480,31,2,11,2021,신규,26.06~28.06,,,,,
서대문구,11410,북가좌동,202606,연립다세대_전월세,정이빌라,북가좌동,344-32,83.52,,15000,100,4,3,2012,신규,26.06~28.06,,,,,
서대문구,11410,홍은동,202606,연립다세대_전월세,엘씨빌,홍은동,405-11,71.07,,25000,30,3,15,2007,신규,26.08~28.08,,,,,
서대문구,11410,홍은동,202606,연립다세대_전월세,송림아리채,홍은동,8-1233,31.32,,19000,0,4,12,2020,신규,26.07~28.07,,,,,
서대문구,11410,홍제동,202606,연립다세대_전월세,(122-38),홍제동,122-38,51.91,,22000,0,2,12,2008,신규,26.07~28.07,,,,,
서대문구,11410,연희동,202606,연립다세대_전월세,주건축물제1동,연희동,76-6,31.95,,1050,110,5,2,2016,신규,26.08~28.08,,,,,
서대문구,11410,남가좌동,202606,연립다세대_전월세,(364-4),남가좌동,364-4,68.43,,19700,0,1,9,1977,신규,26.07~28.07,,,,,
서대문구,11410,북아현동,202606,연립다세대_전월세,(1-85),북아현동,1-85,59.76,,16865,0,2,12,1998,갱신,26.07~28.07,16065.0,,,,
서대문구,11410,창천동,202606,연립다세대_전월세,B동(4-133),창천동,4-133,24.84,,500,100,1,11,1987,신규,26.06~27.06,,,,,
서대문구,11410,북가좌동,202606,연립다세대_전월세,로얄빌라(74-210),북가좌동,74-210,60.04,,9000,40,-1,10,1993,갱신,26.07~28.07,9000.0,35.0,,,
서대문구,11410,창천동,202606,연립다세대_전월세,포맨스(브라운빌),창천동,90-9,28.53,,2000,67,3,11,2003,갱신,26.08~28.08,2000.0,63.0,,,
서대문구,11410,홍은동,202606,연립다세대_전월세,에코하우스다울4,홍은동,407-3,42.9,,311,36,2,11,2020,갱신,26.07~28.06,300.0,34.0,,,
서대문구,11410,홍은동,202606,연립다세대_전월세,프라임,홍은동,400-28,76.7,,1000,110,5,2,2004,신규,26.06~27.12,,,,,
서대문구,11410,북가좌동,202606,연립다세대_전월세,주영테크빌,북가좌동,5-92,17.5,,100,11,2,11,2014,신규,26.06~28.08,,,,,
서대문구,11410,북가좌동,202606,연립다세대_전월세,송학빌라B,북가좌동,3-242,62.72,,5000,70,4,10,2002,신규,26.07~28.07,,,,,
서대문구,11410,홍은동,202606,연립다세대_전월세,(11-300),홍은동,11-300,43.98,,8000,0,1,3,1997,신규,26.07~28.07,,,,,
서대문구,11410,홍은동,202606,연립다세대_전월세,(277-87),홍은동,277-87,57.12,,12000,20,3,8,1993,갱신,26.06~28.06,11000.0,5.0,,,
서대문구,11410,충정로2가,202606,연립다세대_전월세,(16-15),충정로2가,16-15,52.9,,5000,130,4,9,2002,신규,26.06~28.06,,,,,
서대문구,11410,홍은동,202606,연립다세대_전월세,더스페이스빌,홍은동,411-5,18.39,,100,12,4,10,2014,신규,26.06~28.08,,,,,
서대문구,11410,남가좌동,202606,연립다세대_전월세,아람빌라1,남가좌동,5-207,44.87,,1000,60,1,6,1996,신규,26.06~28.06,,,,,
서대문구,11410,창천동,202606,연립다세대_전월세,PLACE422,창천동,4-22,26.26,,1000,178,4,9,2025,신규,26.06~28.06,,,,,
서대문구,11410,창천동,202606,연립다세대_전월세,한성,창천동,78-19,38.7,,1000,100,4,8,1995,신규,26.08~27.08,,,,,
서대문구,11410,북가좌동,202606,연립다세대_전월세,정이빌라,북가좌동,344-32,83.52,,15000,100,4,3,2012,신규,26.06~28.06,,,,,
서대문구,11410,남가좌동,202606,연립다세대_전월세,제이씨아트빌2차,남가좌동,3-68,24.26,,100,15,4,9,2014,신규,26.06~28.08,,,,,
서대문구,11410,창천동,202606,연립다세대_전월세,포맨스(브라운빌),창천동,90-9,28.53,,3000,58,2,9,2003,갱신,26.08~27.08,3000.0,55.0,,,
서대문구,11410,연희동,202606,연립다세대_전월세,연희백산빌라,연희동,410-22,28.44,,3000,100,1,1,1994,신규,26.07~28.07,,,,,
서대문구,11410,남가좌동,202606,연립다세대_전월세,허브하우스,남가좌동,327-2,62.4,,300,50,-1,1,2002,신규,26.06~27.06,,,,,
서대문구,11410,홍제동,202606,연립다세대_전월세,홍제,홍제동,312-35,21.55,,510,35,3,1,1965,갱신,26.06~28.06,500.0,35.0,,,
서대문구,11410,홍제동,202606,연립다세대_전월세,MK스테이(B동),홍제동,261-24,59.01,,42000,0,4,3,2021,신규,26.08~28.08,,,,,
서대문구,11410,홍은동,202606,연립다세대_전월세,더스페이스빌,홍은동,411-5,18.16,,100,12,4,9,2014,신규,26.06~28.08,,,,,
서대문구,11410,북가좌동,202606,연립다세대_전월세,미성샹그릴라,북가좌동,281-4,44.04,,14000,0,4,8,2002,갱신,26.06~28.06,13000.0,,,,
서대문구,11410,홍제동,202606,연립다세대_전월세,우신아트빌(361-62),홍제동,361-62,43.48,,4000,80,3,2,2002,신규,26.06~28.06,,,,,
서대문구,11410,홍은동,202606,연립다세대_전월세,디에이원파크,홍은동,400-3,24.98,,22900,0,13,8,2019,갱신,26.08~28.08,22100.0,,사용,,
서대문구,11410,홍은동,202606,연립다세대_전월세,쿤스트빌,홍은동,9-314,45.83,,23000,0,4,1,2015,신규,26.07~28.07,,,,,
서대문구,11410,연희동,202606,연립다세대_전월세,시아루비움,연희동,78-4,51.37,,23000,0,4,3,2004,신규,26.07~28.07,,,,,
서대문구,11410,홍은동,202606,연립다세대_전월세,(9-366),홍은동,9-366,31.66,,3000,55,2,3,2007,갱신,26.06~28.06,3000.0,55.0,사용,,
서대문구,11410,홍은동,202606,연립다세대_전월세,(277-87),홍은동,277-87,57.12,,12000,20,3,8,1993,갱신,26.06~28.06,11000.0,5.0,,,
서대문구,11410,남가좌동,202606,연립다세대_전월세,(5-253),남가좌동,5-253,30.2,,12000,0,3,1,2007,신규,26.07~28.06,,,,,
서대문구,11410,북가좌동,202606,연립다세대_전월세,대우빌라,북가좌동,1-27,42.93,,8000,11,-1,2,1991,신규,26.06~28.06,,,,,
서대문구,11410,홍은동,202606,연립다세대_전월세,수정빌,홍은동,410-61,14,,500,57,3,7,2013,신규,26.07~27.07,,,,,
서대문구,11410,북가좌동,202606,연립다세대_전월세,홍일하이츠빌(B동),북가좌동,348-25,45.36,,3000,75,1,4,1989,신규,26.06~28.06,,,,,
서대문구,11410,연희동,202606,연립다세대_전월세,연흥가나안빌라,연희동,520-43,17.16,,5500,3,4,4,2001,신규,26.06~28.06,,,,,
서대문구,11410,북가좌동,202606,연립다세대_전월세,빌리브케슬,북가좌동,329-14,42.48,,5000,64,4,4,2018,갱신,26.09~28.09,5000.0,60.0,사용,,
서대문구,11410,남가좌동,202606,연립다세대_전월세,(5-343),남가좌동,5-343,46.81,,12500,0,2,5,1981,신규,26.07~28.07,,,,,
서대문구,11410,홍은동,202606,연립다세대_전월세,트라움하임홍은,홍은동,325-7,29.99,,19000,10,3,4,2020,신규,26.06~28.06,,,,,
서대문구,11410,북가좌동,202606,연립다세대_전월세,영광빌라,북가좌동,383-13,31.22,,16538,0,4,4,2007,갱신,26.06~28.06,16538.0,,,,
서대문구,11410,충정로3가,202606,연립다세대_전월세,(31-66),충정로3가,31-66,38.66,,2000,70,-1,2,1988,신규,26.07~28.07,,,,,
서대문구,11410,연희동,202606,연립다세대_전월세,청기와주택,연희동,163-39,35.49,,1000,40,1,2,1986,신규,26.06~28.06,,,,,
서대문구,11410,남가좌동,202606,연립다세대_전월세,주원PetVill,남가좌동,337-28,48.84,,30000,27,3,4,2017,신규,26.07~28.07,,,,,
서대문구,11410,홍제동,202606,연립다세대_전월세,더라베홍제,홍제동,156-384,25.52,,20000,0,4,3,2022,신규,26.06~28.06,,,,,
서대문구,11410,북가좌동,202606,연립다세대_전월세,라클라쎄(321-22),북가좌동,321-22,47.38,,24570,12,3,3,2016,갱신,26.07~28.07,23400.0,12.0,사용,,
서대문구,11410,대현동,202606,연립다세대_전월세,(90-66),대현동,90-66,15.2,,19000,0,15,3,2018,갱신,26.08~28.08,19000.0,,,,
서대문구,11410,북가좌동,202606,연립다세대_전월세,신흥뜨란채(311-9),북가좌동,311-9,47,,31000,0,3,2,2014,갱신,26.06~28.06,29000.0,,,,
서대문구,11410,북가좌동,202606,연립다세대_전월세,우성팰리스(277-28),북가좌동,277-28,27.64,,8000,17,-1,4,2011,갱신,26.06~28.06,8000.0,15.0,,,
서대문구,11410,홍은동,202606,연립다세대_전월세,석산빌라,홍은동,206-28,75.18,,2000,85,3,1,1997,신규,26.06~28.06,,,,,
서대문구,11410,창천동,202606,연립다세대_전월세,어반스테이,창천동,347,24.31,,23000,0,5,1,2020,신규,26.09~28.09,,,,,
서대문구,11410,연희동,202606,연립다세대_전월세,대경빌라,연희동,663,44.25,,10000,35,5,1,2002,신규,26.07~28.07,,,,,
서대문구,11410,홍제동,202606,아파트_전월세,인왕산현대,홍제동,460,59.93,,46000,0,3,12,2000,,,,,,,
서대문구,11410,남가좌동,202606,아파트_전월세,남가좌동현대,남가좌동,376,59.4,,42000,0,17,14,1999,,,,,,,
서대문구,11410,홍은동,202606,아파트_전월세,북한산더샵,홍은동,464,59.899,,50000,30,16,26,2017,,,,,,,
서대문구,11410,홍제동,202606,아파트_전월세,청구2차,홍제동,453-1,59.89,,48500,0,7,27,1997,,,,,,,
서대문구,11410,남가좌동,202606,아파트_전월세,래미안남가좌2차,남가좌동,379,59.788,,40000,0,5,27,2005,,,,,,,
서대문구,11410,홍제동,202606,아파트_전월세,홍제현대,홍제동,331,75.15,,61000,0,13,25,1992,,,,,,,
서대문구,11410,남가좌동,202606,아파트_전월세,래미안남가좌2차,남가좌동,379,59.788,,40000,0,5,19,2005,,,,,,,
서대문구,11410,현저동,202606,아파트_전월세,독립문극동(200-0),현저동,200,59.58,,50000,0,5,22,1998,,,,,,,
서대문구,11410,북아현동,202606,아파트_전월세,신촌푸르지오,북아현동,1011,34.25,,36000,55,2,20,2015,,,,,,,
서대문구,11410,홍은동,202606,아파트_전월세,두산,홍은동,456,84.84,,40000,0,6,6,1997,,,,,,,
서대문구,11410,홍제동,202606,아파트_전월세,홍제한양,홍제동,82,60.06,,15000,60,2,3,1993,,,,,,,
서대문구,11410,홍제동,202606,아파트_전월세,인왕산벽산,홍제동,465,84.86,,5000,210,13,3,2003,,,,,,,
서대문구,11410,홍제동,202606,아파트_전월세,홍제한양,홍제동,82,60.06,,40000,0,3,25,1993,,,,,,,
서대문구,11410,남가좌동,202606,아파트_전월세,DMC센트럴아이파크,남가좌동,388,59.99,,20260,28,3,11,2018,신규,26.07~28.09,,,,,
서대문구,11410,홍제동,202606,아파트_전월세,청구1차,홍제동,453,84.78,,50600,0,5,27,1994,갱신,26.09~28.09,48400.0,,,,
서대문구,11410,홍제동,202606,아파트_전월세,홍제현대,홍제동,331,75.15,,61000,0,13,25,1992,신규,26.08~28.08,,,,,
서대문구,11410,남가좌동,202606,아파트_전월세,남가좌동현대,남가좌동,376,59.4,,42000,0,17,14,1999,갱신,26.08~28.08,40000.0,,사용,,
서대문구,11410,남가좌동,202606,아파트_전월세,DMC센트럴아이파크,남가좌동,388,59.91,,10000,66,16,11,2018,신규,26.07~28.09,,,,,
서대문구,11410,영천동,202606,아파트_전월세,독립문삼호,영천동,100,84.78,,70000,0,14,10,1995,신규,26.08~28.08,,,,,
서대문구,11410,천연동,202606,아파트_전월세,천연뜨란채,천연동,145,57.78,,9450,180,18,23,2006,갱신,26.08~28.08,9450.0,126.0,,,
서대문구,11410,남가좌동,202606,아파트_전월세,DMC센트럴아이파크,남가좌동,388,59.91,,20260,28,17,10,2018,신규,26.07~28.09,,,,,
서대문구,11410,남가좌동,202606,아파트_전월세,DMC에코자이,남가좌동,389,39.885,,14852,37,1,12,2019,신규,26.07~28.09,,,,,
서대문구,11410,홍제동,202606,아파트_전월세,제니스뷰아파트,홍제동,196-26,39.35,,5000,155,13,13,2022,신규,26.08~28.08,,,,,
서대문구,11410,홍제동,202606,아파트_전월세,홍제역해링턴플레이스,홍제동,474,39.38,,13649,33,15,15,2024,신규,26.07~28.09,,,,,
서대문구,11410,남가좌동,202606,아파트_전월세,DMC센트럴아이파크,남가좌동,388,59.91,,14928,55,3,11,2018,신규,26.07~28.09,,,,,
서대문구,11410,홍제동,202606,아파트_전월세,인왕산벽산,홍제동,465,84.86,,5000,210,13,3,2003,신규,26.07~28.07,,,,,
서대문구,11410,홍은동,202606,아파트_전월세,서대문노블루체,홍은동,274-32,43.89,,10000,120,11,22,2018,신규,26.07~28.07,,,,,
서대문구,11410,홍제동,202606,아파트_전월세,홍제역해링턴플레이스,홍제동,474,39.38,,13649,33,2,10,2024,신규,26.07~28.09,,,,,
서대문구,11410,대현동,202606,아파트_전월세,파라타워,대현동,90-70,15.792,,22000,0,4,3,2020,신규,26.09~28.09,,,,,
서대문구,11410,홍제동,202606,아파트_전월세,서대문푸르지오센트럴파크,홍제동,478,34.9,,11062,15,3,11,2023,신규,26.07~28.09,,,,,
서대문구,11410,북아현동,202606,아파트_전월세,신촌푸르지오,북아현동,1011,59.8802,,74000,0,5,27,2015,갱신,26.08~28.08,60000.0,40.0,,,
서대문구,11410,대현동,202606,아파트_전월세,신촌자이엘라,대현동,104-36,24.7,,1000,110,17,27,2014,신규,26.07~27.07,,,,,
서대문구,11410,북아현동,202606,아파트_전월세,힐스테이트신촌,북아현동,1017,59.8404,,74550,0,16,27,2023,갱신,26.08~28.08,71000.0,,사용,,
서대문구,11410,남가좌동,202606,아파트_전월세,DMC파크뷰자이1단지,남가좌동,385,84.98,,80000,0,6,19,2015,갱신,26.09~27.07,80000.0,,사용,,
서대문구,11410,연희동,202606,아파트_전월세,연희자이엘라,연희동,745,13.642,,1000,77,2,1,2014,신규,26.07~27.07,,,,,
서대문구,11410,남가좌동,202606,아파트_전월세,DMC센트레빌,남가좌동,381,114.87,,30000,240,13,5,2009,신규,26.07~28.07,,,,,
서대문구,11410,남가좌동,202606,아파트_전월세,DMC에코자이,남가좌동,389,84.978,,73500,0,5,24,2019,갱신,26.08~29.02,70000.0,,사용,,
서대문구,11410,북아현동,202606,아파트_전월세,두산,북아현동,1009,59.96,,5000,158,10,5,1999,갱신,26.08~28.02,5000.0,150.0,사용,,
서대문구,11410,홍은동,202606,아파트_전월세,북한산두산위브2차,홍은동,468,59.7501,,19350,27,11,10,2021,신규,26.07~28.09,,,,,
서대문구,11410,홍제동,202606,아파트_전월세,서대문푸르지오센트럴파크,홍제동,478,34.9,,11062,15,7,10,2023,신규,26.07~28.09,,,,,
서대문구,11410,남가좌동,202606,아파트_전월세,남가좌동현대,남가좌동,376,59.4,,48000,0,1,27,1999,갱신,26.08~28.08,46000.0,,,,
서대문구,11410,합동,202606,아파트_전월세,에스케이뷰,합동,118,84.909,,5000,340,3,15,2008,신규,26.07~27.11,,,,,
서대문구,11410,홍은동,202606,아파트_전월세,나영힐빌리지,홍은동,265-364,134.97,,1500,350,1,12,2004,신규,26.07~28.07,,,,,
서대문구,11410,북아현동,202606,아파트_전월세,신촌푸르지오,북아현동,1011,84.9892,,10000,295,19,5,2015,갱신,26.06~28.06,10000.0,280.0,사용,,
서대문구,11410,남가좌동,202606,아파트_전월세,디엠씨엘가,남가좌동,387,13.03,,1000,70,12,25,2017,신규,26.07~27.07,,,,,
서대문구,11410,대현동,202606,아파트_전월세,신촌럭키,대현동,144,83.38,,65000,0,15,6,1999,신규,26.08~28.08,,,,,
서대문구,11410,북아현동,202606,아파트_전월세,신촌푸르지오,북아현동,1011,84.9953,,77170,0,4,29,2015,갱신,26.07~28.07,73500.0,,사용,,
서대문구,11410,남가좌동,202606,아파트_전월세,DMC센트럴아이파크,남가좌동,388,84.98,,10000,250,14,18,2018,갱신,26.09~28.09,10000.0,240.0,사용,,
서대문구,11410,북아현동,202606,아파트_전월세,신촌푸르지오,북아현동,1011,84.9892,,35000,265,7,23,2015,신규,26.10~28.10,,,,,
서대문구,11410,홍제동,202606,아파트_전월세,인왕산벽산,홍제동,465,84.63,,57000,0,5,17,2003,신규,26.09~28.09,,,,,
서대문구,11410,대현동,202606,아파트_전월세,파라타워,대현동,90-70,15.792,,1000,123,3,17,2020,갱신,26.08~27.08,1000.0,123.0,,,
서대문구,11410,남가좌동,202606,아파트_전월세,남가좌동현대,남가좌동,376,59.4,,55000,0,6,13,1999,신규,26.10~28.10,,,,,
서대문구,11410,홍은동,202606,아파트_전월세,나영힐빌리지,홍은동,265-364,134.97,,5000,260,2,4,2004,신규,26.06~27.06,,,,,
서대문구,11410,홍제동,202606,아파트_전월세,성원,홍제동,456,41.5,,2000,90,8,23,1998,신규,26.07~28.07,,,,,
서대문구,11410,북아현동,202606,아파트_전월세,e편한세상신촌4단지,북아현동,1013,84.89,,10000,410,6,27,2018,신규,26.09~29.02,,,,,
서대문구,11410,홍은동,202606,아파트_전월세,북한산두산위브,홍은동,467,33.05,,9588,47,2,10,2020,신규,26.07~28.09,,,,,
서대문구,11410,북아현동,202606,아파트_전월세,신촌푸르지오,북아현동,1011,59.8802,,74000,0,2,3,2015,신규,26.08~28.08,,,,,
서대문구,11410,홍제동,202606,아파트_전월세,홍제역해링턴플레이스,홍제동,474,39.38,,9581,47,10,11,2024,신규,26.07~28.09,,,,,
서대문구,11410,천연동,202606,아파트_전월세,천연뜨란채,천연동,145,75.55,,52000,0,2,22,2006,갱신,26.07~27.07,52000.0,,,,
서대문구,11410,홍제동,202606,아파트_전월세,서대문푸르지오센트럴파크,홍제동,478,59.98,,75000,0,3,27,2023,신규,26.08~28.08,,,,,
서대문구,11410,남가좌동,202606,아파트_전월세,DMC파크뷰자이1단지,남가좌동,385,84.974,,30000,240,11,28,2015,신규,26.09~28.09,,,,,
서대문구,11410,북아현동,202606,아파트_전월세,신촌푸르지오,북아현동,1011,34.25,,36000,55,2,20,2015,신규,26.07~28.07,,,,,
서대문구,11410,북아현동,202606,아파트_전월세,힐스테이트신촌,북아현동,1017,84.6043,,82950,0,14,13,2023,갱신,26.08~28.08,79000.0,,사용,,
서대문구,11410,북아현동,202606,아파트_전월세,e편한세상신촌3단지,북아현동,1013,84.95,,105000,0,10,30,2018,갱신,26.11~28.11,93500.0,,,,
서대문구,11410,연희동,202606,아파트_전월세,연희자이엘라,연희동,745,13.642,,1000,77,4,10,2014,신규,26.07~27.06,,,,,
서대문구,11410,남가좌동,202606,아파트_전월세,래미안루센티아,남가좌동,390,84.83,,60000,90,5,27,2020,갱신,26.08~28.08,73500.0,,사용,,
서대문구,11410,홍제동,202606,아파트_전월세,홍제현대,홍제동,331,75.15,,10000,220,13,27,1992,신규,26.09~28.09,,,,,
서대문구,11410,합동,202606,아파트_전월세,에스케이뷰,합동,118,84.98,,5000,300,14,17,2008,신규,26.07~28.07,,,,,
서대문구,11410,창천동,202606,아파트_전월세,3RU-City,창천동,510-2,12.08,,600,80,3,27,2013,신규,26.06~27.06,,,,,
서대문구,11410,북가좌동,202606,아파트_전월세,DMC래미안e편한세상,북가좌동,481,59.97,,10000,250,6,19,2012,신규,26.08~28.08,,,,,
서대문구,11410,남가좌동,202606,아파트_전월세,DMC금호리첸시아,남가좌동,396,84.9901,,73000,0,26,30,2024,갱신,26.07~28.07,70000.0,,,,
서대문구,11410,홍은동,202606,아파트_전월세,e편한세상서대문,홍은동,469,59.991,,10300,170,25,22,2023,갱신,26.07~28.06,10000.0,170.0,사용,,
서대문구,11410,대현동,202606,아파트_전월세,파라타워,대현동,90-70,15.792,,1000,110,5,16,2020,신규,26.07~27.07,,,,,
서대문구,11410,연희동,202606,아파트_전월세,연희자이엘라,연희동,745,13.642,,1000,78,12,29,2014,신규,26.08~27.02,,,,,
서대문구,11410,합동,202606,아파트_전월세,에스케이뷰,합동,118,84.909,,5000,380,14,19,2008,신규,26.07~28.07,,,,,
서대문구,11410,대현동,202606,아파트_전월세,파라타워,대현동,90-70,16.299,,1000,120,7,9,2020,갱신,26.06~27.02,1000.0,95.0,,,
서대문구,11410,남가좌동,202606,아파트_전월세,남가좌동현대,남가좌동,376,59.4,,3000,150,9,11,1999,신규,26.09~28.09,,,,,
서대문구,11410,연희동,202606,아파트_전월세,연희파크푸르지오,연희동,747,59.9835,,57000,0,7,19,2018,갱신,26.06~26.08,57000.0,,,,
서대문구,11410,홍제동,202606,아파트_전월세,홍제한양,홍제동,82,60.06,,10000,147,2,12,1993,갱신,26.07~28.07,10000.0,130.0,사용,,
서대문구,11410,홍제동,202606,아파트_전월세,남양,홍제동,457,59.94,,42500,0,3,23,1999,신규,26.09~28.09,,,,,
서대문구,11410,북아현동,202606,아파트_전월세,e편한세상신촌1단지,북아현동,1013,59.85,,35000,158,5,8,2018,갱신,26.08~28.08,15000.0,220.0,,,
서대문구,11410,북아현동,202606,아파트_전월세,두산,북아현동,1009,59.96,,50000,0,11,24,1999,갱신,26.08~28.08,49000.0,,사용,,
서대문구,11410,북가좌동,202606,아파트_전월세,DMC래미안e편한세상,북가좌동,481,84.92,,85000,0,11,4,2012,신규,26.08~28.08,,,,,
서대문구,11410,남가좌동,202606,아파트_전월세,DMC파크뷰자이2단지,남가좌동,385,84.968,,60000,130,7,21,2015,신규,26.08~28.08,,,,,
서대문구,11410,북가좌동,202606,아파트_전월세,북가좌삼호,북가좌동,449,84.57,,37000,0,3,21,1996,신규,26.08~28.08,,,,,
서대문구,11410,홍제동,202606,아파트_전월세,금호어울림,홍제동,471,84.9054,,65000,0,6,20,2016,신규,26.08~28.08,,,,,
서대문구,11410,연희동,202606,아파트_전월세,연희자이엘라,연희동,745,13.642,,1000,73,2,17,2014,신규,26.07~28.07,,,,,
서대문구,11410,홍제동,202606,아파트_전월세,홍제센트럴IPARK,홍제동,473,84.9728,,35000,180,15,3,2020,신규,26.12~28.12,,,,,
서대문구,11410,홍제동,202606,아파트_전월세,홍제삼성래미안,홍제동,461,32.76,,12000,32,5,25,2001,갱신,26.06~28.06,12000.0,28.0,,,
서대문구,11410,남가좌동,202606,아파트_전월세,래미안루센티아,남가좌동,390,84.84,,63000,0,11,24,2020,신규,26.08~28.08,,,,,
서대문구,11410,북아현동,202606,아파트_전월세,신촌푸르지오,북아현동,1011,109.0901,,10000,450,6,26,2015,신규,26.08~28.08,,,,,
서대문구,11410,남가좌동,202606,아파트_전월세,DMC래미안클라시스,남가좌동,377,59.97,,55000,0,3,19,2000,신규,26.08~28.08,,,,,
서대문구,11410,홍제동,202606,아파트_전월세,홍제한양,홍제동,82,60.06,,36000,0,5,27,1993,갱신,26.06~28.06,30000.0,,,,
서대문구,11410,합동,202606,아파트_전월세,에스케이뷰,합동,118,84.98,,20000,230,3,6,2008,신규,26.08~28.08,,,,,
서대문구,11410,홍은동,202606,아파트_전월세,힐스테이트홍은포레스트,홍은동,470,84.53,,71400,0,6,24,2023,갱신,26.07~28.07,68000.0,,사용,,
서대문구,11410,북아현동,202606,아파트_전월세,신촌헤리센트,북아현동,998,29.86,,40000,0,8,23,2022,신규,26.08~28.08,,,,,
서대문구,11410,남가좌동,202606,아파트_전월세,래미안루센티아,남가좌동,390,59.98,,68000,0,11,27,2020,갱신,26.09~28.09,65000.0,,사용,,
서대문구,11410,홍제동,202606,아파트_전월세,홍제한양,홍제동,82,60.06,,45000,0,6,30,1993,갱신,26.07~28.07,43000.0,,사용,,
서대문구,11410,남가좌동,202606,아파트_전월세,DMC래미안클라시스,남가좌동,377,59.97,,54000,0,16,27,2000,신규,26.08~28.08,,,,,
서대문구,11410,홍제동,202606,아파트_전월세,문화촌현대,홍제동,463,59.94,,44750,0,15,28,2002,갱신,26.12~29.02,36750.0,,,,
서대문구,11410,충정로3가,202606,아파트_전월세,더스타일하우스디센트럴,충정로3가,480,35.858,,10200,69,15,22,2020,갱신,26.07~27.07,10200.0,67.0,,,
서대문구,11410,남가좌동,202606,아파트_전월세,래미안남가좌2차,남가좌동,379,84.806,,74000,0,9,17,2005,신규,26.07~28.07,,,,,
서대문구,11410,북아현동,202606,아파트_전월세,두산,북아현동,1009,59.96,,53000,0,10,3,1999,신규,26.07~28.06,,,,,
서대문구,11410,남가좌동,202606,아파트_전월세,래미안남가좌2차,남가좌동,379,84.806,,30000,100,9,12,2005,신규,26.07~28.07,,,,,
서대문구,11410,천연동,202606,아파트_전월세,천연뜨란채,천연동,145,56.08,,45090,0,4,19,2006,신규,26.09~28.09,,,,,
서대문구,11410,북가좌동,202606,아파트_전월세,DMC래미안e편한세상,북가좌동,481,59.97,,60900,0,8,27,2012,갱신,26.10~28.10,58000.0,,사용,,
서대문구,11410,남가좌동,202606,아파트_전월세,래미안남가좌2차,남가좌동,379,84.806,,30000,100,9,12,2005,신규,26.07~28.07,,,,,
서대문구,11410,북가좌동,202606,아파트_전월세,DMC래미안e편한세상,북가좌동,481,84.92,,50000,105,4,29,2012,신규,26.10~28.10,,,,,
서대문구,11410,북아현동,202606,아파트_전월세,힐스테이트신촌,북아현동,1017,84.9715,,84000,0,13,27,2023,갱신,26.08~28.08,80000.0,,사용,,
서대문구,11410,창천동,202606,아파트_전월세,3RU-City,창천동,510-2,17.19,,1000,75,3,5,2013,신규,26.06~27.06,,,,,
서대문구,11410,북아현동,202606,아파트_전월세,신촌푸르지오,북아현동,1011,84.9559,,10000,350,7,26,2015,신규,26.08~27.08,,,,,
서대문구,11410,북가좌동,202606,아파트_전월세,북가좌삼호,북가좌동,449,84.57,,53000,10,18,27,1996,갱신,26.08~28.08,53000.0,,사용,,
서대문구,11410,홍제동,202606,아파트_전월세,서대문푸르지오센트럴파크,홍제동,478,84.98,,91000,0,5,30,2023,신규,26.12~28.12,,,,,
서대문구,11410,홍제동,202606,아파트_전월세,홍제현대,홍제동,331,60.81,,40000,0,2,27,1992,신규,26.08~28.08,,,,,
서대문구,11410,북아현동,202606,아파트_전월세,신촌푸르지오,북아현동,1011,84.9559,,83000,0,12,28,2015,갱신,26.06~28.06,82000.0,,사용,,
서대문구,11410,홍제동,202606,아파트_전월세,홍제삼성래미안,홍제동,461,60,,47250,0,5,26,2001,갱신,26.09~28.09,45000.0,,사용,,
서대문구,11410,충정로3가,202606,아파트_전월세,더스타일하우스디센트럴,충정로3가,480,17.6626,,3990,42,3,29,2020,신규,26.07~28.07,,,,,
서대문구,11410,충정로3가,202606,아파트_전월세,더스타일하우스디센트럴,충정로3가,480,21.056,,4695,49,19,18,2020,갱신,26.07~27.07,4695.0,47.0,,,
서대문구,11410,남가좌동,202606,아파트_전월세,DMC센트레빌,남가좌동,381,59.95,,54500,0,7,29,2009,갱신,26.07~28.07,50000.0,,,,
서대문구,11410,남가좌동,202606,아파트_전월세,DMC파크뷰자이2단지,남가좌동,385,84.968,,75000,14,15,30,2015,갱신,26.07~28.07,75000.0,,사용,,
서대문구,11410,홍제동,202606,아파트_전월세,홍제원현대(459-0),홍제동,459,59.93,,33500,0,17,24,2000,신규,26.07~28.07,,,,,
서대문구,11410,북아현동,202606,아파트_전월세,신촌푸르지오,북아현동,1011,59.8802,,10000,300,4,18,2015,신규,26.09~28.09,,,,,
서대문구,11410,천연동,202606,아파트_전월세,천연뜨란채,천연동,145,30.17,,28000,0,4,29,2006,신규,26.06~28.06,,,,,
서대문구,11410,북아현동,202606,아파트_전월세,신촌푸르지오,북아현동,1011,109.0901,,1000,150,10,6,2015,신규,26.06~27.06,,,,,
서대문구,11410,남가좌동,202606,아파트_전월세,DMC파크뷰자이1단지,남가좌동,385,84.98,,77700,0,14,13,2015,갱신,26.08~28.08,74000.0,,사용,,
서대문구,11410,홍은동,202606,아파트_전월세,홍은동벽산,홍은동,455,84.78,,44000,0,1,29,1997,신규,26.09~28.09,,,,,
서대문구,11410,홍제동,202606,아파트_전월세,홍제원현대(459-0),홍제동,459,59.93,,10000,160,5,1,2000,신규,26.06~28.06,,,,,
서대문구,11410,홍제동,202606,아파트_전월세,청구2차,홍제동,453-1,59.89,,48500,0,7,27,1997,갱신,26.07~28.07,46500.0,,사용,,
서대문구,11410,북아현동,202606,아파트_전월세,e편한세상신촌1단지,북아현동,1013,59.85,,78000,0,6,5,2018,갱신,26.09~28.09,75000.0,,사용,,
서대문구,11410,충정로2가,202606,아파트_전월세,현대,충정로2가,185-15,83.63,,53000,0,1,13,1992,신규,26.08~28.08,,,,,
서대문구,11410,홍제동,202606,아파트_전월세,홍제역해링턴플레이스,홍제동,474,84.95,,50000,145,16,27,2024,갱신,26.08~28.08,35000.0,150.0,,,
서대문구,11410,남가좌동,202606,아파트_전월세,DMC파크뷰자이1단지,남가좌동,385,59.981,,70350,0,2,29,2015,갱신,26.07~28.07,67000.0,,사용,,
서대문구,11410,북아현동,202606,아파트_전월세,신촌푸르지오,북아현동,1011,84.9559,,70000,100,12,27,2015,신규,26.08~28.08,,,,,
서대문구,11410,홍제동,202606,아파트_전월세,인왕산현대,홍제동,460,59.93,,30000,90,1,29,2000,신규,26.08~28.08,,,,,
서대문구,11410,홍은동,202606,아파트_전월세,반석블레스,홍은동,440-1,59.98,,11000,100,12,8,2013,신규,26.06~28.06,,,,,
서대문구,11410,대현동,202606,아파트_전월세,신촌자이엘라,대현동,104-36,23.36,,1000,120,22,27,2014,갱신,26.07~27.07,1000.0,115.0,,,
서대문구,11410,북가좌동,202606,아파트_전월세,DMC래미안e편한세상,북가좌동,481,59.97,,70000,0,9,13,2012,갱신,26.09~29.01,60000.0,,,,
서대문구,11410,북가좌동,202606,아파트_전월세,DMC아이파크,북가좌동,458,84.92,,22000,160,6,3,2009,신규,26.07~28.07,,,,,
서대문구,11410,현저동,202606,아파트_전월세,독립문파크빌,현저동,1019,59.4,,10000,130,4,13,2000,신규,26.06~28.06,,,,,
서대문구,11410,홍은동,202606,아파트_전월세,힐스테이트홍은포레스트,홍은동,470,72.79,,30000,48,10,22,2023,신규,26.09~27.02,,,,,
서대문구,11410,북가좌동,202606,아파트_전월세,DMC래미안e편한세상,북가좌동,481,59.97,,40000,130,7,25,2012,신규,26.09~28.09,,,,,
서대문구,11410,홍제동,202606,아파트_전월세,인왕산현대,홍제동,460,59.93,,53500,0,16,29,2000,신규,26.07~28.07,,,,,
서대문구,11410,남가좌동,202606,아파트_전월세,래미안루센티아,남가좌동,390,84.84,,68250,0,4,25,2020,갱신,26.10~28.10,65000.0,,사용,,
서대문구,11410,남가좌동,202606,아파트_전월세,DMC에코자이,남가좌동,389,84.978,,40000,150,4,27,2019,갱신,26.08~28.08,40000.0,120.0,,,
서대문구,11410,현저동,202606,아파트_전월세,독립문극동(200-0),현저동,200,84.87,,50000,90,5,27,1998,신규,26.09~28.09,,,,,
서대문구,11410,현저동,202606,아파트_전월세,독립문극동(200-0),현저동,200,84.87,,20000,200,3,28,1998,신규,26.08~28.08,,,,,
서대문구,11410,천연동,202606,아파트_전월세,천연뜨란채,천연동,145,57.78,,20000,83,4,27,2006,갱신,26.08~28.06,20000.0,75.0,사용,,
서대문구,11410,남가좌동,202606,아파트_전월세,DMC래미안클라시스,남가좌동,377,59.59,,35000,0,12,3,2000,신규,26.06~27.06,,,,,
서대문구,11410,북가좌동,202606,아파트_전월세,DMC래미안e편한세상,북가좌동,481,59.97,,68000,0,3,29,2012,신규,26.08~29.02,,,,,
서대문구,11410,북가좌동,202606,아파트_전월세,DMC래미안e편한세상,북가좌동,481,59.97,,73000,0,3,27,2012,신규,26.09~28.09,,,,,
서대문구,11410,홍제동,202606,아파트_전월세,청구1차,홍제동,453,84.78,,50000,0,11,27,1994,갱신,26.06~28.06,39300.0,,,,
서대문구,11410,연희동,202606,아파트_전월세,연희자이엘라,연희동,745,13.642,,1000,75,8,5,2014,신규,26.06~27.06,,,,,
서대문구,11410,홍제동,202606,아파트_전월세,서대문푸르지오센트럴파크,홍제동,478,59.98,,75000,0,3,27,2023,신규,26.08~28.08,,,,,
서대문구,11410,홍은동,202606,아파트_전월세,극동,홍은동,454,84.92,,37000,0,5,27,1995,신규,26.09~28.09,,,,,
서대문구,11410,남가좌동,202606,아파트_전월세,DMC파크뷰자이1단지,남가좌동,385,84.968,,75600,0,3,27,2015,갱신,26.09~28.09,72000.0,,사용,,
서대문구,11410,홍은동,202606,아파트_전월세,e편한세상서대문,홍은동,469,59.991,,67500,0,16,28,2023,신규,26.08~28.08,,,,,
서대문구,11410,남가좌동,202606,아파트_전월세,남가좌동현대,남가좌동,376,59.4,,42000,0,1,25,1999,갱신,26.10~28.09,40000.0,,사용,,
서대문구,11410,충정로3가,202606,아파트_전월세,더스타일하우스디센트럴,충정로3가,480,26.5236,,7886,55,8,25,2020,갱신,26.07~28.07,7886.0,52.0,,,
서대문구,11410,충정로3가,202606,아파트_전월세,더스타일하우스디센트럴,충정로3가,480,26.5236,,7886,54,19,26,2020,신규,26.07~28.06,,,,,
서대문구,11410,충정로3가,202606,아파트_전월세,더스타일하우스디센트럴,충정로3가,480,15.8101,,3640,37,23,26,2020,신규,26.07~27.07,,,,,
서대문구,11410,남가좌동,202606,아파트_전월세,DMC파크뷰자이2단지,남가좌동,385,84.99,,70000,40,4,26,2015,신규,26.07~28.07,,,,,
서대문구,11410,홍제동,202606,아파트_전월세,문화촌현대,홍제동,463,59.94,,42000,0,10,26,2002,신규,26.10~28.10,,,,,
서대문구,11410,남가좌동,202606,아파트_전월세,DMC파크뷰자이1단지,남가좌동,385,84.971,,73000,0,23,26,2015,갱신,26.09~27.09,73000.0,,사용,,
서대문구,11410,홍제동,202606,아파트_전월세,인왕산어울림,홍제동,467,133.9,,85000,0,3,26,2006,신규,26.10~28.10,,,,,
서대문구,11410,연희동,202606,아파트_전월세,대우푸르지오,연희동,739,59.584,,30000,100,2,25,2002,신규,26.08~28.08,,,,,
서대문구,11410,남가좌동,202606,아파트_전월세,DMC센트럴아이파크,남가좌동,388,84.98,,83000,0,11,24,2018,신규,26.09~28.09,,,,,
서대문구,11410,천연동,202606,아파트_전월세,천연뜨란채,천연동,145,56.08,,44100,0,13,26,2006,갱신,26.09~28.09,42000.0,,사용,,
서대문구,11410,북아현동,202606,아파트_전월세,e편한세상신촌4단지,북아현동,1013,84.82,,80000,100,8,26,2018,신규,26.09~28.09,,,,,
서대문구,11410,북가좌동,202606,아파트_전월세,DMC래미안e편한세상,북가좌동,481,84.95,,73000,0,13,24,2012,신규,26.08~28.08,,,,,
서대문구,11410,영천동,202606,아파트_전월세,독립문삼호,영천동,100,84.78,,30000,180,16,5,1995,신규,26.06~28.06,,,,,
서대문구,11410,천연동,202606,아파트_전월세,천연뜨란채,천연동,145,30.17,,2000,120,1,25,2006,신규,26.08~28.08,,,,,
서대문구,11410,홍제동,202606,아파트_전월세,청구1차,홍제동,453,84.78,,55000,0,14,25,1994,갱신,26.09~27.09,55000.0,,,,
서대문구,11410,홍제동,202606,아파트_전월세,홍제한양,홍제동,82,60.06,,40000,0,3,25,1993,신규,26.08~28.08,,,,,
서대문구,11410,홍제동,202606,아파트_전월세,홍제원현대(459-0),홍제동,459,59.93,,5000,185,1,25,2000,신규,26.08~28.08,,,,,
서대문구,11410,연희동,202606,아파트_전월세,연희웨스트팰리스,연희동,746,13.12,,1000,72,2,19,2014,신규,26.06~27.06,,,,,
서대문구,11410,남가좌동,202606,아파트_전월세,DMC파크뷰자이2단지,남가좌동,385,84.968,,71000,0,6,12,2015,갱신,26.07~28.07,71000.0,,사용,,
서대문구,11410,홍제동,202606,아파트_전월세,청구3차,홍제동,462,59.4,,10000,200,6,25,2001,신규,26.07~28.07,,,,,
서대문구,11410,북아현동,202606,아파트_전월세,e편한세상신촌1단지,북아현동,1013,84.93,,70000,60,6,25,2018,갱신,26.09~28.09,70000.0,60.0,사용,,
서대문구,11410,북아현동,202606,아파트_전월세,두산,북아현동,1009,59.96,,39900,25,3,25,1999,갱신,26.08~27.08,38000.0,25.0,사용,,
서대문구,11410,북아현동,202606,아파트_전월세,신촌푸르지오,북아현동,1011,84.9953,,92000,0,4,25,2015,신규,26.08~28.08,,,,,
서대문구,11410,현저동,202606,아파트_전월세,독립문극동(200-0),현저동,200,59.58,,20000,160,14,20,1998,신규,26.07~28.07,,,,,
서대문구,11410,남가좌동,202606,아파트_전월세,DMC파크뷰자이2단지,남가좌동,385,84.909,,20000,224,15,25,2015,갱신,26.07~28.07,20000.0,210.0,사용,,
서대문구,11410,충정로3가,202606,아파트_전월세,더스타일하우스디센트럴,충정로3가,480,17.6626,,3990,42,13,24,2020,갱신,26.07~28.07,3990.0,40.0,,,
서대문구,11410,연희동,202606,아파트_전월세,연희웨스트팰리스,연희동,746,13.12,,100,80,6,25,2014,신규,26.06~27.02,,,,,
서대문구,11410,충정로3가,202606,아파트_전월세,충정리시온,충정로3가,465,45.89,,40700,8,18,25,2004,갱신,26.08~28.08,40700.0,,사용,,
서대문구,11410,북가좌동,202606,아파트_전월세,DMC래미안e편한세상,북가좌동,481,84.92,,85000,0,2,13,2012,신규,26.09~28.09,,,,,
서대문구,11410,남가좌동,202606,아파트_전월세,DMC금호리첸시아,남가좌동,396,84.9901,,50000,160,22,25,2024,신규,26.08~28.08,,,,,
서대문구,11410,천연동,202606,아파트_전월세,천연뜨란채,천연동,145,55.85,,53000,0,15,24,2006,갱신,26.08~28.08,50500.0,,사용,,
서대문구,11410,현저동,202606,아파트_전월세,독립문극동(200-0),현저동,200,59.58,,50000,0,5,22,1998,갱신,26.07~28.06,46000.0,,,,
서대문구,11410,홍은동,202606,아파트_전월세,북한산더샵,홍은동,464,84.747,,70000,0,5,24,2017,신규,26.09~28.09,,,,,
서대문구,11410,홍제동,202606,아파트_전월세,홍제현대,홍제동,331,83.05,,49300,0,6,24,1992,갱신,26.06~28.06,47000.0,,사용,,
서대문구,11410,대현동,202606,아파트_전월세,신촌자이엘라,대현동,104-36,29.63,,1000,145,23,9,2014,신규,26.06~26.08,,,,,
서대문구,11410,북아현동,202606,아파트_전월세,힐스테이트신촌,북아현동,1017,55.9706,,30000,185,14,22,2023,갱신,26.09~28.09,10000.0,155.0,,,
서대문구,11410,북아현동,202606,아파트_전월세,e편한세상신촌3단지,북아현동,1013,84.93,,70000,70,14,9,2018,갱신,26.08~28.08,70000.0,55.0,사용,,
서대문구,11410,충정로3가,202606,아파트_전월세,더스타일하우스디센트럴,충정로3가,480,26.5236,,7886,55,9,22,2020,갱신,26.07~28.07,7886.0,52.0,,,
서대문구,11410,남가좌동,202606,아파트_전월세,DMC금호리첸시아,남가좌동,396,59.9772,,66000,0,10,19,2024,갱신,26.09~28.09,63000.0,,,,
서대문구,11410,홍제동,202606,아파트_전월세,인왕산현대,홍제동,460,59.93,,52500,0,1,24,2000,신규,26.08~28.08,,,,,
서대문구,11410,홍은동,202606,아파트_전월세,홍은동벽산,홍은동,455,84.78,,48000,0,2,3,1997,신규,26.08~28.08,,,,,
서대문구,11410,북아현동,202606,아파트_전월세,힐스테이트신촌,북아현동,1017,59.8404,,43300,100,4,24,2023,신규,26.06~26.12,,,,,
서대문구,11410,북아현동,202606,아파트_전월세,e편한세상신촌3단지,북아현동,1013,59.85,,21000,257,9,8,2018,갱신,26.06~28.06,20000.0,245.0,사용,,
서대문구,11410,북가좌동,202606,아파트_전월세,DMC래미안e편한세상,북가좌동,481,84.97,,78000,0,4,24,2012,신규,26.06~31.06,,,,,
서대문구,11410,남가좌동,202606,아파트_전월세,래미안루센티아,남가좌동,390,84.83,,78500,0,2,23,2020,갱신,26.07~28.07,75000.0,,사용,,
서대문구,11410,홍은동,202606,아파트_전월세,홍은미성,홍은동,186-1,65.43,,36500,0,7,24,1985,갱신,26.07~28.07,35000.0,,,,
서대문구,11410,영천동,202606,아파트_전월세,독립문삼호,영천동,100,84.78,,60000,25,13,13,1995,신규,26.08~28.08,,,,,
서대문구,11410,현저동,202606,아파트_전월세,독립문극동(200-0),현저동,200,84.87,,74000,0,6,16,1998,신규,26.09~28.09,,,,,
서대문구,11410,충정로3가,202606,아파트_전월세,더스타일하우스디센트럴,충정로3가,480,17.6626,,5310,36,19,22,2020,갱신,26.07~27.07,5310.0,34.0,,,
서대문구,11410,충정로3가,202606,아파트_전월세,더스타일하우스디센트럴,충정로3가,480,35.858,,7650,78,11,23,2020,신규,26.06~27.06,,,,,
서대문구,11410,북아현동,202606,아파트_전월세,두산,북아현동,1009,59.96,,55000,0,7,20,1999,신규,26.09~28.09,,,,,
서대문구,11410,충정로3가,202606,아파트_전월세,충정리시온,충정로3가,465,44.88,,41000,0,17,23,2004,신규,26.08~28.08,,,,,
서대문구,11410,충정로3가,202606,아파트_전월세,충림예하임,충정로3가,477,84.6,,30000,100,3,16,2010,신규,26.09~28.08,,,,,
서대문구,11410,북아현동,202606,아파트_전월세,그린빌,북아현동,1-122,78.18,,40000,0,7,19,2003,신규,26.07~30.07,,,,,
서대문구,11410,북아현동,202606,아파트_전월세,힐스테이트신촌,북아현동,1017,84.9557,,80000,0,11,20,2023,갱신,26.07~28.07,78000.0,,사용,,
서대문구,11410,대현동,202606,아파트_전월세,파라타워,대현동,90-70,15.792,,1000,115,4,20,2020,갱신,26.07~27.07,1000.0,110.0,,,
서대문구,11410,북아현동,202606,아파트_전월세,힐스테이트신촌,북아현동,1017,59.8404,,63000,0,13,8,2023,갱신,26.08~28.08,60000.0,,사용,,
서대문구,11410,합동,202606,아파트_전월세,에스케이뷰,합동,118,84.909,,65000,25,20,11,2008,갱신,26.08~28.01,65000.0,,,,
서대문구,11410,홍제동,202606,아파트_전월세,청구1차,홍제동,453,84.78,,55125,0,10,20,1994,갱신,26.09~28.09,52500.0,,사용,,
서대문구,11410,천연동,202606,아파트_전월세,천연뜨란채,천연동,145,56.02,,10000,230,11,23,2006,신규,26.07~28.07,,,,,
서대문구,11410,홍은동,202606,아파트_전월세,e편한세상서대문,홍은동,469,59.991,,20000,75,6,22,2023,신규,26.11~27.12,,,,,
서대문구,11410,남가좌동,202606,아파트_전월세,DMC금호리첸시아,남가좌동,396,74.343,,63000,50,13,22,2024,신규,26.08~28.08,,,,,
서대문구,11410,홍제동,202606,아파트_전월세,서대문푸르지오센트럴파크,홍제동,478,59.94,,10000,250,16,22,2023,신규,26.08~28.08,,,,,
서대문구,11410,홍제동,202606,아파트_전월세,홍제역해링턴플레이스,홍제동,474,84.99,,3000,90,7,4,2024,신규,26.06~28.06,,,,,
서대문구,11410,홍은동,202606,아파트_전월세,극동,홍은동,454,84.92,,35000,0,7,20,1995,신규,26.09~28.09,,,,,
서대문구,11410,북아현동,202606,아파트_전월세,힐스테이트신촌,북아현동,1017,59.8404,,77000,0,16,22,2023,신규,26.09~28.09,,,,,
서대문구,11410,연희동,202606,아파트_전월세,연희자이엘라,연희동,745,13.642,,13500,10,12,22,2014,신규,26.07~28.07,,,,,
서대문구,11410,북아현동,202606,아파트_전월세,신촌푸르지오,북아현동,1011,59.8802,,10000,250,17,22,2015,신규,26.08~28.08,,,,,
서대문구,11410,충정로3가,202606,아파트_전월세,더스타일하우스디센트럴,충정로3가,480,17.6626,,3990,41,8,22,2020,갱신,26.07~28.07,3990.0,39.0,,,
서대문구,11410,북아현동,202606,아파트_전월세,신촌푸르지오,북아현동,1011,34.9573,,47000,0,3,22,2015,신규,26.07~28.07,,,,,
서대문구,11410,북아현동,202606,아파트_전월세,신촌푸르지오,북아현동,1011,84.9953,,60000,105,2,20,2015,갱신,26.09~28.09,60000.0,90.0,사용,,
서대문구,11410,북아현동,202606,아파트_전월세,두산,북아현동,1009,59.96,,20000,140,18,18,1999,신규,26.07~28.07,,,,,
서대문구,11410,북아현동,202606,아파트_전월세,신촌푸르지오,북아현동,1011,59.8802,,73000,0,11,20,2015,갱신,26.07~28.07,73000.0,,사용,,
서대문구,11410,북가좌동,202606,아파트_전월세,DMC현대아파트,북가좌동,453,59.91,,5000,180,1,2,2000,신규,26.07~28.07,,,,,
서대문구,11410,홍제동,202606,아파트_전월세,서울맨션,홍제동,315-7,45.32,,2000,60,4,1,1972,신규,26.06~28.06,,,,,
서대문구,11410,연희동,202606,아파트_전월세,연희자이엘라,연희동,745,13.642,,9000,45,5,9,2014,신규,26.07~28.07,,,,,
서대문구,11410,남가좌동,202606,아파트_전월세,디엠씨엘가,남가좌동,387,13.03,,1000,72,12,18,2017,신규,26.07~27.07,,,,,
서대문구,11410,홍제동,202606,아파트_전월세,홍제역해링턴플레이스,홍제동,474,84.95,,83000,0,19,22,2024,신규,26.09~28.09,,,,,
서대문구,11410,남가좌동,202606,아파트_전월세,DMC센트럴아이파크,남가좌동,388,84.97,,30000,163,3,22,2018,갱신,26.07~28.07,30000.0,150.0,사용,,
서대문구,11410,홍제동,202606,아파트_전월세,현대그린,홍제동,455,84.96,,49500,0,5,22,1996,갱신,26.08~28.08,47500.0,,사용,,
서대문구,11410,홍제동,202606,아파트_전월세,청구1차,홍제동,453,84.78,,30000,135,7,21,1994,신규,26.10~28.10,,,,,
서대문구,11410,북아현동,202606,아파트_전월세,신촌푸르지오,북아현동,1011,84.9559,,85000,0,10,20,2015,신규,26.08~28.08,,,,,
서대문구,11410,홍은동,202606,아파트_전월세,북한산두산위브,홍은동,467,84.98,,65000,0,14,17,2020,신규,26.08~28.08,,,,,
서대문구,11410,남가좌동,202606,아파트_전월세,래미안루센티아,남가좌동,390,84.95,,2000,85,15,17,2020,신규,26.06~28.06,,,,,
서대문구,11410,북아현동,202606,아파트_전월세,힐스테이트신촌,북아현동,1017,59.8404,,79000,0,13,20,2023,신규,26.09~28.09,,,,,
서대문구,11410,연희동,202606,아파트_전월세,대정이오스,연희동,748,29.76,,5406,16,6,22,2023,갱신,26.07~28.06,5297.0,16.0,,,
서대문구,11410,충정로3가,202606,아파트_전월세,더스타일하우스디센트럴,충정로3가,480,39.8291,,8500,86,7,19,2020,신규,26.07~27.07,,,,,
서대문구,11410,홍은동,202606,아파트_전월세,북한산두산위브2차,홍은동,468,56.9161,,47250,0,2,20,2021,갱신,26.07~28.07,45000.0,,사용,,
서대문구,11410,남가좌동,202606,아파트_전월세,DMC래미안클라시스,남가좌동,377,59.93,,20000,109,15,6,2000,갱신,26.07~28.07,20000.0,100.0,사용,,
서대문구,11410,북가좌동,202606,아파트_전월세,DMC래미안e편한세상,북가좌동,481,120.95,,105000,0,28,16,2012,신규,26.08~28.08,,,,,
서대문구,11410,홍은동,202606,아파트_전월세,"현대(1,2차)",홍은동,202-5,59.97,,42000,0,3,19,1988,갱신,26.07~28.07,40000.0,,사용,,
서대문구,11410,홍제동,202606,아파트_전월세,성원,홍제동,456,41.5,,27000,0,5,6,1998,신규,26.09~28.09,,,,,
서대문구,11410,홍제동,202606,아파트_전월세,청구3차,홍제동,462,59.4,,10000,81,16,22,2001,갱신,26.07~28.07,10000.0,75.0,,,
서대문구,11410,연희동,202606,아파트_전월세,연희자이엘라,연희동,745,13.642,,1000,75,3,10,2014,신규,26.06~27.06,,,,,
서대문구,11410,충정로3가,202606,아파트_전월세,장미,충정로3가,30-9,80.58,,36000,0,5,20,2004,갱신,26.07~28.07,35000.0,,사용,,
서대문구,11410,홍제동,202606,아파트_전월세,청구3차,홍제동,462,59.4,,40000,0,3,12,2001,갱신,26.07~28.07,40000.0,,사용,,
서대문구,11410,홍제동,202606,아파트_전월세,조한,홍제동,458,84.94,,43000,0,10,17,2000,신규,26.10~28.10,,,,,
서대문구,11410,홍은동,202606,아파트_전월세,초원,홍은동,8-26,49.26,,4500,65,4,4,1988,갱신,26.06~27.06,4500.0,60.0,,,
서대문구,11410,연희동,202606,아파트_전월세,대우푸르지오,연희동,739,59.79,,5000,200,3,11,2002,신규,26.08~28.08,,,,,
서대문구,11410,북아현동,202606,아파트_전월세,힐스테이트신촌,북아현동,1017,59.8404,,35000,150,11,19,2023,신규,26.08~28.08,,,,,
서대문구,11410,연희동,202606,아파트_전월세,대정이오스,연희동,748,29.76,,1244,34,6,19,2023,갱신,26.07~28.06,2835.0,29.0,,,
서대문구,11410,남가좌동,202606,아파트_전월세,DMC센트럴아이파크,남가좌동,388,59.91,,62000,0,7,19,2018,갱신,26.09~28.09,60000.0,,사용,,
서대문구,11410,남가좌동,202606,아파트_전월세,DMC센트레빌,남가좌동,381,114.87,,30000,240,13,5,2009,신규,26.07~28.07,,,,,
서대문구,11410,홍은동,202606,아파트_전월세,홍은센트레빌,홍은동,461,84.84,,52500,0,11,7,2009,갱신,26.06~28.06,50000.0,,사용,,
서대문구,11410,냉천동,202606,아파트_전월세,돈의문센트레빌,냉천동,261,114.98,,30000,280,6,19,2011,신규,26.07~28.07,,,,,
서대문구,11410,홍제동,202606,아파트_전월세,홍제센트럴IPARK,홍제동,473,84.9728,,60000,0,4,19,2020,신규,26.10~27.04,,,,,
서대문구,11410,홍제동,202606,아파트_전월세,홍제역해링턴플레이스,홍제동,474,59.99,,20000,210,6,16,2024,신규,26.10~28.10,,,,,
서대문구,11410,남가좌동,202606,아파트_전월세,디엠씨엘가,남가좌동,387,30.36,,27000,15,7,19,2017,신규,26.07~28.07,,,,,
서대문구,11410,홍은동,202606,아파트_전월세,힐스테이트홍은포레스트,홍은동,470,72.79,,59000,0,13,5,2023,신규,26.06~28.06,,,,,
서대문구,11410,북아현동,202606,아파트_전월세,e편한세상신촌1단지,북아현동,1013,84.98,,70000,100,12,19,2018,신규,26.09~28.09,,,,,
서대문구,11410,남가좌동,202606,아파트_전월세,DMC센트레빌,남가좌동,381,84.87,,68000,0,8,18,2009,갱신,26.06~28.06,62500.0,,,,
서대문구,11410,홍제동,202606,아파트_전월세,유원하나,홍제동,454,103.11,,13000,160,9,5,1996,신규,26.06~28.06,,,,,
서대문구,11410,홍제동,202606,아파트_전월세,홍제역해링턴플레이스,홍제동,474,59.99,,56500,0,9,19,2024,갱신,26.07~28.07,54000.0,,사용,,
서대문구,11410,합동,202606,아파트_전월세,에스케이뷰,합동,118,84.909,,5000,350,5,12,2008,신규,26.07~28.07,,,,,
서대문구,11410,충정로3가,202606,아파트_전월세,더스타일하우스디센트럴,충정로3가,480,21.056,,4695,49,16,18,2020,신규,26.06~27.06,,,,,
서대문구,11410,북가좌동,202606,아파트_전월세,DMC래미안e편한세상,북가좌동,481,84.92,,78000,0,18,16,2012,갱신,26.10~28.10,75000.0,,사용,,
서대문구,11410,현저동,202606,아파트_전월세,독립문파크빌,현저동,1019,59.4,,43000,0,11,16,2000,신규,26.09~28.09,,,,,
서대문구,11410,홍은동,202606,아파트_전월세,미든푸르지,홍은동,189-9,84.34,,27400,0,2,16,2006,신규,26.09~28.09,,,,,
서대문구,11410,남가좌동,202606,아파트_전월세,DMC센트럴아이파크,남가좌동,388,59.91,,50000,0,7,17,2018,갱신,26.07~26.12,50000.0,,,,
서대문구,11410,북가좌동,202606,아파트_전월세,DMC한양,북가좌동,431,84.33,,46000,0,9,18,1987,신규,26.07~28.07,,,,,
서대문구,11410,홍제동,202606,아파트_전월세,금호어울림,홍제동,471,59.9138,,26815,0,5,18,2016,갱신,26.07~28.06,25539.0,,,,
서대문구,11410,남가좌동,202606,아파트_전월세,DMC금호리첸시아,남가좌동,396,59.8295,,30000,180,9,6,2024,신규,26.08~28.08,,,,,
서대문구,11410,대현동,202606,아파트_전월세,신촌럭키,대현동,144,59.7,,10000,150,7,1,1999,신규,26.06~28.06,,,,,
서대문구,11410,홍제동,202606,아파트_전월세,성원,홍제동,456,41.5,,33500,0,12,14,1998,신규,26.08~28.08,,,,,
서대문구,11410,천연동,202606,아파트_전월세,천연뜨란채,천연동,145,57.78,,15000,160,14,3,2006,신규,26.08~28.08,,,,,
서대문구,11410,충정로3가,202606,아파트_전월세,미동,충정로3가,189-8,55.009,,3000,100,6,4,1969,신규,26.08~28.07,,,,,
서대문구,11410,합동,202606,아파트_전월세,에스케이뷰,합동,118,59.956,,61900,0,6,7,2008,갱신,26.06~27.06,59000.0,,사용,,
서대문구,11410,충정로3가,202606,아파트_전월세,더스타일하우스디센트럴,충정로3가,480,17.6626,,5310,37,26,17,2020,갱신,26.07~27.07,5310.0,36.0,,,
서대문구,11410,북아현동,202606,아파트_전월세,신촌푸르지오,북아현동,1011,84.9892,,20000,261,9,10,2015,갱신,26.07~28.07,20000.0,245.0,사용,,
서대문구,11410,홍제동,202606,아파트_전월세,홍제한양,홍제동,82,60.06,,49000,0,12,12,1993,신규,26.07~28.07,,,,,
서대문구,11410,홍제동,202606,아파트_전월세,청구1차,홍제동,453,84.78,,57000,0,6,10,1994,신규,26.07~28.07,,,,,
서대문구,11410,남가좌동,202606,아파트_전월세,창덕에버빌,남가좌동,105-1,120.5,,53000,0,4,16,1998,갱신,26.07~28.07,45500.0,,,,
서대문구,11410,홍제동,202606,아파트_전월세,홍제역해링턴플레이스,홍제동,474,59.99,,60000,25,11,13,2024,갱신,26.07~28.07,62500.0,,,,
서대문구,11410,남가좌동,202606,아파트_전월세,디엠씨엘가,남가좌동,387,13.03,,1000,70,9,1,2017,신규,26.06~27.06,,,,,
서대문구,11410,홍제동,202606,아파트_전월세,인왕산벽산,홍제동,465,84.63,,57000,0,5,17,2003,신규,26.09~28.09,,,,,
서대문구,11410,홍제동,202606,아파트_전월세,홍제비콘드림힐,홍제동,468,64.274,,8000,110,6,17,2006,갱신,26.06~28.06,8000.0,90.0,,,
서대문구,11410,홍제동,202606,아파트_전월세,금호어울림,홍제동,471,59.18,,26815,0,6,17,2016,갱신,26.07~28.06,25539.0,,,,
서대문구,11410,남가좌동,202606,아파트_전월세,DMC에코자이,남가좌동,389,59.656,,25000,85,22,17,2019,신규,26.06~27.08,,,,,
서대문구,11410,홍제동,202606,아파트_전월세,금호어울림,홍제동,471,59.9138,,27300,0,4,16,2016,갱신,26.07~28.06,26000.0,,,,
서대문구,11410,남가좌동,202606,아파트_전월세,DMC센트럴아이파크,남가좌동,388,84.94,,80000,0,14,16,2018,신규,26.07~28.08,,,,,
서대문구,11410,홍제동,202606,아파트_전월세,금호어울림,홍제동,471,59.9138,,26815,0,2,16,2016,갱신,26.07~28.06,25539.0,,,,
서대문구,11410,홍제동,202606,아파트_전월세,금호어울림,홍제동,471,59.18,,26815,0,3,16,2016,갱신,26.07~28.06,25539.0,,,,
서대문구,11410,홍은동,202606,아파트_전월세,홍은동벽산,홍은동,455,114.96,,51000,0,8,6,1997,갱신,26.06~27.02,49000.0,,,,
서대문구,11410,홍제동,202606,아파트_전월세,홍제원현대(459-0),홍제동,459,84.9,,50000,30,13,16,2000,신규,26.08~28.08,,,,,
서대문구,11410,충정로3가,202606,아파트_전월세,더스타일하우스디센트럴,충정로3가,480,16.0626,,3650,39,6,16,2020,신규,26.06~28.06,,,,,
서대문구,11410,홍제동,202606,아파트_전월세,금호어울림,홍제동,471,59.18,,26815,0,2,16,2016,갱신,26.07~28.06,25539.0,,,,
서대문구,11410,홍제동,202606,아파트_전월세,금호어울림,홍제동,471,59.9138,,26815,0,6,16,2016,갱신,26.07~28.06,25539.0,,,,
서대문구,11410,남가좌동,202606,아파트_전월세,DMC금호리첸시아,남가좌동,396,59.9772,,45000,60,6,13,2024,갱신,26.09~28.09,45000.0,45.0,,,
서대문구,11410,홍은동,202606,아파트_전월세,동원베네스트,홍은동,463,59.9554,,23546,0,3,16,2012,갱신,26.07~28.06,22425.0,,,,
서대문구,11410,연희동,202606,아파트_전월세,연희자이엘라,연희동,745,13.642,,1000,77,3,13,2014,신규,26.08~28.08,,,,,
서대문구,11410,남가좌동,202606,아파트_전월세,DMC금호리첸시아,남가좌동,396,59.8295,,68250,0,7,11,2024,갱신,26.08~28.08,65000.0,,사용,,
서대문구,11410,북가좌동,202606,아파트_전월세,DMC래미안e편한세상,북가좌동,481,120.93,,86100,0,2,15,2012,갱신,26.08~28.08,82000.0,,사용,,
서대문구,11410,북가좌동,202606,아파트_전월세,DMC래미안e편한세상,북가좌동,481,84.92,,74550,0,2,12,2012,갱신,26.09~28.09,71000.0,,사용,,
서대문구,11410,현저동,202606,아파트_전월세,독립문극동(200-0),현저동,200,84.87,,63000,0,8,16,1998,갱신,26.06~28.06,60000.0,,사용,,
서대문구,11410,홍제동,202606,아파트_전월세,홍제역해링턴플레이스,홍제동,474,39.38,,11977,42,15,15,2024,신규,26.07~28.09,,,,,
서대문구,11410,남가좌동,202606,아파트_전월세,DMC금호리첸시아,남가좌동,396,59.8295,,59000,60,10,16,2024,갱신,26.10~28.10,59000.0,,,,
서대문구,11410,북가좌동,202606,아파트_전월세,DMC래미안e편한세상,북가좌동,481,84.95,,20000,203,17,13,2012,갱신,26.07~28.07,20000.0,190.0,사용,,
서대문구,11410,홍제동,202606,아파트_전월세,제니스뷰아파트,홍제동,196-26,39.35,,5000,155,13,13,2022,신규,26.08~28.08,,,,,
서대문구,11410,홍제동,202606,아파트_전월세,문화촌현대,홍제동,463,59.94,,44100,0,19,15,2002,갱신,26.07~28.07,42000.0,,사용,,
서대문구,11410,홍제동,202606,아파트_전월세,남양,홍제동,457,83.07,,46000,0,14,6,1999,갱신,26.08~28.08,46000.0,,사용,,
서대문구,11410,홍제동,202606,아파트_전월세,홍제한양,홍제동,82,84.77,,10000,120,10,14,1993,갱신,26.06~28.06,10000.0,90.0,,,
서대문구,11410,홍제동,202606,아파트_전월세,홍제한양,홍제동,82,120.14,,57750,0,1,11,1993,갱신,26.06~28.06,55000.0,,사용,,
서대문구,11410,북아현동,202606,아파트_전월세,e편한세상신촌4단지,북아현동,1013,84.89,,115000,0,3,15,2018,신규,26.07~28.07,,,,,
서대문구,11410,남가좌동,202606,아파트_전월세,남가좌동현대,남가좌동,376,114.9,,70300,0,20,15,1999,갱신,26.07~28.07,67000.0,,사용,,
서대문구,11410,홍은동,202606,아파트_전월세,북한산더샵,홍은동,464,84.747,,70000,0,11,15,2017,신규,26.07~28.07,,,,,
서대문구,11410,대현동,202606,아파트_전월세,신촌럭키,대현동,144,59.7,,10000,160,10,6,1999,신규,26.09~28.09,,,,,
서대문구,11410,충정로3가,202606,아파트_전월세,피어리스,충정로3가,222,84.24,,20000,150,13,5,1987,신규,26.07~28.07,,,,,
서대문구,11410,북아현동,202606,아파트_전월세,e편한세상신촌4단지,북아현동,1013,84.82,,89200,0,17,11,2018,갱신,26.07~28.07,85000.0,,사용,,
서대문구,11410,북아현동,202606,아파트_전월세,두산,북아현동,1009,59.96,,5000,180,6,11,1999,신규,26.08~28.08,,,,,
서대문구,11410,남가좌동,202606,아파트_전월세,DMC센트럴아이파크,남가좌동,388,59.99,,14640,56,17,15,2018,신규,26.07~28.09,,,,,
서대문구,11410,남가좌동,202606,아파트_전월세,래미안루센티아,남가좌동,390,84.95,,53000,0,15,13,2020,신규,26.06~28.06,,,,,
서대문구,11410,북아현동,202606,아파트_전월세,신촌푸르지오,북아현동,1011,84.9572,,55000,160,11,13,2015,신규,26.09~28.09,,,,,
서대문구,11410,북아현동,202606,아파트_전월세,e편한세상신촌1단지,북아현동,1013,59.85,,83000,0,15,12,2018,신규,26.07~28.07,,,,,
서대문구,11410,홍은동,202606,아파트_전월세,홍은동벽산,홍은동,455,84.78,,30000,115,11,4,1997,신규,26.07~28.07,,,,,
서대문구,11410,홍제동,202606,아파트_전월세,홍제역해링턴플레이스,홍제동,474,84.95,,78750,0,6,13,2024,갱신,26.06~28.06,75000.0,,사용,,
서대문구,11410,연희동,202606,아파트_전월세,한인트윈빌,연희동,717-29,84.62,,15000,100,9,5,2002,신규,26.10~28.10,,,,,
서대문구,11410,홍제동,202606,아파트_전월세,서대문푸르지오센트럴파크,홍제동,478,49.5,,22100,100,13,13,2023,갱신,26.06~28.06,22100.0,100.0,,,
서대문구,11410,북가좌동,202606,아파트_전월세,DMC아이파크,북가좌동,458,32.86,,1066,27,5,9,2009,신규,26.06~28.08,,,,,
서대문구,11410,홍제동,202606,아파트_전월세,홍제센트럴IPARK,홍제동,473,84.9644,,83000,0,13,2,2020,신규,26.07~28.07,,,,,
서대문구,11410,냉천동,202606,아파트_전월세,돈의문센트레빌,냉천동,261,59.98,,10000,240,2,13,2011,신규,26.07~28.07,,,,,
서대문구,11410,현저동,202606,아파트_전월세,독립문극동(200-0),현저동,200,114.51,,94500,0,8,13,1998,갱신,26.08~28.08,90000.0,,사용,,
서대문구,11410,홍제동,202606,아파트_전월세,서대문푸르지오센트럴파크,홍제동,478,55.25,,53500,0,3,13,2023,신규,26.08~28.08,,,,,
서대문구,11410,홍은동,202606,아파트_전월세,초원,홍은동,8-26,49.26,,2000,70,2,12,1988,신규,26.07~28.07,,,,,
서대문구,11410,남가좌동,202606,아파트_전월세,DMC센트럴아이파크,남가좌동,388,59.91,,63900,0,12,13,2018,갱신,26.07~28.07,60900.0,,사용,,
서대문구,11410,충정로3가,202606,아파트_전월세,더스타일하우스디센트럴,충정로3가,480,26.5236,,7886,54,13,11,2020,갱신,26.07~28.07,7886.0,51.0,,,
서대문구,11410,천연동,202606,아파트_전월세,천연뜨란채,천연동,145,56.08,,10000,148,2,13,2006,갱신,26.07~28.07,10000.0,140.0,사용,,
서대문구,11410,홍제동,202606,아파트_전월세,홍제현대,홍제동,331,75.15,,9000,160,4,15,1992,신규,26.08~28.08,,,,,
서대문구,11410,충정로3가,202606,아파트_전월세,더스타일하우스디센트럴,충정로3가,480,17.6626,,3990,42,11,12,2020,신규,26.06~27.06,,,,,
서대문구,11410,홍은동,202606,아파트_전월세,e편한세상서대문,홍은동,469,84.994,,64750,0,17,13,2023,신규,26.09~28.09,,,,,
서대문구,11410,천연동,202606,아파트_전월세,천연뜨란채,천연동,145,56.02,,55000,0,18,12,2006,갱신,26.08~28.08,48000.0,,,,
서대문구,11410,북아현동,202606,아파트_전월세,힐스테이트신촌,북아현동,1017,84.6043,,82950,0,14,13,2023,갱신,26.08~28.08,79000.0,,사용,,
서대문구,11410,창천동,202606,아파트_전월세,3RU-City,창천동,510-2,14.81,,1000,75,7,6,2013,신규,26.06~27.06,,,,,
서대문구,11410,북아현동,202606,아파트_전월세,신촌푸르지오,북아현동,1011,84.9559,,55000,140,8,11,2015,신규,26.09~28.09,,,,,
서대문구,11410,남가좌동,202606,아파트_전월세,DMC에코자이,남가좌동,389,39.885,,12996,46,1,12,2019,신규,26.07~28.09,,,,,
서대문구,11410,홍제동,202606,아파트_전월세,인왕산현대,홍제동,460,59.93,,45150,0,11,2,2000,갱신,26.06~28.06,43000.0,,사용,,
서대문구,11410,현저동,202606,아파트_전월세,독립문극동(200-0),현저동,200,59.58,,60000,0,15,12,1998,신규,26.08~28.08,,,,,
서대문구,11410,합동,202606,아파트_전월세,에스케이뷰,합동,118,84.909,,77000,0,6,12,2008,신규,26.07~28.07,,,,,
서대문구,11410,홍은동,202606,아파트_전월세,힐스테이트홍은포레스트,홍은동,470,84.53,,55000,0,8,11,2023,신규,26.08~27.10,,,,,
서대문구,11410,홍제동,202606,아파트_전월세,청구3차,홍제동,462,59.4,,5000,180,5,11,2001,신규,26.08~28.08,,,,,
서대문구,11410,홍제동,202606,아파트_전월세,서대문푸르지오센트럴파크,홍제동,478,34.9,,7992,31,8,12,2023,신규,26.07~28.09,,,,,
서대문구,11410,충정로3가,202606,아파트_전월세,더스타일하우스디센트럴,충정로3가,480,17.6626,,5310,37,8,5,2020,갱신,26.07~27.06,5310.0,36.0,,,
서대문구,11410,홍제동,202606,아파트_전월세,홍제역해링턴플레이스,홍제동,474,39.38,,11977,42,10,11,2024,신규,26.07~28.09,,,,,
서대문구,11410,북가좌동,202606,아파트_전월세,DMC한양,북가좌동,431,105.88,,25000,100,1,12,1987,신규,26.07~28.07,,,,,
서대문구,11410,북아현동,202606,아파트_전월세,힐스테이트신촌,북아현동,1017,84.9154,,78000,0,7,11,2023,갱신,26.08~28.08,64000.0,,,,
서대문구,11410,충정로3가,202606,아파트_전월세,더스타일하우스디센트럴,충정로3가,480,16.0626,,3650,37,8,11,2020,신규,26.06~27.06,,,,,
서대문구,11410,홍제동,202606,아파트_전월세,홍제역해링턴플레이스,홍제동,474,114.95,,94500,0,7,12,2024,갱신,26.06~28.06,90000.0,,사용,,
서대문구,11410,홍제동,202606,아파트_전월세,서대문푸르지오센트럴파크,홍제동,478,34.9,,7992,31,9,12,2023,신규,26.07~28.09,,,,,
서대문구,11410,홍제동,202606,아파트_전월세,서대문푸르지오센트럴파크,홍제동,478,34.9,,7992,31,3,11,2023,신규,26.07~28.09,,,,,
서대문구,11410,남가좌동,202606,아파트_전월세,DMC센트럴아이파크,남가좌동,388,59.91,,14640,56,16,11,2018,신규,26.07~28.09,,,,,
서대문구,11410,홍은동,202606,아파트_전월세,풍림1차,홍은동,440-3,64.53,,30000,40,2,11,1988,신규,26.07~28.07,,,,,
서대문구,11410,남가좌동,202606,아파트_전월세,DMC금호리첸시아,남가좌동,396,74.343,,30000,140,22,11,2024,갱신,26.07~28.07,30000.0,140.0,사용,,
서대문구,11410,남가좌동,202606,아파트_전월세,DMC에코자이,남가좌동,389,39.885,,12996,46,9,11,2019,신규,26.07~28.09,,,,,
서대문구,11410,남가좌동,202606,아파트_전월세,DMC센트럴아이파크,남가좌동,388,59.99,,14640,56,3,11,2018,신규,26.07~28.09,,,,,
서대문구,11410,충정로3가,202606,아파트_전월세,더스타일하우스디센트럴,충정로3가,480,36.1962,,8980,75,18,10,2020,갱신,26.07~27.07,8980.0,74.0,,,
서대문구,11410,북아현동,202606,아파트_전월세,e편한세상신촌1단지,북아현동,1013,59.85,,90000,0,18,2,2018,신규,26.06~28.06,,,,,
서대문구,11410,남가좌동,202606,아파트_전월세,DMC센트럴아이파크,남가좌동,388,59.91,,14640,56,3,11,2018,신규,26.07~28.09,,,,,
서대문구,11410,홍제동,202606,아파트_전월세,홍제역해링턴플레이스,홍제동,474,84.95,,80000,0,3,10,2024,갱신,26.10~28.10,76500.0,,사용,,
서대문구,11410,남가좌동,202606,아파트_전월세,DMC파크뷰자이2단지,남가좌동,385,84.968,,78750,0,14,11,2015,갱신,26.08~28.08,75000.0,,사용,,
서대문구,11410,남가좌동,202606,아파트_전월세,래미안남가좌2차,남가좌동,379,59.788,,65000,0,8,10,2005,신규,26.09~28.09,,,,,
서대문구,11410,북아현동,202606,아파트_전월세,두산,북아현동,1009,59.96,,3000,112,1,6,1999,신규,26.06~27.06,,,,,
서대문구,11410,홍제동,202606,아파트_전월세,홍제역해링턴플레이스,홍제동,474,39.38,,11977,42,11,11,2024,신규,26.07~28.09,,,,,
서대문구,11410,홍제동,202606,아파트_전월세,홍제현대,홍제동,331,75.15,,53550,0,15,9,1992,갱신,26.07~28.07,51000.0,,,,
서대문구,11410,홍은동,202606,아파트_전월세,북한산두산위브2차,홍은동,468,59.7501,,14000,54,9,11,2021,신규,26.07~28.09,,,,,
서대문구,11410,홍제동,202606,아파트_전월세,홍제역해링턴플레이스,홍제동,474,39.38,,11977,42,2,10,2024,신규,26.07~28.09,,,,,
서대문구,11410,남가좌동,202606,아파트_전월세,DMC에코자이,남가좌동,389,84.978,,80000,20,10,10,2019,신규,26.08~28.08,,,,,
서대문구,11410,남가좌동,202606,아파트_전월세,DMC에코자이,남가좌동,389,39.668,,12996,46,2,10,2019,신규,26.07~28.09,,,,,
서대문구,11410,남가좌동,202606,아파트_전월세,DMC파크뷰자이2단지,남가좌동,385,84.909,,10000,310,19,2,2015,신규,26.08~28.08,,,,,
서대문구,11410,홍은동,202606,아파트_전월세,북한산두산위브,홍은동,467,33.05,,11986,42,2,10,2020,신규,26.07~28.09,,,,,
서대문구,11410,영천동,202606,아파트_전월세,독립문삼호,영천동,100,75.66,,62000,0,17,10,1995,신규,26.08~28.08,,,,,
서대문구,11410,남가좌동,202606,아파트_전월세,DMC파크뷰자이1단지,남가좌동,385,84.971,,83000,0,10,9,2015,갱신,26.09~28.09,73000.0,,,,
서대문구,11410,충정로3가,202606,아파트_전월세,더스타일하우스디센트럴,충정로3가,480,35.3732,,6463,7,8,10,2020,갱신,26.07~28.06,5648.0,21.0,,,
서대문구,11410,홍은동,202606,아파트_전월세,북한산두산위브2차,홍은동,468,59.7501,,14000,54,9,10,2021,신규,26.07~28.09,,,,,
서대문구,11410,남가좌동,202606,아파트_전월세,래미안남가좌2차,남가좌동,379,59.788,,7000,198,15,5,2005,갱신,26.06~28.06,7000.0,180.0,사용,,
서대문구,11410,북아현동,202606,아파트_전월세,힐스테이트신촌,북아현동,1017,84.6043,,75600,0,7,4,2023,갱신,26.07~28.07,72000.0,,사용,,
서대문구,11410,충정로3가,202606,아파트_전월세,더스타일하우스디센트럴,충정로3가,480,36.1962,,7720,77,11,9,2020,갱신,26.07~28.07,7720.0,73.0,,,
서대문구,11410,북아현동,202606,아파트_전월세,힐스테이트신촌,북아현동,1017,84.6043,,73860,0,2,9,2023,갱신,26.08~28.08,70350.0,,사용,,
서대문구,11410,홍제동,202606,아파트_전월세,서대문푸르지오센트럴파크,홍제동,478,34.9,,7992,31,11,10,2023,신규,26.07~28.09,,,,,
서대문구,11410,홍제동,202606,아파트_전월세,서대문푸르지오센트럴파크,홍제동,478,34.9,,7992,31,7,10,2023,신규,26.07~28.09,,,,,
서대문구,11410,남가좌동,202606,아파트_전월세,DMC센트럴아이파크,남가좌동,388,59.91,,14640,56,17,10,2018,신규,26.07~28.09,,,,,
서대문구,11410,남가좌동,202606,아파트_전월세,DMC파크뷰자이5단지,남가좌동,385,59.981,,62350,0,3,10,2015,갱신,26.06~28.06,59350.0,,,,
서대문구,11410,홍은동,202606,아파트_전월세,북한산두산위브2차,홍은동,468,59.7501,,14000,54,11,10,2021,신규,26.07~28.09,,,,,
서대문구,11410,홍제동,202606,아파트_전월세,금호어울림,홍제동,471,84.949,,60900,0,13,10,2016,갱신,26.06~28.06,58000.0,,사용,,
서대문구,11410,연희동,202606,아파트_전월세,연희파크푸르지오,연희동,747,112.8619,,87000,0,6,10,2018,신규,26.07~28.07,,,,,
서대문구,11410,충정로3가,202606,아파트_전월세,충정,충정로3가,250-5,86.61,,1000,0,3,10,1969,신규,26.06~28.06,,,,,
서대문구,11410,북아현동,202606,아파트_전월세,신촌푸르지오,북아현동,1011,84.9892,,60000,120,5,10,2015,신규,26.08~28.08,,,,,
서대문구,11410,연희동,202606,아파트_전월세,대정이오스,연희동,748,29.76,,2945,30,6,9,2023,갱신,26.07~28.06,2835.0,29.0,,,
서대문구,11410,남가좌동,202606,아파트_전월세,래미안남가좌2차,남가좌동,379,59.788,,30000,140,13,7,2005,갱신,26.09~28.09,53000.0,,,,
서대문구,11410,연희동,202606,아파트_전월세,연희자이엘라,연희동,745,13.642,,1000,75,7,5,2014,신규,26.06~27.06,,,,,
서대문구,11410,북아현동,202606,아파트_전월세,힐스테이트신촌,북아현동,1017,37.969,,30000,115,16,3,2023,갱신,26.07~28.07,30000.0,105.0,사용,,
서대문구,11410,남가좌동,202606,아파트_전월세,남가좌동현대,남가좌동,376,114.9,,70300,0,20,2,1999,갱신,26.07~28.07,67000.0,,사용,,
서대문구,11410,북가좌동,202606,아파트_전월세,DMC아이파크,북가좌동,458,32.86,,2666,24,5,9,2009,신규,26.06~28.08,,,,,
서대문구,11410,충정로2가,202606,아파트_전월세,현대,충정로2가,185-15,84.42,,43000,40,8,6,1992,신규,26.09~28.09,,,,,
서대문구,11410,충정로3가,202606,아파트_전월세,더스타일하우스디센트럴,충정로3가,480,16.0626,,2507,4,3,9,2020,갱신,26.07~28.06,1824.0,7.0,,,
서대문구,11410,충정로3가,202606,아파트_전월세,더스타일하우스디센트럴,충정로3가,480,36.1962,,8980,74,23,2,2020,갱신,26.06~27.06,8980.0,72.0,,,
서대문구,11410,남가좌동,202606,아파트_전월세,래미안남가좌2차,남가좌동,379,84.806,,74000,0,12,6,2005,신규,26.08~28.08,,,,,
서대문구,11410,영천동,202606,아파트_전월세,독립문삼호,영천동,100,84.78,,62000,0,3,9,1995,갱신,26.07~28.07,60000.0,,사용,,
서대문구,11410,남가좌동,202606,아파트_전월세,남가좌동현대,남가좌동,376,59.4,,34650,0,12,8,1999,신규,26.08~28.08,,,,,
서대문구,11410,홍은동,202606,아파트_전월세,초원,홍은동,8-26,49.26,,6000,55,3,9,1988,신규,26.07~28.07,,,,,
서대문구,11410,충정로3가,202606,아파트_전월세,더스타일하우스디센트럴,충정로3가,480,35.3732,,6463,7,13,9,2020,갱신,26.07~28.06,5648.0,21.0,,,
서대문구,11410,냉천동,202606,아파트_전월세,동부센트레빌,냉천동,260,84.93,,65000,0,1,8,2002,신규,26.08~28.08,,,,,
서대문구,11410,충정로3가,202606,아파트_전월세,더스타일하우스디센트럴,충정로3가,480,16.0626,,4870,34,23,9,2020,갱신,26.07~27.07,4870.0,32.0,,,
서대문구,11410,북아현동,202606,아파트_전월세,힐스테이트신촌,북아현동,1017,84.6043,,60000,60,1,6,2023,갱신,26.09~28.09,60000.0,50.0,사용,,
서대문구,11410,남가좌동,202606,아파트_전월세,DMC파크뷰자이1단지,남가좌동,385,84.974,,60000,120,20,8,2015,신규,26.09~28.09,,,,,
서대문구,11410,북아현동,202606,아파트_전월세,e편한세상신촌4단지,북아현동,1013,84.82,,95000,0,31,3,2018,신규,26.07~28.07,,,,,
서대문구,11410,홍제동,202606,아파트_전월세,홍제한양,홍제동,82,60.06,,15000,60,2,3,1993,신규,26.07~28.07,,,,,
서대문구,11410,대현동,202606,아파트_전월세,파라타워,대현동,90-70,15.792,,1000,120,7,1,2020,신규,26.06~27.10,,,,,
서대문구,11410,대현동,202606,아파트_전월세,신촌럭키,대현동,144,59.7,,10000,150,7,1,1999,신규,26.06~28.06,,,,,
서대문구,11410,북가좌동,202606,아파트_전월세,DMC아이파크,북가좌동,458,114.94,,68000,0,15,5,2009,갱신,26.06~28.06,65000.0,,사용,,
서대문구,11410,현저동,202606,아파트_전월세,독립문극동(200-0),현저동,200,59.58,,15000,180,16,8,1998,갱신,26.06~27.06,47400.0,,,,
서대문구,11410,남가좌동,202606,아파트_전월세,DMC래미안클라시스,남가좌동,377,84.9,,52500,0,10,2,2000,갱신,26.09~28.09,50000.0,,사용,,
서대문구,11410,북아현동,202606,아파트_전월세,e편한세상신촌1단지,북아현동,1013,84.93,,86100,0,12,4,2018,갱신,26.07~28.07,82000.0,,사용,,
서대문구,11410,홍제동,202606,아파트_전월세,청구3차,홍제동,462,59.4,,44100,0,5,6,2001,갱신,26.06~28.06,42000.0,,사용,,
서대문구,11410,남가좌동,202606,아파트_전월세,DMC래미안클라시스,남가좌동,377,114.88,,55000,0,2,4,2000,갱신,26.06~28.06,53000.0,,사용,,
서대문구,11410,남가좌동,202606,아파트_전월세,DMC파크뷰자이1단지,남가좌동,385,84.968,,70000,0,7,8,2015,갱신,26.07~29.02,59850.0,,,,
서대문구,11410,북가좌동,202606,아파트_전월세,DMC래미안e편한세상,북가좌동,481,59.97,,20000,200,7,5,2012,신규,26.08~28.08,,,,,
서대문구,11410,홍은동,202606,아파트_전월세,북한산두산위브,홍은동,467,59.96,,50000,0,8,7,2020,신규,26.10~28.10,,,,,
서대문구,11410,남가좌동,202606,아파트_전월세,남가좌동현대,남가좌동,376,59.4,,48800,0,7,5,1999,갱신,26.09~28.09,47500.0,,사용,,
서대문구,11410,북아현동,202606,아파트_전월세,두산,북아현동,1009,59.96,,42000,40,8,6,1999,신규,26.11~28.11,,,,,
서대문구,11410,남가좌동,202606,아파트_전월세,DMC센트럴아이파크,남가좌동,388,59.91,,66000,0,16,5,2018,신규,26.08~28.08,,,,,
서대문구,11410,북가좌동,202606,아파트_전월세,DMC래미안e편한세상,북가좌동,481,84.92,,85000,0,34,4,2012,신규,26.08~28.08,,,,,
서대문구,11410,남가좌동,202606,아파트_전월세,DMC센트레빌,남가좌동,381,84.98,,68000,0,2,7,2009,신규,26.08~28.08,,,,,
서대문구,11410,홍은동,202606,아파트_전월세,서대문노블루체,홍은동,274-32,27.59,,22806,22,12,3,2018,갱신,26.06~28.06,24255.0,,,,
서대문구,11410,남가좌동,202606,아파트_전월세,래미안루센티아,남가좌동,390,34.12,,12333,32,10,4,2020,갱신,26.09~28.08,8932.0,30.0,,,
서대문구,11410,홍제동,202606,아파트_전월세,인왕산현대,홍제동,460,59.93,,1500,100,14,5,2000,갱신,26.07~26.10,15000.0,100.0,,,
서대문구,11410,충정로3가,202606,아파트_전월세,더스타일하우스디센트럴,충정로3가,480,35.3732,,7550,80,12,5,2020,갱신,26.07~27.07,7550.0,78.0,,,
서대문구,11410,남가좌동,202606,아파트_전월세,래미안루센티아,남가좌동,390,59.98,,70000,0,10,5,2020,신규,26.08~28.08,,,,,
서대문구,11410,현저동,202606,아파트_전월세,독립문극동(200-0),현저동,200,102.45,,68250,0,4,3,1998,갱신,26.06~28.06,65000.0,,사용,,
서대문구,11410,남가좌동,202606,아파트_전월세,DMC파크뷰자이1단지,남가좌동,385,84.971,,94000,0,14,3,2015,신규,26.08~28.08,,,,,
서대문구,11410,남가좌동,202606,아파트_전월세,래미안루센티아,남가좌동,390,84.83,,71400,0,17,5,2020,갱신,26.07~28.07,68000.0,,사용,,
서대문구,11410,남가좌동,202606,아파트_전월세,DMC파크뷰자이4단지,남가좌동,385,84.968,,53000,80,10,3,2015,갱신,26.06~28.06,53000.0,40.0,,,
서대문구,11410,남가좌동,202606,아파트_전월세,DMC센트럴아이파크,남가좌동,388,84.95,,63000,50,13,5,2018,갱신,26.09~28.09,63000.0,,,,
서대문구,11410,남가좌동,202606,아파트_전월세,DMC파크뷰자이1단지,남가좌동,385,84.968,,50000,135,11,5,2015,갱신,26.08~28.08,50000.0,100.0,,,
서대문구,11410,북아현동,202606,아파트_전월세,e편한세상신촌1단지,북아현동,1013,84.98,,95000,0,7,5,2018,신규,26.09~29.02,,,,,
서대문구,11410,홍제동,202606,아파트_전월세,홍제한양,홍제동,82,60.06,,48000,0,8,1,1993,신규,26.06~28.06,,,,,
서대문구,11410,북가좌동,202606,아파트_전월세,DMC래미안e편한세상,북가좌동,481,84.92,,85000,0,34,4,2012,신규,26.08~28.08,,,,,
서대문구,11410,합동,202606,아파트_전월세,에스케이뷰,합동,118,59.956,,2000,315,12,1,2008,갱신,26.08~27.08,2000.0,300.0,,,
서대문구,11410,남가좌동,202606,아파트_전월세,DMC파크뷰자이1단지,남가좌동,385,84.971,,20000,208,19,2,2015,갱신,26.06~28.06,20000.0,195.0,사용,,
서대문구,11410,북가좌동,202606,아파트_전월세,DMC휴먼빌아파트,북가좌동,456,84.21,,51450,0,2,3,2008,갱신,26.06~28.06,49000.0,,사용,,
서대문구,11410,북아현동,202606,아파트_전월세,e편한세상신촌2단지,북아현동,1013,84.93,,100000,0,20,4,2018,신규,26.09~28.09,,,,,
서대문구,11410,홍제동,202606,아파트_전월세,서대문푸르지오센트럴파크,홍제동,478,55.25,,46300,0,14,3,2023,신규,26.08~28.08,,,,,
서대문구,11410,북아현동,202606,아파트_전월세,두산,북아현동,1009,59.96,,54600,0,10,2,1999,갱신,26.11~28.11,52000.0,,사용,,
서대문구,11410,홍제동,202606,아파트_전월세,성원,홍제동,456,41.5,,27300,0,5,4,1998,갱신,26.06~28.06,26000.0,,사용,,
서대문구,11410,충정로3가,202606,아파트_전월세,더스타일하우스디센트럴,충정로3가,480,17.6626,,3990,42,8,2,2020,신규,26.06~28.06,,,,,
서대문구,11410,홍제동,202606,아파트_전월세,홍제센트럴IPARK,홍제동,473,84.9644,,83000,0,13,2,2020,신규,26.07~28.07,,,,,
서대문구,11410,홍은동,202606,아파트_전월세,홍은동풍림아이원,홍은동,460,84.918,,9500,130,9,3,2002,신규,26.06~28.06,,,,,
서대문구,11410,남가좌동,202606,아파트_전월세,DMC에코자이,남가좌동,389,84.978,,78000,0,22,3,2019,신규,26.08~28.08,,,,,
서대문구,11410,남가좌동,202606,아파트_전월세,남가좌동현대,남가좌동,376,114.9,,70300,0,20,2,1999,갱신,26.07~29.01,67000.0,,사용,,
서대문구,11410,홍제동,202606,아파트_전월세,성원,홍제동,456,41.5,,27300,0,5,4,1998,갱신,26.06~28.06,26000.0,,사용,,
서대문구,11410,홍제동,202606,아파트_전월세,금호어울림,홍제동,471,84.9054,,64000,0,3,2,2016,신규,26.07~28.07,,,,,
서대문구,11410,홍제동,202606,아파트_전월세,유원하나,홍제동,454,58.77,,33400,0,6,1,1996,갱신,26.06~27.01,33400.0,,사용,,
서대문구,11410,북가좌동,202606,아파트_전월세,DMC한양,북가좌동,431,105.88,,50000,0,8,2,1987,갱신,26.06~28.06,40000.0,,,,
서대문구,11410,연희동,202606,아파트_전월세,대우푸르지오,연희동,739,59.584,,53000,0,20,1,2002,신규,26.09~28.09,,,,,
서대문구,11410,홍제동,202606,아파트_전월세,금호어울림,홍제동,471,59.18,,26815,0,4,1,2016,갱신,26.07~28.06,25539.0,,,,
서대문구,11410,냉천동,202606,아파트_전월세,돈의문센트레빌,냉천동,261,114.98,,110000,0,4,1,2011,신규,26.10~28.10,,,,,
서대문구,11410,창천동,202606,오피스텔_매매,스테이 더 디자이너스,창천동,29-5,20.9343,29000,,,12,26,2021,,,,,,중개거래,
서대문구,11410,합동,202606,오피스텔_매매,SK리쳄블,합동,116,41.57,27000,,,14,30,2005,,,,,,중개거래,
서대문구,11410,대현동,202606,오피스텔_매매,신촌리브하임,대현동,101-2,14.97,20800,,,13,27,2021,,,,,,중개거래,
서대문구,11410,충정로2가,202606,오피스텔_매매,유원골든타워오피스텔,충정로2가,191,34.56,18250,,,13,19,1992,,,,,,중개거래,
서대문구,11410,연희동,202606,오피스텔_매매,(76-24),연희동,76-24,25.73,12000,,,5,6,2002,,,,,,중개거래,
서대문구,11410,충정로2가,202606,오피스텔_매매,유원골든타워오피스텔,충정로2가,191,34.56,18250,,,13,19,1992,,,,,,중개거래,
서대문구,11410,대현동,202606,오피스텔_매매,이대 포레스트,대현동,90-60,17.84,21450,,,5,8,2019,,,,,,중개거래,
서대문구,11410,북아현동,202606,오피스텔_매매,헤센 스마트 더 센트럴,북아현동,154-6,43.8,50000,,,10,17,2023,,,,,,중개거래,
서대문구,11410,대현동,202606,오피스텔_매매,이대 포레스트,대현동,90-60,17.84,21500,,,17,11,2019,,,,,,중개거래,
서대문구,11410,북아현동,202606,오피스텔_매매,이편한세상신촌,북아현동,1013,27.42,31000,,,5,5,2018,,,,,,중개거래,
서대문구,11410,북가좌동,202606,오피스텔_매매,선정오피스텔,북가좌동,343-1,28.13,13100,,,7,5,2004,,,,,,중개거래,
서대문구,11410,홍은동,202606,오피스텔_매매,코지펠리스,홍은동,165-2,56.12,27000,,,7,3,2009,,,,,,중개거래,
서대문구,11410,북가좌동,202606,연립다세대_매매,주현주택,북가좌동,327-12,29.46,26000,,,6,18,2019,,,,,,중개거래,O
서대문구,11410,충정로3가,202606,연립다세대_매매,충정하이츠빌라,충정로3가,3-119,46.08,120250,,,2,3,1992,,,,,,중개거래,
서대문구,11410,홍제동,202606,연립다세대_매매,더라베홍제,홍제동,156-384,21.9,31000,,,5,29,2022,,,,,,직거래,
서대문구,11410,연희동,202606,연립다세대_매매,연희베로니스,연희동,48-7,29.86,32000,,,2,20,2023,,,,,,직거래,
서대문구,11410,북가좌동,202606,연립다세대_매매,제일빌라A동,북가좌동,186-97,41.49,95000,,,2,28,1987,,,,,,중개거래,
서대문구,11410,북가좌동,202606,연립다세대_매매,제이드빌,북가좌동,291-7,44.05,28500,,,3,22,2015,,,,,,중개거래,
서대문구,11410,북가좌동,202606,연립다세대_매매,거성리젠시(317-5),북가좌동,317-5,59.93,41500,,,5,30,2017,,,,,,중개거래,
서대문구,11410,북가좌동,202606,연립다세대_매매,한양아트빌(348-3),북가좌동,348-3,64.17,130000,,,4,26,2005,,,,,,중개거래,
서대문구,11410,북아현동,202606,연립다세대_매매,이안휴빌,북아현동,1-394,46.73,64500,,,3,29,2023,,,,,,중개거래,O
서대문구,11410,연희동,202606,연립다세대_매매,효동빌라에이동,연희동,1-100,35.94,18300,,,2,12,1989,,,,,,중개거래,
서대문구,11410,연희동,202606,연립다세대_매매,모경타운,연희동,1-19,48.74,8500,,,-1,10,1991,,,,,,중개거래,O
서대문구,11410,홍은동,202606,연립다세대_매매,유림휴먼빌,홍은동,410-12,45.76,24000,,,2,24,2002,,,,,,중개거래,
서대문구,11410,남가좌동,202606,연립다세대_매매,증가팰리체,남가좌동,326-6,29.91,25000,,,3,15,2016,,,,,,중개거래,
서대문구,11410,북가좌동,202606,연립다세대_매매,파크원,북가좌동,331-6,28.9,30800,,,3,23,2019,,,,,,중개거래,
서대문구,11410,연희동,202606,연립다세대_매매,블레어빌,연희동,48-11,28.54,29500,,,3,24,2018,,,,,,중개거래,
서대문구,11410,남가좌동,202606,연립다세대_매매,웅진센스빌,남가좌동,328-3,45.09,24000,,,2,15,2002,,,,,,중개거래,
서대문구,11410,북가좌동,202606,연립다세대_매매,IS빌리지,북가좌동,340-7,29.17,24800,,,3,12,2014,,,,,,중개거래,
서대문구,11410,북가좌동,202606,연립다세대_매매,녹원쉐르빌,북가좌동,385-27,42.02,95000,,,4,11,2001,,,,,,중개거래,
서대문구,11410,북가좌동,202606,연립다세대_매매,아주하이빌,북가좌동,274-12,78.2,31500,,,1,27,2006,,,,,,중개거래,
서대문구,11410,연희동,202606,연립다세대_매매,원일빌라,연희동,446-119,66.32,17000,,,-1,17,1995,,,,,,중개거래,
서대문구,11410,홍제동,202606,연립다세대_매매,근남빌라,홍제동,359-8,38.9,25000,,,3,6,1991,,,,,,중개거래,
서대문구,11410,연희동,202606,연립다세대_매매,크로바연립,연희동,339-95,41.16,18000,,,-1,27,1987,,,,,,중개거래,
서대문구,11410,북가좌동,202606,연립다세대_매매,신정빌라(315-35),북가좌동,315-35,41.77,24300,,,4,6,2006,,,,,,중개거래,
서대문구,11410,창천동,202606,연립다세대_매매,프릭스빌,창천동,501-11,28.627,53000,,,5,23,2022,,,,,,중개거래,
서대문구,11410,홍제동,202606,연립다세대_매매,서강파크빌,홍제동,367-14,46.85,43000,,,2,19,2014,,,,,,중개거래,
서대문구,11410,북가좌동,202606,연립다세대_매매,대림빌라,북가좌동,3-108,64.21,39500,,,3,29,1997,,,,,,중개거래,
서대문구,11410,홍은동,202606,연립다세대_매매,종건빌라(다동),홍은동,9-708,71.33,24900,,,2,29,1985,,,,,,중개거래,
서대문구,11410,홍은동,202606,연립다세대_매매,해밀마을2차,홍은동,10-197,36.88,24000,,,4,23,2016,,,,,,중개거래,
서대문구,11410,홍은동,202606,연립다세대_매매,기룡하이츠,홍은동,265-348,47.78,35000,,,1,23,2014,,,,,,중개거래,
서대문구,11410,북가좌동,202606,연립다세대_매매,미림주택(75-106),북가좌동,75-106,59.84,80000,,,2,27,2004,,,,,,중개거래,
서대문구,11410,홍은동,202606,연립다세대_매매,선명렉스빌,홍은동,395-13,74.78,36000,,,2,22,2008,,,,,,중개거래,
서대문구,11410,연희동,202606,연립다세대_매매,연희미다스파크,연희동,142-21,46.67,45500,,,8,11,2019,,,,,,중개거래,
서대문구,11410,북가좌동,202606,연립다세대_매매,진주빌라,북가좌동,274-18,42.68,16200,,,2,22,1993,,,,,,중개거래,
서대문구,11410,연희동,202606,연립다세대_매매,THE연희힐,연희동,218-11,13.48,14800,,,10,24,2018,,,,,,중개거래,
서대문구,11410,북가좌동,202606,연립다세대_매매,유전아트빌라,북가좌동,3-116,73.14,41700,,,1,19,1997,,,,,,중개거래,
서대문구,11410,북아현동,202606,연립다세대_매매,(113-12),북아현동,113-12,59.2,120800,,,1,19,1975,,,,,,중개거래,
서대문구,11410,북가좌동,202606,연립다세대_매매,경성하이빌(347-40),북가좌동,347-40,44.2,34300,,,3,1,2006,,,,,,중개거래,
서대문구,11410,북가좌동,202606,연립다세대_매매,베로니스빌,북가좌동,5-61,60.1,27500,,,2,19,2008,,,,,,중개거래,
서대문구,11410,북가좌동,202606,연립다세대_매매,호안빌,북가좌동,290-24,48.84,41500,,,4,12,2022,,,,,,직거래,
서대문구,11410,홍은동,202606,연립다세대_매매,영신빌라,홍은동,268-11,79,18570,,,-1,22,1991,,,,,,직거래,
서대문구,11410,북가좌동,202606,연립다세대_매매,동화빌라(328-2),북가좌동,328-2,69.36,23000,,,-1,4,2003,,,,,,중개거래,
서대문구,11410,북가좌동,202606,연립다세대_매매,제이디힐스빌,북가좌동,74-169,33.75,38000,,,3,22,2022,,,,,,중개거래,
서대문구,11410,북가좌동,202606,연립다세대_매매,임창빌라(F동),북가좌동,324-17,36.89,17400,,,2,19,1986,,,,,,중개거래,
서대문구,11410,북가좌동,202606,연립다세대_매매,샬롬빌라,북가좌동,74-68,51.36,65000,,,-1,20,1994,,,,,,중개거래,
서대문구,11410,충정로3가,202606,연립다세대_매매,충정하이츠빌라,충정로3가,3-119,46.08,120250,,,2,3,1992,,,,,,중개거래,O
서대문구,11410,홍은동,202606,연립다세대_매매,스위스현대빌라트,홍은동,189-5,134.95,32000,,,2,19,1996,,,,,,중개거래,
서대문구,11410,북가좌동,202606,연립다세대_매매,신촌(C동),북가좌동,370-6,62.81,103500,,,3,13,1982,,,,,,중개거래,
서대문구,11410,북가좌동,202606,연립다세대_매매,호안빌,북가좌동,290-24,47.84,39500,,,5,17,2022,,,,,,직거래,
서대문구,11410,연희동,202606,연립다세대_매매,연흥가나안빌라,연희동,520-43,17.16,10500,,,-1,8,2001,,,,,,중개거래,
서대문구,11410,북가좌동,202606,연립다세대_매매,이안쉐르빌,북가좌동,2-13,37.6,16000,,,4,18,2008,,,,,,직거래,
서대문구,11410,홍은동,202606,연립다세대_매매,현일,홍은동,402-12,35.5,15000,,,2,18,1990,,,,,,중개거래,
서대문구,11410,홍제동,202606,연립다세대_매매,은성빌라,홍제동,312-51,49.69,34500,,,-1,6,1991,,,,,,중개거래,
서대문구,11410,홍은동,202606,연립다세대_매매,(8-138),홍은동,8-138,66.21,17500,,,3,13,1988,,,,,,중개거래,
서대문구,11410,연희동,202606,연립다세대_매매,효동빌라비동,연희동,51-169,80.4,38000,,,1,16,1992,,,,,,직거래,
서대문구,11410,북가좌동,202606,연립다세대_매매,한양아트빌,북가좌동,331-22,49.92,33800,,,5,2,2012,,,,,,중개거래,
서대문구,11410,북가좌동,202606,연립다세대_매매,(74-95),북가좌동,74-95,55.13,31500,,,1,16,1989,,,,,,중개거래,
서대문구,11410,북아현동,202606,연립다세대_매매,(3-136),북아현동,3-136,51.04,136150,,,1,9,1991,,,,,,중개거래,
서대문구,11410,북가좌동,202606,연립다세대_매매,주현주택,북가좌동,327-12,28.65,26500,,,5,4,2019,,,,,,중개거래,
서대문구,11410,북가좌동,202606,연립다세대_매매,미주빌라,북가좌동,68-71,37.96,17700,,,3,6,1991,,,,,,중개거래,
서대문구,11410,북가좌동,202606,연립다세대_매매,예원빌라트,북가좌동,315-1,92.52,38800,,,4,11,1998,,,,,,중개거래,
서대문구,11410,북가좌동,202606,연립다세대_매매,초원빌라(A),북가좌동,350-25,76.29,117000,,,5,5,2002,,,,,,중개거래,
서대문구,11410,홍은동,202606,연립다세대_매매,더갤러리하우스,홍은동,265-327,59.45,44000,,,1,2,2019,,,,,,중개거래,
서대문구,11410,연희동,202606,연립다세대_매매,오션빌16A,연희동,107-21,60.78,49000,,,2,4,2010,,,,,,중개거래,
서대문구,11410,창천동,202606,연립다세대_매매,신촌아트,창천동,100-49,77.49,54000,,,2,2,1991,,,,,,중개거래,
서대문구,11410,북가좌동,202606,연립다세대_매매,한양에이스빌(5-76),북가좌동,5-76,32.48,25800,,,3,6,2012,,,,,,중개거래,
서대문구,11410,연희동,202606,연립다세대_매매,(187-85),연희동,187-85,127.83,173000,,,3,2,2018,,,,,,직거래,
서대문구,11410,홍은동,202606,연립다세대_매매,대가트라움,홍은동,11-546,28.53,24000,,,3,5,2019,,,,,,중개거래,
서대문구,11410,홍은동,202606,연립다세대_매매,우진빌라(265-124),홍은동,265-124,59.35,14500,,,2,6,1991,,,,,,중개거래,
서대문구,11410,홍제동,202606,연립다세대_매매,오크빌,홍제동,312-19,46.7,45000,,,2,2,2003,,,,,,중개거래,
서대문구,11410,홍은동,202606,연립다세대_매매,경원탑스빌(265-197),홍은동,265-197,48.85,17500,,,4,3,2012,,,,,,중개거래,
서대문구,11410,연희동,202606,연립다세대_매매,연희궁맨션,연희동,613-2,59.52,31000,,,3,3,1997,,,,,,중개거래,
서대문구,11410,홍제동,202606,연립다세대_매매,정일베스트빌,홍제동,122-33,64.52,49000,,,5,1,2003,,,,,,중개거래,
서대문구,11410,연희동,202606,아파트_매매,신원,연희동,163-30,84.06,40000,,,2,24,2002,,,,,,직거래,
서대문구,11410,북가좌동,202606,아파트_매매,DMC이랜드해가든,북가좌동,460,84.91,93500,,,6,4,2007,,,,,,중개거래,
서대문구,11410,연희동,202606,아파트_매매,연희파크푸르지오,연희동,747,59.9835,102000,,,13,27,2018,,,,,,중개거래,
서대문구,11410,홍제동,202606,아파트_매매,파크힐,홍제동,312-243,84.4,54000,,,1,25,2004,,,,,,중개거래,
서대문구,11410,남가좌동,202606,아파트_매매,DMC파크뷰자이2단지,남가좌동,385,84.909,161000,,,11,27,2015,,,,,,중개거래,
서대문구,11410,홍은동,202606,아파트_매매,홍은동벽산,홍은동,455,84.96,91000,,,14,28,1997,,,,,,중개거래,
서대문구,11410,천연동,202606,아파트_매매,천연뜨란채,천연동,145,55.85,114000,,,10,21,2006,,,,,,중개거래,
서대문구,11410,남가좌동,202606,아파트_매매,래미안루센티아,남가좌동,390,84.95,144000,,,14,19,2020,,,,,,중개거래,
서대문구,11410,홍은동,202606,아파트_매매,두산,홍은동,456,84.84,69000,,,3,26,1997,,,,,,중개거래,
서대문구,11410,북가좌동,202606,아파트_매매,DMC래미안e편한세상,북가좌동,481,84.95,154000,,,15,13,2012,,,,,,중개거래,
서대문구,11410,남가좌동,202606,아파트_매매,DMC금호리첸시아,남가좌동,396,84.9901,154000,,,27,16,2024,,,,,,중개거래,
서대문구,11410,영천동,202606,아파트_매매,독립문삼호,영천동,100,114.63,150000,,,14,13,1995,,,,,,중개거래,
서대문구,11410,홍제동,202606,아파트_매매,홍제역해링턴플레이스,홍제동,474,48.21,115000,,,19,20,2024,,,,,,중개거래,
서대문구,11410,연희동,202606,아파트_매매,성원,연희동,740,84.95,88500,,,17,29,2001,,,,,,중개거래,
서대문구,11410,남가좌동,202606,아파트_매매,DMC파크뷰자이2단지,남가좌동,385,59.981,146500,,,3,27,2015,,,,,,중개거래,
서대문구,11410,북가좌동,202606,아파트_매매,DMC현대아파트,북가좌동,453,59.91,74700,,,7,16,2000,,,,,,중개거래,
서대문구,11410,홍제동,202606,아파트_매매,홍제센트럴IPARK,홍제동,473,84.9356,148000,,,3,19,2020,,,,,,중개거래,
서대문구,11410,충정로3가,202606,아파트_매매,피어리스,충정로3가,222,84.24,83000,,,12,30,1987,,,,,,중개거래,
서대문구,11410,남가좌동,202606,아파트_매매,남가좌동현대,남가좌동,376,84.78,113500,,,4,12,1999,,,,,,중개거래,
서대문구,11410,홍제동,202606,아파트_매매,유원하나,홍제동,454,112.14,70000,,,12,22,1996,,,,,,중개거래,
서대문구,11410,북아현동,202606,아파트_매매,e편한세상신촌1단지,북아현동,1013,84.93,210000,,,8,17,2018,,,,,,중개거래,
서대문구,11410,북가좌동,202606,아파트_매매,대경아르체,북가좌동,488,28.36,32800,,,2,26,2018,,,,,,중개거래,
서대문구,11410,홍제동,202606,아파트_매매,유원하나,홍제동,454,58.77,52000,,,1,30,1996,,,,,,중개거래,
서대문구,11410,홍제동,202606,아파트_매매,태영으뜸(데시앙),홍제동,373,59.49,55000,,,5,14,1998,,,,,,중개거래,
서대문구,11410,남가좌동,202606,아파트_매매,남가좌동현대,남가좌동,376,114.9,133000,,,11,30,1999,,,,,,중개거래,
서대문구,11410,영천동,202606,아파트_매매,독립문삼호,영천동,100,84.78,144000,,,7,27,1995,,,,,,중개거래,
서대문구,11410,남가좌동,202606,아파트_매매,DMC파크뷰자이3단지,남가좌동,385,59.981,130000,,,5,3,2015,,,,,,중개거래,
서대문구,11410,남가좌동,202606,아파트_매매,DMC파크뷰자이1단지,남가좌동,385,121.614,187000,,,30,3,2015,,,,,,중개거래,
서대문구,11410,북가좌동,202606,아파트_매매,DMC래미안e편한세상,북가좌동,481,59.97,144500,,,13,18,2012,,,,,,중개거래,
서대문구,11410,대현동,202606,아파트_매매,이대경우타운,대현동,90-20,12.12,12500,,,4,13,2018,,,,,,중개거래,
서대문구,11410,천연동,202606,아파트_매매,천연뜨란채,천연동,145,57.78,119000,,,15,29,2006,,,,,,중개거래,
서대문구,11410,북가좌동,202606,아파트_매매,DMC래미안e편한세상,북가좌동,481,84.92,159000,,,30,18,2012,,,,,,중개거래,
서대문구,11410,북가좌동,202606,아파트_매매,DMC서부인터빌,북가좌동,467,59.93,67000,,,11,27,2008,,,,,,중개거래,
서대문구,11410,홍제동,202606,아파트_매매,송도그린빌B동,홍제동,322-91,78.8,40000,,,2,19,2003,,,,,,중개거래,
서대문구,11410,북가좌동,202606,아파트_매매,DMC한양,북가좌동,431,65.34,86000,,,5,29,1987,,,,,,중개거래,
서대문구,11410,홍제동,202606,아파트_매매,홍제삼성래미안,홍제동,461,60,96000,,,9,27,2001,,,,,,중개거래,
서대문구,11410,남가좌동,202606,아파트_매매,래미안남가좌2차,남가좌동,379,84.806,138000,,,13,27,2005,,,,,,중개거래,
서대문구,11410,남가좌동,202606,아파트_매매,래미안루센티아,남가좌동,390,59.98,133500,,,4,6,2020,,,,,,중개거래,
서대문구,11410,홍제동,202606,아파트_매매,서대문푸르지오센트럴파크,홍제동,478,59.94,157000,,,12,27,2023,,,,,,중개거래,
서대문구,11410,남가좌동,202606,아파트_매매,DMC래미안클라시스,남가좌동,377,59.93,108500,,,10,27,2000,,,,,,중개거래,
서대문구,11410,남가좌동,202606,아파트_매매,DMC센트럴아이파크,남가좌동,388,59.91,125000,,,15,27,2018,,,,,,중개거래,
서대문구,11410,냉천동,202606,아파트_매매,돈의문센트레빌,냉천동,261,84.99,186000,,,11,27,2011,,,,,,중개거래,
서대문구,11410,현저동,202606,아파트_매매,독립문극동(200-0),현저동,200,102.45,162000,,,21,26,1998,,,,,,중개거래,
서대문구,11410,홍제동,202606,아파트_매매,유원하나,홍제동,454,58.77,55500,,,3,26,1996,,,,,,중개거래,
서대문구,11410,홍은동,202606,아파트_매매,풍림2,홍은동,453-2,58.5,69500,,,2,26,1990,,,,,,중개거래,
서대문구,11410,천연동,202606,아파트_매매,천연뜨란채,천연동,145,55.82,117000,,,7,26,2006,,,,,,중개거래,
서대문구,11410,연희동,202606,아파트_매매,성원,연희동,740,84.95,89700,,,5,26,2001,,,,,,중개거래,
서대문구,11410,홍제동,202606,아파트_매매,현대그린,홍제동,455,84.96,74800,,,8,27,1996,,,,,,중개거래,
서대문구,11410,합동,202606,아파트_매매,에스케이뷰,합동,118,59.956,138000,,,14,26,2008,,,,,,중개거래,
서대문구,11410,홍제동,202606,아파트_매매,현대그린,홍제동,455,84.96,76000,,,6,18,1996,,,,,,중개거래,
서대문구,11410,홍은동,202606,아파트_매매,홍은미성,홍은동,186-1,83.61,43300,,,1,1,1985,,,,,,직거래,
서대문구,11410,연희동,202606,아파트_매매,대림,연희동,700,119.49,65000,,,1,2,1993,,,,,,중개거래,
서대문구,11410,홍은동,202606,아파트_매매,극동,홍은동,454,84.92,56000,,,9,25,1995,,,,,,중개거래,
서대문구,11410,홍제동,202606,아파트_매매,무악재한화,홍제동,464,84.28,120000,,,13,25,2001,,,,,,중개거래,
서대문구,11410,북가좌동,202606,아파트_매매,DMC한양,북가좌동,431,105.88,118000,,,11,25,1987,,,,,,중개거래,
서대문구,11410,남가좌동,202606,아파트_매매,래미안남가좌2차,남가좌동,379,84.806,131000,,,1,25,2005,,,,,,중개거래,
서대문구,11410,남가좌동,202606,아파트_매매,DMC금호리첸시아,남가좌동,396,84.9901,140000,,,29,4,2024,,,,,,중개거래,
서대문구,11410,북아현동,202606,아파트_매매,힐스테이트신촌,북아현동,1017,55.9706,170000,,,6,25,2023,,,,,,중개거래,
서대문구,11410,연희동,202606,아파트_매매,임광,연희동,738,59.96,76000,,,3,24,1999,,,,,,중개거래,
서대문구,11410,연희동,202606,아파트_매매,연희파크푸르지오,연희동,747,84.8003,128700,,,14,24,2018,,,,,,중개거래,
서대문구,11410,연희동,202606,아파트_매매,성원,연희동,740,115.06,116000,,,14,13,2001,,,,,,중개거래,
서대문구,11410,홍제동,202606,아파트_매매,홍제한양,홍제동,82,60.06,97000,,,12,16,1993,,,,,,중개거래,
서대문구,11410,홍제동,202606,아파트_매매,홍제삼성래미안,홍제동,461,60,90000,,,1,23,2001,,,,,,중개거래,
서대문구,11410,홍은동,202606,아파트_매매,북한산두산위브2차,홍은동,468,59.7501,86000,,,10,23,2021,,,,,,중개거래,
서대문구,11410,홍제동,202606,아파트_매매,홍제현대,홍제동,331,60.81,69500,,,5,22,1992,,,,,,중개거래,
서대문구,11410,남가좌동,202606,아파트_매매,DMC센트럴아이파크,남가좌동,388,84.9,151000,,,19,23,2018,,,,,,중개거래,
서대문구,11410,남가좌동,202606,아파트_매매,남가좌동현대,남가좌동,376,84.78,122000,,,4,22,1999,,,,,,중개거래,
서대문구,11410,북가좌동,202606,아파트_매매,DMC휴먼빌아파트,북가좌동,456,84.99,86000,,,4,22,2008,,,,,,중개거래,
서대문구,11410,홍제동,202606,아파트_매매,홍제현대,홍제동,331,119.32,123500,,,4,22,1992,,,,,,중개거래,
서대문구,11410,북가좌동,202606,아파트_매매,북가좌삼호,북가좌동,449,75.75,95000,,,12,22,1996,,,,,,중개거래,
서대문구,11410,냉천동,202606,아파트_매매,동부센트레빌,냉천동,260,114.92,129000,,,12,19,2002,,,,,,중개거래,
서대문구,11410,홍은동,202606,아파트_매매,극동,홍은동,454,84.92,53000,,,10,13,1995,,,,,,중개거래,
서대문구,11410,홍제동,202606,아파트_매매,유원하나,홍제동,454,58.77,57500,,,11,20,1996,,,,,,중개거래,
서대문구,11410,연희동,202606,아파트_매매,연희파크푸르지오,연희동,747,84.8003,120000,,,9,22,2018,,,,,,중개거래,
서대문구,11410,남가좌동,202606,아파트_매매,백련미라보,남가좌동,345-4,59.27,39000,,,5,20,1992,,,,,,중개거래,
서대문구,11410,냉천동,202606,아파트_매매,돈의문센트레빌,냉천동,261,84.99,184000,,,11,19,2011,,,,,,중개거래,
서대문구,11410,홍은동,202606,아파트_매매,극동,홍은동,454,84.92,56000,,,8,20,1995,,,,,,중개거래,
서대문구,11410,홍제동,202606,아파트_매매,유원하나,홍제동,454,58.77,56400,,,8,17,1996,,,,,,중개거래,
서대문구,11410,홍제동,202606,아파트_매매,유원하나,홍제동,454,58.77,54000,,,13,20,1996,,,,,,중개거래,
서대문구,11410,홍제동,202606,아파트_매매,홍제센트럴IPARK,홍제동,473,84.9728,152500,,,16,20,2020,,,,,,중개거래,
서대문구,11410,홍제동,202606,아파트_매매,청구1차,홍제동,453,84.78,126500,,,15,20,1994,,,,,,중개거래,
서대문구,11410,남가좌동,202606,아파트_매매,남가좌동현대,남가좌동,376,59.4,94500,,,2,20,1999,,,,,,중개거래,
서대문구,11410,현저동,202606,아파트_매매,독립문파크빌,현저동,1019,59.4,68000,,,13,20,2000,,,,,,중개거래,
서대문구,11410,홍제동,202606,아파트_매매,청구1차,홍제동,453,84.78,119500,,,8,20,1994,,,,,,중개거래,
서대문구,11410,홍제동,202606,아파트_매매,홍제한양,홍제동,82,60.06,97000,,,9,20,1993,,,,,,중개거래,
서대문구,11410,현저동,202606,아파트_매매,독립문극동(200-0),현저동,200,59.58,138000,,,9,20,1998,,,,,,중개거래,
서대문구,11410,홍제동,202606,아파트_매매,홍제삼성래미안,홍제동,461,60,94500,,,7,20,2001,,,,,,중개거래,
서대문구,11410,홍제동,202606,아파트_매매,홍제한양,홍제동,82,60.06,100000,,,6,20,1993,,,,,,중개거래,
서대문구,11410,홍제동,202606,아파트_매매,홍제삼성래미안,홍제동,461,60,87000,,,12,19,2001,,,,,,중개거래,
서대문구,11410,북가좌동,202606,아파트_매매,DMC래미안e편한세상,북가좌동,481,84.95,154500,,,8,19,2012,,,,,,중개거래,
서대문구,11410,남가좌동,202606,아파트_매매,DMC금호리첸시아,남가좌동,396,59.8295,128000,,,7,19,2024,,,,,,중개거래,
서대문구,11410,홍은동,202606,아파트_매매,북한산두산위브2차,홍은동,468,59.7501,85000,,,6,18,2021,,,,,,중개거래,
서대문구,11410,북가좌동,202606,아파트_매매,DMC래미안e편한세상,북가좌동,481,84.92,155000,,,17,16,2012,,,,,,중개거래,
서대문구,11410,홍은동,202606,아파트_매매,"현대(1,2차)",홍은동,202-5,84.77,87000,,,14,6,1988,,,,,,중개거래,
서대문구,11410,홍제동,202606,아파트_매매,중앙하이츠,홍제동,342,59.23,55000,,,10,18,2001,,,,,,중개거래,
서대문구,11410,현저동,202606,아파트_매매,독립문파크빌,현저동,1019,59.4,68300,,,12,18,2000,,,,,,중개거래,
서대문구,11410,영천동,202606,아파트_매매,독립문삼호,영천동,100,84.78,125000,,,2,9,1995,,,,,,중개거래,
서대문구,11410,현저동,202606,아파트_매매,독립문극동(200-0),현저동,200,102.45,147500,,,2,16,1998,,,,,,중개거래,
서대문구,11410,영천동,202606,아파트_매매,독립문삼호,영천동,100,108.63,156500,,,15,18,1995,,,,,,중개거래,
서대문구,11410,천연동,202606,아파트_매매,천연뜨란채,천연동,145,56.02,111300,,,16,18,2006,,,,,,중개거래,
서대문구,11410,홍제동,202606,아파트_매매,서울맨션,홍제동,315-7,54.94,45500,,,5,16,1972,,,,,,중개거래,
서대문구,11410,남가좌동,202606,아파트_매매,DMC파크뷰자이1단지,남가좌동,385,59.977,150000,,,13,17,2015,,,,,,중개거래,
서대문구,11410,남가좌동,202606,아파트_매매,DMC래미안클라시스,남가좌동,377,114.88,127000,,,12,17,2000,,,,,,중개거래,
서대문구,11410,홍제동,202606,아파트_매매,홍제한양,홍제동,82,120.14,137000,,,9,17,1993,,,,,,중개거래,
서대문구,11410,홍제동,202606,아파트_매매,인왕산현대,홍제동,460,59.93,107500,,,17,17,2000,,,,,,중개거래,
서대문구,11410,남가좌동,202606,아파트_매매,DMC센트레빌,남가좌동,381,59.95,113000,,,2,17,2009,,,,,,중개거래,
서대문구,11410,홍제동,202606,아파트_매매,성원,홍제동,456,55.35,64000,,,6,17,1998,,,,,,중개거래,
서대문구,11410,홍은동,202606,아파트_매매,두산,홍은동,456,59.73,61700,,,8,17,1997,,,,,,중개거래,
서대문구,11410,북가좌동,202606,아파트_매매,DMC이랜드해가든,북가좌동,460,84.91,93500,,,6,4,2007,,,,,,중개거래,O
서대문구,11410,홍은동,202606,아파트_매매,풍림1차,홍은동,440-3,56.61,45000,,,1,11,1988,,,,,,중개거래,
서대문구,11410,북아현동,202606,아파트_매매,두산,북아현동,1009,59.96,127000,,,15,17,1999,,,,,,중개거래,
서대문구,11410,천연동,202606,아파트_매매,천연뜨란채,천연동,145,56.02,100000,,,13,17,2006,,,,,,중개거래,
서대문구,11410,홍제동,202606,아파트_매매,홍제한양,홍제동,82,60.06,102500,,,11,16,1993,,,,,,중개거래,
서대문구,11410,남가좌동,202606,아파트_매매,DMC파크뷰자이1단지,남가좌동,385,59.981,150000,,,12,16,2015,,,,,,중개거래,
서대문구,11410,남가좌동,202606,아파트_매매,남가좌동현대,남가좌동,376,59.4,105000,,,15,16,1999,,,,,,중개거래,
서대문구,11410,홍제동,202606,아파트_매매,홍제삼성래미안,홍제동,461,32.76,60200,,,8,16,2001,,,,,,중개거래,
서대문구,11410,홍제동,202606,아파트_매매,성원,홍제동,456,41.5,49500,,,12,16,1998,,,,,,중개거래,
서대문구,11410,남가좌동,202606,아파트_매매,래미안남가좌2차,남가좌동,379,84.806,139000,,,13,11,2005,,,,,,중개거래,
서대문구,11410,홍제동,202606,아파트_매매,청구2차,홍제동,453-1,84.89,99500,,,1,16,1997,,,,,,중개거래,
서대문구,11410,남가좌동,202606,아파트_매매,DMC파크뷰자이4단지,남가좌동,385,59.981,141000,,,9,13,2015,,,,,,중개거래,
서대문구,11410,홍은동,202606,아파트_매매,힐스테이트홍은포레스트,홍은동,470,59.84,100000,,,8,13,2023,,,,,,중개거래,
서대문구,11410,북가좌동,202606,아파트_매매,요진,북가좌동,150,82.08,64000,,,9,4,1998,,,,,,중개거래,
서대문구,11410,홍제동,202606,아파트_매매,인왕산현대,홍제동,460,59.93,114200,,,13,15,2000,,,,,,중개거래,
서대문구,11410,현저동,202606,아파트_매매,독립문파크빌,현저동,1019,59.4,70000,,,8,16,2000,,,,,,중개거래,
서대문구,11410,연희동,202606,아파트_매매,성원,연희동,740,59.61,70000,,,10,15,2001,,,,,,중개거래,
서대문구,11410,홍제동,202606,아파트_매매,홍제한양,홍제동,82,60.06,86500,,,4,15,1993,,,,,,중개거래,
서대문구,11410,남가좌동,202606,아파트_매매,DMC센트럴아이파크,남가좌동,388,84.95,148000,,,15,15,2018,,,,,,중개거래,
서대문구,11410,홍제동,202606,아파트_매매,홍제삼성래미안,홍제동,461,60,89000,,,4,15,2001,,,,,,중개거래,
서대문구,11410,영천동,202606,아파트_매매,독립문삼호,영천동,100,75.66,135500,,,6,15,1995,,,,,,중개거래,
서대문구,11410,북가좌동,202606,아파트_매매,DMC래미안e편한세상,북가좌동,481,84.95,149000,,,6,15,2012,,,,,,중개거래,
서대문구,11410,북가좌동,202606,아파트_매매,북가좌삼호,북가좌동,449,114.03,91119,,,2,9,1996,,,,,,직거래,
서대문구,11410,홍제동,202606,아파트_매매,태영으뜸(데시앙),홍제동,373,67.3,60000,,,10,14,1998,,,,,,중개거래,
서대문구,11410,천연동,202606,아파트_매매,천연뜨란채,천연동,145,56.08,121000,,,11,13,2006,,,,,,중개거래,
서대문구,11410,북아현동,202606,아파트_매매,두산,북아현동,1009,59.96,138000,,,11,13,1999,,,,,,중개거래,
서대문구,11410,홍제동,202606,아파트_매매,청구1차,홍제동,453,84.78,117500,,,1,13,1994,,,,,,중개거래,
서대문구,11410,대현동,202606,아파트_매매,신촌럭키,대현동,144,83.38,145000,,,14,13,1999,,,,,,중개거래,
서대문구,11410,홍제동,202606,아파트_매매,홍제센트럴IPARK,홍제동,473,59.9837,128000,,,4,13,2020,,,,,,중개거래,
서대문구,11410,북가좌동,202606,아파트_매매,DMC래미안e편한세상,북가좌동,481,84.95,154000,,,15,13,2012,,,,,,중개거래,O
서대문구,11410,북가좌동,202606,아파트_매매,DMC래미안e편한세상,북가좌동,481,84.95,155000,,,10,13,2012,,,,,,중개거래,
서대문구,11410,남가좌동,202606,아파트_매매,DMC금호리첸시아,남가좌동,396,84.9901,142000,,,16,12,2024,,,,,,중개거래,
서대문구,11410,북아현동,202606,아파트_매매,두산,북아현동,1009,59.96,132000,,,6,12,1999,,,,,,중개거래,
서대문구,11410,홍제동,202606,아파트_매매,인왕산현대,홍제동,460,84.9,120000,,,15,12,2000,,,,,,중개거래,
서대문구,11410,남가좌동,202606,아파트_매매,DMC파크뷰자이1단지,남가좌동,385,84.971,164000,,,19,12,2015,,,,,,중개거래,
서대문구,11410,홍제동,202606,아파트_매매,청구1차,홍제동,453,84.78,125000,,,16,12,1994,,,,,,중개거래,
서대문구,11410,홍은동,202606,아파트_매매,진흥,홍은동,459,78.02,69000,,,13,11,2002,,,,,,중개거래,
서대문구,11410,홍제동,202606,아파트_매매,서대문푸르지오센트럴파크,홍제동,478,59.94,157000,,,16,12,2023,,,,,,중개거래,
서대문구,11410,홍은동,202606,아파트_매매,홍은동벽산,홍은동,455,58.64,74500,,,8,12,1997,,,,,,중개거래,
서대문구,11410,북가좌동,202606,아파트_매매,DMC서부인터빌,북가좌동,467,84.66,84000,,,13,13,2008,,,,,,중개거래,
서대문구,11410,북아현동,202606,아파트_매매,e편한세상신촌1단지,북아현동,1013,84.98,217000,,,9,13,2018,,,,,,중개거래,
서대문구,11410,홍제동,202606,아파트_매매,홍제현대,홍제동,331,106.18,119000,,,9,13,1992,,,,,,중개거래,
서대문구,11410,남가좌동,202606,아파트_매매,DMC파크뷰자이1단지,남가좌동,385,120.492,184000,,,22,12,2015,,,,,,중개거래,
서대문구,11410,홍제동,202606,아파트_매매,홍제센트럴IPARK,홍제동,473,84.9602,106000,,,6,12,2020,,,,,,중개거래,
서대문구,11410,북아현동,202606,아파트_매매,e편한세상신촌2단지,북아현동,1013,84.98,157000,,,19,12,2018,,,,,,중개거래,
서대문구,11410,북아현동,202606,아파트_매매,북아현경남,북아현동,1006,59.77,155000,,,5,6,1996,,,,,,중개거래,
서대문구,11410,남가좌동,202606,아파트_매매,래미안남가좌2차,남가좌동,379,59.788,128000,,,9,11,2005,,,,,,중개거래,
서대문구,11410,북가좌동,202606,아파트_매매,DMC현대아파트,북가좌동,453,59.91,74200,,,13,11,2000,,,,,,중개거래,
서대문구,11410,홍제동,202606,아파트_매매,남양,홍제동,457,114.99,85000,,,19,11,1999,,,,,,직거래,
서대문구,11410,남가좌동,202606,아파트_매매,DMC파크뷰자이2단지,남가좌동,385,84.909,159500,,,6,3,2015,,,,,,중개거래,
서대문구,11410,홍은동,202606,아파트_매매,극동,홍은동,454,84.92,49000,,,8,5,1995,,,,,,직거래,
서대문구,11410,홍은동,202606,아파트_매매,세한숲속마을,홍은동,산11-244,83.91,53000,,,14,3,2002,,,,,,중개거래,
서대문구,11410,대현동,202606,아파트_매매,신촌럭키,대현동,144,83.38,149000,,,8,10,1999,,,,,,중개거래,
서대문구,11410,남가좌동,202606,아파트_매매,DMC파크뷰자이3단지,남가좌동,385,84.968,147000,,,15,9,2015,,,,,,중개거래,
서대문구,11410,홍은동,202606,아파트_매매,유원,홍은동,22,64.26,50800,,,8,10,1987,,,,,,중개거래,
서대문구,11410,홍제동,202606,아파트_매매,인왕산현대,홍제동,460,84.9,130000,,,16,10,2000,,,,,,중개거래,
서대문구,11410,북가좌동,202606,아파트_매매,DMC래미안e편한세상,북가좌동,481,59.97,141000,,,4,9,2012,,,,,,중개거래,
서대문구,11410,북아현동,202606,아파트_매매,e편한세상신촌4단지,북아현동,1013,59.9,200000,,,31,6,2018,,,,,,중개거래,
서대문구,11410,현저동,202606,아파트_매매,독립문극동(200-0),현저동,200,59.58,132000,,,3,10,1998,,,,,,중개거래,
서대문구,11410,북아현동,202606,아파트_매매,신촌푸르지오,북아현동,1011,84.9559,198000,,,20,10,2015,,,,,,중개거래,
서대문구,11410,연희동,202606,아파트_매매,연희파크푸르지오,연희동,747,84.8003,120000,,,7,9,2018,,,,,,중개거래,
서대문구,11410,홍제동,202606,아파트_매매,유원하나,홍제동,454,72.34,62500,,,8,10,1996,,,,,,중개거래,
서대문구,11410,북아현동,202606,아파트_매매,신촌푸르지오,북아현동,1011,84.9572,197000,,,16,10,2015,,,,,,중개거래,
서대문구,11410,홍제동,202606,아파트_매매,중앙하이츠,홍제동,342,84.97,59000,,,4,10,2001,,,,,,직거래,
서대문구,11410,홍제동,202606,아파트_매매,힐탑,홍제동,346-7,54.48,54500,,,5,1,2003,,,,,,중개거래,
서대문구,11410,홍은동,202606,아파트_매매,홍은센트레빌,홍은동,461,84.84,91500,,,10,6,2009,,,,,,중개거래,
서대문구,11410,북아현동,202606,아파트_매매,힐스테이트신촌,북아현동,1017,59.8404,178000,,,15,9,2023,,,,,,중개거래,
서대문구,11410,홍은동,202606,아파트_매매,홍은동벽산,홍은동,455,58.64,67500,,,2,9,1997,,,,,,중개거래,
서대문구,11410,홍제동,202606,아파트_매매,성원,홍제동,456,41.5,49000,,,12,9,1998,,,,,,중개거래,
서대문구,11410,홍제동,202606,아파트_매매,문화촌현대,홍제동,463,59.94,80000,,,8,9,2002,,,,,,중개거래,
서대문구,11410,홍은동,202606,아파트_매매,진흥,홍은동,459,110.4,70000,,,15,8,2002,,,,,,중개거래,
서대문구,11410,북가좌동,202606,아파트_매매,DMC래미안e편한세상,북가좌동,481,59.97,140000,,,15,9,2012,,,,,,중개거래,
서대문구,11410,현저동,202606,아파트_매매,독립문극동(200-0),현저동,200,84.87,147000,,,17,7,1998,,,,,,중개거래,
서대문구,11410,홍은동,202606,아파트_매매,홍은동벽산,홍은동,455,142.98,90000,,,2,8,1997,,,,,,중개거래,
서대문구,11410,홍제동,202606,아파트_매매,홍제한양,홍제동,82,60.06,97000,,,12,8,1993,,,,,,중개거래,
서대문구,11410,남가좌동,202606,아파트_매매,남가좌동현대,남가좌동,376,59.4,91500,,,2,8,1999,,,,,,중개거래,
서대문구,11410,홍은동,202606,아파트_매매,명가,홍은동,398-6,79.92,47000,,,4,7,2009,,,,,,중개거래,
서대문구,11410,홍은동,202606,아파트_매매,홍은동벽산,홍은동,455,84.96,84500,,,2,7,1997,,,,,,중개거래,
서대문구,11410,홍은동,202606,아파트_매매,홍은동벽산,홍은동,455,142.98,96500,,,7,7,1997,,,,,,중개거래,
서대문구,11410,남가좌동,202606,아파트_매매,DMC센트레빌,남가좌동,381,84.97,123000,,,1,7,2009,,,,,,중개거래,
서대문구,11410,홍은동,202606,아파트_매매,홍은동벽산,홍은동,455,84.96,84000,,,1,7,1997,,,,,,중개거래,
서대문구,11410,남가좌동,202606,아파트_매매,DMC금호리첸시아,남가좌동,396,59.9772,134000,,,15,7,2024,,,,,,중개거래,
서대문구,11410,남가좌동,202606,아파트_매매,DMC금호리첸시아,남가좌동,396,59.8295,130000,,,11,6,2024,,,,,,중개거래,
서대문구,11410,남가좌동,202606,아파트_매매,DMC파크뷰자이1단지,남가좌동,385,84.971,167500,,,11,6,2015,,,,,,중개거래,
서대문구,11410,홍은동,202606,아파트_매매,홍은동벽산,홍은동,455,84.78,88500,,,2,6,1997,,,,,,중개거래,
서대문구,11410,현저동,202606,아파트_매매,독립문파크빌,현저동,1019,59.4,72500,,,11,5,2000,,,,,,중개거래,
서대문구,11410,홍은동,202606,아파트_매매,유원,홍은동,22,64.26,50800,,,2,5,1987,,,,,,중개거래,
서대문구,11410,북가좌동,202606,아파트_매매,DMC두산위브,북가좌동,459,84.9631,89500,,,1,5,2007,,,,,,중개거래,
서대문구,11410,영천동,202606,아파트_매매,독립문삼호,영천동,100,75.66,135000,,,18,5,1995,,,,,,중개거래,
서대문구,11410,홍은동,202606,아파트_매매,e편한세상서대문,홍은동,469,59.991,124500,,,10,5,2023,,,,,,중개거래,
서대문구,11410,남가좌동,202606,아파트_매매,래미안남가좌2차,남가좌동,379,84.806,133500,,,4,3,2005,,,,,,중개거래,
서대문구,11410,홍제동,202606,아파트_매매,인왕산현대,홍제동,460,59.93,103000,,,10,4,2000,,,,,,중개거래,
서대문구,11410,북아현동,202606,아파트_매매,우민A,북아현동,1-50,56.5,129000,,,7,4,2001,,,,,,중개거래,
서대문구,11410,홍은동,202606,아파트_매매,홍은동벽산,홍은동,455,142.98,94500,,,11,3,1997,,,,,,중개거래,
서대문구,11410,냉천동,202606,아파트_매매,동부센트레빌,냉천동,260,84.93,104500,,,1,4,2002,,,,,,중개거래,
서대문구,11410,현저동,202606,아파트_매매,독립문파크빌,현저동,1019,59.4,61000,,,1,4,2000,,,,,,중개거래,
서대문구,11410,홍제동,202606,아파트_매매,현대그린,홍제동,455,84.96,69000,,,14,2,1996,,,,,,중개거래,
서대문구,11410,북가좌동,202606,아파트_매매,DMC래미안e편한세상,북가좌동,481,84.92,150000,,,6,3,2012,,,,,,중개거래,
서대문구,11410,홍은동,202606,아파트_매매,힐스테이트홍은포레스트,홍은동,470,59.84,99000,,,6,3,2023,,,,,,중개거래,
서대문구,11410,북가좌동,202606,아파트_매매,DMC한양,북가좌동,431,116.76,118000,,,4,3,1987,,,,,,중개거래,
서대문구,11410,홍제동,202606,아파트_매매,홍제센트럴IPARK,홍제동,473,84.9644,137000,,,2,3,2020,,,,,,중개거래,
서대문구,11410,북가좌동,202606,아파트_매매,DMC래미안e편한세상,북가좌동,481,84.92,155000,,,16,3,2012,,,,,,중개거래,
서대문구,11410,북가좌동,202606,아파트_매매,DMC두산위브,북가좌동,459,84.9631,91000,,,1,3,2007,,,,,,중개거래,
서대문구,11410,북아현동,202606,아파트_매매,힐스테이트신촌,북아현동,1017,84.9557,200000,,,16,3,2023,,,,,,중개거래,
서대문구,11410,남가좌동,202606,아파트_매매,디엠씨엘가,남가좌동,387,30.36,35800,,,13,3,2017,,,,,,중개거래,
서대문구,11410,홍제동,202606,아파트_매매,문화촌현대,홍제동,463,84.99,90000,,,11,3,2002,,,,,,중개거래,
서대문구,11410,홍은동,202606,아파트_매매,풍림2,홍은동,453-2,58.5,71500,,,4,2,1990,,,,,,중개거래,
서대문구,11410,남가좌동,202606,아파트_매매,DMC파크뷰자이1단지,남가좌동,385,84.968,167000,,,17,3,2015,,,,,,중개거래,
서대문구,11410,영천동,202606,아파트_매매,독립문삼호,영천동,100,75.66,137000,,,7,1,1995,,,,,,중개거래,
서대문구,11410,남가좌동,202606,아파트_매매,DMC에코자이,남가좌동,389,72.969,144000,,,15,2,2019,,,,,,중개거래,
서대문구,11410,남가좌동,202606,아파트_매매,디엠씨엘가,남가좌동,387,41.23,54800,,,15,1,2017,,,,,,중개거래,
서대문구,11410,홍제동,202606,아파트_매매,홍제삼성래미안,홍제동,461,84.33,100000,,,1,1,2001,,,,,,중개거래,
