gu_name,lawd_cd,region_name,deal_ym,deal_type,building_name,umd_name,jibun,area_m2,deal_amount,deposit,monthly_rent,floor,deal_day,build_year,contract_type,contract_term,pre_deposit,pre_monthly_rent,use_rr_right,dealing_gbn,cdeal_type
마포구,11440,상암동,202608,오피스텔_전월세,상암 한화 오벨리스크,상암동,1734,20.59,,500,70,6,21,2013,신규,26.09~27.09,,,,,
마포구,11440,성산동,202608,오피스텔_전월세,샬롬 오피스텔,성산동,278-8,18.9,,8000,0,4,19,2003,신규,26.09~28.09,,,,,
마포구,11440,공덕동,202608,오피스텔_전월세,공덕푸르지오시티,공덕동,475,34.39,,1000,105,5,13,2013,신규,26.08~28.08,,,,,
마포구,11440,성산동,202608,오피스텔_전월세,상암 우남퍼스트빌스타,성산동,592-5,16.91,,1000,80,3,20,2017,신규,26.08~27.08,,,,,
마포구,11440,성산동,202608,오피스텔_전월세,상암미르웰한올림,성산동,593-5,16.36,,5000,60,7,7,2018,신규,26.08~28.08,,,,,
마포구,11440,공덕동,202608,오피스텔_전월세,마포현대하이엘,공덕동,463,31.38,,19800,0,19,21,2005,신규,26.09~28.08,,,,,
마포구,11440,신공덕동,202608,오피스텔_전월세,갑을명가시티1,신공덕동,5-75,19.73,,1000,75,9,21,,갱신,26.08~27.08,2000.0,58.0,,,
마포구,11440,공덕동,202608,오피스텔_전월세,공덕푸르지오시티,공덕동,475,31.28,,5000,90,3,13,2013,신규,26.08~27.08,,,,,
마포구,11440,상암동,202608,오피스텔_전월세,상암 한화 오벨리스크,상암동,1734,19.93,,5000,43,7,20,2013,신규,26.09~27.09,,,,,
마포구,11440,상암동,202608,오피스텔_전월세,DMC 이안상암1단지,상암동,1654,93.09,,3000,240,24,13,2007,신규,26.09~28.09,,,,,
마포구,11440,성산동,202608,오피스텔_전월세,상암미르웰한올림,성산동,593-5,16.36,,13500,26,9,20,2018,신규,26.09~28.09,,,,,
마포구,11440,아현동,202608,오피스텔_전월세,고려아카데미텔,아현동,437-3,19.6,,3000,36,16,5,1987,신규,26.09~27.09,,,,,
마포구,11440,공덕동,202608,오피스텔_전월세,벨로하우스 공덕,공덕동,111-201,36.81,,28400,0,6,21,2019,신규,26.09~28.09,,,,,
마포구,11440,상암동,202608,오피스텔_전월세,사보이시티디엠씨,상암동,1597,21.65,,12500,15,4,21,2016,신규,26.09~28.09,,,,,
마포구,11440,성산동,202608,오피스텔_전월세,상암 우남퍼스트빌스타,성산동,592-5,16.91,,1000,76,6,20,2017,갱신,26.10~27.10,1000.0,73.0,,,
마포구,11440,성산동,202608,오피스텔_전월세,마포상암시티프라디움리버,성산동,593-7,25.12,,30000,0,12,15,2021,신규,26.10~28.10,,,,,
마포구,11440,성산동,202608,오피스텔_전월세,상암미르웰한올림,성산동,593-5,16.36,,1000,78,3,5,2018,갱신,26.08~28.08,1000.0,75.0,사용,,
마포구,11440,성산동,202608,오피스텔_전월세,KCC상암스튜디오380,성산동,590-4,20.35,,16500,0,4,20,2014,갱신,26.09~28.09,16500.0,,,,
마포구,11440,서교동,202608,오피스텔_전월세,MJ BIOS,서교동,372-9,20.79,,3000,164,5,6,2025,신규,26.08~27.08,,,,,
마포구,11440,서교동,202608,오피스텔_전월세,노벨리아 서교,서교동,354-9,18,,20900,0,10,19,2018,신규,26.08~27.08,,,,,
마포구,11440,신공덕동,202608,오피스텔_전월세,갑을명가시티2,신공덕동,1-48,16.76,,1000,70,15,20,,신규,26.08~27.08,,,,,
마포구,11440,공덕동,202608,오피스텔_전월세,블레스하임 3차,공덕동,111-106,23.79,,29000,0,7,20,2022,갱신,26.09~28.09,28000.0,,,,
마포구,11440,공덕동,202608,오피스텔_전월세,마포 신영 지웰,공덕동,461,53.16,,3000,200,6,1,2004,신규,26.08~27.08,,,,,
마포구,11440,상암동,202608,오피스텔_전월세,"상암DMC푸르지오시티, S-City",상암동,1596,20.32,,1000,87,10,18,2017,신규,26.08~27.08,,,,,
마포구,11440,성산동,202608,오피스텔_전월세,벽산상암스마트큐브,성산동,593-1,19.2,,1000,72,13,15,2017,갱신,26.08~27.08,1000.0,69.0,,,
마포구,11440,신공덕동,202608,오피스텔_전월세,공덕프로포즈Ⅱ,신공덕동,15-80,18.53,,10000,10,5,15,2015,신규,26.09~28.09,,,,,
마포구,11440,성산동,202608,오피스텔_전월세,벽산상암스마트큐브,성산동,593-1,19.2,,13900,19,15,8,2017,갱신,26.08~28.08,14000.0,15.0,,,
마포구,11440,상암동,202608,오피스텔_전월세,상암 오벨리스크 2차,상암동,1748,24.2,,11900,0,5,13,2014,갱신,26.08~28.08,12800.0,,,,
마포구,11440,상암동,202608,오피스텔_전월세,상암 오벨리스크 2차,상암동,1748,24.2,,500,75,6,4,2014,신규,26.08~27.08,,,,,
마포구,11440,상수동,202608,오피스텔_전월세,세방글로벌시티,상수동,157-1,29.5,,15000,0,13,19,2005,신규,26.09~28.09,,,,,
마포구,11440,도화동,202608,오피스텔_전월세,고려아카데미텔,도화동,36,20.25,,500,77,16,19,1988,갱신,26.08~27.08,500.0,75.0,사용,,
마포구,11440,도화동,202608,오피스텔_전월세,고려아카데미텔,도화동,36,20.25,,14595,0,13,14,1988,갱신,26.08~28.08,13900.0,,,,
마포구,11440,성산동,202608,오피스텔_전월세,벽산상암스마트큐브,성산동,593-1,19.2,,10000,40,12,19,2017,신규,26.09~28.09,,,,,
마포구,11440,합정동,202608,오피스텔_전월세,마포 한강 2차 푸르지오,합정동,473,23.43,,10000,70,17,15,2016,신규,26.09~28.09,,,,,
마포구,11440,아현동,202608,오피스텔_전월세,효성인텔리안,아현동,733,25.75,,1000,78,15,7,2005,갱신,26.08~27.08,1000.0,75.0,사용,,
마포구,11440,합정동,202608,오피스텔_전월세,마포 한강 2차 푸르지오,합정동,473,23.09,,26500,0,25,17,2016,신규,26.09~28.09,,,,,
마포구,11440,신공덕동,202608,오피스텔_전월세,메트로디오빌,신공덕동,167,37.36,,1000,110,17,18,2005,신규,26.09~27.09,,,,,
마포구,11440,공덕동,202608,오피스텔_전월세,에스테반 오피스텔,공덕동,16-10,18.94,,1000,70,4,19,,신규,26.08~28.08,,,,,
마포구,11440,성산동,202608,오피스텔_전월세,상암미르웰한올림,성산동,593-5,16.36,,13600,20,11,17,2018,신규,26.09~28.09,,,,,
마포구,11440,성산동,202608,오피스텔_전월세,상암 도시엔 오피스텔,성산동,592-3,18.83,,13500,15,7,15,2017,신규,26.09~28.09,,,,,
마포구,11440,성산동,202608,오피스텔_전월세,마포클레세,성산동,592-8,39.46,,3000,145,4,17,2022,신규,26.10~27.10,,,,,
마포구,11440,성산동,202608,오피스텔_전월세,상암월드시티,성산동,590-5,19.81,,12600,20,14,19,2014,신규,26.09~28.09,,,,,
마포구,11440,공덕동,202608,오피스텔_전월세,공덕푸르지오시티,공덕동,475,39.62,,2000,150,13,6,2013,신규,26.08~28.08,,,,,
마포구,11440,아현동,202608,오피스텔_전월세,고려아카데미텔,아현동,437-3,19.6,,1000,55,5,16,1987,신규,26.08~27.08,,,,,
마포구,11440,상암동,202608,오피스텔_전월세,상암 한화 오벨리스크,상암동,1734,19.93,,1000,65,9,15,2013,신규,26.08~27.08,,,,,
마포구,11440,염리동,202608,오피스텔_전월세,삼부골든타워,염리동,164-4,32.5,,1000,90,3,18,2003,갱신,26.08~28.08,1000.0,85.0,,,
마포구,11440,합정동,202608,오피스텔_전월세,월드오피스텔,합정동,362-14,20.52,,1000,70,7,13,2003,신규,26.08~28.08,,,,,
마포구,11440,성산동,202608,오피스텔_전월세,상암 우남퍼스트빌스타,성산동,592-5,16.79,,500,69,5,14,2017,신규,26.08~27.08,,,,,
마포구,11440,상암동,202608,오피스텔_전월세,"상암DMC푸르지오시티, S-City",상암동,1596,18.4,,1000,80,7,18,2017,신규,26.08~27.08,,,,,
마포구,11440,신공덕동,202608,오피스텔_전월세,갑을명가시티1,신공덕동,5-75,19.73,,1000,75,18,8,,신규,26.08~27.08,,,,,
마포구,11440,상암동,202608,오피스텔_전월세,상암 한화 오벨리스크,상암동,1734,19.93,,500,68,10,12,2013,갱신,26.09~27.09,500.0,65.0,,,
마포구,11440,성산동,202608,오피스텔_전월세,상암미르웰한올림,성산동,593-5,16.36,,1000,90,12,1,2018,신규,26.08~27.08,,,,,
마포구,11440,성산동,202608,오피스텔_전월세,상암 우남퍼스트빌스타,성산동,592-5,16.91,,1000,80,18,10,2017,신규,26.08~27.08,,,,,
마포구,11440,성산동,202608,오피스텔_전월세,벽산상암스마트큐브,성산동,593-1,20.74,,14500,18,14,16,2017,갱신,26.09~28.09,14500.0,15.0,,,
마포구,11440,합정동,202608,오피스텔_전월세,마포 한강 2차 푸르지오,합정동,473,23.65,,26000,0,31,8,2016,신규,26.09~28.09,,,,,
마포구,11440,성산동,202608,오피스텔_전월세,상암 수린나 오피스텔,성산동,593-2,17.55,,10000,35,11,15,2018,신규,26.10~28.10,,,,,
마포구,11440,도화동,202608,오피스텔_전월세,마포 한화 오벨리스크,도화동,555,27.56,,1000,95,19,12,2004,갱신,26.09~27.09,1000.0,90.0,,,
마포구,11440,공덕동,202608,오피스텔_전월세,공덕오피스타,공덕동,12-98,16.88,,800,58,11,5,2013,신규,26.08~27.08,,,,,
마포구,11440,공덕동,202608,오피스텔_전월세,공덕오피스타,공덕동,12-98,16.88,,500,60,9,7,2013,신규,26.08~27.08,,,,,
마포구,11440,성산동,202608,오피스텔_전월세,동우 자인채 스토리 상암,성산동,593-3,24.25,,19000,30,15,15,2018,신규,26.09~28.09,,,,,
마포구,11440,서교동,202608,오피스텔_전월세,엠제이 더퍼스트 마포한강,서교동,393-1,15.56,,25000,0,9,6,2019,신규,26.08~28.08,,,,,
마포구,11440,창전동,202608,오피스텔_전월세,동원 스위트뷰,창전동,149-1,16.56,,1000,68,8,10,2014,갱신,26.08~27.08,1000.0,63.0,,,
마포구,11440,상암동,202608,오피스텔_전월세,상암 한화 오벨리스크,상암동,1734,19.93,,500,69,3,14,2013,갱신,26.09~27.09,500.0,66.0,,,
마포구,11440,신공덕동,202608,오피스텔_전월세,갑을명가시티1,신공덕동,5-75,19.73,,1000,70,11,14,,신규,26.08~27.08,,,,,
마포구,11440,성산동,202608,오피스텔_전월세,상암 카리스 다올림 오피스텔,성산동,593-11,21.96,,16000,20,5,14,2018,신규,26.10~27.10,,,,,
마포구,11440,대흥동,202608,오피스텔_전월세,이대역 푸르지오 시티,대흥동,12-27,29.95,,1000,120,12,14,2013,신규,26.08~27.08,,,,,
마포구,11440,성산동,202608,오피스텔_전월세,상암 우남퍼스트빌스타,성산동,592-5,16.91,,2000,66,9,10,2017,갱신,26.09~27.09,2000.0,63.0,사용,,
마포구,11440,성산동,202608,오피스텔_전월세,벽산상암스마트큐브,성산동,593-1,26,,21600,27,13,14,2017,갱신,26.10~27.10,21600.0,21.0,,,
마포구,11440,성산동,202608,오피스텔_전월세,상암 도시엔 오피스텔,성산동,592-3,18.83,,13500,15,11,13,2017,신규,26.09~28.09,,,,,
마포구,11440,성산동,202608,오피스텔_전월세,KCC상암스튜디오380,성산동,590-4,20.35,,1000,77,5,13,2014,갱신,26.09~27.09,1000.0,74.0,사용,,
마포구,11440,상암동,202608,오피스텔_전월세,상암 한화 오벨리스크,상암동,1734,24.22,,500,75,5,13,2013,신규,26.08~27.08,,,,,
마포구,11440,성산동,202608,오피스텔_전월세,상암 우남퍼스트빌스타,성산동,592-5,16.79,,1000,75,17,14,2017,신규,26.08~27.08,,,,,
마포구,11440,노고산동,202608,오피스텔_전월세,다손오피스텔,노고산동,56-52,19.51,,9000,0,3,14,2003,신규,26.08~28.08,,,,,
마포구,11440,도화동,202608,오피스텔_전월세,마포트라팰리스,도화동,559,73.72,,67000,0,13,12,2006,신규,26.09~28.09,,,,,
마포구,11440,서교동,202608,오피스텔_전월세,(478-23),서교동,478-23,37.14,,17000,10,7,10,2003,신규,26.08~28.08,,,,,
마포구,11440,노고산동,202608,오피스텔_전월세,신촌다올노블리움,노고산동,1-25,19.65,,4000,40,13,13,2017,신규,26.08~28.08,,,,,
마포구,11440,상암동,202608,오피스텔_전월세,상암 한화 오벨리스크,상암동,1734,19.93,,500,70,4,12,2013,신규,26.08~27.08,,,,,
마포구,11440,상암동,202608,오피스텔_전월세,상암 한화 오벨리스크,상암동,1734,19.93,,8000,30,8,13,2013,신규,26.09~27.09,,,,,
마포구,11440,성산동,202608,오피스텔_전월세,동우 자인채 스토리 상암,성산동,593-3,16.35,,2000,65,8,13,2018,신규,26.08~27.08,,,,,
마포구,11440,상암동,202608,오피스텔_전월세,상암 한화 오벨리스크,상암동,1734,24.22,,1000,73,5,12,2013,신규,26.08~27.08,,,,,
마포구,11440,성산동,202608,오피스텔_전월세,상암 우남퍼스트빌스타,성산동,592-5,16.91,,13000,15,4,8,2017,신규,26.09~28.09,,,,,
마포구,11440,성산동,202608,오피스텔_전월세,상암 두산위브센티움,성산동,590-1,23.24,,1000,85,10,8,2013,신규,26.09~27.09,,,,,
마포구,11440,성산동,202608,오피스텔_전월세,상암미르웰한올림,성산동,593-5,16.36,,3000,67,6,12,2018,갱신,26.09~27.09,3000.0,64.0,사용,,
마포구,11440,성산동,202608,오피스텔_전월세,벽산상암스마트큐브,성산동,593-1,19.2,,13900,20,11,12,2017,신규,26.10~28.10,,,,,
마포구,11440,성산동,202608,오피스텔_전월세,마포클레세,성산동,592-8,20.47,,10000,66,14,1,2022,갱신,26.09~27.09,10000.0,62.0,,,
마포구,11440,성산동,202608,오피스텔_전월세,동우 자인채 스토리 상암,성산동,593-3,16.35,,1000,75,13,8,2018,신규,26.08~27.08,,,,,
마포구,11440,서교동,202608,오피스텔_전월세,엘리트오피스텔,서교동,458-16,29.75,,1000,66,8,12,2003,신규,26.08~27.08,,,,,
마포구,11440,성산동,202608,오피스텔_전월세,KCC상암스튜디오380,성산동,590-4,23.09,,13000,27,14,8,2014,신규,26.09~28.09,,,,,
마포구,11440,성산동,202608,오피스텔_전월세,동우 자인채 스토리 상암,성산동,593-3,24.25,,19800,9,11,12,2018,갱신,26.09~28.09,20947.0,,,,
마포구,11440,공덕동,202608,오피스텔_전월세,공덕푸르지오시티,공덕동,475,32.07,,24300,0,4,11,2013,신규,26.10~28.09,,,,,
마포구,11440,도화동,202608,오피스텔_전월세,마포 한화 오벨리스크,도화동,555,58.22,,65000,0,19,11,2004,신규,26.10~28.10,,,,,
마포구,11440,공덕동,202608,오피스텔_전월세,아르떼 제나우스,공덕동,17-17,28.45,,30000,10,10,8,2022,신규,26.09~27.09,,,,,
마포구,11440,신공덕동,202608,오피스텔_전월세,블루마리오피스텔,신공덕동,3-3,18.02,,16000,0,8,10,2017,신규,26.08~28.08,,,,,
마포구,11440,상암동,202608,오피스텔_전월세,"상암DMC푸르지오시티, S-City",상암동,1596,18.81,,500,61,10,7,2017,신규,26.08~27.08,,,,,
마포구,11440,도화동,202608,오피스텔_전월세,나눔빌딩,도화동,571,23.04,,1000,83,11,8,2015,신규,26.09~27.09,,,,,
마포구,11440,상암동,202608,오피스텔_전월세,상암 한화 오벨리스크,상암동,1734,24.22,,1000,68,4,7,2013,갱신,26.09~27.09,1000.0,65.0,,,
마포구,11440,노고산동,202608,오피스텔_전월세,다손오피스텔,노고산동,56-52,19.27,,8800,0,4,8,2003,갱신,26.08~27.08,8800.0,,,,
마포구,11440,공덕동,202608,오피스텔_전월세,벨로하우스 공덕,공덕동,111-201,54.16,,38500,0,4,8,2019,신규,26.09~28.09,,,,,
마포구,11440,염리동,202608,오피스텔_전월세,삼부골든타워,염리동,164-4,32.5,,1000,88,8,10,2003,갱신,26.09~27.09,1000.0,84.0,,,
마포구,11440,아현동,202608,오피스텔_전월세,효성인텔리안,아현동,733,21.9,,1000,70,5,8,2005,신규,26.09~27.09,,,,,
마포구,11440,도화동,202608,오피스텔_전월세,마포트라팰리스,도화동,559,87.69,,68000,0,3,8,2006,갱신,26.08~28.08,65000.0,,사용,,
마포구,11440,상암동,202608,오피스텔_전월세,"상암DMC푸르지오시티, S-City",상암동,1596,19.76,,17400,0,3,10,2017,신규,26.10~28.10,,,,,
마포구,11440,성산동,202608,오피스텔_전월세,상암 수린나 오피스텔,성산동,593-2,17.55,,1000,80,6,6,2018,신규,26.09~27.09,,,,,
마포구,11440,성산동,202608,오피스텔_전월세,상암 우남퍼스트빌스타,성산동,592-5,16.79,,1000,78,13,10,2017,신규,26.08~27.08,,,,,
마포구,11440,도화동,202608,오피스텔_전월세,고려아카데미텔,도화동,36,20.25,,14500,0,11,10,1988,갱신,26.08~28.08,13950.0,2.0,,,
마포구,11440,도화동,202608,오피스텔_전월세,마포트라팰리스,도화동,559,87.69,,68000,0,9,7,2006,갱신,26.09~28.09,65000.0,,사용,,
마포구,11440,성산동,202608,오피스텔_전월세,현일오피스텔,성산동,210-26,20.19,,7000,0,2,10,2002,신규,26.08~28.08,,,,,
마포구,11440,공덕동,202608,오피스텔_전월세,공덕오피스타,공덕동,12-98,19.41,,13000,0,13,8,2013,신규,26.09~28.09,,,,,
마포구,11440,성산동,202608,오피스텔_전월세,벽산상암스마트큐브,성산동,593-1,19.2,,12000,30,13,8,2017,신규,26.09~28.09,,,,,
마포구,11440,상암동,202608,오피스텔_전월세,"상암DMC푸르지오시티, S-City",상암동,1596,20.06,,1000,80,4,10,2017,갱신,26.08~27.08,1000.0,79.0,사용,,
마포구,11440,상암동,202608,오피스텔_전월세,상암 한화 오벨리스크,상암동,1734,19.93,,500,66,6,7,2013,갱신,26.09~27.09,500.0,63.0,,,
마포구,11440,상암동,202608,오피스텔_전월세,상암 한화 오벨리스크,상암동,1734,19.93,,5000,45,5,8,2013,신규,26.08~27.08,,,,,
마포구,11440,성산동,202608,오피스텔_전월세,상암 두산위브센티움,성산동,590-1,23.24,,7000,50,13,8,2013,신규,26.08~28.08,,,,,
마포구,11440,상암동,202608,오피스텔_전월세,"상암DMC푸르지오시티, S-City",상암동,1596,18.33,,1000,85,18,10,2017,신규,26.08~27.08,,,,,
마포구,11440,성산동,202608,오피스텔_전월세,상암 우남퍼스트빌스타,성산동,592-5,16.86,,1000,76,8,9,2017,신규,26.08~27.08,,,,,
마포구,11440,성산동,202608,오피스텔_전월세,이안상암Ⅱ,성산동,592-6,75.69,,40000,0,13,1,2005,신규,26.09~28.09,,,,,
마포구,11440,합정동,202608,오피스텔_전월세,마포 한강 2차 푸르지오,합정동,473,25.7,,29000,0,32,10,2016,갱신,26.08~28.08,28500.0,,,,
마포구,11440,상암동,202608,오피스텔_전월세,사보이시티디엠씨,상암동,1597,21.65,,12500,0,11,8,2016,신규,26.09~28.09,,,,,
마포구,11440,공덕동,202608,오피스텔_전월세,마포현대하이엘,공덕동,463,31.38,,1000,95,10,1,2005,신규,26.09~28.09,,,,,
마포구,11440,노고산동,202608,오피스텔_전월세,신촌르·메이에르타운(Ⅱ),노고산동,31-90,28.04,,11500,15,8,8,1999,신규,26.09~28.09,,,,,
마포구,11440,합정동,202608,오피스텔_전월세,마포 한강 2차 푸르지오,합정동,473,25.49,,20000,55,12,10,2016,신규,26.09~28.09,,,,,
마포구,11440,아현동,202608,오피스텔_전월세,효성인텔리안,아현동,733,25.75,,1000,80,4,3,2005,신규,26.08~27.08,,,,,
마포구,11440,공덕동,202608,오피스텔_전월세,솔리스타,공덕동,30-10,18.79,,1000,85,5,1,2018,갱신,26.08~27.08,1000.0,79.0,,,
마포구,11440,성산동,202608,오피스텔_전월세,엔트라움마포,성산동,232-1,34.53,,36100,0,4,5,2023,갱신,26.09~28.09,35100.0,,사용,,
마포구,11440,상암동,202608,오피스텔_전월세,상암 한화 오벨리스크,상암동,1734,19.93,,500,68,5,3,2013,갱신,26.09~27.09,500.0,65.0,,,
마포구,11440,상암동,202608,오피스텔_전월세,"상암DMC푸르지오시티, S-City",상암동,1596,20.06,,1000,79,4,7,2017,갱신,26.08~27.08,1000.0,79.0,사용,,
마포구,11440,서교동,202608,오피스텔_전월세,노벨리아 서교,서교동,354-9,18,,20100,0,4,1,2018,갱신,26.08~26.10,20100.0,,,,
마포구,11440,상암동,202608,오피스텔_전월세,"상암DMC푸르지오시티, S-City",상암동,1596,20.32,,11000,34,17,6,2017,갱신,26.09~27.09,11000.0,31.0,,,
마포구,11440,대흥동,202608,오피스텔_전월세,원흥빌딩,대흥동,260,20,,1000,85,6,6,2020,신규,26.08~27.08,,,,,
마포구,11440,성산동,202608,오피스텔_전월세,상암 수린나 오피스텔,성산동,593-2,17.55,,1000,88,10,6,2018,신규,26.10~27.10,,,,,
마포구,11440,성산동,202608,오피스텔_전월세,상암미르웰한올림,성산동,593-5,16.36,,5000,57,9,1,2018,신규,26.08~27.08,,,,,
마포구,11440,합정동,202608,오피스텔_전월세,일신오피스텔,합정동,376-7,28.64,,15500,0,2,6,2002,신규,26.08~28.08,,,,,
마포구,11440,성산동,202608,오피스텔_전월세,상암 우남퍼스트빌스타,성산동,592-5,16.91,,2500,74,8,1,2017,갱신,26.08~27.08,2500.0,72.0,,,
마포구,11440,성산동,202608,오피스텔_전월세,상암 두산위브센티움,성산동,590-1,28.36,,4000,70,5,5,2013,신규,26.09~27.09,,,,,
마포구,11440,공덕동,202608,오피스텔_전월세,마포현대하이엘,공덕동,463,31.38,,22500,0,3,6,2005,신규,26.08~27.10,,,,,
마포구,11440,상암동,202608,오피스텔_전월세,상암 오벨리스크 2차,상암동,1748,20.7,,10000,25,6,5,2014,갱신,26.08~27.08,10000.0,25.0,,,
마포구,11440,공덕동,202608,오피스텔_전월세,벨로하우스 공덕,공덕동,111-201,39.58,,10000,70,5,6,2019,신규,26.10~28.09,,,,,
마포구,11440,성산동,202608,오피스텔_전월세,상암 우남퍼스트빌스타,성산동,592-5,16.79,,1000,82,19,1,2017,갱신,26.09~27.09,1000.0,73.0,,,
마포구,11440,아현동,202608,오피스텔_전월세,효성인텔리안,아현동,733,25.75,,2000,75,17,5,2005,신규,26.09~27.09,,,,,
마포구,11440,공덕동,202608,오피스텔_전월세,블레스하임 3차,공덕동,111-106,23.79,,29000,0,3,4,2022,갱신,26.08~28.08,28000.0,,사용,,
마포구,11440,상암동,202608,오피스텔_전월세,상암 한화 오벨리스크,상암동,1734,19.93,,2000,60,6,5,2013,신규,26.08~27.08,,,,,
마포구,11440,공덕동,202608,오피스텔_전월세,에스테반 오피스텔,공덕동,16-10,18.83,,1000,70,16,4,,신규,26.08~27.08,,,,,
마포구,11440,성산동,202608,오피스텔_전월세,상암월드시티,성산동,590-5,19.81,,1000,79,8,1,2014,갱신,26.08~27.08,1000.0,75.0,,,
마포구,11440,도화동,202608,오피스텔_전월세,마포 한화 오벨리스크,도화동,555,28.71,,1000,95,5,4,2004,갱신,26.08~27.08,1000.0,90.0,사용,,
마포구,11440,성산동,202608,오피스텔_전월세,KCC상암스튜디오380,성산동,590-4,23.09,,1000,80,10,4,2014,신규,26.08~27.08,,,,,
마포구,11440,성산동,202608,오피스텔_전월세,상암 우남퍼스트빌스타,성산동,592-5,16.91,,1000,80,18,4,2017,갱신,26.08~27.08,1000.0,76.0,,,
마포구,11440,성산동,202608,오피스텔_전월세,현일오피스텔,성산동,210-26,22.2,,8000,12,2,3,2002,갱신,26.08~28.08,8000.0,10.0,,,
마포구,11440,성산동,202608,오피스텔_전월세,KCC상암스튜디오380,성산동,590-4,20.35,,1000,80,11,3,2014,신규,26.08~27.08,,,,,
마포구,11440,상암동,202608,오피스텔_전월세,상암 한화 오벨리스크,상암동,1734,24.22,,5000,50,10,3,2013,갱신,26.09~27.09,5000.0,45.0,,,
마포구,11440,성산동,202608,오피스텔_전월세,마포클레세,성산동,592-8,20.57,,1000,105,10,3,2022,신규,26.08~27.08,,,,,
마포구,11440,성산동,202608,오피스텔_전월세,상암미르웰한올림,성산동,593-5,16.36,,1000,85,8,3,2018,신규,26.08~27.08,,,,,
마포구,11440,도화동,202608,오피스텔_전월세,마포 한화 오벨리스크,도화동,555,33.93,,250,250,32,1,2004,신규,26.08~26.09,,,,,
마포구,11440,상암동,202608,오피스텔_전월세,상암 오벨리스크 2차,상암동,1748,25.48,,12000,28,10,3,2014,갱신,26.08~28.08,12000.0,25.0,사용,,
마포구,11440,상암동,202608,오피스텔_전월세,"상암DMC푸르지오시티, S-City",상암동,1596,18.4,,1000,85,17,1,2017,신규,26.08~27.08,,,,,
마포구,11440,상암동,202608,오피스텔_전월세,상암 한화 오벨리스크,상암동,1734,19.93,,1000,65,10,2,2013,신규,26.09~27.09,,,,,
마포구,11440,아현동,202608,오피스텔_전월세,마포 에스케이 허브 블루,아현동,737,33.7,,1000,86,17,1,2006,갱신,26.08~28.08,1000.0,82.0,사용,,
마포구,11440,성산동,202608,연립다세대_전월세,채움빌,성산동,199-29,44.75,,25500,0,3,10,2017,,,,,,,
마포구,11440,현석동,202608,연립다세대_전월세,리버뷰,현석동,227,14.42,,5000,40,5,8,2016,신규,26.08~28.08,,,,,
마포구,11440,합정동,202608,연립다세대_전월세,(450-31),합정동,450-31,52.56,,15000,0,3,15,1986,신규,26.09~28.09,,,,,
마포구,11440,합정동,202608,연립다세대_전월세,대명풀하우스3,합정동,440-18,12.32,,10500,0,4,21,2013,갱신,26.11~28.11,10300.0,,,,
마포구,11440,망원동,202608,연립다세대_전월세,창진,망원동,398-10,126.52,,22000,35,3,19,2004,신규,26.10~28.10,,,,,
마포구,11440,서교동,202608,연립다세대_전월세,동궁나동,서교동,396-60,60.49,,30000,30,4,20,2002,신규,26.09~28.09,,,,,
마포구,11440,도화동,202608,연립다세대_전월세,에르테에코빌공덕,도화동,196-29,15,,23000,0,2,21,2026,신규,26.10~28.10,,,,,
마포구,11440,연남동,202608,연립다세대_전월세,연남에스하임,연남동,478-6,42.23,,4004,41,3,21,2021,신규,26.09~28.11,,,,,
마포구,11440,망원동,202608,연립다세대_전월세,진흥하임빌(338-46),망원동,338-46,15.9,,1000,48,2,3,2011,신규,26.08~27.08,,,,,
마포구,11440,공덕동,202608,연립다세대_전월세,(21-3),공덕동,21-3,14.25,,12000,7,2,4,2021,신규,26.09~28.09,,,,,
마포구,11440,도화동,202608,연립다세대_전월세,더클래스도화2,도화동,242-4,25.61,,25000,0,5,5,2026,신규,26.08~28.08,,,,,
마포구,11440,현석동,202608,연립다세대_전월세,대호빌라(22-0),현석동,22,35.7,,11550,2,1,4,1996,갱신,26.09~28.09,11550.0,,,,
마포구,11440,합정동,202608,연립다세대_전월세,한울빌리지,합정동,426-4,13.68,,1000,58,2,15,2011,갱신,26.08~28.08,1000.0,55.0,,,
마포구,11440,성산동,202608,연립다세대_전월세,한맥아이홈A동,성산동,51-24,74.13,,33000,0,4,20,2003,신규,26.09~28.09,,,,,
마포구,11440,동교동,202608,연립다세대_전월세,(186-34),동교동,186-34,50.48,,2500,135,2,20,1986,신규,26.08~28.08,,,,,
마포구,11440,서교동,202608,연립다세대_전월세,씨티빌라,서교동,482-30,51.21,,10000,40,2,21,1995,갱신,26.09~28.09,19500.0,,,,
마포구,11440,용강동,202608,연립다세대_전월세,Y.H빌리지,용강동,494-109,19.25,,21500,0,2,21,2026,신규,26.09~28.09,,,,,
마포구,11440,연남동,202608,연립다세대_전월세,(382-10),연남동,382-10,26.5,,1000,67,5,14,2012,신규,26.08~28.08,,,,,
마포구,11440,서교동,202608,연립다세대_전월세,서교빌라,서교동,380-31,41.64,,2000,170,1,3,1986,신규,26.08~28.08,,,,,
마포구,11440,연남동,202608,연립다세대_전월세,수향하우스,연남동,390-40,13.45,,500,72,4,20,2014,신규,26.08~27.08,,,,,
마포구,11440,성산동,202608,연립다세대_전월세,대원파크빌,성산동,633-7,34.67,,4869,23,4,21,2023,갱신,26.09~28.08,3159.0,33.0,,,
마포구,11440,연남동,202608,연립다세대_전월세,(509-1),연남동,509-1,19.91,,1000,65,5,14,2013,신규,26.08~27.08,,,,,
마포구,11440,연남동,202608,연립다세대_전월세,엘림타운,연남동,562-10,28.68,,2000,72,2,15,2003,신규,26.08~27.08,,,,,
마포구,11440,신수동,202608,연립다세대_전월세,(89-44),신수동,89-44,12.76,,1000,58,2,1,2011,신규,26.08~28.08,,,,,
마포구,11440,창전동,202608,연립다세대_전월세,홍실빌라,창전동,6-161,64.33,,500,50,5,11,2002,신규,26.08~28.08,,,,,
마포구,11440,마포동,202608,연립다세대_전월세,벽산빌라,마포동,419-1,230.01,,2000,290,2,21,1991,신규,26.08~28.08,,,,,
마포구,11440,연남동,202608,연립다세대_전월세,도화엘리시아,연남동,564-25,27.68,,20000,60,4,19,2020,신규,26.09~28.09,,,,,
마포구,11440,합정동,202608,연립다세대_전월세,미성드림빌,합정동,389-19,53.25,,32000,0,4,19,2003,신규,26.10~28.10,,,,,
마포구,11440,연남동,202608,연립다세대_전월세,수환하이츠빌라,연남동,561-20,51.85,,27300,18,1,20,2002,갱신,26.09~28.09,25500.0,20.0,,,
마포구,11440,신수동,202608,연립다세대_전월세,진하우스,신수동,278,27.48,,31000,0,3,20,2026,신규,26.08~28.08,,,,,
마포구,11440,망원동,202608,연립다세대_전월세,노블캐슬,망원동,380-33,57.9,,35000,0,4,20,2016,갱신,26.08~28.08,35000.0,,사용,,
마포구,11440,연남동,202608,연립다세대_전월세,누보뷰떼빌,연남동,256-3,62.2,,1000,60,5,14,2002,신규,26.08~28.08,,,,,
마포구,11440,마포동,202608,연립다세대_전월세,썬힐빌라,마포동,410-2,77.7,,32500,0,3,19,2001,갱신,26.09~28.09,30500.0,,,,
마포구,11440,서교동,202608,연립다세대_전월세,스위트빌,서교동,475-29,15.98,,1500,50,3,1,2012,신규,26.08~28.08,,,,,
마포구,11440,망원동,202608,연립다세대_전월세,명진렉스빌,망원동,338-17,29.9,,19000,10,5,20,2010,갱신,26.10~28.10,20000.0,,,,
마포구,11440,연남동,202608,연립다세대_전월세,연남에스하임,연남동,478-6,43.6,,3977,41,4,19,2021,신규,26.09~28.11,,,,,
마포구,11440,성산동,202608,연립다세대_전월세,대원파크빌,성산동,633-7,26.95,,100,30,5,19,2023,갱신,26.09~28.08,100.0,30.0,,,
마포구,11440,성산동,202608,연립다세대_전월세,헤리티지,성산동,50-15,37.51,,30400,0,4,20,2017,갱신,26.09~28.09,29000.0,,사용,,
마포구,11440,합정동,202608,연립다세대_전월세,동남아트빌,합정동,365-3,77.66,,43000,0,4,19,1997,갱신,26.09~28.09,41000.0,10.0,사용,,
마포구,11440,합정동,202608,연립다세대_전월세,한강에듀포레B동,합정동,453-15,27.8,,7000,137,3,5,2021,갱신,26.09~28.09,7000.0,130.0,,,
마포구,11440,노고산동,202608,연립다세대_전월세,(12-39),노고산동,12-39,49.56,,500,50,3,13,1995,신규,26.08~27.08,,,,,
마포구,11440,합정동,202608,연립다세대_전월세,진흥빌(433-33),합정동,433-33,27.98,,20234,0,3,12,2010,갱신,26.10~28.10,19270.0,,사용,,
마포구,11440,성산동,202608,연립다세대_전월세,성산에스하임2,성산동,200-182,48.29,,6267,65,2,20,2021,신규,26.09~28.11,,,,,
마포구,11440,망원동,202608,연립다세대_전월세,목향,망원동,461-2,84.51,,34650,0,2,13,1993,갱신,26.08~28.08,33000.0,,사용,,
마포구,11440,서교동,202608,연립다세대_전월세,파크빌(455-5),서교동,455-5,19.65,,13500,0,3,14,2010,신규,26.09~28.09,,,,,
마포구,11440,중동,202608,연립다세대_전월세,(120-0),중동,120,72.12,,500,40,-1,11,1991,신규,26.08~28.08,,,,,
마포구,11440,연남동,202608,연립다세대_전월세,(229-40),연남동,229-40,15.45,,1000,50,3,20,2014,신규,26.08~28.08,,,,,
마포구,11440,서교동,202608,연립다세대_전월세,그로리아,서교동,441-8,23.8,,2000,85,5,20,2012,갱신,26.09~28.09,2000.0,81.0,,,
마포구,11440,망원동,202608,연립다세대_전월세,목련센터빌,망원동,439-7,56.19,,6000,120,2,20,2016,갱신,26.08~28.02,10000.0,100.0,사용,,
마포구,11440,서교동,202608,연립다세대_전월세,미주빌라,서교동,476-3,49.2,,26624,0,2,20,1991,갱신,26.09~28.09,25357.0,,사용,,
마포구,11440,아현동,202608,연립다세대_전월세,(710-3),아현동,710-3,55.17,,16500,0,1,4,1986,신규,26.08~28.08,,,,,
마포구,11440,성산동,202608,연립다세대_전월세,혜성파크빌,성산동,274-30,66.63,,22000,45,2,20,2002,신규,26.08~28.08,,,,,
마포구,11440,연남동,202608,연립다세대_전월세,에바다,연남동,566-39,33.46,,2000,50,4,20,2012,신규,26.08~28.08,,,,,
마포구,11440,성산동,202608,연립다세대_전월세,서경팰리스(102동),성산동,24-10,29.45,,28500,0,3,19,2019,신규,26.11~28.11,,,,,
마포구,11440,성산동,202608,연립다세대_전월세,성산에스하임2,성산동,200-182,48.29,,3760,39,3,20,2021,신규,26.09~28.11,,,,,
마포구,11440,중동,202608,연립다세대_전월세,중동금강아트,중동,132,28.7,,26500,0,3,19,2020,신규,26.09~28.09,,,,,
마포구,11440,망원동,202608,연립다세대_전월세,이에스빌,망원동,396-45,34.71,,21000,0,5,17,2008,신규,26.10~28.10,,,,,
마포구,11440,합정동,202608,연립다세대_전월세,대명시티파크B동,합정동,370-30,34.25,,21800,0,2,20,2008,갱신,26.08~28.08,21800.0,,,,
마포구,11440,망원동,202608,연립다세대_전월세,동광팰리스,망원동,399-12,29.76,,22800,0,2,18,2012,갱신,26.08~28.08,22000.0,,,,
마포구,11440,신수동,202608,연립다세대_전월세,노블하우스,신수동,85-30,14.69,,2000,65,3,4,2013,신규,26.08~28.08,,,,,
마포구,11440,신수동,202608,연립다세대_전월세,카이벨로체신수1차,신수동,242,21.03,,20000,0,4,19,2026,신규,26.08~28.08,,,,,
마포구,11440,아현동,202608,연립다세대_전월세,재경빌라,아현동,703-3,51.62,,1000,50,-1,6,1992,신규,26.08~28.08,,,,,
마포구,11440,성산동,202608,연립다세대_전월세,현대하이츠빌라,성산동,635-8,47.92,,17200,30,4,18,1995,신규,26.11~28.11,,,,,
마포구,11440,합정동,202608,연립다세대_전월세,무지개빌라(448-13),합정동,448-13,28.14,,18000,0,2,18,1993,신규,26.09~28.09,,,,,
마포구,11440,신수동,202608,연립다세대_전월세,라루체-1,신수동,62-56,29.75,,22500,0,4,12,2016,갱신,26.08~28.08,21700.0,,,,
마포구,11440,합정동,202608,연립다세대_전월세,청송빌라,합정동,458-2,33.99,,19000,0,1,5,1986,신규,26.09~28.09,,,,,
마포구,11440,합정동,202608,연립다세대_전월세,영진르네상스빌,합정동,438-19,27.72,,2000,70,4,19,2011,신규,26.09~28.09,,,,,
마포구,11440,연남동,202608,연립다세대_전월세,(487-145),연남동,487-145,53.2,,31000,0,2,19,2008,갱신,26.08~28.08,22000.0,,,,
마포구,11440,성산동,202608,연립다세대_전월세,성산휴먼타운,성산동,214-31,25.19,,24000,0,5,19,2017,신규,26.10~28.10,,,,,
마포구,11440,창전동,202608,연립다세대_전월세,한솔빌라트,창전동,2-22,53.67,,2000,65,3,4,2002,신규,26.08~28.08,,,,,
마포구,11440,성산동,202608,연립다세대_전월세,궁전빌,성산동,638-1,28.3,,2000,90,5,14,2010,신규,26.08~27.08,,,,,
마포구,11440,신수동,202608,연립다세대_전월세,정환하우스,신수동,184-5,26.88,,12000,26,2,19,2017,신규,26.09~28.09,,,,,
마포구,11440,노고산동,202608,연립다세대_전월세,신촌피엘에이,노고산동,54-17,17.66,,1000,150,6,13,2022,신규,26.08~27.08,,,,,
마포구,11440,서교동,202608,연립다세대_전월세,블르밍빌,서교동,385-3,27.27,,1000,69,3,3,1995,신규,26.08~28.08,,,,,
마포구,11440,연남동,202608,연립다세대_전월세,(228-6),연남동,228-6,17.7,,300,68,3,10,2010,신규,26.08~27.08,,,,,
마포구,11440,망원동,202608,연립다세대_전월세,대도주택,망원동,410-50,37.12,,18900,0,1,19,1991,갱신,26.08~28.08,18000.0,,사용,,
마포구,11440,성산동,202608,연립다세대_전월세,화이트빌,성산동,200,29.27,,23575,0,3,19,2015,갱신,26.09~28.09,23075.0,,,,
마포구,11440,합정동,202608,연립다세대_전월세,고려빌라트,합정동,391-2,126.61,,55,55,2,14,1992,신규,26.08~26.12,,,,,
마포구,11440,연남동,202608,연립다세대_전월세,골든하우스,연남동,229-26,23.36,,12900,6,2,1,2010,갱신,26.08~28.08,12900.0,3.0,사용,,
마포구,11440,합정동,202608,연립다세대_전월세,한올빌라C,합정동,375-22,33.46,,17000,0,2,19,1990,갱신,26.09~28.09,17000.0,,사용,,
마포구,11440,망원동,202608,연립다세대_전월세,(385-37),망원동,385-37,37.08,,26900,0,1,18,1991,신규,26.10~28.10,,,,,
마포구,11440,망원동,202608,연립다세대_전월세,웨스트빌,망원동,486-40,43.38,,26500,0,3,16,2008,갱신,26.08~28.08,26500.0,,사용,,
마포구,11440,합정동,202608,연립다세대_전월세,합정어반힐,합정동,451-11,24.38,,30000,0,3,14,2020,갱신,26.09~28.09,27000.0,,,,
마포구,11440,연남동,202608,연립다세대_전월세,백곰네,연남동,225-42,18.3,,2000,50,2,18,2012,신규,26.09~28.08,,,,,
마포구,11440,성산동,202608,연립다세대_전월세,청운빌라,성산동,157-9,38.89,,500,83,3,14,1992,갱신,26.10~28.10,1000.0,75.0,,,
마포구,11440,용강동,202608,연립다세대_전월세,LaHShouse,용강동,149-7,29.87,,29000,0,2,13,2022,신규,26.10~28.10,,,,,
마포구,11440,용강동,202608,연립다세대_전월세,Y.H빌리지,용강동,494-109,19.83,,20000,0,5,18,2026,신규,26.09~28.09,,,,,
마포구,11440,창전동,202608,연립다세대_전월세,이조그랜드빌리지,창전동,6-164,37.12,,1000,95,-1,11,1991,신규,26.09~28.09,,,,,
마포구,11440,성산동,202608,연립다세대_전월세,성산에스하임,성산동,200-115,52.78,,4914,30,3,18,2021,갱신,26.09~28.08,4914.0,30.0,,,
마포구,11440,도화동,202608,연립다세대_전월세,대원빌리지,도화동,347-99,39.36,,2000,130,4,1,2001,신규,26.08~27.08,,,,,
마포구,11440,도화동,202608,연립다세대_전월세,우일위드빌,도화동,185-29,21.29,,2000,60,2,18,2013,신규,26.09~27.09,,,,,
마포구,11440,서교동,202608,연립다세대_전월세,진흥푸르지오(451-14),서교동,451-14,84.3,,1000,100,4,10,2008,신규,26.08~28.08,,,,,
마포구,11440,신수동,202608,연립다세대_전월세,(89-123),신수동,89-123,29.8,,27000,0,3,1,2023,신규,26.08~28.08,,,,,
마포구,11440,노고산동,202608,연립다세대_전월세,예담빌서강3차,노고산동,12-58,15.93,,13000,0,1,13,2020,신규,26.09~28.09,,,,,
마포구,11440,합정동,202608,연립다세대_전월세,일성아트빌,합정동,398-10,32.14,,36000,0,3,15,2022,신규,26.10~28.10,,,,,
마포구,11440,상암동,202608,연립다세대_전월세,예솔하우스,상암동,34-86,16.66,,500,47,3,17,2012,신규,26.08~28.08,,,,,
마포구,11440,상암동,202608,연립다세대_전월세,DREAMCASTLE,상암동,2-194,19.22,,16800,3,3,14,2018,신규,26.10~28.10,,,,,
마포구,11440,성산동,202608,연립다세대_전월세,동산주택,성산동,54-8,39.84,,15700,0,2,14,1995,신규,26.09~28.09,,,,,
마포구,11440,성산동,202608,연립다세대_전월세,궁전빌,성산동,638-1,28.3,,2000,90,5,14,2010,신규,26.08~27.08,,,,,
마포구,11440,신수동,202608,연립다세대_전월세,노블하우스,신수동,85-30,13.32,,2000,65,3,14,2013,신규,26.08~27.08,,,,,
마포구,11440,성산동,202608,연립다세대_전월세,보아스빌라,성산동,250-34,57.31,,9000,52,2,12,2002,갱신,26.09~28.09,9000.0,48.0,,,
마포구,11440,노고산동,202608,연립다세대_전월세,신촌G&PNINE,노고산동,1-21,26.69,,27500,20,12,17,2020,신규,26.09~28.09,,,,,
마포구,11440,노고산동,202608,연립다세대_전월세,(19-18),노고산동,19-18,22.96,,1000,85,5,3,2021,신규,26.08~27.08,,,,,
마포구,11440,망원동,202608,연립다세대_전월세,엘림그린빌라,망원동,398-23,62.64,,25400,0,4,14,1994,갱신,26.09~28.09,25400.0,,사용,,
마포구,11440,연남동,202608,연립다세대_전월세,(382-10),연남동,382-10,17.02,,900,53,2,15,2012,신규,26.08~28.08,,,,,
마포구,11440,창전동,202608,연립다세대_전월세,(6-107),창전동,6-107,42.59,,1000,109,2,12,2002,신규,26.08~28.08,,,,,
마포구,11440,대흥동,202608,연립다세대_전월세,아트리버빌,대흥동,22-37,27.84,,24700,0,5,14,2017,갱신,26.09~28.09,24000.0,,사용,,
마포구,11440,성산동,202608,연립다세대_전월세,힐하우스(200-413),성산동,200-413,34.45,,25000,0,2,18,2019,갱신,26.09~28.09,25000.0,,,,
마포구,11440,상암동,202608,연립다세대_전월세,해피하우스,상암동,28-9,15.73,,1000,55,3,12,2013,신규,26.09~28.09,,,,,
마포구,11440,노고산동,202608,연립다세대_전월세,예담빌서강8차,노고산동,1-62,20.06,,17800,0,3,17,2021,신규,26.09~28.09,,,,,
마포구,11440,성산동,202608,연립다세대_전월세,궁전빌,성산동,638-1,28.3,,2000,90,5,14,2010,신규,26.08~27.08,,,,,
마포구,11440,중동,202608,연립다세대_전월세,동하아트빌,중동,225,45.05,,2500,100,3,11,2014,신규,26.09~28.09,,,,,
마포구,11440,합정동,202608,연립다세대_전월세,한강에듀포레B동,합정동,453-15,27.8,,7000,137,3,5,2021,갱신,26.09~28.09,7000.0,130.0,,,
마포구,11440,성산동,202608,연립다세대_전월세,예그리나5차,성산동,52-5,28.07,,683,73,5,5,2022,신규,26.08~28.08,,,,,
마포구,11440,상암동,202608,연립다세대_전월세,진성빌,상암동,2-50,21,,1000,63,4,10,2013,신규,26.09~27.09,,,,,
마포구,11440,망원동,202608,연립다세대_전월세,한남파크빌(나),망원동,407-7,43.2,,21000,0,4,13,2002,신규,26.10~28.10,,,,,
마포구,11440,성산동,202608,연립다세대_전월세,혜원빌리지,성산동,606-6,44.85,,12000,0,-1,14,1993,신규,26.09~28.09,,,,,
마포구,11440,합정동,202608,연립다세대_전월세,삼호빌라,합정동,361-9,33.11,,20000,0,1,14,1988,갱신,26.08~27.05,20000.0,,,,
마포구,11440,성산동,202608,연립다세대_전월세,써밋성산,성산동,137-12,22.48,,26000,0,2,14,2026,신규,26.10~28.10,,,,,
마포구,11440,노고산동,202608,연립다세대_전월세,신촌더힐하우스(33-47),노고산동,33-47,28.51,,35000,0,4,8,2022,갱신,26.08~28.08,34000.0,,,,
마포구,11440,당인동,202608,연립다세대_전월세,(12-14),당인동,12-14,36.79,,18200,0,3,11,1990,신규,26.09~28.09,,,,,
마포구,11440,망원동,202608,연립다세대_전월세,성우리치빌,망원동,465-27,29.88,,34000,0,4,14,2023,신규,26.10~28.10,,,,,
마포구,11440,연남동,202608,연립다세대_전월세,효림빌리지,연남동,223-39,70.72,,32000,0,5,14,2004,신규,26.10~28.10,,,,,
마포구,11440,망원동,202608,연립다세대_전월세,대명이튼캐슬,망원동,519,24.33,,26000,16,3,14,2017,갱신,26.09~28.09,26000.0,11.0,사용,,
마포구,11440,성산동,202608,연립다세대_전월세,시티하임ⅡA동,성산동,250-3,18.75,,22500,19,4,1,2019,신규,26.09~28.09,,,,,
마포구,11440,망원동,202608,연립다세대_전월세,망원빌라(436-35),망원동,436-35,56.09,,5000,130,3,14,2003,신규,26.09~28.09,,,,,
마포구,11440,망원동,202608,연립다세대_전월세,청구빌라,망원동,417-30,54.15,,17200,0,-1,8,1996,갱신,26.08~28.08,14500.0,,,,
마포구,11440,아현동,202608,연립다세대_전월세,(698-1),아현동,698-1,57.3,,18000,0,2,13,1985,신규,26.09~28.09,,,,,
마포구,11440,아현동,202608,연립다세대_전월세,"현대빌라(A,B동)(구389-10)",아현동,749-3,39.48,,500,65,-1,1,1994,신규,26.08~27.08,,,,,
마포구,11440,성산동,202608,연립다세대_전월세,성원하이츠1동,성산동,165-106,37.14,,12000,0,2,8,1988,신규,26.09~28.09,,,,,
마포구,11440,망원동,202608,연립다세대_전월세,(399-50),망원동,399-50,22.83,,17000,0,2,13,2011,신규,26.09~28.09,,,,,
마포구,11440,망원동,202608,연립다세대_전월세,낙원빌라(A동),망원동,384-68,66.335,,100,55,3,13,1994,신규,26.08~26.10,,,,,
마포구,11440,합정동,202608,연립다세대_전월세,강변타운(74-25),합정동,74-25,35.31,,23900,0,2,13,1989,갱신,26.09~28.09,23900.0,,,,
마포구,11440,망원동,202608,연립다세대_전월세,꽃밭선호빌,망원동,520,23.01,,23000,0,3,7,2018,신규,26.10~28.10,,,,,
마포구,11440,아현동,202608,연립다세대_전월세,(353-4),아현동,353-4,25.08,,30000,20,7,13,2020,갱신,26.10~28.10,30000.0,15.0,,,
마포구,11440,대흥동,202608,연립다세대_전월세,다온에이,대흥동,20-9,22.76,,27500,0,4,8,2022,신규,26.10~28.10,,,,,
마포구,11440,상수동,202608,연립다세대_전월세,(86-43),상수동,86-43,38.56,,2000,100,3,13,1991,신규,26.09~28.09,,,,,
마포구,11440,성산동,202608,연립다세대_전월세,글로리홈즈,성산동,278-46,25.41,,25000,0,2,12,2020,신규,26.10~28.09,,,,,
마포구,11440,아현동,202608,연립다세대_전월세,(707-0),아현동,707,38.07,,7000,0,3,12,2007,신규,26.08~28.08,,,,,
마포구,11440,서교동,202608,연립다세대_전월세,(404-7),서교동,404-7,18.46,,1000,52,2,1,2013,신규,26.08~28.07,,,,,
마포구,11440,서교동,202608,연립다세대_전월세,NextVille,서교동,342-22,30.78,,1000,75,1,12,2002,신규,26.08~28.08,,,,,
마포구,11440,염리동,202608,연립다세대_전월세,앰버하우스17차,염리동,9-11,29.86,,27000,0,3,13,2021,갱신,26.08~28.08,27000.0,,사용,,
마포구,11440,도화동,202608,연립다세대_전월세,라트라베도화,도화동,184-14,25.61,,29000,0,2,5,2026,신규,26.08~28.08,,,,,
마포구,11440,연남동,202608,연립다세대_전월세,연남동엠티빌,연남동,246-24,90.24,,51000,0,4,12,2003,갱신,26.10~28.10,49000.0,,사용,,
마포구,11440,동교동,202608,연립다세대_전월세,엘림빌라,동교동,187-18,48.91,,20000,30,2,3,1993,신규,26.10~28.09,,,,,
마포구,11440,망원동,202608,연립다세대_전월세,세안세르빌,망원동,57-193,66.62,,31000,55,2,3,2010,신규,26.10~28.10,,,,,
마포구,11440,동교동,202608,연립다세대_전월세,(147-40),동교동,147-40,45.89,,20000,70,3,5,2001,신규,26.08~28.08,,,,,
마포구,11440,합정동,202608,연립다세대_전월세,합정어반힐,합정동,451-11,18.77,,21000,0,5,11,2020,갱신,26.09~28.09,20000.0,,사용,,
마포구,11440,아현동,202608,연립다세대_전월세,스카이빌리지,아현동,748-7,29.63,,24000,0,5,5,2020,신규,26.09~28.09,,,,,
마포구,11440,공덕동,202608,연립다세대_전월세,(21-3),공덕동,21-3,22.23,,25700,0,3,12,2021,갱신,26.09~28.09,24500.0,,,,
마포구,11440,연남동,202608,연립다세대_전월세,위드빌,연남동,252-5,18.95,,1000,55,3,13,2011,신규,26.08~28.08,,,,,
마포구,11440,연남동,202608,연립다세대_전월세,파크사이드연남,연남동,481-5,17.72,,18000,0,5,10,2026,신규,26.09~28.09,,,,,
마포구,11440,연남동,202608,연립다세대_전월세,누보뷰떼빌,연남동,256-3,62.2,,1500,62,5,12,2002,신규,26.08~28.08,,,,,
마포구,11440,창전동,202608,연립다세대_전월세,트윈스빌라에이동,창전동,6-79,29.84,,12000,11,3,3,2001,신규,26.09~28.08,,,,,
마포구,11440,당인동,202608,연립다세대_전월세,대도주택,당인동,24-13,38.07,,12000,40,2,3,1991,신규,26.09~28.08,,,,,
마포구,11440,망원동,202608,연립다세대_전월세,호호빌딩,망원동,376-13,29.98,,5000,63,2,5,2015,신규,26.10~28.10,,,,,
마포구,11440,서교동,202608,연립다세대_전월세,NextVille,서교동,342-22,30.78,,1000,75,1,12,2002,신규,26.08~28.08,,,,,
마포구,11440,망원동,202608,연립다세대_전월세,미래하이츠,망원동,465-23,27.18,,2664,27,3,11,2023,갱신,26.09~28.08,2664.0,27.0,,,
마포구,11440,서교동,202608,연립다세대_전월세,동궁빌라,서교동,449-21,28.39,,24000,5,3,12,2012,갱신,26.08~28.08,23000.0,5.0,,,
마포구,11440,망원동,202608,연립다세대_전월세,(453-31),망원동,453-31,55.56,,1000,30,2,12,1976,갱신,26.08~28.08,1000.0,30.0,,,
마포구,11440,망원동,202608,연립다세대_전월세,동남빌라,망원동,424-21,41.14,,20000,10,2,11,1991,신규,26.09~28.09,,,,,
마포구,11440,합정동,202608,연립다세대_전월세,강변타운(74-25),합정동,74-25,35.31,,23900,0,2,7,1989,갱신,26.09~28.09,23900.0,,,,
마포구,11440,노고산동,202608,연립다세대_전월세,신촌더힐하우스(33-47),노고산동,33-47,41.64,,48000,0,6,12,2022,신규,26.10~27.03,,,,,
마포구,11440,상암동,202608,연립다세대_전월세,토호빌,상암동,2-199,15.3,,11000,0,2,5,2012,신규,26.09~28.09,,,,,
마포구,11440,성산동,202608,연립다세대_전월세,청구하이츠빌라,성산동,250-38,59.43,,30000,0,3,8,1994,신규,26.10~28.10,,,,,
마포구,11440,신수동,202608,연립다세대_전월세,(89-123),신수동,89-123,28.4,,23000,0,2,8,2023,신규,26.09~28.09,,,,,
마포구,11440,연남동,202608,연립다세대_전월세,MIOVill,연남동,509-18,29.83,,5000,70,3,11,2016,신규,26.08~30.08,,,,,
마포구,11440,합정동,202608,연립다세대_전월세,강변르네상스나동,합정동,446-1,29.94,,22000,0,4,8,2010,신규,26.11~28.11,,,,,
마포구,11440,망원동,202608,연립다세대_전월세,무궁화센터빌,망원동,479-19,30,,35000,0,6,11,2022,신규,26.10~28.10,,,,,
마포구,11440,성산동,202608,연립다세대_전월세,성산빌라,성산동,226-14,40.11,,16000,18,2,11,2002,신규,26.09~28.09,,,,,
마포구,11440,합정동,202608,연립다세대_전월세,이에스한강포레B,합정동,453-13,29.85,,34000,0,2,11,2024,갱신,26.09~28.09,34000.0,,,,
마포구,11440,망원동,202608,연립다세대_전월세,이레쉐르빌(57-97),망원동,57-97,45.82,,23500,0,3,11,2008,신규,26.09~28.09,,,,,
마포구,11440,망원동,202608,연립다세대_전월세,정도빌라,망원동,425-31,38.87,,200,30,-1,10,1991,신규,26.08~28.08,,,,,
마포구,11440,노고산동,202608,연립다세대_전월세,신촌더힐하우스(33-47),노고산동,33-47,27.22,,25000,40,5,10,2022,갱신,26.09~28.09,34100.0,,,,
마포구,11440,합정동,202608,연립다세대_전월세,원스빌,합정동,434-15,17.05,,13000,0,2,7,2011,신규,26.09~28.08,,,,,
마포구,11440,서교동,202608,연립다세대_전월세,서교그린빌라,서교동,484-34,57.44,,28000,0,2,5,1996,갱신,26.09~27.03,31000.0,,,,
마포구,11440,합정동,202608,연립다세대_전월세,진성리버빌,합정동,453-3,14.82,,500,41,2,4,2010,신규,26.08~27.08,,,,,
마포구,11440,서교동,202608,연립다세대_전월세,트인빌(438-5),서교동,438-5,29.95,,2500,51,3,4,2003,갱신,26.10~28.10,2500.0,48.0,사용,,
마포구,11440,연남동,202608,연립다세대_전월세,자슬린하우스,연남동,562-44,29,,30700,0,3,11,2020,신규,26.09~28.09,,,,,
마포구,11440,중동,202608,연립다세대_전월세,동원데쟈뷰,중동,123,30.35,,30550,0,5,7,2022,갱신,26.08~28.08,29100.0,,,,
마포구,11440,합정동,202608,연립다세대_전월세,VALUEDEVELOPMENT,합정동,378-14,25.56,,22500,25,2,11,2016,갱신,26.09~28.09,21500.0,25.0,사용,,
마포구,11440,용강동,202608,연립다세대_전월세,펠리체,용강동,494-113,20.5,,5000,70,2,6,2022,신규,26.09~28.09,,,,,
마포구,11440,연남동,202608,연립다세대_전월세,파크사이드연남,연남동,481-5,18.6,,17000,0,2,1,2026,신규,26.08~28.08,,,,,
마포구,11440,동교동,202608,연립다세대_전월세,(147-40),동교동,147-40,45.89,,20000,70,3,5,2001,신규,26.09~28.09,,,,,
마포구,11440,합정동,202608,연립다세대_전월세,더하우스(440-16),합정동,440-16,40.84,,27000,0,2,1,2008,갱신,26.09~28.09,25000.0,,,,
마포구,11440,공덕동,202608,연립다세대_전월세,신흥연립가동,공덕동,242-58,65.49,,30450,0,2,10,1977,갱신,26.09~28.09,29000.0,,사용,,
마포구,11440,서교동,202608,연립다세대_전월세,오즈빌딩,서교동,342-12,37.17,,2000,110,5,9,1996,신규,26.08~28.08,,,,,
마포구,11440,합정동,202608,연립다세대_전월세,신화그린빌라2,합정동,358-1,54.43,,6000,100,1,6,1993,신규,26.10~28.10,,,,,
마포구,11440,서교동,202608,연립다세대_전월세,사이언스밸리,서교동,380-8,45.99,,27000,5,4,10,2012,갱신,26.08~28.08,27000.0,,,,
마포구,11440,서교동,202608,연립다세대_전월세,사이언스밸리,서교동,380-8,29.97,,27000,5,2,11,2012,갱신,26.08~28.08,27000.0,,,,
마포구,11440,서교동,202608,연립다세대_전월세,(381-38),서교동,381-38,29.23,,15000,47,3,10,2019,신규,26.09~28.09,,,,,
마포구,11440,합정동,202608,연립다세대_전월세,신화그린빌라1,합정동,358-26,48.05,,28000,0,2,10,1993,신규,26.09~28.09,,,,,
마포구,11440,성산동,202608,연립다세대_전월세,성재센트리움,성산동,128-9,35.88,,31000,18,3,11,2018,신규,26.10~28.10,,,,,
마포구,11440,신수동,202608,연립다세대_전월세,(250-9),신수동,250-9,50.22,,20000,30,2,5,2015,신규,26.09~28.09,,,,,
마포구,11440,합정동,202608,연립다세대_전월세,한빌리지,합정동,376-22,32.8,,3500,80,-1,8,1997,신규,26.08~28.08,,,,,
마포구,11440,아현동,202608,연립다세대_전월세,(715-10),아현동,715-10,57.24,,13500,0,2,7,1988,갱신,26.08~28.08,13500.0,,사용,,
마포구,11440,동교동,202608,연립다세대_전월세,오비브하우스,동교동,200-19,46.8,,5500,70,4,10,2002,신규,26.08~28.08,,,,,
마포구,11440,연남동,202608,연립다세대_전월세,묘나공주,연남동,487-117,16.39,,17045,0,2,8,2020,신규,26.09~28.08,,,,,
마포구,11440,서교동,202608,연립다세대_전월세,WhiteVille,서교동,333-44,20.68,,2000,64,2,10,2002,신규,26.08~28.08,,,,,
마포구,11440,성산동,202608,연립다세대_전월세,골드리치,성산동,278-5,29.81,,29000,20,3,10,2018,신규,26.10~28.10,,,,,
마포구,11440,연남동,202608,연립다세대_전월세,묘나공주,연남동,487-117,16.32,,13440,0,5,2,2020,갱신,26.09~28.09,12800.0,,,,
마포구,11440,합정동,202608,연립다세대_전월세,두산빌라,합정동,376-24,30.52,,20000,0,2,8,1990,신규,26.08~28.08,,,,,
마포구,11440,망원동,202608,연립다세대_전월세,파크캐슬,망원동,486-14,33.22,,25800,5,5,8,2015,신규,26.08~28.08,,,,,
마포구,11440,용강동,202608,연립다세대_전월세,용강하이츠,용강동,493-9,28.01,,25200,5,6,10,2018,신규,26.10~28.10,,,,,
마포구,11440,용강동,202608,연립다세대_전월세,용강하이츠,용강동,493-9,24.68,,22000,0,5,8,2018,신규,26.10~28.10,,,,,
마포구,11440,도화동,202608,연립다세대_전월세,(240-9),도화동,240-9,36.53,,15000,0,1,10,1976,신규,26.10~28.10,,,,,
마포구,11440,아현동,202608,연립다세대_전월세,(714-9),아현동,714-9,27.21,,2000,50,-1,6,1982,신규,26.08~28.08,,,,,
마포구,11440,성산동,202608,연립다세대_전월세,더트리니티,성산동,37-13,25.08,,100,46,6,10,2023,신규,26.08~28.12,,,,,
마포구,11440,망원동,202608,연립다세대_전월세,정암빌라,망원동,397-26,31.67,,17000,0,2,2,1991,갱신,26.08~28.08,16200.0,,사용,,
마포구,11440,합정동,202608,연립다세대_전월세,영성주택,합정동,434-21,60,,18900,0,-1,6,1997,신규,26.09~28.09,,,,,
마포구,11440,연남동,202608,연립다세대_전월세,BETHELHOUSE,연남동,561-70,14.16,,1000,52,3,6,2011,신규,26.08~28.08,,,,,
마포구,11440,도화동,202608,연립다세대_전월세,마포리치빌,도화동,242,13.91,,13860,0,3,8,2018,갱신,26.09~28.09,13860.0,,사용,,
마포구,11440,망원동,202608,연립다세대_전월세,(379-9),망원동,379-9,95.28,,4000,195,2,10,2002,신규,26.10~28.09,,,,,
마포구,11440,아현동,202608,연립다세대_전월세,(693-6),아현동,693-6,60.32,,21000,0,2,8,2007,갱신,26.08~28.08,18000.0,,,,
마포구,11440,상수동,202608,연립다세대_전월세,(322-7),상수동,322-7,19.96,,16000,0,3,6,2008,신규,26.09~28.09,,,,,
마포구,11440,용강동,202608,연립다세대_전월세,Y.H빌리지,용강동,494-109,22.44,,24000,0,4,7,2026,신규,26.09~28.09,,,,,
마포구,11440,합정동,202608,연립다세대_전월세,태원빌라,합정동,453-1,60.02,,20000,12,4,7,2010,신규,26.10~28.10,,,,,
마포구,11440,성산동,202608,연립다세대_전월세,예주빌라,성산동,81-7,51.13,,17000,0,2,7,1991,신규,26.08~28.08,,,,,
마포구,11440,염리동,202608,연립다세대_전월세,남양빌리지,염리동,128-59,15.982,,11000,0,3,7,2015,신규,26.09~28.09,,,,,
마포구,11440,망원동,202608,연립다세대_전월세,아산빌라,망원동,57-176,48.78,,3000,110,2,1,1990,신규,26.09~28.09,,,,,
마포구,11440,망원동,202608,연립다세대_전월세,아테나,망원동,380-9,33.81,,1000,75,5,6,2012,신규,26.08~28.08,,,,,
마포구,11440,합정동,202608,연립다세대_전월세,삼호빌라,합정동,361-9,33.11,,20000,0,1,7,1988,갱신,26.08~27.07,20000.0,,,,
마포구,11440,연남동,202608,연립다세대_전월세,대명주택,연남동,487-158,74.18,,10000,125,2,7,2003,신규,26.09~28.09,,,,,
마포구,11440,합정동,202608,연립다세대_전월세,동삼주택(360-22),합정동,360-22,37.59,,15000,0,-1,5,1988,신규,26.09~28.09,,,,,
마포구,11440,창전동,202608,연립다세대_전월세,"동남타운가동,나동",창전동,12-14,50.62,,10000,70,2,6,1994,신규,26.10~28.10,,,,,
마포구,11440,성산동,202608,연립다세대_전월세,청구빌라,성산동,200-286,36.3,,500,50,2,5,1991,신규,26.08~28.08,,,,,
마포구,11440,합정동,202608,연립다세대_전월세,삼성주택(434-30),합정동,434-30,40.56,,22500,0,4,1,1996,신규,26.09~28.09,,,,,
마포구,11440,노고산동,202608,연립다세대_전월세,스테이하이,노고산동,19-17,17.09,,12600,0,4,6,2020,갱신,26.08~28.08,12000.0,,사용,,
마포구,11440,합정동,202608,연립다세대_전월세,젤라빌리지,합정동,436-19,49.68,,30000,0,3,6,1992,신규,26.09~28.09,,,,,
마포구,11440,연남동,202608,연립다세대_전월세,백곰네,연남동,225-42,14.61,,11600,0,4,6,2012,신규,26.09~28.09,,,,,
마포구,11440,공덕동,202608,연립다세대_전월세,헤이븐오피스텔,공덕동,17-67,16.557,,1000,66,17,6,2020,신규,26.09~27.09,,,,,
마포구,11440,합정동,202608,연립다세대_전월세,현대빌라,합정동,393-16,58.72,,27500,0,4,6,1995,갱신,26.10~28.10,23500.0,,,,
마포구,11440,망원동,202608,연립다세대_전월세,이루빌,망원동,338-31,28.38,,2000,90,2,3,2011,신규,26.08~28.08,,,,,
마포구,11440,신수동,202608,연립다세대_전월세,영진스위트빌,신수동,313-1,32.64,,24000,40,2,5,2019,신규,26.10~28.10,,,,,
마포구,11440,성산동,202608,연립다세대_전월세,양림팰리스,성산동,638-5,36.42,,12000,50,5,5,2008,신규,26.10~28.10,,,,,
마포구,11440,성산동,202608,연립다세대_전월세,이강빌딩,성산동,39-3,27.39,,17640,3,2,5,2014,신규,26.08~28.08,,,,,
마포구,11440,망원동,202608,연립다세대_전월세,동남빌라,망원동,424-21,41.14,,20000,0,2,5,1991,신규,26.08~26.10,,,,,
마포구,11440,연남동,202608,연립다세대_전월세,헤렌하우스,연남동,509-23,14.61,,500,61,3,5,2010,신규,26.08~28.08,,,,,
마포구,11440,합정동,202608,연립다세대_전월세,더하우스5차,합정동,198-6,30.06,,19000,20,2,5,2007,신규,26.09~28.09,,,,,
마포구,11440,노고산동,202608,연립다세대_전월세,예담빌서강5차,노고산동,12-27,19.05,,16500,0,3,4,2020,신규,26.09~28.09,,,,,
마포구,11440,토정동,202608,연립다세대_전월세,더스테이,토정동,3-6,33.45,,27200,0,3,3,2017,갱신,26.08~28.08,26200.0,,,,
마포구,11440,성산동,202608,연립다세대_전월세,동삼빌라타운3동,성산동,275-48,35.79,,17600,30,2,4,1988,갱신,26.08~27.08,17500.0,30.0,,,
마포구,11440,합정동,202608,연립다세대_전월세,신화그린빌라1,합정동,358-26,48.05,,28000,0,2,5,1993,신규,26.10~28.10,,,,,
마포구,11440,성산동,202608,연립다세대_전월세,이지빌라,성산동,81-82,43.19,,17487,14,4,4,2002,갱신,26.08~28.08,18450.0,6.0,,,
마포구,11440,합정동,202608,연립다세대_전월세,행복다세대주택,합정동,81-26,42.69,,35000,0,3,4,2018,신규,26.09~28.09,,,,,
마포구,11440,성산동,202608,연립다세대_전월세,서연빌라,성산동,277-55,48.27,,18000,50,3,4,1993,신규,26.09~28.09,,,,,
마포구,11440,망원동,202608,연립다세대_전월세,남광빌라,망원동,385-20,64.35,,26000,0,3,4,1993,갱신,26.08~28.08,25000.0,,,,
마포구,11440,연남동,202608,연립다세대_전월세,성운타운,연남동,361-20,26.22,,26000,0,4,3,2016,신규,26.08~28.08,,,,,
마포구,11440,망원동,202608,연립다세대_전월세,미래하이츠,망원동,465-23,27.19,,2700,28,4,4,2023,갱신,26.09~28.08,2700.0,28.0,,,
마포구,11440,염리동,202608,연립다세대_전월세,패로스하우스,염리동,10-91,20.45,,21000,0,2,4,2020,신규,26.08~28.08,,,,,
마포구,11440,망원동,202608,연립다세대_전월세,삼성캐슬(A동),망원동,396-51,26.56,,26880,0,6,4,2018,갱신,26.08~27.11,27450.0,,,,
마포구,11440,상암동,202608,연립다세대_전월세,대교빌라,상암동,2-204,28.47,,12000,30,3,4,2011,신규,26.10~28.10,,,,,
마포구,11440,망원동,202608,연립다세대_전월세,센터빌,망원동,470-28,15.54,,11300,0,3,4,2013,갱신,26.08~28.08,10800.0,,사용,,
마포구,11440,망원동,202608,연립다세대_전월세,영진맨션,망원동,406-10,46.84,,22000,0,1,3,1994,갱신,26.08~28.08,20000.0,,,,
마포구,11440,서교동,202608,연립다세대_전월세,동궁빌라,서교동,449-21,28.39,,20000,30,2,4,2012,신규,26.09~28.09,,,,,
마포구,11440,연남동,202608,연립다세대_전월세,코모빌,연남동,562-8,39.28,,21000,0,3,4,2015,갱신,26.08~28.08,21000.0,,,,
마포구,11440,연남동,202608,연립다세대_전월세,이노빌,연남동,229-36,73.02,,20000,65,2,4,2002,신규,26.09~28.09,,,,,
마포구,11440,망원동,202608,연립다세대_전월세,청기와빌라(비),망원동,476-34,57.99,,22000,0,1,3,1986,갱신,26.08~28.08,21000.0,,,,
마포구,11440,합정동,202608,연립다세대_전월세,영화빌라,합정동,386-10,48.04,,30000,0,3,3,1991,갱신,26.08~28.08,30000.0,,,,
마포구,11440,서교동,202608,연립다세대_전월세,한일빌리지,서교동,329-12,60.65,,30400,0,1,2,1991,갱신,26.09~28.09,29000.0,,사용,,
마포구,11440,상수동,202608,연립다세대_전월세,세종빌리지2,상수동,336-10,38.27,,24150,0,3,3,2008,갱신,26.08~28.08,23000.0,,사용,,
마포구,11440,망원동,202608,연립다세대_전월세,대명이튼캐슬,망원동,519,27.51,,1000,48,3,3,2017,신규,26.08~28.08,,,,,
마포구,11440,망원동,202608,연립다세대_전월세,스위트빌,망원동,404-2,36.92,,8000,90,3,3,2003,신규,26.09~28.09,,,,,
마포구,11440,공덕동,202608,연립다세대_전월세,벨로하우스공덕,공덕동,111-201,24.35,,28100,0,13,1,2019,갱신,26.08~28.08,26800.0,,,,
마포구,11440,아현동,202608,연립다세대_전월세,(723-12),아현동,723-12,48.84,,17000,0,2,2,1983,신규,26.09~28.09,,,,,
마포구,11440,공덕동,202608,연립다세대_전월세,피카소,공덕동,112-6,29.12,,26000,0,3,3,2020,신규,26.10~28.10,,,,,
마포구,11440,염리동,202608,연립다세대_전월세,마포더힐베네리치,염리동,27-91,36.74,,20000,105,4,1,2022,신규,26.09~28.09,,,,,
마포구,11440,창전동,202608,연립다세대_전월세,미소빌라트,창전동,400-6,28.905,,7000,85,2,3,2012,신규,26.08~28.08,,,,,
마포구,11440,합정동,202608,연립다세대_전월세,은솜빌라,합정동,429-21,21,,6000,56,4,1,2001,갱신,26.08~28.08,6000.0,52.0,,,
마포구,11440,상수동,202608,연립다세대_전월세,(335-6),상수동,335-6,43.77,,18500,0,4,1,2008,신규,26.09~28.09,,,,,
마포구,11440,성산동,202608,연립다세대_전월세,대현하이빌,성산동,36-37,65.43,,3000,110,5,1,2004,신규,26.09~28.09,,,,,
마포구,11440,합정동,202608,연립다세대_전월세,진흥빌(433-33),합정동,433-33,29.79,,2000,85,3,3,2010,갱신,26.09~28.09,2000.0,69.0,,,
마포구,11440,대흥동,202608,연립다세대_전월세,다온에이,대흥동,20-9,13.95,,17500,0,3,1,2022,신규,26.09~28.09,,,,,
마포구,11440,성산동,202608,연립다세대_전월세,성재센트리움,성산동,128-9,38.89,,31000,0,3,1,2018,갱신,26.09~28.09,30000.0,,사용,,
마포구,11440,아현동,202608,연립다세대_전월세,(721-2),아현동,721-2,54.48,,11700,32,2,1,1986,신규,26.09~28.09,,,,,
마포구,11440,공덕동,202608,아파트_전월세,마포현대,공덕동,188-108,84.87,,56500,0,7,13,1988,,,,,,,
마포구,11440,성산동,202608,아파트_전월세,성산시영(대우),성산동,446,50.03,,31500,0,5,8,1986,,,,,,,
마포구,11440,상암동,202608,아파트_전월세,상암월드컵파크11단지,상암동,1741,84.89,,26406,0,10,10,2010,,,,,,,
마포구,11440,염리동,202608,아파트_전월세,마포프레스티지자이,염리동,532,59.7848,,92400,0,12,13,2021,갱신,26.09~28.09,88000.0,,사용,,
마포구,11440,신공덕동,202608,아파트_전월세,펜트라우스,신공덕동,172,115.04,,123000,0,18,12,2011,신규,26.10~28.10,,,,,
마포구,11440,신수동,202608,아파트_전월세,신촌숲아이파크,신수동,462,59.376,,72000,85,14,19,2019,갱신,26.10~28.10,72000.0,,,,
마포구,11440,서교동,202608,아파트_전월세,서교동효성해링턴타워,서교동,494,37.17,,9160,93,14,21,2020,갱신,26.11~28.04,9160.0,89.0,사용,,
마포구,11440,상암동,202608,아파트_전월세,상암월드컵파크5단지,상암동,1658,84.67,,10000,270,9,14,2005,신규,26.10~27.10,,,,,
마포구,11440,신수동,202608,아파트_전월세,신촌숲아이파크,신수동,462,59.376,,89000,0,23,20,2019,갱신,26.09~28.09,85000.0,,사용,,
마포구,11440,아현동,202608,아파트_전월세,마포센트럴 아이파크,아현동,802,84.9668,,100000,0,29,21,2017,신규,26.08~28.08,,,,,
마포구,11440,상암동,202608,아파트_전월세,상암월드컵파크11단지,상암동,1741,84.89,,40285,0,9,21,2010,갱신,26.09~28.08,38367.0,,,,
마포구,11440,창전동,202608,아파트_전월세,서강예가,창전동,444,59.983,,30000,98,4,18,2007,신규,26.10~28.10,,,,,
마포구,11440,도화동,202608,아파트_전월세,우성,도화동,82,128.315,,41000,155,8,21,1991,갱신,26.10~28.10,41000.0,95.0,,,
마포구,11440,신수동,202608,아파트_전월세,신촌숲아이파크,신수동,462,84.901,,10000,400,13,20,2019,신규,26.10~28.10,,,,,
마포구,11440,아현동,202608,아파트_전월세,애오개아이파크,아현동,780,30.01,,42000,0,8,21,2016,신규,26.10~28.10,,,,,
마포구,11440,신공덕동,202608,아파트_전월세,신공덕1차삼성래미안1아파트,신공덕동,155,114.75,,25000,340,7,8,2000,신규,26.08~28.08,,,,,
마포구,11440,아현동,202608,아파트_전월세,마포푸르지오더센트럴,아현동,275-2,42.16,,62000,0,11,10,2023,신규,26.08~28.08,,,,,
마포구,11440,신수동,202608,아파트_전월세,힐스테이트마포더퍼스트,신수동,91-90,84.07,,95000,0,10,21,2026,신규,26.09~28.09,,,,,
마포구,11440,공덕동,202608,아파트_전월세,마포현대,공덕동,188-108,84.87,,50000,70,6,20,1988,신규,26.10~28.10,,,,,
마포구,11440,상암동,202608,아파트_전월세,상암월드컵파크2단지,상암동,1637,59.92,,56700,0,17,19,2003,신규,26.10~28.10,,,,,
마포구,11440,서교동,202608,아파트_전월세,서교동효성해링턴타워,서교동,494,37.17,,13760,76,7,21,2020,갱신,26.11~28.04,13760.0,72.0,사용,,
마포구,11440,성산동,202608,아파트_전월세,성산시영(대우),성산동,446,50.03,,30000,0,1,21,1986,신규,26.11~28.11,,,,,
마포구,11440,서교동,202608,아파트_전월세,서교동효성해링턴타워,서교동,494,17.93,,6120,40,14,21,2020,갱신,26.11~28.04,6120.0,38.0,사용,,
마포구,11440,서교동,202608,아파트_전월세,서교동효성해링턴타워,서교동,494,37.17,,12240,81,4,21,2020,갱신,26.11~28.04,12240.0,77.0,사용,,
마포구,11440,아현동,202608,아파트_전월세,마포래미안푸르지오1단지,아현동,777,84.5978,,90000,51,2,13,2014,갱신,26.08~28.08,90000.0,30.0,,,
마포구,11440,상암동,202608,아파트_전월세,상암월드컵파크11단지,상암동,1741,59.69,,15627,0,6,21,2010,갱신,26.09~28.08,17859.0,,,,
마포구,11440,상암동,202608,아파트_전월세,상암월드컵파크2단지,상암동,1637,59.92,,55000,0,11,21,2003,신규,26.09~28.09,,,,,
마포구,11440,신수동,202608,아파트_전월세,밤섬경남아너스빌,신수동,459,84.83,,30000,170,8,4,2009,갱신,26.10~28.10,30000.0,160.0,사용,,
마포구,11440,성산동,202608,아파트_전월세,노블에비뉴,성산동,668,31.728,,12000,92,3,20,2015,신규,26.10~28.10,,,,,
마포구,11440,성산동,202608,아파트_전월세,성산시영(선경),성산동,446,50.54,,30000,0,2,19,1986,신규,26.09~28.09,,,,,
마포구,11440,도화동,202608,아파트_전월세,도화동현대,도화동,357,79.83,,40000,90,3,21,1996,갱신,26.10~28.10,40000.0,80.0,사용,,
마포구,11440,도화동,202608,아파트_전월세,삼성,도화동,550,84.985,,75000,0,17,21,1997,신규,26.10~28.10,,,,,
마포구,11440,아현동,202608,아파트_전월세,마포센트럴 아이파크,아현동,802,84.9668,,30000,205,16,1,2017,갱신,26.09~28.09,30000.0,190.0,사용,,
마포구,11440,창전동,202608,아파트_전월세,이랜드PEER신촌,창전동,450,17.296,,5337,28,12,21,2021,신규,26.09~28.09,,,,,
마포구,11440,대흥동,202608,아파트_전월세,대흥동태영아파트,대흥동,660,59.4,,10000,240,9,13,1999,신규,26.11~28.11,,,,,
마포구,11440,하중동,202608,아파트_전월세,한강밤섬자이,하중동,101,160.39,,90000,200,5,21,2010,갱신,26.09~28.09,90000.0,190.0,사용,,
마포구,11440,공덕동,202608,아파트_전월세,공덕2삼성래미안,공덕동,43,84.94,,84000,0,13,15,2004,신규,26.11~28.11,,,,,
마포구,11440,상암동,202608,아파트_전월세,상암월드컵파크9단지,상암동,1752,84.89,,73000,0,7,14,2010,신규,26.12~28.12,,,,,
마포구,11440,상암동,202608,아파트_전월세,상암월드컵파크7단지,상암동,1660,84.9,,5000,360,10,20,2005,갱신,26.10~27.03,5000.0,310.0,,,
마포구,11440,아현동,202608,아파트_전월세,마포래미안푸르지오3단지,아현동,777,59.9452,,73500,35,19,15,2014,신규,26.10~28.10,,,,,
마포구,11440,아현동,202608,아파트_전월세,더클래시,아현동,804,43.64,,70000,0,3,18,2022,신규,26.08~28.08,,,,,
마포구,11440,상암동,202608,아파트_전월세,상암월드컵파크12단지,상암동,1743,59.73,,20303,0,4,19,2010,갱신,26.09~28.08,18417.0,,,,
마포구,11440,성산동,202608,아파트_전월세,성산시영(유원),성산동,446,59.43,,40000,0,11,20,1986,신규,26.10~28.10,,,,,
마포구,11440,망원동,202608,아파트_전월세,뉴서울,망원동,412-19,43.38,,10000,60,5,14,2002,갱신,26.09~28.09,10000.0,50.0,,,
마포구,11440,아현동,202608,아파트_전월세,마포래미안푸르지오3단지,아현동,777,84.5978,,89000,0,23,19,2014,갱신,26.09~28.09,85000.0,,사용,,
마포구,11440,창전동,202608,아파트_전월세,이랜드PEER신촌,창전동,450,17.296,,5337,27,4,20,2021,신규,26.09~28.09,,,,,
마포구,11440,연남동,202608,아파트_전월세,코오롱,연남동,573,114.88,,5000,280,1,20,2003,신규,26.11~29.10,,,,,
마포구,11440,현석동,202608,아파트_전월세,래미안웰스트림,현석동,225,84.98,,1000,130,27,10,2016,신규,26.09~28.09,,,,,
마포구,11440,아현동,202608,아파트_전월세,애오개아이파크,아현동,780,30.01,,10000,123,4,12,2016,신규,26.08~28.08,,,,,
마포구,11440,망원동,202608,아파트_전월세,청화,망원동,422-12,82.26,,43000,0,2,18,2003,갱신,26.10~28.10,40000.0,,,,
마포구,11440,상암동,202608,아파트_전월세,DMCVILLE,상암동,1584,49.33,,0,215,3,1,2006,갱신,26.08~27.08,,210.0,,,
마포구,11440,상암동,202608,아파트_전월세,상암월드컵파크11단지,상암동,1741,59.73,,19765,0,6,19,2010,갱신,26.09~28.08,18824.0,,,,
마포구,11440,망원동,202608,아파트_전월세,마포한강아이파크,망원동,521,111.2884,,115000,0,12,13,2019,신규,26.10~28.10,,,,,
마포구,11440,상암동,202608,아파트_전월세,상암월드컵파크8단지,상암동,1674,49.94,,6676,15,2,19,2008,갱신,26.09~28.08,4124.0,30.0,,,
마포구,11440,염리동,202608,아파트_전월세,상록임대,염리동,515-1,26.81,,2170,4,5,20,1997,갱신,26.09~28.08,992.0,11.0,,,
마포구,11440,성산동,202608,아파트_전월세,성산시영(대우),성산동,446,50.03,,30000,0,13,17,1986,신규,26.10~28.10,,,,,
마포구,11440,아현동,202608,아파트_전월세,마포래미안푸르지오2단지,아현동,777,84.5978,,115000,0,18,19,2014,신규,26.10~28.10,,,,,
마포구,11440,망원동,202608,아파트_전월세,대상4,망원동,492,84.9,,45000,0,6,7,2000,신규,26.08~28.08,,,,,
마포구,11440,신수동,202608,아파트_전월세,신촌숲아이파크,신수동,462,59.376,,5000,360,25,11,2019,갱신,26.10~27.10,5000.0,330.0,,,
마포구,11440,서교동,202608,아파트_전월세,대우미래사랑,서교동,487,34.29,,3000,80,9,14,2005,갱신,26.09~28.09,3000.0,70.0,,,
마포구,11440,용강동,202608,아파트_전월세,이편한세상마포리버파크,용강동,508,59.98,,99750,0,16,20,2016,갱신,26.09~28.09,95000.0,,사용,,
마포구,11440,아현동,202608,아파트_전월세,마포래미안푸르지오2단지,아현동,777,84.5978,,95000,60,9,1,2014,신규,26.10~28.10,,,,,
마포구,11440,공덕동,202608,아파트_전월세,래미안공덕4차,공덕동,464,59.9,,72000,0,6,19,2005,신규,26.10~28.10,,,,,
마포구,11440,서교동,202608,아파트_전월세,서교동효성해링턴타워,서교동,494,37.17,,13760,75,9,4,2020,신규,26.08~28.04,,,,,
마포구,11440,아현동,202608,아파트_전월세,마포래미안푸르지오3단지,아현동,777,114.7267,,130000,0,8,16,2014,신규,26.11~28.11,,,,,
마포구,11440,창전동,202608,아파트_전월세,이랜드PEER신촌,창전동,450,17.296,,5337,28,4,20,2021,신규,26.09~28.09,,,,,
마포구,11440,아현동,202608,아파트_전월세,마포래미안푸르지오2단지,아현동,777,84.5978,,120000,0,12,19,2014,신규,26.10~28.10,,,,,
마포구,11440,상암동,202608,아파트_전월세,상암월드컵파크5단지,상암동,1658,84.75,,75600,0,16,15,2005,갱신,26.11~28.10,72000.0,,사용,,
마포구,11440,염리동,202608,아파트_전월세,상록임대,염리동,515-1,27.47,,2223,4,7,20,1997,갱신,26.09~28.08,1016.0,11.0,,,
마포구,11440,공덕동,202608,아파트_전월세,래미안공덕4차,공덕동,464,59.9,,78000,0,18,6,2005,신규,26.10~28.10,,,,,
마포구,11440,연남동,202608,아파트_전월세,코오롱,연남동,573,114.88,,10000,260,13,19,2003,신규,26.11~28.11,,,,,
마포구,11440,아현동,202608,아파트_전월세,마포래미안푸르지오3단지,아현동,777,59.9452,,5000,273,6,4,2014,갱신,26.11~28.11,5000.0,260.0,사용,,
마포구,11440,서교동,202608,아파트_전월세,서교동효성해링턴타워,서교동,494,17.93,,6120,41,17,19,2020,갱신,26.11~28.04,6120.0,39.0,사용,,
마포구,11440,공덕동,202608,아파트_전월세,공덕1삼성래미안,공덕동,371,114.88,,100000,0,3,15,1999,갱신,26.10~28.10,90000.0,,,,
마포구,11440,대흥동,202608,아파트_전월세,동양엔파트,대흥동,803,84.893,,63000,0,1,13,2007,갱신,26.08~28.08,60000.0,,사용,,
마포구,11440,상암동,202608,아파트_전월세,상암월드컵파크6단지,상암동,1689,84.53,,68250,0,7,13,2005,갱신,26.08~28.08,65000.0,,사용,,
마포구,11440,상암동,202608,아파트_전월세,DMCVILLE,상암동,1584,49.33,,0,215,2,3,2006,신규,26.08~27.08,,,,,
마포구,11440,신공덕동,202608,아파트_전월세,신공덕1차삼성래미안1아파트,신공덕동,155,59.76,,55000,0,10,17,2000,신규,26.09~28.09,,,,,
마포구,11440,신수동,202608,아파트_전월세,힐스테이트마포더퍼스트,신수동,91-90,84.07,,50000,240,12,8,2026,신규,26.10~28.09,,,,,
마포구,11440,창전동,202608,아파트_전월세,이랜드PEER신촌,창전동,450,17.296,,4003,32,5,19,2021,신규,26.09~28.09,,,,,
마포구,11440,신수동,202608,아파트_전월세,신수동성원,신수동,190,84.96,,62500,0,9,8,1998,신규,26.08~28.08,,,,,
마포구,11440,신수동,202608,아파트_전월세,신촌숲아이파크,신수동,462,84.665,,5000,103,5,19,2019,신규,26.08~28.08,,,,,
마포구,11440,하중동,202608,아파트_전월세,한강밤섬자이,하중동,101,168.63,,175000,0,11,15,2010,신규,26.11~28.11,,,,,
마포구,11440,현석동,202608,아파트_전월세,밤섬힐스테이트,현석동,220,59.4,,56700,0,8,7,1999,갱신,26.08~28.08,54000.0,,,,
마포구,11440,상암동,202608,아파트_전월세,상암월드컵파크11단지,상암동,1741,49.58,,4562,32,6,19,2010,갱신,26.09~28.08,4562.0,32.0,,,
마포구,11440,도화동,202608,아파트_전월세,도화현대,도화동,547,84.42,,68000,0,8,19,1998,갱신,26.10~28.10,65000.0,,,,
마포구,11440,아현동,202608,아파트_전월세,마포센트럴 아이파크,아현동,802,84.9668,,70000,100,19,18,2017,신규,26.09~28.09,,,,,
마포구,11440,염리동,202608,아파트_전월세,마포자이더센트리지(102동~112동),염리동,533,84.987,,100000,0,2,19,2022,신규,26.10~28.10,,,,,
마포구,11440,공덕동,202608,아파트_전월세,래미안공덕4차,공덕동,464,59.9,,71000,0,10,18,2005,갱신,26.09~28.09,68000.0,,사용,,
마포구,11440,상암동,202608,아파트_전월세,DMCVILLE,상암동,1584,49.24,,0,215,8,4,2006,신규,26.08~27.08,,,,,
마포구,11440,상암동,202608,아파트_전월세,DMCVILLE,상암동,1584,49.24,,0,215,8,2,2006,갱신,26.08~27.08,,210.0,,,
마포구,11440,상암동,202608,아파트_전월세,DMCVILLE,상암동,1584,84.15,,0,363,11,3,2006,신규,26.08~27.08,,,,,
마포구,11440,노고산동,202608,아파트_전월세,신촌포스빌,노고산동,1-3,32.34,,1000,110,8,13,2004,신규,26.08~27.08,,,,,
마포구,11440,도화동,202608,아파트_전월세,삼성,도화동,550,136.1,,115000,0,14,19,1997,신규,26.11~28.11,,,,,
마포구,11440,상암동,202608,아파트_전월세,DMCVILLE,상암동,1584,84.68,,0,306,10,1,2006,갱신,26.08~27.08,,299.0,,,
마포구,11440,신공덕동,202608,아파트_전월세,신공덕e편한세상,신공덕동,168,114.82,,95000,0,5,14,2007,신규,26.10~28.10,,,,,
마포구,11440,신수동,202608,아파트_전월세,마포경남아너스빌,신수동,456,84.95,,82000,0,10,3,2007,신규,26.10~28.10,,,,,
마포구,11440,도화동,202608,아파트_전월세,도화현대,도화동,547,59.4,,15000,160,2,14,1998,갱신,26.08~28.08,10000.0,140.0,,,
마포구,11440,상암동,202608,아파트_전월세,DMCVILLE,상암동,1584,49.41,,0,215,8,1,2006,신규,26.08~27.08,,,,,
마포구,11440,상암동,202608,아파트_전월세,DMCVILLE,상암동,1584,84.15,,0,306,8,1,2006,갱신,26.08~27.08,,299.0,,,
마포구,11440,도화동,202608,아파트_전월세,한화오벨리스크,도화동,555,38.08,,2000,140,13,6,2004,신규,26.08~27.08,,,,,
마포구,11440,대흥동,202608,아파트_전월세,마포자이2차,대흥동,804,84.44,,103950,0,25,14,2014,갱신,26.08~28.08,99000.0,,사용,,
마포구,11440,아현동,202608,아파트_전월세,더클래시,아현동,804,84.98,,30000,300,14,7,2022,갱신,27.01~29.01,30000.0,230.0,,,
마포구,11440,서교동,202608,아파트_전월세,서교동효성해링턴타워,서교동,494,17.93,,2825,9,11,19,2020,갱신,26.09~28.08,2825.0,9.0,,,
마포구,11440,상암동,202608,아파트_전월세,DMCVILLE,상암동,1584,49.24,,0,215,10,1,2006,갱신,26.08~27.08,,210.0,,,
마포구,11440,상암동,202608,아파트_전월세,DMCVILLE,상암동,1584,49.24,,0,215,7,1,2006,신규,26.08~27.08,,,,,
마포구,11440,도화동,202608,아파트_전월세,삼성,도화동,550,84.985,,79000,0,6,15,1997,신규,26.10~28.10,,,,,
마포구,11440,상암동,202608,아파트_전월세,DMCVILLE,상암동,1584,49.24,,0,215,6,1,2006,갱신,26.08~27.08,,210.0,,,
마포구,11440,공덕동,202608,아파트_전월세,공덕SK리더스뷰,공덕동,479,84.94,,120000,0,12,19,2021,갱신,26.09~28.09,115000.0,,사용,,
마포구,11440,상암동,202608,아파트_전월세,상암월드컵파크8단지,상암동,1674,49.94,,3024,32,12,18,2008,갱신,26.09~28.08,4124.0,30.0,,,
마포구,11440,대흥동,202608,아파트_전월세,마포그랑자이,대흥동,806,59.98,,93000,0,4,15,2020,신규,26.09~28.09,,,,,
마포구,11440,상암동,202608,아파트_전월세,DMCVILLE,상암동,1584,84.15,,0,294,11,1,2006,신규,26.08~27.08,,,,,
마포구,11440,상암동,202608,아파트_전월세,DMC상암센트럴파크1단지,상암동,1630,84.91,,20000,230,2,19,2009,신규,26.11~28.11,,,,,
마포구,11440,중동,202608,아파트_전월세,울트라월드컵(참누리),중동,398,84.9406,,48014,105,22,14,2006,갱신,26.08~28.08,48014.0,70.0,사용,,
마포구,11440,상암동,202608,아파트_전월세,상암월드컵파크8단지,상암동,1674,49.94,,9595,4,15,18,2008,갱신,26.09~28.08,4536.0,33.0,,,
마포구,11440,공덕동,202608,아파트_전월세,공덕2삼성래미안,공덕동,43,84.94,,57750,73,10,12,2004,갱신,26.08~28.08,55000.0,70.0,사용,,
마포구,11440,상암동,202608,아파트_전월세,상암월드컵파크10단지,상암동,1736,84.89,,42262,0,12,18,2010,갱신,26.09~28.08,40250.0,,,,
마포구,11440,상암동,202608,아파트_전월세,상암월드컵파크8단지,상암동,1674,49.62,,7159,13,13,18,2008,갱신,26.09~28.08,4124.0,30.0,,,
마포구,11440,서교동,202608,아파트_전월세,서교동효성해링턴타워,서교동,494,37.17,,8215,27,7,17,2020,갱신,26.09~28.08,8215.0,27.0,,,
마포구,11440,서교동,202608,아파트_전월세,서교동효성해링턴타워,서교동,494,37.17,,12240,81,14,14,2020,갱신,26.09~28.04,12240.0,77.0,사용,,
마포구,11440,신공덕동,202608,아파트_전월세,공덕아이파크,신공덕동,174,59.98,,75000,20,7,18,2013,신규,26.10~28.10,,,,,
마포구,11440,서교동,202608,아파트_전월세,서교동효성해링턴타워,서교동,494,17.93,,6120,40,18,18,2020,갱신,26.11~28.04,6120.0,38.0,사용,,
마포구,11440,신수동,202608,아파트_전월세,신촌숲아이파크,신수동,462,59.751,,95000,0,18,8,2019,신규,26.09~28.09,,,,,
마포구,11440,창전동,202608,아파트_전월세,서강예가,창전동,444,59.983,,70000,0,5,11,2007,신규,26.11~28.11,,,,,
마포구,11440,아현동,202608,아파트_전월세,마포푸르지오더센트럴,아현동,275-2,40.59,,55000,40,4,10,2023,신규,26.10~28.10,,,,,
마포구,11440,망원동,202608,아파트_전월세,마포월드컵제이스카이,망원동,523,59.95,,40000,100,5,14,2021,신규,26.10~28.10,,,,,
마포구,11440,창전동,202608,아파트_전월세,해모로,창전동,443,83.871,,83000,20,18,12,2007,갱신,26.10~28.10,83000.0,,,,
마포구,11440,신수동,202608,아파트_전월세,현대,신수동,445-5,84.47,,59000,0,2,14,1996,신규,26.08~28.08,,,,,
마포구,11440,공덕동,202608,아파트_전월세,공덕SK리더스뷰,공덕동,479,84.94,,117600,0,18,15,2021,갱신,26.10~28.10,112000.0,,사용,,
마포구,11440,노고산동,202608,아파트_전월세,에피소드신촌캠퍼스,노고산동,128,59.15,,500,145,12,6,2025,신규,26.08~27.02,,,,,
마포구,11440,대흥동,202608,아파트_전월세,마포그랑자이,대흥동,806,59.98,,75000,0,15,8,2020,갱신,26.09~28.09,71600.0,,사용,,
마포구,11440,상수동,202608,아파트_전월세,래미안밤섬리베뉴Ⅰ,상수동,402,84.99,,30000,280,15,18,2014,신규,26.11~28.11,,,,,
마포구,11440,망원동,202608,아파트_전월세,마포한강아이파크,망원동,521,84.2293,,98000,0,10,18,2019,신규,26.10~28.10,,,,,
마포구,11440,상암동,202608,아파트_전월세,상암월드컵파크11단지,상암동,1741,59.73,,17189,0,6,18,2010,갱신,26.09~28.08,17859.0,,,,
마포구,11440,신공덕동,202608,아파트_전월세,신공덕래미안3차,신공덕동,161,59.96,,14000,134,20,17,2003,신규,26.09~28.09,,,,,
마포구,11440,아현동,202608,아파트_전월세,더클래시,아현동,804,59.97,,90000,0,10,10,2022,신규,26.10~28.10,,,,,
마포구,11440,상암동,202608,아파트_전월세,상암월드컵파크10단지,상암동,1736,49.58,,2188,38,5,13,2010,갱신,26.09~28.08,4817.0,32.0,,,
마포구,11440,상암동,202608,아파트_전월세,상암월드컵파크11단지,상암동,1741,59.37,,15627,0,12,18,2010,갱신,26.09~28.08,14883.0,,,,
마포구,11440,신정동,202608,아파트_전월세,서강GS,신정동,30,84.97,,10000,280,18,15,1999,신규,27.01~29.01,,,,,
마포구,11440,상암동,202608,아파트_전월세,상암월드컵파크8단지,상암동,1674,39.95,,2770,24,9,18,2008,갱신,26.09~28.08,2770.0,24.0,,,
마포구,11440,염리동,202608,아파트_전월세,중앙하이츠,염리동,161-1,83.82,,70000,40,14,15,1998,신규,26.10~28.10,,,,,
마포구,11440,성산동,202608,아파트_전월세,성산시영(대우),성산동,446,50.03,,28000,0,4,17,1986,갱신,26.08~28.08,28000.0,,사용,,
마포구,11440,염리동,202608,아파트_전월세,마포프레스티지자이,염리동,532,59.8397,,10000,360,9,14,2021,신규,26.09~28.09,,,,,
마포구,11440,상암동,202608,아파트_전월세,상암월드컵파크11단지,상암동,1741,59.76,,15627,0,2,18,2010,갱신,26.09~28.08,14883.0,,,,
마포구,11440,공덕동,202608,아파트_전월세,공덕1삼성래미안,공덕동,371,59.74,,64000,10,14,14,1999,갱신,26.11~28.11,64000.0,,사용,,
마포구,11440,대흥동,202608,아파트_전월세,대흥동태영아파트,대흥동,660,59.4,,30000,160,3,17,1999,신규,26.10~28.10,,,,,
마포구,11440,아현동,202608,아파트_전월세,마포래미안푸르지오4단지,아현동,777,84.5978,,115000,0,12,1,2014,갱신,26.10~28.10,100000.0,,,,
마포구,11440,아현동,202608,아파트_전월세,마포래미안푸르지오4단지,아현동,777,84.3884,,100000,19,19,14,2014,갱신,26.09~28.09,100000.0,,사용,,
마포구,11440,신수동,202608,아파트_전월세,신수동성원,신수동,190,59.76,,35000,64,7,17,1998,갱신,26.09~28.09,35000.0,55.0,사용,,
마포구,11440,토정동,202608,아파트_전월세,한강삼성,토정동,138,59.76,,65000,0,10,8,1997,신규,26.10~28.10,,,,,
마포구,11440,대흥동,202608,아파트_전월세,마포자이2차,대흥동,804,84.44,,98000,0,10,17,2014,갱신,26.08~27.05,98000.0,,,,
마포구,11440,상암동,202608,아파트_전월세,상암월드컵파크3단지,상암동,1643,84.94,,70000,0,7,15,2003,신규,26.12~28.12,,,,,
마포구,11440,성산동,202608,아파트_전월세,노블에비뉴,성산동,668,31.728,,20000,50,4,16,2015,갱신,26.09~28.09,20000.0,44.0,,,
마포구,11440,신공덕동,202608,아파트_전월세,신공덕1차삼성래미안1아파트,신공덕동,155,114.75,,110000,0,12,12,2000,갱신,26.08~28.08,41000.0,,,,
마포구,11440,염리동,202608,아파트_전월세,마포자이더센트리지(102동~112동),염리동,533,59.99,,50000,140,9,14,2022,신규,26.11~28.11,,,,,
마포구,11440,공덕동,202608,아파트_전월세,공덕2삼성래미안,공덕동,43,84.94,,55000,73,12,8,2004,갱신,26.12~28.12,55000.0,60.0,사용,,
마포구,11440,상암동,202608,아파트_전월세,상암월드컵파크11단지,상암동,1741,59.37,,15627,0,4,18,2010,갱신,26.09~28.08,14883.0,,,,
마포구,11440,공덕동,202608,아파트_전월세,한화꿈에그린,공덕동,460,84.939,,60000,0,1,11,2004,갱신,26.09~28.09,58000.0,,사용,,
마포구,11440,성산동,202608,아파트_전월세,성산시영(선경),성산동,446,50.54,,3000,130,13,14,1986,신규,26.09~28.09,,,,,
마포구,11440,신공덕동,202608,아파트_전월세,신공덕래미안2차,신공덕동,159,59.48,,58700,0,12,10,2000,갱신,26.09~28.09,56000.0,,사용,,
마포구,11440,연남동,202608,아파트_전월세,코오롱,연남동,573,84.936,,40000,140,3,14,2003,신규,26.10~28.10,,,,,
마포구,11440,도화동,202608,아파트_전월세,한화오벨리스크,도화동,555,38.88,,250,250,15,12,2004,신규,26.08~27.03,,,,,
마포구,11440,상암동,202608,아파트_전월세,상암월드컵파크11단지,상암동,1741,59.73,,20753,0,9,14,2010,갱신,26.09~28.08,18824.0,,,,
마포구,11440,신공덕동,202608,아파트_전월세,공덕프로포즈Ⅱ,신공덕동,15-80,17.02,,1000,90,12,5,2015,신규,26.08~27.08,,,,,
마포구,11440,서교동,202608,아파트_전월세,서교동효성해링턴타워,서교동,494,37.17,,13760,76,4,14,2020,갱신,26.11~28.04,13760.0,72.0,사용,,
마포구,11440,대흥동,202608,아파트_전월세,마포그랑자이(임대),대흥동,806,39.99,,17740,47,6,14,2020,갱신,26.09~28.08,14926.0,54.0,,,
마포구,11440,아현동,202608,아파트_전월세,공덕자이,아현동,800,84.99,,104000,0,8,5,2015,신규,26.10~28.10,,,,,
마포구,11440,공덕동,202608,아파트_전월세,공덕1삼성래미안,공덕동,371,114.88,,80000,120,22,14,1999,신규,26.10~28.10,,,,,
마포구,11440,서교동,202608,아파트_전월세,서교동효성해링턴타워,서교동,494,17.93,,3685,5,8,14,2020,갱신,26.09~28.08,2825.0,9.0,,,
마포구,11440,상암동,202608,아파트_전월세,상암월드컵파크11단지,상암동,1741,59.69,,15627,0,10,14,2010,갱신,26.09~28.08,14883.0,,,,
마포구,11440,상암동,202608,아파트_전월세,DMC상암센트럴파크2단지,상암동,1618,36.69,,30000,26,2,11,2009,갱신,26.09~28.09,30000.0,20.0,사용,,
마포구,11440,창전동,202608,아파트_전월세,서강예가,창전동,444,84.988,,2000,320,3,7,2007,신규,26.08~26.10,,,,,
마포구,11440,서교동,202608,아파트_전월세,서교동효성해링턴타워,서교동,494,17.93,,5350,43,9,14,2020,신규,26.10~28.04,,,,,
마포구,11440,서교동,202608,아파트_전월세,서교동효성해링턴타워,서교동,494,37.17,,10875,13,16,14,2020,갱신,26.09~28.08,8215.0,27.0,,,
마포구,11440,신공덕동,202608,아파트_전월세,kcc웰츠,신공덕동,171,118.64,,80000,225,18,12,2011,갱신,26.09~28.09,80000.0,200.0,사용,,
마포구,11440,아현동,202608,아파트_전월세,마포래미안푸르지오4단지,아현동,777,84.8919,,110000,0,5,14,2014,신규,26.10~28.10,,,,,
마포구,11440,서교동,202608,아파트_전월세,서교동효성해링턴타워,서교동,494,37.17,,13760,74,17,14,2020,갱신,26.11~28.04,13760.0,70.0,사용,,
마포구,11440,노고산동,202608,아파트_전월세,빌리브디에이블,노고산동,129,38.39,,3000,273,16,13,2025,갱신,26.10~27.10,3000.0,260.0,,,
마포구,11440,염리동,202608,아파트_전월세,마포자이더센트리지(102동~112동),염리동,533,84.995,,110000,0,9,3,2022,신규,26.11~28.11,,,,,
마포구,11440,도화동,202608,아파트_전월세,현대홈타운,도화동,353,59.17,,56000,0,13,13,2000,신규,26.10~28.10,,,,,
마포구,11440,공덕동,202608,아파트_전월세,래미안공덕4차,공덕동,464,59.9,,68250,0,18,13,2005,갱신,26.09~28.09,65000.0,,사용,,
마포구,11440,창전동,202608,아파트_전월세,서강예가,창전동,444,59.983,,70000,0,5,11,2007,신규,26.11~28.11,,,,,
마포구,11440,도화동,202608,아파트_전월세,한화오벨리스크,도화동,555,36.96,,39900,0,13,13,2004,갱신,26.10~28.10,38000.0,,사용,,
마포구,11440,상암동,202608,아파트_전월세,상암월드컵파크11단지,상암동,1741,49.58,,6191,23,13,13,2010,갱신,26.09~28.08,6191.0,32.0,,,
마포구,11440,아현동,202608,아파트_전월세,공덕자이,아현동,800,59.99,,43000,60,16,12,2015,갱신,26.08~28.08,36000.0,60.0,,,
마포구,11440,상암동,202608,아파트_전월세,상암월드컵파크7단지,상암동,1660,84.74,,73500,0,13,13,2005,갱신,26.09~28.09,70000.0,,사용,,
마포구,11440,도화동,202608,아파트_전월세,삼성,도화동,550,84.985,,40000,195,6,13,1997,신규,26.10~28.10,,,,,
마포구,11440,현석동,202608,아파트_전월세,강변힐스테이트,현석동,222,59.54,,5000,260,19,13,2004,신규,26.09~28.09,,,,,
마포구,11440,성산동,202608,아파트_전월세,성산시영(대우),성산동,446,50.03,,30000,0,5,8,1986,갱신,26.08~28.08,30000.0,,사용,,
마포구,11440,토정동,202608,아파트_전월세,한강삼성,토정동,138,59.76,,65000,0,19,13,1997,신규,26.10~28.10,,,,,
마포구,11440,신수동,202608,아파트_전월세,대원칸타빌,신수동,453,117.183,,96000,0,14,13,2004,갱신,26.10~28.10,92000.0,,사용,,
마포구,11440,상암동,202608,아파트_전월세,상암월드컵파크9단지,상암동,1752,49.58,,4697,32,4,12,2010,갱신,26.09~28.08,4697.0,32.0,,,
마포구,11440,공덕동,202608,아파트_전월세,마포현대,공덕동,188-108,65.19,,30000,50,2,11,1988,신규,26.10~28.10,,,,,
마포구,11440,아현동,202608,아파트_전월세,마포래미안푸르지오1단지,아현동,777,59.9236,,79000,30,12,8,2014,갱신,26.10~27.10,79000.0,,,,
마포구,11440,염리동,202608,아파트_전월세,마포자이,염리동,521,113.803,,60000,150,15,12,2003,신규,26.08~27.07,,,,,
마포구,11440,성산동,202608,아파트_전월세,성산시영(대우),성산동,446,50.03,,10000,80,12,10,1986,갱신,26.08~27.08,10000.0,70.0,,,
마포구,11440,아현동,202608,아파트_전월세,더클래시,아현동,804,59.97,,90000,0,9,3,2022,신규,26.09~28.09,,,,,
마포구,11440,성산동,202608,아파트_전월세,성산시영(대우),성산동,446,50.03,,30000,0,1,9,1986,갱신,26.08~28.08,29000.0,,,,
마포구,11440,서교동,202608,아파트_전월세,대우미래사랑,서교동,487,34.29,,1000,100,2,1,2005,신규,26.08~28.08,,,,,
마포구,11440,성산동,202608,아파트_전월세,성산시영(선경),성산동,446,50.54,,10000,75,12,12,1986,갱신,26.08~28.08,10000.0,70.0,사용,,
마포구,11440,공덕동,202608,아파트_전월세,래미안공덕5차,공덕동,469,84.871,,75000,90,15,11,2011,갱신,26.10~28.10,70000.0,50.0,,,
마포구,11440,도화동,202608,아파트_전월세,한화오벨리스크,도화동,555,36.96,,2000,135,15,11,2004,갱신,26.09~27.08,1000.0,125.0,,,
마포구,11440,상암동,202608,아파트_전월세,상암월드컵파크11단지,상암동,1741,114.72,,32145,0,14,12,2010,갱신,26.09~28.08,32145.0,,,,
마포구,11440,신공덕동,202608,아파트_전월세,브라운스톤공덕아파트,신공덕동,170,59.89,,80000,0,18,8,2009,신규,26.09~28.09,,,,,
마포구,11440,창전동,202608,아파트_전월세,중앙하이츠103동,창전동,42-9,57.86,,3000,150,2,10,2007,신규,26.09~28.09,,,,,
마포구,11440,합정동,202608,아파트_전월세,KCC엠파이어리버,합정동,381-16,140.88,,10000,440,14,8,2006,갱신,26.10~28.10,10000.0,425.0,사용,,
마포구,11440,도화동,202608,아파트_전월세,한화오벨리스크,도화동,555,79.9,,73500,40,35,8,2004,갱신,26.09~28.09,70000.0,40.0,사용,,
마포구,11440,성산동,202608,아파트_전월세,성산힐아파트,성산동,81-106,81.81,,50000,0,2,8,2011,신규,26.10~28.10,,,,,
마포구,11440,공덕동,202608,아파트_전월세,공덕SK리더스뷰,공덕동,479,84.94,,117600,0,17,8,2021,갱신,26.10~28.10,112000.0,,사용,,
마포구,11440,성산동,202608,아파트_전월세,성산시영(선경),성산동,446,50.54,,31000,0,3,11,1986,신규,26.10~28.10,,,,,
마포구,11440,망원동,202608,아파트_전월세,함성월드빌,망원동,502,76.14,,49600,0,8,8,2003,갱신,26.09~28.08,47250.0,,사용,,
마포구,11440,신공덕동,202608,아파트_전월세,신공덕래미안3차,신공덕동,161,59.96,,30000,132,17,4,2003,갱신,26.08~28.08,30000.0,120.0,사용,,
마포구,11440,도화동,202608,아파트_전월세,삼성,도화동,550,84.985,,38000,170,7,11,1997,신규,26.09~28.09,,,,,
마포구,11440,도화동,202608,아파트_전월세,한화오벨리스크,도화동,555,38.08,,2000,150,5,10,2004,신규,26.08~27.08,,,,,
마포구,11440,성산동,202608,아파트_전월세,벨로스,성산동,254-7,26.79,,3000,110,7,6,2006,신규,26.08~28.08,,,,,
마포구,11440,상수동,202608,아파트_전월세,상수두산위브,상수동,396,84.79,,20000,200,13,11,2004,신규,26.08~28.08,,,,,
마포구,11440,상암동,202608,아파트_전월세,상암월드컵파크11단지,상암동,1741,59.85,,15627,0,2,11,2010,갱신,26.09~28.08,14883.0,,,,
마포구,11440,공덕동,202608,아파트_전월세,공덕SK리더스뷰,공덕동,479,84.94,,125000,0,25,7,2021,갱신,26.09~28.09,120000.0,,사용,,
마포구,11440,공덕동,202608,아파트_전월세,공덕SK리더스뷰,공덕동,479,84.94,,125000,0,20,8,2021,갱신,26.10~28.10,120000.0,,,,
마포구,11440,아현동,202608,아파트_전월세,마포래미안푸르지오4단지,아현동,777,114.7267,,70000,210,15,11,2014,갱신,26.10~28.10,70000.0,180.0,,,
마포구,11440,공덕동,202608,아파트_전월세,래미안공덕5차,공덕동,469,59.959,,78000,0,14,8,2011,신규,26.11~28.11,,,,,
마포구,11440,대흥동,202608,아파트_전월세,마포자이2차,대흥동,804,84.95,,40000,300,14,11,2014,신규,26.10~28.10,,,,,
마포구,11440,연남동,202608,아파트_전월세,대명,연남동,259-1,84.99,,30000,120,3,4,1995,갱신,26.08~28.08,30000.0,110.0,사용,,
마포구,11440,중동,202608,아파트_전월세,현대,중동,40-12,59.54,,43000,0,5,7,2000,갱신,26.08~27.01,43000.0,,,,
마포구,11440,상암동,202608,아파트_전월세,상암월드컵파크11단지,상암동,1741,59.37,,17189,0,3,11,2010,갱신,26.09~28.08,15627.0,,,,
마포구,11440,아현동,202608,아파트_전월세,공덕자이,아현동,800,59.99,,55000,35,2,10,2015,갱신,26.09~28.09,52000.0,,,,
마포구,11440,상암동,202608,아파트_전월세,상암월드컵파크9단지,상암동,1752,84.89,,5000,300,5,7,2010,신규,26.08~28.08,,,,,
마포구,11440,대흥동,202608,아파트_전월세,대흥동태영아파트,대흥동,660,59.4,,70000,0,7,10,1999,신규,26.09~28.09,,,,,
마포구,11440,상암동,202608,아파트_전월세,상암월드컵파크11단지,상암동,1741,49.58,,9953,2,12,11,2010,갱신,26.09~28.08,4562.0,32.0,,,
마포구,11440,상암동,202608,아파트_전월세,상암월드컵파크11단지,상암동,1741,49.71,,4562,32,2,11,2010,갱신,26.09~28.08,4562.0,32.0,,,
마포구,11440,신공덕동,202608,아파트_전월세,대우메트로디오빌,신공덕동,167,29.11,,1000,110,21,5,2005,신규,26.08~28.08,,,,,
마포구,11440,마포동,202608,아파트_전월세,보성,마포동,442,59.4,,48000,0,12,10,1996,신규,26.09~28.09,,,,,
마포구,11440,아현동,202608,아파트_전월세,더클래시,아현동,804,59.5,,60000,0,8,8,2022,신규,26.09~27.04,,,,,
마포구,11440,상암동,202608,아파트_전월세,상암월드컵파크2단지,상암동,1637,59.92,,5000,190,7,11,2003,갱신,26.08~28.08,5000.0,180.0,사용,,
마포구,11440,성산동,202608,아파트_전월세,성산시영(선경),성산동,446,50.54,,10000,86,7,10,1986,갱신,26.09~28.09,10000.0,80.0,사용,,
마포구,11440,상암동,202608,아파트_전월세,상암월드컵파크11단지,상암동,1741,59.37,,15627,0,8,10,2010,갱신,26.09~28.08,14883.0,,,,
마포구,11440,성산동,202608,아파트_전월세,성산시영(대우),성산동,446,50.03,,17000,60,3,7,1986,갱신,26.08~28.08,17000.0,50.0,,,
마포구,11440,연남동,202608,아파트_전월세,대명,연남동,259-1,112.6,,68000,0,9,10,1995,갱신,26.11~28.11,65000.0,,사용,,
마포구,11440,상암동,202608,아파트_전월세,상암월드컵파크11단지,상암동,1741,49.58,,9953,2,5,10,2010,갱신,26.09~28.08,4562.0,32.0,,,
마포구,11440,공덕동,202608,아파트_전월세,래미안공덕5차,공덕동,469,59.959,,72000,0,7,4,2011,신규,26.09~28.09,,,,,
마포구,11440,아현동,202608,아파트_전월세,더클래시,아현동,804,59.5,,60000,130,8,8,2022,신규,27.04~28.09,,,,,
마포구,11440,상암동,202608,아파트_전월세,상암월드컵파크11단지,상암동,1741,49.58,,7796,14,12,10,2010,갱신,26.09~28.08,4562.0,32.0,,,
마포구,11440,상암동,202608,아파트_전월세,상암월드컵파크11단지,상암동,1741,49.58,,7445,16,3,10,2010,갱신,26.09~28.08,4562.0,32.0,,,
마포구,11440,상암동,202608,아파트_전월세,상암월드컵파크11단지,상암동,1741,49.58,,9415,5,5,10,2010,갱신,26.09~28.08,4562.0,32.0,,,
마포구,11440,상암동,202608,아파트_전월세,상암월드컵파크11단지,상암동,1741,59.69,,15627,0,12,10,2010,갱신,26.09~28.08,14883.0,,,,
마포구,11440,상암동,202608,아파트_전월세,DMC상암센트럴파크1단지,상암동,1630,84.91,,69300,0,12,10,2009,갱신,26.08~28.08,66000.0,,사용,,
마포구,11440,아현동,202608,아파트_전월세,마포트라팰리스2차,아현동,738,99.56,,2000,250,17,10,2008,신규,26.10~27.05,,,,,
마포구,11440,성산동,202608,아파트_전월세,성산시영(선경),성산동,446,50.54,,37000,0,3,8,1986,신규,26.09~28.09,,,,,
마포구,11440,도화동,202608,아파트_전월세,도화동현대,도화동,357,54.72,,30000,100,10,8,1996,신규,26.09~28.09,,,,,
마포구,11440,공덕동,202608,아파트_전월세,래미안공덕4차,공덕동,464,83.42,,84000,0,6,8,2005,신규,26.10~28.10,,,,,
마포구,11440,공덕동,202608,아파트_전월세,공덕3삼성래미안,공덕동,457,84.98,,90000,0,9,8,2004,신규,26.09~28.09,,,,,
마포구,11440,공덕동,202608,아파트_전월세,공덕1삼성래미안,공덕동,371,59.74,,66000,0,16,8,1999,신규,26.10~28.10,,,,,
마포구,11440,상암동,202608,아파트_전월세,상암월드컵파크11단지,상암동,1741,49.58,,4562,32,4,8,2010,갱신,26.09~28.08,4562.0,32.0,,,
마포구,11440,상암동,202608,아파트_전월세,상암월드컵파크11단지,상암동,1741,49.58,,9953,2,14,10,2010,갱신,26.09~28.08,4562.0,32.0,,,
마포구,11440,용강동,202608,아파트_전월세,이편한세상마포리버파크,용강동,508,59.98,,88500,0,7,8,2016,갱신,26.11~28.11,85000.0,,사용,,
마포구,11440,상암동,202608,아파트_전월세,상암월드컵파크11단지,상암동,1741,49.58,,7796,14,4,9,2010,갱신,26.09~28.08,4562.0,32.0,,,
마포구,11440,상암동,202608,아파트_전월세,상암월드컵파크11단지,상암동,1741,49.71,,7088,17,2,10,2010,갱신,26.09~28.08,4562.0,32.0,,,
마포구,11440,공덕동,202608,아파트_전월세,공덕1삼성래미안,공덕동,371,84.94,,83000,0,6,8,1999,신규,26.10~28.10,,,,,
마포구,11440,공덕동,202608,아파트_전월세,래미안공덕5차,공덕동,469,59.959,,80000,0,8,8,2011,신규,26.09~28.09,,,,,
마포구,11440,아현동,202608,아파트_전월세,공덕자이,아현동,800,59.99,,78750,0,12,8,2015,갱신,26.08~28.08,75000.0,,,,
마포구,11440,상암동,202608,아파트_전월세,상암월드컵파크9단지,상암동,1752,84.94,,65000,0,5,8,2010,갱신,26.08~28.08,60000.0,,,,
마포구,11440,신공덕동,202608,아파트_전월세,브라운스톤공덕아파트,신공덕동,170,59.89,,85000,0,23,8,2009,신규,26.10~28.10,,,,,
마포구,11440,공덕동,202608,아파트_전월세,래미안공덕5차,공덕동,469,113.866,,110200,0,13,5,2011,갱신,26.09~28.09,105000.0,,사용,,
마포구,11440,상암동,202608,아파트_전월세,상암월드컵파크6단지,상암동,1689,104.32,,88000,0,10,8,2005,신규,26.10~28.10,,,,,
마포구,11440,공덕동,202608,아파트_전월세,공덕1삼성래미안,공덕동,371,84.94,,75000,0,6,8,1999,신규,26.10~28.10,,,,,
마포구,11440,용강동,202608,아파트_전월세,래미안마포리버웰,용강동,502,84.96,,90000,140,17,8,2015,신규,26.10~28.10,,,,,
마포구,11440,도화동,202608,아파트_전월세,우성,도화동,82,79.97,,58000,0,4,8,1991,갱신,26.10~28.10,50000.0,,,,
마포구,11440,상암동,202608,아파트_전월세,상암월드컵파크9단지,상암동,1752,39.33,,1239,29,7,9,2010,갱신,26.09~28.08,3099.0,25.0,,,
마포구,11440,공덕동,202608,아파트_전월세,공덕1삼성래미안,공덕동,371,59.74,,61950,0,3,1,1999,갱신,26.09~28.09,59000.0,,사용,,
마포구,11440,도화동,202608,아파트_전월세,우성,도화동,82,54.72,,46000,0,8,7,1991,갱신,26.10~28.10,41000.0,,,,
마포구,11440,신수동,202608,아파트_전월세,마포경남아너스빌,신수동,456,84.95,,73000,0,5,7,2007,갱신,26.12~28.12,70000.0,,사용,,
마포구,11440,상암동,202608,아파트_전월세,상암월드컵파크12단지,상암동,1743,49.58,,5230,33,13,7,2010,갱신,26.09~28.08,5230.0,33.0,,,
마포구,11440,상암동,202608,아파트_전월세,상암월드컵파크11단지,상암동,1741,49.58,,7957,13,11,7,2010,갱신,26.09~28.08,4562.0,32.0,,,
마포구,11440,성산동,202608,아파트_전월세,성산시영(선경),성산동,446,50.54,,10000,100,7,6,1986,신규,26.09~28.09,,,,,
마포구,11440,아현동,202608,아파트_전월세,더클래시,아현동,804,43.27,,67000,0,9,1,2022,신규,26.09~28.09,,,,,
마포구,11440,공덕동,202608,아파트_전월세,공덕3삼성래미안,공덕동,457,59.97,,65000,0,20,7,2004,신규,26.10~28.12,,,,,
마포구,11440,도화동,202608,아파트_전월세,현대홈타운,도화동,353,84.95,,72000,0,20,7,2000,신규,26.10~28.10,,,,,
마포구,11440,상암동,202608,아파트_전월세,상암월드컵파크11단지,상암동,1741,49.58,,4562,32,13,7,2010,갱신,26.09~28.08,4562.0,32.0,,,
마포구,11440,신공덕동,202608,아파트_전월세,대우메트로디오빌,신공덕동,167,35.14,,32816,0,22,7,2005,갱신,26.09~27.09,31256.0,,,,
마포구,11440,상암동,202608,아파트_전월세,상암월드컵파크11단지,상암동,1741,59.37,,15627,0,15,7,2010,갱신,26.09~28.08,14883.0,,,,
마포구,11440,아현동,202608,아파트_전월세,더클래시,아현동,804,43.64,,3000,156,1,2,2022,신규,26.08~27.02,,,,,
마포구,11440,아현동,202608,아파트_전월세,더클래시,아현동,804,43.64,,70000,0,10,6,2022,신규,26.12~28.12,,,,,
마포구,11440,현석동,202608,아파트_전월세,래미안웰스트림,현석동,225,84.98,,105000,0,20,5,2016,신규,26.09~28.09,,,,,
마포구,11440,대흥동,202608,아파트_전월세,마포그랑자이,대흥동,806,84.98,,120000,0,6,6,2020,신규,26.08~28.08,,,,,
마포구,11440,상암동,202608,아파트_전월세,상암월드컵파크11단지,상암동,1741,114.26,,56700,0,1,6,2010,갱신,26.09~28.08,54000.0,,,,
마포구,11440,염리동,202608,아파트_전월세,염리삼성래미안,염리동,520,59.85,,60000,60,15,6,2001,신규,26.10~28.10,,,,,
마포구,11440,창전동,202608,아파트_전월세,이랜드PEER신촌,창전동,450,29.5193,,6144,50,14,5,2021,갱신,26.09~28.09,6144.0,48.0,,,
마포구,11440,상암동,202608,아파트_전월세,상암월드컵파크11단지,상암동,1741,59.73,,15627,0,5,6,2010,갱신,26.09~28.08,14883.0,,,,
마포구,11440,신공덕동,202608,아파트_전월세,신공덕래미안2차,신공덕동,159,59.48,,20000,200,15,4,2000,신규,26.09~28.09,,,,,
마포구,11440,상수동,202608,아파트_전월세,래미안밤섬리베뉴Ⅰ,상수동,402,84.99,,99750,0,16,6,2014,갱신,26.08~28.08,95000.0,,사용,,
마포구,11440,창전동,202608,아파트_전월세,이랜드PEER신촌,창전동,450,17.296,,5337,27,6,6,2021,갱신,26.09~28.09,5337.0,25.0,,,
마포구,11440,성산동,202608,아파트_전월세,성산시영(대우),성산동,446,50.03,,28320,0,8,4,1986,갱신,26.09~28.09,26980.0,,,,
마포구,11440,성산동,202608,아파트_전월세,성산시영(대우),성산동,446,50.03,,33000,0,14,1,1986,신규,26.10~28.10,,,,,
마포구,11440,도화동,202608,아파트_전월세,삼성,도화동,550,72.185,,65000,0,1,4,1997,갱신,26.08~28.08,62000.0,,,,
마포구,11440,성산동,202608,아파트_전월세,성산시영(선경),성산동,446,50.54,,34000,0,12,5,1986,신규,26.11~28.11,,,,,
마포구,11440,상암동,202608,아파트_전월세,상암월드컵파크11단지,상암동,1741,59.73,,16408,0,10,6,2010,갱신,26.09~28.08,17859.0,,,,
마포구,11440,염리동,202608,아파트_전월세,마포자이,염리동,521,135.376,,65000,0,13,3,2003,갱신,26.10~27.01,95000.0,100.0,사용,,
마포구,11440,상암동,202608,아파트_전월세,상암월드컵파크11단지,상암동,1741,59.49,,17189,0,2,6,2010,갱신,26.09~28.08,15627.0,,,,
마포구,11440,상암동,202608,아파트_전월세,상암월드컵파크11단지,상암동,1741,49.58,,4562,32,4,6,2010,갱신,26.09~28.08,4562.0,32.0,,,
마포구,11440,상암동,202608,아파트_전월세,상암월드컵파크11단지,상암동,1741,59.69,,15627,0,10,6,2010,갱신,26.09~28.08,14883.0,,,,
마포구,11440,공덕동,202608,아파트_전월세,래미안공덕5차,공덕동,469,84.871,,89200,0,6,5,2011,갱신,26.09~28.09,85000.0,,사용,,
마포구,11440,공덕동,202608,아파트_전월세,래미안공덕5차,공덕동,469,59.959,,77000,0,4,5,2011,신규,26.11~28.11,,,,,
마포구,11440,상암동,202608,아파트_전월세,상암월드컵파크11단지,상암동,1741,49.58,,10221,0,13,6,2010,갱신,26.09~28.08,10221.0,,,,
마포구,11440,현석동,202608,아파트_전월세,래미안웰스트림,현석동,225,84.98,,105000,0,20,5,2016,신규,26.09~28.09,,,,,
마포구,11440,창전동,202608,아파트_전월세,이랜드PEER신촌,창전동,450,29.5491,,19096,9,9,5,2021,갱신,26.09~28.09,19096.0,6.0,,,
마포구,11440,신수동,202608,아파트_전월세,힐스테이트마포더퍼스트,신수동,91-90,84.03,,95000,0,4,5,2026,신규,26.10~28.10,,,,,
마포구,11440,신공덕동,202608,아파트_전월세,대우월드마크마포,신공덕동,173,136.18,,160000,0,11,4,2011,신규,26.10~28.10,,,,,
마포구,11440,상암동,202608,아파트_전월세,상암월드컵파크11단지,상암동,1741,59.73,,15627,0,4,5,2010,갱신,26.09~28.08,14883.0,,,,
마포구,11440,염리동,202608,아파트_전월세,마포프레스티지자이,염리동,532,84.8079,,60000,280,8,5,2021,신규,26.09~28.09,,,,,
마포구,11440,염리동,202608,아파트_전월세,마포프레스티지자이,염리동,532,59.7848,,50000,180,21,5,2021,신규,26.11~28.11,,,,,
마포구,11440,상암동,202608,아파트_전월세,상암월드컵파크11단지,상암동,1741,49.58,,9953,2,5,5,2010,갱신,26.09~28.08,4562.0,32.0,,,
마포구,11440,대흥동,202608,아파트_전월세,대흥동세양,대흥동,802,60,,48600,0,2,3,2000,갱신,26.09~28.09,46300.0,,,,
마포구,11440,상암동,202608,아파트_전월세,상암월드컵파크11단지,상암동,1741,49.58,,4562,32,3,5,2010,갱신,26.09~28.08,4562.0,32.0,,,
마포구,11440,중동,202608,아파트_전월세,마포중동현대,중동,392,84.9,,67000,0,10,4,2001,신규,26.11~28.11,,,,,
마포구,11440,상암동,202608,아파트_전월세,상암월드컵파크11단지,상암동,1741,59.37,,15627,0,6,5,2010,갱신,26.09~28.08,14883.0,,,,
마포구,11440,신공덕동,202608,아파트_전월세,대우메트로디오빌,신공덕동,167,23.63,,23000,13,19,1,2005,갱신,26.10~28.10,23000.0,5.0,,,
마포구,11440,신공덕동,202608,아파트_전월세,대우메트로디오빌,신공덕동,167,49.97,,56000,0,24,3,2005,신규,26.10~28.10,,,,,
마포구,11440,창전동,202608,아파트_전월세,이랜드PEER신촌,창전동,450,17.2959,,5337,28,2,5,2021,갱신,26.09~28.09,5337.0,26.0,,,
마포구,11440,상암동,202608,아파트_전월세,상암월드컵파크7단지,상암동,1660,84.9,,3000,330,14,3,2005,신규,26.08~28.08,,,,,
마포구,11440,창전동,202608,아파트_전월세,이랜드PEER신촌,창전동,450,17.296,,4003,31,13,4,2021,신규,26.08~28.08,,,,,
마포구,11440,용강동,202608,아파트_전월세,래미안마포리버웰,용강동,502,84.97,,130000,0,15,4,2015,신규,26.09~28.09,,,,,
마포구,11440,성산동,202608,아파트_전월세,성산시영(대우),성산동,446,50.03,,30000,0,1,3,1986,신규,26.10~28.10,,,,,
마포구,11440,염리동,202608,아파트_전월세,마포자이,염리동,521,84.692,,77000,95,9,4,2003,갱신,26.08~28.08,77000.0,,,,
마포구,11440,공덕동,202608,아파트_전월세,래미안공덕5차,공덕동,469,59.959,,35000,180,8,1,2011,신규,26.10~28.10,,,,,
마포구,11440,아현동,202608,아파트_전월세,공덕자이,아현동,800,114.99,,5000,520,9,3,2015,신규,26.09~27.09,,,,,
마포구,11440,신공덕동,202608,아파트_전월세,신공덕래미안2차,신공덕동,159,84.73,,60000,0,11,4,2000,갱신,26.08~28.08,58000.0,,,,
마포구,11440,창전동,202608,아파트_전월세,이랜드PEER신촌,창전동,450,17.296,,5337,28,15,4,2021,신규,26.09~28.09,,,,,
마포구,11440,노고산동,202608,아파트_전월세,신촌포스빌,노고산동,1-3,32.34,,15000,45,5,4,2004,신규,26.10~27.10,,,,,
마포구,11440,용강동,202608,아파트_전월세,마포용강삼성래미안,용강동,380,59.99,,15000,280,11,4,2003,신규,26.10~28.10,,,,,
마포구,11440,연남동,202608,아파트_전월세,코오롱,연남동,573,59.76,,56000,0,9,3,2003,갱신,26.11~28.11,34000.0,60.0,,,
마포구,11440,신공덕동,202608,아파트_전월세,신공덕래미안2차,신공덕동,159,84.73,,76000,0,13,3,2000,신규,26.10~28.09,,,,,
마포구,11440,창전동,202608,아파트_전월세,중앙하이츠103동,창전동,42-9,57.86,,27000,30,2,1,2007,갱신,26.08~28.08,27000.0,20.0,,,
마포구,11440,용강동,202608,아파트_전월세,이편한세상마포리버파크,용강동,508,84.98,,120000,0,19,1,2016,신규,26.11~28.11,,,,,
마포구,11440,노고산동,202608,아파트_전월세,신촌포스빌,노고산동,1-3,32.34,,1000,110,4,3,2004,신규,26.08~27.08,,,,,
마포구,11440,공덕동,202608,아파트_전월세,마포현대,공덕동,188-108,84.87,,64000,0,13,3,1988,갱신,26.10~28.10,60000.0,,,,
마포구,11440,신수동,202608,아파트_전월세,힐스테이트마포더퍼스트,신수동,91-90,84.07,,80000,125,14,1,2026,신규,26.10~28.10,,,,,
마포구,11440,용강동,202608,아파트_전월세,이편한세상마포리버파크,용강동,508,123.44,,100000,180,2,1,2016,갱신,26.10~28.10,100000.0,150.0,,,
마포구,11440,공덕동,202608,아파트_전월세,마포현대,공덕동,188-108,84.87,,58800,0,12,1,1988,갱신,26.08~29.02,56000.0,,,,
마포구,11440,용강동,202608,아파트_전월세,래미안마포리버웰,용강동,502,84.97,,110250,0,14,1,2015,갱신,26.10~28.10,105000.0,,사용,,
마포구,11440,성산동,202608,아파트_전월세,성산시영(대우),성산동,446,50.03,,25200,0,12,1,1986,신규,26.08~28.08,,,,,
마포구,11440,창전동,202608,아파트_전월세,이랜드PEER신촌,창전동,450,29.4038,,4243,22,15,3,2021,신규,26.08~28.08,,,,,
마포구,11440,대흥동,202608,아파트_전월세,대흥동태영아파트,대흥동,660,114.93,,105000,0,15,1,1999,갱신,26.09~28.09,100000.0,,사용,,
마포구,11440,신공덕동,202608,아파트_전월세,신공덕래미안3차,신공덕동,161,59.96,,72000,0,6,2,2003,신규,26.10~28.10,,,,,
마포구,11440,서교동,202608,아파트_전월세,서교동효성해링턴타워,서교동,494,37.17,,3976,11,18,3,2020,갱신,26.09~28.08,3696.0,12.0,,,
마포구,11440,서교동,202608,아파트_전월세,서교동효성해링턴타워,서교동,494,17.93,,5180,7,18,2,2020,갱신,26.09~28.08,3960.0,13.0,,,
마포구,11440,공덕동,202608,오피스텔_매매,풍림브이아이피텔,공덕동,404,41.75,23500,,,15,4,1990,,,,,,중개거래,
마포구,11440,성산동,202608,오피스텔_매매,상암 스위트포레,성산동,591-5,18.55,12000,,,14,19,2016,,,,,,직거래,
마포구,11440,도화동,202608,오피스텔_매매,고려아카데미텔,도화동,36,20.25,14800,,,15,8,1988,,,,,,중개거래,
마포구,11440,상수동,202608,오피스텔_매매,로하스타워,상수동,93-45,30.42,22000,,,11,13,2007,,,,,,중개거래,
마포구,11440,도화동,202608,오피스텔_매매,마포트라팰리스,도화동,559,98.86,113000,,,5,6,2006,,,,,,중개거래,
마포구,11440,상수동,202608,오피스텔_매매,오벨리스크,상수동,339-15,20.08,10900,,,6,12,2002,,,,,,중개거래,
마포구,11440,상수동,202608,오피스텔_매매,로하스타워,상수동,93-45,33.66,23500,,,5,5,2007,,,,,,중개거래,
마포구,11440,노고산동,202608,오피스텔_매매,신촌르·메이에르타운(Ⅱ),노고산동,31-90,28.32,15300,,,7,11,1999,,,,,,중개거래,
마포구,11440,도화동,202608,오피스텔_매매,고려아카데미텔,도화동,36,20.25,18200,,,10,10,1988,,,,,,중개거래,
마포구,11440,도화동,202608,오피스텔_매매,고려아카데미텔,도화동,36,20.25,18200,,,6,10,1988,,,,,,중개거래,
마포구,11440,도화동,202608,오피스텔_매매,고려아카데미텔,도화동,36,20.25,14200,,,15,6,1988,,,,,,중개거래,
마포구,11440,신공덕동,202608,오피스텔_매매,블루마리오피스텔,신공덕동,3-3,17.73,15500,,,7,6,2017,,,,,,중개거래,
마포구,11440,공덕동,202608,오피스텔_매매,마포현대하이엘,공덕동,463,31.375,19000,,,2,10,2005,,,,,,중개거래,
마포구,11440,대흥동,202608,오피스텔_매매,이대역 푸르지오 시티,대흥동,12-27,29.14,25900,,,13,1,2013,,,,,,중개거래,
마포구,11440,상암동,202608,오피스텔_매매,상암 한화 오벨리스크,상암동,1734,24.22,10500,,,6,7,2013,,,,,,중개거래,
마포구,11440,상수동,202608,오피스텔_매매,로하스타워,상수동,93-45,43.31,32000,,,6,5,2007,,,,,,중개거래,
마포구,11440,신공덕동,202608,오피스텔_매매,블루마리오피스텔,신공덕동,3-3,17.73,15500,,,7,6,2017,,,,,,중개거래,O
마포구,11440,신공덕동,202608,오피스텔_매매,공덕프로포즈Ⅱ,신공덕동,15-80,18.53,12500,,,3,6,2015,,,,,,중개거래,
마포구,11440,서교동,202608,오피스텔_매매,서교타워,서교동,353-1,34.65,20000,,,15,3,1999,,,,,,중개거래,
마포구,11440,공덕동,202608,오피스텔_매매,마포공덕파크팰리스Ⅱ,공덕동,462,33.01,30000,,,5,5,2005,,,,,,중개거래,
마포구,11440,마포동,202608,오피스텔_매매,나루,마포동,450,63.19,105500,,,17,4,2022,,,,,,중개거래,
마포구,11440,도화동,202608,오피스텔_매매,마포트라팰리스,도화동,559,76.81,98000,,,30,3,2006,,,,,,중개거래,
마포구,11440,도화동,202608,오피스텔_매매,마포트라팰리스,도화동,559,76.81,98000,,,30,3,2006,,,,,,중개거래,
마포구,11440,연남동,202608,연립다세대_매매,현대하이츠빌라A동,연남동,509-5,58.11,45000,,,4,15,1997,,,,,,중개거래,
마포구,11440,성산동,202608,연립다세대_매매,동원가든빌,성산동,37-2,39.39,33000,,,2,1,2011,,,,,,중개거래,
마포구,11440,신수동,202608,연립다세대_매매,카이벨로체신수1차,신수동,242,21.03,36000,,,4,10,2026,,,,,,직거래,
마포구,11440,아현동,202608,연립다세대_매매,(695-4),아현동,695-4,47.55,80000,,,2,9,1986,,,,,,중개거래,
마포구,11440,망원동,202608,연립다세대_매매,현대타운(456-34),망원동,456-34,33.51,45000,,,-1,18,1988,,,,,,중개거래,
마포구,11440,성산동,202608,연립다세대_매매,서경팰리스(101동),성산동,24-9,29.76,52000,,,3,6,2019,,,,,,중개거래,
마포구,11440,성산동,202608,연립다세대_매매,골드쉐르빌(165-53),성산동,165-53,84.56,75000,,,3,8,2002,,,,,,중개거래,
마포구,11440,성산동,202608,연립다세대_매매,써밋성산,성산동,137-12,22.48,52000,,,3,10,2026,,,,,,직거래,
마포구,11440,연남동,202608,연립다세대_매매,(487-90),연남동,487-90,34.68,20000,,,2,13,1986,,,,,,중개거래,
마포구,11440,성산동,202608,연립다세대_매매,현대빌라,성산동,62,51.99,34000,,,2,8,1990,,,,,,중개거래,
마포구,11440,성산동,202608,연립다세대_매매,현대빌라,성산동,62,51.99,34000,,,2,8,1990,,,,,,중개거래,O
마포구,11440,망원동,202608,연립다세대_매매,동원파크빌(414-10),망원동,414-10,47.9,36500,,,2,8,2008,,,,,,중개거래,
마포구,11440,망원동,202608,연립다세대_매매,아가도스,망원동,417-12,19.54,21900,,,4,11,2019,,,,,,중개거래,
마포구,11440,망원동,202608,연립다세대_매매,강변타운(408-15),망원동,408-15,40.35,26500,,,4,11,2011,,,,,,중개거래,
마포구,11440,노고산동,202608,연립다세대_매매,예담빌서강4차,노고산동,19-199,15.38,59000,,,2,10,2020,,,,,,중개거래,
마포구,11440,용강동,202608,연립다세대_매매,미래빌,용강동,149-30,30.67,62000,,,2,1,2013,,,,,,중개거래,
마포구,11440,합정동,202608,연립다세대_매매,한아름주택,합정동,363-4,65.59,50000,,,2,10,1976,,,,,,중개거래,
마포구,11440,성산동,202608,연립다세대_매매,현대빌라,성산동,62,51.99,34000,,,2,8,1990,,,,,,중개거래,O
마포구,11440,아현동,202608,연립다세대_매매,(695-4),아현동,695-4,47.55,80000,,,2,9,1986,,,,,,중개거래,O
마포구,11440,망원동,202608,연립다세대_매매,진주맨션,망원동,475-25,59.33,27800,,,-1,8,1993,,,,,,중개거래,
마포구,11440,망원동,202608,연립다세대_매매,삼성캐슬(A동),망원동,396-51,28.72,38000,,,2,8,2018,,,,,,중개거래,
마포구,11440,성산동,202608,연립다세대_매매,(200-89)한신빌라,성산동,200-89,26.62,24000,,,1,7,1994,,,,,,중개거래,O
마포구,11440,망원동,202608,연립다세대_매매,망원선호빌,망원동,415-42,25.8,45000,,,4,4,2019,,,,,,중개거래,
마포구,11440,성산동,202608,연립다세대_매매,(611-12),성산동,611-12,51.01,55000,,,3,3,2016,,,,,,중개거래,
마포구,11440,서교동,202608,아파트_매매,대우미래사랑,서교동,487,34.29,31400,,,9,18,2005,,,,,,중개거래,
마포구,11440,노고산동,202608,아파트_매매,현대벤처빌,노고산동,107-36,25.42,24400,,,16,1,2002,,,,,,중개거래,
마포구,11440,연남동,202608,아파트_매매,코오롱,연남동,573,59.76,110000,,,2,5,2003,,,,,,중개거래,
마포구,11440,합정동,202608,아파트_매매,장미(466-0),합정동,466,78.22,81800,,,1,1,2000,,,,,,중개거래,
마포구,11440,망원동,202608,아파트_매매,리츠,망원동,483-3,53.65,64700,,,3,8,2013,,,,,,중개거래,
마포구,11440,서교동,202608,아파트_매매,광남벨라스(1차),서교동,465-1,84.46,88700,,,5,3,2004,,,,,,중개거래,
마포구,11440,도화동,202608,아파트_매매,도화동현대,도화동,357,54.72,150000,,,8,10,1996,,,,,,중개거래,
마포구,11440,아현동,202608,아파트_매매,더클래시,아현동,804,84.94,255000,,,6,10,2022,,,,,,중개거래,
마포구,11440,망원동,202608,아파트_매매,마포한강제이스카이,망원동,522,49.738,72000,,,6,8,2019,,,,,,중개거래,
마포구,11440,중동,202608,아파트_매매,중동계룡아파트,중동,391,84.6,117500,,,11,8,2000,,,,,,중개거래,
마포구,11440,망원동,202608,아파트_매매,마포한강제이스카이,망원동,522,31.524,40000,,,9,8,2019,,,,,,중개거래,
마포구,11440,망원동,202608,아파트_매매,태경크레앙스(101동),망원동,456-65,80.67,91000,,,3,8,2004,,,,,,중개거래,
마포구,11440,창전동,202608,아파트_매매,중앙하이츠104동,창전동,42-10,47.01,47500,,,1,7,2007,,,,,,중개거래,
마포구,11440,상암동,202608,아파트_매매,상암월드컵파크5단지,상암동,1658,104.69,154000,,,16,7,2005,,,,,,중개거래,
마포구,11440,신수동,202608,아파트_매매,벽산솔렌스힐,신수동,457,84.9854,150000,,,8,4,2007,,,,,,중개거래,
마포구,11440,상암동,202608,아파트_매매,상암월드컵파크4단지,상암동,1655,84.76,175000,,,19,4,2006,,,,,,중개거래,
마포구,11440,염리동,202608,아파트_매매,염리삼성래미안,염리동,520,84.96,207000,,,15,4,2001,,,,,,중개거래,
마포구,11440,도화동,202608,아파트_매매,우성,도화동,82,128.315,195000,,,4,3,1991,,,,,,중개거래,
마포구,11440,창전동,202608,아파트_매매,신촌태영데시앙,창전동,439,84.97,163000,,,9,2,2003,,,,,,중개거래,
마포구,11440,염리동,202608,아파트_매매,상록,염리동,515-1,58.71,130000,,,4,1,1997,,,,,,중개거래,
마포구,11440,성산동,202607,오피스텔_전월세,헤리티지 삼영,성산동,593-6,20.24,,1000,94,9,16,2024,신규,26.08~27.08,,,,,
마포구,11440,신공덕동,202607,오피스텔_전월세,블루마리오피스텔,신공덕동,3-3,18.02,,16000,0,3,22,2017,갱신,26.08~28.08,16500.0,,,,
마포구,11440,성산동,202607,오피스텔_전월세,상암 카리스 다올림 오피스텔,성산동,593-11,17.48,,1000,85,8,28,2018,신규,26.08~27.08,,,,,
마포구,11440,상암동,202607,오피스텔_전월세,사보이시티디엠씨,상암동,1597,21.65,,1000,69,12,25,2016,갱신,26.07~27.07,1000.0,66.0,,,
마포구,11440,성산동,202607,오피스텔_전월세,상암 카리스 다올림 오피스텔,성산동,593-11,18.92,,3000,75,5,27,2018,신규,26.08~28.08,,,,,
마포구,11440,성산동,202607,오피스텔_전월세,상암 스위트포레,성산동,591-5,18.55,,1000,75,13,24,2016,신규,26.09~27.09,,,,,
마포구,11440,도화동,202607,오피스텔_전월세,마포트라팰리스,도화동,559,80.3,,75000,0,23,20,2006,신규,26.08~28.08,,,,,
마포구,11440,도화동,202607,오피스텔_전월세,마포 한화 오벨리스크,도화동,555,58.22,,5000,220,20,30,2004,신규,26.08~28.08,,,,,
마포구,11440,합정동,202607,오피스텔_전월세,KCC엠파이어리버,합정동,381-16,54.85,,42000,10,6,28,2006,갱신,26.08~28.08,40000.0,,,,
마포구,11440,공덕동,202607,오피스텔_전월세,공덕푸르지오시티,공덕동,475,31.16,,1000,115,17,31,2013,갱신,26.09~27.08,1000.0,110.0,,,
마포구,11440,상암동,202607,오피스텔_전월세,상암 오벨리스크 2차,상암동,1748,25.48,,1000,78,10,17,2014,갱신,26.07~27.07,1000.0,75.0,,,
마포구,11440,노고산동,202607,오피스텔_전월세,에피소드 신촌 369,노고산동,57-50,32.34,,1000,247,6,6,2021,신규,26.07~27.07,,,,,
마포구,11440,공덕동,202607,오피스텔_전월세,마포공덕파크팰리스Ⅱ,공덕동,462,33.01,,5000,110,16,29,2005,신규,26.08~28.08,,,,,
마포구,11440,성산동,202607,오피스텔_전월세,벽산상암스마트큐브,성산동,593-1,19.2,,1000,80,14,20,2017,신규,26.08~28.08,,,,,
마포구,11440,성산동,202607,오피스텔_전월세,상암 우남퍼스트빌스타,성산동,592-5,16.91,,1000,78,20,14,2017,갱신,26.08~27.08,1000.0,75.0,사용,,
마포구,11440,합정동,202607,오피스텔_전월세,마포 한강 2차 푸르지오,합정동,473,23.65,,26500,0,24,29,2016,갱신,26.09~28.09,26500.0,,사용,,
마포구,11440,성산동,202607,오피스텔_전월세,벽산상암스마트큐브,성산동,593-1,16.69,,1000,70,9,15,2017,신규,26.08~27.08,,,,,
마포구,11440,도화동,202607,오피스텔_전월세,나눔빌딩,도화동,571,26.25,,1000,95,19,15,2015,갱신,26.07~27.07,1000.0,90.0,사용,,
마포구,11440,신공덕동,202607,오피스텔_전월세,메트로디오빌,신공덕동,167,40.3,,24000,0,4,22,2005,신규,26.08~28.08,,,,,
마포구,11440,상암동,202607,오피스텔_전월세,"상암DMC푸르지오시티, S-City",상암동,1596,20.32,,1000,85,15,18,2017,신규,26.08~27.08,,,,,
마포구,11440,성산동,202607,오피스텔_전월세,그린 오피스텔,성산동,648-8,20.9,,1000,70,6,25,2002,신규,26.08~28.08,,,,,
마포구,11440,상수동,202607,오피스텔_전월세,상수 아뜨리에,상수동,93-89,14.6,,7600,28,5,28,2003,신규,26.08~28.08,,,,,
마포구,11440,서교동,202607,오피스텔_전월세,엘리트오피스텔,서교동,458-16,29.75,,1000,66,5,30,2003,신규,26.08~27.07,,,,,
마포구,11440,성산동,202607,오피스텔_전월세,상암 퍼스티지 더올림 오피스텔,성산동,591-6,17.14,,4000,51,6,4,2018,신규,26.07~27.07,,,,,
마포구,11440,성산동,202607,오피스텔_전월세,상암월드시티,성산동,590-5,19.81,,1000,78,12,25,2014,신규,26.08~27.08,,,,,
마포구,11440,공덕동,202607,오피스텔_전월세,(15-3),공덕동,15-3,19.72,,2000,60,6,6,2002,갱신,26.08~27.08,2000.0,60.0,,,
마포구,11440,노고산동,202607,오피스텔_전월세,에스빌,노고산동,56-54,25.83,,7000,19,1,20,2003,갱신,26.07~28.07,7000.0,17.0,,,
마포구,11440,공덕동,202607,오피스텔_전월세,대성힐스오피스텔,공덕동,26-4,18.65,,1000,65,6,7,2016,신규,26.08~27.08,,,,,
마포구,11440,아현동,202607,오피스텔_전월세,효성인텔리안,아현동,733,35.91,,1000,95,9,12,2005,갱신,26.07~27.07,1000.0,90.0,,,
마포구,11440,성산동,202607,오피스텔_전월세,동우 자인채 스토리 상암,성산동,593-3,24.25,,3400,78,11,23,2018,신규,26.08~27.08,,,,,
마포구,11440,신공덕동,202607,오피스텔_전월세,신공덕동 THE NEST 오피스텔,신공덕동,14-5,29.99,,1000,85,4,31,2012,신규,26.08~27.08,,,,,
마포구,11440,노고산동,202607,오피스텔_전월세,신촌르·메이에르타운(Ⅱ),노고산동,31-90,26.07,,1000,75,15,20,1999,신규,26.08~28.02,,,,,
마포구,11440,노고산동,202607,오피스텔_전월세,에피소드 신촌 369,노고산동,57-50,19.4,,1000,120,13,30,2021,신규,26.08~27.08,,,,,
마포구,11440,상암동,202607,오피스텔_전월세,"상암DMC푸르지오시티, S-City",상암동,1596,18.69,,14500,0,9,9,2017,갱신,26.09~28.08,18520.0,,,,
마포구,11440,성산동,202607,오피스텔_전월세,상암 두산위브센티움,성산동,590-1,23.07,,12000,30,3,25,2013,신규,26.08~28.08,,,,,
마포구,11440,노고산동,202607,오피스텔_전월세,신촌르·메이에르타운(I),노고산동,57-18,22.79,,500,70,13,10,1999,신규,26.07~27.07,,,,,
마포구,11440,도화동,202607,오피스텔_전월세,에스케이허브그린,도화동,556,27.79,,1000,85,13,10,2005,신규,26.08~27.08,,,,,
마포구,11440,공덕동,202607,오피스텔_전월세,공덕푸르지오시티,공덕동,475,32.07,,8000,83,6,11,2013,신규,26.08~27.08,,,,,
마포구,11440,노고산동,202607,오피스텔_전월세,A동,노고산동,56-117,15.68,,1000,32,3,31,,신규,26.08~28.08,,,,,
마포구,11440,성산동,202607,오피스텔_전월세,KCC상암스튜디오380,성산동,590-4,20.35,,1000,83,5,24,2014,신규,26.08~27.08,,,,,
마포구,11440,상암동,202607,오피스텔_전월세,상암 오벨리스크 2차,상암동,1748,25.48,,12800,0,10,6,2014,신규,26.08~28.08,,,,,
마포구,11440,상암동,202607,오피스텔_전월세,DMC 이안상암1단지,상암동,1654,111.34,,3000,260,25,21,2007,신규,26.12~28.12,,,,,
마포구,11440,도화동,202607,오피스텔_전월세,고려아카데미텔,도화동,36,20.25,,1000,70,10,13,1988,신규,26.08~28.08,,,,,
마포구,11440,도화동,202607,오피스텔_전월세,마포트라팰리스,도화동,559,73.72,,330,330,22,25,2006,신규,26.08~27.02,,,,,
마포구,11440,합정동,202607,오피스텔_전월세,마포 한강 2차 푸르지오,합정동,473,23.08,,1000,110,24,14,2016,신규,26.07~28.07,,,,,
마포구,11440,상암동,202607,오피스텔_전월세,"상암DMC푸르지오시티, S-City",상암동,1596,20.32,,1000,87,11,28,2017,신규,26.08~27.08,,,,,
마포구,11440,상수동,202607,오피스텔_전월세,오벨리스크,상수동,339-15,24.57,,500,63,2,27,2002,신규,26.08~28.08,,,,,
마포구,11440,합정동,202607,오피스텔_전월세,마포 한강 2차 푸르지오,합정동,473,23.65,,1000,110,9,18,2016,신규,26.09~27.09,,,,,
마포구,11440,도화동,202607,오피스텔_전월세,나눔빌딩,도화동,571,23.04,,1000,85,17,6,2015,신규,26.07~28.07,,,,,
마포구,11440,신공덕동,202607,오피스텔_전월세,블루마리오피스텔,신공덕동,3-3,18.02,,1000,72,18,30,2017,신규,26.08~27.08,,,,,
마포구,11440,아현동,202607,오피스텔_전월세,효성인텔리안,아현동,733,21.9,,1000,70,10,30,2005,갱신,26.08~27.08,1000.0,60.0,,,
마포구,11440,성산동,202607,오피스텔_전월세,상암 수린나 오피스텔,성산동,593-2,17.55,,14700,20,12,8,2018,신규,26.08~28.08,,,,,
마포구,11440,상암동,202607,오피스텔_전월세,상암 오벨리스크 2차,상암동,1748,24.2,,12000,27,3,18,2014,갱신,26.07~28.07,12000.0,25.0,,,
마포구,11440,상암동,202607,오피스텔_전월세,상암 한화 오벨리스크,상암동,1734,24.22,,1000,69,5,25,2013,갱신,26.09~27.08,1000.0,66.0,,,
마포구,11440,노고산동,202607,오피스텔_전월세,신촌르·메이에르타운(I),노고산동,57-18,22.79,,600,70,13,22,1999,신규,26.08~28.08,,,,,
마포구,11440,합정동,202607,오피스텔_전월세,마포 한강 2차 푸르지오,합정동,473,25.7,,1000,130,23,8,2016,갱신,26.07~28.07,1000.0,110.0,,,
마포구,11440,노고산동,202607,오피스텔_전월세,신촌르·메이에르타운(Ⅱ),노고산동,31-90,37.27,,1000,90,11,13,1999,신규,26.07~27.07,,,,,
마포구,11440,신공덕동,202607,오피스텔_전월세,블루마리오피스텔,신공덕동,3-3,17.73,,8000,49,10,23,2017,신규,26.07~27.07,,,,,
마포구,11440,대흥동,202607,오피스텔_전월세,이대역 푸르지오 시티,대흥동,12-27,28.8,,1000,115,6,11,2013,신규,26.08~27.08,,,,,
마포구,11440,성산동,202607,오피스텔_전월세,상암 스위트포레,성산동,591-5,18.55,,500,75,7,7,2016,신규,26.07~27.07,,,,,
마포구,11440,노고산동,202607,오피스텔_전월세,(109-59),노고산동,109-59,63.27,,500,50,3,21,2003,신규,26.08~27.08,,,,,
마포구,11440,성산동,202607,오피스텔_전월세,벽산상암스마트큐브,성산동,593-1,20.74,,8000,35,14,31,2017,신규,26.11~28.11,,,,,
마포구,11440,성산동,202607,오피스텔_전월세,상암 카리스 다올림 오피스텔,성산동,593-11,17.48,,9500,27,12,31,2018,신규,26.10~28.10,,,,,
마포구,11440,성산동,202607,오피스텔_전월세,상암 스위트포레,성산동,591-5,18.55,,12000,15,16,25,2016,신규,26.08~28.08,,,,,
마포구,11440,성산동,202607,오피스텔_전월세,마포상암시티프라디움리버,성산동,593-7,17.02,,18900,15,8,30,2021,신규,26.08~28.08,,,,,
마포구,11440,성산동,202607,오피스텔_전월세,상암 스위트포레,성산동,591-5,18.55,,3000,54,15,31,2016,신규,26.08~27.08,,,,,
마포구,11440,성산동,202607,오피스텔_전월세,상암미르웰한올림,성산동,593-5,16.36,,13600,20,7,31,2018,신규,26.08~27.08,,,,,
마포구,11440,성산동,202607,오피스텔_전월세,상암 우남퍼스트빌스타,성산동,592-5,16.79,,1000,78,9,4,2017,갱신,26.08~27.08,1000.0,75.0,,,
마포구,11440,성산동,202607,오피스텔_전월세,상암 수린나 오피스텔,성산동,593-2,17.55,,14700,18,4,17,2018,갱신,26.09~28.09,14800.0,15.0,사용,,
마포구,11440,성산동,202607,오피스텔_전월세,상암 수린나 오피스텔,성산동,593-2,17.55,,14700,13,4,24,2018,갱신,26.09~28.09,14850.0,12.0,,,
마포구,11440,성산동,202607,오피스텔_전월세,상암미르웰한올림,성산동,593-5,16.36,,13600,15,3,29,2018,신규,26.08~28.08,,,,,
마포구,11440,상암동,202607,오피스텔_전월세,상암 오벨리스크 2차,상암동,1748,20.7,,500,70,3,10,2014,갱신,26.09~27.09,500.0,66.0,,,
마포구,11440,공덕동,202607,오피스텔_전월세,블레스하임 3차,공덕동,111-106,29.95,,2000,170,13,16,2022,신규,26.08~28.08,,,,,
마포구,11440,상암동,202607,오피스텔_전월세,"상암DMC푸르지오시티, S-City",상암동,1596,20.32,,1000,85,8,31,2017,신규,26.07~27.07,,,,,
마포구,11440,합정동,202607,오피스텔_전월세,마포 한강 2차 푸르지오,합정동,473,23.43,,1000,115,7,16,2016,신규,26.09~27.09,,,,,
마포구,11440,아현동,202607,오피스텔_전월세,마포 에스케이 허브 블루,아현동,737,31.09,,1000,77,9,31,2006,갱신,26.08~27.08,1000.0,73.0,,,
마포구,11440,신공덕동,202607,오피스텔_전월세,갑을명가시티2,신공덕동,1-48,16.76,,1000,65,7,25,,신규,26.07~27.07,,,,,
마포구,11440,아현동,202607,오피스텔_전월세,마포 에스케이 허브 블루,아현동,737,33.19,,1000,95,12,25,2006,갱신,26.07~27.07,1000.0,90.0,,,
마포구,11440,성산동,202607,오피스텔_전월세,상암미르웰한올림,성산동,593-5,16.36,,1000,83,5,7,2018,신규,26.08~27.08,,,,,
마포구,11440,성산동,202607,오피스텔_전월세,상암 두산위브센티움,성산동,590-1,24.28,,13500,25,14,17,2013,갱신,26.07~27.07,13500.0,21.0,,,
마포구,11440,서교동,202607,오피스텔_전월세,에덴 팰리스 오피스텔,서교동,458-11,19.8,,1000,80,2,25,2003,신규,26.07~28.07,,,,,
마포구,11440,성산동,202607,오피스텔_전월세,KCC상암스튜디오380,성산동,590-4,20.35,,1000,85,5,11,2014,신규,26.08~28.07,,,,,
마포구,11440,성산동,202607,오피스텔_전월세,이안상암,성산동,591-1,60.62,,2000,120,15,25,2005,갱신,26.08~28.08,2000.0,100.0,,,
마포구,11440,상암동,202607,오피스텔_전월세,상암 오벨리스크 2차,상암동,1748,20.7,,1000,70,4,15,2014,갱신,26.09~27.08,1000.0,68.0,,,
마포구,11440,공덕동,202607,오피스텔_전월세,(15-3),공덕동,15-3,18.15,,1000,55,2,30,2002,신규,26.08~27.08,,,,,
마포구,11440,성산동,202607,오피스텔_전월세,벽산상암스마트큐브,성산동,593-1,19.2,,1000,80,7,30,2017,갱신,26.10~28.10,1000.0,78.0,,,
마포구,11440,성산동,202607,오피스텔_전월세,상암미르웰한올림,성산동,593-5,16.36,,1000,85,13,7,2018,신규,26.08~27.08,,,,,
마포구,11440,성산동,202607,오피스텔_전월세,상암 스위트포레,성산동,591-5,18.55,,1000,67,11,31,2016,신규,26.10~27.10,,,,,
마포구,11440,성산동,202607,오피스텔_전월세,상암월드시티,성산동,590-5,19.81,,1000,79,4,16,2014,갱신,26.08~27.08,1000.0,76.0,,,
마포구,11440,성산동,202607,오피스텔_전월세,대명비첸시티오피스텔,성산동,591-4,76.15,,50000,0,11,22,2007,갱신,26.09~28.09,48000.0,,,,
마포구,11440,성산동,202607,오피스텔_전월세,동우 자인채 스토리 상암,성산동,593-3,16.35,,1000,75,13,15,2018,신규,26.08~27.08,,,,,
마포구,11440,성산동,202607,오피스텔_전월세,태림센트윈상암,성산동,593-10,19.09,,15000,29,7,16,2019,갱신,26.08~28.08,15000.0,26.0,,,
마포구,11440,노고산동,202607,오피스텔_전월세,다손오피스텔,노고산동,56-52,19.27,,9000,0,4,18,2003,신규,26.08~28.08,,,,,
마포구,11440,성산동,202607,오피스텔_전월세,상암 스위트포레,성산동,591-5,18.55,,1000,66,14,13,2016,신규,26.08~27.08,,,,,
마포구,11440,신공덕동,202607,오피스텔_전월세,갑을명가시티2,신공덕동,1-48,16.76,,2000,70,7,3,,갱신,26.07~27.07,2000.0,65.0,,,
마포구,11440,노고산동,202607,오피스텔_전월세,에피소드 신촌 369,노고산동,57-50,32.34,,1000,252,9,30,2021,신규,26.07~27.01,,,,,
마포구,11440,아현동,202607,오피스텔_전월세,효성인텔리안,아현동,733,62.09,,2000,200,12,30,2005,갱신,26.08~27.08,2000.0,170.0,,,
마포구,11440,성산동,202607,오피스텔_전월세,상암 스위트포레,성산동,591-5,18.55,,3000,65,8,16,2016,신규,26.07~27.07,,,,,
마포구,11440,노고산동,202607,오피스텔_전월세,에피소드 신촌 369,노고산동,57-50,18.97,,1000,101,8,15,2021,신규,26.07~27.07,,,,,
마포구,11440,아현동,202607,오피스텔_전월세,마포 에스케이 허브 블루,아현동,737,31.09,,1000,79,15,24,2006,갱신,26.07~27.07,1000.0,75.0,사용,,
마포구,11440,공덕동,202607,오피스텔_전월세,(15-3),공덕동,15-3,21.45,,100,70,2,17,2002,신규,26.08~26.09,,,,,
마포구,11440,상암동,202607,오피스텔_전월세,상암 한화 오벨리스크,상암동,1734,19.93,,500,70,7,25,2013,갱신,26.08~27.08,500.0,66.0,,,
마포구,11440,상암동,202607,오피스텔_전월세,상암 한화 오벨리스크,상암동,1734,24.22,,6000,40,7,11,2013,신규,26.08~28.08,,,,,
마포구,11440,성산동,202607,오피스텔_전월세,상암미르웰한올림,성산동,593-5,16.36,,1000,77,8,6,2018,신규,26.08~27.08,,,,,
마포구,11440,도화동,202607,오피스텔_전월세,에스케이허브그린,도화동,556,27.79,,1000,90,15,15,2005,신규,26.08~27.07,,,,,
마포구,11440,상암동,202607,오피스텔_전월세,상암 오벨리스크 2차,상암동,1748,20.7,,1000,75,4,31,2014,신규,26.09~27.09,,,,,
마포구,11440,공덕동,202607,오피스텔_전월세,마포현대하이엘,공덕동,463,31.38,,10000,55,15,29,2005,신규,26.09~28.09,,,,,
마포구,11440,상암동,202607,오피스텔_전월세,상암 오벨리스크 2차,상암동,1748,41.63,,2000,150,10,4,2014,신규,26.07~28.07,,,,,
마포구,11440,성산동,202607,오피스텔_전월세,마포상암시티프라디움리버,성산동,593-7,17.02,,10000,50,3,6,2021,신규,26.08~28.08,,,,,
마포구,11440,상암동,202607,오피스텔_전월세,상암 한화 오벨리스크,상암동,1734,19.93,,2500,55,3,14,2013,신규,26.08~27.08,,,,,
마포구,11440,대흥동,202607,오피스텔_전월세,이대역 푸르지오 시티,대흥동,12-27,29.14,,22000,0,16,22,2013,신규,26.09~28.09,,,,,
마포구,11440,신정동,202607,오피스텔_전월세,농은오피스텔,신정동,96-32,24.36,,8500,22,4,31,2002,갱신,26.09~27.09,8500.0,20.0,,,
마포구,11440,신정동,202607,오피스텔_전월세,농은오피스텔,신정동,96-32,25.2,,8500,33,4,16,2002,갱신,26.09~28.09,8500.0,30.0,,,
마포구,11440,성산동,202607,오피스텔_전월세,상암 퍼스티지 더올림 오피스텔,성산동,591-6,17.3,,10000,40,11,28,2018,신규,26.08~28.08,,,,,
마포구,11440,염리동,202607,오피스텔_전월세,삼부골든타워,염리동,164-4,40.5,,1000,110,10,4,2003,갱신,26.08~27.08,5000.0,90.0,,,
마포구,11440,도화동,202607,오피스텔_전월세,마포 한화 오벨리스크,도화동,555,28.71,,24000,0,6,31,2004,신규,26.09~28.09,,,,,
마포구,11440,도화동,202607,오피스텔_전월세,마포트라팰리스,도화동,559,55.92,,2000,160,12,31,2006,신규,26.07~28.07,,,,,
마포구,11440,상암동,202607,오피스텔_전월세,사보이시티디엠씨,상암동,1597,21.65,,1000,73,14,23,2016,신규,26.08~27.07,,,,,
마포구,11440,상암동,202607,오피스텔_전월세,"상암DMC푸르지오시티, S-City",상암동,1596,19.76,,1000,80,5,31,2017,신규,26.07~27.07,,,,,
마포구,11440,성산동,202607,오피스텔_전월세,상암월드시티,성산동,590-5,19.81,,1000,80,11,9,2014,갱신,26.07~27.01,1000.0,70.0,,,
마포구,11440,공덕동,202607,오피스텔_전월세,블레스하임 3차,공덕동,111-106,23.4,,29000,0,12,17,2022,갱신,26.09~28.09,29000.0,,,,
마포구,11440,신공덕동,202607,오피스텔_전월세,메트로디오빌,신공덕동,167,40.3,,1000,109,8,6,2005,갱신,26.08~27.07,1000.0,104.0,사용,,
마포구,11440,노고산동,202607,오피스텔_전월세,신촌 G&P NINE,노고산동,1-21,37.28,,32000,0,10,5,2020,신규,26.08~28.08,,,,,
마포구,11440,성산동,202607,오피스텔_전월세,상암 도시엔 오피스텔,성산동,592-3,18.83,,3000,70,12,17,2017,갱신,26.08~26.12,3000.0,54.0,,,
마포구,11440,성산동,202607,오피스텔_전월세,상암 두산위브센티움,성산동,590-1,24.49,,13000,25,3,30,2013,신규,26.08~28.08,,,,,
마포구,11440,성산동,202607,오피스텔_전월세,상암 두산위브센티움,성산동,590-1,23.24,,1000,75,10,11,2013,갱신,26.07~27.07,4000.0,60.0,사용,,
마포구,11440,공덕동,202607,오피스텔_전월세,대성힐스오피스텔,공덕동,26-4,18.15,,12600,16,8,22,2016,신규,26.07~28.07,,,,,
마포구,11440,도화동,202607,오피스텔_전월세,나눔빌딩,도화동,571,26.25,,1000,87,8,29,2015,신규,26.08~27.08,,,,,
마포구,11440,성산동,202607,오피스텔_전월세,상암 스위트포레,성산동,591-5,18.55,,1000,73,3,4,2016,신규,26.08~27.08,,,,,
마포구,11440,상암동,202607,오피스텔_전월세,상암 오벨리스크 2차,상암동,1748,20.7,,10000,21,2,30,2014,신규,26.08~27.08,,,,,
마포구,11440,성산동,202607,오피스텔_전월세,KCC상암스튜디오380,성산동,590-4,20.35,,13200,20,12,30,2014,신규,26.09~28.09,,,,,
마포구,11440,상암동,202607,오피스텔_전월세,"상암DMC푸르지오시티, S-City",상암동,1596,18.24,,4000,54,7,15,2017,갱신,26.09~27.09,4000.0,52.0,사용,,
마포구,11440,노고산동,202607,오피스텔_전월세,신촌 G&P NINE,노고산동,1-21,35.59,,31395,0,11,28,2020,갱신,26.09~27.09,29900.0,,사용,,
마포구,11440,공덕동,202607,오피스텔_전월세,마포현대하이엘,공덕동,463,31.38,,1000,95,18,20,2005,신규,26.07~27.07,,,,,
마포구,11440,상암동,202607,오피스텔_전월세,상암 한화 오벨리스크,상암동,1734,24.22,,1000,71,4,30,2013,신규,26.07~27.07,,,,,
마포구,11440,합정동,202607,오피스텔_전월세,마포 한강 2차 푸르지오,합정동,473,23.65,,5000,95,14,29,2016,갱신,26.08~27.08,5000.0,93.0,,,
마포구,11440,상암동,202607,오피스텔_전월세,사보이시티디엠씨,상암동,1597,21.65,,1000,73,9,10,2016,신규,26.07~27.07,,,,,
마포구,11440,서교동,202607,오피스텔_전월세,MJ BIOS,서교동,372-9,20.6,,3000,167,5,23,2025,신규,26.07~28.07,,,,,
마포구,11440,창전동,202607,오피스텔_전월세,동원 스위트뷰,창전동,149-1,16.68,,4000,50,5,27,2014,신규,26.09~27.09,,,,,
마포구,11440,성산동,202607,오피스텔_전월세,상암 두산위브센티움,성산동,590-1,23.24,,1000,69,6,30,2013,갱신,26.08~27.08,1000.0,66.0,,,
마포구,11440,성산동,202607,오피스텔_전월세,KCC상암스튜디오380,성산동,590-4,20.35,,3000,68,8,30,2014,갱신,26.09~27.09,2000.0,70.0,,,
마포구,11440,성산동,202607,오피스텔_전월세,상암미르웰한올림,성산동,593-5,16.36,,3000,75,5,17,2018,갱신,26.07~28.07,3000.0,73.0,사용,,
마포구,11440,공덕동,202607,오피스텔_전월세,마포 신영 지웰,공덕동,461,29.33,,1000,105,13,25,2004,신규,26.07~27.07,,,,,
마포구,11440,공덕동,202607,오피스텔_전월세,공덕푸르지오시티,공덕동,475,37.87,,1000,125,4,4,2013,갱신,26.08~27.08,1000.0,120.0,,,
마포구,11440,노고산동,202607,오피스텔_전월세,정호오피스텔,노고산동,56-64,17.64,,2000,40,5,7,2003,신규,26.07~28.07,,,,,
마포구,11440,아현동,202607,오피스텔_전월세,마포 에스케이 허브 블루,아현동,737,31.09,,1000,95,11,4,2006,신규,26.08~27.08,,,,,
마포구,11440,염리동,202607,오피스텔_전월세,삼부골든타워,염리동,164-4,32.5,,6000,70,2,29,2003,신규,26.08~27.08,,,,,
마포구,11440,상암동,202607,오피스텔_전월세,상암 한화 오벨리스크,상암동,1734,19.93,,5000,68,9,15,2013,갱신,26.08~27.08,500.0,65.0,,,
마포구,11440,아현동,202607,오피스텔_전월세,효성인텔리안,아현동,733,21.9,,2000,59,13,29,2005,신규,26.09~27.09,,,,,
마포구,11440,성산동,202607,오피스텔_전월세,상암 우남퍼스트빌스타,성산동,592-5,16.86,,8000,55,6,29,2017,신규,26.07~28.07,,,,,
마포구,11440,노고산동,202607,오피스텔_전월세,신촌르·메이에르타운(I),노고산동,57-18,25.7,,500,65,13,6,1999,신규,26.07~27.07,,,,,
마포구,11440,성산동,202607,오피스텔_전월세,상암 두산위브센티움,성산동,590-1,23.69,,1000,85,15,28,2013,신규,26.07~27.07,,,,,
마포구,11440,노고산동,202607,오피스텔_전월세,샬롬오피스텔,노고산동,54-88,11.88,,1000,47,2,10,2003,신규,26.07~28.07,,,,,
마포구,11440,도화동,202607,오피스텔_전월세,마포 한화 오벨리스크,도화동,555,33.93,,1000,130,34,21,2004,신규,26.07~27.07,,,,,
마포구,11440,노고산동,202607,오피스텔_전월세,신촌 G&P NINE,노고산동,1-21,35.72,,30000,14,10,29,2020,갱신,26.08~28.08,30000.0,8.0,,,
마포구,11440,성산동,202607,오피스텔_전월세,상암 퍼스티지 더올림 오피스텔,성산동,591-6,17.14,,1000,82,5,4,2018,갱신,26.07~27.07,1000.0,79.0,사용,,
마포구,11440,염리동,202607,오피스텔_전월세,삼부골든타워,염리동,164-4,32.5,,1000,86,4,28,2003,갱신,26.08~27.08,1000.0,78.0,,,
마포구,11440,성산동,202607,오피스텔_전월세,이안상암,성산동,591-1,60.62,,39000,0,14,27,2005,갱신,26.08~28.08,39000.0,,사용,,
마포구,11440,상암동,202607,오피스텔_전월세,상암 오벨리스크 2차,상암동,1748,20.7,,500,60,3,11,2014,신규,26.07~27.07,,,,,
마포구,11440,상암동,202607,오피스텔_전월세,상암 한화 오벨리스크,상암동,1734,24.22,,1000,70,4,25,2013,신규,26.07~28.07,,,,,
마포구,11440,성산동,202607,오피스텔_전월세,KCC상암스튜디오380,성산동,590-4,20.35,,1000,76,3,11,2014,갱신,26.07~27.07,1000.0,73.0,,,
마포구,11440,도화동,202607,오피스텔_전월세,나눔빌딩,도화동,571,23.04,,1000,85,19,25,2015,신규,26.09~27.09,,,,,
마포구,11440,서교동,202607,오피스텔_전월세,노벨리아 서교,서교동,354-9,18,,1000,95,5,17,2018,신규,26.07~28.07,,,,,
마포구,11440,공덕동,202607,오피스텔_전월세,대성힐스오피스텔,공덕동,26-4,18.75,,13000,20,9,28,2016,갱신,26.09~27.09,13000.0,17.0,,,
마포구,11440,노고산동,202607,오피스텔_전월세,에피소드 신촌 369,노고산동,57-50,18.03,,1000,100,13,16,2021,신규,26.07~27.07,,,,,
마포구,11440,상암동,202607,오피스텔_전월세,"상암DMC푸르지오시티, S-City",상암동,1596,20.32,,1000,110,18,15,2017,신규,26.08~27.06,,,,,
마포구,11440,상암동,202607,오피스텔_전월세,"상암DMC푸르지오시티, S-City",상암동,1596,18.96,,14000,20,7,6,2017,신규,26.07~28.07,,,,,
마포구,11440,성산동,202607,오피스텔_전월세,마포클레세,성산동,592-8,20.57,,22600,0,11,11,2022,갱신,26.09~28.09,21600.0,,,,
마포구,11440,아현동,202607,오피스텔_전월세,효성인텔리안,아현동,733,21.9,,1000,70,11,11,2005,신규,26.08~27.08,,,,,
마포구,11440,성산동,202607,오피스텔_전월세,벽산상암스마트큐브,성산동,593-1,19.2,,1000,80,14,1,2017,신규,26.08~27.08,,,,,
마포구,11440,공덕동,202607,오피스텔_전월세,YD레지던스,공덕동,31-1,20.38,,19000,0,15,28,2013,신규,26.09~28.09,,,,,
마포구,11440,성산동,202607,오피스텔_전월세,KCC상암스튜디오380,성산동,590-4,20.35,,3000,68,3,25,2014,신규,26.07~27.07,,,,,
마포구,11440,서교동,202607,오피스텔_전월세,엠제이 더퍼스트 마포한강,서교동,393-1,15.56,,1000,104,11,28,2019,신규,26.08~27.08,,,,,
마포구,11440,성산동,202607,오피스텔_전월세,헤리티지 삼영,성산동,593-6,20.24,,3000,89,4,21,2024,갱신,26.08~27.08,3000.0,88.0,,,
마포구,11440,성산동,202607,오피스텔_전월세,상암 수린나 오피스텔,성산동,593-2,17.55,,1000,76,3,24,2018,신규,26.09~28.09,,,,,
마포구,11440,성산동,202607,오피스텔_전월세,태림센트윈상암,성산동,593-10,18.94,,6000,77,3,25,2019,신규,26.08~27.08,,,,,
마포구,11440,성산동,202607,오피스텔_전월세,상암 스위트포레,성산동,591-5,18.55,,1000,73,13,4,2016,갱신,26.08~27.08,1000.0,70.0,사용,,
마포구,11440,성산동,202607,오피스텔_전월세,상암미르웰한올림,성산동,593-5,16.36,,3000,74,10,21,2018,갱신,26.07~27.07,3000.0,70.0,,,
마포구,11440,서교동,202607,오피스텔_전월세,명지한강빌드웰,서교동,394-45,24.73,,15900,0,3,25,2005,신규,26.08~28.08,,,,,
마포구,11440,서교동,202607,오피스텔_전월세,명지한강빌드웰,서교동,394-45,24.73,,15900,0,3,25,2005,신규,26.08~28.08,,,,,
마포구,11440,공덕동,202607,오피스텔_전월세,에스테반 오피스텔,공덕동,16-10,18.83,,12000,0,9,10,,신규,26.08~28.08,,,,,
마포구,11440,대흥동,202607,오피스텔_전월세,이대역 푸르지오 시티,대흥동,12-27,29.14,,22000,15,11,27,2013,신규,26.08~28.08,,,,,
마포구,11440,성산동,202607,오피스텔_전월세,상암 우남퍼스트빌스타,성산동,592-5,16.91,,5000,63,16,25,2017,신규,26.08~28.08,,,,,
마포구,11440,성산동,202607,오피스텔_전월세,벽산상암스마트큐브,성산동,593-1,16.69,,12600,13,4,8,2017,갱신,26.07~28.07,12600.0,10.0,사용,,
마포구,11440,성산동,202607,오피스텔_전월세,상암 카리스 다올림 오피스텔,성산동,593-11,17.48,,13400,24,8,24,2018,신규,26.08~28.08,,,,,
마포구,11440,성산동,202607,오피스텔_전월세,헤리티지 삼영,성산동,593-6,20.24,,19000,10,7,24,2024,신규,26.09~28.09,,,,,
마포구,11440,도화동,202607,오피스텔_전월세,나눔빌딩,도화동,571,25.56,,19000,25,11,25,2015,신규,26.09~28.09,,,,,
마포구,11440,성산동,202607,오피스텔_전월세,상암 카리스 다올림 오피스텔,성산동,593-11,21.96,,16400,10,12,25,2018,신규,26.09~28.09,,,,,
마포구,11440,공덕동,202607,오피스텔_전월세,솔리스타,공덕동,30-10,18.79,,14500,15,7,27,2018,신규,26.09~28.09,,,,,
마포구,11440,아현동,202607,오피스텔_전월세,효성인텔리안,아현동,733,29.17,,1000,79,21,8,2005,신규,26.08~27.08,,,,,
마포구,11440,노고산동,202607,오피스텔_전월세,우정마샹스 오피스텔,노고산동,107-17,13.52,,2000,50,14,23,2006,신규,26.07~27.07,,,,,
마포구,11440,성산동,202607,오피스텔_전월세,상암 퍼스티지 더올림 오피스텔,성산동,591-6,17.14,,1000,83,11,8,2018,갱신,26.08~27.08,1000.0,79.0,사용,,
마포구,11440,노고산동,202607,오피스텔_전월세,에스빌,노고산동,56-54,27.37,,10300,2,1,22,2003,갱신,26.08~28.08,11500.0,2.0,,,
마포구,11440,성산동,202607,오피스텔_전월세,상암 퍼스티지 더올림 오피스텔,성산동,591-6,17.3,,15000,14,6,27,2018,갱신,26.08~28.08,15300.0,10.0,,,
마포구,11440,성산동,202607,오피스텔_전월세,태림센트윈상암,성산동,593-10,19.17,,2000,92,12,11,2019,신규,26.07~27.07,,,,,
마포구,11440,성산동,202607,오피스텔_전월세,상암미르웰한올림,성산동,593-5,16.36,,13600,20,12,27,2018,신규,26.09~28.09,,,,,
마포구,11440,성산동,202607,오피스텔_전월세,상암 퍼스티지 더올림 오피스텔,성산동,591-6,17.14,,1000,80,9,15,2018,갱신,26.08~27.08,1000.0,74.0,사용,,
마포구,11440,도화동,202607,오피스텔_전월세,나눔빌딩,도화동,571,23.04,,18000,13,7,23,2015,갱신,26.08~28.08,18000.0,10.0,사용,,
마포구,11440,상암동,202607,오피스텔_전월세,"상암DMC푸르지오시티, S-City",상암동,1596,20.32,,17400,0,10,27,2017,신규,26.08~28.08,,,,,
마포구,11440,공덕동,202607,오피스텔_전월세,마포현대하이엘,공덕동,463,31.38,,1000,90,10,15,2005,신규,26.09~27.09,,,,,
마포구,11440,상암동,202607,오피스텔_전월세,"상암DMC푸르지오시티, S-City",상암동,1596,20.32,,1000,83,15,4,2017,신규,26.08~27.08,,,,,
마포구,11440,노고산동,202607,오피스텔_전월세,에스빌,노고산동,56-54,27.37,,11500,2,1,22,2003,갱신,26.08~28.08,11500.0,2.0,,,
마포구,11440,성산동,202607,오피스텔_전월세,상암 스위트포레,성산동,591-5,18.55,,1000,78,12,5,2016,신규,26.07~27.07,,,,,
마포구,11440,노고산동,202607,오피스텔_전월세,(109-59),노고산동,109-59,23.4,,1000,68,3,6,2003,신규,26.07~28.02,,,,,
마포구,11440,도화동,202607,오피스텔_전월세,고려아카데미텔,도화동,36,23.62,,16500,0,16,25,1988,신규,26.09~28.09,,,,,
마포구,11440,상암동,202607,오피스텔_전월세,"상암DMC푸르지오시티, S-City",상암동,1596,18.24,,1000,80,7,2,2017,신규,26.07~27.07,,,,,
마포구,11440,공덕동,202607,오피스텔_전월세,공덕오피스타,공덕동,12-98,16.88,,1000,65,3,22,2013,신규,26.07~27.07,,,,,
마포구,11440,공덕동,202607,오피스텔_전월세,대성힐스오피스텔,공덕동,26-4,18.75,,1000,57,14,26,2016,신규,26.08~28.08,,,,,
마포구,11440,아현동,202607,오피스텔_전월세,마포 에스케이 허브 블루,아현동,737,30.06,,1000,80,16,16,2006,신규,26.07~28.07,,,,,
마포구,11440,서교동,202607,오피스텔_전월세,명지한강빌드웰,서교동,394-45,24.73,,17000,0,3,25,2005,신규,26.08~28.08,,,,,
마포구,11440,공덕동,202607,오피스텔_전월세,대성힐스오피스텔,공덕동,26-4,18.15,,13300,16,16,26,2016,신규,26.08~27.08,,,,,
마포구,11440,공덕동,202607,오피스텔_전월세,에스테반 오피스텔,공덕동,16-10,18.83,,1000,57,15,26,,신규,26.08~27.08,,,,,
마포구,11440,성산동,202607,오피스텔_전월세,상암 스위트포레,성산동,591-5,18.55,,2000,68,11,27,2016,신규,26.07~27.07,,,,,
마포구,11440,아현동,202607,오피스텔_전월세,효성인텔리안,아현동,733,21.9,,1000,70,3,12,2005,갱신,26.07~27.07,1000.0,65.0,,,
마포구,11440,노고산동,202607,오피스텔_전월세,(1-1),노고산동,1-1,41.04,,2000,115,7,24,1998,신규,26.07~27.07,,,,,
마포구,11440,성산동,202607,오피스텔_전월세,상암 스위트포레,성산동,591-5,18.55,,12060,25,9,25,2016,신규,26.08~28.08,,,,,
마포구,11440,공덕동,202607,오피스텔_전월세,공덕푸르지오시티,공덕동,475,31.93,,5000,100,15,25,2013,신규,26.08~28.08,,,,,
마포구,11440,공덕동,202607,오피스텔_전월세,마포현대하이엘,공덕동,463,31.38,,1000,90,10,15,2005,신규,26.09~27.09,,,,,
마포구,11440,신공덕동,202607,오피스텔_전월세,갑을명가시티2,신공덕동,1-48,16.76,,5000,50,15,8,,신규,26.08~27.08,,,,,
마포구,11440,합정동,202607,오피스텔_전월세,마포 한강 2차 푸르지오,합정동,473,23.08,,1000,109,32,22,2016,갱신,26.09~27.08,1000.0,104.0,,,
마포구,11440,상암동,202607,오피스텔_전월세,상암 한화 오벨리스크,상암동,1734,24.22,,9000,30,9,24,2013,갱신,26.07~27.07,10000.0,25.0,,,
마포구,11440,공덕동,202607,오피스텔_전월세,마포 신영 지웰,공덕동,461,28.5,,1000,100,9,18,2004,신규,26.07~27.07,,,,,
마포구,11440,상암동,202607,오피스텔_전월세,"상암DMC푸르지오시티, S-City",상암동,1596,18.96,,4500,56,9,4,2017,갱신,26.08~27.08,4500.0,54.0,,,
마포구,11440,공덕동,202607,오피스텔_전월세,블레스하임-ll,공덕동,108-65,25.4,,28800,0,10,13,2020,갱신,26.07~28.07,28800.0,,,,
마포구,11440,상암동,202607,오피스텔_전월세,상암 오벨리스크 2차,상암동,1748,24.2,,1000,78,6,24,2014,신규,26.08~27.08,,,,,
마포구,11440,상암동,202607,오피스텔_전월세,사보이시티디엠씨,상암동,1597,21.65,,1000,73,8,24,2016,신규,26.07~27.07,,,,,
마포구,11440,성산동,202607,오피스텔_전월세,상암 도시엔 오피스텔,성산동,592-3,18.83,,1000,83,6,11,2017,신규,26.07~27.07,,,,,
마포구,11440,성산동,202607,오피스텔_전월세,상암 카리스 다올림 오피스텔,성산동,593-11,21.96,,2000,78,3,4,2018,갱신,26.08~27.08,2000.0,75.0,사용,,
마포구,11440,성산동,202607,오피스텔_전월세,상암 퍼스티지 더올림 오피스텔,성산동,591-6,17.3,,1000,75,7,13,2018,신규,26.08~27.08,,,,,
마포구,11440,성산동,202607,오피스텔_전월세,벽산상암스마트큐브,성산동,593-1,16.69,,3000,58,6,23,2017,갱신,26.10~27.10,3000.0,55.0,,,
마포구,11440,아현동,202607,오피스텔_전월세,마포 에스케이 허브 블루,아현동,737,30.06,,16000,10,8,21,2006,신규,26.08~28.08,,,,,
마포구,11440,성산동,202607,오피스텔_전월세,엔트라움마포,성산동,232-1,34.22,,37200,0,8,23,2023,갱신,26.09~28.09,36200.0,,사용,,
마포구,11440,대흥동,202607,오피스텔_전월세,이대역 푸르지오 시티,대흥동,12-27,28.8,,2000,93,3,17,2013,갱신,26.07~28.07,2000.0,88.0,,,
마포구,11440,성산동,202607,오피스텔_전월세,벽산상암스마트큐브,성산동,593-1,19.2,,1000,80,11,6,2017,신규,26.08~27.08,,,,,
마포구,11440,도화동,202607,오피스텔_전월세,나눔빌딩,도화동,571,23.04,,1000,80,15,22,2015,신규,26.09~27.01,,,,,
마포구,11440,성산동,202607,오피스텔_전월세,상암 카리스 다올림 오피스텔,성산동,593-11,18.92,,1000,80,3,13,2018,신규,26.07~27.07,,,,,
마포구,11440,도화동,202607,오피스텔_전월세,마포트라팰리스,도화동,559,73.72,,4000,260,27,11,2006,신규,26.10~28.10,,,,,
마포구,11440,공덕동,202607,오피스텔_전월세,블레스하임-ll,공덕동,108-65,27.27,,28800,5,14,16,2020,갱신,26.09~28.09,28800.0,,,,
마포구,11440,성산동,202607,오피스텔_전월세,상암 퍼스티지 더올림 오피스텔,성산동,591-6,17.14,,3000,75,12,23,2018,신규,26.07~27.07,,,,,
마포구,11440,상암동,202607,오피스텔_전월세,"상암DMC푸르지오시티, S-City",상암동,1596,20.32,,1000,83,14,11,2017,신규,26.07~27.07,,,,,
마포구,11440,성산동,202607,오피스텔_전월세,상암 스위트포레,성산동,591-5,18.55,,1000,72,14,23,2016,갱신,26.09~27.09,1000.0,68.0,사용,,
마포구,11440,도화동,202607,오피스텔_전월세,고려아카데미텔,도화동,36,23.62,,1000,70,13,9,1988,신규,26.07~27.07,,,,,
마포구,11440,성산동,202607,오피스텔_전월세,상암월드시티,성산동,590-5,16.52,,1000,65,10,1,2014,신규,26.08~27.08,,,,,
마포구,11440,성산동,202607,오피스텔_전월세,상암월드시티,성산동,590-5,29.68,,18000,30,5,22,2014,갱신,26.08~28.08,18000.0,25.0,사용,,
마포구,11440,노고산동,202607,오피스텔_전월세,신촌다올노블리움,노고산동,1-25,19.65,,21000,5,9,22,2017,신규,26.10~28.10,,,,,
마포구,11440,성산동,202607,오피스텔_전월세,KCC상암스튜디오380,성산동,590-4,20.35,,1000,80,5,4,2014,신규,26.07~27.07,,,,,
마포구,11440,도화동,202607,오피스텔_전월세,마포 한화 오벨리스크,도화동,555,28.71,,1000,95,23,18,2004,갱신,26.09~27.09,1000.0,85.0,,,
마포구,11440,도화동,202607,오피스텔_전월세,마포트라팰리스,도화동,559,106.47,,5000,350,12,11,2006,신규,26.07~28.07,,,,,
마포구,11440,성산동,202607,오피스텔_전월세,벽산상암스마트큐브,성산동,593-1,19.2,,13000,23,8,18,2017,갱신,26.08~28.08,13000.0,20.0,사용,,
마포구,11440,공덕동,202607,오피스텔_전월세,아르떼 제나우스,공덕동,17-17,41.91,,44000,0,5,21,2022,신규,26.07~28.07,,,,,
마포구,11440,공덕동,202607,오피스텔_전월세,솔리스타,공덕동,30-10,18.79,,14600,15,5,22,2018,신규,26.08~27.08,,,,,
마포구,11440,염리동,202607,오피스텔_전월세,삼부골든타워,염리동,164-4,40.5,,1000,105,3,6,2003,갱신,26.08~27.08,1000.0,95.0,,,
마포구,11440,서교동,202607,오피스텔_전월세,노벨리아 서교,서교동,354-9,18,,21000,0,10,17,2018,신규,26.08~28.08,,,,,
마포구,11440,합정동,202607,오피스텔_전월세,마포 한강 2차 푸르지오,합정동,473,23.43,,26500,0,12,17,2016,신규,26.09~28.09,,,,,
마포구,11440,신공덕동,202607,오피스텔_전월세,신공덕동 THE NEST 오피스텔,신공덕동,14-5,16.93,,1000,65,14,12,2012,신규,26.09~27.09,,,,,
마포구,11440,성산동,202607,오피스텔_전월세,상암월드시티,성산동,590-5,19.81,,1000,80,10,8,2014,신규,26.08~27.07,,,,,
마포구,11440,성산동,202607,오피스텔_전월세,이안상암,성산동,591-1,60.62,,41010,0,13,20,2005,갱신,26.08~27.08,41010.0,,,,
마포구,11440,성산동,202607,오피스텔_전월세,KCC상암스튜디오380,성산동,590-4,23.09,,3000,74,6,20,2014,갱신,26.07~27.07,3000.0,70.0,,,
마포구,11440,서교동,202607,오피스텔_전월세,엠제이 더퍼스트 마포한강,서교동,393-1,15.56,,1000,102,17,15,2019,갱신,26.07~27.07,1000.0,100.0,,,
마포구,11440,도화동,202607,오피스텔_전월세,나눔빌딩,도화동,571,23.04,,3000,85,12,17,2015,신규,26.08~27.08,,,,,
마포구,11440,신공덕동,202607,오피스텔_전월세,신공덕동 THE NEST 오피스텔,신공덕동,14-5,29.99,,17000,30,7,4,2012,신규,26.07~28.07,,,,,
마포구,11440,신공덕동,202607,오피스텔_전월세,신공덕동 THE NEST 오피스텔,신공덕동,14-5,15.89,,1000,60,14,7,2012,신규,26.07~27.07,,,,,
마포구,11440,공덕동,202607,오피스텔_전월세,마포공덕파크팰리스Ⅱ,공덕동,462,33.01,,26700,0,18,7,2005,갱신,26.08~28.08,26000.0,,사용,,
마포구,11440,성산동,202607,오피스텔_전월세,상암미르웰한올림,성산동,593-5,16.36,,13600,15,7,20,2018,신규,26.08~27.08,,,,,
마포구,11440,상암동,202607,오피스텔_전월세,사보이시티디엠씨,상암동,1597,21.65,,1000,75,16,4,2016,신규,26.07~27.07,,,,,
마포구,11440,성산동,202607,오피스텔_전월세,KCC상암스튜디오380,성산동,590-4,20.35,,8000,46,5,18,2014,신규,26.07~27.07,,,,,
마포구,11440,성산동,202607,오피스텔_전월세,삼라마이다스,성산동,590-2,80.66,,45000,0,7,8,2006,신규,26.09~28.08,,,,,
마포구,11440,도화동,202607,오피스텔_전월세,에비뉴 67,도화동,573,24.58,,1000,102,21,8,2021,신규,26.07~27.07,,,,,
마포구,11440,신공덕동,202607,오피스텔_전월세,갑을명가시티2,신공덕동,1-48,16.76,,1000,65,13,20,,신규,26.07~27.07,,,,,
마포구,11440,상암동,202607,오피스텔_전월세,"상암DMC푸르지오시티, S-City",상암동,1596,24.6,,20000,20,11,4,2017,신규,26.08~28.08,,,,,
마포구,11440,성산동,202607,오피스텔_전월세,상암 두산위브센티움,성산동,590-1,23.24,,1000,77,10,18,2013,갱신,26.08~27.08,1000.0,74.0,,,
마포구,11440,성산동,202607,오피스텔_전월세,상암월드시티,성산동,590-5,19.81,,1000,78,13,16,2014,갱신,26.08~27.08,1000.0,75.0,,,
마포구,11440,성산동,202607,오피스텔_전월세,상암월드시티,성산동,590-5,16.52,,1000,63,11,16,2014,갱신,26.08~27.08,1000.0,60.0,,,
마포구,11440,성산동,202607,오피스텔_전월세,벽산상암스마트큐브,성산동,593-1,19.2,,2000,75,6,3,2017,신규,26.08~27.08,,,,,
마포구,11440,성산동,202607,오피스텔_전월세,상암 스위트포레,성산동,591-5,18.55,,1000,68,13,9,2016,갱신,26.09~28.09,1000.0,65.0,사용,,
마포구,11440,노고산동,202607,오피스텔_전월세,에스빌,노고산동,56-54,19.58,,6000,20,4,14,2003,갱신,26.08~28.08,6000.0,18.0,,,
마포구,11440,노고산동,202607,오피스텔_전월세,에스빌,노고산동,56-54,25.44,,7000,17,3,14,2003,갱신,26.08~28.08,7000.0,15.0,,,
마포구,11440,상암동,202607,오피스텔_전월세,상암 한화 오벨리스크,상암동,1734,24.22,,12000,15,8,1,2013,신규,26.08~28.08,,,,,
마포구,11440,도화동,202607,오피스텔_전월세,나눔빌딩,도화동,571,26.25,,1000,95,14,18,2015,신규,26.08~27.08,,,,,
마포구,11440,신공덕동,202607,오피스텔_전월세,갑을명가시티2,신공덕동,1-48,16.76,,12500,12,12,20,,갱신,26.08~28.08,12500.0,10.0,,,
마포구,11440,상암동,202607,오피스텔_전월세,상암 한화 오벨리스크,상암동,1734,19.93,,1000,63,3,15,2013,갱신,26.09~27.09,1000.0,60.0,,,
마포구,11440,성산동,202607,오피스텔_전월세,태림센트윈상암,성산동,593-10,27.32,,10000,100,11,11,2019,갱신,26.07~28.07,10000.0,95.0,,,
마포구,11440,서교동,202607,오피스텔_전월세,MJ블랑로튜스,서교동,372-8,20.38,,15000,50,6,11,2023,갱신,26.07~27.07,15000.0,45.0,,,
마포구,11440,성산동,202607,오피스텔_전월세,상암 스위트포레,성산동,591-5,18.55,,1000,75,6,15,2016,신규,26.07~27.07,,,,,
마포구,11440,공덕동,202607,오피스텔_전월세,(15-3),공덕동,15-3,21.45,,8800,0,3,3,2002,신규,26.07~28.07,,,,,
마포구,11440,성산동,202607,오피스텔_전월세,상암 카리스 다올림 오피스텔,성산동,593-11,17.48,,9500,40,4,13,2018,신규,26.09~28.09,,,,,
마포구,11440,아현동,202607,오피스텔_전월세,효성인텔리안,아현동,733,33.17,,1000,95,11,8,2005,신규,26.07~27.07,,,,,
마포구,11440,공덕동,202607,오피스텔_전월세,블레스하임 3차,공덕동,111-106,23.4,,29000,0,11,17,2022,신규,26.09~28.09,,,,,
마포구,11440,도화동,202607,오피스텔_전월세,나눔빌딩,도화동,571,23.04,,18000,20,9,18,2015,신규,26.09~28.09,,,,,
마포구,11440,상암동,202607,오피스텔_전월세,상암 오벨리스크 2차,상암동,1748,26.51,,16000,15,4,17,2014,신규,26.09~28.09,,,,,
마포구,11440,공덕동,202607,오피스텔_전월세,블레스하임-ll,공덕동,108-65,23.5,,27000,0,5,18,2020,신규,26.08~28.08,,,,,
마포구,11440,성산동,202607,오피스텔_전월세,상암 스위트포레,성산동,591-5,18.55,,1000,78,14,16,2016,신규,26.08~27.08,,,,,
마포구,11440,공덕동,202607,오피스텔_전월세,공덕푸르지오시티,공덕동,475,27.74,,1000,100,9,16,2013,갱신,26.07~27.07,23100.0,,,,
마포구,11440,성산동,202607,오피스텔_전월세,마포상암시티프라디움리버,성산동,593-7,17.02,,1000,95,4,16,2021,신규,26.08~27.08,,,,,
마포구,11440,합정동,202607,오피스텔_전월세,마포 한강 2차 푸르지오,합정동,473,23.09,,1000,115,20,2,2016,신규,26.07~28.07,,,,,
마포구,11440,합정동,202607,오피스텔_전월세,마포 한강 2차 푸르지오,합정동,473,25.49,,31900,0,17,10,2016,갱신,26.08~28.08,31900.0,,,,
마포구,11440,도화동,202607,오피스텔_전월세,마포트라팰리스,도화동,559,80.3,,3000,280,30,8,2006,신규,26.08~28.08,,,,,
마포구,11440,공덕동,202607,오피스텔_전월세,마포현대하이엘,공덕동,463,31.38,,21500,0,16,15,2005,신규,26.09~28.09,,,,,
마포구,11440,성산동,202607,오피스텔_전월세,태림센트윈상암,성산동,593-10,29.97,,30000,0,14,16,2019,신규,26.09~28.09,,,,,
마포구,11440,성산동,202607,오피스텔_전월세,상암월드시티,성산동,590-5,19.81,,1000,80,14,6,2014,신규,26.07~27.07,,,,,
마포구,11440,상암동,202607,오피스텔_전월세,상암 한화 오벨리스크,상암동,1734,24.22,,1000,68,6,16,2013,신규,26.08~27.08,,,,,
마포구,11440,신공덕동,202607,오피스텔_전월세,신공덕동 THE NEST 오피스텔,신공덕동,14-5,15.89,,1000,55,15,4,2012,갱신,26.07~27.07,1000.0,55.0,,,
마포구,11440,성산동,202607,오피스텔_전월세,상암 도시엔 오피스텔,성산동,592-3,18.83,,13500,20,8,16,2017,신규,26.08~28.08,,,,,
마포구,11440,성산동,202607,오피스텔_전월세,KCC상암스튜디오380,성산동,590-4,20.35,,1000,73,5,9,2014,신규,26.07~27.07,,,,,
마포구,11440,성산동,202607,오피스텔_전월세,상암미르웰한올림,성산동,593-5,16.36,,13600,15,7,15,2018,신규,26.08~27.08,,,,,
마포구,11440,성산동,202607,오피스텔_전월세,마포클레세,성산동,592-8,24.92,,27000,0,5,15,2022,신규,26.08~28.08,,,,,
마포구,11440,성산동,202607,오피스텔_전월세,동우 자인채 스토리 상암,성산동,593-3,24.25,,23100,0,9,13,2018,갱신,26.08~28.08,23100.0,,사용,,
마포구,11440,성산동,202607,오피스텔_전월세,골든빌오피스텔,성산동,51-2,23.86,,12000,0,8,9,2004,신규,26.10~28.10,,,,,
마포구,11440,상암동,202607,오피스텔_전월세,사보이시티디엠씨,상암동,1597,21.65,,12500,10,7,16,2016,신규,26.08~28.08,,,,,
마포구,11440,성산동,202607,오피스텔_전월세,KCC상암스튜디오380,성산동,590-4,23.09,,1000,84,10,10,2014,갱신,26.08~27.08,1000.0,80.0,,,
마포구,11440,도화동,202607,오피스텔_전월세,에스케이허브그린,도화동,556,38.51,,26000,5,17,15,2005,갱신,26.10~28.10,26000.0,,사용,,
마포구,11440,상암동,202607,오피스텔_전월세,상암 오벨리스크 2차,상암동,1748,20.7,,1000,70,2,15,2014,신규,26.07~27.07,,,,,
마포구,11440,도화동,202607,오피스텔_전월세,에스케이허브그린,도화동,556,38.51,,1000,110,20,15,2005,신규,26.07~28.07,,,,,
마포구,11440,상암동,202607,오피스텔_전월세,상암 한화 오벨리스크,상암동,1734,19.93,,8900,25,2,9,2013,신규,26.08~28.08,,,,,
마포구,11440,노고산동,202607,오피스텔_전월세,에피소드 신촌 369,노고산동,57-50,18.39,,600,120,12,1,2021,신규,26.07~27.07,,,,,
마포구,11440,성산동,202607,오피스텔_전월세,상암 도시엔 오피스텔,성산동,592-3,18.83,,1500,83,7,15,2017,신규,26.08~27.08,,,,,
마포구,11440,성산동,202607,오피스텔_전월세,상암 스위트포레,성산동,591-5,18.55,,2000,73,3,4,2016,갱신,26.07~27.07,2000.0,70.0,사용,,
마포구,11440,성산동,202607,오피스텔_전월세,상암월드시티,성산동,590-5,19.81,,1000,75,4,11,2014,신규,26.08~27.08,,,,,
마포구,11440,서교동,202607,오피스텔_전월세,엠제이더퍼스트홍대,서교동,371-7,20.49,,26000,5,9,4,2018,신규,26.08~28.08,,,,,
마포구,11440,성산동,202607,오피스텔_전월세,상암 우남퍼스트빌스타,성산동,592-5,16.86,,1000,80,20,4,2017,신규,26.07~27.07,,,,,
마포구,11440,상암동,202607,오피스텔_전월세,"상암DMC푸르지오시티, S-City",상암동,1596,24.6,,1000,100,7,13,2017,신규,26.07~27.07,,,,,
마포구,11440,신공덕동,202607,오피스텔_전월세,갑을명가시티2,신공덕동,1-48,16.76,,10500,20,17,13,,신규,26.08~28.08,,,,,
마포구,11440,상암동,202607,오피스텔_전월세,상암 오벨리스크 2차,상암동,1748,24.2,,1000,78,3,14,2014,신규,26.07~27.07,,,,,
마포구,11440,성산동,202607,오피스텔_전월세,상암미르웰한올림,성산동,593-5,16.36,,13600,25,11,8,2018,갱신,26.09~28.09,14000.0,20.0,사용,,
마포구,11440,성산동,202607,오피스텔_전월세,마포클레세,성산동,592-8,20.53,,10000,70,7,11,2022,신규,26.08~28.08,,,,,
마포구,11440,공덕동,202607,오피스텔_전월세,마포공덕파크팰리스Ⅱ,공덕동,462,33.01,,5000,90,5,11,2005,갱신,26.08~27.08,5000.0,85.0,,,
마포구,11440,상암동,202607,오피스텔_전월세,사보이시티디엠씨,상암동,1597,21.65,,1000,75,12,1,2016,신규,26.07~27.07,,,,,
마포구,11440,성산동,202607,오피스텔_전월세,상암 스위트포레,성산동,591-5,18.55,,1000,74,12,12,2016,갱신,26.07~27.07,1000.0,70.0,,,
마포구,11440,성산동,202607,오피스텔_전월세,상암 수린나 오피스텔,성산동,593-2,17.55,,3000,68,6,10,2018,갱신,26.07~27.07,3000.0,65.0,,,
마포구,11440,성산동,202607,오피스텔_전월세,상암 스위트포레,성산동,591-5,18.55,,8000,35,10,11,2016,신규,26.09~28.09,,,,,
마포구,11440,공덕동,202607,오피스텔_전월세,공덕오피스타,공덕동,12-98,16.13,,1000,65,16,4,2013,신규,26.07~27.07,,,,,
마포구,11440,신공덕동,202607,오피스텔_전월세,신공덕동 THE NEST 오피스텔,신공덕동,14-5,16.93,,7000,30,11,11,2012,신규,26.08~27.08,,,,,
마포구,11440,성산동,202607,오피스텔_전월세,엔트라움마포,성산동,232-1,34.72,,34000,0,2,13,2023,신규,26.08~28.08,,,,,
마포구,11440,신공덕동,202607,오피스텔_전월세,메트로디오빌,신공덕동,167,26.74,,1000,95,16,13,2005,신규,26.08~27.08,,,,,
마포구,11440,성산동,202607,오피스텔_전월세,마포클레세,성산동,592-8,24.92,,28000,0,10,11,2022,갱신,26.07~27.07,28000.0,6.0,,,
마포구,11440,도화동,202607,오피스텔_전월세,에비뉴 67,도화동,573,24.58,,1000,99,11,8,2021,신규,26.07~28.07,,,,,
마포구,11440,아현동,202607,오피스텔_전월세,마포 에스케이 허브 블루,아현동,737,35.09,,1000,88,20,4,2006,신규,26.07~27.07,,,,,
마포구,11440,공덕동,202607,오피스텔_전월세,공덕푸르지오시티,공덕동,475,27.74,,10000,0,19,10,2013,신규,26.07~28.07,,,,,
마포구,11440,상암동,202607,오피스텔_전월세,상암 오벨리스크 2차,상암동,1748,20.7,,1000,68,4,13,2014,갱신,26.08~27.08,1000.0,65.0,,,
마포구,11440,도화동,202607,오피스텔_전월세,에스케이허브그린,도화동,556,47.78,,2000,140,7,11,2005,갱신,26.07~27.07,2000.0,140.0,사용,,
마포구,11440,상암동,202607,오피스텔_전월세,상암 한화 오벨리스크,상암동,1734,19.93,,500,67,5,10,2013,신규,26.08~27.08,,,,,
마포구,11440,아현동,202607,오피스텔_전월세,효성인텔리안,아현동,733,25.75,,7000,50,15,10,2005,갱신,26.08~28.08,7000.0,45.0,,,
마포구,11440,성산동,202607,오피스텔_전월세,상암 스위트포레,성산동,591-5,18.55,,12000,13,10,9,2016,갱신,26.09~28.09,12000.0,10.0,,,
마포구,11440,상암동,202607,오피스텔_전월세,상암 오벨리스크 2차,상암동,1748,25.48,,1000,79,3,11,2014,신규,26.08~28.08,,,,,
마포구,11440,도화동,202607,오피스텔_전월세,나눔빌딩,도화동,571,23.04,,1000,84,14,11,2015,신규,26.08~27.07,,,,,
마포구,11440,상암동,202607,오피스텔_전월세,상암 한화 오벨리스크,상암동,1734,19.93,,500,70,3,11,2013,신규,26.07~27.07,,,,,
마포구,11440,서교동,202607,오피스텔_전월세,명지한강빌드웰,서교동,394-45,24.73,,1000,80,6,4,2005,신규,26.07~28.07,,,,,
마포구,11440,노고산동,202607,오피스텔_전월세,에스빌,노고산동,56-54,19.58,,6000,12,4,1,2003,신규,26.07~28.07,,,,,
마포구,11440,공덕동,202607,오피스텔_전월세,공덕오피스타,공덕동,12-98,19.41,,12500,0,5,11,2013,신규,26.08~28.08,,,,,
마포구,11440,도화동,202607,오피스텔_전월세,나눔빌딩,도화동,571,25.56,,22000,0,16,7,2015,갱신,26.08~28.08,21000.0,,사용,,
마포구,11440,도화동,202607,오피스텔_전월세,고려아카데미텔,도화동,36,20.25,,1000,75,16,10,1988,신규,26.07~27.07,,,,,
마포구,11440,노고산동,202607,오피스텔_전월세,에피소드 신촌 369,노고산동,57-50,18.39,,1000,107,5,6,2021,신규,26.07~27.07,,,,,
마포구,11440,성산동,202607,오피스텔_전월세,상암 스위트포레,성산동,591-5,18.55,,3000,64,5,8,2016,신규,26.08~27.08,,,,,
마포구,11440,상암동,202607,오피스텔_전월세,상암 오벨리스크 2차,상암동,1748,24.2,,1000,78,5,4,2014,신규,26.07~27.07,,,,,
마포구,11440,상암동,202607,오피스텔_전월세,사보이시티디엠씨,상암동,1597,21.65,,1000,73,9,10,2016,신규,26.07~27.07,,,,,
마포구,11440,성산동,202607,오피스텔_전월세,상암 수린나 오피스텔,성산동,593-2,17.55,,14500,10,5,9,2018,신규,26.09~28.09,,,,,
마포구,11440,상수동,202607,오피스텔_전월세,세방글로벌시티,상수동,157-1,29.5,,17000,12,15,4,2005,갱신,26.08~28.08,17000.0,9.0,,,
마포구,11440,서교동,202607,오피스텔_전월세,엠제이 더퍼스트 마포한강,서교동,393-1,15.56,,24000,0,9,4,2019,갱신,26.07~28.07,24000.0,,,,
마포구,11440,상암동,202607,오피스텔_전월세,상암 한화 오벨리스크,상암동,1734,24.22,,1000,70,7,8,2013,신규,26.07~27.07,,,,,
마포구,11440,공덕동,202607,오피스텔_전월세,마포 신영 지웰,공덕동,461,29.33,,1000,95,14,9,2004,신규,26.07~27.04,,,,,
마포구,11440,신수동,202607,오피스텔_전월세,에버 오피스텔 A동,신수동,81-43,24.56,,4000,35,3,9,2003,신규,26.08~28.08,,,,,
마포구,11440,합정동,202607,오피스텔_전월세,마포 한강 2차 푸르지오,합정동,473,23.65,,10000,70,21,8,2016,신규,26.08~27.08,,,,,
마포구,11440,상암동,202607,오피스텔_전월세,상암 오벨리스크 2차,상암동,1748,24.2,,10000,0,3,9,2014,신규,26.07~28.07,,,,,
마포구,11440,성산동,202607,오피스텔_전월세,동우 자인채 스토리 상암,성산동,593-3,16.35,,1000,72,15,4,2018,신규,26.07~27.07,,,,,
마포구,11440,상암동,202607,오피스텔_전월세,상암 오벨리스크 2차,상암동,1748,24.2,,12000,25,6,1,2014,갱신,26.07~27.07,12800.0,16.0,,,
마포구,11440,공덕동,202607,오피스텔_전월세,공덕오피스타,공덕동,12-98,16.88,,1000,65,17,4,2013,신규,26.07~27.07,,,,,
마포구,11440,상암동,202607,오피스텔_전월세,상암 오벨리스크 2차,상암동,1748,24.2,,1000,75,5,4,2014,신규,26.07~27.07,,,,,
마포구,11440,성산동,202607,오피스텔_전월세,이안상암,성산동,591-1,60.62,,39000,0,7,9,2005,갱신,26.08~28.08,38000.0,,,,
마포구,11440,신공덕동,202607,오피스텔_전월세,블루마리오피스텔,신공덕동,3-3,17.73,,1000,78,15,3,2017,신규,26.07~28.07,,,,,
마포구,11440,공덕동,202607,오피스텔_전월세,공덕푸르지오시티,공덕동,475,27.74,,22500,10,11,7,2013,갱신,26.08~27.08,22500.0,,,,
마포구,11440,아현동,202607,오피스텔_전월세,효성인텔리안,아현동,733,37.22,,15000,50,5,3,2005,갱신,26.07~27.07,13000.0,52.0,,,
마포구,11440,공덕동,202607,오피스텔_전월세,블레스하임-ll,공덕동,108-65,23.5,,28850,0,11,8,2020,갱신,26.08~26.10,28850.0,,,,
마포구,11440,성산동,202607,오피스텔_전월세,상암월드시티,성산동,590-5,16.52,,1000,63,9,8,2014,갱신,26.07~27.07,1000.0,60.0,,,
마포구,11440,상암동,202607,오피스텔_전월세,상암 한화 오벨리스크,상암동,1734,24.22,,1000,72,10,3,2013,신규,26.07~27.07,,,,,
마포구,11440,상암동,202607,오피스텔_전월세,상암 오벨리스크 2차,상암동,1748,24.2,,4000,53,10,7,2014,신규,26.07~27.07,,,,,
마포구,11440,성산동,202607,오피스텔_전월세,상암미르웰한올림,성산동,593-5,16.36,,3000,76,5,8,2018,신규,26.07~27.07,,,,,
마포구,11440,공덕동,202607,오피스텔_전월세,마포공덕파크팰리스Ⅱ,공덕동,462,42.5,,36000,0,8,4,2005,신규,26.08~27.08,,,,,
마포구,11440,신공덕동,202607,오피스텔_전월세,갑을명가시티2,신공덕동,1-48,16.76,,10800,15,8,7,,신규,26.08~27.08,,,,,
마포구,11440,상암동,202607,오피스텔_전월세,상암 한화 오벨리스크,상암동,1734,24.22,,5000,50,7,7,2013,신규,26.07~27.07,,,,,
마포구,11440,아현동,202607,오피스텔_전월세,마포 에스케이 허브 블루,아현동,737,33.7,,19800,8,10,7,2006,갱신,26.07~28.07,19800.0,8.0,,,
마포구,11440,노고산동,202607,오피스텔_전월세,신촌다올노블리움,노고산동,1-25,19.65,,21000,5,12,7,2017,신규,26.09~28.09,,,,,
마포구,11440,도화동,202607,오피스텔_전월세,고려아카데미텔,도화동,36,20.25,,500,47,9,7,1988,갱신,26.08~27.08,500.0,47.0,,,
마포구,11440,노고산동,202607,오피스텔_전월세,더신촌힐,노고산동,54-13,14.28,,1000,115,3,7,2020,신규,26.07~27.07,,,,,
마포구,11440,성산동,202607,오피스텔_전월세,상암 수린나 오피스텔,성산동,593-2,17.55,,14700,15,4,4,2018,신규,26.08~28.08,,,,,
마포구,11440,도화동,202607,오피스텔_전월세,고려아카데미텔,도화동,36,20.25,,14500,0,12,6,1988,갱신,26.07~28.07,14000.0,,,,
마포구,11440,성산동,202607,오피스텔_전월세,상암미르웰한올림,성산동,593-5,16.36,,13600,10,3,6,2018,신규,26.07~28.07,,,,,
마포구,11440,상암동,202607,오피스텔_전월세,상암 한화 오벨리스크,상암동,1734,19.93,,500,70,7,6,2013,신규,26.07~27.07,,,,,
마포구,11440,상암동,202607,오피스텔_전월세,상암 오벨리스크 2차,상암동,1748,24.2,,1000,80,8,5,2014,신규,26.07~27.07,,,,,
마포구,11440,성산동,202607,오피스텔_전월세,벽산상암스마트큐브,성산동,593-1,19.2,,1000,80,13,4,2017,신규,26.07~27.07,,,,,
마포구,11440,서교동,202607,오피스텔_전월세,노벨리아 서교,서교동,354-9,18,,17500,0,6,2,2018,신규,26.07~28.07,,,,,
마포구,11440,상암동,202607,오피스텔_전월세,상암 한화 오벨리스크,상암동,1734,24.22,,1000,68,6,3,2013,갱신,26.07~27.07,1000.0,65.0,,,
마포구,11440,상암동,202607,오피스텔_전월세,"상암DMC푸르지오시티, S-City",상암동,1596,19.76,,17400,10,12,4,2017,신규,26.08~28.08,,,,,
마포구,11440,합정동,202607,오피스텔_전월세,마포 한강 2차 푸르지오,합정동,473,23.43,,1000,105,29,3,2016,갱신,26.09~27.08,1000.0,100.0,,,
마포구,11440,상암동,202607,오피스텔_전월세,상암 오벨리스크 2차,상암동,1748,20.7,,1000,67,3,7,2014,갱신,26.08~27.08,1000.0,65.0,,,
마포구,11440,신공덕동,202607,오피스텔_전월세,블루마리오피스텔,신공덕동,3-3,18.02,,1000,78,13,4,2017,신규,26.08~27.08,,,,,
마포구,11440,서교동,202607,오피스텔_전월세,엠제이 더퍼스트 마포한강,서교동,393-1,18.86,,28000,0,10,1,2019,갱신,26.08~27.08,28000.0,,,,
마포구,11440,성산동,202607,오피스텔_전월세,상암미르웰한올림,성산동,593-5,16.36,,13600,23,6,4,2018,갱신,26.08~28.08,14800.0,15.0,,,
마포구,11440,성산동,202607,오피스텔_전월세,상암미르웰한올림,성산동,593-5,16.36,,1000,80,8,4,2018,신규,26.07~27.07,,,,,
마포구,11440,성산동,202607,오피스텔_전월세,상암 두산위브센티움,성산동,590-1,23.24,,13200,25,12,2,2013,신규,26.09~28.09,,,,,
마포구,11440,성산동,202607,오피스텔_전월세,상암미르웰한올림,성산동,593-5,16.36,,14300,0,12,3,2018,신규,26.07~28.07,,,,,
마포구,11440,성산동,202607,오피스텔_전월세,이안상암,성산동,591-1,76.04,,49000,0,13,3,2005,신규,26.07~28.07,,,,,
마포구,11440,아현동,202607,오피스텔_전월세,마포 에스케이 허브 블루,아현동,737,35.09,,2000,83,9,5,2006,갱신,26.07~28.07,2000.0,79.0,,,
마포구,11440,성산동,202607,오피스텔_전월세,상암월드시티,성산동,590-5,19.81,,2000,60,13,6,2014,갱신,26.07~27.07,2000.0,50.0,,,
마포구,11440,성산동,202607,오피스텔_전월세,동우 자인채 스토리 상암,성산동,593-3,16.35,,13000,10,10,4,2018,신규,26.08~28.08,,,,,
마포구,11440,성산동,202607,오피스텔_전월세,엔트라움마포,성산동,232-1,34.7,,36700,0,4,1,2023,갱신,26.08~28.08,35000.0,,,,
마포구,11440,도화동,202607,오피스텔_전월세,나눔빌딩,도화동,571,26.25,,5000,80,10,3,2015,신규,26.09~27.09,,,,,
마포구,11440,성산동,202607,오피스텔_전월세,동우 자인채 스토리 상암,성산동,593-3,16.35,,1000,70,9,4,2018,신규,26.07~27.07,,,,,
마포구,11440,공덕동,202607,오피스텔_전월세,벨로하우스 공덕,공덕동,111-201,50.93,,34000,0,3,4,2019,신규,26.08~28.08,,,,,
마포구,11440,도화동,202607,오피스텔_전월세,나눔빌딩,도화동,571,25.56,,5000,80,8,3,2015,신규,26.08~28.08,,,,,
마포구,11440,성산동,202607,오피스텔_전월세,상암 퍼스티지 더올림 오피스텔,성산동,591-6,17.14,,2000,70,11,3,2018,신규,26.07~27.07,,,,,
마포구,11440,합정동,202607,오피스텔_전월세,마포 한강 2차 푸르지오,합정동,473,25.49,,1000,120,8,4,2016,신규,26.08~27.08,,,,,
마포구,11440,공덕동,202607,오피스텔_전월세,DK빌딩,공덕동,27-4,25.49,,1000,100,4,3,2020,신규,26.07~27.07,,,,,
마포구,11440,상암동,202607,오피스텔_전월세,"상암DMC푸르지오시티, S-City",상암동,1596,17.68,,1000,75,11,1,2017,신규,26.07~27.07,,,,,
마포구,11440,성산동,202607,오피스텔_전월세,동우 자인채 스토리 상암,성산동,593-3,24.25,,20000,20,3,2,2018,갱신,26.08~28.08,20000.0,15.0,사용,,
마포구,11440,신공덕동,202607,오피스텔_전월세,신공덕동 THE NEST 오피스텔,신공덕동,14-5,16.93,,500,65,5,3,2012,신규,26.07~27.07,,,,,
마포구,11440,성산동,202607,오피스텔_전월세,상암 우남퍼스트빌스타,성산동,592-5,16.91,,13950,20,16,2,2017,신규,26.08~28.08,,,,,
마포구,11440,상암동,202607,오피스텔_전월세,상암 한화 오벨리스크,상암동,1734,24.22,,8000,30,3,1,2013,신규,26.08~28.08,,,,,
마포구,11440,성산동,202607,오피스텔_전월세,상암미르웰한올림,성산동,593-5,16.36,,13600,24,6,2,2018,신규,26.08~28.08,,,,,
마포구,11440,도화동,202607,오피스텔_전월세,고려아카데미텔,도화동,36,20.25,,1000,75,8,3,1988,신규,26.07~27.07,,,,,
마포구,11440,성산동,202607,오피스텔_전월세,태림센트윈Ⅱ,성산동,592-2,25.87,,5000,125,5,1,2021,신규,26.08~27.08,,,,,
마포구,11440,성산동,202607,오피스텔_전월세,상암 우남퍼스트빌스타,성산동,592-5,16.91,,4000,56,10,3,2017,갱신,26.09~27.09,4000.0,53.0,,,
마포구,11440,성산동,202607,오피스텔_전월세,벽산상암스마트큐브,성산동,593-1,19.2,,1000,80,14,3,2017,신규,26.07~27.07,,,,,
마포구,11440,신공덕동,202607,오피스텔_전월세,공덕프로포즈Ⅱ,신공덕동,15-80,18.53,,6000,35,2,2,2015,신규,26.07~27.07,,,,,
마포구,11440,염리동,202607,오피스텔_전월세,삼부골든타워,염리동,164-4,32.5,,24600,0,9,1,2003,신규,26.08~28.08,,,,,
마포구,11440,성산동,202607,오피스텔_전월세,그린 오피스텔,성산동,648-8,20.9,,1000,60,2,1,2002,신규,26.07~28.06,,,,,
마포구,11440,성산동,202607,오피스텔_전월세,상암 퍼스티지 더올림 오피스텔,성산동,591-6,17.3,,9000,42,10,1,2018,갱신,26.07~28.07,9000.0,38.0,,,
마포구,11440,성산동,202607,오피스텔_전월세,상암월드시티,성산동,590-5,16.52,,1000,66,8,1,2014,신규,26.07~27.07,,,,,
마포구,11440,성산동,202607,오피스텔_전월세,엔트라움마포,성산동,232-1,35.74,,1000,200,2,1,2023,갱신,26.07~27.07,1000.0,200.0,,,
마포구,11440,구수동,202607,연립다세대_전월세,근상프리즘1동,구수동,21-1,64.2,,40000,0,3,14,2009,,,,,,,
마포구,11440,연남동,202607,연립다세대_전월세,라센트라연남,연남동,361-10,30,,4000,160,2,9,2022,,,,,,,
마포구,11440,서교동,202607,연립다세대_전월세,안인아파트,서교동,485-25,56.05,,34000,26,4,1,2017,,,,,,,
마포구,11440,상암동,202607,연립다세대_전월세,(11-19),상암동,11-19,15.54,,1000,50,4,24,2013,신규,26.07~27.07,,,,,
마포구,11440,연남동,202607,연립다세대_전월세,삼보빌,연남동,570-18,20.36,,5000,30,2,29,2011,신규,26.08~28.08,,,,,
마포구,11440,합정동,202607,연립다세대_전월세,고려빌라트,합정동,391-2,126.61,,69,85,4,30,1992,갱신,26.08~26.12,69.0,75.0,,,
마포구,11440,합정동,202607,연립다세대_전월세,명성힐즈,합정동,440-15,49.72,,30000,0,1,11,2003,신규,26.08~28.08,,,,,
마포구,11440,신수동,202607,연립다세대_전월세,(49-10),신수동,49-10,65.71,,20000,90,1,26,2002,갱신,26.09~28.09,20000.0,50.0,,,
마포구,11440,연남동,202607,연립다세대_전월세,라센트라연남,연남동,361-10,30,,4000,160,3,9,2022,신규,26.07~28.07,,,,,
마포구,11440,연남동,202607,연립다세대_전월세,파크사이드연남,연남동,481-5,28.48,,25000,0,3,28,2026,신규,26.07~28.07,,,,,
마포구,11440,연남동,202607,연립다세대_전월세,삼보빌,연남동,570-18,20.36,,5000,30,2,29,2011,신규,26.08~28.08,,,,,
마포구,11440,연남동,202607,연립다세대_전월세,(223-4),연남동,223-4,54.88,,23000,15,3,7,2002,신규,26.08~28.08,,,,,
마포구,11440,연남동,202607,연립다세대_전월세,워너빌,연남동,493-48,13.34,,500,50,5,22,2013,신규,26.08~28.08,,,,,
마포구,11440,합정동,202607,연립다세대_전월세,백운아트빌라(445-2),합정동,445-2,36.6,,1500,125,3,8,1990,신규,26.08~28.08,,,,,
마포구,11440,합정동,202607,연립다세대_전월세,(370-5),합정동,370-5,35.46,,13000,10,2,30,1986,신규,26.09~28.09,,,,,
마포구,11440,합정동,202607,연립다세대_전월세,(81-24),합정동,81-24,66.72,,25000,0,2,30,1990,신규,26.09~28.09,,,,,
마포구,11440,합정동,202607,연립다세대_전월세,써니힐,합정동,392-2,52.02,,15000,72,3,31,2002,갱신,26.09~28.09,15000.0,69.0,사용,,
마포구,11440,망원동,202607,연립다세대_전월세,(464-4),망원동,464-4,43.72,,1500,80,2,30,1991,갱신,26.08~28.02,1500.0,75.0,,,
마포구,11440,도화동,202607,연립다세대_전월세,대원빌리지,도화동,347-99,33.39,,1000,90,5,16,2001,신규,26.08~27.08,,,,,
마포구,11440,성산동,202607,연립다세대_전월세,(223-2),성산동,223-2,16.37,,8900,0,6,27,2012,갱신,26.08~28.08,8900.0,,,,
마포구,11440,서교동,202607,연립다세대_전월세,(457-27),서교동,457-27,32.11,,500,92,5,29,2012,신규,26.08~28.08,,,,,
마포구,11440,서교동,202607,연립다세대_전월세,대광빌라,서교동,368-15,36.8,,2000,85,2,8,1991,신규,26.08~28.08,,,,,
마포구,11440,망원동,202607,연립다세대_전월세,(421-31),망원동,421-31,53.39,,20000,14,3,29,2001,신규,26.09~28.09,,,,,
마포구,11440,서교동,202607,연립다세대_전월세,송가네서교빌(대수선),서교동,464-54,20.97,,1000,45,2,31,2002,신규,26.07~28.07,,,,,
마포구,11440,서교동,202607,연립다세대_전월세,아띠끄빌,서교동,464-57,28.95,,18000,48,2,15,2014,신규,26.08~28.08,,,,,
마포구,11440,망원동,202607,연립다세대_전월세,한독,망원동,408-2,59.73,,5000,120,3,16,1995,신규,26.08~28.08,,,,,
마포구,11440,망원동,202607,연립다세대_전월세,"무지개빌라(B,C)",망원동,405-48,36.72,,23000,0,1,23,1991,신규,26.08~28.08,,,,,
마포구,11440,합정동,202607,연립다세대_전월세,홍희빌라A동,합정동,365-12,35.55,,21000,0,1,24,1987,신규,26.09~28.09,,,,,
마포구,11440,연남동,202607,연립다세대_전월세,행복이가득한집,연남동,504-17,17.28,,2000,50,3,27,2011,신규,26.08~27.08,,,,,
마포구,11440,연남동,202607,연립다세대_전월세,(561-30),연남동,561-30,41.21,,3000,130,4,21,2015,신규,26.08~28.08,,,,,
마포구,11440,성산동,202607,연립다세대_전월세,제이빌,성산동,239-29,19.5,,1000,58,2,20,2014,신규,26.08~28.08,,,,,
마포구,11440,대흥동,202607,연립다세대_전월세,아트리버빌,대흥동,22-37,27.84,,10000,80,4,16,2017,신규,26.09~28.09,,,,,
마포구,11440,서교동,202607,연립다세대_전월세,(382-16),서교동,382-16,26.05,,10000,40,3,17,2012,갱신,26.07~26.09,10000.0,40.0,,,
마포구,11440,성산동,202607,연립다세대_전월세,해뜨는집,성산동,39-7,18.76,,1000,55,2,24,2013,신규,26.08~28.08,,,,,
마포구,11440,신수동,202607,연립다세대_전월세,(91-449),신수동,91-449,13.94,,5000,35,2,20,2012,신규,26.08~28.08,,,,,
마포구,11440,망원동,202607,연립다세대_전월세,채움하이빌,망원동,380-29,14.85,,1000,63,3,10,2012,신규,26.08~28.08,,,,,
마포구,11440,연남동,202607,연립다세대_전월세,어쩌다집연남,연남동,240-9,23.21,,2000,97,5,23,2023,신규,26.08~27.08,,,,,
마포구,11440,서교동,202607,연립다세대_전월세,석호빌라,서교동,395-82,33.66,,1000,75,2,12,2001,갱신,26.07~27.07,1000.0,71.0,사용,,
마포구,11440,서교동,202607,연립다세대_전월세,서교노블에비뉴,서교동,452-4,26.7,,4000,117,5,18,2020,신규,26.08~28.08,,,,,
마포구,11440,동교동,202607,연립다세대_전월세,gg하우스,동교동,204-39,23.76,,1000,68,2,24,2009,신규,26.08~28.08,,,,,
마포구,11440,서교동,202607,연립다세대_전월세,(457-27),서교동,457-27,15.91,,500,52,2,25,2012,신규,26.07~28.07,,,,,
마포구,11440,망원동,202607,연립다세대_전월세,삼우렉스빌에이동,망원동,469-32,23.1,,17900,0,4,28,2012,갱신,26.08~28.08,17100.0,,사용,,
마포구,11440,성산동,202607,연립다세대_전월세,한주팰리스,성산동,261-28,27.36,,33300,0,2,22,2019,신규,26.08~28.08,,,,,
마포구,11440,창전동,202607,연립다세대_전월세,웅지빌라,창전동,6-253,27.66,,12000,0,1,30,1997,신규,26.09~28.09,,,,,
마포구,11440,망원동,202607,연립다세대_전월세,해오름(417-17),망원동,417-17,50.84,,5200,76,3,22,2011,갱신,26.07~28.07,5200.0,72.0,,,
마포구,11440,서교동,202607,연립다세대_전월세,3차홍익타운,서교동,398-25,69.78,,28000,26,1,27,1991,갱신,26.08~28.08,33000.0,,사용,,
마포구,11440,당인동,202607,연립다세대_전월세,"홍익그린빌라(가,나동)",당인동,13-7,173.85,,200,80,-1,25,1996,신규,26.08~27.08,,,,,
마포구,11440,서교동,202607,연립다세대_전월세,영복빌딩,서교동,358-135,60.27,,0,200,4,14,2017,신규,26.08~28.07,,,,,
마포구,11440,합정동,202607,연립다세대_전월세,한올빌라B,합정동,375-33,29.43,,12000,50,2,24,1990,신규,26.09~28.09,,,,,
마포구,11440,연남동,202607,연립다세대_전월세,가버나움,연남동,493-50,18.13,,1000,63,3,15,2013,신규,26.08~28.08,,,,,
마포구,11440,성산동,202607,연립다세대_전월세,보영빌라,성산동,37-4,89.3,,34000,0,2,30,1997,갱신,26.08~28.08,32500.0,,사용,,
마포구,11440,성산동,202607,연립다세대_전월세,무지개빌라,성산동,165-79,89.07,,100,30,1,23,1977,신규,26.08~28.08,,,,,
마포구,11440,서교동,202607,연립다세대_전월세,문영빌딩,서교동,482-28,19.53,,2000,63,3,17,2021,신규,26.08~28.08,,,,,
마포구,11440,망원동,202607,연립다세대_전월세,골든빌리지,망원동,385-19,29.2,,12500,5,1,24,2002,신규,26.09~28.09,,,,,
마포구,11440,망원동,202607,연립다세대_전월세,파크빌(484-4),망원동,484-4,60,,32000,0,5,24,2010,신규,26.09~28.09,,,,,
마포구,11440,망원동,202607,연립다세대_전월세,동광빌,망원동,428-27,22.29,,500,65,4,20,2008,신규,26.08~28.08,,,,,
마포구,11440,서교동,202607,연립다세대_전월세,석호빌라,서교동,395-82,33.66,,1000,75,2,12,2001,갱신,26.07~27.07,1000.0,71.0,사용,,
마포구,11440,서교동,202607,연립다세대_전월세,석호빌라,서교동,395-82,33.66,,1000,75,2,12,2001,갱신,26.07~27.07,1000.0,71.0,사용,,
마포구,11440,합정동,202607,연립다세대_전월세,대도빌라3차,합정동,372-33,31.46,,20000,25,1,4,1987,신규,26.08~28.08,,,,,
마포구,11440,염리동,202607,연립다세대_전월세,스테이원(81-94),염리동,81-94,21.93,,18000,0,4,23,2021,신규,26.08~28.08,,,,,
마포구,11440,서교동,202607,연립다세대_전월세,서교ARTE,서교동,473-2,20.47,,3000,50,3,20,2009,갱신,26.08~28.08,3000.0,48.0,,,
마포구,11440,용강동,202607,연립다세대_전월세,용강하이츠,용강동,493-9,24.68,,22000,0,2,27,2018,갱신,26.09~28.09,22000.0,,사용,,
마포구,11440,성산동,202607,연립다세대_전월세,아성뜨란채,성산동,200-110,33.82,,20000,50,5,25,2018,신규,26.11~28.03,,,,,
마포구,11440,성산동,202607,연립다세대_전월세,더플레이스,성산동,214-11,29.43,,27400,35,1,10,2019,갱신,26.09~28.09,27400.0,30.0,사용,,
마포구,11440,합정동,202607,연립다세대_전월세,MAIBAUMHapjeongA,합정동,439-8,19.41,,1000,78,4,11,2013,신규,26.08~28.08,,,,,
마포구,11440,서교동,202607,연립다세대_전월세,아인하우스,서교동,469-2,79.09,,3000,65,3,25,1998,신규,26.08~28.08,,,,,
마포구,11440,대흥동,202607,연립다세대_전월세,궁전빌라,대흥동,337-40,40.44,,1000,50,-1,22,1991,신규,26.08~28.08,,,,,
마포구,11440,망원동,202607,연립다세대_전월세,대주하이츠빌라,망원동,459-15,52.48,,4000,89,3,16,1991,갱신,26.09~27.09,10000.0,75.0,,,
마포구,11440,성산동,202607,연립다세대_전월세,화이트빌,성산동,81-110,36,,14200,17,4,30,2003,신규,26.07~28.01,,,,,
마포구,11440,성산동,202607,연립다세대_전월세,청운빌라,성산동,214-20,76.59,,24000,0,4,29,1993,갱신,26.09~28.09,23000.0,,사용,,
마포구,11440,노고산동,202607,연립다세대_전월세,예담빌서강7차,노고산동,19-26,19.81,,18000,0,4,13,2021,신규,26.09~28.08,,,,,
마포구,11440,대흥동,202607,연립다세대_전월세,앰버하우스9차,대흥동,34-9,20.01,,20000,0,2,15,2020,신규,26.08~28.08,,,,,
마포구,11440,합정동,202607,연립다세대_전월세,동서빌라가동,합정동,457-29,54.28,,12000,35,-1,28,1992,갱신,26.09~28.09,12000.0,30.0,,,
마포구,11440,아현동,202607,연립다세대_전월세,아현라온빌,아현동,709,21.6,,24000,0,6,2,2020,신규,26.08~28.08,,,,,
마포구,11440,창전동,202607,연립다세대_전월세,청실빌라,창전동,6-280,17.34,,500,40,4,7,2002,신규,26.07~28.07,,,,,
마포구,11440,성산동,202607,연립다세대_전월세,(111-9),성산동,111-9,47.1,,1000,65,5,29,2014,신규,26.08~28.08,,,,,
마포구,11440,망원동,202607,연립다세대_전월세,(425-9),망원동,425-9,40.22,,2000,90,2,12,1993,갱신,26.09~28.09,2000.0,85.0,,,
마포구,11440,중동,202607,연립다세대_전월세,선진빌라,중동,221,54.21,,19500,0,3,26,1997,신규,26.08~28.08,,,,,
마포구,11440,성산동,202607,연립다세대_전월세,태흥빌라,성산동,59-2,65.33,,13000,22,1,29,1991,신규,26.08~28.08,,,,,
마포구,11440,대흥동,202607,연립다세대_전월세,카리스빌딩,대흥동,32-17,42.12,,7000,15,7,1,2003,신규,26.08~28.08,,,,,
마포구,11440,합정동,202607,연립다세대_전월세,석우빌라(435-13),합정동,435-13,62.31,,30000,32,2,18,2001,갱신,26.09~28.09,30000.0,25.0,사용,,
마포구,11440,망원동,202607,연립다세대_전월세,망원루와르,망원동,475-54,29.34,,2000,120,2,16,2018,신규,26.07~28.07,,,,,
마포구,11440,연남동,202607,연립다세대_전월세,(239-12),연남동,239-12,15.62,,3500,45,4,8,2014,신규,26.08~28.08,,,,,
마포구,11440,창전동,202607,연립다세대_전월세,대도빌라,창전동,6-5,37.22,,14000,30,1,23,1989,신규,26.09~28.09,,,,,
마포구,11440,망원동,202607,연립다세대_전월세,대명주택(428-29),망원동,428-29,61.97,,10000,120,3,17,2002,신규,26.09~28.09,,,,,
마포구,11440,합정동,202607,연립다세대_전월세,에셀하우스,합정동,434-2,16.74,,1000,52,2,25,2012,신규,26.08~28.08,,,,,
마포구,11440,동교동,202607,연립다세대_전월세,gg하우스,동교동,204-39,27,,12000,0,2,27,2009,신규,26.08~28.08,,,,,
마포구,11440,성산동,202607,연립다세대_전월세,금강블루,성산동,200-340,47.65,,44000,0,5,11,2021,갱신,26.08~28.08,44000.0,,사용,,
마포구,11440,신수동,202607,연립다세대_전월세,송정지가,신수동,374-1,24.8,,30000,0,4,30,2025,신규,26.08~28.08,,,,,
마포구,11440,연남동,202607,연립다세대_전월세,행복맨션,연남동,223-46,54.15,,24000,25,3,4,2002,신규,26.09~28.09,,,,,
마포구,11440,연남동,202607,연립다세대_전월세,(229-24),연남동,229-24,44.43,,15000,75,2,11,2008,신규,26.09~28.09,,,,,
마포구,11440,상암동,202607,연립다세대_전월세,리안하우스,상암동,20-10,15.84,,1000,53,2,28,2012,신규,26.08~27.08,,,,,
마포구,11440,염리동,202607,연립다세대_전월세,가원주택,염리동,81-92,85.96,,30000,100,4,18,2002,신규,26.08~28.08,,,,,
마포구,11440,상암동,202607,연립다세대_전월세,(33-44),상암동,33-44,35.13,,13650,0,1,20,1993,갱신,26.08~28.08,13000.0,,사용,,
마포구,11440,도화동,202607,연립다세대_전월세,대원빌리지,도화동,347-99,32.39,,1000,90,2,7,2001,갱신,26.07~27.07,1000.0,85.0,,,
마포구,11440,연남동,202607,연립다세대_전월세,금호맨션,연남동,563-3,58.68,,27000,50,2,24,1991,신규,26.08~28.08,,,,,
마포구,11440,신수동,202607,연립다세대_전월세,진성하우스,신수동,89-20,20.88,,1000,60,2,18,2013,신규,26.08~28.08,,,,,
마포구,11440,망원동,202607,연립다세대_전월세,동광팰리스,망원동,415-50,12.04,,1000,47,3,25,2012,갱신,26.07~27.07,1000.0,47.0,,,
마포구,11440,서교동,202607,연립다세대_전월세,경흥빌라,서교동,327-6,40.74,,500,85,-1,24,1991,신규,26.07~28.07,,,,,
마포구,11440,연남동,202607,연립다세대_전월세,오송아트빌B동,연남동,482-31,45.27,,8500,46,4,14,2002,갱신,26.08~28.08,8500.0,43.0,,,
마포구,11440,성산동,202607,연립다세대_전월세,이레빌라트,성산동,257-3,15.11,,1000,41,3,29,2012,신규,26.09~28.09,,,,,
마포구,11440,성산동,202607,연립다세대_전월세,함께주택4호,성산동,611-11,25.63,,8000,36,3,3,2021,신규,26.09~28.09,,,,,
마포구,11440,용강동,202607,연립다세대_전월세,참좋은빌,용강동,494-104,52.64,,30000,5,2,24,2008,갱신,26.09~28.09,30000.0,,사용,,
마포구,11440,망원동,202607,연립다세대_전월세,진흥하이츠빌라A동,망원동,432-18,49.48,,13900,10,-1,21,1992,신규,26.08~28.08,,,,,
마포구,11440,서교동,202607,연립다세대_전월세,MONAD,서교동,342-7,17.87,,2600,45,4,29,2002,신규,26.08~28.07,,,,,
마포구,11440,합정동,202607,연립다세대_전월세,중앙빌라,합정동,448-6,43.38,,24000,0,2,21,1991,신규,26.09~28.08,,,,,
마포구,11440,망원동,202607,연립다세대_전월세,두원캐스빌,망원동,404-44,55.8,,23000,0,1,28,2001,신규,26.08~28.08,,,,,
마포구,11440,토정동,202607,연립다세대_전월세,더스테이,토정동,3-6,48.85,,40000,0,4,27,2017,갱신,26.08~28.08,38500.0,,,,
마포구,11440,합정동,202607,연립다세대_전월세,영화빌라,합정동,365-10,39.58,,23000,0,1,23,1991,신규,26.09~28.09,,,,,
마포구,11440,신수동,202607,연립다세대_전월세,(42-15),신수동,42-15,43.86,,25000,0,3,31,2002,신규,26.09~28.09,,,,,
마포구,11440,합정동,202607,연립다세대_전월세,이에스한강포레A,합정동,453-11,29.59,,30000,0,3,11,2024,신규,26.09~28.09,,,,,
마포구,11440,아현동,202607,연립다세대_전월세,아현시티,아현동,327-10,29.34,,32000,0,3,14,2020,신규,26.09~28.09,,,,,
마포구,11440,연남동,202607,연립다세대_전월세,수향하우스,연남동,390-40,15.27,,500,75,3,29,2014,신규,26.08~27.08,,,,,
마포구,11440,합정동,202607,연립다세대_전월세,에버빌(451-10),합정동,451-10,16.04,,12000,4,3,16,2011,신규,26.08~28.08,,,,,
마포구,11440,성산동,202607,연립다세대_전월세,영광빌,성산동,243-9,24.16,,9000,24,4,24,2010,신규,26.09~28.09,,,,,
마포구,11440,성산동,202607,연립다세대_전월세,시티하임ⅡA동,성산동,250-3,25.88,,28700,0,4,27,2019,갱신,26.08~27.08,28700.0,,,,
마포구,11440,염리동,202607,연립다세대_전월세,염리스타팰리스,염리동,8-50,26.25,,31500,0,8,17,2021,신규,26.08~28.08,,,,,
마포구,11440,망원동,202607,연립다세대_전월세,파크캐슬,망원동,486-14,33.22,,10000,100,5,17,2015,신규,26.08~28.08,,,,,
마포구,11440,합정동,202607,연립다세대_전월세,진성리버빌,합정동,453-3,13.69,,500,50,3,22,2010,신규,26.07~28.07,,,,,
마포구,11440,연남동,202607,연립다세대_전월세,라센트라연남,연남동,361-10,33.18,,3000,150,3,29,2022,신규,26.07~28.07,,,,,
마포구,11440,성산동,202607,연립다세대_전월세,제일빌라,성산동,214-8,124.34,,40000,0,3,27,1983,갱신,26.07~28.07,35000.0,,,,
마포구,11440,합정동,202607,연립다세대_전월세,대명풀하우스2,합정동,438-20,29.78,,21060,0,2,20,2016,신규,26.10~28.10,,,,,
마포구,11440,창전동,202607,연립다세대_전월세,석운빌라,창전동,6-151,29.6,,1000,80,3,9,2001,신규,26.08~28.08,,,,,
마포구,11440,서교동,202607,연립다세대_전월세,영빈빌리지(나),서교동,460-46,77.19,,41000,0,3,10,1992,신규,26.08~28.08,,,,,
마포구,11440,창전동,202607,연립다세대_전월세,(6-92),창전동,6-92,39.95,,13000,15,3,29,2004,신규,26.09~28.09,,,,,
마포구,11440,망원동,202607,연립다세대_전월세,삼정홈타운,망원동,469-4,20.72,,1000,63,4,24,2012,신규,26.08~28.08,,,,,
마포구,11440,성산동,202607,연립다세대_전월세,한양하이츠빌라,성산동,245-16,60.6,,29000,0,4,25,1994,갱신,26.07~28.07,28000.0,,,,
마포구,11440,합정동,202607,연립다세대_전월세,동인리버빌나동,합정동,450-20,69.83,,40000,0,4,11,2009,갱신,26.07~28.07,40000.0,,사용,,
마포구,11440,현석동,202607,연립다세대_전월세,현신빌라B동,현석동,174-5,53.05,,11000,0,-1,24,1992,갱신,26.08~28.08,9000.0,,,,
마포구,11440,망원동,202607,연립다세대_전월세,현대타운(456-45),망원동,456-45,31.82,,1000,50,1,16,1988,신규,26.08~27.08,,,,,
마포구,11440,상수동,202607,연립다세대_전월세,(319-4),상수동,319-4,48.7,,4000,100,1,11,1977,신규,26.08~28.07,,,,,
마포구,11440,마포동,202607,연립다세대_전월세,청림빌라,마포동,340-1,30.66,,2000,58,4,29,1995,신규,26.08~27.07,,,,,
마포구,11440,망원동,202607,연립다세대_전월세,(475-67),망원동,475-67,37.06,,19000,10,2,27,1989,신규,26.08~28.07,,,,,
마포구,11440,성산동,202607,연립다세대_전월세,청운빌라,성산동,159-8,36.44,,9660,0,-1,31,1992,갱신,26.08~28.08,9200.0,,,,
마포구,11440,신수동,202607,연립다세대_전월세,신현빌,신수동,281,29.53,,34000,0,2,9,2026,신규,26.08~28.08,,,,,
마포구,11440,망원동,202607,연립다세대_전월세,해오름(417-17),망원동,417-17,50.84,,9000,64,2,24,2011,갱신,26.07~28.07,9000.0,63.0,,,
마포구,11440,도화동,202607,연립다세대_전월세,아포제도화,도화동,2-31,20.8,,20000,0,2,31,2026,신규,26.08~28.08,,,,,
마포구,11440,망원동,202607,연립다세대_전월세,아가도스2,망원동,380-24,27.71,,28000,15,2,24,2020,신규,26.09~28.09,,,,,
마포구,11440,망원동,202607,연립다세대_전월세,삼성빌라1동,망원동,454-31,46.83,,1000,90,1,24,1991,신규,26.08~26.12,,,,,
마포구,11440,창전동,202607,연립다세대_전월세,홍익빌딩,창전동,390-14,43.92,,5000,65,4,18,2002,신규,26.08~28.08,,,,,
마포구,11440,망원동,202607,연립다세대_전월세,(456-40),망원동,456-40,41.608,,35000,0,1,20,1991,신규,26.07~28.07,,,,,
마포구,11440,공덕동,202607,연립다세대_전월세,(117-41)연리빌리지,공덕동,117-41,47.16,,29000,0,3,31,2007,갱신,26.07~28.07,27000.0,,,,
마포구,11440,서교동,202607,연립다세대_전월세,오즈빌딩,서교동,342-12,54.45,,1500,110,3,29,1996,신규,26.08~28.08,,,,,
마포구,11440,신수동,202607,연립다세대_전월세,진엘르빌102동,신수동,250-11,47.56,,31600,10,4,4,2014,갱신,26.09~28.09,30000.0,10.0,,,
마포구,11440,공덕동,202607,연립다세대_전월세,벨로하우스공덕,공덕동,111-201,29.8,,30000,0,10,4,2019,신규,26.07~28.07,,,,,
마포구,11440,염리동,202607,연립다세대_전월세,패로스하우스,염리동,10-91,23.35,,20000,0,2,31,2020,신규,26.09~28.09,,,,,
마포구,11440,합정동,202607,연립다세대_전월세,한울빌리지,합정동,426-4,12.74,,1000,55,2,16,2011,신규,26.07~28.07,,,,,
마포구,11440,망원동,202607,연립다세대_전월세,망원선호빌,망원동,415-42,12.16,,1000,55,5,31,2019,신규,26.07~28.07,,,,,
마포구,11440,망원동,202607,연립다세대_전월세,신진빌라,망원동,457-19,32.97,,13000,5,-1,14,1991,신규,26.08~28.08,,,,,
마포구,11440,신공덕동,202607,연립다세대_전월세,공덕파크뷰,신공덕동,2-304,29.96,,33000,0,4,17,2021,갱신,26.08~28.08,32100.0,,,,
마포구,11440,망원동,202607,연립다세대_전월세,상록수,망원동,432-24,67.84,,1000,45,3,13,2002,신규,26.07~27.07,,,,,
마포구,11440,도화동,202607,연립다세대_전월세,더클래스도화2,도화동,242-4,21.4,,23000,0,3,15,2026,신규,26.08~28.08,,,,,
마포구,11440,망원동,202607,연립다세대_전월세,삼호가든,망원동,410-46,43.28,,28000,0,2,13,1989,신규,26.09~28.08,,,,,
마포구,11440,성산동,202607,연립다세대_전월세,(223-2),성산동,223-2,14.88,,8400,0,6,30,2012,신규,26.08~28.07,,,,,
마포구,11440,토정동,202607,연립다세대_전월세,더스테이,토정동,3-6,48.85,,40000,0,4,27,2017,갱신,26.08~28.08,38500.0,,,,
마포구,11440,동교동,202607,연립다세대_전월세,에이스빌,동교동,204-24,14.18,,500,59,3,25,2011,신규,26.07~28.07,,,,,
마포구,11440,연남동,202607,연립다세대_전월세,차밍빌,연남동,239-9,25.05,,1000,73,2,29,2013,신규,26.07~28.07,,,,,
마포구,11440,당인동,202607,연립다세대_전월세,(28-2),당인동,28-2,86.23,,21000,0,4,30,2008,갱신,26.09~28.09,20000.0,,사용,,
마포구,11440,서교동,202607,연립다세대_전월세,바이오그린빌라,서교동,470-30,52.98,,23700,0,3,30,1995,갱신,26.08~28.08,23000.0,,사용,,
마포구,11440,연남동,202607,연립다세대_전월세,연세하우스,연남동,246-3,19.36,,1000,50,2,27,2014,신규,26.07~28.07,,,,,
마포구,11440,염리동,202607,연립다세대_전월세,세림promise1차,염리동,488-8,14.83,,1000,60,4,1,2020,신규,26.07~28.07,,,,,
마포구,11440,망원동,202607,연립다세대_전월세,스위트빌,망원동,404-2,38.96,,7000,105,3,10,2003,갱신,26.09~28.09,8000.0,95.0,,,
마포구,11440,성산동,202607,연립다세대_전월세,다은주택,성산동,182-7,29.94,,15000,40,3,28,2016,신규,26.09~28.09,,,,,
마포구,11440,망원동,202607,연립다세대_전월세,동원파크빌(414-10),망원동,414-10,47.9,,25000,0,2,29,2008,신규,26.07~28.03,,,,,
마포구,11440,공덕동,202607,연립다세대_전월세,렉스빌,공덕동,113-17,60.31,,29700,0,3,29,2010,신규,26.09~28.09,,,,,
마포구,11440,신공덕동,202607,연립다세대_전월세,신덕맨션,신공덕동,6-3,72.43,,22000,0,1,29,1981,갱신,26.08~28.08,21000.0,,사용,,
마포구,11440,창전동,202607,연립다세대_전월세,(6-243),창전동,6-243,36.6,,500,60,1,29,2002,신규,26.08~28.08,,,,,
마포구,11440,염리동,202607,연립다세대_전월세,아트빌,염리동,85-23,26.96,,3000,80,2,29,2021,신규,26.08~28.08,,,,,
마포구,11440,창전동,202607,연립다세대_전월세,이조그랜드빌리지,창전동,6-164,37.12,,1000,150,2,28,1991,신규,26.07~27.03,,,,,
마포구,11440,성산동,202607,연립다세대_전월세,베네스다,성산동,251-23,15.33,,500,63,2,30,2013,신규,26.07~28.07,,,,,
마포구,11440,노고산동,202607,연립다세대_전월세,예담빌서강4차,노고산동,19-199,14.3,,14530,0,2,30,2020,신규,26.08~28.08,,,,,
마포구,11440,연남동,202607,연립다세대_전월세,라센트라연남,연남동,361-10,30,,4000,160,5,30,2022,신규,26.07~28.07,,,,,
마포구,11440,공덕동,202607,연립다세대_전월세,렉스빌,공덕동,113-17,60.31,,31180,0,3,29,2010,신규,26.09~28.09,,,,,
마포구,11440,망원동,202607,연립다세대_전월세,아가도스2,망원동,380-24,24.36,,22600,15,4,23,2020,신규,26.08~28.08,,,,,
마포구,11440,용강동,202607,연립다세대_전월세,드림,용강동,494-97,53.95,,32000,10,3,30,2010,갱신,26.08~28.08,32000.0,,,,
마포구,11440,연남동,202607,연립다세대_전월세,(509-1),연남동,509-1,12.01,,1000,65,5,6,2013,신규,26.07~27.07,,,,,
마포구,11440,동교동,202607,연립다세대_전월세,HAPPYHOUSE,동교동,197-28,20.13,,1000,49,1,11,2011,갱신,26.08~27.08,1000.0,46.0,,,
마포구,11440,동교동,202607,연립다세대_전월세,HAPPYHOUSE,동교동,197-28,28.94,,10000,9,4,11,2011,갱신,26.08~28.08,10000.0,7.0,,,
마포구,11440,대흥동,202607,연립다세대_전월세,대흥모두가,대흥동,371,29.98,,27900,0,2,11,2016,신규,26.08~28.08,,,,,
마포구,11440,망원동,202607,연립다세대_전월세,서원빌라,망원동,456-6,47.24,,16000,0,3,29,1988,신규,26.11~28.11,,,,,
마포구,11440,망원동,202607,연립다세대_전월세,스위트빌,망원동,404-2,38.96,,7000,105,3,10,2003,갱신,26.09~28.09,8000.0,95.0,,,
마포구,11440,신수동,202607,연립다세대_전월세,메종드234,신수동,234-3,18.55,,15750,0,2,27,2021,갱신,26.08~28.08,15000.0,,사용,,
마포구,11440,서교동,202607,연립다세대_전월세,서교그린빌라,서교동,484-34,120.6,,2000,50,3,22,1996,신규,26.07~28.07,,,,,
마포구,11440,망원동,202607,연립다세대_전월세,진명하이츠빌라(384-3),망원동,384-3,36.84,,20900,0,1,28,1989,신규,26.08~28.08,,,,,
마포구,11440,노고산동,202607,연립다세대_전월세,예담빌서강4차,노고산동,19-199,17.3,,14000,0,2,27,2020,신규,26.08~28.08,,,,,
마포구,11440,망원동,202607,연립다세대_전월세,대원빌리지(469-5),망원동,469-5,72.81,,10000,100,1,22,1997,신규,26.09~28.09,,,,,
마포구,11440,망원동,202607,연립다세대_전월세,인경빌라,망원동,460-1,48,,5000,70,1,2,1990,신규,26.07~27.07,,,,,
마포구,11440,성산동,202607,연립다세대_전월세,금동파인빌,성산동,36-1,19.54,,1000,55,2,11,2012,신규,26.07~28.07,,,,,
마포구,11440,성산동,202607,연립다세대_전월세,삼호빌라A동,성산동,649-7,36.85,,3000,100,2,17,1989,갱신,26.07~28.07,3000.0,95.0,사용,,
마포구,11440,염리동,202607,연립다세대_전월세,라임빌,염리동,98-11,16.78,,4000,55,4,27,2021,갱신,26.07~27.07,4000.0,55.0,,,
마포구,11440,성산동,202607,연립다세대_전월세,(254-17),성산동,254-17,33.45,,15000,70,3,3,2011,신규,26.07~28.07,,,,,
마포구,11440,성산동,202607,연립다세대_전월세,(92-4),성산동,92-4,46.66,,1000,120,3,29,2012,신규,26.08~28.08,,,,,
마포구,11440,망원동,202607,연립다세대_전월세,반석하이츠빌라,망원동,459-7,67.06,,45000,0,1,23,1993,신규,26.07~28.07,,,,,
마포구,11440,연남동,202607,연립다세대_전월세,라센트라연남,연남동,361-10,30,,4000,160,6,29,2022,신규,26.07~28.07,,,,,
마포구,11440,연남동,202607,연립다세대_전월세,라센트라연남,연남동,361-10,30,,3000,160,6,23,2022,신규,26.07~28.07,,,,,
마포구,11440,도화동,202607,연립다세대_전월세,아포제도화,도화동,2-31,27.66,,30000,5,3,25,2026,신규,26.09~28.09,,,,,
마포구,11440,도화동,202607,연립다세대_전월세,더클래스도화2,도화동,242-4,29.1,,30000,0,5,24,2026,신규,26.09~28.09,,,,,
마포구,11440,성산동,202607,연립다세대_전월세,유니하우스,성산동,214-30,29.18,,25000,20,3,28,2016,신규,26.09~28.09,,,,,
마포구,11440,연남동,202607,연립다세대_전월세,(223-4),연남동,223-4,54.88,,23000,15,3,7,2002,신규,26.08~28.08,,,,,
마포구,11440,망원동,202607,연립다세대_전월세,동광탑스빌,망원동,398-9,14.14,,2000,40,2,28,2011,신규,26.09~28.09,,,,,
마포구,11440,아현동,202607,연립다세대_전월세,(구392-39),아현동,750-7,52.89,,1000,60,3,29,1990,신규,26.08~28.08,,,,,
마포구,11440,서교동,202607,연립다세대_전월세,삼호센터빌,서교동,475-45,29.98,,15000,60,5,28,2015,신규,26.08~28.08,,,,,
마포구,11440,중동,202607,연립다세대_전월세,해오름,중동,377,70.2,,10000,130,5,4,2013,신규,26.08~28.08,,,,,
마포구,11440,상수동,202607,연립다세대_전월세,(328-7),상수동,328-7,37.11,,10000,70,3,24,2008,신규,26.08~28.08,,,,,
마포구,11440,성산동,202607,연립다세대_전월세,명문주택,성산동,200-301,32.55,,10997,0,1,17,1991,갱신,26.08~28.08,10474.0,,,,
마포구,11440,대흥동,202607,연립다세대_전월세,(255-1),대흥동,255-1,28.3,,25137,0,3,17,2018,갱신,26.08~28.08,23940.0,,사용,,
마포구,11440,연남동,202607,연립다세대_전월세,에덴맨션,연남동,561-45,22.52,,2000,50,3,28,2002,신규,26.08~28.08,,,,,
마포구,11440,망원동,202607,연립다세대_전월세,동광탑스빌,망원동,398-9,14.14,,2000,40,2,28,2011,신규,26.09~28.09,,,,,
마포구,11440,망원동,202607,연립다세대_전월세,탑그린빌,망원동,431-10,85.55,,40000,0,3,25,2002,신규,26.08~28.08,,,,,
마포구,11440,신수동,202607,연립다세대_전월세,(411-0),신수동,411,51.95,,12000,60,1,21,2003,신규,26.09~28.09,,,,,
마포구,11440,성산동,202607,연립다세대_전월세,성산카운티,성산동,111-4,33.1,,1000,68,2,24,2004,신규,26.08~28.08,,,,,
마포구,11440,상수동,202607,연립다세대_전월세,(320-6),상수동,320-6,24.96,,1000,63,5,13,2009,갱신,26.07~28.07,1000.0,60.0,사용,,
마포구,11440,연남동,202607,연립다세대_전월세,파크사이드연남,연남동,481-5,18.6,,17000,0,2,28,2026,신규,26.08~28.08,,,,,
마포구,11440,중동,202607,연립다세대_전월세,선진빌라,중동,221,54.21,,20000,0,3,26,1997,신규,26.08~28.08,,,,,
마포구,11440,도화동,202607,연립다세대_전월세,아포제도화,도화동,2-31,20.8,,22000,0,4,28,2026,신규,26.07~28.07,,,,,
마포구,11440,노고산동,202607,연립다세대_전월세,캔빌,노고산동,31-9,20.7,,500,63,6,13,2001,신규,26.07~27.07,,,,,
마포구,11440,합정동,202607,연립다세대_전월세,한강에듀포레A동,합정동,453-9,27.38,,27000,10,5,28,2021,신규,26.09~28.09,,,,,
마포구,11440,망원동,202607,연립다세대_전월세,뫼비우스,망원동,417-15,37.2,,10350,0,2,25,2014,갱신,26.08~28.08,9900.0,,,,
마포구,11440,성산동,202607,연립다세대_전월세,동산주택,성산동,54-8,35.22,,13200,0,3,22,1995,신규,26.08~28.08,,,,,
마포구,11440,연남동,202607,연립다세대_전월세,JASONCOUNTY,연남동,229-72,42.54,,22000,0,2,16,2016,신규,26.09~28.09,,,,,
마포구,11440,상수동,202607,연립다세대_전월세,궁전빌라,상수동,331-5,80.64,,37000,0,1,27,1985,갱신,26.07~28.07,36000.0,,,,
마포구,11440,용강동,202607,연립다세대_전월세,(494-111),용강동,494-111,21.05,,1000,52,2,21,2002,신규,26.07~28.07,,,,,
마포구,11440,망원동,202607,연립다세대_전월세,신부빌라(479-11),망원동,479-11,52.09,,28000,0,2,23,2000,갱신,26.08~28.08,26000.0,,,,
마포구,11440,아현동,202607,연립다세대_전월세,(716-2),아현동,716-2,32.3,,10300,0,1,22,2007,신규,26.08~28.08,,,,,
마포구,11440,망원동,202607,연립다세대_전월세,(435-37),망원동,435-37,35.7,,16000,10,1,7,1990,신규,26.09~28.08,,,,,
마포구,11440,상수동,202607,연립다세대_전월세,리버하우스,상수동,335-27,55.72,,25650,0,2,25,2008,갱신,26.07~28.07,26000.0,,,,
마포구,11440,연남동,202607,연립다세대_전월세,오마빌,연남동,564-39,22.13,,1000,59,2,22,2011,신규,26.07~27.07,,,,,
마포구,11440,망원동,202607,연립다세대_전월세,소망빌라,망원동,427-2,82.81,,24000,6,4,24,1993,갱신,26.08~28.08,24000.0,4.0,,,
마포구,11440,당인동,202607,연립다세대_전월세,(12-19),당인동,12-19,36.8,,25000,0,1,27,1990,신규,26.10~28.10,,,,,
마포구,11440,성산동,202607,연립다세대_전월세,해비치하우스,성산동,200-342,29.86,,20000,0,2,27,2017,갱신,26.07~28.07,25000.0,,,,
마포구,11440,서교동,202607,연립다세대_전월세,경성쉐르빌,서교동,451-15,24.02,,2000,100,4,22,2008,갱신,26.07~28.07,5000.0,90.0,,,
마포구,11440,망원동,202607,연립다세대_전월세,쁘띠보네르,망원동,426-13,25.11,,3000,73,2,16,2017,신규,26.08~27.08,,,,,
마포구,11440,중동,202607,연립다세대_전월세,선진빌라,중동,221,54.21,,20000,0,3,26,1997,신규,26.08~28.08,,,,,
마포구,11440,연남동,202607,연립다세대_전월세,온유빌,연남동,515-3,18.72,,5000,30,2,23,2011,신규,26.07~28.07,,,,,
마포구,11440,노고산동,202607,연립다세대_전월세,하비메종,노고산동,12-74,29.55,,27300,0,5,27,2021,신규,26.09~28.09,,,,,
마포구,11440,망원동,202607,연립다세대_전월세,중앙하이츠빌라1차,망원동,431-18,41.58,,11500,0,-1,27,1991,갱신,26.07~28.07,10000.0,,,,
마포구,11440,연남동,202607,연립다세대_전월세,장진하이빌,연남동,241-63,18.07,,1000,60,3,18,2016,신규,26.07~28.07,,,,,
마포구,11440,연남동,202607,연립다세대_전월세,신촌맨숀,연남동,226-1,63.01,,21000,0,1,27,1981,신규,26.09~28.09,,,,,
마포구,11440,연남동,202607,연립다세대_전월세,도화엘리시아,연남동,564-25,27.32,,33000,0,4,27,2020,갱신,26.10~28.10,33000.0,,사용,,
마포구,11440,공덕동,202607,연립다세대_전월세,렉스빌,공덕동,113-17,60.31,,27300,5,2,24,2010,갱신,26.10~28.10,27300.0,,사용,,
마포구,11440,합정동,202607,연립다세대_전월세,원빌라,합정동,458-1,30.52,,3000,97,2,20,1991,신규,26.08~28.07,,,,,
마포구,11440,합정동,202607,연립다세대_전월세,신흥빌라,합정동,370-13,30.48,,21000,0,2,27,1988,갱신,26.08~28.08,21000.0,,,,
마포구,11440,망원동,202607,연립다세대_전월세,중앙빌라(2동),망원동,378-14,36.59,,20900,0,2,25,1990,갱신,26.07~28.07,19950.0,,,,
마포구,11440,망원동,202607,연립다세대_전월세,파크캐슬,망원동,486-14,29.5,,25240,20,5,25,2015,갱신,26.10~28.10,25240.0,10.0,,,
마포구,11440,망원동,202607,연립다세대_전월세,(410-22),망원동,410-22,23.82,,15000,7,1,16,1991,신규,26.08~28.08,,,,,
마포구,11440,망원동,202607,연립다세대_전월세,하늘드리움,망원동,404-17,13.87,,1000,60,4,27,2011,신규,26.09~28.09,,,,,
마포구,11440,연남동,202607,연립다세대_전월세,오송아트빌A동,연남동,482-2,53.07,,13000,32,3,25,2002,갱신,26.08~28.08,10000.0,37.0,,,
마포구,11440,망원동,202607,연립다세대_전월세,웨스트빌,망원동,486-40,32.31,,20300,0,5,24,2008,갱신,26.08~28.08,19500.0,,,,
마포구,11440,성산동,202607,연립다세대_전월세,예그리나,성산동,240-10,18.9,,12000,4,2,15,2011,신규,26.08~28.08,,,,,
마포구,11440,망원동,202607,연립다세대_전월세,금성맨션씨동,망원동,419-19,36.84,,13000,0,-1,27,1990,갱신,26.07~26.08,13000.0,,,,
마포구,11440,망원동,202607,연립다세대_전월세,GOOD하이빌(455-76),망원동,455-76,29.91,,1000,130,2,24,2012,신규,26.08~28.08,,,,,
마포구,11440,상수동,202607,연립다세대_전월세,(328-6),상수동,328-6,34.45,,5000,70,4,25,2008,갱신,26.08~27.08,5000.0,66.0,사용,,
마포구,11440,연남동,202607,연립다세대_전월세,온유빌,연남동,509-8,21.57,,1000,72,4,17,2013,신규,26.08~28.08,,,,,
마포구,11440,창전동,202607,연립다세대_전월세,홍익빌딩,창전동,390-14,25.21,,5000,30,4,25,2002,신규,26.08~28.08,,,,,
마포구,11440,서교동,202607,연립다세대_전월세,솔향기,서교동,475-25,18.06,,3500,45,2,23,2011,신규,26.07~28.07,,,,,
마포구,11440,서교동,202607,연립다세대_전월세,서교리치빌,서교동,474-23,29.81,,33600,0,3,25,2021,갱신,26.08~28.08,32000.0,,,,
마포구,11440,마포동,202607,연립다세대_전월세,마포빌리지,마포동,292-86,75.56,,16000,32,1,25,2008,갱신,26.07~28.07,16000.0,28.0,,,
마포구,11440,연남동,202607,연립다세대_전월세,파크사이드연남,연남동,481-5,18.6,,18000,0,3,24,2026,신규,26.08~28.08,,,,,
마포구,11440,합정동,202607,연립다세대_전월세,진성홈타운,합정동,386-6,29.86,,26000,0,3,26,2014,신규,26.09~28.09,,,,,
마포구,11440,신수동,202607,연립다세대_전월세,마포리안,신수동,192-1,16.1,,16000,0,2,24,2025,신규,26.08~28.08,,,,,
마포구,11440,당인동,202607,연립다세대_전월세,한솔그랑빌,당인동,16-1,37.68,,14000,38,4,26,2002,신규,26.10~28.10,,,,,
마포구,11440,아현동,202607,연립다세대_전월세,하늘채빌리지,아현동,747-2,22.87,,18720,0,5,25,2019,갱신,26.08~28.08,18000.0,,,,
마포구,11440,서교동,202607,연립다세대_전월세,대경드림빌,서교동,475-53,63.32,,12000,95,5,14,2005,갱신,26.08~28.08,12000.0,80.0,,,
마포구,11440,상암동,202607,연립다세대_전월세,예솔하우스,상암동,34-86,21.06,,1000,46,5,24,2012,신규,26.08~28.08,,,,,
마포구,11440,신수동,202607,연립다세대_전월세,서강퀸즈하우스,신수동,88-30,26.68,,36000,0,1,17,2021,신규,26.08~28.08,,,,,
마포구,11440,성산동,202607,연립다세대_전월세,한맥아이홈B동,성산동,51-15,43.76,,18270,0,5,13,2003,갱신,26.08~28.08,19845.0,,,,
마포구,11440,성산동,202607,연립다세대_전월세,영광빌,성산동,243-9,24.16,,9000,24,4,24,2010,신규,26.09~28.09,,,,,
마포구,11440,대흥동,202607,연립다세대_전월세,디어하우스,대흥동,3-24,24.38,,1000,80,5,24,2021,신규,26.07~28.07,,,,,
마포구,11440,신수동,202607,연립다세대_전월세,더힐서강밸류에스엘,신수동,89-12,29.01,,5000,150,4,24,2023,갱신,26.08~28.07,5000.0,150.0,사용,,
마포구,11440,성산동,202607,연립다세대_전월세,(36-6),성산동,36-6,24.61,,12600,29,2,16,1986,갱신,26.09~28.09,12000.0,28.0,사용,,
마포구,11440,현석동,202607,연립다세대_전월세,리버뷰,현석동,227,14.42,,7000,26,4,24,2016,신규,26.08~28.08,,,,,
마포구,11440,합정동,202607,연립다세대_전월세,진흥하임빌(441-32),합정동,441-32,29.89,,21870,0,2,21,2010,갱신,26.08~28.08,19500.0,5.0,,,
마포구,11440,서교동,202607,연립다세대_전월세,안인아파트,서교동,485-25,56.05,,34000,26,4,1,2017,신규,26.07~28.07,,,,,
마포구,11440,노고산동,202607,연립다세대_전월세,예담빌서강7차,노고산동,19-26,19.84,,2000,90,2,23,2021,신규,26.07~28.07,,,,,
마포구,11440,연남동,202607,연립다세대_전월세,풀하우스,연남동,239-55,36.2,,2000,76,4,9,2011,신규,26.07~28.07,,,,,
마포구,11440,성산동,202607,연립다세대_전월세,Mt.Parkvill,성산동,30-50,51.34,,20000,40,2,22,2001,신규,26.08~28.08,,,,,
마포구,11440,망원동,202607,연립다세대_전월세,아가도스2,망원동,380-24,24.36,,22600,15,4,23,2020,신규,26.08~28.08,,,,,
마포구,11440,신수동,202607,연립다세대_전월세,정환하우스,신수동,184-5,26.88,,12000,26,2,18,2017,신규,26.08~28.08,,,,,
마포구,11440,동교동,202607,연립다세대_전월세,원앤원,동교동,200-21,28.48,,1000,60,2,10,1996,신규,26.07~27.07,,,,,
마포구,11440,노고산동,202607,연립다세대_전월세,엠버하우스4차,노고산동,19-66,18.19,,13000,0,4,23,2019,신규,26.09~28.09,,,,,
마포구,11440,성산동,202607,연립다세대_전월세,동산주택,성산동,54-8,35.22,,14300,0,3,22,1995,신규,26.08~28.08,,,,,
마포구,11440,상암동,202607,연립다세대_전월세,해피하우스,상암동,28-9,16.61,,1000,55,2,23,2013,신규,26.08~27.07,,,,,
마포구,11440,성산동,202607,연립다세대_전월세,삼화에코빌,성산동,242-24,43.3,,3924,40,2,23,2025,신규,26.08~28.10,,,,,
마포구,11440,대흥동,202607,연립다세대_전월세,서강시티,대흥동,25-7,19.79,,16800,0,5,8,2020,신규,26.07~28.07,,,,,
마포구,11440,성산동,202607,연립다세대_전월세,동석하우스,성산동,274-19,27.02,,6500,80,5,22,2015,갱신,26.07~27.07,6000.0,80.0,,,
마포구,11440,마포동,202607,연립다세대_전월세,곶마루,마포동,324-1,38.1,,16000,30,4,17,2002,신규,26.09~28.09,,,,,
마포구,11440,합정동,202607,연립다세대_전월세,원빌라,합정동,458-1,30.52,,2000,80,2,22,1991,신규,26.08~28.08,,,,,
마포구,11440,서교동,202607,연립다세대_전월세,시티하임,서교동,470-18,27.56,,3000,130,5,18,2016,신규,26.08~28.08,,,,,
마포구,11440,연남동,202607,연립다세대_전월세,라센트라연남,연남동,361-10,30,,4000,160,5,23,2022,신규,26.07~28.07,,,,,
마포구,11440,성산동,202607,연립다세대_전월세,한일빌리지가동,성산동,587,79.5,,300,30,2,23,1990,신규,26.07~28.07,,,,,
마포구,11440,노고산동,202607,연립다세대_전월세,글로리하우스,노고산동,12-152,29.27,,21000,8,3,16,2021,신규,26.09~28.09,,,,,
마포구,11440,상수동,202607,연립다세대_전월세,강변힐스,상수동,334-5,85,,1000,60,3,22,2009,신규,26.08~28.07,,,,,
마포구,11440,상수동,202607,연립다세대_전월세,함께주택6호,상수동,86-29,18.452,,9000,30,2,20,2022,신규,26.08~28.08,,,,,
마포구,11440,성산동,202607,연립다세대_전월세,(258-12),성산동,258-12,26.63,,23300,10,2,18,2017,갱신,26.07~28.07,22300.0,10.0,사용,,
마포구,11440,성산동,202607,연립다세대_전월세,메조트론Ⅱ,성산동,249-23,144.08,,0,500,2,13,2007,신규,26.07~28.07,,,,,
마포구,11440,연남동,202607,연립다세대_전월세,JASONCOUNTY,연남동,229-72,42.54,,22000,0,2,16,2016,신규,26.08~28.08,,,,,
마포구,11440,노고산동,202607,연립다세대_전월세,스테이하이,노고산동,19-17,14.07,,13000,0,5,11,2020,갱신,26.09~27.09,13000.0,,사용,,
마포구,11440,합정동,202607,연립다세대_전월세,홍익파크빌,합정동,91-19,60.18,,15000,50,2,18,2008,신규,26.09~28.09,,,,,
마포구,11440,도화동,202607,연립다세대_전월세,시티더힐,도화동,4-90,19,,21000,0,4,22,2025,신규,26.07~28.07,,,,,
마포구,11440,서교동,202607,연립다세대_전월세,화평빌라,서교동,395-194,34.5,,2000,49,2,18,2002,갱신,26.08~28.08,2000.0,47.0,사용,,
마포구,11440,연남동,202607,연립다세대_전월세,현일빌리지,연남동,482-14,22.05,,3000,80,5,22,2013,신규,26.07~27.07,,,,,
마포구,11440,상수동,202607,연립다세대_전월세,(338-1),상수동,338-1,36.24,,2000,45,-1,3,1992,신규,26.07~28.07,,,,,
마포구,11440,성산동,202607,연립다세대_전월세,현대빌라,성산동,62,51.99,,9920,0,-1,22,1990,갱신,26.08~28.09,9450.0,,,,
마포구,11440,망원동,202607,연립다세대_전월세,강변타운(408-15),망원동,408-15,34.28,,17000,0,4,22,2011,신규,26.08~28.08,,,,,
마포구,11440,서교동,202607,연립다세대_전월세,(469-57),서교동,469-57,45.74,,5500,95,2,22,2013,갱신,26.07~27.07,5500.0,90.0,,,
마포구,11440,합정동,202607,연립다세대_전월세,영광빌라,합정동,354-13,35.77,,23000,0,2,5,1990,신규,26.08~28.08,,,,,
마포구,11440,서교동,202607,연립다세대_전월세,(474-22),서교동,474-22,15.3,,300,55,4,19,2012,신규,26.07~28.07,,,,,
마포구,11440,도화동,202607,연립다세대_전월세,시티더힐,도화동,4-90,20.96,,24000,0,4,13,2025,신규,26.08~28.08,,,,,
마포구,11440,창전동,202607,연립다세대_전월세,살롬하우스,창전동,6-105,21.32,,2000,105,2,16,2021,갱신,26.07~28.07,2000.0,100.0,사용,,
마포구,11440,성산동,202607,연립다세대_전월세,동원스위트,성산동,242-6,41.88,,3834,40,3,22,2025,신규,26.08~28.10,,,,,
마포구,11440,망원동,202607,연립다세대_전월세,대도주택,망원동,410-2,41.24,,2000,80,3,22,1991,신규,26.07~28.07,,,,,
마포구,11440,성산동,202607,연립다세대_전월세,현대빌라,성산동,62,51.99,,9920,0,-1,22,1990,갱신,26.08~28.09,9450.0,,,,
마포구,11440,신수동,202607,연립다세대_전월세,서강홈타운,신수동,89-22,31.46,,26000,0,2,21,2013,신규,26.09~28.09,,,,,
마포구,11440,용강동,202607,연립다세대_전월세,자슬린하우스,용강동,494-118,22.46,,22000,37,3,11,2020,갱신,26.08~28.08,21100.0,35.0,사용,,
마포구,11440,중동,202607,연립다세대_전월세,삼일신혼빌라,중동,78,44.64,,2000,50,1,18,1987,갱신,26.07~28.07,4000.0,40.0,,,
마포구,11440,구수동,202607,연립다세대_전월세,(79-1),구수동,79-1,67.15,,33500,0,2,8,2008,갱신,26.07~28.07,30500.0,,,,
마포구,11440,연남동,202607,연립다세대_전월세,SKYJ빌리지,연남동,562-6,29.73,,2000,110,2,21,2020,신규,26.09~28.09,,,,,
마포구,11440,성산동,202607,연립다세대_전월세,청운빌라,성산동,140-3,40.62,,12000,45,1,14,1988,신규,26.08~28.08,,,,,
마포구,11440,신수동,202607,연립다세대_전월세,카이벨로체신수1차,신수동,242,26.29,,23000,0,3,18,2026,신규,26.08~28.08,,,,,
마포구,11440,망원동,202607,연립다세대_전월세,이레쉐르빌(429-5),망원동,429-5,32.22,,16000,0,5,21,2008,갱신,26.07~28.07,15300.0,,사용,,
마포구,11440,동교동,202607,연립다세대_전월세,더라움,동교동,185-7,30.54,,25000,40,6,20,2018,갱신,26.08~28.08,25000.0,35.0,,,
마포구,11440,망원동,202607,연립다세대_전월세,성도빌라(403-4),망원동,403-4,62.04,,19440,0,1,21,1984,갱신,26.08~28.08,18522.0,,,,
마포구,11440,성산동,202607,연립다세대_전월세,예빈빌라,성산동,220-1,73.63,,28900,20,3,21,1995,신규,26.09~28.09,,,,,
마포구,11440,연남동,202607,연립다세대_전월세,다솜빌라,연남동,493-9,38.32,,12000,0,3,10,2005,신규,26.07~28.07,,,,,
마포구,11440,서교동,202607,연립다세대_전월세,삼성파크빌B동,서교동,452-18,52.52,,32000,0,5,15,2004,갱신,26.08~28.08,30000.0,,,,
마포구,11440,망원동,202607,연립다세대_전월세,한양맨션,망원동,404-1,121.84,,5000,170,4,5,1992,신규,26.07~28.07,,,,,
마포구,11440,아현동,202607,연립다세대_전월세,(718-1),아현동,718-1,48.78,,20000,0,1,21,1987,갱신,26.08~28.08,20000.0,,,,
마포구,11440,성산동,202607,연립다세대_전월세,다이아캐슬,성산동,214,54.29,,36000,0,2,21,2017,신규,26.09~28.09,,,,,
마포구,11440,상수동,202607,연립다세대_전월세,세진빌라,상수동,335-7,34.67,,1000,85,-1,13,1991,신규,26.07~28.07,,,,,
마포구,11440,합정동,202607,연립다세대_전월세,이에스한강포레B,합정동,453-13,29.63,,34000,0,3,20,2024,갱신,26.09~28.09,34000.0,,,,
마포구,11440,대흥동,202607,연립다세대_전월세,마포휴먼타운,대흥동,368-1,25.23,,3000,110,5,20,2017,신규,26.07~28.07,,,,,
마포구,11440,망원동,202607,연립다세대_전월세,명품2차,망원동,411-32,60,,35000,0,4,18,2010,신규,26.11~28.11,,,,,
마포구,11440,성산동,202607,연립다세대_전월세,삼화에코빌,성산동,242-24,23.18,,2412,25,2,21,2025,신규,26.08~28.10,,,,,
마포구,11440,신수동,202607,연립다세대_전월세,신현빌,신수동,281,23.1,,24000,0,5,20,2026,신규,26.08~28.08,,,,,
마포구,11440,염리동,202607,연립다세대_전월세,가온빌Ⅰ,염리동,113,23.87,,5000,60,3,18,2021,갱신,26.08~28.08,5000.0,50.0,,,
마포구,11440,서교동,202607,연립다세대_전월세,서교주택,서교동,469-69,36.48,,17500,25,4,20,1993,신규,26.09~28.09,,,,,
마포구,11440,망원동,202607,연립다세대_전월세,R해피하우스,망원동,467-24,25.18,,26000,15,3,20,2014,갱신,26.10~28.10,26000.0,,사용,,
마포구,11440,연남동,202607,연립다세대_전월세,(568-7),연남동,568-7,19.2,,2000,46,3,20,2012,신규,26.08~28.08,,,,,
마포구,11440,성산동,202607,연립다세대_전월세,더트리니티,성산동,37-13,28.91,,100,56,6,20,2023,신규,26.07~28.09,,,,,
마포구,11440,아현동,202607,연립다세대_전월세,(700-12),아현동,700-12,55.89,,3000,80,2,3,1986,신규,26.07~28.07,,,,,
마포구,11440,성산동,202607,연립다세대_전월세,더트리니티,성산동,37-13,28.91,,100,53,4,20,2023,신규,26.07~28.09,,,,,
마포구,11440,성산동,202607,연립다세대_전월세,더트리니티,성산동,37-13,29.94,,100,54,3,20,2023,신규,26.07~28.09,,,,,
마포구,11440,성산동,202607,연립다세대_전월세,더트리니티,성산동,37-13,28.91,,100,55,5,20,2023,신규,26.07~28.09,,,,,
마포구,11440,망원동,202607,연립다세대_전월세,삼우빌라,망원동,414-78,44.28,,24000,0,1,20,1991,신규,26.09~28.09,,,,,
마포구,11440,아현동,202607,연립다세대_전월세,구85-586(협동빌라),아현동,743-5,80.93,,3510,40,3,20,1988,갱신,26.07~28.07,3000.0,40.0,,,
마포구,11440,아현동,202607,연립다세대_전월세,아현시티,아현동,327-10,25.06,,30400,17,4,19,2020,신규,26.07~28.07,,,,,
마포구,11440,상암동,202607,연립다세대_전월세,월드원룸,상암동,39-2,15.72,,500,45,2,4,2011,신규,26.07~27.07,,,,,
마포구,11440,합정동,202607,연립다세대_전월세,한강르네상스4차(429-15),합정동,429-15,60.74,,40000,0,2,16,2010,신규,26.09~28.09,,,,,
마포구,11440,망원동,202607,연립다세대_전월세,장미빌라,망원동,414-85,53.64,,8000,70,4,4,1997,신규,26.08~28.08,,,,,
마포구,11440,연남동,202607,연립다세대_전월세,한솔빌라,연남동,240-55,32.88,,17300,20,4,19,2002,갱신,26.08~28.08,16500.0,20.0,사용,,
마포구,11440,서교동,202607,연립다세대_전월세,젤뚜하우스,서교동,469-3,29.91,,27500,0,3,18,2016,신규,26.08~28.08,,,,,
마포구,11440,합정동,202607,연립다세대_전월세,한솔아트빌,합정동,431-20,49.65,,30000,0,4,18,2002,신규,26.10~28.10,,,,,
마포구,11440,서교동,202607,연립다세대_전월세,(483-10),서교동,483-10,31.37,,16000,0,5,17,2002,신규,26.09~28.09,,,,,
마포구,11440,성산동,202607,연립다세대_전월세,대호아트빌,성산동,47-13,54.17,,30000,0,4,10,2012,신규,26.10~28.10,,,,,
마포구,11440,대흥동,202607,연립다세대_전월세,아인하우스,대흥동,765-7,29.19,,30000,0,2,20,2025,신규,26.08~28.08,,,,,
마포구,11440,공덕동,202607,연립다세대_전월세,양문빌딩,공덕동,232-9,45.89,,28180,0,4,18,2002,신규,26.09~28.09,,,,,
마포구,11440,합정동,202607,연립다세대_전월세,미도맨션,합정동,455-5,42.45,,17000,8,2,20,1994,갱신,26.07~28.07,17000.0,,사용,,
마포구,11440,용강동,202607,연립다세대_전월세,(494-111),용강동,494-111,21.6,,1000,55,1,20,2002,신규,26.07~28.07,,,,,
마포구,11440,합정동,202607,연립다세대_전월세,강변르네상스가동,합정동,446-19,28.35,,2000,100,5,1,2010,신규,26.07~28.07,,,,,
마포구,11440,노고산동,202607,연립다세대_전월세,글로리하우스,노고산동,12-152,29.27,,21000,8,3,16,2021,신규,26.09~28.09,,,,,
마포구,11440,아현동,202607,연립다세대_전월세,(696-2),아현동,696-2,52.8,,2000,100,2,16,1985,신규,26.07~28.07,,,,,
마포구,11440,합정동,202607,연립다세대_전월세,더하우스3차,합정동,91-15,29.37,,1000,85,2,13,2007,신규,26.07~28.07,,,,,
마포구,11440,노고산동,202607,연립다세대_전월세,글로리하우스,노고산동,12-198,18.76,,17000,0,4,10,2021,신규,26.08~28.08,,,,,
마포구,11440,염리동,202607,연립다세대_전월세,앰버하우스17차,염리동,9-11,29.85,,2000,95,5,17,2021,신규,26.07~28.07,,,,,
마포구,11440,신수동,202607,연립다세대_전월세,카이벨로체신수1차,신수동,242,26.29,,23000,0,3,17,2026,신규,26.08~28.08,,,,,
마포구,11440,신수동,202607,연립다세대_전월세,신현빌,신수동,281,29.53,,34000,0,3,18,2026,신규,26.09~28.09,,,,,
마포구,11440,현석동,202607,연립다세대_전월세,리버뷰,현석동,227,13.22,,5000,32,3,4,2016,신규,26.07~27.07,,,,,
마포구,11440,도화동,202607,연립다세대_전월세,더클래스도화2,도화동,242-4,21.9,,23000,0,2,14,2026,신규,26.08~28.08,,,,,
마포구,11440,염리동,202607,연립다세대_전월세,모아댄하우스A,염리동,85-19,26.39,,20580,0,4,14,2016,갱신,26.08~28.08,19600.0,,,,
마포구,11440,연남동,202607,연립다세대_전월세,라센트라연남,연남동,361-10,37.14,,5000,170,4,1,2022,신규,26.07~28.06,,,,,
마포구,11440,성산동,202607,연립다세대_전월세,골드리치,성산동,278-5,36.18,,31000,0,3,8,2018,신규,26.08~28.08,,,,,
마포구,11440,염리동,202607,연립다세대_전월세,이지힐,염리동,9-224,14.32,,14000,5,3,17,2020,신규,26.08~28.08,,,,,
마포구,11440,합정동,202607,연립다세대_전월세,강변르네상스5차,합정동,434-10,28.89,,5000,70,4,10,2011,신규,26.07~28.07,,,,,
마포구,11440,연남동,202607,연립다세대_전월세,자슬린하우스(364-21),연남동,364-21,58.56,,55000,0,2,17,2022,신규,26.08~27.08,,,,,
마포구,11440,망원동,202607,연립다세대_전월세,성원빌리지(404-12),망원동,404-12,58.59,,21000,25,4,4,2002,갱신,26.07~28.07,21000.0,20.0,사용,,
마포구,11440,창전동,202607,연립다세대_전월세,"동남타운가동,나동",창전동,12-14,50.62,,23800,10,2,19,1994,신규,26.10~28.10,,,,,
마포구,11440,대흥동,202607,연립다세대_전월세,자슬린하우스,대흥동,500-6,28.86,,26000,0,4,1,2021,신규,26.08~28.08,,,,,
마포구,11440,연남동,202607,연립다세대_전월세,JASONCOUNTY,연남동,229-72,42.54,,20000,0,2,16,2016,신규,26.08~28.08,,,,,
마포구,11440,합정동,202607,연립다세대_전월세,진흥빌(449-6),합정동,449-6,29.89,,20685,0,5,12,2010,갱신,26.08~28.08,19700.0,,,,
마포구,11440,합정동,202607,연립다세대_전월세,리버힐하우스,합정동,429-57,29.11,,27300,0,3,13,2018,신규,26.09~28.09,,,,,
마포구,11440,합정동,202607,연립다세대_전월세,에이엔에이빌리지,합정동,440-20,38.73,,15000,64,5,16,2008,신규,26.08~28.08,,,,,
마포구,11440,연남동,202607,연립다세대_전월세,파크사이드연남,연남동,481-5,18.51,,17000,0,3,15,2026,신규,26.08~28.08,,,,,
마포구,11440,연남동,202607,연립다세대_전월세,라센트라연남,연남동,361-10,30,,4000,160,2,9,2022,신규,26.07~28.07,,,,,
마포구,11440,중동,202607,연립다세대_전월세,동원데쟈뷰,중동,123,42.52,,40000,0,2,14,2022,신규,26.09~28.09,,,,,
마포구,11440,망원동,202607,연립다세대_전월세,백송,망원동,428-31,30.75,,26800,0,2,16,2016,신규,26.09~28.09,,,,,
마포구,11440,성산동,202607,연립다세대_전월세,(74-5),성산동,74-5,24.57,,500,45,1,9,1976,신규,26.07~27.07,,,,,
마포구,11440,당인동,202607,연립다세대_전월세,(12-27),당인동,12-27,36.8,,12000,25,2,14,1990,갱신,26.07~28.07,12000.0,,,,
마포구,11440,도화동,202607,연립다세대_전월세,더클래스도화2,도화동,242-4,21.4,,23000,0,3,15,2026,신규,26.08~28.08,,,,,
마포구,11440,망원동,202607,연립다세대_전월세,로커스빌,망원동,438-28,31.32,,23000,0,4,15,2012,갱신,26.07~28.07,21000.0,,,,
마포구,11440,용강동,202607,연립다세대_전월세,용화,용강동,494-114,36.4,,14300,5,2,15,2004,갱신,26.09~28.09,15000.0,,사용,,
마포구,11440,망원동,202607,연립다세대_전월세,삼성캐슬(A동),망원동,396-51,28.72,,25800,0,5,14,2018,갱신,26.07~28.07,24600.0,,,,
마포구,11440,망원동,202607,연립다세대_전월세,대명엘레강스3,망원동,416-5,18.17,,12000,28,4,8,2011,갱신,26.08~28.08,12000.0,24.0,사용,,
마포구,11440,서교동,202607,연립다세대_전월세,(328-65),서교동,328-65,31.62,,5000,90,4,1,2003,신규,26.07~28.07,,,,,
마포구,11440,합정동,202607,연립다세대_전월세,대명월드파크,합정동,440-11,46.5,,13000,50,2,7,2008,신규,26.08~28.08,,,,,
마포구,11440,성산동,202607,연립다세대_전월세,아성뜨란채,성산동,200-110,40.66,,33600,0,4,15,2018,신규,26.08~28.08,,,,,
마포구,11440,노고산동,202607,연립다세대_전월세,수빌딩,노고산동,54-96,15.18,,1000,90,5,10,2013,신규,26.09~27.08,,,,,
마포구,11440,연남동,202607,연립다세대_전월세,파크사이드연남,연남동,481-5,18.6,,17000,0,3,14,2026,신규,26.08~28.08,,,,,
마포구,11440,합정동,202607,연립다세대_전월세,한강빌(449-16),합정동,449-16,14.36,,12000,0,4,7,2011,신규,26.08~28.08,,,,,
마포구,11440,아현동,202607,연립다세대_전월세,(700-11),아현동,700-11,145.68,,1000,70,-1,2,1986,신규,26.09~28.09,,,,,
마포구,11440,망원동,202607,연립다세대_전월세,금와주택,망원동,460-3,29.98,,27500,15,3,4,2016,신규,26.08~28.08,,,,,
마포구,11440,연남동,202607,연립다세대_전월세,HnL빌,연남동,488-11,52.22,,20000,60,5,4,2003,신규,26.08~27.08,,,,,
마포구,11440,염리동,202607,연립다세대_전월세,행복신양염리1차,염리동,149-8,20.98,,20000,0,5,14,2020,신규,26.08~28.08,,,,,
마포구,11440,망원동,202607,연립다세대_전월세,월드빌,망원동,486-29,51.82,,28000,0,3,10,2008,신규,26.10~28.10,,,,,
마포구,11440,도화동,202607,연립다세대_전월세,더클래스도화2,도화동,242-4,19.34,,22000,0,4,14,2026,신규,26.08~28.08,,,,,
마포구,11440,서교동,202607,연립다세대_전월세,한일빌리지,서교동,395-127,27.52,,8000,30,-1,14,1991,신규,26.08~28.08,,,,,
마포구,11440,망원동,202607,연립다세대_전월세,예원빌라2동,망원동,419-22,39.3,,14000,0,-1,13,1992,신규,26.08~28.08,,,,,
마포구,11440,성산동,202607,연립다세대_전월세,연희맨숀나동,성산동,141-1,64.2,,2000,100,2,14,1984,신규,26.08~28.08,,,,,
마포구,11440,성산동,202607,연립다세대_전월세,헤리티지,성산동,50-15,38.21,,33500,20,6,14,2017,신규,26.08~28.08,,,,,
마포구,11440,연남동,202607,연립다세대_전월세,정진베스트빌,연남동,565-2,37.1,,1000,79,3,10,2002,갱신,26.08~28.08,1000.0,76.0,,,
마포구,11440,연남동,202607,연립다세대_전월세,현대하이츠,연남동,570-3,76.19,,39300,0,3,13,2006,갱신,26.08~28.08,38300.0,,사용,,
마포구,11440,망원동,202607,연립다세대_전월세,삼정홈타운,망원동,469-4,39.6,,23100,0,4,13,2012,신규,26.09~28.09,,,,,
마포구,11440,합정동,202607,연립다세대_전월세,두리파크빌,합정동,426-15,64.32,,4000,110,2,11,2007,갱신,26.08~28.08,4000.0,105.0,,,
마포구,11440,염리동,202607,연립다세대_전월세,모아댄하우스A,염리동,85-19,26.39,,20580,0,4,14,2016,갱신,26.08~28.08,19600.0,,,,
마포구,11440,성산동,202607,연립다세대_전월세,대원파크빌라,성산동,17-11,45.71,,21000,0,3,11,1995,신규,26.09~28.09,,,,,
마포구,11440,염리동,202607,연립다세대_전월세,이지힐,염리동,9-224,17.23,,14830,0,2,14,2020,갱신,26.08~28.08,14330.0,,사용,,
마포구,11440,성산동,202607,연립다세대_전월세,아성뜨란채,성산동,200-110,36.76,,30000,0,5,14,2018,신규,26.07~28.07,,,,,
마포구,11440,합정동,202607,연립다세대_전월세,대명피렌체1,합정동,431-23,34.92,,21000,0,2,11,2010,갱신,26.07~28.07,20000.0,,사용,,
마포구,11440,서교동,202607,연립다세대_전월세,MJBIOS,서교동,372-9,18.7,,3000,220,6,14,2025,신규,26.07~27.07,,,,,
마포구,11440,아현동,202607,연립다세대_전월세,(구85-684),아현동,763-4,42.84,,13000,30,2,13,1986,신규,26.08~28.08,,,,,
마포구,11440,아현동,202607,연립다세대_전월세,(698-1),아현동,698-1,57.3,,18000,0,2,13,1985,신규,26.09~28.09,,,,,
마포구,11440,대흥동,202607,연립다세대_전월세,대흥모두가,대흥동,371,28.27,,26770,0,5,14,2016,갱신,26.07~28.07,25499.0,,,,
마포구,11440,동교동,202607,연립다세대_전월세,동교동다세대주택,동교동,184-10,144.99,,30000,120,3,11,2000,신규,26.08~28.08,,,,,
마포구,11440,성산동,202607,연립다세대_전월세,아비뇽빌라,성산동,586-1,49.35,,3000,100,1,14,2002,신규,26.08~28.08,,,,,
마포구,11440,서교동,202607,연립다세대_전월세,진흥푸르지오(451-16),서교동,451-16,29.1,,12000,40,3,13,2008,신규,26.08~28.08,,,,,
마포구,11440,연남동,202607,연립다세대_전월세,한양빌리지,연남동,564-2,45.09,,21400,19,2,14,1992,갱신,26.08~28.07,21400.0,15.0,사용,,
마포구,11440,망원동,202607,연립다세대_전월세,형제빌라,망원동,394-127,31.35,,12000,40,5,3,2001,신규,26.07~28.07,,,,,
마포구,11440,대흥동,202607,연립다세대_전월세,(325-38),대흥동,325-38,166.02,,500,50,3,11,1995,신규,26.08~28.08,,,,,
마포구,11440,아현동,202607,연립다세대_전월세,"(구85-461,한일빌라A동)",아현동,740,52.08,,17000,0,3,4,1995,신규,26.09~28.09,,,,,
마포구,11440,망원동,202607,연립다세대_전월세,이레쉐르빌(429-5),망원동,429-5,36.9,,12000,75,4,13,2008,신규,26.08~28.08,,,,,
마포구,11440,성산동,202607,연립다세대_전월세,성산그린빌라,성산동,200-83,60.5,,23000,0,2,13,1991,신규,26.08~28.08,,,,,
마포구,11440,성산동,202607,연립다세대_전월세,성산빌라,성산동,226-14,41.99,,1000,77,4,3,2002,신규,26.08~28.08,,,,,
마포구,11440,성산동,202607,연립다세대_전월세,유일빌리지2단지,성산동,131-20,28.92,,23300,20,6,4,2016,갱신,26.08~28.08,22000.0,20.0,,,
마포구,11440,합정동,202607,연립다세대_전월세,럭키빌라,합정동,361-7,39.15,,21000,0,2,13,1991,신규,26.08~28.08,,,,,
마포구,11440,염리동,202607,연립다세대_전월세,라임빌,염리동,98-11,16.43,,1000,60,5,11,2021,신규,26.08~28.08,,,,,
마포구,11440,용강동,202607,연립다세대_전월세,천수빌,용강동,494-83,44.95,,22000,0,3,13,2008,신규,26.10~28.10,,,,,
마포구,11440,망원동,202607,연립다세대_전월세,대명엘레강스3,망원동,416-5,13.96,,2000,52,5,6,2011,신규,26.07~27.07,,,,,
마포구,11440,합정동,202607,연립다세대_전월세,젤라빌리지,합정동,436-19,53.54,,7000,110,3,11,1992,신규,26.08~28.08,,,,,
마포구,11440,합정동,202607,연립다세대_전월세,원빌라,합정동,458-1,30.52,,2000,71,3,8,1991,신규,26.07~28.07,,,,,
마포구,11440,성산동,202607,연립다세대_전월세,삼정아트빌,성산동,47-5,57.4,,2000,110,3,4,2003,신규,26.07~28.07,,,,,
마포구,11440,성산동,202607,연립다세대_전월세,리시본하우스,성산동,78-1,29.94,,27300,5,4,1,2016,신규,26.07~28.07,,,,,
마포구,11440,상수동,202607,연립다세대_전월세,세진빌라,상수동,335-7,34.67,,20000,0,1,10,1991,신규,26.08~28.08,,,,,
마포구,11440,용강동,202607,연립다세대_전월세,카사벨라3,용강동,494-12,22.1,,4000,100,2,13,2025,신규,26.08~28.08,,,,,
마포구,11440,연남동,202607,연립다세대_전월세,(382-10),연남동,382-10,17.58,,1000,50,4,1,2012,신규,26.07~28.06,,,,,
마포구,11440,연남동,202607,연립다세대_전월세,(509-1),연남동,509-1,12.01,,1000,65,2,1,2013,신규,26.07~27.06,,,,,
마포구,11440,성산동,202607,연립다세대_전월세,양림팰리스,성산동,638-5,43.02,,2000,135,2,8,2008,신규,26.07~28.07,,,,,
마포구,11440,연남동,202607,연립다세대_전월세,uniquevliie,연남동,239-17,14.7,,11000,0,3,13,2013,신규,26.08~28.08,,,,,
마포구,11440,연남동,202607,연립다세대_전월세,오마빌,연남동,564-39,25.08,,2000,45,2,11,2011,신규,26.07~27.07,,,,,
마포구,11440,연남동,202607,연립다세대_전월세,BETHELHOUSE,연남동,561-70,14.16,,1000,52,4,4,2011,신규,26.07~28.07,,,,,
마포구,11440,망원동,202607,연립다세대_전월세,아람빌,망원동,428-38,22.08,,14700,0,3,7,2011,갱신,26.07~28.07,14000.0,,사용,,
마포구,11440,염리동,202607,연립다세대_전월세,모아댄하우스A,염리동,85-19,29.79,,3500,100,5,2,2016,신규,26.08~28.08,,,,,
마포구,11440,망원동,202607,연립다세대_전월세,시나아트빌(432-56),망원동,432-56,54.6,,25000,0,4,10,2002,신규,26.09~28.09,,,,,
마포구,11440,성산동,202607,연립다세대_전월세,화이트빌(30-26),성산동,30-26,122.18,,43985,0,4,11,1996,갱신,26.08~28.07,41890.0,,사용,,
마포구,11440,염리동,202607,연립다세대_전월세,행복신양염리2차,염리동,149-14,24.03,,19800,0,5,11,2020,갱신,26.08~28.08,18900.0,,,,
마포구,11440,합정동,202607,연립다세대_전월세,MAIBAUMHapjeongC,합정동,439-6,15.74,,1000,77,2,10,2013,갱신,26.07~28.07,1000.0,73.0,사용,,
마포구,11440,합정동,202607,연립다세대_전월세,(197-8),합정동,197-8,36.9,,18000,0,2,9,1988,신규,26.08~28.08,,,,,
마포구,11440,창전동,202607,연립다세대_전월세,풀하우스,창전동,6-163,70.21,,14000,20,4,3,2001,신규,26.08~28.08,,,,,
마포구,11440,중동,202607,연립다세대_전월세,포레스트힐7차,중동,145,41.4,,27000,0,3,10,2014,갱신,26.08~28.08,27000.0,,,,
마포구,11440,합정동,202607,연립다세대_전월세,강변타운(74-26),합정동,74-26,39.36,,25000,0,2,10,1989,신규,26.09~28.09,,,,,
마포구,11440,상수동,202607,연립다세대_전월세,미주빌1차,상수동,333-15,59.79,,18000,46,4,7,2008,신규,26.10~28.10,,,,,
마포구,11440,성산동,202607,연립다세대_전월세,(144-2),성산동,144-2,39.6,,12000,0,1,2,1986,신규,26.07~28.07,,,,,
마포구,11440,창전동,202607,연립다세대_전월세,풀하우스,창전동,6-163,70.21,,14000,20,4,3,2001,신규,26.08~28.08,,,,,
마포구,11440,서교동,202607,연립다세대_전월세,MJBIOS,서교동,372-9,18.7,,3000,224,8,1,2025,신규,26.07~28.07,,,,,
마포구,11440,연남동,202607,연립다세대_전월세,(509-1),연남동,509-1,12.01,,1000,65,5,6,2013,신규,26.07~27.07,,,,,
마포구,11440,염리동,202607,연립다세대_전월세,앰버하우스17차,염리동,9-11,29.85,,24600,0,2,10,2021,신규,26.08~28.08,,,,,
마포구,11440,도화동,202607,연립다세대_전월세,아너스리버마포,도화동,201-56,29.96,,20000,100,5,10,2023,신규,26.08~28.08,,,,,
마포구,11440,합정동,202607,연립다세대_전월세,백운아트빌라(445-17),합정동,445-17,36.9,,15000,0,2,8,1990,신규,26.07~28.07,,,,,
마포구,11440,서교동,202607,연립다세대_전월세,3차신도빌라,서교동,385-6,29.81,,5000,65,3,10,1993,갱신,26.07~28.07,1000.0,55.0,,,
마포구,11440,상수동,202607,연립다세대_전월세,(326-9),상수동,326-9,34.02,,18000,0,2,10,2003,갱신,26.09~28.09,17000.0,,,,
마포구,11440,성산동,202607,연립다세대_전월세,한빛위너스빌,성산동,255-7,29.83,,20000,5,2,9,2013,갱신,26.10~28.10,20000.0,,사용,,
마포구,11440,도화동,202607,연립다세대_전월세,프라임빌,도화동,2-66,32.85,,24000,25,3,10,2010,신규,26.08~28.08,,,,,
마포구,11440,마포동,202607,연립다세대_전월세,힐탑빌라트,마포동,236-5,24.6,,20000,0,4,8,2002,신규,26.08~28.08,,,,,
마포구,11440,성산동,202607,연립다세대_전월세,예빈빌라,성산동,220-1,28.45,,0,25,1,2,1995,신규,26.07~28.07,,,,,
마포구,11440,서교동,202607,연립다세대_전월세,젤뚜하우스,서교동,329-18,34.99,,31500,6,3,10,2015,신규,26.08~28.08,,,,,
마포구,11440,성산동,202607,연립다세대_전월세,예림빌라,성산동,81-59,65.64,,26200,20,2,9,1991,신규,26.08~28.08,,,,,
마포구,11440,연남동,202607,연립다세대_전월세,예일빌라,연남동,381-6,61.89,,2000,160,4,9,2008,신규,26.08~28.08,,,,,
마포구,11440,망원동,202607,연립다세대_전월세,(485-5),망원동,485-5,34.38,,1000,51,4,9,1997,신규,26.09~28.09,,,,,
마포구,11440,성산동,202607,연립다세대_전월세,이강빌딩,성산동,39-3,14.51,,10500,2,3,8,2014,신규,26.08~28.08,,,,,
마포구,11440,연남동,202607,연립다세대_전월세,라온하우스,연남동,239-11,48.31,,2000,116,5,9,2013,신규,26.08~28.08,,,,,
마포구,11440,망원동,202607,연립다세대_전월세,노블캐슬,망원동,411-42,42.94,,35175,0,3,9,2016,갱신,26.08~28.08,33500.0,,사용,,
마포구,11440,성산동,202607,연립다세대_전월세,혜성파크빌,성산동,274-30,41.72,,3000,85,4,9,2002,신규,26.09~28.09,,,,,
마포구,11440,합정동,202607,연립다세대_전월세,진흥하임빌,합정동,428-52,29.99,,24000,0,2,8,2011,갱신,26.07~28.07,21000.0,20.0,,,
마포구,11440,서교동,202607,연립다세대_전월세,노블캐슬,서교동,473-33,16.41,,5000,40,4,7,2011,신규,26.08~28.08,,,,,
마포구,11440,연남동,202607,연립다세대_전월세,파크사이드연남,연남동,481-5,28.48,,25000,0,2,8,2026,신규,26.08~28.08,,,,,
마포구,11440,성산동,202607,연립다세대_전월세,TheGenesis,성산동,232-15,29.15,,2000,102,5,4,2014,갱신,26.07~28.07,2000.0,97.0,,,
마포구,11440,도화동,202607,연립다세대_전월세,아포제도화,도화동,2-31,27.8,,30000,7,2,7,2026,신규,26.08~27.08,,,,,
마포구,11440,서교동,202607,연립다세대_전월세,MJBIOS,서교동,372-9,18.7,,3000,224,8,1,2025,신규,26.07~28.07,,,,,
마포구,11440,중동,202607,연립다세대_전월세,동원데쟈뷰,중동,123,47.5,,39000,0,3,8,2022,신규,26.08~28.08,,,,,
마포구,11440,성산동,202607,연립다세대_전월세,제일빌라,성산동,214-8,124.34,,40000,0,3,8,1983,갱신,26.08~28.07,35000.0,,,,
마포구,11440,성산동,202607,연립다세대_전월세,슈펜더갤러리,성산동,214-22,32.32,,26000,15,2,8,2017,갱신,26.08~28.08,26000.0,10.0,사용,,
마포구,11440,합정동,202607,연립다세대_전월세,(450-31),합정동,450-31,39.6,,14000,15,2,1,1986,신규,26.08~28.08,,,,,
마포구,11440,망원동,202607,연립다세대_전월세,엘림빌,망원동,57-413,35.96,,22000,0,4,3,2011,신규,26.08~28.08,,,,,
마포구,11440,서교동,202607,연립다세대_전월세,동궁빌라,서교동,449-21,28.39,,25000,5,4,8,2012,갱신,26.07~28.07,24000.0,5.0,,,
마포구,11440,서교동,202607,연립다세대_전월세,서교주택,서교동,469-10,35.64,,17200,10,3,8,1993,갱신,26.07~28.07,17200.0,10.0,사용,,
마포구,11440,도화동,202607,연립다세대_전월세,엘라루네,도화동,185-6,20.35,,22000,0,2,2,2026,신규,26.08~28.08,,,,,
마포구,11440,연남동,202607,연립다세대_전월세,해오름,연남동,239-29,35.13,,2000,99,4,8,2012,신규,26.08~28.08,,,,,
마포구,11440,연남동,202607,연립다세대_전월세,정다운ville,연남동,239-6,23.33,,1000,67,5,7,2012,신규,26.08~28.08,,,,,
마포구,11440,염리동,202607,연립다세대_전월세,앰버하우스19차,염리동,81-15,16.37,,13000,2,2,7,2021,갱신,26.07~28.07,13000.0,,,,
마포구,11440,연남동,202607,연립다세대_전월세,(509-1),연남동,509-1,12.01,,1000,65,5,4,2013,신규,26.07~27.07,,,,,
마포구,11440,염리동,202607,연립다세대_전월세,골든빌,염리동,142-15,14.66,,12000,5,4,1,2021,신규,26.07~28.07,,,,,
마포구,11440,성산동,202607,연립다세대_전월세,동양하우징,성산동,24-1,29.86,,27000,0,2,3,2018,신규,26.07~28.07,,,,,
마포구,11440,망원동,202607,연립다세대_전월세,미레빌라트,망원동,401-5,29.85,,13000,60,2,6,2015,갱신,26.08~28.08,13000.0,55.0,사용,,
마포구,11440,용강동,202607,연립다세대_전월세,카사벨라1,용강동,494-54,27.55,,28000,0,3,7,2022,신규,26.08~28.08,,,,,
마포구,11440,연남동,202607,연립다세대_전월세,하오빌,연남동,481-29,61.46,,0,35,4,7,2009,신규,26.07~28.07,,,,,
마포구,11440,망원동,202607,연립다세대_전월세,삼성캐슬(236-4),망원동,236-4,47.14,,36500,0,3,7,2017,갱신,26.08~28.08,35000.0,,사용,,
마포구,11440,연남동,202607,연립다세대_전월세,(239-18),연남동,239-18,16.54,,5000,65,3,2,2013,신규,26.08~28.08,,,,,
마포구,11440,서교동,202607,연립다세대_전월세,청기와센터빌2동,서교동,449-36,48.33,,10000,120,4,3,2015,갱신,26.08~27.08,10000.0,120.0,사용,,
마포구,11440,서교동,202607,연립다세대_전월세,(460-9),서교동,460-9,12,,1000,50,3,1,2012,신규,26.07~28.07,,,,,
마포구,11440,서교동,202607,연립다세대_전월세,안인아파트,서교동,485-25,56.05,,34000,26,4,1,2017,신규,26.07~28.07,,,,,
마포구,11440,연남동,202607,연립다세대_전월세,(226-2),연남동,226-2,38.88,,22800,30,4,6,2004,신규,26.08~28.08,,,,,
마포구,11440,망원동,202607,연립다세대_전월세,이레쉐르빌(429-5),망원동,429-5,36.9,,17600,0,5,6,2008,갱신,26.07~28.07,16800.0,,사용,,
마포구,11440,망원동,202607,연립다세대_전월세,(410-4),망원동,410-4,36.32,,19000,0,5,6,2003,신규,26.09~28.09,,,,,
마포구,11440,망원동,202607,연립다세대_전월세,석산빌라,망원동,431-17,48.12,,500,100,2,6,1994,신규,26.07~28.07,,,,,
마포구,11440,망원동,202607,연립다세대_전월세,파크빌(484-4),망원동,484-4,60,,29000,50,4,6,2010,갱신,26.08~28.08,34000.0,10.0,,,
마포구,11440,망원동,202607,연립다세대_전월세,현대타운,망원동,416-72,35.88,,2000,90,2,6,1991,신규,26.08~28.08,,,,,
마포구,11440,아현동,202607,연립다세대_전월세,트렌빌,아현동,331-29,26.18,,32000,0,7,6,2019,신규,26.07~28.02,,,,,
마포구,11440,망원동,202607,연립다세대_전월세,영광빌라,망원동,414-77,41.83,,18900,0,3,6,1991,갱신,26.08~28.08,18000.0,,사용,,
마포구,11440,합정동,202607,연립다세대_전월세,이에스한강포레B,합정동,453-13,29.63,,33600,0,2,6,2024,갱신,26.08~28.08,32000.0,,사용,,
마포구,11440,합정동,202607,연립다세대_전월세,대명피렌체3,합정동,438-13,29.86,,23000,0,2,5,2010,갱신,26.08~28.08,21400.0,,,,
마포구,11440,망원동,202607,연립다세대_전월세,동강하이텔,망원동,398-7,24.54,,16000,0,3,6,2011,신규,26.08~28.08,,,,,
마포구,11440,합정동,202607,연립다세대_전월세,원빌라,합정동,458-1,30.52,,2000,70,1,2,1991,신규,26.07~28.07,,,,,
마포구,11440,공덕동,202607,연립다세대_전월세,맑은못,공덕동,249-18,77.21,,39500,0,3,6,2003,갱신,26.07~27.03,38000.0,,,,
마포구,11440,연남동,202607,연립다세대_전월세,라센트라연남,연남동,361-10,37.14,,5000,170,2,6,2022,신규,26.07~28.07,,,,,
마포구,11440,연남동,202607,연립다세대_전월세,(509-1),연남동,509-1,19.91,,1000,65,5,4,2013,신규,26.07~27.07,,,,,
마포구,11440,망원동,202607,연립다세대_전월세,행복타운,망원동,398-16,59.7,,30000,30,3,6,2002,신규,26.07~28.07,,,,,
마포구,11440,합정동,202607,연립다세대_전월세,흥국빌라,합정동,395-15,91.19,,40000,0,1,3,1984,신규,26.09~28.09,,,,,
마포구,11440,공덕동,202607,연립다세대_전월세,맑은못,공덕동,249-18,57.51,,33500,0,4,6,2003,갱신,26.07~27.03,33500.0,,,,
마포구,11440,용강동,202607,연립다세대_전월세,(494-73),용강동,494-73,62.16,,37800,0,4,5,2009,갱신,26.07~28.07,36000.0,,사용,,
마포구,11440,대흥동,202607,연립다세대_전월세,할시온마포,대흥동,22-47,19.95,,23500,0,2,4,2022,신규,26.08~28.08,,,,,
마포구,11440,염리동,202607,연립다세대_전월세,염리르끌레브,염리동,10-152,21.43,,18900,0,3,4,2021,신규,26.09~28.09,,,,,
마포구,11440,염리동,202607,연립다세대_전월세,리앤리빌Ⅱ,염리동,27-95,29.64,,30000,6,3,4,2021,갱신,26.07~28.07,30000.0,,사용,,
마포구,11440,신수동,202607,연립다세대_전월세,(251-1),신수동,251-1,16.95,,10000,0,2,4,2013,신규,26.07~28.07,,,,,
마포구,11440,연남동,202607,연립다세대_전월세,정House,연남동,229-17,45.03,,2000,115,4,2,2012,신규,26.07~28.07,,,,,
마포구,11440,서교동,202607,연립다세대_전월세,우정빌,서교동,391-4,18.58,,3000,50,2,6,2012,신규,26.07~28.07,,,,,
마포구,11440,망원동,202607,연립다세대_전월세,장미빌라,망원동,414-85,53.64,,8000,70,4,4,1997,신규,26.07~28.07,,,,,
마포구,11440,망원동,202607,연립다세대_전월세,성진센터빌,망원동,435-45,30.04,,30000,0,2,4,2018,갱신,26.08~28.08,20000.0,50.0,,,
마포구,11440,서교동,202607,연립다세대_전월세,동광탑스빌1,서교동,451-23,25.58,,16800,0,5,6,2010,갱신,26.08~27.08,16800.0,,,,
마포구,11440,염리동,202607,연립다세대_전월세,이엠하우스,염리동,10-116,17.89,,17000,0,3,4,2021,신규,26.09~28.09,,,,,
마포구,11440,노고산동,202607,연립다세대_전월세,스테이하이,노고산동,19-17,14.76,,20000,0,4,4,2020,신규,26.09~28.09,,,,,
마포구,11440,성산동,202607,연립다세대_전월세,월드하우스,성산동,17-6,17.57,,1000,60,2,3,2014,신규,26.07~28.07,,,,,
마포구,11440,서교동,202607,연립다세대_전월세,파크빌(455-5),서교동,455-5,19.65,,13500,0,4,3,2010,신규,26.07~28.07,,,,,
마포구,11440,용강동,202607,연립다세대_전월세,(494-76),용강동,494-76,29.4,,1000,70,5,1,2010,갱신,26.07~28.07,1000.0,66.0,,,
마포구,11440,도화동,202607,연립다세대_전월세,마포리치빌,도화동,242,27.05,,10000,75,6,3,2018,신규,26.09~28.09,,,,,
마포구,11440,성산동,202607,연립다세대_전월세,(4-10),성산동,4-10,58.05,,15000,80,3,3,1995,신규,26.08~28.08,,,,,
마포구,11440,서교동,202607,연립다세대_전월세,서교동포인트빌라,서교동,454-5,47.38,,23000,0,3,3,2000,신규,26.08~28.08,,,,,
마포구,11440,상수동,202607,연립다세대_전월세,(322-7),상수동,322-7,37.6,,20540,0,2,3,2008,갱신,26.07~28.07,19640.0,,,,
마포구,11440,연남동,202607,연립다세대_전월세,(487-49),연남동,487-49,29.77,,500,75,2,1,1986,신규,26.07~28.07,,,,,
마포구,11440,용강동,202607,연립다세대_전월세,정광,용강동,494-98,75.73,,3000,100,5,3,2008,갱신,26.08~28.07,3000.0,95.0,,,
마포구,11440,염리동,202607,연립다세대_전월세,세연2차,염리동,9-213,19.06,,17000,0,3,3,2019,신규,26.08~28.08,,,,,
마포구,11440,염리동,202607,연립다세대_전월세,레베빌,염리동,81-34,14.78,,14000,0,3,2,2021,신규,26.07~28.07,,,,,
마포구,11440,도화동,202607,연립다세대_전월세,아포제도화,도화동,2-31,25.97,,30000,0,4,3,2026,신규,26.08~28.08,,,,,
마포구,11440,성산동,202607,연립다세대_전월세,(243-8),성산동,243-8,23.45,,9700,21,2,2,2011,갱신,26.07~28.07,9700.0,19.0,,,
마포구,11440,중동,202607,연립다세대_전월세,중동빌라,중동,112,76.39,,27000,0,4,2,1996,신규,26.09~28.09,,,,,
마포구,11440,망원동,202607,연립다세대_전월세,삼성캐슬(A동),망원동,396-51,26.56,,26883,0,6,2,2018,갱신,26.09~28.09,27450.0,,,,
마포구,11440,연남동,202607,연립다세대_전월세,라센트라연남,연남동,361-10,30,,3000,160,5,1,2022,신규,26.07~28.06,,,,,
마포구,11440,마포동,202607,연립다세대_전월세,마포한강반수완,마포동,336-2,42.66,,44000,15,5,1,2023,신규,26.08~28.08,,,,,
마포구,11440,창전동,202607,연립다세대_전월세,웅지빌라,창전동,6-253,80.56,,25000,0,-1,1,1997,갱신,26.08~28.08,25000.0,,,,
마포구,11440,도화동,202607,연립다세대_전월세,도화맨션,도화동,2-14,24.32,,25200,0,3,2,2018,신규,26.08~28.08,,,,,
마포구,11440,용강동,202607,연립다세대_전월세,자슬린하우스,용강동,494-118,19.74,,22100,29,3,1,2020,신규,26.07~28.07,,,,,
마포구,11440,합정동,202607,연립다세대_전월세,목련빌라(361-58),합정동,361-58,34.56,,17500,0,2,1,1989,신규,26.08~28.08,,,,,
마포구,11440,용강동,202607,연립다세대_전월세,자슬린하우스,용강동,494-118,19.74,,22100,29,3,1,2020,신규,26.07~28.07,,,,,
마포구,11440,합정동,202607,연립다세대_전월세,강변타운(74-28),합정동,74-28,34.47,,21000,0,1,2,1989,신규,26.07~26.08,,,,,
마포구,11440,서교동,202607,연립다세대_전월세,안인아파트,서교동,485-25,56.05,,34000,26,4,1,2017,신규,26.07~28.07,,,,,
마포구,11440,용강동,202607,연립다세대_전월세,자슬린하우스,용강동,494-118,19.74,,22100,0,3,1,2020,신규,26.07~28.07,,,,,
마포구,11440,구수동,202607,연립다세대_전월세,근상프리즘2동,구수동,21-2,67.07,,42000,0,3,1,2009,갱신,26.08~28.08,40000.0,,사용,,
마포구,11440,연남동,202607,연립다세대_전월세,화랑빌라,연남동,226-33,139.84,,5000,200,2,1,1984,신규,26.07~28.07,,,,,
마포구,11440,노고산동,202607,연립다세대_전월세,예담빌서강5차,노고산동,12-27,23.89,,17800,0,3,1,2020,신규,26.08~28.08,,,,,
마포구,11440,대흥동,202607,연립다세대_전월세,(22-42),대흥동,22-42,17.08,,13000,0,5,1,2020,갱신,26.08~28.08,13000.0,,,,
마포구,11440,공덕동,202607,아파트_전월세,공덕1삼성래미안,공덕동,371,59.74,,57700,0,21,4,1999,,,,,,,
마포구,11440,신수동,202607,아파트_전월세,세양청마루,신수동,451,82.86,,59850,45,1,21,2003,,,,,,,
마포구,11440,신공덕동,202607,아파트_전월세,신공덕래미안3차,신공덕동,161,59.96,,5000,160,11,25,2003,,,,,,,
마포구,11440,상암동,202607,아파트_전월세,상암월드컵파크7단지,상암동,1660,104.77,,76600,0,4,19,2005,,,,,,,
마포구,11440,아현동,202607,아파트_전월세,마포래미안푸르지오4단지,아현동,777,59.9452,,63000,0,13,15,2014,,,,,,,
마포구,11440,상수동,202607,아파트_전월세,래미안밤섬리베뉴Ⅰ,상수동,402,84.99,,88200,0,14,13,2014,,,,,,,
마포구,11440,상암동,202607,아파트_전월세,상암월드컵파크2단지,상암동,1637,59.84,,58000,0,13,11,2003,,,,,,,
마포구,11440,창전동,202607,아파트_전월세,신촌태영데시앙,창전동,439,84.97,,63000,0,1,4,2003,,,,,,,
마포구,11440,대흥동,202607,아파트_전월세,대흥동태영아파트,대흥동,660,59.4,,48500,0,18,6,1999,,,,,,,
마포구,11440,아현동,202607,아파트_전월세,마포래미안푸르지오3단지,아현동,777,59.9236,,5000,230,10,6,2014,갱신,26.11~28.11,5000.0,220.0,,,
마포구,11440,아현동,202607,아파트_전월세,마포래미안푸르지오3단지,아현동,777,84.5978,,30000,300,16,27,2014,신규,26.08~28.08,,,,,
마포구,11440,공덕동,202607,아파트_전월세,마포현대,공덕동,188-108,59.95,,15000,140,3,11,1988,신규,26.08~28.08,,,,,
마포구,11440,도화동,202607,아파트_전월세,도화동현대,도화동,357,68.22,,5000,160,1,31,1996,신규,26.08~28.08,,,,,
마포구,11440,노고산동,202607,아파트_전월세,빌리브디에이블,노고산동,129,42.56,,64000,0,8,27,2025,신규,26.10~28.10,,,,,
마포구,11440,신공덕동,202607,아파트_전월세,신공덕래미안2차,신공덕동,159,59.48,,28000,100,4,18,2000,갱신,26.09~28.09,28000.0,90.0,사용,,
마포구,11440,상암동,202607,아파트_전월세,상암월드컵파크3단지,상암동,1643,84.94,,50000,75,6,17,2003,신규,26.10~28.08,,,,,
마포구,11440,신공덕동,202607,아파트_전월세,대우메트로디오빌,신공덕동,167,49.97,,48300,0,25,24,2005,갱신,26.09~28.09,46000.0,,사용,,
마포구,11440,염리동,202607,아파트_전월세,마포자이더센트리지(102동~112동),염리동,533,59.99,,90000,0,8,12,2022,신규,26.10~28.10,,,,,
마포구,11440,창전동,202607,아파트_전월세,서강오벨리스크스위트,창전동,442,84.96,,72000,0,7,25,2007,신규,26.10~28.10,,,,,
마포구,11440,신공덕동,202607,아파트_전월세,대우메트로디오빌,신공덕동,167,29.11,,1000,100,26,24,2005,신규,26.08~28.08,,,,,
마포구,11440,상암동,202607,아파트_전월세,상암월드컵파크6단지,상암동,1689,104.32,,87000,0,11,25,2005,신규,26.09~28.09,,,,,
마포구,11440,성산동,202607,아파트_전월세,성산시영(유원),성산동,446,59.43,,47000,0,11,4,1986,신규,26.09~28.09,,,,,
마포구,11440,망원동,202607,아파트_전월세,현대그린,망원동,464-5,80.88,,10000,170,3,13,2003,신규,26.09~28.09,,,,,
마포구,11440,토정동,202607,아파트_전월세,한강삼성,토정동,138,59.76,,46750,0,7,24,1997,신규,26.07~28.07,,,,,
마포구,11440,토정동,202607,아파트_전월세,한강삼성,토정동,138,59.76,,56700,0,28,26,1997,신규,26.10~28.10,,,,,
마포구,11440,현석동,202607,아파트_전월세,밤섬예가클래식,현석동,118,89.48,,87000,92,11,28,1989,신규,26.10~28.10,,,,,
마포구,11440,신수동,202607,아파트_전월세,힐스테이트마포더퍼스트,신수동,91-90,84.07,,80000,100,18,31,2026,신규,26.10~28.10,,,,,
마포구,11440,서교동,202607,아파트_전월세,메세나폴리스,서교동,490,122.867,,10000,670,6,25,2012,신규,26.09~28.09,,,,,
마포구,11440,공덕동,202607,아파트_전월세,래미안공덕5차,공덕동,469,84.851,,42000,168,2,4,2011,갱신,26.09~28.09,40000.0,160.0,사용,,
마포구,11440,공덕동,202607,아파트_전월세,공덕더샵,공덕동,478,84.9902,,123000,0,12,31,2018,신규,26.10~28.10,,,,,
마포구,11440,상암동,202607,아파트_전월세,DMCVILLE,상암동,1584,49.33,,0,215,3,31,2006,갱신,26.07~27.07,,210.0,,,
마포구,11440,상암동,202607,아파트_전월세,상암월드컵파크5단지,상암동,1658,84.67,,74000,0,15,25,2005,갱신,26.09~28.09,70500.0,,사용,,
마포구,11440,도화동,202607,아파트_전월세,현대홈타운,도화동,353,84.95,,10000,280,13,31,2000,신규,26.09~28.09,,,,,
마포구,11440,신수동,202607,아파트_전월세,신수동성원,신수동,190,84.96,,67000,0,7,20,1998,갱신,26.10~28.10,65000.0,,사용,,
마포구,11440,염리동,202607,아파트_전월세,마포자이더센트리지(102동~112동),염리동,533,84.866,,105000,0,9,3,2022,신규,26.08~28.08,,,,,
마포구,11440,창전동,202607,아파트_전월세,창전래미안,창전동,437,59.94,,59800,0,3,31,1998,갱신,26.08~28.08,57000.0,,사용,,
마포구,11440,성산동,202607,아파트_전월세,성산시영(유원),성산동,446,59.43,,3000,137,3,17,1986,신규,26.09~28.09,,,,,
마포구,11440,상암동,202607,아파트_전월세,DMCVILLE,상암동,1584,49.24,,0,215,6,31,2006,갱신,26.07~27.07,,210.0,,,
마포구,11440,대흥동,202607,아파트_전월세,서희스타힐스,대흥동,12-41,12.85,,500,98,13,20,2014,신규,26.08~27.08,,,,,
마포구,11440,상암동,202607,아파트_전월세,DMCVILLE,상암동,1584,49.41,,0,215,8,31,2006,갱신,26.07~27.07,,210.0,,,
마포구,11440,창전동,202607,아파트_전월세,신촌금호,창전동,438,59.21,,60000,0,15,25,2001,신규,26.09~28.09,,,,,
마포구,11440,현석동,202607,아파트_전월세,강변힐스테이트,현석동,222,59.78,,10000,133,14,27,2004,신규,26.08~27.08,,,,,
마포구,11440,상암동,202607,아파트_전월세,DMCVILLE,상암동,1584,49.41,,0,215,9,31,2006,갱신,26.07~27.07,,210.0,,,
마포구,11440,상암동,202607,아파트_전월세,DMCVILLE,상암동,1584,49.24,,0,215,7,31,2006,갱신,26.07~27.07,,210.0,,,
마포구,11440,신공덕동,202607,아파트_전월세,kcc웰츠,신공덕동,171,118.64,,7000,700,29,21,2011,신규,26.07~28.07,,,,,
마포구,11440,상암동,202607,아파트_전월세,DMCVILLE,상암동,1584,49.41,,0,215,5,31,2006,갱신,26.07~27.07,,210.0,,,
마포구,11440,상암동,202607,아파트_전월세,DMCVILLE,상암동,1584,84.15,,0,306,4,31,2006,갱신,26.07~27.07,,299.0,,,
마포구,11440,성산동,202607,아파트_전월세,노블에비뉴,성산동,668,31.728,,19000,54,2,27,2015,갱신,26.08~28.05,21000.0,47.0,,,
마포구,11440,공덕동,202607,아파트_전월세,래미안공덕5차,공덕동,469,59.959,,10000,300,17,17,2011,신규,26.09~28.09,,,,,
마포구,11440,상암동,202607,아파트_전월세,DMCVILLE,상암동,1584,49.41,,0,215,11,31,2006,갱신,26.07~27.07,,210.0,,,
마포구,11440,상암동,202607,아파트_전월세,DMCVILLE,상암동,1584,49.41,,0,215,4,31,2006,갱신,26.07~27.07,,210.0,,,
마포구,11440,공덕동,202607,아파트_전월세,공덕1삼성래미안,공덕동,371,59.74,,62000,0,8,25,1999,신규,26.09~28.09,,,,,
마포구,11440,상암동,202607,아파트_전월세,DMCVILLE,상암동,1584,84.15,,0,306,11,31,2006,갱신,26.07~27.07,,299.0,,,
마포구,11440,상암동,202607,아파트_전월세,DMCVILLE,상암동,1584,49.41,,0,215,10,31,2006,갱신,26.07~27.07,,210.0,,,
마포구,11440,상암동,202607,아파트_전월세,DMCVILLE,상암동,1584,84.68,,0,306,7,31,2006,갱신,26.07~27.07,,299.0,,,
마포구,11440,신공덕동,202607,아파트_전월세,신공덕래미안2차,신공덕동,159,59.48,,63000,0,13,16,2000,갱신,26.09~28.09,50000.0,40.0,,,
마포구,11440,상암동,202607,아파트_전월세,DMCVILLE,상암동,1584,49.33,,0,215,2,27,2006,신규,26.07~27.07,,,,,
마포구,11440,상암동,202607,아파트_전월세,DMCVILLE,상암동,1584,49.41,,0,215,6,31,2006,신규,26.07~27.07,,,,,
마포구,11440,도화동,202607,아파트_전월세,삼성,도화동,550,72.185,,78000,0,14,4,1997,신규,26.08~28.08,,,,,
마포구,11440,상암동,202607,아파트_전월세,DMCVILLE,상암동,1584,49.24,,0,215,8,31,2006,신규,26.07~27.07,,,,,
마포구,11440,상암동,202607,아파트_전월세,DMCVILLE,상암동,1584,84.15,,0,310,7,31,2006,갱신,26.07~27.07,,294.0,,,
마포구,11440,상암동,202607,아파트_전월세,DMCVILLE,상암동,1584,84.15,,0,363,9,31,2006,신규,26.07~26.09,,,,,
마포구,11440,노고산동,202607,아파트_전월세,신촌포스빌,노고산동,1-3,32.34,,12000,55,12,30,2004,갱신,26.09~28.09,12000.0,45.0,,,
마포구,11440,중동,202607,아파트_전월세,DMC마포청구아파트,중동,390,84.6,,60000,0,2,25,1994,신규,26.10~28.10,,,,,
마포구,11440,노고산동,202607,아파트_전월세,신촌포스빌,노고산동,1-3,32.34,,1000,110,9,25,2004,신규,26.08~28.08,,,,,
마포구,11440,도화동,202607,아파트_전월세,우성,도화동,82,128.315,,69825,0,1,8,1991,갱신,26.09~28.09,66500.0,,사용,,
마포구,11440,대흥동,202607,아파트_전월세,서희스타힐스,대흥동,12-41,12.85,,1000,95,10,27,2014,신규,26.08~27.08,,,,,
마포구,11440,상암동,202607,아파트_전월세,DMCVILLE,상암동,1584,84.15,,0,306,4,30,2006,갱신,26.07~27.07,,299.0,,,
마포구,11440,상암동,202607,아파트_전월세,DMCVILLE,상암동,1584,49.33,,0,215,3,27,2006,신규,26.07~27.07,,,,,
마포구,11440,아현동,202607,아파트_전월세,마포푸르지오더센트럴,아현동,275-2,38.79,,67000,0,8,30,2023,신규,26.09~28.09,,,,,
마포구,11440,상암동,202607,아파트_전월세,DMCVILLE,상암동,1584,84.15,,0,363,6,29,2006,신규,26.07~26.08,,,,,
마포구,11440,상암동,202607,아파트_전월세,DMCVILLE,상암동,1584,84.15,,0,363,5,29,2006,신규,26.07~26.08,,,,,
마포구,11440,상암동,202607,아파트_전월세,DMCVILLE,상암동,1584,49.24,,0,215,5,30,2006,신규,26.07~27.07,,,,,
마포구,11440,상암동,202607,아파트_전월세,DMCVILLE,상암동,1584,84.15,,0,306,12,28,2006,신규,26.07~27.07,,,,,
마포구,11440,상암동,202607,아파트_전월세,DMCVILLE,상암동,1584,49.33,,0,215,3,30,2006,신규,26.07~27.07,,,,,
마포구,11440,상암동,202607,아파트_전월세,DMCVILLE,상암동,1584,49.24,,0,215,4,28,2006,신규,26.07~27.07,,,,,
마포구,11440,상암동,202607,아파트_전월세,DMCVILLE,상암동,1584,49.33,,0,215,2,28,2006,갱신,26.07~27.07,,210.0,,,
마포구,11440,공덕동,202607,아파트_전월세,공덕SK리더스뷰,공덕동,479,84.94,,115500,0,8,31,2021,갱신,26.09~28.09,110000.0,,사용,,
마포구,11440,상암동,202607,아파트_전월세,DMCVILLE,상암동,1584,49.33,,0,215,3,28,2006,신규,26.07~27.07,,,,,
마포구,11440,상암동,202607,아파트_전월세,DMCVILLE,상암동,1584,49.33,,0,235,2,28,2006,신규,26.07~26.08,,,,,
마포구,11440,상암동,202607,아파트_전월세,DMCVILLE,상암동,1584,117.19,,0,482,13,26,2006,신규,26.07~27.07,,,,,
마포구,11440,상암동,202607,아파트_전월세,DMC상암센트럴파크2단지,상암동,1618,51.98,,46300,0,7,30,2009,갱신,26.08~28.08,44100.0,,,,
마포구,11440,상암동,202607,아파트_전월세,DMCVILLE,상암동,1584,49.24,,0,215,9,27,2006,신규,26.07~27.07,,,,,
마포구,11440,노고산동,202607,아파트_전월세,신촌예스빌딩,노고산동,1-23,12.03,,1000,73,7,28,2015,신규,26.07~27.07,,,,,
마포구,11440,합정동,202607,아파트_전월세,마포한강2차푸르지오,합정동,473,83.45,,120000,0,7,20,2016,갱신,26.08~28.08,115000.0,,,,
마포구,11440,창전동,202607,아파트_전월세,마포웨스트리버태영데시앙,창전동,449,84.795,,88200,0,16,29,2019,갱신,26.08~28.08,84000.0,,사용,,
마포구,11440,염리동,202607,아파트_전월세,마포프레스티지자이,염리동,532,84.9422,,55000,0,6,31,2021,신규,26.07~28.07,,,,,
마포구,11440,성산동,202607,아파트_전월세,블룸에비뉴,성산동,669,31.095,,18000,59,3,30,2016,신규,26.09~28.09,,,,,
마포구,11440,상암동,202607,아파트_전월세,상암월드컵파크11단지,상암동,1741,84.89,,4000,320,5,24,2010,신규,26.07~28.07,,,,,
마포구,11440,도화동,202607,아파트_전월세,우성,도화동,82,79.97,,40000,95,7,31,1991,갱신,26.08~28.08,35700.0,47.0,,,
마포구,11440,도화동,202607,아파트_전월세,한화오벨리스크,도화동,555,75.72,,73000,0,23,24,2004,신규,26.10~28.10,,,,,
마포구,11440,공덕동,202607,아파트_전월세,공덕3삼성래미안,공덕동,457,59.97,,69300,0,2,27,2004,갱신,26.09~28.09,66000.0,,사용,,
마포구,11440,염리동,202607,아파트_전월세,마포프레스티지자이,염리동,532,84.9422,,55000,0,6,31,2021,신규,26.07~28.07,,,,,
마포구,11440,대흥동,202607,아파트_전월세,대흥동태영아파트,대흥동,660,59.4,,57750,0,3,22,1999,갱신,26.10~28.10,55000.0,,사용,,
마포구,11440,서교동,202607,아파트_전월세,대우미래사랑,서교동,487,34.29,,1000,95,5,28,2005,신규,26.08~28.08,,,,,
마포구,11440,공덕동,202607,아파트_전월세,공덕3삼성래미안,공덕동,457,59.97,,5000,280,9,13,2004,갱신,26.07~28.07,5000.0,232.0,,,
마포구,11440,망원동,202607,아파트_전월세,휴먼빌,망원동,509,59.955,,15000,170,4,4,2004,신규,26.08~28.08,,,,,
마포구,11440,공덕동,202607,아파트_전월세,래미안공덕5차,공덕동,469,84.851,,10000,400,17,11,2011,신규,26.08~28.08,,,,,
마포구,11440,아현동,202607,아파트_전월세,마포래미안푸르지오4단지,아현동,777,84.5978,,50000,260,15,17,2014,신규,26.09~28.09,,,,,
마포구,11440,도화동,202607,아파트_전월세,우성,도화동,82,141.515,,40000,200,10,8,1991,신규,26.09~28.09,,,,,
마포구,11440,아현동,202607,아파트_전월세,더클래시,아현동,804,59.97,,10000,212,3,14,2022,신규,26.08~27.01,,,,,
마포구,11440,아현동,202607,아파트_전월세,공덕자이,아현동,800,84.99,,5000,420,10,13,2015,신규,26.09~28.09,,,,,
마포구,11440,공덕동,202607,아파트_전월세,공덕SK리더스뷰,공덕동,479,84.93,,40000,360,17,17,2021,신규,26.09~28.09,,,,,
마포구,11440,마포동,202607,아파트_전월세,강변한신코아,마포동,350,51.48,,31500,0,9,14,1992,갱신,26.09~28.09,30000.0,,사용,,
마포구,11440,염리동,202607,아파트_전월세,마포프레스티지자이,염리동,532,59.7848,,86100,0,9,6,2021,갱신,26.08~27.08,86000.0,,,,
마포구,11440,아현동,202607,아파트_전월세,마포래미안푸르지오4단지,아현동,777,84.5978,,115000,0,22,23,2014,갱신,26.09~28.09,105000.0,,,,
마포구,11440,도화동,202607,아파트_전월세,현대홈타운,도화동,353,84.95,,70350,0,3,8,2000,갱신,26.10~28.10,67000.0,,사용,,
마포구,11440,상암동,202607,아파트_전월세,DMC상암센트럴파크2단지,상암동,1618,36.69,,10000,100,5,11,2009,신규,26.08~28.08,,,,,
마포구,11440,하중동,202607,아파트_전월세,한강밤섬자이,하중동,101,118.28,,30000,500,10,25,2010,신규,26.08~28.08,,,,,
마포구,11440,합정동,202607,아파트_전월세,마포한강2차푸르지오,합정동,473,83.45,,30000,450,30,29,2016,신규,26.09~28.09,,,,,
마포구,11440,아현동,202607,아파트_전월세,아르띠타워,아현동,330-5,18.48,,1000,93,18,24,2022,신규,26.08~27.08,,,,,
마포구,11440,도화동,202607,아파트_전월세,삼성,도화동,550,84.985,,10000,290,13,29,1997,신규,26.11~28.11,,,,,
마포구,11440,노고산동,202607,아파트_전월세,현대벤처빌,노고산동,107-36,41.96,,1000,110,4,17,2002,신규,26.09~28.09,,,,,
마포구,11440,토정동,202607,아파트_전월세,한강삼성,토정동,138,59.76,,63000,0,3,11,1997,갱신,26.09~28.09,60000.0,,사용,,
마포구,11440,아현동,202607,아파트_전월세,마포센트럴 아이파크,아현동,802,59.9718,,30000,175,5,25,2017,갱신,26.09~28.09,30000.0,165.0,사용,,
마포구,11440,중동,202607,아파트_전월세,현대,중동,40-12,59.55,,46000,0,2,3,2000,갱신,26.09~28.09,44000.0,,사용,,
마포구,11440,상암동,202607,아파트_전월세,상암월드컵파크11단지,상암동,1741,84.66,,52000,0,5,11,2010,갱신,26.07~26.11,52000.0,,사용,,
마포구,11440,성산동,202607,아파트_전월세,성산2차e-편한세상,성산동,604,84.95,,44000,0,3,20,2005,갱신,26.07~28.07,42000.0,,사용,,
마포구,11440,상수동,202607,아파트_전월세,래미안밤섬리베뉴Ⅱ,상수동,398,84.82,,85000,50,6,7,2014,신규,26.07~28.07,,,,,
마포구,11440,망원동,202607,아파트_전월세,성신,망원동,433-3,47.58,,20000,0,1,18,1976,신규,26.07~28.07,,,,,
마포구,11440,연남동,202607,아파트_전월세,코오롱,연남동,573,84.936,,68000,0,5,29,2003,갱신,26.09~28.09,63000.0,,,,
마포구,11440,대흥동,202607,아파트_전월세,대흥동태영아파트,대흥동,660,114.93,,50000,240,10,16,1999,갱신,26.09~28.09,40000.0,240.0,,,
마포구,11440,아현동,202607,아파트_전월세,마포래미안푸르지오3단지,아현동,777,59.9236,,89000,0,18,18,2014,신규,26.10~28.10,,,,,
마포구,11440,공덕동,202607,아파트_전월세,공덕3삼성래미안,공덕동,457,84.98,,5000,330,4,30,2004,갱신,26.09~28.09,5000.0,170.0,,,
마포구,11440,염리동,202607,아파트_전월세,마포자이,염리동,521,84.692,,20000,360,14,26,2003,신규,26.09~27.08,,,,,
마포구,11440,공덕동,202607,아파트_전월세,공덕SK리더스뷰,공덕동,479,115.61,,100800,120,14,27,2021,갱신,26.10~28.10,100800.0,100.0,사용,,
마포구,11440,성산동,202607,아파트_전월세,성산시영(대우),성산동,446,50.03,,3000,125,13,5,1986,신규,26.08~28.08,,,,,
마포구,11440,중동,202607,아파트_전월세,마포중동현대,중동,392,59.88,,55000,0,4,25,2001,신규,26.10~28.10,,,,,
마포구,11440,염리동,202607,아파트_전월세,마포프레스티지자이,염리동,532,114.9159,,137800,0,20,15,2021,갱신,26.10~28.10,131250.0,,사용,,
마포구,11440,도화동,202607,아파트_전월세,도화동현대,도화동,357,54.72,,35000,80,13,21,1996,신규,26.11~28.11,,,,,
마포구,11440,아현동,202607,아파트_전월세,마포래미안푸르지오2단지,아현동,777,59.9452,,55000,140,8,15,2014,갱신,26.10~29.01,65000.0,30.0,,,
마포구,11440,공덕동,202607,아파트_전월세,공덕SK리더스뷰,공덕동,479,84.94,,125500,0,11,15,2021,갱신,26.10~28.10,115500.0,,,,
마포구,11440,망원동,202607,아파트_전월세,대림2,망원동,497,84.73,,10000,240,12,9,2002,신규,26.08~28.08,,,,,
마포구,11440,도화동,202607,아파트_전월세,우성,도화동,82,128.315,,30000,200,12,7,1991,신규,26.08~28.08,,,,,
마포구,11440,창전동,202607,아파트_전월세,서강오벨리스크스위트,창전동,442,73.38,,64827,0,6,25,2007,갱신,26.07~28.07,61740.0,,사용,,
마포구,11440,창전동,202607,아파트_전월세,중앙하이츠101동,창전동,42-7,57.86,,5000,140,2,22,2007,신규,26.11~28.11,,,,,
마포구,11440,망원동,202607,아파트_전월세,대림1,망원동,496,84.96,,63000,0,13,1,2002,갱신,26.08~28.08,60000.0,,,,
마포구,11440,상수동,202607,아파트_전월세,래미안밤섬리베뉴Ⅰ,상수동,402,84.99,,100000,0,4,25,2014,갱신,26.10~28.10,100000.0,,,,
마포구,11440,토정동,202607,아파트_전월세,한강삼성,토정동,138,59.76,,38000,20,21,8,1997,갱신,26.08~28.01,38000.0,20.0,사용,,
마포구,11440,성산동,202607,아파트_전월세,만민하늘애,성산동,54-7,53.61,,52500,0,5,30,2023,갱신,26.08~28.08,50000.0,,사용,,
마포구,11440,토정동,202607,아파트_전월세,한강삼성,토정동,138,59.76,,40000,120,13,31,1997,신규,26.09~28.09,,,,,
마포구,11440,상암동,202607,아파트_전월세,상암월드컵파크8단지,상암동,1674,49.85,,7159,13,1,21,2008,갱신,26.08~28.07,7159.0,11.0,,,
마포구,11440,도화동,202607,아파트_전월세,성지,도화동,538,84.24,,52000,0,6,22,1984,신규,26.09~28.09,,,,,
마포구,11440,서교동,202607,아파트_전월세,서교동효성해링턴타워,서교동,494,37.17,,13760,74,4,31,2020,갱신,26.10~28.04,13760.0,71.0,사용,,
마포구,11440,아현동,202607,아파트_전월세,더클래시,아현동,804,43.27,,45150,0,10,30,2022,신규,26.09~27.01,,,,,
마포구,11440,신수동,202607,아파트_전월세,힐스테이트마포더퍼스트,신수동,91-90,84.07,,100000,0,13,25,2026,신규,26.10~28.10,,,,,
마포구,11440,아현동,202607,아파트_전월세,마포래미안푸르지오1단지,아현동,777,36.9796,,3877,15,14,6,2014,신규,26.07~28.09,,,,,
마포구,11440,상암동,202607,아파트_전월세,상암월드컵파크7단지,상암동,1660,84.9,,2000,330,4,28,2005,신규,26.07~27.07,,,,,
마포구,11440,노고산동,202607,아파트_전월세,신촌포스빌,노고산동,1-3,32.34,,1000,110,15,6,2004,신규,26.08~27.08,,,,,
마포구,11440,노고산동,202607,아파트_전월세,빌리브디에이블,노고산동,129,38.39,,3000,250,14,20,2025,신규,26.08~27.08,,,,,
마포구,11440,아현동,202607,아파트_전월세,마포래미안푸르지오2단지,아현동,777,84.5978,,20000,318,15,6,2014,갱신,26.10~28.10,20000.0,300.0,사용,,
마포구,11440,신공덕동,202607,아파트_전월세,신공덕1차삼성래미안1아파트,신공덕동,155,84.9,,68000,50,6,21,2000,갱신,26.10~28.10,68000.0,,,,
마포구,11440,아현동,202607,아파트_전월세,마포래미안푸르지오4단지,아현동,777,114.588,,124500,0,9,17,2014,갱신,26.09~28.09,119000.0,,사용,,
마포구,11440,신수동,202607,아파트_전월세,벽산솔렌스힐,신수동,457,84.9619,,76600,0,5,28,2007,갱신,26.09~28.09,73000.0,,사용,,
마포구,11440,창전동,202607,아파트_전월세,해모로,창전동,443,83.85,,70000,0,10,25,2007,갱신,26.10~28.10,61200.0,,,,
마포구,11440,중동,202607,아파트_전월세,현대,중동,40-12,114.98,,64000,0,12,31,2000,갱신,26.08~28.08,56000.0,,,,
마포구,11440,염리동,202607,아파트_전월세,상록,염리동,515-1,58.71,,47000,0,8,30,1997,신규,26.12~28.12,,,,,
마포구,11440,상암동,202607,아파트_전월세,상암월드컵파크9단지,상암동,1752,84.89,,60200,0,9,12,2010,신규,26.10~28.10,,,,,
마포구,11440,상암동,202607,아파트_전월세,상암월드컵파크4단지,상암동,1655,84.7,,10000,300,14,25,2006,신규,26.08~28.08,,,,,
마포구,11440,염리동,202607,아파트_전월세,마포자이더센트리지(102동~112동),염리동,533,84.95,,105000,0,10,29,2022,신규,26.10~28.10,,,,,
마포구,11440,노고산동,202607,아파트_전월세,빌리브디에이블,노고산동,129,43.03,,59000,0,19,29,2025,신규,26.08~28.08,,,,,
마포구,11440,신공덕동,202607,아파트_전월세,공덕프로포즈Ⅱ,신공덕동,15-80,14.03,,3000,55,16,7,2015,신규,26.08~27.08,,,,,
마포구,11440,아현동,202607,아파트_전월세,마포래미안푸르지오3단지,아현동,777,114.7267,,130000,0,11,31,2014,신규,26.09~28.09,,,,,
마포구,11440,상암동,202607,아파트_전월세,상암월드컵파크9단지,상암동,1752,84.94,,50000,0,3,30,2010,신규,26.08~28.08,,,,,
마포구,11440,성산동,202607,아파트_전월세,성산시영(대우),성산동,446,50.03,,2000,120,1,18,1986,신규,26.08~28.08,,,,,
마포구,11440,상수동,202607,아파트_전월세,상수크리원,상수동,355-2,16.9,,6100,59,14,26,2021,신규,26.08~28.08,,,,,
마포구,11440,공덕동,202607,아파트_전월세,공덕3삼성래미안,공덕동,457,59.97,,80000,0,17,10,2004,신규,26.09~28.09,,,,,
마포구,11440,도화동,202607,아파트_전월세,마포동원베네스트,도화동,564,58.65,,67000,0,2,16,2010,갱신,26.09~29.02,62000.0,,,,
마포구,11440,아현동,202607,아파트_전월세,마포래미안푸르지오3단지,아현동,777,59.9452,,79800,0,5,2,2014,갱신,26.08~28.08,76000.0,,사용,,
마포구,11440,중동,202607,아파트_전월세,건영월드컵,중동,393,80.3,,57000,0,5,31,2002,갱신,26.10~28.10,54000.0,,,,
마포구,11440,성산동,202607,아파트_전월세,성산시영(선경),성산동,446,50.54,,29400,0,3,31,1986,갱신,26.09~28.09,28000.0,,,,
마포구,11440,노고산동,202607,아파트_전월세,신촌다올노블리움,노고산동,1-25,14.47,,1000,100,4,29,2017,신규,26.08~27.08,,,,,
마포구,11440,용강동,202607,아파트_전월세,래미안마포리버웰,용강동,502,84.99,,110000,0,4,31,2015,신규,26.11~28.11,,,,,
마포구,11440,아현동,202607,아파트_전월세,공덕자이,아현동,800,59.99,,77700,0,7,31,2015,갱신,26.12~28.12,74000.0,,사용,,
마포구,11440,현석동,202607,아파트_전월세,밤섬힐스테이트,현석동,220,59.4,,54000,0,15,27,1999,갱신,26.07~28.03,54000.0,,,,
마포구,11440,아현동,202607,아파트_전월세,더클래시,아현동,804,43.27,,69000,0,10,31,2022,신규,26.10~28.10,,,,,
마포구,11440,토정동,202607,아파트_전월세,한강삼성,토정동,138,59.76,,40000,120,13,25,1997,신규,26.09~28.09,,,,,
마포구,11440,대흥동,202607,아파트_전월세,서희스타힐스,대흥동,12-41,12.88,,1000,95,12,31,2014,신규,26.08~27.08,,,,,
마포구,11440,염리동,202607,아파트_전월세,마포자이더센트리지(102동~112동),염리동,533,84.987,,104000,0,13,24,2022,신규,26.11~29.02,,,,,
마포구,11440,신공덕동,202607,아파트_전월세,대우메트로디오빌,신공덕동,167,64.94,,66000,0,30,24,2005,신규,26.09~28.09,,,,,
마포구,11440,공덕동,202607,아파트_전월세,래미안공덕5차,공덕동,469,59.959,,30000,180,1,31,2011,신규,26.10~28.10,,,,,
마포구,11440,성산동,202607,아파트_전월세,블룸에비뉴,성산동,669,30.005,,18300,35,4,30,2016,갱신,26.09~28.09,18300.0,30.0,,,
마포구,11440,서교동,202607,아파트_전월세,서교동효성해링턴타워,서교동,494,37.17,,13760,76,6,31,2020,신규,26.10~28.04,,,,,
마포구,11440,서교동,202607,아파트_전월세,서교동효성해링턴타워,서교동,494,37.17,,13760,75,10,30,2020,갱신,26.10~28.10,13760.0,72.0,사용,,
마포구,11440,신공덕동,202607,아파트_전월세,대우월드마크마포,신공덕동,173,121.27,,125000,0,17,31,2011,갱신,26.08~28.08,120000.0,,사용,,
마포구,11440,창전동,202607,아파트_전월세,신촌금호,창전동,438,59.21,,60000,0,11,31,2001,신규,26.10~28.10,,,,,
마포구,11440,성산동,202607,아파트_전월세,성산시영(대우),성산동,446,50.03,,17000,0,1,29,1986,신규,26.07~28.07,,,,,
마포구,11440,성산동,202607,아파트_전월세,블룸에비뉴,성산동,669,31.095,,18000,59,3,30,2016,신규,26.09~28.09,,,,,
마포구,11440,상암동,202607,아파트_전월세,상암월드컵파크11단지,상암동,1741,84.89,,40813,0,14,31,2010,갱신,26.08~28.07,38870.0,,,,
마포구,11440,성산동,202607,아파트_전월세,성산시영(선경),성산동,446,50.54,,27300,0,1,29,1986,신규,26.08~28.08,,,,,
마포구,11440,도화동,202607,아파트_전월세,우성,도화동,82,79.97,,48000,0,9,31,1991,갱신,26.08~28.08,46000.0,,사용,,
마포구,11440,도화동,202607,아파트_전월세,삼성,도화동,550,72.185,,28000,165,5,31,1997,신규,26.09~28.09,,,,,
마포구,11440,성산동,202607,아파트_전월세,성산시영(선경),성산동,446,50.54,,5000,100,11,25,1986,갱신,26.08~28.08,5000.0,85.0,,,
마포구,11440,아현동,202607,아파트_전월세,공덕자이,아현동,800,84.99,,88000,0,4,30,2015,갱신,26.08~28.08,84000.0,,사용,,
마포구,11440,공덕동,202607,아파트_전월세,래미안공덕4차,공덕동,464,59.9,,70350,0,14,24,2005,갱신,26.09~28.09,67000.0,,사용,,
마포구,11440,도화동,202607,아파트_전월세,우성,도화동,82,79.97,,26000,120,7,17,1991,신규,26.08~28.08,,,,,
마포구,11440,상수동,202607,아파트_전월세,래미안밤섬리베뉴Ⅱ,상수동,398,84.82,,95000,0,8,30,2014,신규,26.09~28.09,,,,,
마포구,11440,창전동,202607,아파트_전월세,창전래미안,창전동,437,59.94,,10000,165,12,4,1998,갱신,26.07~28.07,10000.0,150.0,,,
마포구,11440,현석동,202607,아파트_전월세,래미안웰스트림,현석동,225,84.96,,103950,0,30,30,2016,갱신,26.10~28.10,99000.0,,사용,,
마포구,11440,성산동,202607,아파트_전월세,성산시영(유원),성산동,446,59.43,,3000,150,3,25,1986,갱신,26.09~28.09,3000.0,100.0,,,
마포구,11440,창전동,202607,아파트_전월세,창전동현대홈타운,창전동,440,84.978,,33000,30,8,29,2005,신규,26.07~28.07,,,,,
마포구,11440,염리동,202607,아파트_전월세,마포자이,염리동,521,84.692,,93450,0,10,21,2003,갱신,26.08~28.08,89000.0,,사용,,
마포구,11440,대흥동,202607,아파트_전월세,대흥동태영아파트,대흥동,660,114.93,,95000,0,11,30,1999,갱신,26.08~28.08,85000.0,,,,
마포구,11440,서교동,202607,아파트_전월세,서교동효성해링턴타워,서교동,494,37.17,,12230,81,4,29,2020,갱신,26.10~28.04,12230.0,78.0,사용,,
마포구,11440,서교동,202607,아파트_전월세,서교동효성해링턴타워,서교동,494,37.17,,13760,75,8,29,2020,갱신,26.10~28.04,13760.0,72.0,사용,,
마포구,11440,서교동,202607,아파트_전월세,서교동효성해링턴타워,서교동,494,37.17,,13760,76,8,29,2020,갱신,26.10~28.04,13760.0,72.0,사용,,
마포구,11440,신공덕동,202607,아파트_전월세,신공덕1차삼성래미안1아파트,신공덕동,155,84.9,,5000,290,15,25,2000,갱신,26.08~28.07,5000.0,230.0,,,
마포구,11440,성산동,202607,아파트_전월세,성산시영(선경),성산동,446,50.54,,32000,0,9,29,1986,신규,26.09~28.09,,,,,
마포구,11440,염리동,202607,아파트_전월세,마포프레스티지자이,염리동,532,114.7224,,168000,0,6,4,2021,갱신,26.08~28.08,160000.0,,,,
마포구,11440,현석동,202607,아파트_전월세,래미안웰스트림,현석동,225,59.96,,34000,175,28,4,2016,갱신,26.09~28.09,34000.0,160.0,사용,,
마포구,11440,아현동,202607,아파트_전월세,공덕자이,아현동,800,84.99,,88000,0,4,30,2015,갱신,26.08~28.08,84000.0,,사용,,
마포구,11440,상암동,202607,아파트_전월세,상암월드컵파크6단지,상암동,1689,104.32,,10000,360,9,20,2005,신규,26.07~28.07,,,,,
마포구,11440,성산동,202607,아파트_전월세,성산시영(대우),성산동,446,50.03,,4000,120,8,29,1986,신규,26.10~28.10,,,,,
마포구,11440,아현동,202607,아파트_전월세,마포래미안푸르지오2단지,아현동,777,84.5978,,10000,390,2,30,2014,신규,26.08~28.08,,,,,
마포구,11440,아현동,202607,아파트_전월세,마포래미안푸르지오3단지,아현동,777,59.9796,,55000,120,13,30,2014,갱신,26.11~28.11,78000.0,,,,
마포구,11440,신정동,202607,아파트_전월세,서강GS,신정동,30,59.98,,54000,0,15,30,1999,갱신,26.07~28.05,53000.0,,사용,,
마포구,11440,창전동,202607,아파트_전월세,서강오벨리스크스위트,창전동,442,84.96,,12000,160,7,28,2007,갱신,26.09~28.09,12000.0,150.0,,,
마포구,11440,아현동,202607,아파트_전월세,마포래미안푸르지오4단지,아현동,777,114.7267,,15000,440,16,4,2014,신규,26.09~28.09,,,,,
마포구,11440,마포동,202607,아파트_전월세,마포쌍용황금아파트,마포동,253,84.9,,5000,263,18,30,2000,갱신,26.09~28.09,5000.0,250.0,사용,,
마포구,11440,공덕동,202607,아파트_전월세,래미안공덕5차,공덕동,469,59.97,,81000,0,4,27,2011,갱신,26.10~28.10,61950.0,,,,
마포구,11440,서교동,202607,아파트_전월세,대우미래사랑,서교동,487,57.36,,5000,137,3,27,2005,신규,26.07~28.07,,,,,
마포구,11440,신정동,202607,아파트_전월세,서강GS,신정동,30,114.87,,70000,30,1,4,1999,갱신,26.07~28.07,70000.0,20.0,사용,,
마포구,11440,도화동,202607,아파트_전월세,한화오벨리스크,도화동,555,49.87,,2000,178,5,3,2004,갱신,26.09~28.09,2000.0,170.0,사용,,
마포구,11440,공덕동,202607,아파트_전월세,한화꿈에그린,공덕동,460,113.667,,70000,150,7,29,2004,갱신,26.08~28.08,70000.0,140.0,사용,,
마포구,11440,노고산동,202607,아파트_전월세,현대벤처빌,노고산동,107-36,25.42,,1000,85,16,24,2002,신규,26.08~27.08,,,,,
마포구,11440,신공덕동,202607,아파트_전월세,kcc웰츠,신공덕동,171,118.64,,16500,560,27,15,2011,신규,26.08~27.06,,,,,
마포구,11440,공덕동,202607,아파트_전월세,공덕SK리더스뷰,공덕동,479,84.94,,125500,0,11,15,2021,갱신,26.10~28.10,115500.0,,,,
마포구,11440,신공덕동,202607,아파트_전월세,브라운스톤공덕아파트,신공덕동,170,59.89,,85000,0,4,28,2009,신규,26.10~28.10,,,,,
마포구,11440,중동,202607,아파트_전월세,마포중동현대,중동,392,59.88,,45000,0,19,29,2001,신규,26.08~28.08,,,,,
마포구,11440,아현동,202607,아파트_전월세,마포래미안푸르지오2단지,아현동,777,84.8919,,2000,420,12,29,2014,갱신,26.09~28.09,2000.0,380.0,,,
마포구,11440,공덕동,202607,아파트_전월세,공덕SK리더스뷰,공덕동,479,97.7,,136500,0,21,18,2021,신규,26.10~28.10,,,,,
마포구,11440,성산동,202607,아파트_전월세,성산시영(선경),성산동,446,50.54,,27760,0,5,29,1986,갱신,26.09~28.09,26460.0,,,,
마포구,11440,성산동,202607,아파트_전월세,성산시영(유원),성산동,446,59.43,,30000,20,3,28,1986,신규,26.11~28.11,,,,,
마포구,11440,아현동,202607,아파트_전월세,공덕자이,아현동,800,114.99,,5000,500,11,28,2015,신규,26.09~27.08,,,,,
마포구,11440,아현동,202607,아파트_전월세,마포래미안푸르지오4단지,아현동,777,59.9656,,5000,350,6,25,2014,신규,26.08~28.08,,,,,
마포구,11440,대흥동,202607,아파트_전월세,대흥동태영아파트,대흥동,660,59.4,,20000,180,19,29,1999,신규,26.10~28.10,,,,,
마포구,11440,서교동,202607,아파트_전월세,서교동효성해링턴타워,서교동,494,37.17,,13760,76,11,29,2020,갱신,26.09~28.04,13760.0,72.0,사용,,
마포구,11440,신공덕동,202607,아파트_전월세,대우메트로디오빌,신공덕동,167,34.39,,2000,111,23,27,2005,갱신,26.07~27.07,2000.0,105.0,사용,,
마포구,11440,마포동,202607,아파트_전월세,마포쌍용황금아파트,마포동,253,59.9,,60000,0,5,3,2000,신규,26.10~28.10,,,,,
마포구,11440,성산동,202607,아파트_전월세,성산시영(선경),성산동,446,50.54,,34000,0,11,17,1986,신규,26.09~28.09,,,,,
마포구,11440,도화동,202607,아파트_전월세,삼성,도화동,550,84.985,,88000,0,8,4,1997,신규,26.10~28.10,,,,,
마포구,11440,토정동,202607,아파트_전월세,한강삼성,토정동,138,59.76,,54600,0,5,23,1997,갱신,26.08~28.08,52000.0,,사용,,
마포구,11440,성산동,202607,아파트_전월세,성산시영(유원),성산동,446,59.43,,40000,0,3,23,1986,신규,26.09~28.08,,,,,
마포구,11440,상암동,202607,아파트_전월세,상암월드컵파크9단지,상암동,1752,39.33,,3099,25,4,29,2010,신규,26.08~28.10,,,,,
마포구,11440,아현동,202607,아파트_전월세,마포래미안푸르지오2단지,아현동,777,84.8919,,105000,0,2,24,2014,신규,26.07~28.07,,,,,
마포구,11440,상암동,202607,아파트_전월세,상암월드컵파크2단지,상암동,1637,59.92,,60000,0,10,29,2003,갱신,26.07~28.07,54100.0,,,,
마포구,11440,망원동,202607,아파트_전월세,성신,망원동,433-3,48.3,,20000,30,4,28,1976,신규,26.09~28.09,,,,,
마포구,11440,현석동,202607,아파트_전월세,강변힐스테이트,현석동,222,59.54,,5000,250,19,4,2004,신규,26.07~28.07,,,,,
마포구,11440,상암동,202607,아파트_전월세,상암월드컵파크4단지,상암동,1655,84.81,,57700,0,22,28,2006,갱신,26.07~28.07,55000.0,,사용,,
마포구,11440,도화동,202607,아파트_전월세,도화동현대,도화동,357,54.72,,10000,79,3,4,1996,갱신,26.07~28.07,10000.0,74.0,,,
마포구,11440,상암동,202607,아파트_전월세,상암월드컵파크2단지,상암동,1637,59.92,,48000,50,17,11,2003,신규,26.10~28.10,,,,,
마포구,11440,창전동,202607,아파트_전월세,이랜드PEER신촌,창전동,450,17.296,,5337,28,5,29,2021,신규,26.08~28.08,,,,,
마포구,11440,신수동,202607,아파트_전월세,대원칸타빌,신수동,453,84.986,,80000,0,9,28,2004,신규,26.10~28.10,,,,,
마포구,11440,신공덕동,202607,아파트_전월세,펜트라우스,신공덕동,172,104.29,,10000,550,20,16,2011,신규,26.07~28.07,,,,,
마포구,11440,염리동,202607,아파트_전월세,마포자이,염리동,521,84.692,,100000,0,13,21,2003,신규,26.10~28.10,,,,,
마포구,11440,염리동,202607,아파트_전월세,마포프레스티지자이,염리동,532,84.9422,,110250,0,4,25,2021,갱신,26.08~28.08,105000.0,,사용,,
마포구,11440,합정동,202607,아파트_전월세,백운,합정동,400-20,58.95,,34000,0,6,11,2002,갱신,26.10~26.12,34000.0,,,,
마포구,11440,망원동,202607,아파트_전월세,한강그린1차아파트,망원동,236-2,60.81,,40700,0,2,11,2011,갱신,26.09~28.09,39000.0,,,,
마포구,11440,합정동,202607,아파트_전월세,마포한강2차푸르지오,합정동,473,83.45,,73000,130,25,6,2016,갱신,26.09~28.09,73000.0,110.0,,,
마포구,11440,서교동,202607,아파트_전월세,서교동효성해링턴타워,서교동,494,17.93,,6120,40,10,28,2020,갱신,26.10~28.04,6120.0,38.0,사용,,
마포구,11440,서교동,202607,아파트_전월세,서교동효성해링턴타워,서교동,494,37.17,,13760,74,19,28,2020,갱신,26.10~28.04,13760.0,71.0,사용,,
마포구,11440,창전동,202607,아파트_전월세,서강예가,창전동,444,84.988,,10000,310,11,7,2007,신규,26.10~29.08,,,,,
마포구,11440,상수동,202607,아파트_전월세,래미안밤섬리베뉴Ⅰ,상수동,402,84.99,,100000,0,10,28,2014,신규,26.10~28.10,,,,,
마포구,11440,서교동,202607,아파트_전월세,서교동효성해링턴타워,서교동,494,37.17,,13760,74,11,28,2020,갱신,26.10~28.04,13760.0,71.0,사용,,
마포구,11440,서교동,202607,아파트_전월세,서교동효성해링턴타워,서교동,494,37.17,,9170,93,16,28,2020,갱신,26.10~28.04,9170.0,90.0,사용,,
마포구,11440,상암동,202607,아파트_전월세,상암월드컵파크3단지,상암동,1643,84.84,,73000,0,8,28,2003,신규,26.11~28.11,,,,,
마포구,11440,신수동,202607,아파트_전월세,세양청마루,신수동,451,57.44,,50000,30,12,26,2003,신규,26.09~28.09,,,,,
마포구,11440,상암동,202607,아파트_전월세,DMCVILLE,상암동,1584,84.57,,0,310,8,25,2006,신규,26.07~27.07,,,,,
마포구,11440,망원동,202607,아파트_전월세,대상4,망원동,492,59.97,,38850,0,8,17,2000,갱신,26.09~28.04,37000.0,,,,
마포구,11440,상암동,202607,아파트_전월세,DMCVILLE,상암동,1584,84.15,,0,294,9,25,2006,신규,26.07~27.07,,,,,
마포구,11440,아현동,202607,아파트_전월세,마포래미안푸르지오4단지,아현동,777,59.9656,,5000,200,10,2,2014,신규,26.08~27.03,,,,,
마포구,11440,상암동,202607,아파트_전월세,DMCVILLE,상암동,1584,84.15,,0,294,11,25,2006,신규,26.07~27.07,,,,,
마포구,11440,신공덕동,202607,아파트_전월세,대우메트로디오빌,신공덕동,167,34.39,,30000,6,23,28,2005,갱신,26.08~28.08,30000.0,,,,
마포구,11440,도화동,202607,아파트_전월세,한화오벨리스크,도화동,555,75.7,,35000,200,34,17,2004,신규,26.09~28.09,,,,,
마포구,11440,상암동,202607,아파트_전월세,DMCVILLE,상암동,1584,49.41,,0,215,7,7,2006,갱신,26.07~27.07,,210.0,,,
마포구,11440,상암동,202607,아파트_전월세,DMCVILLE,상암동,1584,49.24,,0,215,7,17,2006,갱신,26.07~27.07,,210.0,,,
마포구,11440,성산동,202607,아파트_전월세,성산시영(유원),성산동,446,59.43,,38000,0,8,25,1986,갱신,26.10~28.10,38000.0,,,,
마포구,11440,노고산동,202607,아파트_전월세,신촌포스빌,노고산동,1-3,32.34,,1000,110,10,1,2004,갱신,26.08~27.08,1000.0,105.0,,,
마포구,11440,염리동,202607,아파트_전월세,마포프레스티지자이,염리동,532,59.7848,,96000,0,6,18,2021,신규,26.10~28.10,,,,,
마포구,11440,신공덕동,202607,아파트_전월세,공덕아이파크,신공덕동,174,84.96,,103000,0,5,10,2013,신규,26.10~28.10,,,,,
마포구,11440,도화동,202607,아파트_전월세,현대홈타운,도화동,353,113.25,,55000,100,16,25,2000,갱신,26.08~28.08,55000.0,40.0,,,
마포구,11440,신정동,202607,아파트_전월세,서강GS,신정동,30,59.98,,67000,0,21,4,1999,신규,26.10~28.10,,,,,
마포구,11440,상암동,202607,아파트_전월세,DMCVILLE,상암동,1584,84.57,,0,350,4,15,2006,갱신,26.07~27.07,,338.0,,,
마포구,11440,상암동,202607,아파트_전월세,DMCVILLE,상암동,1584,49.33,,0,235,2,24,2006,신규,26.07~26.08,,,,,
마포구,11440,상암동,202607,아파트_전월세,DMCVILLE,상암동,1584,117.19,,0,482,11,8,2006,신규,26.07~27.07,,,,,
마포구,11440,상암동,202607,아파트_전월세,DMCVILLE,상암동,1584,117.02,,0,420,5,13,2006,신규,26.07~27.07,,,,,
마포구,11440,상암동,202607,아파트_전월세,DMCVILLE,상암동,1584,84.57,,0,363,9,24,2006,신규,26.07~27.07,,,,,
마포구,11440,대흥동,202607,아파트_전월세,대흥동태영아파트,대흥동,660,84.77,,50000,115,4,27,1999,갱신,26.07~28.07,50000.0,100.0,사용,,
마포구,11440,대흥동,202607,아파트_전월세,대흥동태영아파트,대흥동,660,84.77,,12000,320,12,22,1999,신규,26.09~28.09,,,,,
마포구,11440,대흥동,202607,아파트_전월세,서희스타힐스,대흥동,12-41,12.85,,5000,70,6,27,2014,신규,26.07~27.07,,,,,
마포구,11440,성산동,202607,아파트_전월세,성산시영(대우),성산동,446,50.03,,33000,0,9,8,1986,신규,26.09~28.09,,,,,
마포구,11440,성산동,202607,아파트_전월세,성산시영(대우),성산동,446,50.03,,30000,0,13,24,1986,신규,26.09~28.09,,,,,
마포구,11440,도화동,202607,아파트_전월세,한화오벨리스크,도화동,555,59,,3000,250,18,18,2004,신규,26.10~28.10,,,,,
마포구,11440,상암동,202607,아파트_전월세,상암월드컵파크6단지,상암동,1689,84.53,,70000,0,2,28,2005,갱신,26.08~28.08,65000.0,,,,
마포구,11440,공덕동,202607,아파트_전월세,공덕1삼성래미안,공덕동,371,59.74,,30000,165,17,17,1999,신규,26.09~28.09,,,,,
마포구,11440,상암동,202607,아파트_전월세,DMCVILLE,상암동,1584,117.02,,0,434,4,23,2006,갱신,26.07~26.10,,482.0,,,
마포구,11440,마포동,202607,아파트_전월세,강변한신코아,마포동,350,51.48,,7000,110,6,28,1992,신규,26.09~28.09,,,,,
마포구,11440,신공덕동,202607,아파트_전월세,브라운스톤공덕아파트,신공덕동,170,114.74,,5000,390,14,28,2009,갱신,26.08~28.08,5000.0,380.0,사용,,
마포구,11440,중동,202607,아파트_전월세,울트라월드컵(참누리),중동,398,84.9572,,72000,0,8,21,2006,갱신,26.08~28.08,67000.0,,,,
마포구,11440,마포동,202607,아파트_전월세,마포쌍용황금아파트,마포동,253,84.9,,57300,0,2,28,2000,갱신,26.08~27.03,57300.0,,,,
마포구,11440,신수동,202607,아파트_전월세,신수동성원,신수동,190,59.76,,40000,0,6,27,1998,신규,26.09~28.09,,,,,
마포구,11440,상수동,202607,아파트_전월세,래미안밤섬리베뉴Ⅰ,상수동,402,84.99,,91350,0,2,26,2014,갱신,26.07~28.07,87000.0,,사용,,
마포구,11440,신공덕동,202607,아파트_전월세,신공덕1차삼성래미안1아파트,신공덕동,155,84.9,,76600,0,3,21,2000,갱신,26.09~28.09,73000.0,,사용,,
마포구,11440,공덕동,202607,아파트_전월세,래미안공덕4차,공덕동,464,59.9,,71000,0,8,27,2005,신규,26.09~28.09,,,,,
마포구,11440,용강동,202607,아파트_전월세,래미안마포리버웰,용강동,502,84.97,,120000,0,11,27,2015,신규,26.07~28.07,,,,,
마포구,11440,상암동,202607,아파트_전월세,상암월드컵파크2단지,상암동,1637,59.92,,5000,200,7,9,2003,신규,26.07~28.07,,,,,
마포구,11440,합정동,202607,아파트_전월세,그레이스3차,합정동,376-5,70.16,,40950,0,2,24,2005,갱신,26.07~28.07,39000.0,,사용,,
마포구,11440,현석동,202607,아파트_전월세,래미안웰스트림,현석동,225,59.97,,45000,160,25,25,2016,신규,26.09~28.09,,,,,
마포구,11440,도화동,202607,아파트_전월세,마포동원베네스트,도화동,564,58.65,,73500,0,9,24,2010,갱신,26.09~28.09,70000.0,,사용,,
마포구,11440,아현동,202607,아파트_전월세,마포래미안푸르지오2단지,아현동,777,59.9656,,84000,0,13,25,2014,갱신,26.10~28.10,80000.0,,사용,,
마포구,11440,도화동,202607,아파트_전월세,우성,도화동,82,68.94,,58000,0,4,25,1991,신규,26.09~28.09,,,,,
마포구,11440,대흥동,202607,아파트_전월세,마포그랑자이,대흥동,806,59.96,,85000,0,22,27,2020,갱신,26.08~27.08,85000.0,,사용,,
마포구,11440,연남동,202607,아파트_전월세,코오롱,연남동,573,84.936,,20000,165,1,26,2003,갱신,26.09~28.09,20000.0,160.0,사용,,
마포구,11440,용강동,202607,아파트_전월세,이편한세상마포리버파크,용강동,508,59.98,,73400,80,4,27,2016,갱신,26.08~28.08,70000.0,80.0,사용,,
마포구,11440,창전동,202607,아파트_전월세,창전동현대홈타운,창전동,440,84.978,,76000,0,14,25,2005,갱신,26.09~28.09,72900.0,,사용,,
마포구,11440,서교동,202607,아파트_전월세,서교동효성해링턴타워,서교동,494,37.17,,13760,75,5,27,2020,갱신,26.10~28.04,13760.0,72.0,사용,,
마포구,11440,망원동,202607,아파트_전월세,신부파스카4차,망원동,507,84.62,,62000,0,8,24,2004,갱신,26.08~28.08,62000.0,,사용,,
마포구,11440,아현동,202607,아파트_전월세,애오개아이파크,아현동,780,20.75,,23000,4,6,22,2016,갱신,26.08~28.08,23000.0,,사용,,
마포구,11440,망원동,202607,아파트_전월세,마포한강아이파크,망원동,521,111.3958,,20000,382,6,10,2019,갱신,26.07~28.07,20000.0,360.0,사용,,
마포구,11440,도화동,202607,아파트_전월세,도화동현대,도화동,357,54.72,,5000,170,7,4,1996,신규,26.08~28.08,,,,,
마포구,11440,공덕동,202607,아파트_전월세,래미안공덕5차,공덕동,469,84.871,,30000,270,2,20,2011,갱신,26.11~28.11,10000.0,270.0,,,
마포구,11440,염리동,202607,아파트_전월세,마포프레스티지자이,염리동,532,84.9422,,20000,388,10,27,2021,갱신,26.07~27.07,20000.0,370.0,사용,,
마포구,11440,상암동,202607,아파트_전월세,상암월드컵파크3단지,상암동,1643,84.84,,40000,85,9,24,2003,신규,26.09~28.09,,,,,
마포구,11440,상암동,202607,아파트_전월세,상암월드컵파크7단지,상암동,1660,104.77,,10000,270,11,25,2005,신규,26.11~28.11,,,,,
마포구,11440,망원동,202607,아파트_전월세,솔루체2차아파트,망원동,525,48.13,,45000,0,3,13,2022,갱신,26.07~27.07,45000.0,,사용,,
마포구,11440,성산동,202607,아파트_전월세,성산시영(대우),성산동,446,50.03,,24900,0,5,25,1986,갱신,26.08~28.08,300.0,78.0,,,
마포구,11440,상암동,202607,아파트_전월세,상암월드컵파크3단지,상암동,1643,84.94,,48300,0,12,11,2003,갱신,26.09~27.09,46000.0,,사용,,
마포구,11440,도화동,202607,아파트_전월세,도화동현대,도화동,357,79.83,,63000,0,11,20,1996,갱신,26.08~28.08,60000.0,,사용,,
마포구,11440,대흥동,202607,아파트_전월세,서희스타힐스,대흥동,12-41,12.81,,3000,85,6,8,2014,신규,26.08~27.08,,,,,
마포구,11440,성산동,202607,아파트_전월세,반트,성산동,249-12,73.23,,52000,0,5,25,2013,갱신,26.09~28.09,50000.0,,,,
마포구,11440,중동,202607,아파트_전월세,DMC마포청구아파트,중동,390,84.9,,55000,10,20,25,1994,갱신,26.08~28.08,55000.0,,사용,,
마포구,11440,염리동,202607,아파트_전월세,마포자이더센트리지(102동~112동),염리동,533,59.99,,90000,0,8,12,2022,신규,26.10~28.10,,,,,
마포구,11440,공덕동,202607,아파트_전월세,공덕1삼성래미안,공덕동,371,59.74,,59000,11,8,25,1999,갱신,26.09~28.09,59000.0,,사용,,
마포구,11440,염리동,202607,아파트_전월세,상록,염리동,515-1,58.71,,10000,200,6,15,1997,신규,26.08~28.08,,,,,
마포구,11440,공덕동,202607,아파트_전월세,공덕1삼성래미안,공덕동,371,59.74,,59500,0,4,25,1999,갱신,26.09~28.09,57000.0,,사용,,
마포구,11440,서교동,202607,아파트_전월세,카라(카라),서교동,485-17,82.7,,10000,230,1,2,2023,신규,26.07~28.07,,,,,
마포구,11440,아현동,202607,아파트_전월세,마포래미안푸르지오4단지,아현동,777,84.3884,,120000,0,20,25,2014,신규,26.10~28.10,,,,,
마포구,11440,대흥동,202607,아파트_전월세,마포그랑자이,대흥동,806,84.98,,130000,0,22,25,2020,신규,26.08~28.08,,,,,
마포구,11440,대흥동,202607,아파트_전월세,대흥동태영아파트,대흥동,660,84.77,,35000,164,1,15,1999,갱신,26.09~28.09,35000.0,150.0,사용,,
마포구,11440,아현동,202607,아파트_전월세,마포래미안푸르지오3단지,아현동,777,84.8919,,30000,300,20,27,2014,신규,26.09~28.08,,,,,
마포구,11440,아현동,202607,아파트_전월세,마포래미안푸르지오3단지,아현동,777,84.5978,,105000,0,7,25,2014,신규,26.08~29.02,,,,,
마포구,11440,공덕동,202607,아파트_전월세,공덕1삼성래미안,공덕동,371,59.74,,57000,0,12,14,1999,갱신,26.09~28.09,57000.0,,사용,,
마포구,11440,아현동,202607,아파트_전월세,마포래미안푸르지오4단지,아현동,777,84.5978,,102900,0,13,25,2014,갱신,26.10~28.10,98000.0,,사용,,
마포구,11440,대흥동,202607,아파트_전월세,대흥동태영아파트,대흥동,660,114.93,,80000,135,17,25,1999,갱신,26.09~28.09,80000.0,75.0,,,
마포구,11440,토정동,202607,아파트_전월세,한강삼성,토정동,138,84.78,,76500,0,24,26,1997,갱신,26.07~28.07,73500.0,,,,
마포구,11440,신수동,202607,아파트_전월세,신촌숲아이파크,신수동,462,84.901,,114000,0,7,25,2019,신규,26.10~28.10,,,,,
마포구,11440,신수동,202607,아파트_전월세,신촌숲아이파크,신수동,462,84.901,,116000,0,9,25,2019,갱신,26.09~28.09,116000.0,,,,
마포구,11440,신수동,202607,아파트_전월세,세양청마루,신수동,451,57.44,,57000,0,13,25,2003,신규,26.09~28.09,,,,,
마포구,11440,상암동,202607,아파트_전월세,상암월드컵파크1단지,상암동,1634,39.44,,2618,20,12,26,2003,갱신,26.08~28.07,1716.0,25.0,,,
마포구,11440,서교동,202607,아파트_전월세,서교동효성해링턴타워,서교동,494,37.17,,13760,75,9,23,2020,갱신,26.10~28.04,13760.0,72.0,사용,,
마포구,11440,서교동,202607,아파트_전월세,서교동효성해링턴타워,서교동,494,17.93,,6120,41,14,24,2020,갱신,26.10~28.04,6120.0,39.0,사용,,
마포구,11440,창전동,202607,아파트_전월세,해모로,창전동,443,83.85,,10000,280,8,4,2007,신규,26.09~28.09,,,,,
마포구,11440,서교동,202607,아파트_전월세,서교동효성해링턴타워,서교동,494,37.17,,9170,94,5,23,2020,갱신,26.08~28.04,9170.0,90.0,사용,,
마포구,11440,하중동,202607,아파트_전월세,한강밤섬자이,하중동,101,138.08,,147500,0,5,24,2010,갱신,26.10~28.10,125000.0,,,,
마포구,11440,서교동,202607,아파트_전월세,서교동효성해링턴타워,서교동,494,37.17,,13760,74,11,23,2020,갱신,26.10~28.04,13760.0,71.0,사용,,
마포구,11440,상암동,202607,아파트_전월세,상암월드컵파크1단지,상암동,1634,49.65,,2079,29,5,24,2003,갱신,26.08~28.07,2079.0,29.0,,,
마포구,11440,대흥동,202607,아파트_전월세,대흥동태영아파트,대흥동,660,84.77,,88000,0,5,20,1999,갱신,26.10~28.10,85000.0,,사용,,
마포구,11440,아현동,202607,아파트_전월세,마포래미안푸르지오2단지,아현동,777,59.9656,,70000,50,11,24,2014,갱신,26.08~28.08,80000.0,,,,
마포구,11440,아현동,202607,아파트_전월세,마포래미안푸르지오2단지,아현동,777,59.9656,,50000,130,3,24,2014,갱신,26.07~28.07,60900.0,24.0,,,
마포구,11440,망원동,202607,아파트_전월세,삼우월드,망원동,384-7,84.68,,20000,190,3,24,2004,신규,26.09~28.09,,,,,
마포구,11440,성산동,202607,아파트_전월세,성산2차e-편한세상,성산동,604,59.76,,58000,0,9,24,2005,갱신,26.08~28.08,58000.0,,,,
마포구,11440,아현동,202607,아파트_전월세,마포래미안푸르지오1단지,아현동,777,59.9236,,5000,330,2,24,2014,신규,26.09~28.09,,,,,
마포구,11440,용강동,202607,아파트_전월세,래미안마포리버웰,용강동,502,84.97,,5000,420,10,17,2015,갱신,26.10~28.09,5000.0,400.0,사용,,
마포구,11440,도화동,202607,아파트_전월세,삼성,도화동,550,84.985,,50000,100,4,23,1997,갱신,26.08~28.07,50000.0,90.0,사용,,
마포구,11440,신수동,202607,아파트_전월세,신촌숲아이파크,신수동,462,59.751,,83000,13,12,24,2019,갱신,26.08~28.08,83000.0,,사용,,
마포구,11440,아현동,202607,아파트_전월세,마포래미안푸르지오3단지,아현동,777,59.9796,,80000,0,6,17,2014,갱신,26.10~28.10,75000.0,,,,
마포구,11440,상암동,202607,아파트_전월세,상암월드컵파크9단지,상암동,1752,84.89,,40813,0,8,23,2010,갱신,26.08~28.07,38870.0,,,,
마포구,11440,상암동,202607,아파트_전월세,상암월드컵파크11단지,상암동,1741,84.89,,47034,0,9,23,2010,신규,26.08~28.10,,,,,
마포구,11440,상암동,202607,아파트_전월세,상암월드컵파크10단지,상암동,1736,84.89,,47034,0,4,23,2010,신규,26.08~28.10,,,,,
마포구,11440,서교동,202607,아파트_전월세,서교동효성해링턴타워,서교동,494,37.17,,5821,19,16,23,2020,갱신,26.08~28.07,5821.0,19.0,,,
마포구,11440,상암동,202607,아파트_전월세,DMC상암센트럴파크2단지,상암동,1618,36.69,,30000,40,2,23,2009,신규,26.08~28.08,,,,,
마포구,11440,신수동,202607,아파트_전월세,대원칸타빌,신수동,453,84.96,,70000,0,11,4,2004,갱신,26.09~28.09,70000.0,,사용,,
마포구,11440,상암동,202607,아파트_전월세,상암월드컵파크10단지,상암동,1736,114.26,,54960,0,5,24,2010,신규,26.08~28.10,,,,,
마포구,11440,도화동,202607,아파트_전월세,한화오벨리스크,도화동,555,49.87,,25000,100,3,23,2004,신규,26.07~28.07,,,,,
마포구,11440,성산동,202607,아파트_전월세,월드컵아이파크(667),성산동,667,59.73,,7000,150,13,23,2009,갱신,26.07~27.07,10000.0,138.0,사용,,
마포구,11440,공덕동,202607,아파트_전월세,공덕파크자이,공덕동,476,84.996,,125000,0,4,22,2015,신규,26.09~28.09,,,,,
마포구,11440,망원동,202607,아파트_전월세,태청,망원동,501,75.74,,52500,0,2,24,2003,갱신,26.08~28.08,50000.0,,사용,,
마포구,11440,도화동,202607,아파트_전월세,한화오벨리스크,도화동,555,85,,5000,390,32,23,2004,신규,26.08~28.07,,,,,
마포구,11440,망원동,202607,아파트_전월세,강림스위트빌,망원동,508,81.71,,56000,0,5,8,2004,갱신,26.08~28.08,54000.0,,,,
마포구,11440,도화동,202607,아파트_전월세,한화오벨리스크,도화동,555,85,,3300,298,31,11,2004,신규,26.07~27.07,,,,,
마포구,11440,서교동,202607,아파트_전월세,서교동효성해링턴타워,서교동,494,37.17,,13760,76,12,23,2020,신규,26.08~28.04,,,,,
마포구,11440,공덕동,202607,아파트_전월세,공덕SK리더스뷰,공덕동,479,84.93,,124000,0,3,22,2021,신규,26.10~28.10,,,,,
마포구,11440,상암동,202607,아파트_전월세,상암월드컵파크10단지,상암동,1736,114.26,,54960,0,9,23,2010,신규,26.08~28.10,,,,,
마포구,11440,상암동,202607,아파트_전월세,상암월드컵파크9단지,상암동,1752,114.72,,54960,0,1,23,2010,신규,26.08~28.10,,,,,
마포구,11440,상암동,202607,아파트_전월세,상암월드컵파크9단지,상암동,1752,114.26,,54960,0,1,23,2010,신규,26.08~28.10,,,,,
마포구,11440,신공덕동,202607,아파트_전월세,대우월드마크마포,신공덕동,173,136.18,,150000,0,13,23,2011,신규,26.11~28.11,,,,,
마포구,11440,도화동,202607,아파트_전월세,성지,도화동,538,84.24,,10000,160,12,13,1984,신규,26.09~28.09,,,,,
마포구,11440,성산동,202607,아파트_전월세,성산시영(대우),성산동,446,50.03,,34000,0,13,15,1986,신규,26.08~28.08,,,,,
마포구,11440,성산동,202607,아파트_전월세,성산시영(선경),성산동,446,50.54,,30000,0,3,20,1986,신규,26.10~28.10,,,,,
마포구,11440,용강동,202607,아파트_전월세,마포용강삼성래미안,용강동,380,59.98,,20000,240,7,23,2003,신규,26.09~28.09,,,,,
마포구,11440,상암동,202607,아파트_전월세,상암월드컵파크9단지,상암동,1752,114.72,,54960,0,4,22,2010,신규,26.08~28.10,,,,,
마포구,11440,염리동,202607,아파트_전월세,상록,염리동,515-1,49.8,,46200,0,8,22,1997,신규,26.09~28.09,,,,,
마포구,11440,창전동,202607,아파트_전월세,창전래미안,창전동,437,59.94,,10000,180,12,18,1998,갱신,26.07~28.07,10000.0,130.0,,,
마포구,11440,상암동,202607,아파트_전월세,상암월드컵파크9단지,상암동,1752,84.89,,47034,0,5,22,2010,신규,26.08~28.10,,,,,
마포구,11440,성산동,202607,아파트_전월세,성산시영(선경),성산동,446,50.54,,34650,0,13,20,1986,갱신,26.09~28.09,33000.0,,사용,,
마포구,11440,상암동,202607,아파트_전월세,상암월드컵파크8단지,상암동,1674,49.62,,1924,34,9,22,2008,갱신,26.08~28.07,4124.0,30.0,,,
마포구,11440,상암동,202607,아파트_전월세,상암월드컵파크9단지,상암동,1752,114.26,,54960,0,10,22,2010,신규,26.08~28.10,,,,,
마포구,11440,신공덕동,202607,아파트_전월세,신공덕e편한세상,신공덕동,168,59.85,,59500,0,6,18,2007,갱신,26.09~28.09,56668.0,,사용,,
마포구,11440,도화동,202607,아파트_전월세,도화동현대,도화동,357,68.22,,45000,0,6,22,1996,갱신,26.07~28.07,45000.0,,,,
마포구,11440,아현동,202607,아파트_전월세,공덕자이,아현동,800,84.99,,100000,0,14,22,2015,신규,26.09~28.09,,,,,
마포구,11440,대흥동,202607,아파트_전월세,마포그랑자이,대흥동,806,59.96,,30000,230,10,7,2020,신규,26.08~28.08,,,,,
마포구,11440,상암동,202607,아파트_전월세,상암월드컵파크10단지,상암동,1736,114.26,,54960,0,10,23,2010,신규,26.08~28.10,,,,,
마포구,11440,상암동,202607,아파트_전월세,상암월드컵파크10단지,상암동,1736,84.89,,47034,0,13,23,2010,신규,26.08~28.10,,,,,
마포구,11440,신수동,202607,아파트_전월세,신촌숲아이파크,신수동,462,84.932,,100000,0,5,22,2019,신규,26.10~28.10,,,,,
마포구,11440,성산동,202607,아파트_전월세,성산시영(유원),성산동,446,59.43,,31248,0,2,20,1986,갱신,26.08~28.08,29760.0,,사용,,
마포구,11440,아현동,202607,아파트_전월세,마포래미안푸르지오4단지,아현동,777,59.9452,,72870,0,9,18,2014,갱신,26.09~28.09,69400.0,,사용,,
마포구,11440,서교동,202607,아파트_전월세,서교동효성해링턴타워,서교동,494,37.17,,12240,82,17,22,2020,갱신,26.11~28.04,12240.0,78.0,사용,,
마포구,11440,신수동,202607,아파트_전월세,신촌숲아이파크,신수동,462,84.912,,115000,0,6,22,2019,신규,26.10~28.10,,,,,
마포구,11440,서교동,202607,아파트_전월세,메세나폴리스,서교동,490,122.867,,20000,700,5,13,2012,신규,26.08~28.08,,,,,
마포구,11440,서교동,202607,아파트_전월세,서교동효성해링턴타워,서교동,494,17.93,,6120,40,18,22,2020,갱신,26.10~28.04,6120.0,38.0,사용,,
마포구,11440,신수동,202607,아파트_전월세,힐스테이트마포더퍼스트,신수동,91-90,84.07,,115000,0,12,10,2026,신규,26.09~28.09,,,,,
마포구,11440,서교동,202607,아파트_전월세,메세나폴리스,서교동,490,142.034,,157500,0,31,16,2012,갱신,26.08~28.08,150000.0,,사용,,
마포구,11440,망원동,202607,아파트_전월세,마포한강아이파크,망원동,521,59.3813,,54000,0,13,21,2019,신규,26.09~28.03,,,,,
마포구,11440,상암동,202607,아파트_전월세,상암월드컵파크9단지,상암동,1752,114.26,,54960,0,8,22,2010,신규,26.08~28.10,,,,,
마포구,11440,상암동,202607,아파트_전월세,상암월드컵파크10단지,상암동,1736,114.26,,54960,0,8,22,2010,신규,26.08~28.10,,,,,
마포구,11440,서교동,202607,아파트_전월세,서교동효성해링턴타워,서교동,494,37.17,,13760,77,17,22,2020,갱신,26.10~28.04,13760.0,73.0,사용,,
마포구,11440,아현동,202607,아파트_전월세,마포래미안푸르지오4단지,아현동,777,84.5978,,90000,75,8,11,2014,갱신,26.09~28.09,85000.0,45.0,,,
마포구,11440,서교동,202607,아파트_전월세,서교동효성해링턴타워,서교동,494,37.17,,4521,22,14,22,2020,갱신,26.08~28.07,5821.0,19.0,,,
마포구,11440,서교동,202607,아파트_전월세,서교동효성해링턴타워,서교동,494,17.93,,5240,6,10,22,2020,갱신,26.08~28.07,3961.0,13.0,,,
마포구,11440,성산동,202607,아파트_전월세,성산월드타운대림,성산동,601,117.898,,52000,0,6,17,2004,갱신,26.07~29.03,49350.0,,,,
마포구,11440,노고산동,202607,아파트_전월세,빌리브디에이블,노고산동,129,38.39,,53000,0,19,21,2025,신규,26.10~28.10,,,,,
마포구,11440,신공덕동,202607,아파트_전월세,펜트라우스,신공덕동,172,84.95,,60000,160,6,13,2011,신규,26.08~28.08,,,,,
마포구,11440,염리동,202607,아파트_전월세,마포프레스티지자이,염리동,532,84.9654,,115000,0,4,11,2021,갱신,26.08~28.08,110000.0,,사용,,
마포구,11440,신정동,202607,아파트_전월세,서강GS,신정동,30,84.97,,54023,0,8,13,1999,갱신,26.07~28.07,54023.0,,사용,,
마포구,11440,공덕동,202607,아파트_전월세,래미안공덕4차,공덕동,464,59.9,,60740,0,8,19,2005,갱신,26.09~28.09,57850.0,,,,
마포구,11440,서교동,202607,아파트_전월세,메세나폴리스,서교동,490,148.981,,175000,0,14,18,2012,신규,26.11~28.11,,,,,
마포구,11440,서교동,202607,아파트_전월세,메세나폴리스,서교동,490,122.867,,2000,780,15,13,2012,신규,26.08~28.08,,,,,
마포구,11440,대흥동,202607,아파트_전월세,대흥동세양,대흥동,802,60,,65000,0,15,7,2000,신규,26.09~28.09,,,,,
마포구,11440,서교동,202607,아파트_전월세,서교동효성해링턴타워,서교동,494,37.17,,13760,75,6,21,2020,갱신,26.10~28.04,13760.0,72.0,사용,,
마포구,11440,성산동,202607,아파트_전월세,성산시영(대우),성산동,446,50.03,,25000,0,4,17,1986,갱신,26.08~28.08,25000.0,,사용,,
마포구,11440,염리동,202607,아파트_전월세,마포자이더센트리지(101동서울리츠2호임대),염리동,533,34.797,,13526,47,13,21,2022,신규,26.07~28.09,,,,,
마포구,11440,서교동,202607,아파트_전월세,서교동효성해링턴타워,서교동,494,37.17,,13760,76,6,21,2020,신규,26.09~28.04,,,,,
마포구,11440,창전동,202607,아파트_전월세,서강예가,창전동,444,84.988,,78000,0,11,20,2007,갱신,26.12~28.12,75000.0,,사용,,
마포구,11440,신공덕동,202607,아파트_전월세,공덕아이파크,신공덕동,174,84.96,,97000,0,4,20,2013,신규,26.09~28.09,,,,,
마포구,11440,성산동,202607,아파트_전월세,성산시영(선경),성산동,446,50.54,,30000,0,12,21,1986,신규,26.10~28.10,,,,,
마포구,11440,염리동,202607,아파트_전월세,마포프레스티지자이,염리동,532,84.8079,,140000,0,10,15,2021,신규,26.10~28.10,,,,,
마포구,11440,성산동,202607,아파트_전월세,성산시영(선경),성산동,446,50.54,,28000,0,8,20,1986,신규,26.09~28.09,,,,,
마포구,11440,신공덕동,202607,아파트_전월세,신공덕래미안2차,신공덕동,159,114.5,,84000,0,14,2,2000,갱신,26.08~28.08,80000.0,,사용,,
마포구,11440,서교동,202607,아파트_전월세,서교동효성해링턴타워,서교동,494,37.17,,13760,75,3,20,2020,갱신,26.10~28.04,13760.0,72.0,사용,,
마포구,11440,도화동,202607,아파트_전월세,우성,도화동,82,68.94,,21000,90,7,15,1991,갱신,26.08~28.08,21000.0,65.0,,,
마포구,11440,신수동,202607,아파트_전월세,신촌삼익,신수동,450,84.85,,79000,0,12,20,1997,신규,26.10~28.10,,,,,
마포구,11440,공덕동,202607,아파트_전월세,공덕2삼성래미안,공덕동,43,84.94,,74000,0,12,16,2004,갱신,26.07~28.09,68250.0,,,,
마포구,11440,용강동,202607,아파트_전월세,이편한세상마포리버파크,용강동,508,123.44,,165000,0,15,21,2016,신규,26.10~29.02,,,,,
마포구,11440,상암동,202607,아파트_전월세,상암월드컵파크9단지,상암동,1752,84.89,,39690,0,11,21,2010,갱신,26.08~28.07,37800.0,,,,
마포구,11440,토정동,202607,아파트_전월세,한강삼성,토정동,138,59.97,,67000,0,20,20,1997,신규,26.09~28.09,,,,,
마포구,11440,서교동,202607,아파트_전월세,서교동효성해링턴타워,서교동,494,17.93,,6120,40,8,20,2020,갱신,26.10~28.04,6120.0,38.0,사용,,
마포구,11440,성산동,202607,아파트_전월세,성산시영(선경),성산동,446,50.54,,28000,0,9,17,1986,갱신,26.07~28.07,27000.0,,사용,,
마포구,11440,도화동,202607,아파트_전월세,우성,도화동,82,79.97,,57750,0,12,7,1991,갱신,26.08~28.08,55000.0,,사용,,
마포구,11440,아현동,202607,아파트_전월세,마포래미안푸르지오4단지,아현동,777,84.8919,,100000,0,25,20,2014,신규,26.10~28.10,,,,,
마포구,11440,아현동,202607,아파트_전월세,공덕자이,아현동,800,84.99,,15000,280,6,17,2015,갱신,26.09~28.09,15000.0,280.0,사용,,
마포구,11440,도화동,202607,아파트_전월세,도화동현대,도화동,357,147.37,,73500,0,13,20,1996,갱신,26.09~28.09,70000.0,,사용,,
마포구,11440,성산동,202607,아파트_전월세,성산시영(선경),성산동,446,50.54,,34650,0,8,15,1986,갱신,26.09~28.09,33000.0,,사용,,
마포구,11440,성산동,202607,아파트_전월세,성산시영(선경),성산동,446,50.54,,32000,0,11,10,1986,갱신,26.07~28.07,32000.0,,사용,,
마포구,11440,공덕동,202607,아파트_전월세,공덕SK리더스뷰,공덕동,479,97.8,,60000,260,2,3,2021,신규,26.09~28.09,,,,,
마포구,11440,아현동,202607,아파트_전월세,마포래미안푸르지오3단지,아현동,777,114.7267,,110000,0,13,17,2014,신규,26.08~28.08,,,,,
마포구,11440,상암동,202607,아파트_전월세,상암월드컵파크4단지,상암동,1655,84.81,,70350,0,3,18,2006,갱신,26.10~28.10,67000.0,,사용,,
마포구,11440,공덕동,202607,아파트_전월세,공덕SK리더스뷰,공덕동,479,84.94,,118000,0,21,18,2021,갱신,26.09~28.09,113000.0,,사용,,
마포구,11440,성산동,202607,아파트_전월세,성산시영(대우),성산동,446,50.03,,34600,0,5,17,1986,신규,26.08~28.08,,,,,
마포구,11440,현석동,202607,아파트_전월세,래미안웰스트림,현석동,225,84.98,,20000,440,8,18,2016,신규,26.10~28.10,,,,,
마포구,11440,마포동,202607,아파트_전월세,마포쌍용황금아파트,마포동,253,59.9,,60000,0,7,16,2000,신규,26.10~28.10,,,,,
마포구,11440,서교동,202607,아파트_전월세,서교푸르지오,서교동,486,92.448,,65000,0,6,13,2004,갱신,26.07~28.07,65000.0,,,,
마포구,11440,서교동,202607,아파트_전월세,서교동효성해링턴타워,서교동,494,37.17,,13760,75,22,16,2020,갱신,26.10~28.04,13760.0,72.0,사용,,
마포구,11440,상암동,202607,아파트_전월세,상암월드컵파크8단지,상암동,1674,49.62,,9436,30,4,20,2008,갱신,26.08~28.07,9435.0,30.0,,,
마포구,11440,현석동,202607,아파트_전월세,강변힐스테이트,현석동,222,59.54,,71000,0,15,20,2004,갱신,26.08~27.06,68000.0,,,,
마포구,11440,중동,202607,아파트_전월세,마포중동현대,중동,392,114.93,,20000,190,8,14,2001,갱신,26.08~28.08,20000.0,177.0,사용,,
마포구,11440,성산동,202607,아파트_전월세,성산시영(유원),성산동,446,59.43,,42500,0,9,17,1986,신규,26.10~28.10,,,,,
마포구,11440,서교동,202607,아파트_전월세,서교동효성해링턴타워,서교동,494,37.17,,13760,75,8,16,2020,갱신,26.10~28.04,13760.0,72.0,사용,,
마포구,11440,도화동,202607,아파트_전월세,마포동원베네스트,도화동,564,58.65,,25000,180,3,18,2010,신규,26.09~28.09,,,,,
마포구,11440,상암동,202607,아파트_전월세,상암월드컵파크6단지,상암동,1689,104.32,,85000,0,6,18,2005,갱신,26.09~28.09,75000.0,,,,
마포구,11440,공덕동,202607,아파트_전월세,래미안공덕4차,공덕동,464,59.9,,68000,0,8,18,2005,갱신,26.09~26.11,68000.0,,사용,,
마포구,11440,염리동,202607,아파트_전월세,마포자이더센트리지(102동~112동),염리동,533,84.866,,95000,0,1,16,2022,신규,26.11~28.11,,,,,
마포구,11440,아현동,202607,아파트_전월세,마포래미안푸르지오3단지,아현동,777,41.9838,,3670,19,2,20,2014,갱신,26.08~28.07,4404.0,23.0,,,
마포구,11440,창전동,202607,아파트_전월세,마포웨스트리버태영데시앙,창전동,449,74.784,,81900,0,9,6,2019,갱신,26.08~28.08,78000.0,,,,
마포구,11440,노고산동,202607,아파트_전월세,신촌예스빌딩,노고산동,1-23,12.57,,1000,84,8,19,2015,신규,26.07~27.07,,,,,
마포구,11440,아현동,202607,아파트_전월세,마포래미안푸르지오1단지,아현동,777,36.9796,,3244,17,6,20,2014,갱신,26.08~28.07,3244.0,17.0,,,
마포구,11440,신수동,202607,아파트_전월세,신촌숲아이파크,신수동,462,84.932,,10000,420,6,11,2019,신규,26.09~28.09,,,,,
마포구,11440,성산동,202607,아파트_전월세,노블에비뉴,성산동,668,31.728,,18800,58,3,18,2015,신규,26.10~28.10,,,,,
마포구,11440,공덕동,202607,아파트_전월세,공덕1삼성래미안,공덕동,371,84.94,,10000,320,12,14,1999,신규,26.09~28.09,,,,,
마포구,11440,도화동,202607,아파트_전월세,현대홈타운,도화동,353,84.95,,70000,0,18,18,2000,갱신,26.10~28.10,68000.0,,사용,,
마포구,11440,신수동,202607,아파트_전월세,신촌숲아이파크,신수동,462,59.376,,92000,0,23,15,2019,신규,26.08~28.08,,,,,
마포구,11440,신수동,202607,아파트_전월세,신촌숲아이파크,신수동,462,59.751,,89000,0,22,7,2019,갱신,26.08~28.08,85000.0,,사용,,
마포구,11440,상암동,202607,아파트_전월세,상암월드컵파크2단지,상암동,1637,59.92,,52500,0,9,17,2003,갱신,26.08~28.08,50000.0,,,,
마포구,11440,신수동,202607,아파트_전월세,힐스테이트마포더퍼스트,신수동,91-90,59.99,,85000,0,20,18,2026,신규,26.09~29.01,,,,,
마포구,11440,상암동,202607,아파트_전월세,상암월드컵파크12단지,상암동,1743,84.66,,55000,30,3,18,2010,신규,26.11~28.10,,,,,
마포구,11440,성산동,202607,아파트_전월세,성산시영(대우),성산동,446,50.03,,23500,0,2,17,1986,갱신,26.08~28.08,23500.0,,,,
마포구,11440,공덕동,202607,아파트_전월세,공덕3삼성래미안,공덕동,457,84.98,,20000,320,13,17,2004,신규,26.08~28.08,,,,,
마포구,11440,대흥동,202607,아파트_전월세,마포그랑자이(임대),대흥동,806,39.99,,18200,70,7,20,2020,신규,26.07~28.09,,,,,
마포구,11440,도화동,202607,아파트_전월세,도화동현대,도화동,357,54.72,,8000,150,2,18,1996,신규,26.10~28.10,,,,,
마포구,11440,아현동,202607,아파트_전월세,마포래미안푸르지오3단지,아현동,777,84.5978,,92400,0,17,17,2014,갱신,26.08~28.08,88000.0,,사용,,
마포구,11440,상암동,202607,아파트_전월세,상암월드컵파크9단지,상암동,1752,84.98,,47000,120,6,17,2010,신규,26.09~28.09,,,,,
마포구,11440,공덕동,202607,아파트_전월세,공덕파크자이,공덕동,476,121.4551,,160000,0,10,17,2015,신규,26.09~28.09,,,,,
마포구,11440,도화동,202607,아파트_전월세,우성,도화동,82,68.94,,60000,0,10,18,1991,신규,26.09~28.09,,,,,
마포구,11440,도화동,202607,아파트_전월세,도화동현대,도화동,357,128.26,,60000,100,12,18,1996,신규,27.02~29.02,,,,,
마포구,11440,아현동,202607,아파트_전월세,마포트라팰리스2차,아현동,738,99.56,,73500,0,8,18,2008,신규,26.08~28.08,,,,,
마포구,11440,아현동,202607,아파트_전월세,더클래시,아현동,804,43.27,,65000,0,3,16,2022,신규,26.09~28.09,,,,,
마포구,11440,공덕동,202607,아파트_전월세,공덕SK리더스뷰,공덕동,479,84.94,,120000,0,12,16,2021,갱신,26.09~28.09,115000.0,,사용,,
마포구,11440,대흥동,202607,아파트_전월세,마포그랑자이,대흥동,806,59.98,,98000,0,19,12,2020,신규,26.10~28.10,,,,,
마포구,11440,연남동,202607,아파트_전월세,코오롱,연남동,573,114.88,,5000,310,13,18,2003,신규,26.08~28.08,,,,,
마포구,11440,신공덕동,202607,아파트_전월세,신공덕래미안2차,신공덕동,159,59.48,,10000,150,9,15,2000,갱신,26.07~27.09,10000.0,150.0,,,
마포구,11440,염리동,202607,아파트_전월세,마포프레스티지자이,염리동,532,59.9286,,30000,280,16,18,2021,신규,26.09~28.09,,,,,
마포구,11440,상암동,202607,아파트_전월세,상암월드컵파크5단지,상암동,1658,84.67,,5000,270,16,16,2005,갱신,26.07~27.07,5000.0,270.0,,,
마포구,11440,신수동,202607,아파트_전월세,신촌숲아이파크,신수동,462,84.912,,70000,160,18,16,2019,신규,26.08~28.08,,,,,
마포구,11440,신공덕동,202607,아파트_전월세,대우월드마크마포,신공덕동,173,96.54,,10000,500,12,16,2011,신규,26.07~28.07,,,,,
마포구,11440,신공덕동,202607,아파트_전월세,신공덕1차삼성래미안1아파트,신공덕동,155,84.9,,70000,35,12,17,2000,갱신,26.10~28.10,50000.0,100.0,,,
마포구,11440,합정동,202607,아파트_전월세,마포한강2차푸르지오,합정동,473,83.45,,120000,0,22,16,2016,신규,26.09~28.08,,,,,
마포구,11440,도화동,202607,아파트_전월세,삼성,도화동,550,72.185,,27000,165,1,13,1997,신규,26.09~28.09,,,,,
마포구,11440,신수동,202607,아파트_전월세,신촌숲아이파크,신수동,462,59.376,,25112,35,27,16,2019,갱신,26.08~28.07,18960.0,66.0,,,
마포구,11440,아현동,202607,아파트_전월세,마포래미안푸르지오2단지,아현동,777,84.3884,,109000,0,7,16,2014,신규,26.09~28.09,,,,,
마포구,11440,노고산동,202607,아파트_전월세,신촌포스빌,노고산동,1-3,32.34,,1000,110,11,13,2004,신규,26.07~27.07,,,,,
마포구,11440,공덕동,202607,아파트_전월세,마포현대,공덕동,188-108,84.87,,65000,0,1,16,1988,갱신,26.08~28.08,60000.0,,,,
마포구,11440,공덕동,202607,아파트_전월세,공덕2삼성래미안,공덕동,43,84.94,,69000,40,20,16,2004,신규,26.09~27.04,,,,,
마포구,11440,신정동,202607,아파트_전월세,서강GS,신정동,30,84.4,,5000,180,13,16,1999,갱신,26.08~28.08,5000.0,171.0,사용,,
마포구,11440,공덕동,202607,아파트_전월세,래미안공덕4차,공덕동,464,59.9,,78000,0,20,10,2005,갱신,26.09~28.09,68000.0,,,,
마포구,11440,아현동,202607,아파트_전월세,마포래미안푸르지오3단지,아현동,777,114.7267,,50000,350,1,16,2014,신규,26.09~28.09,,,,,
마포구,11440,염리동,202607,아파트_전월세,마포자이더센트리지(102동~112동),염리동,533,84.866,,65000,160,13,16,2022,갱신,26.10~28.10,65000.0,120.0,사용,,
마포구,11440,용강동,202607,아파트_전월세,이편한세상마포리버파크,용강동,508,59.98,,89000,0,5,15,2016,갱신,26.08~28.08,85000.0,,사용,,
마포구,11440,염리동,202607,아파트_전월세,마포프레스티지자이,염리동,532,59.9286,,88200,0,12,15,2021,갱신,26.08~28.08,84000.0,,사용,,
마포구,11440,마포동,202607,아파트_전월세,보성,마포동,442,59.4,,40000,40,11,15,1996,신규,26.09~28.09,,,,,
마포구,11440,성산동,202607,아파트_전월세,성산시영(대우),성산동,446,50.03,,33000,0,10,1,1986,신규,26.08~28.08,,,,,
마포구,11440,신공덕동,202607,아파트_전월세,신공덕래미안2차,신공덕동,159,59.48,,10000,100,8,4,2000,신규,26.08~28.08,,,,,
마포구,11440,공덕동,202607,아파트_전월세,한화꿈에그린,공덕동,460,113.667,,97000,20,8,15,2004,신규,26.08~28.08,,,,,
마포구,11440,신수동,202607,아파트_전월세,마포경남아너스빌,신수동,456,84.95,,77000,0,4,15,2007,신규,26.10~28.10,,,,,
마포구,11440,용강동,202607,아파트_전월세,마포용강삼성래미안,용강동,380,59.99,,63000,0,8,13,2003,신규,26.08~28.08,,,,,
마포구,11440,상암동,202607,아파트_전월세,상암월드컵파크7단지,상암동,1660,104.77,,90000,0,4,15,2005,신규,26.11~28.11,,,,,
마포구,11440,공덕동,202607,아파트_전월세,래미안공덕5차,공덕동,469,59.959,,78750,0,2,6,2011,갱신,26.09~28.09,75000.0,,사용,,
마포구,11440,공덕동,202607,아파트_전월세,래미안공덕5차,공덕동,469,59.959,,79000,0,2,6,2011,갱신,26.09~28.09,75000.0,,,,
마포구,11440,망원동,202607,아파트_전월세,신부파스카5차,망원동,518,37.17,,13000,65,6,13,2013,신규,26.09~28.09,,,,,
마포구,11440,신수동,202607,아파트_전월세,하나테크노빌,신수동,22-35,31.83,,20000,0,6,15,2002,신규,26.08~28.08,,,,,
마포구,11440,상암동,202607,아파트_전월세,상암월드컵파크3단지,상암동,1643,84.84,,70000,0,2,15,2003,신규,26.09~28.09,,,,,
마포구,11440,도화동,202607,아파트_전월세,삼성,도화동,550,84.985,,50000,140,13,11,1997,신규,26.10~28.10,,,,,
마포구,11440,대흥동,202607,아파트_전월세,대흥동태영아파트,대흥동,660,84.77,,70000,100,3,15,1999,갱신,26.07~27.02,55000.0,61.0,,,
마포구,11440,상암동,202607,아파트_전월세,상암월드컵파크7단지,상암동,1660,84.9,,55650,0,11,15,2005,갱신,26.08~28.08,53000.0,,사용,,
마포구,11440,염리동,202607,아파트_전월세,마포자이더센트리지(102동~112동),염리동,533,59.99,,79000,0,6,4,2022,갱신,26.08~28.08,76000.0,,사용,,
마포구,11440,망원동,202607,아파트_전월세,마포한강제이스카이,망원동,522,49.738,,5000,190,6,15,2019,신규,26.10~28.10,,,,,
마포구,11440,염리동,202607,아파트_전월세,염리삼성래미안,염리동,520,59.85,,15000,220,11,15,2001,신규,26.09~28.09,,,,,
마포구,11440,성산동,202607,아파트_전월세,성산시영(대우),성산동,446,50.03,,34000,0,14,13,1986,신규,26.11~28.11,,,,,
마포구,11440,성산동,202607,아파트_전월세,성산시영(유원),성산동,446,59.43,,43000,0,7,15,1986,갱신,26.08~28.08,43000.0,,,,
마포구,11440,서교동,202607,아파트_전월세,메세나폴리스,서교동,490,122.867,,2000,780,15,13,2012,신규,26.08~28.08,,,,,
마포구,11440,대흥동,202607,아파트_전월세,대흥동태영아파트,대흥동,660,114.93,,105000,0,11,11,1999,갱신,26.07~28.07,100000.0,,사용,,
마포구,11440,서교동,202607,아파트_전월세,엠제이더퍼스트홍대,서교동,371-7,14.89,,2000,120,5,6,2018,신규,26.07~28.07,,,,,
마포구,11440,서교동,202607,아파트_전월세,서교푸르지오,서교동,486,92.448,,83000,0,11,10,2004,신규,26.09~28.09,,,,,
마포구,11440,대흥동,202607,아파트_전월세,대흥동태영아파트,대흥동,660,59.4,,63000,0,14,13,1999,갱신,26.07~28.07,60000.0,,사용,,
마포구,11440,용강동,202607,아파트_전월세,래미안마포리버웰,용강동,502,84.99,,120000,0,6,15,2015,갱신,26.08~28.08,110000.0,,,,
마포구,11440,마포동,202607,아파트_전월세,비체힐리버뷰,마포동,449,16.6236,,11000,10,4,14,2012,신규,26.09~28.09,,,,,
마포구,11440,공덕동,202607,아파트_전월세,공덕더샵,공덕동,478,84.9596,,118000,0,12,2,2018,신규,26.09~28.09,,,,,
마포구,11440,서교동,202607,아파트_전월세,메세나폴리스,서교동,490,122.867,,157500,0,38,10,2012,갱신,26.08~28.08,150000.0,,사용,,
마포구,11440,성산동,202607,아파트_전월세,성산시영(유원),성산동,446,59.43,,47000,0,11,4,1986,신규,26.09~28.09,,,,,
마포구,11440,도화동,202607,아파트_전월세,현대예술아파트,도화동,240-1,112.19,,200,30,1,14,1993,신규,26.07~28.07,,,,,
마포구,11440,상암동,202607,아파트_전월세,상암월드컵파크5단지,상암동,1658,84.75,,50000,116,10,13,2005,갱신,26.07~28.07,40000.0,116.0,,,
마포구,11440,성산동,202607,아파트_전월세,성산월드타운대림,성산동,601,84.689,,15000,170,9,10,2004,갱신,26.09~28.09,15000.0,160.0,사용,,
마포구,11440,아현동,202607,아파트_전월세,더클래시,아현동,804,43.64,,68000,0,12,13,2022,갱신,26.09~28.09,65000.0,,사용,,
마포구,11440,성산동,202607,아파트_전월세,노블에비뉴,성산동,668,33.523,,19000,39,7,4,2015,신규,26.08~28.08,,,,,
마포구,11440,서교동,202607,아파트_전월세,서교동효성해링턴타워,서교동,494,37.17,,9170,93,18,13,2020,갱신,26.10~28.04,9170.0,90.0,사용,,
마포구,11440,대흥동,202607,아파트_전월세,마포그랑자이,대흥동,806,59.98,,50000,180,13,14,2020,신규,26.10~28.10,,,,,
마포구,11440,상암동,202607,아파트_전월세,DMCVILLE,상암동,1584,84.15,,0,363,8,1,2006,신규,26.07~27.07,,,,,
마포구,11440,망원동,202607,아파트_전월세,솔루체2차아파트,망원동,525,48.13,,15000,105,2,14,2022,갱신,26.07~28.07,15000.0,100.0,사용,,
마포구,11440,공덕동,202607,아파트_전월세,공덕SK리더스뷰,공덕동,479,97.7,,100000,40,5,14,2021,갱신,26.09~27.03,100000.0,40.0,,,
마포구,11440,망원동,202607,아파트_전월세,마포한강제이스카이,망원동,522,49.738,,42484,0,12,11,2019,갱신,26.08~28.08,40461.0,,사용,,
마포구,11440,아현동,202607,아파트_전월세,마포래미안푸르지오4단지,아현동,777,84.5978,,105000,0,27,14,2014,갱신,26.07~28.07,100000.0,,사용,,
마포구,11440,공덕동,202607,아파트_전월세,공덕SK리더스뷰,공덕동,479,84.94,,113000,0,18,10,2021,신규,26.09~28.09,,,,,
마포구,11440,상암동,202607,아파트_전월세,상암월드컵파크2단지,상암동,1637,59.92,,5000,220,6,14,2003,신규,26.08~28.07,,,,,
마포구,11440,성산동,202607,아파트_전월세,성산시영(대우),성산동,446,50.03,,18000,0,7,2,1986,신규,26.07~28.07,,,,,
마포구,11440,공덕동,202607,아파트_전월세,공덕3삼성래미안,공덕동,457,59.97,,10000,200,5,14,2004,갱신,26.07~28.07,5000.0,155.0,,,
마포구,11440,창전동,202607,아파트_전월세,서강예가,창전동,444,59.983,,60000,50,7,8,2007,신규,26.09~28.09,,,,,
마포구,11440,도화동,202607,아파트_전월세,한화오벨리스크,도화동,555,75.7,,0,315,27,14,2004,갱신,26.09~27.09,,300.0,사용,,
마포구,11440,대흥동,202607,아파트_전월세,마포그랑자이,대흥동,806,84.98,,110000,0,13,14,2020,갱신,26.07~28.07,105000.0,,사용,,
마포구,11440,성산동,202607,아파트_전월세,성산시영(대우),성산동,446,50.03,,5000,135,2,13,1986,신규,26.08~28.08,,,,,
마포구,11440,상수동,202607,아파트_전월세,상수크리원,상수동,355-2,30.81,,9600,82,10,10,2021,신규,26.08~28.08,,,,,
마포구,11440,상암동,202607,아파트_전월세,상암월드컵파크5단지,상암동,1658,104.69,,84000,0,12,11,2005,갱신,26.08~28.08,80000.0,,사용,,
마포구,11440,상암동,202607,아파트_전월세,DMCVILLE,상암동,1584,84.15,,0,363,10,3,2006,신규,26.07~26.09,,,,,
마포구,11440,상암동,202607,아파트_전월세,DMCVILLE,상암동,1584,84.15,,0,363,13,6,2006,신규,26.07~26.08,,,,,
마포구,11440,아현동,202607,아파트_전월세,마포래미안푸르지오4단지,아현동,777,84.8919,,81900,130,18,10,2014,갱신,26.07~28.07,81900.0,50.0,,,
마포구,11440,현석동,202607,아파트_전월세,래미안웰스트림,현석동,225,84.98,,85082,0,7,3,2016,갱신,26.07~28.07,81030.0,,사용,,
마포구,11440,성산동,202607,아파트_전월세,성산시영(대우),성산동,446,50.03,,21367,0,5,11,1986,갱신,26.08~28.08,20350.0,,사용,,
마포구,11440,성산동,202607,아파트_전월세,성산시영(선경),성산동,446,50.54,,20000,60,13,13,1986,신규,26.08~28.08,,,,,
마포구,11440,신공덕동,202607,아파트_전월세,신공덕아이파크,신공덕동,178,49.7,,5000,330,4,8,2025,신규,26.07~28.07,,,,,
마포구,11440,상암동,202607,아파트_전월세,상암월드컵파크2단지,상암동,1637,59.92,,54600,0,6,11,2003,갱신,26.07~28.07,52000.0,,사용,,
마포구,11440,성산동,202607,아파트_전월세,성산시영(선경),성산동,446,50.54,,31500,0,8,8,1986,갱신,26.09~28.09,30000.0,,,,
마포구,11440,도화동,202607,아파트_전월세,현대홈타운,도화동,353,113.25,,29000,220,1,12,2000,신규,26.10~28.10,,,,,
마포구,11440,현석동,202607,아파트_전월세,강변힐스테이트,현석동,222,59.54,,40000,100,4,9,2004,신규,26.09~28.09,,,,,
마포구,11440,신공덕동,202607,아파트_전월세,펜트라우스,신공덕동,172,103.04,,115000,0,20,12,2011,신규,26.09~28.09,,,,,
마포구,11440,도화동,202607,아파트_전월세,우성,도화동,82,54.72,,60000,0,12,13,1991,갱신,26.09~28.09,60000.0,,,,
마포구,11440,아현동,202607,아파트_전월세,마포래미안푸르지오3단지,아현동,777,114.588,,113000,21,2,12,2014,갱신,26.07~28.07,113000.0,,사용,,
마포구,11440,신공덕동,202607,아파트_전월세,신공덕아이파크,신공덕동,178,49.7,,70100,0,12,13,2025,신규,26.08~28.01,,,,,
마포구,11440,아현동,202607,아파트_전월세,마포래미안푸르지오2단지,아현동,777,59.9656,,77000,20,3,13,2014,갱신,26.07~28.04,81000.0,,,,
마포구,11440,성산동,202607,아파트_전월세,성산시영(선경),성산동,446,50.54,,34000,0,11,10,1986,신규,26.09~28.09,,,,,
마포구,11440,아현동,202607,아파트_전월세,공덕자이,아현동,800,59.99,,70000,0,4,7,2015,갱신,26.08~28.08,67000.0,,사용,,
마포구,11440,서교동,202607,아파트_전월세,서교푸르지오,서교동,486,92.448,,83000,0,11,10,2004,신규,26.09~28.09,,,,,
마포구,11440,토정동,202607,아파트_전월세,한강삼성,토정동,138,59.76,,63000,0,3,11,1997,갱신,26.09~28.09,60000.0,,사용,,
마포구,11440,성산동,202607,아파트_전월세,성산시영(선경),성산동,446,50.54,,23000,10,14,11,1986,신규,26.07~28.07,,,,,
마포구,11440,창전동,202607,아파트_전월세,이랜드PEER신촌,창전동,450,17.296,,5337,28,5,13,2021,신규,26.07~28.07,,,,,
마포구,11440,노고산동,202607,아파트_전월세,빌리브디에이블,노고산동,129,38.39,,2000,257,17,13,2025,갱신,26.08~27.08,2000.0,245.0,,,
마포구,11440,용강동,202607,아파트_전월세,래미안마포리버웰,용강동,502,84.98,,60000,230,6,8,2015,갱신,26.08~28.08,60000.0,160.0,,,
마포구,11440,망원동,202607,아파트_전월세,신부파스카5차,망원동,518,37.17,,13000,65,6,13,2013,신규,26.09~28.09,,,,,
마포구,11440,망원동,202607,아파트_전월세,휴먼빌,망원동,509,59.943,,52500,0,9,13,2004,갱신,26.08~28.08,50000.0,,사용,,
마포구,11440,염리동,202607,아파트_전월세,마포프레스티지자이,염리동,532,59.8772,,95000,0,13,12,2021,신규,26.08~28.08,,,,,
마포구,11440,신수동,202607,아파트_전월세,신촌숲아이파크,신수동,462,59.376,,87000,0,25,11,2019,갱신,26.07~28.07,83000.0,,사용,,
마포구,11440,현석동,202607,아파트_전월세,밤섬힐스테이트,현석동,220,59.4,,2000,250,24,13,1999,갱신,26.08~28.08,2000.0,126.0,,,
마포구,11440,대흥동,202607,아파트_전월세,마포그랑자이,대흥동,806,84.98,,105000,0,8,11,2020,갱신,26.07~28.07,100000.0,,사용,,
마포구,11440,창전동,202607,아파트_전월세,이랜드PEER신촌,창전동,450,17.296,,5337,27,4,13,2021,신규,26.08~28.08,,,,,
마포구,11440,대흥동,202607,아파트_전월세,마포그랑자이,대흥동,806,84.99,,3000,120,7,12,2020,신규,26.07~28.07,,,,,
마포구,11440,염리동,202607,아파트_전월세,마포프레스티지자이,염리동,532,84.8079,,120000,40,11,10,2021,신규,26.10~28.10,,,,,
마포구,11440,대흥동,202607,아파트_전월세,마포그랑자이,대흥동,806,84.99,,1000,100,13,11,2020,신규,26.07~28.07,,,,,
마포구,11440,공덕동,202607,아파트_전월세,래미안공덕4차,공덕동,464,59.9,,78000,0,1,10,2005,신규,26.09~28.09,,,,,
마포구,11440,창전동,202607,아파트_전월세,창전래미안,창전동,437,84.93,,67000,0,2,11,1998,신규,26.10~28.10,,,,,
마포구,11440,상암동,202607,아파트_전월세,상암월드컵파크2단지,상암동,1637,59.92,,10000,171,6,3,2003,신규,26.09~28.09,,,,,
마포구,11440,도화동,202607,아파트_전월세,우성,도화동,82,79.97,,10000,169,9,11,1991,갱신,26.07~28.07,10000.0,160.0,사용,,
마포구,11440,성산동,202607,아파트_전월세,블룸에비뉴,성산동,669,30.256,,18500,42,5,11,2016,신규,26.10~28.10,,,,,
마포구,11440,상수동,202607,아파트_전월세,래미안밤섬리베뉴Ⅱ,상수동,398,84.82,,92400,0,12,10,2014,갱신,26.09~28.09,88000.0,,사용,,
마포구,11440,용강동,202607,아파트_전월세,이편한세상마포리버파크,용강동,508,39.86,,5665,8,8,6,2016,신규,26.07~28.09,,,,,
마포구,11440,공덕동,202607,아파트_전월세,래미안공덕4차,공덕동,464,83.42,,89000,0,13,12,2005,갱신,26.09~28.09,85000.0,,사용,,
마포구,11440,공덕동,202607,아파트_전월세,공덕3삼성래미안,공덕동,457,59.97,,80000,0,17,10,2004,신규,26.09~28.09,,,,,
마포구,11440,창전동,202607,아파트_전월세,이랜드PEER신촌,창전동,450,17.296,,4003,32,9,13,2021,신규,26.08~28.08,,,,,
마포구,11440,염리동,202607,아파트_전월세,마포자이,염리동,521,113.803,,50000,320,18,11,2003,신규,26.10~28.10,,,,,
마포구,11440,창전동,202607,아파트_전월세,이랜드PEER신촌,창전동,450,17.296,,5337,28,14,13,2021,신규,26.08~28.08,,,,,
마포구,11440,망원동,202607,아파트_전월세,탑건진선미,망원동,506,84.95,,61000,0,9,10,2004,신규,26.10~28.10,,,,,
마포구,11440,아현동,202607,아파트_전월세,공덕자이,아현동,800,84.99,,50000,177,11,11,2015,갱신,26.08~28.08,50000.0,160.0,사용,,
마포구,11440,창전동,202607,아파트_전월세,이랜드PEER신촌,창전동,450,17.296,,5322,26,3,10,2021,갱신,26.08~28.08,5322.0,25.0,,,
마포구,11440,토정동,202607,아파트_전월세,한강삼성,토정동,138,59.76,,5000,300,25,10,1997,신규,26.09~28.09,,,,,
마포구,11440,아현동,202607,아파트_전월세,서서울삼성,아현동,692,48.92,,42000,0,17,11,1998,갱신,26.09~28.09,40000.0,,사용,,
마포구,11440,대흥동,202607,아파트_전월세,대흥동태영아파트,대흥동,660,84.77,,94500,0,24,10,1999,갱신,26.08~28.08,90000.0,,사용,,
마포구,11440,현석동,202607,아파트_전월세,래미안웰스트림,현석동,225,84.96,,93000,0,1,11,2016,갱신,26.08~26.10,93000.0,,,,
마포구,11440,현석동,202607,아파트_전월세,강변힐스테이트,현석동,222,59.54,,79000,0,15,11,2004,신규,26.08~28.08,,,,,
마포구,11440,상암동,202607,아파트_전월세,상암월드컵파크9단지,상암동,1752,84.89,,55540,0,9,3,2010,갱신,26.07~28.07,52900.0,,,,
마포구,11440,서교동,202607,아파트_전월세,메세나폴리스,서교동,490,148.981,,185000,0,9,8,2012,신규,26.07~28.06,,,,,
마포구,11440,공덕동,202607,아파트_전월세,공덕SK리더스뷰,공덕동,479,84.94,,113000,0,18,10,2021,신규,26.09~28.09,,,,,
마포구,11440,서교동,202607,아파트_전월세,서교동효성해링턴타워,서교동,494,37.17,,12240,80,10,10,2020,갱신,26.10~28.04,12240.0,77.0,사용,,
마포구,11440,성산동,202607,아파트_전월세,성산시영(대우),성산동,446,50.03,,31000,0,7,2,1986,신규,26.07~28.07,,,,,
마포구,11440,상암동,202607,아파트_전월세,상암월드컵파크12단지,상암동,1743,84.66,,64000,0,4,10,2010,신규,26.08~28.08,,,,,
마포구,11440,창전동,202607,아파트_전월세,서강예가,창전동,444,84.988,,45000,160,8,4,2007,신규,26.09~28.09,,,,,
마포구,11440,공덕동,202607,아파트_전월세,공덕2삼성래미안,공덕동,43,114.87,,90000,0,20,10,2004,신규,26.10~28.10,,,,,
마포구,11440,마포동,202607,아파트_전월세,마포쌍용황금아파트,마포동,253,114.84,,90000,0,15,9,2000,신규,26.10~28.10,,,,,
마포구,11440,도화동,202607,아파트_전월세,현대홈타운,도화동,353,113.25,,78750,0,15,10,2000,갱신,26.07~28.07,75000.0,,사용,,
마포구,11440,서교동,202607,아파트_전월세,서교동효성해링턴타워,서교동,494,37.17,,13760,75,3,9,2020,갱신,26.09~28.04,13760.0,71.0,사용,,
마포구,11440,성산동,202607,아파트_전월세,성산시영(선경),성산동,446,50.54,,30000,0,1,10,1986,갱신,26.08~27.02,30000.0,,,,
마포구,11440,서교동,202607,아파트_전월세,서교동효성해링턴타워,서교동,494,37.17,,7640,100,5,10,2020,갱신,26.09~28.04,7640.0,96.0,사용,,
마포구,11440,서교동,202607,아파트_전월세,서교동효성해링턴타워,서교동,494,37.17,,13760,75,8,10,2020,갱신,26.10~28.04,13760.0,72.0,사용,,
마포구,11440,상암동,202607,아파트_전월세,상암월드컵파크10단지,상암동,1736,59.73,,55000,0,10,9,2010,신규,26.11~28.11,,,,,
마포구,11440,아현동,202607,아파트_전월세,아르띠타워,아현동,330-5,18.48,,1000,95,16,2,2022,신규,26.09~27.09,,,,,
마포구,11440,서교동,202607,아파트_전월세,서교동효성해링턴타워,서교동,494,37.17,,13760,75,4,9,2020,갱신,26.10~28.04,13760.0,72.0,사용,,
마포구,11440,아현동,202607,아파트_전월세,공덕자이,아현동,800,84.99,,80000,100,6,9,2015,신규,26.09~28.09,,,,,
마포구,11440,도화동,202607,아파트_전월세,도화동현대,도화동,357,68.22,,57000,0,8,9,1996,신규,26.09~28.09,,,,,
마포구,11440,염리동,202607,아파트_전월세,마포자이더센트리지(102동~112동),염리동,533,84.866,,97650,0,15,9,2022,갱신,26.07~28.07,93000.0,,사용,,
마포구,11440,창전동,202607,아파트_전월세,신촌태영데시앙,창전동,439,84.97,,70000,0,10,8,2003,신규,26.09~28.09,,,,,
마포구,11440,서교동,202607,아파트_전월세,서교동효성해링턴타워,서교동,494,37.17,,13760,75,4,9,2020,갱신,26.10~28.04,13760.0,72.0,사용,,
마포구,11440,성산동,202607,아파트_전월세,성산시영(대우),성산동,446,50.03,,30000,0,9,8,1986,신규,26.09~28.09,,,,,
마포구,11440,서교동,202607,아파트_전월세,서교동효성해링턴타워,서교동,494,37.17,,9160,92,5,8,2020,갱신,26.10~28.04,9160.0,89.0,사용,,
마포구,11440,망원동,202607,아파트_전월세,대상4,망원동,492,59.97,,30000,85,4,8,2000,신규,26.08~28.08,,,,,
마포구,11440,공덕동,202607,아파트_전월세,솔리스타,공덕동,30-10,14.29,,15000,0,15,9,2018,신규,26.08~28.08,,,,,
마포구,11440,서교동,202607,아파트_전월세,서교동효성해링턴타워,서교동,494,37.17,,12240,83,9,9,2020,갱신,26.10~28.04,12240.0,79.0,사용,,
마포구,11440,공덕동,202607,아파트_전월세,공덕3삼성래미안,공덕동,457,59.97,,70000,0,3,9,2004,신규,26.09~28.09,,,,,
마포구,11440,도화동,202607,아파트_전월세,현대홈타운,도화동,353,84.95,,73000,0,7,4,2000,신규,26.08~28.08,,,,,
마포구,11440,망원동,202607,아파트_전월세,대림2,망원동,497,106.71,,78000,0,13,7,2002,신규,26.10~28.10,,,,,
마포구,11440,신공덕동,202607,아파트_전월세,공덕아이파크,신공덕동,174,84.96,,100000,0,13,9,2013,신규,26.09~28.09,,,,,
마포구,11440,도화동,202607,아파트_전월세,마포동원베네스트,도화동,564,58.65,,65000,0,7,9,2010,신규,26.07~28.07,,,,,
마포구,11440,창전동,202607,아파트_전월세,이랜드PEER신촌,창전동,450,17.1491,,5337,28,9,9,2021,갱신,26.08~28.08,5337.0,26.0,,,
마포구,11440,성산동,202607,아파트_전월세,성산시영(유원),성산동,446,59.43,,39000,0,11,8,1986,갱신,26.07~27.07,39000.0,,,,
마포구,11440,성산동,202607,아파트_전월세,성산시영(대우),성산동,446,50.03,,35000,0,10,8,1986,신규,26.09~28.09,,,,,
마포구,11440,중동,202607,아파트_전월세,현대,중동,40-12,114.98,,69000,0,7,9,2000,신규,26.09~28.09,,,,,
마포구,11440,염리동,202607,아파트_전월세,마포자이,염리동,521,113.803,,125000,0,9,8,2003,신규,26.09~28.09,,,,,
마포구,11440,상암동,202607,아파트_전월세,상암월드컵파크9단지,상암동,1752,84.89,,39690,0,10,9,2010,갱신,26.08~28.07,37800.0,,,,
마포구,11440,아현동,202607,아파트_전월세,공덕자이,아현동,800,59.99,,85000,0,2,8,2015,신규,26.09~28.09,,,,,
마포구,11440,대흥동,202607,아파트_전월세,마포자이2차,대흥동,804,118.79,,140000,0,5,1,2014,갱신,26.09~28.09,135000.0,,사용,,
마포구,11440,창전동,202607,아파트_전월세,이랜드PEER신촌,창전동,450,17.296,,5337,28,9,8,2021,갱신,26.08~28.08,5337.0,26.0,,,
마포구,11440,서교동,202607,아파트_전월세,서교동효성해링턴타워,서교동,494,37.17,,13760,74,7,8,2020,갱신,26.10~28.04,13760.0,71.0,사용,,
마포구,11440,망원동,202607,아파트_전월세,신부3차파스카,망원동,495,84.84,,52000,0,2,8,2002,갱신,26.08~28.08,37480.0,,,,
마포구,11440,서교동,202607,아파트_전월세,서교동효성해링턴타워,서교동,494,37.17,,13760,75,5,7,2020,갱신,26.10~28.04,13760.0,72.0,사용,,
마포구,11440,창전동,202607,아파트_전월세,창전래미안,창전동,437,59.94,,44000,50,9,4,1998,신규,26.09~28.09,,,,,
마포구,11440,마포동,202607,아파트_전월세,보성,마포동,442,59.4,,33500,0,2,8,1996,신규,26.09~28.09,,,,,
마포구,11440,성산동,202607,아파트_전월세,노블에비뉴,성산동,668,31.728,,20000,62,7,8,2015,갱신,26.10~28.10,20000.0,55.0,,,
마포구,11440,신공덕동,202607,아파트_전월세,신공덕래미안3차,신공덕동,161,59.96,,53300,0,2,4,2003,갱신,26.08~28.08,50850.0,,,,
마포구,11440,서교동,202607,아파트_전월세,대우미래사랑,서교동,487,34.29,,1000,95,3,6,2005,신규,26.08~28.08,,,,,
마포구,11440,서교동,202607,아파트_전월세,서교동효성해링턴타워,서교동,494,37.17,,13760,75,5,8,2020,갱신,26.10~28.04,13760.0,72.0,사용,,
마포구,11440,중동,202607,아파트_전월세,동원월드타운,중동,395,84.869,,58800,0,1,8,2004,갱신,26.09~28.09,56000.0,,사용,,
마포구,11440,창전동,202607,아파트_전월세,이랜드PEER신촌,창전동,450,17.296,,5322,26,2,7,2021,갱신,26.08~28.08,5322.0,25.0,,,
마포구,11440,도화동,202607,아파트_전월세,우성,도화동,82,111.725,,60000,0,8,7,1991,갱신,26.07~27.01,55000.0,,,,
마포구,11440,대흥동,202607,아파트_전월세,대흥동태영아파트,대흥동,660,84.77,,30000,280,13,7,1999,신규,26.10~28.10,,,,,
마포구,11440,신공덕동,202607,아파트_전월세,신공덕1차삼성래미안1아파트,신공덕동,155,59.76,,30000,160,3,4,2000,신규,26.09~28.09,,,,,
마포구,11440,신수동,202607,아파트_전월세,밤섬경남아너스빌,신수동,459,84.83,,30000,150,8,4,2009,신규,26.08~28.08,,,,,
마포구,11440,신공덕동,202607,아파트_전월세,브라운스톤공덕아파트,신공덕동,170,84.98,,55000,200,18,2,2009,신규,26.08~28.08,,,,,
마포구,11440,창전동,202607,아파트_전월세,이랜드PEER신촌,창전동,450,17.296,,5152,27,8,8,2021,갱신,26.08~28.08,5152.0,26.0,,,
마포구,11440,상암동,202607,아파트_전월세,상암월드컵파크2단지,상암동,1637,59.92,,55000,0,1,4,2003,갱신,26.08~28.08,50000.0,,,,
마포구,11440,성산동,202607,아파트_전월세,노블에비뉴,성산동,668,31.728,,20000,51,5,7,2015,신규,26.09~28.09,,,,,
마포구,11440,신수동,202607,아파트_전월세,신촌숲아이파크,신수동,462,59.751,,89250,0,6,7,2019,갱신,26.09~28.09,85000.0,,사용,,
마포구,11440,신수동,202607,아파트_전월세,밤섬경남아너스빌,신수동,459,84.83,,83000,0,7,7,2009,신규,26.09~29.12,,,,,
마포구,11440,대흥동,202607,아파트_전월세,대흥동세양,대흥동,802,84.6,,57750,50,3,4,2000,갱신,26.07~28.07,55000.0,50.0,,,
마포구,11440,성산동,202607,아파트_전월세,세원,성산동,142-9,59.87,,40000,0,8,7,1996,신규,26.09~28.09,,,,,
마포구,11440,서교동,202607,아파트_전월세,서교동효성해링턴타워,서교동,494,17.93,,5350,44,18,7,2020,신규,26.09~28.04,,,,,
마포구,11440,공덕동,202607,아파트_전월세,마포현대,공덕동,188-108,59.95,,40000,0,15,6,1988,신규,26.09~28.09,,,,,
마포구,11440,상암동,202607,아파트_전월세,상암월드컵파크9단지,상암동,1752,59.73,,9559,15,10,7,2010,갱신,26.08~28.07,5617.0,37.0,,,
마포구,11440,노고산동,202607,아파트_전월세,신촌포스빌,노고산동,1-3,29.03,,1000,92,12,7,2004,갱신,26.08~27.08,1000.0,88.0,,,
마포구,11440,염리동,202607,아파트_전월세,마포프레스티지자이,염리동,532,84.9654,,30000,340,5,7,2021,갱신,26.09~28.09,30000.0,320.0,사용,,
마포구,11440,신공덕동,202607,아파트_전월세,공덕프로포즈Ⅱ,신공덕동,15-80,14.03,,12300,15,9,7,2015,신규,26.08~28.08,,,,,
마포구,11440,도화동,202607,아파트_전월세,도화동현대,도화동,357,128.26,,50000,120,10,6,1996,갱신,26.07~29.02,68000.0,,,,
마포구,11440,공덕동,202607,아파트_전월세,마포현대,공덕동,188-108,59.95,,10000,200,8,7,1988,신규,26.08~27.12,,,,,
마포구,11440,성산동,202607,아파트_전월세,성산시영(선경),성산동,446,50.54,,35000,0,4,3,1986,신규,26.08~28.08,,,,,
마포구,11440,아현동,202607,아파트_전월세,공덕자이,아현동,800,114.99,,130000,0,14,6,2015,신규,26.10~28.10,,,,,
마포구,11440,상암동,202607,아파트_전월세,상암월드컵파크7단지,상암동,1660,84.9,,2000,320,13,3,2005,갱신,26.09~27.09,2000.0,295.0,,,
마포구,11440,대흥동,202607,아파트_전월세,마포그랑자이,대흥동,806,59.96,,94000,0,9,4,2020,신규,26.09~28.09,,,,,
마포구,11440,상암동,202607,아파트_전월세,상암월드컵파크10단지,상암동,1736,84.66,,40000,67,8,3,2010,갱신,26.09~28.09,40000.0,57.0,사용,,
마포구,11440,성산동,202607,아파트_전월세,성산시영(대우),성산동,446,50.03,,25000,20,6,6,1986,신규,26.09~28.09,,,,,
마포구,11440,염리동,202607,아파트_전월세,마포프레스티지자이,염리동,532,59.7848,,86100,0,9,6,2021,갱신,26.07~27.08,86000.0,,,,
마포구,11440,서교동,202607,아파트_전월세,서교동효성해링턴타워,서교동,494,37.17,,3060,118,14,6,2020,갱신,26.10~28.04,3060.0,114.0,사용,,
마포구,11440,아현동,202607,아파트_전월세,더클래시,아현동,804,84.98,,110000,0,12,6,2022,갱신,26.09~28.09,105000.0,,사용,,
마포구,11440,창전동,202607,아파트_전월세,이랜드PEER신촌,창전동,450,17.1491,,4003,30,13,6,2021,갱신,26.08~28.08,4003.0,29.0,,,
마포구,11440,창전동,202607,아파트_전월세,이랜드PEER신촌,창전동,450,17.296,,5337,28,9,6,2021,갱신,26.08~28.08,5337.0,26.0,,,
마포구,11440,성산동,202607,아파트_전월세,성산시영(대우),성산동,446,50.03,,32000,0,4,3,1986,신규,26.08~28.08,,,,,
마포구,11440,신수동,202607,아파트_전월세,힐스테이트마포더퍼스트,신수동,91-90,84.07,,100000,0,7,6,2026,신규,26.09~28.09,,,,,
마포구,11440,성산동,202607,아파트_전월세,성산시영(대우),성산동,446,50.03,,30000,0,14,5,1986,신규,26.09~28.09,,,,,
마포구,11440,상암동,202607,아파트_전월세,상암월드컵파크9단지,상암동,1752,84.89,,55540,0,9,3,2010,갱신,26.07~28.07,52900.0,,,,
마포구,11440,망원동,202607,아파트_전월세,강변타운,망원동,490,59.85,,40000,0,2,6,2000,신규,26.07~28.07,,,,,
마포구,11440,서교동,202607,아파트_전월세,메세나폴리스,서교동,490,59.839,,4388,8,9,6,2012,갱신,26.08~28.07,2418.0,19.0,,,
마포구,11440,신수동,202607,아파트_전월세,마포경남아너스빌,신수동,456,84.95,,15000,220,4,2,2007,갱신,26.08~28.08,15000.0,194.0,,,
마포구,11440,아현동,202607,아파트_전월세,마포래미안푸르지오1단지,아현동,777,36.9796,,3371,17,14,6,2014,신규,26.07~28.09,,,,,
마포구,11440,성산동,202607,아파트_전월세,노블에비뉴,성산동,668,33.523,,19000,39,7,4,2015,신규,26.08~28.09,,,,,
마포구,11440,상암동,202607,아파트_전월세,상암월드컵파크10단지,상암동,1736,49.71,,8139,14,1,4,2010,갱신,26.08~28.07,4817.0,32.0,,,
마포구,11440,망원동,202607,아파트_전월세,성원2,망원동,489,59.43,,50000,0,2,6,1999,신규,26.07~28.07,,,,,
마포구,11440,아현동,202607,아파트_전월세,마포래미안푸르지오1단지,아현동,777,84.5978,,97650,0,3,4,2014,갱신,26.09~28.09,93000.0,,사용,,
마포구,11440,용강동,202607,아파트_전월세,이편한세상마포리버파크,용강동,508,39.86,,3591,19,8,6,2016,신규,26.07~28.09,,,,,
마포구,11440,상암동,202607,아파트_전월세,상암월드컵파크7단지,상암동,1660,104.77,,72000,0,9,1,2005,갱신,26.07~27.07,72000.0,,사용,,
마포구,11440,신공덕동,202607,아파트_전월세,신공덕1차삼성래미안1아파트,신공덕동,155,84.9,,76100,0,8,4,2000,갱신,26.09~28.09,72500.0,,사용,,
마포구,11440,아현동,202607,아파트_전월세,공덕자이,아현동,800,59.99,,25000,200,3,4,2015,신규,26.08~28.08,,,,,
마포구,11440,용강동,202607,아파트_전월세,이편한세상마포리버파크,용강동,508,123.44,,84000,260,2,5,2016,갱신,26.09~28.09,80000.0,250.0,사용,,
마포구,11440,상암동,202607,아파트_전월세,상암월드컵파크10단지,상암동,1736,59.73,,53000,0,4,4,2010,갱신,26.11~27.01,53000.0,,,,
마포구,11440,아현동,202607,아파트_전월세,마포래미안푸르지오2단지,아현동,777,114.588,,130000,0,3,3,2014,신규,26.08~28.08,,,,,
마포구,11440,마포동,202607,아파트_전월세,강변한신코아,마포동,350,51.48,,4000,150,8,4,1992,신규,26.08~28.08,,,,,
마포구,11440,아현동,202607,아파트_전월세,마포래미안푸르지오4단지,아현동,777,36.9796,,3371,17,4,6,2014,신규,26.07~28.09,,,,,
마포구,11440,성산동,202607,아파트_전월세,월드컵아이파크(666-0),성산동,666,94.32,,70000,0,8,4,2008,갱신,26.08~27.04,65000.0,,,,
마포구,11440,합정동,202607,아파트_전월세,마포한강2차푸르지오,합정동,473,83.45,,80000,165,16,3,2016,갱신,26.09~28.09,60000.0,165.0,,,
마포구,11440,공덕동,202607,아파트_전월세,공덕1삼성래미안,공덕동,371,59.74,,57700,0,21,4,1999,신규,26.08~28.08,,,,,
마포구,11440,아현동,202607,아파트_전월세,더클래시,아현동,804,43.27,,63000,0,8,4,2022,갱신,26.08~28.08,60000.0,,사용,,
마포구,11440,염리동,202607,아파트_전월세,마포프레스티지자이,염리동,532,59.8397,,70000,79,2,4,2021,갱신,26.07~28.07,70000.0,60.0,사용,,
마포구,11440,신수동,202607,아파트_전월세,밤섬경남아너스빌,신수동,459,84.83,,79000,0,7,4,2009,신규,26.09~28.09,,,,,
마포구,11440,현석동,202607,아파트_전월세,래미안웰스트림,현석동,225,84.98,,78750,0,22,3,2016,갱신,26.07~28.07,75000.0,,사용,,
마포구,11440,마포동,202607,아파트_전월세,마포쌍용황금아파트,마포동,253,59.9,,59500,0,6,4,2000,신규,26.09~28.09,,,,,
마포구,11440,공덕동,202607,아파트_전월세,공덕SK리더스뷰,공덕동,479,115.61,,130000,20,9,2,2021,갱신,26.07~28.07,130000.0,,사용,,
마포구,11440,아현동,202607,아파트_전월세,마포래미안푸르지오2단지,아현동,777,59.9656,,60000,100,13,2,2014,갱신,26.07~28.07,77000.0,,,,
마포구,11440,합정동,202607,아파트_전월세,리버아인,합정동,396-8,84.36,,52500,0,4,3,2003,갱신,26.08~28.08,50000.0,,사용,,
마포구,11440,아현동,202607,아파트_전월세,마포래미안푸르지오4단지,아현동,777,84.3884,,120000,0,15,2,2014,신규,26.09~28.09,,,,,
마포구,11440,신정동,202607,아파트_전월세,서강GS,신정동,30,59.98,,20000,160,18,3,1999,신규,26.08~28.08,,,,,
마포구,11440,성산동,202607,아파트_전월세,성산시영(대우),성산동,446,50.03,,35000,0,9,3,1986,갱신,26.07~28.07,34000.0,,사용,,
마포구,11440,서교동,202607,아파트_전월세,센트레,서교동,453-15,81.35,,46000,0,4,3,2002,갱신,26.07~28.07,44000.0,,사용,,
마포구,11440,신공덕동,202607,아파트_전월세,신공덕래미안3차,신공덕동,161,59.96,,73000,0,16,3,2003,갱신,26.07~28.07,70000.0,,,,
마포구,11440,염리동,202607,아파트_전월세,중앙하이츠,염리동,161-1,60,,63000,0,3,1,1998,갱신,26.08~27.08,60000.0,,사용,,
마포구,11440,중동,202607,아파트_전월세,울트라월드컵(참누리),중동,398,84.9572,,75000,0,22,1,2006,신규,26.09~28.09,,,,,
마포구,11440,염리동,202607,아파트_전월세,마포자이더센트리지(102동~112동),염리동,533,84.866,,105000,0,9,3,2022,신규,26.09~28.09,,,,,
마포구,11440,용강동,202607,아파트_전월세,이편한세상마포리버파크,용강동,508,84.98,,125000,0,9,2,2016,신규,26.11~28.11,,,,,
마포구,11440,성산동,202607,아파트_전월세,성산시영(대우),성산동,446,50.03,,28000,20,6,2,1986,갱신,26.07~28.07,28000.0,,,,
마포구,11440,상암동,202607,아파트_전월세,상암월드컵파크10단지,상암동,1736,49.58,,2064,38,10,2,2010,갱신,26.08~28.07,4817.0,32.0,,,
마포구,11440,염리동,202607,아파트_전월세,마포자이,염리동,521,113.803,,90000,0,1,1,2003,갱신,26.07~28.07,70000.0,,,,
마포구,11440,창전동,202607,아파트_전월세,해모로,창전동,443,83.85,,40000,180,11,2,2007,신규,26.08~28.08,,,,,
마포구,11440,중동,202607,아파트_전월세,현대,중동,40-12,84.94,,50000,20,14,1,2000,갱신,26.07~28.07,50000.0,,,,
마포구,11440,성산동,202607,아파트_전월세,성산시영(대우),성산동,446,50.03,,33000,0,10,1,1986,신규,26.08~28.08,,,,,
마포구,11440,도화동,202607,아파트_전월세,마포트라팰리스,도화동,559,84.02,,85000,0,10,1,2006,신규,26.10~28.09,,,,,
마포구,11440,창전동,202607,아파트_전월세,신촌태영데시앙,창전동,439,84.97,,70000,0,2,2,2003,신규,26.10~28.10,,,,,
마포구,11440,아현동,202607,아파트_전월세,마포래미안푸르지오3단지,아현동,777,59.9796,,35000,190,12,2,2014,갱신,26.08~28.08,35000.0,160.0,,,
마포구,11440,아현동,202607,아파트_전월세,마포래미안푸르지오4단지,아현동,777,84.8919,,110000,0,3,1,2014,신규,26.08~28.08,,,,,
마포구,11440,성산동,202607,아파트_전월세,성산시영(대우),성산동,446,50.03,,27000,0,10,2,1986,신규,26.09~28.09,,,,,
마포구,11440,창전동,202607,아파트_전월세,신촌태영데시앙,창전동,439,84.97,,50000,80,1,1,2003,신규,26.07~28.07,,,,,
마포구,11440,아현동,202607,아파트_전월세,마포래미안푸르지오4단지,아현동,777,114.588,,126000,0,7,1,2014,갱신,26.08~28.08,120000.0,,사용,,
마포구,11440,토정동,202607,아파트_전월세,한강삼성,토정동,138,59.76,,57825,0,18,1,1997,신규,26.08~28.08,,,,,
마포구,11440,염리동,202607,아파트_전월세,마포프레스티지자이,염리동,532,59.8772,,60000,130,23,2,2021,신규,26.07~28.02,,,,,
마포구,11440,서교동,202607,아파트_전월세,서교동효성해링턴타워,서교동,494,37.17,,13760,76,16,1,2020,신규,26.08~28.04,,,,,
마포구,11440,아현동,202607,아파트_전월세,더클래시,아현동,804,43.27,,60000,0,1,1,2022,신규,26.09~28.09,,,,,
마포구,11440,노고산동,202607,아파트_전월세,신촌포스빌,노고산동,1-3,29.03,,500,110,6,1,2004,신규,26.08~26.10,,,,,
마포구,11440,현석동,202607,아파트_전월세,밤섬힐스테이트,현석동,220,59.4,,70000,0,7,1,1999,신규,26.09~28.09,,,,,
마포구,11440,성산동,202607,오피스텔_매매,상암 카리스 다올림 오피스텔,성산동,593-11,21.96,18600,,,3,20,2018,,,,,,직거래,
마포구,11440,신공덕동,202607,오피스텔_매매,메트로디오빌,신공덕동,167,40.3,35000,,,18,31,2005,,,,,,중개거래,
마포구,11440,아현동,202607,오피스텔_매매,마포 에스케이 허브 블루,아현동,737,30.905,20400,,,17,25,2006,,,,,,중개거래,
마포구,11440,아현동,202607,오피스텔_매매,아현 라온빌,아현동,709,25.19,25500,,,2,30,2020,,,,,,중개거래,
마포구,11440,도화동,202607,오피스텔_매매,삼창주택,도화동,173,26.14,15900,,,13,31,1987,,,,,,중개거래,
마포구,11440,성산동,202607,오피스텔_매매,벽산상암스마트큐브,성산동,593-1,19.2,13800,,,15,28,2017,,,,,,중개거래,
마포구,11440,공덕동,202607,오피스텔_매매,마포공덕파크팰리스Ⅱ,공덕동,462,42.5,41800,,,12,30,2005,,,,,,중개거래,
마포구,11440,공덕동,202607,오피스텔_매매,마포 신영 지웰,공덕동,461,28.5,26900,,,10,29,2004,,,,,,중개거래,
마포구,11440,도화동,202607,오피스텔_매매,마포트라팰리스,도화동,559,80.3,113200,,,23,10,2006,,,,,,중개거래,
마포구,11440,동교동,202607,오피스텔_매매,효성홍익인간오피스텔,동교동,155-27,32.25,24700,,,13,29,2004,,,,,,중개거래,
마포구,11440,공덕동,202607,오피스텔_매매,공덕푸르지오시티,공덕동,475,32.071,26500,,,4,25,2013,,,,,,중개거래,
마포구,11440,상암동,202607,오피스텔_매매,상암 오벨리스크 2차,상암동,1748,24.2,13500,,,10,25,2014,,,,,,중개거래,
마포구,11440,합정동,202607,오피스텔_매매,마포 한강 2차 푸르지오,합정동,473,23.43,27500,,,14,10,2016,,,,,,중개거래,
마포구,11440,성산동,202607,오피스텔_매매,금창타워,성산동,123-8,17.91,13500,,,5,24,2004,,,,,,중개거래,
마포구,11440,성산동,202607,오피스텔_매매,상암미르웰한올림,성산동,593-5,16.36,15000,,,6,4,2018,,,,,,중개거래,
마포구,11440,신공덕동,202607,오피스텔_매매,메트로디오빌,신공덕동,167,39.11,40000,,,5,25,2005,,,,,,중개거래,
마포구,11440,공덕동,202607,오피스텔_매매,풍림브이아이피텔,공덕동,404,30.89,14300,,,16,16,1990,,,,,,중개거래,
마포구,11440,마포동,202607,오피스텔_매매,나루,마포동,450,82.82,178000,,,19,13,2022,,,,,,중개거래,
마포구,11440,신공덕동,202607,오피스텔_매매,마포케이씨씨웰츠타워,신공덕동,171,30.98,31000,,,4,16,2011,,,,,,중개거래,
마포구,11440,도화동,202607,오피스텔_매매,마포트라팰리스,도화동,559,92.91,159000,,,28,8,2006,,,,,,중개거래,
마포구,11440,동교동,202607,오피스텔_매매,효성홍익인간오피스텔,동교동,155-27,32.25,24500,,,12,24,2004,,,,,,중개거래,
마포구,11440,노고산동,202607,오피스텔_매매,아이바타워,노고산동,106-5,19.56,12500,,,12,22,2006,,,,,,중개거래,
마포구,11440,서교동,202607,오피스텔_매매,(393-5),서교동,393-5,52.18,29000,,,14,22,1999,,,,,,직거래,
마포구,11440,공덕동,202607,오피스텔_매매,마포현대하이엘,공덕동,463,31.375,23400,,,16,19,2005,,,,,,중개거래,
마포구,11440,동교동,202607,오피스텔_매매,파라다이스텔,동교동,159-6,34.86,27000,,,11,6,2003,,,,,,중개거래,
마포구,11440,합정동,202607,오피스텔_매매,스퀘어리버뷰합정,합정동,382-20,21.245,33200,,,19,22,2021,,,,,,중개거래,
마포구,11440,성산동,202607,오피스텔_매매,이안상암,성산동,591-1,60.62,49000,,,10,8,2005,,,,,,중개거래,
마포구,11440,상암동,202607,오피스텔_매매,상암 한화 오벨리스크,상암동,1734,24.22,10700,,,9,16,2013,,,,,,중개거래,
마포구,11440,아현동,202607,오피스텔_매매,마포 에스케이 허브 블루,아현동,737,30.905,18800,,,11,11,2006,,,,,,중개거래,
마포구,11440,아현동,202607,오피스텔_매매,마포 에스케이 허브 블루,아현동,737,33.699,21800,,,13,1,2006,,,,,,중개거래,
마포구,11440,동교동,202607,오피스텔_매매,효성홍익인간오피스텔,동교동,155-27,32.25,24000,,,4,22,2004,,,,,,중개거래,
마포구,11440,공덕동,202607,오피스텔_매매,마포현대하이엘,공덕동,463,31.375,22900,,,9,18,2005,,,,,,중개거래,
마포구,11440,공덕동,202607,오피스텔_매매,마포현대하이엘,공덕동,463,31.375,20700,,,4,2,2005,,,,,,중개거래,
마포구,11440,도화동,202607,오피스텔_매매,에스케이허브그린,도화동,556,27.79,22500,,,14,13,2005,,,,,,중개거래,
마포구,11440,도화동,202607,오피스텔_매매,마포트라팰리스,도화동,559,106.47,123000,,,3,10,2006,,,,,,중개거래,
마포구,11440,상암동,202607,오피스텔_매매,상암 오벨리스크 2차,상암동,1748,24.2,14000,,,9,14,2014,,,,,,중개거래,
마포구,11440,서교동,202607,오피스텔_매매,서교타워,서교동,353-1,37.12,18500,,,6,3,1999,,,,,,직거래,
마포구,11440,공덕동,202607,오피스텔_매매,공덕푸르지오시티,공덕동,475,36.686,30500,,,9,12,2013,,,,,,중개거래,
마포구,11440,신공덕동,202607,오피스텔_매매,펜트라우스,신공덕동,172,41.83,47000,,,11,13,2011,,,,,,중개거래,
마포구,11440,아현동,202607,오피스텔_매매,마포 에스케이 허브 블루,아현동,737,30.058,15000,,,9,13,2006,,,,,,직거래,
마포구,11440,상암동,202607,오피스텔_매매,상암 한화 오벨리스크,상암동,1734,19.93,9200,,,4,13,2013,,,,,,중개거래,
마포구,11440,상암동,202607,오피스텔_매매,사보이시티디엠씨,상암동,1597,21.65,13150,,,9,3,2016,,,,,,중개거래,
마포구,11440,아현동,202607,오피스텔_매매,효성인텔리안,아현동,733,25.75,17200,,,20,9,2005,,,,,,중개거래,
마포구,11440,상수동,202607,오피스텔_매매,로하스타워,상수동,93-45,30.42,22000,,,6,3,2007,,,,,,중개거래,
마포구,11440,공덕동,202607,오피스텔_매매,풍림브이아이피텔,공덕동,404,30.89,14000,,,14,9,1990,,,,,,중개거래,
마포구,11440,도화동,202607,오피스텔_매매,삼창주택,도화동,173,37.62,24500,,,13,3,1987,,,,,,중개거래,
마포구,11440,도화동,202607,오피스텔_매매,삼창주택,도화동,173,26.13,15800,,,11,1,1987,,,,,,중개거래,
마포구,11440,도화동,202607,오피스텔_매매,마포태영데시앙루브,도화동,560,71.95,71000,,,13,8,2006,,,,,,중개거래,O
마포구,11440,도화동,202607,오피스텔_매매,마포태영데시앙루브,도화동,560,71.95,71000,,,13,2,2006,,,,,,중개거래,
마포구,11440,창전동,202607,오피스텔_매매,세방테크빌,창전동,402-17,20.3,11300,,,3,6,2002,,,,,,중개거래,
마포구,11440,상암동,202607,오피스텔_매매,상암 오벨리스크 2차,상암동,1748,24.2,13000,,,2,4,2014,,,,,,중개거래,
마포구,11440,상암동,202607,오피스텔_매매,상암 한화 오벨리스크,상암동,1734,19.93,9300,,,6,4,2013,,,,,,중개거래,
마포구,11440,창전동,202607,오피스텔_매매,세방테크빌,창전동,402-17,20.3,11000,,,6,2,2002,,,,,,중개거래,
마포구,11440,성산동,202607,오피스텔_매매,KCC상암스튜디오380,성산동,590-4,20.35,14800,,,9,4,2014,,,,,,중개거래,
마포구,11440,공덕동,202607,오피스텔_매매,에스테반 오피스텔,공덕동,16-10,18.83,11800,,,6,4,,,,,,,중개거래,
마포구,11440,동교동,202607,오피스텔_매매,효성홍익인간오피스텔,동교동,155-27,32.25,24000,,,15,6,2004,,,,,,중개거래,
마포구,11440,성산동,202607,오피스텔_매매,상암미르웰한올림,성산동,593-5,16.36,14450,,,11,4,2018,,,,,,중개거래,
마포구,11440,신공덕동,202607,오피스텔_매매,블루마리오피스텔,신공덕동,3-3,17.73,15400,,,14,4,2017,,,,,,중개거래,O
마포구,11440,망원동,202607,연립다세대_매매,(57-404),망원동,57-404,46.28,39500,,,1,20,1993,,,,,,중개거래,
마포구,11440,서교동,202607,연립다세대_매매,로얄캐슬A동,서교동,468-7,59.53,54000,,,4,31,2014,,,,,,중개거래,
마포구,11440,망원동,202607,연립다세대_매매,유진빌라,망원동,431-4,61.39,54000,,,2,30,2008,,,,,,중개거래,
마포구,11440,합정동,202607,연립다세대_매매,한강빌라(372-39),합정동,372-39,33.7,48000,,,2,30,1987,,,,,,중개거래,
마포구,11440,성산동,202607,연립다세대_매매,보영빌라,성산동,37-4,99.61,63000,,,2,23,1997,,,,,,중개거래,
마포구,11440,상수동,202607,연립다세대_매매,상수그린파크빌,상수동,335-10,46.9,74500,,,3,27,2008,,,,,,중개거래,
마포구,11440,성산동,202607,연립다세대_매매,장성그랑빌,성산동,81,80.37,44000,,,3,17,2009,,,,,,직거래,
마포구,11440,서교동,202607,연립다세대_매매,서교동그레이스빌,서교동,442-3,29.99,25300,,,2,25,2016,,,,,,중개거래,
마포구,11440,상수동,202607,연립다세대_매매,(93-24),상수동,93-24,42.63,31900,,,2,29,1986,,,,,,중개거래,
마포구,11440,망원동,202607,연립다세대_매매,(475-67),망원동,475-67,37.06,39800,,,2,16,1989,,,,,,중개거래,
마포구,11440,망원동,202607,연립다세대_매매,진영빌라,망원동,431-15,50.5,39500,,,2,18,1990,,,,,,중개거래,
마포구,11440,현석동,202607,연립다세대_매매,밤섬쉐르빌,현석동,170-1,28.59,45000,,,4,16,2021,,,,,,중개거래,
마포구,11440,성산동,202607,연립다세대_매매,골든팰리스,성산동,23-16,36.21,55500,,,5,15,2017,,,,,,중개거래,
마포구,11440,합정동,202607,연립다세대_매매,동양하이츠빌,합정동,443-11,55.55,42000,,,2,6,2002,,,,,,직거래,
마포구,11440,상암동,202607,연립다세대_매매,상암파크빌,상암동,19-8,13.72,10800,,,2,28,2012,,,,,,중개거래,
마포구,11440,합정동,202607,연립다세대_매매,한올빌라C,합정동,375-22,33.46,34900,,,-1,15,1990,,,,,,중개거래,
마포구,11440,망원동,202607,연립다세대_매매,대명이튼캐슬,망원동,519,29.44,40000,,,4,29,2017,,,,,,중개거래,
마포구,11440,상수동,202607,연립다세대_매매,리버파크빌,상수동,341-15,19.8,65000,,,4,20,2023,,,,,,중개거래,
마포구,11440,망원동,202607,연립다세대_매매,진주빌라,망원동,431-13,54.12,39500,,,2,31,1996,,,,,,중개거래,
마포구,11440,합정동,202607,연립다세대_매매,아스테리온,합정동,429-1,25.68,49100,,,5,9,2022,,,,,,중개거래,
마포구,11440,망원동,202607,연립다세대_매매,동교센터빌,망원동,433-22,48.96,58000,,,3,20,2020,,,,,,중개거래,
마포구,11440,성산동,202607,연립다세대_매매,대성빌라A동,성산동,214-63,33.36,44500,,,1,28,1989,,,,,,중개거래,
마포구,11440,중동,202607,연립다세대_매매,동원데쟈뷰,중동,123,41.79,68000,,,2,18,2022,,,,,,중개거래,
마포구,11440,상수동,202607,연립다세대_매매,예인아트빌,상수동,353-3,88.49,59000,,,2,10,2009,,,,,,중개거래,
마포구,11440,성산동,202607,연립다세대_매매,영인빌라,성산동,165-87,35.64,33000,,,-1,30,1992,,,,,,중개거래,
마포구,11440,노고산동,202607,연립다세대_매매,글로리하우스,노고산동,12-164,14.37,50000,,,5,24,2019,,,,,,중개거래,
마포구,11440,성산동,202607,연립다세대_매매,(221-4),성산동,221-4,44.08,45900,,,-1,8,1994,,,,,,중개거래,
마포구,11440,성산동,202607,연립다세대_매매,동신빌라나동,성산동,74-12,39.15,19500,,,-1,16,1989,,,,,,중개거래,
마포구,11440,망원동,202607,연립다세대_매매,서울빌라,망원동,429-22,35.04,31800,,,4,28,1994,,,,,,중개거래,
마포구,11440,연남동,202607,연립다세대_매매,필하우스,연남동,564-33,36.12,28000,,,3,28,2003,,,,,,중개거래,
마포구,11440,성산동,202607,연립다세대_매매,M팰리스,성산동,92-18,76.53,46500,,,5,23,2009,,,,,,중개거래,
마포구,11440,망원동,202607,연립다세대_매매,브라이튼망원,망원동,407-4,28.17,44500,,,2,20,2022,,,,,,중개거래,
마포구,11440,망원동,202607,연립다세대_매매,동남빌라,망원동,424-21,41.14,33000,,,2,25,1991,,,,,,중개거래,
마포구,11440,성산동,202607,연립다세대_매매,어반하우스,성산동,81-24,42.17,47000,,,6,24,2017,,,,,,중개거래,
마포구,11440,성산동,202607,연립다세대_매매,소노하우스,성산동,134-17,46.24,42000,,,6,20,2017,,,,,,중개거래,
마포구,11440,망원동,202607,연립다세대_매매,(459-4),망원동,459-4,46.77,78000,,,2,11,1983,,,,,,중개거래,
마포구,11440,성산동,202607,연립다세대_매매,동양하우징,성산동,24-19,29.72,52000,,,4,24,2018,,,,,,중개거래,
마포구,11440,상암동,202607,연립다세대_매매,상암파크빌,상암동,19-8,15.1,11100,,,5,18,2012,,,,,,중개거래,
마포구,11440,합정동,202607,연립다세대_매매,합정더힐하우스,합정동,394-4,44.16,59500,,,2,7,2015,,,,,,중개거래,
마포구,11440,노고산동,202607,연립다세대_매매,엠버하우스4차,노고산동,19-66,18.19,50000,,,4,20,2019,,,,,,중개거래,
마포구,11440,합정동,202607,연립다세대_매매,삼호빌라,합정동,361-9,33.11,51000,,,1,24,1988,,,,,,중개거래,
마포구,11440,성산동,202607,연립다세대_매매,소노하우스성산3차,성산동,134-15,29.51,29800,,,2,24,2018,,,,,,중개거래,
마포구,11440,연남동,202607,연립다세대_매매,(229-14),연남동,229-14,46.08,28500,,,1,3,1992,,,,,,중개거래,
마포구,11440,망원동,202607,연립다세대_매매,진명하이츠빌라(384-3),망원동,384-3,36.84,33500,,,1,6,1989,,,,,,중개거래,
마포구,11440,대흥동,202607,연립다세대_매매,대흥서진팰리스,대흥동,554-1,27.78,50000,,,4,19,2019,,,,,,중개거래,
마포구,11440,망원동,202607,연립다세대_매매,노블캐슬,망원동,411-42,42.63,39000,,,3,6,2016,,,,,,직거래,
마포구,11440,망원동,202607,연립다세대_매매,반석하이츠빌라,망원동,459-7,67.06,85000,,,1,21,1993,,,,,,직거래,
마포구,11440,연남동,202607,연립다세대_매매,(504-7),연남동,504-7,14.85,12000,,,4,21,2012,,,,,,중개거래,
마포구,11440,연남동,202607,연립다세대_매매,(504-7),연남동,504-7,14.03,12000,,,3,21,2012,,,,,,중개거래,
마포구,11440,중동,202607,연립다세대_매매,가우디,중동,129,57.39,50000,,,1,20,2015,,,,,,중개거래,
마포구,11440,망원동,202607,연립다세대_매매,소이연빌리지(486-34),망원동,486-34,30.84,27000,,,4,22,2008,,,,,,중개거래,
마포구,11440,아현동,202607,연립다세대_매매,하늘채빌리지,아현동,747-2,28.93,71000,,,4,3,2019,,,,,,중개거래,
마포구,11440,합정동,202607,연립다세대_매매,대도빌라1차,합정동,372-20,41.48,52600,,,1,20,1986,,,,,,직거래,
마포구,11440,망원동,202607,연립다세대_매매,강변타운(408-15),망원동,408-15,56.56,39000,,,5,21,2011,,,,,,중개거래,
마포구,11440,서교동,202607,연립다세대_매매,두손베스티움,서교동,473-13,26.98,36400,,,4,16,2017,,,,,,중개거래,
마포구,11440,성산동,202607,연립다세대_매매,하정아트빌,성산동,624-3,50.25,51000,,,2,16,2023,,,,,,중개거래,
마포구,11440,성산동,202607,연립다세대_매매,휴먼빌,성산동,39-4,111.93,65000,,,2,21,2011,,,,,,중개거래,
마포구,11440,신수동,202607,연립다세대_매매,동해그랑빌109동,신수동,429-16,69.77,70300,,,4,11,2002,,,,,,중개거래,
마포구,11440,망원동,202607,연립다세대_매매,서원빌라,망원동,424-1,49.2,37000,,,3,20,1991,,,,,,중개거래,
마포구,11440,대흥동,202607,연립다세대_매매,마포나루타운,대흥동,338-1,55.7,62000,,,4,17,2017,,,,,,중개거래,
마포구,11440,서교동,202607,연립다세대_매매,동덕빌라,서교동,358-77,23.02,27800,,,3,17,1990,,,,,,중개거래,
마포구,11440,용강동,202607,연립다세대_매매,(149-44),용강동,149-44,69.22,24000,,,5,15,2009,,,,,,직거래,
마포구,11440,성산동,202607,연립다세대_매매,서경팰리스(102동),성산동,24-10,18.01,41500,,,4,7,2019,,,,,,중개거래,
마포구,11440,합정동,202607,연립다세대_매매,한솔아트빌,합정동,431-20,44.62,38000,,,4,18,2002,,,,,,중개거래,
마포구,11440,대흥동,202607,연립다세대_매매,대흥모두가,대흥동,371,29.98,32800,,,5,13,2016,,,,,,중개거래,
마포구,11440,망원동,202607,연립다세대_매매,동교아파트(426-34),망원동,426-34,70.4,61000,,,3,7,2004,,,,,,중개거래,
마포구,11440,서교동,202607,연립다세대_매매,(328-1),서교동,328-1,73.51,61000,,,4,2,1999,,,,,,중개거래,
마포구,11440,합정동,202607,연립다세대_매매,파크빌,합정동,437-13,27.16,29500,,,2,2,2011,,,,,,중개거래,
마포구,11440,합정동,202607,연립다세대_매매,강변타운(74-26),합정동,74-26,39.36,67500,,,2,10,1989,,,,,,중개거래,
마포구,11440,합정동,202607,연립다세대_매매,대명피렌체1,합정동,431-23,32.12,37300,,,2,2,2010,,,,,,중개거래,
마포구,11440,망원동,202607,연립다세대_매매,성진센터빌,망원동,435-45,30.04,46000,,,5,14,2018,,,,,,직거래,
마포구,11440,연남동,202607,연립다세대_매매,삼화빌라,연남동,478-2,44.82,19000,,,-1,6,1991,,,,,,중개거래,
마포구,11440,아현동,202607,연립다세대_매매,(722-1),아현동,722-1,25.56,55000,,,1,13,1988,,,,,,중개거래,
마포구,11440,연남동,202607,연립다세대_매매,신도그린빌라,연남동,245-15,40.61,30000,,,4,2,1993,,,,,,중개거래,
마포구,11440,토정동,202607,연립다세대_매매,모던클래식하우스,토정동,3-8,29.04,43800,,,3,8,2018,,,,,,중개거래,
마포구,11440,망원동,202607,연립다세대_매매,현대타운(456-34),망원동,456-34,33.51,45000,,,-1,6,1988,,,,,,중개거래,
마포구,11440,성산동,202607,연립다세대_매매,유동빌리지,성산동,620-4,39.57,26000,,,1,8,1996,,,,,,중개거래,
마포구,11440,신공덕동,202607,연립다세대_매매,위너빌A,신공덕동,5-7,46.68,54400,,,3,11,2015,,,,,,중개거래,
마포구,11440,망원동,202607,연립다세대_매매,부영빌라,망원동,404-28,36.99,38000,,,-1,11,1991,,,,,,중개거래,
마포구,11440,도화동,202607,연립다세대_매매,구인경하우스,도화동,2-11,27.89,79000,,,2,6,2021,,,,,,중개거래,
마포구,11440,합정동,202607,연립다세대_매매,홍익솔루체,합정동,438-1,53.54,68750,,,2,9,2019,,,,,,중개거래,
마포구,11440,서교동,202607,연립다세대_매매,서교동그레이스빌,서교동,442-3,18.99,17500,,,3,9,2016,,,,,,중개거래,
마포구,11440,망원동,202607,연립다세대_매매,엘림빌,망원동,57-413,35.96,25300,,,4,5,2011,,,,,,중개거래,O
마포구,11440,성산동,202607,연립다세대_매매,아비뇽빌라,성산동,586-1,58.83,54000,,,1,6,2002,,,,,,중개거래,
마포구,11440,합정동,202607,연립다세대_매매,성도빌라,합정동,356-20,73.34,67000,,,1,3,1985,,,,,,중개거래,
마포구,11440,상수동,202607,연립다세대_매매,현대하이츠빌라,상수동,339-19,49.68,38000,,,-1,2,1991,,,,,,중개거래,
마포구,11440,망원동,202607,연립다세대_매매,행복한집,망원동,414-101,42.64,29000,,,3,8,2008,,,,,,중개거래,
마포구,11440,연남동,202607,연립다세대_매매,한숲,연남동,478-11,73.34,69000,,,4,3,2010,,,,,,중개거래,
마포구,11440,망원동,202607,연립다세대_매매,에덴빌라(432-26),망원동,432-26,61.84,44700,,,1,6,1997,,,,,,중개거래,
마포구,11440,연남동,202607,연립다세대_매매,라센트라연남,연남동,361-10,48.83,64700,,,4,2,2022,,,,,,직거래,
마포구,11440,망원동,202607,연립다세대_매매,노블캐슬,망원동,411-42,42.63,37800,,,3,6,2016,,,,,,중개거래,O
마포구,11440,성산동,202607,연립다세대_매매,자슬린하우스,성산동,20-5,50.86,51500,,,3,4,2017,,,,,,중개거래,
마포구,11440,창전동,202607,연립다세대_매매,의준빌라트,창전동,6-48,66.78,41000,,,4,4,1995,,,,,,중개거래,
마포구,11440,연남동,202607,연립다세대_매매,한숲빌라,연남동,226-11,45.88,52000,,,4,3,2012,,,,,,중개거래,
마포구,11440,합정동,202607,연립다세대_매매,이에스한강포레B,합정동,453-13,29.99,60000,,,5,2,2024,,,,,,중개거래,
마포구,11440,합정동,202607,연립다세대_매매,동광팰리스,합정동,450-12,17.49,20000,,,4,2,2013,,,,,,중개거래,
마포구,11440,대흥동,202607,연립다세대_매매,디어하우스,대흥동,3-24,18.44,72000,,,5,1,2021,,,,,,중개거래,
마포구,11440,합정동,202607,연립다세대_매매,강변타운(74-28),합정동,74-28,34.47,56000,,,1,2,1989,,,,,,중개거래,
마포구,11440,망원동,202607,아파트_매매,휴먼빌,망원동,509,59.955,104000,,,7,31,2004,,,,,,중개거래,
마포구,11440,신공덕동,202607,아파트_매매,펜트라우스,신공덕동,172,84.95,200000,,,7,20,2011,,,,,,중개거래,
마포구,11440,도화동,202607,아파트_매매,삼성,도화동,550,84.985,202000,,,9,30,1997,,,,,,중개거래,
마포구,11440,아현동,202607,아파트_매매,마포래미안푸르지오2단지,아현동,777,114.2802,308000,,,21,18,2014,,,,,,중개거래,
마포구,11440,합정동,202607,아파트_매매,펠리스아트빌,합정동,200-1,99.6,114000,,,6,21,2003,,,,,,중개거래,
마포구,11440,공덕동,202607,아파트_매매,마포현대,공덕동,188-108,84.87,125000,,,2,14,1988,,,,,,직거래,
마포구,11440,서교동,202607,아파트_매매,서교푸르지오,서교동,486,92.448,120000,,,5,29,2004,,,,,,중개거래,
마포구,11440,망원동,202607,아파트_매매,미원2,망원동,433-9,79.74,74500,,,1,2,1997,,,,,,중개거래,
마포구,11440,성산동,202607,아파트_매매,성산시영(선경),성산동,446,50.54,155000,,,14,31,1986,,,,,,중개거래,
마포구,11440,신수동,202607,아파트_매매,밤섬경남아너스빌,신수동,459,84.83,186000,,,18,18,2009,,,,,,중개거래,
마포구,11440,도화동,202607,아파트_매매,한화오벨리스크,도화동,555,49.87,85000,,,13,16,2004,,,,,,중개거래,
마포구,11440,합정동,202607,아파트_매매,KCC엠파이어리버,합정동,381-16,156.13,213000,,,8,11,2006,,,,,,중개거래,
마포구,11440,망원동,202607,아파트_매매,솔루체,망원동,439-1,57.92,75000,,,6,31,2021,,,,,,중개거래,
마포구,11440,공덕동,202607,아파트_매매,공덕1삼성래미안,공덕동,371,84.94,218000,,,22,31,1999,,,,,,중개거래,
마포구,11440,서교동,202607,아파트_매매,서교푸르지오,서교동,486,92.564,121500,,,7,12,2004,,,,,,중개거래,
마포구,11440,아현동,202607,아파트_매매,마포래미안푸르지오1단지,아현동,777,59.9236,218000,,,9,31,2014,,,,,,중개거래,
마포구,11440,서교동,202607,아파트_매매,대우미래사랑,서교동,487,29.35,31000,,,11,30,2005,,,,,,중개거래,
마포구,11440,도화동,202607,아파트_매매,우성,도화동,82,128.315,200000,,,7,29,1991,,,,,,중개거래,
마포구,11440,망원동,202607,아파트_매매,휴먼빌,망원동,509,59.955,104000,,,7,31,2004,,,,,,중개거래,O
마포구,11440,도화동,202607,아파트_매매,삼성,도화동,550,84.985,202000,,,9,30,1997,,,,,,중개거래,O
마포구,11440,창전동,202607,아파트_매매,대원파크빌,창전동,6-31,65.78,60000,,,7,30,2004,,,,,,중개거래,
마포구,11440,염리동,202607,아파트_매매,마포프레스티지자이,염리동,532,84.9472,280000,,,14,30,2021,,,,,,중개거래,
마포구,11440,중동,202607,아파트_매매,울트라월드컵(참누리),중동,398,84.9572,144000,,,23,25,2006,,,,,,중개거래,
마포구,11440,현석동,202607,아파트_매매,강변힐스테이트,현석동,222,114.99,229000,,,13,30,2004,,,,,,중개거래,
마포구,11440,망원동,202607,아파트_매매,성신,망원동,433-3,47.58,44800,,,3,21,1976,,,,,,중개거래,
마포구,11440,노고산동,202607,아파트_매매,신촌포스빌,노고산동,1-3,32.34,24500,,,13,24,2004,,,,,,중개거래,
마포구,11440,공덕동,202607,아파트_매매,공덕2삼성래미안,공덕동,43,59.97,177000,,,3,27,2004,,,,,,중개거래,
마포구,11440,신공덕동,202607,아파트_매매,신공덕1차삼성래미안1아파트,신공덕동,155,84.9,205000,,,17,29,2000,,,,,,중개거래,
마포구,11440,신수동,202607,아파트_매매,신수동성원,신수동,190,59.76,129200,,,7,29,1998,,,,,,중개거래,
마포구,11440,현석동,202607,아파트_매매,강변힐스테이트,현석동,222,59.78,161500,,,11,25,2004,,,,,,중개거래,
마포구,11440,도화동,202607,아파트_매매,우성,도화동,82,79.97,177000,,,5,16,1991,,,,,,중개거래,
마포구,11440,상암동,202607,아파트_매매,상암월드컵파크4단지,상암동,1655,84.7,152000,,,19,5,2006,,,,,,중개거래,
마포구,11440,공덕동,202607,아파트_매매,솔리스타,공덕동,30-10,14.29,16300,,,15,28,2018,,,,,,중개거래,
마포구,11440,신공덕동,202607,아파트_매매,신공덕래미안2차,신공덕동,159,84.73,175000,,,18,28,2000,,,,,,중개거래,
마포구,11440,창전동,202607,아파트_매매,해모로,창전동,443,83.85,195000,,,17,28,2007,,,,,,중개거래,
마포구,11440,도화동,202607,아파트_매매,우성,도화동,82,54.72,153000,,,5,28,1991,,,,,,중개거래,
마포구,11440,중동,202607,아파트_매매,울트라월드컵(참누리),중동,398,84.9406,139500,,,16,28,2006,,,,,,중개거래,
마포구,11440,도화동,202607,아파트_매매,한화오벨리스크,도화동,555,38.88,60000,,,4,18,2004,,,,,,중개거래,
마포구,11440,신공덕동,202607,아파트_매매,신공덕1차삼성래미안1아파트,신공덕동,155,84.9,199000,,,21,27,2000,,,,,,중개거래,
마포구,11440,성산동,202607,아파트_매매,성산월드타운대림,성산동,601,84.549,126500,,,20,15,2004,,,,,,중개거래,
마포구,11440,대흥동,202607,아파트_매매,마포그랑자이,대흥동,806,59.96,223000,,,5,14,2020,,,,,,중개거래,
마포구,11440,성산동,202607,아파트_매매,성산시영(선경),성산동,446,50.54,144300,,,1,12,1986,,,,,,중개거래,
마포구,11440,도화동,202607,아파트_매매,정우상가맨션,도화동,536,64.62,100000,,,15,24,1983,,,,,,중개거래,
마포구,11440,합정동,202607,아파트_매매,마포한강2차푸르지오,합정동,473,83.45,195000,,,33,13,2016,,,,,,중개거래,
마포구,11440,망원동,202607,아파트_매매,한강2차대주피오레,망원동,499,84.97,107000,,,4,10,2003,,,,,,중개거래,
마포구,11440,망원동,202607,아파트_매매,성원1,망원동,420,59.4,78000,,,13,24,1998,,,,,,중개거래,
마포구,11440,용강동,202607,아파트_매매,래미안마포리버웰,용강동,502,84.99,270000,,,3,17,2015,,,,,,중개거래,
마포구,11440,상암동,202607,아파트_매매,DMC상암센트럴파크1단지,상암동,1630,84.91,142000,,,5,20,2009,,,,,,중개거래,
마포구,11440,도화동,202607,아파트_매매,한화오벨리스크,도화동,555,41.32,57000,,,5,17,2004,,,,,,중개거래,
마포구,11440,아현동,202607,아파트_매매,서서울삼성,아현동,692,84.89,142000,,,18,23,1998,,,,,,중개거래,
마포구,11440,창전동,202607,아파트_매매,창전래미안,창전동,437,59.94,151000,,,3,23,1998,,,,,,중개거래,
마포구,11440,신공덕동,202607,아파트_매매,공덕아이파크,신공덕동,174,114.97,221000,,,9,14,2013,,,,,,중개거래,
마포구,11440,신공덕동,202607,아파트_매매,대우메트로디오빌,신공덕동,167,34.39,41000,,,28,11,2005,,,,,,중개거래,
마포구,11440,서교동,202607,아파트_매매,대우미래사랑,서교동,487,34.29,31000,,,9,21,2005,,,,,,중개거래,
마포구,11440,서교동,202607,아파트_매매,서교푸르지오,서교동,486,92.448,127500,,,17,13,2004,,,,,,중개거래,
마포구,11440,중동,202607,아파트_매매,울트라월드컵(참누리),중동,398,59.9882,122500,,,18,22,2006,,,,,,중개거래,
마포구,11440,아현동,202607,아파트_매매,더클래시,아현동,804,59.97,219000,,,5,21,2022,,,,,,중개거래,
마포구,11440,중동,202607,아파트_매매,중동계룡아파트,중동,391,79.75,102000,,,7,7,2000,,,,,,중개거래,
마포구,11440,상암동,202607,아파트_매매,상암월드컵파크5단지,상암동,1658,84.67,135000,,,5,20,2005,,,,,,중개거래,
마포구,11440,합정동,202607,아파트_매매,일신건영휴먼빌아파트,합정동,470,83.757,128000,,,7,11,2005,,,,,,중개거래,
마포구,11440,염리동,202607,아파트_매매,마포자이,염리동,521,84.692,260000,,,9,11,2003,,,,,,중개거래,
마포구,11440,아현동,202607,아파트_매매,마포푸르지오더센트럴,아현동,275-2,45.02,94500,,,13,17,2023,,,,,,중개거래,
마포구,11440,신수동,202607,아파트_매매,벽산솔렌스힐,신수동,457,84.9854,144000,,,3,20,2007,,,,,,중개거래,
마포구,11440,염리동,202607,아파트_매매,상록,염리동,515-1,58.71,130000,,,13,20,1997,,,,,,중개거래,
마포구,11440,연남동,202607,아파트_매매,코오롱,연남동,573,59.76,110000,,,10,20,2003,,,,,,중개거래,
마포구,11440,도화동,202607,아파트_매매,한화오벨리스크,도화동,555,38.08,58500,,,11,6,2004,,,,,,중개거래,
마포구,11440,성산동,202607,아파트_매매,만민하늘애,성산동,54-7,51.6,78000,,,7,10,2023,,,,,,직거래,
마포구,11440,창전동,202607,아파트_매매,마포웨스트리버태영데시앙,창전동,449,84.482,184000,,,10,9,2019,,,,,,직거래,
마포구,11440,도화동,202607,아파트_매매,우성,도화동,82,68.94,168500,,,15,11,1991,,,,,,중개거래,
마포구,11440,아현동,202607,아파트_매매,더클래시,아현동,804,43.27,155700,,,12,18,2022,,,,,,중개거래,
마포구,11440,망원동,202607,아파트_매매,함성백합,망원동,493,38.69,41200,,,1,17,2001,,,,,,중개거래,
마포구,11440,도화동,202607,아파트_매매,우성,도화동,82,54.72,155000,,,5,17,1991,,,,,,중개거래,
마포구,11440,상암동,202607,아파트_매매,상암월드컵파크4단지,상암동,1655,84.89,168000,,,24,17,2006,,,,,,중개거래,
마포구,11440,염리동,202607,아파트_매매,중앙하이츠,염리동,161-1,83.82,148500,,,13,16,1998,,,,,,중개거래,
마포구,11440,신공덕동,202607,아파트_매매,신공덕래미안3차,신공덕동,161,59.96,165000,,,4,17,2003,,,,,,중개거래,
마포구,11440,성산동,202607,아파트_매매,성산월드타운대림,성산동,601,84.549,126000,,,10,17,2004,,,,,,중개거래,
마포구,11440,성산동,202607,아파트_매매,성산시영(대우),성산동,446,50.03,150000,,,7,17,1986,,,,,,중개거래,
마포구,11440,도화동,202607,아파트_매매,도화동현대,도화동,357,54.72,153000,,,10,16,1996,,,,,,중개거래,
마포구,11440,망원동,202607,아파트_매매,미원2,망원동,433-9,59.79,66500,,,1,9,1997,,,,,,중개거래,
마포구,11440,대흥동,202607,아파트_매매,대흥동태영아파트,대흥동,660,84.77,218000,,,21,16,1999,,,,,,중개거래,
마포구,11440,도화동,202607,아파트_매매,도화동현대,도화동,357,68.22,166000,,,13,16,1996,,,,,,중개거래,
마포구,11440,성산동,202607,아파트_매매,한림201동,성산동,199-15,71.44,70000,,,5,9,2004,,,,,,중개거래,
마포구,11440,도화동,202607,아파트_매매,성지,도화동,538,84.25,83000,,,9,3,1984,,,,,,중개거래,
마포구,11440,신정동,202607,아파트_매매,서강GS,신정동,30,59.98,158000,,,23,15,1999,,,,,,중개거래,
마포구,11440,성산동,202607,아파트_매매,성산월드타운대림,성산동,601,117.898,144000,,,14,15,2004,,,,,,중개거래,
마포구,11440,중동,202607,아파트_매매,현대,중동,40-12,84.94,116000,,,17,10,2000,,,,,,중개거래,
마포구,11440,염리동,202607,아파트_매매,상록,염리동,515-1,58.71,127500,,,3,14,1997,,,,,,중개거래,
마포구,11440,아현동,202607,아파트_매매,마포래미안푸르지오2단지,아현동,777,84.8919,247000,,,4,14,2014,,,,,,중개거래,
마포구,11440,신공덕동,202607,아파트_매매,신공덕래미안2차,신공덕동,159,84.73,168500,,,19,14,2000,,,,,,중개거래,
마포구,11440,상수동,202607,아파트_매매,래미안밤섬리베뉴Ⅱ,상수동,398,84.98,229000,,,13,4,2014,,,,,,중개거래,
마포구,11440,노고산동,202607,아파트_매매,신촌포스빌,노고산동,1-3,32.34,27000,,,14,11,2004,,,,,,중개거래,
마포구,11440,신공덕동,202607,아파트_매매,블레스하임,신공덕동,13-15,23.59,41000,,,13,11,2019,,,,,,중개거래,
마포구,11440,공덕동,202607,아파트_매매,공덕SK리더스뷰,공덕동,479,84.94,252000,,,21,13,2021,,,,,,중개거래,
마포구,11440,상암동,202607,아파트_매매,상암월드컵파크2단지,상암동,1637,59.92,128000,,,17,11,2003,,,,,,중개거래,
마포구,11440,토정동,202607,아파트_매매,한강삼성,토정동,138,59.97,175000,,,6,11,1997,,,,,,중개거래,
마포구,11440,성산동,202607,아파트_매매,성산시영(유원),성산동,446,59.43,164000,,,7,13,1986,,,,,,중개거래,
마포구,11440,아현동,202607,아파트_매매,마포래미안푸르지오1단지,아현동,777,59.9452,213000,,,4,10,2014,,,,,,중개거래,
마포구,11440,공덕동,202607,아파트_매매,마포현대,공덕동,188-108,84.87,180000,,,5,10,1988,,,,,,중개거래,
마포구,11440,도화동,202607,아파트_매매,한화오벨리스크,도화동,555,75.7,124000,,,21,11,2004,,,,,,중개거래,
마포구,11440,아현동,202607,아파트_매매,공덕자이,아현동,800,84.99,251500,,,10,10,2015,,,,,,중개거래,
마포구,11440,망원동,202607,아파트_매매,대림1,망원동,496,84.96,125000,,,9,4,2002,,,,,,중개거래,
마포구,11440,도화동,202607,아파트_매매,도화동현대,도화동,357,112.09,189000,,,7,10,1996,,,,,,중개거래,
마포구,11440,망원동,202607,아파트_매매,미원2,망원동,433-9,59.79,66500,,,1,9,1997,,,,,,중개거래,O
마포구,11440,아현동,202607,아파트_매매,마포래미안푸르지오2단지,아현동,777,59.9796,217000,,,8,9,2014,,,,,,중개거래,
마포구,11440,성산동,202607,아파트_매매,성산시영(대우),성산동,446,50.03,148000,,,13,9,1986,,,,,,중개거래,
마포구,11440,망원동,202607,아파트_매매,대림2,망원동,497,84.73,129000,,,10,9,2002,,,,,,중개거래,
마포구,11440,서교동,202607,아파트_매매,대우미래사랑,서교동,487,57.36,58500,,,7,7,2005,,,,,,직거래,
마포구,11440,성산동,202607,아파트_매매,성산시영(대우),성산동,446,50.03,144000,,,14,8,1986,,,,,,중개거래,
마포구,11440,성산동,202607,아파트_매매,세원,성산동,142-9,59.87,56500,,,3,8,1996,,,,,,중개거래,
마포구,11440,대흥동,202607,아파트_매매,대흥동태영아파트,대흥동,660,84.77,217000,,,22,8,1999,,,,,,중개거래,
마포구,11440,신공덕동,202607,아파트_매매,신공덕래미안3차,신공덕동,161,59.96,165000,,,4,7,2003,,,,,,중개거래,
마포구,11440,상암동,202607,아파트_매매,상암월드컵파크4단지,상암동,1655,104.78,192000,,,25,8,2006,,,,,,중개거래,
마포구,11440,망원동,202607,아파트_매매,대상3,망원동,491,84.9,89000,,,2,7,2000,,,,,,중개거래,
마포구,11440,상암동,202607,아파트_매매,상암월드컵파크5단지,상암동,1658,104.69,146000,,,2,7,2005,,,,,,중개거래,
마포구,11440,창전동,202607,아파트_매매,신촌태영데시앙,창전동,439,84.97,159000,,,15,7,2003,,,,,,중개거래,
마포구,11440,상암동,202607,아파트_매매,상암월드컵파크9단지,상암동,1752,84.89,117700,,,15,7,2010,,,,,,중개거래,
마포구,11440,망원동,202607,아파트_매매,한강그린1차아파트,망원동,236-2,60.48,52000,,,2,3,2011,,,,,,중개거래,
마포구,11440,중동,202607,아파트_매매,DMC마포청구아파트,중동,390,84.9,120000,,,4,6,1994,,,,,,중개거래,
마포구,11440,아현동,202607,아파트_매매,마포푸르지오더센트럴,아현동,275-2,41.59,85000,,,17,4,2023,,,,,,중개거래,
마포구,11440,창전동,202607,아파트_매매,창전동현대홈타운,창전동,440,59.651,83600,,,4,6,2005,,,,,,직거래,O
마포구,11440,상암동,202607,아파트_매매,상암월드컵파크10단지,상암동,1736,84.89,112500,,,2,6,2010,,,,,,중개거래,
마포구,11440,성산동,202607,아파트_매매,성산월드타운대림,성산동,601,84.549,123000,,,7,6,2004,,,,,,중개거래,
마포구,11440,상수동,202607,아파트_매매,래미안밤섬리베뉴Ⅱ,상수동,398,84.92,223000,,,14,6,2014,,,,,,중개거래,
마포구,11440,상암동,202607,아파트_매매,상암월드컵파크2단지,상암동,1637,59.92,132000,,,12,6,2003,,,,,,중개거래,
마포구,11440,아현동,202607,아파트_매매,더클래시,아현동,804,43.27,158000,,,10,3,2022,,,,,,중개거래,
마포구,11440,창전동,202607,아파트_매매,신촌태영데시앙,창전동,439,84.97,158000,,,11,4,2003,,,,,,중개거래,
마포구,11440,상암동,202607,아파트_매매,상암월드컵파크3단지,상암동,1643,84.94,137000,,,8,4,2003,,,,,,중개거래,
마포구,11440,연남동,202607,아파트_매매,노블레스(249-12),연남동,249-12,97.11,85000,,,7,4,2003,,,,,,중개거래,
마포구,11440,중동,202607,아파트_매매,DMC마포청구아파트,중동,390,84.6,120000,,,14,4,1994,,,,,,중개거래,
마포구,11440,용강동,202607,아파트_매매,이편한세상마포리버파크,용강동,508,59.98,240000,,,6,3,2016,,,,,,중개거래,
마포구,11440,창전동,202607,아파트_매매,창전래미안,창전동,437,59.94,144500,,,7,4,1998,,,,,,중개거래,
마포구,11440,연남동,202607,아파트_매매,코오롱,연남동,573,84.936,127000,,,3,4,2003,,,,,,중개거래,
마포구,11440,성산동,202607,아파트_매매,대원,성산동,596,59.69,69000,,,3,4,1999,,,,,,중개거래,
마포구,11440,마포동,202607,아파트_매매,마포쌍용황금아파트,마포동,253,114.84,175000,,,9,3,2000,,,,,,중개거래,
마포구,11440,연남동,202607,아파트_매매,대명,연남동,259-1,59.99,88000,,,8,2,1995,,,,,,중개거래,
마포구,11440,망원동,202607,아파트_매매,미원2,망원동,433-9,79.74,74500,,,1,1,1997,,,,,,중개거래,O
마포구,11440,연남동,202607,아파트_매매,대명,연남동,259-1,84.99,107000,,,11,1,1995,,,,,,중개거래,
마포구,11440,성산동,202606,오피스텔_전월세,상암 스위트포레,성산동,591-5,18.55,,1000,61,12,26,2016,신규,26.07~27.07,,,,,
마포구,11440,서교동,202606,오피스텔_전월세,서교타워,서교동,353-1,22.6,,500,65,9,26,1999,신규,26.08~27.08,,,,,
마포구,11440,성산동,202606,오피스텔_전월세,마포상암시티프라디움리버,성산동,593-7,17.02,,21000,0,10,24,2021,갱신,26.08~27.08,21000.0,,,,
마포구,11440,성산동,202606,오피스텔_전월세,상암 카리스 다올림 오피스텔,성산동,593-11,21.96,,2000,86,9,20,2018,신규,26.08~27.08,,,,,
마포구,11440,성산동,202606,오피스텔_전월세,상암월드시티,성산동,590-5,19.81,,4300,55,15,27,2014,갱신,26.08~27.08,3800.0,55.0,,,
마포구,11440,신공덕동,202606,오피스텔_전월세,블루마리오피스텔,신공덕동,3-3,17.73,,14200,20,7,2,2017,신규,26.07~28.07,,,,,
마포구,11440,성산동,202606,오피스텔_전월세,상암 우남퍼스트빌스타,성산동,592-5,16.91,,13500,20,9,30,2017,신규,26.08~28.08,,,,,
마포구,11440,노고산동,202606,오피스텔_전월세,신촌아이스페이스오피스텔,노고산동,57-46,42.4,,1000,98,9,26,2004,갱신,26.07~27.06,1000.0,90.0,,,
마포구,11440,성산동,202606,오피스텔_전월세,상암 두산위브센티움,성산동,590-1,28.36,,1000,93,12,29,2013,신규,26.08~27.08,,,,,
마포구,11440,상암동,202606,오피스텔_전월세,"상암DMC푸르지오시티, S-City",상암동,1596,20.06,,18500,0,10,15,2017,갱신,26.08~27.08,18500.0,,사용,,
마포구,11440,서교동,202606,오피스텔_전월세,노벨리아 서교,서교동,354-9,18,,20400,11,8,27,2018,갱신,26.06~27.06,20400.0,11.0,,,
마포구,11440,성산동,202606,오피스텔_전월세,상암 스위트포레,성산동,591-5,18.55,,12060,12,6,15,2016,신규,26.07~28.07,,,,,
마포구,11440,합정동,202606,오피스텔_전월세,마포 한강 2차 푸르지오,합정동,473,23.65,,26500,0,31,24,2016,신규,26.07~28.07,,,,,
마포구,11440,성산동,202606,오피스텔_전월세,동우 자인채 스토리 상암,성산동,593-3,24.25,,19800,15,15,29,2018,갱신,26.08~28.08,20000.0,10.0,사용,,
마포구,11440,상암동,202606,오피스텔_전월세,"상암DMC푸르지오시티, S-City",상암동,1596,24.6,,1000,98,12,23,2017,신규,26.09~27.07,,,,,
마포구,11440,상암동,202606,오피스텔_전월세,"상암DMC푸르지오시티, S-City",상암동,1596,24.6,,1000,95,12,23,2017,신규,26.07~26.09,,,,,
마포구,11440,공덕동,202606,오피스텔_전월세,마포현대하이엘,공덕동,463,53.06,,31200,0,3,27,2005,신규,26.08~28.08,,,,,
마포구,11440,도화동,202606,오피스텔_전월세,나눔빌딩,도화동,571,29.12,,5000,83,9,24,2015,신규,26.07~28.07,,,,,
마포구,11440,성산동,202606,오피스텔_전월세,헤리티지 삼영,성산동,593-6,20.24,,2000,95,11,17,2024,신규,26.07~27.07,,,,,
마포구,11440,합정동,202606,오피스텔_전월세,일신오피스텔,합정동,376-7,35.5,,2000,80,4,6,2002,신규,26.07~28.07,,,,,
마포구,11440,성산동,202606,오피스텔_전월세,마포상암시티프라디움리버,성산동,593-7,17.02,,1000,94,10,26,2021,갱신,26.09~27.04,1000.0,90.0,,,
마포구,11440,아현동,202606,오피스텔_전월세,효성인텔리안,아현동,733,21.9,,5000,29,21,30,2005,신규,26.07~27.07,,,,,
마포구,11440,공덕동,202606,오피스텔_전월세,마포현대하이엘,공덕동,463,31.38,,6000,70,2,3,2005,신규,26.07~28.07,,,,,
마포구,11440,성산동,202606,오피스텔_전월세,상암 카리스 다올림 오피스텔,성산동,593-11,17.48,,14310,9,9,15,2018,갱신,26.08~28.08,16000.0,,,,
마포구,11440,상암동,202606,오피스텔_전월세,"상암DMC푸르지오시티, S-City",상암동,1596,33.83,,1000,125,7,2,2017,신규,26.06~27.06,,,,,
마포구,11440,공덕동,202606,오피스텔_전월세,공덕오피스타,공덕동,12-98,19.41,,13300,3,4,27,2013,갱신,26.08~28.08,13300.0,,,,
마포구,11440,상암동,202606,오피스텔_전월세,상암 한화 오벨리스크,상암동,1734,19.93,,8000,25,8,15,2013,신규,26.07~28.07,,,,,
마포구,11440,성산동,202606,오피스텔_전월세,상암 우남퍼스트빌스타,성산동,592-5,16.91,,1000,78,18,30,2017,갱신,26.08~27.08,1000.0,74.0,,,
마포구,11440,성산동,202606,오피스텔_전월세,상암 두산위브센티움,성산동,590-1,24.49,,1000,85,12,30,2013,신규,26.07~27.07,,,,,
마포구,11440,성산동,202606,오피스텔_전월세,상암 두산위브센티움,성산동,590-1,23.24,,1000,74,9,20,2013,갱신,26.06~27.06,1000.0,71.0,사용,,
마포구,11440,상암동,202606,오피스텔_전월세,상암 오벨리스크 2차,상암동,1748,24.2,,1000,69,4,16,2014,신규,26.07~27.07,,,,,
마포구,11440,공덕동,202606,오피스텔_전월세,에스테반 오피스텔,공덕동,16-10,18.92,,1000,70,7,27,,신규,26.07~27.07,,,,,
마포구,11440,성산동,202606,오피스텔_전월세,상암미르웰한올림,성산동,593-5,16.36,,1000,83,3,27,2018,신규,26.08~27.08,,,,,
마포구,11440,성산동,202606,오피스텔_전월세,KCC상암스튜디오380,성산동,590-4,20.35,,8000,45,5,22,2014,갱신,26.07~27.07,8000.0,41.0,사용,,
마포구,11440,성산동,202606,오피스텔_전월세,상암 두산위브센티움,성산동,590-1,23.24,,1000,82,14,30,2013,갱신,26.07~27.07,1000.0,80.0,사용,,
마포구,11440,성산동,202606,오피스텔_전월세,상암 퍼스티지 더올림 오피스텔,성산동,591-6,17.3,,3000,74,6,30,2018,갱신,26.07~27.07,3000.0,70.0,,,
마포구,11440,성산동,202606,오피스텔_전월세,그린 오피스텔,성산동,648-8,20.9,,1000,60,5,24,2002,신규,26.07~28.07,,,,,
마포구,11440,성산동,202606,오피스텔_전월세,헤리티지 삼영,성산동,593-6,17.11,,1000,78,7,9,2024,신규,26.07~27.07,,,,,
마포구,11440,공덕동,202606,오피스텔_전월세,YD레지던스,공덕동,31-1,22.82,,21000,0,10,30,2013,신규,26.07~28.07,,,,,
마포구,11440,창전동,202606,오피스텔_전월세,동원 스위트뷰,창전동,149-1,16.56,,11400,10,7,27,2014,갱신,26.07~28.07,11400.0,,,,
마포구,11440,서교동,202606,오피스텔_전월세,(478-23),서교동,478-23,39.06,,15000,15,3,26,2003,신규,26.08~28.08,,,,,
마포구,11440,신공덕동,202606,오피스텔_전월세,블루마리오피스텔,신공덕동,3-3,18.33,,1000,78,7,27,2017,신규,26.07~27.07,,,,,
마포구,11440,창전동,202606,오피스텔_전월세,동원 스위트뷰,창전동,149-1,16.56,,1000,67,8,22,2014,갱신,26.06~27.06,1000.0,65.0,사용,,
마포구,11440,공덕동,202606,오피스텔_전월세,대성힐스오피스텔,공덕동,26-4,18.15,,13000,13,12,15,2016,신규,26.07~28.07,,,,,
마포구,11440,서교동,202606,오피스텔_전월세,엠제이 더퍼스트 마포한강,서교동,393-1,15.56,,1000,98,14,25,2019,신규,26.07~27.07,,,,,
마포구,11440,서교동,202606,오피스텔_전월세,엠제이더퍼스트홍대,서교동,371-7,20.56,,1000,140,16,25,2018,신규,26.06~28.06,,,,,
마포구,11440,상암동,202606,오피스텔_전월세,"상암DMC푸르지오시티, S-City",상암동,1596,20.06,,1000,81,12,19,2017,신규,26.07~27.07,,,,,
마포구,11440,성산동,202606,오피스텔_전월세,상암미르웰한올림,성산동,593-5,16.36,,3000,69,10,22,2018,갱신,26.07~27.07,3000.0,65.0,,,
마포구,11440,성산동,202606,오피스텔_전월세,동우 자인채 스토리 상암,성산동,593-3,24.25,,15000,35,5,20,2018,신규,26.07~28.07,,,,,
마포구,11440,노고산동,202606,오피스텔_전월세,A동,노고산동,56-117,16.5,,1500,45,3,25,,신규,26.07~28.07,,,,,
마포구,11440,성산동,202606,오피스텔_전월세,상암월드시티,성산동,590-5,16.52,,2500,51,6,27,2014,갱신,26.07~27.07,2000.0,51.0,,,
마포구,11440,성산동,202606,오피스텔_전월세,헤리티지 삼영,성산동,593-6,17.11,,1000,80,11,22,2024,신규,26.07~27.07,,,,,
마포구,11440,성산동,202606,오피스텔_전월세,상암미르웰한올림,성산동,593-5,16.36,,1000,77,3,3,2018,신규,26.06~27.06,,,,,
마포구,11440,성산동,202606,오피스텔_전월세,KCC상암스튜디오380,성산동,590-4,20.35,,5000,56,12,27,2014,갱신,26.07~27.07,5000.0,53.0,사용,,
마포구,11440,성산동,202606,오피스텔_전월세,KCC상암스튜디오380,성산동,590-4,20.35,,500,81,7,24,2014,갱신,26.07~27.07,500.0,78.0,,,
마포구,11440,상암동,202606,오피스텔_전월세,"상암DMC푸르지오시티, S-City",상암동,1596,18.4,,1000,78,6,30,2017,갱신,26.08~27.08,1000.0,75.0,,,
마포구,11440,서교동,202606,오피스텔_전월세,밸 매송,서교동,478-21,35.34,,1000,75,3,18,2002,신규,26.07~28.07,,,,,
마포구,11440,성산동,202606,오피스텔_전월세,상암 두산위브센티움,성산동,590-1,23.69,,1000,85,3,27,2013,신규,26.07~27.07,,,,,
마포구,11440,성산동,202606,오피스텔_전월세,KCC상암스튜디오380,성산동,590-4,20.35,,1000,80,3,30,2014,신규,26.07~27.07,,,,,
마포구,11440,성산동,202606,오피스텔_전월세,상암미르웰한올림,성산동,593-5,16.36,,1000,81,7,20,2018,갱신,26.07~27.06,1000.0,78.0,사용,,
마포구,11440,상암동,202606,오피스텔_전월세,"상암DMC푸르지오시티, S-City",상암동,1596,24.6,,1000,100,14,19,2017,신규,26.07~28.07,,,,,
마포구,11440,상암동,202606,오피스텔_전월세,상암 한화 오벨리스크,상암동,1734,19.93,,9000,21,5,29,2013,갱신,26.07~28.07,9000.0,18.0,,,
마포구,11440,아현동,202606,오피스텔_전월세,효성인텔리안,아현동,733,21.9,,1000,70,13,29,2005,신규,26.07~27.07,,,,,
마포구,11440,상암동,202606,오피스텔_전월세,"상암DMC푸르지오시티, S-City",상암동,1596,18.4,,500,79,10,15,2017,갱신,26.08~27.08,500.0,78.0,사용,,
마포구,11440,공덕동,202606,오피스텔_전월세,공덕푸르지오시티,공덕동,475,31.16,,1000,115,7,12,2013,갱신,26.08~27.08,1000.0,110.0,,,
마포구,11440,도화동,202606,오피스텔_전월세,고려아카데미텔,도화동,36,20.25,,2000,48,5,11,1988,신규,26.07~27.07,,,,,
마포구,11440,성산동,202606,오피스텔_전월세,상암미르웰한올림,성산동,593-5,16.36,,10000,45,13,30,2018,신규,26.08~27.08,,,,,
마포구,11440,성산동,202606,오피스텔_전월세,KCC상암스튜디오380,성산동,590-4,20.35,,2000,77,3,29,2014,신규,26.06~27.06,,,,,
마포구,11440,공덕동,202606,오피스텔_전월세,대성힐스오피스텔,공덕동,26-4,18.65,,12900,20,14,10,2016,갱신,26.07~27.07,12900.0,17.0,,,
마포구,11440,창전동,202606,오피스텔_전월세,동원 스위트뷰,창전동,149-1,16.56,,2000,53,6,19,2014,신규,26.07~27.07,,,,,
마포구,11440,성산동,202606,오피스텔_전월세,벽산상암스마트큐브,성산동,593-1,26,,3000,81,11,27,2017,갱신,26.07~27.07,3000.0,76.0,,,
마포구,11440,성산동,202606,오피스텔_전월세,상암 수린나 오피스텔,성산동,593-2,17.55,,1000,76,5,27,2018,신규,26.08~27.08,,,,,
마포구,11440,도화동,202606,오피스텔_전월세,고려아카데미텔,도화동,36,23.62,,1000,61,10,22,1988,신규,26.07~27.07,,,,,
마포구,11440,상암동,202606,오피스텔_전월세,상암 오벨리스크 2차,상암동,1748,20.7,,500,68,5,20,2014,갱신,26.08~27.08,500.0,65.0,,,
마포구,11440,성산동,202606,오피스텔_전월세,상암월드시티,성산동,590-5,16.52,,1000,65,14,27,2014,신규,26.07~27.07,,,,,
마포구,11440,신공덕동,202606,오피스텔_전월세,공덕프로포즈Ⅱ,신공덕동,15-80,18.53,,14000,5,4,27,2015,신규,26.07~28.07,,,,,
마포구,11440,노고산동,202606,오피스텔_전월세,신촌아이스페이스오피스텔,노고산동,57-46,42.4,,1000,105,11,13,2004,신규,26.07~27.07,,,,,
마포구,11440,노고산동,202606,오피스텔_전월세,우정마샹스 오피스텔,노고산동,107-17,13.52,,500,55,13,21,2006,신규,26.07~27.07,,,,,
마포구,11440,노고산동,202606,오피스텔_전월세,라이프빌딩,노고산동,54-21,16.79,,1000,100,4,30,2020,신규,26.07~27.07,,,,,
마포구,11440,합정동,202606,오피스텔_전월세,마포 한강 2차 푸르지오,합정동,473,23.09,,26500,0,16,3,2016,신규,26.06~28.06,,,,,
마포구,11440,노고산동,202606,오피스텔_전월세,샬롬오피스텔,노고산동,54-88,11.88,,500,49,4,30,2003,신규,26.06~27.03,,,,,
마포구,11440,성산동,202606,오피스텔_전월세,상암미르웰한올림,성산동,593-5,16.36,,1000,85,13,20,2018,신규,26.06~27.06,,,,,
마포구,11440,성산동,202606,오피스텔_전월세,상암월드시티,성산동,590-5,16.52,,1000,53,6,20,2014,신규,26.07~27.07,,,,,
마포구,11440,신공덕동,202606,오피스텔_전월세,블루마리오피스텔,신공덕동,3-3,18.33,,1000,78,18,27,2017,신규,26.07~27.07,,,,,
마포구,11440,성산동,202606,오피스텔_전월세,태림센트윈상암,성산동,593-10,19.09,,18200,13,10,4,2019,신규,26.07~27.07,,,,,
마포구,11440,공덕동,202606,오피스텔_전월세,블레스하임-ll,공덕동,108-65,23.5,,26500,0,9,20,2020,신규,26.07~27.07,,,,,
마포구,11440,도화동,202606,오피스텔_전월세,에스케이허브그린,도화동,556,27.79,,1000,90,17,29,2005,신규,26.07~27.07,,,,,
마포구,11440,상암동,202606,오피스텔_전월세,"상암DMC푸르지오시티, S-City",상암동,1596,18.96,,15000,18,6,30,2017,갱신,26.08~27.08,15000.0,15.0,,,
마포구,11440,아현동,202606,오피스텔_전월세,마포 에스케이 허브 블루,아현동,737,35.09,,20000,15,5,27,2006,신규,26.07~28.07,,,,,
마포구,11440,아현동,202606,오피스텔_전월세,마포 에스케이 허브 블루,아현동,737,35.09,,20000,15,5,27,2006,신규,26.07~28.07,,,,,
마포구,11440,서교동,202606,오피스텔_전월세,서교동 오피스텔,서교동,458-14,25.73,,1000,80,3,30,2002,신규,26.07~28.07,,,,,
마포구,11440,신공덕동,202606,오피스텔_전월세,갑을명가시티1,신공덕동,5-75,19.73,,1000,68,8,15,,갱신,26.07~27.07,1000.0,65.0,,,
마포구,11440,노고산동,202606,오피스텔_전월세,스테이하이 오피스텔,노고산동,56-16,16.7,,1000,100,6,30,2018,갱신,26.08~27.08,1000.0,100.0,,,
마포구,11440,성산동,202606,오피스텔_전월세,상암 우남퍼스트빌스타,성산동,592-5,16.91,,1000,74,11,30,2017,갱신,26.08~27.08,1000.0,64.0,,,
마포구,11440,서교동,202606,오피스텔_전월세,엠제이더퍼스트홍대,서교동,371-7,20.56,,1000,140,16,11,2018,신규,26.07~28.06,,,,,
마포구,11440,서교동,202606,오피스텔_전월세,명지한강빌드웰,서교동,394-45,24.73,,17000,0,12,12,2005,신규,26.07~28.07,,,,,
마포구,11440,상암동,202606,오피스텔_전월세,상암 한화 오벨리스크,상암동,1734,19.93,,1000,65,7,18,2013,갱신,26.06~27.06,500.0,63.0,,,
마포구,11440,성산동,202606,오피스텔_전월세,상암 우남퍼스트빌스타,성산동,592-5,16.69,,1000,75,6,30,2017,신규,26.06~27.06,,,,,
마포구,11440,성산동,202606,오피스텔_전월세,마포클레세,성산동,592-8,20.47,,12000,60,12,17,2022,갱신,26.06~27.06,12000.0,57.0,,,
마포구,11440,대흥동,202606,오피스텔_전월세,이대역 푸르지오 시티,대흥동,12-27,29.14,,1000,105,15,29,2013,신규,26.07~27.07,,,,,
마포구,11440,성산동,202606,오피스텔_전월세,벽산상암스마트큐브,성산동,593-1,19.2,,1000,80,12,13,2017,신규,26.07~27.07,,,,,
마포구,11440,성산동,202606,오피스텔_전월세,상암 수린나 오피스텔,성산동,593-2,17.55,,1000,80,7,15,2018,갱신,26.09~27.07,1000.0,75.0,,,
마포구,11440,성산동,202606,오피스텔_전월세,상암 수린나 오피스텔,성산동,593-2,17.55,,1000,75,7,17,2018,신규,26.07~26.09,,,,,
마포구,11440,신공덕동,202606,오피스텔_전월세,블루마리오피스텔,신공덕동,3-3,18.02,,1000,78,10,30,2017,신규,26.08~27.08,,,,,
마포구,11440,신공덕동,202606,오피스텔_전월세,블루마리오피스텔,신공덕동,3-3,18.02,,1000,76,12,5,2017,신규,26.07~27.07,,,,,
마포구,11440,공덕동,202606,오피스텔_전월세,백상프로포즈오피스텔,공덕동,26-7,56.14,,32500,0,17,18,2012,갱신,26.07~28.07,32500.0,,,,
마포구,11440,상암동,202606,오피스텔_전월세,DMC 이안상암1단지,상암동,1654,103.4,,64000,0,23,13,2007,신규,26.07~28.07,,,,,
마포구,11440,성산동,202606,오피스텔_전월세,상암 수린나 오피스텔,성산동,593-2,17.55,,1000,84,12,26,2018,갱신,26.07~27.07,1000.0,80.0,,,
마포구,11440,상수동,202606,오피스텔_전월세,상수 아뜨리에,상수동,93-89,14.6,,7600,28,5,23,2003,신규,26.07~28.07,,,,,
마포구,11440,성산동,202606,오피스텔_전월세,마포클레세,성산동,592-8,18.27,,17800,0,4,9,2022,갱신,26.06~27.10,17800.0,,,,
마포구,11440,상암동,202606,오피스텔_전월세,상암 오벨리스크 2차,상암동,1748,25.48,,500,76,8,12,2014,신규,26.06~27.06,,,,,
마포구,11440,아현동,202606,오피스텔_전월세,마포 에스케이 허브 블루,아현동,737,30.91,,1000,85,19,30,2006,신규,26.08~28.08,,,,,
마포구,11440,상암동,202606,오피스텔_전월세,"상암DMC푸르지오시티, S-City",상암동,1596,20.06,,1000,85,10,30,2017,갱신,26.08~27.08,1000.0,83.0,,,
마포구,11440,대흥동,202606,오피스텔_전월세,이대역 푸르지오 시티,대흥동,12-27,28.8,,1000,109,19,26,2013,갱신,26.08~28.08,1000.0,100.0,사용,,
마포구,11440,성산동,202606,오피스텔_전월세,상암 카리스 다올림 오피스텔,성산동,593-11,18.92,,1000,90,9,20,2018,신규,26.07~27.07,,,,,
마포구,11440,아현동,202606,오피스텔_전월세,효성인텔리안,아현동,733,21.9,,1000,68,4,10,2005,신규,26.07~27.07,,,,,
마포구,11440,도화동,202606,오피스텔_전월세,고려아카데미텔,도화동,36,20.25,,1000,65,6,16,1988,신규,26.06~27.06,,,,,
마포구,11440,공덕동,202606,오피스텔_전월세,공덕푸르지오시티,공덕동,475,27.74,,5000,90,17,29,2013,신규,26.08~27.08,,,,,
마포구,11440,합정동,202606,오피스텔_전월세,일신오피스텔,합정동,376-7,28.64,,1000,70,5,10,2002,신규,26.07~28.07,,,,,
마포구,11440,서교동,202606,오피스텔_전월세,동양한강트레벨,서교동,394-25,29.09,,19000,10,6,8,2004,신규,26.07~28.07,,,,,
마포구,11440,공덕동,202606,오피스텔_전월세,공덕푸르지오시티,공덕동,475,32.07,,1000,100,5,26,2013,신규,26.07~27.06,,,,,
마포구,11440,성산동,202606,오피스텔_전월세,상암 도시엔 오피스텔,성산동,592-3,18.83,,9000,33,11,5,2017,신규,26.07~28.07,,,,,
마포구,11440,공덕동,202606,오피스텔_전월세,마포공덕파크팰리스Ⅱ,공덕동,462,33.01,,26700,0,13,30,2005,갱신,26.08~28.08,26400.0,,사용,,
마포구,11440,공덕동,202606,오피스텔_전월세,블레스하임 3차,공덕동,111-106,23.79,,29500,0,13,1,2022,신규,26.07~28.07,,,,,
마포구,11440,노고산동,202606,오피스텔_전월세,정호 오피스텔,노고산동,54-98,15.08,,1000,50,4,13,2004,신규,26.07~27.07,,,,,
마포구,11440,성산동,202606,오피스텔_전월세,벽산상암스마트큐브,성산동,593-1,19.2,,1000,73,5,29,2017,갱신,26.07~27.07,1000.0,69.0,,,
마포구,11440,성산동,202606,오피스텔_전월세,동우 자인채 스토리 상암,성산동,593-3,16.54,,5000,50,3,19,2018,신규,26.08~28.08,,,,,
마포구,11440,성산동,202606,오피스텔_전월세,상암 우남퍼스트빌스타,성산동,592-5,16.79,,1000,84,6,24,2017,갱신,26.08~27.08,1000.0,80.0,,,
마포구,11440,노고산동,202606,오피스텔_전월세,우정마샹스 오피스텔,노고산동,107-17,18.72,,1000,65,12,24,2006,신규,26.07~27.07,,,,,
마포구,11440,성산동,202606,오피스텔_전월세,상암미르웰한올림,성산동,593-5,16.36,,1000,80,7,12,2018,신규,26.08~27.08,,,,,
마포구,11440,성산동,202606,오피스텔_전월세,벽산상암스마트큐브,성산동,593-1,19.2,,1000,84,10,8,2017,갱신,26.07~27.07,1000.0,80.0,사용,,
마포구,11440,노고산동,202606,오피스텔_전월세,에피소드 신촌 369,노고산동,57-50,29.35,,1000,249,5,25,2021,신규,26.06~27.06,,,,,
마포구,11440,아현동,202606,오피스텔_전월세,효성인텔리안,아현동,733,25.75,,4000,65,15,25,2005,갱신,26.06~27.06,4000.0,65.0,,,
마포구,11440,상암동,202606,오피스텔_전월세,상암 오벨리스크 2차,상암동,1748,25.48,,10000,35,9,30,2014,갱신,26.08~27.08,10000.0,35.0,,,
마포구,11440,상암동,202606,오피스텔_전월세,DMC 이안상암2단지,상암동,1653,89.29,,60000,0,27,11,2007,신규,26.08~28.08,,,,,
마포구,11440,상암동,202606,오피스텔_전월세,"상암DMC푸르지오시티, S-City",상암동,1596,20.32,,1000,79,9,6,2017,신규,26.07~27.07,,,,,
마포구,11440,노고산동,202606,오피스텔_전월세,우정마샹스 오피스텔,노고산동,107-17,13.52,,1000,41,13,26,2006,갱신,26.07~27.07,1000.0,39.0,,,
마포구,11440,상암동,202606,오피스텔_전월세,상암 한화 오벨리스크,상암동,1734,19.93,,10000,10,9,30,2013,갱신,26.08~28.08,10000.0,10.0,사용,,
마포구,11440,성산동,202606,오피스텔_전월세,동우 자인채 스토리 상암,성산동,593-3,16.54,,14000,9,15,27,2018,갱신,26.08~28.08,14000.0,6.0,,,
마포구,11440,도화동,202606,오피스텔_전월세,나눔빌딩,도화동,571,26.25,,19500,15,7,6,2015,갱신,26.09~27.09,19500.0,11.0,사용,,
마포구,11440,상암동,202606,오피스텔_전월세,상암 한화 오벨리스크,상암동,1734,19.93,,5000,45,7,4,2013,신규,26.07~27.07,,,,,
마포구,11440,공덕동,202606,오피스텔_전월세,솔리스타,공덕동,30-10,18.79,,13000,30,9,26,2018,신규,26.07~28.07,,,,,
마포구,11440,창전동,202606,오피스텔_전월세,동원 스위트뷰,창전동,149-1,16.56,,1000,67,7,18,2014,갱신,26.07~27.07,1000.0,63.0,,,
마포구,11440,상암동,202606,오피스텔_전월세,사보이시티디엠씨,상암동,1597,21.65,,1000,75,15,27,2016,신규,26.07~27.07,,,,,
마포구,11440,공덕동,202606,오피스텔_전월세,공덕푸르지오시티,공덕동,475,31.16,,27000,0,8,13,2013,신규,26.07~28.07,,,,,
마포구,11440,상암동,202606,오피스텔_전월세,"상암DMC푸르지오시티, S-City",상암동,1596,19.76,,17000,10,8,6,2017,신규,26.07~28.07,,,,,
마포구,11440,성산동,202606,오피스텔_전월세,벽산상암스마트큐브,성산동,593-1,20.74,,4000,71,11,17,2017,신규,26.07~27.07,,,,,
마포구,11440,신공덕동,202606,오피스텔_전월세,블루마리오피스텔,신공덕동,3-3,18.02,,2000,67,2,13,2017,신규,26.07~27.06,,,,,
마포구,11440,노고산동,202606,오피스텔_전월세,에피소드 신촌 369,노고산동,57-50,17.77,,1000,99,8,29,2021,신규,26.06~27.06,,,,,
마포구,11440,성산동,202606,오피스텔_전월세,상암 두산위브센티움,성산동,590-1,23.24,,1000,80,13,30,2013,신규,26.08~27.08,,,,,
마포구,11440,성산동,202606,오피스텔_전월세,상암 우남퍼스트빌스타,성산동,592-5,16.79,,1000,75,3,27,2017,신규,26.06~27.06,,,,,
마포구,11440,성산동,202606,오피스텔_전월세,상암 두산위브센티움,성산동,590-1,24.28,,1000,85,12,17,2013,신규,26.07~27.07,,,,,
마포구,11440,아현동,202606,오피스텔_전월세,효성인텔리안,아현동,733,37.22,,2000,100,11,24,2005,신규,26.07~27.06,,,,,
마포구,11440,상암동,202606,오피스텔_전월세,DMC 이안상암1단지,상암동,1654,46.05,,2000,150,24,30,2007,신규,26.08~28.08,,,,,
마포구,11440,상암동,202606,오피스텔_전월세,상암 한화 오벨리스크,상암동,1734,24.22,,1000,70,8,30,2013,신규,26.07~27.07,,,,,
마포구,11440,성산동,202606,오피스텔_전월세,마포상암시티프라디움리버,성산동,593-7,17.02,,2000,83,8,27,2021,신규,26.09~28.09,,,,,
마포구,11440,노고산동,202606,오피스텔_전월세,신촌 G&P NINE,노고산동,1-21,40.44,,31500,0,9,24,2020,갱신,26.07~28.07,31500.0,,,,
마포구,11440,합정동,202606,오피스텔_전월세,마포 한강 2차 푸르지오,합정동,473,23.65,,1000,110,28,20,2016,신규,26.07~27.07,,,,,
마포구,11440,공덕동,202606,오피스텔_전월세,블레스하임 3차,공덕동,111-106,23.4,,29000,0,17,30,2022,신규,26.08~28.08,,,,,
마포구,11440,동교동,202606,오피스텔_전월세,파라다이스텔,동교동,159-6,34.86,,23000,0,13,15,2003,신규,26.07~28.07,,,,,
마포구,11440,성산동,202606,오피스텔_전월세,상암미르웰한올림,성산동,593-5,16.36,,12000,33,7,6,2018,신규,26.07~28.07,,,,,
마포구,11440,상암동,202606,오피스텔_전월세,상암 한화 오벨리스크,상암동,1734,24.22,,1000,73,10,29,2013,신규,26.07~27.06,,,,,
마포구,11440,신공덕동,202606,오피스텔_전월세,공덕프로포즈Ⅱ,신공덕동,15-80,18.53,,1000,67,8,9,2015,신규,26.07~27.06,,,,,
마포구,11440,공덕동,202606,오피스텔_전월세,마포현대하이엘,공덕동,463,31.38,,19800,0,11,4,2005,신규,26.07~28.07,,,,,
마포구,11440,성산동,202606,오피스텔_전월세,상암 스위트포레,성산동,591-5,18.55,,1000,75,7,20,2016,신규,26.06~27.06,,,,,
마포구,11440,상암동,202606,오피스텔_전월세,상암 한화 오벨리스크,상암동,1734,19.93,,1000,65,9,30,2013,신규,26.07~27.07,,,,,
마포구,11440,성산동,202606,오피스텔_전월세,벽산상암스마트큐브,성산동,593-1,19.2,,13900,25,14,20,2017,갱신,26.07~28.07,14400.0,20.0,,,
마포구,11440,노고산동,202606,오피스텔_전월세,신촌 G&P NINE,노고산동,1-21,35.72,,30000,5,6,27,2020,신규,26.08~28.08,,,,,
마포구,11440,성산동,202606,오피스텔_전월세,상암미르웰한올림,성산동,593-5,16.36,,1000,85,13,29,2018,신규,26.08~27.08,,,,,
마포구,11440,상암동,202606,오피스텔_전월세,"상암DMC푸르지오시티, S-City",상암동,1596,17.68,,2000,72,16,27,2017,신규,26.06~27.06,,,,,
마포구,11440,성산동,202606,오피스텔_전월세,태림센트윈Ⅱ,성산동,592-2,25.87,,3000,135,9,27,2021,갱신,26.07~27.07,3000.0,133.0,,,
마포구,11440,신공덕동,202606,오피스텔_전월세,신공덕동 THE NEST 오피스텔,신공덕동,14-5,16.93,,500,67,12,13,2012,신규,26.06~27.06,,,,,
마포구,11440,공덕동,202606,오피스텔_전월세,공덕푸르지오시티,공덕동,475,38.15,,30000,0,16,30,2013,신규,26.07~28.07,,,,,
마포구,11440,공덕동,202606,오피스텔_전월세,공덕푸르지오시티,공덕동,475,38.15,,30000,0,16,30,2013,신규,26.07~28.07,,,,,
마포구,11440,상암동,202606,오피스텔_전월세,상암 한화 오벨리스크,상암동,1734,19.93,,500,70,2,29,2013,신규,26.07~27.07,,,,,
마포구,11440,공덕동,202606,오피스텔_전월세,솔리스타,공덕동,30-10,18.79,,5000,65,8,12,2018,갱신,26.08~28.08,10000.0,35.0,,,
마포구,11440,마포동,202606,오피스텔_전월세,나루,마포동,450,81.25,,5000,420,8,8,2022,신규,26.07~27.07,,,,,
마포구,11440,도화동,202606,오피스텔_전월세,마포트라팰리스,도화동,559,73.72,,4000,235,8,11,2006,신규,26.07~28.07,,,,,
마포구,11440,공덕동,202606,오피스텔_전월세,공덕 시티하우스,공덕동,115-45,39.69,,1000,100,11,17,2013,신규,26.06~27.06,,,,,
마포구,11440,신공덕동,202606,오피스텔_전월세,블루마리오피스텔,신공덕동,3-3,17.73,,1000,78,16,13,2017,신규,26.06~27.06,,,,,
마포구,11440,상수동,202606,오피스텔_전월세,상수 아뜨리에,상수동,93-89,14.6,,7600,28,6,30,2003,신규,26.07~28.07,,,,,
마포구,11440,상암동,202606,오피스텔_전월세,태림펜트윈,상암동,1293,26.43,,4000,140,5,25,2021,신규,26.06~28.06,,,,,
마포구,11440,공덕동,202606,오피스텔_전월세,공덕오피스타,공덕동,12-98,16.88,,11600,13,6,20,2013,갱신,26.07~28.07,11600.0,10.0,,,
마포구,11440,도화동,202606,오피스텔_전월세,나눔빌딩,도화동,571,26.25,,1000,95,19,26,2015,신규,26.07~28.07,,,,,
마포구,11440,상암동,202606,오피스텔_전월세,상암 한화 오벨리스크,상암동,1734,19.93,,500,70,8,29,2013,신규,26.08~27.08,,,,,
마포구,11440,신공덕동,202606,오피스텔_전월세,펜트라우스,신공덕동,172,42.94,,36300,0,14,29,2011,갱신,26.09~28.09,34600.0,,사용,,
마포구,11440,노고산동,202606,오피스텔_전월세,신촌르·메이에르타운(Ⅱ),노고산동,31-90,28.32,,1000,80,12,8,1999,신규,26.06~27.12,,,,,
마포구,11440,아현동,202606,오피스텔_전월세,효성인텔리안,아현동,733,29.17,,1000,85,7,18,2005,신규,26.07~27.07,,,,,
마포구,11440,공덕동,202606,오피스텔_전월세,블레스하임 3차,공덕동,111-106,23.79,,28000,0,16,23,2022,갱신,26.08~28.08,27000.0,,사용,,
마포구,11440,염리동,202606,오피스텔_전월세,삼부골든타워,염리동,164-4,48.6,,12000,90,9,20,2003,갱신,26.06~27.06,12000.0,85.0,,,
마포구,11440,상암동,202606,오피스텔_전월세,사보이시티디엠씨,상암동,1597,21.65,,1000,73,11,29,2016,신규,26.06~27.06,,,,,
마포구,11440,상암동,202606,오피스텔_전월세,상암 한화 오벨리스크,상암동,1734,19.93,,500,65,8,12,2013,신규,26.06~27.06,,,,,
마포구,11440,도화동,202606,오피스텔_전월세,에스케이허브그린,도화동,556,44.03,,30000,28,19,17,2005,신규,26.08~28.08,,,,,
마포구,11440,성산동,202606,오피스텔_전월세,상암월드시티,성산동,590-5,19.81,,500,80,14,6,2014,갱신,26.06~27.06,500.0,77.0,사용,,
마포구,11440,서교동,202606,오피스텔_전월세,엠제이더퍼스트홍대,서교동,371-7,18.76,,1000,130,13,8,2018,신규,26.06~27.06,,,,,
마포구,11440,성산동,202606,오피스텔_전월세,상암미르웰한올림,성산동,593-5,16.36,,13600,14,12,29,2018,신규,26.08~28.08,,,,,
마포구,11440,노고산동,202606,오피스텔_전월세,신촌르·메이에르타운(Ⅱ),노고산동,31-90,31.54,,1000,80,13,22,1999,신규,26.07~28.06,,,,,
마포구,11440,성산동,202606,오피스텔_전월세,상암 퍼스티지 더올림 오피스텔,성산동,591-6,17.3,,1000,83,9,26,2018,신규,26.06~27.06,,,,,
마포구,11440,대흥동,202606,오피스텔_전월세,이대역 푸르지오 시티,대흥동,12-27,28.8,,10000,70,11,26,2013,신규,26.08~28.08,,,,,
마포구,11440,성산동,202606,오피스텔_전월세,상암월드시티,성산동,590-5,19.81,,1000,80,5,23,2014,신규,26.06~27.06,,,,,
마포구,11440,성산동,202606,오피스텔_전월세,헤리티지 삼영,성산동,593-6,17.11,,2000,70,3,8,2024,신규,26.06~27.06,,,,,
마포구,11440,성산동,202606,오피스텔_전월세,상암 스위트포레,성산동,591-5,18.55,,1000,75,14,10,2016,신규,26.06~27.06,,,,,
마포구,11440,상암동,202606,오피스텔_전월세,상암 오벨리스크 2차,상암동,1748,24.2,,1000,70,7,21,2014,신규,26.06~27.06,,,,,
마포구,11440,도화동,202606,오피스텔_전월세,에스케이허브그린,도화동,556,27.79,,1000,84,6,6,2005,신규,26.07~27.07,,,,,
마포구,11440,상암동,202606,오피스텔_전월세,상암 오벨리스크 2차,상암동,1748,20.7,,12000,0,4,13,2014,신규,26.07~28.07,,,,,
마포구,11440,공덕동,202606,오피스텔_전월세,공덕푸르지오시티,공덕동,475,31.12,,5000,110,12,23,2013,신규,26.07~27.07,,,,,
마포구,11440,공덕동,202606,오피스텔_전월세,(15-3),공덕동,15-3,19.72,,1000,60,6,26,2002,신규,26.06~28.06,,,,,
마포구,11440,공덕동,202606,오피스텔_전월세,블레스하임-ll,공덕동,108-65,33.7,,36000,0,7,27,2020,신규,26.10~28.10,,,,,
마포구,11440,성산동,202606,오피스텔_전월세,마포상암시티프라디움리버,성산동,593-7,17.02,,1000,89,11,22,2021,신규,26.06~27.06,,,,,
마포구,11440,공덕동,202606,오피스텔_전월세,(15-3),공덕동,15-3,22.02,,2000,40,6,22,2002,신규,26.06~28.06,,,,,
마포구,11440,도화동,202606,오피스텔_전월세,에스케이허브그린,도화동,556,27.79,,17000,5,7,23,2005,신규,26.10~28.10,,,,,
마포구,11440,도화동,202606,오피스텔_전월세,마포트라팰리스,도화동,559,80.3,,80000,0,30,26,2006,갱신,26.07~28.07,40000.0,100.0,,,
마포구,11440,공덕동,202606,오피스텔_전월세,블레스하임-ll,공덕동,108-65,23.5,,27500,0,14,18,2020,신규,26.06~28.06,,,,,
마포구,11440,공덕동,202606,오피스텔_전월세,공덕푸르지오시티,공덕동,475,31.16,,24300,0,10,13,2013,신규,26.07~28.07,,,,,
마포구,11440,상암동,202606,오피스텔_전월세,상암 한화 오벨리스크,상암동,1734,19.93,,500,70,5,17,2013,갱신,26.08~27.08,500.0,68.0,,,
마포구,11440,성산동,202606,오피스텔_전월세,상암미르웰한올림,성산동,593-5,16.36,,4000,71,11,26,2018,신규,26.06~27.06,,,,,
마포구,11440,상암동,202606,오피스텔_전월세,"상암DMC푸르지오시티, S-City",상암동,1596,20.32,,1000,85,11,26,2017,신규,26.06~27.06,,,,,
마포구,11440,성산동,202606,오피스텔_전월세,상암미르웰한올림,성산동,593-5,16.36,,1000,80,7,19,2018,신규,26.07~27.07,,,,,
마포구,11440,성산동,202606,오피스텔_전월세,상암미르웰한올림,성산동,593-5,16.36,,1000,80,3,3,2018,신규,26.06~27.06,,,,,
마포구,11440,성산동,202606,오피스텔_전월세,상암미르웰한올림,성산동,593-5,16.36,,13600,19,3,25,2018,갱신,26.07~27.07,14500.0,12.0,,,
마포구,11440,성산동,202606,오피스텔_전월세,헤리티지 삼영,성산동,593-6,17.11,,1000,77,6,25,2024,신규,26.07~27.07,,,,,
마포구,11440,성산동,202606,오피스텔_전월세,상암미르웰한올림,성산동,593-5,16.36,,5000,60,3,26,2018,갱신,26.07~27.07,5000.0,44.0,,,
마포구,11440,성산동,202606,오피스텔_전월세,마포클레세,성산동,592-8,19.73,,23200,0,15,14,2022,갱신,26.06~28.06,23200.0,,,,
마포구,11440,상암동,202606,오피스텔_전월세,상암 한화 오벨리스크,상암동,1734,19.93,,1000,63,9,25,2013,갱신,26.06~27.06,1000.0,60.0,,,
마포구,11440,도화동,202606,오피스텔_전월세,나눔빌딩,도화동,571,26.25,,1000,95,8,26,2015,신규,26.09~27.09,,,,,
마포구,11440,공덕동,202606,오피스텔_전월세,공덕푸르지오시티,공덕동,475,38.15,,30000,0,16,25,2013,신규,26.07~28.07,,,,,
마포구,11440,상암동,202606,오피스텔_전월세,"상암DMC푸르지오시티, S-City",상암동,1596,33.83,,30870,0,15,23,2017,신규,26.07~28.07,,,,,
마포구,11440,서교동,202606,오피스텔_전월세,노벨리아 서교,서교동,354-9,18,,21000,0,8,17,2018,신규,26.06~28.06,,,,,
마포구,11440,상암동,202606,오피스텔_전월세,상암 오벨리스크 2차,상암동,1748,24.2,,13000,15,3,19,2014,신규,26.07~28.07,,,,,
마포구,11440,성산동,202606,오피스텔_전월세,상암미르웰한올림,성산동,593-5,16.36,,1000,82,10,10,2018,갱신,26.07~27.07,1000.0,78.0,사용,,
마포구,11440,아현동,202606,오피스텔_전월세,아현시티,아현동,327-10,36.89,,34300,0,9,23,2020,신규,26.08~28.08,,,,,
마포구,11440,상암동,202606,오피스텔_전월세,상암 오벨리스크 2차,상암동,1748,20.7,,500,74,4,10,2014,신규,26.07~27.07,,,,,
마포구,11440,서교동,202606,오피스텔_전월세,노벨리아 서교,서교동,354-9,18,,19000,0,8,22,2018,신규,26.07~28.07,,,,,
마포구,11440,노고산동,202606,오피스텔_전월세,광명빌,노고산동,54-47,16.08,,1000,50,4,3,2004,신규,26.06~27.06,,,,,
마포구,11440,합정동,202606,오피스텔_전월세,스퀘어리버뷰합정,합정동,382-20,18.86,,27000,0,6,23,2021,신규,26.07~27.07,,,,,
마포구,11440,도화동,202606,오피스텔_전월세,고려아카데미텔,도화동,36,20.25,,13500,0,16,25,1988,신규,26.10~28.10,,,,,
마포구,11440,합정동,202606,오피스텔_전월세,일신오피스텔,합정동,376-7,25.04,,2000,50,4,3,2002,신규,26.06~28.06,,,,,
마포구,11440,성산동,202606,오피스텔_전월세,상암미르웰한올림,성산동,593-5,16.36,,5000,60,12,25,2018,갱신,26.06~27.06,1000.0,76.0,,,
마포구,11440,성산동,202606,오피스텔_전월세,동우 자인채 스토리 상암,성산동,593-3,16.35,,13000,10,13,25,2018,신규,26.08~28.08,,,,,
마포구,11440,성산동,202606,오피스텔_전월세,엔트라움마포,성산동,232-1,34.53,,37500,0,6,25,2023,갱신,26.06~28.06,35800.0,,사용,,
마포구,11440,도화동,202606,오피스텔_전월세,고려아카데미텔,도화동,36,20.25,,5000,40,9,21,1988,신규,26.06~28.06,,,,,
마포구,11440,성산동,202606,오피스텔_전월세,엔트라움마포,성산동,232-1,34.72,,37000,0,5,23,2023,신규,26.08~28.08,,,,,
마포구,11440,상암동,202606,오피스텔_전월세,상암 한화 오벨리스크,상암동,1734,19.93,,500,66,7,24,2013,갱신,26.08~28.08,500.0,63.0,사용,,
마포구,11440,서교동,202606,오피스텔_전월세,엠제이 더퍼스트 마포한강,서교동,393-1,15.56,,10000,55,6,13,2019,신규,26.06~28.06,,,,,
마포구,11440,상암동,202606,오피스텔_전월세,"상암DMC푸르지오시티, S-City",상암동,1596,20.48,,1000,80,5,11,2017,갱신,26.06~27.06,1000.0,78.0,,,
마포구,11440,성산동,202606,오피스텔_전월세,상암미르웰한올림,성산동,593-5,16.36,,1000,85,9,24,2018,신규,26.08~27.08,,,,,
마포구,11440,신정동,202606,오피스텔_전월세,농은오피스텔,신정동,96-32,27.45,,7000,23,3,11,2002,갱신,26.07~28.07,7000.0,21.0,,,
마포구,11440,신공덕동,202606,오피스텔_전월세,갑을명가시티2,신공덕동,1-48,16.76,,1000,70,4,9,,신규,26.06~27.06,,,,,
마포구,11440,성산동,202606,오피스텔_전월세,상암 우남퍼스트빌스타,성산동,592-5,16.91,,13900,10,9,16,2017,신규,26.06~27.06,,,,,
마포구,11440,공덕동,202606,오피스텔_전월세,마포 신영 지웰,공덕동,461,28.5,,24500,0,11,20,2004,신규,26.07~28.07,,,,,
마포구,11440,성산동,202606,오피스텔_전월세,상암 우남퍼스트빌스타,성산동,592-5,16.91,,1000,71,17,13,2017,신규,26.06~27.06,,,,,
마포구,11440,상암동,202606,오피스텔_전월세,상암 한화 오벨리스크,상암동,1734,24.22,,1000,70,8,23,2013,신규,26.06~27.06,,,,,
마포구,11440,성산동,202606,오피스텔_전월세,KCC상암스튜디오380,성산동,590-4,20.35,,13000,20,8,24,2014,갱신,26.08~28.08,13500.0,15.0,사용,,
마포구,11440,상암동,202606,오피스텔_전월세,상암 한화 오벨리스크,상암동,1734,19.93,,1000,63,9,8,2013,갱신,26.07~27.07,1000.0,60.0,,,
마포구,11440,성산동,202606,오피스텔_전월세,상암 퍼스티지 더올림 오피스텔,성산동,591-6,17.14,,15100,9,6,20,2018,신규,26.07~28.07,,,,,
마포구,11440,공덕동,202606,오피스텔_전월세,공덕푸르지오시티,공덕동,475,31.28,,1000,110,15,9,2013,신규,26.08~27.08,,,,,
마포구,11440,상암동,202606,오피스텔_전월세,상암 한화 오벨리스크,상암동,1734,19.93,,500,70,4,5,2013,신규,26.06~27.06,,,,,
마포구,11440,공덕동,202606,오피스텔_전월세,솔리스타,공덕동,30-10,21.49,,150,150,3,23,2018,신규,26.07~26.08,,,,,
마포구,11440,성산동,202606,오피스텔_전월세,마포클레세,성산동,592-8,20.63,,1000,110,10,20,2022,신규,26.08~27.08,,,,,
마포구,11440,아현동,202606,오피스텔_전월세,효성인텔리안,아현동,733,21.9,,1000,68,7,23,2005,신규,26.07~27.07,,,,,
마포구,11440,공덕동,202606,오피스텔_전월세,블레스하임 3차,공덕동,111-106,38.13,,40700,0,15,22,2022,갱신,26.06~28.06,38850.0,,,,
마포구,11440,신공덕동,202606,오피스텔_전월세,갑을명가시티2,신공덕동,1-48,16.76,,1000,63,6,21,,갱신,26.07~27.07,1000.0,60.0,사용,,
마포구,11440,성산동,202606,오피스텔_전월세,상암미르웰한올림,성산동,593-5,16.36,,13600,15,7,23,2018,갱신,26.07~27.07,14800.0,10.0,사용,,
마포구,11440,아현동,202606,오피스텔_전월세,효성인텔리안,아현동,733,21.9,,1000,70,14,3,2005,신규,26.06~27.06,,,,,
마포구,11440,노고산동,202606,오피스텔_전월세,에피소드 신촌 369,노고산동,57-50,29.85,,3000,265,18,18,2021,신규,26.06~27.06,,,,,
마포구,11440,성산동,202606,오피스텔_전월세,KCC상암스튜디오380,성산동,590-4,20.35,,13200,23,3,20,2014,신규,26.07~28.07,,,,,
마포구,11440,아현동,202606,오피스텔_전월세,우리家,아현동,353-4,33.59,,27000,38,6,13,2020,갱신,26.07~27.07,27000.0,32.0,,,
마포구,11440,성산동,202606,오피스텔_전월세,상암 우남퍼스트빌스타,성산동,592-5,16.69,,3000,68,11,20,2017,신규,26.06~27.06,,,,,
마포구,11440,상암동,202606,오피스텔_전월세,상암 한화 오벨리스크,상암동,1734,19.93,,500,70,2,22,2013,신규,26.07~27.07,,,,,
마포구,11440,성산동,202606,오피스텔_전월세,상암미르웰한올림,성산동,593-5,16.36,,7950,55,11,12,2018,갱신,26.06~27.06,8000.0,55.0,,,
마포구,11440,상암동,202606,오피스텔_전월세,상암 한화 오벨리스크,상암동,1734,19.93,,5000,45,7,17,2013,신규,26.07~27.07,,,,,
마포구,11440,상암동,202606,오피스텔_전월세,"상암DMC푸르지오시티, S-City",상암동,1596,18.81,,1000,82,13,22,2017,신규,26.06~27.06,,,,,
마포구,11440,아현동,202606,오피스텔_전월세,마포 에스케이 허브 블루,아현동,737,31.09,,3000,74,10,20,2006,갱신,26.06~28.06,3000.0,70.0,사용,,
마포구,11440,공덕동,202606,오피스텔_전월세,블레스하임 3차,공덕동,111-106,23.79,,27800,0,9,22,2022,신규,26.07~28.07,,,,,
마포구,11440,공덕동,202606,오피스텔_전월세,백상프로포즈오피스텔,공덕동,26-7,49,,29500,0,3,21,2012,신규,26.08~28.08,,,,,
마포구,11440,공덕동,202606,오피스텔_전월세,공덕푸르지오시티,공덕동,475,32.07,,1000,105,6,20,2013,갱신,26.07~27.07,1000.0,100.0,사용,,
마포구,11440,노고산동,202606,오피스텔_전월세,신촌르·메이에르타운(I),노고산동,57-18,22.79,,500,67,11,11,1999,신규,26.07~27.06,,,,,
마포구,11440,성산동,202606,오피스텔_전월세,KCC상암스튜디오380,성산동,590-4,20.35,,1000,78,7,20,2014,갱신,26.07~27.07,1000.0,75.0,사용,,
마포구,11440,성산동,202606,오피스텔_전월세,동우 자인채 스토리 상암,성산동,593-3,24.25,,6000,70,4,22,2018,신규,26.07~28.07,,,,,
마포구,11440,공덕동,202606,오피스텔_전월세,헤이븐 오피스텔,공덕동,17-67,20.36,,1000,77,7,12,2020,갱신,26.06~27.06,1000.0,74.0,,,
마포구,11440,신공덕동,202606,오피스텔_전월세,갑을명가시티2,신공덕동,1-48,16.76,,1000,66,5,10,,신규,26.06~27.06,,,,,
마포구,11440,도화동,202606,오피스텔_전월세,나눔빌딩,도화동,571,23.04,,1000,85,20,18,2015,신규,26.07~27.07,,,,,
마포구,11440,성산동,202606,오피스텔_전월세,상암 우남퍼스트빌스타,성산동,592-5,16.91,,1000,75,10,20,2017,신규,26.06~27.06,,,,,
마포구,11440,상암동,202606,오피스텔_전월세,"상암DMC푸르지오시티, S-City",상암동,1596,18.96,,3000,70,16,10,2017,신규,26.06~27.06,,,,,
마포구,11440,성산동,202606,오피스텔_전월세,상암 우남퍼스트빌스타,성산동,592-5,16.91,,1000,75,12,19,2017,신규,26.06~27.06,,,,,
마포구,11440,성산동,202606,오피스텔_전월세,헤리티지 삼영,성산동,593-6,20.24,,16000,23,3,20,2024,신규,26.07~28.07,,,,,
마포구,11440,성산동,202606,오피스텔_전월세,벽산상암스마트큐브,성산동,593-1,26,,200,110,5,20,2017,신규,26.07~27.05,,,,,
마포구,11440,도화동,202606,오피스텔_전월세,마포트라팰리스,도화동,559,80.3,,74000,0,4,4,2006,갱신,26.07~28.07,72000.0,,,,
마포구,11440,성산동,202606,오피스텔_전월세,상암 두산위브센티움,성산동,590-1,23.24,,1000,85,7,20,2013,신규,26.08~27.08,,,,,
마포구,11440,성산동,202606,오피스텔_전월세,상암미르웰한올림,성산동,593-5,16.36,,8000,55,11,12,2018,갱신,26.06~27.06,8000.0,51.0,,,
마포구,11440,상암동,202606,오피스텔_전월세,상암 한화 오벨리스크,상암동,1734,19.93,,500,70,5,15,2013,신규,26.06~27.06,,,,,
마포구,11440,대흥동,202606,오피스텔_전월세,이대역 푸르지오 시티,대흥동,12-27,29.14,,21000,20,9,22,2013,신규,26.07~28.07,,,,,
마포구,11440,성산동,202606,오피스텔_전월세,마포상암시티프라디움리버,성산동,593-7,17.02,,7000,62,8,20,2021,갱신,26.07~27.07,5000.0,65.0,,,
마포구,11440,노고산동,202606,오피스텔_전월세,다손오피스텔,노고산동,56-52,21.24,,1000,65,1,11,2003,신규,26.07~28.07,,,,,
마포구,11440,상암동,202606,오피스텔_전월세,상암 오벨리스크 2차,상암동,1748,24.2,,430,78,8,13,2014,갱신,26.06~27.06,490.0,74.0,,,
마포구,11440,상암동,202606,오피스텔_전월세,상암 한화 오벨리스크,상암동,1734,19.93,,3000,53,5,16,2013,신규,26.07~27.06,,,,,
마포구,11440,성산동,202606,오피스텔_전월세,상암 카리스 다올림 오피스텔,성산동,593-11,21.96,,3700,90,7,19,2018,갱신,26.06~27.06,3700.0,88.0,,,
마포구,11440,상암동,202606,오피스텔_전월세,태림펜트윈,상암동,1293,17.68,,1000,110,3,9,2021,갱신,26.06~27.06,1000.0,100.0,,,
마포구,11440,성산동,202606,오피스텔_전월세,상암미르웰한올림,성산동,593-5,16.36,,4000,70,13,19,2018,신규,26.08~27.08,,,,,
마포구,11440,신공덕동,202606,오피스텔_전월세,공덕프로포즈Ⅱ,신공덕동,15-80,18.53,,1000,65,7,13,2015,신규,26.06~27.06,,,,,
마포구,11440,공덕동,202606,오피스텔_전월세,대성힐스오피스텔,공덕동,26-4,18.65,,12600,21,5,12,2016,갱신,26.07~28.07,12600.0,18.0,,,
마포구,11440,성산동,202606,오피스텔_전월세,KCC상암스튜디오380,성산동,590-4,20.35,,13500,17,3,16,2014,갱신,26.08~28.08,13500.0,17.0,사용,,
마포구,11440,공덕동,202606,오피스텔_전월세,블레스하임-ll,공덕동,108-65,27.27,,28300,0,5,19,2020,갱신,26.07~28.07,27800.0,,,,
마포구,11440,성산동,202606,오피스텔_전월세,벽산상암스마트큐브,성산동,593-1,19.2,,2000,66,4,9,2017,갱신,26.08~27.08,2000.0,63.0,,,
마포구,11440,성산동,202606,오피스텔_전월세,상암 우남퍼스트빌스타,성산동,592-5,16.79,,1000,78,20,18,2017,신규,26.06~27.06,,,,,
마포구,11440,성산동,202606,오피스텔_전월세,상암월드시티,성산동,590-5,19.81,,10000,25,7,13,2014,신규,26.07~28.07,,,,,
마포구,11440,아현동,202606,오피스텔_전월세,마포 에스케이 허브 블루,아현동,737,33.7,,1000,82,3,15,2006,신규,26.06~27.06,,,,,
마포구,11440,성산동,202606,오피스텔_전월세,벽산상암스마트큐브,성산동,593-1,19.2,,13950,20,9,19,2017,신규,26.08~28.08,,,,,
마포구,11440,성산동,202606,오피스텔_전월세,상암 스위트포레,성산동,591-5,18.55,,1000,75,8,8,2016,신규,26.07~27.06,,,,,
마포구,11440,성산동,202606,오피스텔_전월세,상암 두산위브센티움,성산동,590-1,23.24,,1000,72,6,12,2013,갱신,26.06~27.06,1000.0,69.0,,,
마포구,11440,공덕동,202606,오피스텔_전월세,공덕푸르지오시티,공덕동,475,27.74,,22000,0,20,18,2013,신규,26.08~28.08,,,,,
마포구,11440,성산동,202606,오피스텔_전월세,상암미르웰한올림,성산동,593-5,16.36,,1000,79,3,4,2018,갱신,26.07~27.07,1000.0,76.0,,,
마포구,11440,노고산동,202606,오피스텔_전월세,에피소드 신촌 369,노고산동,57-50,28.58,,1000,240,5,8,2021,신규,26.06~27.06,,,,,
마포구,11440,신공덕동,202606,오피스텔_전월세,갑을명가시티2,신공덕동,1-48,16.76,,1000,70,10,6,,신규,26.06~27.06,,,,,
마포구,11440,성산동,202606,오피스텔_전월세,헤리티지 삼영,성산동,593-6,20.24,,21700,3,5,15,2024,갱신,26.06~27.06,21700.0,,사용,,
마포구,11440,상암동,202606,오피스텔_전월세,상암 한화 오벨리스크,상암동,1734,19.93,,5500,43,5,10,2013,갱신,26.07~27.07,5500.0,40.0,사용,,
마포구,11440,공덕동,202606,오피스텔_전월세,공덕푸르지오시티,공덕동,475,27.74,,15000,44,15,17,2013,신규,26.08~28.08,,,,,
마포구,11440,상암동,202606,오피스텔_전월세,상암 한화 오벨리스크,상암동,1734,19.93,,8000,34,6,17,2013,갱신,26.08~27.08,8000.0,31.0,,,
마포구,11440,노고산동,202606,오피스텔_전월세,신촌르·메이에르타운(Ⅱ),노고산동,31-90,26.07,,13000,0,15,16,1999,신규,26.07~28.07,,,,,
마포구,11440,아현동,202606,오피스텔_전월세,효성인텔리안,아현동,733,33.17,,1000,90,13,16,2005,갱신,26.06~27.06,1000.0,90.0,,,
마포구,11440,성산동,202606,오피스텔_전월세,상암 수린나 오피스텔,성산동,593-2,17.55,,1000,80,5,8,2018,신규,26.06~28.06,,,,,
마포구,11440,성산동,202606,오피스텔_전월세,상암월드시티,성산동,590-5,19.81,,1000,80,4,13,2014,신규,26.06~27.06,,,,,
마포구,11440,성산동,202606,오피스텔_전월세,상암미르웰한올림,성산동,593-5,16.36,,13000,25,4,16,2018,신규,26.08~27.08,,,,,
마포구,11440,성산동,202606,오피스텔_전월세,상암 스위트포레,성산동,591-5,18.55,,12000,25,7,13,2016,신규,26.07~28.07,,,,,
마포구,11440,성산동,202606,오피스텔_전월세,태림센트윈Ⅱ,성산동,592-2,21.23,,26000,0,11,16,2021,신규,26.07~28.07,,,,,
마포구,11440,염리동,202606,오피스텔_전월세,삼부골든타워,염리동,164-4,32.5,,1000,110,7,17,2003,신규,26.06~28.06,,,,,
마포구,11440,성산동,202606,오피스텔_전월세,상암월드시티,성산동,590-5,29.68,,1000,95,7,16,2014,신규,26.06~27.06,,,,,
마포구,11440,성산동,202606,오피스텔_전월세,상암 우남퍼스트빌스타,성산동,592-5,16.86,,1000,75,9,8,2017,신규,26.06~28.06,,,,,
마포구,11440,성산동,202606,오피스텔_전월세,상암 우남퍼스트빌스타,성산동,592-5,16.86,,1000,82,19,17,2017,신규,26.08~27.08,,,,,
마포구,11440,합정동,202606,오피스텔_전월세,마포 한강 2차 푸르지오,합정동,473,25.49,,31000,0,20,6,2016,신규,26.07~28.07,,,,,
마포구,11440,신공덕동,202606,오피스텔_전월세,블레스하임,신공덕동,13-15,35.91,,35230,0,3,13,2019,신규,26.08~28.08,,,,,
마포구,11440,아현동,202606,오피스텔_전월세,마포 에스케이 허브 블루,아현동,737,30.06,,1000,80,18,11,2006,갱신,26.06~28.06,1000.0,70.0,,,
마포구,11440,공덕동,202606,오피스텔_전월세,마포현대하이엘,공덕동,463,31.38,,22000,0,4,15,2005,신규,26.09~28.09,,,,,
마포구,11440,상암동,202606,오피스텔_전월세,상암 오벨리스크 2차,상암동,1748,24.2,,12000,25,3,15,2014,신규,26.07~28.07,,,,,
마포구,11440,아현동,202606,오피스텔_전월세,효성인텔리안,아현동,733,25.75,,10000,45,8,12,2005,갱신,26.06~27.06,10000.0,40.0,,,
마포구,11440,성산동,202606,오피스텔_전월세,상암미르웰한올림,성산동,593-5,16.36,,14500,20,10,16,2018,갱신,26.07~28.07,14500.0,20.0,사용,,
마포구,11440,상암동,202606,오피스텔_전월세,상암 한화 오벨리스크,상암동,1734,19.93,,500,68,5,15,2013,신규,26.07~27.07,,,,,
마포구,11440,공덕동,202606,오피스텔_전월세,공덕푸르지오시티,공덕동,475,32.07,,24300,11,9,4,2013,신규,26.08~28.08,,,,,
마포구,11440,공덕동,202606,오피스텔_전월세,헤이븐 오피스텔,공덕동,17-67,17.91,,10000,26,5,16,2020,신규,26.08~28.08,,,,,
마포구,11440,신수동,202606,오피스텔_전월세,금강오피스텔,신수동,103-6,22.68,,11000,2,2,8,2002,신규,26.07~28.07,,,,,
마포구,11440,노고산동,202606,오피스텔_전월세,(1-1),노고산동,1-1,31.37,,1000,110,10,12,1998,신규,26.06~27.06,,,,,
마포구,11440,성산동,202606,오피스텔_전월세,상암 두산위브센티움,성산동,590-1,23.07,,1000,74,5,13,2013,신규,26.08~27.08,,,,,
마포구,11440,상암동,202606,오피스텔_전월세,상암 한화 오벨리스크,상암동,1734,19.93,,1000,65,9,9,2013,갱신,26.06~27.06,12500.0,,,,
마포구,11440,성산동,202606,오피스텔_전월세,상암 우남퍼스트빌스타,성산동,592-5,16.91,,1000,82,16,9,2017,신규,26.06~27.06,,,,,
마포구,11440,도화동,202606,오피스텔_전월세,에비뉴 67,도화동,573,23.79,,1000,87,13,8,2021,신규,26.06~27.06,,,,,
마포구,11440,공덕동,202606,오피스텔_전월세,공덕푸르지오시티,공덕동,475,34.39,,26000,0,8,13,2013,신규,26.07~28.07,,,,,
마포구,11440,서교동,202606,오피스텔_전월세,노벨리아 서교,서교동,354-9,18,,1000,93,7,7,2018,신규,26.06~27.06,,,,,
마포구,11440,도화동,202606,오피스텔_전월세,고려아카데미텔,도화동,36,20.25,,5000,30,5,11,1988,신규,26.06~27.06,,,,,
마포구,11440,상암동,202606,오피스텔_전월세,"상암DMC푸르지오시티, S-City",상암동,1596,24.6,,3000,80,11,10,2017,신규,26.06~27.06,,,,,
마포구,11440,공덕동,202606,오피스텔_전월세,에스테반 오피스텔,공덕동,16-10,18.94,,10000,20,16,12,,신규,26.08~28.08,,,,,
마포구,11440,공덕동,202606,오피스텔_전월세,공덕푸르지오시티,공덕동,475,27.74,,1000,105,18,12,2013,신규,26.09~27.08,,,,,
마포구,11440,도화동,202606,오피스텔_전월세,고려아카데미텔,도화동,36,20.25,,1000,70,7,5,1988,신규,26.06~27.06,,,,,
마포구,11440,도화동,202606,오피스텔_전월세,고려아카데미텔,도화동,36,20.25,,13500,0,17,15,1988,신규,26.08~28.08,,,,,
마포구,11440,아현동,202606,오피스텔_전월세,마포 에스케이 허브 블루,아현동,737,31.09,,2000,75,6,4,2006,신규,26.06~27.06,,,,,
마포구,11440,신공덕동,202606,오피스텔_전월세,공덕프로포즈Ⅱ,신공덕동,15-80,18.53,,14000,10,3,15,2015,신규,26.07~27.07,,,,,
마포구,11440,도화동,202606,오피스텔_전월세,나눔빌딩,도화동,571,23.04,,18000,25,7,13,2015,신규,26.09~27.09,,,,,
마포구,11440,상암동,202606,오피스텔_전월세,상암 한화 오벨리스크,상암동,1734,24.22,,500,69,4,10,2013,신규,26.06~27.06,,,,,
마포구,11440,도화동,202606,오피스텔_전월세,나눔빌딩,도화동,571,26.25,,19500,13,9,13,2015,갱신,26.07~28.07,19500.0,10.0,사용,,
마포구,11440,상수동,202606,오피스텔_전월세,오벨리스크,상수동,339-15,21.6,,12000,0,3,13,2002,갱신,26.07~28.07,11500.0,,,,
마포구,11440,대흥동,202606,오피스텔_전월세,이대역 푸르지오 시티,대흥동,12-27,29.14,,1500,105,7,8,2013,신규,26.06~27.06,,,,,
마포구,11440,도화동,202606,오피스텔_전월세,고려아카데미텔,도화동,36,20.25,,1000,55,12,3,1988,신규,26.06~28.06,,,,,
마포구,11440,성산동,202606,오피스텔_전월세,마포클레세,성산동,592-8,24.92,,27000,0,9,13,2022,신규,26.07~28.07,,,,,
마포구,11440,성산동,202606,오피스텔_전월세,상암 우남퍼스트빌스타,성산동,592-5,16.69,,13900,15,20,12,2017,신규,26.07~28.07,,,,,
마포구,11440,노고산동,202606,오피스텔_전월세,정호 오피스텔,노고산동,54-98,15.66,,1000,50,3,13,2004,신규,26.08~28.01,,,,,
마포구,11440,도화동,202606,오피스텔_전월세,고려아카데미텔,도화동,36,23.62,,16500,0,16,12,1988,신규,26.07~28.07,,,,,
마포구,11440,대흥동,202606,오피스텔_전월세,이대역 푸르지오 시티,대흥동,12-27,28.8,,6000,85,12,5,2013,갱신,26.06~27.06,6000.0,85.0,,,
마포구,11440,도화동,202606,오피스텔_전월세,마포트라팰리스,도화동,559,55.92,,2000,200,24,12,2006,신규,26.07~27.07,,,,,
마포구,11440,상암동,202606,오피스텔_전월세,태림펜트윈,상암동,1293,17.68,,3000,78,3,12,2021,갱신,26.09~28.09,3000.0,75.0,,,
마포구,11440,서교동,202606,오피스텔_전월세,동양한강트레벨,서교동,394-25,29.09,,9000,60,12,11,2004,신규,26.07~28.07,,,,,
마포구,11440,성산동,202606,오피스텔_전월세,동우 자인채 스토리 상암,성산동,593-3,24.25,,19800,10,3,11,2018,신규,26.07~28.07,,,,,
마포구,11440,성산동,202606,오피스텔_전월세,동우 자인채 스토리 상암,성산동,593-3,16.03,,1000,70,6,10,2018,신규,26.06~27.06,,,,,
마포구,11440,도화동,202606,오피스텔_전월세,고려아카데미텔,도화동,36,20.25,,14000,5,7,11,1988,갱신,26.07~28.07,14000.0,5.0,사용,,
마포구,11440,도화동,202606,오피스텔_전월세,마포트라팰리스,도화동,559,73.72,,60000,0,13,10,2006,신규,26.07~28.07,,,,,
마포구,11440,공덕동,202606,오피스텔_전월세,백상프로포즈오피스텔,공덕동,26-7,56.14,,33000,0,8,7,2012,신규,26.07~28.07,,,,,
마포구,11440,상암동,202606,오피스텔_전월세,상암 오벨리스크 2차,상암동,1748,24.2,,1000,80,7,11,2014,신규,26.07~28.07,,,,,
마포구,11440,공덕동,202606,오피스텔_전월세,대성힐스오피스텔,공덕동,26-4,18.75,,13000,15,5,10,2016,갱신,26.07~28.07,12700.0,15.0,,,
마포구,11440,공덕동,202606,오피스텔_전월세,에이크로아이트 마포,공덕동,1-13,34.83,,45000,0,11,5,2024,신규,26.06~28.06,,,,,
마포구,11440,공덕동,202606,오피스텔_전월세,마포 신영 지웰,공덕동,461,27.37,,2000,90,4,11,2004,신규,26.06~27.06,,,,,
마포구,11440,신공덕동,202606,오피스텔_전월세,갑을명가시티2,신공덕동,1-48,16.76,,10800,15,7,11,,신규,26.07~27.07,,,,,
마포구,11440,대흥동,202606,오피스텔_전월세,골드오피스텔,대흥동,3-32,20.3,,1000,75,3,9,2003,신규,26.06~28.06,,,,,
마포구,11440,성산동,202606,오피스텔_전월세,태림센트윈상암,성산동,593-10,18.94,,18000,25,12,6,2019,신규,26.07~28.07,,,,,
마포구,11440,신공덕동,202606,오피스텔_전월세,블루마리오피스텔,신공덕동,3-3,18.02,,16800,0,8,9,2017,갱신,26.08~28.08,16000.0,,,,
마포구,11440,도화동,202606,오피스텔_전월세,에스케이허브그린,도화동,556,27.79,,18000,0,17,10,2005,신규,26.08~28.08,,,,,
마포구,11440,대흥동,202606,오피스텔_전월세,이대역 푸르지오 시티,대흥동,12-27,27.06,,20000,0,12,1,2013,갱신,26.07~28.01,20000.0,,,,
마포구,11440,성산동,202606,오피스텔_전월세,상암 수린나 오피스텔,성산동,593-2,17.55,,1000,85,12,6,2018,신규,26.06~28.06,,,,,
마포구,11440,공덕동,202606,오피스텔_전월세,블레스하임 3차,공덕동,111-106,23.4,,28000,0,7,9,2022,신규,26.07~28.07,,,,,
마포구,11440,성산동,202606,오피스텔_전월세,상암 퍼스티지 더올림 오피스텔,성산동,591-6,17.14,,1000,79,5,6,2018,신규,26.07~28.07,,,,,
마포구,11440,노고산동,202606,오피스텔_전월세,신촌아이스페이스오피스텔,노고산동,57-46,35.22,,1000,100,10,1,2004,신규,26.08~27.08,,,,,
마포구,11440,상암동,202606,오피스텔_전월세,상암 한화 오벨리스크,상암동,1734,19.93,,3000,53,6,8,2013,신규,26.07~27.07,,,,,
마포구,11440,성산동,202606,오피스텔_전월세,동우 자인채 스토리 상암,성산동,593-3,16.35,,13800,0,5,9,2018,신규,26.06~28.06,,,,,
마포구,11440,상암동,202606,오피스텔_전월세,상암 한화 오벨리스크,상암동,1734,19.93,,5000,47,7,9,2013,신규,26.07~28.07,,,,,
마포구,11440,공덕동,202606,오피스텔_전월세,공덕푸르지오시티,공덕동,475,32.07,,24000,20,7,9,2013,신규,26.06~28.06,,,,,
마포구,11440,성산동,202606,오피스텔_전월세,동우 자인채 스토리 상암,성산동,593-3,16.35,,1000,75,13,8,2018,신규,26.06~27.06,,,,,
마포구,11440,염리동,202606,오피스텔_전월세,삼부골든타워,염리동,164-4,32.5,,1000,89,9,8,2003,갱신,26.06~27.06,1000.0,85.0,사용,,
마포구,11440,성산동,202606,오피스텔_전월세,상암 퍼스티지 더올림 오피스텔,성산동,591-6,17.14,,15100,9,4,1,2018,갱신,26.06~28.06,15300.0,5.0,사용,,
마포구,11440,성산동,202606,오피스텔_전월세,상암 우남퍼스트빌스타,성산동,592-5,16.69,,13900,15,20,8,2017,신규,26.07~28.07,,,,,
마포구,11440,성산동,202606,오피스텔_전월세,상암미르웰한올림,성산동,593-5,16.36,,1000,80,10,6,2018,신규,26.07~27.07,,,,,
마포구,11440,성산동,202606,오피스텔_전월세,벽산상암스마트큐브,성산동,593-1,19.2,,13900,11,3,8,2017,신규,26.07~28.07,,,,,
마포구,11440,성산동,202606,오피스텔_전월세,이안상암Ⅱ,성산동,592-6,65.96,,30000,31,11,6,2005,갱신,26.06~28.06,30000.0,25.0,,,
마포구,11440,성산동,202606,오피스텔_전월세,상암 퍼스티지 더올림 오피스텔,성산동,591-6,17.14,,15000,9,3,8,2018,신규,26.08~28.08,,,,,
마포구,11440,성산동,202606,오피스텔_전월세,상암미르웰한올림,성산동,593-5,16.36,,1000,85,9,6,2018,신규,26.07~27.07,,,,,
마포구,11440,도화동,202606,오피스텔_전월세,나눔빌딩,도화동,571,29.12,,2000,100,15,7,2015,신규,26.06~28.06,,,,,
마포구,11440,성산동,202606,오피스텔_전월세,벽산상암스마트큐브,성산동,593-1,26,,21600,11,7,6,2017,신규,26.08~28.08,,,,,
마포구,11440,신공덕동,202606,오피스텔_전월세,블루마리오피스텔,신공덕동,3-3,17.73,,4000,65,4,5,2017,갱신,26.06~27.06,4000.0,65.0,,,
마포구,11440,노고산동,202606,오피스텔_전월세,에스빌,노고산동,56-54,19.58,,7600,0,5,3,2003,갱신,26.06~28.06,7600.0,,,,
마포구,11440,상암동,202606,오피스텔_전월세,상암 한화 오벨리스크,상암동,1734,24.22,,3000,60,5,6,2013,신규,26.06~27.06,,,,,
마포구,11440,성산동,202606,오피스텔_전월세,KCC상암스튜디오380,성산동,590-4,20.35,,1000,80,4,3,2014,신규,26.06~27.06,,,,,
마포구,11440,성산동,202606,오피스텔_전월세,KCC상암스튜디오380,성산동,590-4,20.35,,1000,80,11,5,2014,신규,26.06~27.06,,,,,
마포구,11440,성산동,202606,오피스텔_전월세,마포상암시티프라디움리버,성산동,593-7,17.02,,1000,78,7,1,2021,갱신,26.06~27.06,1000.0,75.0,사용,,
마포구,11440,서교동,202606,오피스텔_전월세,명지한강빌드웰,서교동,394-45,24.73,,21000,0,14,3,2005,갱신,26.07~28.07,20000.0,,,,
마포구,11440,성산동,202606,오피스텔_전월세,상암 스위트포레,성산동,591-5,18.55,,12000,25,13,4,2016,신규,26.07~28.07,,,,,
마포구,11440,성산동,202606,오피스텔_전월세,태림센트윈Ⅱ,성산동,592-2,25.65,,31000,0,12,3,2021,갱신,26.06~28.06,30000.0,,,,
마포구,11440,성산동,202606,오피스텔_전월세,상암미르웰한올림,성산동,593-5,16.36,,1000,80,8,2,2018,신규,26.06~27.02,,,,,
마포구,11440,성산동,202606,오피스텔_전월세,벽산상암스마트큐브,성산동,593-1,19.2,,13900,20,5,5,2017,신규,26.07~28.07,,,,,
마포구,11440,상암동,202606,오피스텔_전월세,상암 오벨리스크 2차,상암동,1748,24.2,,1000,69,5,4,2014,신규,26.07~28.07,,,,,
마포구,11440,공덕동,202606,오피스텔_전월세,마포현대하이엘,공덕동,463,31.38,,22000,0,19,5,2005,갱신,26.08~28.08,21000.0,,,,
마포구,11440,합정동,202606,오피스텔_전월세,마포 한강 2차 푸르지오,합정동,473,25.7,,1000,120,13,2,2016,신규,26.07~27.07,,,,,
마포구,11440,상암동,202606,오피스텔_전월세,상암 한화 오벨리스크,상암동,1734,19.93,,500,68,8,2,2013,갱신,26.07~27.07,500.0,65.0,,,
마포구,11440,도화동,202606,오피스텔_전월세,고려아카데미텔,도화동,36,20.25,,13500,0,8,1,1988,신규,26.07~28.07,,,,,
마포구,11440,공덕동,202606,오피스텔_전월세,마포현대하이엘,공덕동,463,50.05,,10000,80,7,3,2005,신규,26.07~27.07,,,,,
마포구,11440,성산동,202606,오피스텔_전월세,마포클레세,성산동,592-8,24.92,,13000,60,4,3,2022,신규,26.06~28.06,,,,,
마포구,11440,서교동,202606,오피스텔_전월세,엘리트오피스텔,서교동,458-16,29.75,,1000,66,8,1,2003,신규,26.06~27.05,,,,,
마포구,11440,성산동,202606,오피스텔_전월세,동우 자인채 스토리 상암,성산동,593-3,16.03,,1000,77,5,4,2018,신규,26.06~27.06,,,,,
마포구,11440,성산동,202606,오피스텔_전월세,상암월드시티,성산동,590-5,16.52,,9000,17,5,3,2014,신규,26.07~28.07,,,,,
마포구,11440,도화동,202606,오피스텔_전월세,고려아카데미텔,도화동,36,20.25,,15000,0,10,4,1988,갱신,26.06~28.06,14700.0,,,,
마포구,11440,대흥동,202606,오피스텔_전월세,이대역 푸르지오 시티,대흥동,12-27,28.8,,3000,79,3,1,2013,갱신,26.07~28.07,3000.0,75.0,사용,,
마포구,11440,성산동,202606,오피스텔_전월세,상암미르웰한올림,성산동,593-5,16.36,,3000,80,12,2,2018,신규,26.07~27.07,,,,,
마포구,11440,성산동,202606,오피스텔_전월세,엔트라움마포,성산동,232-1,34.53,,38700,0,9,2,2023,신규,26.07~28.07,,,,,
마포구,11440,성산동,202606,오피스텔_전월세,상암월드시티,성산동,590-5,19.81,,3000,59,5,2,2014,신규,26.06~27.06,,,,,
마포구,11440,도화동,202606,오피스텔_전월세,마포트라팰리스,도화동,559,106.47,,75500,0,8,2,2006,갱신,26.08~28.08,72000.0,,사용,,
마포구,11440,상암동,202606,오피스텔_전월세,"상암DMC푸르지오시티, S-City",상암동,1596,18.24,,1000,80,14,2,2017,신규,26.06~27.06,,,,,
마포구,11440,성산동,202606,오피스텔_전월세,KCC상암스튜디오380,성산동,590-4,20.35,,5000,60,7,1,2014,신규,26.06~27.06,,,,,
마포구,11440,아현동,202606,오피스텔_전월세,마포 에스케이 허브 블루,아현동,737,30.91,,2000,80,16,2,2006,갱신,26.06~28.06,1000.0,80.0,,,
마포구,11440,공덕동,202606,오피스텔_전월세,벨로하우스 공덕,공덕동,111-201,50.93,,37000,0,4,1,2019,신규,26.08~28.08,,,,,
마포구,11440,상암동,202606,오피스텔_전월세,상암 한화 오벨리스크,상암동,1734,24.22,,5000,50,7,1,2013,신규,26.07~27.06,,,,,
마포구,11440,서교동,202606,오피스텔_전월세,명지한강빌드웰,서교동,394-45,39.18,,27000,0,15,1,2005,신규,26.06~28.06,,,,,
마포구,11440,성산동,202606,오피스텔_전월세,상암미르웰한올림,성산동,593-5,16.36,,2000,56,7,1,2018,신규,26.06~27.06,,,,,
마포구,11440,상암동,202606,오피스텔_전월세,상암 오벨리스크 2차,상암동,1748,25.48,,1000,78,9,1,2014,신규,26.06~27.06,,,,,
마포구,11440,성산동,202606,오피스텔_전월세,상암 수린나 오피스텔,성산동,593-2,17.55,,14500,15,5,1,2018,신규,26.07~28.07,,,,,
마포구,11440,성산동,202606,연립다세대_전월세,소노하우스성산1차,성산동,134-197,51.59,,35000,0,3,8,2017,,,,,,,
마포구,11440,연남동,202606,연립다세대_전월세,라센트라연남,연남동,361-10,37.14,,3000,170,6,4,2022,,,,,,,
마포구,11440,망원동,202606,연립다세대_전월세,현대타운,망원동,416-76,36.84,,18000,18,1,3,1990,,,,,,,
마포구,11440,노고산동,202606,연립다세대_전월세,앰버하우스16차,노고산동,20-73,23.71,,18375,0,4,1,2021,,,,,,,
마포구,11440,서교동,202606,연립다세대_전월세,문리빙,서교동,395-182,37.56,,4000,55,2,30,2002,갱신,26.07~28.07,4000.0,55.0,사용,,
마포구,11440,합정동,202606,연립다세대_전월세,세명파크빌,합정동,433-21,61.87,,30000,0,5,10,2010,신규,26.07~28.07,,,,,
마포구,11440,연남동,202606,연립다세대_전월세,화랑빌라,연남동,226-33,139.84,,6000,270,1,8,1984,갱신,26.06~29.06,6000.0,240.0,사용,,
마포구,11440,망원동,202606,연립다세대_전월세,대도주택,망원동,410-50,37.12,,2000,88,3,4,1991,신규,26.08~28.08,,,,,
마포구,11440,합정동,202606,연립다세대_전월세,호곡마을,합정동,355-17,56.52,,13000,75,3,10,2004,신규,26.07~28.07,,,,,
마포구,11440,합정동,202606,연립다세대_전월세,이레쉐르빌B동,합정동,436-12,54.63,,40000,0,4,10,2009,신규,26.09~28.09,,,,,
마포구,11440,서교동,202606,연립다세대_전월세,진흥하임,서교동,482-22,18.44,,13230,21,3,12,2012,갱신,26.08~27.08,12184.0,20.0,,,
마포구,11440,성산동,202606,연립다세대_전월세,성재센트리움,성산동,128-9,38.89,,30240,0,2,23,2018,신규,26.09~28.09,,,,,
마포구,11440,염리동,202606,연립다세대_전월세,(27-222),염리동,27-222,17.36,,1000,60,3,26,2013,신규,26.08~28.08,,,,,
마포구,11440,성산동,202606,연립다세대_전월세,동원스위트,성산동,242-6,41.88,,5165,18,2,9,2025,신규,26.06~28.08,,,,,
마포구,11440,서교동,202606,연립다세대_전월세,(458-26),서교동,458-26,17.96,,17500,0,2,29,2012,신규,26.09~28.09,,,,,
마포구,11440,연남동,202606,연립다세대_전월세,(361-7),연남동,361-7,22.23,,15000,11,3,13,2016,신규,26.08~28.08,,,,,
마포구,11440,합정동,202606,연립다세대_전월세,럭키빌라,합정동,361-7,39.15,,1000,55,-1,26,1991,갱신,26.07~28.07,1000.0,55.0,,,
마포구,11440,신수동,202606,연립다세대_전월세,루체른,신수동,288-10,47.4,,28000,0,5,13,2016,신규,26.07~28.07,,,,,
마포구,11440,합정동,202606,연립다세대_전월세,이레쉐르빌B동,합정동,436-12,54.63,,40000,0,4,10,2009,신규,26.09~28.09,,,,,
마포구,11440,상암동,202606,연립다세대_전월세,태림펜트윈,상암동,1293,14.31,,1000,100,9,11,2021,갱신,26.08~28.08,1000.0,90.0,,,
마포구,11440,서교동,202606,연립다세대_전월세,벨라지오빌,서교동,474-1,43.63,,2000,86,3,24,2002,신규,26.08~28.08,,,,,
마포구,11440,망원동,202606,연립다세대_전월세,한신,망원동,409-56,49.96,,2000,93,3,23,2002,신규,26.07~28.07,,,,,
마포구,11440,서교동,202606,연립다세대_전월세,(442-43),서교동,442-43,20.2,,2000,55,3,18,2001,신규,26.08~28.08,,,,,
마포구,11440,합정동,202606,연립다세대_전월세,이에스한강포레A,합정동,453-11,29.94,,12000,100,3,11,2024,신규,26.08~28.08,,,,,
마포구,11440,합정동,202606,연립다세대_전월세,이에스한강포레A,합정동,453-11,29.94,,12000,100,3,11,2024,신규,26.08~28.08,,,,,
마포구,11440,망원동,202606,연립다세대_전월세,채움하이빌,망원동,380-29,14.85,,1000,59,3,16,2012,신규,26.07~28.07,,,,,
마포구,11440,상수동,202606,연립다세대_전월세,(328-6),상수동,328-6,41.04,,25000,0,2,20,2008,신규,26.08~28.08,,,,,
마포구,11440,연남동,202606,연립다세대_전월세,더연남,연남동,370-53,36.76,,23300,45,3,22,2019,신규,26.08~28.08,,,,,
마포구,11440,상수동,202606,연립다세대_전월세,(328-6),상수동,328-6,41.04,,25000,0,2,20,2008,신규,26.08~28.08,,,,,
마포구,11440,합정동,202606,연립다세대_전월세,포레스트,합정동,432-20,17.64,,13280,0,5,14,2013,갱신,26.08~27.08,650.0,45.0,,,
마포구,11440,망원동,202606,연립다세대_전월세,새소망교회,망원동,435-38,46.48,,10000,85,3,10,2013,신규,26.08~28.08,,,,,
마포구,11440,합정동,202606,연립다세대_전월세,진흥푸르지오(443-17),합정동,443-17,32.4,,9000,54,5,26,2011,신규,26.09~28.09,,,,,
마포구,11440,합정동,202606,연립다세대_전월세,세명파크빌,합정동,433-21,61.87,,30000,0,5,10,2010,신규,26.07~28.07,,,,,
마포구,11440,도화동,202606,연립다세대_전월세,대원빌리지,도화동,347-99,64.78,,2000,89,4,30,2001,갱신,26.08~27.08,2000.0,84.0,,,
마포구,11440,서교동,202606,연립다세대_전월세,더클래스,서교동,247-184,28.84,,30000,0,2,27,2021,신규,26.08~28.08,,,,,
마포구,11440,상수동,202606,연립다세대_전월세,그레이25,상수동,353-25,20.54,,100,100,3,22,2014,신규,26.08~26.11,,,,,
마포구,11440,연남동,202606,연립다세대_전월세,태양빌라,연남동,561-15,36.93,,500,60,-1,24,1990,신규,26.08~28.07,,,,,
마포구,11440,합정동,202606,연립다세대_전월세,합정동다세대(355-20),합정동,355-20,59.46,,33000,0,3,13,2002,갱신,26.08~27.09,30000.0,,,,
마포구,11440,서교동,202606,연립다세대_전월세,한라쉐르빌2동,서교동,480-29,58.53,,5000,121,3,25,2010,신규,26.08~28.08,,,,,
마포구,11440,연남동,202606,연립다세대_전월세,엘림타운,연남동,562-10,129.75,,10000,250,5,29,2003,신규,26.08~28.08,,,,,
마포구,11440,합정동,202606,연립다세대_전월세,베스트빌,합정동,429-43,25.85,,19000,3,2,6,2008,신규,26.08~28.08,,,,,
마포구,11440,노고산동,202606,연립다세대_전월세,위드빌딩,노고산동,54-31,17.72,,1000,78,7,20,2013,신규,26.08~28.08,,,,,
마포구,11440,염리동,202606,연립다세대_전월세,이지힐,염리동,9-224,20.35,,16000,0,5,22,2020,신규,26.08~28.08,,,,,
마포구,11440,토정동,202606,연립다세대_전월세,더스테이,토정동,3-6,31.09,,26000,0,3,3,2017,신규,26.08~28.07,,,,,
마포구,11440,아현동,202606,연립다세대_전월세,스카이빌리지,아현동,748-7,29.98,,25000,0,3,17,2020,신규,26.08~28.08,,,,,
마포구,11440,망원동,202606,연립다세대_전월세,하나빌,망원동,379-36,18.6,,15500,4,3,10,2013,갱신,26.07~28.06,15744.0,,사용,,
마포구,11440,연남동,202606,연립다세대_전월세,삼화빌,연남동,257-14,58.41,,2000,39,4,24,2010,신규,26.07~28.07,,,,,
마포구,11440,아현동,202606,연립다세대_전월세,88빌라6동(구85-558),아현동,746-6,77.15,,6000,0,3,19,1988,신규,26.07~28.07,,,,,
마포구,11440,망원동,202606,연립다세대_전월세,무궁화하이츠빌라,망원동,464-40,37.08,,3000,100,1,2,1992,신규,26.07~28.07,,,,,
마포구,11440,합정동,202606,연립다세대_전월세,신영빌라(431-8),합정동,431-8,67.13,,23100,0,4,4,2008,갱신,26.08~28.08,22000.0,,사용,,
마포구,11440,서교동,202606,연립다세대_전월세,서교동주택,서교동,380-3,24.28,,1000,68,4,30,2001,신규,26.07~28.07,,,,,
마포구,11440,상수동,202606,연립다세대_전월세,人행복,상수동,340-5,23.83,,3000,130,4,25,2023,신규,26.07~28.07,,,,,
마포구,11440,창전동,202606,연립다세대_전월세,석산에덴빌라,창전동,6-114,58.34,,5000,150,3,25,1995,신규,26.07~28.07,,,,,
마포구,11440,신수동,202606,연립다세대_전월세,(88-46),신수동,88-46,21.44,,13000,16,2,30,2002,갱신,26.10~28.10,13000.0,13.0,,,
마포구,11440,서교동,202606,연립다세대_전월세,(457-27),서교동,457-27,20.72,,500,71,4,26,2012,신규,26.07~28.07,,,,,
마포구,11440,상수동,202606,연립다세대_전월세,소원아트빌,상수동,321-17,26.96,,3000,65,5,27,2008,신규,26.07~27.07,,,,,
마포구,11440,신수동,202606,연립다세대_전월세,(88-46),신수동,88-46,41.92,,24000,10,4,30,2002,갱신,26.11~28.11,24000.0,6.0,,,
마포구,11440,구수동,202606,연립다세대_전월세,동원스위트홈,구수동,16-1,19.84,,1000,70,5,22,2015,신규,26.07~28.07,,,,,
마포구,11440,용강동,202606,연립다세대_전월세,지산재,용강동,494-89,20.78,,1000,77,2,15,2015,신규,26.07~28.07,,,,,
마포구,11440,상수동,202606,연립다세대_전월세,(353-2),상수동,353-2,36.24,,14994,0,3,16,2008,신규,26.07~28.07,,,,,
마포구,11440,도화동,202606,연립다세대_전월세,티움아트빌,도화동,217-3,26.55,,1000,35,2,3,2024,신규,26.07~28.06,,,,,
마포구,11440,노고산동,202606,연립다세대_전월세,신촌더힐하우스,노고산동,33-2,29.28,,31500,0,4,13,2022,신규,26.07~28.07,,,,,
마포구,11440,대흥동,202606,연립다세대_전월세,대흥동다세대주택,대흥동,772-1,35.16,,25000,0,2,20,2002,신규,26.07~28.07,,,,,
마포구,11440,노고산동,202606,연립다세대_전월세,신촌G&PNINE,노고산동,1-21,26.1,,31500,0,12,15,2020,갱신,26.08~28.08,31000.0,,,,
마포구,11440,도화동,202606,연립다세대_전월세,그린빌,도화동,1,13.08,,2000,55,4,5,2012,신규,26.07~28.07,,,,,
마포구,11440,망원동,202606,연립다세대_전월세,희망주택(400-5),망원동,400-5,33.69,,3000,80,1,13,1993,신규,26.07~28.07,,,,,
마포구,11440,성산동,202606,연립다세대_전월세,해비치하우스,성산동,200-342,29.95,,26000,5,1,20,2017,갱신,26.06~28.06,26000.0,,,,
마포구,11440,성산동,202606,연립다세대_전월세,마하빌,성산동,200-74,28.48,,24300,0,3,30,2019,갱신,26.09~28.09,23150.0,,사용,,
마포구,11440,합정동,202606,연립다세대_전월세,굿모닝빌,합정동,429-35,34.32,,20000,40,2,9,2010,신규,26.07~28.07,,,,,
마포구,11440,성산동,202606,연립다세대_전월세,동양하우징,성산동,24-19,43.87,,38100,0,3,20,2018,갱신,26.07~28.07,36288.0,,,,
마포구,11440,망원동,202606,연립다세대_전월세,(478-13),망원동,478-13,39.75,,2000,110,2,18,1986,신규,26.07~28.07,,,,,
마포구,11440,연남동,202606,연립다세대_전월세,대지빌라,연남동,390-55,43.89,,100,130,1,21,2003,신규,26.06~27.06,,,,,
마포구,11440,망원동,202606,연립다세대_전월세,늘푸른빌,망원동,426-4,47.54,,12000,60,4,30,2011,신규,26.07~28.07,,,,,
마포구,11440,망원동,202606,연립다세대_전월세,정다운집,망원동,338-7,55.95,,6000,79,3,2,2002,갱신,26.06~28.06,6000.0,74.0,사용,,
마포구,11440,성산동,202606,연립다세대_전월세,모던주택,성산동,216,75.45,,5000,150,3,25,2005,신규,26.08~28.08,,,,,
마포구,11440,성산동,202606,연립다세대_전월세,sweetseoulresidence,성산동,111-10,15.3,,500,60,3,14,2013,신규,26.06~27.06,,,,,
마포구,11440,상암동,202606,연립다세대_전월세,하나아트빌,상암동,34-30,15.89,,12000,0,2,4,2011,신규,26.09~28.09,,,,,
마포구,11440,망원동,202606,연립다세대_전월세,한지붕,망원동,417-33,57.36,,20000,0,2,20,2003,갱신,26.06~28.06,20000.0,,,,
마포구,11440,망원동,202606,연립다세대_전월세,하나빌,망원동,379-36,18.6,,15845,3,3,10,2013,갱신,26.07~28.06,15744.0,,사용,,
마포구,11440,성산동,202606,연립다세대_전월세,에버그린,성산동,254-12,14.68,,1000,60,4,18,2012,신규,26.07~28.07,,,,,
마포구,11440,연남동,202606,연립다세대_전월세,"골든빌(가,나)",연남동,255-8,36.42,,7260,20,3,22,2021,신규,26.07~28.06,,,,,
마포구,11440,연남동,202606,연립다세대_전월세,골든하우스,연남동,229-26,23.36,,13600,0,3,11,2010,갱신,26.07~28.07,13000.0,1.0,,,
마포구,11440,노고산동,202606,연립다세대_전월세,신촌더힐하우스,노고산동,33-2,29.91,,30000,40,6,5,2022,신규,26.07~28.07,,,,,
마포구,11440,염리동,202606,연립다세대_전월세,앰버하우스8차,염리동,488-5,29.24,,25300,0,4,12,2020,신규,26.08~28.08,,,,,
마포구,11440,서교동,202606,연립다세대_전월세,서교첼시,서교동,475-20,48.68,,12000,130,5,12,2014,신규,26.08~28.08,,,,,
마포구,11440,연남동,202606,연립다세대_전월세,라센트라연남,연남동,361-10,37.9,,3000,170,2,13,2022,신규,26.06~28.06,,,,,
마포구,11440,연남동,202606,연립다세대_전월세,연남트레비앙,연남동,487-8,57.32,,42000,0,5,26,2022,신규,26.09~28.09,,,,,
마포구,11440,서교동,202606,연립다세대_전월세,MJ블랑로튜스,서교동,372-8,14.3,,1000,175,8,23,2023,신규,26.07~28.07,,,,,
마포구,11440,상수동,202606,연립다세대_전월세,그레이25,상수동,353-25,20.54,,16000,0,5,24,2014,신규,26.06~28.05,,,,,
마포구,11440,상수동,202606,연립다세대_전월세,(321-6),상수동,321-6,22.07,,16000,42,3,11,2021,신규,26.08~28.08,,,,,
마포구,11440,용강동,202606,연립다세대_전월세,자슬린하우스,용강동,494-35,16.8,,4000,90,4,13,2020,신규,26.07~28.07,,,,,
마포구,11440,망원동,202606,연립다세대_전월세,망원선호빌,망원동,415-42,29.11,,3000,140,3,11,2019,신규,26.07~28.07,,,,,
마포구,11440,망원동,202606,연립다세대_전월세,무지개센터빌,망원동,411-39,29.93,,27000,20,6,30,2017,갱신,26.07~28.07,27000.0,15.0,사용,,
마포구,11440,합정동,202606,연립다세대_전월세,화진리버빌,합정동,432-6,17.61,,14000,12,2,26,2011,신규,26.08~28.08,,,,,
마포구,11440,성산동,202606,연립다세대_전월세,(254-17),성산동,254-17,55.79,,31500,0,5,22,2011,신규,26.09~28.09,,,,,
마포구,11440,마포동,202606,연립다세대_전월세,아리수빌딩,마포동,388-5,29.96,,2000,94,2,11,2012,신규,26.07~27.07,,,,,
마포구,11440,합정동,202606,연립다세대_전월세,엘에스시티뷰,합정동,441-28,20.86,,16000,0,2,27,2015,신규,26.08~28.08,,,,,
마포구,11440,연남동,202606,연립다세대_전월세,목화빌라,연남동,254-26,55.35,,22000,70,3,24,2012,신규,26.09~28.09,,,,,
마포구,11440,망원동,202606,연립다세대_전월세,동서빌라,망원동,408-7,35.25,,4000,120,4,22,1994,신규,26.07~28.07,,,,,
마포구,11440,망원동,202606,연립다세대_전월세,(455-23),망원동,455-23,36.8,,1000,55,-1,25,1991,신규,26.07~28.07,,,,,
마포구,11440,연남동,202606,연립다세대_전월세,(224-1),연남동,224-1,18.64,,500,55,5,15,2012,신규,26.07~28.07,,,,,
마포구,11440,노고산동,202606,연립다세대_전월세,제일랜드,노고산동,33-8,20.52,,240,75,2,27,2014,신규,26.07~27.01,,,,,
마포구,11440,망원동,202606,연립다세대_전월세,에벤에셀,망원동,474-4,16.6,,10900,0,5,29,2012,갱신,26.08~27.08,10390.0,,,,
마포구,11440,망원동,202606,연립다세대_전월세,(399-18),망원동,399-18,40.32,,5000,110,3,17,2002,신규,26.07~28.07,,,,,
마포구,11440,창전동,202606,연립다세대_전월세,풀하우스,창전동,6-163,37.49,,13000,26,1,12,2001,신규,26.07~28.07,,,,,
마포구,11440,창전동,202606,연립다세대_전월세,CNHHOME,창전동,148-1,19.687,,1000,63,5,15,2013,신규,26.07~28.07,,,,,
마포구,11440,창전동,202606,연립다세대_전월세,홍익빌딩,창전동,390-14,25.21,,5000,27,3,20,2002,신규,26.07~28.07,,,,,
마포구,11440,성산동,202606,연립다세대_전월세,화이트빌,성산동,200,28.85,,25300,20,2,14,2015,신규,26.08~28.08,,,,,
마포구,11440,염리동,202606,연립다세대_전월세,삼성하이빌B동,염리동,128-76,52.8,,3000,160,5,13,2002,신규,26.07~28.07,,,,,
마포구,11440,염리동,202606,연립다세대_전월세,서현플래티넘힐즈,염리동,9-7,25.02,,0,100,4,25,2021,신규,26.06~28.06,,,,,
마포구,11440,망원동,202606,연립다세대_전월세,동교센터빌,망원동,433-22,29.99,,31500,0,2,28,2020,갱신,26.07~26.12,31500.0,,,,
마포구,11440,서교동,202606,연립다세대_전월세,.,서교동,449-19,36.1,,1000,90,2,23,2010,신규,26.07~28.07,,,,,
마포구,11440,신수동,202606,연립다세대_전월세,퍼스트빌,신수동,42-6,27.24,,5000,113,2,13,2022,갱신,26.07~28.07,5000.0,110.0,사용,,
마포구,11440,망원동,202606,연립다세대_전월세,소망빌라(469-10),망원동,469-10,23.95,,2981,34,4,24,2012,신규,26.07~28.07,,,,,
마포구,11440,망원동,202606,연립다세대_전월세,중앙빌라,망원동,412-9,41.08,,10000,15,-1,24,1986,갱신,26.06~27.06,10000.0,10.0,,,
마포구,11440,연남동,202606,연립다세대_전월세,태양빌라,연남동,564-1,38.41,,22446,11,3,14,1991,갱신,26.07~28.07,23100.0,4.0,,,
마포구,11440,성산동,202606,연립다세대_전월세,(254-17),성산동,254-17,28.73,,18900,37,4,1,2011,신규,26.07~28.07,,,,,
마포구,11440,성산동,202606,연립다세대_전월세,센터빌,성산동,251-6,36.4,,3000,80,4,6,2014,신규,26.06~28.06,,,,,
마포구,11440,하중동,202606,연립다세대_전월세,(12-1),하중동,12-1,34.9,,23000,20,3,25,2012,갱신,26.08~28.08,23000.0,15.0,,,
마포구,11440,노고산동,202606,연립다세대_전월세,신촌더힐하우스(33-47),노고산동,33-47,28.51,,34000,0,2,24,2022,갱신,26.07~28.07,33000.0,,사용,,
마포구,11440,성산동,202606,연립다세대_전월세,(111-9),성산동,111-9,47.1,,1000,65,5,5,2014,신규,26.07~28.07,,,,,
마포구,11440,성산동,202606,연립다세대_전월세,(223-2),성산동,223-2,14.88,,8400,0,4,16,2012,갱신,26.07~27.07,8400.0,,,,
마포구,11440,염리동,202606,연립다세대_전월세,행복신양염리3차,염리동,149-16,20.01,,21000,0,4,15,2021,신규,26.08~28.08,,,,,
마포구,11440,현석동,202606,연립다세대_전월세,대호빌라(22-0),현석동,22,51.4,,500,30,1,30,1996,신규,26.07~28.07,,,,,
마포구,11440,성산동,202606,연립다세대_전월세,헤리티지,성산동,50-15,37.51,,5000,180,5,2,2017,신규,26.06~28.06,,,,,
마포구,11440,도화동,202606,연립다세대_전월세,더클래스도화3,도화동,203-6,29.59,,27000,0,3,11,2026,신규,26.08~28.08,,,,,
마포구,11440,당인동,202606,연립다세대_전월세,"홍익그린빌라(가,나동)",당인동,13-7,173.85,,150,60,-1,30,1996,신규,26.08~27.02,,,,,
마포구,11440,상수동,202606,연립다세대_전월세,현대하이츠빌라,상수동,339-19,56.79,,23000,0,-1,13,1991,신규,26.08~28.08,,,,,
마포구,11440,합정동,202606,연립다세대_전월세,이에스빌,합정동,429-10,44.72,,30000,0,3,17,2008,신규,26.09~28.09,,,,,
마포구,11440,서교동,202606,연립다세대_전월세,MJBIOS,서교동,372-9,15.81,,5000,190,9,30,2025,신규,26.07~27.12,,,,,
마포구,11440,아현동,202606,연립다세대_전월세,(716-11),아현동,716-11,39.55,,15000,0,1,29,1989,신규,26.08~28.08,,,,,
마포구,11440,성산동,202606,연립다세대_전월세,용주하이츠맨션나동,성산동,213-1,75.64,,29000,37,3,26,2003,갱신,26.07~28.07,29000.0,30.0,사용,,
마포구,11440,서교동,202606,연립다세대_전월세,센터빌,서교동,477-13,15.84,,3000,47,4,22,2012,신규,26.07~28.07,,,,,
마포구,11440,아현동,202606,연립다세대_전월세,"(구85-426,한일빌라B동)",아현동,740-1,76.92,,24000,0,4,26,1995,갱신,26.07~28.07,21000.0,,,,
마포구,11440,망원동,202606,연립다세대_전월세,(401-2),망원동,401-2,29.27,,3000,78,3,9,2017,갱신,26.06~28.06,3000.0,74.0,,,
마포구,11440,합정동,202606,연립다세대_전월세,연경빌,합정동,449-17,38.5,,2000,100,1,25,2002,신규,26.06~28.06,,,,,
마포구,11440,망원동,202606,연립다세대_전월세,(471-28),망원동,471-28,16.25,,1000,50,2,27,2002,신규,26.07~28.07,,,,,
마포구,11440,염리동,202606,연립다세대_전월세,염리동다세대주택,염리동,128-64,25.18,,1000,57,1,3,2004,신규,26.07~28.07,,,,,
마포구,11440,도화동,202606,연립다세대_전월세,아포제도화,도화동,2-31,20.8,,20000,0,5,10,2026,신규,26.07~28.07,,,,,
마포구,11440,대흥동,202606,연립다세대_전월세,동성캐슬,대흥동,551-1,29.93,,28000,0,2,30,2020,신규,26.07~28.07,,,,,
마포구,11440,성산동,202606,연립다세대_전월세,삼성렉스빌라B동,성산동,278-17,36.96,,18900,0,2,22,1992,갱신,26.07~28.07,18000.0,,사용,,
마포구,11440,망원동,202606,연립다세대_전월세,동교센터빌,망원동,433-22,43.36,,42000,0,4,19,2020,갱신,26.06~28.06,42000.0,,,,
마포구,11440,서교동,202606,연립다세대_전월세,동광팰리스,서교동,460-38,12.87,,1000,55,2,18,2013,신규,26.07~28.07,,,,,
마포구,11440,상수동,202606,연립다세대_전월세,현대하이츠빌라,상수동,339-19,56.79,,23000,0,-1,13,1991,신규,26.08~28.08,,,,,
마포구,11440,합정동,202606,연립다세대_전월세,굿모닝빌,합정동,429-35,34.32,,20000,40,2,9,2010,신규,26.07~28.07,,,,,
마포구,11440,대흥동,202606,연립다세대_전월세,스테이원,대흥동,18-67,14.85,,500,80,4,21,2022,신규,26.07~27.08,,,,,
마포구,11440,노고산동,202606,연립다세대_전월세,일풍하우스,노고산동,20-76,27.07,,12000,35,2,27,2021,신규,26.07~28.07,,,,,
마포구,11440,합정동,202606,연립다세대_전월세,에셀하우스,합정동,434-2,16.43,,1000,51,3,20,2012,신규,26.07~28.07,,,,,
마포구,11440,도화동,202606,연립다세대_전월세,더클래스도화3,도화동,203-6,17.85,,15000,0,2,18,2026,신규,26.08~28.08,,,,,
마포구,11440,성산동,202606,연립다세대_전월세,삼화에코빌,성산동,242-24,34.47,,843,38,4,9,2025,신규,26.06~28.08,,,,,
마포구,11440,연남동,202606,연립다세대_전월세,(223-43),연남동,223-43,16.22,,1000,56,3,11,2016,신규,26.07~28.06,,,,,
마포구,11440,도화동,202606,연립다세대_전월세,더클래스도화3,도화동,203-6,29.59,,27000,0,3,11,2026,신규,26.08~28.08,,,,,
마포구,11440,망원동,202606,연립다세대_전월세,강변르네상스,망원동,399-11,29.69,,12000,48,5,16,2011,신규,26.08~28.08,,,,,
마포구,11440,마포동,202606,연립다세대_전월세,한강타운,마포동,338-1,75.14,,10000,180,2,28,2001,갱신,26.06~27.10,20000.0,105.0,,,
마포구,11440,상수동,202606,연립다세대_전월세,대림,상수동,351-2,18.69,,9500,3,5,14,2012,갱신,26.06~28.06,9100.0,3.0,,,
마포구,11440,연남동,202606,연립다세대_전월세,(223-43),연남동,223-43,16.22,,1000,56,3,11,2016,신규,26.07~28.06,,,,,
마포구,11440,성산동,202606,연립다세대_전월세,골드리치,성산동,278-5,28.89,,30000,0,3,30,2018,갱신,26.07~28.07,29500.0,,,,
마포구,11440,망원동,202606,연립다세대_전월세,무지개센터빌,망원동,411-39,29.91,,30900,0,3,18,2017,신규,26.08~28.08,,,,,
마포구,11440,상암동,202606,연립다세대_전월세,해그린빌,상암동,34-92,15.6,,500,55,4,18,2012,갱신,26.07~27.06,500.0,53.0,,,
마포구,11440,망원동,202606,연립다세대_전월세,세종빌라,망원동,426-12,44.19,,3000,80,5,27,2003,갱신,26.08~28.08,3000.0,76.0,,,
마포구,11440,연남동,202606,연립다세대_전월세,해피빌,연남동,239-50,34.97,,5000,62,2,18,2001,갱신,26.07~27.07,5000.0,59.0,,,
마포구,11440,합정동,202606,연립다세대_전월세,삼호빌라,합정동,426-22,35.76,,704,23,-1,22,1988,갱신,26.07~28.07,695.0,21.0,,,
마포구,11440,연남동,202606,연립다세대_전월세,(382-10),연남동,382-10,17.02,,1000,50,4,26,2012,신규,26.07~28.07,,,,,
마포구,11440,서교동,202606,연립다세대_전월세,동궁빌라,서교동,449-21,28.11,,19000,35,3,27,2012,갱신,26.07~28.07,18000.0,35.0,,,
마포구,11440,대흥동,202606,연립다세대_전월세,어반스테이,대흥동,18-84,16.35,,1000,60,2,27,2021,신규,26.07~28.07,,,,,
마포구,11440,합정동,202606,연립다세대_전월세,두산빌라,합정동,376-24,30.52,,20000,0,2,11,1990,신규,26.07~28.07,,,,,
마포구,11440,망원동,202606,연립다세대_전월세,(471-32),망원동,471-32,42.14,,6000,80,4,9,2002,신규,26.07~28.07,,,,,
마포구,11440,연남동,202606,연립다세대_전월세,가버나움,연남동,493-50,17.82,,1000,63,3,17,2013,신규,26.07~28.07,,,,,
마포구,11440,아현동,202606,연립다세대_전월세,아이파크빌,아현동,742-4,29.79,,24000,0,4,30,2015,신규,26.08~28.08,,,,,
마포구,11440,신수동,202606,연립다세대_전월세,(89-38),신수동,89-38,49.19,,18000,0,-1,18,1991,신규,26.07~28.07,,,,,
마포구,11440,연남동,202606,연립다세대_전월세,아름채,연남동,223-61,21.75,,3000,78,2,12,2015,신규,26.07~28.07,,,,,
마포구,11440,신수동,202606,연립다세대_전월세,(255-7),신수동,255-7,69.93,,500,35,1,30,1984,신규,26.07~28.07,,,,,
마포구,11440,망원동,202606,연립다세대_전월세,로얄빌라,망원동,425-40,36.75,,13800,0,-1,16,1990,신규,26.07~28.07,,,,,
마포구,11440,연남동,202606,연립다세대_전월세,(382-10),연남동,382-10,13.2,,1000,53,2,23,2012,신규,26.07~28.07,,,,,
마포구,11440,성산동,202606,연립다세대_전월세,한일빌리지나동,성산동,275-52,77.46,,40000,0,2,26,1990,갱신,26.07~28.07,40000.0,,사용,,
마포구,11440,공덕동,202606,연립다세대_전월세,미네하우스,공덕동,111-28,29.6,,27000,0,3,25,2015,신규,26.07~28.07,,,,,
마포구,11440,성산동,202606,연립다세대_전월세,릿지빌라,성산동,214-16,55.92,,2000,100,2,8,2002,신규,26.07~28.07,,,,,
마포구,11440,합정동,202606,연립다세대_전월세,대명에르메스1,합정동,434-12,48.98,,36500,0,5,4,2011,갱신,26.07~27.07,33500.0,,,,
마포구,11440,서교동,202606,연립다세대_전월세,더하우스예당,서교동,442-20,13.54,,1000,55,4,22,2012,신규,26.07~28.07,,,,,
마포구,11440,망원동,202606,연립다세대_전월세,동아하이츠빌라,망원동,428-21,42.22,,12800,0,-1,30,1993,신규,26.08~28.08,,,,,
마포구,11440,합정동,202606,연립다세대_전월세,MAIBAUMHapjeongB,합정동,439-7,21.06,,2000,66,2,25,2013,신규,26.07~28.07,,,,,
마포구,11440,창전동,202606,연립다세대_전월세,어반하우스2(URBANHouse2),창전동,6-152,24.54,,27000,25,3,16,2019,갱신,26.06~27.06,27000.0,25.0,,,
마포구,11440,도화동,202606,연립다세대_전월세,더클래스도화3,도화동,203-6,17.85,,15000,0,2,18,2026,신규,26.08~28.08,,,,,
마포구,11440,성산동,202606,연립다세대_전월세,성산엘리시안,성산동,214-33,32.11,,3000,120,2,20,2014,신규,26.07~28.07,,,,,
마포구,11440,서교동,202606,연립다세대_전월세,MJBIOS,서교동,372-9,15.81,,5000,190,9,30,2025,신규,26.07~27.12,,,,,
마포구,11440,망원동,202606,연립다세대_전월세,이레쉐르빌,망원동,455-62,44.82,,27000,0,4,29,2008,신규,26.08~28.08,,,,,
마포구,11440,중동,202606,연립다세대_전월세,서호,중동,314,25.5,,22000,0,2,7,2018,갱신,26.08~28.08,22000.0,,사용,,
마포구,11440,합정동,202606,연립다세대_전월세,동성빌라,합정동,362-16,51.51,,2000,89,3,21,1994,갱신,26.08~28.08,2000.0,86.0,,,
마포구,11440,망원동,202606,연립다세대_전월세,금성빌라,망원동,384-36,53.1,,3000,130,1,20,1994,신규,26.07~28.07,,,,,
마포구,11440,중동,202606,연립다세대_전월세,동원데쟈뷰,중동,123,42.62,,39370,0,3,20,2022,갱신,26.07~28.07,37500.0,,사용,,
마포구,11440,망원동,202606,연립다세대_전월세,와와모빌딩,망원동,415-58,58.75,,33000,0,2,22,2002,신규,26.07~28.07,,,,,
마포구,11440,당인동,202606,연립다세대_전월세,당인쉐르빌,당인동,13-1,32.43,,1000,85,2,15,2008,신규,26.07~28.07,,,,,
마포구,11440,아현동,202606,연립다세대_전월세,다이아캐슬,아현동,742-3,50.85,,13000,55,2,28,2016,갱신,26.07~28.07,13000.0,40.0,,,
마포구,11440,합정동,202606,연립다세대_전월세,고려빌라트,합정동,391-2,126.61,,65,65,2,9,1992,갱신,26.06~26.12,49.0,65.0,,,
마포구,11440,도화동,202606,연립다세대_전월세,THECLASS도화,도화동,231-13,27.78,,5000,120,4,20,2024,신규,26.07~28.07,,,,,
마포구,11440,도화동,202606,연립다세대_전월세,아포제도화,도화동,2-31,20.8,,22000,0,3,23,2026,신규,26.08~28.08,,,,,
마포구,11440,노고산동,202606,연립다세대_전월세,신촌더힐하우스(33-47),노고산동,33-47,28.51,,5000,180,2,27,2022,신규,26.07~28.07,,,,,
마포구,11440,성산동,202606,연립다세대_전월세,성현하이빌,성산동,138,29.36,,24000,0,4,13,2017,신규,26.07~28.07,,,,,
마포구,11440,중동,202606,연립다세대_전월세,동원데쟈뷰,중동,123,42.62,,39370,0,3,20,2022,갱신,26.07~28.07,37500.0,,사용,,
마포구,11440,성산동,202606,연립다세대_전월세,동삼빌라타운6동,성산동,587-1,36.2,,18000,20,1,29,1988,신규,26.07~28.07,,,,,
마포구,11440,망원동,202606,연립다세대_전월세,강변주택,망원동,488,53.58,,2000,80,4,22,2000,신규,26.09~28.09,,,,,
마포구,11440,서교동,202606,연립다세대_전월세,(396-1),서교동,396-1,23.65,,1000,66,2,27,2001,신규,26.06~28.06,,,,,
마포구,11440,성산동,202606,연립다세대_전월세,동원스위트홈,성산동,200-175,50.02,,32000,0,3,2,2012,신규,26.08~28.08,,,,,
마포구,11440,대흥동,202606,연립다세대_전월세,(255-1),대흥동,255-1,45.04,,29400,0,3,12,2018,갱신,26.08~27.08,29400.0,,,,
마포구,11440,염리동,202606,연립다세대_전월세,염리명강빌6차,염리동,488-10,17.32,,13000,10,2,19,2020,신규,26.07~28.07,,,,,
마포구,11440,대흥동,202606,연립다세대_전월세,마포나루타운,대흥동,338-1,55.7,,5000,112,3,27,2017,신규,26.07~27.07,,,,,
마포구,11440,망원동,202606,연립다세대_전월세,삼성빌라3동,망원동,454-6,35.58,,18000,0,2,12,1991,갱신,26.06~28.06,15000.0,15.0,,,
마포구,11440,현석동,202606,연립다세대_전월세,(1-7),현석동,1-7,73.08,,35200,0,1,29,1991,갱신,26.07~28.07,33500.0,5.0,사용,,
마포구,11440,합정동,202606,연립다세대_전월세,신우아트빌(443-2),합정동,443-2,27.28,,3000,80,3,18,2002,신규,26.07~28.07,,,,,
마포구,11440,서교동,202606,연립다세대_전월세,서교빌라,서교동,329-11,131.4,,64000,0,3,27,1995,신규,26.08~28.08,,,,,
마포구,11440,서교동,202606,연립다세대_전월세,(366-6),서교동,366-6,39.45,,10000,60,1,30,1991,갱신,26.06~27.06,22000.0,,,,
마포구,11440,성산동,202606,연립다세대_전월세,리보아트빌A동,성산동,628-1,69.51,,5000,150,4,10,2004,신규,26.07~28.06,,,,,
마포구,11440,아현동,202606,연립다세대_전월세,(710-3),아현동,710-3,55.17,,25000,0,1,30,1986,신규,26.07~28.07,,,,,
마포구,11440,연남동,202606,연립다세대_전월세,연남주택(타운스빌),연남동,245-84,44.03,,10000,100,4,6,2004,신규,26.07~28.07,,,,,
마포구,11440,도화동,202606,연립다세대_전월세,대원빌리지,도화동,347-99,26.8,,1000,85,3,23,2001,신규,26.07~27.07,,,,,
마포구,11440,상수동,202606,연립다세대_전월세,그레이25,상수동,353-25,20.54,,1000,90,4,22,2014,신규,26.06~27.06,,,,,
마포구,11440,서교동,202606,연립다세대_전월세,협화빌라,서교동,340-12,63.99,,0,50,1,1,1993,신규,26.06~28.05,,,,,
마포구,11440,서교동,202606,연립다세대_전월세,(475-39),서교동,475-39,15.44,,1000,39,4,7,2012,갱신,26.06~27.07,3000.0,31.0,사용,,
마포구,11440,연남동,202606,연립다세대_전월세,온유빌,연남동,515-3,72.86,,38000,60,4,8,2011,신규,26.08~28.08,,,,,
마포구,11440,동교동,202606,연립다세대_전월세,엘림빌라,동교동,187-18,37.62,,16500,0,-1,23,1993,신규,26.07~28.07,,,,,
마포구,11440,도화동,202606,연립다세대_전월세,아포제도화,도화동,2-31,25.97,,31000,0,3,26,2026,신규,26.07~28.07,,,,,
마포구,11440,연남동,202606,연립다세대_전월세,(382-10),연남동,382-10,12.94,,1000,50,3,1,2012,신규,26.06~28.06,,,,,
마포구,11440,도화동,202606,연립다세대_전월세,엘라루네,도화동,185-6,20.35,,22000,0,3,30,2026,신규,26.08~28.08,,,,,
마포구,11440,연남동,202606,연립다세대_전월세,가버나움,연남동,493-50,17.82,,1000,63,3,17,2013,신규,26.07~28.07,,,,,
마포구,11440,연남동,202606,연립다세대_전월세,가버나움,연남동,493-50,18.13,,1000,63,2,6,2013,갱신,26.06~27.06,1000.0,60.0,,,
마포구,11440,서교동,202606,연립다세대_전월세,트인빌(438-23),서교동,438-23,94.26,,4000,73,5,27,2003,신규,26.09~28.09,,,,,
마포구,11440,망원동,202606,연립다세대_전월세,진흥하임빌(338-46),망원동,338-46,15.66,,1000,49,5,6,2011,신규,26.06~28.06,,,,,
마포구,11440,신수동,202606,연립다세대_전월세,라루체-1,신수동,62-56,29.75,,24500,0,2,30,2016,갱신,26.09~28.09,23100.0,,,,
마포구,11440,도화동,202606,연립다세대_전월세,엘라루네,도화동,185-6,20.82,,22000,0,3,30,2026,신규,26.09~28.09,,,,,
마포구,11440,성산동,202606,연립다세대_전월세,헤리티지,성산동,50-15,37.51,,5000,180,5,2,2017,신규,26.06~28.06,,,,,
마포구,11440,상암동,202606,연립다세대_전월세,유진빌,상암동,1759,12.49,,1000,53,4,18,2011,신규,26.06~27.06,,,,,
마포구,11440,합정동,202606,연립다세대_전월세,현대빌라,합정동,363-23,32.13,,21000,0,2,24,1989,신규,26.07~28.07,,,,,
마포구,11440,망원동,202606,연립다세대_전월세,두원캐스빌,망원동,404-44,60.9,,25300,5,3,25,2001,신규,26.08~28.08,,,,,
마포구,11440,신수동,202606,연립다세대_전월세,수정빌라,신수동,47-10,80.64,,21000,45,3,29,2003,갱신,26.07~28.06,21000.0,40.0,,,
마포구,11440,서교동,202606,연립다세대_전월세,스위트빌,서교동,475-29,15.64,,1500,52,3,20,2012,신규,26.06~28.06,,,,,
마포구,11440,신수동,202606,연립다세대_전월세,신구주택,신수동,91-319,21.2,,500,74,3,17,2011,신규,26.06~27.06,,,,,
마포구,11440,성산동,202606,연립다세대_전월세,바움샤인빌,성산동,4-8,29.97,,28400,0,2,5,2020,신규,26.06~28.06,,,,,
마포구,11440,대흥동,202606,연립다세대_전월세,대흥동다세대주택,대흥동,772-1,40.86,,10000,50,3,21,2002,신규,26.07~28.07,,,,,
마포구,11440,성산동,202606,연립다세대_전월세,DMC메트로빌,성산동,123-9,21.84,,1000,66,3,27,2019,신규,26.08~28.08,,,,,
마포구,11440,망원동,202606,연립다세대_전월세,동양주택(466-1),망원동,466-1,56.82,,5000,110,3,25,1997,갱신,26.07~27.07,5000.0,104.0,사용,,
마포구,11440,망원동,202606,연립다세대_전월세,하늘드리움,망원동,404-17,15.01,,11000,0,3,13,2011,갱신,26.08~28.08,11000.0,,사용,,
마포구,11440,합정동,202606,연립다세대_전월세,고려빌라트,합정동,391-2,126.61,,60,60,4,20,1992,신규,26.06~27.06,,,,,
마포구,11440,연남동,202606,연립다세대_전월세,온유빌,연남동,509-8,17.5,,1000,70,3,27,2013,신규,26.07~28.07,,,,,
마포구,11440,연남동,202606,연립다세대_전월세,파크사이드연남,연남동,481-5,27.83,,27500,0,2,24,2026,신규,26.06~28.06,,,,,
마포구,11440,상수동,202606,연립다세대_전월세,(339-1),상수동,339-1,21.89,,1500,60,2,26,2009,신규,26.06~28.06,,,,,
마포구,11440,서교동,202606,연립다세대_전월세,서교파크빌B,서교동,475-33,72.3,,38000,0,5,2,2002,신규,26.07~28.07,,,,,
마포구,11440,서교동,202606,연립다세대_전월세,이움빌,서교동,369-38,17.92,,1000,49,2,27,2012,신규,26.06~28.06,,,,,
마포구,11440,연남동,202606,연립다세대_전월세,(568-8),연남동,568-8,15.465,,1000,57,2,23,2012,신규,26.06~28.06,,,,,
마포구,11440,서교동,202606,연립다세대_전월세,(328-65),서교동,328-65,34.59,,16500,50,4,10,2003,신규,26.06~28.06,,,,,
마포구,11440,연남동,202606,연립다세대_전월세,골든하우스,연남동,229-26,23.36,,13600,0,3,11,2010,갱신,26.07~28.07,13000.0,1.0,사용,,
마포구,11440,용강동,202606,연립다세대_전월세,Y.H빌리지,용강동,494-109,21.96,,24000,0,2,25,2026,신규,26.08~28.08,,,,,
마포구,11440,망원동,202606,연립다세대_전월세,바스크,망원동,465-20,16.57,,12500,0,4,29,2014,신규,26.08~28.08,,,,,
마포구,11440,노고산동,202606,연립다세대_전월세,스테이하이,노고산동,19-47,14.14,,16000,0,2,30,2021,신규,26.07~28.07,,,,,
마포구,11440,신공덕동,202606,연립다세대_전월세,신덕맨션,신공덕동,6-3,74.75,,24100,0,2,15,1981,갱신,26.07~28.07,24100.0,,사용,,
마포구,11440,상암동,202606,연립다세대_전월세,상암파크빌,상암동,19-8,14.37,,8500,0,4,30,2012,신규,26.08~28.08,,,,,
마포구,11440,창전동,202606,연립다세대_전월세,애플그린빌라,창전동,6-146,26.64,,12000,30,1,19,1996,신규,26.08~28.08,,,,,
마포구,11440,합정동,202606,연립다세대_전월세,진흥푸르지오(443-17),합정동,443-17,26.55,,9000,54,5,26,2011,신규,26.09~28.09,,,,,
마포구,11440,연남동,202606,연립다세대_전월세,노엘커뮤니티(481-18),연남동,481-18,42.11,,1000,142,2,2,2017,신규,26.06~28.06,,,,,
마포구,11440,상수동,202606,연립다세대_전월세,리버빌,상수동,335-3,27.53,,14000,10,4,24,2008,신규,26.07~28.07,,,,,
마포구,11440,염리동,202606,연립다세대_전월세,나비빌,염리동,81-60,18.2,,5000,60,3,29,2020,신규,26.07~28.07,,,,,
마포구,11440,연남동,202606,연립다세대_전월세,도화엘리시아,연남동,564-25,27.68,,33799,0,4,27,2020,신규,26.09~28.09,,,,,
마포구,11440,연남동,202606,연립다세대_전월세,신흥주택3차A동,연남동,245-1,80.61,,2000,150,4,1,1992,신규,26.07~28.07,,,,,
마포구,11440,신수동,202606,연립다세대_전월세,노블하우스,신수동,85-30,14.69,,2500,63,2,17,2013,신규,26.08~28.08,,,,,
마포구,11440,마포동,202606,연립다세대_전월세,한강타운,마포동,338-1,75.14,,10000,180,2,28,2001,갱신,26.06~28.06,20000.0,105.0,,,
마포구,11440,망원동,202606,연립다세대_전월세,(379-7),망원동,379-7,49.36,,3000,100,3,24,2009,신규,26.09~28.08,,,,,
마포구,11440,서교동,202606,연립다세대_전월세,젤뚜하우스,서교동,329-18,22.6,,22500,4,5,27,2015,갱신,26.07~27.07,22500.0,4.0,,,
마포구,11440,염리동,202606,연립다세대_전월세,세연3차,염리동,10-33,21.08,,21000,0,4,27,2020,신규,26.08~28.08,,,,,
마포구,11440,망원동,202606,연립다세대_전월세,잉꼬주택(479-4),망원동,479-4,18.21,,500,45,1,17,1976,신규,26.06~28.06,,,,,
마포구,11440,망원동,202606,연립다세대_전월세,기성빌라,망원동,57-406,29.62,,16000,20,2,27,1994,신규,26.07~28.07,,,,,
마포구,11440,상암동,202606,연립다세대_전월세,하나아트빌,상암동,34-30,15.33,,10910,0,3,12,2011,신규,26.07~28.07,,,,,
마포구,11440,연남동,202606,연립다세대_전월세,(370-41),연남동,370-41,36.96,,500,150,-1,27,1997,신규,26.06~28.06,,,,,
마포구,11440,합정동,202606,연립다세대_전월세,합정더힐하우스,합정동,394-4,46.89,,46400,0,5,27,2015,신규,26.09~28.09,,,,,
마포구,11440,노고산동,202606,연립다세대_전월세,일풍하우스,노고산동,20-76,27.07,,12000,35,2,27,2021,신규,26.08~28.08,,,,,
마포구,11440,성산동,202606,연립다세대_전월세,더플레이스,성산동,214-11,29.75,,27000,0,4,9,2019,신규,26.09~28.09,,,,,
마포구,11440,도화동,202606,연립다세대_전월세,더클래스도화2,도화동,242-4,23.38,,23000,0,2,29,2026,신규,26.07~28.07,,,,,
마포구,11440,상수동,202606,연립다세대_전월세,(93-41),상수동,93-41,23.25,,1000,60,2,6,2002,신규,26.06~28.06,,,,,
마포구,11440,망원동,202606,연립다세대_전월세,대명시티빌,망원동,470-12,29.22,,2000,70,4,23,2007,신규,26.07~28.07,,,,,
마포구,11440,연남동,202606,연립다세대_전월세,희승,연남동,488-4,14.23,,3000,45,2,29,2012,신규,26.07~28.07,,,,,
마포구,11440,상암동,202606,연립다세대_전월세,리안하우스,상암동,20-10,18.19,,1000,57,3,5,2012,신규,26.06~27.06,,,,,
마포구,11440,연남동,202606,연립다세대_전월세,(509-1),연남동,509-1,12.01,,1000,65,5,13,2013,신규,26.06~27.06,,,,,
마포구,11440,현석동,202606,연립다세대_전월세,(1-7),현석동,1-7,73.08,,35200,0,1,29,1991,갱신,26.06~28.06,33500.0,5.0,사용,,
마포구,11440,망원동,202606,연립다세대_전월세,뫼비우스,망원동,417-15,35.52,,23000,55,3,27,2014,신규,26.08~28.08,,,,,
마포구,11440,상수동,202606,연립다세대_전월세,한솔그랑빌(A),상수동,337-9,51.66,,29000,0,4,20,2003,신규,26.08~28.08,,,,,
마포구,11440,서교동,202606,연립다세대_전월세,(473-14),서교동,473-14,44.89,,3000,160,5,5,2013,신규,26.07~28.07,,,,,
마포구,11440,용강동,202606,연립다세대_전월세,(117-1),용강동,117-1,87.12,,3000,120,1,5,1980,신규,26.06~28.06,,,,,
마포구,11440,망원동,202606,연립다세대_전월세,한강타운,망원동,394-70,29.67,,19950,0,2,27,2010,갱신,26.08~28.08,19000.0,,사용,,
마포구,11440,염리동,202606,연립다세대_전월세,서현플래티넘힐즈,염리동,9-7,25.02,,1000,116,2,25,2021,신규,26.06~28.06,,,,,
마포구,11440,창전동,202606,연립다세대_전월세,미소빌라트,창전동,400-6,28.905,,18000,0,5,27,2012,신규,26.07~28.07,,,,,
마포구,11440,합정동,202606,연립다세대_전월세,중앙빌라,합정동,448-6,46.98,,14650,0,-1,27,1991,갱신,26.07~28.07,13650.0,,,,
마포구,11440,연남동,202606,연립다세대_전월세,행복이가득한집,연남동,504-17,19.24,,10000,0,3,27,2011,신규,26.07~28.07,,,,,
마포구,11440,성산동,202606,연립다세대_전월세,명상빌라,성산동,219-5,37.08,,13000,0,-1,27,1990,갱신,26.08~28.08,13000.0,,,,
마포구,11440,연남동,202606,연립다세대_전월세,신흥빌라,연남동,564-18,36.36,,5000,130,2,16,1991,신규,26.06~28.06,,,,,
마포구,11440,망원동,202606,연립다세대_전월세,제일하이트빌,망원동,416-71,38.1,,25000,0,4,26,2008,신규,26.08~28.08,,,,,
마포구,11440,망원동,202606,연립다세대_전월세,이레쉐르빌9차,망원동,399-24,47.36,,30000,0,2,26,2008,신규,26.09~28.09,,,,,
마포구,11440,망원동,202606,연립다세대_전월세,동강하이텔,망원동,398-7,23.64,,16000,0,2,29,2011,신규,26.08~28.08,,,,,
마포구,11440,망원동,202606,연립다세대_전월세,가람빌,망원동,457-27,16.83,,18000,0,3,27,2022,신규,26.07~28.07,,,,,
마포구,11440,성산동,202606,연립다세대_전월세,대성빌라C동,성산동,214-64,36.36,,11400,0,1,27,1989,갱신,26.06~28.06,10800.0,,,,
마포구,11440,상암동,202606,연립다세대_전월세,하늘빌,상암동,12-78,19.58,,500,50,5,20,2013,신규,26.06~27.06,,,,,
마포구,11440,망원동,202606,연립다세대_전월세,신부파스카빌6차,망원동,469-29,30.94,,2000,83,4,24,2014,신규,26.06~28.06,,,,,
마포구,11440,연남동,202606,연립다세대_전월세,삼화빌라,연남동,478-2,44.82,,8500,19,-1,15,1991,신규,26.09~28.09,,,,,
마포구,11440,상암동,202606,연립다세대_전월세,가인,상암동,2-167,23.52,,1000,66,3,20,2010,신규,26.06~27.06,,,,,
마포구,11440,용강동,202606,연립다세대_전월세,은석빌,용강동,494-102,45.2,,27000,0,3,25,2007,갱신,26.06~28.06,25000.0,10.0,,,
마포구,11440,신수동,202606,연립다세대_전월세,동해그랑빌110동,신수동,429-17,70.21,,40000,0,3,26,2002,갱신,26.08~28.07,37000.0,,,,
마포구,11440,창전동,202606,연립다세대_전월세,오스카빌B동,창전동,35-6,58.38,,19000,0,2,26,2013,신규,26.09~28.09,,,,,
마포구,11440,서교동,202606,연립다세대_전월세,서교리치빌,서교동,474-23,28.09,,35200,0,2,17,2021,갱신,26.06~28.06,34000.0,,,,
마포구,11440,대흥동,202606,연립다세대_전월세,두레빌리지,대흥동,177,24.08,,26000,0,5,17,2017,신규,26.06~28.06,,,,,
마포구,11440,망원동,202606,연립다세대_전월세,청구빌라,망원동,468-35,50.67,,2000,120,3,26,1991,신규,26.09~28.09,,,,,
마포구,11440,성산동,202606,연립다세대_전월세,어썸시티,성산동,646-7,28.18,,35000,0,5,18,2019,갱신,26.10~28.10,34000.0,,,,
마포구,11440,서교동,202606,연립다세대_전월세,서교하우스나동,서교동,5-8,42.66,,12600,15,2,5,1986,갱신,26.08~28.08,12000.0,15.0,사용,,
마포구,11440,상수동,202606,연립다세대_전월세,(321-6),상수동,321-6,22.07,,16000,42,3,26,2021,신규,26.07~28.07,,,,,
마포구,11440,성산동,202606,연립다세대_전월세,태양연립,성산동,279-3,83.87,,1000,40,2,16,1978,신규,26.06~28.06,,,,,
마포구,11440,연남동,202606,연립다세대_전월세,(382-10),연남동,382-10,13.2,,1000,50,3,15,2012,신규,26.06~28.06,,,,,
마포구,11440,망원동,202606,연립다세대_전월세,한울타리빌라,망원동,338-48,38.52,,20000,0,3,19,2002,신규,26.08~28.08,,,,,
마포구,11440,상암동,202606,연립다세대_전월세,DMC칸타빌,상암동,2-147,29.75,,26800,0,5,24,2018,갱신,26.09~29.09,25900.0,,,,
마포구,11440,망원동,202606,연립다세대_전월세,한서빌라,망원동,398-20,48.92,,15000,45,2,26,1993,신규,26.09~28.09,,,,,
마포구,11440,공덕동,202606,연립다세대_전월세,미네하우스,공덕동,111-28,29.6,,27000,0,3,25,2015,신규,26.07~28.07,,,,,
마포구,11440,성산동,202606,연립다세대_전월세,이강빌딩,성산동,39-3,29.97,,19000,18,3,25,2014,신규,26.08~28.08,,,,,
마포구,11440,대흥동,202606,연립다세대_전월세,앰버하우스9차,대흥동,34-9,27.45,,27000,0,3,22,2020,신규,26.07~28.07,,,,,
마포구,11440,합정동,202606,연립다세대_전월세,그레이스빌,합정동,431-11,43.32,,28700,0,2,25,2013,신규,26.09~28.09,,,,,
마포구,11440,도화동,202606,연립다세대_전월세,아포제도화,도화동,2-31,22.43,,25000,0,4,26,2026,신규,26.07~28.07,,,,,
마포구,11440,성산동,202606,연립다세대_전월세,성산동상가주택,성산동,245-43,74.51,,25000,0,5,22,2003,신규,26.09~28.09,,,,,
마포구,11440,합정동,202606,연립다세대_전월세,대명풀하우스2,합정동,438-20,29.65,,25200,0,2,24,2016,갱신,26.07~28.07,25200.0,,,,
마포구,11440,합정동,202606,연립다세대_전월세,강변르네상스가동,합정동,446-19,27.84,,18780,0,5,11,2010,갱신,26.07~28.07,17890.0,,,,
마포구,11440,도화동,202606,연립다세대_전월세,엘라루네,도화동,185-6,20.82,,23000,0,2,25,2026,신규,26.08~28.07,,,,,
마포구,11440,용강동,202606,연립다세대_전월세,미래빌,용강동,149-30,38.92,,23000,0,5,25,2013,신규,26.07~28.07,,,,,
마포구,11440,공덕동,202606,연립다세대_전월세,(26-29),공덕동,26-29,45.67,,25000,10,3,20,2007,신규,26.07~28.07,,,,,
마포구,11440,연남동,202606,연립다세대_전월세,신촌맨숀,연남동,226-1,65.59,,6000,60,3,25,1981,갱신,26.07~28.07,17500.0,,,,
마포구,11440,망원동,202606,연립다세대_전월세,한남파크빌(가),망원동,407-6,41.86,,7000,80,2,6,2002,신규,26.06~28.06,,,,,
마포구,11440,연남동,202606,연립다세대_전월세,태양빌라,연남동,564-1,38.41,,22446,16,3,14,1991,갱신,26.07~28.07,23100.0,4.0,,,
마포구,11440,서교동,202606,연립다세대_전월세,문예,서교동,367-28,60.47,,31000,0,3,25,2003,갱신,26.07~28.07,30000.0,,,,
마포구,11440,망원동,202606,연립다세대_전월세,목련센터빌,망원동,439-7,42.66,,130,50,4,1,2016,신규,26.06~26.09,,,,,
마포구,11440,성산동,202606,연립다세대_전월세,The민성,성산동,250-36,17.19,,1000,61,3,4,2020,신규,26.06~28.06,,,,,
마포구,11440,서교동,202606,연립다세대_전월세,미주빌라,서교동,476-3,49.2,,23089,0,1,25,1991,신규,26.08~28.08,,,,,
마포구,11440,용강동,202606,연립다세대_전월세,미래빌,용강동,149-30,38.92,,23000,0,5,25,2013,신규,26.07~28.07,,,,,
마포구,11440,서교동,202606,연립다세대_전월세,jijiliving,서교동,395-185,34.65,,1000,84,2,25,1997,신규,26.08~28.08,,,,,
마포구,11440,서교동,202606,연립다세대_전월세,센터빌,서교동,477-13,15.84,,3000,48,3,20,2012,갱신,26.07~28.06,3000.0,46.0,,,
마포구,11440,성산동,202606,연립다세대_전월세,양지빌라B동,성산동,147-43,49.95,,18000,10,2,25,1991,갱신,26.06~28.06,18000.0,,,,
마포구,11440,서교동,202606,연립다세대_전월세,석호빌라,서교동,395-82,26.24,,1000,78,3,18,2001,갱신,26.06~27.06,1000.0,74.0,사용,,
마포구,11440,성산동,202606,연립다세대_전월세,소노하우스성산3차,성산동,134-15,29.28,,24300,0,2,25,2018,갱신,26.09~28.09,24300.0,,사용,,
마포구,11440,서교동,202606,연립다세대_전월세,(475-39),서교동,475-39,17.14,,12900,0,5,14,2012,갱신,26.06~28.06,12300.0,,,,
마포구,11440,신수동,202606,연립다세대_전월세,(88-46),신수동,88-46,52.56,,25255,0,4,13,2002,갱신,26.06~28.06,24255.0,,,,
마포구,11440,하중동,202606,연립다세대_전월세,(12-1),하중동,12-1,18.39,,3000,54,3,23,2012,신규,26.08~28.08,,,,,
마포구,11440,망원동,202606,연립다세대_전월세,대도주택,망원동,410-50,37.12,,16200,0,4,24,1991,갱신,26.07~28.07,15600.0,,,,
마포구,11440,성산동,202606,연립다세대_전월세,동양하우징,성산동,24-1,29.86,,27342,5,6,16,2018,갱신,26.06~28.06,27342.0,,사용,,
마포구,11440,서교동,202606,연립다세대_전월세,연훈빌리지,서교동,451-10,60.86,,1000,55,1,19,2001,신규,26.08~28.08,,,,,
마포구,11440,합정동,202606,연립다세대_전월세,우성빌라,합정동,389-10,28.62,,3000,55,3,24,1994,신규,26.07~28.07,,,,,
마포구,11440,합정동,202606,연립다세대_전월세,삼성주택(434-24),합정동,434-24,52.45,,26775,0,3,24,1994,갱신,26.07~28.07,25500.0,,,,
마포구,11440,상암동,202606,연립다세대_전월세,상암파크빌,상암동,19-8,14.37,,8500,0,4,9,2012,갱신,26.06~28.06,8500.0,,사용,,
마포구,11440,연남동,202606,연립다세대_전월세,행복이가득한집,연남동,504-17,15.34,,8000,0,4,24,2011,신규,26.07~28.07,,,,,
마포구,11440,동교동,202606,연립다세대_전월세,더라움,동교동,185-7,39.49,,20000,87,5,22,2018,갱신,26.07~28.07,20000.0,80.0,,,
마포구,11440,망원동,202606,연립다세대_전월세,현대타운,망원동,416-74,36.84,,18900,0,3,24,1990,갱신,26.08~28.08,18000.0,,사용,,
마포구,11440,상수동,202606,연립다세대_전월세,(353-2),상수동,353-2,36.24,,14994,0,3,16,2008,신규,26.07~28.07,,,,,
마포구,11440,망원동,202606,연립다세대_전월세,이에스에듀하임,망원동,413-50,29.84,,37000,0,2,22,2025,신규,26.08~28.08,,,,,
마포구,11440,성산동,202606,연립다세대_전월세,골드리치,성산동,278-5,23.51,,5000,133,4,22,2018,신규,26.08~28.08,,,,,
마포구,11440,아현동,202606,연립다세대_전월세,온누리빌라,아현동,702-5,72.81,,31000,0,3,24,2005,신규,26.06~28.06,,,,,
마포구,11440,연남동,202606,연립다세대_전월세,스퀘어일레븐,연남동,255-6,19.25,,1000,66,3,10,2015,신규,26.06~28.06,,,,,
마포구,11440,염리동,202606,연립다세대_전월세,염리르끌레브,염리동,10-152,29.74,,3000,90,2,23,2021,신규,26.07~28.07,,,,,
마포구,11440,노고산동,202606,연립다세대_전월세,글로리하우스2,노고산동,4-13,28.86,,17800,0,3,23,2020,갱신,26.06~28.06,17000.0,,사용,,
마포구,11440,아현동,202606,연립다세대_전월세,(구85-420),아현동,740-3,50.52,,15000,0,4,15,1995,신규,26.06~28.06,,,,,
마포구,11440,서교동,202606,연립다세대_전월세,The한울,서교동,247-205,37.29,,47000,0,4,23,2022,갱신,26.07~27.03,47000.0,,,,
마포구,11440,합정동,202606,연립다세대_전월세,삼호빌라,합정동,426-22,35.76,,13000,18,-1,22,1988,갱신,26.07~28.07,13000.0,15.0,사용,,
마포구,11440,연남동,202606,연립다세대_전월세,(361-7),연남동,361-7,22.23,,15000,11,3,13,2016,신규,26.08~28.08,,,,,
마포구,11440,합정동,202606,연립다세대_전월세,대명시티파크B동,합정동,370-30,32.94,,26000,0,2,20,2008,갱신,26.09~28.09,25000.0,,,,
마포구,11440,성산동,202606,연립다세대_전월세,유니하우스블루,성산동,277-25,23.24,,22050,0,3,24,2017,신규,26.08~28.08,,,,,
마포구,11440,아현동,202606,연립다세대_전월세,아현시티,아현동,327-10,25.88,,33600,0,4,2,2020,갱신,26.07~28.07,32000.0,,사용,,
마포구,11440,합정동,202606,연립다세대_전월세,신덕파크빌,합정동,444-8,62.73,,36750,0,2,24,2008,신규,26.07~28.07,,,,,
마포구,11440,상수동,202606,연립다세대_전월세,(335-14),상수동,335-14,52.03,,22870,0,2,13,2008,갱신,26.07~27.07,21820.0,,,,
마포구,11440,상수동,202606,연립다세대_전월세,동성아트빌(B),상수동,336-9,50.95,,20000,0,2,3,2008,신규,26.06~28.06,,,,,
마포구,11440,성산동,202606,연립다세대_전월세,에버그린빌라,성산동,250-31,69.64,,23800,11,3,19,2002,갱신,26.06~28.06,23800.0,6.0,,,
마포구,11440,연남동,202606,연립다세대_전월세,더연남,연남동,370-53,36.76,,23300,45,3,22,2019,신규,26.08~28.08,,,,,
마포구,11440,염리동,202606,연립다세대_전월세,이지힐,염리동,9-224,27.98,,22000,0,4,23,2020,신규,26.08~28.08,,,,,
마포구,11440,서교동,202606,연립다세대_전월세,행복한집,서교동,442-33,25.32,,19000,4,2,7,2010,갱신,26.06~28.06,19000.0,,사용,,
마포구,11440,창전동,202606,연립다세대_전월세,바움인베스트,창전동,5-26,34.73,,12000,0,3,23,2013,신규,26.07~28.07,,,,,
마포구,11440,성산동,202606,연립다세대_전월세,동양하우징,성산동,24-19,32.7,,5000,140,5,18,2018,신규,26.06~28.06,,,,,
마포구,11440,연남동,202606,연립다세대_전월세,한울빌라,연남동,564-16,48.09,,2000,140,2,23,1991,신규,26.07~28.07,,,,,
마포구,11440,성산동,202606,연립다세대_전월세,동산주택,성산동,54-8,42.24,,19000,0,2,20,1995,갱신,26.07~28.07,17850.0,,,,
마포구,11440,성산동,202606,연립다세대_전월세,슈펜하임,성산동,81-29,29.76,,24000,25,3,19,2016,갱신,26.06~28.06,24000.0,20.0,사용,,
마포구,11440,신공덕동,202606,연립다세대_전월세,하비메종,신공덕동,5-72,54.27,,5000,185,3,19,2021,신규,26.06~28.06,,,,,
마포구,11440,공덕동,202606,연립다세대_전월세,양문빌딩,공덕동,232-9,50.8,,29400,0,3,23,2002,신규,26.08~28.08,,,,,
마포구,11440,대흥동,202606,연립다세대_전월세,(255-1),대흥동,255-1,29.16,,35000,0,4,4,2018,갱신,26.07~28.07,27000.0,36.0,,,
마포구,11440,합정동,202606,연립다세대_전월세,선아아트빌,합정동,391-37,35,,10000,54,1,11,2002,갱신,26.08~28.08,10000.0,50.0,,,
마포구,11440,용강동,202606,연립다세대_전월세,비쥬빌,용강동,494-25,18.55,,6000,50,3,22,2012,신규,26.07~28.07,,,,,
마포구,11440,망원동,202606,연립다세대_전월세,대명이튼캐슬,망원동,519,28.65,,26200,15,4,21,2017,갱신,26.07~28.07,26200.0,10.0,사용,,
마포구,11440,동교동,202606,연립다세대_전월세,더라움,동교동,185-7,30.54,,32700,0,3,17,2018,갱신,26.07~28.07,31200.0,,사용,,
마포구,11440,서교동,202606,연립다세대_전월세,센터빌,서교동,477-13,14.87,,3000,47,5,20,2012,갱신,26.07~28.07,3000.0,45.0,,,
마포구,11440,망원동,202606,연립다세대_전월세,월드팰리스,망원동,431-31,40.92,,3000,70,2,15,2010,갱신,26.08~28.08,3000.0,60.0,사용,,
마포구,11440,성산동,202606,연립다세대_전월세,(249-6),성산동,249-6,59.13,,37000,0,4,20,2011,신규,26.07~28.07,,,,,
마포구,11440,노고산동,202606,연립다세대_전월세,신촌더힐하우스,노고산동,33-2,29.28,,33000,0,3,23,2022,갱신,26.07~28.07,33000.0,,사용,,
마포구,11440,연남동,202606,연립다세대_전월세,파크사이드연남,연남동,481-5,23.82,,24000,0,2,22,2026,신규,26.07~28.07,,,,,
마포구,11440,서교동,202606,연립다세대_전월세,이혜빌딩,서교동,451-45,32.13,,12000,14,2,22,2001,갱신,26.07~28.07,12000.0,11.0,,,
마포구,11440,합정동,202606,연립다세대_전월세,성도빌라(450-33),합정동,450-33,36.54,,20000,0,2,20,1986,갱신,26.09~28.09,19100.0,,,,
마포구,11440,염리동,202606,연립다세대_전월세,삼성빌라(81-1),염리동,81-1,50.9,,20000,100,2,13,2017,신규,26.07~28.07,,,,,
마포구,11440,망원동,202606,연립다세대_전월세,두영이지안빌,망원동,381-2,58.98,,3000,133,2,18,2008,신규,26.06~27.06,,,,,
마포구,11440,성산동,202606,연립다세대_전월세,(271-24),성산동,271-24,29.52,,2000,88,3,12,2013,신규,26.07~28.07,,,,,
마포구,11440,대흥동,202606,연립다세대_전월세,앰버하우스9차,대흥동,34-9,27.45,,27000,0,3,22,2020,갱신,26.07~28.07,26000.0,,사용,,
마포구,11440,합정동,202606,연립다세대_전월세,우진베스트,합정동,441-5,20.3,,2000,60,4,6,2014,신규,26.06~28.06,,,,,
마포구,11440,서교동,202606,연립다세대_전월세,센터빌,서교동,477-13,14.87,,3000,47,5,20,2012,갱신,26.08~28.07,3000.0,45.0,,,
마포구,11440,도화동,202606,연립다세대_전월세,도화맨션,도화동,2-14,24.32,,28500,0,5,20,2018,신규,26.07~28.07,,,,,
마포구,11440,성산동,202606,연립다세대_전월세,한빛위너스빌,성산동,255-7,29.93,,12000,60,4,17,2013,갱신,26.07~28.07,12000.0,55.0,사용,,
마포구,11440,합정동,202606,연립다세대_전월세,선우쉐르빌(라동),합정동,438-17,62.16,,50000,0,4,20,2002,신규,26.09~28.09,,,,,
마포구,11440,대흥동,202606,연립다세대_전월세,행복인,대흥동,22-20,14.91,,1000,65,2,22,2022,신규,26.07~28.07,,,,,
마포구,11440,서교동,202606,연립다세대_전월세,서교에이스3동,서교동,455-19,68.87,,20000,90,5,20,2003,신규,26.09~28.09,,,,,
마포구,11440,망원동,202606,연립다세대_전월세,진흥하이츠빌라A동,망원동,432-18,49.48,,13000,0,-1,22,1992,신규,26.06~26.08,,,,,
마포구,11440,신수동,202606,연립다세대_전월세,(89-64),신수동,89-64,67.75,,40000,30,2,20,2001,신규,26.08~28.08,,,,,
마포구,11440,도화동,202606,연립다세대_전월세,아포제도화,도화동,2-31,27.66,,24000,30,2,19,2026,신규,26.07~28.07,,,,,
마포구,11440,노고산동,202606,연립다세대_전월세,에코하우스,노고산동,33-27,14.04,,1000,70,4,20,2013,신규,26.06~28.06,,,,,
마포구,11440,합정동,202606,연립다세대_전월세,인성빌라,합정동,358-20,23.49,,3000,80,2,18,1988,신규,26.07~28.07,,,,,
마포구,11440,망원동,202606,연립다세대_전월세,(469-39),망원동,469-39,25.42,,33600,0,3,13,2023,갱신,26.06~28.06,32000.0,,사용,,
마포구,11440,합정동,202606,연립다세대_전월세,백운빌라,합정동,429-14,42.71,,24000,0,2,20,1994,신규,26.10~28.10,,,,,
마포구,11440,신수동,202606,연립다세대_전월세,동양하우징,신수동,250-27,38.44,,38420,15,5,13,2016,갱신,26.08~28.08,36400.0,15.0,,,
마포구,11440,연남동,202606,연립다세대_전월세,JASONCOUNTY,연남동,229-72,29.89,,15380,48,4,2,2016,갱신,26.08~28.08,15380.0,43.0,,,
마포구,11440,대흥동,202606,연립다세대_전월세,아인하우스201동,대흥동,765-6,29.55,,30000,0,2,13,2025,신규,26.08~28.08,,,,,
마포구,11440,상수동,202606,연립다세대_전월세,(322-5),상수동,322-5,45.44,,2000,100,6,14,2008,신규,26.08~27.10,,,,,
마포구,11440,상수동,202606,연립다세대_전월세,해피홈,상수동,335-19,45.22,,18000,10,4,19,2008,신규,26.07~28.07,,,,,
마포구,11440,용강동,202606,연립다세대_전월세,용강하이츠,용강동,493-9,24.25,,21798,13,3,20,2018,갱신,26.08~28.08,21500.0,10.0,사용,,
마포구,11440,신공덕동,202606,연립다세대_전월세,신덕맨션,신공덕동,6-3,74.75,,24100,0,2,15,1981,갱신,26.07~28.07,23000.0,,사용,,
마포구,11440,망원동,202606,연립다세대_전월세,동광탑스빌,망원동,338-6,29.94,,24000,0,2,19,2011,신규,26.07~28.07,,,,,
마포구,11440,연남동,202606,연립다세대_전월세,"골든빌(가,나)",연남동,255-8,28.69,,4470,22,2,19,2021,신규,26.07~28.06,,,,,
마포구,11440,공덕동,202606,연립다세대_전월세,하늘미소-2,공덕동,232-34,15.03,,11000,0,3,22,2013,신규,26.07~28.07,,,,,
마포구,11440,도화동,202606,연립다세대_전월세,아포제도화,도화동,2-31,21.97,,25000,0,4,20,2026,신규,26.07~28.07,,,,,
마포구,11440,성산동,202606,연립다세대_전월세,삼정DonaVille,성산동,47-1,26.97,,22000,0,3,22,2026,신규,26.06~28.06,,,,,
마포구,11440,망원동,202606,연립다세대_전월세,명진렉스빌,망원동,338-17,40.26,,12000,76,5,19,2010,갱신,26.07~28.07,12000.0,70.0,,,
마포구,11440,상수동,202606,연립다세대_전월세,(330-4),상수동,330-4,29.58,,1000,85,2,12,2011,신규,26.06~28.06,,,,,
마포구,11440,아현동,202606,연립다세대_전월세,"현대빌라(A,B동)(구389-10)",아현동,749-3,47.52,,18000,0,1,6,1994,신규,26.07~28.07,,,,,
마포구,11440,합정동,202606,연립다세대_전월세,대명풀하우스2,합정동,438-20,17.1,,2000,100,4,12,2016,신규,26.06~28.06,,,,,
마포구,11440,망원동,202606,연립다세대_전월세,로즈마리빌,망원동,414-51,65.67,,30300,0,2,5,2011,갱신,26.07~28.07,28875.0,,사용,,
마포구,11440,망원동,202606,연립다세대_전월세,파인빌,망원동,385-15,13,,500,44,2,19,2011,신규,26.06~28.06,,,,,
마포구,11440,신수동,202606,연립다세대_전월세,영남아트빌라,신수동,368-1,41.49,,19000,0,2,19,1994,갱신,26.08~28.08,17000.0,,,,
마포구,11440,망원동,202606,연립다세대_전월세,삼화에이스2,망원동,382-11,26.91,,1000,65,5,17,2008,신규,26.06~27.06,,,,,
마포구,11440,서교동,202606,연립다세대_전월세,동광팰리스,서교동,460-38,15.87,,1000,75,4,16,2013,신규,26.06~27.06,,,,,
마포구,11440,망원동,202606,연립다세대_전월세,행복타운B동,망원동,417-26,54.84,,24500,0,5,15,2008,신규,26.07~28.07,,,,,
마포구,11440,성산동,202606,연립다세대_전월세,이가에스토,성산동,39-28,38.47,,35900,0,2,9,2023,신규,26.07~28.07,,,,,
마포구,11440,망원동,202606,연립다세대_전월세,채움하이빌,망원동,380-29,16.8,,1000,59,5,19,2012,신규,26.06~28.06,,,,,
마포구,11440,성산동,202606,연립다세대_전월세,슈펜하임,성산동,81-29,29.76,,24000,25,3,19,2016,갱신,26.06~28.06,24000.0,20.0,사용,,
마포구,11440,노고산동,202606,연립다세대_전월세,(19-2),노고산동,19-2,51.19,,1000,160,3,17,2003,신규,26.07~28.06,,,,,
마포구,11440,염리동,202606,연립다세대_전월세,세림promise2차,염리동,10-5,17.44,,18900,0,5,18,2021,갱신,26.10~28.10,18000.0,,사용,,
마포구,11440,도화동,202606,연립다세대_전월세,더클래스도화2,도화동,242-4,23.29,,24000,0,2,6,2026,신규,26.07~28.07,,,,,
마포구,11440,염리동,202606,연립다세대_전월세,하비메종,염리동,488-3,17.03,,15000,0,3,17,2021,신규,26.07~28.07,,,,,
마포구,11440,서교동,202606,연립다세대_전월세,대신빌라,서교동,381-18,36.96,,2000,120,1,4,1990,신규,26.06~28.06,,,,,
마포구,11440,성산동,202606,연립다세대_전월세,대명풀하우스,성산동,251-20,23.2,,14900,3,2,18,2012,신규,26.07~28.07,,,,,
마포구,11440,서교동,202606,연립다세대_전월세,성보빌라트,서교동,395-93,75.54,,39900,0,4,19,1997,갱신,26.07~28.07,38000.0,,,,
마포구,11440,망원동,202606,연립다세대_전월세,아가도스2,망원동,380-24,25.98,,25700,15,5,15,2020,갱신,26.06~28.06,24300.0,15.0,,,
마포구,11440,망원동,202606,연립다세대_전월세,화신센터빌,망원동,464-6,32.82,,24300,0,5,15,2015,갱신,26.07~28.07,23300.0,,사용,,
마포구,11440,합정동,202606,연립다세대_전월세,합정동다세대(355-20),합정동,355-20,59.46,,33000,0,3,13,2002,갱신,26.08~27.09,30000.0,,,,
마포구,11440,서교동,202606,연립다세대_전월세,백제빌라,서교동,469-52,50.28,,26000,0,3,16,1991,신규,26.07~28.07,,,,,
마포구,11440,아현동,202606,연립다세대_전월세,스카이빌리지,아현동,748-7,29.9,,2000,73,3,10,2020,신규,26.08~27.08,,,,,
마포구,11440,염리동,202606,연립다세대_전월세,삼성팰리스A동,염리동,128-73,75.47,,43050,0,3,18,2003,갱신,26.09~28.09,41000.0,,사용,,
마포구,11440,신수동,202606,연립다세대_전월세,(89-38),신수동,89-38,49.19,,18000,0,-1,18,1991,신규,26.07~28.07,,,,,
마포구,11440,연남동,202606,연립다세대_전월세,혜진아트빌,연남동,260-22,20.62,,3000,85,4,2,2014,신규,26.06~28.06,,,,,
마포구,11440,망원동,202606,연립다세대_전월세,(57-20),망원동,57-20,28.59,,13230,0,1,18,1991,갱신,26.06~28.06,12600.0,,,,
마포구,11440,염리동,202606,연립다세대_전월세,염리명강빌4차,염리동,147-9,19.8,,14000,0,3,18,2020,갱신,26.07~28.07,14000.0,,,,
마포구,11440,염리동,202606,연립다세대_전월세,행복신양염리3차,염리동,149-16,18.08,,16800,0,3,18,2021,갱신,26.09~28.09,16000.0,,사용,,
마포구,11440,중동,202606,연립다세대_전월세,(254-0),중동,254,92.6,,30380,0,4,17,1998,신규,26.07~28.07,,,,,
마포구,11440,노고산동,202606,연립다세대_전월세,라이프빌딩,노고산동,54-21,12.44,,1000,97,5,18,2020,갱신,26.08~27.08,1000.0,95.0,,,
마포구,11440,염리동,202606,연립다세대_전월세,염리명강빌2차,염리동,138-7,23.58,,18900,0,4,15,2019,신규,26.07~28.07,,,,,
마포구,11440,연남동,202606,연립다세대_전월세,라센트라연남,연남동,361-10,33.18,,3000,150,3,11,2022,신규,26.06~28.06,,,,,
마포구,11440,연남동,202606,연립다세대_전월세,한솔빌라,연남동,240-55,40.65,,22000,0,3,11,2002,신규,26.07~28.07,,,,,
마포구,11440,망원동,202606,연립다세대_전월세,센터빌,망원동,432-32,27.78,,5000,47,4,16,2011,신규,26.07~28.07,,,,,
마포구,11440,공덕동,202606,연립다세대_전월세,벨로하우스공덕,공덕동,111-201,29.8,,29750,0,11,17,2019,신규,26.08~28.08,,,,,
마포구,11440,합정동,202606,연립다세대_전월세,더하우스5차,합정동,198-6,30.06,,4000,55,3,17,2007,신규,26.07~28.07,,,,,
마포구,11440,합정동,202606,연립다세대_전월세,(437-23),합정동,437-23,27.73,,35000,0,2,3,2024,신규,26.08~28.08,,,,,
마포구,11440,창전동,202606,연립다세대_전월세,신촌도미텔,창전동,6-75,27.36,,10400,25,3,13,1991,신규,26.07~28.07,,,,,
마포구,11440,당인동,202606,연립다세대_전월세,(12-29),당인동,12-29,37.57,,26000,0,1,13,1990,신규,26.08~28.08,,,,,
마포구,11440,망원동,202606,연립다세대_전월세,(399-18),망원동,399-18,40.32,,5000,110,3,17,2002,신규,26.07~28.07,,,,,
마포구,11440,합정동,202606,연립다세대_전월세,(91-22),합정동,91-22,48.29,,24000,0,1,3,1991,신규,26.07~28.07,,,,,
마포구,11440,상암동,202606,연립다세대_전월세,해그린빌,상암동,34-92,13.26,,500,52,5,16,2012,갱신,26.07~27.07,500.0,50.0,,,
마포구,11440,서교동,202606,연립다세대_전월세,(395-99),서교동,395-99,64.98,,1000,126,4,5,1997,신규,26.06~28.06,,,,,
마포구,11440,연남동,202606,연립다세대_전월세,수환하이츠빌라,연남동,561-20,34.94,,19000,27,2,16,2002,신규,26.08~28.08,,,,,
마포구,11440,성산동,202606,연립다세대_전월세,써밋성산,성산동,137-12,24.39,,26000,0,2,13,2026,신규,26.07~28.07,,,,,
마포구,11440,노고산동,202606,연립다세대_전월세,(19-2),노고산동,19-2,53.86,,1000,165,2,17,2003,신규,26.07~28.06,,,,,
마포구,11440,망원동,202606,연립다세대_전월세,이레쉐르빌(57-97),망원동,57-97,32.55,,18900,0,5,17,2008,갱신,26.08~28.08,18000.0,,사용,,
마포구,11440,합정동,202606,연립다세대_전월세,이레쉐르빌B동,합정동,436-12,54.63,,40000,0,4,10,2009,신규,26.08~28.08,,,,,
마포구,11440,합정동,202606,연립다세대_전월세,대명파리지앙2,합정동,435-2,15.62,,1000,63,2,13,2011,신규,26.06~28.06,,,,,
마포구,11440,합정동,202606,연립다세대_전월세,강변르네상스가동,합정동,446-19,27.26,,12000,60,2,11,2010,신규,26.07~28.07,,,,,
마포구,11440,신수동,202606,연립다세대_전월세,우정쉐르빌,신수동,313-2,27.58,,28200,0,4,16,2019,신규,26.07~28.07,,,,,
마포구,11440,용강동,202606,연립다세대_전월세,Y.H빌리지,용강동,494-109,21.37,,24000,0,3,11,2026,신규,26.07~28.07,,,,,
마포구,11440,신수동,202606,연립다세대_전월세,(251-1),신수동,251-1,13.88,,500,50,3,16,2013,신규,26.08~28.08,,,,,
마포구,11440,망원동,202606,연립다세대_전월세,썬유빌,망원동,374-3,15.74,,3000,56,2,6,2013,갱신,26.07~28.07,3000.0,53.0,,,
마포구,11440,연남동,202606,연립다세대_전월세,(239-18),연남동,239-18,14.91,,5000,60,3,16,2013,신규,26.07~28.07,,,,,
마포구,11440,연남동,202606,연립다세대_전월세,"골든빌(가,나)",연남동,255-8,50.06,,9438,22,4,16,2021,갱신,26.07~28.06,9438.0,20.0,,,
마포구,11440,도화동,202606,연립다세대_전월세,청솔주택,도화동,2-78,25.65,,12000,4,2,8,2011,갱신,26.07~28.06,12000.0,2.0,,,
마포구,11440,망원동,202606,연립다세대_전월세,석우빌라7차,망원동,57-205,43.88,,4000,120,2,15,2002,신규,26.07~28.07,,,,,
마포구,11440,서교동,202606,연립다세대_전월세,(460-9),서교동,460-9,12.09,,1000,50,3,16,2012,신규,26.07~28.07,,,,,
마포구,11440,노고산동,202606,연립다세대_전월세,수빌딩,노고산동,54-96,16.32,,1000,90,3,16,2013,신규,26.08~27.08,,,,,
마포구,11440,상암동,202606,연립다세대_전월세,(28-6),상암동,28-6,60.43,,24150,0,4,16,2010,갱신,26.06~28.06,23000.0,,사용,,
마포구,11440,망원동,202606,연립다세대_전월세,일신홈타운,망원동,475-50,60.08,,32000,20,3,16,2008,신규,26.08~28.08,,,,,
마포구,11440,망원동,202606,연립다세대_전월세,대주빌라(1동),망원동,486-45,36.84,,5000,250,2,13,1991,신규,26.06~28.06,,,,,
마포구,11440,현석동,202606,연립다세대_전월세,밤섬쉐르빌,현석동,170-1,28.59,,30000,0,2,15,2021,신규,26.09~28.09,,,,,
마포구,11440,연남동,202606,연립다세대_전월세,(382-10),연남동,382-10,12.94,,1000,50,2,14,2012,신규,26.06~28.06,,,,,
마포구,11440,성산동,202606,연립다세대_전월세,삼화에코빌,성산동,242-24,26.46,,1029,30,3,11,2025,신규,26.06~28.08,,,,,
마포구,11440,서교동,202606,연립다세대_전월세,서교동포인트빌라,서교동,454-5,53.05,,2000,100,-1,8,2000,신규,26.06~28.06,,,,,
마포구,11440,합정동,202606,연립다세대_전월세,포레스트,합정동,432-20,36.48,,6600,90,3,14,2013,신규,26.08~28.08,,,,,
마포구,11440,합정동,202606,연립다세대_전월세,VALUEDEVELOPMENT,합정동,378-14,25.31,,22000,20,5,16,2016,갱신,26.06~27.06,26000.0,,,,
마포구,11440,서교동,202606,연립다세대_전월세,(451-40),서교동,451-40,18.02,,7000,10,2,15,2011,신규,26.07~28.07,,,,,
마포구,11440,연남동,202606,연립다세대_전월세,연세하우스,연남동,246-3,38.8,,11000,35,3,11,2014,갱신,26.08~28.08,11000.0,33.0,,,
마포구,11440,구수동,202606,연립다세대_전월세,(79-9),구수동,79-9,60.64,,29000,0,2,15,2008,갱신,26.07~28.07,27700.0,,사용,,
마포구,11440,구수동,202606,연립다세대_전월세,용암빌라(나동),구수동,22-3,34.35,,10000,40,1,11,1997,신규,26.07~28.07,,,,,
마포구,11440,성산동,202606,연립다세대_전월세,동원스위트,성산동,242-6,24.84,,4446,6,5,9,2025,신규,26.06~28.08,,,,,
마포구,11440,망원동,202606,연립다세대_전월세,동호쉐르빌(418-16),망원동,418-16,31.34,,500,92,3,15,2007,갱신,26.06~28.06,500.0,75.0,,,
마포구,11440,성산동,202606,연립다세대_전월세,"제이,엠빌라(2차)",성산동,616-2,63.82,,19000,40,3,13,2002,갱신,26.06~28.06,19000.0,34.0,사용,,
마포구,11440,성산동,202606,연립다세대_전월세,(81-102),성산동,81-102,47.46,,20000,0,4,13,1992,신규,26.08~28.08,,,,,
마포구,11440,성산동,202606,연립다세대_전월세,선경시티빌,성산동,251-1,112.99,,20000,190,2,13,1995,신규,26.07~28.07,,,,,
마포구,11440,중동,202606,연립다세대_전월세,(120-0),중동,120,58.17,,21000,0,1,15,1991,신규,26.07~28.07,,,,,
마포구,11440,염리동,202606,연립다세대_전월세,행복신양염리3차,염리동,149-16,20.01,,21000,0,4,15,2021,신규,26.08~28.08,,,,,
마포구,11440,성산동,202606,연립다세대_전월세,신일빌라,성산동,81-60,52.37,,2000,75,2,13,1992,신규,26.07~28.07,,,,,
마포구,11440,현석동,202606,연립다세대_전월세,"뤼시올(D,E동)",현석동,1-9,41.44,,44000,0,5,7,2025,신규,26.06~28.06,,,,,
마포구,11440,상암동,202606,연립다세대_전월세,리솜하우스,상암동,20-9,22.77,,1000,63,5,12,2012,신규,26.06~27.06,,,,,
마포구,11440,성산동,202606,연립다세대_전월세,더플레이스,성산동,214-11,29.95,,29000,0,2,13,2019,신규,26.08~28.08,,,,,
마포구,11440,대흥동,202606,연립다세대_전월세,동성캐슬,대흥동,551-1,51.38,,39000,0,4,8,2020,신규,26.07~28.07,,,,,
마포구,11440,성산동,202606,연립다세대_전월세,슈펜하임,성산동,81-29,28.05,,3000,110,4,13,2016,신규,26.07~28.07,,,,,
마포구,11440,염리동,202606,연립다세대_전월세,앰버하우스17차,염리동,9-11,29.85,,2000,95,5,14,2021,신규,26.07~28.07,,,,,
마포구,11440,염리동,202606,연립다세대_전월세,앰버하우스6차,염리동,10-80,18.99,,16000,0,3,14,2020,신규,26.08~28.08,,,,,
마포구,11440,합정동,202606,연립다세대_전월세,석우빌라(431-27),합정동,431-27,65.52,,31500,0,2,3,2000,갱신,26.06~28.06,30000.0,,사용,,
마포구,11440,합정동,202606,연립다세대_전월세,이에스한강포레B,합정동,453-13,29.56,,35000,0,4,14,2024,신규,26.07~28.07,,,,,
마포구,11440,성산동,202606,연립다세대_전월세,동원스위트,성산동,242-6,24.84,,975,28,2,10,2025,신규,26.06~28.08,,,,,
마포구,11440,연남동,202606,연립다세대_전월세,토천그린존,연남동,487-267,59.47,,25500,0,2,11,2008,신규,26.07~28.07,,,,,
마포구,11440,합정동,202606,연립다세대_전월세,흥아빌라가동,합정동,377-28,61.31,,2000,120,2,12,2001,갱신,26.07~28.07,2000.0,97.0,,,
마포구,11440,연남동,202606,연립다세대_전월세,금강블루,연남동,478-3,36.34,,30000,7,2,13,2019,신규,26.08~28.08,,,,,
마포구,11440,창전동,202606,연립다세대_전월세,오스카빌A동,창전동,35-39,45.64,,25000,0,1,13,2012,신규,26.07~28.07,,,,,
마포구,11440,신수동,202606,연립다세대_전월세,한강지오빌,신수동,250-16,20.5,,3000,83,5,13,2016,신규,26.07~28.07,,,,,
마포구,11440,망원동,202606,연립다세대_전월세,늘품빌라,망원동,470-29,16.45,,4000,42,3,1,2013,갱신,26.07~28.07,4000.0,40.0,,,
마포구,11440,대흥동,202606,연립다세대_전월세,드림빌딩,대흥동,330-2,21.21,,1000,52,3,8,2016,신규,26.06~28.06,,,,,
마포구,11440,아현동,202606,연립다세대_전월세,(구85-513),아현동,742-12,41.13,,12000,0,3,13,1988,갱신,26.06~28.06,11500.0,,,,
마포구,11440,신수동,202606,연립다세대_전월세,진엘르빌102동,신수동,250-11,36.22,,24000,0,3,14,2014,신규,26.07~28.07,,,,,
마포구,11440,신수동,202606,연립다세대_전월세,마인빌,신수동,228-3,43.83,,35000,0,2,13,2022,갱신,26.07~28.07,34500.0,,사용,,
마포구,11440,동교동,202606,연립다세대_전월세,삼성하이빌(148-5),동교동,148-5,70.82,,33000,0,3,13,2003,갱신,26.08~28.08,31500.0,,,,
마포구,11440,신수동,202606,연립다세대_전월세,신수빌,신수동,228-4,24.65,,1000,60,2,13,2008,신규,26.07~28.07,,,,,
마포구,11440,신수동,202606,연립다세대_전월세,퍼스트빌,신수동,42-6,28.23,,28000,0,5,13,2022,신규,26.08~28.08,,,,,
마포구,11440,합정동,202606,연립다세대_전월세,럭키빌라,합정동,376-26,50.27,,25000,40,2,13,2005,신규,26.08~28.08,,,,,
마포구,11440,상수동,202606,연립다세대_전월세,(330-18),상수동,330-18,21.15,,3000,65,2,11,2011,신규,26.06~28.06,,,,,
마포구,11440,상암동,202606,연립다세대_전월세,상암누리빌,상암동,2-31,15.41,,1000,45,2,10,2012,신규,26.06~27.06,,,,,
마포구,11440,도화동,202606,연립다세대_전월세,더클래스도화3,도화동,203-6,29.59,,27000,0,3,11,2026,신규,26.07~28.07,,,,,
마포구,11440,상암동,202606,연립다세대_전월세,하나아트빌,상암동,34-30,15.33,,11000,0,3,12,2011,신규,26.07~28.07,,,,,
마포구,11440,상수동,202606,연립다세대_전월세,그레이25,상수동,353-25,15.46,,13000,10,5,12,2014,신규,26.07~28.07,,,,,
마포구,11440,공덕동,202606,연립다세대_전월세,하늘미소-2,공덕동,232-34,15.03,,10500,0,5,12,2013,갱신,26.07~28.07,10000.0,,,,
마포구,11440,아현동,202606,연립다세대_전월세,(696-7),아현동,696-7,58.04,,7000,20,3,4,1985,갱신,26.06~28.06,7000.0,10.0,,,
마포구,11440,망원동,202606,연립다세대_전월세,망원빌라(476-9),망원동,476-9,50.9,,26000,0,4,8,2004,갱신,26.07~28.07,25000.0,,,,
마포구,11440,성산동,202606,연립다세대_전월세,동양하우징,성산동,3-38,29.77,,25800,0,2,10,2017,갱신,26.07~28.07,24600.0,,사용,,
마포구,11440,연남동,202606,연립다세대_전월세,월드빌라,연남동,370-23,62.99,,2000,185,4,4,2002,신규,26.06~28.06,,,,,
마포구,11440,서교동,202606,연립다세대_전월세,천명빌라,서교동,358-101,83.385,,5000,150,1,1,1991,신규,26.07~28.07,,,,,
마포구,11440,망원동,202606,연립다세대_전월세,이에스에듀하임,망원동,413-50,27.94,,37600,0,4,12,2025,신규,26.07~28.07,,,,,
마포구,11440,아현동,202606,연립다세대_전월세,(구392-30),아현동,751-1,58.88,,11000,0,3,10,1988,신규,26.07~28.07,,,,,
마포구,11440,상암동,202606,연립다세대_전월세,DMC칸타빌,상암동,2-147,29.71,,27550,0,4,11,2018,갱신,26.07~28.07,26250.0,,사용,,
마포구,11440,염리동,202606,연립다세대_전월세,나비빌,염리동,81-60,18.2,,17000,0,2,11,2020,신규,26.07~28.07,,,,,
마포구,11440,상수동,202606,연립다세대_전월세,(353-17),상수동,353-17,19.3,,3000,30,2,11,2001,신규,26.06~28.06,,,,,
마포구,11440,도화동,202606,연립다세대_전월세,(204-3),도화동,204-3,17.31,,18900,0,2,8,2024,갱신,26.06~28.06,18000.0,,사용,,
마포구,11440,성산동,202606,연립다세대_전월세,동원스위트,성산동,242-6,24.84,,100,31,4,11,2025,신규,26.06~28.08,,,,,
마포구,11440,성산동,202606,연립다세대_전월세,삼화에코빌,성산동,242-24,26.46,,2574,27,3,11,2025,신규,26.06~28.08,,,,,
마포구,11440,성산동,202606,연립다세대_전월세,삼화에코빌,성산동,242-24,23.6,,100,30,2,11,2025,신규,26.06~28.08,,,,,
마포구,11440,창전동,202606,연립다세대_전월세,광명빌라,창전동,35-2,37.63,,23000,10,2,8,2010,갱신,26.07~28.07,23000.0,,,,
마포구,11440,성산동,202606,연립다세대_전월세,더클래스,성산동,92-3,23.09,,21400,10,3,10,2019,신규,26.07~28.07,,,,,
마포구,11440,성산동,202606,연립다세대_전월세,동원스위트,성산동,242-6,42.18,,100,48,3,11,2025,신규,26.06~28.08,,,,,
마포구,11440,성산동,202606,연립다세대_전월세,새터빌,성산동,200-211,29.97,,3000,100,3,3,2015,신규,26.07~28.07,,,,,
마포구,11440,성산동,202606,연립다세대_전월세,대명풀하우스2,성산동,254-13,18.19,,15400,0,4,11,2012,갱신,26.06~28.06,15400.0,,,,
마포구,11440,연남동,202606,연립다세대_전월세,금성아트빌(366-5),연남동,366-5,68.49,,2000,150,2,6,2003,신규,26.07~28.06,,,,,
마포구,11440,성산동,202606,연립다세대_전월세,성산동상가주택,성산동,245-43,74.51,,25000,0,5,3,2003,갱신,26.07~27.07,25000.0,,,,
마포구,11440,성산동,202606,연립다세대_전월세,유일빌리지,성산동,134-126,29.88,,24000,15,5,10,2016,갱신,26.07~28.07,24000.0,10.0,,,
마포구,11440,성산동,202606,연립다세대_전월세,동양하우징,성산동,200-34,29.87,,22000,10,2,10,2016,갱신,26.06~28.06,21000.0,10.0,사용,,
마포구,11440,서교동,202606,연립다세대_전월세,서교그린빌라,서교동,484-34,55.88,,18000,0,-1,11,1996,갱신,26.07~28.07,18000.0,,,,
마포구,11440,망원동,202606,연립다세대_전월세,강변주택,망원동,488,46.26,,13500,15,3,8,2000,신규,26.07~28.07,,,,,
마포구,11440,합정동,202606,연립다세대_전월세,대명풀하우스3,합정동,440-18,15.98,,13700,13,2,10,2013,갱신,26.06~28.06,13700.0,10.0,사용,,
마포구,11440,성산동,202606,연립다세대_전월세,김천하이츠빌,성산동,250-32,32.77,,6000,74,4,4,2013,신규,26.06~28.06,,,,,
마포구,11440,성산동,202606,연립다세대_전월세,동원스위트,성산동,242-6,26.87,,2664,27,3,11,2025,신규,26.06~28.08,,,,,
마포구,11440,도화동,202606,연립다세대_전월세,더클래스도화2,도화동,242-4,23.29,,24000,0,3,6,2026,신규,26.06~28.06,,,,,
마포구,11440,성산동,202606,연립다세대_전월세,동원스위트,성산동,242-6,23.47,,100,29,4,11,2025,신규,26.06~28.08,,,,,
마포구,11440,합정동,202606,연립다세대_전월세,인터빌,합정동,429-53,46.92,,4000,77,4,11,2002,신규,26.08~28.08,,,,,
마포구,11440,연남동,202606,연립다세대_전월세,연세하우스,연남동,246-3,38.8,,11000,35,3,11,2014,갱신,26.08~28.08,,33.0,,,
마포구,11440,성산동,202606,연립다세대_전월세,삼화에코빌,성산동,242-24,23.6,,100,30,3,11,2025,신규,26.06~28.08,,,,,
마포구,11440,성산동,202606,연립다세대_전월세,삼화에코빌,성산동,242-24,26.46,,100,31,2,11,2025,신규,26.06~28.08,,,,,
마포구,11440,연남동,202606,연립다세대_전월세,행복한집,연남동,361-15,23.64,,1000,85,5,11,2021,신규,26.08~28.08,,,,,
마포구,11440,서교동,202606,연립다세대_전월세,한맥아이홈(나),서교동,459-3,47.24,,23000,0,5,6,2003,신규,26.07~28.07,,,,,
마포구,11440,망원동,202606,연립다세대_전월세,에덴빌라,망원동,408-6,84.24,,5000,130,4,10,1996,신규,26.07~28.07,,,,,
마포구,11440,망원동,202606,연립다세대_전월세,이루빌,망원동,338-31,27.6,,2000,80,5,10,2011,신규,26.06~28.06,,,,,
마포구,11440,성산동,202606,연립다세대_전월세,헤리티지,성산동,50-15,37.51,,30000,0,3,10,2017,신규,26.06~28.06,,,,,
마포구,11440,성산동,202606,연립다세대_전월세,동원스위트,성산동,242-6,24.84,,2439,25,2,10,2025,신규,26.06~28.08,,,,,
마포구,11440,합정동,202606,연립다세대_전월세,동하아트빌(354-7),합정동,354-7,59.94,,3000,115,3,5,2003,갱신,26.07~28.07,3000.0,110.0,,,
마포구,11440,서교동,202606,연립다세대_전월세,(482-1),서교동,482-1,32.86,,2000,73,2,2,2003,신규,26.06~27.06,,,,,
마포구,11440,망원동,202606,연립다세대_전월세,새소망교회,망원동,435-38,31.7,,2000,75,4,9,2013,신규,26.07~28.07,,,,,
마포구,11440,연남동,202606,연립다세대_전월세,(382-10),연남동,382-10,17.02,,1000,50,3,6,2012,신규,26.06~28.06,,,,,
마포구,11440,연남동,202606,연립다세대_전월세,Jang's,연남동,571-8,26.13,,6000,50,3,1,2002,신규,26.06~28.06,,,,,
마포구,11440,연남동,202606,연립다세대_전월세,수미빌,연남동,488-2,18.48,,1000,60,2,10,2012,신규,26.06~28.06,,,,,
마포구,11440,합정동,202606,연립다세대_전월세,우성빌라,합정동,398-5,37.58,,19000,75,2,10,1988,신규,26.07~28.07,,,,,
마포구,11440,창전동,202606,연립다세대_전월세,신촌도미텔,창전동,6-75,21.9,,8800,30,2,10,1991,신규,26.07~28.07,,,,,
마포구,11440,성산동,202606,연립다세대_전월세,동원스위트,성산동,242-6,26.87,,100,32,2,9,2025,신규,26.06~28.08,,,,,
마포구,11440,성산동,202606,연립다세대_전월세,동원스위트,성산동,242-6,41.88,,100,46,2,9,2025,신규,26.06~28.08,,,,,
마포구,11440,도화동,202606,연립다세대_전월세,아포제도화,도화동,2-31,27.1,,28000,0,3,9,2026,신규,26.06~28.06,,,,,
마포구,11440,도화동,202606,연립다세대_전월세,더클래스도화2,도화동,242-4,20.9,,20000,0,2,9,2026,신규,26.06~28.06,,,,,
마포구,11440,성산동,202606,연립다세대_전월세,동원스위트,성산동,242-6,23.47,,2349,24,3,9,2025,신규,26.06~28.08,,,,,
마포구,11440,성산동,202606,연립다세대_전월세,동원스위트,성산동,242-6,27.56,,3159,33,5,9,2025,신규,26.06~28.08,,,,,
마포구,11440,성산동,202606,연립다세대_전월세,동신빌라나동,성산동,74-12,33.48,,13000,25,1,4,1989,신규,26.07~28.07,,,,,
마포구,11440,성산동,202606,연립다세대_전월세,동원스위트,성산동,242-6,23.47,,100,28,2,9,2025,신규,26.06~28.08,,,,,
마포구,11440,성산동,202606,연립다세대_전월세,삼화에코빌,성산동,242-24,34.47,,100,42,4,9,2025,신규,26.06~28.08,,,,,
마포구,11440,성산동,202606,연립다세대_전월세,동원스위트,성산동,242-6,24.84,,100,30,5,9,2025,신규,26.06~28.08,,,,,
마포구,11440,합정동,202606,연립다세대_전월세,이에세스빌,합정동,364-11,19.59,,14000,0,4,9,2004,신규,26.07~28.07,,,,,
마포구,11440,마포동,202606,연립다세대_전월세,(292-76),마포동,292-76,26.925,,1000,77,5,9,2013,갱신,26.06~27.06,1000.0,74.0,사용,,
마포구,11440,망원동,202606,연립다세대_전월세,무궁화하이츠빌라,망원동,464-40,37.08,,13000,44,3,9,1992,갱신,26.07~28.07,13000.0,40.0,사용,,
마포구,11440,연남동,202606,연립다세대_전월세,라센트라연남,연남동,361-10,37.14,,3000,170,6,4,2022,신규,26.06~28.06,,,,,
마포구,11440,망원동,202606,연립다세대_전월세,금강쉐르빌(416-53),망원동,416-53,36.16,,22890,0,3,9,2008,갱신,26.07~28.07,21800.0,,사용,,
마포구,11440,서교동,202606,연립다세대_전월세,서교동그레이스빌,서교동,442-3,29.99,,22400,20,4,9,2016,갱신,26.08~28.08,22400.0,20.0,,,
마포구,11440,공덕동,202606,연립다세대_전월세,헤이븐오피스텔,공덕동,17-67,19.392,,15000,0,18,3,2020,신규,26.06~28.06,,,,,
마포구,11440,서교동,202606,연립다세대_전월세,벨라,서교동,473-36,26.39,,25500,0,3,9,2017,신규,26.06~28.06,,,,,
마포구,11440,합정동,202606,연립다세대_전월세,대명피렌체2,합정동,431-44,41.9,,27500,0,2,1,2010,갱신,26.07~28.07,26250.0,,,,
마포구,11440,상암동,202606,연립다세대_전월세,예솔하우스,상암동,34-86,18.54,,10000,0,2,9,2012,신규,26.07~28.07,,,,,
마포구,11440,망원동,202606,연립다세대_전월세,바스크,망원동,465-20,15.17,,12000,0,2,4,2014,신규,26.07~28.07,,,,,
마포구,11440,연남동,202606,연립다세대_전월세,라센트라연남,연남동,361-10,30,,3000,160,6,5,2022,신규,26.06~28.06,,,,,
마포구,11440,성산동,202606,연립다세대_전월세,대명풀하우스,성산동,251-20,18.06,,11500,2,3,9,2012,신규,26.06~28.06,,,,,
마포구,11440,성산동,202606,연립다세대_전월세,성산휴먼타운,성산동,214-31,28.13,,24100,10,4,9,2017,갱신,26.07~28.07,23000.0,10.0,사용,,
마포구,11440,망원동,202606,연립다세대_전월세,진주아트빌라,망원동,414-32,44.27,,12000,20,-1,2,1993,갱신,26.07~28.07,12000.0,15.0,,,
마포구,11440,망원동,202606,연립다세대_전월세,금강쉐르빌(416-53),망원동,416-53,36.16,,24000,0,2,9,2008,갱신,26.06~28.06,21000.0,,,,
마포구,11440,성산동,202606,연립다세대_전월세,동원스위트,성산동,242-6,23.47,,100,29,5,9,2025,신규,26.06~28.08,,,,,
마포구,11440,염리동,202606,연립다세대_전월세,앰버하우스21차,염리동,128-42,16.74,,1000,60,2,8,2021,신규,26.07~28.07,,,,,
마포구,11440,연남동,202606,연립다세대_전월세,라센트라연남,연남동,361-10,37.14,,3000,170,5,4,2022,신규,26.06~28.06,,,,,
마포구,11440,연남동,202606,연립다세대_전월세,(509-1),연남동,509-1,12.01,,1000,65,3,2,2013,신규,26.06~27.06,,,,,
마포구,11440,서교동,202606,연립다세대_전월세,(369-24),서교동,369-24,12.63,,1000,60,2,8,2012,신규,26.06~28.06,,,,,
마포구,11440,합정동,202606,연립다세대_전월세,효성센스빌,합정동,367-3,57.36,,29000,0,4,3,2001,갱신,26.06~28.06,29000.0,,사용,,
마포구,11440,망원동,202606,연립다세대_전월세,신흥아너스빌(57-312),망원동,57-312,32.06,,2000,70,3,3,2008,갱신,26.06~28.06,2000.0,70.0,사용,,
마포구,11440,합정동,202606,연립다세대_전월세,대명피렌체1,합정동,431-23,32.12,,21000,0,3,4,2010,갱신,26.06~28.06,20000.0,,,,
마포구,11440,성산동,202606,연립다세대_전월세,에버그린,성산동,254-12,20.49,,13000,20,3,5,2012,신규,26.08~28.08,,,,,
마포구,11440,염리동,202606,연립다세대_전월세,가온빌Ⅰ,염리동,113,24.65,,2000,61,4,5,2021,신규,26.06~28.06,,,,,
마포구,11440,망원동,202606,연립다세대_전월세,(461-7),망원동,461-7,38.54,,9000,42,5,8,2002,신규,26.07~28.07,,,,,
마포구,11440,망원동,202606,연립다세대_전월세,(461-7),망원동,461-7,38.54,,9000,42,5,8,2002,신규,26.07~28.07,,,,,
마포구,11440,연남동,202606,연립다세대_전월세,신구주택,연남동,493-29,21.6,,1000,67,3,8,2011,신규,26.06~28.06,,,,,
마포구,11440,합정동,202606,연립다세대_전월세,(364-20),합정동,364-20,71.04,,20000,0,2,8,2002,갱신,26.07~28.07,19000.0,,,,
마포구,11440,노고산동,202606,연립다세대_전월세,(31-147),노고산동,31-147,30.11,,5000,43,1,4,2008,신규,26.06~28.06,,,,,
마포구,11440,노고산동,202606,연립다세대_전월세,예담빌서강2차,노고산동,25-13,23.9,,16000,0,2,6,2020,신규,26.07~28.07,,,,,
마포구,11440,성산동,202606,연립다세대_전월세,헤리티지,성산동,50-15,37.31,,32880,0,2,5,2017,신규,26.07~28.07,,,,,
마포구,11440,망원동,202606,연립다세대_전월세,JY팰리스,망원동,433-11,35.19,,33000,0,4,6,2016,신규,26.09~28.09,,,,,
마포구,11440,염리동,202606,연립다세대_전월세,스테이원(149-6),염리동,149-6,15.58,,1000,60,4,6,2021,신규,26.08~28.08,,,,,
마포구,11440,상암동,202606,연립다세대_전월세,상암누리빌,상암동,2-31,16.31,,1000,53,4,6,2012,신규,26.06~28.06,,,,,
마포구,11440,신수동,202606,연립다세대_전월세,마포리안,신수동,192-1,26,,24000,0,4,6,2025,신규,26.07~28.07,,,,,
마포구,11440,중동,202606,연립다세대_전월세,서호,중동,314,22.85,,19845,0,3,7,2018,갱신,26.06~28.06,18900.0,,,,
마포구,11440,성산동,202606,연립다세대_전월세,소노하우스성산2차,성산동,134-196,46.21,,34000,10,4,8,2017,신규,26.07~28.07,,,,,
마포구,11440,망원동,202606,연립다세대_전월세,미래하임,망원동,435-44,29.97,,28350,0,3,4,2015,갱신,26.06~28.06,27000.0,,사용,,
마포구,11440,공덕동,202606,연립다세대_전월세,아테나니케-2,공덕동,111-300,46.24,,36000,10,2,6,2016,신규,26.08~28.08,,,,,
마포구,11440,신수동,202606,연립다세대_전월세,(62-51),신수동,62-51,49.68,,18000,0,3,3,2006,신규,26.07~28.07,,,,,
마포구,11440,성산동,202606,연립다세대_전월세,미래하임(81-93),성산동,81-93,59.96,,33000,0,2,5,2012,갱신,26.09~28.09,32000.0,,,,
마포구,11440,망원동,202606,연립다세대_전월세,늘품빌라,망원동,470-29,14.85,,1000,53,4,1,2013,갱신,26.06~28.06,1000.0,50.0,,,
마포구,11440,성산동,202606,연립다세대_전월세,(13-23),성산동,13-23,14.43,,5000,25,5,5,2013,신규,26.06~28.06,,,,,
마포구,11440,서교동,202606,연립다세대_전월세,천명빌라,서교동,358-101,83.385,,10000,145,1,1,1991,신규,26.07~28.07,,,,,
마포구,11440,연남동,202606,연립다세대_전월세,VENEZIA1동,연남동,563-14,52.08,,22000,18,3,5,2008,신규,26.06~28.06,,,,,
마포구,11440,성산동,202606,연립다세대_전월세,선호빌(74-6),성산동,74-6,29.9,,22000,30,3,5,2015,신규,26.06~28.06,,,,,
마포구,11440,연남동,202606,연립다세대_전월세,라센트라연남,연남동,361-10,30,,3000,160,6,4,2022,신규,26.06~28.06,,,,,
마포구,11440,연남동,202606,연립다세대_전월세,"골든빌(가,나)",연남동,255-8,29.94,,5093,20,5,5,2021,갱신,26.07~28.06,2772.0,29.0,,,
마포구,11440,합정동,202606,연립다세대_전월세,이에세스빌,합정동,364-11,23.76,,13500,0,3,1,2004,신규,26.08~28.08,,,,,
마포구,11440,망원동,202606,연립다세대_전월세,현대타운,망원동,416-74,36.84,,1000,80,3,5,1990,갱신,26.08~28.07,1000.0,70.0,,,
마포구,11440,망원동,202606,연립다세대_전월세,삼우빌리지,망원동,424-6,28.32,,1000,55,5,5,2004,신규,26.06~28.06,,,,,
마포구,11440,망원동,202606,연립다세대_전월세,(469-39),망원동,469-39,29.29,,36000,0,3,5,2023,신규,26.08~28.08,,,,,
마포구,11440,연남동,202606,연립다세대_전월세,라센트라연남,연남동,361-10,33.18,,3000,150,2,4,2022,신규,26.06~28.06,,,,,
마포구,11440,당인동,202606,연립다세대_전월세,(12-11),당인동,12-11,36.76,,1000,70,-1,5,1990,신규,26.06~28.06,,,,,
마포구,11440,망원동,202606,연립다세대_전월세,대명이튼캐슬,망원동,519,29.75,,3000,113,5,4,2017,갱신,26.08~28.08,3000.0,107.0,,,
마포구,11440,서교동,202606,연립다세대_전월세,한빛위너스빌,서교동,475-10,45.3,,37000,0,5,2,2014,신규,26.08~28.08,,,,,
마포구,11440,도화동,202606,연립다세대_전월세,더클래스도화3,도화동,203-6,19.95,,20000,0,2,2,2026,신규,26.07~28.07,,,,,
마포구,11440,합정동,202606,연립다세대_전월세,합정아파트,합정동,375-1,80.66,,29000,0,5,1,1973,신규,26.07~28.07,,,,,
마포구,11440,망원동,202606,연립다세대_전월세,ThePrime(384-11),망원동,384-11,22.82,,16800,7,2,1,2016,갱신,26.07~28.07,16800.0,4.0,사용,,
마포구,11440,노고산동,202606,연립다세대_전월세,앰버하우스16차,노고산동,20-73,23.71,,18375,0,4,1,2021,신규,26.08~28.08,,,,,
마포구,11440,대흥동,202606,연립다세대_전월세,대흥모두가,대흥동,371,21.91,,20280,29,5,4,2016,신규,26.07~28.07,,,,,
마포구,11440,합정동,202606,연립다세대_전월세,주연빌리지27,합정동,391-27,62.49,,15000,115,2,3,2004,신규,26.07~28.07,,,,,
마포구,11440,합정동,202606,연립다세대_전월세,주연빌리지27,합정동,391-27,62.49,,15000,0,2,3,2004,신규,26.07~28.07,,,,,
마포구,11440,대흥동,202606,연립다세대_전월세,마포나루타운,대흥동,338-1,55.7,,38000,15,2,2,2017,신규,26.10~28.10,,,,,
마포구,11440,대흥동,202606,연립다세대_전월세,서강아트빌,대흥동,22-36,17.52,,15700,0,2,4,2020,갱신,26.06~28.06,15700.0,,,,
마포구,11440,성산동,202606,연립다세대_전월세,성사빌라,성산동,134-116,73.33,,30000,0,1,3,1982,신규,26.08~28.08,,,,,
마포구,11440,서교동,202606,연립다세대_전월세,동궁빌라,서교동,449-21,28.11,,19000,0,2,4,2012,갱신,26.07~28.07,18000.0,35.0,,,
마포구,11440,상암동,202606,연립다세대_전월세,하나아트빌,상암동,34-30,15.89,,12000,0,2,4,2011,신규,26.09~28.09,,,,,
마포구,11440,합정동,202606,연립다세대_전월세,부영빌라,합정동,359-6,38.56,,16800,0,-1,4,1987,갱신,26.07~28.07,16000.0,,사용,,
마포구,11440,서교동,202606,연립다세대_전월세,아띠끄빌,서교동,464-57,29.61,,20000,41,3,4,2014,신규,26.07~28.07,,,,,
마포구,11440,성산동,202606,연립다세대_전월세,금성빌라,성산동,258-11,36.54,,17850,0,4,3,1995,갱신,26.06~28.06,17000.0,,사용,,
마포구,11440,망원동,202606,연립다세대_전월세,연화빌라,망원동,439-14,45.18,,19000,0,3,4,1992,신규,26.07~28.07,,,,,
마포구,11440,도화동,202606,연립다세대_전월세,대원빌리지,도화동,347-99,42.64,,2000,130,2,3,2001,신규,26.06~28.06,,,,,
마포구,11440,중동,202606,연립다세대_전월세,동원데쟈뷰,중동,123,42.52,,39000,0,3,3,2022,신규,26.07~28.07,,,,,
마포구,11440,성산동,202606,연립다세대_전월세,삼정빌리지가동,성산동,30-31,43.56,,10000,50,1,2,1992,신규,26.07~28.07,,,,,
마포구,11440,중동,202606,연립다세대_전월세,베네스트,중동,165-8,14.45,,1000,52,3,4,2013,신규,26.06~28.06,,,,,
마포구,11440,도화동,202606,연립다세대_전월세,더클래스도화3,도화동,203-6,17.85,,16000,0,3,3,2026,신규,26.07~28.07,,,,,
마포구,11440,망원동,202606,연립다세대_전월세,스테이지원망원,망원동,459-5,29.96,,30000,0,3,1,2021,신규,26.08~28.08,,,,,
마포구,11440,서교동,202606,연립다세대_전월세,MJBIOS,서교동,372-9,15.81,,3000,210,9,2,2025,신규,26.07~27.07,,,,,
마포구,11440,망원동,202606,연립다세대_전월세,예원빌라3동,망원동,419-21,39.3,,18000,0,2,3,1992,갱신,26.06~28.06,17500.0,,,,
마포구,11440,합정동,202606,연립다세대_전월세,신영빌라(431-8),합정동,431-8,67.13,,23100,0,4,4,2008,갱신,26.08~28.08,22000.0,,,,
마포구,11440,연남동,202606,연립다세대_전월세,정진베스트빌,연남동,565-2,64.46,,1000,68,2,2,2002,신규,26.07~28.07,,,,,
마포구,11440,서교동,202606,연립다세대_전월세,드림하우징,서교동,364-13,27.62,,2856,29,2,2,2022,신규,26.06~28.08,,,,,
마포구,11440,노고산동,202606,연립다세대_전월세,신촌G&PNINE,노고산동,1-21,26.1,,33400,0,15,2,2020,갱신,26.06~28.06,32400.0,,,,
마포구,11440,염리동,202606,연립다세대_전월세,도스펠리체,염리동,81-47,19.17,,18000,0,5,2,2020,갱신,26.08~28.08,18000.0,,사용,,
마포구,11440,성산동,202606,연립다세대_전월세,주연하우스,성산동,200-224,27.97,,22500,0,3,1,2020,신규,26.07~28.06,,,,,
마포구,11440,서교동,202606,연립다세대_전월세,천명빌라,서교동,358-101,83.385,,4000,175,1,1,1991,신규,26.07~28.07,,,,,
마포구,11440,도화동,202606,연립다세대_전월세,아포제도화,도화동,2-31,28.22,,30000,10,2,1,2026,신규,26.07~28.07,,,,,
마포구,11440,신수동,202606,연립다세대_전월세,수정빌라,신수동,47-10,61.66,,20000,41,3,1,2003,갱신,26.06~28.06,20000.0,36.0,,,
마포구,11440,망원동,202606,연립다세대_전월세,라움하우징(338-54),망원동,338-54,28.77,,35500,0,4,1,2022,갱신,26.06~28.06,34500.0,,사용,,
마포구,11440,연남동,202606,연립다세대_전월세,서진빌라,연남동,255-34,75.44,,38000,0,3,1,2003,갱신,26.06~28.06,33000.0,,,,
마포구,11440,신공덕동,202606,아파트_전월세,신공덕래미안2차,신공덕동,159,84.73,,70000,0,14,25,2000,,,,,,,
마포구,11440,아현동,202606,아파트_전월세,마포래미안푸르지오2단지,아현동,777,59.9656,,80000,30,11,9,2014,,,,,,,
마포구,11440,마포동,202606,아파트_전월세,보성,마포동,442,59.4,,50000,0,8,6,1996,,,,,,,
마포구,11440,아현동,202606,아파트_전월세,마포래미안푸르지오3단지,아현동,777,59.9236,,40000,180,15,27,2014,,,,,,,
마포구,11440,신수동,202606,아파트_전월세,신촌숲아이파크,신수동,462,84.932,,10000,410,22,25,2019,,,,,,,
마포구,11440,도화동,202606,아파트_전월세,우성,도화동,82,68.94,,45000,0,4,19,1991,,,,,,,
마포구,11440,신수동,202606,아파트_전월세,신촌삼익,신수동,450,59.97,,45147,0,20,27,1997,,,,,,,
마포구,11440,도화동,202606,아파트_전월세,현대홈타운,도화동,353,59.17,,57000,0,4,25,2000,,,,,,,
마포구,11440,대흥동,202606,아파트_전월세,마포그랑자이,대흥동,806,59.96,,60000,100,10,10,2020,,,,,,,
마포구,11440,도화동,202606,아파트_전월세,우성,도화동,82,68.94,,42241,0,15,20,1991,,,,,,,
마포구,11440,대흥동,202606,아파트_전월세,대흥동태영아파트,대흥동,660,84.77,,27000,250,11,15,1999,,,,,,,
마포구,11440,공덕동,202606,아파트_전월세,공덕1삼성래미안,공덕동,371,114.88,,10000,300,2,13,1999,,,,,,,
마포구,11440,상암동,202606,아파트_전월세,상암월드컵파크2단지,상암동,1637,59.92,,62000,0,8,9,2003,,,,,,,
마포구,11440,성산동,202606,아파트_전월세,성산시영(선경),성산동,446,50.54,,28300,0,6,7,1986,,,,,,,
마포구,11440,도화동,202606,아파트_전월세,우성,도화동,82,68.94,,30000,100,12,2,1991,,,,,,,
마포구,11440,서교동,202606,아파트_전월세,서교동효성해링턴타워,서교동,494,37.17,,13760,77,10,1,2020,,,,,,,
마포구,11440,아현동,202606,아파트_전월세,더클래시,아현동,804,84.94,,120000,0,16,6,2022,,,,,,,
마포구,11440,성산동,202606,아파트_전월세,성산시영(대우),성산동,446,50.03,,10500,54,13,17,1986,,,,,,,
마포구,11440,대흥동,202606,아파트_전월세,대흥동태영아파트,대흥동,660,84.77,,27000,250,11,15,1999,신규,26.08~28.08,,,,,
마포구,11440,성산동,202606,아파트_전월세,성산시영(선경),성산동,446,50.54,,3000,130,5,19,1986,신규,26.08~28.08,,,,,
마포구,11440,상암동,202606,아파트_전월세,상암월드컵파크10단지,상암동,1736,49.58,,5005,34,11,24,2010,신규,26.07~28.09,,,,,
마포구,11440,공덕동,202606,아파트_전월세,공덕파크자이,공덕동,476,84.996,,50000,270,11,26,2015,신규,26.08~28.08,,,,,
마포구,11440,상수동,202606,아파트_전월세,상수두산위브,상수동,396,84.79,,50000,80,23,19,2004,신규,26.08~28.08,,,,,
마포구,11440,성산동,202606,아파트_전월세,성산시영(유원),성산동,446,59.43,,5000,150,8,20,1986,신규,26.08~28.08,,,,,
마포구,11440,신수동,202606,아파트_전월세,대원칸타빌,신수동,453,117.183,,68000,80,6,12,2004,갱신,26.09~28.09,68000.0,80.0,,,
마포구,11440,상암동,202606,아파트_전월세,상암월드컵파크9단지,상암동,1752,49.71,,8469,13,1,24,2010,신규,26.07~28.09,,,,,
마포구,11440,아현동,202606,아파트_전월세,마포푸르지오더센트럴,아현동,275-2,38.79,,63000,0,6,26,2023,갱신,26.08~28.08,63000.0,,사용,,
마포구,11440,성산동,202606,아파트_전월세,성산시영(유원),성산동,446,59.43,,37000,0,1,18,1986,신규,26.09~28.08,,,,,
마포구,11440,도화동,202606,아파트_전월세,도화현대,도화동,547,59.4,,55000,0,9,29,1998,신규,26.08~28.08,,,,,
마포구,11440,도화동,202606,아파트_전월세,한화오벨리스크,도화동,555,38.88,,24000,70,12,10,2004,신규,26.08~28.08,,,,,
마포구,11440,상암동,202606,아파트_전월세,상암월드컵파크4단지,상암동,1655,84.76,,71400,0,13,27,2006,갱신,26.07~28.07,68000.0,,사용,,
마포구,11440,도화동,202606,아파트_전월세,우성,도화동,82,68.94,,30000,100,12,2,1991,갱신,26.06~28.06,30000.0,90.0,사용,,
마포구,11440,상암동,202606,아파트_전월세,상암월드컵파크4단지,상암동,1655,84.89,,78000,0,2,22,2006,신규,26.09~28.09,,,,,
마포구,11440,성산동,202606,아파트_전월세,성산시영(선경),성산동,446,50.54,,33600,0,6,25,1986,갱신,26.09~28.09,32000.0,,사용,,
마포구,11440,도화동,202606,아파트_전월세,현대홈타운,도화동,353,59.17,,57000,0,4,25,2000,신규,26.08~28.08,,,,,
마포구,11440,상암동,202606,아파트_전월세,상암월드컵파크10단지,상암동,1736,49.58,,8628,13,8,24,2010,신규,26.07~28.09,,,,,
마포구,11440,성산동,202606,아파트_전월세,성산시영(유원),성산동,446,59.43,,37000,0,1,18,1986,신규,26.09~27.08,,,,,
마포구,11440,신수동,202606,아파트_전월세,신촌숲아이파크,신수동,462,111.024,,50000,350,23,11,2019,신규,26.08~28.08,,,,,
마포구,11440,서교동,202606,아파트_전월세,서교동효성해링턴타워,서교동,494,37.17,,12240,80,21,4,2020,신규,26.08~28.04,,,,,
마포구,11440,상암동,202606,아파트_전월세,상암월드컵파크8단지,상암동,1674,39.95,,1151,29,10,24,2008,신규,26.07~28.09,,,,,
마포구,11440,도화동,202606,아파트_전월세,현대홈타운,도화동,353,59.17,,57000,0,14,15,2000,신규,26.09~28.09,,,,,
마포구,11440,염리동,202606,아파트_전월세,마포자이더센트리지(101동서울리츠2호임대),염리동,533,34.797,,15418,38,17,16,2022,신규,26.07~28.09,,,,,
마포구,11440,아현동,202606,아파트_전월세,더클래시,아현동,804,43.64,,9040,55,7,16,2022,신규,26.07~28.09,,,,,
마포구,11440,현석동,202606,아파트_전월세,래미안웰스트림,현석동,225,84.98,,110000,0,2,27,2016,갱신,26.07~28.07,100000.0,,,,
마포구,11440,망원동,202606,아파트_전월세,대림2,망원동,497,84.73,,70000,0,11,20,2002,신규,26.09~28.09,,,,,
마포구,11440,망원동,202606,아파트_전월세,마포한강아이파크,망원동,521,59.3883,,60000,100,9,24,2019,신규,26.09~28.09,,,,,
마포구,11440,서교동,202606,아파트_전월세,서교동효성해링턴타워,서교동,494,37.17,,13760,77,10,1,2020,신규,26.08~28.04,,,,,
마포구,11440,대흥동,202606,아파트_전월세,서희스타힐스,대흥동,12-41,12.85,,500,98,13,10,2014,신규,26.08~27.08,,,,,
마포구,11440,노고산동,202606,아파트_전월세,빌리브디에이블,노고산동,129,38.39,,3000,270,16,8,2025,신규,26.07~27.07,,,,,
마포구,11440,현석동,202606,아파트_전월세,래미안웰스트림,현석동,225,114.98,,25000,500,19,23,2016,갱신,26.10~28.10,25000.0,440.0,,,
마포구,11440,서교동,202606,아파트_전월세,서교동효성해링턴타워,서교동,494,37.17,,9170,95,16,25,2020,신규,26.07~28.04,,,,,
마포구,11440,신수동,202606,아파트_전월세,신촌숲아이파크,신수동,462,111.024,,50000,350,23,11,2019,신규,26.07~28.07,,,,,
마포구,11440,현석동,202606,아파트_전월세,밤섬예가클래식,현석동,118,89.48,,70000,120,8,2,1989,신규,26.07~28.07,,,,,
마포구,11440,염리동,202606,아파트_전월세,마포자이더센트리지(101동서울리츠2호임대),염리동,533,34.797,,15418,38,15,12,2022,신규,26.07~28.09,,,,,
마포구,11440,공덕동,202606,아파트_전월세,래미안공덕5차,공덕동,469,59.959,,80000,0,5,18,2011,신규,26.09~28.09,,,,,
마포구,11440,중동,202606,아파트_전월세,마포중동현대,중동,392,114.93,,1000,30,8,22,2001,신규,26.06~28.06,,,,,
마포구,11440,서교동,202606,아파트_전월세,메세나폴리스,서교동,490,148.981,,20000,1000,35,22,2012,신규,26.08~28.08,,,,,
마포구,11440,상수동,202606,아파트_전월세,상수두산위브,상수동,396,114.533,,87000,0,10,27,2004,갱신,26.07~28.07,83000.0,,사용,,
마포구,11440,성산동,202606,아파트_전월세,성사1차풍림아파트101동,성산동,600,59.85,,23000,80,7,12,2000,신규,26.07~28.07,,,,,
마포구,11440,염리동,202606,아파트_전월세,마포프레스티지자이,염리동,532,84.9422,,55000,280,22,30,2021,갱신,26.07~28.07,50000.0,200.0,,,
마포구,11440,염리동,202606,아파트_전월세,마포프레스티지자이,염리동,532,59.9286,,30000,270,27,27,2021,신규,26.08~28.08,,,,,
마포구,11440,상암동,202606,아파트_전월세,상암월드컵파크9단지,상암동,1752,49.58,,8469,13,15,24,2010,신규,26.07~28.09,,,,,
마포구,11440,아현동,202606,아파트_전월세,아르띠타워,아현동,330-5,18.48,,1000,95,12,30,2022,신규,26.07~27.07,,,,,
마포구,11440,노고산동,202606,아파트_전월세,신촌포스빌,노고산동,1-3,32.34,,100,110,3,30,2004,신규,26.07~26.08,,,,,
마포구,11440,신공덕동,202606,아파트_전월세,신공덕래미안2차,신공덕동,159,59.48,,10000,240,20,13,2000,신규,26.07~28.06,,,,,
마포구,11440,신공덕동,202606,아파트_전월세,대우메트로디오빌,신공덕동,167,34.39,,33000,0,20,25,2005,갱신,26.09~28.08,28000.0,,,,
마포구,11440,아현동,202606,아파트_전월세,더클래시,아현동,804,59.97,,10000,205,5,27,2022,신규,26.08~27.02,,,,,
마포구,11440,상수동,202606,아파트_전월세,상수크리원,상수동,355-2,16.9,,4406,5,13,8,2021,신규,26.06~28.07,,,,,
마포구,11440,아현동,202606,아파트_전월세,세민하이파크,아현동,331-7,16.51,,1000,180,5,24,2022,신규,26.08~28.02,,,,,
마포구,11440,용강동,202606,아파트_전월세,마포하늘채더리버,용강동,513,59.98,,105000,0,6,2,2026,신규,26.07~28.07,,,,,
마포구,11440,창전동,202606,아파트_전월세,해모로,창전동,443,59.867,,5000,240,7,23,2007,신규,26.08~28.08,,,,,
마포구,11440,창전동,202606,아파트_전월세,해모로,창전동,443,83.85,,30000,170,24,27,2007,갱신,26.07~27.08,30000.0,160.0,사용,,
마포구,11440,도화동,202606,아파트_전월세,도화동현대,도화동,357,79.83,,8000,190,11,26,1996,갱신,26.07~28.07,8000.0,160.0,,,
마포구,11440,대흥동,202606,아파트_전월세,마포그랑자이,대흥동,806,59.96,,95000,0,20,17,2020,신규,26.08~28.08,,,,,
마포구,11440,노고산동,202606,아파트_전월세,신촌포스빌,노고산동,1-3,32.34,,1000,110,11,23,2004,신규,26.07~27.07,,,,,
마포구,11440,공덕동,202606,아파트_전월세,래미안공덕4차,공덕동,464,59.9,,5000,242,4,23,2005,갱신,26.08~28.08,5000.0,230.0,사용,,
마포구,11440,아현동,202606,아파트_전월세,마포래미안푸르지오2단지,아현동,777,84.5978,,64700,130,7,24,2014,갱신,26.08~28.08,60000.0,130.0,,,
마포구,11440,아현동,202606,아파트_전월세,마포래미안푸르지오2단지,아현동,777,84.8919,,50000,187,15,20,2014,갱신,26.08~28.08,50000.0,170.0,사용,,
마포구,11440,도화동,202606,아파트_전월세,마포트라팰리스,도화동,559,84.02,,68500,0,4,30,2006,갱신,26.07~28.07,65000.0,,,,
마포구,11440,창전동,202606,아파트_전월세,창전동현대홈타운,창전동,440,84.978,,80000,0,14,25,2005,갱신,26.06~28.01,80000.0,,사용,,
마포구,11440,염리동,202606,아파트_전월세,마포자이더센트리지(102동~112동),염리동,533,59.99,,10000,320,4,27,2022,신규,26.07~28.07,,,,,
마포구,11440,대흥동,202606,아파트_전월세,서희스타힐스,대흥동,12-41,12.85,,1000,90,11,26,2014,신규,26.07~28.07,,,,,
마포구,11440,상암동,202606,아파트_전월세,상암월드컵파크7단지,상암동,1660,84.9,,60638,0,12,13,2005,신규,26.08~28.08,,,,,
마포구,11440,상암동,202606,아파트_전월세,상암월드컵파크1단지,상암동,1634,49.65,,5360,12,6,17,2003,신규,26.07~28.09,,,,,
마포구,11440,아현동,202606,아파트_전월세,공덕자이,아현동,800,59.99,,83000,0,5,29,2015,신규,26.09~28.09,,,,,
마포구,11440,신정동,202606,아파트_전월세,서강GS,신정동,30,59.98,,55000,0,15,20,1999,갱신,26.07~28.07,55000.0,,사용,,
마포구,11440,신수동,202606,아파트_전월세,대원칸타빌,신수동,453,117.183,,100000,0,4,20,2004,갱신,26.06~28.06,90000.0,,,,
마포구,11440,상암동,202606,아파트_전월세,상암월드컵파크5단지,상암동,1658,84.75,,70000,0,3,30,2005,신규,26.07~28.07,,,,,
마포구,11440,성산동,202606,아파트_전월세,성산동성,성산동,597,60,,40000,20,5,20,1999,신규,26.09~28.09,,,,,
마포구,11440,도화동,202606,아파트_전월세,우성,도화동,82,79.97,,65000,0,7,27,1991,신규,26.09~28.09,,,,,
마포구,11440,신공덕동,202606,아파트_전월세,블레스하임,신공덕동,13-15,23.59,,5000,120,14,29,2019,신규,26.07~28.07,,,,,
마포구,11440,신수동,202606,아파트_전월세,신촌숲아이파크,신수동,462,84.912,,70000,160,11,20,2019,신규,26.10~28.10,,,,,
마포구,11440,성산동,202606,아파트_전월세,월드컵아이파크(667),성산동,667,117.95,,83000,0,17,27,2009,신규,26.08~28.08,,,,,
마포구,11440,성산동,202606,아파트_전월세,성산월드타운대림,성산동,601,84.689,,70000,0,15,22,2004,신규,26.07~28.07,,,,,
마포구,11440,염리동,202606,아파트_전월세,마포자이더센트리지(102동~112동),염리동,533,59.972,,89000,0,11,29,2022,갱신,26.07~28.07,85000.0,,,,
마포구,11440,공덕동,202606,아파트_전월세,공덕2삼성래미안,공덕동,43,59.97,,55000,35,9,6,2004,갱신,26.07~28.07,55000.0,,,,
마포구,11440,노고산동,202606,아파트_전월세,빌리브디에이블,노고산동,129,44.36,,5000,300,15,29,2025,신규,26.07~27.07,,,,,
마포구,11440,동교동,202606,아파트_전월세,광남벨라스2동,동교동,200-4,139.36,,75000,0,2,26,2003,신규,26.09~28.09,,,,,
마포구,11440,도화동,202606,아파트_전월세,도화동현대,도화동,357,54.72,,30000,80,8,30,1996,갱신,26.06~27.04,30000.0,60.0,,,
마포구,11440,신공덕동,202606,아파트_전월세,신공덕1차삼성래미안1아파트,신공덕동,155,59.76,,5000,250,16,18,2000,갱신,26.08~28.08,5000.0,210.0,,,
마포구,11440,상암동,202606,아파트_전월세,상암월드컵파크12단지,상암동,1743,59.73,,30000,99,4,27,2010,갱신,26.08~28.08,35000.0,70.0,사용,,
마포구,11440,신수동,202606,아파트_전월세,대원칸타빌,신수동,453,117.183,,68000,80,6,12,2004,갱신,26.09~29.09,68000.0,30.0,,,
마포구,11440,노고산동,202606,아파트_전월세,현대벤처빌,노고산동,107-36,36,,1000,95,6,23,2002,신규,26.08~28.08,,,,,
마포구,11440,노고산동,202606,아파트_전월세,신촌포스빌,노고산동,1-3,32.34,,1000,110,9,16,2004,신규,26.07~27.07,,,,,
마포구,11440,노고산동,202606,아파트_전월세,신촌포스빌,노고산동,1-3,32.34,,1000,104,9,25,2004,갱신,26.08~27.08,1000.0,99.0,,,
마포구,11440,성산동,202606,아파트_전월세,성산시영(선경),성산동,446,50.54,,28300,0,6,7,1986,신규,26.07~28.07,,,,,
마포구,11440,망원동,202606,아파트_전월세,대상3,망원동,491,84.9,,4000,180,3,11,2000,갱신,26.08~28.08,4000.0,158.0,사용,,
마포구,11440,망원동,202606,아파트_전월세,마포한강제이스카이,망원동,522,49.738,,25000,90,3,13,2019,신규,26.08~28.08,,,,,
마포구,11440,아현동,202606,아파트_전월세,마포래미안푸르지오2단지,아현동,777,84.3884,,10000,370,9,29,2014,신규,26.07~28.07,,,,,
마포구,11440,아현동,202606,아파트_전월세,더클래시,아현동,804,59.97,,10000,310,1,17,2022,신규,26.09~28.09,,,,,
마포구,11440,노고산동,202606,아파트_전월세,신촌포스빌,노고산동,1-3,32.34,,1000,110,13,27,2004,신규,26.10~27.10,,,,,
마포구,11440,도화동,202606,아파트_전월세,한화오벨리스크,도화동,555,38.08,,3000,160,15,28,2004,신규,26.07~28.07,,,,,
마포구,11440,신공덕동,202606,아파트_전월세,신공덕e편한세상,신공덕동,168,59.62,,73500,0,2,6,2007,갱신,26.08~28.08,70000.0,,사용,,
마포구,11440,신공덕동,202606,아파트_전월세,신공덕1차삼성래미안1아파트,신공덕동,155,114.75,,103000,0,4,15,2000,신규,26.10~28.10,,,,,
마포구,11440,도화동,202606,아파트_전월세,우성,도화동,82,141.515,,79000,0,9,27,1991,갱신,26.07~28.07,77000.0,,,,
마포구,11440,신공덕동,202606,아파트_전월세,공덕프로포즈Ⅱ,신공덕동,15-80,14.03,,1000,70,16,30,2015,신규,26.07~27.07,,,,,
마포구,11440,대흥동,202606,아파트_전월세,대흥동태영아파트,대흥동,660,59.4,,70000,0,7,17,1999,신규,26.09~28.09,,,,,
마포구,11440,아현동,202606,아파트_전월세,마포래미안푸르지오3단지,아현동,777,114.7267,,120000,0,4,3,2014,신규,26.07~28.07,,,,,
마포구,11440,성산동,202606,아파트_전월세,성산시영(선경),성산동,446,50.54,,35000,0,10,10,1986,신규,26.08~28.08,,,,,
마포구,11440,아현동,202606,아파트_전월세,더클래시,아현동,804,59.97,,10000,206,13,19,2022,갱신,26.07~28.07,10000.0,195.0,사용,,
마포구,11440,대흥동,202606,아파트_전월세,서희스타힐스,대흥동,12-41,12.85,,1000,90,19,29,2014,신규,26.08~27.08,,,,,
마포구,11440,상수동,202606,아파트_전월세,래미안밤섬리베뉴Ⅰ,상수동,402,84.99,,60000,100,10,23,2014,갱신,26.10~28.10,60000.0,70.0,,,
마포구,11440,성산동,202606,아파트_전월세,성산시영(유원),성산동,446,59.43,,2000,145,7,22,1986,신규,26.08~28.08,,,,,
마포구,11440,마포동,202606,아파트_전월세,보성,마포동,442,59.4,,50000,0,8,6,1996,신규,26.07~28.07,,,,,
마포구,11440,신수동,202606,아파트_전월세,신촌숲아이파크,신수동,462,84.932,,105000,0,17,19,2019,갱신,26.08~28.08,100000.0,,사용,,
마포구,11440,아현동,202606,아파트_전월세,예미원,아현동,371-1,71.1,,10000,230,6,27,1970,신규,26.11~28.11,,,,,
마포구,11440,도화동,202606,아파트_전월세,삼성,도화동,550,84.985,,10000,300,7,5,1997,신규,26.07~28.07,,,,,
마포구,11440,아현동,202606,아파트_전월세,공덕자이,아현동,800,59.99,,37500,165,5,24,2015,갱신,26.09~28.09,35000.0,160.0,,,
마포구,11440,신수동,202606,아파트_전월세,신촌숲아이파크,신수동,462,84.665,,78750,0,16,17,2019,갱신,26.08~28.08,75000.0,,사용,,
마포구,11440,성산동,202606,아파트_전월세,만민하늘애,성산동,54-7,53.61,,51500,0,4,19,2023,갱신,26.07~28.07,50000.0,,사용,,
마포구,11440,아현동,202606,아파트_전월세,세민하이파크,아현동,331-7,14.05,,1000,140,4,25,2022,신규,26.08~27.08,,,,,
마포구,11440,대흥동,202606,아파트_전월세,마포그랑자이,대흥동,806,96.97,,45000,350,19,23,2020,갱신,26.06~27.06,45000.0,350.0,,,
마포구,11440,아현동,202606,아파트_전월세,마포푸르지오더센트럴,아현동,275-2,43.57,,74000,0,7,20,2023,신규,26.08~28.08,,,,,
마포구,11440,창전동,202606,아파트_전월세,서강오벨리스크스위트,창전동,442,84.96,,40000,130,9,27,2007,신규,26.09~28.09,,,,,
마포구,11440,현석동,202606,아파트_전월세,래미안웰스트림,현석동,225,114.95,,147000,0,19,12,2016,갱신,26.07~28.07,140000.0,,,,
마포구,11440,도화동,202606,아파트_전월세,도화현대,도화동,547,59.4,,55000,0,9,29,1998,신규,26.08~28.08,,,,,
마포구,11440,아현동,202606,아파트_전월세,더클래시,아현동,804,59.97,,57000,0,2,26,2022,신규,26.09~27.11,,,,,
마포구,11440,아현동,202606,아파트_전월세,세민하이파크,아현동,331-7,14.05,,1000,140,9,23,2022,신규,26.07~28.07,,,,,
마포구,11440,토정동,202606,아파트_전월세,한강삼성,토정동,138,59.76,,67000,0,3,24,1997,신규,26.09~28.09,,,,,
마포구,11440,염리동,202606,아파트_전월세,마포자이더센트리지(102동~112동),염리동,533,84.995,,95000,0,16,13,2022,갱신,26.10~28.10,95000.0,,사용,,
마포구,11440,도화동,202606,아파트_전월세,성지,도화동,538,84.25,,50000,0,9,11,1984,신규,26.08~28.08,,,,,
마포구,11440,서교동,202606,아파트_전월세,메세나폴리스,서교동,490,244.676,,390000,0,39,12,2012,신규,26.07~28.07,,,,,
마포구,11440,대흥동,202606,아파트_전월세,동양엔파트,대흥동,803,84.91,,1000,108,8,8,2007,갱신,26.08~27.08,1000.0,105.0,,,
마포구,11440,아현동,202606,아파트_전월세,마포푸르지오더센트럴,아현동,275-2,38.79,,61000,0,9,27,2023,신규,26.09~28.09,,,,,
마포구,11440,아현동,202606,아파트_전월세,공덕자이,아현동,800,84.99,,105000,0,19,23,2015,신규,26.09~28.09,,,,,
마포구,11440,아현동,202606,아파트_전월세,마포래미안푸르지오1단지,아현동,777,59.9236,,10000,320,14,11,2014,신규,26.07~28.07,,,,,
마포구,11440,상암동,202606,아파트_전월세,DMCVILLE,상암동,1584,84.57,,0,363,10,30,2006,신규,26.06~27.06,,,,,
마포구,11440,상암동,202606,아파트_전월세,상암월드컵파크9단지,상암동,1752,49.71,,3426,36,2,24,2010,신규,26.07~28.09,,,,,
마포구,11440,상암동,202606,아파트_전월세,DMCVILLE,상암동,1584,84.15,,0,294,6,30,2006,신규,26.06~27.06,,,,,
마포구,11440,신공덕동,202606,아파트_전월세,신공덕래미안2차,신공덕동,159,84.73,,70000,0,14,25,2000,신규,26.07~28.07,,,,,
마포구,11440,도화동,202606,아파트_전월세,우성,도화동,82,141.515,,20000,240,2,27,1991,신규,26.09~28.09,,,,,
마포구,11440,도화동,202606,아파트_전월세,현대홈타운,도화동,353,113.25,,84000,0,7,28,2000,신규,26.09~28.09,,,,,
마포구,11440,성산동,202606,아파트_전월세,성산시영(유원),성산동,446,59.43,,34650,0,14,27,1986,갱신,26.08~28.08,33000.0,,사용,,
마포구,11440,망원동,202606,아파트_전월세,마포한강아이파크,망원동,521,84.2293,,98750,0,16,29,2019,갱신,26.09~28.09,88750.0,,,,
마포구,11440,공덕동,202606,아파트_전월세,마포공덕파크팰리스Ⅱ,공덕동,462,119.07,,95000,0,18,9,2005,신규,26.09~28.09,,,,,
마포구,11440,아현동,202606,아파트_전월세,마포래미안푸르지오4단지,아현동,777,84.5978,,105000,0,2,13,2014,갱신,26.09~28.09,100000.0,,사용,,
마포구,11440,신수동,202606,아파트_전월세,신수동성원,신수동,190,59.76,,24000,92,4,20,1998,갱신,26.09~28.09,23000.0,90.0,사용,,
마포구,11440,망원동,202606,아파트_전월세,천우,망원동,436-6,68.68,,43000,10,7,29,2002,갱신,26.07~28.07,41000.0,10.0,사용,,
마포구,11440,도화동,202606,아파트_전월세,도화동현대,도화동,357,68.22,,48300,0,5,9,1996,갱신,26.07~28.07,46000.0,,사용,,
마포구,11440,대흥동,202606,아파트_전월세,서희스타힐스,대흥동,12-41,12.85,,1000,90,13,20,2014,신규,26.07~27.07,,,,,
마포구,11440,아현동,202606,아파트_전월세,세민하이파크,아현동,331-7,14.05,,1000,150,3,15,2022,신규,26.06~27.06,,,,,
마포구,11440,상암동,202606,아파트_전월세,상암월드컵파크10단지,상암동,1736,84.89,,5000,330,11,12,2010,신규,26.08~28.08,,,,,
마포구,11440,창전동,202606,아파트_전월세,서강예가,창전동,444,59.983,,40000,120,4,24,2007,신규,26.09~28.09,,,,,
마포구,11440,상암동,202606,아파트_전월세,DMC상암센트럴파크2단지,상암동,1618,36.69,,33600,0,8,30,2009,갱신,26.07~28.07,32000.0,,사용,,
마포구,11440,아현동,202606,아파트_전월세,마포래미안푸르지오2단지,아현동,777,114.7267,,137000,0,18,27,2014,갱신,26.08~28.08,130000.0,,,,
마포구,11440,서교동,202606,아파트_전월세,서교동효성해링턴타워,서교동,494,17.93,,5445,7,13,8,2020,신규,26.06~28.07,,,,,
마포구,11440,하중동,202606,아파트_전월세,한강밤섬자이,하중동,101,132.54,,100000,220,16,30,2010,신규,26.10~28.10,,,,,
마포구,11440,아현동,202606,아파트_전월세,마포래미안푸르지오4단지,아현동,777,59.9656,,74000,0,11,9,2014,신규,26.06~28.01,,,,,
마포구,11440,대흥동,202606,아파트_전월세,서희스타힐스,대흥동,12-41,12.85,,1000,82,15,23,2014,신규,26.07~27.07,,,,,
마포구,11440,도화동,202606,아파트_전월세,현대홈타운,도화동,353,84.95,,75000,0,14,21,2000,신규,26.09~28.09,,,,,
마포구,11440,공덕동,202606,아파트_전월세,래미안공덕4차,공덕동,464,59.9,,78000,0,3,30,2005,신규,26.10~28.10,,,,,
마포구,11440,용강동,202606,아파트_전월세,이편한세상마포리버파크,용강동,508,84.98,,0,420,7,30,2016,갱신,26.08~28.08,,400.0,사용,,
마포구,11440,신공덕동,202606,아파트_전월세,신공덕1차삼성래미안1아파트,신공덕동,155,59.76,,77000,0,9,27,2000,신규,26.08~28.08,,,,,
마포구,11440,성산동,202606,아파트_전월세,성산시영(대우),성산동,446,50.03,,35000,0,13,17,1986,신규,26.09~28.09,,,,,
마포구,11440,용강동,202606,아파트_전월세,이편한세상마포리버파크,용강동,508,84.98,,0,420,7,30,2016,갱신,26.08~28.08,,400.0,사용,,
마포구,11440,공덕동,202606,아파트_전월세,공덕SK리더스뷰,공덕동,479,97.7,,43000,221,25,24,2021,갱신,26.10~28.10,43000.0,210.0,사용,,
마포구,11440,아현동,202606,아파트_전월세,더클래시,아현동,804,59.97,,80000,0,4,30,2022,신규,26.06~28.06,,,,,
마포구,11440,합정동,202606,아파트_전월세,KCC엠파이어리버,합정동,381-16,145.53,,20000,457,20,19,2006,신규,26.09~28.09,,,,,
마포구,11440,상암동,202606,아파트_전월세,상암월드컵파크9단지,상암동,1752,49.58,,1952,40,3,25,2010,신규,26.07~28.09,,,,,
마포구,11440,신공덕동,202606,아파트_전월세,공덕아이파크,신공덕동,174,84.96,,70000,100,15,5,2013,갱신,26.06~28.06,70000.0,90.0,,,
마포구,11440,신공덕동,202606,아파트_전월세,펜트라우스,신공덕동,172,115.08,,103000,0,4,11,2011,갱신,26.08~28.08,98100.0,,사용,,
마포구,11440,아현동,202606,아파트_전월세,세민하이파크,아현동,331-7,16.51,,1000,180,6,11,2022,신규,26.07~27.07,,,,,
마포구,11440,상암동,202606,아파트_전월세,상암월드컵파크7단지,상암동,1660,84.74,,78000,0,4,13,2005,신규,26.09~28.09,,,,,
마포구,11440,중동,202606,아파트_전월세,중동계룡아파트,중동,391,60,,25000,80,3,25,2000,신규,26.09~28.09,,,,,
마포구,11440,노고산동,202606,아파트_전월세,현대벤처빌,노고산동,107-36,34.64,,500,119,6,10,2002,신규,26.08~27.08,,,,,
마포구,11440,상암동,202606,아파트_전월세,상암월드컵파크6단지,상암동,1689,84.53,,20000,230,4,28,2005,신규,26.09~28.09,,,,,
마포구,11440,도화동,202606,아파트_전월세,삼성,도화동,550,72.185,,10000,210,2,27,1997,신규,26.09~28.09,,,,,
마포구,11440,망원동,202606,아파트_전월세,마포한강아이파크,망원동,521,59.3883,,60000,100,9,24,2019,신규,26.09~28.09,,,,,
마포구,11440,연남동,202606,아파트_전월세,코오롱,연남동,573,59.76,,5000,210,6,19,2003,신규,26.08~28.08,,,,,
마포구,11440,상암동,202606,아파트_전월세,상암월드컵파크5단지,상암동,1658,104.69,,5000,350,14,8,2005,신규,26.07~28.07,,,,,
마포구,11440,신수동,202606,아파트_전월세,신촌삼익,신수동,450,59.97,,45147,0,20,27,1997,신규,26.09~28.09,,,,,
마포구,11440,성산동,202606,아파트_전월세,성산시영(대우),성산동,446,50.03,,6000,90,5,11,1986,신규,26.08~28.08,,,,,
마포구,11440,연남동,202606,아파트_전월세,대명,연남동,259-1,59.99,,5000,160,6,10,1995,갱신,26.07~28.07,5000.0,140.0,,,
마포구,11440,아현동,202606,아파트_전월세,마포래미안푸르지오3단지,아현동,777,84.5978,,30000,240,15,19,2014,신규,26.09~27.09,,,,,
마포구,11440,대흥동,202606,아파트_전월세,마포자이2차,대흥동,804,40.29,,3130,18,11,25,2014,갱신,26.07~28.06,3130.0,18.0,,,
마포구,11440,현석동,202606,아파트_전월세,밤섬힐스테이트,현석동,220,59.4,,40000,0,1,30,1999,갱신,26.08~28.08,35000.0,,,,
마포구,11440,성산동,202606,아파트_전월세,성산시영(유원),성산동,446,59.43,,5000,140,3,29,1986,신규,26.08~28.08,,,,,
마포구,11440,공덕동,202606,아파트_전월세,마포현대,공덕동,188-108,59.95,,48000,0,2,15,1988,신규,26.10~28.10,,,,,
마포구,11440,성산동,202606,아파트_전월세,성산시영(선경),성산동,446,50.54,,1000,98,3,10,1986,신규,26.08~28.08,,,,,
마포구,11440,성산동,202606,아파트_전월세,성산시영(유원),성산동,446,59.43,,37000,0,8,30,1986,신규,26.09~28.09,,,,,
마포구,11440,아현동,202606,아파트_전월세,마포래미안푸르지오2단지,아현동,777,59.9656,,80000,30,11,9,2014,신규,26.08~28.08,,,,,
마포구,11440,도화동,202606,아파트_전월세,우성,도화동,82,54.72,,52000,0,9,6,1991,신규,26.09~28.09,,,,,
마포구,11440,성산동,202606,아파트_전월세,성산시영(유원),성산동,446,59.43,,16000,56,13,12,1986,신규,26.08~28.08,,,,,
마포구,11440,공덕동,202606,아파트_전월세,롯데캐슬프레지던트,공덕동,467,191.532,,10000,800,17,3,2009,신규,26.11~28.11,,,,,
마포구,11440,아현동,202606,아파트_전월세,아르띠타워,아현동,330-5,18.48,,1000,92,11,2,2022,신규,26.07~27.07,,,,,
마포구,11440,중동,202606,아파트_전월세,마포중동현대,중동,392,59.88,,47250,0,5,27,2001,갱신,26.09~28.09,45000.0,,사용,,
마포구,11440,아현동,202606,아파트_전월세,마포래미안푸르지오1단지,아현동,777,59.9452,,10000,273,11,27,2014,갱신,26.07~28.07,10000.0,260.0,사용,,
마포구,11440,창전동,202606,아파트_전월세,창전래미안,창전동,437,84.93,,10000,222,7,27,1998,갱신,26.09~28.09,10000.0,210.0,사용,,
마포구,11440,공덕동,202606,아파트_전월세,공덕2삼성래미안,공덕동,43,59.97,,60900,0,11,22,2004,갱신,26.07~28.07,58000.0,,,,
마포구,11440,도화동,202606,아파트_전월세,한화오벨리스크,도화동,555,75.72,,50000,140,26,30,2004,신규,26.08~28.08,,,,,
마포구,11440,상암동,202606,아파트_전월세,상암월드컵파크7단지,상암동,1660,84.9,,68000,0,14,13,2005,갱신,26.08~28.08,60000.0,,,,
마포구,11440,상암동,202606,아파트_전월세,상암월드컵파크5단지,상암동,1658,84.75,,60900,0,18,27,2005,갱신,26.07~28.07,58000.0,,사용,,
마포구,11440,공덕동,202606,아파트_전월세,래미안공덕4차,공덕동,464,59.9,,60000,60,15,29,2005,신규,26.08~28.08,,,,,
마포구,11440,아현동,202606,아파트_전월세,공덕자이,아현동,800,84.99,,20000,287,8,27,2015,갱신,26.09~28.09,20000.0,270.0,사용,,
마포구,11440,상수동,202606,아파트_전월세,래미안밤섬리베뉴Ⅱ,상수동,398,84.92,,107000,0,12,8,2014,신규,26.07~28.07,,,,,
마포구,11440,용강동,202606,아파트_전월세,래미안마포리버웰,용강동,502,84.98,,90800,123,8,3,2015,갱신,26.08~28.08,90800.0,58.0,,,
마포구,11440,공덕동,202606,아파트_전월세,공덕3삼성래미안,공덕동,457,59.97,,10000,250,9,29,2004,신규,26.06~27.03,,,,,
마포구,11440,염리동,202606,아파트_전월세,마포프레스티지자이,염리동,532,84.8079,,110000,0,9,27,2021,갱신,26.08~28.08,105000.0,,사용,,
마포구,11440,창전동,202606,아파트_전월세,마포웨스트리버태영데시앙,창전동,449,84.793,,65000,95,14,16,2019,갱신,26.07~28.07,65000.0,80.0,사용,,
마포구,11440,도화동,202606,아파트_전월세,현대홈타운,도화동,353,84.95,,5000,155,5,26,2000,갱신,26.07~27.07,5000.0,146.0,,,
마포구,11440,신정동,202606,아파트_전월세,서강GS,신정동,30,59.98,,67000,0,12,4,1999,신규,26.07~28.07,,,,,
마포구,11440,공덕동,202606,아파트_전월세,마포현대,공덕동,188-108,59.95,,5000,260,12,27,1988,신규,26.07~28.07,,,,,
마포구,11440,토정동,202606,아파트_전월세,한강삼성,토정동,138,84.78,,30000,165,16,6,1997,갱신,26.06~28.06,57750.0,,,,
마포구,11440,신수동,202606,아파트_전월세,신촌숲아이파크,신수동,462,84.912,,108100,0,14,20,2019,갱신,26.07~28.07,103000.0,,사용,,
마포구,11440,성산동,202606,아파트_전월세,성산시영(대우),성산동,446,50.03,,31500,0,9,27,1986,갱신,26.08~27.08,30000.0,,사용,,
마포구,11440,대흥동,202606,아파트_전월세,마포그랑자이,대흥동,806,84.98,,10000,411,13,13,2020,갱신,26.07~28.07,10000.0,390.0,사용,,
마포구,11440,신수동,202606,아파트_전월세,힐스테이트마포더퍼스트,신수동,91-90,84.07,,110000,0,15,27,2026,신규,26.09~28.09,,,,,
마포구,11440,성산동,202606,아파트_전월세,성산2차e-편한세상,성산동,604,59.78,,50000,9,10,24,2005,갱신,26.07~28.07,50000.0,,사용,,
마포구,11440,서교동,202606,아파트_전월세,서교동효성해링턴타워,서교동,494,37.17,,13760,76,11,30,2020,갱신,26.09~28.04,13760.0,72.0,사용,,
마포구,11440,도화동,202606,아파트_전월세,우성,도화동,82,54.72,,48000,0,15,13,1991,신규,26.10~28.10,,,,,
마포구,11440,망원동,202606,아파트_전월세,마포한강아이파크,망원동,521,84.2293,,109000,0,18,27,2019,신규,26.10~28.10,,,,,
마포구,11440,성산동,202606,아파트_전월세,성산시영(대우),성산동,446,50.03,,33600,0,13,29,1986,갱신,26.07~28.07,32000.0,,사용,,
마포구,11440,마포동,202606,아파트_전월세,보성,마포동,442,59.4,,5000,215,1,30,1996,신규,26.07~28.07,,,,,
마포구,11440,아현동,202606,아파트_전월세,더클래시,아현동,804,84.94,,105000,0,11,27,2022,갱신,26.07~28.07,100000.0,,사용,,
마포구,11440,상암동,202606,아파트_전월세,상암월드컵파크8단지,상암동,1674,39.97,,1151,29,8,24,2008,신규,26.07~28.09,,,,,
마포구,11440,아현동,202606,아파트_전월세,세민하이파크,아현동,331-7,14.05,,1000,140,10,19,2022,신규,26.06~27.06,,,,,
마포구,11440,아현동,202606,아파트_전월세,세민하이파크,아현동,331-7,14.05,,1000,140,9,4,2022,신규,26.06~27.06,,,,,
마포구,11440,상암동,202606,아파트_전월세,상암월드컵파크10단지,상암동,1736,49.58,,3000,38,8,24,2010,신규,26.07~28.09,,,,,
마포구,11440,용강동,202606,아파트_전월세,강변그린,용강동,495-1,59.5,,30000,6,5,30,1999,갱신,26.07~28.07,30000.0,,사용,,
마포구,11440,공덕동,202606,아파트_전월세,공덕3삼성래미안,공덕동,457,59.97,,5000,126,2,27,2004,갱신,26.07~28.07,5000.0,120.0,,,
마포구,11440,대흥동,202606,아파트_전월세,대흥동태영아파트,대흥동,660,59.4,,70000,0,7,17,1999,신규,26.09~28.09,,,,,
마포구,11440,서교동,202606,아파트_전월세,서교동효성해링턴타워,서교동,494,37.17,,13760,76,24,30,2020,갱신,26.09~28.04,13760.0,72.0,사용,,
마포구,11440,창전동,202606,아파트_전월세,창전동현대홈타운,창전동,440,59.651,,73000,0,8,23,2005,신규,26.09~28.09,,,,,
마포구,11440,서교동,202606,아파트_전월세,서교동효성해링턴타워,서교동,494,37.17,,3060,118,15,30,2020,갱신,26.09~28.04,3060.0,114.0,사용,,
마포구,11440,공덕동,202606,아파트_전월세,공덕2삼성래미안,공덕동,43,59.97,,70000,0,11,30,2004,신규,26.08~28.08,,,,,
마포구,11440,상암동,202606,아파트_전월세,상암월드컵파크8단지,상암동,1674,49.62,,1928,36,8,30,2008,갱신,26.07~28.06,4124.0,30.0,,,
마포구,11440,노고산동,202606,아파트_전월세,신촌포스빌,노고산동,1-3,32.34,,1000,110,7,6,2004,신규,26.06~28.02,,,,,
마포구,11440,아현동,202606,아파트_전월세,마포센트럴 아이파크,아현동,802,111.1083,,30000,299,20,13,2017,갱신,26.07~28.06,30000.0,280.0,사용,,
마포구,11440,도화동,202606,아파트_전월세,우성,도화동,82,54.72,,55000,0,10,29,1991,신규,26.09~28.09,,,,,
마포구,11440,노고산동,202606,아파트_전월세,신촌포스빌,노고산동,1-3,32.34,,1000,110,12,30,2004,신규,26.08~28.08,,,,,
마포구,11440,대흥동,202606,아파트_전월세,마포그랑자이(2단지),대흥동,807,84.98,,80000,131,11,29,2020,갱신,26.07~28.07,80000.0,110.0,사용,,
마포구,11440,서교동,202606,아파트_전월세,서교동효성해링턴타워,서교동,494,37.17,,3060,118,17,30,2020,갱신,26.09~28.04,3060.0,114.0,사용,,
마포구,11440,아현동,202606,아파트_전월세,마포래미안푸르지오3단지,아현동,777,59.9236,,10000,264,13,15,2014,갱신,26.08~28.08,10000.0,250.0,사용,,
마포구,11440,도화동,202606,아파트_전월세,삼성,도화동,550,84.985,,55000,0,9,30,1997,신규,26.06~28.06,,,,,
마포구,11440,아현동,202606,아파트_전월세,마포센트럴 아이파크,아현동,802,84.9668,,80000,80,9,27,2017,신규,26.09~28.09,,,,,
마포구,11440,창전동,202606,아파트_전월세,창전래미안,창전동,437,59.94,,10000,200,1,30,1998,신규,26.06~28.06,,,,,
마포구,11440,대흥동,202606,아파트_전월세,마포그랑자이,대흥동,806,84.99,,54000,90,2,15,2020,갱신,26.08~28.08,50000.0,90.0,,,
마포구,11440,도화동,202606,아파트_전월세,우성,도화동,82,79.97,,65000,0,4,30,1991,신규,26.10~28.10,,,,,
마포구,11440,용강동,202606,아파트_전월세,대림2차,용강동,501,118.86,,105000,0,19,30,2004,갱신,26.09~28.09,100000.0,,사용,,
마포구,11440,공덕동,202606,아파트_전월세,마포현대,공덕동,188-108,59.95,,49500,0,8,29,1988,신규,26.08~28.08,,,,,
마포구,11440,신수동,202606,아파트_전월세,세양청마루,신수동,451,57.44,,39500,16,4,26,2003,갱신,26.10~28.10,39500.0,9.0,사용,,
마포구,11440,도화동,202606,아파트_전월세,삼성,도화동,550,84.985,,45000,0,17,30,1997,신규,26.09~28.08,,,,,
마포구,11440,아현동,202606,아파트_전월세,마포푸르지오더센트럴,아현동,275-2,40.59,,67000,0,17,20,2023,신규,26.07~28.07,,,,,
마포구,11440,서교동,202606,아파트_전월세,서교동효성해링턴타워,서교동,494,37.17,,12240,83,3,29,2020,갱신,26.09~28.04,12240.0,79.0,사용,,
마포구,11440,서교동,202606,아파트_전월세,서교동효성해링턴타워,서교동,494,37.17,,9160,93,4,29,2020,갱신,26.09~28.04,9160.0,89.0,사용,,
마포구,11440,신정동,202606,아파트_전월세,서강GS,신정동,30,59.98,,67000,0,12,4,1999,신규,26.07~28.07,,,,,
마포구,11440,서교동,202606,아파트_전월세,서교동효성해링턴타워,서교동,494,37.17,,10700,88,5,29,2020,갱신,26.09~28.04,10700.0,84.0,사용,,
마포구,11440,서교동,202606,아파트_전월세,서교동효성해링턴타워,서교동,494,37.17,,13760,76,7,29,2020,갱신,26.09~28.04,13760.0,72.0,사용,,
마포구,11440,대흥동,202606,아파트_전월세,동양엔파트,대흥동,803,84.933,,50000,50,2,6,2007,신규,26.06~28.06,,,,,
마포구,11440,염리동,202606,아파트_전월세,상록,염리동,515-1,57.88,,48300,0,16,23,1997,갱신,26.09~28.09,46000.0,,사용,,
마포구,11440,서교동,202606,아파트_전월세,서교동효성해링턴타워,서교동,494,37.17,,9160,93,3,29,2020,갱신,26.09~28.04,9160.0,89.0,사용,,
마포구,11440,서교동,202606,아파트_전월세,서교동효성해링턴타워,서교동,494,37.17,,12240,81,20,29,2020,갱신,26.09~28.04,12240.0,77.0,사용,,
마포구,11440,상암동,202606,아파트_전월세,상암월드컵파크10단지,상암동,1736,114.26,,43345,0,4,29,2010,갱신,26.07~28.06,41281.0,,,,
마포구,11440,상암동,202606,아파트_전월세,상암월드컵파크4단지,상암동,1655,84.66,,70000,40,17,26,2006,신규,26.09~28.09,,,,,
마포구,11440,아현동,202606,아파트_전월세,더클래시,아현동,804,59.97,,55000,160,14,3,2022,신규,26.08~28.08,,,,,
마포구,11440,아현동,202606,아파트_전월세,공덕자이,아현동,800,84.99,,80000,90,18,13,2015,신규,26.08~28.08,,,,,
마포구,11440,상암동,202606,아파트_전월세,상암월드컵파크11단지,상암동,1741,84.89,,40813,0,3,29,2010,갱신,26.07~28.06,38870.0,,,,
마포구,11440,창전동,202606,아파트_전월세,창전래미안,창전동,437,84.93,,35000,125,3,13,1998,갱신,26.06~28.06,35000.0,120.0,사용,,
마포구,11440,아현동,202606,아파트_전월세,더클래시,아현동,804,59.97,,55000,160,14,3,2022,신규,26.08~28.08,,,,,
마포구,11440,아현동,202606,아파트_전월세,더클래시,아현동,804,59.96,,60900,0,12,20,2022,신규,26.10~27.02,,,,,
마포구,11440,아현동,202606,아파트_전월세,더클래시,아현동,804,84.98,,125000,0,25,26,2022,신규,26.09~28.09,,,,,
마포구,11440,상암동,202606,아파트_전월세,상암월드컵파크4단지,상암동,1655,84.76,,20000,250,15,9,2006,신규,26.09~28.09,,,,,
마포구,11440,아현동,202606,아파트_전월세,공덕자이,아현동,800,84.99,,91000,0,12,28,2015,갱신,26.07~28.07,87000.0,,사용,,
마포구,11440,도화동,202606,아파트_전월세,현대홈타운,도화동,353,84.95,,80000,0,1,29,2000,갱신,26.06~28.06,70000.0,,,,
마포구,11440,연남동,202606,아파트_전월세,코오롱,연남동,573,84.936,,66000,0,10,26,2003,갱신,26.07~28.07,63000.0,,사용,,
마포구,11440,성산동,202606,아파트_전월세,성산시영(유원),성산동,446,59.43,,38000,0,13,27,1986,신규,26.08~28.08,,,,,
마포구,11440,도화동,202606,아파트_전월세,도화동현대,도화동,357,68.22,,42700,69,5,9,1996,갱신,26.09~28.09,42700.0,,,,
마포구,11440,신수동,202606,아파트_전월세,벽산솔렌스힐,신수동,457,84.9619,,75000,0,9,27,2007,갱신,26.08~28.08,70000.0,65.0,,,
마포구,11440,상암동,202606,아파트_전월세,상암월드컵파크2단지,상암동,1637,59.84,,55000,0,8,28,2003,갱신,26.08~28.08,55000.0,,사용,,
마포구,11440,상암동,202606,아파트_전월세,상암월드컵파크9단지,상암동,1752,114.26,,56700,0,8,29,2010,갱신,26.07~28.06,54000.0,,,,
마포구,11440,신공덕동,202606,아파트_전월세,신공덕래미안2차,신공덕동,159,84.73,,52700,70,15,27,2000,갱신,26.07~28.07,52700.0,,사용,,
마포구,11440,성산동,202606,아파트_전월세,노블에비뉴,성산동,668,31.728,,19000,54,4,25,2015,갱신,26.10~28.10,19000.0,48.0,,,
마포구,11440,신수동,202606,아파트_전월세,마포경남아너스빌,신수동,456,84.95,,72000,0,11,8,2007,신규,26.08~28.08,,,,,
마포구,11440,망원동,202606,아파트_전월세,대성2,망원동,429-3,59.78,,5000,125,1,27,1996,갱신,26.06~29.04,5000.0,120.0,사용,,
마포구,11440,아현동,202606,아파트_전월세,마포래미안푸르지오4단지,아현동,777,84.5978,,79000,0,16,13,2014,갱신,26.10~28.10,76000.0,,사용,,
마포구,11440,공덕동,202606,아파트_전월세,공덕1삼성래미안,공덕동,371,84.94,,85000,0,23,21,1999,신규,26.09~28.09,,,,,
마포구,11440,성산동,202606,아파트_전월세,성산시영(선경),성산동,446,50.54,,30000,0,6,27,1986,신규,26.08~28.08,,,,,
마포구,11440,아현동,202606,아파트_전월세,마포래미안푸르지오4단지,아현동,777,84.5978,,105000,0,3,27,2014,신규,26.09~28.09,,,,,
마포구,11440,염리동,202606,아파트_전월세,마포프레스티지자이,염리동,532,59.9413,,74000,0,13,27,2021,신규,26.08~27.08,,,,,
마포구,11440,공덕동,202606,아파트_전월세,공덕파크자이,공덕동,476,84.8852,,70000,180,7,10,2015,신규,26.09~28.09,,,,,
마포구,11440,성산동,202606,아파트_전월세,블룸에비뉴,성산동,669,30.922,,18500,56,4,27,2016,신규,26.09~28.09,,,,,
마포구,11440,염리동,202606,아파트_전월세,마포자이더센트리지(102동~112동),염리동,533,84.866,,80000,130,21,27,2022,신규,26.08~28.08,,,,,
마포구,11440,염리동,202606,아파트_전월세,마포자이더센트리지(102동~112동),염리동,533,59.99,,86060,0,6,27,2022,갱신,26.10~28.10,82000.0,,사용,,
마포구,11440,용강동,202606,아파트_전월세,래미안마포리버웰,용강동,502,114.66,,90000,230,7,16,2015,신규,26.08~28.08,,,,,
마포구,11440,대흥동,202606,아파트_전월세,대흥동태영아파트,대흥동,660,59.4,,70000,0,7,17,1999,신규,26.09~28.09,,,,,
마포구,11440,도화동,202606,아파트_전월세,마포동원베네스트,도화동,564,58.65,,65000,0,7,27,2010,신규,26.09~28.09,,,,,
마포구,11440,대흥동,202606,아파트_전월세,마포그랑자이,대흥동,806,59.98,,89000,0,7,27,2020,갱신,26.09~28.09,85000.0,,사용,,
마포구,11440,성산동,202606,아파트_전월세,성산시영(대우),성산동,446,50.03,,31500,0,4,27,1986,갱신,26.08~28.08,30000.0,,,,
마포구,11440,상암동,202606,아파트_전월세,상암월드컵파크9단지,상암동,1752,49.58,,3172,37,8,24,2010,신규,26.07~28.09,,,,,
마포구,11440,신공덕동,202606,아파트_전월세,펜트라우스,신공덕동,172,115.04,,20000,450,9,29,2011,신규,26.10~28.10,,,,,
마포구,11440,성산동,202606,아파트_전월세,성산동성,성산동,597,60,,40000,20,5,20,1999,신규,26.09~28.09,,,,,
마포구,11440,아현동,202606,아파트_전월세,마포래미안푸르지오4단지,아현동,777,59.9656,,30000,194,1,6,2014,갱신,26.09~28.09,30000.0,180.0,사용,,
마포구,11440,신수동,202606,아파트_전월세,밤섬경남아너스빌,신수동,459,84.83,,80000,0,12,26,2009,신규,26.09~28.09,,,,,
마포구,11440,신수동,202606,아파트_전월세,현대,신수동,445-5,84.47,,66150,0,11,13,1996,갱신,26.07~28.07,63000.0,,사용,,
마포구,11440,염리동,202606,아파트_전월세,상록,염리동,515-1,57.88,,50400,0,14,27,1997,갱신,26.09~28.09,48000.0,,사용,,
마포구,11440,신공덕동,202606,아파트_전월세,공덕아이파크,신공덕동,174,59.98,,75000,50,3,27,2013,신규,26.08~28.08,,,,,
마포구,11440,신공덕동,202606,아파트_전월세,신공덕e편한세상,신공덕동,168,59.85,,78000,0,2,27,2007,신규,26.08~28.08,,,,,
마포구,11440,도화동,202606,아파트_전월세,도화동현대,도화동,357,68.22,,57000,0,8,27,1996,갱신,26.08~28.08,50000.0,,,,
마포구,11440,용강동,202606,아파트_전월세,이편한세상마포리버파크,용강동,508,84.98,,70000,200,16,27,2016,갱신,26.09~28.09,50000.0,165.0,,,
마포구,11440,아현동,202606,아파트_전월세,공덕자이,아현동,800,84.99,,91875,0,7,27,2015,갱신,26.08~28.08,87500.0,,사용,,
마포구,11440,대흥동,202606,아파트_전월세,마포그랑자이,대흥동,806,59.98,,90000,0,18,26,2020,갱신,26.06~28.04,90000.0,,,,
마포구,11440,상암동,202606,아파트_전월세,상암월드컵파크10단지,상암동,1736,59.69,,17549,0,7,26,2010,갱신,26.07~28.06,16714.0,,,,
마포구,11440,공덕동,202606,아파트_전월세,공덕1삼성래미안,공덕동,371,59.74,,54390,0,10,26,1999,갱신,26.08~28.08,51800.0,,,,
마포구,11440,중동,202606,아파트_전월세,현대,중동,40-12,114.98,,75000,0,3,16,2000,갱신,26.09~28.09,72000.0,,사용,,
마포구,11440,서교동,202606,아파트_전월세,메세나폴리스,서교동,490,122.867,,20000,665,16,15,2012,갱신,26.09~28.09,20000.0,650.0,,,
마포구,11440,서교동,202606,아파트_전월세,서교동효성해링턴타워,서교동,494,37.17,,13760,77,23,26,2020,갱신,26.09~28.04,13760.0,74.0,사용,,
마포구,11440,염리동,202606,아파트_전월세,마포자이더센트리지(102동~112동),염리동,533,59.99,,47000,114,6,20,2022,갱신,26.07~28.07,47000.0,100.0,사용,,
마포구,11440,도화동,202606,아파트_전월세,우성,도화동,82,68.94,,55500,0,10,24,1991,갱신,26.09~28.09,47000.0,,,,
마포구,11440,도화동,202606,아파트_전월세,현대홈타운,도화동,353,59.17,,17000,165,10,26,2000,신규,26.09~28.09,,,,,
마포구,11440,상암동,202606,아파트_전월세,상암월드컵파크9단지,상암동,1752,49.58,,2000,39,4,24,2010,신규,26.07~28.09,,,,,
마포구,11440,서교동,202606,아파트_전월세,서교동효성해링턴타워,서교동,494,37.17,,3060,117,8,26,2020,갱신,26.09~28.04,3060.0,113.0,사용,,
마포구,11440,상수동,202606,아파트_전월세,래미안밤섬리베뉴Ⅱ,상수동,398,59.99,,60000,110,6,25,2014,신규,26.09~28.09,,,,,
마포구,11440,서교동,202606,아파트_전월세,서교동효성해링턴타워,서교동,494,37.17,,13760,76,9,26,2020,갱신,26.09~28.04,13760.0,72.0,사용,,
마포구,11440,상암동,202606,아파트_전월세,DMCVILLE,상암동,1584,84.15,,0,363,2,22,2006,신규,26.06~26.09,,,,,
마포구,11440,상암동,202606,아파트_전월세,DMCVILLE,상암동,1584,49.41,,0,235,10,21,2006,신규,26.06~26.08,,,,,
마포구,11440,상암동,202606,아파트_전월세,DMCVILLE,상암동,1584,84.15,,0,363,4,22,2006,신규,26.06~26.10,,,,,
마포구,11440,상암동,202606,아파트_전월세,상암월드컵파크6단지,상암동,1689,84.53,,30000,180,6,21,2005,갱신,26.07~28.07,30000.0,170.0,,,
마포구,11440,서교동,202606,아파트_전월세,서교동효성해링턴타워,서교동,494,37.17,,9170,94,19,24,2020,갱신,26.09~28.04,9170.0,90.0,사용,,
마포구,11440,아현동,202606,아파트_전월세,더클래시,아현동,804,59.97,,57000,0,2,26,2022,신규,26.10~27.11,,,,,
마포구,11440,대흥동,202606,아파트_전월세,마포자이2차,대흥동,804,84.95,,10000,330,24,26,2014,갱신,26.08~28.08,10000.0,330.0,사용,,
마포구,11440,서교동,202606,아파트_전월세,서교동효성해링턴타워,서교동,494,37.17,,13760,75,3,25,2020,갱신,26.09~28.04,13760.0,71.0,사용,,
마포구,11440,서교동,202606,아파트_전월세,서교동효성해링턴타워,서교동,494,37.17,,9180,93,7,26,2020,갱신,26.09~28.04,9180.0,89.0,사용,,
마포구,11440,아현동,202606,아파트_전월세,마포래미안푸르지오1단지,아현동,777,59.9656,,85000,0,13,26,2014,신규,26.09~28.09,,,,,
마포구,11440,용강동,202606,아파트_전월세,래미안마포리버웰,용강동,502,84.97,,50000,300,20,6,2015,신규,26.10~28.09,,,,,
마포구,11440,도화동,202606,아파트_전월세,우성,도화동,82,128.315,,80000,0,8,26,1991,신규,26.08~28.08,,,,,
마포구,11440,서교동,202606,아파트_전월세,서교동효성해링턴타워,서교동,494,37.17,,13760,76,7,25,2020,갱신,26.09~28.04,13760.0,72.0,사용,,
마포구,11440,상암동,202606,아파트_전월세,상암월드컵파크7단지,상암동,1660,84.74,,61950,0,2,26,2005,갱신,26.08~28.08,59000.0,,사용,,
마포구,11440,상암동,202606,아파트_전월세,DMCVILLE,상암동,1584,84.15,,0,363,2,22,2006,신규,26.06~26.09,,,,,
마포구,11440,서교동,202606,아파트_전월세,삼익플라주서교1,서교동,488,82.72,,10000,200,4,26,2007,갱신,26.07~28.07,10000.0,200.0,사용,,
마포구,11440,상암동,202606,아파트_전월세,DMCVILLE,상암동,1584,84.68,,0,326,6,20,2006,신규,26.06~26.09,,,,,
마포구,11440,상암동,202606,아파트_전월세,상암월드컵파크7단지,상암동,1660,84.9,,72000,0,4,26,2005,갱신,26.06~28.06,59000.0,,,,
마포구,11440,성산동,202606,아파트_전월세,성산시영(대우),성산동,446,50.03,,2000,120,1,13,1986,신규,26.08~28.08,,,,,
마포구,11440,대흥동,202606,아파트_전월세,마포자이2차,대흥동,804,37.17,,2892,17,3,26,2014,갱신,26.07~28.06,2784.0,16.0,,,
마포구,11440,중동,202606,아파트_전월세,DMC마포청구아파트,중동,390,84.9,,60900,0,18,25,1994,갱신,26.07~28.07,58000.0,,,,
마포구,11440,현석동,202606,아파트_전월세,래미안웰스트림,현석동,225,84.96,,110000,0,25,25,2016,갱신,26.07~28.07,81000.0,,,,
마포구,11440,염리동,202606,아파트_전월세,상록,염리동,515-1,58.71,,57000,0,14,25,1997,신규,26.08~28.08,,,,,
마포구,11440,상암동,202606,아파트_전월세,상암월드컵파크2단지,상암동,1637,59.92,,42000,24,4,12,2003,갱신,26.08~28.08,42000.0,16.0,사용,,
마포구,11440,성산동,202606,아파트_전월세,노블에비뉴,성산동,668,30.128,,21000,37,5,25,2015,갱신,26.06~27.06,22500.0,28.0,,,
마포구,11440,토정동,202606,아파트_전월세,한강삼성,토정동,138,59.76,,55000,0,5,17,1997,갱신,26.06~28.06,53000.0,,사용,,
마포구,11440,서교동,202606,아파트_전월세,서교동효성해링턴타워,서교동,494,37.17,,9160,93,18,23,2020,신규,26.08~28.04,,,,,
마포구,11440,상암동,202606,아파트_전월세,DMCVILLE,상암동,1584,84.15,,0,363,7,17,2006,신규,26.06~26.08,,,,,
마포구,11440,현석동,202606,아파트_전월세,밤섬힐스테이트,현석동,220,59.4,,57750,0,14,13,1999,갱신,26.06~28.06,55000.0,,사용,,
마포구,11440,상암동,202606,아파트_전월세,DMCVILLE,상암동,1584,84.15,,0,326,3,19,2006,신규,26.06~26.09,,,,,
마포구,11440,도화동,202606,아파트_전월세,삼성,도화동,550,72.185,,75000,0,1,25,1997,신규,26.08~28.08,,,,,
마포구,11440,성산동,202606,아파트_전월세,성산시영(선경),성산동,446,50.54,,35000,0,14,24,1986,신규,26.09~28.09,,,,,
마포구,11440,상암동,202606,아파트_전월세,상암월드컵파크3단지,상암동,1643,84.94,,65000,0,10,5,2003,갱신,26.07~28.07,60000.0,,,,
마포구,11440,염리동,202606,아파트_전월세,마포자이,염리동,521,84.692,,30000,268,2,25,2003,갱신,26.09~28.09,30000.0,250.0,사용,,
마포구,11440,성산동,202606,아파트_전월세,성산시영(선경),성산동,446,50.54,,5000,120,8,19,1986,신규,26.08~28.08,,,,,
마포구,11440,상암동,202606,아파트_전월세,상암월드컵파크1단지,상암동,1634,39.44,,4474,11,16,26,2003,갱신,26.07~28.06,1716.0,25.0,,,
마포구,11440,노고산동,202606,아파트_전월세,신촌포스빌,노고산동,1-3,29.03,,23000,10,12,25,2004,갱신,26.08~28.08,23000.0,10.0,,,
마포구,11440,창전동,202606,아파트_전월세,창전래미안,창전동,437,32.76,,493,16,6,25,1998,갱신,26.07~28.06,1125.0,14.0,,,
마포구,11440,상암동,202606,아파트_전월세,상암월드컵파크11단지,상암동,1741,84.89,,42262,0,3,25,2010,갱신,26.07~28.06,40250.0,,,,
마포구,11440,상수동,202606,아파트_전월세,래미안밤섬리베뉴Ⅰ,상수동,402,84.99,,100000,0,13,24,2014,신규,26.09~28.09,,,,,
마포구,11440,상암동,202606,아파트_전월세,상암월드컵파크4단지,상암동,1655,84.81,,65000,0,3,25,2006,신규,26.09~28.09,,,,,
마포구,11440,공덕동,202606,아파트_전월세,공덕SK리더스뷰,공덕동,479,84.94,,105000,0,6,24,2021,갱신,26.08~28.08,100000.0,,,,
마포구,11440,토정동,202606,아파트_전월세,한강삼성,토정동,138,59.76,,15000,220,10,18,1997,신규,26.07~28.07,,,,,
마포구,11440,상암동,202606,아파트_전월세,상암월드컵파크5단지,상암동,1658,84.67,,78000,0,10,4,2005,신규,26.08~28.08,,,,,
마포구,11440,상암동,202606,아파트_전월세,상암월드컵파크6단지,상암동,1689,104.32,,84000,0,14,24,2005,신규,26.09~28.09,,,,,
마포구,11440,신수동,202606,아파트_전월세,신촌숲아이파크,신수동,462,84.912,,50000,260,6,15,2019,신규,26.08~28.08,,,,,
마포구,11440,도화동,202606,아파트_전월세,삼성,도화동,550,84.985,,50000,90,5,25,1997,갱신,26.06~28.06,47730.0,60.0,,,
마포구,11440,망원동,202606,아파트_전월세,대성2,망원동,429-3,59.78,,31000,0,4,24,1996,신규,26.06~28.06,,,,,
마포구,11440,염리동,202606,아파트_전월세,마포프레스티지자이,염리동,532,59.9286,,95000,0,14,20,2021,신규,26.09~28.09,,,,,
마포구,11440,대흥동,202606,아파트_전월세,서희스타힐스,대흥동,12-41,12.85,,1000,92,12,10,2014,신규,26.06~27.06,,,,,
마포구,11440,성산동,202606,아파트_전월세,노블에비뉴,성산동,668,31.728,,22000,46,5,24,2015,갱신,26.09~28.09,22000.0,40.0,사용,,
마포구,11440,아현동,202606,아파트_전월세,마포래미안푸르지오4단지,아현동,777,59.9656,,90000,0,10,24,2014,신규,26.09~28.09,,,,,
마포구,11440,염리동,202606,아파트_전월세,상록임대,염리동,515-1,27.47,,1055,12,10,25,1997,갱신,26.07~28.06,1016.0,11.0,,,
마포구,11440,상암동,202606,아파트_전월세,상암월드컵파크9단지,상암동,1752,114.26,,56700,0,9,25,2010,갱신,26.07~28.06,54000.0,,,,
마포구,11440,상암동,202606,아파트_전월세,상암월드컵파크9단지,상암동,1752,49.58,,4880,33,3,25,2010,신규,26.07~28.09,,,,,
마포구,11440,상암동,202606,아파트_전월세,상암월드컵파크9단지,상암동,1752,49.71,,4880,33,2,24,2010,신규,26.07~28.09,,,,,
마포구,11440,염리동,202606,아파트_전월세,마포자이더센트리지(102동~112동),염리동,533,84.866,,110000,0,2,24,2022,갱신,26.10~28.10,105000.0,,사용,,
마포구,11440,망원동,202606,아파트_전월세,대림2,망원동,497,84.73,,46000,60,15,25,2002,갱신,26.06~28.06,44000.0,60.0,사용,,
마포구,11440,성산동,202606,아파트_전월세,블룸에비뉴,성산동,669,31.095,,20000,50,3,23,2016,갱신,26.08~28.08,20000.0,44.0,,,
마포구,11440,도화동,202606,아파트_전월세,도화동현대,도화동,357,128.26,,80000,0,8,24,1996,갱신,26.09~28.09,75000.0,,,,
마포구,11440,상암동,202606,아파트_전월세,상암월드컵파크1단지,상암동,1634,39.66,,4500,11,16,24,2003,갱신,26.07~28.06,1727.0,25.0,,,
마포구,11440,공덕동,202606,아파트_전월세,공덕2삼성래미안,공덕동,43,84.94,,52500,116,16,24,2004,갱신,26.08~28.08,50000.0,110.0,사용,,
마포구,11440,성산동,202606,아파트_전월세,성사1차풍림아파트101동,성산동,600,84.99,,20000,130,2,24,2000,신규,26.07~27.07,,,,,
마포구,11440,연남동,202606,아파트_전월세,대명,연남동,259-1,59.99,,19000,90,11,24,1995,신규,26.10~28.09,,,,,
마포구,11440,노고산동,202606,아파트_전월세,에피소드신촌캠퍼스,노고산동,128,59.15,,500,145,11,1,2025,신규,26.06~27.06,,,,,
마포구,11440,아현동,202606,아파트_전월세,마포래미안푸르지오3단지,아현동,777,59.9236,,82000,0,23,22,2014,갱신,26.06~28.06,77000.0,,,,
마포구,11440,노고산동,202606,아파트_전월세,에피소드신촌캠퍼스,노고산동,128,59.15,,500,145,11,1,2025,신규,26.06~27.06,,,,,
마포구,11440,공덕동,202606,아파트_전월세,공덕2삼성래미안,공덕동,43,84.94,,10000,270,14,15,2004,신규,26.07~28.07,,,,,
마포구,11440,상암동,202606,아파트_전월세,상암월드컵파크10단지,상암동,1736,49.58,,5005,34,11,24,2010,신규,26.07~28.09,,,,,
마포구,11440,상암동,202606,아파트_전월세,상암월드컵파크9단지,상암동,1752,49.58,,4880,33,15,24,2010,신규,26.07~28.09,,,,,
마포구,11440,상암동,202606,아파트_전월세,상암월드컵파크9단지,상암동,1752,49.58,,4880,33,8,24,2010,신규,26.07~28.09,,,,,
마포구,11440,상암동,202606,아파트_전월세,상암월드컵파크10단지,상암동,1736,49.58,,5005,34,8,24,2010,신규,26.07~28.09,,,,,
마포구,11440,상암동,202606,아파트_전월세,상암월드컵파크8단지,상암동,1674,39.95,,2878,25,10,24,2008,신규,26.07~28.09,,,,,
마포구,11440,상암동,202606,아파트_전월세,상암월드컵파크9단지,상암동,1752,49.58,,4880,33,4,24,2010,신규,26.07~28.09,,,,,
마포구,11440,서교동,202606,아파트_전월세,서교동효성해링턴타워,서교동,494,37.17,,13760,76,8,23,2020,갱신,26.08~28.04,13760.0,72.0,사용,,
마포구,11440,서교동,202606,아파트_전월세,서교동효성해링턴타워,서교동,494,37.17,,13760,76,14,24,2020,갱신,26.09~28.04,13760.0,72.0,사용,,
마포구,11440,서교동,202606,아파트_전월세,서교동효성해링턴타워,서교동,494,37.17,,13760,76,4,23,2020,갱신,26.09~28.04,13760.0,72.0,사용,,
마포구,11440,상암동,202606,아파트_전월세,상암월드컵파크8단지,상암동,1674,39.97,,2878,25,8,24,2008,신규,26.07~28.09,,,,,
마포구,11440,염리동,202606,아파트_전월세,염리동세양청마루아파트101동,염리동,522,84.47,,40000,160,3,10,2005,신규,26.09~28.09,,,,,
마포구,11440,창전동,202606,아파트_전월세,창전래미안,창전동,437,59.94,,50000,30,5,24,1998,갱신,26.06~28.06,50000.0,,,,
마포구,11440,서교동,202606,아파트_전월세,서교동효성해링턴타워,서교동,494,37.17,,13760,77,9,23,2020,갱신,26.09~28.04,13760.0,74.0,사용,,
마포구,11440,신공덕동,202606,아파트_전월세,신공덕래미안3차,신공덕동,161,114.76,,87000,0,12,24,2003,갱신,26.08~28.08,83000.0,,사용,,
마포구,11440,현석동,202606,아파트_전월세,밤섬힐스테이트,현석동,220,114.81,,10000,380,5,23,1999,신규,26.06~28.06,,,,,
마포구,11440,상암동,202606,아파트_전월세,상암월드컵파크10단지,상암동,1736,49.58,,8628,13,6,18,2010,갱신,26.07~28.06,4588.0,31.0,,,
마포구,11440,염리동,202606,아파트_전월세,상록임대,염리동,515-1,27.47,,2262,5,2,24,1997,갱신,26.07~28.06,1016.0,11.0,,,
마포구,11440,성산동,202606,아파트_전월세,성산시영(선경),성산동,446,50.54,,30000,0,1,18,1986,신규,26.09~28.09,,,,,
마포구,11440,서교동,202606,아파트_전월세,서교동효성해링턴타워,서교동,494,37.17,,13760,76,3,24,2020,갱신,26.09~28.04,13760.0,72.0,사용,,
마포구,11440,아현동,202606,아파트_전월세,애오개아이파크,아현동,780,30.01,,20000,80,2,12,2016,갱신,26.07~28.07,16800.0,80.0,,,
마포구,11440,아현동,202606,아파트_전월세,애오개아이파크,아현동,780,30.01,,20000,80,2,12,2016,갱신,26.07~28.07,16800.0,80.0,,,
마포구,11440,아현동,202606,아파트_전월세,애오개아이파크,아현동,780,30.01,,20000,80,2,12,2016,갱신,26.07~28.07,16800.0,80.0,,,
마포구,11440,신수동,202606,아파트_전월세,밤섬경남아너스빌,신수동,459,84.83,,70000,0,4,23,2009,신규,26.09~28.09,,,,,
마포구,11440,상암동,202606,아파트_전월세,상암월드컵파크10단지,상암동,1736,49.58,,5005,34,8,24,2010,신규,26.07~28.09,,,,,
마포구,11440,상암동,202606,아파트_전월세,상암월드컵파크9단지,상암동,1752,49.71,,4880,33,1,24,2010,신규,26.07~28.09,,,,,
마포구,11440,상수동,202606,아파트_전월세,래미안밤섬리베뉴Ⅱ,상수동,398,59.99,,35000,220,11,23,2014,신규,26.07~28.07,,,,,
마포구,11440,서교동,202606,아파트_전월세,서교동효성해링턴타워,서교동,494,17.93,,5350,44,11,10,2020,신규,26.06~28.04,,,,,
마포구,11440,도화동,202606,아파트_전월세,삼성,도화동,550,114.74,,92400,0,13,23,1997,갱신,26.07~28.07,88000.0,,사용,,
마포구,11440,성산동,202606,아파트_전월세,성산시영(유원),성산동,446,59.43,,39000,0,14,23,1986,신규,26.09~28.09,,,,,
마포구,11440,염리동,202606,아파트_전월세,마포프레스티지자이,염리동,532,59.8772,,95000,0,18,23,2021,신규,26.09~28.09,,,,,
마포구,11440,노고산동,202606,아파트_전월세,신촌포스빌,노고산동,1-3,32.34,,1000,110,6,19,2004,신규,26.06~27.06,,,,,
마포구,11440,상암동,202606,아파트_전월세,상암월드컵파크7단지,상암동,1660,84.74,,5000,260,5,23,2005,갱신,26.07~28.07,5000.0,250.0,,,
마포구,11440,창전동,202606,아파트_전월세,창전래미안,창전동,437,84.93,,73500,0,17,22,1998,갱신,26.08~28.08,70000.0,,사용,,
마포구,11440,성산동,202606,아파트_전월세,월드컵아이파크(667),성산동,667,59.73,,65000,0,7,23,2009,신규,26.08~28.08,,,,,
마포구,11440,염리동,202606,아파트_전월세,마포자이더센트리지(102동~112동),염리동,533,84.866,,99750,0,6,23,2022,신규,26.07~28.07,,,,,
마포구,11440,아현동,202606,아파트_전월세,마포센트럴 아이파크,아현동,802,84.9668,,90000,0,10,20,2017,신규,26.08~28.08,,,,,
마포구,11440,창전동,202606,아파트_전월세,서강오벨리스크스위트,창전동,442,84.96,,50000,105,2,17,2007,신규,26.07~28.07,,,,,
마포구,11440,공덕동,202606,아파트_전월세,솔리스타,공덕동,30-10,14.29,,14500,20,13,22,2018,신규,26.08~28.08,,,,,
마포구,11440,신정동,202606,아파트_전월세,서강GS,신정동,30,59.98,,60000,0,23,6,1999,갱신,26.07~28.07,55000.0,,,,
마포구,11440,상암동,202606,아파트_전월세,상암월드컵파크3단지,상암동,1643,84.84,,58430,0,5,13,2003,갱신,26.08~28.08,55650.0,,사용,,
마포구,11440,노고산동,202606,아파트_전월세,빌리브디에이블,노고산동,129,38.39,,55000,0,16,23,2025,신규,26.06~28.06,,,,,
마포구,11440,성산동,202606,아파트_전월세,성산시영(선경),성산동,446,50.54,,3000,130,3,23,1986,신규,26.06~28.06,,,,,
마포구,11440,대흥동,202606,아파트_전월세,대흥동태영아파트,대흥동,660,84.77,,68000,0,2,19,1999,갱신,26.06~28.06,65000.0,,사용,,
마포구,11440,용강동,202606,아파트_전월세,마포대림1,용강동,500,130.64,,20000,350,6,18,2002,갱신,26.10~28.10,20000.0,300.0,,,
마포구,11440,서교동,202606,아파트_전월세,서교동효성해링턴타워,서교동,494,37.17,,13760,76,7,22,2020,갱신,26.09~28.04,13760.0,72.0,사용,,
마포구,11440,상암동,202606,아파트_전월세,상암월드컵파크1단지,상암동,1634,49.53,,5227,13,5,23,2003,갱신,26.07~28.06,2073.0,29.0,,,
마포구,11440,서교동,202606,아파트_전월세,서교동효성해링턴타워,서교동,494,37.17,,13760,78,17,22,2020,갱신,26.09~28.04,13760.0,74.0,사용,,
마포구,11440,서교동,202606,아파트_전월세,서교동효성해링턴타워,서교동,494,37.17,,13760,76,4,23,2020,갱신,26.09~28.04,13760.0,72.0,사용,,
마포구,11440,상암동,202606,아파트_전월세,상암월드컵파크4단지,상암동,1655,84.66,,70000,0,24,19,2006,갱신,26.06~28.06,54600.0,,,,
마포구,11440,성산동,202606,아파트_전월세,성산시영(대우),성산동,446,50.03,,30450,0,8,20,1986,갱신,26.07~28.07,29000.0,,사용,,
마포구,11440,서교동,202606,아파트_전월세,서교동효성해링턴타워,서교동,494,37.17,,13760,75,18,22,2020,갱신,26.09~28.04,13760.0,71.0,사용,,
마포구,11440,신공덕동,202606,아파트_전월세,신공덕래미안2차,신공덕동,159,59.48,,42000,0,4,20,2000,갱신,26.08~28.08,40000.0,,사용,,
마포구,11440,상암동,202606,아파트_전월세,상암월드컵파크3단지,상암동,1643,84.84,,61000,0,7,23,2003,갱신,26.08~28.08,59000.0,,사용,,
마포구,11440,도화동,202606,아파트_전월세,도화동현대,도화동,357,68.22,,52000,0,14,3,1996,신규,26.08~28.08,,,,,
마포구,11440,성산동,202606,아파트_전월세,만민하늘애,성산동,54-7,53.61,,55000,0,6,15,2023,신규,26.08~28.08,,,,,
마포구,11440,성산동,202606,아파트_전월세,만민하늘애,성산동,54-7,53.61,,50000,0,4,5,2023,갱신,26.06~28.06,50000.0,,사용,,
마포구,11440,아현동,202606,아파트_전월세,더클래시,아현동,804,84.98,,105000,0,11,2,2022,갱신,26.06~28.06,100000.0,,사용,,
마포구,11440,서교동,202606,아파트_전월세,서교동효성해링턴타워,서교동,494,37.17,,13760,75,3,22,2020,갱신,26.09~28.04,13760.0,71.0,사용,,
마포구,11440,공덕동,202606,아파트_전월세,공덕파크자이,공덕동,476,84.996,,115500,0,5,20,2015,갱신,26.06~28.06,110000.0,,사용,,
마포구,11440,현석동,202606,아파트_전월세,강변힐스테이트,현석동,222,59.54,,60000,0,14,10,2004,신규,26.06~28.06,,,,,
마포구,11440,상암동,202606,아파트_전월세,상암월드컵파크8단지,상암동,1674,49.94,,7320,14,11,22,2008,갱신,26.07~28.06,4124.0,30.0,,,
마포구,11440,성산동,202606,아파트_전월세,성산시영(대우),성산동,446,50.03,,2000,105,3,13,1986,갱신,26.07~28.07,2000.0,73.0,,,
마포구,11440,상암동,202606,아파트_전월세,상암월드컵파크4단지,상암동,1655,84.76,,10000,230,15,18,2006,갱신,26.07~28.07,10000.0,200.0,,,
마포구,11440,염리동,202606,아파트_전월세,마포프레스티지자이,염리동,532,84.8079,,90300,0,3,20,2021,신규,26.08~27.03,,,,,
마포구,11440,상암동,202606,아파트_전월세,상암월드컵파크1단지,상암동,1634,49.53,,5345,12,17,22,2003,갱신,26.07~28.06,2073.0,29.0,,,
마포구,11440,아현동,202606,아파트_전월세,마포래미안푸르지오3단지,아현동,777,114.588,,127000,0,4,19,2014,갱신,26.06~28.02,122000.0,,사용,,
마포구,11440,아현동,202606,아파트_전월세,마포센트럴 아이파크,아현동,802,84.9699,,10000,169,5,20,2017,갱신,26.07~28.07,10000.0,160.0,사용,,
마포구,11440,신공덕동,202606,아파트_전월세,신공덕래미안2차,신공덕동,159,59.48,,53000,0,3,16,2000,신규,26.07~28.07,,,,,
마포구,11440,합정동,202606,아파트_전월세,마포한강2차푸르지오,합정동,473,83.45,,50000,290,20,20,2016,신규,26.09~28.09,,,,,
마포구,11440,상암동,202606,아파트_전월세,상암월드컵파크2단지,상암동,1637,59.92,,52500,0,10,15,2003,갱신,26.08~28.08,50000.0,,사용,,
마포구,11440,염리동,202606,아파트_전월세,염리동세양청마루아파트101동,염리동,522,84.47,,25000,200,3,18,2005,갱신,26.07~28.07,20000.0,189.0,,,
마포구,11440,도화동,202606,아파트_전월세,한화오벨리스크,도화동,555,39.91,,2000,140,2,22,2004,갱신,26.08~27.08,2000.0,135.0,,,
마포구,11440,상수동,202606,아파트_전월세,래미안밤섬리베뉴Ⅱ,상수동,398,84.82,,94500,0,11,19,2014,갱신,26.09~28.09,90000.0,,,,
마포구,11440,서교동,202606,아파트_전월세,대우미래사랑,서교동,487,34.29,,1000,95,6,6,2005,신규,26.06~28.06,,,,,
마포구,11440,성산동,202606,아파트_전월세,성산월드타운대림,성산동,601,117.898,,73500,0,11,17,2004,갱신,26.07~28.07,70000.0,,사용,,
마포구,11440,서교동,202606,아파트_전월세,엠제이더퍼스트홍대,서교동,371-7,17.46,,1000,110,5,17,2018,신규,26.06~27.06,,,,,
마포구,11440,공덕동,202606,아파트_전월세,마포현대,공덕동,188-108,72.49,,62000,0,8,20,1988,갱신,26.08~28.08,47250.0,,,,
마포구,11440,대흥동,202606,아파트_전월세,대흥동태영아파트,대흥동,660,59.4,,67000,0,4,13,1999,갱신,26.09~28.08,60000.0,,,,
마포구,11440,아현동,202606,아파트_전월세,공덕자이,아현동,800,59.99,,70000,70,7,21,2015,신규,26.07~28.07,,,,,
마포구,11440,중동,202606,아파트_전월세,DMC마포청구아파트,중동,390,84.9,,65000,0,8,22,1994,신규,26.08~28.08,,,,,
마포구,11440,염리동,202606,아파트_전월세,마포프레스티지자이,염리동,532,59.8772,,89000,0,15,20,2021,갱신,26.09~28.09,85000.0,,사용,,
마포구,11440,대흥동,202606,아파트_전월세,서희스타힐스,대흥동,12-41,12.85,,1000,90,7,4,2014,갱신,26.07~27.07,1000.0,89.0,,,
마포구,11440,성산동,202606,아파트_전월세,성산시영(유원),성산동,446,59.43,,41500,0,5,20,1986,신규,26.08~28.08,,,,,
마포구,11440,망원동,202606,아파트_전월세,대림2,망원동,497,84.73,,70000,0,11,20,2002,신규,26.09~28.09,,,,,
마포구,11440,연남동,202606,아파트_전월세,코오롱,연남동,573,114.88,,71400,0,4,22,2003,갱신,26.09~28.09,68000.0,,사용,,
마포구,11440,아현동,202606,아파트_전월세,애오개아이파크,아현동,780,30.01,,10000,77,2,20,2016,갱신,26.07~28.07,10000.0,78.0,,,
마포구,11440,성산동,202606,아파트_전월세,성산시영(유원),성산동,446,59.43,,45000,0,13,20,1986,신규,26.08~28.08,,,,,
마포구,11440,성산동,202606,아파트_전월세,성산시영(유원),성산동,446,59.43,,38500,0,14,20,1986,신규,26.09~28.09,,,,,
마포구,11440,도화동,202606,아파트_전월세,도화동현대,도화동,357,54.72,,48300,0,7,22,1996,갱신,26.06~28.06,46000.0,,사용,,
마포구,11440,대흥동,202606,아파트_전월세,마포그랑자이,대흥동,806,84.99,,20000,260,12,19,2020,갱신,26.07~28.07,20000.0,240.0,,,
마포구,11440,성산동,202606,아파트_전월세,성산시영(선경),성산동,446,50.54,,2000,110,12,21,1986,갱신,26.07~28.07,1000.0,84.0,,,
마포구,11440,도화동,202606,아파트_전월세,우성,도화동,82,141.515,,10000,280,3,20,1991,신규,26.09~28.09,,,,,
마포구,11440,용강동,202606,아파트_전월세,래미안마포리버웰,용강동,502,84.97,,120000,0,8,18,2015,갱신,26.07~28.07,105000.0,,,,
마포구,11440,서교동,202606,아파트_전월세,서교동효성해링턴타워,서교동,494,17.93,,6120,40,18,19,2020,갱신,26.09~28.04,6120.0,38.0,사용,,
마포구,11440,용강동,202606,아파트_전월세,이편한세상마포리버파크,용강동,508,59.98,,81000,0,5,12,2016,신규,26.07~28.07,,,,,
마포구,11440,신수동,202606,아파트_전월세,신촌삼익,신수동,450,59.85,,62000,0,10,8,1997,신규,26.09~28.09,,,,,
마포구,11440,공덕동,202606,아파트_전월세,래미안공덕5차,공덕동,469,84.871,,89250,0,14,20,2011,갱신,26.07~28.07,85000.0,,,,
마포구,11440,상수동,202606,아파트_전월세,래미안밤섬리베뉴Ⅰ,상수동,402,84.99,,5000,310,6,13,2014,갱신,26.07~28.07,10000.0,150.0,,,
마포구,11440,상암동,202606,아파트_전월세,상암월드컵파크3단지,상암동,1643,84.84,,35000,61,5,19,2003,갱신,26.07~28.07,40000.0,35.0,사용,,
마포구,11440,서교동,202606,아파트_전월세,서교동효성해링턴타워,서교동,494,37.17,,3060,118,6,19,2020,갱신,26.09~28.04,3060.0,114.0,사용,,
마포구,11440,서교동,202606,아파트_전월세,서교동효성해링턴타워,서교동,494,37.17,,4624,36,5,20,2020,갱신,26.07~28.06,8215.0,27.0,,,
마포구,11440,도화동,202606,아파트_전월세,성지,도화동,538,84.25,,50000,0,9,11,1984,신규,26.08~28.08,,,,,
마포구,11440,서교동,202606,아파트_전월세,서교동효성해링턴타워,서교동,494,17.93,,6120,40,3,22,2020,신규,26.08~28.04,,,,,
마포구,11440,도화동,202606,아파트_전월세,삼성,도화동,550,84.985,,5000,167,4,20,1997,갱신,26.08~28.08,5000.0,158.0,사용,,
마포구,11440,도화동,202606,아파트_전월세,마포아크로타워,도화동,563,84.99,,10000,310,18,19,2007,신규,26.08~28.08,,,,,
마포구,11440,신수동,202606,아파트_전월세,현대,신수동,445-5,84.47,,60000,0,14,8,1996,신규,26.06~28.06,,,,,
마포구,11440,성산동,202606,아파트_전월세,성산시영(선경),성산동,446,50.54,,4000,130,14,4,1986,신규,26.10~28.10,,,,,
마포구,11440,공덕동,202606,아파트_전월세,래미안공덕5차,공덕동,469,59.968,,82000,0,3,19,2011,신규,26.08~28.08,,,,,
마포구,11440,공덕동,202606,아파트_전월세,공덕3삼성래미안,공덕동,457,84.98,,60000,130,13,17,2004,갱신,26.08~28.05,70000.0,50.0,,,
마포구,11440,노고산동,202606,아파트_전월세,신촌예스빌딩,노고산동,1-23,12.13,,1000,80,12,19,2015,신규,26.06~27.06,,,,,
마포구,11440,신수동,202606,아파트_전월세,신촌숲아이파크,신수동,462,84.901,,120000,0,17,12,2019,신규,26.08~28.08,,,,,
마포구,11440,아현동,202606,아파트_전월세,마포래미안푸르지오4단지,아현동,777,84.5978,,115000,0,26,17,2014,신규,26.08~28.08,,,,,
마포구,11440,대흥동,202606,아파트_전월세,대흥동태영아파트,대흥동,660,59.4,,55000,40,1,19,1999,신규,26.08~28.08,,,,,
마포구,11440,공덕동,202606,아파트_전월세,마포공덕파크팰리스Ⅱ,공덕동,462,141.46,,25000,350,16,11,2005,신규,26.06~28.06,,,,,
마포구,11440,상수동,202606,아파트_전월세,상수크리원,상수동,355-2,16.9,,9100,46,6,19,2021,신규,26.10~28.09,,,,,
마포구,11440,성산동,202606,아파트_전월세,노블에비뉴,성산동,668,30.011,,18000,44,4,12,2015,신규,26.07~28.07,,,,,
마포구,11440,아현동,202606,아파트_전월세,마포래미안푸르지오3단지,아현동,777,84.5978,,30000,240,15,19,2014,신규,26.09~27.09,,,,,
마포구,11440,아현동,202606,아파트_전월세,마포래미안푸르지오3단지,아현동,777,59.9236,,45000,150,9,13,2014,신규,26.07~28.07,,,,,
마포구,11440,성산동,202606,아파트_전월세,성산시영(대우),성산동,446,50.03,,32500,0,10,3,1986,갱신,26.06~28.06,31000.0,,사용,,
마포구,11440,서교동,202606,아파트_전월세,서교동효성해링턴타워,서교동,494,37.17,,13760,76,16,19,2020,갱신,26.08~28.04,13760.0,72.0,사용,,
마포구,11440,성산동,202606,아파트_전월세,성산2차e-편한세상,성산동,604,84.95,,65000,0,8,18,2005,신규,26.09~28.09,,,,,
마포구,11440,상암동,202606,아파트_전월세,상암월드컵파크2단지,상암동,1637,59.92,,50400,0,16,19,2003,갱신,26.07~28.07,48000.0,,사용,,
마포구,11440,신수동,202606,아파트_전월세,힐스테이트마포더퍼스트,신수동,91-90,84.07,,100000,0,3,19,2026,신규,26.10~28.10,,,,,
마포구,11440,신수동,202606,아파트_전월세,세양청마루,신수동,451,57.44,,20000,100,8,13,2003,신규,26.07~28.07,,,,,
마포구,11440,공덕동,202606,아파트_전월세,공덕SK리더스뷰,공덕동,479,40.7,,21520,58,24,18,2021,갱신,26.07~28.06,19440.0,68.0,,,
마포구,11440,도화동,202606,아파트_전월세,현대홈타운,도화동,353,59.17,,53000,0,6,17,2000,신규,26.08~28.08,,,,,
마포구,11440,아현동,202606,아파트_전월세,마포래미안푸르지오2단지,아현동,777,59.9656,,90000,0,8,19,2014,신규,26.08~28.08,,,,,
마포구,11440,용강동,202606,아파트_전월세,마포용강삼성래미안,용강동,380,84.2,,80000,80,8,19,2003,신규,26.07~28.07,,,,,
마포구,11440,용강동,202606,아파트_전월세,이편한세상마포리버파크,용강동,508,59.98,,95000,0,17,18,2016,신규,26.09~28.09,,,,,
마포구,11440,염리동,202606,아파트_전월세,상록,염리동,515-1,49.8,,50000,0,9,6,1997,갱신,26.08~28.03,42000.0,,,,
마포구,11440,공덕동,202606,아파트_전월세,래미안공덕4차,공덕동,464,59.9,,67000,0,4,19,2005,갱신,26.08~28.08,57750.0,10.0,,,
마포구,11440,염리동,202606,아파트_전월세,마포자이,염리동,521,135.376,,90000,200,4,19,2003,신규,26.09~28.09,,,,,
마포구,11440,신정동,202606,아파트_전월세,서강GS,신정동,30,84.4,,68000,0,13,19,1999,갱신,26.07~28.07,67000.0,,사용,,
마포구,11440,연남동,202606,아파트_전월세,대명,연남동,259-1,84.99,,50000,0,9,17,1995,갱신,26.09~28.09,48500.0,,사용,,
마포구,11440,서교동,202606,아파트_전월세,서교동효성해링턴타워,서교동,494,37.17,,13760,76,6,18,2020,갱신,26.09~28.04,13760.0,72.0,사용,,
마포구,11440,신공덕동,202606,아파트_전월세,브라운스톤공덕아파트,신공덕동,170,59.89,,35000,164,7,3,2009,갱신,26.06~28.06,35000.0,150.0,사용,,
마포구,11440,상수동,202606,아파트_전월세,래미안밤섬리베뉴Ⅱ,상수동,398,84.92,,95000,0,10,9,2014,신규,26.08~28.08,,,,,
마포구,11440,용강동,202606,아파트_전월세,대림2차,용강동,501,59.81,,30000,160,5,16,2004,신규,26.08~28.08,,,,,
마포구,11440,노고산동,202606,아파트_전월세,신촌포스빌,노고산동,1-3,32.34,,2000,105,15,17,2004,신규,26.06~27.06,,,,,
마포구,11440,염리동,202606,아파트_전월세,마포프레스티지자이,염리동,532,59.7848,,86000,0,2,18,2021,갱신,26.07~28.07,82000.0,,사용,,
마포구,11440,상암동,202606,아파트_전월세,상암월드컵파크9단지,상암동,1752,84.98,,65000,0,8,18,2010,신규,26.07~28.07,,,,,
마포구,11440,노고산동,202606,아파트_전월세,신촌포스빌,노고산동,1-3,32.34,,1000,105,10,8,2004,신규,26.06~27.02,,,,,
마포구,11440,서교동,202606,아파트_전월세,대우미래사랑,서교동,487,34.29,,27000,0,3,18,2005,신규,26.08~28.08,,,,,
마포구,11440,신공덕동,202606,아파트_전월세,펜트라우스,신공덕동,172,84.95,,10000,450,11,1,2011,신규,26.07~28.07,,,,,
마포구,11440,성산동,202606,아파트_전월세,성산시영(유원),성산동,446,59.43,,37000,0,1,18,1986,신규,26.09~28.08,,,,,
마포구,11440,도화동,202606,아파트_전월세,현대홈타운,도화동,353,84.95,,65000,0,6,9,2000,신규,26.08~28.08,,,,,
마포구,11440,창전동,202606,아파트_전월세,창전래미안,창전동,437,84.93,,70000,0,11,18,1998,갱신,26.08~28.08,60000.0,,,,
마포구,11440,서교동,202606,아파트_전월세,서교동효성해링턴타워,서교동,494,37.17,,13760,77,5,16,2020,갱신,26.09~28.04,13760.0,73.0,사용,,
마포구,11440,서교동,202606,아파트_전월세,서교동효성해링턴타워,서교동,494,37.17,,13760,76,3,18,2020,갱신,26.09~28.04,13760.0,72.0,사용,,
마포구,11440,도화동,202606,아파트_전월세,우성,도화동,82,128.315,,56000,0,3,10,1991,신규,26.06~28.06,,,,,
마포구,11440,서교동,202606,아파트_전월세,서교동효성해링턴타워,서교동,494,37.17,,12240,81,5,17,2020,신규,26.09~28.04,,,,,
마포구,11440,현석동,202606,아파트_전월세,래미안웰스트림,현석동,225,59.96,,78700,0,9,17,2016,갱신,26.07~28.07,75000.0,,사용,,
마포구,11440,도화동,202606,아파트_전월세,한화오벨리스크,도화동,555,41.32,,2000,170,10,15,2004,신규,26.06~28.06,,,,,
마포구,11440,서교동,202606,아파트_전월세,서교동효성해링턴타워,서교동,494,37.17,,13760,76,3,16,2020,갱신,26.09~28.04,13760.0,72.0,사용,,
마포구,11440,연남동,202606,아파트_전월세,코오롱,연남동,573,84.936,,69000,0,10,18,2003,갱신,26.06~28.06,59000.0,,,,
마포구,11440,마포동,202606,아파트_전월세,보성,마포동,442,84.8,,63000,0,9,17,1996,갱신,26.06~28.06,60000.0,,사용,,
마포구,11440,신수동,202606,아파트_전월세,대원칸타빌,신수동,453,84.873,,85000,0,2,10,2004,신규,26.09~28.09,,,,,
마포구,11440,창전동,202606,아파트_전월세,서강예가,창전동,444,59.983,,15000,250,6,6,2007,신규,26.07~28.07,,,,,
마포구,11440,아현동,202606,아파트_전월세,마포래미안푸르지오3단지,아현동,777,114.588,,135000,0,14,17,2014,신규,26.08~28.08,,,,,
마포구,11440,공덕동,202606,아파트_전월세,공덕2삼성래미안,공덕동,43,114.87,,77000,50,19,17,2004,갱신,26.06~28.06,77000.0,,,,
마포구,11440,도화동,202606,아파트_전월세,삼성,도화동,550,84.985,,90000,0,4,15,1997,신규,26.09~28.09,,,,,
마포구,11440,대흥동,202606,아파트_전월세,마포그랑자이,대흥동,806,59.96,,95000,0,20,17,2020,신규,26.08~28.08,,,,,
마포구,11440,염리동,202606,아파트_전월세,상록임대,염리동,515-1,27.47,,2262,5,1,18,1997,갱신,26.07~28.06,1016.0,11.0,,,
마포구,11440,성산동,202606,아파트_전월세,성산시영(유원),성산동,446,59.43,,40500,0,14,15,1986,갱신,26.06~28.06,39000.0,,,,
마포구,11440,창전동,202606,아파트_전월세,마포웨스트리버태영데시앙,창전동,449,84.482,,81000,0,10,1,2019,갱신,26.06~27.06,65000.0,,,,
마포구,11440,상암동,202606,아파트_전월세,DMC상암센트럴파크1단지,상암동,1630,84.91,,70000,0,5,17,2009,신규,26.08~28.08,,,,,
마포구,11440,대흥동,202606,아파트_전월세,마포그랑자이(임대),대흥동,806,39.99,,14099,67,16,17,2020,갱신,26.07~28.06,16431.0,57.0,,,
마포구,11440,합정동,202606,아파트_전월세,KCC엠파이어리버,합정동,381-16,145.33,,50000,270,14,16,2006,갱신,26.07~27.07,50000.0,250.0,사용,,
마포구,11440,상수동,202606,아파트_전월세,래미안밤섬리베뉴Ⅱ,상수동,398,84.82,,95000,0,1,15,2014,신규,26.09~28.09,,,,,
마포구,11440,성산동,202606,아파트_전월세,성산시영(대우),성산동,446,50.03,,10500,54,13,17,1986,갱신,26.07~28.07,10000.0,47.0,,,
마포구,11440,상암동,202606,아파트_전월세,상암월드컵파크1단지,상암동,1634,49.65,,2160,30,6,17,2003,신규,26.07~28.09,,,,,
마포구,11440,상암동,202606,아파트_전월세,상암월드컵파크4단지,상암동,1655,84.76,,50000,83,10,13,2006,갱신,26.08~28.08,50000.0,70.0,사용,,
마포구,11440,중동,202606,아파트_전월세,울트라월드컵(참누리),중동,398,84.9406,,68250,0,7,13,2006,갱신,26.07~28.07,65000.0,,사용,,
마포구,11440,성산동,202606,아파트_전월세,성산시영(대우),성산동,446,50.03,,30000,0,1,16,1986,신규,26.07~28.07,,,,,
마포구,11440,서교동,202606,아파트_전월세,서교동효성해링턴타워,서교동,494,37.17,,13760,76,3,17,2020,갱신,26.09~28.04,13760.0,72.0,사용,,
마포구,11440,성산동,202606,아파트_전월세,성산시영(선경),성산동,446,50.54,,34650,0,9,13,1986,갱신,26.09~28.09,33000.0,,사용,,
마포구,11440,망원동,202606,아파트_전월세,함성월드빌2차,망원동,511,72.73,,64000,0,6,13,2004,신규,26.06~28.06,,,,,
마포구,11440,상암동,202606,아파트_전월세,DMCVILLE,상암동,1584,117.02,,0,482,9,10,2006,신규,26.06~26.09,,,,,
마포구,11440,아현동,202606,아파트_전월세,마포센트럴 아이파크,아현동,802,84.9668,,40000,210,26,16,2017,신규,26.09~28.09,,,,,
마포구,11440,대흥동,202606,아파트_전월세,마포자이2차,대흥동,804,40.29,,6357,0,15,17,2014,갱신,26.07~28.06,3130.0,18.0,,,
마포구,11440,상암동,202606,아파트_전월세,상암월드컵파크8단지,상암동,1674,49.62,,7320,14,5,16,2008,갱신,26.07~28.06,4285.0,11.0,,,
마포구,11440,염리동,202606,아파트_전월세,염리삼성래미안,염리동,520,59.52,,10000,201,11,15,2001,갱신,26.07~28.07,10000.0,0.0,,,
마포구,11440,공덕동,202606,아파트_전월세,공덕2삼성래미안,공덕동,43,59.97,,70000,0,8,13,2004,신규,26.08~28.08,,,,,
마포구,11440,상암동,202606,아파트_전월세,DMCVILLE,상암동,1584,117.19,,0,482,9,6,2006,신규,26.06~27.06,,,,,
마포구,11440,도화동,202606,아파트_전월세,한화오벨리스크,도화동,555,59,,45000,80,23,16,2004,신규,26.08~28.08,,,,,
마포구,11440,성산동,202606,아파트_전월세,노블에비뉴,성산동,668,31.728,,25800,26,5,15,2015,갱신,26.07~28.02,25800.0,20.0,,,
마포구,11440,노고산동,202606,아파트_전월세,빌리브디에이블,노고산동,129,38.39,,5500,270,15,12,2025,신규,26.06~28.06,,,,,
마포구,11440,상암동,202606,아파트_전월세,DMCVILLE,상암동,1584,49.24,,0,235,10,15,2006,신규,26.06~27.06,,,,,
마포구,11440,염리동,202606,아파트_전월세,상록임대,염리동,515-1,27.47,,1055,12,2,17,1997,신규,26.07~28.09,,,,,
마포구,11440,상암동,202606,아파트_전월세,상암월드컵파크8단지,상암동,1674,49.62,,1928,36,8,16,2008,갱신,26.07~28.06,4124.0,30.0,,,
마포구,11440,신공덕동,202606,아파트_전월세,브라운스톤공덕아파트,신공덕동,170,59.89,,73500,0,23,10,2009,갱신,26.06~28.06,70000.0,,사용,,
마포구,11440,공덕동,202606,아파트_전월세,공덕1삼성래미안,공덕동,371,114.88,,98000,0,6,6,1999,갱신,26.08~28.08,95000.0,,,,
마포구,11440,아현동,202606,아파트_전월세,더클래시,아현동,804,84.94,,120000,0,16,6,2022,신규,26.10~28.10,,,,,
마포구,11440,아현동,202606,아파트_전월세,마포래미안푸르지오1단지,아현동,777,59.9236,,38000,100,12,9,2014,신규,26.08~28.08,,,,,
마포구,11440,망원동,202606,아파트_전월세,참존1차(419-3),망원동,419-3,63.08,,40000,40,6,11,2005,갱신,26.08~28.08,40000.0,30.0,,,
마포구,11440,성산동,202606,아파트_전월세,성산시영(대우),성산동,446,50.03,,2000,140,4,5,1986,신규,26.06~28.06,,,,,
마포구,11440,상암동,202606,아파트_전월세,상암월드컵파크7단지,상암동,1660,84.9,,75000,0,5,16,2005,신규,26.08~28.08,,,,,
마포구,11440,성산동,202606,아파트_전월세,성산시영(선경),성산동,446,50.54,,33600,0,4,16,1986,갱신,26.07~28.07,32000.0,,사용,,
마포구,11440,상암동,202606,아파트_전월세,상암월드컵파크8단지,상암동,1674,49.85,,4285,31,3,16,2008,갱신,26.07~28.06,4124.0,30.0,,,
마포구,11440,성산동,202606,아파트_전월세,성산시영(선경),성산동,446,50.54,,31500,0,9,16,1986,갱신,26.06~28.06,30000.0,,사용,,
마포구,11440,성산동,202606,아파트_전월세,성산시영(선경),성산동,446,50.54,,38000,0,12,16,1986,신규,26.08~28.08,,,,,
마포구,11440,도화동,202606,아파트_전월세,현대홈타운,도화동,353,113.25,,75500,0,12,13,2000,갱신,26.11~28.11,70500.0,,,,
마포구,11440,노고산동,202606,아파트_전월세,신촌다올노블리움,노고산동,1-25,14.47,,1000,105,4,16,2017,신규,26.06~27.06,,,,,
마포구,11440,노고산동,202606,아파트_전월세,빌리브디에이블,노고산동,129,46.92,,92000,0,23,4,2025,신규,26.10~28.10,,,,,
마포구,11440,성산동,202606,아파트_전월세,성산시영(선경),성산동,446,50.54,,28700,0,3,13,1986,갱신,26.07~28.07,27400.0,,,,
마포구,11440,도화동,202606,아파트_전월세,우성,도화동,82,79.97,,40000,100,8,15,1991,갱신,26.08~28.08,40000.0,70.0,사용,,
마포구,11440,대흥동,202606,아파트_전월세,마포그랑자이(임대),대흥동,806,39.99,,18200,70,11,16,2020,신규,26.07~28.09,,,,,
마포구,11440,상암동,202606,아파트_전월세,상암월드컵파크8단지,상암동,1674,49.94,,6299,20,8,16,2008,갱신,26.07~28.06,4124.0,30.0,,,
마포구,11440,공덕동,202606,아파트_전월세,공덕3삼성래미안,공덕동,457,114.98,,100000,0,1,15,2004,갱신,26.06~27.06,90000.0,,,,
마포구,11440,상암동,202606,아파트_전월세,상암월드컵파크8단지,상암동,1674,49.62,,4285,31,10,15,2008,갱신,26.07~28.06,4124.0,30.0,,,
마포구,11440,공덕동,202606,아파트_전월세,롯데캐슬프레지던트,공덕동,467,191.872,,75000,300,13,12,2009,갱신,26.06~28.06,70000.0,300.0,,,
마포구,11440,창전동,202606,아파트_전월세,창전래미안,창전동,437,59.94,,30000,180,13,6,1998,신규,26.10~28.10,,,,,
마포구,11440,성산동,202606,아파트_전월세,성산시영(대우),성산동,446,50.03,,32000,0,4,13,1986,신규,26.08~28.08,,,,,
마포구,11440,서교동,202606,아파트_전월세,서교동효성해링턴타워,서교동,494,37.17,,13760,76,5,16,2020,갱신,26.09~28.04,13760.0,72.0,사용,,
마포구,11440,상암동,202606,아파트_전월세,상암월드컵파크8단지,상암동,1674,49.85,,3967,31,2,15,2008,갱신,26.07~28.06,4124.0,30.0,,,
마포구,11440,대흥동,202606,아파트_전월세,대흥동태영아파트,대흥동,660,59.4,,60000,0,9,8,1999,신규,26.09~28.09,,,,,
마포구,11440,용강동,202606,아파트_전월세,마포용강삼성래미안,용강동,380,59.99,,15000,250,9,15,2003,신규,26.09~28.09,,,,,
마포구,11440,상암동,202606,아파트_전월세,상암월드컵파크10단지,상암동,1736,59.73,,55000,0,5,10,2010,신규,26.09~28.09,,,,,
마포구,11440,성산동,202606,아파트_전월세,성산시영(유원),성산동,446,59.43,,38000,0,5,12,1986,갱신,26.07~28.07,38000.0,,사용,,
마포구,11440,서교동,202606,아파트_전월세,서교동효성해링턴타워,서교동,494,37.17,,12240,81,9,16,2020,신규,26.08~28.04,,,,,
마포구,11440,염리동,202606,아파트_전월세,마포자이더센트리지(101동서울리츠2호임대),염리동,533,34.797,,13526,47,17,16,2022,신규,26.07~28.09,,,,,
마포구,11440,신공덕동,202606,아파트_전월세,브라운스톤공덕아파트,신공덕동,170,59.89,,50000,140,2,6,2009,신규,26.08~28.08,,,,,
마포구,11440,창전동,202606,아파트_전월세,창전래미안,창전동,437,32.76,,1168,15,7,15,1998,갱신,26.07~28.06,1125.0,14.0,,,
마포구,11440,신공덕동,202606,아파트_전월세,공덕프로포즈Ⅱ,신공덕동,15-80,14.03,,13000,20,12,10,2015,신규,26.08~28.08,,,,,
마포구,11440,성산동,202606,아파트_전월세,성산시영(선경),성산동,446,50.54,,33000,0,14,11,1986,신규,26.07~28.07,,,,,
마포구,11440,망원동,202606,아파트_전월세,솔루체2차아파트,망원동,525,48.13,,42000,0,4,15,2022,갱신,26.07~28.07,40000.0,,사용,,
마포구,11440,서교동,202606,아파트_전월세,메세나폴리스,서교동,490,244.676,,350000,0,39,12,2012,신규,26.07~28.07,,,,,
마포구,11440,창전동,202606,아파트_전월세,해모로,창전동,443,83.85,,55000,175,18,15,2007,신규,26.08~28.08,,,,,
마포구,11440,대흥동,202606,아파트_전월세,대흥동태영아파트,대흥동,660,59.4,,63000,0,10,15,1999,갱신,26.07~28.07,60000.0,,사용,,
마포구,11440,상암동,202606,아파트_전월세,상암월드컵파크3단지,상암동,1643,84.94,,68000,0,5,13,2003,신규,26.09~28.09,,,,,
마포구,11440,상암동,202606,아파트_전월세,상암월드컵파크8단지,상암동,1674,49.94,,1985,36,9,15,2008,갱신,26.07~28.06,4124.0,30.0,,,
마포구,11440,성산동,202606,아파트_전월세,성산시영(유원),성산동,446,59.43,,34650,0,9,8,1986,갱신,26.07~28.07,33000.0,,사용,,
마포구,11440,상암동,202606,아파트_전월세,상암월드컵파크5단지,상암동,1658,84.73,,25000,200,12,3,2005,신규,26.08~28.08,,,,,
마포구,11440,공덕동,202606,아파트_전월세,솔리스타,공덕동,30-10,14.29,,1000,60,10,14,2018,신규,26.06~28.06,,,,,
마포구,11440,서교동,202606,아파트_전월세,서교동효성해링턴타워,서교동,494,37.17,,13760,76,22,12,2020,갱신,26.08~28.04,13760.0,72.0,사용,,
마포구,11440,성산동,202606,아파트_전월세,성산시영(선경),성산동,446,50.54,,35000,0,3,14,1986,신규,26.09~28.09,,,,,
마포구,11440,도화동,202606,아파트_전월세,마포동원베네스트,도화동,564,58.65,,63000,0,1,15,2010,갱신,26.08~28.08,58000.0,,,,
마포구,11440,상암동,202606,아파트_전월세,상암월드컵파크7단지,상암동,1660,84.9,,60900,0,5,9,2005,갱신,26.07~28.07,58000.0,,사용,,
마포구,11440,성산동,202606,아파트_전월세,성산시영(대우),성산동,446,50.03,,35000,0,10,13,1986,신규,26.09~28.09,,,,,
마포구,11440,아현동,202606,아파트_전월세,공덕자이,아현동,800,114.99,,40000,330,11,6,2015,신규,26.07~28.07,,,,,
마포구,11440,중동,202606,아파트_전월세,DMC마포청구아파트,중동,390,84.6,,59850,0,11,13,1994,갱신,26.09~28.09,57000.0,,사용,,
마포구,11440,성산동,202606,아파트_전월세,성산시영(유원),성산동,446,59.43,,38000,0,10,13,1986,갱신,26.07~28.07,32400.0,,,,
마포구,11440,상암동,202606,아파트_전월세,상암월드컵파크7단지,상암동,1660,84.9,,60638,0,12,13,2005,신규,26.08~28.08,,,,,
마포구,11440,토정동,202606,아파트_전월세,한강삼성,토정동,138,84.96,,75600,0,7,9,1997,갱신,26.08~28.08,72000.0,,,,
마포구,11440,신정동,202606,아파트_전월세,서강GS,신정동,30,59.98,,53500,0,16,13,1999,갱신,26.07~28.07,51000.0,,사용,,
마포구,11440,성산동,202606,아파트_전월세,노블에비뉴,성산동,668,30.011,,18000,44,4,12,2015,신규,26.07~28.07,,,,,
마포구,11440,공덕동,202606,아파트_전월세,솔리스타,공덕동,30-10,14.29,,1000,56,13,15,2018,신규,26.07~27.01,,,,,
마포구,11440,상암동,202606,아파트_전월세,상암월드컵파크8단지,상암동,1674,49.94,,1928,36,9,15,2008,갱신,26.07~28.06,4124.0,30.0,,,
마포구,11440,염리동,202606,아파트_전월세,마포프레스티지자이,염리동,532,59.7848,,86000,0,2,12,2021,갱신,26.07~28.07,82000.0,,사용,,
마포구,11440,신공덕동,202606,아파트_전월세,대우월드마크마포,신공덕동,173,113.24,,129000,0,15,13,2011,신규,26.09~28.09,,,,,
마포구,11440,공덕동,202606,아파트_전월세,공덕2삼성래미안,공덕동,43,59.97,,10000,260,6,12,2004,신규,26.08~28.08,,,,,
마포구,11440,상암동,202606,아파트_전월세,상암월드컵파크8단지,상암동,1674,49.85,,1928,36,1,15,2008,갱신,26.07~28.06,4124.0,30.0,,,
마포구,11440,용강동,202606,아파트_전월세,래미안마포리버웰,용강동,502,84.98,,120000,0,1,12,2015,신규,26.07~28.07,,,,,
마포구,11440,신공덕동,202606,아파트_전월세,공덕아이파크,신공덕동,174,59.98,,70200,0,4,13,2013,갱신,26.08~28.08,66900.0,,사용,,
마포구,11440,서교동,202606,아파트_전월세,대우미래사랑,서교동,487,34.29,,2000,90,2,9,2005,신규,26.07~28.07,,,,,
마포구,11440,도화동,202606,아파트_전월세,현대홈타운,도화동,353,84.95,,35000,0,12,8,2000,신규,26.08~28.08,,,,,
마포구,11440,용강동,202606,아파트_전월세,이편한세상마포리버파크,용강동,508,84.98,,120000,0,16,12,2016,신규,26.07~28.07,,,,,
마포구,11440,아현동,202606,아파트_전월세,마포래미안푸르지오1단지,아현동,777,84.5978,,65000,71,16,13,2014,갱신,26.08~28.08,65000.0,56.0,,,
마포구,11440,상암동,202606,아파트_전월세,상암월드컵파크4단지,상암동,1655,84.66,,80000,0,16,13,2006,신규,26.09~28.09,,,,,
마포구,11440,염리동,202606,아파트_전월세,염리삼성래미안,염리동,520,114.48,,37800,130,11,15,2001,갱신,26.08~28.08,22800.0,130.0,,,
마포구,11440,상암동,202606,아파트_전월세,상암월드컵파크5단지,상암동,1658,84.67,,69450,0,13,13,2005,갱신,26.08~28.08,66150.0,,,,
마포구,11440,도화동,202606,아파트_전월세,현대홈타운,도화동,353,113.25,,62000,12,15,12,2000,갱신,26.08~28.08,62000.0,,사용,,
마포구,11440,아현동,202606,아파트_전월세,마포래미안푸르지오4단지,아현동,777,84.5978,,79000,0,16,13,2014,갱신,26.10~28.10,76000.0,,,,
마포구,11440,상암동,202606,아파트_전월세,상암월드컵파크8단지,상암동,1674,49.62,,7320,14,13,15,2008,갱신,26.07~28.06,4124.0,30.0,,,
마포구,11440,창전동,202606,아파트_전월세,마포웨스트리버태영데시앙,창전동,449,74.784,,89000,0,15,13,2019,신규,26.08~28.08,,,,,
마포구,11440,상암동,202606,아파트_전월세,상암월드컵파크2단지,상암동,1637,59.92,,35000,80,13,2,2003,갱신,26.07~28.07,35000.0,70.0,사용,,
마포구,11440,성산동,202606,아파트_전월세,성산시영(대우),성산동,446,50.03,,2000,85,8,10,1986,신규,26.06~28.06,,,,,
마포구,11440,신정동,202606,아파트_전월세,서강GS,신정동,30,59.98,,20000,200,6,9,1999,신규,26.07~28.06,,,,,
마포구,11440,창전동,202606,아파트_전월세,서강예가,창전동,444,59.983,,51000,80,5,6,2007,갱신,26.09~28.09,56000.0,,,,
마포구,11440,아현동,202606,아파트_전월세,더클래시,아현동,804,43.27,,60000,0,11,12,2022,신규,26.07~28.07,,,,,
마포구,11440,아현동,202606,아파트_전월세,마포래미안푸르지오1단지,아현동,777,59.9452,,30000,240,14,12,2014,갱신,26.08~28.08,30000.0,195.0,,,
마포구,11440,도화동,202606,아파트_전월세,삼성,도화동,550,84.985,,75000,30,3,4,1997,갱신,26.06~26.12,75000.0,,,,
마포구,11440,염리동,202606,아파트_전월세,마포자이더센트리지(101동서울리츠2호임대),염리동,533,34.797,,13526,47,15,12,2022,신규,26.07~28.09,,,,,
마포구,11440,현석동,202606,아파트_전월세,밤섬예가클래식,현석동,118,85.48,,87000,0,8,8,1989,갱신,26.06~28.06,81000.0,,,,
마포구,11440,성산동,202606,아파트_전월세,성산시영(대우),성산동,446,50.03,,18900,25,11,12,1986,갱신,26.06~28.06,18900.0,25.0,사용,,
마포구,11440,성산동,202606,아파트_전월세,성산시영(대우),성산동,446,50.03,,10000,90,9,11,1986,신규,26.08~28.08,,,,,
마포구,11440,창전동,202606,아파트_전월세,이랜드PEER신촌,창전동,450,17.296,,5337,28,2,12,2021,갱신,26.07~28.07,5337.0,26.0,,,
마포구,11440,도화동,202606,아파트_전월세,한화오벨리스크,도화동,555,38.08,,35000,30,7,11,2004,신규,26.08~28.08,,,,,
마포구,11440,신수동,202606,아파트_전월세,신촌삼익,신수동,450,59.97,,5000,250,14,12,1997,신규,26.07~28.07,,,,,
마포구,11440,서교동,202606,아파트_전월세,메세나폴리스,서교동,490,142.034,,90000,400,16,8,2012,신규,26.08~28.08,,,,,
마포구,11440,대흥동,202606,아파트_전월세,마포자이2차,대흥동,804,40.29,,4299,11,15,12,2014,갱신,26.07~28.06,3013.0,17.0,,,
마포구,11440,대흥동,202606,아파트_전월세,대흥동태영아파트,대흥동,660,59.4,,65000,0,11,11,1999,신규,26.10~28.10,,,,,
마포구,11440,노고산동,202606,아파트_전월세,에피소드신촌캠퍼스,노고산동,128,33.03,,2000,440,6,3,2025,신규,26.06~27.06,,,,,
마포구,11440,신공덕동,202606,아파트_전월세,펜트라우스,신공덕동,172,103.04,,106000,0,7,11,2011,갱신,26.08~28.08,101000.0,,사용,,
마포구,11440,도화동,202606,아파트_전월세,도화동현대,도화동,357,128.26,,75000,0,1,12,1996,갱신,26.07~28.07,70000.0,,,,
마포구,11440,서교동,202606,아파트_전월세,서교동효성해링턴타워,서교동,494,37.17,,13760,78,4,11,2020,갱신,26.09~28.04,13760.0,74.0,사용,,
마포구,11440,대흥동,202606,아파트_전월세,대흥동태영아파트,대흥동,660,59.4,,20000,180,6,11,1999,신규,26.09~28.09,,,,,
마포구,11440,서교동,202606,아파트_전월세,서교동효성해링턴타워,서교동,494,37.17,,13760,76,3,11,2020,갱신,26.09~28.04,13760.0,72.0,사용,,
마포구,11440,아현동,202606,아파트_전월세,마포래미안푸르지오3단지,아현동,777,36.9796,,3370,17,1,12,2014,갱신,26.07~28.06,3244.0,17.0,,,
마포구,11440,도화동,202606,아파트_전월세,마포동원베네스트,도화동,564,58.65,,25000,165,12,2,2010,신규,26.07~28.07,,,,,
마포구,11440,신수동,202606,아파트_전월세,신촌삼익,신수동,450,59.85,,40000,100,7,6,1997,신규,26.08~28.08,,,,,
마포구,11440,성산동,202606,아파트_전월세,성산2차e-편한세상,성산동,604,84.95,,10000,210,7,4,2005,갱신,26.07~28.07,10000.0,200.0,사용,,
마포구,11440,성산동,202606,아파트_전월세,성산시영(선경),성산동,446,50.54,,33000,0,14,11,1986,신규,26.07~28.07,,,,,
마포구,11440,아현동,202606,아파트_전월세,더클래시,아현동,804,43.64,,12540,48,12,10,2022,신규,26.07~28.09,,,,,
마포구,11440,대흥동,202606,아파트_전월세,마포자이2차,대흥동,804,40.29,,3130,18,18,11,2014,갱신,26.07~28.06,3013.0,17.0,,,
마포구,11440,대흥동,202606,아파트_전월세,대흥동태영아파트,대흥동,660,59.4,,20000,180,6,11,1999,신규,26.09~28.09,,,,,
마포구,11440,신정동,202606,아파트_전월세,서강GS,신정동,30,59.98,,40000,60,5,11,1999,신규,26.07~28.07,,,,,
마포구,11440,망원동,202606,아파트_전월세,마포한강아이파크,망원동,521,84.5533,,100000,0,2,8,2019,신규,26.09~28.09,,,,,
마포구,11440,아현동,202606,아파트_전월세,더클래시,아현동,804,43.27,,12540,48,1,11,2022,신규,26.07~28.09,,,,,
마포구,11440,중동,202606,아파트_전월세,DMC마포청구아파트,중동,390,84.9,,65000,0,15,11,1994,신규,26.09~28.09,,,,,
마포구,11440,성산동,202606,아파트_전월세,성산시영(대우),성산동,446,50.03,,0,70,1,10,1986,신규,26.06~26.09,,,,,
마포구,11440,상암동,202606,아파트_전월세,상암월드컵파크2단지,상암동,1637,59.84,,60000,0,4,11,2003,신규,26.07~28.07,,,,,
마포구,11440,신정동,202606,아파트_전월세,서강GS,신정동,30,59.98,,20000,200,6,9,1999,신규,26.07~28.06,,,,,
마포구,11440,대흥동,202606,아파트_전월세,마포그랑자이(임대),대흥동,806,39.99,,18200,70,8,11,2020,신규,26.07~28.09,,,,,
마포구,11440,도화동,202606,아파트_전월세,우성,도화동,82,79.97,,65000,0,10,11,1991,신규,26.07~28.07,,,,,
마포구,11440,동교동,202606,아파트_전월세,광남벨라스2동,동교동,200-4,84.42,,50000,64,5,10,2003,갱신,26.07~26.11,45000.0,64.0,,,
마포구,11440,아현동,202606,아파트_전월세,공덕자이,아현동,800,84.99,,105000,0,9,6,2015,신규,26.09~28.09,,,,,
마포구,11440,성산동,202606,아파트_전월세,성산시영(대우),성산동,446,50.03,,10000,59,11,10,1986,갱신,26.07~28.07,10000.0,55.0,사용,,
마포구,11440,도화동,202606,아파트_전월세,현대홈타운,도화동,353,59.17,,48000,0,5,6,2000,갱신,26.08~28.08,48000.0,,사용,,
마포구,11440,창전동,202606,아파트_전월세,이랜드PEER신촌,창전동,450,17.296,,5337,28,13,11,2021,갱신,26.07~28.07,5337.0,26.0,,,
마포구,11440,상암동,202606,아파트_전월세,상암월드컵파크10단지,상암동,1736,59.69,,17549,0,3,10,2010,갱신,26.07~28.06,16714.0,,,,
마포구,11440,상암동,202606,아파트_전월세,상암월드컵파크9단지,상암동,1752,114.72,,56700,0,9,10,2010,갱신,26.07~28.06,54000.0,,,,
마포구,11440,서교동,202606,아파트_전월세,대우미래사랑,서교동,487,34.29,,1000,88,9,5,2005,갱신,26.08~28.08,1000.0,84.0,사용,,
마포구,11440,아현동,202606,아파트_전월세,마포래미안푸르지오4단지,아현동,777,84.5978,,80000,70,6,10,2014,갱신,26.09~27.11,80000.0,70.0,사용,,
마포구,11440,서교동,202606,아파트_전월세,서교동효성해링턴타워,서교동,494,37.17,,8536,28,4,8,2020,신규,26.06~28.07,,,,,
마포구,11440,서교동,202606,아파트_전월세,서교동효성해링턴타워,서교동,494,37.17,,13760,75,11,8,2020,갱신,26.07~28.04,13760.0,71.0,사용,,
마포구,11440,서교동,202606,아파트_전월세,서교동효성해링턴타워,서교동,494,37.17,,13760,76,15,10,2020,갱신,26.09~28.04,13760.0,72.0,사용,,
마포구,11440,서교동,202606,아파트_전월세,서교동효성해링턴타워,서교동,494,37.17,,13760,75,5,9,2020,갱신,26.09~28.04,13760.0,71.0,사용,,
마포구,11440,서교동,202606,아파트_전월세,서교동효성해링턴타워,서교동,494,37.17,,4268,36,15,9,2020,신규,26.06~28.07,,,,,
마포구,11440,용강동,202606,아파트_전월세,래미안마포리버웰,용강동,502,59.99,,10000,360,11,10,2015,신규,26.07~28.07,,,,,
마포구,11440,서교동,202606,아파트_전월세,서교동효성해링턴타워,서교동,494,37.17,,13760,76,11,9,2020,갱신,26.09~28.09,13760.0,72.0,사용,,
마포구,11440,창전동,202606,아파트_전월세,이랜드PEER신촌,창전동,450,17.296,,5337,27,5,10,2021,갱신,26.07~28.07,5337.0,25.0,,,
마포구,11440,창전동,202606,아파트_전월세,창전래미안,창전동,437,32.76,,1168,15,5,10,1998,신규,26.06~28.08,,,,,
마포구,11440,서교동,202606,아파트_전월세,서교동효성해링턴타워,서교동,494,17.93,,5350,43,12,4,2020,신규,26.06~28.04,,,,,
마포구,11440,염리동,202606,아파트_전월세,상록,염리동,515-1,57.88,,50000,0,13,10,1997,신규,26.06~27.07,,,,,
마포구,11440,신정동,202606,아파트_전월세,서강GS,신정동,30,59.98,,20000,200,6,9,1999,신규,26.07~28.06,,,,,
마포구,11440,상암동,202606,아파트_전월세,상암월드컵파크9단지,상암동,1752,59.73,,16664,0,6,10,2010,갱신,26.07~28.06,15871.0,,,,
마포구,11440,합정동,202606,아파트_전월세,마포한강푸르지오,합정동,472,84.64,,30000,360,5,4,2015,신규,26.09~28.09,,,,,
마포구,11440,성산동,202606,아파트_전월세,성산시영(유원),성산동,446,59.43,,10000,85,3,10,1986,갱신,26.07~28.07,10000.0,70.0,,,
마포구,11440,상암동,202606,아파트_전월세,상암월드컵파크9단지,상암동,1752,84.89,,40813,0,5,10,2010,갱신,26.07~28.06,38870.0,,,,
마포구,11440,아현동,202606,아파트_전월세,더클래시,아현동,804,43.64,,10000,260,7,5,2022,신규,26.06~28.06,,,,,
마포구,11440,중동,202606,아파트_전월세,현대,중동,40-12,84.94,,54600,0,19,4,2000,갱신,26.06~28.06,52000.0,,사용,,
마포구,11440,성산동,202606,아파트_전월세,성산시영(유원),성산동,446,59.43,,36250,0,6,2,1986,갱신,26.06~28.06,35750.0,,,,
마포구,11440,성산동,202606,아파트_전월세,성산월드타운대림,성산동,601,110.638,,72400,0,20,10,2004,갱신,26.07~28.07,69000.0,,사용,,
마포구,11440,대흥동,202606,아파트_전월세,대흥동태영아파트,대흥동,660,114.93,,90000,80,17,1,1999,신규,26.09~28.09,,,,,
마포구,11440,성산동,202606,아파트_전월세,성산시영(선경),성산동,446,50.54,,35000,0,10,10,1986,신규,26.08~28.08,,,,,
마포구,11440,성산동,202606,아파트_전월세,성산시영(유원),성산동,446,59.43,,35700,0,12,8,1986,갱신,26.07~28.07,34000.0,,사용,,
마포구,11440,아현동,202606,아파트_전월세,세민하이파크,아현동,331-7,14.05,,1000,140,7,8,2022,신규,26.06~27.06,,,,,
마포구,11440,아현동,202606,아파트_전월세,더클래시,아현동,804,59.5,,15000,300,13,9,2022,신규,26.08~28.08,,,,,
마포구,11440,중동,202606,아파트_전월세,현대,중동,40-12,59.54,,50400,0,17,9,2000,갱신,26.08~28.08,48000.0,,사용,,
마포구,11440,망원동,202606,아파트_전월세,탑건진선미,망원동,506,84.95,,65000,0,2,10,2004,신규,26.11~28.11,,,,,
마포구,11440,대흥동,202606,아파트_전월세,대흥동태영아파트,대흥동,660,84.77,,60000,160,4,9,1999,신규,26.08~28.08,,,,,
마포구,11440,성산동,202606,아파트_전월세,노블에비뉴,성산동,668,31.728,,21000,47,2,9,2015,갱신,26.07~28.05,19000.0,54.0,,,
마포구,11440,신정동,202606,아파트_전월세,서강GS,신정동,30,59.98,,20000,200,6,9,1999,신규,26.07~28.06,,,,,
마포구,11440,용강동,202606,아파트_전월세,래미안마포리버웰,용강동,502,84.97,,76650,168,12,5,2015,갱신,26.08~28.08,73000.0,160.0,사용,,
마포구,11440,망원동,202606,아파트_전월세,대림2,망원동,497,84.73,,20000,230,11,8,2002,신규,26.07~28.07,,,,,
마포구,11440,대흥동,202606,아파트_전월세,마포자이2차,대흥동,804,40.29,,3130,18,17,9,2014,갱신,26.07~28.06,3013.0,17.0,,,
마포구,11440,염리동,202606,아파트_전월세,마포자이더센트리지(102동~112동),염리동,533,84.866,,10000,370,7,5,2022,갱신,26.07~28.07,10000.0,360.0,,,
마포구,11440,마포동,202606,아파트_전월세,강변한신코아,마포동,350,83.16,,50000,0,8,6,1992,신규,26.07~28.07,,,,,
마포구,11440,도화동,202606,아파트_전월세,현대홈타운,도화동,353,84.95,,64050,0,3,8,2000,갱신,26.08~28.08,61000.0,,사용,,
마포구,11440,아현동,202606,아파트_전월세,더클래시,아현동,804,59.97,,93000,0,5,4,2022,신규,26.10~28.10,,,,,
마포구,11440,상암동,202606,아파트_전월세,상암월드컵파크11단지,상암동,1741,84.89,,2000,300,2,8,2010,갱신,26.07~27.06,2000.0,204.0,,,
마포구,11440,상암동,202606,아파트_전월세,상암월드컵파크11단지,상암동,1741,84.89,,29719,0,13,9,2010,갱신,26.07~28.06,25097.0,,,,
마포구,11440,아현동,202606,아파트_전월세,더클래시,아현동,804,59.97,,70000,90,15,6,2022,신규,26.08~28.08,,,,,
마포구,11440,용강동,202606,아파트_전월세,마포용강삼성래미안,용강동,380,84.2,,90000,50,9,8,2003,신규,26.06~28.06,,,,,
마포구,11440,망원동,202606,아파트_전월세,대림2,망원동,497,84.73,,20000,230,11,8,2002,신규,26.07~28.07,,,,,
마포구,11440,용강동,202606,아파트_전월세,대림2차,용강동,501,59.25,,61900,0,15,2,2004,갱신,26.06~28.06,59000.0,,사용,,
마포구,11440,염리동,202606,아파트_전월세,마포프레스티지자이,염리동,532,59.7848,,95000,0,18,3,2021,갱신,26.08~28.08,89000.0,,,,
마포구,11440,신공덕동,202606,아파트_전월세,블레스하임,신공덕동,13-15,23.89,,30000,25,7,8,2019,신규,26.07~28.07,,,,,
마포구,11440,서교동,202606,아파트_전월세,서교동효성해링턴타워,서교동,494,37.17,,13760,76,9,8,2020,신규,26.07~28.04,,,,,
마포구,11440,상암동,202606,아파트_전월세,상암월드컵파크6단지,상암동,1689,104.32,,10000,295,4,8,2005,갱신,26.08~28.08,10000.0,280.0,사용,,
마포구,11440,공덕동,202606,아파트_전월세,공덕파크자이,공덕동,476,84.9541,,109200,0,9,8,2015,갱신,26.06~28.06,104000.0,,사용,,
마포구,11440,망원동,202606,아파트_전월세,마포한강아이파크,망원동,521,59.3883,,80000,0,3,6,2019,신규,26.07~28.07,,,,,
마포구,11440,마포동,202606,아파트_전월세,강변한신코아,마포동,350,51.48,,28000,0,3,3,1992,갱신,26.07~28.07,27000.0,,,,
마포구,11440,아현동,202606,아파트_전월세,마포래미안푸르지오4단지,아현동,777,84.5978,,100000,0,24,6,2014,신규,26.07~28.06,,,,,
마포구,11440,서교동,202606,아파트_전월세,서교동효성해링턴타워,서교동,494,17.93,,4115,13,13,8,2020,신규,26.06~28.07,,,,,
마포구,11440,상암동,202606,아파트_전월세,상암월드컵파크2단지,상암동,1637,59.92,,65000,0,20,6,2003,신규,26.07~28.07,,,,,
마포구,11440,상암동,202606,아파트_전월세,상암월드컵파크4단지,상암동,1655,84.7,,71900,0,11,5,2006,갱신,26.08~28.08,68500.0,,사용,,
마포구,11440,성산동,202606,아파트_전월세,블룸에비뉴,성산동,669,30.922,,19000,56,5,7,2016,갱신,26.07~28.07,19000.0,50.0,,,
마포구,11440,중동,202606,아파트_전월세,DMC마포청구아파트,중동,390,84.9,,40000,70,1,8,1994,갱신,26.07~28.07,40000.0,55.0,,,
마포구,11440,현석동,202606,아파트_전월세,래미안웰스트림,현석동,225,84.9,,65000,170,19,5,2016,갱신,26.06~28.06,65000.0,150.0,사용,,
마포구,11440,아현동,202606,아파트_전월세,마포푸르지오더센트럴,아현동,275-2,30.28,,5000,200,17,6,2023,신규,26.06~28.06,,,,,
마포구,11440,연남동,202606,아파트_전월세,코오롱,연남동,573,59.76,,5000,220,8,6,2003,신규,26.08~28.08,,,,,
마포구,11440,대흥동,202606,아파트_전월세,서희스타힐스,대흥동,12-41,33.76,,2000,140,4,1,2014,신규,26.06~28.06,,,,,
마포구,11440,염리동,202606,아파트_전월세,마포자이더센트리지(102동~112동),염리동,533,59.99,,73500,0,5,6,2022,신규,26.08~28.08,,,,,
마포구,11440,도화동,202606,아파트_전월세,한화오벨리스크,도화동,555,59,,64000,0,13,3,2004,갱신,26.07~28.07,62000.0,,,,
마포구,11440,아현동,202606,아파트_전월세,더클래시,아현동,804,84.98,,125000,0,17,1,2022,신규,26.09~28.09,,,,,
마포구,11440,공덕동,202606,아파트_전월세,래미안공덕5차,공덕동,469,39.979,,3718,28,11,8,2011,신규,26.06~28.08,,,,,
마포구,11440,도화동,202606,아파트_전월세,도화현대,도화동,547,59.4,,50400,0,8,6,1998,갱신,26.06~28.06,48000.0,,사용,,
마포구,11440,상암동,202606,아파트_전월세,상암월드컵파크9단지,상암동,1752,84.89,,2000,330,6,5,2010,신규,26.08~27.08,,,,,
마포구,11440,창전동,202606,아파트_전월세,이랜드PEER신촌,창전동,450,29.5193,,6365,50,12,5,2021,신규,26.07~28.07,,,,,
마포구,11440,공덕동,202606,아파트_전월세,공덕SK리더스뷰,공덕동,479,97.8,,130000,0,13,5,2021,신규,26.10~27.10,,,,,
마포구,11440,토정동,202606,아파트_전월세,한강삼성,토정동,138,84.96,,85000,0,26,3,1997,신규,26.08~28.08,,,,,
마포구,11440,염리동,202606,아파트_전월세,마포프레스티지자이,염리동,532,59.7848,,89500,0,20,4,2021,갱신,26.08~28.08,85500.0,,사용,,
마포구,11440,상암동,202606,아파트_전월세,상암월드컵파크4단지,상암동,1655,84.81,,5000,320,25,5,2006,신규,26.06~27.06,,,,,
마포구,11440,성산동,202606,아파트_전월세,성산시영(유원),성산동,446,59.43,,39000,0,9,1,1986,신규,26.07~28.07,,,,,
마포구,11440,서교동,202606,아파트_전월세,대우미래사랑,서교동,487,68.03,,46000,9,6,5,2005,갱신,26.08~28.08,46000.0,,사용,,
마포구,11440,성산동,202606,아파트_전월세,성산시영(유원),성산동,446,59.43,,39500,0,3,1,1986,신규,26.06~28.06,,,,,
마포구,11440,서교동,202606,아파트_전월세,서교동효성해링턴타워,서교동,494,37.17,,13760,76,8,2,2020,갱신,26.08~28.04,13760.0,72.0,사용,,
마포구,11440,공덕동,202606,아파트_전월세,공덕2삼성래미안,공덕동,43,84.94,,85000,0,6,5,2004,갱신,26.09~28.09,68000.0,,,,
마포구,11440,서교동,202606,아파트_전월세,서교동효성해링턴타워,서교동,494,37.17,,10700,87,15,2,2020,갱신,26.08~28.04,10700.0,83.0,사용,,
마포구,11440,신공덕동,202606,아파트_전월세,kcc웰츠,신공덕동,171,118.31,,5000,600,21,3,2011,신규,26.08~28.08,,,,,
마포구,11440,상암동,202606,아파트_전월세,상암월드컵파크11단지,상암동,1741,84.89,,40813,0,5,4,2010,갱신,26.07~28.06,38870.0,,,,
마포구,11440,염리동,202606,아파트_전월세,마포자이더센트리지(102동~112동),염리동,533,59.99,,79800,0,2,2,2022,갱신,26.07~28.07,76000.0,,사용,,
마포구,11440,상암동,202606,아파트_전월세,상암월드컵파크5단지,상암동,1658,84.73,,10000,270,12,1,2005,신규,26.07~28.07,,,,,
마포구,11440,아현동,202606,아파트_전월세,삼환나띠르빌,아현동,732,84.9,,73500,0,6,4,2003,갱신,26.09~28.09,70000.0,,사용,,
마포구,11440,대흥동,202606,아파트_전월세,마포그랑자이,대흥동,806,84.98,,95500,0,4,4,2020,갱신,26.06~26.11,93000.0,,사용,,
마포구,11440,상암동,202606,아파트_전월세,상암월드컵파크2단지,상암동,1637,59.84,,5000,220,13,4,2003,갱신,26.06~27.06,5000.0,180.0,,,
마포구,11440,중동,202606,아파트_전월세,DMC마포청구아파트,중동,390,84.9,,54600,0,11,4,1994,갱신,26.07~28.07,52000.0,,사용,,
마포구,11440,공덕동,202606,아파트_전월세,래미안공덕4차,공덕동,464,59.9,,75000,0,7,4,2005,갱신,26.07~28.07,69000.0,,,,
마포구,11440,도화동,202606,아파트_전월세,한화오벨리스크,도화동,555,85,,30000,150,23,3,2004,갱신,26.08~28.08,3000.0,250.0,,,
마포구,11440,성산동,202606,아파트_전월세,성산시영(유원),성산동,446,59.43,,3000,120,4,1,1986,신규,26.06~28.05,,,,,
마포구,11440,성산동,202606,아파트_전월세,성산시영(유원),성산동,446,59.43,,29400,0,13,3,1986,신규,26.08~28.08,,,,,
마포구,11440,토정동,202606,아파트_전월세,한강삼성,토정동,138,59.76,,68000,0,19,3,1997,신규,26.07~28.07,,,,,
마포구,11440,성산동,202606,아파트_전월세,성사1차풍림아파트101동,성산동,600,59.85,,44100,0,11,2,2000,갱신,26.06~28.06,42000.0,,사용,,
마포구,11440,성산동,202606,아파트_전월세,성산시영(대우),성산동,446,50.03,,32550,0,3,3,1986,갱신,26.08~28.08,31000.0,,사용,,
마포구,11440,성산동,202606,아파트_전월세,노블에비뉴,성산동,668,30.011,,16500,42,5,2,2015,신규,26.07~28.07,,,,,
마포구,11440,공덕동,202606,아파트_전월세,래미안공덕5차,공덕동,469,59.959,,45000,160,2,3,2011,신규,26.08~28.08,,,,,
마포구,11440,대흥동,202606,아파트_전월세,마포그랑자이,대흥동,806,59.96,,90000,0,20,2,2020,신규,26.06~28.06,,,,,
마포구,11440,창전동,202606,아파트_전월세,중앙하이츠104동,창전동,42-10,47.01,,34000,0,4,2,2007,신규,26.08~28.08,,,,,
마포구,11440,성산동,202606,아파트_전월세,성산시영(선경),성산동,446,50.54,,17000,30,9,1,1986,갱신,26.06~28.06,10000.0,50.0,,,
마포구,11440,도화동,202606,아파트_전월세,현대홈타운,도화동,353,113.25,,25000,200,19,2,2000,신규,26.09~28.09,,,,,
마포구,11440,성산동,202606,아파트_전월세,노블에비뉴,성산동,668,30.011,,16500,42,5,2,2015,신규,26.07~28.07,,,,,
마포구,11440,아현동,202606,아파트_전월세,공덕자이,아현동,800,84.99,,15000,375,16,2,2015,신규,26.08~28.08,,,,,
마포구,11440,대흥동,202606,아파트_전월세,마포그랑자이,대흥동,806,84.98,,10000,440,5,2,2020,신규,26.07~27.07,,,,,
마포구,11440,성산동,202606,아파트_전월세,성산시영(선경),성산동,446,50.54,,22000,0,11,2,1986,갱신,26.06~28.06,22000.0,,,,
마포구,11440,상암동,202606,아파트_전월세,상암월드컵파크1단지,상암동,1634,39.66,,4500,11,14,1,2003,갱신,26.07~28.06,1727.0,25.0,,,
마포구,11440,염리동,202606,아파트_전월세,마포프레스티지자이,염리동,532,84.8079,,125000,0,19,1,2021,갱신,26.06~28.06,105000.0,,,,
마포구,11440,성산동,202606,아파트_전월세,성산월드타운대림,성산동,601,84.689,,56700,0,8,1,2004,갱신,26.07~28.07,54000.0,,사용,,
마포구,11440,상암동,202606,아파트_전월세,상암월드컵파크12단지,상암동,1743,49.71,,5434,34,2,1,2010,갱신,26.06~28.05,5230.0,33.0,,,
마포구,11440,서교동,202606,아파트_전월세,서교동효성해링턴타워,서교동,494,17.93,,2172,11,20,1,2020,갱신,26.06~28.05,2668.0,9.0,,,
마포구,11440,서교동,202606,아파트_전월세,서교동효성해링턴타워,서교동,494,37.17,,3510,5,6,1,2020,갱신,26.06~28.05,2618.0,9.0,,,
마포구,11440,하중동,202606,아파트_전월세,한강밤섬자이,하중동,101,138.08,,110250,63,3,1,2010,갱신,26.06~28.06,105000.0,60.0,사용,,
마포구,11440,서교동,202606,아파트_전월세,서교동효성해링턴타워,서교동,494,37.17,,3060,118,10,1,2020,갱신,26.09~28.04,3060.0,114.0,사용,,
마포구,11440,아현동,202606,오피스텔_매매,효성인텔리안,아현동,733,21.9,10000,,,20,24,2005,,,,,,중개거래,
마포구,11440,도화동,202606,오피스텔_매매,마포 한화 오벨리스크,도화동,555,33.93,46000,,,36,26,2004,,,,,,중개거래,
마포구,11440,공덕동,202606,오피스텔_매매,마포 신영 지웰,공덕동,461,26.29,23000,,,10,29,2004,,,,,,중개거래,
마포구,11440,합정동,202606,오피스텔_매매,마포 한강 2차 푸르지오,합정동,473,23.08,29000,,,13,29,2016,,,,,,중개거래,
마포구,11440,도화동,202606,오피스텔_매매,마포트라팰리스,도화동,559,80.3,113000,,,9,10,2006,,,,,,중개거래,
마포구,11440,상암동,202606,오피스텔_매매,"상암DMC푸르지오시티, S-City",상암동,1596,18.4,15500,,,11,29,2017,,,,,,중개거래,
마포구,11440,신공덕동,202606,오피스텔_매매,블루마리오피스텔,신공덕동,3-3,17.73,15400,,,14,20,2017,,,,,,중개거래,
마포구,11440,합정동,202606,오피스텔_매매,마포 한강 2차 푸르지오,합정동,473,25.7,36700,,,27,13,2016,,,,,,중개거래,
마포구,11440,성산동,202606,오피스텔_매매,벽산상암스마트큐브,성산동,593-1,26,22000,,,4,30,2017,,,,,,중개거래,
마포구,11440,도화동,202606,오피스텔_매매,마포트라팰리스,도화동,559,73.72,101000,,,20,5,2006,,,,,,중개거래,
마포구,11440,상암동,202606,오피스텔_매매,상암 한화 오벨리스크,상암동,1734,19.93,9500,,,10,29,2013,,,,,,중개거래,
마포구,11440,상암동,202606,오피스텔_매매,상암 한화 오벨리스크,상암동,1734,19.93,9500,,,8,29,2013,,,,,,중개거래,
마포구,11440,공덕동,202606,오피스텔_매매,공덕푸르지오시티,공덕동,475,31.121,28500,,,10,30,2013,,,,,,중개거래,
마포구,11440,공덕동,202606,오피스텔_매매,공덕푸르지오시티,공덕동,475,32.071,27500,,,17,20,2013,,,,,,중개거래,
마포구,11440,합정동,202606,오피스텔_매매,마포 한강 2차 푸르지오,합정동,473,23.08,29500,,,24,23,2016,,,,,,중개거래,
마포구,11440,서교동,202606,오피스텔_매매,엠제이더퍼스트홍대,서교동,371-7,18.23,25500,,,13,22,2018,,,,,,중개거래,
마포구,11440,성산동,202606,오피스텔_매매,마포클레세,성산동,592-8,39.46,38000,,,7,20,2022,,,,,,중개거래,
마포구,11440,상수동,202606,오피스텔_매매,세방글로벌시티,상수동,157-1,29.89,20000,,,8,29,2005,,,,,,중개거래,
마포구,11440,도화동,202606,오피스텔_매매,마포 한화 오벨리스크,도화동,555,27.56,27900,,,8,30,2004,,,,,,중개거래,
마포구,11440,도화동,202606,오피스텔_매매,에스케이허브그린,도화동,556,27.79,21200,,,21,15,2005,,,,,,중개거래,
마포구,11440,공덕동,202606,오피스텔_매매,백상프로포즈오피스텔,공덕동,26-7,46.88,31000,,,8,28,2012,,,,,,중개거래,
마포구,11440,상암동,202606,오피스텔_매매,상암 한화 오벨리스크,상암동,1734,24.22,10500,,,6,19,2013,,,,,,중개거래,
마포구,11440,도화동,202606,오피스텔_매매,에스케이허브그린,도화동,556,38.51,32500,,,11,9,2005,,,,,,중개거래,
마포구,11440,신공덕동,202606,오피스텔_매매,갑을명가시티2,신공덕동,1-48,16.76,12500,,,5,21,,,,,,,중개거래,
마포구,11440,동교동,202606,오피스텔_매매,LG팰리스빌딩,동교동,165-8,43.58,22500,,,15,22,1999,,,,,,중개거래,
마포구,11440,상암동,202606,오피스텔_매매,"상암DMC푸르지오시티, S-City",상암동,1596,33.83,35000,,,8,17,2017,,,,,,중개거래,
마포구,11440,동교동,202606,오피스텔_매매,LG팰리스빌딩,동교동,165-8,43.58,22500,,,7,25,1999,,,,,,중개거래,
마포구,11440,도화동,202606,오피스텔_매매,마포 한화 오벨리스크,도화동,555,31.41,31700,,,15,23,2004,,,,,,중개거래,
마포구,11440,상암동,202606,오피스텔_매매,상암 한화 오벨리스크,상암동,1734,19.93,9700,,,5,19,2013,,,,,,중개거래,
마포구,11440,상암동,202606,오피스텔_매매,상암 한화 오벨리스크,상암동,1734,39.76,26150,,,8,24,2013,,,,,,중개거래,
마포구,11440,도화동,202606,오피스텔_매매,나눔빌딩,도화동,571,26.25,22500,,,10,16,2015,,,,,,중개거래,
마포구,11440,공덕동,202606,오피스텔_매매,마포현대하이엘,공덕동,463,48.968,36800,,,6,10,2005,,,,,,중개거래,
마포구,11440,신공덕동,202606,오피스텔_매매,신공덕동 THE NEST 오피스텔,신공덕동,14-5,29.99,22800,,,7,3,2012,,,,,,중개거래,
마포구,11440,성산동,202606,오피스텔_매매,상암 스위트포레,성산동,591-5,18.55,13100,,,10,20,2016,,,,,,중개거래,
마포구,11440,신공덕동,202606,오피스텔_매매,메트로디오빌,신공덕동,167,26.74,26300,,,8,20,2005,,,,,,중개거래,
마포구,11440,합정동,202606,오피스텔_매매,KCC엠파이어리버,합정동,381-16,42.25,43000,,,7,15,2006,,,,,,중개거래,
마포구,11440,노고산동,202606,오피스텔_매매,신촌르·메이에르타운(I),노고산동,57-18,22.79,12400,,,7,6,1999,,,,,,중개거래,
마포구,11440,성산동,202606,오피스텔_매매,태림센트윈Ⅱ,성산동,592-2,21.23,28500,,,6,18,2021,,,,,,중개거래,
마포구,11440,공덕동,202606,오피스텔_매매,마포현대하이엘,공덕동,463,48.968,39700,,,7,19,2005,,,,,,중개거래,
마포구,11440,상수동,202606,오피스텔_매매,로하스타워,상수동,93-45,48.26,36000,,,11,17,2007,,,,,,중개거래,
마포구,11440,성산동,202606,오피스텔_매매,상암미르웰한올림,성산동,593-5,16.36,14500,,,7,10,2018,,,,,,중개거래,
마포구,11440,서교동,202606,오피스텔_매매,동양한강트레벨,서교동,394-25,29.09,22800,,,12,12,2004,,,,,,중개거래,
마포구,11440,서교동,202606,오피스텔_매매,서교타워,서교동,353-1,26.43,17000,,,15,15,1999,,,,,,중개거래,
마포구,11440,도화동,202606,오피스텔_매매,고려아카데미텔,도화동,36,20.25,17000,,,7,16,1988,,,,,,중개거래,
마포구,11440,도화동,202606,오피스텔_매매,나눔빌딩,도화동,571,25.56,24000,,,11,15,2015,,,,,,중개거래,
마포구,11440,신공덕동,202606,오피스텔_매매,신공덕동 THE NEST 오피스텔,신공덕동,14-5,29.99,20000,,,15,15,2012,,,,,,직거래,
마포구,11440,성산동,202606,오피스텔_매매,상암 두산위브센티움,성산동,590-1,23.24,14700,,,15,15,2013,,,,,,중개거래,
마포구,11440,상암동,202606,오피스텔_매매,사보이시티디엠씨,상암동,1597,21.65,13500,,,12,13,2016,,,,,,중개거래,
마포구,11440,도화동,202606,오피스텔_매매,마포트라팰리스,도화동,559,80.3,107000,,,9,12,2006,,,,,,중개거래,
마포구,11440,아현동,202606,오피스텔_매매,아현시티,아현동,327-10,37.09,44000,,,8,14,2020,,,,,,중개거래,
마포구,11440,상암동,202606,오피스텔_매매,"상암DMC푸르지오시티, S-City",상암동,1596,20.48,20500,,,17,9,2017,,,,,,중개거래,
마포구,11440,아현동,202606,오피스텔_매매,마포 에스케이 허브 블루,아현동,737,33.699,21800,,,15,10,2006,,,,,,중개거래,
마포구,11440,성산동,202606,오피스텔_매매,상암 두산위브센티움,성산동,590-1,23.07,14000,,,3,10,2013,,,,,,직거래,O
마포구,11440,상암동,202606,오피스텔_매매,상암 오벨리스크 2차,상암동,1748,20.7,11500,,,8,6,2014,,,,,,중개거래,
마포구,11440,성산동,202606,오피스텔_매매,상암월드시티,성산동,590-5,29.68,21500,,,9,8,2014,,,,,,중개거래,
마포구,11440,성산동,202606,오피스텔_매매,상암월드시티,성산동,590-5,19.81,12500,,,15,1,2014,,,,,,중개거래,
마포구,11440,합정동,202606,오피스텔_매매,마포 한강 2차 푸르지오,합정동,473,23.09,29000,,,21,3,2016,,,,,,중개거래,
마포구,11440,연남동,202606,연립다세대_매매,서림빌라,연남동,565-43,73.215,52000,,,3,3,1991,,,,,,중개거래,
마포구,11440,망원동,202606,연립다세대_매매,상록수맨션(464-1),망원동,464-1,32.96,21900,,,-1,23,1992,,,,,,직거래,
마포구,11440,마포동,202606,연립다세대_매매,오성드림빌,마포동,301,41.96,53500,,,6,23,2016,,,,,,중개거래,
마포구,11440,아현동,202606,연립다세대_매매,(716-9),아현동,716-9,39.45,65200,,,1,18,1989,,,,,,중개거래,
마포구,11440,상수동,202606,연립다세대_매매,예인아트빌,상수동,353-3,87.93,60000,,,4,22,2009,,,,,,중개거래,
마포구,11440,성산동,202606,연립다세대_매매,다온숲,성산동,36-33,29.99,58000,,,5,22,2023,,,,,,직거래,
마포구,11440,성산동,202606,연립다세대_매매,(208-2),성산동,208-2,60.25,43000,,,3,22,1995,,,,,,중개거래,
마포구,11440,상수동,202606,연립다세대_매매,(340-14),상수동,340-14,45.14,58900,,,3,30,2007,,,,,,중개거래,
마포구,11440,대흥동,202606,연립다세대_매매,(766-1),대흥동,766-1,39.96,40000,,,2,30,1993,,,,,,중개거래,
마포구,11440,용강동,202606,연립다세대_매매,아트빌,용강동,149-25,42.67,80000,,,3,19,2007,,,,,,중개거래,
마포구,11440,망원동,202606,연립다세대_매매,효성빌라,망원동,384-6,36.72,36800,,,1,16,1990,,,,,,중개거래,
마포구,11440,아현동,202606,연립다세대_매매,현대파크A,아현동,701-5,61.08,70000,,,2,30,1992,,,,,,중개거래,
마포구,11440,망원동,202606,연립다세대_매매,무궁화센터빌,망원동,479-19,30,49000,,,6,27,2022,,,,,,중개거래,
마포구,11440,망원동,202606,연립다세대_매매,한울타리빌라,망원동,338-48,38.52,30000,,,2,20,2002,,,,,,중개거래,
마포구,11440,상암동,202606,연립다세대_매매,상암파크빌,상암동,19-8,15.1,11000,,,2,11,2012,,,,,,중개거래,
마포구,11440,망원동,202606,연립다세대_매매,대도주택,망원동,410-2,41.24,47500,,,1,27,1991,,,,,,중개거래,
마포구,11440,망원동,202606,연립다세대_매매,(435-34),망원동,435-34,40.2,27000,,,2,16,1986,,,,,,중개거래,
마포구,11440,상암동,202606,연립다세대_매매,상암파크빌,상암동,19-8,14.15,9990,,,3,17,2012,,,,,,중개거래,
마포구,11440,성산동,202606,연립다세대_매매,위드하우스,성산동,140-25,16.73,33000,,,3,22,2025,,,,,,중개거래,
마포구,11440,신공덕동,202606,연립다세대_매매,모던하우스,신공덕동,5-38,59.07,70000,,,5,23,2019,,,,,,중개거래,
마포구,11440,상수동,202606,연립다세대_매매,(326-9),상수동,326-9,23.52,50000,,,1,15,2003,,,,,,중개거래,
마포구,11440,아현동,202606,연립다세대_매매,(702),아현동,702,51.72,77500,,,3,27,1986,,,,,,중개거래,
마포구,11440,노고산동,202606,연립다세대_매매,예담빌서강7차,노고산동,19-26,14.8,46500,,,5,20,2021,,,,,,중개거래,
마포구,11440,상수동,202606,연립다세대_매매,현대하이츠빌라,상수동,339-19,56.79,39000,,,2,30,1991,,,,,,중개거래,
마포구,11440,서교동,202606,연립다세대_매매,서우빌라,서교동,442-44,78.77,45000,,,3,16,1994,,,,,,중개거래,
마포구,11440,염리동,202606,연립다세대_매매,패로스하우스,염리동,10-91,20.45,107000,,,2,24,2020,,,,,,중개거래,
마포구,11440,망원동,202606,연립다세대_매매,아가도스1,망원동,409-48,17.53,43000,,,6,23,2019,,,,,,중개거래,
마포구,11440,신수동,202606,연립다세대_매매,(89-4),신수동,89-4,20.2,50000,,,3,26,2023,,,,,,중개거래,
마포구,11440,대흥동,202606,연립다세대_매매,대흥모두가,대흥동,371,23.87,32000,,,4,17,2016,,,,,,중개거래,
마포구,11440,망원동,202606,연립다세대_매매,명품2차,망원동,411-32,60,50000,,,3,24,2010,,,,,,중개거래,
마포구,11440,성산동,202606,연립다세대_매매,소노하우스성산2차,성산동,134-196,43.47,40000,,,4,30,2017,,,,,,중개거래,
마포구,11440,합정동,202606,연립다세대_매매,합정어반힐,합정동,451-11,16.5,49500,,,2,5,2020,,,,,,중개거래,
마포구,11440,상암동,202606,연립다세대_매매,IT빌,상암동,33-11,19.78,13000,,,3,19,2012,,,,,,중개거래,
마포구,11440,성산동,202606,연립다세대_매매,동진하이빌,성산동,31-2,72.64,53800,,,3,25,2002,,,,,,중개거래,
마포구,11440,대흥동,202606,연립다세대_매매,다온에이,대흥동,20-9,13.95,68500,,,2,22,2022,,,,,,중개거래,
마포구,11440,성산동,202606,연립다세대_매매,광명하우징,성산동,81-80,58.14,30000,,,4,20,1994,,,,,,중개거래,
마포구,11440,망원동,202606,연립다세대_매매,(399-50),망원동,399-50,22.83,27000,,,2,9,2011,,,,,,직거래,
마포구,11440,합정동,202606,연립다세대_매매,대도빌라1차,합정동,372-20,41.48,52600,,,1,2,1986,,,,,,직거래,O
마포구,11440,상수동,202606,연립다세대_매매,리버파크빌,상수동,341-15,18.83,64000,,,2,20,2023,,,,,,중개거래,
마포구,11440,망원동,202606,연립다세대_매매,제일빌라,망원동,399-53,59.64,59000,,,1,9,1996,,,,,,중개거래,
마포구,11440,창전동,202606,연립다세대_매매,송우빌라,창전동,6-159,60.54,33500,,,2,26,1994,,,,,,중개거래,
마포구,11440,망원동,202606,연립다세대_매매,그레이스빌,망원동,429-10,42.6,49500,,,3,27,2016,,,,,,중개거래,
마포구,11440,성산동,202606,연립다세대_매매,행운빌라,성산동,200-97,60.75,36700,,,-1,9,2001,,,,,,중개거래,
마포구,11440,성산동,202606,연립다세대_매매,성림빌라,성산동,64-12,41.04,30000,,,2,25,1995,,,,,,중개거래,
마포구,11440,성산동,202606,연립다세대_매매,아성뜨란채,성산동,200-110,40.66,53000,,,4,25,2018,,,,,,중개거래,
마포구,11440,합정동,202606,연립다세대_매매,대명시티파크A동,합정동,370-35,30.17,44700,,,5,19,2008,,,,,,중개거래,
마포구,11440,망원동,202606,연립다세대_매매,다베로,망원동,461-21,57.1,85000,,,4,19,2020,,,,,,중개거래,
마포구,11440,합정동,202606,연립다세대_매매,솔아름빌,합정동,389-7,34.15,39500,,,2,24,2008,,,,,,중개거래,
마포구,11440,대흥동,202606,연립다세대_매매,디어하우스,대흥동,3-24,24.38,105000,,,5,23,2021,,,,,,중개거래,
마포구,11440,서교동,202606,연립다세대_매매,대덕빌라,서교동,380-26,36.9,28700,,,1,15,1991,,,,,,중개거래,
마포구,11440,망원동,202606,연립다세대_매매,(456-51),망원동,456-51,32.88,53000,,,1,15,1987,,,,,,중개거래,
마포구,11440,서교동,202606,연립다세대_매매,삼호센터빌,서교동,475-45,29.98,32000,,,2,23,2015,,,,,,중개거래,
마포구,11440,아현동,202606,연립다세대_매매,(677-6),아현동,677-6,36.57,15500,,,-1,17,1993,,,,,,중개거래,
마포구,11440,망원동,202606,연립다세대_매매,아가도스1,망원동,409-48,17.53,43000,,,6,23,2019,,,,,,중개거래,O
마포구,11440,염리동,202606,연립다세대_매매,염리르끌레브,염리동,10-152,19.32,112500,,,4,17,2021,,,,,,중개거래,
마포구,11440,합정동,202606,연립다세대_매매,현대빌라(434-35),합정동,434-35,35,24500,,,-1,11,1990,,,,,,중개거래,
마포구,11440,망원동,202606,연립다세대_매매,기암하이츠빌라(428-35),망원동,428-35,48.36,32700,,,1,22,1993,,,,,,중개거래,
마포구,11440,아현동,202606,연립다세대_매매,리움하우스,아현동,742-1,29.16,50000,,,2,21,2017,,,,,,중개거래,
마포구,11440,노고산동,202606,연립다세대_매매,세명아트빌,노고산동,20-69,14.06,50000,,,2,16,2021,,,,,,중개거래,
마포구,11440,동교동,202606,연립다세대_매매,"삼정그린빌라(나,다동)",동교동,190-32,40.69,31000,,,3,2,2000,,,,,,중개거래,O
마포구,11440,성산동,202606,연립다세대_매매,다이아캐슬,성산동,214,29.07,55000,,,3,20,2017,,,,,,중개거래,
마포구,11440,합정동,202606,연립다세대_매매,홍희빌라A동,합정동,365-12,35.55,53500,,,-1,12,1987,,,,,,중개거래,
마포구,11440,성산동,202606,연립다세대_매매,선진빌라,성산동,200-100,59.25,47000,,,3,20,1996,,,,,,중개거래,
마포구,11440,대흥동,202606,연립다세대_매매,마포휴먼타운,대흥동,368-1,25.23,31800,,,5,20,2017,,,,,,중개거래,
마포구,11440,서교동,202606,연립다세대_매매,들국화쉐르빌,서교동,475-8,45.49,37000,,,4,19,2002,,,,,,중개거래,
마포구,11440,망원동,202606,연립다세대_매매,스위트하우스,망원동,485-19,44.04,52000,,,4,20,2014,,,,,,중개거래,
마포구,11440,망원동,202606,연립다세대_매매,탑그린빌,망원동,431-10,56.03,37000,,,1,16,2002,,,,,,중개거래,
마포구,11440,망원동,202606,연립다세대_매매,이레쉐르빌(421-33),망원동,421-33,37.68,33000,,,5,19,2008,,,,,,중개거래,
마포구,11440,합정동,202606,연립다세대_매매,(364-20),합정동,364-20,35.52,42500,,,4,20,2002,,,,,,중개거래,
마포구,11440,성산동,202606,연립다세대_매매,석우빌라,성산동,258-19,58.35,45000,,,2,16,2000,,,,,,중개거래,
마포구,11440,서교동,202606,연립다세대_매매,The한울,서교동,247-205,50.23,60000,,,3,2,2022,,,,,,직거래,
마포구,11440,신수동,202606,연립다세대_매매,금강쉐르빌,신수동,250-1,45.38,100000,,,2,12,2015,,,,,,중개거래,
마포구,11440,아현동,202606,연립다세대_매매,(716-9),아현동,716-9,39.45,65200,,,1,18,1989,,,,,,중개거래,O
마포구,11440,중동,202606,연립다세대_매매,"영빈빌라에이,비동",중동,31-13,36.64,23000,,,2,1,1989,,,,,,중개거래,
마포구,11440,서교동,202606,연립다세대_매매,로얄캐슬B동,서교동,468-36,49.77,54500,,,4,6,2014,,,,,,중개거래,
마포구,11440,망원동,202606,연립다세대_매매,진흥하이츠빌라A동,망원동,432-18,49.48,26500,,,-1,15,1992,,,,,,중개거래,
마포구,11440,망원동,202606,연립다세대_매매,롯데비스타,망원동,385-16,25.28,25000,,,5,16,2012,,,,,,직거래,
마포구,11440,연남동,202606,연립다세대_매매,연세빌라A동,연남동,249-14,53.04,39000,,,3,3,1992,,,,,,중개거래,
마포구,11440,서교동,202606,연립다세대_매매,(477-3),서교동,477-3,46.81,57500,,,4,8,2012,,,,,,중개거래,
마포구,11440,망원동,202606,연립다세대_매매,첼시하우스,망원동,486-22,46.66,54000,,,3,13,2013,,,,,,중개거래,
마포구,11440,합정동,202606,연립다세대_매매,에버빌(451-10),합정동,451-10,13.43,25000,,,3,3,2011,,,,,,직거래,
마포구,11440,성산동,202606,연립다세대_매매,백송아트빌,성산동,30-21,32.22,32000,,,1,14,2017,,,,,,중개거래,
마포구,11440,성산동,202606,연립다세대_매매,신일하이츠빌라,성산동,200-120,55.98,40000,,,3,3,1991,,,,,,중개거래,
마포구,11440,창전동,202606,연립다세대_매매,에스앤에스홍익홈타운,창전동,6-192,68.22,38000,,,5,10,2002,,,,,,중개거래,
마포구,11440,망원동,202606,연립다세대_매매,동광탑스빌,망원동,338-6,29.94,28000,,,2,8,2011,,,,,,중개거래,
마포구,11440,망원동,202606,연립다세대_매매,진흥하임빌(414-103),망원동,414-103,23.52,17300,,,3,1,2010,,,,,,중개거래,
마포구,11440,염리동,202606,연립다세대_매매,마포더힐베네리치,염리동,27-91,37.61,61000,,,2,12,2022,,,,,,중개거래,
마포구,11440,상암동,202606,연립다세대_매매,진빌리지,상암동,15-13,29.24,28250,,,2,12,2015,,,,,,중개거래,
마포구,11440,망원동,202606,연립다세대_매매,브라이튼망원,망원동,407-4,28.17,44300,,,3,11,2022,,,,,,중개거래,
마포구,11440,상암동,202606,연립다세대_매매,진빌리지,상암동,15-13,29.9,28000,,,2,9,2015,,,,,,중개거래,
마포구,11440,서교동,202606,연립다세대_매매,서교드림빌,서교동,442-14,74.52,54700,,,4,11,2002,,,,,,중개거래,
마포구,11440,서교동,202606,연립다세대_매매,서교동정태수다세대주택,서교동,484-33,44.08,30300,,,3,8,2002,,,,,,중개거래,
마포구,11440,상암동,202606,연립다세대_매매,IT빌,상암동,33-11,15.48,12000,,,2,9,2012,,,,,,중개거래,
마포구,11440,망원동,202606,연립다세대_매매,신원아트빌,망원동,404-35,42.01,40000,,,1,8,2004,,,,,,중개거래,
마포구,11440,망원동,202606,연립다세대_매매,화이트빌,망원동,399-9,29.13,42600,,,3,2,2013,,,,,,중개거래,
마포구,11440,상수동,202606,연립다세대_매매,그레이25,상수동,353-25,14.79,19000,,,6,4,2014,,,,,,중개거래,
마포구,11440,연남동,202606,연립다세대_매매,현대하이츠빌라,연남동,252-12,69.06,48000,,,2,10,1994,,,,,,중개거래,
마포구,11440,성산동,202606,연립다세대_매매,갤러리하우스,성산동,256-30,36.76,33000,,,3,6,2014,,,,,,중개거래,
마포구,11440,서교동,202606,연립다세대_매매,현대하이츠빌라,서교동,442-18,63.92,52500,,,5,9,2002,,,,,,중개거래,
마포구,11440,상수동,202606,연립다세대_매매,세종빌리지3,상수동,336-1,38.02,64000,,,5,8,2008,,,,,,중개거래,
마포구,11440,망원동,202606,연립다세대_매매,선궁연립,망원동,463-5,57.57,35000,,,4,8,1995,,,,,,중개거래,
마포구,11440,서교동,202606,연립다세대_매매,서교하이츠C동,서교동,247-65,42.12,33500,,,2,6,1986,,,,,,중개거래,
마포구,11440,대흥동,202606,연립다세대_매매,디어하우스,대흥동,3-24,17.37,100000,,,4,2,2021,,,,,,중개거래,
마포구,11440,합정동,202606,연립다세대_매매,대운쉐르빌2차,합정동,389-24,63.57,52500,,,3,5,2002,,,,,,중개거래,
마포구,11440,망원동,202606,연립다세대_매매,유담주택,망원동,423-24,48.38,33150,,,4,6,2008,,,,,,중개거래,
마포구,11440,성산동,202606,연립다세대_매매,M팰리스,성산동,92-18,60.02,47000,,,2,6,2009,,,,,,중개거래,
마포구,11440,신수동,202606,연립다세대_매매,서강홈타운,신수동,89-22,31.46,50000,,,2,4,2013,,,,,,중개거래,
마포구,11440,아현동,202606,연립다세대_매매,(구85-707),아현동,762-2,52.59,69000,,,3,5,1991,,,,,,중개거래,
마포구,11440,연남동,202606,연립다세대_매매,서림빌라,연남동,565-43,73.215,52000,,,3,3,1991,,,,,,중개거래,
마포구,11440,성산동,202606,연립다세대_매매,메조트론Ⅱ,성산동,249-23,162.01,135000,,,2,5,2007,,,,,,중개거래,
마포구,11440,연남동,202606,연립다세대_매매,한솔빌라,연남동,240-55,40.65,25000,,,3,5,2002,,,,,,중개거래,
마포구,11440,망원동,202606,연립다세대_매매,첼라넥스빌,망원동,473-35,29.99,45600,,,2,2,2026,,,,,,직거래,
마포구,11440,망원동,202606,연립다세대_매매,첼라넥스빌,망원동,473-35,35.78,50850,,,2,2,2026,,,,,,직거래,
마포구,11440,망원동,202606,연립다세대_매매,첼라넥스빌,망원동,473-35,29.89,46950,,,2,2,2026,,,,,,직거래,
마포구,11440,망원동,202606,연립다세대_매매,첼라넥스빌,망원동,473-35,29.99,46000,,,3,2,2026,,,,,,직거래,
마포구,11440,망원동,202606,연립다세대_매매,첼라넥스빌,망원동,473-35,35.78,51400,,,3,2,2026,,,,,,직거래,
마포구,11440,망원동,202606,연립다세대_매매,첼라넥스빌,망원동,473-35,29.89,47450,,,3,2,2026,,,,,,직거래,
마포구,11440,망원동,202606,연립다세대_매매,첼라넥스빌,망원동,473-35,29.99,46450,,,4,2,2026,,,,,,직거래,
마포구,11440,망원동,202606,연립다세대_매매,첼라넥스빌,망원동,473-35,35.78,51900,,,4,2,2026,,,,,,직거래,
마포구,11440,망원동,202606,연립다세대_매매,첼라넥스빌,망원동,473-35,29.89,47900,,,4,2,2026,,,,,,직거래,
마포구,11440,망원동,202606,연립다세대_매매,첼라넥스빌,망원동,473-35,58.16,79200,,,5,2,2026,,,,,,직거래,
마포구,11440,망원동,202606,연립다세대_매매,첼라넥스빌,망원동,473-35,29.1,46400,,,5,2,2026,,,,,,직거래,
마포구,11440,망원동,202606,연립다세대_매매,첼라넥스빌,망원동,473-35,46.85,66950,,,6,2,2026,,,,,,직거래,
마포구,11440,망원동,202606,연립다세대_매매,첼라넥스빌,망원동,473-35,29.89,47400,,,6,2,2026,,,,,,직거래,
마포구,11440,망원동,202606,연립다세대_매매,브라이튼망원,망원동,407-4,28.17,43000,,,3,1,2022,,,,,,중개거래,
마포구,11440,서교동,202606,연립다세대_매매,성운빌라,서교동,377-5,84.38,63000,,,4,3,2008,,,,,,중개거래,
마포구,11440,대흥동,202606,아파트_매매,마포그랑자이,대흥동,806,84.98,261500,,,7,14,2020,,,,,,중개거래,
마포구,11440,용강동,202606,아파트_매매,강변그린,용강동,495-1,59.5,67000,,,2,25,1999,,,,,,중개거래,
마포구,11440,신공덕동,202606,아파트_매매,대우월드마크마포,신공덕동,173,138.37,270000,,,17,30,2011,,,,,,중개거래,
마포구,11440,성산동,202606,아파트_매매,성사1차풍림아파트101동,성산동,600,59.85,67000,,,16,24,2000,,,,,,중개거래,
마포구,11440,아현동,202606,아파트_매매,공덕자이,아현동,800,59.99,222000,,,4,20,2015,,,,,,중개거래,
마포구,11440,창전동,202606,아파트_매매,신촌금호,창전동,438,84.86,130000,,,5,26,2001,,,,,,중개거래,
마포구,11440,대흥동,202606,아파트_매매,대흥동태영아파트,대흥동,660,84.77,210000,,,15,26,1999,,,,,,직거래,
마포구,11440,아현동,202606,아파트_매매,더클래시,아현동,804,59.97,215000,,,9,29,2022,,,,,,중개거래,
마포구,11440,아현동,202606,아파트_매매,마포래미안푸르지오4단지,아현동,777,84.5978,250000,,,18,20,2014,,,,,,중개거래,
마포구,11440,성산동,202606,아파트_매매,성산시영(대우),성산동,446,50.03,146000,,,12,26,1986,,,,,,중개거래,
마포구,11440,신공덕동,202606,아파트_매매,신공덕1차삼성래미안1아파트,신공덕동,155,84.9,202000,,,12,27,2000,,,,,,중개거래,
마포구,11440,도화동,202606,아파트_매매,현대홈타운,도화동,353,84.95,170000,,,16,27,2000,,,,,,중개거래,
마포구,11440,창전동,202606,아파트_매매,창전래미안,창전동,437,59.94,139000,,,2,23,1998,,,,,,중개거래,
마포구,11440,중동,202606,아파트_매매,건영월드컵,중동,393,78.39,79000,,,1,25,2002,,,,,,중개거래,
마포구,11440,아현동,202606,아파트_매매,삼환나띠르빌,아현동,732,84.9,118000,,,10,11,2003,,,,,,직거래,
마포구,11440,연남동,202606,아파트_매매,서암,연남동,250-8,67.08,71000,,,3,25,2004,,,,,,중개거래,
마포구,11440,서교동,202606,아파트_매매,메세나폴리스,서교동,490,148.981,295000,,,27,22,2012,,,,,,중개거래,
마포구,11440,도화동,202606,아파트_매매,우성,도화동,82,79.97,175000,,,6,22,1991,,,,,,중개거래,
마포구,11440,도화동,202606,아파트_매매,한화오벨리스크,도화동,555,59,110000,,,34,21,2004,,,,,,중개거래,
마포구,11440,창전동,202606,아파트_매매,신촌태영데시앙,창전동,439,84.97,155000,,,12,25,2003,,,,,,중개거래,
마포구,11440,상암동,202606,아파트_매매,상암월드컵파크7단지,상암동,1660,84.9,139500,,,14,23,2005,,,,,,중개거래,
마포구,11440,연남동,202606,아파트_매매,코오롱,연남동,573,84.936,144000,,,7,22,2003,,,,,,중개거래,
마포구,11440,대흥동,202606,아파트_매매,마포그랑자이,대흥동,806,84.98,261500,,,7,14,2020,,,,,,중개거래,O
마포구,11440,도화동,202606,아파트_매매,한화오벨리스크,도화동,555,49.87,82500,,,4,30,2004,,,,,,중개거래,
마포구,11440,공덕동,202606,아파트_매매,솔리스타,공덕동,30-10,14.29,15900,,,15,30,2018,,,,,,중개거래,
마포구,11440,공덕동,202606,아파트_매매,솔리스타,공덕동,30-10,14.29,15900,,,15,30,2018,,,,,,중개거래,O
마포구,11440,용강동,202606,아파트_매매,래미안마포리버웰,용강동,502,84.96,285000,,,19,25,2015,,,,,,중개거래,
마포구,11440,아현동,202606,아파트_매매,공덕자이,아현동,800,59.99,225000,,,13,30,2015,,,,,,중개거래,
마포구,11440,망원동,202606,아파트_매매,솔루체2차아파트,망원동,525,48.13,63300,,,3,24,2022,,,,,,중개거래,
마포구,11440,성산동,202606,아파트_매매,성산동성,성산동,597,60,73000,,,6,30,1999,,,,,,중개거래,
마포구,11440,대흥동,202606,아파트_매매,대흥동태영아파트,대흥동,660,114.93,226000,,,22,30,1999,,,,,,중개거래,
마포구,11440,성산동,202606,아파트_매매,성산월드타운대림,성산동,601,59.888,105000,,,13,30,2004,,,,,,중개거래,
마포구,11440,아현동,202606,아파트_매매,마포푸르지오더센트럴,아현동,275-2,43.57,103000,,,14,30,2023,,,,,,중개거래,
마포구,11440,공덕동,202606,아파트_매매,로즈빌A,공덕동,111-7,84.72,80000,,,4,29,2004,,,,,,직거래,
마포구,11440,신수동,202606,아파트_매매,세양청마루,신수동,451,57.44,121000,,,2,30,2003,,,,,,중개거래,
마포구,11440,성산동,202606,아파트_매매,성산시영(대우),성산동,446,50.03,91200,,,1,14,1986,,,,,,중개거래,
마포구,11440,합정동,202606,아파트_매매,한국프라우드,합정동,469,84.9747,128000,,,4,30,2005,,,,,,중개거래,
마포구,11440,마포동,202606,아파트_매매,보성,마포동,442,59.4,95000,,,1,25,1996,,,,,,중개거래,
마포구,11440,신수동,202606,아파트_매매,밤섬경남아너스빌,신수동,459,84.83,187000,,,22,20,2009,,,,,,중개거래,
마포구,11440,상암동,202606,아파트_매매,상암월드컵파크10단지,상암동,1736,84.89,114500,,,11,23,2010,,,,,,중개거래,
마포구,11440,아현동,202606,아파트_매매,더클래시,아현동,804,59.97,215000,,,9,29,2022,,,,,,중개거래,O
마포구,11440,대흥동,202606,아파트_매매,대흥동태영아파트,대흥동,660,114.93,230000,,,16,29,1999,,,,,,중개거래,
마포구,11440,망원동,202606,아파트_매매,한강그린1차아파트,망원동,236-2,60.18,63500,,,2,2,2011,,,,,,중개거래,
마포구,11440,신수동,202606,아파트_매매,신촌숲아이파크,신수동,462,84.932,244500,,,5,29,2019,,,,,,중개거래,
마포구,11440,성산동,202606,아파트_매매,성산시영(대우),성산동,446,50.03,150000,,,8,29,1986,,,,,,중개거래,
마포구,11440,망원동,202606,아파트_매매,한강2차대주피오레,망원동,499,84.97,110000,,,8,19,2003,,,,,,중개거래,
마포구,11440,마포동,202606,아파트_매매,보성,마포동,442,114.78,160000,,,5,26,1996,,,,,,중개거래,
마포구,11440,대흥동,202606,아파트_매매,대흥동태영아파트,대흥동,660,59.4,172000,,,10,27,1999,,,,,,중개거래,
마포구,11440,중동,202606,아파트_매매,DMC마포청구아파트,중동,390,84.9,119000,,,17,27,1994,,,,,,중개거래,
마포구,11440,상암동,202606,아파트_매매,상암월드컵파크3단지,상암동,1643,84.94,144000,,,8,27,2003,,,,,,중개거래,
마포구,11440,상암동,202606,아파트_매매,상암월드컵파크7단지,상암동,1660,84.9,136000,,,10,27,2005,,,,,,중개거래,
마포구,11440,아현동,202606,아파트_매매,마포래미안푸르지오1단지,아현동,777,59.9236,212000,,,21,27,2014,,,,,,중개거래,
마포구,11440,대흥동,202606,아파트_매매,대흥동태영아파트,대흥동,660,84.77,205000,,,14,27,1999,,,,,,중개거래,
마포구,11440,공덕동,202606,아파트_매매,공덕SK리더스뷰,공덕동,479,115.61,280000,,,5,12,2021,,,,,,중개거래,
마포구,11440,상암동,202606,아파트_매매,상암월드컵파크2단지,상암동,1637,49.8,115000,,,7,27,2003,,,,,,중개거래,
마포구,11440,신공덕동,202606,아파트_매매,신공덕1차삼성래미안1아파트,신공덕동,155,84.9,218000,,,22,27,2000,,,,,,중개거래,
마포구,11440,망원동,202606,아파트_매매,목화,망원동,483-6,84.67,82500,,,2,27,2003,,,,,,중개거래,
마포구,11440,신정동,202606,아파트_매매,서강GS,신정동,30,59.98,155800,,,8,26,1999,,,,,,중개거래,
마포구,11440,창전동,202606,아파트_매매,창전래미안,창전동,437,84.93,172000,,,16,27,1998,,,,,,중개거래,
마포구,11440,합정동,202606,아파트_매매,장미(466-0),합정동,466,78.22,82000,,,7,26,2000,,,,,,중개거래,
마포구,11440,도화동,202606,아파트_매매,정우상가맨션,도화동,536,114.89,150000,,,8,26,1983,,,,,,중개거래,
마포구,11440,상수동,202606,아파트_매매,래미안밤섬리베뉴Ⅱ,상수동,398,84.92,207000,,,1,5,2014,,,,,,중개거래,
마포구,11440,신수동,202606,아파트_매매,신촌숲아이파크,신수동,462,59.751,200500,,,3,25,2019,,,,,,중개거래,
마포구,11440,도화동,202606,아파트_매매,우성,도화동,82,79.97,177500,,,6,24,1991,,,,,,중개거래,
마포구,11440,서교동,202606,아파트_매매,함성참좋은,서교동,247-72,95.54,83000,,,5,13,2004,,,,,,중개거래,
마포구,11440,서교동,202606,아파트_매매,대우미래사랑,서교동,487,68.03,68000,,,5,20,2005,,,,,,중개거래,
마포구,11440,공덕동,202606,아파트_매매,로즈빌A,공덕동,111-7,84.72,75000,,,4,22,2004,,,,,,직거래,O
마포구,11440,대흥동,202606,아파트_매매,마포자이2차,대흥동,804,84.44,260000,,,9,6,2014,,,,,,중개거래,
마포구,11440,도화동,202606,아파트_매매,한화오벨리스크,도화동,555,59,94000,,,25,12,2004,,,,,,중개거래,
마포구,11440,망원동,202606,아파트_매매,함성월드빌2차,망원동,511,84.61,93000,,,3,8,2004,,,,,,중개거래,
마포구,11440,망원동,202606,아파트_매매,마포월드컵제이스카이,망원동,523,59.97,89000,,,7,23,2021,,,,,,중개거래,
마포구,11440,상암동,202606,아파트_매매,상암월드컵파크9단지,상암동,1752,84.89,109000,,,2,23,2010,,,,,,중개거래,
마포구,11440,아현동,202606,아파트_매매,마포래미안푸르지오2단지,아현동,777,84.8919,250000,,,19,19,2014,,,,,,중개거래,
마포구,11440,도화동,202606,아파트_매매,한화오벨리스크,도화동,555,41.32,61500,,,10,1,2004,,,,,,중개거래,
마포구,11440,상암동,202606,아파트_매매,상암월드컵파크7단지,상암동,1660,84.74,136500,,,5,21,2005,,,,,,중개거래,
마포구,11440,상수동,202606,아파트_매매,래미안밤섬리베뉴Ⅱ,상수동,398,84.92,207000,,,1,5,2014,,,,,,중개거래,O
마포구,11440,대흥동,202606,아파트_매매,마포그랑자이,대흥동,806,59.98,207000,,,4,20,2020,,,,,,중개거래,
마포구,11440,하중동,202606,아파트_매매,한강밤섬자이,하중동,101,138.08,265000,,,15,15,2010,,,,,,중개거래,
마포구,11440,하중동,202606,아파트_매매,한강밤섬자이,하중동,101,168.63,305000,,,17,9,2010,,,,,,중개거래,
마포구,11440,현석동,202606,아파트_매매,반도유보라아일랜드,현석동,223,140.4529,305000,,,4,5,2008,,,,,,중개거래,
마포구,11440,연남동,202606,아파트_매매,대명,연남동,259-1,84.99,110000,,,5,18,1995,,,,,,중개거래,
마포구,11440,도화동,202606,아파트_매매,정우상가맨션,도화동,536,125.88,150000,,,5,18,1983,,,,,,중개거래,
마포구,11440,중동,202606,아파트_매매,마포중동현대,중동,392,59.88,109000,,,12,11,2001,,,,,,중개거래,
마포구,11440,성산동,202606,아파트_매매,성산시영(유원),성산동,446,59.43,168000,,,11,10,1986,,,,,,중개거래,
마포구,11440,중동,202606,아파트_매매,마포중동현대,중동,392,84.9,121500,,,5,11,2001,,,,,,중개거래,
마포구,11440,연남동,202606,아파트_매매,리츠,연남동,564-35,48.6,45000,,,7,4,2012,,,,,,중개거래,
마포구,11440,합정동,202606,아파트_매매,KCC엠파이어리버,합정동,381-16,156.13,191000,,,12,1,2006,,,,,,중개거래,
마포구,11440,염리동,202606,아파트_매매,중앙하이츠,염리동,161-1,83.82,142000,,,16,17,1998,,,,,,중개거래,
마포구,11440,상수동,202606,아파트_매매,래미안밤섬리베뉴Ⅱ,상수동,398,84.92,230000,,,5,17,2014,,,,,,중개거래,
마포구,11440,도화동,202606,아파트_매매,우성,도화동,82,54.72,156000,,,9,15,1991,,,,,,중개거래,
마포구,11440,신수동,202606,아파트_매매,세양청마루,신수동,451,57.44,123000,,,5,17,2003,,,,,,중개거래,
마포구,11440,염리동,202606,아파트_매매,마포프레스티지자이,염리동,532,84.9422,283000,,,18,13,2021,,,,,,중개거래,
마포구,11440,염리동,202606,아파트_매매,중앙하이츠,염리동,161-1,83.82,147000,,,13,15,1998,,,,,,중개거래,O
마포구,11440,창전동,202606,아파트_매매,창전동현대홈타운,창전동,440,59.651,80000,,,4,12,2005,,,,,,직거래,O
마포구,11440,상암동,202606,아파트_매매,상암월드컵파크2단지,상암동,1637,59.84,129500,,,5,17,2003,,,,,,중개거래,
마포구,11440,공덕동,202606,아파트_매매,마포현대,공덕동,188-108,84.87,166000,,,10,16,1988,,,,,,중개거래,
마포구,11440,도화동,202606,아파트_매매,정우상가맨션,도화동,536,126.07,147500,,,10,12,1983,,,,,,중개거래,
마포구,11440,상암동,202606,아파트_매매,상암월드컵파크3단지,상암동,1643,84.94,133000,,,4,16,2003,,,,,,중개거래,
마포구,11440,합정동,202606,아파트_매매,마포한강2차푸르지오,합정동,473,83.45,209000,,,30,4,2016,,,,,,중개거래,
마포구,11440,상암동,202606,아파트_매매,DMC상암센트럴파크2단지,상암동,1618,36.69,57000,,,1,3,2009,,,,,,중개거래,
마포구,11440,공덕동,202606,아파트_매매,한화꿈에그린,공덕동,460,84.939,175000,,,4,16,2004,,,,,,직거래,
마포구,11440,창전동,202606,아파트_매매,창전동현대홈타운,창전동,440,84.978,160000,,,4,15,2005,,,,,,중개거래,
마포구,11440,상암동,202606,아파트_매매,DMC상암센트럴파크2단지,상암동,1618,51.96,90000,,,3,15,2009,,,,,,중개거래,
마포구,11440,도화동,202606,아파트_매매,우성,도화동,82,141.515,210000,,,3,6,1991,,,,,,중개거래,
마포구,11440,서교동,202606,아파트_매매,대우미래사랑,서교동,487,34.29,30950,,,6,12,2005,,,,,,중개거래,
마포구,11440,공덕동,202606,아파트_매매,공덕3삼성래미안,공덕동,457,59.97,207500,,,16,13,2004,,,,,,중개거래,
마포구,11440,공덕동,202606,아파트_매매,공덕SK리더스뷰,공덕동,479,59.92,207500,,,20,11,2021,,,,,,중개거래,
마포구,11440,성산동,202606,아파트_매매,성산월드타운대림,성산동,601,59.888,108000,,,11,13,2004,,,,,,중개거래,
마포구,11440,창전동,202606,아파트_매매,중앙하이츠101동,창전동,42-7,57.86,59700,,,4,13,2007,,,,,,중개거래,
마포구,11440,상암동,202606,아파트_매매,상암월드컵파크7단지,상암동,1660,84.45,138000,,,6,12,2005,,,,,,중개거래,
마포구,11440,성산동,202606,아파트_매매,성산월드타운대림,성산동,601,84.549,100000,,,4,10,2004,,,,,,직거래,
마포구,11440,공덕동,202606,아파트_매매,한화꿈에그린,공덕동,460,84.939,193500,,,10,11,2004,,,,,,중개거래,
마포구,11440,중동,202606,아파트_매매,현대,중동,40-12,59.55,94000,,,6,11,2000,,,,,,중개거래,
마포구,11440,도화동,202606,아파트_매매,한화오벨리스크,도화동,555,85,150000,,,19,11,2004,,,,,,중개거래,
마포구,11440,도화동,202606,아파트_매매,현대홈타운,도화동,353,113.25,182500,,,20,11,2000,,,,,,중개거래,
마포구,11440,아현동,202606,아파트_매매,마포래미안푸르지오3단지,아현동,777,114.588,265000,,,14,11,2014,,,,,,중개거래,
마포구,11440,아현동,202606,아파트_매매,공덕자이,아현동,800,84.99,235000,,,8,6,2015,,,,,,중개거래,
마포구,11440,신공덕동,202606,아파트_매매,신공덕래미안2차,신공덕동,159,59.48,155000,,,8,11,2000,,,,,,중개거래,
마포구,11440,성산동,202606,아파트_매매,성산시영(유원),성산동,446,59.43,165500,,,13,5,1986,,,,,,중개거래,
마포구,11440,염리동,202606,아파트_매매,염리삼성래미안,염리동,520,59.76,164800,,,6,10,2001,,,,,,중개거래,
마포구,11440,아현동,202606,아파트_매매,더클래시,아현동,804,43.64,147000,,,12,3,2022,,,,,,중개거래,
마포구,11440,아현동,202606,아파트_매매,공덕자이,아현동,800,114.99,265000,,,19,4,2015,,,,,,중개거래,
마포구,11440,창전동,202606,아파트_매매,신촌태영데시앙,창전동,439,84.97,149000,,,2,8,2003,,,,,,중개거래,
마포구,11440,중동,202606,아파트_매매,DMC마포청구아파트,중동,390,84.9,111500,,,8,9,1994,,,,,,중개거래,
마포구,11440,공덕동,202606,아파트_매매,공덕2삼성래미안,공덕동,43,59.97,180000,,,19,8,2004,,,,,,중개거래,
마포구,11440,성산동,202606,아파트_매매,성산시영(대우),성산동,446,50.03,148000,,,10,8,1986,,,,,,중개거래,
마포구,11440,아현동,202606,아파트_매매,더클래시,아현동,804,84.98,239500,,,4,27,2022,,,,,,중개거래,
마포구,11440,창전동,202606,아파트_매매,해모로,창전동,443,83.871,185000,,,4,6,2007,,,,,,중개거래,
마포구,11440,상암동,202606,아파트_매매,상암월드컵파크9단지,상암동,1752,84.89,114000,,,8,7,2010,,,,,,중개거래,
마포구,11440,성산동,202606,아파트_매매,월드컵아이파크(667),성산동,667,59.73,112500,,,3,6,2009,,,,,,중개거래,
마포구,11440,아현동,202606,아파트_매매,마포센트럴 아이파크,아현동,802,111.1083,238000,,,17,6,2017,,,,,,중개거래,
마포구,11440,대흥동,202606,아파트_매매,대흥동태영아파트,대흥동,660,59.4,169000,,,2,6,1999,,,,,,중개거래,
마포구,11440,공덕동,202606,아파트_매매,마포현대,공덕동,188-108,84.87,162500,,,4,6,1988,,,,,,중개거래,
마포구,11440,망원동,202606,아파트_매매,마포한강아이파크,망원동,521,59.3883,165000,,,12,3,2019,,,,,,중개거래,
마포구,11440,아현동,202606,아파트_매매,마포래미안푸르지오4단지,아현동,777,84.5978,265000,,,21,5,2014,,,,,,중개거래,
마포구,11440,성산동,202606,아파트_매매,성산월드타운대림,성산동,601,84.549,127000,,,12,5,2004,,,,,,중개거래,
마포구,11440,공덕동,202606,아파트_매매,공덕1삼성래미안,공덕동,371,114.88,230000,,,24,5,1999,,,,,,중개거래,
마포구,11440,망원동,202606,아파트_매매,대림2,망원동,497,59.99,100000,,,1,5,2002,,,,,,중개거래,
마포구,11440,망원동,202606,아파트_매매,탑건진선미,망원동,506,84.95,100000,,,5,5,2004,,,,,,중개거래,
마포구,11440,아현동,202606,아파트_매매,마포래미안푸르지오3단지,아현동,777,59.9236,213000,,,20,5,2014,,,,,,중개거래,
마포구,11440,성산동,202606,아파트_매매,성산월드타운대림,성산동,601,84.689,115300,,,4,4,2004,,,,,,중개거래,
마포구,11440,대흥동,202606,아파트_매매,서희스타힐스,대흥동,12-41,12.85,16000,,,7,4,2014,,,,,,중개거래,
마포구,11440,망원동,202606,아파트_매매,마포월드컵제이스카이,망원동,523,49.61,76700,,,4,4,2021,,,,,,중개거래,
마포구,11440,서교동,202606,아파트_매매,대우미래사랑,서교동,487,57.36,59000,,,8,4,2005,,,,,,중개거래,
마포구,11440,망원동,202606,아파트_매매,미원1,망원동,478-27,58.98,63500,,,8,4,1996,,,,,,중개거래,
마포구,11440,상암동,202606,아파트_매매,상암월드컵파크9단지,상암동,1752,84.98,117000,,,6,4,2010,,,,,,중개거래,
마포구,11440,공덕동,202606,아파트_매매,공덕1삼성래미안,공덕동,371,59.74,173000,,,9,3,1999,,,,,,중개거래,
마포구,11440,창전동,202606,아파트_매매,창전래미안,창전동,437,59.94,140000,,,3,3,1998,,,,,,중개거래,
마포구,11440,상암동,202606,아파트_매매,상암월드컵파크6단지,상암동,1689,84.53,149200,,,8,1,2005,,,,,,중개거래,
마포구,11440,아현동,202606,아파트_매매,예미원,아현동,371-1,67.9,78000,,,3,3,1970,,,,,,중개거래,
마포구,11440,상암동,202606,아파트_매매,상암월드컵파크4단지,상암동,1655,104.78,169000,,,18,2,2006,,,,,,중개거래,
마포구,11440,중동,202606,아파트_매매,중동계룡아파트,중동,391,84.6,98500,,,4,1,2000,,,,,,중개거래,
마포구,11440,아현동,202606,아파트_매매,마포래미안푸르지오2단지,아현동,777,84.5978,243000,,,13,1,2014,,,,,,중개거래,
마포구,11440,아현동,202606,아파트_매매,공덕자이,아현동,800,59.99,210000,,,10,1,2015,,,,,,중개거래,
마포구,11440,망원동,202606,아파트_매매,삼화아크빌(470-2),망원동,470-2,103.9,94500,,,3,1,2005,,,,,,중개거래,
