gu_name,lawd_cd,region_name,deal_ym,deal_type,building_name,umd_name,jibun,area_m2,deal_amount,deposit,monthly_rent,floor,deal_day,build_year,contract_type,contract_term,pre_deposit,pre_monthly_rent,use_rr_right,dealing_gbn,cdeal_type
영등포구,11560,양평동3가,202608,오피스텔_전월세,에버하임,양평동3가,56,31.68,,33500,0,5,21,2021,신규,26.11~28.11,,,,,
영등포구,11560,영등포동3가,202608,오피스텔_전월세,제이캐슬,영등포동3가,16-1,22.68,,14000,30,4,20,2023,신규,26.09~28.09,,,,,
영등포구,11560,양평동2가,202608,오피스텔_전월세,힘멜하임,양평동2가,1-3,18.84,,1000,80,9,14,2014,신규,26.08~27.08,,,,,
영등포구,11560,양평동5가,202608,오피스텔_전월세,큐브스테이트,양평동5가,22-1,28.54,,26000,0,2,21,2018,신규,26.09~28.09,,,,,
영등포구,11560,신길동,202608,오피스텔_전월세,한울빌딩,신길동,160-37,51.24,,3000,125,4,7,2021,신규,26.09~27.09,,,,,
영등포구,11560,영등포동2가,202608,오피스텔_전월세,경문빌딩,영등포동2가,29-94,14.24,,800,65,8,21,2014,신규,26.08~27.08,,,,,
영등포구,11560,당산동1가,202608,오피스텔_전월세,나비드,당산동1가,185-9,29.95,,33000,0,2,19,2023,신규,26.09~28.09,,,,,
영등포구,11560,영등포동4가,202608,오피스텔_전월세,영등포 센트럴 푸르지오 시티,영등포동4가,443,29.75,,5000,80,21,21,2013,신규,26.08~27.08,,,,,
영등포구,11560,여의도동,202608,오피스텔_전월세,더하우스 소호 여의도 오피스텔,여의도동,17-9,23.63,,2000,110,4,21,2017,신규,26.10~27.10,,,,,
영등포구,11560,영등포동2가,202608,오피스텔_전월세,영등포 오피스텔,영등포동2가,29-58,18.72,,11000,0,6,21,2014,갱신,26.08~28.08,11000.0,,,,
영등포구,11560,도림동,202608,오피스텔_전월세,쌍용플래티넘시티1단지,도림동,820,62.42,,48000,0,3,8,2006,신규,26.11~28.11,,,,,
영등포구,11560,영등포동2가,202608,오피스텔_전월세,여의도 해링턴타워 196,영등포동2가,175,18.1,,3000,80,12,20,2022,신규,26.09~27.09,,,,,
영등포구,11560,영등포동7가,202608,오피스텔_전월세,은석오피스텔,영등포동7가,94-57,19.38,,1000,60,5,19,2010,신규,26.08~27.08,,,,,
영등포구,11560,양평동2가,202608,오피스텔_전월세,신동아하이팰리스,양평동2가,1-1,97.11,,60000,0,10,21,2005,신규,26.08~26.10,,,,,
영등포구,11560,당산동1가,202608,오피스텔_전월세,나비드,당산동1가,185-9,29.95,,33000,0,4,21,2023,신규,26.09~28.09,,,,,
영등포구,11560,당산동,202608,오피스텔_전월세,노들리안 오피스텔1,당산동,121-141,29.16,,15000,3,10,20,2011,신규,26.09~28.09,,,,,
영등포구,11560,당산동5가,202608,오피스텔_전월세,당산 삼성쉐르빌,당산동5가,9-2,24.12,,16400,30,7,11,2013,신규,26.08~28.08,,,,,
영등포구,11560,영등포동7가,202608,오피스텔_전월세,포레비떼,영등포동7가,29-126,26.54,,10321,0,2,18,2003,갱신,26.09~28.09,9830.0,,사용,,
영등포구,11560,여의도동,202608,오피스텔_전월세,시그니티 여의도,여의도동,10-3,47.79,,54000,0,3,20,2023,신규,26.09~28.09,,,,,
영등포구,11560,문래동5가,202608,오피스텔_전월세,금강 노블레스,문래동5가,5-3,32.11,,5000,111,6,18,2022,신규,26.08~27.08,,,,,
영등포구,11560,영등포동2가,202608,오피스텔_전월세,한가람 더원 301동,영등포동2가,94-204,51.15,,5000,190,7,14,2022,신규,26.09~28.12,,,,,
영등포구,11560,당산동5가,202608,오피스텔_전월세,당산역해링턴타워,당산동5가,9-3,23.92,,1000,83,17,14,2015,신규,26.08~27.08,,,,,
영등포구,11560,양평동4가,202608,오피스텔_전월세,구산드림타워,양평동4가,22-1,86.84,,35000,48,7,19,2007,갱신,26.11~28.11,35000.0,40.0,사용,,
영등포구,11560,당산동,202608,오피스텔_전월세,한산 오피스텔,당산동,121-44,21.76,,1000,48,12,8,2010,신규,26.08~27.08,,,,,
영등포구,11560,영등포동1가,202608,오피스텔_전월세,여의도 노블루체91,영등포동1가,110-6,21.98,,21600,20,4,20,2021,신규,26.10~28.10,,,,,
영등포구,11560,양평동1가,202608,오피스텔_전월세,(208-1),양평동1가,208-1,29.84,,3980,18,3,20,2021,갱신,26.09~28.08,2532.0,26.0,,,
영등포구,11560,당산동,202608,오피스텔_전월세,조인클로버,당산동,121-143,23.85,,20000,0,14,20,2019,신규,26.09~28.09,,,,,
영등포구,11560,당산동,202608,오피스텔_전월세,여의도 아리스타,당산동,121-61,19.93,,16300,30,7,20,2021,신규,26.09~28.09,,,,,
영등포구,11560,양평동2가,202608,오피스텔_전월세,신동아하이팰리스,양평동2가,1-1,72.13,,36500,0,7,20,2005,신규,26.11~28.11,,,,,
영등포구,11560,당산동,202608,오피스텔_전월세,여의도 아리스타,당산동,121-61,19.93,,16000,20,2,20,2021,신규,26.09~28.09,,,,,
영등포구,11560,당산동,202608,오피스텔_전월세,오피디움,당산동,121-261,26.4,,27700,0,4,20,2019,신규,26.10~28.09,,,,,
영등포구,11560,영등포동2가,202608,오피스텔_전월세,지뗌,영등포동2가,333,29.93,,1000,80,8,20,2004,신규,26.08~28.08,,,,,
영등포구,11560,영등포동7가,202608,오피스텔_전월세,미진오피스텔,영등포동7가,94-50,23.36,,3000,55,7,1,2019,신규,26.08~27.08,,,,,
영등포구,11560,영등포동7가,202608,오피스텔_전월세,루브르씨티,영등포동7가,94-52,26.74,,24000,0,4,6,2019,갱신,26.10~28.10,24000.0,,사용,,
영등포구,11560,영등포동8가,202608,오피스텔_전월세,메이준,영등포동8가,51-1,17.44,,500,60,2,1,2012,신규,26.08~27.08,,,,,
영등포구,11560,여의도동,202608,오피스텔_전월세,브라이튼 여의도,여의도동,525,29.87,,51000,0,10,20,2023,갱신,26.10~28.10,50000.0,,사용,,
영등포구,11560,영등포동2가,202608,오피스텔_전월세,여의도 디앤써밋,영등포동2가,94-154,20.74,,1000,73,2,5,2019,신규,26.08~27.08,,,,,
영등포구,11560,영등포동8가,202608,오피스텔_전월세,당산역 리버리치 오피스텔,영등포동8가,86,39.98,,5000,150,9,20,2016,신규,26.09~28.09,,,,,
영등포구,11560,영등포동6가,202608,오피스텔_전월세,윤성타워텔,영등포동6가,67-1,30.2,,10500,0,6,12,1998,갱신,26.09~28.09,10000.0,,,,
영등포구,11560,영등포동2가,202608,오피스텔_전월세,(94-259),영등포동2가,94-259,19.18,,17800,0,6,6,2020,갱신,26.08~28.08,18000.0,,,,
영등포구,11560,영등포동1가,202608,오피스텔_전월세,여의도더리브스타일,영등포동1가,94-2,19.36,,18450,14,6,9,2020,갱신,26.08~28.08,18450.0,10.0,사용,,
영등포구,11560,양평동6가,202608,오피스텔_전월세,엠케이유앤미,양평동6가,82-1,27.5,,31000,4,3,17,2020,갱신,26.09~28.09,30500.0,,,,
영등포구,11560,영등포동2가,202608,오피스텔_전월세,여의샛강 소미골드5차,영등포동2가,214,21.38,,20000,0,5,19,2022,신규,26.09~28.09,,,,,
영등포구,11560,양평동6가,202608,오피스텔_전월세,금강노블레스,양평동6가,81,31.45,,34500,0,3,19,2022,갱신,26.11~28.11,33000.0,,사용,,
영등포구,11560,신길동,202608,오피스텔_전월세,정원쉐르빌,신길동,235-4,17.8,,13000,0,6,13,2014,신규,26.09~28.09,,,,,
영등포구,11560,양평동5가,202608,오피스텔_전월세,에듀시티에비앙,양평동5가,51,28.6,,26700,0,9,10,2017,갱신,26.08~28.08,25700.0,,사용,,
영등포구,11560,신길동,202608,오피스텔_전월세,디에이원파크,신길동,101-13,30.27,,31500,0,6,18,2020,갱신,26.10~28.10,30000.0,,,,
영등포구,11560,영등포동7가,202608,오피스텔_전월세,루브르씨티,영등포동7가,94-52,28.73,,1000,94,3,16,2019,신규,26.08~27.08,,,,,
영등포구,11560,영등포동3가,202608,오피스텔_전월세,제이캐슬,영등포동3가,16-1,23.86,,10000,57,4,4,2023,신규,26.09~28.09,,,,,
영등포구,11560,영등포동3가,202608,오피스텔_전월세,제이캐슬,영등포동3가,16-1,23.86,,22000,0,12,19,2023,갱신,26.11~28.11,21500.0,,,,
영등포구,11560,여의도동,202608,오피스텔_전월세,브라이튼 여의도,여의도동,525,29.69,,38588,0,4,4,2023,신규,26.11~27.11,,,,,
영등포구,11560,당산동6가,202608,오피스텔_전월세,한스파크빌,당산동6가,237-18,42.83,,12000,80,2,17,,신규,26.10~28.10,,,,,
영등포구,11560,신길동,202608,오피스텔_전월세,디에이원파크,신길동,101-13,30.69,,31500,0,3,17,2020,신규,26.10~28.10,,,,,
영등포구,11560,양평동3가,202608,오피스텔_전월세,포엠빌,양평동3가,78-20,28.89,,100,46,14,19,2023,신규,26.08~28.12,,,,,
영등포구,11560,영등포동2가,202608,오피스텔_전월세,글로벌MJ10,영등포동2가,164,29.18,,5000,130,13,3,2024,신규,26.08~28.08,,,,,
영등포구,11560,당산동1가,202608,오피스텔_전월세,펠리스 빌,당산동1가,255-21,25.09,,22700,8,8,18,2017,신규,26.10~28.10,,,,,
영등포구,11560,영등포동3가,202608,오피스텔_전월세,여의도 포레스트 시티,영등포동3가,4-1,18.56,,1000,80,14,14,2021,신규,26.08~27.08,,,,,
영등포구,11560,당산동4가,202608,오피스텔_전월세,(32-66),당산동4가,32-66,15.68,,500,63,3,19,2002,신규,26.08~27.08,,,,,
영등포구,11560,양평동3가,202608,오피스텔_전월세,포엠빌,양평동3가,78-20,28.53,,100,44,6,19,2023,신규,26.08~28.12,,,,,
영등포구,11560,양평동3가,202608,오피스텔_전월세,포엠빌,양평동3가,78-20,28.53,,100,45,12,19,2023,신규,26.08~28.12,,,,,
영등포구,11560,문래동6가,202608,오피스텔_전월세,문래크라운팰리스,문래동6가,34-1,28.17,,24000,14,6,18,2018,갱신,26.10~28.10,24000.0,9.0,,,
영등포구,11560,도림동,202608,오피스텔_전월세,쌍용플래티넘시티1단지,도림동,820,87.22,,45000,60,5,16,2006,신규,26.12~28.12,,,,,
영등포구,11560,양평동2가,202608,오피스텔_전월세,양평동월드메르디앙오피스텔,양평동2가,1-2,83.28,,10000,180,4,14,2005,신규,26.09~28.09,,,,,
영등포구,11560,영등포동8가,202608,오피스텔_전월세,당산역 리버리치 오피스텔,영등포동8가,86,22.9,,5000,65,2,11,2016,갱신,26.08~27.08,5000.0,61.0,,,
영등포구,11560,영등포동3가,202608,오피스텔_전월세,제이캐슬,영등포동3가,16-1,17.62,,12000,23,9,12,2023,신규,26.09~28.09,,,,,
영등포구,11560,영등포동4가,202608,오피스텔_전월세,영등포 센트럴 푸르지오 시티,영등포동4가,443,29.75,,5000,80,21,19,2013,신규,26.08~27.08,,,,,
영등포구,11560,당산동3가,202608,오피스텔_전월세,해라톤,당산동3가,395-12,24.99,,29900,0,7,13,2020,갱신,26.09~28.09,28500.0,,,,
영등포구,11560,양평동2가,202608,오피스텔_전월세,신동아하이팰리스,양평동2가,1-1,72.13,,46000,0,3,18,2005,신규,26.10~28.09,,,,,
영등포구,11560,양평동3가,202608,오피스텔_전월세,양평 브릴리언트,양평동3가,3-1,29.55,,30150,15,2,15,2020,갱신,26.11~28.11,32800.0,,사용,,
영등포구,11560,영등포동8가,202608,오피스텔_전월세,당산역 리버리치 오피스텔,영등포동8가,86,39.98,,20000,68,12,17,2016,신규,26.11~28.11,,,,,
영등포구,11560,신길동,202608,오피스텔_전월세,신길 AK 푸르지오,신길동,255-9,78.12,,10000,250,17,17,2024,갱신,26.10~28.10,10000.0,250.0,사용,,
영등포구,11560,문래동6가,202608,오피스텔_전월세,문래파라곤,문래동6가,16-2,87.85,,54400,0,5,18,2005,갱신,26.09~28.09,52000.0,,사용,,
영등포구,11560,신길동,202608,오피스텔_전월세,JS타워,신길동,236,18.57,,1000,100,4,18,2024,신규,26.08~27.08,,,,,
영등포구,11560,당산동2가,202608,오피스텔_전월세,문래역 대우미래사랑3차(B),당산동2가,15-2,103.77,,67000,0,9,10,2004,갱신,26.10~28.10,64000.0,,사용,,
영등포구,11560,영등포동3가,202608,오피스텔_전월세,WD스퀘어,영등포동3가,20,16.83,,2000,73,10,3,2020,신규,26.08~27.08,,,,,
영등포구,11560,영등포동2가,202608,오피스텔_전월세,글로벌MJ10,영등포동2가,164,29.18,,5000,130,13,12,2024,신규,26.09~28.09,,,,,
영등포구,11560,당산동,202608,오피스텔_전월세,리버뷰,당산동,121-130,24.68,,12000,17,2,12,2015,신규,26.09~28.09,,,,,
영등포구,11560,당산동,202608,오피스텔_전월세,리스빌,당산동,121-43,17.16,,3000,55,6,11,2012,신규,26.08~27.08,,,,,
영등포구,11560,당산동,202608,오피스텔_전월세,신성월드오피스텔,당산동,121-112,23.56,,1000,70,5,5,1998,신규,26.08~27.08,,,,,
영등포구,11560,당산동6가,202608,오피스텔_전월세,한강 더채움,당산동6가,280-1,29.98,,5000,163,7,17,2022,신규,26.08~27.08,,,,,
영등포구,11560,당산동,202608,오피스텔_전월세,오피디움,당산동,121-261,26.4,,28000,0,3,17,2019,신규,26.09~28.09,,,,,
영등포구,11560,영등포동5가,202608,오피스텔_전월세,휴젠느,영등포동5가,88,36.92,,26000,17,5,17,2019,신규,26.09~27.09,,,,,
영등포구,11560,당산동6가,202608,오피스텔_전월세,위더스하임,당산동6가,1-3,26.66,,26600,11,4,17,2019,신규,26.10~28.10,,,,,
영등포구,11560,당산동,202608,오피스텔_전월세,리오팰리스,당산동,121-81,20.69,,2000,66,7,18,2015,신규,26.08~27.08,,,,,
영등포구,11560,양평동4가,202608,오피스텔_전월세,르네상스 한강 오피스텔,양평동4가,281,23.4,,16000,30,15,17,2004,신규,26.10~28.10,,,,,
영등포구,11560,영등포동8가,202608,오피스텔_전월세,한양아이클래스 오피스텔,영등포동8가,42-1,19.86,,3000,55,5,1,2014,신규,26.09~28.09,,,,,
영등포구,11560,당산동4가,202608,오피스텔_전월세,(32-66),당산동4가,32-66,18.48,,1000,70,6,12,2002,신규,26.08~27.08,,,,,
영등포구,11560,영등포동4가,202608,오피스텔_전월세,영등포 센트럴 푸르지오 시티,영등포동4가,443,29.75,,1000,100,9,3,2013,신규,26.08~27.08,,,,,
영등포구,11560,영등포동1가,202608,오피스텔_전월세,여의도광장,영등포동1가,26-1,16.32,,16000,4,7,11,2020,신규,26.09~28.09,,,,,
영등포구,11560,당산동4가,202608,오피스텔_전월세,코오롱 스타폴리스,당산동4가,1-2,40.28,,1000,97,2,18,2005,신규,26.09~27.09,,,,,
영등포구,11560,양평동5가,202608,오피스텔_전월세,에듀시티에비앙,양평동5가,51,28.6,,3000,103,10,14,2017,신규,26.08~27.08,,,,,
영등포구,11560,양평동2가,202608,오피스텔_전월세,신동아하이팰리스,양평동2가,1-1,71.47,,44000,0,8,17,2005,신규,26.10~28.10,,,,,
영등포구,11560,신길동,202608,오피스텔_전월세,대우 디오빌 골든뷰 오피스텔,신길동,22-5,28.29,,1000,85,15,8,2004,신규,26.08~27.08,,,,,
영등포구,11560,양평동4가,202608,오피스텔_전월세,선유도한강오피스텔,양평동4가,238-2,34.69,,24150,0,9,15,2017,신규,26.10~28.10,,,,,
영등포구,11560,도림동,202608,오피스텔_전월세,도림동 하나아파텔(1차),도림동,265-1,48.32,,2000,110,11,14,2003,갱신,26.08~27.05,2000.0,100.0,사용,,
영등포구,11560,대림동,202608,오피스텔_전월세,대동빌딩,대림동,706-3,22.81,,10000,4,8,11,2004,신규,26.09~28.09,,,,,
영등포구,11560,도림동,202608,오피스텔_전월세,쌍용플래티넘시티1단지,도림동,820,62.42,,2000,160,8,7,2006,신규,26.11~28.11,,,,,
영등포구,11560,양평동3가,202608,오피스텔_전월세,양평 브릴리언트,양평동3가,3-1,29.55,,30000,13,10,14,2020,갱신,26.10~28.10,30000.0,7.0,사용,,
영등포구,11560,양평동4가,202608,오피스텔_전월세,소미골드라인Ⅱ,양평동4가,214,29.17,,24000,22,2,15,2019,신규,26.10~28.10,,,,,
영등포구,11560,양평동6가,202608,오피스텔_전월세,정현파라베나,양평동6가,2-2,28.29,,30000,16,13,13,2021,갱신,26.10~28.10,30000.0,10.0,,,
영등포구,11560,신길동,202608,오피스텔_전월세,JS타워,신길동,236,29.5,,2000,130,4,8,2024,신규,26.08~27.08,,,,,
영등포구,11560,영등포동1가,202608,오피스텔_전월세,팰리스페트라,영등포동1가,24,29.19,,19800,0,7,14,2017,신규,26.09~28.09,,,,,
영등포구,11560,영등포동1가,202608,오피스텔_전월세,여의도더리브스타일,영등포동1가,94-2,19.36,,18000,15,8,17,2020,신규,26.09~28.09,,,,,
영등포구,11560,도림동,202608,오피스텔_전월세,쌍용플래티넘시티1단지,도림동,820,62.88,,43000,30,9,13,2006,갱신,26.10~27.01,43000.0,,,,
영등포구,11560,영등포동1가,202608,오피스텔_전월세,페트라,영등포동1가,22-1,19.42,,14400,5,6,12,2015,갱신,26.10~28.10,14000.0,5.0,,,
영등포구,11560,영등포동3가,202608,오피스텔_전월세,제이캐슬,영등포동3가,16-1,23.86,,18000,13,6,11,2023,신규,26.09~28.09,,,,,
영등포구,11560,영등포동7가,202608,오피스텔_전월세,여의도 웨스턴 힐 오피스텔,영등포동7가,104-5,17.38,,20580,0,5,14,2022,갱신,26.08~28.08,19600.0,,,,
영등포구,11560,당산동3가,202608,오피스텔_전월세,해라톤,당산동3가,395-12,27.4,,29000,0,5,17,2020,신규,26.09~28.09,,,,,
영등포구,11560,양평동6가,202608,오피스텔_전월세,선유도 소미골드Ⅳ,양평동6가,9-3,28.69,,26000,11,4,15,2020,신규,26.09~28.09,,,,,
영등포구,11560,영등포동7가,202608,오피스텔_전월세,더 퍼스트,영등포동7가,94-62,20.51,,18000,9,6,14,2018,갱신,26.08~27.08,18250.0,5.0,,,
영등포구,11560,영등포동2가,202608,오피스텔_전월세,여의도 리브하임,영등포동2가,94-116,19.02,,20000,0,3,14,2022,갱신,26.08~27.08,20000.0,,,,
영등포구,11560,여의도동,202608,오피스텔_전월세,더하우스 소호 여의도 오피스텔,여의도동,17-9,23.63,,2000,94,13,11,2017,갱신,26.08~27.08,2000.0,90.0,,,
영등포구,11560,여의도동,202608,오피스텔_전월세,나라키움여의도빌딩,여의도동,55-2,22.89,,1030,94,11,12,2018,갱신,26.10~28.10,1000.0,92.0,사용,,
영등포구,11560,영등포동3가,202608,오피스텔_전월세,제이캐슬,영등포동3가,16-1,22.68,,14000,28,6,8,2023,신규,26.08~28.08,,,,,
영등포구,11560,영등포동8가,202608,오피스텔_전월세,한양아이클래스 오피스텔,영등포동8가,42-1,19.86,,1000,70,9,14,2014,신규,26.08~27.03,,,,,
영등포구,11560,당산동4가,202608,오피스텔_전월세,탑빌딩,당산동4가,32-104,27.93,,5000,33,5,1,2003,신규,26.09~28.09,,,,,
영등포구,11560,영등포동7가,202608,오피스텔_전월세,골든힐,영등포동7가,94-13,48.91,,33500,0,3,14,2016,신규,26.09~28.09,,,,,
영등포구,11560,당산동5가,202608,오피스텔_전월세,데시앙루브 오피스텔,당산동5가,8,28.24,,1000,110,12,13,2014,신규,26.09~28.09,,,,,
영등포구,11560,영등포동2가,202608,오피스텔_전월세,리치스퀘어,영등포동2가,28-114,32.46,,28500,0,6,12,2020,신규,26.09~28.09,,,,,
영등포구,11560,대림동,202608,오피스텔_전월세,에스케이이그랑빌,대림동,740-1,36.54,,5000,135,8,10,2022,신규,26.08~28.08,,,,,
영등포구,11560,당산동,202608,오피스텔_전월세,엠캐슬123,당산동,171-30,19.85,,19100,0,2,13,2021,신규,26.09~28.09,,,,,
영등포구,11560,여의도동,202608,오피스텔_전월세,(주)신한 여의도 드림리버 오피스텔,여의도동,12-3,24.5,,22000,13,8,12,2019,신규,26.08~28.08,,,,,
영등포구,11560,도림동,202608,오피스텔_전월세,도림동  디에이원파크,도림동,229-2,29.47,,35400,30,12,13,2024,갱신,26.10~28.10,36000.0,30.0,,,
영등포구,11560,영등포동2가,202608,오피스텔_전월세,지뗌,영등포동2가,333,29.93,,1000,75,6,11,2004,신규,26.08~28.08,,,,,
영등포구,11560,대림동,202608,오피스텔_전월세,G밸리소홈,대림동,1101-7,20.21,,1000,65,5,13,2018,신규,26.09~27.09,,,,,
영등포구,11560,당산동5가,202608,오피스텔_전월세,당산역해링턴타워,당산동5가,9-3,23.59,,20700,10,19,10,2015,갱신,26.08~27.08,20700.0,10.0,,,
영등포구,11560,양평동2가,202608,오피스텔_전월세,스카이시티,양평동2가,22-1,18.18,,1000,60,10,12,2014,신규,26.08~28.08,,,,,
영등포구,11560,당산동5가,202608,오피스텔_전월세,데시앙루브 오피스텔,당산동5가,8,28.24,,20200,10,3,13,2014,신규,26.09~28.09,,,,,
영등포구,11560,양평동6가,202608,오피스텔_전월세,금강노블레스,양평동6가,81,31.47,,36000,0,7,13,2022,신규,26.10~28.10,,,,,
영등포구,11560,당산동5가,202608,오피스텔_전월세,당산역해링턴타워,당산동5가,9-3,23.92,,2000,83,17,13,2015,신규,26.10~27.10,,,,,
영등포구,11560,문래동6가,202608,오피스텔_전월세,문래투웨니퍼스트,문래동6가,29-1,27.59,,2000,140,13,13,2018,신규,26.08~27.08,,,,,
영등포구,11560,양평동5가,202608,오피스텔_전월세,한강프리젠,양평동5가,94,29.94,,25200,20,6,12,,신규,26.10~28.10,,,,,
영등포구,11560,영등포동2가,202608,오피스텔_전월세,다보스텔,영등포동2가,328-1,19.89,,3000,91,4,1,2022,신규,26.08~28.08,,,,,
영등포구,11560,당산동3가,202608,오피스텔_전월세,당산동 디벨리움,당산동3가,6-3,26.01,,26000,30,7,13,2019,갱신,26.09~28.09,26000.0,25.0,사용,,
영등포구,11560,여의도동,202608,오피스텔_전월세,브라이튼 여의도,여의도동,525,29.56,,27000,100,41,4,2023,신규,26.10~27.10,,,,,
영등포구,11560,영등포동1가,202608,오피스텔_전월세,여의도더리브스타일,영등포동1가,94-2,26.49,,4000,120,23,12,2020,신규,26.08~27.08,,,,,
영등포구,11560,신길동,202608,오피스텔_전월세,프리가,신길동,65-21,18.07,,10000,20,2,12,2013,갱신,26.09~28.09,10000.0,20.0,,,
영등포구,11560,문래동6가,202608,오피스텔_전월세,문래임광그대가,문래동6가,8,85.26,,15000,130,14,13,2005,신규,26.08~28.08,,,,,
영등포구,11560,양평동3가,202608,오피스텔_전월세,에버하임,양평동3가,56,31.66,,33500,0,4,13,2021,신규,26.10~28.10,,,,,
영등포구,11560,당산동1가,202608,오피스텔_전월세,펠리스 빌,당산동1가,255-21,26.3,,23300,3,4,1,2017,신규,26.08~28.08,,,,,
영등포구,11560,영등포동1가,202608,오피스텔_전월세,여의도더리브스타일,영등포동1가,94-2,19.36,,18400,10,15,11,2020,신규,26.09~28.09,,,,,
영등포구,11560,영등포동1가,202608,오피스텔_전월세,여의도더리브스타일,영등포동1가,94-2,19.36,,1000,86,21,8,2020,갱신,26.09~27.09,1000.0,82.0,사용,,
영등포구,11560,양평동2가,202608,오피스텔_전월세,한경 LAXEPLACE,양평동2가,19-1,34.33,,35300,0,10,8,2021,갱신,26.11~28.11,35000.0,,사용,,
영등포구,11560,당산동5가,202608,오피스텔_전월세,당산역해링턴타워,당산동5가,9-3,23.92,,1000,95,11,12,2015,신규,26.08~27.08,,,,,
영등포구,11560,여의도동,202608,오피스텔_전월세,여의도금호리첸시아,여의도동,61,43.56,,3000,150,6,3,2003,신규,26.08~27.08,,,,,
영등포구,11560,당산동5가,202608,오피스텔_전월세,당산역해링턴타워,당산동5가,9-3,23.92,,18900,25,19,12,2015,신규,26.09~28.09,,,,,
영등포구,11560,양평동1가,202608,오피스텔_전월세,(208-1),양평동1가,208-1,20.99,,6900,10,3,13,2021,갱신,26.09~28.08,5314.0,9.0,,,
영등포구,11560,영등포동2가,202608,오피스텔_전월세,와이에이치빌리지,영등포동2가,94-319,17.51,,17600,0,5,5,2020,신규,26.08~28.10,,,,,
영등포구,11560,양평동5가,202608,오피스텔_전월세,큐브스테이트,양평동5가,22-1,31.68,,28870,10,3,1,2018,갱신,26.09~27.09,28870.0,10.0,,,
영등포구,11560,양평동6가,202608,오피스텔_전월세,선유도 소미골드Ⅳ,양평동6가,9-3,28.19,,29500,0,11,12,2020,신규,26.09~28.09,,,,,
영등포구,11560,당산동,202608,오피스텔_전월세,오피디움,당산동,121-261,25.62,,27500,0,7,12,2019,신규,26.08~28.08,,,,,
영등포구,11560,당산동3가,202608,오피스텔_전월세,밀레니엄,당산동3가,395-17,29.03,,28500,0,3,12,,신규,26.08~27.02,,,,,
영등포구,11560,영등포동4가,202608,오피스텔_전월세,영등포 센트럴 푸르지오 시티,영등포동4가,443,29.75,,20000,0,13,13,2013,신규,26.09~28.09,,,,,
영등포구,11560,당산동4가,202608,오피스텔_전월세,코오롱 스타폴리스,당산동4가,1-2,88.17,,52000,46,11,13,2005,신규,26.09~27.08,,,,,
영등포구,11560,영등포동2가,202608,오피스텔_전월세,글로벌MJ10,영등포동2가,164,28.53,,5000,130,11,12,2024,신규,26.08~28.08,,,,,
영등포구,11560,여의도동,202608,오피스텔_전월세,여의도 현대마에스트로 오피스텔,여의도동,15-11,27.71,,2000,120,5,12,2025,신규,26.08~27.08,,,,,
영등포구,11560,양평동2가,202608,오피스텔_전월세,오목교투웨니퍼스트,양평동2가,37-3,28.63,,26000,0,13,12,2017,신규,26.10~28.10,,,,,
영등포구,11560,양평동2가,202608,오피스텔_전월세,우남프르미아 오피스텔,양평동2가,6-1,57.7,,3000,150,6,13,2005,신규,26.09~28.09,,,,,
영등포구,11560,영등포동5가,202608,오피스텔_전월세,리첸스타,영등포동5가,82-1,20.04,,20150,0,3,12,2019,신규,26.08~28.08,,,,,
영등포구,11560,당산동3가,202608,오피스텔_전월세,파인하임,당산동3가,421-2,26.56,,30450,0,2,12,2023,갱신,26.10~28.09,29000.0,,,,
영등포구,11560,양평동2가,202608,오피스텔_전월세,오목교투웨니퍼스트,양평동2가,37-3,28.63,,5000,115,4,3,2017,신규,26.08~28.08,,,,,
영등포구,11560,도림동,202608,오피스텔_전월세,에스제이팰리스,도림동,195-5,38.81,,3000,105,5,12,2019,신규,26.09~28.09,,,,,
영등포구,11560,양평동2가,202608,오피스텔_전월세,힘멜하임,양평동2가,1-3,18.84,,1000,80,11,12,2014,신규,26.08~27.08,,,,,
영등포구,11560,양평동5가,202608,오피스텔_전월세,선유도역 마들렌 오피스텔,양평동5가,24-1,25.82,,19200,5,7,12,2021,신규,26.08~28.08,,,,,
영등포구,11560,당산동5가,202608,오피스텔_전월세,당산역해링턴타워,당산동5가,9-3,28.74,,23000,15,15,12,2015,신규,26.08~28.08,,,,,
영등포구,11560,영등포동7가,202608,오피스텔_전월세,아크로조인,영등포동7가,94-299,42.03,,29100,14,4,3,2018,갱신,26.09~28.09,28600.0,10.0,사용,,
영등포구,11560,당산동5가,202608,오피스텔_전월세,당산역해링턴타워,당산동5가,9-3,26.56,,1000,97,5,11,2015,신규,26.10~27.10,,,,,
영등포구,11560,당산동5가,202608,오피스텔_전월세,당산 삼성쉐르빌,당산동5가,9-2,24.12,,17300,25,7,11,2013,신규,26.08~28.08,,,,,
영등포구,11560,당산동5가,202608,오피스텔_전월세,데시앙루브 오피스텔,당산동5가,8,28.24,,9000,54,9,8,2014,갱신,26.08~28.08,9000.0,52.0,,,
영등포구,11560,영등포동2가,202608,오피스텔_전월세,글로벌MJ10,영등포동2가,164,29.18,,3000,140,12,12,2024,신규,26.10~28.10,,,,,
영등포구,11560,영등포동1가,202608,오피스텔_전월세,대승프린스텔,영등포동1가,20-1,13.19,,5500,0,5,8,2001,신규,26.09~28.09,,,,,
영등포구,11560,당산동1가,202608,오피스텔_전월세,더채움오피스텔,당산동1가,260,27.94,,27000,0,7,8,2020,갱신,26.09~28.09,27000.0,,,,
영등포구,11560,영등포동7가,202608,오피스텔_전월세,금강하우징,영등포동7가,94-184,34.22,,28850,5,3,11,2019,갱신,26.08~28.08,28850.0,,,,
영등포구,11560,여의도동,202608,오피스텔_전월세,브라이튼 여의도,여의도동,525,29.98,,45000,0,5,5,2023,갱신,26.09~28.09,5000.0,170.0,,,
영등포구,11560,양평동3가,202608,오피스텔_전월세,양평역 대우미래사랑,양평동3가,34,85.23,,30000,150,18,8,2004,신규,26.10~28.10,,,,,
영등포구,11560,영등포동2가,202608,오피스텔_전월세,지뗌,영등포동2가,333,29.93,,1000,75,9,9,2004,신규,26.08~27.08,,,,,
영등포구,11560,도림동,202608,오피스텔_전월세,도림동  디에이원파크,도림동,229-2,29.47,,30000,8,10,11,2024,갱신,26.10~28.10,30000.0,,,,
영등포구,11560,양평동4가,202608,오피스텔_전월세,그랑드빌,양평동4가,32-8,26.82,,11000,20,2,4,2003,신규,26.09~28.09,,,,,
영등포구,11560,양평동6가,202608,오피스텔_전월세,금강노블레스,양평동6가,81,31.47,,36000,0,8,8,2022,신규,26.09~28.09,,,,,
영등포구,11560,영등포동1가,202608,오피스텔_전월세,여의도투웨니퍼스트,영등포동1가,92-4,42.31,,32000,0,2,6,2018,갱신,26.09~28.09,32000.0,,,,
영등포구,11560,영등포동1가,202608,오피스텔_전월세,명남더블레스,영등포동1가,121-3,17.63,,19700,0,12,10,2021,신규,26.09~28.09,,,,,
영등포구,11560,영등포동5가,202608,오피스텔_전월세,트리베카,영등포동5가,78,36.28,,33000,0,5,11,2021,신규,26.09~28.09,,,,,
영등포구,11560,영등포동3가,202608,오피스텔_전월세,소담더블린,영등포동3가,1-9,17.13,,11500,0,10,11,2018,신규,26.09~28.09,,,,,
영등포구,11560,영등포동1가,202608,오피스텔_전월세,여의도 포레디움,영등포동1가,107,20.05,,20065,0,13,9,2021,신규,26.09~28.09,,,,,
영등포구,11560,여의도동,202608,오피스텔_전월세,브라이튼 여의도,여의도동,525,29.98,,3000,210,28,7,2023,신규,26.09~27.09,,,,,
영등포구,11560,양평동1가,202608,오피스텔_전월세,(208-1),양평동1가,208-1,29.84,,5956,6,2,11,2021,갱신,26.09~28.08,5956.0,6.0,,,
영등포구,11560,당산동,202608,오피스텔_전월세,(121-168),당산동,121-168,17.26,,3000,45,6,10,2012,신규,26.09~28.09,,,,,
영등포구,11560,양평동3가,202608,오피스텔_전월세,더라임,양평동3가,37-3,21.88,,23580,4,3,11,2020,신규,26.09~28.09,,,,,
영등포구,11560,영등포동3가,202608,오피스텔_전월세,로프트시티,영등포동3가,3-3,39.2,,8935,92,15,11,2022,신규,26.08~28.10,,,,,
영등포구,11560,영등포동2가,202608,오피스텔_전월세,여의도 해링턴타워 196,영등포동2가,175,18.1,,20000,0,4,8,2022,갱신,26.08~28.08,20000.0,,,,
영등포구,11560,영등포동1가,202608,오피스텔_전월세,여의도더리브스타일,영등포동1가,94-2,19.36,,18450,0,6,10,2020,신규,26.09~28.09,,,,,
영등포구,11560,문래동6가,202608,오피스텔_전월세,문래동 현대홈시티1,문래동6가,1-1,72.42,,30000,80,8,8,2004,신규,26.09~28.09,,,,,
영등포구,11560,당산동5가,202608,오피스텔_전월세,당산역해링턴타워,당산동5가,9-3,23.59,,1000,90,5,3,2015,신규,26.08~27.08,,,,,
영등포구,11560,영등포동4가,202608,오피스텔_전월세,영등포 센트럴 푸르지오 시티,영등포동4가,443,29.75,,20160,17,9,7,2013,갱신,26.08~28.08,20700.0,15.0,,,
영등포구,11560,당산동,202608,오피스텔_전월세,현대뉴스타오피스텔,당산동,121-107,27.54,,8000,10,7,3,1993,신규,26.09~28.08,,,,,
영등포구,11560,영등포동8가,202608,오피스텔_전월세,레시오 오피스텔,영등포동8가,45-5,26.97,,27800,0,8,10,2021,신규,26.09~28.09,,,,,
영등포구,11560,신길동,202608,오피스텔_전월세,동아파크텔,신길동,192-155,22.51,,200,45,4,10,2004,신규,26.08~27.08,,,,,
영등포구,11560,당산동4가,202608,오피스텔_전월세,블리스다임빌,당산동4가,32-22,27.85,,27000,30,3,8,2017,신규,26.09~28.09,,,,,
영등포구,11560,당산동5가,202608,오피스텔_전월세,당산역해링턴타워,당산동5가,9-3,23.59,,18900,25,10,8,2015,갱신,26.09~28.09,21500.0,,,,
영등포구,11560,영등포동3가,202608,오피스텔_전월세,여의도 포레스트 시티,영등포동3가,4-1,25.65,,22000,20,15,1,2021,신규,26.08~28.08,,,,,
영등포구,11560,양평동6가,202608,오피스텔_전월세,선유도 더채움,양평동6가,2-4,21.9,,24400,2,13,1,2022,신규,26.09~28.09,,,,,
영등포구,11560,영등포동7가,202608,오피스텔_전월세,골든힐,영등포동7가,94-355,39.52,,3000,92,3,10,,신규,26.10~28.10,,,,,
영등포구,11560,영등포동2가,202608,오피스텔_전월세,(94-126),영등포동2가,94-126,21.92,,12000,20,3,1,2016,갱신,26.09~28.09,12000.0,20.0,사용,,
영등포구,11560,신길동,202608,오피스텔_전월세,JS타워,신길동,236,29.5,,1000,130,11,7,2024,신규,26.08~27.08,,,,,
영등포구,11560,영등포동7가,202608,오피스텔_전월세,영등포 리버텔,영등포동7가,94-64,25.57,,9000,15,8,3,2004,신규,26.09~28.09,,,,,
영등포구,11560,신길동,202608,오피스텔_전월세,콘펠리체,신길동,449-20,14.88,,3000,70,11,10,,신규,26.08~27.08,,,,,
영등포구,11560,영등포동7가,202608,오피스텔_전월세,한가람 더원,영등포동7가,94-328,25.55,,21900,10,10,8,2020,갱신,26.09~28.09,23500.0,,,,
영등포구,11560,영등포동7가,202608,오피스텔_전월세,은석오피스텔,영등포동7가,94-57,18.81,,11300,10,2,10,2010,갱신,26.08~28.08,10800.0,10.0,,,
영등포구,11560,여의도동,202608,오피스텔_전월세,리버타워,여의도동,61-5,40.39,,16000,30,8,3,2000,신규,26.08~28.08,,,,,
영등포구,11560,영등포동1가,202608,오피스텔_전월세,여의도 노블루체91,영등포동1가,110-6,22.65,,25000,18,19,8,2021,신규,26.09~28.09,,,,,
영등포구,11560,영등포동3가,202608,오피스텔_전월세,제이캐슬,영등포동3가,16-1,18.78,,17500,0,12,10,2023,갱신,26.10~27.10,17500.0,,사용,,
영등포구,11560,영등포동1가,202608,오피스텔_전월세,여의도광장,영등포동1가,26-1,16.32,,15500,8,9,7,2020,갱신,26.10~28.10,15500.0,5.0,,,
영등포구,11560,영등포동1가,202608,오피스텔_전월세,팰리스페트라,영등포동1가,24,21.28,,14700,10,4,8,2017,신규,26.09~28.09,,,,,
영등포구,11560,신길동,202608,오피스텔_전월세,JS타워,신길동,236,29.5,,1000,130,5,10,2024,신규,26.08~27.08,,,,,
영등포구,11560,당산동5가,202608,오피스텔_전월세,당산 삼성쉐르빌,당산동5가,9-2,25.09,,1000,90,5,7,2013,신규,26.08~27.08,,,,,
영등포구,11560,양평동1가,202608,오피스텔_전월세,네오하임(NEOHEIM),양평동1가,120-14,34.87,,26460,0,2,5,2019,신규,26.08~28.08,,,,,
영등포구,11560,대림동,202608,오피스텔_전월세,대동빌딩,대림동,706-3,22.81,,10500,2,10,9,2004,신규,26.08~28.08,,,,,
영등포구,11560,양평동5가,202608,오피스텔_전월세,큐브스테이트,양평동5가,22-1,31.68,,28800,10,2,8,2018,신규,26.10~28.10,,,,,
영등포구,11560,영등포동3가,202608,오피스텔_전월세,WD스퀘어,영등포동3가,20,15.66,,1000,70,6,3,2020,갱신,26.08~27.08,1000.0,70.0,,,
영등포구,11560,당산동3가,202608,오피스텔_전월세,더하우스,당산동3가,1-7,29.54,,5000,150,4,8,2023,신규,26.09~28.09,,,,,
영등포구,11560,영등포동8가,202608,오피스텔_전월세,프로방스,영등포동8가,47-1,51.52,,30000,0,9,5,2017,신규,26.10~28.10,,,,,
영등포구,11560,신길동,202608,오피스텔_전월세,신길 AK 푸르지오,신길동,255-9,78.12,,40000,120,8,8,2024,신규,26.10~28.10,,,,,
영등포구,11560,영등포동2가,202608,오피스텔_전월세,리치스퀘어,영등포동2가,28-114,32.46,,28500,0,6,7,2020,신규,26.09~28.09,,,,,
영등포구,11560,대림동,202608,오피스텔_전월세,대동빌딩,대림동,706-3,22.81,,10500,2,8,9,2004,신규,26.08~28.08,,,,,
영등포구,11560,당산동5가,202608,오피스텔_전월세,당산역해링턴타워,당산동5가,9-3,23.59,,1000,90,4,6,2015,신규,26.08~27.08,,,,,
영등포구,11560,영등포동3가,202608,오피스텔_전월세,더-위일 신세계,영등포동3가,17-3,17.66,,15570,6,9,8,2020,갱신,26.08~28.08,16275.0,,,,
영등포구,11560,영등포동3가,202608,오피스텔_전월세,제이캐슬,영등포동3가,16-1,18.78,,17000,0,11,8,2023,신규,26.08~28.08,,,,,
영등포구,11560,양평동4가,202608,오피스텔_전월세,금강하우징,양평동4가,246,40.14,,26600,25,2,8,2017,신규,26.10~28.10,,,,,
영등포구,11560,당산동1가,202608,오피스텔_전월세,더채움오피스텔,당산동1가,260,27.94,,27000,20,6,7,2020,신규,26.09~28.09,,,,,
영등포구,11560,문래동6가,202608,오피스텔_전월세,문래동 대우 이안,문래동6가,26,65.54,,40000,0,2,7,2004,신규,26.09~28.09,,,,,
영등포구,11560,당산동5가,202608,오피스텔_전월세,당산역해링턴타워,당산동5가,9-3,23.92,,18900,25,17,7,2015,갱신,26.09~28.09,20700.0,15.0,,,
영등포구,11560,영등포동2가,202608,오피스텔_전월세,루브르하우스,영등포동2가,284-4,33.46,,20000,0,2,4,2018,신규,26.10~28.10,,,,,
영등포구,11560,영등포동8가,202608,오피스텔_전월세,당산역 리버리치 오피스텔,영등포동8가,86,39.98,,35300,0,6,7,2016,갱신,26.08~28.07,35300.0,,,,
영등포구,11560,당산동,202608,오피스텔_전월세,리버뷰,당산동,121-130,23.94,,16800,0,3,7,2015,갱신,26.08~28.08,16800.0,,,,
영등포구,11560,대림동,202608,오피스텔_전월세,신대림자이,대림동,1122,60,,2000,140,13,7,2007,신규,26.09~28.09,,,,,
영등포구,11560,문래동6가,202608,오피스텔_전월세,문래동 현대홈시티1,문래동6가,1-1,72.42,,41670,0,12,7,2004,갱신,26.08~28.08,39690.0,,사용,,
영등포구,11560,영등포동3가,202608,오피스텔_전월세,제이캐슬,영등포동3가,16-1,22.68,,5000,78,5,1,2023,신규,26.08~27.08,,,,,
영등포구,11560,영등포동8가,202608,오피스텔_전월세,당산역 리버리치 오피스텔,영등포동8가,86,39.98,,35000,27,8,7,2016,신규,26.08~28.08,,,,,
영등포구,11560,영등포동1가,202608,오피스텔_전월세,여의도더리브스타일,영등포동1가,94-2,19.36,,11000,50,5,7,2020,신규,26.08~28.08,,,,,
영등포구,11560,당산동,202608,오피스텔_전월세,여의도 아리스타,당산동,121-61,20.04,,1000,74,6,3,2021,신규,26.09~27.09,,,,,
영등포구,11560,신길동,202608,오피스텔_전월세,JS타워,신길동,236,29.5,,1000,130,6,3,2024,신규,26.08~27.08,,,,,
영등포구,11560,당산동1가,202608,오피스텔_전월세,더채움오피스텔,당산동1가,260,27.94,,17000,64,5,6,2020,신규,26.09~28.09,,,,,
영등포구,11560,양평동2가,202608,오피스텔_전월세,동서네모베네하우스,양평동2가,43-5,23.97,,19000,8,11,7,2019,신규,26.09~28.09,,,,,
영등포구,11560,당산동5가,202608,오피스텔_전월세,당산 삼성쉐르빌,당산동5가,9-2,22.95,,17300,20,18,6,2013,신규,26.09~28.09,,,,,
영등포구,11560,영등포동3가,202608,오피스텔_전월세,더-위일 신세계,영등포동3가,17-3,17.66,,15500,6,8,5,2020,신규,26.09~28.08,,,,,
영등포구,11560,도림동,202608,오피스텔_전월세,대우미래사랑,도림동,819,29.57,,1000,61,13,4,2004,갱신,26.08~27.08,1000.0,58.0,사용,,
영등포구,11560,양평동5가,202608,오피스텔_전월세,선유도역 마들렌 오피스텔,양평동5가,24-1,25.82,,19100,6,9,6,2021,신규,26.10~28.10,,,,,
영등포구,11560,양평동5가,202608,오피스텔_전월세,브릴리언트 선유,양평동5가,71-2,27.53,,32000,0,6,3,2020,신규,26.10~28.10,,,,,
영등포구,11560,영등포동4가,202608,오피스텔_전월세,HIGHEND 63st,영등포동4가,55,39.73,,47000,0,7,7,2023,신규,26.09~28.09,,,,,
영등포구,11560,영등포동7가,202608,오피스텔_전월세,어써밋,영등포동7가,83-1,22.51,,16530,0,5,6,2020,갱신,26.10~28.10,16530.0,,,,
영등포구,11560,여의도동,202608,오피스텔_전월세,엘지여의도에클라트,여의도동,14-21,36.53,,21600,0,10,6,2003,갱신,26.09~27.08,20837.0,,사용,,
영등포구,11560,영등포동1가,202608,오피스텔_전월세,여의도 노블루체91,영등포동1가,110-6,21.07,,23400,0,12,6,2021,신규,26.08~28.08,,,,,
영등포구,11560,영등포동1가,202608,오피스텔_전월세,신한헤스티아,영등포동1가,127,18.01,,1000,67,8,4,2016,신규,26.08~27.08,,,,,
영등포구,11560,영등포동1가,202608,오피스텔_전월세,여의도 포레디움,영등포동1가,107,21.58,,18000,16,15,6,2021,신규,26.09~28.09,,,,,
영등포구,11560,당산동1가,202608,오피스텔_전월세,더채움오피스텔,당산동1가,260,27.94,,27000,10,6,4,2020,신규,26.08~27.08,,,,,
영등포구,11560,신길동,202608,오피스텔_전월세,대우 디오빌 골든뷰 오피스텔,신길동,22-5,28.29,,1000,80,5,2,2004,신규,26.08~27.08,,,,,
영등포구,11560,당산동3가,202608,오피스텔_전월세,당산동 디벨리움,당산동3가,6-3,25.64,,26100,15,3,6,2019,갱신,26.09~27.09,26100.0,10.0,사용,,
영등포구,11560,당산동,202608,오피스텔_전월세,신성월드오피스텔,당산동,121-112,24,,1000,65,8,5,1998,신규,26.08~27.08,,,,,
영등포구,11560,당산동6가,202608,오피스텔_전월세,디마크당산,당산동6가,331-1,37.13,,5000,210,8,6,2025,신규,26.09~28.09,,,,,
영등포구,11560,영등포동2가,202608,오피스텔_전월세,리오파크 오피스텔,영등포동2가,300-1,18.09,,18795,0,7,6,2022,신규,26.12~28.12,,,,,
영등포구,11560,양평동2가,202608,오피스텔_전월세,양평동 오피스텔,양평동2가,19-4,31.98,,2000,70,9,6,2004,신규,26.09~28.09,,,,,
영등포구,11560,양평동4가,202608,오피스텔_전월세,호연드림,양평동4가,161-24,25.59,,5000,81,2,5,2022,신규,26.09~28.09,,,,,
영등포구,11560,양평동6가,202608,오피스텔_전월세,선유도 더채움,양평동6가,2-4,28.04,,30000,10,7,4,2022,갱신,26.10~28.10,30000.0,5.0,,,
영등포구,11560,양평동4가,202608,오피스텔_전월세,(23-7),양평동4가,23-7,25.2,,18900,5,4,6,2012,신규,26.09~28.09,,,,,
영등포구,11560,신길동,202608,오피스텔_전월세,엔-씨티오피스텔,신길동,59-2,27.63,,11500,13,11,5,2000,갱신,26.08~28.08,11500.0,10.0,사용,,
영등포구,11560,양평동1가,202608,오피스텔_전월세,(208-1),양평동1가,208-1,29.84,,2551,26,6,5,2021,갱신,26.09~28.08,2551.0,26.0,,,
영등포구,11560,당산동,202608,오피스텔_전월세,가온빌,당산동,121-289,21.4,,2000,60,5,5,2016,신규,26.08~28.08,,,,,
영등포구,11560,영등포동1가,202608,오피스텔_전월세,대승프린스텔,영등포동1가,20-1,11.39,,5500,18,5,5,2001,신규,26.09~28.09,,,,,
영등포구,11560,당산동5가,202608,오피스텔_전월세,당산역해링턴타워,당산동5가,9-3,23.92,,18900,21,13,3,2015,갱신,26.08~28.08,20700.0,10.0,,,
영등포구,11560,양평동5가,202608,오피스텔_전월세,큐브스테이트,양평동5가,22-1,32.49,,28350,0,10,5,2018,신규,26.09~28.09,,,,,
영등포구,11560,당산동6가,202608,오피스텔_전월세,헤세드,당산동6가,237-34,35.69,,32300,10,2,5,2024,갱신,26.09~28.09,31000.0,10.0,,,
영등포구,11560,영등포동1가,202608,오피스텔_전월세,(30),영등포동1가,30,12.97,,1000,65,9,4,,신규,26.08~27.08,,,,,
영등포구,11560,영등포동3가,202608,오피스텔_전월세,영등포 점프밀라노,영등포동3가,7,37.05,,20000,10,14,4,2005,갱신,26.08~28.08,18000.0,,,,
영등포구,11560,양평동1가,202608,오피스텔_전월세,(208-1),양평동1가,208-1,29.84,,2551,26,5,5,2021,갱신,26.09~28.08,2551.0,26.0,,,
영등포구,11560,당산동5가,202608,오피스텔_전월세,당산역해링턴타워,당산동5가,9-3,23.92,,18900,27,4,5,2015,신규,26.09~28.09,,,,,
영등포구,11560,영등포동2가,202608,오피스텔_전월세,지뗌,영등포동2가,333,29.93,,4000,60,10,4,2004,갱신,26.08~28.08,4000.0,50.0,,,
영등포구,11560,영등포동2가,202608,오피스텔_전월세,여의샛강 소미골드5차,영등포동2가,214,21.38,,23000,0,4,5,2022,신규,26.09~28.09,,,,,
영등포구,11560,영등포동7가,202608,오피스텔_전월세,금강하우징,영등포동7가,94-184,34.22,,30000,0,4,4,2019,신규,26.10~28.10,,,,,
영등포구,11560,당산동,202608,오피스텔_전월세,리버프라임빌,당산동,121-321,20.78,,5000,43,4,4,2019,갱신,26.08~27.08,5000.0,40.0,,,
영등포구,11560,여의도동,202608,오피스텔_전월세,여의도 the샾 아일랜드 파크,여의도동,17,154.44,,130000,0,10,4,2006,갱신,26.09~26.10,130000.0,,,,
영등포구,11560,여의도동,202608,오피스텔_전월세,KCC파크타운,여의도동,13-22,33.82,,16000,20,8,3,2005,신규,26.09~28.09,,,,,
영등포구,11560,영등포동1가,202608,오피스텔_전월세,명남더블레스,영등포동1가,121-3,17.63,,3000,72,8,1,2021,신규,26.09~27.09,,,,,
영등포구,11560,영등포동1가,202608,오피스텔_전월세,신한헤스티아,영등포동1가,127,26.17,,1000,82,11,3,2016,신규,26.08~27.08,,,,,
영등포구,11560,양평동6가,202608,오피스텔_전월세,선유도디와이파크,양평동6가,93-2,29.52,,21500,0,6,1,2017,신규,26.09~28.09,,,,,
영등포구,11560,양평동4가,202608,오피스텔_전월세,루체빌,양평동4가,34-10,55.96,,40000,0,2,4,2018,갱신,26.08~28.08,40000.0,,,,
영등포구,11560,영등포동7가,202608,오피스텔_전월세,은석오피스텔,영등포동7가,94-57,18.81,,1000,60,6,1,2010,신규,26.09~28.09,,,,,
영등포구,11560,당산동1가,202608,오피스텔_전월세,101,당산동1가,194-1,36.33,,25500,18,5,1,2019,갱신,26.09~28.09,25500.0,12.0,,,
영등포구,11560,영등포동3가,202608,오피스텔_전월세,영등포 점프밀라노,영등포동3가,7,37.05,,16000,20,11,3,2005,갱신,26.08~28.08,16000.0,15.0,,,
영등포구,11560,영등포동3가,202608,오피스텔_전월세,소담더블린,영등포동3가,1-9,17.01,,11700,11,14,3,2018,신규,26.09~28.09,,,,,
영등포구,11560,영등포동2가,202608,오피스텔_전월세,파스텔하임,영등포동2가,29-74,37.87,,5500,135,9,3,2025,신규,26.08~28.08,,,,,
영등포구,11560,영등포동5가,202608,오피스텔_전월세,리첸스타,영등포동5가,82-1,28.02,,25450,0,10,1,2019,신규,26.09~28.09,,,,,
영등포구,11560,양평동5가,202608,오피스텔_전월세,선유도역 마들렌 오피스텔,양평동5가,24-1,29.41,,20000,8,2,1,2021,신규,26.09~28.09,,,,,
영등포구,11560,당산동,202608,오피스텔_전월세,가온빌,당산동,121-289,21.4,,3500,54,7,3,2016,신규,26.08~27.08,,,,,
영등포구,11560,영등포동1가,202608,오피스텔_전월세,신한헤스티아,영등포동1가,127,29.01,,18800,20,9,3,2016,신규,26.09~28.09,,,,,
영등포구,11560,당산동,202608,오피스텔_전월세,한가람 The First Ⅱ,당산동,121-135,23.66,,17000,8,2,1,2018,신규,26.10~28.10,,,,,
영등포구,11560,영등포동1가,202608,오피스텔_전월세,팰리스페트라,영등포동1가,24,21.28,,15100,0,8,1,2017,신규,26.09~28.09,,,,,
영등포구,11560,영등포동2가,202608,오피스텔_전월세,글로벌MJ10,영등포동2가,164,29.18,,3000,140,17,1,2024,신규,26.08~28.08,,,,,
영등포구,11560,영등포동1가,202608,오피스텔_전월세,여의도 더 시그니엘,영등포동1가,75-1,28.7,,33600,0,14,3,2022,신규,26.10~28.10,,,,,
영등포구,11560,양평동2가,202608,오피스텔_전월세,힘멜하임,양평동2가,1-3,18.84,,1000,80,13,1,2014,신규,26.08~27.07,,,,,
영등포구,11560,양평동4가,202608,오피스텔_전월세,아트리버타운,양평동4가,32-6,27.38,,19500,0,3,1,2015,신규,26.09~28.09,,,,,
영등포구,11560,영등포동7가,202608,오피스텔_전월세,루브르씨티,영등포동7가,94-52,26.74,,24600,0,4,1,2019,신규,26.09~28.09,,,,,
영등포구,11560,영등포동1가,202608,오피스텔_전월세,여의도 명남 더블레스,영등포동1가,79-3,15.41,,12480,8,6,1,2017,신규,26.09~28.09,,,,,
영등포구,11560,양평동3가,202608,오피스텔_전월세,에버하임,양평동3가,56,31.68,,35300,0,12,1,2021,갱신,26.09~28.09,34000.0,,,,
영등포구,11560,당산동5가,202608,오피스텔_전월세,데시앙루브 오피스텔,당산동5가,8,23.83,,18900,0,10,2,2014,신규,26.08~28.08,,,,,
영등포구,11560,영등포동7가,202608,오피스텔_전월세,한가람 더원 201동,영등포동7가,94-101,24.97,,7000,90,14,1,2022,신규,26.08~28.08,,,,,
영등포구,11560,양평동3가,202608,오피스텔_전월세,양평동 대우이안2,양평동3가,54,73.09,,30000,100,13,2,2005,신규,26.09~28.09,,,,,
영등포구,11560,신길동,202608,연립다세대_전월세,더클래식,신길동,155-23,32.15,,26000,0,3,12,2020,,,,,,,
영등포구,11560,영등포동7가,202608,연립다세대_전월세,한가람더원,영등포동7가,94-328,29.06,,27900,23,12,15,2020,갱신,26.10~28.10,29700.0,10.0,사용,,
영등포구,11560,신길동,202608,연립다세대_전월세,리버파크뷰여의도l,신길동,73-3,26.37,,32500,0,2,11,2026,신규,26.09~28.09,,,,,
영등포구,11560,영등포동4가,202608,연립다세대_전월세,태양씨티하우스,영등포동4가,167-1,19.08,,11000,18,7,21,2012,갱신,26.09~28.09,11000.0,15.0,사용,,
영등포구,11560,대림동,202608,연립다세대_전월세,양명아트빌(858-27),대림동,858-27,39.47,,9900,0,2,21,2002,갱신,26.09~28.09,9900.0,,,,
영등포구,11560,양평동4가,202608,연립다세대_전월세,양평동다세대주택(174-0),양평동4가,174,48.72,,16500,5,1,8,2001,갱신,26.09~28.09,16000.0,,사용,,
영등포구,11560,도림동,202608,연립다세대_전월세,기성빌2차,도림동,253-1,29.53,,27000,0,4,7,2018,신규,26.09~28.09,,,,,
영등포구,11560,양평동4가,202608,연립다세대_전월세,롯데아트빌(249-6),양평동4가,249-6,61.1,,36000,0,4,21,2003,신규,26.12~28.12,,,,,
영등포구,11560,영등포동7가,202608,연립다세대_전월세,글로벌엠제이7,영등포동7가,29-124,13.95,,19000,12,10,21,2022,신규,26.09~28.09,,,,,
영등포구,11560,대림동,202608,연립다세대_전월세,신용,대림동,1092-45,12.59,,500,45,2,19,2012,신규,26.08~28.08,,,,,
영등포구,11560,신길동,202608,연립다세대_전월세,샤인빌,신길동,3835,28.62,,28500,0,5,15,2025,신규,26.09~28.09,,,,,
영등포구,11560,양평동6가,202608,연립다세대_전월세,더하우스Ⅰ,양평동6가,7,16.32,,10300,0,4,20,2011,갱신,26.09~28.09,10000.0,,,,
영등포구,11560,영등포동7가,202608,연립다세대_전월세,한가람더원,영등포동7가,94-328,29.06,,27900,23,12,15,2020,갱신,26.10~28.10,29700.0,10.0,사용,,
영등포구,11560,양평동5가,202608,연립다세대_전월세,리버캐슬,양평동5가,132-1,43.25,,39000,20,6,5,2019,신규,26.09~28.09,,,,,
영등포구,11560,신길동,202608,연립다세대_전월세,아트빌,신길동,4-75,29.1,,10000,100,3,18,2026,신규,26.08~28.08,,,,,
영등포구,11560,양평동6가,202608,연립다세대_전월세,주하빌,양평동6가,58,29.11,,13000,0,3,8,2010,갱신,26.08~28.08,12500.0,,사용,,
영등포구,11560,신길동,202608,연립다세대_전월세,아트빌,신길동,4-75,14.03,,13500,0,5,19,2026,신규,26.09~28.09,,,,,
영등포구,11560,영등포동6가,202608,연립다세대_전월세,부자의길12,영등포동6가,22-1,14.57,,0,130,13,5,2016,신규,26.08~26.11,,,,,
영등포구,11560,영등포동2가,202608,연립다세대_전월세,리오파크오피스텔,영등포동2가,300-1,26.48,,23000,18,3,19,2022,신규,26.10~28.10,,,,,
영등포구,11560,영등포동6가,202608,연립다세대_전월세,현대하이츠,영등포동6가,121-6,29.01,,25900,10,7,20,2018,갱신,26.10~27.10,25900.0,10.0,,,
영등포구,11560,영등포동6가,202608,연립다세대_전월세,더엔터빌,영등포동6가,52-14,29.82,,3000,59,2,11,2010,갱신,26.08~27.08,3000.0,56.0,,,
영등포구,11560,영등포동,202608,연립다세대_전월세,보성팰리스13차,영등포동,631-31,43.94,,300,20,3,20,2015,신규,26.08~27.08,,,,,
영등포구,11560,신길동,202608,연립다세대_전월세,리치빌,신길동,40-6,12.12,,12000,0,2,12,2011,신규,26.09~28.09,,,,,
영등포구,11560,신길동,202608,연립다세대_전월세,Place4,신길동,296-41,18.63,,18000,0,2,19,2022,신규,26.09~28.09,,,,,
영등포구,11560,신길동,202608,연립다세대_전월세,KD빌라,신길동,95-140,51.96,,6000,120,3,15,2018,신규,26.10~28.10,,,,,
영등포구,11560,양평동4가,202608,연립다세대_전월세,양평동다세대주택(174-0),양평동4가,174,48.72,,16800,9,2,8,2001,갱신,26.11~28.11,16800.0,4.0,,,
영등포구,11560,신길동,202608,연립다세대_전월세,더엘퍼스트,신길동,1274,21.16,,100,36,3,19,2025,신규,26.08~28.12,,,,,
영등포구,11560,영등포동8가,202608,연립다세대_전월세,리안펠리체,영등포동8가,45-8,30.14,,0,80,7,3,2014,신규,26.08~27.08,,,,,
영등포구,11560,대림동,202608,연립다세대_전월세,스페이스빌4차(737-1),대림동,737-1,39.63,,1500,90,3,10,2003,신규,26.08~28.08,,,,,
영등포구,11560,영등포동1가,202608,연립다세대_전월세,금반석시티빌9차,영등포동1가,30,14.67,,1000,75,4,6,2017,신규,26.08~27.08,,,,,
영등포구,11560,신길동,202608,연립다세대_전월세,더엘퍼스트,신길동,1274,23.48,,100,40,3,19,2025,신규,26.08~28.12,,,,,
영등포구,11560,영등포동5가,202608,연립다세대_전월세,트리베카,영등포동5가,78,28.81,,5000,110,9,19,2021,신규,26.09~28.09,,,,,
영등포구,11560,신길동,202608,연립다세대_전월세,더엘퍼스트,신길동,1274,23.48,,100,39,2,19,2025,신규,26.08~28.12,,,,,
영등포구,11560,신길동,202608,연립다세대_전월세,더엘퍼스트,신길동,1274,21.16,,100,36,2,19,2025,신규,26.08~28.12,,,,,
영등포구,11560,대림동,202608,연립다세대_전월세,우성아트빌,대림동,1011-18,28.68,,20000,0,4,19,2016,신규,26.10~28.10,,,,,
영등포구,11560,당산동1가,202608,연립다세대_전월세,디에스퍼스트(179),당산동1가,179,29.26,,28000,0,2,18,2021,신규,26.09~28.09,,,,,
영등포구,11560,신길동,202608,연립다세대_전월세,참존빌리지B동,신길동,4429,28.49,,24000,0,3,18,2013,신규,26.08~28.08,,,,,
영등포구,11560,신길동,202608,연립다세대_전월세,Place4,신길동,296-41,18.63,,18000,0,2,19,2022,신규,26.09~28.09,,,,,
영등포구,11560,영등포동1가,202608,연립다세대_전월세,여의도명남더블레스,영등포동1가,79-3,13.65,,12800,9,9,19,2017,신규,26.10~28.10,,,,,
영등포구,11560,영등포동5가,202608,연립다세대_전월세,휴젠느,영등포동5가,88,42.19,,36500,19,10,19,2019,신규,26.09~28.09,,,,,
영등포구,11560,당산동6가,202608,연립다세대_전월세,위더스하임,당산동6가,1-3,23.061,,28000,0,8,18,2019,갱신,26.08~28.08,27000.0,,사용,,
영등포구,11560,도림동,202608,연립다세대_전월세,(138-64),도림동,138-64,21.59,,20000,0,3,18,2026,신규,26.10~28.09,,,,,
영등포구,11560,도림동,202608,연립다세대_전월세,(138-33),도림동,138-33,25.63,,20500,0,5,18,2026,신규,26.09~28.09,,,,,
영등포구,11560,당산동1가,202608,연립다세대_전월세,프라임빌,당산동1가,113,29.83,,18000,29,2,14,2015,갱신,26.08~28.08,18000.0,25.0,,,
영등포구,11560,양평동4가,202608,연립다세대_전월세,양화빌4차,양평동4가,257,25.57,,23400,0,4,8,2016,신규,26.09~28.09,,,,,
영등포구,11560,대림동,202608,연립다세대_전월세,펠리체,대림동,1025-68,25.18,,1000,50,2,18,2012,신규,26.08~28.08,,,,,
영등포구,11560,신길동,202608,연립다세대_전월세,블루버드신길,신길동,65-105,29.09,,33000,0,5,19,2026,신규,26.09~28.09,,,,,
영등포구,11560,신길동,202608,연립다세대_전월세,샤인빌,신길동,3835,28.62,,28500,0,5,15,2025,신규,26.09~28.09,,,,,
영등포구,11560,신길동,202608,연립다세대_전월세,보라매빌,신길동,3961-1,29.76,,5000,110,3,12,2021,신규,26.08~28.08,,,,,
영등포구,11560,신길동,202608,연립다세대_전월세,Place4,신길동,296-41,15.54,,13000,0,4,13,2022,신규,26.09~28.09,,,,,
영등포구,11560,영등포동6가,202608,연립다세대_전월세,골든빌,영등포동6가,97,27.97,,24400,5,6,18,2018,갱신,26.09~28.08,25650.0,,사용,,
영등포구,11560,양평동1가,202608,연립다세대_전월세,우성하임,양평동1가,194-1,28.73,,26000,10,7,15,2019,갱신,26.08~28.08,26000.0,,사용,,
영등포구,11560,당산동6가,202608,연립다세대_전월세,헤세드,당산동6가,237-34,27.9,,3000,160,7,14,2024,신규,26.08~27.08,,,,,
영등포구,11560,당산동4가,202608,연립다세대_전월세,동원빌리지,당산동4가,32-87,27.89,,24300,33,4,14,2017,신규,26.10~28.10,,,,,
영등포구,11560,대림동,202608,연립다세대_전월세,현도빌리지VII,대림동,729-7,37.52,,7778,6,3,18,2023,갱신,26.09~28.08,3141.0,32.0,,,
영등포구,11560,양평동3가,202608,연립다세대_전월세,하나타워,양평동3가,7-1,24.04,,2000,147,6,14,2023,갱신,26.09~27.04,2000.0,140.0,사용,,
영등포구,11560,당산동3가,202608,연립다세대_전월세,삼성펠리스,당산동3가,395-5,29.97,,26000,45,4,18,2016,신규,26.09~28.09,,,,,
영등포구,11560,신길동,202608,연립다세대_전월세,리버파크뷰여의도l,신길동,73-3,27.34,,34000,0,4,17,2026,신규,26.09~28.09,,,,,
영등포구,11560,대림동,202608,연립다세대_전월세,난아트빌(1075-67),대림동,1075-67,41.73,,11700,30,2,14,2003,갱신,26.08~27.08,10800.0,30.0,,,
영등포구,11560,대림동,202608,연립다세대_전월세,경성빌라B동,대림동,801-15,36.4,,7500,0,-1,18,1987,신규,26.08~28.08,,,,,
영등포구,11560,양평동6가,202608,연립다세대_전월세,양평도담빌B,양평동6가,10-11,29.99,,20412,21,5,17,2016,신규,26.09~28.09,,,,,
영등포구,11560,영등포동2가,202608,연립다세대_전월세,여의도디앤써밋,영등포동2가,94-154,19.02,,23000,17,19,14,2019,신규,26.09~28.09,,,,,
영등포구,11560,도림동,202608,연립다세대_전월세,(138-33),도림동,138-33,25.63,,20500,0,5,18,2026,신규,26.09~28.09,,,,,
영등포구,11560,양평동1가,202608,연립다세대_전월세,성운하우징,양평동1가,213-1,29.33,,26500,20,6,17,2020,신규,26.09~28.09,,,,,
영등포구,11560,양평동4가,202608,연립다세대_전월세,양평쉐르빌,양평동4가,277-2,29.21,,23000,20,3,15,2016,신규,26.10~28.10,,,,,
영등포구,11560,양평동4가,202608,연립다세대_전월세,은석,양평동4가,225-1,29.13,,16600,15,4,14,2011,갱신,26.09~28.09,16600.0,15.0,사용,,
영등포구,11560,대림동,202608,연립다세대_전월세,(1111-0),대림동,1111,21.45,,500,35,-1,9,1994,신규,26.08~28.08,,,,,
영등포구,11560,영등포동2가,202608,연립다세대_전월세,미담,영등포동2가,28-142,27.98,,23600,9,6,15,2018,갱신,26.09~28.09,24700.0,,,,
영등포구,11560,신길동,202608,연립다세대_전월세,원트레빌1차,신길동,47-8,28.18,,24000,0,2,15,2016,갱신,26.10~28.10,23000.0,,사용,,
영등포구,11560,신길동,202608,연립다세대_전월세,효주파크빌,신길동,89-19,39.58,,30000,0,3,14,2015,신규,26.09~28.09,,,,,
영등포구,11560,신길동,202608,연립다세대_전월세,라움팰리스,신길동,355-237,34.44,,27000,0,5,15,2026,신규,26.11~28.11,,,,,
영등포구,11560,도림동,202608,연립다세대_전월세,(138-33),도림동,138-33,24.3,,19000,0,3,15,2026,신규,26.10~28.10,,,,,
영등포구,11560,신길동,202608,연립다세대_전월세,리버파크뷰여의도l,신길동,73-3,27.73,,32000,0,5,14,2026,신규,26.10~28.10,,,,,
영등포구,11560,대림동,202608,연립다세대_전월세,정향빌,대림동,812-14,26.37,,0,65,6,9,2015,신규,26.08~28.08,,,,,
영등포구,11560,도림동,202608,연립다세대_전월세,현대힐타운,도림동,236-6,27.67,,24444,0,5,13,2015,갱신,26.08~28.01,25000.0,,,,
영등포구,11560,대림동,202608,연립다세대_전월세,(909-30),대림동,909-30,36.01,,15000,0,1,5,2002,신규,26.08~28.08,,,,,
영등포구,11560,신길동,202608,연립다세대_전월세,블루버드신길,신길동,65-105,29.09,,32000,0,2,14,2026,신규,26.10~28.10,,,,,
영등포구,11560,신길동,202608,연립다세대_전월세,효주파크빌,신길동,89-19,39.58,,30000,0,3,14,2015,신규,26.09~28.09,,,,,
영등포구,11560,대림동,202608,연립다세대_전월세,해마루,대림동,864-15,29.71,,20000,0,3,12,2016,신규,26.08~28.08,,,,,
영등포구,11560,영등포동2가,202608,연립다세대_전월세,여의도디앤써밋,영등포동2가,94-154,19.02,,23000,0,19,14,2019,신규,26.09~28.09,,,,,
영등포구,11560,당산동1가,202608,연립다세대_전월세,퍼스트빌리지,당산동1가,256-8,29.27,,28000,0,6,13,2018,신규,26.10~28.10,,,,,
영등포구,11560,영등포동8가,202608,연립다세대_전월세,더로드2,영등포동8가,48-2,28.3,,5000,45,8,13,2017,신규,26.08~28.08,,,,,
영등포구,11560,영등포동6가,202608,연립다세대_전월세,더엔터빌,영등포동6가,52-14,29.97,,3000,60,2,14,2010,신규,26.09~28.09,,,,,
영등포구,11560,당산동1가,202608,연립다세대_전월세,삼현스위트홈(256-80),당산동1가,256-80,23.1,,500,60,4,14,2004,신규,26.08~28.08,,,,,
영등포구,11560,신길동,202608,연립다세대_전월세,H.Y.빌딩,신길동,98-15,12.77,,1000,64,11,4,2014,신규,26.08~27.08,,,,,
영등포구,11560,문래동1가,202608,연립다세대_전월세,유성빌라A동,문래동1가,42-3,89.76,,5000,92,1,12,1984,신규,26.09~28.09,,,,,
영등포구,11560,대림동,202608,연립다세대_전월세,영림아트빌,대림동,990-92,60.93,,5000,80,3,12,2002,신규,26.09~28.09,,,,,
영등포구,11560,영등포동7가,202608,연립다세대_전월세,에이치플러스429,영등포동7가,94-95,29.31,,25000,30,8,12,2018,신규,26.09~28.09,,,,,
영등포구,11560,신길동,202608,연립다세대_전월세,리버파크뷰여의도l,신길동,73-3,27.73,,32000,0,6,12,2026,신규,26.09~28.09,,,,,
영등포구,11560,도림동,202608,연립다세대_전월세,(138-33),도림동,138-33,27.43,,18000,10,2,12,2026,신규,26.10~28.10,,,,,
영등포구,11560,신길동,202608,연립다세대_전월세,리버파크뷰여의도l,신길동,73-3,26.37,,32500,0,2,11,2026,신규,26.09~28.09,,,,,
영등포구,11560,신길동,202608,연립다세대_전월세,디에스타운,신길동,1279,28.9,,29295,0,2,12,2020,갱신,26.09~28.09,27900.0,,사용,,
영등포구,11560,대림동,202608,연립다세대_전월세,해마루,대림동,864-15,29.71,,20000,0,3,12,2016,신규,26.08~28.08,,,,,
영등포구,11560,영등포동,202608,연립다세대_전월세,대권빌라(618-45),영등포동,618-45,42.33,,18000,8,5,12,2002,갱신,26.08~27.08,18000.0,8.0,,,
영등포구,11560,신길동,202608,연립다세대_전월세,대방역솔라빌,신길동,1311,31.69,,31000,0,3,10,2023,신규,26.09~28.09,,,,,
영등포구,11560,대림동,202608,연립다세대_전월세,SKE캐슬,대림동,680-6,27.19,,21500,8,2,11,2019,신규,26.10~28.10,,,,,
영등포구,11560,대림동,202608,연립다세대_전월세,Ebenezer(에벤에셀),대림동,993-63,13.42,,7161,0,3,12,2012,갱신,26.08~28.08,6820.0,,사용,,
영등포구,11560,양평동2가,202608,연립다세대_전월세,양평동다세대주택(33-46),양평동2가,33-46,64.26,,28000,0,3,10,2004,갱신,26.08~28.08,27500.0,,,,
영등포구,11560,당산동6가,202608,연립다세대_전월세,Rexvill,당산동6가,104-10,44.54,,29400,0,2,11,2008,신규,26.09~28.09,,,,,
영등포구,11560,문래동5가,202608,연립다세대_전월세,삼정리버뷰,문래동5가,20-21,24.4,,4926,4,2,11,2023,갱신,26.09~28.08,1989.0,20.0,,,
영등포구,11560,영등포동7가,202608,연립다세대_전월세,아크로조인,영등포동7가,94-299,43.79,,32600,140,9,11,2018,갱신,26.09~28.09,34650.0,,사용,,
영등포구,11560,신길동,202608,연립다세대_전월세,(445-17),신길동,445-17,12.1,,2000,49,4,4,2012,신규,26.08~28.08,,,,,
영등포구,11560,대림동,202608,연립다세대_전월세,프롬하우징,대림동,1082-12,39.71,,3137,32,5,11,2023,신규,26.09~28.08,,,,,
영등포구,11560,당산동6가,202608,연립다세대_전월세,헤세드,당산동6가,237-34,27,,37400,0,8,11,2024,신규,26.09~28.09,,,,,
영등포구,11560,양평동6가,202608,연립다세대_전월세,강변애A동,양평동6가,88,60.05,,30000,0,2,10,2010,갱신,26.09~28.09,28600.0,,사용,,
영등포구,11560,영등포동6가,202608,연립다세대_전월세,골드트리시티,영등포동6가,96-1,28.54,,22800,27,4,8,2018,갱신,26.09~28.09,21400.0,27.0,,,
영등포구,11560,당산동6가,202608,연립다세대_전월세,현대리버사이드,당산동6가,350-8,12.23,,1000,63,3,11,2013,신규,26.08~27.08,,,,,
영등포구,11560,영등포동2가,202608,연립다세대_전월세,경문빌딩,영등포동2가,29-94,14.1,,2000,60,6,11,2014,신규,26.08~27.08,,,,,
영등포구,11560,양평동5가,202608,연립다세대_전월세,어반트리움,양평동5가,70-6,26.39,,3000,148,6,8,2024,신규,26.09~28.09,,,,,
영등포구,11560,대림동,202608,연립다세대_전월세,경성빌라A동,대림동,801-16,36.4,,12000,0,1,10,1987,갱신,26.09~28.09,12000.0,,,,
영등포구,11560,대림동,202608,연립다세대_전월세,현도빌리지Ⅷ,대림동,685-24,32.58,,7899,25,2,8,2023,갱신,26.09~28.08,200.0,53.0,,,
영등포구,11560,당산동6가,202608,연립다세대_전월세,당산타워빌,당산동6가,110-66,60,,32000,0,3,8,2009,신규,26.10~28.10,,,,,
영등포구,11560,양평동6가,202608,연립다세대_전월세,"아트리버빌H동,I동",양평동6가,20-4,29.91,,19000,24,5,8,2015,갱신,26.10~28.10,19000.0,20.0,,,
영등포구,11560,대림동,202608,연립다세대_전월세,(1111-6),대림동,1111-6,36.91,,13000,0,4,10,1994,갱신,26.08~28.10,13000.0,,,,
영등포구,11560,영등포동6가,202608,연립다세대_전월세,더엔터빌,영등포동6가,52-14,29.82,,3000,63,5,7,2010,갱신,26.08~27.08,3000.0,63.0,사용,,
영등포구,11560,양평동6가,202608,연립다세대_전월세,양평에스하임Ⅱ,양평동6가,65,38.58,,6591,16,2,10,2019,갱신,26.09~28.08,2825.0,37.0,,,
영등포구,11560,영등포동,202608,연립다세대_전월세,힐하우스,영등포동,620-245,27.25,,20000,0,4,10,2013,신규,26.09~28.09,,,,,
영등포구,11560,문래동3가,202608,연립다세대_전월세,세종에버그린,문래동3가,81,25.97,,24700,15,6,8,2017,신규,26.09~28.09,,,,,
영등포구,11560,대림동,202608,연립다세대_전월세,대림하이츠(1081-84),대림동,1081-84,33.18,,1560,45,3,8,2023,갱신,26.09~28.08,3900.0,40.0,,,
영등포구,11560,영등포동2가,202608,연립다세대_전월세,케렌시아431,영등포동2가,431-2,29.72,,25400,9,9,8,2018,신규,26.09~28.09,,,,,
영등포구,11560,대림동,202608,연립다세대_전월세,미래하이츠,대림동,1081-82,35.28,,6196,5,3,8,2023,갱신,26.09~28.08,2502.0,26.0,,,
영등포구,11560,대림동,202608,연립다세대_전월세,(875-13),대림동,875-13,49.02,,18000,0,1,8,2002,신규,26.08~28.08,,,,,
영등포구,11560,대림동,202608,연립다세대_전월세,(875-13),대림동,875-13,41.76,,16500,0,2,8,2002,신규,26.08~28.08,,,,,
영등포구,11560,신길동,202608,연립다세대_전월세,리버파크뷰여의도l,신길동,73-3,21.1,,24000,0,5,8,2026,신규,26.10~28.10,,,,,
영등포구,11560,당산동1가,202608,연립다세대_전월세,현대가우스빌,당산동1가,140-1,28.86,,25000,15,7,8,2016,신규,26.10~28.09,,,,,
영등포구,11560,신길동,202608,연립다세대_전월세,현대힐타운,신길동,7-49,33.36,,28000,0,3,8,2016,갱신,26.09~28.09,27000.0,,사용,,
영등포구,11560,신길동,202608,연립다세대_전월세,여의도스테이A동,신길동,1354,29.72,,30000,0,2,7,2024,신규,26.10~28.10,,,,,
영등포구,11560,신길동,202608,연립다세대_전월세,아트빌,신길동,4-75,19.7,,18000,0,5,6,2026,신규,26.09~28.09,,,,,
영등포구,11560,영등포동2가,202608,연립다세대_전월세,투프레이즈,영등포동2가,28-140,21.34,,26000,0,11,5,2024,신규,26.09~28.09,,,,,
영등포구,11560,당산동6가,202608,연립다세대_전월세,굿모닝빌,당산동6가,9-1,23.18,,2000,60,3,7,2011,신규,26.09~28.09,,,,,
영등포구,11560,대림동,202608,연립다세대_전월세,현도빌리지Ⅷ,대림동,685-24,27.33,,9324,8,4,6,2023,갱신,26.09~28.08,3765.0,39.0,,,
영등포구,11560,양평동6가,202608,연립다세대_전월세,"아트리버빌B동,C동",양평동6가,20-1,40.33,,24500,25,2,7,2015,신규,26.09~28.09,,,,,
영등포구,11560,대림동,202608,연립다세대_전월세,Ebenezer(에벤에셀),대림동,993-63,13.42,,500,25,2,4,2012,신규,26.08~27.01,,,,,
영등포구,11560,신길동,202608,연립다세대_전월세,H.Y.빌딩,신길동,98-15,12.77,,1000,64,11,4,2014,신규,26.08~27.08,,,,,
영등포구,11560,문래동5가,202608,연립다세대_전월세,삼정리버뷰,문래동5가,20-21,24.4,,5037,4,4,6,2023,갱신,26.09~28.08,2034.0,21.0,,,
영등포구,11560,대림동,202608,연립다세대_전월세,미래하이츠,대림동,1081-82,38.28,,2772,29,4,6,2023,갱신,26.09~28.08,2772.0,29.0,,,
영등포구,11560,대림동,202608,연립다세대_전월세,대림하이츠(1081-84),대림동,1081-84,37.1,,2556,26,3,5,2023,갱신,26.09~28.08,2556.0,26.0,,,
영등포구,11560,대림동,202608,연립다세대_전월세,미래하이츠,대림동,1081-82,41.1,,4971,18,5,5,2023,갱신,26.09~28.08,2880.0,30.0,,,
영등포구,11560,영등포동2가,202608,연립다세대_전월세,투프레이즈,영등포동2가,28-140,21.34,,27800,6,11,3,2024,갱신,26.08~28.08,28000.0,,,,
영등포구,11560,문래동5가,202608,연립다세대_전월세,삼정리버뷰,문래동5가,20-21,25.95,,5170,4,2,5,2023,갱신,26.09~28.08,2088.0,22.0,,,
영등포구,11560,대림동,202608,연립다세대_전월세,현도빌리지VII,대림동,729-7,37.52,,3141,32,3,5,2023,갱신,26.09~28.08,3141.0,32.0,,,
영등포구,11560,당산동1가,202608,연립다세대_전월세,康南,당산동1가,458,12.58,,11200,6,4,4,2012,신규,26.09~28.09,,,,,
영등포구,11560,신길동,202608,연립다세대_전월세,신길동빌라,신길동,187,59.88,,19000,15,4,3,2005,신규,26.10~28.10,,,,,
영등포구,11560,대림동,202608,연립다세대_전월세,미래하이츠,대림동,1081-82,43.08,,7401,6,5,5,2023,갱신,26.09~28.08,2988.0,31.0,,,
영등포구,11560,양평동3가,202608,연립다세대_전월세,아테네,양평동3가,49-4,19.84,,17100,35,4,3,2016,갱신,26.09~28.09,17100.0,30.0,사용,,
영등포구,11560,대림동,202608,연립다세대_전월세,미래하이츠,대림동,1081-82,34.12,,3305,20,2,5,2023,갱신,26.09~28.08,2421.0,25.0,,,
영등포구,11560,문래동5가,202608,연립다세대_전월세,삼정리버뷰,문래동5가,20-21,25.95,,3229,16,3,5,2023,갱신,26.09~28.08,2142.0,22.0,,,
영등포구,11560,신길동,202608,연립다세대_전월세,Place4,신길동,296-41,15.61,,13000,0,5,3,2022,신규,26.09~28.09,,,,,
영등포구,11560,당산동1가,202608,연립다세대_전월세,파비엥노블레스103동,당산동1가,186-99,29.98,,23880,24,7,5,2018,갱신,26.08~28.08,23180.0,24.0,사용,,
영등포구,11560,영등포동,202608,연립다세대_전월세,리뉴빌,영등포동,602-16,29.76,,19600,0,4,3,2018,신규,26.10~28.10,,,,,
영등포구,11560,대림동,202608,연립다세대_전월세,뚜리빌,대림동,1028-19,22.04,,3500,48,2,5,2013,신규,26.09~28.09,,,,,
영등포구,11560,대림동,202608,연립다세대_전월세,거성골든빌(807-7),대림동,807-7,57.25,,22300,0,5,3,2003,신규,26.09~28.09,,,,,
영등포구,11560,신길동,202608,연립다세대_전월세,영모던빌,신길동,89-119,30,,25000,0,2,3,2017,신규,26.10~28.10,,,,,
영등포구,11560,양평동4가,202608,연립다세대_전월세,르네상스빌B,양평동4가,137,29.99,,18000,15,2,4,2010,신규,26.10~28.10,,,,,
영등포구,11560,당산동1가,202608,연립다세대_전월세,康南,당산동1가,458,12.58,,10000,4,4,3,2012,신규,26.09~28.09,,,,,
영등포구,11560,대림동,202608,연립다세대_전월세,에스케이이그랑빌,대림동,740-1,26.58,,2000,125,5,4,2022,갱신,26.08~28.08,2000.0,120.0,사용,,
영등포구,11560,신길동,202608,연립다세대_전월세,호수빌라,신길동,238-28,50.6,,20000,30,4,4,2002,갱신,26.08~27.08,22000.0,,사용,,
영등포구,11560,도림동,202608,연립다세대_전월세,(138-64),도림동,138-64,23.93,,18000,0,3,3,2026,신규,26.09~28.09,,,,,
영등포구,11560,영등포동1가,202608,연립다세대_전월세,뤼미에르,영등포동1가,46,19.84,,11980,0,6,1,2014,신규,26.08~28.08,,,,,
영등포구,11560,당산동6가,202608,연립다세대_전월세,당산아르빌,당산동6가,237-2,48.3,,24000,0,4,3,2008,신규,26.09~28.09,,,,,
영등포구,11560,신길동,202608,연립다세대_전월세,미리내시티빌(994-0),신길동,994,43.12,,9200,0,1,1,1995,갱신,26.08~28.08,9000.0,,사용,,
영등포구,11560,당산동6가,202608,연립다세대_전월세,강변리치빌쓰리,당산동6가,237-25,29.73,,20000,38,5,3,2017,갱신,26.09~28.09,20000.0,35.0,,,
영등포구,11560,신길동,202608,연립다세대_전월세,미림빌라5동,신길동,420-98,32.35,,9200,0,-1,1,1993,신규,26.09~28.09,,,,,
영등포구,11560,대림동,202608,연립다세대_전월세,신용,대림동,1092-45,19.05,,2000,53,4,1,2012,신규,26.08~28.08,,,,,
영등포구,11560,신길동,202608,연립다세대_전월세,블루버드신길,신길동,65-105,30,,31000,0,3,3,2026,신규,26.09~28.09,,,,,
영등포구,11560,신길동,202608,연립다세대_전월세,그랑시엘,신길동,10-31,24.93,,24000,0,3,1,2020,신규,26.10~28.10,,,,,
영등포구,11560,대림동,202608,연립다세대_전월세,에스케이이그랑빌,대림동,740-1,28.68,,3000,120,2,3,2022,갱신,26.10~28.10,3000.0,115.0,사용,,
영등포구,11560,양평동4가,202608,연립다세대_전월세,리버하우스A동(182-1),양평동4가,182-1,28.18,,16500,17,3,1,2010,신규,26.10~28.10,,,,,
영등포구,11560,영등포동2가,202608,연립다세대_전월세,여의도디앤써밋,영등포동2가,94-154,19.02,,23400,17,18,1,2019,신규,26.10~28.10,,,,,
영등포구,11560,영등포동2가,202608,연립다세대_전월세,투프레이즈,영등포동2가,28-140,20.29,,26300,0,12,1,2024,신규,26.08~28.08,,,,,
영등포구,11560,도림동,202608,연립다세대_전월세,노블레스(205-14),도림동,205-14,73.2,,35000,0,5,1,2004,신규,26.09~28.09,,,,,
영등포구,11560,신길동,202608,아파트_전월세,삼성,신길동,4759,60.48,,29500,0,5,18,1984,,,,,,,
영등포구,11560,당산동2가,202608,아파트_전월세,당산2가현대홈타운,당산동2가,164,82.77,,68250,0,13,8,1994,,,,,,,
영등포구,11560,문래동4가,202608,아파트_전월세,문래동삼환,문래동4가,43,59.85,,10000,100,11,12,2001,,,,,,,
영등포구,11560,대림동,202608,아파트_전월세,성원(650),대림동,650,84.66,,48000,0,12,5,1995,,,,,,,
영등포구,11560,대림동,202608,아파트_전월세,신동아,대림동,777-1,67.41,,40000,0,5,8,1987,,,,,,,
영등포구,11560,문래동6가,202608,아파트_전월세,현대6차,문래동6가,55-1,84.72,,40000,86,15,6,1997,,,,,,,
영등포구,11560,대림동,202608,아파트_전월세,현대3차,대림동,608-1,59.83,,5000,180,20,1,1997,,,,,,,
영등포구,11560,대림동,202608,아파트_전월세,e편한세상영등포아델포레,대림동,1127,84.9948,,62000,0,13,13,2020,갱신,26.09~27.09,52500.0,,,,
영등포구,11560,당산동3가,202608,아파트_전월세,동부센트레빌,당산동3가,561,94.75,,90000,0,18,21,2003,신규,26.11~28.11,,,,,
영등포구,11560,당산동3가,202608,아파트_전월세,리마크빌당산,당산동3가,567,20.13,,2000,137,4,10,2025,신규,26.08~27.08,,,,,
영등포구,11560,신길동,202608,아파트_전월세,래미안영등포프레비뉴,신길동,4945,59.99,,65100,0,15,20,2015,갱신,26.09~28.09,62000.0,,사용,,
영등포구,11560,당산동1가,202608,아파트_전월세,진로,당산동1가,16-1,59.4,,40000,120,11,21,1997,신규,26.09~28.08,,,,,
영등포구,11560,당산동3가,202608,아파트_전월세,당산계룡리슈빌3단지,당산동3가,565,49.993,,50700,0,12,21,2014,갱신,26.09~28.09,48300.0,,사용,,
영등포구,11560,양평동3가,202608,아파트_전월세,거성파스텔,양평동3가,90-1,131.34,,85000,0,3,18,1999,갱신,26.09~28.09,80000.0,,,,
영등포구,11560,문래동6가,202608,아파트_전월세,문래베어스타운,문래동6가,38-1,84.9,,56000,0,1,18,1997,갱신,26.10~28.09,53000.0,,,,
영등포구,11560,신길동,202608,아파트_전월세,힐스테이트클래시안,신길동,4969,59.91,,84000,0,9,21,2020,갱신,26.08~28.08,69000.0,,,,
영등포구,11560,당산동3가,202608,아파트_전월세,리마크빌당산,당산동3가,567,27.02,,2000,170,3,3,2025,신규,26.08~27.08,,,,,
영등포구,11560,당산동4가,202608,아파트_전월세,당산현대3차,당산동4가,88,84.5,,78000,0,14,21,1988,신규,26.10~28.10,,,,,
영등포구,11560,양평동1가,202608,아파트_전월세,신동아,양평동1가,20,61.59,,32100,50,11,8,1982,갱신,26.10~28.10,30000.0,50.0,,,
영등포구,11560,문래동5가,202608,아파트_전월세,문래두산위브,문래동5가,14,65.46,,28000,80,2,15,1988,갱신,26.09~28.09,25000.0,80.0,,,
영등포구,11560,신길동,202608,아파트_전월세,선원가와인,신길동,4943,80.434,,60000,0,13,21,2013,신규,27.02~29.02,,,,,
영등포구,11560,영등포동7가,202608,아파트_전월세,경남아너스빌,영등포동7가,46-1,59.9,,15000,150,10,12,1998,신규,26.10~28.10,,,,,
영등포구,11560,대림동,202608,아파트_전월세,쌍용플래티넘S,대림동,717,18.24,,1000,35,8,21,2013,신규,26.11~28.11,,,,,
영등포구,11560,영등포동,202608,아파트_전월세,영등포푸르지오,영등포동,647,79.777,,63000,0,18,1,2002,갱신,26.10~28.10,60000.0,,,,
영등포구,11560,양평동4가,202608,아파트_전월세,성원,양평동4가,12,84.66,,61400,0,3,20,1993,갱신,26.10~28.10,58500.0,,사용,,
영등포구,11560,당산동,202608,아파트_전월세,미진리버빌,당산동,121-131,19.39,,1000,56,8,4,2012,신규,26.08~27.08,,,,,
영등포구,11560,양평동4가,202608,아파트_전월세,약산,양평동4가,160-2,39.99,,9000,30,5,20,1984,신규,26.10~28.10,,,,,
영등포구,11560,당산동3가,202608,아파트_전월세,당산계룡리슈빌1단지,당산동3가,564,42.47,,47408,0,11,19,2014,갱신,26.09~27.09,45150.0,,,,
영등포구,11560,양평동2가,202608,아파트_전월세,양평벽산블루밍,양평동2가,23,59.58,,45000,0,9,19,1990,신규,26.10~28.10,,,,,
영등포구,11560,신길동,202608,아파트_전월세,더샵파크프레스티지,신길동,4974,84.9005,,83000,40,14,1,2022,갱신,26.10~28.10,64000.0,40.0,,,
영등포구,11560,신길동,202608,아파트_전월세,4972,신길동,4972,15.5581,,1000,62,5,7,2021,신규,26.08~27.08,,,,,
영등포구,11560,신길동,202608,아파트_전월세,신길센트럴자이아파트,신길동,4964,84.98,,85000,0,6,19,2021,갱신,26.10~28.10,78000.0,,,,
영등포구,11560,도림동,202608,아파트_전월세,도림청구,도림동,221-1,37.81,,25000,0,17,18,1997,신규,26.09~28.09,,,,,
영등포구,11560,대림동,202608,아파트_전월세,HHouse대림뉴스테이,대림동,1126,26.39,,1000,77,18,3,2017,신규,26.09~27.09,,,,,
영등포구,11560,당산동3가,202608,아파트_전월세,당산한양,당산동3가,2-6,73.87,,5000,148,7,12,1986,갱신,26.08~28.08,5000.0,140.0,사용,,
영등포구,11560,대림동,202608,아파트_전월세,e편한세상영등포아델포레,대림동,1127,84.9948,,68000,30,9,13,2020,갱신,26.08~28.08,71000.0,,,,
영등포구,11560,신길동,202608,아파트_전월세,여의,신길동,1-8,51,,28000,0,4,17,2001,갱신,26.09~28.09,27000.0,,사용,,
영등포구,11560,양평동1가,202608,아파트_전월세,신동아,양평동1가,20,50.81,,5000,120,6,8,1982,신규,26.08~28.08,,,,,
영등포구,11560,신길동,202608,아파트_전월세,보라매에스케이뷰,신길동,4958,84.98,,20000,300,1,19,2020,신규,26.10~28.10,,,,,
영등포구,11560,신길동,202608,아파트_전월세,우성1,신길동,365,64.4,,38300,0,3,12,1986,갱신,26.09~28.09,37000.0,,사용,,
영등포구,11560,신길동,202608,아파트_전월세,래미안에스티움,신길동,4950,84.93,,60000,195,2,11,2017,신규,26.09~28.09,,,,,
영등포구,11560,당산동3가,202608,아파트_전월세,당산계룡리슈빌2단지,당산동3가,566,46.203,,46200,0,10,17,2014,신규,26.12~28.12,,,,,
영등포구,11560,도림동,202608,아파트_전월세,에스제이팰리스,도림동,195-5,28.67,,3000,105,12,19,2019,신규,26.09~28.09,,,,,
영등포구,11560,당산동3가,202608,아파트_전월세,리마크빌당산,당산동3가,567,22.06,,2000,146,4,4,2025,신규,26.09~27.09,,,,,
영등포구,11560,대림동,202608,아파트_전월세,신동아,대림동,777-1,53.37,,5000,100,2,10,1987,신규,26.08~28.08,,,,,
영등포구,11560,문래동5가,202608,아파트_전월세,문래모아미래도,문래동5가,67,84.75,,80850,0,14,5,2017,갱신,26.09~28.09,77000.0,,사용,,
영등포구,11560,양평동2가,202608,아파트_전월세,상록수,양평동2가,45,59.54,,41000,0,8,19,1999,신규,26.10~28.10,,,,,
영등포구,11560,양평동1가,202608,아파트_전월세,신동아,양평동1가,20,61.59,,30000,0,8,15,1982,신규,26.10~28.10,,,,,
영등포구,11560,신길동,202608,아파트_전월세,우창,신길동,4501,62.84,,25000,0,11,11,1983,신규,26.09~28.09,,,,,
영등포구,11560,여의도동,202608,아파트_전월세,시범,여의도동,50,79.24,,40000,0,1,19,1971,신규,26.11~28.11,,,,,
영등포구,11560,당산동3가,202608,아파트_전월세,리마크빌당산,당산동3가,567,23.46,,2000,148,2,13,2025,신규,26.08~27.08,,,,,
영등포구,11560,신길동,202608,아파트_전월세,보라매에스케이뷰,신길동,4958,84.98,,95000,0,11,17,2020,신규,26.09~28.09,,,,,
영등포구,11560,영등포동8가,202608,아파트_전월세,삼환,영등포동8가,76-1,59.91,,55650,0,16,13,1999,갱신,26.09~28.09,53000.0,,사용,,
영등포구,11560,문래동6가,202608,아파트_전월세,한신,문래동6가,43,62.36,,38300,0,2,14,1985,갱신,26.11~28.11,36500.0,,사용,,
영등포구,11560,신길동,202608,아파트_전월세,래미안영등포프레비뉴,신길동,4945,59.99,,61352,0,10,18,2015,갱신,26.09~28.09,58430.0,,사용,,
영등포구,11560,당산동2가,202608,아파트_전월세,당산대우,당산동2가,16-1,31.73,,1000,68,18,11,1999,갱신,26.08~27.12,1000.0,65.0,사용,,
영등포구,11560,문래동6가,202608,아파트_전월세,현대1차,문래동6가,46,64.38,,49000,0,6,18,1986,신규,26.10~28.10,,,,,
영등포구,11560,대림동,202608,아파트_전월세,보라매 신동아 파밀리에,대림동,1125,84.88,,51800,0,5,17,2016,갱신,26.09~28.09,49350.0,,사용,,
영등포구,11560,신길동,202608,아파트_전월세,래미안영등포프레비뉴,신길동,4945,84.98,,68000,0,9,19,2015,갱신,26.09~28.09,65000.0,,사용,,
영등포구,11560,신길동,202608,아파트_전월세,신길AK푸르지오,신길동,255-9,49.6104,,40794,0,13,19,2024,신규,26.09~28.11,,,,,
영등포구,11560,신길동,202608,아파트_전월세,우성3,신길동,4656,64.4,,48000,0,2,14,1989,갱신,26.08~28.08,43000.0,,,,
영등포구,11560,영등포동,202608,아파트_전월세,영등포푸르지오,영등포동,647,84.908,,48100,70,9,7,2002,갱신,26.11~28.11,45000.0,70.0,,,
영등포구,11560,양평동2가,202608,아파트_전월세,양평벽산블루밍,양평동2가,23,59.58,,20000,100,5,19,1990,신규,26.09~28.09,,,,,
영등포구,11560,당산동3가,202608,아파트_전월세,당산계룡리슈빌2단지,당산동3가,566,40.154,,58000,0,8,18,2014,신규,26.10~28.10,,,,,
영등포구,11560,당산동3가,202608,아파트_전월세,당산한양,당산동3가,2-6,84.93,,65000,0,5,14,1986,신규,26.11~28.05,,,,,
영등포구,11560,문래동6가,202608,아파트_전월세,문래베어스타운,문래동6가,38-1,59.95,,20000,140,12,18,1997,신규,26.09~28.09,,,,,
영등포구,11560,당산동,202608,아파트_전월세,리첸트,당산동,121-204,14.77,,3000,55,9,15,2012,신규,26.08~27.08,,,,,
영등포구,11560,문래동3가,202608,아파트_전월세,문래자이,문래동3가,54,121.53,,98000,0,9,8,2001,갱신,26.11~28.11,94000.0,,사용,,
영등포구,11560,영등포동7가,202608,아파트_전월세,훼미리하우스117,영등포동7가,94-51,16.98,,1000,60,3,4,2012,신규,26.08~27.08,,,,,
영등포구,11560,당산동5가,202608,아파트_전월세,당산삼성래미안4차,당산동5가,42,84.94,,101850,0,20,8,2003,갱신,26.09~28.09,97000.0,,사용,,
영등포구,11560,영등포동7가,202608,아파트_전월세,아크로타워스퀘어,영등포동7가,203,84.75,,85000,0,4,17,2017,신규,26.09~28.09,,,,,
영등포구,11560,당산동5가,202608,아파트_전월세,당산삼성래미안4차,당산동5가,42,161.08,,97000,100,7,18,2003,갱신,26.09~28.09,97000.0,100.0,사용,,
영등포구,11560,대림동,202608,아파트_전월세,현대3차,대림동,608-1,43.92,,40000,0,8,14,1997,신규,26.11~28.11,,,,,
영등포구,11560,당산동5가,202608,아파트_전월세,당산효성타운2차,당산동5가,13,84.38,,15000,300,4,16,2001,신규,26.09~28.09,,,,,
영등포구,11560,당산동2가,202608,아파트_전월세,당산2가현대홈타운,당산동2가,164,82.77,,65000,0,3,13,1994,신규,26.08~28.08,,,,,
영등포구,11560,당산동5가,202608,아파트_전월세,당산삼성래미안4차,당산동5가,42,133.42,,120000,0,10,13,2003,갱신,26.08~28.08,120000.0,,사용,,
영등포구,11560,신길동,202608,아파트_전월세,비스타동원,신길동,4975,15.3664,,16000,2,20,4,2024,신규,26.10~28.10,,,,,
영등포구,11560,양평동1가,202608,아파트_전월세,신동아,양평동1가,20,50.81,,3000,100,4,13,1982,신규,26.10~28.10,,,,,
영등포구,11560,문래동3가,202608,아파트_전월세,문래자이,문래동3가,54,84.98,,93000,0,7,18,2001,신규,26.11~28.11,,,,,
영등포구,11560,당산동,202608,아파트_전월세,래미안당산1차,당산동,374,59.97,,48000,80,15,15,1995,신규,26.10~28.10,,,,,
영등포구,11560,신길동,202608,아파트_전월세,신길센트럴아이파크,신길동,4955,84.98,,76600,0,17,11,2019,갱신,26.12~28.12,73000.0,,사용,,
영등포구,11560,당산동1가,202608,아파트_전월세,진로,당산동1가,16-1,59.4,,51000,0,12,18,1997,갱신,26.08~28.08,43000.0,,,,
영등포구,11560,신길동,202608,아파트_전월세,비스타동원,신길동,4975,28.7519,,27200,3,14,13,2024,신규,26.11~28.11,,,,,
영등포구,11560,양평동5가,202608,아파트_전월세,양평한신,양평동5가,76,59.94,,5000,200,13,15,1996,신규,26.10~28.10,,,,,
영등포구,11560,신길동,202608,아파트_전월세,4972,신길동,4972,15.5581,,1000,65,3,7,2021,신규,26.08~27.08,,,,,
영등포구,11560,신길동,202608,아파트_전월세,보라매에스케이뷰,신길동,4958,84.98,,75000,40,12,14,2020,갱신,26.10~28.04,75000.0,,,,
영등포구,11560,당산동,202608,아파트_전월세,강변래미안,당산동,376,55.91,,67000,0,11,18,2002,신규,26.10~28.10,,,,,
영등포구,11560,문래동5가,202608,아파트_전월세,문래모아미래도,문래동5가,67,84.75,,75000,0,16,13,2017,갱신,26.08~28.08,75000.0,,,,
영등포구,11560,대림동,202608,아파트_전월세,신동아,대림동,777-1,67.41,,35000,0,2,18,1987,신규,26.09~28.09,,,,,
영등포구,11560,신길동,202608,아파트_전월세,힐스테이트클래시안,신길동,4969,59.91,,70000,0,20,15,2020,갱신,26.10~28.10,67000.0,,사용,,
영등포구,11560,대림동,202608,아파트_전월세,e편한세상영등포아델포레,대림동,1127,59.968,,73000,0,6,15,2020,신규,26.10~28.10,,,,,
영등포구,11560,영등포동,202608,아파트_전월세,영등포푸르지오,영등포동,647,79.777,,70000,0,1,11,2002,신규,26.09~28.09,,,,,
영등포구,11560,문래동6가,202608,아파트_전월세,현대2차,문래동6가,45,41.04,,27000,0,4,14,1987,갱신,26.08~27.08,27000.0,,,,
영등포구,11560,대림동,202608,아파트_전월세,e편한세상영등포아델포레,대림동,1127,84.9948,,73500,0,6,15,2020,갱신,26.08~28.08,70000.0,,사용,,
영등포구,11560,당산동3가,202608,아파트_전월세,당산계룡리슈빌2단지,당산동3가,566,47.25,,56500,0,3,8,2014,갱신,26.10~27.10,55000.0,,사용,,
영등포구,11560,문래동5가,202608,아파트_전월세,문래현대5차,문래동5가,23-1,84.79,,43000,28,7,15,1992,갱신,26.08~29.01,43000.0,20.0,사용,,
영등포구,11560,대림동,202608,아파트_전월세,문영칸타빌레,대림동,1061,84.89,,52500,0,4,8,2001,갱신,26.09~28.09,50000.0,,사용,,
영등포구,11560,신길동,202608,아파트_전월세,우성3,신길동,4656,83.66,,46305,0,4,15,1989,갱신,26.08~28.12,44100.0,,사용,,
영등포구,11560,신길동,202608,아파트_전월세,우창,신길동,4501,66.82,,6000,100,7,14,1983,신규,26.10~28.10,,,,,
영등포구,11560,여의도동,202608,아파트_전월세,"광장(1,2동)",여의도동,38-1,102.85,,102000,0,13,17,1978,신규,26.10~28.10,,,,,
영등포구,11560,영등포동2가,202608,아파트_전월세,현대팰리스,영등포동2가,28-138,29.67,,26200,10,11,15,2016,신규,26.10~28.10,,,,,
영등포구,11560,신길동,202608,아파트_전월세,힐스테이트클래시안,신길동,4969,84.86,,60000,165,10,17,2020,신규,26.11~28.11,,,,,
영등포구,11560,영등포동1가,202608,아파트_전월세,여의도더리브스타일,영등포동1가,94-2,14.8376,,5000,69,23,15,2020,신규,26.09~27.09,,,,,
영등포구,11560,신길동,202608,아파트_전월세,보라매경남아너스빌,신길동,4780,84.79,,68000,0,18,15,2005,신규,26.10~28.10,,,,,
영등포구,11560,당산동2가,202608,아파트_전월세,당산2가현대홈타운,당산동2가,164,82.77,,60900,0,6,8,1994,갱신,26.10~28.10,58000.0,,사용,,
영등포구,11560,영등포동7가,202608,아파트_전월세,아크로타워스퀘어,영등포동7가,203,59.91,,84000,0,3,17,2017,신규,26.10~28.10,,,,,
영등포구,11560,양평동3가,202608,아파트_전월세,양평역미소지움,양평동3가,106,59.166,,30000,140,4,13,2018,신규,26.10~28.10,,,,,
영등포구,11560,신길동,202608,아파트_전월세,우성3,신길동,4656,83.66,,46305,0,4,15,1989,갱신,26.08~28.12,44100.0,,사용,,
영등포구,11560,문래동3가,202608,아파트_전월세,문래공원한신,문래동3가,77-2,58.96,,46000,0,9,15,1988,갱신,26.09~27.02,41000.0,,,,
영등포구,11560,신길동,202608,아파트_전월세,힐스테이트클래시안,신길동,4969,84.86,,97500,0,26,15,2020,신규,26.10~28.10,,,,,
영등포구,11560,대림동,202608,아파트_전월세,코오롱,대림동,607-1,59.94,,40000,0,13,13,1998,신규,26.10~28.10,,,,,
영등포구,11560,당산동5가,202608,아파트_전월세,당산삼성래미안4차,당산동5가,42,115.78,,125000,0,8,14,2003,신규,26.08~28.08,,,,,
영등포구,11560,대림동,202608,아파트_전월세,현대3차,대림동,608-1,43.92,,3000,150,21,13,1997,신규,26.10~28.10,,,,,
영등포구,11560,신길동,202608,아파트_전월세,대성유니드,신길동,389,82.26,,50000,0,12,14,2003,신규,26.10~28.10,,,,,
영등포구,11560,대림동,202608,아파트_전월세,쌍용플래티넘S,대림동,717,18.24,,500,55,6,10,2013,신규,26.08~28.02,,,,,
영등포구,11560,문래동6가,202608,아파트_전월세,문래롯데캐슬,문래동6가,57,53.75,,25000,56,15,13,2020,갱신,26.10~28.10,25000.0,50.0,,,
영등포구,11560,당산동4가,202608,아파트_전월세,한강아파트,당산동4가,29,84.98,,10000,155,19,2,1999,갱신,26.08~27.08,10000.0,147.0,사용,,
영등포구,11560,여의도동,202608,아파트_전월세,서울,여의도동,21-1,139.31,,75000,220,2,14,1976,신규,26.12~28.12,,,,,
영등포구,11560,당산동4가,202608,아파트_전월세,한강아파트,당산동4가,29,84.98,,67200,0,11,7,1999,갱신,26.08~28.08,64000.0,,사용,,
영등포구,11560,문래동6가,202608,아파트_전월세,문래롯데캐슬,문래동6가,57,51.25,,10000,83,4,14,2020,갱신,26.10~28.10,10000.0,78.0,,,
영등포구,11560,영등포동7가,202608,아파트_전월세,아크로타워스퀘어,영등포동7가,203,84.69,,60000,190,10,13,2017,신규,26.09~28.09,,,,,
영등포구,11560,영등포동,202608,아파트_전월세,두산위브,영등포동,649,59.8,,42000,0,3,2,2004,갱신,26.08~28.08,40000.0,,,,
영등포구,11560,대림동,202608,아파트_전월세,대림현대,대림동,946-1,59.76,,44000,0,13,14,1999,신규,26.10~28.10,,,,,
영등포구,11560,양평동2가,202608,아파트_전월세,삼성래미안,양평동2가,38-1,59.4,,39280,0,20,14,1998,신규,26.08~28.08,,,,,
영등포구,11560,대림동,202608,아파트_전월세,e편한세상영등포아델포레,대림동,1127,84.9571,,82000,0,3,14,2020,신규,26.10~28.10,,,,,
영등포구,11560,영등포동1가,202608,아파트_전월세,여의도더리브스타일,영등포동1가,94-2,14.8376,,18000,0,19,13,2020,갱신,26.08~28.08,19300.0,,사용,,
영등포구,11560,문래동5가,202608,아파트_전월세,문래모아미래도,문래동5가,67,84.81,,55000,115,15,14,2017,갱신,26.09~28.09,55000.0,100.0,사용,,
영등포구,11560,신길동,202608,아파트_전월세,더샵파크프레스티지,신길동,4974,84.9626,,76000,60,5,12,2022,갱신,26.08~28.08,76000.0,,사용,,
영등포구,11560,신길동,202608,아파트_전월세,비스타동원,신길동,4975,28.7519,,24500,13,20,5,2024,신규,26.09~28.09,,,,,
영등포구,11560,대림동,202608,아파트_전월세,e편한세상영등포아델포레,대림동,1127,84.9948,,62000,0,13,13,2020,갱신,26.09~27.09,62000.0,,,,
영등포구,11560,신길동,202608,아파트_전월세,래미안에스티움,신길동,4950,59.95,,71400,0,15,13,2017,갱신,26.11~28.11,68000.0,,사용,,
영등포구,11560,신길동,202608,아파트_전월세,래미안에스티움,신길동,4950,84.92,,97000,0,9,13,2017,신규,26.10~28.10,,,,,
영등포구,11560,대림동,202608,아파트_전월세,대림동갑을명가아파트,대림동,1119,84.87,,20000,80,12,12,2005,신규,26.08~28.08,,,,,
영등포구,11560,당산동3가,202608,아파트_전월세,당산계룡리슈빌2단지,당산동3가,566,38.77,,3000,180,2,13,2014,신규,26.10~28.10,,,,,
영등포구,11560,당산동2가,202608,아파트_전월세,한화포레나당산,당산동2가,165,26.716,,18847,22,14,13,2022,신규,26.10~28.10,,,,,
영등포구,11560,여의도동,202608,아파트_전월세,시범,여의도동,50,79.24,,40000,0,6,13,1971,신규,26.09~28.09,,,,,
영등포구,11560,신길동,202608,아파트_전월세,신길AK푸르지오,신길동,255-9,49.9038,,20000,150,17,13,2024,신규,26.08~28.08,,,,,
영등포구,11560,여의도동,202608,아파트_전월세,여의도자이,여의도동,47,148.94,,20000,650,11,12,2008,신규,26.11~28.11,,,,,
영등포구,11560,여의도동,202608,아파트_전월세,시범,여의도동,50,79.24,,50000,0,4,11,1971,신규,26.10~28.10,,,,,
영등포구,11560,문래동6가,202608,아파트_전월세,문래롯데캐슬,문래동6가,57,59.9,,25000,68,8,11,2020,갱신,26.10~28.10,25000.0,62.0,,,
영등포구,11560,문래동6가,202608,아파트_전월세,문래롯데캐슬,문래동6가,57,53.75,,20000,69,13,11,2020,갱신,26.10~28.10,20000.0,63.0,,,
영등포구,11560,여의도동,202608,아파트_전월세,시범,여의도동,50,60.96,,33000,0,10,6,1971,신규,26.11~28.11,,,,,
영등포구,11560,신길동,202608,아파트_전월세,래미안에스티움,신길동,4950,84.95,,84000,0,15,12,2017,갱신,26.09~28.09,80000.0,,사용,,
영등포구,11560,영등포동7가,202608,아파트_전월세,훼미리하우스117,영등포동7가,94-51,16.9,,1000,70,13,5,2012,신규,26.08~28.08,,,,,
영등포구,11560,대림동,202608,아파트_전월세,e편한세상영등포아델포레,대림동,1127,84.9571,,25000,220,13,7,2020,신규,26.10~28.10,,,,,
영등포구,11560,양평동3가,202608,아파트_전월세,현대2차,양평동3가,79-4,80.92,,63000,0,3,12,1990,갱신,26.08~28.08,57000.0,,,,
영등포구,11560,신길동,202608,아파트_전월세,힐스테이트클래시안,신길동,4969,42.68,,51450,0,18,13,2020,갱신,26.11~28.11,49000.0,,사용,,
영등포구,11560,문래동6가,202608,아파트_전월세,문래롯데캐슬,문래동6가,57,51.25,,25000,46,17,13,2020,신규,26.09~28.09,,,,,
영등포구,11560,신길동,202608,아파트_전월세,우성2,신길동,4518,84.47,,43000,0,5,8,1986,갱신,26.08~28.08,41000.0,,사용,,
영등포구,11560,신길동,202608,아파트_전월세,우성2,신길동,4518,53.24,,2000,116,8,1,1986,갱신,26.09~28.09,2000.0,110.0,사용,,
영등포구,11560,여의도동,202608,아파트_전월세,시범,여의도동,50,79.24,,29000,80,6,13,1971,갱신,26.08~28.08,21000.0,80.0,,,
영등포구,11560,문래동6가,202608,아파트_전월세,문래롯데캐슬,문래동6가,57,52.62,,25000,53,18,7,2020,갱신,26.10~28.10,25000.0,47.0,,,
영등포구,11560,대림동,202608,아파트_전월세,e편한세상영등포아델포레,대림동,1127,84.9948,,82000,0,9,13,2020,신규,26.09~28.09,,,,,
영등포구,11560,영등포동1가,202608,아파트_전월세,지엘리베라움,영등포동1가,28,12.62,,14000,12,13,8,2014,신규,26.09~28.09,,,,,
영등포구,11560,문래동3가,202608,아파트_전월세,문래힐스테이트,문래동3가,94,119.47,,20000,260,16,12,2003,갱신,26.08~28.08,30000.0,200.0,사용,,
영등포구,11560,당산동5가,202608,아파트_전월세,당산삼성래미안4차,당산동5가,42,115.78,,95000,60,7,12,2003,신규,26.11~28.11,,,,,
영등포구,11560,문래동6가,202608,아파트_전월세,문래롯데캐슬,문래동6가,57,51.25,,25000,42,5,7,2020,갱신,26.10~28.10,25000.0,37.0,,,
영등포구,11560,신길동,202608,아파트_전월세,보라매에스케이뷰,신길동,4958,84.98,,81900,0,14,7,2020,갱신,26.09~28.09,78000.0,,사용,,
영등포구,11560,영등포동7가,202608,아파트_전월세,경남아너스빌,영등포동7가,46-1,84.82,,30000,150,6,9,1998,신규,26.08~28.08,,,,,
영등포구,11560,문래동3가,202608,아파트_전월세,문래자이,문래동3가,54,84.98,,70000,120,21,8,2001,신규,26.10~28.10,,,,,
영등포구,11560,신길동,202608,아파트_전월세,보라매경남아너스빌,신길동,4780,84.79,,37500,80,7,10,2005,갱신,26.08~28.07,25000.0,130.0,,,
영등포구,11560,신길동,202608,아파트_전월세,신길AK푸르지오,신길동,255-9,49.4666,,5000,250,24,12,2024,신규,26.09~28.09,,,,,
영등포구,11560,양평동1가,202608,아파트_전월세,신동아,양평동1가,20,50.81,,20000,50,6,8,1982,신규,26.11~28.11,,,,,
영등포구,11560,영등포동7가,202608,아파트_전월세,포레나영등포센트럴,영등포동7가,208,59.8976,,84000,0,25,8,2020,신규,26.10~28.10,,,,,
영등포구,11560,영등포동,202608,아파트_전월세,순영웰라이빌,영등포동,648,84.88,,52500,0,10,1,2002,갱신,26.10~28.10,50000.0,,사용,,
영등포구,11560,신길동,202608,아파트_전월세,우성3,신길동,4656,83.66,,40000,30,6,11,1989,신규,26.09~30.09,,,,,
영등포구,11560,대림동,202608,아파트_전월세,신대림자이1단지,대림동,1121,84.88,,10000,240,18,12,2007,신규,26.09~28.09,,,,,
영등포구,11560,대림동,202608,아파트_전월세,e편한세상영등포아델포레,대림동,1127,84.9948,,71000,0,9,10,2020,갱신,26.08~28.08,68000.0,,사용,,
영등포구,11560,신길동,202608,아파트_전월세,우성3,신길동,4656,64.4,,48000,0,7,9,1989,신규,26.11~28.11,,,,,
영등포구,11560,여의도동,202608,아파트_전월세,여의도자이,여의도동,47,148.94,,177500,0,15,11,2008,갱신,26.08~28.08,170000.0,,사용,,
영등포구,11560,신길동,202608,아파트_전월세,힐스테이트클래시안,신길동,4969,42.68,,51450,0,18,12,2020,갱신,26.11~28.11,49000.0,,사용,,
영등포구,11560,문래동6가,202608,아파트_전월세,문래롯데캐슬,문래동6가,57,59.9,,25000,66,4,12,2020,신규,26.09~28.09,,,,,
영등포구,11560,신길동,202608,아파트_전월세,신길AK푸르지오,신길동,255-9,49.4666,,5000,250,24,11,2024,신규,26.09~28.09,,,,,
영등포구,11560,양평동5가,202608,아파트_전월세,양평한신,양평동5가,76,59.94,,50000,0,5,10,1996,갱신,26.08~28.08,48000.0,,사용,,
영등포구,11560,양평동2가,202608,아파트_전월세,삼성래미안,양평동2가,38-1,84.69,,65000,0,21,8,1998,신규,26.09~28.09,,,,,
영등포구,11560,영등포동7가,202608,아파트_전월세,아크로타워스퀘어,영등포동7가,203,84.69,,105000,0,9,6,2017,신규,26.10~28.10,,,,,
영등포구,11560,문래동6가,202608,아파트_전월세,문래롯데캐슬,문래동6가,57,51.25,,25000,45,19,12,2020,신규,26.09~28.09,,,,,
영등포구,11560,여의도동,202608,아파트_전월세,광장,여의도동,28,102.35,,40000,165,2,11,1978,갱신,26.08~28.08,40000.0,120.0,,,
영등포구,11560,당산동5가,202608,아파트_전월세,당산센트럴아이파크,당산동5가,43,84.98,,106000,0,4,10,2020,갱신,26.08~28.08,101000.0,,사용,,
영등포구,11560,당산동4가,202608,아파트_전월세,브라운스톤당산,당산동4가,98,84.037,,87000,0,10,9,2015,신규,26.11~28.11,,,,,
영등포구,11560,당산동2가,202608,아파트_전월세,당산2가현대홈타운,당산동2가,164,82.77,,15000,202,15,8,1994,갱신,26.08~28.08,15000.0,190.0,사용,,
영등포구,11560,문래동5가,202608,아파트_전월세,문래현대5차,문래동5가,23-1,84.79,,52000,0,18,10,1992,신규,26.10~28.10,,,,,
영등포구,11560,당산동5가,202608,아파트_전월세,당산삼성래미안4차,당산동5가,42,115.78,,110000,0,11,8,2003,갱신,26.10~28.10,105000.0,,사용,,
영등포구,11560,여의도동,202608,아파트_전월세,목화,여의도동,30,89.26,,51000,0,7,11,1977,갱신,26.08~28.04,49000.0,,사용,,
영등포구,11560,신길동,202608,아파트_전월세,우창,신길동,4501,62.84,,25000,0,11,11,1983,신규,26.09~28.09,,,,,
영등포구,11560,당산동5가,202608,아파트_전월세,당산삼성래미안4차,당산동5가,42,115.78,,130000,0,9,11,2003,신규,26.10~28.10,,,,,
영등포구,11560,대림동,202608,아파트_전월세,대림동갑을명가아파트,대림동,1119,84.87,,5000,170,10,11,2005,신규,26.10~28.10,,,,,
영등포구,11560,신길동,202608,아파트_전월세,힐스테이트클래시안,신길동,4969,42.68,,48000,0,15,11,2020,갱신,26.10~28.10,48000.0,,사용,,
영등포구,11560,양평동1가,202608,아파트_전월세,영등포중흥에스클래스,양평동1가,271,28.97,,3000,120,21,11,2021,신규,26.10~28.10,,,,,
영등포구,11560,당산동4가,202608,아파트_전월세,당산현대5차,당산동4가,30-1,84.69,,25000,190,21,11,2000,갱신,26.09~28.09,25000.0,180.0,사용,,
영등포구,11560,여의도동,202608,아파트_전월세,시범,여의도동,50,79.24,,42000,0,12,10,1971,갱신,26.09~28.09,40000.0,,사용,,
영등포구,11560,신길동,202608,아파트_전월세,보라매정은벚꽃마을,신길동,4944,63.4,,58000,0,2,1,2014,신규,26.10~28.10,,,,,
영등포구,11560,대림동,202608,아파트_전월세,브라이튼디엘,대림동,783-6,58.37,,30627,0,6,11,2023,신규,26.08~28.12,,,,,
영등포구,11560,영등포동8가,202608,아파트_전월세,당산푸르지오,영등포동8가,91,84.98,,85000,0,5,10,2004,신규,26.10~27.10,,,,,
영등포구,11560,영등포동2가,202608,아파트_전월세,센트레빌아스테리움영등포아파트,영등포동2가,467,59.9953,,73500,0,26,11,2024,갱신,26.09~28.09,70000.0,,사용,,
영등포구,11560,대림동,202608,아파트_전월세,e편한세상영등포아델포레,대림동,1127,84.9571,,82000,0,9,7,2020,신규,26.09~28.09,,,,,
영등포구,11560,대림동,202608,아파트_전월세,쌍용플래티넘S,대림동,717,18.24,,500,55,6,10,2013,신규,26.08~28.02,,,,,
영등포구,11560,문래동4가,202608,아파트_전월세,문래동삼환,문래동4가,43,59.85,,35700,0,7,10,2001,갱신,26.08~28.08,34000.0,,사용,,
영등포구,11560,당산동5가,202608,아파트_전월세,당산디오빌,당산동5가,11-33,29.23,,30000,0,10,7,2005,신규,26.09~28.09,,,,,
영등포구,11560,문래동6가,202608,아파트_전월세,문래롯데캐슬,문래동6가,57,51.25,,26000,40,2,7,2020,갱신,26.10~28.10,25000.0,39.0,,,
영등포구,11560,문래동5가,202608,아파트_전월세,문래모아미래도,문래동5가,67,59.9,,31070,0,10,11,2017,갱신,26.09~28.08,29591.0,,,,
영등포구,11560,신길동,202608,아파트_전월세,힐스테이트클래시안,신길동,4969,84.86,,20000,300,20,11,2020,갱신,26.08~28.08,20000.0,200.0,,,
영등포구,11560,당산동1가,202608,아파트_전월세,진로,당산동1가,16-1,84.87,,40000,165,11,9,1997,신규,26.10~27.11,,,,,
영등포구,11560,문래동6가,202608,아파트_전월세,문래롯데캐슬,문래동6가,57,53.75,,25000,55,8,7,2020,갱신,26.10~28.10,25000.0,49.0,,,
영등포구,11560,문래동6가,202608,아파트_전월세,문래롯데캐슬,문래동6가,57,59.9,,25000,70,19,7,2020,갱신,26.10~28.10,25000.0,64.0,,,
영등포구,11560,당산동,202608,아파트_전월세,래미안당산1차,당산동,374,59.97,,70000,0,11,11,1995,신규,26.10~28.10,,,,,
영등포구,11560,대림동,202608,아파트_전월세,e편한세상영등포아델포레,대림동,1127,84.9571,,78000,0,6,10,2020,신규,26.09~28.09,,,,,
영등포구,11560,영등포동8가,202608,아파트_전월세,삼환,영등포동8가,76-1,84.87,,74550,0,9,10,1999,갱신,26.09~28.09,71000.0,,사용,,
영등포구,11560,당산동3가,202608,아파트_전월세,리마크빌당산,당산동3가,567,23.46,,2000,148,2,1,2025,신규,26.08~27.08,,,,,
영등포구,11560,영등포동1가,202608,아파트_전월세,여의도더리브스타일,영등포동1가,94-2,14.8376,,18200,15,14,7,2020,갱신,26.08~28.08,19300.0,10.0,,,
영등포구,11560,대림동,202608,아파트_전월세,보라매 신동아 파밀리에,대림동,1125,84.91,,54200,0,16,11,2016,갱신,26.08~28.08,52700.0,,사용,,
영등포구,11560,여의도동,202608,아파트_전월세,수정,여의도동,32,150.65,,110000,0,8,10,1976,신규,26.10~28.10,,,,,
영등포구,11560,문래동6가,202608,아파트_전월세,문래롯데캐슬,문래동6가,57,51.25,,20000,65,13,11,2020,신규,26.09~28.09,,,,,
영등포구,11560,양평동4가,202608,아파트_전월세,삼호한숲,양평동4가,94,59.9,,59500,0,17,10,2000,신규,26.10~28.10,,,,,
영등포구,11560,당산동5가,202608,아파트_전월세,반도유보라,당산동5가,41,84.58,,73900,0,8,10,2002,갱신,26.09~28.09,58400.0,,,,
영등포구,11560,영등포동3가,202608,아파트_전월세,포레스트힐시티,영등포동3가,19-2,13.53,,500,60,12,1,2014,신규,26.08~27.08,,,,,
영등포구,11560,신길동,202608,아파트_전월세,우성1,신길동,365,64.4,,40000,0,13,8,1986,신규,26.10~28.10,,,,,
영등포구,11560,여의도동,202608,아파트_전월세,대교,여의도동,41,133.65,,10000,100,9,11,1975,갱신,26.08~27.02,10000.0,100.0,,,
영등포구,11560,대림동,202608,아파트_전월세,신대림자이2단지,대림동,1122,84.9,,45400,0,15,8,2007,갱신,26.09~28.09,43240.0,,사용,,
영등포구,11560,문래동6가,202608,아파트_전월세,e편한세상 문래 에듀플라츠,문래동6가,58,59.97,,71400,0,17,10,2020,갱신,26.10~28.10,68000.0,,사용,,
영등포구,11560,도림동,202608,아파트_전월세,한라,도림동,231-1,59.85,,20000,61,13,1,1998,갱신,26.08~28.08,20000.0,55.0,사용,,
영등포구,11560,당산동,202608,아파트_전월세,훼미리하우스138,당산동,121-108,14.28,,6000,35,2,10,2013,신규,26.09~27.09,,,,,
영등포구,11560,여의도동,202608,아파트_전월세,여의도자이,여의도동,47,148.94,,170000,120,10,7,2008,신규,26.10~28.10,,,,,
영등포구,11560,당산동2가,202608,아파트_전월세,당산2가현대홈타운,당산동2가,164,82.77,,30000,163,9,7,1994,갱신,26.08~28.08,30000.0,150.0,사용,,
영등포구,11560,당산동5가,202608,아파트_전월세,당산삼성래미안4차,당산동5가,42,97.27,,100000,0,19,10,2003,갱신,26.08~27.03,93000.0,,,,
영등포구,11560,여의도동,202608,아파트_전월세,진주,여의도동,54,72,,70000,0,10,7,1977,신규,26.11~28.11,,,,,
영등포구,11560,신길동,202608,아파트_전월세,보라매에스케이뷰,신길동,4958,59.98,,82000,0,10,8,2020,신규,26.09~28.09,,,,,
영등포구,11560,신길동,202608,아파트_전월세,우성2,신길동,4518,64.4,,30000,0,6,8,1986,신규,26.11~30.11,,,,,
영등포구,11560,양평동5가,202608,아파트_전월세,양평한신,양평동5가,76,84.87,,61500,0,4,10,1996,갱신,26.08~28.08,59000.0,,사용,,
영등포구,11560,신길동,202608,아파트_전월세,더샵파크프레스티지,신길동,4974,59.8635,,70000,0,4,8,2022,신규,26.10~29.02,,,,,
영등포구,11560,영등포동1가,202608,아파트_전월세,여의도이튼브라운,영등포동1가,92-3,43.37,,10000,195,6,8,2022,신규,26.11~28.11,,,,,
영등포구,11560,당산동5가,202608,아파트_전월세,당산효성타운2차,당산동5가,13,84.38,,85000,0,15,8,2001,갱신,26.10~27.10,85000.0,,,,
영등포구,11560,신길동,202608,아파트_전월세,대방전철,신길동,1343,45.95,,27000,0,1,4,1976,갱신,26.08~28.08,26000.0,,사용,,
영등포구,11560,문래동3가,202608,아파트_전월세,문래금호어울림,문래동3가,97,84.99,,78750,0,14,8,2006,갱신,26.08~28.08,75000.0,,사용,,
영등포구,11560,신길동,202608,아파트_전월세,보라매에스케이뷰,신길동,4958,59.98,,81000,0,5,8,2020,갱신,26.10~28.10,71000.0,,,,
영등포구,11560,당산동4가,202608,아파트_전월세,당산현대3차,당산동4가,88,73.27,,57500,0,9,8,1988,갱신,26.08~28.08,55000.0,,사용,,
영등포구,11560,여의도동,202608,아파트_전월세,삼부,여의도동,30-2,135.8,,5000,330,10,5,1975,갱신,26.10~28.10,5000.0,231.0,,,
영등포구,11560,여의도동,202608,아파트_전월세,진주,여의도동,54,72,,65000,0,6,7,1977,신규,26.08~28.08,,,,,
영등포구,11560,당산동1가,202608,아파트_전월세,신동아파밀리에,당산동1가,457,59.4,,60000,0,12,8,2008,신규,26.10~28.10,,,,,
영등포구,11560,당산동2가,202608,아파트_전월세,당산대우,당산동2가,16-1,45.55,,31000,0,9,8,1999,갱신,26.09~28.09,30000.0,,사용,,
영등포구,11560,양평동3가,202608,아파트_전월세,삼익플라주101동,양평동3가,104,84.85,,66150,0,12,8,2009,갱신,26.10~28.10,63000.0,,사용,,
영등포구,11560,영등포동,202608,아파트_전월세,영등포푸르지오,영등포동,647,84.84,,60000,0,2,7,2002,갱신,26.08~28.08,57000.0,,,,
영등포구,11560,신길동,202608,아파트_전월세,프리가,신길동,65-21,13.66,,1000,65,11,6,2013,신규,26.09~27.09,,,,,
영등포구,11560,대림동,202608,아파트_전월세,e편한세상영등포아델포레,대림동,1127,59.9792,,56500,0,7,7,2020,갱신,26.08~28.08,53900.0,,사용,,
영등포구,11560,신길동,202608,아파트_전월세,우성3,신길동,4656,64.4,,39900,0,12,1,1989,갱신,26.09~28.09,38000.0,,사용,,
영등포구,11560,신길동,202608,아파트_전월세,더샵파크프레스티지,신길동,4974,59.8635,,66000,0,7,6,2022,갱신,26.08~28.08,63000.0,,사용,,
영등포구,11560,양평동6가,202608,아파트_전월세,동양,양평동6가,100,59.86,,40000,0,13,7,2000,신규,26.09~28.09,,,,,
영등포구,11560,대림동,202608,아파트_전월세,신동아,대림동,777-1,67.41,,34000,0,3,1,1987,갱신,26.09~28.09,32400.0,,,,
영등포구,11560,신길동,202608,아파트_전월세,보라매경남아너스빌,신길동,4780,84.79,,65000,0,18,4,2005,갱신,26.08~28.08,62000.0,,사용,,
영등포구,11560,대림동,202608,아파트_전월세,현대3차,대림동,608-1,59.83,,57000,0,3,5,1997,신규,26.10~28.10,,,,,
영등포구,11560,신길동,202608,아파트_전월세,보라매에스케이뷰,신길동,4958,59.98,,85000,0,7,6,2020,신규,26.10~28.10,,,,,
영등포구,11560,대림동,202608,아파트_전월세,무림,대림동,993-8,56.23,,25000,0,4,6,1981,신규,26.10~28.10,,,,,
영등포구,11560,여의도동,202608,아파트_전월세,시범,여의도동,50,156.99,,4000,265,6,3,1971,갱신,26.08~28.08,4000.0,242.0,사용,,
영등포구,11560,당산동4가,202608,아파트_전월세,한강아파트,당산동4가,29,59.4,,20000,140,17,7,1999,신규,26.08~30.08,,,,,
영등포구,11560,여의도동,202608,아파트_전월세,시범,여의도동,50,79.24,,48000,0,5,6,1971,신규,26.09~28.09,,,,,
영등포구,11560,당산동2가,202608,아파트_전월세,당산대우,당산동2가,16-1,31.73,,26500,0,2,6,1999,갱신,26.08~28.08,24000.0,,,,
영등포구,11560,신길동,202608,아파트_전월세,삼환,신길동,897-1,84.84,,53000,0,9,1,1997,갱신,26.08~28.08,50000.0,,,,
영등포구,11560,신길동,202608,아파트_전월세,보라매경남아너스빌,신길동,4780,84.79,,65000,0,18,4,2005,갱신,26.08~28.08,62000.0,,사용,,
영등포구,11560,영등포동7가,202608,아파트_전월세,경남아너스빌,영등포동7가,46-1,59.9,,65000,0,4,6,1998,신규,26.10~28.10,,,,,
영등포구,11560,당산동2가,202608,아파트_전월세,한화포레나당산,당산동2가,165,33.095,,22296,23,14,6,2022,신규,26.10~28.10,,,,,
영등포구,11560,영등포동1가,202608,아파트_전월세,헤렌어반,영등포동1가,144,13.331,,10300,0,3,6,2011,신규,26.08~28.08,,,,,
영등포구,11560,영등포동7가,202608,아파트_전월세,아크로타워스퀘어,영등포동7가,203,84.65,,100000,0,14,4,2017,신규,26.10~28.10,,,,,
영등포구,11560,신길동,202608,아파트_전월세,우창,신길동,4501,66.82,,32000,0,12,5,1983,신규,26.10~28.10,,,,,
영등포구,11560,당산동2가,202608,아파트_전월세,당산2가현대홈타운,당산동2가,164,82.77,,60000,0,6,5,1994,갱신,26.08~28.08,55000.0,,,,
영등포구,11560,영등포동7가,202608,아파트_전월세,경남아너스빌,영등포동7가,46-1,114.77,,25000,210,8,3,1998,갱신,26.08~28.08,10000.0,202.0,,,
영등포구,11560,당산동5가,202608,아파트_전월세,유원제일2차,당산동5가,7-2,84.6,,38200,0,2,6,1984,갱신,26.08~28.08,48200.0,,,,
영등포구,11560,당산동4가,202608,아파트_전월세,당산삼성2차,당산동4가,94-1,59.76,,15500,87,12,5,1997,갱신,26.11~28.11,15500.0,80.0,,,
영등포구,11560,영등포동1가,202608,아파트_전월세,내이처해밀,영등포동1가,145,14.24,,10700,20,8,5,2012,신규,26.09~28.09,,,,,
영등포구,11560,양평동3가,202608,아파트_전월세,양평역미소지움,양평동3가,106,59.469,,58800,0,10,5,2018,갱신,26.09~28.09,56000.0,,사용,,
영등포구,11560,여의도동,202608,아파트_전월세,수정,여의도동,32,150.65,,84000,0,2,5,1976,갱신,26.11~28.11,80000.0,,사용,,
영등포구,11560,영등포동3가,202608,아파트_전월세,포레스트힐시티,영등포동3가,19-2,13.53,,500,65,9,3,2014,신규,26.08~28.08,,,,,
영등포구,11560,영등포동7가,202608,아파트_전월세,아크로타워스퀘어,영등포동7가,203,84.69,,110000,0,35,5,2017,갱신,26.09~28.09,105000.0,,사용,,
영등포구,11560,신길동,202608,아파트_전월세,래미안영등포프레비뉴,신길동,4945,59.99,,60000,0,1,5,2015,갱신,26.09~28.09,60000.0,,사용,,
영등포구,11560,당산동2가,202608,아파트_전월세,한화포레나당산,당산동2가,165,17.669,,9700,30,17,5,2022,신규,26.09~28.09,,,,,
영등포구,11560,대림동,202608,아파트_전월세,현대3차,대림동,608-1,59.83,,10000,150,23,4,1997,신규,26.11~28.11,,,,,
영등포구,11560,신길동,202608,아파트_전월세,건영,신길동,364,95.64,,47300,0,8,4,1985,갱신,26.10~28.10,45000.0,,,,
영등포구,11560,영등포동,202608,아파트_전월세,영등포푸르지오,영등포동,647,79.777,,5000,230,14,1,2002,신규,26.08~28.08,,,,,
영등포구,11560,신길동,202608,아파트_전월세,더샵파크프레스티지,신길동,4974,59.8943,,10000,250,8,3,2022,신규,26.08~28.08,,,,,
영등포구,11560,영등포동1가,202608,아파트_전월세,헤렌어반,영등포동1가,144,13.216,,1000,60,7,1,2011,신규,26.08~27.07,,,,,
영등포구,11560,영등포동7가,202608,아파트_전월세,아크로타워스퀘어,영등포동7가,203,84.75,,110000,0,22,4,2017,갱신,26.10~28.10,97000.0,,,,
영등포구,11560,도림동,202608,아파트_전월세,영등포아트자이,도림동,821,84.974,,73500,0,9,1,2014,갱신,26.10~28.10,70000.0,,,,
영등포구,11560,신길동,202608,아파트_전월세,보라매두산위브,신길동,4497,136.74,,78000,0,2,4,2005,신규,27.01~29.01,,,,,
영등포구,11560,대림동,202608,아파트_전월세,보라매 신동아 파밀리에,대림동,1125,84.83,,49000,0,7,4,2016,갱신,26.08~28.08,49000.0,,사용,,
영등포구,11560,여의도동,202608,아파트_전월세,롯데캐슬아이비,여의도동,43-4,150.8,,135000,0,27,4,2005,갱신,26.08~28.08,130000.0,,,,
영등포구,11560,문래동5가,202608,아파트_전월세,문래두산위브,문래동5가,14,65.46,,13000,85,11,2,1988,갱신,26.08~28.08,13000.0,70.0,,,
영등포구,11560,여의도동,202608,아파트_전월세,삼익,여의도동,51,123.27,,100000,0,1,3,1974,신규,26.10~28.10,,,,,
영등포구,11560,당산동3가,202608,아파트_전월세,리마크빌당산,당산동3가,567,22.06,,2000,146,4,4,2025,신규,26.09~27.09,,,,,
영등포구,11560,여의도동,202608,아파트_전월세,롯데캐슬엠파이어,여의도동,36,107.58,,110250,0,6,3,2005,갱신,26.09~28.09,105000.0,,사용,,
영등포구,11560,대림동,202608,아파트_전월세,신대림신동아파밀리에,대림동,1124,59.9754,,38000,50,10,1,2013,신규,26.10~28.10,,,,,
영등포구,11560,당산동1가,202608,아파트_전월세,신동아파밀리에,당산동1가,457,59.4,,60000,0,12,1,2008,신규,26.10~28.10,,,,,
영등포구,11560,대림동,202608,아파트_전월세,현대3차,대림동,608-1,43.92,,36000,15,13,1,1997,신규,26.10~28.10,,,,,
영등포구,11560,당산동,202608,아파트_전월세,강변래미안,당산동,376,55.91,,10000,210,6,1,2002,신규,26.09~28.09,,,,,
영등포구,11560,당산동2가,202608,아파트_전월세,당산대우,당산동2가,16-1,31.73,,2000,75,3,1,1999,신규,26.09~28.09,,,,,
영등포구,11560,대림동,202608,아파트_전월세,현대3차,대림동,608-1,59.83,,5000,180,20,1,1997,신규,26.10~28.10,,,,,
영등포구,11560,여의도동,202608,아파트_전월세,은하,여의도동,52,121.52,,84000,0,11,3,1974,갱신,26.10~28.10,80000.0,,사용,,
영등포구,11560,영등포동7가,202608,아파트_전월세,아크로타워스퀘어,영등포동7가,203,115.58,,135000,0,20,1,2017,신규,26.10~28.10,,,,,
영등포구,11560,대림동,202608,아파트_전월세,현대3차,대림동,608-1,43.92,,35000,0,26,1,1997,신규,26.08~28.08,,,,,
영등포구,11560,대림동,202608,아파트_전월세,현대3차,대림동,608-1,43.92,,36000,15,13,1,1997,신규,26.10~28.10,,,,,
영등포구,11560,영등포동7가,202608,아파트_전월세,경남아너스빌,영등포동7가,46-1,59.9,,52500,0,11,1,1998,갱신,26.09~28.09,50000.0,,사용,,
영등포구,11560,신길동,202608,아파트_전월세,우성2,신길동,4518,84.47,,38000,0,7,1,1986,신규,26.10~28.10,,,,,
영등포구,11560,신길동,202608,아파트_전월세,삼환,신길동,897-1,59.53,,20000,170,7,1,1997,신규,26.09~28.09,,,,,
영등포구,11560,영등포동,202608,아파트_전월세,영등포푸르지오,영등포동,647,79.777,,62000,0,16,1,2002,갱신,26.08~28.08,52000.0,,,,
영등포구,11560,대림동,202608,아파트_전월세,보라매 신동아 파밀리에,대림동,1125,84.88,,55000,0,11,1,2016,갱신,26.08~28.08,50000.0,,,,
영등포구,11560,신길동,202608,아파트_전월세,우성2,신길동,4518,64.4,,30000,0,14,2,1986,신규,26.09~28.09,,,,,
영등포구,11560,양평동4가,202608,오피스텔_매매,리엔츠캐슬,양평동4가,197-2,21.945,21000,,,4,5,2020,,,,,,직거래,
영등포구,11560,여의도동,202608,오피스텔_매매,여의도 프리베로 오피스텔,여의도동,15-14,38.13,23000,,,4,18,2004,,,,,,중개거래,
영등포구,11560,양평동2가,202608,오피스텔_매매,양평동 오피스텔,양평동2가,19-4,53.74,30000,,,5,8,2004,,,,,,중개거래,
영등포구,11560,도림동,202608,오피스텔_매매,현대팰리스,도림동,229-8,44.03,28000,,,3,6,2015,,,,,,직거래,
영등포구,11560,당산동5가,202608,오피스텔_매매,당산역해링턴타워,당산동5가,9-3,23.92,20500,,,3,17,2015,,,,,,중개거래,
영등포구,11560,당산동1가,202608,오피스텔_매매,파비엥,당산동1가,186-99,26.46,22000,,,2,18,2018,,,,,,중개거래,
영등포구,11560,당산동5가,202608,오피스텔_매매,당산 삼성쉐르빌,당산동5가,9-2,28.4,19500,,,5,11,2013,,,,,,중개거래,
영등포구,11560,문래동6가,202608,오피스텔_매매,문래동 대우 이안,문래동6가,26,56.1,45000,,,12,13,2004,,,,,,중개거래,
영등포구,11560,양평동3가,202608,오피스텔_매매,양평동 대우이안1,양평동3가,53,94.79,73500,,,7,12,2005,,,,,,중개거래,
영등포구,11560,영등포동4가,202608,오피스텔_매매,스퀘어뷰,영등포동4가,117-7,23.04,14100,,,2,12,2016,,,,,,중개거래,
영등포구,11560,여의도동,202608,오피스텔_매매,여의도자이,여의도동,47,82.48,125000,,,25,7,2008,,,,,,중개거래,
영등포구,11560,여의도동,202608,오피스텔_매매,힐스테이트 여의도 파인루체,여의도동,44-5,53.89,88000,,,4,11,2023,,,,,,중개거래,
영등포구,11560,당산동,202608,오피스텔_매매,여의도 아리스타,당산동,121-61,20.04,18000,,,13,10,2021,,,,,,중개거래,
영등포구,11560,문래동6가,202608,오피스텔_매매,문래파라곤 201동,문래동6가,16,87.85,76000,,,5,6,2005,,,,,,중개거래,
영등포구,11560,여의도동,202608,오피스텔_매매,더하우스 소호 여의도 오피스텔,여의도동,17-9,23.63,29000,,,8,4,2017,,,,,,중개거래,
영등포구,11560,문래동6가,202608,오피스텔_매매,문래파라곤,문래동6가,16-2,87.85,70000,,,2,6,2005,,,,,,중개거래,
영등포구,11560,양평동4가,202608,오피스텔_매매,선유도한강오피스텔,양평동4가,238-2,34.61,29000,,,5,3,2017,,,,,,중개거래,
영등포구,11560,양평동5가,202608,오피스텔_매매,선유도역 마들렌 오피스텔,양평동5가,24-1,29.41,24000,,,10,3,2021,,,,,,중개거래,
영등포구,11560,양평동4가,202608,연립다세대_매매,리엔츠캐슬,양평동4가,197-2,14.335,23500,,,5,3,2020,,,,,,직거래,
영등포구,11560,신길동,202608,연립다세대_매매,신원빌라A동(48-1),신길동,48-1,27.15,67500,,,1,14,1997,,,,,,중개거래,
영등포구,11560,신길동,202608,연립다세대_매매,영모던빌,신길동,89-119,30,70000,,,2,1,2017,,,,,,중개거래,
영등포구,11560,신길동,202608,연립다세대_매매,디자인하우스2,신길동,458-8,41.44,40000,,,3,6,2016,,,,,,직거래,
영등포구,11560,신길동,202608,연립다세대_매매,(1-7),신길동,1-7,41.46,67000,,,1,6,1987,,,,,,중개거래,
영등포구,11560,양평동4가,202608,연립다세대_매매,리엔츠캐슬,양평동4가,197-2,14.335,22000,,,6,5,2020,,,,,,직거래,
영등포구,11560,양평동4가,202608,연립다세대_매매,에스엠센트럴,양평동4가,161-7,28.94,41000,,,4,8,2020,,,,,,중개거래,
영등포구,11560,도림동,202608,연립다세대_매매,미소타운(236-12),도림동,236-12,43.56,51000,,,2,6,2002,,,,,,중개거래,
영등포구,11560,당산동1가,202608,연립다세대_매매,해강하우스,당산동1가,155-1,27.84,37000,,,7,8,2018,,,,,,중개거래,
영등포구,11560,양평동5가,202608,연립다세대_매매,(53-0),양평동5가,53,69.44,50000,,,3,12,1992,,,,,,중개거래,
영등포구,11560,신길동,202608,연립다세대_매매,정인빌,신길동,117-15,34.26,30000,,,2,10,2012,,,,,,중개거래,
영등포구,11560,영등포동6가,202608,연립다세대_매매,골든빌,영등포동6가,97,28.26,33000,,,4,8,2018,,,,,,중개거래,
영등포구,11560,양평동4가,202608,연립다세대_매매,양화빌3차,양평동4가,321-1,15.66,14800,,,2,11,2011,,,,,,중개거래,
영등포구,11560,영등포동7가,202608,연립다세대_매매,하우스퀘어,영등포동7가,106,25.69,27800,,,11,9,2018,,,,,,중개거래,
영등포구,11560,도림동,202608,연립다세대_매매,신흥캐스빌,도림동,93-1,63.95,82000,,,3,8,2009,,,,,,중개거래,
영등포구,11560,당산동2가,202608,연립다세대_매매,우성하임,당산동2가,159-3,26.2,30600,,,4,6,2017,,,,,,중개거래,
영등포구,11560,양평동4가,202608,연립다세대_매매,J.캐슬(139-1),양평동4가,139-1,27.02,31000,,,4,13,2016,,,,,,중개거래,
영등포구,11560,여의도동,202608,아파트_매매,목화,여의도동,30,89.26,295000,,,12,1,1977,,,,,,중개거래,
영등포구,11560,영등포동7가,202608,아파트_매매,아크로타워스퀘어,영등포동7가,203,84.65,218000,,,19,4,2017,,,,,,중개거래,
영등포구,11560,신길동,202608,아파트_매매,힐스테이트클래시안,신길동,4969,59.91,180000,,,11,8,2020,,,,,,중개거래,
영등포구,11560,당산동2가,202608,아파트_매매,당산대우,당산동2가,16-1,45.55,59800,,,7,19,1999,,,,,,중개거래,
영등포구,11560,문래동6가,202608,아파트_매매,e편한세상 문래 에듀플라츠,문래동6가,58,59.9854,130000,,,8,11,2020,,,,,,중개거래,
영등포구,11560,문래동2가,202608,아파트_매매,남성,문래동2가,35,58.52,118000,,,5,11,1983,,,,,,중개거래,
영등포구,11560,대림동,202608,아파트_매매,영등포자이르네,대림동,1132,49.01,66900,,,3,11,2022,,,,,,중개거래,
영등포구,11560,양평동3가,202608,아파트_매매,삼호,양평동3가,66,84.92,104700,,,2,9,1998,,,,,,중개거래,
영등포구,11560,신길동,202608,아파트_매매,선원가와인,신길동,4943,80.434,70000,,,15,11,2013,,,,,,직거래,
영등포구,11560,문래동5가,202608,아파트_매매,현대3차,문래동5가,21,84.36,103000,,,6,13,1991,,,,,,중개거래,
영등포구,11560,여의도동,202608,아파트_매매,삼부,여의도동,30-2,77.69,328000,,,5,12,1975,,,,,,중개거래,
영등포구,11560,당산동4가,202608,아파트_매매,당산반도유보라팰리스,당산동4가,96,157.87,193000,,,6,13,2010,,,,,,중개거래,
영등포구,11560,당산동4가,202608,아파트_매매,당산현대3차,당산동4가,88,73.27,154000,,,1,8,1988,,,,,,중개거래,
영등포구,11560,대림동,202608,아파트_매매,현대1,대림동,785-1,84.75,89000,,,5,7,1992,,,,,,중개거래,
영등포구,11560,문래동3가,202608,아파트_매매,문래힐스테이트,문래동3가,94,119.47,196000,,,21,12,2003,,,,,,중개거래,
영등포구,11560,대림동,202608,아파트_매매,문영칸타빌레,대림동,1061,84.89,65000,,,12,10,2001,,,,,,중개거래,
영등포구,11560,영등포동7가,202608,아파트_매매,근상프리즘,영등포동7가,29-130,82.79,63000,,,5,5,2010,,,,,,중개거래,
영등포구,11560,양평동3가,202608,아파트_매매,경남아너스빌,양평동3가,55-1,84.92,117000,,,11,11,1998,,,,,,중개거래,
영등포구,11560,양평동1가,202608,아파트_매매,영등포중흥에스클래스,양평동1가,271,28.97,52000,,,11,11,2021,,,,,,중개거래,
영등포구,11560,여의도동,202608,아파트_매매,대교,여의도동,41,95.5,340000,,,7,10,1975,,,,,,중개거래,
영등포구,11560,신길동,202608,아파트_매매,힐스테이트클래시안,신길동,4969,42.68,110000,,,9,10,2020,,,,,,중개거래,
영등포구,11560,대림동,202608,아파트_매매,쌍용플래티넘S,대림동,717,18.24,10600,,,8,11,2013,,,,,,중개거래,
영등포구,11560,대림동,202608,아파트_매매,쌍용플래티넘S,대림동,717,18.24,9000,,,6,10,2013,,,,,,중개거래,
영등포구,11560,양평동3가,202608,아파트_매매,삼호,양평동3가,66,59.96,103000,,,14,7,1998,,,,,,중개거래,
영등포구,11560,영등포동7가,202608,아파트_매매,아크로타워스퀘어,영등포동7가,203,84.69,180000,,,2,8,2017,,,,,,중개거래,
영등포구,11560,양평동5가,202608,아파트_매매,양평한신,양평동5가,76,84.87,164500,,,8,7,1996,,,,,,중개거래,
영등포구,11560,신길동,202608,아파트_매매,포레나 신길,신길동,4937,84.5802,143000,,,1,8,2008,,,,,,중개거래,
영등포구,11560,대림동,202608,아파트_매매,e편한세상영등포아델포레,대림동,1127,84.9948,165000,,,11,7,2020,,,,,,중개거래,
영등포구,11560,영등포동1가,202608,아파트_매매,여의도이튼브라운,영등포동1가,92-3,28.86,48500,,,14,6,2022,,,,,,중개거래,
영등포구,11560,여의도동,202608,아파트_매매,시범,여의도동,50,118.12,365000,,,6,3,1971,,,,,,중개거래,
영등포구,11560,대림동,202608,아파트_매매,대림현대,대림동,946-1,59.76,69800,,,9,5,1999,,,,,,중개거래,
영등포구,11560,문래동3가,202608,아파트_매매,문래공원한신,문래동3가,77-2,58.96,130800,,,6,6,1988,,,,,,중개거래,
영등포구,11560,신길동,202608,아파트_매매,삼환,신길동,897-1,59.53,133000,,,12,5,1997,,,,,,중개거래,
영등포구,11560,대림동,202608,아파트_매매,신대림자이2단지,대림동,1122,84.63,98000,,,9,5,2007,,,,,,중개거래,
영등포구,11560,대림동,202608,아파트_매매,한솔솔파크,대림동,1123,84.89,98000,,,10,5,2008,,,,,,중개거래,
영등포구,11560,영등포동7가,202608,아파트_매매,포레나영등포센트럴,영등포동7가,208,29.8886,66000,,,16,3,2020,,,,,,중개거래,
영등포구,11560,양평동4가,202608,아파트_매매,성원,양평동4가,12,84.66,136900,,,7,3,1993,,,,,,중개거래,
영등포구,11560,문래동6가,202607,오피스텔_전월세,문래동 현대홈시티1,문래동6가,1-1,80.56,,50000,0,4,14,2004,,,,,,,
영등포구,11560,양평동5가,202607,오피스텔_전월세,에듀시티에비앙,양평동5가,51,28.6,,3000,130,6,11,2017,,,,,,,
영등포구,11560,양평동5가,202607,오피스텔_전월세,큐브스테이트,양평동5가,22-1,32.49,,28800,10,3,8,2018,,,,,,,
영등포구,11560,당산동,202607,오피스텔_전월세,가온빌,당산동,121-289,21.4,,3000,53,3,29,2016,갱신,26.09~27.09,3000.0,50.0,,,
영등포구,11560,여의도동,202607,오피스텔_전월세,브라이튼 여의도,여의도동,525,29.56,,10000,210,44,24,2023,신규,26.08~28.08,,,,,
영등포구,11560,당산동6가,202607,오피스텔_전월세,더빌,당산동6가,332-3,29.61,,1000,82,8,8,2016,신규,26.08~27.08,,,,,
영등포구,11560,영등포동2가,202607,오피스텔_전월세,여의도 디앤써밋,영등포동2가,94-154,19.6,,1000,85,10,23,2019,신규,26.08~27.08,,,,,
영등포구,11560,문래동5가,202607,오피스텔_전월세,명지 페르마타,문래동5가,23-4,25.93,,12000,0,2,12,2004,신규,26.08~28.08,,,,,
영등포구,11560,영등포동7가,202607,오피스텔_전월세,어써밋,영등포동7가,83-1,22.51,,17000,0,4,29,2020,신규,26.08~28.08,,,,,
영등포구,11560,영등포동7가,202607,오피스텔_전월세,위너스하임,영등포동7가,94-369,37.46,,25000,0,3,28,2017,신규,26.08~28.08,,,,,
영등포구,11560,여의도동,202607,오피스텔_전월세,브라이튼 여의도,여의도동,525,59.98,,30000,350,16,8,2023,신규,26.08~28.08,,,,,
영등포구,11560,신길동,202607,오피스텔_전월세,도노펠리체,신길동,65-10,11.93,,1000,68,2,24,2019,신규,26.07~27.07,,,,,
영등포구,11560,문래동5가,202607,오피스텔_전월세,명지 페르마타,문래동5가,23-4,28.36,,1000,57,6,29,2004,갱신,26.07~27.07,1000.0,55.0,,,
영등포구,11560,문래동3가,202607,오피스텔_전월세,문래동메가트리움,문래동3가,55-4,99.53,,63500,0,13,22,2004,갱신,26.08~28.08,62000.0,,사용,,
영등포구,11560,당산동,202607,오피스텔_전월세,다빈치,당산동,121-111,16.83,,2000,41,8,23,2012,갱신,26.08~28.08,2000.0,41.0,,,
영등포구,11560,여의도동,202607,오피스텔_전월세,(주)신한 여의도 드림리버 오피스텔,여의도동,12-3,24.5,,1000,114,15,28,2019,갱신,26.09~27.09,1000.0,110.0,사용,,
영등포구,11560,영등포동1가,202607,오피스텔_전월세,파크빌,영등포동1가,31-6,18.1,,2000,63,4,22,2019,갱신,26.08~27.08,2000.0,60.0,,,
영등포구,11560,신길동,202607,오피스텔_전월세,JS타워,신길동,236,29.5,,3000,135,4,25,2024,신규,26.08~27.08,,,,,
영등포구,11560,당산동,202607,오피스텔_전월세,(171-15),당산동,171-15,23,,10000,21,7,30,2012,갱신,26.07~28.07,10000.0,18.0,,,
영등포구,11560,당산동5가,202607,오피스텔_전월세,당산 삼성쉐르빌,당산동5가,9-2,25.92,,3000,80,14,8,2013,신규,26.08~28.08,,,,,
영등포구,11560,영등포동3가,202607,오피스텔_전월세,소담더블린,영등포동3가,1-9,15.64,,500,58,9,31,2018,갱신,26.08~27.07,500.0,55.0,,,
영등포구,11560,신길동,202607,오피스텔_전월세,JS타워,신길동,236,29.5,,1000,130,11,20,2024,신규,26.07~27.07,,,,,
영등포구,11560,신길동,202607,오피스텔_전월세,JS타워,신길동,236,29.5,,1000,130,6,20,2024,신규,26.08~27.08,,,,,
영등포구,11560,신길동,202607,오피스텔_전월세,JS타워,신길동,236,29.5,,1000,130,5,25,2024,신규,26.07~27.07,,,,,
영등포구,11560,여의도동,202607,오피스텔_전월세,여의도 플렉시움 오피스텔,여의도동,13-16,37.63,,8000,30,9,23,2003,신규,26.08~27.08,,,,,
영등포구,11560,양평동3가,202607,오피스텔_전월세,양평동갤럭시오피스텔,양평동3가,56-5,29.5,,2000,125,8,28,2017,신규,26.09~28.08,,,,,
영등포구,11560,당산동4가,202607,오피스텔_전월세,(32-31),당산동4가,32-31,16.17,,1000,56,6,25,2003,신규,26.08~27.08,,,,,
영등포구,11560,여의도동,202607,오피스텔_전월세,여의도 현대마에스트로 오피스텔,여의도동,15-11,74.5,,3000,390,13,16,2025,신규,26.08~27.02,,,,,
영등포구,11560,영등포동8가,202607,오피스텔_전월세,리안펠리체,영등포동8가,45-8,18.66,,3000,45,5,27,2014,신규,26.09~27.09,,,,,
영등포구,11560,영등포동2가,202607,오피스텔_전월세,블루오션,영등포동2가,28-119,20.16,,2000,74,5,4,2019,신규,26.08~27.08,,,,,
영등포구,11560,당산동3가,202607,오피스텔_전월세,리앤나빌리지,당산동3가,80-1,30.85,,1000,80,5,30,2004,신규,26.09~28.09,,,,,
영등포구,11560,대림동,202607,오피스텔_전월세,미라클,대림동,709-8,18.67,,500,57,6,30,2019,신규,26.08~28.08,,,,,
영등포구,11560,당산동5가,202607,오피스텔_전월세,더라임,당산동5가,7-46,19.23,,3000,119,3,24,2017,신규,26.08~28.08,,,,,
영등포구,11560,당산동6가,202607,오피스텔_전월세,스타빌,당산동6가,337-4,25.58,,1000,74,3,25,2014,신규,26.09~27.09,,,,,
영등포구,11560,당산동5가,202607,오피스텔_전월세,당산역해링턴타워,당산동5가,9-3,23.59,,18900,30,7,16,2015,신규,26.08~28.08,,,,,
영등포구,11560,도림동,202607,오피스텔_전월세,쌍용플래티넘시티1단지,도림동,820,86.54,,30000,140,5,23,2006,신규,26.10~28.10,,,,,
영등포구,11560,양평동4가,202607,오피스텔_전월세,URBAN52,양평동4가,1-9,29.65,,36500,0,3,14,2021,갱신,26.08~28.08,35000.0,,,,
영등포구,11560,당산동5가,202607,오피스텔_전월세,당산역해링턴타워,당산동5가,9-3,23.92,,1000,95,19,27,2015,신규,26.08~27.08,,,,,
영등포구,11560,여의도동,202607,오피스텔_전월세,엘지여의도에클라트,여의도동,14-21,38.01,,1000,100,10,20,2003,신규,26.08~28.08,,,,,
영등포구,11560,영등포동1가,202607,오피스텔_전월세,여의도파크뷰,영등포동1가,97-5,37.24,,3000,150,16,25,2026,신규,26.08~27.08,,,,,
영등포구,11560,여의도동,202607,오피스텔_전월세,시그니티 여의도,여의도동,10-3,24.19,,30000,0,14,17,2023,신규,26.09~28.09,,,,,
영등포구,11560,여의도동,202607,오피스텔_전월세,KCC파크타운,여의도동,13-22,33.82,,19000,0,8,17,2005,신규,26.10~28.09,,,,,
영등포구,11560,영등포동2가,202607,오피스텔_전월세,루브르하우스,영등포동2가,284-4,29.62,,21000,0,5,25,2018,신규,26.09~28.08,,,,,
영등포구,11560,영등포동1가,202607,오피스텔_전월세,대승프린스텔,영등포동1가,20-1,16.71,,8600,1,11,27,2001,갱신,26.09~28.09,8600.0,,,,
영등포구,11560,여의도동,202607,오피스텔_전월세,나라키움여의도빌딩,여의도동,55-2,41.22,,2000,161,8,31,2018,신규,26.08~28.08,,,,,
영등포구,11560,당산동6가,202607,오피스텔_전월세,스타빌,당산동6가,337-4,25.58,,1000,74,8,22,2014,신규,26.09~27.09,,,,,
영등포구,11560,도림동,202607,오피스텔_전월세,도림동 하나 아파텔(2차),도림동,265-8,30.87,,5000,80,14,25,2003,신규,26.09~28.09,,,,,
영등포구,11560,영등포동2가,202607,오피스텔_전월세,에코하임,영등포동2가,28-105,44.07,,30000,0,8,17,2018,갱신,26.07~28.07,30000.0,,,,
영등포구,11560,영등포동3가,202607,오피스텔_전월세,다솔 메트로시티,영등포동3가,17,25.74,,27000,0,9,3,2020,갱신,26.07~28.07,27000.0,,,,
영등포구,11560,영등포동7가,202607,오피스텔_전월세,한가람 더원 103동,영등포동7가,29-112,24.92,,23000,0,3,13,2020,갱신,26.08~28.08,22000.0,,,,
영등포구,11560,영등포동8가,202607,오피스텔_전월세,리마크빌 영등포,영등포동8가,35-1,27.28,,1000,83,11,31,2016,신규,26.08~27.08,,,,,
영등포구,11560,영등포동2가,202607,오피스텔_전월세,(94-259),영등포동2가,94-259,21.26,,3000,85,6,24,2020,신규,26.08~27.08,,,,,
영등포구,11560,양평동2가,202607,오피스텔_전월세,CO-OP Residence/오목교,양평동2가,43-14,16.98,,500,48,8,17,2004,신규,26.08~27.08,,,,,
영등포구,11560,양평동2가,202607,오피스텔_전월세,신동아하이팰리스,양평동2가,1-1,71.47,,39000,0,12,11,2005,신규,26.09~28.09,,,,,
영등포구,11560,양평동5가,202607,오피스텔_전월세,에듀시티에비앙,양평동5가,51,28.6,,1000,126,7,14,2017,갱신,26.08~27.08,1000.0,120.0,사용,,
영등포구,11560,당산동,202607,오피스텔_전월세,SJ497,당산동,171-47,17.48,,21300,0,4,14,2020,신규,26.07~28.07,,,,,
영등포구,11560,문래동6가,202607,오피스텔_전월세,문래동 대우 이안,문래동6가,26,56.1,,38000,10,3,16,2004,신규,26.08~28.08,,,,,
영등포구,11560,영등포동2가,202607,오피스텔_전월세,글로벌MJ10,영등포동2가,164,28.53,,3000,140,14,18,2024,신규,26.08~28.08,,,,,
영등포구,11560,양평동2가,202607,오피스텔_전월세,신동아하이팰리스,양평동2가,1-1,71.47,,46000,0,6,25,2005,신규,26.09~28.09,,,,,
영등포구,11560,양평동2가,202607,오피스텔_전월세,삼성코코빌,양평동2가,43-6,24.21,,3000,69,8,16,2014,신규,26.08~28.08,,,,,
영등포구,11560,영등포동2가,202607,오피스텔_전월세,더리버캐슬,영등포동2가,321-2,49.15,,38300,0,5,27,2017,신규,26.10~28.10,,,,,
영등포구,11560,당산동5가,202607,오피스텔_전월세,당산역해링턴타워,당산동5가,9-3,23.92,,18900,15,13,31,2015,신규,26.09~28.09,,,,,
영등포구,11560,영등포동7가,202607,오피스텔_전월세,메이슨리치,영등포동7가,94-183,29.22,,26370,0,4,20,2020,신규,26.10~28.10,,,,,
영등포구,11560,영등포동1가,202607,오피스텔_전월세,여의도씨티아이,영등포동1가,113-1,16.88,,1000,65,6,22,2013,신규,26.08~27.07,,,,,
영등포구,11560,영등포동7가,202607,오피스텔_전월세,포레비떼,영등포동7가,29-126,26.54,,1000,80,9,30,2003,신규,26.07~27.06,,,,,
영등포구,11560,도림동,202607,오피스텔_전월세,쌍용플래티넘시티1단지,도림동,820,62.42,,43000,8,7,11,2006,갱신,26.09~28.09,43000.0,,사용,,
영등포구,11560,문래동6가,202607,오피스텔_전월세,문래동 현대홈시티1,문래동6가,1-1,73.27,,44100,0,10,23,2004,갱신,26.10~28.10,42000.0,,사용,,
영등포구,11560,영등포동1가,202607,오피스텔_전월세,신한헤스티아,영등포동1가,127,18.01,,1000,68,10,23,2016,신규,26.08~27.08,,,,,
영등포구,11560,도림동,202607,오피스텔_전월세,대우미래사랑,도림동,819,29.38,,1000,70,4,20,2004,신규,26.08~28.08,,,,,
영등포구,11560,영등포동1가,202607,오피스텔_전월세,여의도 노블루체91,영등포동1가,110-6,22.65,,2000,110,18,17,2021,갱신,26.09~27.09,2000.0,110.0,,,
영등포구,11560,당산동5가,202607,오피스텔_전월세,당산역해링턴타워,당산동5가,9-3,26.56,,1000,100,12,21,2015,신규,26.07~27.07,,,,,
영등포구,11560,여의도동,202607,오피스텔_전월세,브라이튼 여의도,여의도동,525,29.99,,51000,0,17,28,2023,갱신,26.08~28.08,50000.0,,,,
영등포구,11560,영등포동1가,202607,오피스텔_전월세,GOODTV GL타워,영등포동1가,28,18.06,,12000,23,7,29,2014,신규,26.09~28.09,,,,,
영등포구,11560,영등포동1가,202607,오피스텔_전월세,대승프린스텔,영등포동1가,20-1,13.19,,6590,4,10,17,2001,갱신,26.09~28.09,6590.0,3.0,,,
영등포구,11560,도림동,202607,오피스텔_전월세,쌍용플래티넘시티1단지,도림동,820,62.42,,37040,0,6,11,2006,갱신,26.08~28.08,35280.0,,,,
영등포구,11560,여의도동,202607,오피스텔_전월세,더하우스 소호 여의도 오피스텔,여의도동,17-9,23.63,,5000,95,10,23,2017,신규,26.08~27.08,,,,,
영등포구,11560,여의도동,202607,오피스텔_전월세,민족통일 대통령 리빙텔,여의도동,13-24,31.85,,1000,90,4,13,2003,신규,26.08~27.08,,,,,
영등포구,11560,영등포동7가,202607,오피스텔_전월세,휴젠느,영등포동7가,94-99,40.26,,5000,120,7,28,2018,신규,26.09~28.09,,,,,
영등포구,11560,영등포동1가,202607,오피스텔_전월세,여의도더리브스타일,영등포동1가,94-2,19.36,,10000,60,16,11,2020,신규,26.08~28.08,,,,,
영등포구,11560,영등포동6가,202607,오피스텔_전월세,유경오피스텔,영등포동6가,66-11,22.34,,5000,54,10,21,2021,신규,26.08~27.08,,,,,
영등포구,11560,영등포동8가,202607,오피스텔_전월세,신현빌,영등포동8가,59-2,29.68,,34000,0,11,21,2023,갱신,26.09~28.09,34000.0,,,,
영등포구,11560,여의도동,202607,오피스텔_전월세,여의도 현대마에스트로 오피스텔,여의도동,15-11,27.71,,36000,0,2,22,2025,신규,26.08~28.08,,,,,
영등포구,11560,당산동,202607,오피스텔_전월세,여의도 아리스타,당산동,121-61,20.04,,1000,80,8,25,2021,갱신,26.08~27.08,1000.0,79.0,,,
영등포구,11560,영등포동4가,202607,오피스텔_전월세,HIGHEND 63st,영등포동4가,55,39.73,,3000,190,5,25,2023,신규,26.08~27.07,,,,,
영등포구,11560,당산동,202607,오피스텔_전월세,리버프라임빌,당산동,121-321,19.86,,5000,45,7,27,2019,신규,26.08~27.08,,,,,
영등포구,11560,대림동,202607,오피스텔_전월세,한성메르디앙,대림동,629-35,27.32,,5000,50,7,27,2003,신규,26.07~27.07,,,,,
영등포구,11560,양평동6가,202607,오피스텔_전월세,펫앤스테이,양평동6가,8,29.26,,23500,0,8,1,2016,신규,26.07~28.07,,,,,
영등포구,11560,도림동,202607,오피스텔_전월세,웰니스,도림동,196-1,24.12,,1000,93,4,22,2023,신규,26.08~27.08,,,,,
영등포구,11560,영등포동1가,202607,오피스텔_전월세,여의도더리브스타일,영등포동1가,94-2,26.49,,1000,120,7,20,2020,신규,26.07~27.07,,,,,
영등포구,11560,양평동2가,202607,오피스텔_전월세,우남프르미아 오피스텔,양평동2가,6-1,57.7,,1000,130,11,10,2005,신규,26.08~28.08,,,,,
영등포구,11560,당산동5가,202607,오피스텔_전월세,당산 삼성쉐르빌,당산동5가,9-2,24.8,,2000,85,18,23,2013,신규,26.08~27.08,,,,,
영등포구,11560,여의도동,202607,오피스텔_전월세,여의도파라곤,여의도동,13,48.64,,30000,0,10,8,2005,신규,26.08~28.08,,,,,
영등포구,11560,대림동,202607,오피스텔_전월세,위너빌,대림동,1052-40,23.04,,500,50,7,11,2004,신규,26.07~28.07,,,,,
영등포구,11560,여의도동,202607,오피스텔_전월세,브라이튼 여의도,여의도동,525,29.69,,30000,80,16,17,2023,신규,26.10~28.10,,,,,
영등포구,11560,영등포동8가,202607,오피스텔_전월세,레시오 오피스텔,영등포동8가,45-5,26.16,,5500,95,12,10,2021,신규,26.08~28.08,,,,,
영등포구,11560,영등포동3가,202607,오피스텔_전월세,소담더블린,영등포동3가,1-9,17.13,,1000,58,4,18,2018,신규,26.08~27.08,,,,,
영등포구,11560,영등포동2가,202607,오피스텔_전월세,글로벌MJ10,영등포동2가,164,28.53,,3000,140,12,2,2024,신규,26.08~28.08,,,,,
영등포구,11560,영등포동2가,202607,오피스텔_전월세,리오파크 오피스텔,영등포동2가,300-1,29.99,,5000,111,8,23,2022,신규,26.08~28.08,,,,,
영등포구,11560,영등포동5가,202607,오피스텔_전월세,리첸스타,영등포동5가,82-1,20.04,,2000,80,9,29,2019,신규,26.08~27.08,,,,,
영등포구,11560,양평동4가,202607,오피스텔_전월세,URBAN52,양평동4가,1-9,29.69,,38000,0,12,15,2021,갱신,26.07~27.07,38000.0,,,,
영등포구,11560,영등포동2가,202607,오피스텔_전월세,여의도 리브하임,영등포동2가,94-116,19.02,,19800,0,7,1,2022,신규,26.08~28.08,,,,,
영등포구,11560,신길동,202607,오피스텔_전월세,엔-씨티오피스텔,신길동,59-2,27.72,,1000,60,12,4,2000,신규,26.08~27.08,,,,,
영등포구,11560,영등포동2가,202607,오피스텔_전월세,글로벌MJ10,영등포동2가,164,28.53,,3000,140,10,28,2024,신규,26.08~28.08,,,,,
영등포구,11560,영등포동1가,202607,오피스텔_전월세,여의도 포레디움,영등포동1가,107,21.58,,22000,0,2,9,2021,신규,26.09~28.09,,,,,
영등포구,11560,양평동6가,202607,오피스텔_전월세,선유도 더채움,양평동6가,2-4,35.96,,35000,35,11,13,2022,갱신,26.08~28.08,35000.0,25.0,,,
영등포구,11560,양평동1가,202607,오피스텔_전월세,더스톤,양평동1가,118-2,17.83,,20200,2,2,11,2018,갱신,26.10~28.10,18320.0,5.0,,,
영등포구,11560,당산동5가,202607,오피스텔_전월세,당산역리버뷰한강,당산동5가,11-32,16.78,,1000,105,4,14,2021,신규,26.08~27.08,,,,,
영등포구,11560,영등포동3가,202607,오피스텔_전월세,더-위일 신세계,영등포동3가,17-3,17.66,,16800,0,10,29,2020,갱신,26.08~28.08,16800.0,,,,
영등포구,11560,당산동6가,202607,오피스텔_전월세,헤세드,당산동6가,237-34,32.23,,3000,200,3,30,2024,신규,26.07~27.02,,,,,
영등포구,11560,당산동3가,202607,오피스텔_전월세,리앤나빌리지,당산동3가,80-1,30.85,,1000,80,6,29,2004,신규,26.08~27.07,,,,,
영등포구,11560,영등포동3가,202607,오피스텔_전월세,제이캐슬,영등포동3가,16-1,17.62,,12000,31,7,22,2023,갱신,26.09~28.09,12000.0,30.0,,,
영등포구,11560,여의도동,202607,오피스텔_전월세,더하우스 소호 여의도 오피스텔,여의도동,17-9,26.87,,2000,120,6,29,2017,신규,26.08~27.08,,,,,
영등포구,11560,영등포동2가,202607,오피스텔_전월세,여의도 해피트리,영등포동2가,330,34.17,,3000,155,17,31,2024,신규,26.08~27.08,,,,,
영등포구,11560,양평동6가,202607,오피스텔_전월세,선유도역 더블파크 투웨니퍼스트,양평동6가,94,28.42,,30450,0,11,11,2020,갱신,26.07~28.07,30450.0,,,,
영등포구,11560,영등포동1가,202607,오피스텔_전월세,여의도센터,영등포동1가,117-1,19.43,,12000,30,11,22,2019,갱신,26.09~28.09,12000.0,28.0,,,
영등포구,11560,영등포동7가,202607,오피스텔_전월세,라비엘,영등포동7가,29-33,23.31,,3000,100,4,10,2017,신규,26.07~27.07,,,,,
영등포구,11560,문래동6가,202607,오피스텔_전월세,문래동 현대홈시티2,문래동6가,2-2,57.06,,40000,0,8,29,2004,신규,26.09~28.09,,,,,
영등포구,11560,영등포동1가,202607,오피스텔_전월세,스페이스 오피스텔,영등포동1가,76,28.38,,7000,26,7,24,2006,갱신,26.08~27.08,7000.0,23.0,,,
영등포구,11560,당산동3가,202607,오피스텔_전월세,해라톤,당산동3가,395-12,24.99,,29900,0,6,25,2020,갱신,26.09~27.09,28500.0,,,,
영등포구,11560,영등포동2가,202607,오피스텔_전월세,아크로타워,영등포동2가,29-71,15.81,,9000,3,3,14,2010,갱신,26.08~28.08,4000.0,20.0,,,
영등포구,11560,영등포동1가,202607,오피스텔_전월세,여의도 명남 더블레스,영등포동1가,79-3,15.41,,12000,9,2,11,2017,신규,26.08~28.08,,,,,
영등포구,11560,영등포동2가,202607,오피스텔_전월세,(94-259),영등포동2가,94-259,19.18,,16000,0,4,18,2020,신규,26.09~28.08,,,,,
영등포구,11560,영등포동1가,202607,오피스텔_전월세,여의도더리브스타일,영등포동1가,94-2,19.36,,2000,80,11,7,2020,신규,26.08~27.08,,,,,
영등포구,11560,여의도동,202607,오피스텔_전월세,(주)신한 여의도 드림리버 오피스텔,여의도동,12-3,24.5,,22000,0,4,24,2019,신규,26.08~28.08,,,,,
영등포구,11560,영등포동3가,202607,오피스텔_전월세,제이캐슬,영등포동3가,16-1,17.62,,10000,39,9,23,2023,갱신,26.09~28.09,10000.0,37.0,사용,,
영등포구,11560,영등포동2가,202607,오피스텔_전월세,(94-259),영등포동2가,94-259,18.32,,14333,0,3,21,2020,신규,26.08~28.08,,,,,
영등포구,11560,양평동2가,202607,오피스텔_전월세,동서네모베네하우스,양평동2가,43-5,23.98,,19000,18,16,31,2019,갱신,26.10~28.10,20000.0,12.0,사용,,
영등포구,11560,당산동3가,202607,오피스텔_전월세,리앤나빌리지,당산동3가,80-1,22.85,,11400,15,3,28,2004,신규,26.08~28.08,,,,,
영등포구,11560,영등포동6가,202607,오피스텔_전월세,리저브오피스텔,영등포동6가,100,13.77,,17000,0,4,29,2018,신규,26.09~28.09,,,,,
영등포구,11560,영등포동,202607,오피스텔_전월세,(618-22),영등포동,618-22,23.21,,11500,13,3,31,1995,신규,26.09~28.09,,,,,
영등포구,11560,영등포동5가,202607,오피스텔_전월세,리첸스타,영등포동5가,82-1,14.92,,1700,55,8,27,2019,신규,26.08~28.08,,,,,
영등포구,11560,문래동6가,202607,오피스텔_전월세,문래파라곤 201동,문래동6가,16,81.32,,20000,165,5,31,2005,신규,26.10~28.10,,,,,
영등포구,11560,여의도동,202607,오피스텔_전월세,브라이튼 여의도,여의도동,525,29.98,,35000,80,21,31,2023,갱신,26.09~28.09,35000.0,70.0,사용,,
영등포구,11560,영등포동3가,202607,오피스텔_전월세,제이캐슬,영등포동3가,16-1,18.78,,16600,0,10,30,2023,갱신,26.09~28.09,16300.0,,,,
영등포구,11560,양평동6가,202607,오피스텔_전월세,펫앤스테이,양평동6가,8,19.51,,18000,0,12,30,2016,신규,26.09~28.09,,,,,
영등포구,11560,영등포동1가,202607,오피스텔_전월세,스페이스 오피스텔,영등포동1가,76,28.38,,5000,49,8,31,2006,신규,26.08~27.08,,,,,
영등포구,11560,영등포동8가,202607,오피스텔_전월세,리마크빌 영등포,영등포동8가,35-1,23.89,,1000,73,7,28,2016,신규,26.08~27.08,,,,,
영등포구,11560,영등포동3가,202607,오피스텔_전월세,WD스퀘어,영등포동3가,20,16.83,,3000,50,7,11,2020,갱신,26.07~27.07,3000.0,51.0,,,
영등포구,11560,대림동,202607,오피스텔_전월세,홍진빌딩,대림동,682,24.06,,500,57,6,29,2013,신규,26.08~27.08,,,,,
영등포구,11560,당산동6가,202607,오피스텔_전월세,소미 더클래스 한강,당산동6가,341-1,36.88,,23000,70,7,14,2023,신규,26.07~28.07,,,,,
영등포구,11560,당산동5가,202607,오피스텔_전월세,당산역해링턴타워,당산동5가,9-3,23.59,,1000,95,19,24,2015,신규,26.07~27.07,,,,,
영등포구,11560,당산동5가,202607,오피스텔_전월세,당산역해링턴타워,당산동5가,9-3,23.92,,1000,79,19,7,2015,신규,26.08~27.08,,,,,
영등포구,11560,영등포동7가,202607,오피스텔_전월세,미진오피스텔,영등포동7가,94-50,23.36,,8000,30,2,7,2019,신규,26.08~27.08,,,,,
영등포구,11560,영등포동7가,202607,오피스텔_전월세,한가람 더원,영등포동7가,94-328,23.43,,23000,5,10,16,2020,신규,26.08~28.08,,,,,
영등포구,11560,영등포동1가,202607,오피스텔_전월세,GOODTV GL타워,영등포동1가,28,18.06,,15000,8,7,21,2014,갱신,26.09~28.09,15000.0,5.0,,,
영등포구,11560,양평동1가,202607,오피스텔_전월세,더스톤,양평동1가,118-2,17.83,,18800,0,7,30,2018,갱신,26.09~28.09,18800.0,,,,
영등포구,11560,당산동,202607,오피스텔_전월세,여의나루더명남더블레스,당산동,121-72,37.3,,26000,15,7,11,2019,신규,26.09~28.09,,,,,
영등포구,11560,당산동,202607,오피스텔_전월세,여의도 아리스타,당산동,121-61,20.23,,1000,72,6,3,2021,신규,26.08~27.08,,,,,
영등포구,11560,영등포동4가,202607,오피스텔_전월세,디타워,영등포동4가,117-1,16.56,,12000,5,5,29,2020,신규,26.08~28.08,,,,,
영등포구,11560,여의도동,202607,오피스텔_전월세,브라이튼 여의도,여의도동,525,59.97,,80000,180,47,29,2023,신규,26.08~28.08,,,,,
영등포구,11560,당산동6가,202607,오피스텔_전월세,유탑 유블레스2차,당산동6가,336-4,18.78,,3000,63,3,23,2012,갱신,26.08~27.08,3000.0,59.0,,,
영등포구,11560,영등포동1가,202607,오피스텔_전월세,여의도 포레디움,영등포동1가,107,21.58,,12000,36,9,29,2021,갱신,26.09~28.09,10000.0,40.0,,,
영등포구,11560,여의도동,202607,오피스텔_전월세,여의도자이,여의도동,47,82.48,,76576,0,19,2,2008,신규,26.10~28.10,,,,,
영등포구,11560,양평동6가,202607,오피스텔_전월세,양평도담빌B,양평동6가,10-11,42.24,,24874,0,2,15,2016,신규,26.09~28.09,,,,,
영등포구,11560,당산동3가,202607,오피스텔_전월세,당산M팰리스,당산동3가,512,29.37,,20000,68,13,7,2022,갱신,26.08~28.08,20000.0,61.0,,,
영등포구,11560,영등포동8가,202607,오피스텔_전월세,당산역 리버리치 오피스텔,영등포동8가,86,39.98,,5000,155,9,14,2016,신규,26.09~28.09,,,,,
영등포구,11560,당산동,202607,오피스텔_전월세,신현빌5차,당산동,121-163,23.14,,100,100,6,11,2020,신규,26.08~26.11,,,,,
영등포구,11560,여의도동,202607,오피스텔_전월세,여의도 the샾 아일랜드 파크,여의도동,17,96.06,,100000,0,3,17,2006,신규,26.09~28.09,,,,,
영등포구,11560,영등포동8가,202607,오피스텔_전월세,레시오 오피스텔,영등포동8가,45-5,26.16,,10000,90,12,10,2021,신규,26.08~28.08,,,,,
영등포구,11560,당산동,202607,오피스텔_전월세,가온빌,당산동,121-289,21.4,,3700,52,9,28,2016,갱신,26.08~27.08,4000.0,48.0,,,
영등포구,11560,당산동1가,202607,오피스텔_전월세,당산엘르,당산동1가,21,32.43,,5000,133,6,3,2023,신규,26.08~28.08,,,,,
영등포구,11560,영등포동3가,202607,오피스텔_전월세,WD스퀘어,영등포동3가,20,16.72,,14200,0,5,7,2020,신규,26.08~28.08,,,,,
영등포구,11560,여의도동,202607,오피스텔_전월세,여의도 플렉시움 오피스텔,여의도동,13-16,30.89,,1000,90,7,27,2003,신규,26.09~27.09,,,,,
영등포구,11560,영등포동7가,202607,오피스텔_전월세,은석오피스텔,영등포동7가,94-57,18.81,,1000,60,2,20,2010,신규,26.07~28.07,,,,,
영등포구,11560,영등포동3가,202607,오피스텔_전월세,여의도 센트럴 큐브스테이트,영등포동3가,1-6,32.7,,400,170,9,30,2023,신규,26.08~27.02,,,,,
영등포구,11560,영등포동1가,202607,오피스텔_전월세,여의도리슈빌DS,영등포동1가,121-5,21.41,,1000,89,11,18,2020,신규,26.08~27.08,,,,,
영등포구,11560,영등포동8가,202607,오피스텔_전월세,메이준,영등포동8가,51-1,17.44,,1000,65,10,27,2012,신규,26.08~27.08,,,,,
영등포구,11560,당산동2가,202607,오피스텔_전월세,씨티타워,당산동2가,11-2,20.69,,10500,0,3,31,2003,신규,26.09~28.09,,,,,
영등포구,11560,영등포동2가,202607,오피스텔_전월세,여의도 미르웰 한올림 2차 오피스텔,영등포동2가,328-11,14.53,,1000,66,14,18,2018,신규,26.08~27.08,,,,,
영등포구,11560,영등포동1가,202607,오피스텔_전월세,여의도센터,영등포동1가,117-1,19.43,,14000,5,9,30,2019,신규,26.08~28.07,,,,,
영등포구,11560,당산동,202607,오피스텔_전월세,여의도 아리스타,당산동,121-61,19.93,,5000,70,6,31,2021,갱신,26.10~27.10,5000.0,70.0,사용,,
영등포구,11560,양평동5가,202607,오피스텔_전월세,한강프리젠,양평동5가,94,29.96,,2000,97,2,25,,신규,26.08~28.08,,,,,
영등포구,11560,대림동,202607,오피스텔_전월세,에스케이이그랑빌,대림동,740-1,35.16,,3000,120,7,5,2022,신규,26.08~27.08,,,,,
영등포구,11560,신길동,202607,오피스텔_전월세,정원쉐르빌,신길동,235-4,17.8,,11000,10,10,29,2014,신규,26.08~28.08,,,,,
영등포구,11560,당산동,202607,오피스텔_전월세,여의나루더명남더블레스,당산동,121-72,36.39,,20000,60,7,4,2019,신규,26.08~28.08,,,,,
영등포구,11560,영등포동2가,202607,오피스텔_전월세,지뗌,영등포동2가,333,29.93,,2000,75,8,23,2004,신규,26.08~28.08,,,,,
영등포구,11560,영등포동7가,202607,오피스텔_전월세,금강하우징,영등포동7가,94-184,34.22,,27500,0,6,31,2019,신규,26.10~28.10,,,,,
영등포구,11560,당산동4가,202607,오피스텔_전월세,코오롱 스타폴리스,당산동4가,1-2,34.88,,2000,82,7,8,2005,신규,26.07~27.07,,,,,
영등포구,11560,영등포동2가,202607,오피스텔_전월세,여의도 더 자하,영등포동2가,28-133,22.82,,3000,231,10,30,2025,신규,26.07~27.07,,,,,
영등포구,11560,영등포동7가,202607,오피스텔_전월세,글로벌엠제이7,영등포동7가,29-124,18.03,,5000,65,6,14,2022,신규,26.07~27.07,,,,,
영등포구,11560,영등포동2가,202607,오피스텔_전월세,리치스퀘어,영등포동2가,28-114,32.46,,28200,2,5,31,2020,신규,26.09~28.09,,,,,
영등포구,11560,영등포동7가,202607,오피스텔_전월세,여의도 웨스턴 힐 오피스텔,영등포동7가,104-5,17.38,,10000,54,6,22,2022,신규,26.09~28.09,,,,,
영등포구,11560,영등포동4가,202607,오피스텔_전월세,영등포 센트럴 푸르지오 시티,영등포동4가,443,29.75,,1000,100,13,31,2013,신규,26.07~27.07,,,,,
영등포구,11560,영등포동4가,202607,오피스텔_전월세,영등포 센트럴 푸르지오 시티,영등포동4가,443,29.75,,1000,100,3,24,2013,신규,26.07~28.07,,,,,
영등포구,11560,양평동2가,202607,오피스텔_전월세,CO-OP Residence/오목교,양평동2가,43-14,16.98,,2000,32,2,17,2004,신규,26.08~28.08,,,,,
영등포구,11560,양평동3가,202607,오피스텔_전월세,양평동 우림보보카운티 오피스텔,양평동3가,17-1,16.25,,500,50,6,7,2003,신규,26.07~28.07,,,,,
영등포구,11560,도림동,202607,오피스텔_전월세,대우미래사랑,도림동,819,29.38,,1000,70,18,20,2004,신규,26.08~28.08,,,,,
영등포구,11560,양평동5가,202607,오피스텔_전월세,큐브스테이트,양평동5가,22-1,28.54,,26100,5,11,21,2018,신규,26.08~28.08,,,,,
영등포구,11560,도림동,202607,오피스텔_전월세,대우미래사랑,도림동,819,29.57,,3000,48,12,24,2004,신규,26.08~28.08,,,,,
영등포구,11560,영등포동1가,202607,오피스텔_전월세,여의도센터,영등포동1가,117-1,21.17,,12000,33,4,27,2019,신규,26.08~28.08,,,,,
영등포구,11560,양평동6가,202607,오피스텔_전월세,선유도역 더블파크 투웨니퍼스트,양평동6가,94,28.42,,27300,20,5,15,2020,신규,26.08~28.08,,,,,
영등포구,11560,영등포동3가,202607,오피스텔_전월세,여의도 포레스트 시티,영등포동3가,4-1,18.56,,1000,78,12,18,2021,갱신,26.08~28.08,1000.0,68.0,,,
영등포구,11560,양평동2가,202607,오피스텔_전월세,오목교투웨니퍼스트,양평동2가,37-3,28.63,,26700,0,4,7,2017,신규,26.09~28.09,,,,,
영등포구,11560,도림동,202607,오피스텔_전월세,도림동  디에이원파크,도림동,229-2,29.48,,30000,20,10,25,2024,신규,26.09~28.09,,,,,
영등포구,11560,신길동,202607,오피스텔_전월세,엔-씨티오피스텔,신길동,59-2,27.72,,1000,53,13,25,2000,신규,26.08~27.08,,,,,
영등포구,11560,문래동6가,202607,오피스텔_전월세,문래파라곤 201동,문래동6가,16,84.65,,55000,0,6,27,2005,신규,26.08~28.08,,,,,
영등포구,11560,도림동,202607,오피스텔_전월세,도림동  디에이원파크,도림동,229-2,29.47,,30000,6,4,30,2024,갱신,26.08~28.08,30000.0,,,,
영등포구,11560,도림동,202607,오피스텔_전월세,쌍용플래티넘시티2단지,도림동,269-1,62.34,,48000,0,8,25,2006,신규,26.10~28.10,,,,,
영등포구,11560,당산동,202607,오피스텔_전월세,.,당산동,121-274,21.84,,4000,50,8,21,2011,신규,26.07~27.07,,,,,
영등포구,11560,영등포동7가,202607,오피스텔_전월세,한가람 더원 201동,영등포동7가,94-101,26.22,,3000,115,5,31,2022,신규,26.09~28.09,,,,,
영등포구,11560,영등포동7가,202607,오피스텔_전월세,한가람 더원 201동,영등포동7가,94-101,23.52,,5000,100,5,31,2022,신규,26.09~28.09,,,,,
영등포구,11560,영등포동2가,202607,오피스텔_전월세,여의도 해피트리,영등포동2가,330,22.47,,2000,135,13,16,2024,신규,26.08~27.08,,,,,
영등포구,11560,당산동,202607,오피스텔_전월세,(121-231),당산동,121-231,18,,1000,75,3,22,2009,신규,26.08~28.07,,,,,
영등포구,11560,영등포동7가,202607,오피스텔_전월세,한가람 더원,영등포동7가,94-328,23.43,,23000,5,10,6,2020,신규,26.08~28.08,,,,,
영등포구,11560,양평동1가,202607,오피스텔_전월세,GW GALLERY,양평동1가,9-38,29.97,,25000,0,5,31,2020,신규,26.08~28.08,,,,,
영등포구,11560,도림동,202607,오피스텔_전월세,도림동  디에이원파크,도림동,229-2,29.47,,34000,0,7,31,2024,신규,26.09~28.09,,,,,
영등포구,11560,영등포동3가,202607,오피스텔_전월세,소담더블린,영등포동3가,1-9,15.64,,1000,55,11,30,2018,신규,26.08~27.07,,,,,
영등포구,11560,양평동5가,202607,오피스텔_전월세,대우미래사랑2차,양평동5가,92,44.26,,20000,0,6,25,2004,갱신,26.08~28.08,20000.0,,,,
영등포구,11560,영등포동1가,202607,오피스텔_전월세,여의도더리브스타일,영등포동1가,94-2,26.49,,1000,110,16,18,2020,갱신,26.07~27.07,1000.0,108.0,,,
영등포구,11560,영등포동8가,202607,오피스텔_전월세,메이준,영등포동8가,51-1,17.44,,9000,23,10,17,2012,갱신,26.08~28.08,9000.0,20.0,사용,,
영등포구,11560,영등포동7가,202607,오피스텔_전월세,리첸스타 오피스텔,영등포동7가,94-298,19.15,,17500,0,6,31,,갱신,26.10~28.10,17000.0,,,,
영등포구,11560,영등포동8가,202607,오피스텔_전월세,한양아이클래스 오피스텔,영등포동8가,42-1,19.86,,1000,73,5,31,2014,신규,26.08~27.08,,,,,
영등포구,11560,대림동,202607,오피스텔_전월세,대동빌딩,대림동,706-3,22.81,,10500,2,8,9,2004,갱신,26.08~28.08,10500.0,,사용,,
영등포구,11560,문래동6가,202607,오피스텔_전월세,신일아르디세,문래동6가,29,82.91,,3000,150,6,28,2005,갱신,26.08~28.08,3000.0,145.0,사용,,
영등포구,11560,양평동5가,202607,오피스텔_전월세,에듀시티에비앙,양평동5가,51,28.6,,26000,30,8,8,2017,신규,26.07~28.07,,,,,
영등포구,11560,영등포동3가,202607,오피스텔_전월세,영등포 점프밀라노,영등포동3가,7,30.81,,15000,20,11,31,2005,신규,26.10~28.10,,,,,
영등포구,11560,당산동5가,202607,오피스텔_전월세,데시앙루브 오피스텔,당산동5가,8,28.24,,20000,10,6,30,2014,신규,26.09~28.09,,,,,
영등포구,11560,문래동3가,202607,오피스텔_전월세,스테이트 디 어반문래,문래동3가,82-16,17.05,,5500,110,7,31,2022,신규,26.08~28.08,,,,,
영등포구,11560,당산동5가,202607,오피스텔_전월세,당산역해링턴타워,당산동5가,9-3,23.59,,500,100,17,4,2015,갱신,26.07~27.07,500.0,100.0,,,
영등포구,11560,당산동6가,202607,오피스텔_전월세,소윤스타빌,당산동6가,349-1,29.09,,33500,0,6,13,2020,갱신,26.08~27.08,31950.0,,,,
영등포구,11560,영등포동3가,202607,오피스텔_전월세,영등포 점프밀라노,영등포동3가,7,30.81,,14000,25,11,31,2005,신규,26.09~28.09,,,,,
영등포구,11560,당산동5가,202607,오피스텔_전월세,당산역해링턴타워,당산동5가,9-3,23.92,,1000,82,4,13,2015,신규,26.07~27.07,,,,,
영등포구,11560,영등포동7가,202607,오피스텔_전월세,금강하우징,영등포동7가,94-184,34.22,,28850,5,3,27,2019,갱신,26.07~28.07,28850.0,,,,
영등포구,11560,당산동,202607,오피스텔_전월세,오피스텔저절로,당산동,121-127,20.95,,17200,0,7,30,2013,갱신,26.07~28.07,16900.0,,,,
영등포구,11560,신길동,202607,오피스텔_전월세,JS타워,신길동,236,18.57,,1000,90,6,13,2024,신규,26.08~27.08,,,,,
영등포구,11560,영등포동1가,202607,오피스텔_전월세,여의도더리브스타일,영등포동1가,94-2,19.36,,20000,5,17,11,2020,신규,26.09~28.09,,,,,
영등포구,11560,영등포동2가,202607,오피스텔_전월세,밀레니엄시티,영등포동2가,332-3,31.06,,3700,93,17,31,2018,신규,26.09~27.09,,,,,
영등포구,11560,신길동,202607,오피스텔_전월세,JS타워,신길동,236,18.57,,1000,90,6,4,2024,신규,26.08~27.08,,,,,
영등포구,11560,신길동,202607,오피스텔_전월세,JS타워,신길동,236,29.5,,2000,120,11,3,2024,신규,26.08~27.07,,,,,
영등포구,11560,신길동,202607,오피스텔_전월세,JS타워,신길동,236,29.5,,2000,120,13,13,2024,신규,26.07~27.07,,,,,
영등포구,11560,신길동,202607,오피스텔_전월세,JS타워,신길동,236,29.5,,1000,150,4,10,2024,신규,26.08~27.08,,,,,
영등포구,11560,신길동,202607,오피스텔_전월세,JS타워,신길동,236,29.5,,2000,120,13,16,2024,신규,26.08~27.08,,,,,
영등포구,11560,대림동,202607,오피스텔_전월세,G밸리소홈,대림동,1101-7,20.21,,1000,66,6,4,2018,신규,26.08~27.07,,,,,
영등포구,11560,양평동4가,202607,오피스텔_전월세,구산드림타워,양평동4가,22-1,85.71,,60000,0,3,31,2007,신규,26.10~28.10,,,,,
영등포구,11560,여의도동,202607,오피스텔_전월세,나라키움여의도빌딩,여의도동,55-2,22.89,,1030,94,9,30,2018,신규,26.08~28.08,,,,,
영등포구,11560,양평동6가,202607,오피스텔_전월세,펫앤스테이,양평동6가,8,29.26,,24000,0,8,29,2016,갱신,26.09~28.09,24000.0,,,,
영등포구,11560,도림동,202607,오피스텔_전월세,쌍용플래티넘시티1단지,도림동,820,62.88,,37900,0,9,20,2006,갱신,26.09~28.09,36100.0,,사용,,
영등포구,11560,여의도동,202607,오피스텔_전월세,나라키움여의도빌딩,여의도동,55-2,40.66,,2000,161,9,22,2018,갱신,26.08~28.08,2000.0,149.0,사용,,
영등포구,11560,영등포동3가,202607,오피스텔_전월세,여의도 포레스트 시티,영등포동3가,4-1,18.56,,16275,13,11,30,2021,신규,26.09~28.09,,,,,
영등포구,11560,당산동1가,202607,오피스텔_전월세,현대가우스빌,당산동1가,140-1,48.34,,35870,0,3,29,2016,갱신,26.08~28.08,34170.0,,사용,,
영등포구,11560,영등포동3가,202607,오피스텔_전월세,제이캐슬,영등포동3가,16-1,17.62,,17390,3,11,16,2023,갱신,26.09~28.09,17500.0,,,,
영등포구,11560,영등포동7가,202607,오피스텔_전월세,한가람 더원 201동,영등포동7가,94-101,23.53,,27000,0,11,30,2022,신규,26.09~28.09,,,,,
영등포구,11560,당산동5가,202607,오피스텔_전월세,당산역리버뷰한강,당산동5가,11-32,16.78,,25000,10,8,30,2021,갱신,26.09~28.09,25000.0,10.0,사용,,
영등포구,11560,영등포동1가,202607,오피스텔_전월세,여의도더리브스타일,영등포동1가,94-2,26.49,,5000,75,6,23,2020,신규,26.07~27.07,,,,,
영등포구,11560,당산동3가,202607,오피스텔_전월세,리앤나빌리지,당산동3가,80-1,22.85,,1000,65,3,16,2004,신규,26.07~27.07,,,,,
영등포구,11560,당산동,202607,오피스텔_전월세,한산 오피스텔,당산동,121-44,24.09,,3000,43,8,25,2010,신규,26.08~27.08,,,,,
영등포구,11560,여의도동,202607,오피스텔_전월세,브라이튼 여의도,여의도동,525,29.98,,3000,195,15,6,2023,신규,26.07~28.07,,,,,
영등포구,11560,여의도동,202607,오피스텔_전월세,나라키움여의도빌딩,여의도동,55-2,22.81,,1030,94,17,20,2018,갱신,26.08~28.08,1000.0,92.0,사용,,
영등포구,11560,여의도동,202607,오피스텔_전월세,나라키움여의도빌딩,여의도동,55-2,22.89,,1030,94,14,20,2018,갱신,26.08~28.08,1000.0,92.0,사용,,
영등포구,11560,신길동,202607,오피스텔_전월세,한림캐슬,신길동,4828,19.4,,13700,0,2,24,2015,갱신,26.07~28.07,13500.0,,,,
영등포구,11560,영등포동1가,202607,오피스텔_전월세,여의도 노블루체91,영등포동1가,110-6,23.56,,22000,25,16,30,2021,신규,26.09~28.09,,,,,
영등포구,11560,영등포동2가,202607,오피스텔_전월세,(94-259),영등포동2가,94-259,18.32,,17000,0,6,14,2020,신규,26.08~28.08,,,,,
영등포구,11560,여의도동,202607,오피스텔_전월세,여의도 the샾 아일랜드 파크,여의도동,17,62.18,,70000,0,5,17,2006,갱신,26.09~28.09,65000.0,,,,
영등포구,11560,신길동,202607,오피스텔_전월세,JS타워,신길동,236,29.5,,1000,130,13,25,2024,신규,26.07~27.07,,,,,
영등포구,11560,당산동3가,202607,오피스텔_전월세,리앤나빌리지,당산동3가,80-1,30.85,,1000,80,5,13,2004,신규,26.07~27.07,,,,,
영등포구,11560,여의도동,202607,오피스텔_전월세,나라키움여의도빌딩,여의도동,55-2,22.89,,1030,94,14,20,2018,갱신,26.08~28.08,1000.0,92.0,사용,,
영등포구,11560,영등포동1가,202607,오피스텔_전월세,페트라,영등포동1가,22-1,20.6,,13000,21,4,11,2015,신규,26.08~28.08,,,,,
영등포구,11560,양평동6가,202607,오피스텔_전월세,선유도디와이파크,양평동6가,93-2,19.52,,14770,8,7,11,2017,신규,26.08~28.08,,,,,
영등포구,11560,영등포동4가,202607,오피스텔_전월세,HIGHEND 63st,영등포동4가,55,28.12,,35280,0,9,16,2023,갱신,26.08~27.08,33600.0,,,,
영등포구,11560,영등포동7가,202607,오피스텔_전월세,은석오피스텔,영등포동7가,94-57,18.81,,1000,60,4,30,2010,신규,26.07~28.07,,,,,
영등포구,11560,양평동2가,202607,오피스텔_전월세,동서네모베네하우스,양평동2가,43-5,23.98,,18000,7,2,30,2019,신규,26.10~28.10,,,,,
영등포구,11560,영등포동2가,202607,오피스텔_전월세,투프레이즈,영등포동2가,28-140,25.39,,5000,105,5,8,2024,신규,26.07~27.07,,,,,
영등포구,11560,영등포동1가,202607,오피스텔_전월세,여의도 노블루체91,영등포동1가,110-6,21.98,,5000,88,11,14,2021,신규,26.10~27.10,,,,,
영등포구,11560,당산동6가,202607,오피스텔_전월세,다빈치,당산동6가,3-5,18.3,,28000,0,8,14,2021,신규,26.07~28.07,,,,,
영등포구,11560,도림동,202607,오피스텔_전월세,에스제이팰리스,도림동,195-5,34.44,,3000,103,2,28,2019,신규,26.09~28.09,,,,,
영등포구,11560,도림동,202607,오피스텔_전월세,대우미래사랑,도림동,819,29.38,,1000,68,10,1,2004,신규,26.07~27.07,,,,,
영등포구,11560,여의도동,202607,오피스텔_전월세,여의도 플렉시움 오피스텔,여의도동,13-16,34.49,,1000,90,2,27,2003,신규,26.08~27.08,,,,,
영등포구,11560,양평동2가,202607,오피스텔_전월세,CO-OP Residence/오목교,양평동2가,43-14,16.98,,500,50,7,30,2004,신규,26.07~26.10,,,,,
영등포구,11560,영등포동2가,202607,오피스텔_전월세,한가람 더원 301동,영등포동2가,94-204,55.44,,5000,202,7,29,2022,신규,26.09~28.09,,,,,
영등포구,11560,도림동,202607,오피스텔_전월세,도림동 하나 아파텔(2차),도림동,265-8,30.87,,2000,90,14,29,2003,신규,26.09~28.09,,,,,
영등포구,11560,영등포동1가,202607,오피스텔_전월세,(30),영등포동1가,30,12.97,,1000,65,11,8,,신규,26.07~27.07,,,,,
영등포구,11560,영등포동7가,202607,오피스텔_전월세,한가람 더원 201동,영등포동7가,94-101,24.97,,27000,0,17,29,2022,신규,26.09~28.09,,,,,
영등포구,11560,영등포동2가,202607,오피스텔_전월세,라온펠리체,영등포동2가,332-5,29.74,,3000,110,9,11,2022,신규,26.07~28.07,,,,,
영등포구,11560,영등포동8가,202607,오피스텔_전월세,당산역 리버리치 오피스텔,영등포동8가,86,39.98,,30000,40,4,30,2016,신규,26.08~28.08,,,,,
영등포구,11560,당산동5가,202607,오피스텔_전월세,당산역리버뷰한강,당산동5가,11-32,16.24,,1000,100,4,29,2021,신규,26.08~27.08,,,,,
영등포구,11560,영등포동8가,202607,오피스텔_전월세,당산역 리버리치 오피스텔,영등포동8가,86,39.98,,34800,17,4,19,2016,갱신,26.07~28.07,34800.0,10.0,,,
영등포구,11560,영등포동1가,202607,오피스텔_전월세,여의도 포레디움,영등포동1가,107,20.05,,20000,0,14,29,2021,신규,26.09~28.09,,,,,
영등포구,11560,당산동,202607,오피스텔_전월세,(121-69),당산동,121-69,13.44,,8900,14,7,20,2011,갱신,26.08~27.08,15000.0,7.0,,,
영등포구,11560,당산동3가,202607,오피스텔_전월세,더하우스,당산동3가,1-7,29.54,,35000,0,9,29,2023,신규,26.09~28.09,,,,,
영등포구,11560,문래동3가,202607,오피스텔_전월세,문래동메가트리움,문래동3가,55-4,99.53,,5000,180,29,7,2004,신규,26.07~28.07,,,,,
영등포구,11560,도림동,202607,오피스텔_전월세,도림동  디에이원파크,도림동,229-2,29.47,,33000,0,7,29,2024,신규,26.09~28.09,,,,,
영등포구,11560,도림동,202607,오피스텔_전월세,쌍용플래티넘시티2단지,도림동,269-1,87.36,,52000,0,12,25,2006,갱신,26.08~28.08,50000.0,,사용,,
영등포구,11560,당산동,202607,오피스텔_전월세,오피스텔저절로,당산동,121-127,20.95,,18000,0,2,22,2013,갱신,26.08~28.08,17500.0,,,,
영등포구,11560,당산동5가,202607,오피스텔_전월세,데시앙루브 오피스텔,당산동5가,8,24.97,,19800,15,10,29,2014,갱신,26.08~28.08,19800.0,10.0,사용,,
영등포구,11560,양평동3가,202607,오피스텔_전월세,양평동 대우이안2,양평동3가,54,94.79,,13000,139,5,28,2005,갱신,26.07~28.07,13000.0,130.0,사용,,
영등포구,11560,영등포동7가,202607,오피스텔_전월세,동원크로루체,영등포동7가,29-7,33.3,,2000,130,3,10,2022,신규,26.08~28.08,,,,,
영등포구,11560,당산동5가,202607,오피스텔_전월세,당산역리버뷰한강,당산동5가,11-32,16.78,,21000,0,15,28,2021,신규,26.08~28.08,,,,,
영등포구,11560,영등포동7가,202607,오피스텔_전월세,한가람 더원 103동,영등포동7가,29-112,24.92,,22600,0,8,22,2020,신규,26.08~28.08,,,,,
영등포구,11560,양평동5가,202607,오피스텔_전월세,선유도역 마들렌 오피스텔,양평동5가,24-1,25.82,,19200,10,7,29,2021,신규,26.08~28.08,,,,,
영등포구,11560,여의도동,202607,오피스텔_전월세,여의도 the샾 아일랜드 파크,여의도동,17,88.7,,6000,380,8,9,2006,신규,26.07~28.07,,,,,
영등포구,11560,양평동2가,202607,오피스텔_전월세,오목교투웨니퍼스트,양평동2가,37-3,28.63,,25000,10,11,19,2017,갱신,26.07~28.07,25000.0,10.0,,,
영등포구,11560,양평동6가,202607,오피스텔_전월세,엠케이빌딩2,양평동6가,83,26.28,,5000,116,9,1,2021,신규,26.07~27.07,,,,,
영등포구,11560,영등포동1가,202607,오피스텔_전월세,명남더블레스,영등포동1가,121-3,18.44,,18500,0,3,27,2021,신규,26.09~28.09,,,,,
영등포구,11560,문래동6가,202607,오피스텔_전월세,문래파라곤 201동,문래동6가,16,87.85,,38000,55,7,29,2005,신규,26.07~28.07,,,,,
영등포구,11560,여의도동,202607,오피스텔_전월세,더하우스 소호 여의도 오피스텔,여의도동,17-9,23.63,,2000,110,6,3,2017,신규,26.08~27.08,,,,,
영등포구,11560,양평동2가,202607,오피스텔_전월세,이레오피스텔A,양평동2가,18,33.46,,27500,0,4,4,2018,신규,26.09~28.09,,,,,
영등포구,11560,영등포동8가,202607,오피스텔_전월세,한양아이클래스 오피스텔,영등포동8가,42-1,19.91,,5000,55,3,29,2014,신규,26.08~27.08,,,,,
영등포구,11560,문래동5가,202607,오피스텔_전월세,금강 노블레스,문래동5가,5-3,32.11,,5500,110,6,28,2022,신규,26.08~28.08,,,,,
영등포구,11560,양평동3가,202607,오피스텔_전월세,포엠빌,양평동3가,78-20,29.19,,100,45,6,29,2023,신규,26.07~28.09,,,,,
영등포구,11560,양평동6가,202607,오피스텔_전월세,선유도역 더블파크 투웨니퍼스트,양평동6가,94,28.42,,27000,0,11,1,2020,갱신,26.07~28.07,27500.0,,사용,,
영등포구,11560,양평동3가,202607,오피스텔_전월세,포엠빌,양평동3가,78-20,28.89,,100,46,6,29,2023,신규,26.07~28.09,,,,,
영등포구,11560,양평동3가,202607,오피스텔_전월세,포엠빌,양평동3가,78-20,28.53,,100,46,12,29,2023,신규,26.07~28.09,,,,,
영등포구,11560,양평동3가,202607,오피스텔_전월세,양평역 대우미래사랑,양평동3가,34,64.69,,43000,0,5,21,2004,갱신,26.08~28.08,41000.0,,사용,,
영등포구,11560,여의도동,202607,오피스텔_전월세,브라이튼 여의도,여의도동,525,29.98,,5000,220,14,16,2023,신규,26.10~28.10,,,,,
영등포구,11560,당산동2가,202607,오피스텔_전월세,문래역 대우미래사랑3차(B),당산동2가,15-2,89.7,,54000,0,12,28,2004,갱신,26.08~28.08,50000.0,,,,
영등포구,11560,양평동3가,202607,오피스텔_전월세,포엠빌,양평동3가,78-20,29.23,,100,47,14,29,2023,신규,26.07~28.09,,,,,
영등포구,11560,양평동3가,202607,오피스텔_전월세,포엠빌,양평동3가,78-20,29.23,,100,46,6,29,2023,신규,26.07~28.09,,,,,
영등포구,11560,신길동,202607,오피스텔_전월세,신길 AK 푸르지오,신길동,255-9,78.12,,5000,260,8,28,2024,신규,26.08~27.08,,,,,
영등포구,11560,양평동3가,202607,오피스텔_전월세,포엠빌,양평동3가,78-20,28.89,,100,46,13,29,2023,신규,26.07~28.09,,,,,
영등포구,11560,영등포동3가,202607,오피스텔_전월세,더-위일 신세계,영등포동3가,17-3,17.66,,16000,0,13,28,2020,신규,26.09~28.09,,,,,
영등포구,11560,양평동6가,202607,오피스텔_전월세,선유도역 더블파크 투웨니퍼스트,양평동6가,94,28.42,,30450,0,10,11,2020,갱신,26.07~28.07,30450.0,,,,
영등포구,11560,양평동3가,202607,오피스텔_전월세,포엠빌,양평동3가,78-20,28.53,,100,45,6,29,2023,신규,26.07~28.09,,,,,
영등포구,11560,양평동3가,202607,오피스텔_전월세,포엠빌,양평동3가,78-20,28.53,,100,46,13,29,2023,신규,26.07~28.09,,,,,
영등포구,11560,양평동3가,202607,오피스텔_전월세,포엠빌,양평동3가,78-20,28.53,,100,45,13,29,2023,신규,26.07~28.09,,,,,
영등포구,11560,당산동3가,202607,오피스텔_전월세,레스트힐,당산동3가,7,19.96,,16000,10,3,29,2021,신규,26.08~28.08,,,,,
영등포구,11560,양평동3가,202607,오피스텔_전월세,포엠빌,양평동3가,78-20,29.23,,100,47,13,29,2023,신규,26.07~28.09,,,,,
영등포구,11560,양평동3가,202607,오피스텔_전월세,포엠빌,양평동3가,78-20,29.19,,100,46,13,29,2023,신규,26.07~28.09,,,,,
영등포구,11560,양평동3가,202607,오피스텔_전월세,포엠빌,양평동3가,78-20,28.89,,100,46,12,29,2023,신규,26.07~28.09,,,,,
영등포구,11560,양평동3가,202607,오피스텔_전월세,포엠빌,양평동3가,78-20,28.53,,100,46,14,29,2023,신규,26.07~28.09,,,,,
영등포구,11560,양평동3가,202607,오피스텔_전월세,포엠빌,양평동3가,78-20,29.19,,100,47,14,29,2023,신규,26.07~28.09,,,,,
영등포구,11560,양평동3가,202607,오피스텔_전월세,포엠빌,양평동3가,78-20,29.19,,100,46,12,29,2023,신규,26.07~28.09,,,,,
영등포구,11560,양평동3가,202607,오피스텔_전월세,포엠빌,양평동3가,78-20,29.19,,100,47,17,29,2023,신규,26.07~28.09,,,,,
영등포구,11560,양평동3가,202607,오피스텔_전월세,포엠빌,양평동3가,78-20,29.23,,100,47,12,29,2023,신규,26.07~28.09,,,,,
영등포구,11560,대림동,202607,오피스텔_전월세,G밸리소홈,대림동,1101-7,20.21,,1000,59,4,18,2018,갱신,26.07~27.07,1000.0,56.0,,,
영등포구,11560,당산동6가,202607,오피스텔_전월세,소미골드라인Ⅰ,당산동6가,344-10,27.95,,28000,4,5,25,2019,신규,26.09~28.09,,,,,
영등포구,11560,영등포동7가,202607,오피스텔_전월세,한가람 더원 201동,영등포동7가,94-101,23.52,,27000,0,13,28,2022,신규,26.09~28.09,,,,,
영등포구,11560,대림동,202607,오피스텔_전월세,G밸리소홈,대림동,1101-7,20.21,,1000,62,3,28,2018,신규,26.09~28.09,,,,,
영등포구,11560,영등포동8가,202607,오피스텔_전월세,엠캐슬55,영등포동8가,45-17,28.09,,22000,0,7,28,2019,신규,26.09~28.08,,,,,
영등포구,11560,영등포동2가,202607,오피스텔_전월세,글로벌MJ10,영등포동2가,164,28.53,,30000,0,11,28,2024,신규,26.09~28.09,,,,,
영등포구,11560,문래동3가,202607,오피스텔_전월세,문래동대동오피스텔,문래동3가,83-3,56.09,,21000,0,4,28,1998,신규,26.09~28.09,,,,,
영등포구,11560,영등포동2가,202607,오피스텔_전월세,그린나래,영등포동2가,28-118,58.91,,27400,0,3,22,2014,신규,26.09~28.09,,,,,
영등포구,11560,영등포동3가,202607,오피스텔_전월세,제이디에스,영등포동3가,5-8,20.36,,3000,88,16,11,2021,신규,26.07~27.07,,,,,
영등포구,11560,양평동2가,202607,오피스텔_전월세,힘멜하임,양평동2가,1-3,18.84,,13000,0,3,3,2014,신규,26.08~28.08,,,,,
영등포구,11560,영등포동8가,202607,오피스텔_전월세,엠캐슬150,영등포동8가,65-1,17.58,,22500,0,15,28,2024,신규,26.09~28.09,,,,,
영등포구,11560,양평동3가,202607,오피스텔_전월세,더라임,양평동3가,37-3,25.16,,25000,24,9,28,2020,신규,26.09~28.09,,,,,
영등포구,11560,영등포동2가,202607,오피스텔_전월세,여의도 미르웰 한올림 2차 오피스텔,영등포동2가,328-11,14.53,,13300,4,3,18,2018,신규,26.09~28.09,,,,,
영등포구,11560,당산동,202607,오피스텔_전월세,한산 오피스텔,당산동,121-44,23.36,,1000,75,4,1,2010,신규,26.07~27.07,,,,,
영등포구,11560,신길동,202607,오피스텔_전월세,JS타워,신길동,236,29.5,,1000,130,11,2,2024,신규,26.07~27.07,,,,,
영등포구,11560,영등포동3가,202607,오피스텔_전월세,더-위일 신세계,영등포동3가,17-3,17.66,,3700,53,10,28,2020,갱신,26.09~27.09,3700.0,53.0,,,
영등포구,11560,신길동,202607,오피스텔_전월세,JS타워,신길동,236,29.5,,1000,130,5,13,2024,신규,26.07~27.07,,,,,
영등포구,11560,여의도동,202607,오피스텔_전월세,민족통일 대통령 리빙텔,여의도동,13-24,26.52,,1000,73,12,28,2003,신규,26.08~27.08,,,,,
영등포구,11560,당산동6가,202607,오피스텔_전월세,스타빌,당산동6가,337-4,24.89,,1000,74,3,3,2014,신규,26.08~27.08,,,,,
영등포구,11560,양평동5가,202607,오피스텔_전월세,선유도역 마들렌 오피스텔,양평동5가,24-1,29.41,,800,84,2,28,2021,신규,26.09~27.09,,,,,
영등포구,11560,영등포동3가,202607,오피스텔_전월세,WD스퀘어,영등포동3가,20,16.17,,14500,25,13,16,2020,신규,26.08~28.08,,,,,
영등포구,11560,영등포동3가,202607,오피스텔_전월세,여의도 센트럴 큐브스테이트,영등포동3가,1-6,39.31,,5000,170,9,4,2023,신규,26.08~27.08,,,,,
영등포구,11560,양평동5가,202607,오피스텔_전월세,브릴리언트 선유,양평동5가,71-2,27.53,,30000,0,5,27,2020,신규,26.09~28.09,,,,,
영등포구,11560,당산동5가,202607,오피스텔_전월세,당산역 한강포스빌,당산동5가,33-1,30.43,,1000,95,6,24,2005,신규,26.07~28.07,,,,,
영등포구,11560,영등포동3가,202607,오피스텔_전월세,제이캐슬,영등포동3가,16-1,22.68,,6200,55,11,28,2023,신규,26.08~28.08,,,,,
영등포구,11560,문래동3가,202607,오피스텔_전월세,썬샤인,문래동3가,82-11,35.94,,33000,10,5,17,2019,신규,26.09~28.09,,,,,
영등포구,11560,도림동,202607,오피스텔_전월세,쌍용플래티넘시티1단지,도림동,820,62.88,,34500,0,5,25,2006,신규,26.10~27.10,,,,,
영등포구,11560,당산동5가,202607,오피스텔_전월세,태림빌,당산동5가,34,25.87,,5000,37,6,27,2002,신규,26.08~28.08,,,,,
영등포구,11560,당산동,202607,오피스텔_전월세,더로드,당산동,121-71,20.64,,14200,8,8,21,2013,신규,26.09~28.09,,,,,
영등포구,11560,양평동1가,202607,오피스텔_전월세,성운타운,양평동1가,192,36.2,,5000,130,7,4,2018,신규,26.09~28.09,,,,,
영등포구,11560,영등포동2가,202607,오피스텔_전월세,여의도리버캐슬2차오피스텔,영등포동2가,196,21.82,,60,35,2,28,2020,신규,26.07~28.09,,,,,
영등포구,11560,문래동6가,202607,오피스텔_전월세,문래임광그대가,문래동6가,8,85.84,,51000,0,13,25,2005,신규,26.08~28.08,,,,,
영등포구,11560,문래동6가,202607,오피스텔_전월세,문래임광그대가,문래동6가,8,85.84,,30000,100,4,25,2005,갱신,26.09~28.09,22000.0,55.0,,,
영등포구,11560,대림동,202607,오피스텔_전월세,한성메르디앙,대림동,629-35,27.32,,2000,60,3,13,2003,신규,26.07~28.07,,,,,
영등포구,11560,양평동6가,202607,오피스텔_전월세,펫앤스테이,양평동6가,8,29.26,,23100,0,6,8,2016,신규,26.08~28.08,,,,,
영등포구,11560,영등포동1가,202607,오피스텔_전월세,(30),영등포동1가,30,12.97,,1000,65,5,24,,신규,26.07~27.07,,,,,
영등포구,11560,당산동,202607,오피스텔_전월세,리버뷰,당산동,121-130,23.94,,13200,11,2,20,2015,신규,26.08~28.08,,,,,
영등포구,11560,영등포동1가,202607,오피스텔_전월세,여의도더리브스타일,영등포동1가,94-2,19.36,,17600,14,11,25,2020,갱신,26.08~28.08,17600.0,10.0,,,
영등포구,11560,당산동6가,202607,오피스텔_전월세,다빈치,당산동6가,3-5,18.3,,10000,64,6,23,2021,갱신,26.08~28.08,10000.0,60.0,,,
영등포구,11560,도림동,202607,오피스텔_전월세,쌍용플래티넘시티1단지,도림동,820,87.22,,47250,0,3,27,2006,갱신,26.12~27.02,47250.0,,,,
영등포구,11560,영등포동,202607,오피스텔_전월세,(618-22),영등포동,618-22,19.17,,1500,48,2,25,1995,신규,26.07~28.07,,,,,
영등포구,11560,영등포동1가,202607,오피스텔_전월세,명남더블레스,영등포동1가,121-3,17.63,,19420,0,5,6,2021,신규,26.08~28.08,,,,,
영등포구,11560,영등포동2가,202607,오피스텔_전월세,여의도 리브하임,영등포동2가,94-116,19.02,,10000,48,3,1,2022,갱신,26.07~27.07,10000.0,40.0,,,
영등포구,11560,양평동2가,202607,오피스텔_전월세,골든힐,양평동2가,27-3,38.4,,28500,10,2,21,2018,신규,26.09~28.09,,,,,
영등포구,11560,여의도동,202607,오피스텔_전월세,(주)신한 여의도 드림리버 오피스텔,여의도동,12-3,22.47,,10000,60,6,4,2019,신규,26.08~27.08,,,,,
영등포구,11560,당산동3가,202607,오피스텔_전월세,(416),당산동3가,416,30.15,,1000,59,2,15,1998,신규,26.08~27.08,,,,,
영등포구,11560,영등포동7가,202607,오피스텔_전월세,넥스빌Ⅱ,영등포동7가,94-297,20.53,,9000,15,3,11,2002,신규,26.07~28.07,,,,,
영등포구,11560,영등포동3가,202607,오피스텔_전월세,여의도 포레스트 시티,영등포동3가,4-1,18.56,,1000,77,8,17,2021,신규,26.07~28.07,,,,,
영등포구,11560,양평동6가,202607,오피스텔_전월세,선유도 더채움,양평동6가,2-4,21.9,,24400,4,11,27,2022,신규,26.09~28.09,,,,,
영등포구,11560,양평동3가,202607,오피스텔_전월세,클라우드타워,양평동3가,37-2,21.5,,25000,46,9,20,2020,신규,26.09~28.09,,,,,
영등포구,11560,영등포동1가,202607,오피스텔_전월세,여의도리슈빌DS,영등포동1가,121-5,21.41,,16200,19,5,11,2020,신규,26.07~28.07,,,,,
영등포구,11560,영등포동7가,202607,오피스텔_전월세,넥스빌Ⅱ,영등포동7가,94-297,20.53,,1000,60,4,15,2002,신규,26.07~27.11,,,,,
영등포구,11560,영등포동3가,202607,오피스텔_전월세,제이캐슬,영등포동3가,16-1,18.78,,10000,37,7,22,2023,갱신,26.07~27.08,10000.0,37.0,,,
영등포구,11560,당산동,202607,오피스텔_전월세,오피스텔저절로,당산동,121-127,20.95,,17500,0,7,27,2013,신규,26.09~28.09,,,,,
영등포구,11560,도림동,202607,오피스텔_전월세,쌍용플래티넘시티1단지,도림동,820,87.22,,5000,190,2,25,2006,신규,26.10~28.10,,,,,
영등포구,11560,양평동3가,202607,오피스텔_전월세,양평역 대우미래사랑,양평동3가,34,60.84,,43000,0,10,25,2004,신규,26.12~28.12,,,,,
영등포구,11560,양평동6가,202607,오피스텔_전월세,선유도디와이파크,양평동6가,93-2,29.52,,20700,0,2,27,2017,갱신,26.09~28.09,19790.0,,,,
영등포구,11560,도림동,202607,오피스텔_전월세,쌍용플래티넘시티1단지,도림동,820,87.22,,47250,25,3,27,2006,갱신,26.12~27.02,47250.0,,,,
영등포구,11560,영등포동1가,202607,오피스텔_전월세,여의도더리브스타일,영등포동1가,94-2,26.49,,26000,30,12,14,2020,신규,26.09~28.09,,,,,
영등포구,11560,당산동5가,202607,오피스텔_전월세,당산 삼성쉐르빌,당산동5가,9-2,27.19,,1000,93,9,2,2013,신규,26.07~27.07,,,,,
영등포구,11560,영등포동2가,202607,오피스텔_전월세,리코하이빌,영등포동2가,28-132,32.17,,32500,0,10,24,2023,신규,26.09~28.09,,,,,
영등포구,11560,당산동6가,202607,오피스텔_전월세,(236-1),당산동6가,236-1,14.84,,10500,2,2,20,2016,신규,26.08~28.08,,,,,
영등포구,11560,당산동,202607,오피스텔_전월세,신성월드오피스텔,당산동,121-112,22.94,,2000,63,6,8,1998,신규,26.07~27.07,,,,,
영등포구,11560,영등포동6가,202607,오피스텔_전월세,윤성타워텔,영등포동6가,67-1,33.22,,1500,100,9,25,1998,신규,26.07~28.07,,,,,
영등포구,11560,영등포동4가,202607,오피스텔_전월세,영등포 대성 그랑그루,영등포동4가,103,16.69,,500,70,5,19,2012,신규,26.07~27.07,,,,,
영등포구,11560,당산동5가,202607,오피스텔_전월세,당산역해링턴타워,당산동5가,9-3,23.92,,11000,63,15,24,2015,신규,26.08~28.08,,,,,
영등포구,11560,영등포동7가,202607,오피스텔_전월세,영등포 리버텔,영등포동7가,94-64,27.75,,11700,20,12,20,2004,신규,26.08~28.08,,,,,
영등포구,11560,양평동3가,202607,오피스텔_전월세,그랜드타워,양평동3가,37-1,23.1,,25000,22,8,15,2020,갱신,26.08~28.08,10000.0,70.0,,,
영등포구,11560,영등포동1가,202607,오피스텔_전월세,여의도파크뷰,영등포동1가,97-5,26.27,,5000,100,8,11,2026,신규,26.07~27.07,,,,,
영등포구,11560,영등포동2가,202607,오피스텔_전월세,더리버캐슬,영등포동2가,321-2,50.16,,18000,80,5,16,2017,신규,26.09~27.09,,,,,
영등포구,11560,영등포동1가,202607,오피스텔_전월세,GOODTV GL타워,영등포동1가,28,18.06,,15900,2,5,25,2014,갱신,26.10~28.10,15000.0,3.0,,,
영등포구,11560,영등포동1가,202607,오피스텔_전월세,명남더블레스,영등포동1가,121-3,23.84,,15000,28,13,3,2021,신규,26.07~28.07,,,,,
영등포구,11560,당산동6가,202607,오피스텔_전월세,한강 더채움,당산동6가,280-1,57.69,,5000,290,7,25,2022,신규,26.07~27.07,,,,,
영등포구,11560,당산동3가,202607,오피스텔_전월세,당산파크뷰,당산동3가,398-1,16.83,,19000,16,5,25,2022,신규,26.09~28.09,,,,,
영등포구,11560,문래동6가,202607,오피스텔_전월세,문래크라운팰리스,문래동6가,34-1,28.17,,25200,10,10,11,2018,갱신,26.07~28.07,25200.0,,사용,,
영등포구,11560,영등포동8가,202607,오피스텔_전월세,리안펠리체,영등포동8가,45-8,18.15,,10000,10,2,24,2014,신규,26.10~28.10,,,,,
영등포구,11560,대림동,202607,오피스텔_전월세,대림빌딩,대림동,706-17,16.09,,500,45,5,5,2013,신규,26.07~28.07,,,,,
영등포구,11560,영등포동2가,202607,오피스텔_전월세,지뗌,영등포동2가,333,29.93,,6000,55,7,26,2004,신규,26.08~28.08,,,,,
영등포구,11560,양평동2가,202607,오피스텔_전월세,골든힐,양평동2가,27-3,39.15,,29000,0,4,25,2018,신규,26.08~28.08,,,,,
영등포구,11560,당산동6가,202607,오피스텔_전월세,골드라인,당산동6가,335-3,34.64,,29200,6,6,25,2018,신규,26.08~28.08,,,,,
영등포구,11560,영등포동7가,202607,오피스텔_전월세,리첸스타 오피스텔,영등포동7가,94-298,28.79,,24800,0,7,24,,신규,26.09~28.09,,,,,
영등포구,11560,영등포동3가,202607,오피스텔_전월세,소담더블린,영등포동3가,1-9,17.13,,1000,72,8,24,2018,신규,26.09~27.09,,,,,
영등포구,11560,영등포동2가,202607,오피스텔_전월세,여의도 미르웰 한올림 2차 오피스텔,영등포동2가,328-11,14.53,,3000,70,4,6,2018,신규,26.07~27.07,,,,,
영등포구,11560,당산동,202607,오피스텔_전월세,가온빌,당산동,121-289,21.4,,3700,49,8,6,2016,갱신,26.08~27.08,4000.0,46.0,,,
영등포구,11560,당산동5가,202607,오피스텔_전월세,당산역해링턴타워,당산동5가,9-3,23.92,,1000,95,13,24,2015,신규,26.10~27.09,,,,,
영등포구,11560,영등포동1가,202607,오피스텔_전월세,여의도 포레디움,영등포동1가,107,21.58,,10000,53,6,9,2021,갱신,26.08~27.08,10000.0,49.0,,,
영등포구,11560,당산동4가,202607,오피스텔_전월세,(32-31),당산동4가,32-31,16.17,,1000,54,6,25,2003,갱신,26.08~27.08,1000.0,51.0,,,
영등포구,11560,영등포동3가,202607,오피스텔_전월세,제이캐슬,영등포동3가,16-1,17.62,,11400,30,9,22,2023,갱신,26.09~28.09,11000.0,30.0,사용,,
영등포구,11560,영등포동8가,202607,오피스텔_전월세,메이준,영등포동8가,51-1,17.44,,500,60,2,13,2012,신규,26.07~27.07,,,,,
영등포구,11560,당산동6가,202607,오피스텔_전월세,(236-1),당산동6가,236-1,14.75,,10000,6,2,20,2016,신규,26.08~28.08,,,,,
영등포구,11560,여의도동,202607,오피스텔_전월세,KCC파크타운,여의도동,13-22,26.98,,1000,80,6,14,2005,신규,26.07~27.12,,,,,
영등포구,11560,영등포동7가,202607,오피스텔_전월세,포레나 영등포 센트럴,영등포동7가,208,18.3,,2000,80,27,7,2020,신규,26.07~28.07,,,,,
영등포구,11560,영등포동3가,202607,오피스텔_전월세,제이캐슬,영등포동3가,16-1,18.78,,5000,57,7,16,2023,신규,26.08~28.08,,,,,
영등포구,11560,양평동4가,202607,오피스텔_전월세,소미골드라인Ⅱ,양평동4가,214,29.17,,25900,11,7,25,2019,신규,26.10~28.10,,,,,
영등포구,11560,영등포동3가,202607,오피스텔_전월세,소담더블린,영등포동3가,1-9,17.13,,500,70,13,6,2018,신규,26.07~28.07,,,,,
영등포구,11560,당산동1가,202607,오피스텔_전월세,더채움오피스텔,당산동1가,260,27.94,,5000,110,7,25,2020,신규,26.08~28.08,,,,,
영등포구,11560,당산동4가,202607,오피스텔_전월세,(32-31),당산동4가,32-31,24.5,,2000,47,5,20,2003,갱신,26.07~27.07,2000.0,45.0,,,
영등포구,11560,양평동2가,202607,오피스텔_전월세,CO-OP Residence/오목교,양평동2가,43-14,16.98,,500,47,3,10,2004,신규,26.07~27.07,,,,,
영등포구,11560,영등포동2가,202607,오피스텔_전월세,여의도 리브하임,영등포동2가,94-116,19.02,,21500,0,5,24,2022,갱신,26.08~28.08,21500.0,,,,
영등포구,11560,양평동6가,202607,오피스텔_전월세,선유도디와이파크,양평동6가,93-2,29.52,,21600,0,5,25,2017,신규,26.09~28.09,,,,,
영등포구,11560,문래동6가,202607,오피스텔_전월세,문래임광그대가,문래동6가,8,85.84,,3000,175,8,11,2005,갱신,26.08~28.08,3000.0,170.0,,,
영등포구,11560,신길동,202607,오피스텔_전월세,콘펠리체,신길동,449-20,16.82,,1000,69,7,24,,갱신,26.08~28.08,1000.0,66.0,,,
영등포구,11560,양평동5가,202607,오피스텔_전월세,대우미래사랑2차,양평동5가,92,65.28,,53000,0,11,16,2004,신규,26.09~28.09,,,,,
영등포구,11560,문래동6가,202607,오피스텔_전월세,문래임광그대가,문래동6가,8,85.26,,55000,0,9,24,2005,갱신,26.08~28.08,50500.0,,,,
영등포구,11560,당산동,202607,오피스텔_전월세,더로드,당산동,121-71,20.64,,12000,26,7,15,2013,신규,26.08~28.08,,,,,
영등포구,11560,당산동3가,202607,오피스텔_전월세,해라톤,당산동3가,395-12,27.4,,29000,0,4,20,2020,갱신,26.09~27.09,28700.0,,,,
영등포구,11560,영등포동1가,202607,오피스텔_전월세,여의도씨티아이,영등포동1가,113-1,16.88,,500,67,5,7,2013,신규,26.07~27.07,,,,,
영등포구,11560,당산동5가,202607,오피스텔_전월세,당산역해링턴타워,당산동5가,9-3,23.59,,1000,95,10,22,2015,신규,26.07~27.07,,,,,
영등포구,11560,영등포동2가,202607,오피스텔_전월세,성운힐스,영등포동2가,29-76,20.13,,3000,100,5,17,2021,신규,26.07~27.07,,,,,
영등포구,11560,양평동1가,202607,오피스텔_전월세,더스톤,양평동1가,118-2,17.83,,10000,38,4,24,2018,갱신,26.09~28.09,10000.0,35.0,,,
영등포구,11560,영등포동4가,202607,오피스텔_전월세,영등포 센트럴 푸르지오 시티,영등포동4가,443,29.75,,1000,91,23,2,2013,신규,26.07~27.04,,,,,
영등포구,11560,영등포동1가,202607,오피스텔_전월세,여의도더리브스타일,영등포동1가,94-2,26.49,,28500,20,22,22,2020,신규,26.08~28.08,,,,,
영등포구,11560,영등포동3가,202607,오피스텔_전월세,여의도 포레스트 시티,영등포동3가,4-1,18.56,,16650,0,15,11,2021,갱신,26.07~27.11,17800.0,,,,
영등포구,11560,영등포동3가,202607,오피스텔_전월세,WD스퀘어,영등포동3가,20,16.83,,2000,66,7,21,2020,신규,26.08~27.08,,,,,
영등포구,11560,영등포동3가,202607,오피스텔_전월세,WD스퀘어,영등포동3가,20,16.23,,500,65,10,18,2020,갱신,26.09~27.09,500.0,62.0,,,
영등포구,11560,영등포동2가,202607,오피스텔_전월세,(94-259),영등포동2가,94-259,19.18,,16000,0,3,23,2020,신규,26.08~28.08,,,,,
영등포구,11560,영등포동3가,202607,오피스텔_전월세,에쉐르아이 시네마 쇼핑몰,영등포동3가,9-13,20.71,,500,70,14,14,2005,신규,26.07~28.07,,,,,
영등포구,11560,신길동,202607,오피스텔_전월세,엔-씨티오피스텔,신길동,59-2,27.72,,1000,61,9,11,2000,신규,26.07~27.07,,,,,
영등포구,11560,영등포동2가,202607,오피스텔_전월세,다보스텔,영등포동2가,328-1,19.91,,1000,100,6,20,2022,신규,26.07~27.07,,,,,
영등포구,11560,양평동2가,202607,오피스텔_전월세,신동아하이팰리스,양평동2가,1-1,72.13,,34700,0,11,23,2005,신규,26.09~28.09,,,,,
영등포구,11560,당산동,202607,오피스텔_전월세,더 실크,당산동,121-132,22.26,,1000,69,5,24,2013,신규,26.07~27.07,,,,,
영등포구,11560,여의도동,202607,오피스텔_전월세,(주)신한 여의도 드림리버 오피스텔,여의도동,12-3,29.59,,33000,5,13,24,2019,갱신,26.09~27.09,33000.0,,,,
영등포구,11560,양평동5가,202607,오피스텔_전월세,위너스하임,양평동5가,5-3,47.46,,18500,70,2,24,,신규,26.09~28.09,,,,,
영등포구,11560,양평동4가,202607,오피스텔_전월세,그랑드빌,양평동4가,32-8,31.55,,1000,70,6,13,2003,신규,26.09~27.09,,,,,
영등포구,11560,신길동,202607,오피스텔_전월세,토마토오피스텔,신길동,1116,33.12,,18000,0,6,17,2004,신규,26.08~28.08,,,,,
영등포구,11560,양평동3가,202607,오피스텔_전월세,양평역 대우미래사랑,양평동3가,34,60.84,,40000,0,17,22,2004,갱신,26.08~28.08,33600.0,,,,
영등포구,11560,당산동2가,202607,오피스텔_전월세,씨티타워,당산동2가,11-2,20.69,,10800,0,6,22,2003,갱신,26.08~28.08,10500.0,,,,
영등포구,11560,문래동6가,202607,오피스텔_전월세,문래동 대우 이안,문래동6가,26,56.1,,10000,64,4,23,2004,갱신,26.08~28.08,10000.0,60.0,사용,,
영등포구,11560,당산동3가,202607,오피스텔_전월세,해라톤,당산동3가,395-12,24.99,,28660,0,8,23,2020,신규,26.09~28.09,,,,,
영등포구,11560,여의도동,202607,오피스텔_전월세,브라이튼 여의도,여의도동,525,29.56,,20000,85,31,23,2023,갱신,26.08~28.08,20000.0,77.0,사용,,
영등포구,11560,양평동6가,202607,오피스텔_전월세,펫앤스테이,양평동6가,8,29.26,,25000,0,5,23,2016,신규,26.09~28.09,,,,,
영등포구,11560,영등포동2가,202607,오피스텔_전월세,여의도 해링턴타워 196,영등포동2가,175,18.1,,3000,85,11,20,2022,신규,26.08~27.08,,,,,
영등포구,11560,문래동6가,202607,오피스텔_전월세,문래 롯데캐슬,문래동6가,57,23.94,,1000,42,6,16,2020,신규,26.08~28.08,,,,,
영등포구,11560,문래동5가,202607,오피스텔_전월세,금강 노블레스,문래동5가,5-3,32.11,,30000,0,8,15,2022,신규,26.07~28.07,,,,,
영등포구,11560,영등포동2가,202607,오피스텔_전월세,케렌시아431,영등포동2가,431-2,39.18,,27600,11,2,21,2018,신규,26.09~28.08,,,,,
영등포구,11560,여의도동,202607,오피스텔_전월세,엘지여의도에클라트,여의도동,14-21,37.96,,1050,95,13,23,2003,신규,26.09~27.09,,,,,
영등포구,11560,신길동,202607,오피스텔_전월세,대우 디오빌 골든뷰 오피스텔,신길동,22-5,28.29,,1000,80,6,22,2004,신규,26.07~27.07,,,,,
영등포구,11560,양평동6가,202607,오피스텔_전월세,선유도 더채움,양평동6가,2-4,28.04,,31000,0,13,23,2022,신규,26.09~28.09,,,,,
영등포구,11560,영등포동4가,202607,오피스텔_전월세,영등포 센트럴 푸르지오 시티,영등포동4가,443,29.46,,1000,85,14,20,2013,갱신,26.08~27.08,1000.0,79.0,,,
영등포구,11560,양평동2가,202607,오피스텔_전월세,힘멜하임,양평동2가,1-3,18.84,,1000,69,6,4,2014,신규,26.07~27.07,,,,,
영등포구,11560,문래동3가,202607,오피스텔_전월세,스테이트 디 어반문래,문래동3가,82-16,18.7,,23500,25,3,20,2022,신규,26.09~28.08,,,,,
영등포구,11560,영등포동3가,202607,오피스텔_전월세,더-위일 신세계,영등포동3가,17-3,17.66,,10000,40,10,11,2020,신규,26.07~28.07,,,,,
영등포구,11560,문래동6가,202607,오피스텔_전월세,문래파라곤 201동,문래동6가,16,81.32,,48000,10,9,23,2005,갱신,26.07~28.07,48000.0,,사용,,
영등포구,11560,영등포동3가,202607,오피스텔_전월세,WD스퀘어,영등포동3가,20,16.83,,2000,70,9,9,2020,신규,26.07~27.07,,,,,
영등포구,11560,당산동5가,202607,오피스텔_전월세,당산역해링턴타워,당산동5가,9-3,23.59,,1000,95,9,1,2015,신규,26.07~27.07,,,,,
영등포구,11560,영등포동2가,202607,오피스텔_전월세,여의도 리브하임,영등포동2가,94-116,19.02,,5000,63,10,9,2022,신규,26.08~27.08,,,,,
영등포구,11560,양평동4가,202607,오피스텔_전월세,프라임빌,양평동4가,153-32,29.8,,23800,15,2,22,2015,갱신,26.09~28.09,23800.0,10.0,사용,,
영등포구,11560,영등포동1가,202607,오피스텔_전월세,신한헤스티아,영등포동1가,127,18.01,,2000,62,4,10,2016,신규,26.07~27.07,,,,,
영등포구,11560,신길동,202607,오피스텔_전월세,대우 디오빌 골든뷰 오피스텔,신길동,22-5,30.21,,2000,80,6,22,2004,신규,26.07~27.07,,,,,
영등포구,11560,신길동,202607,오피스텔_전월세,JS타워,신길동,236,29.5,,1000,130,11,17,2024,신규,26.07~27.07,,,,,
영등포구,11560,영등포동7가,202607,오피스텔_전월세,여의도 웨스턴 힐 오피스텔,영등포동7가,104-5,17.38,,21000,3,11,22,2022,신규,26.08~28.08,,,,,
영등포구,11560,영등포동3가,202607,오피스텔_전월세,WD스퀘어,영등포동3가,20,16.17,,12000,30,9,1,2020,신규,26.08~28.08,,,,,
영등포구,11560,영등포동7가,202607,오피스텔_전월세,근상프리즘아파트,영등포동7가,29-130,59.97,,500,65,3,19,2010,갱신,26.07~28.07,500.0,60.0,,,
영등포구,11560,영등포동1가,202607,오피스텔_전월세,파크빌,영등포동1가,31-6,28.08,,2000,93,3,4,2019,신규,26.07~27.07,,,,,
영등포구,11560,신길동,202607,오피스텔_전월세,JS타워,신길동,236,29.5,,1000,130,13,3,2024,신규,26.07~27.07,,,,,
영등포구,11560,신길동,202607,오피스텔_전월세,검지스캐슬,신길동,69-28,15.91,,200,95,7,9,2020,신규,26.07~26.10,,,,,
영등포구,11560,영등포동2가,202607,오피스텔_전월세,여의도 미르웰 한올림 2차 오피스텔,영등포동2가,328-11,14.53,,12200,18,13,9,2018,신규,26.08~28.08,,,,,
영등포구,11560,당산동3가,202607,오피스텔_전월세,THE PARK 365,당산동3가,558-3,94.17,,55000,10,6,21,2007,갱신,26.08~28.08,55000.0,,사용,,
영등포구,11560,문래동6가,202607,오피스텔_전월세,문래파라곤,문래동6가,16-2,81.32,,53000,0,4,15,2005,신규,26.10~28.10,,,,,
영등포구,11560,당산동4가,202607,오피스텔_전월세,코오롱 스타폴리스,당산동4가,1-2,41.22,,1000,90,11,3,2005,신규,26.07~28.07,,,,,
영등포구,11560,영등포동3가,202607,오피스텔_전월세,WD스퀘어,영등포동3가,20,15.66,,14888,9,10,22,2020,갱신,26.08~27.08,14888.0,9.0,,,
영등포구,11560,양평동6가,202607,오피스텔_전월세,금강노블레스,양평동6가,81,31.47,,35500,0,4,21,2022,갱신,26.10~28.10,34500.0,,,,
영등포구,11560,양평동3가,202607,오피스텔_전월세,양평역 대우미래사랑,양평동3가,34,64.69,,43050,0,17,22,2004,갱신,26.07~28.07,41000.0,,사용,,
영등포구,11560,문래동6가,202607,오피스텔_전월세,신일아르디세,문래동6가,29,100.25,,49000,0,10,22,2005,갱신,26.07~28.07,46800.0,,,,
영등포구,11560,양평동4가,202607,오피스텔_전월세,URBAN52,양평동4가,1-9,29.65,,39000,0,6,18,2021,신규,26.09~28.09,,,,,
영등포구,11560,영등포동3가,202607,오피스텔_전월세,여의도 포레스트 시티,영등포동3가,4-1,18.56,,16650,10,11,21,2021,신규,26.09~28.09,,,,,
영등포구,11560,영등포동7가,202607,오피스텔_전월세,여의도 웨스턴 힐 오피스텔,영등포동7가,104-5,17.38,,20000,10,12,21,2022,갱신,26.08~28.08,20000.0,10.0,,,
영등포구,11560,당산동,202607,오피스텔_전월세,노들리안 오피스텔1,당산동,121-141,28.68,,10000,25,2,22,2011,갱신,26.08~28.08,10000.0,25.0,,,
영등포구,11560,영등포동1가,202607,오피스텔_전월세,(30),영등포동1가,30,12.97,,1000,65,10,14,,신규,26.09~28.09,,,,,
영등포구,11560,당산동,202607,오피스텔_전월세,엠캐슬123,당산동,171-30,19.85,,18690,0,4,22,2021,신규,26.09~28.09,,,,,
영등포구,11560,양평동6가,202607,오피스텔_전월세,엠케이유앤미,양평동6가,82-1,27.5,,29000,0,5,18,2020,갱신,26.07~28.07,29000.0,,,,
영등포구,11560,영등포동1가,202607,오피스텔_전월세,신한헤스티아,영등포동1가,127,18.01,,10500,20,9,22,2016,갱신,26.08~28.08,10000.0,20.0,,,
영등포구,11560,양평동5가,202607,오피스텔_전월세,선유도역 마들렌 오피스텔,양평동5가,24-1,29.41,,1000,90,3,21,2021,갱신,26.09~27.09,1000.0,87.0,,,
영등포구,11560,당산동5가,202607,오피스텔_전월세,당산역해링턴타워,당산동5가,9-3,23.92,,22000,0,8,20,2015,갱신,26.08~28.08,22000.0,,사용,,
영등포구,11560,영등포동2가,202607,오피스텔_전월세,성운힐스,영등포동2가,29-76,19.1,,19000,15,5,20,2021,신규,26.08~28.08,,,,,
영등포구,11560,대림동,202607,오피스텔_전월세,대동빌딩,대림동,706-3,22.81,,10500,2,4,8,2004,신규,26.08~28.08,,,,,
영등포구,11560,영등포동2가,202607,오피스텔_전월세,리오파크 오피스텔,영등포동2가,300-1,28.69,,3000,118,7,21,2022,신규,26.08~28.08,,,,,
영등포구,11560,여의도동,202607,오피스텔_전월세,(주)신한 여의도 드림리버 오피스텔,여의도동,12-3,24.5,,1000,120,15,21,2019,갱신,26.11~28.11,1000.0,120.0,,,
영등포구,11560,당산동5가,202607,오피스텔_전월세,데시앙루브 오피스텔,당산동5가,8,28.24,,22000,0,12,21,2014,갱신,26.08~27.08,23000.0,,사용,,
영등포구,11560,도림동,202607,오피스텔_전월세,에스제이팰리스,도림동,195-5,38.81,,3000,105,7,10,2019,신규,26.08~28.08,,,,,
영등포구,11560,대림동,202607,오피스텔_전월세,한성메르디앙,대림동,629-35,41.76,,1000,75,8,20,2003,신규,26.08~28.08,,,,,
영등포구,11560,영등포동1가,202607,오피스텔_전월세,여의도리슈빌DS,영등포동1가,121-5,21.41,,16200,17,6,20,2020,신규,26.09~28.09,,,,,
영등포구,11560,대림동,202607,오피스텔_전월세,대동빌딩,대림동,706-3,22.81,,10000,7,5,9,2004,신규,26.08~27.08,,,,,
영등포구,11560,대림동,202607,오피스텔_전월세,대동빌딩,대림동,706-3,22.81,,10500,7,9,8,2004,신규,26.08~28.08,,,,,
영등포구,11560,영등포동1가,202607,오피스텔_전월세,(30),영등포동1가,30,12.97,,1000,65,5,3,,신규,26.08~27.08,,,,,
영등포구,11560,문래동6가,202607,오피스텔_전월세,문래투웨니퍼스트,문래동6가,29-1,27.59,,23100,0,17,20,2018,갱신,26.08~27.08,22000.0,,,,
영등포구,11560,영등포동1가,202607,오피스텔_전월세,여의도 포레디움,영등포동1가,107,20.62,,1000,94,15,7,2021,갱신,26.10~27.10,1000.0,89.0,,,
영등포구,11560,당산동6가,202607,오피스텔_전월세,헤세드,당산동6가,237-34,32.79,,31500,0,2,21,2024,갱신,26.08~28.08,30000.0,,,,
영등포구,11560,양평동5가,202607,오피스텔_전월세,큐브스테이트,양평동5가,22-1,28.54,,25000,27,12,21,2018,갱신,26.08~28.08,25000.0,20.0,사용,,
영등포구,11560,영등포동2가,202607,오피스텔_전월세,여의도 미르웰 한올림 2차 오피스텔,영등포동2가,328-11,14.53,,12200,20,12,21,2018,갱신,26.08~28.08,14000.0,10.0,,,
영등포구,11560,영등포동1가,202607,오피스텔_전월세,여의도 포레디움,영등포동1가,107,21.58,,1000,80,12,18,2021,신규,26.07~27.07,,,,,
영등포구,11560,당산동1가,202607,오피스텔_전월세,트러스트,당산동1가,14-6,22.83,,1000,125,8,4,,신규,26.07~28.07,,,,,
영등포구,11560,당산동,202607,오피스텔_전월세,(121-126),당산동,121-126,26.34,,500,55,3,6,1997,신규,26.07~27.07,,,,,
영등포구,11560,영등포동7가,202607,오피스텔_전월세,한가람 더원 201동,영등포동7가,94-101,23.52,,24000,10,9,21,2022,신규,26.08~28.08,,,,,
영등포구,11560,문래동5가,202607,오피스텔_전월세,금강 노블레스,문래동5가,5-3,32.11,,30000,0,4,21,2022,신규,26.08~28.08,,,,,
영등포구,11560,당산동,202607,오피스텔_전월세,여의도 아리스타,당산동,121-61,33.89,,35200,0,10,20,2021,신규,26.08~28.08,,,,,
영등포구,11560,당산동,202607,오피스텔_전월세,노들리안 오피스텔1,당산동,121-141,29.16,,15000,5,3,17,2011,갱신,26.08~27.08,15000.0,5.0,,,
영등포구,11560,양평동2가,202607,오피스텔_전월세,오목교투웨니퍼스트,양평동2가,37-3,28.63,,24800,0,9,10,2017,갱신,26.07~28.07,23700.0,,사용,,
영등포구,11560,당산동,202607,오피스텔_전월세,(121-231),당산동,121-231,18,,1000,70,3,19,2009,신규,26.07~28.07,,,,,
영등포구,11560,당산동,202607,오피스텔_전월세,(121-69),당산동,121-69,13.44,,10000,11,7,20,2011,갱신,26.08~27.08,15000.0,7.0,,,
영등포구,11560,영등포동1가,202607,오피스텔_전월세,여의도 포레디움,영등포동1가,107,22.22,,500,98,6,1,2021,갱신,26.07~27.07,500.0,93.0,,,
영등포구,11560,문래동6가,202607,오피스텔_전월세,문래동 현대홈시티1,문래동6가,1-1,80.56,,5000,158,11,1,2004,갱신,26.08~28.08,5000.0,150.0,사용,,
영등포구,11560,양평동5가,202607,오피스텔_전월세,큐브스테이트,양평동5가,22-1,31.68,,27900,20,12,20,2018,갱신,26.10~28.10,27900.0,14.0,,,
영등포구,11560,문래동6가,202607,오피스텔_전월세,문래동 현대홈시티1,문래동6가,1-1,72.42,,37622,0,15,17,2004,갱신,26.08~28.08,35831.0,,사용,,
영등포구,11560,당산동,202607,오피스텔_전월세,가온빌,당산동,121-289,21.4,,3700,52,9,11,2016,갱신,26.08~27.08,4000.0,48.0,,,
영등포구,11560,영등포동1가,202607,오피스텔_전월세,여의도리슈빌DS,영등포동1가,121-5,21.41,,16000,33,12,9,2020,신규,26.09~28.09,,,,,
영등포구,11560,문래동6가,202607,오피스텔_전월세,문래동 대우 이안,문래동6가,26,56.1,,22200,13,9,21,2004,갱신,26.07~27.07,22200.0,9.0,,,
영등포구,11560,영등포동2가,202607,오피스텔_전월세,여의도 미르웰 한올림 2차 오피스텔,영등포동2가,328-11,14.53,,12000,12,8,20,2018,신규,26.08~28.08,,,,,
영등포구,11560,당산동5가,202607,오피스텔_전월세,당산 삼성쉐르빌,당산동5가,9-2,28.4,,18000,20,5,21,2013,신규,26.08~28.08,,,,,
영등포구,11560,양평동5가,202607,오피스텔_전월세,브릴리언트 선유,양평동5가,71-2,29,,29750,0,5,20,2020,신규,26.10~28.10,,,,,
영등포구,11560,영등포동6가,202607,오피스텔_전월세,양우화인텔,영등포동6가,3-2,21.7,,9500,0,8,11,1999,신규,26.08~28.08,,,,,
영등포구,11560,도림동,202607,오피스텔_전월세,도림동  디에이원파크,도림동,229-2,58.03,,45150,0,5,20,2024,갱신,26.09~28.11,43000.0,,,,
영등포구,11560,당산동3가,202607,오피스텔_전월세,리앤나빌리지,당산동3가,80-1,22.85,,1000,65,4,10,2004,갱신,26.08~27.08,1000.0,60.0,,,
영등포구,11560,신길동,202607,오피스텔_전월세,한울빌딩,신길동,160-37,45.58,,3000,92,10,11,2021,신규,26.08~27.08,,,,,
영등포구,11560,신길동,202607,오피스텔_전월세,한울빌딩,신길동,160-37,45.58,,29000,0,4,5,2021,갱신,26.07~27.07,29000.0,,사용,,
영등포구,11560,영등포동6가,202607,오피스텔_전월세,케이디타워,영등포동6가,127-11,28.84,,27300,0,8,20,2023,신규,26.08~28.08,,,,,
영등포구,11560,양평동5가,202607,오피스텔_전월세,에듀시티에비앙,양평동5가,51,28.6,,27320,0,4,20,2017,갱신,26.07~28.07,26020.0,,,,
영등포구,11560,여의도동,202607,오피스텔_전월세,KCC파크타운,여의도동,13-22,26.98,,1000,90,9,6,2005,신규,26.07~26.12,,,,,
영등포구,11560,당산동6가,202607,오피스텔_전월세,써미트빌,당산동6가,237-5,21.46,,3000,40,6,6,2003,신규,26.07~27.07,,,,,
영등포구,11560,당산동6가,202607,오피스텔_전월세,소윤스타빌,당산동6가,349-1,29.19,,30000,25,9,16,2020,신규,26.10~28.10,,,,,
영등포구,11560,당산동,202607,오피스텔_전월세,신성월드오피스텔,당산동,121-112,22.94,,1000,71,3,10,1998,신규,26.07~27.07,,,,,
영등포구,11560,도림동,202607,오피스텔_전월세,쌍용플래티넘시티2단지,도림동,269-1,62.34,,3000,135,6,20,2006,신규,26.09~28.09,,,,,
영등포구,11560,영등포동8가,202607,오피스텔_전월세,당산역 리버리치 오피스텔,영등포동8가,86,39.98,,30000,70,14,20,2016,신규,26.08~28.08,,,,,
영등포구,11560,영등포동2가,202607,오피스텔_전월세,여의도 리브하임,영등포동2가,94-116,19.02,,19980,5,4,20,2022,갱신,26.08~28.08,19980.0,5.0,사용,,
영등포구,11560,문래동3가,202607,오피스텔_전월세,스테이트 디 어반문래,문래동3가,82-16,17.05,,5500,110,5,10,2022,갱신,26.08~27.08,5500.0,110.0,,,
영등포구,11560,당산동3가,202607,오피스텔_전월세,리앤나빌리지,당산동3가,80-1,30.85,,1000,80,2,1,2004,신규,26.07~27.07,,,,,
영등포구,11560,영등포동2가,202607,오피스텔_전월세,여의도 해피트리,영등포동2가,330,16.7,,3000,91,3,10,2024,갱신,26.08~27.08,3000.0,87.0,,,
영등포구,11560,문래동6가,202607,오피스텔_전월세,문래동 대우 이안,문래동6가,26,65.54,,37044,0,8,17,2004,갱신,26.08~28.08,35280.0,,사용,,
영등포구,11560,신길동,202607,오피스텔_전월세,엔-씨티오피스텔,신길동,59-2,23.01,,1000,55,6,6,2000,신규,26.07~27.07,,,,,
영등포구,11560,영등포동2가,202607,오피스텔_전월세,성운힐스,영등포동2가,29-76,17.99,,3000,80,6,14,2021,신규,26.07~27.07,,,,,
영등포구,11560,영등포동1가,202607,오피스텔_전월세,여의도 노블루체91,영등포동1가,110-6,21.07,,1000,125,10,13,2021,갱신,26.09~27.03,1000.0,120.0,,,
영등포구,11560,영등포동2가,202607,오피스텔_전월세,여의도 리브하임,영등포동2가,94-116,19.02,,10000,52,3,1,2022,갱신,26.07~27.07,10000.0,40.0,,,
영등포구,11560,영등포동2가,202607,오피스텔_전월세,파스텔하임,영등포동2가,29-74,37.87,,5500,140,7,18,2025,갱신,26.10~27.10,5500.0,135.0,,,
영등포구,11560,영등포동2가,202607,오피스텔_전월세,여의도 미르웰 한올림 2차 오피스텔,영등포동2가,328-11,14.53,,1000,80,7,18,2018,신규,26.08~27.08,,,,,
영등포구,11560,영등포동7가,202607,오피스텔_전월세,한가람 더원 103동,영등포동7가,29-112,22.89,,24300,0,7,20,2020,신규,26.09~28.09,,,,,
영등포구,11560,영등포동3가,202607,오피스텔_전월세,제이캐슬,영등포동3가,16-1,19.7,,18500,0,11,20,2023,갱신,26.09~28.09,18300.0,,,,
영등포구,11560,문래동5가,202607,오피스텔_전월세,명지 페르마타,문래동5가,23-4,25.93,,11000,13,4,1,2004,신규,26.08~28.08,,,,,
영등포구,11560,당산동6가,202607,오피스텔_전월세,스타빌,당산동6가,337-4,25.58,,1000,83,5,11,2014,갱신,26.07~27.07,1000.0,82.0,,,
영등포구,11560,영등포동7가,202607,오피스텔_전월세,여의도 웨스턴 힐 오피스텔,영등포동7가,104-5,17.38,,19000,4,8,20,2022,신규,26.08~28.08,,,,,
영등포구,11560,영등포동7가,202607,오피스텔_전월세,한가람 더원 103동,영등포동7가,29-112,24.76,,24000,0,8,16,2020,신규,26.08~28.08,,,,,
영등포구,11560,당산동3가,202607,오피스텔_전월세,해라톤,당산동3가,395-12,24.99,,28600,0,2,16,2020,갱신,26.11~28.11,27300.0,,사용,,
영등포구,11560,영등포동7가,202607,오피스텔_전월세,여의도 웨스턴 힐 오피스텔,영등포동7가,104-5,17.38,,22500,0,11,8,2022,갱신,26.09~28.09,22500.0,,사용,,
영등포구,11560,영등포동4가,202607,오피스텔_전월세,영등포 센트럴 푸르지오 시티,영등포동4가,443,29.75,,22000,0,16,13,2013,갱신,26.08~28.08,22000.0,,,,
영등포구,11560,도림동,202607,오피스텔_전월세,쌍용플래티넘시티1단지,도림동,820,62.88,,10000,135,9,11,2006,신규,26.09~28.09,,,,,
영등포구,11560,당산동5가,202607,오피스텔_전월세,데시앙루브 오피스텔,당산동5가,8,24.97,,3000,85,15,17,2014,신규,26.07~27.07,,,,,
영등포구,11560,양평동2가,202607,오피스텔_전월세,CO-OP Residence/오목교,양평동2가,43-14,16.98,,500,47,4,14,2004,신규,26.07~27.07,,,,,
영등포구,11560,도림동,202607,오피스텔_전월세,쌍용플래티넘시티1단지,도림동,820,93.57,,40000,60,13,18,2006,갱신,26.08~28.08,40000.0,50.0,,,
영등포구,11560,당산동4가,202607,오피스텔_전월세,(32-153),당산동4가,32-153,26.65,,9900,0,4,18,1998,신규,26.10~28.10,,,,,
영등포구,11560,양평동2가,202607,오피스텔_전월세,스카이시티,양평동2가,22-1,18.18,,10800,0,3,17,2014,신규,26.09~28.09,,,,,
영등포구,11560,문래동3가,202607,오피스텔_전월세,영등포 SK 리더스뷰,문래동3가,55-16,138.28,,30000,215,13,15,2007,갱신,26.09~28.09,30000.0,215.0,사용,,
영등포구,11560,여의도동,202607,오피스텔_전월세,(주)신한 여의도 드림리버 오피스텔,여의도동,12-3,24.5,,21000,0,10,17,2019,신규,26.08~27.08,,,,,
영등포구,11560,당산동3가,202607,오피스텔_전월세,THE PARK 365,당산동3가,558-3,62.81,,41000,50,13,18,2007,신규,26.09~28.09,,,,,
영등포구,11560,영등포동4가,202607,오피스텔_전월세,HIGHEND 63st,영등포동4가,55,39.73,,48000,0,13,18,2023,신규,26.09~28.09,,,,,
영등포구,11560,문래동6가,202607,오피스텔_전월세,문래동 대우 이안,문래동6가,26,56.1,,41000,0,8,17,2004,갱신,26.09~28.09,38000.0,,,,
영등포구,11560,문래동3가,202607,오피스텔_전월세,스테이트 디 어반문래,문래동3가,82-16,18.7,,5500,80,2,11,2022,신규,26.07~28.07,,,,,
영등포구,11560,여의도동,202607,오피스텔_전월세,나라키움여의도빌딩,여의도동,55-2,22.89,,1030,94,16,14,2018,신규,26.07~28.07,,,,,
영등포구,11560,여의도동,202607,오피스텔_전월세,나라키움여의도빌딩,여의도동,55-2,41.22,,2000,161,8,13,2018,신규,26.07~28.07,,,,,
영등포구,11560,신길동,202607,오피스텔_전월세,JS타워,신길동,236,29.5,,1000,130,12,14,2024,신규,26.07~27.07,,,,,
영등포구,11560,영등포동2가,202607,오피스텔_전월세,(94-126),영등포동2가,94-126,18.48,,12000,35,4,16,2016,신규,26.08~28.08,,,,,
영등포구,11560,당산동3가,202607,오피스텔_전월세,당산동 디벨리움,당산동3가,6-3,25.64,,10000,56,10,16,2019,갱신,26.07~27.07,10000.0,56.0,,,
영등포구,11560,도림동,202607,오피스텔_전월세,도림동  디에이원파크,도림동,229-2,29.47,,31500,0,4,16,2024,신규,26.09~28.09,,,,,
영등포구,11560,영등포동3가,202607,오피스텔_전월세,영등포 점프밀라노,영등포동3가,7,30.81,,15000,20,11,16,2005,신규,26.08~28.08,,,,,
영등포구,11560,당산동5가,202607,오피스텔_전월세,당산역해링턴타워,당산동5가,9-3,23.59,,18900,20,9,16,2015,신규,26.08~27.08,,,,,
영등포구,11560,당산동5가,202607,오피스텔_전월세,당산역 한강포스빌,당산동5가,33-1,27.82,,1000,80,14,10,2005,신규,26.07~27.07,,,,,
영등포구,11560,영등포동8가,202607,오피스텔_전월세,한양아이클래스 오피스텔,영등포동8가,42-1,19.86,,3000,70,4,1,2014,신규,26.07~27.07,,,,,
영등포구,11560,영등포동1가,202607,오피스텔_전월세,폴라리스오피스텔,영등포동1가,27-1,20.14,,12000,23,9,3,2003,신규,26.08~28.08,,,,,
영등포구,11560,당산동5가,202607,오피스텔_전월세,데시앙루브 오피스텔,당산동5가,8,28.24,,1000,105,14,11,2014,신규,26.08~27.08,,,,,
영등포구,11560,영등포동7가,202607,오피스텔_전월세,토방트윈빌(A),영등포동7가,94-189,23.49,,500,55,2,3,2002,신규,26.07~27.07,,,,,
영등포구,11560,영등포동2가,202607,오피스텔_전월세,여의도 더 자하,영등포동2가,28-133,17.84,,30000,25,14,14,2025,갱신,26.10~28.10,30000.0,20.0,,,
영등포구,11560,양평동5가,202607,오피스텔_전월세,큐브스테이트,양평동5가,22-1,31.68,,27900,16,3,15,2018,갱신,26.09~28.09,27900.0,10.0,,,
영등포구,11560,영등포동7가,202607,오피스텔_전월세,포레비떼,영등포동7가,29-126,26.54,,12000,35,7,10,2003,신규,26.08~28.08,,,,,
영등포구,11560,여의도동,202607,오피스텔_전월세,(주)신한 여의도 드림리버 오피스텔,여의도동,12-3,24.5,,23600,20,4,13,2019,갱신,26.07~28.07,23600.0,15.0,,,
영등포구,11560,당산동,202607,오피스텔_전월세,(121-168),당산동,121-168,17.13,,1000,55,6,9,2012,신규,26.07~27.07,,,,,
영등포구,11560,문래동3가,202607,오피스텔_전월세,문래동메가트리움,문래동3가,55-4,99.44,,5000,210,5,15,2004,갱신,26.07~28.07,5000.0,190.0,,,
영등포구,11560,당산동,202607,오피스텔_전월세,(121-168),당산동,121-168,16.75,,3000,36,2,14,2012,갱신,26.07~28.07,3000.0,34.0,사용,,
영등포구,11560,영등포동7가,202607,오피스텔_전월세,(94-186),영등포동7가,94-186,25.45,,11550,29,3,8,2003,신규,26.08~28.08,,,,,
영등포구,11560,영등포동1가,202607,오피스텔_전월세,여의도센터,영등포동1가,117-1,21.17,,13000,29,3,9,2019,신규,26.08~28.08,,,,,
영등포구,11560,영등포동3가,202607,오피스텔_전월세,WD스퀘어,영등포동3가,20,16.72,,1000,69,10,1,2020,갱신,26.08~27.07,1000.0,66.0,,,
영등포구,11560,영등포동7가,202607,오피스텔_전월세,여의도시티뷰,영등포동7가,29-53,50.88,,28000,5,5,13,2017,갱신,26.09~28.09,28000.0,,사용,,
영등포구,11560,도림동,202607,오피스텔_전월세,쌍용플래티넘시티1단지,도림동,820,86.54,,54000,0,4,15,2006,신규,26.07~28.07,,,,,
영등포구,11560,문래동3가,202607,오피스텔_전월세,영등포 SK 리더스뷰,문래동3가,55-16,138.28,,73200,48,14,15,2007,갱신,26.10~28.10,70000.0,48.0,사용,,
영등포구,11560,여의도동,202607,오피스텔_전월세,힐스테이트 여의도 파인루체,여의도동,44-5,46.94,,7000,150,4,15,2023,신규,26.07~28.07,,,,,
영등포구,11560,양평동4가,202607,오피스텔_전월세,르네상스 한강 오피스텔,양평동4가,281,23.4,,1000,85,10,4,2004,신규,26.07~28.07,,,,,
영등포구,11560,당산동6가,202607,오피스텔_전월세,헤세드,당산동6가,237-34,35.69,,2000,175,5,7,2024,신규,26.07~27.07,,,,,
영등포구,11560,당산동2가,202607,오피스텔_전월세,씨티타워,당산동2가,11-2,20.69,,9720,0,4,15,2003,갱신,26.08~28.08,9260.0,,,,
영등포구,11560,영등포동2가,202607,오피스텔_전월세,글로벌MJ10,영등포동2가,164,28.53,,35000,0,8,14,2024,신규,26.09~28.09,,,,,
영등포구,11560,당산동1가,202607,오피스텔_전월세,나비드,당산동1가,185-9,29.95,,33000,0,2,15,2023,신규,26.08~28.08,,,,,
영등포구,11560,도림동,202607,오피스텔_전월세,도림동  디에이원파크,도림동,229-2,58.03,,45000,0,6,15,2024,갱신,26.08~28.08,43000.0,,,,
영등포구,11560,영등포동2가,202607,오피스텔_전월세,여의도 해링턴타워 196,영등포동2가,175,18.1,,1000,83,7,5,2022,신규,26.07~27.07,,,,,
영등포구,11560,당산동2가,202607,오피스텔_전월세,씨티타워,당산동2가,11-2,20.69,,9100,0,4,6,2003,갱신,26.07~28.07,9100.0,,사용,,
영등포구,11560,영등포동2가,202607,오피스텔_전월세,여의도 디앤써밋,영등포동2가,94-154,27.98,,3000,120,12,15,2019,갱신,26.09~28.09,3000.0,115.0,사용,,
영등포구,11560,영등포동2가,202607,오피스텔_전월세,여의도 리브하임,영등포동2가,94-116,19.48,,19800,6,6,15,2022,신규,26.08~28.08,,,,,
영등포구,11560,당산동6가,202607,오피스텔_전월세,당산리버빌,당산동6가,347-6,25.03,,18000,50,4,14,2022,신규,26.08~28.08,,,,,
영등포구,11560,당산동,202607,오피스텔_전월세,가온빌,당산동,121-289,21.4,,12200,7,3,7,2016,갱신,26.08~28.08,13400.0,,,,
영등포구,11560,영등포동7가,202607,오피스텔_전월세,은석오피스텔,영등포동7가,94-57,18.81,,11400,10,3,11,2010,신규,26.08~28.08,,,,,
영등포구,11560,여의도동,202607,오피스텔_전월세,브라이튼 여의도,여의도동,525,44.54,,75000,0,4,9,2023,신규,26.08~28.08,,,,,
영등포구,11560,영등포동7가,202607,오피스텔_전월세,포레나 영등포 센트럴,영등포동7가,208,18.3,,1000,80,23,3,2020,갱신,26.09~28.09,1000.0,77.0,사용,,
영등포구,11560,영등포동4가,202607,오피스텔_전월세,HIGHEND 63st,영등포동4가,55,39.73,,5000,200,13,7,2023,갱신,26.07~27.07,5000.0,200.0,사용,,
영등포구,11560,영등포동8가,202607,오피스텔_전월세,프로방스,영등포동8가,47-1,51.52,,34000,0,3,15,2017,갱신,26.08~28.08,33000.0,,,,
영등포구,11560,양평동2가,202607,오피스텔_전월세,디에이원파크,양평동2가,43-11,29.56,,15000,65,3,8,2017,신규,26.08~28.08,,,,,
영등포구,11560,당산동6가,202607,오피스텔_전월세,한강 더채움,당산동6가,280-1,57.69,,30000,130,7,11,2022,신규,26.08~28.08,,,,,
영등포구,11560,영등포동1가,202607,오피스텔_전월세,여의도더리브스타일,영등포동1가,94-2,26.49,,2000,111,20,7,2020,신규,26.08~27.08,,,,,
영등포구,11560,영등포동7가,202607,오피스텔_전월세,포레나 영등포 센트럴,영등포동7가,208,18.3,,1000,80,26,1,2020,갱신,26.07~27.07,1000.0,76.0,사용,,
영등포구,11560,신길동,202607,오피스텔_전월세,라온아토,신길동,116-17,29.67,,1000,150,11,6,,신규,26.08~28.08,,,,,
영등포구,11560,도림동,202607,오피스텔_전월세,도림동  디에이원파크,도림동,229-2,29.47,,31500,0,9,13,2024,갱신,26.09~28.09,30000.0,,,,
영등포구,11560,도림동,202607,오피스텔_전월세,도림동  디에이원파크,도림동,229-2,29.47,,30000,8,11,13,2024,갱신,26.09~28.09,30000.0,,,,
영등포구,11560,양평동6가,202607,오피스텔_전월세,펫앤스테이,양평동6가,8,29.26,,500,100,9,4,2016,신규,26.07~27.07,,,,,
영등포구,11560,신길동,202607,오피스텔_전월세,한울빌딩,신길동,160-37,41.25,,5000,96,9,11,2021,갱신,26.07~27.07,5000.0,91.0,,,
영등포구,11560,신길동,202607,오피스텔_전월세,대우 디오빌 골든뷰 오피스텔,신길동,22-5,28.29,,14800,20,5,11,2004,갱신,26.07~28.07,14800.0,15.0,사용,,
영등포구,11560,양평동5가,202607,오피스텔_전월세,한강프리젠,양평동5가,94,29.96,,25000,30,4,14,,신규,26.09~28.09,,,,,
영등포구,11560,당산동3가,202607,오피스텔_전월세,더하우스,당산동3가,1-7,29.93,,25000,50,8,11,2023,갱신,26.08~28.08,25000.0,50.0,사용,,
영등포구,11560,영등포동8가,202607,오피스텔_전월세,당산역 리버리치 오피스텔,영등포동8가,86,39.98,,3000,133,17,10,2016,갱신,26.07~28.04,3000.0,126.0,,,
영등포구,11560,영등포동7가,202607,오피스텔_전월세,은석오피스텔,영등포동7가,94-57,18.81,,1000,60,5,14,2010,신규,26.07~28.07,,,,,
영등포구,11560,당산동6가,202607,오피스텔_전월세,(236-1),당산동6가,236-1,14.84,,10500,0,3,14,2016,신규,26.08~28.08,,,,,
영등포구,11560,도림동,202607,오피스텔_전월세,쌍용플래티넘시티2단지,도림동,269-1,87.36,,54000,0,14,13,2006,갱신,26.07~28.07,54000.0,,사용,,
영등포구,11560,영등포동6가,202607,오피스텔_전월세,부자빌딩,영등포동6가,22-1,20.49,,17000,0,5,1,2016,갱신,26.07~26.12,17000.0,15.0,,,
영등포구,11560,당산동,202607,오피스텔_전월세,(121-168),당산동,121-168,23.93,,4000,54,3,2,2012,신규,26.07~27.07,,,,,
영등포구,11560,영등포동7가,202607,오피스텔_전월세,포레나 영등포 센트럴,영등포동7가,208,19.31,,1000,83,28,13,2020,신규,26.08~28.07,,,,,
영등포구,11560,양평동6가,202607,오피스텔_전월세,선유도역 더블파크 투웨니퍼스트,양평동6가,94,28.42,,27000,5,12,14,2020,갱신,26.08~28.08,27000.0,,,,
영등포구,11560,양평동5가,202607,오피스텔_전월세,선유도역 마들렌 오피스텔,양평동5가,24-1,25.82,,19000,10,8,14,2021,신규,26.08~28.08,,,,,
영등포구,11560,문래동5가,202607,오피스텔_전월세,명지 페르마타,문래동5가,23-4,25.93,,6000,35,12,11,2004,신규,26.09~28.09,,,,,
영등포구,11560,여의도동,202607,오피스텔_전월세,여의도 the샾 아일랜드 파크,여의도동,17,86.7,,70000,0,13,8,2006,신규,26.07~28.07,,,,,
영등포구,11560,당산동3가,202607,오피스텔_전월세,리앤나빌리지,당산동3가,80-1,22.85,,1000,70,3,11,2004,갱신,26.08~27.08,1000.0,60.0,,,
영등포구,11560,당산동,202607,오피스텔_전월세,한산 오피스텔,당산동,121-44,21.76,,2000,47,13,11,2010,신규,26.07~27.07,,,,,
영등포구,11560,당산동5가,202607,오피스텔_전월세,당산역 한강포스빌,당산동5가,33-1,29.23,,15700,40,9,13,2005,신규,26.08~28.08,,,,,
영등포구,11560,양평동1가,202607,오피스텔_전월세,성운하우징,양평동1가,213-1,18.22,,21000,0,2,13,2020,신규,26.08~28.08,,,,,
영등포구,11560,문래동5가,202607,오피스텔_전월세,명지 페르마타,문래동5가,23-4,25.93,,6000,35,12,11,2004,신규,26.09~28.09,,,,,
영등포구,11560,양평동3가,202607,오피스텔_전월세,더라임,양평동3가,37-3,25.16,,27300,12,5,13,2020,신규,26.07~28.07,,,,,
영등포구,11560,여의도동,202607,오피스텔_전월세,여의도 the샾 아일랜드 파크,여의도동,17,96.06,,93000,0,10,13,2006,신규,26.07~28.07,,,,,
영등포구,11560,영등포동2가,202607,오피스텔_전월세,와이에이치빌리지,영등포동2가,94-319,17.51,,20000,0,7,12,2020,갱신,26.09~28.09,20000.0,,사용,,
영등포구,11560,양평동2가,202607,오피스텔_전월세,CO-OP Residence/오목교,양평동2가,43-14,16.98,,9000,0,6,1,2004,신규,26.07~28.07,,,,,
영등포구,11560,영등포동8가,202607,오피스텔_전월세,레시오 오피스텔,영등포동8가,45-5,26.2,,26700,0,7,14,2021,갱신,26.07~28.07,26200.0,,,,
영등포구,11560,여의도동,202607,오피스텔_전월세,브라이튼 여의도,여의도동,525,59.84,,30000,170,45,10,2023,신규,26.09~28.09,,,,,
영등포구,11560,양평동3가,202607,오피스텔_전월세,양평 브릴리언트,양평동3가,3-1,29.55,,30000,0,7,13,2020,신규,26.08~28.08,,,,,
영등포구,11560,문래동6가,202607,오피스텔_전월세,신일아르디세,문래동6가,29,78.98,,41000,8,3,13,2005,갱신,26.09~28.09,41000.0,,사용,,
영등포구,11560,영등포동2가,202607,오피스텔_전월세,여의도 해피트리,영등포동2가,330,34.17,,10000,121,11,11,2024,신규,26.08~27.08,,,,,
영등포구,11560,당산동3가,202607,오피스텔_전월세,제이스빌,당산동3가,498,18.62,,1000,65,5,4,2002,신규,26.07~28.07,,,,,
영등포구,11560,영등포동1가,202607,오피스텔_전월세,여의도더리브스타일,영등포동1가,94-2,19.36,,18400,10,5,13,2020,신규,26.08~28.08,,,,,
영등포구,11560,당산동3가,202607,오피스텔_전월세,당산M팰리스,당산동3가,512,29.37,,20000,72,11,11,2022,갱신,26.08~28.08,20000.0,65.0,,,
영등포구,11560,영등포동2가,202607,오피스텔_전월세,다보스텔,영등포동2가,328-1,25.55,,3000,110,3,1,2022,신규,26.07~27.07,,,,,
영등포구,11560,영등포동1가,202607,오피스텔_전월세,여의도센터,영등포동1가,117-1,21.53,,13000,17,4,7,2019,갱신,26.08~28.08,12000.0,20.0,,,
영등포구,11560,신길동,202607,오피스텔_전월세,JS타워,신길동,236,29.5,,1000,130,11,8,2024,신규,26.07~27.07,,,,,
영등포구,11560,양평동2가,202607,오피스텔_전월세,우남프르미아 오피스텔,양평동2가,6-1,57.7,,3000,150,6,11,2005,신규,26.09~28.09,,,,,
영등포구,11560,양평동2가,202607,오피스텔_전월세,우남프르미아 오피스텔,양평동2가,6-1,57.7,,3000,150,6,11,2005,신규,26.09~28.09,,,,,
영등포구,11560,양평동2가,202607,오피스텔_전월세,이레오피스텔A,양평동2가,18,33.46,,28000,0,9,10,2018,신규,26.08~28.08,,,,,
영등포구,11560,영등포동6가,202607,오피스텔_전월세,엠케이더유앤미,영등포동6가,49-16,24.99,,23500,0,2,11,2018,신규,26.09~28.09,,,,,
영등포구,11560,양평동3가,202607,오피스텔_전월세,그랜드타워,양평동3가,37-1,21.5,,23300,11,3,8,2020,신규,26.07~28.07,,,,,
영등포구,11560,영등포동2가,202607,오피스텔_전월세,루브르하우스,영등포동2가,284-4,38.95,,22500,10,2,10,2018,신규,26.08~28.08,,,,,
영등포구,11560,당산동,202607,오피스텔_전월세,리오팰리스,당산동,121-81,48.05,,23000,10,5,13,2015,신규,26.08~28.08,,,,,
영등포구,11560,양평동5가,202607,오피스텔_전월세,큐브스테이트,양평동5가,22-1,32.49,,28600,10,11,13,2018,갱신,26.07~28.07,28600.0,7.0,사용,,
영등포구,11560,영등포동1가,202607,오피스텔_전월세,명남더블레스,영등포동1가,121-3,17.63,,18500,0,11,3,2021,신규,26.07~28.07,,,,,
영등포구,11560,양평동2가,202607,오피스텔_전월세,비바체더리버파크,양평동2가,42,24.98,,3000,140,6,6,2024,신규,26.07~27.07,,,,,
영등포구,11560,양평동6가,202607,오피스텔_전월세,선유도역 더블파크 투웨니퍼스트,양평동6가,94,28.42,,15000,60,3,11,2020,갱신,26.09~28.09,25200.0,6.0,사용,,
영등포구,11560,영등포동2가,202607,오피스텔_전월세,여의도 리브하임,영등포동2가,94-116,19.02,,5000,70,10,9,2022,신규,26.08~27.08,,,,,
영등포구,11560,도림동,202607,오피스텔_전월세,도림동  디에이원파크,도림동,229-2,29.47,,30000,5,3,10,2024,갱신,26.09~27.09,30000.0,,,,
영등포구,11560,도림동,202607,오피스텔_전월세,쌍용플래티넘시티2단지,도림동,269-1,47.92,,20000,46,2,11,2006,갱신,26.08~28.08,20000.0,40.0,,,
영등포구,11560,도림동,202607,오피스텔_전월세,도림동  디에이원파크,도림동,229-2,29.47,,35000,0,12,10,2024,신규,26.08~28.08,,,,,
영등포구,11560,양평동5가,202607,오피스텔_전월세,큐브스테이트,양평동5가,22-1,32.49,,28800,15,8,10,2018,신규,26.09~28.09,,,,,
영등포구,11560,도림동,202607,오피스텔_전월세,도림동 하나아파텔(1차),도림동,265-1,45.36,,2000,125,5,11,2003,신규,26.09~28.09,,,,,
영등포구,11560,양평동3가,202607,오피스텔_전월세,양평동 대우이안1,양평동3가,53,94.79,,5000,200,6,10,2005,신규,26.08~27.08,,,,,
영등포구,11560,영등포동7가,202607,오피스텔_전월세,포레나 영등포 센트럴,영등포동7가,208,18.3,,3000,75,25,11,2020,신규,26.07~27.12,,,,,
영등포구,11560,당산동,202607,오피스텔_전월세,태경,당산동,121-60,16.97,,3000,35,3,10,2013,신규,26.07~27.07,,,,,
영등포구,11560,당산동,202607,오피스텔_전월세,여의도 아리스타,당산동,121-61,19.83,,1000,89,15,11,2021,갱신,26.07~27.07,1000.0,85.0,사용,,
영등포구,11560,영등포동3가,202607,오피스텔_전월세,더-위일 신세계,영등포동3가,17-3,17.66,,15550,0,7,9,2020,신규,26.08~28.08,,,,,
영등포구,11560,양평동5가,202607,오피스텔_전월세,큐브스테이트,양평동5가,22-1,28.54,,26000,0,7,10,2018,신규,26.07~28.07,,,,,
영등포구,11560,영등포동3가,202607,오피스텔_전월세,WD스퀘어,영등포동3가,20,16.83,,1000,64,12,1,2020,갱신,26.07~27.07,1000.0,61.0,사용,,
영등포구,11560,당산동5가,202607,오피스텔_전월세,데시앙루브 오피스텔,당산동5가,8,25.67,,18900,18,14,11,2014,신규,26.07~28.07,,,,,
영등포구,11560,여의도동,202607,오피스텔_전월세,민족통일 대통령 리빙텔,여의도동,13-24,31.85,,2000,61,6,10,2003,신규,26.07~27.07,,,,,
영등포구,11560,당산동5가,202607,오피스텔_전월세,당산역해링턴타워,당산동5가,9-3,23.59,,18900,25,16,11,2015,신규,26.07~28.07,,,,,
영등포구,11560,당산동6가,202607,오피스텔_전월세,위너스하임,당산동6가,280-10,38.64,,32000,0,7,10,2017,신규,26.08~28.08,,,,,
영등포구,11560,영등포동3가,202607,오피스텔_전월세,WD스퀘어,영등포동3가,20,16.83,,10000,40,3,11,2020,신규,26.07~28.07,,,,,
영등포구,11560,영등포동7가,202607,오피스텔_전월세,미진오피스텔,영등포동7가,94-50,23.36,,9000,25,4,10,2019,갱신,26.08~28.08,9000.0,23.0,,,
영등포구,11560,영등포동7가,202607,오피스텔_전월세,블리스 다임빌,영등포동7가,91-2,22.12,,13000,70,7,11,2018,신규,26.08~28.08,,,,,
영등포구,11560,도림동,202607,오피스텔_전월세,타원벨라움,도림동,266-2,35.78,,1000,80,6,11,2004,갱신,26.08~27.08,1000.0,70.0,,,
영등포구,11560,영등포동1가,202607,오피스텔_전월세,여의도광장,영등포동1가,26-1,16.32,,15500,10,11,10,2020,신규,26.08~28.08,,,,,
영등포구,11560,문래동6가,202607,오피스텔_전월세,문래동 대우 이안,문래동6가,26,56.1,,38000,0,2,10,2004,신규,26.08~28.08,,,,,
영등포구,11560,문래동6가,202607,오피스텔_전월세,문래임광그대가,문래동6가,8,85.26,,15000,130,14,11,2005,신규,26.08~28.08,,,,,
영등포구,11560,당산동6가,202607,오피스텔_전월세,위너스하임,당산동6가,280-10,36.04,,28300,0,4,11,2017,신규,26.09~28.09,,,,,
영등포구,11560,양평동2가,202607,오피스텔_전월세,오목교투웨니퍼스트,양평동2가,37-3,28.63,,23600,4,3,9,2017,갱신,26.08~28.08,23600.0,,,,
영등포구,11560,영등포동4가,202607,오피스텔_전월세,영등포 대성 그랑그루,영등포동4가,103,16.69,,9000,20,3,10,2012,갱신,26.08~28.08,9000.0,20.0,,,
영등포구,11560,도림동,202607,오피스텔_전월세,도림동 하나아파텔(1차),도림동,265-1,30.24,,4000,70,11,10,2003,신규,26.08~28.08,,,,,
영등포구,11560,당산동6가,202607,오피스텔_전월세,써미트빌,당산동6가,237-5,21.46,,3000,40,5,10,2003,신규,26.07~27.07,,,,,
영등포구,11560,영등포동4가,202607,오피스텔_전월세,영등포 대성 그랑그루,영등포동4가,103,16.69,,9000,20,3,10,2012,갱신,26.08~28.08,9000.0,20.0,,,
영등포구,11560,양평동2가,202607,오피스텔_전월세,오목교투웨니퍼스트,양평동2가,37-3,28.63,,2000,130,12,7,2017,신규,26.07~27.07,,,,,
영등포구,11560,당산동5가,202607,오피스텔_전월세,데시앙루브 오피스텔,당산동5가,8,28.24,,11000,43,8,1,2014,신규,26.07~28.07,,,,,
영등포구,11560,여의도동,202607,오피스텔_전월세,여의도 플렉시움 오피스텔,여의도동,13-16,28.01,,1000,80,2,4,2003,신규,26.07~27.07,,,,,
영등포구,11560,신길동,202607,오피스텔_전월세,여의도M타워,신길동,65-31,19.51,,1000,85,8,10,2019,신규,26.08~27.07,,,,,
영등포구,11560,양평동2가,202607,오피스텔_전월세,어반스테이,양평동2가,22-7,32.01,,3000,140,7,10,2020,신규,26.07~27.01,,,,,
영등포구,11560,영등포동1가,202607,오피스텔_전월세,여의도 포레디움,영등포동1가,107,20.62,,21000,0,6,1,2021,신규,26.08~28.08,,,,,
영등포구,11560,양평동2가,202607,오피스텔_전월세,비바체더리버파크,양평동2가,42,27.22,,2000,145,7,9,2024,신규,26.08~27.08,,,,,
영등포구,11560,당산동3가,202607,오피스텔_전월세,당산파크뷰,당산동3가,398-1,17.42,,20000,20,3,10,2022,신규,26.08~28.08,,,,,
영등포구,11560,영등포동4가,202607,오피스텔_전월세,영등포 대성 그랑그루,영등포동4가,103,16.69,,9000,20,3,10,2012,갱신,26.08~28.08,9000.0,20.0,,,
영등포구,11560,영등포동1가,202607,오피스텔_전월세,신한헤스티아,영등포동1가,127,29.97,,20000,20,11,3,2016,신규,26.07~28.07,,,,,
영등포구,11560,영등포동1가,202607,오피스텔_전월세,여의도 포레디움,영등포동1가,107,21.58,,22000,4,12,4,2021,갱신,26.08~28.08,22000.0,,사용,,
영등포구,11560,영등포동7가,202607,오피스텔_전월세,토방트윈빌(A),영등포동7가,94-189,23.49,,1000,58,7,6,2002,신규,26.07~27.07,,,,,
영등포구,11560,당산동5가,202607,오피스텔_전월세,당산역해링턴타워,당산동5가,9-3,26.56,,1000,100,7,2,2015,신규,26.07~27.07,,,,,
영등포구,11560,양평동2가,202607,오피스텔_전월세,오목교투웨니퍼스트,양평동2가,37-3,28.63,,25000,20,9,9,2017,신규,26.08~28.08,,,,,
영등포구,11560,영등포동1가,202607,오피스텔_전월세,소미여의도골드라인,영등포동1가,118,21.08,,21900,0,8,10,2020,신규,26.08~28.08,,,,,
영등포구,11560,당산동3가,202607,오피스텔_전월세,당산동 디벨리움,당산동3가,6-3,26.01,,26100,30,4,9,2019,신규,26.09~28.09,,,,,
영등포구,11560,영등포동7가,202607,오피스텔_전월세,청호오피스텔,영등포동7가,94-187,16.53,,9100,15,3,8,2008,신규,26.08~28.08,,,,,
영등포구,11560,영등포동1가,202607,오피스텔_전월세,여의도더리브스타일,영등포동1가,94-2,19.36,,18000,12,10,9,2020,갱신,26.08~28.08,18000.0,8.0,,,
영등포구,11560,당산동3가,202607,오피스텔_전월세,당산동 디벨리움,당산동3가,6-3,26.01,,26100,20,9,9,2019,신규,26.08~28.08,,,,,
영등포구,11560,양평동4가,202607,오피스텔_전월세,URBAN52,양평동4가,1-9,29.65,,37000,0,10,3,2021,신규,26.08~28.08,,,,,
영등포구,11560,양평동6가,202607,오피스텔_전월세,선유도역 더블파크 투웨니퍼스트,양평동6가,94,28.42,,26640,22,14,7,2020,갱신,26.09~28.09,26640.0,17.0,사용,,
영등포구,11560,영등포동7가,202607,오피스텔_전월세,영등포 리버텔,영등포동7가,94-64,27.75,,1000,65,7,7,2004,신규,26.07~27.07,,,,,
영등포구,11560,도림동,202607,오피스텔_전월세,도림동  디에이원파크,도림동,229-2,29.47,,30000,0,2,7,2024,갱신,26.09~28.09,30000.0,,,,
영등포구,11560,양평동6가,202607,오피스텔_전월세,선유도역 더블파크 투웨니퍼스트,양평동6가,94,28.42,,27360,5,11,7,2020,갱신,26.07~28.07,27540.0,,,,
영등포구,11560,양평동2가,202607,오피스텔_전월세,오목교투웨니퍼스트,양평동2가,37-3,28.63,,26000,0,10,9,2017,갱신,26.07~28.07,25300.0,,사용,,
영등포구,11560,문래동3가,202607,오피스텔_전월세,(82-17),문래동3가,82-17,32.92,,31000,0,7,9,2018,신규,26.07~28.07,,,,,
영등포구,11560,도림동,202607,오피스텔_전월세,도림동  디에이원파크,도림동,229-2,58.03,,45150,0,2,8,2024,갱신,26.09~28.09,43000.0,,,,
영등포구,11560,양평동6가,202607,오피스텔_전월세,정현파라베나,양평동6가,2-2,19.05,,25000,0,5,9,2021,신규,26.08~28.08,,,,,
영등포구,11560,영등포동8가,202607,오피스텔_전월세,메이준,영등포동8가,51-1,14.21,,300,60,4,8,2012,신규,26.07~26.12,,,,,
영등포구,11560,도림동,202607,오피스텔_전월세,도림동  디에이원파크,도림동,229-2,29.48,,30000,5,2,8,2024,갱신,26.09~28.09,30000.0,,,,
영등포구,11560,당산동6가,202607,오피스텔_전월세,강변리치빌Ⅱ,당산동6가,216-1,19.6,,3000,55,7,8,2015,신규,26.07~28.07,,,,,
영등포구,11560,영등포동2가,202607,오피스텔_전월세,라센트라,영등포동2가,256,27.59,,26500,0,4,8,2021,신규,26.08~28.08,,,,,
영등포구,11560,영등포동2가,202607,오피스텔_전월세,여의도 미르웰 한올림 2차 오피스텔,영등포동2가,328-11,14.53,,1000,77,9,7,2018,신규,26.08~27.08,,,,,
영등포구,11560,신길동,202607,오피스텔_전월세,대우 디오빌 골든뷰 오피스텔,신길동,22-5,28.29,,2000,100,13,4,2004,신규,26.08~27.11,,,,,
영등포구,11560,영등포동2가,202607,오피스텔_전월세,아크로타워,영등포동2가,29-71,15.81,,7667,0,3,8,2010,신규,26.07~28.07,,,,,
영등포구,11560,영등포동2가,202607,오피스텔_전월세,여의도 더 자하,영등포동2가,28-133,23.17,,43000,0,17,8,2025,신규,26.08~28.08,,,,,
영등포구,11560,영등포동1가,202607,오피스텔_전월세,SJ팰리스,영등포동1가,79-2,35.03,,2000,100,4,3,2017,신규,26.08~27.08,,,,,
영등포구,11560,여의도동,202607,오피스텔_전월세,브라이튼 여의도,여의도동,525,29.87,,52500,0,35,8,2023,갱신,26.09~28.09,50000.0,,사용,,
영등포구,11560,양평동3가,202607,오피스텔_전월세,더라임,양평동3가,37-3,21.88,,23800,11,5,1,2020,신규,26.09~28.09,,,,,
영등포구,11560,영등포동8가,202607,오피스텔_전월세,리마크빌 영등포,영등포동8가,35-1,25.34,,1000,78,15,2,2016,신규,26.07~27.07,,,,,
영등포구,11560,문래동3가,202607,오피스텔_전월세,디 아인스,문래동3가,82-10,34.9,,22000,0,2,2,2016,갱신,26.08~28.08,22000.0,,,,
영등포구,11560,당산동6가,202607,오피스텔_전월세,강변리치빌,당산동6가,233-1,23.68,,17000,0,6,8,2014,신규,26.08~28.07,,,,,
영등포구,11560,당산동1가,202607,오피스텔_전월세,펠리스 빌,당산동1가,255-21,26.3,,22050,9,2,7,2017,갱신,26.08~28.08,22050.0,5.0,,,
영등포구,11560,영등포동7가,202607,오피스텔_전월세,미진오피스텔,영등포동7가,94-50,47.96,,5000,95,3,7,2019,신규,26.08~27.08,,,,,
영등포구,11560,영등포동1가,202607,오피스텔_전월세,파크빌,영등포동1가,31-6,18.1,,1000,71,8,7,2019,신규,26.07~27.07,,,,,
영등포구,11560,영등포동7가,202607,오피스텔_전월세,영등포 리버텔,영등포동7가,94-64,27.75,,5000,50,12,3,2004,신규,26.07~27.07,,,,,
영등포구,11560,문래동6가,202607,오피스텔_전월세,문래동 대우 이안,문래동6가,26,56.1,,39000,0,9,7,2004,갱신,26.08~28.08,40000.0,,,,
영등포구,11560,영등포동7가,202607,오피스텔_전월세,한가람 더원,영등포동7가,94-328,25.55,,21600,15,11,2,2020,갱신,26.07~28.07,21600.0,15.0,사용,,
영등포구,11560,당산동,202607,오피스텔_전월세,여의나루더명남더블레스,당산동,121-72,36.39,,26100,20,4,6,2019,갱신,26.11~28.11,26100.0,17.0,사용,,
영등포구,11560,당산동1가,202607,오피스텔_전월세,나비드,당산동1가,185-9,29.95,,33000,0,2,7,2023,신규,26.08~28.08,,,,,
영등포구,11560,양평동6가,202607,오피스텔_전월세,선유도역 더블파크 투웨니퍼스트,양평동6가,94,28.42,,27300,11,9,7,2020,갱신,26.09~28.09,27300.0,6.0,,,
영등포구,11560,영등포동7가,202607,오피스텔_전월세,한가람 더원,영등포동7가,94-328,23.43,,23000,10,10,6,2020,신규,26.08~28.08,,,,,
영등포구,11560,신길동,202607,오피스텔_전월세,콘펠리체,신길동,449-20,16.82,,16000,15,7,7,,갱신,26.08~28.08,16380.0,13.0,사용,,
영등포구,11560,대림동,202607,오피스텔_전월세,신대림자이,대림동,1122,60.28,,3000,125,16,4,2007,갱신,26.07~27.07,3000.0,118.0,,,
영등포구,11560,영등포동2가,202607,오피스텔_전월세,여의도 미르웰 한올림 2차 오피스텔,영등포동2가,328-11,14.53,,12200,16,5,6,2018,신규,26.08~28.08,,,,,
영등포구,11560,당산동1가,202607,오피스텔_전월세,에버그린스타,당산동1가,188-3,47.29,,38200,0,3,3,2022,신규,26.08~28.08,,,,,
영등포구,11560,영등포동8가,202607,오피스텔_전월세,신현빌,영등포동8가,59-2,18.11,,19000,40,6,2,2023,신규,26.08~28.08,,,,,
영등포구,11560,문래동6가,202607,오피스텔_전월세,문래크라운팰리스,문래동6가,34-1,28.17,,25000,0,5,7,2018,신규,26.08~28.08,,,,,
영등포구,11560,대림동,202607,오피스텔_전월세,G밸리소홈,대림동,1101-7,20.21,,1000,68,4,7,2018,신규,26.08~27.08,,,,,
영등포구,11560,영등포동2가,202607,오피스텔_전월세,오스본 오피스텔,영등포동2가,28-153,29.7,,5000,55,2,7,2005,신규,26.08~28.08,,,,,
영등포구,11560,영등포동3가,202607,오피스텔_전월세,제이디에스,영등포동3가,5-8,18.61,,16000,15,14,7,2021,갱신,26.08~28.08,16000.0,12.0,,,
영등포구,11560,문래동5가,202607,오피스텔_전월세,명지 페르마타,문래동5가,23-4,25.93,,10570,15,5,7,2004,신규,26.08~28.08,,,,,
영등포구,11560,여의도동,202607,오피스텔_전월세,민족통일 대통령 리빙텔,여의도동,13-24,31.85,,17400,0,4,1,2003,갱신,26.08~28.08,16700.0,,,,
영등포구,11560,영등포동7가,202607,오피스텔_전월세,휴젠느,영등포동7가,94-99,42.61,,3000,130,6,7,2018,갱신,26.10~27.10,3000.0,100.0,,,
영등포구,11560,영등포동1가,202607,오피스텔_전월세,여의도더리브스타일,영등포동1가,94-2,19.36,,18400,10,5,7,2020,신규,26.08~28.08,,,,,
영등포구,11560,문래동6가,202607,오피스텔_전월세,문래동 현대홈시티2,문래동6가,2-2,58.19,,2000,126,5,3,2004,갱신,26.09~28.09,2000.0,120.0,사용,,
영등포구,11560,영등포동7가,202607,오피스텔_전월세,한가람 더원 201동,영등포동7가,94-101,24.97,,22000,25,3,7,2022,갱신,26.07~27.07,22000.0,20.0,,,
영등포구,11560,당산동3가,202607,오피스텔_전월세,더하우스,당산동3가,1-7,39.67,,45000,0,2,7,2023,신규,26.07~28.07,,,,,
영등포구,11560,신길동,202607,오피스텔_전월세,디에이원파크,신길동,101-13,30.69,,30000,7,9,7,2020,신규,26.08~28.08,,,,,
영등포구,11560,도림동,202607,오피스텔_전월세,도림동  디에이원파크,도림동,229-2,58.03,,44700,0,4,6,2024,갱신,26.09~28.09,43000.0,,,,
영등포구,11560,양평동6가,202607,오피스텔_전월세,정현파라베나,양평동6가,2-2,28.29,,30000,5,10,7,2021,신규,26.08~28.08,,,,,
영등포구,11560,신길동,202607,오피스텔_전월세,JS타워,신길동,236,29.5,,2000,120,11,2,2024,신규,26.07~27.07,,,,,
영등포구,11560,당산동5가,202607,오피스텔_전월세,당산역해링턴타워,당산동5가,9-3,23.92,,20000,10,18,6,2015,갱신,26.08~28.08,20000.0,10.0,,,
영등포구,11560,영등포동1가,202607,오피스텔_전월세,여의도스퀘어,영등포동1가,99,22.44,,16500,0,5,4,2019,신규,26.08~28.08,,,,,
영등포구,11560,영등포동2가,202607,오피스텔_전월세,여의도 미르웰 한올림 2차 오피스텔,영등포동2가,328-11,14.53,,12500,16,5,6,2018,신규,26.08~28.08,,,,,
영등포구,11560,영등포동5가,202607,오피스텔_전월세,더봄,영등포동5가,75,21.98,,300,90,3,4,2021,신규,26.07~27.07,,,,,
영등포구,11560,양평동6가,202607,오피스텔_전월세,선유도역 더블파크 투웨니퍼스트,양평동6가,94,28.42,,27300,10,11,6,2020,신규,26.10~28.10,,,,,
영등포구,11560,영등포동2가,202607,오피스텔_전월세,리코하이빌,영등포동2가,28-132,32.17,,31000,5,10,4,2023,갱신,26.08~28.08,31000.0,,,,
영등포구,11560,당산동2가,202607,오피스텔_전월세,미라클시티,당산동2가,12-2,28.6,,36300,0,13,6,2022,신규,26.07~28.07,,,,,
영등포구,11560,당산동5가,202607,오피스텔_전월세,당산역해링턴타워,당산동5가,9-3,23.92,,20000,10,18,6,2015,갱신,26.08~28.08,20000.0,10.0,,,
영등포구,11560,영등포동2가,202607,오피스텔_전월세,여의도 해링턴타워 196,영등포동2가,175,18.1,,5000,55,9,6,2022,신규,26.08~27.08,,,,,
영등포구,11560,여의도동,202607,오피스텔_전월세,브라이튼 여의도,여의도동,525,29.98,,3000,184,27,6,2023,갱신,26.08~27.07,3000.0,175.0,사용,,
영등포구,11560,영등포동7가,202607,오피스텔_전월세,한가람 더원 201동,영등포동7가,94-101,26.22,,5000,100,2,6,2022,신규,26.08~28.08,,,,,
영등포구,11560,영등포동5가,202607,오피스텔_전월세,영포복합건물,영등포동5가,81-1,22.8,,500,47,6,2,2002,신규,26.07~27.07,,,,,
영등포구,11560,신길동,202607,오피스텔_전월세,디에이원파크,신길동,101-13,30.27,,31500,0,10,3,2020,갱신,26.07~28.07,30000.0,,,,
영등포구,11560,당산동,202607,오피스텔_전월세,여의나루더명남더블레스,당산동,121-72,37.3,,26000,10,3,6,2019,신규,26.08~28.08,,,,,
영등포구,11560,대림동,202607,오피스텔_전월세,대림빌딩,대림동,706-17,16.44,,500,35,5,6,2013,신규,26.07~27.07,,,,,
영등포구,11560,양평동2가,202607,오피스텔_전월세,힘멜하임,양평동2가,1-3,18.84,,14600,0,3,3,2014,신규,26.08~28.08,,,,,
영등포구,11560,양평동2가,202607,오피스텔_전월세,힘멜하임,양평동2가,1-3,18.84,,5000,65,7,3,2014,신규,26.07~27.07,,,,,
영등포구,11560,당산동5가,202607,오피스텔_전월세,데시앙루브 오피스텔,당산동5가,8,28.24,,1000,82,6,4,2014,신규,26.07~27.07,,,,,
영등포구,11560,신길동,202607,오피스텔_전월세,JS타워,신길동,236,29.5,,1000,130,11,4,2024,신규,26.07~27.07,,,,,
영등포구,11560,여의도동,202607,오피스텔_전월세,(주)신한 여의도 드림리버 오피스텔,여의도동,12-3,24.5,,21000,0,10,4,2019,신규,26.08~28.08,,,,,
영등포구,11560,영등포동3가,202607,오피스텔_전월세,WD스퀘어,영등포동3가,20,16.83,,16500,0,9,5,2020,신규,26.07~28.07,,,,,
영등포구,11560,문래동6가,202607,오피스텔_전월세,문래임광그대가,문래동6가,8,85.84,,40500,16,6,3,2005,갱신,26.07~28.07,40500.0,,,,
영등포구,11560,양평동6가,202607,오피스텔_전월세,금강노블레스,양평동6가,81,31.45,,35500,0,13,4,2022,신규,26.08~28.08,,,,,
영등포구,11560,영등포동5가,202607,오피스텔_전월세,휴젠느,영등포동5가,88,36.92,,20500,43,7,3,2019,신규,26.07~28.07,,,,,
영등포구,11560,양평동5가,202607,오피스텔_전월세,선유도역 마들렌 오피스텔,양평동5가,24-1,29.41,,19500,14,12,4,2021,갱신,26.09~28.09,19500.0,10.0,,,
영등포구,11560,당산동2가,202607,오피스텔_전월세,PLUS VIEW,당산동2가,32-1,26.06,,29500,10,4,4,2023,신규,26.09~28.09,,,,,
영등포구,11560,영등포동1가,202607,오피스텔_전월세,팰리스페트라,영등포동1가,24,29.19,,19500,0,7,4,2017,갱신,26.07~26.08,19500.0,,,,
영등포구,11560,당산동5가,202607,오피스텔_전월세,당산역해링턴타워,당산동5가,9-3,23.92,,1000,90,6,3,2015,신규,26.08~28.08,,,,,
영등포구,11560,대림동,202607,오피스텔_전월세,G밸리소홈,대림동,1101-7,20.21,,3000,48,4,3,2018,신규,26.07~27.07,,,,,
영등포구,11560,문래동6가,202607,오피스텔_전월세,문래크라운팰리스,문래동6가,34-1,28.17,,25200,5,14,3,2018,신규,26.08~28.08,,,,,
영등포구,11560,영등포동5가,202607,오피스텔_전월세,휴젠느,영등포동5가,88,38.85,,20000,60,2,3,2019,신규,26.08~28.08,,,,,
영등포구,11560,영등포동1가,202607,오피스텔_전월세,여의도리슈빌DS,영등포동1가,121-5,27.59,,22500,40,12,3,2020,신규,26.08~28.08,,,,,
영등포구,11560,영등포동2가,202607,오피스텔_전월세,라온펠리체,영등포동2가,332-5,29.92,,3000,120,6,3,2022,신규,26.08~28.08,,,,,
영등포구,11560,당산동5가,202607,오피스텔_전월세,데시앙루브 오피스텔,당산동5가,8,28.24,,5000,80,10,3,2014,신규,26.08~28.08,,,,,
영등포구,11560,당산동,202607,오피스텔_전월세,나온타워,당산동,121-3,18.98,,14500,5,8,3,2013,갱신,26.07~28.07,14500.0,5.0,사용,,
영등포구,11560,당산동,202607,오피스텔_전월세,가온빌,당산동,121-289,21.4,,12500,7,8,2,2016,신규,26.08~28.08,,,,,
영등포구,11560,당산동4가,202607,오피스텔_전월세,엠케이 더 유앤미,당산동4가,32-13,20.26,,18600,0,2,1,2018,신규,26.08~28.08,,,,,
영등포구,11560,영등포동3가,202607,오피스텔_전월세,소담더블린,영등포동3가,1-9,15.64,,11700,0,10,3,2018,신규,26.08~28.08,,,,,
영등포구,11560,당산동5가,202607,오피스텔_전월세,당산역해링턴타워,당산동5가,9-3,23.92,,1000,95,20,1,2015,신규,26.07~27.07,,,,,
영등포구,11560,영등포동1가,202607,오피스텔_전월세,페트라,영등포동1가,22-1,21.36,,15500,0,6,3,2015,갱신,26.08~28.08,15300.0,,,,
영등포구,11560,양평동3가,202607,오피스텔_전월세,양평동 대우이안2,양평동3가,54,73.09,,3000,120,10,3,2005,갱신,26.07~28.07,3000.0,110.0,,,
영등포구,11560,영등포동6가,202607,오피스텔_전월세,케이디타워,영등포동6가,127-11,28.01,,26000,0,8,2,2023,신규,26.07~28.07,,,,,
영등포구,11560,영등포동2가,202607,오피스텔_전월세,리코하이빌,영등포동2가,28-132,31.87,,32350,0,10,3,2023,신규,26.08~28.08,,,,,
영등포구,11560,영등포동3가,202607,오피스텔_전월세,여의시티파크 B동,영등포동3가,27,36.56,,25200,4,5,2,2020,신규,26.08~28.08,,,,,
영등포구,11560,영등포동4가,202607,오피스텔_전월세,HIGHEND 63st,영등포동4가,55,28.12,,20000,35,6,3,2023,갱신,26.07~28.07,30500.0,,사용,,
영등포구,11560,영등포동1가,202607,오피스텔_전월세,여의도더리브스타일,영등포동1가,94-2,19.36,,18400,5,12,2,2020,갱신,26.08~28.08,18400.0,2.0,사용,,
영등포구,11560,영등포동2가,202607,오피스텔_전월세,에스제이팰리스,영등포동2가,232-3,38.74,,3000,108,3,3,2021,신규,26.08~27.08,,,,,
영등포구,11560,영등포동7가,202607,오피스텔_전월세,한가람 더원 103동,영등포동7가,29-112,24.92,,5000,80,7,3,2020,신규,26.07~28.07,,,,,
영등포구,11560,영등포동7가,202607,오피스텔_전월세,한가람 더원 201동,영등포동7가,94-101,24.97,,27000,0,16,1,2022,갱신,26.07~28.07,26000.0,,사용,,
영등포구,11560,신길동,202607,오피스텔_전월세,신길 AK 푸르지오,신길동,255-9,78.47,,63000,0,15,2,2024,신규,26.08~28.08,,,,,
영등포구,11560,여의도동,202607,오피스텔_전월세,대우트럼프월드2,여의도동,48,40.2,,30000,0,3,2,2003,신규,26.08~28.08,,,,,
영등포구,11560,영등포동2가,202607,오피스텔_전월세,여의도 디앤써밋,영등포동2가,94-154,19.6,,18500,0,3,2,2019,신규,26.08~28.08,,,,,
영등포구,11560,영등포동7가,202607,오피스텔_전월세,넥스빌Ⅲ,영등포동7가,94-356,25.2,,6000,50,6,1,2002,신규,26.08~27.08,,,,,
영등포구,11560,영등포동1가,202607,오피스텔_전월세,페트라,영등포동1가,22-1,19.42,,14400,0,10,2,2015,신규,26.08~28.08,,,,,
영등포구,11560,당산동,202607,오피스텔_전월세,엠캐슬123,당산동,171-30,19.85,,20000,0,7,2,2021,신규,26.08~28.08,,,,,
영등포구,11560,영등포동3가,202607,오피스텔_전월세,여의시티파크 B동,영등포동3가,27,36.08,,25200,0,4,1,2020,갱신,26.07~27.03,25200.0,,,,
영등포구,11560,양평동6가,202607,오피스텔_전월세,선유도역 더블파크 투웨니퍼스트,양평동6가,94,28.42,,27300,5,8,2,2020,갱신,26.07~28.07,27300.0,,사용,,
영등포구,11560,양평동5가,202607,오피스텔_전월세,선유도역 마들렌 오피스텔,양평동5가,24-1,25.82,,18900,0,11,2,2021,신규,26.07~28.07,,,,,
영등포구,11560,양평동6가,202607,오피스텔_전월세,엠케이유앤미,양평동6가,82-1,27.5,,29000,0,2,1,2020,신규,26.08~28.08,,,,,
영등포구,11560,당산동3가,202607,오피스텔_전월세,현대하이츠,당산동3가,395-37,41.94,,27350,6,3,1,2017,갱신,26.10~28.10,26000.0,6.0,,,
영등포구,11560,양평동3가,202607,오피스텔_전월세,롯데팰리스,양평동3가,30-6,33.23,,24700,0,2,1,2018,신규,26.08~28.08,,,,,
영등포구,11560,양평동4가,202607,오피스텔_전월세,아트리버타운,양평동4가,32-6,35.96,,22600,25,2,1,2015,신규,26.08~28.08,,,,,
영등포구,11560,영등포동7가,202607,오피스텔_전월세,은석오피스텔,영등포동7가,94-57,18.81,,11800,9,6,2,2010,갱신,26.07~28.07,11400.0,8.0,,,
영등포구,11560,당산동,202607,오피스텔_전월세,조인클로버,당산동,121-143,22.79,,20000,0,12,1,2019,신규,26.08~28.08,,,,,
영등포구,11560,당산동6가,202607,오피스텔_전월세,써미트빌,당산동6가,237-5,31.5,,4000,50,5,1,2003,신규,26.07~27.07,,,,,
영등포구,11560,영등포동7가,202607,오피스텔_전월세,루브르씨티,영등포동7가,94-52,26.5,,23500,0,8,1,2019,신규,26.08~28.08,,,,,
영등포구,11560,영등포동2가,202607,오피스텔_전월세,범영오피스텔,영등포동2가,29-72,28.5,,16500,0,7,1,2012,신규,26.09~28.09,,,,,
영등포구,11560,신길동,202607,오피스텔_전월세,검지스캐슬,신길동,69-28,15.91,,20000,0,2,1,2020,신규,26.07~28.07,,,,,
영등포구,11560,영등포동1가,202607,오피스텔_전월세,폴라리스오피스텔,영등포동1가,27-1,20.67,,13000,0,8,1,2003,신규,26.07~28.07,,,,,
영등포구,11560,당산동5가,202607,오피스텔_전월세,당산역해링턴타워,당산동5가,9-3,23.59,,10000,60,13,1,2015,갱신,26.07~27.09,10000.0,55.0,,,
영등포구,11560,신길동,202607,연립다세대_전월세,쌍용프라임,신길동,150-3,27.86,,12000,60,4,16,2019,,,,,,,
영등포구,11560,양평동6가,202607,연립다세대_전월세,"아트리버빌B동,C동",양평동6가,20-1,40.33,,26000,5,3,25,2015,,,,,,,
영등포구,11560,양평동4가,202607,연립다세대_전월세,(272-1),양평동4가,272-1,29.74,,24700,25,4,21,2015,갱신,26.10~27.10,24700.0,25.0,사용,,
영등포구,11560,대림동,202607,연립다세대_전월세,청기와빌라,대림동,778-11,42.48,,1000,80,1,18,1994,신규,26.08~28.08,,,,,
영등포구,11560,신길동,202607,연립다세대_전월세,(187-39),신길동,187-39,50.52,,2000,62,2,30,2001,신규,26.08~28.08,,,,,
영등포구,11560,당산동,202607,연립다세대_전월세,다빈치,당산동,121-111,16.74,,15400,0,4,23,2012,갱신,26.08~28.08,15400.0,,,,
영등포구,11560,문래동3가,202607,연립다세대_전월세,디아인스,문래동3가,82-10,26.53,,22575,0,5,29,2016,갱신,26.09~28.09,22575.0,,,,
영등포구,11560,영등포동,202607,연립다세대_전월세,공원도원빌(646-5),영등포동,646-5,47.08,,22000,0,2,12,2001,신규,26.08~28.08,,,,,
영등포구,11560,당산동,202607,연립다세대_전월세,다빈치,당산동,121-111,16.74,,15200,0,2,23,2012,갱신,26.08~28.08,15200.0,,,,
영등포구,11560,도림동,202607,연립다세대_전월세,카사데로사빌,도림동,141-28,28.95,,26000,0,3,18,2024,신규,26.08~28.08,,,,,
영등포구,11560,신길동,202607,연립다세대_전월세,광산로얄빌라,신길동,158-30,60.1,,5000,80,1,2,1994,신규,26.08~28.08,,,,,
영등포구,11560,영등포동4가,202607,연립다세대_전월세,디타워,영등포동4가,117-1,12.6,,13000,0,8,29,2020,신규,26.10~28.10,,,,,
영등포구,11560,당산동3가,202607,연립다세대_전월세,해라톤시티,당산동3가,395-12,19.51,,24000,20,11,25,2020,신규,26.10~28.09,,,,,
영등포구,11560,신길동,202607,연립다세대_전월세,광산로얄빌라,신길동,158-30,60.1,,5000,80,3,18,1994,신규,26.08~28.08,,,,,
영등포구,11560,신길동,202607,연립다세대_전월세,(187-30),신길동,187-30,50.76,,5000,60,1,31,2000,신규,26.08~28.08,,,,,
영등포구,11560,도림동,202607,연립다세대_전월세,현대씨티빌A,도림동,253,52.94,,23000,15,5,25,2006,신규,26.09~28.09,,,,,
영등포구,11560,신길동,202607,연립다세대_전월세,원형(1448-1),신길동,1448-1,75.54,,10000,110,1,18,2004,신규,26.08~28.08,,,,,
영등포구,11560,신길동,202607,연립다세대_전월세,대방역솔라빌,신길동,1311,27.48,,5500,110,6,30,2023,신규,26.08~27.08,,,,,
영등포구,11560,대림동,202607,연립다세대_전월세,한다올명진,대림동,653-12,22.51,,7115,19,4,30,2014,갱신,26.09~27.09,7115.0,,사용,,
영등포구,11560,대림동,202607,연립다세대_전월세,건영타워,대림동,709-6,19.125,,2500,58,5,26,2012,신규,26.07~26.08,,,,,
영등포구,11560,대림동,202607,연립다세대_전월세,건영타워,대림동,709-6,19.125,,2500,61,5,26,2012,신규,26.07~26.08,,,,,
영등포구,11560,도림동,202607,연립다세대_전월세,백향빌라(114-13),도림동,114-13,36.27,,4500,55,4,26,1991,신규,26.08~28.08,,,,,
영등포구,11560,대림동,202607,연립다세대_전월세,리트리움,대림동,1052-32,29.97,,23900,4,4,25,2018,신규,26.08~28.08,,,,,
영등포구,11560,신길동,202607,연립다세대_전월세,아트라움,신길동,4668-4,29.19,,2574,27,2,24,2025,신규,26.08~28.10,,,,,
영등포구,11560,당산동,202607,연립다세대_전월세,ECO오피스텔,당산동,121-274,12.92,,1000,49,2,22,2011,신규,26.08~27.08,,,,,
영등포구,11560,당산동1가,202607,연립다세대_전월세,세인트빌,당산동1가,416,28.43,,25200,19,3,16,2018,갱신,26.08~28.08,27500.0,5.0,사용,,
영등포구,11560,영등포동1가,202607,연립다세대_전월세,금반석시티빌8차,영등포동1가,27-3,18.66,,1000,65,12,30,2014,신규,26.08~27.08,,,,,
영등포구,11560,신길동,202607,연립다세대_전월세,헤븐빌(202-28),신길동,202-28,27.39,,21000,0,5,1,2016,갱신,26.07~28.07,19700.0,,,,
영등포구,11560,대림동,202607,연립다세대_전월세,현대빌라(1116-29),대림동,1116-29,37.17,,1000,65,-1,13,1997,신규,26.08~28.08,,,,,
영등포구,11560,신길동,202607,연립다세대_전월세,아트라움,신길동,4668-4,26.97,,982,28,3,22,2025,신규,26.08~28.10,,,,,
영등포구,11560,도림동,202607,연립다세대_전월세,리치하우스,도림동,240-11,29.97,,13000,40,4,6,2013,신규,26.08~28.08,,,,,
영등포구,11560,도림동,202607,연립다세대_전월세,(138-64),도림동,138-64,24.96,,22000,0,5,22,2026,신규,26.09~28.09,,,,,
영등포구,11560,양평동4가,202607,연립다세대_전월세,양평동다세대주택(175-0),양평동4가,175,48.72,,1000,102,2,10,2001,갱신,26.07~28.07,1000.0,97.0,사용,,
영등포구,11560,당산동6가,202607,연립다세대_전월세,JF명오빌,당산동6가,237-27,29.72,,1000,90,6,10,2017,신규,26.08~28.07,,,,,
영등포구,11560,도림동,202607,연립다세대_전월세,영도빌라(114-11),도림동,114-11,48.08,,18000,0,1,14,1993,신규,26.09~28.09,,,,,
영등포구,11560,영등포동1가,202607,연립다세대_전월세,페트라,영등포동1가,22-1,14.4,,12500,0,13,25,2015,신규,26.08~28.08,,,,,
영등포구,11560,도림동,202607,연립다세대_전월세,부림타운나동(234-13),도림동,234-13,72.88,,26000,5,2,4,2001,갱신,26.09~28.09,26000.0,5.0,,,
영등포구,11560,영등포동,202607,연립다세대_전월세,정진타운(618-62),영등포동,618-62,23.92,,15000,0,3,25,2002,갱신,26.08~28.08,14000.0,,,,
영등포구,11560,대림동,202607,연립다세대_전월세,골든캐슬8차,대림동,691-4,36.82,,30000,0,4,9,2016,신규,26.09~28.09,,,,,
영등포구,11560,신길동,202607,연립다세대_전월세,대영홈타운,신길동,355-166,53.6,,20000,0,4,2,2009,갱신,26.08~28.08,20000.0,,사용,,
영등포구,11560,신길동,202607,연립다세대_전월세,블루버드신길,신길동,65-105,30,,32000,0,4,27,2026,신규,26.08~28.08,,,,,
영등포구,11560,영등포동7가,202607,연립다세대_전월세,신아빌라트(94-296),영등포동7가,94-296,73.86,,10000,85,3,10,1998,신규,26.08~27.08,,,,,
영등포구,11560,당산동1가,202607,연립다세대_전월세,파비엥노블레스103동,당산동1가,186-99,29.98,,23000,28,4,3,2018,갱신,26.08~28.08,23000.0,23.0,사용,,
영등포구,11560,당산동6가,202607,연립다세대_전월세,현대리버사이드,당산동6가,350-8,20.47,,1000,83,3,9,2013,신규,26.07~27.07,,,,,
영등포구,11560,영등포동,202607,연립다세대_전월세,공원도원빌(646-8),영등포동,646-8,74.81,,5000,100,4,26,2005,신규,26.09~28.09,,,,,
영등포구,11560,영등포동2가,202607,연립다세대_전월세,여의도디앤써밋,영등포동2가,94-154,19.02,,1000,120,18,14,2019,신규,26.08~27.08,,,,,
영등포구,11560,당산동1가,202607,연립다세대_전월세,J.W카리스,당산동1가,185-22,29.89,,28320,9,8,31,2018,갱신,26.11~28.11,29300.0,,,,
영등포구,11560,도림동,202607,연립다세대_전월세,(34-2),도림동,34-2,69.03,,26000,0,3,28,1991,갱신,26.07~28.07,24000.0,,,,
영등포구,11560,신길동,202607,연립다세대_전월세,백년주택Ⅱ,신길동,71-11,12.3,,2000,50,5,25,2013,신규,26.07~27.07,,,,,
영등포구,11560,대림동,202607,연립다세대_전월세,신용,대림동,1092-45,17.81,,500,63,2,17,2012,신규,26.08~28.08,,,,,
영등포구,11560,영등포동5가,202607,연립다세대_전월세,리첸스타,영등포동5가,82-1,21.86,,23360,10,11,31,2019,갱신,26.08~28.08,24750.0,,사용,,
영등포구,11560,신길동,202607,연립다세대_전월세,라온아토,신길동,116-17,22.16,,5000,120,3,19,2022,신규,26.08~28.08,,,,,
영등포구,11560,양평동3가,202607,연립다세대_전월세,아테네,양평동3가,49-4,19.84,,17100,35,4,30,2016,갱신,26.09~28.09,17100.0,30.0,사용,,
영등포구,11560,대림동,202607,연립다세대_전월세,대림테크빌A동(957-2),대림동,957-2,52.63,,2000,75,4,20,2003,신규,26.08~28.08,,,,,
영등포구,11560,대림동,202607,연립다세대_전월세,(1111-3),대림동,1111-3,28.49,,2000,45,2,24,1994,신규,26.08~28.08,,,,,
영등포구,11560,양평동4가,202607,연립다세대_전월세,파크빌Ⅰ,양평동4가,164,30,,2000,85,3,29,2010,신규,26.09~28.09,,,,,
영등포구,11560,신길동,202607,연립다세대_전월세,리더스빌,신길동,65-54,12.16,,1000,45,4,31,2011,신규,26.07~27.07,,,,,
영등포구,11560,대림동,202607,연립다세대_전월세,(851-76),대림동,851-76,48.46,,1000,60,2,10,1976,신규,26.08~28.08,,,,,
영등포구,11560,영등포동7가,202607,연립다세대_전월세,라비엘,영등포동7가,29-33,29.49,,26000,23,8,21,2017,신규,26.09~28.09,,,,,
영등포구,11560,신길동,202607,연립다세대_전월세,엘리움,신길동,225-38,19.61,,18000,0,2,31,2021,신규,26.08~28.08,,,,,
영등포구,11560,영등포동6가,202607,연립다세대_전월세,유경오피스텔,영등포동6가,66-11,39.41,,5000,114,2,16,2021,신규,26.09~27.09,,,,,
영등포구,11560,양평동3가,202607,연립다세대_전월세,(33-8),양평동3가,33-8,15.07,,9000,0,3,12,2013,신규,26.07~28.07,,,,,
영등포구,11560,신길동,202607,연립다세대_전월세,해주빌라B동,신길동,149,27.72,,1000,45,3,23,1995,신규,26.07~28.07,,,,,
영등포구,11560,영등포동7가,202607,연립다세대_전월세,아크로조인,영등포동7가,94-299,43.79,,32600,15,11,31,2018,갱신,26.08~28.08,34650.0,,,,
영등포구,11560,당산동2가,202607,연립다세대_전월세,(159-2),당산동2가,159-2,26.21,,1000,102,4,29,2022,신규,26.08~27.08,,,,,
영등포구,11560,당산동3가,202607,연립다세대_전월세,미라벨,당산동3가,395-48,29.46,,26000,26,6,31,2017,신규,26.10~28.10,,,,,
영등포구,11560,신길동,202607,연립다세대_전월세,미림빌라9동,신길동,420-175,33.48,,500,40,-1,23,1993,신규,26.07~28.07,,,,,
영등포구,11560,양평동1가,202607,연립다세대_전월세,우성하임,양평동1가,194-1,29.91,,29700,15,7,31,2019,신규,26.09~28.09,,,,,
영등포구,11560,당산동6가,202607,연립다세대_전월세,성원파크빌,당산동6가,237-11,14.09,,1000,61,4,28,2014,갱신,26.07~28.07,1000.0,58.0,,,
영등포구,11560,신길동,202607,연립다세대_전월세,아침빌라,신길동,1341,55.68,,6000,60,2,25,2004,신규,26.07~28.07,,,,,
영등포구,11560,양평동4가,202607,연립다세대_전월세,양평동다세대주택(175-0),양평동4가,175,48.72,,2000,103,3,10,2001,신규,26.07~28.01,,,,,
영등포구,11560,당산동1가,202607,연립다세대_전월세,신현빌,당산동1가,256-17,15.31,,5000,90,8,25,2024,신규,26.08~28.08,,,,,
영등포구,11560,양평동5가,202607,연립다세대_전월세,정호빌라나동(108-9),양평동5가,108-9,41.4,,3000,80,1,31,1988,갱신,26.08~27.08,3000.0,80.0,,,
영등포구,11560,당산동,202607,연립다세대_전월세,ECO오피스텔,당산동,121-274,18.36,,1000,55,3,31,2011,신규,26.07~26.12,,,,,
영등포구,11560,신길동,202607,연립다세대_전월세,라움팰리스,신길동,355-237,29.61,,27000,0,2,25,2026,신규,26.07~28.06,,,,,
영등포구,11560,영등포동,202607,연립다세대_전월세,국제알앤씨빌,영등포동,602-109,49.89,,35000,35,4,31,2019,신규,26.08~28.08,,,,,
영등포구,11560,대림동,202607,연립다세대_전월세,다온캐슬,대림동,876-19,33.36,,2000,130,2,23,2023,신규,26.07~28.07,,,,,
영등포구,11560,당산동1가,202607,연립다세대_전월세,리버웨이,당산동1가,150-4,29.97,,29300,6,6,30,2019,신규,26.10~28.10,,,,,
영등포구,11560,신길동,202607,연립다세대_전월세,우영빌,신길동,1217,60.56,,5000,50,3,25,2009,신규,26.07~28.07,,,,,
영등포구,11560,양평동4가,202607,연립다세대_전월세,(161-9),양평동4가,161-9,13.76,,6000,27,2,27,2014,갱신,26.08~27.08,6000.0,25.0,,,
영등포구,11560,대림동,202607,연립다세대_전월세,에스케이이그랑빌,대림동,740-1,28.68,,5000,110,3,12,2022,신규,26.09~28.09,,,,,
영등포구,11560,양평동6가,202607,연립다세대_전월세,한강아이린101동~102동,양평동6가,16-4,35.15,,300,30,2,30,2015,신규,26.07~28.07,,,,,
영등포구,11560,양평동4가,202607,연립다세대_전월세,(161-9),양평동4가,161-9,12.96,,2000,47,5,11,2014,신규,26.08~27.08,,,,,
영등포구,11560,도림동,202607,연립다세대_전월세,"도림빌라3,4동(229-30)",도림동,229-30,50.31,,20000,0,4,29,1991,신규,26.07~28.07,,,,,
영등포구,11560,대림동,202607,연립다세대_전월세,건영타워,대림동,709-6,19.125,,2500,61,5,26,2012,신규,26.07~28.07,,,,,
영등포구,11560,도림동,202607,연립다세대_전월세,(138-33),도림동,138-33,29.09,,25000,0,4,10,2026,신규,26.09~28.09,,,,,
영등포구,11560,대림동,202607,연립다세대_전월세,에이스빌,대림동,712-3,19.5,,500,57,2,20,2011,신규,26.07~28.07,,,,,
영등포구,11560,신길동,202607,연립다세대_전월세,여의도스테이B동,신길동,1354-1,28.03,,30000,0,4,30,2024,신규,26.09~28.09,,,,,
영등포구,11560,신길동,202607,연립다세대_전월세,디에이원파크,신길동,101-13,23.13,,30000,0,13,30,2020,신규,26.08~28.08,,,,,
영등포구,11560,양평동3가,202607,연립다세대_전월세,(33-8),양평동3가,33-8,15.07,,1000,55,5,30,2013,신규,26.07~27.07,,,,,
영등포구,11560,양평동4가,202607,연립다세대_전월세,(272-1),양평동4가,272-1,29.74,,24700,25,4,21,2015,갱신,26.10~28.10,24700.0,23.0,,,
영등포구,11560,영등포동5가,202607,연립다세대_전월세,트리베카,영등포동5가,78,29.98,,28000,0,11,18,2021,신규,26.07~28.07,,,,,
영등포구,11560,신길동,202607,연립다세대_전월세,진영파인빌,신길동,453-2,38.89,,1810,51,3,29,2020,신규,26.07~28.09,,,,,
영등포구,11560,신길동,202607,연립다세대_전월세,더엘퍼스트,신길동,1274,21.16,,100,37,3,29,2025,신규,26.07~28.09,,,,,
영등포구,11560,당산동6가,202607,연립다세대_전월세,골드라인,당산동6가,335-3,27.09,,23900,32,8,29,2018,신규,26.08~28.08,,,,,
영등포구,11560,신길동,202607,연립다세대_전월세,신일빌라(40-19),신길동,40-19,54.65,,16000,25,1,24,1986,갱신,26.08~28.08,15000.0,15.0,,,
영등포구,11560,당산동3가,202607,연립다세대_전월세,삼성펠리스,당산동3가,395-5,29.97,,26000,45,4,27,2016,신규,26.09~28.09,,,,,
영등포구,11560,당산동1가,202607,연립다세대_전월세,에이스하우징,당산동1가,388-1,29.85,,1847,48,2,29,2021,신규,26.07~28.09,,,,,
영등포구,11560,대림동,202607,연립다세대_전월세,진용빌라C동(1116-42),대림동,1116-42,53.25,,14000,0,-1,8,1998,신규,26.07~28.07,,,,,
영등포구,11560,당산동1가,202607,연립다세대_전월세,에이스하우징,당산동1가,388-1,29.99,,1893,37,5,29,2021,신규,26.07~28.09,,,,,
영등포구,11560,영등포동2가,202607,연립다세대_전월세,크렌시아하우스,영등포동2가,28-121,14.08,,8500,15,3,29,2015,신규,26.09~28.09,,,,,
영등포구,11560,신길동,202607,연립다세대_전월세,더엘퍼스트,신길동,1274,23.14,,100,40,5,29,2025,신규,26.07~28.09,,,,,
영등포구,11560,당산동1가,202607,연립다세대_전월세,신현빌,당산동1가,256-17,13.62,,19900,30,7,4,2024,갱신,26.08~28.08,21000.0,25.0,사용,,
영등포구,11560,신길동,202607,연립다세대_전월세,더엘퍼스트,신길동,1274,23.48,,100,40,3,29,2025,신규,26.07~28.09,,,,,
영등포구,11560,도림동,202607,연립다세대_전월세,(138-64),도림동,138-64,24.82,,20000,0,2,29,2026,신규,26.09~28.09,,,,,
영등포구,11560,양평동2가,202607,연립다세대_전월세,비바체더리버파크,양평동2가,42,20.35,,5000,125,5,29,2024,신규,26.08~28.08,,,,,
영등포구,11560,영등포동6가,202607,연립다세대_전월세,케이디타워,영등포동6가,127-11,19.3,,24000,0,2,2,2023,신규,26.08~28.08,,,,,
영등포구,11560,대림동,202607,연립다세대_전월세,진성에코빌,대림동,851-53,49.71,,24863,24,4,29,2022,신규,26.07~28.09,,,,,
영등포구,11560,양평동3가,202607,연립다세대_전월세,광성빌딩,양평동3가,30-28,14.21,,1000,51,3,29,2015,신규,26.07~27.07,,,,,
영등포구,11560,신길동,202607,연립다세대_전월세,더엘퍼스트,신길동,1274,23.48,,100,40,4,29,2025,신규,26.07~28.09,,,,,
영등포구,11560,신길동,202607,연립다세대_전월세,더엘퍼스트,신길동,1274,21.16,,100,36,2,29,2025,신규,26.07~28.09,,,,,
영등포구,11560,영등포동2가,202607,연립다세대_전월세,영등포오피스텔,영등포동2가,29-58,14.24,,10000,6,5,11,2014,갱신,26.07~27.07,10000.0,6.0,사용,,
영등포구,11560,영등포동1가,202607,연립다세대_전월세,아테네,영등포동1가,57,29.97,,25000,10,7,29,2017,신규,26.08~28.08,,,,,
영등포구,11560,영등포동5가,202607,연립다세대_전월세,리첸스타,영등포동5가,82-1,14.66,,5000,85,12,29,2019,신규,26.08~28.08,,,,,
영등포구,11560,신길동,202607,연립다세대_전월세,더엘퍼스트,신길동,1274,23.81,,100,42,2,29,2025,신규,26.07~28.09,,,,,
영등포구,11560,신길동,202607,연립다세대_전월세,더엘퍼스트,신길동,1274,23.81,,100,42,3,29,2025,신규,26.07~28.09,,,,,
영등포구,11560,신길동,202607,연립다세대_전월세,진영파인빌,신길동,453-2,38.89,,1810,37,2,29,2020,신규,26.07~28.09,,,,,
영등포구,11560,신길동,202607,연립다세대_전월세,미림빌라1동,신길동,420-97,36.41,,10025,0,-1,27,1993,갱신,26.08~28.08,9550.0,,사용,,
영등포구,11560,신길동,202607,연립다세대_전월세,쌍용프라임,신길동,150-3,27.86,,12000,60,4,16,2019,갱신,26.07~28.07,12000.0,60.0,,,
영등포구,11560,신길동,202607,연립다세대_전월세,더엘퍼스트,신길동,1274,23.14,,100,41,4,29,2025,신규,26.07~28.09,,,,,
영등포구,11560,신길동,202607,연립다세대_전월세,더엘퍼스트,신길동,1274,23.81,,100,42,3,29,2025,신규,26.07~28.09,,,,,
영등포구,11560,신길동,202607,연립다세대_전월세,진영파인빌,신길동,453-2,41.84,,1947,38,3,29,2020,신규,26.07~28.09,,,,,
영등포구,11560,신길동,202607,연립다세대_전월세,더엘퍼스트,신길동,1274,23.14,,100,40,4,29,2025,신규,26.07~28.09,,,,,
영등포구,11560,신길동,202607,연립다세대_전월세,더엘퍼스트,신길동,1274,23.14,,100,40,5,29,2025,신규,26.07~28.09,,,,,
영등포구,11560,신길동,202607,연립다세대_전월세,더엘퍼스트,신길동,1274,23.81,,100,41,2,29,2025,신규,26.07~28.09,,,,,
영등포구,11560,신길동,202607,연립다세대_전월세,진영파인빌,신길동,453-2,36.64,,1705,47,5,29,2020,신규,26.07~28.09,,,,,
영등포구,11560,영등포동2가,202607,연립다세대_전월세,코뿔소짱,영등포동2가,94-256,14.46,,500,85,2,28,2014,신규,26.07~27.01,,,,,
영등포구,11560,신길동,202607,연립다세대_전월세,더엘퍼스트,신길동,1274,23.48,,100,40,2,29,2025,신규,26.07~28.09,,,,,
영등포구,11560,신길동,202607,연립다세대_전월세,더엘퍼스트,신길동,1274,23.48,,100,40,5,29,2025,신규,26.07~28.09,,,,,
영등포구,11560,양평동6가,202607,연립다세대_전월세,더하우스Ⅱ,양평동6가,7-1,14.79,,3000,40,4,29,2011,신규,26.07~28.07,,,,,
영등포구,11560,영등포동,202607,연립다세대_전월세,(620-221),영등포동,620-221,42.1,,1000,65,5,28,2012,신규,26.07~28.07,,,,,
영등포구,11560,신길동,202607,연립다세대_전월세,더엘퍼스트,신길동,1274,23.48,,100,41,5,29,2025,신규,26.07~28.09,,,,,
영등포구,11560,당산동1가,202607,연립다세대_전월세,LG빌딩,당산동1가,139,25.34,,18000,40,3,28,2016,신규,26.09~28.09,,,,,
영등포구,11560,신길동,202607,연립다세대_전월세,더엘퍼스트,신길동,1274,23.48,,100,40,4,29,2025,신규,26.07~28.09,,,,,
영등포구,11560,도림동,202607,연립다세대_전월세,(138-64),도림동,138-64,26.7,,20000,0,3,28,2026,신규,26.09~28.09,,,,,
영등포구,11560,영등포동7가,202607,연립다세대_전월세,위너스하임,영등포동7가,94-369,25.46,,23800,19,7,27,2017,신규,26.08~28.08,,,,,
영등포구,11560,도림동,202607,연립다세대_전월세,(138-33),도림동,138-33,25.94,,21000,5,2,28,2026,신규,26.08~28.08,,,,,
영등포구,11560,신길동,202607,연립다세대_전월세,정진아트빌,신길동,4431,51.595,,32000,0,4,18,2003,신규,26.11~28.11,,,,,
영등포구,11560,영등포동,202607,연립다세대_전월세,성지빌라(620-79),영등포동,620-79,65.52,,22000,0,2,28,2002,갱신,26.07~28.07,21000.0,,,,
영등포구,11560,당산동6가,202607,연립다세대_전월세,르네상스빌,당산동6가,10-18,60.02,,35700,0,4,28,2009,신규,26.10~28.09,,,,,
영등포구,11560,신길동,202607,연립다세대_전월세,(187-25),신길동,187-25,59.14,,27000,0,4,26,1997,신규,26.09~28.09,,,,,
영등포구,11560,영등포동1가,202607,연립다세대_전월세,금반석시티빌9차,영등포동1가,30,14.67,,1000,79,3,7,2017,신규,26.07~27.07,,,,,
영등포구,11560,신길동,202607,연립다세대_전월세,신길주택(1448-2),신길동,1448-2,51.01,,18000,10,1,16,1977,신규,26.08~28.08,,,,,
영등포구,11560,당산동,202607,연립다세대_전월세,가온빌,당산동,121-289,21.4,,13600,5,11,27,2016,신규,26.09~28.09,,,,,
영등포구,11560,신길동,202607,연립다세대_전월세,복합공간소소,신길동,449-3,29.88,,1000,65,5,18,2017,신규,26.07~27.07,,,,,
영등포구,11560,도림동,202607,연립다세대_전월세,(244-8),도림동,244-8,38.11,,24000,0,3,11,2016,갱신,26.07~28.07,23000.0,,,,
영등포구,11560,영등포동2가,202607,연립다세대_전월세,파스텔하임,영등포동2가,29-74,24.97,,5000,128,2,27,2025,신규,26.07~27.07,,,,,
영등포구,11560,양평동6가,202607,연립다세대_전월세,양평도담빌C,양평동6가,10-12,29.94,,20250,24,5,23,2016,갱신,26.08~28.08,19000.0,24.0,,,
영등포구,11560,신길동,202607,연립다세대_전월세,(65-55),신길동,65-55,9.24,,500,55,3,27,2011,신규,26.07~27.07,,,,,
영등포구,11560,양평동5가,202607,연립다세대_전월세,위너스하임,양평동5가,5-3,27.06,,24550,5,4,25,2017,갱신,26.09~28.09,25350.0,,사용,,
영등포구,11560,영등포동2가,202607,연립다세대_전월세,에코하임,영등포동2가,28-105,29.25,,26700,0,9,25,2018,신규,26.10~28.09,,,,,
영등포구,11560,영등포동2가,202607,연립다세대_전월세,프리스틴,영등포동2가,238,29.6,,20000,30,6,24,2017,신규,26.09~28.09,,,,,
영등포구,11560,도림동,202607,연립다세대_전월세,(138-33),도림동,138-33,22.22,,20000,0,5,25,2026,신규,26.09~28.09,,,,,
영등포구,11560,신길동,202607,연립다세대_전월세,신비빌대방B,신길동,1414,28.86,,26000,0,3,25,2023,신규,26.08~28.08,,,,,
영등포구,11560,대림동,202607,연립다세대_전월세,리트리움,대림동,1052-32,29.97,,23900,4,4,25,2018,신규,26.08~28.08,,,,,
영등포구,11560,영등포동,202607,연립다세대_전월세,금강하임빌,영등포동,602-8,28.42,,20660,20,4,26,2017,신규,26.09~28.09,,,,,
영등포구,11560,양평동3가,202607,연립다세대_전월세,수영빌,양평동3가,30-14,19.38,,1000,63,2,17,2015,신규,26.07~27.07,,,,,
영등포구,11560,당산동6가,202607,연립다세대_전월세,성원파크빌,당산동6가,237-11,15.3,,4000,57,4,23,2014,신규,26.09~28.09,,,,,
영등포구,11560,도림동,202607,연립다세대_전월세,(138-33),도림동,138-33,24.22,,18000,0,3,20,2026,신규,26.08~28.08,,,,,
영등포구,11560,신길동,202607,연립다세대_전월세,(4912-4),신길동,4912-4,100.14,,300,40,1,9,1981,신규,26.07~28.07,,,,,
영등포구,11560,영등포동2가,202607,연립다세대_전월세,경문빌딩,영등포동2가,29-94,14.85,,300,35,5,22,2014,신규,26.07~28.07,,,,,
영등포구,11560,도림동,202607,연립다세대_전월세,(138-33),도림동,138-33,24.22,,18000,0,2,24,2026,신규,26.08~28.08,,,,,
영등포구,11560,당산동1가,202607,연립다세대_전월세,한울파크빌,당산동1가,256-215,28.26,,20500,0,4,24,2015,갱신,26.09~28.09,20500.0,,사용,,
영등포구,11560,양평동4가,202607,연립다세대_전월세,에스엠센트럴,양평동4가,161-7,28.94,,27200,26,2,5,2020,갱신,26.08~28.08,27200.0,20.0,,,
영등포구,11560,양평동4가,202607,연립다세대_전월세,동원에이스뷰3차,양평동4가,270-1,26.45,,27900,10,4,23,2020,신규,26.09~28.09,,,,,
영등포구,11560,도림동,202607,연립다세대_전월세,(138-64),도림동,138-64,23.79,,18000,0,3,24,2026,신규,26.09~28.09,,,,,
영등포구,11560,영등포동7가,202607,연립다세대_전월세,루브르씨티,영등포동7가,94-52,28.05,,27300,0,11,17,2019,신규,26.08~27.08,,,,,
영등포구,11560,신길동,202607,연립다세대_전월세,미림빌라3동(420-170),신길동,420-170,35.7,,13000,0,4,24,1993,갱신,26.07~28.07,12500.0,,,,
영등포구,11560,양평동4가,202607,연립다세대_전월세,리버캐슬,양평동4가,169,15.98,,1000,50,2,13,2011,신규,26.08~27.08,,,,,
영등포구,11560,신길동,202607,연립다세대_전월세,(1-11),신길동,1-11,41.32,,23000,15,5,24,2009,갱신,26.08~28.01,21000.0,,,,
영등포구,11560,대림동,202607,연립다세대_전월세,라움캐슬,대림동,1011-4,29.5,,26000,0,3,15,2026,신규,26.07~28.07,,,,,
영등포구,11560,신길동,202607,연립다세대_전월세,아트라움,신길동,4668-4,27.69,,2466,25,3,23,2025,신규,26.08~28.10,,,,,
영등포구,11560,양평동5가,202607,연립다세대_전월세,정호빌라가동(108-3),양평동5가,108-3,33.12,,2000,53,2,23,1988,갱신,26.08~28.08,2000.0,50.0,,,
영등포구,11560,영등포동2가,202607,연립다세대_전월세,에스제이팰리스,영등포동2가,232-3,29.83,,5000,90,9,14,2021,신규,26.08~27.08,,,,,
영등포구,11560,신길동,202607,연립다세대_전월세,한림캐슬,신길동,4828,16.57,,1000,65,7,21,2015,신규,26.07~28.07,,,,,
영등포구,11560,신길동,202607,연립다세대_전월세,아트라움,신길동,4668-4,26.97,,100,30,2,23,2025,신규,26.08~28.10,,,,,
영등포구,11560,양평동3가,202607,연립다세대_전월세,하나타워,양평동3가,7-1,24.04,,5000,134,5,22,2023,신규,26.10~28.10,,,,,
영등포구,11560,영등포동1가,202607,연립다세대_전월세,SJ팰리스,영등포동1가,79-2,26.65,,2000,97,7,14,2017,신규,26.07~27.07,,,,,
영등포구,11560,당산동6가,202607,연립다세대_전월세,헤세드,당산동6가,237-34,27,,5000,175,9,23,2024,신규,26.08~27.08,,,,,
영등포구,11560,신길동,202607,연립다세대_전월세,아트라움,신길동,4668-4,26.97,,2457,25,3,22,2025,신규,26.08~28.10,,,,,
영등포구,11560,양평동2가,202607,연립다세대_전월세,비바체더리버파크,양평동2가,42,20.55,,2000,140,5,20,2024,신규,26.07~27.07,,,,,
영등포구,11560,영등포동2가,202607,연립다세대_전월세,두리하임,영등포동2가,94-314,19.2,,13600,18,7,22,2016,신규,26.09~28.09,,,,,
영등포구,11560,신길동,202607,연립다세대_전월세,아트라움,신길동,4668-4,27.69,,2664,27,3,22,2025,신규,26.08~28.10,,,,,
영등포구,11560,양평동4가,202607,연립다세대_전월세,코쿤빌,양평동4가,248,17.34,,5000,35,4,13,2011,신규,26.08~28.08,,,,,
영등포구,11560,신길동,202607,연립다세대_전월세,프리가,신길동,314-6,26.8,,2763,15,3,22,2016,갱신,26.08~28.07,2707.0,15.0,,,
영등포구,11560,영등포동7가,202607,연립다세대_전월세,"골든힐A,B동",영등포동7가,94-355,36.58,,26000,35,9,22,2016,신규,26.08~28.08,,,,,
영등포구,11560,양평동3가,202607,연립다세대_전월세,수영빌,양평동3가,30-14,18.36,,1000,63,3,3,2015,갱신,26.07~27.07,1000.0,60.0,,,
영등포구,11560,양평동4가,202607,연립다세대_전월세,소미골드라인Ⅱ,양평동4가,214,23.33,,25300,19,10,22,2019,신규,26.08~28.08,,,,,
영등포구,11560,대림동,202607,연립다세대_전월세,OaktreevilDR2,대림동,775-11,26.53,,2571,27,2,21,2022,신규,26.08~28.10,,,,,
영등포구,11560,당산동3가,202607,연립다세대_전월세,당산파크뷰,당산동3가,398-1,13.83,,17000,33,9,21,2022,신규,26.09~28.08,,,,,
영등포구,11560,영등포동7가,202607,연립다세대_전월세,에이치플러스429,영등포동7가,94-95,25.54,,23300,18,9,20,2018,신규,26.08~28.08,,,,,
영등포구,11560,대림동,202607,연립다세대_전월세,아이유하임,대림동,733-7,36.11,,1349,36,2,21,2021,갱신,26.08~28.07,1349.0,36.0,,,
영등포구,11560,대림동,202607,연립다세대_전월세,경동파크빌,대림동,737-2,29.94,,4598,47,2,21,2022,신규,26.08~28.10,,,,,
영등포구,11560,당산동1가,202607,연립다세대_전월세,당산쉐르빌,당산동1가,256-202,29.65,,19700,0,4,21,2016,갱신,26.09~28.09,19400.0,,사용,,
영등포구,11560,양평동3가,202607,연립다세대_전월세,어썸씨티,양평동3가,78-3,29.59,,28600,5,6,11,2020,갱신,26.09~28.09,28600.0,,사용,,
영등포구,11560,대림동,202607,연립다세대_전월세,(604-145),대림동,604-145,44.4,,21000,10,2,13,2001,갱신,26.07~28.07,21000.0,,,,
영등포구,11560,당산동1가,202607,연립다세대_전월세,당산쉐르빌,당산동1가,256-202,29.65,,19700,0,4,21,2016,신규,26.09~28.09,,,,,
영등포구,11560,도림동,202607,연립다세대_전월세,(138-33),도림동,138-33,25.94,,22000,0,3,18,2026,신규,26.09~28.09,,,,,
영등포구,11560,양평동4가,202607,연립다세대_전월세,리버하우스B동(182-3),양평동4가,182-3,29.2,,3000,76,2,17,2010,갱신,26.09~28.09,3000.0,72.0,,,
영등포구,11560,영등포동2가,202607,연립다세대_전월세,크렌시아하우스,영등포동2가,28-121,21.76,,11000,0,5,20,2015,신규,26.08~28.08,,,,,
영등포구,11560,신길동,202607,연립다세대_전월세,디에이원파크,신길동,101-13,23.08,,28800,10,11,20,2020,신규,26.08~28.08,,,,,
영등포구,11560,도림동,202607,연립다세대_전월세,무림빌라(30-0),도림동,30,81.61,,19000,0,3,17,1985,갱신,26.08~28.08,19000.0,,사용,,
영등포구,11560,신길동,202607,연립다세대_전월세,도원빌라(189-28),신길동,189-28,28.51,,12000,0,1,20,2002,신규,26.10~28.10,,,,,
영등포구,11560,영등포동7가,202607,연립다세대_전월세,"골든힐A,B동",영등포동7가,94-355,36.58,,26000,35,9,21,2016,신규,26.08~28.08,,,,,
영등포구,11560,당산동1가,202607,연립다세대_전월세,삼정주택,당산동1가,230,29.77,,2798,29,3,21,2022,신규,26.08~28.10,,,,,
영등포구,11560,양평동5가,202607,연립다세대_전월세,정호빌라나동(108-9),양평동5가,108-9,41.4,,20000,4,2,18,1988,신규,26.09~28.09,,,,,
영등포구,11560,신길동,202607,연립다세대_전월세,원트레빌1차,신길동,47-8,15.25,,16800,0,5,20,2016,신규,26.08~28.08,,,,,
영등포구,11560,신길동,202607,연립다세대_전월세,동건빌라,신길동,355-169,62.215,,22000,35,2,17,2002,신규,26.09~28.09,,,,,
영등포구,11560,대림동,202607,연립다세대_전월세,애드온빌,대림동,873-22,22.3,,15000,0,2,16,2019,신규,26.08~28.08,,,,,
영등포구,11560,영등포동2가,202607,연립다세대_전월세,시원팰릭스,영등포동2가,440,13.65,,19200,4,9,18,2018,신규,26.08~28.08,,,,,
영등포구,11560,영등포동7가,202607,연립다세대_전월세,한가람더원,영등포동7가,94-328,29.67,,25000,25,12,20,2020,갱신,26.08~28.08,25000.0,25.0,사용,,
영등포구,11560,당산동1가,202607,연립다세대_전월세,에이원하우징,당산동1가,166-1,29.88,,26300,20,6,16,2018,신규,26.08~28.08,,,,,
영등포구,11560,양평동4가,202607,연립다세대_전월세,(272-1),양평동4가,272-1,29.96,,23000,35,6,18,2015,신규,26.09~28.09,,,,,
영등포구,11560,영등포동,202607,연립다세대_전월세,영등포벨류2,영등포동,618-29,28.57,,27500,0,3,16,2020,신규,26.09~28.09,,,,,
영등포구,11560,대림동,202607,연립다세대_전월세,우성아트빌,대림동,1011-18,29.48,,20000,0,2,19,2016,신규,26.09~28.09,,,,,
영등포구,11560,영등포동6가,202607,연립다세대_전월세,현대하이츠,영등포동6가,121-6,29.01,,23500,25,8,17,2018,신규,26.09~28.09,,,,,
영등포구,11560,도림동,202607,연립다세대_전월세,메종드카라,도림동,250,28.01,,26250,0,4,17,2021,신규,26.07~28.07,,,,,
영등포구,11560,도림동,202607,연립다세대_전월세,고려로얄타운나동(234-16),도림동,234-16,72.09,,28000,0,5,19,2003,신규,26.11~28.11,,,,,
영등포구,11560,양평동4가,202607,연립다세대_전월세,리버캐슬,양평동4가,169,16.59,,2000,55,3,6,2011,신규,26.07~28.07,,,,,
영등포구,11560,영등포동1가,202607,연립다세대_전월세,팰리스페트라,영등포동1가,24,23.64,,18000,15,10,17,2017,신규,26.08~28.08,,,,,
영등포구,11560,당산동,202607,연립다세대_전월세,승리빌라(121-157),당산동,121-157,26.34,,8000,45,4,17,1994,신규,26.08~28.08,,,,,
영등포구,11560,신길동,202607,연립다세대_전월세,여의도스테이A동,신길동,1354,29.72,,30000,0,2,17,2024,신규,26.10~28.10,,,,,
영등포구,11560,당산동6가,202607,연립다세대_전월세,스카이빌,당산동6가,237-15,66.93,,32000,0,3,15,2008,신규,26.10~28.10,,,,,
영등포구,11560,영등포동2가,202607,연립다세대_전월세,크렌시아하우스,영등포동2가,28-121,23.7,,3000,45,3,16,2015,신규,26.08~28.08,,,,,
영등포구,11560,대림동,202607,연립다세대_전월세,영신빌라(894-31),대림동,894-31,51.8,,13000,10,1,8,1977,신규,26.09~28.09,,,,,
영등포구,11560,양평동4가,202607,연립다세대_전월세,프라임빌,양평동4가,153-32,29.99,,23500,20,6,16,2015,신규,26.09~28.09,,,,,
영등포구,11560,대림동,202607,연립다세대_전월세,라움캐슬,대림동,1011-4,29.5,,26000,0,3,15,2026,신규,26.08~28.08,,,,,
영등포구,11560,당산동6가,202607,연립다세대_전월세,스카이빌,당산동6가,237-15,66.93,,32000,0,3,15,2008,신규,26.10~28.10,,,,,
영등포구,11560,영등포동2가,202607,연립다세대_전월세,리오파크오피스텔,영등포동2가,300-1,14.71,,13800,18,3,15,2022,신규,26.09~28.09,,,,,
영등포구,11560,영등포동6가,202607,연립다세대_전월세,유경오피스텔,영등포동6가,66-11,39.41,,5000,115,2,16,2021,신규,26.09~27.09,,,,,
영등포구,11560,양평동4가,202607,연립다세대_전월세,굿모닝빌,양평동4가,165,29.79,,17000,15,5,1,2010,신규,26.08~28.08,,,,,
영등포구,11560,신길동,202607,연립다세대_전월세,주원베르빌102동,신길동,158-29,27.85,,35100,0,6,12,2019,갱신,26.07~28.07,35100.0,,,,
영등포구,11560,영등포동4가,202607,연립다세대_전월세,태양씨티하우스,영등포동4가,167-1,19.08,,11000,18,7,16,2012,갱신,26.09~28.09,11000.0,15.0,사용,,
영등포구,11560,대림동,202607,연립다세대_전월세,십장생,대림동,953-9,52.42,,10000,50,3,16,2004,신규,26.09~28.09,,,,,
영등포구,11560,양평동4가,202607,연립다세대_전월세,리버하우스A동(182-1),양평동4가,182-1,28.18,,15000,25,4,10,2010,신규,26.07~28.06,,,,,
영등포구,11560,신길동,202607,연립다세대_전월세,디에이원파크,신길동,101-13,24.77,,30400,0,11,14,2020,갱신,26.08~28.08,30000.0,,,,
영등포구,11560,당산동,202607,연립다세대_전월세,여의나루더명남더블레스,당산동,121-72,26.81,,25400,18,13,4,2019,갱신,26.07~27.11,26500.0,13.0,,,
영등포구,11560,영등포동,202607,연립다세대_전월세,유일빌라(620-51),영등포동,620-51,117.07,,10000,30,4,15,2001,신규,26.09~28.09,,,,,
영등포구,11560,도림동,202607,연립다세대_전월세,(138-33),도림동,138-33,27.43,,20000,0,3,15,2026,신규,26.08~28.08,,,,,
영등포구,11560,양평동5가,202607,연립다세대_전월세,선유도나인빌B동,양평동5가,108-8,29.1,,21790,22,5,13,2015,갱신,26.08~28.08,21790.0,10.0,,,
영등포구,11560,양평동6가,202607,연립다세대_전월세,"아트리버빌D동,E동",양평동6가,20-2,29.82,,19700,25,2,15,2015,신규,26.08~27.08,,,,,
영등포구,11560,신길동,202607,연립다세대_전월세,영모던빌,신길동,89-119,30,,25000,18,5,15,2017,신규,26.09~28.09,,,,,
영등포구,11560,도림동,202607,연립다세대_전월세,리치하우스,도림동,240-11,29.79,,13000,30,4,1,2013,신규,26.08~28.08,,,,,
영등포구,11560,대림동,202607,연립다세대_전월세,아이유하임A,대림동,722-4,42.22,,4803,28,4,15,2021,갱신,26.08~28.07,3430.0,35.0,,,
영등포구,11560,양평동5가,202607,연립다세대_전월세,선유도리버빌A동,양평동5가,121-2,28.5,,24300,0,3,15,2015,갱신,26.08~28.08,24300.0,,,,
영등포구,11560,당산동,202607,연립다세대_전월세,가온빌,당산동,121-289,21.4,,14700,0,11,15,2016,신규,26.08~28.08,,,,,
영등포구,11560,당산동1가,202607,연립다세대_전월세,신현빌,당산동1가,256-17,13.62,,19900,25,8,15,2024,신규,26.07~28.07,,,,,
영등포구,11560,당산동1가,202607,연립다세대_전월세,다솔시티하임,당산동1가,143,29.54,,24200,40,4,4,2017,갱신,26.09~28.09,23900.0,30.0,사용,,
영등포구,11560,양평동1가,202607,연립다세대_전월세,성운하우징,양평동1가,213-1,29.99,,31100,0,4,10,2020,신규,26.10~28.10,,,,,
영등포구,11560,신길동,202607,연립다세대_전월세,이에스하임,신길동,276-81,29.48,,25300,0,5,14,2020,갱신,26.08~28.08,24100.0,,사용,,
영등포구,11560,양평동3가,202607,연립다세대_전월세,어썸씨티,양평동3가,78-3,29.59,,28600,5,5,11,2020,갱신,26.10~28.10,28600.0,,사용,,
영등포구,11560,신길동,202607,연립다세대_전월세,더로드캐슬,신길동,98-12,24.06,,33900,0,5,13,2021,갱신,26.08~28.08,32300.0,,,,
영등포구,11560,양평동1가,202607,연립다세대_전월세,성운하우징,양평동1가,213-1,29.99,,31000,0,4,13,2020,갱신,26.08~28.08,30950.0,,사용,,
영등포구,11560,당산동4가,202607,연립다세대_전월세,해명하우스(32-91),당산동4가,32-91,25.06,,2000,57,4,13,2002,신규,26.07~28.07,,,,,
영등포구,11560,신길동,202607,연립다세대_전월세,한림캐슬,신길동,4828,16.08,,2000,62,6,14,2015,갱신,26.08~27.08,2000.0,60.0,,,
영등포구,11560,신길동,202607,연립다세대_전월세,쌍용프라임,신길동,150-3,42.43,,37000,0,5,4,2019,신규,26.09~28.09,,,,,
영등포구,11560,당산동,202607,연립다세대_전월세,스테이휴당산101동,당산동,121-245,26.85,,23400,0,3,13,2016,신규,26.08~28.08,,,,,
영등포구,11560,대림동,202607,연립다세대_전월세,태흥빌라(1066-74),대림동,1066-74,63.48,,500,45,5,10,2002,신규,26.07~28.07,,,,,
영등포구,11560,영등포동6가,202607,연립다세대_전월세,케이디타워,영등포동6가,127-11,20.09,,3000,105,2,11,2023,신규,26.07~28.07,,,,,
영등포구,11560,영등포동4가,202607,연립다세대_전월세,스퀘어뷰,영등포동4가,117-7,18.98,,15000,0,8,8,2016,갱신,26.08~28.08,15000.0,,,,
영등포구,11560,당산동3가,202607,연립다세대_전월세,밀레니엄,당산동3가,395-17,29.87,,28000,23,5,12,2017,신규,26.08~28.08,,,,,
영등포구,11560,도림동,202607,연립다세대_전월세,리치하우스,도림동,240-11,29.97,,13000,40,4,6,2013,신규,26.08~28.08,,,,,
영등포구,11560,도림동,202607,연립다세대_전월세,카사데로사빌,도림동,141-28,23.12,,24000,0,5,9,2024,신규,26.07~28.07,,,,,
영등포구,11560,신길동,202607,연립다세대_전월세,그랜드하임,신길동,158-12,46.65,,37000,0,5,10,2022,신규,26.08~28.08,,,,,
영등포구,11560,양평동3가,202607,연립다세대_전월세,(33-8),양평동3가,33-8,15.07,,9000,0,3,12,2013,신규,26.07~28.07,,,,,
영등포구,11560,영등포동2가,202607,연립다세대_전월세,루브르하우스,영등포동2가,284-4,29.75,,19000,30,6,7,2018,신규,26.09~28.09,,,,,
영등포구,11560,도림동,202607,연립다세대_전월세,(138-33),도림동,138-33,29.09,,25000,0,4,10,2026,신규,26.09~28.09,,,,,
영등포구,11560,대림동,202607,연립다세대_전월세,라움캐슬,대림동,1011-4,26.54,,24500,0,2,10,2026,신규,26.08~28.08,,,,,
영등포구,11560,당산동6가,202607,연립다세대_전월세,코지빌,당산동6가,237-45,16.42,,1000,44,5,10,2011,신규,26.07~28.07,,,,,
영등포구,11560,신길동,202607,연립다세대_전월세,미림빌라7동(420-172),신길동,420-172,37.85,,9000,0,-1,8,1993,신규,26.07~28.07,,,,,
영등포구,11560,신길동,202607,연립다세대_전월세,장미빌라,신길동,3922,94.56,,20000,50,3,8,1985,갱신,26.07~28.07,29000.0,,,,
영등포구,11560,영등포동2가,202607,연립다세대_전월세,인정타운,영등포동2가,28-151,15.05,,2000,43,3,3,2013,신규,26.07~27.07,,,,,
영등포구,11560,신길동,202607,연립다세대_전월세,주원베르빌101동,신길동,158-28,29.21,,26050,0,3,5,2019,갱신,26.10~28.10,26050.0,,,,
영등포구,11560,양평동1가,202607,연립다세대_전월세,영일아트빌,양평동1가,206,24.95,,30000,0,7,9,2021,갱신,26.07~28.07,30000.0,,사용,,
영등포구,11560,도림동,202607,연립다세대_전월세,(138-33),도림동,138-33,25.22,,20000,15,2,8,2026,신규,26.07~28.07,,,,,
영등포구,11560,영등포동7가,202607,연립다세대_전월세,한강시티뷰,영등포동7가,29-45,29.59,,20000,56,9,8,2019,신규,26.08~28.08,,,,,
영등포구,11560,신길동,202607,연립다세대_전월세,신길바른리움101동,신길동,124-10,36.07,,3000,150,5,7,2017,신규,26.09~28.09,,,,,
영등포구,11560,신길동,202607,연립다세대_전월세,현대힐타운,신길동,7-49,33.36,,30000,0,2,8,2016,갱신,26.08~28.08,28600.0,,,,
영등포구,11560,신길동,202607,연립다세대_전월세,더하우스(463-11),신길동,463-11,28.06,,3000,105,4,7,2018,신규,26.08~28.08,,,,,
영등포구,11560,신길동,202607,연립다세대_전월세,은성리치빌,신길동,1405,41.69,,20835,0,3,4,2002,신규,26.07~28.07,,,,,
영등포구,11560,양평동6가,202607,연립다세대_전월세,더하우스Ⅰ,양평동6가,7,15.68,,9670,7,5,7,2011,신규,26.07~26.10,,,,,
영등포구,11560,신길동,202607,연립다세대_전월세,(189-15),신길동,189-15,59,,10000,65,4,7,2001,갱신,26.08~28.08,10000.0,60.0,사용,,
영등포구,11560,영등포동4가,202607,연립다세대_전월세,브라운시티,영등포동4가,117-2,16.59,,5000,50,6,7,2013,신규,26.07~28.07,,,,,
영등포구,11560,영등포동2가,202607,연립다세대_전월세,인정오피스텔II,영등포동2가,94-126,14.685,,13000,16,8,3,2016,갱신,26.07~28.07,13000.0,7.0,사용,,
영등포구,11560,신길동,202607,연립다세대_전월세,더행복한집,신길동,7-39,65.53,,30000,0,4,5,2016,갱신,26.07~28.07,30000.0,,,,
영등포구,11560,신길동,202607,연립다세대_전월세,여의도스테이B동,신길동,1354-1,27.12,,29600,0,2,6,2024,신규,26.10~28.10,,,,,
영등포구,11560,대림동,202607,연립다세대_전월세,방주빌라B동(766-1),대림동,766-1,35.04,,3000,65,2,3,1991,신규,26.07~28.07,,,,,
영등포구,11560,당산동6가,202607,연립다세대_전월세,헤세드,당산동6가,237-34,27,,37400,5,7,6,2024,갱신,26.09~28.09,37000.0,,사용,,
영등포구,11560,양평동1가,202607,연립다세대_전월세,성운타운2차,양평동1가,148-9,29.77,,5500,113,6,6,2019,신규,26.07~28.07,,,,,
영등포구,11560,문래동3가,202607,연립다세대_전월세,세종에버그린,문래동3가,81,25.97,,3000,110,4,6,2017,신규,26.07~28.07,,,,,
영등포구,11560,신길동,202607,연립다세대_전월세,페트라하우스,신길동,278-80,29.43,,29800,0,4,4,2020,갱신,26.07~28.07,28800.0,,,,
영등포구,11560,양평동4가,202607,연립다세대_전월세,세이지빌2차,양평동4가,163-1,29.9,,17600,20,4,4,2011,신규,26.08~28.08,,,,,
영등포구,11560,도림동,202607,연립다세대_전월세,(138-33),도림동,138-33,25.22,,19500,0,3,5,2026,신규,26.07~28.07,,,,,
영등포구,11560,도림동,202607,연립다세대_전월세,부림타운나동(234-13),도림동,234-13,72.88,,26000,5,2,4,2001,갱신,26.09~28.09,26000.0,5.0,,,
영등포구,11560,양평동6가,202607,연립다세대_전월세,"아트리버빌J동,K동",양평동6가,20-5,25.59,,5000,100,4,2,2015,갱신,26.08~28.08,5000.0,90.0,사용,,
영등포구,11560,대림동,202607,연립다세대_전월세,동우빌라(942-46),대림동,942-46,52.66,,18000,0,3,2,2002,신규,26.08~28.08,,,,,
영등포구,11560,영등포동,202607,연립다세대_전월세,영등포벨류2,영등포동,618-29,29.81,,26770,0,5,1,2020,갱신,26.07~28.07,25500.0,,사용,,
영등포구,11560,영등포동2가,202607,연립다세대_전월세,한가람더원301동,영등포동2가,94-204,48.8535,,43000,40,11,1,2022,갱신,26.08~28.08,43000.0,35.0,사용,,
영등포구,11560,양평동4가,202607,연립다세대_전월세,굿모닝빌,양평동4가,165,29.79,,17000,15,5,1,2010,신규,26.08~28.09,,,,,
영등포구,11560,양평동4가,202607,연립다세대_전월세,(254-2),양평동4가,254-2,29.3,,16500,10,5,1,2010,신규,26.09~28.09,,,,,
영등포구,11560,당산동6가,202607,연립다세대_전월세,강변리치빌Ⅱ,당산동6가,216-1,29.76,,22000,25,5,1,2015,갱신,26.08~28.08,22000.0,20.0,사용,,
영등포구,11560,도림동,202607,연립다세대_전월세,(138-64),도림동,138-64,29.61,,23900,0,4,1,2026,신규,26.07~28.07,,,,,
영등포구,11560,대림동,202607,아파트_전월세,e편한세상영등포아델포레,대림동,1127,84.9948,,74550,0,10,25,2020,,,,,,,
영등포구,11560,여의도동,202607,아파트_전월세,삼부,여의도동,30-2,146.68,,50000,300,1,4,1975,,,,,,,
영등포구,11560,양평동3가,202607,아파트_전월세,경남아너스빌,양평동3가,55-1,59.9,,47000,0,9,27,1998,,,,,,,
영등포구,11560,대림동,202607,아파트_전월세,e편한세상영등포아델포레,대림동,1127,59.9792,,10000,180,13,31,2020,,,,,,,
영등포구,11560,당산동5가,202607,아파트_전월세,당산효성타운2차,당산동5가,13,84.38,,80000,0,12,26,2001,,,,,,,
영등포구,11560,신길동,202607,아파트_전월세,신길센트럴아이파크,신길동,4955,84.98,,80000,0,16,26,2019,,,,,,,
영등포구,11560,신길동,202607,아파트_전월세,삼성,신길동,4759,60.48,,35000,0,8,24,1984,,,,,,,
영등포구,11560,영등포동8가,202607,아파트_전월세,삼환,영등포동8가,76-1,84.87,,80000,0,19,25,1999,,,,,,,
영등포구,11560,당산동1가,202607,아파트_전월세,진로,당산동1가,16-1,84.87,,68000,0,16,23,1997,,,,,,,
영등포구,11560,당산동4가,202607,아파트_전월세,당산현대5차,당산동4가,30-1,84.69,,70000,13,10,16,2000,,,,,,,
영등포구,11560,당산동4가,202607,아파트_전월세,당산현대3차,당산동4가,88,59.26,,42400,0,7,11,1988,,,,,,,
영등포구,11560,신길동,202607,아파트_전월세,우성3,신길동,4656,53.24,,31190,0,11,11,1989,,,,,,,
영등포구,11560,영등포동,202607,아파트_전월세,영등포푸르지오,영등포동,647,79.777,,8000,165,3,18,2002,,,,,,,
영등포구,11560,문래동6가,202607,아파트_전월세,현대1차,문래동6가,46,79.52,,64000,0,9,17,1986,,,,,,,
영등포구,11560,당산동5가,202607,아파트_전월세,당산효성1차,당산동5가,12,134.77,,70000,140,8,2,1999,,,,,,,
영등포구,11560,당산동4가,202607,아파트_전월세,당산현대3차,당산동4가,88,59.26,,48000,0,10,10,1988,,,,,,,
영등포구,11560,대림동,202607,아파트_전월세,코오롱,대림동,607-1,84.93,,20000,140,16,5,1998,,,,,,,
영등포구,11560,당산동,202607,아파트_전월세,래미안당산1차,당산동,374,114.79,,63000,0,12,4,1995,,,,,,,
영등포구,11560,신길동,202607,아파트_전월세,삼성,신길동,4759,41.58,,20000,0,2,4,1984,,,,,,,
영등포구,11560,양평동5가,202607,아파트_전월세,양평한신,양평동5가,76,59.94,,20000,150,13,4,1996,,,,,,,
영등포구,11560,영등포동7가,202607,아파트_전월세,경남아너스빌,영등포동7가,46-1,59.9,,47250,0,8,4,1998,,,,,,,
영등포구,11560,양평동1가,202607,아파트_전월세,신동아,양평동1가,20,61.59,,44000,0,3,4,1982,,,,,,,
영등포구,11560,신길동,202607,아파트_전월세,비스타동원,신길동,4975,51.4619,,40800,4,16,23,2024,,,,,,,
영등포구,11560,양평동1가,202607,아파트_전월세,삼환,양평동1가,245,59.76,,42000,0,8,27,1994,갱신,26.10~28.10,42000.0,,사용,,
영등포구,11560,도림동,202607,아파트_전월세,에스제이팰리스,도림동,195-5,24.04,,4000,100,10,28,2019,갱신,26.09~28.09,4000.0,95.0,,,
영등포구,11560,문래동6가,202607,아파트_전월세,현대6차,문래동6가,55-1,50.55,,35500,0,7,25,1997,신규,26.08~28.08,,,,,
영등포구,11560,당산동4가,202607,아파트_전월세,당산반도유보라팰리스,당산동4가,96,84.99,,84000,0,10,25,2010,갱신,26.11~29.01,80000.0,,사용,,
영등포구,11560,당산동,202607,아파트_전월세,휴브리지빌딩,당산동,121-200,16.72,,1000,70,6,28,2012,신규,26.08~27.08,,,,,
영등포구,11560,영등포동7가,202607,아파트_전월세,아크로타워스퀘어,영등포동7가,203,84.69,,89250,0,22,30,2017,갱신,26.11~28.11,85000.0,,사용,,
영등포구,11560,영등포동,202607,아파트_전월세,영등포푸르지오,영등포동,647,79.777,,30000,160,11,11,2002,신규,26.10~28.10,,,,,
영등포구,11560,영등포동7가,202607,아파트_전월세,훼미리하우스117,영등포동7가,94-51,16.98,,1000,67,6,27,2012,신규,26.08~27.08,,,,,
영등포구,11560,당산동2가,202607,아파트_전월세,당산2가현대홈타운,당산동2가,164,82.77,,72000,0,5,5,1994,신규,26.08~28.08,,,,,
영등포구,11560,당산동,202607,아파트_전월세,강변래미안,당산동,376,55.91,,70000,0,3,22,2002,신규,26.10~28.10,,,,,
영등포구,11560,여의도동,202607,아파트_전월세,시범,여의도동,50,79.24,,45000,0,11,17,1971,신규,26.09~28.09,,,,,
영등포구,11560,여의도동,202607,아파트_전월세,시범,여의도동,50,79.24,,45000,0,11,17,1971,신규,26.09~28.09,,,,,
영등포구,11560,대림동,202607,아파트_전월세,e편한세상영등포아델포레,대림동,1127,59.968,,63000,0,4,30,2020,갱신,26.10~28.10,60000.0,,사용,,
영등포구,11560,양평동2가,202607,아파트_전월세,양평벽산블루밍,양평동2가,23,59.58,,42000,0,15,9,1990,갱신,26.09~28.09,40000.0,,사용,,
영등포구,11560,당산동2가,202607,아파트_전월세,당산2가현대홈타운,당산동2가,164,82.77,,50000,80,5,28,1994,신규,26.08~28.08,,,,,
영등포구,11560,당산동5가,202607,아파트_전월세,당산센트럴아이파크,당산동5가,43,59.98,,84000,0,16,25,2020,갱신,26.10~28.10,80000.0,,사용,,
영등포구,11560,여의도동,202607,아파트_전월세,서울,여의도동,21-1,200.3,,4000,465,2,28,1976,갱신,26.07~28.07,4000.0,450.0,사용,,
영등포구,11560,양평동3가,202607,아파트_전월세,삼천리,양평동3가,24,84.94,,10000,200,4,11,2000,신규,26.08~28.08,,,,,
영등포구,11560,영등포동7가,202607,아파트_전월세,엔비어스파크,영등포동7가,209,16.645,,1000,73,13,23,2020,신규,26.08~27.08,,,,,
영등포구,11560,당산동,202607,아파트_전월세,THESILK,당산동,121-132,45.81,,5000,131,7,6,2013,신규,26.08~28.08,,,,,
영등포구,11560,신길동,202607,아파트_전월세,래미안에스티움,신길동,4950,84.97,,80000,16,10,28,2017,갱신,26.11~28.11,80000.0,,사용,,
영등포구,11560,신길동,202607,아파트_전월세,힐스테이트클래시안,신길동,4969,59.91,,30000,158,11,17,2020,갱신,26.09~28.09,30000.0,145.0,사용,,
영등포구,11560,당산동,202607,아파트_전월세,프리가,당산동,121-209,12.73,,5000,17,8,16,2013,신규,26.08~27.08,,,,,
영등포구,11560,신길동,202607,아파트_전월세,래미안에스티움,신길동,4950,118.03,,127000,0,19,31,2017,신규,26.10~28.10,,,,,
영등포구,11560,양평동2가,202607,아파트_전월세,양평벽산블루밍,양평동2가,23,59.58,,43000,0,8,21,1990,갱신,26.09~28.09,41000.0,,사용,,
영등포구,11560,당산동2가,202607,아파트_전월세,당산대우,당산동2가,16-1,31.73,,26000,0,12,17,1999,신규,26.08~28.08,,,,,
영등포구,11560,당산동3가,202607,아파트_전월세,리마크빌당산,당산동3가,567,22.06,,2000,148,7,28,2025,신규,26.08~27.08,,,,,
영등포구,11560,양평동1가,202607,아파트_전월세,창건애드웰,양평동1가,270,51.95,,45000,50,11,13,2006,신규,26.11~28.10,,,,,
영등포구,11560,당산동6가,202607,아파트_전월세,유탑유블레스,당산동6가,336-4,13.7067,,500,80,4,13,2012,신규,26.08~27.08,,,,,
영등포구,11560,여의도동,202607,아파트_전월세,여의도자이,여의도동,47,148.94,,50000,550,33,2,2008,신규,26.10~28.10,,,,,
영등포구,11560,당산동4가,202607,아파트_전월세,당산현대3차,당산동4가,88,84.5,,9000,137,9,9,1988,갱신,26.08~27.07,9000.0,114.0,,,
영등포구,11560,여의도동,202607,아파트_전월세,시범,여의도동,50,79.24,,20000,130,12,13,1971,신규,26.08~28.08,,,,,
영등포구,11560,당산동,202607,아파트_전월세,리스빌,당산동,121-43,12.87,,2000,44,10,4,2012,신규,26.08~27.08,,,,,
영등포구,11560,여의도동,202607,아파트_전월세,롯데캐슬엠파이어,여의도동,36,156.66,,150000,0,24,16,2005,갱신,26.09~27.02,140000.0,,,,
영등포구,11560,대림동,202607,아파트_전월세,e편한세상영등포아델포레,대림동,1127,84.9571,,85000,0,11,27,2020,신규,26.09~28.09,,,,,
영등포구,11560,대림동,202607,아파트_전월세,G밸리소홈,대림동,1101-7,16.1,,13000,10,8,31,2018,갱신,26.09~28.09,14870.0,,사용,,
영등포구,11560,영등포동,202607,아파트_전월세,영등포푸르지오,영등포동,647,79.777,,63000,0,7,11,2002,갱신,26.08~28.08,60000.0,,사용,,
영등포구,11560,도림동,202607,아파트_전월세,도림청구,도림동,221-1,37.63,,3000,100,6,22,1997,신규,26.08~28.08,,,,,
영등포구,11560,신길동,202607,아파트_전월세,더샵파크프레스티지,신길동,4974,59.8995,,20000,220,15,17,2022,신규,26.10~28.10,,,,,
영등포구,11560,신길동,202607,아파트_전월세,비스타동원,신길동,4975,51.4619,,33200,4,7,27,2024,신규,26.09~28.09,,,,,
영등포구,11560,당산동4가,202607,아파트_전월세,당산현대3차,당산동4가,88,84.93,,20000,200,6,11,1988,신규,26.08~28.08,,,,,
영등포구,11560,문래동6가,202607,아파트_전월세,현대2차,문래동6가,45,59.31,,41400,0,15,30,1987,갱신,26.09~28.09,39500.0,,사용,,
영등포구,11560,문래동3가,202607,아파트_전월세,문래자이,문래동3가,54,147.34,,90000,20,10,13,2001,갱신,26.10~28.10,90000.0,20.0,,,
영등포구,11560,여의도동,202607,아파트_전월세,시범,여의도동,50,79.24,,3000,137,3,25,1971,갱신,26.09~28.09,3000.0,130.0,사용,,
영등포구,11560,신길동,202607,아파트_전월세,삼환,신길동,897-1,84.84,,70000,0,15,31,1997,신규,26.10~28.10,,,,,
영등포구,11560,문래동3가,202607,아파트_전월세,문래자이,문래동3가,54,84.98,,81000,0,14,9,2001,갱신,26.09~28.09,78000.0,,사용,,
영등포구,11560,신길동,202607,아파트_전월세,포레나 신길,신길동,4937,84.5802,,75000,0,11,29,2008,신규,26.10~28.10,,,,,
영등포구,11560,신길동,202607,아파트_전월세,프리가,신길동,65-21,13.6,,1000,65,9,18,2013,신규,26.08~27.08,,,,,
영등포구,11560,영등포동3가,202607,아파트_전월세,포레스트힐시티,영등포동3가,19-2,13.53,,500,65,5,17,2014,갱신,26.08~27.08,500.0,63.0,,,
영등포구,11560,양평동6가,202607,아파트_전월세,동양,양평동6가,100,84.85,,60800,0,6,11,2000,갱신,26.08~28.08,58000.0,,사용,,
영등포구,11560,여의도동,202607,아파트_전월세,여의도자이,여의도동,47,148.94,,40000,560,28,27,2008,신규,26.10~28.10,,,,,
영등포구,11560,당산동3가,202607,아파트_전월세,리마크빌당산,당산동3가,567,22.06,,2000,147,4,31,2025,신규,26.08~27.08,,,,,
영등포구,11560,양평동3가,202607,아파트_전월세,양평현대6차,양평동3가,101,84.94,,57750,0,1,28,2000,갱신,26.08~28.08,55000.0,,사용,,
영등포구,11560,당산동3가,202607,아파트_전월세,당산계룡리슈빌3단지,당산동3가,565,49.993,,62000,0,2,13,2014,신규,26.09~28.09,,,,,
영등포구,11560,당산동3가,202607,아파트_전월세,리마크빌당산,당산동3가,567,26.96,,2000,174,7,20,2025,신규,26.08~27.08,,,,,
영등포구,11560,여의도동,202607,아파트_전월세,수정,여의도동,32,74.55,,15000,180,12,29,1976,신규,26.10~28.09,,,,,
영등포구,11560,신길동,202607,아파트_전월세,우성5,신길동,4933,84.98,,38500,8,15,25,1993,신규,26.09~28.09,,,,,
영등포구,11560,대림동,202607,아파트_전월세,한신휴2차,대림동,897-1,59.89,,30000,0,7,23,1999,신규,26.08~28.08,,,,,
영등포구,11560,여의도동,202607,아파트_전월세,목화,여의도동,30,89.26,,35700,100,5,29,1977,갱신,26.08~28.08,35600.0,50.0,,,
영등포구,11560,여의도동,202607,아파트_전월세,시범,여의도동,50,79.24,,3000,130,9,16,1971,갱신,26.08~28.08,3000.0,125.0,,,
영등포구,11560,당산동,202607,아파트_전월세,강변래미안,당산동,376,55.91,,60000,0,6,24,2002,신규,26.09~28.09,,,,,
영등포구,11560,영등포동7가,202607,아파트_전월세,여의휴젠느,영등포동7가,94-99,29.95,,35000,0,17,17,2018,신규,26.10~28.10,,,,,
영등포구,11560,당산동,202607,아파트_전월세,리오팰리스,당산동,121-81,18.14,,2000,69,12,4,2015,신규,26.07~27.07,,,,,
영등포구,11560,당산동2가,202607,아파트_전월세,당산대우,당산동2가,16-1,31.73,,25000,0,6,28,1999,갱신,26.10~28.10,20000.0,,,,
영등포구,11560,당산동,202607,아파트_전월세,강변래미안,당산동,376,108.15,,60000,80,3,25,2002,갱신,26.10~28.10,60000.0,60.0,,,
영등포구,11560,양평동3가,202607,아파트_전월세,현대2차,양평동3가,79-4,80.92,,56700,0,12,27,1990,갱신,26.08~28.08,54000.0,,사용,,
영등포구,11560,영등포동1가,202607,아파트_전월세,여의도씨티아이,영등포동1가,113-1,12.59,,11000,0,15,22,2013,신규,26.09~28.09,,,,,
영등포구,11560,여의도동,202607,아파트_전월세,목화,여의도동,30,67.11,,30000,0,2,11,1977,갱신,26.08~28.08,29000.0,,,,
영등포구,11560,신길동,202607,아파트_전월세,비스타동원,신길동,4975,51.4619,,40800,4,16,23,2024,신규,26.09~28.09,,,,,
영등포구,11560,영등포동7가,202607,아파트_전월세,경남아너스빌,영등포동7가,46-1,59.9,,52500,0,5,11,1998,갱신,26.09~28.09,50000.0,,사용,,
영등포구,11560,당산동4가,202607,아파트_전월세,당산반도유보라팰리스,당산동4가,96,124.62,,10000,400,7,14,2010,신규,26.09~28.09,,,,,
영등포구,11560,여의도동,202607,아파트_전월세,진주,여의도동,54,94.31,,80000,0,4,11,1977,신규,27.02~29.02,,,,,
영등포구,11560,신길동,202607,아파트_전월세,포레나 신길,신길동,4937,84.5802,,78000,0,10,13,2008,신규,26.08~28.08,,,,,
영등포구,11560,신길동,202607,아파트_전월세,프리가,신길동,65-21,13.66,,1000,72,7,24,2013,신규,26.08~28.08,,,,,
영등포구,11560,당산동3가,202607,아파트_전월세,리마크빌당산,당산동3가,567,36.24,,2000,239,4,28,2025,신규,26.08~27.08,,,,,
영등포구,11560,영등포동1가,202607,아파트_전월세,여의도씨티아이,영등포동1가,113-1,13.87,,1000,68,13,25,2013,신규,26.08~27.08,,,,,
영등포구,11560,신길동,202607,아파트_전월세,여의도리버뷰,신길동,4942,12.96,,1000,60,4,30,2012,신규,26.09~27.09,,,,,
영등포구,11560,당산동6가,202607,아파트_전월세,디마크당산,당산동6가,331-1,40.35,,5000,250,12,25,2025,신규,26.08~27.08,,,,,
영등포구,11560,대림동,202607,아파트_전월세,(1101-1),대림동,1101-1,13.64,,1000,55,4,6,2012,신규,26.08~27.08,,,,,
영등포구,11560,신길동,202607,아파트_전월세,더샵파크프레스티지,신길동,4974,84.9865,,90000,0,-2,12,2022,신규,26.10~28.10,,,,,
영등포구,11560,영등포동7가,202607,아파트_전월세,아크로타워스퀘어,영등포동7가,203,84.75,,75000,90,4,15,2017,신규,26.08~28.08,,,,,
영등포구,11560,문래동3가,202607,아파트_전월세,문래우정,문래동3가,78,114.93,,25000,0,15,27,1998,신규,26.07~28.07,,,,,
영등포구,11560,영등포동7가,202607,아파트_전월세,아크로타워스퀘어,영등포동7가,203,84.75,,77000,0,12,11,2017,갱신,26.08~28.08,75500.0,,사용,,
영등포구,11560,신길동,202607,아파트_전월세,비스타동원,신길동,4975,51.4619,,36700,19,20,23,2024,신규,26.09~28.09,,,,,
영등포구,11560,당산동,202607,아파트_전월세,미진리버빌,당산동,121-131,19.65,,1000,56,6,23,2012,신규,26.08~27.08,,,,,
영등포구,11560,양평동1가,202607,아파트_전월세,신동아,양평동1가,20,50.81,,30500,0,7,27,1982,갱신,26.09~28.09,28000.0,,,,
영등포구,11560,대림동,202607,아파트_전월세,e편한세상영등포아델포레,대림동,1127,59.968,,65000,0,18,23,2020,갱신,26.08~28.08,47800.0,,,,
영등포구,11560,당산동5가,202607,아파트_전월세,당산디오빌,당산동5가,11-33,28.86,,2000,100,4,11,2005,신규,26.08~27.08,,,,,
영등포구,11560,당산동2가,202607,아파트_전월세,당산대우,당산동2가,16-1,31.73,,26000,0,15,11,1999,신규,26.08~28.08,,,,,
영등포구,11560,영등포동,202607,아파트_전월세,라르파크,영등포동,651,30.2372,,20000,110,10,11,2021,신규,26.09~28.09,,,,,
영등포구,11560,당산동6가,202607,아파트_전월세,유탑유블레스,당산동6가,336-4,13.7067,,1000,70,6,28,2012,신규,26.08~28.08,,,,,
영등포구,11560,당산동4가,202607,아파트_전월세,당산현대3차,당산동4가,88,73.27,,65000,0,11,31,1988,갱신,26.09~28.09,60000.0,,,,
영등포구,11560,당산동4가,202607,아파트_전월세,당산현대5차,당산동4가,30-1,59.55,,20000,165,14,7,2000,신규,26.08~28.08,,,,,
영등포구,11560,여의도동,202607,아파트_전월세,미성,여의도동,37,92.53,,67000,40,2,10,1978,신규,26.10~28.10,,,,,
영등포구,11560,여의도동,202607,아파트_전월세,수정,여의도동,32,74.55,,8000,200,14,8,1976,신규,26.09~28.09,,,,,
영등포구,11560,영등포동1가,202607,아파트_전월세,지엘리베라움,영등포동1가,28,12.62,,14000,12,15,31,2014,신규,26.09~28.09,,,,,
영등포구,11560,신길동,202607,아파트_전월세,힐스테이트클래시안,신길동,4969,59.91,,73500,0,8,25,2020,갱신,26.09~28.09,70000.0,,사용,,
영등포구,11560,당산동5가,202607,아파트_전월세,당산디오빌,당산동5가,11-33,28.86,,30000,0,4,30,2005,신규,26.09~28.09,,,,,
영등포구,11560,신길동,202607,아파트_전월세,포레나 신길,신길동,4937,84.5802,,40000,90,7,18,2008,갱신,26.11~29.01,40000.0,90.0,사용,,
영등포구,11560,문래동3가,202607,아파트_전월세,문래공원한신,문래동3가,77-2,58.96,,23000,140,7,29,1988,신규,26.08~28.08,,,,,
영등포구,11560,문래동3가,202607,아파트_전월세,국화맨션,문래동3가,76-1,84.71,,55000,0,3,29,1983,신규,26.09~28.09,,,,,
영등포구,11560,양평동3가,202607,아파트_전월세,삼호,양평동3가,66,59.96,,60000,0,8,15,1998,신규,26.08~28.08,,,,,
영등포구,11560,양평동1가,202607,아파트_전월세,영등포중흥에스클래스,양평동1가,271,84.95,,82425,0,3,28,2021,갱신,26.07~28.07,78500.0,,사용,,
영등포구,11560,양평동4가,202607,아파트_전월세,삼호한숲,양평동4가,94,59.9,,10000,150,3,25,2000,신규,26.09~28.09,,,,,
영등포구,11560,양평동3가,202607,아파트_전월세,현대2차,양평동3가,79-4,80.92,,61950,0,7,25,1990,갱신,26.09~28.09,59000.0,,,,
영등포구,11560,영등포동1가,202607,아파트_전월세,여의도이튼브라운,영등포동1가,92-3,29.87,,34650,0,10,18,2022,신규,26.09~28.09,,,,,
영등포구,11560,신길동,202607,아파트_전월세,더샵파크프레스티지,신길동,4974,59.8635,,51000,70,9,24,2022,갱신,26.11~28.01,42000.0,53.0,,,
영등포구,11560,당산동4가,202607,아파트_전월세,당산현대5차,당산동4가,30-1,59.55,,63000,0,18,11,2000,갱신,26.07~28.07,60000.0,,사용,,
영등포구,11560,신길동,202607,아파트_전월세,더샵파크프레스티지,신길동,4974,59.8635,,63000,0,4,25,2022,갱신,26.09~28.09,60000.0,,사용,,
영등포구,11560,당산동4가,202607,아파트_전월세,당산현대3차,당산동4가,88,84.5,,20000,200,4,9,1988,신규,26.09~28.09,,,,,
영등포구,11560,여의도동,202607,아파트_전월세,삼부,여의도동,30-2,92.13,,75000,0,1,23,1975,신규,26.10~28.10,,,,,
영등포구,11560,양평동4가,202607,아파트_전월세,성원,양평동4가,12,84.66,,30000,160,3,6,1993,신규,26.09~28.09,,,,,
영등포구,11560,여의도동,202607,아파트_전월세,시범,여의도동,50,60.96,,3000,126,11,13,1971,갱신,26.07~28.07,3000.0,120.0,사용,,
영등포구,11560,영등포동2가,202607,아파트_전월세,이지리움S,영등포동2가,28-117,13.35,,11000,22,13,28,2013,신규,26.08~28.08,,,,,
영등포구,11560,신길동,202607,아파트_전월세,비스타동원,신길동,4975,15.3664,,16000,2,21,28,2024,신규,26.09~28.09,,,,,
영등포구,11560,당산동,202607,아파트_전월세,훼미리하우스138,당산동,121-108,14.28,,10000,10,12,28,2013,신규,26.08~28.08,,,,,
영등포구,11560,영등포동7가,202607,아파트_전월세,훼미리하우스117,영등포동7가,94-51,16.98,,10500,17,12,13,2012,신규,26.09~28.09,,,,,
영등포구,11560,여의도동,202607,아파트_전월세,삼부,여의도동,30-2,92.13,,40000,110,3,10,1975,갱신,26.09~28.09,40000.0,100.0,사용,,
영등포구,11560,여의도동,202607,아파트_전월세,공작,여의도동,21-2,91.97,,42000,40,5,10,1976,신규,26.08~28.08,,,,,
영등포구,11560,영등포동,202607,아파트_전월세,영등포푸르지오,영등포동,647,79.777,,69500,0,16,28,2002,갱신,26.09~27.09,66500.0,,사용,,
영등포구,11560,당산동4가,202607,아파트_전월세,당산삼성2차,당산동4가,94-1,59.76,,10000,180,18,24,1997,갱신,26.08~28.08,20000.0,130.0,사용,,
영등포구,11560,당산동,202607,아파트_전월세,휴브리지빌딩,당산동,121-200,18.37,,2000,65,12,29,2012,신규,26.09~28.09,,,,,
영등포구,11560,문래동3가,202607,아파트_전월세,문래자이,문래동3가,54,84.98,,50000,160,9,13,2001,갱신,26.10~28.10,50000.0,120.0,,,
영등포구,11560,영등포동4가,202607,아파트_전월세,영등포그랑그루,영등포동4가,103,12.1,,1000,65,6,15,2012,신규,26.07~28.07,,,,,
영등포구,11560,당산동3가,202607,아파트_전월세,당산어울림2차,당산동3가,563,84.9651,,74000,0,9,30,2009,갱신,26.09~28.09,70000.0,,,,
영등포구,11560,여의도동,202607,아파트_전월세,시범,여의도동,50,79.24,,40000,0,6,30,1971,갱신,26.08~28.08,35500.0,,,,
영등포구,11560,신길동,202607,아파트_전월세,우성5,신길동,4933,84.98,,45000,0,3,18,1993,갱신,26.07~28.07,43000.0,,,,
영등포구,11560,양평동1가,202607,아파트_전월세,신동아,양평동1가,20,61.59,,44000,0,3,4,1982,갱신,26.08~28.07,36000.0,,,,
영등포구,11560,영등포동8가,202607,아파트_전월세,당산푸르지오,영등포동8가,91,133.34,,110000,0,20,22,2004,신규,26.08~28.08,,,,,
영등포구,11560,문래동4가,202607,아파트_전월세,문래동삼환,문래동4가,43,84.98,,43600,0,7,9,2001,갱신,26.09~28.09,41600.0,,사용,,
영등포구,11560,영등포동,202607,아파트_전월세,라르파크,영등포동,651,30.7084,,40500,0,7,25,2021,신규,26.09~28.09,,,,,
영등포구,11560,여의도동,202607,아파트_전월세,시범,여의도동,50,60.96,,35000,0,10,11,1971,신규,26.09~28.09,,,,,
영등포구,11560,여의도동,202607,아파트_전월세,진주,여의도동,54,63.83,,45000,0,4,29,1977,신규,26.11~28.11,,,,,
영등포구,11560,영등포동1가,202607,아파트_전월세,여의도더리브스타일,영등포동1가,94-2,14.8376,,1000,95,22,24,2020,신규,26.08~28.07,,,,,
영등포구,11560,당산동3가,202607,아파트_전월세,삼익,당산동3가,394,60.83,,10000,130,11,31,1979,신규,26.07~28.07,,,,,
영등포구,11560,여의도동,202607,아파트_전월세,롯데캐슬아이비,여의도동,43-4,113.59,,10000,480,24,20,2005,갱신,26.09~28.09,10000.0,369.0,,,
영등포구,11560,신길동,202607,아파트_전월세,삼환,신길동,897-1,59.53,,25000,140,22,29,1997,신규,26.09~28.09,,,,,
영등포구,11560,신길동,202607,아파트_전월세,루나플라체,신길동,69-20,13.8,,13680,14,9,20,2019,신규,26.08~28.08,,,,,
영등포구,11560,여의도동,202607,아파트_전월세,라이프콤비,여의도동,61-4,122.4,,10000,400,23,11,1994,신규,26.10~28.10,,,,,
영등포구,11560,여의도동,202607,아파트_전월세,시범,여의도동,50,79.24,,5000,170,9,30,1971,신규,26.10~28.10,,,,,
영등포구,11560,여의도동,202607,아파트_전월세,"광장(1,2동)",여의도동,38-1,151.27,,10000,450,2,25,1978,신규,26.09~28.09,,,,,
영등포구,11560,여의도동,202607,아파트_전월세,수정,여의도동,32,74.55,,15000,180,12,29,1976,신규,26.10~28.09,,,,,
영등포구,11560,영등포동1가,202607,아파트_전월세,스테이72여의도,영등포동1가,75-4,12.4,,1000,60,5,31,2013,신규,26.08~28.08,,,,,
영등포구,11560,신길동,202607,아파트_전월세,더샵파크프레스티지,신길동,4974,59.8995,,64000,0,8,24,2022,갱신,26.08~28.08,64000.0,,사용,,
영등포구,11560,대림동,202607,아파트_전월세,G밸리소홈,대림동,1101-7,16.1,,1000,70,14,4,2018,신규,26.08~28.07,,,,,
영등포구,11560,신길동,202607,아파트_전월세,보라매에스케이뷰,신길동,4958,59.98,,20000,250,5,17,2020,신규,26.11~28.11,,,,,
영등포구,11560,당산동3가,202607,아파트_전월세,삼익,당산동3가,394,82.65,,48000,0,5,27,1979,갱신,26.10~28.10,45000.0,,,,
영등포구,11560,대림동,202607,아파트_전월세,한솔솔파크,대림동,1123,84.89,,59325,0,5,31,2008,갱신,26.09~28.09,56500.0,,사용,,
영등포구,11560,신길동,202607,아파트_전월세,우창,신길동,4501,66.82,,10000,85,2,4,1983,신규,26.08~28.08,,,,,
영등포구,11560,신길동,202607,아파트_전월세,삼환,신길동,897-1,59.53,,15000,220,22,8,1997,신규,26.08~28.08,,,,,
영등포구,11560,양평동6가,202607,아파트_전월세,한솔,양평동6가,99,84.13,,54000,0,3,31,1999,갱신,26.08~28.08,52000.0,,,,
영등포구,11560,영등포동7가,202607,아파트_전월세,아크로타워스퀘어,영등포동7가,203,26.78,,13073,39,11,14,2017,갱신,26.08~28.07,10610.0,37.0,,,
영등포구,11560,영등포동,202607,아파트_전월세,영등포푸르지오,영등포동,647,79.777,,30000,160,18,17,2002,신규,26.09~28.09,,,,,
영등포구,11560,여의도동,202607,아파트_전월세,삼부,여의도동,30-2,92.13,,10000,212,12,6,1975,갱신,26.08~28.08,10000.0,200.0,사용,,
영등포구,11560,문래동3가,202607,아파트_전월세,문래공원한신,문래동3가,77-2,58.96,,23000,140,7,29,1988,신규,26.08~28.08,,,,,
영등포구,11560,신길동,202607,아파트_전월세,더샵파크프레스티지,신길동,4974,84.9005,,77700,0,8,18,2022,갱신,26.08~28.08,74000.0,,사용,,
영등포구,11560,영등포동7가,202607,아파트_전월세,포레나영등포센트럴,영등포동7가,208,59.8976,,80000,0,18,4,2020,신규,26.09~28.09,,,,,
영등포구,11560,영등포동7가,202607,아파트_전월세,아크로타워스퀘어,영등포동7가,203,84.69,,20000,180,17,1,2017,신규,26.08~28.08,,,,,
영등포구,11560,여의도동,202607,아파트_전월세,삼익,여의도동,51,123.27,,10000,260,11,22,1974,갱신,26.07~28.07,10000.0,230.0,,,
영등포구,11560,신길동,202607,아파트_전월세,래미안에스티움,신길동,4950,84.92,,75000,90,18,31,2017,신규,26.10~28.10,,,,,
영등포구,11560,양평동3가,202607,아파트_전월세,경남아너스빌,양평동3가,55-1,59.9,,500,30,2,6,1998,신규,26.07~28.07,,,,,
영등포구,11560,당산동5가,202607,아파트_전월세,당산삼성래미안4차,당산동5가,42,97.27,,96600,0,19,31,2003,갱신,26.08~28.08,92000.0,,사용,,
영등포구,11560,신길동,202607,아파트_전월세,보라매에스케이뷰,신길동,4958,84.98,,75600,0,9,31,2020,갱신,26.07~28.07,72000.0,,,,
영등포구,11560,영등포동7가,202607,아파트_전월세,포레나영등포센트럴,영등포동7가,208,59.8976,,10000,280,13,30,2020,신규,26.10~28.10,,,,,
영등포구,11560,양평동5가,202607,아파트_전월세,양평한신,양평동5가,76,59.94,,30000,130,12,29,1996,신규,26.10~28.10,,,,,
영등포구,11560,당산동3가,202607,아파트_전월세,리마크빌당산,당산동3가,567,23.46,,2000,150,4,27,2025,신규,26.07~27.07,,,,,
영등포구,11560,신길동,202607,아파트_전월세,래미안에스티움,신길동,4950,59.95,,68250,0,6,10,2017,갱신,26.09~28.09,65000.0,,사용,,
영등포구,11560,대림동,202607,아파트_전월세,G밸리소홈,대림동,1101-7,16.1,,1000,70,13,30,2018,신규,26.08~27.08,,,,,
영등포구,11560,당산동4가,202607,아파트_전월세,당산현대3차,당산동4가,88,59.26,,52500,0,2,31,1988,갱신,26.07~28.07,50000.0,,사용,,
영등포구,11560,영등포동1가,202607,아파트_전월세,여의도씨티아이,영등포동1가,113-1,12.59,,10000,25,12,30,2013,신규,26.08~28.08,,,,,
영등포구,11560,대림동,202607,아파트_전월세,e편한세상영등포아델포레,대림동,1127,59.968,,21570,29,13,13,2020,신규,26.07~28.09,,,,,
영등포구,11560,문래동6가,202607,아파트_전월세,미주프라자,문래동6가,56-1,59.94,,30000,0,4,31,1998,갱신,26.08~28.08,28600.0,,,,
영등포구,11560,영등포동1가,202607,아파트_전월세,여의도더리브스타일,영등포동1가,94-2,14.8376,,17700,10,7,31,2020,갱신,26.08~28.08,17700.0,10.0,,,
영등포구,11560,영등포동7가,202607,아파트_전월세,포레나영등포센트럴,영등포동7가,208,59.8976,,15000,260,7,30,2020,신규,26.09~28.09,,,,,
영등포구,11560,신길동,202607,아파트_전월세,우성4,신길동,102-8,84.95,,45000,0,15,15,1991,신규,26.07~28.07,,,,,
영등포구,11560,대림동,202607,아파트_전월세,쌍용플래티넘S,대림동,717,18.24,,500,55,5,30,2013,신규,26.08~27.08,,,,,
영등포구,11560,영등포동7가,202607,아파트_전월세,아크로타워스퀘어,영등포동7가,203,59.91,,73500,0,15,27,2017,갱신,26.08~28.08,70000.0,,사용,,
영등포구,11560,양평동2가,202607,아파트_전월세,양평벽산블루밍,양평동2가,23,59.58,,47000,0,9,28,1990,신규,26.10~28.10,,,,,
영등포구,11560,신길동,202607,아파트_전월세,대방전철,신길동,1343,45.98,,30000,0,2,29,1976,신규,26.09~28.09,,,,,
영등포구,11560,당산동6가,202607,아파트_전월세,유탑유블레스,당산동6가,336-4,13.7067,,3000,64,6,20,2012,신규,26.08~27.08,,,,,
영등포구,11560,당산동5가,202607,아파트_전월세,당산센트럴아이파크,당산동5가,43,59.98,,18681,29,2,31,2020,갱신,26.08~28.07,13230.0,50.0,,,
영등포구,11560,영등포동1가,202607,아파트_전월세,내이처해밀,영등포동1가,145,15.076,,10900,0,3,31,2012,신규,26.09~28.09,,,,,
영등포구,11560,당산동3가,202607,아파트_전월세,삼익,당산동3가,394,82.64,,34400,13,1,21,1979,갱신,26.07~27.07,34400.0,,,,
영등포구,11560,신길동,202607,아파트_전월세,더샵파크프레스티지,신길동,4974,84.9626,,75600,0,4,11,2022,갱신,26.10~28.10,72000.0,,사용,,
영등포구,11560,신길동,202607,아파트_전월세,힐스테이트클래시안,신길동,4969,59.91,,73000,0,3,20,2020,갱신,26.09~28.09,70000.0,,사용,,
영등포구,11560,문래동3가,202607,아파트_전월세,문래금호어울림,문래동3가,97,84.99,,30000,180,5,1,2006,갱신,26.09~28.09,30000.0,160.0,,,
영등포구,11560,여의도동,202607,아파트_전월세,라이프콤비,여의도동,61-4,122.4,,20000,400,17,28,1994,신규,26.11~28.11,,,,,
영등포구,11560,영등포동4가,202607,아파트_전월세,영등포그랑그루,영등포동4가,103,12.1,,1000,55,9,27,2012,신규,26.07~27.07,,,,,
영등포구,11560,대림동,202607,아파트_전월세,(1101-1),대림동,1101-1,13.9,,3000,50,8,29,2012,신규,26.07~27.07,,,,,
영등포구,11560,신길동,202607,아파트_전월세,더샵파크프레스티지,신길동,4974,84.9005,,74000,0,3,25,2022,갱신,26.08~28.08,72000.0,,사용,,
영등포구,11560,문래동6가,202607,아파트_전월세,유원문래,문래동6가,11-1,84.98,,68000,0,2,30,1991,신규,26.09~28.09,,,,,
영등포구,11560,영등포동,202607,아파트_전월세,라르파크,영등포동,651,30.2372,,37000,0,2,4,2021,신규,26.08~28.08,,,,,
영등포구,11560,당산동5가,202607,아파트_전월세,당산디오빌,당산동5가,11-33,29.23,,20000,40,12,30,2005,신규,26.09~28.09,,,,,
영등포구,11560,대림동,202607,아파트_전월세,HHouse대림뉴스테이,대림동,1126,35.099,,2000,119,20,7,2017,신규,26.07~27.07,,,,,
영등포구,11560,당산동5가,202607,아파트_전월세,성원,당산동5가,40,59.94,,51000,0,4,27,1997,갱신,26.08~28.08,46000.0,,,,
영등포구,11560,당산동2가,202607,아파트_전월세,당산대우,당산동2가,16-1,31.73,,10000,40,16,25,1999,갱신,26.09~28.09,10000.0,30.0,,,
영등포구,11560,당산동4가,202607,아파트_전월세,당산반도유보라팰리스,당산동4가,96,127.09,,100800,0,2,9,2010,갱신,26.07~28.07,96000.0,,사용,,
영등포구,11560,당산동4가,202607,아파트_전월세,당산삼성2차,당산동4가,94-1,84.93,,69000,0,4,29,1997,갱신,26.09~28.09,67000.0,,사용,,
영등포구,11560,여의도동,202607,아파트_전월세,대교,여의도동,41,95.5,,43000,0,12,30,1975,갱신,26.08~27.08,43000.0,,사용,,
영등포구,11560,당산동2가,202607,아파트_전월세,한화포레나당산,당산동2가,165,41.125,,16820,63,4,30,2022,신규,26.09~28.09,,,,,
영등포구,11560,신길동,202607,아파트_전월세,보라매경남아너스빌,신길동,4780,84.79,,64000,0,17,29,2005,갱신,26.08~28.08,62000.0,,사용,,
영등포구,11560,양평동3가,202607,아파트_전월세,양평현대6차,양평동3가,101,84.94,,65000,0,9,29,2000,갱신,26.08~28.08,63000.0,,사용,,
영등포구,11560,신길동,202607,아파트_전월세,삼성래미안,신길동,4934,114.87,,77000,0,12,30,2001,갱신,26.08~28.04,64000.0,,,,
영등포구,11560,양평동5가,202607,아파트_전월세,양평한신,양평동5가,76,84.87,,15000,155,9,29,1996,갱신,26.09~28.09,15000.0,155.0,사용,,
영등포구,11560,당산동2가,202607,아파트_전월세,당산2가현대홈타운,당산동2가,164,82.77,,72500,0,14,29,1994,갱신,26.08~27.08,63500.0,,,,
영등포구,11560,대림동,202607,아파트_전월세,(1101-1),대림동,1101-1,14.46,,1000,52,7,23,2012,신규,26.07~27.07,,,,,
영등포구,11560,신길동,202607,아파트_전월세,힐스테이트클래시안,신길동,4969,59.91,,71400,0,23,27,2020,갱신,26.11~28.11,68000.0,,사용,,
영등포구,11560,신길동,202607,아파트_전월세,보라매에스케이뷰,신길동,4958,59.98,,15000,260,5,29,2020,신규,26.10~28.10,,,,,
영등포구,11560,당산동5가,202607,아파트_전월세,당산삼성래미안4차,당산동5가,42,161.08,,130000,0,16,30,2003,갱신,26.08~28.08,125000.0,,사용,,
영등포구,11560,신길동,202607,아파트_전월세,힐스테이트클래시안,신길동,4969,42.68,,45000,50,20,30,2020,신규,26.11~28.11,,,,,
영등포구,11560,당산동5가,202607,아파트_전월세,당산센트럴아이파크,당산동5가,43,84.98,,115000,0,4,29,2020,신규,26.09~28.09,,,,,
영등포구,11560,대림동,202607,아파트_전월세,e편한세상영등포아델포레,대림동,1127,59.9792,,63000,0,6,30,2020,갱신,26.07~28.07,60000.0,,사용,,
영등포구,11560,영등포동7가,202607,아파트_전월세,아크로타워스퀘어,영등포동7가,203,84.75,,77000,0,12,11,2017,갱신,26.08~26.12,75500.0,,,,
영등포구,11560,영등포동1가,202607,아파트_전월세,내이처해밀,영등포동1가,145,14.24,,1000,60,12,11,2012,신규,26.07~28.07,,,,,
영등포구,11560,영등포동,202607,아파트_전월세,영등포푸르지오,영등포동,647,73.133,,60900,0,22,2,2002,갱신,26.07~28.07,58000.0,,사용,,
영등포구,11560,당산동4가,202607,아파트_전월세,당산반도유보라팰리스,당산동4가,96,157.87,,40000,320,3,4,2010,신규,26.09~28.09,,,,,
영등포구,11560,영등포동1가,202607,아파트_전월세,내이처해밀,영등포동1가,145,14.24,,1000,60,12,11,2012,신규,26.07~28.07,,,,,
영등포구,11560,도림동,202607,아파트_전월세,영등포아트자이,도림동,821,84.762,,75600,0,19,18,2014,갱신,26.07~28.07,72000.0,,사용,,
영등포구,11560,영등포동1가,202607,아파트_전월세,지엘리베라움,영등포동1가,28,12.62,,14000,15,17,22,2014,신규,26.09~28.09,,,,,
영등포구,11560,양평동3가,202607,아파트_전월세,현대2차,양평동3가,79-4,80.92,,44000,40,5,23,1990,갱신,26.07~28.07,40000.0,30.0,,,
영등포구,11560,영등포동1가,202607,아파트_전월세,헤렌어반,영등포동1가,144,13.331,,1000,60,6,11,2011,신규,26.07~28.07,,,,,
영등포구,11560,당산동,202607,아파트_전월세,래미안당산1차,당산동,374,59.97,,70000,0,9,28,1995,신규,26.12~28.11,,,,,
영등포구,11560,영등포동,202607,아파트_전월세,영등포푸르지오,영등포동,647,84.84,,67350,0,23,25,2002,갱신,26.08~27.02,62350.0,,,,
영등포구,11560,대림동,202607,아파트_전월세,신동아,대림동,777-1,84.85,,23000,53,7,25,1987,갱신,26.09~28.09,22000.0,50.0,사용,,
영등포구,11560,당산동5가,202607,아파트_전월세,당산삼성래미안4차,당산동5가,42,84.94,,50000,240,11,14,2003,신규,27.01~29.01,,,,,
영등포구,11560,대림동,202607,아파트_전월세,e편한세상영등포아델포레,대림동,1127,84.9948,,81000,0,4,29,2020,갱신,26.09~28.09,58400.0,,,,
영등포구,11560,여의도동,202607,아파트_전월세,시범,여의도동,50,79.24,,5000,130,3,23,1971,갱신,26.09~28.09,5000.0,115.0,,,
영등포구,11560,양평동3가,202607,아파트_전월세,우림루미아트,양평동3가,102,59.98,,40000,100,5,29,2004,신규,26.12~28.12,,,,,
영등포구,11560,당산동4가,202607,아파트_전월세,당산현대3차,당산동4가,88,84.5,,74000,0,10,11,1988,신규,26.10~28.10,,,,,
영등포구,11560,양평동1가,202607,아파트_전월세,어반힐,양평동1가,147,26.25,,100,110,7,18,2019,신규,26.07~26.09,,,,,
영등포구,11560,신길동,202607,아파트_전월세,래미안영등포프레비뉴,신길동,4945,59.99,,80000,0,8,25,2015,신규,26.10~28.10,,,,,
영등포구,11560,당산동3가,202607,아파트_전월세,삼익,당산동3가,394,60.83,,35000,0,10,27,1979,신규,26.09~28.09,,,,,
영등포구,11560,대림동,202607,아파트_전월세,e편한세상영등포아델포레,대림동,1127,59.968,,65100,0,13,29,2020,갱신,26.10~28.10,62000.0,,사용,,
영등포구,11560,여의도동,202607,아파트_전월세,미성,여의도동,37,114.55,,40000,300,8,9,1978,신규,26.08~28.08,,,,,
영등포구,11560,신길동,202607,아파트_전월세,대방전철,신길동,1343,45.98,,30000,0,2,29,1976,신규,26.09~28.09,,,,,
영등포구,11560,여의도동,202607,아파트_전월세,시범,여의도동,50,60.96,,34250,0,10,21,1971,갱신,26.10~27.10,34250.0,,,,
영등포구,11560,신길동,202607,아파트_전월세,비스타동원,신길동,4975,51.4619,,36700,19,20,23,2024,신규,26.09~28.09,,,,,
영등포구,11560,신길동,202607,아파트_전월세,삼성,신길동,4759,73.98,,20000,100,11,20,1984,신규,26.09~28.09,,,,,
영등포구,11560,신길동,202607,아파트_전월세,우성3,신길동,4656,64.4,,10000,170,13,9,1989,신규,26.08~27.08,,,,,
영등포구,11560,당산동2가,202607,아파트_전월세,당산2가현대홈타운,당산동2가,164,82.77,,74000,0,18,28,1994,신규,26.11~28.11,,,,,
영등포구,11560,당산동3가,202607,아파트_전월세,당산계룡리슈빌2단지,당산동3가,566,42.02,,50000,0,2,28,2014,신규,26.09~28.09,,,,,
영등포구,11560,영등포동7가,202607,아파트_전월세,아크로타워스퀘어,영등포동7가,203,84.75,,99200,0,14,24,2017,신규,26.09~28.09,,,,,
영등포구,11560,문래동5가,202607,아파트_전월세,문래대림,문래동5가,1,84.92,,50000,0,8,24,2000,갱신,26.08~28.08,50000.0,,사용,,
영등포구,11560,영등포동1가,202607,아파트_전월세,지엘리베라움,영등포동1가,28,12.62,,12000,23,16,24,2014,갱신,26.09~28.09,12000.0,20.0,,,
영등포구,11560,문래동3가,202607,아파트_전월세,문래자이,문래동3가,54,84.98,,80000,0,9,17,2001,갱신,26.09~27.03,80000.0,,사용,,
영등포구,11560,여의도동,202607,아파트_전월세,롯데캐슬아이비,여의도동,43-4,137.09,,10000,525,13,25,2005,갱신,26.10~28.10,10000.0,500.0,사용,,
영등포구,11560,양평동2가,202607,아파트_전월세,양평벽산블루밍,양평동2가,23,59.58,,47000,0,9,28,1990,신규,26.10~28.10,,,,,
영등포구,11560,양평동1가,202607,아파트_전월세,영등포자이디그니티,양평동1가,273,59.9921,,100000,0,20,28,2026,신규,26.11~28.11,,,,,
영등포구,11560,양평동1가,202607,아파트_전월세,어반힐,양평동1가,147,26.25,,100,110,7,18,2019,신규,26.07~26.09,,,,,
영등포구,11560,영등포동7가,202607,아파트_전월세,아크로타워스퀘어,영등포동7가,203,84.65,,100000,0,26,28,2017,신규,26.09~28.09,,,,,
영등포구,11560,양평동2가,202607,아파트_전월세,상록수,양평동2가,45,59.54,,41000,0,8,27,1999,갱신,26.08~28.08,37000.0,,,,
영등포구,11560,양평동6가,202607,아파트_전월세,한솔,양평동6가,99,59.28,,50000,0,16,27,1999,신규,26.09~28.09,,,,,
영등포구,11560,영등포동2가,202607,아파트_전월세,현대팰리스,영등포동2가,28-138,29.67,,26900,18,10,27,2016,신규,26.08~28.08,,,,,
영등포구,11560,신길동,202607,아파트_전월세,래미안영등포프레비뉴,신길동,4945,84.98,,71400,0,4,27,2015,갱신,26.08~28.08,68000.0,,사용,,
영등포구,11560,당산동5가,202607,아파트_전월세,당산센트럴아이파크,당산동5가,43,46.98,,61300,0,13,21,2020,신규,26.11~28.11,,,,,
영등포구,11560,당산동2가,202607,아파트_전월세,한화포레나당산,당산동2가,165,33.095,,22160,24,6,24,2022,갱신,26.09~28.09,22160.0,20.0,,,
영등포구,11560,당산동4가,202607,아파트_전월세,당산롯데캐슬프레스티지,당산동4가,99,84.98,,108000,0,5,27,2017,신규,26.11~28.11,,,,,
영등포구,11560,신길동,202607,아파트_전월세,포레나 신길,신길동,4937,84.5802,,10000,200,3,27,2008,신규,26.08~28.08,,,,,
영등포구,11560,영등포동,202607,아파트_전월세,영등포푸르지오,영등포동,647,84.84,,10000,215,22,10,2002,갱신,26.10~28.10,10000.0,190.0,,,
영등포구,11560,당산동4가,202607,아파트_전월세,당산현대5차,당산동4가,30-1,59.75,,67000,0,1,26,2000,신규,26.11~28.11,,,,,
영등포구,11560,신길동,202607,아파트_전월세,래미안에스티움,신길동,4950,84.93,,79000,0,16,27,2017,갱신,26.10~28.10,69000.0,,,,
영등포구,11560,문래동6가,202607,아파트_전월세,현대2차,문래동6가,45,59.85,,49000,0,11,27,1987,신규,26.10~28.10,,,,,
영등포구,11560,당산동2가,202607,아파트_전월세,당산대우,당산동2가,16-1,31.73,,24800,0,5,3,1999,갱신,26.08~28.08,19800.0,,,,
영등포구,11560,문래동4가,202607,아파트_전월세,문래동삼환,문래동4가,43,84.98,,53000,0,16,27,2001,갱신,26.08~28.08,53000.0,,사용,,
영등포구,11560,영등포동2가,202607,아파트_전월세,이지리움S,영등포동2가,28-117,13.37,,1000,60,3,25,2013,신규,26.07~28.07,,,,,
영등포구,11560,당산동5가,202607,아파트_전월세,당산효성1차,당산동5가,12,84.9,,63000,50,11,26,1999,갱신,26.08~28.08,63000.0,30.0,사용,,
영등포구,11560,양평동1가,202607,아파트_전월세,신동아,양평동1가,20,50.81,,31500,0,6,24,1982,갱신,26.08~28.08,30000.0,,사용,,
영등포구,11560,양평동5가,202607,아파트_전월세,양평한신,양평동5가,76,84.87,,60000,50,10,15,1996,신규,26.09~28.09,,,,,
영등포구,11560,신길동,202607,아파트_전월세,보라매경남아너스빌,신길동,4780,84.79,,45675,9,1,11,2005,갱신,26.10~28.10,45675.0,,,,
영등포구,11560,영등포동1가,202607,아파트_전월세,여의도더리브스타일,영등포동1가,94-2,30.2696,,3000,180,3,24,2020,신규,26.09~28.08,,,,,
영등포구,11560,여의도동,202607,아파트_전월세,롯데캐슬아이비,여의도동,43-4,113.59,,5000,490,17,27,2005,신규,26.07~28.07,,,,,
영등포구,11560,신길동,202607,아파트_전월세,힐스테이트클래시안,신길동,4969,84.86,,100000,0,25,24,2020,신규,26.10~28.10,,,,,
영등포구,11560,양평동6가,202607,아파트_전월세,한솔,양평동6가,99,59.28,,10000,100,11,25,1999,갱신,26.08~28.07,10000.0,80.0,,,
영등포구,11560,양평동3가,202607,아파트_전월세,경남아너스빌,양평동3가,55-1,59.9,,35280,40,14,24,1998,갱신,26.08~28.08,35280.0,,,,
영등포구,11560,양평동1가,202607,아파트_전월세,영등포중흥에스클래스,양평동1가,271,28.97,,36200,0,15,25,2021,신규,26.09~28.09,,,,,
영등포구,11560,영등포동,202607,아파트_전월세,두산위브,영등포동,649,59.8,,5000,220,8,2,2004,신규,26.10~28.10,,,,,
영등포구,11560,여의도동,202607,아파트_전월세,은하,여의도동,52,121.52,,84000,0,9,25,1974,갱신,26.08~28.08,80000.0,,사용,,
영등포구,11560,신길동,202607,아파트_전월세,보라매경남아너스빌,신길동,4780,59.78,,63000,0,4,18,2005,신규,26.10~28.10,,,,,
영등포구,11560,문래동6가,202607,아파트_전월세,현대2차,문래동6가,45,59.31,,20000,95,9,17,1987,신규,26.07~28.07,,,,,
영등포구,11560,신길동,202607,아파트_전월세,삼성,신길동,4759,60.48,,35000,0,8,24,1984,신규,26.09~28.09,,,,,
영등포구,11560,신길동,202607,아파트_전월세,우성1,신길동,365,83.64,,46000,0,8,25,1986,갱신,26.08~28.08,41000.0,,,,
영등포구,11560,당산동5가,202607,아파트_전월세,당산센트럴아이파크,당산동5가,43,71.98,,20000,318,28,25,2020,갱신,26.09~28.09,20000.0,300.0,사용,,
영등포구,11560,대림동,202607,아파트_전월세,대림현대,대림동,946-1,59.76,,17000,55,14,23,1999,갱신,26.08~28.08,17000.0,50.0,,,
영등포구,11560,대림동,202607,아파트_전월세,신대림신동아파밀리에,대림동,1124,126.3249,,69000,0,14,14,2013,신규,26.10~28.10,,,,,
영등포구,11560,당산동5가,202607,아파트_전월세,당산센트럴아이파크,당산동5가,43,59.98,,20000,138,27,9,2020,신규,26.12~28.12,,,,,
영등포구,11560,당산동4가,202607,아파트_전월세,한강아파트,당산동4가,29,84.98,,3000,280,14,16,1999,신규,26.08~28.08,,,,,
영등포구,11560,신길동,202607,아파트_전월세,삼환,신길동,897-1,59.53,,5000,158,12,27,1997,갱신,26.08~28.08,5000.0,150.0,사용,,
영등포구,11560,영등포동8가,202607,아파트_전월세,삼환,영등포동8가,76-1,84.87,,80000,0,19,25,1999,신규,26.09~28.09,,,,,
영등포구,11560,영등포동,202607,아파트_전월세,라르파크,영등포동,651,30.2372,,40000,0,8,25,2021,신규,26.09~28.09,,,,,
영등포구,11560,신길동,202607,아파트_전월세,힐스테이트클래시안,신길동,4969,84.99,,40000,176,24,25,2020,갱신,26.11~28.11,40000.0,160.0,사용,,
영등포구,11560,신길동,202607,아파트_전월세,더샵파크프레스티지,신길동,4974,59.8943,,10000,265,24,25,2022,신규,26.10~28.10,,,,,
영등포구,11560,여의도동,202607,아파트_전월세,목화,여의도동,30,67.77,,36483,6,1,9,1977,갱신,26.08~28.08,36383.0,,,,
영등포구,11560,대림동,202607,아파트_전월세,영등포자이르네,대림동,1132,49.01,,55000,0,11,24,2022,신규,26.09~28.09,,,,,
영등포구,11560,영등포동,202607,아파트_전월세,라르파크,영등포동,651,30.7084,,10000,160,11,25,2021,신규,26.09~28.09,,,,,
영등포구,11560,당산동1가,202607,아파트_전월세,진로,당산동1가,16-1,59.4,,12000,150,21,24,1997,갱신,26.08~28.08,12000.0,139.0,사용,,
영등포구,11560,양평동4가,202607,아파트_전월세,경남아너스빌,양평동4가,51-1,70.94,,15000,200,5,3,2000,신규,26.08~28.08,,,,,
영등포구,11560,신길동,202607,아파트_전월세,우성5,신길동,4933,84.98,,46000,0,4,25,1993,갱신,26.10~28.10,44000.0,,사용,,
영등포구,11560,영등포동,202607,아파트_전월세,라르파크,영등포동,651,30.7084,,40500,0,7,25,2021,신규,26.09~28.09,,,,,
영등포구,11560,양평동1가,202607,아파트_전월세,어반힐,양평동1가,147,26.25,,25800,20,8,25,2019,신규,26.10~28.10,,,,,
영등포구,11560,신길동,202607,아파트_전월세,더샵파크프레스티지,신길동,4974,59.8635,,70000,0,12,26,2022,신규,26.09~28.09,,,,,
영등포구,11560,신길동,202607,아파트_전월세,삼환,신길동,897-1,84.84,,54500,0,5,25,1997,갱신,26.08~28.08,52000.0,,사용,,
영등포구,11560,당산동4가,202607,아파트_전월세,한강아파트,당산동4가,29,84.98,,76000,0,17,25,1999,신규,26.10~28.10,,,,,
영등포구,11560,신길동,202607,아파트_전월세,래미안에스티움,신길동,4950,59.95,,20000,200,9,23,2017,갱신,26.09~28.09,20000.0,190.0,사용,,
영등포구,11560,당산동4가,202607,아파트_전월세,당산삼성2차,당산동4가,94-1,84.93,,10000,170,5,25,1997,갱신,26.09~28.09,10000.0,130.0,사용,,
영등포구,11560,당산동5가,202607,아파트_전월세,당산센트럴아이파크,당산동5가,43,84.98,,115000,0,18,21,2020,신규,26.09~28.09,,,,,
영등포구,11560,당산동2가,202607,아파트_전월세,당산대우,당산동2가,16-1,31.73,,21800,0,7,25,1999,갱신,26.09~28.09,20800.0,,사용,,
영등포구,11560,신길동,202607,아파트_전월세,보라매에스케이뷰,신길동,4958,59.98,,73500,0,5,25,2020,갱신,26.09~28.09,70000.0,,사용,,
영등포구,11560,신길동,202607,아파트_전월세,프리가,신길동,65-21,13.66,,2000,60,5,11,2013,신규,26.07~27.07,,,,,
영등포구,11560,신길동,202607,아파트_전월세,더샵파크프레스티지,신길동,4974,84.9005,,74000,0,3,25,2022,갱신,26.08~28.08,72000.0,,사용,,
영등포구,11560,영등포동,202607,아파트_전월세,영등포푸르지오,영등포동,647,59.912,,56700,0,20,16,2002,갱신,26.10~28.10,54000.0,,사용,,
영등포구,11560,당산동4가,202607,아파트_전월세,당산현대5차,당산동4가,30-1,59.37,,56250,0,12,11,2000,갱신,26.08~27.08,53580.0,,사용,,
영등포구,11560,문래동4가,202607,아파트_전월세,리버뷰신안인스빌2단지,문래동4가,68,84.995,,46200,0,4,25,2008,신규,26.09~28.09,,,,,
영등포구,11560,신길동,202607,아파트_전월세,삼환,신길동,897-1,84.84,,57750,0,12,25,1997,갱신,26.08~28.08,55000.0,,사용,,
영등포구,11560,신길동,202607,아파트_전월세,삼성래미안,신길동,4934,84.91,,41000,5,19,25,2001,신규,26.08~28.08,,,,,
영등포구,11560,당산동2가,202607,아파트_전월세,한화포레나당산,당산동2가,165,17.669,,9797,29,7,24,2022,갱신,26.09~28.09,9797.0,27.0,,,
영등포구,11560,신길동,202607,아파트_전월세,래미안에스티움,신길동,4950,84.95,,61376,0,9,18,2017,갱신,26.09~27.09,58454.0,,사용,,
영등포구,11560,당산동4가,202607,아파트_전월세,당산현대5차,당산동4가,30-1,84.69,,70000,13,10,16,2000,갱신,26.08~28.08,70000.0,,사용,,
영등포구,11560,여의도동,202607,아파트_전월세,리첸시아,여의도동,61,147.71,,10000,600,35,20,2003,신규,26.12~28.12,,,,,
영등포구,11560,영등포동8가,202607,아파트_전월세,영등포메이준2011,영등포동8가,51-1,12.11,,1000,65,12,15,2012,신규,26.07~27.07,,,,,
영등포구,11560,대림동,202607,아파트_전월세,성원(650),대림동,650,84.66,,5000,160,7,21,1995,신규,26.09~28.09,,,,,
영등포구,11560,영등포동2가,202607,아파트_전월세,여의도리미티오148,영등포동2가,139,38.441,,3000,196,11,24,2022,갱신,26.08~27.08,3000.0,190.0,,,
영등포구,11560,영등포동,202607,아파트_전월세,영등포푸르지오,영등포동,647,79.777,,30000,160,11,11,2002,신규,26.09~28.09,,,,,
영등포구,11560,신길동,202607,아파트_전월세,신길센트럴아이파크,신길동,4955,59.97,,54400,0,21,18,2019,신규,26.09~29.06,,,,,
영등포구,11560,당산동5가,202607,아파트_전월세,당산센트럴아이파크,당산동5가,43,59.98,,40000,0,14,6,2020,갱신,26.07~28.07,40000.0,,,,
영등포구,11560,여의도동,202607,아파트_전월세,미성,여의도동,37,118.28,,78000,0,1,24,1978,갱신,26.07~28.07,72000.0,,,,
영등포구,11560,영등포동7가,202607,아파트_전월세,아크로타워스퀘어,영등포동7가,203,84.75,,90000,40,18,24,2017,신규,26.08~28.08,,,,,
영등포구,11560,신길동,202607,아파트_전월세,삼성래미안,신길동,4934,114.87,,42000,7,1,24,2001,신규,26.08~28.08,,,,,
영등포구,11560,대림동,202607,아파트_전월세,보라매 신동아 파밀리에,대림동,1125,84.9,,70000,0,8,24,2016,신규,26.10~28.10,,,,,
영등포구,11560,신길동,202607,아파트_전월세,신길센트럴아이파크,신길동,4955,59.97,,75000,0,10,24,2019,신규,26.10~28.10,,,,,
영등포구,11560,대림동,202607,아파트_전월세,e편한세상영등포아델포레,대림동,1127,84.9948,,75000,25,10,24,2020,갱신,26.08~28.08,70000.0,15.0,,,
영등포구,11560,영등포동2가,202607,아파트_전월세,센트레빌아스테리움영등포아파트,영등포동2가,467,59.9953,,58000,38,27,24,2024,갱신,26.08~28.08,65000.0,,사용,,
영등포구,11560,당산동5가,202607,아파트_전월세,당산센트럴아이파크,당산동5가,43,59.98,,22848,45,17,24,2020,갱신,26.08~28.07,13230.0,50.0,,,
영등포구,11560,당산동,202607,아파트_전월세,강변래미안,당산동,376,79.43,,71000,0,6,17,2002,갱신,26.10~28.10,71000.0,,사용,,
영등포구,11560,당산동5가,202607,아파트_전월세,당산센트럴아이파크,당산동5가,43,59.98,,80000,0,23,24,2020,신규,26.07~28.07,,,,,
영등포구,11560,여의도동,202607,아파트_전월세,시범,여의도동,50,60.96,,30000,0,13,7,1971,갱신,26.08~28.08,30000.0,,,,
영등포구,11560,신길동,202607,아파트_전월세,더샵파크프레스티지,신길동,4974,59.8635,,74000,0,12,24,2022,신규,26.10~28.10,,,,,
영등포구,11560,문래동6가,202607,아파트_전월세,e편한세상 문래 에듀플라츠,문래동6가,58,59.9833,,68000,0,2,23,2020,신규,26.09~28.09,,,,,
영등포구,11560,대림동,202607,아파트_전월세,쌍용플래티넘S,대림동,717,18.24,,500,55,7,4,2013,신규,26.07~28.07,,,,,
영등포구,11560,영등포동,202607,아파트_전월세,영등포푸르지오,영등포동,647,79.777,,10000,175,7,7,2002,갱신,26.07~28.07,10000.0,140.0,,,
영등포구,11560,당산동1가,202607,아파트_전월세,진로,당산동1가,16-1,59.4,,51000,16,10,23,1997,갱신,26.08~28.08,51000.0,,,,
영등포구,11560,영등포동,202607,아파트_전월세,영등포푸르지오,영등포동,647,79.777,,30000,160,20,11,2002,신규,26.10~28.10,,,,,
영등포구,11560,여의도동,202607,아파트_전월세,삼익,여의도동,51,122.78,,115000,0,10,23,1974,갱신,26.08~28.08,110000.0,,사용,,
영등포구,11560,양평동4가,202607,아파트_전월세,삼호한숲,양평동4가,94,59.9,,63000,0,9,23,2000,신규,26.09~28.09,,,,,
영등포구,11560,문래동3가,202607,아파트_전월세,문래자이,문래동3가,54,84.98,,65982,100,15,1,2001,갱신,26.09~27.08,65982.0,,,,
영등포구,11560,신길동,202607,아파트_전월세,래미안영등포프레비뉴,신길동,4945,84.98,,73500,0,20,22,2015,갱신,26.08~28.08,70000.0,,사용,,
영등포구,11560,여의도동,202607,아파트_전월세,진주,여의도동,54,48.26,,33000,0,3,23,1977,갱신,26.07~28.07,33000.0,,,,
영등포구,11560,영등포동8가,202607,아파트_전월세,당산푸르지오,영등포동8가,91,163.68,,107000,0,22,23,2004,신규,26.09~28.09,,,,,
영등포구,11560,당산동5가,202607,아파트_전월세,당산삼성래미안4차,당산동5가,42,115.78,,120000,0,11,22,2003,신규,26.10~28.10,,,,,
영등포구,11560,여의도동,202607,아파트_전월세,"광장(1,2동)",여의도동,38-1,117.05,,84000,0,6,23,1978,갱신,26.07~28.07,80000.0,,사용,,
영등포구,11560,영등포동8가,202607,아파트_전월세,당산푸르지오,영등포동8가,91,163.68,,50000,260,12,23,2004,신규,26.10~28.10,,,,,
영등포구,11560,여의도동,202607,아파트_전월세,시범,여의도동,50,60.96,,2000,126,7,21,1971,갱신,26.07~28.07,2000.0,120.0,사용,,
영등포구,11560,여의도동,202607,아파트_전월세,시범,여의도동,50,79.24,,35000,60,12,15,1971,신규,26.09~28.09,,,,,
영등포구,11560,여의도동,202607,아파트_전월세,리첸시아,여의도동,61,119.21,,105000,70,32,20,2003,갱신,26.08~28.08,105000.0,60.0,,,
영등포구,11560,여의도동,202607,아파트_전월세,목화,여의도동,30,67.11,,44100,0,4,22,1977,갱신,26.08~28.08,42000.0,,사용,,
영등포구,11560,양평동3가,202607,아파트_전월세,양평현대6차,양평동3가,101,84.94,,63000,0,2,11,2000,신규,26.10~28.10,,,,,
영등포구,11560,신길동,202607,아파트_전월세,더샵파크프레스티지,신길동,4974,59.8635,,72000,0,24,22,2022,신규,26.09~28.09,,,,,
영등포구,11560,여의도동,202607,아파트_전월세,시범,여의도동,50,118.12,,73000,40,2,11,1971,신규,26.10~28.10,,,,,
영등포구,11560,영등포동1가,202607,아파트_전월세,지엘리베라움,영등포동1가,28,12.62,,14000,12,11,19,2014,신규,26.08~28.08,,,,,
영등포구,11560,문래동6가,202607,아파트_전월세,문래롯데캐슬,문래동6가,57,59.9,,25000,67,8,22,2020,신규,26.08~28.08,,,,,
영등포구,11560,양평동5가,202607,아파트_전월세,양평한신,양평동5가,76,59.94,,52500,0,15,22,1996,갱신,26.08~28.08,50000.0,,사용,,
영등포구,11560,당산동2가,202607,아파트_전월세,한화포레나당산,당산동2가,165,17.669,,9829,29,13,22,2022,신규,26.09~28.09,,,,,
영등포구,11560,영등포동1가,202607,아파트_전월세,여의도씨티아이,영등포동1가,113-1,12.89,,1000,65,13,17,2013,신규,26.07~27.07,,,,,
영등포구,11560,여의도동,202607,아파트_전월세,여의도자이,여의도동,47,148.94,,30000,600,15,11,2008,신규,26.07~28.07,,,,,
영등포구,11560,당산동4가,202607,아파트_전월세,당산현대3차,당산동4가,88,59.26,,55000,0,10,22,1988,신규,26.09~28.09,,,,,
영등포구,11560,여의도동,202607,아파트_전월세,진주,여의도동,54,94.31,,75000,0,11,21,1977,갱신,26.07~28.07,60165.0,,,,
영등포구,11560,당산동2가,202607,아파트_전월세,당산2가현대홈타운,당산동2가,164,82.77,,70000,0,7,22,1994,갱신,26.08~28.08,60000.0,,,,
영등포구,11560,문래동6가,202607,아파트_전월세,문래롯데캐슬,문래동6가,57,53.75,,25000,55,21,21,2020,갱신,26.09~28.09,25000.0,50.0,,,
영등포구,11560,대림동,202607,아파트_전월세,현대3차,대림동,608-1,59.83,,58000,0,16,22,1997,신규,26.10~28.10,,,,,
영등포구,11560,문래동6가,202607,아파트_전월세,현대1차,문래동6가,46,64.38,,46000,0,11,22,1986,신규,26.09~28.09,,,,,
영등포구,11560,당산동2가,202607,아파트_전월세,당산대우,당산동2가,16-1,45.55,,33600,0,6,22,1999,갱신,26.10~28.10,32000.0,,사용,,
영등포구,11560,신길동,202607,아파트_전월세,삼환,신길동,897-1,84.84,,26200,80,6,22,1997,갱신,26.07~28.04,26200.0,45.0,,,
영등포구,11560,신길동,202607,아파트_전월세,보라매에스케이뷰,신길동,4958,59.98,,77000,0,16,21,2020,신규,26.08~30.08,,,,,
영등포구,11560,당산동5가,202607,아파트_전월세,당산센트럴아이파크,당산동5가,43,59.98,,20000,138,27,8,2020,갱신,26.09~26.12,20000.0,128.0,,,
영등포구,11560,신길동,202607,아파트_전월세,신길자이,신길동,4938,84.94,,72000,0,14,22,2011,신규,26.09~28.09,,,,,
영등포구,11560,당산동5가,202607,아파트_전월세,당산센트럴아이파크,당산동5가,43,114.98,,120000,0,24,13,2020,신규,26.08~28.08,,,,,
영등포구,11560,신길동,202607,아파트_전월세,더샵파크프레스티지,신길동,4974,34.5413,,9184,30,14,22,2022,신규,26.07~28.09,,,,,
영등포구,11560,당산동4가,202607,아파트_전월세,당산현대3차,당산동4가,88,59.26,,55000,0,10,22,1988,신규,26.09~28.09,,,,,
영등포구,11560,영등포동1가,202607,아파트_전월세,여의도더리브스타일,영등포동1가,94-2,14.8376,,18200,6,22,16,2020,신규,26.08~28.08,,,,,
영등포구,11560,신길동,202607,아파트_전월세,보라매에스케이뷰,신길동,4958,84.98,,20000,330,22,18,2020,신규,26.09~28.09,,,,,
영등포구,11560,당산동4가,202607,아파트_전월세,당산현대3차,당산동4가,88,59.26,,15000,160,5,11,1988,신규,26.09~28.09,,,,,
영등포구,11560,대림동,202607,아파트_전월세,e편한세상영등포아델포레,대림동,1127,59.968,,63000,0,9,11,2020,갱신,26.09~28.09,60000.0,,사용,,
영등포구,11560,대림동,202607,아파트_전월세,신동아,대림동,777-1,67.41,,34650,0,1,21,1987,갱신,26.08~28.08,33000.0,,사용,,
영등포구,11560,당산동4가,202607,아파트_전월세,당산현대5차,당산동4가,30-1,84.69,,85000,0,25,11,2000,신규,26.11~28.11,,,,,
영등포구,11560,문래동6가,202607,아파트_전월세,문래롯데캐슬,문래동6가,57,59.9,,25900,64,10,21,2020,갱신,26.09~28.09,25000.0,62.0,,,
영등포구,11560,문래동3가,202607,아파트_전월세,문래동원데자뷰,문래동3가,95,84.96,,72000,0,5,21,2004,신규,26.10~28.10,,,,,
영등포구,11560,당산동4가,202607,아파트_전월세,한강아파트,당산동4가,29,84.98,,2700,280,14,16,1999,신규,26.08~28.08,,,,,
영등포구,11560,당산동1가,202607,아파트_전월세,진로,당산동1가,16-1,59.4,,53000,10,4,21,1997,갱신,26.09~28.09,53000.0,,사용,,
영등포구,11560,당산동5가,202607,아파트_전월세,당산센트럴아이파크,당산동5가,43,59.98,,18681,29,6,21,2020,갱신,26.08~28.07,13230.0,50.0,,,
영등포구,11560,여의도동,202607,아파트_전월세,삼부,여의도동,30-2,92.13,,58000,0,12,21,1975,갱신,26.10~28.10,53000.0,,,,
영등포구,11560,신길동,202607,아파트_전월세,우성2,신길동,4518,64.4,,28300,0,6,10,1986,신규,26.09~28.09,,,,,
영등포구,11560,대림동,202607,아파트_전월세,e편한세상영등포아델포레,대림동,1127,84.995,,71400,0,11,21,2020,갱신,26.07~28.07,68000.0,,사용,,
영등포구,11560,신길동,202607,아파트_전월세,보라매에스케이뷰,신길동,4958,39.98,,14554,54,19,21,2020,신규,26.07~28.09,,,,,
영등포구,11560,당산동2가,202607,아파트_전월세,한화포레나당산,당산동2가,165,41.125,,26953,27,11,21,2022,신규,26.09~28.09,,,,,
영등포구,11560,당산동3가,202607,아파트_전월세,리마크빌당산,당산동3가,567,23.46,,2000,148,3,10,2025,신규,26.07~27.07,,,,,
영등포구,11560,당산동4가,202607,아파트_전월세,브라운스톤당산,당산동4가,98,84.021,,85000,0,7,8,2015,신규,26.10~28.10,,,,,
영등포구,11560,영등포동,202607,아파트_전월세,영등포푸르지오,영등포동,647,73.133,,20000,190,13,7,2002,신규,26.07~28.07,,,,,
영등포구,11560,신길동,202607,아파트_전월세,신길센트럴자이아파트,신길동,4964,59.98,,65000,75,11,17,2021,신규,26.09~28.09,,,,,
영등포구,11560,신길동,202607,아파트_전월세,신길센트럴자이아파트,신길동,4964,59.98,,72000,0,4,9,2021,갱신,26.09~28.09,69000.0,,사용,,
영등포구,11560,영등포동4가,202607,아파트_전월세,영등포그랑그루,영등포동4가,103,12.1,,1000,65,7,11,2012,갱신,26.08~27.08,1000.0,65.0,,,
영등포구,11560,신길동,202607,아파트_전월세,보라매경남아너스빌,신길동,4780,84.79,,66500,25,21,21,2005,갱신,26.07~28.07,56500.0,,,,
영등포구,11560,양평동2가,202607,아파트_전월세,양평벽산블루밍,양평동2가,23,59.58,,45000,0,11,21,1990,신규,26.11~28.11,,,,,
영등포구,11560,영등포동1가,202607,아파트_전월세,여의도이튼브라운,영등포동1가,92-3,18.89,,5000,110,3,9,2022,신규,26.09~28.09,,,,,
영등포구,11560,문래동6가,202607,아파트_전월세,문래롯데캐슬,문래동6가,57,59.9,,25900,64,7,15,2020,갱신,26.09~28.09,25000.0,62.0,,,
영등포구,11560,문래동6가,202607,아파트_전월세,문래롯데캐슬,문래동6가,57,59.9,,25900,66,15,15,2020,갱신,26.09~28.09,25000.0,63.0,,,
영등포구,11560,영등포동,202607,아파트_전월세,영등포푸르지오,영등포동,647,79.777,,66000,0,6,18,2002,갱신,26.09~28.09,63000.0,,사용,,
영등포구,11560,영등포동2가,202607,아파트_전월세,이지리움S,영등포동2가,28-117,13.35,,12000,0,4,20,2013,신규,26.09~28.09,,,,,
영등포구,11560,양평동3가,202607,아파트_전월세,현대2차,양평동3가,79-4,80.92,,15500,137,1,17,1990,갱신,26.08~28.08,15000.0,130.0,사용,,
영등포구,11560,신길동,202607,아파트_전월세,힐스테이트클래시안,신길동,4969,59.87,,69450,0,17,16,2020,신규,26.10~28.10,,,,,
영등포구,11560,여의도동,202607,아파트_전월세,진주,여의도동,54,48.26,,32000,48,9,7,1977,갱신,26.08~28.08,32000.0,40.0,사용,,
영등포구,11560,신길동,202607,아파트_전월세,보라매에스케이뷰,신길동,4958,59.98,,85000,0,10,17,2020,신규,26.10~28.10,,,,,
영등포구,11560,영등포동,202607,아파트_전월세,영등포푸르지오,영등포동,647,73.133,,49300,90,18,21,2002,갱신,26.10~28.10,49300.0,55.0,사용,,
영등포구,11560,문래동5가,202607,아파트_전월세,문래두산위브,문래동5가,14,79.86,,56000,0,8,20,1988,신규,26.12~28.12,,,,,
영등포구,11560,대림동,202607,아파트_전월세,(1101-1),대림동,1101-1,13.9,,1000,55,8,1,2012,신규,26.08~27.08,,,,,
영등포구,11560,당산동5가,202607,아파트_전월세,성원,당산동5가,40,84.96,,68250,0,12,16,1997,갱신,26.08~28.08,65000.0,,사용,,
영등포구,11560,문래동5가,202607,아파트_전월세,문래두산위브,문래동5가,14,65.46,,30000,53,7,18,1988,갱신,26.10~28.10,30000.0,40.0,,,
영등포구,11560,여의도동,202607,아파트_전월세,목화,여의도동,30,49.75,,13000,40,4,13,1977,신규,26.08~28.08,,,,,
영등포구,11560,당산동5가,202607,아파트_전월세,당산센트럴아이파크,당산동5가,43,59.98,,18681,29,17,20,2020,갱신,26.08~28.07,18020.0,26.0,,,
영등포구,11560,신길동,202607,아파트_전월세,더샵파크프레스티지,신길동,4974,34.5413,,9184,30,16,20,2022,신규,26.07~28.09,,,,,
영등포구,11560,당산동2가,202607,아파트_전월세,당산2가현대홈타운,당산동2가,164,82.77,,70000,0,8,20,1994,갱신,26.08~28.08,63000.0,,,,
영등포구,11560,영등포동8가,202607,아파트_전월세,영등포메이준2011,영등포동8가,51-1,12.11,,1000,70,16,18,2012,신규,26.07~28.07,,,,,
영등포구,11560,당산동,202607,아파트_전월세,강변래미안,당산동,376,79.43,,73000,0,10,11,2002,갱신,26.08~28.08,71000.0,,사용,,
영등포구,11560,여의도동,202607,아파트_전월세,시범,여의도동,50,79.24,,2000,110,4,14,1971,갱신,26.07~28.07,2000.0,90.0,,,
영등포구,11560,당산동,202607,아파트_전월세,훼미리하우스138,당산동,121-108,14.28,,1000,64,2,18,2013,신규,26.07~27.07,,,,,
영등포구,11560,대림동,202607,아파트_전월세,G밸리소홈,대림동,1101-7,16.1,,3700,42,9,11,2018,신규,26.07~27.07,,,,,
영등포구,11560,당산동2가,202607,아파트_전월세,당산2가현대홈타운,당산동2가,164,82.77,,60000,0,10,13,1994,갱신,26.07~28.07,55000.0,,,,
영등포구,11560,문래동2가,202607,아파트_전월세,남성,문래동2가,35,47.3,,14000,0,3,20,1983,신규,26.08~28.08,,,,,
영등포구,11560,양평동3가,202607,아파트_전월세,현대2차,양평동3가,79-4,80.92,,63000,0,13,18,1990,갱신,26.08~28.08,47805.0,,,,
영등포구,11560,당산동2가,202607,아파트_전월세,한화포레나당산,당산동2가,165,33.095,,22292,23,17,20,2022,신규,26.08~28.08,,,,,
영등포구,11560,양평동5가,202607,아파트_전월세,양평한신,양평동5가,76,59.94,,40000,39,7,17,1996,갱신,26.08~28.08,35000.0,50.0,,,
영등포구,11560,영등포동1가,202607,아파트_전월세,여의도씨티아이,영등포동1가,113-1,12.59,,1000,54,17,3,2013,신규,26.08~27.08,,,,,
영등포구,11560,여의도동,202607,아파트_전월세,삼부,여의도동,30-2,175.8,,85000,150,8,6,1975,신규,26.11~28.11,,,,,
영등포구,11560,양평동1가,202607,아파트_전월세,신동아,양평동1가,20,61.59,,5000,115,5,19,1982,신규,26.09~28.09,,,,,
영등포구,11560,영등포동7가,202607,아파트_전월세,여의휴젠느,영등포동7가,94-99,29.95,,35000,0,17,17,2018,신규,26.09~28.09,,,,,
영등포구,11560,영등포동1가,202607,아파트_전월세,여의도더리브스타일,영등포동1가,94-2,14.8376,,19000,0,5,17,2020,갱신,26.08~28.08,19000.0,,,,
영등포구,11560,양평동4가,202607,아파트_전월세,성원,양평동4가,12,84.66,,50000,120,16,17,1993,신규,26.10~28.10,,,,,
영등포구,11560,영등포동,202607,아파트_전월세,영등포푸르지오,영등포동,647,73.133,,70000,0,1,17,2002,신규,26.08~28.08,,,,,
영등포구,11560,양평동1가,202607,아파트_전월세,이너스삼성,양평동1가,269,71.2,,48000,22,4,18,2005,갱신,26.08~28.08,48000.0,12.0,사용,,
영등포구,11560,당산동5가,202607,아파트_전월세,당산효성타운2차,당산동5가,13,84.38,,95000,0,3,17,2001,신규,26.09~28.09,,,,,
영등포구,11560,영등포동1가,202607,아파트_전월세,여의도더리브스타일,영등포동1가,94-2,14.8376,,18200,6,22,16,2020,신규,26.08~28.08,,,,,
영등포구,11560,신길동,202607,아파트_전월세,힐스테이트클래시안,신길동,4969,59.87,,69450,0,17,16,2020,신규,26.10~28.10,,,,,
영등포구,11560,대림동,202607,아파트_전월세,e편한세상영등포아델포레,대림동,1127,59.9792,,59800,0,16,18,2020,갱신,26.08~28.08,57000.0,,사용,,
영등포구,11560,신길동,202607,아파트_전월세,힐스테이트클래시안,신길동,4969,59.87,,84000,0,5,18,2020,신규,26.09~28.09,,,,,
영등포구,11560,당산동5가,202607,아파트_전월세,당산센트럴아이파크,당산동5가,43,59.98,,18681,29,2,20,2020,갱신,26.08~28.07,13230.0,50.0,,,
영등포구,11560,신길동,202607,아파트_전월세,보라매경남아너스빌,신길동,4780,84.79,,70000,0,5,18,2005,신규,26.11~28.11,,,,,
영등포구,11560,신길동,202607,아파트_전월세,래미안영등포프레비뉴,신길동,4945,84.98,,83000,0,17,17,2015,갱신,26.09~28.09,76000.0,,,,
영등포구,11560,영등포동,202607,아파트_전월세,영등포푸르지오,영등포동,647,73.133,,70000,0,1,17,2002,신규,26.08~28.08,,,,,
영등포구,11560,당산동5가,202607,아파트_전월세,당산디오빌,당산동5가,11-33,38.97,,31000,0,3,20,2005,신규,26.07~28.07,,,,,
영등포구,11560,문래동3가,202607,아파트_전월세,문래해태,문래동3가,13,59.41,,5000,80,15,6,1999,신규,26.07~27.07,,,,,
영등포구,11560,영등포동7가,202607,아파트_전월세,엔비어스파크,영등포동7가,209,24.403,,1500,103,6,6,2020,신규,26.07~27.07,,,,,
영등포구,11560,당산동,202607,아파트_전월세,태경,당산동,121-60,12.72,,1000,45,10,17,2013,신규,26.08~27.08,,,,,
영등포구,11560,영등포동7가,202607,아파트_전월세,브라운스톤영등포,영등포동7가,202,84.9,,58000,0,17,16,2004,신규,26.11~28.11,,,,,
영등포구,11560,영등포동7가,202607,아파트_전월세,경남아너스빌,영등포동7가,46-1,59.9,,61000,0,16,15,1998,신규,26.10~29.10,,,,,
영등포구,11560,당산동2가,202607,아파트_전월세,당산2가현대홈타운,당산동2가,164,82.77,,68000,0,16,13,1994,갱신,26.08~28.08,65000.0,,사용,,
영등포구,11560,여의도동,202607,아파트_전월세,진주,여의도동,54,48.26,,10000,160,10,15,1977,신규,26.10~28.10,,,,,
영등포구,11560,여의도동,202607,아파트_전월세,시범,여의도동,50,79.24,,20500,100,10,16,1971,갱신,26.11~28.11,20000.0,100.0,사용,,
영등포구,11560,신길동,202607,아파트_전월세,우성4,신길동,102-8,75.36,,57000,0,1,16,1991,신규,26.09~28.09,,,,,
영등포구,11560,신길동,202607,아파트_전월세,보라매경남아너스빌,신길동,4780,84.79,,20000,200,5,11,2005,신규,26.08~28.08,,,,,
영등포구,11560,양평동5가,202607,아파트_전월세,양평한신,양평동5가,76,84.87,,61000,0,3,11,1996,갱신,26.09~28.09,59000.0,,사용,,
영등포구,11560,대림동,202607,아파트_전월세,영등포자이르네,대림동,1132,49.01,,55000,0,5,16,2022,신규,26.09~28.09,,,,,
영등포구,11560,신길동,202607,아파트_전월세,삼성래미안,신길동,4934,84.91,,56000,0,10,16,2001,갱신,26.08~28.02,47000.0,,,,
영등포구,11560,신길동,202607,아파트_전월세,우성2,신길동,4518,64.4,,28000,0,4,16,1986,신규,26.09~28.09,,,,,
영등포구,11560,신길동,202607,아파트_전월세,힐스테이트클래시안,신길동,4969,59.91,,65000,0,8,16,2020,갱신,26.08~28.08,65000.0,,사용,,
영등포구,11560,대림동,202607,아파트_전월세,현대3차,대림동,608-1,43.92,,35000,0,6,15,1997,신규,26.09~28.09,,,,,
영등포구,11560,문래동6가,202607,아파트_전월세,문래롯데캐슬,문래동6가,57,59.9,,25000,69,18,15,2020,갱신,26.09~28.09,25000.0,63.0,,,
영등포구,11560,영등포동7가,202607,아파트_전월세,아크로타워스퀘어,영등포동7가,203,59.91,,90000,0,14,16,2017,갱신,26.08~28.08,69405.0,,,,
영등포구,11560,문래동6가,202607,아파트_전월세,문래롯데캐슬,문래동6가,57,59.9,,25000,69,18,15,2020,갱신,26.09~28.09,25000.0,63.0,,,
영등포구,11560,문래동4가,202607,아파트_전월세,리버뷰신안인스빌1단지,문래동4가,67,84.995,,75000,0,7,8,2008,신규,26.09~28.09,,,,,
영등포구,11560,영등포동3가,202607,아파트_전월세,포레스트힐시티,영등포동3가,19-2,13.53,,1000,62,10,15,2014,신규,26.07~27.07,,,,,
영등포구,11560,문래동5가,202607,아파트_전월세,문래현대5차,문래동5가,23-1,84.62,,50000,0,6,10,1992,갱신,26.08~28.07,50000.0,,사용,,
영등포구,11560,문래동6가,202607,아파트_전월세,문래롯데캐슬,문래동6가,57,53.79,,25000,48,18,16,2020,신규,26.08~28.08,,,,,
영등포구,11560,문래동6가,202607,아파트_전월세,문래롯데캐슬,문래동6가,57,59.9,,25000,69,20,15,2020,갱신,26.09~28.09,25000.0,63.0,,,
영등포구,11560,문래동6가,202607,아파트_전월세,문래롯데캐슬,문래동6가,57,59.9,,25950,67,19,7,2020,갱신,26.09~28.09,25000.0,64.0,,,
영등포구,11560,여의도동,202607,아파트_전월세,진주,여의도동,54,63.83,,60000,0,9,16,1977,신규,26.08~28.08,,,,,
영등포구,11560,신길동,202607,아파트_전월세,래미안에스티움,신길동,4950,84.93,,82950,0,3,16,2017,갱신,26.09~28.09,79000.0,,사용,,
영등포구,11560,당산동5가,202607,아파트_전월세,당산디오빌,당산동5가,11-33,29.23,,2000,90,7,6,2005,신규,26.07~28.07,,,,,
영등포구,11560,대림동,202607,아파트_전월세,보라매 신동아 파밀리에,대림동,1125,84.91,,53000,45,7,16,2016,갱신,26.10~28.10,53000.0,,,,
영등포구,11560,당산동5가,202607,아파트_전월세,당산센트럴아이파크,당산동5가,43,59.98,,17200,65,13,16,2020,신규,26.07~28.09,,,,,
영등포구,11560,당산동5가,202607,아파트_전월세,당산효성1차,당산동5가,12,134.77,,70000,140,8,2,1999,신규,26.07~28.07,,,,,
영등포구,11560,당산동2가,202607,아파트_전월세,한화포레나당산,당산동2가,165,17.669,,9842,29,15,16,2022,신규,26.09~28.09,,,,,
영등포구,11560,여의도동,202607,아파트_전월세,서울,여의도동,21-1,139.31,,114000,0,4,16,1976,갱신,26.07~28.07,109000.0,,사용,,
영등포구,11560,신길동,202607,아파트_전월세,삼환,신길동,897-1,84.83,,26500,36,13,11,1997,갱신,26.08~28.08,26500.0,30.0,,,
영등포구,11560,신길동,202607,아파트_전월세,우성4,신길동,102-8,75.36,,52000,0,14,3,1991,신규,26.10~28.10,,,,,
영등포구,11560,당산동4가,202607,아파트_전월세,당산현대3차,당산동4가,88,84.93,,63000,0,7,11,1988,갱신,26.08~28.08,60000.0,,사용,,
영등포구,11560,당산동6가,202607,아파트_전월세,디마크당산,당산동6가,331-1,37.33,,5000,250,17,15,2025,신규,26.07~27.07,,,,,
영등포구,11560,당산동5가,202607,아파트_전월세,당산디오빌,당산동5가,11-33,29.23,,25000,40,7,14,2005,신규,26.08~28.08,,,,,
영등포구,11560,문래동6가,202607,아파트_전월세,문래롯데캐슬,문래동6가,57,59.9,,25000,69,19,15,2020,신규,26.08~28.08,,,,,
영등포구,11560,여의도동,202607,아파트_전월세,진주,여의도동,54,94.31,,20000,140,8,1,1977,갱신,26.07~28.07,20000.0,105.0,,,
영등포구,11560,문래동6가,202607,아파트_전월세,현대6차,문래동6가,55-1,84.72,,70000,0,8,15,1997,신규,26.09~28.09,,,,,
영등포구,11560,문래동4가,202607,아파트_전월세,문래동삼환,문래동4가,43,84.98,,60000,0,6,13,2001,신규,26.09~28.09,,,,,
영등포구,11560,여의도동,202607,아파트_전월세,여의도자이,여의도동,47,125.71,,126000,160,3,10,2008,갱신,26.08~27.06,120000.0,160.0,사용,,
영등포구,11560,영등포동,202607,아파트_전월세,영등포푸르지오,영등포동,647,73.133,,10000,150,9,5,2002,갱신,26.07~28.07,10000.0,140.0,,,
영등포구,11560,대림동,202607,아파트_전월세,무림,대림동,993-8,69.95,,31000,0,2,15,1981,갱신,26.07~28.07,21800.0,,,,
영등포구,11560,영등포동,202607,아파트_전월세,영등포푸르지오,영등포동,647,73.133,,50000,60,11,13,2002,신규,26.10~28.10,,,,,
영등포구,11560,여의도동,202607,아파트_전월세,시범,여의도동,50,156.99,,58000,0,1,7,1971,갱신,26.08~28.08,58000.0,,사용,,
영등포구,11560,여의도동,202607,아파트_전월세,한양,여의도동,42,192.73,,50000,0,6,10,1975,신규,26.08~27.03,,,,,
영등포구,11560,대림동,202607,아파트_전월세,(1101-1),대림동,1101-1,14.81,,500,60,6,11,2012,신규,26.07~27.03,,,,,
영등포구,11560,당산동1가,202607,아파트_전월세,진로,당산동1가,16-1,84.87,,68200,0,6,10,1997,갱신,26.10~28.10,65000.0,,사용,,
영등포구,11560,신길동,202607,아파트_전월세,삼성래미안,신길동,4934,32.94,,1910,11,1,15,2001,갱신,26.08~28.07,1910.0,11.0,,,
영등포구,11560,양평동1가,202607,아파트_전월세,신동아,양평동1가,20,50.81,,21000,0,5,14,1982,갱신,26.08~28.08,21000.0,,,,
영등포구,11560,영등포동,202607,아파트_전월세,영등포푸르지오,영등포동,647,79.777,,27000,110,10,7,2002,갱신,26.08~28.08,27000.0,100.0,,,
영등포구,11560,신길동,202607,아파트_전월세,보라매에스케이뷰,신길동,4958,39.98,,5440,7,7,15,2020,갱신,26.08~28.07,3445.0,19.0,,,
영등포구,11560,영등포동1가,202607,아파트_전월세,여의도더리브스타일,영등포동1가,94-2,14.8376,,18200,15,20,8,2020,갱신,26.08~28.08,19300.0,,,,
영등포구,11560,영등포동7가,202607,아파트_전월세,아크로타워스퀘어,영등포동7가,203,26.78,,12615,41,11,14,2017,갱신,26.08~28.07,10610.0,37.0,,,
영등포구,11560,당산동5가,202607,아파트_전월세,당산센트럴아이파크,당산동5가,43,59.98,,60000,116,16,14,2020,갱신,26.08~28.08,60000.0,100.0,사용,,
영등포구,11560,신길동,202607,아파트_전월세,비스타동원,신길동,4975,28.7519,,27200,3,18,13,2024,신규,26.08~28.08,,,,,
영등포구,11560,당산동4가,202607,아파트_전월세,당산현대5차,당산동4가,30-1,59.37,,56250,0,12,11,2000,갱신,26.08~27.08,53580.0,,사용,,
영등포구,11560,신길동,202607,아파트_전월세,우성1,신길동,365,49.64,,28000,0,13,14,1986,갱신,26.09~28.09,26750.0,,사용,,
영등포구,11560,여의도동,202607,아파트_전월세,시범,여의도동,50,118.12,,71000,0,5,13,1971,갱신,26.08~28.08,70000.0,,사용,,
영등포구,11560,영등포동8가,202607,아파트_전월세,영등포메이준2011,영등포동8가,51-1,12.11,,1000,65,14,14,2012,신규,26.08~28.08,,,,,
영등포구,11560,당산동5가,202607,아파트_전월세,성원,당산동5가,40,59.94,,52500,0,1,14,1997,갱신,26.07~28.07,50000.0,,사용,,
영등포구,11560,당산동2가,202607,아파트_전월세,한화포레나당산,당산동2가,165,36.71,,18000,49,3,14,2022,신규,26.09~28.09,,,,,
영등포구,11560,영등포동2가,202607,아파트_전월세,여의도리미티오148,영등포동2가,139,26.1509,,5500,137,13,13,2022,신규,26.07~27.07,,,,,
영등포구,11560,신길동,202607,아파트_전월세,삼환,신길동,897-1,84.84,,75000,0,1,13,1997,신규,26.07~28.07,,,,,
영등포구,11560,신길동,202607,아파트_전월세,더샵파크프레스티지,신길동,4974,84.9005,,69000,70,15,14,2022,갱신,26.08~28.08,69000.0,,,,
영등포구,11560,대림동,202607,아파트_전월세,현대1,대림동,785-1,84.75,,10000,143,5,11,1992,갱신,26.07~28.07,10000.0,135.0,사용,,
영등포구,11560,문래동6가,202607,아파트_전월세,현대2차,문래동6가,45,59.85,,42000,0,5,4,1987,신규,26.10~28.10,,,,,
영등포구,11560,당산동2가,202607,아파트_전월세,당산2가현대홈타운,당산동2가,164,82.77,,75000,0,12,14,1994,신규,26.10~28.10,,,,,
영등포구,11560,신길동,202607,아파트_전월세,더샵파크프레스티지,신길동,4974,84.9626,,90000,0,26,10,2022,갱신,26.08~28.08,80000.0,,,,
영등포구,11560,당산동3가,202607,아파트_전월세,당산계룡리슈빌3단지,당산동3가,565,49.993,,43500,0,2,11,2014,신규,26.10~28.10,,,,,
영등포구,11560,여의도동,202607,아파트_전월세,리첸시아,여의도동,61,164.64,,10000,650,20,14,2003,신규,26.09~28.09,,,,,
영등포구,11560,도림동,202607,아파트_전월세,영등포아트자이,도림동,821,84.781,,83000,0,29,14,2014,신규,26.10~28.10,,,,,
영등포구,11560,당산동5가,202607,아파트_전월세,당산센트럴아이파크,당산동5가,43,59.98,,7591,66,7,13,2020,갱신,26.08~28.07,13230.0,50.0,,,
영등포구,11560,대림동,202607,아파트_전월세,현대2,대림동,785,84.74,,55000,0,10,6,1992,신규,26.09~28.09,,,,,
영등포구,11560,신길동,202607,아파트_전월세,래미안영등포프레비뉴,신길동,4945,59.99,,60900,0,2,13,2015,갱신,26.09~28.09,58000.0,,사용,,
영등포구,11560,당산동5가,202607,아파트_전월세,당산센트럴아이파크,당산동5가,43,59.98,,17200,65,8,14,2020,신규,26.07~28.09,,,,,
영등포구,11560,당산동5가,202607,아파트_전월세,당산센트럴아이파크,당산동5가,43,59.98,,17200,65,12,13,2020,신규,26.07~28.09,,,,,
영등포구,11560,대림동,202607,아파트_전월세,e편한세상영등포아델포레,대림동,1127,59.968,,15680,59,11,14,2020,신규,26.07~28.09,,,,,
영등포구,11560,신길동,202607,아파트_전월세,신길파크자이,신길동,4967,59.95,,68000,0,19,12,2022,갱신,26.08~28.08,65000.0,,사용,,
영등포구,11560,당산동4가,202607,아파트_전월세,당산현대5차,당산동4가,30-1,59.85,,50000,42,11,14,2000,갱신,26.10~28.02,50000.0,40.0,사용,,
영등포구,11560,영등포동7가,202607,아파트_전월세,경남아너스빌,영등포동7가,46-1,59.9,,15000,150,13,4,1998,신규,26.10~28.10,,,,,
영등포구,11560,여의도동,202607,아파트_전월세,삼부,여의도동,30-2,92.13,,65000,0,11,14,1975,갱신,26.09~28.09,55000.0,,,,
영등포구,11560,양평동5가,202607,아파트_전월세,양평한신,양평동5가,76,59.94,,10000,190,11,13,1996,신규,26.09~28.09,,,,,
영등포구,11560,대림동,202607,아파트_전월세,e편한세상영등포아델포레,대림동,1127,84.9571,,75000,0,7,11,2020,갱신,26.08~28.08,52400.0,,,,
영등포구,11560,대림동,202607,아파트_전월세,현대1,대림동,785-1,84.75,,38000,0,9,12,1992,갱신,26.07~28.07,36200.0,,,,
영등포구,11560,영등포동7가,202607,아파트_전월세,훼미리하우스117,영등포동7가,94-51,16.98,,10500,17,12,13,2012,신규,26.09~28.09,,,,,
영등포구,11560,문래동6가,202607,아파트_전월세,현대1차,문래동6가,46,64.38,,48000,0,1,13,1986,신규,26.08~28.08,,,,,
영등포구,11560,문래동6가,202607,아파트_전월세,현대1차,문래동6가,46,64.38,,5000,190,10,2,1986,신규,26.08~28.08,,,,,
영등포구,11560,대림동,202607,아파트_전월세,신동아,대림동,777-1,67.41,,35000,0,11,11,1987,갱신,26.09~28.09,35000.0,,사용,,
영등포구,11560,당산동3가,202607,아파트_전월세,쌍용예가클래식,당산동3가,559,88.02,,79000,0,8,13,2010,신규,26.09~28.09,,,,,
영등포구,11560,신길동,202607,아파트_전월세,래미안에스티움,신길동,4950,84.93,,79800,0,5,13,2017,갱신,26.08~28.08,76000.0,,사용,,
영등포구,11560,여의도동,202607,아파트_전월세,시범,여의도동,50,79.24,,46000,0,4,13,1971,신규,26.10~28.10,,,,,
영등포구,11560,당산동2가,202607,아파트_전월세,한화포레나당산,당산동2가,165,36.71,,24221,26,5,13,2022,신규,26.10~28.10,,,,,
영등포구,11560,대림동,202607,아파트_전월세,e편한세상영등포아델포레,대림동,1127,59.968,,15680,59,14,13,2020,신규,26.07~28.09,,,,,
영등포구,11560,영등포동,202607,아파트_전월세,영등포푸르지오,영등포동,647,79.777,,70000,0,21,10,2002,신규,26.09~28.09,,,,,
영등포구,11560,영등포동8가,202607,아파트_전월세,삼환,영등포동8가,76-1,84.87,,77700,0,9,11,1999,갱신,26.08~28.08,74000.0,,사용,,
영등포구,11560,당산동,202607,아파트_전월세,태경,당산동,121-60,12.72,,3000,38,14,13,2013,신규,26.07~27.07,,,,,
영등포구,11560,대림동,202607,아파트_전월세,e편한세상영등포아델포레,대림동,1127,59.968,,15680,59,17,13,2020,신규,26.07~28.09,,,,,
영등포구,11560,신길동,202607,아파트_전월세,삼성래미안,신길동,4934,84.91,,41895,8,4,10,2001,갱신,26.08~28.08,41895.0,,,,
영등포구,11560,당산동5가,202607,아파트_전월세,당산센트럴아이파크,당산동5가,43,59.98,,18681,29,7,13,2020,갱신,26.08~28.07,13230.0,50.0,,,
영등포구,11560,대림동,202607,아파트_전월세,e편한세상영등포아델포레,대림동,1127,59.968,,15680,59,4,13,2020,신규,26.07~28.09,,,,,
영등포구,11560,여의도동,202607,아파트_전월세,목화,여의도동,30,89.26,,63000,12,4,8,1977,갱신,26.07~28.07,63000.0,,사용,,
영등포구,11560,당산동3가,202607,아파트_전월세,쌍용예가클래식,당산동3가,559,68.28,,63000,0,7,11,2010,갱신,26.07~28.07,60000.0,,사용,,
영등포구,11560,당산동2가,202607,아파트_전월세,당산2가현대홈타운,당산동2가,164,82.77,,68000,0,16,13,1994,갱신,26.08~28.08,65000.0,,사용,,
영등포구,11560,양평동5가,202607,아파트_전월세,양평한신,양평동5가,76,59.94,,61000,0,7,11,1996,신규,26.09~28.09,,,,,
영등포구,11560,도림동,202607,아파트_전월세,도림브라보역세권청년주택,도림동,250-20,16.01,,7800,33,12,12,2021,갱신,26.08~27.08,7800.0,30.0,,,
영등포구,11560,대림동,202607,아파트_전월세,e편한세상영등포아델포레,대림동,1127,59.968,,15680,59,4,13,2020,신규,26.07~28.09,,,,,
영등포구,11560,대림동,202607,아파트_전월세,e편한세상영등포아델포레,대림동,1127,59.968,,15680,59,13,13,2020,신규,26.07~28.09,,,,,
영등포구,11560,대림동,202607,아파트_전월세,e편한세상영등포아델포레,대림동,1127,59.968,,7840,75,5,13,2020,신규,26.07~28.09,,,,,
영등포구,11560,당산동2가,202607,아파트_전월세,당산대우,당산동2가,16-1,31.73,,1000,73,7,10,1999,갱신,26.07~28.07,1000.0,68.0,,,
영등포구,11560,당산동4가,202607,아파트_전월세,한강아파트,당산동4가,29,84.98,,65625,0,10,11,1999,갱신,26.08~28.08,62500.0,,사용,,
영등포구,11560,당산동,202607,아파트_전월세,강변래미안,당산동,376,55.91,,62400,0,4,10,2002,갱신,26.08~28.08,60000.0,,사용,,
영등포구,11560,대림동,202607,아파트_전월세,e편한세상영등포아델포레,대림동,1127,84.9571,,73500,0,5,11,2020,갱신,26.08~28.08,70000.0,,사용,,
영등포구,11560,대림동,202607,아파트_전월세,현대3차,대림동,608-1,43.92,,38000,0,8,10,1997,신규,26.08~28.08,,,,,
영등포구,11560,당산동5가,202607,아파트_전월세,당산센트럴아이파크,당산동5가,43,59.98,,17200,65,13,13,2020,신규,26.07~28.09,,,,,
영등포구,11560,대림동,202607,아파트_전월세,G밸리소홈,대림동,1101-7,16.1,,1000,70,12,11,2018,신규,26.08~27.08,,,,,
영등포구,11560,영등포동7가,202607,아파트_전월세,경남아너스빌,영등포동7가,46-1,59.9,,60000,0,11,11,1998,갱신,26.09~28.09,50000.0,,,,
영등포구,11560,당산동2가,202607,아파트_전월세,당산2가현대홈타운,당산동2가,164,82.77,,35000,170,4,10,1994,신규,26.09~28.09,,,,,
영등포구,11560,당산동5가,202607,아파트_전월세,당산효성1차,당산동5가,12,84.9,,82000,0,16,11,1999,갱신,26.10~28.10,80000.0,,사용,,
영등포구,11560,당산동5가,202607,아파트_전월세,당산센트럴아이파크,당산동5가,43,59.98,,18681,29,7,12,2020,갱신,26.08~28.07,13230.0,50.0,,,
영등포구,11560,대림동,202607,아파트_전월세,무림,대림동,993-8,56.23,,25000,0,5,11,1981,신규,26.08~28.08,,,,,
영등포구,11560,여의도동,202607,아파트_전월세,미성,여의도동,37,101.29,,60000,0,10,11,1978,갱신,26.07~28.07,57800.0,,,,
영등포구,11560,신길동,202607,아파트_전월세,삼성래미안,신길동,4934,84.39,,39690,7,2,11,2001,갱신,26.09~28.09,39690.0,,사용,,
영등포구,11560,당산동5가,202607,아파트_전월세,당산센트럴아이파크,당산동5가,43,59.98,,13891,53,15,12,2020,갱신,26.08~28.07,13230.0,50.0,,,
영등포구,11560,당산동5가,202607,아파트_전월세,당산센트럴아이파크,당산동5가,43,59.98,,18681,29,12,11,2020,갱신,26.08~28.07,13230.0,50.0,,,
영등포구,11560,당산동4가,202607,아파트_전월세,당산현대3차,당산동4가,88,84.93,,62000,0,6,1,1988,신규,26.08~28.08,,,,,
영등포구,11560,대림동,202607,아파트_전월세,신동아,대림동,777-1,84.85,,37000,0,4,9,1987,갱신,26.10~28.10,35000.0,,,,
영등포구,11560,신길동,202607,아파트_전월세,삼성래미안,신길동,4934,59.33,,58000,0,20,11,2001,신규,26.10~28.10,,,,,
영등포구,11560,당산동5가,202607,아파트_전월세,당산센트럴아이파크,당산동5가,43,59.98,,18681,29,17,11,2020,갱신,26.08~28.07,13230.0,50.0,,,
영등포구,11560,양평동3가,202607,아파트_전월세,양평역미소지움,양평동3가,106,37.8,,46500,0,11,10,2018,신규,26.09~28.09,,,,,
영등포구,11560,대림동,202607,아파트_전월세,코오롱,대림동,607-1,84.93,,65000,0,6,8,1998,신규,26.11~28.11,,,,,
영등포구,11560,양평동1가,202607,아파트_전월세,신동아,양평동1가,20,50.81,,35000,0,6,10,1982,갱신,26.08~28.08,34000.0,,사용,,
영등포구,11560,대림동,202607,아파트_전월세,신동아,대림동,777-1,53.37,,33000,0,6,10,1987,갱신,26.09~28.09,29000.0,,,,
영등포구,11560,당산동5가,202607,아파트_전월세,당산센트럴아이파크,당산동5가,43,59.98,,18681,29,2,12,2020,갱신,26.08~28.07,13230.0,50.0,,,
영등포구,11560,영등포동,202607,아파트_전월세,영등포푸르지오,영등포동,647,79.777,,70000,0,21,10,2002,신규,26.09~28.09,,,,,
영등포구,11560,신길동,202607,아파트_전월세,보라매에스케이뷰,신길동,4958,84.98,,100000,0,23,10,2020,신규,26.10~28.10,,,,,
영등포구,11560,신길동,202607,아파트_전월세,프리가,신길동,65-21,18.52,,11000,35,13,12,2013,신규,26.08~28.08,,,,,
영등포구,11560,당산동4가,202607,아파트_전월세,당산현대3차,당산동4가,88,84.5,,65000,0,2,11,1988,신규,26.08~28.08,,,,,
영등포구,11560,문래동5가,202607,아파트_전월세,문래모아미래도,문래동5가,67,84.75,,50000,100,6,4,2017,신규,26.10~28.10,,,,,
영등포구,11560,영등포동7가,202607,아파트_전월세,포레나영등포센트럴,영등포동7가,208,84.8025,,100000,0,28,11,2020,신규,26.09~28.09,,,,,
영등포구,11560,당산동4가,202607,아파트_전월세,브라운스톤당산,당산동4가,98,84.038,,83000,0,13,11,2015,신규,26.07~28.07,,,,,
영등포구,11560,도림동,202607,아파트_전월세,영등포아트자이,도림동,821,84.974,,20000,240,14,11,2014,신규,26.09~28.09,,,,,
영등포구,11560,문래동6가,202607,아파트_전월세,문래롯데캐슬,문래동6가,57,53.75,,25000,53,10,10,2020,신규,26.08~28.08,,,,,
영등포구,11560,문래동6가,202607,아파트_전월세,문래롯데캐슬,문래동6가,57,59.9,,25000,69,14,9,2020,갱신,26.09~28.09,25000.0,63.0,,,
영등포구,11560,문래동5가,202607,아파트_전월세,문래현대5차,문래동5가,23-1,84.79,,65000,0,3,11,1992,신규,26.08~28.08,,,,,
영등포구,11560,당산동3가,202607,아파트_전월세,동부센트레빌,당산동3가,561,94.75,,62900,0,7,9,2003,갱신,26.07~28.07,60900.0,,사용,,
영등포구,11560,당산동5가,202607,아파트_전월세,당산센트럴아이파크,당산동5가,43,84.98,,100000,55,19,9,2020,갱신,26.08~28.08,100000.0,40.0,,,
영등포구,11560,당산동3가,202607,아파트_전월세,쌍용예가클래식,당산동3가,559,63.92,,37500,0,6,3,2010,갱신,26.07~28.07,35800.0,,,,
영등포구,11560,영등포동7가,202607,아파트_전월세,경남아너스빌,영등포동7가,46-1,59.9,,61000,0,18,9,1998,신규,26.09~28.09,,,,,
영등포구,11560,신길동,202607,아파트_전월세,래미안에스티움,신길동,4950,59.95,,68000,0,4,9,2017,갱신,26.08~28.08,65000.0,,사용,,
영등포구,11560,여의도동,202607,아파트_전월세,여의도자이,여의도동,47,148.94,,147000,100,3,10,2008,갱신,26.10~29.01,147000.0,,,,
영등포구,11560,영등포동7가,202607,아파트_전월세,포레나영등포센트럴,영등포동7가,208,59.8976,,80000,0,26,4,2020,신규,26.09~28.09,,,,,
영등포구,11560,대림동,202607,아파트_전월세,e편한세상영등포아델포레,대림동,1127,59.968,,17455,27,17,10,2020,갱신,26.08~28.07,12348.0,47.0,,,
영등포구,11560,당산동5가,202607,아파트_전월세,당산센트럴아이파크,당산동5가,43,59.98,,18681,29,16,9,2020,갱신,26.08~28.07,13230.0,50.0,,,
영등포구,11560,당산동,202607,아파트_전월세,드림시드,당산동,171-19,82.17,,55650,0,14,4,2005,갱신,26.07~28.07,53000.0,,사용,,
영등포구,11560,당산동2가,202607,아파트_전월세,당산대우,당산동2가,16-1,32.62,,1000,85,24,9,1999,신규,26.08~28.08,,,,,
영등포구,11560,당산동2가,202607,아파트_전월세,한화포레나당산,당산동2가,165,17.669,,13071,16,18,10,2022,신규,26.09~28.09,,,,,
영등포구,11560,문래동6가,202607,아파트_전월세,현대2차,문래동6가,45,41.04,,32500,0,10,1,1987,갱신,26.09~28.09,31000.0,,사용,,
영등포구,11560,여의도동,202607,아파트_전월세,광장,여의도동,28,116.53,,100000,0,7,9,1978,신규,26.08~28.10,,,,,
영등포구,11560,신길동,202607,아파트_전월세,삼성,신길동,4759,60.48,,3000,110,10,8,1984,신규,26.08~28.08,,,,,
영등포구,11560,당산동,202607,아파트_전월세,래미안당산1차,당산동,374,59.97,,70000,0,11,10,1995,신규,26.10~28.10,,,,,
영등포구,11560,당산동,202607,아파트_전월세,강변래미안,당산동,376,108.15,,93000,0,12,8,2002,신규,26.09~28.09,,,,,
영등포구,11560,영등포동8가,202607,아파트_전월세,영등포메이준2011,영등포동8가,51-1,12.11,,500,65,11,9,2012,신규,26.07~26.11,,,,,
영등포구,11560,당산동2가,202607,아파트_전월세,한화포레나당산,당산동2가,165,17.669,,12900,17,17,9,2022,신규,26.09~28.09,,,,,
영등포구,11560,문래동2가,202607,아파트_전월세,남성,문래동2가,35,58.52,,20000,0,3,9,1983,신규,26.08~28.08,,,,,
영등포구,11560,여의도동,202607,아파트_전월세,수정,여의도동,32,150.65,,90000,0,9,7,1976,갱신,26.08~28.08,80000.0,,,,
영등포구,11560,당산동2가,202607,아파트_전월세,한화포레나당산,당산동2가,165,33.095,,22000,25,11,9,2022,신규,26.08~28.08,,,,,
영등포구,11560,당산동5가,202607,아파트_전월세,당산센트럴아이파크,당산동5가,43,59.98,,22848,45,4,9,2020,갱신,26.08~28.07,15876.0,60.0,,,
영등포구,11560,문래동3가,202607,아파트_전월세,문래우정,문래동3가,78,59.76,,5000,190,7,3,1998,신규,26.09~28.08,,,,,
영등포구,11560,당산동4가,202607,아파트_전월세,당산현대5차,당산동4가,30-1,59.85,,30000,140,7,7,2000,신규,26.09~28.09,,,,,
영등포구,11560,신길동,202607,아파트_전월세,삼환,신길동,897-1,59.53,,50000,24,6,4,1997,갱신,26.09~27.04,50000.0,,,,
영등포구,11560,당산동6가,202607,아파트_전월세,유탑유블레스,당산동6가,336-4,13.3867,,1000,72,7,2,2012,신규,26.07~27.07,,,,,
영등포구,11560,양평동3가,202607,아파트_전월세,거성파스텔,양평동3가,90-1,71.1,,58000,0,12,4,1999,갱신,26.08~28.08,56000.0,,사용,,
영등포구,11560,신길동,202607,아파트_전월세,래미안에스티움,신길동,4950,59.95,,68250,0,6,7,2017,갱신,26.09~28.09,65000.0,,사용,,
영등포구,11560,당산동5가,202607,아파트_전월세,당산센트럴아이파크,당산동5가,43,59.98,,18681,29,11,9,2020,갱신,26.08~28.07,13230.0,50.0,,,
영등포구,11560,당산동5가,202607,아파트_전월세,당산센트럴아이파크,당산동5가,43,59.98,,18681,29,6,8,2020,갱신,26.08~28.07,13230.0,50.0,,,
영등포구,11560,당산동5가,202607,아파트_전월세,당산센트럴아이파크,당산동5가,43,59.98,,18681,29,3,9,2020,갱신,26.08~28.07,13230.0,50.0,,,
영등포구,11560,신길동,202607,아파트_전월세,우성4,신길동,102-8,75.36,,52000,0,14,3,1991,신규,26.10~28.10,,,,,
영등포구,11560,문래동6가,202607,아파트_전월세,문래롯데캐슬,문래동6가,57,59.9,,25000,65,4,9,2020,신규,26.08~28.08,,,,,
영등포구,11560,당산동5가,202607,아파트_전월세,당산센트럴아이파크,당산동5가,43,46.98,,14574,23,9,8,2020,갱신,26.08~28.07,10319.0,39.0,,,
영등포구,11560,여의도동,202607,아파트_전월세,공작,여의도동,21-2,93.06,,52000,0,3,4,1976,신규,26.08~28.08,,,,,
영등포구,11560,신길동,202607,아파트_전월세,힐스테이트클래시안,신길동,4969,59.91,,30000,200,12,8,2020,신규,26.09~28.09,,,,,
영등포구,11560,신길동,202607,아파트_전월세,신길센트럴아이파크,신길동,4955,59.97,,57000,30,3,8,2019,갱신,26.08~28.08,57000.0,,,,
영등포구,11560,당산동5가,202607,아파트_전월세,당산센트럴아이파크,당산동5가,43,59.98,,18681,29,10,8,2020,갱신,26.08~28.07,13230.0,50.0,,,
영등포구,11560,당산동2가,202607,아파트_전월세,한화포레나당산,당산동2가,165,17.669,,9700,30,18,8,2022,신규,26.07~28.07,,,,,
영등포구,11560,당산동5가,202607,아파트_전월세,당산센트럴아이파크,당산동5가,43,59.98,,18681,29,6,8,2020,갱신,26.08~28.07,13230.0,50.0,,,
영등포구,11560,당산동5가,202607,아파트_전월세,당산센트럴아이파크,당산동5가,43,114.98,,120000,0,4,3,2020,갱신,26.07~28.07,99700.0,,,,
영등포구,11560,신길동,202607,아파트_전월세,경남,신길동,67-1,114.97,,70000,0,8,7,1999,갱신,26.08~29.08,60000.0,,,,
영등포구,11560,영등포동7가,202607,아파트_전월세,아크로타워스퀘어,영등포동7가,203,59.7,,20000,250,28,6,2017,신규,26.09~28.09,,,,,
영등포구,11560,당산동5가,202607,아파트_전월세,당산센트럴아이파크,당산동5가,43,59.98,,18681,29,16,8,2020,갱신,26.08~28.07,13230.0,50.0,,,
영등포구,11560,영등포동,202607,아파트_전월세,라르파크,영등포동,651,30.2372,,5000,180,3,4,2021,신규,26.08~27.08,,,,,
영등포구,11560,당산동5가,202607,아파트_전월세,당산디오빌,당산동5가,11-33,29.23,,2000,95,7,1,2005,갱신,26.07~27.07,2000.0,85.0,,,
영등포구,11560,당산동5가,202607,아파트_전월세,당산센트럴아이파크,당산동5가,43,46.98,,14574,23,5,8,2020,갱신,26.08~28.07,10319.0,39.0,,,
영등포구,11560,당산동5가,202607,아파트_전월세,당산센트럴아이파크,당산동5가,43,46.98,,14574,23,6,8,2020,갱신,26.08~28.07,10319.0,39.0,,,
영등포구,11560,당산동2가,202607,아파트_전월세,한화포레나당산,당산동2가,165,36.71,,4910,22,11,8,2022,갱신,26.08~28.07,4910.0,22.0,,,
영등포구,11560,문래동6가,202607,아파트_전월세,문래롯데캐슬,문래동6가,57,52.62,,26000,49,16,6,2020,갱신,26.09~28.09,25000.0,47.0,,,
영등포구,11560,당산동5가,202607,아파트_전월세,당산효성타운2차,당산동5가,13,84.38,,84000,0,3,4,2001,갱신,26.08~28.08,80000.0,,사용,,
영등포구,11560,당산동5가,202607,아파트_전월세,당산센트럴아이파크,당산동5가,43,59.98,,7891,65,7,8,2020,갱신,26.08~28.07,13230.0,50.0,,,
영등포구,11560,당산동4가,202607,아파트_전월세,당산반도유보라팰리스,당산동4가,96,157.87,,87000,150,16,7,2010,갱신,26.07~28.07,87000.0,90.0,,,
영등포구,11560,당산동5가,202607,아파트_전월세,당산센트럴아이파크,당산동5가,43,59.98,,18681,29,6,7,2020,갱신,26.08~28.07,13230.0,50.0,,,
영등포구,11560,여의도동,202607,아파트_전월세,대교,여의도동,41,95.5,,5000,150,12,1,1975,신규,26.09~28.09,,,,,
영등포구,11560,당산동5가,202607,아파트_전월세,당산센트럴아이파크,당산동5가,43,59.98,,18681,29,2,7,2020,갱신,26.08~28.07,13230.0,50.0,,,
영등포구,11560,당산동,202607,아파트_전월세,THESILK,당산동,121-132,45.81,,5000,131,7,6,2013,신규,26.08~28.08,,,,,
영등포구,11560,양평동3가,202607,아파트_전월세,거성파스텔,양평동3가,90-1,84.99,,81000,0,8,7,1999,신규,26.10~28.10,,,,,
영등포구,11560,당산동5가,202607,아파트_전월세,당산센트럴아이파크,당산동5가,43,59.98,,18681,29,7,8,2020,갱신,26.08~28.07,13230.0,50.0,,,
영등포구,11560,당산동5가,202607,아파트_전월세,당산센트럴아이파크,당산동5가,43,46.98,,14574,23,6,8,2020,갱신,26.08~28.07,10319.0,39.0,,,
영등포구,11560,당산동5가,202607,아파트_전월세,당산센트럴아이파크,당산동5가,43,59.98,,20070,34,4,8,2020,갱신,26.08~28.07,13230.0,50.0,,,
영등포구,11560,영등포동,202607,아파트_전월세,영등포푸르지오,영등포동,647,79.777,,66000,30,15,4,2002,신규,26.10~28.10,,,,,
영등포구,11560,당산동5가,202607,아파트_전월세,당산센트럴아이파크,당산동5가,43,46.98,,14574,23,10,7,2020,갱신,26.08~28.07,10319.0,39.0,,,
영등포구,11560,당산동5가,202607,아파트_전월세,당산센트럴아이파크,당산동5가,43,59.98,,18681,29,6,7,2020,갱신,26.08~28.07,13230.0,50.0,,,
영등포구,11560,신길동,202607,아파트_전월세,우성5,신길동,4933,84.98,,50000,0,12,4,1993,갱신,26.09~28.09,45150.0,,,,
영등포구,11560,당산동4가,202607,아파트_전월세,당산현대3차,당산동4가,88,84.5,,10000,200,13,3,1988,신규,26.09~28.09,,,,,
영등포구,11560,문래동6가,202607,아파트_전월세,문래롯데캐슬,문래동6가,57,51.25,,20000,63,15,7,2020,신규,26.08~28.08,,,,,
영등포구,11560,문래동6가,202607,아파트_전월세,문래롯데캐슬,문래동6가,57,59.9,,25000,69,11,6,2020,갱신,26.09~28.09,25000.0,63.0,,,
영등포구,11560,당산동2가,202607,아파트_전월세,당산대우,당산동2가,16-1,31.73,,26400,0,9,7,1999,갱신,26.08~28.08,24000.0,,,,
영등포구,11560,당산동2가,202607,아파트_전월세,한화포레나당산,당산동2가,165,33.095,,22292,23,17,7,2022,신규,26.08~28.08,,,,,
영등포구,11560,신길동,202607,아파트_전월세,신길센트럴자이아파트,신길동,4964,59.98,,15000,270,15,7,2021,신규,26.08~28.08,,,,,
영등포구,11560,신길동,202607,아파트_전월세,신길센트럴자이아파트,신길동,4964,59.98,,45000,110,29,4,2021,갱신,26.07~28.07,45000.0,80.0,,,
영등포구,11560,신길동,202607,아파트_전월세,보라매에스케이뷰,신길동,4958,84.98,,100000,0,8,7,2020,신규,26.08~28.08,,,,,
영등포구,11560,문래동4가,202607,아파트_전월세,문래동삼환,문래동4가,43,59.85,,50000,0,10,7,2001,갱신,26.07~28.07,44000.0,,,,
영등포구,11560,신길동,202607,아파트_전월세,래미안영등포프레비뉴,신길동,4945,84.98,,70000,40,10,7,2015,갱신,26.07~28.07,80000.0,,,,
영등포구,11560,양평동3가,202607,아파트_전월세,경남아너스빌,양평동3가,55-1,59.9,,44500,0,12,7,1998,갱신,26.07~28.07,42500.0,,사용,,
영등포구,11560,당산동5가,202607,아파트_전월세,당산센트럴아이파크,당산동5가,43,59.98,,19171,26,11,7,2020,갱신,26.08~28.07,13230.0,50.0,,,
영등포구,11560,양평동5가,202607,아파트_전월세,동보,양평동5가,9-1,84.48,,69000,0,6,6,1998,신규,26.10~28.10,,,,,
영등포구,11560,양평동5가,202607,아파트_전월세,양평한신,양평동5가,76,59.94,,50400,0,18,4,1996,신규,26.09~28.09,,,,,
영등포구,11560,당산동,202607,아파트_전월세,드림리버빌,당산동,378,117.41,,85000,0,17,4,2002,신규,27.01~29.01,,,,,
영등포구,11560,당산동5가,202607,아파트_전월세,당산디오빌,당산동5가,11-33,28.86,,5000,82,7,2,2005,갱신,26.07~27.07,5000.0,77.0,,,
영등포구,11560,당산동3가,202607,아파트_전월세,당산계룡리슈빌1단지,당산동3가,564,40.136,,52500,0,5,6,2014,신규,26.09~28.09,,,,,
영등포구,11560,당산동,202607,아파트_전월세,강변래미안,당산동,376,55.91,,70000,0,6,6,2002,신규,26.10~28.10,,,,,
영등포구,11560,당산동3가,202607,아파트_전월세,당산계룡리슈빌1단지,당산동3가,564,42.02,,38100,0,6,2,2014,갱신,26.08~27.08,36300.0,,사용,,
영등포구,11560,문래동3가,202607,아파트_전월세,문래해태,문래동3가,13,59.41,,5000,80,15,6,1999,신규,26.07~27.07,,,,,
영등포구,11560,당산동5가,202607,아파트_전월세,당산디오빌,당산동5가,11-33,33.09,,32000,0,3,6,2005,신규,26.09~28.09,,,,,
영등포구,11560,대림동,202607,아파트_전월세,G밸리소홈,대림동,1101-7,16.1,,1000,70,12,6,2018,신규,26.07~27.07,,,,,
영등포구,11560,양평동4가,202607,아파트_전월세,경남아너스빌,양평동4가,51-1,59.84,,10000,210,11,4,2000,신규,26.09~28.09,,,,,
영등포구,11560,당산동3가,202607,아파트_전월세,당산한양,당산동3가,2-6,84.93,,50000,50,10,2,1986,신규,26.09~28.09,,,,,
영등포구,11560,신길동,202607,아파트_전월세,경남,신길동,67-1,59.96,,45150,0,8,6,1999,갱신,26.10~28.10,43000.0,,사용,,
영등포구,11560,당산동2가,202607,아파트_전월세,한화포레나당산,당산동2가,165,41.125,,16820,63,4,6,2022,신규,26.09~28.09,,,,,
영등포구,11560,도림동,202607,아파트_전월세,동아에코빌,도림동,165-1,118.84,,63000,0,4,6,2000,갱신,26.07~28.07,60000.0,,사용,,
영등포구,11560,영등포동3가,202607,아파트_전월세,포레스트힐시티,영등포동3가,19-2,13.53,,500,60,3,6,2014,신규,26.07~27.07,,,,,
영등포구,11560,도림동,202607,아파트_전월세,영등포아트자이,도림동,821,84.764,,60000,90,11,6,2014,신규,26.09~28.09,,,,,
영등포구,11560,신길동,202607,아파트_전월세,비스타동원,신길동,4975,15.3664,,16000,2,18,3,2024,신규,26.08~28.08,,,,,
영등포구,11560,당산동4가,202607,아파트_전월세,한강아파트,당산동4가,29,59.4,,10000,180,10,6,1999,신규,26.08~28.08,,,,,
영등포구,11560,여의도동,202607,아파트_전월세,한양,여의도동,42,149.52,,90000,0,7,6,1975,신규,26.09~28.09,,,,,
영등포구,11560,신길동,202607,아파트_전월세,래미안에스티움,신길동,4950,84.93,,81500,0,15,4,2017,갱신,26.10~28.10,78000.0,,사용,,
영등포구,11560,당산동2가,202607,아파트_전월세,당산대우,당산동2가,16-1,31.73,,28000,0,20,3,1999,신규,26.08~28.08,,,,,
영등포구,11560,영등포동,202607,아파트_전월세,영등포푸르지오,영등포동,647,73.133,,63000,0,14,4,2002,신규,26.09~28.09,,,,,
영등포구,11560,영등포동,202607,아파트_전월세,라르파크,영등포동,651,30.2372,,37000,0,2,4,2021,신규,26.08~28.08,,,,,
영등포구,11560,당산동4가,202607,아파트_전월세,한강아파트,당산동4가,29,59.4,,58000,0,5,4,1999,신규,26.09~28.09,,,,,
영등포구,11560,영등포동4가,202607,아파트_전월세,영등포그랑그루,영등포동4가,103,12.1,,1000,75,11,4,2012,신규,26.07~27.07,,,,,
영등포구,11560,도림동,202607,아파트_전월세,영등포아트자이,도림동,821,84.854,,74000,0,10,4,2014,갱신,26.08~28.08,73000.0,,,,
영등포구,11560,신길동,202607,아파트_전월세,힐스테이트클래시안,신길동,4969,59.91,,88000,0,24,3,2020,신규,26.09~28.09,,,,,
영등포구,11560,대림동,202607,아파트_전월세,e편한세상영등포아델포레,대림동,1127,84.9571,,56000,0,10,4,2020,갱신,26.08~28.08,56000.0,,,,
영등포구,11560,당산동4가,202607,아파트_전월세,당산현대5차,당산동4가,30-1,84.69,,50000,95,13,4,2000,갱신,26.07~28.07,50000.0,,,,
영등포구,11560,영등포동,202607,아파트_전월세,영등포푸르지오,영등포동,647,73.133,,60000,0,4,4,2002,갱신,26.07~28.07,53500.0,,,,
영등포구,11560,당산동4가,202607,아파트_전월세,당산현대3차,당산동4가,88,59.26,,55000,0,5,4,1988,신규,26.09~28.09,,,,,
영등포구,11560,대림동,202607,아파트_전월세,현대3차,대림동,608-1,43.92,,33000,0,20,4,1997,신규,26.12~28.12,,,,,
영등포구,11560,당산동3가,202607,아파트_전월세,당산한양,당산동3가,2-6,73.87,,15000,80,6,4,1986,갱신,26.07~28.07,15000.0,60.0,,,
영등포구,11560,영등포동1가,202607,아파트_전월세,내이처해밀,영등포동1가,145,14.24,,11000,20,9,4,2012,신규,26.08~28.08,,,,,
영등포구,11560,영등포동7가,202607,아파트_전월세,경남아너스빌,영등포동7가,46-1,59.9,,47250,0,8,4,1998,갱신,26.07~28.07,45000.0,,사용,,
영등포구,11560,영등포동1가,202607,아파트_전월세,지엘리베라움,영등포동1가,28,12.62,,14000,12,16,2,2014,신규,26.08~28.08,,,,,
영등포구,11560,신길동,202607,아파트_전월세,건영,신길동,364,75.93,,43000,7,8,3,1985,갱신,26.09~28.09,43000.0,,사용,,
영등포구,11560,여의도동,202607,아파트_전월세,은하,여의도동,52,121.52,,70000,0,2,1,1974,신규,26.11~28.11,,,,,
영등포구,11560,영등포동,202607,아파트_전월세,두산위브,영등포동,649,84.63,,52500,0,14,5,2004,갱신,26.07~28.07,50000.0,,사용,,
영등포구,11560,신길동,202607,아파트_전월세,힐스테이트클래시안,신길동,4969,59.91,,80000,0,2,3,2020,신규,26.10~28.10,,,,,
영등포구,11560,영등포동7가,202607,아파트_전월세,아크로타워스퀘어,영등포동7가,203,59.7,,60000,120,14,3,2017,신규,26.09~28.09,,,,,
영등포구,11560,여의도동,202607,아파트_전월세,시범,여의도동,50,79.24,,3000,158,7,3,1971,갱신,26.08~28.08,3000.0,150.0,사용,,
영등포구,11560,양평동2가,202607,아파트_전월세,삼성래미안,양평동2가,38-1,84.69,,69000,0,15,3,1998,신규,26.08~28.08,,,,,
영등포구,11560,당산동4가,202607,아파트_전월세,당산현대5차,당산동4가,30-1,59.75,,66000,0,16,2,2000,갱신,26.08~28.08,63000.0,,사용,,
영등포구,11560,대림동,202607,아파트_전월세,신동아,대림동,777-1,53.37,,30000,0,8,3,1987,갱신,26.08~28.08,30000.0,,사용,,
영등포구,11560,영등포동1가,202607,아파트_전월세,헤렌어반,영등포동1가,144,13.331,,9945,10,2,2,2011,신규,26.07~28.07,,,,,
영등포구,11560,양평동2가,202607,아파트_전월세,삼성래미안,양평동2가,38-1,59.4,,52000,0,14,1,1998,갱신,26.08~28.08,47000.0,,,,
영등포구,11560,영등포동,202607,아파트_전월세,라르파크,영등포동,651,30.7084,,38000,20,8,1,2021,신규,26.07~28.07,,,,,
영등포구,11560,신길동,202607,아파트_전월세,루나플라체,신길동,69-20,14.54,,13680,16,9,1,2019,신규,26.07~28.01,,,,,
영등포구,11560,신길동,202607,아파트_전월세,힐스테이트클래시안,신길동,4969,49.7,,40000,67,19,1,2020,신규,26.09~28.09,,,,,
영등포구,11560,당산동5가,202607,아파트_전월세,당산센트럴아이파크,당산동5가,43,59.98,,88500,0,17,1,2020,신규,26.09~28.09,,,,,
영등포구,11560,대림동,202607,아파트_전월세,성원(1115-1),대림동,1115-1,59.79,,37000,0,2,2,1997,신규,26.11~28.11,,,,,
영등포구,11560,당산동5가,202607,아파트_전월세,당산센트럴아이파크,당산동5가,43,46.98,,14574,23,2,1,2020,갱신,26.08~28.07,10319.0,39.0,,,
영등포구,11560,당산동2가,202607,아파트_전월세,당산대우,당산동2가,16-1,31.73,,1000,80,13,1,1999,신규,26.08~28.08,,,,,
영등포구,11560,신길동,202607,아파트_전월세,삼성,신길동,4759,41.58,,4000,70,12,1,1984,신규,26.08~28.08,,,,,
영등포구,11560,문래동6가,202607,아파트_전월세,문래롯데캐슬,문래동6가,57,53.75,,25000,54,20,1,2020,갱신,26.09~28.09,25000.0,50.0,,,
영등포구,11560,양평동6가,202607,오피스텔_매매,금강노블레스,양평동6가,81,31.47,42000,,,10,28,2022,,,,,,직거래,
영등포구,11560,양평동2가,202607,오피스텔_매매,오목교투웨니퍼스트,양평동2가,37-3,28.63,29500,,,10,25,2017,,,,,,중개거래,
영등포구,11560,도림동,202607,오피스텔_매매,쌍용플래티넘시티1단지,도림동,820,86.54,44800,,,12,24,2006,,,,,,직거래,
영등포구,11560,영등포동4가,202607,오피스텔_매매,HIGHEND 63st,영등포동4가,55,28.12,48544,,,10,7,2023,,,,,,직거래,
영등포구,11560,당산동1가,202607,오피스텔_매매,펠리스 빌,당산동1가,255-21,25.09,27000,,,7,18,2017,,,,,,중개거래,
영등포구,11560,여의도동,202607,오피스텔_매매,콤비빌딩,여의도동,61-4,50.02,35300,,,9,16,1994,,,,,,중개거래,
영등포구,11560,여의도동,202607,오피스텔_매매,힐스테이트 여의도 파인루체,여의도동,44-5,25.8,38500,,,10,16,2023,,,,,,중개거래,
영등포구,11560,도림동,202607,오피스텔_매매,쌍용플래티넘시티1단지,도림동,820,62.88,58700,,,3,20,2006,,,,,,중개거래,
영등포구,11560,양평동1가,202607,오피스텔_매매,더스톤,양평동1가,118-2,17.83,25000,,,8,24,2018,,,,,,중개거래,
영등포구,11560,문래동3가,202607,오피스텔_매매,문래동메가트리움,문래동3가,55-4,99.53,117000,,,17,16,2004,,,,,,중개거래,
영등포구,11560,여의도동,202607,오피스텔_매매,브라이튼 여의도,여의도동,525,59.97,185000,,,24,29,2023,,,,,,중개거래,
영등포구,11560,여의도동,202607,오피스텔_매매,익스콘벤처타워,여의도동,15-24,69.67,57500,,,5,25,2001,,,,,,중개거래,
영등포구,11560,도림동,202607,오피스텔_매매,쌍용플래티넘시티1단지,도림동,820,87.22,75000,,,5,30,2006,,,,,,중개거래,
영등포구,11560,여의도동,202607,오피스텔_매매,여의도자이,여의도동,47,41.24,59000,,,18,22,2008,,,,,,중개거래,
영등포구,11560,도림동,202607,오피스텔_매매,쌍용플래티넘시티1단지,도림동,820,86.54,73000,,,10,11,2006,,,,,,중개거래,
영등포구,11560,도림동,202607,오피스텔_매매,쌍용플래티넘시티1단지,도림동,820,93.57,84500,,,15,29,2006,,,,,,중개거래,
영등포구,11560,도림동,202607,오피스텔_매매,쌍용플래티넘시티1단지,도림동,820,86.54,78000,,,13,13,2006,,,,,,중개거래,
영등포구,11560,여의도동,202607,오피스텔_매매,힐스테이트 여의도 파인루체,여의도동,44-5,76.4,140000,,,11,27,2023,,,,,,중개거래,
영등포구,11560,여의도동,202607,오피스텔_매매,한서리버파크,여의도동,11-11,43.19,34000,,,12,29,1991,,,,,,직거래,
영등포구,11560,문래동6가,202607,오피스텔_매매,신일아르디세,문래동6가,29,82.4,60000,,,7,31,2005,,,,,,중개거래,
영등포구,11560,영등포동2가,202607,오피스텔_매매,여의도 디앤써밋,영등포동2가,94-154,27.98,27084,,,17,22,2019,,,,,,직거래,
영등포구,11560,영등포동7가,202607,오피스텔_매매,영등포 리버텔,영등포동7가,94-64,27.75,12100,,,7,23,2004,,,,,,중개거래,
영등포구,11560,당산동5가,202607,오피스텔_매매,당산역해링턴타워,당산동5가,9-3,23.92,20000,,,19,27,2015,,,,,,중개거래,
영등포구,11560,여의도동,202607,오피스텔_매매,콤비빌딩,여의도동,61-4,50.02,21500,,,10,21,1994,,,,,,중개거래,
영등포구,11560,영등포동2가,202607,오피스텔_매매,여의도 더 자하,영등포동2가,28-133,47.13,133800,,,19,14,2025,,,,,,중개거래,
영등포구,11560,양평동4가,202607,오피스텔_매매,설록디아망 타워,양평동4가,31-3,66,43000,,,4,30,2005,,,,,,중개거래,
영등포구,11560,영등포동4가,202607,오피스텔_매매,HIGHEND 63st,영등포동4가,55,28.12,46321,,,4,29,2023,,,,,,직거래,
영등포구,11560,당산동1가,202607,오피스텔_매매,더채움오피스텔,당산동1가,260,27.94,29000,,,2,25,2020,,,,,,중개거래,
영등포구,11560,문래동3가,202607,오피스텔_매매,문래동메가트리움,문래동3가,55-4,99.53,110000,,,23,17,2004,,,,,,중개거래,
영등포구,11560,양평동2가,202607,오피스텔_매매,스카이시티,양평동2가,22-1,18.18,11650,,,2,28,2014,,,,,,직거래,
영등포구,11560,영등포동3가,202607,오피스텔_매매,WD스퀘어,영등포동3가,20,16.23,15300,,,6,29,2020,,,,,,중개거래,
영등포구,11560,영등포동1가,202607,오피스텔_매매,여의도리슈빌DS,영등포동1가,121-5,21.41,17700,,,4,28,2020,,,,,,중개거래,
영등포구,11560,양평동3가,202607,오피스텔_매매,양평동우림 이 비지센타,양평동3가,16,30.75,15000,,,13,14,2003,,,,,,중개거래,
영등포구,11560,당산동6가,202607,오피스텔_매매,위너스하임,당산동6가,280-10,36.04,34500,,,8,25,2017,,,,,,중개거래,
영등포구,11560,당산동1가,202607,오피스텔_매매,현대가우스빌,당산동1가,140-1,48.34,44500,,,4,25,2016,,,,,,중개거래,
영등포구,11560,양평동4가,202607,오피스텔_매매,구산드림타워,양평동4가,22-1,85.65,83000,,,7,25,2007,,,,,,중개거래,
영등포구,11560,영등포동1가,202607,오피스텔_매매,여의도리슈빌DS,영등포동1가,121-5,21.41,20800,,,12,26,2020,,,,,,중개거래,
영등포구,11560,영등포동4가,202607,오피스텔_매매,HIGHEND 63st,영등포동4가,55,28.12,46321,,,4,16,2023,,,,,,직거래,
영등포구,11560,당산동1가,202607,오피스텔_매매,더채움오피스텔,당산동1가,260,27.94,29000,,,5,25,2020,,,,,,중개거래,
영등포구,11560,양평동3가,202607,오피스텔_매매,양평동 대우이안2,양평동3가,54,82.02,72000,,,2,4,2005,,,,,,중개거래,
영등포구,11560,여의도동,202607,오피스텔_매매,한서리버파크,여의도동,11-11,48.04,65000,,,11,3,1991,,,,,,중개거래,
영등포구,11560,당산동3가,202607,오피스텔_매매,당산동 디벨리움,당산동3가,6-3,26.01,27000,,,8,25,2019,,,,,,중개거래,
영등포구,11560,영등포동4가,202607,오피스텔_매매,HIGHEND 63st,영등포동4가,55,28.12,37500,,,6,24,2023,,,,,,중개거래,
영등포구,11560,당산동,202607,오피스텔_매매,여의도 아리스타,당산동,121-61,20.22,15500,,,5,13,2021,,,,,,중개거래,
영등포구,11560,여의도동,202607,오피스텔_매매,여의도 the샾 아일랜드 파크,여의도동,17,78.52,150000,,,12,25,2006,,,,,,중개거래,
영등포구,11560,영등포동4가,202607,오피스텔_매매,HIGHEND 63st,영등포동4가,55,28.12,46321,,,4,24,2023,,,,,,직거래,
영등포구,11560,영등포동4가,202607,오피스텔_매매,HIGHEND 63st,영등포동4가,55,39.73,68538,,,12,23,2023,,,,,,직거래,
영등포구,11560,문래동3가,202607,오피스텔_매매,문래동메가트리움,문래동3가,55-4,165.77,156000,,,30,15,2004,,,,,,중개거래,
영등포구,11560,도림동,202607,오피스텔_매매,쌍용플래티넘시티2단지,도림동,269-1,62.34,58000,,,11,18,2006,,,,,,중개거래,
영등포구,11560,영등포동5가,202607,오피스텔_매매,휴젠느,영등포동5가,88,38.03,29100,,,8,23,2019,,,,,,중개거래,
영등포구,11560,양평동4가,202607,오피스텔_매매,선유도한강오피스텔,양평동4가,238-2,34.61,29000,,,2,15,2017,,,,,,중개거래,
영등포구,11560,신길동,202607,오피스텔_매매,신길 AK 푸르지오,신길동,255-9,78.1204,86000,,,10,22,2024,,,,,,중개거래,
영등포구,11560,영등포동5가,202607,오피스텔_매매,리첸스타,영등포동5가,82-1,22.37,21000,,,6,14,2019,,,,,,중개거래,
영등포구,11560,도림동,202607,오피스텔_매매,쌍용플래티넘시티1단지,도림동,820,62.88,58700,,,3,20,2006,,,,,,중개거래,O
영등포구,11560,신길동,202607,오피스텔_매매,대우 디오빌 골든뷰 오피스텔,신길동,22-5,28.29,19000,,,6,21,2004,,,,,,직거래,
영등포구,11560,양평동2가,202607,오피스텔_매매,신동아하이팰리스,양평동2가,1-1,88.61,70700,,,10,17,2005,,,,,,중개거래,
영등포구,11560,당산동5가,202607,오피스텔_매매,당산역해링턴타워,당산동5가,9-3,23.92,19800,,,6,21,2015,,,,,,중개거래,
영등포구,11560,신길동,202607,오피스텔_매매,엔-씨티오피스텔,신길동,59-2,27.72,12600,,,12,20,2000,,,,,,중개거래,
영등포구,11560,양평동5가,202607,오피스텔_매매,대우미래사랑2차,양평동5가,92,65.28,64000,,,4,8,2004,,,,,,중개거래,
영등포구,11560,당산동5가,202607,오피스텔_매매,당산역 한강포스빌,당산동5가,33-1,30.43,17400,,,8,17,2005,,,,,,중개거래,
영등포구,11560,도림동,202607,오피스텔_매매,대우미래사랑,도림동,819,29.38,14000,,,4,17,2004,,,,,,중개거래,
영등포구,11560,문래동6가,202607,오피스텔_매매,문래파라곤 201동,문래동6가,16,85.6,65000,,,7,20,2005,,,,,,중개거래,
영등포구,11560,양평동2가,202607,오피스텔_매매,양평동월드메르디앙오피스텔,양평동2가,1-2,79.75,51800,,,4,20,2005,,,,,,중개거래,
영등포구,11560,여의도동,202607,오피스텔_매매,힐스테이트 여의도 파인루체,여의도동,44-5,28.92,40000,,,5,20,2023,,,,,,중개거래,
영등포구,11560,영등포동3가,202607,오피스텔_매매,WD스퀘어,영등포동3가,20,16.72,15000,,,6,14,2020,,,,,,직거래,
영등포구,11560,양평동6가,202607,오피스텔_매매,선유도역 더블파크 투웨니퍼스트,양평동6가,94,28.42,28000,,,8,9,2020,,,,,,중개거래,
영등포구,11560,당산동5가,202607,오피스텔_매매,데시앙루브 오피스텔,당산동5가,8,24.97,18950,,,10,16,2014,,,,,,중개거래,
영등포구,11560,양평동6가,202607,오피스텔_매매,선유도역 더블파크 투웨니퍼스트,양평동6가,94,28.42,29500,,,13,17,2020,,,,,,중개거래,
영등포구,11560,당산동4가,202607,오피스텔_매매,아름채,당산동4가,32-46,41.33,29500,,,2,18,,,,,,,중개거래,
영등포구,11560,신길동,202607,오피스텔_매매,피오에스오피스텔,신길동,96-13,44.15,24000,,,10,20,2003,,,,,,중개거래,
영등포구,11560,여의도동,202607,오피스텔_매매,한서리버파크,여의도동,11-11,48.04,62000,,,9,1,1991,,,,,,중개거래,
영등포구,11560,도림동,202607,오피스텔_매매,대우미래사랑,도림동,819,29.38,14000,,,4,17,2004,,,,,,중개거래,O
영등포구,11560,양평동2가,202607,오피스텔_매매,(30-9),양평동2가,30-9,67.58,42000,,,2,11,2006,,,,,,중개거래,
영등포구,11560,영등포동2가,202607,오피스텔_매매,여의도 디앤써밋,영등포동2가,94-154,27.98,18000,,,6,16,2019,,,,,,직거래,
영등포구,11560,여의도동,202607,오피스텔_매매,여의도 the샾 아일랜드 파크,여의도동,17,158.28,295000,,,5,6,2006,,,,,,중개거래,
영등포구,11560,당산동1가,202607,오피스텔_매매,신현빌,당산동1가,256-17,28.4,43000,,,5,15,2024,,,,,,중개거래,
영등포구,11560,영등포동4가,202607,오피스텔_매매,HIGHEND 63st,영등포동4가,55,28.12,47854,,,8,13,2023,,,,,,직거래,
영등포구,11560,여의도동,202607,오피스텔_매매,브라이튼 여의도,여의도동,525,29.98,74500,,,15,14,2023,,,,,,중개거래,
영등포구,11560,당산동1가,202607,오피스텔_매매,퍼스트빌리지,당산동1가,256-8,47.76,36000,,,4,8,2018,,,,,,중개거래,
영등포구,11560,여의도동,202607,오피스텔_매매,(61-3),여의도동,61-3,29.3,18000,,,5,6,1991,,,,,,중개거래,
영등포구,11560,여의도동,202607,오피스텔_매매,여의도자이,여의도동,47,82.48,117000,,,17,9,2008,,,,,,직거래,
영등포구,11560,영등포동1가,202607,오피스텔_매매,여의도리슈빌DS,영등포동1가,121-5,21.41,19750,,,12,13,2020,,,,,,중개거래,
영등포구,11560,문래동3가,202607,오피스텔_매매,문래역 이안,문래동3가,77-10,95.49,77700,,,3,13,2004,,,,,,중개거래,
영등포구,11560,여의도동,202607,오피스텔_매매,여의도자이,여의도동,47,41.24,64000,,,26,3,2008,,,,,,중개거래,
영등포구,11560,당산동5가,202607,오피스텔_매매,당산역 한강포스빌,당산동5가,33-1,29.23,17800,,,12,1,2005,,,,,,중개거래,
영등포구,11560,당산동5가,202607,오피스텔_매매,당산역해링턴타워,당산동5가,9-3,23.92,21300,,,10,11,2015,,,,,,중개거래,
영등포구,11560,문래동1가,202607,오피스텔_매매,2030센터뷰,문래동1가,22-12,30.44,44000,,,3,3,2023,,,,,,직거래,
영등포구,11560,여의도동,202607,오피스텔_매매,브라이튼 여의도,여의도동,525,29.98,67000,,,13,6,2023,,,,,,중개거래,
영등포구,11560,당산동5가,202607,오피스텔_매매,당산역해링턴타워,당산동5가,9-3,23.92,21000,,,19,13,2015,,,,,,중개거래,
영등포구,11560,양평동2가,202607,오피스텔_매매,CO-OP Residence/오목교,양평동2가,43-14,26.38,10500,,,4,6,2004,,,,,,중개거래,
영등포구,11560,도림동,202607,오피스텔_매매,쌍용플래티넘시티1단지,도림동,820,62.88,63000,,,15,11,2006,,,,,,중개거래,
영등포구,11560,문래동6가,202607,오피스텔_매매,신일아르디세,문래동6가,29,100.25,65000,,,8,10,2005,,,,,,중개거래,
영등포구,11560,영등포동1가,202607,오피스텔_매매,여의도투웨니퍼스트,영등포동1가,92-4,42.2,39000,,,10,9,2018,,,,,,중개거래,
영등포구,11560,양평동2가,202607,오피스텔_매매,CO-OP Residence/오목교,양평동2가,43-14,16.98,7900,,,7,9,2004,,,,,,중개거래,
영등포구,11560,여의도동,202607,오피스텔_매매,(주)신한 여의도 드림리버 오피스텔,여의도동,12-3,29.59,38500,,,16,7,2019,,,,,,중개거래,
영등포구,11560,영등포동2가,202607,오피스텔_매매,리치팰리스,영등포동2가,94-307,21.1,33000,,,8,2,2021,,,,,,중개거래,
영등포구,11560,당산동5가,202607,오피스텔_매매,당산역해링턴타워,당산동5가,9-3,23.59,20000,,,15,7,2015,,,,,,중개거래,
영등포구,11560,양평동2가,202607,오피스텔_매매,CO-OP Residence/오목교,양평동2가,43-14,16.98,7800,,,7,8,2004,,,,,,중개거래,
영등포구,11560,문래동6가,202607,오피스텔_매매,문래파라곤,문래동6가,16-2,85.6,73000,,,4,8,2005,,,,,,중개거래,
영등포구,11560,당산동4가,202607,오피스텔_매매,코오롱 스타폴리스,당산동4가,1-2,47.63,29500,,,6,8,2005,,,,,,중개거래,
영등포구,11560,문래동6가,202607,오피스텔_매매,문래동 현대홈시티2,문래동6가,2-2,56.87,48000,,,6,7,2004,,,,,,중개거래,
영등포구,11560,영등포동4가,202607,오피스텔_매매,HIGHEND 63st,영등포동4가,55,28.12,48544,,,10,7,2023,,,,,,직거래,O
영등포구,11560,영등포동4가,202607,오피스텔_매매,영등포 센트럴 푸르지오 시티,영등포동4가,443,29.75,22750,,,4,4,2013,,,,,,중개거래,
영등포구,11560,영등포동1가,202607,오피스텔_매매,여의도투웨니퍼스트,영등포동1가,92-4,29.62,30000,,,3,3,2018,,,,,,중개거래,
영등포구,11560,당산동5가,202607,오피스텔_매매,당산역해링턴타워,당산동5가,9-3,26.56,21800,,,8,3,2015,,,,,,중개거래,
영등포구,11560,문래동6가,202607,오피스텔_매매,문래임광그대가,문래동6가,8,85.84,71000,,,15,2,2005,,,,,,중개거래,
영등포구,11560,여의도동,202607,오피스텔_매매,여의도금호리첸시아,여의도동,61,33.13,32000,,,6,2,2003,,,,,,중개거래,
영등포구,11560,여의도동,202607,오피스텔_매매,여의도 the샾 아일랜드 파크,여의도동,17,154.44,295000,,,12,1,2006,,,,,,중개거래,
영등포구,11560,영등포동2가,202607,오피스텔_매매,루브르하우스,영등포동2가,284-4,36.335,30000,,,5,1,2018,,,,,,중개거래,
영등포구,11560,양평동4가,202607,연립다세대_매매,리엔츠캐슬,양평동4가,197-2,14.335,23500,,,7,29,2020,,,,,,직거래,
영등포구,11560,양평동4가,202607,연립다세대_매매,리엔츠캐슬,양평동4가,197-2,14.335,22000,,,5,29,2020,,,,,,직거래,
영등포구,11560,양평동4가,202607,연립다세대_매매,리엔츠캐슬,양평동4가,197-2,14.335,23500,,,7,29,2020,,,,,,직거래,
영등포구,11560,양평동4가,202607,연립다세대_매매,리엔츠캐슬,양평동4가,197-2,14.335,23500,,,8,29,2020,,,,,,직거래,
영등포구,11560,양평동4가,202607,연립다세대_매매,리엔츠캐슬,양평동4가,197-2,14.335,23500,,,6,29,2020,,,,,,직거래,
영등포구,11560,양평동4가,202607,연립다세대_매매,리엔츠캐슬,양평동4가,197-2,14.335,22000,,,5,29,2020,,,,,,직거래,
영등포구,11560,대림동,202607,연립다세대_매매,정진빌,대림동,1116-43,59.28,14800,,,-1,27,1998,,,,,,중개거래,
영등포구,11560,당산동1가,202607,연립다세대_매매,동원스위트당산,당산동1가,185-83,24.18,34300,,,7,23,2019,,,,,,중개거래,
영등포구,11560,신길동,202607,연립다세대_매매,대신빌라(95-59),신길동,95-59,76.42,58500,,,3,28,2002,,,,,,중개거래,
영등포구,11560,신길동,202607,연립다세대_매매,어반스테이트,신길동,4973,23.66,72500,,,3,31,2021,,,,,,중개거래,
영등포구,11560,당산동1가,202607,연립다세대_매매,다솔시티하임,당산동1가,143,29.54,47700,,,6,23,2017,,,,,,중개거래,
영등포구,11560,당산동1가,202607,연립다세대_매매,성운빌,당산동1가,256-99,25.91,45000,,,4,15,2022,,,,,,중개거래,
영등포구,11560,신길동,202607,연립다세대_매매,보라매빌,신길동,3961-1,29.76,27000,,,3,10,2021,,,,,,직거래,
영등포구,11560,양평동6가,202607,연립다세대_매매,"덕양(1,2,3,5)(86-0)",양평동6가,86,59.73,51000,,,2,22,1980,,,,,,중개거래,
영등포구,11560,영등포동,202607,연립다세대_매매,공원도원빌(646-2),영등포동,646-2,54.36,45100,,,3,22,2001,,,,,,직거래,
영등포구,11560,당산동1가,202607,연립다세대_매매,성운빌,당산동1가,256-99,25.91,45000,,,3,9,2022,,,,,,중개거래,
영등포구,11560,신길동,202607,연립다세대_매매,신원빌라A동(48-1),신길동,48-1,24.01,67500,,,2,25,1997,,,,,,중개거래,
영등포구,11560,대림동,202607,연립다세대_매매,(604-33),대림동,604-33,35.97,12500,,,-1,11,1990,,,,,,중개거래,
영등포구,11560,도림동,202607,연립다세대_매매,(23-28),도림동,23-28,59.89,92000,,,-1,17,1987,,,,,,중개거래,
영등포구,11560,신길동,202607,연립다세대_매매,우주빌라,신길동,224-25,45.82,80500,,,2,18,2016,,,,,,중개거래,
영등포구,11560,신길동,202607,연립다세대_매매,신풍리치빌(440-11),신길동,440-11,51.34,38200,,,4,29,2003,,,,,,중개거래,
영등포구,11560,신길동,202607,연립다세대_매매,(95-270),신길동,95-270,13.86,33000,,,2,23,2012,,,,,,중개거래,
영등포구,11560,당산동1가,202607,연립다세대_매매,다솔시티하임,당산동1가,143,28.71,37700,,,4,17,2017,,,,,,중개거래,
영등포구,11560,당산동6가,202607,연립다세대_매매,더채움하우스,당산동6가,110-19,29.68,84700,,,3,31,2018,,,,,,중개거래,
영등포구,11560,양평동4가,202607,연립다세대_매매,리버캐슬,양평동4가,169,15.98,14000,,,5,15,2011,,,,,,중개거래,
영등포구,11560,영등포동,202607,연립다세대_매매,일산로얄빌라8동(573-16),영등포동,573-16,49.14,74800,,,-1,25,1992,,,,,,중개거래,
영등포구,11560,당산동6가,202607,연립다세대_매매,더채움하우스,당산동6가,110-19,29.91,83700,,,2,9,2018,,,,,,중개거래,
영등포구,11560,양평동6가,202607,연립다세대_매매,"아트리버빌J동,K동",양평동6가,20-5,28.71,25800,,,2,8,2015,,,,,,중개거래,
영등포구,11560,당산동6가,202607,연립다세대_매매,더채움하우스,당산동6가,110-19,29.91,83700,,,2,8,2018,,,,,,중개거래,O
영등포구,11560,도림동,202607,연립다세대_매매,앤씨하우스,도림동,141-185,26.32,53000,,,4,24,2025,,,,,,중개거래,
영등포구,11560,신길동,202607,연립다세대_매매,신길동빌라,신길동,187,55.56,32500,,,-1,27,2005,,,,,,중개거래,
영등포구,11560,대림동,202607,연립다세대_매매,선샤인리치빌,대림동,906-41,29.73,36500,,,3,24,2023,,,,,,중개거래,
영등포구,11560,양평동5가,202607,연립다세대_매매,썬그린파크비동,양평동5가,131-7,31.23,47700,,,6,18,2017,,,,,,중개거래,
영등포구,11560,신길동,202607,연립다세대_매매,더빌리지,신길동,4187,27.17,31700,,,2,20,2015,,,,,,중개거래,
영등포구,11560,양평동6가,202607,연립다세대_매매,"아트리버빌B동,C동",양평동6가,20-1,40.33,31500,,,4,12,2015,,,,,,중개거래,
영등포구,11560,당산동1가,202607,연립다세대_매매,J.W카리스,당산동1가,185-22,27.8,41000,,,7,10,2018,,,,,,중개거래,
영등포구,11560,양평동4가,202607,연립다세대_매매,르네상스빌I,양평동4가,141,60.35,39000,,,4,3,2010,,,,,,중개거래,
영등포구,11560,도림동,202607,연립다세대_매매,로즈힐,도림동,141-141,28.02,52000,,,5,22,2023,,,,,,중개거래,
영등포구,11560,대림동,202607,연립다세대_매매,다솜빌,대림동,851-64,59.51,57500,,,5,21,2023,,,,,,직거래,O
영등포구,11560,양평동4가,202607,연립다세대_매매,제이디빌,양평동4가,239,26.04,39800,,,7,9,2021,,,,,,중개거래,
영등포구,11560,대림동,202607,연립다세대_매매,우영채움빌,대림동,656-1,42.75,42000,,,4,20,2013,,,,,,중개거래,
영등포구,11560,당산동6가,202607,연립다세대_매매,골드라인,당산동6가,335-3,26.97,34000,,,7,16,2018,,,,,,중개거래,
영등포구,11560,당산동6가,202607,연립다세대_매매,더채움하우스,당산동6가,110-19,29.68,87000,,,2,21,2018,,,,,,중개거래,O
영등포구,11560,대림동,202607,연립다세대_매매,대림팰리스,대림동,604-96,28.59,29800,,,5,18,2019,,,,,,중개거래,
영등포구,11560,영등포동,202607,연립다세대_매매,일산로얄빌라9동(573-15),영등포동,573-15,49.14,81000,,,2,7,1992,,,,,,중개거래,
영등포구,11560,당산동6가,202607,연립다세대_매매,더채움하우스,당산동6가,110-19,29.73,84700,,,4,9,2018,,,,,,중개거래,
영등포구,11560,양평동6가,202607,연립다세대_매매,"아트리버빌G동,F동",양평동6가,20-3,29.62,26000,,,2,20,2015,,,,,,중개거래,
영등포구,11560,양평동1가,202607,연립다세대_매매,에코빌,양평동1가,80,29.14,24500,,,3,17,2016,,,,,,중개거래,
영등포구,11560,신길동,202607,연립다세대_매매,영모던빌,신길동,89-119,30,67800,,,2,15,2017,,,,,,중개거래,
영등포구,11560,당산동1가,202607,연립다세대_매매,푸르미르빌,당산동1가,256-179,29.99,37000,,,6,14,2013,,,,,,중개거래,
영등포구,11560,도림동,202607,연립다세대_매매,무림빌라(30-0),도림동,30,81.61,90000,,,1,15,1985,,,,,,중개거래,
영등포구,11560,양평동4가,202607,연립다세대_매매,양화빌2차,양평동4가,224-2,13.43,15500,,,3,4,2011,,,,,,중개거래,
영등포구,11560,신길동,202607,연립다세대_매매,RichenⅢ,신길동,90-28,29.85,63500,,,4,13,2023,,,,,,중개거래,
영등포구,11560,신길동,202607,연립다세대_매매,경은빌라,신길동,95-288,35.31,59000,,,2,11,1992,,,,,,중개거래,
영등포구,11560,대림동,202607,연립다세대_매매,미승하이츠A동,대림동,1116-14,59.51,28000,,,2,13,1998,,,,,,중개거래,O
영등포구,11560,양평동4가,202607,연립다세대_매매,코쿤하우스,양평동4가,218-1,16.46,16500,,,2,7,2011,,,,,,중개거래,
영등포구,11560,당산동6가,202607,연립다세대_매매,강변리치빌,당산동6가,233-1,14.66,24000,,,2,9,2014,,,,,,중개거래,
영등포구,11560,양평동4가,202607,연립다세대_매매,프라임빌,양평동4가,153-32,29.99,34500,,,5,5,2015,,,,,,중개거래,
영등포구,11560,당산동4가,202607,연립다세대_매매,아름채,당산동4가,32-46,29.93,30000,,,4,7,2017,,,,,,중개거래,
영등포구,11560,신길동,202607,연립다세대_매매,(621-1),신길동,621-1,48.72,34000,,,-1,4,1986,,,,,,중개거래,
영등포구,11560,대림동,202607,연립다세대_매매,대광빌라(877-41),대림동,877-41,46.38,35000,,,3,13,2002,,,,,,중개거래,
영등포구,11560,대림동,202607,연립다세대_매매,금광백형빌,대림동,875-12,47.82,41000,,,5,5,2012,,,,,,중개거래,
영등포구,11560,영등포동,202607,연립다세대_매매,파크캐슬,영등포동,620-303,28.45,79000,,,5,10,2017,,,,,,중개거래,
영등포구,11560,당산동6가,202607,연립다세대_매매,Rexvill,당산동6가,104-10,44.89,95000,,,4,10,2008,,,,,,중개거래,
영등포구,11560,도림동,202607,연립다세대_매매,카사데로사빌,도림동,141-28,29.29,56500,,,3,10,2024,,,,,,중개거래,
영등포구,11560,양평동4가,202607,연립다세대_매매,J.캐슬(139-1),양평동4가,139-1,27.34,32500,,,4,4,2016,,,,,,중개거래,
영등포구,11560,당산동6가,202607,연립다세대_매매,더채움하우스,당산동6가,110-19,39.84,101000,,,3,9,2018,,,,,,중개거래,
영등포구,11560,대림동,202607,연립다세대_매매,(1116-18),대림동,1116-18,46.64,24000,,,2,2,1997,,,,,,중개거래,
영등포구,11560,당산동,202607,연립다세대_매매,여의나루더명남더블레스,당산동,121-72,26.81,30600,,,12,2,2019,,,,,,중개거래,
영등포구,11560,양평동3가,202607,연립다세대_매매,아테네,양평동3가,49-4,33.05,38000,,,4,6,2016,,,,,,중개거래,
영등포구,11560,대림동,202607,연립다세대_매매,(604-33),대림동,604-33,31.76,13920,,,1,3,1990,,,,,,중개거래,
영등포구,11560,도림동,202607,연립다세대_매매,경산아트빌A동(205-41),도림동,205-41,49.17,43000,,,5,6,2002,,,,,,중개거래,
영등포구,11560,영등포동7가,202607,연립다세대_매매,하우스퀘어,영등포동7가,106,25.69,27000,,,11,4,2018,,,,,,중개거래,
영등포구,11560,당산동4가,202607,연립다세대_매매,동원빌리지,당산동4가,32-87,25.44,25100,,,6,4,2017,,,,,,직거래,
영등포구,11560,양평동3가,202607,연립다세대_매매,포엠빌,양평동3가,78-20,22.47,33600,,,4,4,2023,,,,,,중개거래,
영등포구,11560,당산동6가,202607,연립다세대_매매,더채움하우스,당산동6가,110-19,39.84,99000,,,2,5,2018,,,,,,중개거래,
영등포구,11560,당산동6가,202607,연립다세대_매매,더채움하우스,당산동6가,110-19,29.91,83700,,,3,2,2018,,,,,,중개거래,
영등포구,11560,대림동,202607,연립다세대_매매,(1111-5),대림동,1111-5,31.72,5397,,,3,1,1994,,,,,,직거래,
영등포구,11560,대림동,202607,연립다세대_매매,(1111-5),대림동,1111-5,31.84,5397,,,3,1,1994,,,,,,직거래,
영등포구,11560,신길동,202607,아파트_매매,보라매에스케이뷰,신길동,4958,84.98,202000,,,8,22,2020,,,,,,중개거래,
영등포구,11560,대림동,202607,아파트_매매,한신휴2차,대림동,897-1,84.93,74700,,,18,29,1999,,,,,,중개거래,
영등포구,11560,당산동3가,202607,아파트_매매,쌍용예가클래식,당산동3가,559,88.02,149000,,,5,16,2010,,,,,,중개거래,
영등포구,11560,신길동,202607,아파트_매매,더샵파크프레스티지,신길동,4974,84.9005,167000,,,22,23,2022,,,,,,중개거래,
영등포구,11560,영등포동3가,202607,아파트_매매,포레스트힐시티,영등포동3가,19-2,13.53,9800,,,7,20,2014,,,,,,중개거래,
영등포구,11560,문래동5가,202607,아파트_매매,문래모아미래도,문래동5가,67,84.98,143500,,,15,25,2017,,,,,,중개거래,
영등포구,11560,대림동,202607,아파트_매매,한신휴2차,대림동,897-1,114.54,89000,,,11,20,1999,,,,,,중개거래,
영등포구,11560,당산동,202607,아파트_매매,강변래미안,당산동,376,79.05,187000,,,16,22,2002,,,,,,중개거래,
영등포구,11560,신길동,202607,아파트_매매,우성1,신길동,365,83.64,136900,,,2,31,1986,,,,,,중개거래,
영등포구,11560,여의도동,202607,아파트_매매,롯데캐슬아이비,여의도동,43-4,187.24,310000,,,5,31,2005,,,,,,중개거래,
영등포구,11560,양평동4가,202607,아파트_매매,약산,양평동4가,160-2,33.92,20000,,,2,28,1984,,,,,,중개거래,
영등포구,11560,당산동4가,202607,아파트_매매,당산현대3차,당산동4가,88,73.27,170000,,,15,18,1988,,,,,,중개거래,
영등포구,11560,여의도동,202607,아파트_매매,시범,여의도동,50,79.24,301000,,,10,24,1971,,,,,,중개거래,
영등포구,11560,대림동,202607,아파트_매매,한솔솔파크,대림동,1123,84.89,89000,,,4,22,2008,,,,,,중개거래,
영등포구,11560,영등포동2가,202607,아파트_매매,현대팰리스,영등포동2가,28-138,39.53,39200,,,6,24,2016,,,,,,중개거래,
영등포구,11560,대림동,202607,아파트_매매,신대림신동아파밀리에,대림동,1124,84.949,86000,,,7,31,2013,,,,,,중개거래,
영등포구,11560,신길동,202607,아파트_매매,삼환,신길동,897-1,84.84,144000,,,19,31,1997,,,,,,중개거래,
영등포구,11560,영등포동,202607,아파트_매매,영등포푸르지오,영등포동,647,79.777,156500,,,5,31,2002,,,,,,중개거래,
영등포구,11560,신길동,202607,아파트_매매,삼성,신길동,4759,60.48,114000,,,12,31,1984,,,,,,중개거래,
영등포구,11560,당산동5가,202607,아파트_매매,당산효성1차,당산동5가,12,84.9,174000,,,2,31,1999,,,,,,중개거래,
영등포구,11560,신길동,202607,아파트_매매,우성1,신길동,365,64.4,128000,,,6,31,1986,,,,,,중개거래,
영등포구,11560,양평동3가,202607,아파트_매매,우림루미아트,양평동3가,102,84.87,119500,,,14,31,2004,,,,,,중개거래,
영등포구,11560,신길동,202607,아파트_매매,신길AK푸르지오,신길동,255-9,49.6104,84700,,,12,31,2024,,,,,,중개거래,
영등포구,11560,신길동,202607,아파트_매매,신길파크자이,신길동,4967,84.99,196000,,,18,31,2022,,,,,,중개거래,
영등포구,11560,신길동,202607,아파트_매매,동훈노보빌,신길동,499,105.54,90500,,,5,31,2007,,,,,,중개거래,
영등포구,11560,신길동,202607,아파트_매매,제일골드타워,신길동,1515-2,76.59,81000,,,8,8,2003,,,,,,중개거래,
영등포구,11560,대림동,202607,아파트_매매,G밸리소홈,대림동,1101-7,16.1,12800,,,10,25,2018,,,,,,중개거래,
영등포구,11560,신길동,202607,아파트_매매,보라매길성그랑프리텔,신길동,496,84.99,91000,,,9,10,2005,,,,,,중개거래,
영등포구,11560,영등포동,202607,아파트_매매,영등포푸르지오,영등포동,647,84.908,150000,,,22,30,2002,,,,,,중개거래,
영등포구,11560,당산동2가,202607,아파트_매매,당산2가현대홈타운,당산동2가,164,82.77,138000,,,11,25,1994,,,,,,중개거래,
영등포구,11560,도림동,202607,아파트_매매,도림청구,도림동,221-1,37.81,45900,,,11,29,1997,,,,,,중개거래,
영등포구,11560,양평동2가,202607,아파트_매매,양평벽산블루밍,양평동2가,23,59.58,112000,,,6,29,1990,,,,,,중개거래,
영등포구,11560,신길동,202607,아파트_매매,경남,신길동,67-1,114.97,139200,,,3,29,1999,,,,,,중개거래,
영등포구,11560,당산동5가,202607,아파트_매매,당산센트럴아이파크,당산동5가,43,84.98,252000,,,18,29,2020,,,,,,중개거래,
영등포구,11560,문래동3가,202607,아파트_매매,문래해태,문래동3가,13,59.4,73500,,,8,10,1999,,,,,,중개거래,
영등포구,11560,여의도동,202607,아파트_매매,롯데캐슬엠파이어,여의도동,36,120.41,280000,,,28,23,2005,,,,,,중개거래,
영등포구,11560,신길동,202607,아파트_매매,우성1,신길동,365,64.4,124000,,,14,29,1986,,,,,,중개거래,
영등포구,11560,당산동5가,202607,아파트_매매,당산효성1차,당산동5가,12,84.9,184500,,,8,28,1999,,,,,,중개거래,
영등포구,11560,당산동4가,202607,아파트_매매,브라운스톤당산,당산동4가,98,84.039,161000,,,7,28,2015,,,,,,중개거래,
영등포구,11560,양평동3가,202607,아파트_매매,현대2차,양평동3가,79-4,80.92,157000,,,8,28,1990,,,,,,중개거래,
영등포구,11560,여의도동,202607,아파트_매매,진주,여의도동,54,48.26,220000,,,10,21,1977,,,,,,중개거래,
영등포구,11560,여의도동,202607,아파트_매매,순복음(초원),여의도동,11-1,66.94,110500,,,10,10,1971,,,,,,중개거래,
영등포구,11560,신길동,202607,아파트_매매,더샵파크프레스티지,신길동,4974,59.8635,148000,,,1,25,2022,,,,,,중개거래,
영등포구,11560,대림동,202607,아파트_매매,한솔솔파크,대림동,1123,84.89,99500,,,9,18,2008,,,,,,중개거래,
영등포구,11560,여의도동,202607,아파트_매매,순복음(초원),여의도동,11-1,66.94,106000,,,14,21,1971,,,,,,중개거래,
영등포구,11560,대림동,202607,아파트_매매,대림동갑을명가아파트,대림동,1119,84.93,78000,,,11,25,2005,,,,,,중개거래,
영등포구,11560,신길동,202607,아파트_매매,건영,신길동,364,60.27,120000,,,12,20,1985,,,,,,중개거래,
영등포구,11560,당산동5가,202607,아파트_매매,반도유보라,당산동5가,41,84.58,139000,,,7,20,2002,,,,,,중개거래,
영등포구,11560,양평동3가,202607,아파트_매매,우림루미아트,양평동3가,102,84.91,118000,,,5,25,2004,,,,,,중개거래,
영등포구,11560,영등포동2가,202607,아파트_매매,여의도리미티오148,영등포동2가,139,38.441,59000,,,15,25,2022,,,,,,중개거래,O
영등포구,11560,영등포동1가,202607,아파트_매매,내이처해밀,영등포동1가,145,14.24,10850,,,8,24,2012,,,,,,중개거래,
영등포구,11560,신길동,202607,아파트_매매,우성1,신길동,365,49.64,116000,,,3,26,1986,,,,,,중개거래,
영등포구,11560,신길동,202607,아파트_매매,힐스테이트클래시안,신길동,4969,42.68,107500,,,11,26,2020,,,,,,중개거래,
영등포구,11560,신길동,202607,아파트_매매,신길AK푸르지오,신길동,255-9,49.4666,88000,,,18,26,2024,,,,,,중개거래,
영등포구,11560,신길동,202607,아파트_매매,경남,신길동,67-1,59.96,115000,,,14,25,1999,,,,,,중개거래,
영등포구,11560,당산동2가,202607,아파트_매매,당산대우,당산동2가,16-1,45.55,59000,,,19,25,1999,,,,,,중개거래,
영등포구,11560,당산동4가,202607,아파트_매매,한강아파트,당산동4가,29,84.98,149500,,,20,25,1999,,,,,,중개거래,
영등포구,11560,당산동3가,202607,아파트_매매,당산계룡리슈빌3단지,당산동3가,565,49.993,89700,,,14,25,2014,,,,,,중개거래,
영등포구,11560,신길동,202607,아파트_매매,신길센트럴아이파크,신길동,4955,59.98,157000,,,22,25,2019,,,,,,중개거래,
영등포구,11560,신길동,202607,아파트_매매,우창,신길동,4501,66.82,142500,,,10,25,1983,,,,,,중개거래,
영등포구,11560,문래동2가,202607,아파트_매매,남성,문래동2가,35,72.9,131200,,,13,25,1983,,,,,,중개거래,
영등포구,11560,당산동4가,202607,아파트_매매,한강아파트,당산동4가,29,84.98,125000,,,1,25,1999,,,,,,중개거래,
영등포구,11560,문래동4가,202607,아파트_매매,리버뷰신안인스빌2단지,문래동4가,68,84.995,127000,,,12,25,2008,,,,,,중개거래,
영등포구,11560,영등포동5가,202607,아파트_매매,현대프라자,영등포동5가,49-1,59.96,65300,,,6,25,1999,,,,,,중개거래,
영등포구,11560,대림동,202607,아파트_매매,우성2,대림동,695,79.91,73000,,,7,7,1992,,,,,,중개거래,
영등포구,11560,문래동3가,202607,아파트_매매,문래공원한신,문래동3가,77-2,58.96,131500,,,7,24,1988,,,,,,중개거래,
영등포구,11560,당산동2가,202607,아파트_매매,당산2가현대홈타운,당산동2가,164,82.77,156000,,,3,22,1994,,,,,,중개거래,
영등포구,11560,여의도동,202607,아파트_매매,한양,여의도동,42,105.72,300000,,,3,23,1975,,,,,,중개거래,
영등포구,11560,영등포동5가,202607,아파트_매매,동남,영등포동5가,24,82.65,97300,,,6,15,1971,,,,,,중개거래,
영등포구,11560,당산동5가,202607,아파트_매매,유원제일2차,당산동5가,7-2,84.6,207000,,,8,17,1984,,,,,,중개거래,
영등포구,11560,신길동,202607,아파트_매매,신길레전드힐스,신길동,261-22,13.74,10500,,,17,24,2013,,,,,,중개거래,
영등포구,11560,여의도동,202607,아파트_매매,수정,여의도동,32,74.55,236000,,,13,23,1976,,,,,,중개거래,
영등포구,11560,대림동,202607,아파트_매매,신대림자이2단지,대림동,1122,84.63,101000,,,19,23,2007,,,,,,중개거래,
영등포구,11560,신길동,202607,아파트_매매,신길자이,신길동,4938,59.99,128000,,,10,23,2011,,,,,,중개거래,
영등포구,11560,당산동,202607,아파트_매매,리버뷰,당산동,121-130,18.36,11800,,,9,22,2015,,,,,,중개거래,
영등포구,11560,여의도동,202607,아파트_매매,수정,여의도동,32,74.55,245000,,,6,13,1976,,,,,,중개거래,
영등포구,11560,대림동,202607,아파트_매매,신대림신동아파밀리에,대림동,1124,84.9563,91000,,,6,21,2013,,,,,,중개거래,
영등포구,11560,영등포동,202607,아파트_매매,라르파크,영등포동,651,30.2372,47000,,,9,23,2021,,,,,,중개거래,
영등포구,11560,문래동6가,202607,아파트_매매,현대6차,문래동6가,55-1,50.55,91000,,,11,23,1997,,,,,,중개거래,
영등포구,11560,문래동6가,202607,아파트_매매,대원,문래동6가,47-1,58.37,94800,,,5,22,1998,,,,,,중개거래,
영등포구,11560,대림동,202607,아파트_매매,e편한세상영등포아델포레,대림동,1127,59.968,146000,,,7,22,2020,,,,,,중개거래,
영등포구,11560,문래동3가,202607,아파트_매매,문래공원한신,문래동3가,77-2,58.96,133000,,,15,22,1988,,,,,,중개거래,
영등포구,11560,대림동,202607,아파트_매매,한솔솔파크,대림동,1123,84.89,108000,,,10,22,2008,,,,,,중개거래,
영등포구,11560,문래동4가,202607,아파트_매매,문래동삼환,문래동4가,43,59.85,99000,,,1,22,2001,,,,,,중개거래,
영등포구,11560,문래동3가,202607,아파트_매매,문래자이,문래동3가,54,84.98,195000,,,14,9,2001,,,,,,중개거래,
영등포구,11560,양평동3가,202607,아파트_매매,삼천리,양평동3가,24,84.94,120000,,,5,20,2000,,,,,,중개거래,
영등포구,11560,당산동2가,202607,아파트_매매,당산2가현대홈타운,당산동2가,164,82.77,160500,,,6,21,1994,,,,,,중개거래,
영등포구,11560,신길동,202607,아파트_매매,보라매에스케이뷰,신길동,4958,59.98,171000,,,8,21,2020,,,,,,중개거래,
영등포구,11560,양평동3가,202607,아파트_매매,삼천리,양평동3가,24,84.94,110000,,,9,21,2000,,,,,,중개거래,
영등포구,11560,문래동3가,202607,아파트_매매,문래금호어울림,문래동3가,97,84.97,155500,,,12,14,2006,,,,,,중개거래,
영등포구,11560,신길동,202607,아파트_매매,더샵파크프레스티지,신길동,4974,84.9005,168000,,,7,21,2022,,,,,,중개거래,
영등포구,11560,대림동,202607,아파트_매매,무림,대림동,993-8,69.92,85000,,,2,18,1981,,,,,,중개거래,
영등포구,11560,양평동4가,202607,아파트_매매,삼호한숲,양평동4가,94,84.99,135000,,,16,17,2000,,,,,,중개거래,
영등포구,11560,당산동1가,202607,아파트_매매,신동아파밀리에,당산동1가,457,59.4,104000,,,2,8,2008,,,,,,직거래,
영등포구,11560,여의도동,202607,아파트_매매,광장,여의도동,28,102.35,332000,,,6,20,1978,,,,,,중개거래,
영등포구,11560,여의도동,202607,아파트_매매,대교,여의도동,41,133.65,390000,,,5,13,1975,,,,,,중개거래,
영등포구,11560,양평동3가,202607,아파트_매매,양평현대6차,양평동3가,101,59.98,142000,,,20,20,2000,,,,,,중개거래,
영등포구,11560,대림동,202607,아파트_매매,신동아,대림동,777-1,53.37,49600,,,4,20,1987,,,,,,직거래,
영등포구,11560,대림동,202607,아파트_매매,현대3차,대림동,608-1,59.83,123000,,,2,16,1997,,,,,,중개거래,
영등포구,11560,대림동,202607,아파트_매매,신동아,대림동,777-1,84.85,75000,,,13,18,1987,,,,,,중개거래,
영등포구,11560,당산동5가,202607,아파트_매매,유원제일2차,당산동5가,7-2,123.76,225000,,,9,20,1984,,,,,,중개거래,
영등포구,11560,대림동,202607,아파트_매매,e편한세상영등포아델포레,대림동,1127,84.995,160000,,,15,20,2020,,,,,,중개거래,
영등포구,11560,영등포동1가,202607,아파트_매매,내이처해밀,영등포동1가,145,14.24,10000,,,4,17,2012,,,,,,중개거래,
영등포구,11560,여의도동,202607,아파트_매매,대교,여의도동,41,133.65,390000,,,5,13,1975,,,,,,중개거래,O
영등포구,11560,신길동,202607,아파트_매매,삼성래미안,신길동,4934,59.33,123800,,,16,20,2001,,,,,,중개거래,
영등포구,11560,양평동6가,202607,아파트_매매,동양,양평동6가,100,59.86,102000,,,13,19,2000,,,,,,중개거래,
영등포구,11560,영등포동1가,202607,아파트_매매,여의도더리브스타일,영등포동1가,94-2,14.8376,18100,,,13,17,2020,,,,,,중개거래,
영등포구,11560,당산동4가,202607,아파트_매매,당산현대3차,당산동4가,88,73.27,170000,,,15,18,1988,,,,,,중개거래,O
영등포구,11560,양평동5가,202607,아파트_매매,양평한신,양평동5가,76,59.94,140000,,,15,18,1996,,,,,,중개거래,
영등포구,11560,신길동,202607,아파트_매매,경남,신길동,67-1,114.97,141500,,,7,18,1999,,,,,,중개거래,
영등포구,11560,도림동,202607,아파트_매매,동아에코빌,도림동,165-1,59.93,100500,,,8,18,2000,,,,,,중개거래,
영등포구,11560,문래동6가,202607,아파트_매매,e편한세상 문래 에듀플라츠,문래동6가,58,59.97,149500,,,6,16,2020,,,,,,중개거래,
영등포구,11560,당산동4가,202607,아파트_매매,당산현대5차,당산동4가,30-1,84.69,182000,,,11,17,2000,,,,,,중개거래,
영등포구,11560,당산동2가,202607,아파트_매매,당산2가현대홈타운,당산동2가,164,82.77,161000,,,6,11,1994,,,,,,중개거래,
영등포구,11560,대림동,202607,아파트_매매,코오롱,대림동,607-1,59.94,123000,,,23,17,1998,,,,,,중개거래,
영등포구,11560,양평동2가,202607,아파트_매매,양평벽산블루밍,양평동2가,23,59.58,104000,,,6,17,1990,,,,,,중개거래,
영등포구,11560,영등포동7가,202607,아파트_매매,아크로타워스퀘어,영등포동7가,203,115.58,238000,,,13,17,2017,,,,,,중개거래,
영등포구,11560,양평동3가,202607,아파트_매매,삼호,양평동3가,66,59.96,104000,,,9,17,1998,,,,,,중개거래,
영등포구,11560,신길동,202607,아파트_매매,삼성래미안,신길동,4934,59.33,126000,,,5,17,2001,,,,,,중개거래,
영등포구,11560,신길동,202607,아파트_매매,우성2,신길동,4518,64.4,141200,,,8,17,1986,,,,,,중개거래,
영등포구,11560,당산동4가,202607,아파트_매매,당산현대5차,당산동4가,30-1,114.84,203000,,,10,17,2000,,,,,,중개거래,
영등포구,11560,도림동,202607,아파트_매매,동아에코빌,도림동,165-1,118.84,119000,,,1,16,2000,,,,,,중개거래,
영등포구,11560,신길동,202607,아파트_매매,래미안에스티움,신길동,4950,84.93,200000,,,12,16,2017,,,,,,중개거래,
영등포구,11560,신길동,202607,아파트_매매,보라매에스케이뷰,신길동,4958,84.98,195000,,,5,15,2020,,,,,,중개거래,
영등포구,11560,대림동,202607,아파트_매매,보라매 신동아 파밀리에,대림동,1125,84.91,106500,,,6,16,2016,,,,,,중개거래,
영등포구,11560,당산동2가,202607,아파트_매매,당산2가현대홈타운,당산동2가,164,82.77,162000,,,11,16,1994,,,,,,중개거래,
영등포구,11560,대림동,202607,아파트_매매,한신휴2차,대림동,897-1,59.89,65000,,,5,3,1999,,,,,,중개거래,
영등포구,11560,당산동5가,202607,아파트_매매,당산삼성래미안4차,당산동5가,42,115.78,229000,,,2,15,2003,,,,,,중개거래,
영등포구,11560,당산동,202607,아파트_매매,드림시드,당산동,171-19,82.17,77000,,,6,9,2005,,,,,,중개거래,
영등포구,11560,대림동,202607,아파트_매매,현대3차,대림동,608-1,43.92,87000,,,24,15,1997,,,,,,중개거래,
영등포구,11560,당산동3가,202607,아파트_매매,당산계룡리슈빌1단지,당산동3가,564,38.77,70500,,,2,15,2014,,,,,,중개거래,
영등포구,11560,영등포동7가,202607,아파트_매매,아크로타워스퀘어,영등포동7가,203,84.75,214000,,,25,15,2017,,,,,,중개거래,
영등포구,11560,신길동,202607,아파트_매매,보라매에스케이뷰,신길동,4958,84.98,198000,,,13,3,2020,,,,,,중개거래,
영등포구,11560,당산동4가,202607,아파트_매매,당산반도유보라팰리스,당산동4가,96,124.62,195000,,,12,14,2010,,,,,,중개거래,
영등포구,11560,신길동,202607,아파트_매매,신길파크자이,신길동,4967,84.98,186000,,,7,4,2022,,,,,,중개거래,
영등포구,11560,당산동5가,202607,아파트_매매,당산효성1차,당산동5가,12,59.85,160000,,,2,15,1999,,,,,,중개거래,
영등포구,11560,문래동6가,202607,아파트_매매,현대2차,문래동6가,45,79.72,115000,,,11,14,1987,,,,,,중개거래,
영등포구,11560,양평동3가,202607,아파트_매매,태승훼밀리,양평동3가,103,84.6,120000,,,5,14,2008,,,,,,중개거래,
영등포구,11560,대림동,202607,아파트_매매,영등포자이르네,대림동,1132,49.01,69000,,,18,10,2022,,,,,,중개거래,
영등포구,11560,양평동5가,202607,아파트_매매,양평한신,양평동5가,76,59.94,143500,,,17,11,1996,,,,,,중개거래,
영등포구,11560,대림동,202607,아파트_매매,보라매 신동아 파밀리에,대림동,1125,84.91,119000,,,3,10,2016,,,,,,중개거래,
영등포구,11560,여의도동,202607,아파트_매매,삼부,여의도동,30-2,92.13,310000,,,10,6,1975,,,,,,중개거래,
영등포구,11560,양평동2가,202607,아파트_매매,삼성래미안,양평동2가,38-1,59.4,110000,,,19,7,1998,,,,,,중개거래,
영등포구,11560,당산동2가,202607,아파트_매매,당산대우,당산동2가,16-1,31.73,35000,,,4,14,1999,,,,,,중개거래,
영등포구,11560,신길동,202607,아파트_매매,삼성,신길동,4759,60.48,117000,,,7,13,1984,,,,,,중개거래,
영등포구,11560,여의도동,202607,아파트_매매,시범,여의도동,50,79.24,290000,,,11,13,1971,,,,,,중개거래,
영등포구,11560,영등포동,202607,아파트_매매,라르파크,영등포동,651,30.3116,44000,,,6,13,2021,,,,,,중개거래,
영등포구,11560,대림동,202607,아파트_매매,현대3차,대림동,608-1,43.92,90000,,,22,13,1997,,,,,,중개거래,
영등포구,11560,문래동6가,202607,아파트_매매,현대6차,문래동6가,55-1,50.55,80000,,,3,13,1997,,,,,,중개거래,
영등포구,11560,신길동,202607,아파트_매매,우성1,신길동,365,64.4,97200,,,1,6,1986,,,,,,직거래,
영등포구,11560,여의도동,202607,아파트_매매,순복음(초원),여의도동,11-1,66.94,105000,,,5,13,1971,,,,,,중개거래,
영등포구,11560,당산동3가,202607,아파트_매매,당산한양,당산동3가,2-6,73.87,147500,,,11,7,1986,,,,,,중개거래,
영등포구,11560,영등포동5가,202607,아파트_매매,동남,영등포동5가,24,66.55,72900,,,6,8,1971,,,,,,중개거래,
영등포구,11560,신길동,202607,아파트_매매,우성1,신길동,365,49.64,117000,,,13,12,1986,,,,,,중개거래,
영등포구,11560,양평동2가,202607,아파트_매매,상록수,양평동2가,45,59.99,72000,,,18,12,1999,,,,,,중개거래,
영등포구,11560,대림동,202607,아파트_매매,대림현대,대림동,946-1,84.96,90000,,,12,12,1999,,,,,,중개거래,
영등포구,11560,양평동3가,202607,아파트_매매,양평현대6차,양평동3가,101,59.98,140000,,,8,12,2000,,,,,,중개거래,
영등포구,11560,신길동,202607,아파트_매매,보라매에스케이뷰,신길동,4958,84.98,195500,,,20,12,2020,,,,,,중개거래,
영등포구,11560,신길동,202607,아파트_매매,힐스테이트클래시안,신길동,4969,59.91,174500,,,6,12,2020,,,,,,중개거래,
영등포구,11560,문래동3가,202607,아파트_매매,문래공원한신,문래동3가,77-2,58.96,130500,,,2,11,1988,,,,,,중개거래,
영등포구,11560,당산동5가,202607,아파트_매매,당산삼성래미안4차,당산동5가,42,97.27,229700,,,19,11,2003,,,,,,중개거래,
영등포구,11560,대림동,202607,아파트_매매,우성1,대림동,696,52.07,67000,,,9,11,1985,,,,,,중개거래,
영등포구,11560,신길동,202607,아파트_매매,메트하임,신길동,2363,49.026,64000,,,12,11,2017,,,,,,중개거래,
영등포구,11560,영등포동,202607,아파트_매매,영등포푸르지오,영등포동,647,59.912,154000,,,12,11,2002,,,,,,중개거래,
영등포구,11560,대림동,202607,아파트_매매,우성1,대림동,696,52.07,69500,,,13,11,1985,,,,,,중개거래,
영등포구,11560,문래동3가,202607,아파트_매매,문래힐스테이트,문래동3가,94,165.18,205000,,,22,11,2003,,,,,,중개거래,
영등포구,11560,신길동,202607,아파트_매매,우성1,신길동,365,64.4,127000,,,7,11,1986,,,,,,중개거래,
영등포구,11560,문래동3가,202607,아파트_매매,문래공원한신,문래동3가,77-2,58.96,131000,,,3,11,1988,,,,,,중개거래,
영등포구,11560,대림동,202607,아파트_매매,성원(650),대림동,650,59.63,80000,,,17,6,1995,,,,,,중개거래,
영등포구,11560,양평동3가,202607,아파트_매매,거성파스텔,양평동3가,90-1,59.96,135500,,,17,10,1999,,,,,,중개거래,
영등포구,11560,신길동,202607,아파트_매매,더샵파크프레스티지,신길동,4974,59.8995,150000,,,11,10,2022,,,,,,중개거래,
영등포구,11560,양평동3가,202607,아파트_매매,양평현대6차,양평동3가,101,59.98,138500,,,8,10,2000,,,,,,중개거래,
영등포구,11560,신길동,202607,아파트_매매,힐스테이트클래시안,신길동,4969,42.68,100000,,,25,10,2020,,,,,,중개거래,
영등포구,11560,문래동3가,202607,아파트_매매,문래힐스테이트,문래동3가,94,84.92,185000,,,7,11,2003,,,,,,중개거래,
영등포구,11560,신길동,202607,아파트_매매,삼환,신길동,897-1,59.53,131000,,,11,11,1997,,,,,,중개거래,
영등포구,11560,영등포동2가,202607,아파트_매매,여의도리미티오148,영등포동2가,139,38.441,55000,,,8,4,2022,,,,,,중개거래,
영등포구,11560,영등포동8가,202607,아파트_매매,삼환,영등포동8가,76-1,59.91,146700,,,13,10,1999,,,,,,중개거래,
영등포구,11560,당산동4가,202607,아파트_매매,브라운스톤당산,당산동4가,98,84.039,160000,,,3,10,2015,,,,,,중개거래,
영등포구,11560,신길동,202607,아파트_매매,우성1,신길동,365,49.64,110000,,,2,10,1986,,,,,,중개거래,
영등포구,11560,당산동4가,202607,아파트_매매,당산금호어울림,당산동4가,95,116.98,186000,,,13,9,2002,,,,,,중개거래,
영등포구,11560,영등포동5가,202607,아파트_매매,동남,영등포동5가,24,66.55,73000,,,6,8,1971,,,,,,중개거래,O
영등포구,11560,문래동3가,202607,아파트_매매,문래금호어울림,문래동3가,97,84.99,145000,,,10,9,2006,,,,,,중개거래,
영등포구,11560,문래동5가,202607,아파트_매매,문래두산위브,문래동5가,14,65.46,120000,,,9,9,1988,,,,,,중개거래,
영등포구,11560,신길동,202607,아파트_매매,삼환,신길동,897-1,84.84,135000,,,6,9,1997,,,,,,중개거래,
영등포구,11560,신길동,202607,아파트_매매,대방전철,신길동,1343,46.12,100500,,,3,9,1976,,,,,,중개거래,
영등포구,11560,신길동,202607,아파트_매매,힐스테이트클래시안,신길동,4969,42.68,112500,,,10,9,2020,,,,,,중개거래,
영등포구,11560,대림동,202607,아파트_매매,코오롱,대림동,607-1,59.94,116000,,,13,9,1998,,,,,,중개거래,
영등포구,11560,신길동,202607,아파트_매매,우성2,신길동,4518,64.4,100000,,,11,9,1986,,,,,,중개거래,
영등포구,11560,영등포동5가,202607,아파트_매매,현대프라자,영등포동5가,49-1,68.06,64000,,,6,1,1999,,,,,,중개거래,
영등포구,11560,문래동3가,202607,아파트_매매,문래건영,문래동3가,93-1,84.87,139000,,,12,8,1998,,,,,,중개거래,
영등포구,11560,대림동,202607,아파트_매매,문영칸타빌레,대림동,1061,84.89,67500,,,10,4,2001,,,,,,중개거래,
영등포구,11560,당산동5가,202607,아파트_매매,당산삼성래미안4차,당산동5가,42,133.42,261000,,,19,7,2003,,,,,,중개거래,
영등포구,11560,여의도동,202607,아파트_매매,롯데캐슬엠파이어,여의도동,36,240.3,450000,,,39,2,2005,,,,,,중개거래,
영등포구,11560,문래동3가,202607,아파트_매매,문래건영,문래동3가,93-1,59.4,118000,,,10,9,1998,,,,,,중개거래,
영등포구,11560,신길동,202607,아파트_매매,우성3,신길동,4656,53.24,106000,,,1,8,1989,,,,,,중개거래,
영등포구,11560,대림동,202607,아파트_매매,현대1,대림동,785-1,84.75,104500,,,20,8,1992,,,,,,중개거래,
영등포구,11560,대림동,202607,아파트_매매,현대3차,대림동,608-1,84.89,134000,,,13,8,1997,,,,,,중개거래,
영등포구,11560,신길동,202607,아파트_매매,삼환,신길동,897-1,59.53,128000,,,9,8,1997,,,,,,중개거래,
영등포구,11560,대림동,202607,아파트_매매,e편한세상영등포아델포레,대림동,1127,59.968,146500,,,8,8,2020,,,,,,중개거래,
영등포구,11560,당산동1가,202607,아파트_매매,진로,당산동1가,16-1,59.4,134500,,,16,8,1997,,,,,,중개거래,
영등포구,11560,영등포동7가,202607,아파트_매매,아크로타워스퀘어,영등포동7가,203,115.58,241500,,,12,7,2017,,,,,,중개거래,
영등포구,11560,문래동3가,202607,아파트_매매,문래자이,문래동3가,54,84.98,182500,,,3,8,2001,,,,,,중개거래,
영등포구,11560,문래동3가,202607,아파트_매매,문래자이,문래동3가,54,84.98,185000,,,9,8,2001,,,,,,중개거래,
영등포구,11560,대림동,202607,아파트_매매,영등포자이르네,대림동,1132,49.08,69500,,,17,6,2022,,,,,,중개거래,
영등포구,11560,신길동,202607,아파트_매매,우성2,신길동,4518,64.4,143000,,,8,2,1986,,,,,,중개거래,
영등포구,11560,신길동,202607,아파트_매매,보라매경남아너스빌,신길동,4780,59.78,126500,,,3,7,2005,,,,,,중개거래,
영등포구,11560,대림동,202607,아파트_매매,보라매 신동아 파밀리에,대림동,1125,84.9,120000,,,8,7,2016,,,,,,중개거래,
영등포구,11560,양평동5가,202607,아파트_매매,양평한신,양평동5가,76,59.94,132800,,,10,7,1996,,,,,,중개거래,
영등포구,11560,신길동,202607,아파트_매매,우성4,신길동,102-8,84.95,130000,,,14,6,1991,,,,,,중개거래,
영등포구,11560,신길동,202607,아파트_매매,래미안에스티움,신길동,4950,84.92,196000,,,9,6,2017,,,,,,중개거래,
영등포구,11560,신길동,202607,아파트_매매,신길레전드힐스,신길동,261-22,13.74,9800,,,10,8,2013,,,,,,중개거래,
영등포구,11560,신길동,202607,아파트_매매,힐스테이트클래시안,신길동,4969,84.86,190000,,,13,6,2020,,,,,,중개거래,
영등포구,11560,신길동,202607,아파트_매매,우성3,신길동,4656,53.24,108000,,,10,6,1989,,,,,,중개거래,
영등포구,11560,신길동,202607,아파트_매매,우창,신길동,4501,55.9,134000,,,7,6,1983,,,,,,중개거래,
영등포구,11560,신길동,202607,아파트_매매,경남,신길동,67-1,114.97,141500,,,19,5,1999,,,,,,중개거래,
영등포구,11560,여의도동,202607,아파트_매매,삼부,여의도동,30-2,92.13,310000,,,10,6,1975,,,,,,중개거래,O
영등포구,11560,문래동3가,202607,아파트_매매,문래자이,문래동3가,54,84.98,180500,,,9,6,2001,,,,,,중개거래,
영등포구,11560,당산동,202607,아파트_매매,휴브리지빌딩,당산동,121-200,16.72,13500,,,7,5,2012,,,,,,중개거래,
영등포구,11560,대림동,202607,아파트_매매,현대3차,대림동,608-1,140.54,140000,,,26,5,1997,,,,,,중개거래,
영등포구,11560,신길동,202607,아파트_매매,우창,신길동,4501,66.82,142000,,,6,5,1983,,,,,,중개거래,
영등포구,11560,대림동,202607,아파트_매매,신대림자이2단지,대림동,1122,84.45,96000,,,14,2,2007,,,,,,중개거래,O
영등포구,11560,영등포동1가,202607,아파트_매매,여의도더리브스타일,영등포동1가,94-2,14.8376,18700,,,10,4,2020,,,,,,중개거래,
영등포구,11560,신길동,202607,아파트_매매,대성유니드,신길동,389,58.16,66800,,,5,4,2003,,,,,,중개거래,
영등포구,11560,양평동3가,202607,아파트_매매,삼익플라주201동,양평동3가,105,84.52,81000,,,3,3,2012,,,,,,중개거래,
영등포구,11560,신길동,202607,아파트_매매,보라매경남아너스빌,신길동,4780,84.79,132000,,,20,3,2005,,,,,,중개거래,
영등포구,11560,신길동,202607,아파트_매매,래미안에스티움,신길동,4950,84.97,201000,,,18,3,2017,,,,,,중개거래,
영등포구,11560,당산동5가,202607,아파트_매매,당산효성1차,당산동5가,12,59.85,166000,,,13,4,1999,,,,,,중개거래,
영등포구,11560,여의도동,202607,아파트_매매,삼익,여의도동,51,123.27,290000,,,12,4,1974,,,,,,중개거래,
영등포구,11560,신길동,202607,아파트_매매,우창,신길동,4501,62.84,137000,,,10,3,1983,,,,,,중개거래,
영등포구,11560,당산동5가,202607,아파트_매매,당산센트럴아이파크,당산동5가,43,84.98,246000,,,7,3,2020,,,,,,중개거래,
영등포구,11560,양평동3가,202607,아파트_매매,경남아너스빌,양평동3가,55-1,84.92,108000,,,7,2,1998,,,,,,중개거래,
영등포구,11560,당산동4가,202607,아파트_매매,당산삼성2차,당산동4가,94-1,59.76,146500,,,16,2,1997,,,,,,중개거래,
영등포구,11560,신길동,202607,아파트_매매,래미안에스티움,신길동,4950,118.03,208000,,,23,3,2017,,,,,,중개거래,
영등포구,11560,신길동,202607,아파트_매매,삼성래미안,신길동,4934,114.87,140800,,,2,3,2001,,,,,,중개거래,
영등포구,11560,대림동,202607,아파트_매매,현대3차,대림동,608-1,84.89,133500,,,26,2,1997,,,,,,중개거래,
영등포구,11560,영등포동1가,202607,아파트_매매,창방누리애,영등포동1가,40-1,84.94,83000,,,3,1,2006,,,,,,중개거래,
영등포구,11560,대림동,202607,아파트_매매,보라매 신동아 파밀리에,대림동,1125,84.88,110000,,,5,2,2016,,,,,,중개거래,
영등포구,11560,신길동,202607,아파트_매매,포레나 신길,신길동,4937,84.5802,161000,,,10,2,2008,,,,,,중개거래,
영등포구,11560,신길동,202607,아파트_매매,우성2,신길동,4518,64.4,141000,,,2,2,1986,,,,,,중개거래,
영등포구,11560,당산동2가,202607,아파트_매매,당산2가현대홈타운,당산동2가,164,82.77,149000,,,1,2,1994,,,,,,중개거래,
영등포구,11560,신길동,202607,아파트_매매,경남,신길동,67-1,59.96,117500,,,10,1,1999,,,,,,중개거래,
영등포구,11560,당산동4가,202607,아파트_매매,한강아파트,당산동4가,29,84.98,134500,,,1,1,1999,,,,,,중개거래,
영등포구,11560,신길동,202607,아파트_매매,우성5,신길동,4933,84.98,100000,,,4,1,1993,,,,,,중개거래,
영등포구,11560,당산동5가,202607,아파트_매매,당산센트럴아이파크,당산동5가,43,84.98,243500,,,17,1,2020,,,,,,중개거래,
영등포구,11560,문래동6가,202607,아파트_매매,현대6차,문래동6가,55-1,50.55,89500,,,12,1,1997,,,,,,중개거래,
영등포구,11560,당산동4가,202607,아파트_매매,당산현대3차,당산동4가,88,73.27,170000,,,12,1,1988,,,,,,중개거래,
영등포구,11560,영등포동7가,202607,아파트_매매,아크로타워스퀘어,영등포동7가,203,115.58,238500,,,16,1,2017,,,,,,중개거래,
영등포구,11560,양평동5가,202607,아파트_매매,양평한신,양평동5가,76,59.94,136000,,,15,1,1996,,,,,,중개거래,
영등포구,11560,신길동,202607,아파트_매매,신미,신길동,340-1,57.56,122000,,,2,1,1981,,,,,,중개거래,
영등포구,11560,여의도동,202607,아파트_매매,은하,여의도동,52,121.52,280000,,,8,7,1974,,,,,,중개거래,
영등포구,11560,양평동2가,202606,오피스텔_전월세,골든힐,양평동2가,27-3,39.15,,2000,115,2,27,2018,,,,,,,
영등포구,11560,당산동3가,202606,오피스텔_전월세,당산동 디벨리움,당산동3가,6-3,26.01,,26100,10,10,27,2019,,,,,,,
영등포구,11560,도림동,202606,오피스텔_전월세,쌍용플래티넘시티2단지,도림동,269-1,62.34,,50000,0,12,28,2006,,,,,,,
영등포구,11560,문래동6가,202606,오피스텔_전월세,문래크라운팰리스,문래동6가,34-1,28.17,,1000,99,10,23,2018,,,,,,,
영등포구,11560,양평동6가,202606,오피스텔_전월세,선유도 더채움,양평동6가,2-4,54.26,,47250,0,2,27,2022,,,,,,,
영등포구,11560,양평동2가,202606,오피스텔_전월세,오목교투웨니퍼스트,양평동2가,37-3,28.63,,23000,0,2,6,2017,,,,,,,
영등포구,11560,영등포동7가,202606,오피스텔_전월세,여의도 웰시티,영등포동7가,94-330,29.49,,15000,8,3,6,2002,,,,,,,
영등포구,11560,신길동,202606,오피스텔_전월세,대우 디오빌 골든뷰 오피스텔,신길동,22-5,28.29,,16000,10,2,20,2004,신규,26.08~28.08,,,,,
영등포구,11560,양평동3가,202606,오피스텔_전월세,클라우드타워,양평동3가,37-2,24.75,,30000,6,9,28,2020,갱신,26.09~28.09,30000.0,,,,
영등포구,11560,당산동6가,202606,오피스텔_전월세,스타빌,당산동6가,337-4,25.58,,1000,72,10,15,2014,신규,26.08~27.08,,,,,
영등포구,11560,당산동3가,202606,오피스텔_전월세,당산M팰리스,당산동3가,512,29.37,,33000,0,13,20,2022,신규,26.08~28.08,,,,,
영등포구,11560,영등포동2가,202606,오피스텔_전월세,더리버캐슬,영등포동2가,321-2,49.15,,35700,0,7,30,2017,신규,26.08~28.08,,,,,
영등포구,11560,당산동3가,202606,오피스텔_전월세,당산M팰리스,당산동3가,512,29.37,,3000,110,4,20,2022,신규,26.08~28.08,,,,,
영등포구,11560,양평동3가,202606,오피스텔_전월세,양평역 대우미래사랑,양평동3가,34,60.84,,44000,0,15,27,2004,신규,26.10~28.10,,,,,
영등포구,11560,당산동5가,202606,오피스텔_전월세,당산 삼성쉐르빌,당산동5가,9-2,26.74,,1000,85,6,17,2013,신규,26.07~28.07,,,,,
영등포구,11560,영등포동6가,202606,오피스텔_전월세,유경오피스텔,영등포동6가,66-11,46.51,,6000,121,8,22,2021,신규,26.07~27.07,,,,,
영등포구,11560,영등포동2가,202606,오피스텔_전월세,투프레이즈,영등포동2가,28-140,25.21,,26000,4,4,11,2024,갱신,26.07~28.07,26000.0,,,,
영등포구,11560,양평동6가,202606,오피스텔_전월세,선유도 더채움,양평동6가,2-4,28.04,,31050,2,7,23,2022,갱신,26.08~28.08,30000.0,,,,
영등포구,11560,여의도동,202606,오피스텔_전월세,(주)신한 여의도 드림리버 오피스텔,여의도동,12-3,24.5,,24000,0,4,9,2019,신규,26.08~28.08,,,,,
영등포구,11560,영등포동2가,202606,오피스텔_전월세,지뗌,영등포동2가,333,29.93,,1000,60,9,12,2004,신규,26.08~27.08,,,,,
영등포구,11560,영등포동2가,202606,오피스텔_전월세,여의도 리브하임,영등포동2가,94-116,19.02,,1000,90,9,13,2022,신규,26.08~27.08,,,,,
영등포구,11560,여의도동,202606,오피스텔_전월세,브라이튼 여의도,여의도동,525,29.56,,3000,190,8,4,2023,신규,26.07~27.07,,,,,
영등포구,11560,영등포동3가,202606,오피스텔_전월세,제이캐슬,영등포동3가,16-1,23.86,,20900,3,7,27,2023,갱신,26.08~27.08,20900.0,,,,
영등포구,11560,당산동2가,202606,오피스텔_전월세,미라클시티,당산동2가,12-2,28.6,,5000,140,9,5,2022,갱신,26.07~27.07,5000.0,130.0,,,
영등포구,11560,양평동4가,202606,오피스텔_전월세,브릴리언트양평2차,양평동4가,3-3,29.8,,3000,110,4,10,,신규,26.06~27.06,,,,,
영등포구,11560,영등포동5가,202606,오피스텔_전월세,영포복합건물,영등포동5가,81-1,28,,1000,72,3,27,2002,신규,26.08~28.08,,,,,
영등포구,11560,영등포동1가,202606,오피스텔_전월세,여의도 더 시그니엘,영등포동1가,75-1,28.71,,3000,135,6,3,2022,신규,26.08~27.08,,,,,
영등포구,11560,영등포동7가,202606,오피스텔_전월세,포레나 영등포 센트럴,영등포동7가,208,18.3,,16000,0,20,30,2020,신규,26.09~28.09,,,,,
영등포구,11560,신길동,202606,오피스텔_전월세,신길동갤럭시,신길동,235-1,29.85,,21780,0,4,4,2019,신규,26.08~28.08,,,,,
영등포구,11560,당산동3가,202606,오피스텔_전월세,당산동 디벨리움,당산동3가,6-3,25.64,,28500,0,9,30,2019,갱신,26.08~27.08,28500.0,,,,
영등포구,11560,영등포동1가,202606,오피스텔_전월세,폴라리스오피스텔,영등포동1가,27-1,20.67,,12700,22,6,27,2003,갱신,26.08~28.08,12700.0,28.0,,,
영등포구,11560,당산동6가,202606,오피스텔_전월세,더빌,당산동6가,332-3,29.82,,1000,72,7,6,2016,신규,26.07~27.07,,,,,
영등포구,11560,당산동,202606,오피스텔_전월세,오피스텔저절로,당산동,121-127,20.73,,17400,0,7,24,2013,갱신,26.08~28.08,16700.0,,,,
영등포구,11560,양평동5가,202606,오피스텔_전월세,에듀시티에비앙,양평동5가,51,28.6,,13000,70,6,23,2017,갱신,26.07~27.06,13000.0,67.0,,,
영등포구,11560,도림동,202606,오피스텔_전월세,쌍용플래티넘시티1단지,도림동,820,87.22,,50000,0,6,13,2006,신규,26.09~28.09,,,,,
영등포구,11560,당산동6가,202606,오피스텔_전월세,당산리버빌,당산동6가,347-6,25.03,,14500,80,3,25,2022,갱신,26.08~28.08,15000.0,80.0,,,
영등포구,11560,당산동3가,202606,오피스텔_전월세,당산랜드빌,당산동3가,396-20,30.15,,1000,70,4,23,2003,신규,26.07~28.07,,,,,
영등포구,11560,양평동1가,202606,오피스텔_전월세,세전프라임,양평동1가,120-15,29.96,,30000,0,2,3,2020,갱신,26.06~28.06,30000.0,,사용,,
영등포구,11560,당산동1가,202606,오피스텔_전월세,파비엥,당산동1가,186-99,29.92,,17134,21,3,23,2018,갱신,26.08~28.08,17134.0,17.0,,,
영등포구,11560,영등포동7가,202606,오피스텔_전월세,포레비떼,영등포동7가,29-126,26.54,,1000,80,10,26,2003,신규,26.07~28.07,,,,,
영등포구,11560,양평동3가,202606,오피스텔_전월세,에버하임,양평동3가,56,31.68,,34000,0,4,13,2021,갱신,26.08~28.08,32500.0,,사용,,
영등포구,11560,영등포동1가,202606,오피스텔_전월세,여의도 포레디움,영등포동1가,107,20.05,,22500,0,5,13,2021,신규,26.08~28.08,,,,,
영등포구,11560,당산동3가,202606,오피스텔_전월세,해라톤,당산동3가,395-12,24.99,,29900,0,7,20,2020,갱신,26.09~28.09,28500.0,,사용,,
영등포구,11560,영등포동2가,202606,오피스텔_전월세,여의도 해링턴타워 196,영등포동2가,175,18.1,,1000,96,11,19,2022,갱신,26.07~28.07,1000.0,92.0,,,
영등포구,11560,영등포동2가,202606,오피스텔_전월세,두리하임,영등포동2가,94-314,28.84,,1000,90,3,19,2016,신규,26.07~27.07,,,,,
영등포구,11560,양평동3가,202606,오피스텔_전월세,양평동갤럭시오피스텔,양평동3가,56-5,29.5,,26300,0,12,12,2017,신규,26.08~28.08,,,,,
영등포구,11560,여의도동,202606,오피스텔_전월세,여의도파라곤,여의도동,13,32.39,,5000,70,2,16,2005,신규,26.07~28.07,,,,,
영등포구,11560,도림동,202606,오피스텔_전월세,쌍용플래티넘시티1단지,도림동,820,93.57,,5000,190,2,17,2006,신규,26.07~28.07,,,,,
영등포구,11560,도림동,202606,오피스텔_전월세,대우미래사랑,도림동,819,29.57,,1000,64,2,9,2004,신규,26.07~28.07,,,,,
영등포구,11560,양평동6가,202606,오피스텔_전월세,선유도디와이파크,양평동6가,93-2,29.52,,16000,17,3,13,2017,신규,26.07~28.07,,,,,
영등포구,11560,영등포동4가,202606,오피스텔_전월세,영등포 센트럴 푸르지오 시티,영등포동4가,443,29.75,,1000,100,4,9,2013,신규,26.07~27.07,,,,,
영등포구,11560,영등포동3가,202606,오피스텔_전월세,여의도 포레스트 시티,영등포동3가,4-1,18.56,,1000,77,6,20,2021,신규,26.07~27.07,,,,,
영등포구,11560,영등포동7가,202606,오피스텔_전월세,(94-95),영등포동7가,94-95,36.58,,25800,13,3,22,2018,갱신,26.08~28.08,28600.0,,,,
영등포구,11560,영등포동3가,202606,오피스텔_전월세,여의도 센트럴 큐브스테이트,영등포동3가,1-6,33.2,,5000,140,4,24,2023,신규,26.07~27.07,,,,,
영등포구,11560,문래동5가,202606,오피스텔_전월세,명지 페르마타,문래동5가,23-4,25.93,,11750,9,9,19,2004,갱신,26.07~28.07,13000.0,2.0,,,
영등포구,11560,양평동2가,202606,오피스텔_전월세,CO-OP Residence/오목교,양평동2가,43-14,16.98,,500,52,3,29,2004,신규,26.08~27.08,,,,,
영등포구,11560,영등포동7가,202606,오피스텔_전월세,포레나 영등포 센트럴,영등포동7가,208,18.3,,18200,10,20,30,2020,신규,26.09~28.09,,,,,
영등포구,11560,양평동3가,202606,오피스텔_전월세,클라우드타워,양평동3가,37-2,21.5,,25000,5,9,20,2020,신규,26.09~28.09,,,,,
영등포구,11560,영등포동3가,202606,오피스텔_전월세,로프트시티,영등포동3가,3-3,39.2,,22129,18,16,29,2022,신규,26.07~28.09,,,,,
영등포구,11560,영등포동4가,202606,오피스텔_전월세,영등포 센트럴 푸르지오 시티,영등포동4가,443,29.75,,23500,0,20,27,2013,갱신,26.08~28.08,23500.0,,,,
영등포구,11560,신길동,202606,오피스텔_전월세,JS타워,신길동,236,29.5,,1000,130,11,29,2024,신규,26.07~27.06,,,,,
영등포구,11560,영등포동8가,202606,오피스텔_전월세,리마크빌 영등포,영등포동8가,35-1,25.34,,1000,75,11,9,2016,신규,26.06~27.06,,,,,
영등포구,11560,당산동,202606,오피스텔_전월세,여의도 아리스타,당산동,121-61,20.22,,16200,25,11,13,2021,신규,26.08~28.08,,,,,
영등포구,11560,영등포동2가,202606,오피스텔_전월세,와이에이치빌리지,영등포동2가,94-319,17.51,,10000,45,6,27,2020,갱신,26.09~28.09,10000.0,50.0,,,
영등포구,11560,양평동3가,202606,오피스텔_전월세,양평 브릴리언트,양평동3가,3-1,29.55,,5000,134,8,9,2020,신규,26.07~28.07,,,,,
영등포구,11560,영등포동3가,202606,오피스텔_전월세,WD스퀘어,영등포동3가,20,16.72,,13900,12,9,7,2020,신규,26.07~28.07,,,,,
영등포구,11560,영등포동3가,202606,오피스텔_전월세,WD스퀘어,영등포동3가,20,16.72,,1000,84,13,23,2020,신규,26.06~27.06,,,,,
영등포구,11560,당산동,202606,오피스텔_전월세,여의도 아리스타,당산동,121-61,19.93,,1000,90,8,17,2021,신규,26.07~27.07,,,,,
영등포구,11560,당산동1가,202606,오피스텔_전월세,당산엘르,당산동1가,21,32.43,,5000,132,4,26,2023,신규,26.08~28.07,,,,,
영등포구,11560,여의도동,202606,오피스텔_전월세,여의도 the샾 아일랜드 파크,여의도동,17,124.7,,110000,0,10,17,2006,갱신,26.09~28.09,90000.0,30.0,,,
영등포구,11560,당산동,202606,오피스텔_전월세,한산 오피스텔,당산동,121-44,20.4,,2000,40,8,11,2010,신규,26.06~27.06,,,,,
영등포구,11560,영등포동3가,202606,오피스텔_전월세,WD스퀘어,영등포동3가,20,16.83,,15500,6,6,29,2020,갱신,26.09~28.09,16400.0,,,,
영등포구,11560,당산동5가,202606,오피스텔_전월세,당산 삼성쉐르빌,당산동5가,9-2,23.11,,17300,30,18,17,2013,신규,26.07~28.07,,,,,
영등포구,11560,영등포동2가,202606,오피스텔_전월세,여의도 리브하임,영등포동2가,94-116,19.02,,5000,67,7,27,2022,갱신,26.06~27.01,5000.0,64.0,,,
영등포구,11560,양평동4가,202606,오피스텔_전월세,브릴리언트양평2차,양평동4가,3-3,29.8,,3000,110,3,18,,신규,26.07~28.07,,,,,
영등포구,11560,당산동3가,202606,오피스텔_전월세,리앤나빌리지,당산동3가,80-1,30.85,,16000,0,3,25,2004,신규,26.07~28.08,,,,,
영등포구,11560,여의도동,202606,오피스텔_전월세,여의도 현대마에스트로 오피스텔,여의도동,15-11,48.45,,5000,270,13,30,2025,신규,26.07~27.07,,,,,
영등포구,11560,영등포동7가,202606,오피스텔_전월세,(94-186),영등포동7가,94-186,45.6,,20000,30,6,16,2003,신규,26.07~28.07,,,,,
영등포구,11560,여의도동,202606,오피스텔_전월세,브라이튼 여의도,여의도동,525,29.87,,3000,230,8,24,2023,신규,26.07~28.07,,,,,
영등포구,11560,신길동,202606,오피스텔_전월세,JS타워,신길동,236,29.5,,2000,120,11,22,2024,신규,26.07~27.07,,,,,
영등포구,11560,당산동,202606,오피스텔_전월세,소미골드라인III,당산동,121-75,37.33,,28000,0,8,19,2019,신규,26.09~28.09,,,,,
영등포구,11560,영등포동1가,202606,오피스텔_전월세,GOODTV GL타워,영등포동1가,28,18.06,,15900,5,6,22,2014,신규,26.08~28.08,,,,,
영등포구,11560,양평동6가,202606,오피스텔_전월세,펫앤스테이,양평동6가,8,29.26,,26100,0,6,19,2016,갱신,26.08~28.08,25000.0,,사용,,
영등포구,11560,양평동6가,202606,오피스텔_전월세,선유도역 더블파크 투웨니퍼스트,양평동6가,94,28.42,,27350,5,3,26,2020,갱신,26.08~28.08,27450.0,,,,
영등포구,11560,문래동6가,202606,오피스텔_전월세,문래임광그대가,문래동6가,8,85.84,,50400,0,3,27,2005,갱신,26.08~28.08,48000.0,,,,
영등포구,11560,양평동4가,202606,오피스텔_전월세,선유도한강오피스텔,양평동4가,238-2,34.61,,27600,0,7,12,2017,갱신,26.06~28.06,27100.0,,사용,,
영등포구,11560,신길동,202606,오피스텔_전월세,JS타워,신길동,236,29.5,,1000,130,7,25,2024,신규,26.07~27.06,,,,,
영등포구,11560,영등포동2가,202606,오피스텔_전월세,여의도 디앤써밋,영등포동2가,94-154,27.98,,3000,103,8,27,2019,신규,26.08~28.08,,,,,
영등포구,11560,도림동,202606,오피스텔_전월세,타원벨라움,도림동,266-2,35.78,,1000,85,8,28,2004,신규,26.08~28.08,,,,,
영등포구,11560,영등포동2가,202606,오피스텔_전월세,글로벌MJ10,영등포동2가,164,29.18,,5000,130,10,27,2024,신규,26.07~28.07,,,,,
영등포구,11560,양평동6가,202606,오피스텔_전월세,선유도역 더블파크 투웨니퍼스트,양평동6가,94,28.42,,3000,100,5,27,2020,신규,26.07~27.07,,,,,
영등포구,11560,영등포동4가,202606,오피스텔_전월세,영등포 센트럴 푸르지오 시티,영등포동4가,443,29.75,,20000,20,8,18,2013,갱신,26.06~28.06,20700.0,10.0,,,
영등포구,11560,영등포동2가,202606,오피스텔_전월세,다보스텔,영등포동2가,328-1,25.55,,2000,115,2,22,2022,신규,26.07~27.07,,,,,
영등포구,11560,영등포동2가,202606,오피스텔_전월세,글로벌MJ10,영등포동2가,164,28.53,,36000,0,18,29,2024,신규,26.07~28.07,,,,,
영등포구,11560,양평동4가,202606,오피스텔_전월세,구산드림타워,양평동4가,22-1,85.65,,5000,220,4,7,2007,신규,26.07~28.07,,,,,
영등포구,11560,영등포동2가,202606,오피스텔_전월세,여의도 미르웰 한올림 2차 오피스텔,영등포동2가,328-11,14.53,,1000,75,2,22,2018,신규,26.07~27.07,,,,,
영등포구,11560,신길동,202606,오피스텔_전월세,대우 디오빌 골든뷰 오피스텔,신길동,22-5,28.29,,1000,80,9,10,2004,신규,26.07~27.07,,,,,
영등포구,11560,영등포동2가,202606,오피스텔_전월세,해강플러스,영등포동2가,232-1,18.99,,19440,0,2,15,2021,신규,26.08~28.08,,,,,
영등포구,11560,당산동,202606,오피스텔_전월세,여의나루더명남더블레스,당산동,121-72,37.3,,3000,120,6,30,2019,신규,26.07~28.07,,,,,
영등포구,11560,신길동,202606,오피스텔_전월세,콘펠리체,신길동,449-20,16.82,,1000,75,4,29,,신규,26.07~28.07,,,,,
영등포구,11560,도림동,202606,오피스텔_전월세,에스제이팰리스,도림동,195-5,34.44,,3000,105,3,24,2019,신규,26.07~28.07,,,,,
영등포구,11560,영등포동1가,202606,오피스텔_전월세,여의도씨티아이,영등포동1가,113-1,16.88,,5000,45,7,29,2013,신규,26.06~27.10,,,,,
영등포구,11560,양평동3가,202606,오피스텔_전월세,양평역 대우미래사랑,양평동3가,34,77.37,,42400,0,12,30,2004,신규,26.10~28.10,,,,,
영등포구,11560,영등포동7가,202606,오피스텔_전월세,토방트윈빌(B),영등포동7가,94-190,23.49,,1000,55,3,19,2002,신규,26.07~28.07,,,,,
영등포구,11560,영등포동1가,202606,오피스텔_전월세,여의도씨티아이,영등포동1가,113-1,18.16,,1000,62,5,27,2013,신규,26.07~26.12,,,,,
영등포구,11560,양평동3가,202606,오피스텔_전월세,양평동갤럭시오피스텔,양평동3가,56-5,29.5,,26000,0,9,3,2017,신규,26.07~28.07,,,,,
영등포구,11560,영등포동2가,202606,오피스텔_전월세,(94-259),영등포동2가,94-259,19.18,,16000,0,3,22,2020,신규,26.08~28.08,,,,,
영등포구,11560,영등포동4가,202606,오피스텔_전월세,영등포 대성 그랑그루,영등포동4가,103,16.69,,500,70,2,28,2012,신규,26.06~27.06,,,,,
영등포구,11560,당산동3가,202606,오피스텔_전월세,제이스빌,당산동3가,498,14.21,,1000,50,6,6,2002,신규,26.06~27.06,,,,,
영등포구,11560,영등포동3가,202606,오피스텔_전월세,소담더블린,영등포동3가,1-9,17.13,,1000,67,5,30,2018,신규,26.08~27.08,,,,,
영등포구,11560,도림동,202606,오피스텔_전월세,타원벨라움,도림동,266-2,35.78,,1000,85,5,30,2004,신규,26.08~28.08,,,,,
영등포구,11560,여의도동,202606,오피스텔_전월세,민족통일 대통령 리빙텔,여의도동,13-24,32.76,,1000,90,2,25,2003,신규,26.07~27.07,,,,,
영등포구,11560,양평동4가,202606,오피스텔_전월세,소미골드라인Ⅱ,양평동4가,214,29.17,,26100,45,8,15,2019,신규,26.07~28.07,,,,,
영등포구,11560,당산동,202606,오피스텔_전월세,여의도 아리스타,당산동,121-61,20.04,,10000,46,3,26,2021,신규,26.09~28.09,,,,,
영등포구,11560,당산동,202606,오피스텔_전월세,여의도 아리스타,당산동,121-61,19.93,,16000,20,2,24,2021,신규,26.09~28.09,,,,,
영등포구,11560,여의도동,202606,오피스텔_전월세,브라이튼 여의도,여의도동,525,29.56,,45000,0,13,25,2023,신규,26.09~28.09,,,,,
영등포구,11560,영등포동1가,202606,오피스텔_전월세,여의도 포레디움,영등포동1가,107,20.62,,1000,85,11,13,2021,신규,26.07~27.07,,,,,
영등포구,11560,신길동,202606,오피스텔_전월세,도노펠리체,신길동,65-10,13.29,,17000,0,3,27,2019,갱신,26.09~28.09,16500.0,,사용,,
영등포구,11560,여의도동,202606,오피스텔_전월세,KCC파크타운,여의도동,13-22,26.98,,1000,85,4,4,2005,신규,26.07~28.07,,,,,
영등포구,11560,신길동,202606,오피스텔_전월세,한울빌딩,신길동,160-37,45.58,,3000,97,7,10,2021,신규,26.06~27.06,,,,,
영등포구,11560,당산동,202606,오피스텔_전월세,더 실크,당산동,121-132,22.61,,4000,49,5,17,2013,갱신,26.07~27.07,4000.0,48.0,,,
영등포구,11560,양평동5가,202606,오피스텔_전월세,큐브스테이트,양평동5가,22-1,31.68,,27800,0,3,25,2018,갱신,26.07~28.07,26980.0,,,,
영등포구,11560,영등포동3가,202606,오피스텔_전월세,소담더블린,영등포동3가,1-9,17.13,,1000,68,14,27,2018,신규,26.07~27.07,,,,,
영등포구,11560,영등포동1가,202606,오피스텔_전월세,신한헤스티아,영등포동1가,127,18.01,,300,75,3,27,2016,신규,26.07~26.11,,,,,
영등포구,11560,양평동6가,202606,오피스텔_전월세,선유도역 더블파크 투웨니퍼스트,양평동6가,94,28.42,,28700,7,12,13,2020,신규,26.08~28.08,,,,,
영등포구,11560,도림동,202606,오피스텔_전월세,쌍용플래티넘시티1단지,도림동,820,87.22,,6000,190,13,6,2006,신규,26.07~28.07,,,,,
영등포구,11560,문래동6가,202606,오피스텔_전월세,문래동 현대홈시티1,문래동6가,1-1,73.27,,5000,180,4,25,2004,신규,26.08~28.08,,,,,
영등포구,11560,문래동3가,202606,오피스텔_전월세,문래동메가트리움,문래동3가,55-4,99.44,,77000,70,3,25,,신규,26.07~28.07,,,,,
영등포구,11560,영등포동4가,202606,오피스텔_전월세,HIGHEND 63st,영등포동4가,55,28.12,,38000,0,8,22,2023,신규,26.07~28.07,,,,,
영등포구,11560,당산동2가,202606,오피스텔_전월세,미라클시티,당산동2가,12-2,28.6,,5000,130,5,26,2022,신규,26.07~27.07,,,,,
영등포구,11560,영등포동1가,202606,오피스텔_전월세,여의도 더 시그니엘,영등포동1가,75-1,25.32,,3000,125,13,20,2022,신규,26.07~27.07,,,,,
영등포구,11560,당산동3가,202606,오피스텔_전월세,해라톤,당산동3가,395-12,24.99,,28880,0,4,13,2020,신규,26.08~28.08,,,,,
영등포구,11560,양평동2가,202606,오피스텔_전월세,스카이시티,양평동2가,22-1,18.18,,8400,26,7,22,2014,갱신,26.08~28.08,8000.0,25.0,사용,,
영등포구,11560,당산동5가,202606,오피스텔_전월세,당산역해링턴타워,당산동5가,9-3,23.92,,1000,90,8,27,2015,신규,26.07~27.07,,,,,
영등포구,11560,당산동,202606,오피스텔_전월세,다빈치,당산동,121-111,21.08,,14400,7,7,29,2012,신규,26.08~28.08,,,,,
영등포구,11560,영등포동2가,202606,오피스텔_전월세,여의도 리브하임,영등포동2가,94-116,19.02,,3000,82,9,3,2022,신규,26.06~27.06,,,,,
영등포구,11560,영등포동7가,202606,오피스텔_전월세,여의도 웨스턴 힐 오피스텔,영등포동7가,104-5,17.38,,10000,52,11,25,2022,갱신,26.07~28.07,10000.0,49.0,사용,,
영등포구,11560,당산동5가,202606,오피스텔_전월세,당산역해링턴타워,당산동5가,9-3,23.59,,1000,90,9,18,2015,신규,26.08~27.08,,,,,
영등포구,11560,신길동,202606,오피스텔_전월세,JS타워,신길동,236,18.57,,1000,90,12,18,2024,신규,26.09~27.09,,,,,
영등포구,11560,당산동,202606,오피스텔_전월세,리오팰리스,당산동,121-81,33.79,,3000,75,8,26,2015,신규,26.07~27.07,,,,,
영등포구,11560,대림동,202606,오피스텔_전월세,신대림자이,대림동,1122,59.99,,37000,0,16,26,2007,갱신,26.06~28.06,36000.0,,사용,,
영등포구,11560,당산동,202606,오피스텔_전월세,신성월드오피스텔,당산동,121-112,23.56,,2000,59,3,17,1998,갱신,26.07~27.07,2000.0,56.0,,,
영등포구,11560,문래동3가,202606,오피스텔_전월세,문래동대동오피스텔,문래동3가,83-3,30.02,,1000,60,3,18,1998,신규,26.07~28.07,,,,,
영등포구,11560,당산동5가,202606,오피스텔_전월세,당산역해링턴타워,당산동5가,9-3,26.56,,1000,100,17,3,2015,신규,26.06~27.06,,,,,
영등포구,11560,신길동,202606,오피스텔_전월세,JS타워,신길동,236,29.5,,1000,130,12,16,2024,신규,26.07~27.07,,,,,
영등포구,11560,신길동,202606,오피스텔_전월세,여의도M타워,신길동,65-31,19.51,,1000,87,10,19,2019,신규,26.06~27.06,,,,,
영등포구,11560,영등포동1가,202606,오피스텔_전월세,폴라리스오피스텔,영등포동1가,27-1,19.08,,11400,11,3,27,2003,갱신,26.09~28.09,11400.0,10.0,,,
영등포구,11560,신길동,202606,오피스텔_전월세,콘펠리체,신길동,449-20,16.82,,1000,80,12,25,,신규,26.08~27.08,,,,,
영등포구,11560,영등포동2가,202606,오피스텔_전월세,여의도 리브하임,영등포동2가,94-116,19.02,,12000,43,6,3,2022,갱신,26.06~27.06,12000.0,40.0,사용,,
영등포구,11560,여의도동,202606,오피스텔_전월세,(주)신한 여의도 드림리버 오피스텔,여의도동,12-3,24.5,,1000,101,3,25,2019,신규,26.07~27.07,,,,,
영등포구,11560,당산동3가,202606,오피스텔_전월세,리앤나빌리지,당산동3가,80-1,22.85,,1000,60,2,20,2004,갱신,26.06~27.06,1000.0,60.0,,,
영등포구,11560,여의도동,202606,오피스텔_전월세,브라이튼 여의도,여의도동,525,29.98,,52000,0,37,29,2023,신규,26.07~28.07,,,,,
영등포구,11560,영등포동1가,202606,오피스텔_전월세,여의도광장,영등포동1가,26-1,18.31,,17500,0,12,17,2020,신규,26.08~28.08,,,,,
영등포구,11560,영등포동7가,202606,오피스텔_전월세,한가람 더원 103동,영등포동7가,29-112,24.92,,5000,80,5,30,2020,신규,26.07~28.07,,,,,
영등포구,11560,신길동,202606,오피스텔_전월세,운송스카이,신길동,163-10,25.83,,3000,70,3,16,,신규,26.07~28.07,,,,,
영등포구,11560,문래동3가,202606,오피스텔_전월세,스테이트 디 어반문래,문래동3가,82-16,18.7,,24000,20,8,30,2022,신규,26.07~28.07,,,,,
영등포구,11560,영등포동2가,202606,오피스텔_전월세,리코하이빌,영등포동2가,28-132,22.16,,25000,4,6,13,2023,갱신,26.07~28.07,25000.0,,,,
영등포구,11560,당산동6가,202606,오피스텔_전월세,스타빌,당산동6가,337-4,25.58,,1000,75,4,9,2014,신규,26.07~27.07,,,,,
영등포구,11560,영등포동1가,202606,오피스텔_전월세,폴라리스오피스텔,영등포동1가,27-1,20.67,,12700,30,6,27,2003,갱신,26.08~28.08,12700.0,28.0,,,
영등포구,11560,영등포동1가,202606,오피스텔_전월세,폴라리스오피스텔,영등포동1가,27-1,19.08,,11700,13,6,27,2003,갱신,26.09~28.09,11700.0,10.0,,,
영등포구,11560,영등포동1가,202606,오피스텔_전월세,여의도 노블루체91,영등포동1가,110-6,21.98,,400,100,11,13,2021,신규,26.07~26.10,,,,,
영등포구,11560,도림동,202606,오피스텔_전월세,도림동 하나아파텔(1차),도림동,265-1,48.32,,2000,110,14,13,2003,갱신,26.08~28.08,2000.0,102.0,사용,,
영등포구,11560,도림동,202606,오피스텔_전월세,쌍용플래티넘시티2단지,도림동,269-1,62.34,,3000,160,5,20,2006,신규,26.08~28.08,,,,,
영등포구,11560,영등포동5가,202606,오피스텔_전월세,영포복합건물,영등포동5가,81-1,28.8,,1000,70,3,23,2002,신규,26.07~28.07,,,,,
영등포구,11560,영등포동2가,202606,오피스텔_전월세,한가람 더원 301동,영등포동2가,94-204,51.15,,5000,188,6,11,2022,갱신,26.08~28.08,5000.0,183.0,사용,,
영등포구,11560,영등포동2가,202606,오피스텔_전월세,글로벌MJ10,영등포동2가,164,28.53,,5000,130,13,30,2024,신규,26.07~28.07,,,,,
영등포구,11560,양평동2가,202606,오피스텔_전월세,비바체더리버파크,양평동2가,42,24.98,,2000,145,11,17,2024,신규,26.07~27.07,,,,,
영등포구,11560,당산동5가,202606,오피스텔_전월세,당산역 한강포스빌,당산동5가,33-1,29.23,,1000,85,12,10,2005,신규,26.06~28.06,,,,,
영등포구,11560,영등포동2가,202606,오피스텔_전월세,여의도 더 자하,영등포동2가,28-133,17.84,,5000,176,13,19,2025,갱신,26.09~27.09,5000.0,170.0,사용,,
영등포구,11560,양평동3가,202606,오피스텔_전월세,양평역 대우미래사랑,양평동3가,34,85.23,,30000,150,18,13,2004,신규,26.10~28.10,,,,,
영등포구,11560,양평동3가,202606,오피스텔_전월세,양평역 대우미래사랑,양평동3가,34,77.37,,45000,40,19,27,2004,신규,26.08~28.08,,,,,
영등포구,11560,영등포동7가,202606,오피스텔_전월세,포레나 영등포 센트럴,영등포동7가,208,18.3,,1000,82,24,20,2020,신규,26.07~27.07,,,,,
영등포구,11560,당산동5가,202606,오피스텔_전월세,당산역해링턴타워,당산동5가,9-3,23.92,,2000,90,14,9,2015,신규,26.06~27.06,,,,,
영등포구,11560,양평동3가,202606,오피스텔_전월세,그랜드타워,양평동3가,37-1,21.5,,12000,48,5,4,2020,갱신,26.08~28.08,12000.0,44.0,사용,,
영등포구,11560,당산동,202606,오피스텔_전월세,갤럭시타워,당산동,121-159,21.15,,1000,85,14,22,2014,신규,26.07~27.07,,,,,
영등포구,11560,당산동3가,202606,오피스텔_전월세,레스트힐,당산동3가,7,19.96,,17900,4,5,12,2021,갱신,26.08~28.08,18000.0,,사용,,
영등포구,11560,영등포동3가,202606,오피스텔_전월세,영등포 점프밀라노,영등포동3가,7,37.05,,3000,90,11,15,2005,갱신,26.06~27.06,3000.0,70.0,,,
영등포구,11560,당산동6가,202606,오피스텔_전월세,스타빌,당산동6가,337-4,25.58,,1000,74,5,21,2014,신규,26.07~27.07,,,,,
영등포구,11560,여의도동,202606,오피스텔_전월세,시그니티 여의도,여의도동,10-3,24.19,,2000,130,8,12,2023,신규,26.07~28.07,,,,,
영등포구,11560,영등포동8가,202606,오피스텔_전월세,엠캐슬150,영등포동8가,65-1,17.58,,22500,0,3,18,2024,신규,26.07~28.07,,,,,
영등포구,11560,여의도동,202606,오피스텔_전월세,브라이튼 여의도,여의도동,525,29.56,,50000,0,31,15,2023,신규,26.07~28.07,,,,,
영등포구,11560,영등포동3가,202606,오피스텔_전월세,제이캐슬,영등포동3가,16-1,18.78,,18500,0,11,20,2023,갱신,26.07~28.07,18500.0,,사용,,
영등포구,11560,당산동5가,202606,오피스텔_전월세,당산역해링턴타워,당산동5가,9-3,23.92,,2000,84,4,20,2015,신규,26.06~27.06,,,,,
영등포구,11560,양평동2가,202606,오피스텔_전월세,CO-OP Residence/오목교,양평동2가,43-14,16.98,,500,50,6,13,2004,신규,26.06~27.06,,,,,
영등포구,11560,영등포동6가,202606,오피스텔_전월세,윤성타워텔,영등포동6가,67-1,34.67,,3000,60,6,30,1998,신규,26.08~28.08,,,,,
영등포구,11560,영등포동5가,202606,오피스텔_전월세,휴젠느,영등포동5가,88,38.01,,31400,0,2,15,2019,갱신,26.09~28.09,30400.0,,,,
영등포구,11560,당산동4가,202606,오피스텔_전월세,(37-4),당산동4가,37-4,15.68,,1000,55,1,26,2003,신규,26.06~28.06,,,,,
영등포구,11560,당산동1가,202606,오피스텔_전월세,더채움오피스텔,당산동1가,260,27.94,,27000,20,3,17,2020,갱신,26.07~28.07,28800.0,,사용,,
영등포구,11560,당산동,202606,오피스텔_전월세,여의도 아리스타,당산동,121-61,20.04,,20500,0,11,27,2021,신규,26.08~28.08,,,,,
영등포구,11560,영등포동3가,202606,오피스텔_전월세,WD스퀘어,영등포동3가,20,16.83,,500,62,5,13,2020,신규,26.07~27.07,,,,,
영등포구,11560,양평동6가,202606,오피스텔_전월세,선유도디와이파크,양평동6가,93-2,18.92,,12000,4,2,27,2017,신규,26.08~28.08,,,,,
영등포구,11560,도림동,202606,오피스텔_전월세,쌍용플래티넘시티1단지,도림동,820,93.57,,25000,120,10,14,2006,신규,26.07~28.07,,,,,
영등포구,11560,양평동4가,202606,오피스텔_전월세,URBAN52,양평동4가,1-9,29.65,,34600,0,4,20,2021,갱신,26.06~28.06,33000.0,,사용,,
영등포구,11560,당산동4가,202606,오피스텔_전월세,탑빌딩,당산동4가,32-104,30.99,,12500,8,6,13,2003,갱신,26.08~27.08,12500.0,5.0,,,
영등포구,11560,영등포동1가,202606,오피스텔_전월세,팰리스페트라,영등포동1가,24,29.19,,19800,0,7,27,2017,신규,26.08~28.08,,,,,
영등포구,11560,영등포동2가,202606,오피스텔_전월세,미담,영등포동2가,28-142,38.72,,3000,110,4,23,2018,신규,26.07~28.07,,,,,
영등포구,11560,영등포동2가,202606,오피스텔_전월세,리코하이빌,영등포동2가,28-132,22.16,,26220,0,6,30,2023,신규,26.07~28.07,,,,,
영등포구,11560,여의도동,202606,오피스텔_전월세,브라이튼 여의도,여의도동,525,29.98,,3000,210,33,18,2023,신규,26.09~27.09,,,,,
영등포구,11560,영등포동4가,202606,오피스텔_전월세,영등포 센트럴 푸르지오 시티,영등포동4가,443,29.75,,20000,17,18,4,2013,갱신,26.06~28.06,20000.0,20.0,사용,,
영등포구,11560,영등포동2가,202606,오피스텔_전월세,크렌시아하우스,영등포동2가,28-121,27.9,,3000,45,8,15,2015,신규,26.07~27.07,,,,,
영등포구,11560,영등포동1가,202606,오피스텔_전월세,여의도 포레디움,영등포동1가,107,20.05,,1000,80,12,26,2021,갱신,26.07~27.07,1000.0,77.0,사용,,
영등포구,11560,영등포동3가,202606,오피스텔_전월세,더베슬,영등포동3가,26,29.87,,5000,120,4,12,2023,신규,26.06~28.06,,,,,
영등포구,11560,영등포동7가,202606,오피스텔_전월세,여의도 웨스턴 힐 오피스텔,영등포동7가,104-5,17.38,,1000,82,8,14,2022,신규,26.06~28.06,,,,,
영등포구,11560,당산동5가,202606,오피스텔_전월세,당산역리버뷰한강,당산동5가,11-32,16.78,,1000,95,4,10,2021,신규,26.07~28.06,,,,,
영등포구,11560,당산동2가,202606,오피스텔_전월세,미라클시티,당산동2가,12-2,28.6,,35100,0,8,27,2022,갱신,26.08~28.08,33500.0,,사용,,
영등포구,11560,영등포동2가,202606,오피스텔_전월세,여의도 해피트리,영등포동2가,330,34.17,,5500,105,9,20,2024,신규,26.07~28.07,,,,,
영등포구,11560,문래동6가,202606,오피스텔_전월세,문래동 대우 이안,문래동6가,26,65.54,,35000,0,3,19,2004,신규,26.08~28.08,,,,,
영등포구,11560,영등포동4가,202606,오피스텔_전월세,영등포 센트럴 푸르지오 시티,영등포동4가,443,29.75,,4000,80,13,27,2013,신규,26.07~27.07,,,,,
영등포구,11560,신길동,202606,오피스텔_전월세,콘펠리체,신길동,449-20,16.82,,1000,80,3,18,,신규,26.07~27.06,,,,,
영등포구,11560,영등포동1가,202606,오피스텔_전월세,페트라,영등포동1가,22-1,19.42,,14000,0,4,13,2015,신규,26.07~28.07,,,,,
영등포구,11560,영등포동2가,202606,오피스텔_전월세,이지리움S,영등포동2가,28-117,19.12,,1000,60,2,26,2013,갱신,26.08~27.07,1000.0,60.0,,,
영등포구,11560,영등포동5가,202606,오피스텔_전월세,휴젠느,영등포동5가,88,38.01,,29000,0,5,8,2019,갱신,26.07~28.07,28000.0,,사용,,
영등포구,11560,영등포동7가,202606,오피스텔_전월세,넥스빌Ⅲ,영등포동7가,94-356,25.5,,12000,20,2,12,2002,갱신,26.07~28.07,12000.0,20.0,,,
영등포구,11560,당산동3가,202606,오피스텔_전월세,리앤나빌리지,당산동3가,80-1,30.85,,1000,75,6,16,2004,신규,26.07~27.07,,,,,
영등포구,11560,영등포동2가,202606,오피스텔_전월세,여의도 해피트리,영등포동2가,330,34.17,,3000,137,7,26,2024,신규,26.09~27.09,,,,,
영등포구,11560,영등포동3가,202606,오피스텔_전월세,WD스퀘어,영등포동3가,20,16.83,,1000,65,3,30,2020,신규,26.07~27.07,,,,,
영등포구,11560,당산동5가,202606,오피스텔_전월세,당산 삼성쉐르빌,당산동5가,9-2,23.11,,17300,25,15,8,2013,신규,26.07~28.07,,,,,
영등포구,11560,양평동2가,202606,오피스텔_전월세,오목교투웨니퍼스트,양평동2가,37-3,28.63,,2000,125,2,20,2017,신규,26.07~28.07,,,,,
영등포구,11560,양평동3가,202606,오피스텔_전월세,더라임,양평동3가,37-3,25.23,,4000,99,5,6,2020,갱신,26.09~28.09,4000.0,94.0,,,
영등포구,11560,당산동5가,202606,오피스텔_전월세,당산역해링턴타워,당산동5가,9-3,23.59,,1000,95,17,23,2015,신규,26.07~27.07,,,,,
영등포구,11560,영등포동7가,202606,오피스텔_전월세,루브르씨티,영등포동7가,94-52,20.79,,4000,75,2,14,2019,신규,26.07~28.07,,,,,
영등포구,11560,영등포동1가,202606,오피스텔_전월세,여의도씨티아이,영등포동1가,113-1,16.88,,5000,40,9,16,2013,신규,26.07~27.07,,,,,
영등포구,11560,영등포동1가,202606,오피스텔_전월세,여의도리슈빌DS,영등포동1가,121-5,21.41,,1000,87,5,17,2020,신규,26.07~27.06,,,,,
영등포구,11560,양평동2가,202606,오피스텔_전월세,비바체더리버파크,양평동2가,42,26.45,,3000,140,15,19,2024,신규,26.07~27.07,,,,,
영등포구,11560,영등포동2가,202606,오피스텔_전월세,여의도 리브하임,영등포동2가,94-116,19.48,,21000,0,7,24,2022,갱신,26.07~28.07,21000.0,,,,
영등포구,11560,영등포동7가,202606,오피스텔_전월세,한가람 더원 201동,영등포동7가,94-101,23.52,,5000,100,12,12,2022,신규,26.07~28.07,,,,,
영등포구,11560,여의도동,202606,오피스텔_전월세,(주)신한 여의도 드림리버 오피스텔,여의도동,12-3,24.5,,3000,110,7,23,2019,신규,26.07~27.07,,,,,
영등포구,11560,양평동2가,202606,오피스텔_전월세,비바체더리버파크,양평동2가,42,26.45,,3000,140,15,10,2024,신규,26.07~27.07,,,,,
영등포구,11560,당산동5가,202606,오피스텔_전월세,당산역리버뷰한강,당산동5가,11-32,16.78,,24000,11,3,27,2021,신규,26.07~28.07,,,,,
영등포구,11560,당산동3가,202606,오피스텔_전월세,THE PARK 365,당산동3가,558-3,62.81,,41400,30,9,17,2007,신규,26.08~28.08,,,,,
영등포구,11560,양평동5가,202606,오피스텔_전월세,에듀시티에비앙,양평동5가,51,28.6,,3000,130,6,13,2017,신규,26.06~28.06,,,,,
영등포구,11560,양평동2가,202606,오피스텔_전월세,양평동월드메르디앙오피스텔,양평동2가,1-2,83.28,,49000,0,12,18,2005,신규,26.08~28.08,,,,,
영등포구,11560,양평동2가,202606,오피스텔_전월세,오목교투웨니퍼스트,양평동2가,37-3,28.63,,26500,0,5,18,2017,갱신,26.07~27.07,26500.0,,,,
영등포구,11560,당산동5가,202606,오피스텔_전월세,당산역해링턴타워,당산동5가,9-3,28.74,,1000,100,6,27,2015,신규,26.07~27.07,,,,,
영등포구,11560,양평동6가,202606,오피스텔_전월세,선유도역 더블파크 투웨니퍼스트,양평동6가,94,28.42,,1000,115,4,26,2020,갱신,26.08~27.08,1000.0,110.0,,,
영등포구,11560,영등포동1가,202606,오피스텔_전월세,여의도더리브스타일,영등포동1가,94-2,19.36,,1000,95,22,21,2020,신규,26.08~27.08,,,,,
영등포구,11560,영등포동8가,202606,오피스텔_전월세,한양아이클래스 오피스텔,영등포동8가,42-1,19.86,,1000,58,3,4,2014,신규,26.07~27.07,,,,,
영등포구,11560,여의도동,202606,오피스텔_전월세,여의도 the샾 아일랜드 파크,여의도동,17,148.67,,10500,450,9,17,2006,갱신,26.09~28.09,10000.0,440.0,사용,,
영등포구,11560,영등포동2가,202606,오피스텔_전월세,오스본 오피스텔,영등포동2가,28-153,29.97,,500,60,5,20,2005,신규,26.07~27.07,,,,,
영등포구,11560,영등포동1가,202606,오피스텔_전월세,여의도파크뷰,영등포동1가,97-5,43.36,,3000,130,6,23,2026,신규,26.07~28.07,,,,,
영등포구,11560,당산동,202606,오피스텔_전월세,프리가,당산동,121-209,17.09,,5000,25,5,22,2013,갱신,26.07~28.07,6000.0,20.0,,,
영등포구,11560,당산동5가,202606,오피스텔_전월세,당산역리버뷰한강,당산동5가,11-32,16.78,,23000,0,7,27,2021,갱신,26.07~28.07,23000.0,,사용,,
영등포구,11560,당산동,202606,오피스텔_전월세,엠캐슬123,당산동,171-30,19.85,,19560,0,3,22,2021,신규,26.08~28.08,,,,,
영등포구,11560,당산동6가,202606,오피스텔_전월세,유탑 유블레스2차,당산동6가,336-4,19.12,,13200,25,3,25,2012,갱신,26.07~27.07,12730.0,23.0,,,
영등포구,11560,문래동6가,202606,오피스텔_전월세,문래크라운팰리스,문래동6가,34-1,28.17,,25200,10,14,11,2018,신규,26.08~28.08,,,,,
영등포구,11560,당산동3가,202606,오피스텔_전월세,당산M팰리스,당산동3가,512,29.37,,5000,104,7,27,2022,갱신,26.07~28.07,5000.0,98.0,,,
영등포구,11560,양평동6가,202606,오피스텔_전월세,금강노블레스,양평동6가,81,31.45,,35500,0,7,30,2022,신규,26.08~28.08,,,,,
영등포구,11560,영등포동1가,202606,오피스텔_전월세,파크빌,영등포동1가,31-6,19.18,,1000,68,8,13,2019,신규,26.07~27.07,,,,,
영등포구,11560,신길동,202606,오피스텔_전월세,JS타워,신길동,236,18.57,,1000,90,14,8,2024,신규,26.06~27.06,,,,,
영등포구,11560,영등포동1가,202606,오피스텔_전월세,(30),영등포동1가,30,12.97,,1000,65,10,23,,신규,26.07~28.01,,,,,
영등포구,11560,영등포동3가,202606,오피스텔_전월세,더-위일 신세계,영등포동3가,17-3,17.66,,15500,0,7,18,2020,신규,26.08~28.08,,,,,
영등포구,11560,여의도동,202606,오피스텔_전월세,브라이튼 여의도,여의도동,525,44.59,,5000,350,22,25,2023,신규,26.09~28.09,,,,,
영등포구,11560,영등포동3가,202606,오피스텔_전월세,WD스퀘어,영등포동3가,20,16.23,,1000,80,12,9,2020,신규,26.06~27.06,,,,,
영등포구,11560,당산동5가,202606,오피스텔_전월세,당산역 한강포스빌,당산동5가,33-1,30.43,,20000,0,6,9,2005,신규,26.07~28.07,,,,,
영등포구,11560,신길동,202606,오피스텔_전월세,신길리버스시티,신길동,235-6,27.44,,200,120,11,11,2021,신규,26.06~27.06,,,,,
영등포구,11560,영등포동4가,202606,오피스텔_전월세,영등포 센트럴 푸르지오 시티,영등포동4가,443,29.75,,1000,105,5,11,2013,신규,26.07~27.07,,,,,
영등포구,11560,영등포동2가,202606,오피스텔_전월세,경동미르웰 여의도,영등포동2가,94-129,17.14,,1000,75,4,27,2017,갱신,26.08~27.08,1000.0,73.0,,,
영등포구,11560,당산동,202606,오피스텔_전월세,여의도 아리스타,당산동,121-61,20.26,,10000,45,12,6,2021,신규,26.08~28.08,,,,,
영등포구,11560,도림동,202606,오피스텔_전월세,대우미래사랑,도림동,819,29.38,,1000,65,3,16,2004,신규,26.07~27.07,,,,,
영등포구,11560,당산동3가,202606,오피스텔_전월세,당산M팰리스,당산동3가,512,29.37,,5000,135,12,16,2022,신규,26.08~28.08,,,,,
영등포구,11560,당산동6가,202606,오피스텔_전월세,더빌,당산동6가,332-3,29.61,,1000,82,4,2,2016,신규,26.06~27.06,,,,,
영등포구,11560,당산동,202606,오피스텔_전월세,노들리안 오피스텔1,당산동,121-141,29.16,,14000,3,8,26,2011,신규,26.08~28.08,,,,,
영등포구,11560,영등포동7가,202606,오피스텔_전월세,루브르씨티,영등포동7가,94-52,21.01,,18600,10,8,6,2019,갱신,26.07~28.07,18600.0,10.0,,,
영등포구,11560,문래동6가,202606,오피스텔_전월세,문래동 현대홈시티2,문래동6가,2-2,57.76,,32700,0,5,15,2004,갱신,26.08~28.08,32700.0,,,,
영등포구,11560,영등포동1가,202606,오피스텔_전월세,금반석 시티빌 8차,영등포동1가,27-3,15.4,,1000,60,6,30,2014,신규,26.07~27.07,,,,,
영등포구,11560,문래동6가,202606,오피스텔_전월세,문래크라운팰리스,문래동6가,34-1,28.17,,22500,10,14,11,2018,신규,26.08~28.08,,,,,
영등포구,11560,영등포동1가,202606,오피스텔_전월세,여의도투웨니퍼스트,영등포동1가,92-4,29.62,,28000,0,6,25,2018,신규,26.08~28.08,,,,,
영등포구,11560,양평동2가,202606,오피스텔_전월세,힘멜하임,양평동2가,1-3,18.84,,14600,10,12,30,2014,신규,26.08~28.08,,,,,
영등포구,11560,양평동3가,202606,오피스텔_전월세,더라임,양평동3가,37-3,25.16,,27380,18,6,4,2020,신규,26.07~28.07,,,,,
영등포구,11560,영등포동1가,202606,오피스텔_전월세,(30),영등포동1가,30,12.97,,1000,65,9,20,,신규,26.07~27.06,,,,,
영등포구,11560,영등포동7가,202606,오피스텔_전월세,근상프리즘아파트,영등포동7가,29-130,21.06,,1000,53,3,30,2010,갱신,26.07~28.07,1000.0,50.0,사용,,
영등포구,11560,문래동5가,202606,오피스텔_전월세,명지 페르마타,문래동5가,23-4,25.93,,1000,55,6,19,2004,신규,26.06~27.06,,,,,
영등포구,11560,문래동3가,202606,오피스텔_전월세,문래동메가트리움,문래동3가,55-4,99.44,,65600,0,15,30,,갱신,26.07~28.12,62500.0,,사용,,
영등포구,11560,영등포동7가,202606,오피스텔_전월세,포레비떼,영등포동7가,29-126,26.54,,1000,78,8,13,2003,신규,26.07~27.06,,,,,
영등포구,11560,당산동1가,202606,오피스텔_전월세,현대가우스빌,당산동1가,140-1,34.09,,25700,25,4,30,2016,신규,26.09~28.09,,,,,
영등포구,11560,신길동,202606,오피스텔_전월세,JS타워,신길동,236,29.5,,1000,130,10,25,2024,신규,26.06~27.06,,,,,
영등포구,11560,양평동6가,202606,오피스텔_전월세,선유도 더채움,양평동6가,2-4,28.04,,31500,0,7,23,2022,갱신,26.08~28.08,30000.0,,,,
영등포구,11560,당산동,202606,오피스텔_전월세,여의도 아리스타,당산동,121-61,20.22,,16650,25,11,13,2021,신규,26.08~28.08,,,,,
영등포구,11560,대림동,202606,오피스텔_전월세,타워 오피스텔,대림동,709-3,28.01,,500,60,6,27,2004,갱신,26.06~27.06,500.0,58.0,사용,,
영등포구,11560,여의도동,202606,오피스텔_전월세,힐스테이트 여의도 파인루체,여의도동,44-5,62.07,,78000,0,5,19,2023,신규,26.11~28.11,,,,,
영등포구,11560,영등포동1가,202606,오피스텔_전월세,신한헤스티아,영등포동1가,127,18.01,,500,68,8,5,2016,갱신,26.07~27.07,500.0,63.0,,,
영등포구,11560,문래동6가,202606,오피스텔_전월세,문래투웨니퍼스트,문래동6가,29-1,27.59,,15000,60,12,16,2018,신규,26.08~28.08,,,,,
영등포구,11560,문래동6가,202606,오피스텔_전월세,문래파라곤,문래동6가,16-2,81.24,,50400,0,5,24,2005,갱신,26.09~28.09,48000.0,,사용,,
영등포구,11560,영등포동2가,202606,오피스텔_전월세,블루오션,영등포동2가,28-119,26.72,,10000,44,6,3,2019,신규,26.07~27.07,,,,,
영등포구,11560,여의도동,202606,오피스텔_전월세,더하우스 소호 여의도 오피스텔,여의도동,17-9,23.63,,2000,110,6,25,2017,신규,26.09~27.08,,,,,
영등포구,11560,여의도동,202606,오피스텔_전월세,더하우스 소호 여의도 오피스텔,여의도동,17-9,23.63,,10000,70,4,1,2017,갱신,26.06~28.06,10000.0,65.0,,,
영등포구,11560,영등포동1가,202606,오피스텔_전월세,여의도더리브스타일,영등포동1가,94-2,19.36,,18400,10,21,30,2020,신규,26.08~28.08,,,,,
영등포구,11560,여의도동,202606,오피스텔_전월세,더하우스 소호 여의도 오피스텔,여의도동,17-9,40.24,,5000,163,5,30,2017,갱신,26.08~28.08,5000.0,155.0,,,
영등포구,11560,당산동1가,202606,오피스텔_전월세,더채움오피스텔,당산동1가,260,27.94,,1000,110,2,6,2020,신규,26.07~27.07,,,,,
영등포구,11560,양평동2가,202606,오피스텔_전월세,오목교투웨니퍼스트,양평동2가,37-3,28.63,,3000,115,6,3,2017,갱신,26.06~27.06,3000.0,110.0,,,
영등포구,11560,영등포동7가,202606,오피스텔_전월세,동원크로루체,영등포동7가,29-7,36.5,,2000,130,3,24,2022,신규,26.07~28.07,,,,,
영등포구,11560,영등포동7가,202606,오피스텔_전월세,아크로조인,영등포동7가,94-299,55.22,,36000,0,6,30,2018,갱신,26.08~28.08,34650.0,,,,
영등포구,11560,당산동6가,202606,오피스텔_전월세,다빈치,당산동6가,3-5,18.3,,20000,30,7,26,2021,신규,26.08~28.08,,,,,
영등포구,11560,여의도동,202606,오피스텔_전월세,나라키움여의도빌딩,여의도동,55-2,40.66,,2000,161,12,30,2018,갱신,26.08~28.08,2000.0,149.0,사용,,
영등포구,11560,영등포동2가,202606,오피스텔_전월세,투프레이즈,영등포동2가,28-140,25.21,,27000,0,8,26,2024,신규,26.08~28.08,,,,,
영등포구,11560,여의도동,202606,오피스텔_전월세,나라키움여의도빌딩,여의도동,55-2,22.89,,1030,94,14,19,2018,갱신,26.07~28.07,1000.0,92.0,사용,,
영등포구,11560,여의도동,202606,오피스텔_전월세,나라키움여의도빌딩,여의도동,55-2,22.89,,1030,94,14,19,2018,갱신,26.07~28.07,1000.0,92.0,사용,,
영등포구,11560,여의도동,202606,오피스텔_전월세,나라키움여의도빌딩,여의도동,55-2,22.89,,1030,94,12,19,2018,신규,26.07~28.07,,,,,
영등포구,11560,영등포동4가,202606,오피스텔_전월세,HIGHEND 63st,영등포동4가,55,28.12,,3000,147,10,25,2023,신규,26.07~27.07,,,,,
영등포구,11560,영등포동7가,202606,오피스텔_전월세,청호오피스텔,영등포동7가,94-187,27,,15000,24,6,29,2008,갱신,26.08~28.07,17850.0,9.0,,,
영등포구,11560,양평동3가,202606,오피스텔_전월세,어썸씨티,양평동3가,78-3,46.21,,34000,0,3,27,2020,갱신,26.09~28.09,34000.0,,사용,,
영등포구,11560,여의도동,202606,오피스텔_전월세,나라키움여의도빌딩,여의도동,55-2,22.89,,1030,94,15,17,2018,갱신,26.07~28.07,1000.0,92.0,사용,,
영등포구,11560,여의도동,202606,오피스텔_전월세,나라키움여의도빌딩,여의도동,55-2,22.89,,1030,94,9,19,2018,신규,26.06~28.06,,,,,
영등포구,11560,여의도동,202606,오피스텔_전월세,나라키움여의도빌딩,여의도동,55-2,41.22,,2000,161,5,19,2018,갱신,26.07~28.07,2000.0,149.0,사용,,
영등포구,11560,문래동6가,202606,오피스텔_전월세,문래 롯데캐슬,문래동6가,57,23.37,,2000,44,19,16,2020,신규,26.07~28.07,,,,,
영등포구,11560,영등포동1가,202606,오피스텔_전월세,파크빌,영등포동1가,31-6,18.1,,1000,69,9,15,2019,신규,26.06~27.06,,,,,
영등포구,11560,영등포동6가,202606,오피스텔_전월세,양우화인텔,영등포동6가,3-2,31.59,,1000,55,5,13,1999,신규,26.06~28.06,,,,,
영등포구,11560,영등포동1가,202606,오피스텔_전월세,(30),영등포동1가,30,12.97,,1000,65,9,2,,신규,26.06~27.06,,,,,
영등포구,11560,여의도동,202606,오피스텔_전월세,브라이튼 여의도,여의도동,525,29.56,,49000,0,9,22,2023,신규,26.07~28.07,,,,,
영등포구,11560,영등포동2가,202606,오피스텔_전월세,어반홈즈,영등포동2가,28-109,18.53,,19000,0,3,30,2021,신규,26.07~28.07,,,,,
영등포구,11560,영등포동1가,202606,오피스텔_전월세,여의도 포레디움,영등포동1가,107,21.58,,22000,0,8,29,2021,신규,26.07~28.07,,,,,
영등포구,11560,영등포동7가,202606,오피스텔_전월세,포레비떼,영등포동7가,29-126,26.54,,12000,35,6,11,2003,신규,26.08~28.08,,,,,
영등포구,11560,당산동5가,202606,오피스텔_전월세,당산역리버뷰한강,당산동5가,11-32,16.78,,20000,26,4,27,2021,갱신,26.07~28.07,15000.0,40.0,,,
영등포구,11560,영등포동1가,202606,오피스텔_전월세,여의도씨티아이,영등포동1가,113-1,18.16,,1000,65,5,25,2013,신규,26.06~27.06,,,,,
영등포구,11560,신길동,202606,오피스텔_전월세,JS타워,신길동,236,29.5,,1000,130,12,29,2024,신규,26.08~27.08,,,,,
영등포구,11560,신길동,202606,오피스텔_전월세,디에이원파크,신길동,101-13,30.21,,31500,0,10,30,2020,갱신,26.07~28.07,30000.0,,,,
영등포구,11560,영등포동1가,202606,오피스텔_전월세,여의도리슈빌DS,영등포동1가,121-5,21.41,,16000,20,3,26,2020,신규,26.07~28.07,,,,,
영등포구,11560,당산동2가,202606,오피스텔_전월세,미라클시티,당산동2가,12-2,28.6,,5000,130,6,29,2022,신규,26.08~28.08,,,,,
영등포구,11560,여의도동,202606,오피스텔_전월세,여의도 the샾 아일랜드 파크,여의도동,17,96.06,,93000,0,10,29,2006,갱신,26.07~28.07,93000.0,,,,
영등포구,11560,당산동,202606,오피스텔_전월세,여의나루더명남더블레스,당산동,121-72,37.3,,29000,0,2,27,2019,신규,26.07~28.07,,,,,
영등포구,11560,영등포동2가,202606,오피스텔_전월세,와이에이치빌리지,영등포동2가,94-319,17.51,,20800,4,3,29,2020,갱신,26.08~28.08,20800.0,,사용,,
영등포구,11560,신길동,202606,오피스텔_전월세,JS타워,신길동,236,29.5,,1000,130,12,18,2024,신규,26.06~27.06,,,,,
영등포구,11560,영등포동1가,202606,오피스텔_전월세,여의도 포레디움,영등포동1가,107,20.62,,17800,20,18,27,2021,신규,26.08~27.08,,,,,
영등포구,11560,당산동,202606,오피스텔_전월세,여의나루더명남더블레스,당산동,121-72,37.3,,29000,0,2,27,2019,신규,26.07~28.07,,,,,
영등포구,11560,당산동5가,202606,오피스텔_전월세,당산역해링턴타워,당산동5가,9-3,23.59,,1000,92,15,29,2015,신규,26.07~27.07,,,,,
영등포구,11560,영등포동2가,202606,오피스텔_전월세,여의도 미르웰 한올림 2차 오피스텔,영등포동2가,328-11,14.53,,13600,0,2,30,2018,신규,26.07~28.07,,,,,
영등포구,11560,당산동3가,202606,오피스텔_전월세,레스트힐,당산동3가,7,20.06,,17800,4,3,29,2021,갱신,26.08~28.08,18000.0,,사용,,
영등포구,11560,영등포동7가,202606,오피스텔_전월세,넥스빌Ⅱ,영등포동7가,94-297,15.69,,500,32,4,24,2002,갱신,26.07~28.07,500.0,30.0,사용,,
영등포구,11560,여의도동,202606,오피스텔_전월세,D.S라르,여의도동,17-16,19.45,,19950,0,12,29,2021,갱신,26.07~28.07,19950.0,,,,
영등포구,11560,당산동6가,202606,오피스텔_전월세,스타빌,당산동6가,337-4,24.89,,1000,71,6,9,2014,신규,26.08~27.08,,,,,
영등포구,11560,영등포동2가,202606,오피스텔_전월세,글로벌MJ10,영등포동2가,164,28.53,,320,160,12,25,2024,신규,26.06~27.01,,,,,
영등포구,11560,여의도동,202606,오피스텔_전월세,(주)신한 여의도 드림리버 오피스텔,여의도동,12-3,24.5,,22000,20,11,30,2019,신규,26.08~28.08,,,,,
영등포구,11560,당산동6가,202606,오피스텔_전월세,씨엔에스파크,당산동6가,346-2,19.01,,13600,13,7,12,2013,신규,26.08~28.08,,,,,
영등포구,11560,영등포동3가,202606,오피스텔_전월세,제이캐슬,영등포동3가,16-1,17.62,,17000,3,10,10,2023,갱신,26.08~28.08,16800.0,3.0,,,
영등포구,11560,당산동4가,202606,오피스텔_전월세,(37-4),당산동4가,37-4,15.24,,1000,65,3,27,2003,신규,26.06~28.06,,,,,
영등포구,11560,당산동,202606,오피스텔_전월세,여의도 아리스타,당산동,121-61,20,,16200,25,7,29,2021,신규,26.08~28.08,,,,,
영등포구,11560,영등포동4가,202606,오피스텔_전월세,영등포 센트럴 푸르지오 시티,영등포동4가,443,29.75,,20000,20,22,29,2013,신규,26.08~28.08,,,,,
영등포구,11560,양평동6가,202606,오피스텔_전월세,엠케이유앤미,양평동6가,82-1,27.5,,30000,7,4,12,2020,신규,26.08~28.08,,,,,
영등포구,11560,당산동,202606,오피스텔_전월세,여의나루더명남더블레스,당산동,121-72,37.3,,27000,20,4,29,2019,갱신,26.09~28.08,27000.0,10.0,,,
영등포구,11560,영등포동7가,202606,오피스텔_전월세,여의도 웨스턴 힐 오피스텔,영등포동7가,104-5,17.38,,1000,100,4,24,2022,신규,26.06~27.06,,,,,
영등포구,11560,영등포동1가,202606,오피스텔_전월세,봉주르오피스텔,영등포동1가,31-3,14.59,,19500,0,5,8,2021,신규,26.08~28.08,,,,,
영등포구,11560,영등포동1가,202606,오피스텔_전월세,여의도파크뷰,영등포동1가,97-5,39.69,,5000,130,15,16,2026,신규,26.06~27.06,,,,,
영등포구,11560,영등포동2가,202606,오피스텔_전월세,리코하이빌,영등포동2가,28-132,31.87,,29000,5,2,13,2023,갱신,26.07~28.07,29000.0,,,,
영등포구,11560,양평동2가,202606,오피스텔_전월세,양평동월드메르디앙오피스텔,양평동2가,1-2,83.28,,48300,0,12,19,2005,갱신,26.07~28.07,46000.0,,사용,,
영등포구,11560,당산동,202606,오피스텔_전월세,여의도 아리스타,당산동,121-61,20.04,,1000,83,6,29,2021,갱신,26.08~27.08,1000.0,81.0,,,
영등포구,11560,양평동6가,202606,오피스텔_전월세,금강노블레스,양평동6가,81,31.45,,35000,0,3,27,2022,갱신,26.07~28.07,33500.0,,,,
영등포구,11560,여의도동,202606,오피스텔_전월세,더하우스 소호 여의도 오피스텔,여의도동,17-9,23.63,,2000,105,12,28,2017,신규,26.07~27.07,,,,,
영등포구,11560,당산동4가,202606,오피스텔_전월세,(37-4),당산동4가,37-4,15.68,,1000,65,5,26,2003,신규,26.06~28.06,,,,,
영등포구,11560,영등포동2가,202606,오피스텔_전월세,여의도 리브하임,영등포동2가,94-116,19.02,,20000,0,5,16,2022,갱신,26.07~28.07,20000.0,,,,
영등포구,11560,영등포동2가,202606,오피스텔_전월세,글로벌MJ10,영등포동2가,164,28.53,,5000,130,9,23,2024,신규,26.06~28.06,,,,,
영등포구,11560,영등포동3가,202606,오피스텔_전월세,제이캐슬,영등포동3가,16-1,17.62,,17390,0,11,15,2023,갱신,26.08~28.08,17300.0,,,,
영등포구,11560,양평동4가,202606,오피스텔_전월세,설록디아망 타워,양평동4가,31-3,66,,24000,54,12,29,2005,갱신,26.08~28.08,24000.0,47.0,,,
영등포구,11560,양평동5가,202606,오피스텔_전월세,선유도역 마들렌 오피스텔,양평동5가,24-1,25.82,,20000,0,7,29,2021,신규,26.08~28.08,,,,,
영등포구,11560,영등포동1가,202606,오피스텔_전월세,여의도씨티아이,영등포동1가,113-1,16.88,,500,60,4,25,2013,갱신,26.07~27.06,500.0,60.0,,,
영등포구,11560,영등포동2가,202606,오피스텔_전월세,투프레이즈,영등포동2가,28-140,25.39,,24800,10,6,10,2024,갱신,26.07~28.07,24000.0,10.0,,,
영등포구,11560,양평동3가,202606,오피스텔_전월세,양평역 대우미래사랑,양평동3가,34,77.37,,54000,0,13,27,2004,갱신,26.10~28.10,53000.0,,사용,,
영등포구,11560,대림동,202606,오피스텔_전월세,신대림자이,대림동,1122,59.99,,2000,140,14,25,2007,신규,26.07~28.07,,,,,
영등포구,11560,영등포동1가,202606,오피스텔_전월세,(30),영등포동1가,30,12.97,,1000,65,5,23,,신규,26.06~27.06,,,,,
영등포구,11560,도림동,202606,오피스텔_전월세,쌍용플래티넘시티1단지,도림동,820,62.42,,23000,56,7,13,2006,신규,26.09~27.09,,,,,
영등포구,11560,영등포동2가,202606,오피스텔_전월세,더 위일 중마루,영등포동2가,28-116,18.03,,18000,0,6,9,2018,갱신,26.06~28.06,18000.0,,,,
영등포구,11560,양평동1가,202606,오피스텔_전월세,(208-1),양평동1가,208-1,19.62,,3407,10,4,9,2021,신규,26.06~28.08,,,,,
영등포구,11560,당산동3가,202606,오피스텔_전월세,THE PARK 365,당산동3가,558-3,94.17,,51450,0,14,26,2007,갱신,26.07~28.07,49000.0,,사용,,
영등포구,11560,영등포동2가,202606,오피스텔_전월세,여의도 리브하임,영등포동2가,94-116,19.02,,19800,0,4,27,2022,신규,26.09~28.09,,,,,
영등포구,11560,양평동2가,202606,오피스텔_전월세,우남프르미아 오피스텔,양평동2가,6-1,57.7,,31185,0,3,26,2005,갱신,26.07~28.07,29700.0,,,,
영등포구,11560,영등포동1가,202606,오피스텔_전월세,여의도파크뷰,영등포동1가,97-5,37.24,,5000,130,6,27,2026,신규,26.06~27.06,,,,,
영등포구,11560,영등포동7가,202606,오피스텔_전월세,(94-420),영등포동7가,94-420,25.42,,24000,0,5,25,2021,신규,26.06~28.06,,,,,
영등포구,11560,당산동,202606,오피스텔_전월세,노들리안 오피스텔2,당산동,121-322,28.68,,17150,10,13,29,2011,신규,26.08~28.08,,,,,
영등포구,11560,대림동,202606,오피스텔_전월세,한성메르디앙,대림동,629-35,22.5,,3000,53,3,26,2003,갱신,26.08~27.08,2000.0,58.0,,,
영등포구,11560,영등포동2가,202606,오피스텔_전월세,여의도 해피트리,영등포동2가,330,34.17,,5000,147,12,26,2024,신규,26.09~27.09,,,,,
영등포구,11560,양평동2가,202606,오피스텔_전월세,힘멜하임,양평동2가,1-3,18.84,,1000,80,10,5,2014,신규,26.06~27.06,,,,,
영등포구,11560,영등포동7가,202606,오피스텔_전월세,넥스빌Ⅲ,영등포동7가,94-356,24.12,,5000,50,3,23,2002,신규,26.07~28.06,,,,,
영등포구,11560,당산동,202606,오피스텔_전월세,여의도 아리스타,당산동,121-61,20,,19450,6,2,27,2021,갱신,26.08~28.08,19950.0,,,,
영등포구,11560,당산동1가,202606,오피스텔_전월세,J.W 카리스,당산동1가,185-22,36.71,,29300,8,5,29,2018,신규,26.08~28.08,,,,,
영등포구,11560,영등포동7가,202606,오피스텔_전월세,아크로조인,영등포동7가,94-299,55.22,,36000,0,5,17,2018,갱신,26.07~28.07,34650.0,,,,
영등포구,11560,도림동,202606,오피스텔_전월세,웰니스,도림동,196-1,24.01,,1000,89,5,22,2023,신규,26.06~27.06,,,,,
영등포구,11560,여의도동,202606,오피스텔_전월세,(주)신한 여의도 드림리버 오피스텔,여의도동,12-3,29.55,,33000,15,13,10,2019,신규,26.06~28.06,,,,,
영등포구,11560,영등포동3가,202606,오피스텔_전월세,로프트시티,영등포동3가,3-3,39.2,,8935,92,16,29,2022,신규,26.07~28.09,,,,,
영등포구,11560,영등포동2가,202606,오피스텔_전월세,한가람 더원 301동,영등포동2가,94-204,51.15,,5000,185,5,12,2022,신규,26.06~28.06,,,,,
영등포구,11560,당산동,202606,오피스텔_전월세,(121-126),당산동,121-126,20.4,,9000,15,7,6,1997,신규,26.07~28.07,,,,,
영등포구,11560,당산동6가,202606,오피스텔_전월세,소미 더클래스 한강,당산동6가,341-1,36.88,,44000,0,3,26,2023,신규,26.07~28.07,,,,,
영등포구,11560,당산동,202606,오피스텔_전월세,(121-126),당산동,121-126,21,,9000,15,5,29,1997,신규,26.07~28.07,,,,,
영등포구,11560,영등포동2가,202606,오피스텔_전월세,여의도 리브하임,영등포동2가,94-116,19.02,,19800,0,2,20,2022,신규,26.07~28.07,,,,,
영등포구,11560,신길동,202606,오피스텔_전월세,여의도M타워,신길동,65-31,14.76,,1000,75,10,29,2019,신규,26.06~27.06,,,,,
영등포구,11560,당산동6가,202606,오피스텔_전월세,스타빌,당산동6가,337-4,24.89,,1000,70,6,19,2014,신규,26.06~27.06,,,,,
영등포구,11560,양평동2가,202606,오피스텔_전월세,스카이시티,양평동2가,22-1,18.18,,11300,8,6,29,2014,갱신,26.08~28.08,11300.0,8.0,사용,,
영등포구,11560,영등포동7가,202606,오피스텔_전월세,라비엘,영등포동7가,29-33,22.46,,3000,105,2,19,2017,신규,26.06~28.06,,,,,
영등포구,11560,신길동,202606,오피스텔_전월세,도노펠리체,신길동,65-10,13.29,,17300,0,9,28,2019,갱신,26.07~28.07,16600.0,,사용,,
영등포구,11560,영등포동7가,202606,오피스텔_전월세,휴젠느,영등포동7가,94-99,40.26,,13000,80,8,26,2018,신규,26.10~28.10,,,,,
영등포구,11560,영등포동1가,202606,오피스텔_전월세,여의도파크뷰,영등포동1가,97-5,37.24,,5000,140,15,27,2026,신규,26.07~28.07,,,,,
영등포구,11560,영등포동3가,202606,오피스텔_전월세,로프트시티,영등포동3가,3-3,39.2,,8248,85,6,29,2022,신규,26.07~28.09,,,,,
영등포구,11560,영등포동6가,202606,오피스텔_전월세,골드트리시티,영등포동6가,96-1,27.15,,21000,0,2,29,2018,신규,26.08~28.08,,,,,
영등포구,11560,양평동2가,202606,오피스텔_전월세,신동아하이팰리스,양평동2가,1-1,71.47,,45000,0,13,27,2005,신규,26.09~28.08,,,,,
영등포구,11560,문래동6가,202606,오피스텔_전월세,문래투웨니퍼스트,문래동6가,29-1,27.59,,23800,10,15,22,2018,갱신,26.07~27.07,23800.0,7.0,,,
영등포구,11560,영등포동1가,202606,오피스텔_전월세,여의도리슈빌DS,영등포동1가,121-5,21.41,,1000,87,3,27,2020,신규,26.06~27.06,,,,,
영등포구,11560,양평동4가,202606,오피스텔_전월세,르네상스 한강 오피스텔,양평동4가,281,23.4,,1000,90,15,27,2004,신규,26.07~28.07,,,,,
영등포구,11560,영등포동7가,202606,오피스텔_전월세,여의도 웨스턴 힐 오피스텔,영등포동7가,104-5,17.38,,20000,5,8,29,2022,신규,26.08~28.08,,,,,
영등포구,11560,영등포동2가,202606,오피스텔_전월세,투프레이즈,영등포동2가,28-140,25.21,,26800,12,8,12,2024,갱신,26.08~28.08,26000.0,10.0,,,
영등포구,11560,양평동3가,202606,오피스텔_전월세,양평동 대우이안2,양평동3가,54,94.79,,60000,0,13,27,2005,신규,26.09~28.09,,,,,
영등포구,11560,당산동5가,202606,오피스텔_전월세,당산역해링턴타워,당산동5가,9-3,23.92,,18900,25,5,27,2015,신규,26.08~28.08,,,,,
영등포구,11560,당산동2가,202606,오피스텔_전월세,PLUS VIEW,당산동2가,32-1,26.06,,30000,10,8,27,2023,신규,26.09~28.09,,,,,
영등포구,11560,영등포동3가,202606,오피스텔_전월세,더베슬,영등포동3가,26,27.97,,28000,0,5,29,2023,신규,26.07~28.07,,,,,
영등포구,11560,당산동1가,202606,오피스텔_전월세,더채움오피스텔,당산동1가,260,27.94,,19500,35,4,26,2020,갱신,26.07~28.07,27560.0,,,,
영등포구,11560,당산동1가,202606,오피스텔_전월세,더채움오피스텔,당산동1가,260,27.94,,27000,20,6,28,2020,갱신,26.07~28.07,28800.0,,,,
영등포구,11560,영등포동7가,202606,오피스텔_전월세,리첸스타 오피스텔,영등포동7가,94-298,18.79,,3000,72,9,22,,신규,26.06~28.06,,,,,
영등포구,11560,당산동,202606,오피스텔_전월세,여의도 아리스타,당산동,121-61,19.83,,6000,68,10,5,2021,갱신,26.07~27.07,6000.0,64.0,,,
영등포구,11560,양평동1가,202606,오피스텔_전월세,더스톤,양평동1가,118-2,17.83,,19700,0,6,27,2018,신규,26.08~28.08,,,,,
영등포구,11560,당산동6가,202606,오피스텔_전월세,위너스하임,당산동6가,280-10,38.64,,5000,110,8,22,2017,신규,26.09~28.08,,,,,
영등포구,11560,당산동,202606,오피스텔_전월세,(121-168),당산동,121-168,17.13,,1000,55,5,9,2012,신규,26.06~27.06,,,,,
영등포구,11560,당산동,202606,오피스텔_전월세,비앤비퀸즈빌 101동,당산동,121-137,58.64,,34300,10,3,6,,갱신,26.06~28.06,34600.0,,사용,,
영등포구,11560,여의도동,202606,오피스텔_전월세,브라이튼 여의도,여의도동,525,29.56,,42525,0,30,27,2023,신규,26.08~27.08,,,,,
영등포구,11560,당산동,202606,오피스텔_전월세,한산 오피스텔,당산동,121-44,23.36,,2000,60,4,26,2010,신규,26.06~27.06,,,,,
영등포구,11560,양평동4가,202606,오피스텔_전월세,URBAN52,양평동4가,1-9,29.65,,36800,0,9,6,2021,신규,26.07~28.07,,,,,
영등포구,11560,영등포동7가,202606,오피스텔_전월세,포레비떼,영등포동7가,29-126,26.54,,1000,70,3,12,2003,신규,26.06~27.06,,,,,
영등포구,11560,당산동,202606,오피스텔_전월세,소미골드라인III,당산동,121-75,37.63,,28350,0,3,29,2019,갱신,26.07~28.07,27000.0,,,,
영등포구,11560,당산동3가,202606,오피스텔_전월세,리앤나빌리지,당산동3가,80-1,22.85,,1000,65,5,3,2004,신규,26.06~27.06,,,,,
영등포구,11560,신길동,202606,오피스텔_전월세,도노펠리체,신길동,65-10,11.93,,1000,45,6,20,2019,갱신,26.07~27.07,1000.0,45.0,,,
영등포구,11560,영등포동2가,202606,오피스텔_전월세,투프레이즈,영등포동2가,28-140,25.21,,28350,0,6,15,2024,갱신,26.08~28.07,27000.0,,,,
영등포구,11560,영등포동1가,202606,오피스텔_전월세,여의도더리브스타일,영등포동1가,94-2,26.49,,16000,75,11,28,2020,신규,26.08~28.08,,,,,
영등포구,11560,문래동5가,202606,오피스텔_전월세,금강 노블레스,문래동5가,5-3,32.11,,5500,118,7,22,2022,신규,26.06~28.06,,,,,
영등포구,11560,영등포동7가,202606,오피스텔_전월세,골든힐,영등포동7가,94-13,54.59,,33000,10,2,27,2016,신규,26.08~28.08,,,,,
영등포구,11560,문래동6가,202606,오피스텔_전월세,문래투웨니퍼스트,문래동6가,29-1,27.59,,23400,3,5,25,2018,갱신,26.07~27.10,23000.0,,사용,,
영등포구,11560,영등포동1가,202606,오피스텔_전월세,여의도파크뷰,영등포동1가,97-5,43.36,,5000,120,4,13,2026,신규,26.06~27.06,,,,,
영등포구,11560,도림동,202606,오피스텔_전월세,도림동 하나 아파텔(2차),도림동,265-8,30.87,,6000,47,5,15,2003,갱신,26.06~28.06,6000.0,43.0,,,
영등포구,11560,여의도동,202606,오피스텔_전월세,(주)신한 여의도 드림리버 오피스텔,여의도동,12-3,24.5,,15000,29,6,5,2019,갱신,26.07~27.07,15000.0,25.0,사용,,
영등포구,11560,영등포동7가,202606,오피스텔_전월세,아크로조인,영등포동7가,94-299,55.22,,36000,0,5,15,2018,신규,26.08~28.08,,,,,
영등포구,11560,영등포동2가,202606,오피스텔_전월세,에스제이팰리스,영등포동2가,232-3,33.79,,3000,105,6,26,2021,신규,26.06~27.06,,,,,
영등포구,11560,영등포동4가,202606,오피스텔_전월세,영등포 센트럴 푸르지오 시티,영등포동4가,443,29.75,,1000,100,12,20,2013,신규,26.06~27.06,,,,,
영등포구,11560,양평동3가,202606,오피스텔_전월세,양평동 대우이안1,양평동3가,53,74.17,,48000,0,10,26,2005,갱신,26.09~28.09,46000.0,,사용,,
영등포구,11560,영등포동2가,202606,오피스텔_전월세,투프레이즈,영등포동2가,28-140,25.39,,24000,0,3,22,2024,갱신,26.06~28.06,24000.0,,,,
영등포구,11560,영등포동3가,202606,오피스텔_전월세,WD스퀘어,영등포동3가,20,16.83,,1000,75,9,16,2020,신규,26.06~27.06,,,,,
영등포구,11560,영등포동2가,202606,오피스텔_전월세,에코하임,영등포동2가,28-105,39.12,,28600,0,8,19,2018,신규,26.09~28.09,,,,,
영등포구,11560,영등포동2가,202606,오피스텔_전월세,에스제이팰리스,영등포동2가,232-3,33.79,,3000,100,3,26,2021,신규,26.07~27.07,,,,,
영등포구,11560,양평동5가,202606,오피스텔_전월세,위너스하임,양평동5가,5-3,38.4,,2000,100,3,6,,신규,26.07~28.07,,,,,
영등포구,11560,영등포동2가,202606,오피스텔_전월세,여의도 미르웰 한올림 2차 오피스텔,영등포동2가,328-11,14.53,,12240,19,9,26,2018,신규,26.07~28.07,,,,,
영등포구,11560,양평동3가,202606,오피스텔_전월세,양평동갤럭시오피스텔,양평동3가,56-5,29.5,,25760,0,5,26,2017,갱신,26.07~28.07,24883.0,,,,
영등포구,11560,영등포동3가,202606,오피스텔_전월세,영등포 점프밀라노,영등포동3가,7,33.21,,18000,10,11,26,2005,갱신,26.07~28.07,2000.0,65.0,,,
영등포구,11560,도림동,202606,오피스텔_전월세,도림동  디에이원파크,도림동,229-2,29.47,,31500,0,11,26,2024,갱신,26.07~28.07,30000.0,,,,
영등포구,11560,영등포동6가,202606,오피스텔_전월세,윤성타워텔,영등포동6가,67-1,30.2,,14000,0,6,6,1998,신규,26.06~28.06,,,,,
영등포구,11560,당산동,202606,오피스텔_전월세,여의도 아리스타,당산동,121-61,19.93,,16000,25,15,17,2021,신규,26.07~28.07,,,,,
영등포구,11560,영등포동3가,202606,오피스텔_전월세,WD스퀘어,영등포동3가,20,16.72,,2000,70,5,18,2020,신규,26.07~27.07,,,,,
영등포구,11560,신길동,202606,오피스텔_전월세,JS타워,신길동,236,29.5,,3000,115,12,26,2024,신규,26.06~27.06,,,,,
영등포구,11560,영등포동2가,202606,오피스텔_전월세,어반홈즈,영등포동2가,28-109,25.44,,25000,5,8,20,2021,갱신,26.08~28.08,25000.0,,,,
영등포구,11560,영등포동3가,202606,오피스텔_전월세,산타모니카,영등포동3가,16-3,29.71,,30000,25,12,19,2023,신규,26.06~28.06,,,,,
영등포구,11560,양평동3가,202606,오피스텔_전월세,양평역 대우미래사랑,양평동3가,34,77.37,,45000,40,2,26,2004,갱신,26.06~28.06,44850.0,,,,
영등포구,11560,당산동3가,202606,오피스텔_전월세,당산M팰리스,당산동3가,512,29.37,,33500,0,13,20,2022,신규,26.08~28.08,,,,,
영등포구,11560,도림동,202606,오피스텔_전월세,쌍용플래티넘시티2단지,도림동,269-1,87.36,,5000,169,12,26,2006,갱신,26.10~28.10,5000.0,160.0,사용,,
영등포구,11560,영등포동4가,202606,오피스텔_전월세,영등포 센트럴 푸르지오 시티,영등포동4가,443,29.77,,1000,100,12,19,2013,신규,26.06~27.06,,,,,
영등포구,11560,여의도동,202606,오피스텔_전월세,여의도 플렉시움 오피스텔,여의도동,13-16,36.14,,1000,90,2,23,2003,신규,26.07~27.07,,,,,
영등포구,11560,영등포동3가,202606,오피스텔_전월세,더-위일 신세계,영등포동3가,17-3,17.66,,1000,80,13,26,2020,신규,26.07~27.07,,,,,
영등포구,11560,당산동6가,202606,오피스텔_전월세,소미골드라인Ⅰ,당산동6가,344-10,27.95,,27000,18,4,20,2019,신규,26.06~28.06,,,,,
영등포구,11560,여의도동,202606,오피스텔_전월세,여의도파라곤,여의도동,13,73.46,,5000,270,11,26,2005,신규,26.06~27.06,,,,,
영등포구,11560,영등포동2가,202606,오피스텔_전월세,여의도 리브하임,영등포동2가,94-116,19.02,,19800,0,5,25,2022,신규,26.07~28.07,,,,,
영등포구,11560,여의도동,202606,오피스텔_전월세,KCC파크타운,여의도동,13-22,26.98,,840,93,7,15,2005,신규,26.06~27.06,,,,,
영등포구,11560,도림동,202606,오피스텔_전월세,도림동  디에이원파크,도림동,229-2,29.47,,31000,0,9,25,2024,신규,26.08~28.07,,,,,
영등포구,11560,당산동,202606,오피스텔_전월세,엠캐슬123,당산동,171-30,19.85,,18690,0,2,24,2021,신규,26.08~28.08,,,,,
영등포구,11560,당산동1가,202606,오피스텔_전월세,더채움오피스텔,당산동1가,260,27.94,,29000,0,6,3,2020,신규,26.08~28.08,,,,,
영등포구,11560,영등포동1가,202606,오피스텔_전월세,소미여의도골드라인,영등포동1가,118,21.89,,22000,0,11,26,2020,갱신,26.07~28.07,21498.0,,,,
영등포구,11560,영등포동2가,202606,오피스텔_전월세,영등포 오피스텔,영등포동2가,29-58,20.6,,12200,0,8,25,2014,갱신,26.09~28.09,12200.0,,사용,,
영등포구,11560,양평동3가,202606,오피스텔_전월세,양평동 대우이안1,양평동3가,53,73.09,,56000,20,9,24,2005,신규,26.08~28.08,,,,,
영등포구,11560,양평동3가,202606,오피스텔_전월세,그랜드타워,양평동3가,37-1,21.5,,20300,20,7,5,2020,신규,26.06~28.06,,,,,
영등포구,11560,양평동6가,202606,오피스텔_전월세,엠케이유앤미,양평동6가,82-1,28.73,,30000,20,8,24,2020,신규,26.08~28.08,,,,,
영등포구,11560,영등포동7가,202606,오피스텔_전월세,은석오피스텔,영등포동7가,94-57,25.41,,15800,5,8,24,2010,신규,26.07~28.07,,,,,
영등포구,11560,당산동,202606,오피스텔_전월세,여의도 아리스타,당산동,121-61,20.22,,10000,44,7,1,2021,갱신,26.08~27.08,10000.0,41.0,,,
영등포구,11560,영등포동1가,202606,오피스텔_전월세,여의도파크뷰,영등포동1가,97-5,37.24,,3000,150,9,10,2026,신규,26.06~27.06,,,,,
영등포구,11560,당산동2가,202606,오피스텔_전월세,미라클시티,당산동2가,12-2,28.6,,5000,135,5,4,2022,갱신,26.08~27.08,5000.0,130.0,,,
영등포구,11560,영등포동1가,202606,오피스텔_전월세,아테네,영등포동1가,57,18.6,,16200,0,5,9,,신규,26.08~28.10,,,,,
영등포구,11560,영등포동2가,202606,오피스텔_전월세,투프레이즈,영등포동2가,28-140,25.39,,25800,12,7,17,2024,갱신,26.08~27.08,25000.0,10.0,,,
영등포구,11560,당산동,202606,오피스텔_전월세,(121-126),당산동,121-126,20.4,,9000,14,5,11,1997,신규,26.07~28.07,,,,,
영등포구,11560,영등포동7가,202606,오피스텔_전월세,청호오피스텔,영등포동7가,94-187,17.1,,9450,6,3,22,2008,신규,26.07~28.07,,,,,
영등포구,11560,여의도동,202606,오피스텔_전월세,더하우스 소호 여의도 오피스텔,여의도동,17-9,23.63,,2000,110,8,1,2017,신규,26.06~27.06,,,,,
영등포구,11560,영등포동1가,202606,오피스텔_전월세,여의도리슈빌DS,영등포동1가,121-5,21.41,,16000,20,5,8,2020,신규,26.06~28.06,,,,,
영등포구,11560,영등포동1가,202606,오피스텔_전월세,여의도파크뷰,영등포동1가,97-5,37.24,,5000,140,7,6,2026,신규,26.06~27.06,,,,,
영등포구,11560,여의도동,202606,오피스텔_전월세,여의도 the샾 아일랜드 파크,여의도동,17,99.56,,100000,0,4,21,2006,신규,26.09~28.09,,,,,
영등포구,11560,당산동,202606,오피스텔_전월세,(121-126),당산동,121-126,21,,8630,8,1,10,1997,갱신,26.06~28.06,9345.0,2.0,,,
영등포구,11560,양평동2가,202606,오피스텔_전월세,오목교투웨니퍼스트,양평동2가,37-3,28.63,,25300,0,14,25,2017,신규,26.09~28.09,,,,,
영등포구,11560,문래동5가,202606,오피스텔_전월세,미림A클래스,문래동5가,20-10,25.9,,19000,0,3,24,2019,갱신,26.11~28.11,20000.0,,,,
영등포구,11560,양평동2가,202606,오피스텔_전월세,오목교투웨니퍼스트,양평동2가,37-3,28.63,,25900,0,14,25,2017,신규,26.09~28.09,,,,,
영등포구,11560,영등포동2가,202606,오피스텔_전월세,여의도 리브하임,영등포동2가,94-116,19.02,,20000,0,8,19,2022,신규,26.06~28.06,,,,,
영등포구,11560,문래동3가,202606,오피스텔_전월세,영등포 SK 리더스뷰,문래동3가,55-16,114.63,,70000,0,7,25,2007,신규,26.08~28.08,,,,,
영등포구,11560,당산동5가,202606,오피스텔_전월세,데시앙루브 오피스텔,당산동5가,8,24.97,,10000,60,2,25,2014,신규,26.06~28.06,,,,,
영등포구,11560,당산동5가,202606,오피스텔_전월세,데시앙루브 오피스텔,당산동5가,8,28.24,,20200,0,8,25,2014,신규,26.08~28.08,,,,,
영등포구,11560,양평동5가,202606,오피스텔_전월세,큐브스테이트,양평동5가,22-1,32.49,,28800,0,7,23,2018,갱신,26.08~28.08,27500.0,,,,
영등포구,11560,여의도동,202606,오피스텔_전월세,여의도 the샾 아일랜드 파크,여의도동,17,76.1,,84000,0,2,16,2006,갱신,26.06~28.06,80000.0,,사용,,
영등포구,11560,양평동2가,202606,오피스텔_전월세,CO-OP Residence/오목교,양평동2가,43-14,16.98,,500,47,12,17,2004,갱신,26.07~27.07,500.0,45.0,,,
영등포구,11560,당산동5가,202606,오피스텔_전월세,당산역해링턴타워,당산동5가,9-3,23.92,,1000,100,11,24,2015,신규,26.06~27.06,,,,,
영등포구,11560,당산동5가,202606,오피스텔_전월세,당산역해링턴타워,당산동5가,9-3,23.92,,15000,36,17,23,2015,갱신,26.08~28.08,15000.0,32.0,,,
영등포구,11560,신길동,202606,오피스텔_전월세,서경팰리스101,신길동,261-12,29.86,,22470,0,3,24,2021,신규,26.08~28.08,,,,,
영등포구,11560,당산동5가,202606,오피스텔_전월세,데시앙루브 오피스텔,당산동5가,8,28.24,,20200,20,14,1,2014,신규,26.06~28.06,,,,,
영등포구,11560,영등포동2가,202606,오피스텔_전월세,리코하이빌,영등포동2가,28-132,32.17,,30000,5,6,25,2023,갱신,26.07~28.07,30000.0,,,,
영등포구,11560,영등포동7가,202606,오피스텔_전월세,넥스빌Ⅱ,영등포동7가,94-297,20.53,,9000,5,3,5,2002,갱신,26.06~28.06,10500.0,,,,
영등포구,11560,여의도동,202606,오피스텔_전월세,더하우스 소호 여의도 오피스텔,여의도동,17-9,23.63,,23000,0,11,24,2017,신규,26.07~28.07,,,,,
영등포구,11560,도림동,202606,오피스텔_전월세,도림동 하나아파텔(1차),도림동,265-1,45.36,,2000,115,3,25,2003,신규,26.07~27.07,,,,,
영등포구,11560,당산동1가,202606,오피스텔_전월세,101,당산동1가,194-1,36.33,,26480,0,2,13,2019,갱신,26.07~28.07,26480.0,,,,
영등포구,11560,영등포동1가,202606,오피스텔_전월세,여의도파크뷰,영등포동1가,97-5,37.24,,5000,140,14,24,2026,신규,26.07~27.07,,,,,
영등포구,11560,영등포동7가,202606,오피스텔_전월세,위너스하임,영등포동7가,94-369,40.76,,25900,10,5,21,2017,갱신,26.07~27.07,25900.0,5.0,,,
영등포구,11560,영등포동7가,202606,오피스텔_전월세,영등포 리버텔,영등포동7가,94-64,27.75,,1000,65,4,20,2004,신규,26.06~27.06,,,,,
영등포구,11560,문래동6가,202606,오피스텔_전월세,문래파라곤 201동,문래동6가,16,81.32,,49350,0,12,23,2005,갱신,26.09~28.09,47000.0,,사용,,
영등포구,11560,영등포동2가,202606,오피스텔_전월세,(94-259),영등포동2가,94-259,18.32,,17000,0,7,24,2020,신규,26.07~28.07,,,,,
영등포구,11560,영등포동2가,202606,오피스텔_전월세,여의도 디앤써밋,영등포동2가,94-154,27.98,,23000,35,8,20,2019,신규,26.08~28.08,,,,,
영등포구,11560,양평동5가,202606,오피스텔_전월세,한강프리젠,양평동5가,94,29.96,,2000,115,3,4,,갱신,26.07~27.07,2000.0,110.0,,,
영등포구,11560,영등포동7가,202606,오피스텔_전월세,(94-420),영등포동7가,94-420,26.02,,200,120,9,20,2021,신규,26.06~26.09,,,,,
영등포구,11560,영등포동2가,202606,오피스텔_전월세,밀레니엄시티,영등포동2가,332-3,31.06,,3000,110,7,23,2018,신규,26.06~28.06,,,,,
영등포구,11560,도림동,202606,오피스텔_전월세,쌍용플래티넘시티1단지,도림동,820,86.54,,51500,0,7,24,2006,신규,26.07~27.07,,,,,
영등포구,11560,영등포동2가,202606,오피스텔_전월세,루브르하우스,영등포동2가,284-4,36.34,,25000,0,5,13,2018,신규,26.09~28.09,,,,,
영등포구,11560,양평동3가,202606,오피스텔_전월세,클라우드타워,양평동3가,37-2,21.5,,20000,16,3,23,2020,신규,26.07~28.07,,,,,
영등포구,11560,대림동,202606,오피스텔_전월세,신대림자이,대림동,1122,60.28,,3000,125,16,6,2007,갱신,26.07~27.07,3000.0,118.0,,,
영등포구,11560,영등포동7가,202606,오피스텔_전월세,루브르씨티,영등포동7가,94-52,21.01,,3000,85,4,6,2019,신규,26.06~27.06,,,,,
영등포구,11560,영등포동3가,202606,오피스텔_전월세,더-위일 신세계,영등포동3가,17-3,17.66,,1000,72,5,24,2020,갱신,26.08~27.08,1000.0,70.0,,,
영등포구,11560,영등포동2가,202606,오피스텔_전월세,여의도 해링턴타워 196,영등포동2가,175,18.1,,16300,14,6,5,2022,신규,26.09~28.08,,,,,
영등포구,11560,당산동1가,202606,오피스텔_전월세,더채움오피스텔,당산동1가,260,27.94,,26250,0,2,10,2020,갱신,26.07~28.07,26250.0,,,,
영등포구,11560,영등포동7가,202606,오피스텔_전월세,여의도써밋,영등포동7가,29-42,17.46,,22250,1,6,23,2021,갱신,26.09~28.09,21500.0,,,,
영등포구,11560,여의도동,202606,오피스텔_전월세,(주)신한 여의도 드림리버 오피스텔,여의도동,12-3,24.5,,1000,98,13,10,2019,갱신,26.06~27.06,1000.0,96.0,사용,,
영등포구,11560,영등포동1가,202606,오피스텔_전월세,소미여의도골드라인,영등포동1가,118,22.51,,19700,0,4,13,2020,신규,26.07~28.07,,,,,
영등포구,11560,영등포동3가,202606,오피스텔_전월세,여의시티파크 B동,영등포동3가,27,36.08,,26000,0,6,23,2020,신규,26.07~28.07,,,,,
영등포구,11560,영등포동7가,202606,오피스텔_전월세,더 퍼스트,영등포동7가,94-62,38.28,,27000,0,2,23,2018,신규,26.08~28.08,,,,,
영등포구,11560,영등포동7가,202606,오피스텔_전월세,여의도 웨스턴 힐 오피스텔,영등포동7가,104-5,17.38,,21600,0,9,23,2022,갱신,26.07~28.07,21600.0,,,,
영등포구,11560,당산동,202606,오피스텔_전월세,오피디움,당산동,121-261,25.62,,20000,38,7,23,2019,신규,26.07~28.07,,,,,
영등포구,11560,영등포동1가,202606,오피스텔_전월세,여의도스퀘어,영등포동1가,99,25.08,,16300,0,8,20,2019,신규,26.08~28.08,,,,,
영등포구,11560,영등포동2가,202606,오피스텔_전월세,여의샛강 소미골드5차,영등포동2가,214,22.58,,23500,0,8,15,2022,갱신,26.06~27.06,23500.0,,,,
영등포구,11560,영등포동1가,202606,오피스텔_전월세,팰리스페트라,영등포동1가,24,21.28,,13800,14,7,13,2017,갱신,26.08~28.08,13000.0,15.0,,,
영등포구,11560,문래동6가,202606,오피스텔_전월세,문래동 현대홈시티2,문래동6가,2-2,57.06,,30000,40,2,23,2004,신규,26.09~28.09,,,,,
영등포구,11560,영등포동1가,202606,오피스텔_전월세,여의도파크뷰,영등포동1가,97-5,43.36,,5000,130,11,10,2026,신규,26.06~27.06,,,,,
영등포구,11560,당산동,202606,오피스텔_전월세,한산 오피스텔,당산동,121-44,23.36,,1000,49,4,23,2010,신규,26.07~27.07,,,,,
영등포구,11560,영등포동7가,202606,오피스텔_전월세,은석오피스텔,영등포동7가,94-57,18.81,,11300,13,4,23,2010,갱신,26.07~28.07,1000.0,54.0,,,
영등포구,11560,영등포동2가,202606,오피스텔_전월세,(94-259),영등포동2가,94-259,21.26,,16170,0,3,23,2020,갱신,26.06~28.06,15400.0,,사용,,
영등포구,11560,신길동,202606,오피스텔_전월세,도노펠리체,신길동,65-10,13.29,,17700,5,11,22,2019,갱신,26.06~28.06,18500.0,,,,
영등포구,11560,도림동,202606,오피스텔_전월세,쌍용플래티넘시티1단지,도림동,820,62.42,,3000,160,5,21,2006,신규,26.09~27.09,,,,,
영등포구,11560,도림동,202606,오피스텔_전월세,도림동  디에이원파크,도림동,229-2,29.48,,31000,0,3,23,2024,신규,26.07~28.07,,,,,
영등포구,11560,영등포동7가,202606,오피스텔_전월세,여의도 웨스턴 힐 오피스텔,영등포동7가,104-5,17.38,,10000,53,9,6,2022,갱신,26.06~28.06,10000.0,49.0,사용,,
영등포구,11560,영등포동7가,202606,오피스텔_전월세,한가람 더원,영등포동7가,94-328,23.43,,24000,2,9,23,2020,갱신,26.07~28.07,24000.0,2.0,,,
영등포구,11560,당산동,202606,오피스텔_전월세,서진오피스텔,당산동,121-118,34.2,,2000,50,3,10,2003,신규,26.08~28.08,,,,,
영등포구,11560,신길동,202606,오피스텔_전월세,JS타워,신길동,236,29.5,,2000,120,13,22,2024,신규,26.06~27.06,,,,,
영등포구,11560,문래동3가,202606,오피스텔_전월세,디 아인스,문래동3가,82-10,34.9,,23300,0,3,18,2016,신규,26.06~28.06,,,,,
영등포구,11560,양평동3가,202606,오피스텔_전월세,더라임,양평동3가,37-3,25.23,,27400,7,4,20,2020,신규,26.08~28.08,,,,,
영등포구,11560,당산동5가,202606,오피스텔_전월세,데시앙루브 오피스텔,당산동5가,8,28.24,,20200,0,9,23,2014,신규,26.08~28.08,,,,,
영등포구,11560,양평동5가,202606,오피스텔_전월세,에듀시티에비앙,양평동5가,51,28.6,,27200,0,3,22,2017,신규,26.08~28.08,,,,,
영등포구,11560,영등포동2가,202606,오피스텔_전월세,여의도 리브하임,영등포동2가,94-116,19.02,,20000,0,14,18,2022,갱신,26.07~27.07,20000.0,,,,
영등포구,11560,문래동6가,202606,오피스텔_전월세,문래동 대우 이안,문래동6가,26,56.1,,38800,0,11,13,2004,갱신,26.07~28.07,37000.0,,사용,,
영등포구,11560,양평동2가,202606,오피스텔_전월세,디에이원파크,양평동2가,43-11,29.56,,2000,120,12,20,2017,신규,26.06~28.06,,,,,
영등포구,11560,영등포동4가,202606,오피스텔_전월세,디타워,영등포동4가,117-1,16.56,,10300,8,5,22,2020,신규,26.08~28.08,,,,,
영등포구,11560,영등포동6가,202606,오피스텔_전월세,케이디타워,영등포동6가,127-11,28.84,,29000,0,10,18,2023,갱신,26.07~28.07,27900.0,,,,
영등포구,11560,영등포동2가,202606,오피스텔_전월세,여의도 디앤써밋,영등포동2가,94-154,27.98,,23000,15,6,22,2019,신규,26.06~28.06,,,,,
영등포구,11560,영등포동3가,202606,오피스텔_전월세,여의도 포레스트 시티,영등포동3가,4-1,18.56,,18000,0,15,9,2021,신규,26.07~28.07,,,,,
영등포구,11560,영등포동7가,202606,오피스텔_전월세,은석오피스텔,영등포동7가,94-57,18.81,,11800,11,4,22,2010,갱신,26.07~28.07,1000.0,54.0,,,
영등포구,11560,영등포동2가,202606,오피스텔_전월세,여의샛강 소미골드5차,영등포동2가,214,22.58,,22500,0,7,23,2022,신규,26.08~28.08,,,,,
영등포구,11560,당산동2가,202606,오피스텔_전월세,씨티타워,당산동2가,11-2,21.1,,10800,0,6,22,2003,신규,26.07~28.07,,,,,
영등포구,11560,영등포동2가,202606,오피스텔_전월세,(94-259),영등포동2가,94-259,18.32,,16800,5,5,23,2020,갱신,26.07~28.07,17100.0,,사용,,
영등포구,11560,당산동1가,202606,오피스텔_전월세,더채움오피스텔,당산동1가,260,27.94,,27200,5,7,22,2020,갱신,26.07~28.07,27200.0,,사용,,
영등포구,11560,문래동6가,202606,오피스텔_전월세,문래임광그대가,문래동6가,8,85.26,,15000,110,14,18,2005,갱신,26.07~28.07,15000.0,100.0,사용,,
영등포구,11560,양평동3가,202606,오피스텔_전월세,양평동 대우이안1,양평동3가,53,94.1,,50000,10,7,11,2005,갱신,26.06~28.06,45000.0,,,,
영등포구,11560,신길동,202606,오피스텔_전월세,JS타워,신길동,236,29.5,,1000,130,12,12,2024,신규,26.06~27.06,,,,,
영등포구,11560,여의도동,202606,오피스텔_전월세,맨하탄21리빙텔,여의도동,13-21,41.58,,15000,0,5,19,2001,신규,26.07~28.07,,,,,
영등포구,11560,당산동3가,202606,오피스텔_전월세,제이스빌,당산동3가,498,18.62,,1000,63,5,13,2002,신규,26.06~28.06,,,,,
영등포구,11560,영등포동2가,202606,오피스텔_전월세,(94-126),영등포동2가,94-126,18.48,,12000,25,4,17,2016,신규,26.07~28.07,,,,,
영등포구,11560,영등포동2가,202606,오피스텔_전월세,명화오피스텔,영등포동2가,94-212,48.43,,26500,0,5,9,2017,신규,26.08~28.08,,,,,
영등포구,11560,문래동6가,202606,오피스텔_전월세,문래임광그대가,문래동6가,8,75.53,,3000,150,12,4,2005,신규,26.06~28.06,,,,,
영등포구,11560,양평동2가,202606,오피스텔_전월세,비바체더리버파크,양평동2가,42,24.98,,3000,135,7,4,2024,신규,26.07~28.07,,,,,
영등포구,11560,도림동,202606,오피스텔_전월세,도림동 하나 아파텔(2차),도림동,265-8,30.87,,2000,90,4,6,2003,신규,26.06~28.06,,,,,
영등포구,11560,영등포동4가,202606,오피스텔_전월세,영등포 센트럴 푸르지오 시티,영등포동4가,443,29.75,,1000,105,10,19,2013,갱신,26.06~27.06,1000.0,85.0,,,
영등포구,11560,양평동2가,202606,오피스텔_전월세,신동아하이팰리스,양평동2가,1-1,71.47,,42000,0,15,4,2005,갱신,26.06~28.06,41500.0,,사용,,
영등포구,11560,양평동5가,202606,오피스텔_전월세,선유도역 마들렌 오피스텔,양평동5가,24-1,29.41,,13000,40,9,22,2021,신규,26.07~28.07,,,,,
영등포구,11560,당산동2가,202606,오피스텔_전월세,씨티타워,당산동2가,11-2,21,,9000,0,6,22,2003,신규,26.07~28.07,,,,,
영등포구,11560,영등포동7가,202606,오피스텔_전월세,넥스빌Ⅱ,영등포동7가,94-297,20.53,,1000,50,5,5,2002,신규,26.06~27.06,,,,,
영등포구,11560,당산동3가,202606,오피스텔_전월세,당산파크뷰,당산동3가,398-1,17.42,,5000,94,7,20,2022,신규,26.09~28.08,,,,,
영등포구,11560,당산동,202606,오피스텔_전월세,신현빌5차,당산동,121-163,23.14,,25000,0,6,22,2020,신규,26.08~28.08,,,,,
영등포구,11560,당산동,202606,오피스텔_전월세,리오팰리스,당산동,121-81,34.48,,3000,83,9,12,2015,신규,26.06~28.06,,,,,
영등포구,11560,당산동4가,202606,오피스텔_전월세,(37-4),당산동4가,37-4,15.84,,1000,60,1,22,2003,신규,26.06~28.06,,,,,
영등포구,11560,영등포동7가,202606,오피스텔_전월세,영등포 리버텔,영등포동7가,94-64,29.19,,1000,70,2,17,2004,신규,26.06~28.06,,,,,
영등포구,11560,영등포동2가,202606,오피스텔_전월세,루브르하우스,영등포동2가,284-4,33.46,,26000,0,5,22,2018,신규,26.07~28.07,,,,,
영등포구,11560,당산동5가,202606,오피스텔_전월세,당산 삼성쉐르빌,당산동5가,9-2,25.07,,17550,27,5,20,2013,신규,26.07~28.07,,,,,
영등포구,11560,영등포동3가,202606,오피스텔_전월세,더베슬,영등포동3가,26,27.97,,5000,115,7,21,2023,신규,26.06~28.06,,,,,
영등포구,11560,당산동5가,202606,오피스텔_전월세,당산역해링턴타워,당산동5가,9-3,23.92,,18000,28,14,13,2015,신규,26.07~28.07,,,,,
영등포구,11560,당산동5가,202606,오피스텔_전월세,데시앙루브 오피스텔,당산동5가,8,28.24,,20000,25,13,20,2014,신규,26.07~28.07,,,,,
영등포구,11560,영등포동7가,202606,오피스텔_전월세,여의도 웨스턴 힐 오피스텔,영등포동7가,104-5,17.38,,21000,0,3,20,2022,신규,26.07~28.07,,,,,
영등포구,11560,당산동5가,202606,오피스텔_전월세,당산역해링턴타워,당산동5가,9-3,26.56,,10000,70,11,22,2015,갱신,26.07~28.07,10000.0,65.0,,,
영등포구,11560,당산동6가,202606,오피스텔_전월세,소미 더클래스 한강,당산동6가,341-1,36.88,,48000,0,6,22,2023,신규,26.07~28.07,,,,,
영등포구,11560,여의도동,202606,오피스텔_전월세,민족통일 대통령 리빙텔,여의도동,13-24,32.76,,5000,75,3,13,2003,신규,26.06~28.06,,,,,
영등포구,11560,당산동6가,202606,오피스텔_전월세,위너스하임,당산동6가,280-10,36.04,,30000,5,3,15,2017,신규,26.09~28.09,,,,,
영등포구,11560,당산동4가,202606,오피스텔_전월세,(32-31),당산동4가,32-31,24.5,,1000,53,4,20,2003,갱신,26.07~27.06,1000.0,50.0,사용,,
영등포구,11560,당산동,202606,오피스텔_전월세,갤럭시타워,당산동,121-159,21.15,,5000,53,8,19,2014,갱신,26.06~27.06,4000.0,53.0,,,
영등포구,11560,양평동5가,202606,오피스텔_전월세,선유도역 마들렌 오피스텔,양평동5가,24-1,25.82,,19000,0,6,20,2021,신규,26.09~28.09,,,,,
영등포구,11560,신길동,202606,오피스텔_전월세,JS타워,신길동,236,29.5,,2000,120,14,10,2024,신규,26.06~27.06,,,,,
영등포구,11560,신길동,202606,오피스텔_전월세,정원쉐르빌,신길동,235-4,15.61,,11000,10,6,18,2014,신규,26.07~28.07,,,,,
영등포구,11560,영등포동2가,202606,오피스텔_전월세,루브르하우스,영등포동2가,284-4,33.46,,26000,0,5,21,2018,신규,26.07~28.07,,,,,
영등포구,11560,영등포동1가,202606,오피스텔_전월세,아테네,영등포동1가,57,17.15,,14400,0,2,19,,신규,26.08~28.08,,,,,
영등포구,11560,영등포동3가,202606,오피스텔_전월세,제이디에스,영등포동3가,5-8,19.12,,20000,8,11,20,2021,신규,26.06~28.06,,,,,
영등포구,11560,영등포동2가,202606,오피스텔_전월세,현대팰리스,영등포동2가,28-138,53.23,,36450,0,4,21,2016,신규,26.08~28.08,,,,,
영등포구,11560,당산동4가,202606,오피스텔_전월세,코오롱 스타폴리스,당산동4가,1-2,40.28,,21000,0,3,21,2005,신규,26.08~28.08,,,,,
영등포구,11560,영등포동3가,202606,오피스텔_전월세,제이디에스,영등포동3가,5-8,20.36,,23000,0,11,20,2021,신규,26.07~28.07,,,,,
영등포구,11560,영등포동1가,202606,오피스텔_전월세,여의도더리브스타일,영등포동1가,94-2,41.65,,40500,14,15,19,2020,신규,26.07~28.07,,,,,
영등포구,11560,도림동,202606,오피스텔_전월세,도림동  디에이원파크,도림동,229-2,29.47,,30000,0,2,20,2024,신규,26.07~28.07,,,,,
영등포구,11560,도림동,202606,오피스텔_전월세,도림동 하나 아파텔(2차),도림동,265-8,30.87,,13500,35,7,20,2003,신규,26.09~28.09,,,,,
영등포구,11560,영등포동4가,202606,오피스텔_전월세,영등포 센트럴 푸르지오 시티,영등포동4가,443,29.61,,1000,100,4,19,2013,신규,26.06~28.06,,,,,
영등포구,11560,문래동6가,202606,오피스텔_전월세,문래동 대우 이안,문래동6가,26,56.1,,38000,0,7,20,2004,신규,26.08~28.08,,,,,
영등포구,11560,도림동,202606,오피스텔_전월세,도림동 하나아파텔(1차),도림동,265-1,30.24,,6000,46,4,5,2003,신규,26.06~28.06,,,,,
영등포구,11560,양평동3가,202606,오피스텔_전월세,양평동 대우이안2,양평동3가,54,82.02,,36000,65,8,18,2005,신규,26.07~28.07,,,,,
영등포구,11560,영등포동4가,202606,오피스텔_전월세,HIGHEND 63st,영등포동4가,55,39.73,,3000,190,5,18,2023,신규,26.06~27.06,,,,,
영등포구,11560,당산동,202606,오피스텔_전월세,더 실크,당산동,121-132,26.28,,1000,70,5,17,2013,갱신,26.07~27.07,1000.0,70.0,,,
영등포구,11560,영등포동3가,202606,오피스텔_전월세,여의도 센트럴 큐브스테이트,영등포동3가,1-6,32.72,,5000,160,16,12,2023,신규,26.06~28.06,,,,,
영등포구,11560,영등포동1가,202606,오피스텔_전월세,소미여의도골드라인,영등포동1가,118,22.51,,4000,60,5,18,2020,신규,26.07~28.07,,,,,
영등포구,11560,양평동3가,202606,오피스텔_전월세,양평동갤럭시오피스텔,양평동3가,56-5,29.5,,26300,0,9,16,2017,갱신,26.06~28.06,26800.0,,,,
영등포구,11560,영등포동2가,202606,오피스텔_전월세,투프레이즈,영등포동2가,28-140,25.39,,26800,0,8,11,2024,갱신,26.07~28.07,26000.0,,,,
영등포구,11560,여의도동,202606,오피스텔_전월세,여의도 the샾 아일랜드 파크,여의도동,17,88.7,,93400,0,9,13,2006,갱신,26.08~28.08,89000.0,,사용,,
영등포구,11560,당산동,202606,오피스텔_전월세,소미골드라인III,당산동,121-75,37.86,,28100,0,5,19,2019,신규,26.07~28.07,,,,,
영등포구,11560,당산동5가,202606,오피스텔_전월세,당산역해링턴타워,당산동5가,9-3,23.92,,2000,90,17,18,2015,신규,26.08~27.08,,,,,
영등포구,11560,신길동,202606,오피스텔_전월세,JS타워,신길동,236,29.5,,1000,130,9,2,2024,신규,26.06~27.06,,,,,
영등포구,11560,영등포동7가,202606,오피스텔_전월세,미진오피스텔,영등포동7가,94-50,23.36,,9000,25,4,5,2019,갱신,26.07~28.07,9000.0,23.0,,,
영등포구,11560,신길동,202606,오피스텔_전월세,JS타워,신길동,236,29.5,,2000,120,10,4,2024,신규,26.06~27.06,,,,,
영등포구,11560,영등포동2가,202606,오피스텔_전월세,여의도 해링턴타워 196,영등포동2가,175,18.1,,18000,25,14,17,2022,신규,26.07~28.07,,,,,
영등포구,11560,당산동6가,202606,오피스텔_전월세,한강 더채움,당산동6가,280-1,57.69,,58000,0,4,16,2022,신규,26.08~28.08,,,,,
영등포구,11560,당산동6가,202606,오피스텔_전월세,(335-4),당산동6가,335-4,35.58,,17000,0,6,17,1998,신규,26.09~28.09,,,,,
영등포구,11560,양평동3가,202606,오피스텔_전월세,양평동 우림보보카운티 오피스텔,양평동3가,17-1,16.25,,500,50,5,18,2003,신규,26.06~27.06,,,,,
영등포구,11560,여의도동,202606,오피스텔_전월세,여의도 the샾 아일랜드 파크,여의도동,17,130.27,,118000,0,7,11,2006,갱신,26.08~28.08,115000.0,,,,
영등포구,11560,영등포동6가,202606,오피스텔_전월세,퀸즈하우스,영등포동6가,96-6,22.36,,20000,13,2,18,2018,갱신,26.08~27.08,19000.0,13.0,,,
영등포구,11560,당산동,202606,오피스텔_전월세,당산오피스텔,당산동,121-110,25.2,,12400,15,4,19,2001,신규,26.07~28.07,,,,,
영등포구,11560,당산동,202606,오피스텔_전월세,여의도 아리스타,당산동,121-61,19.93,,16650,25,15,17,2021,신규,26.07~28.07,,,,,
영등포구,11560,양평동2가,202606,오피스텔_전월세,오목교투웨니퍼스트,양평동2가,37-3,28.63,,26100,0,8,15,2017,갱신,26.07~28.07,27500.0,,사용,,
영등포구,11560,당산동,202606,오피스텔_전월세,노들리안 오피스텔1,당산동,121-141,29.31,,10000,25,10,19,2011,갱신,26.06~28.06,10000.0,25.0,,,
영등포구,11560,영등포동3가,202606,오피스텔_전월세,제이디에스,영등포동3가,5-8,19.12,,20500,0,11,19,2021,갱신,26.08~28.08,20000.0,,,,
영등포구,11560,양평동4가,202606,오피스텔_전월세,아트리버타운,양평동4가,32-6,35.96,,22700,6,3,18,2015,갱신,26.08~28.08,22700.0,6.0,,,
영등포구,11560,당산동,202606,오피스텔_전월세,한산 오피스텔,당산동,121-44,21.9,,2000,46,7,5,2010,신규,26.06~27.06,,,,,
영등포구,11560,도림동,202606,오피스텔_전월세,타원벨라움,도림동,266-2,28.22,,1000,65,8,9,2004,신규,26.07~27.07,,,,,
영등포구,11560,영등포동7가,202606,오피스텔_전월세,여의도써밋,영등포동7가,29-42,17.42,,100,90,8,13,2021,신규,26.07~26.09,,,,,
영등포구,11560,신길동,202606,오피스텔_전월세,도노펠리체,신길동,65-10,13.29,,17500,5,10,10,2019,갱신,26.07~28.07,17500.0,,,,
영등포구,11560,도림동,202606,오피스텔_전월세,대우미래사랑,도림동,819,29.57,,8000,45,8,19,2004,신규,26.07~27.07,,,,,
영등포구,11560,양평동1가,202606,오피스텔_전월세,(208-1),양평동1가,208-1,30.22,,6114,6,3,18,2021,갱신,26.07~28.06,2430.0,25.0,,,
영등포구,11560,양평동3가,202606,오피스텔_전월세,양평동갤럭시오피스텔,양평동3가,56-5,29.5,,24100,0,10,16,2017,갱신,26.06~28.06,24100.0,,,,
영등포구,11560,영등포동2가,202606,오피스텔_전월세,여의도 디앤써밋,영등포동2가,94-154,17.12,,1000,76,10,17,2019,갱신,26.06~27.06,1000.0,73.0,,,
영등포구,11560,영등포동1가,202606,오피스텔_전월세,명남더블레스,영등포동1가,121-3,17.63,,19530,0,13,19,2021,갱신,26.08~28.08,18600.0,,사용,,
영등포구,11560,영등포동2가,202606,오피스텔_전월세,여의도 리브하임,영등포동2가,94-116,19.02,,21000,0,13,18,2022,신규,26.07~28.07,,,,,
영등포구,11560,당산동6가,202606,오피스텔_전월세,한강 더채움,당산동6가,280-1,57.69,,30000,130,3,17,2022,신규,26.08~28.08,,,,,
영등포구,11560,양평동6가,202606,오피스텔_전월세,선유도역 더블파크 투웨니퍼스트,양평동6가,94,28.42,,16000,65,6,18,2020,신규,26.07~28.07,,,,,
영등포구,11560,영등포동2가,202606,오피스텔_전월세,다보스텔,영등포동2가,328-1,25.55,,3000,110,5,18,2022,신규,26.07~27.07,,,,,
영등포구,11560,신길동,202606,오피스텔_전월세,클래시안 아이비,신길동,236-7,41.05,,5000,150,7,6,2023,신규,26.07~28.07,,,,,
영등포구,11560,영등포동1가,202606,오피스텔_전월세,대승프린스텔,영등포동1가,20-1,14.4,,7100,2,9,6,2001,갱신,26.08~28.08,7500.0,,,,
영등포구,11560,문래동6가,202606,오피스텔_전월세,문래파라곤 201동,문래동6가,16,84.65,,51400,0,14,18,2005,갱신,26.07~28.07,49000.0,,사용,,
영등포구,11560,양평동2가,202606,오피스텔_전월세,비바체더리버파크,양평동2가,42,27.22,,2000,150,13,18,2024,신규,26.07~28.07,,,,,
영등포구,11560,영등포동1가,202606,오피스텔_전월세,여의도파크뷰,영등포동1가,97-5,37.24,,3000,150,11,2,2026,신규,26.06~28.06,,,,,
영등포구,11560,영등포동7가,202606,오피스텔_전월세,아크로조인,영등포동7가,94-299,42.03,,29700,5,7,17,2018,신규,26.08~28.08,,,,,
영등포구,11560,양평동6가,202606,오피스텔_전월세,선유도역 더블파크 투웨니퍼스트,양평동6가,94,28.42,,1000,115,7,13,2020,신규,26.07~27.07,,,,,
영등포구,11560,영등포동3가,202606,오피스텔_전월세,WD스퀘어,영등포동3가,20,16.83,,14000,10,12,18,2020,신규,26.07~28.07,,,,,
영등포구,11560,영등포동2가,202606,오피스텔_전월세,여의도 디앤써밋,영등포동2가,94-154,27.98,,23300,13,13,18,2019,신규,26.07~28.07,,,,,
영등포구,11560,영등포동2가,202606,오피스텔_전월세,다보스텔,영등포동2가,328-1,19.89,,3000,90,8,18,2022,신규,26.07~28.07,,,,,
영등포구,11560,당산동,202606,오피스텔_전월세,소미골드라인III,당산동,121-75,36.55,,29000,0,5,18,2019,신규,26.08~28.08,,,,,
영등포구,11560,영등포동2가,202606,오피스텔_전월세,리치스퀘어,영등포동2가,28-114,32.46,,26300,5,3,17,2020,갱신,26.06~27.06,26851.0,5.0,,,
영등포구,11560,영등포동1가,202606,오피스텔_전월세,여의도리슈빌DS,영등포동1가,121-5,21.41,,12000,45,8,4,2020,신규,26.07~28.07,,,,,
영등포구,11560,영등포동3가,202606,오피스텔_전월세,여의도 하이엔드 퍼스트,영등포동3가,1-1,45.04,,2000,210,17,4,2025,신규,26.07~28.07,,,,,
영등포구,11560,당산동,202606,오피스텔_전월세,여의도 아리스타,당산동,121-61,19.93,,1000,100,6,10,2021,신규,26.07~27.07,,,,,
영등포구,11560,영등포동2가,202606,오피스텔_전월세,투프레이즈,영등포동2가,28-140,25.21,,5000,105,6,18,2024,신규,26.07~27.07,,,,,
영등포구,11560,양평동3가,202606,오피스텔_전월세,양평동 대우이안1,양평동3가,53,74.17,,42500,0,11,17,2005,신규,26.09~27.09,,,,,
영등포구,11560,영등포동2가,202606,오피스텔_전월세,여의도 리브하임,영등포동2가,94-116,19.02,,19400,0,3,17,2022,신규,26.07~28.06,,,,,
영등포구,11560,양평동4가,202606,오피스텔_전월세,동원에이스뷰3차,양평동4가,270-1,36.66,,30000,0,2,17,2020,신규,26.09~28.09,,,,,
영등포구,11560,양평동3가,202606,오피스텔_전월세,에버하임,양평동3가,56,31.66,,33700,0,12,17,2021,신규,26.07~28.07,,,,,
영등포구,11560,당산동3가,202606,오피스텔_전월세,더하우스,당산동3가,1-7,29.54,,30000,25,8,13,2023,갱신,26.07~27.11,30000.0,25.0,사용,,
영등포구,11560,영등포동2가,202606,오피스텔_전월세,라센트라,영등포동2가,256,27.6,,4000,100,8,10,2021,신규,26.06~28.06,,,,,
영등포구,11560,영등포동2가,202606,오피스텔_전월세,블루오션,영등포동2가,28-119,20.16,,6000,40,3,8,2019,신규,26.08~27.08,,,,,
영등포구,11560,문래동6가,202606,오피스텔_전월세,문래파라곤 201동,문래동6가,16,81.24,,6000,165,9,17,2005,갱신,26.06~28.06,6000.0,137.0,,,
영등포구,11560,당산동5가,202606,오피스텔_전월세,태림빌,당산동5가,34,24.02,,2000,48,4,11,2002,신규,26.06~27.06,,,,,
영등포구,11560,신길동,202606,오피스텔_전월세,JS타워,신길동,236,29.5,,2000,120,10,3,2024,신규,26.06~27.06,,,,,
영등포구,11560,영등포동1가,202606,오피스텔_전월세,여의도스퀘어,영등포동1가,99,28.38,,20000,0,12,8,2019,신규,26.07~28.07,,,,,
영등포구,11560,당산동6가,202606,오피스텔_전월세,헤세드,당산동6가,237-34,32.79,,5000,160,6,15,2024,신규,26.06~27.06,,,,,
영등포구,11560,영등포동4가,202606,오피스텔_전월세,영등포 대성 그랑그루,영등포동4가,103,16.69,,500,68,3,13,2012,신규,26.06~27.06,,,,,
영등포구,11560,양평동6가,202606,오피스텔_전월세,금강노블레스,양평동6가,81,31.45,,35500,0,7,17,2022,갱신,26.08~28.07,34500.0,,사용,,
영등포구,11560,영등포동2가,202606,오피스텔_전월세,다보스텔,영등포동2가,328-1,19.91,,3000,90,3,16,2022,신규,26.06~27.06,,,,,
영등포구,11560,당산동,202606,오피스텔_전월세,현대뉴스타오피스텔,당산동,121-107,29.88,,9370,0,4,17,1993,갱신,26.07~28.07,9370.0,,사용,,
영등포구,11560,문래동3가,202606,오피스텔_전월세,문래동메가트리움,문래동3가,55-4,99.53,,71000,0,17,4,,갱신,26.07~28.07,68000.0,,사용,,
영등포구,11560,영등포동1가,202606,오피스텔_전월세,여의도리슈빌DS,영등포동1가,121-5,21.41,,16000,20,8,16,2020,신규,26.07~28.07,,,,,
영등포구,11560,양평동1가,202606,오피스텔_전월세,양평바로지음,양평동1가,31-7,23.37,,6658,22,3,17,2022,갱신,26.07~28.06,200.0,44.0,,,
영등포구,11560,신길동,202606,오피스텔_전월세,정원쉐르빌,신길동,235-4,15.61,,10500,13,8,13,2014,신규,26.07~28.07,,,,,
영등포구,11560,당산동4가,202606,오피스텔_전월세,(37-4),당산동4가,37-4,15.68,,3000,55,4,13,2003,신규,26.06~27.06,,,,,
영등포구,11560,영등포동3가,202606,오피스텔_전월세,영등포 점프밀라노,영등포동3가,7,30.81,,17500,0,11,14,2005,신규,26.07~28.07,,,,,
영등포구,11560,당산동3가,202606,오피스텔_전월세,더하우스,당산동3가,1-7,39.67,,40000,18,2,13,2023,갱신,26.07~28.07,40000.0,10.0,사용,,
영등포구,11560,영등포동3가,202606,오피스텔_전월세,영등포 점프밀라노,영등포동3가,7,37.05,,15750,20,11,16,2005,갱신,26.07~27.07,15750.0,,,,
영등포구,11560,영등포동2가,202606,오피스텔_전월세,투프레이즈,영등포동2가,28-140,25.21,,25200,10,2,10,2024,갱신,26.06~28.06,24000.0,10.0,,,
영등포구,11560,영등포동2가,202606,오피스텔_전월세,여의도 디앤써밋,영등포동2가,94-154,27.98,,22500,24,9,17,2019,신규,26.08~28.08,,,,,
영등포구,11560,당산동,202606,오피스텔_전월세,신성월드오피스텔,당산동,121-112,23.56,,1000,69,2,17,1998,갱신,26.07~27.07,1000.0,65.0,,,
영등포구,11560,여의도동,202606,오피스텔_전월세,(주)신한 여의도 드림리버 오피스텔,여의도동,12-3,24.5,,22000,30,6,17,2019,신규,26.07~27.06,,,,,
영등포구,11560,당산동3가,202606,오피스텔_전월세,당산파크뷰,당산동3가,398-1,17.42,,5000,85,2,8,2022,신규,26.07~28.07,,,,,
영등포구,11560,문래동6가,202606,오피스텔_전월세,문래투웨니퍼스트,문래동6가,29-1,27.59,,2000,120,7,2,2018,신규,26.06~27.06,,,,,
영등포구,11560,영등포동8가,202606,오피스텔_전월세,엠캐슬150,영등포동8가,65-1,17.58,,22500,0,5,16,2024,신규,26.07~28.07,,,,,
영등포구,11560,여의도동,202606,오피스텔_전월세,나라키움여의도빌딩,여의도동,55-2,22.89,,1020,93,10,5,2018,갱신,26.06~28.06,1000.0,92.0,사용,,
영등포구,11560,양평동3가,202606,오피스텔_전월세,양평동갤럭시오피스텔,양평동3가,56-5,29.5,,25800,10,10,17,2017,갱신,26.07~28.07,25800.0,5.0,사용,,
영등포구,11560,여의도동,202606,오피스텔_전월세,(주)신한 여의도 드림리버 오피스텔,여의도동,12-3,29.59,,32000,6,10,16,2019,갱신,26.06~27.06,32000.0,,,,
영등포구,11560,양평동3가,202606,오피스텔_전월세,양평동 우림보보카운티 오피스텔,양평동3가,17-1,16.25,,2000,50,7,13,2003,신규,26.07~28.07,,,,,
영등포구,11560,여의도동,202606,오피스텔_전월세,나라키움여의도빌딩,여의도동,55-2,41.22,,2000,154,7,5,2018,갱신,26.06~28.06,2000.0,149.0,사용,,
영등포구,11560,양평동5가,202606,오피스텔_전월세,에듀시티에비앙,양평동5가,51,28.6,,20000,51,11,15,2017,갱신,26.07~28.07,20000.0,45.0,사용,,
영등포구,11560,문래동6가,202606,오피스텔_전월세,문래동 대우 이안,문래동6가,26,71.52,,43000,0,8,16,2004,신규,26.08~28.08,,,,,
영등포구,11560,당산동3가,202606,오피스텔_전월세,리앤나빌리지,당산동3가,80-1,30.85,,1000,80,4,16,2004,신규,26.08~27.08,,,,,
영등포구,11560,여의도동,202606,오피스텔_전월세,나라키움여의도빌딩,여의도동,55-2,22.81,,1030,94,14,5,2018,갱신,26.07~28.07,1000.0,92.0,사용,,
영등포구,11560,당산동5가,202606,오피스텔_전월세,데시앙루브 오피스텔,당산동5가,8,23.83,,1000,88,9,17,2014,신규,26.07~27.07,,,,,
영등포구,11560,문래동6가,202606,오피스텔_전월세,문래투웨니퍼스트,문래동6가,29-1,27.59,,1000,100,3,15,2018,신규,26.07~28.07,,,,,
영등포구,11560,영등포동8가,202606,오피스텔_전월세,한양아이클래스 오피스텔,영등포동8가,42-1,19.86,,11155,18,5,16,2014,신규,26.07~27.06,,,,,
영등포구,11560,신길동,202606,오피스텔_전월세,JS타워,신길동,236,29.5,,2000,120,12,13,2024,신규,26.06~27.06,,,,,
영등포구,11560,당산동4가,202606,오피스텔_전월세,T-ville,당산동4가,32-96,22.89,,2000,90,3,8,2023,신규,26.06~28.06,,,,,
영등포구,11560,영등포동2가,202606,오피스텔_전월세,여의도 미르웰 한올림 2차 오피스텔,영등포동2가,328-11,14.53,,3000,58,7,16,2018,신규,26.07~27.07,,,,,
영등포구,11560,영등포동2가,202606,오피스텔_전월세,여의도 미르웰 한올림 2차 오피스텔,영등포동2가,328-11,14.53,,12000,15,6,15,2018,신규,26.07~28.07,,,,,
영등포구,11560,신길동,202606,오피스텔_전월세,JS타워,신길동,236,29.5,,1000,130,12,2,2024,신규,26.06~27.06,,,,,
영등포구,11560,대림동,202606,오피스텔_전월세,G밸리소홈,대림동,1101-7,20.21,,11900,0,4,15,2018,신규,26.07~28.07,,,,,
영등포구,11560,문래동3가,202606,오피스텔_전월세,스테이트 디 어반문래,문래동3가,82-16,18.7,,3000,110,6,12,2022,신규,26.06~28.06,,,,,
영등포구,11560,영등포동7가,202606,오피스텔_전월세,미진오피스텔,영등포동7가,94-50,23.36,,1000,63,10,16,2019,신규,26.07~28.07,,,,,
영등포구,11560,양평동4가,202606,오피스텔_전월세,그랑드빌,양평동4가,32-8,38.2,,1000,90,5,16,2003,신규,26.06~28.06,,,,,
영등포구,11560,양평동5가,202606,오피스텔_전월세,에듀시티에비앙,양평동5가,51,42.85,,38000,0,11,13,2017,갱신,26.07~28.07,36800.0,,사용,,
영등포구,11560,당산동3가,202606,오피스텔_전월세,더하우스,당산동3가,1-7,29.54,,30000,25,7,16,2023,신규,26.07~28.07,,,,,
영등포구,11560,영등포동7가,202606,오피스텔_전월세,영등포 리버텔,영등포동7가,94-64,27.75,,1000,65,8,16,2004,신규,26.06~27.06,,,,,
영등포구,11560,당산동,202606,오피스텔_전월세,여의나루더명남더블레스,당산동,121-72,37.3,,25000,30,8,16,2019,신규,26.07~28.07,,,,,
영등포구,11560,문래동6가,202606,오피스텔_전월세,문래파라곤 201동,문래동6가,16,85.6,,51000,5,8,11,2005,갱신,26.08~28.08,50000.0,,사용,,
영등포구,11560,영등포동7가,202606,오피스텔_전월세,아크로조인,영등포동7가,94-299,42.03,,29700,0,5,15,2018,신규,26.08~28.08,,,,,
영등포구,11560,영등포동1가,202606,오피스텔_전월세,명남더블레스,영등포동1가,121-3,18.44,,19200,0,11,12,2021,신규,26.06~28.06,,,,,
영등포구,11560,신길동,202606,오피스텔_전월세,토마토오피스텔,신길동,1116,26.88,,5000,60,3,8,2004,신규,26.06~27.06,,,,,
영등포구,11560,대림동,202606,오피스텔_전월세,대동빌딩,대림동,706-3,22.81,,3000,53,7,12,2004,신규,26.07~28.07,,,,,
영등포구,11560,양평동2가,202606,오피스텔_전월세,이레오피스텔A,양평동2가,18,33.46,,27000,0,3,12,2018,신규,26.07~28.07,,,,,
영등포구,11560,당산동5가,202606,오피스텔_전월세,데시앙루브 오피스텔,당산동5가,8,28.24,,1000,100,11,15,2014,신규,26.06~27.06,,,,,
영등포구,11560,영등포동2가,202606,오피스텔_전월세,여의도 해링턴타워 196,영등포동2가,175,18.1,,1000,84,15,2,2022,신규,26.06~27.06,,,,,
영등포구,11560,영등포동3가,202606,오피스텔_전월세,제이디에스,영등포동3가,5-8,19.12,,21000,0,8,15,2021,갱신,26.07~27.01,21000.0,,,,
영등포구,11560,당산동,202606,오피스텔_전월세,리스빌,당산동,121-43,24.03,,10000,29,5,15,2012,갱신,26.06~27.06,10000.0,26.0,,,
영등포구,11560,양평동1가,202606,오피스텔_전월세,세전프라임,양평동1가,120-15,29.92,,28700,0,2,3,2020,갱신,26.07~28.07,28000.0,,사용,,
영등포구,11560,영등포동7가,202606,오피스텔_전월세,라비엘,영등포동7가,29-33,23.31,,3000,100,5,16,2017,신규,26.06~28.06,,,,,
영등포구,11560,도림동,202606,오피스텔_전월세,도림동  디에이원파크,도림동,229-2,58.03,,45150,0,3,12,2024,갱신,26.09~28.09,43000.0,,,,
영등포구,11560,양평동2가,202606,오피스텔_전월세,힘멜하임,양평동2가,1-3,18.84,,15500,0,3,11,2014,갱신,26.07~28.07,15500.0,,,,
영등포구,11560,도림동,202606,오피스텔_전월세,쌍용플래티넘시티1단지,도림동,820,87.22,,61500,0,10,16,2006,신규,26.06~27.12,,,,,
영등포구,11560,도림동,202606,오피스텔_전월세,도림동  디에이원파크,도림동,229-2,58.03,,45150,0,5,13,2024,갱신,26.08~28.08,43000.0,,,,
영등포구,11560,당산동5가,202606,오피스텔_전월세,당산역해링턴타워,당산동5가,9-3,23.92,,1000,95,12,1,2015,신규,26.06~27.06,,,,,
영등포구,11560,영등포동1가,202606,오피스텔_전월세,여의도파크뷰,영등포동1가,97-5,39.69,,5000,130,10,13,2026,신규,26.07~28.07,,,,,
영등포구,11560,영등포동2가,202606,오피스텔_전월세,투프레이즈,영등포동2가,28-140,25.39,,26000,0,4,15,2024,신규,26.07~28.07,,,,,
영등포구,11560,영등포동1가,202606,오피스텔_전월세,여의도 포레디움,영등포동1가,107,21.58,,22000,0,17,7,2021,신규,26.07~28.07,,,,,
영등포구,11560,영등포동2가,202606,오피스텔_전월세,여의도 리브하임,영등포동2가,94-116,19.48,,19800,7,3,13,2022,신규,26.07~28.07,,,,,
영등포구,11560,영등포동3가,202606,오피스텔_전월세,소담더블린,영등포동3가,1-9,17.13,,11000,15,9,16,2018,신규,26.07~28.07,,,,,
영등포구,11560,영등포동2가,202606,오피스텔_전월세,에코하임,영등포동2가,28-105,41.12,,28900,0,5,15,2018,신규,26.07~28.07,,,,,
영등포구,11560,영등포동7가,202606,오피스텔_전월세,여의도 웨스턴 힐 오피스텔,영등포동7가,104-5,17.38,,10000,45,4,15,2022,갱신,26.06~28.06,10000.0,49.0,,,
영등포구,11560,문래동6가,202606,오피스텔_전월세,문래동 대우 이안,문래동6가,26,65.54,,31000,65,8,12,2004,신규,26.07~28.07,,,,,
영등포구,11560,양평동3가,202606,오피스텔_전월세,양평역 대우미래사랑,양평동3가,34,60.84,,3000,140,6,13,2004,신규,26.07~28.07,,,,,
영등포구,11560,영등포동3가,202606,오피스텔_전월세,WD스퀘어,영등포동3가,20,15.66,,1000,55,8,5,2020,신규,26.06~27.06,,,,,
영등포구,11560,양평동6가,202606,오피스텔_전월세,펫앤스테이,양평동6가,8,19.51,,17500,0,3,15,2016,갱신,26.07~28.07,17500.0,,,,
영등포구,11560,양평동1가,202606,오피스텔_전월세,더스톤,양평동1가,118-2,17.83,,18435,15,4,8,2018,갱신,26.09~28.09,18435.0,11.0,,,
영등포구,11560,영등포동3가,202606,오피스텔_전월세,제이캐슬,영등포동3가,16-1,23.86,,10000,48,8,12,2023,갱신,26.08~27.08,10000.0,46.0,,,
영등포구,11560,영등포동2가,202606,오피스텔_전월세,한가람 더원 301동,영등포동2가,94-204,53.19,,46000,0,6,11,2022,갱신,26.07~28.07,44000.0,,사용,,
영등포구,11560,양평동1가,202606,오피스텔_전월세,성운타운,양평동1가,192,36.2,,28800,4,6,2,2018,갱신,26.08~28.08,28500.0,,사용,,
영등포구,11560,영등포동7가,202606,오피스텔_전월세,금강하우징,영등포동7가,94-184,34.22,,28100,0,7,13,2019,신규,26.08~28.08,,,,,
영등포구,11560,여의도동,202606,오피스텔_전월세,나라키움여의도빌딩,여의도동,55-2,27.77,,1030,100,10,15,2018,신규,26.06~28.06,,,,,
영등포구,11560,여의도동,202606,오피스텔_전월세,나라키움여의도빌딩,여의도동,55-2,22.89,,1030,94,15,10,2018,신규,26.06~28.06,,,,,
영등포구,11560,여의도동,202606,오피스텔_전월세,나라키움여의도빌딩,여의도동,55-2,27.35,,1030,100,6,9,2018,신규,26.06~28.06,,,,,
영등포구,11560,여의도동,202606,오피스텔_전월세,나라키움여의도빌딩,여의도동,55-2,22.89,,1030,94,14,5,2018,갱신,26.07~28.07,1000.0,92.0,사용,,
영등포구,11560,여의도동,202606,오피스텔_전월세,나라키움여의도빌딩,여의도동,55-2,40.66,,2000,161,13,5,2018,갱신,26.07~28.07,2000.0,149.0,사용,,
영등포구,11560,영등포동2가,202606,오피스텔_전월세,루브르하우스,영등포동2가,284-4,33.46,,26000,0,3,13,2018,갱신,26.07~28.07,25300.0,,,,
영등포구,11560,여의도동,202606,오피스텔_전월세,나라키움여의도빌딩,여의도동,55-2,22.89,,1030,94,15,5,2018,갱신,26.07~28.07,1000.0,92.0,사용,,
영등포구,11560,여의도동,202606,오피스텔_전월세,나라키움여의도빌딩,여의도동,55-2,22.89,,1030,94,13,5,2018,갱신,26.07~28.07,1000.0,92.0,사용,,
영등포구,11560,여의도동,202606,오피스텔_전월세,나라키움여의도빌딩,여의도동,55-2,22.89,,1030,94,16,5,2018,갱신,26.07~28.07,1000.0,92.0,사용,,
영등포구,11560,영등포동7가,202606,오피스텔_전월세,여의리버파크,영등포동7가,94-61,37.06,,27500,0,2,6,2019,신규,26.08~28.08,,,,,
영등포구,11560,양평동5가,202606,오피스텔_전월세,큐브스테이트,양평동5가,22-1,32.49,,5000,120,4,15,2018,신규,26.07~27.07,,,,,
영등포구,11560,양평동6가,202606,오피스텔_전월세,선유도역 더블파크 투웨니퍼스트,양평동6가,94,28.42,,27300,8,10,13,2020,갱신,26.07~28.07,27500.0,5.0,,,
영등포구,11560,도림동,202606,오피스텔_전월세,대우미래사랑,도림동,819,29.57,,900,67,9,15,2004,신규,26.07~28.07,,,,,
영등포구,11560,영등포동3가,202606,오피스텔_전월세,영등포 점프밀라노,영등포동3가,7,30.81,,18000,0,11,14,2005,신규,26.07~28.07,,,,,
영등포구,11560,문래동3가,202606,오피스텔_전월세,문래동메가트리움,문래동3가,55-4,99.53,,10000,210,14,13,2004,갱신,26.06~26.11,65000.0,,,,
영등포구,11560,여의도동,202606,오피스텔_전월세,시그니티 여의도,여의도동,10-3,45.23,,55000,0,6,15,2023,신규,26.07~28.07,,,,,
영등포구,11560,당산동,202606,오피스텔_전월세,한산 오피스텔,당산동,121-44,23.36,,3000,45,8,12,2010,신규,26.06~27.06,,,,,
영등포구,11560,당산동3가,202606,오피스텔_전월세,당산동 디벨리움,당산동3가,6-3,26.01,,28000,0,2,15,2019,신규,26.07~28.07,,,,,
영등포구,11560,영등포동7가,202606,오피스텔_전월세,블리스 다임빌,영등포동7가,91-2,36.17,,29000,30,5,13,2018,갱신,26.07~28.07,29000.0,23.0,사용,,
영등포구,11560,영등포동2가,202606,오피스텔_전월세,여의도 해링턴타워 196,영등포동2가,175,18.1,,10000,52,9,10,2022,갱신,26.08~28.08,10000.0,48.0,,,
영등포구,11560,영등포동2가,202606,오피스텔_전월세,파스텔하임,영등포동2가,29-74,38.18,,5500,140,9,13,2025,갱신,26.07~27.07,5500.0,135.0,사용,,
영등포구,11560,영등포동2가,202606,오피스텔_전월세,여의도 미르웰 한올림 2차 오피스텔,영등포동2가,328-11,14.53,,12240,20,9,12,2018,신규,26.07~28.07,,,,,
영등포구,11560,양평동5가,202606,오피스텔_전월세,에듀시티에비앙,양평동5가,51,28.6,,27200,20,13,13,2017,신규,26.08~28.08,,,,,
영등포구,11560,당산동,202606,오피스텔_전월세,여의도 아리스타,당산동,121-61,19.93,,16200,5,5,13,2021,갱신,26.06~28.06,17000.0,,사용,,
영등포구,11560,당산동,202606,오피스텔_전월세,여의도 아리스타,당산동,121-61,20.04,,17200,22,9,3,2021,갱신,26.06~27.06,17500.0,20.0,,,
영등포구,11560,당산동3가,202606,오피스텔_전월세,리앤나빌리지,당산동3가,80-1,22.85,,1000,65,5,2,2004,신규,26.06~27.06,,,,,
영등포구,11560,대림동,202606,오피스텔_전월세,한성메르디앙,대림동,629-35,22.75,,8000,28,3,15,2003,갱신,26.08~28.08,8000.0,25.0,사용,,
영등포구,11560,당산동,202606,오피스텔_전월세,소미골드라인III,당산동,121-75,37.63,,27000,15,4,13,2019,갱신,26.06~27.06,25500.0,5.0,,,
영등포구,11560,영등포동2가,202606,오피스텔_전월세,블루오션,영등포동2가,28-119,26.72,,5000,76,6,3,2019,신규,26.07~27.07,,,,,
영등포구,11560,영등포동2가,202606,오피스텔_전월세,여의도 더 자하,영등포동2가,28-133,22.82,,5000,195,13,12,2025,신규,26.08~27.08,,,,,
영등포구,11560,영등포동1가,202606,오피스텔_전월세,여의도스퀘어,영등포동1가,99,25.08,,16300,11,7,13,2019,신규,26.07~28.07,,,,,
영등포구,11560,도림동,202606,오피스텔_전월세,쌍용플래티넘시티1단지,도림동,820,62.88,,34030,0,12,6,2006,신규,26.08~28.08,,,,,
영등포구,11560,당산동5가,202606,오피스텔_전월세,당산역 한강포스빌,당산동5가,33-1,27.82,,1000,85,6,12,2005,신규,26.06~28.06,,,,,
영등포구,11560,도림동,202606,오피스텔_전월세,도림동  디에이원파크,도림동,229-2,58.03,,45000,0,6,12,2024,갱신,26.08~28.08,43000.0,,,,
영등포구,11560,영등포동4가,202606,오피스텔_전월세,HIGHEND 63st,영등포동4가,55,39.73,,44000,0,10,13,2023,갱신,26.07~27.07,44000.0,,사용,,
영등포구,11560,영등포동2가,202606,오피스텔_전월세,와이에이치빌리지,영등포동2가,94-319,16.67,,5000,55,4,12,2020,신규,26.07~28.07,,,,,
영등포구,11560,도림동,202606,오피스텔_전월세,쌍용플래티넘시티1단지,도림동,820,62.42,,15000,100,11,15,2006,갱신,26.07~28.07,15000.0,95.0,사용,,
영등포구,11560,문래동6가,202606,오피스텔_전월세,문래투웨니퍼스트,문래동6가,29-1,27.59,,23000,18,15,11,2018,신규,26.07~28.07,,,,,
영등포구,11560,양평동2가,202606,오피스텔_전월세,신동아하이팰리스,양평동2가,1-1,72.13,,34650,0,5,11,2005,신규,26.08~28.08,,,,,
영등포구,11560,영등포동3가,202606,오피스텔_전월세,소담더블린,영등포동3가,1-9,17.13,,1000,58,4,6,2018,갱신,26.06~27.06,1000.0,55.0,,,
영등포구,11560,양평동2가,202606,오피스텔_전월세,신동아하이팰리스,양평동2가,1-1,71.47,,45000,0,10,5,2005,갱신,26.08~28.08,45000.0,,,,
영등포구,11560,양평동3가,202606,오피스텔_전월세,클라우드타워,양평동3가,37-2,24.75,,27000,23,7,12,2020,신규,26.07~28.07,,,,,
영등포구,11560,양평동2가,202606,오피스텔_전월세,동서네모베네하우스,양평동2가,43-5,23.97,,19000,4,3,11,2019,신규,26.08~28.08,,,,,
영등포구,11560,영등포동2가,202606,오피스텔_전월세,여의도 리브하임,영등포동2가,94-116,19.48,,21500,0,11,10,2022,신규,26.07~28.07,,,,,
영등포구,11560,당산동6가,202606,오피스텔_전월세,소윤스타빌,당산동6가,349-1,29.1,,32000,0,7,12,2020,신규,26.08~28.08,,,,,
영등포구,11560,양평동2가,202606,오피스텔_전월세,어반스테이,양평동2가,22-7,32.01,,34000,0,8,11,2020,갱신,26.07~28.07,31400.0,,,,
영등포구,11560,영등포동8가,202606,오피스텔_전월세,레시오 오피스텔,영등포동8가,45-5,28.98,,28730,5,6,12,2021,갱신,26.07~27.07,27300.0,5.0,,,
영등포구,11560,당산동5가,202606,오피스텔_전월세,당산역해링턴타워,당산동5가,9-3,23.59,,1000,95,13,3,2015,신규,26.06~27.06,,,,,
영등포구,11560,문래동6가,202606,오피스텔_전월세,문래크라운팰리스,문래동6가,34-1,28.17,,25500,10,14,11,2018,신규,26.08~28.08,,,,,
영등포구,11560,영등포동1가,202606,오피스텔_전월세,여의도 더 시그니엘,영등포동1가,75-1,28.7,,35000,0,4,9,2022,신규,26.07~28.07,,,,,
영등포구,11560,당산동2가,202606,오피스텔_전월세,씨티타워,당산동2가,11-2,20.69,,10390,0,2,11,2003,갱신,26.07~28.07,9900.0,,,,
영등포구,11560,영등포동1가,202606,오피스텔_전월세,여의도 더 시그니엘,영등포동1가,75-1,25.32,,3000,120,12,4,2022,신규,26.06~27.06,,,,,
영등포구,11560,영등포동4가,202606,오피스텔_전월세,HIGHEND 63st,영등포동4가,55,28.12,,35000,0,6,12,2023,신규,26.06~28.06,,,,,
영등포구,11560,당산동3가,202606,오피스텔_전월세,리앤나빌리지,당산동3가,80-1,22.85,,8000,29,6,4,2004,신규,26.07~28.07,,,,,
영등포구,11560,영등포동1가,202606,오피스텔_전월세,봉주르오피스텔,영등포동1가,31-3,18.88,,21000,0,7,4,2021,신규,26.06~28.06,,,,,
영등포구,11560,문래동6가,202606,오피스텔_전월세,문래동 대우 이안,문래동6가,26,56.1,,39000,0,6,12,2004,신규,26.08~28.08,,,,,
영등포구,11560,양평동3가,202606,오피스텔_전월세,양평 브릴리언트,양평동3가,3-1,29.55,,5000,130,10,8,2020,신규,26.07~28.07,,,,,
영등포구,11560,신길동,202606,오피스텔_전월세,엔-씨티오피스텔,신길동,59-2,27.72,,1000,60,5,12,2000,갱신,26.06~28.06,2000.0,55.0,사용,,
영등포구,11560,영등포동7가,202606,오피스텔_전월세,포레비떼,영등포동7가,29-126,26.54,,1000,80,9,12,2003,신규,26.07~28.07,,,,,
영등포구,11560,양평동2가,202606,오피스텔_전월세,이레오피스텔A,양평동2가,18,33.46,,27000,0,9,3,2018,신규,26.07~28.07,,,,,
영등포구,11560,여의도동,202606,오피스텔_전월세,(주)신한 여의도 드림리버 오피스텔,여의도동,12-3,24.5,,20000,12,5,12,2019,갱신,26.06~27.06,22000.0,,,,
영등포구,11560,당산동6가,202606,오피스텔_전월세,강변리치빌,당산동6가,233-1,23.68,,17000,3,6,12,2014,신규,26.08~28.08,,,,,
영등포구,11560,영등포동8가,202606,오피스텔_전월세,리마크빌 영등포,영등포동8가,35-1,25.34,,1000,75,10,4,2016,신규,26.06~27.06,,,,,
영등포구,11560,당산동3가,202606,오피스텔_전월세,더하우스,당산동3가,1-7,39.67,,20000,114,3,12,2023,신규,26.06~28.06,,,,,
영등포구,11560,영등포동1가,202606,오피스텔_전월세,신한헤스티아,영등포동1가,127,18.01,,1000,68,5,5,2016,신규,26.07~27.07,,,,,
영등포구,11560,영등포동3가,202606,오피스텔_전월세,여의도 포레스트 시티,영등포동3가,4-1,18.56,,16600,15,8,6,2021,갱신,26.07~28.03,16700.0,10.0,,,
영등포구,11560,당산동5가,202606,오피스텔_전월세,당산 삼성쉐르빌,당산동5가,9-2,25.87,,1000,92,9,10,2013,신규,26.07~27.07,,,,,
영등포구,11560,양평동2가,202606,오피스텔_전월세,양평동 오피스텔,양평동2가,19-4,58.78,,22000,40,8,9,2004,갱신,26.08~28.08,24000.0,30.0,사용,,
영등포구,11560,당산동3가,202606,오피스텔_전월세,THE PARK 365,당산동3가,558-3,94.17,,3000,210,7,11,2007,신규,26.07~28.07,,,,,
영등포구,11560,도림동,202606,오피스텔_전월세,도림동  디에이원파크,도림동,229-2,29.47,,31500,0,3,11,2024,갱신,26.08~28.08,30000.0,,,,
영등포구,11560,영등포동7가,202606,오피스텔_전월세,포레비떼,영등포동7가,29-126,26.54,,1000,80,9,10,2003,신규,26.06~28.06,,,,,
영등포구,11560,영등포동2가,202606,오피스텔_전월세,(94-259),영등포동2가,94-259,18.32,,17000,0,7,11,2020,신규,26.06~28.06,,,,,
영등포구,11560,영등포동2가,202606,오피스텔_전월세,여의도 디앤써밋,영등포동2가,94-154,27.98,,23300,18,9,10,2019,갱신,26.08~28.08,24100.0,10.0,,,
영등포구,11560,영등포동3가,202606,오피스텔_전월세,소담더블린,영등포동3가,1-9,17.13,,8000,40,8,4,2018,갱신,26.07~27.07,8000.0,30.0,,,
영등포구,11560,양평동4가,202606,오피스텔_전월세,메이슨리치 선유 1동,양평동4가,195-1,15.75,,22000,4,10,6,2023,신규,26.07~28.07,,,,,
영등포구,11560,양평동4가,202606,오피스텔_전월세,금강하우징,양평동4가,246,40.19,,27220,5,3,6,2017,갱신,26.06~28.06,27220.0,,사용,,
영등포구,11560,영등포동3가,202606,오피스텔_전월세,더-위일 신세계,영등포동3가,17-3,17.66,,15500,4,3,11,2020,신규,26.08~28.08,,,,,
영등포구,11560,문래동6가,202606,오피스텔_전월세,문래임광그대가,문래동6가,8,85.26,,55500,0,2,11,2005,신규,26.08~28.08,,,,,
영등포구,11560,양평동2가,202606,오피스텔_전월세,양평동월드메르디앙오피스텔,양평동2가,1-2,79.75,,51000,0,6,10,2005,갱신,26.07~28.07,49000.0,,,,
영등포구,11560,영등포동5가,202606,오피스텔_전월세,리첸스타,영등포동5가,82-1,20.04,,200,60,6,11,2019,신규,26.06~26.12,,,,,
영등포구,11560,영등포동6가,202606,오피스텔_전월세,현대하이츠,영등포동6가,121-6,38.05,,26270,25,2,4,2018,신규,26.07~28.07,,,,,
영등포구,11560,당산동1가,202606,오피스텔_전월세,더채움오피스텔,당산동1가,260,27.94,,26000,5,9,10,2020,갱신,26.07~28.06,26000.0,,,,
영등포구,11560,도림동,202606,오피스텔_전월세,도림동  디에이원파크,도림동,229-2,29.47,,31500,0,10,5,2024,갱신,26.08~28.08,30000.0,,,,
영등포구,11560,영등포동1가,202606,오피스텔_전월세,(30),영등포동1가,30,12.97,,1000,65,9,3,,신규,26.06~27.06,,,,,
영등포구,11560,당산동5가,202606,오피스텔_전월세,당산역해링턴타워,당산동5가,9-3,26.56,,1000,93,19,2,2015,신규,26.06~27.06,,,,,
영등포구,11560,여의도동,202606,오피스텔_전월세,(주)신한 여의도 드림리버 오피스텔,여의도동,12-3,24.5,,25000,0,4,9,2019,신규,26.08~28.08,,,,,
영등포구,11560,영등포동2가,202606,오피스텔_전월세,(94-126),영등포동2가,94-126,18.48,,14000,25,3,10,2016,신규,26.06~28.06,,,,,
영등포구,11560,도림동,202606,오피스텔_전월세,대우미래사랑,도림동,819,29.57,,13000,0,11,5,2004,신규,26.07~28.07,,,,,
영등포구,11560,당산동,202606,오피스텔_전월세,당산오피스텔,당산동,121-110,25.65,,13000,13,8,8,2001,갱신,26.07~28.07,15750.0,,,,
영등포구,11560,양평동3가,202606,오피스텔_전월세,아테네,양평동3가,49-4,26.26,,20000,0,3,6,,신규,26.07~28.07,,,,,
영등포구,11560,양평동2가,202606,오피스텔_전월세,오목교투웨니퍼스트,양평동2가,37-3,28.63,,26100,5,11,5,2017,갱신,26.06~28.06,26300.0,,사용,,
영등포구,11560,도림동,202606,오피스텔_전월세,도림동  디에이원파크,도림동,229-2,29.47,,31500,0,3,10,2024,갱신,26.06~28.06,30000.0,,,,
영등포구,11560,당산동2가,202606,오피스텔_전월세,미라클시티,당산동2가,12-2,28.6,,34000,0,11,11,2022,갱신,26.07~28.07,32500.0,,,,
영등포구,11560,당산동6가,202606,오피스텔_전월세,소윤스타빌,당산동6가,349-1,29.19,,33400,15,9,5,2020,신규,26.07~28.07,,,,,
영등포구,11560,신길동,202606,오피스텔_전월세,도노펠리체,신길동,65-10,13.29,,17700,3,11,10,2019,신규,26.07~28.07,,,,,
영등포구,11560,양평동6가,202606,오피스텔_전월세,선유도 더채움,양평동6가,2-4,28.04,,36500,0,14,3,2022,신규,26.06~28.06,,,,,
영등포구,11560,당산동3가,202606,오피스텔_전월세,당산M팰리스,당산동3가,512,29.37,,3000,109,3,10,2022,신규,26.07~28.07,,,,,
영등포구,11560,영등포동2가,202606,오피스텔_전월세,라온펠리체,영등포동2가,332-5,29.74,,2000,115,5,9,2022,신규,26.06~28.06,,,,,
영등포구,11560,영등포동1가,202606,오피스텔_전월세,파크빌,영등포동1가,31-6,18.1,,1000,69,3,6,2019,신규,26.06~27.06,,,,,
영등포구,11560,영등포동6가,202606,오피스텔_전월세,신현빌6차,영등포동6가,121-10,22.52,,24000,0,5,9,2021,신규,26.07~28.07,,,,,
영등포구,11560,양평동2가,202606,오피스텔_전월세,이레오피스텔A,양평동2가,18,35.15,,3000,114,4,3,2018,갱신,26.07~28.07,3000.0,109.0,사용,,
영등포구,11560,양평동6가,202606,오피스텔_전월세,펫앤스테이,양평동6가,8,19.51,,5000,55,6,9,2016,갱신,26.07~28.07,5000.0,55.0,사용,,
영등포구,11560,여의도동,202606,오피스텔_전월세,엘지여의도에클라트,여의도동,14-21,36.53,,13000,30,10,4,2003,갱신,26.06~28.06,20948.0,,사용,,
영등포구,11560,영등포동1가,202606,오피스텔_전월세,여의도파크뷰,영등포동1가,97-5,39.69,,5000,130,13,10,2026,신규,26.06~28.06,,,,,
영등포구,11560,당산동,202606,오피스텔_전월세,당산오피스텔,당산동,121-110,47.53,,23000,0,4,10,2001,갱신,26.10~28.10,23000.0,,,,
영등포구,11560,당산동5가,202606,오피스텔_전월세,당산역해링턴타워,당산동5가,9-3,23.59,,3000,85,15,1,2015,신규,26.06~28.05,,,,,
영등포구,11560,영등포동7가,202606,오피스텔_전월세,여의도 웰시티,영등포동7가,94-330,26.44,,9500,35,2,9,2002,신규,26.07~28.07,,,,,
영등포구,11560,당산동3가,202606,오피스텔_전월세,밀레니엄,당산동3가,395-17,29.03,,25500,15,2,8,,갱신,26.09~28.09,25500.0,10.0,사용,,
영등포구,11560,당산동3가,202606,오피스텔_전월세,더하우스,당산동3가,1-7,29.93,,35000,0,8,9,2023,신규,26.07~28.07,,,,,
영등포구,11560,양평동2가,202606,오피스텔_전월세,양평동 오피스텔,양평동2가,19-4,53.74,,26000,0,10,10,2004,갱신,26.06~28.06,25100.0,,,,
영등포구,11560,영등포동1가,202606,오피스텔_전월세,여의도파크뷰,영등포동1가,97-5,37.24,,5000,140,9,10,2026,신규,26.06~28.06,,,,,
영등포구,11560,양평동2가,202606,오피스텔_전월세,오목교투웨니퍼스트,양평동2가,37-3,28.63,,3000,125,8,10,2017,신규,26.08~28.08,,,,,
영등포구,11560,당산동,202606,오피스텔_전월세,현대뉴스타오피스텔,당산동,121-107,29.88,,10000,25,9,9,1993,신규,26.07~28.07,,,,,
영등포구,11560,당산동5가,202606,오피스텔_전월세,당산역리버뷰한강,당산동5가,11-32,16.78,,25000,0,10,1,2021,신규,26.06~28.06,,,,,
영등포구,11560,양평동1가,202606,오피스텔_전월세,더스톤,양평동1가,118-2,17.83,,18500,14,7,8,2018,갱신,26.07~28.07,18500.0,10.0,사용,,
영등포구,11560,당산동5가,202606,오피스텔_전월세,당산역리버뷰한강,당산동5가,11-32,16.78,,22000,0,7,3,2021,신규,26.06~28.06,,,,,
영등포구,11560,영등포동8가,202606,오피스텔_전월세,당산역 리버리치 오피스텔,영등포동8가,86,39.98,,3000,160,15,9,2016,신규,26.06~27.06,,,,,
영등포구,11560,문래동6가,202606,오피스텔_전월세,문래동 현대홈시티2,문래동6가,2-2,57.76,,37000,0,8,8,2004,갱신,26.06~28.06,35280.0,,,,
영등포구,11560,양평동6가,202606,오피스텔_전월세,엠케이유앤미,양평동6가,82-1,27.5,,29700,3,2,9,2020,갱신,26.08~28.08,29000.0,,,,
영등포구,11560,당산동5가,202606,오피스텔_전월세,태림빌,당산동5가,34,25.87,,10000,0,5,9,2002,신규,26.07~28.07,,,,,
영등포구,11560,영등포동2가,202606,오피스텔_전월세,투프레이즈,영등포동2가,28-140,25.39,,5000,90,2,8,2024,신규,26.06~27.06,,,,,
영등포구,11560,영등포동2가,202606,오피스텔_전월세,투프레이즈,영등포동2가,28-140,25.21,,28000,10,5,8,2024,갱신,26.08~28.08,27000.0,10.0,,,
영등포구,11560,양평동1가,202606,오피스텔_전월세,성운하우징,양평동1가,213-1,22.54,,22500,0,2,6,2020,갱신,26.06~28.06,22500.0,,,,
영등포구,11560,영등포동2가,202606,오피스텔_전월세,리치스퀘어,영등포동2가,28-114,32.46,,27900,0,4,8,2020,갱신,26.06~28.06,27100.0,,,,
영등포구,11560,당산동3가,202606,오피스텔_전월세,당산동 디벨리움,당산동3가,6-3,26.01,,3000,105,6,9,2019,신규,26.07~28.06,,,,,
영등포구,11560,영등포동7가,202606,오피스텔_전월세,넥스빌Ⅲ,영등포동7가,94-356,25.2,,7000,45,5,9,2002,갱신,26.06~28.06,8000.0,40.0,,,
영등포구,11560,당산동4가,202606,오피스텔_전월세,(37-4),당산동4가,37-4,15.84,,3000,55,4,6,2003,신규,26.06~27.06,,,,,
영등포구,11560,당산동1가,202606,오피스텔_전월세,에이원하우징,당산동1가,166-1,51.33,,28500,0,3,9,2018,갱신,26.06~28.06,27200.0,,,,
영등포구,11560,대림동,202606,오피스텔_전월세,대동빌딩,대림동,706-3,22.81,,11000,2,8,8,2004,신규,26.07~28.07,,,,,
영등포구,11560,양평동1가,202606,오피스텔_전월세,더스톤,양평동1가,118-2,17.83,,20400,0,4,9,2018,갱신,26.07~28.07,18500.0,5.0,,,
영등포구,11560,영등포동2가,202606,오피스텔_전월세,(94-259),영등포동2가,94-259,19.18,,11000,39,5,9,2020,신규,26.07~28.07,,,,,
영등포구,11560,양평동2가,202606,오피스텔_전월세,양평동월드메르디앙오피스텔,양평동2가,1-2,79.75,,49000,0,9,9,2005,신규,26.08~28.08,,,,,
영등포구,11560,양평동5가,202606,오피스텔_전월세,큐브스테이트,양평동5가,22-1,31.68,,28800,5,8,8,2018,신규,26.08~28.08,,,,,
영등포구,11560,도림동,202606,오피스텔_전월세,도림동 하나 아파텔(2차),도림동,265-8,30.87,,2000,90,3,2,2003,신규,26.06~28.06,,,,,
영등포구,11560,도림동,202606,오피스텔_전월세,도림동 하나아파텔(1차),도림동,265-1,45.36,,2000,110,10,6,2003,신규,26.06~28.06,,,,,
영등포구,11560,영등포동2가,202606,오피스텔_전월세,(94-126),영등포동2가,94-126,21.92,,12000,25,4,2,2016,신규,26.07~28.06,,,,,
영등포구,11560,양평동1가,202606,오피스텔_전월세,(208-1),양평동1가,208-1,19.62,,1796,19,4,9,2021,신규,26.06~28.08,,,,,
영등포구,11560,당산동6가,202606,오피스텔_전월세,당산리버빌,당산동6가,347-6,29.13,,33000,0,3,5,2022,갱신,26.06~28.06,33000.0,,,,
영등포구,11560,영등포동1가,202606,오피스텔_전월세,신한헤스티아,영등포동1가,127,18.01,,1000,65,6,3,2016,갱신,26.06~27.06,1000.0,55.0,,,
영등포구,11560,양평동3가,202606,오피스텔_전월세,그랜드타워,양평동3가,37-1,23.9,,26990,10,9,8,2020,갱신,26.07~28.07,26500.0,7.0,,,
영등포구,11560,여의도동,202606,오피스텔_전월세,여의도 플렉시움 오피스텔,여의도동,13-16,42.55,,2000,110,10,5,2003,신규,26.07~27.06,,,,,
영등포구,11560,양평동1가,202606,오피스텔_전월세,성운타운,양평동1가,192,34.29,,28500,13,7,6,2018,갱신,26.08~28.08,29700.0,,,,
영등포구,11560,당산동4가,202606,오피스텔_전월세,(32-31),당산동4가,32-31,24.5,,1000,55,5,8,2003,갱신,26.06~27.06,1000.0,52.0,,,
영등포구,11560,양평동4가,202606,오피스텔_전월세,메이슨리치 선유 1동,양평동4가,195-1,21.14,,29000,0,10,8,2023,신규,26.07~28.07,,,,,
영등포구,11560,양평동3가,202606,오피스텔_전월세,양평동 우림보보카운티 오피스텔,양평동3가,17-1,16.25,,500,50,8,6,2003,신규,26.06~27.06,,,,,
영등포구,11560,신길동,202606,오피스텔_전월세,신길동갤럭시,신길동,235-1,29.34,,29000,0,7,1,2019,신규,26.07~28.07,,,,,
영등포구,11560,당산동1가,202606,오피스텔_전월세,더채움오피스텔,당산동1가,260,27.94,,3000,130,8,1,2020,신규,26.06~28.06,,,,,
영등포구,11560,양평동6가,202606,오피스텔_전월세,선유도역 더블파크 투웨니퍼스트,양평동6가,94,28.42,,27000,10,7,6,2020,갱신,26.07~28.07,27000.0,5.0,,,
영등포구,11560,여의도동,202606,오피스텔_전월세,브라이튼 여의도,여의도동,525,29.56,,5000,190,22,8,2023,신규,26.06~27.06,,,,,
영등포구,11560,영등포동2가,202606,오피스텔_전월세,여의도 디앤써밋,영등포동2가,94-154,20.74,,3000,80,5,8,2019,신규,26.07~28.07,,,,,
영등포구,11560,영등포동7가,202606,오피스텔_전월세,휴젠느,영등포동7가,94-99,40.16,,5000,104,7,6,2018,신규,26.07~27.07,,,,,
영등포구,11560,영등포동8가,202606,오피스텔_전월세,프로방스,영등포동8가,47-1,51.52,,36000,0,2,8,2017,신규,26.06~28.06,,,,,
영등포구,11560,영등포동1가,202606,오피스텔_전월세,여의도 포레디움,영등포동1가,107,21.58,,23700,0,13,3,2021,갱신,26.07~27.07,23000.0,,사용,,
영등포구,11560,당산동3가,202606,오피스텔_전월세,삼성펠리스뷰,당산동3가,395-46,44.07,,30000,15,2,8,,신규,26.07~28.07,,,,,
영등포구,11560,영등포동7가,202606,오피스텔_전월세,휴젠느,영등포동7가,94-99,40.16,,5000,104,7,6,2018,신규,26.07~27.07,,,,,
영등포구,11560,당산동,202606,오피스텔_전월세,(121-126),당산동,121-126,20.4,,9000,17,7,6,1997,신규,26.07~28.07,,,,,
영등포구,11560,당산동3가,202606,오피스텔_전월세,당산파크뷰,당산동3가,398-1,17.42,,1000,91,4,8,2022,갱신,26.08~27.08,1000.0,87.0,,,
영등포구,11560,양평동6가,202606,오피스텔_전월세,금강노블레스,양평동6가,81,31.45,,35900,0,10,3,2022,신규,26.07~28.07,,,,,
영등포구,11560,영등포동1가,202606,오피스텔_전월세,여의도더리브스타일,영등포동1가,94-2,19.36,,15100,30,21,7,2020,신규,26.07~28.07,,,,,
영등포구,11560,당산동,202606,오피스텔_전월세,한가람 The First Ⅱ,당산동,121-135,23.66,,19000,0,2,4,2018,갱신,26.07~27.07,17900.0,10.0,,,
영등포구,11560,영등포동1가,202606,오피스텔_전월세,여의도의아침,영등포동1가,29,16.4,,1000,55,3,4,2012,신규,26.07~27.07,,,,,
영등포구,11560,당산동,202606,오피스텔_전월세,조인클로버,당산동,121-143,22.79,,20000,0,7,5,2019,신규,26.07~28.07,,,,,
영등포구,11560,대림동,202606,오피스텔_전월세,세인트 오피스텔,대림동,710-8,18.24,,500,50,3,6,2002,신규,26.06~28.06,,,,,
영등포구,11560,대림동,202606,오피스텔_전월세,G밸리소홈,대림동,1101-7,20.21,,1000,65,4,6,2018,신규,26.06~27.06,,,,,
영등포구,11560,양평동6가,202606,오피스텔_전월세,선유도 더채움,양평동6가,2-4,54.26,,51000,0,11,6,2022,신규,26.07~28.07,,,,,
영등포구,11560,당산동5가,202606,오피스텔_전월세,당산역해링턴타워,당산동5가,9-3,28.74,,5000,90,12,5,2015,신규,26.06~27.06,,,,,
영등포구,11560,당산동,202606,오피스텔_전월세,여의도 아리스타,당산동,121-61,20.22,,16000,20,13,7,2021,신규,26.07~28.07,,,,,
영등포구,11560,당산동6가,202606,오피스텔_전월세,(236-1),당산동6가,236-1,18.73,,10000,5,2,5,2016,신규,26.07~28.07,,,,,
영등포구,11560,양평동2가,202606,오피스텔_전월세,디에이원파크,양평동2가,43-11,29.56,,22700,30,10,6,2017,신규,26.07~28.07,,,,,
영등포구,11560,영등포동7가,202606,오피스텔_전월세,여의도 웨스턴 힐 오피스텔,영등포동7가,104-5,17.38,,10000,50,4,5,2022,갱신,26.06~28.06,10000.0,44.0,,,
영등포구,11560,양평동6가,202606,오피스텔_전월세,선유도역 더블파크 투웨니퍼스트,양평동6가,94,28.42,,26000,0,2,6,2020,갱신,26.08~27.10,26000.0,,사용,,
영등포구,11560,당산동5가,202606,오피스텔_전월세,당산역해링턴타워,당산동5가,9-3,23.92,,18900,20,6,6,2015,신규,26.07~28.07,,,,,
영등포구,11560,당산동,202606,오피스텔_전월세,현대뉴스타오피스텔,당산동,121-107,29.88,,3000,50,3,4,1993,신규,26.07~28.07,,,,,
영등포구,11560,영등포동1가,202606,오피스텔_전월세,대승프린스텔,영등포동1가,20-1,15.89,,7870,2,9,6,2001,갱신,26.08~28.08,8600.0,,,,
영등포구,11560,영등포동2가,202606,오피스텔_전월세,리치스퀘어,영등포동2가,28-114,33.21,,28300,0,3,5,2020,신규,26.07~28.07,,,,,
영등포구,11560,문래동3가,202606,오피스텔_전월세,영등포 SK 리더스뷰,문래동3가,55-16,167.04,,10000,450,15,5,2007,갱신,26.07~28.06,10000.0,405.0,,,
영등포구,11560,양평동6가,202606,오피스텔_전월세,선유도 더채움,양평동6가,2-4,28.04,,31000,6,13,5,2022,갱신,26.06~28.06,31000.0,,사용,,
영등포구,11560,양평동2가,202606,오피스텔_전월세,힘멜하임,양평동2가,1-3,18.84,,14600,0,10,5,2014,신규,26.07~28.07,,,,,
영등포구,11560,문래동5가,202606,오피스텔_전월세,금강 노블레스,문래동5가,5-3,32.11,,3000,147,4,5,2022,갱신,26.09~27.08,3000.0,140.0,사용,,
영등포구,11560,영등포동2가,202606,오피스텔_전월세,여의도 해피트리,영등포동2가,330,34.17,,37000,0,10,5,2024,신규,26.07~28.07,,,,,
영등포구,11560,당산동,202606,오피스텔_전월세,노들리안 오피스텔1,당산동,121-141,29.8,,15000,8,5,2,2011,신규,26.07~28.07,,,,,
영등포구,11560,영등포동4가,202606,오피스텔_전월세,HIGHEND 63st,영등포동4가,55,28.12,,3000,150,11,3,2023,신규,26.06~27.06,,,,,
영등포구,11560,도림동,202606,오피스텔_전월세,쌍용플래티넘시티2단지,도림동,269-1,87.36,,5000,180,8,5,2006,신규,26.09~28.09,,,,,
영등포구,11560,당산동3가,202606,오피스텔_전월세,당산M팰리스,당산동3가,512,29.37,,3000,110,6,3,2022,갱신,26.07~28.07,3000.0,105.0,,,
영등포구,11560,여의도동,202606,오피스텔_전월세,여의도 현대마에스트로 오피스텔,여의도동,15-11,48.84,,5000,260,5,5,2025,신규,26.08~27.08,,,,,
영등포구,11560,대림동,202606,오피스텔_전월세,대동빌딩,대림동,706-3,22.81,,11000,2,8,4,2004,신규,26.07~28.07,,,,,
영등포구,11560,여의도동,202606,오피스텔_전월세,브라이튼 여의도,여의도동,525,29.98,,50000,0,32,5,2023,신규,26.07~28.07,,,,,
영등포구,11560,양평동3가,202606,오피스텔_전월세,아테네,양평동3가,49-4,38.62,,26600,10,2,2,,신규,26.09~28.09,,,,,
영등포구,11560,영등포동3가,202606,오피스텔_전월세,소담더블린,영등포동3가,1-9,23.31,,2000,79,11,5,2018,신규,26.06~27.06,,,,,
영등포구,11560,도림동,202606,오피스텔_전월세,쌍용플래티넘시티1단지,도림동,820,87.22,,5000,200,10,3,2006,신규,26.07~28.07,,,,,
영등포구,11560,양평동5가,202606,오피스텔_전월세,선유도역 마들렌 오피스텔,양평동5가,24-1,25.82,,19000,8,4,4,2021,신규,26.07~28.07,,,,,
영등포구,11560,영등포동2가,202606,오피스텔_전월세,102동,영등포동2가,299,31.85,,4285,18,7,2,2017,갱신,26.10~28.09,100.0,41.0,,,
영등포구,11560,당산동5가,202606,오피스텔_전월세,당산역해링턴타워,당산동5가,9-3,23.92,,6000,65,19,4,2015,갱신,26.06~27.06,6000.0,62.0,,,
영등포구,11560,양평동5가,202606,오피스텔_전월세,청풍 스카이파크,양평동5가,87-1,38.93,,26000,0,2,3,2015,갱신,26.08~28.08,26000.0,,사용,,
영등포구,11560,영등포동5가,202606,오피스텔_전월세,휴젠느,영등포동5가,88,34.42,,20000,42,6,5,2019,신규,26.07~28.07,,,,,
영등포구,11560,양평동3가,202606,오피스텔_전월세,포엠빌,양평동3가,78-20,28.53,,30000,0,16,4,2023,신규,26.08~28.08,,,,,
영등포구,11560,영등포동7가,202606,오피스텔_전월세,한가람 더원,영등포동7가,94-328,25.51,,21600,7,10,4,2020,신규,26.07~28.07,,,,,
영등포구,11560,당산동5가,202606,오피스텔_전월세,당산역해링턴타워,당산동5가,9-3,23.92,,2000,90,4,3,2015,갱신,26.07~28.07,2000.0,80.0,,,
영등포구,11560,문래동6가,202606,오피스텔_전월세,문래크라운팰리스,문래동6가,34-1,28.17,,25000,5,12,3,2018,신규,26.07~28.07,,,,,
영등포구,11560,영등포동7가,202606,오피스텔_전월세,여의도 웨스턴 힐 오피스텔,영등포동7가,104-5,17.38,,20000,0,7,4,2022,갱신,26.09~28.09,20000.0,,,,
영등포구,11560,영등포동2가,202606,오피스텔_전월세,여의도 리브하임,영등포동2가,94-116,19.02,,20400,0,12,4,2022,갱신,26.07~28.07,20400.0,,,,
영등포구,11560,영등포동7가,202606,오피스텔_전월세,한가람 더원,영등포동7가,94-328,25.51,,21000,10,4,2,2020,신규,26.07~28.07,,,,,
영등포구,11560,영등포동7가,202606,오피스텔_전월세,한가람 더원,영등포동7가,94-328,25.55,,21000,15,6,4,2020,신규,26.06~28.06,,,,,
영등포구,11560,영등포동7가,202606,오피스텔_전월세,휴젠느,영등포동7가,94-99,42.61,,26000,15,2,2,2018,신규,26.07~28.07,,,,,
영등포구,11560,신길동,202606,오피스텔_전월세,JS타워,신길동,236,29.5,,3000,115,10,4,2024,신규,26.06~27.06,,,,,
영등포구,11560,영등포동3가,202606,오피스텔_전월세,WD스퀘어,영등포동3가,20,16.72,,1000,75,5,4,2020,갱신,26.06~27.06,1000.0,73.0,,,
영등포구,11560,당산동6가,202606,오피스텔_전월세,(335-4),당산동6가,335-4,29.04,,13800,0,4,3,1998,신규,26.07~28.07,,,,,
영등포구,11560,양평동2가,202606,오피스텔_전월세,힘멜하임,양평동2가,1-3,18.84,,14600,10,9,4,2014,신규,26.07~28.07,,,,,
영등포구,11560,양평동3가,202606,오피스텔_전월세,양평 브릴리언트,양평동3가,3-1,29.55,,26910,0,6,4,2020,신규,26.07~28.07,,,,,
영등포구,11560,신길동,202606,오피스텔_전월세,정원쉐르빌,신길동,235-4,17.8,,13000,0,9,2,2014,신규,26.07~28.07,,,,,
영등포구,11560,여의도동,202606,오피스텔_전월세,브라이튼 여의도,여의도동,525,59.84,,90000,0,43,3,2023,신규,26.08~28.08,,,,,
영등포구,11560,도림동,202606,오피스텔_전월세,도림동  디에이원파크,도림동,229-2,29.48,,34000,0,10,3,2024,갱신,26.07~28.07,33000.0,,,,
영등포구,11560,당산동3가,202606,오피스텔_전월세,당산동 디벨리움,당산동3가,6-3,25.64,,26100,17,4,1,2019,갱신,26.08~28.08,26100.0,15.0,사용,,
영등포구,11560,문래동6가,202606,오피스텔_전월세,문래크라운팰리스,문래동6가,34-1,28.17,,20000,13,3,3,2018,신규,26.07~28.07,,,,,
영등포구,11560,문래동6가,202606,오피스텔_전월세,문래동 대우 이안,문래동6가,26,56.1,,38000,0,11,3,2004,신규,26.08~28.08,,,,,
영등포구,11560,당산동2가,202606,오피스텔_전월세,미라클시티,당산동2가,12-2,28.6,,5000,135,8,2,2022,갱신,26.06~27.06,5000.0,130.0,,,
영등포구,11560,당산동2가,202606,오피스텔_전월세,씨티타워,당산동2가,11-2,21,,9720,0,5,1,2003,갱신,26.07~28.07,9260.0,,,,
영등포구,11560,당산동2가,202606,오피스텔_전월세,미라클시티,당산동2가,12-2,28.6,,3000,135,4,2,2022,갱신,26.07~27.07,3000.0,130.0,,,
영등포구,11560,영등포동5가,202606,오피스텔_전월세,트리베카,영등포동5가,78,38.46,,29000,0,2,2,2021,신규,26.07~28.07,,,,,
영등포구,11560,양평동5가,202606,오피스텔_전월세,큐브스테이트,양평동5가,22-1,32.49,,5000,93,8,1,2018,갱신,26.06~28.03,5000.0,90.0,,,
영등포구,11560,양평동6가,202606,오피스텔_전월세,선유도디와이파크,양평동6가,93-2,29.52,,19000,14,6,2,2017,신규,26.07~28.07,,,,,
영등포구,11560,당산동,202606,오피스텔_전월세,나온타워,당산동,121-3,18.98,,14500,5,8,2,2013,갱신,26.07~28.07,14500.0,5.0,사용,,
영등포구,11560,대림동,202606,오피스텔_전월세,세인트 오피스텔,대림동,710-8,18.24,,500,50,7,2,2002,신규,26.06~28.06,,,,,
영등포구,11560,당산동2가,202606,오피스텔_전월세,씨티타워,당산동2가,11-2,21,,8670,0,2,2,2003,신규,26.08~28.08,,,,,
영등포구,11560,당산동6가,202606,오피스텔_전월세,강변리치빌,당산동6가,233-1,23.68,,17000,3,6,2,2014,신규,26.08~28.08,,,,,
영등포구,11560,영등포동2가,202606,오피스텔_전월세,명화오피스텔,영등포동2가,94-212,47.44,,23100,0,2,2,2017,갱신,26.07~28.07,22050.0,,,,
영등포구,11560,도림동,202606,오피스텔_전월세,도림동  디에이원파크,도림동,229-2,29.47,,31000,0,9,1,2024,신규,26.07~28.07,,,,,
영등포구,11560,양평동4가,202606,오피스텔_전월세,(23-7),양평동4가,23-7,25.2,,18600,5,3,1,2012,갱신,26.06~28.06,18800.0,,사용,,
영등포구,11560,당산동,202606,오피스텔_전월세,가온빌,당산동,121-289,21.4,,12500,8,4,1,2016,신규,26.07~28.07,,,,,
영등포구,11560,당산동6가,202606,오피스텔_전월세,강변리치빌,당산동6가,233-1,23.68,,17000,3,6,1,2014,신규,26.08~28.08,,,,,
영등포구,11560,양평동1가,202606,오피스텔_전월세,더스톤,양평동1가,118-2,17.83,,19950,0,3,1,2018,신규,26.07~28.07,,,,,
영등포구,11560,영등포동2가,202606,오피스텔_전월세,여의도 디앤써밋,영등포동2가,94-154,20.74,,17700,15,7,1,2019,신규,26.08~28.08,,,,,
영등포구,11560,영등포동7가,202606,오피스텔_전월세,여의도 웰시티,영등포동7가,94-330,27.39,,16000,0,4,1,2002,갱신,26.06~28.06,16000.0,,,,
영등포구,11560,영등포동2가,202606,오피스텔_전월세,여의샛강 소미골드5차,영등포동2가,214,22.65,,23500,0,5,1,2022,갱신,26.07~28.06,23500.0,,,,
영등포구,11560,문래동6가,202606,오피스텔_전월세,문래임광그대가,문래동6가,8,87.07,,52500,0,9,1,2005,갱신,26.06~28.06,50000.0,,사용,,
영등포구,11560,당산동,202606,연립다세대_전월세,여의나루더명남더블레스,당산동,121-72,27.72,,29500,0,12,11,2019,,,,,,,
영등포구,11560,양평동6가,202606,연립다세대_전월세,한강아이린107동~108동,양평동6가,16-5,45.41,,41000,0,5,27,2015,,,,,,,
영등포구,11560,신길동,202606,연립다세대_전월세,페트라하우스,신길동,278-80,29.94,,25000,0,3,12,2020,,,,,,,
영등포구,11560,신길동,202606,연립다세대_전월세,쌍용프라임,신길동,150-3,27.86,,12000,60,4,8,2019,,,,,,,
영등포구,11560,당산동,202606,연립다세대_전월세,여의나루더명남더블레스,당산동,121-72,26.81,,25450,14,11,5,2019,,,,,,,
영등포구,11560,양평동6가,202606,연립다세대_전월세,더하우스Ⅱ,양평동6가,7-1,14.79,,1000,45,2,16,2011,신규,26.06~28.06,,,,,
영등포구,11560,대림동,202606,연립다세대_전월세,민영아트빌(1118-14),대림동,1118-14,59.76,,200,27,4,2,2000,신규,26.06~27.06,,,,,
영등포구,11560,당산동,202606,연립다세대_전월세,엠캐슬123,당산동,171-30,17.78,,19656,7,9,20,2021,신규,26.08~28.08,,,,,
영등포구,11560,영등포동2가,202606,연립다세대_전월세,코지하우스,영등포동2가,29-80,17.87,,13000,0,4,30,2012,신규,26.08~28.08,,,,,
영등포구,11560,양평동4가,202606,연립다세대_전월세,브릴리언트양평2차,양평동4가,3-3,18.24,,12000,70,10,2,2022,신규,26.08~28.08,,,,,
영등포구,11560,영등포동2가,202606,연립다세대_전월세,와이에이치빌리지(284-3),영등포동2가,284-3,26.25,,1500,105,9,17,2018,신규,26.06~27.06,,,,,
영등포구,11560,양평동4가,202606,연립다세대_전월세,프라임빌,양평동4가,153-32,29.99,,28050,2,6,30,2015,갱신,26.09~28.09,27000.0,,,,
영등포구,11560,양평동3가,202606,연립다세대_전월세,더라임,양평동3가,37-3,16.18,,24400,25,11,4,2020,신규,26.08~28.08,,,,,
영등포구,11560,영등포동7가,202606,연립다세대_전월세,애니카(94-172),영등포동7가,94-172,142.59,,3000,95,5,11,2002,신규,26.08~28.08,,,,,
영등포구,11560,신길동,202606,연립다세대_전월세,파라다이스빌(32-11),신길동,32-11,39.94,,20000,0,4,2,2003,갱신,26.08~28.08,20000.0,,사용,,
영등포구,11560,당산동6가,202606,연립다세대_전월세,당산리버빌,당산동6가,347-6,13.83,,2000,81,7,30,2022,신규,26.08~28.08,,,,,
영등포구,11560,신길동,202606,연립다세대_전월세,리치빌,신길동,40-6,24.96,,6000,28,3,1,2011,신규,26.08~28.08,,,,,
영등포구,11560,영등포동6가,202606,연립다세대_전월세,골든빌,영등포동6가,97,28.26,,22000,24,5,22,2018,갱신,26.06~28.06,20000.0,27.0,,,
영등포구,11560,영등포동6가,202606,연립다세대_전월세,유경오피스텔,영등포동6가,66-11,18.75,,11000,39,3,25,2021,갱신,26.08~27.08,11000.0,39.0,,,
영등포구,11560,양평동6가,202606,연립다세대_전월세,한강아이린107동~108동,양평동6가,16-5,45.41,,41000,0,5,27,2015,신규,26.08~28.08,,,,,
영등포구,11560,양평동3가,202606,연립다세대_전월세,파라다이스뷰,양평동3가,33-18,24.98,,21420,0,2,29,2020,신규,26.08~28.08,,,,,
영등포구,11560,신길동,202606,연립다세대_전월세,(245-10),신길동,245-10,28.98,,1000,50,5,30,2002,신규,26.07~28.07,,,,,
영등포구,11560,신길동,202606,연립다세대_전월세,(4906-11),신길동,4906-11,117,,1000,40,1,13,1981,신규,26.06~28.06,,,,,
영등포구,11560,영등포동2가,202606,연립다세대_전월세,투프레이즈,영등포동2가,28-140,20.29,,26300,7,9,16,2024,갱신,26.07~28.07,27000.0,,,,
영등포구,11560,영등포동6가,202606,연립다세대_전월세,골드트리시티,영등포동6가,96-1,26.78,,25000,0,4,29,2018,갱신,26.09~28.09,25000.0,,사용,,
영등포구,11560,당산동6가,202606,연립다세대_전월세,현대리버사이드,당산동6가,350-8,12.23,,500,70,5,30,2013,신규,26.07~28.07,,,,,
영등포구,11560,양평동3가,202606,연립다세대_전월세,광성빌딩,양평동3가,30-28,14.96,,1000,50,2,26,2015,신규,26.06~27.06,,,,,
영등포구,11560,당산동,202606,연립다세대_전월세,스테이휴당산101동,당산동,121-245,49.98,,30000,0,5,20,2016,신규,26.08~28.08,,,,,
영등포구,11560,신길동,202606,연립다세대_전월세,스타캐슬,신길동,4611,28.74,,5000,85,2,24,2021,신규,26.07~28.07,,,,,
영등포구,11560,양평동5가,202606,연립다세대_전월세,청풍스카이파크,양평동5가,87-1,25.87,,20000,28,8,30,2015,갱신,26.09~28.09,21600.0,17.0,,,
영등포구,11560,신길동,202606,연립다세대_전월세,그랜드하임,신길동,158-11,29.45,,25000,5,4,17,2018,신규,26.09~28.09,,,,,
영등포구,11560,신길동,202606,연립다세대_전월세,페트라하우스,신길동,278-80,29.94,,25000,0,3,12,2020,신규,26.07~28.07,,,,,
영등포구,11560,당산동1가,202606,연립다세대_전월세,康南,당산동1가,458,14.76,,12810,6,3,23,2012,신규,26.08~28.08,,,,,
영등포구,11560,당산동,202606,연립다세대_전월세,다빈치,당산동,121-111,16.74,,15400,0,2,23,2012,갱신,26.07~28.07,15400.0,,,,
영등포구,11560,대림동,202606,연립다세대_전월세,머뭄빌,대림동,738-18,28.91,,3000,105,2,28,2022,신규,26.07~28.07,,,,,
영등포구,11560,영등포동2가,202606,연립다세대_전월세,투프레이즈,영등포동2가,28-140,21.34,,27800,2,9,15,2024,갱신,26.08~28.08,27000.0,,,,
영등포구,11560,양평동6가,202606,연립다세대_전월세,양평도담빌B,양평동6가,10-11,29.99,,20400,25,4,30,2016,갱신,26.08~28.08,18900.0,30.0,,,
영등포구,11560,대림동,202606,연립다세대_전월세,(1112-6),대림동,1112-6,26.88,,500,55,-1,12,1994,신규,26.07~28.07,,,,,
영등포구,11560,대림동,202606,연립다세대_전월세,드림타운B,대림동,732-8,33.47,,3000,110,5,26,2018,신규,26.07~28.07,,,,,
영등포구,11560,양평동3가,202606,연립다세대_전월세,포엠빌,양평동3가,78-20,19.93,,3000,130,3,18,2023,신규,26.07~28.07,,,,,
영등포구,11560,신길동,202606,연립다세대_전월세,(187-6),신길동,187-6,57.72,,5500,60,-1,23,1999,신규,26.08~28.08,,,,,
영등포구,11560,신길동,202606,연립다세대_전월세,세원빌라라동,신길동,1515-11,37.08,,7000,0,-1,23,1988,신규,26.07~28.07,,,,,
영등포구,11560,도림동,202606,연립다세대_전월세,우솔파크(136-23),도림동,136-23,55.52,,23000,0,3,28,2004,신규,26.07~28.07,,,,,
영등포구,11560,영등포동,202606,연립다세대_전월세,굿모닝빌,영등포동,570-4,37.34,,1000,50,4,19,2010,신규,26.07~28.07,,,,,
영등포구,11560,신길동,202606,연립다세대_전월세,엘하우스,신길동,39-4,31.86,,17300,0,3,26,2012,갱신,26.07~27.07,17000.0,,,,
영등포구,11560,영등포동7가,202606,연립다세대_전월세,아크로조인,영등포동7가,94-299,43.79,,32600,8,10,26,2018,신규,26.07~28.07,,,,,
영등포구,11560,당산동6가,202606,연립다세대_전월세,당산이레,당산동6가,237-17,29.95,,26200,8,5,26,2016,신규,26.09~28.09,,,,,
영등포구,11560,당산동,202606,연립다세대_전월세,SJ497,당산동,171-47,14.49,,24900,9,9,30,2020,갱신,26.08~28.08,26000.0,,,,
영등포구,11560,영등포동2가,202606,연립다세대_전월세,투프레이즈,영등포동2가,28-140,21.34,,27800,10,9,11,2024,갱신,26.07~28.07,27000.0,10.0,,,
영등포구,11560,영등포동2가,202606,연립다세대_전월세,투프레이즈,영등포동2가,28-140,21.34,,27800,9,12,15,2024,갱신,26.08~28.08,29000.0,,사용,,
영등포구,11560,신길동,202606,연립다세대_전월세,(355-500),신길동,355-500,14.72,,100,70,2,18,2025,신규,26.07~26.08,,,,,
영등포구,11560,신길동,202606,연립다세대_전월세,(187-64),신길동,187-64,43.67,,3000,75,1,30,1998,신규,26.07~28.07,,,,,
영등포구,11560,대림동,202606,연립다세대_전월세,현대아트빌(704-4),대림동,704-4,80.43,,23000,0,1,23,2003,신규,26.07~28.07,,,,,
영등포구,11560,영등포동2가,202606,연립다세대_전월세,코지하우스,영등포동2가,29-80,13.63,,13000,0,4,30,2012,신규,26.07~28.07,,,,,
영등포구,11560,당산동3가,202606,연립다세대_전월세,(121-0),당산동3가,121,39.36,,15000,35,2,17,2003,신규,26.08~28.08,,,,,
영등포구,11560,영등포동3가,202606,연립다세대_전월세,여의시티파크B동,영등포동3가,27,24.73,,22500,20,12,30,2020,갱신,26.07~28.07,21500.0,20.0,사용,,
영등포구,11560,신길동,202606,연립다세대_전월세,신길주택(1448-2),신길동,1448-2,42.12,,1000,100,2,27,1977,신규,26.07~27.06,,,,,
영등포구,11560,신길동,202606,연립다세대_전월세,대방역솔라빌,신길동,1311,30.71,,5500,100,2,18,2023,신규,26.07~27.07,,,,,
영등포구,11560,대림동,202606,연립다세대_전월세,대성팰리스,대림동,677-8,20.33,,6000,0,2,2,2012,신규,26.07~28.07,,,,,
영등포구,11560,신길동,202606,연립다세대_전월세,모던빌,신길동,158-43,29.61,,2879,7,4,23,2016,신규,26.07~28.06,,,,,
영등포구,11560,양평동5가,202606,연립다세대_전월세,우노팰리스,양평동5가,125-3,29.57,,23900,25,4,24,2017,갱신,26.08~28.08,23900.0,20.0,사용,,
영등포구,11560,양평동4가,202606,연립다세대_전월세,소미골드라인Ⅱ,양평동4가,214,24,,24000,29,12,26,2019,갱신,26.07~28.07,26860.0,13.0,,,
영등포구,11560,신길동,202606,연립다세대_전월세,아트라움,신길동,4668-4,27.69,,6040,5,2,9,2025,신규,26.06~28.08,,,,,
영등포구,11560,양평동5가,202606,연립다세대_전월세,선유도리버빌B동,양평동5가,121-4,28.98,,20200,10,5,20,2015,신규,26.08~28.08,,,,,
영등포구,11560,당산동2가,202606,연립다세대_전월세,(159-2),당산동2가,159-2,27.59,,1000,96,3,22,2022,신규,26.07~27.07,,,,,
영등포구,11560,양평동5가,202606,연립다세대_전월세,청풍스카이파크,양평동5가,87-1,25.87,,21600,20,8,30,2015,갱신,26.09~28.09,21600.0,17.0,,,
영등포구,11560,신길동,202606,연립다세대_전월세,(225-41),신길동,225-41,29.21,,23300,0,3,16,2021,갱신,26.07~28.07,22800.0,,사용,,
영등포구,11560,신길동,202606,연립다세대_전월세,진성빌라(208-8),신길동,208-8,42.66,,500,45,2,26,2003,신규,26.07~28.07,,,,,
영등포구,11560,영등포동,202606,연립다세대_전월세,CITY HOUSE(571-8),영등포동,571-8,14.13,,8000,15,2,23,2012,신규,26.07~28.07,,,,,
영등포구,11560,신길동,202606,연립다세대_전월세,스타캐슬,신길동,4611,28.74,,5500,100,5,30,2021,신규,26.08~28.08,,,,,
영등포구,11560,신길동,202606,연립다세대_전월세,신길주택(1448-2),신길동,1448-2,42.12,,1000,100,2,27,1977,신규,26.07~27.06,,,,,
영등포구,11560,대림동,202606,연립다세대_전월세,금광백형빌,대림동,875-12,48.22,,1000,48,4,15,2012,신규,26.07~28.07,,,,,
영등포구,11560,양평동4가,202606,연립다세대_전월세,(90-0),양평동4가,90,55.5,,7100,55,4,3,2002,신규,26.08~28.08,,,,,
영등포구,11560,영등포동2가,202606,연립다세대_전월세,루브르하우스,영등포동2가,284-4,29.638,,23000,20,8,12,2018,신규,26.08~28.08,,,,,
영등포구,11560,신길동,202606,연립다세대_전월세,(95-270),신길동,95-270,18.73,,3000,50,4,27,2012,신규,26.07~28.07,,,,,
영등포구,11560,영등포동,202606,연립다세대_전월세,현대빌,영등포동,575-3,54.76,,30000,0,2,10,2008,신규,26.06~28.06,,,,,
영등포구,11560,양평동6가,202606,연립다세대_전월세,양평도담빌A,양평동6가,10-10,29.91,,20400,10,3,11,2016,신규,26.08~28.08,,,,,
영등포구,11560,양평동6가,202606,연립다세대_전월세,강변애A동,양평동6가,88,60.81,,27550,0,3,20,2010,갱신,26.07~28.07,26250.0,,,,
영등포구,11560,도림동,202606,연립다세대_전월세,백향빌라(114-13),도림동,114-13,36.27,,12000,0,2,26,1991,신규,26.07~28.07,,,,,
영등포구,11560,당산동1가,202606,연립다세대_전월세,동원스위트당산,당산동1가,185-83,26.86,,100,120,4,27,2019,신규,26.06~26.08,,,,,
영등포구,11560,신길동,202606,연립다세대_전월세,아트라움,신길동,4668-4,27.69,,4495,6,6,9,2025,신규,26.06~28.08,,,,,
영등포구,11560,양평동3가,202606,연립다세대_전월세,광성빌딩,양평동3가,30-28,28.42,,1000,52,5,27,2015,신규,26.07~27.07,,,,,
영등포구,11560,영등포동,202606,연립다세대_전월세,CITY HOUSE(571-8),영등포동,571-8,13.71,,10000,4,2,17,2012,신규,26.07~28.07,,,,,
영등포구,11560,영등포동,202606,연립다세대_전월세,CITY HOUSE(571-8),영등포동,571-8,14.13,,8000,20,2,23,2012,신규,26.07~28.07,,,,,
영등포구,11560,도림동,202606,연립다세대_전월세,더클래식(250-4),도림동,250-4,25.77,,26040,0,2,13,2020,갱신,26.09~28.09,24800.0,,사용,,
영등포구,11560,신길동,202606,연립다세대_전월세,한성빌라,신길동,447-7,71.88,,18500,0,2,24,2005,갱신,26.06~27.06,18500.0,,,,
영등포구,11560,양평동5가,202606,연립다세대_전월세,청풍스카이파크,양평동5가,87-1,29.3,,20000,30,7,24,2015,갱신,26.08~27.08,20000.0,30.0,사용,,
영등포구,11560,신길동,202606,연립다세대_전월세,대방역솔라빌,신길동,1311,27.48,,5500,110,4,25,2023,신규,26.08~27.08,,,,,
영등포구,11560,당산동4가,202606,연립다세대_전월세,하은빌,당산동4가,1-165,29.55,,21500,0,2,8,2016,갱신,26.06~27.02,21500.0,,사용,,
영등포구,11560,신길동,202606,연립다세대_전월세,쌍용프라임,신길동,150-3,27.86,,25000,0,2,30,2019,신규,26.08~28.08,,,,,
영등포구,11560,영등포동2가,202606,연립다세대_전월세,루브르하우스,영등포동2가,284-4,29.871,,23900,12,8,13,2018,갱신,26.07~28.07,21900.0,15.0,,,
영등포구,11560,영등포동6가,202606,연립다세대_전월세,현대하이츠,영등포동6가,121-6,29.01,,23600,24,6,3,2018,신규,26.07~28.07,,,,,
영등포구,11560,당산동1가,202606,연립다세대_전월세,비다펠리즈,당산동1가,96-2,29.1,,25000,20,6,29,2019,갱신,26.09~28.09,25000.0,15.0,사용,,
영등포구,11560,양평동6가,202606,연립다세대_전월세,양평도담빌B,양평동6가,10-11,29.99,,20400,10,4,30,2016,신규,26.07~28.07,,,,,
영등포구,11560,신길동,202606,연립다세대_전월세,한가람빌라B,신길동,2-52,62,,18900,23,5,24,2008,갱신,26.07~28.07,18000.0,22.0,사용,,
영등포구,11560,영등포동2가,202606,연립다세대_전월세,투프레이즈,영등포동2가,28-140,20.29,,26300,10,10,9,2024,갱신,26.06~28.06,28000.0,,,,
영등포구,11560,신길동,202606,연립다세대_전월세,(449-27),신길동,449-27,46.67,,2000,75,2,20,2005,갱신,26.06~28.06,2000.0,73.0,,,
영등포구,11560,신길동,202606,연립다세대_전월세,(89-116),신길동,89-116,61.74,,17500,45,2,25,2001,갱신,26.07~28.07,17500.0,40.0,,,
영등포구,11560,영등포동7가,202606,연립다세대_전월세,루브르씨티,영등포동7가,94-52,29.87,,29400,0,10,30,2019,신규,26.09~28.09,,,,,
영등포구,11560,대림동,202606,연립다세대_전월세,샤인빌,대림동,1022-38,26.83,,24000,0,3,11,2025,신규,26.07~28.07,,,,,
영등포구,11560,영등포동,202606,연립다세대_전월세,보성팰리스13차,영등포동,631-31,45.8,,28800,0,4,20,2015,신규,26.07~28.07,,,,,
영등포구,11560,양평동3가,202606,연립다세대_전월세,클라우드타워,양평동3가,37-2,18.42,,34000,12,11,12,2020,신규,26.07~28.06,,,,,
영등포구,11560,당산동1가,202606,연립다세대_전월세,康南,당산동1가,458,12.58,,10500,2,3,30,2012,신규,26.09~28.09,,,,,
영등포구,11560,당산동6가,202606,연립다세대_전월세,소미더클래스한강,당산동6가,341-1,30,,44000,10,11,30,2023,신규,26.08~28.08,,,,,
영등포구,11560,당산동6가,202606,연립다세대_전월세,해울빌,당산동6가,234-12,27.69,,30000,5,5,26,2018,갱신,26.08~28.08,30000.0,,,,
영등포구,11560,영등포동6가,202606,연립다세대_전월세,더엔터빌,영등포동6가,52-14,29.82,,2000,71,3,11,2010,갱신,26.06~27.06,2000.0,67.0,,,
영등포구,11560,당산동1가,202606,연립다세대_전월세,파비엥노블레스104동,당산동1가,186-105,29.89,,28000,0,5,26,2018,신규,26.08~28.08,,,,,
영등포구,11560,양평동6가,202606,연립다세대_전월세,양평도담빌B,양평동6가,10-11,29.99,,20400,15,4,30,2016,신규,26.07~28.07,,,,,
영등포구,11560,영등포동7가,202606,연립다세대_전월세,한가람더원,영등포동7가,94-328,29.67,,30000,5,11,19,2020,갱신,26.07~28.07,30000.0,,사용,,
영등포구,11560,대림동,202606,연립다세대_전월세,시티하우스빌딩,대림동,810-67,59.92,,5000,133,7,3,2022,신규,26.07~28.06,,,,,
영등포구,11560,양평동3가,202606,연립다세대_전월세,(33-8),양평동3가,33-8,15.07,,1000,53,5,30,2013,신규,26.06~27.06,,,,,
영등포구,11560,영등포동,202606,연립다세대_전월세,국제알앤씨빌,영등포동,602-109,29.15,,1000,140,3,9,2019,신규,26.06~28.06,,,,,
영등포구,11560,당산동1가,202606,연립다세대_전월세,J.W카리스,당산동1가,185-22,27.8,,28000,14,9,20,2018,신규,26.08~28.08,,,,,
영등포구,11560,영등포동2가,202606,연립다세대_전월세,투프레이즈,영등포동2가,28-140,21.34,,27000,0,12,30,2024,신규,26.07~28.07,,,,,
영등포구,11560,당산동,202606,연립다세대_전월세,SJ497,당산동,171-47,16.43,,25000,0,10,30,2020,신규,26.08~28.08,,,,,
영등포구,11560,영등포동,202606,연립다세대_전월세,늘그린이앤씨,영등포동,620-207,18.7,,20000,0,3,30,2021,신규,26.07~28.07,,,,,
영등포구,11560,영등포동2가,202606,연립다세대_전월세,루브르하우스,영등포동2가,284-4,29.871,,23940,20,6,13,2018,신규,26.08~28.08,,,,,
영등포구,11560,양평동4가,202606,연립다세대_전월세,(199-1),양평동4가,199-1,27.9,,1500,81,2,3,2011,신규,26.06~28.06,,,,,
영등포구,11560,당산동1가,202606,연립다세대_전월세,A-클래스,당산동1가,194-1,28.84,,25500,23,8,26,2019,갱신,26.07~28.07,25500.0,20.0,,,
영등포구,11560,영등포동2가,202606,연립다세대_전월세,투프레이즈,영등포동2가,28-140,20.29,,26300,10,10,15,2024,갱신,26.06~28.06,28000.0,,,,
영등포구,11560,영등포동2가,202606,연립다세대_전월세,코지하우스,영등포동2가,29-80,17.87,,13000,2,4,17,2012,신규,26.06~26.08,,,,,
영등포구,11560,양평동1가,202606,연립다세대_전월세,성운타운2차,양평동1가,148-9,29.77,,5000,112,6,27,2019,갱신,26.07~28.07,5000.0,100.0,,,
영등포구,11560,영등포동7가,202606,연립다세대_전월세,라비엘,영등포동7가,29-33,29.02,,27800,17,8,3,2017,갱신,26.06~28.06,27800.0,12.0,사용,,
영등포구,11560,대림동,202606,연립다세대_전월세,해마루,대림동,864-15,29.6,,16000,0,3,27,2016,신규,26.06~28.06,,,,,
영등포구,11560,양평동6가,202606,연립다세대_전월세,양평도담빌A,양평동6가,10-10,29.99,,25000,0,6,27,2016,갱신,26.07~28.07,25000.0,,,,
영등포구,11560,영등포동6가,202606,연립다세대_전월세,썬샤인(127-6),영등포동6가,127-6,29.91,,29778,0,6,29,2019,갱신,26.12~28.12,28360.0,,,,
영등포구,11560,당산동,202606,연립다세대_전월세,엠캐슬123,당산동,171-30,15.02,,18396,10,8,26,2021,신규,26.08~28.08,,,,,
영등포구,11560,양평동4가,202606,연립다세대_전월세,하이빌,양평동4가,260-2,16.1,,1000,58,3,29,2012,신규,26.08~27.08,,,,,
영등포구,11560,당산동6가,202606,연립다세대_전월세,금광찬빌,당산동6가,237-12,16.32,,4000,43,2,22,2014,신규,26.07~28.07,,,,,
영등포구,11560,도림동,202606,연립다세대_전월세,기성빌2차,도림동,253-1,29.98,,28000,0,4,26,2018,신규,26.08~28.08,,,,,
영등포구,11560,대림동,202606,연립다세대_전월세,라움캐슬,대림동,1011-4,29.5,,25000,0,2,28,2026,신규,26.08~28.08,,,,,
영등포구,11560,신길동,202606,연립다세대_전월세,페트라하우스,신길동,278-80,28.55,,25000,0,4,26,2020,신규,26.08~28.08,,,,,
영등포구,11560,신길동,202606,연립다세대_전월세,(187-6),신길동,187-6,57.72,,5000,60,-1,23,1999,신규,26.08~28.08,,,,,
영등포구,11560,영등포동1가,202606,연립다세대_전월세,SJ팰리스,영등포동1가,79-2,26.38,,2000,93,6,24,2017,신규,26.08~27.08,,,,,
영등포구,11560,영등포동,202606,연립다세대_전월세,국제알앤씨빌,영등포동,602-109,27.96,,25000,0,3,27,2019,신규,26.07~28.07,,,,,
영등포구,11560,영등포동6가,202606,연립다세대_전월세,신현빌6차,영등포동6가,121-10,25.4,,29750,0,9,26,2021,신규,26.08~28.08,,,,,
영등포구,11560,신길동,202606,연립다세대_전월세,미림빌라11동,신길동,420-106,37.55,,15000,0,1,24,1993,신규,26.07~28.07,,,,,
영등포구,11560,영등포동6가,202606,연립다세대_전월세,에이클래스,영등포동6가,42,29.97,,5000,110,6,11,2017,신규,26.07~28.07,,,,,
영등포구,11560,영등포동2가,202606,연립다세대_전월세,투프레이즈,영등포동2가,28-140,20.29,,26300,0,12,23,2024,신규,26.07~28.07,,,,,
영등포구,11560,양평동4가,202606,연립다세대_전월세,리버캐슬,양평동4가,169,16.59,,1000,50,4,6,2011,신규,26.06~28.06,,,,,
영등포구,11560,신길동,202606,연립다세대_전월세,신풍리치빌(440-11),신길동,440-11,19.68,,1000,55,4,16,2003,신규,26.06~28.06,,,,,
영등포구,11560,신길동,202606,연립다세대_전월세,도원빌라(189-10),신길동,189-10,28.18,,12000,15,2,6,2001,갱신,26.07~28.07,12000.0,15.0,사용,,
영등포구,11560,당산동,202606,연립다세대_전월세,엠캐슬123,당산동,171-30,15.02,,19950,0,9,21,2021,갱신,26.06~28.06,19950.0,,,,
영등포구,11560,당산동4가,202606,연립다세대_전월세,(27-5),당산동4가,27-5,26.85,,24900,31,5,23,2016,신규,26.09~28.09,,,,,
영등포구,11560,당산동1가,202606,연립다세대_전월세,리버웨이,당산동1가,150-4,29.13,,28300,18,4,20,2019,신규,26.09~28.09,,,,,
영등포구,11560,당산동,202606,연립다세대_전월세,엠캐슬123,당산동,171-30,17.78,,21450,0,10,23,2021,신규,26.06~28.06,,,,,
영등포구,11560,신길동,202606,연립다세대_전월세,렉스빌,신길동,61-44,29.69,,6000,33,3,8,2014,신규,26.08~28.08,,,,,
영등포구,11560,신길동,202606,연립다세대_전월세,효성빌라(113-3),신길동,113-3,48.52,,1000,80,-1,3,1992,신규,26.06~28.06,,,,,
영등포구,11560,당산동2가,202606,연립다세대_전월세,서경홈타운,당산동2가,28-1,22.5,,5000,70,8,12,2022,신규,26.07~28.07,,,,,
영등포구,11560,당산동1가,202606,연립다세대_전월세,신현빌,당산동1가,256-17,15.31,,22000,25,9,25,2024,신규,26.07~28.07,,,,,
영등포구,11560,당산동1가,202606,연립다세대_전월세,리버웨이,당산동1가,150-4,29.13,,29900,0,7,24,2019,갱신,26.06~28.06,28500.0,,,,
영등포구,11560,대림동,202606,연립다세대_전월세,해마루,대림동,864-15,29.71,,20000,0,3,26,2016,신규,26.07~28.07,,,,,
영등포구,11560,영등포동6가,202606,연립다세대_전월세,현대하이츠,영등포동6가,121-6,28.65,,15000,55,6,20,2018,갱신,26.07~28.07,15000.0,50.0,사용,,
영등포구,11560,당산동,202606,연립다세대_전월세,엠캐슬123,당산동,171-30,15.02,,19950,0,9,21,2021,갱신,26.06~28.06,19950.0,,,,
영등포구,11560,당산동,202606,연립다세대_전월세,엠캐슬123,당산동,171-30,15.02,,19950,0,10,23,2021,갱신,26.06~28.06,19950.0,,,,
영등포구,11560,대림동,202606,연립다세대_전월세,세운빌딩(대림고시텔),대림동,712-5,40.93,,14500,8,5,1,2002,갱신,26.06~27.06,14500.0,5.0,,,
영등포구,11560,영등포동2가,202606,연립다세대_전월세,투프레이즈,영등포동2가,28-140,21.34,,27800,5,10,26,2024,갱신,26.07~27.07,28000.0,,,,
영등포구,11560,양평동6가,202606,연립다세대_전월세,주하빌,양평동6가,58,29.7,,12180,0,5,25,2010,갱신,26.09~28.09,12180.0,,사용,,
영등포구,11560,당산동1가,202606,연립다세대_전월세,선샤인팰리스,당산동1가,412,23.49,,29200,1,7,25,2022,신규,26.10~28.10,,,,,
영등포구,11560,신길동,202606,연립다세대_전월세,제원빌라(4474-0),신길동,4474,76.99,,30000,0,4,20,2003,신규,26.09~28.09,,,,,
영등포구,11560,당산동,202606,연립다세대_전월세,엠캐슬123,당산동,171-30,15.02,,20000,0,11,25,2021,갱신,26.06~28.06,20000.0,,,,
영등포구,11560,당산동1가,202606,연립다세대_전월세,선샤인팰리스,당산동1가,412,23.49,,27500,10,6,25,2022,신규,26.09~28.09,,,,,
영등포구,11560,대림동,202606,연립다세대_전월세,세운빌딩(대림고시텔),대림동,712-5,40.93,,14500,8,5,1,2002,갱신,26.06~27.06,14500.0,5.0,,,
영등포구,11560,영등포동7가,202606,연립다세대_전월세,배영리치빌,영등포동7가,64-40,47.8,,23500,25,5,25,2012,신규,26.07~28.07,,,,,
영등포구,11560,양평동6가,202606,연립다세대_전월세,양평도담빌C,양평동6가,10-12,29.95,,20500,12,3,24,2016,신규,26.08~28.08,,,,,
영등포구,11560,양평동4가,202606,연립다세대_전월세,리버하우스B동(182-3),양평동4가,182-3,29.38,,15700,30,2,22,2010,신규,26.08~28.08,,,,,
영등포구,11560,당산동,202606,연립다세대_전월세,엠캐슬123,당산동,171-30,15.02,,19950,0,10,18,2021,갱신,26.06~28.06,19950.0,,,,
영등포구,11560,도림동,202606,연립다세대_전월세,카사데로사빌,도림동,141-28,28.95,,27300,0,4,25,2024,갱신,26.08~28.08,26000.0,,사용,,
영등포구,11560,신길동,202606,연립다세대_전월세,대산(410-170),신길동,410-170,56.52,,23100,10,4,24,2003,신규,26.08~28.08,,,,,
영등포구,11560,도림동,202606,연립다세대_전월세,스마트빌,도림동,232-22,42.005,,26000,0,4,24,2013,갱신,26.06~28.06,25000.0,,,,
영등포구,11560,당산동1가,202606,연립다세대_전월세,삼정주택,당산동1가,230,29.77,,10753,11,6,23,2022,갱신,26.07~28.06,4275.0,44.0,,,
영등포구,11560,도림동,202606,연립다세대_전월세,예성클래식,도림동,236-2,44.53,,25000,19,4,23,2017,갱신,26.07~28.07,28600.0,,사용,,
영등포구,11560,신길동,202606,연립다세대_전월세,우강빌리지(458-28),신길동,458-28,53.36,,21785,0,2,12,2001,갱신,26.08~28.08,20748.0,,,,
영등포구,11560,대림동,202606,연립다세대_전월세,"삼호빌라가,나동",대림동,801-5,44.73,,3000,60,2,9,1987,신규,26.06~28.06,,,,,
영등포구,11560,도림동,202606,연립다세대_전월세,(138-64),도림동,138-64,21.59,,19000,0,2,15,2026,신규,26.07~28.07,,,,,
영등포구,11560,당산동,202606,연립다세대_전월세,엠캐슬123,당산동,171-30,15.02,,20000,0,10,23,2021,갱신,26.06~28.06,20000.0,,,,
영등포구,11560,당산동,202606,연립다세대_전월세,비앤비퀸즈빌102동,당산동,121-228,46.31,,5000,150,8,24,2016,갱신,26.08~28.08,5000.0,140.0,사용,,
영등포구,11560,양평동4가,202606,연립다세대_전월세,새롬하우스,양평동4가,237-2,12.47,,1000,53,2,1,2014,갱신,26.06~27.06,1000.0,51.0,사용,,
영등포구,11560,신길동,202606,연립다세대_전월세,이지스타워,신길동,4834,19.56,,26000,15,13,23,2023,신규,26.07~27.08,,,,,
영등포구,11560,양평동4가,202606,연립다세대_전월세,남태양트리스빌,양평동4가,317-3,12.06,,100,60,4,23,2011,신규,26.06~26.08,,,,,
영등포구,11560,도림동,202606,연립다세대_전월세,미르빌,도림동,4-10,17.16,,1000,58,1,10,2014,신규,26.07~28.07,,,,,
영등포구,11560,대림동,202606,연립다세대_전월세,OaktreevilDR2,대림동,775-11,26.53,,1036,30,3,11,2022,신규,26.06~28.08,,,,,
영등포구,11560,대림동,202606,연립다세대_전월세,아이유하임(663-6),대림동,663-6,23.47,,849,23,5,23,2021,갱신,26.07~28.06,774.0,22.0,,,
영등포구,11560,신길동,202606,연립다세대_전월세,페트라하우스,신길동,278-80,29.88,,25400,0,5,9,2020,신규,26.08~28.08,,,,,
영등포구,11560,신길동,202606,연립다세대_전월세,(4914-16),신길동,4914-16,35.97,,15000,0,2,23,1987,신규,26.09~28.09,,,,,
영등포구,11560,당산동6가,202606,연립다세대_전월세,강변리치빌쓰리,당산동6가,237-25,28.58,,29000,0,4,19,2017,갱신,26.07~28.07,30000.0,,사용,,
영등포구,11560,신길동,202606,연립다세대_전월세,쌍용프라임B,신길동,230-31,42.1,,28000,0,5,20,2015,갱신,26.06~28.06,28000.0,,,,
영등포구,11560,당산동6가,202606,연립다세대_전월세,씨엔에스파크,당산동6가,346-2,12.97,,5000,50,2,22,2013,신규,26.07~27.07,,,,,
영등포구,11560,신길동,202606,연립다세대_전월세,(450-37),신길동,450-37,99.38,,20000,7,3,23,2009,신규,26.07~28.07,,,,,
영등포구,11560,당산동4가,202606,연립다세대_전월세,엠케이더유앤미,당산동4가,32-13,35.95,,30000,28,6,22,2018,신규,26.07~28.07,,,,,
영등포구,11560,신길동,202606,연립다세대_전월세,이에스하임,신길동,276-81,29.32,,26000,0,6,14,2020,신규,26.07~28.07,,,,,
영등포구,11560,영등포동3가,202606,연립다세대_전월세,여의도센트럴큐브스테이트,영등포동3가,1-6,28.97,,39155,0,19,3,2023,갱신,26.08~28.08,37290.0,,사용,,
영등포구,11560,신길동,202606,연립다세대_전월세,한성빌라,신길동,447-7,70.44,,19750,0,4,20,2005,갱신,26.07~28.07,18850.0,,,,
영등포구,11560,당산동1가,202606,연립다세대_전월세,트러스트,당산동1가,14-6,16.41,,5000,90,5,12,2022,신규,26.06~28.06,,,,,
영등포구,11560,영등포동1가,202606,연립다세대_전월세,SJ팰리스,영등포동1가,79-2,26.38,,2000,92,9,11,2017,신규,26.06~27.06,,,,,
영등포구,11560,도림동,202606,연립다세대_전월세,로즈힐,도림동,141-141,17.54,,18500,0,2,18,2023,신규,26.07~28.07,,,,,
영등포구,11560,양평동4가,202606,연립다세대_전월세,에스엠빌,양평동4가,179-1,29.68,,27200,0,5,13,2016,갱신,26.09~28.09,27200.0,,,,
영등포구,11560,양평동4가,202606,연립다세대_전월세,르네상스빌B,양평동4가,137,29.56,,16000,20,2,21,2010,갱신,26.11~27.11,16000.0,17.0,사용,,
영등포구,11560,영등포동,202606,연립다세대_전월세,CITY HOUSE(571-8),영등포동,571-8,14.72,,8800,22,4,11,2012,신규,26.07~28.07,,,,,
영등포구,11560,당산동,202606,연립다세대_전월세,엠캐슬123,당산동,171-30,15.02,,19950,0,9,20,2021,갱신,26.06~28.06,19950.0,,,,
영등포구,11560,당산동,202606,연립다세대_전월세,엠캐슬123,당산동,171-30,17.78,,22000,0,8,21,2021,갱신,26.06~28.06,22000.0,,,,
영등포구,11560,양평동6가,202606,연립다세대_전월세,"아트리버빌D동,E동",양평동6가,20-2,40.61,,25000,10,4,5,2015,갱신,26.06~28.06,24500.0,7.0,사용,,
영등포구,11560,당산동,202606,연립다세대_전월세,엠캐슬123,당산동,171-30,15.02,,20000,0,8,21,2021,갱신,26.06~28.06,20000.0,,,,
영등포구,11560,영등포동,202606,연립다세대_전월세,늘그린이앤씨,영등포동,620-207,26.87,,5000,100,4,20,2021,신규,26.07~28.07,,,,,
영등포구,11560,양평동6가,202606,연립다세대_전월세,한양맨션1동,양평동6가,13-6,73.04,,32000,0,4,20,2003,신규,26.07~28.07,,,,,
영등포구,11560,대림동,202606,연립다세대_전월세,대림하나아트빌102동(1117-1),대림동,1117-1,56.89,,3000,120,4,10,2000,신규,26.06~28.06,,,,,
영등포구,11560,도림동,202606,연립다세대_전월세,(138-33),도림동,138-33,29.09,,24000,0,4,20,2026,신규,26.08~28.08,,,,,
영등포구,11560,당산동,202606,연립다세대_전월세,엠캐슬123,당산동,171-30,19.44,,23000,0,11,17,2021,갱신,26.06~28.06,23000.0,,,,
영등포구,11560,영등포동8가,202606,연립다세대_전월세,더로드2,영등포동8가,48-2,25.64,,13000,58,7,19,2017,신규,26.06~28.06,,,,,
영등포구,11560,신길동,202606,연립다세대_전월세,원트레빌1차,신길동,47-8,28.18,,19425,0,3,13,2016,갱신,26.07~28.07,18500.0,,,,
영등포구,11560,당산동,202606,연립다세대_전월세,엠캐슬123,당산동,171-30,15.02,,19950,0,9,18,2021,신규,26.06~28.06,,,,,
영등포구,11560,도림동,202606,연립다세대_전월세,로즈힐,도림동,141-141,17.54,,18500,0,3,17,2023,신규,26.07~28.07,,,,,
영등포구,11560,영등포동6가,202606,연립다세대_전월세,더엔터빌,영등포동6가,52-14,29.97,,3000,63,3,1,2010,갱신,26.07~27.07,3000.0,59.0,,,
영등포구,11560,당산동6가,202606,연립다세대_전월세,굿모닝빌,당산동6가,9-1,28.51,,22680,0,2,18,2011,갱신,26.07~28.07,21600.0,,,,
영등포구,11560,양평동6가,202606,연립다세대_전월세,리베하임,양평동6가,10-5,50.69,,23000,0,4,17,2011,갱신,26.07~28.07,22000.0,,사용,,
영등포구,11560,대림동,202606,연립다세대_전월세,"삼호빌라가,나동",대림동,801-5,44.73,,2000,65,2,12,1987,신규,26.06~28.06,,,,,
영등포구,11560,양평동4가,202606,연립다세대_전월세,코쿤하우스,양평동4가,218-1,20.72,,10000,22,2,18,2011,갱신,26.07~28.07,10000.0,20.0,사용,,
영등포구,11560,당산동1가,202606,연립다세대_전월세,밀레니엄빌,당산동1가,256-137,27.11,,22600,0,3,18,2015,갱신,26.06~28.06,22600.0,,사용,,
영등포구,11560,당산동6가,202606,연립다세대_전월세,삼양빌,당산동6가,237-23,23.27,,18000,19,3,18,2015,신규,26.07~28.07,,,,,
영등포구,11560,신길동,202606,연립다세대_전월세,어반스테이트,신길동,4973,24.54,,24000,0,5,18,2021,신규,26.07~28.07,,,,,
영등포구,11560,도림동,202606,연립다세대_전월세,도림빌라,도림동,202-43,23.81,,7000,2,5,18,2008,갱신,26.08~28.08,7000.0,2.0,사용,,
영등포구,11560,당산동,202606,연립다세대_전월세,엠캐슬123,당산동,171-30,19.44,,22500,0,11,17,2021,신규,26.06~28.06,,,,,
영등포구,11560,신길동,202606,연립다세대_전월세,모리54,신길동,355-54,27.93,,18750,7,2,9,2026,신규,26.07~28.07,,,,,
영등포구,11560,당산동,202606,연립다세대_전월세,엠캐슬123,당산동,171-30,17.78,,22000,0,9,17,2021,신규,26.06~28.06,,,,,
영등포구,11560,당산동1가,202606,연립다세대_전월세,리버웨이,당산동1가,150-4,29.97,,29200,24,7,17,2019,신규,26.08~28.08,,,,,
영등포구,11560,신길동,202606,연립다세대_전월세,그랜드하임,신길동,158-11,29.45,,25000,5,4,17,2018,신규,26.09~28.09,,,,,
영등포구,11560,양평동6가,202606,연립다세대_전월세,양평도담빌A,양평동6가,10-10,29.99,,23625,0,6,8,2016,신규,26.07~28.07,,,,,
영등포구,11560,영등포동7가,202606,연립다세대_전월세,"골든힐A,B동",영등포동7가,94-355,36.58,,26000,35,9,17,2016,신규,26.08~28.08,,,,,
영등포구,11560,대림동,202606,연립다세대_전월세,"현대그린빌라A,B동",대림동,993-4,61.26,,14000,0,2,15,1986,갱신,26.07~28.07,13000.0,,,,
영등포구,11560,대림동,202606,연립다세대_전월세,(875-13),대림동,875-13,38.71,,15000,0,4,17,2002,신규,26.07~28.07,,,,,
영등포구,11560,신길동,202606,연립다세대_전월세,페트라하우스,신길동,278-80,29.88,,25400,0,5,9,2020,신규,26.08~28.08,,,,,
영등포구,11560,양평동4가,202606,연립다세대_전월세,르네상스빌B,양평동4가,137,29.98,,21000,0,5,11,2010,신규,26.08~28.08,,,,,
영등포구,11560,당산동,202606,연립다세대_전월세,엠캐슬123,당산동,171-30,17.78,,22000,0,11,17,2021,갱신,26.06~28.06,21450.0,,사용,,
영등포구,11560,당산동,202606,연립다세대_전월세,엠캐슬123,당산동,171-30,15.02,,19950,0,8,16,2021,갱신,26.06~28.06,19950.0,,,,
영등포구,11560,당산동,202606,연립다세대_전월세,엠캐슬123,당산동,171-30,15.02,,20000,0,9,16,2021,갱신,26.06~28.06,20000.0,,,,
영등포구,11560,신길동,202606,연립다세대_전월세,대방역솔라빌,신길동,1311,27.72,,30000,0,2,16,2023,신규,26.08~28.08,,,,,
영등포구,11560,신길동,202606,연립다세대_전월세,라움팰리스,신길동,355-237,29.61,,26500,0,2,13,2026,신규,26.07~28.07,,,,,
영등포구,11560,당산동,202606,연립다세대_전월세,엠캐슬123,당산동,171-30,15.02,,19950,0,11,16,2021,신규,26.06~28.06,,,,,
영등포구,11560,영등포동1가,202606,연립다세대_전월세,필오피스텔,영등포동1가,55,17.02,,3000,58,3,13,2012,신규,26.06~27.06,,,,,
영등포구,11560,신길동,202606,연립다세대_전월세,효주파크빌,신길동,447-22,57.89,,26250,25,2,16,2015,갱신,26.07~28.06,26250.0,10.0,,,
영등포구,11560,영등포동2가,202606,연립다세대_전월세,범영시티,영등포동2가,29-72,20.52,,11264,15,3,15,2012,갱신,26.07~28.07,11264.0,15.0,사용,,
영등포구,11560,영등포동7가,202606,연립다세대_전월세,글로벌엠제이7,영등포동7가,29-124,15.16,,3000,75,11,16,2022,갱신,26.08~27.08,3000.0,75.0,,,
영등포구,11560,영등포동2가,202606,연립다세대_전월세,루브르하우스,영등포동2가,284-4,29.871,,23960,20,6,13,2018,신규,26.08~28.08,,,,,
영등포구,11560,영등포동1가,202606,연립다세대_전월세,페트라,영등포동1가,22-1,14.4,,12500,7,13,13,2015,갱신,26.08~28.08,13770.0,,,,
영등포구,11560,대림동,202606,연립다세대_전월세,대림팰리스,대림동,604-96,28.28,,20500,4,4,16,2019,갱신,26.07~28.07,25200.0,,사용,,
영등포구,11560,영등포동,202606,연립다세대_전월세,현대빌,영등포동,575-3,54.76,,30000,0,2,10,2008,갱신,26.06~28.06,27700.0,,,,
영등포구,11560,도림동,202606,연립다세대_전월세,(138-64),도림동,138-64,21.59,,19000,0,2,15,2026,신규,26.07~28.07,,,,,
영등포구,11560,당산동1가,202606,연립다세대_전월세,에이원하우징,당산동1가,166-1,29.88,,26300,17,7,14,2018,신규,26.08~28.08,,,,,
영등포구,11560,양평동4가,202606,연립다세대_전월세,은석,양평동4가,225-1,29.26,,1000,74,2,10,2011,갱신,26.06~28.06,1000.0,70.0,,,
영등포구,11560,영등포동4가,202606,연립다세대_전월세,디타워,영등포동4가,117-1,11.1,,13200,0,9,13,2020,신규,26.08~28.08,,,,,
영등포구,11560,신길동,202606,연립다세대_전월세,(160-26),신길동,160-26,39.56,,29000,0,3,13,2015,신규,26.07~28.07,,,,,
영등포구,11560,영등포동4가,202606,연립다세대_전월세,스퀘어뷰,영등포동4가,117-7,22.04,,5000,60,6,2,2016,신규,26.06~27.06,,,,,
영등포구,11560,영등포동,202606,연립다세대_전월세,현대빌,영등포동,575-3,54.76,,30000,0,2,12,2008,신규,26.07~28.07,,,,,
영등포구,11560,영등포동,202606,연립다세대_전월세,늘그린이앤씨,영등포동,620-207,26.52,,25650,0,5,8,2021,갱신,26.06~28.06,25650.0,,,,
영등포구,11560,영등포동7가,202606,연립다세대_전월세,골든힐C동,영등포동7가,94-13,29.99,,7000,100,8,8,2016,신규,26.07~28.07,,,,,
영등포구,11560,당산동6가,202606,연립다세대_전월세,굿모닝빌,당산동6가,9-1,16.86,,11000,0,5,12,2011,신규,26.07~28.07,,,,,
영등포구,11560,양평동3가,202606,연립다세대_전월세,어썸씨티,양평동3가,78-3,29.94,,28700,5,7,11,2020,갱신,26.08~28.08,28700.0,,사용,,
영등포구,11560,신길동,202606,연립다세대_전월세,퍼스트빌,신길동,4934-19,29.68,,17500,0,3,13,2018,갱신,26.07~27.07,17500.0,,,,
영등포구,11560,도림동,202606,연립다세대_전월세,로즈힐,도림동,141-141,29.71,,28000,0,4,12,2023,신규,26.08~28.08,,,,,
영등포구,11560,대림동,202606,연립다세대_전월세,현대빌라23동,대림동,786-23,40.35,,8700,26,3,12,1988,신규,26.06~28.06,,,,,
영등포구,11560,양평동4가,202606,연립다세대_전월세,르네상스빌B,양평동4가,137,29.56,,17600,20,4,12,2010,갱신,26.06~28.06,23000.0,,,,
영등포구,11560,영등포동8가,202606,연립다세대_전월세,더로드2,영등포동8가,48-2,27.54,,14800,11,8,11,2017,신규,26.07~28.07,,,,,
영등포구,11560,당산동1가,202606,연립다세대_전월세,신현빌,당산동1가,256-17,13.62,,19900,25,8,2,2024,신규,26.07~28.07,,,,,
영등포구,11560,양평동6가,202606,연립다세대_전월세,양평도담빌A,양평동6가,10-10,29.91,,20400,20,3,11,2016,신규,26.08~28.08,,,,,
영등포구,11560,양평동2가,202606,연립다세대_전월세,진영주택,양평동2가,34-5,51.7,,25000,0,3,3,2002,신규,26.09~28.09,,,,,
영등포구,11560,신길동,202606,연립다세대_전월세,아트라움,신길동,4668-4,27.69,,1033,30,5,10,2025,신규,26.06~28.08,,,,,
영등포구,11560,당산동3가,202606,연립다세대_전월세,당산파크뷰,당산동3가,398-1,14.79,,18500,25,9,11,2022,갱신,26.07~28.07,23500.0,5.0,,,
영등포구,11560,대림동,202606,연립다세대_전월세,OaktreevilDR2,대림동,775-11,26.53,,2591,27,3,11,2022,신규,26.06~28.08,,,,,
영등포구,11560,대림동,202606,연립다세대_전월세,라움캐슬,대림동,1011-4,25.27,,24000,0,4,11,2026,신규,26.07~28.07,,,,,
영등포구,11560,당산동6가,202606,연립다세대_전월세,금호주택3동(103-3),당산동6가,103-3,41.13,,10000,42,2,9,1986,갱신,26.07~28.07,10000.0,40.0,사용,,
영등포구,11560,당산동1가,202606,연립다세대_전월세,삼정주택,당산동1가,230,27.32,,2513,26,5,11,2022,신규,26.06~28.08,,,,,
영등포구,11560,당산동4가,202606,연립다세대_전월세,동원빌리지,당산동4가,32-87,27.89,,23900,30,3,9,2017,신규,26.06~28.06,,,,,
영등포구,11560,영등포동,202606,연립다세대_전월세,CITY HOUSE(571-8),영등포동,571-8,14.72,,8800,22,4,11,2012,신규,26.07~28.07,,,,,
영등포구,11560,신길동,202606,연립다세대_전월세,아트라움,신길동,4668-4,26.97,,100,30,6,11,2025,신규,26.06~28.08,,,,,
영등포구,11560,대림동,202606,연립다세대_전월세,미래스위트하우스에이동,대림동,751-30,29.7,,18000,0,2,10,2015,신규,26.06~26.10,,,,,
영등포구,11560,대림동,202606,연립다세대_전월세,경동파크빌,대림동,737-2,29.94,,200,57,2,11,2022,신규,26.06~28.08,,,,,
영등포구,11560,문래동3가,202606,연립다세대_전월세,세종에버그린,문래동3가,81,25.97,,26800,0,7,9,2017,신규,26.08~28.08,,,,,
영등포구,11560,대림동,202606,연립다세대_전월세,라움캐슬,대림동,1011-4,29.11,,25500,0,2,9,2026,신규,26.07~28.07,,,,,
영등포구,11560,대림동,202606,연립다세대_전월세,우성아트빌,대림동,1011-18,29.94,,20000,0,2,10,2016,신규,26.07~28.07,,,,,
영등포구,11560,양평동5가,202606,연립다세대_전월세,선유도리버빌B동,양평동5가,121-4,29.71,,19000,30,2,1,2015,신규,26.07~28.07,,,,,
영등포구,11560,신길동,202606,연립다세대_전월세,아트라움,신길동,4668-4,27.69,,100,32,2,10,2025,신규,26.06~28.08,,,,,
영등포구,11560,신길동,202606,연립다세대_전월세,아트라움,신길동,4668-4,26.97,,2457,25,4,10,2025,신규,26.06~28.08,,,,,
영등포구,11560,영등포동1가,202606,연립다세대_전월세,봉주르오피스텔,영등포동1가,31-3,28.62,,12000,55,11,4,2021,신규,26.07~28.07,,,,,
영등포구,11560,양평동5가,202606,연립다세대_전월세,선유도나인빌A동,양평동5가,108-4,29.86,,24675,0,2,8,2015,갱신,26.07~28.07,23500.0,,사용,,
영등포구,11560,양평동4가,202606,연립다세대_전월세,르네상스빌B,양평동4가,137,29.99,,18000,10,3,9,2010,신규,26.07~28.07,,,,,
영등포구,11560,당산동3가,202606,연립다세대_전월세,레스트힐,당산동3가,7,16.24,,18000,0,9,9,2021,신규,26.08~28.08,,,,,
영등포구,11560,영등포동6가,202606,연립다세대_전월세,현대하이츠,영등포동6가,121-6,29.01,,22400,33,5,8,2018,신규,26.07~28.07,,,,,
영등포구,11560,대림동,202606,연립다세대_전월세,성강케렌시아,대림동,663,28.74,,26000,0,4,5,2020,신규,26.07~28.07,,,,,
영등포구,11560,대림동,202606,연립다세대_전월세,민하우스2,대림동,680-3,36.49,,2945,30,5,10,2023,신규,26.06~28.08,,,,,
영등포구,11560,신길동,202606,연립다세대_전월세,아트라움,신길동,4668-4,29.19,,2628,27,4,10,2025,신규,26.06~28.08,,,,,
영등포구,11560,신길동,202606,연립다세대_전월세,팰리스(2-38),신길동,2-38,50.13,,24000,0,2,8,2008,갱신,26.08~28.08,24000.0,,사용,,
영등포구,11560,신길동,202606,연립다세대_전월세,가온재,신길동,276-39,42.71,,23000,0,3,9,2017,신규,26.07~28.07,,,,,
영등포구,11560,신길동,202606,연립다세대_전월세,페트라하우스,신길동,278-80,29.88,,25400,0,5,9,2020,신규,26.08~28.08,,,,,
영등포구,11560,신길동,202606,연립다세대_전월세,아트라움,신길동,4668-4,27.69,,2583,27,5,10,2025,신규,26.06~28.08,,,,,
영등포구,11560,신길동,202606,연립다세대_전월세,아트라움,신길동,4668-4,27.69,,2439,25,2,9,2025,신규,26.06~28.08,,,,,
영등포구,11560,신길동,202606,연립다세대_전월세,모리54,신길동,355-54,27.82,,20000,0,2,8,2026,신규,26.07~28.07,,,,,
영등포구,11560,당산동1가,202606,연립다세대_전월세,康南,당산동1가,458,12.58,,10500,5,5,8,2012,신규,26.07~28.07,,,,,
영등포구,11560,양평동4가,202606,연립다세대_전월세,양평쉐르빌,양평동4가,277-2,27.48,,22500,27,5,8,2016,갱신,26.08~28.08,22500.0,20.0,사용,,
영등포구,11560,당산동,202606,연립다세대_전월세,가온빌,당산동,121-289,21.4,,4500,45,12,9,2016,신규,26.07~27.07,,,,,
영등포구,11560,양평동4가,202606,연립다세대_전월세,양평동다세대주택(178-0),양평동4가,178,48.36,,4000,83,3,2,2002,갱신,26.06~28.06,4000.0,80.0,사용,,
영등포구,11560,신길동,202606,연립다세대_전월세,아트라움,신길동,4668-4,27.69,,100,33,4,9,2025,신규,26.06~28.08,,,,,
영등포구,11560,신길동,202606,연립다세대_전월세,아트라움,신길동,4668-4,29.19,,2628,27,3,9,2025,신규,26.06~28.08,,,,,
영등포구,11560,신길동,202606,연립다세대_전월세,쌍용프라임,신길동,150-3,27.86,,12000,60,4,8,2019,신규,26.07~28.07,,,,,
영등포구,11560,신길동,202606,연립다세대_전월세,아트라움,신길동,4668-4,27.69,,100,31,6,9,2025,신규,26.06~28.08,,,,,
영등포구,11560,신길동,202606,연립다세대_전월세,해주빌라B동,신길동,149,27.09,,500,42,1,2,1995,신규,26.07~28.07,,,,,
영등포구,11560,신길동,202606,연립다세대_전월세,한림캐슬,신길동,4828,16.57,,1000,65,5,9,2015,신규,26.06~27.06,,,,,
영등포구,11560,영등포동,202606,연립다세대_전월세,(620-221),영등포동,620-221,13.4,,500,50,5,7,2012,신규,26.06~28.06,,,,,
영등포구,11560,영등포동5가,202606,연립다세대_전월세,보금빌라(41-24),영등포동5가,41-24,62.53,,18900,0,2,6,2002,갱신,26.06~28.06,18900.0,,사용,,
영등포구,11560,양평동3가,202606,연립다세대_전월세,롯데팰리스,양평동3가,30-6,21.98,,24600,11,5,5,2018,갱신,26.07~28.07,24600.0,11.0,,,
영등포구,11560,영등포동6가,202606,연립다세대_전월세,현대하이츠,영등포동6가,121-6,29.01,,22400,33,5,8,2018,신규,26.07~28.07,,,,,
영등포구,11560,양평동6가,202606,연립다세대_전월세,"아트리버빌G동,F동",양평동6가,20-3,29.62,,20700,12,3,6,2015,갱신,26.07~28.07,19600.0,,,,
영등포구,11560,영등포동2가,202606,연립다세대_전월세,파스텔하임,영등포동2가,29-74,29.12,,3500,135,2,8,2025,신규,26.06~28.06,,,,,
영등포구,11560,대림동,202606,연립다세대_전월세,에덴타워,대림동,854-5,48.21,,27000,0,3,1,2018,신규,26.07~28.07,,,,,
영등포구,11560,영등포동4가,202606,연립다세대_전월세,디타워,영등포동4가,117-1,11.88,,13000,0,6,5,2020,신규,26.07~28.06,,,,,
영등포구,11560,신길동,202606,연립다세대_전월세,한나주택,신길동,4914-9,56.1,,8000,60,3,7,2006,신규,26.07~28.07,,,,,
영등포구,11560,당산동,202606,연립다세대_전월세,여의나루더명남더블레스,당산동,121-72,26.81,,25450,14,11,5,2019,신규,26.07~28.07,,,,,
영등포구,11560,신길동,202606,연립다세대_전월세,르네상스타워,신길동,16-9,18.75,,5000,45,6,6,2013,신규,26.06~28.06,,,,,
영등포구,11560,당산동,202606,연립다세대_전월세,여의나루더명남더블레스,당산동,121-72,27.72,,26000,22,14,6,2019,신규,26.07~28.07,,,,,
영등포구,11560,영등포동2가,202606,연립다세대_전월세,더메종315,영등포동2가,315,28.05,,25000,17,8,6,2019,신규,26.07~28.07,,,,,
영등포구,11560,양평동5가,202606,연립다세대_전월세,청풍스카이파크,양평동5가,87-1,25.87,,20000,30,6,6,2015,신규,26.08~28.08,,,,,
영등포구,11560,도림동,202606,연립다세대_전월세,시온(Zion)하우스,도림동,137-7,19.54,,19600,4,3,3,2022,갱신,26.08~28.08,19800.0,,,,
영등포구,11560,양평동6가,202606,연립다세대_전월세,양평도담빌B,양평동6가,10-11,29.99,,20200,30,3,4,2016,갱신,26.07~28.07,18900.0,30.0,,,
영등포구,11560,당산동6가,202606,연립다세대_전월세,당산이레,당산동6가,237-17,29.5,,26300,10,4,3,2016,신규,26.07~28.07,,,,,
영등포구,11560,신길동,202606,연립다세대_전월세,여의도스테이B동,신길동,1354-1,27.12,,29600,0,2,1,2024,신규,26.08~28.08,,,,,
영등포구,11560,영등포동2가,202606,연립다세대_전월세,와이에이치빌리지,영등포동2가,94-319,11.83,,17200,20,8,2,2020,갱신,26.07~28.07,17200.0,10.0,,,
영등포구,11560,대림동,202606,연립다세대_전월세,일공칠오(1075),대림동,1075-9,84.71,,7000,100,2,1,2002,신규,26.06~28.06,,,,,
영등포구,11560,당산동1가,202606,연립다세대_전월세,신현빌,당산동1가,256-17,13.62,,19900,25,8,2,2024,신규,26.07~28.07,,,,,
영등포구,11560,대림동,202606,연립다세대_전월세,(875-13),대림동,875-13,41.76,,16500,0,2,5,2002,신규,26.07~28.07,,,,,
영등포구,11560,당산동3가,202606,연립다세대_전월세,진성오피스텔,당산동3가,10,71.76,,40000,0,5,4,2010,갱신,26.07~28.07,39000.0,,사용,,
영등포구,11560,신길동,202606,연립다세대_전월세,디에이원파크,신길동,101-13,23.08,,31500,0,13,5,2020,갱신,26.07~28.07,30000.0,,사용,,
영등포구,11560,신길동,202606,연립다세대_전월세,GAVINHOUSE,신길동,4432,19.8,,12000,0,3,3,2013,신규,26.07~28.07,,,,,
영등포구,11560,영등포동,202606,연립다세대_전월세,CITY HOUSE(571-8),영등포동,571-8,13.71,,8000,11,3,4,2012,신규,26.06~28.06,,,,,
영등포구,11560,영등포동7가,202606,연립다세대_전월세,영신빌라(94-9),영등포동7가,94-9,47.34,,14000,20,1,4,1993,신규,26.10~28.10,,,,,
영등포구,11560,당산동1가,202606,연립다세대_전월세,파비엥노블레스101동,당산동1가,186-106,29.95,,23300,25,6,4,2017,신규,26.07~28.07,,,,,
영등포구,11560,대림동,202606,연립다세대_전월세,태성파크타운,대림동,775-14,35.31,,100,31,2,4,2025,신규,26.06~28.08,,,,,
영등포구,11560,양평동1가,202606,연립다세대_전월세,성운하우징,양평동1가,213-1,29.81,,30000,7,4,4,2020,신규,26.07~28.07,,,,,
영등포구,11560,당산동6가,202606,연립다세대_전월세,해울빌,당산동6가,234-12,26.23,,31000,0,6,4,2018,신규,26.07~28.06,,,,,
영등포구,11560,당산동1가,202606,연립다세대_전월세,삼현스위트홈(256-80),당산동1가,256-80,51.51,,16700,17,4,3,2004,신규,26.07~28.07,,,,,
영등포구,11560,영등포동2가,202606,연립다세대_전월세,미담,영등포동2가,28-142,27.98,,22000,20,8,2,2018,신규,26.07~28.07,,,,,
영등포구,11560,대림동,202606,연립다세대_전월세,라움캐슬,대림동,1011-4,29.11,,25550,0,2,3,2026,신규,26.06~28.06,,,,,
영등포구,11560,도림동,202606,연립다세대_전월세,브라보빌2,도림동,187-34,36.04,,26800,0,5,4,2019,신규,26.07~28.07,,,,,
영등포구,11560,신길동,202606,연립다세대_전월세,모던하우스,신길동,577,27.38,,15000,25,2,1,2005,신규,26.07~28.07,,,,,
영등포구,11560,신길동,202606,연립다세대_전월세,더브리즈(225-103),신길동,225-103,28.65,,25000,0,4,3,2020,신규,26.08~28.08,,,,,
영등포구,11560,영등포동,202606,연립다세대_전월세,리뉴빌,영등포동,602-16,29.76,,19000,10,3,3,2018,신규,26.07~28.07,,,,,
영등포구,11560,대림동,202606,연립다세대_전월세,목화빌라(1055-4),대림동,1055-4,51.66,,2000,90,2,2,2003,갱신,26.06~28.06,2000.0,90.0,사용,,
영등포구,11560,당산동,202606,연립다세대_전월세,가온빌,당산동,121-289,21.4,,4000,48,13,1,2016,신규,26.07~28.07,,,,,
영등포구,11560,영등포동2가,202606,연립다세대_전월세,여의도디앤써밋,영등포동2가,94-154,19.02,,2000,120,18,1,2019,신규,26.06~27.06,,,,,
영등포구,11560,양평동5가,202606,연립다세대_전월세,선유스테이,양평동5가,8-2,24.72,,19700,33,3,1,2018,갱신,26.06~28.06,19700.0,28.0,사용,,
영등포구,11560,대림동,202606,연립다세대_전월세,성강케렌시아,대림동,663,29.97,,24600,0,6,1,2020,신규,26.07~28.07,,,,,
영등포구,11560,영등포동6가,202606,연립다세대_전월세,(33-2),영등포동6가,33-2,30.12,,5000,64,3,1,2008,갱신,26.06~28.06,5000.0,60.0,,,
영등포구,11560,도림동,202606,연립다세대_전월세,로즈힐,도림동,141-141,17.25,,17500,0,2,1,2023,신규,26.07~28.07,,,,,
영등포구,11560,영등포동,202606,아파트_전월세,영등포푸르지오,영등포동,647,79.777,,19000,162,4,26,2002,,,,,,,
영등포구,11560,신길동,202606,아파트_전월세,삼성,신길동,4759,60.48,,35000,0,10,9,1984,,,,,,,
영등포구,11560,신길동,202606,아파트_전월세,우성1,신길동,365,64.4,,40000,0,2,25,1986,,,,,,,
영등포구,11560,문래동6가,202606,아파트_전월세,현대2차,문래동6가,45,79.72,,52500,0,13,30,1987,,,,,,,
영등포구,11560,신길동,202606,아파트_전월세,우성1,신길동,365,64.4,,31500,0,9,27,1986,,,,,,,
영등포구,11560,신길동,202606,아파트_전월세,보라매에스케이뷰,신길동,4958,84.98,,10000,350,20,27,2020,,,,,,,
영등포구,11560,양평동4가,202606,아파트_전월세,삼호한숲,양평동4가,94,59.9,,48000,0,14,13,2000,,,,,,,
영등포구,11560,여의도동,202606,아파트_전월세,삼부,여의도동,30-2,77.69,,52500,0,11,27,1975,,,,,,,
영등포구,11560,신길동,202606,아파트_전월세,힐스테이트클래시안,신길동,4969,59.87,,83000,0,11,6,2020,,,,,,,
영등포구,11560,양평동1가,202606,아파트_전월세,삼환,양평동1가,245,59.76,,44100,0,2,13,1994,,,,,,,
영등포구,11560,당산동5가,202606,아파트_전월세,당산센트럴아이파크,당산동5가,43,59.98,,86100,0,8,14,2020,,,,,,,
영등포구,11560,당산동3가,202606,아파트_전월세,삼익,당산동3가,394,82.65,,42000,0,7,22,1979,,,,,,,
영등포구,11560,당산동,202606,아파트_전월세,강변래미안,당산동,376,79.43,,71400,0,9,17,2002,,,,,,,
영등포구,11560,대림동,202606,아파트_전월세,e편한세상영등포아델포레,대림동,1127,59.968,,59000,0,5,17,2020,,,,,,,
영등포구,11560,양평동3가,202606,아파트_전월세,삼호,양평동3가,66,59.96,,57750,0,10,11,1998,,,,,,,
영등포구,11560,당산동4가,202606,아파트_전월세,당산삼성2차,당산동4가,94-1,59.76,,35000,110,14,17,1997,,,,,,,
영등포구,11560,당산동4가,202606,아파트_전월세,한강아파트,당산동4가,29,59.4,,35000,0,2,17,1999,,,,,,,
영등포구,11560,영등포동,202606,아파트_전월세,영등포푸르지오,영등포동,647,79.777,,52500,0,6,13,2002,,,,,,,
영등포구,11560,당산동5가,202606,아파트_전월세,당산효성타운2차,당산동5가,13,84.38,,70000,50,11,3,2001,,,,,,,
영등포구,11560,당산동4가,202606,아파트_전월세,당산현대5차,당산동4가,30-1,59.55,,59850,0,3,5,2000,,,,,,,
영등포구,11560,영등포동,202606,아파트_전월세,순영웰라이빌,영등포동,648,84.88,,45000,0,14,3,2002,,,,,,,
영등포구,11560,당산동5가,202606,아파트_전월세,당산효성타운2차,당산동5가,13,84.38,,70000,50,11,3,2001,,,,,,,
영등포구,11560,당산동3가,202606,아파트_전월세,당산계룡리슈빌1단지,당산동3가,564,39.986,,5000,160,3,1,2014,,,,,,,
영등포구,11560,영등포동7가,202606,아파트_전월세,경남아너스빌,영등포동7가,46-1,84.82,,50000,10,13,27,1998,갱신,26.09~28.09,50000.0,,사용,,
영등포구,11560,문래동6가,202606,아파트_전월세,한신,문래동6가,43,40.04,,2000,130,11,18,1985,신규,26.08~28.08,,,,,
영등포구,11560,영등포동8가,202606,아파트_전월세,삼환,영등포동8가,76-1,84.87,,7000,250,20,9,1999,신규,26.08~28.08,,,,,
영등포구,11560,당산동,202606,아파트_전월세,강변래미안,당산동,376,79.05,,35000,166,13,20,2002,신규,26.09~28.09,,,,,
영등포구,11560,당산동3가,202606,아파트_전월세,당산어울림2차,당산동3가,563,84.8711,,30000,180,11,18,2009,신규,26.08~28.08,,,,,
영등포구,11560,당산동5가,202606,아파트_전월세,당산센트럴아이파크,당산동5가,43,59.98,,23660,32,8,10,2020,신규,26.07~28.09,,,,,
영등포구,11560,당산동4가,202606,아파트_전월세,당산삼성2차,당산동4가,94-1,59.76,,35000,110,14,17,1997,신규,26.08~28.08,,,,,
영등포구,11560,여의도동,202606,아파트_전월세,목화,여의도동,30,89.92,,65000,0,11,8,1977,신규,26.08~28.08,,,,,
영등포구,11560,도림동,202606,아파트_전월세,영등포아트자이,도림동,821,84.974,,84000,0,1,3,2014,신규,26.08~28.08,,,,,
영등포구,11560,당산동4가,202606,아파트_전월세,당산삼성2차,당산동4가,94-1,84.93,,10000,240,9,1,1997,신규,26.08~28.08,,,,,
영등포구,11560,여의도동,202606,아파트_전월세,삼부,여의도동,30-2,175.8,,145000,0,12,3,1975,신규,26.08~28.08,,,,,
영등포구,11560,문래동6가,202606,아파트_전월세,한신,문래동6가,43,107.46,,62500,0,12,26,1985,갱신,26.09~28.09,62000.0,,사용,,
영등포구,11560,당산동,202606,아파트_전월세,THESILK,당산동,121-132,45.81,,23000,0,10,17,2013,신규,26.07~28.07,,,,,
영등포구,11560,당산동5가,202606,아파트_전월세,당산효성1차,당산동5가,12,59.85,,19000,103,8,20,1999,신규,26.09~28.09,,,,,
영등포구,11560,당산동3가,202606,아파트_전월세,리마크빌당산,당산동3가,567,27.4,,2000,172,4,28,2025,신규,26.07~27.07,,,,,
영등포구,11560,당산동,202606,아파트_전월세,강변래미안,당산동,376,79.05,,78000,0,3,8,2002,신규,26.10~28.10,,,,,
영등포구,11560,당산동3가,202606,아파트_전월세,리마크빌당산,당산동3가,567,22.06,,2000,144,2,29,2025,갱신,26.08~27.08,2000.0,142.0,,,
영등포구,11560,문래동6가,202606,아파트_전월세,한신,문래동6가,43,107.46,,62500,0,12,26,1985,갱신,26.09~28.09,62000.0,,사용,,
영등포구,11560,신길동,202606,아파트_전월세,신길센트럴아이파크,신길동,4955,59.97,,61500,0,7,27,2019,갱신,26.08~28.08,58700.0,,사용,,
영등포구,11560,문래동3가,202606,아파트_전월세,국화맨션,문래동3가,76-1,84.71,,50000,0,1,30,1983,갱신,26.08~28.08,56000.0,,사용,,
영등포구,11560,여의도동,202606,아파트_전월세,롯데캐슬엠파이어,여의도동,36,165.15,,160000,0,7,20,2005,신규,26.08~28.08,,,,,
영등포구,11560,여의도동,202606,아파트_전월세,시범,여의도동,50,118.12,,10000,260,10,29,1971,신규,26.09~28.09,,,,,
영등포구,11560,대림동,202606,아파트_전월세,현대3차,대림동,608-1,84.89,,20000,130,23,18,1997,신규,26.08~28.08,,,,,
영등포구,11560,양평동5가,202606,아파트_전월세,동보,양평동5가,9-1,59.4,,60000,0,11,3,1998,신규,26.08~28.08,,,,,
영등포구,11560,문래동3가,202606,아파트_전월세,문래공원한신,문래동3가,77-2,58.96,,47000,0,5,30,1988,갱신,26.08~28.08,47000.0,,,,
영등포구,11560,여의도동,202606,아파트_전월세,삼부,여의도동,30-2,146.68,,35000,250,9,23,1975,갱신,26.08~28.08,35000.0,190.0,,,
영등포구,11560,당산동5가,202606,아파트_전월세,당산센트럴아이파크,당산동5가,43,59.98,,23660,32,8,15,2020,신규,26.07~28.09,,,,,
영등포구,11560,당산동,202606,아파트_전월세,강변래미안,당산동,376,79.05,,78000,0,3,8,2002,신규,26.10~28.10,,,,,
영등포구,11560,신길동,202606,아파트_전월세,래미안에스티움,신길동,4950,59.95,,83000,0,12,8,2017,신규,26.08~28.08,,,,,
영등포구,11560,신길동,202606,아파트_전월세,4972,신길동,4972,15.5581,,1000,61,5,16,2021,신규,26.08~27.08,,,,,
영등포구,11560,당산동3가,202606,아파트_전월세,당산한양,당산동3가,2-6,73.87,,10000,230,12,13,1986,신규,26.08~28.08,,,,,
영등포구,11560,당산동5가,202606,아파트_전월세,당산센트럴아이파크,당산동5가,43,59.98,,23660,32,10,10,2020,신규,26.07~28.09,,,,,
영등포구,11560,여의도동,202606,아파트_전월세,대교,여의도동,41,133.65,,5000,170,9,16,1975,신규,26.07~27.07,,,,,
영등포구,11560,여의도동,202606,아파트_전월세,순복음(초원),여의도동,11-1,66.94,,5000,150,12,29,1971,신규,26.08~28.08,,,,,
영등포구,11560,당산동,202606,아파트_전월세,래미안당산1차,당산동,374,114.79,,76000,14,11,20,1995,갱신,26.10~28.10,76000.0,,사용,,
영등포구,11560,신길동,202606,아파트_전월세,래미안에스티움,신길동,4950,118.03,,10000,370,3,27,2017,신규,26.08~28.08,,,,,
영등포구,11560,신길동,202606,아파트_전월세,보라매경남아너스빌,신길동,4780,84.79,,40000,120,17,5,2005,신규,26.08~28.08,,,,,
영등포구,11560,대림동,202606,아파트_전월세,보라매 신동아 파밀리에,대림동,1125,59.95,,51500,0,7,20,2016,갱신,26.09~28.09,50000.0,,사용,,
영등포구,11560,대림동,202606,아파트_전월세,신동아,대림동,777-1,53.37,,30000,0,8,10,1987,신규,26.09~28.09,,,,,
영등포구,11560,문래동4가,202606,아파트_전월세,문래동삼환,문래동4가,43,84.98,,10000,200,5,6,2001,신규,26.07~28.07,,,,,
영등포구,11560,당산동4가,202606,아파트_전월세,당산삼성2차,당산동4가,94-1,59.76,,64500,0,11,21,1997,신규,26.07~28.07,,,,,
영등포구,11560,문래동6가,202606,아파트_전월세,현대6차,문래동6가,55-1,50.55,,43000,0,18,8,1997,신규,26.07~28.07,,,,,
영등포구,11560,문래동6가,202606,아파트_전월세,현대1차,문래동6가,46,64.38,,5000,200,10,23,1986,신규,26.07~28.07,,,,,
영등포구,11560,신길동,202606,아파트_전월세,삼환,신길동,897-1,59.53,,50000,40,8,20,1997,신규,26.08~28.08,,,,,
영등포구,11560,당산동4가,202606,아파트_전월세,당산현대3차,당산동4가,88,59.26,,55000,0,13,3,1988,신규,26.09~28.09,,,,,
영등포구,11560,대림동,202606,아파트_전월세,현대3차,대림동,608-1,59.83,,10000,150,12,16,1997,신규,26.07~28.07,,,,,
영등포구,11560,문래동3가,202606,아파트_전월세,문래공원한신,문래동3가,77-2,58.96,,40000,70,11,26,1988,신규,26.11~28.11,,,,,
영등포구,11560,신길동,202606,아파트_전월세,우성1,신길동,365,64.4,,30800,0,1,24,1986,갱신,26.08~28.08,29400.0,,사용,,
영등포구,11560,신길동,202606,아파트_전월세,우성1,신길동,365,64.4,,40000,0,2,25,1986,신규,26.09~28.09,,,,,
영등포구,11560,여의도동,202606,아파트_전월세,시범,여의도동,50,156.99,,21000,0,10,28,1971,신규,26.10~28.10,,,,,
영등포구,11560,신길동,202606,아파트_전월세,우성1,신길동,365,49.64,,20000,0,4,6,1986,신규,26.07~28.07,,,,,
영등포구,11560,신길동,202606,아파트_전월세,우성3,신길동,4656,53.24,,39900,0,8,3,1989,갱신,26.08~28.08,38000.0,,사용,,
영등포구,11560,대림동,202606,아파트_전월세,신동아,대림동,777-1,67.41,,30000,0,4,24,1987,신규,26.06~28.06,,,,,
영등포구,11560,여의도동,202606,아파트_전월세,삼부,여의도동,30-2,92.13,,27000,110,6,20,1975,갱신,26.06~28.06,27000.0,110.0,,,
영등포구,11560,영등포동7가,202606,아파트_전월세,아크로타워스퀘어,영등포동7가,203,84.65,,86205,0,29,11,2017,갱신,26.07~27.07,82100.0,,,,
영등포구,11560,양평동1가,202606,아파트_전월세,영등포자이디그니티,양평동1가,273,59.9921,,94000,0,28,27,2026,신규,26.07~28.07,,,,,
영등포구,11560,여의도동,202606,아파트_전월세,미성,여의도동,37,92.56,,80000,0,11,3,1978,신규,26.08~28.08,,,,,
영등포구,11560,대림동,202606,아파트_전월세,대림동갑을명가아파트,대림동,1119,84.87,,51000,0,5,26,2005,신규,26.07~28.07,,,,,
영등포구,11560,여의도동,202606,아파트_전월세,브라이튼여의도,여의도동,525,84.132,,215000,0,40,1,2023,신규,26.10~28.10,,,,,
영등포구,11560,신길동,202606,아파트_전월세,보라매에스케이뷰,신길동,4958,39.98,,3579,19,5,10,2020,신규,26.06~28.08,,,,,
영등포구,11560,여의도동,202606,아파트_전월세,브라이튼여의도,여의도동,525,84.132,,202650,0,43,26,2023,갱신,26.07~28.07,193000.0,,사용,,
영등포구,11560,당산동6가,202606,아파트_전월세,디마크당산,당산동6가,331-1,37.33,,5000,210,7,21,2025,신규,26.07~27.07,,,,,
영등포구,11560,신길동,202606,아파트_전월세,비스타동원,신길동,4975,15.3664,,16000,1,10,11,2024,신규,26.07~28.07,,,,,
영등포구,11560,대림동,202606,아파트_전월세,우성2,대림동,695,79.91,,10000,150,12,28,1992,신규,26.07~28.07,,,,,
영등포구,11560,신길동,202606,아파트_전월세,더샵파크프레스티지,신길동,4974,84.9005,,70000,25,32,20,2022,갱신,26.08~28.08,75000.0,,사용,,
영등포구,11560,영등포동,202606,아파트_전월세,영등포푸르지오,영등포동,647,79.777,,70000,0,19,15,2002,신규,26.08~28.08,,,,,
영등포구,11560,당산동5가,202606,아파트_전월세,당산센트럴아이파크,당산동5가,43,114.98,,10000,480,11,30,2020,갱신,26.07~28.07,10000.0,410.0,,,
영등포구,11560,여의도동,202606,아파트_전월세,브라이튼여의도,여의도동,525,113.9657,,265400,300,38,16,2023,신규,26.07~28.07,,,,,
영등포구,11560,여의도동,202606,아파트_전월세,시범,여의도동,50,79.24,,2000,170,7,29,1971,신규,26.07~27.07,,,,,
영등포구,11560,당산동5가,202606,아파트_전월세,당산효성1차,당산동5가,12,59.85,,73000,0,9,29,1999,갱신,26.12~27.10,52092.0,,,,
영등포구,11560,여의도동,202606,아파트_전월세,브라이튼여의도,여의도동,525,101.9509,,212700,80,18,1,2023,갱신,26.07~28.07,212700.0,80.0,사용,,
영등포구,11560,영등포동,202606,아파트_전월세,영등포푸르지오,영등포동,647,73.133,,72000,0,21,20,2002,신규,26.09~28.09,,,,,
영등포구,11560,양평동5가,202606,아파트_전월세,양평한신,양평동5가,76,84.87,,40000,120,3,18,1996,갱신,26.06~30.06,23000.0,30.0,,,
영등포구,11560,신길동,202606,아파트_전월세,보라매에스케이뷰,신길동,4958,84.98,,84000,0,12,27,2020,갱신,26.08~28.08,80000.0,,사용,,
영등포구,11560,문래동5가,202606,아파트_전월세,문래모아미래도,문래동5가,67,84.81,,80000,0,7,20,2017,신규,26.09~28.09,,,,,
영등포구,11560,여의도동,202606,아파트_전월세,목화,여의도동,30,89.26,,69000,0,2,11,1977,신규,26.07~28.07,,,,,
영등포구,11560,영등포동3가,202606,아파트_전월세,포레스트힐시티,영등포동3가,19-2,13.53,,500,65,5,22,2014,신규,26.07~27.07,,,,,
영등포구,11560,당산동5가,202606,아파트_전월세,당산디오빌,당산동5가,11-33,38.97,,2000,155,15,26,2005,신규,26.07~28.07,,,,,
영등포구,11560,영등포동7가,202606,아파트_전월세,여의휴젠느,영등포동7가,94-99,29.95,,3150,126,11,25,2018,갱신,26.06~28.06,3000.0,120.0,사용,,
영등포구,11560,영등포동1가,202606,아파트_전월세,내이처해밀,영등포동1가,145,14.24,,1000,70,11,20,2012,신규,26.07~27.07,,,,,
영등포구,11560,당산동6가,202606,아파트_전월세,유탑유블레스,당산동6가,336-4,13.7067,,3000,56,4,9,2012,신규,26.07~27.07,,,,,
영등포구,11560,여의도동,202606,아파트_전월세,광장,여의도동,28,186.94,,110000,0,1,24,1978,신규,26.08~28.08,,,,,
영등포구,11560,신길동,202606,아파트_전월세,보라매에스케이뷰,신길동,4958,84.98,,100000,0,25,26,2020,갱신,26.09~28.09,83000.0,,,,
영등포구,11560,신길동,202606,아파트_전월세,삼성래미안,신길동,4934,84.91,,57750,0,4,9,2001,갱신,26.08~28.08,55000.0,,사용,,
영등포구,11560,당산동5가,202606,아파트_전월세,당산센트럴아이파크,당산동5가,43,84.98,,80000,140,25,22,2020,갱신,26.07~28.07,85000.0,90.0,,,
영등포구,11560,양평동2가,202606,아파트_전월세,상록수,양평동2가,45,59.99,,40000,0,16,24,1999,신규,26.07~28.07,,,,,
영등포구,11560,영등포동7가,202606,아파트_전월세,아크로타워스퀘어,영등포동7가,203,84.65,,115000,0,35,24,2017,신규,26.08~28.08,,,,,
영등포구,11560,여의도동,202606,아파트_전월세,수정,여의도동,32,150.65,,75000,180,8,25,1976,신규,26.08~28.08,,,,,
영등포구,11560,영등포동,202606,아파트_전월세,영등포푸르지오,영등포동,647,79.777,,70000,0,19,15,2002,신규,26.08~28.08,,,,,
영등포구,11560,대림동,202606,아파트_전월세,e편한세상영등포아델포레,대림동,1127,59.968,,57500,11,12,21,2020,갱신,26.08~28.08,57500.0,,사용,,
영등포구,11560,신길동,202606,아파트_전월세,신길센트럴자이아파트,신길동,4964,84.98,,76600,0,9,21,2021,갱신,26.08~28.08,73000.0,,사용,,
영등포구,11560,신길동,202606,아파트_전월세,우성2,신길동,4518,53.24,,10000,70,14,27,1986,신규,26.07~28.07,,,,,
영등포구,11560,대림동,202606,아파트_전월세,현대3차,대림동,608-1,59.83,,59000,0,3,24,1997,신규,26.08~28.08,,,,,
영등포구,11560,신길동,202606,아파트_전월세,우성2,신길동,4518,53.24,,10000,70,14,27,1986,신규,26.07~28.07,,,,,
영등포구,11560,문래동6가,202606,아파트_전월세,문래롯데캐슬,문래동6가,57,51.25,,20000,62,10,19,2020,신규,26.07~28.07,,,,,
영등포구,11560,신길동,202606,아파트_전월세,신길센트럴아이파크,신길동,4955,59.97,,40000,92,12,27,2019,갱신,26.09~28.09,40000.0,80.0,사용,,
영등포구,11560,양평동3가,202606,아파트_전월세,양평역미소지움,양평동3가,106,59.343,,29900,95,18,27,2018,갱신,26.09~28.09,29900.0,70.0,,,
영등포구,11560,당산동5가,202606,아파트_전월세,유원제일2차,당산동5가,7-2,84.6,,50000,0,11,20,1984,갱신,26.06~28.06,48000.0,,,,
영등포구,11560,영등포동7가,202606,아파트_전월세,경남아너스빌,영등포동7가,46-1,59.9,,10000,159,3,27,1998,갱신,26.08~28.08,10000.0,150.0,사용,,
영등포구,11560,영등포동,202606,아파트_전월세,영등포푸르지오,영등포동,647,73.133,,50400,0,14,17,2002,신규,26.09~28.09,,,,,
영등포구,11560,신길동,202606,아파트_전월세,프리가,신길동,65-21,16.09,,1000,75,11,20,2013,신규,26.08~27.08,,,,,
영등포구,11560,영등포동7가,202606,아파트_전월세,경남아너스빌,영등포동7가,46-1,84.93,,49350,50,3,19,1998,신규,26.06~28.06,,,,,
영등포구,11560,여의도동,202606,아파트_전월세,브라이튼여의도,여의도동,525,113.9657,,20000,1500,15,30,2023,신규,26.07~28.06,,,,,
영등포구,11560,문래동6가,202606,아파트_전월세,문래롯데캐슬,문래동6가,57,53.79,,25000,53,6,11,2020,신규,26.07~28.07,,,,,
영등포구,11560,대림동,202606,아파트_전월세,(1101-1),대림동,1101-1,14.46,,1000,55,5,20,2012,신규,26.07~27.07,,,,,
영등포구,11560,여의도동,202606,아파트_전월세,공작,여의도동,21-2,93.06,,48000,0,7,27,1976,신규,26.07~28.07,,,,,
영등포구,11560,영등포동,202606,아파트_전월세,영등포푸르지오,영등포동,647,84.908,,63000,0,20,20,2002,갱신,26.07~28.07,60000.0,,사용,,
영등포구,11560,문래동3가,202606,아파트_전월세,문래공원한신,문래동3가,77-2,58.96,,20000,87,8,8,1988,갱신,26.06~28.06,20000.0,80.0,사용,,
영등포구,11560,신길동,202606,아파트_전월세,삼성래미안,신길동,4934,114.87,,63000,0,6,19,2001,갱신,26.06~28.06,60000.0,,사용,,
영등포구,11560,영등포동7가,202606,아파트_전월세,훼미리하우스117,영등포동7가,94-51,16.9,,5000,45,6,20,2012,신규,26.07~28.07,,,,,
영등포구,11560,신길동,202606,아파트_전월세,더샵파크프레스티지,신길동,4974,84.9626,,60000,100,12,30,2022,갱신,26.09~28.09,45000.0,95.0,,,
영등포구,11560,영등포동1가,202606,아파트_전월세,여의도씨티아이,영등포동1가,113-1,12.89,,500,68,15,22,2013,신규,26.07~27.06,,,,,
영등포구,11560,당산동4가,202606,아파트_전월세,당산현대5차,당산동4가,30-1,114.84,,80000,84,23,17,2000,신규,26.09~28.09,,,,,
영등포구,11560,여의도동,202606,아파트_전월세,"광장(1,2동)",여의도동,38-1,151.24,,128000,0,14,23,1978,갱신,26.07~28.07,118000.0,,,,
영등포구,11560,영등포동8가,202606,아파트_전월세,당산푸르지오,영등포동8가,91,84.98,,20000,190,14,22,2004,갱신,26.07~28.07,20000.0,140.0,,,
영등포구,11560,당산동3가,202606,아파트_전월세,리마크빌당산,당산동3가,567,27.02,,2000,172,7,22,2025,신규,26.07~27.07,,,,,
영등포구,11560,대림동,202606,아파트_전월세,e편한세상영등포아델포레,대림동,1127,84.9948,,80000,0,2,30,2020,신규,26.09~28.09,,,,,
영등포구,11560,영등포동1가,202606,아파트_전월세,여의도의아침,영등포동1가,29,12.32,,1000,60,6,23,2012,신규,26.07~27.07,,,,,
영등포구,11560,신길동,202606,아파트_전월세,프리가,신길동,65-21,16.09,,1000,74,13,15,2013,신규,26.07~27.07,,,,,
영등포구,11560,여의도동,202606,아파트_전월세,시범,여의도동,50,118.12,,3000,200,1,27,1971,신규,26.10~28.10,,,,,
영등포구,11560,당산동4가,202606,아파트_전월세,당산현대5차,당산동4가,30-1,59.55,,59850,0,3,6,2000,갱신,26.06~28.06,57000.0,,사용,,
영등포구,11560,당산동5가,202606,아파트_전월세,당산효성1차,당산동5가,12,134.77,,108000,0,10,24,1999,신규,26.10~28.10,,,,,
영등포구,11560,문래동3가,202606,아파트_전월세,문래우정,문래동3가,78,84.99,,15000,150,6,15,1998,신규,26.10~28.10,,,,,
영등포구,11560,여의도동,202606,아파트_전월세,목화,여의도동,30,51.07,,31100,0,5,30,1977,갱신,26.07~28.07,29700.0,,,,
영등포구,11560,대림동,202606,아파트_전월세,신대림신동아파밀리에,대림동,1124,84.9563,,40000,60,2,19,2013,신규,26.08~28.08,,,,,
영등포구,11560,영등포동1가,202606,아파트_전월세,여의도의아침,영등포동1가,29,12.38,,1000,55,8,9,2012,신규,26.08~27.08,,,,,
영등포구,11560,신길동,202606,아파트_전월세,래미안에스티움,신길동,4950,39.85,,5259,7,3,8,2017,신규,26.06~28.08,,,,,
영등포구,11560,영등포동8가,202606,아파트_전월세,영등포메이준2011,영등포동8가,51-1,12.11,,2000,55,12,29,2012,신규,26.08~27.08,,,,,
영등포구,11560,신길동,202606,아파트_전월세,삼환,신길동,897-1,84.84,,57700,0,14,30,1997,갱신,26.08~28.08,55000.0,,사용,,
영등포구,11560,여의도동,202606,아파트_전월세,롯데캐슬엠파이어,여의도동,36,126.75,,80000,162,3,10,2005,갱신,26.08~28.08,80000.0,140.0,사용,,
영등포구,11560,문래동3가,202606,아파트_전월세,문래공원한신,문래동3가,77-2,58.96,,29000,89,12,14,1988,갱신,26.08~28.08,29000.0,80.0,사용,,
영등포구,11560,양평동2가,202606,아파트_전월세,양평벽산블루밍,양평동2가,23,71.04,,52000,0,15,15,1990,신규,26.07~28.07,,,,,
영등포구,11560,당산동3가,202606,아파트_전월세,당산계룡리슈빌1단지,당산동3가,564,38.77,,5000,180,16,27,2014,신규,26.07~28.04,,,,,
영등포구,11560,당산동3가,202606,아파트_전월세,당산계룡리슈빌1단지,당산동3가,564,42.294,,15000,150,10,27,2014,신규,26.08~28.08,,,,,
영등포구,11560,당산동3가,202606,아파트_전월세,당산계룡리슈빌1단지,당산동3가,564,40.136,,36900,15,3,5,2014,갱신,26.07~28.07,36900.0,8.0,사용,,
영등포구,11560,신길동,202606,아파트_전월세,래미안에스티움,신길동,4950,59.95,,71400,0,17,29,2017,갱신,26.10~28.10,68000.0,,사용,,
영등포구,11560,양평동3가,202606,아파트_전월세,삼호,양평동3가,66,84.92,,10000,190,6,16,1998,신규,26.09~28.09,,,,,
영등포구,11560,신길동,202606,아파트_전월세,힐스테이트클래시안,신길동,4969,59.87,,57500,0,13,10,2020,갱신,26.10~28.10,57500.0,,,,
영등포구,11560,당산동2가,202606,아파트_전월세,당산대우,당산동2가,16-1,31.73,,28000,0,19,13,1999,갱신,26.08~28.08,28000.0,,사용,,
영등포구,11560,영등포동,202606,아파트_전월세,영등포푸르지오,영등포동,647,84.908,,25000,140,22,18,2002,갱신,26.08~28.08,25000.0,107.0,,,
영등포구,11560,양평동5가,202606,아파트_전월세,양평한신,양평동5가,76,59.94,,46000,0,16,22,1996,갱신,26.06~28.06,43000.0,,,,
영등포구,11560,당산동4가,202606,아파트_전월세,당산현대5차,당산동4가,30-1,59.75,,30000,130,3,23,2000,갱신,26.08~28.08,30000.0,120.0,사용,,
영등포구,11560,대림동,202606,아파트_전월세,코오롱,대림동,607-1,84.93,,40000,80,1,30,1998,신규,26.09~28.09,,,,,
영등포구,11560,당산동5가,202606,아파트_전월세,당산효성1차,당산동5가,12,59.85,,5000,210,13,19,1999,갱신,26.08~28.08,5000.0,200.0,사용,,
영등포구,11560,영등포동1가,202606,아파트_전월세,여의도의아침,영등포동1가,29,12.38,,1000,58,7,30,2012,신규,26.07~27.07,,,,,
영등포구,11560,신길동,202606,아파트_전월세,삼성,신길동,4759,73.98,,2500,101,12,13,1984,갱신,26.07~28.07,2500.0,96.0,사용,,
영등포구,11560,여의도동,202606,아파트_전월세,미성,여의도동,37,101.29,,68250,0,9,4,1978,갱신,26.06~28.06,65000.0,,사용,,
영등포구,11560,도림동,202606,아파트_전월세,영등포아트자이,도림동,821,51.012,,4028,25,1,30,2014,갱신,26.07~28.06,3693.0,23.0,,,
영등포구,11560,당산동5가,202606,아파트_전월세,당산디오빌,당산동5가,11-33,28.86,,29000,10,4,15,2005,신규,26.07~28.07,,,,,
영등포구,11560,영등포동8가,202606,아파트_전월세,영등포메이준2011,영등포동8가,51-1,12.11,,1000,65,12,20,2012,신규,26.07~28.06,,,,,
영등포구,11560,영등포동5가,202606,아파트_전월세,현대프라자,영등포동5가,49-1,59.96,,25000,60,3,27,1999,신규,26.08~28.08,,,,,
영등포구,11560,영등포동,202606,아파트_전월세,영등포푸르지오,영등포동,647,79.777,,10000,200,16,14,2002,신규,26.08~28.08,,,,,
영등포구,11560,대림동,202606,아파트_전월세,현대3차,대림동,608-1,59.83,,55000,0,14,6,1997,신규,26.08~28.08,,,,,
영등포구,11560,당산동3가,202606,아파트_전월세,당산한양,당산동3가,2-6,73.87,,20000,140,6,27,1986,신규,26.09~28.09,,,,,
영등포구,11560,신길동,202606,아파트_전월세,삼환,신길동,897-1,59.53,,50000,40,8,20,1997,신규,26.08~28.08,,,,,
영등포구,11560,당산동,202606,아파트_전월세,리버뷰,당산동,121-130,15.05,,1000,51,13,9,2015,신규,26.06~27.06,,,,,
영등포구,11560,당산동4가,202606,아파트_전월세,당산현대3차,당산동4가,88,59.26,,10500,135,1,23,1988,갱신,26.07~28.07,10000.0,135.0,사용,,
영등포구,11560,당산동2가,202606,아파트_전월세,당산대우,당산동2가,16-1,31.73,,1000,60,17,13,1999,신규,26.07~28.07,,,,,
영등포구,11560,신길동,202606,아파트_전월세,우성1,신길동,365,64.4,,31500,0,9,27,1986,갱신,26.07~28.07,30000.0,,,,
영등포구,11560,대림동,202606,아파트_전월세,현대2,대림동,785,84.74,,5000,158,12,26,1992,갱신,26.06~28.06,5000.0,150.0,사용,,
영등포구,11560,문래동4가,202606,아파트_전월세,문래동삼환,문래동4가,43,84.98,,40000,0,3,4,2001,신규,26.06~28.06,,,,,
영등포구,11560,대림동,202606,아파트_전월세,(1101-1),대림동,1101-1,13.9,,1000,55,5,6,2012,신규,26.07~27.07,,,,,
영등포구,11560,당산동1가,202606,아파트_전월세,신동아파밀리에,당산동1가,457,84.96,,57750,0,7,13,2008,갱신,26.07~28.07,55000.0,,사용,,
영등포구,11560,신길동,202606,아파트_전월세,힐스테이트클래시안,신길동,4969,42.68,,15000,180,6,20,2020,신규,26.07~28.07,,,,,
영등포구,11560,여의도동,202606,아파트_전월세,시범,여의도동,50,79.24,,2000,170,7,29,1971,신규,26.07~27.07,,,,,
영등포구,11560,문래동3가,202606,아파트_전월세,예지팰리스77차,문래동3가,99,77.76,,60000,0,8,17,2015,갱신,26.08~27.08,60000.0,,사용,,
영등포구,11560,문래동5가,202606,아파트_전월세,문래모아미래도,문래동5가,67,84.75,,40000,150,17,13,2017,신규,26.08~28.08,,,,,
영등포구,11560,양평동3가,202606,아파트_전월세,월드메르디앙,양평동3가,19,59.16,,46000,0,2,19,2005,갱신,26.08~28.08,46000.0,,사용,,
영등포구,11560,신길동,202606,아파트_전월세,힐스테이트클래시안,신길동,4969,59.87,,40000,180,4,27,2020,신규,26.08~28.08,,,,,
영등포구,11560,대림동,202606,아파트_전월세,우성2,대림동,695,79.91,,12000,125,12,25,1992,신규,26.08~28.08,,,,,
영등포구,11560,여의도동,202606,아파트_전월세,삼부,여의도동,30-2,175.84,,135000,0,1,15,1975,신규,26.09~28.09,,,,,
영등포구,11560,신길동,202606,아파트_전월세,보라매에스케이뷰,신길동,4958,84.98,,10000,350,20,27,2020,갱신,26.08~28.08,7000.0,270.0,,,
영등포구,11560,여의도동,202606,아파트_전월세,서울,여의도동,21-1,139.31,,110000,0,11,9,1976,신규,26.10~28.10,,,,,
영등포구,11560,여의도동,202606,아파트_전월세,리버타워,여의도동,61-5,234.02,,119700,0,20,30,2000,갱신,26.07~28.07,114000.0,,사용,,
영등포구,11560,당산동,202606,아파트_전월세,훼미리하우스138,당산동,121-108,13.34,,11700,0,10,27,2013,갱신,26.08~28.08,11700.0,,사용,,
영등포구,11560,대림동,202606,아파트_전월세,G밸리소홈,대림동,1101-7,16.1,,12000,15,9,12,2018,신규,26.08~28.07,,,,,
영등포구,11560,영등포동3가,202606,아파트_전월세,포레스트힐시티,영등포동3가,19-2,13.53,,10000,0,3,29,2014,갱신,26.07~28.07,9500.0,,,,
영등포구,11560,당산동1가,202606,아파트_전월세,신동아파밀리에,당산동1가,457,59.4,,47000,0,8,27,2008,갱신,26.08~28.08,43000.0,,,,
영등포구,11560,신길동,202606,아파트_전월세,우성1,신길동,365,64.4,,12000,110,3,25,1986,신규,26.10~28.10,,,,,
영등포구,11560,문래동3가,202606,아파트_전월세,문래자이,문래동3가,54,84.98,,80000,0,11,27,2001,갱신,26.07~28.07,72000.0,,,,
영등포구,11560,양평동3가,202606,아파트_전월세,양평현대6차,양평동3가,101,59.98,,57500,0,23,3,2000,갱신,26.06~28.06,55000.0,,,,
영등포구,11560,문래동6가,202606,아파트_전월세,문래롯데캐슬,문래동6가,57,59.9,,25000,65,4,30,2020,갱신,26.09~28.09,25000.0,60.0,,,
영등포구,11560,영등포동7가,202606,아파트_전월세,경남아너스빌,영등포동7가,46-1,84.82,,50000,10,13,27,1998,갱신,26.09~28.09,50000.0,,사용,,
영등포구,11560,당산동6가,202606,아파트_전월세,유탑유블레스,당산동6가,336-4,13.3867,,3000,60,9,17,2012,신규,26.07~27.07,,,,,
영등포구,11560,양평동3가,202606,아파트_전월세,양평현대6차,양평동3가,101,59.98,,53000,0,2,20,2000,갱신,26.08~28.08,47000.0,,,,
영등포구,11560,영등포동,202606,아파트_전월세,영등포푸르지오,영등포동,647,79.777,,65000,60,18,27,2002,신규,26.09~28.09,,,,,
영등포구,11560,영등포동,202606,아파트_전월세,영등포푸르지오,영등포동,647,79.777,,19000,162,4,26,2002,갱신,26.08~28.08,19000.0,155.0,,,
영등포구,11560,신길동,202606,아파트_전월세,래미안영등포프레비뉴,신길동,4945,84.98,,50000,93,19,25,2015,갱신,26.07~28.07,50000.0,80.0,사용,,
영등포구,11560,대림동,202606,아파트_전월세,쌍용플래티넘S,대림동,717,18.24,,500,50,6,22,2013,신규,26.06~28.06,,,,,
영등포구,11560,당산동2가,202606,아파트_전월세,당산대우,당산동2가,16-1,31.73,,1000,60,17,13,1999,신규,26.07~28.07,,,,,
영등포구,11560,당산동,202606,아파트_전월세,강변래미안,당산동,376,55.91,,46200,0,14,27,2002,신규,26.07~28.07,,,,,
영등포구,11560,영등포동1가,202606,아파트_전월세,여의도씨티아이,영등포동1가,113-1,12.59,,500,60,17,20,2013,신규,26.07~27.06,,,,,
영등포구,11560,당산동,202606,아파트_전월세,훼미리하우스138,당산동,121-108,14.28,,1000,65,9,12,2013,신규,26.07~27.06,,,,,
영등포구,11560,도림동,202606,아파트_전월세,영등포아트자이,도림동,821,40.056,,6666,20,4,11,2014,갱신,26.07~28.06,6666.0,20.0,,,
영등포구,11560,신길동,202606,아파트_전월세,래미안영등포프레비뉴,신길동,4945,84.98,,90000,0,2,6,2015,신규,26.09~28.09,,,,,
영등포구,11560,문래동6가,202606,아파트_전월세,현대6차,문래동6가,55-1,114.57,,60000,20,15,13,1997,갱신,26.08~28.08,60000.0,20.0,사용,,
영등포구,11560,영등포동4가,202606,아파트_전월세,영등포그랑그루,영등포동4가,103,12.1,,10550,20,6,26,2012,신규,26.07~28.07,,,,,
영등포구,11560,영등포동2가,202606,아파트_전월세,여의도리미티오148,영등포동2가,139,38.441,,15000,165,18,6,2022,신규,26.07~27.06,,,,,
영등포구,11560,신길동,202606,아파트_전월세,우성4,신길동,102-8,75.36,,50000,0,3,18,1991,갱신,26.06~28.06,50000.0,,사용,,
영등포구,11560,신길동,202606,아파트_전월세,보라매에스케이뷰,신길동,4958,59.98,,20000,130,11,25,2020,신규,26.07~27.02,,,,,
영등포구,11560,영등포동1가,202606,아파트_전월세,내이처해밀,영등포동1가,145,14.24,,11000,0,5,28,2012,신규,26.08~27.08,,,,,
영등포구,11560,당산동,202606,아파트_전월세,THESILK,당산동,121-132,16.93,,1000,62,10,17,2013,갱신,26.07~27.07,1000.0,60.0,,,
영등포구,11560,신길동,202606,아파트_전월세,비스타동원,신길동,4975,53.7119,,36700,18,17,11,2024,신규,26.07~28.07,,,,,
영등포구,11560,문래동6가,202606,아파트_전월세,문래롯데캐슬,문래동6가,57,59.9,,25000,67,10,30,2020,갱신,26.09~28.09,25000.0,62.0,,,
영등포구,11560,당산동4가,202606,아파트_전월세,당산현대5차,당산동4가,30-1,114.84,,30000,260,15,26,2000,신규,26.08~28.08,,,,,
영등포구,11560,문래동6가,202606,아파트_전월세,현대2차,문래동6가,45,59.85,,43000,0,2,30,1987,갱신,26.08~28.08,41000.0,,,,
영등포구,11560,문래동6가,202606,아파트_전월세,현대2차,문래동6가,45,59.85,,43000,0,2,30,1987,갱신,26.08~28.08,41000.0,,사용,,
영등포구,11560,당산동,202606,아파트_전월세,대우,당산동,121-215,66.76,,25000,140,6,13,2004,신규,26.09~28.09,,,,,
영등포구,11560,신길동,202606,아파트_전월세,신길AK푸르지오,신길동,255-9,49.4552,,5000,200,12,25,2024,신규,26.07~28.06,,,,,
영등포구,11560,여의도동,202606,아파트_전월세,순복음(초원),여의도동,11-1,66.94,,35000,0,14,26,1971,갱신,26.08~26.09,35000.0,,,,
영등포구,11560,양평동3가,202606,아파트_전월세,양평현대6차,양평동3가,101,59.98,,60000,0,15,26,2000,신규,26.09~28.09,,,,,
영등포구,11560,영등포동7가,202606,아파트_전월세,경남아너스빌,영등포동7가,46-1,114.77,,50000,0,1,30,1998,신규,26.06~28.06,,,,,
영등포구,11560,영등포동1가,202606,아파트_전월세,내이처해밀,영등포동1가,145,15.076,,2000,50,4,21,2012,신규,26.06~27.06,,,,,
영등포구,11560,대림동,202606,아파트_전월세,e편한세상영등포아델포레,대림동,1127,84.9948,,20000,240,10,30,2020,신규,26.09~28.09,,,,,
영등포구,11560,양평동2가,202606,아파트_전월세,상록수,양평동2가,45,59.67,,40000,0,9,25,1999,신규,26.08~28.08,,,,,
영등포구,11560,신길동,202606,아파트_전월세,보라매에스케이뷰,신길동,4958,84.98,,85000,0,7,30,2020,갱신,26.08~28.07,79500.0,,,,
영등포구,11560,양평동5가,202606,아파트_전월세,양평한신,양평동5가,76,84.87,,70000,0,17,30,1996,신규,26.09~28.09,,,,,
영등포구,11560,여의도동,202606,아파트_전월세,라이프콤비,여의도동,61-4,131.6,,90000,0,16,30,1994,신규,26.10~28.10,,,,,
영등포구,11560,대림동,202606,아파트_전월세,무림,대림동,993-8,56.23,,24500,0,4,30,1981,갱신,26.06~28.06,4000.0,55.0,,,
영등포구,11560,여의도동,202606,아파트_전월세,목화,여의도동,30,90.91,,40000,100,1,13,1977,신규,26.08~28.08,,,,,
영등포구,11560,영등포동8가,202606,아파트_전월세,영등포메이준2011,영등포동8가,51-1,12.11,,10000,15,14,29,2012,갱신,26.07~28.01,13000.0,,,,
영등포구,11560,당산동2가,202606,아파트_전월세,당산대우,당산동2가,16-1,31.73,,5000,45,20,25,1999,신규,26.07~28.07,,,,,
영등포구,11560,대림동,202606,아파트_전월세,G밸리소홈,대림동,1101-7,16.1,,1000,70,13,26,2018,신규,26.08~28.07,,,,,
영등포구,11560,영등포동7가,202606,아파트_전월세,포레나영등포센트럴,영등포동7가,208,59.8976,,75000,0,14,30,2020,신규,26.07~28.07,,,,,
영등포구,11560,신길동,202606,아파트_전월세,우성5,신길동,4933,84.98,,25000,40,14,30,1993,갱신,26.07~28.07,25000.0,40.0,,,
영등포구,11560,당산동3가,202606,아파트_전월세,당산어울림2차,당산동3가,563,84.9651,,75000,0,6,5,2009,신규,26.06~28.06,,,,,
영등포구,11560,영등포동8가,202606,아파트_전월세,영등포메이준2011,영등포동8가,51-1,12.11,,1000,63,12,17,2012,갱신,26.07~27.07,1000.0,60.0,,,
영등포구,11560,영등포동2가,202606,아파트_전월세,여의도리미티오148,영등포동2가,139,24.3859,,26500,0,11,29,2022,신규,26.08~28.08,,,,,
영등포구,11560,문래동6가,202606,아파트_전월세,대원,문래동6가,47-1,59.99,,35000,70,10,30,1998,신규,26.06~26.12,,,,,
영등포구,11560,문래동6가,202606,아파트_전월세,문래롯데캐슬,문래동6가,57,51.25,,25000,43,7,30,2020,갱신,26.09~28.09,25000.0,39.0,,,
영등포구,11560,영등포동7가,202606,아파트_전월세,경남아너스빌,영등포동7가,46-1,84.93,,63500,0,16,27,1998,갱신,26.08~27.04,63500.0,,,,
영등포구,11560,영등포동2가,202606,아파트_전월세,이지리움S,영등포동2가,28-117,13.35,,1000,74,6,29,2013,신규,26.07~28.07,,,,,
영등포구,11560,대림동,202606,아파트_전월세,현대3차,대림동,608-1,59.83,,25000,115,7,20,1997,신규,26.09~28.09,,,,,
영등포구,11560,신길동,202606,아파트_전월세,래미안에스티움,신길동,4950,59.98,,79000,0,5,14,2017,신규,26.08~28.08,,,,,
영등포구,11560,당산동5가,202606,아파트_전월세,당산센트럴아이파크,당산동5가,43,84.98,,120000,0,18,30,2020,신규,26.09~28.09,,,,,
영등포구,11560,신길동,202606,아파트_전월세,경남,신길동,67-1,84.96,,60000,0,1,4,1999,신규,26.08~28.08,,,,,
영등포구,11560,대림동,202606,아파트_전월세,e편한세상영등포아델포레,대림동,1127,84.9948,,75600,0,20,20,2020,갱신,26.08~28.08,72000.0,,사용,,
영등포구,11560,당산동,202606,아파트_전월세,드림리버빌,당산동,378,117.41,,84000,0,6,29,2002,갱신,26.07~28.07,83000.0,,사용,,
영등포구,11560,당산동2가,202606,아파트_전월세,한화포레나당산,당산동2가,165,33.095,,16666,45,13,26,2022,갱신,26.08~28.08,16666.0,41.0,,,
영등포구,11560,문래동5가,202606,아파트_전월세,문래현대5차,문래동5가,23-1,84.79,,54900,0,7,30,1992,갱신,26.06~27.09,49900.0,,,,
영등포구,11560,당산동4가,202606,아파트_전월세,당산현대5차,당산동4가,30-1,59.75,,69000,0,3,12,2000,갱신,26.08~28.02,67000.0,,사용,,
영등포구,11560,양평동4가,202606,아파트_전월세,삼호한숲,양평동4가,94,59.9,,48000,0,14,13,2000,갱신,26.06~28.06,45000.0,,,,
영등포구,11560,대림동,202606,아파트_전월세,현대3차,대림동,608-1,59.83,,30000,33,7,29,1997,신규,26.07~28.07,,,,,
영등포구,11560,당산동4가,202606,아파트_전월세,당산현대3차,당산동4가,88,59.26,,50000,0,8,13,1988,갱신,26.06~28.06,45000.0,,,,
영등포구,11560,양평동4가,202606,아파트_전월세,경남아너스빌,양평동4가,51-1,59.84,,5000,230,8,26,2000,신규,26.08~28.08,,,,,
영등포구,11560,여의도동,202606,아파트_전월세,목화,여의도동,30,51.07,,10000,117,2,19,1977,신규,26.07~28.07,,,,,
영등포구,11560,여의도동,202606,아파트_전월세,시범,여의도동,50,79.24,,35700,0,10,30,1971,갱신,26.07~28.07,34000.0,,,,
영등포구,11560,당산동5가,202606,아파트_전월세,당산센트럴아이파크,당산동5가,43,59.98,,69458,0,5,27,2020,갱신,26.07~28.07,66150.0,,,,
영등포구,11560,신길동,202606,아파트_전월세,래미안에스티움,신길동,4950,59.98,,25000,220,3,24,2017,신규,26.07~28.07,,,,,
영등포구,11560,당산동5가,202606,아파트_전월세,당산디오빌,당산동5가,11-33,28.86,,1000,105,7,1,2005,갱신,26.08~28.08,1000.0,100.0,,,
영등포구,11560,영등포동7가,202606,아파트_전월세,엔비어스파크,영등포동7가,209,16.645,,1000,70,6,19,2020,신규,26.06~27.06,,,,,
영등포구,11560,문래동5가,202606,아파트_전월세,문래두산위브,문래동5가,14,65.46,,5000,170,8,29,1988,신규,26.08~28.08,,,,,
영등포구,11560,신길동,202606,아파트_전월세,준타워,신길동,173-6,15.543,,7800,33,13,18,2023,갱신,26.07~28.06,7600.0,32.0,,,
영등포구,11560,양평동3가,202606,아파트_전월세,현대2차,양평동3가,79-4,80.92,,15500,137,1,29,1990,갱신,26.08~28.08,15000.0,130.0,사용,,
영등포구,11560,양평동1가,202606,아파트_전월세,어반힐,양평동1가,147,25.58,,23600,34,6,13,2019,갱신,26.08~28.08,22500.0,32.0,사용,,
영등포구,11560,문래동3가,202606,아파트_전월세,문래자이,문래동3가,54,84.98,,50000,120,19,18,2001,갱신,26.07~28.07,39500.0,115.0,,,
영등포구,11560,신길동,202606,아파트_전월세,더샵파크프레스티지,신길동,4974,59.8635,,56000,11,1,23,2022,갱신,26.10~28.10,56000.0,,사용,,
영등포구,11560,여의도동,202606,아파트_전월세,롯데캐슬엠파이어,여의도동,36,126.75,,110000,150,20,29,2005,신규,26.10~28.10,,,,,
영등포구,11560,여의도동,202606,아파트_전월세,시범,여의도동,50,79.24,,21000,90,1,19,1971,신규,26.09~28.09,,,,,
영등포구,11560,당산동2가,202606,아파트_전월세,한화포레나당산,당산동2가,165,36.71,,15199,59,7,29,2022,신규,26.09~28.09,,,,,
영등포구,11560,여의도동,202606,아파트_전월세,광장,여의도동,28,102.35,,73000,0,9,27,1978,갱신,26.07~28.07,65000.0,,,,
영등포구,11560,당산동6가,202606,아파트_전월세,유탑유블레스,당산동6가,336-4,13.3867,,1000,75,8,5,2012,신규,26.06~27.06,,,,,
영등포구,11560,신길동,202606,아파트_전월세,신길센트럴아이파크,신길동,4955,84.99,,80000,50,9,27,2019,신규,26.07~28.07,,,,,
영등포구,11560,신길동,202606,아파트_전월세,신길AK푸르지오,신길동,255-9,49.4666,,60000,0,19,27,2024,신규,26.08~28.06,,,,,
영등포구,11560,양평동3가,202606,아파트_전월세,거성파스텔,양평동3가,90-1,84.99,,68000,0,13,27,1999,갱신,26.08~28.08,65000.0,,사용,,
영등포구,11560,양평동3가,202606,아파트_전월세,양평현대6차,양평동3가,101,59.98,,30000,100,4,27,2000,갱신,26.08~28.08,30000.0,90.0,사용,,
영등포구,11560,문래동3가,202606,아파트_전월세,문래자이,문래동3가,54,121.53,,55000,160,2,29,2001,신규,26.08~28.01,,,,,
영등포구,11560,여의도동,202606,아파트_전월세,리버타워,여의도동,61-5,234.02,,10000,470,23,8,2000,신규,26.06~28.06,,,,,
영등포구,11560,양평동3가,202606,아파트_전월세,거성파스텔,양평동3가,90-1,59.96,,10000,73,20,27,1999,신규,26.09~28.08,,,,,
영등포구,11560,당산동5가,202606,아파트_전월세,당산센트럴아이파크,당산동5가,43,84.98,,108000,0,17,27,2020,갱신,26.07~28.07,103000.0,,사용,,
영등포구,11560,대림동,202606,아파트_전월세,G밸리소홈,대림동,1101-7,16.1,,5000,49,12,28,2018,신규,26.08~28.08,,,,,
영등포구,11560,양평동1가,202606,아파트_전월세,신동아,양평동1가,20,61.59,,45000,0,6,27,1982,신규,26.09~28.09,,,,,
영등포구,11560,양평동3가,202606,아파트_전월세,삼천리,양평동3가,24,84.94,,73000,0,9,27,2000,신규,26.08~28.08,,,,,
영등포구,11560,양평동3가,202606,아파트_전월세,양평현대6차,양평동3가,101,59.98,,56700,0,22,26,2000,갱신,26.09~28.09,54000.0,,사용,,
영등포구,11560,대림동,202606,아파트_전월세,현대3차,대림동,608-1,84.89,,20000,150,23,27,1997,신규,26.09~28.09,,,,,
영등포구,11560,당산동,202606,아파트_전월세,래미안당산1차,당산동,374,59.97,,24000,125,2,26,1995,갱신,26.09~28.09,23000.0,120.0,사용,,
영등포구,11560,양평동3가,202606,아파트_전월세,현대2차,양평동3가,79-4,80.92,,65000,0,5,24,1990,신규,26.09~28.09,,,,,
영등포구,11560,당산동5가,202606,아파트_전월세,당산센트럴아이파크,당산동5가,43,84.98,,50000,240,10,27,2020,신규,26.09~28.09,,,,,
영등포구,11560,당산동3가,202606,아파트_전월세,쌍용예가클래식,당산동3가,559,68.28,,54600,0,5,26,2010,신규,26.08~28.08,,,,,
영등포구,11560,문래동6가,202606,아파트_전월세,현대1차,문래동6가,46,64.38,,30000,80,6,27,1986,신규,26.08~28.08,,,,,
영등포구,11560,당산동2가,202606,아파트_전월세,한화포레나당산,당산동2가,165,33.095,,22292,23,17,29,2022,신규,26.07~28.07,,,,,
영등포구,11560,여의도동,202606,아파트_전월세,삼부,여의도동,30-2,77.69,,52500,0,11,27,1975,갱신,26.07~28.07,50000.0,,사용,,
영등포구,11560,신길동,202606,아파트_전월세,래미안에스티움,신길동,4950,59.95,,67200,0,4,27,2017,갱신,26.07~28.07,64000.0,,사용,,
영등포구,11560,신길동,202606,아파트_전월세,래미안에스티움,신길동,4950,49.97,,40000,0,10,27,2017,신규,26.08~27.08,,,,,
영등포구,11560,신길동,202606,아파트_전월세,경남,신길동,67-1,59.96,,53000,0,1,27,1999,신규,26.07~28.07,,,,,
영등포구,11560,양평동3가,202606,아파트_전월세,양평역미소지움,양평동3가,106,59.166,,30000,130,15,27,2018,신규,26.08~28.08,,,,,
영등포구,11560,당산동2가,202606,아파트_전월세,당산2가현대홈타운,당산동2가,164,82.77,,62000,0,16,27,1994,갱신,26.06~28.06,60000.0,,,,
영등포구,11560,영등포동8가,202606,아파트_전월세,삼환,영등포동8가,76-1,59.91,,63000,0,20,4,1999,갱신,26.07~28.07,60000.0,,사용,,
영등포구,11560,당산동,202606,아파트_전월세,프리가,당산동,121-209,14.06,,4000,32,11,26,2013,신규,26.07~28.07,,,,,
영등포구,11560,신길동,202606,아파트_전월세,삼환,신길동,897-1,84.84,,80000,0,18,24,1997,신규,26.11~28.11,,,,,
영등포구,11560,신길동,202606,아파트_전월세,더샵파크프레스티지,신길동,4974,59.8635,,66000,0,3,27,2022,갱신,26.09~28.09,60000.0,,,,
영등포구,11560,당산동5가,202606,아파트_전월세,당산디오빌,당산동5가,11-33,57.75,,60000,0,10,25,2005,신규,26.09~28.09,,,,,
영등포구,11560,신길동,202606,아파트_전월세,힐스테이트클래시안,신길동,4969,59.87,,40000,180,4,27,2020,신규,26.08~28.08,,,,,
영등포구,11560,문래동6가,202606,아파트_전월세,문래베어스타운,문래동6가,38-1,84.9,,65000,0,17,27,1997,신규,26.08~28.08,,,,,
영등포구,11560,당산동5가,202606,아파트_전월세,당산삼성래미안4차,당산동5가,42,97.27,,85050,0,4,26,2003,갱신,26.07~28.07,81000.0,,사용,,
영등포구,11560,양평동3가,202606,아파트_전월세,삼호,양평동3가,66,59.96,,57750,0,10,11,1998,갱신,26.07~28.07,55000.0,,사용,,
영등포구,11560,영등포동7가,202606,아파트_전월세,경남아너스빌,영등포동7가,46-1,59.9,,10000,160,18,26,1998,갱신,26.06~28.06,5000.0,127.0,,,
영등포구,11560,당산동2가,202606,아파트_전월세,한화포레나당산,당산동2가,165,17.669,,11716,14,5,26,2022,갱신,26.08~28.08,11716.0,12.0,,,
영등포구,11560,당산동6가,202606,아파트_전월세,디마크당산,당산동6가,331-1,46.18,,70000,0,11,25,2025,신규,26.07~28.07,,,,,
영등포구,11560,영등포동7가,202606,아파트_전월세,삼성,영등포동7가,94-41,80.16,,39000,0,4,25,2003,신규,26.07~28.07,,,,,
영등포구,11560,영등포동,202606,아파트_전월세,영일,영등포동,618-83,41.32,,15000,0,5,26,1969,신규,26.07~28.07,,,,,
영등포구,11560,여의도동,202606,아파트_전월세,은하,여의도동,52,121.52,,80000,0,12,1,1974,신규,26.06~28.06,,,,,
영등포구,11560,영등포동,202606,아파트_전월세,라르파크,영등포동,651,30.3116,,40950,0,11,25,2021,갱신,26.08~28.08,39000.0,,,,
영등포구,11560,대림동,202606,아파트_전월세,문영칸타빌레,대림동,1061,84.89,,50000,0,1,14,2001,신규,26.06~28.06,,,,,
영등포구,11560,문래동6가,202606,아파트_전월세,현대2차,문래동6가,45,79.72,,59000,0,15,19,1987,신규,26.08~28.08,,,,,
영등포구,11560,신길동,202606,아파트_전월세,신길자이,신길동,4938,84.94,,55650,0,13,26,2011,갱신,26.08~28.08,50500.0,,,,
영등포구,11560,영등포동7가,202606,아파트_전월세,브라운스톤영등포,영등포동7가,202,84.9,,60000,0,8,20,2004,신규,26.09~28.09,,,,,
영등포구,11560,대림동,202606,아파트_전월세,현대1,대림동,785-1,84.75,,47250,0,1,20,1992,갱신,26.06~28.06,45000.0,,사용,,
영등포구,11560,당산동5가,202606,아파트_전월세,당산센트럴아이파크,당산동5가,43,84.98,,84000,124,25,26,2020,갱신,26.06~28.06,80000.0,90.0,,,
영등포구,11560,양평동4가,202606,아파트_전월세,약산,양평동4가,160-2,37.24,,1000,60,5,20,1984,신규,26.06~28.06,,,,,
영등포구,11560,신길동,202606,아파트_전월세,삼성래미안,신길동,4934,32.94,,3584,2,7,26,2001,갱신,26.07~28.06,3584.0,2.0,,,
영등포구,11560,당산동,202606,아파트_전월세,조인타운,당산동,121-205,18.65,,14400,7,14,25,2013,갱신,26.08~28.08,14400.0,7.0,사용,,
영등포구,11560,여의도동,202606,아파트_전월세,시범,여의도동,50,79.24,,20000,70,8,25,1971,신규,26.07~28.07,,,,,
영등포구,11560,당산동,202606,아파트_전월세,리버뷰,당산동,121-130,15.05,,11000,17,8,26,2015,신규,26.08~28.08,,,,,
영등포구,11560,문래동6가,202606,아파트_전월세,문래롯데캐슬,문래동6가,57,51.25,,25000,44,10,25,2020,신규,26.07~28.07,,,,,
영등포구,11560,신길동,202606,아파트_전월세,래미안영등포프레비뉴,신길동,4945,59.99,,37000,130,12,12,2015,갱신,26.08~28.08,37000.0,110.0,,,
영등포구,11560,당산동2가,202606,아파트_전월세,당산2가현대홈타운,당산동2가,164,82.77,,70000,0,5,25,1994,신규,26.08~28.08,,,,,
영등포구,11560,여의도동,202606,아파트_전월세,목화,여의도동,30,89.26,,59000,0,8,16,1977,신규,26.08~28.08,,,,,
영등포구,11560,양평동3가,202606,아파트_전월세,거성파스텔,양평동3가,90-1,59.96,,63000,0,22,13,1999,신규,26.07~28.07,,,,,
영등포구,11560,당산동2가,202606,아파트_전월세,한화포레나당산,당산동2가,165,17.669,,12900,17,3,26,2022,신규,26.08~28.08,,,,,
영등포구,11560,영등포동,202606,아파트_전월세,영등포푸르지오,영등포동,647,79.777,,71400,0,10,22,2002,갱신,26.08~28.08,68000.0,,,,
영등포구,11560,당산동2가,202606,아파트_전월세,한화포레나당산,당산동2가,165,41.125,,20266,51,16,25,2022,신규,26.09~28.09,,,,,
영등포구,11560,당산동2가,202606,아파트_전월세,당산2가현대홈타운,당산동2가,164,82.77,,15000,180,17,25,1994,갱신,26.06~28.06,10000.0,180.0,,,
영등포구,11560,당산동3가,202606,아파트_전월세,리마크빌당산,당산동3가,567,27.02,,2000,171,6,17,2025,신규,26.06~27.06,,,,,
영등포구,11560,당산동5가,202606,아파트_전월세,유원제일2차,당산동5가,7-2,84.6,,46200,0,7,25,1984,갱신,26.06~28.06,46200.0,,,,
영등포구,11560,신길동,202606,아파트_전월세,우성1,신길동,365,64.4,,40000,0,2,25,1986,신규,26.10~28.10,,,,,
영등포구,11560,신길동,202606,아파트_전월세,여의도리버뷰,신길동,4942,12.96,,500,55,2,22,2012,신규,26.06~27.06,,,,,
영등포구,11560,문래동6가,202606,아파트_전월세,현대2차,문래동6가,45,41.04,,35000,0,15,25,1987,신규,26.07~28.07,,,,,
영등포구,11560,여의도동,202606,아파트_전월세,브라이튼여의도,여의도동,525,84.132,,215000,0,40,1,2023,신규,26.09~28.09,,,,,
영등포구,11560,당산동5가,202606,아파트_전월세,당산삼성래미안4차,당산동5가,42,115.78,,50000,160,1,17,2003,갱신,26.10~28.10,50000.0,110.0,,,
영등포구,11560,영등포동7가,202606,아파트_전월세,아크로타워스퀘어,영등포동7가,203,84.65,,95000,0,4,25,2017,갱신,26.07~28.07,85000.0,,,,
영등포구,11560,양평동1가,202606,아파트_전월세,신동아,양평동1가,20,50.81,,30000,0,13,25,1982,갱신,26.06~28.06,27250.0,,,,
영등포구,11560,여의도동,202606,아파트_전월세,삼부,여의도동,30-2,175.8,,150000,0,6,24,1975,신규,26.08~28.08,,,,,
영등포구,11560,당산동4가,202606,아파트_전월세,당산현대5차,당산동4가,30-1,59.85,,66000,0,9,18,2000,신규,26.10~28.10,,,,,
영등포구,11560,영등포동,202606,아파트_전월세,영등포푸르지오,영등포동,647,73.133,,30000,130,5,1,2002,신규,26.06~28.06,,,,,
영등포구,11560,양평동5가,202606,아파트_전월세,양평한신,양평동5가,76,84.87,,30000,120,3,18,1996,신규,26.09~28.09,,,,,
영등포구,11560,양평동1가,202606,아파트_전월세,삼환,양평동1가,245,59.76,,44100,0,2,13,1994,갱신,26.07~28.07,42000.0,,사용,,
영등포구,11560,당산동4가,202606,아파트_전월세,당산삼성2차,당산동4가,94-1,84.93,,75000,0,8,16,1997,신규,26.06~28.06,,,,,
영등포구,11560,여의도동,202606,아파트_전월세,시범,여의도동,50,118.12,,15000,240,9,8,1971,신규,26.10~28.10,,,,,
영등포구,11560,신길동,202606,아파트_전월세,신길센트럴아이파크,신길동,4955,59.98,,50000,100,8,6,2019,신규,26.08~28.08,,,,,
영등포구,11560,신길동,202606,아파트_전월세,신길센트럴자이아파트,신길동,4964,84.98,,79800,0,3,25,2021,갱신,26.07~28.07,76000.0,,사용,,
영등포구,11560,신길동,202606,아파트_전월세,4972,신길동,4972,15.5581,,1000,60,5,25,2021,신규,26.06~27.06,,,,,
영등포구,11560,신길동,202606,아파트_전월세,보라매경남아너스빌,신길동,4780,84.79,,54200,0,9,20,2005,갱신,26.06~28.06,51700.0,,사용,,
영등포구,11560,신길동,202606,아파트_전월세,삼성래미안,신길동,4934,59.33,,23000,99,18,23,2001,갱신,26.11~28.11,23000.0,90.0,사용,,
영등포구,11560,대림동,202606,아파트_전월세,브라이튼디엘,대림동,783-6,70.45,,38304,0,7,2,2023,신규,26.07~28.06,,,,,
영등포구,11560,신길동,202606,아파트_전월세,더샵파크프레스티지,신길동,4974,84.9005,,80000,0,15,14,2022,갱신,26.08~28.08,73000.0,,,,
영등포구,11560,신길동,202606,아파트_전월세,우성2,신길동,4518,64.4,,10000,80,10,23,1986,신규,26.08~28.08,,,,,
영등포구,11560,양평동5가,202606,아파트_전월세,양평한신,양평동5가,76,84.87,,62000,0,18,19,1996,갱신,26.07~28.07,60000.0,,사용,,
영등포구,11560,문래동3가,202606,아파트_전월세,문래힐스테이트,문래동3가,94,119.47,,110000,0,9,24,2003,신규,26.10~28.10,,,,,
영등포구,11560,여의도동,202606,아파트_전월세,시범,여의도동,50,156.99,,80000,0,1,20,1971,신규,26.09~28.09,,,,,
영등포구,11560,문래동6가,202606,아파트_전월세,현대1차,문래동6가,46,64.38,,5000,200,10,23,1986,신규,26.07~28.07,,,,,
영등포구,11560,신길동,202606,아파트_전월세,보라매에스케이뷰,신길동,4958,59.98,,70000,0,28,20,2020,갱신,26.07~28.07,67000.0,,사용,,
영등포구,11560,신길동,202606,아파트_전월세,보라매경남아너스빌,신길동,4780,84.79,,60900,0,20,20,2005,신규,26.06~28.06,,,,,
영등포구,11560,당산동,202606,아파트_전월세,리스빌,당산동,121-43,13.2,,3000,54,10,23,2012,갱신,26.06~27.06,3000.0,51.0,,,
영등포구,11560,신길동,202606,아파트_전월세,우창,신길동,4501,62.84,,30000,0,12,20,1983,신규,26.08~28.08,,,,,
영등포구,11560,양평동3가,202606,아파트_전월세,현대3차,양평동3가,79,84.55,,60900,0,6,19,1991,갱신,26.07~28.07,58000.0,,사용,,
영등포구,11560,신길동,202606,아파트_전월세,래미안에스티움,신길동,4950,84.95,,20000,234,23,18,2017,갱신,26.10~28.10,20000.0,220.0,사용,,
영등포구,11560,영등포동3가,202606,아파트_전월세,포레스트힐시티,영등포동3가,19-2,13.53,,1000,60,10,18,2014,신규,26.06~27.06,,,,,
영등포구,11560,당산동4가,202606,아파트_전월세,당산삼성2차,당산동4가,94-1,59.76,,65000,0,16,23,1997,신규,26.09~28.09,,,,,
영등포구,11560,영등포동3가,202606,아파트_전월세,포레스트힐시티,영등포동3가,19-2,13.53,,1000,60,10,18,2014,신규,26.06~27.06,,,,,
영등포구,11560,영등포동1가,202606,아파트_전월세,여의도이튼브라운,영등포동1가,92-3,18.89,,26000,0,3,23,2022,신규,26.07~28.07,,,,,
영등포구,11560,신길동,202606,아파트_전월세,보라매에스케이뷰,신길동,4958,84.98,,78750,0,29,14,2020,갱신,26.07~28.07,75000.0,,사용,,
영등포구,11560,양평동5가,202606,아파트_전월세,양평한신,양평동5가,76,59.94,,61000,0,9,20,1996,신규,26.08~28.08,,,,,
영등포구,11560,당산동5가,202606,아파트_전월세,당산센트럴아이파크,당산동5가,43,71.98,,94000,0,2,13,2020,갱신,26.07~28.07,90000.0,,사용,,
영등포구,11560,문래동6가,202606,아파트_전월세,문래롯데캐슬,문래동6가,57,53.75,,25000,54,14,22,2020,갱신,26.08~28.08,25000.0,49.0,,,
영등포구,11560,여의도동,202606,아파트_전월세,광장,여의도동,28,183.27,,120000,0,3,17,1978,신규,26.09~28.09,,,,,
영등포구,11560,당산동4가,202606,아파트_전월세,당산반도유보라팰리스,당산동4가,96,127.09,,85000,120,3,15,2010,신규,26.09~28.09,,,,,
영등포구,11560,당산동5가,202606,아파트_전월세,당산삼성래미안4차,당산동5가,42,84.94,,88000,0,13,20,2003,신규,26.08~28.08,,,,,
영등포구,11560,당산동5가,202606,아파트_전월세,당산센트럴아이파크,당산동5가,43,59.98,,86100,0,8,14,2020,갱신,26.09~28.09,82000.0,,사용,,
영등포구,11560,대림동,202606,아파트_전월세,대림현대,대림동,946-1,59.76,,8000,150,8,20,1999,신규,26.09~29.06,,,,,
영등포구,11560,대림동,202606,아파트_전월세,현대3차,대림동,608-1,84.89,,20000,130,23,18,1997,신규,26.08~28.08,,,,,
영등포구,11560,영등포동,202606,아파트_전월세,영등포푸르지오,영등포동,647,79.777,,77000,0,23,23,2002,신규,26.08~28.08,,,,,
영등포구,11560,영등포동7가,202606,아파트_전월세,엔비어스파크,영등포동7가,209,16.645,,1000,70,4,5,2020,신규,26.06~27.06,,,,,
영등포구,11560,문래동6가,202606,아파트_전월세,문래롯데캐슬,문래동6가,57,53.9,,25000,56,16,23,2020,신규,26.07~28.07,,,,,
영등포구,11560,여의도동,202606,아파트_전월세,시범,여의도동,50,79.24,,42000,0,2,23,1971,갱신,26.07~28.07,40000.0,,사용,,
영등포구,11560,문래동6가,202606,아파트_전월세,대원,문래동6가,47-1,84.78,,55650,0,8,10,1998,갱신,26.07~28.07,53000.0,,사용,,
영등포구,11560,당산동4가,202606,아파트_전월세,당산현대5차,당산동4가,30-1,59.75,,500,20,6,15,2000,신규,26.06~27.06,,,,,
영등포구,11560,문래동6가,202606,아파트_전월세,문래롯데캐슬,문래동6가,57,59.9,,25000,69,21,16,2020,갱신,26.08~28.08,25000.0,64.0,,,
영등포구,11560,영등포동1가,202606,아파트_전월세,여의도이튼브라운,영등포동1가,92-3,28.86,,39000,0,5,8,2022,신규,26.08~28.08,,,,,
영등포구,11560,당산동4가,202606,아파트_전월세,당산현대5차,당산동4가,30-1,59.75,,70000,0,13,23,2000,신규,26.08~28.08,,,,,
영등포구,11560,신길동,202606,아파트_전월세,래미안영등포프레비뉴,신길동,4945,59.99,,63000,0,1,20,2015,갱신,26.08~28.08,60000.0,,사용,,
영등포구,11560,당산동2가,202606,아파트_전월세,당산2가현대홈타운,당산동2가,164,82.77,,60000,25,6,19,1994,갱신,26.06~28.06,57000.0,20.0,,,
영등포구,11560,당산동2가,202606,아파트_전월세,당산대우,당산동2가,16-1,32.62,,28000,0,23,19,1999,신규,26.07~28.07,,,,,
영등포구,11560,영등포동1가,202606,아파트_전월세,여의도이튼브라운,영등포동1가,92-3,18.89,,3000,125,12,20,2022,신규,26.07~27.07,,,,,
영등포구,11560,대림동,202606,아파트_전월세,한신휴2차,대림동,897-1,84.93,,17500,125,11,22,1999,갱신,26.06~28.06,20000.0,115.0,,,
영등포구,11560,영등포동,202606,아파트_전월세,영등포푸르지오,영등포동,647,79.777,,56500,0,22,20,2002,갱신,26.06~28.06,54000.0,,사용,,
영등포구,11560,당산동2가,202606,아파트_전월세,당산대우,당산동2가,16-1,31.73,,28000,0,20,16,1999,신규,26.06~28.06,,,,,
영등포구,11560,양평동1가,202606,아파트_전월세,영등포중흥에스클래스,양평동1가,271,59.91,,10000,270,15,20,2021,신규,26.06~28.06,,,,,
영등포구,11560,신길동,202606,아파트_전월세,신길센트럴아이파크,신길동,4955,84.99,,71000,40,3,22,2019,갱신,26.09~28.09,67000.0,,,,
영등포구,11560,당산동,202606,아파트_전월세,리첸트,당산동,121-204,16.18,,3000,55,10,18,2012,신규,26.06~27.06,,,,,
영등포구,11560,당산동3가,202606,아파트_전월세,쌍용예가클래식,당산동3가,559,106.56,,110000,0,9,3,2010,신규,26.09~28.09,,,,,
영등포구,11560,신길동,202606,아파트_전월세,신길센트럴자이아파트,신길동,4964,59.98,,68250,0,15,21,2021,갱신,26.06~28.06,65000.0,,사용,,
영등포구,11560,영등포동7가,202606,아파트_전월세,여의휴젠느,영등포동7가,94-99,35.42,,39000,0,12,18,2018,갱신,26.08~28.08,39000.0,,사용,,
영등포구,11560,대림동,202606,아파트_전월세,현대3차,대림동,608-1,59.83,,26250,84,11,6,1997,갱신,26.09~28.09,25000.0,80.0,사용,,
영등포구,11560,당산동1가,202606,아파트_전월세,신동아파밀리에,당산동1가,457,84.96,,45000,80,4,20,2008,갱신,26.09~28.09,45000.0,70.0,,,
영등포구,11560,여의도동,202606,아파트_전월세,라이프콤비,여의도동,61-4,131.6,,110000,0,22,1,1994,신규,26.10~28.10,,,,,
영등포구,11560,영등포동7가,202606,아파트_전월세,아크로타워스퀘어,영등포동7가,203,84.69,,113000,0,26,12,2017,신규,26.09~28.09,,,,,
영등포구,11560,여의도동,202606,아파트_전월세,시범,여의도동,50,118.12,,65000,0,7,12,1971,신규,26.09~28.09,,,,,
영등포구,11560,당산동,202606,아파트_전월세,리버뷰,당산동,121-130,15.05,,1000,55,13,9,2015,신규,26.06~27.06,,,,,
영등포구,11560,신길동,202606,아파트_전월세,더샵파크프레스티지,신길동,4974,84.9865,,50200,165,-1,16,2022,갱신,26.07~28.08,50100.0,157.0,,,
영등포구,11560,신길동,202606,아파트_전월세,래미안영등포프레비뉴,신길동,4945,84.98,,10000,310,12,16,2015,신규,26.07~28.07,,,,,
영등포구,11560,양평동4가,202606,아파트_전월세,성원,양평동4가,12,84.6,,68000,0,17,19,1993,신규,26.08~28.08,,,,,
영등포구,11560,당산동,202606,아파트_전월세,래미안당산1차,당산동,374,59.97,,1000,30,12,13,1995,갱신,26.07~27.07,,10.0,,,
영등포구,11560,영등포동,202606,아파트_전월세,영등포푸르지오,영등포동,647,73.133,,20000,190,13,19,2002,신규,26.07~28.07,,,,,
영등포구,11560,영등포동8가,202606,아파트_전월세,당산푸르지오,영등포동8가,91,114.51,,94500,0,7,21,2004,갱신,26.08~28.08,90000.0,,사용,,
영등포구,11560,영등포동,202606,아파트_전월세,영등포푸르지오,영등포동,647,59.912,,59000,0,10,20,2002,신규,26.09~28.09,,,,,
영등포구,11560,영등포동8가,202606,아파트_전월세,당산푸르지오,영등포동8가,91,84.98,,82000,0,10,19,2004,신규,26.07~28.07,,,,,
영등포구,11560,여의도동,202606,아파트_전월세,목화,여의도동,30,89.26,,3000,270,3,5,1977,신규,26.06~28.06,,,,,
영등포구,11560,대림동,202606,아파트_전월세,e편한세상영등포아델포레,대림동,1127,59.9792,,15000,220,9,19,2020,신규,26.07~28.07,,,,,
영등포구,11560,양평동3가,202606,아파트_전월세,양평역미소지움,양평동3가,106,59.166,,40000,85,6,20,2018,갱신,26.06~28.06,36700.0,54.0,,,
영등포구,11560,문래동5가,202606,아파트_전월세,문래두산위브,문래동5가,14,79.86,,57000,0,8,19,1988,신규,26.10~28.10,,,,,
영등포구,11560,당산동2가,202606,아파트_전월세,당산대우,당산동2가,16-1,31.73,,3000,75,16,13,1999,갱신,26.07~27.07,3000.0,61.0,,,
영등포구,11560,신길동,202606,아파트_전월세,보라매에스케이뷰,신길동,4958,84.98,,89200,0,3,17,2020,갱신,26.09~28.09,85000.0,,사용,,
영등포구,11560,신길동,202606,아파트_전월세,힐스테이트클래시안,신길동,4969,42.68,,60000,0,16,20,2020,신규,26.08~28.08,,,,,
영등포구,11560,신길동,202606,아파트_전월세,힐스테이트클래시안,신길동,4969,84.86,,30000,300,18,20,2020,신규,26.10~28.10,,,,,
영등포구,11560,영등포동1가,202606,아파트_전월세,내이처해밀,영등포동1가,145,14.24,,1000,70,7,12,2012,신규,26.07~27.07,,,,,
영등포구,11560,문래동5가,202606,아파트_전월세,문래모아미래도,문래동5가,67,84.75,,73000,0,4,19,2017,신규,26.07~28.07,,,,,
영등포구,11560,문래동6가,202606,아파트_전월세,현대6차,문래동6가,55-1,50.55,,44000,0,3,19,1997,신규,26.08~28.08,,,,,
영등포구,11560,신길동,202606,아파트_전월세,우성4,신길동,102-8,84.95,,64500,0,15,19,1991,갱신,26.07~28.07,62000.0,,사용,,
영등포구,11560,여의도동,202606,아파트_전월세,서울,여의도동,21-1,139.31,,100000,0,7,11,1976,신규,26.09~28.09,,,,,
영등포구,11560,당산동2가,202606,아파트_전월세,한화포레나당산,당산동2가,165,33.095,,22000,24,11,19,2022,신규,26.07~28.07,,,,,
영등포구,11560,양평동5가,202606,아파트_전월세,양평한신,양평동5가,76,84.87,,25000,125,13,18,1996,갱신,26.07~28.07,25000.0,100.0,,,
영등포구,11560,대림동,202606,아파트_전월세,한솔솔파크,대림동,1123,93.05,,20000,160,8,5,2008,신규,26.06~28.06,,,,,
영등포구,11560,당산동5가,202606,아파트_전월세,당산디오빌,당산동5가,11-33,28.86,,1000,100,5,10,2005,갱신,26.07~27.07,1000.0,95.0,사용,,
영등포구,11560,신길동,202606,아파트_전월세,신기목련아파트,신길동,4935,59.4,,45000,0,18,19,2000,신규,26.09~28.09,,,,,
영등포구,11560,신길동,202606,아파트_전월세,4972,신길동,4972,15.5581,,1000,56,6,19,2021,신규,26.06~27.06,,,,,
영등포구,11560,영등포동7가,202606,아파트_전월세,엔비어스파크,영등포동7가,209,16.645,,1000,69,10,8,2020,신규,26.06~27.06,,,,,
영등포구,11560,문래동6가,202606,아파트_전월세,문래롯데캐슬,문래동6가,57,51.25,,20000,62,10,19,2020,신규,26.07~28.07,,,,,
영등포구,11560,대림동,202606,아파트_전월세,신대림신동아파밀리에,대림동,1124,84.9563,,40000,60,2,19,2013,신규,26.08~28.08,,,,,
영등포구,11560,양평동3가,202606,아파트_전월세,삼호,양평동3가,66,59.96,,57750,0,10,11,1998,갱신,26.07~28.07,55000.0,,사용,,
영등포구,11560,당산동5가,202606,아파트_전월세,당산디오빌,당산동5가,11-33,38.97,,2000,155,9,13,2005,신규,26.07~28.07,,,,,
영등포구,11560,당산동5가,202606,아파트_전월세,당산디오빌,당산동5가,11-33,29.23,,1000,100,6,9,2005,갱신,26.07~27.07,1000.0,95.0,사용,,
영등포구,11560,문래동6가,202606,아파트_전월세,현대6차,문래동6가,55-1,50.55,,43000,0,18,8,1997,신규,26.07~28.07,,,,,
영등포구,11560,당산동3가,202606,아파트_전월세,당산계룡리슈빌2단지,당산동3가,566,38.77,,50400,0,12,16,2014,갱신,26.07~28.07,48000.0,,사용,,
영등포구,11560,신길동,202606,아파트_전월세,신기목련아파트,신길동,4935,59.4,,37500,0,5,19,2000,갱신,26.09~28.09,36000.0,,사용,,
영등포구,11560,대림동,202606,아파트_전월세,e편한세상영등포아델포레,대림동,1127,59.968,,59000,0,5,17,2020,갱신,26.07~28.07,57000.0,,사용,,
영등포구,11560,도림동,202606,아파트_전월세,동아에코빌,도림동,165-1,84.99,,53000,0,19,13,2000,갱신,26.09~28.09,49000.0,,,,
영등포구,11560,당산동2가,202606,아파트_전월세,한화포레나당산,당산동2가,165,33.095,,22000,24,6,18,2022,신규,26.09~28.09,,,,,
영등포구,11560,영등포동,202606,아파트_전월세,영등포푸르지오,영등포동,647,79.777,,52500,0,6,13,2002,갱신,26.06~28.06,50000.0,,사용,,
영등포구,11560,도림동,202606,아파트_전월세,도림청구,도림동,221-1,37.81,,2000,90,7,18,1997,신규,26.07~28.07,,,,,
영등포구,11560,문래동5가,202606,아파트_전월세,문래두산위브,문래동5가,14,65.46,,34000,40,14,3,1988,갱신,26.07~28.07,32000.0,40.0,,,
영등포구,11560,신길동,202606,아파트_전월세,삼성,신길동,4759,60.48,,26250,0,4,10,1984,갱신,26.06~28.06,25000.0,,,,
영등포구,11560,신길동,202606,아파트_전월세,신길센트럴자이아파트,신길동,4964,59.98,,20000,250,26,17,2021,신규,26.08~28.08,,,,,
영등포구,11560,양평동3가,202606,아파트_전월세,현대2차,양평동3가,79-4,80.92,,50000,60,2,17,1990,신규,26.10~28.10,,,,,
영등포구,11560,여의도동,202606,아파트_전월세,브라이튼여의도,여의도동,525,117.335,,235800,0,4,15,2023,갱신,26.08~28.08,235800.0,,,,
영등포구,11560,문래동6가,202606,아파트_전월세,문래롯데캐슬,문래동6가,57,51.25,,25000,45,11,16,2020,갱신,26.08~28.08,25000.0,41.0,,,
영등포구,11560,신길동,202606,아파트_전월세,우성2,신길동,4518,84.47,,43000,0,9,18,1986,신규,26.06~28.06,,,,,
영등포구,11560,문래동6가,202606,아파트_전월세,한신,문래동6가,43,81.89,,42000,0,11,13,1985,갱신,26.07~28.07,39100.0,,,,
영등포구,11560,문래동6가,202606,아파트_전월세,e편한세상 문래 에듀플라츠,문래동6가,58,59.9854,,45000,105,2,17,2020,신규,26.07~28.07,,,,,
영등포구,11560,양평동1가,202606,아파트_전월세,신동아,양평동1가,20,50.81,,29000,0,12,12,1982,신규,26.07~28.07,,,,,
영등포구,11560,문래동6가,202606,아파트_전월세,현대2차,문래동6가,45,79.72,,65000,0,9,10,1987,신규,26.11~28.11,,,,,
영등포구,11560,문래동6가,202606,아파트_전월세,한신,문래동6가,43,40.04,,1000,93,5,13,1985,갱신,26.07~28.06,1000.0,88.0,사용,,
영등포구,11560,대림동,202606,아파트_전월세,현대3차,대림동,608-1,140.54,,35000,110,22,13,1997,갱신,26.08~28.08,35000.0,100.0,,,
영등포구,11560,당산동2가,202606,아파트_전월세,당산대우,당산동2가,16-1,31.73,,18217,0,1,13,1999,갱신,26.07~28.07,17350.0,,,,
영등포구,11560,문래동6가,202606,아파트_전월세,현대2차,문래동6가,45,79.72,,47000,0,1,10,1987,갱신,26.07~28.07,47000.0,,사용,,
영등포구,11560,신길동,202606,아파트_전월세,힐스테이트클래시안,신길동,4969,84.86,,10000,360,18,7,2020,신규,26.08~28.08,,,,,
영등포구,11560,당산동4가,202606,아파트_전월세,당산삼성2차,당산동4가,94-1,59.76,,64000,0,6,9,1997,신규,26.09~28.09,,,,,
영등포구,11560,영등포동,202606,아파트_전월세,두산위브,영등포동,649,59.8,,59500,0,15,6,2004,신규,26.09~28.09,,,,,
영등포구,11560,대림동,202606,아파트_전월세,영등포자이르네,대림동,1132,49.01,,40000,50,3,2,2022,신규,26.10~28.10,,,,,
영등포구,11560,문래동6가,202606,아파트_전월세,현대2차,문래동6가,45,79.72,,30000,110,2,3,1987,신규,26.08~28.08,,,,,
영등포구,11560,신길동,202606,아파트_전월세,신길센트럴자이아파트,신길동,4964,59.98,,70000,0,3,17,2021,갱신,26.07~28.07,70000.0,,사용,,
영등포구,11560,영등포동,202606,아파트_전월세,영등포푸르지오,영등포동,647,73.133,,50400,0,14,17,2002,신규,26.09~28.09,,,,,
영등포구,11560,신길동,202606,아파트_전월세,신길레전드힐스,신길동,261-22,13.74,,9000,9,7,17,2013,갱신,26.06~28.06,9300.0,6.0,,,
영등포구,11560,양평동4가,202606,아파트_전월세,약산,양평동4가,160-2,35.25,,18000,0,5,13,1984,갱신,26.06~28.06,17000.0,,,,
영등포구,11560,신길동,202606,아파트_전월세,삼환,신길동,897-1,59.53,,24000,110,14,14,1997,신규,26.08~28.08,,,,,
영등포구,11560,당산동,202606,아파트_전월세,THESILK,당산동,121-132,45.81,,23000,0,10,17,2013,신규,26.07~28.07,,,,,
영등포구,11560,양평동6가,202606,아파트_전월세,동양,양평동6가,100,59.86,,52500,0,2,10,2000,갱신,26.07~28.07,50000.0,,사용,,
영등포구,11560,문래동6가,202606,아파트_전월세,문래롯데캐슬,문래동6가,57,51.25,,25000,44,10,16,2020,갱신,26.08~28.08,25000.0,40.0,,,
영등포구,11560,대림동,202606,아파트_전월세,G밸리소홈,대림동,1101-7,16.1,,14100,0,14,13,2018,갱신,26.07~28.07,14700.0,,,,
영등포구,11560,대림동,202606,아파트_전월세,e편한세상영등포아델포레,대림동,1127,84.9948,,71650,0,8,16,2020,갱신,26.09~28.09,68250.0,,,,
영등포구,11560,신길동,202606,아파트_전월세,보라매에스케이뷰,신길동,4958,84.98,,7000,183,21,4,2020,신규,26.08~28.08,,,,,
영등포구,11560,문래동6가,202606,아파트_전월세,문래롯데캐슬,문래동6가,57,59.9,,25000,68,10,16,2020,갱신,26.08~28.08,25000.0,62.0,,,
영등포구,11560,당산동5가,202606,아파트_전월세,당산효성1차,당산동5가,12,59.85,,65000,0,4,16,1999,신규,26.09~28.09,,,,,
영등포구,11560,문래동6가,202606,아파트_전월세,문래롯데캐슬,문래동6가,57,59.9,,25000,66,3,12,2020,갱신,26.08~28.08,25000.0,61.0,,,
영등포구,11560,당산동5가,202606,아파트_전월세,반도유보라,당산동5가,41,74.76,,26000,90,2,15,2002,신규,26.06~28.06,,,,,
영등포구,11560,문래동3가,202606,아파트_전월세,문래자이,문래동3가,54,121.53,,47000,130,6,17,2001,갱신,26.07~26.12,47000.0,130.0,,,
영등포구,11560,신길동,202606,아파트_전월세,힐스테이트클래시안,신길동,4969,42.68,,53500,0,22,15,2020,갱신,26.08~28.08,51000.0,,사용,,
영등포구,11560,당산동5가,202606,아파트_전월세,당산삼성래미안4차,당산동5가,42,84.94,,88000,0,4,12,2003,갱신,26.08~28.11,88000.0,,,,
영등포구,11560,여의도동,202606,아파트_전월세,미성,여의도동,37,101.29,,50000,80,3,15,1978,갱신,26.06~28.06,50000.0,60.0,,,
영등포구,11560,신길동,202606,아파트_전월세,보라매에스케이뷰,신길동,4958,59.98,,68250,0,10,6,2020,갱신,26.08~28.08,65000.0,,사용,,
영등포구,11560,양평동5가,202606,아파트_전월세,양평한신,양평동5가,76,59.94,,53550,0,4,13,1996,갱신,26.08~28.08,51000.0,,사용,,
영등포구,11560,당산동4가,202606,아파트_전월세,당산현대5차,당산동4가,30-1,59.75,,54300,0,14,16,2000,갱신,26.07~28.07,51800.0,,,,
영등포구,11560,영등포동3가,202606,아파트_전월세,포레스트힐시티,영등포동3가,19-2,13.53,,1000,60,10,16,2014,신규,26.06~28.06,,,,,
영등포구,11560,양평동1가,202606,아파트_전월세,영등포중흥에스클래스,양평동1가,271,59.97,,70000,0,22,13,2021,갱신,26.08~28.08,67000.0,,사용,,
영등포구,11560,당산동3가,202606,아파트_전월세,쌍용예가클래식,당산동3가,559,106.56,,83000,0,10,16,2010,신규,26.08~28.08,,,,,
영등포구,11560,당산동2가,202606,아파트_전월세,한화포레나당산,당산동2가,165,17.669,,13031,16,3,15,2022,신규,26.07~28.07,,,,,
영등포구,11560,신길동,202606,아파트_전월세,신길센트럴아이파크,신길동,4955,59.97,,10000,260,16,11,2019,신규,26.08~28.08,,,,,
영등포구,11560,신길동,202606,아파트_전월세,더샵파크프레스티지,신길동,4974,84.9005,,30000,230,12,16,2022,갱신,26.08~28.08,30000.0,160.0,,,
영등포구,11560,신길동,202606,아파트_전월세,신길파크자이,신길동,4967,84.99,,81900,0,6,15,2022,갱신,26.06~28.06,78000.0,,사용,,
영등포구,11560,영등포동5가,202606,아파트_전월세,현대프라자,영등포동5가,49-1,59.96,,38800,0,15,16,1999,갱신,26.09~28.09,37000.0,,사용,,
영등포구,11560,신길동,202606,아파트_전월세,신길파크자이,신길동,4967,84.99,,81900,0,6,15,2022,갱신,26.06~28.06,78000.0,,사용,,
영등포구,11560,신길동,202606,아파트_전월세,신길센트럴자이아파트,신길동,4964,59.98,,80000,0,23,12,2021,신규,26.08~28.08,,,,,
영등포구,11560,양평동5가,202606,아파트_전월세,양평한신,양평동5가,76,59.94,,56000,0,15,10,1996,신규,26.08~28.08,,,,,
영등포구,11560,당산동3가,202606,아파트_전월세,삼익,당산동3가,394,82.65,,57000,0,8,8,1979,신규,26.07~28.07,,,,,
영등포구,11560,여의도동,202606,아파트_전월세,목화,여의도동,30,89.92,,80000,0,9,12,1977,신규,26.08~28.08,,,,,
영등포구,11560,도림동,202606,아파트_전월세,도림브라보역세권청년주택,도림동,250-20,35.6,,7830,10,11,15,2021,갱신,26.07~28.06,7830.0,10.0,,,
영등포구,11560,영등포동,202606,아파트_전월세,영등포푸르지오,영등포동,647,79.777,,70000,0,19,15,2002,신규,26.08~28.08,,,,,
영등포구,11560,영등포동1가,202606,아파트_전월세,내이처해밀,영등포동1가,145,15.076,,10800,0,3,15,2012,신규,26.08~28.08,,,,,
영등포구,11560,문래동3가,202606,아파트_전월세,국화맨션,문래동3가,76-1,84.71,,15000,140,15,12,1983,신규,26.07~28.07,,,,,
영등포구,11560,당산동2가,202606,아파트_전월세,당산대우,당산동2가,16-1,31.73,,1000,72,6,13,1999,신규,26.08~28.07,,,,,
영등포구,11560,당산동3가,202606,아파트_전월세,당산계룡리슈빌1단지,당산동3가,564,40.154,,40000,50,12,13,2014,신규,26.09~28.09,,,,,
영등포구,11560,양평동1가,202606,아파트_전월세,신동아,양평동1가,20,50.81,,29000,0,12,12,1982,신규,26.07~28.07,,,,,
영등포구,11560,당산동2가,202606,아파트_전월세,한화포레나당산,당산동2가,165,17.669,,11729,14,11,10,2022,갱신,26.07~28.07,11729.0,12.0,,,
영등포구,11560,당산동,202606,아파트_전월세,강변래미안,당산동,376,79.05,,78000,0,3,8,2002,신규,26.10~28.10,,,,,
영등포구,11560,도림동,202606,아파트_전월세,도림청구,도림동,221-1,37.81,,2000,100,3,13,1997,신규,26.06~28.06,,,,,
영등포구,11560,문래동3가,202606,아파트_전월세,문래동원데자뷰,문래동3가,95,84.96,,20000,185,6,13,2004,신규,26.07~28.07,,,,,
영등포구,11560,신길동,202606,아파트_전월세,신길AK푸르지오,신길동,255-9,49.4552,,55000,0,23,15,2024,신규,26.06~28.06,,,,,
영등포구,11560,도림동,202606,아파트_전월세,영등포아트자이,도림동,821,36.437,,2890,18,6,15,2014,갱신,26.07~28.06,2782.0,17.0,,,
영등포구,11560,신길동,202606,아파트_전월세,더샵파크프레스티지,신길동,4974,59.8635,,66000,0,7,10,2022,갱신,26.08~28.08,63000.0,,사용,,
영등포구,11560,당산동2가,202606,아파트_전월세,한화포레나당산,당산동2가,165,17.669,,9798,29,10,12,2022,갱신,26.07~28.07,9798.0,27.0,,,
영등포구,11560,여의도동,202606,아파트_전월세,삼익,여의도동,51,122.78,,60000,100,4,12,1974,신규,26.07~28.07,,,,,
영등포구,11560,대림동,202606,아파트_전월세,신동아,대림동,777-1,67.41,,22100,6,8,13,1987,갱신,26.06~28.06,22100.0,,사용,,
영등포구,11560,대림동,202606,아파트_전월세,e편한세상영등포아델포레,대림동,1127,59.9792,,40000,71,10,13,2020,갱신,26.07~28.07,40000.0,60.0,사용,,
영등포구,11560,신길동,202606,아파트_전월세,래미안영등포프레비뉴,신길동,4945,59.99,,33000,160,4,11,2015,신규,26.08~28.08,,,,,
영등포구,11560,신길동,202606,아파트_전월세,삼성래미안,신길동,4934,114.87,,42000,7,1,15,2001,신규,26.08~28.08,,,,,
영등포구,11560,여의도동,202606,아파트_전월세,시범,여의도동,50,79.24,,1000,120,4,9,1971,신규,26.06~27.06,,,,,
영등포구,11560,양평동3가,202606,아파트_전월세,거성파스텔,양평동3가,90-1,59.96,,42000,80,12,10,1999,신규,26.09~28.09,,,,,
영등포구,11560,당산동5가,202606,아파트_전월세,당산센트럴아이파크,당산동5가,43,59.98,,17200,65,8,15,2020,신규,26.07~28.09,,,,,
영등포구,11560,여의도동,202606,아파트_전월세,대교,여의도동,41,151.74,,10000,200,3,15,1975,신규,26.07~27.07,,,,,
영등포구,11560,당산동5가,202606,아파트_전월세,당산센트럴아이파크,당산동5가,43,84.98,,105000,50,4,12,2020,갱신,26.08~28.08,105000.0,,,,
영등포구,11560,영등포동8가,202606,아파트_전월세,삼환,영등포동8가,76-1,59.91,,66000,0,18,13,1999,신규,26.09~28.09,,,,,
영등포구,11560,영등포동,202606,아파트_전월세,영등포푸르지오,영등포동,647,59.912,,63000,0,11,13,2002,신규,26.09~28.09,,,,,
영등포구,11560,신길동,202606,아파트_전월세,신길센트럴아이파크,신길동,4955,59.97,,75000,0,14,9,2019,신규,26.10~28.10,,,,,
영등포구,11560,양평동5가,202606,아파트_전월세,양평한신,양평동5가,76,59.94,,55000,0,5,13,1996,신규,26.08~28.08,,,,,
영등포구,11560,신길동,202606,아파트_전월세,포레나 신길,신길동,4937,101.9112,,70000,0,10,15,2008,갱신,26.07~28.07,68000.0,,,,
영등포구,11560,양평동6가,202606,아파트_전월세,동양,양평동6가,100,59.86,,38000,20,5,15,2000,갱신,26.07~28.07,38000.0,,,,
영등포구,11560,신길동,202606,아파트_전월세,더샵파크프레스티지,신길동,4974,59.8635,,65000,0,7,14,2022,갱신,26.08~28.08,60000.0,,,,
영등포구,11560,여의도동,202606,아파트_전월세,브라이튼여의도,여의도동,525,84.132,,20000,1100,44,13,2023,신규,26.07~28.07,,,,,
영등포구,11560,신길동,202606,아파트_전월세,보라매경남아너스빌,신길동,4780,59.78,,10000,138,13,4,2005,갱신,26.06~28.06,10000.0,130.0,사용,,
영등포구,11560,대림동,202606,아파트_전월세,G밸리소홈,대림동,1101-7,16.1,,12500,15,9,12,2018,신규,26.08~28.07,,,,,
영등포구,11560,신길동,202606,아파트_전월세,더샵파크프레스티지,신길동,4974,59.8635,,20000,220,5,11,2022,신규,26.07~28.07,,,,,
영등포구,11560,당산동5가,202606,아파트_전월세,당산디오빌,당산동5가,11-33,28.86,,1000,110,5,13,2005,신규,26.07~28.07,,,,,
영등포구,11560,양평동3가,202606,아파트_전월세,양평현대6차,양평동3가,101,59.98,,57700,0,22,13,2000,갱신,26.09~28.09,55000.0,,사용,,
영등포구,11560,당산동4가,202606,아파트_전월세,당산금호어울림,당산동4가,95,84.25,,55000,90,7,10,2002,신규,26.09~28.09,,,,,
영등포구,11560,신길동,202606,아파트_전월세,삼환,신길동,897-1,84.84,,22000,160,13,6,1997,신규,26.10~28.10,,,,,
영등포구,11560,영등포동7가,202606,아파트_전월세,훼미리하우스117,영등포동7가,94-51,16.98,,13650,0,2,12,2012,갱신,26.07~28.07,13650.0,,사용,,
영등포구,11560,영등포동8가,202606,아파트_전월세,삼환,영등포동8가,76-1,59.91,,55000,0,17,2,1999,갱신,26.07~28.07,48000.0,,,,
영등포구,11560,신길동,202606,아파트_전월세,삼성래미안,신길동,4934,59.33,,35000,5,20,11,2001,신규,26.08~28.08,,,,,
영등포구,11560,문래동6가,202606,아파트_전월세,문래롯데캐슬,문래동6가,57,59.9,,25875,66,15,12,2020,갱신,26.08~28.08,25000.0,64.0,,,
영등포구,11560,신길동,202606,아파트_전월세,신길파크자이,신길동,4967,59.99,,65000,10,17,12,2022,갱신,26.07~28.07,65000.0,,사용,,
영등포구,11560,영등포동,202606,아파트_전월세,라르파크,영등포동,651,30.3116,,42000,0,5,12,2021,신규,26.08~28.08,,,,,
영등포구,11560,신길동,202606,아파트_전월세,삼성래미안,신길동,4934,59.33,,13000,107,2,14,2001,갱신,26.07~28.07,13000.0,100.0,사용,,
영등포구,11560,영등포동,202606,아파트_전월세,영등포푸르지오,영등포동,647,59.912,,68000,0,17,13,2002,신규,26.08~28.08,,,,,
영등포구,11560,영등포동8가,202606,아파트_전월세,삼환,영등포동8가,76-1,59.91,,50000,50,8,15,1999,신규,26.08~28.08,,,,,
영등포구,11560,문래동4가,202606,아파트_전월세,리버뷰신안인스빌1단지,문래동4가,67,84.995,,68000,0,3,13,2008,신규,26.08~28.08,,,,,
영등포구,11560,문래동6가,202606,아파트_전월세,문래롯데캐슬,문래동6가,57,59.9,,25000,69,11,9,2020,갱신,26.08~28.08,25000.0,64.0,,,
영등포구,11560,문래동4가,202606,아파트_전월세,문래동삼환,문래동4가,43,84.98,,10000,200,5,6,2001,신규,26.07~28.07,,,,,
영등포구,11560,당산동5가,202606,아파트_전월세,당산센트럴아이파크,당산동5가,43,59.98,,50000,135,24,1,2020,갱신,26.06~28.06,50000.0,120.0,사용,,
영등포구,11560,당산동4가,202606,아파트_전월세,당산현대3차,당산동4가,88,84.5,,63000,0,9,12,1988,신규,26.09~28.09,,,,,
영등포구,11560,대림동,202606,아파트_전월세,브라이튼디엘,대림동,783-6,58.37,,30156,0,2,12,2023,신규,26.07~28.06,,,,,
영등포구,11560,당산동2가,202606,아파트_전월세,당산대우,당산동2가,16-1,31.73,,22380,0,6,12,1999,갱신,26.07~28.07,21380.0,,,,
영등포구,11560,양평동3가,202606,아파트_전월세,양평현대6차,양평동3가,101,59.98,,3000,168,1,12,2000,갱신,26.07~28.07,3000.0,160.0,사용,,
영등포구,11560,신길동,202606,아파트_전월세,삼성래미안,신길동,4934,84.91,,70000,0,11,11,2001,신규,26.09~28.09,,,,,
영등포구,11560,당산동2가,202606,아파트_전월세,한화포레나당산,당산동2가,165,17.669,,12900,17,4,12,2022,신규,26.07~28.07,,,,,
영등포구,11560,도림동,202606,아파트_전월세,영등포아트자이,도림동,821,51.012,,4028,25,9,9,2014,갱신,26.07~28.06,3877.0,24.0,,,
영등포구,11560,당산동5가,202606,아파트_전월세,유원제일2차,당산동5가,7-2,123.76,,30000,100,5,12,1984,신규,26.08~28.08,,,,,
영등포구,11560,신길동,202606,아파트_전월세,보라매에스케이뷰,신길동,4958,59.98,,5000,227,17,11,2020,갱신,26.06~27.06,5000.0,216.0,,,
영등포구,11560,당산동5가,202606,아파트_전월세,당산센트럴아이파크,당산동5가,43,59.98,,17200,65,9,12,2020,신규,26.07~28.09,,,,,
영등포구,11560,신길동,202606,아파트_전월세,비스타동원,신길동,4975,15.3664,,14400,8,18,8,2024,신규,26.07~28.07,,,,,
영등포구,11560,영등포동1가,202606,아파트_전월세,여의도더리브스타일,영등포동1가,94-2,14.8376,,1000,82,14,11,2020,신규,26.08~27.08,,,,,
영등포구,11560,영등포동1가,202606,아파트_전월세,여의도이튼브라운,영등포동1가,92-3,18.89,,26000,0,9,3,2022,신규,26.09~28.09,,,,,
영등포구,11560,여의도동,202606,아파트_전월세,삼부,여의도동,30-2,135.8,,90000,0,12,11,1975,신규,26.08~28.08,,,,,
영등포구,11560,영등포동7가,202606,아파트_전월세,경남아너스빌,영등포동7가,46-1,59.9,,61000,0,4,12,1998,신규,26.10~28.10,,,,,
영등포구,11560,양평동2가,202606,아파트_전월세,양평벽산블루밍,양평동2가,23,59.58,,44500,0,3,11,1990,갱신,26.06~28.06,42500.0,,,,
영등포구,11560,문래동6가,202606,아파트_전월세,문래롯데캐슬,문래동6가,57,51.25,,25000,45,21,12,2020,신규,26.07~28.07,,,,,
영등포구,11560,영등포동1가,202606,아파트_전월세,여의도씨티아이,영등포동1가,113-1,12.59,,1000,55,13,10,2013,신규,26.06~27.06,,,,,
영등포구,11560,대림동,202606,아파트_전월세,e편한세상영등포아델포레,대림동,1127,84.995,,73500,0,7,11,2020,갱신,26.07~28.07,70000.0,,사용,,
영등포구,11560,당산동2가,202606,아파트_전월세,한화포레나당산,당산동2가,165,17.669,,9700,30,18,11,2022,신규,26.07~28.07,,,,,
영등포구,11560,영등포동3가,202606,아파트_전월세,포레스트힐시티,영등포동3가,19-2,13.53,,180,60,8,9,2014,신규,26.06~26.12,,,,,
영등포구,11560,신길동,202606,아파트_전월세,보라매에스케이뷰,신길동,4958,59.98,,67200,0,28,11,2020,갱신,26.06~28.12,64000.0,,사용,,
영등포구,11560,신길동,202606,아파트_전월세,삼성,신길동,4759,41.58,,3000,80,3,3,1984,신규,26.06~28.06,,,,,
영등포구,11560,당산동5가,202606,아파트_전월세,당산센트럴아이파크,당산동5가,43,59.98,,17200,65,9,11,2020,신규,26.07~28.09,,,,,
영등포구,11560,문래동6가,202606,아파트_전월세,문래롯데캐슬,문래동6가,57,53.79,,25000,53,6,11,2020,신규,26.07~28.07,,,,,
영등포구,11560,신길동,202606,아파트_전월세,힐스테이트클래시안,신길동,4969,59.91,,55000,100,7,11,2020,신규,26.10~28.10,,,,,
영등포구,11560,여의도동,202606,아파트_전월세,공작,여의도동,21-2,126.02,,62000,0,3,11,1976,갱신,26.07~28.07,60000.0,,사용,,
영등포구,11560,여의도동,202606,아파트_전월세,미성,여의도동,37,101.29,,68250,0,9,4,1978,갱신,26.06~28.06,65000.0,,사용,,
영등포구,11560,여의도동,202606,아파트_전월세,시범,여의도동,50,79.24,,1500,140,12,11,1971,갱신,26.07~28.07,1500.0,125.0,,,
영등포구,11560,문래동6가,202606,아파트_전월세,문래롯데캐슬,문래동6가,57,51.25,,25000,45,20,5,2020,갱신,26.08~28.08,25000.0,41.0,,,
영등포구,11560,당산동5가,202606,아파트_전월세,당산삼성래미안4차,당산동5가,42,97.27,,110000,0,5,10,2003,신규,26.07~28.07,,,,,
영등포구,11560,문래동6가,202606,아파트_전월세,문래롯데캐슬,문래동6가,57,59.9,,25875,65,10,5,2020,갱신,26.08~28.08,25000.0,63.0,,,
영등포구,11560,당산동2가,202606,아파트_전월세,한화포레나당산,당산동2가,165,33.095,,11000,67,16,11,2022,신규,26.09~28.09,,,,,
영등포구,11560,당산동2가,202606,아파트_전월세,한화포레나당산,당산동2가,165,33.095,,11000,67,16,11,2022,신규,26.09~28.09,,,,,
영등포구,11560,당산동2가,202606,아파트_전월세,한화포레나당산,당산동2가,165,33.095,,22292,23,7,11,2022,신규,26.07~28.07,,,,,
영등포구,11560,문래동6가,202606,아파트_전월세,문래롯데캐슬,문래동6가,57,59.9,,12000,117,13,11,2020,신규,26.07~28.07,,,,,
영등포구,11560,대림동,202606,아파트_전월세,신대림자이2단지,대림동,1122,95.71,,59850,0,12,7,2007,갱신,26.06~28.06,57000.0,,사용,,
영등포구,11560,당산동5가,202606,아파트_전월세,당산센트럴아이파크,당산동5가,43,59.98,,17200,65,10,10,2020,신규,26.07~28.09,,,,,
영등포구,11560,당산동5가,202606,아파트_전월세,당산센트럴아이파크,당산동5가,43,59.98,,23660,32,5,11,2020,신규,26.07~28.09,,,,,
영등포구,11560,문래동6가,202606,아파트_전월세,문래롯데캐슬,문래동6가,57,59.9,,25000,69,20,9,2020,갱신,26.08~28.08,25000.0,64.0,,,
영등포구,11560,문래동6가,202606,아파트_전월세,문래롯데캐슬,문래동6가,57,53.79,,15000,81,6,9,2020,갱신,26.08~28.08,15000.0,76.0,,,
영등포구,11560,당산동4가,202606,아파트_전월세,당산삼성2차,당산동4가,94-1,59.76,,60000,0,4,10,1997,신규,26.09~28.07,,,,,
영등포구,11560,당산동5가,202606,아파트_전월세,반도유보라,당산동5가,41,84.58,,75000,0,8,6,2002,신규,26.08~28.08,,,,,
영등포구,11560,대림동,202606,아파트_전월세,e편한세상영등포아델포레,대림동,1127,59.9792,,55000,0,20,10,2020,신규,26.06~26.12,,,,,
영등포구,11560,영등포동,202606,아파트_전월세,영등포푸르지오,영등포동,647,84.84,,70000,0,8,9,2002,갱신,26.08~28.08,64000.0,,,,
영등포구,11560,도림동,202606,아파트_전월세,영등포아트자이,도림동,821,40.056,,3172,20,5,10,2014,신규,26.06~28.08,,,,,
영등포구,11560,신길동,202606,아파트_전월세,우성1,신길동,365,64.4,,40000,0,6,9,1986,신규,26.09~28.09,,,,,
영등포구,11560,양평동4가,202606,아파트_전월세,약산,양평동4가,160-2,35.25,,18000,0,5,6,1984,갱신,26.07~28.07,17000.0,,,,
영등포구,11560,문래동2가,202606,아파트_전월세,남성,문래동2가,35,72.9,,9000,100,10,10,1983,신규,26.07~28.07,,,,,
영등포구,11560,당산동5가,202606,아파트_전월세,당산센트럴아이파크,당산동5가,43,59.98,,17200,65,8,10,2020,신규,26.07~28.09,,,,,
영등포구,11560,당산동5가,202606,아파트_전월세,당산효성타운2차,당산동5가,13,84.38,,70000,50,11,3,2001,갱신,26.06~27.06,70000.0,40.0,,,
영등포구,11560,여의도동,202606,아파트_전월세,삼익,여의도동,51,123.27,,74500,0,4,10,1974,갱신,26.08~28.08,71000.0,,,,
영등포구,11560,영등포동2가,202606,아파트_전월세,현대팰리스,영등포동2가,28-138,29.67,,26000,0,6,10,2016,신규,26.07~28.07,,,,,
영등포구,11560,문래동3가,202606,아파트_전월세,문래자이,문래동3가,54,84.98,,81900,0,6,10,2001,갱신,26.06~28.06,78000.0,,사용,,
영등포구,11560,양평동2가,202606,아파트_전월세,상록수,양평동2가,45,59.67,,42000,0,20,8,1999,신규,26.09~28.09,,,,,
영등포구,11560,당산동5가,202606,아파트_전월세,당산삼성래미안4차,당산동5가,42,115.78,,106000,0,3,10,2003,갱신,26.06~28.06,104000.0,,사용,,
영등포구,11560,영등포동7가,202606,아파트_전월세,경남아너스빌,영등포동7가,46-1,59.9,,55650,0,16,8,1998,갱신,26.08~28.08,53000.0,,사용,,
영등포구,11560,당산동3가,202606,아파트_전월세,당산계룡리슈빌2단지,당산동3가,566,40.154,,50400,0,7,5,2014,갱신,26.08~28.08,48000.0,,사용,,
영등포구,11560,신길동,202606,아파트_전월세,힐스테이트클래시안,신길동,4969,39.96,,4771,6,7,8,2020,신규,26.06~28.08,,,,,
영등포구,11560,당산동3가,202606,아파트_전월세,당산SHVILLE,당산동3가,562,84.83,,12100,26,6,9,2005,갱신,26.07~28.06,4903.0,63.0,,,
영등포구,11560,영등포동1가,202606,아파트_전월세,여의도이튼브라운,영등포동1가,92-3,28.86,,39000,0,17,6,2022,신규,26.09~28.09,,,,,
영등포구,11560,신길동,202606,아파트_전월세,건영,신길동,364,60.27,,34000,0,9,2,1985,갱신,26.07~28.07,31000.0,,,,
영등포구,11560,영등포동7가,202606,아파트_전월세,아크로타워스퀘어,영등포동7가,203,26.78,,1858,11,17,10,2017,신규,26.06~28.08,,,,,
영등포구,11560,양평동3가,202606,아파트_전월세,양평현대6차,양평동3가,101,84.94,,1000,60,10,9,2000,신규,26.06~28.06,,,,,
영등포구,11560,신길동,202606,아파트_전월세,신길센트럴아이파크,신길동,4955,59.97,,65000,0,6,6,2019,갱신,26.08~28.08,62000.0,,사용,,
영등포구,11560,영등포동8가,202606,아파트_전월세,삼환,영등포동8가,76-1,59.91,,63000,0,17,9,1999,신규,26.09~28.09,,,,,
영등포구,11560,문래동6가,202606,아파트_전월세,e편한세상 문래 에듀플라츠,문래동6가,58,59.9854,,54000,70,14,9,2020,갱신,26.10~28.12,54000.0,40.0,,,
영등포구,11560,문래동6가,202606,아파트_전월세,e편한세상 문래 에듀플라츠,문래동6가,58,59.9854,,67200,0,17,9,2020,갱신,26.07~28.07,64000.0,,사용,,
영등포구,11560,도림동,202606,아파트_전월세,영등포아트자이,도림동,821,40.056,,6666,20,1,9,2014,신규,26.07~28.06,,,,,
영등포구,11560,당산동5가,202606,아파트_전월세,당산삼성래미안4차,당산동5가,42,115.78,,45000,187,11,6,2003,갱신,26.07~28.07,45000.0,170.0,사용,,
영등포구,11560,신길동,202606,아파트_전월세,보라매에스케이뷰,신길동,4958,59.98,,10000,240,9,7,2020,갱신,26.07~28.07,10000.0,210.0,,,
영등포구,11560,당산동2가,202606,아파트_전월세,한화포레나당산,당산동2가,165,17.669,,13071,16,11,9,2022,신규,26.07~28.07,,,,,
영등포구,11560,신길동,202606,아파트_전월세,더샵파크프레스티지,신길동,4974,59.8635,,30000,150,8,6,2022,신규,26.08~28.08,,,,,
영등포구,11560,여의도동,202606,아파트_전월세,삼부,여의도동,30-2,92.13,,57000,0,3,5,1975,갱신,26.06~27.06,47000.0,,,,
영등포구,11560,문래동6가,202606,아파트_전월세,e편한세상 문래 에듀플라츠,문래동6가,58,59.9833,,40000,82,5,9,2020,신규,26.08~28.08,,,,,
영등포구,11560,양평동4가,202606,아파트_전월세,삼호한숲,양평동4가,94,59.9,,49000,0,11,6,2000,갱신,26.06~28.06,49000.0,,사용,,
영등포구,11560,문래동6가,202606,아파트_전월세,유원문래,문래동6가,11-1,84.98,,5250,189,4,6,1991,갱신,26.07~28.07,5000.0,180.0,,,
영등포구,11560,당산동2가,202606,아파트_전월세,당산2가현대홈타운,당산동2가,164,82.77,,60000,0,15,8,1994,갱신,26.07~28.07,57000.0,,,,
영등포구,11560,문래동5가,202606,아파트_전월세,문래두산위브,문래동5가,14,79.86,,47250,0,2,3,1988,갱신,26.07~28.07,45000.0,,,,
영등포구,11560,당산동4가,202606,아파트_전월세,당산현대5차,당산동4가,30-1,59.85,,68000,0,14,6,2000,신규,26.07~28.07,,,,,
영등포구,11560,문래동3가,202606,아파트_전월세,문래자이,문래동3가,54,84.98,,65000,55,11,6,2001,갱신,26.08~29.02,65000.0,,,,
영등포구,11560,신길동,202606,아파트_전월세,삼성래미안,신길동,4934,84.91,,70000,0,4,8,2001,신규,26.08~28.08,,,,,
영등포구,11560,양평동5가,202606,아파트_전월세,양평한신,양평동5가,76,59.94,,42400,0,8,8,1996,신규,26.07~28.07,,,,,
영등포구,11560,영등포동2가,202606,아파트_전월세,명화오피스텔,영등포동2가,94-212,34.16,,25400,0,10,5,2017,갱신,26.07~28.07,24200.0,,사용,,
영등포구,11560,당산동3가,202606,아파트_전월세,당산SHVILLE,당산동3가,562,84.85,,12364,34,9,9,2005,갱신,26.07~28.06,4909.0,63.0,,,
영등포구,11560,여의도동,202606,아파트_전월세,롯데캐슬아이비,여의도동,43-4,103.86,,110250,0,23,6,2005,갱신,26.06~28.06,105000.0,,사용,,
영등포구,11560,신길동,202606,아파트_전월세,신길센트럴자이아파트,신길동,4964,39.36,,15192,39,7,9,2021,갱신,26.07~28.06,12850.0,45.0,,,
영등포구,11560,신길동,202606,아파트_전월세,래미안에스티움,신길동,4950,59.95,,83000,0,12,8,2017,신규,26.08~28.08,,,,,
영등포구,11560,당산동4가,202606,아파트_전월세,당산현대5차,당산동4가,30-1,114.84,,40000,220,1,6,2000,신규,26.08~28.08,,,,,
영등포구,11560,당산동3가,202606,아파트_전월세,당산계룡리슈빌3단지,당산동3가,565,49.987,,60000,0,4,6,2014,신규,26.09~28.09,,,,,
영등포구,11560,신길동,202606,아파트_전월세,삼환,신길동,897-1,59.53,,15000,126,11,3,1997,갱신,26.08~28.08,15000.0,120.0,사용,,
영등포구,11560,문래동6가,202606,아파트_전월세,현대2차,문래동6가,45,59.31,,40000,35,12,8,1987,신규,26.10~28.10,,,,,
영등포구,11560,당산동1가,202606,아파트_전월세,신동아파밀리에,당산동1가,457,59.4,,20000,140,11,8,2008,신규,26.09~28.09,,,,,
영등포구,11560,영등포동7가,202606,아파트_전월세,아크로타워스퀘어,영등포동7가,203,84.71,,112000,0,16,5,2017,신규,26.08~28.08,,,,,
영등포구,11560,당산동3가,202606,아파트_전월세,당산계룡리슈빌1단지,당산동3가,564,42.294,,47000,0,3,8,2014,갱신,26.07~27.10,47000.0,,사용,,
영등포구,11560,신길동,202606,아파트_전월세,신길센트럴자이아파트,신길동,4964,59.98,,40000,150,18,5,2021,갱신,26.08~28.08,20000.0,150.0,,,
영등포구,11560,문래동3가,202606,아파트_전월세,문래자이,문래동3가,54,147.34,,50000,198,12,8,2001,갱신,26.07~28.07,50000.0,180.0,사용,,
영등포구,11560,도림동,202606,아파트_전월세,영등포아트자이,도림동,821,36.437,,4913,6,11,8,2014,갱신,26.07~28.06,4805.0,6.0,,,
영등포구,11560,당산동2가,202606,아파트_전월세,당산대우,당산동2가,16-1,31.73,,2000,75,7,8,1999,신규,26.06~28.06,,,,,
영등포구,11560,문래동6가,202606,아파트_전월세,문래롯데캐슬,문래동6가,57,59.9,,25000,70,16,5,2020,갱신,26.08~28.08,25000.0,64.0,,,
영등포구,11560,양평동5가,202606,아파트_전월세,양평한신,양평동5가,76,59.94,,63000,0,19,3,1996,신규,26.09~28.09,,,,,
영등포구,11560,문래동6가,202606,아파트_전월세,문래롯데캐슬,문래동6가,57,59.9,,25000,69,19,5,2020,갱신,26.08~28.08,25000.0,64.0,,,
영등포구,11560,영등포동7가,202606,아파트_전월세,아크로타워스퀘어,영등포동7가,203,33.71,,2341,13,24,8,2017,신규,26.06~28.08,,,,,
영등포구,11560,영등포동8가,202606,아파트_전월세,삼환,영등포동8가,76-1,84.87,,52500,0,8,8,1999,신규,26.06~28.06,,,,,
영등포구,11560,신길동,202606,아파트_전월세,신길센트럴자이아파트,신길동,4964,59.98,,20000,230,11,8,2021,갱신,26.08~28.08,8000.0,195.0,,,
영등포구,11560,양평동4가,202606,아파트_전월세,삼호한숲,양평동4가,94,84.99,,13000,155,10,7,2000,갱신,26.06~28.06,13000.0,100.0,,,
영등포구,11560,양평동2가,202606,아파트_전월세,삼성래미안,양평동2가,38-1,59.4,,58000,0,17,5,1998,신규,26.08~28.08,,,,,
영등포구,11560,문래동6가,202606,아파트_전월세,문래롯데캐슬,문래동6가,57,52.62,,25000,51,9,5,2020,갱신,26.08~28.08,25000.0,46.0,,,
영등포구,11560,신길동,202606,아파트_전월세,보라매에스케이뷰,신길동,4958,39.98,,3579,19,13,8,2020,신규,26.06~28.08,,,,,
영등포구,11560,양평동1가,202606,아파트_전월세,삼환,양평동1가,245,59.76,,51000,0,12,8,1994,신규,26.09~28.09,,,,,
영등포구,11560,영등포동1가,202606,아파트_전월세,여의도이튼브라운,영등포동1가,92-3,43.37,,51000,0,18,1,2022,신규,26.09~28.09,,,,,
영등포구,11560,신길동,202606,아파트_전월세,포레나 신길,신길동,4937,84.5802,,500,50,2,1,2008,신규,26.07~28.07,,,,,
영등포구,11560,신길동,202606,아파트_전월세,우성1,신길동,365,83.64,,46000,0,12,6,1986,갱신,26.06~28.06,45000.0,,사용,,
영등포구,11560,당산동,202606,아파트_전월세,브라보,당산동,121-26,17,,18500,0,10,6,2016,갱신,26.06~26.08,18500.0,,,,
영등포구,11560,양평동6가,202606,아파트_전월세,선유도삼성홈타운,양평동6가,101,42.98,,32700,0,2,7,2015,신규,26.08~28.08,,,,,
영등포구,11560,당산동4가,202606,아파트_전월세,당산반도유보라팰리스,당산동4가,96,124.62,,20000,400,15,3,2010,신규,26.08~28.08,,,,,
영등포구,11560,영등포동5가,202606,아파트_전월세,현대프라자,영등포동5가,49-1,59.96,,36000,0,8,2,1999,신규,26.07~27.07,,,,,
영등포구,11560,양평동3가,202606,아파트_전월세,양평현대6차,양평동3가,101,84.94,,66000,0,24,5,2000,갱신,26.06~28.06,63000.0,,사용,,
영등포구,11560,신길동,202606,아파트_전월세,보라매에스케이뷰,신길동,4958,59.98,,82000,0,23,6,2020,신규,26.07~28.07,,,,,
영등포구,11560,양평동5가,202606,아파트_전월세,양평한신,양평동5가,76,59.94,,60000,0,3,6,1996,신규,26.08~28.08,,,,,
영등포구,11560,당산동4가,202606,아파트_전월세,당산현대3차,당산동4가,88,84.5,,68250,0,7,6,1988,갱신,26.07~28.07,65000.0,,사용,,
영등포구,11560,도림동,202606,아파트_전월세,영등포아트자이,도림동,821,84.974,,58000,0,26,7,2014,갱신,26.06~28.06,58000.0,,,,
영등포구,11560,신길동,202606,아파트_전월세,보라매에스케이뷰,신길동,4958,59.98,,82000,0,23,6,2020,신규,26.07~28.07,,,,,
영등포구,11560,영등포동8가,202606,아파트_전월세,삼환,영등포동8가,76-1,59.91,,34700,0,16,6,1999,갱신,26.06~28.06,33100.0,,사용,,
영등포구,11560,당산동5가,202606,아파트_전월세,당산센트럴아이파크,당산동5가,43,84.98,,105000,0,18,6,2020,갱신,26.06~28.06,95000.0,,,,
영등포구,11560,신길동,202606,아파트_전월세,신길센트럴아이파크,신길동,4955,59.97,,60900,0,8,5,2019,갱신,26.07~28.05,58000.0,,사용,,
영등포구,11560,대림동,202606,아파트_전월세,현대1,대림동,785-1,84.75,,50000,0,14,5,1992,신규,26.07~28.07,,,,,
영등포구,11560,신길동,202606,아파트_전월세,더샵파크프레스티지,신길동,4974,59.8635,,30000,160,12,5,2022,갱신,26.08~28.08,30000.0,120.0,,,
영등포구,11560,신길동,202606,아파트_전월세,힐스테이트클래시안,신길동,4969,39.96,,3083,16,7,8,2020,신규,26.06~28.08,,,,,
영등포구,11560,당산동2가,202606,아파트_전월세,당산2가현대홈타운,당산동2가,164,82.77,,65000,0,9,3,1994,갱신,26.06~28.06,10000.0,,,,
영등포구,11560,당산동5가,202606,아파트_전월세,당산센트럴아이파크,당산동5가,43,114.98,,130000,0,16,3,2020,갱신,26.06~28.06,104700.0,,,,
영등포구,11560,영등포동8가,202606,아파트_전월세,당산푸르지오,영등포동8가,91,79.33,,50000,30,16,2,2004,갱신,26.06~28.06,35000.0,90.0,,,
영등포구,11560,양평동1가,202606,아파트_전월세,이너스삼성,양평동1가,269,71.2,,50000,0,4,5,2005,신규,26.11~28.11,,,,,
영등포구,11560,당산동5가,202606,아파트_전월세,당산센트럴아이파크,당산동5가,43,71.98,,101000,0,17,5,2020,갱신,26.07~28.07,93000.0,,,,
영등포구,11560,당산동2가,202606,아파트_전월세,한화포레나당산,당산동2가,165,17.669,,13071,16,11,5,2022,신규,26.07~28.07,,,,,
영등포구,11560,대림동,202606,아파트_전월세,신대림자이2단지,대림동,1122,84.9,,20000,160,21,4,2007,신규,26.06~28.06,,,,,
영등포구,11560,여의도동,202606,아파트_전월세,공작,여의도동,21-2,91.97,,15000,135,2,1,1976,갱신,26.07~28.06,15000.0,129.0,,,
영등포구,11560,당산동4가,202606,아파트_전월세,당산삼성2차,당산동4가,94-1,84.93,,58300,0,1,4,1997,갱신,26.06~28.06,55800.0,,,,
영등포구,11560,신길동,202606,아파트_전월세,래미안에스티움,신길동,4950,118.03,,113000,0,19,4,2017,갱신,26.09~28.09,110000.0,,사용,,
영등포구,11560,신길동,202606,아파트_전월세,보라매에스케이뷰,신길동,4958,84.98,,100000,0,26,3,2020,신규,26.10~28.10,,,,,
영등포구,11560,신길동,202606,아파트_전월세,삼성,신길동,4759,73.98,,35000,0,4,2,1984,갱신,26.07~28.07,35000.0,,사용,,
영등포구,11560,당산동2가,202606,아파트_전월세,한화포레나당산,당산동2가,165,41.125,,5270,23,7,4,2022,신규,26.06~27.07,,,,,
영등포구,11560,당산동4가,202606,아파트_전월세,당산롯데캐슬프레스티지,당산동4가,99,84.98,,96600,0,14,3,2017,갱신,26.08~28.08,92000.0,,사용,,
영등포구,11560,당산동4가,202606,아파트_전월세,한강아파트,당산동4가,29,59.4,,57000,0,15,3,1999,갱신,26.06~28.06,55000.0,,,,
영등포구,11560,당산동4가,202606,아파트_전월세,당산현대3차,당산동4가,88,59.26,,55000,0,13,3,1988,신규,26.09~28.09,,,,,
영등포구,11560,당산동5가,202606,아파트_전월세,당산디오빌,당산동5가,11-33,29.23,,20000,40,10,2,2005,신규,26.08~28.08,,,,,
영등포구,11560,양평동2가,202606,아파트_전월세,양평벽산블루밍,양평동2가,23,59.58,,48000,0,1,3,1990,신규,26.08~28.08,,,,,
영등포구,11560,당산동5가,202606,아파트_전월세,당산디오빌,당산동5가,11-33,33.09,,5000,105,6,3,2005,신규,26.06~28.06,,,,,
영등포구,11560,신길동,202606,아파트_전월세,힐스테이트클래시안,신길동,4969,84.86,,103000,0,20,2,2020,신규,26.08~28.08,,,,,
영등포구,11560,신길동,202606,아파트_전월세,신길AK푸르지오,신길동,255-9,49.4552,,55000,0,6,3,2024,신규,26.06~28.06,,,,,
영등포구,11560,신길동,202606,아파트_전월세,보라매에스케이뷰,신길동,4958,59.98,,10000,290,19,3,2020,신규,26.07~28.07,,,,,
영등포구,11560,신길동,202606,아파트_전월세,힐스테이트클래시안,신길동,4969,59.91,,69300,0,4,3,2020,갱신,26.09~28.09,66000.0,,사용,,
영등포구,11560,도림동,202606,아파트_전월세,영등포아트자이,도림동,821,84.974,,84000,0,1,3,2014,신규,26.08~28.08,,,,,
영등포구,11560,대림동,202606,아파트_전월세,G밸리소홈,대림동,1101-7,16.1,,500,60,11,3,2018,신규,26.06~27.06,,,,,
영등포구,11560,여의도동,202606,아파트_전월세,삼부,여의도동,30-2,175.8,,145000,0,12,3,1975,신규,26.08~28.08,,,,,
영등포구,11560,대림동,202606,아파트_전월세,브라이튼디엘,대림동,783-6,70.45,,38304,0,7,2,2023,신규,26.07~28.06,,,,,
영등포구,11560,양평동5가,202606,아파트_전월세,동보,양평동5가,9-1,59.4,,60000,0,11,3,1998,신규,26.08~28.08,,,,,
영등포구,11560,도림동,202606,아파트_전월세,에스제이팰리스,도림동,195-5,25.46,,3000,105,14,2,2019,신규,26.06~28.06,,,,,
영등포구,11560,신길동,202606,아파트_전월세,래미안에스티움,신길동,4950,118.39,,110000,0,5,3,2017,갱신,26.06~28.06,82000.0,,,,
영등포구,11560,신길동,202606,아파트_전월세,한성,신길동,769-1,59.87,,45000,0,15,3,1997,갱신,26.07~28.07,43000.0,,사용,,
영등포구,11560,신길동,202606,아파트_전월세,더샵파크프레스티지,신길동,4974,59.8635,,70000,0,15,3,2022,신규,26.07~28.06,,,,,
영등포구,11560,영등포동8가,202606,아파트_전월세,삼환,영등포동8가,76-1,84.87,,15000,165,15,2,1999,신규,26.07~27.07,,,,,
영등포구,11560,신길동,202606,아파트_전월세,여의,신길동,1-8,67.2,,24000,0,3,2,2001,갱신,26.06~28.06,20000.0,,,,
영등포구,11560,문래동3가,202606,아파트_전월세,문래힐스테이트,문래동3가,94,84.92,,10000,165,16,1,2003,신규,26.06~28.06,,,,,
영등포구,11560,신길동,202606,아파트_전월세,힐스테이트클래시안,신길동,4969,42.68,,49000,0,25,1,2020,갱신,26.09~28.09,47000.0,,사용,,
영등포구,11560,양평동1가,202606,아파트_전월세,신동아,양평동1가,20,61.59,,42000,0,5,2,1982,갱신,26.06~28.06,39000.0,,,,
영등포구,11560,당산동,202606,아파트_전월세,리버뷰,당산동,121-130,18.36,,15000,20,10,1,2015,갱신,26.06~28.06,15000.0,17.0,,,
영등포구,11560,영등포동2가,202606,아파트_전월세,여의도리미티오148,영등포동2가,139,24.3859,,27000,20,15,1,2022,신규,26.07~28.07,,,,,
영등포구,11560,여의도동,202606,아파트_전월세,여의도자이,여의도동,47,148.94,,30000,640,37,1,2008,신규,26.06~28.06,,,,,
영등포구,11560,여의도동,202606,아파트_전월세,"광장(1,2동)",여의도동,38-1,102.84,,90000,0,4,1,1978,갱신,26.06~28.06,85000.0,,,,
영등포구,11560,영등포동7가,202606,아파트_전월세,아크로타워스퀘어,영등포동7가,203,59.91,,70000,20,18,1,2017,갱신,26.06~28.06,70000.0,,,,
영등포구,11560,신길동,202606,아파트_전월세,신길센트럴자이아파트,신길동,4964,59.98,,78000,0,20,1,2021,신규,26.10~28.09,,,,,
영등포구,11560,영등포동7가,202606,오피스텔_매매,골든힐,영등포동7가,94-13,54.59,39400,,,5,23,2016,,,,,,중개거래,
영등포구,11560,당산동1가,202606,오피스텔_매매,드림캐슬,당산동1가,256-76,40.18,43000,,,4,30,2023,,,,,,직거래,
영등포구,11560,문래동5가,202606,오피스텔_매매,명지 페르마타,문래동5가,23-4,25.93,10000,,,6,30,2004,,,,,,중개거래,
영등포구,11560,영등포동2가,202606,오피스텔_매매,라센트라,영등포동2가,256,27.6,43000,,,8,29,2021,,,,,,직거래,
영등포구,11560,영등포동4가,202606,오피스텔_매매,HIGHEND 63st,영등포동4가,55,28.12,48544,,,9,15,2023,,,,,,직거래,
영등포구,11560,여의도동,202606,오피스텔_매매,(61-3),여의도동,61-3,23,16856,,,5,30,1991,,,,,,중개거래,
영등포구,11560,여의도동,202606,오피스텔_매매,브라이튼 여의도,여의도동,525,29.56,70000,,,17,29,2023,,,,,,중개거래,
영등포구,11560,도림동,202606,오피스텔_매매,쌍용플래티넘시티2단지,도림동,269-1,87.36,75500,,,2,27,2006,,,,,,중개거래,
영등포구,11560,양평동5가,202606,오피스텔_매매,대우미래사랑2차,양평동5가,92,65.3,65000,,,8,29,2004,,,,,,중개거래,
영등포구,11560,여의도동,202606,오피스텔_매매,브라이튼 여의도,여의도동,525,29.98,64000,,,16,22,2023,,,,,,중개거래,
영등포구,11560,당산동5가,202606,오피스텔_매매,당산역해링턴타워,당산동5가,9-3,26.22,23000,,,18,27,2015,,,,,,중개거래,
영등포구,11560,문래동6가,202606,오피스텔_매매,문래파라곤,문래동6가,16-2,68.59,56900,,,10,27,2005,,,,,,중개거래,
영등포구,11560,여의도동,202606,오피스텔_매매,여의도파라곤,여의도동,13,47.54,38500,,,8,23,2005,,,,,,중개거래,
영등포구,11560,여의도동,202606,오피스텔_매매,여의도금호리첸시아,여의도동,61,52.74,73500,,,5,17,2003,,,,,,중개거래,
영등포구,11560,문래동6가,202606,오피스텔_매매,문래투웨니퍼스트,문래동6가,29-1,27.59,25900,,,2,9,2018,,,,,,중개거래,
영등포구,11560,도림동,202606,오피스텔_매매,쌍용플래티넘시티1단지,도림동,820,62.42,58000,,,7,30,2006,,,,,,중개거래,
영등포구,11560,영등포동4가,202606,오피스텔_매매,HIGHEND 63st,영등포동4가,55,28.12,46321,,,4,15,2023,,,,,,직거래,
영등포구,11560,영등포동4가,202606,오피스텔_매매,HIGHEND 63st,영등포동4가,55,28.12,47854,,,8,23,2023,,,,,,직거래,
영등포구,11560,양평동4가,202606,오피스텔_매매,선유도한강오피스텔,양평동4가,238-2,34.53,29000,,,4,30,2017,,,,,,중개거래,
영등포구,11560,여의도동,202606,오피스텔_매매,여의도자이,여의도동,47,82.04,126000,,,17,18,2008,,,,,,중개거래,
영등포구,11560,영등포동4가,202606,오피스텔_매매,HIGHEND 63st,영등포동4가,55,28.12,48544,,,9,29,2023,,,,,,직거래,
영등포구,11560,여의도동,202606,오피스텔_매매,(주)신한 여의도 드림리버 오피스텔,여의도동,12-3,30,39300,,,14,13,2019,,,,,,중개거래,
영등포구,11560,영등포동4가,202606,오피스텔_매매,HIGHEND 63st,영등포동4가,55,28.12,48544,,,9,15,2023,,,,,,직거래,O
영등포구,11560,영등포동4가,202606,오피스텔_매매,HIGHEND 63st,영등포동4가,55,28.12,47854,,,7,12,2023,,,,,,직거래,
영등포구,11560,당산동3가,202606,오피스텔_매매,리앤나빌리지,당산동3가,80-1,22.85,12500,,,7,25,2004,,,,,,중개거래,
영등포구,11560,영등포동4가,202606,오피스텔_매매,HIGHEND 63st,영등포동4가,55,28.12,46992,,,5,12,2023,,,,,,직거래,
영등포구,11560,영등포동4가,202606,오피스텔_매매,HIGHEND 63st,영등포동4가,55,28.12,46992,,,6,12,2023,,,,,,직거래,
영등포구,11560,영등포동4가,202606,오피스텔_매매,HIGHEND 63st,영등포동4가,55,28.12,48544,,,9,11,2023,,,,,,직거래,
영등포구,11560,영등포동4가,202606,오피스텔_매매,HIGHEND 63st,영등포동4가,55,39.73,69304,,,12,10,2023,,,,,,직거래,
영등포구,11560,여의도동,202606,오피스텔_매매,힐스테이트 여의도 파인루체,여의도동,44-5,53.77,95000,,,14,18,2023,,,,,,중개거래,
영등포구,11560,영등포동7가,202606,오피스텔_매매,영등포 리버텔,영등포동7가,94-64,27.75,12000,,,10,17,2004,,,,,,중개거래,
영등포구,11560,문래동1가,202606,오피스텔_매매,2030센터뷰,문래동1가,22-12,34.42,44000,,,2,12,2023,,,,,,직거래,
영등포구,11560,당산동1가,202606,오피스텔_매매,에코하우징,당산동1가,232,29.82,41000,,,8,18,2023,,,,,,직거래,
영등포구,11560,신길동,202606,오피스텔_매매,(4300-10),신길동,4300-10,49.98,27700,,,4,6,2012,,,,,,중개거래,
영등포구,11560,영등포동4가,202606,오피스텔_매매,영등포 센트럴 푸르지오 시티,영등포동4가,443,29.75,22800,,,22,22,2013,,,,,,중개거래,
영등포구,11560,여의도동,202606,오피스텔_매매,엘지여의도에클라트,여의도동,14-21,37.96,28000,,,12,26,2003,,,,,,중개거래,
영등포구,11560,여의도동,202606,오피스텔_매매,여의도파라곤,여의도동,13,73.46,90000,,,6,8,2005,,,,,,중개거래,
영등포구,11560,양평동6가,202606,오피스텔_매매,선유도 더채움,양평동6가,2-4,28.044,36000,,,12,7,2022,,,,,,중개거래,
영등포구,11560,당산동1가,202606,오피스텔_매매,신현빌,당산동1가,256-17,19.89,33000,,,4,27,2024,,,,,,중개거래,
영등포구,11560,문래동6가,202606,오피스텔_매매,문래동 현대홈시티1,문래동6가,1-1,80.56,63000,,,15,17,2004,,,,,,중개거래,
영등포구,11560,당산동1가,202606,오피스텔_매매,에이원하우징,당산동1가,166-1,51.33,32000,,,2,27,2018,,,,,,중개거래,
영등포구,11560,양평동4가,202606,오피스텔_매매,선유도한강오피스텔,양평동4가,238-2,35.14,29000,,,3,26,2017,,,,,,중개거래,
영등포구,11560,여의도동,202606,오피스텔_매매,(주)신한 여의도 드림리버 오피스텔,여의도동,12-3,29.55,37500,,,15,17,2019,,,,,,중개거래,
영등포구,11560,문래동6가,202606,오피스텔_매매,문래동 현대홈시티1,문래동6가,1-1,73.27,51600,,,2,20,2004,,,,,,중개거래,
영등포구,11560,당산동5가,202606,오피스텔_매매,데시앙루브 오피스텔,당산동5가,8,28.24,19700,,,3,27,2014,,,,,,중개거래,
영등포구,11560,영등포동4가,202606,오피스텔_매매,HIGHEND 63st,영등포동4가,55,39.73,67000,,,11,5,2023,,,,,,직거래,
영등포구,11560,당산동5가,202606,오피스텔_매매,데시앙루브 오피스텔,당산동5가,8,28.24,19700,,,3,27,2014,,,,,,중개거래,
영등포구,11560,당산동6가,202606,오피스텔_매매,위너스하임,당산동6가,280-10,36.04,32500,,,2,27,2017,,,,,,중개거래,
영등포구,11560,도림동,202606,오피스텔_매매,쌍용플래티넘시티1단지,도림동,820,62.88,56000,,,9,27,2006,,,,,,중개거래,
영등포구,11560,당산동6가,202606,오피스텔_매매,위너스하임,당산동6가,280-10,36.04,34300,,,7,26,2017,,,,,,중개거래,
영등포구,11560,여의도동,202606,오피스텔_매매,여의도파크센터,여의도동,28-3,114.97,176000,,,25,12,2007,,,,,,중개거래,
영등포구,11560,양평동2가,202606,오피스텔_매매,CO-OP Residence/오목교,양평동2가,43-14,16.98,7750,,,9,26,2004,,,,,,중개거래,
영등포구,11560,양평동5가,202606,오피스텔_매매,대우미래사랑2차,양평동5가,92,65.28,62000,,,12,20,2004,,,,,,중개거래,
영등포구,11560,양평동2가,202606,오피스텔_매매,CO-OP Residence/오목교,양평동2가,43-14,16.98,8200,,,14,2,2004,,,,,,중개거래,
영등포구,11560,양평동1가,202606,오피스텔_매매,성운타운2,양평동1가,148-9,21.82,18200,,,2,25,2019,,,,,,직거래,
영등포구,11560,당산동5가,202606,오피스텔_매매,당산역해링턴타워,당산동5가,9-3,23.92,20000,,,15,25,2015,,,,,,중개거래,
영등포구,11560,영등포동4가,202606,오피스텔_매매,영등포 센트럴 푸르지오 시티,영등포동4가,443,29.75,21500,,,4,22,2013,,,,,,중개거래,
영등포구,11560,당산동2가,202606,오피스텔_매매,문래역 대우미래사랑3차,당산동2가,15-1,89.7,74000,,,10,18,2004,,,,,,중개거래,
영등포구,11560,당산동1가,202606,오피스텔_매매,더채움오피스텔,당산동1가,260,27.94,29500,,,6,20,2020,,,,,,중개거래,
영등포구,11560,양평동1가,202606,오피스텔_매매,더스톤,양평동1가,118-2,17.83,25000,,,7,23,2018,,,,,,중개거래,
영등포구,11560,당산동5가,202606,오피스텔_매매,당산역해링턴타워,당산동5가,9-3,28.74,26500,,,10,24,2015,,,,,,중개거래,
영등포구,11560,영등포동8가,202606,오피스텔_매매,당산역 리버리치 오피스텔,영등포동8가,86,22.9,18000,,,2,19,2016,,,,,,중개거래,
영등포구,11560,도림동,202606,오피스텔_매매,도림동 하나아파텔(1차),도림동,265-1,45.36,29000,,,12,20,2003,,,,,,중개거래,
영등포구,11560,여의도동,202606,오피스텔_매매,(주)신한 여의도 드림리버 오피스텔,여의도동,12-3,30,37700,,,15,18,2019,,,,,,중개거래,
영등포구,11560,문래동3가,202606,오피스텔_매매,문래동메가트리움,문래동3가,55-4,99.53,109000,,,20,23,,,,,,,중개거래,
영등포구,11560,당산동1가,202606,오피스텔_매매,더채움오피스텔,당산동1가,260,27.94,31000,,,9,15,2020,,,,,,중개거래,
영등포구,11560,도림동,202606,오피스텔_매매,타원벨라움,도림동,266-2,28.22,13500,,,6,20,2004,,,,,,중개거래,
영등포구,11560,영등포동2가,202606,오피스텔_매매,경동미르웰 여의도,영등포동2가,94-129,17.14,13000,,,3,19,2017,,,,,,중개거래,
영등포구,11560,신길동,202606,오피스텔_매매,엔-씨티오피스텔,신길동,59-2,23.01,12700,,,16,20,2000,,,,,,중개거래,
영등포구,11560,도림동,202606,오피스텔_매매,현대팰리스,도림동,229-8,44.03,27000,,,5,20,2015,,,,,,중개거래,
영등포구,11560,영등포동1가,202606,오피스텔_매매,여의도더리브스타일,영등포동1가,94-2,26.4926,28500,,,10,14,2020,,,,,,중개거래,
영등포구,11560,영등포동2가,202606,오피스텔_매매,리치팰리스,영등포동2가,94-307,21.1,32000,,,7,10,2021,,,,,,중개거래,
영등포구,11560,도림동,202606,오피스텔_매매,쌍용플래티넘시티2단지,도림동,269-1,87.36,77500,,,13,3,2006,,,,,,중개거래,
영등포구,11560,영등포동7가,202606,오피스텔_매매,포레나 영등포 센트럴,영등포동7가,208,18.302,19100,,,23,12,2020,,,,,,중개거래,
영등포구,11560,영등포동6가,202606,오피스텔_매매,골든빌,영등포동6가,97,23.42,21400,,,2,18,2018,,,,,,중개거래,
영등포구,11560,당산동5가,202606,오피스텔_매매,당산역 한강포스빌,당산동5가,33-1,30.43,17800,,,11,16,2005,,,,,,중개거래,
영등포구,11560,당산동,202606,오피스텔_매매,여의도 아리스타,당산동,121-61,20.22,15700,,,6,13,2021,,,,,,중개거래,
영등포구,11560,영등포동4가,202606,오피스텔_매매,영등포 대성 그랑그루,영등포동4가,103,16.69,10500,,,3,11,2012,,,,,,중개거래,
영등포구,11560,문래동3가,202606,오피스텔_매매,영등포 SK 리더스뷰,문래동3가,55-16,114.63,122000,,,29,16,2007,,,,,,중개거래,
영등포구,11560,양평동5가,202606,오피스텔_매매,에듀시티에비앙,양평동5가,51,28.6,21100,,,13,5,2017,,,,,,직거래,
영등포구,11560,당산동4가,202606,오피스텔_매매,코오롱 스타폴리스,당산동4가,1-2,47.63,28300,,,4,1,2005,,,,,,중개거래,
영등포구,11560,영등포동2가,202606,오피스텔_매매,리치팰리스,영등포동2가,94-307,18.69,24500,,,9,15,2021,,,,,,중개거래,
영등포구,11560,영등포동2가,202606,오피스텔_매매,리치팰리스,영등포동2가,94-307,18.97,24500,,,9,15,2021,,,,,,중개거래,
영등포구,11560,영등포동2가,202606,오피스텔_매매,리치팰리스,영등포동2가,94-307,18.78,24500,,,9,15,2021,,,,,,중개거래,
영등포구,11560,당산동1가,202606,오피스텔_매매,파비엥,당산동1가,186-99,29.96,22000,,,3,18,2018,,,,,,중개거래,
영등포구,11560,영등포동2가,202606,오피스텔_매매,리치팰리스,영등포동2가,94-307,18.78,24500,,,8,15,2021,,,,,,중개거래,
영등포구,11560,영등포동2가,202606,오피스텔_매매,리치팰리스,영등포동2가,94-307,21.1,33000,,,8,16,2021,,,,,,직거래,
영등포구,11560,도림동,202606,오피스텔_매매,쌍용플래티넘시티2단지,도림동,269-1,62.34,51500,,,2,6,2006,,,,,,중개거래,
영등포구,11560,양평동2가,202606,오피스텔_매매,신동아하이팰리스,양평동2가,1-1,88.61,78000,,,8,13,2005,,,,,,중개거래,
영등포구,11560,당산동3가,202606,오피스텔_매매,리앤나빌리지,당산동3가,80-1,30.85,17500,,,5,9,2004,,,,,,중개거래,
영등포구,11560,양평동3가,202606,오피스텔_매매,양평동 대우이안1,양평동3가,53,94.79,73500,,,7,14,2005,,,,,,중개거래,O
영등포구,11560,당산동5가,202606,오피스텔_매매,당산 삼성쉐르빌,당산동5가,9-2,25.59,19000,,,8,12,2013,,,,,,중개거래,
영등포구,11560,여의도동,202606,오피스텔_매매,시그니티 여의도,여의도동,10-3,45.84,74000,,,8,10,2023,,,,,,중개거래,
영등포구,11560,양평동2가,202606,오피스텔_매매,CO-OP Residence/오목교,양평동2가,43-14,26.38,12200,,,14,12,2004,,,,,,중개거래,
영등포구,11560,양평동3가,202606,오피스텔_매매,양평동 대우이안1,양평동3가,53,73.09,69000,,,14,13,2005,,,,,,중개거래,
영등포구,11560,여의도동,202606,오피스텔_매매,KCC파크타운,여의도동,13-22,40.47,25000,,,11,4,2005,,,,,,중개거래,
영등포구,11560,문래동3가,202606,오피스텔_매매,문래동대동오피스텔,문래동3가,83-3,30.88,13000,,,3,9,1998,,,,,,중개거래,
영등포구,11560,문래동5가,202606,오피스텔_매매,명지 페르마타,문래동5가,23-4,25.93,11000,,,11,12,2004,,,,,,중개거래,
영등포구,11560,양평동2가,202606,오피스텔_매매,디에이원파크,양평동2가,43-11,28.02,23500,,,6,10,2017,,,,,,직거래,
영등포구,11560,양평동3가,202606,오피스텔_매매,양평동 우림보보카운티 오피스텔,양평동3가,17-1,16.25,8400,,,6,11,2003,,,,,,중개거래,O
영등포구,11560,당산동3가,202606,오피스텔_매매,THE PARK 365,당산동3가,558-3,94.17,71800,,,2,5,2007,,,,,,중개거래,
영등포구,11560,여의도동,202606,오피스텔_매매,대우트럼프월드,여의도동,55-1,40.22,56000,,,2,11,2002,,,,,,중개거래,
영등포구,11560,문래동6가,202606,오피스텔_매매,문래동 대우 이안,문래동6가,26,56.1,45000,,,12,10,2004,,,,,,중개거래,
영등포구,11560,당산동4가,202606,오피스텔_매매,(32-55),당산동4가,32-55,50.43,44000,,,2,6,2018,,,,,,중개거래,
영등포구,11560,영등포동1가,202606,오피스텔_매매,여의도씨티아이,영등포동1가,113-1,16.88,12600,,,7,10,2013,,,,,,중개거래,
영등포구,11560,문래동3가,202606,오피스텔_매매,문래동대동오피스텔,문래동3가,83-3,30.88,13000,,,3,9,1998,,,,,,중개거래,O
영등포구,11560,양평동2가,202606,오피스텔_매매,신동아하이팰리스,양평동2가,1-1,97.11,71000,,,7,10,2005,,,,,,중개거래,
영등포구,11560,영등포동2가,202606,오피스텔_매매,리치팰리스,영등포동2가,94-307,21.1,32000,,,7,10,2021,,,,,,중개거래,O
영등포구,11560,양평동2가,202606,오피스텔_매매,양평동월드메르디앙오피스텔,양평동2가,1-2,83.28,52500,,,4,9,2005,,,,,,중개거래,
영등포구,11560,문래동6가,202606,오피스텔_매매,문래동 현대홈시티2,문래동6가,2-2,56.87,44000,,,13,3,2004,,,,,,중개거래,
영등포구,11560,여의도동,202606,오피스텔_매매,브라이튼 여의도,여의도동,525,59.84,168000,,,6,5,2023,,,,,,중개거래,
영등포구,11560,문래동3가,202606,오피스텔_매매,영등포 SK 리더스뷰,문래동3가,55-16,114.63,115000,,,21,3,2007,,,,,,중개거래,
영등포구,11560,도림동,202606,오피스텔_매매,도림동 하나아파텔(1차),도림동,265-1,48.32,30000,,,11,2,2003,,,,,,중개거래,
영등포구,11560,도림동,202606,오피스텔_매매,현대팰리스,도림동,229-8,37.705,23500,,,2,2,2015,,,,,,중개거래,
영등포구,11560,양평동2가,202606,오피스텔_매매,CO-OP Residence/오목교,양평동2가,43-14,26.38,11900,,,11,2,2004,,,,,,중개거래,
영등포구,11560,당산동3가,202606,오피스텔_매매,THE PARK 365,당산동3가,558-3,46.88,39000,,,9,2,2007,,,,,,중개거래,
영등포구,11560,당산동4가,202606,오피스텔_매매,코오롱 스타폴리스,당산동4가,1-2,40.28,25300,,,14,3,2005,,,,,,중개거래,
영등포구,11560,신길동,202606,오피스텔_매매,엔-씨티오피스텔,신길동,59-2,27.72,13300,,,6,2,2000,,,,,,중개거래,
영등포구,11560,영등포동2가,202606,오피스텔_매매,그린나래,영등포동2가,28-118,57.69,40000,,,3,2,2014,,,,,,중개거래,
영등포구,11560,신길동,202606,연립다세대_매매,라온빌,신길동,456-7,12.66,41800,,,2,23,2019,,,,,,중개거래,
영등포구,11560,양평동4가,202606,연립다세대_매매,제니스빌,양평동4가,161-3,28.88,32000,,,5,26,2018,,,,,,중개거래,
영등포구,11560,양평동6가,202606,연립다세대_매매,더하우스Ⅰ,양평동6가,7,16.32,8700,,,3,23,2011,,,,,,중개거래,
영등포구,11560,당산동1가,202606,연립다세대_매매,드림캐슬,당산동1가,256-76,27.09,43000,,,7,27,2023,,,,,,중개거래,
영등포구,11560,영등포동7가,202606,연립다세대_매매,블루빌,영등포동7가,64-54,29.27,37000,,,2,26,2011,,,,,,중개거래,
영등포구,11560,대림동,202606,연립다세대_매매,도신연립다동(685-17),대림동,685-17,41.28,22500,,,2,23,1986,,,,,,중개거래,
영등포구,11560,당산동1가,202606,연립다세대_매매,당산아틀리에,당산동1가,256-117,25.08,41000,,,4,29,2020,,,,,,중개거래,
영등포구,11560,신길동,202606,연립다세대_매매,영모던빌,신길동,89-119,30,67000,,,2,3,2017,,,,,,중개거래,
영등포구,11560,당산동3가,202606,연립다세대_매매,삼성펠리스뷰,당산동3가,395-46,29.01,36000,,,5,27,2017,,,,,,중개거래,
영등포구,11560,신길동,202606,연립다세대_매매,(4920-5),신길동,4920-5,28.82,53000,,,2,28,2021,,,,,,중개거래,
영등포구,11560,대림동,202606,연립다세대_매매,더행복한집2,대림동,906-49,53.04,45500,,,5,29,2015,,,,,,중개거래,
영등포구,11560,영등포동6가,202606,연립다세대_매매,더하우스,영등포동6가,92,30,34000,,,4,13,2017,,,,,,중개거래,
영등포구,11560,양평동6가,202606,연립다세대_매매,더하우스Ⅱ,양평동6가,7-1,14.79,9000,,,2,30,2011,,,,,,중개거래,
영등포구,11560,신길동,202606,연립다세대_매매,경은빌라,신길동,95-288,45.75,46000,,,-1,24,1992,,,,,,중개거래,
영등포구,11560,신길동,202606,연립다세대_매매,디에스타운,신길동,1279,29.79,43900,,,2,29,2020,,,,,,중개거래,
영등포구,11560,당산동1가,202606,연립다세대_매매,밀레니엄(137),당산동1가,137,25.7,36000,,,6,19,2016,,,,,,중개거래,
영등포구,11560,당산동1가,202606,연립다세대_매매,퍼스트빌리지,당산동1가,256-8,41.49,45500,,,8,19,2018,,,,,,중개거래,
영등포구,11560,당산동1가,202606,연립다세대_매매,성운빌,당산동1가,256-99,28.45,44500,,,3,1,2022,,,,,,중개거래,
영등포구,11560,신길동,202606,연립다세대_매매,디에스타운,신길동,1279,28.47,44000,,,4,25,2020,,,,,,중개거래,
영등포구,11560,신길동,202606,연립다세대_매매,경은빌라B동(95-298),신길동,95-298,37.53,49500,,,1,26,1992,,,,,,중개거래,
영등포구,11560,도림동,202606,연립다세대_매매,로즈힐,도림동,141-141,29.94,54500,,,5,3,2023,,,,,,중개거래,
영등포구,11560,양평동4가,202606,연립다세대_매매,행복이머무는집,양평동4가,180-2,29.79,32000,,,5,25,2013,,,,,,중개거래,
영등포구,11560,대림동,202606,연립다세대_매매,(605-33),대림동,605-33,26.91,7000,,,-1,20,1991,,,,,,중개거래,
영등포구,11560,신길동,202606,연립다세대_매매,(187-32),신길동,187-32,41.3,24000,,,-1,12,1998,,,,,,중개거래,
영등포구,11560,대림동,202606,연립다세대_매매,럭스빌,대림동,903-23,32.57,30000,,,2,23,2016,,,,,,중개거래,
영등포구,11560,대림동,202606,연립다세대_매매,(1109-3),대림동,1109-3,58.8,32000,,,1,10,1994,,,,,,중개거래,
영등포구,11560,대림동,202606,연립다세대_매매,(1118-11),대림동,1118-11,54.16,33000,,,4,13,2000,,,,,,중개거래,
영등포구,11560,대림동,202606,연립다세대_매매,성강케렌시아,대림동,663,29.97,31500,,,2,19,2020,,,,,,중개거래,
영등포구,11560,신길동,202606,연립다세대_매매,라온빌,신길동,456-7,12.66,42800,,,2,23,2019,,,,,,중개거래,O
영등포구,11560,양평동4가,202606,연립다세대_매매,대양리버빌(271-1),양평동4가,271-1,16.12,16600,,,3,24,2010,,,,,,중개거래,
영등포구,11560,당산동3가,202606,연립다세대_매매,하이캐슬,당산동3가,395-21,29.85,37800,,,6,17,2018,,,,,,중개거래,
영등포구,11560,양평동6가,202606,연립다세대_매매,더하우스Ⅰ,양평동6가,7,15.68,9550,,,5,24,2011,,,,,,중개거래,
영등포구,11560,대림동,202606,연립다세대_매매,현대디자인하우스Ⅲ,대림동,653-11,59.98,30000,,,4,16,2014,,,,,,중개거래,
영등포구,11560,대림동,202606,연립다세대_매매,장미빌라(686-9),대림동,686-9,37.29,11750,,,-1,14,1989,,,,,,중개거래,
영등포구,11560,양평동6가,202606,연립다세대_매매,더하우스Ⅰ,양평동6가,7,16.32,9300,,,5,23,2011,,,,,,중개거래,
영등포구,11560,도림동,202606,연립다세대_매매,미래클래식(200-17),도림동,200-17,55.09,38000,,,3,11,2002,,,,,,중개거래,
영등포구,11560,대림동,202606,연립다세대_매매,(1006-9),대림동,1006-9,33.36,20000,,,-1,13,1987,,,,,,중개거래,
영등포구,11560,당산동6가,202606,연립다세대_매매,더채움하우스,당산동6가,110-19,29.68,84700,,,4,22,2018,,,,,,중개거래,
영등포구,11560,대림동,202606,연립다세대_매매,양지맨션,대림동,1028-6,96.93,43500,,,3,20,2002,,,,,,중개거래,
영등포구,11560,양평동4가,202606,연립다세대_매매,은석,양평동4가,225-1,29.58,30500,,,5,21,2011,,,,,,중개거래,
영등포구,11560,신길동,202606,연립다세대_매매,리첸하우스,신길동,7-2,19.63,49000,,,3,14,2020,,,,,,중개거래,
영등포구,11560,대림동,202606,연립다세대_매매,미래스위트하우스씨동,대림동,751-45,58.68,43000,,,2,1,2015,,,,,,중개거래,
영등포구,11560,대림동,202606,연립다세대_매매,현대디자인파크빌,대림동,742-5,52.78,33000,,,5,15,2015,,,,,,중개거래,
영등포구,11560,신길동,202606,연립다세대_매매,경은빌라,신길동,95-288,42.9,51000,,,2,9,1992,,,,,,중개거래,
영등포구,11560,신길동,202606,연립다세대_매매,경은빌라B동(95-298),신길동,95-298,47.94,53000,,,1,9,1992,,,,,,중개거래,
영등포구,11560,대림동,202606,연립다세대_매매,성우빌라(682-10),대림동,682-10,52.42,33700,,,2,13,1986,,,,,,중개거래,
영등포구,11560,양평동4가,202606,연립다세대_매매,양화빌1차,양평동4가,217,29.58,19000,,,2,15,2010,,,,,,중개거래,
영등포구,11560,신길동,202606,연립다세대_매매,영모던빌,신길동,89-119,30,67000,,,2,3,2017,,,,,,중개거래,O
영등포구,11560,양평동6가,202606,연립다세대_매매,한강아이린101동~102동,양평동6가,16-4,35.58,38800,,,4,13,2015,,,,,,중개거래,
영등포구,11560,양평동4가,202606,연립다세대_매매,양화빌1차,양평동4가,217,29.58,19000,,,2,15,2010,,,,,,중개거래,O
영등포구,11560,당산동6가,202606,연립다세대_매매,더채움하우스,당산동6가,110-19,23.64,72600,,,2,9,2018,,,,,,중개거래,
영등포구,11560,당산동6가,202606,연립다세대_매매,더채움하우스,당산동6가,110-19,23.52,72600,,,5,12,2018,,,,,,중개거래,
영등포구,11560,대림동,202606,연립다세대_매매,(1006-9),대림동,1006-9,33.36,20000,,,-1,13,1987,,,,,,중개거래,O
영등포구,11560,대림동,202606,연립다세대_매매,그린하이빌,대림동,662-8,53.97,33000,,,2,11,2002,,,,,,중개거래,
영등포구,11560,신길동,202606,연립다세대_매매,이에스하임,신길동,276-81,29.48,77000,,,4,12,2020,,,,,,중개거래,
영등포구,11560,양평동4가,202606,연립다세대_매매,J.캐슬(139-1),양평동4가,139-1,27.34,31000,,,3,12,2016,,,,,,중개거래,
영등포구,11560,신길동,202606,연립다세대_매매,보라매빌,신길동,3961-1,26.89,28000,,,4,12,2021,,,,,,중개거래,
영등포구,11560,양평동4가,202606,연립다세대_매매,금강하우징,양평동4가,246,27.1,35500,,,5,11,2017,,,,,,중개거래,
영등포구,11560,양평동4가,202606,연립다세대_매매,한강선유빌,양평동4가,185-1,28.16,26800,,,5,3,2010,,,,,,중개거래,
영등포구,11560,신길동,202606,연립다세대_매매,백조빌라,신길동,253-254,100.65,145000,,,2,10,1984,,,,,,중개거래,
영등포구,11560,양평동6가,202606,연립다세대_매매,더하우스Ⅰ,양평동6가,7,16.32,9000,,,5,9,2011,,,,,,중개거래,
영등포구,11560,양평동5가,202606,연립다세대_매매,선유스테이,양평동5가,8-2,23.73,31000,,,5,9,2018,,,,,,중개거래,
영등포구,11560,대림동,202606,연립다세대_매매,대림빌라B동(926-6),대림동,926-6,51.06,28900,,,2,4,2001,,,,,,중개거래,
영등포구,11560,도림동,202606,연립다세대_매매,은성빌라,도림동,121-2,44.57,79000,,,2,6,2011,,,,,,중개거래,
영등포구,11560,대림동,202606,연립다세대_매매,현대빌라23동,대림동,786-23,40.35,30000,,,3,5,1988,,,,,,중개거래,
영등포구,11560,대림동,202606,연립다세대_매매,베스트하우스,대림동,684-20,44.55,44700,,,5,3,2016,,,,,,중개거래,
영등포구,11560,대림동,202606,연립다세대_매매,(1118-11),대림동,1118-11,54.16,33000,,,4,13,2000,,,,,,중개거래,O
영등포구,11560,영등포동8가,202606,아파트_매매,삼환,영등포동8가,76-1,59.91,147000,,,5,26,1999,,,,,,중개거래,
영등포구,11560,문래동5가,202606,아파트_매매,문래대림,문래동5가,1,59.96,87000,,,9,26,2000,,,,,,중개거래,
영등포구,11560,당산동3가,202606,아파트_매매,당산한양,당산동3가,2-6,73.87,134000,,,2,15,1986,,,,,,중개거래,
영등포구,11560,당산동,202606,아파트_매매,강변래미안,당산동,376,55.91,166000,,,10,22,2002,,,,,,중개거래,
영등포구,11560,신길동,202606,아파트_매매,우성5,신길동,4933,84.98,95000,,,4,19,1993,,,,,,중개거래,
영등포구,11560,여의도동,202606,아파트_매매,시범,여의도동,50,118.12,350000,,,12,18,1971,,,,,,중개거래,
영등포구,11560,여의도동,202606,아파트_매매,삼부,여의도동,30-2,106.38,279500,,,8,18,1975,,,,,,직거래,
영등포구,11560,여의도동,202606,아파트_매매,리첸시아,여의도동,61,137.82,325000,,,27,26,2003,,,,,,중개거래,
영등포구,11560,여의도동,202606,아파트_매매,리첸시아,여의도동,61,119.21,285000,,,18,26,2003,,,,,,중개거래,
영등포구,11560,대림동,202606,아파트_매매,우성1,대림동,696,52.07,61000,,,15,26,1985,,,,,,중개거래,
영등포구,11560,대림동,202606,아파트_매매,대림현대,대림동,946-1,84.36,89000,,,2,22,1999,,,,,,중개거래,
영등포구,11560,당산동4가,202606,아파트_매매,현대2,당산동4가,92,59,114000,,,10,5,1986,,,,,,중개거래,
영등포구,11560,당산동1가,202606,아파트_매매,코오롱,당산동1가,9-1,68.88,84000,,,12,4,1996,,,,,,중개거래,
영등포구,11560,여의도동,202606,아파트_매매,삼부,여의도동,30-2,92.13,305000,,,6,17,1975,,,,,,중개거래,
영등포구,11560,신길동,202606,아파트_매매,삼성,신길동,4759,41.58,86000,,,4,27,1984,,,,,,중개거래,
영등포구,11560,여의도동,202606,아파트_매매,서울,여의도동,21-1,139.31,540000,,,1,29,1976,,,,,,중개거래,
영등포구,11560,문래동6가,202606,아파트_매매,현대6차,문래동6가,55-1,84.72,99000,,,1,24,1997,,,,,,중개거래,
영등포구,11560,대림동,202606,아파트_매매,한솔솔파크,대림동,1123,84.89,96000,,,10,27,2008,,,,,,중개거래,
영등포구,11560,당산동4가,202606,아파트_매매,현대2,당산동4가,92,84.94,142000,,,2,20,1986,,,,,,중개거래,
영등포구,11560,여의도동,202606,아파트_매매,롯데캐슬아이비,여의도동,43-4,113.59,264000,,,23,14,2005,,,,,,중개거래,
영등포구,11560,영등포동7가,202606,아파트_매매,아크로타워스퀘어,영등포동7가,203,115.58,233000,,,5,29,2017,,,,,,중개거래,
영등포구,11560,대림동,202606,아파트_매매,성락,대림동,687-1,69.46,46500,,,10,11,1989,,,,,,중개거래,
영등포구,11560,도림동,202606,아파트_매매,영등포아트자이,도림동,821,84.781,152000,,,18,20,2014,,,,,,중개거래,
영등포구,11560,문래동2가,202606,아파트_매매,남성,문래동2가,35,72.9,130000,,,2,27,1983,,,,,,중개거래,
영등포구,11560,대림동,202606,아파트_매매,우성1,대림동,696,62.37,75000,,,13,17,1985,,,,,,중개거래,
영등포구,11560,신길동,202606,아파트_매매,우성2,신길동,4518,84.47,159000,,,15,27,1986,,,,,,중개거래,
영등포구,11560,당산동3가,202606,아파트_매매,당산계룡리슈빌3단지,당산동3가,565,49.993,84500,,,3,27,2014,,,,,,중개거래,
영등포구,11560,여의도동,202606,아파트_매매,수정,여의도동,32,150.65,298000,,,6,9,1976,,,,,,중개거래,
영등포구,11560,당산동,202606,아파트_매매,휴브리지빌딩,당산동,121-200,16.72,12800,,,9,6,2012,,,,,,중개거래,
영등포구,11560,문래동5가,202606,아파트_매매,문래모아미래도,문래동5가,67,84.81,148700,,,10,19,2017,,,,,,중개거래,
영등포구,11560,양평동5가,202606,아파트_매매,양평한신,양평동5가,76,59.94,134700,,,13,28,1996,,,,,,중개거래,
영등포구,11560,영등포동8가,202606,아파트_매매,삼환,영등포동8가,76-1,59.91,147500,,,14,30,1999,,,,,,중개거래,
영등포구,11560,여의도동,202606,아파트_매매,대교,여의도동,41,133.65,340000,,,1,5,1975,,,,,,중개거래,
영등포구,11560,문래동5가,202606,아파트_매매,문래대림,문래동5가,1,96.41,113000,,,9,13,2000,,,,,,중개거래,
영등포구,11560,신길동,202606,아파트_매매,삼성래미안,신길동,4934,114.87,135000,,,4,30,2001,,,,,,중개거래,
영등포구,11560,당산동4가,202606,아파트_매매,브라운스톤당산,당산동4가,98,76.019,105000,,,16,5,2015,,,,,,직거래,
영등포구,11560,영등포동2가,202606,아파트_매매,여의도리미티오148,영등포동2가,139,38.441,56500,,,16,29,2022,,,,,,중개거래,
영등포구,11560,대림동,202606,아파트_매매,대림동갑을명가아파트,대림동,1119,84.87,80000,,,6,24,2005,,,,,,중개거래,
영등포구,11560,양평동1가,202606,아파트_매매,신동아,양평동1가,20,61.59,150000,,,10,27,1982,,,,,,중개거래,
영등포구,11560,양평동1가,202606,아파트_매매,신동아,양평동1가,20,50.81,118000,,,7,26,1982,,,,,,중개거래,
영등포구,11560,신길동,202606,아파트_매매,래미안영등포프레비뉴,신길동,4945,84.98,165000,,,10,25,2015,,,,,,중개거래,
영등포구,11560,당산동2가,202606,아파트_매매,당산2가현대홈타운,당산동2가,164,82.77,155000,,,2,30,1994,,,,,,중개거래,
영등포구,11560,당산동,202606,아파트_매매,강변래미안,당산동,376,79.43,177000,,,18,19,2002,,,,,,중개거래,
영등포구,11560,여의도동,202606,아파트_매매,삼부,여의도동,30-2,92.13,306000,,,13,26,1975,,,,,,중개거래,
영등포구,11560,대림동,202606,아파트_매매,문영칸타빌레,대림동,1061,96.24,70500,,,18,30,2001,,,,,,중개거래,
영등포구,11560,여의도동,202606,아파트_매매,대교,여의도동,41,95.5,301000,,,5,4,1975,,,,,,중개거래,
영등포구,11560,여의도동,202606,아파트_매매,라이프콤비,여의도동,61-4,131.6,180000,,,19,23,1994,,,,,,중개거래,
영등포구,11560,양평동4가,202606,아파트_매매,경남아너스빌,양평동4가,51-1,59.84,110000,,,4,25,2000,,,,,,중개거래,
영등포구,11560,신길동,202606,아파트_매매,더샵파크프레스티지,신길동,4974,59.8635,148000,,,9,29,2022,,,,,,중개거래,
영등포구,11560,대림동,202606,아파트_매매,현대3차,대림동,608-1,84.89,131000,,,14,29,1997,,,,,,중개거래,
영등포구,11560,여의도동,202606,아파트_매매,대우트럼프월드Ⅰ,여의도동,55-1,107.1,267000,,,18,25,2002,,,,,,중개거래,
영등포구,11560,문래동3가,202606,아파트_매매,문래힐스테이트,문래동3가,94,137.82,188500,,,9,8,2003,,,,,,중개거래,
영등포구,11560,대림동,202606,아파트_매매,영등포자이르네,대림동,1132,49.01,68000,,,19,28,2022,,,,,,중개거래,
영등포구,11560,당산동,202606,아파트_매매,강변래미안,당산동,376,79.43,177000,,,18,19,2002,,,,,,중개거래,O
영등포구,11560,당산동5가,202606,아파트_매매,유원제일2차,당산동5가,7-2,84.6,197000,,,3,26,1984,,,,,,중개거래,
영등포구,11560,여의도동,202606,아파트_매매,진주,여의도동,54,94.31,270000,,,5,3,1977,,,,,,중개거래,
영등포구,11560,신길동,202606,아파트_매매,한성,신길동,769-1,59.87,128000,,,21,29,1997,,,,,,중개거래,
영등포구,11560,여의도동,202606,아파트_매매,은하,여의도동,52,121.52,285000,,,6,13,1974,,,,,,중개거래,
영등포구,11560,양평동5가,202606,아파트_매매,양평한신,양평동5가,76,59.94,138500,,,17,27,1996,,,,,,중개거래,
영등포구,11560,여의도동,202606,아파트_매매,삼익,여의도동,51,123.27,290000,,,11,27,1974,,,,,,중개거래,
영등포구,11560,당산동5가,202606,아파트_매매,당산삼성래미안4차,당산동5가,42,115.78,248000,,,16,27,2003,,,,,,중개거래,
영등포구,11560,신길동,202606,아파트_매매,힐스테이트클래시안,신길동,4969,59.87,175000,,,17,26,2020,,,,,,중개거래,
영등포구,11560,양평동5가,202606,아파트_매매,양평한신,양평동5가,76,59.94,134500,,,16,27,1996,,,,,,중개거래,
영등포구,11560,신길동,202606,아파트_매매,래미안영등포프레비뉴,신길동,4945,59.99,162000,,,7,27,2015,,,,,,중개거래,
영등포구,11560,영등포동,202606,아파트_매매,두산위브,영등포동,649,59.8,119500,,,10,27,2004,,,,,,중개거래,
영등포구,11560,신길동,202606,아파트_매매,삼성래미안,신길동,4934,114.87,145500,,,8,26,2001,,,,,,중개거래,
영등포구,11560,영등포동8가,202606,아파트_매매,삼환,영등포동8가,76-1,59.91,147000,,,5,26,1999,,,,,,중개거래,O
영등포구,11560,양평동3가,202606,아파트_매매,삼천리,양평동3가,24,84.94,120000,,,6,25,2000,,,,,,중개거래,
영등포구,11560,신길동,202606,아파트_매매,래미안영등포프레비뉴,신길동,4945,59.99,160000,,,10,27,2015,,,,,,중개거래,
영등포구,11560,문래동3가,202606,아파트_매매,문래자이,문래동3가,54,121.53,218000,,,23,26,2001,,,,,,중개거래,
영등포구,11560,문래동5가,202606,아파트_매매,문래대림,문래동5가,1,59.96,87000,,,9,26,2000,,,,,,중개거래,O
영등포구,11560,영등포동,202606,아파트_매매,영일,영등포동,618-83,38.02,67500,,,3,23,1969,,,,,,중개거래,
영등포구,11560,당산동4가,202606,아파트_매매,당산현대3차,당산동4가,88,59.26,155000,,,4,27,1988,,,,,,중개거래,
영등포구,11560,신길동,202606,아파트_매매,프리가,신길동,65-21,13.66,12000,,,5,23,2013,,,,,,중개거래,
영등포구,11560,신길동,202606,아파트_매매,보라매경남아너스빌,신길동,4780,84.79,135000,,,16,26,2005,,,,,,중개거래,
영등포구,11560,신길동,202606,아파트_매매,더샵파크프레스티지,신길동,4974,84.9005,169500,,,11,26,2022,,,,,,중개거래,
영등포구,11560,문래동6가,202606,아파트_매매,대원,문래동6가,47-1,58.37,50000,,,1,15,1998,,,,,,직거래,
영등포구,11560,당산동,202606,아파트_매매,래미안당산1차,당산동,374,59.97,142000,,,3,26,1995,,,,,,중개거래,
영등포구,11560,여의도동,202606,아파트_매매,시범,여의도동,50,79.24,277000,,,5,3,1971,,,,,,중개거래,
영등포구,11560,영등포동,202606,아파트_매매,영등포푸르지오,영등포동,647,79.777,158000,,,8,25,2002,,,,,,중개거래,
영등포구,11560,여의도동,202606,아파트_매매,미성,여의도동,37,92.53,271500,,,3,6,1978,,,,,,중개거래,
영등포구,11560,신길동,202606,아파트_매매,보라매경남아너스빌,신길동,4780,84.79,137500,,,13,25,2005,,,,,,중개거래,
영등포구,11560,신길동,202606,아파트_매매,신길센트럴자이아파트,신길동,4964,52.95,169000,,,6,25,2021,,,,,,중개거래,
영등포구,11560,당산동5가,202606,아파트_매매,당산센트럴아이파크,당산동5가,43,84.98,230000,,,25,9,2020,,,,,,중개거래,
영등포구,11560,신길동,202606,아파트_매매,신길파크자이,신길동,4967,84.99,192500,,,22,25,2022,,,,,,중개거래,
영등포구,11560,영등포동,202606,아파트_매매,영일,영등포동,618-83,38.02,67000,,,5,25,1969,,,,,,중개거래,
영등포구,11560,당산동2가,202606,아파트_매매,당산대우,당산동2가,16-1,45.55,61000,,,6,24,1999,,,,,,중개거래,
영등포구,11560,신길동,202606,아파트_매매,보라매경남아너스빌,신길동,4780,59.78,127000,,,5,24,2005,,,,,,중개거래,
영등포구,11560,당산동2가,202606,아파트_매매,당산대우,당산동2가,16-1,31.73,38000,,,12,24,1999,,,,,,중개거래,
영등포구,11560,당산동2가,202606,아파트_매매,당산대우,당산동2가,16-1,45.55,59500,,,15,24,1999,,,,,,중개거래,
영등포구,11560,신길동,202606,아파트_매매,신길파크자이,신길동,4967,59.99,166000,,,7,24,2022,,,,,,중개거래,
영등포구,11560,대림동,202606,아파트_매매,현대3차,대림동,608-1,84.89,132000,,,16,24,1997,,,,,,중개거래,
영등포구,11560,당산동4가,202606,아파트_매매,현대2,당산동4가,92,62.6,109500,,,11,23,1986,,,,,,중개거래,
영등포구,11560,대림동,202606,아파트_매매,성락,대림동,687-1,73.63,50000,,,8,19,1989,,,,,,중개거래,
영등포구,11560,여의도동,202606,아파트_매매,목화,여의도동,30,67.11,242500,,,3,24,1977,,,,,,중개거래,
영등포구,11560,대림동,202606,아파트_매매,G밸리소홈,대림동,1101-7,16.1,13500,,,14,23,2018,,,,,,중개거래,
영등포구,11560,여의도동,202606,아파트_매매,시범,여의도동,50,79.24,295000,,,7,24,1971,,,,,,중개거래,
영등포구,11560,당산동5가,202606,아파트_매매,당산디오빌,당산동5가,11-33,28.86,36000,,,8,15,2005,,,,,,중개거래,
영등포구,11560,당산동4가,202606,아파트_매매,당산반도유보라팰리스,당산동4가,96,157.87,160000,,,12,1,2010,,,,,,직거래,
영등포구,11560,대림동,202606,아파트_매매,현대1,대림동,785-1,84.75,84500,,,18,23,1992,,,,,,중개거래,
영등포구,11560,문래동5가,202606,아파트_매매,현대3차,문래동5가,21,84.55,100000,,,8,23,1991,,,,,,중개거래,
영등포구,11560,신길동,202606,아파트_매매,건영,신길동,364,60.27,105500,,,8,23,1985,,,,,,중개거래,
영등포구,11560,문래동2가,202606,아파트_매매,남성,문래동2가,35,72.9,128000,,,9,22,1983,,,,,,중개거래,
영등포구,11560,신길동,202606,아파트_매매,우성2,신길동,4518,64.4,142500,,,14,23,1986,,,,,,중개거래,
영등포구,11560,영등포동,202606,아파트_매매,영등포푸르지오,영등포동,647,79.777,157000,,,17,3,2002,,,,,,중개거래,
영등포구,11560,영등포동5가,202606,아파트_매매,현대프라자,영등포동5가,49-1,59.96,62500,,,7,18,1999,,,,,,중개거래,
영등포구,11560,영등포동,202606,아파트_매매,영등포푸르지오,영등포동,647,59.912,152000,,,8,23,2002,,,,,,중개거래,
영등포구,11560,영등포동,202606,아파트_매매,영등포푸르지오,영등포동,647,79.777,157700,,,10,19,2002,,,,,,중개거래,
영등포구,11560,영등포동7가,202606,아파트_매매,아크로타워스퀘어,영등포동7가,203,59.7,182400,,,21,15,2017,,,,,,중개거래,
영등포구,11560,영등포동2가,202606,아파트_매매,여의도리미티오148,영등포동2가,139,38.441,50000,,,5,23,2022,,,,,,중개거래,
영등포구,11560,문래동2가,202606,아파트_매매,남성,문래동2가,35,58.52,115500,,,3,23,1983,,,,,,중개거래,
영등포구,11560,신길동,202606,아파트_매매,우성1,신길동,365,64.4,122000,,,5,22,1986,,,,,,중개거래,
영등포구,11560,영등포동7가,202606,아파트_매매,아크로타워스퀘어,영등포동7가,203,84.65,192500,,,3,22,2017,,,,,,중개거래,
영등포구,11560,당산동4가,202606,아파트_매매,당산삼성2차,당산동4가,94-1,59.76,137000,,,8,18,1997,,,,,,중개거래,
영등포구,11560,문래동3가,202606,아파트_매매,문래해태,문래동3가,13,59.41,68300,,,12,19,1999,,,,,,중개거래,
영등포구,11560,대림동,202606,아파트_매매,현대2,대림동,785,84.74,85500,,,5,21,1992,,,,,,중개거래,
영등포구,11560,대림동,202606,아파트_매매,신대림자이1단지,대림동,1121,84.36,83000,,,4,20,2007,,,,,,중개거래,
영등포구,11560,영등포동5가,202606,아파트_매매,동남,영등포동5가,24,83.5,100000,,,7,19,1971,,,,,,중개거래,
영등포구,11560,문래동2가,202606,아파트_매매,남성,문래동2가,35,58.52,119000,,,8,21,1983,,,,,,중개거래,
영등포구,11560,당산동5가,202606,아파트_매매,당산삼성래미안4차,당산동5가,42,97.27,238000,,,24,22,2003,,,,,,중개거래,
영등포구,11560,당산동2가,202606,아파트_매매,당산대우,당산동2가,16-1,45.55,58500,,,13,22,1999,,,,,,중개거래,
영등포구,11560,신길동,202606,아파트_매매,래미안에스티움,신길동,4950,84.93,193000,,,9,21,2017,,,,,,중개거래,
영등포구,11560,영등포동2가,202606,아파트_매매,경동미르웰여의도,영등포동2가,94-129,14.03,13100,,,5,15,2017,,,,,,중개거래,
영등포구,11560,신길동,202606,아파트_매매,더샵파크프레스티지,신길동,4974,59.8995,149500,,,3,21,2022,,,,,,중개거래,
영등포구,11560,신길동,202606,아파트_매매,우성3,신길동,4656,83.66,130500,,,9,20,1989,,,,,,중개거래,
영등포구,11560,신길동,202606,아파트_매매,보라매두산위브,신길동,4497,136.74,120000,,,12,20,2005,,,,,,중개거래,
영등포구,11560,대림동,202606,아파트_매매,신대림자이1단지,대림동,1121,84.41,89000,,,14,8,2007,,,,,,중개거래,
영등포구,11560,신길동,202606,아파트_매매,신길센트럴자이아파트,신길동,4964,84.98,188000,,,7,20,2021,,,,,,중개거래,
영등포구,11560,대림동,202606,아파트_매매,대림동갑을명가아파트,대림동,1119,84.87,78500,,,9,20,2005,,,,,,중개거래,
영등포구,11560,신길동,202606,아파트_매매,삼성,신길동,4759,41.58,90000,,,9,17,1984,,,,,,중개거래,
영등포구,11560,신길동,202606,아파트_매매,힐스테이트클래시안,신길동,4969,59.91,173000,,,14,20,2020,,,,,,중개거래,
영등포구,11560,대림동,202606,아파트_매매,현대1,대림동,785-1,84.75,84500,,,20,20,1992,,,,,,중개거래,
영등포구,11560,문래동5가,202606,아파트_매매,문래대림,문래동5가,1,84.92,102000,,,19,20,2000,,,,,,중개거래,
영등포구,11560,대림동,202606,아파트_매매,신대림자이1단지,대림동,1121,84.61,90000,,,10,20,2007,,,,,,중개거래,
영등포구,11560,양평동3가,202606,아파트_매매,삼호,양평동3가,66,59.96,91000,,,21,20,1998,,,,,,중개거래,
영등포구,11560,문래동3가,202606,아파트_매매,문래자이,문래동3가,54,121.53,204000,,,22,19,2001,,,,,,중개거래,
영등포구,11560,대림동,202606,아파트_매매,e편한세상영등포아델포레,대림동,1127,84.9948,156000,,,5,19,2020,,,,,,중개거래,
영등포구,11560,당산동3가,202606,아파트_매매,당산계룡리슈빌2단지,당산동3가,566,42.47,81000,,,10,19,2014,,,,,,중개거래,
영등포구,11560,신길동,202606,아파트_매매,우성5,신길동,4933,84.98,95000,,,4,19,1993,,,,,,중개거래,O
영등포구,11560,신길동,202606,아파트_매매,우성3,신길동,4656,53.24,113500,,,9,16,1989,,,,,,중개거래,
영등포구,11560,대림동,202606,아파트_매매,대림동갑을명가아파트,대림동,1119,84.87,77500,,,10,13,2005,,,,,,중개거래,
영등포구,11560,신길동,202606,아파트_매매,우성3,신길동,4656,53.24,108500,,,9,18,1989,,,,,,중개거래,
영등포구,11560,당산동2가,202606,아파트_매매,당산2가현대홈타운,당산동2가,164,82.77,128000,,,14,8,1994,,,,,,직거래,
영등포구,11560,양평동3가,202606,아파트_매매,양평현대6차,양평동3가,101,84.94,154000,,,18,18,2000,,,,,,중개거래,
영등포구,11560,양평동3가,202606,아파트_매매,양평현대6차,양평동3가,101,59.98,137800,,,5,18,2000,,,,,,중개거래,
영등포구,11560,대림동,202606,아파트_매매,우성1,대림동,696,62.37,73000,,,11,6,1985,,,,,,중개거래,
영등포구,11560,대림동,202606,아파트_매매,우성1,대림동,696,62.37,71000,,,4,17,1985,,,,,,중개거래,
영등포구,11560,양평동2가,202606,아파트_매매,양평벽산블루밍,양평동2가,23,59.58,99000,,,2,18,1990,,,,,,중개거래,
영등포구,11560,여의도동,202606,아파트_매매,한양,여의도동,42,105.72,284000,,,6,15,1975,,,,,,중개거래,
영등포구,11560,대림동,202606,아파트_매매,e편한세상영등포아델포레,대림동,1127,59.968,145000,,,16,13,2020,,,,,,중개거래,
영등포구,11560,대림동,202606,아파트_매매,신대림자이1단지,대림동,1121,84.61,92800,,,9,18,2007,,,,,,중개거래,
영등포구,11560,대림동,202606,아파트_매매,쌍용플래티넘S,대림동,717,18.24,9600,,,6,11,2013,,,,,,중개거래,
영등포구,11560,영등포동8가,202606,아파트_매매,삼환,영등포동8가,76-1,59.91,147000,,,19,11,1999,,,,,,중개거래,
영등포구,11560,양평동3가,202606,아파트_매매,월드메르디앙,양평동3가,19,84.44,125000,,,2,17,2005,,,,,,중개거래,
영등포구,11560,대림동,202606,아파트_매매,보라매 신동아 파밀리에,대림동,1125,59.95,106000,,,14,10,2016,,,,,,중개거래,
영등포구,11560,양평동3가,202606,아파트_매매,양평역미소지움,양평동3가,106,59.343,104000,,,8,17,2018,,,,,,중개거래,
영등포구,11560,여의도동,202606,아파트_매매,시범,여의도동,50,79.24,290000,,,11,13,1971,,,,,,중개거래,
영등포구,11560,대림동,202606,아파트_매매,e편한세상영등포아델포레,대림동,1127,59.968,145000,,,10,16,2020,,,,,,중개거래,
영등포구,11560,신길동,202606,아파트_매매,더샵파크프레스티지,신길동,4974,84.9005,168000,,,10,16,2022,,,,,,중개거래,
영등포구,11560,영등포동,202606,아파트_매매,영등포푸르지오,영등포동,647,59.912,150800,,,19,16,2002,,,,,,중개거래,
영등포구,11560,양평동2가,202606,아파트_매매,삼성래미안,양평동2가,38-1,114.63,135000,,,20,15,1998,,,,,,중개거래,
영등포구,11560,대림동,202606,아파트_매매,e편한세상영등포아델포레,대림동,1127,84.9948,157000,,,6,15,2020,,,,,,중개거래,
영등포구,11560,신길동,202606,아파트_매매,더샵파크프레스티지,신길동,4974,59.8635,147500,,,2,15,2022,,,,,,중개거래,
영등포구,11560,당산동5가,202606,아파트_매매,당산삼성래미안4차,당산동5가,42,133.42,245000,,,2,13,2003,,,,,,중개거래,
영등포구,11560,당산동4가,202606,아파트_매매,당산금호어울림,당산동4가,95,84.25,155000,,,2,15,2002,,,,,,중개거래,
영등포구,11560,영등포동,202606,아파트_매매,영등포푸르지오,영등포동,647,73.133,159000,,,8,15,2002,,,,,,중개거래,
영등포구,11560,당산동3가,202606,아파트_매매,당산한양,당산동3가,2-6,73.87,134000,,,2,15,1986,,,,,,중개거래,O
영등포구,11560,신길동,202606,아파트_매매,우성3,신길동,4656,53.24,113000,,,12,14,1989,,,,,,중개거래,
영등포구,11560,도림동,202606,아파트_매매,도림청구,도림동,221-1,126.65,96000,,,3,5,1997,,,,,,중개거래,
영등포구,11560,당산동,202606,아파트_매매,드림리버빌,당산동,378,84.77,129000,,,15,13,2002,,,,,,중개거래,
영등포구,11560,문래동3가,202606,아파트_매매,문래공원한신,문래동3가,77-2,79.46,150000,,,5,13,1988,,,,,,중개거래,
영등포구,11560,영등포동,202606,아파트_매매,영등포푸르지오,영등포동,647,73.133,153000,,,19,12,2002,,,,,,중개거래,
영등포구,11560,영등포동8가,202606,아파트_매매,당산푸르지오,영등포동8가,91,59.7,166000,,,20,13,2004,,,,,,중개거래,
영등포구,11560,문래동6가,202606,아파트_매매,대원,문래동6가,47-1,59.99,105000,,,10,14,1998,,,,,,중개거래,
영등포구,11560,영등포동,202606,아파트_매매,영등포푸르지오,영등포동,647,73.133,155500,,,9,14,2002,,,,,,중개거래,
영등포구,11560,대림동,202606,아파트_매매,성원(650),대림동,650,84.66,85800,,,16,13,1995,,,,,,중개거래,
영등포구,11560,당산동5가,202606,아파트_매매,당산삼성래미안4차,당산동5가,42,97.27,220000,,,2,13,2003,,,,,,중개거래,
영등포구,11560,대림동,202606,아파트_매매,대림현대,대림동,946-1,59.76,67700,,,13,13,1999,,,,,,중개거래,
영등포구,11560,당산동4가,202606,아파트_매매,당산현대5차,당산동4가,30-1,84.69,185000,,,19,13,2000,,,,,,중개거래,
영등포구,11560,신길동,202606,아파트_매매,우성1,신길동,365,64.4,120000,,,7,13,1986,,,,,,중개거래,
영등포구,11560,영등포동7가,202606,아파트_매매,아크로타워스퀘어,영등포동7가,203,59.7,183000,,,31,13,2017,,,,,,중개거래,
영등포구,11560,양평동5가,202606,아파트_매매,동보,양평동5가,9-1,84.48,121000,,,16,13,1998,,,,,,중개거래,
영등포구,11560,대림동,202606,아파트_매매,현대3차,대림동,608-1,43.92,76500,,,10,13,1997,,,,,,중개거래,
영등포구,11560,영등포동,202606,아파트_매매,영등포푸르지오,영등포동,647,73.133,155000,,,12,13,2002,,,,,,중개거래,
영등포구,11560,대림동,202606,아파트_매매,코오롱,대림동,607-1,59.94,115000,,,20,12,1998,,,,,,중개거래,
영등포구,11560,문래동4가,202606,아파트_매매,리버뷰신안인스빌1단지,문래동4가,67,84.995,125000,,,7,12,2008,,,,,,중개거래,
영등포구,11560,영등포동,202606,아파트_매매,영등포푸르지오,영등포동,647,79.777,160000,,,14,13,2002,,,,,,중개거래,
영등포구,11560,문래동5가,202606,아파트_매매,문래모아미래도,문래동5가,67,84.75,148000,,,13,13,2017,,,,,,중개거래,
영등포구,11560,도림동,202606,아파트_매매,영등포아트자이,도림동,821,84.764,160000,,,4,13,2014,,,,,,중개거래,
영등포구,11560,대림동,202606,아파트_매매,코오롱,대림동,607-1,59.94,113000,,,19,12,1998,,,,,,중개거래,
영등포구,11560,문래동4가,202606,아파트_매매,리버뷰신안인스빌2단지,문래동4가,68,84.995,124000,,,11,12,2008,,,,,,중개거래,
영등포구,11560,당산동4가,202606,아파트_매매,당산현대3차,당산동4가,88,59.26,154500,,,10,12,1988,,,,,,중개거래,
영등포구,11560,문래동3가,202606,아파트_매매,문래자이,문래동3가,54,84.98,186000,,,20,13,2001,,,,,,중개거래,
영등포구,11560,당산동3가,202606,아파트_매매,동부센트레빌,당산동3가,561,82.19,140000,,,4,12,2003,,,,,,중개거래,
영등포구,11560,양평동3가,202606,아파트_매매,삼호,양평동3가,66,84.92,107000,,,2,5,1998,,,,,,중개거래,
영등포구,11560,양평동2가,202606,아파트_매매,삼성래미안,양평동2가,38-1,114.63,134000,,,4,12,1998,,,,,,중개거래,
영등포구,11560,당산동5가,202606,아파트_매매,당산효성1차,당산동5가,12,84.9,187500,,,14,11,1999,,,,,,중개거래,
영등포구,11560,신길동,202606,아파트_매매,래미안영등포프레비뉴,신길동,4945,84.98,183000,,,23,11,2015,,,,,,중개거래,
영등포구,11560,양평동2가,202606,아파트_매매,삼성래미안,양평동2가,38-1,59.4,120600,,,22,11,1998,,,,,,중개거래,
영등포구,11560,신길동,202606,아파트_매매,삼환,신길동,897-1,59.53,129000,,,10,11,1997,,,,,,중개거래,
영등포구,11560,신길동,202606,아파트_매매,동훈노보빌,신길동,499,75.77,82000,,,7,11,2007,,,,,,중개거래,
영등포구,11560,대림동,202606,아파트_매매,대림동갑을명가아파트,대림동,1119,84.93,77000,,,5,4,2005,,,,,,중개거래,
영등포구,11560,양평동3가,202606,아파트_매매,양평현대6차,양평동3가,101,59.98,136000,,,6,10,2000,,,,,,중개거래,
영등포구,11560,대림동,202606,아파트_매매,문영칸타빌레,대림동,1061,120.18,74000,,,14,6,2001,,,,,,중개거래,
영등포구,11560,신길동,202606,아파트_매매,신기목련아파트,신길동,4935,59.4,60000,,,2,10,2000,,,,,,중개거래,
영등포구,11560,양평동5가,202606,아파트_매매,양평한신,양평동5가,76,59.94,138500,,,16,10,1996,,,,,,중개거래,
영등포구,11560,대림동,202606,아파트_매매,현대3차,대림동,608-1,59.83,123500,,,23,10,1997,,,,,,중개거래,
영등포구,11560,양평동3가,202606,아파트_매매,양평현대6차,양평동3가,101,59.98,136000,,,7,10,2000,,,,,,중개거래,
영등포구,11560,양평동1가,202606,아파트_매매,영등포중흥에스클래스,양평동1가,271,24.85,46000,,,22,9,2021,,,,,,중개거래,
영등포구,11560,당산동2가,202606,아파트_매매,당산2가현대홈타운,당산동2가,164,82.77,155000,,,5,10,1994,,,,,,중개거래,
영등포구,11560,문래동2가,202606,아파트_매매,남성,문래동2가,35,58.52,114000,,,15,9,1983,,,,,,중개거래,
영등포구,11560,대림동,202606,아파트_매매,신동아,대림동,777-1,67.41,60000,,,14,3,1987,,,,,,중개거래,
영등포구,11560,대림동,202606,아파트_매매,e편한세상영등포아델포레,대림동,1127,84.995,163000,,,11,9,2020,,,,,,중개거래,
영등포구,11560,여의도동,202606,아파트_매매,한양,여의도동,42,109.42,300000,,,9,9,1975,,,,,,중개거래,
영등포구,11560,양평동3가,202606,아파트_매매,경남아너스빌,양평동3가,55-1,59.9,89000,,,17,3,1998,,,,,,중개거래,
영등포구,11560,여의도동,202606,아파트_매매,대교,여의도동,41,95.5,305000,,,4,8,1975,,,,,,중개거래,
영등포구,11560,신길동,202606,아파트_매매,삼성래미안,신길동,4934,114.87,135000,,,17,2,2001,,,,,,중개거래,
영등포구,11560,영등포동,202606,아파트_매매,두산위브,영등포동,649,114.08,135300,,,8,4,2004,,,,,,중개거래,
영등포구,11560,신길동,202606,아파트_매매,래미안영등포프레비뉴,신길동,4945,84.98,179000,,,11,8,2015,,,,,,중개거래,
영등포구,11560,대림동,202606,아파트_매매,현대1,대림동,785-1,84.75,87500,,,15,8,1992,,,,,,중개거래,
영등포구,11560,영등포동,202606,아파트_매매,영등포푸르지오,영등포동,647,79.777,158000,,,9,6,2002,,,,,,중개거래,
영등포구,11560,당산동2가,202606,아파트_매매,당산대우,당산동2가,16-1,45.55,58000,,,8,8,1999,,,,,,중개거래,
영등포구,11560,당산동2가,202606,아파트_매매,당산대우,당산동2가,16-1,31.73,36000,,,11,8,1999,,,,,,중개거래,
영등포구,11560,도림동,202606,아파트_매매,도림청구,도림동,221-1,126.65,96000,,,3,5,1997,,,,,,중개거래,O
영등포구,11560,신길동,202606,아파트_매매,힐스테이트클래시안,신길동,4969,59.91,168500,,,24,8,2020,,,,,,중개거래,
영등포구,11560,신길동,202606,아파트_매매,신길자이,신길동,4938,114.99,143500,,,10,8,2011,,,,,,중개거래,
영등포구,11560,양평동5가,202606,아파트_매매,동보,양평동5가,9-1,84.48,125000,,,18,7,1998,,,,,,중개거래,
영등포구,11560,신길동,202606,아파트_매매,우성2,신길동,4518,64.4,142000,,,5,6,1986,,,,,,중개거래,
영등포구,11560,당산동4가,202606,아파트_매매,당산현대3차,당산동4가,88,84.5,170000,,,7,6,1988,,,,,,중개거래,
영등포구,11560,신길동,202606,아파트_매매,우성1,신길동,365,83.64,139400,,,3,6,1986,,,,,,중개거래,
영등포구,11560,신길동,202606,아파트_매매,힐스테이트클래시안,신길동,4969,59.91,173000,,,11,6,2020,,,,,,중개거래,
영등포구,11560,대림동,202606,아파트_매매,현대3차,대림동,608-1,84.89,128500,,,7,6,1997,,,,,,중개거래,
영등포구,11560,신길동,202606,아파트_매매,보라매에스케이뷰,신길동,4958,59.98,169000,,,16,6,2020,,,,,,중개거래,
영등포구,11560,신길동,202606,아파트_매매,삼성래미안,신길동,4934,84.91,125000,,,3,6,2001,,,,,,중개거래,
영등포구,11560,신길동,202606,아파트_매매,우성1,신길동,365,64.4,124400,,,11,6,1986,,,,,,중개거래,
영등포구,11560,대림동,202606,아파트_매매,쌍용플래티넘S,대림동,717,18.24,10000,,,11,13,2013,,,,,,직거래,
영등포구,11560,당산동4가,202606,아파트_매매,현대2,당산동4가,92,59,118500,,,6,5,1986,,,,,,중개거래,
영등포구,11560,당산동4가,202606,아파트_매매,당산현대5차,당산동4가,30-1,84.69,180000,,,25,5,2000,,,,,,중개거래,
영등포구,11560,여의도동,202606,아파트_매매,수정,여의도동,32,74.55,228000,,,15,3,1976,,,,,,중개거래,
영등포구,11560,신길동,202606,아파트_매매,힐스테이트클래시안,신길동,4969,59.91,169250,,,25,6,2020,,,,,,중개거래,
영등포구,11560,대림동,202606,아파트_매매,e편한세상영등포아델포레,대림동,1127,84.9948,155000,,,2,3,2020,,,,,,중개거래,
영등포구,11560,신길동,202606,아파트_매매,우성1,신길동,365,64.4,124000,,,11,5,1986,,,,,,중개거래,
영등포구,11560,영등포동7가,202606,아파트_매매,아크로타워스퀘어,영등포동7가,203,84.71,190000,,,4,4,2017,,,,,,중개거래,
영등포구,11560,당산동1가,202606,아파트_매매,코오롱,당산동1가,9-1,68.88,84000,,,12,4,1996,,,,,,중개거래,O
영등포구,11560,당산동4가,202606,아파트_매매,당산금호어울림,당산동4가,95,84.25,157500,,,3,4,2002,,,,,,중개거래,
영등포구,11560,신길동,202606,아파트_매매,우성3,신길동,4656,64.4,115000,,,12,4,1989,,,,,,중개거래,
영등포구,11560,문래동4가,202606,아파트_매매,리버뷰신안인스빌1단지,문래동4가,67,84.995,113000,,,18,4,2008,,,,,,중개거래,
영등포구,11560,신길동,202606,아파트_매매,신기목련아파트,신길동,4935,59.4,62800,,,1,3,2000,,,,,,중개거래,
영등포구,11560,여의도동,202606,아파트_매매,목화,여의도동,30,89.92,310000,,,8,3,1977,,,,,,중개거래,
영등포구,11560,문래동6가,202606,아파트_매매,e편한세상 문래 에듀플라츠,문래동6가,58,59.9854,133000,,,11,3,2020,,,,,,중개거래,
영등포구,11560,신길동,202606,아파트_매매,삼성래미안,신길동,4934,84.91,130000,,,9,3,2001,,,,,,중개거래,
영등포구,11560,신길동,202606,아파트_매매,보라매경남아너스빌,신길동,4780,84.79,131000,,,7,3,2005,,,,,,중개거래,
영등포구,11560,신길동,202606,아파트_매매,우성1,신길동,365,49.64,105000,,,14,3,1986,,,,,,중개거래,
영등포구,11560,양평동2가,202606,아파트_매매,양평벽산블루밍,양평동2가,23,59.58,89000,,,1,3,1990,,,,,,중개거래,
영등포구,11560,영등포동7가,202606,아파트_매매,아크로타워스퀘어,영등포동7가,203,59.91,184000,,,18,3,2017,,,,,,중개거래,
영등포구,11560,신길동,202606,아파트_매매,보라매에스케이뷰,신길동,4958,59.98,165000,,,20,2,2020,,,,,,중개거래,
영등포구,11560,당산동2가,202606,아파트_매매,당산2가현대홈타운,당산동2가,164,82.77,155000,,,4,1,1994,,,,,,중개거래,
영등포구,11560,영등포동7가,202606,아파트_매매,경남아너스빌,영등포동7가,46-1,59.9,129000,,,1,1,1998,,,,,,중개거래,
영등포구,11560,양평동1가,202606,아파트_매매,한신공영,양평동1가,14-1,59.98,94700,,,9,1,1996,,,,,,중개거래,
영등포구,11560,대림동,202606,아파트_매매,신동아,대림동,777-1,84.85,74000,,,15,1,1987,,,,,,중개거래,
영등포구,11560,양평동2가,202606,아파트_매매,오목교벽산블루밍,양평동2가,39-1,59.85,79000,,,2,1,1996,,,,,,중개거래,
영등포구,11560,양평동1가,202606,아파트_매매,삼환,양평동1가,245,59.76,71500,,,9,1,1994,,,,,,중개거래,
