gu_name,lawd_cd,region_name,deal_ym,deal_type,building_name,umd_name,jibun,area_m2,deal_amount,deposit,monthly_rent,floor,deal_day,build_year,contract_type,contract_term,pre_deposit,pre_monthly_rent,use_rr_right,dealing_gbn,cdeal_type
동작구,11590,노량진동,202608,오피스텔_전월세,노량진큐브스테이트,노량진동,267-6,22.39,,23600,0,11,15,2020,갱신,26.09~28.09,22500.0,,,,
동작구,11590,사당동,202608,오피스텔_전월세,이수 월든빌,사당동,1007-25,21.48,,5000,95,10,21,2024,신규,26.08~27.08,,,,,
동작구,11590,사당동,202608,오피스텔_전월세,엘리지움,사당동,1007-3,22.46,,5000,75,8,19,2012,신규,26.10~28.10,,,,,
동작구,11590,신대방동,202608,오피스텔_전월세,동작상떼빌,신대방동,719,62.43,,36000,0,19,19,2006,신규,26.08~28.08,,,,,
동작구,11590,상도1동,202608,오피스텔_전월세,상도 프라이드 522,상도1동,522,18.51,,1000,95,2,13,2020,신규,26.08~27.08,,,,,
동작구,11590,신대방동,202608,오피스텔_전월세,동작상떼빌,신대방동,719,41.48,,1000,100,17,6,2006,신규,26.10~27.10,,,,,
동작구,11590,노량진동,202608,오피스텔_전월세,노량진 드림스퀘어 복합빌딩,노량진동,16-1,24.13,,2000,93,4,15,2020,신규,26.08~27.08,,,,,
동작구,11590,사당동,202608,오피스텔_전월세,남성오피스텔,사당동,212-1,15.18,,2000,40,2,12,2002,신규,26.08~28.08,,,,,
동작구,11590,노량진동,202608,오피스텔_전월세,노량진 드림스퀘어 복합빌딩,노량진동,16-1,26.06,,21990,0,13,1,2020,신규,26.09~28.09,,,,,
동작구,11590,노량진동,202608,오피스텔_전월세,노량진큐브스테이트,노량진동,267-6,16.84,,18740,0,5,14,2020,신규,26.09~28.09,,,,,
동작구,11590,신대방동,202608,오피스텔_전월세,신라스테이해링턴타워,신대방동,698,20.34,,15000,0,9,12,2015,신규,26.08~28.08,,,,,
동작구,11590,노량진동,202608,오피스텔_전월세,메가스터디타워,노량진동,57-1,19.28,,1000,70,19,3,2015,신규,26.09~27.09,,,,,
동작구,11590,신대방동,202608,오피스텔_전월세,신라스테이해링턴타워,신대방동,698,20.34,,12500,0,8,10,2015,갱신,26.08~28.08,12500.0,,사용,,
동작구,11590,사당동,202608,오피스텔_전월세,이수 월든빌,사당동,1007-25,18.18,,20800,0,10,7,2024,신규,26.10~28.10,,,,,
동작구,11590,신대방동,202608,오피스텔_전월세,동작보라매역프리센트,신대방동,377-1,29.82,,1000,155,13,4,2026,신규,26.08~28.08,,,,,
동작구,11590,신대방동,202608,오피스텔_전월세,동작상떼빌,신대방동,719,41.48,,1000,100,14,7,2006,신규,26.10~27.09,,,,,
동작구,11590,노량진동,202608,오피스텔_전월세,노량진큐브스테이트,노량진동,267-6,16.84,,18300,0,14,8,2020,갱신,26.10~28.10,17500.0,,사용,,
동작구,11590,대방동,202608,오피스텔_전월세,리안,대방동,394-26,17.9,,3000,60,6,8,,신규,26.09~27.09,,,,,
동작구,11590,대방동,202608,오피스텔_전월세,올리브 빌딩,대방동,405-8,20.87,,3000,63,6,7,2018,신규,26.08~27.08,,,,,
동작구,11590,노량진동,202608,오피스텔_전월세,백명트렌디타워,노량진동,194-3,21.4,,1000,73,13,5,2004,갱신,26.08~27.08,1000.0,70.0,,,
동작구,11590,노량진동,202608,오피스텔_전월세,한강큐브스테이트,노량진동,266-4,19.75,,22000,0,5,3,2021,신규,26.08~28.08,,,,,
동작구,11590,노량진동,202608,오피스텔_전월세,노량진큐브스테이트,노량진동,267-6,16.84,,14000,19,11,4,2020,갱신,26.09~28.09,14000.0,16.0,사용,,
동작구,11590,신대방동,202608,오피스텔_전월세,캐릭터 그린빌,신대방동,395-73,45.91,,17000,0,8,2,2000,신규,26.09~28.09,,,,,
동작구,11590,사당동,202608,오피스텔_전월세,엘리지움,사당동,1007-3,22.46,,5000,61,4,3,2012,갱신,26.10~28.10,5000.0,57.0,사용,,
동작구,11590,상도동,202608,연립다세대_전월세,마르마,상도동,156-19,17.26,,13000,15,3,12,2012,,,,,,,
동작구,11590,사당동,202608,연립다세대_전월세,행복이가득한집,사당동,317-6,18.72,,11000,17,4,20,2016,신규,26.09~28.09,,,,,
동작구,11590,상도동,202608,연립다세대_전월세,(469-4),상도동,469-4,20.61,,10500,0,2,7,2003,신규,26.08~28.08,,,,,
동작구,11590,상도동,202608,연립다세대_전월세,숭실빌라,상도동,126-10,76.74,,10000,57,1,15,1984,갱신,26.09~28.09,10000.0,53.0,,,
동작구,11590,사당동,202608,연립다세대_전월세,그라시아빌,사당동,1035-36,36.58,,20000,32,2,20,2013,신규,26.10~28.09,,,,,
동작구,11590,상도동,202608,연립다세대_전월세,두성쉐르빌(256-207),상도동,256-207,82.99,,32000,0,2,21,2002,신규,26.12~28.12,,,,,
동작구,11590,신대방동,202608,연립다세대_전월세,Oaktreevill,신대방동,341-46,29.82,,5000,85,4,7,2013,갱신,26.09~28.09,5000.0,80.0,,,
동작구,11590,사당동,202608,연립다세대_전월세,(176-40),사당동,176-40,41.64,,15000,0,1,21,1989,신규,26.09~28.09,,,,,
동작구,11590,사당동,202608,연립다세대_전월세,(303-90),사당동,303-90,29.895,,13200,0,2,21,2007,신규,26.09~28.09,,,,,
동작구,11590,상도동,202608,연립다세대_전월세,명성주택,상도동,356-1,26.84,,22000,0,4,21,2016,신규,26.10~28.10,,,,,
동작구,11590,대방동,202608,연립다세대_전월세,미래팰리스,대방동,393-17,29.62,,27000,0,3,20,2015,신규,26.09~28.09,,,,,
동작구,11590,사당동,202608,연립다세대_전월세,현대빌라트A,사당동,268-17,66.44,,33600,0,4,15,2002,갱신,26.09~28.09,33600.0,,사용,,
동작구,11590,사당동,202608,연립다세대_전월세,(62-3),사당동,62-3,50.66,,0,50,3,9,2006,신규,26.08~28.08,,,,,
동작구,11590,상도동,202608,연립다세대_전월세,구립약수경로당행복주택복합시설,상도동,211-438,20.32,,4445,16,4,20,2020,갱신,26.09~28.08,3862.0,14.0,,,
동작구,11590,사당동,202608,연립다세대_전월세,미래하이빌(449-27),사당동,449-27,55.21,,25000,0,5,12,2018,갱신,26.08~28.08,25000.0,,사용,,
동작구,11590,사당동,202608,연립다세대_전월세,봄빛하우스,사당동,1047-9,29.32,,13000,6,3,7,2013,신규,26.09~28.09,,,,,
동작구,11590,상도동,202608,연립다세대_전월세,광채빌라,상도동,335-155,37.58,,100,44,3,20,2024,신규,26.09~28.11,,,,,
동작구,11590,사당동,202608,연립다세대_전월세,사당메이플,사당동,1050-19,29.98,,31900,0,3,19,2021,신규,26.08~28.08,,,,,
동작구,11590,대방동,202608,연립다세대_전월세,원하우스,대방동,391-216,29.98,,1320,29,2,20,2021,갱신,26.09~28.08,2527.0,26.0,,,
동작구,11590,노량진동,202608,연립다세대_전월세,RIVERSIDE205,노량진동,205-20,26.66,,30000,0,3,16,2025,신규,26.10~28.10,,,,,
동작구,11590,상도동,202608,연립다세대_전월세,(361-63),상도동,361-63,20.68,,9950,15,1,19,2004,신규,26.09~28.09,,,,,
동작구,11590,사당동,202608,연립다세대_전월세,(446-38),사당동,446-38,30.14,,22000,0,2,19,2012,신규,26.10~28.10,,,,,
동작구,11590,상도동,202608,연립다세대_전월세,케이디아이빌C동,상도동,7-182,55.96,,17000,0,3,15,2007,갱신,26.08~28.08,14500.0,,,,
동작구,11590,상도동,202608,연립다세대_전월세,56-60,상도동,56-60,29.31,,2000,96,1,15,2015,신규,26.08~28.02,,,,,
동작구,11590,사당동,202608,연립다세대_전월세,제이파크빌,사당동,1033-11,36.41,,4100,100,5,14,2017,신규,26.10~28.10,,,,,
동작구,11590,대방동,202608,연립다세대_전월세,명성,대방동,393-47,12.54,,1000,56,4,19,2013,신규,26.09~28.09,,,,,
동작구,11590,상도동,202608,연립다세대_전월세,이노시티빌,상도동,7-45,28.88,,4580,9,4,19,2021,갱신,26.09~28.08,2173.0,22.0,,,
동작구,11590,사당동,202608,연립다세대_전월세,(419-115),사당동,419-115,17.95,,13600,0,1,13,2014,신규,26.09~28.09,,,,,
동작구,11590,사당동,202608,연립다세대_전월세,(77-50),사당동,77-50,35.97,,1000,55,2,11,2001,신규,26.08~28.08,,,,,
동작구,11590,상도동,202608,연립다세대_전월세,대명빌라,상도동,126-43,52.86,,19000,0,2,11,1993,신규,26.10~28.10,,,,,
동작구,11590,사당동,202608,연립다세대_전월세,(233-16),사당동,233-16,51,,4000,60,1,19,2001,신규,26.09~28.09,,,,,
동작구,11590,상도동,202608,연립다세대_전월세,원림아트빌(356-65),상도동,356-65,66.11,,29000,0,3,13,2002,갱신,26.08~28.08,22800.0,,,,
동작구,11590,상도1동,202608,연립다세대_전월세,늘그린이엔씨,상도1동,449-4,48.97,,30041,0,5,19,2023,신규,26.08~28.12,,,,,
동작구,11590,상도동,202608,연립다세대_전월세,그린캐슬(183-31),상도동,183-31,12.48,,1000,88,7,13,2012,신규,26.09~28.09,,,,,
동작구,11590,상도동,202608,연립다세대_전월세,(7-81),상도동,7-81,43.42,,13000,35,1,14,1986,신규,26.09~28.09,,,,,
동작구,11590,상도1동,202608,연립다세대_전월세,상도센트레빌,상도1동,665-6,47.14,,13000,0,3,14,2010,신규,26.09~28.09,,,,,
동작구,11590,사당동,202608,연립다세대_전월세,스튜디오사당19,사당동,314-12,25.98,,2234,23,2,19,2021,갱신,26.09~28.08,2234.0,23.0,,,
동작구,11590,신대방동,202608,연립다세대_전월세,(696-56),신대방동,696-56,37.69,,10500,21,2,17,1986,갱신,26.09~28.09,10000.0,20.0,사용,,
동작구,11590,상도동,202608,연립다세대_전월세,남양빌라(301-209),상도동,301-209,48.9,,5000,50,4,19,1994,신규,26.09~28.09,,,,,
동작구,11590,사당동,202608,연립다세대_전월세,(64-104),사당동,64-104,62.84,,27000,15,1,12,2002,신규,26.10~28.10,,,,,
동작구,11590,상도동,202608,연립다세대_전월세,원형,상도동,356-230,69.98,,23000,50,5,11,2003,신규,26.11~28.11,,,,,
동작구,11590,상도동,202608,연립다세대_전월세,더클래식,상도동,238-5,29.88,,36000,0,3,15,2023,신규,26.10~28.10,,,,,
동작구,11590,노량진동,202608,연립다세대_전월세,한강하이츠빌라3,노량진동,205-356,53.77,,1500,135,1,3,1996,신규,26.08~28.08,,,,,
동작구,11590,상도동,202608,연립다세대_전월세,샹그릴라,상도동,356-2,58.86,,34500,0,2,14,2016,신규,26.10~28.10,,,,,
동작구,11590,사당동,202608,연립다세대_전월세,대도하이츠빌라(1048-12),사당동,1048-12,57.03,,24000,0,1,6,1993,신규,26.08~26.10,,,,,
동작구,11590,상도동,202608,연립다세대_전월세,이노시티빌,상도동,7-45,25.54,,3906,8,2,19,2021,갱신,26.09~28.08,1901.0,20.0,,,
동작구,11590,상도동,202608,연립다세대_전월세,신양빌라,상도동,258,56.88,,30000,0,1,7,1989,신규,26.09~28.09,,,,,
동작구,11590,사당동,202608,연립다세대_전월세,대도하이츠빌라(1048-12),사당동,1048-12,57.03,,24000,0,1,6,1993,신규,26.08~26.10,,,,,
동작구,11590,상도동,202608,연립다세대_전월세,성림하이츠,상도동,264-205,30.33,,10000,30,1,6,1991,갱신,26.09~28.09,2000.0,60.0,,,
동작구,11590,상도동,202608,연립다세대_전월세,강호빌리지,상도동,279-397,42.94,,24000,10,4,8,2017,신규,26.09~28.09,,,,,
동작구,11590,신대방동,202608,연립다세대_전월세,옥동그린,신대방동,634-1,60.09,,26200,0,4,18,2006,갱신,26.08~28.08,25000.0,,,,
동작구,11590,신대방동,202608,연립다세대_전월세,지평토피아,신대방동,599-33,51.72,,5000,40,-1,18,2002,신규,26.08~28.08,,,,,
동작구,11590,상도동,202608,연립다세대_전월세,예일에버빌,상도동,244-257,67.13,,19290,0,2,18,2003,갱신,26.08~28.08,5000.0,49.0,,,
동작구,11590,사당동,202608,연립다세대_전월세,가온누리,사당동,217-7,11.62,,3000,50,5,8,2014,신규,26.08~28.08,,,,,
동작구,11590,대방동,202608,연립다세대_전월세,명성하우스,대방동,391-75,26.87,,26000,0,3,15,2019,신규,26.10~28.10,,,,,
동작구,11590,상도동,202608,연립다세대_전월세,브이업빌딩,상도동,54-26,15.56,,1000,70,2,17,2017,신규,26.08~27.08,,,,,
동작구,11590,대방동,202608,연립다세대_전월세,리안,대방동,394-26,15.37,,1000,68,8,17,2017,신규,26.08~27.08,,,,,
동작구,11590,상도동,202608,연립다세대_전월세,새롬아트빌,상도동,279-164,65.22,,22000,27,2,17,2008,갱신,26.09~28.09,22000.0,20.0,,,
동작구,11590,상도동,202608,연립다세대_전월세,그린캐슬(183-31),상도동,183-31,12.48,,1000,88,7,13,2012,신규,26.09~28.09,,,,,
동작구,11590,대방동,202608,연립다세대_전월세,은형빌라,대방동,391-229,84.96,,38000,0,4,15,1993,신규,26.11~28.11,,,,,
동작구,11590,상도동,202608,연립다세대_전월세,장승시티빌,상도동,290-57,80.52,,34000,5,3,8,2001,갱신,26.09~28.09,31700.0,,,,
동작구,11590,대방동,202608,연립다세대_전월세,원하우스,대방동,391-216,25.88,,4696,9,4,18,2021,갱신,26.09~28.08,2228.0,23.0,,,
동작구,11590,신대방동,202608,연립다세대_전월세,아르떼빌(364-4),신대방동,364-4,38.58,,22000,30,2,15,2015,신규,26.09~28.09,,,,,
동작구,11590,상도동,202608,연립다세대_전월세,(134-262),상도동,134-262,39.75,,18123,22,2,12,2003,갱신,26.08~28.08,17000.0,27.0,,,
동작구,11590,상도동,202608,연립다세대_전월세,안다하우스,상도동,279-470,45.34,,22000,0,4,11,2015,갱신,26.09~28.09,22000.0,,사용,,
동작구,11590,상도동,202608,연립다세대_전월세,금강그린빌(202-235),상도동,202-235,38.07,,22000,0,4,13,2014,신규,26.11~28.11,,,,,
동작구,11590,사당동,202608,연립다세대_전월세,(175-50),사당동,175-50,42.88,,10000,0,-1,14,1986,갱신,26.08~28.08,10000.0,,,,
동작구,11590,상도동,202608,연립다세대_전월세,세정빌라,상도동,279-379,50.8,,13000,5,-1,12,1992,신규,26.09~28.09,,,,,
동작구,11590,상도동,202608,연립다세대_전월세,성림하이츠,상도동,264-205,30.33,,10000,30,1,6,1991,갱신,26.09~28.09,2000.0,60.0,,,
동작구,11590,사당동,202608,연립다세대_전월세,삼원빌라,사당동,1005-22,32.16,,15750,0,2,13,2003,갱신,26.08~28.08,15000.0,,사용,,
동작구,11590,사당동,202608,연립다세대_전월세,명궁,사당동,224-77,72.89,,40000,0,4,14,2003,신규,26.08~28.08,,,,,
동작구,11590,흑석동,202608,연립다세대_전월세,흑석빌리지,흑석동,186-72,56.59,,3000,77,4,11,2017,신규,26.08~29.02,,,,,
동작구,11590,사당동,202608,연립다세대_전월세,세영베스트빌(241-46),사당동,241-46,70.46,,37000,0,5,3,2003,갱신,26.08~28.08,33000.0,,,,
동작구,11590,사당동,202608,연립다세대_전월세,신성빌라,사당동,303-171,61.41,,5000,93,4,11,2007,신규,26.09~28.09,,,,,
동작구,11590,사당동,202608,연립다세대_전월세,리안빌리지,사당동,316-189,60.14,,3000,120,4,14,2010,신규,26.08~29.03,,,,,
동작구,11590,상도동,202608,연립다세대_전월세,상도힐,상도동,159-223,27.76,,11500,0,4,3,2017,신규,26.08~28.08,,,,,
동작구,11590,상도동,202608,연립다세대_전월세,심쿵,상도동,378-2,31.14,,576,21,5,10,2018,신규,26.09~28.10,,,,,
동작구,11590,사당동,202608,연립다세대_전월세,복음,사당동,175-64,51.59,,12000,30,1,3,1990,갱신,26.09~28.09,12000.0,20.0,,,
동작구,11590,대방동,202608,연립다세대_전월세,베스트빌,대방동,391-274,79.66,,30700,0,5,13,2008,신규,26.10~28.10,,,,,
동작구,11590,사당동,202608,연립다세대_전월세,(91-154),사당동,91-154,50.34,,42100,0,4,13,2020,신규,26.09~28.09,,,,,
동작구,11590,사당동,202608,연립다세대_전월세,미래하이빌(449-27),사당동,449-27,55.21,,25000,0,5,12,2018,갱신,26.08~28.08,25000.0,,,,
동작구,11590,상도동,202608,연립다세대_전월세,미소가A동(244-252),상도동,244-252,29.94,,26000,0,2,12,2018,신규,26.09~28.09,,,,,
동작구,11590,상도동,202608,연립다세대_전월세,우현파크빌,상도동,277-1,37.74,,23601,0,3,7,2014,갱신,26.08~28.08,22601.0,,사용,,
동작구,11590,사당동,202608,연립다세대_전월세,성원빌라,사당동,300-23,56.54,,26000,0,4,12,1994,신규,26.09~28.09,,,,,
동작구,11590,상도동,202608,연립다세대_전월세,카렌시아A동,상도동,201-133,34.74,,27300,0,1,8,2022,갱신,26.08~28.08,26000.0,,,,
동작구,11590,상도동,202608,연립다세대_전월세,올레하우스,상도동,324-60,27.53,,28000,20,5,13,2017,신규,26.09~28.09,,,,,
동작구,11590,상도동,202608,연립다세대_전월세,무경하우스,상도동,496-18,16.89,,11000,20,4,12,2016,신규,26.09~28.09,,,,,
동작구,11590,노량진동,202608,연립다세대_전월세,에스비앤피플215,노량진동,215-112,27.78,,28000,10,3,12,2025,신규,26.09~28.09,,,,,
동작구,11590,신대방동,202608,연립다세대_전월세,(344-62),신대방동,344-62,28.96,,18000,30,3,12,2016,신규,26.09~28.09,,,,,
동작구,11590,사당동,202608,연립다세대_전월세,은탁아트빌,사당동,427-17,52.65,,9000,64,5,8,2006,신규,26.10~28.10,,,,,
동작구,11590,사당동,202608,연립다세대_전월세,신영움트빌,사당동,1039-18,42.92,,2000,84,2,7,2002,신규,26.09~28.09,,,,,
동작구,11590,사당동,202608,연립다세대_전월세,삼성(141-109),사당동,141-109,93.3,,15000,90,4,12,1993,갱신,26.08~28.08,15000.0,90.0,사용,,
동작구,11590,사당동,202608,연립다세대_전월세,선영가동,사당동,180-85,40.47,,13000,0,-1,10,1988,신규,26.09~28.09,,,,,
동작구,11590,상도동,202608,연립다세대_전월세,거봉빌라,상도동,2-10,93.82,,37800,0,2,6,1998,갱신,26.10~28.10,36000.0,,사용,,
동작구,11590,상도동,202608,연립다세대_전월세,우리주택,상도동,208-37,74.51,,34000,0,4,8,2003,신규,26.09~28.09,,,,,
동작구,11590,사당동,202608,연립다세대_전월세,성락힐타운,사당동,178-5,42.57,,17000,0,1,10,1986,신규,26.10~28.10,,,,,
동작구,11590,상도동,202608,연립다세대_전월세,휴먼넥스빌(256-6),상도동,256-6,37.94,,23500,0,3,11,2013,갱신,26.08~28.08,24800.0,,,,
동작구,11590,상도동,202608,연립다세대_전월세,(55-102),상도동,55-102,36.68,,16100,0,2,8,1995,신규,26.09~28.09,,,,,
동작구,11590,상도동,202608,연립다세대_전월세,쉐어하우스,상도동,214-350,12.96,,8400,5,3,10,2012,갱신,26.11~28.11,8400.0,5.0,,,
동작구,11590,상도동,202608,연립다세대_전월세,해피하우스(283-41),상도동,283-41,42.85,,29300,0,4,4,2015,갱신,26.09~28.09,26300.0,13.0,,,
동작구,11590,사당동,202608,연립다세대_전월세,(446-38),사당동,446-38,22.15,,15000,0,2,10,2012,신규,26.08~28.08,,,,,
동작구,11590,사당동,202608,연립다세대_전월세,리츠빌,사당동,192-6,59.53,,35000,0,4,11,2008,신규,26.09~28.09,,,,,
동작구,11590,상도동,202608,연립다세대_전월세,위너스힐,상도동,17-56,12.63,,2000,43,2,10,2011,신규,26.08~28.08,,,,,
동작구,11590,상도동,202608,연립다세대_전월세,노블레스,상도동,203-29,33.22,,11300,65,4,6,2018,갱신,26.08~27.08,11300.0,65.0,,,
동작구,11590,상도동,202608,연립다세대_전월세,원형,상도동,356-230,69.98,,23000,50,5,11,2003,신규,26.11~28.11,,,,,
동작구,11590,대방동,202608,연립다세대_전월세,엘리시아빌딩(23-117),대방동,23-117,15.24,,13000,25,5,7,2015,신규,26.09~28.09,,,,,
동작구,11590,상도동,202608,연립다세대_전월세,휴먼넥스빌(256-6),상도동,256-6,37.94,,23500,0,3,11,2013,갱신,26.08~28.08,24800.0,,,,
동작구,11590,상도동,202608,연립다세대_전월세,대일빌라(210-252외),상도동,210-252,41.57,,24000,30,3,7,2015,신규,26.09~28.09,,,,,
동작구,11590,상도동,202608,연립다세대_전월세,인성주택가동,상도동,244-351,33.05,,13500,0,1,7,1986,신규,26.09~28.09,,,,,
동작구,11590,상도동,202608,연립다세대_전월세,노블레스,상도동,203-29,33.22,,11300,65,4,6,2018,갱신,26.08~27.08,11300.0,65.0,,,
동작구,11590,상도동,202608,연립다세대_전월세,신안하이츠빌라,상도동,244-164,40.21,,21000,0,2,8,1994,신규,26.10~28.10,,,,,
동작구,11590,상도동,202608,연립다세대_전월세,심쿵,상도동,378-2,42.91,,2025,26,3,10,2018,신규,26.09~28.10,,,,,
동작구,11590,대방동,202608,연립다세대_전월세,대영빌,대방동,387-2,74.98,,38000,10,2,10,2009,신규,26.10~28.10,,,,,
동작구,11590,사당동,202608,연립다세대_전월세,더하우스9차,사당동,437-44,62.19,,43000,0,3,10,2008,갱신,26.08~28.08,40000.0,,,,
동작구,11590,상도1동,202608,연립다세대_전월세,방주샬롬(324-10),상도1동,324-10,56.24,,5000,130,4,2,1996,신규,26.08~27.08,,,,,
동작구,11590,상도1동,202608,연립다세대_전월세,두손베스티움(358-1외),상도1동,358-1,47.35,,27000,15,4,8,2012,신규,26.10~28.10,,,,,
동작구,11590,상도동,202608,연립다세대_전월세,그린하트빌,상도동,28-3,57,,25000,20,2,6,2003,신규,26.10~28.10,,,,,
동작구,11590,대방동,202608,연립다세대_전월세,원동방좋은집,대방동,381-10,83.95,,4000,80,-1,1,1997,신규,26.09~28.09,,,,,
동작구,11590,신대방동,202608,연립다세대_전월세,파인빌(346-16),신대방동,346-16,29.73,,5000,80,4,5,2014,신규,26.08~28.08,,,,,
동작구,11590,사당동,202608,연립다세대_전월세,선영나동,사당동,180-19,41.39,,10000,0,-1,6,1988,갱신,26.08~28.08,7000.0,30.0,,,
동작구,11590,사당동,202608,연립다세대_전월세,가온빌,사당동,183-39,29.84,,26250,0,2,9,2019,갱신,26.08~28.08,25000.0,,,,
동작구,11590,사당동,202608,연립다세대_전월세,가온빌,사당동,183-39,29.84,,26250,0,2,9,2019,신규,26.08~28.08,,,,,
동작구,11590,사당동,202608,연립다세대_전월세,(91-158),사당동,91-158,29.69,,34000,0,2,8,2022,신규,26.09~28.09,,,,,
동작구,11590,상도동,202608,연립다세대_전월세,성종,상도동,285-9,68.04,,30000,0,3,10,2010,신규,26.12~28.12,,,,,
동작구,11590,대방동,202608,연립다세대_전월세,티엠타운,대방동,98-4,27.61,,23000,35,4,8,2016,신규,26.09~28.09,,,,,
동작구,11590,사당동,202608,연립다세대_전월세,에벤에셀,사당동,429-6,46.68,,25000,49,4,8,2013,신규,26.11~28.10,,,,,
동작구,11590,신대방동,202608,연립다세대_전월세,무지개그린빌라,신대방동,366-25,43.2,,14000,0,4,7,1994,신규,26.09~28.09,,,,,
동작구,11590,상도동,202608,연립다세대_전월세,(199-18),상도동,199-18,68.59,,30000,20,4,1,2016,신규,26.09~28.09,,,,,
동작구,11590,상도동,202608,연립다세대_전월세,(214-92),상도동,214-92,70.11,,3000,100,-1,10,1996,신규,26.08~28.08,,,,,
동작구,11590,상도동,202608,연립다세대_전월세,심쿵,상도동,378-2,31.14,,1440,19,5,10,2018,신규,26.09~28.10,,,,,
동작구,11590,상도동,202608,연립다세대_전월세,(469-4),상도동,469-4,20.61,,10500,0,2,7,2003,신규,26.08~28.08,,,,,
동작구,11590,상도동,202608,연립다세대_전월세,(154-14),상도동,154-14,41.32,,1000,95,2,3,2013,신규,26.10~28.10,,,,,
동작구,11590,대방동,202608,연립다세대_전월세,(391-210),대방동,391-210,103.77,,40000,0,3,8,2002,신규,26.10~28.10,,,,,
동작구,11590,상도동,202608,연립다세대_전월세,그린시티,상도동,183-28,11.31,,12140,0,8,8,2018,신규,26.09~28.09,,,,,
동작구,11590,상도1동,202608,연립다세대_전월세,H.S빌,상도1동,325-6,45.06,,1000,68,4,10,2008,신규,26.08~28.08,,,,,
동작구,11590,상도동,202608,연립다세대_전월세,더포레스트2차,상도동,214-54,43.49,,25000,0,2,8,2016,신규,26.11~28.11,,,,,
동작구,11590,상도동,202608,연립다세대_전월세,스카이빌,상도동,22-43,56.7,,30000,6,3,8,2002,갱신,26.10~28.10,30000.0,,사용,,
동작구,11590,대방동,202608,연립다세대_전월세,(391-210),대방동,391-210,25.63,,12000,0,2,6,2002,신규,26.08~28.08,,,,,
동작구,11590,상도동,202608,연립다세대_전월세,미성렉스빌,상도동,7-24,73.84,,45000,0,3,5,2008,신규,26.09~28.09,,,,,
동작구,11590,상도동,202608,연립다세대_전월세,백촌타운,상도동,126-5,68.15,,3000,70,3,9,1983,갱신,26.08~28.08,2000.0,55.0,,,
동작구,11590,상도동,202608,연립다세대_전월세,(55-102),상도동,55-102,36.68,,16100,0,2,8,1995,신규,26.09~28.09,,,,,
동작구,11590,상도동,202608,연립다세대_전월세,현대빌라(290-56),상도동,290-56,33.45,,13000,0,2,5,1991,신규,26.09~28.08,,,,,
동작구,11590,사당동,202608,연립다세대_전월세,진영파크빌가동,사당동,278-116,53.98,,25000,0,3,8,2004,갱신,26.08~28.08,22000.0,,,,
동작구,11590,상도동,202608,연립다세대_전월세,청화빌라가동,상도동,283-187,40.3,,14800,10,1,5,1989,신규,26.09~28.09,,,,,
동작구,11590,신대방동,202608,연립다세대_전월세,한백리츠빌2,신대방동,360-112,29.87,,24600,0,3,6,2018,신규,26.09~28.09,,,,,
동작구,11590,사당동,202608,연립다세대_전월세,봄빛하우스,사당동,1047-9,29.32,,13000,6,3,7,2013,신규,26.09~28.09,,,,,
동작구,11590,사당동,202608,연립다세대_전월세,(419-1),사당동,419-1,31.87,,39500,0,3,4,2018,갱신,26.10~28.10,39500.0,,사용,,
동작구,11590,상도동,202608,연립다세대_전월세,상도로얄맨션,상도동,201-2,33.51,,15300,12,1,7,2003,신규,26.09~28.09,,,,,
동작구,11590,사당동,202608,연립다세대_전월세,경운빌라,사당동,1038-37,71.13,,14000,99,2,7,1986,갱신,26.08~28.08,14000.0,95.0,,,
동작구,11590,사당동,202608,연립다세대_전월세,대도하이츠빌라(1048-12),사당동,1048-12,57.03,,26800,0,1,6,1993,신규,26.10~28.10,,,,,
동작구,11590,상도동,202608,연립다세대_전월세,한강빌라,상도동,214-148,32.88,,15600,0,4,4,1992,신규,26.09~28.09,,,,,
동작구,11590,상도동,202608,연립다세대_전월세,성림하이츠,상도동,264-205,30.33,,10000,30,1,6,1991,갱신,26.09~28.09,2000.0,60.0,,,
동작구,11590,상도동,202608,연립다세대_전월세,은혜빌라(56-52),상도동,56-52,48.71,,15000,40,1,6,1993,신규,26.09~28.09,,,,,
동작구,11590,상도동,202608,연립다세대_전월세,마노아재,상도동,204-76,29.73,,5000,72,3,2,2015,신규,26.08~28.08,,,,,
동작구,11590,대방동,202608,연립다세대_전월세,부명빌딩,대방동,404-15,13.06,,1000,44,4,6,2013,신규,26.08~27.08,,,,,
동작구,11590,신대방동,202608,연립다세대_전월세,화인빌라,신대방동,632-73,54.9,,12000,18,1,1,1988,갱신,26.09~28.08,12000.0,15.0,사용,,
동작구,11590,상도동,202608,연립다세대_전월세,아진빌라,상도동,335-22,68.25,,21500,65,1,4,1997,신규,26.09~28.09,,,,,
동작구,11590,대방동,202608,연립다세대_전월세,한신빌라,대방동,393-56,71.85,,30000,40,2,5,2002,신규,26.08~28.08,,,,,
동작구,11590,노량진동,202608,연립다세대_전월세,JS타운,노량진동,39-9,14.75,,1000,65,11,1,2017,신규,26.09~27.08,,,,,
동작구,11590,대방동,202608,연립다세대_전월세,리치빌(391-548),대방동,391-548,25.18,,13364,0,5,1,2012,갱신,26.09~28.09,12728.0,,,,
동작구,11590,대방동,202608,연립다세대_전월세,리안,대방동,394-26,15.05,,10800,10,11,5,2017,신규,26.09~28.09,,,,,
동작구,11590,상도동,202608,연립다세대_전월세,이에스하임8차,상도동,356-4,46.15,,34600,0,3,4,2018,갱신,26.09~28.09,34600.0,,사용,,
동작구,11590,상도동,202608,연립다세대_전월세,무지개빌라,상도동,56-71,41.27,,8400,0,-1,5,1992,신규,26.09~28.09,,,,,
동작구,11590,신대방동,202608,연립다세대_전월세,(344-62),신대방동,344-62,28.96,,18000,30,3,5,2016,신규,26.09~28.09,,,,,
동작구,11590,사당동,202608,연립다세대_전월세,삼정,사당동,300-12,50.58,,3000,125,3,4,2013,신규,26.09~28.09,,,,,
동작구,11590,상도동,202608,연립다세대_전월세,반석주택,상도동,279-229,57.7,,12000,20,1,3,1996,신규,26.09~28.09,,,,,
동작구,11590,사당동,202608,연립다세대_전월세,천조스테이,사당동,419-66,11.35,,11900,0,4,3,2021,신규,26.09~28.09,,,,,
동작구,11590,상도동,202608,연립다세대_전월세,아너스힐2차,상도동,491-19,39.75,,2000,100,4,1,2014,신규,26.08~28.08,,,,,
동작구,11590,대방동,202608,연립다세대_전월세,제이타운,대방동,394-4,15.54,,1000,65,8,3,2016,신규,26.09~27.09,,,,,
동작구,11590,상도동,202608,연립다세대_전월세,광채빌라,상도동,335-155,31.14,,2997,31,3,4,2024,신규,26.08~28.10,,,,,
동작구,11590,신대방동,202608,연립다세대_전월세,100년숲,신대방동,366-162,29.59,,20000,20,2,3,2020,신규,26.09~28.09,,,,,
동작구,11590,사당동,202608,연립다세대_전월세,서안A,사당동,178-2,62.46,,500,30,2,4,1985,신규,26.08~28.08,,,,,
동작구,11590,상도동,202608,연립다세대_전월세,미소가A동(244-166),상도동,244-166,45.71,,30000,11,3,1,2017,갱신,26.08~28.08,30000.0,4.0,사용,,
동작구,11590,상도동,202608,연립다세대_전월세,서강파미에,상도동,279-440,65.27,,18000,0,2,3,2009,신규,26.08~28.08,,,,,
동작구,11590,상도동,202608,연립다세대_전월세,보성하이츠빌라,상도동,244-76,42.54,,13000,0,-1,1,1990,신규,26.09~28.09,,,,,
동작구,11590,신대방동,202608,연립다세대_전월세,드림타운빌,신대방동,367-65,51.9,,33600,2,5,2,2020,신규,26.10~28.10,,,,,
동작구,11590,대방동,202608,연립다세대_전월세,미리내씨티빌,대방동,391-24,50.72,,13000,65,4,2,1995,신규,26.10~28.10,,,,,
동작구,11590,대방동,202608,연립다세대_전월세,완희현당,대방동,387-9,15.8,,3000,45,3,3,2011,갱신,26.08~27.08,3000.0,45.0,,,
동작구,11590,상도동,202608,연립다세대_전월세,대동그린빌,상도동,264-173,75.45,,5000,100,3,3,2002,신규,26.09~28.09,,,,,
동작구,11590,상도동,202608,연립다세대_전월세,드림캐슬(33-6),상도동,33-6,51.38,,34000,0,4,3,2016,갱신,26.08~28.03,34000.0,,,,
동작구,11590,사당동,202608,연립다세대_전월세,아크로하임A동,사당동,316-289,52.26,,40000,0,2,3,2018,신규,26.09~28.09,,,,,
동작구,11590,사당동,202608,연립다세대_전월세,동남,사당동,220-123,44.88,,18600,0,2,1,1986,갱신,26.08~28.08,17800.0,,사용,,
동작구,11590,사당동,202608,연립다세대_전월세,사당빌라(1005-16),사당동,1005-16,61.5,,30000,0,4,1,2002,신규,26.08~27.02,,,,,
동작구,11590,대방동,202608,연립다세대_전월세,원노블레스,대방동,394-25,17.11,,11800,13,8,2,2015,갱신,26.08~28.08,11800.0,11.0,사용,,
동작구,11590,신대방동,202608,연립다세대_전월세,금성빌라7차,신대방동,366-181,61.22,,30000,0,1,1,1995,신규,26.10~28.10,,,,,
동작구,11590,상도1동,202608,연립다세대_전월세,영창하이츠빌라다,상도1동,328-21,78.92,,31700,0,3,3,1992,갱신,26.08~28.08,30700.0,,,,
동작구,11590,사당동,202608,연립다세대_전월세,(56-18),사당동,56-18,50.3,,24500,0,3,1,2004,신규,27.01~29.01,,,,,
동작구,11590,사당동,202608,아파트_전월세,삼익그린뷰,사당동,1150,59.1605,,20000,110,15,17,2003,,,,,,,
동작구,11590,신대방동,202608,아파트_전월세,신대방경남,신대방동,712,137.15,,78000,0,8,18,2003,,,,,,,
동작구,11590,상도동,202608,아파트_전월세,상도역롯데캐슬파크엘,상도동,904,84.9833,,65000,160,17,7,2021,,,,,,,
동작구,11590,흑석동,202608,아파트_전월세,롯데캐슬에듀포레,흑석동,340,59.8718,,54600,0,7,7,2018,,,,,,,
동작구,11590,사당동,202608,아파트_전월세,사당우성2,사당동,105,84.66,,74000,0,13,21,1993,신규,26.11~28.11,,,,,
동작구,11590,대방동,202608,아파트_전월세,대방1차e-편한세상,대방동,508,84.32,,90000,0,2,18,2003,신규,26.11~28.11,,,,,
동작구,11590,노량진동,202608,아파트_전월세,더클래식동작,노량진동,37-1,14.17,,4480,40,5,1,2020,갱신,26.10~28.10,4480.0,38.0,,,
동작구,11590,노량진동,202608,아파트_전월세,더클래식동작,노량진동,37-1,14.23,,5318,47,9,21,2020,갱신,26.10~28.10,5318.0,45.0,,,
동작구,11590,상도동,202608,아파트_전월세,e편한세상상도노빌리티,상도동,903,108.9843,,50000,84,3,21,2018,갱신,26.10~28.10,48000.0,80.0,사용,,
동작구,11590,사당동,202608,아파트_전월세,사당자이,사당동,1139,84.49,,20000,195,11,15,1999,신규,26.10~28.10,,,,,
동작구,11590,노량진동,202608,아파트_전월세,신동아리버파크,노량진동,325,84.88,,73000,0,18,21,2001,신규,26.11~28.11,,,,,
동작구,11590,흑석동,202608,아파트_전월세,흑석동양아파트,흑석동,328,84.99,,73000,0,6,21,2003,신규,26.09~28.09,,,,,
동작구,11590,흑석동,202608,아파트_전월세,흑석한강푸르지오,흑석동,336,84.98,,81900,0,9,14,2012,갱신,26.10~28.10,78000.0,,사용,,
동작구,11590,사당동,202608,아파트_전월세,삼호그린,사당동,1138,59.96,,5000,165,5,17,1999,신규,26.10~28.10,,,,,
동작구,11590,신대방동,202608,아파트_전월세,우성2차,신대방동,565-21,59.47,,50000,0,9,6,1995,신규,26.10~28.10,,,,,
동작구,11590,본동,202608,아파트_전월세,신동아,본동,481,59.89,,13000,88,12,20,1993,신규,26.08~28.08,,,,,
동작구,11590,사당동,202608,아파트_전월세,사당자이,사당동,1139,60,,33000,0,10,14,1999,신규,26.10~28.10,,,,,
동작구,11590,상도동,202608,아파트_전월세,이수브라운스톤상도(527-0),상도동,527,84.84,,78000,0,4,21,2007,갱신,26.12~28.12,63000.0,,,,
동작구,11590,흑석동,202608,아파트_전월세,흑석한강센트레빌Ⅱ,흑석동,339,146.487,,110250,0,17,21,2012,갱신,26.09~28.09,105000.0,,사용,,
동작구,11590,노량진동,202608,아파트_전월세,더써밋타워,노량진동,54-4,18.3,,7500,49,12,21,2024,신규,26.10~28.10,,,,,
동작구,11590,본동,202608,아파트_전월세,삼성래미안,본동,492,84.2261,,70000,0,12,20,2004,갱신,26.10~28.10,52000.0,60.0,,,
동작구,11590,상도동,202608,아파트_전월세,강남(488),상도동,488,43.74,,1000,80,3,14,1972,신규,26.08~28.08,,,,,
동작구,11590,상도동,202608,아파트_전월세,아이파크,상도동,416,114.83,,63000,0,5,21,2004,갱신,26.10~27.10,63000.0,,,,
동작구,11590,상도동,202608,아파트_전월세,힐스테이트 상도 센트럴파크,상도동,531,84.6099,,20000,280,10,20,2012,신규,26.10~28.10,,,,,
동작구,11590,노량진동,202608,아파트_전월세,더클래식동작,노량진동,37-1,14.17,,5318,47,9,20,2020,신규,26.10~28.10,,,,,
동작구,11590,노량진동,202608,아파트_전월세,우성,노량진동,323,59.82,,40000,40,5,14,1997,갱신,26.08~28.08,40000.0,20.0,,,
동작구,11590,흑석동,202608,아파트_전월세,명수대현대,흑석동,10,84.33,,50000,80,11,11,1988,신규,26.09~28.09,,,,,
동작구,11590,흑석동,202608,아파트_전월세,흑석동양아파트,흑석동,328,84.985,,71750,0,12,20,2003,갱신,26.09~28.09,70000.0,,사용,,
동작구,11590,대방동,202608,아파트_전월세,대림아파트,대방동,501,134.25,,71000,110,10,5,1993,갱신,26.09~28.09,71000.0,,,,
동작구,11590,사당동,202608,아파트_전월세,대성유니드,사당동,1155,84.96,,65500,0,3,19,2009,신규,26.09~28.09,,,,,
동작구,11590,흑석동,202608,아파트_전월세,한강현대,흑석동,28,114.44,,90000,0,7,20,1988,신규,26.11~28.11,,,,,
동작구,11590,사당동,202608,아파트_전월세,삼성아파트,사당동,1037-9,40.759,,2000,94,7,15,2006,갱신,26.10~28.10,2000.0,89.0,사용,,
동작구,11590,사당동,202608,아파트_전월세,래미안로이파크,사당동,1159,59.98,,80000,40,11,18,2018,신규,26.10~28.10,,,,,
동작구,11590,신대방동,202608,아파트_전월세,동작상떼빌,신대방동,719,128.61,,78000,0,20,5,2006,신규,26.08~28.11,,,,,
동작구,11590,노량진동,202608,아파트_전월세,신동아리버파크,노량진동,325,84.88,,60000,0,3,20,2001,갱신,26.08~28.09,34300.0,55.0,,,
동작구,11590,사당동,202608,아파트_전월세,래미안로이파크,사당동,1159,84.98,,10000,330,16,20,2018,갱신,26.08~28.08,10000.0,280.0,,,
동작구,11590,흑석동,202608,아파트_전월세,흑석리버파크자이,흑석동,343,84.96,,1000,120,16,11,2025,신규,26.08~28.08,,,,,
동작구,11590,상도동,202608,아파트_전월세,상도효성해링턴플레이스,상도동,536,59.9769,,36484,0,6,20,2016,갱신,26.09~28.08,34747.0,,,,
동작구,11590,상도동,202608,아파트_전월세,상도푸르지오클라베뉴,상도동,906,74.9953,,65000,0,1,20,2024,신규,26.10~28.10,,,,,
동작구,11590,사당동,202608,아파트_전월세,삼성래미안,사당동,1133,114.502,,40000,200,16,8,2003,신규,26.11~28.11,,,,,
동작구,11590,신대방동,202608,아파트_전월세,동작상떼빌,신대방동,719,84.98,,25000,180,17,20,2006,갱신,26.09~28.09,25000.0,150.0,,,
동작구,11590,흑석동,202608,아파트_전월세,흑석한강센트레빌,흑석동,335,59.95,,75000,60,4,20,2011,신규,26.09~28.09,,,,,
동작구,11590,노량진동,202608,아파트_전월세,신동아리버파크,노량진동,325,59.67,,30000,100,10,19,2001,신규,26.09~28.09,,,,,
동작구,11590,사당동,202608,아파트_전월세,사당자이,사당동,1139,59.89,,33000,55,3,15,1999,갱신,26.09~28.09,33000.0,10.0,,,
동작구,11590,사당동,202608,아파트_전월세,사당우성3,사당동,105,118.25,,15000,240,6,19,1993,신규,26.09~28.09,,,,,
동작구,11590,상도동,202608,아파트_전월세,힐스테이트 상도 프레스티지,상도동,533,84.951,,85000,0,12,8,2013,갱신,26.10~28.10,81000.0,,사용,,
동작구,11590,흑석동,202608,아파트_전월세,흑석한강푸르지오,흑석동,336,115.84,,70000,150,13,19,2012,신규,26.09~28.09,,,,,
동작구,11590,흑석동,202608,아파트_전월세,한강현대,흑석동,28,66.225,,20000,170,14,19,1988,신규,26.08~28.08,,,,,
동작구,11590,흑석동,202608,아파트_전월세,흑석한강센트레빌,흑석동,335,84.84,,3000,280,1,15,2011,신규,26.10~27.04,,,,,
동작구,11590,사당동,202608,아파트_전월세,삼성래미안,사당동,1133,114.502,,90000,0,5,13,2003,신규,26.11~28.12,,,,,
동작구,11590,흑석동,202608,아파트_전월세,흑석리버파크자이,흑석동,343,84.96,,73500,0,16,1,2025,갱신,26.08~28.08,70000.0,,사용,,
동작구,11590,사당동,202608,아파트_전월세,사당휴먼시아,사당동,1154,84.73,,40000,95,13,19,2009,갱신,26.10~28.10,35000.0,85.0,,,
동작구,11590,신대방동,202608,아파트_전월세,우성1차,신대방동,565,84.99,,50000,0,18,17,1988,신규,26.09~28.09,,,,,
동작구,11590,대방동,202608,아파트_전월세,골든노블레스,대방동,403-16,18.01,,5880,25,9,18,2023,갱신,26.11~28.11,5600.0,24.0,사용,,
동작구,11590,사당동,202608,아파트_전월세,사당롯데캐슬골든포레,사당동,1160,84.9824,,82000,0,11,8,2021,신규,26.10~28.10,,,,,
동작구,11590,상도동,202608,아파트_전월세,힐스테이트 상도 센트럴파크,상도동,531,84.6099,,90000,0,14,18,2012,신규,26.10~28.10,,,,,
동작구,11590,상도동,202608,아파트_전월세,현산푸른숲,상도동,126-32,82.6,,39000,30,4,18,2007,신규,26.09~28.09,,,,,
동작구,11590,신대방동,202608,아파트_전월세,경남교수,신대방동,710,113.93,,84000,0,17,5,2001,갱신,26.10~28.10,80000.0,,사용,,
동작구,11590,노량진동,202608,아파트_전월세,쌍용예가,노량진동,332,59.804,,65000,0,7,18,2010,갱신,26.08~28.02,60000.0,,,,
동작구,11590,노량진동,202608,아파트_전월세,더클래식동작,노량진동,37-1,31.77,,8581,85,8,18,2020,신규,26.10~28.10,,,,,
동작구,11590,대방동,202608,아파트_전월세,우정,대방동,505,59.89,,59000,0,17,17,1999,신규,26.10~28.10,,,,,
동작구,11590,본동,202608,아파트_전월세,삼성래미안,본동,492,59.9014,,45000,95,4,15,2004,신규,26.10~28.10,,,,,
동작구,11590,사당동,202608,아파트_전월세,삼성아파트,사당동,1037-9,40.759,,36200,0,9,17,2006,갱신,26.10~28.10,34500.0,,사용,,
동작구,11590,신대방동,202608,아파트_전월세,우성1차,신대방동,565,126.16,,30000,200,15,18,1988,신규,26.10~28.10,,,,,
동작구,11590,신대방동,202608,아파트_전월세,동작상떼빌,신대방동,719,84.98,,66000,0,5,18,2006,갱신,26.10~28.10,63000.0,,,,
동작구,11590,사당동,202608,아파트_전월세,극동(105),사당동,105,84.32,,62000,0,20,17,1993,신규,26.11~28.11,,,,,
동작구,11590,노량진동,202608,아파트_전월세,더클래식동작,노량진동,37-1,14.23,,5318,47,8,1,2020,갱신,26.10~28.10,5318.0,45.0,,,
동작구,11590,사당동,202608,아파트_전월세,극동(105),사당동,105,110.14,,70000,0,10,15,1993,갱신,26.09~28.09,62000.0,,,,
동작구,11590,동작동,202608,아파트_전월세,이수힐스테이트,동작동,333,84.9817,,100000,0,5,17,2013,갱신,26.10~28.10,94250.0,,,,
동작구,11590,흑석동,202608,아파트_전월세,롯데캐슬에듀포레,흑석동,340,84.9971,,90820,0,13,1,2018,신규,26.09~28.09,,,,,
동작구,11590,신대방동,202608,아파트_전월세,우성1차,신대방동,565,66.69,,20000,150,5,15,1988,신규,26.10~28.10,,,,,
동작구,11590,동작동,202608,아파트_전월세,이수교KCC스위첸,동작동,332,59.91,,70000,0,10,14,2006,신규,26.10~28.10,,,,,
동작구,11590,사당동,202608,아파트_전월세,극동(105),사당동,105,59.25,,40000,15,9,17,1993,신규,26.09~28.09,,,,,
동작구,11590,흑석동,202608,아파트_전월세,우리유앤미,흑석동,329,59.6618,,39000,90,3,18,2003,신규,26.09~27.05,,,,,
동작구,11590,흑석동,202608,아파트_전월세,흑석리버파크자이,흑석동,343,120.43,,120000,0,4,17,2025,신규,26.10~28.10,,,,,
동작구,11590,상도동,202608,아파트_전월세,상도역롯데캐슬파크엘,상도동,904,74.9587,,20000,300,12,17,2021,신규,26.08~28.08,,,,,
동작구,11590,신대방동,202608,아파트_전월세,현대,신대방동,707,84.57,,20000,200,15,11,1996,신규,26.09~28.10,,,,,
동작구,11590,대방동,202608,아파트_전월세,대림아파트,대방동,501,84.92,,25000,165,8,15,1993,신규,26.11~28.11,,,,,
동작구,11590,흑석동,202608,아파트_전월세,아크로리버하임,흑석동,341,113.2377,,130000,280,17,14,2019,신규,26.09~28.09,,,,,
동작구,11590,사당동,202608,아파트_전월세,사당롯데캐슬골든포레,사당동,1160,84.984,,2850,60,5,15,2021,갱신,26.11~28.11,2000.0,60.0,,,
동작구,11590,본동,202608,아파트_전월세,신동아,본동,481,104.7,,54000,0,6,15,1993,갱신,26.09~28.09,52000.0,,,,
동작구,11590,노량진동,202608,아파트_전월세,메가스터디타워,노량진동,57-1,16.01,,1000,75,13,10,2015,신규,26.09~27.09,,,,,
동작구,11590,사당동,202608,아파트_전월세,삼성래미안,사당동,1133,84.967,,66150,0,15,18,2003,갱신,26.10~28.10,63000.0,,사용,,
동작구,11590,사당동,202608,아파트_전월세,사당롯데캐슬골든포레,사당동,1160,84.9824,,76398,0,17,15,2021,갱신,26.10~28.10,72760.0,,사용,,
동작구,11590,대방동,202608,아파트_전월세,골든노블레스,대방동,403-16,18.01,,2761,12,4,18,2023,신규,26.08~28.09,,,,,
동작구,11590,노량진동,202608,아파트_전월세,더클래식동작,노량진동,37-1,14.17,,4480,40,6,18,2020,신규,26.10~28.10,,,,,
동작구,11590,노량진동,202608,아파트_전월세,더클래식동작,노량진동,37-1,14.23,,4480,40,3,1,2020,갱신,26.10~28.10,4480.0,38.0,,,
동작구,11590,상도동,202608,아파트_전월세,힐스테이트 상도 센트럴파크,상도동,531,84.7835,,93000,0,7,15,2012,신규,26.10~28.10,,,,,
동작구,11590,상도동,202608,아파트_전월세,포스코더샵,상도동,521,59.96,,70000,20,3,15,2007,신규,26.11~28.11,,,,,
동작구,11590,상도동,202608,아파트_전월세,씨티아모리움,상도동,532,14.1881,,2000,67,7,15,2012,신규,26.08~28.08,,,,,
동작구,11590,상도동,202608,아파트_전월세,래미안상도3차,상도동,431,59.97,,66000,0,5,15,2004,갱신,26.10~28.10,63000.0,,사용,,
동작구,11590,사당동,202608,아파트_전월세,사당롯데캐슬골든포레,사당동,1160,84.9857,,78500,0,18,15,2021,갱신,26.09~28.09,75000.0,,사용,,
동작구,11590,사당동,202608,아파트_전월세,사당우성3,사당동,105,84.66,,80000,0,2,17,1993,신규,26.09~28.09,,,,,
동작구,11590,상도동,202608,아파트_전월세,상도푸르지오클라베뉴,상도동,906,84.6246,,69000,0,8,17,2024,갱신,26.08~28.08,66000.0,,사용,,
동작구,11590,사당동,202608,아파트_전월세,대림(169-8),사당동,169-8,84.91,,56700,0,9,14,1990,갱신,26.09~28.09,54000.0,,사용,,
동작구,11590,신대방동,202608,아파트_전월세,보라매자이더포레스트,신대방동,724,59.8807,,84000,0,36,14,2021,신규,26.10~28.10,,,,,
동작구,11590,상도동,202608,아파트_전월세,현대(관악),상도동,407,58.59,,48000,0,15,15,1992,신규,26.11~28.11,,,,,
동작구,11590,대방동,202608,아파트_전월세,대림아파트,대방동,501,59.84,,18000,190,7,6,1993,신규,26.09~28.09,,,,,
동작구,11590,사당동,202608,아파트_전월세,신동아4,사당동,105,46.75,,30000,80,13,15,1993,신규,26.09~28.09,,,,,
동작구,11590,대방동,202608,아파트_전월세,주공2,대방동,503,58.65,,5000,210,7,8,1995,신규,26.10~28.09,,,,,
동작구,11590,흑석동,202608,아파트_전월세,흑석동양아파트,흑석동,328,84.991,,69000,0,2,15,2003,갱신,26.10~28.10,66000.0,,사용,,
동작구,11590,흑석동,202608,아파트_전월세,흑석한강푸르지오,흑석동,336,59.84,,68250,0,6,13,2012,갱신,26.09~28.09,65000.0,,사용,,
동작구,11590,상도동,202608,아파트_전월세,상도파크자이,상도동,900,71.252,,90000,0,5,14,2016,신규,26.10~28.10,,,,,
동작구,11590,본동,202608,아파트_전월세,경동윈츠리버,본동,484,56.68,,52500,0,13,10,2004,갱신,26.10~28.10,50000.0,,사용,,
동작구,11590,사당동,202608,아파트_전월세,래미안로이파크,사당동,1159,84.98,,20000,300,9,12,2018,갱신,26.08~28.08,20000.0,280.0,사용,,
동작구,11590,상도동,202608,아파트_전월세,상도두산위브,상도동,529,84.99,,72000,0,2,14,2010,갱신,26.09~28.09,66000.0,,,,
동작구,11590,상도동,202608,아파트_전월세,상도팰리스,상도동,460,84.86,,66500,0,8,14,2006,갱신,26.09~28.09,63500.0,,사용,,
동작구,11590,흑석동,202608,아파트_전월세,청호,흑석동,327,33.84,,1188,12,6,14,1997,갱신,26.09~28.08,1188.0,12.0,,,
동작구,11590,흑석동,202608,아파트_전월세,명수대현대,흑석동,10,78.18,,65000,0,3,8,1988,갱신,26.08~28.08,59000.0,,,,
동작구,11590,사당동,202608,아파트_전월세,극동(105),사당동,105,51.57,,42450,0,8,11,1993,갱신,26.09~28.09,40450.0,,,,
동작구,11590,노량진동,202608,아파트_전월세,더클래식동작,노량진동,37-1,14.23,,5318,47,16,1,2020,갱신,26.10~28.10,5318.0,45.0,,,
동작구,11590,상도동,202608,아파트_전월세,상도역롯데캐슬파크엘,상도동,904,74.9587,,90000,0,8,13,2021,신규,26.11~28.11,,,,,
동작구,11590,상도동,202608,아파트_전월세,상도푸르지오클라베뉴,상도동,906,84.6246,,77700,0,12,11,2024,갱신,26.10~28.09,74000.0,,사용,,
동작구,11590,사당동,202608,아파트_전월세,사당자이,사당동,1139,114.94,,21000,182,12,13,1999,갱신,26.08~28.08,21000.0,170.0,,,
동작구,11590,사당동,202608,아파트_전월세,반석블레스,사당동,1158,59.86,,48000,0,4,12,2016,신규,26.08~28.08,,,,,
동작구,11590,흑석동,202608,아파트_전월세,흑석한강푸르지오,흑석동,336,84.98,,53700,100,11,8,2012,갱신,26.09~28.09,50000.0,100.0,,,
동작구,11590,사당동,202608,아파트_전월세,신동아4,사당동,105,118.25,,78750,0,2,14,1993,갱신,26.09~28.09,75000.0,,사용,,
동작구,11590,사당동,202608,아파트_전월세,사당롯데캐슬골든포레,사당동,1160,84.9787,,78200,0,11,12,2021,갱신,26.10~28.10,74500.0,,사용,,
동작구,11590,노량진동,202608,아파트_전월세,더클래식동작,노량진동,37-1,14.23,,4480,40,5,1,2020,갱신,26.10~28.10,4480.0,38.0,,,
동작구,11590,신대방동,202608,아파트_전월세,한성아파트,신대방동,470-8,84.99,,51000,0,9,11,1995,갱신,26.08~28.08,49000.0,,,,
동작구,11590,신대방동,202608,아파트_전월세,동작협성휴포레시그니처,신대방동,686-48,84.9869,,78700,0,24,1,2022,갱신,26.09~28.09,75000.0,,,,
동작구,11590,상도동,202608,아파트_전월세,세레노,상도동,126-17,90.46,,37000,0,-1,12,2003,신규,26.10~28.10,,,,,
동작구,11590,흑석동,202608,아파트_전월세,청호,흑석동,327,33.84,,2517,5,4,13,1997,갱신,26.09~28.08,1201.0,12.0,,,
동작구,11590,사당동,202608,아파트_전월세,사당자이,사당동,1139,114.94,,10000,240,13,11,1999,신규,26.09~28.09,,,,,
동작구,11590,흑석동,202608,아파트_전월세,명수대현대,흑석동,10,78.07,,68000,0,11,13,1988,갱신,26.10~28.10,65000.0,,사용,,
동작구,11590,사당동,202608,아파트_전월세,극동(105),사당동,105,109.7,,70000,0,18,13,1993,신규,26.10~28.10,,,,,
동작구,11590,상도동,202608,아파트_전월세,상도역롯데캐슬파크엘,상도동,904,74.9853,,80000,40,15,12,2021,신규,26.10~28.10,,,,,
동작구,11590,대방동,202608,아파트_전월세,올리브빌딩,대방동,405-8,15.98,,5000,58,7,12,2018,신규,26.09~27.09,,,,,
동작구,11590,흑석동,202608,아파트_전월세,흑석동양아파트,흑석동,328,84.985,,50000,93,7,12,2003,갱신,26.08~28.08,50000.0,80.0,사용,,
동작구,11590,사당동,202608,아파트_전월세,사당롯데캐슬골든포레,사당동,1160,59.9908,,40000,140,4,12,2021,신규,26.11~28.11,,,,,
동작구,11590,상도동,202608,아파트_전월세,건영,상도동,414,32.8,,32500,0,10,11,1997,갱신,26.09~28.09,31000.0,,사용,,
동작구,11590,사당동,202608,아파트_전월세,스타팰리스이수,사당동,1008-1,36.07,,11900,108,9,10,2026,신규,26.08~28.08,,,,,
동작구,11590,노량진동,202608,아파트_전월세,더클래식동작,노량진동,37-1,31.77,,11442,73,9,12,2020,신규,26.10~28.10,,,,,
동작구,11590,대방동,202608,아파트_전월세,주공2,대방동,503,59.97,,33600,63,6,11,1995,갱신,26.10~28.09,32000.0,60.0,사용,,
동작구,11590,사당동,202608,아파트_전월세,스타팰리스이수,사당동,1008-1,36.07,,19900,77,14,3,2026,신규,26.09~28.09,,,,,
동작구,11590,노량진동,202608,아파트_전월세,더써밋타워,노량진동,54-4,19.58,,10000,44,17,12,2024,신규,26.10~28.10,,,,,
동작구,11590,상도동,202608,아파트_전월세,포스코더샵,상도동,521,84.992,,75000,50,6,1,2007,신규,26.09~28.09,,,,,
동작구,11590,상도동,202608,아파트_전월세,상도푸르지오클라베뉴,상도동,906,84.6246,,73500,0,14,6,2024,갱신,26.10~28.11,70000.0,,사용,,
동작구,11590,상도동,202608,아파트_전월세,삼성래미안2,상도동,421,84.796,,70000,0,15,7,2003,신규,26.10~28.10,,,,,
동작구,11590,상도동,202608,아파트_전월세,상도푸르지오클라베뉴,상도동,906,74.9953,,20000,187,13,7,2024,갱신,26.09~28.09,20000.0,175.0,사용,,
동작구,11590,노량진동,202608,아파트_전월세,더클래식동작,노량진동,37-1,14.17,,5318,47,8,1,2020,갱신,26.10~28.10,5318.0,45.0,,,
동작구,11590,노량진동,202608,아파트_전월세,필하우스(OH빌딩),노량진동,56-14,12.0378,,2000,49,7,7,2012,신규,26.08~27.08,,,,,
동작구,11590,신대방동,202608,아파트_전월세,한성아파트,신대방동,470-8,59.87,,48600,0,9,11,1995,갱신,26.09~28.09,46300.0,,,,
동작구,11590,본동,202608,아파트_전월세,한강쌍용,본동,150,59.64,,65000,0,8,11,1999,신규,26.09~28.09,,,,,
동작구,11590,노량진동,202608,아파트_전월세,삼익,노량진동,330,84.68,,47000,70,12,11,2001,갱신,26.09~28.09,47000.0,,,,
동작구,11590,노량진동,202608,아파트_전월세,힐스테이트장승배기역,노량진동,336,44.9208,,70000,0,12,1,2026,신규,26.10~28.10,,,,,
동작구,11590,상도동,202608,아파트_전월세,e편한세상상도노빌리티,상도동,903,84.9704,,84000,84,22,8,2018,갱신,26.10~28.10,80000.0,80.0,사용,,
동작구,11590,상도동,202608,아파트_전월세,상도역롯데캐슬파크엘,상도동,904,84.9833,,65000,160,17,7,2021,신규,26.10~29.01,,,,,
동작구,11590,사당동,202608,아파트_전월세,사당우성3,사당동,105,46.75,,46000,0,15,10,1993,신규,26.09~28.09,,,,,
동작구,11590,흑석동,202608,아파트_전월세,아크로리버하임,흑석동,341,84.9184,,120000,0,6,10,2019,신규,26.10~28.10,,,,,
동작구,11590,본동,202608,아파트_전월세,한강쌍용,본동,150,114.18,,79000,0,3,8,1999,신규,26.10~28.10,,,,,
동작구,11590,상도동,202608,아파트_전월세,이수브라운스톤상도(527-0),상도동,527,59.94,,65800,0,14,6,2007,갱신,26.09~28.09,63000.0,,사용,,
동작구,11590,사당동,202608,아파트_전월세,사당롯데캐슬골든포레,사당동,1160,84.9824,,68250,42,16,8,2021,갱신,26.11~28.11,65000.0,40.0,사용,,
동작구,11590,노량진동,202608,아파트_전월세,형인한강,노량진동,331,76.05,,52500,0,4,8,2001,갱신,26.08~28.08,50000.0,,사용,,
동작구,11590,흑석동,202608,아파트_전월세,흑석한강센트레빌Ⅱ,흑석동,339,59.966,,57330,11,11,10,2012,갱신,26.09~28.09,57330.0,,사용,,
동작구,11590,흑석동,202608,아파트_전월세,흑석리버파크자이,흑석동,343,59.93,,82950,0,3,8,2025,갱신,26.08~28.08,79000.0,,사용,,
동작구,11590,노량진동,202608,아파트_전월세,더클래식동작,노량진동,37-1,16.25,,5022,43,13,10,2020,갱신,26.10~28.10,5022.0,41.0,,,
동작구,11590,상도동,202608,아파트_전월세,중앙하이츠빌,상도동,415,84.9883,,73000,0,12,8,2003,신규,26.11~28.11,,,,,
동작구,11590,사당동,202608,아파트_전월세,이수푸르지오더프레티움,사당동,1161,84.9243,,50000,220,10,9,2021,신규,26.10~28.10,,,,,
동작구,11590,상도동,202608,아파트_전월세,상도동삼호아파트,상도동,408,84.52,,60000,0,6,8,1994,신규,26.09~28.09,,,,,
동작구,11590,노량진동,202608,아파트_전월세,신동아리버파크,노량진동,325,84.88,,67200,0,5,8,2001,갱신,26.08~28.08,64000.0,,사용,,
동작구,11590,노량진동,202608,아파트_전월세,신동아리버파크,노량진동,325,84.88,,45000,100,23,7,2001,신규,26.10~28.10,,,,,
동작구,11590,사당동,202608,아파트_전월세,극동(105),사당동,105,59.25,,50000,0,8,8,1993,신규,26.09~28.09,,,,,
동작구,11590,동작동,202608,아파트_전월세,이수스위첸포레힐즈,동작동,102,59.96,,45000,150,11,8,2022,신규,26.09~28.09,,,,,
동작구,11590,사당동,202608,아파트_전월세,신동아4,사당동,105,84.46,,50000,90,8,8,1993,갱신,26.09~28.09,50000.0,70.0,,,
동작구,11590,흑석동,202608,아파트_전월세,명수대현대,흑석동,10,112.29,,52500,137,10,10,1988,갱신,26.09~28.09,50000.0,130.0,사용,,
동작구,11590,사당동,202608,아파트_전월세,극동(105),사당동,105,59.25,,57500,0,14,9,1993,신규,26.09~28.09,,,,,
동작구,11590,노량진동,202608,아파트_전월세,더클래식동작,노량진동,37-1,16.25,,5022,43,3,10,2020,갱신,26.10~28.10,5022.0,41.0,,,
동작구,11590,사당동,202608,아파트_전월세,래미안로이파크,사당동,1159,84.98,,96600,0,14,6,2018,갱신,26.08~28.08,92000.0,,사용,,
동작구,11590,사당동,202608,아파트_전월세,사당휴먼시아,사당동,1154,59.96,,52000,0,6,9,2009,갱신,26.09~28.09,49000.0,,,,
동작구,11590,신대방동,202608,아파트_전월세,롯데낙천대,신대방동,713,55.4561,,43758,0,1,10,2003,갱신,26.11~28.11,41674.0,,사용,,
동작구,11590,대방동,202608,아파트_전월세,우정,대방동,505,84.6,,65000,55,19,7,1999,신규,26.11~28.11,,,,,
동작구,11590,상도동,202608,아파트_전월세,상도파크자이,상도동,900,84.918,,90000,0,18,4,2016,신규,26.11~28.11,,,,,
동작구,11590,상도동,202608,아파트_전월세,건영,상도동,414,32.8,,2000,117,2,8,1997,갱신,26.10~28.10,2000.0,111.0,사용,,
동작구,11590,상도동,202608,아파트_전월세,포스코더샵,상도동,521,59.99,,73000,0,12,8,2007,신규,26.10~28.10,,,,,
동작구,11590,대방동,202608,아파트_전월세,주공2,대방동,503,58.65,,5000,210,7,8,1995,신규,26.10~28.10,,,,,
동작구,11590,노량진동,202608,아파트_전월세,신동아리버파크,노량진동,325,84.88,,30000,160,3,8,2001,신규,26.10~28.10,,,,,
동작구,11590,노량진동,202608,아파트_전월세,우성,노량진동,323,84.96,,70000,0,10,8,1997,신규,26.10~28.10,,,,,
동작구,11590,신대방동,202608,아파트_전월세,보라매자이더포레스트,신대방동,724,59.9278,,72450,0,33,6,2021,갱신,26.09~28.09,69000.0,,사용,,
동작구,11590,본동,202608,아파트_전월세,삼성래미안,본동,492,59.9014,,10000,200,14,1,2004,신규,26.08~28.08,,,,,
동작구,11590,노량진동,202608,아파트_전월세,필하우스(OH빌딩),노량진동,56-14,12.0378,,2000,49,7,7,2012,신규,26.08~27.08,,,,,
동작구,11590,본동,202608,아파트_전월세,신동아,본동,481,84.46,,58000,0,5,8,1993,신규,26.11~28.11,,,,,
동작구,11590,사당동,202608,아파트_전월세,사당우성3,사당동,105,46.75,,10000,106,6,8,1993,갱신,26.08~28.08,10000.0,100.0,사용,,
동작구,11590,사당동,202608,아파트_전월세,사당우성2,사당동,105,46.75,,45000,0,7,9,1993,신규,26.09~28.09,,,,,
동작구,11590,상도동,202608,아파트_전월세,상도역롯데캐슬파크엘,상도동,904,59.9851,,68000,0,9,9,2021,신규,26.11~28.02,,,,,
동작구,11590,노량진동,202608,아파트_전월세,신동아리버파크,노량진동,325,59.67,,20000,130,21,8,2001,신규,26.10~28.10,,,,,
동작구,11590,흑석동,202608,아파트_전월세,한강현대,흑석동,28,114.44,,71400,0,1,8,1988,갱신,26.11~28.11,68000.0,,사용,,
동작구,11590,신대방동,202608,아파트_전월세,보라매파크빌,신대방동,711,84.84,,61000,35,8,8,2002,갱신,26.10~28.10,50000.0,65.0,,,
동작구,11590,사당동,202608,아파트_전월세,신동아4,사당동,105,46.75,,44000,8,2,6,1993,갱신,26.08~28.08,44000.0,,,,
동작구,11590,노량진동,202608,아파트_전월세,신동아리버파크,노량진동,325,114.75,,71400,0,2,7,2001,갱신,26.10~28.10,68000.0,,사용,,
동작구,11590,노량진동,202608,아파트_전월세,더써밋타워,노량진동,54-4,17.84,,9200,40,9,7,2024,신규,26.10~28.10,,,,,
동작구,11590,노량진동,202608,아파트_전월세,우성,노량진동,323,84.96,,64000,0,11,7,1997,갱신,26.09~28.09,64000.0,,사용,,
동작구,11590,상도동,202608,아파트_전월세,현대(관악),상도동,407,84.78,,30000,80,3,7,1992,갱신,26.10~28.10,30000.0,60.0,,,
동작구,11590,신대방동,202608,아파트_전월세,골드타워,신대방동,351-5,19.423,,7800,27,4,7,2025,신규,26.11~28.11,,,,,
동작구,11590,흑석동,202608,아파트_전월세,흑석동양아파트,흑석동,328,59.511,,44600,40,15,7,2003,갱신,26.09~28.09,42000.0,40.0,,,
동작구,11590,신대방동,202608,아파트_전월세,골드타워,신대방동,351-5,36.001,,7700,73,14,7,2025,신규,26.10~28.10,,,,,
동작구,11590,흑석동,202608,아파트_전월세,흑석리버파크자이,흑석동,343,59.93,,79800,0,3,5,2025,갱신,26.08~28.08,76000.0,,사용,,
동작구,11590,본동,202608,아파트_전월세,래미안트윈파크,본동,494,115.5,,105000,0,4,4,2011,신규,26.10~28.10,,,,,
동작구,11590,노량진동,202608,아파트_전월세,더클래식동작,노량진동,37-1,16.25,,5967,48,18,7,2020,신규,26.08~28.08,,,,,
동작구,11590,사당동,202608,아파트_전월세,두산위브트레지움,사당동,1131,84.422,,88200,0,8,1,2011,갱신,26.09~28.09,84000.0,,사용,,
동작구,11590,신대방동,202608,아파트_전월세,보라매파크빌,신대방동,711,84.79,,83000,0,15,7,2002,갱신,26.09~28.09,71000.0,,,,
동작구,11590,대방동,202608,아파트_전월세,진성마블로스,대방동,394-2,14.4,,500,50,7,1,2011,갱신,26.08~28.07,500.0,51.0,,,
동작구,11590,본동,202608,아파트_전월세,신동아,본동,481,46.75,,35000,0,8,7,1993,신규,26.09~28.09,,,,,
동작구,11590,노량진동,202608,아파트_전월세,신동아리버파크,노량진동,325,84.88,,55000,50,16,6,2001,신규,26.10~28.10,,,,,
동작구,11590,흑석동,202608,아파트_전월세,롯데캐슬에듀포레,흑석동,340,59.8718,,78500,0,21,6,2018,신규,26.12~28.12,,,,,
동작구,11590,흑석동,202608,아파트_전월세,흑석리버파크자이,흑석동,343,59.76,,60000,180,5,6,2025,신규,26.10~28.10,,,,,
동작구,11590,사당동,202608,아파트_전월세,사당우성2,사당동,105,46.75,,45000,0,13,6,1993,갱신,26.09~28.09,43000.0,,사용,,
동작구,11590,상도동,202608,아파트_전월세,상도현대,상도동,412,84.97,,50000,0,9,6,2003,갱신,26.09~28.09,50000.0,,사용,,
동작구,11590,사당동,202608,아파트_전월세,삼성,사당동,1140,84.86,,65000,0,11,6,1999,신규,26.09~28.02,,,,,
동작구,11590,신대방동,202608,아파트_전월세,우성2차,신대방동,565-21,59.47,,15000,105,7,6,1995,갱신,26.09~28.09,15000.0,89.0,,,
동작구,11590,상도동,202608,아파트_전월세,힐스테이트 상도 프레스티지,상도동,533,84.951,,84000,0,6,5,2013,갱신,26.09~28.09,80000.0,,사용,,
동작구,11590,신대방동,202608,아파트_전월세,한성아파트,신대방동,470-8,59.87,,10000,140,5,4,1995,갱신,26.08~28.08,10000.0,125.0,,,
동작구,11590,흑석동,202608,아파트_전월세,한강현대,흑석동,28,83.475,,50000,0,9,6,1988,신규,26.10~28.10,,,,,
동작구,11590,상도동,202608,아파트_전월세,상도동래미안1차,상도동,450,59.828,,65000,0,10,1,2004,신규,26.10~28.10,,,,,
동작구,11590,대방동,202608,아파트_전월세,주공2,대방동,503,58.65,,10000,170,3,1,1995,신규,26.11~28.11,,,,,
동작구,11590,상도동,202608,아파트_전월세,힐스테이트 상도 센트럴파크,상도동,531,118.2086,,128000,0,9,5,2012,신규,26.12~28.12,,,,,
동작구,11590,사당동,202608,아파트_전월세,대림(169-8),사당동,169-8,84.91,,60000,0,1,5,1990,신규,26.10~28.10,,,,,
동작구,11590,흑석동,202608,아파트_전월세,롯데캐슬에듀포레,흑석동,340,84.9912,,104000,0,16,5,2018,신규,26.08~28.08,,,,,
동작구,11590,대방동,202608,아파트_전월세,신일해피트리,대방동,510,59.8165,,61000,0,7,1,2005,신규,26.10~28.10,,,,,
동작구,11590,사당동,202608,아파트_전월세,신동아4,사당동,105,59.89,,33000,100,12,4,1993,신규,26.09~28.09,,,,,
동작구,11590,사당동,202608,아파트_전월세,사당우성3,사당동,105,46.75,,41000,0,12,5,1993,갱신,26.08~28.08,40400.0,,,,
동작구,11590,노량진동,202608,아파트_전월세,우성,노량진동,323,59.82,,48300,0,2,4,1997,갱신,26.09~28.09,46000.0,,사용,,
동작구,11590,흑석동,202608,아파트_전월세,우리유앤미,흑석동,329,59.9404,,30000,100,8,1,2003,신규,26.11~28.11,,,,,
동작구,11590,대방동,202608,아파트_전월세,아데나339,대방동,515,15.36,,1000,65,2,1,2012,신규,26.08~27.08,,,,,
동작구,11590,흑석동,202608,아파트_전월세,흑석한강센트레빌Ⅱ,흑석동,339,59.966,,85000,0,9,1,2012,갱신,26.09~28.09,75000.0,,,,
동작구,11590,노량진동,202608,아파트_전월세,더써밋타워,노량진동,54-4,34.46,,26500,33,21,4,2024,갱신,26.08~28.08,26500.0,33.0,,,
동작구,11590,노량진동,202608,아파트_전월세,더클래식동작,노량진동,37-1,16.25,,5967,51,10,3,2020,갱신,26.10~28.10,5967.0,49.0,,,
동작구,11590,사당동,202608,아파트_전월세,사당우성2,사당동,105,84.66,,66150,0,13,1,1993,갱신,26.09~28.09,63000.0,,사용,,
동작구,11590,상도동,202608,아파트_전월세,힐스테이트 상도 프레스티지,상도동,533,84.953,,84000,0,6,4,2013,갱신,26.10~28.10,80000.0,,사용,,
동작구,11590,사당동,202608,아파트_전월세,신동아4,사당동,105,59.89,,63000,0,15,3,1993,신규,26.11~28.11,,,,,
동작구,11590,상도동,202608,아파트_전월세,이수브라운스톤상도(527-0),상도동,527,84.99,,40000,130,6,4,2007,갱신,26.08~28.08,40000.0,120.0,,,
동작구,11590,사당동,202608,아파트_전월세,현대,사당동,169-32,59.96,,50000,0,2,3,1991,갱신,26.10~28.10,49000.0,,사용,,
동작구,11590,상도동,202608,아파트_전월세,상도동래미안1차,상도동,450,59.828,,65000,0,10,1,2004,신규,26.10~28.10,,,,,
동작구,11590,흑석동,202608,아파트_전월세,롯데캐슬에듀포레,흑석동,340,39.7899,,3130,17,7,4,2018,신규,26.08~28.10,,,,,
동작구,11590,노량진동,202608,아파트_전월세,신동아리버파크,노량진동,325,59.67,,58000,0,16,1,2001,신규,26.09~28.09,,,,,
동작구,11590,사당동,202608,아파트_전월세,두산위브트레지움,사당동,1131,84.422,,95000,0,22,1,2011,갱신,26.08~28.08,92000.0,,사용,,
동작구,11590,흑석동,202608,아파트_전월세,흑석리버파크자이,흑석동,343,84.94,,94500,0,2,3,2025,갱신,26.08~28.08,90000.0,,사용,,
동작구,11590,상도동,202608,아파트_전월세,상도더샵2차,상도동,534,84.99,,71000,0,3,1,2014,갱신,26.10~28.10,68500.0,,사용,,
동작구,11590,흑석동,202608,아파트_전월세,청호,흑석동,327,59.85,,45000,0,2,1,1997,신규,26.09~28.09,,,,,
동작구,11590,신대방동,202608,아파트_전월세,보라매우성,신대방동,706,59.16,,47000,0,19,1,1995,신규,26.09~28.09,,,,,
동작구,11590,사당동,202608,아파트_전월세,래미안로이파크,사당동,1159,84.98,,105000,0,19,3,2018,신규,26.10~28.10,,,,,
동작구,11590,대방동,202608,아파트_전월세,올리브빌딩,대방동,405-8,15.96,,5000,56,8,3,2018,갱신,26.08~27.08,5000.0,53.0,사용,,
동작구,11590,상도동,202608,아파트_전월세,상도휴엔하임,상도동,363-164,14.7,,1000,65,8,3,2016,신규,26.08~26.12,,,,,
동작구,11590,신대방동,202608,아파트_전월세,보라매자이더포레스트,신대방동,724,59.9278,,73000,0,25,3,2021,갱신,26.10~28.10,70000.0,,사용,,
동작구,11590,흑석동,202608,아파트_전월세,흑석한강센트레빌,흑석동,335,114.83,,110250,0,4,1,2011,갱신,26.10~28.10,105000.0,,사용,,
동작구,11590,본동,202608,아파트_전월세,신동아,본동,481,46.75,,10000,100,5,1,1993,신규,26.09~28.04,,,,,
동작구,11590,대방동,202608,아파트_전월세,주공2,대방동,503,58.65,,55000,0,2,3,1995,신규,26.11~28.11,,,,,
동작구,11590,노량진동,202608,아파트_전월세,더클래식동작,노량진동,37-1,31.77,,8000,81,11,1,2020,갱신,26.10~28.10,8000.0,78.0,,,
동작구,11590,사당동,202608,아파트_전월세,사당우성2,사당동,105,84.66,,55000,50,3,1,1993,신규,26.09~28.09,,,,,
동작구,11590,대방동,202608,아파트_전월세,대방1차e-편한세상,대방동,508,84.32,,10000,241,18,1,2003,갱신,26.09~28.09,10000.0,230.0,사용,,
동작구,11590,상도동,202608,아파트_전월세,e편한세상상도노빌리티,상도동,903,84.9704,,102000,0,20,2,2018,갱신,26.08~28.10,90000.0,,,,
동작구,11590,신대방동,202608,오피스텔_매매,신라스테이해링턴타워,신대방동,698,20.34,15000,,,5,14,2015,,,,,,중개거래,
동작구,11590,신대방동,202608,오피스텔_매매,동작상떼빌,신대방동,719,41.48,26700,,,11,10,2006,,,,,,중개거래,
동작구,11590,신대방동,202608,오피스텔_매매,디앤씨타워,신대방동,342-15,35.02,33500,,,5,3,2020,,,,,,중개거래,
동작구,11590,상도1동,202608,연립다세대_매매,필하우스2차,상도1동,244-2,29.83,30500,,,2,8,2020,,,,,,중개거래,
동작구,11590,상도동,202608,연립다세대_매매,중앙빌라,상도동,256-57,62.25,30000,,,2,19,1994,,,,,,직거래,
동작구,11590,대방동,202608,연립다세대_매매,영화아트빌라5,대방동,13-115,42.06,169000,,,2,12,1990,,,,,,중개거래,
동작구,11590,사당동,202608,연립다세대_매매,상민맨션,사당동,278-73,37.68,28000,,,2,11,2002,,,,,,중개거래,
동작구,11590,흑석동,202608,연립다세대_매매,중앙파크빌(191-3),흑석동,191-3,41.59,60000,,,4,14,2015,,,,,,중개거래,
동작구,11590,상도동,202608,연립다세대_매매,상원빌아트,상도동,22-117,41.05,18000,,,2,4,2002,,,,,,직거래,
동작구,11590,상도동,202608,연립다세대_매매,태성빌라트,상도동,279-209,71.4,61000,,,3,12,2001,,,,,,직거래,
동작구,11590,상도동,202608,연립다세대_매매,미소가25차A동,상도동,244-255,47.68,95000,,,2,8,2017,,,,,,중개거래,
동작구,11590,사당동,202608,연립다세대_매매,예지현빌Ⅱ,사당동,419-88,29.91,38500,,,3,5,2017,,,,,,직거래,
동작구,11590,사당동,202608,연립다세대_매매,예지현빌Ⅱ,사당동,419-88,28.08,36000,,,5,6,2017,,,,,,직거래,
동작구,11590,사당동,202608,연립다세대_매매,화원빌라A,사당동,235-78,47.4,41250,,,2,1,1986,,,,,,중개거래,
동작구,11590,상도동,202608,연립다세대_매매,유성주택(279-203),상도동,279-203,58.8,100000,,,1,10,1997,,,,,,중개거래,
동작구,11590,상도동,202608,연립다세대_매매,한빛하우스1동,상도동,335-226,67.87,68000,,,1,8,2003,,,,,,중개거래,
동작구,11590,상도동,202608,연립다세대_매매,두성쉐르빌(301-177),상도동,301-177,82.8,61500,,,2,9,2001,,,,,,중개거래,
동작구,11590,상도1동,202608,연립다세대_매매,상도뜰안애,상도1동,324-3,29.77,24961,,,1,7,2023,,,,,,직거래,
동작구,11590,상도1동,202608,연립다세대_매매,상도뜰안애,상도1동,324-3,29.45,26500,,,1,7,2023,,,,,,직거래,
동작구,11590,상도동,202608,연립다세대_매매,효성하이츠빌,상도동,279-210,56.51,85000,,,4,5,2001,,,,,,중개거래,
동작구,11590,사당동,202608,연립다세대_매매,예지현빌Ⅱ,사당동,419-88,28.08,36000,,,5,6,2017,,,,,,직거래,O
동작구,11590,상도1동,202608,연립다세대_매매,SD빌리지(658),상도1동,658,29.9,27000,,,2,6,2015,,,,,,중개거래,
동작구,11590,상도1동,202608,연립다세대_매매,명성하늘채,상도1동,694,45.24,55700,,,6,1,2023,,,,,,중개거래,
동작구,11590,사당동,202608,연립다세대_매매,CS하우스,사당동,419-152,29.21,39500,,,5,3,2014,,,,,,직거래,
동작구,11590,상도동,202608,연립다세대_매매,해뜨는집,상도동,126-159,46.685,25200,,,2,2,2005,,,,,,중개거래,
동작구,11590,상도동,202608,연립다세대_매매,명성주택,상도동,356-1,42.85,54000,,,5,1,2016,,,,,,중개거래,
동작구,11590,상도동,202608,연립다세대_매매,강남빌(210-77),상도동,210-77,38.985,46000,,,5,1,2015,,,,,,중개거래,
동작구,11590,사당동,202608,아파트_매매,극동(105),사당동,105,46.75,140500,,,13,19,1993,,,,,,중개거래,
동작구,11590,신대방동,202608,아파트_매매,신동아파밀리에,신대방동,717,112.058,138000,,,5,15,2005,,,,,,중개거래,
동작구,11590,본동,202608,아파트_매매,한신휴플러스,본동,487,84.84,152000,,,10,19,2004,,,,,,중개거래,
동작구,11590,흑석동,202608,아파트_매매,명수대현대,흑석동,10,124.95,265000,,,5,13,1988,,,,,,중개거래,
동작구,11590,상도동,202608,아파트_매매,상도파크자이,상도동,900,84.888,224000,,,13,10,2016,,,,,,중개거래,
동작구,11590,사당동,202608,아파트_매매,극동(105),사당동,105,46.75,142700,,,14,18,1993,,,,,,중개거래,
동작구,11590,사당동,202608,아파트_매매,대창센시티,사당동,1147,84.9344,114800,,,7,3,2005,,,,,,중개거래,
동작구,11590,사당동,202608,아파트_매매,사당우성3,사당동,105,46.75,138000,,,8,13,1993,,,,,,중개거래,
동작구,11590,동작동,202608,아파트_매매,이수교KCC스위첸,동작동,332,84.98,158000,,,7,12,2006,,,,,,중개거래,
동작구,11590,사당동,202608,아파트_매매,신동아4,사당동,105,46.75,129800,,,1,12,1993,,,,,,중개거래,
동작구,11590,본동,202608,아파트_매매,경동윈츠리버,본동,484,79.68,153000,,,11,12,2004,,,,,,중개거래,
동작구,11590,흑석동,202608,아파트_매매,한강현대,흑석동,28,66.225,218000,,,5,12,1988,,,,,,중개거래,
동작구,11590,사당동,202608,아파트_매매,이수역리가,사당동,1157,84.847,183000,,,10,11,2013,,,,,,중개거래,
동작구,11590,사당동,202608,아파트_매매,극동(105),사당동,105,46.75,133500,,,1,11,1993,,,,,,중개거래,
동작구,11590,노량진동,202608,아파트_매매,형인한강,노량진동,331,76.05,106000,,,2,11,2001,,,,,,중개거래,
동작구,11590,상도동,202608,아파트_매매,수정빌라트(56-45),상도동,56-45,50.82,32500,,,1,11,2000,,,,,,중개거래,
동작구,11590,사당동,202608,아파트_매매,사당우성2,사당동,105,59.89,172000,,,13,10,1993,,,,,,중개거래,
동작구,11590,흑석동,202608,아파트_매매,흑석리버파크자이,흑석동,343,59.93,224000,,,19,10,2025,,,,,,중개거래,
동작구,11590,상도동,202608,아파트_매매,힐스테이트 상도 센트럴파크,상도동,531,59.7754,183000,,,8,8,2012,,,,,,중개거래,
동작구,11590,신대방동,202608,아파트_매매,한성아파트,신대방동,470-8,130.13,145000,,,1,6,1995,,,,,,중개거래,
동작구,11590,사당동,202608,아파트_매매,경남아너스빌1차,사당동,1134,59.9,114000,,,9,1,1997,,,,,,중개거래,
동작구,11590,상도동,202608,아파트_매매,종인아네스트(409-3),상도동,409-3,68.57,70000,,,4,1,2010,,,,,,중개거래,
동작구,11590,상도동,202608,아파트_매매,상도2차갑을명가,상도동,459,84.33,77000,,,3,3,2006,,,,,,중개거래,
동작구,11590,신대방동,202608,아파트_매매,보라매자이더포레스트,신대방동,724,84.7739,183000,,,8,4,2021,,,,,,중개거래,
동작구,11590,대방동,202608,아파트_매매,신일해피트리,대방동,510,59.8165,105000,,,5,3,2005,,,,,,중개거래,
동작구,11590,대방동,202608,아파트_매매,드림빌라트,대방동,381-3,80.45,59000,,,1,3,2001,,,,,,중개거래,
동작구,11590,신대방동,202608,아파트_매매,보라매자이더포레스트,신대방동,724,59.9365,160000,,,37,1,2021,,,,,,중개거래,
동작구,11590,신대방동,202608,아파트_매매,보라매e편한세상,신대방동,720,133.3,156000,,,3,1,2010,,,,,,중개거래,
동작구,11590,신대방동,202607,오피스텔_전월세,동작상떼빌,신대방동,719,38.07,,1000,100,20,28,2006,신규,26.08~28.08,,,,,
동작구,11590,사당동,202607,오피스텔_전월세,인더네이처,사당동,207-3,18.74,,1000,95,4,29,2020,신규,26.08~28.08,,,,,
동작구,11590,신대방동,202607,오피스텔_전월세,신라스테이해링턴타워,신대방동,698,20.34,,1000,65,3,22,2015,신규,26.09~27.09,,,,,
동작구,11590,사당동,202607,오피스텔_전월세,(1007-19),사당동,1007-19,16.13,,2360,20,7,1,2002,갱신,26.09~28.08,2000.0,20.0,,,
동작구,11590,신대방동,202607,오피스텔_전월세,동작 협성휴포레 시그니처,신대방동,686-48,24.11,,1000,75,3,21,2022,신규,26.08~27.08,,,,,
동작구,11590,신대방동,202607,오피스텔_전월세,신라스테이해링턴타워,신대방동,698,20.34,,1000,55,6,6,2015,갱신,26.07~27.07,1000.0,50.0,,,
동작구,11590,노량진동,202607,오피스텔_전월세,노량진 드림스퀘어 복합빌딩,노량진동,16-1,24.13,,1000,89,9,10,2020,신규,26.08~27.08,,,,,
동작구,11590,노량진동,202607,오피스텔_전월세,(39-9),노량진동,39-9,16.6,,1000,57,7,28,2017,신규,26.08~27.08,,,,,
동작구,11590,노량진동,202607,오피스텔_전월세,한강큐브스테이트,노량진동,266-4,16.57,,21300,0,17,22,2021,신규,26.07~28.07,,,,,
동작구,11590,노량진동,202607,오피스텔_전월세,태영 오피스텔,노량진동,56-11,14.45,,500,55,7,11,2015,신규,26.08~27.08,,,,,
동작구,11590,노량진동,202607,오피스텔_전월세,메가스터디타워,노량진동,57-1,20.26,,14500,15,9,17,2015,신규,26.09~28.09,,,,,
동작구,11590,노량진동,202607,오피스텔_전월세,노량진큐브스테이트,노량진동,267-6,16.84,,1000,73,6,22,2020,신규,26.07~27.07,,,,,
동작구,11590,노량진동,202607,오피스텔_전월세,노량진 드림스퀘어 복합빌딩,노량진동,16-1,24.13,,1000,87,9,20,2020,갱신,26.07~26.10,1000.0,83.0,사용,,
동작구,11590,대방동,202607,오피스텔_전월세,스타노블레스,대방동,402-2,25.66,,25500,4,4,11,2022,갱신,26.08~27.10,25500.0,,사용,,
동작구,11590,사당동,202607,오피스텔_전월세,(1007-19),사당동,1007-19,23.19,,13400,0,6,31,2002,신규,26.09~28.09,,,,,
동작구,11590,노량진동,202607,오피스텔_전월세,노량진 드림스퀘어 복합빌딩,노량진동,16-1,24.13,,1000,95,11,3,2020,신규,26.07~27.07,,,,,
동작구,11590,대방동,202607,오피스텔_전월세,(17-24),대방동,17-24,27.08,,1000,48,3,14,2004,신규,26.07~27.07,,,,,
동작구,11590,노량진동,202607,오피스텔_전월세,노량진큐브스테이트,노량진동,267-6,22.39,,1000,79,9,25,2020,신규,26.08~27.08,,,,,
동작구,11590,대방동,202607,오피스텔_전월세,리안,대방동,394-26,17.9,,1000,68,5,17,,신규,26.07~27.07,,,,,
동작구,11590,대방동,202607,오피스텔_전월세,리안,대방동,394-26,18.81,,2000,60,6,21,,신규,26.08~28.08,,,,,
동작구,11590,사당동,202607,오피스텔_전월세,엘리지움,사당동,1007-3,22.46,,10000,34,10,31,2012,갱신,26.09~28.09,10000.0,32.0,사용,,
동작구,11590,대방동,202607,오피스텔_전월세,리안,대방동,394-26,19.13,,2000,59,7,18,,신규,26.07~27.07,,,,,
동작구,11590,노량진동,202607,오피스텔_전월세,한강큐브스테이트,노량진동,266-4,16.57,,18900,0,6,3,2021,신규,26.07~27.07,,,,,
동작구,11590,노량진동,202607,오피스텔_전월세,노량진큐브스테이트,노량진동,267-6,16.84,,19000,0,14,20,2020,신규,26.09~28.09,,,,,
동작구,11590,노량진동,202607,오피스텔_전월세,태영 오피스텔,노량진동,56-11,14.45,,1000,55,6,25,2015,신규,26.08~27.08,,,,,
동작구,11590,사당동,202607,오피스텔_전월세,엘리지움,사당동,1007-3,22.46,,8000,60,8,27,2012,신규,26.09~28.09,,,,,
동작구,11590,신대방동,202607,오피스텔_전월세,동작상떼빌,신대방동,719,41.48,,23000,0,6,13,2006,갱신,26.07~28.04,22000.0,,,,
동작구,11590,신대방동,202607,오피스텔_전월세,동작상떼빌,신대방동,719,40.17,,1000,93,20,11,2006,갱신,26.09~27.09,1000.0,90.0,사용,,
동작구,11590,신대방동,202607,오피스텔_전월세,동작상떼빌,신대방동,719,40.17,,24000,0,25,22,2006,신규,26.09~28.09,,,,,
동작구,11590,신대방동,202607,오피스텔_전월세,동작상떼빌,신대방동,719,52.49,,1000,126,5,11,2006,갱신,26.10~27.10,1000.0,120.0,사용,,
동작구,11590,신대방동,202607,오피스텔_전월세,동작상떼빌,신대방동,719,90.63,,46500,0,23,25,2006,갱신,26.10~28.10,44300.0,,사용,,
동작구,11590,사당동,202607,오피스텔_전월세,더원캐슬,사당동,1049-8,23.65,,3000,100,2,11,2020,신규,26.08~28.08,,,,,
동작구,11590,신대방동,202607,오피스텔_전월세,동작상떼빌,신대방동,719,62.43,,29500,0,25,22,2006,갱신,26.08~28.08,28500.0,,사용,,
동작구,11590,사당동,202607,오피스텔_전월세,이수 월든빌,사당동,1007-25,25.66,,30000,25,12,25,2024,신규,26.09~28.09,,,,,
동작구,11590,노량진동,202607,오피스텔_전월세,노량진 드림스퀘어 복합빌딩,노량진동,16-1,24.13,,1000,100,14,24,2020,신규,26.07~27.07,,,,,
동작구,11590,노량진동,202607,오피스텔_전월세,노량진 드림스퀘어 복합빌딩,노량진동,16-1,24.13,,21300,0,15,24,2020,신규,26.09~28.09,,,,,
동작구,11590,대방동,202607,오피스텔_전월세,원노블레스,대방동,394-25,19.84,,5000,38,6,16,2015,신규,26.07~28.07,,,,,
동작구,11590,노량진동,202607,오피스텔_전월세,메가스터디타워,노량진동,57-1,19.28,,1000,73,19,3,2015,신규,26.07~27.07,,,,,
동작구,11590,사당동,202607,오피스텔_전월세,더원캐슬,사당동,1049-8,43.15,,33600,0,3,19,2020,신규,26.08~28.08,,,,,
동작구,11590,노량진동,202607,오피스텔_전월세,노량진 드림스퀘어 복합빌딩,노량진동,16-1,24.13,,19900,8,10,11,2020,신규,26.09~28.09,,,,,
동작구,11590,노량진동,202607,오피스텔_전월세,노량진 드림스퀘어 복합빌딩,노량진동,16-1,26.06,,21990,0,13,19,2020,신규,26.08~28.08,,,,,
동작구,11590,노량진동,202607,오피스텔_전월세,노량진큐브스테이트,노량진동,267-6,22.39,,24800,0,13,17,2020,갱신,26.08~28.08,24000.0,,사용,,
동작구,11590,노량진동,202607,오피스텔_전월세,노량진 드림스퀘어 복합빌딩,노량진동,16-1,26.06,,21990,0,13,19,2020,신규,26.08~28.08,,,,,
동작구,11590,대방동,202607,오피스텔_전월세,올리브 빌딩,대방동,405-8,20.87,,5000,55,4,21,2018,신규,26.08~27.08,,,,,
동작구,11590,노량진동,202607,오피스텔_전월세,메가스터디타워,노량진동,57-1,19.28,,1000,70,12,13,2015,신규,26.07~27.08,,,,,
동작구,11590,신대방동,202607,오피스텔_전월세,신라스테이해링턴타워,신대방동,698,20.34,,14500,5,5,20,2015,신규,26.08~28.08,,,,,
동작구,11590,신대방동,202607,오피스텔_전월세,신라스테이해링턴타워,신대방동,698,20.34,,12500,8,3,18,2015,신규,26.08~28.08,,,,,
동작구,11590,노량진동,202607,오피스텔_전월세,노량진 드림스퀘어 복합빌딩,노량진동,16-1,24.13,,1000,95,11,3,2020,신규,26.07~27.07,,,,,
동작구,11590,상도1동,202607,오피스텔_전월세,상도 프라이드 522,상도1동,522,18.51,,1000,95,5,12,2020,신규,26.08~27.08,,,,,
동작구,11590,상도1동,202607,오피스텔_전월세,더포레스트,상도1동,519-1,11.99,,300,75,2,6,2021,신규,26.07~27.01,,,,,
동작구,11590,신대방동,202607,오피스텔_전월세,동작상떼빌,신대방동,719,41.48,,1000,100,6,11,2006,신규,26.09~27.09,,,,,
동작구,11590,대방동,202607,오피스텔_전월세,리안,대방동,394-26,18.81,,1000,70,5,2,,신규,26.07~27.07,,,,,
동작구,11590,상도동,202607,오피스텔_전월세,Luce Foret,상도동,324-66,39.61,,27700,24,4,11,2021,신규,26.08~28.08,,,,,
동작구,11590,신대방동,202607,오피스텔_전월세,신라스테이해링턴타워,신대방동,698,20.34,,13500,0,2,11,2015,신규,26.08~28.08,,,,,
동작구,11590,사당동,202607,오피스텔_전월세,메종슈에뜨이수,사당동,1007-13,17.88,,12500,49,6,3,2020,신규,26.07~28.07,,,,,
동작구,11590,대방동,202607,오피스텔_전월세,스타노블레스,대방동,402-2,25.66,,26250,0,2,10,2022,신규,26.10~28.10,,,,,
동작구,11590,신대방동,202607,오피스텔_전월세,신라스테이해링턴타워,신대방동,698,20.34,,14500,0,4,8,2015,신규,26.08~28.08,,,,,
동작구,11590,노량진동,202607,오피스텔_전월세,노량진큐브스테이트,노량진동,267-6,16.84,,16800,0,8,9,2020,신규,26.09~28.09,,,,,
동작구,11590,신대방동,202607,오피스텔_전월세,신라스테이해링턴타워,신대방동,698,20.34,,12000,13,2,8,2015,신규,26.08~28.08,,,,,
동작구,11590,노량진동,202607,오피스텔_전월세,메가스터디타워,노량진동,57-1,19.28,,1000,70,20,6,2015,신규,26.07~27.07,,,,,
동작구,11590,상도1동,202607,오피스텔_전월세,상도 프라이드 522,상도1동,522,18.51,,1000,90,6,6,2020,신규,26.08~28.07,,,,,
동작구,11590,사당동,202607,오피스텔_전월세,(219-11),사당동,219-11,26.45,,5000,65,4,1,2003,신규,26.07~28.06,,,,,
동작구,11590,신대방동,202607,연립다세대_전월세,드림타운빌,신대방동,367-65,59.95,,37900,6,2,1,2020,,,,,,,
동작구,11590,상도동,202607,연립다세대_전월세,세이프빌,상도동,159-42,35.11,,5000,116,5,24,2019,신규,26.09~28.09,,,,,
동작구,11590,상도동,202607,연립다세대_전월세,엘렌하우스,상도동,321-5,34.95,,15000,3,3,17,2015,신규,26.08~28.08,,,,,
동작구,11590,신대방동,202607,연립다세대_전월세,제이에스빌,신대방동,600-45,15.32,,11000,0,5,27,2012,신규,26.09~28.09,,,,,
동작구,11590,노량진동,202607,연립다세대_전월세,비엔트(BIENTE),노량진동,207-4,29.88,,27000,0,4,15,2023,신규,26.08~28.08,,,,,
동작구,11590,대방동,202607,연립다세대_전월세,부명빌딩,대방동,404-15,15.55,,1000,45,5,21,2013,신규,26.09~28.09,,,,,
동작구,11590,노량진동,202607,연립다세대_전월세,비엔트(BIENTE),노량진동,207-4,29.19,,26300,5,5,4,2023,갱신,26.08~28.08,26300.0,5.0,,,
동작구,11590,상도1동,202607,연립다세대_전월세,어블룸,상도1동,630,12.22,,1000,61,3,25,2012,신규,26.08~27.08,,,,,
동작구,11590,흑석동,202607,연립다세대_전월세,현산푸른숲하우스,흑석동,198-76,29.98,,27300,0,3,9,2017,신규,26.08~28.08,,,,,
동작구,11590,상도동,202607,연립다세대_전월세,서정캐슬,상도동,506,20.7,,3000,55,4,28,2016,신규,26.08~28.02,,,,,
동작구,11590,대방동,202607,연립다세대_전월세,(383-7),대방동,383-7,45.99,,25000,0,4,6,2013,갱신,26.07~28.07,25000.0,,,,
동작구,11590,사당동,202607,연립다세대_전월세,더에이팩스,사당동,91-47,29.97,,35000,0,2,31,2025,신규,26.09~28.09,,,,,
동작구,11590,사당동,202607,연립다세대_전월세,어반하임,사당동,44-68,28.68,,25781,20,2,15,2017,갱신,26.08~28.08,24300.0,20.0,,,
동작구,11590,상도동,202607,연립다세대_전월세,(492-6),상도동,492-6,25.72,,3000,70,5,28,2012,신규,26.08~28.08,,,,,
동작구,11590,상도동,202607,연립다세대_전월세,대흥미소가(210-108),상도동,210-108,42.36,,2000,125,5,11,2014,신규,26.08~28.08,,,,,
동작구,11590,사당동,202607,연립다세대_전월세,사당동다세대주택(1027-9),사당동,1027-9,37.05,,1000,85,4,31,2002,신규,26.08~28.08,,,,,
동작구,11590,상도동,202607,연립다세대_전월세,주원VILL,상도동,154-19,70.71,,1000,60,5,19,2013,신규,26.08~28.08,,,,,
동작구,11590,사당동,202607,연립다세대_전월세,청송빌라,사당동,316-92,30.12,,500,44,-1,25,2002,신규,26.08~28.08,,,,,
동작구,11590,상도1동,202607,연립다세대_전월세,(494),상도1동,494,23.22,,1000,66,2,20,2002,신규,26.08~28.02,,,,,
동작구,11590,상도1동,202607,연립다세대_전월세,삼성아트빌라,상도1동,409-2,60.21,,25900,0,4,21,2002,신규,26.08~28.08,,,,,
동작구,11590,상도동,202607,연립다세대_전월세,리치캐슬,상도동,299-56,29.19,,2000,79,3,15,2013,신규,26.08~28.08,,,,,
동작구,11590,사당동,202607,연립다세대_전월세,천금하우스,사당동,1035-16,29.96,,25900,8,4,25,2018,신규,26.10~28.10,,,,,
동작구,11590,상도동,202607,연립다세대_전월세,대흥미소가29차(A동),상도동,227-1,40.3,,2000,130,5,29,2020,신규,26.08~28.08,,,,,
동작구,11590,사당동,202607,연립다세대_전월세,성락,사당동,178-1,52.78,,25000,0,1,26,1986,신규,26.09~28.09,,,,,
동작구,11590,상도1동,202607,연립다세대_전월세,필로스503,상도1동,503,18.547,,1000,68,5,17,2019,신규,26.08~28.02,,,,,
동작구,11590,사당동,202607,연립다세대_전월세,한성,사당동,239-6,26.01,,5000,35,2,25,2004,신규,26.08~28.08,,,,,
동작구,11590,상도1동,202607,연립다세대_전월세,지인베스티움,상도1동,375-1,40.07,,5000,110,5,23,2014,신규,26.08~28.08,,,,,
동작구,11590,대방동,202607,연립다세대_전월세,신성하우스,대방동,384-1,29.98,,3000,115,2,26,2022,신규,26.08~27.08,,,,,
동작구,11590,상도1동,202607,연립다세대_전월세,한준아트빌,상도1동,455-5,17.3,,2000,57,2,13,2012,갱신,26.08~27.08,4000.0,47.0,,,
동작구,11590,상도동,202607,연립다세대_전월세,청운맨션,상도동,303-23,16.73,,3000,58,3,7,2017,신규,26.08~28.08,,,,,
동작구,11590,상도동,202607,연립다세대_전월세,리틀포레스트,상도동,465,19.75,,5000,100,5,29,2023,갱신,26.11~28.02,5000.0,95.0,,,
동작구,11590,상도1동,202607,연립다세대_전월세,청운,상도1동,323-2,14.52,,1000,57,3,15,2012,신규,26.08~27.08,,,,,
동작구,11590,상도동,202607,연립다세대_전월세,이에스하임8차,상도동,356-4,42.21,,30345,0,2,25,2018,갱신,26.10~28.10,28900.0,,사용,,
동작구,11590,사당동,202607,연립다세대_전월세,하나빌라,사당동,219-31,22.05,,8000,28,2,18,2001,신규,26.08~28.08,,,,,
동작구,11590,사당동,202607,연립다세대_전월세,대진빌라(141-94),사당동,141-94,14.17,,2000,65,3,25,2013,신규,26.08~28.08,,,,,
동작구,11590,상도동,202607,연립다세대_전월세,장미빌라(159-52),상도동,159-52,41.52,,17600,0,1,14,1988,신규,26.09~28.09,,,,,
동작구,11590,상도동,202607,연립다세대_전월세,더태양빌,상도동,7-46,29.43,,2322,24,2,10,2024,신규,26.07~28.09,,,,,
동작구,11590,상도동,202607,연립다세대_전월세,수애빌(363-88),상도동,363-88,19.51,,1000,52,4,27,2018,신규,26.07~28.07,,,,,
동작구,11590,사당동,202607,연립다세대_전월세,자가자찬,사당동,217-15,23.18,,10000,65,6,4,2018,신규,26.08~28.08,,,,,
동작구,11590,신대방동,202607,연립다세대_전월세,세원빌라,신대방동,366-92,45.08,,5000,90,1,8,2001,신규,26.08~28.08,,,,,
동작구,11590,사당동,202607,연립다세대_전월세,청우주택,사당동,1012-5,49.84,,5000,50,3,5,2001,신규,26.08~28.08,,,,,
동작구,11590,상도동,202607,연립다세대_전월세,한솔빌라B,상도동,361-162,38.17,,3000,50,-1,14,1992,신규,26.08~28.08,,,,,
동작구,11590,상도동,202607,연립다세대_전월세,현진빌라(221-1),상도동,221-1,86.4,,35000,0,1,23,1984,갱신,26.08~28.08,33000.0,,,,
동작구,11590,상도동,202607,연립다세대_전월세,강남빌(243-4),상도동,243-4,44.85,,44000,0,2,21,2022,갱신,26.08~28.08,44000.0,,,,
동작구,11590,상도동,202607,연립다세대_전월세,29-2,상도동,29-2,25.22,,1000,66,5,16,2016,신규,26.08~27.08,,,,,
동작구,11590,동작동,202607,연립다세대_전월세,아로마빌,동작동,102-10,81.32,,36713,7,4,22,2010,갱신,26.08~28.08,36713.0,,,,
동작구,11590,흑석동,202607,연립다세대_전월세,어반휴캐슬가동,흑석동,198-61,51.65,,35360,0,3,19,2017,갱신,26.10~28.10,35500.0,,,,
동작구,11590,대방동,202607,연립다세대_전월세,삼성아르빌,대방동,391-311,34.18,,5000,100,4,19,2002,신규,26.08~28.08,,,,,
동작구,11590,상도1동,202607,연립다세대_전월세,다온,상도1동,439,14.79,,1000,70,2,25,2016,신규,26.08~28.08,,,,,
동작구,11590,대방동,202607,연립다세대_전월세,둥지Ⅲ,대방동,383-12,14.16,,2000,54,3,13,2012,신규,26.07~28.07,,,,,
동작구,11590,사당동,202607,연립다세대_전월세,마인라움,사당동,419-99,21.01,,3000,50,3,16,2017,신규,26.08~28.07,,,,,
동작구,11590,사당동,202607,연립다세대_전월세,(161-58),사당동,161-58,51.05,,2000,113,4,21,2014,신규,26.09~28.09,,,,,
동작구,11590,상도동,202607,연립다세대_전월세,금성빌라,상도동,210-178,53.52,,2000,0,1,16,2002,신규,26.08~28.08,,,,,
동작구,11590,상도동,202607,연립다세대_전월세,공간,상도동,361-96,47.7,,38000,0,1,22,2021,갱신,26.08~28.08,33000.0,,,,
동작구,11590,상도동,202607,연립다세대_전월세,미미아트빌(335-101),상도동,335-101,62.28,,29000,30,3,4,2002,갱신,26.08~28.08,29000.0,20.0,사용,,
동작구,11590,상도동,202607,연립다세대_전월세,중앙빌라트,상도동,308-20,82.7,,34600,0,2,26,2002,신규,26.09~28.09,,,,,
동작구,11590,사당동,202607,연립다세대_전월세,삼성빌라(303-16),사당동,303-16,67.54,,35000,0,4,10,1998,신규,26.12~28.12,,,,,
동작구,11590,사당동,202607,연립다세대_전월세,MS빌,사당동,209-6,73.73,,5000,140,4,11,2010,갱신,26.07~28.07,5000.0,120.0,사용,,
동작구,11590,사당동,202607,연립다세대_전월세,신호부,사당동,279-25,45.18,,30000,0,3,25,2013,갱신,26.07~28.07,29000.0,,,,
동작구,11590,사당동,202607,연립다세대_전월세,홍익주택,사당동,259-11,58.82,,30000,0,2,10,2002,신규,26.07~28.07,,,,,
동작구,11590,신대방동,202607,연립다세대_전월세,(366-255),신대방동,366-255,138.02,,5000,95,3,15,2004,신규,26.07~28.07,,,,,
동작구,11590,사당동,202607,연립다세대_전월세,(419-115),사당동,419-115,16.17,,12400,0,2,23,2014,신규,26.07~28.07,,,,,
동작구,11590,신대방동,202607,연립다세대_전월세,(693-9),신대방동,693-9,42.6,,1000,70,-1,24,1986,신규,26.07~28.07,,,,,
동작구,11590,사당동,202607,연립다세대_전월세,보배아트빌라,사당동,1049-14,53.88,,30000,0,4,15,1995,갱신,26.08~28.08,30000.0,,,,
동작구,11590,신대방동,202607,연립다세대_전월세,드림타운빌,신대방동,367-66,58.62,,37800,5,4,28,2020,갱신,26.09~28.09,37500.0,,사용,,
동작구,11590,신대방동,202607,연립다세대_전월세,드림타운빌,신대방동,367-66,58.62,,39100,5,5,28,2020,갱신,26.09~28.09,38900.0,,사용,,
동작구,11590,사당동,202607,연립다세대_전월세,217-14,사당동,217-14,23.41,,17000,40,5,21,2017,신규,26.08~28.08,,,,,
동작구,11590,사당동,202607,연립다세대_전월세,다올,사당동,235-33,13.3,,1000,50,3,2,2016,신규,26.08~28.07,,,,,
동작구,11590,사당동,202607,연립다세대_전월세,대경아트빌,사당동,206-47,48.46,,31000,0,5,20,2008,신규,26.10~28.10,,,,,
동작구,11590,상도동,202607,연립다세대_전월세,풀하우스2차,상도동,283-146,53.35,,3000,150,1,17,2022,신규,26.08~28.07,,,,,
동작구,11590,본동,202607,연립다세대_전월세,한강힐스,본동,51-15,15.3,,9000,0,4,31,2010,신규,26.07~28.07,,,,,
동작구,11590,사당동,202607,연립다세대_전월세,선영나동,사당동,180-19,41.39,,13500,5,-1,31,1988,신규,26.08~28.08,,,,,
동작구,11590,사당동,202607,연립다세대_전월세,하이츠빌,사당동,141-30,41.81,,20000,50,3,31,2015,신규,26.09~28.09,,,,,
동작구,11590,상도동,202607,연립다세대_전월세,우전빌라,상도동,361-6,44.96,,1300,80,1,3,1996,신규,26.07~28.07,,,,,
동작구,11590,사당동,202607,연립다세대_전월세,동미빌라B,사당동,316-229,39.6,,13200,0,-1,29,1993,신규,26.08~28.08,,,,,
동작구,11590,사당동,202607,연립다세대_전월세,진흥빌라B,사당동,316-271,54.35,,3000,72,3,30,1982,갱신,26.08~28.08,3000.0,68.0,,,
동작구,11590,대방동,202607,연립다세대_전월세,리치빌(391-548),대방동,391-548,21.75,,15399,7,3,15,2012,갱신,26.08~28.08,15400.0,4.0,,,
동작구,11590,신대방동,202607,연립다세대_전월세,멘토하우스,신대방동,616-15,12.71,,1000,38,2,15,2012,신규,26.07~28.07,,,,,
동작구,11590,신대방동,202607,연립다세대_전월세,제이에스빌,신대방동,600-45,15.32,,11000,0,5,27,2012,신규,26.08~28.08,,,,,
동작구,11590,상도동,202607,연립다세대_전월세,삼성미소빌,상도동,279-142,64.35,,3000,120,4,24,2003,신규,26.10~28.10,,,,,
동작구,11590,상도동,202607,연립다세대_전월세,(292-23),상도동,292-23,36.82,,18200,0,2,29,2013,신규,26.09~28.09,,,,,
동작구,11590,상도동,202607,연립다세대_전월세,강남펠리체,상도동,335-13,51.35,,27000,0,2,22,2016,갱신,26.07~28.06,27000.0,,,,
동작구,11590,대방동,202607,연립다세대_전월세,스타노블레스,대방동,402-2,17.28,,12000,55,8,29,2022,신규,26.09~28.09,,,,,
동작구,11590,상도동,202607,연립다세대_전월세,미소가26차,상도동,302-17,32.02,,26000,0,4,11,2018,갱신,26.07~28.06,26000.0,,,,
동작구,11590,상도1동,202607,연립다세대_전월세,에벤에셀(428-1),상도1동,428-1,14.12,,1000,65,4,3,2015,신규,26.07~28.01,,,,,
동작구,11590,사당동,202607,연립다세대_전월세,메종슈에뜨10,사당동,1047-10,20.33,,12000,23,2,30,2017,신규,26.08~28.08,,,,,
동작구,11590,대방동,202607,연립다세대_전월세,리안,대방동,394-26,15.05,,1000,67,10,26,2017,갱신,26.08~28.07,1000.0,65.0,,,
동작구,11590,사당동,202607,연립다세대_전월세,하나빌라,사당동,219-31,26.46,,8000,38,2,31,2001,갱신,26.09~28.09,5000.0,50.0,,,
동작구,11590,신대방동,202607,연립다세대_전월세,한가람타운,신대방동,366-251,31.5,,25500,0,3,31,2018,갱신,26.10~28.10,24900.0,,,,
동작구,11590,사당동,202607,연립다세대_전월세,상원하이빌,사당동,1048-18,77.035,,39000,12,2,29,2004,신규,26.09~28.09,,,,,
동작구,11590,상도동,202607,연립다세대_전월세,성림하이츠7차,상도동,279-376,63.2,,20000,25,2,29,1992,신규,26.08~28.08,,,,,
동작구,11590,상도동,202607,연립다세대_전월세,드림팰리스,상도동,235-11,29.64,,12000,45,3,27,2011,신규,26.08~28.08,,,,,
동작구,11590,사당동,202607,연립다세대_전월세,(446-8),사당동,446-8,50.49,,13000,14,1,29,1987,신규,26.08~28.08,,,,,
동작구,11590,사당동,202607,연립다세대_전월세,다인빌,사당동,429-14,41.88,,26000,0,5,30,2011,신규,26.09~28.09,,,,,
동작구,11590,사당동,202607,연립다세대_전월세,귀주아트빌,사당동,316-244,48.25,,25000,0,2,22,2014,신규,26.09~28.08,,,,,
동작구,11590,대방동,202607,연립다세대_전월세,제이타운,대방동,394-4,21.42,,4000,75,7,9,2016,신규,26.08~27.08,,,,,
동작구,11590,상도1동,202607,연립다세대_전월세,파미에(363-4),상도1동,363-4,15.23,,1000,57,2,21,2016,신규,26.08~28.08,,,,,
동작구,11590,상도동,202607,연립다세대_전월세,리틀포레스트,상도동,465,28.57,,5000,137,3,23,2023,신규,26.08~28.08,,,,,
동작구,11590,상도동,202607,연립다세대_전월세,상도첼시2,상도동,299-232,29.96,,21900,15,4,31,2018,신규,26.11~28.11,,,,,
동작구,11590,상도동,202607,연립다세대_전월세,아안채,상도동,279-160,49.08,,23000,0,3,16,2008,갱신,26.07~28.07,23000.0,,사용,,
동작구,11590,사당동,202607,연립다세대_전월세,(62-1),사당동,62-1,80.52,,23000,0,4,21,2003,신규,26.08~28.08,,,,,
동작구,11590,상도동,202607,연립다세대_전월세,(366-8),상도동,366-8,28.44,,3000,110,2,6,2021,신규,26.08~28.07,,,,,
동작구,11590,상도동,202607,연립다세대_전월세,우성빌라(299-250),상도동,299-250,45.72,,5000,60,3,31,1993,신규,26.09~28.09,,,,,
동작구,11590,신대방동,202607,연립다세대_전월세,뜰안채,신대방동,344-176,18.04,,16275,0,3,31,2017,갱신,26.08~28.08,15500.0,,사용,,
동작구,11590,노량진동,202607,연립다세대_전월세,태영오피스텔,노량진동,56-11,10.667,,2000,55,11,9,2015,신규,26.08~27.08,,,,,
동작구,11590,상도동,202607,연립다세대_전월세,아안채,상도동,279-160,68.22,,22000,0,1,16,2008,갱신,26.08~28.08,22000.0,,사용,,
동작구,11590,상도동,202607,연립다세대_전월세,대성하이빌라B동,상도동,279-586,41.16,,9500,40,1,30,1991,신규,26.08~28.08,,,,,
동작구,11590,상도동,202607,연립다세대_전월세,마노아재,상도동,204-76,29.73,,4000,82,2,5,2015,신규,26.08~27.08,,,,,
동작구,11590,상도1동,202607,연립다세대_전월세,(326-4),상도1동,326-4,36.27,,1000,65,-1,6,1987,신규,26.08~28.08,,,,,
동작구,11590,대방동,202607,연립다세대_전월세,엘리시아빌딩(23-117),대방동,23-117,19.38,,18000,5,4,10,2015,신규,26.07~28.07,,,,,
동작구,11590,상도동,202607,연립다세대_전월세,유진하이츠,상도동,214-93,38.43,,13500,0,1,31,1993,신규,26.08~28.08,,,,,
동작구,11590,상도동,202607,연립다세대_전월세,서정힐탑,상도동,502-8,29.64,,3000,69,4,6,2017,신규,26.08~28.08,,,,,
동작구,11590,상도동,202607,연립다세대_전월세,청솔베스트빌,상도동,299-195,77.79,,38000,0,3,30,2001,갱신,26.07~28.07,38000.0,,,,
동작구,11590,사당동,202607,연립다세대_전월세,(244-1),사당동,244-1,12.06,,2000,50,5,18,2009,신규,26.07~28.07,,,,,
동작구,11590,신대방동,202607,연립다세대_전월세,뜰안채,신대방동,344-176,18.04,,16275,0,3,31,2017,갱신,26.08~28.08,15500.0,,사용,,
동작구,11590,신대방동,202607,연립다세대_전월세,금성빌라7차,신대방동,366-181,62.75,,31370,0,1,30,1995,갱신,26.08~28.08,30000.0,,사용,,
동작구,11590,신대방동,202607,연립다세대_전월세,성현,신대방동,617-3,51.76,,23500,10,5,31,2013,갱신,26.08~28.08,23500.0,,,,
동작구,11590,대방동,202607,연립다세대_전월세,티엠타운,대방동,98-4,27.52,,22000,25,2,31,2016,갱신,26.08~28.08,22000.0,20.0,사용,,
동작구,11590,상도1동,202607,연립다세대_전월세,(646-2),상도1동,646-2,21.98,,1000,90,4,14,2015,신규,26.07~28.07,,,,,
동작구,11590,상도동,202607,연립다세대_전월세,리움펠리체,상도동,211-378,48.773,,20000,0,5,10,2021,신규,26.08~28.07,,,,,
동작구,11590,흑석동,202607,연립다세대_전월세,대도빌라,흑석동,198-13,51.24,,25000,20,2,11,1991,갱신,26.07~28.07,25000.0,,사용,,
동작구,11590,상도동,202607,연립다세대_전월세,휴먼넥스빌(256-6),상도동,256-6,37.94,,24800,0,3,29,2013,갱신,26.08~28.08,24800.0,,,,
동작구,11590,상도동,202607,연립다세대_전월세,둥지빌라(363-214),상도동,363-214,28.52,,10000,50,3,25,2004,신규,26.07~28.07,,,,,
동작구,11590,신대방동,202607,연립다세대_전월세,IDO,신대방동,616-7,34.69,,1000,70,5,17,2012,신규,26.07~28.07,,,,,
동작구,11590,사당동,202607,연립다세대_전월세,에스디빌,사당동,220-50,47.7,,10000,39,2,23,2001,신규,26.08~28.08,,,,,
동작구,11590,대방동,202607,연립다세대_전월세,(402-13),대방동,402-13,19.16,,1000,63,2,30,2017,신규,26.08~27.08,,,,,
동작구,11590,신대방동,202607,연립다세대_전월세,정원빌라,신대방동,366-32,35.37,,1000,58,4,14,1991,신규,26.07~28.07,,,,,
동작구,11590,상도동,202607,연립다세대_전월세,56-60,상도동,56-60,56.29,,25000,15,3,19,2015,신규,26.09~28.09,,,,,
동작구,11590,상도동,202607,연립다세대_전월세,리틀포레스트,상도동,465,29.34,,5000,121,3,23,2023,갱신,26.10~28.02,5000.0,115.0,,,
동작구,11590,신대방동,202607,연립다세대_전월세,아르떼빌(364-4),신대방동,364-4,29.08,,3000,100,5,11,2015,신규,26.08~28.08,,,,,
동작구,11590,신대방동,202607,연립다세대_전월세,보라매빌리지,신대방동,366-87,84.87,,30000,0,3,16,1991,갱신,26.07~28.07,28000.0,,,,
동작구,11590,사당동,202607,연립다세대_전월세,한양타운2,사당동,316-182,19.36,,3000,60,3,22,2018,신규,26.07~28.07,,,,,
동작구,11590,사당동,202607,연립다세대_전월세,다다미디어(220-26),사당동,220-26,28.18,,2000,65,2,27,2002,신규,26.09~28.09,,,,,
동작구,11590,상도동,202607,연립다세대_전월세,대영빌라,상도동,126-46,51.74,,20000,30,3,28,1995,신규,26.10~28.10,,,,,
동작구,11590,대방동,202607,연립다세대_전월세,그린빌라트(11-85),대방동,11-85,46.22,,28200,0,4,29,2014,신규,26.11~28.11,,,,,
동작구,11590,대방동,202607,연립다세대_전월세,스타노블레스,대방동,402-2,17.28,,19000,15,5,29,2022,신규,26.09~28.09,,,,,
동작구,11590,상도동,202607,연립다세대_전월세,해피데이,상도동,256-269,17.26,,6000,10,4,28,2012,갱신,26.07~27.01,6000.0,,,,
동작구,11590,사당동,202607,연립다세대_전월세,(230-29),사당동,230-29,35.51,,4000,60,2,7,2003,신규,26.07~28.07,,,,,
동작구,11590,상도동,202607,연립다세대_전월세,라온포레,상도동,159-260,48.95,,40000,15,2,28,2023,신규,26.09~28.09,,,,,
동작구,11590,사당동,202607,연립다세대_전월세,샬롬빌,사당동,216-8,39.52,,20300,0,3,23,2008,신규,26.07~28.07,,,,,
동작구,11590,사당동,202607,연립다세대_전월세,샬롬빌,사당동,216-8,39.52,,22000,0,3,23,2008,신규,26.07~28.07,,,,,
동작구,11590,사당동,202607,연립다세대_전월세,(1020-11),사당동,1020-11,34.73,,16000,10,2,29,2003,신규,26.09~28.09,,,,,
동작구,11590,흑석동,202607,연립다세대_전월세,인더가든,흑석동,186-16,37.75,,2000,120,2,29,2016,신규,26.07~28.07,,,,,
동작구,11590,사당동,202607,연립다세대_전월세,신성하우스,사당동,275-11,25.79,,29000,0,6,27,2022,신규,26.09~28.09,,,,,
동작구,11590,신대방동,202607,연립다세대_전월세,드림타운빌,신대방동,367-66,58.24,,35500,5,4,19,2020,갱신,26.08~28.08,35150.0,,,,
동작구,11590,대방동,202607,연립다세대_전월세,(383-7),대방동,383-7,45.99,,25000,0,4,6,2013,갱신,26.07~28.07,25000.0,,,,
동작구,11590,노량진동,202607,연립다세대_전월세,태영오피스텔,노량진동,56-11,10.667,,1000,57,10,15,2015,갱신,26.07~27.07,1000.0,57.0,,,
동작구,11590,상도1동,202607,연립다세대_전월세,한빛위너스A동B동(725-1),상도1동,725-1,26.37,,25200,30,2,5,2014,갱신,26.08~28.08,25200.0,,,,
동작구,11590,상도동,202607,연립다세대_전월세,다나네스트빌(214-32),상도동,214-32,26.35,,19000,0,1,17,2008,신규,26.08~28.08,,,,,
동작구,11590,사당동,202607,연립다세대_전월세,다올,사당동,235-33,16.69,,1000,65,2,4,2016,신규,26.08~28.08,,,,,
동작구,11590,상도동,202607,연립다세대_전월세,우진아트빌,상도동,279-249,70.88,,25000,0,2,28,2002,신규,26.09~28.09,,,,,
동작구,11590,상도동,202607,연립다세대_전월세,장미빌라(159-52),상도동,159-52,41.52,,17600,0,1,14,1988,신규,26.09~28.09,,,,,
동작구,11590,사당동,202607,연립다세대_전월세,(419-115),사당동,419-115,16.17,,12400,0,2,23,2014,신규,26.07~28.07,,,,,
동작구,11590,사당동,202607,연립다세대_전월세,매일주택,사당동,1033-14,54.66,,14000,70,2,25,2008,갱신,26.08~28.08,14000.0,60.0,,,
동작구,11590,상도동,202607,연립다세대_전월세,로젠빌,상도동,292-37,22.92,,22000,0,4,28,2016,신규,26.09~28.09,,,,,
동작구,11590,신대방동,202607,연립다세대_전월세,대림그린빌,신대방동,686-14,19.86,,1000,58,3,3,2011,신규,26.07~28.07,,,,,
동작구,11590,신대방동,202607,연립다세대_전월세,심쿵하우스,신대방동,685-2,49.68,,588,70,2,28,2019,신규,26.07~28.09,,,,,
동작구,11590,신대방동,202607,연립다세대_전월세,드림타운빌,신대방동,367-66,59.68,,36200,5,3,28,2020,갱신,26.09~28.09,35675.0,,,,
동작구,11590,사당동,202607,연립다세대_전월세,(62-1),사당동,62-1,42.96,,9000,0,1,20,2003,신규,26.09~28.09,,,,,
동작구,11590,사당동,202607,연립다세대_전월세,팔레스타운220-160,사당동,220-160,53.71,,5000,120,2,27,2015,신규,26.09~27.09,,,,,
동작구,11590,상도동,202607,연립다세대_전월세,케이디아이빌E동,상도동,7-171,27.71,,13900,15,3,20,2007,갱신,26.07~28.07,13900.0,15.0,,,
동작구,11590,상도동,202607,연립다세대_전월세,성우(474-13),상도동,474-13,39.06,,17300,41,5,6,2016,신규,26.08~28.08,,,,,
동작구,11590,사당동,202607,연립다세대_전월세,"늘푸른숲(가,나동)",사당동,446-15,43.9,,36500,0,4,27,2018,신규,26.09~28.09,,,,,
동작구,11590,상도동,202607,연립다세대_전월세,스마트하우스,상도동,327-9,48.67,,30000,0,4,25,2016,신규,26.07~28.07,,,,,
동작구,11590,상도동,202607,연립다세대_전월세,휴먼빌,상도동,256-227,36.15,,26700,5,2,24,2018,신규,26.08~28.08,,,,,
동작구,11590,상도동,202607,연립다세대_전월세,유진빌라,상도동,22-20,36.85,,500,38,-1,11,1986,신규,26.07~28.07,,,,,
동작구,11590,대방동,202607,연립다세대_전월세,숙원홈,대방동,351-11,50.79,,5000,119,3,27,2018,신규,26.09~28.09,,,,,
동작구,11590,대방동,202607,연립다세대_전월세,리안,대방동,394-26,14.59,,1000,68,8,5,2017,신규,26.07~27.07,,,,,
동작구,11590,상도1동,202607,연립다세대_전월세,다온,상도1동,439,25.92,,1000,110,4,15,2016,신규,26.07~27.07,,,,,
동작구,11590,사당동,202607,연립다세대_전월세,칠성가든빌라,사당동,444-1,52.4,,25000,4,2,24,1981,갱신,26.09~29.09,25000.0,,사용,,
동작구,11590,신대방동,202607,연립다세대_전월세,한가람타운,신대방동,366-251,23.99,,18000,20,3,27,2018,신규,26.09~28.09,,,,,
동작구,11590,사당동,202607,연립다세대_전월세,사당벨류,사당동,1034-30,29.61,,4000,84,3,25,2016,갱신,26.08~28.08,4000.0,80.0,사용,,
동작구,11590,신대방동,202607,연립다세대_전월세,보아스원빌,신대방동,360-107,73.53,,2000,65,3,21,2003,신규,26.07~28.07,,,,,
동작구,11590,상도동,202607,연립다세대_전월세,샹그릴라,상도동,356-2,58.86,,34500,0,2,27,2016,신규,26.10~28.10,,,,,
동작구,11590,신대방동,202607,연립다세대_전월세,뉴스토리라움,신대방동,344-138,27.1,,8000,60,5,7,2017,신규,26.07~28.07,,,,,
동작구,11590,상도동,202607,연립다세대_전월세,더클래식,상도동,238-5,29.56,,30000,0,5,25,2023,신규,26.09~28.09,,,,,
동작구,11590,상도동,202607,연립다세대_전월세,강남빌(243-4),상도동,243-4,34.52,,33000,0,4,23,2022,갱신,26.08~28.08,32000.0,,사용,,
동작구,11590,상도동,202607,연립다세대_전월세,이에스하임7차B동,상도동,212-135,33.1,,26000,0,3,25,2018,신규,26.09~28.09,,,,,
동작구,11590,대방동,202607,연립다세대_전월세,종원빌라2동,대방동,393-75,40.86,,11000,0,-1,7,1986,갱신,26.07~28.07,11000.0,,,,
동작구,11590,사당동,202607,연립다세대_전월세,"늘푸른숲(가,나동)",사당동,446-15,43.9,,36500,0,4,27,2018,신규,26.09~28.09,,,,,
동작구,11590,사당동,202607,연립다세대_전월세,쌍용,사당동,70-25,40.66,,5000,90,2,11,1993,신규,26.08~28.08,,,,,
동작구,11590,신대방동,202607,연립다세대_전월세,드림타운빌,신대방동,367-65,52.2,,29400,6,4,19,2020,갱신,26.08~28.08,29400.0,,,,
동작구,11590,신대방동,202607,연립다세대_전월세,아트라움,신대방동,597-5,29.435,,24800,0,2,25,2020,신규,26.09~28.09,,,,,
동작구,11590,사당동,202607,연립다세대_전월세,사당동행복주택,사당동,312-13,28.02,,100,43,3,27,2022,신규,26.07~28.09,,,,,
동작구,11590,상도동,202607,연립다세대_전월세,현대하이츠빌라,상도동,470,56.65,,500,60,3,22,1996,신규,26.07~27.07,,,,,
동작구,11590,상도동,202607,연립다세대_전월세,아네스트,상도동,210-67,33.78,,18000,0,3,27,2012,신규,26.08~28.08,,,,,
동작구,11590,사당동,202607,연립다세대_전월세,(446-38),사당동,446-38,31.14,,22000,0,2,23,2012,갱신,26.09~28.09,5000.0,40.0,,,
동작구,11590,상도동,202607,연립다세대_전월세,강남빌(202-246),상도동,202-246,29.93,,6000,60,3,25,2012,신규,26.08~28.08,,,,,
동작구,11590,신대방동,202607,연립다세대_전월세,IDO,신대방동,616-7,15.44,,1000,35,3,9,2012,신규,26.07~28.07,,,,,
동작구,11590,사당동,202607,연립다세대_전월세,BRICK9,사당동,1027-11,20.98,,19500,16,3,27,2017,신규,26.09~28.08,,,,,
동작구,11590,사당동,202607,연립다세대_전월세,1004-37,사당동,1004-37,37.41,,28000,10,2,26,2015,신규,26.08~28.08,,,,,
동작구,11590,사당동,202607,연립다세대_전월세,267-4,사당동,267-4,29.8,,23000,36,2,25,2020,갱신,26.10~28.10,23000.0,30.0,,,
동작구,11590,상도동,202607,연립다세대_전월세,강남빌(279-535),상도동,279-535,29.35,,26200,0,3,25,2018,갱신,26.08~28.08,26200.0,,사용,,
동작구,11590,신대방동,202607,연립다세대_전월세,JWON,신대방동,342-10,21.191,,100,41,5,27,2023,신규,26.07~28.09,,,,,
동작구,11590,사당동,202607,연립다세대_전월세,성하빌라,사당동,449-12,47.52,,20000,20,1,4,1995,신규,26.10~28.10,,,,,
동작구,11590,상도동,202607,연립다세대_전월세,한강베스트빌,상도동,279-61,38.69,,23000,0,5,27,2009,신규,26.07~28.07,,,,,
동작구,11590,상도동,202607,연립다세대_전월세,에이레네(492-12),상도동,492-12,72.23,,34000,75,4,20,2017,신규,26.08~28.08,,,,,
동작구,11590,대방동,202607,연립다세대_전월세,스타노블레스,대방동,402-2,17.28,,14000,58,6,1,2022,갱신,26.08~28.08,14000.0,53.0,,,
동작구,11590,상도동,202607,연립다세대_전월세,킹스애비뉴B동,상도동,301-44,45.71,,22000,30,3,24,2016,신규,26.10~28.10,,,,,
동작구,11590,상도동,202607,연립다세대_전월세,(379-7),상도동,379-7,62.31,,23000,0,2,24,1980,신규,26.09~28.09,,,,,
동작구,11590,상도동,202607,연립다세대_전월세,강남빌(279-535),상도동,279-535,29.35,,26200,0,3,25,2018,갱신,26.08~28.08,26200.0,,사용,,
동작구,11590,상도동,202607,연립다세대_전월세,우성맨션,상도동,244-281,54.32,,20000,0,3,27,1992,신규,26.07~27.01,,,,,
동작구,11590,신대방동,202607,연립다세대_전월세,렉스빌,신대방동,599-34,18.56,,11400,0,3,7,2012,갱신,26.08~28.08,2300.0,40.0,,,
동작구,11590,사당동,202607,연립다세대_전월세,BRICK9,사당동,1027-11,17.49,,16800,5,5,26,2017,신규,26.08~28.08,,,,,
동작구,11590,사당동,202607,연립다세대_전월세,도성빌딩,사당동,89-12,90.64,,46000,30,4,20,2004,신규,26.10~28.10,,,,,
동작구,11590,상도동,202607,연립다세대_전월세,한강뉴스타(210-289),상도동,210-289,34.02,,20000,0,2,27,2013,신규,26.10~28.10,,,,,
동작구,11590,사당동,202607,연립다세대_전월세,우남파크빌(316-266),사당동,316-266,48.52,,20000,40,4,24,2012,신규,26.10~28.10,,,,,
동작구,11590,신대방동,202607,연립다세대_전월세,100년숲,신대방동,366-162,29.59,,20000,20,2,25,2020,신규,26.09~28.09,,,,,
동작구,11590,상도동,202607,연립다세대_전월세,재오에이트,상도동,256-230,59.28,,25000,30,3,25,2020,신규,26.10~28.09,,,,,
동작구,11590,대방동,202607,연립다세대_전월세,엘리시아빌딩(23-117),대방동,23-117,14.1,,13000,10,7,25,2015,신규,26.09~28.08,,,,,
동작구,11590,상도1동,202607,연립다세대_전월세,해오름빌,상도1동,457,28.26,,28000,0,4,27,2017,갱신,26.08~27.08,28000.0,,,,
동작구,11590,사당동,202607,연립다세대_전월세,웰리치파크,사당동,303-32,47.61,,31500,0,4,25,2012,갱신,26.08~28.08,30000.0,,,,
동작구,11590,사당동,202607,연립다세대_전월세,프레스티지,사당동,427-18,30.47,,31500,0,2,24,2014,신규,26.08~28.08,,,,,
동작구,11590,신대방동,202607,연립다세대_전월세,Oaktreevill,신대방동,341-46,29.82,,19000,10,3,18,2013,신규,26.08~28.08,,,,,
동작구,11590,상도동,202607,연립다세대_전월세,동산GreenTown,상도동,279-429,29.95,,23000,0,1,24,2020,신규,26.09~28.09,,,,,
동작구,11590,신대방동,202607,연립다세대_전월세,대림그린빌,신대방동,686-14,26.5,,15000,6,3,24,2011,신규,26.09~28.09,,,,,
동작구,11590,사당동,202607,연립다세대_전월세,거경주택,사당동,303-40,40.56,,18000,0,2,1,1994,갱신,26.07~28.07,17000.0,,,,
동작구,11590,상도동,202607,연립다세대_전월세,(279-72),상도동,279-72,40.8,,3000,75,4,8,2008,신규,26.07~28.07,,,,,
동작구,11590,흑석동,202607,연립다세대_전월세,하나빌라,흑석동,204-57,37.8,,2500,70,-1,24,1995,신규,26.07~27.01,,,,,
동작구,11590,상도1동,202607,연립다세대_전월세,(494),상도1동,494,38.66,,1000,98,3,8,2002,신규,26.08~28.02,,,,,
동작구,11590,상도1동,202607,연립다세대_전월세,해오름빌,상도1동,457,28.26,,7000,80,2,18,2017,신규,26.09~28.09,,,,,
동작구,11590,사당동,202607,연립다세대_전월세,메종슈에뜨10,사당동,1047-10,20.33,,12000,25,2,23,2017,신규,26.08~28.08,,,,,
동작구,11590,신대방동,202607,연립다세대_전월세,드림타운빌,신대방동,367-66,58.24,,35500,5,4,19,2020,갱신,26.08~28.08,35150.0,,,,
동작구,11590,상도동,202607,연립다세대_전월세,명성하우스,상도동,299-43,29.61,,27200,0,2,22,2017,신규,26.09~28.08,,,,,
동작구,11590,상도동,202607,연립다세대_전월세,리틀포레스트,상도동,465,29.25,,5000,121,2,15,2023,갱신,26.10~27.08,5000.0,115.0,,,
동작구,11590,상도동,202607,연립다세대_전월세,예서빌라,상도동,22-58,51.03,,25000,0,1,23,1992,신규,26.09~28.09,,,,,
동작구,11590,신대방동,202607,연립다세대_전월세,금성빌라7차,신대방동,366-181,61.22,,30000,0,1,22,1995,신규,26.07~26.10,,,,,
동작구,11590,사당동,202607,연립다세대_전월세,419-136,사당동,419-136,28.315,,26100,0,5,1,2015,갱신,26.07~28.07,24900.0,,,,
동작구,11590,상도동,202607,연립다세대_전월세,대영빌라(가동),상도동,7-107,44.76,,20000,15,1,22,1991,신규,26.09~28.09,,,,,
동작구,11590,사당동,202607,연립다세대_전월세,메종슈에뜨101,사당동,419-101,20.89,,22000,0,4,23,2016,신규,26.08~28.08,,,,,
동작구,11590,상도동,202607,연립다세대_전월세,벧엘,상도동,210-284,69.23,,20000,35,2,18,1997,신규,26.07~28.07,,,,,
동작구,11590,사당동,202607,연립다세대_전월세,에스디빌,사당동,220-50,47.7,,10000,44,2,23,2001,신규,26.08~28.08,,,,,
동작구,11590,신대방동,202607,연립다세대_전월세,나린하우징9차,신대방동,698-11,49.8,,23832,25,2,23,2021,신규,26.07~28.09,,,,,
동작구,11590,신대방동,202607,연립다세대_전월세,심쿵하우스,신대방동,685-2,49.7,,588,53,2,23,2019,신규,26.07~28.09,,,,,
동작구,11590,신대방동,202607,연립다세대_전월세,심쿵하우스,신대방동,685-2,48.87,,578,52,2,23,2019,신규,26.07~28.09,,,,,
동작구,11590,상도동,202607,연립다세대_전월세,한강뉴스타B동,상도동,236-8,42.69,,33000,0,4,23,2017,갱신,26.07~28.07,31000.0,,,,
동작구,11590,신대방동,202607,연립다세대_전월세,나린하우징9차,신대방동,698-11,52.95,,25344,26,5,23,2021,신규,26.07~28.09,,,,,
동작구,11590,상도1동,202607,연립다세대_전월세,미르하우스(450-2),상도1동,450-2,16.15,,2000,60,3,3,2012,신규,26.07~27.07,,,,,
동작구,11590,상도1동,202607,연립다세대_전월세,늘품명가2차,상도1동,483-9,27.85,,1000,65,4,22,2015,신규,26.08~28.08,,,,,
동작구,11590,대방동,202607,연립다세대_전월세,(391-210),대방동,391-210,25.63,,12000,0,2,23,2002,신규,26.08~28.08,,,,,
동작구,11590,사당동,202607,연립다세대_전월세,청운아트빌B,사당동,316-98,52.03,,23500,20,5,23,2003,갱신,26.07~28.07,18000.0,20.0,,,
동작구,11590,상도동,202607,연립다세대_전월세,필하우스,상도동,159-32,26.57,,3000,130,2,21,2018,신규,26.08~28.08,,,,,
동작구,11590,대방동,202607,연립다세대_전월세,리더스빌,대방동,397-4,53.75,,24000,37,5,16,2004,신규,26.09~28.09,,,,,
동작구,11590,상도1동,202607,연립다세대_전월세,한강팰리스,상도1동,487,58.03,,2000,130,3,15,2014,신규,26.07~28.07,,,,,
동작구,11590,신대방동,202607,연립다세대_전월세,한길아트빌,신대방동,360-171,29.96,,19000,20,3,10,2013,신규,26.09~28.09,,,,,
동작구,11590,상도동,202607,연립다세대_전월세,대왕주택(199-26),상도동,199-26,59.33,,15000,55,4,20,2018,신규,26.08~28.08,,,,,
동작구,11590,상도동,202607,연립다세대_전월세,명성하우스,상도동,299-43,29.96,,27300,0,5,22,2017,신규,26.09~28.09,,,,,
동작구,11590,사당동,202607,연립다세대_전월세,그라시아빌,사당동,1035-36,40.68,,30000,0,3,18,2013,신규,27.01~29.01,,,,,
동작구,11590,사당동,202607,연립다세대_전월세,선우빌라,사당동,64-169,35.6,,5000,100,5,18,2015,신규,26.07~28.07,,,,,
동작구,11590,상도동,202607,연립다세대_전월세,대성하이빌라B동,상도동,279-586,41.16,,21000,0,2,23,1991,신규,26.07~26.11,,,,,
동작구,11590,흑석동,202607,연립다세대_전월세,흑석뜰安愛,흑석동,186-25,29.1,,27400,0,2,22,2022,신규,26.09~28.09,,,,,
동작구,11590,상도동,202607,연립다세대_전월세,공간,상도동,361-96,47.7,,38000,0,1,22,2021,갱신,26.08~28.08,33000.0,,,,
동작구,11590,상도동,202607,연립다세대_전월세,TS팰리스2차,상도동,356-21,28.8,,21500,0,4,13,2016,갱신,26.08~28.08,20500.0,,,,
동작구,11590,상도동,202607,연립다세대_전월세,진흥푸르지오,상도동,56-105,33.01,,22000,0,2,22,2013,신규,26.09~28.08,,,,,
동작구,11590,상도동,202607,연립다세대_전월세,명성하우스,상도동,299-43,29.61,,27200,0,2,22,2017,신규,26.09~28.08,,,,,
동작구,11590,사당동,202607,연립다세대_전월세,몬트하임,사당동,419-89,16.28,,3000,50,2,17,2017,신규,26.07~28.07,,,,,
동작구,11590,사당동,202607,연립다세대_전월세,다경빌(437-39),사당동,437-39,39.65,,30000,0,3,22,2023,신규,26.10~28.10,,,,,
동작구,11590,대방동,202607,연립다세대_전월세,제이하우스,대방동,391-310,29.95,,26000,0,4,21,2018,갱신,26.08~28.08,24000.0,10.0,,,
동작구,11590,사당동,202607,연립다세대_전월세,더에이팩스,사당동,91-47,50.32,,43000,0,3,20,2025,신규,26.09~28.09,,,,,
동작구,11590,사당동,202607,연립다세대_전월세,에코텍빌딩(142-14),사당동,142-14,77.75,,1000,60,4,18,2008,신규,26.07~28.07,,,,,
동작구,11590,대방동,202607,연립다세대_전월세,(376-8),대방동,376-8,39.78,,5500,125,4,7,2010,신규,26.07~28.07,,,,,
동작구,11590,상도동,202607,연립다세대_전월세,삼지빌라,상도동,279-86,35.31,,1000,30,2,22,1991,갱신,26.07~28.07,1000.0,30.0,,,
동작구,11590,상도동,202607,연립다세대_전월세,필하우스,상도동,159-32,26.57,,22000,30,6,21,2018,신규,26.08~28.08,,,,,
동작구,11590,상도동,202607,연립다세대_전월세,효파크빌,상도동,159-37,51.9,,30000,0,5,17,2019,신규,26.11~28.11,,,,,
동작구,11590,사당동,202607,연립다세대_전월세,한양타운2,사당동,316-182,15.12,,1000,58,4,4,2018,신규,26.07~28.07,,,,,
동작구,11590,상도1동,202607,연립다세대_전월세,방주샬롬(324-10),상도1동,324-10,66.03,,24000,0,3,18,1996,갱신,26.07~28.07,24000.0,,,,
동작구,11590,대방동,202607,연립다세대_전월세,379-41,대방동,379-41,51.3,,38500,0,5,20,2015,갱신,26.08~28.08,37500.0,,,,
동작구,11590,상도1동,202607,연립다세대_전월세,H.S빌,상도1동,325-6,52,,1000,67,3,18,2008,신규,26.07~28.07,,,,,
동작구,11590,사당동,202607,연립다세대_전월세,메종슈에뜨26,사당동,1026-26,27.25,,5000,116,5,20,2017,신규,26.08~28.08,,,,,
동작구,11590,대방동,202607,연립다세대_전월세,케렌시아대방,대방동,416-1,23.12,,2000,120,4,9,2022,신규,26.07~27.03,,,,,
동작구,11590,사당동,202607,연립다세대_전월세,(202-12),사당동,202-12,38.5,,10000,50,2,21,2002,신규,26.08~28.07,,,,,
동작구,11590,상도동,202607,연립다세대_전월세,민이하이츠빌,상도동,22-59,39.69,,500,45,1,16,2003,신규,26.07~28.07,,,,,
동작구,11590,흑석동,202607,연립다세대_전월세,샹그릴라(196-18),흑석동,196-18,20.91,,500,85,3,15,2015,신규,26.07~28.03,,,,,
동작구,11590,상도1동,202607,연립다세대_전월세,(494),상도1동,494,23.22,,1000,66,2,5,2002,신규,26.08~28.02,,,,,
동작구,11590,신대방동,202607,연립다세대_전월세,수연빌,신대방동,617-6,28.83,,20000,0,4,20,2012,신규,26.08~28.08,,,,,
동작구,11590,사당동,202607,연립다세대_전월세,아크로하임A동,사당동,316-289,52.26,,40000,0,2,19,2018,신규,26.09~28.09,,,,,
동작구,11590,상도동,202607,연립다세대_전월세,리치빌(299-168),상도동,299-168,20.32,,9000,33,2,7,2012,신규,26.09~28.09,,,,,
동작구,11590,상도동,202607,연립다세대_전월세,아인빌(299-163),상도동,299-163,52.92,,13000,23,2,15,1996,갱신,26.07~28.07,13000.0,20.0,사용,,
동작구,11590,상도동,202607,연립다세대_전월세,다원씨앤아이,상도동,201-58,29.175,,27000,0,3,21,2018,갱신,26.08~28.08,26400.0,,,,
동작구,11590,상도동,202607,연립다세대_전월세,대영빌라,상도동,126-46,37.24,,14500,0,4,11,1995,신규,26.07~28.07,,,,,
동작구,11590,상도동,202607,연립다세대_전월세,스카이타운,상도동,56-73,21.53,,16500,20,2,17,2017,신규,26.08~28.08,,,,,
동작구,11590,상도동,202607,연립다세대_전월세,리틀포레스트,상도동,465,19.8,,5500,85,5,3,2023,신규,26.07~28.07,,,,,
동작구,11590,사당동,202607,연립다세대_전월세,노블리치빌,사당동,230-7,36.86,,24500,20,2,18,2012,갱신,26.07~28.07,24500.0,15.0,,,
동작구,11590,사당동,202607,연립다세대_전월세,강남맨션,사당동,241-13,80.61,,33000,15,3,20,2003,갱신,26.07~28.07,30000.0,20.0,,,
동작구,11590,사당동,202607,연립다세대_전월세,THEiel(더이엘),사당동,1003-36,28.6,,30000,0,2,15,2026,신규,26.08~28.08,,,,,
동작구,11590,대방동,202607,연립다세대_전월세,메종드보아,대방동,23-16,69.77,,36000,0,1,20,2002,신규,26.09~28.09,,,,,
동작구,11590,대방동,202607,연립다세대_전월세,(383-7),대방동,383-7,45.99,,24000,0,3,8,2013,갱신,26.07~28.07,23000.0,,,,
동작구,11590,상도1동,202607,연립다세대_전월세,아카시아빌,상도1동,552-1,17.25,,1000,58,4,15,2012,신규,26.07~27.07,,,,,
동작구,11590,상도1동,202607,연립다세대_전월세,동도리치빌라(764-1),상도1동,764-1,79.92,,38000,30,4,16,1996,갱신,26.07~28.07,39900.0,,사용,,
동작구,11590,상도동,202607,연립다세대_전월세,(256-100),상도동,256-100,38.25,,1000,40,-1,18,1986,신규,26.07~28.07,,,,,
동작구,11590,대방동,202607,연립다세대_전월세,종원빌라8동,대방동,393-80,41.04,,1000,50,2,18,1986,갱신,26.07~28.07,1000.0,50.0,사용,,
동작구,11590,상도동,202607,연립다세대_전월세,(495-2),상도동,495-2,14.99,,1000,58,3,18,1995,신규,26.08~27.08,,,,,
동작구,11590,사당동,202607,연립다세대_전월세,(70-23),사당동,70-23,40.17,,2000,56,2,3,2004,신규,26.07~28.07,,,,,
동작구,11590,상도동,202607,연립다세대_전월세,금광휴먼씨티,상도동,17-57,62.26,,10000,0,5,9,2011,갱신,26.08~28.08,10000.0,,,,
동작구,11590,노량진동,202607,연립다세대_전월세,태영아트빌,노량진동,221-3,66.33,,33000,0,5,14,2004,신규,26.10~28.10,,,,,
동작구,11590,상도동,202607,연립다세대_전월세,상도동행복주택,상도동,211-467,20.02,,4656,17,2,19,2020,갱신,26.08~28.07,3808.0,14.0,,,
동작구,11590,상도동,202607,연립다세대_전월세,예그리나(299-120),상도동,299-120,42.74,,4639,12,2,17,2015,갱신,26.08~28.07,3305.0,19.0,,,
동작구,11590,상도동,202607,연립다세대_전월세,현진빌라(221-1),상도동,221-1,68.94,,36000,0,1,16,1984,신규,26.09~28.09,,,,,
동작구,11590,상도동,202607,연립다세대_전월세,에이스빌,상도동,279-69,61.31,,27000,0,2,16,2008,갱신,26.08~26.09,27000.0,,,,
동작구,11590,사당동,202607,연립다세대_전월세,(419-76),사당동,419-76,42.96,,1628,47,3,15,2023,갱신,26.08~28.07,4072.0,42.0,,,
동작구,11590,상도동,202607,연립다세대_전월세,다나네스트빌(22-38),상도동,22-38,56.4,,27636,25,2,11,2008,갱신,26.09~28.09,26000.0,25.0,,,
동작구,11590,상도동,202607,연립다세대_전월세,미소가(279-217),상도동,279-217,42.08,,20000,0,5,16,2011,신규,26.08~28.08,,,,,
동작구,11590,상도동,202607,연립다세대_전월세,청아맨션,상도동,335-209,63.92,,17000,60,2,15,2008,신규,26.09~28.09,,,,,
동작구,11590,노량진동,202607,연립다세대_전월세,노량진큐브스테이트,노량진동,267-6,15.94,,18500,0,15,15,2020,신규,26.09~28.09,,,,,
동작구,11590,상도동,202607,연립다세대_전월세,리틀포레스트,상도동,465,29.25,,5000,121,2,15,2023,갱신,26.10~27.08,5000.0,115.0,,,
동작구,11590,대방동,202607,연립다세대_전월세,리치빌(391-548),대방동,391-548,21.22,,13932,3,2,14,2012,갱신,26.08~28.08,13230.0,3.0,,,
동작구,11590,상도동,202607,연립다세대_전월세,홈인레지던스,상도동,28-4,14.47,,6800,9,3,9,2013,신규,26.08~27.08,,,,,
동작구,11590,대방동,202607,연립다세대_전월세,리더스빌,대방동,397-4,53.75,,27000,28,5,16,2004,신규,26.09~28.09,,,,,
동작구,11590,사당동,202607,연립다세대_전월세,삼원A동,사당동,1035-24,78.5,,40000,35,2,15,2002,갱신,26.07~28.07,36000.0,25.0,,,
동작구,11590,사당동,202607,연립다세대_전월세,아정빌리지(272-45),사당동,272-45,39.87,,26000,0,3,13,2009,신규,26.08~28.08,,,,,
동작구,11590,대방동,202607,연립다세대_전월세,덕운주택,대방동,335-13,75.5,,27000,70,3,7,2001,신규,26.10~28.10,,,,,
동작구,11590,대방동,202607,연립다세대_전월세,효주파크빌(392-19),대방동,392-19,33.08,,18690,0,3,15,2012,갱신,26.08~27.05,18690.0,,,,
동작구,11590,상도1동,202607,연립다세대_전월세,방주샬롬(324-10),상도1동,324-10,60.99,,25000,20,1,13,1996,갱신,26.09~28.09,24000.0,20.0,사용,,
동작구,11590,노량진동,202607,연립다세대_전월세,서림빌라,노량진동,205-55,46.06,,3000,100,2,15,1996,신규,26.07~28.07,,,,,
동작구,11590,상도동,202607,연립다세대_전월세,서정캐슬,상도동,506,20.7,,3000,55,6,4,2016,신규,26.08~28.08,,,,,
동작구,11590,사당동,202607,연립다세대_전월세,보배아트빌라,사당동,1049-14,53.88,,30000,0,4,15,1995,갱신,26.08~28.08,30000.0,,,,
동작구,11590,사당동,202607,연립다세대_전월세,우남파크빌(316-266),사당동,316-266,48.26,,33000,0,5,14,2012,갱신,26.08~28.08,33000.0,,,,
동작구,11590,사당동,202607,연립다세대_전월세,메종슈에뜨101,사당동,419-101,20.89,,22000,0,3,14,2016,신규,26.08~28.08,,,,,
동작구,11590,상도1동,202607,연립다세대_전월세,한수로얄빌라,상도1동,484,37.8,,6000,50,2,13,2003,신규,26.08~27.08,,,,,
동작구,11590,상도동,202607,연립다세대_전월세,예림미소가,상도동,214-185,35.91,,21000,15,5,14,2014,신규,26.09~28.09,,,,,
동작구,11590,사당동,202607,연립다세대_전월세,메종슈에뜨101,사당동,419-101,20.89,,22000,0,3,14,2016,신규,26.08~28.08,,,,,
동작구,11590,상도동,202607,연립다세대_전월세,강남빌(279-535),상도동,279-535,37.19,,30400,0,3,14,2018,신규,26.09~28.09,,,,,
동작구,11590,상도동,202607,연립다세대_전월세,다나네스트빌(211-114),상도동,211-114,28.98,,16300,0,2,14,2008,갱신,26.08~28.09,15300.0,,,,
동작구,11590,상도동,202607,연립다세대_전월세,홈인레지던스,상도동,28-4,16.1,,5000,21,5,11,2013,신규,26.08~28.08,,,,,
동작구,11590,사당동,202607,연립다세대_전월세,사당동다세대주택(1027-9),사당동,1027-9,37.05,,500,63,2,13,2002,신규,26.09~27.09,,,,,
동작구,11590,상도1동,202607,연립다세대_전월세,(478-0),상도1동,478,13.82,,1000,54,2,12,2012,신규,26.08~27.08,,,,,
동작구,11590,대방동,202607,연립다세대_전월세,타워빌라3차,대방동,384-12,81.325,,28000,0,2,2,2001,신규,26.08~28.08,,,,,
동작구,11590,상도동,202607,연립다세대_전월세,태경,상도동,204-143,21.7,,7000,0,-1,13,2013,갱신,26.07~28.07,7000.0,,사용,,
동작구,11590,신대방동,202607,연립다세대_전월세,한백리츠빌,신대방동,360-170,28.85,,24000,17,4,10,2017,갱신,26.08~28.08,23000.0,16.0,,,
동작구,11590,상도동,202607,연립다세대_전월세,효파크빌,상도동,159-37,57.62,,38000,0,3,11,2019,신규,26.08~28.08,,,,,
동작구,11590,상도동,202607,연립다세대_전월세,푸른숲하우스,상도동,259-61,29.98,,20000,29,2,10,2015,신규,26.08~28.08,,,,,
동작구,11590,신대방동,202607,연립다세대_전월세,소노트리지움,신대방동,687-13,42.69,,32000,0,2,13,2019,신규,26.08~28.08,,,,,
동작구,11590,노량진동,202607,연립다세대_전월세,미도빌,노량진동,148-5,13.39,,500,55,4,12,1990,신규,26.07~27.02,,,,,
동작구,11590,상도동,202607,연립다세대_전월세,상도그린타운,상도동,2-7,61.35,,21500,0,4,4,1999,갱신,26.07~28.07,21000.0,,,,
동작구,11590,상도1동,202607,연립다세대_전월세,CNHhome,상도1동,500,15.41,,2000,65,3,10,2012,신규,26.08~28.08,,,,,
동작구,11590,사당동,202607,연립다세대_전월세,대도로얄,사당동,180-13,65.36,,25000,0,1,8,1992,신규,26.09~28.09,,,,,
동작구,11590,사당동,202607,연립다세대_전월세,한양타운2,사당동,316-182,19.36,,2000,64,2,6,2018,신규,26.07~28.07,,,,,
동작구,11590,상도1동,202607,연립다세대_전월세,CNHhome,상도1동,500,18.58,,2000,74,4,3,2012,갱신,26.08~27.08,2000.0,74.0,,,
동작구,11590,상도동,202607,연립다세대_전월세,해피하우스(242-92),상도동,242-92,17.45,,15000,20,3,11,2013,신규,26.09~28.09,,,,,
동작구,11590,상도1동,202607,연립다세대_전월세,데이빗하우스,상도1동,802-2,29.99,,28500,10,2,8,2016,신규,26.09~28.08,,,,,
동작구,11590,사당동,202607,연립다세대_전월세,그린하우스,사당동,180-24,27.86,,25200,0,4,9,2022,갱신,26.09~28.09,24000.0,,,,
동작구,11590,대방동,202607,연립다세대_전월세,그린힐빌라,대방동,393-22,69.93,,17400,55,4,11,2001,갱신,26.09~28.09,16400.0,50.0,,,
동작구,11590,대방동,202607,연립다세대_전월세,그린빌라트(11-85),대방동,11-85,29.94,,22000,0,4,12,2014,갱신,26.07~28.07,21000.0,,,,
동작구,11590,상도동,202607,연립다세대_전월세,상도훼밀리빌라,상도동,259-42,62.98,,23000,0,4,10,1996,신규,26.08~28.08,,,,,
동작구,11590,대방동,202607,연립다세대_전월세,태성팰리스,대방동,387-5,29.87,,21000,30,2,3,2016,신규,26.08~28.08,,,,,
동작구,11590,대방동,202607,연립다세대_전월세,프로방스,대방동,414-17,19.18,,2800,59,4,2,2016,갱신,26.08~27.08,2800.0,57.0,,,
동작구,11590,노량진동,202607,연립다세대_전월세,태영오피스텔,노량진동,56-11,10.667,,2000,55,11,9,2015,신규,26.08~27.08,,,,,
동작구,11590,흑석동,202607,연립다세대_전월세,에이피플러스(186-94),흑석동,186-94,29.88,,28000,0,4,10,2015,신규,26.08~28.08,,,,,
동작구,11590,신대방동,202607,연립다세대_전월세,한길아트빌,신대방동,360-171,29.96,,19000,20,3,10,2013,신규,26.10~28.10,,,,,
동작구,11590,사당동,202607,연립다세대_전월세,선흥별장원룸,사당동,64-41,53.35,,1000,40,1,10,1997,신규,26.07~28.07,,,,,
동작구,11590,상도동,202607,연립다세대_전월세,홈인레지던스,상도동,28-4,12.6,,8300,4,3,9,2013,갱신,26.08~28.08,9000.0,,,,
동작구,11590,상도동,202607,연립다세대_전월세,효성주택(299-111),상도동,299-111,47.14,,50,45,3,10,2015,신규,26.07~28.07,,,,,
동작구,11590,상도동,202607,연립다세대_전월세,스카이빌,상도동,22-43,57.42,,30400,0,2,10,2002,갱신,26.10~28.10,29400.0,,,,
동작구,11590,노량진동,202607,연립다세대_전월세,한강빌라(221-84),노량진동,221-84,48.96,,20000,0,4,9,1991,신규,26.08~28.08,,,,,
동작구,11590,사당동,202607,연립다세대_전월세,위드빌,사당동,437-31,25.92,,15000,0,1,7,2007,갱신,26.07~28.07,14300.0,,,,
동작구,11590,상도1동,202607,연립다세대_전월세,토브하우스,상도1동,553,59.71,,53500,0,5,9,2022,갱신,26.07~28.07,51000.0,,사용,,
동작구,11590,흑석동,202607,연립다세대_전월세,현산푸른숲하우스,흑석동,198-76,29.98,,27300,0,3,9,2017,신규,26.08~28.08,,,,,
동작구,11590,상도동,202607,연립다세대_전월세,라이온골드빌2차,상도동,301-191,43.27,,21000,0,2,9,2014,신규,26.09~28.09,,,,,
동작구,11590,상도동,202607,연립다세대_전월세,네오빌리지(299-57),상도동,299-57,26.43,,22000,0,2,8,2014,신규,26.08~28.08,,,,,
동작구,11590,사당동,202607,연립다세대_전월세,태양(229-2),사당동,229-2,66.6,,34500,0,2,9,1993,갱신,26.08~28.08,34500.0,,,,
동작구,11590,상도동,202607,연립다세대_전월세,(259-21),상도동,259-21,39.88,,10000,25,1,6,1986,신규,26.08~28.08,,,,,
동작구,11590,사당동,202607,연립다세대_전월세,동원빌리지2차,사당동,449-22,46.36,,24000,10,4,8,2003,신규,26.08~28.08,,,,,
동작구,11590,신대방동,202607,연립다세대_전월세,드림타운빌,신대방동,367-65,59.95,,37900,6,2,1,2020,신규,26.10~28.10,,,,,
동작구,11590,사당동,202607,연립다세대_전월세,대원빌딩,사당동,1006-9,16.8,,1000,53,4,9,2002,신규,26.07~28.07,,,,,
동작구,11590,신대방동,202607,연립다세대_전월세,옥동그린,신대방동,634-1,41.9,,20000,0,4,8,2006,신규,26.08~28.08,,,,,
동작구,11590,상도동,202607,연립다세대_전월세,예그린,상도동,279-329,28.82,,20000,20,2,8,2020,신규,26.09~28.08,,,,,
동작구,11590,상도동,202607,연립다세대_전월세,브이업빌딩,상도동,54-26,17.08,,1000,70,4,3,2017,신규,26.07~27.07,,,,,
동작구,11590,사당동,202607,연립다세대_전월세,자가자찬,사당동,217-15,29.96,,25000,0,2,1,2018,갱신,26.07~28.07,25000.0,,사용,,
동작구,11590,신대방동,202607,연립다세대_전월세,스마티움(721),신대방동,721,14.56,,500,60,5,2,2014,신규,26.08~27.08,,,,,
동작구,11590,상도동,202607,연립다세대_전월세,서연빌,상도동,159-38,29.1,,25200,0,1,8,2017,신규,26.09~28.09,,,,,
동작구,11590,사당동,202607,연립다세대_전월세,엘파라시오5차,사당동,296-34,29.78,,26000,20,5,9,2017,신규,26.08~28.08,,,,,
동작구,11590,사당동,202607,연립다세대_전월세,cogystudio,사당동,1046-23,19.98,,12000,12,2,7,2014,신규,26.08~28.08,,,,,
동작구,11590,상도동,202607,연립다세대_전월세,서림빌라,상도동,279-128,74.43,,32000,0,3,7,1997,신규,26.09~28.09,,,,,
동작구,11590,신대방동,202607,연립다세대_전월세,옥동그린,신대방동,634-1,41.9,,20000,0,4,8,2006,신규,26.08~28.08,,,,,
동작구,11590,사당동,202607,연립다세대_전월세,대하빌라,사당동,303-13,29.5,,5000,10,-1,8,1994,갱신,26.07~28.07,5000.0,,,,
동작구,11590,상도동,202607,연립다세대_전월세,미소가22차,상도동,302,33.68,,24000,5,2,8,2016,신규,26.08~28.08,,,,,
동작구,11590,사당동,202607,연립다세대_전월세,세화빌,사당동,72-18,28.51,,18000,10,3,8,2012,신규,26.08~28.08,,,,,
동작구,11590,사당동,202607,연립다세대_전월세,(446-38),사당동,446-38,30.14,,21000,0,3,8,2012,신규,26.07~28.07,,,,,
동작구,11590,대방동,202607,연립다세대_전월세,파인빌2,대방동,378-38,37.85,,20350,0,5,8,2004,신규,26.07~28.07,,,,,
동작구,11590,사당동,202607,연립다세대_전월세,정원빌,사당동,128-1,22.74,,8500,33,3,7,2012,신규,26.10~28.10,,,,,
동작구,11590,사당동,202607,연립다세대_전월세,천금하우스,사당동,1035-16,29.85,,1000,60,2,8,2018,신규,26.07~28.07,,,,,
동작구,11590,사당동,202607,연립다세대_전월세,준하우스(91-99),사당동,91-99,59.71,,35676,0,3,5,2014,갱신,26.07~27.07,33977.0,,,,
동작구,11590,사당동,202607,연립다세대_전월세,연우,사당동,235-81,42.88,,18000,40,2,7,1981,신규,26.08~28.08,,,,,
동작구,11590,사당동,202607,연립다세대_전월세,상신스타,사당동,305-28,84.42,,1000,50,5,2,2003,갱신,26.07~28.07,1000.0,45.0,,,
동작구,11590,사당동,202607,연립다세대_전월세,태영힐하우스,사당동,419-52,20.01,,23100,15,3,6,2021,신규,26.07~28.07,,,,,
동작구,11590,상도동,202607,연립다세대_전월세,삼성하이츠(202-119),상도동,202-119,48.02,,15000,125,2,7,2019,신규,26.07~28.07,,,,,
동작구,11590,신대방동,202607,연립다세대_전월세,그린나래,신대방동,364-170,29.9,,20000,40,3,7,2018,신규,26.09~28.09,,,,,
동작구,11590,대방동,202607,연립다세대_전월세,리안,대방동,394-26,14.59,,1000,61,8,1,2017,신규,26.07~27.07,,,,,
동작구,11590,대방동,202607,연립다세대_전월세,엘리시아(384-2),대방동,384-2,15.48,,2000,63,6,6,2014,신규,26.07~27.07,,,,,
동작구,11590,상도동,202607,연립다세대_전월세,리안아트,상도동,279-475,24.17,,17000,0,1,7,2018,신규,26.08~28.08,,,,,
동작구,11590,사당동,202607,연립다세대_전월세,파트너빌B동(279-23),사당동,279-23,59.56,,38500,0,2,2,2015,신규,26.09~28.09,,,,,
동작구,11590,사당동,202607,연립다세대_전월세,드림하우스(161-59),사당동,161-59,22.12,,12000,25,3,4,2014,신규,26.07~28.07,,,,,
동작구,11590,사당동,202607,연립다세대_전월세,조은아트빌,사당동,220-44,39.62,,5000,120,4,2,2014,신규,26.08~28.08,,,,,
동작구,11590,사당동,202607,연립다세대_전월세,정원빌,사당동,128-1,22.74,,9000,20,3,6,2012,신규,26.09~28.09,,,,,
동작구,11590,대방동,202607,연립다세대_전월세,종원빌라2동,대방동,393-75,40.86,,11000,0,-1,7,1986,갱신,26.07~28.07,11000.0,,,,
동작구,11590,신대방동,202607,연립다세대_전월세,주원베르빌,신대방동,689-31,48.6,,33000,0,2,5,2016,갱신,26.07~28.07,33000.0,,사용,,
동작구,11590,상도1동,202607,연립다세대_전월세,늘품명가2차,상도1동,483-9,16.54,,2000,60,3,4,2015,신규,26.08~28.02,,,,,
동작구,11590,사당동,202607,연립다세대_전월세,(419-106),사당동,419-106,49.39,,30000,0,2,4,2011,신규,26.09~28.09,,,,,
동작구,11590,상도동,202607,연립다세대_전월세,대명파크빌,상도동,210-278,76.11,,26000,70,5,4,2002,신규,26.09~28.09,,,,,
동작구,11590,사당동,202607,연립다세대_전월세,세영베스트빌(241-24),사당동,241-24,80,,47000,0,3,4,2003,신규,26.10~28.10,,,,,
동작구,11590,상도동,202607,연립다세대_전월세,강남빌(243-4),상도동,243-4,43.7,,36700,0,5,4,2022,신규,26.08~28.08,,,,,
동작구,11590,상도동,202607,연립다세대_전월세,세이프빌,상도동,159-42,39.12,,25000,25,4,1,2019,갱신,26.07~28.07,24000.0,25.0,,,
동작구,11590,상도동,202607,연립다세대_전월세,골든빌라,상도동,204-149,57.3,,20000,0,4,4,1992,신규,26.08~28.08,,,,,
동작구,11590,사당동,202607,연립다세대_전월세,삼성쉐르빌(419-110),사당동,419-110,55.1,,32500,10,3,3,2008,신규,26.08~28.08,,,,,
동작구,11590,상도동,202607,연립다세대_전월세,마운틴빌라,상도동,279-419,56.58,,10000,80,3,4,1996,신규,26.08~28.08,,,,,
동작구,11590,상도동,202607,연립다세대_전월세,팰리스타운(335-158),상도동,335-158,59.53,,2000,120,1,4,2016,신규,26.07~28.07,,,,,
동작구,11590,상도동,202607,연립다세대_전월세,(22-108),상도동,22-108,16.28,,1000,63,6,3,2019,신규,26.07~28.07,,,,,
동작구,11590,상도1동,202607,연립다세대_전월세,희하우스,상도1동,618,17.28,,3000,60,3,3,2017,신규,26.08~28.08,,,,,
동작구,11590,사당동,202607,연립다세대_전월세,청목아크빌,사당동,1021-33,42.25,,31000,0,2,1,2011,신규,26.07~28.07,,,,,
동작구,11590,사당동,202607,연립다세대_전월세,메종슈에뜨101,사당동,419-101,20.89,,22000,0,3,3,2016,신규,26.08~28.08,,,,,
동작구,11590,상도동,202607,연립다세대_전월세,모건빌라트,상도동,261-5,25.92,,100,60,4,3,2012,신규,26.07~26.10,,,,,
동작구,11590,상도동,202607,연립다세대_전월세,킹스타운B동,상도동,301-61,45.56,,20000,30,4,1,2014,신규,26.08~28.08,,,,,
동작구,11590,상도동,202607,연립다세대_전월세,승원주택,상도동,299-30,26.7,,23000,0,4,2,2018,신규,26.08~28.08,,,,,
동작구,11590,상도동,202607,연립다세대_전월세,명아트빌라,상도동,126-30,59.5,,23000,50,2,2,1995,갱신,26.08~28.08,23000.0,,,,
동작구,11590,상도동,202607,연립다세대_전월세,미성렉스빌,상도동,7-24,72.8,,36000,0,1,2,2008,갱신,26.07~28.07,33000.0,20.0,,,
동작구,11590,신대방동,202607,연립다세대_전월세,그린나래,신대방동,364-170,29.72,,20000,35,3,1,2018,갱신,26.08~28.08,20000.0,25.0,사용,,
동작구,11590,상도동,202607,연립다세대_전월세,세이프빌,상도동,159-42,39.12,,25000,25,4,1,2019,갱신,26.07~28.07,24000.0,25.0,,,
동작구,11590,상도동,202607,연립다세대_전월세,STUDIO상도15,상도동,214-61,27.44,,6454,15,3,1,2019,갱신,26.07~28.06,2646.0,34.0,,,
동작구,11590,사당동,202607,연립다세대_전월세,정도주택,사당동,183-2,36.13,,2853,29,4,1,2021,신규,26.07~28.09,,,,,
동작구,11590,동작동,202607,아파트_전월세,이수스위첸포레힐즈,동작동,102,84.97,,94000,18,12,17,2022,,,,,,,
동작구,11590,흑석동,202607,아파트_전월세,명수대현대,흑석동,10,112.29,,84000,0,9,11,1988,,,,,,,
동작구,11590,본동,202607,아파트_전월세,한강쌍용,본동,150,59.64,,20000,86,2,17,1999,,,,,,,
동작구,11590,동작동,202607,아파트_전월세,이수힐스테이트,동작동,333,59.998,,80000,0,8,30,2013,,,,,,,
동작구,11590,신대방동,202607,아파트_전월세,동작협성휴포레시그니처,신대방동,686-48,84.9464,,76000,0,11,4,2022,,,,,,,
동작구,11590,사당동,202607,아파트_전월세,사당자이,사당동,1139,114.94,,10000,250,14,25,1999,,,,,,,
동작구,11590,사당동,202607,아파트_전월세,신동아5,사당동,1137,59.67,,38000,80,5,25,1998,,,,,,,
동작구,11590,사당동,202607,아파트_전월세,경남아너스빌1차,사당동,1134,59.9,,40000,0,2,16,1997,,,,,,,
동작구,11590,상도동,202607,아파트_전월세,이수브라운스톤상도(527-0),상도동,527,59.91,,15000,155,7,21,2007,,,,,,,
동작구,11590,상도동,202607,아파트_전월세,힐스테이트 상도 센트럴파크,상도동,531,84.6099,,83000,0,3,13,2012,,,,,,,
동작구,11590,신대방동,202607,아파트_전월세,동작협성휴포레시그니처,신대방동,686-48,84.9869,,74500,0,14,3,2022,,,,,,,
동작구,11590,신대방동,202607,아파트_전월세,현대,신대방동,707,84.57,,75000,0,10,23,1996,신규,26.10~28.10,,,,,
동작구,11590,노량진동,202607,아파트_전월세,더클래식동작,노량진동,37-1,14.17,,5318,47,10,31,2020,갱신,26.10~28.10,5318.0,45.0,,,
동작구,11590,대방동,202607,아파트_전월세,대림아파트,대방동,501,84.92,,20000,235,10,11,1993,신규,26.08~28.08,,,,,
동작구,11590,대방동,202607,아파트_전월세,성원,대방동,500,84.32,,50000,150,22,9,1994,신규,26.08~28.08,,,,,
동작구,11590,노량진동,202607,아파트_전월세,메가스터디타워,노량진동,57-1,16.01,,15000,12,16,27,2015,신규,26.08~28.08,,,,,
동작구,11590,흑석동,202607,아파트_전월세,아크로리버하임,흑석동,341,59.9154,,72900,0,8,23,2019,신규,26.11~28.11,,,,,
동작구,11590,신대방동,202607,아파트_전월세,우성1차,신대방동,565,66.69,,45000,0,9,11,1988,신규,26.09~28.09,,,,,
동작구,11590,사당동,202607,아파트_전월세,래미안로이파크,사당동,1159,84.98,,92000,50,7,30,2018,갱신,26.10~28.10,92000.0,,사용,,
동작구,11590,노량진동,202607,아파트_전월세,더써밋타워,노량진동,54-4,18.3,,7600,33,4,26,2024,신규,26.09~28.09,,,,,
동작구,11590,신대방동,202607,아파트_전월세,우성1차,신대방동,565,127.02,,75000,0,8,2,1988,갱신,26.08~28.08,65000.0,,,,
동작구,11590,본동,202607,아파트_전월세,경동윈츠리버,본동,484,56.68,,54600,0,13,25,2004,갱신,26.10~28.10,52000.0,,사용,,
동작구,11590,사당동,202607,아파트_전월세,래미안로이파크,사당동,1159,84.98,,90000,60,20,4,2018,신규,26.08~28.08,,,,,
동작구,11590,흑석동,202607,아파트_전월세,흑석동양아파트,흑석동,328,59.511,,52000,0,10,17,2003,갱신,26.08~28.08,52000.0,,,,
동작구,11590,흑석동,202607,아파트_전월세,흑석한강센트레빌Ⅱ,흑석동,339,84.989,,2100,105,3,23,2012,갱신,26.07~28.07,2000.0,100.0,사용,,
동작구,11590,노량진동,202607,아파트_전월세,더클래식동작,노량진동,37-1,14.17,,5318,47,8,30,2020,갱신,26.10~28.10,5318.0,45.0,,,
동작구,11590,사당동,202607,아파트_전월세,사당롯데캐슬골든포레,사당동,1160,84.9787,,10000,300,5,28,2021,신규,26.08~28.08,,,,,
동작구,11590,상도동,202607,아파트_전월세,건영,상도동,414,32.8,,27700,0,11,22,1997,갱신,26.08~28.08,26400.0,,사용,,
동작구,11590,상도동,202607,아파트_전월세,상도두산위브,상도동,529,84.99,,72450,0,9,30,2010,갱신,26.08~28.08,69000.0,,사용,,
동작구,11590,신대방동,202607,아파트_전월세,롯데낙천대,신대방동,713,80.2422,,58100,30,15,25,2003,갱신,26.09~28.09,55000.0,30.0,,,
동작구,11590,대방동,202607,아파트_전월세,아데나339,대방동,515,15.36,,1000,51,3,6,2012,신규,26.07~27.07,,,,,
동작구,11590,흑석동,202607,아파트_전월세,흑석리버파크자이,흑석동,343,59.76,,80000,70,9,30,2025,신규,26.10~28.10,,,,,
동작구,11590,신대방동,202607,아파트_전월세,우성1차,신대방동,565,66.69,,36960,7,11,10,1988,갱신,26.09~28.09,36960.0,,사용,,
동작구,11590,흑석동,202607,아파트_전월세,흑석리버파크자이,흑석동,343,84.96,,15000,50,18,18,2025,신규,26.08~28.08,,,,,
동작구,11590,노량진동,202607,아파트_전월세,더써밋타워,노량진동,54-4,34.72,,16600,74,15,10,2024,신규,26.10~28.10,,,,,
동작구,11590,신대방동,202607,아파트_전월세,동작협성휴포레시그니처,신대방동,686-48,84.9869,,63000,70,9,22,2022,갱신,26.09~28.09,63000.0,,,,
동작구,11590,상도동,202607,아파트_전월세,래미안상도3차,상도동,431,114.97,,90000,0,13,28,2004,갱신,26.08~28.08,81500.0,,,,
동작구,11590,상도동,202607,아파트_전월세,힐스테이트 상도 센트럴파크,상도동,531,59.8758,,40000,170,6,31,2012,신규,26.09~28.09,,,,,
동작구,11590,노량진동,202607,아파트_전월세,더클래식동작,노량진동,37-1,14.23,,5318,47,10,31,2020,갱신,26.10~28.10,5318.0,45.0,,,
동작구,11590,사당동,202607,아파트_전월세,신동아4,사당동,105,84.46,,70350,0,1,23,1993,갱신,26.08~28.08,67000.0,,사용,,
동작구,11590,상도동,202607,아파트_전월세,삼성래미안2,상도동,421,59.886,,20000,180,8,6,2003,신규,26.08~28.08,,,,,
동작구,11590,노량진동,202607,아파트_전월세,신동아리버파크,노량진동,325,59.67,,5000,147,10,15,2001,갱신,26.08~28.08,5000.0,140.0,사용,,
동작구,11590,사당동,202607,아파트_전월세,래미안로이파크,사당동,1159,84.98,,25000,280,2,31,2018,신규,26.10~28.10,,,,,
동작구,11590,노량진동,202607,아파트_전월세,더써밋타워,노량진동,54-4,32.89,,12700,81,23,14,2024,신규,26.08~28.08,,,,,
동작구,11590,사당동,202607,아파트_전월세,사당롯데캐슬골든포레,사당동,1160,59.9908,,63000,0,7,17,2021,신규,26.09~28.09,,,,,
동작구,11590,본동,202607,아파트_전월세,신동아,본동,481,104.7,,50295,0,9,28,1993,갱신,26.09~28.09,47900.0,,사용,,
동작구,11590,대방동,202607,아파트_전월세,한국개나리,대방동,504,59.85,,44500,0,2,18,1997,갱신,26.08~26.12,42500.0,,사용,,
동작구,11590,노량진동,202607,아파트_전월세,더클래식동작,노량진동,37-1,16.25,,5967,51,18,29,2020,갱신,26.10~28.10,5967.0,49.0,,,
동작구,11590,상도동,202607,아파트_전월세,힐스테이트 상도 센트럴파크,상도동,531,84.6099,,15000,330,3,29,2012,신규,26.10~28.10,,,,,
동작구,11590,동작동,202607,아파트_전월세,이수교KCC스위첸,동작동,332,59.91,,20000,190,4,24,2006,신규,26.11~28.11,,,,,
동작구,11590,본동,202607,아파트_전월세,신동아,본동,481,84.46,,54000,0,10,24,1993,갱신,26.09~28.09,49000.0,,,,
동작구,11590,대방동,202607,아파트_전월세,대방1차e-편한세상,대방동,508,84.32,,80000,0,9,17,2003,신규,26.10~28.10,,,,,
동작구,11590,상도동,202607,아파트_전월세,포스코더샵,상도동,521,84.995,,66000,0,9,31,2007,갱신,26.10~29.02,63000.0,,,,
동작구,11590,상도동,202607,아파트_전월세,힐스테이트 상도 센트럴파크,상도동,531,59.8758,,40000,160,14,24,2012,신규,26.09~28.10,,,,,
동작구,11590,노량진동,202607,아파트_전월세,더클래식동작,노량진동,37-1,14.23,,5318,47,17,29,2020,갱신,26.10~28.10,5318.0,45.0,,,
동작구,11590,상도동,202607,아파트_전월세,래미안상도3차,상도동,431,84.96,,54000,94,1,27,2004,갱신,26.08~28.08,52000.0,68.0,,,
동작구,11590,흑석동,202607,아파트_전월세,흑석리버파크자이,흑석동,343,59.98,,83500,0,12,27,2025,갱신,26.09~28.09,81000.0,,사용,,
동작구,11590,대방동,202607,아파트_전월세,보라매코오롱하늘채,대방동,509,84.7,,40000,75,8,29,2005,갱신,26.10~28.10,50700.0,,사용,,
동작구,11590,상도동,202607,아파트_전월세,현대(관악),상도동,407,84.78,,20000,130,2,20,1992,신규,26.09~28.09,,,,,
동작구,11590,상도동,202607,아파트_전월세,상도푸르지오클라베뉴,상도동,906,59.8166,,10000,240,9,4,2024,신규,26.08~27.10,,,,,
동작구,11590,사당동,202607,아파트_전월세,사당우성3,사당동,105,46.75,,8000,130,8,13,1993,신규,26.09~28.09,,,,,
동작구,11590,대방동,202607,아파트_전월세,경남아너스빌,대방동,512,84.778,,71400,0,14,25,2006,갱신,26.07~28.07,68000.0,,사용,,
동작구,11590,사당동,202607,아파트_전월세,이수역리가,사당동,1157,84.9827,,90000,0,13,23,2013,신규,26.09~28.09,,,,,
동작구,11590,본동,202607,아파트_전월세,한강쌍용,본동,150,59.64,,1000,65,13,25,1999,신규,26.08~27.08,,,,,
동작구,11590,상도동,202607,아파트_전월세,씨티아모리움,상도동,532,15.5895,,3000,55,5,15,2012,갱신,26.09~28.09,3000.0,55.0,,,
동작구,11590,대방동,202607,아파트_전월세,대방동현대,대방동,502,84.96,,30000,145,20,28,1994,신규,26.09~28.09,,,,,
동작구,11590,노량진동,202607,아파트_전월세,더클래식동작,노량진동,37-1,14.23,,4480,38,4,29,2020,갱신,26.10~28.09,4480.0,36.0,,,
동작구,11590,신대방동,202607,아파트_전월세,현대,신대방동,707,84.57,,65000,0,8,11,1996,갱신,26.08~28.08,57750.0,,,,
동작구,11590,노량진동,202607,아파트_전월세,더클래식동작,노량진동,37-1,14.23,,5318,47,12,31,2020,갱신,26.10~28.10,5318.0,45.0,,,
동작구,11590,사당동,202607,아파트_전월세,현대주택조합,사당동,산25-2,84.99,,50000,50,13,18,1993,신규,26.10~28.10,,,,,
동작구,11590,흑석동,202607,아파트_전월세,흑석한강푸르지오,흑석동,336,84.91,,100000,0,8,22,2012,신규,26.08~28.08,,,,,
동작구,11590,흑석동,202607,아파트_전월세,아크로리버하임,흑석동,341,59.9154,,41000,250,13,17,2019,신규,26.09~28.09,,,,,
동작구,11590,노량진동,202607,아파트_전월세,힐스테이트장승배기역,노량진동,336,84.8768,,110000,0,12,27,2026,신규,26.12~28.12,,,,,
동작구,11590,흑석동,202607,아파트_전월세,롯데캐슬에듀포레,흑석동,340,84.9778,,110000,0,21,25,2018,신규,26.11~28.11,,,,,
동작구,11590,동작동,202607,아파트_전월세,이수교신동아아파트,동작동,329,56.48,,50000,0,5,31,2001,신규,26.10~28.10,,,,,
동작구,11590,흑석동,202607,아파트_전월세,롯데캐슬에듀포레,흑석동,340,84.9912,,1500,130,8,31,2018,신규,26.07~28.07,,,,,
동작구,11590,흑석동,202607,아파트_전월세,흑석한강푸르지오,흑석동,336,84.91,,100000,0,8,22,2012,신규,26.08~28.08,,,,,
동작구,11590,본동,202607,아파트_전월세,유원강변,본동,482,114.58,,75000,0,2,30,2000,신규,26.10~28.10,,,,,
동작구,11590,흑석동,202607,아파트_전월세,명수대현대,흑석동,10,112.29,,84000,0,9,11,1988,신규,26.08~28.08,,,,,
동작구,11590,대방동,202607,아파트_전월세,대림아파트,대방동,501,84.92,,82000,0,9,12,1993,신규,26.09~28.09,,,,,
동작구,11590,사당동,202607,아파트_전월세,사당롯데캐슬골든포레,사당동,1160,59.8557,,10000,250,10,17,2021,신규,26.10~28.10,,,,,
동작구,11590,노량진동,202607,아파트_전월세,더클래식동작,노량진동,37-1,14.23,,5318,47,9,29,2020,갱신,26.10~28.10,5318.0,45.0,,,
동작구,11590,흑석동,202607,아파트_전월세,아크로리버하임,흑석동,341,59.5777,,100000,0,20,29,2019,신규,26.10~28.10,,,,,
동작구,11590,노량진동,202607,아파트_전월세,더클래식동작,노량진동,37-1,14.17,,4480,40,4,30,2020,갱신,26.10~28.10,4480.0,38.0,,,
동작구,11590,상도동,202607,아파트_전월세,힐스테이트 상도 프레스티지,상도동,533,84.951,,95000,0,11,12,2013,신규,26.09~28.09,,,,,
동작구,11590,노량진동,202607,아파트_전월세,더클래식동작,노량진동,37-1,14.17,,5318,47,15,29,2020,갱신,26.10~28.10,5318.0,45.0,,,
동작구,11590,노량진동,202607,아파트_전월세,메가스터디타워,노량진동,57-1,15.974,,1000,70,9,9,2015,신규,26.08~27.08,,,,,
동작구,11590,노량진동,202607,아파트_전월세,더클래식동작,노량진동,37-1,14.17,,4480,40,5,30,2020,갱신,26.10~28.10,4480.0,38.0,,,
동작구,11590,상도동,202607,아파트_전월세,상도푸르지오클라베뉴,상도동,906,74.9953,,60000,75,5,10,2024,신규,26.10~28.10,,,,,
동작구,11590,상도동,202607,아파트_전월세,힐스테이트 상도 프레스티지,상도동,533,84.884,,78750,0,7,17,2013,갱신,26.09~28.09,75000.0,,사용,,
동작구,11590,사당동,202607,아파트_전월세,이수역리가,사당동,1157,84.847,,25000,280,2,31,2013,신규,26.10~28.10,,,,,
동작구,11590,사당동,202607,아파트_전월세,사당롯데캐슬골든포레,사당동,1160,84.9739,,50000,104,16,4,2021,갱신,26.08~28.08,50000.0,90.0,사용,,
동작구,11590,본동,202607,아파트_전월세,래미안트윈파크,본동,494,84.94,,97600,0,14,30,2011,갱신,26.08~28.08,93000.0,,사용,,
동작구,11590,사당동,202607,아파트_전월세,제일,사당동,240-15,60.03,,10000,150,2,27,1987,신규,26.09~28.09,,,,,
동작구,11590,상도동,202607,아파트_전월세,상도푸르지오클라베뉴,상도동,906,84.9198,,76000,0,12,22,2024,갱신,26.08~28.08,73000.0,,,,
동작구,11590,흑석동,202607,아파트_전월세,아크로리버하임,흑석동,341,84.7536,,116000,0,4,10,2019,갱신,26.07~28.07,113000.0,,사용,,
동작구,11590,신대방동,202607,아파트_전월세,동작협성휴포레시그니처,신대방동,686-48,84.9869,,5250,263,19,31,2022,갱신,26.10~28.10,5000.0,250.0,사용,,
동작구,11590,본동,202607,아파트_전월세,래미안트윈파크,본동,494,59.9,,10000,254,6,27,2011,갱신,26.09~28.09,10000.0,240.0,사용,,
동작구,11590,사당동,202607,아파트_전월세,라온시티,사당동,1044-11,12.44,,2000,60,10,2,2014,갱신,26.07~28.07,2000.0,57.0,,,
동작구,11590,사당동,202607,아파트_전월세,사당롯데캐슬골든포레,사당동,1160,59.9908,,65600,0,4,16,2021,갱신,26.08~28.08,62500.0,,사용,,
동작구,11590,신대방동,202607,아파트_전월세,보라매자이더포레스트,신대방동,724,59.9365,,74000,0,35,26,2021,갱신,26.08~28.08,70500.0,,사용,,
동작구,11590,사당동,202607,아파트_전월세,이수푸르지오더프레티움,사당동,1161,84.9885,,10000,400,8,24,2021,신규,26.10~27.10,,,,,
동작구,11590,동작동,202607,아파트_전월세,금강KCC,동작동,331,84.95,,76650,0,4,24,2003,갱신,26.10~28.10,73000.0,,사용,,
동작구,11590,동작동,202607,아파트_전월세,이수힐스테이트,동작동,333,59.998,,80000,0,8,30,2013,신규,26.10~28.10,,,,,
동작구,11590,사당동,202607,아파트_전월세,극동(105),사당동,105,119.91,,85000,0,12,30,1993,신규,26.11~28.11,,,,,
동작구,11590,노량진동,202607,아파트_전월세,더클래식동작,노량진동,37-1,16.25,,5967,51,9,31,2020,갱신,26.10~28.10,5967.0,49.0,,,
동작구,11590,신대방동,202607,아파트_전월세,한성아파트,신대방동,470-8,59.87,,48600,0,9,31,1995,갱신,26.09~28.09,46300.0,,사용,,
동작구,11590,상도동,202607,아파트_전월세,상도파크자이,상도동,900,72.088,,60000,80,13,29,2016,신규,26.09~28.09,,,,,
동작구,11590,대방동,202607,아파트_전월세,대림아파트,대방동,501,84.92,,82000,0,9,12,1993,신규,26.09~28.09,,,,,
동작구,11590,흑석동,202607,아파트_전월세,흑석리버파크자이,흑석동,343,59.98,,83500,0,12,27,2025,갱신,26.09~28.09,81000.0,,사용,,
동작구,11590,사당동,202607,아파트_전월세,극동(105),사당동,105,59.25,,10000,175,12,23,1993,신규,26.09~28.09,,,,,
동작구,11590,상도동,202607,아파트_전월세,상도역롯데캐슬파크엘,상도동,904,74.9587,,78700,0,9,25,2021,갱신,26.08~28.07,75000.0,,사용,,
동작구,11590,상도동,202607,아파트_전월세,상도역롯데캐슬파크엘,상도동,904,59.9851,,73000,30,7,18,2021,신규,26.09~28.09,,,,,
동작구,11590,노량진동,202607,아파트_전월세,더클래식동작,노량진동,37-1,14.17,,5318,47,13,30,2020,갱신,26.10~28.10,5318.0,45.0,,,
동작구,11590,상도동,202607,아파트_전월세,상도효성해링턴플레이스,상도동,536,84.8136,,40000,133,12,19,2016,갱신,26.09~28.09,40000.0,120.0,사용,,
동작구,11590,노량진동,202607,아파트_전월세,더클래식동작,노량진동,37-1,14.23,,4480,40,3,31,2020,갱신,26.10~28.10,4480.0,38.0,,,
동작구,11590,사당동,202607,아파트_전월세,대림(169-8),사당동,169-8,125.4,,70000,0,8,22,1990,갱신,26.08~27.08,51000.0,,,,
동작구,11590,노량진동,202607,아파트_전월세,더클래식동작,노량진동,37-1,14.17,,5318,47,15,31,2020,갱신,26.10~28.10,5318.0,45.0,,,
동작구,11590,노량진동,202607,아파트_전월세,삼익,노량진동,330,58.96,,55000,0,3,30,2001,신규,26.10~28.10,,,,,
동작구,11590,사당동,202607,아파트_전월세,신동아4,사당동,105,46.75,,47000,0,9,18,1993,갱신,26.09~28.09,45000.0,,사용,,
동작구,11590,상도동,202607,아파트_전월세,상도동삼호아파트,상도동,408,114.63,,75000,0,9,10,1994,신규,26.07~28.07,,,,,
동작구,11590,노량진동,202607,아파트_전월세,더클래식동작,노량진동,37-1,16.25,,5967,51,10,30,2020,갱신,26.10~28.10,5967.0,49.0,,,
동작구,11590,흑석동,202607,아파트_전월세,해가든,흑석동,332,94.89,,78750,0,6,31,2010,갱신,26.08~28.08,75000.0,,사용,,
동작구,11590,상도동,202607,아파트_전월세,상도파크자이,상도동,900,72.328,,90000,0,13,25,2016,신규,26.10~28.10,,,,,
동작구,11590,상도동,202607,아파트_전월세,두산위브트레지움2차,상도동,535,84.864,,54600,0,1,31,2016,갱신,26.08~28.07,52000.0,,,,
동작구,11590,대방동,202607,아파트_전월세,주공2,대방동,503,51.66,,44100,0,9,31,1995,갱신,26.07~28.07,42000.0,,,,
동작구,11590,대방동,202607,아파트_전월세,대방1차e-편한세상,대방동,508,84.32,,80000,40,2,30,2003,신규,26.10~28.10,,,,,
동작구,11590,사당동,202607,아파트_전월세,극동(105),사당동,105,110.14,,55000,60,3,30,1993,신규,26.10~28.10,,,,,
동작구,11590,노량진동,202607,아파트_전월세,더클래식동작,노량진동,37-1,14.17,,5318,47,16,29,2020,갱신,26.10~28.10,5318.0,45.0,,,
동작구,11590,노량진동,202607,아파트_전월세,더클래식동작,노량진동,37-1,16.25,,5022,43,11,31,2020,갱신,26.10~28.10,5022.0,41.0,,,
동작구,11590,사당동,202607,아파트_전월세,케이씨씨,사당동,1153,121.3166,,10000,320,11,30,2007,신규,26.08~28.08,,,,,
동작구,11590,노량진동,202607,아파트_전월세,더클래식동작,노량진동,37-1,14.17,,5318,47,18,31,2020,갱신,26.10~28.10,5318.0,45.0,,,
동작구,11590,신대방동,202607,아파트_전월세,우성1차,신대방동,565,66.69,,42000,10,5,30,1988,갱신,26.11~28.11,42000.0,,사용,,
동작구,11590,상도동,202607,아파트_전월세,쌍용스윗닷홈,상도동,418,59.578,,57500,0,8,31,2003,갱신,26.08~28.08,55000.0,,사용,,
동작구,11590,노량진동,202607,아파트_전월세,더클래식동작,노량진동,37-1,16.25,,5967,51,12,30,2020,갱신,26.10~28.10,5967.0,49.0,,,
동작구,11590,노량진동,202607,아파트_전월세,더클래식동작,노량진동,37-1,16.25,,5967,48,7,30,2020,신규,26.09~28.09,,,,,
동작구,11590,노량진동,202607,아파트_전월세,더써밋타워,노량진동,54-4,18.3,,9400,41,16,30,2024,신규,26.09~28.09,,,,,
동작구,11590,사당동,202607,아파트_전월세,신동아4,사당동,105,59.89,,40000,47,1,30,1993,갱신,26.08~28.08,40000.0,38.0,사용,,
동작구,11590,신대방동,202607,아파트_전월세,롯데관악타워,신대방동,395-67,160.19,,102000,0,29,15,1996,신규,26.10~28.10,,,,,
동작구,11590,노량진동,202607,아파트_전월세,더클래식동작,노량진동,37-1,14.17,,5318,44,15,30,2020,갱신,26.10~28.10,5318.0,42.0,,,
동작구,11590,대방동,202607,아파트_전월세,아데나339,대방동,515,15.36,,1000,63,3,25,2012,신규,26.07~27.07,,,,,
동작구,11590,노량진동,202607,아파트_전월세,신동아리버파크,노량진동,325,59.67,,59000,0,2,29,2001,신규,26.09~28.09,,,,,
동작구,11590,본동,202607,아파트_전월세,신동아,본동,481,84.46,,45500,0,12,30,1993,갱신,26.08~27.08,45255.0,,,,
동작구,11590,상도동,202607,아파트_전월세,아이파크,상도동,416,84.96,,5000,300,12,30,2004,신규,26.08~28.08,,,,,
동작구,11590,본동,202607,아파트_전월세,한강쌍용,본동,150,84.9,,67000,0,1,29,1999,갱신,26.07~28.07,62000.0,,,,
동작구,11590,사당동,202607,아파트_전월세,사당우성3,사당동,105,118.25,,15750,180,2,30,1993,갱신,26.09~28.09,15750.0,150.0,,,
동작구,11590,상도동,202607,아파트_전월세,래미안상도3차,상도동,431,114.97,,100000,0,6,30,2004,신규,26.10~28.10,,,,,
동작구,11590,노량진동,202607,아파트_전월세,더클래식동작,노량진동,37-1,14.17,,4480,40,4,29,2020,갱신,26.10~28.10,4480.0,38.0,,,
동작구,11590,흑석동,202607,아파트_전월세,아크로리버하임,흑석동,341,59.9154,,60000,180,12,16,2019,신규,26.09~28.09,,,,,
동작구,11590,노량진동,202607,아파트_전월세,더클래식동작,노량진동,37-1,16.25,,5967,51,8,29,2020,갱신,26.10~28.10,5967.0,49.0,,,
동작구,11590,사당동,202607,아파트_전월세,현대,사당동,169-32,51.66,,40950,0,11,18,1991,갱신,26.10~28.10,39000.0,,사용,,
동작구,11590,신대방동,202607,아파트_전월세,보라매e편한세상,신대방동,720,84.94,,90000,0,1,30,2010,갱신,26.09~28.09,77000.0,,,,
동작구,11590,신대방동,202607,아파트_전월세,우성1차,신대방동,565,126.16,,62000,0,11,4,1988,갱신,26.08~28.08,62000.0,,사용,,
동작구,11590,사당동,202607,아파트_전월세,래미안로이파크,사당동,1159,84.98,,100000,0,17,11,2018,갱신,26.07~29.07,85000.0,,,,
동작구,11590,흑석동,202607,아파트_전월세,한강현대,흑석동,28,66.225,,10000,180,8,28,1988,갱신,26.09~28.09,10000.0,150.0,,,
동작구,11590,노량진동,202607,아파트_전월세,더클래식동작,노량진동,37-1,14.23,,5318,47,8,30,2020,갱신,26.10~28.10,5318.0,45.0,,,
동작구,11590,노량진동,202607,아파트_전월세,더클래식동작,노량진동,37-1,16.25,,5967,51,14,29,2020,갱신,26.10~28.10,5967.0,49.0,,,
동작구,11590,노량진동,202607,아파트_전월세,더클래식동작,노량진동,37-1,14.17,,4480,40,5,29,2020,갱신,26.10~28.10,4480.0,38.0,,,
동작구,11590,상도동,202607,아파트_전월세,포스코더샵,상도동,521,84.995,,75000,14,9,16,2007,갱신,26.08~28.08,75000.0,,사용,,
동작구,11590,노량진동,202607,아파트_전월세,더클래식동작,노량진동,37-1,14.23,,5318,47,7,29,2020,갱신,26.10~28.10,5318.0,45.0,,,
동작구,11590,노량진동,202607,아파트_전월세,더클래식동작,노량진동,37-1,16.25,,5022,43,15,29,2020,갱신,26.10~28.10,5022.0,41.0,,,
동작구,11590,노량진동,202607,아파트_전월세,더클래식동작,노량진동,37-1,16.25,,5022,43,3,29,2020,갱신,26.10~28.10,5022.0,41.0,,,
동작구,11590,사당동,202607,아파트_전월세,사당우성3,사당동,105,59.89,,60000,0,2,25,1993,신규,26.09~28.09,,,,,
동작구,11590,노량진동,202607,아파트_전월세,더클래식동작,노량진동,37-1,14.17,,5318,47,11,29,2020,갱신,26.10~28.10,5318.0,42.0,,,
동작구,11590,대방동,202607,아파트_전월세,주공2,대방동,503,58.65,,15000,120,2,29,1995,신규,26.08~28.08,,,,,
동작구,11590,신대방동,202607,아파트_전월세,보라매자이더포레스트,신대방동,724,59.9365,,73500,0,12,8,2021,갱신,26.09~28.09,70000.0,,사용,,
동작구,11590,사당동,202607,아파트_전월세,제일,사당동,240-15,60.03,,30000,35,2,28,1987,신규,26.10~28.10,,,,,
동작구,11590,노량진동,202607,아파트_전월세,신동아리버파크,노량진동,325,59.67,,5000,210,2,4,2001,신규,26.08~28.08,,,,,
동작구,11590,상도동,202607,아파트_전월세,힐스테이트 상도 센트럴파크,상도동,531,84.7835,,82900,0,4,25,2012,갱신,26.08~28.08,79000.0,,사용,,
동작구,11590,상도동,202607,아파트_전월세,상도푸르지오클라베뉴,상도동,906,84.9198,,85000,0,6,29,2024,신규,26.10~28.10,,,,,
동작구,11590,노량진동,202607,아파트_전월세,더클래식동작,노량진동,37-1,14.17,,5318,47,16,29,2020,갱신,26.10~28.10,5318.0,45.0,사용,,
동작구,11590,사당동,202607,아파트_전월세,래미안로이파크,사당동,1159,84.98,,104000,0,2,27,2018,신규,26.10~28.10,,,,,
동작구,11590,상도동,202607,아파트_전월세,대림아파트,상도동,411,84.89,,51000,0,2,22,1995,신규,26.09~28.09,,,,,
동작구,11590,노량진동,202607,아파트_전월세,신동아리버파크,노량진동,325,84.88,,65000,0,28,28,2001,신규,26.08~28.08,,,,,
동작구,11590,신대방동,202607,아파트_전월세,보라매자이더포레스트,신대방동,724,59.9459,,72400,0,19,22,2021,갱신,26.09~28.09,69000.0,,사용,,
동작구,11590,노량진동,202607,아파트_전월세,더써밋타워,노량진동,54-4,18.3,,4600,47,4,29,2024,신규,26.10~28.10,,,,,
동작구,11590,흑석동,202607,아파트_전월세,아크로리버하임,흑석동,341,84.9184,,95000,140,12,12,2019,갱신,26.10~28.10,120000.0,,,,
동작구,11590,사당동,202607,아파트_전월세,현대,사당동,169-32,120.03,,60000,0,6,28,1991,신규,26.07~28.07,,,,,
동작구,11590,상도동,202607,아파트_전월세,씨티아모리움,상도동,532,12.7071,,1000,60,3,27,2012,신규,26.08~28.08,,,,,
동작구,11590,상도동,202607,아파트_전월세,힐스테이트 상도 프레스티지,상도동,533,84.951,,93000,0,19,25,2013,신규,26.10~28.10,,,,,
동작구,11590,본동,202607,아파트_전월세,신동아,본동,481,59.89,,49000,0,8,28,1993,신규,26.10~28.10,,,,,
동작구,11590,대방동,202607,아파트_전월세,주공2,대방동,503,51.66,,50000,0,15,27,1995,신규,26.11~28.11,,,,,
동작구,11590,상도동,202607,아파트_전월세,래미안상도3차,상도동,431,84.96,,66000,0,10,28,2004,신규,26.09~28.09,,,,,
동작구,11590,상도동,202607,아파트_전월세,상도역롯데캐슬파크엘,상도동,904,74.9587,,78000,0,9,17,2021,갱신,26.10~29.02,75000.0,,사용,,
동작구,11590,동작동,202607,아파트_전월세,금강KCC,동작동,331,84.95,,80000,0,15,24,2003,신규,26.09~28.09,,,,,
동작구,11590,사당동,202607,아파트_전월세,사당우성2,사당동,105,59.89,,10000,190,8,28,1993,신규,26.07~28.07,,,,,
동작구,11590,신대방동,202607,아파트_전월세,우성1차,신대방동,565,157.07,,75000,0,5,24,1988,갱신,26.08~28.08,70000.0,,,,
동작구,11590,노량진동,202607,아파트_전월세,신동아리버파크,노량진동,325,84.88,,65000,0,16,28,2001,갱신,26.08~28.08,62000.0,,사용,,
동작구,11590,상도동,202607,아파트_전월세,상도파크자이,상도동,900,84.918,,87150,0,15,22,2016,갱신,26.10~28.10,83000.0,,사용,,
동작구,11590,신대방동,202607,아파트_전월세,보라매자이더포레스트,신대방동,724,59.9365,,10000,210,22,4,2021,갱신,26.08~28.08,10000.0,200.0,,,
동작구,11590,신대방동,202607,아파트_전월세,롯데낙천대,신대방동,713,80.124,,60000,60,14,27,2003,신규,26.09~28.09,,,,,
동작구,11590,흑석동,202607,아파트_전월세,해가든,흑석동,332,107.23,,10000,250,9,6,2010,신규,26.09~28.09,,,,,
동작구,11590,사당동,202607,아파트_전월세,신동아4,사당동,105,84.46,,10000,180,4,28,1993,신규,26.09~28.09,,,,,
동작구,11590,흑석동,202607,아파트_전월세,해가든,흑석동,332,107.23,,50000,200,15,17,2010,신규,26.09~28.09,,,,,
동작구,11590,사당동,202607,아파트_전월세,대림(169-8),사당동,169-8,84.91,,30000,100,12,28,1990,갱신,26.08~28.08,40000.0,60.0,,,
동작구,11590,상도동,202607,아파트_전월세,힐스테이트 상도 프레스티지,상도동,533,84.884,,78700,0,12,24,2013,갱신,26.09~28.09,75000.0,,사용,,
동작구,11590,대방동,202607,아파트_전월세,대방1차e-편한세상,대방동,508,84.32,,80000,0,9,17,2003,신규,26.10~28.10,,,,,
동작구,11590,상도동,202607,아파트_전월세,성우2차아파트,상도동,375-5,73.19,,27000,0,2,27,1994,신규,26.11~28.11,,,,,
동작구,11590,상도동,202607,아파트_전월세,상도역롯데캐슬파크엘,상도동,904,74.9587,,79000,40,17,27,2021,신규,26.10~28.10,,,,,
동작구,11590,사당동,202607,아파트_전월세,사당자이,사당동,1139,114.94,,10000,250,14,25,1999,신규,26.10~28.10,,,,,
동작구,11590,흑석동,202607,아파트_전월세,흑석리버파크자이,흑석동,343,84.94,,80000,150,3,27,2025,신규,26.10~28.10,,,,,
동작구,11590,흑석동,202607,아파트_전월세,한강현대,흑석동,28,66.225,,26250,84,7,4,1988,신규,26.08~27.10,,,,,
동작구,11590,흑석동,202607,아파트_전월세,흑석리버파크자이,흑석동,343,84.96,,75000,50,6,13,2025,신규,26.09~28.09,,,,,
동작구,11590,흑석동,202607,아파트_전월세,흑석동양아파트,흑석동,328,59.511,,20000,180,14,25,2003,신규,26.09~28.09,,,,,
동작구,11590,노량진동,202607,아파트_전월세,신동아리버파크,노량진동,325,114.75,,75000,0,10,27,2001,신규,26.12~28.12,,,,,
동작구,11590,상도동,202607,아파트_전월세,힐스테이트 상도 센트럴파크,상도동,531,59.8758,,40000,170,8,25,2012,신규,26.09~28.09,,,,,
동작구,11590,사당동,202607,아파트_전월세,롯데캐슬,사당동,1132,117.68,,90000,0,11,25,2003,신규,26.10~28.10,,,,,
동작구,11590,상도동,202607,아파트_전월세,래미안상도3차,상도동,431,84.96,,40000,168,15,23,2004,신규,26.09~28.09,,,,,
동작구,11590,신대방동,202607,아파트_전월세,현대,신대방동,707,84.57,,60900,0,13,10,1996,갱신,26.07~28.07,58000.0,,사용,,
동작구,11590,신대방동,202607,아파트_전월세,보라매e편한세상,신대방동,720,133.3,,50000,200,9,16,2010,신규,26.09~28.08,,,,,
동작구,11590,사당동,202607,아파트_전월세,신동아4,사당동,105,46.75,,7000,140,10,27,1993,신규,26.08~28.08,,,,,
동작구,11590,사당동,202607,아파트_전월세,사당롯데캐슬2차,사당동,1149,84.766,,41500,70,1,18,2004,갱신,26.07~28.07,40000.0,65.0,사용,,
동작구,11590,흑석동,202607,아파트_전월세,아크로리버하임,흑석동,341,84.9184,,80000,160,3,26,2019,신규,26.11~28.11,,,,,
동작구,11590,상도동,202607,아파트_전월세,대동아파트,상도동,7-71,59.9,,33000,20,2,17,2017,갱신,26.08~28.08,33000.0,14.0,,,
동작구,11590,흑석동,202607,아파트_전월세,롯데캐슬에듀포레,흑석동,340,84.9912,,15000,300,6,17,2018,신규,26.09~28.09,,,,,
동작구,11590,상도동,202607,아파트_전월세,상도역롯데캐슬파크엘,상도동,904,59.9818,,63000,80,5,27,2021,신규,26.09~28.09,,,,,
동작구,11590,본동,202607,아파트_전월세,한강쌍용,본동,150,59.64,,40000,80,1,26,1999,신규,26.10~28.10,,,,,
동작구,11590,사당동,202607,아파트_전월세,래미안로이파크,사당동,1159,84.98,,103000,0,18,27,2018,신규,26.10~28.10,,,,,
동작구,11590,상도동,202607,아파트_전월세,래미안상도3차,상도동,431,114.97,,95000,0,12,27,2004,갱신,26.08~28.08,85000.0,,,,
동작구,11590,사당동,202607,아파트_전월세,이수역리가,사당동,1157,84.847,,84000,0,13,11,2013,갱신,26.07~28.07,80000.0,,사용,,
동작구,11590,사당동,202607,아파트_전월세,두산위브트레지움,사당동,1131,59.9893,,51558,0,8,24,2011,신규,26.08~28.10,,,,,
동작구,11590,상도동,202607,아파트_전월세,상도푸르지오클라베뉴,상도동,906,84.6246,,20000,229,2,25,2024,갱신,26.12~28.12,20000.0,215.0,사용,,
동작구,11590,신대방동,202607,아파트_전월세,현대,신대방동,707,84.57,,75000,0,10,23,1996,신규,26.11~28.11,,,,,
동작구,11590,사당동,202607,아파트_전월세,극동(105),사당동,105,59.25,,40000,40,13,24,1993,신규,26.08~28.08,,,,,
동작구,11590,상도동,202607,아파트_전월세,상도푸르지오클라베뉴,상도동,906,74.9953,,68250,0,13,26,2024,갱신,26.09~28.09,65000.0,,사용,,
동작구,11590,대방동,202607,아파트_전월세,한국개나리,대방동,504,108.99,,70000,0,2,24,1997,갱신,26.08~28.07,67500.0,,사용,,
동작구,11590,흑석동,202607,아파트_전월세,한강현대,흑석동,28,131.06,,30000,226,12,27,1988,갱신,26.08~28.08,30000.0,217.0,사용,,
동작구,11590,대방동,202607,아파트_전월세,주공2,대방동,503,59.97,,60000,0,10,25,1995,신규,26.12~28.12,,,,,
동작구,11590,사당동,202607,아파트_전월세,사당우성2,사당동,105,59.89,,50000,40,11,25,1993,신규,26.08~28.08,,,,,
동작구,11590,대방동,202607,아파트_전월세,대방1차e-편한세상,대방동,508,84.32,,95000,0,1,25,2003,신규,26.11~28.11,,,,,
동작구,11590,사당동,202607,아파트_전월세,사당우성2,사당동,105,46.75,,45000,0,4,25,1993,신규,26.09~28.09,,,,,
동작구,11590,동작동,202607,아파트_전월세,이수힐스테이트,동작동,333,59.9992,,76000,0,10,3,2013,갱신,26.08~28.08,73000.0,,사용,,
동작구,11590,대방동,202607,아파트_전월세,성원,대방동,500,84.32,,75000,0,14,25,1994,갱신,26.09~28.09,60630.0,,,,
동작구,11590,사당동,202607,아파트_전월세,사당우성2,사당동,105,59.89,,45000,50,7,25,1993,갱신,26.09~28.09,45000.0,30.0,,,
동작구,11590,흑석동,202607,아파트_전월세,흑석동양아파트,흑석동,328,59.511,,57750,0,11,24,2003,갱신,26.10~28.10,55000.0,,사용,,
동작구,11590,사당동,202607,아파트_전월세,래미안로이파크,사당동,1159,84.98,,63000,80,19,25,2018,갱신,26.08~28.08,63000.0,65.0,사용,,
동작구,11590,동작동,202607,아파트_전월세,이수힐스테이트,동작동,333,84.9817,,50000,200,3,25,2013,신규,26.09~28.09,,,,,
동작구,11590,대방동,202607,아파트_전월세,현대홈타운2,대방동,506,59.89,,20000,130,6,23,1999,신규,26.10~28.10,,,,,
동작구,11590,상도동,202607,아파트_전월세,래미안상도3차,상도동,431,59.97,,62150,0,4,27,2004,갱신,26.08~28.08,60000.0,,사용,,
동작구,11590,신대방동,202607,아파트_전월세,보라매e편한세상,신대방동,720,133.3,,94000,0,14,26,2010,갱신,26.10~28.10,90000.0,,사용,,
동작구,11590,동작동,202607,아파트_전월세,금강KCC,동작동,331,59.72,,50000,40,8,25,2003,갱신,26.08~28.08,55000.0,,,,
동작구,11590,상도동,202607,아파트_전월세,상도1차갑을명가,상도동,458,84.72,,44000,0,3,17,2006,갱신,26.08~28.08,42000.0,,사용,,
동작구,11590,대방동,202607,아파트_전월세,주공2,대방동,503,51.66,,17000,70,2,27,1995,갱신,26.08~28.07,17000.0,60.0,,,
동작구,11590,상도동,202607,아파트_전월세,상도파크자이,상도동,900,84.888,,100000,0,7,1,2016,신규,26.07~28.07,,,,,
동작구,11590,사당동,202607,아파트_전월세,신동아5,사당동,1137,59.67,,38000,80,5,25,1998,신규,26.09~28.09,,,,,
동작구,11590,사당동,202607,아파트_전월세,신동아4,사당동,105,118.25,,80000,0,1,25,1993,갱신,26.08~28.08,77000.0,,,,
동작구,11590,상도동,202607,아파트_전월세,상도푸르지오클라베뉴,상도동,906,74.9953,,65000,0,3,24,2024,갱신,26.10~28.12,65000.0,,사용,,
동작구,11590,사당동,202607,아파트_전월세,사당우성2,사당동,105,46.75,,10000,117,7,11,1993,신규,26.10~27.06,,,,,
동작구,11590,상도동,202607,아파트_전월세,두산위브트레지움2차,상도동,535,84.864,,90000,0,10,23,2016,신규,26.10~28.10,,,,,
동작구,11590,흑석동,202607,아파트_전월세,청호,흑석동,327,59.85,,45000,0,12,24,1997,갱신,26.09~28.09,40000.0,,,,
동작구,11590,흑석동,202607,아파트_전월세,흑석한강센트레빌Ⅱ,흑석동,339,84.99,,100000,0,10,18,2012,신규,26.09~28.09,,,,,
동작구,11590,상도동,202607,아파트_전월세,씨티아모리움,상도동,532,12.7071,,1000,60,2,16,2012,신규,26.07~27.08,,,,,
동작구,11590,상도동,202607,아파트_전월세,씨티아모리움,상도동,532,14.1881,,1000,68,6,8,2012,갱신,26.09~27.09,1000.0,65.0,사용,,
동작구,11590,본동,202607,아파트_전월세,경동윈츠리버,본동,484,56.68,,8000,220,4,24,2004,신규,26.09~28.09,,,,,
동작구,11590,사당동,202607,아파트_전월세,사당우성2,사당동,105,84.66,,75000,0,5,4,1993,신규,26.09~28.09,,,,,
동작구,11590,본동,202607,아파트_전월세,신동아,본동,481,104.7,,55000,0,4,23,1993,갱신,26.07~28.11,49500.0,,,,
동작구,11590,대방동,202607,아파트_전월세,신한토탈,대방동,41,59.4,,47500,0,2,24,1997,갱신,26.09~28.09,45500.0,,사용,,
동작구,11590,신대방동,202607,아파트_전월세,보라매파크빌,신대방동,711,84.59,,50000,95,14,22,2002,갱신,26.07~28.07,60000.0,,,,
동작구,11590,본동,202607,아파트_전월세,유원강변,본동,482,84.63,,79000,0,8,24,2000,신규,26.09~28.09,,,,,
동작구,11590,노량진동,202607,아파트_전월세,메가스터디타워,노량진동,57-1,15.974,,1000,73,9,18,2015,갱신,26.08~27.08,1000.0,68.0,,,
동작구,11590,상도동,202607,아파트_전월세,중앙하이츠빌,상도동,415,84.9883,,72000,0,16,23,2003,신규,26.09~28.09,,,,,
동작구,11590,본동,202607,아파트_전월세,신동아,본동,481,84.46,,47000,0,8,24,1993,갱신,26.07~28.07,44000.0,,,,
동작구,11590,대방동,202607,아파트_전월세,주공2,대방동,503,58.65,,10000,150,11,8,1995,신규,26.10~28.10,,,,,
동작구,11590,대방동,202607,아파트_전월세,대방1차e-편한세상,대방동,508,84.32,,67000,32,11,14,2003,갱신,26.10~27.10,67000.0,10.0,사용,,
동작구,11590,사당동,202607,아파트_전월세,현대,사당동,169-32,59.96,,47000,0,10,4,1991,신규,26.09~28.09,,,,,
동작구,11590,상도동,202607,아파트_전월세,래미안상도3차,상도동,431,59.97,,67000,0,4,23,2004,갱신,26.10~28.10,65000.0,,사용,,
동작구,11590,노량진동,202607,아파트_전월세,신동아리버파크,노량진동,325,84.88,,78000,0,10,18,2001,신규,27.01~29.01,,,,,
동작구,11590,상도동,202607,아파트_전월세,래미안상도3차,상도동,431,84.96,,40000,168,15,23,2004,신규,26.09~28.09,,,,,
동작구,11590,사당동,202607,아파트_전월세,사당우성3,사당동,105,59.89,,8000,165,8,23,1993,신규,26.09~28.09,,,,,
동작구,11590,대방동,202607,아파트_전월세,대방동현대,대방동,502,84.96,,54300,0,19,23,1994,갱신,26.08~28.08,51800.0,,,,
동작구,11590,상도동,202607,아파트_전월세,두산위브트레지움2차,상도동,535,59.7852,,49140,0,8,23,2016,신규,26.08~28.10,,,,,
동작구,11590,상도동,202607,아파트_전월세,두산위브트레지움2차,상도동,535,59.7852,,39110,0,15,23,2016,갱신,26.08~28.07,37248.0,,,,
동작구,11590,신대방동,202607,아파트_전월세,우성1차,신대방동,565,66.69,,10000,103,10,14,1988,갱신,26.10~28.10,20000.0,59.0,,,
동작구,11590,사당동,202607,아파트_전월세,롯데캐슬,사당동,1132,84.96,,67700,0,4,18,2003,갱신,26.09~28.09,64500.0,,사용,,
동작구,11590,상도동,202607,아파트_전월세,삼성래미안2,상도동,421,59.886,,20000,180,8,6,2003,신규,26.08~28.08,,,,,
동작구,11590,상도동,202607,아파트_전월세,힐스테이트 상도 프레스티지,상도동,533,84.951,,60000,85,8,22,2013,갱신,26.09~28.09,60000.0,75.0,사용,,
동작구,11590,흑석동,202607,아파트_전월세,흑석한강센트레빌,흑석동,335,84.84,,91300,0,13,22,2011,갱신,26.08~28.08,87000.0,,사용,,
동작구,11590,대방동,202607,아파트_전월세,대림아파트,대방동,501,59.84,,61000,0,5,22,1993,갱신,26.08~28.08,56000.0,,,,
동작구,11590,신대방동,202607,아파트_전월세,보라매자이더포레스트,신대방동,724,84.7739,,102900,0,20,22,2021,갱신,26.09~28.09,98000.0,,사용,,
동작구,11590,상도동,202607,아파트_전월세,상도파크자이,상도동,900,84.918,,20000,270,21,11,2016,갱신,26.09~28.09,75000.0,25.0,,,
동작구,11590,사당동,202607,아파트_전월세,사당우성3,사당동,105,46.75,,35000,0,8,14,1993,신규,26.08~28.08,,,,,
동작구,11590,신대방동,202607,아파트_전월세,우성1차,신대방동,565,126.16,,67500,0,5,13,1988,갱신,26.07~28.07,65100.0,,,,
동작구,11590,사당동,202607,아파트_전월세,극동(105),사당동,105,119.91,,33000,148,3,4,1993,갱신,26.08~28.08,33000.0,110.0,,,
동작구,11590,사당동,202607,아파트_전월세,사당우성3,사당동,105,108.08,,75000,0,1,13,1993,신규,26.09~28.09,,,,,
동작구,11590,상도동,202607,아파트_전월세,상도푸르지오클라베뉴,상도동,906,59.8166,,73000,0,16,20,2024,신규,26.09~28.09,,,,,
동작구,11590,사당동,202607,아파트_전월세,경남아너스빌(대아3),사당동,1136,59.19,,1000,50,6,22,1998,갱신,26.07~28.07,1000.0,33.0,,,
동작구,11590,노량진동,202607,아파트_전월세,쌍용예가,노량진동,332,84.913,,79000,0,1,20,2010,신규,26.09~28.09,,,,,
동작구,11590,신대방동,202607,아파트_전월세,우성1차,신대방동,565,84.99,,54600,0,11,14,1988,갱신,26.07~28.07,52000.0,,사용,,
동작구,11590,사당동,202607,아파트_전월세,사당우성2,사당동,105,84.66,,85000,0,8,21,1993,신규,26.10~28.10,,,,,
동작구,11590,대방동,202607,아파트_전월세,주공2,대방동,503,58.65,,50000,0,8,11,1995,신규,26.10~28.10,,,,,
동작구,11590,사당동,202607,아파트_전월세,극동(105),사당동,105,59.25,,58000,0,7,11,1993,신규,26.09~28.09,,,,,
동작구,11590,신대방동,202607,아파트_전월세,현진에버빌,신대방동,716,59.6216,,49000,0,9,13,2003,갱신,26.08~28.08,47000.0,,,,
동작구,11590,상도동,202607,아파트_전월세,래미안상도3차,상도동,431,84.96,,74000,0,12,22,2004,갱신,26.09~28.09,70500.0,,,,
동작구,11590,상도동,202607,아파트_전월세,두산위브트레지움2차,상도동,535,59.7852,,49140,0,5,22,2016,신규,26.08~28.10,,,,,
동작구,11590,상도동,202607,아파트_전월세,상도푸르지오클라베뉴,상도동,906,84.6246,,75600,0,4,21,2024,갱신,26.11~28.11,72000.0,,사용,,
동작구,11590,상도동,202607,아파트_전월세,이수브라운스톤상도(527-0),상도동,527,84.99,,70000,80,15,21,2007,신규,26.10~28.10,,,,,
동작구,11590,신대방동,202607,아파트_전월세,우성1차,신대방동,565,127.02,,65000,0,8,21,1988,신규,26.10~28.10,,,,,
동작구,11590,상도동,202607,아파트_전월세,이수브라운스톤상도(527-0),상도동,527,59.91,,15000,155,7,21,2007,갱신,26.08~28.08,15000.0,150.0,사용,,
동작구,11590,사당동,202607,아파트_전월세,제일,사당동,240-15,60.03,,44000,0,2,11,1987,신규,26.10~28.10,,,,,
동작구,11590,사당동,202607,아파트_전월세,두산위브트레지움,사당동,1131,84.422,,89250,0,6,16,2011,갱신,26.09~28.09,85000.0,,사용,,
동작구,11590,노량진동,202607,아파트_전월세,쌍용예가,노량진동,332,59.804,,70000,0,11,21,2010,갱신,26.08~28.08,65000.0,,,,
동작구,11590,신대방동,202607,아파트_전월세,롯데관악타워,신대방동,395-67,172.51,,60000,200,22,18,1996,신규,26.09~28.09,,,,,
동작구,11590,사당동,202607,아파트_전월세,두산위브트레지움,사당동,1131,84.422,,97000,0,15,12,2011,신규,26.09~28.09,,,,,
동작구,11590,상도동,202607,아파트_전월세,중앙하이츠빌,상도동,415,84.9883,,20000,200,6,16,2003,갱신,26.09~28.09,20000.0,160.0,,,
동작구,11590,상도동,202607,아파트_전월세,e편한세상상도노빌리티,상도동,903,59.7827,,92000,0,27,21,2018,갱신,26.10~28.10,75000.0,,,,
동작구,11590,본동,202607,아파트_전월세,신동아,본동,481,59.89,,55000,0,3,21,1993,신규,26.10~28.10,,,,,
동작구,11590,상도동,202607,아파트_전월세,힐스테이트 상도 프레스티지,상도동,533,120.004,,130000,0,14,20,2013,신규,26.10~28.10,,,,,
동작구,11590,대방동,202607,아파트_전월세,현대홈타운2,대방동,506,59.89,,50000,0,16,17,1999,갱신,26.08~27.01,50000.0,,,,
동작구,11590,사당동,202607,아파트_전월세,이수자이,사당동,147-29,120.81,,100000,100,19,21,2010,신규,26.10~28.10,,,,,
동작구,11590,사당동,202607,아파트_전월세,극동(105),사당동,105,84.32,,10000,180,3,11,1993,신규,26.07~28.07,,,,,
동작구,11590,사당동,202607,아파트_전월세,진흥아리엘,사당동,1142,84.9713,,20000,155,6,21,2004,신규,26.09~28.09,,,,,
동작구,11590,상도동,202607,아파트_전월세,상도효성해링턴플레이스,상도동,536,84.9506,,83000,0,17,21,2016,신규,26.10~28.10,,,,,
동작구,11590,사당동,202607,아파트_전월세,삼성래미안,사당동,1133,60.739,,60400,0,2,20,2003,갱신,26.08~28.08,55400.0,,,,
동작구,11590,사당동,202607,아파트_전월세,경남아너스빌(대아3),사당동,1136,84.63,,60900,0,3,16,1998,갱신,26.09~28.09,58000.0,,사용,,
동작구,11590,대방동,202607,아파트_전월세,현대홈타운2,대방동,506,163.95,,89000,0,7,18,1999,갱신,26.08~28.08,85000.0,,사용,,
동작구,11590,신대방동,202607,아파트_전월세,한성아파트,신대방동,470-8,84.99,,58000,0,20,3,1995,신규,26.09~28.09,,,,,
동작구,11590,사당동,202607,아파트_전월세,진흥아리엘,사당동,1142,84.9713,,10000,175,7,11,2004,갱신,26.08~28.08,10000.0,165.0,사용,,
동작구,11590,흑석동,202607,아파트_전월세,흑석한강푸르지오,흑석동,336,115.98,,105000,0,9,11,2012,신규,26.09~28.09,,,,,
동작구,11590,상도동,202607,아파트_전월세,상도푸르지오클라베뉴,상도동,906,84.6246,,72450,0,8,18,2024,갱신,26.11~28.11,69000.0,,사용,,
동작구,11590,본동,202607,아파트_전월세,래미안트윈파크,본동,494,84.76,,60000,100,3,6,2011,신규,26.07~28.07,,,,,
동작구,11590,노량진동,202607,아파트_전월세,신동아리버파크,노량진동,325,114.75,,40000,123,6,11,2001,갱신,26.07~28.07,40000.0,110.0,사용,,
동작구,11590,신대방동,202607,아파트_전월세,현진에버빌,신대방동,716,84.9234,,40000,37,3,7,2003,신규,26.07~28.07,,,,,
동작구,11590,노량진동,202607,아파트_전월세,신동아리버파크,노량진동,325,59.67,,62000,0,18,20,2001,신규,26.10~28.10,,,,,
동작구,11590,신대방동,202607,아파트_전월세,신동아파밀리에,신대방동,717,84.9636,,70000,0,4,17,2005,신규,26.09~28.09,,,,,
동작구,11590,흑석동,202607,아파트_전월세,흑석한강푸르지오,흑석동,336,84.98,,91350,0,9,9,2012,갱신,26.08~28.08,87000.0,,사용,,
동작구,11590,본동,202607,아파트_전월세,한신휴플러스,본동,487,84.84,,70000,0,13,18,2004,신규,26.10~28.10,,,,,
동작구,11590,동작동,202607,아파트_전월세,이수힐스테이트,동작동,333,108.3358,,110000,0,6,19,2013,신규,26.09~28.09,,,,,
동작구,11590,대방동,202607,아파트_전월세,대방1차e-편한세상,대방동,508,84.32,,80000,0,9,17,2003,신규,26.10~28.10,,,,,
동작구,11590,흑석동,202607,아파트_전월세,아크로리버하임,흑석동,341,72.951,,1000,115,20,6,2019,신규,26.07~28.07,,,,,
동작구,11590,흑석동,202607,아파트_전월세,흑석한강푸르지오,흑석동,336,84.98,,45000,127,8,3,2012,갱신,26.08~28.08,45000.0,115.0,사용,,
동작구,11590,사당동,202607,아파트_전월세,사당롯데캐슬골든포레,사당동,1160,59.9908,,71000,0,5,12,2021,신규,26.08~28.08,,,,,
동작구,11590,상도동,202607,아파트_전월세,상도효성해링턴플레이스,상도동,536,84.8136,,40000,150,20,17,2016,신규,26.10~28.10,,,,,
동작구,11590,흑석동,202607,아파트_전월세,흑석리버파크자이,흑석동,343,59.98,,99900,0,10,19,2025,신규,26.09~28.09,,,,,
동작구,11590,대방동,202607,아파트_전월세,올리브빌딩,대방동,405-8,15.96,,5000,60,9,6,2018,신규,26.09~27.09,,,,,
동작구,11590,대방동,202607,아파트_전월세,성원,대방동,500,84.32,,75000,0,6,17,1994,신규,26.10~28.10,,,,,
동작구,11590,본동,202607,아파트_전월세,유원강변,본동,482,84.28,,65000,0,13,20,2000,갱신,26.07~28.07,60000.0,,,,
동작구,11590,대방동,202607,아파트_전월세,주공2,대방동,503,58.65,,7000,96,6,18,1995,갱신,26.10~28.10,7000.0,91.0,,,
동작구,11590,본동,202607,아파트_전월세,한신휴플러스,본동,487,114.91,,75500,0,4,17,2004,갱신,26.07~28.07,72000.0,,사용,,
동작구,11590,상도동,202607,아파트_전월세,현대(관악),상도동,407,58.59,,34170,0,12,20,1992,갱신,26.08~28.08,32550.0,,,,
동작구,11590,상도동,202607,아파트_전월세,상도푸르지오클라베뉴,상도동,906,84.9198,,85000,0,11,18,2024,신규,26.08~28.08,,,,,
동작구,11590,흑석동,202607,아파트_전월세,흑석리버파크자이,흑석동,343,59.76,,20000,300,18,17,2025,신규,26.08~28.08,,,,,
동작구,11590,사당동,202607,아파트_전월세,사당자이,사당동,1139,59.89,,40070,0,15,20,1999,갱신,26.08~28.08,38170.0,,사용,,
동작구,11590,대방동,202607,아파트_전월세,대방1차e-편한세상,대방동,508,84.32,,83000,0,4,18,2003,갱신,26.08~28.08,70000.0,,,,
동작구,11590,사당동,202607,아파트_전월세,사당휴먼시아,사당동,1154,84.84,,26800,120,5,20,2009,갱신,26.07~28.07,25000.0,120.0,,,
동작구,11590,사당동,202607,아파트_전월세,대림(169-8),사당동,169-8,125.4,,75000,0,13,18,1990,신규,26.09~28.09,,,,,
동작구,11590,상도동,202607,아파트_전월세,삼성래미안2,상도동,421,114.738,,78700,0,4,17,2003,갱신,26.07~28.11,75000.0,,사용,,
동작구,11590,사당동,202607,아파트_전월세,대림(169-8),사당동,169-8,84.91,,64000,0,1,9,1990,신규,26.09~28.09,,,,,
동작구,11590,사당동,202607,아파트_전월세,사당롯데캐슬골든포레,사당동,1160,84.9787,,77000,0,9,18,2021,갱신,26.08~28.08,72000.0,,,,
동작구,11590,상도동,202607,아파트_전월세,포스코더샵,상도동,521,101.993,,85000,0,13,15,2007,갱신,26.08~28.08,82000.0,,사용,,
동작구,11590,사당동,202607,아파트_전월세,경남아너스빌(대아3),사당동,1136,110.77,,84000,0,3,18,1998,신규,26.10~28.10,,,,,
동작구,11590,상도동,202607,아파트_전월세,힐스테이트 상도 센트럴파크,상도동,531,59.7754,,39000,165,9,19,2012,신규,26.10~28.10,,,,,
동작구,11590,사당동,202607,아파트_전월세,신동아4,사당동,105,59.89,,55000,0,5,17,1993,신규,26.07~28.07,,,,,
동작구,11590,사당동,202607,아파트_전월세,경남아너스빌1차,사당동,1134,59.9,,40000,0,2,16,1997,신규,26.09~28.09,,,,,
동작구,11590,신대방동,202607,아파트_전월세,동작협성휴포레시그니처,신대방동,686-48,84.9464,,73500,0,27,20,2022,갱신,26.08~28.08,70000.0,,사용,,
동작구,11590,사당동,202607,아파트_전월세,경남아너스빌1차,사당동,1134,59.9,,11000,150,6,16,1997,신규,26.10~28.10,,,,,
동작구,11590,상도동,202607,아파트_전월세,힐스테이트 상도 프레스티지,상도동,533,84.922,,20000,270,7,16,2013,신규,26.09~28.09,,,,,
동작구,11590,사당동,202607,아파트_전월세,사당롯데캐슬골든포레,사당동,1160,84.9787,,79800,0,11,13,2021,갱신,26.09~28.09,76000.0,,사용,,
동작구,11590,사당동,202607,아파트_전월세,사당우성2,사당동,105,59.89,,15000,160,14,11,1993,신규,26.07~28.07,,,,,
동작구,11590,사당동,202607,아파트_전월세,사당우성3,사당동,105,59.89,,49300,0,8,15,1993,갱신,26.07~28.07,47000.0,,사용,,
동작구,11590,사당동,202607,아파트_전월세,제일,사당동,240-15,60.03,,38000,0,2,16,1987,갱신,26.09~28.09,36380.0,,,,
동작구,11590,흑석동,202607,아파트_전월세,아크로리버하임,흑석동,341,84.9184,,30000,380,4,16,2019,신규,26.08~28.08,,,,,
동작구,11590,신대방동,202607,아파트_전월세,동작협성휴포레시그니처,신대방동,686-48,84.9869,,76600,0,15,15,2022,갱신,26.08~28.08,73000.0,,사용,,
동작구,11590,사당동,202607,아파트_전월세,사당해그린,사당동,1145,59.92,,47000,0,10,16,2004,갱신,26.09~28.09,45000.0,,사용,,
동작구,11590,신대방동,202607,아파트_전월세,한성아파트,신대방동,470-8,59.87,,48100,0,2,16,1995,갱신,26.08~28.08,48100.0,,사용,,
동작구,11590,상도동,202607,아파트_전월세,상도푸르지오클라베뉴,상도동,906,84.6246,,73500,0,5,6,2024,갱신,26.09~28.09,70000.0,,사용,,
동작구,11590,흑석동,202607,아파트_전월세,롯데캐슬에듀포레,흑석동,340,59.8718,,35000,230,8,15,2018,신규,26.10~28.10,,,,,
동작구,11590,사당동,202607,아파트_전월세,현대파크(아),사당동,303-60,81.31,,40000,0,5,16,2005,갱신,26.08~28.08,38000.0,,,,
동작구,11590,상도동,202607,아파트_전월세,두산위브트레지움2차,상도동,535,84.864,,75000,60,9,16,2016,신규,26.10~28.10,,,,,
동작구,11590,사당동,202607,아파트_전월세,현대,사당동,169-32,120.03,,59800,0,15,16,1991,갱신,26.08~28.08,57000.0,,사용,,
동작구,11590,상도동,202607,아파트_전월세,상도현대,상도동,412,59.72,,39900,0,14,16,2003,갱신,26.09~28.09,38000.0,,사용,,
동작구,11590,사당동,202607,아파트_전월세,래미안로이파크,사당동,1159,84.98,,103000,0,20,15,2018,신규,26.09~28.09,,,,,
동작구,11590,사당동,202607,아파트_전월세,극동(105),사당동,105,46.75,,43000,0,2,16,1993,신규,26.09~28.09,,,,,
동작구,11590,사당동,202607,아파트_전월세,사당롯데캐슬골든포레,사당동,1160,59.9775,,67000,0,12,15,2021,갱신,26.08~28.08,65000.0,,사용,,
동작구,11590,상도동,202607,아파트_전월세,씨티아모리움,상도동,532,15.5895,,3000,57,5,15,2012,갱신,26.09~28.09,3000.0,55.0,,,
동작구,11590,본동,202607,아파트_전월세,삼성래미안,본동,492,59.9843,,30000,90,5,15,2004,갱신,26.07~28.07,30000.0,84.0,,,
동작구,11590,사당동,202607,아파트_전월세,사당롯데캐슬골든포레,사당동,1160,49.4797,,60000,0,5,15,2021,갱신,26.08~28.08,59800.0,,사용,,
동작구,11590,흑석동,202607,아파트_전월세,롯데캐슬에듀포레,흑석동,340,59.8718,,90000,0,9,11,2018,신규,26.09~28.09,,,,,
동작구,11590,흑석동,202607,아파트_전월세,아크로리버하임,흑석동,341,113.2377,,150000,100,11,6,2019,갱신,26.07~27.07,90000.0,300.0,,,
동작구,11590,사당동,202607,아파트_전월세,래미안로이파크,사당동,1159,84.98,,10000,360,19,15,2018,신규,26.09~28.09,,,,,
동작구,11590,사당동,202607,아파트_전월세,신동아4,사당동,105,46.75,,38000,0,1,15,1993,갱신,26.07~28.07,38000.0,,,,
동작구,11590,사당동,202607,아파트_전월세,사당자이,사당동,1139,60,,49500,0,5,14,1999,갱신,26.08~28.08,44000.0,,,,
동작구,11590,흑석동,202607,아파트_전월세,아크로리버하임,흑석동,341,84.7536,,50000,250,15,15,2019,신규,26.07~28.07,,,,,
동작구,11590,신대방동,202607,아파트_전월세,신대방경남,신대방동,712,78.19,,57750,0,14,14,2003,갱신,26.11~28.11,55000.0,,사용,,
동작구,11590,사당동,202607,아파트_전월세,이수푸르지오더프레티움,사당동,1161,59.927,,87000,0,10,7,2021,갱신,26.09~28.09,84000.0,,사용,,
동작구,11590,본동,202607,아파트_전월세,삼성래미안,본동,492,84.2261,,35000,145,15,8,2004,신규,26.08~28.08,,,,,
동작구,11590,신대방동,202607,아파트_전월세,동작협성휴포레시그니처,신대방동,686-48,84.9464,,50000,100,15,11,2022,갱신,26.07~28.07,50000.0,80.0,사용,,
동작구,11590,노량진동,202607,아파트_전월세,우성,노량진동,323,84.96,,59500,10,9,14,1997,갱신,26.07~28.07,59500.0,,사용,,
동작구,11590,상도동,202607,아파트_전월세,래미안상도3차,상도동,431,84.96,,71000,0,4,14,2004,갱신,26.08~28.08,71000.0,,,,
동작구,11590,본동,202607,아파트_전월세,래미안트윈파크,본동,494,59.72,,77500,0,26,2,2011,신규,26.09~28.09,,,,,
동작구,11590,신대방동,202607,아파트_전월세,동작상떼빌,신대방동,719,84.98,,53000,40,13,2,2006,신규,26.08~28.08,,,,,
동작구,11590,신대방동,202607,아파트_전월세,동작협성휴포레시그니처,신대방동,686-48,84.9869,,75000,0,8,13,2022,신규,26.09~28.09,,,,,
동작구,11590,상도동,202607,아파트_전월세,상도효성해링턴플레이스,상도동,536,59.9769,,48828,0,24,14,2016,신규,26.07~28.10,,,,,
동작구,11590,흑석동,202607,아파트_전월세,흑석리버파크자이,흑석동,343,84.94,,89250,0,1,11,2025,갱신,26.08~28.08,85000.0,,사용,,
동작구,11590,사당동,202607,아파트_전월세,대림(169-8),사당동,169-8,59.67,,15000,125,12,14,1990,신규,26.09~28.09,,,,,
동작구,11590,상도동,202607,아파트_전월세,상도파크자이,상도동,900,84.918,,87150,0,15,14,2016,갱신,26.10~28.10,83000.0,,사용,,
동작구,11590,사당동,202607,아파트_전월세,사당우성3,사당동,105,59.89,,16000,95,12,12,1993,갱신,26.07~28.07,16000.0,80.0,,,
동작구,11590,상도동,202607,아파트_전월세,래미안상도3차,상도동,431,84.96,,69000,0,1,14,2004,갱신,26.08~28.08,66000.0,,사용,,
동작구,11590,상도동,202607,아파트_전월세,힐스테이트 상도 프레스티지,상도동,533,84.884,,10000,260,2,13,2013,신규,26.09~27.05,,,,,
동작구,11590,상도동,202607,아파트_전월세,건영,상도동,414,32.8,,25000,50,14,6,1997,신규,26.08~28.08,,,,,
동작구,11590,흑석동,202607,아파트_전월세,흑석리버파크자이,흑석동,343,59.98,,100500,0,8,11,2025,신규,26.09~28.09,,,,,
동작구,11590,상도동,202607,아파트_전월세,두산위브트레지움2차,상도동,535,84.8624,,58266,0,3,13,2016,신규,26.07~28.10,,,,,
동작구,11590,상도동,202607,아파트_전월세,상도에스에이치빌,상도동,430,32.43,,1902,19,3,13,2006,신규,26.07~28.09,,,,,
동작구,11590,흑석동,202607,아파트_전월세,흑석한강센트레빌,흑석동,335,114.83,,110000,0,14,11,2011,갱신,26.08~27.12,105000.0,,사용,,
동작구,11590,대방동,202607,아파트_전월세,대방1차e-편한세상,대방동,508,84.32,,200,60,19,13,2003,신규,26.07~26.10,,,,,
동작구,11590,노량진동,202607,아파트_전월세,신동아리버파크,노량진동,325,114.75,,42000,100,3,12,2001,갱신,26.08~28.08,69000.0,,사용,,
동작구,11590,사당동,202607,아파트_전월세,사당우성2,사당동,105,84.66,,33000,165,5,11,1993,신규,26.08~28.08,,,,,
동작구,11590,상도동,202607,아파트_전월세,포스코더샵,상도동,521,59.96,,65000,0,1,8,2007,신규,26.09~28.09,,,,,
동작구,11590,노량진동,202607,아파트_전월세,우성,노량진동,323,59.82,,45000,0,12,11,1997,신규,26.09~28.09,,,,,
동작구,11590,신대방동,202607,아파트_전월세,우성1차,신대방동,565,84.99,,60000,0,4,11,1988,신규,26.09~28.09,,,,,
동작구,11590,상도동,202607,아파트_전월세,중앙하이츠빌,상도동,415,123.6025,,10000,280,2,11,2003,신규,26.09~28.09,,,,,
동작구,11590,상도동,202607,아파트_전월세,힐스테이트 상도 프레스티지,상도동,533,84.884,,40000,165,10,11,2013,갱신,26.09~28.09,40000.0,150.0,사용,,
동작구,11590,흑석동,202607,아파트_전월세,흑석한강센트레빌,흑석동,335,84.84,,70000,100,19,4,2011,갱신,26.08~28.08,70000.0,70.0,,,
동작구,11590,상도동,202607,아파트_전월세,두산위브트레지움2차,상도동,535,59.7852,,49140,0,4,13,2016,신규,26.07~28.10,,,,,
동작구,11590,상도동,202607,아파트_전월세,상도에스에이치빌,상도동,430,32.43,,3949,8,5,13,2006,신규,26.07~28.09,,,,,
동작구,11590,사당동,202607,아파트_전월세,극동(105),사당동,105,119.91,,90000,0,11,11,1993,신규,26.08~28.08,,,,,
동작구,11590,흑석동,202607,아파트_전월세,아크로리버하임,흑석동,341,84.7536,,5000,110,8,11,2019,신규,26.08~28.08,,,,,
동작구,11590,상도동,202607,아파트_전월세,현대(관악),상도동,407,84.78,,56000,0,3,11,1992,신규,26.09~28.09,,,,,
동작구,11590,상도동,202607,아파트_전월세,상도에스에이치빌,상도동,430,32.43,,1902,19,10,13,2006,신규,26.07~28.09,,,,,
동작구,11590,사당동,202607,아파트_전월세,이수푸르지오더프레티움,사당동,1161,84.9945,,107000,0,12,11,2021,갱신,26.10~28.10,102000.0,,사용,,
동작구,11590,대방동,202607,아파트_전월세,주공2,대방동,503,59.97,,30000,70,9,11,1995,신규,26.07~28.07,,,,,
동작구,11590,상도동,202607,아파트_전월세,포스코더샵,상도동,521,59.99,,74000,0,5,11,2007,신규,26.09~28.09,,,,,
동작구,11590,사당동,202607,아파트_전월세,신동아5,사당동,1137,84.66,,35000,120,7,11,1998,갱신,26.07~28.07,25000.0,120.0,,,
동작구,11590,상도동,202607,아파트_전월세,이수브라운스톤상도(527-0),상도동,527,84.91,,42000,90,16,12,2007,갱신,26.08~28.08,42000.0,70.0,,,
동작구,11590,상도동,202607,아파트_전월세,상도에스에이치빌,상도동,430,32.43,,1902,19,5,13,2006,신규,26.07~28.09,,,,,
동작구,11590,사당동,202607,아파트_전월세,스타팰리스이수,사당동,1008-1,36.07,,11900,108,9,2,2026,신규,26.08~28.08,,,,,
동작구,11590,상도동,202607,아파트_전월세,래미안상도3차,상도동,431,84.96,,10000,300,10,11,2004,신규,26.09~28.09,,,,,
동작구,11590,본동,202607,아파트_전월세,경동윈츠리버,본동,484,56.68,,60000,0,6,11,2004,신규,26.11~28.11,,,,,
동작구,11590,흑석동,202607,아파트_전월세,아크로리버하임,흑석동,341,84.9184,,125000,0,19,11,2019,갱신,26.09~28.09,120000.0,,,,
동작구,11590,신대방동,202607,아파트_전월세,해태보라매타워,신대방동,708,84.04,,65000,0,23,10,1996,갱신,26.10~28.10,65000.0,,,,
동작구,11590,신대방동,202607,아파트_전월세,현대,신대방동,707,84.57,,65000,0,13,5,1996,갱신,26.08~28.08,63000.0,,사용,,
동작구,11590,본동,202607,아파트_전월세,한강쌍용,본동,150,59.64,,67000,0,5,10,1999,신규,26.08~28.08,,,,,
동작구,11590,사당동,202607,아파트_전월세,현대,사당동,169-32,59.96,,40000,0,9,9,1991,갱신,26.08~28.08,40000.0,,,,
동작구,11590,노량진동,202607,아파트_전월세,우성,노량진동,323,59.82,,49000,0,17,13,1997,갱신,26.07~28.07,47000.0,,사용,,
동작구,11590,상도동,202607,아파트_전월세,강남(488),상도동,488,37.02,,500,80,5,2,1972,신규,26.07~27.08,,,,,
동작구,11590,노량진동,202607,아파트_전월세,더클래식동작,노량진동,37-1,14.17,,5318,45,9,10,2020,신규,26.08~28.08,,,,,
동작구,11590,신대방동,202607,아파트_전월세,한성아파트,신대방동,470-8,59.87,,52000,0,16,4,1995,갱신,26.07~28.07,50000.0,,사용,,
동작구,11590,대방동,202607,아파트_전월세,아데나339,대방동,515,18.67,,1000,70,5,6,2012,신규,26.07~27.07,,,,,
동작구,11590,상도동,202607,아파트_전월세,e편한세상상도노빌리티,상도동,903,84.9704,,89250,0,4,10,2018,갱신,26.10~28.10,85000.0,,사용,,
동작구,11590,사당동,202607,아파트_전월세,극동(105),사당동,105,59.25,,50000,0,1,9,1993,갱신,26.08~28.08,45000.0,,,,
동작구,11590,흑석동,202607,아파트_전월세,흑석리버파크자이,흑석동,343,84.96,,2000,120,14,10,2025,신규,26.07~28.07,,,,,
동작구,11590,상도동,202607,아파트_전월세,쌍용스윗닷홈,상도동,418,84.954,,70000,0,14,10,2003,갱신,26.07~28.07,68000.0,,사용,,
동작구,11590,상도동,202607,아파트_전월세,대림아파트,상도동,411,84.89,,54000,0,11,7,1995,갱신,26.07~28.07,52000.0,,사용,,
동작구,11590,신대방동,202607,아파트_전월세,롯데낙천대,신대방동,713,55.4561,,42000,35,16,8,2003,갱신,26.07~28.07,42000.0,,,,
동작구,11590,흑석동,202607,아파트_전월세,흑석한강센트레빌,흑석동,335,84.84,,93000,50,8,4,2011,갱신,26.10~28.10,87000.0,,,,
동작구,11590,노량진동,202607,아파트_전월세,더클래식동작,노량진동,37-1,31.77,,11442,74,16,10,2020,갱신,26.10~28.10,11442.0,71.0,,,
동작구,11590,흑석동,202607,아파트_전월세,흑석리버파크자이,흑석동,343,84.96,,90000,0,11,10,2025,신규,26.09~28.09,,,,,
동작구,11590,사당동,202607,아파트_전월세,극동(105),사당동,105,59.25,,60000,0,2,4,1993,신규,26.09~28.09,,,,,
동작구,11590,상도동,202607,아파트_전월세,상도현대,상도동,412,59.72,,3000,160,5,1,2003,신규,26.07~28.07,,,,,
동작구,11590,노량진동,202607,아파트_전월세,신동아리버파크,노량진동,325,84.88,,59300,0,2,10,2001,갱신,26.09~28.09,56500.0,,사용,,
동작구,11590,흑석동,202607,아파트_전월세,아크로리버하임,흑석동,341,59.9154,,94760,0,20,9,2019,갱신,26.10~28.10,92000.0,,사용,,
동작구,11590,신대방동,202607,아파트_전월세,한성아파트,신대방동,470-8,84.99,,75000,0,21,9,1995,신규,26.08~28.08,,,,,
동작구,11590,흑석동,202607,아파트_전월세,흑석한강푸르지오,흑석동,336,84.98,,45000,127,8,3,2012,갱신,26.08~28.08,45000.0,115.0,사용,,
동작구,11590,흑석동,202607,아파트_전월세,한강현대,흑석동,28,114.44,,10000,264,14,9,1988,갱신,26.10~28.10,10000.0,250.0,사용,,
동작구,11590,신대방동,202607,아파트_전월세,보라매삼성쉐르빌,신대방동,395-66,163.83,,105000,0,16,9,2003,갱신,26.07~28.07,100000.0,,사용,,
동작구,11590,노량진동,202607,아파트_전월세,더써밋타워,노량진동,54-4,32.61,,15900,68,25,9,2024,신규,26.08~28.08,,,,,
동작구,11590,대방동,202607,아파트_전월세,대방동현대,대방동,502,84.96,,54300,0,19,8,1994,갱신,26.08~28.08,51800.0,,사용,,
동작구,11590,대방동,202607,아파트_전월세,주공2,대방동,503,51.66,,50000,0,5,8,1995,신규,26.09~28.09,,,,,
동작구,11590,사당동,202607,아파트_전월세,이수역리가,사당동,1157,84.9827,,78750,0,3,7,2013,갱신,26.08~28.08,75000.0,,사용,,
동작구,11590,사당동,202607,아파트_전월세,래미안로이파크,사당동,1159,84.98,,55000,185,14,8,2018,갱신,26.09~28.09,55000.0,110.0,,,
동작구,11590,사당동,202607,아파트_전월세,사당우성3,사당동,105,84.66,,70000,0,6,4,1993,신규,26.09~28.09,,,,,
동작구,11590,대방동,202607,아파트_전월세,신일해피트리,대방동,510,59.8165,,10000,133,18,4,2005,갱신,26.07~28.07,10000.0,125.0,사용,,
동작구,11590,사당동,202607,아파트_전월세,사당자이,사당동,1139,59.89,,49300,0,18,7,1999,갱신,26.09~28.09,47000.0,,사용,,
동작구,11590,본동,202607,아파트_전월세,삼성래미안,본동,492,84.2261,,35000,145,15,8,2004,신규,26.08~28.08,,,,,
동작구,11590,사당동,202607,아파트_전월세,사당롯데캐슬2차,사당동,1149,84.614,,74000,0,5,7,2004,신규,26.10~28.10,,,,,
동작구,11590,상도동,202607,아파트_전월세,상도역롯데캐슬파크엘,상도동,904,84.9807,,1000,80,12,8,2021,갱신,26.08~27.08,1000.0,80.0,사용,,
동작구,11590,흑석동,202607,아파트_전월세,아크로리버하임,흑석동,341,72.951,,50000,180,5,5,2019,신규,26.07~28.07,,,,,
동작구,11590,사당동,202607,아파트_전월세,두산위브트레지움,사당동,1131,118.4843,,117000,0,3,8,2011,신규,26.09~28.09,,,,,
동작구,11590,신대방동,202607,아파트_전월세,동작상떼빌,신대방동,719,128.61,,78000,0,5,8,2006,갱신,26.07~28.07,78000.0,,사용,,
동작구,11590,사당동,202607,아파트_전월세,경남아너스빌2차,사당동,1135,59.9,,53000,0,1,4,1998,신규,26.08~28.08,,,,,
동작구,11590,사당동,202607,아파트_전월세,삼성래미안,사당동,1133,114.502,,74000,0,7,7,2003,갱신,26.07~28.07,68000.0,,,,
동작구,11590,흑석동,202607,아파트_전월세,아크로리버하임,흑석동,341,84.9184,,80000,200,16,2,2019,신규,26.08~28.08,,,,,
동작구,11590,상도동,202607,아파트_전월세,삼환나우빌(520-0),상도동,520,126.362,,88000,0,11,6,2007,신규,26.08~28.08,,,,,
동작구,11590,사당동,202607,아파트_전월세,사당우성2,사당동,105,46.75,,42000,0,7,4,1993,신규,26.10~28.10,,,,,
동작구,11590,대방동,202607,아파트_전월세,주공2,대방동,503,51.66,,48000,0,4,7,1995,신규,26.08~28.08,,,,,
동작구,11590,상도동,202607,아파트_전월세,래미안상도3차,상도동,431,84.96,,70000,50,4,3,2004,신규,26.09~28.09,,,,,
동작구,11590,흑석동,202607,아파트_전월세,흑석한강센트레빌Ⅱ,흑석동,339,38.481,,2459,15,14,8,2012,갱신,26.08~28.07,2459.0,15.0,,,
동작구,11590,노량진동,202607,아파트_전월세,건영(103동-106동),노량진동,324,84.94,,30000,160,11,7,1997,신규,26.08~28.08,,,,,
동작구,11590,상도동,202607,아파트_전월세,현대(관악),상도동,407,58.59,,24000,0,8,1,1992,갱신,26.07~28.07,23000.0,,사용,,
동작구,11590,신대방동,202607,아파트_전월세,골드타워,신대방동,351-5,19.423,,5700,36,16,7,2025,신규,26.08~28.08,,,,,
동작구,11590,흑석동,202607,아파트_전월세,한강현대,흑석동,28,83.475,,66150,0,3,4,1988,갱신,26.07~28.07,63000.0,,사용,,
동작구,11590,사당동,202607,아파트_전월세,사당롯데캐슬골든포레,사당동,1160,84.9787,,85000,0,9,4,2021,신규,26.08~28.08,,,,,
동작구,11590,사당동,202607,아파트_전월세,사당롯데캐슬골든포레,사당동,1160,59.9908,,66000,0,4,4,2021,갱신,26.09~28.09,63000.0,,사용,,
동작구,11590,사당동,202607,아파트_전월세,극동(105),사당동,105,84.32,,53500,0,7,2,1993,갱신,26.07~28.07,51000.0,,,,
동작구,11590,노량진동,202607,아파트_전월세,신동아리버파크,노량진동,325,84.88,,10000,200,19,7,2001,신규,26.07~28.07,,,,,
동작구,11590,사당동,202607,아파트_전월세,대림(169-8),사당동,169-8,59.67,,44700,0,8,7,1990,갱신,26.07~28.07,42700.0,,사용,,
동작구,11590,노량진동,202607,아파트_전월세,우성,노량진동,323,59.82,,30000,68,4,5,1997,갱신,26.08~28.08,30000.0,65.0,,,
동작구,11590,흑석동,202607,아파트_전월세,명수대현대,흑석동,10,70.2,,43000,45,4,4,1988,신규,26.09~28.09,,,,,
동작구,11590,흑석동,202607,아파트_전월세,흑석한강푸르지오,흑석동,336,84.98,,95000,0,6,5,2012,신규,26.09~28.09,,,,,
동작구,11590,사당동,202607,아파트_전월세,이수역리가,사당동,1157,84.956,,30000,240,15,3,2013,신규,26.08~28.08,,,,,
동작구,11590,노량진동,202607,아파트_전월세,신동아리버파크,노량진동,325,84.88,,63000,0,23,4,2001,갱신,26.08~28.08,60000.0,,사용,,
동작구,11590,상도동,202607,아파트_전월세,상도푸르지오클라베뉴,상도동,906,74.9953,,63000,0,4,6,2024,갱신,26.10~28.10,63000.0,,사용,,
동작구,11590,신대방동,202607,아파트_전월세,동작협성휴포레시그니처,신대방동,686-48,84.9464,,76000,0,11,4,2022,갱신,26.07~28.07,72000.0,,,,
동작구,11590,신대방동,202607,아파트_전월세,동작협성휴포레시그니처,신대방동,686-48,84.9869,,74500,0,14,3,2022,갱신,26.08~28.08,71000.0,,사용,,
동작구,11590,사당동,202607,아파트_전월세,사당자이,사당동,1139,59.89,,53000,0,12,4,1999,갱신,26.07~28.07,50000.0,,,,
동작구,11590,본동,202607,아파트_전월세,신동아,본동,481,104.7,,57750,0,9,6,1993,갱신,26.09~28.09,55000.0,,사용,,
동작구,11590,상도동,202607,아파트_전월세,두산위브트레지움2차,상도동,535,84.864,,77700,0,20,4,2016,갱신,26.08~28.08,74000.0,,사용,,
동작구,11590,동작동,202607,아파트_전월세,이수스위첸포레힐즈,동작동,102,59.96,,75000,0,1,4,2022,갱신,26.07~28.07,72500.0,,사용,,
동작구,11590,신대방동,202607,아파트_전월세,보라매자이더포레스트,신대방동,724,59.3399,,70000,0,37,6,2021,갱신,26.07~27.02,67000.0,,사용,,
동작구,11590,사당동,202607,아파트_전월세,두산위브트레지움,사당동,1131,84.9706,,79800,0,11,6,2011,갱신,26.07~28.07,76000.0,,사용,,
동작구,11590,신대방동,202607,아파트_전월세,롯데낙천대,신대방동,713,80.2422,,80000,0,18,5,2003,신규,26.09~28.09,,,,,
동작구,11590,사당동,202607,아파트_전월세,이수푸르지오더프레티움,사당동,1161,84.9243,,100000,0,6,4,2021,신규,26.08~28.08,,,,,
동작구,11590,사당동,202607,아파트_전월세,사당우성2,사당동,105,84.66,,30000,150,10,4,1993,신규,26.09~28.09,,,,,
동작구,11590,상도동,202607,아파트_전월세,씨티아모리움,상도동,532,14.1881,,1000,70,7,3,2012,신규,26.08~28.08,,,,,
동작구,11590,노량진동,202607,아파트_전월세,신동아리버파크,노량진동,325,114.75,,70000,13,22,4,2001,갱신,26.08~28.08,70000.0,,사용,,
동작구,11590,흑석동,202607,아파트_전월세,롯데캐슬에듀포레,흑석동,340,84.9912,,115000,0,19,5,2018,신규,26.08~28.08,,,,,
동작구,11590,대방동,202607,아파트_전월세,주공2,대방동,503,58.65,,40509,0,12,3,1995,갱신,26.07~28.07,38580.0,,사용,,
동작구,11590,신대방동,202607,아파트_전월세,한성아파트,신대방동,470-8,130.13,,80000,0,2,4,1995,신규,26.08~28.08,,,,,
동작구,11590,사당동,202607,아파트_전월세,사당우성2,사당동,105,84.66,,20000,150,11,4,1993,신규,26.09~28.09,,,,,
동작구,11590,상도동,202607,아파트_전월세,상도푸르지오클라베뉴,상도동,906,84.9198,,73500,0,8,4,2024,갱신,26.08~28.08,70000.0,,사용,,
동작구,11590,사당동,202607,아파트_전월세,대림(169-8),사당동,169-8,84.91,,65000,12,6,2,1990,갱신,26.07~28.07,65000.0,,사용,,
동작구,11590,흑석동,202607,아파트_전월세,아크로리버하임,흑석동,341,84.9184,,125000,0,9,4,2019,신규,26.08~28.08,,,,,
동작구,11590,본동,202607,아파트_전월세,삼성래미안,본동,492,59.9843,,65000,0,17,5,2004,신규,26.10~28.10,,,,,
동작구,11590,신대방동,202607,아파트_전월세,보라매나산스위트,신대방동,395-68,219.51,,73500,100,12,4,1996,갱신,26.09~28.09,70000.0,100.0,사용,,
동작구,11590,상도동,202607,아파트_전월세,포스코더샵,상도동,521,59.99,,66150,0,11,4,2007,갱신,26.08~28.08,63000.0,,사용,,
동작구,11590,상도동,202607,아파트_전월세,힐스테이트 상도 센트럴파크,상도동,531,84.7835,,95000,0,15,4,2012,신규,26.09~28.09,,,,,
동작구,11590,상도동,202607,아파트_전월세,힐스테이트 상도 센트럴파크,상도동,531,118.1759,,80000,190,13,4,2012,신규,26.09~28.09,,,,,
동작구,11590,상도동,202607,아파트_전월세,이수브라운스톤상도(527-0),상도동,527,84.99,,71400,0,8,4,2007,갱신,26.10~28.10,68000.0,,사용,,
동작구,11590,대방동,202607,아파트_전월세,주공2,대방동,503,59.97,,50000,0,13,3,1995,갱신,26.07~28.07,45000.0,,,,
동작구,11590,본동,202607,아파트_전월세,래미안트윈파크,본동,494,59.72,,78750,0,4,3,2011,갱신,26.09~28.09,75000.0,,사용,,
동작구,11590,노량진동,202607,아파트_전월세,더써밋타워,노량진동,54-4,34.46,,16500,70,19,3,2024,신규,26.08~28.08,,,,,
동작구,11590,상도동,202607,아파트_전월세,이수브라운스톤상도(527-0),상도동,527,84.99,,62500,0,5,1,2007,갱신,26.07~28.07,52500.0,,,,
동작구,11590,흑석동,202607,아파트_전월세,흑석한강센트레빌,흑석동,335,84.91,,91350,0,9,3,2011,갱신,26.08~28.08,87000.0,,사용,,
동작구,11590,대방동,202607,아파트_전월세,현대홈타운2,대방동,506,59.89,,15000,100,17,3,1999,갱신,26.10~28.10,18000.0,70.0,,,
동작구,11590,상도동,202607,아파트_전월세,상도휴엔하임,상도동,363-164,14.7,,3000,55,11,2,2016,신규,26.07~28.07,,,,,
동작구,11590,신대방동,202607,아파트_전월세,현진에버빌,신대방동,716,84.9234,,43500,0,3,2,2003,갱신,26.09~28.09,38500.0,,,,
동작구,11590,상도동,202607,아파트_전월세,힐스테이트 상도 센트럴파크,상도동,531,84.6099,,80100,0,15,1,2012,갱신,26.10~28.10,80000.0,,사용,,
동작구,11590,신대방동,202607,아파트_전월세,현진에버빌,신대방동,716,59.6216,,53000,0,10,2,2003,갱신,26.10~28.10,51000.0,,사용,,
동작구,11590,흑석동,202607,아파트_전월세,흑석동양아파트,흑석동,328,84.991,,66150,0,7,2,2003,갱신,26.07~28.07,63000.0,,사용,,
동작구,11590,대방동,202607,아파트_전월세,경남아너스빌,대방동,512,84.805,,25000,200,11,1,2006,신규,26.08~28.08,,,,,
동작구,11590,흑석동,202607,아파트_전월세,흑석리버파크자이,흑석동,343,59.93,,70000,140,18,2,2025,신규,26.09~28.09,,,,,
동작구,11590,사당동,202607,아파트_전월세,사당휴먼시아,사당동,1154,84.73,,30000,120,6,1,2009,신규,26.09~28.09,,,,,
동작구,11590,본동,202607,아파트_전월세,극동강변,본동,148-2,84.73,,53000,0,8,1,1992,갱신,26.07~28.07,47000.0,,,,
동작구,11590,사당동,202607,아파트_전월세,신동아4,사당동,105,59.89,,56000,0,12,1,1993,신규,26.08~28.08,,,,,
동작구,11590,상도동,202607,아파트_전월세,힐스테이트 상도 센트럴파크,상도동,531,84.7835,,10000,310,2,1,2012,신규,26.09~28.09,,,,,
동작구,11590,노량진동,202607,오피스텔_매매,노량진 드림스퀘어 복합빌딩,노량진동,16-1,24.1329,24500,,,14,25,2020,,,,,,중개거래,
동작구,11590,신대방동,202607,오피스텔_매매,디앤씨타워,신대방동,342-15,35.02,31000,,,4,21,2020,,,,,,중개거래,
동작구,11590,신대방동,202607,오피스텔_매매,동작상떼빌,신대방동,719,61.37,43000,,,9,6,2006,,,,,,중개거래,
동작구,11590,신대방동,202607,오피스텔_매매,동작상떼빌,신대방동,719,86.39,61000,,,10,1,2006,,,,,,중개거래,
동작구,11590,신대방동,202607,연립다세대_매매,694-27,신대방동,694-27,56.91,49000,,,3,22,2015,,,,,,직거래,
동작구,11590,신대방동,202607,연립다세대_매매,주원베르빌,신대방동,689-31,45.06,46000,,,6,29,2016,,,,,,중개거래,
동작구,11590,사당동,202607,연립다세대_매매,델리카운티,사당동,55-2,51.37,60000,,,5,20,2022,,,,,,직거래,
동작구,11590,대방동,202607,연립다세대_매매,시그니처,대방동,378-21,29.43,40800,,,2,13,2019,,,,,,중개거래,
동작구,11590,상도1동,202607,연립다세대_매매,토브하우스,상도1동,553,29.21,36000,,,3,28,2022,,,,,,중개거래,
동작구,11590,신대방동,202607,연립다세대_매매,주원베르빌,신대방동,689-31,29.89,35500,,,2,25,2016,,,,,,중개거래,
동작구,11590,사당동,202607,연립다세대_매매,델리카운티,사당동,55-2,48.78,65900,,,3,21,2022,,,,,,중개거래,
동작구,11590,대방동,202607,연립다세대_매매,성도빌라,대방동,336-2,67.45,72000,,,3,27,1983,,,,,,중개거래,
동작구,11590,상도동,202607,연립다세대_매매,라온빌,상도동,302-46,42,39400,,,2,25,2016,,,,,,중개거래,
동작구,11590,사당동,202607,연립다세대_매매,수목빌(52-6),사당동,52-6,45.55,46000,,,2,10,2020,,,,,,직거래,
동작구,11590,상도동,202607,연립다세대_매매,드림팰리스,상도동,235-11,29.56,67500,,,4,28,2011,,,,,,중개거래,
동작구,11590,사당동,202607,연립다세대_매매,세영베스트빌(241-24),사당동,241-24,70.68,60250,,,3,11,2003,,,,,,중개거래,
동작구,11590,노량진동,202607,연립다세대_매매,금성타운,노량진동,221-28,41.49,74500,,,1,8,1989,,,,,,중개거래,
동작구,11590,노량진동,202607,연립다세대_매매,SK하이빌A,노량진동,309-57,74.8,94000,,,4,25,2003,,,,,,중개거래,
동작구,11590,대방동,202607,연립다세대_매매,삼일빌라나동,대방동,349-16,36.61,30000,,,-1,31,1987,,,,,,중개거래,
동작구,11590,상도동,202607,연립다세대_매매,제승리치빌,상도동,259-80,42.68,70000,,,4,31,2012,,,,,,중개거래,
동작구,11590,대방동,202607,연립다세대_매매,미래팰리스,대방동,393-17,25.96,34500,,,5,28,2015,,,,,,중개거래,
동작구,11590,상도동,202607,연립다세대_매매,한강뉴스타(210-289),상도동,210-289,33,59500,,,5,22,2013,,,,,,중개거래,
동작구,11590,상도동,202607,연립다세대_매매,라온빌,상도동,302-46,29.08,31400,,,2,30,2016,,,,,,중개거래,
동작구,11590,상도동,202607,연립다세대_매매,벨라루체,상도동,7-19,46.69,58900,,,6,28,2020,,,,,,중개거래,
동작구,11590,사당동,202607,연립다세대_매매,낙천파크빌,사당동,175-4,34.72,50000,,,2,30,2008,,,,,,중개거래,O
동작구,11590,대방동,202607,연립다세대_매매,대신빌라,대방동,404-23,37.8,27000,,,1,4,1992,,,,,,중개거래,
동작구,11590,상도동,202607,연립다세대_매매,상도까치빌라,상도동,256-182,50.47,85800,,,3,30,1994,,,,,,중개거래,
동작구,11590,상도동,202607,연립다세대_매매,반석(279-110),상도동,279-110,72.84,90000,,,-1,31,1997,,,,,,중개거래,
동작구,11590,대방동,202607,연립다세대_매매,영진맨션2차,대방동,391-234,65.28,32500,,,-1,22,1997,,,,,,중개거래,
동작구,11590,노량진동,202607,연립다세대_매매,은하맨션,노량진동,84-24,68.1,200000,,,2,8,1978,,,,,,중개거래,
동작구,11590,상도1동,202607,연립다세대_매매,금호파크빌2차,상도1동,326-1,61.47,44800,,,3,31,2002,,,,,,중개거래,
동작구,11590,상도동,202607,연립다세대_매매,금성6차골든빌리지,상도동,256-216,50.58,90500,,,2,30,1994,,,,,,중개거래,
동작구,11590,노량진동,202607,연립다세대_매매,이화빌라,노량진동,221-108,60.42,42800,,,1,29,1994,,,,,,직거래,
동작구,11590,상도1동,202607,연립다세대_매매,정원빌라(327-6),상도1동,327-6,30.36,23500,,,1,29,1990,,,,,,중개거래,
동작구,11590,상도동,202607,연립다세대_매매,유한하이츠빌라(301-130),상도동,301-130,61.64,31000,,,1,25,1999,,,,,,중개거래,
동작구,11590,사당동,202607,연립다세대_매매,현대(183-35),사당동,183-35,38.4,25000,,,3,11,1993,,,,,,중개거래,
동작구,11590,상도1동,202607,연립다세대_매매,한양아트빌라,상도1동,333-13,36.57,26400,,,2,10,1996,,,,,,중개거래,
동작구,11590,대방동,202607,연립다세대_매매,정원뷰,대방동,11-45,51.54,43000,,,4,27,2018,,,,,,중개거래,
동작구,11590,상도동,202607,연립다세대_매매,대원,상도동,210-297,42.945,29000,,,4,21,2001,,,,,,중개거래,
동작구,11590,신대방동,202607,연립다세대_매매,상우빌,신대방동,599-32,51.48,39800,,,3,8,2003,,,,,,중개거래,
동작구,11590,대방동,202607,연립다세대_매매,"대방팰리스(A,B,C동)",대방동,20-7,32.79,40000,,,2,28,2017,,,,,,중개거래,
동작구,11590,사당동,202607,연립다세대_매매,세원,사당동,44-115,58.91,54000,,,1,14,1991,,,,,,중개거래,
동작구,11590,흑석동,202607,연립다세대_매매,명수대삼익빌라,흑석동,186-139,224.14,210000,,,2,7,1985,,,,,,중개거래,
동작구,11590,상도동,202607,연립다세대_매매,파크팰리스,상도동,299-63,43.8,60500,,,3,3,2017,,,,,,중개거래,
동작구,11590,상도동,202607,연립다세대_매매,메종드카라,상도동,7-49,49.63,52000,,,2,27,2019,,,,,,중개거래,
동작구,11590,상도동,202607,연립다세대_매매,강남빌(279-71),상도동,279-71,61.48,97000,,,3,27,2008,,,,,,중개거래,
동작구,11590,사당동,202607,연립다세대_매매,삼원A동,사당동,1035-24,44.97,86000,,,5,25,2002,,,,,,중개거래,
동작구,11590,사당동,202607,연립다세대_매매,삼성빌라(303-16),사당동,303-16,67.54,105000,,,4,10,1998,,,,,,중개거래,
동작구,11590,상도동,202607,연립다세대_매매,강남빌(230-1),상도동,230-1,51.63,72800,,,2,16,2014,,,,,,중개거래,
동작구,11590,상도동,202607,연립다세대_매매,오성하이츠,상도동,279-445,44.78,71000,,,1,9,1992,,,,,,중개거래,
동작구,11590,상도동,202607,연립다세대_매매,효파크빌,상도동,159-37,40.48,37500,,,2,26,2019,,,,,,중개거래,
동작구,11590,신대방동,202607,연립다세대_매매,신대방빌,신대방동,601-35,13.94,25350,,,2,7,2012,,,,,,중개거래,
동작구,11590,상도동,202607,연립다세대_매매,휴명가,상도동,264-200,29.33,95000,,,4,24,2019,,,,,,중개거래,
동작구,11590,사당동,202607,연립다세대_매매,현주빌라,사당동,220-11,57.48,48650,,,1,25,2002,,,,,,중개거래,
동작구,11590,상도동,202607,연립다세대_매매,부광홈타운,상도동,288-6,39.6,47500,,,5,24,2006,,,,,,중개거래,
동작구,11590,대방동,202607,연립다세대_매매,리안,대방동,394-26,15.05,13500,,,10,22,2017,,,,,,중개거래,
동작구,11590,신대방동,202607,연립다세대_매매,성안빌,신대방동,341-138,60.84,42000,,,4,24,2012,,,,,,중개거래,
동작구,11590,상도동,202607,연립다세대_매매,코린도스빌,상도동,7-39,80.75,52500,,,3,25,2003,,,,,,중개거래,
동작구,11590,상도동,202607,연립다세대_매매,해오름빌,상도동,244-165,60.55,45000,,,-1,18,2009,,,,,,중개거래,
동작구,11590,신대방동,202607,연립다세대_매매,금성빌라7차,신대방동,366-181,61.22,48800,,,1,22,1995,,,,,,중개거래,
동작구,11590,상도동,202607,연립다세대_매매,진흥푸르지오,상도동,56-105,33.01,29600,,,2,16,2013,,,,,,중개거래,
동작구,11590,상도1동,202607,연립다세대_매매,선경파인빌,상도1동,483-10,75.55,58000,,,3,22,2002,,,,,,중개거래,
동작구,11590,동작동,202607,연립다세대_매매,엘리시아(58-62),동작동,58-62,40.06,39000,,,2,21,2014,,,,,,중개거래,
동작구,11590,대방동,202607,연립다세대_매매,한신빌라,대방동,393-56,73.41,62500,,,2,4,2002,,,,,,중개거래,
동작구,11590,상도동,202607,연립다세대_매매,샹그릴라VI,상도동,7-197,53.34,43400,,,4,21,2016,,,,,,중개거래,
동작구,11590,상도동,202607,연립다세대_매매,신건쉐르빌(335-178),상도동,335-178,74.75,57000,,,3,18,2006,,,,,,중개거래,
동작구,11590,사당동,202607,연립다세대_매매,더제이클래식,사당동,44-20,36.37,50000,,,2,14,2023,,,,,,중개거래,
동작구,11590,상도1동,202607,연립다세대_매매,상도뜰안애,상도1동,324-3,28.49,32800,,,2,6,2023,,,,,,중개거래,
동작구,11590,사당동,202607,연립다세대_매매,메종슈에뜨101,사당동,419-101,20.89,47000,,,2,22,2016,,,,,,중개거래,
동작구,11590,상도동,202607,연립다세대_매매,타워빌,상도동,279-504,66.79,90000,,,4,11,2009,,,,,,중개거래,
동작구,11590,상도동,202607,연립다세대_매매,청송주택(256-218),상도동,256-218,84.78,52000,,,-1,17,1995,,,,,,중개거래,
동작구,11590,상도동,202607,연립다세대_매매,효성아트빌,상도동,244-178,76.24,96000,,,1,20,2002,,,,,,중개거래,
동작구,11590,상도동,202607,연립다세대_매매,한강베스트빌,상도동,279-61,38.69,73000,,,5,20,2009,,,,,,중개거래,
동작구,11590,상도동,202607,연립다세대_매매,(20-6),상도동,20-6,83.17,55000,,,3,20,2003,,,,,,중개거래,
동작구,11590,대방동,202607,연립다세대_매매,다인캐슬3차,대방동,391-71,51.69,66000,,,5,20,2021,,,,,,중개거래,
동작구,11590,상도동,202607,연립다세대_매매,낙원그린타워나동,상도동,283-202,82.92,95000,,,3,20,1998,,,,,,중개거래,
동작구,11590,사당동,202607,연립다세대_매매,우원빌라,사당동,161-80,32.44,40000,,,2,4,1993,,,,,,직거래,
동작구,11590,상도동,202607,연립다세대_매매,웰리치파크(256-17),상도동,256-17,50.1,73000,,,4,18,2015,,,,,,중개거래,
동작구,11590,상도1동,202607,연립다세대_매매,옥동하이빌,상도1동,325-1,60.7,50500,,,3,18,2002,,,,,,중개거래,
동작구,11590,상도동,202607,연립다세대_매매,강호빌리지,상도동,279-397,42.94,49700,,,4,17,2017,,,,,,중개거래,
동작구,11590,사당동,202607,연립다세대_매매,몬트하임,사당동,419-89,17.21,34700,,,3,17,2017,,,,,,중개거래,
동작구,11590,사당동,202607,연립다세대_매매,CS하우스,사당동,419-152,34.61,56500,,,3,17,2014,,,,,,중개거래,
동작구,11590,상도동,202607,연립다세대_매매,진영빌라,상도동,283-5,99.9,100000,,,4,18,1998,,,,,,중개거래,
동작구,11590,상도동,202607,연립다세대_매매,문화빌라,상도동,279-208,61.28,87000,,,2,18,1991,,,,,,중개거래,
동작구,11590,상도동,202607,연립다세대_매매,강호빌리지,상도동,279-397,29.74,40000,,,5,11,2017,,,,,,중개거래,
동작구,11590,상도1동,202607,연립다세대_매매,(619-2),상도1동,619-2,36.39,28000,,,2,13,1988,,,,,,중개거래,
동작구,11590,상도동,202607,연립다세대_매매,성우빌라(375-4),상도동,375-4,54.75,83000,,,1,18,1994,,,,,,중개거래,
동작구,11590,사당동,202607,연립다세대_매매,보성빌라,사당동,220-106,43.69,31500,,,1,10,1992,,,,,,중개거래,
동작구,11590,상도동,202607,연립다세대_매매,대성하이빌라B동,상도동,279-586,41.16,73000,,,3,17,1991,,,,,,중개거래,
동작구,11590,상도동,202607,연립다세대_매매,한주빌라,상도동,244-174,76.8,93800,,,2,17,1994,,,,,,중개거래,
동작구,11590,신대방동,202607,연립다세대_매매,삼성그린타운,신대방동,366-20,74.27,55000,,,2,17,1996,,,,,,중개거래,
동작구,11590,상도1동,202607,연립다세대_매매,명성하늘채,상도1동,694,55,66100,,,4,16,2023,,,,,,중개거래,
동작구,11590,상도동,202607,연립다세대_매매,(279-80),상도동,279-80,31.47,65000,,,1,11,1986,,,,,,중개거래,
동작구,11590,본동,202607,연립다세대_매매,(24-14),본동,24-14,71.75,27600,,,4,10,2003,,,,,,직거래,
동작구,11590,상도동,202607,연립다세대_매매,미소가(279-169),상도동,279-169,29.88,75000,,,4,13,2019,,,,,,중개거래,
동작구,11590,상도동,202607,연립다세대_매매,성대빌라,상도동,279-42,40.23,27500,,,-1,14,1996,,,,,,중개거래,
동작구,11590,사당동,202607,연립다세대_매매,포란하우스,사당동,57-45,30.79,99500,,,3,16,2021,,,,,,중개거래,
동작구,11590,사당동,202607,연립다세대_매매,포란하우스,사당동,57-45,30.79,98000,,,2,16,2021,,,,,,중개거래,
동작구,11590,상도동,202607,연립다세대_매매,더클래식,상도동,238-5,53.49,95500,,,5,10,2023,,,,,,중개거래,
동작구,11590,상도동,202607,연립다세대_매매,대성하이빌라A동,상도동,279-152,35.52,70000,,,1,16,1991,,,,,,중개거래,
동작구,11590,대방동,202607,연립다세대_매매,아너스힐3차(393-38),대방동,393-38,54.17,67000,,,5,15,2014,,,,,,중개거래,
동작구,11590,상도1동,202607,연립다세대_매매,삼성상도빌라,상도1동,459,157.23,120000,,,3,10,1995,,,,,,중개거래,
동작구,11590,사당동,202607,연립다세대_매매,수목빌,사당동,319-9,50.32,42000,,,5,15,2011,,,,,,중개거래,
동작구,11590,상도1동,202607,연립다세대_매매,두손베스티움(325-5),상도1동,325-5,29.95,26700,,,5,13,2013,,,,,,중개거래,
동작구,11590,상도동,202607,연립다세대_매매,신건드림원빌,상도동,299-14,69.645,60000,,,2,15,2011,,,,,,중개거래,
동작구,11590,상도동,202607,연립다세대_매매,에이스빌,상도동,279-69,61.31,50000,,,2,10,2008,,,,,,직거래,
동작구,11590,사당동,202607,연립다세대_매매,낙천파크빌,사당동,175-4,34.72,50000,,,2,8,2008,,,,,,중개거래,
동작구,11590,상도동,202607,연립다세대_매매,라크레스타,상도동,283-28,59.7,100000,,,3,14,2022,,,,,,중개거래,
동작구,11590,사당동,202607,연립다세대_매매,메종슈에뜨101,사당동,419-101,20.89,45000,,,4,14,2016,,,,,,중개거래,
동작구,11590,대방동,202607,연립다세대_매매,더클래스,대방동,375-5,29.25,33000,,,3,10,2018,,,,,,중개거래,
동작구,11590,사당동,202607,연립다세대_매매,화이트빌라,사당동,446-127,61.8,53900,,,1,4,1996,,,,,,중개거래,
동작구,11590,상도동,202607,연립다세대_매매,해오름빌,상도동,244-165,61.965,95000,,,2,8,2009,,,,,,중개거래,
동작구,11590,상도동,202607,연립다세대_매매,송봉그린,상도동,335-223,60.31,61500,,,4,13,2002,,,,,,중개거래,
동작구,11590,상도동,202607,연립다세대_매매,청운하이츠3차,상도동,335-172,71.08,60000,,,3,11,2001,,,,,,중개거래,
동작구,11590,신대방동,202607,연립다세대_매매,멘토하우스,신대방동,616-15,12.3,57000,,,3,9,2012,,,,,,중개거래,
동작구,11590,상도1동,202607,연립다세대_매매,상원빌라(560-1),상도1동,560-1,36.61,21000,,,-1,1,1988,,,,,,중개거래,
동작구,11590,상도동,202607,연립다세대_매매,(244-349),상도동,244-349,41.1,70000,,,2,11,1986,,,,,,중개거래,
동작구,11590,상도동,202607,연립다세대_매매,상도첼시2,상도동,299-232,29.66,34500,,,2,10,2018,,,,,,중개거래,
동작구,11590,상도1동,202607,연립다세대_매매,한빛아트빌,상도1동,328-2,76.05,53000,,,2,10,2004,,,,,,중개거래,
동작구,11590,상도동,202607,연립다세대_매매,낙원맨션7차,상도동,279-511,74.91,94500,,,4,9,1997,,,,,,중개거래,
동작구,11590,상도1동,202607,연립다세대_매매,상도뜰안애,상도1동,324-3,28.49,24801,,,1,10,2023,,,,,,직거래,
동작구,11590,상도동,202607,연립다세대_매매,상도로얄맨션,상도동,201-2,72.24,87500,,,3,10,2003,,,,,,중개거래,
동작구,11590,상도동,202607,연립다세대_매매,강호빌리지,상도동,279-397,42.94,23000,,,4,10,2017,,,,,,직거래,
동작구,11590,상도동,202607,연립다세대_매매,신동아빌라,상도동,279-170,55.66,84500,,,3,9,1996,,,,,,중개거래,
동작구,11590,대방동,202607,연립다세대_매매,대명빌라2차,대방동,393-50,72.02,66500,,,3,10,2001,,,,,,중개거래,
동작구,11590,상도동,202607,연립다세대_매매,탑하우스빌,상도동,7-11,53.43,36000,,,3,8,2001,,,,,,중개거래,
동작구,11590,흑석동,202607,연립다세대_매매,인더가든,흑석동,186-16,37.75,76000,,,2,8,2016,,,,,,중개거래,
동작구,11590,상도동,202607,연립다세대_매매,서연빌,상도동,159-38,68.72,63000,,,4,8,2017,,,,,,중개거래,
동작구,11590,상도동,202607,연립다세대_매매,낙원빌라B동(256-223),상도동,256-223,83.38,73000,,,-1,2,1996,,,,,,중개거래,
동작구,11590,상도동,202607,연립다세대_매매,상아빌,상도동,321-2,71.06,65000,,,2,6,2003,,,,,,중개거래,
동작구,11590,상도동,202607,연립다세대_매매,청명에버빌(4차)나동,상도동,201-213,51.2,85000,,,3,7,2014,,,,,,중개거래,
동작구,11590,사당동,202607,연립다세대_매매,조은빌라B,사당동,169-10,49.22,28000,,,1,4,1994,,,,,,중개거래,
동작구,11590,상도1동,202607,연립다세대_매매,명성하늘채,상도1동,694,48.51,60500,,,5,1,2023,,,,,,중개거래,
동작구,11590,사당동,202607,연립다세대_매매,청구맨션빌라,사당동,449-24,115.11,82000,,,1,3,1992,,,,,,중개거래,
동작구,11590,상도동,202607,연립다세대_매매,무지개빌라(214-312),상도동,214-312,53.7,55000,,,4,3,1992,,,,,,중개거래,
동작구,11590,사당동,202607,연립다세대_매매,성원빌라,사당동,300-23,56.54,54400,,,1,3,1994,,,,,,중개거래,
동작구,11590,흑석동,202607,연립다세대_매매,샹그릴라(196-18),흑석동,196-18,21.11,23000,,,2,2,2015,,,,,,직거래,
동작구,11590,상도동,202607,연립다세대_매매,효성빌라(B동),상도동,159-298,34.77,21500,,,2,5,1986,,,,,,중개거래,
동작구,11590,대방동,202607,연립다세대_매매,파크힐스,대방동,351-5,29.96,34500,,,1,5,2018,,,,,,중개거래,
동작구,11590,흑석동,202607,연립다세대_매매,태산빌라B동,흑석동,204-159,48.57,95000,,,2,5,1988,,,,,,중개거래,
동작구,11590,상도동,202607,연립다세대_매매,목화빌라(279-235),상도동,279-235,55.64,64000,,,-1,4,1995,,,,,,중개거래,
동작구,11590,상도동,202607,연립다세대_매매,(244-349),상도동,244-349,41.1,69500,,,1,3,1986,,,,,,중개거래,
동작구,11590,상도동,202607,연립다세대_매매,대성하이빌라B동,상도동,279-586,41.16,74000,,,2,1,1991,,,,,,중개거래,
동작구,11590,상도동,202607,연립다세대_매매,반석빌라(256-202),상도동,256-202,50.77,55500,,,4,25,1994,,,,,,중개거래,
동작구,11590,상도동,202607,아파트_매매,다온아파트,상도동,256-28,47.94,73000,,,2,25,2017,,,,,,중개거래,
동작구,11590,본동,202607,아파트_매매,경동윈츠리버,본동,484,79.68,150000,,,13,27,2004,,,,,,중개거래,
동작구,11590,흑석동,202607,아파트_매매,아크로리버하임,흑석동,341,59.9154,265000,,,4,25,2019,,,,,,중개거래,
동작구,11590,상도동,202607,아파트_매매,힐스테이트 상도 센트럴파크,상도동,531,84.6099,198000,,,14,31,2012,,,,,,중개거래,
동작구,11590,사당동,202607,아파트_매매,신동아4,사당동,105,46.75,134500,,,5,22,1993,,,,,,중개거래,
동작구,11590,상도동,202607,아파트_매매,두산위브트레지움2차,상도동,535,84.8032,195000,,,13,28,2016,,,,,,중개거래,
동작구,11590,대방동,202607,아파트_매매,주공2,대방동,503,51.66,128500,,,14,16,1995,,,,,,중개거래,
동작구,11590,상도동,202607,아파트_매매,상도동삼호아파트,상도동,408,84.52,119000,,,8,22,1994,,,,,,중개거래,
동작구,11590,노량진동,202607,아파트_매매,신동아리버파크,노량진동,325,114.75,173000,,,16,23,2001,,,,,,중개거래,
동작구,11590,신대방동,202607,아파트_매매,우성1차,신대방동,565,84.99,149500,,,8,28,1988,,,,,,중개거래,
동작구,11590,사당동,202607,아파트_매매,남해오네뜨,사당동,1143,59.958,82000,,,13,29,2002,,,,,,중개거래,
동작구,11590,사당동,202607,아파트_매매,삼성래미안,사당동,1133,114.502,164000,,,15,22,2003,,,,,,중개거래,
동작구,11590,사당동,202607,아파트_매매,삼호그린,사당동,1138,84.72,125000,,,15,11,1999,,,,,,중개거래,
동작구,11590,노량진동,202607,아파트_매매,한강더퍼스트타워,노량진동,39-20,18.01,33500,,,4,27,2026,,,,,,직거래,
동작구,11590,노량진동,202607,아파트_매매,한강더퍼스트타워,노량진동,39-20,18.01,33700,,,4,27,2026,,,,,,직거래,
동작구,11590,노량진동,202607,아파트_매매,한강더퍼스트타워,노량진동,39-20,18.01,33700,,,4,27,2026,,,,,,직거래,
동작구,11590,노량진동,202607,아파트_매매,한강더퍼스트타워,노량진동,39-20,18.01,33700,,,4,27,2026,,,,,,직거래,
동작구,11590,노량진동,202607,아파트_매매,한강더퍼스트타워,노량진동,39-20,18.01,33500,,,5,27,2026,,,,,,직거래,
동작구,11590,노량진동,202607,아파트_매매,한강더퍼스트타워,노량진동,39-20,18.01,33700,,,5,27,2026,,,,,,직거래,
동작구,11590,노량진동,202607,아파트_매매,한강더퍼스트타워,노량진동,39-20,18.01,33700,,,5,27,2026,,,,,,직거래,
동작구,11590,노량진동,202607,아파트_매매,한강더퍼스트타워,노량진동,39-20,18.01,33700,,,5,27,2026,,,,,,직거래,
동작구,11590,노량진동,202607,아파트_매매,한강더퍼스트타워,노량진동,39-20,18.01,33850,,,6,27,2026,,,,,,직거래,
동작구,11590,노량진동,202607,아파트_매매,한강더퍼스트타워,노량진동,39-20,18.01,34050,,,6,27,2026,,,,,,직거래,
동작구,11590,노량진동,202607,아파트_매매,한강더퍼스트타워,노량진동,39-20,18.01,34050,,,6,27,2026,,,,,,직거래,
동작구,11590,노량진동,202607,아파트_매매,한강더퍼스트타워,노량진동,39-20,18.01,33850,,,7,27,2026,,,,,,직거래,
동작구,11590,노량진동,202607,아파트_매매,한강더퍼스트타워,노량진동,39-20,18.01,34050,,,7,27,2026,,,,,,직거래,
동작구,11590,노량진동,202607,아파트_매매,한강더퍼스트타워,노량진동,39-20,18.01,34050,,,7,27,2026,,,,,,직거래,
동작구,11590,노량진동,202607,아파트_매매,한강더퍼스트타워,노량진동,39-20,18.01,34050,,,7,27,2026,,,,,,직거래,
동작구,11590,노량진동,202607,아파트_매매,한강더퍼스트타워,노량진동,39-20,18.01,33850,,,8,27,2026,,,,,,직거래,
동작구,11590,노량진동,202607,아파트_매매,한강더퍼스트타워,노량진동,39-20,18.01,34050,,,8,27,2026,,,,,,직거래,
동작구,11590,노량진동,202607,아파트_매매,한강더퍼스트타워,노량진동,39-20,18.01,34050,,,8,27,2026,,,,,,직거래,
동작구,11590,노량진동,202607,아파트_매매,한강더퍼스트타워,노량진동,39-20,18.01,34050,,,8,27,2026,,,,,,직거래,
동작구,11590,노량진동,202607,아파트_매매,한강더퍼스트타워,노량진동,39-20,18.01,34250,,,9,27,2026,,,,,,직거래,
동작구,11590,노량진동,202607,아파트_매매,한강더퍼스트타워,노량진동,39-20,18.01,34400,,,9,27,2026,,,,,,직거래,
동작구,11590,노량진동,202607,아파트_매매,한강더퍼스트타워,노량진동,39-20,18.01,34400,,,9,27,2026,,,,,,직거래,
동작구,11590,노량진동,202607,아파트_매매,한강더퍼스트타워,노량진동,39-20,18.01,34250,,,10,27,2026,,,,,,직거래,
동작구,11590,노량진동,202607,아파트_매매,한강더퍼스트타워,노량진동,39-20,18.01,34400,,,10,27,2026,,,,,,직거래,
동작구,11590,노량진동,202607,아파트_매매,한강더퍼스트타워,노량진동,39-20,18.01,34250,,,11,27,2026,,,,,,직거래,
동작구,11590,노량진동,202607,아파트_매매,한강더퍼스트타워,노량진동,39-20,18.01,34650,,,11,27,2026,,,,,,직거래,
동작구,11590,노량진동,202607,아파트_매매,한강더퍼스트타워,노량진동,39-20,18.01,34450,,,12,27,2026,,,,,,직거래,
동작구,11590,노량진동,202607,아파트_매매,한강더퍼스트타워,노량진동,39-20,18.01,34650,,,12,27,2026,,,,,,직거래,
동작구,11590,노량진동,202607,아파트_매매,한강더퍼스트타워,노량진동,39-20,18.01,34650,,,12,27,2026,,,,,,직거래,
동작구,11590,노량진동,202607,아파트_매매,한강더퍼스트타워,노량진동,39-20,18.01,34450,,,13,27,2026,,,,,,직거래,
동작구,11590,노량진동,202607,아파트_매매,한강더퍼스트타워,노량진동,39-20,18.01,34650,,,13,27,2026,,,,,,직거래,
동작구,11590,노량진동,202607,아파트_매매,한강더퍼스트타워,노량진동,39-20,18.01,34650,,,13,27,2026,,,,,,직거래,
동작구,11590,노량진동,202607,아파트_매매,한강더퍼스트타워,노량진동,39-20,18.01,34650,,,13,27,2026,,,,,,직거래,
동작구,11590,노량진동,202607,아파트_매매,한강더퍼스트타워,노량진동,39-20,18.01,35000,,,14,27,2026,,,,,,직거래,
동작구,11590,노량진동,202607,아파트_매매,한강더퍼스트타워,노량진동,39-20,18.01,35000,,,14,27,2026,,,,,,직거래,
동작구,11590,노량진동,202607,아파트_매매,한강더퍼스트타워,노량진동,39-20,18.01,35000,,,15,27,2026,,,,,,직거래,
동작구,11590,노량진동,202607,아파트_매매,한강더퍼스트타워,노량진동,39-20,18.01,35000,,,15,27,2026,,,,,,직거래,
동작구,11590,노량진동,202607,아파트_매매,한강더퍼스트타워,노량진동,39-20,18.01,35000,,,15,27,2026,,,,,,직거래,
동작구,11590,노량진동,202607,아파트_매매,한강더퍼스트타워,노량진동,39-20,18.01,35350,,,16,27,2026,,,,,,직거래,
동작구,11590,노량진동,202607,아파트_매매,한강더퍼스트타워,노량진동,39-20,18.01,35350,,,16,27,2026,,,,,,직거래,
동작구,11590,노량진동,202607,아파트_매매,한강더퍼스트타워,노량진동,39-20,18.01,35350,,,16,27,2026,,,,,,직거래,
동작구,11590,노량진동,202607,아파트_매매,한강더퍼스트타워,노량진동,39-20,18.01,35350,,,17,27,2026,,,,,,직거래,
동작구,11590,노량진동,202607,아파트_매매,한강더퍼스트타워,노량진동,39-20,18.01,35350,,,17,27,2026,,,,,,직거래,
동작구,11590,노량진동,202607,아파트_매매,한강더퍼스트타워,노량진동,39-20,18.01,35350,,,17,27,2026,,,,,,직거래,
동작구,11590,노량진동,202607,아파트_매매,한강더퍼스트타워,노량진동,39-20,18.01,35350,,,18,27,2026,,,,,,직거래,
동작구,11590,노량진동,202607,아파트_매매,한강더퍼스트타워,노량진동,39-20,18.01,35350,,,18,27,2026,,,,,,직거래,
동작구,11590,노량진동,202607,아파트_매매,한강더퍼스트타워,노량진동,39-20,18.01,35350,,,18,27,2026,,,,,,직거래,
동작구,11590,노량진동,202607,아파트_매매,한강더퍼스트타워,노량진동,39-20,18.01,35350,,,19,27,2026,,,,,,직거래,
동작구,11590,노량진동,202607,아파트_매매,한강더퍼스트타워,노량진동,39-20,18.01,35350,,,19,27,2026,,,,,,직거래,
동작구,11590,노량진동,202607,아파트_매매,한강더퍼스트타워,노량진동,39-20,18.01,35350,,,19,27,2026,,,,,,직거래,
동작구,11590,노량진동,202607,아파트_매매,한강더퍼스트타워,노량진동,39-20,18.01,35350,,,19,27,2026,,,,,,직거래,
동작구,11590,노량진동,202607,아파트_매매,한강더퍼스트타워,노량진동,39-20,18.01,35700,,,20,27,2026,,,,,,직거래,
동작구,11590,노량진동,202607,아파트_매매,한강더퍼스트타워,노량진동,39-20,18.01,35700,,,20,27,2026,,,,,,직거래,
동작구,11590,노량진동,202607,아파트_매매,한강더퍼스트타워,노량진동,39-20,18.01,35700,,,20,27,2026,,,,,,직거래,
동작구,11590,노량진동,202607,아파트_매매,한강더퍼스트타워,노량진동,39-20,18.01,35700,,,20,27,2026,,,,,,직거래,
동작구,11590,노량진동,202607,아파트_매매,한강더퍼스트타워,노량진동,39-20,18.01,35700,,,21,27,2026,,,,,,직거래,
동작구,11590,노량진동,202607,아파트_매매,한강더퍼스트타워,노량진동,39-20,18.01,35700,,,21,27,2026,,,,,,직거래,
동작구,11590,노량진동,202607,아파트_매매,한강더퍼스트타워,노량진동,39-20,18.01,35700,,,21,27,2026,,,,,,직거래,
동작구,11590,노량진동,202607,아파트_매매,한강더퍼스트타워,노량진동,39-20,18.01,35700,,,22,27,2026,,,,,,직거래,
동작구,11590,노량진동,202607,아파트_매매,한강더퍼스트타워,노량진동,39-20,18.01,35700,,,22,27,2026,,,,,,직거래,
동작구,11590,노량진동,202607,아파트_매매,한강더퍼스트타워,노량진동,39-20,18.01,35700,,,22,27,2026,,,,,,직거래,
동작구,11590,노량진동,202607,아파트_매매,한강더퍼스트타워,노량진동,39-20,18.01,35700,,,22,27,2026,,,,,,직거래,
동작구,11590,노량진동,202607,아파트_매매,한강더퍼스트타워,노량진동,39-20,18.01,35700,,,23,27,2026,,,,,,직거래,
동작구,11590,노량진동,202607,아파트_매매,한강더퍼스트타워,노량진동,39-20,18.01,35700,,,23,27,2026,,,,,,직거래,
동작구,11590,노량진동,202607,아파트_매매,한강더퍼스트타워,노량진동,39-20,18.01,35700,,,23,27,2026,,,,,,직거래,
동작구,11590,신대방동,202607,아파트_매매,보라매삼성쉐르빌,신대방동,395-66,163.83,172000,,,18,25,2003,,,,,,중개거래,
동작구,11590,신대방동,202607,아파트_매매,보라매자이더포레스트,신대방동,724,59.9365,169000,,,7,24,2021,,,,,,중개거래,
동작구,11590,신대방동,202607,아파트_매매,우성1차,신대방동,565,126.16,166000,,,1,27,1988,,,,,,중개거래,
동작구,11590,신대방동,202607,아파트_매매,해태보라매타워,신대방동,708,59.94,75500,,,16,16,1996,,,,,,중개거래,
동작구,11590,노량진동,202607,아파트_매매,신동아리버파크,노량진동,325,84.88,164000,,,16,31,2001,,,,,,중개거래,
동작구,11590,상도동,202607,아파트_매매,중앙하이츠빌,상도동,415,84.9883,154500,,,2,31,2003,,,,,,중개거래,
동작구,11590,상도동,202607,아파트_매매,삼성래미안2,상도동,421,114.738,160000,,,5,31,2003,,,,,,중개거래,
동작구,11590,대방동,202607,아파트_매매,드림빌라트,대방동,381-3,80.45,60000,,,2,31,2001,,,,,,중개거래,
동작구,11590,신대방동,202607,아파트_매매,롯데낙천대,신대방동,713,55.4561,126000,,,3,30,2003,,,,,,중개거래,
동작구,11590,사당동,202607,아파트_매매,사당우성2,사당동,105,46.75,139500,,,4,30,1993,,,,,,중개거래,
동작구,11590,사당동,202607,아파트_매매,이수역리가,사당동,1157,84.847,189000,,,7,29,2013,,,,,,중개거래,
동작구,11590,사당동,202607,아파트_매매,래미안로이파크,사당동,1159,59.98,189000,,,21,25,2018,,,,,,중개거래,
동작구,11590,신대방동,202607,아파트_매매,롯데낙천대,신대방동,713,55.4561,125000,,,3,29,2003,,,,,,중개거래,
동작구,11590,상도동,202607,아파트_매매,힐스테이트 상도 센트럴파크,상도동,531,84.6099,192000,,,12,29,2012,,,,,,중개거래,
동작구,11590,노량진동,202607,아파트_매매,신동아리버파크,노량진동,325,59.67,149500,,,22,28,2001,,,,,,중개거래,
동작구,11590,노량진동,202607,아파트_매매,신동아리버파크,노량진동,325,114.75,173000,,,8,29,2001,,,,,,중개거래,
동작구,11590,흑석동,202607,아파트_매매,흑석동양아파트,흑석동,328,84.991,155000,,,6,28,2003,,,,,,중개거래,
동작구,11590,상도동,202607,아파트_매매,래미안상도3차,상도동,431,84.96,176000,,,9,27,2004,,,,,,중개거래,
동작구,11590,상도동,202607,아파트_매매,상도파크자이,상도동,900,71.252,214000,,,8,5,2016,,,,,,중개거래,
동작구,11590,흑석동,202607,아파트_매매,흑석리버파크자이,흑석동,343,84.99,249500,,,9,11,2025,,,,,,중개거래,
동작구,11590,신대방동,202607,아파트_매매,롯데낙천대,신대방동,713,77.7418,138000,,,13,28,2003,,,,,,중개거래,
동작구,11590,사당동,202607,아파트_매매,이수푸르지오더프레티움,사당동,1161,84.9243,226000,,,5,28,2021,,,,,,중개거래,
동작구,11590,노량진동,202607,아파트_매매,신동아리버파크,노량진동,325,114.75,176500,,,12,21,2001,,,,,,중개거래,
동작구,11590,상도동,202607,아파트_매매,포스코더샵,상도동,521,59.99,175000,,,4,27,2007,,,,,,중개거래,
동작구,11590,신대방동,202607,아파트_매매,동작협성휴포레시그니처,신대방동,686-48,84.9464,135000,,,14,24,2022,,,,,,중개거래,
동작구,11590,상도동,202607,아파트_매매,현대(관악),상도동,407,84.78,113000,,,1,27,1992,,,,,,중개거래,
동작구,11590,사당동,202607,아파트_매매,신동아4,사당동,105,59.89,161000,,,14,27,1993,,,,,,중개거래,
동작구,11590,대방동,202607,아파트_매매,우정,대방동,505,84.6,125000,,,23,18,1999,,,,,,중개거래,
동작구,11590,사당동,202607,아파트_매매,대성유니드,사당동,1155,59.99,99500,,,1,26,2009,,,,,,중개거래,
동작구,11590,대방동,202607,아파트_매매,대방1차e-편한세상,대방동,508,84.32,175000,,,19,20,2003,,,,,,중개거래,
동작구,11590,상도동,202607,아파트_매매,상도푸르지오클라베뉴,상도동,906,84.9198,161000,,,6,25,2024,,,,,,중개거래,
동작구,11590,대방동,202607,아파트_매매,주공2,대방동,503,58.65,139000,,,12,22,1995,,,,,,중개거래,
동작구,11590,신대방동,202607,아파트_매매,현대,신대방동,707,84.57,133000,,,15,25,1996,,,,,,중개거래,
동작구,11590,신대방동,202607,아파트_매매,롯데낙천대,신대방동,713,55.4561,128000,,,15,25,2003,,,,,,중개거래,
동작구,11590,사당동,202607,아파트_매매,사당롯데캐슬골든포레,사당동,1160,84.9787,176000,,,10,12,2021,,,,,,중개거래,
동작구,11590,사당동,202607,아파트_매매,현대,사당동,169-32,120.03,127000,,,7,24,1991,,,,,,중개거래,
동작구,11590,흑석동,202607,아파트_매매,우리유앤미,흑석동,329,83.5859,140000,,,2,24,2003,,,,,,중개거래,
동작구,11590,사당동,202607,아파트_매매,사당롯데캐슬골든포레,사당동,1160,59.9908,156000,,,5,11,2021,,,,,,중개거래,
동작구,11590,흑석동,202607,아파트_매매,흑석동양아파트,흑석동,328,84.99,152000,,,3,1,2003,,,,,,중개거래,
동작구,11590,흑석동,202607,아파트_매매,흑석동양아파트,흑석동,328,59.511,134000,,,2,24,2003,,,,,,중개거래,
동작구,11590,대방동,202607,아파트_매매,주공2,대방동,503,51.66,130000,,,7,10,1995,,,,,,중개거래,
동작구,11590,사당동,202607,아파트_매매,경남아너스빌1차,사당동,1134,84.98,129000,,,6,23,1997,,,,,,중개거래,
동작구,11590,노량진동,202607,아파트_매매,신동아리버파크,노량진동,325,84.88,163000,,,18,23,2001,,,,,,중개거래,
동작구,11590,본동,202607,아파트_매매,신동아,본동,481,84.46,157000,,,10,17,1993,,,,,,중개거래,
동작구,11590,상도동,202607,아파트_매매,두산위브트레지움2차,상도동,535,84.864,200000,,,9,23,2016,,,,,,중개거래,
동작구,11590,노량진동,202607,아파트_매매,신동아리버파크,노량진동,325,84.88,165000,,,5,23,2001,,,,,,중개거래,
동작구,11590,사당동,202607,아파트_매매,삼호그린,사당동,1138,59.58,87000,,,11,4,1999,,,,,,중개거래,
동작구,11590,상도동,202607,아파트_매매,상도역롯데캐슬파크엘,상도동,904,84.9952,219000,,,12,17,2021,,,,,,중개거래,
동작구,11590,대방동,202607,아파트_매매,대림아파트,대방동,501,84.92,182500,,,3,23,1993,,,,,,중개거래,
동작구,11590,흑석동,202607,아파트_매매,청호,흑석동,327,59.85,115000,,,1,23,1997,,,,,,중개거래,
동작구,11590,사당동,202607,아파트_매매,삼성래미안,사당동,1133,114.502,174000,,,15,22,2003,,,,,,중개거래,
동작구,11590,상도동,202607,아파트_매매,래미안상도3차,상도동,431,84.96,173000,,,13,22,2004,,,,,,중개거래,
동작구,11590,사당동,202607,아파트_매매,르메이에르,사당동,1141,59.4,73000,,,1,10,2001,,,,,,중개거래,
동작구,11590,신대방동,202607,아파트_매매,우성2차,신대방동,565-21,59.47,89000,,,8,14,1995,,,,,,중개거래,
동작구,11590,노량진동,202607,아파트_매매,메가스터디타워,노량진동,57-1,32.642,41000,,,19,18,2015,,,,,,중개거래,
동작구,11590,상도동,202607,아파트_매매,상도동삼호아파트,상도동,408,84.52,114000,,,2,22,1994,,,,,,중개거래,
동작구,11590,본동,202607,아파트_매매,신동아,본동,481,59.89,133500,,,2,22,1993,,,,,,중개거래,
동작구,11590,상도동,202607,아파트_매매,두산위브트레지움2차,상도동,535,84.9988,205000,,,19,22,2016,,,,,,중개거래,
동작구,11590,사당동,202607,아파트_매매,대림(169-8),사당동,169-8,84.91,174000,,,12,21,1990,,,,,,중개거래,
동작구,11590,대방동,202607,아파트_매매,대방동현대,대방동,502,84.96,145500,,,1,21,1994,,,,,,중개거래,
동작구,11590,대방동,202607,아파트_매매,현대홈타운2,대방동,506,84.94,121000,,,15,21,1999,,,,,,중개거래,
동작구,11590,사당동,202607,아파트_매매,사당우성3,사당동,105,118.25,182000,,,12,20,1993,,,,,,중개거래,
동작구,11590,신대방동,202607,아파트_매매,동작협성휴포레시그니처,신대방동,686-48,84.9869,127500,,,8,8,2022,,,,,,중개거래,
동작구,11590,상도동,202607,아파트_매매,포스코더샵,상도동,521,152.222,210000,,,12,20,2007,,,,,,중개거래,
동작구,11590,상도동,202607,아파트_매매,두산위브트레지움2차,상도동,535,84.864,202000,,,12,20,2016,,,,,,중개거래,
동작구,11590,사당동,202607,아파트_매매,제일,사당동,240-15,60.03,124500,,,3,8,1987,,,,,,중개거래,
동작구,11590,신대방동,202607,아파트_매매,보라매자이더포레스트,신대방동,724,59.9365,160000,,,13,19,2021,,,,,,중개거래,
동작구,11590,신대방동,202607,아파트_매매,신대방경남,신대방동,712,56,106500,,,8,19,2003,,,,,,중개거래,
동작구,11590,동작동,202607,아파트_매매,금강KCC,동작동,331,84.95,155000,,,10,19,2003,,,,,,중개거래,
동작구,11590,노량진동,202607,아파트_매매,우성,노량진동,323,59.82,147700,,,10,18,1997,,,,,,중개거래,
동작구,11590,대방동,202607,아파트_매매,한국개나리,대방동,504,84.9,105000,,,14,15,1997,,,,,,중개거래,
동작구,11590,대방동,202607,아파트_매매,주공2,대방동,503,51.66,134900,,,9,18,1995,,,,,,중개거래,
동작구,11590,대방동,202607,아파트_매매,대방1차e-편한세상,대방동,508,84.32,168000,,,6,18,2003,,,,,,중개거래,
동작구,11590,상도동,202607,아파트_매매,수정,상도동,466,124.24,95000,,,6,9,2002,,,,,,중개거래,
동작구,11590,대방동,202607,아파트_매매,주공2,대방동,503,58.65,138000,,,15,17,1995,,,,,,중개거래,
동작구,11590,신대방동,202607,아파트_매매,우성2차,신대방동,565-21,76.84,105000,,,12,17,1995,,,,,,중개거래,
동작구,11590,상도동,202607,아파트_매매,힐스테이트 상도 프레스티지,상도동,533,84.922,189500,,,6,16,2013,,,,,,중개거래,
동작구,11590,사당동,202607,아파트_매매,사당자이,사당동,1139,59.89,122800,,,10,16,1999,,,,,,중개거래,
동작구,11590,사당동,202607,아파트_매매,사당롯데캐슬골든포레,사당동,1160,49.4797,150000,,,9,15,2021,,,,,,중개거래,
동작구,11590,사당동,202607,아파트_매매,사당우성2,사당동,105,59.89,170000,,,11,16,1993,,,,,,중개거래,
동작구,11590,상도1동,202607,아파트_매매,숭실그랜드,상도1동,317-1,62.28,49700,,,4,16,2003,,,,,,중개거래,
동작구,11590,사당동,202607,아파트_매매,신동아4,사당동,105,46.75,136000,,,9,16,1993,,,,,,중개거래,
동작구,11590,본동,202607,아파트_매매,한신휴플러스,본동,487,84.84,154300,,,16,15,2004,,,,,,중개거래,
동작구,11590,상도동,202607,아파트_매매,포스코더샵,상도동,521,59.99,159000,,,1,15,2007,,,,,,중개거래,
동작구,11590,본동,202607,아파트_매매,삼성래미안,본동,492,59.9843,148000,,,5,11,2004,,,,,,중개거래,
동작구,11590,상도동,202607,아파트_매매,상도효성해링턴플레이스,상도동,536,59.9769,153000,,,17,15,2016,,,,,,중개거래,
동작구,11590,사당동,202607,아파트_매매,래미안로이파크,사당동,1159,84.98,219000,,,14,14,2018,,,,,,중개거래,
동작구,11590,신대방동,202607,아파트_매매,신대방경남,신대방동,712,137.15,94000,,,12,13,2003,,,,,,직거래,
동작구,11590,신대방동,202607,아파트_매매,우성1차,신대방동,565,66.69,133000,,,4,14,1988,,,,,,중개거래,
동작구,11590,상도동,202607,아파트_매매,상도2차갑을명가,상도동,459,84.33,84000,,,2,12,2006,,,,,,중개거래,
동작구,11590,사당동,202607,아파트_매매,삼성,사당동,1140,59.91,97500,,,2,3,1999,,,,,,중개거래,
동작구,11590,사당동,202607,아파트_매매,래미안로이파크,사당동,1159,84.98,219500,,,19,14,2018,,,,,,중개거래,
동작구,11590,사당동,202607,아파트_매매,대림(169-8),사당동,169-8,84.91,175000,,,10,13,1990,,,,,,중개거래,
동작구,11590,사당동,202607,아파트_매매,이수푸르지오더프레티움,사당동,1161,84.9243,235000,,,3,9,2021,,,,,,중개거래,
동작구,11590,사당동,202607,아파트_매매,제일,사당동,240-15,60.03,122000,,,4,12,1987,,,,,,중개거래,
동작구,11590,사당동,202607,아파트_매매,사당해그린,사당동,1145,59.92,84000,,,7,12,2004,,,,,,중개거래,
동작구,11590,사당동,202607,아파트_매매,삼호그린,사당동,1138,84.72,125000,,,15,11,1999,,,,,,중개거래,O
동작구,11590,상도동,202607,아파트_매매,아이파크,상도동,416,84.96,148000,,,1,11,2004,,,,,,중개거래,
동작구,11590,상도동,202607,아파트_매매,두산위브트레지움2차,상도동,535,84.9988,195000,,,6,11,2016,,,,,,중개거래,
동작구,11590,신대방동,202607,아파트_매매,보라매우성,신대방동,706,58.86,75000,,,13,9,1995,,,,,,중개거래,
동작구,11590,본동,202607,아파트_매매,신동아,본동,481,84.46,153600,,,4,11,1993,,,,,,중개거래,
동작구,11590,사당동,202607,아파트_매매,롯데캐슬,사당동,1132,84.96,154000,,,13,11,2003,,,,,,중개거래,
동작구,11590,사당동,202607,아파트_매매,사당휴브리지(206-127),사당동,206-127,12.81,13600,,,13,10,2015,,,,,,중개거래,
동작구,11590,신대방동,202607,아파트_매매,현대,신대방동,707,84.57,141000,,,15,10,1996,,,,,,중개거래,
동작구,11590,사당동,202607,아파트_매매,사당롯데캐슬2차,사당동,1149,84.766,153500,,,13,10,2004,,,,,,중개거래,
동작구,11590,노량진동,202607,아파트_매매,우성,노량진동,323,124.77,167500,,,6,10,1997,,,,,,중개거래,
동작구,11590,사당동,202607,아파트_매매,이수자이,사당동,147-29,120.17,176000,,,11,10,2010,,,,,,중개거래,
동작구,11590,사당동,202607,아파트_매매,삼성래미안,사당동,1133,84.967,150000,,,1,9,2003,,,,,,중개거래,
동작구,11590,대방동,202607,아파트_매매,신한토탈,대방동,41,69.12,92000,,,17,9,1997,,,,,,중개거래,
동작구,11590,상도동,202607,아파트_매매,래미안상도3차,상도동,431,134.98,219000,,,12,9,2004,,,,,,중개거래,
동작구,11590,대방동,202607,아파트_매매,성원,대방동,500,84.32,160000,,,24,9,1994,,,,,,중개거래,
동작구,11590,사당동,202607,아파트_매매,관악푸르지오102동,사당동,1152,114.69,138000,,,12,9,2004,,,,,,중개거래,
동작구,11590,신대방동,202607,아파트_매매,현대,신대방동,707,84.57,82000,,,9,9,1996,,,,,,중개거래,
동작구,11590,흑석동,202607,아파트_매매,우리유앤미,흑석동,329,83.5859,140000,,,12,8,2003,,,,,,중개거래,
동작구,11590,대방동,202607,아파트_매매,대림아파트,대방동,501,59.84,147000,,,13,8,1993,,,,,,중개거래,
동작구,11590,사당동,202607,아파트_매매,이수역리가,사당동,1157,84.9827,178000,,,2,8,2013,,,,,,중개거래,
동작구,11590,대방동,202607,아파트_매매,대림아파트,대방동,501,59.84,104000,,,3,3,1993,,,,,,중개거래,
동작구,11590,흑석동,202607,아파트_매매,아크로리버하임,흑석동,341,59.5777,258000,,,21,7,2019,,,,,,중개거래,
동작구,11590,사당동,202607,아파트_매매,사당휴브리지(206-127),사당동,206-127,12.81,14672,,,9,7,2015,,,,,,직거래,
동작구,11590,사당동,202607,아파트_매매,대림(169-8),사당동,169-8,59.67,154900,,,12,7,1990,,,,,,중개거래,
동작구,11590,노량진동,202607,아파트_매매,메가스터디타워,노량진동,57-1,15.974,14000,,,10,1,2015,,,,,,중개거래,
동작구,11590,상도동,202607,아파트_매매,삼성래미안2,상도동,421,84.796,148000,,,8,6,2003,,,,,,중개거래,
동작구,11590,신대방동,202607,아파트_매매,롯데낙천대,신대방동,713,55.4561,125000,,,7,6,2003,,,,,,중개거래,
동작구,11590,상도동,202607,아파트_매매,대동아파트,상도동,7-71,59.75,51000,,,5,1,2017,,,,,,중개거래,
동작구,11590,대방동,202607,아파트_매매,대림아파트,대방동,501,59.84,104000,,,3,3,1993,,,,,,직거래,O
동작구,11590,신대방동,202607,아파트_매매,동작협성휴포레시그니처,신대방동,686-48,84.9464,135000,,,10,6,2022,,,,,,중개거래,
동작구,11590,신대방동,202607,아파트_매매,우성1차,신대방동,565,66.69,135000,,,10,6,1988,,,,,,중개거래,
동작구,11590,상도동,202607,아파트_매매,포스코더샵,상도동,521,84.995,197000,,,7,4,2007,,,,,,중개거래,
동작구,11590,상도동,202607,아파트_매매,힐스테이트 상도 센트럴파크,상도동,531,84.6099,197000,,,14,5,2012,,,,,,중개거래,
동작구,11590,사당동,202607,아파트_매매,극동(105),사당동,105,84.32,150000,,,1,5,1993,,,,,,중개거래,
동작구,11590,사당동,202607,아파트_매매,사당휴먼시아,사당동,1154,84.73,137000,,,11,4,2009,,,,,,중개거래,
동작구,11590,사당동,202607,아파트_매매,사당우성3,사당동,105,46.75,135500,,,6,2,1993,,,,,,중개거래,
동작구,11590,대방동,202607,아파트_매매,대림아파트,대방동,501,59.84,153500,,,15,4,1993,,,,,,중개거래,
동작구,11590,신대방동,202607,아파트_매매,우성1차,신대방동,565,84.99,149500,,,8,4,1988,,,,,,중개거래,
동작구,11590,대방동,202607,아파트_매매,대림아파트,대방동,501,84.92,180000,,,4,4,1993,,,,,,중개거래,
동작구,11590,상도동,202607,아파트_매매,동아,상도동,409,83.09,75000,,,14,3,1995,,,,,,중개거래,
동작구,11590,사당동,202607,아파트_매매,극동(105),사당동,105,59.25,159000,,,4,3,1993,,,,,,중개거래,
동작구,11590,사당동,202607,아파트_매매,대림(169-8),사당동,169-8,84.91,174000,,,5,3,1990,,,,,,중개거래,
동작구,11590,상도동,202607,아파트_매매,건영,상도동,414,32.8,76000,,,2,3,1997,,,,,,중개거래,
동작구,11590,상도동,202607,아파트_매매,경향렉스빌,상도동,445,114.6534,105000,,,17,4,2002,,,,,,중개거래,
동작구,11590,사당동,202607,아파트_매매,사당우성3,사당동,105,59.89,164000,,,9,2,1993,,,,,,중개거래,
동작구,11590,사당동,202607,아파트_매매,신동아4,사당동,105,59.89,162500,,,4,3,1993,,,,,,중개거래,
동작구,11590,상도동,202607,아파트_매매,대림아파트,상도동,411,84.89,105000,,,13,2,1995,,,,,,중개거래,
동작구,11590,신대방동,202607,아파트_매매,현진에버빌,신대방동,716,84.9234,82500,,,7,2,2003,,,,,,중개거래,
동작구,11590,사당동,202607,아파트_매매,사당자이,사당동,1139,84.49,138000,,,22,2,1999,,,,,,중개거래,
동작구,11590,사당동,202607,아파트_매매,사당우성3,사당동,105,59.89,161500,,,3,2,1993,,,,,,중개거래,
동작구,11590,사당동,202607,아파트_매매,사당롯데캐슬골든포레,사당동,1160,59.9908,153000,,,8,2,2021,,,,,,중개거래,
동작구,11590,신대방동,202607,아파트_매매,신대방경남,신대방동,712,78.19,125000,,,9,1,2003,,,,,,중개거래,
동작구,11590,상도동,202607,아파트_매매,동아,상도동,409,83.09,60000,,,2,1,1995,,,,,,중개거래,
동작구,11590,상도동,202607,아파트_매매,e편한세상상도노빌리티,상도동,903,84.9704,227000,,,17,1,2018,,,,,,중개거래,
동작구,11590,사당동,202606,오피스텔_전월세,이수 월든빌,사당동,1007-25,18.18,,21700,0,10,15,2024,신규,26.08~28.08,,,,,
동작구,11590,사당동,202606,오피스텔_전월세,엘리지움,사당동,1007-3,22.46,,10000,33,3,5,2012,갱신,26.07~28.06,10000.0,30.0,사용,,
동작구,11590,신대방동,202606,오피스텔_전월세,동작상떼빌,신대방동,719,40.17,,1000,98,8,22,2006,신규,26.08~28.08,,,,,
동작구,11590,사당동,202606,오피스텔_전월세,(219-11),사당동,219-11,21.46,,3000,75,5,27,2003,신규,26.09~28.09,,,,,
동작구,11590,대방동,202606,오피스텔_전월세,제이타운,대방동,394-4,21.21,,1000,65,5,13,2016,신규,26.08~28.08,,,,,
동작구,11590,노량진동,202606,오피스텔_전월세,노량진 드림스퀘어 복합빌딩,노량진동,16-1,24.13,,1000,95,12,26,2020,신규,26.07~27.07,,,,,
동작구,11590,노량진동,202606,오피스텔_전월세,노량진 드림스퀘어 복합빌딩,노량진동,16-1,24.13,,1000,81,5,13,2020,신규,26.07~27.07,,,,,
동작구,11590,노량진동,202606,오피스텔_전월세,노량진 드림스퀘어 복합빌딩,노량진동,16-1,24.13,,10000,50,6,9,2020,신규,26.07~28.07,,,,,
동작구,11590,노량진동,202606,오피스텔_전월세,노량진 드림스퀘어 복합빌딩,노량진동,16-1,24.13,,23100,0,17,30,2020,갱신,26.09~28.09,24100.0,,,,
동작구,11590,노량진동,202606,오피스텔_전월세,노량진 드림스퀘어 복합빌딩,노량진동,16-1,24.13,,22500,0,14,30,2020,신규,26.09~28.09,,,,,
동작구,11590,노량진동,202606,오피스텔_전월세,노량진 드림스퀘어 복합빌딩,노량진동,16-1,24.13,,1000,74,5,24,2020,갱신,26.06~27.06,1000.0,70.0,,,
동작구,11590,사당동,202606,오피스텔_전월세,(1007-19),사당동,1007-19,32.7,,20050,0,3,26,2002,신규,26.08~28.08,,,,,
동작구,11590,노량진동,202606,오피스텔_전월세,태영 오피스텔,노량진동,56-11,14.45,,9300,5,6,22,2015,신규,26.07~28.07,,,,,
동작구,11590,대방동,202606,오피스텔_전월세,대방오피스텔,대방동,337-1,22.23,,500,55,8,16,2003,신규,26.07~28.07,,,,,
동작구,11590,노량진동,202606,오피스텔_전월세,노량진 드림스퀘어 복합빌딩,노량진동,16-1,24.13,,1000,95,5,25,2020,신규,26.07~27.07,,,,,
동작구,11590,사당동,202606,오피스텔_전월세,더원캐슬,사당동,1049-8,43.15,,34000,0,5,14,2020,신규,26.08~28.08,,,,,
동작구,11590,사당동,202606,오피스텔_전월세,(142-1),사당동,142-1,18.24,,1000,69,7,23,2012,신규,26.07~28.07,,,,,
동작구,11590,신대방동,202606,오피스텔_전월세,동작상떼빌,신대방동,719,61.37,,40000,0,20,13,2006,신규,26.08~28.08,,,,,
동작구,11590,노량진동,202606,오피스텔_전월세,노량진 드림스퀘어 복합빌딩,노량진동,16-1,24.13,,5000,70,6,19,2020,신규,26.07~27.07,,,,,
동작구,11590,대방동,202606,오피스텔_전월세,리안,대방동,394-26,18.81,,13000,12,6,30,,신규,26.07~28.07,,,,,
동작구,11590,노량진동,202606,오피스텔_전월세,태영 오피스텔,노량진동,56-11,14.45,,500,55,5,17,2015,신규,26.06~27.06,,,,,
동작구,11590,노량진동,202606,오피스텔_전월세,메가스터디타워,노량진동,57-1,25.52,,2000,90,13,11,2015,신규,26.07~27.07,,,,,
동작구,11590,신대방동,202606,오피스텔_전월세,동작상떼빌,신대방동,719,38.07,,24000,0,16,26,2006,갱신,26.09~28.09,23000.0,,사용,,
동작구,11590,노량진동,202606,오피스텔_전월세,태영 오피스텔,노량진동,56-11,14.45,,1000,60,7,23,2015,신규,26.07~27.07,,,,,
동작구,11590,노량진동,202606,오피스텔_전월세,한강큐브스테이트,노량진동,266-4,16.57,,1000,85,9,27,2021,신규,26.07~27.07,,,,,
동작구,11590,신대방동,202606,오피스텔_전월세,동작상떼빌,신대방동,719,90.63,,25000,67,6,26,2006,갱신,26.08~28.08,25000.0,60.0,사용,,
동작구,11590,신대방동,202606,오피스텔_전월세,동작상떼빌,신대방동,719,62.43,,2000,133,7,27,2006,신규,26.07~27.07,,,,,
동작구,11590,신대방동,202606,오피스텔_전월세,동작상떼빌,신대방동,719,90.63,,5000,150,21,2,2006,신규,26.07~27.07,,,,,
동작구,11590,신대방동,202606,오피스텔_전월세,동작상떼빌,신대방동,719,41.48,,1000,95,7,17,2006,갱신,26.08~27.08,1000.0,90.0,,,
동작구,11590,노량진동,202606,오피스텔_전월세,노량진 드림스퀘어 복합빌딩,노량진동,16-1,26.06,,1000,98,10,20,2020,신규,26.06~27.06,,,,,
동작구,11590,신대방동,202606,오피스텔_전월세,동작상떼빌,신대방동,719,65.53,,37000,0,12,27,2006,신규,26.08~28.08,,,,,
동작구,11590,신대방동,202606,오피스텔_전월세,신라스테이해링턴타워,신대방동,698,20.34,,14500,5,9,29,2015,신규,26.07~28.07,,,,,
동작구,11590,노량진동,202606,오피스텔_전월세,노량진 드림스퀘어 복합빌딩,노량진동,16-1,26.06,,1000,100,10,28,2020,신규,26.07~27.07,,,,,
동작구,11590,대방동,202606,오피스텔_전월세,스타노블레스,대방동,402-2,16.15,,1000,57,2,17,2022,신규,26.06~28.06,,,,,
동작구,11590,신대방동,202606,오피스텔_전월세,신라스테이해링턴타워,신대방동,698,20.34,,12240,0,4,29,2015,갱신,26.07~27.07,12240.0,,사용,,
동작구,11590,신대방동,202606,오피스텔_전월세,신라스테이해링턴타워,신대방동,698,20.34,,13000,9,9,29,2015,신규,26.08~28.08,,,,,
동작구,11590,노량진동,202606,오피스텔_전월세,한강큐브스테이트,노량진동,266-4,16.57,,1000,80,6,15,2021,신규,26.06~27.06,,,,,
동작구,11590,사당동,202606,오피스텔_전월세,남성오피스텔,사당동,212-1,16.1,,1000,45,6,13,2002,신규,26.06~27.06,,,,,
동작구,11590,노량진동,202606,오피스텔_전월세,노량진 드림스퀘어 복합빌딩,노량진동,16-1,26.06,,1000,82,10,30,2020,신규,26.06~27.06,,,,,
동작구,11590,신대방동,202606,오피스텔_전월세,신라스테이해링턴타워,신대방동,698,20.34,,13500,0,2,27,2015,신규,26.08~28.08,,,,,
동작구,11590,신대방동,202606,오피스텔_전월세,신라스테이해링턴타워,신대방동,698,20.34,,13000,0,2,22,2015,신규,26.06~28.06,,,,,
동작구,11590,노량진동,202606,오피스텔_전월세,한강큐브스테이트,노량진동,266-4,16.57,,1000,80,5,26,2021,신규,26.06~27.06,,,,,
동작구,11590,노량진동,202606,오피스텔_전월세,한강큐브스테이트,노량진동,266-4,19.75,,5000,75,11,11,2021,갱신,26.07~27.07,5000.0,71.0,,,
동작구,11590,노량진동,202606,오피스텔_전월세,노량진큐브스테이트,노량진동,267-6,22.39,,5000,78,5,21,2020,신규,26.06~26.12,,,,,
동작구,11590,사당동,202606,오피스텔_전월세,남성오피스텔,사당동,212-1,15.51,,1000,45,2,27,2002,신규,26.06~27.06,,,,,
동작구,11590,신대방동,202606,오피스텔_전월세,신라스테이해링턴타워,신대방동,698,20.34,,1000,66,8,13,2015,갱신,26.07~27.07,1000.0,65.0,사용,,
동작구,11590,신대방동,202606,오피스텔_전월세,동작상떼빌,신대방동,719,38.07,,24000,0,25,22,2006,신규,26.08~28.08,,,,,
동작구,11590,신대방동,202606,오피스텔_전월세,동작상떼빌,신대방동,719,61.37,,30000,40,12,23,2006,신규,26.09~29.03,,,,,
동작구,11590,대방동,202606,오피스텔_전월세,칸타빌레,대방동,405-4,25.17,,10000,40,4,12,2014,신규,26.06~28.06,,,,,
동작구,11590,상도1동,202606,오피스텔_전월세,상도 프라이드 522,상도1동,522,18.51,,5000,65,6,25,2020,신규,26.07~27.06,,,,,
동작구,11590,신대방동,202606,오피스텔_전월세,신라스테이해링턴타워,신대방동,698,20.34,,14000,5,5,25,2015,신규,26.07~28.07,,,,,
동작구,11590,신대방동,202606,오피스텔_전월세,신라스테이해링턴타워,신대방동,698,20.34,,500,60,3,9,2015,신규,26.08~27.08,,,,,
동작구,11590,신대방동,202606,오피스텔_전월세,신라스테이해링턴타워,신대방동,698,20.34,,13000,12,2,22,2015,갱신,26.07~28.07,12500.0,11.0,,,
동작구,11590,노량진동,202606,오피스텔_전월세,노량진 드림스퀘어 복합빌딩,노량진동,16-1,24.13,,1000,90,6,13,2020,갱신,26.08~27.02,1000.0,90.0,사용,,
동작구,11590,사당동,202606,오피스텔_전월세,인더네이처,사당동,207-3,18.74,,1000,95,3,24,2020,신규,26.06~28.06,,,,,
동작구,11590,대방동,202606,오피스텔_전월세,칸타빌레,대방동,405-4,25.17,,17000,3,6,19,2014,갱신,26.08~28.08,17000.0,,사용,,
동작구,11590,노량진동,202606,오피스텔_전월세,노량진 드림스퀘어 복합빌딩,노량진동,16-1,24.13,,23900,0,15,16,2020,신규,26.07~28.07,,,,,
동작구,11590,노량진동,202606,오피스텔_전월세,노량진 드림스퀘어 복합빌딩,노량진동,16-1,24.13,,23200,0,17,23,2020,갱신,26.08~28.08,24100.0,,,,
동작구,11590,노량진동,202606,오피스텔_전월세,노량진 드림스퀘어 복합빌딩,노량진동,16-1,24.13,,23200,0,17,23,2020,신규,26.08~28.08,,,,,
동작구,11590,대방동,202606,오피스텔_전월세,스타노블레스,대방동,402-2,16.82,,2000,60,4,20,2022,신규,26.06~28.06,,,,,
동작구,11590,상도동,202606,오피스텔_전월세,동양스마트빌,상도동,324-23,19.19,,500,60,2,21,2012,신규,26.06~28.06,,,,,
동작구,11590,대방동,202606,오피스텔_전월세,리안,대방동,394-26,18.81,,13000,12,6,20,,신규,26.07~28.07,,,,,
동작구,11590,신대방동,202606,오피스텔_전월세,동작상떼빌,신대방동,719,86.39,,3000,170,5,13,2006,신규,26.08~27.08,,,,,
동작구,11590,노량진동,202606,오피스텔_전월세,노량진 드림스퀘어 복합빌딩,노량진동,16-1,24.13,,5000,69,4,18,2020,갱신,26.07~27.07,5000.0,65.0,,,
동작구,11590,대방동,202606,오피스텔_전월세,스타노블레스,대방동,402-2,21.27,,21000,3,4,18,2022,갱신,26.07~28.07,21000.0,,사용,,
동작구,11590,신대방동,202606,오피스텔_전월세,신라스테이해링턴타워,신대방동,698,20.34,,1000,67,7,6,2015,갱신,26.07~27.07,1000.0,64.0,,,
동작구,11590,노량진동,202606,오피스텔_전월세,메가스터디타워,노량진동,57-1,19.28,,14850,15,18,17,2015,신규,26.08~28.08,,,,,
동작구,11590,대방동,202606,오피스텔_전월세,칸타빌레,대방동,405-4,28.32,,5000,70,2,12,2014,신규,26.08~28.08,,,,,
동작구,11590,노량진동,202606,오피스텔_전월세,노량진 드림스퀘어 복합빌딩,노량진동,16-1,24.13,,20000,0,12,16,2020,신규,26.07~28.07,,,,,
동작구,11590,사당동,202606,오피스텔_전월세,메종슈에뜨이수,사당동,1007-13,26.91,,20000,46,6,3,2020,갱신,26.07~27.07,20000.0,41.0,,,
동작구,11590,노량진동,202606,오피스텔_전월세,노량진 드림스퀘어 복합빌딩,노량진동,16-1,24.13,,5000,70,9,10,2020,신규,26.06~27.06,,,,,
동작구,11590,노량진동,202606,오피스텔_전월세,노량진 드림스퀘어 복합빌딩,노량진동,16-1,26.06,,1000,90,12,10,2020,신규,26.06~27.06,,,,,
동작구,11590,신대방동,202606,오피스텔_전월세,동작상떼빌,신대방동,719,90.63,,43000,0,20,10,2006,신규,26.07~28.07,,,,,
동작구,11590,노량진동,202606,오피스텔_전월세,노량진 드림스퀘어 복합빌딩,노량진동,16-1,24.13,,1000,85,8,9,2020,신규,26.07~27.07,,,,,
동작구,11590,사당동,202606,오피스텔_전월세,(142-1),사당동,142-1,18.24,,2000,60,6,2,2012,신규,26.07~28.07,,,,,
동작구,11590,노량진동,202606,오피스텔_전월세,노량진 드림스퀘어 복합빌딩,노량진동,16-1,26.06,,20000,19,15,3,2020,신규,26.06~28.06,,,,,
동작구,11590,노량진동,202606,오피스텔_전월세,노량진 드림스퀘어 복합빌딩,노량진동,16-1,24.13,,19000,0,4,8,2020,신규,26.07~28.07,,,,,
동작구,11590,대방동,202606,오피스텔_전월세,스타노블레스,대방동,402-2,16.15,,16000,6,4,7,2022,갱신,26.07~28.07,16000.0,3.0,사용,,
동작구,11590,신대방동,202606,오피스텔_전월세,동작상떼빌,신대방동,719,41.48,,2000,95,5,6,2006,신규,26.06~28.06,,,,,
동작구,11590,사당동,202606,오피스텔_전월세,이수 월든빌,사당동,1007-25,26.58,,25000,38,11,4,2024,신규,26.06~28.06,,,,,
동작구,11590,사당동,202606,오피스텔_전월세,더원캐슬,사당동,1049-8,23.65,,22200,22,7,4,2020,갱신,26.09~28.09,24550.0,9.0,,,
동작구,11590,신대방동,202606,오피스텔_전월세,신라스테이해링턴타워,신대방동,698,20.34,,1000,70,7,1,2015,신규,26.06~27.06,,,,,
동작구,11590,상도1동,202606,연립다세대_전월세,누리온,상도1동,403-1,29.3,,3000,74,3,9,2016,,,,,,,
동작구,11590,사당동,202606,연립다세대_전월세,사당메이플,사당동,1050-19,29.97,,29000,15,3,14,2021,,,,,,,
동작구,11590,사당동,202606,연립다세대_전월세,소담원,사당동,141-40,19.26,,12000,47,4,17,2017,,,,,,,
동작구,11590,상도동,202606,연립다세대_전월세,리치빌(299-168),상도동,299-168,16.98,,10000,20,1,2,2012,신규,26.07~28.07,,,,,
동작구,11590,대방동,202606,연립다세대_전월세,르미에빌딩,대방동,353-18,51.82,,36000,23,3,10,2019,갱신,26.07~28.07,36000.0,9.0,사용,,
동작구,11590,상도동,202606,연립다세대_전월세,강남캐슬(264-42),상도동,264-42,69.85,,35000,0,3,10,2014,신규,26.07~28.07,,,,,
동작구,11590,상도동,202606,연립다세대_전월세,서정쉐르빌,상도동,159-322,48.83,,35000,0,3,3,2015,신규,26.10~28.10,,,,,
동작구,11590,노량진동,202606,연립다세대_전월세,SK하이빌C,노량진동,309-56,74.8,,10000,100,2,25,2003,신규,26.06~28.06,,,,,
동작구,11590,사당동,202606,연립다세대_전월세,STUDIO사당16,사당동,183-14,31.35,,4417,46,5,12,2021,갱신,26.07~28.06,2362.0,24.0,,,
동작구,11590,상도1동,202606,연립다세대_전월세,태현빌딩,상도1동,635,17.57,,2000,54,5,25,2016,신규,26.08~27.08,,,,,
동작구,11590,사당동,202606,연립다세대_전월세,삼원하이츠빌,사당동,1034-12,68.67,,32000,20,1,13,2001,신규,26.08~28.08,,,,,
동작구,11590,대방동,202606,연립다세대_전월세,양지주택,대방동,384-11,51.9,,10000,100,3,4,2022,신규,26.08~28.08,,,,,
동작구,11590,상도동,202606,연립다세대_전월세,풀하우스2차,상도동,283-146,53.35,,3000,150,2,3,2022,신규,26.07~28.07,,,,,
동작구,11590,상도동,202606,연립다세대_전월세,(466-1),상도동,466-1,28.26,,1000,63,2,30,2003,신규,26.08~28.08,,,,,
동작구,11590,사당동,202606,연립다세대_전월세,메종슈에뜨19,사당동,300-19,31.43,,30000,0,2,15,2018,갱신,26.08~28.08,30000.0,,,,
동작구,11590,상도동,202606,연립다세대_전월세,(466-1),상도동,466-1,25.65,,1000,60,2,2,2003,신규,26.08~28.08,,,,,
동작구,11590,대방동,202606,연립다세대_전월세,팰리스타운,대방동,335-9,74.79,,20000,90,3,10,2009,신규,26.09~28.09,,,,,
동작구,11590,상도동,202606,연립다세대_전월세,(492-6),상도동,492-6,34.68,,8000,26,3,29,2012,신규,26.08~28.08,,,,,
동작구,11590,사당동,202606,연립다세대_전월세,남광쉐르빌(1051-34),사당동,1051-34,38.52,,4000,120,7,15,2016,신규,26.07~28.07,,,,,
동작구,11590,사당동,202606,연립다세대_전월세,(284-38),사당동,284-38,29.7,,1000,82,1,26,2018,신규,26.07~28.07,,,,,
동작구,11590,사당동,202606,연립다세대_전월세,화원빌라A,사당동,235-78,47.4,,20000,30,1,22,1986,신규,26.08~28.08,,,,,
동작구,11590,대방동,202606,연립다세대_전월세,팰리스타운(411-13),대방동,411-13,28.3,,25000,16,2,28,2017,갱신,26.08~27.08,25000.0,10.0,사용,,
동작구,11590,상도1동,202606,연립다세대_전월세,팰리체,상도1동,324-1,19.14,,3000,85,3,24,2013,신규,26.07~27.07,,,,,
동작구,11590,상도동,202606,연립다세대_전월세,휴먼빌,상도동,256-227,29.46,,25750,0,4,30,2018,갱신,26.09~28.09,24750.0,,사용,,
동작구,11590,상도동,202606,연립다세대_전월세,승원주택,상도동,256-158,29.75,,26000,20,4,18,2020,신규,26.08~28.08,,,,,
동작구,11590,사당동,202606,연립다세대_전월세,에스디빌,사당동,220-50,47.7,,18000,0,3,29,2001,갱신,26.06~28.06,19800.0,,,,
동작구,11590,사당동,202606,연립다세대_전월세,이수빌,사당동,89-22,47.54,,21000,0,3,27,2002,갱신,26.06~28.06,20000.0,,사용,,
동작구,11590,상도동,202606,연립다세대_전월세,백호빌,상도동,359-33,37.41,,16000,0,1,24,2012,신규,26.07~28.07,,,,,
동작구,11590,대방동,202606,연립다세대_전월세,신대방아트빌,대방동,391-6,47.58,,23000,30,4,11,2002,신규,26.07~28.07,,,,,
동작구,11590,사당동,202606,연립다세대_전월세,담촌(64-27),사당동,64-27,30.27,,13800,26,1,29,1990,신규,26.07~28.07,,,,,
동작구,11590,상도동,202606,연립다세대_전월세,다나네스트빌(241-11),상도동,241-11,49.7,,28000,0,2,23,2008,신규,26.07~28.07,,,,,
동작구,11590,대방동,202606,연립다세대_전월세,하나빌II,대방동,404-17,53.52,,34000,10,2,17,2016,신규,26.07~28.07,,,,,
동작구,11590,상도동,202606,연립다세대_전월세,동양아트빌,상도동,223-9,49.38,,9000,100,4,18,2002,신규,26.07~28.07,,,,,
동작구,11590,상도동,202606,연립다세대_전월세,한양빌라,상도동,279-385,52.65,,24000,0,1,30,1990,신규,26.06~28.06,,,,,
동작구,11590,상도동,202606,연립다세대_전월세,상신빌라,상도동,464-8,83.64,,32000,20,3,13,1985,신규,26.09~28.09,,,,,
동작구,11590,상도1동,202606,연립다세대_전월세,해피하우스,상도1동,406-3,22.47,,2000,60,4,30,2012,신규,26.07~28.06,,,,,
동작구,11590,상도동,202606,연립다세대_전월세,드림캐슬(33-6),상도동,33-6,38.61,,35000,0,2,27,2016,갱신,26.08~28.08,33000.0,,,,
동작구,11590,상도동,202606,연립다세대_전월세,상신빌라,상도동,464-8,83.64,,32000,20,3,13,1985,신규,26.09~28.09,,,,,
동작구,11590,상도동,202606,연립다세대_전월세,(259-21),상도동,259-21,39.88,,14000,0,-1,18,1986,신규,26.07~28.07,,,,,
동작구,11590,사당동,202606,연립다세대_전월세,동도맨션,사당동,419-47,53.75,,3000,65,4,18,2004,신규,26.07~28.07,,,,,
동작구,11590,상도1동,202606,연립다세대_전월세,한강뉴스타(481-2),상도1동,481-2,29.39,,13000,20,2,27,2014,신규,27.07~28.07,,,,,
동작구,11590,사당동,202606,연립다세대_전월세,옥스나드,사당동,419-132,21.57,,2000,69,3,27,2019,신규,26.07~28.07,,,,,
동작구,11590,상도동,202606,연립다세대_전월세,(22-108),상도동,22-108,16.43,,1000,65,5,5,2019,신규,26.07~28.07,,,,,
동작구,11590,사당동,202606,연립다세대_전월세,효심A,사당동,175-41,43.77,,3000,65,-1,20,1992,신규,26.07~28.07,,,,,
동작구,11590,상도동,202606,연립다세대_전월세,올레하우스,상도동,324-60,27.53,,28000,0,5,22,2017,신규,26.07~28.07,,,,,
동작구,11590,상도동,202606,연립다세대_전월세,중앙위너스(361-14),상도동,361-14,27.32,,18000,20,3,30,2013,갱신,26.08~28.08,17000.0,20.0,,,
동작구,11590,대방동,202606,연립다세대_전월세,디하우스,대방동,11-24,25.55,,5000,55,4,13,2012,신규,26.07~28.07,,,,,
동작구,11590,사당동,202606,연립다세대_전월세,(1034-33),사당동,1034-33,15.75,,3150,47,5,29,2014,신규,26.09~28.09,,,,,
동작구,11590,사당동,202606,연립다세대_전월세,이수월든빌,사당동,1007-25,16.426,,31100,0,7,24,2024,신규,26.07~28.07,,,,,
동작구,11590,상도동,202606,연립다세대_전월세,HGALLERY,상도동,1-37,29.95,,21000,0,3,24,2013,신규,26.07~28.07,,,,,
동작구,11590,사당동,202606,연립다세대_전월세,유성빌라(272-11),사당동,272-11,49.82,,23000,0,3,23,1992,신규,26.08~28.08,,,,,
동작구,11590,흑석동,202606,연립다세대_전월세,(198-10),흑석동,198-10,58.91,,18000,105,3,28,2021,신규,26.09~28.08,,,,,
동작구,11590,신대방동,202606,연립다세대_전월세,제이에스빌,신대방동,600-45,15.18,,1000,40,3,15,2012,신규,26.07~28.07,,,,,
동작구,11590,신대방동,202606,연립다세대_전월세,드림타운빌,신대방동,367-66,59.68,,36600,5,4,28,2020,갱신,26.08~28.08,36200.0,,,,
동작구,11590,대방동,202606,연립다세대_전월세,리안,대방동,394-26,15.37,,1000,68,10,19,2017,신규,26.07~27.07,,,,,
동작구,11590,신대방동,202606,연립다세대_전월세,대방아트빌,신대방동,600-89,29.95,,2000,70,3,26,2011,신규,26.07~28.07,,,,,
동작구,11590,사당동,202606,연립다세대_전월세,델리카운티,사당동,55-2,52.72,,42000,0,2,24,2022,신규,26.07~28.07,,,,,
동작구,11590,상도동,202606,연립다세대_전월세,대흥파크빌,상도동,214-48,29.15,,1000,65,4,26,2008,신규,26.07~28.07,,,,,
동작구,11590,사당동,202606,연립다세대_전월세,오성하이빌(1021-49),사당동,1021-49,23.24,,8000,57,2,29,2015,신규,26.07~28.07,,,,,
동작구,11590,사당동,202606,연립다세대_전월세,141-48,사당동,141-48,26.36,,2000,110,4,22,2015,신규,26.08~28.08,,,,,
동작구,11590,사당동,202606,연립다세대_전월세,아정빌리지(272-45),사당동,272-45,39.87,,24000,0,2,13,2009,신규,26.08~28.08,,,,,
동작구,11590,상도동,202606,연립다세대_전월세,동진하우스,상도동,159-87,22.39,,1000,65,2,2,2015,신규,26.07~28.07,,,,,
동작구,11590,신대방동,202606,연립다세대_전월세,드림타운빌,신대방동,367-66,58.17,,38600,6,5,28,2020,갱신,26.08~28.08,38300.0,,,,
동작구,11590,사당동,202606,연립다세대_전월세,(202-29),사당동,202-29,16.2,,500,35,2,29,2002,신규,26.07~28.07,,,,,
동작구,11590,대방동,202606,연립다세대_전월세,효주파크빌(392-19),대방동,392-19,29.76,,15700,30,2,3,2012,신규,26.07~28.07,,,,,
동작구,11590,상도동,202606,연립다세대_전월세,스카이타운,상도동,56-73,15.27,,12000,10,2,27,2017,신규,26.07~28.07,,,,,
동작구,11590,사당동,202606,연립다세대_전월세,수목빌(52-6),사당동,52-6,33.21,,3000,120,3,29,2020,신규,26.07~27.07,,,,,
동작구,11590,상도동,202606,연립다세대_전월세,위너스빌리지,상도동,2-15,94.11,,34000,50,1,19,1997,신규,26.07~28.07,,,,,
동작구,11590,상도동,202606,연립다세대_전월세,소담1,상도동,7-18,25.74,,2000,60,3,20,2017,신규,26.08~27.08,,,,,
동작구,11590,상도동,202606,연립다세대_전월세,리치캐슬,상도동,299-56,42.59,,4000,85,2,2,2013,신규,26.07~28.07,,,,,
동작구,11590,상도동,202606,연립다세대_전월세,미성해드림,상도동,210-182,66.06,,5000,150,5,27,2015,신규,26.08~28.08,,,,,
동작구,11590,사당동,202606,연립다세대_전월세,시티빌(1024-11),사당동,1024-11,46.84,,21000,0,1,3,2010,갱신,26.07~28.07,20000.0,,,,
동작구,11590,상도동,202606,연립다세대_전월세,휴먼빌레,상도동,210-133,44.29,,26000,0,2,23,2013,신규,26.09~28.09,,,,,
동작구,11590,상도동,202606,연립다세대_전월세,대흥빌딩,상도동,156-8,12.95,,1000,65,2,13,2012,신규,26.08~28.08,,,,,
동작구,11590,사당동,202606,연립다세대_전월세,이수빌(215-4),사당동,215-4,27.77,,15000,15,5,6,2012,신규,26.07~28.07,,,,,
동작구,11590,상도동,202606,연립다세대_전월세,시그니처팰리스,상도동,201-22,56.28,,28000,0,3,17,2019,신규,26.09~28.09,,,,,
동작구,11590,흑석동,202606,연립다세대_전월세,어반휴캐슬가동,흑석동,198-61,51.65,,36500,0,4,29,2017,갱신,26.09~28.09,35500.0,,사용,,
동작구,11590,신대방동,202606,연립다세대_전월세,스타빌리지,신대방동,366-194,44.01,,18000,45,2,29,1997,갱신,26.08~28.08,26000.0,,,,
동작구,11590,신대방동,202606,연립다세대_전월세,블루빌(340-2),신대방동,340-2,43.88,,4000,87,1,14,2012,신규,26.08~28.08,,,,,
동작구,11590,사당동,202606,연립다세대_전월세,샤이닝빌라,사당동,300-85,47.67,,15000,55,3,2,2008,신규,26.06~28.06,,,,,
동작구,11590,대방동,202606,연립다세대_전월세,원노블레스,대방동,394-25,18.1,,3000,46,9,27,2015,신규,26.07~28.07,,,,,
동작구,11590,본동,202606,연립다세대_전월세,민하우스,본동,49-32,18.7,,12100,0,2,24,2013,갱신,26.07~28.07,11550.0,,,,
동작구,11590,사당동,202606,연립다세대_전월세,남광쉐르빌(1051-34),사당동,1051-34,45.95,,10000,100,6,4,2016,신규,26.07~28.07,,,,,
동작구,11590,사당동,202606,연립다세대_전월세,(1001-3),사당동,1001-3,25.17,,20000,30,3,22,2019,신규,26.07~28.07,,,,,
동작구,11590,사당동,202606,연립다세대_전월세,삼성타운,사당동,1033-26,29.19,,26000,10,4,3,2017,신규,26.07~28.07,,,,,
동작구,11590,사당동,202606,연립다세대_전월세,(1009-15),사당동,1009-15,59.52,,34500,0,3,27,2007,갱신,26.07~28.07,33000.0,,사용,,
동작구,11590,상도동,202606,연립다세대_전월세,플로채빌A동,상도동,239-18,43.87,,30000,15,1,23,2016,신규,26.08~28.08,,,,,
동작구,11590,상도동,202606,연립다세대_전월세,리치빌(210-50),상도동,210-50,54.28,,27000,20,4,13,2010,신규,26.10~28.10,,,,,
동작구,11590,사당동,202606,연립다세대_전월세,그린홈,사당동,235-91,35.18,,22000,0,4,26,2011,신규,26.08~28.08,,,,,
동작구,11590,상도1동,202606,연립다세대_전월세,어썸스테이,상도1동,402-1,14.59,,2000,55,2,27,2016,신규,26.08~28.02,,,,,
동작구,11590,상도동,202606,연립다세대_전월세,(22-108),상도동,22-108,16.28,,1000,63,5,29,2019,갱신,26.09~28.09,1000.0,60.0,,,
동작구,11590,상도1동,202606,연립다세대_전월세,어썸스테이,상도1동,402-1,14.59,,2000,55,2,27,2016,신규,26.08~28.02,,,,,
동작구,11590,사당동,202606,연립다세대_전월세,316-272,사당동,316-272,19.8,,15000,0,3,10,2015,신규,26.07~28.07,,,,,
동작구,11590,상도동,202606,연립다세대_전월세,담비빌,상도동,301-215,39.72,,0,60,2,10,2012,신규,26.06~28.06,,,,,
동작구,11590,사당동,202606,연립다세대_전월세,316-272,사당동,316-272,19.8,,15000,0,3,10,2015,신규,26.07~28.07,,,,,
동작구,11590,상도1동,202606,연립다세대_전월세,(561-5),상도1동,561-5,38.88,,2000,80,1,21,1986,신규,26.07~28.07,,,,,
동작구,11590,상도동,202606,연립다세대_전월세,효파크빌,상도동,159-37,51.9,,30000,0,5,11,2019,신규,26.07~28.07,,,,,
동작구,11590,상도1동,202606,연립다세대_전월세,(774-1),상도1동,774-1,12.07,,2000,24,2,10,2012,갱신,26.06~27.06,1000.0,25.0,,,
동작구,11590,상도동,202606,연립다세대_전월세,위더스하우스,상도동,335-73,64.63,,10000,140,3,21,2011,신규,26.07~28.07,,,,,
동작구,11590,대방동,202606,연립다세대_전월세,리안,대방동,394-26,15.37,,15150,0,11,19,2017,갱신,26.07~27.06,15150.0,,사용,,
동작구,11590,사당동,202606,연립다세대_전월세,정원빌,사당동,128-1,22.9,,10000,27,4,13,2012,갱신,26.08~28.08,10000.0,24.0,사용,,
동작구,11590,사당동,202606,연립다세대_전월세,재덕A동,사당동,180-90,39.78,,20000,0,2,22,1990,신규,26.08~28.08,,,,,
동작구,11590,상도동,202606,연립다세대_전월세,제이원,상도동,361-28,16.02,,3000,46,4,14,2012,신규,26.07~28.07,,,,,
동작구,11590,상도동,202606,연립다세대_전월세,등안정(335-149),상도동,335-149,17.37,,1000,55,4,26,2011,신규,26.07~28.07,,,,,
동작구,11590,사당동,202606,연립다세대_전월세,해현,사당동,1048-56,21.07,,5000,95,4,27,2023,신규,26.06~28.06,,,,,
동작구,11590,상도동,202606,연립다세대_전월세,대흥빌딩,상도동,156-8,15.45,,1000,68,2,17,2012,신규,26.07~27.07,,,,,
동작구,11590,상도동,202606,연립다세대_전월세,우주,상도동,359-5,27.59,,11000,23,6,18,2012,신규,26.09~28.09,,,,,
동작구,11590,상도1동,202606,연립다세대_전월세,스카이,상도1동,491-5,16.97,,4000,52,3,26,2013,신규,26.08~28.08,,,,,
동작구,11590,상도1동,202606,연립다세대_전월세,어블룸,상도1동,630,16.08,,2500,60,2,12,2012,신규,26.07~27.07,,,,,
동작구,11590,상도1동,202606,연립다세대_전월세,태현빌딩,상도1동,635,13.39,,1000,66,4,25,2016,신규,26.07~27.07,,,,,
동작구,11590,노량진동,202606,연립다세대_전월세,태영오피스텔,노량진동,56-11,10.667,,1000,60,11,21,2015,신규,26.07~27.07,,,,,
동작구,11590,신대방동,202606,연립다세대_전월세,리치빌(348-101),신대방동,348-101,19.22,,4000,45,3,8,2012,갱신,26.06~28.02,5000.0,40.0,,,
동작구,11590,상도동,202606,연립다세대_전월세,미소가(279-169),상도동,279-169,46.28,,27900,0,3,3,2019,갱신,26.06~28.06,27900.0,,,,
동작구,11590,사당동,202606,연립다세대_전월세,신영에코빌,사당동,426-1,60.21,,34000,0,2,15,2009,갱신,26.06~28.06,32300.0,,,,
동작구,11590,상도동,202606,연립다세대_전월세,이편한빌,상도동,201-95,12.58,,500,45,3,27,2013,신규,26.07~28.07,,,,,
동작구,11590,사당동,202606,연립다세대_전월세,cogystudio,사당동,1046-23,19.98,,12000,12,2,29,2014,신규,26.07~28.07,,,,,
동작구,11590,상도1동,202606,연립다세대_전월세,백남빌라(561-6),상도1동,561-6,40.29,,1000,100,2,25,1986,신규,26.08~27.08,,,,,
동작구,11590,사당동,202606,연립다세대_전월세,우남파크빌,사당동,316-226,50.07,,30000,0,5,26,2011,갱신,26.06~28.06,29400.0,,,,
동작구,11590,상도동,202606,연립다세대_전월세,백호빌,상도동,359-33,39.08,,15000,0,3,10,2012,신규,26.08~28.08,,,,,
동작구,11590,신대방동,202606,연립다세대_전월세,클라인하우제보라매,신대방동,349-42,29.81,,21400,0,4,20,2014,신규,26.08~28.08,,,,,
동작구,11590,사당동,202606,연립다세대_전월세,BRICK9,사당동,1027-11,29.96,,21000,0,2,18,2017,신규,26.08~28.08,,,,,
동작구,11590,신대방동,202606,연립다세대_전월세,태성타운,신대방동,366-201,16.77,,600,60,2,29,2015,신규,26.07~28.07,,,,,
동작구,11590,상도1동,202606,연립다세대_전월세,대림하이츠,상도1동,326-13,21.87,,2000,60,2,29,2002,신규,26.08~27.08,,,,,
동작구,11590,사당동,202606,연립다세대_전월세,(1025-15),사당동,1025-15,50.53,,4535,47,2,17,2023,갱신,26.07~28.06,4365.0,45.0,,,
동작구,11590,사당동,202606,연립다세대_전월세,(1025-15),사당동,1025-15,50.53,,2135,52,3,19,2023,갱신,26.07~28.06,4365.0,45.0,,,
동작구,11590,신대방동,202606,연립다세대_전월세,리치빌(348-101),신대방동,348-101,18.39,,5000,45,4,18,2012,신규,26.07~28.07,,,,,
동작구,11590,사당동,202606,연립다세대_전월세,삼성하이츠(10-32),사당동,산10-32,58.04,,1000,110,4,30,2001,신규,26.07~27.07,,,,,
동작구,11590,상도동,202606,연립다세대_전월세,정석하이츠,상도동,54-32,63.52,,19000,0,1,27,1994,신규,26.07~28.07,,,,,
동작구,11590,상도동,202606,연립다세대_전월세,숲속하우스,상도동,211-74,29.88,,16000,10,1,12,2013,갱신,26.06~27.12,16000.0,,사용,,
동작구,11590,상도동,202606,연립다세대_전월세,제이플러스,상도동,507-3,12.395,,1000,55,3,6,2013,신규,26.07~27.07,,,,,
동작구,11590,사당동,202606,연립다세대_전월세,(202-29),사당동,202-29,17,,500,35,3,20,2002,신규,26.07~28.07,,,,,
동작구,11590,상도동,202606,연립다세대_전월세,성림하이츠8차,상도동,279-377,53.2,,13000,0,-1,5,1993,신규,26.07~28.07,,,,,
동작구,11590,사당동,202606,연립다세대_전월세,이수월든빌,사당동,1007-25,30.205,,46000,0,7,18,2024,신규,26.07~28.07,,,,,
동작구,11590,사당동,202606,연립다세대_전월세,라움하우스,사당동,419-75,43.45,,20000,40,3,10,2012,신규,26.07~28.07,,,,,
동작구,11590,상도1동,202606,연립다세대_전월세,희하우스,상도1동,618,17.28,,3000,60,4,28,2017,신규,26.08~27.08,,,,,
동작구,11590,상도동,202606,연립다세대_전월세,탑원룸,상도동,372-4,13.53,,500,42,4,28,2013,신규,26.06~27.06,,,,,
동작구,11590,신대방동,202606,연립다세대_전월세,파크씨티,신대방동,342-35,15.88,,5000,30,5,27,2013,갱신,26.07~28.07,5000.0,29.0,,,
동작구,11590,사당동,202606,연립다세대_전월세,(232-0),사당동,232,50.71,,21800,0,3,28,2010,갱신,26.07~28.07,20800.0,,,,
동작구,11590,신대방동,202606,연립다세대_전월세,신대방타워빌라,신대방동,632-15,51.63,,19000,0,2,27,2001,신규,26.08~28.08,,,,,
동작구,11590,상도동,202606,연립다세대_전월세,상도동행복주택,상도동,211-467,21.19,,3198,16,4,29,2020,신규,26.07~28.09,,,,,
동작구,11590,상도동,202606,연립다세대_전월세,소담1,상도동,7-18,13.8,,1000,63,2,26,2017,신규,26.06~27.01,,,,,
동작구,11590,사당동,202606,연립다세대_전월세,한백리츠빌(419-46),사당동,419-46,38.38,,29200,0,2,12,2019,신규,26.08~28.08,,,,,
동작구,11590,대방동,202606,연립다세대_전월세,태성팰리스,대방동,387-5,48.45,,25000,55,4,27,2016,신규,26.08~28.08,,,,,
동작구,11590,대방동,202606,연립다세대_전월세,종원빌라7동,대방동,393-79,39.3,,20000,0,2,30,1986,신규,26.06~28.06,,,,,
동작구,11590,상도동,202606,연립다세대_전월세,상도그린타운,상도동,2-7,64.65,,20500,0,3,15,1999,갱신,26.07~27.07,20000.0,,,,
동작구,11590,상도동,202606,연립다세대_전월세,(55-102),상도동,55-102,36.68,,16100,0,2,23,1995,갱신,26.06~27.01,17000.0,,,,
동작구,11590,상도동,202606,연립다세대_전월세,모던힐타운2차,상도동,175-27,30.98,,8000,50,2,22,2015,신규,26.09~28.09,,,,,
동작구,11590,상도1동,202606,연립다세대_전월세,데이빗하우스,상도1동,802-2,57.99,,3000,75,2,13,2016,신규,26.06~28.06,,,,,
동작구,11590,상도동,202606,연립다세대_전월세,탑원룸,상도동,372-4,14.72,,1000,60,7,26,2013,신규,26.06~27.06,,,,,
동작구,11590,상도동,202606,연립다세대_전월세,LuceForet,상도동,324-66,26.1991,,33000,0,6,29,2021,갱신,26.07~28.07,32000.0,,,,
동작구,11590,상도동,202606,연립다세대_전월세,태양아트빌,상도동,279-411,37.8,,7000,0,4,30,2006,신규,26.07~28.07,,,,,
동작구,11590,사당동,202606,연립다세대_전월세,어반팰리스사당,사당동,1050-15,29.35,,32000,0,1,26,2024,신규,26.08~28.08,,,,,
동작구,11590,상도동,202606,연립다세대_전월세,(366-8),상도동,366-8,28.32,,4000,100,2,16,2021,신규,26.07~28.07,,,,,
동작구,11590,상도동,202606,연립다세대_전월세,(328-1),상도동,328-1,35.07,,6000,60,-1,30,1990,신규,26.07~28.07,,,,,
동작구,11590,대방동,202606,연립다세대_전월세,완희현당,대방동,387-9,14.7,,1000,55,2,20,2011,신규,26.07~27.07,,,,,
동작구,11590,상도동,202606,연립다세대_전월세,오성하이츠,상도동,279-445,52.3,,9000,25,-1,30,1992,신규,26.07~28.07,,,,,
동작구,11590,상도동,202606,연립다세대_전월세,숲속하우스,상도동,211-74,29.84,,17000,0,2,13,2013,신규,26.08~28.08,,,,,
동작구,11590,사당동,202606,연립다세대_전월세,신영에코빌,사당동,426-1,60.21,,34000,0,2,15,2009,갱신,26.06~28.06,32300.0,,,,
동작구,11590,사당동,202606,연립다세대_전월세,THEiel(더이엘),사당동,1003-36,22.65,,24000,0,5,30,2026,신규,26.07~28.07,,,,,
동작구,11590,대방동,202606,연립다세대_전월세,드림캐슬,대방동,401-15,25.73,,18720,0,7,23,2013,갱신,26.08~27.08,17000.0,,,,
동작구,11590,사당동,202606,연립다세대_전월세,인더네이처,사당동,207-3,15.3,,3000,67,8,27,2020,신규,26.07~28.07,,,,,
동작구,11590,상도동,202606,연립다세대_전월세,유앤미나동(301-180),상도동,301-180,50.39,,22800,0,5,22,2015,갱신,26.06~28.06,22000.0,,,,
동작구,11590,상도동,202606,연립다세대_전월세,금광휴먼씨티,상도동,17-57,13.07,,1000,50,5,4,2011,신규,26.06~28.06,,,,,
동작구,11590,사당동,202606,연립다세대_전월세,세화빌,사당동,72-18,29.82,,10000,55,3,12,2012,갱신,26.07~28.07,10000.0,55.0,사용,,
동작구,11590,사당동,202606,연립다세대_전월세,동아팰리스비동,사당동,419-6,29.92,,27000,0,3,27,2022,갱신,26.07~28.07,27000.0,,사용,,
동작구,11590,상도동,202606,연립다세대_전월세,예그린,상도동,279-329,28.82,,20000,20,2,30,2020,신규,26.08~28.08,,,,,
동작구,11590,사당동,202606,연립다세대_전월세,태양(229-2),사당동,229-2,66.6,,34500,0,2,30,1993,갱신,26.08~28.08,34500.0,,사용,,
동작구,11590,대방동,202606,연립다세대_전월세,드림타워,대방동,416-6,47.2,,30300,0,5,29,2016,갱신,26.08~28.08,28900.0,,,,
동작구,11590,대방동,202606,연립다세대_전월세,더포레,대방동,410-9,49.67,,23000,75,4,22,2021,갱신,26.08~27.08,23000.0,75.0,,,
동작구,11590,사당동,202606,연립다세대_전월세,CS하우스,사당동,419-152,17.09,,10000,40,3,29,2014,갱신,26.08~28.08,10000.0,35.0,,,
동작구,11590,사당동,202606,연립다세대_전월세,1020-30,사당동,1020-30,15.56,,16275,0,3,25,2017,갱신,26.06~28.06,16275.0,,,,
동작구,11590,사당동,202606,연립다세대_전월세,cogystudio,사당동,1046-23,19.98,,15000,3,3,29,2014,신규,26.07~28.07,,,,,
동작구,11590,대방동,202606,연립다세대_전월세,20-40,대방동,20-40,14.4,,1000,47,5,6,2013,신규,26.06~28.06,,,,,
동작구,11590,상도동,202606,연립다세대_전월세,미소가(279-169),상도동,279-169,43.66,,5000,130,4,25,2019,신규,26.07~28.06,,,,,
동작구,11590,상도동,202606,연립다세대_전월세,한솔빌라A,상도동,361-12,39.94,,22000,0,3,26,1992,신규,26.08~28.08,,,,,
동작구,11590,동작동,202606,연립다세대_전월세,현대그린하우스,동작동,102-41,63.6,,3000,130,1,26,1989,신규,26.07~28.07,,,,,
동작구,11590,사당동,202606,연립다세대_전월세,구립학수경로당행복주택복합시설,사당동,177-1,20.85,,5372,22,2,13,2020,신규,26.07~28.09,,,,,
동작구,11590,상도동,202606,연립다세대_전월세,삼익하이츠빌라,상도동,214-118,61.5,,3000,80,2,11,2001,신규,26.07~28.07,,,,,
동작구,11590,상도동,202606,연립다세대_전월세,명성하우스,상도동,299-43,29.75,,28000,5,3,28,2017,갱신,26.07~28.07,28000.0,,,,
동작구,11590,대방동,202606,연립다세대_전월세,프로방스,대방동,414-17,29.86,,3200,90,6,26,2016,신규,26.06~28.06,,,,,
동작구,11590,상도동,202606,연립다세대_전월세,담비빌,상도동,301-215,27.29,,16000,0,4,10,2012,신규,26.07~28.07,,,,,
동작구,11590,상도동,202606,연립다세대_전월세,명성주택,상도동,356-1,42.85,,31000,0,3,29,2016,신규,26.09~28.09,,,,,
동작구,11590,사당동,202606,연립다세대_전월세,다사랑빌,사당동,250-26,61.88,,28329,0,3,26,2007,신규,26.06~28.06,,,,,
동작구,11590,사당동,202606,연립다세대_전월세,다경빌(183-17),사당동,183-17,29.57,,300,27,5,11,2021,신규,26.06~28.08,,,,,
동작구,11590,대방동,202606,연립다세대_전월세,미리내씨티빌,대방동,391-24,48.69,,3000,100,3,20,1995,신규,26.07~28.06,,,,,
동작구,11590,대방동,202606,연립다세대_전월세,정원뷰,대방동,11-45,32.52,,27000,0,5,24,2018,신규,26.09~28.09,,,,,
동작구,11590,노량진동,202606,연립다세대_전월세,남영빌라,노량진동,218-97,52.89,,18000,0,2,30,1993,갱신,26.06~28.06,18000.0,,,,
동작구,11590,사당동,202606,연립다세대_전월세,황제빌라,사당동,285-39,47.71,,14000,0,-1,1,1990,신규,26.06~28.06,,,,,
동작구,11590,노량진동,202606,연립다세대_전월세,다세대주택,노량진동,221-81,59.34,,25000,0,1,27,1993,신규,26.07~28.07,,,,,
동작구,11590,상도동,202606,연립다세대_전월세,그린홈,상도동,292-17,39.09,,23000,3,3,23,2012,갱신,26.07~28.07,23000.0,,,,
동작구,11590,사당동,202606,연립다세대_전월세,필하우스(419-147),사당동,419-147,17.11,,3000,65,3,3,2015,신규,26.06~28.06,,,,,
동작구,11590,사당동,202606,연립다세대_전월세,이수빌,사당동,89-22,44.24,,20000,25,3,8,2002,신규,26.06~28.06,,,,,
동작구,11590,대방동,202606,연립다세대_전월세,샘솟는터,대방동,375-11,29.67,,20000,65,4,27,2019,신규,26.06~28.06,,,,,
동작구,11590,대방동,202606,연립다세대_전월세,제이하우스,대방동,391-310,29.82,,29400,0,4,27,2018,갱신,26.06~28.06,28000.0,,,,
동작구,11590,신대방동,202606,연립다세대_전월세,다운빌,신대방동,695-28,32.28,,6000,46,4,29,2002,갱신,26.08~28.08,6000.0,43.0,사용,,
동작구,11590,상도동,202606,연립다세대_전월세,도영타운4차A동,상도동,159-196,50.26,,8200,0,4,4,2008,신규,26.06~28.06,,,,,
동작구,11590,사당동,202606,연립다세대_전월세,(141-9),사당동,141-9,22.13,,3000,60,3,6,2012,신규,26.06~28.06,,,,,
동작구,11590,노량진동,202606,연립다세대_전월세,신동아리버파크빌,노량진동,325-4,62.9,,5000,120,3,29,2001,신규,26.08~28.08,,,,,
동작구,11590,대방동,202606,연립다세대_전월세,스타노블레스,대방동,402-2,11.28,,10000,33,7,27,2022,신규,26.09~28.08,,,,,
동작구,11590,상도동,202606,연립다세대_전월세,두성빌라트(279-82),상도동,279-82,64.75,,18000,0,1,29,2000,신규,26.08~28.08,,,,,
동작구,11590,흑석동,202606,연립다세대_전월세,어반휴캐슬나동,흑석동,198-40,55.37,,37500,0,-1,28,2017,갱신,26.07~28.07,36000.0,,,,
동작구,11590,사당동,202606,연립다세대_전월세,가온아이빌,사당동,1051-10,12.88,,1000,61,2,27,2018,신규,26.08~28.08,,,,,
동작구,11590,사당동,202606,연립다세대_전월세,동아팰리스비동,사당동,419-6,29.52,,28350,0,2,15,2022,신규,26.08~28.08,,,,,
동작구,11590,상도동,202606,연립다세대_전월세,(17-52),상도동,17-52,47.02,,1000,84,3,22,2003,신규,26.06~28.06,,,,,
동작구,11590,상도1동,202606,연립다세대_전월세,더라빌,상도1동,450-7,33.32,,2000,195,6,4,2023,신규,26.07~27.07,,,,,
동작구,11590,신대방동,202606,연립다세대_전월세,드림타운빌,신대방동,367-66,59.68,,36600,5,4,28,2020,갱신,26.07~28.07,36200.0,,,,
동작구,11590,신대방동,202606,연립다세대_전월세,예민하우스,신대방동,360-224,25.73,,27750,0,3,10,2021,신규,26.07~28.07,,,,,
동작구,11590,신대방동,202606,연립다세대_전월세,스타빌리지,신대방동,366-194,44.01,,21500,28,2,29,1997,갱신,26.08~28.08,26000.0,,,,
동작구,11590,사당동,202606,연립다세대_전월세,(178-23),사당동,178-23,51.82,,10000,62,1,13,1991,갱신,26.06~28.06,10000.0,62.0,,,
동작구,11590,상도동,202606,연립다세대_전월세,청명에버빌,상도동,210-176,35.07,,21000,0,3,29,2012,신규,26.08~28.08,,,,,
동작구,11590,사당동,202606,연립다세대_전월세,플로렌스,사당동,311-10,29.79,,29000,0,3,27,2017,신규,26.08~28.08,,,,,
동작구,11590,사당동,202606,연립다세대_전월세,(202-8),사당동,202-8,44.97,,11000,60,5,29,2009,신규,26.08~28.08,,,,,
동작구,11590,상도동,202606,연립다세대_전월세,드림캐슬(33-6),상도동,33-6,40.62,,34000,0,2,29,2016,갱신,26.07~28.07,32000.0,,,,
동작구,11590,상도동,202606,연립다세대_전월세,상도동행복주택,상도동,211-467,21.19,,3998,15,4,29,2020,신규,26.07~28.09,,,,,
동작구,11590,사당동,202606,연립다세대_전월세,제일빌라A,사당동,235-92,49.2,,13000,45,-1,24,1989,신규,26.08~28.08,,,,,
동작구,11590,신대방동,202606,연립다세대_전월세,영웅빌라2,신대방동,360-97,40.56,,20000,0,5,13,2004,신규,26.08~28.08,,,,,
동작구,11590,사당동,202606,연립다세대_전월세,파트너빌B동(279-23),사당동,279-23,52.47,,6000,130,3,24,2015,신규,26.08~28.08,,,,,
동작구,11590,대방동,202606,연립다세대_전월세,리안,대방동,394-26,14.59,,1000,62,11,26,2017,신규,26.06~27.06,,,,,
동작구,11590,신대방동,202606,연립다세대_전월세,클라인하우제보라매,신대방동,349-42,29.81,,21400,10,4,20,2014,신규,26.08~28.08,,,,,
동작구,11590,사당동,202606,연립다세대_전월세,정원주택,사당동,297-4,37.28,,16300,0,1,11,1991,신규,26.06~28.06,,,,,
동작구,11590,대방동,202606,연립다세대_전월세,티엠타운,대방동,98-4,29.23,,20000,50,4,26,2016,신규,26.06~30.06,,,,,
동작구,11590,사당동,202606,연립다세대_전월세,성락,사당동,178-1,52.78,,20000,5,2,19,1986,갱신,26.07~28.07,20000.0,3.0,,,
동작구,11590,상도동,202606,연립다세대_전월세,금성하이츠빌라1차,상도동,264-165,59.58,,9000,0,-1,26,1993,신규,26.06~28.06,,,,,
동작구,11590,상도동,202606,연립다세대_전월세,명성하우스,상도동,299-43,29.68,,27800,0,2,26,2017,갱신,26.07~28.07,27300.0,,,,
동작구,11590,상도1동,202606,연립다세대_전월세,미광빌라트B동,상도1동,502-1,56.54,,33000,0,1,22,2003,신규,26.09~28.09,,,,,
동작구,11590,상도동,202606,연립다세대_전월세,다나네스트빌(241-11),상도동,241-11,49.7,,28000,0,2,23,2008,신규,26.06~26.07,,,,,
동작구,11590,사당동,202606,연립다세대_전월세,태조파크,사당동,178-47,84.43,,34650,0,4,25,2012,갱신,26.06~28.04,33000.0,,,,
동작구,11590,상도동,202606,연립다세대_전월세,제일하이츠빌라,상도동,279-91,60.71,,13000,15,-1,22,1992,신규,26.07~28.07,,,,,
동작구,11590,상도동,202606,연립다세대_전월세,골든쉐르빌,상도동,356-74,17.75,,15900,0,3,1,2019,갱신,26.06~28.06,15900.0,,,,
동작구,11590,사당동,202606,연립다세대_전월세,(230-30),사당동,230-30,69.96,,1000,60,4,25,2002,갱신,26.06~27.06,1000.0,60.0,,,
동작구,11590,사당동,202606,연립다세대_전월세,동아팰리스비동,사당동,419-6,29.92,,32000,2,2,13,2022,신규,26.08~28.08,,,,,
동작구,11590,노량진동,202606,연립다세대_전월세,미도빌,노량진동,148-5,14.7,,500,55,4,25,1990,신규,26.06~26.12,,,,,
동작구,11590,노량진동,202606,연립다세대_전월세,부자의길,노량진동,218-98,13.54,,500,40,3,13,2013,신규,26.06~27.06,,,,,
동작구,11590,대방동,202606,연립다세대_전월세,둥지Ⅲ,대방동,383-12,15.84,,1000,59,5,19,2012,신규,26.07~28.07,,,,,
동작구,11590,상도동,202606,연립다세대_전월세,케이디아이빌E동,상도동,7-171,23.29,,13000,15,2,24,2007,신규,26.07~28.07,,,,,
동작구,11590,상도동,202606,연립다세대_전월세,영동맨숀,상도동,290-52,50.49,,25000,0,4,25,1997,신규,26.06~28.06,,,,,
동작구,11590,신대방동,202606,연립다세대_전월세,상우빌,신대방동,599-32,61,,21320,24,2,25,2003,갱신,26.06~28.06,20000.0,24.0,,,
동작구,11590,신대방동,202606,연립다세대_전월세,(366-222),신대방동,366-222,25.93,,14000,43,2,25,2019,신규,26.07~28.07,,,,,
동작구,11590,사당동,202606,연립다세대_전월세,신성하우스,사당동,275-11,29.61,,35000,0,4,24,2022,갱신,26.09~27.09,35000.0,,,,
동작구,11590,상도동,202606,연립다세대_전월세,더퍼스트타운,상도동,214-87,35.19,,29400,0,3,23,2018,신규,26.08~28.08,,,,,
동작구,11590,상도1동,202606,연립다세대_전월세,스카이,상도1동,491-5,17.06,,14300,0,3,12,2013,신규,26.08~28.08,,,,,
동작구,11590,상도동,202606,연립다세대_전월세,럭키빌리지,상도동,56-35,72.21,,15000,10,-1,24,1991,신규,26.07~28.07,,,,,
동작구,11590,사당동,202606,연립다세대_전월세,(202-8),사당동,202-8,44.97,,11000,60,5,10,2009,신규,26.08~28.08,,,,,
동작구,11590,신대방동,202606,연립다세대_전월세,장원빌라(366-119),신대방동,366-119,49.5,,18000,28,3,18,1997,신규,26.07~28.07,,,,,
동작구,11590,사당동,202606,연립다세대_전월세,대도B동,사당동,180-11,40.71,,17000,0,2,22,1990,신규,26.07~28.07,,,,,
동작구,11590,상도동,202606,연립다세대_전월세,예그린,상도동,279-329,28.82,,24000,0,1,4,2020,신규,26.06~28.06,,,,,
동작구,11590,상도1동,202606,연립다세대_전월세,스카이,상도1동,491-5,17.06,,14300,0,3,12,2013,신규,26.08~28.08,,,,,
동작구,11590,상도동,202606,연립다세대_전월세,다나네스트빌(241-11),상도동,241-11,49.7,,28000,0,2,23,2008,신규,26.07~28.07,,,,,
동작구,11590,상도동,202606,연립다세대_전월세,쉐어하우스,상도동,214-350,24.89,,11000,17,3,16,2012,신규,26.08~28.08,,,,,
동작구,11590,사당동,202606,연립다세대_전월세,사당메이플,사당동,1050-19,29.98,,33000,0,4,15,2021,신규,26.07~28.07,,,,,
동작구,11590,사당동,202606,연립다세대_전월세,경운빌라,사당동,1038-37,49.02,,10000,130,3,22,1986,신규,26.07~28.07,,,,,
동작구,11590,사당동,202606,연립다세대_전월세,메종슈에뜨101,사당동,419-101,20.89,,22000,0,4,22,2016,신규,26.08~28.08,,,,,
동작구,11590,흑석동,202606,연립다세대_전월세,현산푸른숲하우스,흑석동,198-76,29.98,,3000,120,1,10,2017,신규,26.08~27.08,,,,,
동작구,11590,사당동,202606,연립다세대_전월세,노블하우스,사당동,303-31,63.22,,27000,15,2,19,2008,신규,26.07~28.07,,,,,
동작구,11590,신대방동,202606,연립다세대_전월세,보라매빌,신대방동,474-7,58.79,,33000,0,4,22,2009,신규,26.07~28.07,,,,,
동작구,11590,상도동,202606,연립다세대_전월세,강남빌(202-246),상도동,202-246,29.93,,17200,10,4,20,2012,신규,26.08~28.08,,,,,
동작구,11590,상도동,202606,연립다세대_전월세,다나네스트빌(203-33),상도동,203-33,24,,8000,0,1,22,2008,신규,26.07~28.07,,,,,
동작구,11590,대방동,202606,연립다세대_전월세,(402-13),대방동,402-13,19.72,,1000,60,3,20,2017,신규,26.06~28.06,,,,,
동작구,11590,상도동,202606,연립다세대_전월세,신성하이츠4차,상도동,299-249,63.2,,26500,0,3,18,2002,신규,26.08~28.08,,,,,
동작구,11590,신대방동,202606,연립다세대_전월세,그린빌라트,신대방동,339-1,23.45,,2000,45,5,20,2002,신규,26.07~28.07,,,,,
동작구,11590,상도1동,202606,연립다세대_전월세,(619-2),상도1동,619-2,36.39,,3000,80,2,22,1988,신규,26.07~28.07,,,,,
동작구,11590,상도동,202606,연립다세대_전월세,원일주택(279-2),상도동,279-2,53.28,,15000,0,-1,20,1992,신규,26.07~28.07,,,,,
동작구,11590,상도동,202606,연립다세대_전월세,위너스힐,상도동,17-56,13.95,,1000,45,2,5,2011,신규,26.06~28.06,,,,,
동작구,11590,상도동,202606,연립다세대_전월세,소살리토상도,상도동,244-267,43.16,,800,27,4,23,2020,갱신,26.07~28.06,1823.0,24.0,,,
동작구,11590,사당동,202606,연립다세대_전월세,성락,사당동,178-1,46.3,,24000,0,1,16,1986,신규,26.07~28.07,,,,,
동작구,11590,상도동,202606,연립다세대_전월세,동원빌라(157-22),상도동,157-22,45.15,,22026,10,2,18,2002,신규,26.08~28.08,,,,,
동작구,11590,대방동,202606,연립다세대_전월세,프로방스,대방동,414-17,27.34,,5000,89,4,20,2016,신규,26.08~28.08,,,,,
동작구,11590,상도동,202606,연립다세대_전월세,대동그린빌,상도동,264-173,45.07,,25000,0,2,19,2002,신규,26.08~28.08,,,,,
동작구,11590,상도동,202606,연립다세대_전월세,미소가(279-217),상도동,279-217,37.63,,24000,0,3,19,2011,신규,26.07~28.07,,,,,
동작구,11590,신대방동,202606,연립다세대_전월세,(687-5),신대방동,687-5,18.95,,1000,63,3,15,2017,신규,26.06~27.06,,,,,
동작구,11590,상도동,202606,연립다세대_전월세,정도주택,상도동,299-140,43.5,,5047,25,5,22,2023,갱신,26.07~28.06,4921.0,24.0,사용,,
동작구,11590,사당동,202606,연립다세대_전월세,스튜디오사당19,사당동,314-12,25.98,,4751,10,4,22,2021,갱신,26.07~28.06,2214.0,23.0,,,
동작구,11590,동작동,202606,연립다세대_전월세,현대그린하우스,동작동,102-41,63.6,,24000,16,2,20,1989,신규,26.09~28.09,,,,,
동작구,11590,상도1동,202606,연립다세대_전월세,팰리체,상도1동,324-1,12.35,,2000,60,3,20,2013,신규,26.08~27.08,,,,,
동작구,11590,사당동,202606,연립다세대_전월세,성락,사당동,178-1,46.3,,24000,0,1,16,1986,신규,26.07~28.07,,,,,
동작구,11590,상도동,202606,연립다세대_전월세,하늘채,상도동,379-1,29.36,,17000,0,5,20,2014,신규,26.06~28.06,,,,,
동작구,11590,상도동,202606,연립다세대_전월세,SUNHOUSE(303-0),상도동,303,12.15,,2500,45,4,22,2013,신규,26.06~28.06,,,,,
동작구,11590,신대방동,202606,연립다세대_전월세,뉴스토리라움,신대방동,344-138,27.67,,23000,0,2,19,2017,신규,26.07~28.07,,,,,
동작구,11590,사당동,202606,연립다세대_전월세,메종슈에뜨이수,사당동,1007-13,27.65,,15000,106,10,18,2020,신규,26.06~28.06,,,,,
동작구,11590,상도동,202606,연립다세대_전월세,페트라빌,상도동,279-29,53.79,,5000,70,5,17,2003,갱신,26.06~28.06,5000.0,65.0,사용,,
동작구,11590,신대방동,202606,연립다세대_전월세,스마티움(721),신대방동,721,13.46,,2000,50,7,21,2014,갱신,26.07~27.07,2000.0,49.0,사용,,
동작구,11590,상도1동,202606,연립다세대_전월세,J+CRESIDENCE,상도1동,571,13.26,,12000,0,4,3,2012,신규,26.08~28.08,,,,,
동작구,11590,사당동,202606,연립다세대_전월세,메종슈에뜨26,사당동,1026-26,15.6,,1000,63,3,20,2017,갱신,26.07~28.06,1000.0,60.0,사용,,
동작구,11590,상도동,202606,연립다세대_전월세,(379-14),상도동,379-14,39.99,,13000,0,2,20,1986,신규,26.07~28.07,,,,,
동작구,11590,대방동,202606,연립다세대_전월세,디하우스,대방동,11-24,25.55,,5000,55,4,13,2012,신규,26.07~28.07,,,,,
동작구,11590,대방동,202606,연립다세대_전월세,스타노블레스,대방동,402-2,14.43,,14000,31,7,18,2022,갱신,26.07~28.07,15000.0,27.0,,,
동작구,11590,대방동,202606,연립다세대_전월세,the완우빌,대방동,391-33,29.05,,3127,36,4,22,2022,갱신,26.07~28.06,3269.0,34.0,,,
동작구,11590,신대방동,202606,연립다세대_전월세,(696-18),신대방동,696-18,22.26,,2000,58,4,20,2020,신규,26.06~28.06,,,,,
동작구,11590,상도동,202606,연립다세대_전월세,SUNHOUSE(303-0),상도동,303,17.22,,15000,0,3,17,2013,신규,26.07~28.07,,,,,
동작구,11590,대방동,202606,연립다세대_전월세,더퍼스트안B동,대방동,391-569,29.96,,23000,20,4,20,2016,신규,26.08~28.08,,,,,
동작구,11590,사당동,202606,연립다세대_전월세,신호부,사당동,279-25,45.18,,30000,0,2,13,2013,신규,26.08~28.08,,,,,
동작구,11590,상도동,202606,연립다세대_전월세,(259-21),상도동,259-21,39.88,,14000,0,1,18,1986,신규,26.07~28.07,,,,,
동작구,11590,상도동,202606,연립다세대_전월세,구립약수경로당행복주택복합시설,상도동,211-438,20.32,,4055,14,5,22,2020,갱신,26.07~28.06,3862.0,14.0,,,
동작구,11590,상도동,202606,연립다세대_전월세,현대드림맨션,상도동,1-14,56.556,,5000,150,3,9,2016,신규,26.06~28.06,,,,,
동작구,11590,사당동,202606,연립다세대_전월세,은행(285-34),사당동,285-34,65.79,,7000,30,-1,20,1979,신규,26.08~28.08,,,,,
동작구,11590,상도동,202606,연립다세대_전월세,소살리토상도,상도동,244-267,39.25,,2089,21,3,22,2020,갱신,26.07~28.06,1682.0,22.0,,,
동작구,11590,사당동,202606,연립다세대_전월세,(1006-17),사당동,1006-17,49.79,,31000,20,2,21,1996,신규,26.06~28.06,,,,,
동작구,11590,상도동,202606,연립다세대_전월세,이레아트빌9차(314-32),상도동,314-32,46.4,,2400,0,4,22,2014,신규,26.08~28.08,,,,,
동작구,11590,상도동,202606,연립다세대_전월세,이레아트빌9차(314-32),상도동,314-32,46.4,,37800,0,4,22,2014,신규,26.08~28.08,,,,,
동작구,11590,상도동,202606,연립다세대_전월세,주원베르빌102,상도동,294-80,28.95,,5000,110,4,6,2018,신규,26.06~28.06,,,,,
동작구,11590,사당동,202606,연립다세대_전월세,해현,사당동,1048-56,24.68,,4000,104,3,8,2023,신규,26.07~28.07,,,,,
동작구,11590,상도동,202606,연립다세대_전월세,용선아트빌,상도동,17-59,13.2,,1000,60,2,6,2013,신규,26.06~27.06,,,,,
동작구,11590,상도동,202606,연립다세대_전월세,갤러리하우스2,상도동,303-16,66.63,,30450,0,4,19,2002,갱신,26.06~28.06,29000.0,,사용,,
동작구,11590,신대방동,202606,연립다세대_전월세,파크씨티,신대방동,342-35,13.275,,500,44,2,11,2013,신규,26.07~28.07,,,,,
동작구,11590,상도동,202606,연립다세대_전월세,STUDIO상도15,상도동,214-61,27,,6375,15,3,19,2019,갱신,26.07~28.06,2614.0,34.0,,,
동작구,11590,상도동,202606,연립다세대_전월세,정도주택,상도동,299-140,41.13,,1359,37,5,18,2023,갱신,26.07~28.06,3096.0,32.0,,,
동작구,11590,상도1동,202606,연립다세대_전월세,방주샬롬(324-10),상도1동,324-10,37.28,,16000,0,4,12,1996,신규,26.10~28.10,,,,,
동작구,11590,상도동,202606,연립다세대_전월세,정도주택,상도동,299-140,33.35,,5525,12,4,18,2023,갱신,26.07~28.06,2574.0,27.0,,,
동작구,11590,노량진동,202606,연립다세대_전월세,유성빌라,노량진동,221-24,53.72,,27000,0,4,18,1999,신규,26.07~28.07,,,,,
동작구,11590,대방동,202606,연립다세대_전월세,메종드보아,대방동,23-16,59.67,,28850,0,3,13,2002,갱신,26.06~28.06,27500.0,,사용,,
동작구,11590,사당동,202606,연립다세대_전월세,옥스나드,사당동,419-132,21.79,,1000,76,2,13,2019,신규,26.06~28.06,,,,,
동작구,11590,대방동,202606,연립다세대_전월세,성진파크빌,대방동,415-1,55.62,,30000,20,2,13,2003,신규,26.06~28.06,,,,,
동작구,11590,상도1동,202606,연립다세대_전월세,한준아트빌,상도1동,455-5,24.09,,2000,55,4,2,2012,신규,26.08~27.07,,,,,
동작구,11590,상도동,202606,연립다세대_전월세,상도훼밀리(214-31),상도동,214-31,51.03,,17000,0,1,15,1993,신규,26.07~28.07,,,,,
동작구,11590,사당동,202606,연립다세대_전월세,선영나동,사당동,180-19,41.39,,19000,0,1,18,1988,갱신,26.07~28.07,18000.0,,,,
동작구,11590,상도동,202606,연립다세대_전월세,이에스하임7차A동,상도동,212-101,29.88,,25000,0,2,18,2018,신규,26.09~28.09,,,,,
동작구,11590,상도동,202606,연립다세대_전월세,천수빌라C동,상도동,299-246,24.36,,9000,30,3,17,1992,신규,26.07~28.07,,,,,
동작구,11590,동작동,202606,연립다세대_전월세,대원그린빌라,동작동,102-13,111.75,,20000,120,3,12,1993,신규,26.08~28.08,,,,,
동작구,11590,사당동,202606,연립다세대_전월세,현대빌라(1003-35),사당동,1003-35,84.82,,2000,94,-1,12,1997,갱신,26.06~28.06,2000.0,90.0,,,
동작구,11590,상도1동,202606,연립다세대_전월세,금호파크빌라,상도1동,326-2,62.13,,25000,35,1,17,2001,갱신,26.11~28.11,25000.0,30.0,사용,,
동작구,11590,상도동,202606,연립다세대_전월세,동원빌라(210-2),상도동,210-2,56.54,,22600,25,1,15,2003,신규,26.08~28.08,,,,,
동작구,11590,사당동,202606,연립다세대_전월세,STUDIO사당16,사당동,183-14,28.5,,2209,23,5,17,2021,갱신,26.07~28.06,2126.0,22.0,,,
동작구,11590,대방동,202606,연립다세대_전월세,보라매웨스트빌,대방동,415-55,12.02,,8000,3,2,10,2011,갱신,26.07~27.07,8000.0,2.0,,,
동작구,11590,신대방동,202606,연립다세대_전월세,엘리시아,신대방동,348-115,37.73,,10050,35,4,17,2014,갱신,26.07~27.07,10050.0,35.0,,,
동작구,11590,대방동,202606,연립다세대_전월세,디안,대방동,402-22,23.35,,19000,75,4,16,2016,신규,26.07~28.07,,,,,
동작구,11590,사당동,202606,연립다세대_전월세,267-4,사당동,267-4,25.74,,2100,74,5,6,2020,갱신,26.08~27.08,2100.0,71.0,,,
동작구,11590,상도1동,202606,연립다세대_전월세,미르하우스(450-2),상도1동,450-2,15.8,,1000,61,2,15,2012,신규,26.08~28.08,,,,,
동작구,11590,상도동,202606,연립다세대_전월세,드림펠리스,상도동,366-12,19.41,,13356,8,4,6,2012,신규,26.07~28.07,,,,,
동작구,11590,사당동,202606,연립다세대_전월세,정화,사당동,178-6,51.34,,5000,68,3,12,1998,신규,26.07~28.07,,,,,
동작구,11590,상도동,202606,연립다세대_전월세,동양스마트빌,상도동,324-23,14.308,,500,60,6,6,2012,신규,26.06~28.06,,,,,
동작구,11590,상도동,202606,연립다세대_전월세,두성빌라트(279-82),상도동,279-82,64.75,,11000,45,1,17,2000,신규,26.07~28.07,,,,,
동작구,11590,상도동,202606,연립다세대_전월세,(238-13),상도동,238-13,93.55,,12000,0,1,17,1980,신규,26.09~28.09,,,,,
동작구,11590,상도동,202606,연립다세대_전월세,스타펠리스,상도동,159-31,27.86,,27000,15,4,16,2024,신규,26.07~28.07,,,,,
동작구,11590,노량진동,202606,연립다세대_전월세,한강하이츠빌라5,노량진동,205-37,103.97,,5000,150,1,16,1997,갱신,26.06~28.06,5000.0,84.0,,,
동작구,11590,대방동,202606,연립다세대_전월세,팰리스타운(411-4),대방동,411-4,19.63,,17800,3,5,17,2017,갱신,26.08~28.08,17800.0,,,,
동작구,11590,상도1동,202606,연립다세대_전월세,지훈빌라,상도1동,482-2,71.2,,0,25,2,9,1992,신규,26.06~27.06,,,,,
동작구,11590,대방동,202606,연립다세대_전월세,메종드보아,대방동,23-16,52.83,,30450,0,3,15,2002,갱신,26.06~28.06,29000.0,,사용,,
동작구,11590,사당동,202606,연립다세대_전월세,(284-38),사당동,284-38,29.64,,1000,93,2,3,2018,신규,26.06~28.06,,,,,
동작구,11590,상도동,202606,연립다세대_전월세,청송쉐르빌,상도동,299-47,75.24,,30000,30,4,16,2002,신규,26.09~28.09,,,,,
동작구,11590,상도동,202606,연립다세대_전월세,상도더하임,상도동,299-42,50.72,,40000,0,4,17,2022,갱신,26.07~28.07,40000.0,,,,
동작구,11590,본동,202606,연립다세대_전월세,(49-16),본동,49-16,16.5,,500,50,-1,15,2015,신규,26.06~28.06,,,,,
동작구,11590,상도1동,202606,연립다세대_전월세,더라빌,상도1동,450-7,24.47,,3000,120,4,13,2023,신규,26.08~27.08,,,,,
동작구,11590,사당동,202606,연립다세대_전월세,명성힐하우스가동,사당동,449-17,82.18,,38000,0,3,9,2002,갱신,26.06~28.06,37100.0,,,,
동작구,11590,대방동,202606,연립다세대_전월세,메종드보아,대방동,23-16,59.67,,28850,0,3,13,2002,갱신,26.06~28.06,27500.0,,,,
동작구,11590,상도동,202606,연립다세대_전월세,STUDIO상도14,상도동,279-63,25.9,,4933,23,3,16,2021,갱신,26.07~28.06,1687.0,17.0,,,
동작구,11590,상도동,202606,연립다세대_전월세,정도주택,상도동,299-140,29.97,,5119,11,4,16,2023,갱신,26.07~28.06,2385.0,25.0,,,
동작구,11590,흑석동,202606,연립다세대_전월세,흑석빌리지,흑석동,186-72,57.51,,1000,73,1,3,2017,신규,26.08~28.08,,,,,
동작구,11590,사당동,202606,연립다세대_전월세,스튜디오사당19,사당동,314-12,29.85,,4947,11,5,16,2021,갱신,26.07~28.06,3306.0,34.0,,,
동작구,11590,상도동,202606,연립다세대_전월세,골든빌라,상도동,126-35,38.98,,15600,0,4,16,1997,신규,26.07~28.07,,,,,
동작구,11590,대방동,202606,연립다세대_전월세,디안,대방동,402-22,23.35,,19000,75,4,16,2016,신규,26.07~28.07,,,,,
동작구,11590,사당동,202606,연립다세대_전월세,신영에코빌,사당동,426-1,60.21,,32300,0,2,15,2009,갱신,26.06~28.06,32300.0,,사용,,
동작구,11590,대방동,202606,연립다세대_전월세,메종드보아,대방동,23-16,52.83,,30450,0,3,15,2002,갱신,26.06~28.06,29000.0,,사용,,
동작구,11590,상도동,202606,연립다세대_전월세,지오빌,상도동,279-223,36.35,,1256,20,2,16,2015,갱신,26.07~28.06,2864.0,16.0,,,
동작구,11590,상도동,202606,연립다세대_전월세,정도주택,상도동,299-140,29.52,,4009,16,3,16,2023,갱신,26.07~28.06,2322.0,24.0,,,
동작구,11590,상도동,202606,연립다세대_전월세,인성주택가동,상도동,244-351,33.05,,13000,0,1,10,1986,갱신,26.07~28.07,11000.0,,,,
동작구,11590,상도동,202606,연립다세대_전월세,정도주택,상도동,299-140,29.92,,5061,11,3,16,2023,갱신,26.07~28.06,2358.0,24.0,,,
동작구,11590,신대방동,202606,연립다세대_전월세,아르떼빌(364-4),신대방동,364-4,29.08,,3000,100,5,14,2015,신규,26.09~28.09,,,,,
동작구,11590,상도동,202606,연립다세대_전월세,청운맨션,상도동,303-23,18.11,,2000,62,2,11,2017,신규,26.06~28.06,,,,,
동작구,11590,상도동,202606,연립다세대_전월세,정도주택,상도동,299-140,29.99,,5119,11,4,16,2023,갱신,26.07~28.06,2385.0,25.0,,,
동작구,11590,상도동,202606,연립다세대_전월세,미성해드림(244-140),상도동,244-140,59.97,,30000,0,3,12,2013,신규,26.09~28.09,,,,,
동작구,11590,대방동,202606,연립다세대_전월세,제이하우스,대방동,391-310,29.82,,27500,0,2,13,2018,갱신,26.07~28.07,27500.0,,,,
동작구,11590,사당동,202606,연립다세대_전월세,구립학수경로당행복주택복합시설,사당동,177-1,20.85,,5372,22,2,16,2020,신규,26.07~28.09,,,,,
동작구,11590,사당동,202606,연립다세대_전월세,(244-1),사당동,244-1,18.72,,1000,52,3,6,2009,신규,26.06~28.06,,,,,
동작구,11590,상도동,202606,연립다세대_전월세,푸른숲하우스(301-206),상도동,301-206,43.45,,20000,19,3,7,2016,신규,26.07~28.07,,,,,
동작구,11590,사당동,202606,연립다세대_전월세,BRICK9,사당동,1027-11,27.56,,24800,10,5,15,2017,신규,26.07~28.07,,,,,
동작구,11590,대방동,202606,연립다세대_전월세,스타노블레스,대방동,402-2,11.28,,5000,45,5,13,2022,신규,26.07~28.07,,,,,
동작구,11590,상도동,202606,연립다세대_전월세,보람빌리지,상도동,290-16,64.09,,5000,120,4,13,2009,신규,26.06~28.06,,,,,
동작구,11590,대방동,202606,연립다세대_전월세,스타노블레스,대방동,402-2,11.28,,5000,45,5,13,2022,신규,26.07~28.07,,,,,
동작구,11590,상도동,202606,연립다세대_전월세,다나네스트빌(7-91),상도동,7-91,45.69,,20000,40,4,15,2008,갱신,26.07~28.07,20000.0,35.0,,,
동작구,11590,대방동,202606,연립다세대_전월세,보라매이스트빌,대방동,415-57,12.19,,1000,22,3,13,2011,신규,26.06~28.06,,,,,
동작구,11590,사당동,202606,연립다세대_전월세,정원빌,사당동,128-1,22.9,,10000,23,5,13,2012,갱신,26.08~28.08,10000.0,20.0,사용,,
동작구,11590,상도동,202606,연립다세대_전월세,상신빌라,상도동,464-8,83.64,,32000,20,3,13,1985,신규,26.09~28.09,,,,,
동작구,11590,상도동,202606,연립다세대_전월세,코너스톤,상도동,283-119,29.57,,4000,85,1,15,2019,신규,26.06~28.06,,,,,
동작구,11590,사당동,202606,연립다세대_전월세,낙천파크빌,사당동,175-4,35.82,,16000,0,4,13,2008,신규,26.08~28.08,,,,,
동작구,11590,신대방동,202606,연립다세대_전월세,드림타운빌,신대방동,367-65,58.08,,36200,5,2,14,2020,신규,26.07~28.07,,,,,
동작구,11590,상도1동,202606,연립다세대_전월세,스카이,상도1동,491-5,17.06,,14300,0,3,12,2013,신규,26.08~28.08,,,,,
동작구,11590,사당동,202606,연립다세대_전월세,한백리츠빌(419-46),사당동,419-46,38.38,,29200,0,2,12,2019,신규,26.07~28.07,,,,,
동작구,11590,사당동,202606,연립다세대_전월세,구립학수경로당행복주택복합시설,사당동,177-1,20.85,,5372,22,3,14,2020,신규,26.07~28.09,,,,,
동작구,11590,사당동,202606,연립다세대_전월세,진영빌라,사당동,219,33.33,,11000,15,-1,6,1992,신규,26.07~28.07,,,,,
동작구,11590,상도동,202606,연립다세대_전월세,상도빌라(279-443),상도동,279-443,50.16,,13120,0,2,2,1991,갱신,26.06~28.06,13120.0,,,,
동작구,11590,상도동,202606,연립다세대_전월세,홈인레지던스,상도동,28-4,15.4,,500,48,3,11,2013,신규,26.06~27.06,,,,,
동작구,11590,상도동,202606,연립다세대_전월세,드림캐슬(33-6),상도동,33-6,28.66,,27500,0,2,5,2016,갱신,26.07~28.07,26000.0,,,,
동작구,11590,사당동,202606,연립다세대_전월세,명호하이츠,사당동,419-145,41.71,,18900,18,1,12,1992,갱신,26.08~28.08,18900.0,14.0,사용,,
동작구,11590,사당동,202606,연립다세대_전월세,명호하이츠,사당동,419-145,41.71,,18900,18,1,12,1992,갱신,26.08~28.08,18900.0,14.0,사용,,
동작구,11590,대방동,202606,연립다세대_전월세,르미에빌딩,대방동,353-18,51.82,,36000,23,3,10,2019,갱신,26.07~28.07,36000.0,9.0,사용,,
동작구,11590,상도1동,202606,연립다세대_전월세,(326-4),상도1동,326-4,36.6,,2000,95,1,2,1987,신규,26.07~28.07,,,,,
동작구,11590,사당동,202606,연립다세대_전월세,마인라움,사당동,419-99,18.15,,3000,53,2,12,2017,신규,26.06~28.06,,,,,
동작구,11590,상도동,202606,연립다세대_전월세,대흥미소가24차,상도동,210-41,28.25,,20000,30,2,6,2017,갱신,26.07~28.07,20000.0,25.0,사용,,
동작구,11590,사당동,202606,연립다세대_전월세,STUDIO사당16,사당동,183-14,31.35,,7031,31,5,12,2021,갱신,26.07~28.06,2362.0,24.0,,,
동작구,11590,상도동,202606,연립다세대_전월세,청명에버빌,상도동,210-176,39.56,,20500,0,3,6,2012,갱신,26.07~28.07,20500.0,,,,
동작구,11590,대방동,202606,연립다세대_전월세,디하우스,대방동,11-24,20.03,,5000,50,2,2,2012,신규,26.08~28.08,,,,,
동작구,11590,상도동,202606,연립다세대_전월세,세이프빌,상도동,159-42,28.95,,8000,70,2,10,2019,신규,26.08~28.08,,,,,
동작구,11590,상도동,202606,연립다세대_전월세,백호빌,상도동,359-33,18.24,,8000,0,2,10,2012,갱신,26.06~28.06,3000.0,,,,
동작구,11590,사당동,202606,연립다세대_전월세,구립학수경로당행복주택복합시설,사당동,177-1,20.76,,5372,22,2,12,2020,신규,26.07~28.09,,,,,
동작구,11590,상도동,202606,연립다세대_전월세,정도주택,상도동,299-140,29.52,,4887,10,2,12,2023,갱신,26.07~28.06,2277.0,23.0,,,
동작구,11590,사당동,202606,연립다세대_전월세,(278-96),사당동,278-96,16.8,,8000,9,3,11,2013,갱신,26.08~28.08,10000.0,,,,
동작구,11590,상도동,202606,연립다세대_전월세,강남캐슬(264-42),상도동,264-42,69.85,,35000,0,3,10,2014,갱신,26.07~28.07,28500.0,,,,
동작구,11590,사당동,202606,연립다세대_전월세,메종슈에뜨이수,사당동,1007-13,29.97,,20000,102,12,5,2020,신규,26.09~28.09,,,,,
동작구,11590,신대방동,202606,연립다세대_전월세,보아스원빌,신대방동,360-107,117.96,,29000,30,5,5,2003,갱신,26.06~28.06,29000.0,30.0,,,
동작구,11590,상도동,202606,연립다세대_전월세,강호빌리지,상도동,279-397,29.74,,20500,0,5,11,2017,신규,26.08~28.08,,,,,
동작구,11590,대방동,202606,연립다세대_전월세,참존빌리지,대방동,410-11,25.81,,23000,0,3,8,2013,신규,26.08~28.08,,,,,
동작구,11590,상도1동,202606,연립다세대_전월세,늘품명가,상도1동,483-13,14.02,,1000,65,5,10,2012,신규,26.07~28.06,,,,,
동작구,11590,상도동,202606,연립다세대_전월세,노블레스,상도동,203-29,29.31,,23000,0,2,10,2018,신규,26.08~28.08,,,,,
동작구,11590,사당동,202606,연립다세대_전월세,(141-66),사당동,141-66,50.46,,10000,65,2,10,1995,갱신,26.07~28.07,10000.0,60.0,사용,,
동작구,11590,사당동,202606,연립다세대_전월세,316-272,사당동,316-272,43.95,,5000,68,3,6,2015,신규,26.07~28.07,,,,,
동작구,11590,대방동,202606,연립다세대_전월세,칸타빌레대방(405-4),대방동,405-4,21.88,,6000,62,9,9,2014,갱신,26.06~27.03,8000.0,52.0,사용,,
동작구,11590,상도동,202606,연립다세대_전월세,영산아트빌라,상도동,56-102,41.01,,10000,50,1,6,1992,신규,26.07~28.07,,,,,
동작구,11590,상도동,202606,연립다세대_전월세,카렌시아B동,상도동,201-129,19.63,,24000,17,1,10,2022,갱신,26.07~28.07,24000.0,12.0,,,
동작구,11590,상도동,202606,연립다세대_전월세,강남캐슬(264-42),상도동,264-42,69.85,,35050,0,3,10,2014,갱신,26.06~28.06,35000.0,,,,
동작구,11590,사당동,202606,연립다세대_전월세,삼성타운,사당동,1033-26,29.19,,26000,10,4,3,2017,신규,26.07~28.07,,,,,
동작구,11590,사당동,202606,연립다세대_전월세,(141-236),사당동,141-236,23.36,,5000,50,1,2,1986,신규,26.06~28.06,,,,,
동작구,11590,상도동,202606,연립다세대_전월세,다나네스트빌(279-430),상도동,279-430,56.16,,17300,0,3,9,2008,갱신,26.06~28.06,16500.0,,,,
동작구,11590,상도1동,202606,연립다세대_전월세,MAIBAUM원룸,상도1동,645-5,15.4,,1000,75,4,9,2011,갱신,26.08~27.08,1000.0,73.0,,,
동작구,11590,대방동,202606,연립다세대_전월세,원하우스,대방동,391-216,25.92,,3652,15,4,10,2021,갱신,26.07~28.06,2138.0,22.0,,,
동작구,11590,사당동,202606,연립다세대_전월세,대흥미소가,사당동,316-257,66.28,,29000,25,5,9,2011,신규,26.07~28.07,,,,,
동작구,11590,상도동,202606,연립다세대_전월세,강남캐슬(264-42),상도동,264-42,69.85,,35050,0,3,10,2014,갱신,26.06~28.06,35000.0,,,,
동작구,11590,사당동,202606,연립다세대_전월세,(446-38),사당동,446-38,31.14,,22000,0,2,10,2012,갱신,26.07~28.07,2000.0,76.0,,,
동작구,11590,사당동,202606,연립다세대_전월세,로얄팰리스,사당동,230-19,29.91,,30000,0,3,9,2016,신규,26.07~28.07,,,,,
동작구,11590,상도동,202606,연립다세대_전월세,영산아트빌라,상도동,56-102,41.01,,10000,50,1,6,1992,신규,26.07~28.07,,,,,
동작구,11590,상도동,202606,연립다세대_전월세,에그리나(256-31),상도동,256-31,43.39,,500,30,4,8,2015,신규,26.06~28.06,,,,,
동작구,11590,대방동,202606,연립다세대_전월세,제이하우스,대방동,391-310,29.82,,25700,12,5,9,2018,신규,26.08~28.08,,,,,
동작구,11590,사당동,202606,연립다세대_전월세,신성빌라,사당동,303-171,60.78,,8400,0,1,6,2007,신규,26.06~28.06,,,,,
동작구,11590,상도동,202606,연립다세대_전월세,강남빌(243-4),상도동,243-4,44.825,,36500,0,3,9,2022,갱신,26.08~28.08,35500.0,,사용,,
동작구,11590,상도동,202606,연립다세대_전월세,동양스마트빌,상도동,324-23,14.203,,1000,58,5,6,2012,신규,26.06~27.06,,,,,
동작구,11590,상도1동,202606,연립다세대_전월세,(774-1),상도1동,774-1,13.02,,1000,60,3,8,2012,신규,26.06~27.06,,,,,
동작구,11590,신대방동,202606,연립다세대_전월세,한가람타운,신대방동,366-251,31.5,,27000,0,2,8,2018,신규,26.08~28.08,,,,,
동작구,11590,상도1동,202606,연립다세대_전월세,천일빌라(659-0),상도1동,659,70.38,,15000,115,4,6,1998,신규,26.06~28.06,,,,,
동작구,11590,본동,202606,연립다세대_전월세,한강빌라트,본동,47-40,44.06,,26250,0,3,9,2003,갱신,26.06~28.06,25000.0,,사용,,
동작구,11590,사당동,202606,연립다세대_전월세,지산빌,사당동,431-7,70.3,,10000,100,5,6,2007,신규,26.09~28.09,,,,,
동작구,11590,대방동,202606,연립다세대_전월세,대방빌리지(335-26),대방동,335-26,29.86,,27000,0,2,5,2017,갱신,26.06~28.06,27000.0,,,,
동작구,11590,상도동,202606,연립다세대_전월세,현진빌라(221-1),상도동,221-1,68.94,,35000,0,2,8,1984,신규,26.08~28.08,,,,,
동작구,11590,상도동,202606,연립다세대_전월세,드림캐슬(33-6),상도동,33-6,40.62,,34000,0,5,8,2016,갱신,26.06~28.06,32500.0,,,,
동작구,11590,상도동,202606,연립다세대_전월세,정원캐슬,상도동,236-24,28.23,,21000,0,3,5,2013,갱신,26.06~28.06,20000.0,,사용,,
동작구,11590,사당동,202606,연립다세대_전월세,동건3차아트빌,사당동,1033-7,47.53,,37000,0,4,5,2002,신규,26.06~28.06,,,,,
동작구,11590,상도동,202606,연립다세대_전월세,청도하이츠빌라,상도동,302-48,64.32,,22000,65,2,6,1991,신규,26.07~28.07,,,,,
동작구,11590,상도동,202606,연립다세대_전월세,라온포레,상도동,159-260,49.26,,40000,35,2,6,2023,신규,26.08~28.08,,,,,
동작구,11590,사당동,202606,연립다세대_전월세,스포텍리젠빌A,사당동,220-22,67.23,,10000,0,2,1,2003,신규,26.06~28.06,,,,,
동작구,11590,사당동,202606,연립다세대_전월세,(244-1),사당동,244-1,16.67,,1000,53,2,7,2009,신규,26.06~28.06,,,,,
동작구,11590,상도동,202606,연립다세대_전월세,해뜨는집(7-7),상도동,7-7,65.57,,300,31,1,8,2017,신규,26.06~27.06,,,,,
동작구,11590,상도동,202606,연립다세대_전월세,노블시티(188-23),상도동,188-23,40.09,,30450,0,2,8,2017,갱신,26.07~28.07,29000.0,,사용,,
동작구,11590,사당동,202606,연립다세대_전월세,(419-120),사당동,419-120,14.16,,3000,50,2,4,2015,신규,26.06~28.06,,,,,
동작구,11590,사당동,202606,연립다세대_전월세,사당하이빌,사당동,446-146,37.16,,23600,0,2,5,2008,갱신,26.07~28.07,22500.0,,사용,,
동작구,11590,상도동,202606,연립다세대_전월세,상도드림빌(291-5),상도동,291-5,55.62,,24000,10,2,8,2008,갱신,26.06~28.06,22900.0,5.0,,,
동작구,11590,상도동,202606,연립다세대_전월세,삼성하이츠(223-14),상도동,223-14,40.07,,27500,10,2,5,2017,신규,26.07~28.07,,,,,
동작구,11590,상도동,202606,연립다세대_전월세,금산빌,상도동,356-110,29.87,,9000,60,3,6,2016,신규,26.08~27.08,,,,,
동작구,11590,상도동,202606,연립다세대_전월세,초원하이츠빌라,상도동,210-62,46.8,,14300,40,-1,8,1991,신규,26.09~28.09,,,,,
동작구,11590,신대방동,202606,연립다세대_전월세,뉴스토리라움,신대방동,344-138,27.67,,23000,0,4,8,2017,신규,26.06~28.06,,,,,
동작구,11590,상도동,202606,연립다세대_전월세,드림펠리스,상도동,366-12,19.41,,13356,8,4,6,2012,신규,26.07~28.07,,,,,
동작구,11590,사당동,202606,연립다세대_전월세,감나무,사당동,316-204,40.41,,5500,72,1,6,2011,신규,26.07~28.06,,,,,
동작구,11590,사당동,202606,연립다세대_전월세,아우름타운,사당동,278-33,40.2,,18000,45,3,6,2008,신규,26.07~28.07,,,,,
동작구,11590,사당동,202606,연립다세대_전월세,더존예가,사당동,300-37,29.96,,26000,0,2,5,2017,신규,26.07~28.07,,,,,
동작구,11590,대방동,202606,연립다세대_전월세,(391-210),대방동,391-210,25.63,,12000,0,2,6,2002,신규,26.08~28.08,,,,,
동작구,11590,대방동,202606,연립다세대_전월세,태성팰리스,대방동,387-5,29.87,,18000,0,2,3,2016,신규,26.06~28.06,,,,,
동작구,11590,상도동,202606,연립다세대_전월세,대흥미소가19차,상도동,210-103,35.44,,26500,0,2,5,2016,신규,26.07~28.07,,,,,
동작구,11590,사당동,202606,연립다세대_전월세,(419-120),사당동,419-120,14.72,,3400,38,2,4,2015,신규,26.06~28.06,,,,,
동작구,11590,상도동,202606,연립다세대_전월세,상도힐,상도동,159-223,27.68,,12600,3,2,4,2017,신규,26.08~28.08,,,,,
동작구,11590,사당동,202606,연립다세대_전월세,사당동다세대주택,사당동,1017-23,45.06,,17000,70,3,4,2002,신규,26.08~28.08,,,,,
동작구,11590,사당동,202606,연립다세대_전월세,(57-11),사당동,57-11,42.08,,700,37,5,3,2015,신규,26.06~28.06,,,,,
동작구,11590,상도동,202606,연립다세대_전월세,센터포인트상도,상도동,211-481,25.64,,20000,0,2,4,2020,신규,26.06~28.06,,,,,
동작구,11590,사당동,202606,연립다세대_전월세,(419-120),사당동,419-120,14.72,,3400,38,2,4,2015,신규,26.06~28.06,,,,,
동작구,11590,상도1동,202606,연립다세대_전월세,상도센트레빌,상도1동,665-6,13.32,,8000,40,-1,5,2010,신규,26.06~28.02,,,,,
동작구,11590,상도동,202606,연립다세대_전월세,일오삼빌,상도동,305-2,40.08,,29300,0,2,4,2016,갱신,26.06~28.06,28500.0,,,,
동작구,11590,사당동,202606,연립다세대_전월세,남광쉐르빌(239-7),사당동,239-7,32.84,,4000,47,5,2,2014,신규,26.06~28.06,,,,,
동작구,11590,사당동,202606,연립다세대_전월세,청목레스빌,사당동,59-13,65.06,,26802,0,2,3,2004,갱신,26.06~28.06,25526.0,,,,
동작구,11590,사당동,202606,연립다세대_전월세,사당동다세대주택,사당동,1017-23,45.06,,17000,70,3,4,2002,신규,26.08~28.08,,,,,
동작구,11590,노량진동,202606,연립다세대_전월세,대하주택D,노량진동,84-34,36.13,,17000,0,2,2,1986,신규,26.08~28.08,,,,,
동작구,11590,상도동,202606,연립다세대_전월세,광채빌라,상도동,335-155,42.62,,4023,41,3,2,2024,신규,26.06~28.08,,,,,
동작구,11590,상도동,202606,연립다세대_전월세,미소가B동(244-254),상도동,244-254,29.94,,24600,0,3,3,2018,갱신,26.07~28.07,23500.0,,사용,,
동작구,11590,상도동,202606,연립다세대_전월세,서정쉐르빌,상도동,159-322,48.83,,35000,0,3,3,2015,신규,26.10~28.10,,,,,
동작구,11590,상도동,202606,연립다세대_전월세,원진빌라,상도동,211-371,29.06,,13000,0,4,2,1991,갱신,26.07~28.07,11050.0,,,,
동작구,11590,상도동,202606,연립다세대_전월세,로즈힐스,상도동,470-12,54.06,,24300,0,4,1,2008,신규,26.08~28.08,,,,,
동작구,11590,상도동,202606,연립다세대_전월세,에브라임Vill,상도동,210-243,44.54,,27000,0,4,1,2016,신규,26.07~28.07,,,,,
동작구,11590,상도동,202606,연립다세대_전월세,미소가(282-7),상도동,282-7,29.81,,3000,100,5,1,2022,신규,26.07~27.06,,,,,
동작구,11590,사당동,202606,아파트_전월세,대림(169-8),사당동,169-8,59.67,,30000,110,7,6,1990,,,,,,,
동작구,11590,본동,202606,아파트_전월세,래미안트윈파크,본동,494,84.94,,50000,200,11,18,2011,,,,,,,
동작구,11590,노량진동,202606,아파트_전월세,신동아리버파크,노량진동,325,59.67,,41200,0,12,10,2001,,,,,,,
동작구,11590,사당동,202606,아파트_전월세,제일,사당동,240-15,60.03,,39900,0,8,6,1987,,,,,,,
동작구,11590,상도동,202606,아파트_전월세,래미안상도3차,상도동,431,59.97,,67000,0,3,25,2004,,,,,,,
동작구,11590,본동,202606,아파트_전월세,한신휴플러스,본동,487,84.84,,63000,0,17,15,2004,,,,,,,
동작구,11590,사당동,202606,아파트_전월세,경남아너스빌1차,사당동,1134,84.98,,60000,0,12,28,1997,,,,,,,
동작구,11590,사당동,202606,아파트_전월세,사당자이,사당동,1139,84.49,,68000,0,6,20,1999,,,,,,,
동작구,11590,상도동,202606,아파트_전월세,상도동래미안1차,상도동,450,84.959,,74000,0,5,20,2004,,,,,,,
동작구,11590,사당동,202606,아파트_전월세,래미안로이파크,사당동,1159,84.98,,97000,0,15,10,2018,,,,,,,
동작구,11590,대방동,202606,아파트_전월세,대림아파트,대방동,501,59.84,,65000,0,3,6,1993,,,,,,,
동작구,11590,흑석동,202606,아파트_전월세,흑석한강푸르지오,흑석동,336,84.98,,70000,60,1,6,2012,,,,,,,
동작구,11590,사당동,202606,아파트_전월세,삼성래미안,사당동,1133,60.739,,60900,0,11,6,2003,,,,,,,
동작구,11590,사당동,202606,아파트_전월세,삼익그린뷰,사당동,1150,109.6954,,57500,0,4,4,2003,,,,,,,
동작구,11590,노량진동,202606,아파트_전월세,신동아리버파크,노량진동,325,59.67,,42000,0,8,1,2001,,,,,,,
동작구,11590,동작동,202606,아파트_전월세,이수스위첸포레힐즈,동작동,102,84.95,,40000,180,2,25,2022,갱신,26.06~27.10,40000.0,160.0,,,
동작구,11590,상도동,202606,아파트_전월세,약수맨션,상도동,211-1,131.5,,63000,0,10,10,1980,신규,26.09~28.09,,,,,
동작구,11590,상도동,202606,아파트_전월세,아이파크,상도동,416,84.96,,40000,0,7,30,2004,갱신,26.07~28.06,30000.0,,,,
동작구,11590,상도동,202606,아파트_전월세,힐스테이트 상도 센트럴파크,상도동,531,84.7835,,89000,0,5,13,2012,신규,26.08~28.08,,,,,
동작구,11590,사당동,202606,아파트_전월세,사당자이,사당동,1139,84.49,,68000,0,6,20,1999,신규,26.08~28.08,,,,,
동작구,11590,사당동,202606,아파트_전월세,제일,사당동,240-15,60.03,,43000,0,9,20,1987,갱신,26.09~28.09,36350.0,,,,
동작구,11590,상도동,202606,아파트_전월세,상도푸르지오클라베뉴,상도동,906,84.6246,,71000,0,13,13,2024,갱신,26.08~28.08,68000.0,,사용,,
동작구,11590,사당동,202606,아파트_전월세,사당롯데캐슬골든포레,사당동,1160,84.9824,,79000,0,12,27,2021,갱신,26.09~28.09,75000.0,,,,
동작구,11590,사당동,202606,아파트_전월세,이수푸르지오더프레티움,사당동,1161,51.9683,,73000,0,6,23,2021,신규,26.08~28.08,,,,,
동작구,11590,상도동,202606,아파트_전월세,상도파크자이,상도동,900,71.252,,90000,0,13,26,2016,신규,26.10~28.10,,,,,
동작구,11590,신대방동,202606,아파트_전월세,우성1차,신대방동,565,66.69,,30000,80,7,27,1988,신규,26.08~28.08,,,,,
동작구,11590,흑석동,202606,아파트_전월세,명수대,흑석동,97-2,85.95,,45000,0,4,15,1976,갱신,26.06~28.06,30000.0,,,,
동작구,11590,사당동,202606,아파트_전월세,사당자이,사당동,1139,60,,30000,110,24,12,1999,신규,26.09~28.09,,,,,
동작구,11590,본동,202606,아파트_전월세,신동아,본동,481,46.75,,36000,0,10,13,1993,갱신,26.08~28.08,36000.0,,사용,,
동작구,11590,사당동,202606,아파트_전월세,래미안로이파크,사당동,1159,59.98,,70000,60,6,13,2018,갱신,26.07~28.07,70000.0,,,,
동작구,11590,사당동,202606,아파트_전월세,이수푸르지오더프레티움,사당동,1161,51.9683,,73000,0,6,23,2021,신규,26.08~28.08,,,,,
동작구,11590,흑석동,202606,아파트_전월세,청호,흑석동,327,59.85,,10000,140,3,11,1997,신규,26.08~28.08,,,,,
동작구,11590,상도동,202606,아파트_전월세,상도푸르지오클라베뉴,상도동,906,74.9953,,77000,0,9,13,2024,신규,26.08~28.08,,,,,
동작구,11590,사당동,202606,아파트_전월세,중앙아트,사당동,428-3,95.28,,20000,95,2,21,2000,신규,26.07~28.07,,,,,
동작구,11590,사당동,202606,아파트_전월세,래미안로이파크,사당동,1159,84.98,,50000,155,18,9,2018,갱신,26.08~28.08,50000.0,140.0,사용,,
동작구,11590,상도동,202606,아파트_전월세,상도휴엔하임,상도동,363-164,14.7,,11400,15,8,9,2016,신규,26.07~28.07,,,,,
동작구,11590,본동,202606,아파트_전월세,신동아,본동,481,46.75,,17000,90,6,20,1993,신규,26.08~28.08,,,,,
동작구,11590,사당동,202606,아파트_전월세,사당롯데캐슬골든포레,사당동,1160,84.9824,,78750,0,18,12,2021,갱신,26.08~28.08,75000.0,,사용,,
동작구,11590,대방동,202606,아파트_전월세,대림아파트,대방동,501,134.25,,60000,190,9,6,1993,갱신,26.09~28.09,60000.0,150.0,,,
동작구,11590,흑석동,202606,아파트_전월세,흑석리버파크자이,흑석동,343,84.94,,120000,0,2,22,2025,신규,26.08~28.08,,,,,
동작구,11590,대방동,202606,아파트_전월세,주공2,대방동,503,51.66,,45150,0,5,17,1995,갱신,26.07~28.07,43000.0,,사용,,
동작구,11590,노량진동,202606,아파트_전월세,우성,노량진동,323,84.96,,20000,200,16,9,1997,신규,26.08~28.08,,,,,
동작구,11590,사당동,202606,아파트_전월세,사당휴브리지(206-127),사당동,206-127,12.49,,11500,10,11,24,2015,신규,26.08~28.07,,,,,
동작구,11590,사당동,202606,아파트_전월세,신동아4,사당동,105,59.89,,52500,0,6,13,1993,갱신,26.08~28.08,50000.0,,사용,,
동작구,11590,흑석동,202606,아파트_전월세,흑석동양아파트,흑석동,328,84.99,,80000,0,7,4,2003,신규,26.08~28.08,,,,,
동작구,11590,사당동,202606,아파트_전월세,신동아4,사당동,105,118.25,,80000,0,6,27,1993,신규,26.07~28.07,,,,,
동작구,11590,본동,202606,아파트_전월세,한신휴플러스,본동,487,84.84,,63000,0,17,15,2004,갱신,26.09~28.09,60000.0,,사용,,
동작구,11590,상도동,202606,아파트_전월세,상도에스에이치빌,상도동,430,32.43,,1000,21,5,9,2006,신규,26.06~28.08,,,,,
동작구,11590,사당동,202606,아파트_전월세,래미안로이파크,사당동,1159,84.98,,100000,0,2,30,2018,갱신,26.07~28.07,85000.0,,,,
동작구,11590,상도동,202606,아파트_전월세,쌍용스윗닷홈,상도동,418,112.756,,31000,100,12,14,2003,신규,26.07~28.07,,,,,
동작구,11590,사당동,202606,아파트_전월세,대림(169-8),사당동,169-8,84.91,,63000,0,11,20,1990,갱신,26.08~28.08,60000.0,,사용,,
동작구,11590,상도동,202606,아파트_전월세,상도동래미안1차,상도동,450,84.959,,70000,0,12,29,2004,신규,26.09~28.09,,,,,
동작구,11590,상도동,202606,아파트_전월세,약수맨션,상도동,211-1,131.5,,63000,0,10,10,1980,신규,26.09~28.09,,,,,
동작구,11590,신대방동,202606,아파트_전월세,롯데낙천대,신대방동,713,55.4561,,53000,0,8,16,2003,갱신,26.08~28.08,48000.0,,,,
동작구,11590,상도동,202606,아파트_전월세,래미안상도3차,상도동,431,164.91,,30000,360,11,3,2004,신규,26.07~28.07,,,,,
동작구,11590,상도동,202606,아파트_전월세,상도효성해링턴플레이스,상도동,536,84.8136,,80000,0,13,13,2016,신규,26.09~28.09,,,,,
동작구,11590,상도동,202606,아파트_전월세,래미안상도3차,상도동,431,84.96,,2000,280,9,29,2004,갱신,26.07~28.06,2000.0,280.0,,,
동작구,11590,사당동,202606,아파트_전월세,제일,사당동,240-15,60.03,,46000,0,8,25,1987,갱신,26.07~28.07,45000.0,,사용,,
동작구,11590,상도동,202606,아파트_전월세,상도휴엔하임,상도동,363-164,14.7,,2500,55,4,27,2016,신규,26.07~27.07,,,,,
동작구,11590,상도동,202606,아파트_전월세,상도휴엔하임,상도동,363-164,14.7,,1500,70,13,22,2016,신규,26.06~27.06,,,,,
동작구,11590,사당동,202606,아파트_전월세,삼성래미안,사당동,1133,60.739,,7000,160,15,10,2003,갱신,26.07~28.07,7000.0,130.0,,,
동작구,11590,본동,202606,아파트_전월세,삼성래미안,본동,492,59.9843,,64000,0,10,30,2004,신규,26.10~28.10,,,,,
동작구,11590,대방동,202606,아파트_전월세,진성마블로스,대방동,394-2,14.4,,2000,50,9,27,2011,신규,26.07~27.07,,,,,
동작구,11590,상도동,202606,아파트_전월세,상도푸르지오클라베뉴,상도동,906,84.6246,,30000,160,16,8,2024,갱신,26.08~28.08,30000.0,160.0,사용,,
동작구,11590,노량진동,202606,아파트_전월세,힐스테이트장승배기역,노량진동,336,84.8768,,100000,0,8,29,2026,신규,26.07~28.07,,,,,
동작구,11590,상도동,202606,아파트_전월세,힐스테이트 상도 프레스티지,상도동,533,120.571,,20000,380,2,29,2013,신규,26.07~27.07,,,,,
동작구,11590,흑석동,202606,아파트_전월세,흑석한강센트레빌,흑석동,335,84.89,,87000,40,1,4,2011,신규,26.08~28.08,,,,,
동작구,11590,흑석동,202606,아파트_전월세,아크로리버하임,흑석동,341,113.2377,,130000,280,17,25,2019,신규,26.09~28.09,,,,,
동작구,11590,사당동,202606,아파트_전월세,스톤하우스,사당동,1051-22,31.725,,25400,8,7,10,2016,신규,26.08~28.08,,,,,
동작구,11590,사당동,202606,아파트_전월세,스톤하우스,사당동,1051-22,31.725,,25400,8,7,10,2016,신규,26.08~28.08,,,,,
동작구,11590,상도동,202606,아파트_전월세,포스코더샵,상도동,521,59.99,,45000,100,6,27,2007,신규,26.07~28.07,,,,,
동작구,11590,흑석동,202606,아파트_전월세,흑석한강센트레빌Ⅱ,흑석동,339,84.951,,10000,360,7,24,2012,신규,26.09~28.09,,,,,
동작구,11590,흑석동,202606,아파트_전월세,흑석한강센트레빌Ⅱ,흑석동,339,146.487,,120000,0,12,27,2012,갱신,26.10~28.10,92000.0,,,,
동작구,11590,흑석동,202606,아파트_전월세,흑석한강센트레빌,흑석동,335,84.84,,15000,380,6,25,2011,신규,26.07~28.07,,,,,
동작구,11590,사당동,202606,아파트_전월세,이수역리가,사당동,1157,84.847,,74550,0,11,12,2013,신규,26.09~28.09,,,,,
동작구,11590,사당동,202606,아파트_전월세,이수역리가,사당동,1157,84.847,,70000,60,14,29,2013,갱신,26.07~28.07,78000.0,,,,
동작구,11590,노량진동,202606,아파트_전월세,신동아리버파크,노량진동,325,59.67,,5000,130,14,28,2001,갱신,26.07~28.07,5000.0,100.0,,,
동작구,11590,신대방동,202606,아파트_전월세,경남교수,신대방동,710,84.94,,35000,133,4,27,2001,갱신,26.10~28.10,35000.0,120.0,사용,,
동작구,11590,상도동,202606,아파트_전월세,상도푸르지오클라베뉴,상도동,906,84.6246,,33000,170,4,19,2024,갱신,26.07~28.07,30000.0,170.0,,,
동작구,11590,흑석동,202606,아파트_전월세,한강현대,흑석동,28,83.475,,10000,260,7,10,1988,신규,26.07~28.07,,,,,
동작구,11590,사당동,202606,아파트_전월세,사당자이,사당동,1139,59.89,,35000,65,4,20,1999,신규,26.09~28.09,,,,,
동작구,11590,상도동,202606,아파트_전월세,대우유로카운티,상도동,420,149.049,,60000,120,7,20,2003,갱신,26.06~28.06,60000.0,,,,
동작구,11590,사당동,202606,아파트_전월세,롯데캐슬,사당동,1132,84.96,,68000,0,13,27,2003,갱신,26.08~28.08,63000.0,,,,
동작구,11590,사당동,202606,아파트_전월세,사당롯데캐슬골든포레,사당동,1160,59.9775,,65500,0,4,13,2021,갱신,26.08~28.08,62500.0,,사용,,
동작구,11590,흑석동,202606,아파트_전월세,롯데캐슬에듀포레,흑석동,340,59.8718,,78700,0,12,12,2018,갱신,26.08~28.08,75000.0,,사용,,
동작구,11590,사당동,202606,아파트_전월세,사당롯데캐슬2차,사당동,1149,84.614,,10000,210,8,16,2004,갱신,26.07~28.07,10000.0,200.0,사용,,
동작구,11590,상도동,202606,아파트_전월세,포스코더샵,상도동,521,59.99,,50000,95,14,11,2007,신규,26.08~28.08,,,,,
동작구,11590,사당동,202606,아파트_전월세,삼성래미안,사당동,1133,114.502,,78500,0,9,26,2003,갱신,26.07~28.07,75000.0,,사용,,
동작구,11590,신대방동,202606,아파트_전월세,보라매자이더포레스트,신대방동,724,59.8807,,67000,13,26,26,2021,갱신,26.07~28.07,67000.0,,사용,,
동작구,11590,흑석동,202606,아파트_전월세,아크로리버하임,흑석동,341,72.951,,1000,110,21,29,2019,신규,26.07~28.07,,,,,
동작구,11590,흑석동,202606,아파트_전월세,흑석한강푸르지오,흑석동,336,84.98,,50000,160,7,20,2012,갱신,26.07~28.07,20000.0,230.0,,,
동작구,11590,흑석동,202606,아파트_전월세,흑석동양아파트,흑석동,328,84.99,,50000,60,16,23,2003,갱신,26.09~28.09,50000.0,50.0,사용,,
동작구,11590,신대방동,202606,아파트_전월세,보라매자이더포레스트,신대방동,724,59.9365,,69300,0,7,20,2021,갱신,26.07~28.07,66000.0,,사용,,
동작구,11590,본동,202606,아파트_전월세,경동윈츠리버,본동,484,56.68,,55000,0,10,20,2004,신규,26.09~28.09,,,,,
동작구,11590,사당동,202606,아파트_전월세,사당롯데캐슬골든포레,사당동,1160,59.9908,,75000,0,11,29,2021,갱신,26.07~28.07,65000.0,,,,
동작구,11590,상도동,202606,아파트_전월세,상도에스에이치빌,상도동,430,32.43,,3521,10,13,9,2006,신규,26.06~28.08,,,,,
동작구,11590,흑석동,202606,아파트_전월세,흑석리버파크자이,흑석동,343,120.69,,3000,130,9,12,2025,신규,26.08~28.08,,,,,
동작구,11590,사당동,202606,아파트_전월세,래미안로이파크,사당동,1159,84.98,,92000,0,16,22,2018,갱신,26.07~28.07,82000.0,,,,
동작구,11590,노량진동,202606,아파트_전월세,삼익,노량진동,330,58.96,,15000,195,12,22,2001,신규,26.07~28.07,,,,,
동작구,11590,흑석동,202606,아파트_전월세,흑석한강센트레빌Ⅱ,흑석동,339,84.988,,95000,0,3,13,2012,신규,26.08~28.08,,,,,
동작구,11590,사당동,202606,아파트_전월세,극동(105),사당동,105,110.14,,50000,35,2,27,1993,갱신,26.09~28.09,50000.0,,,,
동작구,11590,노량진동,202606,아파트_전월세,힐스테이트장승배기역,노량진동,336,84.6923,,80000,0,10,19,2026,신규,26.06~28.06,,,,,
동작구,11590,상도동,202606,아파트_전월세,힐스테이트 상도 센트럴파크,상도동,531,118.1759,,115000,0,13,13,2012,갱신,26.08~28.08,110000.0,,사용,,
동작구,11590,사당동,202606,아파트_전월세,극동(105),사당동,105,46.75,,36051,0,12,26,1993,갱신,26.09~28.09,34335.0,,사용,,
동작구,11590,사당동,202606,아파트_전월세,래미안로이파크,사당동,1159,59.98,,90000,0,8,23,2018,신규,26.08~28.08,,,,,
동작구,11590,상도동,202606,아파트_전월세,상도역롯데캐슬파크엘,상도동,904,59.9818,,10000,243,18,22,2021,갱신,26.06~28.06,10000.0,230.0,사용,,
동작구,11590,대방동,202606,아파트_전월세,대방1차e-편한세상,대방동,508,84.32,,85000,0,8,20,2003,신규,26.09~28.09,,,,,
동작구,11590,대방동,202606,아파트_전월세,대림아파트,대방동,501,84.92,,85000,0,19,6,1993,신규,26.08~28.08,,,,,
동작구,11590,신대방동,202606,아파트_전월세,해태보라매타워,신대방동,708,84.04,,8000,160,11,23,1996,신규,26.08~28.08,,,,,
동작구,11590,흑석동,202606,아파트_전월세,흑석리버파크자이,흑석동,343,39.05,,5802,9,9,30,2025,갱신,26.07~28.06,3304.0,21.0,,,
동작구,11590,사당동,202606,아파트_전월세,대림(169-8),사당동,169-8,84.91,,34000,90,1,24,1990,갱신,26.08~28.08,34000.0,42.0,,,
동작구,11590,사당동,202606,아파트_전월세,경남아너스빌1차,사당동,1134,59.9,,43000,0,16,27,1997,갱신,26.06~29.04,41000.0,,,,
동작구,11590,상도동,202606,아파트_전월세,삼성래미안2,상도동,421,84.796,,25000,160,10,22,2003,갱신,26.07~28.07,27000.0,120.0,,,
동작구,11590,사당동,202606,아파트_전월세,이수푸르지오더프레티움,사당동,1161,51.9683,,73000,0,6,23,2021,신규,26.08~28.08,,,,,
동작구,11590,흑석동,202606,아파트_전월세,한강현대,흑석동,28,66.225,,10000,210,5,27,1988,신규,26.08~28.08,,,,,
동작구,11590,사당동,202606,아파트_전월세,사당롯데캐슬골든포레,사당동,1160,59.9775,,65100,0,1,30,2021,갱신,26.08~28.08,62000.0,,사용,,
동작구,11590,사당동,202606,아파트_전월세,해맑은,사당동,449-10,82.89,,32700,30,3,20,2003,갱신,26.09~28.09,32700.0,23.0,,,
동작구,11590,노량진동,202606,아파트_전월세,메가스터디타워,노량진동,57-1,16.01,,1000,70,16,20,2015,신규,26.07~28.07,,,,,
동작구,11590,신대방동,202606,아파트_전월세,보라매e편한세상,신대방동,720,128.86,,89250,0,7,20,2010,갱신,26.08~28.08,85000.0,,사용,,
동작구,11590,대방동,202606,아파트_전월세,대림아파트,대방동,501,84.92,,65900,0,2,15,1993,갱신,26.07~28.07,65900.0,,,,
동작구,11590,사당동,202606,아파트_전월세,사당휴먼시아,사당동,1154,84.73,,50000,50,2,20,2009,갱신,26.07~28.07,50000.0,50.0,,,
동작구,11590,사당동,202606,아파트_전월세,사당롯데캐슬골든포레,사당동,1160,59.8557,,75000,0,9,29,2021,갱신,26.07~28.07,70000.0,,,,
동작구,11590,본동,202606,아파트_전월세,유원강변,본동,482,84.28,,80000,0,10,27,2000,신규,26.10~28.10,,,,,
동작구,11590,사당동,202606,아파트_전월세,사당우성2,사당동,105,59.89,,60000,0,2,20,1993,신규,26.08~28.08,,,,,
동작구,11590,노량진동,202606,아파트_전월세,신동아리버파크,노량진동,325,114.75,,80000,0,9,15,2001,신규,26.08~28.08,,,,,
동작구,11590,사당동,202606,아파트_전월세,사당우성2,사당동,105,59.89,,5000,190,1,14,1993,신규,26.07~28.07,,,,,
동작구,11590,대방동,202606,아파트_전월세,아데나339,대방동,515,15.36,,2000,60,2,18,2012,신규,26.08~27.08,,,,,
동작구,11590,사당동,202606,아파트_전월세,신동아4,사당동,105,118.25,,83000,0,15,12,1993,신규,26.09~28.09,,,,,
동작구,11590,노량진동,202606,아파트_전월세,삼익,노량진동,330,58.96,,20000,180,12,22,2001,신규,26.07~28.07,,,,,
동작구,11590,사당동,202606,아파트_전월세,대림(169-8),사당동,169-8,84.91,,68000,0,8,29,1990,갱신,26.06~28.06,70000.0,,사용,,
동작구,11590,본동,202606,아파트_전월세,신동아,본동,481,46.75,,36000,0,10,13,1993,갱신,26.09~28.09,36000.0,,사용,,
동작구,11590,노량진동,202606,아파트_전월세,신동아리버파크,노량진동,325,114.75,,73000,0,6,20,2001,갱신,26.07~28.07,67000.0,,,,
동작구,11590,사당동,202606,아파트_전월세,사당자이,사당동,1139,60,,30000,120,24,12,1999,신규,26.09~28.09,,,,,
동작구,11590,사당동,202606,아파트_전월세,래미안로이파크,사당동,1159,84.98,,95000,0,3,20,2018,갱신,26.08~28.08,84500.0,,,,
동작구,11590,사당동,202606,아파트_전월세,이수푸르지오더프레티움,사당동,1161,84.9728,,40000,250,10,8,2021,신규,26.08~28.08,,,,,
동작구,11590,상도동,202606,아파트_전월세,상도동래미안1차,상도동,450,84.959,,61000,18,10,30,2004,갱신,26.09~28.09,61000.0,,사용,,
동작구,11590,흑석동,202606,아파트_전월세,명수대현대,흑석동,10,78.07,,59850,0,9,20,1988,갱신,26.06~28.06,57000.0,,사용,,
동작구,11590,흑석동,202606,아파트_전월세,흑석한강센트레빌,흑석동,335,84.84,,89000,0,7,20,2011,갱신,26.10~28.10,85000.0,,사용,,
동작구,11590,사당동,202606,아파트_전월세,사당자이,사당동,1139,60,,58000,0,7,25,1999,신규,26.08~28.08,,,,,
동작구,11590,사당동,202606,아파트_전월세,신동아4,사당동,105,46.75,,10000,135,4,27,1993,신규,26.08~28.08,,,,,
동작구,11590,사당동,202606,아파트_전월세,대림(169-8),사당동,169-8,59.67,,30000,120,7,6,1990,신규,26.08~28.08,,,,,
동작구,11590,흑석동,202606,아파트_전월세,흑석한강센트레빌Ⅱ,흑석동,339,84.951,,70000,90,6,27,2012,신규,26.09~28.09,,,,,
동작구,11590,사당동,202606,아파트_전월세,사당우성2,사당동,105,84.66,,65000,12,4,23,1993,갱신,26.09~28.09,65000.0,,사용,,
동작구,11590,흑석동,202606,아파트_전월세,청호,흑석동,327,59.85,,10000,140,3,11,1997,신규,26.08~28.08,,,,,
동작구,11590,흑석동,202606,아파트_전월세,흑석리버파크자이,흑석동,343,84.96,,78750,0,10,12,2025,갱신,26.08~28.08,75000.0,,사용,,
동작구,11590,신대방동,202606,아파트_전월세,동작협성휴포레시그니처,신대방동,686-48,84.9814,,70000,0,8,4,2022,신규,26.07~28.07,,,,,
동작구,11590,대방동,202606,아파트_전월세,대림아파트,대방동,501,84.92,,65900,0,2,15,1993,갱신,26.07~28.07,65900.0,,,,
동작구,11590,상도동,202606,아파트_전월세,포스코더샵,상도동,521,84.995,,65000,80,1,17,2007,신규,26.08~28.08,,,,,
동작구,11590,흑석동,202606,아파트_전월세,한강현대,흑석동,28,115.35,,25500,110,2,30,1988,갱신,26.07~28.07,25500.0,110.0,사용,,
동작구,11590,사당동,202606,아파트_전월세,사당롯데캐슬골든포레,사당동,1160,84.9857,,71100,35,8,26,2021,갱신,26.07~28.07,74100.0,,,,
동작구,11590,대방동,202606,아파트_전월세,대방2차e-편한세상,대방동,507,131.637,,110000,0,17,22,2003,갱신,26.08~28.08,110000.0,,사용,,
동작구,11590,사당동,202606,아파트_전월세,사당롯데캐슬골든포레,사당동,1160,49.4797,,75000,0,9,7,2021,신규,26.08~28.08,,,,,
동작구,11590,사당동,202606,아파트_전월세,스톤하우스,사당동,1051-22,28.77,,25200,0,6,6,2016,갱신,26.08~28.08,24200.0,,,,
동작구,11590,대방동,202606,아파트_전월세,대림아파트,대방동,501,59.84,,62000,0,13,30,1993,갱신,26.08~28.08,53000.0,,,,
동작구,11590,상도동,202606,아파트_전월세,상도효성해링턴플레이스,상도동,536,59.9769,,36307,0,5,22,2016,갱신,26.07~28.06,34579.0,,,,
동작구,11590,상도동,202606,아파트_전월세,포스코더샵,상도동,521,152.222,,89250,0,8,30,2007,갱신,26.07~28.07,85000.0,,사용,,
동작구,11590,사당동,202606,아파트_전월세,대림(169-8),사당동,169-8,59.67,,3000,153,5,4,1990,갱신,26.06~28.06,3000.0,145.0,사용,,
동작구,11590,사당동,202606,아파트_전월세,두산위브트레지움,사당동,1131,118.4843,,134000,0,24,30,2011,신규,26.09~28.09,,,,,
동작구,11590,사당동,202606,아파트_전월세,두산위브트레지움,사당동,1131,116.6177,,98700,0,1,29,2011,갱신,26.07~28.07,94000.0,,사용,,
동작구,11590,노량진동,202606,아파트_전월세,건영(103동-106동),노량진동,324,84.94,,64000,0,9,11,1997,신규,26.10~28.10,,,,,
동작구,11590,흑석동,202606,아파트_전월세,흑석한강센트레빌,흑석동,335,84.84,,50000,135,11,13,2011,갱신,26.07~28.07,50000.0,120.0,사용,,
동작구,11590,사당동,202606,아파트_전월세,신동아4,사당동,105,84.46,,30000,200,3,28,1993,신규,26.08~28.08,,,,,
동작구,11590,노량진동,202606,아파트_전월세,신동아리버파크,노량진동,325,84.88,,75000,0,16,30,2001,신규,26.08~28.08,,,,,
동작구,11590,상도동,202606,아파트_전월세,포스코더샵,상도동,521,59.995,,10000,240,11,13,2007,신규,26.09~28.09,,,,,
동작구,11590,상도동,202606,아파트_전월세,경향렉스빌,상도동,445,61.5494,,45000,0,9,9,2002,갱신,26.08~28.08,45000.0,,사용,,
동작구,11590,흑석동,202606,아파트_전월세,흑석한강푸르지오,흑석동,336,84.79,,89250,0,12,20,2012,갱신,26.08~28.08,85000.0,,사용,,
동작구,11590,신대방동,202606,아파트_전월세,현대,신대방동,707,84.57,,63000,0,6,20,1996,갱신,26.07~28.07,59000.0,,,,
동작구,11590,사당동,202606,아파트_전월세,대림(169-8),사당동,169-8,59.67,,20000,116,6,20,1990,갱신,26.07~28.07,20000.0,110.0,사용,,
동작구,11590,사당동,202606,아파트_전월세,경남아너스빌1차,사당동,1134,84.98,,60000,0,12,28,1997,신규,26.10~28.10,,,,,
동작구,11590,사당동,202606,아파트_전월세,두산위브트레지움,사당동,1131,84.422,,40000,220,21,27,2011,갱신,26.08~28.08,40000.0,165.0,,,
동작구,11590,상도동,202606,아파트_전월세,상도역롯데캐슬파크엘,상도동,904,110.9996,,113000,0,12,19,2021,신규,26.09~28.09,,,,,
동작구,11590,상도동,202606,아파트_전월세,두산위브트레지움2차,상도동,535,84.864,,76000,15,5,25,2016,갱신,26.08~28.08,76000.0,,사용,,
동작구,11590,사당동,202606,아파트_전월세,래미안로이파크,사당동,1159,84.98,,89000,0,8,6,2018,갱신,26.07~27.10,84890.0,,,,
동작구,11590,사당동,202606,아파트_전월세,대림(169-8),사당동,169-8,84.91,,58500,0,1,27,1990,갱신,26.07~27.07,48500.0,,,,
동작구,11590,신대방동,202606,아파트_전월세,우성1차,신대방동,565,84.99,,46300,0,3,26,1988,신규,26.08~28.08,,,,,
동작구,11590,흑석동,202606,아파트_전월세,롯데캐슬에듀포레,흑석동,340,59.8718,,79800,0,9,29,2018,갱신,26.08~28.08,76000.0,,사용,,
동작구,11590,흑석동,202606,아파트_전월세,흑석한강센트레빌,흑석동,335,84.91,,89000,0,10,19,2011,신규,26.06~28.06,,,,,
동작구,11590,상도동,202606,아파트_전월세,상도푸르지오클라베뉴,상도동,906,59.8166,,58000,0,16,29,2024,갱신,26.07~26.12,58000.0,,,,
동작구,11590,대방동,202606,아파트_전월세,골든노블레스,대방동,403-16,18.01,,15800,0,3,24,2023,신규,26.08~28.08,,,,,
동작구,11590,상도동,202606,아파트_전월세,상도동래미안1차,상도동,450,84.959,,42000,100,3,22,2004,갱신,26.07~28.07,42000.0,70.0,,,
동작구,11590,사당동,202606,아파트_전월세,사당자이,사당동,1139,114.94,,43000,0,7,1,1999,갱신,26.06~28.05,35000.0,,,,
동작구,11590,노량진동,202606,아파트_전월세,더클래식동작,노량진동,37-1,14.23,,5318,47,16,30,2020,신규,26.08~28.08,,,,,
동작구,11590,흑석동,202606,아파트_전월세,아크로리버하임,흑석동,341,84.7536,,5000,95,8,27,2019,갱신,26.08~27.08,5000.0,90.0,사용,,
동작구,11590,사당동,202606,아파트_전월세,극동(105),사당동,105,84.32,,13000,0,9,20,1993,신규,26.06~28.06,,,,,
동작구,11590,사당동,202606,아파트_전월세,극동(105),사당동,105,84.32,,13000,0,9,20,1993,신규,26.06~28.06,,,,,
동작구,11590,상도동,202606,아파트_전월세,두산위브트레지움2차,상도동,535,84.864,,90000,0,23,30,2016,신규,26.09~28.09,,,,,
동작구,11590,신대방동,202606,아파트_전월세,우성2차,신대방동,565-21,59.47,,48000,0,17,30,1995,신규,26.09~28.09,,,,,
동작구,11590,사당동,202606,아파트_전월세,래미안로이파크,사당동,1159,84.98,,102000,0,1,22,2018,신규,26.09~28.09,,,,,
동작구,11590,노량진동,202606,아파트_전월세,더클래식동작,노량진동,37-1,14.23,,5318,46,7,30,2020,신규,26.08~28.08,,,,,
동작구,11590,사당동,202606,아파트_전월세,신동아4,사당동,105,118.25,,78000,0,2,30,1993,신규,26.09~28.09,,,,,
동작구,11590,상도동,202606,아파트_전월세,e편한세상상도노빌리티,상도동,903,59.7827,,65600,0,19,4,2018,신규,26.07~28.07,,,,,
동작구,11590,상도동,202606,아파트_전월세,상도휴엔하임,상도동,363-164,14.7,,1000,60,7,27,2016,신규,26.06~28.06,,,,,
동작구,11590,흑석동,202606,아파트_전월세,흑석한강센트레빌,흑석동,335,38.87,,3891,30,17,8,2011,신규,26.06~28.08,,,,,
동작구,11590,신대방동,202606,아파트_전월세,보라매자이더포레스트,신대방동,724,59.9365,,73500,0,17,27,2021,갱신,26.07~28.07,70000.0,,사용,,
동작구,11590,사당동,202606,아파트_전월세,케이씨씨,사당동,1153,121.3166,,80000,80,4,26,2007,갱신,26.07~28.07,10000.0,,,,
동작구,11590,사당동,202606,아파트_전월세,신동아4,사당동,105,84.46,,75000,0,7,26,1993,신규,26.10~28.10,,,,,
동작구,11590,신대방동,202606,아파트_전월세,우성1차,신대방동,565,66.69,,39800,0,11,27,1988,갱신,26.08~28.08,38500.0,,사용,,
동작구,11590,흑석동,202606,아파트_전월세,아크로리버하임,흑석동,341,84.9184,,101850,0,1,27,2019,갱신,26.07~28.07,97000.0,,사용,,
동작구,11590,신대방동,202606,아파트_전월세,우성2차,신대방동,565-21,59.47,,20000,49,9,22,1995,갱신,26.06~28.06,20000.0,43.0,사용,,
동작구,11590,상도동,202606,아파트_전월세,건영,상도동,414,32.8,,1149,11,14,29,1997,갱신,26.07~28.06,1113.0,11.0,,,
동작구,11590,상도동,202606,아파트_전월세,e편한세상상도노빌리티,상도동,903,84.9704,,94500,0,16,25,2018,갱신,26.07~28.07,90000.0,,사용,,
동작구,11590,상도동,202606,아파트_전월세,힐스테이트 상도 센트럴파크,상도동,531,84.6099,,50000,150,8,27,2012,갱신,26.11~28.10,42000.0,126.0,,,
동작구,11590,상도동,202606,아파트_전월세,상도휴엔하임,상도동,363-164,14.7,,500,63,4,28,2016,신규,26.06~28.06,,,,,
동작구,11590,사당동,202606,아파트_전월세,대성유니드,사당동,1155,59.99,,25000,100,8,25,2009,갱신,26.07~28.07,42000.0,,,,
동작구,11590,본동,202606,아파트_전월세,신동아,본동,481,46.75,,40000,0,8,25,1993,신규,26.08~28.08,,,,,
동작구,11590,상도동,202606,아파트_전월세,두산위브트레지움2차,상도동,535,84.8032,,90000,0,5,29,2016,신규,26.09~28.09,,,,,
동작구,11590,사당동,202606,아파트_전월세,현대,사당동,169-32,59.96,,30000,60,7,27,1991,신규,26.08~28.08,,,,,
동작구,11590,사당동,202606,아파트_전월세,스톤하우스,사당동,1051-22,31.725,,29000,0,7,25,2016,갱신,26.07~28.07,25300.0,12.0,,,
동작구,11590,사당동,202606,아파트_전월세,반석블레스,사당동,1158,59.86,,40000,45,6,1,2016,갱신,26.06~26.07,40000.0,45.0,,,
동작구,11590,사당동,202606,아파트_전월세,래미안로이파크,사당동,1159,59.98,,85000,0,19,27,2018,신규,26.09~28.09,,,,,
동작구,11590,상도동,202606,아파트_전월세,상도역롯데캐슬파크엘,상도동,904,84.9952,,89250,0,18,29,2021,갱신,26.07~28.07,85000.0,,사용,,
동작구,11590,상도동,202606,아파트_전월세,씨티아모리움,상도동,532,14.1881,,1000,68,5,15,2012,신규,26.06~28.06,,,,,
동작구,11590,사당동,202606,아파트_전월세,라온시티,사당동,1044-11,12.44,,5000,40,6,13,2014,신규,26.06~28.06,,,,,
동작구,11590,사당동,202606,아파트_전월세,이수푸르지오더프레티움,사당동,1161,59.9748,,70000,80,4,16,2021,신규,26.09~28.09,,,,,
동작구,11590,사당동,202606,아파트_전월세,사당휴먼시아,사당동,1154,84.73,,34000,95,4,25,2009,갱신,26.06~28.06,34000.0,85.0,,,
동작구,11590,상도동,202606,아파트_전월세,e편한세상상도노빌리티,상도동,903,84.9704,,60000,116,7,27,2018,갱신,26.09~28.09,60000.0,100.0,사용,,
동작구,11590,사당동,202606,아파트_전월세,대림(169-8),사당동,169-8,59.67,,50400,0,1,26,1990,갱신,26.07~28.07,48000.0,,사용,,
동작구,11590,사당동,202606,아파트_전월세,사당우성3,사당동,105,118.25,,68000,0,1,28,1993,신규,26.10~28.10,,,,,
동작구,11590,상도동,202606,아파트_전월세,래미안상도3차,상도동,431,84.96,,10000,240,14,29,2004,갱신,26.09~28.09,10000.0,200.0,,,
동작구,11590,사당동,202606,아파트_전월세,현대,사당동,169-32,120.03,,52000,0,12,28,1991,갱신,26.06~28.06,50000.0,,,,
동작구,11590,사당동,202606,아파트_전월세,신동아4,사당동,105,59.89,,20000,140,6,9,1993,신규,26.06~28.06,,,,,
동작구,11590,상도동,202606,아파트_전월세,상도푸르지오클라베뉴,상도동,906,84.6246,,85000,0,6,27,2024,신규,26.09~28.09,,,,,
동작구,11590,상도동,202606,아파트_전월세,상도효성해링턴플레이스,상도동,536,59.9769,,36307,0,16,26,2016,갱신,26.07~28.06,34579.0,,,,
동작구,11590,흑석동,202606,아파트_전월세,흑석동양아파트,흑석동,328,59.511,,55000,50,14,14,2003,신규,26.10~28.10,,,,,
동작구,11590,상도동,202606,아파트_전월세,힐스테이트 상도 센트럴파크,상도동,531,118.2086,,130000,0,5,27,2012,신규,26.09~28.09,,,,,
동작구,11590,상도동,202606,아파트_전월세,상도효성해링턴플레이스,상도동,536,59.9769,,40131,0,27,26,2016,갱신,26.07~28.06,38220.0,,,,
동작구,11590,상도동,202606,아파트_전월세,현대(관악),상도동,407,84.78,,38000,80,11,26,1992,신규,26.09~28.09,,,,,
동작구,11590,노량진동,202606,아파트_전월세,신동아리버파크,노량진동,325,59.67,,42000,0,8,1,2001,신규,26.08~28.08,,,,,
동작구,11590,사당동,202606,아파트_전월세,이수자이,사당동,147-29,113.65,,120000,0,7,27,2010,갱신,26.10~28.10,110000.0,,,,
동작구,11590,상도동,202606,아파트_전월세,상도역롯데캐슬파크엘,상도동,904,59.9851,,67200,0,3,19,2021,갱신,26.08~28.08,64000.0,,사용,,
동작구,11590,흑석동,202606,아파트_전월세,흑석리버파크자이,흑석동,343,39.05,,3433,22,2,29,2025,갱신,26.07~28.06,3304.0,21.0,,,
동작구,11590,사당동,202606,아파트_전월세,사당롯데캐슬골든포레,사당동,1160,84.984,,2000,80,3,27,2021,신규,26.07~27.07,,,,,
동작구,11590,신대방동,202606,아파트_전월세,벽산,신대방동,709,75.42,,35000,0,3,26,1997,신규,26.06~28.06,,,,,
동작구,11590,상도동,202606,아파트_전월세,포스코더샵,상도동,521,59.99,,64500,0,1,28,2007,신규,26.08~28.08,,,,,
동작구,11590,상도동,202606,아파트_전월세,래미안상도3차,상도동,431,164.91,,30000,360,11,3,2004,신규,26.08~28.08,,,,,
동작구,11590,상도동,202606,아파트_전월세,상도동래미안1차,상도동,450,84.959,,75000,0,13,8,2004,신규,26.09~28.09,,,,,
동작구,11590,사당동,202606,아파트_전월세,대성유니드,사당동,1155,59.99,,25000,100,8,25,2009,갱신,26.07~28.07,42000.0,,,,
동작구,11590,사당동,202606,아파트_전월세,신동아4,사당동,105,46.75,,56000,0,14,27,1993,신규,26.09~28.09,,,,,
동작구,11590,상도동,202606,아파트_전월세,래미안상도3차,상도동,431,59.97,,67000,0,3,25,2004,신규,26.10~28.10,,,,,
동작구,11590,사당동,202606,아파트_전월세,경남아너스빌2차,사당동,1135,59.9,,47000,0,13,27,1998,갱신,26.07~28.07,45000.0,,사용,,
동작구,11590,사당동,202606,아파트_전월세,사당롯데캐슬골든포레,사당동,1160,84.9787,,73500,0,1,1,2021,갱신,26.08~28.08,70000.0,,사용,,
동작구,11590,상도동,202606,아파트_전월세,상도푸르지오클라베뉴,상도동,906,59.9425,,60900,0,9,27,2024,갱신,26.07~28.07,58000.0,,사용,,
동작구,11590,상도동,202606,아파트_전월세,e편한세상상도노빌리티,상도동,903,84.9704,,75000,115,6,27,2018,신규,26.09~28.09,,,,,
동작구,11590,사당동,202606,아파트_전월세,사당롯데캐슬골든포레,사당동,1160,59.9775,,54600,0,1,5,2021,신규,26.08~27.08,,,,,
동작구,11590,신대방동,202606,아파트_전월세,현진에버빌,신대방동,716,84.9234,,50900,0,5,27,2003,갱신,26.06~28.06,48900.0,,,,
동작구,11590,대방동,202606,아파트_전월세,주공2,대방동,503,59.97,,51000,0,14,27,1995,신규,26.07~28.07,,,,,
동작구,11590,본동,202606,아파트_전월세,신동아,본동,481,84.46,,42000,0,2,26,1993,갱신,26.07~28.07,42000.0,,사용,,
동작구,11590,신대방동,202606,아파트_전월세,보라매자이더포레스트,신대방동,724,59.9365,,70000,0,12,24,2021,갱신,26.08~26.09,70000.0,,,,
동작구,11590,사당동,202606,아파트_전월세,삼성래미안,사당동,1133,114.502,,80000,0,6,26,2003,갱신,26.07~28.07,73000.0,,,,
동작구,11590,사당동,202606,아파트_전월세,극동(105),사당동,105,46.75,,5000,135,9,13,1993,신규,26.07~28.07,,,,,
동작구,11590,사당동,202606,아파트_전월세,래미안로이파크,사당동,1159,59.98,,85000,0,18,26,2018,갱신,26.08~28.08,75000.0,,,,
동작구,11590,신대방동,202606,아파트_전월세,롯데낙천대,신대방동,713,55.4561,,18000,90,17,9,2003,신규,26.08~28.08,,,,,
동작구,11590,사당동,202606,아파트_전월세,현대,사당동,169-32,120.03,,10000,180,1,26,1991,신규,26.09~28.09,,,,,
동작구,11590,흑석동,202606,아파트_전월세,롯데캐슬에듀포레,흑석동,340,84.9912,,73500,0,5,26,2018,갱신,26.08~28.08,70000.0,,사용,,
동작구,11590,상도동,202606,아파트_전월세,상도휴엔하임,상도동,363-164,14.7,,11000,25,12,25,2016,신규,26.06~28.06,,,,,
동작구,11590,사당동,202606,아파트_전월세,사당휴먼시아,사당동,1154,84.73,,29000,165,11,26,2009,신규,26.09~28.09,,,,,
동작구,11590,상도동,202606,아파트_전월세,상도더샵2차,상도동,534,84.99,,85000,0,2,24,2014,신규,26.09~28.09,,,,,
동작구,11590,동작동,202606,아파트_전월세,이수스위첸포레힐즈,동작동,102,84.97,,100000,0,6,11,2022,신규,26.08~28.08,,,,,
동작구,11590,상도동,202606,아파트_전월세,상도휴엔하임,상도동,363-164,14.7,,1000,60,10,20,2016,신규,26.06~27.06,,,,,
동작구,11590,본동,202606,아파트_전월세,래미안트윈파크,본동,494,84.76,,83340,0,7,22,2011,갱신,26.08~28.08,83340.0,,사용,,
동작구,11590,신대방동,202606,아파트_전월세,우성1차,신대방동,565,157.07,,77000,0,11,26,1988,갱신,26.06~28.06,67000.0,,,,
동작구,11590,상도동,202606,아파트_전월세,힐스테이트 상도 센트럴파크,상도동,531,84.6099,,86000,0,10,25,2012,갱신,26.10~28.10,82000.0,,사용,,
동작구,11590,신대방동,202606,아파트_전월세,우성1차,신대방동,565,84.99,,50400,0,11,26,1988,갱신,26.07~28.07,48000.0,,사용,,
동작구,11590,사당동,202606,아파트_전월세,사당자이,사당동,1139,59.89,,20000,105,9,13,1999,갱신,26.06~28.06,20000.0,100.0,사용,,
동작구,11590,흑석동,202606,아파트_전월세,한강현대,흑석동,28,114.44,,87000,0,9,26,1988,신규,26.08~28.08,,,,,
동작구,11590,상도동,202606,아파트_전월세,포스코더샵,상도동,521,59.99,,10000,211,10,20,2007,갱신,26.09~28.09,10000.0,200.0,사용,,
동작구,11590,흑석동,202606,아파트_전월세,흑석리버파크자이,흑석동,343,39.05,,4009,19,8,25,2025,갱신,26.07~28.06,3304.0,21.0,,,
동작구,11590,상도동,202606,아파트_전월세,힐스테이트 상도 센트럴파크,상도동,531,118.1432,,73500,105,8,25,2012,갱신,26.08~28.08,70000.0,100.0,사용,,
동작구,11590,흑석동,202606,아파트_전월세,한강현대,흑석동,28,131.4,,7000,310,10,25,1988,갱신,26.07~27.07,7000.0,300.0,사용,,
동작구,11590,상도동,202606,아파트_전월세,상도푸르지오클라베뉴,상도동,906,74.9953,,65000,55,14,25,2024,신규,26.09~28.09,,,,,
동작구,11590,상도동,202606,아파트_전월세,상도푸르지오클라베뉴,상도동,906,74.9953,,33600,160,7,25,2024,갱신,26.09~28.09,30000.0,160.0,,,
동작구,11590,흑석동,202606,아파트_전월세,아크로리버하임,흑석동,341,84.9184,,120000,0,1,8,2019,신규,26.09~28.09,,,,,
동작구,11590,상도동,202606,아파트_전월세,포스코더샵,상도동,521,152.222,,10000,390,6,25,2007,신규,26.07~28.07,,,,,
동작구,11590,노량진동,202606,아파트_전월세,신동아리버파크,노량진동,325,84.88,,60000,0,22,24,2001,갱신,26.07~28.07,60000.0,,사용,,
동작구,11590,상도동,202606,아파트_전월세,힐스테이트 상도 센트럴파크,상도동,531,84.7954,,82000,0,1,25,2012,갱신,26.09~28.09,79000.0,,사용,,
동작구,11590,사당동,202606,아파트_전월세,사당우성3,사당동,105,118.25,,10000,260,5,25,1993,신규,26.08~28.08,,,,,
동작구,11590,신대방동,202606,아파트_전월세,보라매자이더포레스트,신대방동,724,59.9365,,85000,0,22,24,2021,신규,26.10~28.10,,,,,
동작구,11590,상도동,202606,아파트_전월세,포스코더샵,상도동,521,132.735,,87000,0,1,22,2007,갱신,26.06~28.06,83000.0,,,,
동작구,11590,상도동,202606,아파트_전월세,상도푸르지오클라베뉴,상도동,906,74.9953,,60000,70,11,13,2024,신규,26.09~28.09,,,,,
동작구,11590,사당동,202606,아파트_전월세,대림(169-8),사당동,169-8,84.91,,34000,90,1,24,1990,갱신,26.08~28.08,34000.0,42.0,,,
동작구,11590,대방동,202606,아파트_전월세,대방1차e-편한세상,대방동,508,84.32,,58000,125,7,24,2003,신규,26.10~28.10,,,,,
동작구,11590,사당동,202606,아파트_전월세,사당우성2,사당동,105,46.75,,11960,110,10,22,1993,갱신,26.07~28.07,10000.0,110.0,,,
동작구,11590,상도동,202606,아파트_전월세,씨티아모리움,상도동,532,14.1881,,1000,65,4,24,2012,신규,26.06~28.06,,,,,
동작구,11590,사당동,202606,아파트_전월세,반석블레스,사당동,1158,59.86,,40000,55,6,13,2016,신규,26.07~28.07,,,,,
동작구,11590,상도동,202606,아파트_전월세,상도현대,상도동,412,84.97,,58000,0,8,22,2003,신규,26.08~28.08,,,,,
동작구,11590,사당동,202606,아파트_전월세,이수푸르지오더프레티움,사당동,1161,51.9683,,73000,0,6,23,2021,신규,26.08~28.08,,,,,
동작구,11590,상도동,202606,아파트_전월세,두산위브트레지움2차,상도동,535,84.8032,,90000,0,11,12,2016,신규,26.09~28.09,,,,,
동작구,11590,신대방동,202606,아파트_전월세,우성1차,신대방동,565,84.99,,20000,120,1,13,1988,갱신,26.06~28.06,20000.0,95.0,,,
동작구,11590,사당동,202606,아파트_전월세,이수푸르지오더프레티움,사당동,1161,59.927,,60000,120,3,23,2021,신규,26.08~28.08,,,,,
동작구,11590,상도동,202606,아파트_전월세,상도효성해링턴플레이스,상도동,536,59.9769,,36307,0,11,23,2016,갱신,26.07~28.06,34579.0,,,,
동작구,11590,흑석동,202606,아파트_전월세,아크로리버하임,흑석동,341,84.9108,,89337,0,2,18,2019,갱신,26.08~27.08,85083.0,,사용,,
동작구,11590,상도동,202606,아파트_전월세,동원베네스트,상도동,528,84.953,,30000,180,5,20,2008,신규,26.10~28.10,,,,,
동작구,11590,사당동,202606,아파트_전월세,사당우성2,사당동,105,46.75,,44100,0,13,20,1993,갱신,26.07~28.07,42000.0,,사용,,
동작구,11590,흑석동,202606,아파트_전월세,흑석한강센트레빌,흑석동,335,47.84,,6760,23,3,24,2011,갱신,26.07~28.06,4390.0,34.0,,,
동작구,11590,노량진동,202606,아파트_전월세,더써밋타워,노량진동,54-4,34.72,,16600,71,18,24,2024,신규,26.08~28.08,,,,,
동작구,11590,흑석동,202606,아파트_전월세,흑석한강푸르지오,흑석동,336,115.95,,80000,110,7,23,2012,신규,26.09~28.09,,,,,
동작구,11590,노량진동,202606,아파트_전월세,필하우스(OH빌딩),노량진동,56-14,12.0378,,2000,55,7,23,2012,신규,26.06~27.06,,,,,
동작구,11590,사당동,202606,아파트_전월세,사당자이,사당동,1139,59.89,,46000,8,11,15,1999,갱신,26.07~28.07,46000.0,,사용,,
동작구,11590,본동,202606,아파트_전월세,경동윈츠리버,본동,484,56.68,,40000,70,1,6,2004,신규,26.07~28.07,,,,,
동작구,11590,노량진동,202606,아파트_전월세,더클래식동작,노량진동,37-1,16.25,,5967,49,6,18,2020,갱신,26.07~28.07,5967.0,49.0,,,
동작구,11590,흑석동,202606,아파트_전월세,해가든,흑석동,332,84.9,,86100,0,16,23,2010,갱신,26.08~28.08,82000.0,,사용,,
동작구,11590,신대방동,202606,아파트_전월세,동작협성휴포레시그니처,신대방동,686-48,84.9464,,75000,0,16,6,2022,신규,26.09~28.09,,,,,
동작구,11590,상도동,202606,아파트_전월세,상도파크자이,상도동,900,72.678,,85000,0,7,23,2016,신규,26.07~28.07,,,,,
동작구,11590,상도동,202606,아파트_전월세,힐스테이트 상도 센트럴파크,상도동,531,84.6099,,92000,0,7,23,2012,갱신,26.09~27.09,85000.0,,,,
동작구,11590,신대방동,202606,아파트_전월세,현대,신대방동,707,84.57,,25000,150,16,20,1996,신규,26.08~27.08,,,,,
동작구,11590,사당동,202606,아파트_전월세,극동(105),사당동,105,46.75,,45000,0,1,6,1993,신규,26.08~28.08,,,,,
동작구,11590,상도동,202606,아파트_전월세,상도효성해링턴플레이스,상도동,536,59.9769,,36307,0,21,23,2016,갱신,26.07~28.06,34579.0,,,,
동작구,11590,상도동,202606,아파트_전월세,삼성래미안2,상도동,421,84.796,,57500,0,10,23,2003,갱신,26.09~27.10,57500.0,,,,
동작구,11590,상도동,202606,아파트_전월세,포스코더샵,상도동,521,59.99,,70000,0,15,22,2007,신규,26.08~28.08,,,,,
동작구,11590,사당동,202606,아파트_전월세,이수푸르지오더프레티움,사당동,1161,84.9243,,110000,0,5,1,2021,신규,26.09~28.09,,,,,
동작구,11590,대방동,202606,아파트_전월세,대림아파트,대방동,501,84.92,,83400,0,15,1,1993,갱신,26.06~30.06,10000.0,100.0,,,
동작구,11590,상도동,202606,아파트_전월세,상도효성해링턴플레이스,상도동,536,59.9769,,36307,0,10,22,2016,갱신,26.07~28.06,34579.0,,,,
동작구,11590,사당동,202606,아파트_전월세,극동(105),사당동,105,59.25,,25000,80,6,20,1993,갱신,26.08~28.08,25000.0,40.0,사용,,
동작구,11590,사당동,202606,아파트_전월세,사당해그린,사당동,1145,59.92,,38000,0,11,23,2004,갱신,26.06~26.09,38000.0,,,,
동작구,11590,대방동,202606,아파트_전월세,대림아파트,대방동,501,59.84,,63000,0,12,20,1993,갱신,26.08~28.08,60000.0,,사용,,
동작구,11590,흑석동,202606,아파트_전월세,흑석리버파크자이,흑석동,343,84.96,,85000,0,9,20,2025,신규,26.08~28.08,,,,,
동작구,11590,상도동,202606,아파트_전월세,래미안상도3차,상도동,431,84.96,,10000,290,15,23,2004,신규,26.08~28.08,,,,,
동작구,11590,흑석동,202606,아파트_전월세,흑석리버파크자이,흑석동,343,84.94,,120000,0,2,22,2025,신규,26.08~28.08,,,,,
동작구,11590,상도동,202606,아파트_전월세,상도푸르지오클라베뉴,상도동,906,84.9198,,50000,160,15,20,2024,신규,26.09~28.09,,,,,
동작구,11590,흑석동,202606,아파트_전월세,한강현대,흑석동,28,66.225,,50936,0,10,20,1988,갱신,26.08~27.08,46200.0,,,,
동작구,11590,노량진동,202606,아파트_전월세,필하우스(OH빌딩),노량진동,56-14,12.0378,,1000,61,6,22,2012,신규,26.08~27.08,,,,,
동작구,11590,대방동,202606,아파트_전월세,대림아파트,대방동,501,84.92,,90000,0,3,20,1993,신규,26.10~28.10,,,,,
동작구,11590,신대방동,202606,아파트_전월세,신대방경남,신대방동,712,56,,45000,0,17,21,2003,갱신,26.07~28.07,43200.0,,사용,,
동작구,11590,사당동,202606,아파트_전월세,사당우성2,사당동,105,118.25,,20000,200,11,19,1993,갱신,26.06~28.06,50000.0,,,,
동작구,11590,노량진동,202606,아파트_전월세,삼익,노량진동,330,84.68,,54000,0,19,12,2001,갱신,26.06~28.06,53000.0,,사용,,
동작구,11590,사당동,202606,아파트_전월세,스타팰리스이수,사당동,1008-1,18.08,,5500,49,5,11,2026,신규,26.06~28.06,,,,,
동작구,11590,상도동,202606,아파트_전월세,힐스테이트 상도 센트럴파크,상도동,531,59.7686,,65000,50,7,22,2012,신규,26.09~28.09,,,,,
동작구,11590,대방동,202606,아파트_전월세,대림아파트,대방동,501,84.92,,78500,0,6,17,1993,갱신,26.09~28.09,73500.0,,,,
동작구,11590,상도동,202606,아파트_전월세,포스코더샵,상도동,521,59.96,,68000,0,10,20,2007,신규,26.06~27.06,,,,,
동작구,11590,사당동,202606,아파트_전월세,극동(105),사당동,105,110.14,,70000,0,9,20,1993,갱신,26.08~28.08,68000.0,,사용,,
동작구,11590,흑석동,202606,아파트_전월세,흑석리버파크자이,흑석동,343,39.05,,5802,9,18,22,2025,갱신,26.07~28.06,3304.0,21.0,,,
동작구,11590,사당동,202606,아파트_전월세,극동(105),사당동,105,46.75,,45000,0,6,20,1993,신규,26.09~28.09,,,,,
동작구,11590,본동,202606,아파트_전월세,극동강변,본동,148-2,84.73,,38100,7,1,22,1992,갱신,26.07~28.07,38000.0,,사용,,
동작구,11590,사당동,202606,아파트_전월세,삼익그린뷰,사당동,1150,84.9941,,57000,0,15,20,2003,신규,26.09~28.09,,,,,
동작구,11590,사당동,202606,아파트_전월세,래미안로이파크,사당동,1159,59.98,,10000,175,19,20,2018,갱신,26.07~28.07,10000.0,165.0,사용,,
동작구,11590,사당동,202606,아파트_전월세,COVE,사당동,1044-1,19.76,,4822,8,13,22,2024,갱신,26.07~28.06,4822.0,8.0,,,
동작구,11590,상도동,202606,아파트_전월세,상도파크자이,상도동,900,84.918,,84000,55,17,13,2016,갱신,26.09~28.09,84000.0,,,,
동작구,11590,상도동,202606,아파트_전월세,상도동래미안1차,상도동,450,84.959,,74000,0,5,20,2004,신규,26.08~28.08,,,,,
동작구,11590,동작동,202606,아파트_전월세,이수스위첸포레힐즈,동작동,102,84.97,,30000,250,3,20,2022,갱신,26.07~28.07,30000.0,240.0,사용,,
동작구,11590,상도동,202606,아파트_전월세,상도푸르지오클라베뉴,상도동,906,59.8166,,60900,0,13,20,2024,갱신,26.06~28.06,58000.0,,사용,,
동작구,11590,신대방동,202606,아파트_전월세,보라매자이더포레스트,신대방동,724,84.7739,,84000,0,10,11,2021,갱신,26.08~28.08,80000.0,,사용,,
동작구,11590,신대방동,202606,아파트_전월세,보라매우성,신대방동,706,58.86,,10000,157,22,20,1995,신규,26.09~28.09,,,,,
동작구,11590,대방동,202606,아파트_전월세,주공2,대방동,503,58.65,,55000,0,6,11,1995,신규,26.09~28.09,,,,,
동작구,11590,신대방동,202606,아파트_전월세,우성1차,신대방동,565,84.99,,63500,0,8,20,1988,갱신,26.09~28.09,53500.0,,,,
동작구,11590,대방동,202606,아파트_전월세,대방2차e-편한세상,대방동,507,131.637,,110000,0,17,22,2003,갱신,26.08~28.08,110000.0,,사용,,
동작구,11590,상도동,202606,아파트_전월세,현대(관악),상도동,407,84.78,,54000,0,11,17,1992,신규,26.07~28.07,,,,,
동작구,11590,대방동,202606,아파트_전월세,대방파크빌,대방동,516,35.24,,1403,18,2,16,2018,갱신,26.07~28.06,1351.0,18.0,,,
동작구,11590,흑석동,202606,아파트_전월세,한강현대,흑석동,28,83.475,,69000,0,11,13,1988,신규,26.08~28.08,,,,,
동작구,11590,대방동,202606,아파트_전월세,보라매코오롱하늘채,대방동,509,84.7,,71000,0,12,18,2005,신규,26.09~28.09,,,,,
동작구,11590,상도동,202606,아파트_전월세,상도파크자이,상도동,900,59.978,,80000,0,4,20,2016,신규,26.07~28.07,,,,,
동작구,11590,상도동,202606,아파트_전월세,래미안상도3차,상도동,431,114.97,,57000,140,2,19,2004,신규,26.09~28.09,,,,,
동작구,11590,사당동,202606,아파트_전월세,래미안로이파크,사당동,1159,84.98,,103000,0,24,13,2018,신규,26.08~28.08,,,,,
동작구,11590,사당동,202606,아파트_전월세,이수역리가,사당동,1157,84.9827,,88000,0,8,20,2013,신규,26.11~28.11,,,,,
동작구,11590,본동,202606,아파트_전월세,경동윈츠리버,본동,484,110.04,,75000,0,10,19,2004,신규,26.08~28.08,,,,,
동작구,11590,사당동,202606,아파트_전월세,경남아너스빌1차,사당동,1134,114.29,,72000,0,2,20,1997,신규,26.08~28.08,,,,,
동작구,11590,사당동,202606,아파트_전월세,극동(105),사당동,105,109.7,,65000,0,10,22,1993,갱신,26.07~28.07,62000.0,,사용,,
동작구,11590,상도동,202606,아파트_전월세,이수브라운스톤상도(527-0),상도동,527,84.91,,84000,0,8,20,2007,신규,26.09~28.09,,,,,
동작구,11590,상도동,202606,아파트_전월세,상도효성해링턴플레이스,상도동,536,59.9769,,36307,0,26,19,2016,갱신,26.07~28.06,34579.0,,,,
동작구,11590,상도동,202606,아파트_전월세,삼성래미안2,상도동,421,59.886,,56700,0,7,21,2003,갱신,26.07~28.07,54000.0,,사용,,
동작구,11590,신대방동,202606,아파트_전월세,신대방경남,신대방동,712,78.19,,10000,220,14,19,2003,신규,26.06~28.06,,,,,
동작구,11590,상도동,202606,아파트_전월세,삼익,상도동,413,84.96,,62000,0,1,19,1997,신규,26.09~28.09,,,,,
동작구,11590,사당동,202606,아파트_전월세,이수푸르지오더프레티움,사당동,1161,59.9748,,80000,0,11,19,2021,신규,26.09~27.10,,,,,
동작구,11590,흑석동,202606,아파트_전월세,롯데캐슬에듀포레,흑석동,340,59.8718,,79800,0,3,13,2018,갱신,26.08~28.08,76000.0,,사용,,
동작구,11590,사당동,202606,아파트_전월세,신동아4,사당동,105,59.89,,52000,0,12,19,1993,갱신,26.06~28.06,46000.0,,,,
동작구,11590,흑석동,202606,아파트_전월세,흑석한강푸르지오,흑석동,336,84.98,,93000,0,10,19,2012,신규,26.08~28.08,,,,,
동작구,11590,상도동,202606,아파트_전월세,상도효성해링턴플레이스,상도동,536,84.8136,,50400,0,5,19,2016,갱신,26.07~28.06,48000.0,,,,
동작구,11590,상도동,202606,아파트_전월세,대림아파트,상도동,411,84.89,,63000,0,12,19,1995,신규,26.08~28.08,,,,,
동작구,11590,노량진동,202606,아파트_전월세,더써밋타워,노량진동,54-4,18.3,,17640,10,12,19,2024,신규,26.06~28.06,,,,,
동작구,11590,상도동,202606,아파트_전월세,상도효성해링턴플레이스,상도동,536,84.9116,,50400,0,11,19,2016,갱신,26.07~28.06,48000.0,,,,
동작구,11590,상도동,202606,아파트_전월세,포스코더샵,상도동,521,59.99,,73000,0,11,18,2007,신규,26.08~28.08,,,,,
동작구,11590,흑석동,202606,아파트_전월세,아크로리버하임,흑석동,341,84.7536,,2000,135,1,12,2019,신규,26.07~28.07,,,,,
동작구,11590,상도동,202606,아파트_전월세,롯데캐슬비엔,상도동,530,84.95,,49000,0,3,9,2010,신규,26.06~28.05,,,,,
동작구,11590,신대방동,202606,아파트_전월세,보라매e편한세상,신대방동,720,84.94,,80000,0,15,19,2010,신규,26.08~28.08,,,,,
동작구,11590,사당동,202606,아파트_전월세,케이씨씨,사당동,1153,121.3166,,70000,0,1,19,2007,갱신,26.06~28.06,70000.0,,,,
동작구,11590,상도동,202606,아파트_전월세,래미안상도3차,상도동,431,84.96,,74500,0,3,5,2004,갱신,26.08~28.08,71000.0,,사용,,
동작구,11590,사당동,202606,아파트_전월세,라온시티,사당동,1044-11,12.44,,1000,65,5,12,2014,신규,26.06~28.06,,,,,
동작구,11590,흑석동,202606,아파트_전월세,롯데캐슬에듀포레,흑석동,340,59.8718,,90000,0,9,19,2018,갱신,26.09~28.09,82000.0,,,,
동작구,11590,사당동,202606,아파트_전월세,신동아4,사당동,105,46.75,,54000,0,3,18,1993,신규,26.09~28.09,,,,,
동작구,11590,노량진동,202606,아파트_전월세,우성,노량진동,323,59.82,,50000,35,10,15,1997,신규,26.08~28.08,,,,,
동작구,11590,사당동,202606,아파트_전월세,COVE,사당동,1044-1,39.59,,6312,28,11,19,2024,갱신,26.07~28.06,6075.0,27.0,,,
동작구,11590,상도동,202606,아파트_전월세,상도효성해링턴플레이스,상도동,536,59.9769,,40131,0,18,19,2016,갱신,26.07~28.06,38220.0,,,,
동작구,11590,상도동,202606,아파트_전월세,상도효성해링턴플레이스,상도동,536,84.8136,,44527,0,7,19,2016,갱신,26.07~28.06,42407.0,,,,
동작구,11590,사당동,202606,아파트_전월세,COVE,사당동,1044-1,37.12,,3121,33,10,19,2024,신규,26.07~28.06,,,,,
동작구,11590,대방동,202606,아파트_전월세,주공2,대방동,503,58.65,,55000,0,5,3,1995,신규,26.11~28.11,,,,,
동작구,11590,대방동,202606,아파트_전월세,주공2,대방동,503,59.97,,3000,160,8,19,1995,신규,26.07~28.07,,,,,
동작구,11590,흑석동,202606,아파트_전월세,흑석리버파크자이,흑석동,343,59.98,,60000,110,5,17,2025,신규,26.08~28.08,,,,,
동작구,11590,상도동,202606,아파트_전월세,상도역롯데캐슬파크엘,상도동,904,59.9851,,75000,0,1,1,2021,신규,26.09~28.09,,,,,
동작구,11590,상도동,202606,아파트_전월세,상도효성해링턴플레이스,상도동,536,59.9769,,36307,0,20,19,2016,갱신,26.07~28.06,32933.0,,,,
동작구,11590,상도동,202606,아파트_전월세,포스코더샵,상도동,521,132.735,,90000,0,14,18,2007,신규,26.07~28.07,,,,,
동작구,11590,신대방동,202606,아파트_전월세,동작협성휴포레시그니처,신대방동,686-48,84.9464,,71000,13,11,6,2022,갱신,26.07~28.07,71000.0,,사용,,
동작구,11590,상도동,202606,아파트_전월세,두산위브트레지움2차,상도동,535,59.7852,,40792,0,4,19,2016,갱신,26.07~28.06,38850.0,,,,
동작구,11590,사당동,202606,아파트_전월세,삼성래미안,사당동,1133,84.967,,67000,0,18,2,2003,신규,26.07~28.07,,,,,
동작구,11590,신대방동,202606,아파트_전월세,우성1차,신대방동,565,126.16,,82000,0,8,16,1988,갱신,26.06~28.06,70000.0,,,,
동작구,11590,상도동,202606,아파트_전월세,현대(관악),상도동,407,84.78,,29100,120,7,10,1992,갱신,26.08~28.08,29100.0,100.0,,,
동작구,11590,대방동,202606,아파트_전월세,주공2,대방동,503,58.65,,52000,0,11,18,1995,갱신,26.06~28.06,50000.0,,사용,,
동작구,11590,본동,202606,아파트_전월세,신동아,본동,481,104.7,,60900,0,7,13,1993,갱신,26.08~28.08,58000.0,,사용,,
동작구,11590,상도동,202606,아파트_전월세,힐스테이트 상도 센트럴파크,상도동,531,84.7954,,50000,160,12,18,2012,신규,26.09~28.09,,,,,
동작구,11590,상도동,202606,아파트_전월세,상도푸르지오클라베뉴,상도동,906,74.9953,,70000,0,10,18,2024,갱신,26.08~28.08,67000.0,,사용,,
동작구,11590,노량진동,202606,아파트_전월세,더클래식동작,노량진동,37-1,16.25,,5967,49,4,18,2020,신규,26.07~28.07,,,,,
동작구,11590,사당동,202606,아파트_전월세,사당자이,사당동,1139,59.89,,19000,50,10,18,1999,신규,26.06~28.06,,,,,
동작구,11590,사당동,202606,아파트_전월세,극동(105),사당동,105,119.91,,84000,0,7,16,1993,신규,26.08~28.08,,,,,
동작구,11590,사당동,202606,아파트_전월세,극동(105),사당동,105,109.7,,30000,142,19,18,1993,갱신,26.06~28.06,30000.0,130.0,,,
동작구,11590,사당동,202606,아파트_전월세,스톤하우스,사당동,1051-22,31.725,,26700,4,8,6,2016,갱신,26.08~28.08,25500.0,4.0,,,
동작구,11590,상도동,202606,아파트_전월세,래미안상도3차,상도동,431,84.96,,84000,0,14,17,2004,신규,26.08~28.08,,,,,
동작구,11590,상도동,202606,아파트_전월세,상도푸르지오클라베뉴,상도동,906,59.8166,,60900,0,16,17,2024,갱신,26.07~28.07,58000.0,,사용,,
동작구,11590,사당동,202606,아파트_전월세,스톤하우스,사당동,1051-22,31.725,,25400,8,7,10,2016,신규,26.08~28.08,,,,,
동작구,11590,상도동,202606,아파트_전월세,힐스테이트 상도 센트럴파크,상도동,531,84.6099,,85000,0,16,5,2012,갱신,26.06~28.06,82500.0,,,,
동작구,11590,사당동,202606,아파트_전월세,삼성,사당동,1140,59.91,,41500,0,8,17,1999,갱신,26.07~28.07,39600.0,,,,
동작구,11590,상도동,202606,아파트_전월세,건영,상도동,414,32.8,,3000,106,3,16,1997,갱신,26.08~28.08,3000.0,100.0,사용,,
동작구,11590,흑석동,202606,아파트_전월세,청호,흑석동,327,33.84,,1234,13,2,17,1997,갱신,26.07~28.06,1188.0,12.0,,,
동작구,11590,사당동,202606,아파트_전월세,래미안로이파크,사당동,1159,84.98,,100000,0,7,17,2018,신규,26.09~28.09,,,,,
동작구,11590,사당동,202606,아파트_전월세,이수역리가,사당동,1157,84.9827,,88000,0,5,15,2013,신규,26.09~28.09,,,,,
동작구,11590,사당동,202606,아파트_전월세,이수역리가,사당동,1157,84.9604,,50000,114,7,12,2013,갱신,26.10~28.10,50000.0,100.0,사용,,
동작구,11590,신대방동,202606,아파트_전월세,동작상떼빌,신대방동,719,132.43,,85000,0,19,16,2006,신규,26.09~28.09,,,,,
동작구,11590,사당동,202606,아파트_전월세,이수푸르지오더프레티움,사당동,1161,84.9243,,110000,0,8,16,2021,신규,26.09~28.09,,,,,
동작구,11590,상도1동,202606,아파트_전월세,상도현진에버빌,상도1동,475,13.18,,8000,0,1,3,2012,신규,26.06~28.06,,,,,
동작구,11590,상도동,202606,아파트_전월세,상도역롯데캐슬파크엘,상도동,904,59.9818,,74000,0,7,6,2021,신규,26.08~28.08,,,,,
동작구,11590,상도동,202606,아파트_전월세,경향렉스빌,상도동,445,114.6534,,65000,0,2,15,2002,신규,26.10~28.10,,,,,
동작구,11590,사당동,202606,아파트_전월세,사당우성3,사당동,105,46.75,,44000,0,13,13,1993,갱신,26.10~27.10,30400.0,12.0,,,
동작구,11590,사당동,202606,아파트_전월세,사당우성3,사당동,105,59.89,,10000,148,11,11,1993,갱신,26.07~28.07,10000.0,140.0,사용,,
동작구,11590,사당동,202606,아파트_전월세,신동아4,사당동,105,59.89,,5000,200,8,16,1993,신규,26.07~28.07,,,,,
동작구,11590,사당동,202606,아파트_전월세,사당롯데캐슬골든포레,사당동,1160,84.9824,,78750,0,18,12,2021,갱신,26.08~28.08,75000.0,,사용,,
동작구,11590,상도동,202606,아파트_전월세,상도파크자이,상도동,900,72.678,,10000,173,9,16,2016,신규,26.09~27.09,,,,,
동작구,11590,사당동,202606,아파트_전월세,극동(105),사당동,105,51.57,,48300,0,10,12,1993,갱신,26.07~28.07,46000.0,,사용,,
동작구,11590,사당동,202606,아파트_전월세,남해오네뜨,사당동,1143,59.958,,30000,80,3,16,2002,신규,26.08~28.08,,,,,
동작구,11590,상도동,202606,아파트_전월세,두산위브트레지움2차,상도동,535,84.9988,,55000,120,10,16,2016,신규,26.09~28.09,,,,,
동작구,11590,상도동,202606,아파트_전월세,상도푸르지오클라베뉴,상도동,906,59.8166,,59850,0,5,12,2024,갱신,26.06~28.06,57000.0,,사용,,
동작구,11590,흑석동,202606,아파트_전월세,아크로리버하임,흑석동,341,84.7536,,125000,0,4,15,2019,신규,26.08~28.08,,,,,
동작구,11590,신대방동,202606,아파트_전월세,신동아파밀리에,신대방동,717,112.058,,68000,0,3,13,2005,갱신,26.06~29.03,65000.0,,사용,,
동작구,11590,대방동,202606,아파트_전월세,대방파크빌,대방동,516,35.24,,1403,18,2,16,2018,갱신,26.07~28.06,1351.0,18.0,,,
동작구,11590,신대방동,202606,아파트_전월세,동작협성휴포레시그니처,신대방동,686-48,84.9869,,83000,0,25,13,2022,갱신,26.07~28.07,53000.0,,,,
동작구,11590,상도동,202606,아파트_전월세,힐스테이트 상도 센트럴파크,상도동,531,84.6099,,70000,90,4,16,2012,신규,26.08~27.07,,,,,
동작구,11590,흑석동,202606,아파트_전월세,흑석리버파크자이,흑석동,343,84.96,,40000,300,8,16,2025,신규,26.09~28.09,,,,,
동작구,11590,상도동,202606,아파트_전월세,상도1차갑을명가,상도동,458,84.72,,48000,0,5,15,2006,갱신,26.07~28.07,48000.0,,,,
동작구,11590,상도동,202606,아파트_전월세,중앙하이츠빌,상도동,415,84.9794,,60000,50,11,13,2003,갱신,26.08~27.04,60000.0,30.0,,,
동작구,11590,대방동,202606,아파트_전월세,대방파크빌,대방동,516,35.22,,953,32,2,16,2018,갱신,26.07~28.06,2173.0,28.0,,,
동작구,11590,사당동,202606,아파트_전월세,스톤하우스,사당동,1051-22,36.99,,29100,3,5,6,2016,갱신,26.07~28.07,29100.0,,사용,,
동작구,11590,본동,202606,아파트_전월세,신동아,본동,481,104.7,,68000,0,5,7,1993,신규,26.09~28.09,,,,,
동작구,11590,동작동,202606,아파트_전월세,이수힐스테이트,동작동,333,108.3358,,50000,250,3,16,2013,신규,26.07~28.07,,,,,
동작구,11590,신대방동,202606,아파트_전월세,우성2차,신대방동,565-21,59.47,,37000,0,15,8,1995,갱신,26.08~28.11,35000.0,,,,
동작구,11590,대방동,202606,아파트_전월세,대방파크빌,대방동,516,29.84,,1998,11,2,16,2018,갱신,26.07~28.06,1124.0,15.0,,,
동작구,11590,사당동,202606,아파트_전월세,신동아4,사당동,105,59.89,,40000,70,9,10,1993,신규,26.09~28.09,,,,,
동작구,11590,상도동,202606,아파트_전월세,래미안상도3차,상도동,431,84.96,,10000,260,5,16,2004,신규,26.07~28.07,,,,,
동작구,11590,상도동,202606,아파트_전월세,상도푸르지오클라베뉴,상도동,906,84.6246,,76650,0,9,13,2024,갱신,26.09~28.09,73000.0,,사용,,
동작구,11590,사당동,202606,아파트_전월세,제일,사당동,240-15,60.03,,36500,0,2,13,1987,갱신,26.07~28.07,35000.0,,,,
동작구,11590,상도동,202606,아파트_전월세,상도역롯데캐슬파크엘,상도동,904,74.9587,,72000,0,3,15,2021,갱신,26.07~28.07,70000.0,,사용,,
동작구,11590,상도동,202606,아파트_전월세,e편한세상상도노빌리티,상도동,903,108.9843,,2000,110,3,15,2018,신규,26.07~28.07,,,,,
동작구,11590,대방동,202606,아파트_전월세,주공2,대방동,503,58.65,,55000,0,3,3,1995,신규,26.09~28.09,,,,,
동작구,11590,상도동,202606,아파트_전월세,상도효성해링턴플레이스,상도동,536,59.9769,,36307,0,3,16,2016,갱신,26.07~28.06,34000.0,,,,
동작구,11590,사당동,202606,아파트_전월세,극동(105),사당동,105,84.32,,50935,0,8,13,1993,갱신,26.07~27.07,48510.0,,,,
동작구,11590,신대방동,202606,아파트_전월세,보라매e편한세상,신대방동,720,59.98,,60000,0,18,14,2010,신규,26.09~28.09,,,,,
동작구,11590,흑석동,202606,아파트_전월세,흑석한강푸르지오,흑석동,336,84.98,,83685,0,14,12,2012,갱신,26.07~28.07,79700.0,,사용,,
동작구,11590,사당동,202606,아파트_전월세,사당해그린,사당동,1145,94.22,,55000,10,9,15,2004,갱신,26.08~28.08,55000.0,,사용,,
동작구,11590,상도1동,202606,아파트_전월세,상도현진에버빌,상도1동,475,31.26,,16800,0,7,15,2012,갱신,26.09~28.09,16800.0,,사용,,
동작구,11590,사당동,202606,아파트_전월세,삼성래미안,사당동,1133,114.502,,300,70,15,15,2003,신규,26.06~28.06,,,,,
동작구,11590,신대방동,202606,아파트_전월세,동작협성휴포레시그니처,신대방동,686-48,84.9464,,74500,0,13,13,2022,갱신,26.08~28.08,71000.0,,사용,,
동작구,11590,흑석동,202606,아파트_전월세,흑석한강푸르지오,흑석동,336,84.98,,73700,15,2,10,2012,갱신,26.06~28.06,70000.0,15.0,,,
동작구,11590,사당동,202606,아파트_전월세,현대,사당동,169-32,59.96,,25000,90,7,9,1991,신규,26.09~28.09,,,,,
동작구,11590,상도동,202606,아파트_전월세,두산위브트레지움2차,상도동,535,84.864,,54600,0,6,15,2016,갱신,26.07~28.06,52000.0,,,,
동작구,11590,사당동,202606,아파트_전월세,진흥아리엘,사당동,1142,75.6967,,45000,0,3,13,2004,갱신,26.06~28.06,40000.0,,,,
동작구,11590,노량진동,202606,아파트_전월세,메가스터디타워,노량진동,57-1,16.01,,1000,70,10,10,2015,신규,26.06~27.06,,,,,
동작구,11590,사당동,202606,아파트_전월세,사당자이,사당동,1139,60,,38000,70,8,13,1999,신규,26.09~28.09,,,,,
동작구,11590,노량진동,202606,아파트_전월세,더클래식동작,노량진동,37-1,14.17,,5318,44,11,15,2020,갱신,26.08~28.08,5318.0,42.0,,,
동작구,11590,흑석동,202606,아파트_전월세,롯데캐슬에듀포레,흑석동,340,59.8718,,20000,255,5,9,2018,신규,26.08~28.08,,,,,
동작구,11590,사당동,202606,아파트_전월세,남해오네뜨,사당동,1143,59.958,,21100,80,2,13,2002,갱신,26.07~28.07,21100.0,70.0,,,
동작구,11590,상도동,202606,아파트_전월세,두산위브트레지움2차,상도동,535,84.9988,,90000,0,13,13,2016,신규,26.08~28.08,,,,,
동작구,11590,사당동,202606,아파트_전월세,사당우성3,사당동,105,84.66,,60900,0,1,4,1993,갱신,26.07~28.07,58000.0,,사용,,
동작구,11590,상도동,202606,아파트_전월세,래미안상도3차,상도동,431,84.96,,55000,110,10,13,2004,신규,26.08~28.08,,,,,
동작구,11590,사당동,202606,아파트_전월세,사당우성3,사당동,105,84.66,,80000,0,2,14,1993,신규,26.08~28.08,,,,,
동작구,11590,사당동,202606,아파트_전월세,극동(105),사당동,105,109.7,,66000,0,2,15,1993,신규,26.08~28.08,,,,,
동작구,11590,상도동,202606,아파트_전월세,롯데캐슬비엔,상도동,530,84.95,,49000,0,3,9,2010,신규,26.06~28.05,,,,,
동작구,11590,상도동,202606,아파트_전월세,대림아파트,상도동,411,84.89,,65000,0,7,2,1995,신규,26.08~28.08,,,,,
동작구,11590,흑석동,202606,아파트_전월세,롯데캐슬에듀포레,흑석동,340,84.9732,,91800,0,3,13,2018,갱신,26.08~29.01,87500.0,,사용,,
동작구,11590,동작동,202606,아파트_전월세,이수힐스테이트,동작동,333,84.9817,,94500,0,4,13,2013,갱신,26.08~29.02,90000.0,,사용,,
동작구,11590,상도동,202606,아파트_전월세,상도동래미안1차,상도동,450,84.959,,30000,150,19,4,2004,신규,26.07~28.07,,,,,
동작구,11590,사당동,202606,아파트_전월세,사당롯데캐슬2차,사당동,1149,84.614,,60000,55,3,13,2004,신규,26.09~28.09,,,,,
동작구,11590,상도동,202606,아파트_전월세,상도푸르지오클라베뉴,상도동,906,59.8166,,56500,0,14,13,2024,갱신,26.06~28.06,56500.0,,사용,,
동작구,11590,신대방동,202606,아파트_전월세,현대,신대방동,707,84.57,,47400,9,3,13,1996,갱신,26.06~28.06,47400.0,,,,
동작구,11590,사당동,202606,아파트_전월세,이수푸르지오더프레티움,사당동,1161,59.927,,89500,0,8,14,2021,신규,26.09~28.09,,,,,
동작구,11590,상도동,202606,아파트_전월세,e편한세상상도노빌리티,상도동,903,59.7827,,85000,0,4,10,2018,신규,26.09~28.09,,,,,
동작구,11590,사당동,202606,아파트_전월세,대림(169-8),사당동,169-8,84.91,,63000,0,12,12,1990,신규,26.07~28.07,,,,,
동작구,11590,노량진동,202606,아파트_전월세,메가스터디타워,노량진동,57-1,15.974,,1000,75,9,12,2015,신규,26.06~27.06,,,,,
동작구,11590,흑석동,202606,아파트_전월세,아크로리버하임,흑석동,341,84.7536,,5000,120,10,12,2019,신규,26.07~28.07,,,,,
동작구,11590,상도동,202606,아파트_전월세,상도역롯데캐슬파크엘,상도동,904,59.9818,,35000,200,12,12,2021,신규,26.08~28.08,,,,,
동작구,11590,사당동,202606,아파트_전월세,이수역리가,사당동,1157,84.9827,,88000,0,13,12,2013,신규,26.08~28.08,,,,,
동작구,11590,사당동,202606,아파트_전월세,사당우성2,사당동,105,59.89,,60000,0,7,13,1993,신규,26.09~28.09,,,,,
동작구,11590,사당동,202606,아파트_전월세,사당롯데캐슬2차,사당동,1149,84.614,,50000,72,2,13,2004,갱신,26.07~28.07,50000.0,60.0,사용,,
동작구,11590,상도동,202606,아파트_전월세,상도효성해링턴플레이스,상도동,536,84.8136,,73500,0,23,8,2016,갱신,26.08~28.08,70000.0,,사용,,
동작구,11590,사당동,202606,아파트_전월세,래미안로이파크,사당동,1159,59.98,,85000,0,16,7,2018,신규,26.08~28.08,,,,,
동작구,11590,사당동,202606,아파트_전월세,롯데캐슬,사당동,1132,84.96,,30000,160,10,9,2003,신규,26.08~28.08,,,,,
동작구,11590,동작동,202606,아파트_전월세,이수스위첸포레힐즈,동작동,102,84.97,,54000,160,14,12,2022,갱신,26.06~28.06,50000.0,160.0,,,
동작구,11590,신대방동,202606,아파트_전월세,보라매자이더포레스트,신대방동,724,59.9365,,70720,0,31,11,2021,갱신,26.06~28.06,68000.0,,사용,,
동작구,11590,상도동,202606,아파트_전월세,상도역롯데캐슬파크엘,상도동,904,59.9818,,20000,160,18,12,2021,신규,26.07~28.07,,,,,
동작구,11590,흑석동,202606,아파트_전월세,흑석한강푸르지오,흑석동,336,84.98,,80000,60,13,3,2012,신규,26.08~28.08,,,,,
동작구,11590,신대방동,202606,아파트_전월세,우성1차,신대방동,565,84.99,,50000,0,1,12,1988,갱신,26.06~28.06,48000.0,,사용,,
동작구,11590,상도동,202606,아파트_전월세,상도역롯데캐슬파크엘,상도동,904,84.9952,,105000,0,11,12,2021,신규,26.07~28.07,,,,,
동작구,11590,대방동,202606,아파트_전월세,주공2,대방동,503,58.65,,55000,0,6,11,1995,신규,26.09~28.09,,,,,
동작구,11590,흑석동,202606,아파트_전월세,한강현대,흑석동,28,131.06,,95000,0,5,10,1988,신규,26.09~28.08,,,,,
동작구,11590,대방동,202606,아파트_전월세,신일해피트리,대방동,510,59.8165,,58500,0,9,11,2005,갱신,26.06~28.06,56000.0,,,,
동작구,11590,사당동,202606,아파트_전월세,래미안로이파크,사당동,1159,84.98,,10000,315,16,12,2018,갱신,26.07~28.07,10000.0,300.0,사용,,
동작구,11590,상도동,202606,아파트_전월세,씨티아모리움,상도동,532,14.1881,,2000,65,5,12,2012,신규,26.07~28.07,,,,,
동작구,11590,사당동,202606,아파트_전월세,경남아너스빌1차,사당동,1134,59.9,,50400,0,10,6,1997,갱신,26.07~28.07,48000.0,,사용,,
동작구,11590,상도동,202606,아파트_전월세,상도효성해링턴플레이스,상도동,536,59.9769,,40131,0,15,12,2016,갱신,26.07~28.06,38220.0,,,,
동작구,11590,노량진동,202606,아파트_전월세,우성,노량진동,323,59.82,,20000,130,11,4,1997,신규,26.08~28.08,,,,,
동작구,11590,상도동,202606,아파트_전월세,상도푸르지오클라베뉴,상도동,906,74.9953,,66700,0,3,9,2024,갱신,26.08~28.08,64000.0,,사용,,
동작구,11590,상도동,202606,아파트_전월세,상도푸르지오클라베뉴,상도동,906,74.9953,,68250,0,9,10,2024,신규,26.08~28.08,,,,,
동작구,11590,노량진동,202606,아파트_전월세,건영(103동-106동),노량진동,324,114.96,,66000,0,8,6,1997,갱신,26.06~28.06,64000.0,,사용,,
동작구,11590,상도동,202606,아파트_전월세,힐스테이트 상도 프레스티지,상도동,533,84.951,,94000,0,16,10,2013,신규,26.09~28.09,,,,,
동작구,11590,사당동,202606,아파트_전월세,래미안로이파크,사당동,1159,84.98,,94500,0,21,10,2018,갱신,26.07~28.07,90000.0,,사용,,
동작구,11590,노량진동,202606,아파트_전월세,신동아리버파크,노량진동,325,84.88,,42000,80,22,11,2001,갱신,26.06~28.06,40000.0,80.0,사용,,
동작구,11590,본동,202606,아파트_전월세,유원강변,본동,482,84.28,,70000,40,11,11,2000,신규,26.10~28.10,,,,,
동작구,11590,흑석동,202606,아파트_전월세,명수대현대,흑석동,10,70.2,,30000,97,13,11,1988,갱신,26.08~28.08,30000.0,87.0,사용,,
동작구,11590,상도동,202606,아파트_전월세,상도1차갑을명가,상도동,458,84.72,,48000,0,5,10,2006,갱신,26.07~28.07,48000.0,,,,
동작구,11590,신대방동,202606,아파트_전월세,보라매삼성쉐르빌,신대방동,395-66,120.59,,90000,0,27,10,2003,신규,26.06~28.06,,,,,
동작구,11590,상도동,202606,아파트_전월세,힐스테이트 상도 센트럴파크,상도동,531,84.6099,,94000,0,14,10,2012,신규,26.08~28.08,,,,,
동작구,11590,노량진동,202606,아파트_전월세,힐스테이트장승배기역,노량진동,336,84.8768,,10000,370,24,9,2026,신규,26.08~28.08,,,,,
동작구,11590,상도동,202606,아파트_전월세,래미안상도3차,상도동,431,84.96,,70000,0,5,10,2004,갱신,26.09~28.09,68000.0,,사용,,
동작구,11590,상도동,202606,아파트_전월세,래미안상도3차,상도동,431,84.96,,35000,170,7,3,2004,갱신,26.08~28.08,35000.0,150.0,,,
동작구,11590,본동,202606,아파트_전월세,삼성래미안,본동,492,114.9855,,42000,90,1,10,2004,갱신,26.06~28.06,40000.0,90.0,사용,,
동작구,11590,상도동,202606,아파트_전월세,상도더샵2차,상도동,534,84.99,,78700,0,8,5,2014,갱신,26.06~26.09,75000.0,,사용,,
동작구,11590,사당동,202606,아파트_전월세,대림(169-8),사당동,169-8,59.67,,50000,0,2,6,1990,신규,26.09~28.09,,,,,
동작구,11590,사당동,202606,아파트_전월세,신동아4,사당동,105,59.89,,5000,200,12,10,1993,신규,26.09~28.09,,,,,
동작구,11590,노량진동,202606,아파트_전월세,우성,노량진동,323,59.82,,20000,120,1,9,1997,신규,26.08~28.08,,,,,
동작구,11590,사당동,202606,아파트_전월세,신동아4,사당동,105,84.46,,65000,10,6,6,1993,갱신,26.07~28.07,65000.0,,사용,,
동작구,11590,상도동,202606,아파트_전월세,상도에스에이치빌,상도동,430,32.43,,1902,19,5,9,2006,신규,26.06~28.08,,,,,
동작구,11590,사당동,202606,아파트_전월세,삼성래미안,사당동,1133,60.739,,60900,0,11,6,2003,갱신,26.07~28.07,58000.0,,사용,,
동작구,11590,상도동,202606,아파트_전월세,상도에스에이치빌,상도동,430,32.43,,1902,19,11,9,2006,신규,26.06~28.08,,,,,
동작구,11590,본동,202606,아파트_전월세,경동윈츠리버,본동,484,56.68,,40000,50,1,9,2004,신규,26.08~28.08,,,,,
동작구,11590,신대방동,202606,아파트_전월세,동작협성휴포레시그니처,신대방동,686-48,84.9869,,80000,0,14,9,2022,신규,26.10~28.09,,,,,
동작구,11590,상도동,202606,아파트_전월세,상도푸르지오클라베뉴,상도동,906,74.9953,,66700,0,3,9,2024,갱신,26.08~28.08,64000.0,,,,
동작구,11590,대방동,202606,아파트_전월세,대방동현대,대방동,502,84.96,,63000,0,11,8,1994,갱신,26.08~28.08,60000.0,,사용,,
동작구,11590,상도동,202606,아파트_전월세,상도에스에이치빌,상도동,430,32.43,,1902,19,13,9,2006,신규,26.06~28.08,,,,,
동작구,11590,대방동,202606,아파트_전월세,신일해피트리,대방동,510,84.977,,61000,0,4,1,2005,갱신,26.06~28.06,61000.0,,사용,,
동작구,11590,사당동,202606,아파트_전월세,삼호그린,사당동,1138,59.96,,20000,80,6,9,1999,갱신,26.08~27.08,20000.0,75.0,,,
동작구,11590,사당동,202606,아파트_전월세,사당롯데캐슬골든포레,사당동,1160,59.8557,,69300,0,17,8,2021,갱신,26.08~28.08,66000.0,,사용,,
동작구,11590,흑석동,202606,아파트_전월세,롯데캐슬에듀포레,흑석동,340,84.9912,,2000,120,4,6,2018,신규,26.06~28.06,,,,,
동작구,11590,대방동,202606,아파트_전월세,아데나339,대방동,515,15.36,,1000,65,3,2,2012,신규,26.06~27.06,,,,,
동작구,11590,사당동,202606,아파트_전월세,신동아4,사당동,105,84.46,,50000,50,6,3,1993,갱신,26.10~28.10,60000.0,,,,
동작구,11590,상도동,202606,아파트_전월세,상도역롯데캐슬파크엘,상도동,904,59.9818,,78000,0,5,8,2021,갱신,26.07~28.06,72000.0,,,,
동작구,11590,상도동,202606,아파트_전월세,씨티아모리움,상도동,532,12.7071,,1000,60,6,6,2012,신규,26.07~28.07,,,,,
동작구,11590,노량진동,202606,아파트_전월세,삼익,노량진동,330,84.68,,49000,0,5,6,2001,갱신,26.07~28.07,47000.0,,사용,,
동작구,11590,노량진동,202606,아파트_전월세,신동아리버파크,노량진동,325,59.67,,5250,150,10,6,2001,갱신,26.07~28.07,5000.0,150.0,사용,,
동작구,11590,상도동,202606,아파트_전월세,상도효성해링턴플레이스,상도동,536,84.9506,,70000,50,16,3,2016,갱신,26.06~28.06,66000.0,,,,
동작구,11590,노량진동,202606,아파트_전월세,더클래식동작,노량진동,37-1,16.25,,5967,49,6,5,2020,신규,26.07~28.07,,,,,
동작구,11590,사당동,202606,아파트_전월세,사당우성2,사당동,105,59.89,,47000,40,8,6,1993,신규,26.08~28.08,,,,,
동작구,11590,상도동,202606,아파트_전월세,두산위브트레지움2차,상도동,535,84.864,,54600,0,4,8,2016,갱신,26.07~28.06,52000.0,,,,
동작구,11590,대방동,202606,아파트_전월세,주공2,대방동,503,58.65,,47250,0,15,1,1995,갱신,26.06~28.06,45000.0,,사용,,
동작구,11590,사당동,202606,아파트_전월세,스톤하우스,사당동,1051-22,28.77,,21700,15,2,6,2016,신규,26.09~28.09,,,,,
동작구,11590,대방동,202606,아파트_전월세,주공2,대방동,503,59.97,,53500,0,10,5,1995,갱신,26.07~28.07,52000.0,,사용,,
동작구,11590,신대방동,202606,아파트_전월세,우성1차,신대방동,565,84.99,,40000,100,6,6,1988,신규,26.09~28.09,,,,,
동작구,11590,동작동,202606,아파트_전월세,이수교KCC스위첸,동작동,332,120.71,,90000,0,1,6,2006,신규,26.10~28.10,,,,,
동작구,11590,노량진동,202606,아파트_전월세,더클래식동작,노량진동,37-1,16.25,,5967,49,4,8,2020,신규,26.07~28.07,,,,,
동작구,11590,사당동,202606,아파트_전월세,사당우성2,사당동,105,118.25,,83000,0,1,7,1993,신규,26.09~28.09,,,,,
동작구,11590,대방동,202606,아파트_전월세,현대홈타운2,대방동,506,84.94,,20000,117,7,6,1999,갱신,26.10~28.09,20000.0,108.0,사용,,
동작구,11590,상도동,202606,아파트_전월세,상도푸르지오클라베뉴,상도동,906,59.8166,,69000,0,13,5,2024,신규,26.07~28.07,,,,,
동작구,11590,대방동,202606,아파트_전월세,신일해피트리,대방동,510,59.8165,,10000,150,14,2,2005,갱신,26.07~28.07,8000.0,100.0,,,
동작구,11590,상도동,202606,아파트_전월세,힐스테이트 상도 프레스티지,상도동,533,120.936,,50000,250,12,8,2013,갱신,26.11~27.11,50000.0,158.0,,,
동작구,11590,상도동,202606,아파트_전월세,상도역롯데캐슬파크엘,상도동,904,74.9853,,90000,0,11,6,2021,신규,26.08~28.08,,,,,
동작구,11590,사당동,202606,아파트_전월세,사당롯데캐슬골든포레,사당동,1160,59.9775,,65000,0,11,6,2021,갱신,26.07~28.07,62000.0,,사용,,
동작구,11590,상도동,202606,아파트_전월세,힐스테이트 상도 센트럴파크,상도동,531,59.7754,,69500,0,6,5,2012,갱신,26.06~28.06,67000.0,,사용,,
동작구,11590,노량진동,202606,아파트_전월세,신동아리버파크,노량진동,325,84.88,,68000,30,9,3,2001,갱신,26.06~28.06,68000.0,,,,
동작구,11590,흑석동,202606,아파트_전월세,아크로리버하임,흑석동,341,42.6987,,3769,16,18,8,2019,신규,26.06~28.08,,,,,
동작구,11590,대방동,202606,아파트_전월세,신일해피트리,대방동,510,59.8165,,56700,0,13,6,2005,갱신,26.06~28.06,54000.0,,사용,,
동작구,11590,상도동,202606,아파트_전월세,e편한세상상도노빌리티,상도동,903,84.9704,,100000,0,1,6,2018,신규,26.08~28.08,,,,,
동작구,11590,사당동,202606,아파트_전월세,사당롯데캐슬골든포레,사당동,1160,59.9908,,75000,0,10,6,2021,신규,26.06~28.06,,,,,
동작구,11590,흑석동,202606,아파트_전월세,흑석한강센트레빌Ⅱ,흑석동,339,84.946,,102000,0,6,6,2012,신규,26.08~28.08,,,,,
동작구,11590,대방동,202606,아파트_전월세,신한토탈,대방동,41,81.22,,20000,145,18,5,1997,갱신,26.07~28.07,20000.0,130.0,사용,,
동작구,11590,상도동,202606,아파트_전월세,상도더샵2차,상도동,534,84.99,,83000,0,8,5,2014,신규,26.09~28.09,,,,,
동작구,11590,대방동,202606,아파트_전월세,신일해피트리,대방동,510,84.977,,68000,0,3,2,2005,갱신,26.06~28.06,65000.0,,사용,,
동작구,11590,흑석동,202606,아파트_전월세,흑석한강센트레빌,흑석동,335,38.87,,7098,12,12,8,2011,갱신,26.07~28.06,3745.0,29.0,,,
동작구,11590,노량진동,202606,아파트_전월세,더클래식동작,노량진동,37-1,14.23,,4480,38,6,5,2020,신규,26.08~28.08,,,,,
동작구,11590,사당동,202606,아파트_전월세,사당롯데캐슬골든포레,사당동,1160,59.9775,,54600,0,1,5,2021,신규,26.09~27.09,,,,,
동작구,11590,노량진동,202606,아파트_전월세,건영(103동-106동),노량진동,324,114.96,,50000,11,5,5,1997,갱신,26.07~26.08,50000.0,11.0,,,
동작구,11590,흑석동,202606,아파트_전월세,아크로리버하임,흑석동,341,84.9184,,120000,0,11,2,2019,신규,26.06~28.06,,,,,
동작구,11590,흑석동,202606,아파트_전월세,흑석리버파크자이,흑석동,343,84.99,,87150,0,4,5,2025,갱신,26.06~28.06,83000.0,,사용,,
동작구,11590,신대방동,202606,아파트_전월세,동작협성휴포레시그니처,신대방동,686-48,84.9814,,62000,0,7,4,2022,갱신,26.06~28.06,62000.0,,,,
동작구,11590,사당동,202606,아파트_전월세,대림(169-8),사당동,169-8,59.67,,45000,0,10,3,1990,신규,26.08~28.08,,,,,
동작구,11590,노량진동,202606,아파트_전월세,신동아리버파크,노량진동,325,114.75,,66000,0,23,3,2001,갱신,26.07~28.07,63000.0,,사용,,
동작구,11590,노량진동,202606,아파트_전월세,건영(103동-106동),노량진동,324,114.96,,50000,11,5,5,1997,갱신,26.07~26.08,50000.0,11.0,,,
동작구,11590,흑석동,202606,아파트_전월세,흑석리버파크자이,흑석동,343,84.94,,30000,0,8,3,2025,신규,26.06~28.06,,,,,
동작구,11590,상도동,202606,아파트_전월세,e편한세상상도노빌리티,상도동,903,59.7827,,20000,193,15,2,2018,갱신,26.09~27.09,20000.0,180.0,사용,,
동작구,11590,상도동,202606,아파트_전월세,아이파크,상도동,416,84.96,,52000,70,16,3,2004,신규,26.09~28.09,,,,,
동작구,11590,상도동,202606,아파트_전월세,씨티아모리움,상도동,532,12.7071,,1000,51,2,5,2012,신규,26.09~28.09,,,,,
동작구,11590,흑석동,202606,아파트_전월세,흑석동양아파트,흑석동,328,84.99,,80000,0,7,4,2003,신규,26.09~28.09,,,,,
동작구,11590,흑석동,202606,아파트_전월세,흑석한강센트레빌,흑석동,335,84.89,,87000,40,1,4,2011,신규,26.08~28.08,,,,,
동작구,11590,대방동,202606,아파트_전월세,대림아파트,대방동,501,59.84,,39300,60,10,3,1993,갱신,26.07~28.07,37000.0,60.0,,,
동작구,11590,신대방동,202606,아파트_전월세,롯데관악타워,신대방동,395-67,149.74,,85000,25,25,2,1996,신규,26.09~28.09,,,,,
동작구,11590,상도동,202606,아파트_전월세,상도푸르지오클라베뉴,상도동,906,74.9953,,66100,0,6,3,2024,갱신,26.06~28.06,63000.0,,사용,,
동작구,11590,동작동,202606,아파트_전월세,이수힐스테이트,동작동,333,84.9817,,105000,0,12,2,2013,신규,26.07~28.07,,,,,
동작구,11590,본동,202606,아파트_전월세,래미안트윈파크,본동,494,59.9,,73500,0,17,3,2011,갱신,26.07~28.07,70000.0,,사용,,
동작구,11590,상도동,202606,아파트_전월세,쌍용스윗닷홈,상도동,418,59.578,,10000,116,8,2,2003,갱신,26.06~28.06,10000.0,110.0,,,
동작구,11590,흑석동,202606,아파트_전월세,롯데캐슬에듀포레,흑석동,340,84.9912,,10000,300,22,1,2018,신규,26.08~28.08,,,,,
동작구,11590,노량진동,202606,아파트_전월세,더클래식동작,노량진동,37-1,14.23,,5318,45,8,4,2020,갱신,26.08~28.08,5318.0,40.0,,,
동작구,11590,신대방동,202606,아파트_전월세,보라매아카데미타워,신대방동,395-69,115.54,,40000,190,9,4,1998,신규,26.09~28.09,,,,,
동작구,11590,노량진동,202606,아파트_전월세,더써밋타워,노량진동,54-4,18.3,,9400,41,5,4,2024,신규,26.07~28.07,,,,,
동작구,11590,사당동,202606,아파트_전월세,사당휴먼시아,사당동,1154,84.73,,58500,0,7,4,2009,갱신,26.06~28.06,56000.0,,,,
동작구,11590,사당동,202606,아파트_전월세,극동(105),사당동,105,59.25,,52500,0,5,3,1993,갱신,26.07~28.07,50000.0,,사용,,
동작구,11590,본동,202606,아파트_전월세,경동윈츠리버,본동,484,56.68,,60000,0,13,4,2004,신규,26.07~28.07,,,,,
동작구,11590,흑석동,202606,아파트_전월세,흑석동양아파트,흑석동,328,84.99,,75000,0,5,3,2003,갱신,26.07~28.05,75000.0,,,,
동작구,11590,상도동,202606,아파트_전월세,건영,상도동,414,114.96,,68000,0,1,2,1997,갱신,26.06~28.06,65000.0,,사용,,
동작구,11590,상도동,202606,아파트_전월세,힐스테이트 상도 프레스티지,상도동,533,84.951,,66000,0,9,2,2013,갱신,26.06~28.06,63000.0,,,,
동작구,11590,흑석동,202606,아파트_전월세,흑석리버파크자이,흑석동,343,39.05,,5714,9,8,2,2025,갱신,26.07~28.06,3304.0,21.0,,,
동작구,11590,신대방동,202606,아파트_전월세,롯데낙천대,신대방동,713,55.4561,,42000,0,9,2,2003,갱신,26.07~28.07,42000.0,,,,
동작구,11590,사당동,202606,아파트_전월세,사당휴먼시아,사당동,1154,59.96,,47000,0,2,2,2009,갱신,26.06~28.06,39000.0,,,,
동작구,11590,노량진동,202606,아파트_전월세,신동아리버파크,노량진동,325,84.88,,58800,0,5,1,2001,갱신,26.07~28.07,56000.0,,사용,,
동작구,11590,상도동,202606,아파트_전월세,아이파크,상도동,416,114.83,,90000,0,13,1,2004,신규,26.09~28.09,,,,,
동작구,11590,노량진동,202606,아파트_전월세,더써밋타워,노량진동,54-4,32.61,,15900,69,25,1,2024,갱신,26.08~28.08,15900.0,65.0,사용,,
동작구,11590,사당동,202606,아파트_전월세,래미안로이파크,사당동,1159,84.98,,105000,0,22,1,2018,신규,26.09~28.09,,,,,
동작구,11590,흑석동,202606,아파트_전월세,롯데캐슬에듀포레,흑석동,340,84.9778,,88200,0,5,1,2018,신규,26.08~28.08,,,,,
동작구,11590,사당동,202606,아파트_전월세,사당우성2,사당동,105,84.66,,10000,220,7,1,1993,갱신,26.06~28.06,10000.0,210.0,,,
동작구,11590,사당동,202606,아파트_전월세,신동아4,사당동,105,84.46,,62000,0,12,1,1993,갱신,26.06~28.06,45500.0,33.0,,,
동작구,11590,신대방동,202606,오피스텔_매매,동작상떼빌,신대방동,719,41.48,27000,,,5,17,2006,,,,,,중개거래,
동작구,11590,신대방동,202606,오피스텔_매매,동작상떼빌,신대방동,719,86.39,54500,,,6,18,2006,,,,,,중개거래,
동작구,11590,대방동,202606,오피스텔_매매,대방팰리스,대방동,20-7,84.5,52000,,,5,11,,,,,,,중개거래,
동작구,11590,신대방동,202606,오피스텔_매매,동작상떼빌,신대방동,719,90.63,56000,,,16,13,2006,,,,,,중개거래,
동작구,11590,사당동,202606,오피스텔_매매,더원캐슬,사당동,1049-8,23.65,24000,,,3,4,2020,,,,,,직거래,
동작구,11590,사당동,202606,연립다세대_매매,우남파크빌(316-266),사당동,316-266,48.52,48000,,,2,25,2012,,,,,,중개거래,
동작구,11590,신대방동,202606,연립다세대_매매,상우빌,신대방동,599-32,61,44000,,,2,27,2003,,,,,,중개거래,
동작구,11590,흑석동,202606,연립다세대_매매,중앙아트맨션,흑석동,198-11,62.28,120000,,,1,27,1997,,,,,,중개거래,
동작구,11590,상도동,202606,연립다세대_매매,스타펠리스,상도동,159-31,27.35,32000,,,3,20,2024,,,,,,중개거래,
동작구,11590,대방동,202606,연립다세대_매매,수정타운-다,대방동,415-22,57.3,47700,,,2,6,2002,,,,,,중개거래,
동작구,11590,사당동,202606,연립다세대_매매,메종슈에뜨26,사당동,1026-26,28.05,67600,,,3,23,2017,,,,,,중개거래,
동작구,11590,사당동,202606,연립다세대_매매,메종슈에뜨26,사당동,1026-26,19.51,58800,,,3,26,2017,,,,,,중개거래,
동작구,11590,사당동,202606,연립다세대_매매,리더스힐,사당동,301-3,41.98,56500,,,3,19,2022,,,,,,직거래,
동작구,11590,사당동,202606,연립다세대_매매,미성B,사당동,141-233,36.51,55000,,,1,20,1987,,,,,,직거래,
동작구,11590,신대방동,202606,연립다세대_매매,성진빌라,신대방동,344-75,60.84,41500,,,3,29,2001,,,,,,중개거래,
동작구,11590,사당동,202606,연립다세대_매매,한백리츠빌4차,사당동,419-15,45.56,29000,,,3,25,2008,,,,,,직거래,
동작구,11590,사당동,202606,연립다세대_매매,디에스리브1단지,사당동,44-179,27.76,54000,,,5,20,2021,,,,,,중개거래,
동작구,11590,상도동,202606,연립다세대_매매,(235-25),상도동,235-25,81.18,79500,,,2,19,1994,,,,,,직거래,
동작구,11590,사당동,202606,연립다세대_매매,(242-6),사당동,242-6,58.94,43000,,,1,26,2001,,,,,,중개거래,
동작구,11590,상도동,202606,연립다세대_매매,태건하이츠빌라(159-278),상도동,159-278,74.67,111650,,,3,18,1986,,,,,,직거래,
동작구,11590,사당동,202606,연립다세대_매매,델리카운티,사당동,55-2,52.72,65800,,,2,20,2022,,,,,,중개거래,
동작구,11590,상도동,202606,연립다세대_매매,상도세인트빌B동(214-42외),상도동,214-42,40.48,62000,,,1,16,2014,,,,,,중개거래,
동작구,11590,상도동,202606,연립다세대_매매,미성해드림(244-140),상도동,244-140,57.84,92000,,,4,26,2013,,,,,,중개거래,
동작구,11590,상도동,202606,연립다세대_매매,유진하이츠,상도동,214-93,38.43,46900,,,1,20,1993,,,,,,중개거래,
동작구,11590,상도동,202606,연립다세대_매매,맥신푸른빌,상도동,335-171,73.99,59800,,,2,25,2009,,,,,,중개거래,
동작구,11590,상도동,202606,연립다세대_매매,서연빌,상도동,159-38,29.45,31000,,,2,13,2017,,,,,,중개거래,
동작구,11590,사당동,202606,연립다세대_매매,(316-75),사당동,316-75,48.91,37800,,,2,30,2002,,,,,,중개거래,
동작구,11590,상도동,202606,연립다세대_매매,서연빌,상도동,159-38,29.15,31000,,,3,13,2017,,,,,,중개거래,
동작구,11590,사당동,202606,연립다세대_매매,엘파라시오,사당동,180-31,26.57,45000,,,4,23,2020,,,,,,중개거래,
동작구,11590,상도동,202606,연립다세대_매매,강남빌(210-292),상도동,210-292,40.59,59000,,,4,26,2017,,,,,,중개거래,
동작구,11590,상도동,202606,연립다세대_매매,초원아트빌,상도동,471-13,81.95,43000,,,5,24,2012,,,,,,중개거래,
동작구,11590,상도동,202606,연립다세대_매매,천수빌라D동,상도동,299-154,34.92,30000,,,-1,29,1992,,,,,,중개거래,
동작구,11590,신대방동,202606,연립다세대_매매,제이에스빌,신대방동,600-45,17.64,62000,,,5,29,2012,,,,,,중개거래,
동작구,11590,신대방동,202606,연립다세대_매매,화인빌라나동,신대방동,632-74,54.9,70000,,,2,24,1988,,,,,,중개거래,
동작구,11590,신대방동,202606,연립다세대_매매,서울훼미리,신대방동,366-215,80.91,52000,,,2,19,1996,,,,,,중개거래,
동작구,11590,사당동,202606,연립다세대_매매,노블리치빌,사당동,230-7,33.04,40000,,,4,24,2012,,,,,,중개거래,
동작구,11590,사당동,202606,연립다세대_매매,신성하우스,사당동,275-11,24.5,41300,,,3,16,2022,,,,,,중개거래,
동작구,11590,상도동,202606,연립다세대_매매,샹그릴라,상도동,356-2,58.86,53000,,,4,4,2016,,,,,,직거래,
동작구,11590,상도동,202606,연립다세대_매매,서연빌,상도동,159-38,29.45,30500,,,1,10,2017,,,,,,중개거래,
동작구,11590,상도동,202606,연립다세대_매매,크리스탈빌,상도동,210-59,80.26,66000,,,2,24,2008,,,,,,중개거래,O
동작구,11590,상도1동,202606,연립다세대_매매,방주스타,상도1동,438,59.81,42100,,,1,28,1997,,,,,,중개거래,
동작구,11590,사당동,202606,연립다세대_매매,금성빌라(219-5),사당동,219-5,40.02,31000,,,2,11,1989,,,,,,중개거래,
동작구,11590,상도동,202606,연립다세대_매매,아인빌(299-163),상도동,299-163,45.32,23000,,,-1,20,1996,,,,,,중개거래,
동작구,11590,상도동,202606,연립다세대_매매,상도퍼스트빌,상도동,298-7,30.94,30000,,,5,27,2014,,,,,,중개거래,
동작구,11590,상도동,202606,연립다세대_매매,아너스힐,상도동,274-32,45.33,87000,,,2,25,2013,,,,,,중개거래,
동작구,11590,상도동,202606,연립다세대_매매,(244-349),상도동,244-349,41.1,58000,,,-1,25,1986,,,,,,중개거래,
동작구,11590,대방동,202606,연립다세대_매매,대방주상복합빌딩,대방동,394-11,24.31,30000,,,7,27,2016,,,,,,중개거래,
동작구,11590,사당동,202606,연립다세대_매매,기명빌라2차,사당동,64-91,75.21,70000,,,3,23,2009,,,,,,중개거래,
동작구,11590,신대방동,202606,연립다세대_매매,멘토하우스,신대방동,616-15,12.09,53800,,,2,4,2012,,,,,,중개거래,
동작구,11590,사당동,202606,연립다세대_매매,몬트하임,사당동,419-89,16.28,25000,,,3,25,2017,,,,,,중개거래,
동작구,11590,사당동,202606,연립다세대_매매,몬트하임,사당동,419-89,14.06,21500,,,3,25,2017,,,,,,중개거래,
동작구,11590,사당동,202606,연립다세대_매매,미래하이빌(449-27),사당동,449-27,45.05,50800,,,3,8,2018,,,,,,중개거래,
동작구,11590,사당동,202606,연립다세대_매매,현대빌라(316-32),사당동,316-32,80.67,42500,,,2,26,1992,,,,,,중개거래,
동작구,11590,사당동,202606,연립다세대_매매,베스트빌,사당동,229-11,51.56,37500,,,2,22,2004,,,,,,중개거래,
동작구,11590,신대방동,202606,연립다세대_매매,모던아트빌,신대방동,348-33,72.16,30000,,,-1,5,2003,,,,,,중개거래,
동작구,11590,상도동,202606,연립다세대_매매,모건빌라B동,상도동,361-2,62.81,58000,,,1,26,2002,,,,,,중개거래,
동작구,11590,사당동,202606,연립다세대_매매,Gracehouse,사당동,1006-14,29.07,70700,,,4,24,2017,,,,,,중개거래,
동작구,11590,사당동,202606,연립다세대_매매,몬트하임,사당동,419-89,18.02,26200,,,3,27,2017,,,,,,중개거래,
동작구,11590,사당동,202606,연립다세대_매매,몬트하임,사당동,419-89,16.28,23800,,,2,27,2017,,,,,,중개거래,
동작구,11590,사당동,202606,연립다세대_매매,몬트하임,사당동,419-89,22.99,30200,,,4,27,2017,,,,,,중개거래,
동작구,11590,신대방동,202606,연립다세대_매매,(344-62),신대방동,344-62,29,43000,,,5,27,2016,,,,,,중개거래,
동작구,11590,신대방동,202606,연립다세대_매매,(344-62),신대방동,344-62,29.96,45000,,,5,27,2016,,,,,,중개거래,
동작구,11590,본동,202606,연립다세대_매매,(34-15),본동,34-15,60.42,145000,,,1,24,2009,,,,,,중개거래,
동작구,11590,사당동,202606,연립다세대_매매,썬파크빌,사당동,220-25,81.63,23800,,,1,24,2007,,,,,,직거래,
동작구,11590,사당동,202606,연립다세대_매매,사당빌라(64-102),사당동,64-102,36.24,54450,,,3,16,1991,,,,,,중개거래,
동작구,11590,상도동,202606,연립다세대_매매,스타펠리스,상도동,159-31,27.86,30400,,,1,25,2024,,,,,,중개거래,
동작구,11590,사당동,202606,연립다세대_매매,홍익주택,사당동,259-11,58.82,60000,,,2,26,2002,,,,,,중개거래,
동작구,11590,사당동,202606,연립다세대_매매,메종슈에뜨101,사당동,419-101,11.92,28000,,,4,25,2016,,,,,,중개거래,
동작구,11590,사당동,202606,연립다세대_매매,우남파크빌(316-266),사당동,316-266,48.52,48000,,,2,25,2012,,,,,,중개거래,O
동작구,11590,사당동,202606,연립다세대_매매,(419-115),사당동,419-115,17.95,35000,,,1,25,2014,,,,,,중개거래,
동작구,11590,사당동,202606,연립다세대_매매,대흥미소가,사당동,316-257,41.25,40000,,,3,24,2011,,,,,,중개거래,
동작구,11590,사당동,202606,연립다세대_매매,엘도라도맨션(279-12),사당동,279-12,59.62,68300,,,2,9,2001,,,,,,중개거래,
동작구,11590,사당동,202606,연립다세대_매매,(419-115),사당동,419-115,19.54,37596,,,2,24,2014,,,,,,중개거래,
동작구,11590,상도동,202606,연립다세대_매매,아원빌라,상도동,279-75,69.885,88500,,,3,24,2006,,,,,,중개거래,
동작구,11590,상도동,202606,연립다세대_매매,한강리치빌(214-195),상도동,214-195,46.82,57000,,,2,16,2008,,,,,,중개거래,
동작구,11590,상도동,202606,연립다세대_매매,플로채빌A동,상도동,239-18,43.87,75000,,,1,24,2016,,,,,,중개거래,
동작구,11590,상도동,202606,연립다세대_매매,에그리나(256-31),상도동,256-31,57.12,58000,,,2,18,2015,,,,,,중개거래,
동작구,11590,사당동,202606,연립다세대_매매,잉꼬로얄,사당동,449-19,40.95,30500,,,-1,13,1994,,,,,,중개거래,
동작구,11590,상도동,202606,연립다세대_매매,정원캐슬,상도동,236-24,35.46,80000,,,4,22,2013,,,,,,중개거래,
동작구,11590,사당동,202606,연립다세대_매매,그린하우스,사당동,180-24,27.86,48500,,,5,15,2022,,,,,,중개거래,
동작구,11590,사당동,202606,연립다세대_매매,자가자찬,사당동,217-15,29.98,42800,,,2,17,2018,,,,,,중개거래,
동작구,11590,상도동,202606,연립다세대_매매,미성해드림(256-228),상도동,256-228,44.49,65000,,,3,23,2016,,,,,,중개거래,
동작구,11590,신대방동,202606,연립다세대_매매,멘토하우스,신대방동,616-15,12.02,55500,,,5,20,2012,,,,,,중개거래,
동작구,11590,신대방동,202606,연립다세대_매매,스마티움(721),신대방동,721,14.56,12000,,,3,23,2014,,,,,,직거래,
동작구,11590,상도1동,202606,연립다세대_매매,예준빌,상도1동,417-4,57.58,56000,,,2,18,2021,,,,,,중개거래,
동작구,11590,상도동,202606,연립다세대_매매,이레아트빌12차,상도동,356-3,29.94,41500,,,5,7,2016,,,,,,중개거래,
동작구,11590,상도동,202606,연립다세대_매매,상도빌라(279-443),상도동,279-443,50.16,21000,,,-1,21,1991,,,,,,직거래,
동작구,11590,상도동,202606,연립다세대_매매,동산럭스빌,상도동,302-41,74.11,44500,,,4,22,2002,,,,,,중개거래,
동작구,11590,사당동,202606,연립다세대_매매,델리카운티,사당동,55-2,52.72,67000,,,4,1,2022,,,,,,중개거래,
동작구,11590,상도1동,202606,연립다세대_매매,희망하이츠빌(266-1),상도1동,266-1,58.52,40000,,,4,18,2002,,,,,,중개거래,
동작구,11590,상도1동,202606,연립다세대_매매,상도센트레빌,상도1동,665-6,15.12,10000,,,-1,23,2010,,,,,,중개거래,
동작구,11590,상도동,202606,연립다세대_매매,휴먼넥스빌(256-6),상도동,256-6,37.67,40000,,,4,23,2013,,,,,,중개거래,
동작구,11590,사당동,202606,연립다세대_매매,아이빌(229-4),사당동,229-4,44.91,35500,,,2,21,2007,,,,,,중개거래,
동작구,11590,흑석동,202606,연립다세대_매매,인더가든,흑석동,186-16,52.14,89000,,,3,15,2016,,,,,,중개거래,
동작구,11590,사당동,202606,연립다세대_매매,우남파크빌,사당동,316-254,48.64,52500,,,3,15,2011,,,,,,중개거래,
동작구,11590,상도동,202606,연립다세대_매매,명성빌라(279-336),상도동,279-336,69.45,87000,,,2,20,1996,,,,,,중개거래,
동작구,11590,사당동,202606,연립다세대_매매,어울림디앤씨,사당동,419-57,29.27,57000,,,2,15,2023,,,,,,중개거래,
동작구,11590,신대방동,202606,연립다세대_매매,엘리시아,신대방동,348-115,37.73,49200,,,4,19,2014,,,,,,중개거래,
동작구,11590,사당동,202606,연립다세대_매매,어반팰리스사당,사당동,1050-15,29.35,67000,,,1,12,2024,,,,,,중개거래,
동작구,11590,상도동,202606,연립다세대_매매,한강뉴스타A동2차,상도동,210-75,28.16,51000,,,4,22,2014,,,,,,중개거래,
동작구,11590,상도동,202606,연립다세대_매매,미소가12차,상도동,298-59,42.11,53000,,,4,18,2014,,,,,,중개거래,
동작구,11590,상도동,202606,연립다세대_매매,현대힐타운,상도동,299-138,29.86,41000,,,3,13,2013,,,,,,중개거래,
동작구,11590,상도동,202606,연립다세대_매매,유창빌라,상도동,22-61,45.6,41000,,,3,18,2008,,,,,,중개거래,
동작구,11590,상도동,202606,연립다세대_매매,예서빌라,상도동,22-58,51.03,35800,,,1,16,1992,,,,,,중개거래,
동작구,11590,신대방동,202606,연립다세대_매매,뉴스토리하우스,신대방동,344-44,16.29,29500,,,3,24,2013,,,,,,중개거래,
동작구,11590,사당동,202606,연립다세대_매매,(419-115),사당동,419-115,15.3,29400,,,3,19,2014,,,,,,중개거래,
동작구,11590,흑석동,202606,연립다세대_매매,샹그릴라(196-18),흑석동,196-18,20.91,22000,,,2,19,2015,,,,,,직거래,
동작구,11590,상도동,202606,연립다세대_매매,아침햇살2차,상도동,7-159,56.28,51000,,,3,5,2015,,,,,,중개거래,
동작구,11590,대방동,202606,연립다세대_매매,대명빌라2차,대방동,393-50,72.02,66500,,,3,9,2001,,,,,,중개거래,O
동작구,11590,상도동,202606,연립다세대_매매,우정빌라트(244-163),상도동,244-163,60.53,82000,,,2,19,2002,,,,,,중개거래,
동작구,11590,사당동,202606,연립다세대_매매,(419-115),사당동,419-115,16.17,31000,,,3,18,2014,,,,,,중개거래,
동작구,11590,상도동,202606,연립다세대_매매,대성2차빌라트,상도동,335-131,56.89,46000,,,4,18,2002,,,,,,중개거래,
동작구,11590,상도동,202606,연립다세대_매매,위너스빌리지,상도동,2-15,95.02,52750,,,1,8,1997,,,,,,중개거래,
동작구,11590,상도동,202606,연립다세대_매매,대현빌,상도동,56-99,38.01,28700,,,3,11,2009,,,,,,중개거래,
동작구,11590,사당동,202606,연립다세대_매매,어울림디앤씨,사당동,419-57,28.86,57000,,,3,17,2023,,,,,,중개거래,
동작구,11590,상도동,202606,연립다세대_매매,혜성맨션,상도동,279-98,42.2,70000,,,4,18,1996,,,,,,중개거래,
동작구,11590,사당동,202606,연립다세대_매매,파인하우스,사당동,439-27,46.14,98000,,,2,16,2007,,,,,,중개거래,
동작구,11590,상도동,202606,연립다세대_매매,힐하우스A동,상도동,244-172,82.89,57000,,,4,16,2006,,,,,,직거래,
동작구,11590,대방동,202606,연립다세대_매매,종원빌라11동,대방동,393-84,41.31,55000,,,-1,6,1986,,,,,,직거래,
동작구,11590,상도동,202606,연립다세대_매매,모던힐타운4차,상도동,175-29,46.3,47500,,,2,17,2015,,,,,,중개거래,
동작구,11590,흑석동,202606,연립다세대_매매,샹그릴라(196-18),흑석동,196-18,14.3,18100,,,2,12,2015,,,,,,직거래,
동작구,11590,흑석동,202606,연립다세대_매매,샹그릴라(196-18),흑석동,196-18,21.11,22000,,,3,12,2015,,,,,,직거래,
동작구,11590,흑석동,202606,연립다세대_매매,샹그릴라(196-18),흑석동,196-18,14.3,18100,,,4,12,2015,,,,,,직거래,
동작구,11590,상도동,202606,연립다세대_매매,정성힐탑,상도동,374-2,58.91,78000,,,1,13,1994,,,,,,중개거래,
동작구,11590,사당동,202606,연립다세대_매매,임광빌라,사당동,316-34,30.14,29600,,,3,7,2002,,,,,,중개거래,
동작구,11590,상도1동,202606,연립다세대_매매,선경파인빌,상도1동,483-10,75.71,56200,,,3,6,2002,,,,,,중개거래,
동작구,11590,상도동,202606,연립다세대_매매,효파크빌,상도동,159-37,51.9,44500,,,5,11,2019,,,,,,중개거래,
동작구,11590,상도동,202606,연립다세대_매매,한강베스트빌(56-40),상도동,56-40,48.82,36000,,,2,15,2010,,,,,,중개거래,
동작구,11590,사당동,202606,연립다세대_매매,(220-40),사당동,220-40,28.79,27500,,,2,15,1989,,,,,,중개거래,
동작구,11590,상도동,202606,연립다세대_매매,두이모던빌,상도동,264-98,52.74,89000,,,3,15,2002,,,,,,중개거래,
동작구,11590,흑석동,202606,연립다세대_매매,에이피플러스(186-94),흑석동,186-94,29.88,60000,,,1,8,2015,,,,,,중개거래,
동작구,11590,상도동,202606,연립다세대_매매,덕운맨션,상도동,321-34,71.29,60000,,,1,13,2001,,,,,,중개거래,
동작구,11590,사당동,202606,연립다세대_매매,웰리치파크(316-109),사당동,316-109,45.12,25000,,,4,15,2014,,,,,,중개거래,
동작구,11590,상도동,202606,연립다세대_매매,하늘채,상도동,379-1,29.93,70000,,,2,5,2014,,,,,,중개거래,
동작구,11590,상도동,202606,연립다세대_매매,대성하이빌라A동,상도동,279-152,59.28,69500,,,-1,13,1991,,,,,,중개거래,
동작구,11590,사당동,202606,연립다세대_매매,어울림디앤씨,사당동,419-57,28.86,58000,,,4,13,2023,,,,,,중개거래,
동작구,11590,상도동,202606,연립다세대_매매,제니스빌,상도동,279-265,39.63,42000,,,3,13,2015,,,,,,중개거래,
동작구,11590,사당동,202606,연립다세대_매매,더존예가,사당동,300-37,29.96,44000,,,2,13,2017,,,,,,중개거래,
동작구,11590,대방동,202606,연립다세대_매매,더퍼스트안A동,대방동,391-567,57.07,64500,,,4,13,2016,,,,,,중개거래,
동작구,11590,노량진동,202606,연립다세대_매매,거성팔레스빌B동(225-285),노량진동,225-285,66.72,207000,,,1,12,2002,,,,,,중개거래,
동작구,11590,상도동,202606,연립다세대_매매,휴먼빌,상도동,256-227,49.7,65800,,,3,8,2018,,,,,,중개거래,
동작구,11590,흑석동,202606,연립다세대_매매,에이피플러스(186-94),흑석동,186-94,29.99,41000,,,4,12,2015,,,,,,직거래,
동작구,11590,상도동,202606,연립다세대_매매,대왕주택3차,상도동,208-36,53.86,63500,,,3,6,2002,,,,,,중개거래,
동작구,11590,신대방동,202606,연립다세대_매매,모던아트빌,신대방동,348-33,72.16,30000,,,-1,5,2003,,,,,,중개거래,O
동작구,11590,상도동,202606,연립다세대_매매,보성하이츠빌라,상도동,244-76,42.54,59000,,,-1,2,1990,,,,,,중개거래,
동작구,11590,흑석동,202606,연립다세대_매매,어반휴캐슬가동,흑석동,198-61,51.65,127000,,,3,2,2017,,,,,,중개거래,
동작구,11590,사당동,202606,연립다세대_매매,태영힐하우스,사당동,419-52,20.01,42000,,,3,6,2021,,,,,,중개거래,
동작구,11590,상도동,202606,연립다세대_매매,한강리츠빌,상도동,214-250,48.87,59000,,,3,3,2008,,,,,,중개거래,
동작구,11590,상도동,202606,연립다세대_매매,성림하이츠8차,상도동,279-377,53.2,31000,,,-1,6,1993,,,,,,중개거래,
동작구,11590,사당동,202606,연립다세대_매매,태영힐하우스,사당동,419-52,20.01,42000,,,3,6,2021,,,,,,중개거래,
동작구,11590,사당동,202606,연립다세대_매매,신남성,사당동,192-4,49.32,52000,,,2,9,1985,,,,,,중개거래,
동작구,11590,상도동,202606,연립다세대_매매,유진하이츠빌라,상도동,22-31,40.39,32500,,,1,5,1991,,,,,,중개거래,
동작구,11590,상도1동,202606,연립다세대_매매,태남아트빌라,상도1동,328-7,84.83,57000,,,2,9,1991,,,,,,중개거래,
동작구,11590,대방동,202606,연립다세대_매매,금성빌라A,대방동,13-6,54.99,162000,,,2,6,1989,,,,,,중개거래,
동작구,11590,대방동,202606,연립다세대_매매,수정타운-다,대방동,415-22,57.3,47700,,,2,6,2002,,,,,,중개거래,
동작구,11590,상도동,202606,연립다세대_매매,신성하이츠(299-68),상도동,299-68,76.67,55000,,,4,4,2000,,,,,,중개거래,
동작구,11590,상도동,202606,연립다세대_매매,새롬아트빌,상도동,279-164,43.65,73000,,,3,6,2008,,,,,,중개거래,
동작구,11590,사당동,202606,연립다세대_매매,디에스리브1단지,사당동,44-179,33.36,48500,,,2,3,2021,,,,,,중개거래,
동작구,11590,상도동,202606,연립다세대_매매,대명빌라,상도동,126-43,48.6,28000,,,3,3,1993,,,,,,중개거래,
동작구,11590,상도동,202606,연립다세대_매매,상도훼밀리빌라,상도동,259-42,82.88,90000,,,1,3,1996,,,,,,중개거래,
동작구,11590,신대방동,202606,연립다세대_매매,영웅빌라2,신대방동,360-97,62.55,45000,,,4,1,2004,,,,,,중개거래,
동작구,11590,사당동,202606,연립다세대_매매,성락,사당동,178-1,46.3,60000,,,1,2,1986,,,,,,중개거래,
동작구,11590,상도동,202606,연립다세대_매매,동아빌라(279-270),상도동,279-270,63.6,80000,,,3,2,1997,,,,,,중개거래,
동작구,11590,사당동,202606,연립다세대_매매,더에이팩스,사당동,91-47,52.97,88000,,,4,2,2025,,,,,,직거래,O
동작구,11590,대방동,202606,연립다세대_매매,참존빌리지,대방동,410-11,25.81,27500,,,3,2,2013,,,,,,중개거래,
동작구,11590,대방동,202606,연립다세대_매매,"대방팰리스(A,B,C동)",대방동,20-7,33.12,37000,,,2,1,2017,,,,,,중개거래,
동작구,11590,흑석동,202606,연립다세대_매매,샹그릴라(196-18),흑석동,196-18,14.3,18500,,,3,1,2015,,,,,,직거래,
동작구,11590,사당동,202606,아파트_매매,제일,사당동,240-15,60.03,120000,,,6,29,1987,,,,,,중개거래,
동작구,11590,사당동,202606,아파트_매매,롯데캐슬,사당동,1132,84.96,140000,,,4,22,2003,,,,,,직거래,
동작구,11590,노량진동,202606,아파트_매매,메가스터디타워,노량진동,57-1,16.01,15000,,,10,20,2015,,,,,,중개거래,
동작구,11590,사당동,202606,아파트_매매,라이즈1동,사당동,64-264,63.06,52000,,,2,22,2003,,,,,,중개거래,
동작구,11590,대방동,202606,아파트_매매,대림아파트,대방동,501,84.92,177000,,,18,27,1993,,,,,,중개거래,
동작구,11590,상도동,202606,아파트_매매,상도동래미안1차,상도동,450,59.828,134000,,,13,23,2004,,,,,,중개거래,
동작구,11590,사당동,202606,아파트_매매,래미안로이파크,사당동,1159,59.98,190000,,,23,19,2018,,,,,,중개거래,
동작구,11590,사당동,202606,아파트_매매,사당우성3,사당동,105,46.75,130000,,,3,12,1993,,,,,,중개거래,
동작구,11590,대방동,202606,아파트_매매,우정,대방동,505,84.6,122500,,,18,11,1999,,,,,,중개거래,
동작구,11590,대방동,202606,아파트_매매,주공2,대방동,503,51.66,134900,,,11,30,1995,,,,,,중개거래,
동작구,11590,사당동,202606,아파트_매매,사당롯데캐슬골든포레,사당동,1160,84.9824,173000,,,4,23,2021,,,,,,중개거래,
동작구,11590,사당동,202606,아파트_매매,사당롯데캐슬골든포레,사당동,1160,59.9908,156000,,,12,13,2021,,,,,,중개거래,
동작구,11590,신대방동,202606,아파트_매매,보라매e편한세상,신대방동,720,59.98,130000,,,10,17,2010,,,,,,중개거래,
동작구,11590,사당동,202606,아파트_매매,사당자이,사당동,1139,59.89,121700,,,7,30,1999,,,,,,중개거래,
동작구,11590,사당동,202606,아파트_매매,이수푸르지오더프레티움,사당동,1161,84.9945,234700,,,11,8,2021,,,,,,중개거래,
동작구,11590,상도동,202606,아파트_매매,래미안상도3차,상도동,431,84.96,170000,,,13,17,2004,,,,,,중개거래,
동작구,11590,대방동,202606,아파트_매매,주공2,대방동,503,59.97,142000,,,1,27,1995,,,,,,중개거래,
동작구,11590,사당동,202606,아파트_매매,사당우성3,사당동,105,46.75,140000,,,10,22,1993,,,,,,중개거래,
동작구,11590,신대방동,202606,아파트_매매,동작협성휴포레시그니처,신대방동,686-48,84.9869,125000,,,6,25,2022,,,,,,중개거래,
동작구,11590,상도동,202606,아파트_매매,힐스테이트 상도 프레스티지,상도동,533,120.004,220000,,,11,27,2013,,,,,,중개거래,
동작구,11590,신대방동,202606,아파트_매매,신동아파밀리에,신대방동,717,112.058,135000,,,11,30,2005,,,,,,중개거래,
동작구,11590,흑석동,202606,아파트_매매,롯데캐슬에듀포레,흑석동,340,110.5377,225100,,,11,3,2018,,,,,,직거래,
동작구,11590,사당동,202606,아파트_매매,삼성,사당동,1140,84.86,63000,,,1,2,1999,,,,,,직거래,
동작구,11590,사당동,202606,아파트_매매,극동(105),사당동,105,46.75,137000,,,3,30,1993,,,,,,중개거래,
동작구,11590,상도동,202606,아파트_매매,힐스테이트 상도 센트럴파크,상도동,531,84.6099,199000,,,5,30,2012,,,,,,중개거래,
동작구,11590,사당동,202606,아파트_매매,현대,사당동,169-32,59.96,107800,,,6,30,1991,,,,,,중개거래,
동작구,11590,대방동,202606,아파트_매매,보라매코오롱하늘채,대방동,509,84.7,135000,,,2,30,2005,,,,,,중개거래,
동작구,11590,사당동,202606,아파트_매매,사당휴먼시아,사당동,1154,84.73,134000,,,13,22,2009,,,,,,중개거래,
동작구,11590,흑석동,202606,아파트_매매,흑석한강센트레빌,흑석동,335,114.83,275000,,,4,19,2011,,,,,,중개거래,
동작구,11590,사당동,202606,아파트_매매,사당휴먼시아,사당동,1154,59.96,115000,,,9,22,2009,,,,,,중개거래,
동작구,11590,사당동,202606,아파트_매매,대성유니드,사당동,1155,84.93,124500,,,5,27,2009,,,,,,중개거래,
동작구,11590,신대방동,202606,아파트_매매,동작협성휴포레시그니처,신대방동,686-48,84.9869,120000,,,6,28,2022,,,,,,중개거래,
동작구,11590,사당동,202606,아파트_매매,사당자이,사당동,1139,59.89,120700,,,10,27,1999,,,,,,중개거래,
동작구,11590,대방동,202606,아파트_매매,대림아파트,대방동,501,84.92,180000,,,3,27,1993,,,,,,중개거래,
동작구,11590,신대방동,202606,아파트_매매,롯데낙천대,신대방동,713,55.4561,124500,,,6,27,2003,,,,,,중개거래,
동작구,11590,신대방동,202606,아파트_매매,우성1차,신대방동,565,66.69,121000,,,3,27,1988,,,,,,중개거래,
동작구,11590,대방동,202606,아파트_매매,대림아파트,대방동,501,59.84,152000,,,11,27,1993,,,,,,중개거래,
동작구,11590,대방동,202606,아파트_매매,대림아파트,대방동,501,59.84,154500,,,17,27,1993,,,,,,중개거래,
동작구,11590,상도동,202606,아파트_매매,상도현대,상도동,412,59.72,88000,,,3,26,2003,,,,,,중개거래,
동작구,11590,사당동,202606,아파트_매매,사당우성2,사당동,105,59.89,161500,,,9,24,1993,,,,,,중개거래,
동작구,11590,대방동,202606,아파트_매매,대방1차e-편한세상,대방동,508,84.32,175000,,,19,26,2003,,,,,,중개거래,
동작구,11590,노량진동,202606,아파트_매매,힐스테이트장승배기역,노량진동,336,84.8768,167000,,,26,12,2026,,,,,,직거래,
동작구,11590,대방동,202606,아파트_매매,대림아파트,대방동,501,59.84,147000,,,11,26,1993,,,,,,중개거래,
동작구,11590,신대방동,202606,아파트_매매,우성2차,신대방동,565-21,59.47,88000,,,3,22,1995,,,,,,중개거래,
동작구,11590,사당동,202606,아파트_매매,사당우성3,사당동,105,84.66,183500,,,10,25,1993,,,,,,중개거래,
동작구,11590,상도동,202606,아파트_매매,상도역롯데캐슬파크엘,상도동,904,84.9807,170000,,,1,25,2021,,,,,,중개거래,
동작구,11590,사당동,202606,아파트_매매,갑을명가,사당동,1151,62.9477,79500,,,3,25,2006,,,,,,중개거래,
동작구,11590,신대방동,202606,아파트_매매,우성2차,신대방동,565-21,59.47,89500,,,7,23,1995,,,,,,중개거래,
동작구,11590,사당동,202606,아파트_매매,사당롯데캐슬골든포레,사당동,1160,84.9787,163000,,,6,1,2021,,,,,,중개거래,
동작구,11590,상도동,202606,아파트_매매,래미안상도3차,상도동,431,59.97,162000,,,14,24,2004,,,,,,중개거래,
동작구,11590,노량진동,202606,아파트_매매,건영(103동-106동),노량진동,324,84.94,152500,,,11,24,1997,,,,,,중개거래,
동작구,11590,신대방동,202606,아파트_매매,동작상떼빌,신대방동,719,132.43,136500,,,24,23,2006,,,,,,중개거래,
동작구,11590,본동,202606,아파트_매매,삼성래미안,본동,492,84.2261,168000,,,11,20,2004,,,,,,중개거래,
동작구,11590,사당동,202606,아파트_매매,신동아4,사당동,105,84.46,165000,,,4,23,1993,,,,,,중개거래,
동작구,11590,사당동,202606,아파트_매매,제일,사당동,240-15,60.03,119000,,,8,23,1987,,,,,,중개거래,
동작구,11590,상도동,202606,아파트_매매,수정,상도동,466,84.42,75000,,,1,18,2002,,,,,,중개거래,
동작구,11590,흑석동,202606,아파트_매매,흑석한강푸르지오,흑석동,336,115.98,230000,,,7,16,2012,,,,,,중개거래,
동작구,11590,노량진동,202606,아파트_매매,우성,노량진동,323,124.77,165000,,,8,17,1997,,,,,,중개거래,
동작구,11590,대방동,202606,아파트_매매,대림아파트,대방동,501,59.84,154000,,,4,22,1993,,,,,,중개거래,
동작구,11590,흑석동,202606,아파트_매매,우리유앤미,흑석동,329,113.9684,110000,,,7,19,2003,,,,,,직거래,
동작구,11590,사당동,202606,아파트_매매,현대,사당동,169-32,59.96,107500,,,12,20,1991,,,,,,중개거래,
동작구,11590,신대방동,202606,아파트_매매,우성1차,신대방동,565,84.99,144000,,,14,20,1988,,,,,,중개거래,
동작구,11590,흑석동,202606,아파트_매매,흑석한강푸르지오,흑석동,336,84.98,237000,,,5,20,2012,,,,,,중개거래,
동작구,11590,상도동,202606,아파트_매매,건영,상도동,414,114.96,143500,,,2,18,1997,,,,,,중개거래,
동작구,11590,사당동,202606,아파트_매매,극동(105),사당동,105,84.32,162300,,,18,20,1993,,,,,,중개거래,
동작구,11590,사당동,202606,아파트_매매,사당자이,사당동,1139,60,122300,,,16,20,1999,,,,,,중개거래,
동작구,11590,사당동,202606,아파트_매매,대성유니드,사당동,1155,66.11,109000,,,1,17,2009,,,,,,중개거래,
동작구,11590,상도동,202606,아파트_매매,건영,상도동,414,32.8,77500,,,16,20,1997,,,,,,중개거래,
동작구,11590,상도동,202606,아파트_매매,상도역롯데캐슬파크엘,상도동,904,84.9952,207000,,,4,18,2021,,,,,,중개거래,
동작구,11590,사당동,202606,아파트_매매,사당자이,사당동,1139,60,120000,,,13,19,1999,,,,,,중개거래,
동작구,11590,노량진동,202606,아파트_매매,우성,노량진동,323,84.96,159000,,,4,19,1997,,,,,,중개거래,
동작구,11590,사당동,202606,아파트_매매,래미안로이파크,사당동,1159,84.98,215000,,,5,18,2018,,,,,,중개거래,
동작구,11590,사당동,202606,아파트_매매,사당롯데캐슬2차,사당동,1149,71.634,137000,,,12,19,2004,,,,,,중개거래,
동작구,11590,대방동,202606,아파트_매매,신일해피트리,대방동,510,59.8165,103000,,,17,19,2005,,,,,,중개거래,
동작구,11590,신대방동,202606,아파트_매매,보라매아카데미타워,신대방동,395-69,115.54,124000,,,34,18,1998,,,,,,중개거래,
동작구,11590,사당동,202606,아파트_매매,현대,사당동,169-32,59.96,105000,,,4,18,1991,,,,,,중개거래,
동작구,11590,상도동,202606,아파트_매매,상도두산위브,상도동,529,84.534,171000,,,15,10,2010,,,,,,중개거래,
동작구,11590,본동,202606,아파트_매매,신동아,본동,481,84.46,153500,,,2,18,1993,,,,,,중개거래,
동작구,11590,사당동,202606,아파트_매매,제일,사당동,240-15,60.03,117000,,,8,17,1987,,,,,,중개거래,
동작구,11590,사당동,202606,아파트_매매,이수푸르지오더프레티움,사당동,1161,84.9243,233000,,,10,18,2021,,,,,,중개거래,
동작구,11590,상도동,202606,아파트_매매,동아,상도동,409,83.09,70000,,,8,17,1995,,,,,,중개거래,
동작구,11590,노량진동,202606,아파트_매매,우성,노량진동,323,84.96,161500,,,12,17,1997,,,,,,중개거래,
동작구,11590,상도동,202606,아파트_매매,경향렉스빌,상도동,445,114.6534,95000,,,4,17,2002,,,,,,중개거래,
동작구,11590,사당동,202606,아파트_매매,삼성,사당동,1140,59.91,98500,,,11,8,1999,,,,,,중개거래,
동작구,11590,흑석동,202606,아파트_매매,우리유앤미,흑석동,329,59.6618,119000,,,8,16,2003,,,,,,중개거래,
동작구,11590,상도동,202606,아파트_매매,래미안상도3차,상도동,431,84.96,175700,,,15,15,2004,,,,,,중개거래,
동작구,11590,흑석동,202606,아파트_매매,한강현대,흑석동,28,83.475,230000,,,7,15,1988,,,,,,중개거래,
동작구,11590,노량진동,202606,아파트_매매,우성,노량진동,323,59.82,144500,,,3,15,1997,,,,,,중개거래,
동작구,11590,사당동,202606,아파트_매매,신동아4,사당동,105,84.46,174950,,,13,15,1993,,,,,,중개거래,
동작구,11590,상도동,202606,아파트_매매,다온아파트,상도동,256-28,47.94,69500,,,3,3,2017,,,,,,중개거래,
동작구,11590,상도동,202606,아파트_매매,힐스테이트 상도 센트럴파크,상도동,531,84.6099,197000,,,12,15,2012,,,,,,중개거래,
동작구,11590,상도동,202606,아파트_매매,중앙하이츠빌,상도동,415,84.9883,153900,,,9,14,2003,,,,,,중개거래,
동작구,11590,노량진동,202606,아파트_매매,힐스테이트장승배기역,노량진동,336,84.6923,195000,,,21,2,2026,,,,,,중개거래,
동작구,11590,노량진동,202606,아파트_매매,건영(103동-106동),노량진동,324,114.96,148500,,,5,14,1997,,,,,,중개거래,
동작구,11590,상도동,202606,아파트_매매,이수브라운스톤상도(527-0),상도동,527,84.84,169000,,,10,14,2007,,,,,,중개거래,
동작구,11590,노량진동,202606,아파트_매매,건영(103동-106동),노량진동,324,84.94,154000,,,16,13,1997,,,,,,중개거래,
동작구,11590,본동,202606,아파트_매매,삼성래미안,본동,492,84.2261,151000,,,1,13,2004,,,,,,중개거래,
동작구,11590,대방동,202606,아파트_매매,주공2,대방동,503,51.66,125000,,,1,11,1995,,,,,,중개거래,
동작구,11590,본동,202606,아파트_매매,래미안트윈파크,본동,494,84.76,213500,,,14,6,2011,,,,,,중개거래,
동작구,11590,사당동,202606,아파트_매매,사당우성3,사당동,105,46.75,130000,,,3,12,1993,,,,,,중개거래,O
동작구,11590,노량진동,202606,아파트_매매,신동아리버파크,노량진동,325,114.75,167000,,,7,12,2001,,,,,,중개거래,
동작구,11590,신대방동,202606,아파트_매매,우성2차,신대방동,565-21,149.49,146000,,,4,12,1995,,,,,,중개거래,
동작구,11590,상도동,202606,아파트_매매,힐스테이트 상도 프레스티지,상도동,533,84.884,153000,,,15,12,2013,,,,,,직거래,
동작구,11590,신대방동,202606,아파트_매매,우성1차,신대방동,565,66.69,135000,,,10,13,1988,,,,,,중개거래,
동작구,11590,사당동,202606,아파트_매매,이수역리가,사당동,1157,84.847,184000,,,14,13,2013,,,,,,중개거래,
동작구,11590,흑석동,202606,아파트_매매,흑석한강푸르지오,흑석동,336,84.98,220000,,,12,11,2012,,,,,,중개거래,
동작구,11590,사당동,202606,아파트_매매,삼호그린,사당동,1138,84.72,119000,,,2,11,1999,,,,,,중개거래,
동작구,11590,동작동,202606,아파트_매매,이수교KCC스위첸,동작동,332,84.98,148000,,,4,11,2006,,,,,,중개거래,
동작구,11590,상도동,202606,아파트_매매,동아,상도동,409,83.09,66000,,,4,11,1995,,,,,,중개거래,
동작구,11590,노량진동,202606,아파트_매매,신동아리버파크,노량진동,325,114.75,172500,,,24,11,2001,,,,,,중개거래,
동작구,11590,흑석동,202606,아파트_매매,흑석한강푸르지오,흑석동,336,84.98,224000,,,4,9,2012,,,,,,중개거래,
동작구,11590,동작동,202606,아파트_매매,이수힐스테이트,동작동,333,59.9992,182000,,,2,10,2013,,,,,,중개거래,
동작구,11590,신대방동,202606,아파트_매매,보라매아카데미타워,신대방동,395-69,115.54,125500,,,32,9,1998,,,,,,중개거래,
동작구,11590,신대방동,202606,아파트_매매,우성1차,신대방동,565,126.16,165000,,,2,9,1988,,,,,,중개거래,
동작구,11590,상도동,202606,아파트_매매,중앙하이츠빌,상도동,415,84.9883,152500,,,7,9,2003,,,,,,중개거래,
동작구,11590,흑석동,202606,아파트_매매,청호,흑석동,327,59.85,104900,,,9,6,1997,,,,,,중개거래,
동작구,11590,사당동,202606,아파트_매매,사당롯데캐슬골든포레,사당동,1160,59.9775,155000,,,5,3,2021,,,,,,중개거래,
동작구,11590,본동,202606,아파트_매매,극동강변,본동,148-2,84.73,144000,,,6,6,1992,,,,,,중개거래,
동작구,11590,신대방동,202606,아파트_매매,신동아,신대방동,360-17,48.18,60000,,,14,7,1993,,,,,,중개거래,
동작구,11590,신대방동,202606,아파트_매매,보라매파크빌,신대방동,711,84.59,132000,,,2,7,2002,,,,,,중개거래,
동작구,11590,상도동,202606,아파트_매매,중앙하이츠빌,상도동,415,84.9883,132000,,,1,6,2003,,,,,,중개거래,
동작구,11590,사당동,202606,아파트_매매,경남아너스빌1차,사당동,1134,59.9,105000,,,11,6,1997,,,,,,중개거래,
동작구,11590,상도동,202606,아파트_매매,대림아파트,상도동,411,66.59,96500,,,7,6,1995,,,,,,중개거래,
동작구,11590,사당동,202606,아파트_매매,현대,사당동,169-32,59.96,103000,,,1,6,1991,,,,,,중개거래,
동작구,11590,사당동,202606,아파트_매매,현대,사당동,169-32,59.96,103000,,,2,6,1991,,,,,,중개거래,
동작구,11590,노량진동,202606,아파트_매매,우성,노량진동,323,59.82,140000,,,13,6,1997,,,,,,중개거래,
동작구,11590,동작동,202606,아파트_매매,이수힐스테이트,동작동,333,84.9817,230000,,,10,6,2013,,,,,,중개거래,
동작구,11590,사당동,202606,아파트_매매,극동(105),사당동,105,84.32,158000,,,9,5,1993,,,,,,중개거래,
동작구,11590,사당동,202606,아파트_매매,삼성래미안,사당동,1133,114.502,172000,,,9,6,2003,,,,,,중개거래,
동작구,11590,본동,202606,아파트_매매,경동윈츠리버,본동,484,56.68,134500,,,8,5,2004,,,,,,중개거래,
동작구,11590,사당동,202606,아파트_매매,이수역리가,사당동,1157,84.9827,185000,,,7,5,2013,,,,,,중개거래,
동작구,11590,상도동,202606,아파트_매매,건영,상도동,414,32.8,74800,,,8,5,1997,,,,,,중개거래,
동작구,11590,상도동,202606,아파트_매매,대림아파트,상도동,411,66.59,83500,,,6,2,1995,,,,,,중개거래,
동작구,11590,대방동,202606,아파트_매매,성원,대방동,500,84.32,143000,,,11,5,1994,,,,,,중개거래,
동작구,11590,상도동,202606,아파트_매매,경향렉스빌,상도동,445,61.5494,83000,,,11,6,2002,,,,,,중개거래,
동작구,11590,대방동,202606,아파트_매매,대방동현대,대방동,502,84.96,147800,,,14,5,1994,,,,,,중개거래,
동작구,11590,상도동,202606,아파트_매매,포스코더샵,상도동,521,59.99,172000,,,11,4,2007,,,,,,중개거래,
동작구,11590,신대방동,202606,아파트_매매,동작협성휴포레시그니처,신대방동,686-48,84.9869,127000,,,22,4,2022,,,,,,중개거래,
동작구,11590,흑석동,202606,아파트_매매,흑석리버파크자이,흑석동,343,59.93,215000,,,10,4,2025,,,,,,중개거래,
동작구,11590,본동,202606,아파트_매매,신동아,본동,481,104.7,159000,,,6,3,1993,,,,,,중개거래,
동작구,11590,상도동,202606,아파트_매매,힐스테이트 상도 프레스티지,상도동,533,84.884,155500,,,1,3,2013,,,,,,중개거래,
동작구,11590,사당동,202606,아파트_매매,극동(105),사당동,105,109.7,166500,,,15,3,1993,,,,,,중개거래,
동작구,11590,상도동,202606,아파트_매매,힐스테이트 상도 프레스티지,상도동,533,120.004,208500,,,9,3,2013,,,,,,중개거래,
동작구,11590,상도동,202606,아파트_매매,이수브라운스톤상도(527-0),상도동,527,84.91,171000,,,15,3,2007,,,,,,중개거래,
동작구,11590,상도동,202606,아파트_매매,현대(관악),상도동,407,58.59,102500,,,15,2,1992,,,,,,중개거래,
동작구,11590,사당동,202606,아파트_매매,사당롯데캐슬골든포레,사당동,1160,84.9787,165000,,,12,1,2021,,,,,,중개거래,
동작구,11590,상도동,202606,아파트_매매,포스코더샵,상도동,521,84.992,192000,,,13,2,2007,,,,,,중개거래,
동작구,11590,상도동,202606,아파트_매매,포스코더샵,상도동,521,132.735,205000,,,13,2,2007,,,,,,중개거래,
동작구,11590,노량진동,202606,아파트_매매,신동아리버파크,노량진동,325,84.88,162000,,,4,1,2001,,,,,,중개거래,
동작구,11590,대방동,202606,아파트_매매,경남아너스빌,대방동,512,84.805,144000,,,3,1,2006,,,,,,중개거래,
동작구,11590,노량진동,202606,아파트_매매,쌍용예가,노량진동,332,59.957,165000,,,6,1,2010,,,,,,중개거래,
동작구,11590,상도동,202606,아파트_매매,힐스테이트 상도 센트럴파크,상도동,531,84.6099,194000,,,4,1,2012,,,,,,중개거래,
동작구,11590,신대방동,202606,아파트_매매,보라매파크빌,신대방동,711,84.84,134000,,,5,1,2002,,,,,,중개거래,
동작구,11590,사당동,202606,아파트_매매,현대,사당동,169-32,120.03,129000,,,9,1,1991,,,,,,중개거래,
