gu_name,lawd_cd,region_name,deal_ym,deal_type,building_name,umd_name,jibun,area_m2,deal_amount,deposit,monthly_rent,floor,deal_day,build_year,contract_type,contract_term,pre_deposit,pre_monthly_rent,use_rr_right,dealing_gbn,cdeal_type
강남구,11680,대치동,202608,오피스텔_전월세,대치트레비스타 101동,대치동,891-38,18.45,,200,30,8,21,2020,신규,26.08~26.11,,,,,
강남구,11680,역삼동,202608,오피스텔_전월세,신논현 마에스트로,역삼동,603-7,20.35,,1000,85,5,10,2013,신규,26.08~27.08,,,,,
강남구,11680,개포동,202608,오피스텔_전월세,대청타워,개포동,13-3,32.44,,2000,95,6,21,1997,신규,26.08~27.08,,,,,
강남구,11680,논현동,202608,오피스텔_전월세,논현 아이파크,논현동,225-6,26.72,,2000,158,7,14,2020,신규,26.09~27.09,,,,,
강남구,11680,자곡동,202608,오피스텔_전월세,강남 더샵라르고,자곡동,596,23.98,,1000,85,3,20,2014,신규,26.08~27.08,,,,,
강남구,11680,자곡동,202608,오피스텔_전월세,강남 푸르지오시티 2차(PRUGIO CITYⅡ),자곡동,655,21.68,,1000,77,8,20,2014,신규,26.08~27.08,,,,,
강남구,11680,자곡동,202608,오피스텔_전월세,강남유탑유블레스,자곡동,651,25.7,,13500,18,5,18,2014,갱신,26.08~28.08,15000.0,10.0,사용,,
강남구,11680,자곡동,202608,오피스텔_전월세,강남힐스테이트에코,자곡동,658,29.99,,20700,0,10,14,2014,갱신,26.09~27.09,20700.0,10.0,,,
강남구,11680,역삼동,202608,오피스텔_전월세,강남역 와이즈 플레이스,역삼동,837-13,23.87,,20900,15,14,19,2013,갱신,26.09~26.12,20900.0,15.0,,,
강남구,11680,역삼동,202608,오피스텔_전월세,역삼동 업무시설 및 도시형생활주택,역삼동,735-15,20.71,,16500,15,7,5,2014,신규,26.10~28.10,,,,,
강남구,11680,자곡동,202608,오피스텔_전월세,강남 지웰홈스,자곡동,662,29.49,,13000,41,7,19,2014,신규,26.08~28.08,,,,,
강남구,11680,역삼동,202608,오피스텔_전월세,역삼역센트럴푸르지오시티,역삼동,719-24,27.38,,30500,0,14,20,2019,신규,26.09~28.09,,,,,
강남구,11680,역삼동,202608,오피스텔_전월세,강남역투웨니퍼스트101동,역삼동,824-9,17.34,,21500,0,8,18,2019,신규,26.09~28.09,,,,,
강남구,11680,대치동,202608,오피스텔_전월세,대치트레비스타 101동,대치동,891-38,18.45,,21600,4,2,20,2020,갱신,26.09~28.09,21600.0,,,,
강남구,11680,개포동,202608,오피스텔_전월세,대청타워,개포동,13-3,31.91,,1000,90,17,18,1997,신규,26.08~27.08,,,,,
강남구,11680,개포동,202608,오피스텔_전월세,대청타워,개포동,13-3,32.44,,2000,95,21,18,1997,신규,26.08~27.06,,,,,
강남구,11680,자곡동,202608,오피스텔_전월세,강남 더샵라르고,자곡동,596,22.02,,1000,72,9,20,2014,신규,26.08~27.08,,,,,
강남구,11680,논현동,202608,오피스텔_전월세,논현 아이파크,논현동,225-6,27.56,,36000,0,14,20,2020,신규,26.09~28.09,,,,,
강남구,11680,청담동,202608,오피스텔_전월세,(46-3),청담동,46-3,17.73,,13401,0,3,5,2003,갱신,26.09~27.09,12763.0,,,,
강남구,11680,도곡동,202608,오피스텔_전월세,우성캐릭터-빌,도곡동,467-18,31.5,,1000,100,9,20,1998,신규,26.10~27.10,,,,,
강남구,11680,역삼동,202608,오피스텔_전월세,더스위트캐슬,역삼동,603-5,20.61,,1000,110,9,6,2015,신규,26.08~27.08,,,,,
강남구,11680,수서동,202608,오피스텔_전월세,사이룩스,수서동,716,33.52,,1000,100,5,13,2003,신규,26.08~27.08,,,,,
강남구,11680,역삼동,202608,오피스텔_전월세,역삼동 677-4 업무시설 (김창환),역삼동,677-4,18.22,,16500,0,10,15,2012,신규,26.08~28.08,,,,,
강남구,11680,역삼동,202608,오피스텔_전월세,강남루덴스 오피스텔,역삼동,823-33,27.64,,15000,99,5,19,2021,신규,26.09~27.09,,,,,
강남구,11680,대치동,202608,오피스텔_전월세,대치동 대우아이빌 명문가,대치동,891-23,34.2,,23850,0,5,3,2004,갱신,26.08~28.08,24150.0,,,,
강남구,11680,도곡동,202608,오피스텔_전월세,에스케이리더스뷰,도곡동,168,139.63,,100000,240,15,14,2005,갱신,26.08~28.03,100000.0,90.0,,,
강남구,11680,역삼동,202608,오피스텔_전월세,역삼 푸르지오 시티,역삼동,735-17,23.9,,22000,10,12,5,2016,신규,26.09~28.09,,,,,
강남구,11680,자곡동,202608,오피스텔_전월세,강남블루지움,자곡동,669,47.71,,10000,120,7,8,2017,신규,26.09~28.09,,,,,
강남구,11680,자곡동,202608,오피스텔_전월세,강남힐스테이트에코,자곡동,658,23.75,,4000,63,3,13,2014,신규,26.09~27.09,,,,,
강남구,11680,역삼동,202608,오피스텔_전월세,강남역 효성해링턴 타워 더퍼스트,역삼동,825-24,22.85,,23400,10,14,5,2014,갱신,26.10~27.10,23400.0,10.0,사용,,
강남구,11680,역삼동,202608,오피스텔_전월세,BIEL 106,역삼동,832-16,21.39,,1000,110,8,6,2018,신규,26.08~27.08,,,,,
강남구,11680,논현동,202608,오피스텔_전월세,강남파라곤,논현동,241-1,75.94,,55000,0,6,18,2007,신규,26.10~28.10,,,,,
강남구,11680,역삼동,202608,오피스텔_전월세,강남 IBC 오피스텔,역삼동,648-1,27.83,,1000,102,6,7,1987,신규,26.08~27.08,,,,,
강남구,11680,역삼동,202608,오피스텔_전월세,강남역 효성해링턴 타워 더퍼스트,역삼동,825-24,25.73,,5000,95,5,10,2014,신규,26.08~28.08,,,,,
강남구,11680,역삼동,202608,오피스텔_전월세,역삼 이스타빌,역삼동,787-7,40.42,,33000,0,2,18,2011,신규,26.08~28.08,,,,,
강남구,11680,자곡동,202608,오피스텔_전월세,강남 더샵라르고,자곡동,596,22.02,,500,80,5,11,2014,신규,26.08~27.08,,,,,
강남구,11680,자곡동,202608,오피스텔_전월세,강남 푸르지오시티 2차(PRUGIO CITYⅡ),자곡동,655,22.44,,1000,75,2,8,2014,신규,26.08~27.08,,,,,
강남구,11680,역삼동,202608,오피스텔_전월세,강남역 쉐르빌,역삼동,832-3,22.65,,1000,100,3,3,2014,신규,26.08~27.08,,,,,
강남구,11680,역삼동,202608,오피스텔_전월세,강남역 효성해링턴 타워 더퍼스트,역삼동,825-24,22.85,,1000,98,4,6,2014,신규,26.08~27.08,,,,,
강남구,11680,수서동,202608,오피스텔_전월세,사이룩스,수서동,716,42.13,,25000,10,16,18,2003,신규,26.10~28.10,,,,,
강남구,11680,역삼동,202608,오피스텔_전월세,에스케이허브젠,역삼동,831-45,57.27,,10000,160,15,18,2005,신규,26.10~28.10,,,,,
강남구,11680,자곡동,202608,오피스텔_전월세,빌리브 파비오 더 까사,자곡동,653,58.7,,61950,0,3,15,2022,갱신,26.08~28.08,59000.0,,사용,,
강남구,11680,논현동,202608,오피스텔_전월세,리체힐 신논현 오피스텔A동,논현동,202-10,22.43,,26500,0,7,18,2018,갱신,26.10~28.10,26000.0,,사용,,
강남구,11680,역삼동,202608,오피스텔_전월세,역삼역센트럴푸르지오시티,역삼동,719-24,17.57,,3000,85,16,10,2019,신규,26.08~27.08,,,,,
강남구,11680,역삼동,202608,오피스텔_전월세,강남역 효성해링턴 타워 더퍼스트,역삼동,825-24,22.82,,10000,67,9,4,2014,신규,26.08~27.08,,,,,
강남구,11680,역삼동,202608,오피스텔_전월세,에스케이허브 오피스텔,역삼동,708-26,55.35,,46500,0,17,15,2004,신규,26.08~28.08,,,,,
강남구,11680,삼성동,202608,오피스텔_전월세,현대썬앤빌 삼성역,삼성동,157-14,21.55,,27000,0,8,12,2019,신규,26.10~28.10,,,,,
강남구,11680,삼성동,202608,오피스텔_전월세,삼성역 두산위브센티움,삼성동,158-4,27.88,,21000,15,9,13,2003,신규,26.09~28.09,,,,,
강남구,11680,자곡동,202608,오피스텔_전월세,강남 푸르지오시티 1차,자곡동,600,25.06,,16400,19,5,15,2014,갱신,26.09~28.09,16400.0,15.0,,,
강남구,11680,역삼동,202608,오피스텔_전월세,역삼 노블루체 언주,역삼동,606,19.31,,3000,150,9,6,2021,신규,26.08~27.08,,,,,
강남구,11680,역삼동,202608,오피스텔_전월세,강남역 쉐르빌,역삼동,832-3,27.74,,1000,115,5,14,2014,신규,26.09~27.08,,,,,
강남구,11680,자곡동,202608,오피스텔_전월세,강남 더샵라르고,자곡동,596,22.02,,18000,0,3,15,2014,갱신,26.08~28.08,17500.0,,,,
강남구,11680,자곡동,202608,오피스텔_전월세,강남 더샵라르고,자곡동,596,23.28,,1000,95,2,10,2014,신규,26.08~27.08,,,,,
강남구,11680,자곡동,202608,오피스텔_전월세,강남 푸르지오시티 1차,자곡동,600,25.06,,10000,38,6,15,2014,갱신,26.08~28.08,10000.0,35.0,사용,,
강남구,11680,역삼동,202608,오피스텔_전월세,강남역 효성해링턴 타워 더퍼스트,역삼동,825-24,24.77,,1000,100,7,8,2014,신규,26.09~27.09,,,,,
강남구,11680,역삼동,202608,오피스텔_전월세,태건 강남 헤븐리치 더써밋 761,역삼동,605-17,14.77,,16000,50,16,12,2021,신규,26.09~27.09,,,,,
강남구,11680,삼성동,202608,오피스텔_전월세,청담역 푸르지오시티,삼성동,58-2,29.54,,1000,145,17,5,2014,신규,26.08~27.08,,,,,
강남구,11680,자곡동,202608,오피스텔_전월세,강남 지웰홈스,자곡동,662,22.48,,2000,75,10,12,2014,신규,26.08~27.08,,,,,
강남구,11680,삼성동,202608,오피스텔_전월세,청담역 푸르지오시티,삼성동,58-2,29.54,,1000,145,17,5,2014,신규,26.08~27.08,,,,,
강남구,11680,청담동,202608,오피스텔_전월세,(46-3),청담동,46-3,17.73,,5000,57,1,13,2003,갱신,26.10~27.10,5000.0,53.0,,,
강남구,11680,자곡동,202608,오피스텔_전월세,강남힐스테이트에코,자곡동,658,23.75,,6870,54,2,13,2014,갱신,26.11~27.11,7000.0,50.0,,,
강남구,11680,세곡동,202608,오피스텔_전월세,라온프라이빗시티 강남,세곡동,590,50.72,,20000,100,4,14,2017,갱신,26.10~27.10,20000.0,95.0,,,
강남구,11680,자곡동,202608,오피스텔_전월세,강남센터뷰,자곡동,670,21.25,,1000,74,4,8,2018,갱신,26.08~27.08,1000.0,70.0,,,
강남구,11680,역삼동,202608,오피스텔_전월세,강남역 효성해링턴 타워 더퍼스트,역삼동,825-24,24.77,,1000,110,15,12,2014,신규,26.08~27.08,,,,,
강남구,11680,역삼동,202608,오피스텔_전월세,금천빌딩,역삼동,708-20,29.72,,18500,15,7,13,2005,신규,26.09~28.09,,,,,
강남구,11680,역삼동,202608,오피스텔_전월세,강남역 효성해링턴 타워 더퍼스트,역삼동,825-24,22.85,,1000,98,6,7,2014,신규,26.08~27.08,,,,,
강남구,11680,역삼동,202608,오피스텔_전월세,더스위트캐슬,역삼동,603-5,20.61,,1000,110,4,13,2015,신규,26.08~27.08,,,,,
강남구,11680,삼성동,202608,오피스텔_전월세,삼성동 롯데캐슬 클라쎄,삼성동,141-10,19.89,,23200,0,6,10,2019,갱신,26.09~27.09,22570.0,,,,
강남구,11680,자곡동,202608,오피스텔_전월세,강남블루지움,자곡동,669,20.8,,1000,80,7,8,2017,신규,26.08~27.08,,,,,
강남구,11680,도곡동,202608,오피스텔_전월세,우성캐릭터199,도곡동,467-24,39.31,,25400,0,10,12,1998,갱신,26.09~27.09,24200.0,,,,
강남구,11680,역삼동,202608,오피스텔_전월세,신논현 마에스트로,역삼동,603-7,20.35,,17000,5,18,13,2013,신규,26.09~28.09,,,,,
강남구,11680,대치동,202608,오피스텔_전월세,대치트레비스타 101동,대치동,891-38,18.45,,23800,0,8,7,2020,갱신,26.09~27.09,23500.0,,,,
강남구,11680,논현동,202608,오피스텔_전월세,논현 아이파크,논현동,225-6,27.56,,36000,0,4,12,2020,신규,26.09~28.09,,,,,
강남구,11680,수서동,202608,오피스텔_전월세,사이룩스,수서동,716,42.13,,26000,0,12,12,2003,신규,26.09~28.09,,,,,
강남구,11680,개포동,202608,오피스텔_전월세,대청타워,개포동,13-3,32.44,,18900,5,26,12,1997,신규,26.09~28.09,,,,,
강남구,11680,역삼동,202608,오피스텔_전월세,금천빌딩,역삼동,708-20,29.81,,1000,114,9,3,2005,신규,26.08~27.08,,,,,
강남구,11680,역삼동,202608,오피스텔_전월세,역삼역센트럴푸르지오시티,역삼동,719-24,17.57,,1000,93,7,12,2019,갱신,26.10~27.10,1000.0,93.0,,,
강남구,11680,역삼동,202608,오피스텔_전월세,역삼역센트럴푸르지오시티,역삼동,719-24,17.57,,278,100,9,1,2019,신규,26.08~26.11,,,,,
강남구,11680,역삼동,202608,오피스텔_전월세,더스위트캐슬,역삼동,603-5,20.98,,1000,115,13,12,2015,신규,26.08~27.08,,,,,
강남구,11680,역삼동,202608,오피스텔_전월세,역삼역센트럴푸르지오시티,역삼동,719-24,17.57,,18200,10,7,11,2019,신규,26.09~28.09,,,,,
강남구,11680,역삼동,202608,오피스텔_전월세,강남역 효성해링턴 타워 더퍼스트,역삼동,825-24,22.85,,1000,97,7,8,2014,신규,26.08~27.08,,,,,
강남구,11680,역삼동,202608,오피스텔_전월세,강남역 서희스타힐스 오피스텔,역삼동,837-18,24.56,,17000,20,5,6,2012,신규,26.09~28.09,,,,,
강남구,11680,삼성동,202608,오피스텔_전월세,청담역 푸르지오시티,삼성동,58-2,29.54,,2000,150,18,10,2014,신규,26.08~27.08,,,,,
강남구,11680,논현동,202608,오피스텔_전월세,마르세움,논현동,206-14,36.51,,500,130,3,4,2004,신규,26.08~27.02,,,,,
강남구,11680,역삼동,202608,오피스텔_전월세,강남루덴스 오피스텔,역삼동,823-33,26.11,,33000,0,15,10,2021,신규,26.09~28.09,,,,,
강남구,11680,역삼동,202608,오피스텔_전월세,해든 빌딩,역삼동,678-6,17.76,,2000,66,11,4,2017,신규,26.08~28.08,,,,,
강남구,11680,역삼동,202608,오피스텔_전월세,라클라쎄 강남,역삼동,826-44,17.51,,1000,180,7,1,2023,신규,26.08~27.07,,,,,
강남구,11680,자곡동,202608,오피스텔_전월세,강남 푸르지오시티 2차(PRUGIO CITYⅡ),자곡동,655,22.44,,1000,80,9,4,2014,신규,26.08~27.02,,,,,
강남구,11680,역삼동,202608,오피스텔_전월세,성우스타우스오피스텔,역삼동,832-33,32.03,,19800,5,4,10,2004,신규,26.10~28.10,,,,,
강남구,11680,삼성동,202608,오피스텔_전월세,청담역 푸르지오시티,삼성동,58-2,29.32,,2000,180,20,8,2014,신규,26.09~27.09,,,,,
강남구,11680,도곡동,202608,오피스텔_전월세,도곡푸르지오 102동,도곡동,949-2,77.81,,69000,0,9,6,2006,신규,26.11~28.11,,,,,
강남구,11680,개포동,202608,오피스텔_전월세,골든빌오피스텔,개포동,1246-3,19.08,,300,100,6,7,2003,갱신,26.08~26.11,300.0,100.0,,,
강남구,11680,역삼동,202608,오피스텔_전월세,역삼역센트럴푸르지오시티,역삼동,719-24,17.57,,18220,15,6,9,2019,신규,26.09~28.09,,,,,
강남구,11680,논현동,202608,오피스텔_전월세,리체힐 신논현 오피스텔A동,논현동,202-10,22.43,,17000,40,4,5,2018,신규,26.09~28.09,,,,,
강남구,11680,자곡동,202608,오피스텔_전월세,강남센터뷰,자곡동,670,21.25,,15300,15,2,3,2018,신규,26.09~28.09,,,,,
강남구,11680,자곡동,202608,오피스텔_전월세,강남블루지움,자곡동,669,20.8,,15300,10,7,10,2017,갱신,26.09~28.09,15500.0,10.0,사용,,
강남구,11680,자곡동,202608,오피스텔_전월세,강남 지웰홈스,자곡동,662,26.71,,15700,20,8,7,2014,신규,26.10~28.10,,,,,
강남구,11680,청담동,202608,오피스텔_전월세,(46-3),청담동,46-3,18.96,,3700,80,5,7,2003,신규,26.09~27.09,,,,,
강남구,11680,자곡동,202608,오피스텔_전월세,강남 푸르지오시티 1차,자곡동,600,25.06,,1000,85,1,7,2014,신규,26.08~27.08,,,,,
강남구,11680,역삼동,202608,오피스텔_전월세,라클라쎄 강남,역삼동,826-44,17.51,,1000,180,6,5,2023,신규,26.08~27.08,,,,,
강남구,11680,역삼동,202608,오피스텔_전월세,강남역 쉐르빌,역삼동,832-3,26.08,,22500,15,6,7,2014,신규,26.09~28.09,,,,,
강남구,11680,대치동,202608,오피스텔_전월세,선릉역 롯데골드로즈오피스텔,대치동,889-53,32,,15000,30,3,6,2003,신규,26.09~28.09,,,,,
강남구,11680,삼성동,202608,오피스텔_전월세,LG선릉에클라트B,삼성동,142-3,39.99,,27000,0,6,7,2004,신규,26.09~28.09,,,,,
강남구,11680,자곡동,202608,오피스텔_전월세,강남힐스테이트에코,자곡동,658,23.75,,14000,20,5,2,2014,신규,26.08~28.08,,,,,
강남구,11680,역삼동,202608,오피스텔_전월세,더스위트캐슬,역삼동,603-5,20.61,,1000,110,4,6,2015,신규,26.08~27.08,,,,,
강남구,11680,역삼동,202608,오피스텔_전월세,역삼동 업무시설 및 도시형생활주택,역삼동,735-15,20.59,,17500,0,3,6,2014,신규,26.09~28.09,,,,,
강남구,11680,역삼동,202608,오피스텔_전월세,강남역 센트럴 푸르지오 시티,역삼동,825-20,24.61,,25000,0,7,5,2015,신규,26.09~28.09,,,,,
강남구,11680,삼성동,202608,오피스텔_전월세,청담역 푸르지오시티,삼성동,58-2,29.54,,30000,0,11,5,2014,갱신,26.11~28.11,30000.0,,,,
강남구,11680,개포동,202608,오피스텔_전월세,대청타워,개포동,13-3,32.44,,1000,95,21,1,1997,갱신,26.08~27.08,1000.0,90.0,,,
강남구,11680,세곡동,202608,오피스텔_전월세,강남 드림하이 오피스텔,세곡동,616,27.03,,20000,10,2,4,2018,신규,26.08~28.08,,,,,
강남구,11680,세곡동,202608,오피스텔_전월세,강남 드림하이 오피스텔,세곡동,616,27.03,,20000,10,2,4,2018,신규,26.08~28.08,,,,,
강남구,11680,역삼동,202608,오피스텔_전월세,태건 강남 헤븐리치 더써밋 761,역삼동,605-17,14.77,,22700,0,13,4,2021,신규,26.09~28.09,,,,,
강남구,11680,세곡동,202608,오피스텔_전월세,강남 드림하이 오피스텔,세곡동,616,27.03,,20000,10,2,4,2018,신규,26.08~28.08,,,,,
강남구,11680,자곡동,202608,오피스텔_전월세,강남 더샵라르고,자곡동,596,22.02,,3000,70,5,4,2014,갱신,26.10~27.10,3000.0,67.0,사용,,
강남구,11680,역삼동,202608,오피스텔_전월세,강남역 센트럴 푸르지오 시티,역삼동,825-20,25.83,,1000,135,5,1,2015,신규,26.08~27.07,,,,,
강남구,11680,자곡동,202608,오피스텔_전월세,강남 푸르지오시티 2차(PRUGIO CITYⅡ),자곡동,655,22.44,,11000,20,3,4,2014,신규,26.09~28.09,,,,,
강남구,11680,역삼동,202608,오피스텔_전월세,강남역 효성해링턴 타워 더퍼스트,역삼동,825-24,25.73,,200,100,15,3,2014,신규,26.08~27.02,,,,,
강남구,11680,역삼동,202608,오피스텔_전월세,강남역 센트럴 푸르지오 시티,역삼동,825-20,23.23,,25000,10,14,1,2015,신규,26.09~28.09,,,,,
강남구,11680,삼성동,202608,오피스텔_전월세,청담역 푸르지오시티,삼성동,58-2,25.84,,1000,130,13,3,2014,신규,26.08~27.08,,,,,
강남구,11680,세곡동,202608,오피스텔_전월세,천석빌딩,세곡동,583,42.5,,27800,0,3,1,2016,갱신,26.08~28.08,26500.0,,,,
강남구,11680,자곡동,202608,오피스텔_전월세,강남 지웰홈스,자곡동,662,25.16,,15700,20,6,1,2014,신규,26.09~28.09,,,,,
강남구,11680,역삼동,202608,오피스텔_전월세,역삼 푸르지오 시티,역삼동,735-17,23.9,,22000,10,3,1,2016,신규,26.08~28.08,,,,,
강남구,11680,신사동,202608,연립다세대_전월세,삼흥맨션,신사동,555-2,84.78,,27000,100,5,7,2004,,,,,,,
강남구,11680,역삼동,202608,연립다세대_전월세,HAUSTEMC,역삼동,690-36,15.69,,2000,42,4,5,2010,갱신,26.08~27.08,2000.0,39.0,,,
강남구,11680,역삼동,202608,연립다세대_전월세,HAUSTEMC,역삼동,690-36,24.54,,19800,0,4,18,2010,갱신,26.10~28.10,19800.0,,,,
강남구,11680,신사동,202608,연립다세대_전월세,Ebenezer153,신사동,554-29,21.5,,16900,0,3,20,2012,신규,26.09~28.09,,,,,
강남구,11680,삼성동,202608,연립다세대_전월세,삼성아셈빌,삼성동,94-20,27.09,,1000,85,2,5,2002,신규,26.08~28.08,,,,,
강남구,11680,논현동,202608,연립다세대_전월세,(136-5),논현동,136-5,18.46,,21900,0,2,20,2018,신규,26.09~28.09,,,,,
강남구,11680,역삼동,202608,연립다세대_전월세,(729-29),역삼동,729-29,34.32,,140,140,3,7,2002,신규,26.08~26.11,,,,,
강남구,11680,역삼동,202608,연립다세대_전월세,에벤에셀,역삼동,690-12,75.46,,2000,250,3,12,2003,신규,26.08~27.08,,,,,
강남구,11680,논현동,202608,연립다세대_전월세,하비스HABYS,논현동,257-7,16.11,,110,89,3,21,2013,신규,26.08~26.11,,,,,
강남구,11680,논현동,202608,연립다세대_전월세,(139-7),논현동,139-7,40.33,,7000,85,2,20,1986,신규,26.10~28.10,,,,,
강남구,11680,대치동,202608,연립다세대_전월세,경일빌라비동,대치동,984-9,86.05,,44100,0,2,21,1987,신규,26.10~28.10,,,,,
강남구,11680,역삼동,202608,연립다세대_전월세,늘푸른집,역삼동,834-56,29.2,,25000,0,4,13,2010,신규,26.08~28.08,,,,,
강남구,11680,논현동,202608,연립다세대_전월세,(273-9),논현동,273-9,164.2,,20000,440,2,10,1993,신규,26.09~28.09,,,,,
강남구,11680,논현동,202608,연립다세대_전월세,뮴(muum),논현동,145-10,12.38,,2000,68,2,21,2012,신규,26.08~28.08,,,,,
강남구,11680,논현동,202608,연립다세대_전월세,아이리스논현,논현동,270-35,29.06,,34000,5,6,21,2017,갱신,26.08~28.08,35000.0,,,,
강남구,11680,역삼동,202608,연립다세대_전월세,제이하우스,역삼동,725-68,26.66,,15000,19,2,10,2000,신규,26.08~27.08,,,,,
강남구,11680,신사동,202608,연립다세대_전월세,꿈나무빌,신사동,557-7,17.55,,3000,74,4,21,2017,신규,26.08~28.08,,,,,
강남구,11680,일원동,202608,연립다세대_전월세,청솔빌리지,일원동,739,59.75,,62000,0,2,21,1993,신규,26.10~28.10,,,,,
강남구,11680,논현동,202608,연립다세대_전월세,마이바움주택,논현동,214-10,32.1135,,700,150,5,20,2011,신규,26.08~27.02,,,,,
강남구,11680,일원동,202608,연립다세대_전월세,일원동648-12공동주택,일원동,648-12,26.06,,30000,0,2,21,2022,신규,26.10~28.10,,,,,
강남구,11680,논현동,202608,연립다세대_전월세,참그린빌,논현동,176-1,29.55,,29500,18,6,21,2019,갱신,26.08~28.08,27900.0,18.0,,,
강남구,11680,논현동,202608,연립다세대_전월세,KEAHOUSE,논현동,219-35,16.03,,18000,0,4,19,2022,신규,26.10~28.10,,,,,
강남구,11680,역삼동,202608,연립다세대_전월세,역삼백년빌(656-5),역삼동,656-5,18.29,,200,90,5,18,2011,신규,26.08~26.11,,,,,
강남구,11680,역삼동,202608,연립다세대_전월세,금정빌라,역삼동,660-6,59.93,,27000,0,3,10,2001,신규,26.09~28.09,,,,,
강남구,11680,개포동,202608,연립다세대_전월세,까사델리아(Casadellia),개포동,1203-2,26.84,,23920,0,2,11,2014,갱신,26.09~28.09,22790.0,,사용,,
강남구,11680,개포동,202608,연립다세대_전월세,포이민경빌라,개포동,1172-10,41.68,,21500,0,2,20,1993,갱신,26.09~28.09,21000.0,,사용,,
강남구,11680,삼성동,202608,연립다세대_전월세,효성빌라(A동),삼성동,94-3,99.45,,73500,0,2,20,1990,갱신,26.09~28.09,70000.0,,사용,,
강남구,11680,일원동,202608,연립다세대_전월세,청솔빌리지,일원동,739,59.75,,70350,0,2,20,1993,갱신,26.08~28.08,67000.0,,사용,,
강남구,11680,개포동,202608,연립다세대_전월세,서현하이츠빌라Ⅱ,개포동,1206-5,58.75,,15000,0,-1,17,1998,갱신,26.08~28.08,18000.0,,,,
강남구,11680,역삼동,202608,연립다세대_전월세,(774-30),역삼동,774-30,29.58,,1000,87,2,20,2001,신규,26.08~27.08,,,,,
강남구,11680,논현동,202608,연립다세대_전월세,(219-20),논현동,219-20,22.78,,21000,0,4,14,2018,신규,26.09~28.09,,,,,
강남구,11680,청담동,202608,연립다세대_전월세,청담37,청담동,37,28.2,,2000,72,2,6,2002,신규,26.08~28.08,,,,,
강남구,11680,역삼동,202608,연립다세대_전월세,(781-24),역삼동,781-24,29.28,,1000,65,3,5,2003,갱신,26.08~28.08,1000.0,62.0,,,
강남구,11680,역삼동,202608,연립다세대_전월세,현영가든빌라,역삼동,781-33,79.86,,45100,0,2,19,1992,갱신,26.09~27.02,45100.0,,,,
강남구,11680,역삼동,202608,연립다세대_전월세,다원하이빌,역삼동,782-2,20.79,,27000,0,4,20,2022,신규,26.09~28.09,,,,,
강남구,11680,대치동,202608,연립다세대_전월세,(916-46),대치동,916-46,24.05,,18000,0,3,8,2002,갱신,26.08~28.08,15000.0,,,,
강남구,11680,일원동,202608,연립다세대_전월세,(649-9),일원동,649-9,25.71,,20000,50,3,15,2020,신규,26.08~28.08,,,,,
강남구,11680,삼성동,202608,연립다세대_전월세,계림빌,삼성동,152-58,67.31,,13260,0,1,11,2002,갱신,26.10~28.10,12600.0,,,,
강남구,11680,대치동,202608,연립다세대_전월세,스톤빌리지,대치동,934-2,21.14,,24000,0,2,19,2016,갱신,26.08~28.08,23000.0,,,,
강남구,11680,삼성동,202608,연립다세대_전월세,렉스빌,삼성동,29-13,172.78,,110000,0,1,20,1997,갱신,26.09~28.09,105000.0,,,,
강남구,11680,신사동,202608,연립다세대_전월세,신사리스빌,신사동,555-28,14.4,,5000,64,5,12,2013,신규,26.08~28.08,,,,,
강남구,11680,논현동,202608,연립다세대_전월세,논현동135-7다세대주택,논현동,135-7,21.45,,23100,0,3,6,2019,신규,26.09~28.09,,,,,
강남구,11680,논현동,202608,연립다세대_전월세,삼풍빌라,논현동,177-21,82.64,,41700,0,1,7,1990,갱신,26.08~28.08,38000.0,,,,
강남구,11680,삼성동,202608,연립다세대_전월세,현대파크빌라,삼성동,123-26,49.1,,18000,0,-1,19,1992,신규,26.10~28.10,,,,,
강남구,11680,삼성동,202608,연립다세대_전월세,대명빌,삼성동,152-57,38.94,,24000,0,1,10,2002,신규,26.09~28.09,,,,,
강남구,11680,논현동,202608,연립다세대_전월세,187-16,논현동,187-16,29.86,,36750,0,3,6,2020,갱신,26.10~28.10,35000.0,,사용,,
강남구,11680,역삼동,202608,연립다세대_전월세,역삼동644-12공동주택,역삼동,644-12,28.97,,26700,0,3,18,2014,갱신,26.09~28.09,25500.0,,,,
강남구,11680,일원동,202608,연립다세대_전월세,인우하우스,일원동,623-19,15.52,,26000,0,2,19,2026,신규,26.10~28.10,,,,,
강남구,11680,삼성동,202608,연립다세대_전월세,스카이빌,삼성동,145-29,49.5,,33000,0,4,12,2002,갱신,26.09~28.09,31500.0,,,,
강남구,11680,도곡동,202608,연립다세대_전월세,(200-10),도곡동,200-10,22.54,,1000,66,4,18,2001,신규,26.09~28.09,,,,,
강남구,11680,도곡동,202608,연립다세대_전월세,(200-10),도곡동,200-10,48.41,,1000,69,4,1,2001,신규,26.08~27.08,,,,,
강남구,11680,개포동,202608,연립다세대_전월세,현대빌라(172-6),개포동,172-6,70.47,,38000,0,-1,13,1993,갱신,26.08~28.08,35000.0,,,,
강남구,11680,논현동,202608,연립다세대_전월세,논현리치빌,논현동,262-1,61.83,,5000,150,2,18,2003,신규,26.10~28.10,,,,,
강남구,11680,일원동,202608,연립다세대_전월세,청솔빌리지,일원동,739,59.75,,60000,20,3,8,1993,신규,26.10~28.10,,,,,
강남구,11680,논현동,202608,연립다세대_전월세,(244-15),논현동,244-15,26.3,,31000,20,3,11,2017,신규,26.09~28.09,,,,,
강남구,11680,개포동,202608,연립다세대_전월세,두리빌,개포동,1205-8,63.14,,35000,0,1,18,2002,갱신,26.08~28.08,33600.0,,사용,,
강남구,11680,대치동,202608,연립다세대_전월세,제이원,대치동,915-3,14.04,,17800,37,6,14,2016,갱신,26.08~27.08,17800.0,32.0,사용,,
강남구,11680,대치동,202608,연립다세대_전월세,파인빌라,대치동,916-58,41.77,,28000,5,2,18,1996,갱신,26.08~27.08,28000.0,,사용,,
강남구,11680,개포동,202608,연립다세대_전월세,하우징허브A동,개포동,1195-14,27.96,,22000,4,2,18,2016,갱신,26.08~28.08,22000.0,,사용,,
강남구,11680,개포동,202608,연립다세대_전월세,꿀단지1218-11,개포동,1218-11,39.82,,30000,84,5,17,2022,갱신,26.10~27.10,30000.0,78.0,사용,,
강남구,11680,삼성동,202608,연립다세대_전월세,스카이빌,삼성동,145-29,49.5,,33000,0,4,12,2002,갱신,26.09~28.09,31500.0,,,,
강남구,11680,역삼동,202608,연립다세대_전월세,역삼위너스하임 가동,역삼동,655-14,26.19,,27000,40,6,18,2017,신규,26.09~28.09,,,,,
강남구,11680,역삼동,202608,연립다세대_전월세,하우징허브,역삼동,781-18,27.74,,37300,0,3,8,2018,갱신,26.08~28.08,37485.0,,,,
강남구,11680,역삼동,202608,연립다세대_전월세,서준빌라,역삼동,690-17,38.41,,25000,35,2,18,2000,신규,26.10~28.10,,,,,
강남구,11680,논현동,202608,연립다세대_전월세,조아빌라,논현동,130-2,50.17,,4500,140,2,8,2002,신규,26.08~27.08,,,,,
강남구,11680,논현동,202608,연립다세대_전월세,현영아트빌A,논현동,196-16,53.07,,3000,160,3,18,2004,신규,26.08~28.08,,,,,
강남구,11680,역삼동,202608,연립다세대_전월세,피렌체빌,역삼동,791-20,32.56,,1000,62,2,18,2002,갱신,26.08~27.08,1000.0,59.0,,,
강남구,11680,삼성동,202608,연립다세대_전월세,삼성테크빌,삼성동,90-2,28.25,,20000,0,2,14,2001,신규,26.09~28.09,,,,,
강남구,11680,대치동,202608,연립다세대_전월세,파인빌라,대치동,916-58,41.77,,28000,5,2,18,1996,갱신,26.08~27.08,28000.0,,사용,,
강남구,11680,논현동,202608,연립다세대_전월세,세인트빌,논현동,10-2,42.17,,15000,6,4,18,2002,신규,26.08~28.08,,,,,
강남구,11680,청담동,202608,연립다세대_전월세,GAUDIUM,청담동,18-31,29.9,,20000,56,3,5,2012,신규,26.08~28.08,,,,,
강남구,11680,역삼동,202608,연립다세대_전월세,서전빌,역삼동,697-21,31.03,,3000,100,2,6,2004,신규,26.08~28.08,,,,,
강남구,11680,논현동,202608,연립다세대_전월세,드림하우스,논현동,125-10,59.43,,3000,170,5,3,2002,신규,26.08~28.08,,,,,
강남구,11680,대치동,202608,연립다세대_전월세,로즈타운빌라트,대치동,900-32,38.02,,3000,88,4,1,1997,신규,26.08~28.07,,,,,
강남구,11680,개포동,202608,연립다세대_전월세,다세대주택,개포동,1255-8,22.63,,1000,68,2,12,2002,신규,26.08~28.08,,,,,
강남구,11680,개포동,202608,연립다세대_전월세,금성하이츠,개포동,1231-15,29.7,,4000,90,3,3,1993,신규,26.08~28.08,,,,,
강남구,11680,역삼동,202608,연립다세대_전월세,663-2,역삼동,663-2,35.82,,1000,230,4,14,2017,신규,26.08~27.08,,,,,
강남구,11680,대치동,202608,연립다세대_전월세,스테이원,대치동,916-43,29.95,,280,280,2,1,2024,신규,26.08~27.02,,,,,
강남구,11680,일원동,202608,연립다세대_전월세,(686-4),일원동,686-4,28.72,,31500,0,3,14,2020,신규,26.09~28.09,,,,,
강남구,11680,대치동,202608,연립다세대_전월세,동경빌라,대치동,915-2,43.46,,3000,88,2,14,2004,신규,26.10~28.10,,,,,
강남구,11680,논현동,202608,연립다세대_전월세,187-16,논현동,187-16,29.86,,36750,0,6,3,2020,갱신,26.10~28.10,35000.0,,사용,,
강남구,11680,역삼동,202608,연립다세대_전월세,(749-11),역삼동,749-11,44.4,,2000,99,4,14,2002,신규,26.09~28.09,,,,,
강남구,11680,논현동,202608,연립다세대_전월세,103-10,논현동,103-10,60.5,,16000,52,4,12,2018,갱신,26.08~27.08,16000.0,47.0,,,
강남구,11680,역삼동,202608,연립다세대_전월세,집앤사파시앙스,역삼동,780-11,23.14,,35000,0,2,12,2026,신규,26.09~28.09,,,,,
강남구,11680,역삼동,202608,연립다세대_전월세,예원아트빌라,역삼동,673-5,49.58,,1000,140,3,14,2001,신규,26.09~27.09,,,,,
강남구,11680,역삼동,202608,연립다세대_전월세,(687-12),역삼동,687-12,54.4,,2000,140,3,1,2002,신규,26.08~27.07,,,,,
강남구,11680,역삼동,202608,연립다세대_전월세,정암빌딩,역삼동,619,37.56,,1000,85,3,3,1999,신규,26.08~27.08,,,,,
강남구,11680,역삼동,202608,연립다세대_전월세,역삼빌라트(662-3),역삼동,662-3,29.89,,120,120,4,7,2002,신규,26.08~26.11,,,,,
강남구,11680,논현동,202608,연립다세대_전월세,준빌라,논현동,33-1,42.56,,2000,140,4,3,2001,신규,26.08~27.08,,,,,
강남구,11680,삼성동,202608,연립다세대_전월세,공간2차,삼성동,24-18,29.68,,30000,0,3,12,2016,신규,26.09~28.09,,,,,
강남구,11680,일원동,202608,연립다세대_전월세,라루체,일원동,634-9,17.62,,25900,0,4,12,2020,신규,26.09~28.09,,,,,
강남구,11680,논현동,202608,연립다세대_전월세,뮴(muum),논현동,145-10,12.05,,1000,66,5,7,2012,신규,26.08~28.08,,,,,
강남구,11680,대치동,202608,연립다세대_전월세,썬빌리지,대치동,919-26,47.45,,54300,0,4,13,2012,갱신,26.09~28.09,51800.0,,,,
강남구,11680,역삼동,202608,연립다세대_전월세,J&Jvill,역삼동,778-18,36.52,,29000,0,3,13,2015,갱신,26.10~28.10,28000.0,,,,
강남구,11680,역삼동,202608,연립다세대_전월세,월드쉐르빌2,역삼동,789-22,74.01,,3000,142,6,13,2002,신규,26.09~28.09,,,,,
강남구,11680,논현동,202608,연립다세대_전월세,모두가S,논현동,149-11,22.58,,20000,0,6,5,2019,신규,26.09~28.09,,,,,
강남구,11680,개포동,202608,연립다세대_전월세,산호빌라(6세대),개포동,160-7,36.84,,33000,12,1,11,1988,신규,26.10~28.10,,,,,
강남구,11680,대치동,202608,연립다세대_전월세,(911-20),대치동,911-20,33.16,,30000,0,3,3,2010,갱신,26.08~27.08,15000.0,55.0,,,
강남구,11680,청담동,202608,연립다세대_전월세,(35-9),청담동,35-9,12.25,,1000,63,5,7,2011,갱신,26.08~27.08,1000.0,60.0,,,
강남구,11680,역삼동,202608,연립다세대_전월세,레스빌,역삼동,657-4,24.72,,20000,0,3,8,2001,갱신,26.09~28.09,20000.0,,,,
강남구,11680,신사동,202608,연립다세대_전월세,(643-8),신사동,643-8,28.27,,1000,68,-1,12,1997,신규,26.09~28.08,,,,,
강남구,11680,논현동,202608,연립다세대_전월세,BLESSHOME,논현동,265-10,21.15,,19900,0,4,12,2012,신규,26.09~28.09,,,,,
강남구,11680,대치동,202608,연립다세대_전월세,(930-12),대치동,930-12,24.48,,145,145,2,13,2002,신규,26.08~27.03,,,,,
강남구,11680,대치동,202608,연립다세대_전월세,스테이원,대치동,916-43,29.96,,300,280,4,12,2024,신규,26.08~26.12,,,,,
강남구,11680,역삼동,202608,연립다세대_전월세,(692-26),역삼동,692-26,30.78,,300,100,3,4,2001,신규,26.08~26.11,,,,,
강남구,11680,개포동,202608,연립다세대_전월세,그린파크빌,개포동,1262-5,41.12,,15000,80,2,8,2017,신규,26.09~28.09,,,,,
강남구,11680,역삼동,202608,연립다세대_전월세,행복한빌라,역삼동,655-19,49.1,,30000,61,4,12,2002,갱신,26.09~28.11,28000.0,,,,
강남구,11680,역삼동,202608,연립다세대_전월세,(774-22),역삼동,774-22,71.67,,2000,65,2,12,2002,신규,26.09~27.09,,,,,
강남구,11680,역삼동,202608,연립다세대_전월세,행복한빌라,역삼동,655-19,49.1,,30000,61,4,12,2002,갱신,26.09~28.11,28000.0,60.0,,,
강남구,11680,역삼동,202608,연립다세대_전월세,그레이스빌(774-15),역삼동,774-15,15.59,,2000,61,3,12,2013,신규,26.08~27.08,,,,,
강남구,11680,일원동,202608,연립다세대_전월세,유진빌라,일원동,672-12,48.33,,26250,0,1,8,1987,갱신,26.09~28.09,25000.0,,사용,,
강남구,11680,논현동,202608,연립다세대_전월세,BLESSHOME,논현동,265-10,21.15,,19900,0,4,12,2012,신규,26.09~28.09,,,,,
강남구,11680,역삼동,202608,연립다세대_전월세,네오아키빌,역삼동,771-16,72.44,,52000,13,5,12,2002,갱신,26.08~28.08,52000.0,,사용,,
강남구,11680,역삼동,202608,연립다세대_전월세,동우코아,역삼동,681-39,23.4,,1000,69,2,11,1998,신규,26.08~28.08,,,,,
강남구,11680,역삼동,202608,연립다세대_전월세,역삼빌라A(745-36),역삼동,745-36,34.95,,8000,50,-1,10,1988,신규,26.08~28.08,,,,,
강남구,11680,역삼동,202608,연립다세대_전월세,역삼빌라트(697-17),역삼동,697-17,76.85,,20000,119,4,11,2000,신규,26.09~28.09,,,,,
강남구,11680,역삼동,202608,연립다세대_전월세,아람빌,역삼동,690-29,44.22,,7000,86,2,3,2001,신규,26.08~28.08,,,,,
강남구,11680,논현동,202608,연립다세대_전월세,(155-5),논현동,155-5,27.88,,10000,30,1,11,2002,신규,26.09~28.09,,,,,
강남구,11680,역삼동,202608,연립다세대_전월세,역삼이안베스티움,역삼동,780-42,29.84,,37400,0,3,1,2021,갱신,26.10~28.10,36400.0,,,,
강남구,11680,역삼동,202608,연립다세대_전월세,학수빌,역삼동,661-5,28.04,,13900,30,3,10,2011,갱신,26.10~28.10,12900.0,30.0,,,
강남구,11680,논현동,202608,연립다세대_전월세,세은알앤엘,논현동,223-7,16.02,,17000,0,4,5,2010,신규,26.09~28.09,,,,,
강남구,11680,역삼동,202608,연립다세대_전월세,역삼더하임,역삼동,774-40,24.99,,30000,48,4,11,2020,신규,26.09~28.09,,,,,
강남구,11680,역삼동,202608,연립다세대_전월세,역삼다산빌라,역삼동,780-46,12.86,,15000,19,5,4,2016,갱신,26.10~28.10,15000.0,16.0,,,
강남구,11680,삼성동,202608,연립다세대_전월세,힐스테이트5차,삼성동,47-6,15.79,,5000,80,4,7,2015,신규,26.08~28.08,,,,,
강남구,11680,대치동,202608,연립다세대_전월세,대치명문가,대치동,901-46,45.01,,1000,270,2,4,2022,신규,26.09~27.02,,,,,
강남구,11680,개포동,202608,연립다세대_전월세,꿈꾸지오,개포동,1265-3,29.66,,26000,20,2,1,2015,신규,26.08~28.08,,,,,
강남구,11680,역삼동,202608,연립다세대_전월세,행복한빌라,역삼동,655-19,49.1,,30000,61,4,11,2002,신규,26.09~28.11,,,,,
강남구,11680,논현동,202608,연립다세대_전월세,174-4,논현동,174-4,23.1775,,32000,0,3,5,2016,신규,26.08~27.08,,,,,
강남구,11680,역삼동,202608,연립다세대_전월세,(794-34),역삼동,794-34,31.89,,18700,8,4,10,2003,갱신,26.08~28.08,18700.0,4.0,사용,,
강남구,11680,개포동,202608,연립다세대_전월세,(1232-12),개포동,1232-12,36.38,,23000,0,3,10,2004,신규,26.09~28.09,,,,,
강남구,11680,삼성동,202608,연립다세대_전월세,(123-2),삼성동,123-2,46.57,,36000,0,3,10,2014,갱신,26.08~28.08,36000.0,,,,
강남구,11680,도곡동,202608,연립다세대_전월세,백년빌,도곡동,547-2,25.5,,3090,32,3,10,2021,갱신,26.09~28.08,3090.0,32.0,,,
강남구,11680,도곡동,202608,연립다세대_전월세,가동,도곡동,193-12,20.93,,22050,0,5,8,2015,신규,26.09~28.09,,,,,
강남구,11680,대치동,202608,연립다세대_전월세,(962-15),대치동,962-15,33.96,,18900,0,4,6,2002,신규,26.09~28.09,,,,,
강남구,11680,대치동,202608,연립다세대_전월세,(901-58),대치동,901-58,55.35,,5000,149,2,1,2003,신규,26.09~27.08,,,,,
강남구,11680,논현동,202608,연립다세대_전월세,Jhaus,논현동,175-15,12.33,,100,78,3,4,2013,신규,26.08~26.11,,,,,
강남구,11680,역삼동,202608,연립다세대_전월세,스타빌,역삼동,781-16,29.4,,1000,95,4,5,2002,신규,26.08~28.08,,,,,
강남구,11680,역삼동,202608,연립다세대_전월세,리치웰,역삼동,774-10,25.47,,27000,30,2,8,2017,신규,26.09~28.09,,,,,
강남구,11680,청담동,202608,연립다세대_전월세,청담빌라B동(13-56),청담동,13-56,59.64,,2000,100,2,10,1986,신규,26.09~28.09,,,,,
강남구,11680,삼성동,202608,연립다세대_전월세,(112-18),삼성동,112-18,28.62,,30000,0,3,8,2017,신규,26.10~28.10,,,,,
강남구,11680,역삼동,202608,연립다세대_전월세,역삼백년빌(656-5),역삼동,656-5,27.04,,200,90,4,7,2011,신규,26.08~26.11,,,,,
강남구,11680,역삼동,202608,연립다세대_전월세,현대하이츠(747-12),역삼동,747-12,52.08,,20000,100,3,10,1988,신규,26.09~28.09,,,,,
강남구,11680,개포동,202608,연립다세대_전월세,녹경,개포동,1262-2,63.24,,33000,0,3,10,1997,신규,26.10~28.10,,,,,
강남구,11680,역삼동,202608,연립다세대_전월세,하우징허브,역삼동,781-18,27.74,,37485,0,3,8,2018,갱신,26.08~28.08,37485.0,,,,
강남구,11680,신사동,202608,연립다세대_전월세,Ebenezer316,신사동,552-1,15.42,,5000,77,2,7,2012,갱신,26.08~28.08,5000.0,73.0,,,
강남구,11680,논현동,202608,연립다세대_전월세,(229-10),논현동,229-10,33.43,,20000,20,2,7,2004,신규,26.08~28.08,,,,,
강남구,11680,대치동,202608,연립다세대_전월세,효산휴먼빌,대치동,928-25,80.37,,10000,250,4,1,2002,신규,26.09~28.09,,,,,
강남구,11680,역삼동,202608,연립다세대_전월세,마이플레이스,역삼동,745-24,27.78,,33000,0,2,7,2018,신규,26.10~28.10,,,,,
강남구,11680,대치동,202608,연립다세대_전월세,(954-1),대치동,954-1,31.54,,15000,19,6,10,2003,신규,26.09~28.09,,,,,
강남구,11680,논현동,202608,연립다세대_전월세,주은빌(185-9),논현동,185-9,43.91,,31500,0,3,7,2008,신규,26.09~28.09,,,,,
강남구,11680,일원동,202608,연립다세대_전월세,윤하우스(yonhouse),일원동,620-10,24.34,,1000,58,3,4,2003,신규,26.08~28.08,,,,,
강남구,11680,역삼동,202608,연립다세대_전월세,쉐누빌,역삼동,780-35,59.71,,55000,7,3,7,2018,갱신,26.08~28.08,54000.0,,사용,,
강남구,11680,대치동,202608,연립다세대_전월세,(916-48),대치동,916-48,73.88,,50000,82,2,5,2008,갱신,26.10~28.10,50000.0,72.0,,,
강남구,11680,개포동,202608,연립다세대_전월세,G-heim,개포동,1245-5,24.6,,25400,6,2,7,2017,신규,26.08~28.08,,,,,
강남구,11680,역삼동,202608,연립다세대_전월세,더힐스,역삼동,664-1,27.45,,45000,0,5,7,2021,신규,26.09~28.08,,,,,
강남구,11680,개포동,202608,연립다세대_전월세,우정빌라,개포동,1173-14,22.38,,1000,60,1,3,1994,신규,26.08~28.08,,,,,
강남구,11680,일원동,202608,연립다세대_전월세,팰리체,일원동,642-5,20.77,,24800,0,3,3,2020,갱신,26.08~27.01,23800.0,,,,
강남구,11680,일원동,202608,연립다세대_전월세,다우예다인빌,일원동,664-2,27.62,,30000,0,2,3,2022,갱신,26.08~28.08,30000.0,,사용,,
강남구,11680,논현동,202608,연립다세대_전월세,THECORNERSTONE,논현동,150-16,19.56,,16500,0,4,6,2012,신규,26.09~28.09,,,,,
강남구,11680,대치동,202608,연립다세대_전월세,(911-20),대치동,911-20,33.16,,30000,0,3,3,2010,갱신,26.08~27.08,15000.0,55.0,,,
강남구,11680,역삼동,202608,연립다세대_전월세,더프라나역삼,역삼동,778-13,29.97,,37900,0,2,5,2021,갱신,26.08~28.08,37900.0,,,,
강남구,11680,논현동,202608,연립다세대_전월세,논현퍼스티움,논현동,160-4,79.01,,60900,0,5,6,2020,신규,26.08~27.05,,,,,
강남구,11680,역삼동,202608,연립다세대_전월세,해오름빌,역삼동,827-72,14.4,,500,78,3,4,2013,신규,26.08~27.08,,,,,
강남구,11680,역삼동,202608,연립다세대_전월세,우림레스빌,역삼동,774-21,63.21,,42000,0,2,4,2001,갱신,26.08~28.08,40000.0,,사용,,
강남구,11680,개포동,202608,연립다세대_전월세,뉴아트빌라(1182-4),개포동,1182-4,43.44,,3000,70,-1,1,1994,신규,26.08~28.08,,,,,
강남구,11680,일원동,202608,연립다세대_전월세,다움리치빌,일원동,627-2,38.87,,30000,44,6,3,2017,갱신,26.08~28.08,30000.0,37.0,,,
강남구,11680,역삼동,202608,연립다세대_전월세,더플레이스,역삼동,660-27,29.95,,3000,187,2,4,2019,신규,26.08~27.08,,,,,
강남구,11680,논현동,202608,연립다세대_전월세,푸빌,논현동,229-5,58.46,,35800,0,2,3,2003,신규,26.09~28.09,,,,,
강남구,11680,역삼동,202608,연립다세대_전월세,리치빌,역삼동,661-13,27.78,,18500,0,4,5,2003,신규,26.08~28.08,,,,,
강남구,11680,대치동,202608,연립다세대_전월세,창전유니빌(901-68),대치동,901-68,22.5,,1000,66,2,6,2012,신규,26.08~27.08,,,,,
강남구,11680,일원동,202608,연립다세대_전월세,블리시움2차,일원동,633-4,18.24,,20000,0,2,4,2022,신규,26.09~28.09,,,,,
강남구,11680,개포동,202608,연립다세대_전월세,운영빌라,개포동,1218-14,59.76,,35000,0,3,1,1996,갱신,26.09~28.09,26000.0,30.0,,,
강남구,11680,논현동,202608,연립다세대_전월세,토티캐슬,논현동,259-6,68.15,,42546,0,2,6,2002,갱신,26.08~28.08,40520.0,,,,
강남구,11680,역삼동,202608,연립다세대_전월세,RAUM,역삼동,704-43,19.44,,12600,15,3,6,2012,신규,26.09~28.09,,,,,
강남구,11680,역삼동,202608,연립다세대_전월세,더원스타빌,역삼동,698-26,29.66,,1000,141,3,5,2017,신규,26.09~27.09,,,,,
강남구,11680,역삼동,202608,연립다세대_전월세,아이힐2,역삼동,690-42,29.9,,30000,10,2,4,2016,갱신,26.09~28.09,28800.0,10.0,,,
강남구,11680,대치동,202608,연립다세대_전월세,소망빌라,대치동,930-26,22.8,,15000,0,1,5,2002,신규,26.08~28.08,,,,,
강남구,11680,일원동,202608,연립다세대_전월세,다세대주택(6세대),일원동,648-11,51.87,,27000,0,2,5,1986,갱신,26.08~28.08,25000.0,,,,
강남구,11680,역삼동,202608,연립다세대_전월세,마이플레이스(794-23),역삼동,794-23,43.06,,47000,20,6,5,2019,신규,26.08~28.08,,,,,
강남구,11680,삼성동,202608,연립다세대_전월세,엘림하이빌,삼성동,24-5,51.38,,33000,6,2,5,2003,갱신,26.08~28.08,31500.0,6.0,사용,,
강남구,11680,역삼동,202608,연립다세대_전월세,아이힐2,역삼동,690-42,29.97,,31000,0,3,4,2016,신규,26.09~28.09,,,,,
강남구,11680,일원동,202608,연립다세대_전월세,블리시움2차,일원동,633-4,18.24,,20000,0,2,4,2022,신규,26.09~28.09,,,,,
강남구,11680,삼성동,202608,연립다세대_전월세,로얄빌,삼성동,27-5,36.68,,22000,0,4,4,2001,갱신,26.08~28.08,21000.0,,,,
강남구,11680,역삼동,202608,연립다세대_전월세,제이원빌,역삼동,778-7,29.98,,27300,13,3,4,2014,갱신,26.09~28.09,27300.0,8.0,사용,,
강남구,11680,개포동,202608,연립다세대_전월세,럭키하우스,개포동,1236-8,18.3,,5000,38,4,4,2011,신규,26.08~28.08,,,,,
강남구,11680,역삼동,202608,연립다세대_전월세,자인웰리움,역삼동,783-11,47.16,,45000,0,5,4,2016,신규,26.10~28.10,,,,,
강남구,11680,삼성동,202608,연립다세대_전월세,정건물,삼성동,118-21,24.4,,12000,35,4,1,1996,신규,26.08~28.08,,,,,
강남구,11680,역삼동,202608,연립다세대_전월세,더힐,역삼동,798-1,28.96,,43000,10,3,4,2021,신규,26.10~27.10,,,,,
강남구,11680,논현동,202608,연립다세대_전월세,모두가S,논현동,149-11,26.94,,29700,0,2,4,2019,갱신,26.08~28.08,28300.0,,사용,,
강남구,11680,역삼동,202608,연립다세대_전월세,디엔에스리치빌,역삼동,677-8,19.19,,10000,35,9,4,2013,신규,26.09~28.09,,,,,
강남구,11680,논현동,202608,연립다세대_전월세,223-1,논현동,223-1,25.95,,36750,0,3,4,2021,신규,26.09~28.09,,,,,
강남구,11680,역삼동,202608,연립다세대_전월세,공간8차,역삼동,637-4,27.23,,30000,0,2,1,2017,신규,26.09~28.09,,,,,
강남구,11680,율현동,202608,연립다세대_전월세,(300-77),율현동,300-77,54.8175,,40000,15,1,3,2023,신규,26.08~28.08,,,,,
강남구,11680,역삼동,202608,연립다세대_전월세,(789-26),역삼동,789-26,30.24,,23500,0,3,1,2013,신규,26.09~27.09,,,,,
강남구,11680,논현동,202608,연립다세대_전월세,베스트빌,논현동,172-11,32.55,,26000,0,5,3,2009,신규,26.10~28.10,,,,,
강남구,11680,논현동,202608,연립다세대_전월세,아이앤지,논현동,224-14,28.98,,2000,90,3,1,2012,신규,26.08~28.07,,,,,
강남구,11680,역삼동,202608,연립다세대_전월세,힐스테이트1,역삼동,697-33,29.74,,30000,0,4,1,2015,신규,26.08~28.08,,,,,
강남구,11680,삼성동,202608,연립다세대_전월세,더프라우드,삼성동,41-12,59.14,,60000,78,5,3,2023,신규,26.09~27.08,,,,,
강남구,11680,도곡동,202608,연립다세대_전월세,리안빌리지,도곡동,456-11,14.85,,1000,65,4,3,2012,신규,26.08~28.08,,,,,
강남구,11680,대치동,202608,연립다세대_전월세,(931-6),대치동,931-6,50.5,,16000,70,3,3,2004,신규,26.09~28.09,,,,,
강남구,11680,논현동,202608,연립다세대_전월세,예원베스트빌,논현동,229-21,104.33,,64000,0,2,1,2002,신규,26.10~28.10,,,,,
강남구,11680,논현동,202608,연립다세대_전월세,파크빌,논현동,272-8,15.93,,1000,59,4,1,2013,신규,26.08~28.08,,,,,
강남구,11680,역삼동,202608,연립다세대_전월세,성원빌딩,역삼동,835-35,31.81,,23000,20,4,1,2003,갱신,26.09~28.08,22000.0,20.0,사용,,
강남구,11680,일원동,202608,아파트_전월세,상록수,일원동,734,74.54,,40000,160,3,13,1993,,,,,,,
강남구,11680,논현동,202608,아파트_전월세,아크로힐스논현,논현동,276-1,84.208,,46000,380,8,15,2014,,,,,,,
강남구,11680,수서동,202608,아파트_전월세,강남데시앙포레,수서동,795,59.74,,20000,260,1,6,2014,,,,,,,
강남구,11680,일원동,202608,아파트_전월세,래미안 개포 루체하임,일원동,741,59.99,,5000,500,8,2,2018,,,,,,,
강남구,11680,대치동,202608,아파트_전월세,은마,대치동,316,84.43,,78000,0,3,12,1979,,,,,,,
강남구,11680,도곡동,202608,아파트_전월세,럭키(963),도곡동,963,84.97,,62000,82,10,8,1995,,,,,,,
강남구,11680,도곡동,202608,아파트_전월세,도곡더써밋타워,도곡동,954-17,18.34,,12800,50,7,5,2025,,,,,,,
강남구,11680,도곡동,202608,아파트_전월세,삼익,도곡동,869,104.01,,95000,0,9,8,1983,,,,,,,
강남구,11680,도곡동,202608,아파트_전월세,삼성래미안,도곡동,91-5,84.89,,120500,0,12,8,2001,,,,,,,
강남구,11680,개포동,202608,아파트_전월세,성원대치2단지아파트,개포동,12,49.86,,63500,0,11,1,1992,,,,,,,
강남구,11680,자곡동,202608,아파트_전월세,래미안포레,자곡동,687,59.97,,70000,0,4,1,2014,,,,,,,
강남구,11680,청담동,202608,아파트_전월세,청담현대3차아파트,청담동,127-31,109.53,,147000,0,14,19,1999,갱신,26.09~28.09,140000.0,,사용,,
강남구,11680,청담동,202608,아파트_전월세,휴먼스타빌,청담동,5-25,35.905,,0,300,6,21,2005,신규,26.08~26.10,,,,,
강남구,11680,삼성동,202608,아파트_전월세,삼성동중앙하이츠빌리지,삼성동,14-1,84.87,,120000,0,8,21,2004,갱신,26.08~28.08,110000.0,,,,
강남구,11680,청담동,202608,아파트_전월세,청담신원아침도시마인,청담동,122-35,27.7131,,2000,130,5,5,2013,신규,26.08~28.08,,,,,
강남구,11680,압구정동,202608,아파트_전월세,한양6,압구정동,484,106.71,,85000,0,6,21,1980,신규,26.11~28.11,,,,,
강남구,11680,개포동,202608,아파트_전월세,개포래미안포레스트,개포동,1282,84.86,,140000,0,12,21,2020,갱신,26.11~28.11,120000.0,,,,
강남구,11680,압구정동,202608,아파트_전월세,한양1차(영동한양),압구정동,490,49.98,,20000,105,10,19,1977,갱신,26.09~28.09,20000.0,100.0,사용,,
강남구,11680,일원동,202608,아파트_전월세,디에이치자이개포,일원동,743,84.73,,50000,400,34,14,2021,신규,26.10~28.10,,,,,
강남구,11680,개포동,202608,아파트_전월세,개포래미안포레스트,개포동,1282,84.83,,50000,390,23,21,2020,신규,26.10~28.10,,,,,
강남구,11680,역삼동,202608,아파트_전월세,한스빌(836),역삼동,836,39.89,,1000,110,7,11,1996,신규,26.09~27.08,,,,,
강남구,11680,자곡동,202608,아파트_전월세,강남한양수자인(4단지),자곡동,686,84.89,,49481,0,4,21,2014,갱신,26.09~28.08,47125.0,,,,
강남구,11680,자곡동,202608,아파트_전월세,래미안포레,자곡동,687,49.94,,5480,38,10,21,2014,신규,26.09~28.11,,,,,
강남구,11680,도곡동,202608,아파트_전월세,한라비발디,도곡동,972,84.8861,,70000,250,7,21,2016,신규,26.09~28.09,,,,,
강남구,11680,역삼동,202608,아파트_전월세,동부센트레빌,역삼동,716,84.97,,60000,270,15,7,1998,신규,26.10~29.02,,,,,
강남구,11680,역삼동,202608,아파트_전월세,역삼I'PARK,역삼동,713-11,144.641,,140000,175,21,8,2006,갱신,26.09~28.09,140000.0,140.0,사용,,
강남구,11680,삼성동,202608,아파트_전월세,래미안삼성2차,삼성동,7-3,101.38,,128000,0,22,15,2007,갱신,26.08~28.08,123750.0,,,,
강남구,11680,삼성동,202608,아파트_전월세,삼성동한솔아파트,삼성동,4-6,58.57,,80000,0,2,21,1998,갱신,26.10~28.10,74000.0,,,,
강남구,11680,개포동,202608,아파트_전월세,성원대치2단지아파트,개포동,12,39.53,,45000,0,15,18,1992,신규,26.10~28.10,,,,,
강남구,11680,도곡동,202608,아파트_전월세,도곡렉슬,도곡동,527,114.9931,,200000,0,22,20,2006,신규,26.08~28.08,,,,,
강남구,11680,압구정동,202608,아파트_전월세,한양1차(영동한양),압구정동,490,63.87,,64950,0,12,20,1977,갱신,26.10~28.10,61950.0,,,,
강남구,11680,도곡동,202608,아파트_전월세,아카데미스위트1,도곡동,467-7,128.74,,200000,0,9,21,2004,신규,26.08~28.08,,,,,
강남구,11680,개포동,202608,아파트_전월세,래미안블레스티지,개포동,1280,84.943,,30000,450,15,19,2019,갱신,26.11~28.11,30000.0,430.0,사용,,
강남구,11680,자곡동,202608,아파트_전월세,래미안포레,자곡동,687,59.97,,29131,0,11,20,2014,갱신,26.09~28.08,27744.0,,,,
강남구,11680,일원동,202608,아파트_전월세,디에이치자이개포,일원동,743,84.75,,157500,0,31,20,2021,갱신,26.09~28.09,150000.0,,사용,,
강남구,11680,일원동,202608,아파트_전월세,푸른마을아파트101동~111동,일원동,719,59.76,,80000,0,10,6,1994,신규,26.09~28.09,,,,,
강남구,11680,자곡동,202608,아파트_전월세,강남한양수자인(4단지),자곡동,686,84.89,,52773,0,1,21,2014,갱신,26.09~28.08,50260.0,,,,
강남구,11680,압구정동,202608,아파트_전월세,한양6,압구정동,484,106.71,,75000,0,3,15,1980,신규,26.10~28.10,,,,,
강남구,11680,청담동,202608,아파트_전월세,구산,청담동,128-1,59.4,,50000,0,1,21,1993,갱신,26.09~28.09,47000.0,,,,
강남구,11680,삼성동,202608,아파트_전월세,서광아파트,삼성동,2,59.67,,84000,0,7,10,1998,갱신,26.11~28.11,80000.0,,사용,,
강남구,11680,삼성동,202608,아파트_전월세,채널리저브,삼성동,144-14,84.94,,2000,410,20,7,2007,갱신,26.11~27.11,2000.0,400.0,,,
강남구,11680,청담동,202608,아파트_전월세,진흥아파트,청담동,65,145.69,,63000,190,11,20,1984,갱신,26.09~28.09,60000.0,190.0,사용,,
강남구,11680,역삼동,202608,아파트_전월세,래미안펜타빌,역삼동,713-7,158.58,,185000,0,18,19,2007,신규,26.11~28.11,,,,,
강남구,11680,자곡동,202608,아파트_전월세,강남한양수자인(4단지),자곡동,686,49.94,,5430,38,1,20,2014,신규,26.09~28.11,,,,,
강남구,11680,개포동,202608,아파트_전월세,디에이치아너힐즈,개포동,1281,84.357,,153000,0,7,21,2019,갱신,26.10~28.10,153000.0,,,,
강남구,11680,자곡동,202608,아파트_전월세,강남한양수자인(4단지),자곡동,686,59.97,,2440,48,8,19,2014,신규,26.09~28.11,,,,,
강남구,11680,대치동,202608,아파트_전월세,테헤란로대우아이빌(891-6),대치동,891-6,59.83,,15000,155,25,19,2004,갱신,26.09~27.09,15000.0,145.0,,,
강남구,11680,일원동,202608,아파트_전월세,상록스타힐스,일원동,688,59.921,,12499,115,23,20,2022,갱신,26.11~28.11,11904.0,109.0,,,
강남구,11680,역삼동,202608,아파트_전월세,역삼래미안,역삼동,757,59.4,,50000,200,12,20,2005,신규,26.10~28.10,,,,,
강남구,11680,자곡동,202608,아파트_전월세,강남브리즈힐,자곡동,618,74.44,,10000,300,15,20,2014,신규,26.09~28.09,,,,,
강남구,11680,도곡동,202608,아파트_전월세,아카데미스위트1,도곡동,467-7,83,,120000,0,38,13,2004,신규,26.11~28.11,,,,,
강남구,11680,도곡동,202608,아파트_전월세,SK허브프리모,도곡동,953-1,67.5,,57750,0,14,3,2006,갱신,26.09~28.09,55000.0,,사용,,
강남구,11680,율현동,202608,아파트_전월세,강남한신휴플러스6단지,율현동,365,49.79,,5859,37,8,20,2015,신규,26.09~28.11,,,,,
강남구,11680,삼성동,202608,아파트_전월세,블루밍하우스,삼성동,64-4,157.02,,173000,0,2,12,2006,갱신,26.10~28.10,163000.0,,,,
강남구,11680,대치동,202608,아파트_전월세,대치아이파크,대치동,888,114.97,,100000,400,4,19,2008,신규,26.09~28.09,,,,,
강남구,11680,역삼동,202608,아파트_전월세,이스턴오피스텔,역삼동,735-15,14.78,,1000,85,9,20,2014,신규,26.08~27.08,,,,,
강남구,11680,삼성동,202608,아파트_전월세,삼성동힐스테이트 1단지,삼성동,16-2,31.402,,10000,215,10,18,2008,갱신,26.09~27.09,5000.0,230.0,,,
강남구,11680,논현동,202608,아파트_전월세,두산위브1단지,논현동,252-1,84.993,,85000,0,4,20,2004,신규,26.10~28.10,,,,,
강남구,11680,삼성동,202608,아파트_전월세,진흥아파트,삼성동,53-2,207.82,,190000,0,8,3,1984,신규,26.09~28.09,,,,,
강남구,11680,개포동,202608,아파트_전월세,성원대치2단지아파트,개포동,12,39.53,,39900,0,7,19,1992,갱신,26.11~28.11,38000.0,,사용,,
강남구,11680,삼성동,202608,아파트_전월세,래미안삼성1차(105-0),삼성동,105,181.51,,100000,360,3,19,2005,신규,26.11~28.11,,,,,
강남구,11680,일원동,202608,아파트_전월세,상록스타힐스,일원동,688,29.497,,27747,20,5,20,2022,신규,26.09~28.09,,,,,
강남구,11680,개포동,202608,아파트_전월세,개포자이프레지던스,개포동,1284,59.9751,,20000,420,15,20,2023,갱신,26.11~28.11,20000.0,400.0,사용,,
강남구,11680,도곡동,202608,아파트_전월세,아카데미스위트1,도곡동,467-7,122.07,,140000,100,38,1,2004,갱신,26.10~28.10,140000.0,70.0,사용,,
강남구,11680,도곡동,202608,아파트_전월세,타워팰리스1,도곡동,467,137.24,,210000,0,16,20,2002,갱신,26.10~28.10,210000.0,,사용,,
강남구,11680,도곡동,202608,아파트_전월세,타워팰리스2,도곡동,467-17,111.39,,10000,630,19,20,2003,갱신,26.10~28.10,10000.0,610.0,,,
강남구,11680,역삼동,202608,아파트_전월세,역삼동하나빌,역삼동,681-26,84.77,,80000,0,15,20,2002,신규,26.11~28.11,,,,,
강남구,11680,개포동,202608,아파트_전월세,우성8,개포동,179,79.61,,93000,0,6,20,1987,갱신,26.08~28.08,89000.0,,사용,,
강남구,11680,개포동,202608,아파트_전월세,개포자이프레지던스,개포동,1284,78.7747,,110000,140,9,20,2023,신규,26.10~28.10,,,,,
강남구,11680,도곡동,202608,아파트_전월세,대림아크로빌,도곡동,467-6,177.255,,210000,0,6,19,1999,신규,26.11~28.11,,,,,
강남구,11680,도곡동,202608,아파트_전월세,타워팰리스3,도곡동,467-29,163.567,,260000,0,53,20,2004,갱신,26.08~28.08,210000.0,,,,
강남구,11680,개포동,202608,아파트_전월세,개포우성3차,개포동,652,133.46,,50000,240,11,20,1984,갱신,26.09~28.09,50000.0,220.0,사용,,
강남구,11680,일원동,202608,아파트_전월세,상록스타힐스,일원동,688,59.963,,12499,115,12,14,2022,갱신,26.11~28.11,11904.0,109.0,,,
강남구,11680,대치동,202608,아파트_전월세,개포우성1,대치동,503,84.81,,95000,100,3,5,1983,신규,26.10~28.11,,,,,
강남구,11680,논현동,202608,아파트_전월세,동현아파트1~6,논현동,105,84.92,,72000,0,6,20,1985,갱신,26.09~28.09,70000.0,,사용,,
강남구,11680,자곡동,202608,아파트_전월세,강남한양수자인(4단지),자곡동,686,49.94,,5430,38,7,20,2014,신규,26.09~28.11,,,,,
강남구,11680,수서동,202608,아파트_전월세,신동아,수서동,736,39.53,,28000,60,1,19,1992,신규,26.10~28.10,,,,,
강남구,11680,일원동,202608,아파트_전월세,가람,일원동,735,75.16,,33320,110,4,20,1993,갱신,26.10~28.10,33320.0,90.0,,,
강남구,11680,압구정동,202608,아파트_전월세,현대4차저층(51~56동),압구정동,462,117.91,,25000,440,4,20,1977,신규,26.09~28.09,,,,,
강남구,11680,개포동,202608,아파트_전월세,디에이치아너힐즈,개포동,1281,106.9101,,250000,0,8,20,2019,신규,26.10~28.10,,,,,
강남구,11680,개포동,202608,아파트_전월세,개포우성3차,개포동,652,133.46,,10000,380,13,8,1984,갱신,26.08~28.08,10000.0,360.0,사용,,
강남구,11680,도곡동,202608,아파트_전월세,도곡푸르지오102동,도곡동,949-2,147.21,,110000,0,5,19,2006,갱신,26.08~28.02,100000.0,,,,
강남구,11680,역삼동,202608,아파트_전월세,래미안그레이튼,역삼동,763-16,59.97,,22000,330,4,8,2009,신규,26.09~28.09,,,,,
강남구,11680,역삼동,202608,아파트_전월세,역삼래미안,역삼동,757,59.4,,70000,160,4,18,2005,신규,26.08~28.08,,,,,
강남구,11680,역삼동,202608,아파트_전월세,테헤란아이파크,역삼동,709-5,92.6232,,70000,300,20,15,2014,갱신,26.12~28.12,70000.0,260.0,,,
강남구,11680,수서동,202608,아파트_전월세,신동아,수서동,736,49.96,,50000,30,2,1,1992,신규,26.09~28.09,,,,,
강남구,11680,역삼동,202608,아파트_전월세,대우디오빌플러스,역삼동,824-25,34.41,,21000,40,8,8,2004,신규,26.09~28.09,,,,,
강남구,11680,대치동,202608,아파트_전월세,래미안대치팰리스,대치동,1027,59.99,,69537,0,9,19,2015,갱신,26.09~28.08,66226.0,,,,
강남구,11680,대치동,202608,아파트_전월세,개포우성1,대치동,503,189.98,,200000,0,5,18,1983,신규,26.08~28.08,,,,,
강남구,11680,개포동,202608,아파트_전월세,개포래미안포레스트,개포동,1282,59.92,,20000,410,18,19,2020,신규,26.09~28.09,,,,,
강남구,11680,도곡동,202608,아파트_전월세,한신엠비씨,도곡동,895-8,84.74,,58300,0,9,8,1988,신규,26.08~28.08,,,,,
강남구,11680,대치동,202608,아파트_전월세,래미안대치하이스턴,대치동,985,110.39,,100000,271,11,14,1989,갱신,26.08~28.08,100000.0,240.0,사용,,
강남구,11680,일원동,202608,아파트_전월세,푸른마을아파트101동~111동,일원동,719,84.93,,12000,332,1,17,1994,신규,26.10~28.10,,,,,
강남구,11680,대치동,202608,아파트_전월세,은마,대치동,316,76.79,,49000,0,14,19,1979,갱신,26.08~28.08,61000.0,,사용,,
강남구,11680,일원동,202608,아파트_전월세,상록스타힐스,일원동,688,18.877,,13213,26,6,19,2022,신규,26.09~28.09,,,,,
강남구,11680,자곡동,202608,아파트_전월세,강남한양수자인(4단지),자곡동,686,59.97,,2440,48,2,19,2014,신규,26.09~28.11,,,,,
강남구,11680,자곡동,202608,아파트_전월세,강남한양수자인(4단지),자곡동,686,59.93,,2562,51,3,19,2014,신규,26.09~28.11,,,,,
강남구,11680,자곡동,202608,아파트_전월세,강남한양수자인(4단지),자곡동,686,59.97,,6101,41,8,19,2014,신규,26.09~28.11,,,,,
강남구,11680,역삼동,202608,아파트_전월세,개나리SK뷰,역삼동,716-3,127.27,,125000,280,14,19,2012,갱신,26.08~28.08,125000.0,210.0,,,
강남구,11680,세곡동,202608,아파트_전월세,강남신동아파밀리에1단지,세곡동,508,39.95,,3159,27,4,19,2011,갱신,26.09~28.08,3159.0,27.0,,,
강남구,11680,개포동,202608,아파트_전월세,성원대치2단지아파트,개포동,12,33.18,,40000,0,11,8,1992,신규,26.09~28.09,,,,,
강남구,11680,역삼동,202608,아파트_전월세,대우디오빌,역삼동,720-25,30.03,,2000,140,5,19,2002,신규,26.08~27.08,,,,,
강남구,11680,도곡동,202608,아파트_전월세,도곡렉슬,도곡동,527,84.9984,,160000,0,15,8,2006,갱신,26.09~28.09,150000.0,,,,
강남구,11680,개포동,202608,아파트_전월세,성원대치2단지아파트,개포동,12,39.53,,16800,101,15,17,1992,갱신,26.10~28.10,16000.0,96.0,사용,,
강남구,11680,도곡동,202608,아파트_전월세,타워팰리스2,도곡동,467-17,164.99,,257250,0,10,19,2003,갱신,26.08~28.08,245000.0,,사용,,
강남구,11680,자곡동,202608,아파트_전월세,강남한양수자인(4단지),자곡동,686,49.94,,5642,39,8,19,2014,신규,26.09~28.11,,,,,
강남구,11680,압구정동,202608,아파트_전월세,"현대1차(12,13,21,22,31,32,33동)",압구정동,369-1,161.19,,170000,0,7,19,1976,신규,26.11~28.11,,,,,
강남구,11680,자곡동,202608,아파트_전월세,강남한양수자인(4단지),자곡동,686,59.97,,6101,41,2,19,2014,신규,26.09~28.11,,,,,
강남구,11680,자곡동,202608,아파트_전월세,강남한양수자인(4단지),자곡동,686,49.94,,5642,39,2,19,2014,신규,26.09~28.11,,,,,
강남구,11680,자곡동,202608,아파트_전월세,강남에버시움,자곡동,621,46.71,,4997,41,4,14,2013,갱신,26.09~28.08,4759.0,38.0,,,
강남구,11680,대치동,202608,아파트_전월세,"쌍용대치아파트1동,2동,3동,5동,6동",대치동,66,128.03,,10000,350,11,19,1983,신규,26.10~28.10,,,,,
강남구,11680,자곡동,202608,아파트_전월세,강남한양수자인(4단지),자곡동,686,49.94,,5430,38,3,19,2014,갱신,26.09~28.08,5430.0,38.0,,,
강남구,11680,삼성동,202608,아파트_전월세,래미안라클래시,삼성동,189,71.95,,160000,0,34,19,2021,신규,26.10~28.10,,,,,
강남구,11680,대치동,202608,아파트_전월세,래미안대치팰리스,대치동,1027,84.99,,109000,320,13,18,2015,갱신,26.09~28.09,100000.0,320.0,,,
강남구,11680,자곡동,202608,아파트_전월세,강남한양수자인(4단지),자곡동,686,59.93,,6406,43,3,19,2014,신규,26.09~28.11,,,,,
강남구,11680,역삼동,202608,아파트_전월세,에스케이허브젠,역삼동,831-45,71.91,,80000,0,10,13,2005,신규,26.09~28.09,,,,,
강남구,11680,개포동,202608,아파트_전월세,래미안블레스티지,개포동,1280,126.928,,215000,0,4,18,2019,갱신,26.11~28.11,215000.0,,,,
강남구,11680,삼성동,202608,아파트_전월세,현대타워(13층-27층),삼성동,143-37,149.99,,147000,0,18,19,1998,갱신,26.09~27.03,147000.0,,,,
강남구,11680,개포동,202608,아파트_전월세,삼익대청아파트,개포동,12,60,,50000,140,12,18,1992,신규,26.10~28.10,,,,,
강남구,11680,삼성동,202608,아파트_전월세,삼성동힐스테이트 1단지,삼성동,16-2,84.236,,50000,300,17,11,2008,갱신,26.10~28.10,50000.0,280.0,사용,,
강남구,11680,일원동,202608,아파트_전월세,디에이치자이개포,일원동,743,103.86,,195000,0,29,19,2021,신규,26.12~28.12,,,,,
강남구,11680,압구정동,202608,아파트_전월세,"현대6차(78~81,83,84,86,87동)",압구정동,456,144.7,,40000,0,10,7,1978,신규,26.08~30.08,,,,,
강남구,11680,논현동,202608,아파트_전월세,두산위브2단지,논현동,258,106.829,,2200,410,10,9,2004,갱신,26.08~27.08,35000.0,390.0,,,
강남구,11680,청담동,202608,아파트_전월세,현대아파트,청담동,23,84.92,,82000,0,7,11,1988,신규,26.10~28.10,,,,,
강남구,11680,삼성동,202608,아파트_전월세,현대힐스테이트2단지,삼성동,50,84.236,,15000,454,18,14,2008,갱신,26.10~28.10,15000.0,430.0,사용,,
강남구,11680,압구정동,202608,아파트_전월세,한양1차(영동한양),압구정동,490,63.87,,75000,0,10,17,1977,신규,26.10~28.10,,,,,
강남구,11680,대치동,202608,아파트_전월세,은마,대치동,316,84.43,,40000,0,9,7,1979,신규,26.09~28.09,,,,,
강남구,11680,일원동,202608,아파트_전월세,샘터마을,일원동,718,134.438,,135000,0,10,16,1994,신규,26.09~28.09,,,,,
강남구,11680,세곡동,202608,아파트_전월세,강남신동아파밀리에1단지,세곡동,508,49.74,,7291,27,3,18,2011,갱신,26.09~28.08,5248.0,39.0,,,
강남구,11680,역삼동,202608,아파트_전월세,e-편한세상,역삼동,755-4,59.606,,99750,0,14,8,2005,갱신,26.09~28.09,95000.0,,사용,,
강남구,11680,역삼동,202608,아파트_전월세,동부센트레빌,역삼동,716,84.97,,105000,0,12,14,1998,신규,26.10~28.10,,,,,
강남구,11680,도곡동,202608,아파트_전월세,도곡동STAY77,도곡동,957,28.45,,33000,38,6,13,2020,갱신,26.09~27.09,33000.0,31.0,,,
강남구,11680,청담동,202608,아파트_전월세,청담자이,청담동,134-38,49.639,,20000,410,10,18,2011,신규,26.08~28.08,,,,,
강남구,11680,개포동,202608,아파트_전월세,성원대치2단지아파트,개포동,12,39.53,,55000,0,14,10,1992,신규,26.09~28.09,,,,,
강남구,11680,일원동,202608,아파트_전월세,상록스타힐스,일원동,688,18.877,,3929,36,5,18,2022,갱신,26.11~28.11,5613.0,30.0,,,
강남구,11680,자곡동,202608,아파트_전월세,래미안포레,자곡동,687,59.92,,29131,0,7,18,2014,갱신,26.09~28.08,27744.0,,,,
강남구,11680,삼성동,202608,아파트_전월세,엘에이치삼성도시형생활주택,삼성동,109-21,27.75,,17000,25,3,15,2013,갱신,26.08~28.08,16000.0,25.0,,,
강남구,11680,도곡동,202608,아파트_전월세,도곡렉슬,도곡동,527,120.8233,,135000,160,2,1,2006,갱신,26.08~28.08,120000.0,150.0,,,
강남구,11680,대치동,202608,아파트_전월세,대치푸르지오써밋,대치동,1032,84.9747,,110000,250,4,8,2023,갱신,26.10~28.10,110000.0,220.0,사용,,
강남구,11680,세곡동,202608,아파트_전월세,강남신동아파밀리에1단지,세곡동,508,49.74,,4792,35,5,18,2011,갱신,26.09~28.08,4792.0,35.0,,,
강남구,11680,일원동,202608,아파트_전월세,상록스타힐스,일원동,688,59.592,,8656,79,11,14,2022,갱신,26.11~28.11,8244.0,76.0,,,
강남구,11680,자곡동,202608,아파트_전월세,강남에버시움,자곡동,621,29.43,,211,7,3,18,2013,갱신,26.09~28.08,296.0,6.0,,,
강남구,11680,대치동,202608,아파트_전월세,선경2차(8동-12동),대치동,506,127.75,,98500,320,14,8,1985,갱신,26.11~28.11,90000.0,320.0,,,
강남구,11680,대치동,202608,아파트_전월세,동부센트레빌,대치동,670,145.83,,230000,260,4,17,2005,신규,26.11~29.02,,,,,
강남구,11680,도곡동,202608,아파트_전월세,타워팰리스1,도곡동,467,174.67,,85000,820,7,18,2002,갱신,26.09~27.09,85000.0,820.0,,,
강남구,11680,일원동,202608,아파트_전월세,상록스타힐스,일원동,688,59.963,,11874,109,1,18,2022,갱신,26.11~28.11,11308.0,104.0,,,
강남구,11680,대치동,202608,아파트_전월세,대치삼성,대치동,1014-3,59.88,,120000,0,21,4,2000,신규,26.10~28.10,,,,,
강남구,11680,일원동,202608,아파트_전월세,상록스타힐스,일원동,688,59.963,,12499,115,7,14,2022,갱신,26.11~28.11,11904.0,109.0,,,
강남구,11680,일원동,202608,아파트_전월세,상록스타힐스,일원동,688,18.877,,3929,36,5,14,2022,갱신,26.11~28.10,3742.0,34.0,,,
강남구,11680,개포동,202608,아파트_전월세,래미안블레스티지,개포동,1280,84.95,,80000,246,3,6,2019,갱신,26.09~28.09,80000.0,220.0,사용,,
강남구,11680,수서동,202608,아파트_전월세,까치마을,수서동,746,34.44,,37000,0,13,15,1993,갱신,26.09~28.09,32000.0,,,,
강남구,11680,역삼동,202608,아파트_전월세,역삼동골든베리힐,역삼동,667-1,127.7,,67000,20,3,14,2004,갱신,26.08~28.08,63000.0,,,,
강남구,11680,개포동,202608,아파트_전월세,래미안블레스티지,개포동,1280,84.94,,80000,280,13,15,2019,갱신,26.10~28.10,85000.0,260.0,사용,,
강남구,11680,청담동,202608,아파트_전월세,청담스위트,청담동,34-13,13.425,,1000,95,4,8,2015,신규,26.08~27.08,,,,,
강남구,11680,수서동,202608,아파트_전월세,강남데시앙포레,수서동,795,114.45,,120000,0,13,15,2014,갱신,26.10~28.09,115000.0,,사용,,
강남구,11680,역삼동,202608,아파트_전월세,개나리래미안,역삼동,754,84.93,,40000,385,15,10,2006,갱신,26.10~28.10,40000.0,370.0,사용,,
강남구,11680,개포동,202608,아파트_전월세,개포래미안포레스트,개포동,1282,59.96,,105000,42,15,15,2020,갱신,26.09~28.09,100000.0,40.0,사용,,
강남구,11680,대치동,202608,아파트_전월세,대치푸르지오써밋,대치동,1032,117.6566,,120000,520,9,17,2023,신규,26.09~28.09,,,,,
강남구,11680,압구정동,202608,아파트_전월세,미성2차,압구정동,397,74.4,,99000,0,4,15,1987,신규,26.12~28.12,,,,,
강남구,11680,대치동,202608,아파트_전월세,래미안대치하이스턴,대치동,985,110.39,,140000,140,6,7,1989,신규,26.09~28.09,,,,,
강남구,11680,역삼동,202608,아파트_전월세,테헤란아이파크,역삼동,709-5,92.6232,,140000,0,14,8,2014,갱신,26.08~28.08,130000.0,,,,
강남구,11680,일원동,202608,아파트_전월세,디에이치자이개포,일원동,743,84.64,,140000,120,31,17,2021,신규,26.12~28.12,,,,,
강남구,11680,청담동,202608,아파트_전월세,청담현대3차아파트,청담동,127-31,85,,90000,0,7,18,1999,갱신,26.08~28.08,84000.0,,,,
강남구,11680,개포동,202608,아파트_전월세,성원대치2단지아파트,개포동,12,49.86,,61000,0,12,15,1992,신규,26.09~28.09,,,,,
강남구,11680,개포동,202608,아파트_전월세,성원대치2단지아파트,개포동,12,39.53,,49000,0,10,14,1992,신규,26.09~28.09,,,,,
강남구,11680,역삼동,202608,아파트_전월세,역삼우정에쉐르2,역삼동,707-18,50.72,,65000,0,6,15,2004,신규,26.09~28.09,,,,,
강남구,11680,자곡동,202608,아파트_전월세,래미안포레,자곡동,687,59.71,,29131,0,6,18,2014,갱신,26.09~28.08,27744.0,,,,
강남구,11680,삼성동,202608,아파트_전월세,삼성동중앙하이츠빌리지,삼성동,14-1,59.92,,95550,0,5,13,2004,갱신,26.08~28.08,91000.0,,사용,,
강남구,11680,대치동,202608,아파트_전월세,S-TOWER,대치동,983-1,204.38,,70000,400,9,13,1996,신규,26.12~28.12,,,,,
강남구,11680,도곡동,202608,아파트_전월세,도곡렉슬,도곡동,527,84.9984,,157500,0,11,15,2006,갱신,26.10~28.10,150000.0,,사용,,
강남구,11680,역삼동,202608,아파트_전월세,개나리푸르지오,역삼동,755-1,84.6815,,50000,370,7,8,2006,갱신,26.10~28.09,50000.0,350.0,사용,,
강남구,11680,수서동,202608,아파트_전월세,까치마을,수서동,746,49.5,,40000,60,8,8,1993,갱신,26.10~28.10,40000.0,,사용,,
강남구,11680,일원동,202608,아파트_전월세,래미안 개포 루체하임,일원동,741,59.99,,5000,500,8,2,2018,신규,26.08~26.10,,,,,
강남구,11680,대치동,202608,아파트_전월세,대치현대,대치동,974,101.6,,140000,0,19,15,1999,갱신,26.10~28.10,120000.0,80.0,,,
강남구,11680,개포동,202608,아파트_전월세,개포래미안포레스트,개포동,1282,59.92,,78700,0,5,15,2020,신규,26.11~27.05,,,,,
강남구,11680,대치동,202608,아파트_전월세,"쌍용대치아파트1동,2동,3동,5동,6동",대치동,66,128.03,,126000,0,6,14,1983,갱신,26.09~28.09,120000.0,,사용,,
강남구,11680,세곡동,202608,아파트_전월세,강남엘에이치1단지,세곡동,579,59.89,,5000,240,2,15,2013,갱신,26.09~28.09,5000.0,240.0,사용,,
강남구,11680,세곡동,202608,아파트_전월세,강남신동아파밀리에1단지,세곡동,508,59.97,,73000,0,11,17,2011,신규,26.12~28.12,,,,,
강남구,11680,개포동,202608,아파트_전월세,개포래미안포레스트,개포동,1282,74.66,,120750,0,2,15,2020,갱신,26.08~28.08,115000.0,,사용,,
강남구,11680,세곡동,202608,아파트_전월세,강남신동아파밀리에2단지,세곡동,511,84.98,,38551,0,11,14,2011,갱신,26.09~28.08,36716.0,,,,
강남구,11680,개포동,202608,아파트_전월세,개포자이프레지던스,개포동,1284,84.5978,,70000,330,24,15,2023,신규,26.09~28.08,,,,,
강남구,11680,대치동,202608,아파트_전월세,한보미도맨션2,대치동,511,126.33,,125000,30,6,17,1985,갱신,26.11~28.11,120000.0,30.0,사용,,
강남구,11680,일원동,202608,아파트_전월세,수서,일원동,711,49.68,,50400,0,7,14,1992,갱신,26.09~28.02,48000.0,,사용,,
강남구,11680,대치동,202608,아파트_전월세,쌍용대치2,대치동,65,120.76,,110000,0,10,14,1983,갱신,26.08~28.08,110000.0,,사용,,
강남구,11680,삼성동,202608,아파트_전월세,삼성동한솔아파트,삼성동,4-6,109.51,,105000,0,7,17,1998,갱신,26.09~28.09,100000.0,,사용,,
강남구,11680,삼성동,202608,아파트_전월세,삼성동센트럴아이파크,삼성동,188,84.99,,155000,40,29,15,2018,갱신,26.08~28.08,155000.0,,,,
강남구,11680,수서동,202608,아파트_전월세,삼성,수서동,747,84.97,,85000,0,4,18,1997,갱신,26.08~28.08,80000.0,,,,
강남구,11680,개포동,202608,아파트_전월세,성원대치2단지아파트,개포동,12,39.53,,50000,0,14,15,1992,신규,26.09~28.09,,,,,
강남구,11680,역삼동,202608,아파트_전월세,래미안그레이튼(진달래2차),역삼동,762-3,59.78,,80000,160,11,16,2010,갱신,26.08~28.08,65000.0,150.0,,,
강남구,11680,도곡동,202608,아파트_전월세,도곡렉슬,도곡동,527,84.9231,,145000,0,11,8,2006,신규,26.10~28.10,,,,,
강남구,11680,대치동,202608,아파트_전월세,래미안대치하이스턴,대치동,985,110.39,,140000,55,16,15,1989,갱신,26.08~28.08,130000.0,55.0,,,
강남구,11680,역삼동,202608,아파트_전월세,테헤란아이파크,역삼동,709-5,70.8333,,100000,102,15,15,2014,갱신,26.08~28.08,100000.0,80.0,사용,,
강남구,11680,삼성동,202608,아파트_전월세,현대힐스테이트2단지,삼성동,50,84.236,,123000,0,12,7,2008,갱신,26.08~28.08,115000.0,,,,
강남구,11680,도곡동,202608,아파트_전월세,타워팰리스1,도곡동,467,137.24,,102000,500,22,13,2002,갱신,26.09~28.09,90000.0,500.0,,,
강남구,11680,수서동,202608,아파트_전월세,신동아,수서동,736,39.53,,55000,0,2,14,1992,신규,26.10~28.10,,,,,
강남구,11680,삼성동,202608,아파트_전월세,한일,삼성동,48,80.29,,89250,0,6,11,2001,갱신,26.08~28.09,85000.0,,사용,,
강남구,11680,수서동,202608,아파트_전월세,신동아,수서동,736,49.96,,55000,0,14,14,1992,신규,26.09~28.09,,,,,
강남구,11680,도곡동,202608,아파트_전월세,도곡렉슬,도곡동,527,59.9818,,119700,0,16,3,2006,갱신,26.08~28.08,114000.0,,사용,,
강남구,11680,개포동,202608,아파트_전월세,삼익대청아파트,개포동,12,39.53,,3000,148,1,1,1992,갱신,26.08~28.08,3000.0,140.0,사용,,
강남구,11680,논현동,202608,아파트_전월세,마일스디오빌,논현동,58-2,36.29,,2000,145,14,14,2004,신규,26.09~28.09,,,,,
강남구,11680,대치동,202608,아파트_전월세,선경1차(1동-7동),대치동,506,136.68,,150000,0,8,13,1983,갱신,26.08~28.08,145000.0,,사용,,
강남구,11680,수서동,202608,아파트_전월세,강남 더샵 포레스트,수서동,799,146.7139,,200000,0,9,14,2016,신규,26.08~28.08,,,,,
강남구,11680,개포동,202608,아파트_전월세,성원대치2단지아파트,개포동,12,49.86,,67000,0,10,1,1992,신규,26.10~28.10,,,,,
강남구,11680,청담동,202608,아파트_전월세,한신오페라하우스2차,청담동,35-48,120.22,,136000,0,6,14,2005,갱신,26.09~28.09,130000.0,,사용,,
강남구,11680,대치동,202608,아파트_전월세,개포우성1,대치동,503,127.61,,107000,0,1,13,1983,갱신,26.10~28.10,102000.0,,,,
강남구,11680,역삼동,202608,아파트_전월세,대우디오빌,역삼동,720-25,30.03,,27400,0,6,14,2002,신규,26.09~28.09,,,,,
강남구,11680,개포동,202608,아파트_전월세,성원대치2단지아파트,개포동,12,49.86,,67000,0,10,1,1992,신규,26.10~28.10,,,,,
강남구,11680,일원동,202608,아파트_전월세,상록스타힐스,일원동,688,29.497,,9029,48,2,13,2022,갱신,26.11~28.11,8599.0,46.0,,,
강남구,11680,대치동,202608,아파트_전월세,개포우성1,대치동,503,158.54,,165000,0,3,13,1983,갱신,26.10~27.10,165000.0,,사용,,
강남구,11680,역삼동,202608,아파트_전월세,(828-76),역삼동,828-76,110.51,,70000,0,1,14,2005,신규,26.10~28.10,,,,,
강남구,11680,대치동,202608,아파트_전월세,대치현대,대치동,974,114.59,,140000,0,10,14,1999,갱신,26.10~28.10,110000.0,200.0,,,
강남구,11680,논현동,202608,아파트_전월세,선정릉역모아엘가퍼스트홈,논현동,278-4,14.16,,7217,36,12,12,2023,신규,26.10~28.10,,,,,
강남구,11680,세곡동,202608,아파트_전월세,강남데시앙파크,세곡동,525,84.97,,72000,0,4,14,2011,신규,26.10~28.10,,,,,
강남구,11680,역삼동,202608,아파트_전월세,강남센트럴아이파크,역삼동,902,84.915,,125000,200,16,8,2022,갱신,26.09~28.09,120000.0,180.0,,,
강남구,11680,일원동,202608,아파트_전월세,상록스타힐스,일원동,688,46.855,,9941,91,7,13,2022,갱신,26.11~28.11,14202.0,76.0,,,
강남구,11680,논현동,202608,아파트_전월세,신동아(22),논현동,22,35.73,,3000,158,8,13,1997,갱신,26.08~28.08,3000.0,150.0,사용,,
강남구,11680,삼성동,202608,아파트_전월세,삼성동힐스테이트 1단지,삼성동,16-2,84.236,,126000,0,13,1,2008,갱신,26.08~28.08,120000.0,,사용,,
강남구,11680,도곡동,202608,아파트_전월세,도곡렉슬,도곡동,527,59.9772,,103950,0,10,10,2006,갱신,26.10~28.10,99000.0,,사용,,
강남구,11680,수서동,202608,아파트_전월세,까치마을,수서동,746,39.6,,2000,130,2,14,1993,갱신,26.09~28.09,2000.0,115.0,,,
강남구,11680,대치동,202608,아파트_전월세,은마,대치동,316,84.43,,55000,0,7,13,1979,신규,26.12~28.12,,,,,
강남구,11680,역삼동,202608,아파트_전월세,테헤란아이파크,역삼동,709-5,92.6232,,141750,0,3,14,2014,갱신,26.08~28.08,135000.0,,사용,,
강남구,11680,역삼동,202608,아파트_전월세,역삼래미안,역삼동,757,59.65,,86000,0,8,7,2005,갱신,26.08~28.08,82000.0,,사용,,
강남구,11680,역삼동,202608,아파트_전월세,대우디오빌플러스,역삼동,824-25,34.41,,12000,54,9,6,2004,갱신,26.09~28.09,12000.0,50.0,사용,,
강남구,11680,일원동,202608,아파트_전월세,가람,일원동,735,84.95,,88000,0,5,11,1993,신규,26.12~28.12,,,,,
강남구,11680,역삼동,202608,아파트_전월세,역삼센트럴2차아이파크,역삼동,712-5,30.481,,5000,200,7,8,2022,신규,26.10~28.10,,,,,
강남구,11680,대치동,202608,아파트_전월세,대우아이빌명문가(891-23),대치동,891-23,33.06,,25000,0,8,12,2004,신규,26.09~28.09,,,,,
강남구,11680,압구정동,202608,아파트_전월세,"현대1차(12,13,21,22,31,32,33동)",압구정동,369-1,161.19,,123000,0,3,13,1976,갱신,26.12~28.12,123000.0,,,,
강남구,11680,청담동,202608,아파트_전월세,현대아파트,청담동,23,84.92,,50000,160,2,13,1988,신규,26.10~28.10,,,,,
강남구,11680,개포동,202608,아파트_전월세,성원대치2단지아파트,개포동,12,33.18,,32500,0,4,12,1992,갱신,26.10~28.10,31000.0,,,,
강남구,11680,역삼동,202608,아파트_전월세,역삼I'PARK,역삼동,713-11,28.246,,40000,0,11,12,2006,신규,26.09~28.09,,,,,
강남구,11680,삼성동,202608,아파트_전월세,삼성풍림2차아파트,삼성동,104,59.94,,65000,0,7,13,1998,갱신,26.10~28.10,52800.0,,,,
강남구,11680,청담동,202608,아파트_전월세,청담우방아파트,청담동,43,59.97,,83000,0,10,13,1999,갱신,26.08~28.08,73500.0,,,,
강남구,11680,세곡동,202608,아파트_전월세,강남신동아파밀리에1단지,세곡동,508,59.88,,50000,105,7,8,2011,신규,26.09~28.09,,,,,
강남구,11680,도곡동,202608,아파트_전월세,럭키(963),도곡동,963,84.97,,58000,120,7,13,1995,갱신,26.11~28.11,58000.0,60.0,사용,,
강남구,11680,삼성동,202608,아파트_전월세,LG선릉에클라트(B),삼성동,142-3,48.81,,2000,210,13,12,2004,신규,26.08~28.08,,,,,
강남구,11680,대치동,202608,아파트_전월세,래미안대치팰리스,대치동,1027,94.5,,80000,519,9,10,2015,갱신,26.10~28.10,80000.0,480.0,사용,,
강남구,11680,자곡동,202608,아파트_전월세,래미안포레,자곡동,687,59.92,,29131,0,5,13,2014,갱신,26.09~28.08,29131.0,,,,
강남구,11680,자곡동,202608,아파트_전월세,강남자곡아이파크,자곡동,602,84.83,,5250,336,2,13,2014,갱신,26.08~28.08,5000.0,320.0,사용,,
강남구,11680,논현동,202608,아파트_전월세,신동아(22),논현동,22,35.73,,40000,0,9,13,1997,갱신,26.10~28.10,35800.0,,,,
강남구,11680,역삼동,202608,아파트_전월세,강남센트럴아이파크,역삼동,902,59.994,,126000,0,23,12,2022,갱신,26.09~28.09,120000.0,,사용,,
강남구,11680,수서동,202608,아파트_전월세,까치마을,수서동,746,49.5,,44100,0,2,12,1993,갱신,26.09~27.09,42000.0,,,,
강남구,11680,개포동,202608,아파트_전월세,개포주공7단지,개포동,185,60.76,,30000,0,5,13,1983,신규,26.09~28.09,,,,,
강남구,11680,일원동,202608,아파트_전월세,상록스타힐스,일원동,688,59.963,,12499,115,16,12,2022,갱신,26.12~28.12,11904.0,109.0,,,
강남구,11680,개포동,202608,아파트_전월세,삼익대청아파트,개포동,12,51.12,,53000,30,4,13,1992,갱신,26.09~27.09,53000.0,,,,
강남구,11680,역삼동,202608,아파트_전월세,역삼푸르지오,역삼동,754-1,59.8848,,10000,385,19,12,2006,신규,26.10~28.10,,,,,
강남구,11680,세곡동,202608,아파트_전월세,세곡푸르지오,세곡동,533,84.83,,87000,0,7,13,2012,신규,26.09~28.09,,,,,
강남구,11680,개포동,202608,아파트_전월세,개포자이프레지던스,개포동,1284,84.7509,,170000,0,23,12,2023,신규,26.11~28.11,,,,,
강남구,11680,일원동,202608,아파트_전월세,상록스타힐스,일원동,688,46.855,,9941,91,9,12,2022,갱신,26.11~28.11,9468.0,87.0,,,
강남구,11680,대치동,202608,아파트_전월세,은마,대치동,316,76.79,,15000,200,8,7,1979,신규,26.10~28.10,,,,,
강남구,11680,도곡동,202608,아파트_전월세,타워팰리스1,도곡동,467,137.24,,102000,500,22,13,2002,갱신,26.09~28.09,100000.0,520.0,,,
강남구,11680,자곡동,202608,아파트_전월세,래미안포레,자곡동,687,59.92,,29131,0,11,12,2014,갱신,26.09~28.08,27744.0,,,,
강남구,11680,세곡동,202608,아파트_전월세,세곡푸르지오,세곡동,533,84.84,,86000,0,14,12,2012,갱신,26.08~28.08,82000.0,,사용,,
강남구,11680,개포동,202608,아파트_전월세,개포자이르네,개포동,1283,50.8665,,79000,0,4,6,2022,신규,26.11~28.11,,,,,
강남구,11680,자곡동,202608,아파트_전월세,래미안강남힐즈,자곡동,611,91.95,,94000,0,3,8,2014,갱신,26.09~28.09,90000.0,,사용,,
강남구,11680,압구정동,202608,아파트_전월세,미성2차,압구정동,397,74.4,,89250,0,3,1,1987,갱신,26.09~28.09,85000.0,,사용,,
강남구,11680,역삼동,202608,아파트_전월세,역삼래미안,역삼동,757,59.4,,110000,0,6,12,2005,갱신,26.11~28.11,84506.0,,,,
강남구,11680,삼성동,202608,아파트_전월세,삼성동힐스테이트 1단지,삼성동,16-2,31.402,,50000,26,21,8,2008,갱신,26.08~28.08,50000.0,15.0,사용,,
강남구,11680,대치동,202608,아파트_전월세,대치삼성,대치동,1014-3,97.35,,90000,228,19,12,2000,갱신,26.08~28.08,90000.0,200.0,사용,,
강남구,11680,일원동,202608,아파트_전월세,푸른마을아파트101동~111동,일원동,719,59.76,,20000,170,7,12,1994,갱신,26.11~28.11,20000.0,160.0,사용,,
강남구,11680,역삼동,202608,아파트_전월세,e-편한세상,역삼동,755-4,59.606,,40000,259,13,7,2005,갱신,26.09~28.09,40000.0,240.0,사용,,
강남구,11680,자곡동,202608,아파트_전월세,강남에버시움,자곡동,621,36.08,,5133,14,3,10,2013,신규,26.09~28.08,,,,,
강남구,11680,역삼동,202608,아파트_전월세,역삼자이,역삼동,711-3,59.9977,,100000,100,25,6,2016,갱신,26.10~28.10,100000.0,40.0,,,
강남구,11680,압구정동,202608,아파트_전월세,한양1차(영동한양),압구정동,490,78.05,,50000,120,10,4,1977,신규,26.10~28.10,,,,,
강남구,11680,신사동,202608,아파트_전월세,래미안신사,신사동,506-9,84.89,,120000,0,7,12,2008,신규,26.12~28.12,,,,,
강남구,11680,도곡동,202608,아파트_전월세,도곡렉슬,도곡동,527,120.8233,,145000,160,11,11,2006,갱신,26.08~28.08,130000.0,160.0,,,
강남구,11680,압구정동,202608,아파트_전월세,한양1차(영동한양),압구정동,490,63.87,,75000,0,6,6,1977,신규,26.09~28.09,,,,,
강남구,11680,대치동,202608,아파트_전월세,개포우성2,대치동,500,84.69,,70000,240,6,12,1984,신규,26.09~28.09,,,,,
강남구,11680,수서동,202608,아파트_전월세,까치마을,수서동,746,49.5,,15000,129,1,11,1993,갱신,26.08~28.08,15000.0,120.0,사용,,
강남구,11680,자곡동,202608,아파트_전월세,강남자곡 힐스테이트,자곡동,619,59.93,,40000,80,5,7,2015,갱신,26.09~28.09,30000.0,90.0,,,
강남구,11680,역삼동,202608,아파트_전월세,역삼I'PARK,역삼동,713-11,28.246,,51000,0,10,12,2006,신규,26.08~28.03,,,,,
강남구,11680,압구정동,202608,아파트_전월세,"현대2차(10,11,20,23,24,25동)",압구정동,369-1,160.28,,160000,0,12,12,1976,신규,26.10~28.10,,,,,
강남구,11680,수서동,202608,아파트_전월세,삼성,수서동,747,84.97,,104000,0,14,11,1997,신규,26.09~28.09,,,,,
강남구,11680,수서동,202608,아파트_전월세,까치마을,수서동,746,49.5,,65000,0,12,8,1993,신규,26.09~28.09,,,,,
강남구,11680,개포동,202608,아파트_전월세,개포래미안포레스트,개포동,1282,84.83,,80000,230,9,12,2020,갱신,26.08~28.08,80000.0,230.0,사용,,
강남구,11680,역삼동,202608,아파트_전월세,조이너스,역삼동,747-1,84.28,,72650,0,2,3,2006,갱신,26.08~28.08,69650.0,,,,
강남구,11680,도곡동,202608,아파트_전월세,삼성래미안,도곡동,91-5,59.96,,25000,340,22,6,2001,신규,26.08~28.08,,,,,
강남구,11680,삼성동,202608,아파트_전월세,삼성동센트럴아이파크,삼성동,188,84.95,,157000,0,22,1,2018,갱신,26.08~28.08,147000.0,,,,
강남구,11680,개포동,202608,아파트_전월세,성원대치2단지아파트,개포동,12,33.18,,39000,0,9,11,1992,갱신,26.08~28.08,31000.0,,,,
강남구,11680,역삼동,202608,아파트_전월세,역삼자이,역삼동,711-3,59.9977,,40000,239,22,8,2016,갱신,26.08~28.08,40000.0,220.0,사용,,
강남구,11680,도곡동,202608,아파트_전월세,도곡렉슬,도곡동,527,134.9023,,199500,0,20,8,2006,갱신,26.09~28.09,190000.0,,사용,,
강남구,11680,대치동,202608,아파트_전월세,대치더클래스,대치동,1031,79.52,,113190,0,4,8,2022,갱신,26.09~28.09,107800.0,,사용,,
강남구,11680,역삼동,202608,아파트_전월세,금호어울림,역삼동,835-67,133.77,,95500,0,8,8,2003,갱신,26.08~28.08,90000.0,,,,
강남구,11680,도곡동,202608,아파트_전월세,도곡더써밋타워,도곡동,954-17,18.34,,12800,50,7,5,2025,신규,26.09~28.09,,,,,
강남구,11680,대치동,202608,아파트_전월세,개포우성2,대치동,500,84.69,,115500,0,3,11,1984,갱신,26.09~28.09,110000.0,,사용,,
강남구,11680,자곡동,202608,아파트_전월세,강남한양수자인(4단지),자곡동,686,84.99,,87000,0,8,11,2014,신규,26.08~28.08,,,,,
강남구,11680,개포동,202608,아파트_전월세,개포주공6단지,개포동,185,53.06,,35000,0,8,11,1983,갱신,26.08~28.08,40790.0,,,,
강남구,11680,수서동,202608,아파트_전월세,강남데시앙포레,수서동,795,59.62,,30000,240,13,9,2014,신규,26.10~28.10,,,,,
강남구,11680,개포동,202608,아파트_전월세,개포래미안포레스트,개포동,1282,84.83,,86000,180,18,11,2020,갱신,26.10~28.10,80000.0,180.0,,,
강남구,11680,논현동,202608,아파트_전월세,펜트힐루논현,논현동,211-21,43.392,,65000,0,12,10,2021,신규,26.09~28.09,,,,,
강남구,11680,논현동,202608,아파트_전월세,쌍용,논현동,103,84.87,,71400,0,4,5,1996,갱신,26.09~28.09,68000.0,,사용,,
강남구,11680,대치동,202608,아파트_전월세,"쌍용대치아파트1동,2동,3동,5동,6동",대치동,66,83.56,,60000,80,6,10,1983,신규,26.11~28.11,,,,,
강남구,11680,도곡동,202608,아파트_전월세,한라비발디,도곡동,972,84.9569,,112800,0,10,1,2016,갱신,26.09~28.09,120000.0,,사용,,
강남구,11680,세곡동,202608,아파트_전월세,세곡리엔파크(3단지),세곡동,516,59.97,,18106,0,4,11,2011,갱신,26.09~28.08,17244.0,,,,
강남구,11680,논현동,202608,아파트_전월세,신동아(22),논현동,22,35.73,,30000,58,7,10,1997,갱신,26.10~28.10,30000.0,50.0,사용,,
강남구,11680,개포동,202608,아파트_전월세,개포래미안포레스트,개포동,1282,59.92,,108000,0,2,1,2020,갱신,26.10~28.10,105000.0,,사용,,
강남구,11680,일원동,202608,아파트_전월세,상록스타힐스,일원동,688,59.921,,14403,168,19,11,2022,신규,26.09~28.09,,,,,
강남구,11680,역삼동,202608,아파트_전월세,역삼래미안,역삼동,757,59.73,,40000,220,12,11,2005,신규,26.09~28.09,,,,,
강남구,11680,일원동,202608,아파트_전월세,디에이치자이개포,일원동,743,84.81,,152000,0,9,8,2021,갱신,26.08~28.08,145000.0,,사용,,
강남구,11680,압구정동,202608,아파트_전월세,한양1차(영동한양),압구정동,490,49.98,,52000,0,3,11,1977,갱신,26.09~28.09,50000.0,,사용,,
강남구,11680,세곡동,202608,아파트_전월세,세곡리엔파크(3단지),세곡동,516,49.74,,4793,34,6,11,2011,갱신,26.09~28.08,4793.0,34.0,,,
강남구,11680,논현동,202608,아파트_전월세,동현아파트1~6,논현동,105,84.92,,80000,0,10,11,1985,갱신,26.09~28.09,75000.0,,,,
강남구,11680,삼성동,202608,아파트_전월세,롯데캐슬프레미어,삼성동,11,122.485,,120000,107,15,11,2007,갱신,26.08~28.08,120000.0,80.0,사용,,
강남구,11680,역삼동,202608,아파트_전월세,리츠빌아파트,역삼동,787-4,87.76,,57750,0,1,8,2003,갱신,26.10~28.10,55000.0,,사용,,
강남구,11680,수서동,202608,아파트_전월세,신동아,수서동,736,33.18,,34650,0,13,8,1992,갱신,26.09~28.09,33000.0,,사용,,
강남구,11680,대치동,202608,아파트_전월세,개포우성1,대치동,503,127.61,,20000,400,6,10,1983,신규,26.10~28.10,,,,,
강남구,11680,자곡동,202608,아파트_전월세,래미안포레,자곡동,687,59.71,,29131,0,8,11,2014,갱신,26.09~28.08,27744.0,,,,
강남구,11680,대치동,202608,아파트_전월세,"대치우성아파트1동,2동,3동,5동,6동,7동",대치동,63,84.69,,81900,0,2,8,1984,갱신,26.09~28.09,78000.0,,사용,,
강남구,11680,역삼동,202608,아파트_전월세,역삼래미안,역삼동,757,59.4,,110000,0,4,8,2005,신규,26.10~28.10,,,,,
강남구,11680,개포동,202608,아파트_전월세,성원대치2단지아파트,개포동,12,33.18,,30000,0,4,1,1992,신규,26.09~28.09,,,,,
강남구,11680,개포동,202608,아파트_전월세,성원대치2단지아파트,개포동,12,39.53,,53000,0,11,9,1992,신규,26.10~28.10,,,,,
강남구,11680,역삼동,202608,아파트_전월세,한화진넥스빌,역삼동,706-20,42.52,,14000,45,9,8,2001,신규,26.08~28.08,,,,,
강남구,11680,개포동,202608,아파트_전월세,개포래미안포레스트,개포동,1282,59.92,,120700,0,7,8,2020,갱신,26.09~28.09,115000.0,,사용,,
강남구,11680,청담동,202608,아파트_전월세,청담스위트,청담동,34-13,14.039,,1000,95,7,4,2015,신규,26.08~27.08,,,,,
강남구,11680,논현동,202608,아파트_전월세,신동아(22),논현동,22,35.73,,1000,140,1,8,1997,갱신,26.10~28.10,1000.0,120.0,,,
강남구,11680,수서동,202608,아파트_전월세,삼익,수서동,708,60,,60000,0,7,8,1992,갱신,26.10~28.10,50000.0,,,,
강남구,11680,일원동,202608,아파트_전월세,디에이치자이개포,일원동,743,84.94,,160000,0,15,7,2021,신규,26.10~28.10,,,,,
강남구,11680,개포동,202608,아파트_전월세,개포래미안포레스트,개포동,1282,74.66,,30000,400,4,9,2020,신규,26.10~28.10,,,,,
강남구,11680,대치동,202608,아파트_전월세,은마,대치동,316,84.43,,10000,240,12,6,1979,신규,26.10~28.10,,,,,
강남구,11680,역삼동,202608,아파트_전월세,동부센트레빌,역삼동,716,59.82,,66150,0,9,8,1998,갱신,26.10~28.10,63000.0,,사용,,
강남구,11680,수서동,202608,아파트_전월세,신동아,수서동,736,39.51,,40000,0,4,10,1992,갱신,26.09~27.03,40000.0,,,,
강남구,11680,수서동,202608,아파트_전월세,신동아,수서동,736,39.53,,38000,0,3,8,1992,갱신,26.09~28.09,33000.0,,,,
강남구,11680,대치동,202608,아파트_전월세,개포우성1,대치동,503,127.61,,190000,0,14,4,1983,신규,26.10~28.10,,,,,
강남구,11680,도곡동,202608,아파트_전월세,경남,도곡동,967,84.94,,120000,0,14,8,2005,신규,26.11~28.11,,,,,
강남구,11680,대치동,202608,아파트_전월세,은마,대치동,316,76.79,,82000,0,3,8,1979,갱신,26.09~28.09,80000.0,,,,
강남구,11680,율현동,202608,아파트_전월세,강남한신휴플러스6단지,율현동,365,49.79,,10164,17,8,10,2015,갱신,26.09~28.08,6151.0,39.0,,,
강남구,11680,역삼동,202608,아파트_전월세,대우디오빌플러스,역삼동,824-25,34.41,,1000,105,13,6,2004,갱신,26.10~28.10,1000.0,95.0,,,
강남구,11680,대치동,202608,아파트_전월세,래미안대치팰리스,대치동,1027,84.99,,170000,0,16,6,2015,갱신,26.08~28.08,170000.0,,사용,,
강남구,11680,역삼동,202608,아파트_전월세,역삼래미안,역삼동,757,80.87,,140000,0,15,8,2005,갱신,26.08~28.08,130000.0,,,,
강남구,11680,역삼동,202608,아파트_전월세,강남센트럴아이파크,역삼동,902,84.99,,157500,0,9,7,2022,갱신,26.08~28.08,150000.0,,사용,,
강남구,11680,대치동,202608,아파트_전월세,대치현대,대치동,974,59.82,,73500,0,13,10,1999,갱신,26.08~28.08,70000.0,,,,
강남구,11680,역삼동,202608,아파트_전월세,대우디오빌플러스,역삼동,824-25,34.41,,1000,105,12,6,2004,갱신,26.09~28.09,1000.0,100.0,,,
강남구,11680,대치동,202608,아파트_전월세,대우아이빌멤버스(891-26),대치동,891-26,51.026,,19000,0,9,3,2003,갱신,26.09~28.09,24000.0,,,,
강남구,11680,신사동,202608,아파트_전월세,로데오현대,신사동,658,90.94,,10000,316,11,6,1998,갱신,26.11~28.11,10000.0,300.0,사용,,
강남구,11680,개포동,202608,아파트_전월세,래미안블레스티지,개포동,1280,59.888,,114000,0,2,7,2019,갱신,26.08~27.10,114000.0,,사용,,
강남구,11680,대치동,202608,아파트_전월세,은마,대치동,316,76.79,,40000,80,2,10,1979,신규,26.12~28.12,,,,,
강남구,11680,대치동,202608,아파트_전월세,대치아이파크,대치동,888,59.96,,50000,330,13,8,2008,신규,26.09~28.09,,,,,
강남구,11680,도곡동,202608,아파트_전월세,삼익,도곡동,869,104.01,,95000,0,9,8,1983,신규,26.10~28.10,,,,,
강남구,11680,역삼동,202608,아파트_전월세,명인갤러리,역삼동,729-37,84.78,,25000,220,5,7,2002,신규,26.09~28.09,,,,,
강남구,11680,역삼동,202608,아파트_전월세,경남아너스빌,역삼동,722,84.688,,97000,0,4,8,2002,신규,26.10~28.10,,,,,
강남구,11680,역삼동,202608,아파트_전월세,역삼자이,역삼동,711-3,84.993,,147000,0,18,8,2016,갱신,26.08~28.08,140000.0,,사용,,
강남구,11680,자곡동,202608,아파트_전월세,래미안포레,자곡동,687,59.97,,29131,0,6,10,2014,갱신,26.09~28.08,27744.0,,,,
강남구,11680,수서동,202608,아파트_전월세,신동아,수서동,736,49.96,,55000,0,14,10,1992,신규,26.11~28.11,,,,,
강남구,11680,삼성동,202608,아파트_전월세,현대힐스테이트2단지,삼성동,50,84.236,,120700,0,13,10,2008,갱신,26.08~28.08,115000.0,,사용,,
강남구,11680,청담동,202608,아파트_전월세,한신오페라하우스2차,청담동,35-48,120.22,,110000,0,7,7,2005,갱신,26.09~28.09,80000.0,,,,
강남구,11680,세곡동,202608,아파트_전월세,강남엘에이치1단지,세곡동,579,59.89,,5000,275,6,7,2013,신규,26.10~28.10,,,,,
강남구,11680,삼성동,202608,아파트_전월세,래미안라클래시,삼성동,189,84.98,,100000,380,15,10,2021,신규,26.10~28.10,,,,,
강남구,11680,도곡동,202608,아파트_전월세,한신엠비씨,도곡동,895-8,84.74,,55000,180,14,7,1988,신규,26.09~28.09,,,,,
강남구,11680,수서동,202608,아파트_전월세,신동아,수서동,736,39.53,,36500,0,6,7,1992,갱신,26.08~28.08,35000.0,,,,
강남구,11680,일원동,202608,아파트_전월세,디에이치자이개포,일원동,743,84.94,,165000,0,29,8,2021,갱신,26.09~30.09,155000.0,,,,
강남구,11680,세곡동,202608,아파트_전월세,강남신동아파밀리에1단지,세곡동,508,59.88,,50000,105,7,8,2011,신규,26.10~28.10,,,,,
강남구,11680,압구정동,202608,아파트_전월세,신현대12차,압구정동,434,155.52,,168000,0,2,4,1982,갱신,26.09~28.09,160000.0,,,,
강남구,11680,삼성동,202608,아파트_전월세,우정에쉐르2,삼성동,144-10,59.54,,60000,0,7,5,2004,신규,26.10~28.10,,,,,
강남구,11680,개포동,202608,아파트_전월세,래미안블레스티지,개포동,1280,59.837,,110200,0,18,8,2019,갱신,26.09~29.09,105000.0,,사용,,
강남구,11680,개포동,202608,아파트_전월세,래미안블레스티지,개포동,1280,84.95,,150000,0,2,7,2019,신규,26.10~28.10,,,,,
강남구,11680,개포동,202608,아파트_전월세,개포래미안포레스트,개포동,1282,59.92,,117000,0,8,8,2020,신규,26.09~28.09,,,,,
강남구,11680,개포동,202608,아파트_전월세,개포래미안포레스트,개포동,1282,59.92,,110000,30,17,8,2020,신규,26.09~28.09,,,,,
강남구,11680,일원동,202608,아파트_전월세,상록스타힐스,일원동,688,59.963,,37497,57,5,7,2022,갱신,26.11~28.11,35712.0,55.0,,,
강남구,11680,대치동,202608,아파트_전월세,대치아이파크,대치동,888,114.97,,150000,220,22,7,2008,신규,26.10~28.10,,,,,
강남구,11680,삼성동,202608,아파트_전월세,롯데캐슬프레미어,삼성동,11,121.931,,100000,240,7,6,2007,신규,26.09~28.09,,,,,
강남구,11680,수서동,202608,아파트_전월세,신동아,수서동,736,33.18,,40000,0,9,8,1992,신규,26.09~28.09,,,,,
강남구,11680,삼성동,202608,아파트_전월세,풍림,삼성동,129-20,53.75,,47000,0,4,8,1997,갱신,26.10~27.10,45000.0,,사용,,
강남구,11680,일원동,202608,아파트_전월세,수서,일원동,711,59.94,,52200,0,3,6,1992,갱신,26.09~28.09,47200.0,,,,
강남구,11680,역삼동,202608,아파트_전월세,역삼래미안,역삼동,757,80.87,,46200,320,10,7,2005,갱신,26.08~28.08,40000.0,320.0,,,
강남구,11680,자곡동,202608,아파트_전월세,강남자곡 힐스테이트,자곡동,619,84.39,,79000,0,15,9,2015,신규,26.10~28.10,,,,,
강남구,11680,도곡동,202608,아파트_전월세,삼성래미안,도곡동,91-5,84.89,,120500,0,12,8,2001,갱신,26.09~28.09,115000.0,,사용,,
강남구,11680,청담동,202608,아파트_전월세,"청담2차이-편한세상(201동,202동,203동)",청담동,14,84.97,,60000,180,7,7,2006,신규,26.09~28.09,,,,,
강남구,11680,수서동,202608,아파트_전월세,신동아,수서동,736,33.18,,4000,106,10,8,1992,갱신,26.09~28.09,4000.0,100.0,사용,,
강남구,11680,수서동,202608,아파트_전월세,삼익,수서동,708,60,,60000,50,13,7,1992,신규,26.09~28.09,,,,,
강남구,11680,대치동,202608,아파트_전월세,은마,대치동,316,76.79,,50000,0,5,7,1979,신규,26.09~27.12,,,,,
강남구,11680,역삼동,202608,아파트_전월세,상지리츠빌역삼2차,역삼동,761-3,165.06,,145000,0,3,7,2006,갱신,26.09~28.08,145000.0,,,,
강남구,11680,자곡동,202608,아파트_전월세,래미안포레,자곡동,687,59.71,,29131,0,9,7,2014,갱신,26.09~28.08,27744.0,,,,
강남구,11680,개포동,202608,아파트_전월세,개포자이프레지던스,개포동,1284,84.5978,,147000,0,1,7,2023,신규,26.10~28.10,,,,,
강남구,11680,논현동,202608,아파트_전월세,거평프리젠,논현동,196,42.395,,36000,10,3,7,1996,신규,26.08~28.08,,,,,
강남구,11680,개포동,202608,아파트_전월세,개포래미안포레스트,개포동,1282,74.66,,100000,50,8,7,2020,갱신,26.10~28.10,90000.0,70.0,,,
강남구,11680,대치동,202608,아파트_전월세,대치동우정에쉐르1,대치동,891-28,59.98,,50000,60,9,6,2004,신규,26.09~28.09,,,,,
강남구,11680,수서동,202608,아파트_전월세,까치마을,수서동,746,39.6,,33540,0,5,7,1993,신규,26.09~28.09,,,,,
강남구,11680,대치동,202608,아파트_전월세,은마,대치동,316,84.43,,40000,145,2,6,1979,신규,26.10~28.10,,,,,
강남구,11680,청담동,202608,아파트_전월세,청담우방아파트,청담동,43,118.47,,105000,0,5,2,1999,갱신,26.08~28.08,105000.0,,,,
강남구,11680,개포동,202608,아파트_전월세,래미안블레스티지,개포동,1280,84.943,,136500,0,10,7,2019,갱신,26.08~28.08,130000.0,,사용,,
강남구,11680,역삼동,202608,아파트_전월세,원에디션강남,역삼동,653-4,33.7343,,60000,0,11,6,2024,갱신,26.09~28.09,60000.0,,,,
강남구,11680,대치동,202608,아파트_전월세,테헤란로대우아이빌(891-6),대치동,891-6,33.11,,30000,0,10,4,2004,신규,26.09~28.09,,,,,
강남구,11680,대치동,202608,아파트_전월세,롯데캐슬리베,대치동,1025,121.0894,,138500,0,16,7,2008,신규,26.08~27.01,,,,,
강남구,11680,수서동,202608,아파트_전월세,까치마을,수서동,746,34.44,,18000,45,14,6,1993,신규,26.09~28.09,,,,,
강남구,11680,자곡동,202608,아파트_전월세,래미안포레,자곡동,687,59.92,,43438,0,3,6,2014,갱신,26.09~28.08,41370.0,,,,
강남구,11680,대치동,202608,아파트_전월세,개포우성2,대치동,500,84.69,,130000,0,12,6,1984,신규,26.09~28.09,,,,,
강남구,11680,개포동,202608,아파트_전월세,개포래미안포레스트,개포동,1282,96.93,,177500,0,21,3,2020,갱신,26.10~28.10,169500.0,,사용,,
강남구,11680,역삼동,202608,아파트_전월세,e-편한세상,역삼동,755-4,59.606,,99750,0,14,6,2005,갱신,26.10~28.10,95000.0,,사용,,
강남구,11680,개포동,202608,아파트_전월세,래미안블레스티지,개포동,1280,84.94,,90000,240,8,6,2019,신규,26.08~28.08,,,,,
강남구,11680,개포동,202608,아파트_전월세,래미안블레스티지,개포동,1280,84.943,,135000,0,15,6,2019,신규,26.10~28.10,,,,,
강남구,11680,개포동,202608,아파트_전월세,디에이치아너힐즈,개포동,1281,76.1709,,140000,0,12,6,2019,신규,26.09~28.09,,,,,
강남구,11680,역삼동,202608,아파트_전월세,역삼래미안,역삼동,757,59.4,,30000,260,14,4,2005,신규,26.09~28.09,,,,,
강남구,11680,역삼동,202608,아파트_전월세,역삼푸르지오,역삼동,754-1,59.8848,,10000,380,12,4,2006,신규,26.11~30.01,,,,,
강남구,11680,논현동,202608,아파트_전월세,거평프리젠,논현동,196,32.835,,22000,0,5,6,1996,신규,26.10~28.10,,,,,
강남구,11680,개포동,202608,아파트_전월세,래미안블레스티지,개포동,1280,59.897,,115000,0,4,4,2019,신규,26.10~28.10,,,,,
강남구,11680,일원동,202608,아파트_전월세,상록스타힐스,일원동,688,46.855,,27859,81,13,6,2022,신규,26.09~28.09,,,,,
강남구,11680,대치동,202608,아파트_전월세,은마,대치동,316,76.79,,56000,0,3,1,1979,갱신,26.08~28.08,54000.0,,,,
강남구,11680,역삼동,202608,아파트_전월세,개나리래미안,역삼동,754,59.95,,98000,19,15,5,2006,갱신,26.10~28.10,98000.0,,사용,,
강남구,11680,논현동,202608,아파트_전월세,동부센트레빌,논현동,275,84.9875,,50000,240,16,6,2003,신규,26.10~28.10,,,,,
강남구,11680,대치동,202608,아파트_전월세,현대1,대치동,992,84.27,,71000,0,12,1,1990,갱신,26.08~28.08,65000.0,,,,
강남구,11680,압구정동,202608,아파트_전월세,"현대6차(78~81,83,84,86,87동)",압구정동,456,144.2,,126000,0,14,1,1978,갱신,26.08~28.08,120000.0,,사용,,
강남구,11680,일원동,202608,아파트_전월세,디에이치자이개포,일원동,743,103.77,,189000,0,13,1,2021,갱신,26.09~28.09,180000.0,,사용,,
강남구,11680,압구정동,202608,아파트_전월세,한양3,압구정동,489,116.94,,110000,0,13,5,1978,신규,26.09~28.09,,,,,
강남구,11680,역삼동,202608,아파트_전월세,쌍용플레티넘밸류,역삼동,826-37,84.9,,83000,0,3,6,2007,신규,26.10~28.10,,,,,
강남구,11680,일원동,202608,아파트_전월세,푸른마을아파트101동~111동,일원동,719,59.76,,76000,0,2,6,1994,갱신,26.08~28.08,73000.0,,,,
강남구,11680,개포동,202608,아파트_전월세,개포래미안포레스트,개포동,1282,59.92,,103950,0,15,5,2020,갱신,26.10~28.10,99000.0,,사용,,
강남구,11680,청담동,202608,아파트_전월세,상지리츠빌4B,청담동,114-18,177.28,,205000,0,2,6,2000,갱신,26.10~28.10,200000.0,,사용,,
강남구,11680,일원동,202608,아파트_전월세,상록스타힐스,일원동,688,59.963,,72019,0,16,5,2022,신규,26.09~28.09,,,,,
강남구,11680,역삼동,202608,아파트_전월세,강남서해그랑블,역삼동,796-29,70.57,,63000,0,6,5,2012,갱신,26.08~27.08,60000.0,,,,
강남구,11680,일원동,202608,아파트_전월세,상록수,일원동,734,74.54,,73500,0,4,4,1993,갱신,26.08~28.08,73500.0,,사용,,
강남구,11680,일원동,202608,아파트_전월세,상록스타힐스,일원동,688,59.921,,57615,42,11,5,2022,신규,26.09~28.09,,,,,
강남구,11680,청담동,202608,아파트_전월세,청담2차이-편한세상(204동),청담동,15,98.05,,115500,0,5,1,2005,갱신,26.09~28.09,110000.0,,사용,,
강남구,11680,청담동,202608,아파트_전월세,청담현대3차아파트,청담동,127-31,59.95,,6000,315,11,1,1999,갱신,26.08~28.08,6000.0,300.0,,,
강남구,11680,역삼동,202608,아파트_전월세,강남센트럴아이파크,역삼동,902,84.99,,165000,0,28,4,2022,갱신,26.08~28.08,160000.0,,사용,,
강남구,11680,자곡동,202608,아파트_전월세,강남에버시움,자곡동,621,36.05,,2333,29,1,5,2013,갱신,26.09~28.08,2222.0,28.0,,,
강남구,11680,개포동,202608,아파트_전월세,래미안블레스티지,개포동,1280,59.967,,80000,160,8,1,2019,갱신,26.08~28.08,80000.0,140.0,사용,,
강남구,11680,대치동,202608,아파트_전월세,래미안대치팰리스,대치동,1027,59.99,,69537,0,6,4,2015,갱신,26.09~28.08,66226.0,,,,
강남구,11680,압구정동,202608,아파트_전월세,현대3차(61~64동),압구정동,443,82.5,,63000,0,6,5,1976,신규,26.09~27.01,,,,,
강남구,11680,도곡동,202608,아파트_전월세,럭키(963),도곡동,963,84.97,,50000,160,6,5,1995,갱신,26.10~28.10,50000.0,120.0,,,
강남구,11680,대치동,202608,아파트_전월세,쌍용대치2,대치동,65,120.76,,109200,0,1,4,1983,갱신,26.10~28.10,104000.0,,사용,,
강남구,11680,청담동,202608,아파트_전월세,청담스위트,청담동,34-13,13.425,,10000,37,3,4,2015,신규,26.09~28.09,,,,,
강남구,11680,대치동,202608,아파트_전월세,동부센트레빌,대치동,670,121.74,,280000,0,8,3,2005,신규,26.10~28.10,,,,,
강남구,11680,도곡동,202608,아파트_전월세,도곡렉슬,도곡동,527,114.9931,,215000,0,9,4,2006,신규,26.10~28.10,,,,,
강남구,11680,압구정동,202608,아파트_전월세,한양1차(영동한양),압구정동,490,63.87,,65000,0,3,3,1977,갱신,26.09~28.09,63000.0,,사용,,
강남구,11680,일원동,202608,아파트_전월세,상록스타힐스,일원동,688,46.855,,33431,65,7,3,2022,신규,26.09~28.08,,,,,
강남구,11680,일원동,202608,아파트_전월세,상록스타힐스,일원동,688,59.592,,14554,99,11,4,2022,신규,26.09~28.09,,,,,
강남구,11680,청담동,202608,아파트_전월세,현대아파트,청담동,23,84.76,,72000,0,5,1,1988,갱신,26.08~28.08,70000.0,,사용,,
강남구,11680,도곡동,202608,아파트_전월세,매봉삼성,도곡동,966,59.82,,85000,0,8,4,1999,갱신,26.10~28.10,68250.0,,,,
강남구,11680,논현동,202608,아파트_전월세,동현아파트1~6,논현동,105,150.04,,110000,0,3,4,1985,갱신,26.10~28.10,110000.0,,,,
강남구,11680,개포동,202608,아파트_전월세,개포래미안포레스트,개포동,1282,102.32,,175000,0,19,3,2020,갱신,26.10~28.06,173000.0,,,,
강남구,11680,압구정동,202608,아파트_전월세,신현대11차,압구정동,433,183.41,,200000,0,8,4,1983,신규,26.09~28.09,,,,,
강남구,11680,신사동,202608,아파트_전월세,신사동씨티빌,신사동,523-4,60.938,,52500,0,4,4,2002,갱신,26.08~27.11,50000.0,,,,
강남구,11680,청담동,202608,아파트_전월세,삼성청담공원아파트,청담동,60,107.22,,130000,0,14,1,1999,신규,26.10~28.10,,,,,
강남구,11680,수서동,202608,아파트_전월세,신동아,수서동,736,33.18,,2000,150,5,4,1992,신규,26.09~28.09,,,,,
강남구,11680,논현동,202608,아파트_전월세,한양수자인어반게이트,논현동,221-7,20.7,,18000,10,5,4,2013,갱신,26.09~26.11,19000.0,10.0,,,
강남구,11680,대치동,202608,아파트_전월세,대치아이파크,대치동,888,149.78,,120000,400,11,3,2008,신규,26.09~28.09,,,,,
강남구,11680,삼성동,202608,아파트_전월세,삼성동드림하우스,삼성동,47-18,93.31,,73510,30,3,2,2003,갱신,26.08~28.02,73500.0,30.0,,,
강남구,11680,삼성동,202608,아파트_전월세,삼성동드림하우스,삼성동,47-18,93.31,,73510,30,3,2,2003,갱신,26.08~28.02,73500.0,30.0,,,
강남구,11680,대치동,202608,아파트_전월세,은마,대치동,316,76.79,,10000,180,6,1,1979,신규,26.09~28.09,,,,,
강남구,11680,도곡동,202608,아파트_전월세,우성4,도곡동,465,84.6,,84000,0,5,4,1985,갱신,26.09~28.09,80000.0,,사용,,
강남구,11680,논현동,202608,아파트_전월세,거평프리젠,논현동,196,31.585,,24000,0,2,3,1996,신규,26.09~28.09,,,,,
강남구,11680,대치동,202608,아파트_전월세,대치효성,대치동,988-4,59.84,,77000,0,13,2,1999,갱신,26.08~28.08,71650.0,,,,
강남구,11680,수서동,202608,아파트_전월세,강남데시앙포레,수서동,795,84.86,,90000,0,8,3,2014,갱신,26.10~28.10,90000.0,,사용,,
강남구,11680,논현동,202608,아파트_전월세,아크로힐스논현,논현동,276-1,84.208,,10000,550,25,3,2014,신규,26.09~28.09,,,,,
강남구,11680,삼성동,202608,아파트_전월세,삼성동센트럴아이파크,삼성동,188,123.3,,246750,0,13,3,2018,갱신,26.08~28.08,235000.0,,사용,,
강남구,11680,도곡동,202608,아파트_전월세,삼성,도곡동,161,80.75,,77000,0,1,2,1994,갱신,26.11~28.11,75000.0,,사용,,
강남구,11680,일원동,202608,아파트_전월세,디에이치포레센트,일원동,742,101.94,,50000,400,16,1,2021,신규,26.09~28.09,,,,,
강남구,11680,개포동,202608,아파트_전월세,디에이치아너힐즈,개포동,1281,94.2875,,189000,0,16,3,2019,갱신,26.09~28.09,180000.0,,사용,,
강남구,11680,도곡동,202608,아파트_전월세,한신엠비씨,도곡동,895-8,84.74,,76650,0,3,3,1988,갱신,26.08~28.08,73000.0,,사용,,
강남구,11680,삼성동,202608,아파트_전월세,삼성동드림하우스,삼성동,47-18,93.31,,73500,30,3,2,2003,갱신,26.08~28.02,73500.0,30.0,,,
강남구,11680,세곡동,202608,아파트_전월세,강남데시앙파크,세곡동,525,114.69,,40086,0,10,3,2011,갱신,26.09~28.08,38178.0,,,,
강남구,11680,일원동,202608,아파트_전월세,목련타운,일원동,716,134.71,,156000,0,9,3,1993,갱신,26.10~28.10,156000.0,,,,
강남구,11680,세곡동,202608,아파트_전월세,강남엘에이치1단지,세곡동,579,84.84,,88500,0,3,1,2013,신규,26.11~28.11,,,,,
강남구,11680,개포동,202608,아파트_전월세,경남1,개포동,649,96.98,,96600,0,8,1,1984,갱신,26.08~28.08,92000.0,,사용,,
강남구,11680,일원동,202608,아파트_전월세,상록수,일원동,734,74.54,,73000,0,3,3,1993,갱신,26.08~28.08,70000.0,,사용,,
강남구,11680,개포동,202608,아파트_전월세,디에이치아너힐즈,개포동,1281,76.1709,,147500,0,5,3,2019,갱신,26.08~28.11,140500.0,,사용,,
강남구,11680,대치동,202608,아파트_전월세,대치아이파크,대치동,888,114.97,,140000,200,9,1,2008,신규,26.10~28.10,,,,,
강남구,11680,자곡동,202608,아파트_전월세,래미안강남힐즈,자곡동,611,101.95,,108000,0,4,1,2014,갱신,26.09~28.09,103000.0,,사용,,
강남구,11680,자곡동,202608,아파트_전월세,래미안포레,자곡동,687,59.97,,43438,0,4,3,2014,갱신,26.09~28.08,41370.0,,,,
강남구,11680,개포동,202608,아파트_전월세,성원대치2단지아파트,개포동,12,39.53,,25000,43,3,3,1992,갱신,26.08~28.08,25000.0,37.0,사용,,
강남구,11680,개포동,202608,아파트_전월세,래미안블레스티지,개포동,1280,84.943,,140000,0,14,1,2019,갱신,26.08~28.08,135000.0,,사용,,
강남구,11680,수서동,202608,아파트_전월세,강남데시앙포레,수서동,795,59.97,,76650,0,10,1,2014,갱신,26.08~28.07,73000.0,,사용,,
강남구,11680,역삼동,202608,오피스텔_매매,한라클라식 오피스텔,역삼동,824-11,32.37,22400,,,18,17,1999,,,,,,직거래,
강남구,11680,대치동,202608,오피스텔_매매,신안메트로칸,대치동,943-24,30.11,25000,,,4,18,2004,,,,,,직거래,
강남구,11680,수서동,202608,오피스텔_매매,사이룩스,수서동,716,42.13,31500,,,13,21,2003,,,,,,중개거래,
강남구,11680,역삼동,202608,오피스텔_매매,역삼SK허브블루,역삼동,831-40,28.12,16800,,,8,14,2004,,,,,,중개거래,
강남구,11680,대치동,202608,오피스텔_매매,선릉역 롯데골드로즈2,대치동,890-59,39,25800,,,7,12,2004,,,,,,중개거래,
강남구,11680,역삼동,202608,오피스텔_매매,능현오피스텔,역삼동,708-16,28.1,20500,,,6,8,2004,,,,,,중개거래,
강남구,11680,역삼동,202608,오피스텔_매매,강남역 센트럴 푸르지오 시티,역삼동,825-20,23.23,27800,,,14,14,2015,,,,,,중개거래,
강남구,11680,대치동,202608,오피스텔_매매,CO-OP Residence/삼성역,대치동,945-29,13.96,16000,,,5,10,2004,,,,,,중개거래,
강남구,11680,논현동,202608,오피스텔_매매,세양 APEX-TOWER,논현동,6-21,33.54,22000,,,11,14,2003,,,,,,직거래,
강남구,11680,역삼동,202608,오피스텔_매매,대우디오빌플러스,역삼동,824-25,38.96,29000,,,10,7,2004,,,,,,중개거래,
강남구,11680,역삼동,202608,오피스텔_매매,금천빌딩,역삼동,708-20,29.72,19300,,,4,14,2005,,,,,,중개거래,
강남구,11680,자곡동,202608,오피스텔_매매,강남 지웰홈스,자곡동,662,22.484,14900,,,10,15,2014,,,,,,중개거래,
강남구,11680,수서동,202608,오피스텔_매매,사이룩스,수서동,716,33.52,24300,,,16,12,2003,,,,,,중개거래,
강남구,11680,역삼동,202608,오피스텔_매매,대우디오빌플러스,역삼동,824-25,38.96,29500,,,16,13,2004,,,,,,중개거래,
강남구,11680,대치동,202608,오피스텔_매매,신안메트로칸,대치동,943-24,27.45,26500,,,17,14,2004,,,,,,중개거래,
강남구,11680,삼성동,202608,오피스텔_매매,아르헤 타워,삼성동,44-16,40.25,46000,,,3,5,2016,,,,,,중개거래,
강남구,11680,역삼동,202608,오피스텔_매매,강남역 효성해링턴 타워 더퍼스트,역삼동,825-24,25.73,24000,,,4,7,2014,,,,,,중개거래,
강남구,11680,자곡동,202608,오피스텔_매매,강남 푸르지오시티 2차(PRUGIO CITYⅡ),자곡동,655,24.624,16000,,,9,10,2014,,,,,,중개거래,
강남구,11680,청담동,202608,오피스텔_매매,경원오피스텔,청담동,5,22.77,30000,,,17,6,1991,,,,,,중개거래,
강남구,11680,개포동,202608,연립다세대_매매,중앙클래식하우스7차,개포동,1171-2,26.98,48200,,,5,19,2017,,,,,,중개거래,
강남구,11680,역삼동,202608,연립다세대_매매,스타힐스,역삼동,781-35,13.6,31500,,,3,18,2012,,,,,,직거래,
강남구,11680,역삼동,202608,연립다세대_매매,ivillage,역삼동,777-44,41.34,45000,,,3,14,2001,,,,,,중개거래,
강남구,11680,도곡동,202608,연립다세대_매매,가동,도곡동,193-12,22.31,33500,,,5,11,2015,,,,,,중개거래,
강남구,11680,논현동,202608,연립다세대_매매,꿈꾸지오(177-11),논현동,177-11,29.26,65000,,,3,17,2018,,,,,,중개거래,
강남구,11680,개포동,202608,연립다세대_매매,장원빌라,개포동,166-3,45.5,80000,,,5,1,2003,,,,,,중개거래,
강남구,11680,개포동,202608,연립다세대_매매,로얄팰리체2차A동,개포동,1226-8,52.11,88000,,,3,15,2019,,,,,,중개거래,
강남구,11680,논현동,202608,연립다세대_매매,리안빌리지,논현동,197-9,31.14,36000,,,1,13,2013,,,,,,중개거래,
강남구,11680,개포동,202608,연립다세대_매매,아무르하우스,개포동,1231-8,49.62,88000,,,4,13,2015,,,,,,중개거래,
강남구,11680,일원동,202608,연립다세대_매매,다세대주택,일원동,623-6,49.23,36000,,,1,4,1986,,,,,,직거래,
강남구,11680,논현동,202608,연립다세대_매매,서진플로렌스154,논현동,154-1,12.48,36000,,,3,13,2013,,,,,,중개거래,
강남구,11680,개포동,202608,연립다세대_매매,벽산빌라,개포동,1210-6,164.99,184000,,,1,11,1996,,,,,,중개거래,
강남구,11680,개포동,202608,연립다세대_매매,지오빌,개포동,1198,40.72,80500,,,2,6,2016,,,,,,중개거래,
강남구,11680,역삼동,202608,연립다세대_매매,Gonggan1st,역삼동,697,16.53,25000,,,2,7,2016,,,,,,중개거래,
강남구,11680,논현동,202608,연립다세대_매매,서진플로렌스190,논현동,190-1,27.41,40700,,,4,9,2018,,,,,,중개거래,
강남구,11680,논현동,202608,연립다세대_매매,PAVILLON 188,논현동,188-10,25.57,55000,,,3,9,2022,,,,,,중개거래,
강남구,11680,대치동,202608,연립다세대_매매,우현,대치동,953-25,75.27,100000,,,5,6,2003,,,,,,중개거래,
강남구,11680,논현동,202608,연립다세대_매매,동광팰리스,논현동,104-5,23.15,42000,,,3,2,2016,,,,,,직거래,
강남구,11680,논현동,202608,연립다세대_매매,174-4,논현동,174-4,23.1775,62000,,,3,5,2016,,,,,,중개거래,
강남구,11680,논현동,202608,연립다세대_매매,(107-50),논현동,107-50,24.64,27000,,,3,2,2018,,,,,,중개거래,
강남구,11680,개포동,202608,연립다세대_매매,아트빌라,개포동,1210-2,43.92,77000,,,2,1,1990,,,,,,중개거래,
강남구,11680,논현동,202608,아파트_매매,동현아파트1~6,논현동,105,84.92,270000,,,4,16,1985,,,,,,중개거래,
강남구,11680,논현동,202608,아파트_매매,동현아파트1~6,논현동,105,84.92,285000,,,12,20,1985,,,,,,중개거래,
강남구,11680,삼성동,202608,아파트_매매,한일,삼성동,48,80.29,218000,,,10,18,2001,,,,,,중개거래,
강남구,11680,압구정동,202608,아파트_매매,현대13차(208~211동),압구정동,448,105.45,610000,,,5,12,1983,,,,,,중개거래,
강남구,11680,역삼동,202608,아파트_매매,금호어울림,역삼동,835-67,132.88,242000,,,9,12,2003,,,,,,중개거래,
강남구,11680,도곡동,202608,아파트_매매,SK허브프리모,도곡동,953-1,63.09,103500,,,19,17,2006,,,,,,중개거래,
강남구,11680,대치동,202608,아파트_매매,풍림아이원1차103동(910-5),대치동,910-5,83.65,132000,,,2,4,2003,,,,,,직거래,
강남구,11680,논현동,202608,아파트_매매,펜트힐루논현,논현동,211-21,43.392,65000,,,7,14,2021,,,,,,직거래,
강남구,11680,세곡동,202608,아파트_매매,세곡푸르지오,세곡동,533,74.74,186000,,,8,14,2012,,,,,,중개거래,
강남구,11680,논현동,202608,아파트_매매,쌍용,논현동,103,70.57,138000,,,2,13,1996,,,,,,중개거래,
강남구,11680,도곡동,202608,아파트_매매,한신(개포),도곡동,464,52.73,310000,,,2,1,1985,,,,,,중개거래,
강남구,11680,대치동,202608,아파트_매매,은마,대치동,316,76.79,334000,,,3,1,1979,,,,,,중개거래,
강남구,11680,대치동,202608,아파트_매매,한보미도맨션2,대치동,511,126.33,478000,,,8,4,1985,,,,,,중개거래,
강남구,11680,세곡동,202608,아파트_매매,강남데시앙파크,세곡동,525,84.97,160000,,,6,12,2011,,,,,,중개거래,
강남구,11680,압구정동,202608,아파트_매매,한양3,압구정동,489,116.94,587000,,,12,6,1978,,,,,,중개거래,
강남구,11680,역삼동,202608,아파트_매매,우림루미아트2,역삼동,706-10,23.9,18800,,,7,8,2003,,,,,,중개거래,
강남구,11680,역삼동,202608,아파트_매매,우림루미아트2,역삼동,706-10,23.9,18800,,,7,10,2003,,,,,,중개거래,O
강남구,11680,수서동,202608,아파트_매매,삼익,수서동,708,49.2,212000,,,8,7,1992,,,,,,중개거래,
강남구,11680,역삼동,202608,아파트_매매,역삼I'PARK,역삼동,713-11,28.246,115000,,,12,7,2006,,,,,,중개거래,
강남구,11680,역삼동,202608,아파트_매매,시티프라디움더강남101동,역삼동,900,59.93,149000,,,14,3,2021,,,,,,중개거래,
강남구,11680,청담동,202608,아파트_매매,"청담2차이-편한세상(201동,202동,203동)",청담동,14,113.21,250000,,,3,7,2006,,,,,,직거래,
강남구,11680,개포동,202608,아파트_매매,래미안블레스티지,개포동,1280,49.909,240000,,,7,4,2019,,,,,,중개거래,
강남구,11680,개포동,202608,아파트_매매,개포래미안포레스트,개포동,1282,59.92,290000,,,2,4,2020,,,,,,중개거래,
강남구,11680,일원동,202608,아파트_매매,수서,일원동,711,39.98,150000,,,9,1,1992,,,,,,중개거래,
강남구,11680,역삼동,202608,아파트_매매,e-편한세상,역삼동,755-4,59.606,288000,,,7,1,2005,,,,,,중개거래,
강남구,11680,삼성동,202608,아파트_매매,현대힐스테이트2단지,삼성동,50,40.586,195000,,,15,1,2008,,,,,,중개거래,
강남구,11680,역삼동,202608,아파트_매매,강남센트럴아이파크,역삼동,902,84.99,378000,,,6,1,2022,,,,,,중개거래,
강남구,11680,자곡동,202607,오피스텔_전월세,강남 지웰홈스,자곡동,662,25.16,,1000,85,2,29,2014,,,,,,,
강남구,11680,자곡동,202607,오피스텔_전월세,강남 지웰홈스,자곡동,662,25.16,,15700,20,5,31,2014,,,,,,,
강남구,11680,자곡동,202607,오피스텔_전월세,강남 지웰홈스,자곡동,662,26.71,,15500,15,3,9,2014,,,,,,,
강남구,11680,역삼동,202607,오피스텔_전월세,역삼역센트럴푸르지오시티,역삼동,719-24,17.57,,1000,95,17,30,2019,신규,26.09~27.09,,,,,
강남구,11680,역삼동,202607,오피스텔_전월세,엘지역삼에클라트,역삼동,736-24,28.64,,16000,20,2,20,2004,신규,26.08~28.08,,,,,
강남구,11680,대치동,202607,오피스텔_전월세,대치2차 아이파크,대치동,944-21,22.18,,3000,114,3,28,,신규,26.08~27.08,,,,,
강남구,11680,자곡동,202607,오피스텔_전월세,빌리브 파비오 더 까사,자곡동,653,56.88,,55000,0,3,29,2022,신규,26.08~28.08,,,,,
강남구,11680,수서동,202607,오피스텔_전월세,목화오피스텔,수서동,725-1,34.91,,1000,80,3,25,1997,신규,26.08~27.08,,,,,
강남구,11680,자곡동,202607,오피스텔_전월세,강남힐스테이트에코,자곡동,658,21.52,,1000,72,10,20,2014,갱신,26.09~27.08,1000.0,72.0,사용,,
강남구,11680,개포동,202607,오피스텔_전월세,대청타워,개포동,13-3,32.44,,1000,90,20,27,1997,신규,26.08~27.07,,,,,
강남구,11680,역삼동,202607,오피스텔_전월세,금천빌딩,역삼동,708-20,40.81,,2400,97,12,18,2005,신규,26.08~28.08,,,,,
강남구,11680,삼성동,202607,오피스텔_전월세,마젤란21아스테리움,삼성동,158-10,89.03,,5000,340,8,29,2006,신규,26.08~28.08,,,,,
강남구,11680,논현동,202607,오피스텔_전월세,강남파라곤,논현동,241-1,75.94,,70000,0,4,20,2007,신규,26.09~28.09,,,,,
강남구,11680,역삼동,202607,오피스텔_전월세,강남역 센트럴 푸르지오 시티,역삼동,825-20,29.88,,1000,167,5,17,2015,신규,26.08~27.08,,,,,
강남구,11680,개포동,202607,오피스텔_전월세,대청타워,개포동,13-3,37.55,,1500,78,21,17,1997,갱신,26.07~27.07,1500.0,74.0,,,
강남구,11680,자곡동,202607,오피스텔_전월세,강남 지웰홈스,자곡동,662,29.87,,1000,100,1,13,2014,신규,26.08~27.08,,,,,
강남구,11680,삼성동,202607,오피스텔_전월세,현대썬앤빌 삼성역,삼성동,157-14,21.55,,1000,115,12,23,2019,신규,26.08~27.08,,,,,
강남구,11680,자곡동,202607,오피스텔_전월세,강남 더샵라르고,자곡동,596,25.63,,1000,85,9,28,2014,신규,26.08~27.08,,,,,
강남구,11680,역삼동,202607,오피스텔_전월세,강남역 센트럴 푸르지오 시티,역삼동,825-20,24.61,,1000,120,15,7,2015,신규,26.07~27.07,,,,,
강남구,11680,자곡동,202607,오피스텔_전월세,강남 더샵라르고,자곡동,596,22.02,,17500,0,3,21,2014,갱신,26.09~27.09,17500.0,,,,
강남구,11680,삼성동,202607,오피스텔_전월세,LG선릉에클라트B,삼성동,142-3,39.99,,29000,0,3,29,2004,갱신,26.08~28.08,29000.0,,사용,,
강남구,11680,역삼동,202607,오피스텔_전월세,강남역 와이즈 플레이스,역삼동,837-13,23.87,,1000,90,7,31,2013,신규,26.08~27.08,,,,,
강남구,11680,역삼동,202607,오피스텔_전월세,역삼역센트럴푸르지오시티,역삼동,719-24,17.57,,1000,94,16,7,2019,신규,26.08~27.08,,,,,
강남구,11680,자곡동,202607,오피스텔_전월세,강남 지웰홈스,자곡동,662,23.72,,990,85,7,15,2014,신규,26.08~27.08,,,,,
강남구,11680,개포동,202607,오피스텔_전월세,대청타워,개포동,13-3,40.85,,1000,94,26,4,1997,신규,26.08~27.08,,,,,
강남구,11680,자곡동,202607,오피스텔_전월세,강남블루지움,자곡동,669,47.71,,20000,55,9,4,2017,신규,26.08~28.08,,,,,
강남구,11680,자곡동,202607,오피스텔_전월세,강남 푸르지오시티 1차,자곡동,600,25.06,,1000,80,2,31,2014,갱신,26.07~27.07,1000.0,65.0,,,
강남구,11680,역삼동,202607,오피스텔_전월세,더스위트캐슬,역삼동,603-5,20.61,,1000,110,9,23,2015,신규,26.08~27.08,,,,,
강남구,11680,역삼동,202607,오피스텔_전월세,강남 IBC 오피스텔,역삼동,648-1,27.98,,1000,97,4,22,1987,신규,26.08~27.08,,,,,
강남구,11680,역삼동,202607,오피스텔_전월세,더스위트캐슬,역삼동,603-5,20.61,,1000,120,17,28,2015,신규,26.08~27.08,,,,,
강남구,11680,논현동,202607,오피스텔_전월세,더원 센트럴,논현동,118-8,36.03,,35200,0,4,31,2018,갱신,26.09~28.09,34000.0,,,,
강남구,11680,자곡동,202607,오피스텔_전월세,훼미리타운,자곡동,672,74.77,,5000,255,4,10,2017,신규,26.08~27.08,,,,,
강남구,11680,자곡동,202607,오피스텔_전월세,강남 더샵라르고,자곡동,596,23.98,,1000,84,3,12,2014,갱신,26.08~28.08,1000.0,80.0,사용,,
강남구,11680,자곡동,202607,오피스텔_전월세,강남 더샵라르고,자곡동,596,23.98,,1000,80,9,20,2014,신규,26.07~27.07,,,,,
강남구,11680,자곡동,202607,오피스텔_전월세,강남 푸르지오시티 1차,자곡동,600,25.06,,15300,20,5,4,2014,신규,26.08~28.08,,,,,
강남구,11680,역삼동,202607,오피스텔_전월세,THE POEM,역삼동,677-12,37.92,,5000,242,10,26,2023,갱신,26.08~28.08,5000.0,230.0,,,
강남구,11680,역삼동,202607,오피스텔_전월세,더스위트캐슬,역삼동,603-5,20.61,,1000,115,10,30,2015,신규,26.08~27.08,,,,,
강남구,11680,역삼동,202607,오피스텔_전월세,엘지역삼에클라트,역삼동,736-24,42.28,,24000,0,8,25,2004,신규,26.09~28.09,,,,,
강남구,11680,역삼동,202607,오피스텔_전월세,BIEL 106,역삼동,832-16,28.87,,1000,150,2,25,2018,신규,26.08~27.08,,,,,
강남구,11680,수서동,202607,오피스텔_전월세,사이룩스,수서동,716,58.82,,2000,100,6,15,2003,신규,26.08~28.08,,,,,
강남구,11680,역삼동,202607,오피스텔_전월세,역삼디오슈페리움,역삼동,832-5,44.38,,42500,0,4,13,2006,갱신,26.08~28.08,40500.0,,,,
강남구,11680,삼성동,202607,오피스텔_전월세,LG선릉에클라트B,삼성동,142-3,39.99,,28000,0,8,11,2004,신규,26.08~28.08,,,,,
강남구,11680,역삼동,202607,오피스텔_전월세,강남뉴스텔,역삼동,826-30,30.96,,1300,110,3,14,1998,신규,26.07~27.07,,,,,
강남구,11680,역삼동,202607,오피스텔_전월세,강남 IBC 오피스텔,역삼동,648-1,27.98,,1000,97,7,16,1987,신규,26.07~27.07,,,,,
강남구,11680,세곡동,202607,오피스텔_전월세,강남 드림하이 오피스텔,세곡동,616,34.6,,1000,120,6,4,2018,갱신,26.07~28.07,1000.0,116.0,,,
강남구,11680,역삼동,202607,오피스텔_전월세,금천빌딩,역삼동,708-20,29.72,,5000,90,7,30,2005,신규,26.08~28.08,,,,,
강남구,11680,논현동,202607,오피스텔_전월세,리체힐 신논현 오피스텔A동,논현동,202-10,22.43,,1000,120,11,9,2018,신규,26.07~27.07,,,,,
강남구,11680,역삼동,202607,오피스텔_전월세,강남역 효성해링턴 타워 더퍼스트,역삼동,825-24,22.85,,1000,100,6,17,2014,신규,26.07~27.07,,,,,
강남구,11680,청담동,202607,오피스텔_전월세,경원오피스텔,청담동,5,22.77,,12000,0,7,17,1991,신규,26.08~28.08,,,,,
강남구,11680,삼성동,202607,오피스텔_전월세,현대썬앤빌 삼성역,삼성동,157-14,21.55,,1000,120,8,10,2019,신규,26.07~27.07,,,,,
강남구,11680,역삼동,202607,오피스텔_전월세,역삼 푸르지오 시티,역삼동,735-17,23.9,,1000,95,3,24,2016,신규,26.08~27.08,,,,,
강남구,11680,자곡동,202607,오피스텔_전월세,강남유탑유블레스,자곡동,651,31.95,,1000,85,10,14,2014,신규,26.08~27.08,,,,,
강남구,11680,개포동,202607,오피스텔_전월세,대청타워,개포동,13-3,32.44,,500,90,9,22,1997,신규,26.08~27.07,,,,,
강남구,11680,도곡동,202607,오피스텔_전월세,우성캐릭터-빌,도곡동,467-18,33.43,,1000,79,4,14,1998,신규,26.09~27.09,,,,,
강남구,11680,자곡동,202607,오피스텔_전월세,강남유탑유블레스,자곡동,651,25.7,,1000,85,8,21,2014,신규,26.08~27.08,,,,,
강남구,11680,자곡동,202607,오피스텔_전월세,강남 지웰홈스,자곡동,662,26.71,,1000,85,3,13,2014,신규,26.08~27.08,,,,,
강남구,11680,삼성동,202607,오피스텔_전월세,삼성역 두산위브센티움,삼성동,158-4,27.88,,20000,25,6,13,2003,신규,26.08~28.08,,,,,
강남구,11680,역삼동,202607,오피스텔_전월세,강남역 센트럴 푸르지오 시티,역삼동,825-20,22.01,,2000,113,12,15,2015,신규,26.08~27.08,,,,,
강남구,11680,자곡동,202607,오피스텔_전월세,강남센터뷰,자곡동,670,32.23,,25000,8,3,27,2018,갱신,26.08~28.08,25000.0,,,,
강남구,11680,역삼동,202607,오피스텔_전월세,리에바움 오피스텔,역삼동,703,28.11,,1000,150,9,7,2020,신규,26.07~27.07,,,,,
강남구,11680,역삼동,202607,오피스텔_전월세,태건 강남 헤븐리치 더써밋 761,역삼동,605-17,14.77,,5000,90,7,27,2021,신규,26.10~27.10,,,,,
강남구,11680,자곡동,202607,오피스텔_전월세,강남 지웰홈스,자곡동,662,25.16,,3000,80,9,4,2014,신규,26.08~27.08,,,,,
강남구,11680,역삼동,202607,오피스텔_전월세,신논현 마에스트로,역삼동,603-7,20.35,,17000,20,17,29,2013,신규,26.09~28.09,,,,,
강남구,11680,역삼동,202607,오피스텔_전월세,강남역 와이즈 플레이스,역삼동,837-13,23.87,,1000,90,13,16,2013,신규,26.07~27.07,,,,,
강남구,11680,대치동,202607,오피스텔_전월세,대치트레비스타 102동,대치동,891-63,18.26,,1000,90,3,30,2020,신규,26.08~27.12,,,,,
강남구,11680,청담동,202607,오피스텔_전월세,(46-3),청담동,46-3,17.73,,13401,0,3,29,2003,갱신,26.09~27.09,12763.0,,,,
강남구,11680,역삼동,202607,오피스텔_전월세,역삼 노블루체 언주,역삼동,606,19.52,,1000,155,13,6,2021,신규,26.07~27.07,,,,,
강남구,11680,역삼동,202607,오피스텔_전월세,엘지역삼에클라트,역삼동,736-24,28.64,,16000,16,3,2,2004,갱신,26.08~28.08,16000.0,13.0,,,
강남구,11680,역삼동,202607,오피스텔_전월세,더스위트캐슬,역삼동,603-5,20.61,,1000,110,9,29,2015,신규,26.07~27.07,,,,,
강남구,11680,도곡동,202607,오피스텔_전월세,현대비젼21,도곡동,467-19,51.44,,500,130,9,21,1999,신규,26.08~27.02,,,,,
강남구,11680,자곡동,202607,오피스텔_전월세,강남 지웰홈스,자곡동,662,23.72,,1000,90,8,30,2014,신규,26.08~28.08,,,,,
강남구,11680,대치동,202607,오피스텔_전월세,더 나인 오피스텔,대치동,889-56,32.7,,2000,75,4,27,2004,신규,26.07~27.07,,,,,
강남구,11680,역삼동,202607,오피스텔_전월세,강남역 효성해링턴 타워 더퍼스트,역삼동,825-24,21.85,,21000,0,15,31,2014,신규,26.09~28.09,,,,,
강남구,11680,역삼동,202607,오피스텔_전월세,더스위트캐슬,역삼동,603-5,20.61,,1000,120,15,16,2015,신규,26.07~27.07,,,,,
강남구,11680,세곡동,202607,오피스텔_전월세,라온프라이빗시티 강남,세곡동,590,50.72,,38500,0,5,31,2017,갱신,26.10~28.10,37000.0,,,,
강남구,11680,역삼동,202607,오피스텔_전월세,역삼역센트럴푸르지오시티,역삼동,719-24,17.57,,18220,5,3,8,2019,신규,26.07~28.07,,,,,
강남구,11680,역삼동,202607,오피스텔_전월세,성우스타우스오피스텔,역삼동,832-33,33.46,,19800,10,2,28,2004,신규,26.10~28.10,,,,,
강남구,11680,역삼동,202607,오피스텔_전월세,라클라쎄 강남,역삼동,826-44,17.51,,1000,180,6,15,2023,신규,26.07~27.07,,,,,
강남구,11680,역삼동,202607,오피스텔_전월세,강남역 쉐르빌,역삼동,832-3,27.74,,1000,110,13,24,2014,갱신,26.08~27.07,1000.0,105.0,사용,,
강남구,11680,역삼동,202607,오피스텔_전월세,능현오피스텔,역삼동,708-16,29.65,,18400,10,15,4,2004,신규,26.07~28.07,,,,,
강남구,11680,자곡동,202607,오피스텔_전월세,강남 지웰홈스,자곡동,662,50.31,,5000,155,3,31,2014,신규,26.08~27.08,,,,,
강남구,11680,자곡동,202607,오피스텔_전월세,강남 푸르지오시티 1차,자곡동,600,25.06,,1000,85,9,23,2014,신규,26.07~27.07,,,,,
강남구,11680,역삼동,202607,오피스텔_전월세,이지마루 역삼,역삼동,678-27,37.55,,33000,0,2,31,2018,신규,26.09~28.09,,,,,
강남구,11680,자곡동,202607,오피스텔_전월세,강남 지웰홈스,자곡동,662,29.49,,1000,90,4,11,2014,갱신,26.08~27.08,1000.0,85.0,,,
강남구,11680,도곡동,202607,오피스텔_전월세,우성캐릭터199,도곡동,467-24,39.31,,30000,0,18,21,1998,신규,26.07~28.07,,,,,
강남구,11680,삼성동,202607,오피스텔_전월세,삼성동 롯데캐슬 클라쎄,삼성동,141-10,19.89,,25000,0,4,31,2019,신규,26.08~28.08,,,,,
강남구,11680,자곡동,202607,오피스텔_전월세,강남 푸르지오시티 1차,자곡동,600,25.06,,15000,25,8,31,2014,신규,26.09~28.09,,,,,
강남구,11680,역삼동,202607,오피스텔_전월세,역삼 푸르지오 시티,역삼동,735-17,23.9,,4000,80,4,3,2016,신규,26.07~27.07,,,,,
강남구,11680,삼성동,202607,오피스텔_전월세,LG선릉에클라트B,삼성동,142-3,39.99,,30450,0,3,29,2004,갱신,26.08~28.08,29000.0,,사용,,
강남구,11680,개포동,202607,오피스텔_전월세,대청타워,개포동,13-3,32.44,,5000,65,17,6,1997,갱신,26.08~27.08,8000.0,48.0,,,
강남구,11680,역삼동,202607,오피스텔_전월세,강남역 센트럴 푸르지오 시티,역삼동,825-20,23.33,,1000,125,8,31,2015,신규,26.08~27.07,,,,,
강남구,11680,역삼동,202607,오피스텔_전월세,강남루덴스 오피스텔,역삼동,823-33,27.64,,2000,165,11,24,2021,신규,26.07~28.07,,,,,
강남구,11680,자곡동,202607,오피스텔_전월세,강남 더샵라르고,자곡동,596,22.02,,12000,29,4,1,2014,갱신,26.07~28.07,12000.0,25.0,사용,,
강남구,11680,자곡동,202607,오피스텔_전월세,강남센터뷰,자곡동,670,32.23,,25000,10,9,30,2018,신규,26.09~28.09,,,,,
강남구,11680,역삼동,202607,오피스텔_전월세,강남역 서희스타힐스 오피스텔,역삼동,837-18,27.24,,1000,105,10,16,2012,신규,26.07~27.07,,,,,
강남구,11680,역삼동,202607,오피스텔_전월세,라클라쎄 강남,역삼동,826-44,17.86,,1000,175,3,30,2023,신규,26.07~27.07,,,,,
강남구,11680,역삼동,202607,오피스텔_전월세,리에바움 오피스텔,역삼동,703,29.08,,2000,175,13,22,2020,신규,26.07~27.07,,,,,
강남구,11680,대치동,202607,오피스텔_전월세,대치트레비스타 101동,대치동,891-38,18.45,,1000,84,4,18,2020,신규,26.07~27.07,,,,,
강남구,11680,역삼동,202607,오피스텔_전월세,금천빌딩,역삼동,708-20,29.72,,18900,20,7,15,2005,신규,26.07~28.07,,,,,
강남구,11680,역삼동,202607,오피스텔_전월세,역삼역센트럴푸르지오시티,역삼동,719-24,17.57,,1000,93,5,9,2019,신규,26.08~27.07,,,,,
강남구,11680,청담동,202607,오피스텔_전월세,경원오피스텔,청담동,5,22.77,,17000,0,9,24,1991,갱신,26.07~28.07,17000.0,,,,
강남구,11680,자곡동,202607,오피스텔_전월세,강남 푸르지오시티 1차,자곡동,600,25.06,,15300,17,1,24,2014,신규,26.09~28.09,,,,,
강남구,11680,자곡동,202607,오피스텔_전월세,강남 푸르지오시티 2차(PRUGIO CITYⅡ),자곡동,655,21.87,,15750,0,7,30,2014,갱신,26.08~27.02,15750.0,,사용,,
강남구,11680,도곡동,202607,오피스텔_전월세,우성캐릭터199,도곡동,467-24,67.08,,10000,170,14,29,1998,신규,26.09~28.09,,,,,
강남구,11680,자곡동,202607,오피스텔_전월세,강남유탑유블레스,자곡동,651,25.7,,13000,20,6,29,2014,갱신,26.08~27.08,14000.0,15.0,,,
강남구,11680,삼성동,202607,오피스텔_전월세,현대썬앤빌 삼성역,삼성동,157-14,18.37,,23000,0,2,28,2019,신규,26.08~28.08,,,,,
강남구,11680,자곡동,202607,오피스텔_전월세,강남 지웰홈스,자곡동,662,26.71,,1000,82,7,25,2014,갱신,26.09~27.09,1000.0,78.0,,,
강남구,11680,자곡동,202607,오피스텔_전월세,강남 푸르지오시티 2차(PRUGIO CITYⅡ),자곡동,655,22.44,,1000,63,9,1,2014,갱신,26.07~27.07,1000.0,60.0,,,
강남구,11680,자곡동,202607,오피스텔_전월세,강남유탑유블레스,자곡동,651,25.57,,13500,30,3,25,2014,신규,26.09~28.09,,,,,
강남구,11680,역삼동,202607,오피스텔_전월세,강남역 효성해링턴 타워 더퍼스트,역삼동,825-24,22.85,,22900,10,12,17,2014,신규,26.07~28.05,,,,,
강남구,11680,역삼동,202607,오피스텔_전월세,역삼역센트럴푸르지오시티,역삼동,719-24,17.57,,18220,10,9,28,2019,신규,26.07~27.07,,,,,
강남구,11680,역삼동,202607,오피스텔_전월세,라클라쎄 강남,역삼동,826-44,17.51,,1000,180,8,27,2023,신규,26.07~27.07,,,,,
강남구,11680,자곡동,202607,오피스텔_전월세,강남 푸르지오시티 2차(PRUGIO CITYⅡ),자곡동,655,22.44,,12800,0,4,4,2014,갱신,26.08~28.08,15000.0,,사용,,
강남구,11680,자곡동,202607,오피스텔_전월세,강남유탑유블레스,자곡동,651,25.7,,1000,85,8,4,2014,신규,26.07~27.07,,,,,
강남구,11680,삼성동,202607,오피스텔_전월세,현대썬앤빌강남,삼성동,51-4,22.47,,5000,96,9,27,2014,신규,26.08~27.08,,,,,
강남구,11680,역삼동,202607,오피스텔_전월세,강남역 효성해링턴 타워 더퍼스트,역삼동,825-24,24.77,,1000,105,13,15,2014,신규,26.07~27.07,,,,,
강남구,11680,대치동,202607,오피스텔_전월세,신안메트로칸,대치동,943-24,30.11,,1000,90,3,28,2004,신규,26.08~28.08,,,,,
강남구,11680,역삼동,202607,오피스텔_전월세,강남루덴스 오피스텔,역삼동,823-33,26.11,,32500,0,9,27,2021,갱신,26.08~28.08,31500.0,,,,
강남구,11680,역삼동,202607,오피스텔_전월세,태건 강남 헤븐리치 더써밋 761,역삼동,605-17,14.77,,1000,110,8,24,2021,신규,26.07~27.07,,,,,
강남구,11680,자곡동,202607,오피스텔_전월세,강남 푸르지오시티 2차(PRUGIO CITYⅡ),자곡동,655,22.44,,12500,15,5,28,2014,신규,26.08~28.08,,,,,
강남구,11680,논현동,202607,오피스텔_전월세,논현 아이파크,논현동,225-6,27.56,,36900,11,9,24,2020,갱신,26.07~27.01,39900.0,,,,
강남구,11680,역삼동,202607,오피스텔_전월세,삼환 아르누보,역삼동,769-1,26.38,,18000,0,10,6,2003,신규,26.07~28.07,,,,,
강남구,11680,자곡동,202607,오피스텔_전월세,훼미리타운,자곡동,672,74.77,,73000,0,9,28,2017,신규,26.10~28.10,,,,,
강남구,11680,자곡동,202607,오피스텔_전월세,강남 푸르지오시티 2차(PRUGIO CITYⅡ),자곡동,655,24.62,,15000,5,8,25,2014,신규,26.09~28.09,,,,,
강남구,11680,삼성동,202607,오피스텔_전월세,삼성동 롯데캐슬 클라쎄,삼성동,141-10,19.89,,1000,110,4,23,2019,신규,26.08~27.08,,,,,
강남구,11680,역삼동,202607,오피스텔_전월세,역삼 푸르지오 시티,역삼동,735-17,31.57,,1000,140,12,10,2016,신규,26.07~27.07,,,,,
강남구,11680,자곡동,202607,오피스텔_전월세,강남 더샵라르고,자곡동,596,22.02,,1000,80,5,25,2014,신규,26.07~27.07,,,,,
강남구,11680,역삼동,202607,오피스텔_전월세,강남뉴스텔,역삼동,826-30,30.96,,1300,110,6,17,1998,신규,26.07~27.07,,,,,
강남구,11680,자곡동,202607,오피스텔_전월세,강남블루지움,자곡동,669,20.8,,15300,20,7,27,2017,신규,26.09~28.09,,,,,
강남구,11680,개포동,202607,오피스텔_전월세,대청타워,개포동,13-3,31.91,,1000,90,17,23,1997,신규,26.07~27.07,,,,,
강남구,11680,역삼동,202607,오피스텔_전월세,강남역두산위브센티움,역삼동,823-26,28.71,,17700,15,11,25,2004,신규,26.08~28.08,,,,,
강남구,11680,역삼동,202607,오피스텔_전월세,목화밀라트,역삼동,822-7,27.72,,23400,4,8,27,2004,갱신,26.09~28.09,23400.0,,,,
강남구,11680,자곡동,202607,오피스텔_전월세,강남힐스테이트에코,자곡동,658,23.75,,16000,0,8,24,2014,신규,26.08~28.08,,,,,
강남구,11680,역삼동,202607,오피스텔_전월세,라클라쎄 강남,역삼동,826-44,17.86,,1000,180,9,1,2023,신규,26.07~27.07,,,,,
강남구,11680,도곡동,202607,오피스텔_전월세,타워팰리스,도곡동,467-29,159.12,,40000,700,6,25,2004,신규,26.09~28.09,,,,,
강남구,11680,세곡동,202607,오피스텔_전월세,강남투엠캐슬,세곡동,586,19.11,,100,30,3,27,2019,신규,26.07~28.09,,,,,
강남구,11680,역삼동,202607,오피스텔_전월세,BIEL 106,역삼동,832-16,28.87,,35000,0,14,25,2018,신규,26.08~28.08,,,,,
강남구,11680,대치동,202607,오피스텔_전월세,대치트레비스타 101동,대치동,891-38,18.26,,1000,90,6,15,2020,신규,26.07~27.07,,,,,
강남구,11680,역삼동,202607,오피스텔_전월세,더스위트캐슬,역삼동,603-5,20.61,,1000,105,5,26,2015,신규,26.07~27.07,,,,,
강남구,11680,역삼동,202607,오피스텔_전월세,메이플라워멤버스빌오피스텔,역삼동,736-22,20.1,,1000,70,11,25,2006,신규,26.07~27.07,,,,,
강남구,11680,자곡동,202607,오피스텔_전월세,강남유탑유블레스,자곡동,651,26.78,,13500,20,2,14,2014,신규,26.08~28.08,,,,,
강남구,11680,세곡동,202607,오피스텔_전월세,강남투엠캐슬,세곡동,586,19.11,,100,31,7,27,2019,신규,26.07~28.09,,,,,
강남구,11680,역삼동,202607,오피스텔_전월세,더스위트캐슬,역삼동,603-5,20.61,,1000,120,16,25,2015,신규,26.07~27.07,,,,,
강남구,11680,세곡동,202607,오피스텔_전월세,강남 드림하이 오피스텔,세곡동,616,42.46,,35000,0,3,25,2018,신규,26.09~28.09,,,,,
강남구,11680,역삼동,202607,오피스텔_전월세,더스위트캐슬,역삼동,603-5,20.61,,1000,105,4,26,2015,신규,26.07~27.07,,,,,
강남구,11680,역삼동,202607,오피스텔_전월세,강남루덴스 오피스텔,역삼동,823-33,29.95,,38000,0,4,16,2021,신규,26.09~28.09,,,,,
강남구,11680,자곡동,202607,오피스텔_전월세,강남 푸르지오시티 2차(PRUGIO CITYⅡ),자곡동,655,20.82,,1000,75,5,14,2014,신규,26.07~27.07,,,,,
강남구,11680,자곡동,202607,오피스텔_전월세,강남 지웰홈스,자곡동,662,29.49,,1000,95,2,7,2014,신규,26.07~27.07,,,,,
강남구,11680,자곡동,202607,오피스텔_전월세,강남 더샵라르고,자곡동,596,23.28,,5000,80,2,18,2014,신규,26.07~27.07,,,,,
강남구,11680,역삼동,202607,오피스텔_전월세,강남역 효성해링턴 타워 더퍼스트,역삼동,825-24,24.71,,23800,10,11,22,2014,신규,26.09~28.09,,,,,
강남구,11680,역삼동,202607,오피스텔_전월세,더스위트캐슬,역삼동,603-5,20.52,,500,105,7,6,2015,신규,26.07~27.07,,,,,
강남구,11680,역삼동,202607,오피스텔_전월세,더스위트캐슬,역삼동,603-5,20.98,,1000,110,9,22,2015,신규,26.07~27.07,,,,,
강남구,11680,자곡동,202607,오피스텔_전월세,강남유탑유블레스,자곡동,651,25.57,,5000,65,8,24,2014,신규,26.07~28.07,,,,,
강남구,11680,역삼동,202607,오피스텔_전월세,역삼 푸르지오 시티,역삼동,735-17,23.9,,22000,0,14,17,2016,신규,26.08~28.08,,,,,
강남구,11680,자곡동,202607,오피스텔_전월세,강남유탑유블레스,자곡동,651,25.57,,1000,80,6,23,2014,갱신,26.07~27.07,1000.0,75.0,사용,,
강남구,11680,세곡동,202607,오피스텔_전월세,강남 드림하이 오피스텔,세곡동,616,27.03,,2000,100,8,16,2018,신규,26.07~27.07,,,,,
강남구,11680,역삼동,202607,오피스텔_전월세,역삼역센트럴푸르지오시티,역삼동,719-24,17.57,,18000,15,15,23,2019,갱신,26.08~28.08,18000.0,15.0,,,
강남구,11680,역삼동,202607,오피스텔_전월세,강남역 쉐르빌,역삼동,832-3,26.08,,18000,33,11,23,2014,신규,26.08~28.08,,,,,
강남구,11680,역삼동,202607,오피스텔_전월세,강남뉴스텔,역삼동,826-30,30.96,,1300,110,7,10,1998,신규,26.07~27.07,,,,,
강남구,11680,역삼동,202607,오피스텔_전월세,강남역 효성해링턴 타워 더퍼스트,역삼동,825-24,24.77,,23500,10,3,11,2014,갱신,26.07~27.07,23500.0,,사용,,
강남구,11680,개포동,202607,오피스텔_전월세,대청타워,개포동,13-3,32.44,,1000,90,18,7,1997,신규,26.07~27.07,,,,,
강남구,11680,역삼동,202607,오피스텔_전월세,더헤븐리치 837-31,역삼동,837-31,14.57,,484,242,2,1,2023,신규,26.08~27.08,,,,,
강남구,11680,자곡동,202607,오피스텔_전월세,강남 지웰홈스,자곡동,662,26.71,,15500,6,6,23,2014,갱신,26.09~27.09,15390.0,3.0,,,
강남구,11680,자곡동,202607,오피스텔_전월세,강남 푸르지오시티 1차,자곡동,600,25.06,,10000,30,10,7,2014,신규,26.07~28.07,,,,,
강남구,11680,역삼동,202607,오피스텔_전월세,시티프라디움 더 강남 201동,역삼동,901,48.93,,2000,243,2,22,2021,갱신,26.07~27.07,2000.0,231.0,,,
강남구,11680,역삼동,202607,오피스텔_전월세,강남역 와이즈 플레이스,역삼동,837-13,23.87,,1000,92,8,10,2013,신규,26.07~27.07,,,,,
강남구,11680,수서동,202607,오피스텔_전월세,사이룩스,수서동,716,33.52,,20000,0,6,21,2003,신규,26.10~28.09,,,,,
강남구,11680,역삼동,202607,오피스텔_전월세,태건 강남 헤븐리치 더써밋 761,역삼동,605-17,14.77,,5000,74,2,23,2021,신규,26.09~27.09,,,,,
강남구,11680,역삼동,202607,오피스텔_전월세,역삼역센트럴푸르지오시티,역삼동,719-24,17.57,,18220,10,6,23,2019,신규,26.08~28.08,,,,,
강남구,11680,자곡동,202607,오피스텔_전월세,강남 더샵라르고,자곡동,596,20.16,,3000,84,10,21,2014,신규,26.08~27.08,,,,,
강남구,11680,삼성동,202607,오피스텔_전월세,삼성동 롯데캐슬 클라쎄,삼성동,141-10,29.37,,5000,165,12,3,2019,신규,26.07~28.07,,,,,
강남구,11680,자곡동,202607,오피스텔_전월세,강남힐스테이트에코,자곡동,658,23.75,,500,87,2,22,2014,신규,26.07~27.07,,,,,
강남구,11680,역삼동,202607,오피스텔_전월세,더스위트캐슬,역삼동,603-5,20.52,,1000,105,4,10,2015,신규,26.07~27.07,,,,,
강남구,11680,역삼동,202607,오피스텔_전월세,강남역두산위브센티움,역삼동,823-26,28.71,,17700,30,3,16,2004,신규,26.08~28.08,,,,,
강남구,11680,역삼동,202607,오피스텔_전월세,더스위트캐슬,역삼동,603-5,20.61,,1000,110,9,9,2015,신규,26.08~27.07,,,,,
강남구,11680,역삼동,202607,오피스텔_전월세,더스위트캐슬,역삼동,603-5,20.61,,1000,120,14,3,2015,신규,26.07~27.07,,,,,
강남구,11680,역삼동,202607,오피스텔_전월세,역삼역센트럴푸르지오시티,역삼동,719-24,18.18,,18200,0,9,21,2019,신규,26.08~28.08,,,,,
강남구,11680,자곡동,202607,오피스텔_전월세,강남 푸르지오시티 1차,자곡동,600,25.06,,5500,55,7,21,2014,신규,26.07~27.07,,,,,
강남구,11680,역삼동,202607,오피스텔_전월세,라클라쎄 강남,역삼동,826-44,17.86,,1000,175,4,17,2023,신규,26.07~27.07,,,,,
강남구,11680,자곡동,202607,오피스텔_전월세,강남 더샵라르고,자곡동,596,23.98,,14800,17,3,17,2014,신규,26.08~28.08,,,,,
강남구,11680,자곡동,202607,오피스텔_전월세,강남센터뷰,자곡동,670,21.25,,15300,12,7,22,2018,신규,26.09~28.09,,,,,
강남구,11680,역삼동,202607,오피스텔_전월세,강남역 쉐르빌,역삼동,832-3,22.65,,1000,100,19,21,2014,신규,26.07~27.07,,,,,
강남구,11680,자곡동,202607,오피스텔_전월세,강남 더샵라르고,자곡동,596,23.98,,15200,15,3,17,2014,신규,26.08~28.08,,,,,
강남구,11680,대치동,202607,오피스텔_전월세,선릉역대우아이빌,대치동,890-49,30.1,,1000,115,6,8,2004,신규,26.07~28.07,,,,,
강남구,11680,수서동,202607,오피스텔_전월세,사이룩스,수서동,716,30.25,,18500,0,3,20,2003,신규,26.07~28.07,,,,,
강남구,11680,역삼동,202607,오피스텔_전월세,강남역 와이즈 플레이스,역삼동,837-13,26.98,,13000,50,7,3,2013,신규,26.08~27.08,,,,,
강남구,11680,역삼동,202607,오피스텔_전월세,강남역 쉐르빌,역삼동,832-3,24.85,,1000,105,7,20,2014,신규,26.07~27.07,,,,,
강남구,11680,역삼동,202607,오피스텔_전월세,강남역두산위브센티움,역삼동,823-26,31.26,,1000,90,10,10,2004,신규,26.07~27.07,,,,,
강남구,11680,역삼동,202607,오피스텔_전월세,강남역 쉐르빌,역삼동,832-3,25.12,,20000,10,4,16,2014,신규,26.08~28.08,,,,,
강남구,11680,개포동,202607,오피스텔_전월세,메트하임,개포동,186-13,22,,1000,105,14,6,2018,신규,26.07~27.07,,,,,
강남구,11680,자곡동,202607,오피스텔_전월세,강남 푸르지오시티 2차(PRUGIO CITYⅡ),자곡동,655,22.44,,500,65,3,21,2014,신규,26.08~27.08,,,,,
강남구,11680,역삼동,202607,오피스텔_전월세,더스위트캐슬,역삼동,603-5,20.61,,1000,115,11,20,2015,신규,26.07~27.07,,,,,
강남구,11680,역삼동,202607,오피스텔_전월세,더스위트캐슬,역삼동,603-5,20.61,,1000,110,7,20,2015,신규,26.08~27.08,,,,,
강남구,11680,역삼동,202607,오피스텔_전월세,강남역 와이즈 플레이스,역삼동,837-13,23.87,,13000,47,3,20,2013,신규,26.08~28.08,,,,,
강남구,11680,대치동,202607,오피스텔_전월세,대치2차 아이파크,대치동,944-21,22.18,,29000,0,4,8,,갱신,26.07~27.07,28350.0,,,,
강남구,11680,역삼동,202607,오피스텔_전월세,BIEL 106,역삼동,832-16,29,,37700,5,11,20,2018,신규,26.07~28.07,,,,,
강남구,11680,도곡동,202607,오피스텔_전월세,타워팰리스,도곡동,467-29,187.15,,30000,845,11,7,2004,갱신,26.10~28.10,30000.0,800.0,사용,,
강남구,11680,자곡동,202607,오피스텔_전월세,강남유탑유블레스,자곡동,651,25.7,,1000,85,5,20,2014,신규,26.07~27.07,,,,,
강남구,11680,역삼동,202607,오피스텔_전월세,역삼동 업무시설 및 도시형생활주택,역삼동,735-15,19.91,,1000,67,8,10,2014,신규,26.07~27.07,,,,,
강남구,11680,역삼동,202607,오피스텔_전월세,강남역 센트럴 푸르지오 시티,역삼동,825-20,23.23,,25200,10,9,15,2015,신규,26.08~27.08,,,,,
강남구,11680,역삼동,202607,오피스텔_전월세,태건 강남 헤븐리치 더써밋 761,역삼동,605-17,14.77,,5000,75,10,2,2021,신규,26.07~27.07,,,,,
강남구,11680,세곡동,202607,오피스텔_전월세,강남 드림하이 오피스텔,세곡동,616,34.6,,3000,100,5,17,2018,갱신,26.08~28.08,3000.0,95.0,,,
강남구,11680,삼성동,202607,오피스텔_전월세,삼성동 롯데캐슬 클라쎄,삼성동,141-10,19.89,,8000,90,10,16,2019,신규,26.09~28.09,,,,,
강남구,11680,역삼동,202607,오피스텔_전월세,강남역 센트럴 푸르지오 시티,역삼동,825-20,22.01,,1000,110,8,20,2015,신규,26.07~27.07,,,,,
강남구,11680,역삼동,202607,오피스텔_전월세,역삼프라임,역삼동,789-9,25.6,,1000,115,4,20,2004,신규,26.07~27.07,,,,,
강남구,11680,자곡동,202607,오피스텔_전월세,강남유탑유블레스,자곡동,651,25.7,,13500,20,3,18,2014,신규,26.07~28.07,,,,,
강남구,11680,자곡동,202607,오피스텔_전월세,강남유탑유블레스,자곡동,651,25.7,,5000,52,3,16,2014,갱신,26.07~27.07,5000.0,49.0,사용,,
강남구,11680,역삼동,202607,오피스텔_전월세,BIEL 106,역삼동,832-16,28.87,,1000,150,5,1,2018,신규,26.07~27.07,,,,,
강남구,11680,자곡동,202607,오피스텔_전월세,강남 푸르지오시티 2차(PRUGIO CITYⅡ),자곡동,655,22.44,,500,80,8,11,2014,신규,26.07~28.07,,,,,
강남구,11680,역삼동,202607,오피스텔_전월세,더스위트캐슬,역삼동,603-5,20.61,,1000,110,8,16,2015,신규,26.07~27.07,,,,,
강남구,11680,역삼동,202607,오피스텔_전월세,역삼 푸르지오 시티,역삼동,735-17,23.9,,22000,0,13,17,2016,갱신,26.08~28.08,22500.0,,,,
강남구,11680,자곡동,202607,오피스텔_전월세,강남 푸르지오시티 1차,자곡동,600,25.06,,1000,83,7,14,2014,갱신,26.07~27.07,1000.0,80.0,사용,,
강남구,11680,자곡동,202607,오피스텔_전월세,강남힐스테이트에코,자곡동,658,24.12,,16000,0,10,7,2014,신규,26.08~28.08,,,,,
강남구,11680,역삼동,202607,오피스텔_전월세,강남역 서희스타힐스 오피스텔,역삼동,837-18,31.5,,8000,80,4,7,2012,신규,26.08~27.08,,,,,
강남구,11680,역삼동,202607,오피스텔_전월세,역삼SK허브블루,역삼동,831-40,28.12,,7000,70,15,17,2004,갱신,26.08~27.08,7000.0,70.0,,,
강남구,11680,자곡동,202607,오피스텔_전월세,강남 푸르지오시티 2차(PRUGIO CITYⅡ),자곡동,655,22.44,,12800,0,9,18,2014,신규,26.08~28.08,,,,,
강남구,11680,자곡동,202607,오피스텔_전월세,강남 지웰홈스,자곡동,662,26.71,,10000,44,7,18,2014,신규,26.09~28.09,,,,,
강남구,11680,자곡동,202607,오피스텔_전월세,강남 지웰홈스,자곡동,662,26.71,,5000,65,9,15,2014,신규,26.08~27.08,,,,,
강남구,11680,역삼동,202607,오피스텔_전월세,BIEL 106,역삼동,832-16,21.39,,1000,110,9,6,2018,신규,26.07~27.07,,,,,
강남구,11680,세곡동,202607,오피스텔_전월세,강남 드림하이 오피스텔,세곡동,616,34.6,,29500,0,6,17,2018,갱신,26.08~28.08,28350.0,,,,
강남구,11680,삼성동,202607,오피스텔_전월세,아르헤 타워,삼성동,44-16,40.25,,2000,210,12,8,2016,신규,26.07~28.07,,,,,
강남구,11680,세곡동,202607,오피스텔_전월세,라온프라이빗시티 강남,세곡동,590,58.72,,44000,0,5,16,2017,신규,26.09~28.09,,,,,
강남구,11680,자곡동,202607,오피스텔_전월세,강남 지웰홈스,자곡동,662,26.71,,500,89,8,16,2014,갱신,26.08~27.08,500.0,85.0,사용,,
강남구,11680,역삼동,202607,오피스텔_전월세,라클라쎄 강남,역삼동,826-44,17.51,,1000,175,5,7,2023,신규,26.07~27.07,,,,,
강남구,11680,역삼동,202607,오피스텔_전월세,루트원 레지던스,역삼동,703-7,30.9,,26800,17,9,6,2012,신규,26.08~28.08,,,,,
강남구,11680,삼성동,202607,오피스텔_전월세,현대썬앤빌강남,삼성동,51-4,22.47,,2000,109,6,16,2014,신규,26.07~27.07,,,,,
강남구,11680,대치동,202607,오피스텔_전월세,대치트레비스타 102동,대치동,891-63,18.26,,23500,0,8,15,2020,갱신,26.09~27.09,23500.0,,,,
강남구,11680,논현동,202607,오피스텔_전월세,(96),논현동,96,40.7,,20700,0,7,16,1987,갱신,26.08~28.08,19800.0,,사용,,
강남구,11680,자곡동,202607,오피스텔_전월세,강남 푸르지오시티 1차,자곡동,600,25.06,,1000,90,8,10,2014,신규,26.07~27.07,,,,,
강남구,11680,역삼동,202607,오피스텔_전월세,이지마루 역삼,역삼동,678-27,39.7,,33600,0,4,14,2018,신규,26.09~28.09,,,,,
강남구,11680,대치동,202607,오피스텔_전월세,대치트레비스타 102동,대치동,891-63,18.45,,20000,10,6,15,2020,신규,26.07~28.07,,,,,
강남구,11680,자곡동,202607,오피스텔_전월세,강남 더샵라르고,자곡동,596,22.02,,10000,35,2,15,2014,갱신,26.08~27.05,10000.0,32.0,사용,,
강남구,11680,자곡동,202607,오피스텔_전월세,훼미리타운,자곡동,672,74.77,,68000,0,4,15,2017,신규,26.10~28.10,,,,,
강남구,11680,삼성동,202607,오피스텔_전월세,선릉대림아크로텔,삼성동,140-3,45.49,,37925,0,5,15,2004,갱신,26.09~28.09,37000.0,,사용,,
강남구,11680,삼성동,202607,오피스텔_전월세,현대썬앤빌강남,삼성동,51-4,20.9,,2000,94,8,11,2014,신규,26.07~27.07,,,,,
강남구,11680,대치동,202607,오피스텔_전월세,대치트레비스타 102동,대치동,891-63,18.45,,15000,30,10,15,2020,신규,26.08~28.08,,,,,
강남구,11680,역삼동,202607,오피스텔_전월세,역삼역센트럴푸르지오시티,역삼동,719-24,17.57,,18220,0,3,8,2019,신규,26.07~28.07,,,,,
강남구,11680,대치동,202607,오피스텔_전월세,대치3차 아이파크 오피스텔,대치동,945-20,22.39,,1000,120,11,15,2019,신규,26.07~27.07,,,,,
강남구,11680,역삼동,202607,오피스텔_전월세,강남역 와이즈 플레이스,역삼동,837-13,23.87,,1000,90,5,11,2013,갱신,26.08~27.08,1000.0,80.0,,,
강남구,11680,자곡동,202607,오피스텔_전월세,강남 지웰홈스,자곡동,662,29.49,,20700,10,1,14,2014,신규,26.08~28.08,,,,,
강남구,11680,대치동,202607,오피스텔_전월세,CO-OP Residence/삼성역,대치동,945-29,13.96,,11500,0,2,10,2004,신규,26.08~28.08,,,,,
강남구,11680,역삼동,202607,오피스텔_전월세,역삼 푸르지오 시티,역삼동,735-17,31.57,,2000,135,11,9,2016,신규,26.07~27.07,,,,,
강남구,11680,삼성동,202607,오피스텔_전월세,봉은사로 461 주상복합 (주식회사 프레스티지),삼성동,45-9,33.98,,3000,210,3,14,,신규,26.08~28.08,,,,,
강남구,11680,역삼동,202607,오피스텔_전월세,역삼역센트럴푸르지오시티,역삼동,719-24,17.57,,1000,92,15,14,2019,갱신,26.08~27.08,1000.0,92.0,사용,,
강남구,11680,자곡동,202607,오피스텔_전월세,강남힐스테이트에코,자곡동,658,24.12,,14080,20,6,14,2014,신규,26.08~28.08,,,,,
강남구,11680,자곡동,202607,오피스텔_전월세,빌리브 파비오 더 까사,자곡동,653,58.7,,45000,0,3,14,2022,신규,26.08~28.08,,,,,
강남구,11680,자곡동,202607,오피스텔_전월세,강남힐스테이트에코,자곡동,658,23.75,,10000,43,10,11,2014,신규,26.08~27.08,,,,,
강남구,11680,자곡동,202607,오피스텔_전월세,강남 지웰홈스,자곡동,662,29.49,,20200,19,4,14,2014,갱신,26.07~28.07,21500.0,10.0,사용,,
강남구,11680,자곡동,202607,오피스텔_전월세,강남유탑유블레스,자곡동,651,25.57,,13000,20,4,11,2014,갱신,26.08~28.08,15000.0,10.0,사용,,
강남구,11680,자곡동,202607,오피스텔_전월세,강남 지웰홈스,자곡동,662,26.71,,15500,15,9,11,2014,갱신,26.08~28.08,16500.0,,,,
강남구,11680,역삼동,202607,오피스텔_전월세,강남역 효성해링턴 타워 더퍼스트,역삼동,825-24,24.77,,1000,105,11,10,2014,신규,26.07~27.07,,,,,
강남구,11680,대치동,202607,오피스텔_전월세,선릉역 롯데골드로즈오피스텔,대치동,889-53,32,,19800,20,15,13,2003,신규,26.08~28.08,,,,,
강남구,11680,역삼동,202607,오피스텔_전월세,더스위트캐슬,역삼동,603-5,20.61,,1000,105,7,13,2015,신규,26.07~27.07,,,,,
강남구,11680,역삼동,202607,오피스텔_전월세,강남역투웨니퍼스트101동,역삼동,824-9,17.34,,1000,93,9,4,2019,신규,26.07~27.07,,,,,
강남구,11680,역삼동,202607,오피스텔_전월세,더스위트캐슬,역삼동,603-5,20.98,,1000,120,16,13,2015,신규,26.07~27.07,,,,,
강남구,11680,청담동,202607,오피스텔_전월세,경원오피스텔,청담동,5,22.77,,1000,75,9,9,1991,신규,26.07~27.01,,,,,
강남구,11680,개포동,202607,오피스텔_전월세,(1237-3),개포동,1237-3,29.95,,3700,73,6,8,2020,갱신,26.08~27.08,3700.0,70.0,,,
강남구,11680,역삼동,202607,오피스텔_전월세,메이플라워멤버스빌오피스텔,역삼동,736-22,20.1,,11600,15,4,11,2006,신규,26.08~28.08,,,,,
강남구,11680,역삼동,202607,오피스텔_전월세,강남역 와이즈 플레이스,역삼동,837-13,26.98,,20000,22,4,4,2013,신규,26.08~28.08,,,,,
강남구,11680,역삼동,202607,오피스텔_전월세,루트원 레지던스,역삼동,703-7,18.05,,12000,31,5,6,2012,갱신,26.08~27.08,3000.0,65.0,,,
강남구,11680,역삼동,202607,오피스텔_전월세,더스위트캐슬,역삼동,603-5,20.61,,1000,115,12,10,2015,신규,26.07~27.07,,,,,
강남구,11680,역삼동,202607,오피스텔_전월세,강남역 효성해링턴 타워 더퍼스트,역삼동,825-24,22.85,,22950,10,12,2,2014,신규,26.08~28.08,,,,,
강남구,11680,자곡동,202607,오피스텔_전월세,강남 푸르지오시티 2차(PRUGIO CITYⅡ),자곡동,655,19.97,,1000,75,3,4,2014,신규,26.07~27.07,,,,,
강남구,11680,역삼동,202607,오피스텔_전월세,역삼역센트럴푸르지오시티,역삼동,719-24,17.57,,500,95,5,8,2019,갱신,26.08~27.08,500.0,90.0,사용,,
강남구,11680,세곡동,202607,오피스텔_전월세,강남 지웰파인즈,세곡동,587,38.36,,29700,25,4,2,2016,신규,26.07~28.05,,,,,
강남구,11680,대치동,202607,오피스텔_전월세,대치동 대우아이빌 명문가,대치동,891-23,33.06,,10000,54,5,3,2004,갱신,26.07~27.07,10000.0,54.0,,,
강남구,11680,자곡동,202607,오피스텔_전월세,강남힐스테이트에코,자곡동,658,21.52,,7000,50,6,11,2014,신규,26.07~27.07,,,,,
강남구,11680,자곡동,202607,오피스텔_전월세,강남블루지움,자곡동,669,20.8,,15750,0,9,11,2017,갱신,26.07~28.07,15750.0,,,,
강남구,11680,역삼동,202607,오피스텔_전월세,강남역 쉐르빌,역삼동,832-3,18.68,,1000,90,9,6,2014,갱신,26.07~27.07,1000.0,88.0,,,
강남구,11680,역삼동,202607,오피스텔_전월세,역삼역센트럴푸르지오시티,역삼동,719-24,17.57,,3000,85,4,1,2019,신규,26.07~27.07,,,,,
강남구,11680,자곡동,202607,오피스텔_전월세,강남 지웰홈스,자곡동,662,26.71,,1000,85,9,11,2014,신규,26.07~27.07,,,,,
강남구,11680,자곡동,202607,오피스텔_전월세,강남힐스테이트에코,자곡동,658,23.73,,1000,85,9,10,2014,신규,26.07~27.07,,,,,
강남구,11680,역삼동,202607,오피스텔_전월세,역삼역센트럴푸르지오시티,역삼동,719-24,17.57,,5000,70,4,6,2019,신규,26.07~27.07,,,,,
강남구,11680,자곡동,202607,오피스텔_전월세,강남 더샵라르고,자곡동,596,23.28,,1000,72,6,1,2014,갱신,26.07~27.07,1000.0,68.0,,,
강남구,11680,대치동,202607,오피스텔_전월세,대치동대우아이빌멤버스,대치동,891-26,35.43,,500,88,3,10,2003,신규,26.07~28.07,,,,,
강남구,11680,자곡동,202607,오피스텔_전월세,강남 더샵라르고,자곡동,596,23.28,,3000,67,7,7,2014,갱신,26.07~27.07,3000.0,63.0,,,
강남구,11680,역삼동,202607,오피스텔_전월세,역삼디오슈페리움,역삼동,832-5,44.38,,42500,0,4,9,2006,갱신,26.08~28.08,40500.0,,,,
강남구,11680,역삼동,202607,오피스텔_전월세,목화밀라트,역삼동,822-7,31.33,,26000,0,9,10,2004,신규,26.08~28.08,,,,,
강남구,11680,논현동,202607,오피스텔_전월세,리체힐 신논현 오피스텔A동,논현동,202-10,22.43,,27500,0,12,9,2018,신규,26.08~28.08,,,,,
강남구,11680,수서동,202607,오피스텔_전월세,사이룩스,수서동,716,38.02,,23500,0,4,10,2003,신규,26.08~28.08,,,,,
강남구,11680,자곡동,202607,오피스텔_전월세,강남유탑유블레스,자곡동,651,25.7,,10000,35,7,10,2014,신규,26.08~28.08,,,,,
강남구,11680,자곡동,202607,오피스텔_전월세,강남유탑유블레스,자곡동,651,25.7,,2000,66,5,1,2014,신규,26.07~27.07,,,,,
강남구,11680,역삼동,202607,오피스텔_전월세,강남역 서희스타힐스 오피스텔,역삼동,837-18,23.58,,1000,86,2,4,2012,신규,26.07~27.07,,,,,
강남구,11680,청담동,202607,오피스텔_전월세,경원오피스텔,청담동,5,22.77,,500,60,17,8,1991,신규,26.07~28.07,,,,,
강남구,11680,자곡동,202607,오피스텔_전월세,강남블루지움,자곡동,669,20.8,,1000,81,3,9,2017,갱신,26.07~27.07,1000.0,78.0,,,
강남구,11680,역삼동,202607,오피스텔_전월세,성우스타우스오피스텔,역삼동,832-33,32.03,,12000,40,11,8,2004,신규,26.08~28.08,,,,,
강남구,11680,역삼동,202607,오피스텔_전월세,메이플라워멤버스빌오피스텔,역삼동,736-22,20.1,,5000,50,12,8,2006,신규,26.07~27.07,,,,,
강남구,11680,대치동,202607,오피스텔_전월세,대치3차 아이파크 오피스텔,대치동,945-20,22.39,,29800,0,10,3,2019,갱신,26.07~28.07,28800.0,,,,
강남구,11680,역삼동,202607,오피스텔_전월세,역삼역센트럴푸르지오시티,역삼동,719-24,17.57,,18220,0,3,8,2019,갱신,26.09~27.09,18675.0,,,,
강남구,11680,자곡동,202607,오피스텔_전월세,강남 푸르지오시티 1차,자곡동,600,24.57,,17100,0,10,6,2014,신규,26.08~28.08,,,,,
강남구,11680,역삼동,202607,오피스텔_전월세,강남역 서희스타힐스 오피스텔,역삼동,837-18,29.52,,22500,15,7,6,2012,신규,26.07~28.07,,,,,
강남구,11680,역삼동,202607,오피스텔_전월세,BIEL 106,역삼동,832-16,21.39,,23500,0,8,8,2018,신규,26.09~28.09,,,,,
강남구,11680,삼성동,202607,오피스텔_전월세,삼성동 롯데캐슬 클라쎄,삼성동,141-10,19.89,,1000,110,3,7,2019,신규,26.07~27.07,,,,,
강남구,11680,자곡동,202607,오피스텔_전월세,강남블루지움,자곡동,669,20.8,,15300,15,4,4,2017,신규,26.08~28.08,,,,,
강남구,11680,자곡동,202607,오피스텔_전월세,강남 푸르지오시티 1차,자곡동,600,25.06,,15000,25,5,7,2014,신규,26.08~28.08,,,,,
강남구,11680,자곡동,202607,오피스텔_전월세,빌리브 파비오 더 까사,자곡동,653,56.88,,52000,0,6,4,2022,갱신,26.07~28.07,50000.0,,사용,,
강남구,11680,논현동,202607,오피스텔_전월세,논현 아이파크,논현동,225-6,27.56,,33000,0,16,7,2020,갱신,26.07~28.07,2000.0,130.0,,,
강남구,11680,역삼동,202607,오피스텔_전월세,역삼 이스타빌,역삼동,787-7,87.59,,55000,38,6,6,2011,갱신,27.02~29.02,55000.0,38.0,,,
강남구,11680,자곡동,202607,오피스텔_전월세,강남유탑유블레스,자곡동,651,25.57,,13500,30,4,7,2014,신규,26.07~28.07,,,,,
강남구,11680,자곡동,202607,오피스텔_전월세,강남유탑유블레스,자곡동,651,25.7,,15400,13,5,7,2014,갱신,26.08~28.08,15400.0,10.0,사용,,
강남구,11680,자곡동,202607,오피스텔_전월세,강남 푸르지오시티 1차,자곡동,600,24.57,,15300,0,9,3,2014,갱신,26.07~28.07,16200.0,,사용,,
강남구,11680,자곡동,202607,오피스텔_전월세,강남힐스테이트에코,자곡동,658,23.75,,1000,80,8,4,2014,갱신,26.09~27.09,1000.0,70.0,,,
강남구,11680,삼성동,202607,오피스텔_전월세,삼성동 롯데캐슬 클라쎄,삼성동,141-10,21.87,,800,115,12,1,2019,신규,26.07~28.07,,,,,
강남구,11680,개포동,202607,오피스텔_전월세,대청타워,개포동,13-3,31.91,,19000,4,9,6,1997,신규,26.08~28.08,,,,,
강남구,11680,역삼동,202607,오피스텔_전월세,루트원 레지던스,역삼동,703-7,18.05,,15500,16,4,3,2012,신규,26.07~28.07,,,,,
강남구,11680,자곡동,202607,오피스텔_전월세,강남힐스테이트에코,자곡동,658,23.75,,14000,20,9,4,2014,갱신,26.08~28.08,15500.0,10.0,,,
강남구,11680,자곡동,202607,오피스텔_전월세,강남힐스테이트에코,자곡동,658,23.75,,1000,77,3,4,2014,갱신,26.09~27.09,1000.0,73.0,사용,,
강남구,11680,개포동,202607,오피스텔_전월세,메트하임,개포동,186-13,22,,19500,0,12,5,2018,신규,26.08~28.08,,,,,
강남구,11680,자곡동,202607,오피스텔_전월세,강남 푸르지오시티 2차(PRUGIO CITYⅡ),자곡동,655,22.44,,15300,0,5,4,2014,신규,26.07~28.07,,,,,
강남구,11680,역삼동,202607,오피스텔_전월세,역삼역센트럴푸르지오시티,역삼동,719-24,17.57,,17900,0,10,5,2019,신규,26.08~27.08,,,,,
강남구,11680,개포동,202607,오피스텔_전월세,대청타워,개포동,13-3,31.91,,1000,77,12,5,1997,갱신,26.07~27.07,1000.0,74.0,,,
강남구,11680,청담동,202607,오피스텔_전월세,경원오피스텔,청담동,5,22.77,,14000,0,14,2,1991,신규,26.08~28.08,,,,,
강남구,11680,역삼동,202607,오피스텔_전월세,루트원 레지던스,역삼동,703-7,18.92,,16400,25,9,3,2012,신규,26.08~27.08,,,,,
강남구,11680,삼성동,202607,오피스텔_전월세,현대썬앤빌 삼성역,삼성동,157-14,18.37,,23000,0,2,1,2019,갱신,26.07~28.07,23000.0,,,,
강남구,11680,역삼동,202607,오피스텔_전월세,더헤븐리치 837-31,역삼동,837-31,14.57,,484,242,3,1,2023,신규,26.08~27.08,,,,,
강남구,11680,자곡동,202607,오피스텔_전월세,강남힐스테이트에코,자곡동,658,24.12,,1000,81,8,2,2014,갱신,26.08~27.08,1000.0,77.0,,,
강남구,11680,자곡동,202607,오피스텔_전월세,강남유탑유블레스,자곡동,651,25.7,,2000,77,3,1,2014,갱신,26.07~28.01,2000.0,73.0,,,
강남구,11680,역삼동,202607,오피스텔_전월세,강남역두산위브센티움,역삼동,823-26,28.71,,17500,18,9,1,2004,갱신,26.08~28.08,18000.0,10.0,,,
강남구,11680,역삼동,202607,오피스텔_전월세,더스위트캐슬,역삼동,603-5,20.61,,1000,115,10,1,2015,신규,26.07~27.07,,,,,
강남구,11680,개포동,202607,연립다세대_전월세,개포비버리하임,개포동,1193-5,27.72,,31300,10,4,5,2018,,,,,,,
강남구,11680,역삼동,202607,연립다세대_전월세,하이레지던스,역삼동,698-27,37.8,,10000,40,1,13,1997,,,,,,,
강남구,11680,개포동,202607,연립다세대_전월세,안트레,개포동,1195-2,53.15,,52500,0,6,18,2020,,,,,,,
강남구,11680,대치동,202607,연립다세대_전월세,경일빌라비동,대치동,984-9,72.15,,50000,0,1,4,1987,,,,,,,
강남구,11680,논현동,202607,연립다세대_전월세,(242-4),논현동,242-4,33.93,,12000,39,2,31,1999,신규,26.07~27.08,,,,,
강남구,11680,역삼동,202607,연립다세대_전월세,HAUSTEMC,역삼동,690-36,16.04,,3000,38,3,27,2010,갱신,26.08~27.08,3000.0,36.0,,,
강남구,11680,역삼동,202607,연립다세대_전월세,HAUSTEMC,역삼동,690-36,15.5,,1000,79,2,27,2010,갱신,26.08~27.08,1000.0,75.0,,,
강남구,11680,역삼동,202607,연립다세대_전월세,토미하우스,역삼동,750-23,38.94,,1000,125,3,28,2011,신규,26.08~27.08,,,,,
강남구,11680,대치동,202607,연립다세대_전월세,(962-15),대치동,962-15,47.49,,26000,0,2,8,2002,신규,26.08~28.08,,,,,
강남구,11680,일원동,202607,연립다세대_전월세,로제캐슬,일원동,642-6,25.68,,10000,60,2,25,2018,신규,26.08~28.08,,,,,
강남구,11680,삼성동,202607,연립다세대_전월세,엘림하이빌,삼성동,24-5,38.38,,26500,20,4,19,2003,신규,26.08~28.08,,,,,
강남구,11680,삼성동,202607,연립다세대_전월세,(32-13),삼성동,32-13,34.78,,5000,130,4,21,2012,신규,26.08~27.08,,,,,
강남구,11680,역삼동,202607,연립다세대_전월세,마이플레이스,역삼동,792-7,27.54,,33000,0,4,18,2018,신규,26.09~28.09,,,,,
강남구,11680,청담동,202607,연립다세대_전월세,청담빌라A동(13-54),청담동,13-54,44.94,,4000,130,-1,11,1986,신규,26.08~28.10,,,,,
강남구,11680,논현동,202607,연립다세대_전월세,유니빌(UNIVILL),논현동,270-34,29.52,,1000,64,3,31,2011,신규,26.08~27.08,,,,,
강남구,11680,논현동,202607,연립다세대_전월세,구정빌라트(172-14),논현동,172-14,63.61,,1000,93,3,22,2003,신규,26.07~27.07,,,,,
강남구,11680,논현동,202607,연립다세대_전월세,동광팰리스B동,논현동,230-11,27.4,,2000,135,4,17,2016,신규,26.08~28.08,,,,,
강남구,11680,대치동,202607,연립다세대_전월세,스타빌,대치동,953-14,39.67,,25000,10,2,28,2002,신규,26.09~28.09,,,,,
강남구,11680,삼성동,202607,연립다세대_전월세,(38-2),삼성동,38-2,34.31,,2000,84,2,27,2001,갱신,26.08~28.08,2000.0,80.0,,,
강남구,11680,논현동,202607,연립다세대_전월세,아이리스논현,논현동,270-35,29.06,,33500,0,2,14,2017,갱신,26.08~27.08,33500.0,,,,
강남구,11680,대치동,202607,연립다세대_전월세,클라인하우제영진,대치동,928-11,18.13,,1000,67,2,27,2022,신규,26.08~27.08,,,,,
강남구,11680,논현동,202607,연립다세대_전월세,논현실버타운,논현동,179,35.1,,1000,72,-1,28,1991,신규,26.08~28.08,,,,,
강남구,11680,개포동,202607,연립다세대_전월세,(1218-19),개포동,1218-19,59.04,,30000,30,2,9,2013,갱신,26.08~28.08,30000.0,30.0,,,
강남구,11680,논현동,202607,연립다세대_전월세,187-16,논현동,187-16,29.86,,37800,0,5,31,2020,갱신,26.09~28.09,37800.0,,,,
강남구,11680,역삼동,202607,연립다세대_전월세,꿈꾸지오(697-23),역삼동,697-23,26.96,,30870,0,4,29,2016,갱신,26.09~28.09,29400.0,,사용,,
강남구,11680,역삼동,202607,연립다세대_전월세,강남IBC오피스텔,역삼동,648-1,23.09,,1000,97,12,22,1987,신규,26.08~27.08,,,,,
강남구,11680,역삼동,202607,연립다세대_전월세,(817-28),역삼동,817-28,27.73,,1000,90,4,4,1996,신규,26.07~27.07,,,,,
강남구,11680,도곡동,202607,연립다세대_전월세,영산빌리지,도곡동,413-9,13.47,,1000,62,3,4,2013,신규,26.08~28.08,,,,,
강남구,11680,신사동,202607,연립다세대_전월세,압구정빌라(589-7),신사동,589-7,45.2,,21630,0,2,26,2001,갱신,26.08~28.08,20600.0,,사용,,
강남구,11680,대치동,202607,연립다세대_전월세,(894-12),대치동,894-12,28.8,,5500,58,3,29,2002,갱신,26.08~28.08,5500.0,54.0,,,
강남구,11680,삼성동,202607,연립다세대_전월세,하니빌,삼성동,39-5,49.68,,10000,62,3,30,2003,신규,26.08~28.08,,,,,
강남구,11680,논현동,202607,연립다세대_전월세,태원빌라트,논현동,39-6,27.17,,2000,140,2,28,2016,신규,26.08~28.08,,,,,
강남구,11680,도곡동,202607,연립다세대_전월세,HOUSERAUM,도곡동,456-12,20.32,,1000,73,2,24,2012,신규,26.08~28.08,,,,,
강남구,11680,역삼동,202607,연립다세대_전월세,(745-22),역삼동,745-22,26.83,,3000,140,3,11,2019,신규,26.07~28.07,,,,,
강남구,11680,대치동,202607,연립다세대_전월세,아이빌,대치동,897-5,24.3,,3000,63,3,21,2003,신규,26.08~27.08,,,,,
강남구,11680,역삼동,202607,연립다세대_전월세,조이하우스(697-39),역삼동,697-39,57.39,,15000,8,4,11,2001,신규,26.08~28.08,,,,,
강남구,11680,일원동,202607,연립다세대_전월세,(649-14),일원동,649-14,89.91,,4000,20,-1,30,1987,신규,26.08~28.08,,,,,
강남구,11680,대치동,202607,연립다세대_전월세,SM이지빌,대치동,896-14,52.5,,8000,138,5,25,2002,신규,26.08~27.08,,,,,
강남구,11680,논현동,202607,연립다세대_전월세,정화빌,논현동,232-6,64.35,,2000,129,2,23,2002,신규,26.08~27.07,,,,,
강남구,11680,일원동,202607,연립다세대_전월세,다세대주택,일원동,628-2,45.96,,5000,100,1,24,1986,신규,26.08~28.08,,,,,
강남구,11680,개포동,202607,연립다세대_전월세,포이럭스빌,개포동,1247-3,60.53,,36750,0,4,20,2002,갱신,26.07~28.09,36750.0,,,,
강남구,11680,삼성동,202607,연립다세대_전월세,풍전빌,삼성동,29-12,61.63,,20000,215,1,29,2019,신규,26.10~28.10,,,,,
강남구,11680,신사동,202607,연립다세대_전월세,성환하우스,신사동,567-6,31,,2000,79,3,20,1997,신규,26.08~28.08,,,,,
강남구,11680,역삼동,202607,연립다세대_전월세,폴라리스,역삼동,782-24,31.4,,1000,75,4,4,2002,신규,26.08~28.08,,,,,
강남구,11680,대치동,202607,연립다세대_전월세,영빌리지,대치동,898-21,29.17,,1000,92,2,31,2004,신규,26.08~27.08,,,,,
강남구,11680,역삼동,202607,연립다세대_전월세,(834-76),역삼동,834-76,29.98,,5000,85,2,13,2010,신규,26.08~28.08,,,,,
강남구,11680,역삼동,202607,연립다세대_전월세,역삼빌라트(662-3),역삼동,662-3,31.39,,110,110,3,27,2002,신규,26.07~26.10,,,,,
강남구,11680,일원동,202607,연립다세대_전월세,꿈지을,일원동,631-12,26.84,,28000,0,3,24,2021,갱신,26.08~28.08,27000.0,,,,
강남구,11680,일원동,202607,연립다세대_전월세,다세대주택,일원동,646-7,49.35,,23500,0,1,30,1987,갱신,26.08~28.08,22500.0,,,,
강남구,11680,논현동,202607,연립다세대_전월세,청계빌라,논현동,184-8,47.9,,1000,104,3,24,2002,신규,26.07~27.07,,,,,
강남구,11680,대치동,202607,연립다세대_전월세,스톤빌리지대치3차,대치동,910-11,37.16,,47500,0,2,27,2018,신규,26.09~28.09,,,,,
강남구,11680,삼성동,202607,연립다세대_전월세,탑빌라트,삼성동,33-6,29.45,,1000,120,2,28,2013,신규,26.08~28.08,,,,,
강남구,11680,논현동,202607,연립다세대_전월세,유니빌(UNIVILL),논현동,270-34,29.26,,15430,10,3,11,2011,신규,26.08~28.08,,,,,
강남구,11680,역삼동,202607,연립다세대_전월세,레스빌,역삼동,657-4,24.72,,20000,0,2,31,2001,갱신,26.09~28.09,20000.0,,,,
강남구,11680,대치동,202607,연립다세대_전월세,(905-9),대치동,905-9,18.02,,1000,78,2,13,2019,신규,26.07~27.07,,,,,
강남구,11680,개포동,202607,연립다세대_전월세,하우징허브B동,개포동,1195-8,33.27,,12000,68,3,13,2016,신규,26.08~28.08,,,,,
강남구,11680,논현동,202607,연립다세대_전월세,효성가든빌라,논현동,177-15,117.95,,50000,0,-1,21,1990,신규,26.10~28.10,,,,,
강남구,11680,일원동,202607,연립다세대_전월세,휴먼하우스,일원동,631-10,21.88,,23700,6,4,16,2021,신규,26.08~28.08,,,,,
강남구,11680,역삼동,202607,연립다세대_전월세,동우코아,역삼동,681-39,28.8,,1000,68,4,8,1998,신규,26.07~28.07,,,,,
강남구,11680,역삼동,202607,연립다세대_전월세,디엔에스리치빌,역삼동,677-8,25.13,,22000,0,11,10,2013,갱신,26.08~28.08,22000.0,,,,
강남구,11680,논현동,202607,연립다세대_전월세,빌라로체스,논현동,193-3,37.1,,500,115,2,29,2001,신규,26.08~28.08,,,,,
강남구,11680,논현동,202607,연립다세대_전월세,(244-15),논현동,244-15,19.38,,15000,30,2,25,2017,신규,26.08~28.08,,,,,
강남구,11680,대치동,202607,연립다세대_전월세,(912-22),대치동,912-22,25.48,,2000,170,7,14,2016,신규,26.08~28.08,,,,,
강남구,11680,개포동,202607,연립다세대_전월세,포이럭스빌,개포동,1247-3,60.53,,36750,0,4,20,2002,갱신,26.07~28.09,36750.0,,,,
강남구,11680,역삼동,202607,연립다세대_전월세,행복한빌라,역삼동,655-19,31.68,,27800,0,2,20,2002,신규,26.08~28.08,,,,,
강남구,11680,일원동,202607,연립다세대_전월세,인우하우스,일원동,623-19,26.09,,48000,0,4,26,2026,신규,26.08~27.08,,,,,
강남구,11680,역삼동,202607,연립다세대_전월세,두산위브파빌리온역삼,역삼동,782,47.071,,10000,315,5,30,2025,신규,26.08~28.08,,,,,
강남구,11680,삼성동,202607,연립다세대_전월세,벨르빌,삼성동,121,56.39,,39370,0,2,24,2001,갱신,26.07~28.07,37500.0,,,,
강남구,11680,논현동,202607,연립다세대_전월세,노블레스,논현동,193-15,25.99,,300,84,2,5,2009,신규,26.07~27.07,,,,,
강남구,11680,역삼동,202607,연립다세대_전월세,역삼동한스빌라텔,역삼동,744,36.69,,16500,0,4,31,2000,갱신,26.07~28.08,15000.0,,,,
강남구,11680,신사동,202607,연립다세대_전월세,(555-34),신사동,555-34,23.84,,17800,0,2,25,2011,갱신,26.08~28.08,17000.0,,,,
강남구,11680,대치동,202607,연립다세대_전월세,대원아트빌,대치동,954-14,63.72,,1000,76,3,22,2004,신규,26.08~27.08,,,,,
강남구,11680,역삼동,202607,연립다세대_전월세,역삼동한스빌라텔,역삼동,744,28.02,,15000,0,4,25,2000,갱신,26.07~28.07,14000.0,,,,
강남구,11680,도곡동,202607,연립다세대_전월세,캐슬빌라트,도곡동,951-9,30.05,,5000,62,1,27,2002,신규,26.08~28.08,,,,,
강남구,11680,삼성동,202607,연립다세대_전월세,풀하우스,삼성동,47-19,44.2,,3000,105,2,25,2003,갱신,26.08~28.08,3000.0,100.0,,,
강남구,11680,역삼동,202607,연립다세대_전월세,태라빌,역삼동,827-25,34.5,,1000,91,4,1,2002,신규,26.07~27.07,,,,,
강남구,11680,역삼동,202607,연립다세대_전월세,(834-37),역삼동,834-37,22.23,,1000,83,3,28,2012,신규,26.08~27.08,,,,,
강남구,11680,개포동,202607,연립다세대_전월세,금성하이츠,개포동,1231-15,34.83,,19950,0,2,28,1993,갱신,26.09~28.09,19000.0,,사용,,
강남구,11680,역삼동,202607,연립다세대_전월세,h빌,역삼동,780-12,26.1,,3000,90,5,20,2003,신규,26.09~28.08,,,,,
강남구,11680,삼성동,202607,연립다세대_전월세,써지쿨빌딩,삼성동,150-2,53.18,,2000,118,4,16,2003,신규,26.07~27.07,,,,,
강남구,11680,삼성동,202607,연립다세대_전월세,써지쿨빌딩,삼성동,150-2,120.32,,12000,250,6,31,2003,갱신,26.09~27.09,12000.0,190.0,,,
강남구,11680,논현동,202607,연립다세대_전월세,논현알베로,논현동,162-5,18.06,,5000,50,4,2,2011,신규,26.09~28.09,,,,,
강남구,11680,도곡동,202607,연립다세대_전월세,도곡르비앙,도곡동,951-7,12.24,,1000,61,2,15,2013,신규,26.07~27.07,,,,,
강남구,11680,도곡동,202607,연립다세대_전월세,(425-4),도곡동,425-4,14.49,,1000,47,3,7,2013,신규,26.08~28.08,,,,,
강남구,11680,역삼동,202607,연립다세대_전월세,힐하우스,역삼동,669-7,28.61,,2000,95,4,31,2017,신규,26.08~28.08,,,,,
강남구,11680,삼성동,202607,연립다세대_전월세,영풍빌라,삼성동,93-7,186.95,,20000,825,2,13,1992,신규,26.07~28.07,,,,,
강남구,11680,논현동,202607,연립다세대_전월세,논현파크빌(133-72),논현동,122-17,22.72,,2500,75,3,21,2013,갱신,26.08~28.08,2500.0,69.0,,,
강남구,11680,개포동,202607,연립다세대_전월세,골든빌,개포동,1205-4,49.32,,5000,158,5,21,2015,갱신,26.08~28.08,5000.0,150.0,사용,,
강남구,11680,역삼동,202607,연립다세대_전월세,역삼더하임,역삼동,774-40,24.99,,35500,0,2,11,2020,신규,26.09~28.09,,,,,
강남구,11680,삼성동,202607,연립다세대_전월세,(27-8),삼성동,27-8,54.86,,2000,138,1,15,2001,신규,26.08~27.07,,,,,
강남구,11680,역삼동,202607,연립다세대_전월세,빌리언빌리지,역삼동,780-21,67.67,,38500,0,5,14,2002,갱신,26.08~28.08,36750.0,,,,
강남구,11680,역삼동,202607,연립다세대_전월세,Gonggan1st,역삼동,697,29.66,,1000,135,5,30,2016,갱신,26.08~28.08,1000.0,120.0,,,
강남구,11680,일원동,202607,연립다세대_전월세,청솔빌리지,일원동,739,59.75,,60000,20,2,22,1993,신규,26.09~28.09,,,,,
강남구,11680,논현동,202607,연립다세대_전월세,(219-20),논현동,219-20,22.29,,20000,0,2,21,2018,신규,26.08~28.08,,,,,
강남구,11680,대치동,202607,연립다세대_전월세,(898-24),대치동,898-24,39.69,,1000,105,1,24,2001,신규,26.08~28.08,,,,,
강남구,11680,일원동,202607,연립다세대_전월세,샤갈하우스2,일원동,663-9,28.75,,30000,0,6,18,2021,신규,26.09~28.09,,,,,
강남구,11680,개포동,202607,연립다세대_전월세,준초이빌딩,개포동,1241-6,57.88,,31200,6,3,31,2001,갱신,26.08~28.08,31200.0,,,,
강남구,11680,청담동,202607,연립다세대_전월세,(112-5),청담동,112-5,27.46,,16800,0,3,21,2012,갱신,26.08~27.08,16000.0,,사용,,
강남구,11680,개포동,202607,연립다세대_전월세,노블빌라,개포동,1256-10,33.75,,2000,65,2,28,2004,신규,26.08~28.08,,,,,
강남구,11680,역삼동,202607,연립다세대_전월세,(781-6),역삼동,781-6,35.385,,3000,93,1,13,1993,신규,26.07~27.07,,,,,
강남구,11680,세곡동,202607,연립다세대_전월세,강남효성해링턴코트,세곡동,541,105.8209,,120750,0,2,24,2016,갱신,26.08~28.08,115000.0,,사용,,
강남구,11680,청담동,202607,연립다세대_전월세,더청담에이치,청담동,57-12,26.59,,1000,95,1,3,2014,신규,26.07~28.07,,,,,
강남구,11680,대치동,202607,연립다세대_전월세,하나빌라,대치동,915-19,47.14,,33000,0,3,8,2002,신규,26.07~28.07,,,,,
강남구,11680,역삼동,202607,연립다세대_전월세,엔트라움,역삼동,778-15,33.8,,29322,33,6,29,2020,신규,26.09~27.12,,,,,
강남구,11680,논현동,202607,연립다세대_전월세,대성주택,논현동,191-4,65.52,,41000,0,1,2,1981,신규,26.09~28.09,,,,,
강남구,11680,삼성동,202607,연립다세대_전월세,팔라티노힐,삼성동,33-27,22.25,,1000,99,4,18,2013,신규,26.07~27.07,,,,,
강남구,11680,대치동,202607,연립다세대_전월세,(901-59),대치동,901-59,33.52,,1000,79,5,9,2002,신규,26.07~27.07,,,,,
강남구,11680,대치동,202607,연립다세대_전월세,영빌리지,대치동,898-21,33.43,,2000,100,3,17,2004,신규,26.08~27.07,,,,,
강남구,11680,역삼동,202607,연립다세대_전월세,빌리언빌리지,역삼동,780-21,65.69,,36400,0,3,14,2002,갱신,26.08~28.08,34700.0,,,,
강남구,11680,역삼동,202607,연립다세대_전월세,동우빌딩,역삼동,784-13,12.72,,1000,69,5,29,2012,신규,26.08~27.08,,,,,
강남구,11680,삼성동,202607,연립다세대_전월세,아인스빌,삼성동,31-20,20.16,,1000,54,3,16,2002,신규,26.08~28.08,,,,,
강남구,11680,역삼동,202607,연립다세대_전월세,동우빌딩,역삼동,784-13,12.72,,1000,66,3,24,2012,갱신,26.09~28.08,1000.0,63.0,,,
강남구,11680,삼성동,202607,연립다세대_전월세,스카이빌,삼성동,145-29,26.91,,20740,0,3,23,2002,갱신,26.08~27.08,20240.0,,,,
강남구,11680,논현동,202607,연립다세대_전월세,(268-20),논현동,268-20,37.81,,7000,46,2,11,2003,신규,26.07~28.07,,,,,
강남구,11680,개포동,202607,연립다세대_전월세,(1163-4),개포동,1163-4,21.88,,17000,6,5,29,2013,신규,26.09~28.09,,,,,
강남구,11680,삼성동,202607,연립다세대_전월세,삼성빌라(27-21),삼성동,27-21,94.74,,13000,420,1,7,1998,신규,26.08~28.08,,,,,
강남구,11680,청담동,202607,연립다세대_전월세,세이지빌,청담동,109-11,23.45,,1000,69,3,23,2010,신규,26.07~27.07,,,,,
강남구,11680,청담동,202607,연립다세대_전월세,시우빌,청담동,13-39,28.13,,3000,127,3,4,2019,신규,26.08~27.08,,,,,
강남구,11680,신사동,202607,연립다세대_전월세,예전빌딩,신사동,533-15,25.71,,1000,80,4,24,1996,신규,26.08~28.07,,,,,
강남구,11680,삼성동,202607,연립다세대_전월세,삼성아셈빌,삼성동,94-20,27.09,,1000,80,1,30,2002,신규,26.07~28.06,,,,,
강남구,11680,삼성동,202607,연립다세대_전월세,조은빌리지,삼성동,30-10,56.05,,2000,64,3,28,2003,갱신,26.08~27.08,2000.0,61.0,,,
강남구,11680,일원동,202607,연립다세대_전월세,인우하우스,일원동,623-19,26.09,,36000,50,4,26,2026,신규,26.08~27.08,,,,,
강남구,11680,삼성동,202607,연립다세대_전월세,삼성더하임,삼성동,29-1,28.87,,30000,79,2,30,2020,갱신,26.08~28.08,30000.0,70.0,사용,,
강남구,11680,논현동,202607,연립다세대_전월세,원형아트빌라,논현동,182-14,83.04,,50000,0,1,31,1991,신규,26.09~28.09,,,,,
강남구,11680,역삼동,202607,연립다세대_전월세,라미스타,역삼동,692-17,42,,5000,57,1,15,2001,신규,26.08~28.08,,,,,
강남구,11680,논현동,202607,연립다세대_전월세,참그린빌,논현동,176-1,29.55,,30500,0,3,31,2019,신규,26.09~28.09,,,,,
강남구,11680,역삼동,202607,연립다세대_전월세,베첼하우스,역삼동,725-43,21.95,,500,285,4,22,2016,신규,26.07~26.10,,,,,
강남구,11680,일원동,202607,연립다세대_전월세,인우하우스,일원동,623-19,15.2,,500,50,3,27,2026,신규,26.08~28.07,,,,,
강남구,11680,역삼동,202607,연립다세대_전월세,클로버빌딩,역삼동,791-11,49.95,,3000,154,5,6,2004,신규,26.09~28.09,,,,,
강남구,11680,역삼동,202607,연립다세대_전월세,(778-30),역삼동,778-30,23.95,,6900,76,2,25,2014,신규,26.08~27.07,,,,,
강남구,11680,대치동,202607,연립다세대_전월세,대원아트빌,대치동,954-14,32.9,,1000,77,2,17,2004,신규,26.07~28.07,,,,,
강남구,11680,역삼동,202607,연립다세대_전월세,마이플레이스,역삼동,792-7,28.8,,34000,0,2,24,2018,신규,26.08~28.08,,,,,
강남구,11680,삼성동,202607,연립다세대_전월세,정건물,삼성동,118-21,24.4,,12000,21,3,22,1996,신규,26.09~28.09,,,,,
강남구,11680,논현동,202607,연립다세대_전월세,에코빌,논현동,189-17,22.97,,0,73,2,17,2011,신규,26.07~27.07,,,,,
강남구,11680,개포동,202607,연립다세대_전월세,네비스빌,개포동,1252-6,66.64,,38850,10,2,25,2004,갱신,26.08~28.08,38850.0,,,,
강남구,11680,삼성동,202607,연립다세대_전월세,서명빌,삼성동,32-8,71.47,,15000,275,4,1,2023,신규,26.08~28.08,,,,,
강남구,11680,대치동,202607,연립다세대_전월세,(913-24),대치동,913-24,28.81,,5000,145,2,7,2016,신규,26.07~28.07,,,,,
강남구,11680,대치동,202607,연립다세대_전월세,경일빌라디동,대치동,984-11,61.35,,1000,130,2,23,1987,신규,26.08~28.08,,,,,
강남구,11680,논현동,202607,연립다세대_전월세,(156-13),논현동,156-13,54.02,,15000,0,4,29,2001,갱신,26.08~28.08,15000.0,,,,
강남구,11680,청담동,202607,연립다세대_전월세,구재옥건물,청담동,20-8,69.85,,35000,20,3,31,2003,갱신,26.08~28.08,35000.0,,,,
강남구,11680,역삼동,202607,연립다세대_전월세,(777-12),역삼동,777-12,42.55,,1000,80,2,31,2015,신규,26.07~26.09,,,,,
강남구,11680,일원동,202607,연립다세대_전월세,공간11,일원동,677-11,27.46,,5000,80,2,17,2018,신규,26.08~28.08,,,,,
강남구,11680,개포동,202607,연립다세대_전월세,파크타운,개포동,1200-10,73.03,,35500,0,2,20,2001,갱신,26.08~28.08,33900.0,,,,
강남구,11680,대치동,202607,연립다세대_전월세,효림빌,대치동,901-56,25.49,,15750,0,1,30,2001,신규,26.10~28.10,,,,,
강남구,11680,대치동,202607,연립다세대_전월세,아담크로스빌,대치동,932-16,21,,1000,66,3,29,2003,신규,26.08~28.08,,,,,
강남구,11680,삼성동,202607,연립다세대_전월세,수목하우스,삼성동,27-9,32.64,,2000,105,2,4,2004,갱신,26.07~28.07,2000.0,100.0,사용,,
강남구,11680,청담동,202607,연립다세대_전월세,효성빌라(33동),청담동,63,145.23,,85000,0,3,24,1983,신규,26.10~28.10,,,,,
강남구,11680,대치동,202607,연립다세대_전월세,경동아트빌,대치동,910-9,29.34,,2000,50,2,6,2000,신규,26.07~28.07,,,,,
강남구,11680,역삼동,202607,연립다세대_전월세,다빈치하우스,역삼동,729-2,36.53,,200,130,4,30,2002,신규,26.07~26.10,,,,,
강남구,11680,대치동,202607,연립다세대_전월세,풀하우스,대치동,934-27,23.42,,1000,75,3,28,2004,신규,26.08~28.08,,,,,
강남구,11680,개포동,202607,연립다세대_전월세,한별2,개포동,1237-7,29.98,,6929,39,3,3,2021,신규,26.08~28.08,,,,,
강남구,11680,일원동,202607,연립다세대_전월세,스타캐슬,일원동,625-10,29.75,,10000,140,4,25,2020,신규,26.10~28.10,,,,,
강남구,11680,대치동,202607,연립다세대_전월세,창전유니빌(901-68),대치동,901-68,15.77,,1000,60,2,16,2012,신규,26.08~28.07,,,,,
강남구,11680,역삼동,202607,연립다세대_전월세,강남IBC오피스텔,역삼동,648-1,23.09,,1000,97,13,9,1987,신규,26.07~27.07,,,,,
강남구,11680,청담동,202607,연립다세대_전월세,메종d헤브,청담동,112-28,35.605,,2000,164,3,9,2017,신규,26.08~27.08,,,,,
강남구,11680,논현동,202607,연립다세대_전월세,헬마빌논현3차,논현동,219-13,19.55,,100,100,4,25,2020,신규,26.08~26.10,,,,,
강남구,11680,역삼동,202607,연립다세대_전월세,역삼동한스빌라텔,역삼동,744,54.32,,27000,0,4,25,2000,갱신,26.07~28.08,25000.0,,,,
강남구,11680,일원동,202607,연립다세대_전월세,블리시움2차,일원동,633-4,26.3,,31500,0,1,30,2022,갱신,26.08~27.12,30000.0,,사용,,
강남구,11680,역삼동,202607,연립다세대_전월세,그레이스빌(774-15),역삼동,774-15,18.93,,1000,72,2,29,2013,신규,26.08~28.07,,,,,
강남구,11680,삼성동,202607,연립다세대_전월세,가원빌,삼성동,44-32,30.56,,19800,17,2,14,2004,신규,26.07~28.07,,,,,
강남구,11680,개포동,202607,연립다세대_전월세,다세대주택,개포동,1188-9,63.27,,3000,170,4,18,1994,신규,26.08~28.08,,,,,
강남구,11680,삼성동,202607,연립다세대_전월세,주양빌라,삼성동,91-5,47.71,,30000,0,1,14,1999,신규,26.09~28.09,,,,,
강남구,11680,역삼동,202607,연립다세대_전월세,태극아트빌,역삼동,830-36,84.15,,60000,50,3,4,2003,신규,26.09~28.09,,,,,
강남구,11680,대치동,202607,연립다세대_전월세,힐빌라트,대치동,896-12,33.285,,8000,50,3,26,2001,신규,26.09~28.09,,,,,
강남구,11680,역삼동,202607,연립다세대_전월세,콤포트빌,역삼동,687-17,57.57,,3000,154,2,17,2001,신규,26.08~28.07,,,,,
강남구,11680,역삼동,202607,연립다세대_전월세,로이코빌,역삼동,778-38,38.05,,38000,15,5,30,2018,갱신,26.09~28.09,38000.0,10.0,사용,,
강남구,11680,일원동,202607,연립다세대_전월세,한아름빌라,일원동,625-13,61.24,,26000,0,3,11,2002,갱신,26.07~28.07,25000.0,,,,
강남구,11680,대치동,202607,연립다세대_전월세,다세대주택(905-1),대치동,905-1,49.61,,30000,0,2,31,1986,신규,26.09~28.01,,,,,
강남구,11680,대치동,202607,연립다세대_전월세,스톤빌리지대치2차,대치동,934-8,58.52,,79800,0,3,31,2018,갱신,26.07~28.07,76000.0,,,,
강남구,11680,청담동,202607,연립다세대_전월세,(112-5),청담동,112-5,27.46,,16800,0,3,21,2012,갱신,26.08~27.08,16000.0,,사용,,
강남구,11680,대치동,202607,연립다세대_전월세,스톤빌리지대치2차,대치동,934-8,58.52,,79800,0,3,31,2018,갱신,26.07~28.07,76000.0,,,,
강남구,11680,역삼동,202607,연립다세대_전월세,루트원레지던스,역삼동,703-7,16.13,,18000,15,13,1,2012,갱신,26.07~27.07,18000.0,11.0,,,
강남구,11680,역삼동,202607,연립다세대_전월세,역삼동한스빌라텔,역삼동,744,40.86,,17000,0,2,31,2000,신규,26.07~28.07,,,,,
강남구,11680,개포동,202607,연립다세대_전월세,예가풍경채,개포동,1236-11,24.91,,33700,0,2,30,2018,갱신,26.09~28.09,31500.0,3.0,,,
강남구,11680,일원동,202607,연립다세대_전월세,청솔빌리지,일원동,739,59.75,,52090,0,1,24,1993,갱신,26.09~28.09,49610.0,,,,
강남구,11680,역삼동,202607,연립다세대_전월세,역삼동미까사도시형생활주택,역삼동,744-3,24.58,,23100,0,4,28,2013,신규,26.11~28.11,,,,,
강남구,11680,삼성동,202607,연립다세대_전월세,모젤하임,삼성동,36,59.61,,26000,140,5,10,2004,갱신,26.08~28.08,26000.0,135.0,,,
강남구,11680,논현동,202607,연립다세대_전월세,(156-13),논현동,156-13,62.11,,17000,0,3,31,2001,신규,26.09~28.09,,,,,
강남구,11680,개포동,202607,연립다세대_전월세,G-heim,개포동,1245-5,24.6,,26500,0,2,31,2017,신규,26.08~28.08,,,,,
강남구,11680,일원동,202607,연립다세대_전월세,라루체,일원동,634-9,15.7,,21500,0,2,10,2020,신규,26.07~28.07,,,,,
강남구,11680,세곡동,202607,연립다세대_전월세,강남효성해링턴코트,세곡동,541,105.8209,,140000,0,2,24,2016,신규,26.09~28.09,,,,,
강남구,11680,역삼동,202607,연립다세대_전월세,(704-37),역삼동,704-37,22.11,,13600,10,3,3,2011,갱신,26.07~28.07,13000.0,10.0,,,
강남구,11680,역삼동,202607,연립다세대_전월세,(684-0),역삼동,684,66.89,,27000,65,3,31,2001,신규,26.08~28.08,,,,,
강남구,11680,대치동,202607,연립다세대_전월세,효림빌,대치동,901-56,25.49,,15750,0,1,30,2001,신규,26.09~28.09,,,,,
강남구,11680,개포동,202607,연립다세대_전월세,세비앙,개포동,1255-5,45.37,,28455,0,4,16,2003,갱신,26.08~28.08,27100.0,,사용,,
강남구,11680,삼성동,202607,연립다세대_전월세,삼성더하임2차,삼성동,25-9,29.37,,50000,0,5,30,2021,신규,26.10~28.10,,,,,
강남구,11680,논현동,202607,연립다세대_전월세,(155-12),논현동,155-12,54.77,,170,70,-1,21,1986,신규,26.07~28.07,,,,,
강남구,11680,개포동,202607,연립다세대_전월세,광현빌라,개포동,1235-16,49.29,,30400,0,3,30,2001,갱신,26.08~28.08,29000.0,,사용,,
강남구,11680,역삼동,202607,연립다세대_전월세,행복한빌라,역삼동,655-19,31.68,,23940,4,3,30,2002,갱신,26.08~27.08,23940.0,4.0,,,
강남구,11680,일원동,202607,연립다세대_전월세,다세대주택,일원동,627-12,46.26,,500,95,1,2,1986,신규,26.09~28.09,,,,,
강남구,11680,삼성동,202607,연립다세대_전월세,희성,삼성동,40-9,24.46,,1000,130,3,14,2018,신규,26.07~27.07,,,,,
강남구,11680,청담동,202607,연립다세대_전월세,한양맨션나동,청담동,121-42,72.8,,45000,0,2,30,1982,갱신,26.07~28.07,41000.0,,,,
강남구,11680,역삼동,202607,연립다세대_전월세,서준빌라,역삼동,690-17,40.65,,24000,40,2,28,2000,신규,26.09~28.09,,,,,
강남구,11680,대치동,202607,연립다세대_전월세,(900-19),대치동,900-19,39.62,,19000,0,3,22,2002,신규,26.08~28.08,,,,,
강남구,11680,삼성동,202607,연립다세대_전월세,삼성빌라,삼성동,36-20,25.33,,1000,70,1,29,2001,신규,26.07~27.07,,,,,
강남구,11680,역삼동,202607,연립다세대_전월세,(796-2),역삼동,796-2,30.4,,4000,60,3,15,2004,신규,26.07~28.07,,,,,
강남구,11680,역삼동,202607,연립다세대_전월세,광평하우스빌,역삼동,835-33,35.68,,200,120,4,25,1997,신규,26.07~26.10,,,,,
강남구,11680,논현동,202607,연립다세대_전월세,논현정원빌라,논현동,193-6,61.01,,35000,0,4,29,1993,갱신,26.10~28.10,33000.0,,,,
강남구,11680,역삼동,202607,연립다세대_전월세,LOIHOUSE,역삼동,723-15,41.16,,2000,150,3,21,2018,갱신,26.09~27.09,2000.0,145.0,사용,,
강남구,11680,대치동,202607,연립다세대_전월세,라온빌,대치동,941-4,82.4,,68000,0,2,8,2006,갱신,26.10~28.09,65000.0,,사용,,
강남구,11680,개포동,202607,연립다세대_전월세,개포동1168-3,개포동,1168-3,48.791,,50000,0,4,13,2024,신규,26.09~28.09,,,,,
강남구,11680,역삼동,202607,연립다세대_전월세,역삼로제캐슬,역삼동,778-4,29.02,,31500,0,2,30,2022,신규,26.09~28.09,,,,,
강남구,11680,논현동,202607,연립다세대_전월세,(156-21),논현동,156-21,29.92,,16500,0,3,7,2002,신규,26.07~28.07,,,,,
강남구,11680,논현동,202607,연립다세대_전월세,레벤스바움,논현동,11-16,23.38,,25500,0,3,28,2013,신규,26.08~28.08,,,,,
강남구,11680,삼성동,202607,연립다세대_전월세,전원빌라트,삼성동,24-6,57.19,,20000,24,2,23,2005,갱신,26.09~28.09,20000.0,19.0,,,
강남구,11680,역삼동,202607,연립다세대_전월세,(792-4),역삼동,792-4,72.51,,2000,165,5,29,2002,신규,26.08~28.08,,,,,
강남구,11680,논현동,202607,연립다세대_전월세,데이지하우스,논현동,109-7,77.88,,42000,0,1,29,1987,갱신,26.08~28.08,40000.0,,사용,,
강남구,11680,논현동,202607,연립다세대_전월세,(140-17),논현동,140-17,28.6,,21520,0,2,29,2010,갱신,26.08~28.08,20490.0,0.0,,,
강남구,11680,대치동,202607,연립다세대_전월세,(955-8),대치동,955-8,16.67,,1000,70,4,1,2008,신규,26.07~28.07,,,,,
강남구,11680,역삼동,202607,연립다세대_전월세,다올2차,역삼동,745-35,25.21,,31500,0,2,28,2019,갱신,26.08~27.08,31500.0,,,,
강남구,11680,일원동,202607,연립다세대_전월세,대청빌라,일원동,625-12,37.66,,24303,0,2,28,2003,갱신,26.08~28.08,23153.0,,,,
강남구,11680,삼성동,202607,연립다세대_전월세,(76-11),삼성동,76-11,44.63,,30000,16,3,26,2004,갱신,26.08~28.08,30000.0,10.0,,,
강남구,11680,개포동,202607,연립다세대_전월세,파인힐레지던스개포,개포동,1168-2,27.45,,31600,10,2,29,2021,신규,26.08~28.08,,,,,
강남구,11680,도곡동,202607,연립다세대_전월세,주택B동,도곡동,415-4,78.81,,28000,160,1,7,1988,신규,26.08~28.08,,,,,
강남구,11680,역삼동,202607,연립다세대_전월세,초이스빌라,역삼동,656-28,65.88,,44000,13,3,29,1994,신규,26.08~28.08,,,,,
강남구,11680,논현동,202607,연립다세대_전월세,공간3차,논현동,270-2,22.61,,31000,0,2,29,2016,갱신,26.09~28.09,31000.0,,,,
강남구,11680,역삼동,202607,연립다세대_전월세,다빈치하우스,역삼동,729-2,36.53,,23000,0,5,28,2002,신규,26.09~28.09,,,,,
강남구,11680,개포동,202607,연립다세대_전월세,아무르하우스,개포동,1231-8,42.63,,29400,6,6,7,2015,갱신,26.08~28.08,29400.0,,사용,,
강남구,11680,논현동,202607,연립다세대_전월세,탑로얄빌,논현동,136-19,26.73,,3000,100,3,24,2016,신규,26.07~27.07,,,,,
강남구,11680,청담동,202607,연립다세대_전월세,고경빌,청담동,112-8,24.64,,3000,146,2,22,2017,신규,26.07~28.07,,,,,
강남구,11680,개포동,202607,연립다세대_전월세,새롬아트빌라,개포동,1208-1,33.12,,16400,0,1,27,1994,신규,26.08~28.08,,,,,
강남구,11680,역삼동,202607,연립다세대_전월세,(778-33),역삼동,778-33,76.83,,3000,187,4,25,1991,신규,26.09~28.09,,,,,
강남구,11680,대치동,202607,연립다세대_전월세,스타빌,대치동,953-14,39.67,,27000,0,2,28,2002,신규,26.09~28.09,,,,,
강남구,11680,일원동,202607,연립다세대_전월세,블루미어1차,일원동,673-2,37.69,,35000,0,4,28,2022,신규,26.09~28.09,,,,,
강남구,11680,개포동,202607,연립다세대_전월세,백왕,개포동,1207-4,49.74,,18000,15,3,25,1992,신규,26.08~28.08,,,,,
강남구,11680,역삼동,202607,연립다세대_전월세,(794-9),역삼동,794-9,58.16,,30000,5,3,16,2004,신규,26.10~28.10,,,,,
강남구,11680,신사동,202607,연립다세대_전월세,(506-2),신사동,506-2,43.55,,35000,0,4,22,2002,신규,26.09~28.09,,,,,
강남구,11680,대치동,202607,연립다세대_전월세,(900-19),대치동,900-19,39.62,,19000,0,3,22,2002,신규,26.08~28.08,,,,,
강남구,11680,논현동,202607,연립다세대_전월세,케아하우스23차,논현동,136-39,24.17,,21000,0,5,28,2013,신규,26.08~28.08,,,,,
강남구,11680,역삼동,202607,연립다세대_전월세,(834-61),역삼동,834-61,42.9,,25000,5,4,28,2002,갱신,26.08~28.08,25000.0,,,,
강남구,11680,역삼동,202607,연립다세대_전월세,서담villageB,역삼동,792-46,29.86,,3000,185,5,28,2018,갱신,26.09~28.09,3000.0,185.0,,,
강남구,11680,개포동,202607,연립다세대_전월세,장원,개포동,1219-3,51.51,,28000,20,6,25,2013,갱신,26.07~28.07,28000.0,20.0,,,
강남구,11680,개포동,202607,연립다세대_전월세,(1216-4),개포동,1216-4,36.52,,32000,0,3,28,2012,신규,26.07~27.07,,,,,
강남구,11680,역삼동,202607,연립다세대_전월세,드림하우스,역삼동,777-14,27.36,,16300,0,1,27,2000,신규,26.09~28.09,,,,,
강남구,11680,역삼동,202607,연립다세대_전월세,HAUSTEMC,역삼동,690-36,15.69,,2000,37,2,8,2010,갱신,26.07~27.07,2000.0,35.0,,,
강남구,11680,신사동,202607,연립다세대_전월세,신사리스빌,신사동,555-28,14.08,,11000,5,4,21,2013,갱신,26.09~28.08,11000.0,3.0,,,
강남구,11680,역삼동,202607,연립다세대_전월세,두산위브파빌리온역삼,역삼동,782,47.071,,10000,315,4,4,2025,신규,26.07~28.07,,,,,
강남구,11680,역삼동,202607,연립다세대_전월세,윤희빌,역삼동,651-13,48.71,,1000,135,1,18,2002,신규,26.07~28.07,,,,,
강남구,11680,대치동,202607,연립다세대_전월세,리더캐슬(916-32),대치동,916-32,43.55,,20000,198,5,24,2021,신규,26.08~28.08,,,,,
강남구,11680,도곡동,202607,연립다세대_전월세,도곡르비앙,도곡동,951-7,19.58,,1000,70,4,28,2013,갱신,26.07~27.07,1000.0,68.0,,,
강남구,11680,역삼동,202607,연립다세대_전월세,(752-4),역삼동,752-4,42.02,,24000,0,3,25,2013,갱신,26.08~28.08,23000.0,,,,
강남구,11680,논현동,202607,연립다세대_전월세,메리디엄타워,논현동,20-10,39.51,,1000,260,5,22,2019,신규,26.07~27.07,,,,,
강남구,11680,논현동,202607,연립다세대_전월세,구정빌라트(172-14),논현동,172-14,63.61,,1000,93,3,22,2003,신규,26.07~27.07,,,,,
강남구,11680,일원동,202607,연립다세대_전월세,다세대,일원동,642-8,44.96,,21500,0,1,25,1986,갱신,26.09~28.09,20500.0,,사용,,
강남구,11680,삼성동,202607,연립다세대_전월세,남도빌라,삼성동,92-2,52.53,,2000,180,2,27,1992,신규,26.08~28.08,,,,,
강남구,11680,역삼동,202607,연립다세대_전월세,행복한빌라,역삼동,655-19,33.8,,26250,10,2,20,2002,갱신,26.08~28.08,25000.0,10.0,,,
강남구,11680,역삼동,202607,연립다세대_전월세,(656-4),역삼동,656-4,22.81,,1000,102,2,17,2017,신규,26.07~27.07,,,,,
강남구,11680,역삼동,202607,연립다세대_전월세,691-8,역삼동,691-8,27.7,,17000,60,1,27,2017,갱신,26.07~27.07,12000.0,80.0,,,
강남구,11680,역삼동,202607,연립다세대_전월세,역삼동792-22공동주택(오정훈),역삼동,792-22,20.9,,1000,66,2,4,2010,신규,26.07~28.07,,,,,
강남구,11680,삼성동,202607,연립다세대_전월세,봉은빌리지,삼성동,77-19,48.87,,3000,145,2,23,1986,신규,26.07~28.07,,,,,
강남구,11680,역삼동,202607,연립다세대_전월세,성민빌라,역삼동,643-4,22.69,,1000,63,3,15,1996,신규,26.07~27.07,,,,,
강남구,11680,일원동,202607,연립다세대_전월세,청솔빌리지,일원동,739,59.75,,60375,0,3,20,1993,갱신,26.08~28.08,57500.0,,사용,,
강남구,11680,논현동,202607,연립다세대_전월세,PAVILLON 188,논현동,188-10,28.02,,2000,225,5,22,2022,신규,26.07~27.07,,,,,
강남구,11680,역삼동,202607,연립다세대_전월세,나폴리빌라,역삼동,698-5,85.8,,2000,180,4,9,2002,신규,26.07~28.07,,,,,
강남구,11680,대치동,202607,연립다세대_전월세,대치동926-6다세대주택,대치동,926-6,25.76,,500,160,1,17,2023,신규,26.08~27.04,,,,,
강남구,11680,도곡동,202607,연립다세대_전월세,도곡파크,도곡동,413-8,15.47,,15000,0,2,25,2013,신규,26.08~28.08,,,,,
강남구,11680,논현동,202607,연립다세대_전월세,위너스하임,논현동,232-16,27.26,,26604,28,4,24,2016,갱신,26.08~28.08,25000.0,28.0,,,
강남구,11680,청담동,202607,연립다세대_전월세,청담스카이빌(34-5),청담동,34-5,23.18,,1000,95,3,8,2002,신규,26.07~28.03,,,,,
강남구,11680,논현동,202607,연립다세대_전월세,모던클래식하우스,논현동,229-17,30.88,,47000,0,5,21,2019,신규,26.08~27.08,,,,,
강남구,11680,역삼동,202607,연립다세대_전월세,로얄펠리스,역삼동,782-7,26.03,,10000,50,3,24,2014,신규,26.08~28.08,,,,,
강남구,11680,역삼동,202607,연립다세대_전월세,프리타운빌라트,역삼동,774-13,125.67,,52500,0,5,24,1997,갱신,26.08~28.08,50000.0,,사용,,
강남구,11680,일원동,202607,연립다세대_전월세,청솔빌리지,일원동,739,59.75,,51450,0,3,23,1993,갱신,26.08~28.07,49000.0,,사용,,
강남구,11680,논현동,202607,연립다세대_전월세,백년빌,논현동,158-26,24.73,,4072,17,2,27,2021,갱신,26.08~28.07,105.0,39.0,,,
강남구,11680,삼성동,202607,연립다세대_전월세,현대빌리지,삼성동,95-2,74.9,,62000,0,2,25,1994,신규,26.09~28.09,,,,,
강남구,11680,도곡동,202607,연립다세대_전월세,도곡파크,도곡동,413-8,15.47,,15000,0,2,25,2013,신규,26.08~28.08,,,,,
강남구,11680,신사동,202607,연립다세대_전월세,청운빌딩,신사동,566-3,41.89,,20000,0,4,25,2002,신규,26.08~28.08,,,,,
강남구,11680,역삼동,202607,연립다세대_전월세,현대아트빌,역삼동,729-41,31.69,,19000,10,2,24,1996,신규,26.08~28.08,,,,,
강남구,11680,역삼동,202607,연립다세대_전월세,(687-12),역삼동,687-12,54.4,,2000,140,1,11,2002,신규,26.07~27.07,,,,,
강남구,11680,역삼동,202607,연립다세대_전월세,역삼더하임,역삼동,774-40,29.82,,39000,20,2,24,2020,신규,26.09~28.08,,,,,
강남구,11680,대치동,202607,연립다세대_전월세,하이빌,대치동,909-12,57.89,,3000,158,3,23,2005,신규,26.09~28.09,,,,,
강남구,11680,개포동,202607,연립다세대_전월세,파인힐레지던스개포,개포동,1168-2,27.45,,32600,0,2,24,2021,신규,26.08~28.08,,,,,
강남구,11680,역삼동,202607,연립다세대_전월세,그랜드빌,역삼동,765,32.31,,1000,200,6,18,2023,신규,26.07~26.09,,,,,
강남구,11680,역삼동,202607,연립다세대_전월세,성진빌라,역삼동,774-8,37.56,,1000,110,3,2,2004,신규,26.07~27.07,,,,,
강남구,11680,도곡동,202607,연립다세대_전월세,천성빌딩,도곡동,959-20,53.8,,10000,109,5,11,2003,신규,26.09~28.09,,,,,
강남구,11680,삼성동,202607,연립다세대_전월세,정건물,삼성동,118-21,24.4,,12000,21,3,22,1996,신규,26.08~28.08,,,,,
강남구,11680,개포동,202607,연립다세대_전월세,우성파크빌라(161-0),개포동,161,31.2,,9000,51,2,23,1993,신규,26.08~28.08,,,,,
강남구,11680,삼성동,202607,연립다세대_전월세,금비하우스,삼성동,40-14,43.86,,3000,96,2,18,2002,신규,26.07~28.07,,,,,
강남구,11680,역삼동,202607,연립다세대_전월세,(728-31),역삼동,728-31,43.29,,26200,0,4,6,2003,갱신,26.09~28.09,26200.0,,,,
강남구,11680,대치동,202607,연립다세대_전월세,필하우스,대치동,901-22,30.24,,16000,5,3,24,2001,신규,26.09~28.09,,,,,
강남구,11680,역삼동,202607,연립다세대_전월세,781-37,역삼동,781-37,56.29,,61000,0,5,20,2017,신규,26.10~28.10,,,,,
강남구,11680,역삼동,202607,연립다세대_전월세,(743-4),역삼동,743-4,34.62,,1757,47,3,23,2021,갱신,26.08~28.07,4101.0,42.0,,,
강남구,11680,대치동,202607,연립다세대_전월세,필하우스,대치동,901-22,30.24,,14000,16,4,13,2001,신규,26.08~28.08,,,,,
강남구,11680,청담동,202607,연립다세대_전월세,메종d헤브,청담동,112-28,35.605,,2000,173,4,20,2017,신규,26.07~27.07,,,,,
강남구,11680,도곡동,202607,연립다세대_전월세,희망빌딩,도곡동,415,13.73,,11150,0,3,22,2013,갱신,26.09~28.09,11000.0,,,,
강남구,11680,삼성동,202607,연립다세대_전월세,피카소,삼성동,48-7,29.3,,44000,0,2,22,2022,신규,26.08~28.08,,,,,
강남구,11680,개포동,202607,연립다세대_전월세,천일빌딩,개포동,1231-20,56.82,,41000,0,4,23,2003,갱신,26.07~28.07,39000.0,,,,
강남구,11680,일원동,202607,연립다세대_전월세,골드캐슬,일원동,656-12,29.89,,29400,0,3,23,2021,갱신,26.08~28.08,28000.0,,사용,,
강남구,11680,대치동,202607,연립다세대_전월세,정우빌라,대치동,916-53,36.135,,18000,23,2,22,1997,신규,26.09~28.11,,,,,
강남구,11680,역삼동,202607,연립다세대_전월세,엔트라움,역삼동,778-15,29.27,,28516,32,2,23,2020,신규,26.07~28.09,,,,,
강남구,11680,대치동,202607,연립다세대_전월세,(955-8),대치동,955-8,16.04,,11000,10,3,22,2008,신규,26.08~28.08,,,,,
강남구,11680,개포동,202607,연립다세대_전월세,소망빌라B동(162-4),개포동,162-4,71.99,,20000,80,4,20,1995,신규,26.08~28.08,,,,,
강남구,11680,역삼동,202607,연립다세대_전월세,엔트라움,역삼동,778-15,29.78,,28144,32,2,23,2020,신규,26.07~28.09,,,,,
강남구,11680,개포동,202607,연립다세대_전월세,우성파크빌라(161-0),개포동,161,31.2,,9000,51,2,22,1993,신규,26.08~28.08,,,,,
강남구,11680,역삼동,202607,연립다세대_전월세,요셉드림빌,역삼동,794-12,30,,12000,54,2,18,2002,갱신,26.08~28.08,12000.0,50.0,,,
강남구,11680,역삼동,202607,연립다세대_전월세,강남IBC오피스텔,역삼동,648-1,23.21,,1000,97,13,22,1987,갱신,26.09~27.09,1000.0,97.0,사용,,
강남구,11680,역삼동,202607,연립다세대_전월세,연포빌라,역삼동,766-9,34.33,,15000,50,3,22,1996,신규,26.09~28.09,,,,,
강남구,11680,논현동,202607,연립다세대_전월세,(113-11),논현동,113-11,29.76,,26000,5,3,18,2009,갱신,26.07~28.07,26000.0,,,,
강남구,11680,역삼동,202607,연립다세대_전월세,제이플러스,역삼동,687-8,24.96,,1000,110,3,15,2015,신규,26.07~27.07,,,,,
강남구,11680,삼성동,202607,연립다세대_전월세,삼성리더스빌,삼성동,91-15,83.59,,59500,0,2,22,1997,갱신,26.08~28.08,58000.0,,,,
강남구,11680,역삼동,202607,연립다세대_전월세,레전드힐,역삼동,765-15,21.56,,1000,86,4,15,2013,신규,26.07~27.07,,,,,
강남구,11680,일원동,202607,연립다세대_전월세,(651-2),일원동,651-2,60.48,,30000,47,2,20,2001,갱신,26.07~28.07,30000.0,39.0,,,
강남구,11680,개포동,202607,연립다세대_전월세,유림아트가동,개포동,1207-1,54.3,,38000,0,1,17,1991,신규,26.09~28.09,,,,,
강남구,11680,논현동,202607,연립다세대_전월세,(272-15),논현동,272-15,65.05,,41895,0,3,22,2008,신규,26.09~28.09,,,,,
강남구,11680,삼성동,202607,연립다세대_전월세,삼성리더스빌,삼성동,91-15,26.28,,15120,0,4,20,1997,갱신,26.08~28.07,14470.0,,,,
강남구,11680,삼성동,202607,연립다세대_전월세,(112-18),삼성동,112-18,27.83,,3000,150,2,22,2017,신규,26.08~28.08,,,,,
강남구,11680,세곡동,202607,연립다세대_전월세,강남효성해링턴코트,세곡동,541,105.4698,,135000,0,1,20,2016,갱신,26.11~28.11,130000.0,,,,
강남구,11680,논현동,202607,연립다세대_전월세,GoodLife빌딩,논현동,136-21,83.01,,5000,320,4,2,2004,신규,26.07~28.07,,,,,
강남구,11680,역삼동,202607,연립다세대_전월세,(728-19),역삼동,728-19,18.76,,120,100,2,7,2016,신규,26.07~26.10,,,,,
강남구,11680,역삼동,202607,연립다세대_전월세,수림하우스,역삼동,673-14,68.25,,2000,200,2,7,2002,신규,26.07~27.07,,,,,
강남구,11680,대치동,202607,연립다세대_전월세,대치써니빌,대치동,905-7,75.48,,30000,100,2,5,2002,신규,26.08~28.08,,,,,
강남구,11680,일원동,202607,연립다세대_전월세,팰리체,일원동,642-5,20.77,,24800,0,3,20,2020,갱신,26.08~27.01,23800.0,,,,
강남구,11680,삼성동,202607,연립다세대_전월세,봉은사로461주상복합(주식회사프레스티지),삼성동,45-9,30.74,,2000,166,12,8,2017,신규,26.07~27.07,,,,,
강남구,11680,역삼동,202607,연립다세대_전월세,RAUM,역삼동,704-43,19.8,,2000,69,2,20,2012,신규,26.07~27.07,,,,,
강남구,11680,역삼동,202607,연립다세대_전월세,요셉드림빌,역삼동,794-12,30,,12000,35,3,18,2002,갱신,26.08~28.08,13000.0,23.0,,,
강남구,11680,일원동,202607,연립다세대_전월세,휴먼하우스,일원동,631-10,21.88,,23700,6,4,16,2021,신규,26.08~28.08,,,,,
강남구,11680,논현동,202607,연립다세대_전월세,희준빌,논현동,173-5,28.37,,3769,39,3,21,2022,신규,26.08~28.10,,,,,
강남구,11680,역삼동,202607,연립다세대_전월세,(743-4),역삼동,743-4,31.72,,2552,45,5,22,2021,갱신,26.08~28.07,4072.0,42.0,,,
강남구,11680,논현동,202607,연립다세대_전월세,백년빌,논현동,158-26,24.73,,3269,34,3,22,2021,신규,26.08~28.10,,,,,
강남구,11680,개포동,202607,연립다세대_전월세,모아빌,개포동,1255-1,44.3,,19000,12,2,22,2003,신규,26.09~28.09,,,,,
강남구,11680,역삼동,202607,연립다세대_전월세,서전빌,역삼동,697-21,53.01,,10000,128,2,21,2004,갱신,26.09~28.09,10000.0,120.0,사용,,
강남구,11680,개포동,202607,연립다세대_전월세,장원빌라,개포동,166-3,45.5,,23000,0,5,18,2003,갱신,26.08~28.08,22000.0,,사용,,
강남구,11680,개포동,202607,연립다세대_전월세,그린하우스,개포동,1263-6,44.05,,3000,94,2,1,2004,신규,26.08~28.08,,,,,
강남구,11680,개포동,202607,연립다세대_전월세,1213,개포동,1213,49.99,,30000,120,4,21,2016,갱신,26.08~28.08,49350.0,,,,
강남구,11680,도곡동,202607,연립다세대_전월세,주택B동,도곡동,415-4,78.81,,28000,160,1,7,1988,신규,26.08~28.08,,,,,
강남구,11680,역삼동,202607,연립다세대_전월세,그레이스빌(774-15),역삼동,774-15,15.59,,1000,71,4,15,2013,갱신,26.07~28.07,1000.0,70.0,,,
강남구,11680,논현동,202607,연립다세대_전월세,유진빌라트,논현동,157-24,49.12,,200,130,3,7,2003,신규,26.07~26.10,,,,,
강남구,11680,논현동,202607,연립다세대_전월세,행복한집,논현동,103-8,55.67,,32300,0,2,21,2008,신규,26.08~28.08,,,,,
강남구,11680,역삼동,202607,연립다세대_전월세,미도휴먼빌,역삼동,796-14,42.32,,58000,25,5,21,2017,갱신,26.11~28.11,56000.0,25.0,,,
강남구,11680,역삼동,202607,연립다세대_전월세,역삼다산빌라,역삼동,780-46,29.68,,23000,0,2,21,2016,신규,26.10~28.09,,,,,
강남구,11680,일원동,202607,연립다세대_전월세,649-8,일원동,649-8,27.79,,31500,0,2,20,2020,신규,26.08~28.08,,,,,
강남구,11680,삼성동,202607,연립다세대_전월세,(123-2),삼성동,123-2,45.65,,37720,0,3,10,2014,갱신,26.08~28.07,37720.0,,사용,,
강남구,11680,대치동,202607,연립다세대_전월세,창전유니빌,대치동,932-21,25.48,,15200,6,3,18,2002,갱신,26.09~28.09,15200.0,6.0,,,
강남구,11680,논현동,202607,연립다세대_전월세,아이앤지,논현동,224-14,18.63,,1000,80,3,21,2012,신규,26.07~27.07,,,,,
강남구,11680,논현동,202607,연립다세대_전월세,우림빌,논현동,182-6,14.06,,14860,7,2,13,2014,갱신,26.08~28.08,13860.0,10.0,,,
강남구,11680,삼성동,202607,연립다세대_전월세,선덕빌,삼성동,39-4,26.3,,1000,85,3,14,2003,신규,26.07~27.07,,,,,
강남구,11680,대치동,202607,연립다세대_전월세,엘림타운,대치동,900-26,33.82,,15140,0,2,21,2000,신규,26.08~28.08,,,,,
강남구,11680,역삼동,202607,연립다세대_전월세,마이플레이스,역삼동,745-24,27.78,,2000,180,2,7,2018,신규,26.07~27.07,,,,,
강남구,11680,논현동,202607,연립다세대_전월세,L-House,논현동,174-19,29.97,,200,120,3,15,2016,신규,26.07~26.10,,,,,
강남구,11680,역삼동,202607,연립다세대_전월세,체이스빌리지,역삼동,741-18,26.44,,500,80,3,11,2002,신규,26.07~27.07,,,,,
강남구,11680,개포동,202607,연립다세대_전월세,명진빌라,개포동,1178-2,38.76,,10000,40,1,21,1990,신규,26.08~28.08,,,,,
강남구,11680,역삼동,202607,연립다세대_전월세,하나빌라,역삼동,682-4,40.44,,3000,75,2,10,2002,신규,26.07~28.07,,,,,
강남구,11680,역삼동,202607,연립다세대_전월세,하이빌,역삼동,792-31,93.72,,5000,136,4,18,2002,신규,26.08~28.08,,,,,
강남구,11680,논현동,202607,연립다세대_전월세,주은빌(185-9),논현동,185-9,43.91,,30400,0,2,13,2008,갱신,26.08~28.08,29400.0,,,,
강남구,11680,대치동,202607,연립다세대_전월세,예담빌,대치동,957-19,29.67,,12000,40,3,20,2002,신규,26.08~28.08,,,,,
강남구,11680,논현동,202607,연립다세대_전월세,벨라움,논현동,158-15,19.55,,27000,0,4,11,2020,갱신,26.07~28.07,39500.0,,사용,,
강남구,11680,역삼동,202607,연립다세대_전월세,힐스테이트2,역삼동,693-6,30,,2000,145,5,20,2015,신규,26.08~28.08,,,,,
강남구,11680,역삼동,202607,연립다세대_전월세,글로리아스위트,역삼동,835-61,54.32,,27000,0,4,5,2004,갱신,26.07~28.07,26000.0,,,,
강남구,11680,대치동,202607,연립다세대_전월세,경남타운,대치동,967-10,68.31,,32000,90,3,17,1988,신규,26.09~28.09,,,,,
강남구,11680,개포동,202607,연립다세대_전월세,청솔아트빌A동,개포동,1214-3,45.84,,15000,0,1,17,1995,갱신,26.08~28.08,15000.0,,사용,,
강남구,11680,일원동,202607,연립다세대_전월세,워너빌어반스위트,일원동,642-13,25.13,,28000,0,2,16,2021,신규,26.08~28.08,,,,,
강남구,11680,역삼동,202607,연립다세대_전월세,수목써미트빌,역삼동,794-20,65.1,,10000,110,2,13,2002,신규,26.08~28.08,,,,,
강남구,11680,역삼동,202607,연립다세대_전월세,역삼동698-19공동주택(백승완),역삼동,698-19,22.42,,0,140,5,13,2016,신규,26.07~26.10,,,,,
강남구,11680,논현동,202607,연립다세대_전월세,꿈꾸지오(268-9),논현동,268-9,19.89,,29000,0,6,20,2017,갱신,26.10~28.10,29000.0,,,,
강남구,11680,역삼동,202607,연립다세대_전월세,(685-1),역삼동,685-1,25.8,,200,115,3,2,2017,신규,26.07~26.10,,,,,
강남구,11680,논현동,202607,연립다세대_전월세,(139-26),논현동,139-26,52.08,,21500,0,2,20,1986,갱신,26.07~28.07,18000.0,,,,
강남구,11680,삼성동,202607,연립다세대_전월세,삼성빌리지(145-10),삼성동,145-10,79.14,,20000,200,4,8,1998,신규,26.08~28.08,,,,,
강남구,11680,일원동,202607,연립다세대_전월세,휴먼하우스,일원동,631-10,21.88,,25000,0,4,16,2021,신규,26.08~28.08,,,,,
강남구,11680,대치동,202607,연립다세대_전월세,(971-6),대치동,971-6,56.88,,40000,30,1,18,1995,갱신,26.09~28.09,40000.0,20.0,사용,,
강남구,11680,대치동,202607,연립다세대_전월세,서울유니빌,대치동,914-16,35.27,,3000,135,4,1,2015,신규,26.07~28.07,,,,,
강남구,11680,역삼동,202607,연립다세대_전월세,호아빌라트,역삼동,637-44,21.86,,1000,79,2,12,2002,신규,26.07~28.07,,,,,
강남구,11680,일원동,202607,연립다세대_전월세,646-1,일원동,646-1,29.43,,27000,5,3,15,2019,갱신,26.08~28.08,27000.0,,,,
강남구,11680,역삼동,202607,연립다세대_전월세,사르리1,역삼동,728-37,25.01,,500,88,3,13,2002,신규,26.07~27.07,,,,,
강남구,11680,논현동,202607,연립다세대_전월세,그린빌비동,논현동,264-4,28.71,,30450,0,5,14,2016,갱신,26.07~28.07,30450.0,,,,
강남구,11680,일원동,202607,연립다세대_전월세,646-1,일원동,646-1,23.16,,3780,83,3,15,2019,갱신,26.08~28.08,3780.0,78.0,,,
강남구,11680,일원동,202607,연립다세대_전월세,이도가,일원동,631-3,23.22,,30000,6,4,15,2021,갱신,26.07~28.07,30000.0,,,,
강남구,11680,역삼동,202607,연립다세대_전월세,마이플레이스,역삼동,792-7,27.54,,33000,0,4,18,2018,신규,26.09~28.09,,,,,
강남구,11680,삼성동,202607,연립다세대_전월세,진호빌라,삼성동,34-24,24.31,,15300,0,2,20,1996,갱신,26.09~28.09,14800.0,,사용,,
강남구,11680,삼성동,202607,연립다세대_전월세,풀하우스,삼성동,47-19,59.76,,30000,48,3,18,2003,갱신,26.08~28.08,3000.0,160.0,,,
강남구,11680,역삼동,202607,연립다세대_전월세,호야하우스역삼,역삼동,778-24,28.32,,5000,125,5,2,2017,신규,26.07~28.07,,,,,
강남구,11680,논현동,202607,연립다세대_전월세,파크빌,논현동,272-8,16.82,,1000,65,2,16,2013,신규,26.08~28.07,,,,,
강남구,11680,대치동,202607,연립다세대_전월세,그레이스빌(928-8),대치동,928-8,38.27,,200,179,2,5,2002,신규,26.07~26.11,,,,,
강남구,11680,역삼동,202607,연립다세대_전월세,씨엘타운C동,역삼동,629-21,28.59,,1000,85,3,16,2002,신규,26.08~28.08,,,,,
강남구,11680,개포동,202607,연립다세대_전월세,평화빌라C동,개포동,160-8,79.5,,44000,0,2,18,1993,갱신,26.07~28.07,42000.0,,사용,,
강남구,11680,개포동,202607,연립다세대_전월세,베네스트빌,개포동,1179-6,44.28,,27800,5,2,20,2002,갱신,26.08~28.08,27800.0,,사용,,
강남구,11680,역삼동,202607,연립다세대_전월세,강남IBC오피스텔,역삼동,648-1,19.6,,1000,92,14,20,1987,신규,26.07~27.07,,,,,
강남구,11680,개포동,202607,연립다세대_전월세,호원빌,개포동,1171-9,45.395,,27000,9,2,14,2016,갱신,26.07~28.07,25900.0,8.0,,,
강남구,11680,도곡동,202607,연립다세대_전월세,도곡동948-30공동주택(부백),도곡동,948-30,26.1,,26750,0,4,18,2016,신규,26.09~28.09,,,,,
강남구,11680,삼성동,202607,연립다세대_전월세,드림하우스(26-19),삼성동,26-19,48.56,,25200,0,3,17,2002,갱신,26.09~28.09,25200.0,,사용,,
강남구,11680,역삼동,202607,연립다세대_전월세,HELENHILL,역삼동,643-13,28.36,,31000,0,3,16,2016,신규,26.09~28.09,,,,,
강남구,11680,역삼동,202607,연립다세대_전월세,일송빌딩,역삼동,663-26,39.46,,2000,100,4,8,2004,신규,26.07~28.07,,,,,
강남구,11680,논현동,202607,연립다세대_전월세,카사빌,논현동,102-15,54.24,,28500,0,2,15,2003,신규,26.10~28.10,,,,,
강남구,11680,역삼동,202607,연립다세대_전월세,단산하이츠,역삼동,766-16,29.11,,1500,75,5,7,2001,신규,26.07~28.07,,,,,
강남구,11680,삼성동,202607,연립다세대_전월세,남도빌라,삼성동,92-2,52.53,,2000,143,1,6,1992,갱신,26.07~27.07,2000.0,136.0,,,
강남구,11680,개포동,202607,연립다세대_전월세,에이스빌라,개포동,1169-10,39.26,,25000,0,2,16,2001,신규,26.08~28.08,,,,,
강남구,11680,논현동,202607,연립다세대_전월세,해찬빌,논현동,11-15,18.75,,12000,43,4,16,2012,신규,26.08~28.08,,,,,
강남구,11680,논현동,202607,연립다세대_전월세,미소지움,논현동,193-31,79.39,,45000,0,4,6,2008,신규,26.09~28.09,,,,,
강남구,11680,일원동,202607,연립다세대_전월세,(664-0),일원동,664,24.846,,29000,0,2,11,2021,갱신,26.08~28.08,28000.0,,,,
강남구,11680,역삼동,202607,연립다세대_전월세,진양하우스,역삼동,693-1,30.75,,20000,0,3,15,2002,갱신,26.07~28.07,20000.0,,,,
강남구,11680,논현동,202607,연립다세대_전월세,나인빌,논현동,110-17,45.5,,30000,5,2,14,2002,신규,26.10~28.10,,,,,
강남구,11680,일원동,202607,연립다세대_전월세,루나빌리지,일원동,686,24.6,,30000,0,3,3,2021,신규,26.07~27.07,,,,,
강남구,11680,대치동,202607,연립다세대_전월세,파인빌라,대치동,916-58,41.85,,28000,5,3,15,1996,갱신,26.07~28.07,28000.0,,사용,,
강남구,11680,역삼동,202607,연립다세대_전월세,꿈꾸지오(794-21),역삼동,794-21,25.57,,31200,0,4,3,2019,신규,26.07~28.07,,,,,
강남구,11680,역삼동,202607,연립다세대_전월세,카사모노(CASAMONO),역삼동,658-17,18.56,,1000,95,3,15,2013,신규,26.07~28.07,,,,,
강남구,11680,일원동,202607,연립다세대_전월세,청솔빌리지,일원동,739,59.75,,60000,0,1,11,1993,신규,26.07~28.07,,,,,
강남구,11680,도곡동,202607,연립다세대_전월세,금문빌라,도곡동,457-13,84.78,,30000,130,3,7,1994,갱신,26.08~28.07,30000.0,120.0,,,
강남구,11680,청담동,202607,연립다세대_전월세,시우빌,청담동,13-39,29.35,,3000,130,3,13,2019,신규,26.07~27.07,,,,,
강남구,11680,대치동,202607,연립다세대_전월세,(959-15),대치동,959-15,29.32,,12000,20,2,14,2000,신규,26.08~28.08,,,,,
강남구,11680,역삼동,202607,연립다세대_전월세,ACROSVILL,역삼동,766-1,54.62,,50000,0,4,11,2002,신규,26.09~28.09,,,,,
강남구,11680,신사동,202607,연립다세대_전월세,연하우스,신사동,523-35,55,,39250,0,3,15,2004,갱신,26.08~28.08,37750.0,,,,
강남구,11680,역삼동,202607,연립다세대_전월세,(792-24),역삼동,792-24,47.36,,16000,0,5,9,2002,신규,26.08~28.08,,,,,
강남구,11680,역삼동,202607,연립다세대_전월세,다솜,역삼동,774-42,28.48,,35000,0,4,15,2021,신규,26.08~28.08,,,,,
강남구,11680,논현동,202607,연립다세대_전월세,(134-9),논현동,134-9,29.02,,1000,69,3,8,2002,신규,26.07~27.07,,,,,
강남구,11680,대치동,202607,연립다세대_전월세,(955-4),대치동,955-4,71.22,,54000,0,2,13,2005,신규,26.09~28.09,,,,,
강남구,11680,청담동,202607,연립다세대_전월세,청담동39-11근생및도시형생활주택(유제우),청담동,39-11,19.82,,1000,80,3,5,2013,신규,26.07~28.07,,,,,
강남구,11680,일원동,202607,연립다세대_전월세,블루미어1차,일원동,673-2,29.95,,31000,0,3,15,2022,갱신,26.07~28.07,30000.0,,사용,,
강남구,11680,일원동,202607,연립다세대_전월세,삼삼빌2차,일원동,636-6,29.93,,5000,126,5,15,2018,신규,26.09~28.09,,,,,
강남구,11680,논현동,202607,연립다세대_전월세,L-House,논현동,174-19,29.98,,200,120,4,9,2016,신규,26.07~26.10,,,,,
강남구,11680,역삼동,202607,연립다세대_전월세,집앤사파시앙스,역삼동,780-11,26.38,,40000,0,6,3,2026,신규,26.07~28.07,,,,,
강남구,11680,역삼동,202607,연립다세대_전월세,역삼하이팰리스A동,역삼동,695-17,26.78,,3000,250,2,13,2025,신규,26.08~28.08,,,,,
강남구,11680,논현동,202607,연립다세대_전월세,정원빌리지,논현동,268-6,63.75,,61000,0,3,14,2016,갱신,26.09~28.09,54000.0,,,,
강남구,11680,삼성동,202607,연립다세대_전월세,동궁빌라,삼성동,96-14,68.16,,23000,60,2,11,1986,신규,26.07~28.07,,,,,
강남구,11680,역삼동,202607,연립다세대_전월세,역삼동한스빌라텔,역삼동,744,40.86,,16000,0,4,14,2000,갱신,26.07~28.03,14000.0,,,,
강남구,11680,대치동,202607,연립다세대_전월세,청도빌리지,대치동,901-60,20.99,,15000,16,2,14,2002,신규,26.08~28.08,,,,,
강남구,11680,일원동,202607,연립다세대_전월세,(623-1),일원동,623-1,45.36,,29000,0,2,14,1987,갱신,26.08~27.08,26250.0,,,,
강남구,11680,대치동,202607,연립다세대_전월세,리더캐슬(916-32),대치동,916-32,43.55,,59800,0,6,9,2021,갱신,26.08~28.08,57000.0,,사용,,
강남구,11680,논현동,202607,연립다세대_전월세,벨라움,논현동,158-15,19.55,,27000,0,4,11,2020,갱신,26.08~28.08,39500.0,,,,
강남구,11680,일원동,202607,연립다세대_전월세,THELOUNGECHAPTER3,일원동,670-4,35.68,,38000,0,2,14,2022,신규,26.10~28.10,,,,,
강남구,11680,대치동,202607,연립다세대_전월세,(896-24),대치동,896-24,33.08,,18000,0,2,13,2000,신규,26.08~28.08,,,,,
강남구,11680,대치동,202607,연립다세대_전월세,예원HOUSE,대치동,916-79,45,,35000,0,3,3,2013,신규,26.08~28.08,,,,,
강남구,11680,역삼동,202607,연립다세대_전월세,역삼위너스하임 가동,역삼동,655-14,29.53,,35000,0,3,14,2017,갱신,26.08~28.08,33000.0,,,,
강남구,11680,역삼동,202607,연립다세대_전월세,역삼로제캐슬,역삼동,778-4,29.78,,30000,26,3,14,2022,신규,26.08~28.08,,,,,
강남구,11680,역삼동,202607,연립다세대_전월세,오크빌,역삼동,793-3,65.12,,35000,5,4,7,2003,신규,26.08~28.08,,,,,
강남구,11680,논현동,202607,연립다세대_전월세,(172-5),논현동,172-5,33.44,,21000,0,2,14,2013,갱신,26.07~27.07,20000.0,,,,
강남구,11680,도곡동,202607,연립다세대_전월세,(552-17),도곡동,552-17,14.12,,1000,62,2,10,2013,신규,26.07~27.07,,,,,
강남구,11680,청담동,202607,연립다세대_전월세,우성빌라(라동),청담동,128-13,60.51,,4000,155,1,14,1991,갱신,26.07~28.07,4000.0,150.0,사용,,
강남구,11680,삼성동,202607,연립다세대_전월세,계림빌,삼성동,152-58,93.6,,47400,0,4,13,2002,갱신,26.07~28.07,45150.0,,사용,,
강남구,11680,일원동,202607,연립다세대_전월세,휴먼하우스,일원동,631-10,21.88,,25000,0,4,13,2021,신규,26.08~28.08,,,,,
강남구,11680,대치동,202607,연립다세대_전월세,하나빌라,대치동,915-19,47.14,,33000,0,3,8,2002,신규,26.07~28.07,,,,,
강남구,11680,역삼동,202607,연립다세대_전월세,빌리언빌리지,역삼동,780-21,59.76,,34700,0,4,14,2002,신규,26.09~28.09,,,,,
강남구,11680,논현동,202607,연립다세대_전월세,다두빌,논현동,253-2,75.41,,41675,0,4,12,2001,신규,26.07~28.07,,,,,
강남구,11680,대치동,202607,연립다세대_전월세,필하우스,대치동,901-22,30.24,,12000,21,3,12,2001,갱신,26.07~26.09,12000.0,21.0,,,
강남구,11680,개포동,202607,연립다세대_전월세,로뎀빌,개포동,1241-4,46.86,,27700,0,5,9,2012,신규,26.07~28.07,,,,,
강남구,11680,개포동,202607,연립다세대_전월세,노블하임,개포동,1236-1,29.79,,34000,0,3,11,2018,갱신,26.07~28.07,32500.0,,,,
강남구,11680,도곡동,202607,연립다세대_전월세,동연Ville,도곡동,895-4,30.6,,21000,0,3,13,2001,갱신,26.09~28.09,20000.0,,사용,,
강남구,11680,역삼동,202607,연립다세대_전월세,디엔에스리치빌,역삼동,677-8,25.13,,21000,0,13,4,2013,신규,26.08~28.08,,,,,
강남구,11680,역삼동,202607,연립다세대_전월세,(686-11),역삼동,686-11,48.91,,35000,30,2,13,2004,신규,26.08~28.08,,,,,
강남구,11680,대치동,202607,연립다세대_전월세,(905-9),대치동,905-9,18.02,,1000,76,3,2,2019,신규,26.07~27.07,,,,,
강남구,11680,역삼동,202607,연립다세대_전월세,역삼이안베스티움,역삼동,780-42,29.84,,34000,0,2,11,2021,신규,26.08~28.08,,,,,
강남구,11680,역삼동,202607,연립다세대_전월세,(795-9),역삼동,795-9,27.28,,1000,69,3,8,2002,신규,26.07~27.07,,,,,
강남구,11680,역삼동,202607,연립다세대_전월세,(796-0),역삼동,796,34.6,,6000,41,4,13,2001,신규,26.08~28.07,,,,,
강남구,11680,논현동,202607,연립다세대_전월세,꿈꾸지오(268-9),논현동,268-9,22.45,,24100,35,4,11,2017,갱신,26.08~28.08,24100.0,33.0,사용,,
강남구,11680,대치동,202607,연립다세대_전월세,파인빌라,대치동,916-58,38,,28000,5,2,11,1996,신규,26.08~28.08,,,,,
강남구,11680,개포동,202607,연립다세대_전월세,개포비버리하임,개포동,1193-5,27.72,,31300,11,4,5,2018,갱신,26.09~27.11,31300.0,4.0,사용,,
강남구,11680,대치동,202607,연립다세대_전월세,sunnytower,대치동,929-21,29.91,,4000,53,3,10,2000,신규,26.08~27.08,,,,,
강남구,11680,논현동,202607,연립다세대_전월세,케아하우스23차,논현동,136-39,20.72,,17000,20,3,11,2013,신규,26.08~28.08,,,,,
강남구,11680,청담동,202607,연립다세대_전월세,(112-5),청담동,112-5,43.76,,10000,96,5,11,2012,신규,26.08~28.08,,,,,
강남구,11680,개포동,202607,연립다세대_전월세,아택서원빌딩,개포동,1236-18,29.82,,22000,0,4,6,2019,신규,26.09~28.09,,,,,
강남구,11680,역삼동,202607,연립다세대_전월세,(734-22),역삼동,734-22,15.02,,600,63,3,4,1990,신규,26.07~28.07,,,,,
강남구,11680,역삼동,202607,연립다세대_전월세,베첼하우스,역삼동,725-43,23.57,,400,188,3,8,2016,신규,26.07~26.10,,,,,
강남구,11680,도곡동,202607,연립다세대_전월세,HOUSERAUM,도곡동,456-12,16.81,,1000,70,2,11,2012,신규,26.07~28.07,,,,,
강남구,11680,논현동,202607,연립다세대_전월세,송파빌딩,논현동,24-4,31.49,,1000,108,1,6,2013,신규,26.07~28.07,,,,,
강남구,11680,대치동,202607,연립다세대_전월세,스톤빌리지대치3차,대치동,910-11,37.16,,47500,0,3,10,2018,신규,26.08~28.08,,,,,
강남구,11680,개포동,202607,연립다세대_전월세,YH빌리지,개포동,1237-8,29.03,,30000,0,4,11,2017,신규,26.08~28.08,,,,,
강남구,11680,개포동,202607,연립다세대_전월세,한울빌라,개포동,1178-3,36.04,,2000,101,3,7,1994,신규,26.07~28.07,,,,,
강남구,11680,역삼동,202607,연립다세대_전월세,조이하우스(697-39),역삼동,697-39,37.41,,15000,8,4,11,2001,신규,26.08~28.08,,,,,
강남구,11680,역삼동,202607,연립다세대_전월세,서원빌,역삼동,672-8,30.43,,1000,83,1,6,2001,신규,26.07~28.07,,,,,
강남구,11680,역삼동,202607,연립다세대_전월세,(683-42),역삼동,683-42,39.28,,27000,0,2,11,2002,신규,26.08~28.08,,,,,
강남구,11680,논현동,202607,연립다세대_전월세,논현밸류II,논현동,113-4,29.84,,29000,0,3,9,2015,신규,26.08~28.08,,,,,
강남구,11680,도곡동,202607,연립다세대_전월세,비스킷,도곡동,947-10,15.4,,8000,46,3,5,2013,신규,26.07~28.07,,,,,
강남구,11680,논현동,202607,연립다세대_전월세,가운빌라,논현동,173-22,33.72,,21500,0,4,2,2007,신규,26.08~28.08,,,,,
강남구,11680,논현동,202607,연립다세대_전월세,아이리스논현,논현동,270-35,28.89,,34600,0,5,9,2017,갱신,26.07~28.07,33600.0,,,,
강남구,11680,개포동,202607,연립다세대_전월세,금성빌라,개포동,1171-4,39.91,,25800,0,3,10,1993,갱신,26.08~28.08,23000.0,,,,
강남구,11680,역삼동,202607,연립다세대_전월세,(834-61),역삼동,834-61,31.65,,18900,4,2,6,2002,신규,26.07~28.07,,,,,
강남구,11680,논현동,202607,연립다세대_전월세,더하우스(244-17),논현동,244-17,14.04,,1000,60,2,3,2013,신규,26.07~27.07,,,,,
강남구,11680,삼성동,202607,연립다세대_전월세,피카소,삼성동,48-7,22.97,,34000,0,4,8,2022,신규,26.07~28.07,,,,,
강남구,11680,삼성동,202607,연립다세대_전월세,초석씨엘하우징(48-14),삼성동,48-14,62.27,,3000,168,4,7,2002,신규,26.08~28.08,,,,,
강남구,11680,개포동,202607,연립다세대_전월세,드림하우스,개포동,1231-21,18.6,,1000,60,3,10,2014,신규,26.08~28.08,,,,,
강남구,11680,역삼동,202607,연립다세대_전월세,역삼백년빌(656-5),역삼동,656-5,28.09,,200,95,2,8,2011,신규,26.07~26.10,,,,,
강남구,11680,논현동,202607,연립다세대_전월세,케아하우스18차,논현동,189-22,28.56,,27300,0,3,8,2019,갱신,26.08~27.08,26000.0,,,,
강남구,11680,논현동,202607,연립다세대_전월세,그린빌라(178),논현동,178,51.08,,24000,0,1,10,2004,갱신,26.07~28.07,22000.0,,,,
강남구,11680,삼성동,202607,연립다세대_전월세,우암아카데미,삼성동,46-27,96.87,,4000,300,4,9,2004,신규,26.07~28.07,,,,,
강남구,11680,역삼동,202607,연립다세대_전월세,제니스타워,역삼동,781-5,19.22,,3000,66,5,10,2013,신규,26.07~28.07,,,,,
강남구,11680,삼성동,202607,연립다세대_전월세,서명빌,삼성동,32-8,71.47,,15000,275,4,1,2023,신규,26.08~28.08,,,,,
강남구,11680,세곡동,202607,연립다세대_전월세,강남효성해링턴코트,세곡동,541,122.8577,,133000,0,2,9,2016,신규,26.10~29.10,,,,,
강남구,11680,대치동,202607,연립다세대_전월세,로얄빌,대치동,901-54,53.74,,2000,149,3,8,2002,신규,26.07~28.07,,,,,
강남구,11680,논현동,202607,연립다세대_전월세,(156-21),논현동,156-21,29.92,,16500,0,3,7,2002,신규,26.07~28.07,,,,,
강남구,11680,역삼동,202607,연립다세대_전월세,(793-2),역삼동,793-2,29.61,,10000,30,3,9,2002,신규,26.09~28.09,,,,,
강남구,11680,역삼동,202607,연립다세대_전월세,홍스빌,역삼동,673-8,30,,22000,0,1,1,2002,신규,26.07~27.07,,,,,
강남구,11680,역삼동,202607,연립다세대_전월세,두손베스티움,역삼동,663-11,27.22,,30000,0,5,9,2016,신규,26.08~28.08,,,,,
강남구,11680,역삼동,202607,연립다세대_전월세,수목써미트빌,역삼동,794-20,41.5,,15435,34,4,9,2002,갱신,26.08~28.08,14700.0,33.0,,,
강남구,11680,논현동,202607,연립다세대_전월세,THECORNERSTONE,논현동,150-16,21.24,,16000,0,2,8,2012,신규,26.08~28.08,,,,,
강남구,11680,역삼동,202607,연립다세대_전월세,한얼빌딩,역삼동,636-31,28.68,,16400,0,3,9,2002,신규,26.08~28.08,,,,,
강남구,11680,개포동,202607,연립다세대_전월세,장원,개포동,1219-3,53.99,,44000,9,6,9,2013,갱신,26.08~28.08,42000.0,9.0,,,
강남구,11680,개포동,202607,연립다세대_전월세,청담빌라,개포동,1255-2,49.48,,24000,40,3,8,1993,갱신,26.08~28.08,24000.0,30.0,사용,,
강남구,11680,도곡동,202607,연립다세대_전월세,주택B동,도곡동,415-4,78.81,,28000,160,1,7,1988,신규,26.08~28.08,,,,,
강남구,11680,역삼동,202607,연립다세대_전월세,오크빌,역삼동,793-3,65.12,,35000,5,4,7,2003,신규,26.08~28.08,,,,,
강남구,11680,청담동,202607,연립다세대_전월세,(13-24),청담동,13-24,21.62,,10000,60,6,4,2015,신규,26.08~28.08,,,,,
강남구,11680,역삼동,202607,연립다세대_전월세,네오빌라,역삼동,729-13,36.82,,8000,10,-1,7,1996,갱신,26.07~28.07,10000.0,2.0,,,
강남구,11680,논현동,202607,연립다세대_전월세,아이파크,논현동,188-3,19.21,,10000,25,5,7,2013,신규,26.08~28.08,,,,,
강남구,11680,역삼동,202607,연립다세대_전월세,으뜸빌,역삼동,788-25,28.56,,20000,41,2,7,2019,신규,26.08~28.08,,,,,
강남구,11680,역삼동,202607,연립다세대_전월세,cellovill,역삼동,792-57,28.35,,2000,73,2,7,2001,신규,26.07~28.07,,,,,
강남구,11680,논현동,202607,연립다세대_전월세,(109-27),논현동,109-27,59.92,,1000,80,1,8,2003,신규,26.08~28.08,,,,,
강남구,11680,역삼동,202607,연립다세대_전월세,마이플레이스,역삼동,745-23,26.01,,33600,0,6,7,2021,갱신,26.08~28.08,32000.0,,,,
강남구,11680,역삼동,202607,연립다세대_전월세,성원빌딩,역삼동,835-35,32.77,,28000,0,6,7,2003,갱신,26.08~28.08,27000.0,,,,
강남구,11680,개포동,202607,연립다세대_전월세,강남하이츠,개포동,1219-11,39.9,,22000,0,3,5,1993,신규,26.08~28.08,,,,,
강남구,11680,역삼동,202607,연립다세대_전월세,역삼더하임,역삼동,774-40,22.96,,31000,0,5,7,2020,갱신,26.08~28.08,33000.0,,사용,,
강남구,11680,논현동,202607,연립다세대_전월세,(242-4),논현동,242-4,39,,20000,0,2,6,1999,신규,26.07~28.07,,,,,
강남구,11680,개포동,202607,연립다세대_전월세,블루밍하우스,개포동,1177-6,44.08,,10000,115,4,4,2014,신규,26.07~28.07,,,,,
강남구,11680,논현동,202607,연립다세대_전월세,태원빌라트,논현동,39-6,27.17,,29000,0,3,3,2016,신규,26.07~28.07,,,,,
강남구,11680,일원동,202607,연립다세대_전월세,메종두쓰,일원동,631-2,18.62,,2000,88,2,3,2022,신규,26.07~28.07,,,,,
강남구,11680,청담동,202607,연립다세대_전월세,청담스카이빌(34-5),청담동,34-5,23.18,,1000,90,2,6,2002,신규,26.07~28.07,,,,,
강남구,11680,일원동,202607,연립다세대_전월세,더큐브,일원동,638-6,15.19,,19000,0,1,6,2021,신규,26.08~28.08,,,,,
강남구,11680,역삼동,202607,연립다세대_전월세,세청빌라,역삼동,792-30,45.52,,2000,70,2,7,2002,갱신,26.07~28.07,2000.0,67.0,,,
강남구,11680,역삼동,202607,연립다세대_전월세,이스트빌,역삼동,732-31,35.84,,22000,10,2,7,2002,신규,26.08~28.08,,,,,
강남구,11680,개포동,202607,연립다세대_전월세,중앙클래식하우스7차,개포동,1171-2,27.7,,26000,20,4,4,2017,신규,26.08~28.08,,,,,
강남구,11680,역삼동,202607,연립다세대_전월세,사르리1,역삼동,728-37,26.23,,500,88,2,6,2002,신규,26.07~27.07,,,,,
강남구,11680,역삼동,202607,연립다세대_전월세,(777-13),역삼동,777-13,30.15,,21000,0,3,4,2000,신규,26.08~28.08,,,,,
강남구,11680,역삼동,202607,연립다세대_전월세,현대아트빌,역삼동,729-41,31.69,,19000,0,2,4,1996,신규,26.07~28.07,,,,,
강남구,11680,개포동,202607,연립다세대_전월세,골든뷰,개포동,1265-2,45.77,,40000,0,3,7,2015,신규,26.10~28.10,,,,,
강남구,11680,논현동,202607,연립다세대_전월세,(167-22),논현동,167-22,28.43,,2000,135,4,4,2015,신규,26.07~28.07,,,,,
강남구,11680,대치동,202607,연립다세대_전월세,리더스빌,대치동,901-62,42.63,,145,145,3,6,2006,신규,26.07~26.10,,,,,
강남구,11680,삼성동,202607,연립다세대_전월세,삼성아셈빌,삼성동,94-20,27.79,,23150,0,2,4,2002,갱신,26.08~28.08,22050.0,,,,
강남구,11680,삼성동,202607,연립다세대_전월세,힐스테이트5차,삼성동,47-6,21.9,,1000,95,5,1,2015,신규,26.07~28.07,,,,,
강남구,11680,개포동,202607,연립다세대_전월세,갤러리빌라,개포동,1166-7,29.51,,30000,50,4,6,2015,신규,26.10~28.10,,,,,
강남구,11680,삼성동,202607,연립다세대_전월세,봉은사로461주상복합(주식회사프레스티지),삼성동,45-9,30.74,,3000,220,9,3,2017,신규,26.07~28.07,,,,,
강남구,11680,개포동,202607,연립다세대_전월세,대고샤인빌,개포동,1175-8,48.54,,52000,0,4,4,2022,신규,26.08~28.08,,,,,
강남구,11680,대치동,202607,연립다세대_전월세,경일빌라비동,대치동,984-9,72.15,,50000,0,1,4,1987,신규,26.07~28.07,,,,,
강남구,11680,역삼동,202607,연립다세대_전월세,은성주택,역삼동,774-9,35.48,,22000,20,3,6,1995,신규,26.07~28.07,,,,,
강남구,11680,삼성동,202607,연립다세대_전월세,금호빌,삼성동,41,51.6,,30870,0,4,6,2002,갱신,26.08~28.08,29400.0,,,,
강남구,11680,역삼동,202607,연립다세대_전월세,레스빌,역삼동,657-4,18.5,,8000,30,5,5,2001,갱신,26.08~28.08,8000.0,25.0,사용,,
강남구,11680,일원동,202607,연립다세대_전월세,라온,일원동,671-6,23.79,,43000,0,4,4,2020,신규,26.07~28.07,,,,,
강남구,11680,역삼동,202607,연립다세대_전월세,오크빌,역삼동,793-3,45.79,,29000,9,3,6,2003,갱신,26.08~28.08,29000.0,5.0,,,
강남구,11680,논현동,202607,연립다세대_전월세,원일빌라,논현동,149-40,45.72,,29000,0,3,1,1991,신규,26.08~28.08,,,,,
강남구,11680,역삼동,202607,연립다세대_전월세,성원노브빌,역삼동,793-20,37.47,,18200,23,4,3,2003,신규,26.08~28.08,,,,,
강남구,11680,역삼동,202607,연립다세대_전월세,(771-22),역삼동,771-22,40.04,,18400,0,2,6,2002,신규,26.07~28.07,,,,,
강남구,11680,논현동,202607,연립다세대_전월세,그린빌에이동,논현동,264-3,29.37,,27000,17,4,3,2016,신규,26.07~28.07,,,,,
강남구,11680,역삼동,202607,연립다세대_전월세,하우스안,역삼동,752-44,29.76,,10000,69,3,4,2014,신규,26.07~28.07,,,,,
강남구,11680,대치동,202607,연립다세대_전월세,청파빌라,대치동,918-9,46.64,,15000,60,3,4,2001,신규,26.08~28.08,,,,,
강남구,11680,대치동,202607,연립다세대_전월세,스톤빌리지,대치동,934-2,55.49,,78000,0,5,3,2016,갱신,26.07~28.07,77000.0,,,,
강남구,11680,논현동,202607,연립다세대_전월세,논현빌라(220-18),논현동,220-18,84.98,,68000,0,4,2,1998,신규,26.08~28.08,,,,,
강남구,11680,도곡동,202607,연립다세대_전월세,비스킷,도곡동,947-10,17.89,,5000,77,3,3,2013,신규,26.08~28.08,,,,,
강남구,11680,역삼동,202607,연립다세대_전월세,문송빌리지,역삼동,745-21,42.84,,10000,52,3,3,2002,갱신,26.07~28.07,10000.0,48.0,사용,,
강남구,11680,논현동,202607,연립다세대_전월세,케아하우스,논현동,148-8,29.64,,26000,0,3,1,2015,갱신,26.07~28.07,26000.0,,,,
강남구,11680,대치동,202607,연립다세대_전월세,정우빌라,대치동,916-53,36.135,,2000,67,1,3,1997,신규,26.08~28.08,,,,,
강남구,11680,신사동,202607,연립다세대_전월세,현대빌라(540-8),신사동,540-8,74.15,,20000,35,3,3,1991,신규,26.07~27.07,,,,,
강남구,11680,역삼동,202607,연립다세대_전월세,마이플레이스,역삼동,792-7,27.82,,30000,30,2,3,2018,신규,26.09~28.09,,,,,
강남구,11680,논현동,202607,연립다세대_전월세,논현빌2차,논현동,185-10,18.36,,14000,0,4,2,2013,신규,26.07~28.07,,,,,
강남구,11680,역삼동,202607,연립다세대_전월세,MAIBAUM,역삼동,771-19,21.63,,1000,80,4,3,2012,신규,26.07~27.07,,,,,
강남구,11680,삼성동,202607,연립다세대_전월세,진호빌라,삼성동,34-24,34.2,,19000,5,2,2,1996,신규,26.08~28.08,,,,,
강남구,11680,청담동,202607,연립다세대_전월세,(109-3),청담동,109-3,21.99,,15434,0,5,3,2011,갱신,26.08~27.08,15434.0,,,,
강남구,11680,청담동,202607,연립다세대_전월세,더청담에이치,청담동,57-12,26.59,,1000,95,1,3,2014,신규,26.07~28.07,,,,,
강남구,11680,역삼동,202607,연립다세대_전월세,조이하우스(697-39),역삼동,697-39,29.04,,16500,21,3,2,2001,신규,26.07~28.07,,,,,
강남구,11680,일원동,202607,연립다세대_전월세,청솔빌리지,일원동,739,59.75,,65000,0,2,1,1993,신규,26.10~28.10,,,,,
강남구,11680,역삼동,202607,연립다세대_전월세,서원빌,역삼동,672-8,30.84,,19000,10,3,1,2001,신규,26.08~28.08,,,,,
강남구,11680,역삼동,202607,연립다세대_전월세,(774-4),역삼동,774-4,29.77,,1000,125,3,1,2015,신규,26.07~28.02,,,,,
강남구,11680,논현동,202607,연립다세대_전월세,윈저빌,논현동,76-4,65.93,,50000,25,4,1,2002,신규,26.09~28.09,,,,,
강남구,11680,역삼동,202607,연립다세대_전월세,HELENHILL,역삼동,643-13,27.41,,30000,12,5,2,2016,갱신,26.08~28.08,28800.0,11.0,사용,,
강남구,11680,역삼동,202607,연립다세대_전월세,로이코빌,역삼동,778-38,34.97,,46900,0,5,1,2018,신규,26.07~28.07,,,,,
강남구,11680,논현동,202607,연립다세대_전월세,THECORNERSTONE,논현동,150-16,20.51,,17000,0,2,1,2012,신규,26.08~28.08,,,,,
강남구,11680,대치동,202607,연립다세대_전월세,리치빌(921-14),대치동,921-14,42.09,,26000,0,2,2,2002,신규,26.09~28.09,,,,,
강남구,11680,일원동,202607,연립다세대_전월세,가온,일원동,670-5,31.86,,34600,0,3,1,2022,갱신,26.09~28.09,33000.0,,사용,,
강남구,11680,논현동,202607,연립다세대_전월세,(136-5),논현동,136-5,23.52,,24500,0,3,2,2018,신규,26.07~28.07,,,,,
강남구,11680,역삼동,202607,연립다세대_전월세,서원빌,역삼동,672-8,30.84,,19000,10,3,1,2001,신규,26.08~28.08,,,,,
강남구,11680,일원동,202607,연립다세대_전월세,다우예다인빌,일원동,664-2,28.27,,35000,0,3,1,2022,신규,26.09~28.09,,,,,
강남구,11680,일원동,202607,연립다세대_전월세,CONERSTONE,일원동,677-4,28.66,,35800,0,5,1,2019,신규,26.10~28.10,,,,,
강남구,11680,청담동,202607,연립다세대_전월세,청담37,청담동,37,28.2,,31000,0,1,1,2002,신규,26.09~28.08,,,,,
강남구,11680,대치동,202607,연립다세대_전월세,(927-31),대치동,927-31,50.45,,3000,175,3,1,2003,신규,26.08~28.08,,,,,
강남구,11680,일원동,202607,아파트_전월세,디에이치자이개포,일원동,743,76.46,,100000,200,12,24,2021,,,,,,,
강남구,11680,수서동,202607,아파트_전월세,까치마을,수서동,746,39.6,,20000,90,11,18,1993,,,,,,,
강남구,11680,도곡동,202607,아파트_전월세,도곡렉슬,도곡동,527,84.9231,,157000,0,2,29,2006,,,,,,,
강남구,11680,역삼동,202607,아파트_전월세,역삼자이,역삼동,711-3,84.993,,147000,0,18,25,2016,,,,,,,
강남구,11680,역삼동,202607,아파트_전월세,역삼I'PARK,역삼동,713-11,28.246,,2000,170,4,4,2006,,,,,,,
강남구,11680,수서동,202607,아파트_전월세,까치마을,수서동,746,39.6,,20000,90,11,18,1993,,,,,,,
강남구,11680,세곡동,202607,아파트_전월세,세곡푸르지오,세곡동,533,84.83,,79800,0,4,11,2012,,,,,,,
강남구,11680,수서동,202607,아파트_전월세,신동아,수서동,736,39.53,,42000,0,10,25,1992,,,,,,,
강남구,11680,개포동,202607,아파트_전월세,개포주공6단지,개포동,185,83.21,,10000,150,9,3,1983,,,,,,,
강남구,11680,대치동,202607,아파트_전월세,개포우성1,대치동,503,84.81,,120000,0,3,11,1983,,,,,,,
강남구,11680,수서동,202607,아파트_전월세,까치마을,수서동,746,34.44,,31500,0,1,16,1993,,,,,,,
강남구,11680,압구정동,202607,아파트_전월세,현대3차(61~64동),압구정동,443,82.5,,85000,0,12,13,1976,,,,,,,
강남구,11680,삼성동,202607,아파트_전월세,우정에쉐르,삼성동,3-8,131.0534,,30000,400,7,7,2003,,,,,,,
강남구,11680,논현동,202607,아파트_전월세,동현아파트1~6,논현동,105,84.92,,69000,0,10,11,1985,,,,,,,
강남구,11680,개포동,202607,아파트_전월세,삼익대청아파트,개포동,12,39.53,,55000,0,2,11,1992,,,,,,,
강남구,11680,도곡동,202607,아파트_전월세,한라비발디,도곡동,972,84.9569,,135000,0,9,11,2016,,,,,,,
강남구,11680,자곡동,202607,아파트_전월세,강남자곡 힐스테이트,자곡동,619,84.39,,60000,85,7,5,2015,,,,,,,
강남구,11680,개포동,202607,아파트_전월세,디에이치아너힐즈,개포동,1281,76.1709,,20000,500,23,9,2019,,,,,,,
강남구,11680,개포동,202607,아파트_전월세,경남1,개포동,649,96.98,,50000,156,9,4,1984,,,,,,,
강남구,11680,개포동,202607,아파트_전월세,경남1,개포동,649,96.98,,50000,156,9,4,1984,,,,,,,
강남구,11680,개포동,202607,아파트_전월세,개포래미안포레스트,개포동,1282,59.92,,30000,289,12,4,2020,,,,,,,
강남구,11680,개포동,202607,아파트_전월세,개포6차우성아파트1동~8동,개포동,658-1,67.28,,75000,0,3,3,1987,,,,,,,
강남구,11680,삼성동,202607,아파트_전월세,삼성동센트럴아이파크,삼성동,188,84.95,,60000,390,7,4,2018,,,,,,,
강남구,11680,수서동,202607,아파트_전월세,삼익,수서동,708,49.2,,58000,0,9,4,1992,,,,,,,
강남구,11680,대치동,202607,아파트_전월세,대치동더블유타워,대치동,952-2,23.63,,1000,105,7,2,2013,,,,,,,
강남구,11680,논현동,202607,아파트_전월세,아크로힐스논현,논현동,276-1,84.074,,95000,200,20,13,2014,신규,26.07~28.07,,,,,
강남구,11680,논현동,202607,아파트_전월세,논현파라곤,논현동,241-1,117.84,,100000,130,10,16,2007,신규,26.09~28.08,,,,,
강남구,11680,대치동,202607,아파트_전월세,테헤란로대우아이빌(891-6),대치동,891-6,29.63,,1000,98,15,2,2004,갱신,26.07~28.07,1000.0,93.0,,,
강남구,11680,논현동,202607,아파트_전월세,선정릉역모아엘가퍼스트홈,논현동,278-4,22.65,,10028,51,9,30,2023,신규,26.08~28.08,,,,,
강남구,11680,대치동,202607,아파트_전월세,은마,대치동,316,76.79,,75000,0,9,29,1979,신규,26.10~27.08,,,,,
강남구,11680,개포동,202607,아파트_전월세,한림,개포동,1164-20,72.78,,55000,40,5,30,2002,갱신,26.08~28.08,55000.0,,사용,,
강남구,11680,논현동,202607,아파트_전월세,학동역이안테라디움,논현동,207,24.647,,2000,192,10,24,2022,신규,26.08~28.08,,,,,
강남구,11680,압구정동,202607,아파트_전월세,신현대9차,압구정동,426,152.39,,170000,0,11,31,1982,갱신,26.08~27.09,190000.0,,,,
강남구,11680,역삼동,202607,아파트_전월세,역삼래미안,역삼동,757,59.53,,42000,182,1,11,2005,갱신,26.08~28.08,40000.0,175.0,사용,,
강남구,11680,삼성동,202607,아파트_전월세,삼성동마에스트로,삼성동,140-32,22.857,,15300,47,8,3,2023,신규,26.08~28.08,,,,,
강남구,11680,삼성동,202607,아파트_전월세,풍림,삼성동,129-20,51.68,,30000,30,6,21,1997,신규,26.08~28.08,,,,,
강남구,11680,대치동,202607,아파트_전월세,개포우성2,대치동,500,127.78,,136500,0,8,25,1984,갱신,26.12~28.12,130000.0,,사용,,
강남구,11680,개포동,202607,아파트_전월세,삼익대청아파트,개포동,12,39.53,,51000,0,12,25,1992,갱신,26.10~28.10,41900.0,,,,
강남구,11680,일원동,202607,아파트_전월세,디에이치자이개포,일원동,743,84.75,,152250,0,15,30,2021,갱신,26.08~28.08,145000.0,,사용,,
강남구,11680,역삼동,202607,아파트_전월세,역삼래미안,역삼동,757,59.4,,5000,380,7,15,2005,신규,26.08~28.08,,,,,
강남구,11680,도곡동,202607,아파트_전월세,도곡렉슬,도곡동,527,119.8906,,180000,0,9,6,2006,신규,26.10~28.10,,,,,
강남구,11680,삼성동,202607,아파트_전월세,삼성리치빌1,삼성동,52-9,84.98,,85000,0,4,22,2003,신규,27.02~29.02,,,,,
강남구,11680,개포동,202607,아파트_전월세,성원대치2단지아파트,개포동,12,39.53,,38850,0,6,10,1992,갱신,26.08~28.08,37000.0,,,,
강남구,11680,압구정동,202607,아파트_전월세,한양2,압구정동,493,147.41,,105000,167,1,20,1978,갱신,26.08~28.08,105000.0,140.0,사용,,
강남구,11680,역삼동,202607,아파트_전월세,역삼이안애에이,역삼동,777-2,84.28,,68500,0,1,23,2004,신규,26.09~28.09,,,,,
강남구,11680,도곡동,202607,아파트_전월세,도곡렉슬,도곡동,527,84.9984,,50000,420,23,13,2006,신규,26.08~28.08,,,,,
강남구,11680,대치동,202607,아파트_전월세,개포우성1,대치동,503,127.61,,135000,0,9,1,1983,신규,26.08~28.08,,,,,
강남구,11680,대치동,202607,아파트_전월세,"쌍용대치아파트1동,2동,3동,5동,6동",대치동,66,128.03,,106000,0,6,25,1983,갱신,26.08~28.08,106000.0,,,,
강남구,11680,도곡동,202607,아파트_전월세,도곡렉슬,도곡동,527,84.9984,,147000,0,18,25,2006,갱신,26.08~28.08,140000.0,,,,
강남구,11680,청담동,202607,아파트_전월세,빌폴라리스,청담동,129-7,166.01,,0,2000,11,31,2009,신규,26.09~29.09,,,,,
강남구,11680,삼성동,202607,아파트_전월세,삼성풍림2차아파트,삼성동,104,59.94,,73000,0,3,17,1998,신규,26.09~28.09,,,,,
강남구,11680,압구정동,202607,아파트_전월세,"현대6차(78~81,83,84,86,87동)",압구정동,456,196.7,,250000,200,14,29,1978,갱신,26.09~28.09,250000.0,,,,
강남구,11680,도곡동,202607,아파트_전월세,타워팰리스2,도곡동,467-17,164.99,,252000,0,31,31,2003,갱신,26.09~28.09,240000.0,,사용,,
강남구,11680,도곡동,202607,아파트_전월세,럭키(963),도곡동,963,84.97,,94500,0,10,18,1995,갱신,26.08~28.08,90000.0,,,,
강남구,11680,자곡동,202607,아파트_전월세,강남자곡아이파크,자곡동,602,74.89,,70000,0,15,18,2014,갱신,26.09~27.02,70000.0,,,,
강남구,11680,청담동,202607,아파트_전월세,삼성청담아파트,청담동,42,59.99,,60000,90,10,15,1999,신규,26.08~28.08,,,,,
강남구,11680,삼성동,202607,아파트_전월세,삼성동힐스테이트 1단지,삼성동,16-2,84.236,,52000,310,4,23,2008,신규,26.10~28.10,,,,,
강남구,11680,논현동,202607,아파트_전월세,선정릉역모아엘가퍼스트홈,논현동,278-4,14.16,,4330,51,11,29,2023,신규,26.08~28.08,,,,,
강남구,11680,개포동,202607,아파트_전월세,개포현대200동,개포동,655-1,82.2,,66000,0,2,22,1986,갱신,26.08~28.08,63000.0,,사용,,
강남구,11680,삼성동,202607,아파트_전월세,대우멤버스카운티201,삼성동,33-20,145.6,,20000,390,5,24,2004,신규,26.09~28.09,,,,,
강남구,11680,삼성동,202607,아파트_전월세,LG선릉에클라트(B),삼성동,142-3,36.35,,4000,120,11,15,2004,갱신,26.07~27.07,6000.0,95.0,사용,,
강남구,11680,대치동,202607,아파트_전월세,동부센트레빌,대치동,670,161.47,,200000,458,5,20,2005,갱신,26.09~28.09,200000.0,400.0,사용,,
강남구,11680,대치동,202607,아파트_전월세,대치현대,대치동,974,101.6,,75000,220,11,25,1999,신규,26.10~28.10,,,,,
강남구,11680,삼성동,202607,아파트_전월세,LG선릉에클라트(A),삼성동,142-7,36.16,,1000,110,5,25,2003,갱신,26.07~27.07,1000.0,105.0,,,
강남구,11680,압구정동,202607,아파트_전월세,한양4,압구정동,486,101.09,,95000,0,8,29,1978,신규,26.08~28.08,,,,,
강남구,11680,압구정동,202607,아파트_전월세,한양1차(영동한양),압구정동,490,78.05,,84000,0,1,27,1977,갱신,26.08~28.08,80000.0,,사용,,
강남구,11680,삼성동,202607,아파트_전월세,래미안삼성1차(201동),삼성동,102,128.44,,80000,250,2,20,2006,신규,26.08~28.08,,,,,
강남구,11680,대치동,202607,아파트_전월세,대치르엘,대치동,1030,84.7735,,177500,0,10,6,2021,갱신,26.08~28.08,170000.0,,사용,,
강남구,11680,대치동,202607,아파트_전월세,래미안대치하이스턴,대치동,985,110.39,,80000,380,6,1,1989,갱신,26.10~28.10,80000.0,360.0,사용,,
강남구,11680,일원동,202607,아파트_전월세,상록수,일원동,734,74.54,,55000,91,2,21,1993,갱신,26.08~28.08,55500.0,32.0,,,
강남구,11680,수서동,202607,아파트_전월세,까치마을,수서동,746,39.6,,20000,90,11,18,1993,신규,26.09~28.09,,,,,
강남구,11680,삼성동,202607,아파트_전월세,현대힐스테이트2단지,삼성동,50,84.236,,127000,0,2,27,2008,신규,26.09~28.09,,,,,
강남구,11680,도곡동,202607,아파트_전월세,도곡더써밋타워,도곡동,954-17,18.34,,12800,50,12,31,2025,신규,26.09~28.09,,,,,
강남구,11680,도곡동,202607,아파트_전월세,매봉삼성,도곡동,966,84.95,,90000,120,16,20,1999,신규,26.10~28.10,,,,,
강남구,11680,도곡동,202607,아파트_전월세,현대아파트1동~3동,도곡동,961,84.96,,78750,0,7,29,1994,갱신,26.09~28.09,75000.0,,사용,,
강남구,11680,논현동,202607,아파트_전월세,펜트힐루논현,논현동,211-21,43.392,,5000,340,4,20,2021,신규,26.08~27.08,,,,,
강남구,11680,청담동,202607,아파트_전월세,청담파라곤Ⅱ2단지,청담동,102-13,177.06,,10000,1300,4,15,2010,신규,26.08~28.08,,,,,
강남구,11680,논현동,202607,아파트_전월세,우민,논현동,107-44,74.758,,74000,0,2,19,2002,신규,26.09~28.09,,,,,
강남구,11680,도곡동,202607,아파트_전월세,타워팰리스1,도곡동,467,164.97,,300000,0,43,22,2002,갱신,26.10~28.10,270000.0,,,,
강남구,11680,청담동,202607,아파트_전월세,청담자이,청담동,134-38,89.356,,10000,900,11,29,2011,신규,26.09~28.09,,,,,
강남구,11680,도곡동,202607,아파트_전월세,한라비발디,도곡동,972,84.9569,,110250,0,2,7,2016,갱신,26.08~28.08,105000.0,,사용,,
강남구,11680,개포동,202607,아파트_전월세,개포주공7단지,개포동,185,53.46,,25000,30,1,15,1983,갱신,26.07~28.07,25000.0,40.0,,,
강남구,11680,도곡동,202607,아파트_전월세,도곡렉슬,도곡동,527,84.9984,,10000,526,10,24,2006,갱신,26.08~28.08,10000.0,500.0,사용,,
강남구,11680,도곡동,202607,아파트_전월세,대림아크로빌,도곡동,467-6,130.545,,152250,0,46,25,1999,갱신,26.10~28.10,145000.0,,사용,,
강남구,11680,대치동,202607,아파트_전월세,풍림아이원3차(1007-1),대치동,1007-1,114.55,,100000,200,9,16,2004,갱신,26.10~28.12,100000.0,120.0,,,
강남구,11680,역삼동,202607,아파트_전월세,롯데캐슬노블,역삼동,835-68,176.03,,110000,160,13,21,2007,갱신,26.08~28.08,136500.0,,,,
강남구,11680,개포동,202607,아파트_전월세,성원대치2단지아파트,개포동,12,49.86,,25000,180,9,17,1992,신규,26.09~28.09,,,,,
강남구,11680,도곡동,202607,아파트_전월세,대림,도곡동,960,84.93,,84000,0,3,25,1992,갱신,26.09~28.09,80000.0,,사용,,
강남구,11680,신사동,202607,아파트_전월세,썬-타워빌딩,신사동,588-16,23.72,,3000,130,9,21,2015,신규,26.08~27.08,,,,,
강남구,11680,일원동,202607,아파트_전월세,푸른마을아파트101동~111동,일원동,719,59.76,,68000,12,9,22,1994,갱신,26.08~28.08,68000.0,,사용,,
강남구,11680,역삼동,202607,아파트_전월세,한화진넥스빌,역삼동,706-20,34.82,,2000,130,21,25,2001,신규,26.08~27.08,,,,,
강남구,11680,일원동,202607,아파트_전월세,현대4,일원동,614,84.98,,50000,150,3,27,1987,신규,26.08~28.08,,,,,
강남구,11680,도곡동,202607,아파트_전월세,도곡렉슬,도곡동,527,59.9772,,55000,175,7,30,2006,갱신,26.09~28.09,55000.0,160.0,사용,,
강남구,11680,도곡동,202607,아파트_전월세,도곡렉슬,도곡동,527,84.9984,,120000,150,11,21,2006,신규,26.09~28.09,,,,,
강남구,11680,개포동,202607,아파트_전월세,개포래미안포레스트,개포동,1282,74.66,,20000,400,7,21,2020,갱신,26.10~28.10,20000.0,380.0,사용,,
강남구,11680,논현동,202607,아파트_전월세,동현아파트1~6,논현동,105,84.92,,70000,0,4,11,1985,갱신,26.08~28.08,70000.0,,사용,,
강남구,11680,도곡동,202607,아파트_전월세,우성4,도곡동,465,126.46,,108000,0,4,30,1985,갱신,26.08~28.08,100800.0,,,,
강남구,11680,일원동,202607,아파트_전월세,푸른마을아파트101동~111동,일원동,719,84.93,,95000,0,8,24,1994,신규,26.10~28.10,,,,,
강남구,11680,논현동,202607,아파트_전월세,학동역이안테라디움,논현동,207,22.556,,2000,192,10,14,2022,신규,26.07~28.07,,,,,
강남구,11680,역삼동,202607,아파트_전월세,역삼래미안,역삼동,757,59.4,,6000,358,17,16,2005,갱신,26.07~28.07,6000.0,340.0,사용,,
강남구,11680,역삼동,202607,아파트_전월세,역삼래미안,역삼동,757,80.87,,105000,105,16,25,2005,갱신,26.08~28.08,100000.0,,,,
강남구,11680,역삼동,202607,아파트_전월세,e-편한세상,역삼동,755-4,59.947,,10000,360,5,22,2005,신규,26.09~28.09,,,,,
강남구,11680,역삼동,202607,아파트_전월세,래미안그레이튼,역삼동,763-16,84.97,,135000,0,19,25,2009,신규,26.10~28.10,,,,,
강남구,11680,수서동,202607,아파트_전월세,강남 더샵 포레스트,수서동,799,124.5792,,150000,28,2,13,2016,갱신,26.08~28.08,150000.0,,사용,,
강남구,11680,압구정동,202607,아파트_전월세,현대3차(61~64동),압구정동,443,82.5,,81900,0,7,25,1976,갱신,26.09~28.09,78000.0,,사용,,
강남구,11680,논현동,202607,아파트_전월세,논현파라곤,논현동,241-1,117.84,,100000,130,10,16,2007,신규,26.09~28.08,,,,,
강남구,11680,논현동,202607,아파트_전월세,펜트힐루논현,논현동,211-21,43.392,,3000,400,13,18,2021,신규,26.08~27.08,,,,,
강남구,11680,일원동,202607,아파트_전월세,수서,일원동,711,59.96,,35000,63,2,25,1992,갱신,26.09~28.09,35000.0,54.0,사용,,
강남구,11680,대치동,202607,아파트_전월세,래미안대치팰리스,대치동,1027,94.49,,151000,320,10,30,2015,갱신,26.10~28.10,140000.0,320.0,,,
강남구,11680,대치동,202607,아파트_전월세,동부센트레빌,대치동,670,145.83,,220000,270,13,18,2005,신규,26.11~29.02,,,,,
강남구,11680,역삼동,202607,아파트_전월세,동원스위트뷰역삼,역삼동,745-13,84.83,,10000,400,2,30,2017,신규,26.08~28.08,,,,,
강남구,11680,삼성동,202607,아파트_전월세,강변삼부아파트,삼성동,99-12,110.453,,128000,0,13,13,2000,신규,26.09~28.09,,,,,
강남구,11680,역삼동,202607,아파트_전월세,한스빌(836),역삼동,836,41.95,,1000,110,9,15,1996,신규,26.07~28.07,,,,,
강남구,11680,청담동,202607,아파트_전월세,청담대우멤버스카운티6차,청담동,110-4,148.5,,147000,0,1,30,2004,갱신,26.08~28.08,140000.0,,사용,,
강남구,11680,일원동,202607,아파트_전월세,한솔마을,일원동,731,84.73,,70000,0,1,31,1994,신규,26.10~28.10,,,,,
강남구,11680,일원동,202607,아파트_전월세,디에이치자이개포,일원동,743,41.91,,21270,30,11,15,2021,신규,26.07~28.09,,,,,
강남구,11680,압구정동,202607,아파트_전월세,신현대11차,압구정동,433,108.36,,94000,0,13,30,1983,갱신,26.08~28.08,90000.0,,사용,,
강남구,11680,도곡동,202607,아파트_전월세,현대아파트1동~3동,도곡동,961,84.96,,55000,160,3,2,1994,신규,26.08~28.08,,,,,
강남구,11680,논현동,202607,아파트_전월세,리스트강남,논현동,202-7,14.19,,8121,39,6,22,2022,신규,26.09~28.09,,,,,
강남구,11680,역삼동,202607,아파트_전월세,대우디오빌,역삼동,720-25,59.505,,5000,190,24,6,2002,신규,26.07~28.07,,,,,
강남구,11680,대치동,202607,아파트_전월세,동부센트레빌,대치동,670,161.47,,90000,760,23,25,2005,신규,26.10~28.10,,,,,
강남구,11680,대치동,202607,아파트_전월세,대치아이파크,대치동,888,119.58,,225000,0,8,16,2008,신규,26.10~28.10,,,,,
강남구,11680,대치동,202607,아파트_전월세,대치한신휴플러스,대치동,907-2,84.99,,100000,0,1,22,2005,신규,26.10~28.10,,,,,
강남구,11680,대치동,202607,아파트_전월세,한보미도맨션2,대치동,511,126.33,,110000,80,4,24,1985,갱신,26.09~28.09,110000.0,70.0,사용,,
강남구,11680,자곡동,202607,아파트_전월세,강남한양수자인(4단지),자곡동,686,114.32,,70000,120,7,6,2014,갱신,26.08~28.08,60000.0,140.0,,,
강남구,11680,삼성동,202607,아파트_전월세,미켈란107,삼성동,107,83,,20000,430,7,30,2003,신규,26.08~28.08,,,,,
강남구,11680,신사동,202607,아파트_전월세,금광아크존(635-14),신사동,635-14,45.35,,3000,200,5,13,2004,신규,26.07~28.07,,,,,
강남구,11680,대치동,202607,아파트_전월세,"쌍용대치아파트1동,2동,3동,5동,6동",대치동,66,128.03,,30000,299,12,27,1983,갱신,26.10~28.10,30000.0,280.0,사용,,
강남구,11680,압구정동,202607,아파트_전월세,한양6,압구정동,484,106.71,,80000,0,8,10,1980,갱신,26.08~28.08,80000.0,,,,
강남구,11680,논현동,202607,아파트_전월세,더원센트럴,논현동,118-8,26.96,,17000,96,6,30,2018,갱신,26.08~27.08,17000.0,90.0,,,
강남구,11680,삼성동,202607,아파트_전월세,현대아파트101동,삼성동,6,84.87,,30000,320,7,24,1999,신규,26.09~28.09,,,,,
강남구,11680,압구정동,202607,아파트_전월세,한양1차(영동한양),압구정동,490,49.98,,20000,105,10,25,1977,갱신,26.09~28.09,20000.0,100.0,사용,,
강남구,11680,도곡동,202607,아파트_전월세,도곡렉슬,도곡동,527,59.9818,,130000,0,3,20,2006,신규,26.09~28.09,,,,,
강남구,11680,대치동,202607,아파트_전월세,대치삼성,대치동,1014-3,84.58,,100000,160,7,25,2000,신규,26.09~28.09,,,,,
강남구,11680,청담동,202607,아파트_전월세,우성아파트,청담동,11-25,81.85,,63000,45,4,24,2005,갱신,26.10~28.10,63000.0,,,,
강남구,11680,대치동,202607,아파트_전월세,롯데캐슬리베,대치동,1025,121.0894,,180000,0,9,15,2008,신규,26.08~28.08,,,,,
강남구,11680,대치동,202607,아파트_전월세,현대썬앤빌테헤란,대치동,894,35.89,,25000,105,4,15,2016,신규,26.09~28.09,,,,,
강남구,11680,대치동,202607,아파트_전월세,개포우성2,대치동,500,84.69,,110250,0,15,18,1984,갱신,26.08~28.08,105000.0,,사용,,
강남구,11680,대치동,202607,아파트_전월세,은마,대치동,316,76.79,,20000,160,4,24,1979,신규,26.09~28.09,,,,,
강남구,11680,대치동,202607,아파트_전월세,래미안대치팰리스,대치동,1027,114.15,,300000,0,26,20,2015,신규,26.10~28.10,,,,,
강남구,11680,개포동,202607,아파트_전월세,개포주공6단지,개포동,185,83.21,,20000,80,1,25,1983,신규,26.10~27.02,,,,,
강남구,11680,수서동,202607,아파트_전월세,강남데시앙포레,수서동,795,59.97,,70000,65,14,18,2014,신규,26.10~28.10,,,,,
강남구,11680,대치동,202607,아파트_전월세,은마,대치동,316,76.79,,57300,0,4,17,1979,갱신,26.07~28.07,54600.0,,사용,,
강남구,11680,논현동,202607,아파트_전월세,더원센트럴,논현동,118-8,27.14,,33600,13,7,20,2018,신규,26.08~28.08,,,,,
강남구,11680,개포동,202607,아파트_전월세,현대2,개포동,654,84.81,,50000,140,6,13,1986,갱신,26.07~28.07,50000.0,120.0,사용,,
강남구,11680,압구정동,202607,아파트_전월세,미성2차,압구정동,397,74.4,,63000,0,1,20,1987,갱신,26.08~28.08,60000.0,,사용,,
강남구,11680,일원동,202607,아파트_전월세,우성7,일원동,615,84.06,,5000,260,4,15,1987,갱신,26.07~28.07,5000.0,255.0,사용,,
강남구,11680,일원동,202607,아파트_전월세,상록스타힐스,일원동,688,59.963,,49996,29,19,15,2022,갱신,26.11~28.11,47616.0,27.0,,,
강남구,11680,삼성동,202607,아파트_전월세,미켈란107,삼성동,107,83,,20000,470,16,25,2003,신규,26.07~27.07,,,,,
강남구,11680,역삼동,202607,아파트_전월세,한스빌(836),역삼동,836,48.21,,1000,130,2,22,1996,신규,26.09~28.09,,,,,
강남구,11680,도곡동,202607,아파트_전월세,도곡렉슬,도곡동,527,84.9231,,157000,0,2,29,2006,신규,26.07~28.07,,,,,
강남구,11680,삼성동,202607,아파트_전월세,삼부아파트(101동),삼성동,99-13,59.85,,65000,0,7,25,1998,신규,26.09~28.09,,,,,
강남구,11680,압구정동,202607,아파트_전월세,현대4차저층(51~56동),압구정동,462,117.91,,60000,250,5,25,1977,신규,26.10~28.10,,,,,
강남구,11680,대치동,202607,아파트_전월세,래미안대치팰리스,대치동,1027,94.5,,240000,0,16,13,2015,신규,26.08~28.08,,,,,
강남구,11680,삼성동,202607,아파트_전월세,미켈란147,삼성동,147-2,84.86,,20000,420,18,31,2004,신규,26.09~28.09,,,,,
강남구,11680,역삼동,202607,아파트_전월세,역삼푸르지오,역삼동,754-1,84.9097,,124000,0,2,28,2006,신규,26.09~28.09,,,,,
강남구,11680,대치동,202607,아파트_전월세,대치삼성,대치동,1014-3,84.58,,130000,25,9,28,2000,갱신,26.10~28.10,130000.0,,사용,,
강남구,11680,논현동,202607,아파트_전월세,동현아파트1~6,논현동,105,84.92,,3000,350,6,19,1985,신규,26.08~28.08,,,,,
강남구,11680,역삼동,202607,아파트_전월세,역삼I'PARK,역삼동,713-11,28.246,,44000,0,16,18,2006,신규,26.10~28.10,,,,,
강남구,11680,수서동,202607,아파트_전월세,까치마을,수서동,746,34.44,,5500,69,12,22,1993,갱신,26.07~27.07,5500.0,65.0,,,
강남구,11680,일원동,202607,아파트_전월세,상록수,일원동,734,74.54,,82000,0,1,19,1993,신규,26.08~28.08,,,,,
강남구,11680,개포동,202607,아파트_전월세,현대2,개포동,654,165.08,,20000,430,4,21,1986,신규,26.11~28.11,,,,,
강남구,11680,대치동,202607,아파트_전월세,대치아이파크,대치동,888,114.97,,10000,600,23,21,2008,신규,26.08~26.12,,,,,
강남구,11680,개포동,202607,아파트_전월세,개포래미안포레스트,개포동,1282,59.96,,5000,450,19,29,2020,신규,26.09~28.09,,,,,
강남구,11680,대치동,202607,아파트_전월세,하이캐슬,대치동,986-14,84.27,,94500,0,2,30,2008,갱신,26.08~28.08,90000.0,60.0,사용,,
강남구,11680,도곡동,202607,아파트_전월세,도곡렉슬,도곡동,527,114.9931,,150000,180,19,11,2006,신규,26.08~28.08,,,,,
강남구,11680,자곡동,202607,아파트_전월세,강남자곡 힐스테이트,자곡동,619,84.39,,65000,50,7,14,2015,갱신,26.09~28.09,65000.0,,사용,,
강남구,11680,삼성동,202607,아파트_전월세,롯데캐슬프레미어,삼성동,11,122.485,,160000,40,3,11,2007,갱신,26.08~28.08,160000.0,,,,
강남구,11680,개포동,202607,아파트_전월세,래미안블레스티지,개포동,1280,84.94,,90000,174,19,25,2019,갱신,26.08~28.08,90000.0,150.0,사용,,
강남구,11680,도곡동,202607,아파트_전월세,타워팰리스2,도곡동,467-17,115.63,,40000,720,10,29,2003,신규,26.09~28.09,,,,,
강남구,11680,삼성동,202607,아파트_전월세,SM드림빌,삼성동,29-11,52.79,,49350,0,3,28,2003,갱신,26.08~28.08,47000.0,,사용,,
강남구,11680,청담동,202607,아파트_전월세,청담자이,청담동,134-38,89.356,,200000,0,33,28,2011,신규,26.10~28.10,,,,,
강남구,11680,대치동,202607,아파트_전월세,은마,대치동,316,84.43,,28000,150,10,18,1979,갱신,26.08~28.08,28000.0,125.0,,,
강남구,11680,청담동,202607,아파트_전월세,우성아파트,청담동,11-25,84.7,,50000,100,1,27,2005,신규,26.09~28.09,,,,,
강남구,11680,도곡동,202607,아파트_전월세,도곡렉슬,도곡동,527,59.9772,,20000,320,8,10,2006,신규,26.09~27.09,,,,,
강남구,11680,개포동,202607,아파트_전월세,개포래미안포레스트,개포동,1282,84.59,,105000,20,6,28,2020,신규,26.08~28.08,,,,,
강남구,11680,일원동,202607,아파트_전월세,수서,일원동,711,39.98,,35647,0,3,11,1992,갱신,26.08~28.08,33950.0,,사용,,
강남구,11680,청담동,202607,아파트_전월세,청담자이,청담동,134-38,89.115,,20000,790,9,11,2011,신규,26.08~28.08,,,,,
강남구,11680,개포동,202607,아파트_전월세,우성8,개포동,179,79.61,,100000,0,5,20,1987,신규,26.09~28.09,,,,,
강남구,11680,논현동,202607,아파트_전월세,신동아(22),논현동,22,114.34,,115000,0,13,27,1997,갱신,26.08~28.08,115000.0,,사용,,
강남구,11680,일원동,202607,아파트_전월세,푸른마을아파트101동~111동,일원동,719,84.93,,93000,0,12,28,1994,신규,26.10~28.10,,,,,
강남구,11680,도곡동,202607,아파트_전월세,타워팰리스1,도곡동,467,164.95,,240000,0,8,21,2002,갱신,26.07~28.07,210000.0,,,,
강남구,11680,일원동,202607,아파트_전월세,수서,일원동,711,39.98,,42000,0,12,27,1992,갱신,26.08~28.08,37000.0,,,,
강남구,11680,청담동,202607,아파트_전월세,청담자이,청담동,134-38,49.619,,25000,380,32,23,2011,신규,26.09~28.09,,,,,
강남구,11680,자곡동,202607,아파트_전월세,강남브리즈힐,자곡동,618,74.04,,72000,0,4,25,2014,신규,26.10~28.10,,,,,
강남구,11680,역삼동,202607,아파트_전월세,EGSoulLeader,역삼동,828-28,19.37,,1000,80,4,24,2012,신규,26.08~28.08,,,,,
강남구,11680,논현동,202607,아파트_전월세,보타니끄논현,논현동,218-27,61.49,,5000,750,15,31,2024,신규,26.08~27.01,,,,,
강남구,11680,역삼동,202607,아파트_전월세,동부센트레빌,역삼동,716,59.97,,30000,205,4,18,1998,갱신,26.07~28.07,30000.0,200.0,사용,,
강남구,11680,삼성동,202607,아파트_전월세,진흥아파트,삼성동,53-2,207.82,,156000,0,14,24,1984,갱신,26.07~28.07,146000.0,,,,
강남구,11680,삼성동,202607,아파트_전월세,삼부아파트(101동),삼성동,99-13,59.85,,65000,0,7,25,1998,신규,26.09~28.09,,,,,
강남구,11680,대치동,202607,아파트_전월세,한보미도맨션1,대치동,511,84.48,,60000,137,4,8,1983,갱신,26.08~28.08,60000.0,120.0,사용,,
강남구,11680,자곡동,202607,아파트_전월세,래미안강남힐즈,자곡동,611,91.96,,15000,320,7,22,2014,갱신,26.09~28.09,15000.0,270.0,,,
강남구,11680,자곡동,202607,아파트_전월세,강남브리즈힐,자곡동,618,74.93,,70000,0,11,14,2014,신규,26.09~28.09,,,,,
강남구,11680,도곡동,202607,아파트_전월세,도곡렉슬,도곡동,527,119.8906,,140000,200,12,7,2006,신규,26.10~28.10,,,,,
강남구,11680,대치동,202607,아파트_전월세,은마,대치동,316,76.79,,70000,0,6,24,1979,신규,26.09~28.09,,,,,
강남구,11680,삼성동,202607,아파트_전월세,삼성동롯데아파트,삼성동,17,59.4,,5000,320,16,14,2000,신규,26.08~28.08,,,,,
강남구,11680,일원동,202607,아파트_전월세,수서,일원동,711,51.76,,40000,44,12,25,1992,갱신,26.07~28.07,40000.0,35.0,사용,,
강남구,11680,역삼동,202607,아파트_전월세,대우디오빌,역삼동,720-25,59.505,,1000,150,25,15,2002,갱신,26.08~28.07,1000.0,130.0,,,
강남구,11680,논현동,202607,아파트_전월세,신동아(22),논현동,22,35.73,,50000,0,13,28,1997,신규,26.10~28.10,,,,,
강남구,11680,세곡동,202607,아파트_전월세,세곡푸르지오,세곡동,533,59.89,,22600,175,9,11,2012,갱신,26.08~28.08,22600.0,175.0,,,
강남구,11680,도곡동,202607,아파트_전월세,파크힐,도곡동,550-1,58.05,,68000,0,2,3,2005,신규,26.08~28.08,,,,,
강남구,11680,개포동,202607,아파트_전월세,래미안블레스티지,개포동,1280,59.967,,40000,340,3,20,2019,신규,26.09~28.09,,,,,
강남구,11680,개포동,202607,아파트_전월세,성원대치2단지아파트,개포동,12,49.86,,51400,0,6,29,1992,갱신,26.09~28.09,49000.0,,사용,,
강남구,11680,대치동,202607,아파트_전월세,은마,대치동,316,76.79,,60000,0,2,29,1979,신규,26.10~28.10,,,,,
강남구,11680,대치동,202607,아파트_전월세,은마,대치동,316,84.43,,80000,0,12,18,1979,신규,26.09~28.09,,,,,
강남구,11680,대치동,202607,아파트_전월세,은마,대치동,316,76.79,,45000,0,11,17,1979,갱신,26.07~28.07,45000.0,,,,
강남구,11680,세곡동,202607,아파트_전월세,강남엘에이치1단지,세곡동,579,59.89,,35000,160,9,28,2013,갱신,26.10~28.10,30000.0,115.0,,,
강남구,11680,개포동,202607,아파트_전월세,개포자이프레지던스,개포동,1284,78.7747,,40000,390,3,15,2023,신규,26.09~28.09,,,,,
강남구,11680,청담동,202607,아파트_전월세,청담신원아침도시마인,청담동,122-35,30.9214,,2000,200,8,25,2013,갱신,26.10~28.10,2000.0,193.0,사용,,
강남구,11680,도곡동,202607,아파트_전월세,삼성,도곡동,161,54.81,,10000,220,10,19,1994,신규,26.08~28.08,,,,,
강남구,11680,개포동,202607,아파트_전월세,개포주공7단지,개포동,185,73.26,,30000,100,8,22,1983,신규,26.09~28.09,,,,,
강남구,11680,논현동,202607,아파트_전월세,현대넥서스B동,논현동,261-7,196.74,,130000,0,6,10,2000,신규,26.08~28.08,,,,,
강남구,11680,역삼동,202607,아파트_전월세,대우디오빌,역삼동,720-25,59.145,,3000,240,18,24,2002,신규,26.07~28.07,,,,,
강남구,11680,도곡동,202607,아파트_전월세,한신엠비씨,도곡동,895-8,116.24,,105000,40,10,12,1988,갱신,26.07~29.03,95000.0,,,,
강남구,11680,도곡동,202607,아파트_전월세,삼성래미안,도곡동,91-5,59.96,,40000,260,10,25,2001,갱신,26.10~28.10,40000.0,240.0,사용,,
강남구,11680,수서동,202607,아파트_전월세,까치마을,수서동,746,34.44,,5000,145,2,25,1993,신규,26.08~28.08,,,,,
강남구,11680,대치동,202607,아파트_전월세,대우아이빌명문가(891-23),대치동,891-23,33.06,,2000,110,11,24,2004,신규,26.08~27.08,,,,,
강남구,11680,삼성동,202607,아파트_전월세,삼성벨라스빌,삼성동,29-19,146.87,,10000,480,6,25,2002,신규,26.09~28.09,,,,,
강남구,11680,삼성동,202607,아파트_전월세,미켈란147,삼성동,147-2,84.86,,20000,440,13,14,2004,갱신,26.08~28.08,20000.0,430.0,,,
강남구,11680,대치동,202607,아파트_전월세,대치동더블유타워,대치동,952-2,33.78,,1000,125,6,14,2013,신규,26.08~27.08,,,,,
강남구,11680,도곡동,202607,아파트_전월세,삼성,도곡동,161,54.81,,10500,240,11,16,1994,갱신,26.07~28.07,10500.0,142.0,,,
강남구,11680,자곡동,202607,아파트_전월세,래미안강남힐즈,자곡동,611,101.94,,40000,280,10,7,2014,갱신,26.09~28.09,40000.0,240.0,,,
강남구,11680,논현동,202607,아파트_전월세,논현아이파크,논현동,225-6,59.75,,96000,0,8,29,2020,갱신,26.09~29.02,93000.0,,사용,,
강남구,11680,대치동,202607,아파트_전월세,래미안대치하이스턴,대치동,985,110.39,,150000,120,13,31,1989,갱신,26.08~28.08,138500.0,120.0,,,
강남구,11680,일원동,202607,아파트_전월세,디에이치자이개포,일원동,743,41.91,,7640,76,9,14,2021,신규,26.07~28.09,,,,,
강남구,11680,역삼동,202607,아파트_전월세,래미안펜타빌,역삼동,713-7,158.58,,100000,300,24,17,2007,갱신,26.08~28.08,100000.0,280.0,사용,,
강남구,11680,개포동,202607,아파트_전월세,디에이치아너힐즈,개포동,1281,59.8072,,50000,290,8,11,2019,신규,26.08~28.08,,,,,
강남구,11680,역삼동,202607,아파트_전월세,e-편한세상,역삼동,755-4,59.606,,100800,0,13,25,2005,갱신,26.08~28.08,96000.0,,사용,,
강남구,11680,청담동,202607,아파트_전월세,청담2차이-편한세상(204동),청담동,15,98.05,,50000,300,11,22,2005,신규,26.10~28.10,,,,,
강남구,11680,대치동,202607,아파트_전월세,래미안대치팰리스,대치동,1027,94.49,,50000,600,5,21,2015,갱신,26.09~28.09,50000.0,570.0,사용,,
강남구,11680,대치동,202607,아파트_전월세,대치르엘,대치동,1030,59.9972,,30000,440,6,14,2021,신규,26.09~28.09,,,,,
강남구,11680,삼성동,202607,아파트_전월세,우림루미아트,삼성동,75-3,127.82,,105000,0,5,5,2005,신규,26.09~28.09,,,,,
강남구,11680,개포동,202607,아파트_전월세,디에이치아너힐즈,개포동,1281,76.1709,,30000,440,15,29,2019,신규,26.09~27.11,,,,,
강남구,11680,도곡동,202607,아파트_전월세,아카데미스위트1,도곡동,467-7,83,,15000,378,8,8,2004,갱신,26.09~28.09,15000.0,360.0,,,
강남구,11680,역삼동,202607,아파트_전월세,진넥스빌2,역삼동,706-24,23.85,,3000,87,7,23,2003,신규,26.08~27.08,,,,,
강남구,11680,역삼동,202607,아파트_전월세,역삼우정에쉐르2,역삼동,707-18,42.41,,40000,0,2,11,2004,신규,26.08~28.08,,,,,
강남구,11680,도곡동,202607,아파트_전월세,도곡렉슬,도곡동,527,59.9772,,76500,0,7,6,2006,갱신,26.08~28.08,72930.0,,사용,,
강남구,11680,개포동,202607,아파트_전월세,개포자이프레지던스,개포동,1284,78.7747,,50000,370,4,18,2023,신규,26.08~28.08,,,,,
강남구,11680,청담동,202607,아파트_전월세,삼성청담공원아파트,청담동,60,84.96,,93000,0,9,29,1999,갱신,26.08~28.08,88500.0,,,,
강남구,11680,역삼동,202607,아파트_전월세,개나리푸르지오,역삼동,755-1,148.8017,,50000,540,4,25,2006,신규,26.08~28.08,,,,,
강남구,11680,역삼동,202607,아파트_전월세,원에디션강남,역삼동,653-4,40.9599,,5000,350,3,23,2024,신규,26.08~27.08,,,,,
강남구,11680,역삼동,202607,아파트_전월세,역삼2차아이파크,역삼동,765-32,84.587,,10000,420,5,16,2008,갱신,26.08~28.08,10000.0,400.0,사용,,
강남구,11680,역삼동,202607,아파트_전월세,e-편한세상,역삼동,755-4,59.606,,105000,0,12,3,2005,신규,26.08~28.08,,,,,
강남구,11680,대치동,202607,아파트_전월세,선릉역대우아이빌(890-49),대치동,890-49,25.42,,1000,88,12,14,2004,신규,26.08~27.07,,,,,
강남구,11680,청담동,202607,아파트_전월세,청담자이,청담동,134-38,89.115,,20000,790,9,11,2011,신규,26.08~28.08,,,,,
강남구,11680,청담동,202607,아파트_전월세,대우멤버스카운티Ⅱ,청담동,59-2,140.75,,10000,650,3,10,2003,신규,26.07~28.07,,,,,
강남구,11680,압구정동,202607,아파트_전월세,현대3차(61~64동),압구정동,443,82.5,,25000,320,1,22,1976,신규,26.09~28.09,,,,,
강남구,11680,삼성동,202607,아파트_전월세,래미안삼성1차(201동),삼성동,102,84.9,,76500,80,4,18,2006,갱신,26.09~27.09,76500.0,63.0,,,
강남구,11680,개포동,202607,아파트_전월세,삼익대청아파트,개포동,12,51.12,,50400,0,2,31,1992,갱신,26.09~28.09,48000.0,,사용,,
강남구,11680,역삼동,202607,아파트_전월세,쌍용플레티넘밸류,역삼동,826-37,84.9,,10000,310,2,26,2007,신규,26.09~28.09,,,,,
강남구,11680,일원동,202607,아파트_전월세,우성7,일원동,615,68.39,,70000,0,1,31,1987,신규,26.08~28.08,,,,,
강남구,11680,신사동,202607,아파트_전월세,강남상가,신사동,510-11,63.31,,40000,0,4,22,1974,신규,26.10~28.10,,,,,
강남구,11680,청담동,202607,아파트_전월세,대우유로카운티,청담동,50-5,121.48,,130000,0,8,6,2004,신규,26.08~28.08,,,,,
강남구,11680,논현동,202607,아파트_전월세,마일스디오빌,논현동,58-2,36.29,,5000,100,7,27,2004,신규,26.08~28.08,,,,,
강남구,11680,청담동,202607,아파트_전월세,연세빌라(102-6),청담동,102-6,125.64,,20000,580,13,17,1997,신규,26.09~28.09,,,,,
강남구,11680,개포동,202607,아파트_전월세,래미안블레스티지,개포동,1280,84.94,,141000,0,7,27,2019,갱신,26.08~28.08,135000.0,,사용,,
강남구,11680,대치동,202607,아파트_전월세,대치푸르지오써밋,대치동,1032,84.9747,,142000,0,16,4,2023,신규,26.09~28.09,,,,,
강남구,11680,논현동,202607,아파트_전월세,거평프리젠,논현동,196,39.035,,18000,35,5,31,1996,갱신,26.08~28.08,18000.0,30.0,사용,,
강남구,11680,대치동,202607,아파트_전월세,대치푸르지오써밋,대치동,1032,84.9747,,110000,280,17,17,2023,신규,26.10~28.10,,,,,
강남구,11680,역삼동,202607,아파트_전월세,래미안그레이튼(진달래2차),역삼동,762-3,84.81,,135000,40,15,31,2010,신규,26.10~28.10,,,,,
강남구,11680,도곡동,202607,아파트_전월세,도곡렉슬,도곡동,527,84.9984,,40000,480,19,11,2006,신규,26.09~28.09,,,,,
강남구,11680,삼성동,202607,아파트_전월세,서광아파트,삼성동,2,59.67,,10000,300,10,6,1998,갱신,26.07~28.07,20000.0,260.0,사용,,
강남구,11680,역삼동,202607,아파트_전월세,e-편한세상,역삼동,755-4,59.606,,114000,0,22,24,2005,신규,26.10~29.02,,,,,
강남구,11680,대치동,202607,아파트_전월세,대치르엘,대치동,1030,59.9972,,60000,273,6,7,2021,갱신,26.08~28.08,60000.0,250.0,사용,,
강남구,11680,도곡동,202607,아파트_전월세,중명하니빌,도곡동,965,34.32,,8000,45,8,31,1997,갱신,26.08~27.08,8000.0,40.0,,,
강남구,11680,도곡동,202607,아파트_전월세,현대아파트1동~3동,도곡동,961,84.96,,40000,150,4,31,1994,갱신,26.08~28.08,40000.0,100.0,,,
강남구,11680,도곡동,202607,아파트_전월세,SK허브프리모,도곡동,953-1,33.8,,35500,0,20,17,2006,신규,26.10~28.10,,,,,
강남구,11680,도곡동,202607,아파트_전월세,도곡우성아파트,도곡동,934-10,84.83,,80000,0,14,4,1986,갱신,26.08~28.08,75000.0,,,,
강남구,11680,대치동,202607,아파트_전월세,"대치우성아파트1동,2동,3동,5동,6동,7동",대치동,63,84.69,,78000,0,6,16,1984,갱신,26.07~28.07,76000.0,,,,
강남구,11680,역삼동,202607,아파트_전월세,한화진넥스빌,역삼동,706-20,34.82,,5000,120,26,30,2001,신규,26.08~28.08,,,,,
강남구,11680,청담동,202607,아파트_전월세,청담동삼성1차(101동),청담동,33,59.4,,70000,0,3,25,1997,신규,26.10~28.10,,,,,
강남구,11680,세곡동,202607,아파트_전월세,강남신동아파밀리에2단지,세곡동,511,84.97,,80000,0,9,17,2011,갱신,26.09~28.09,68250.0,,,,
강남구,11680,도곡동,202607,아파트_전월세,도곡1차아이파크,도곡동,543-7,130.259,,45000,500,14,11,2007,신규,26.09~29.02,,,,,
강남구,11680,개포동,202607,아파트_전월세,성원대치2단지아파트,개포동,12,49.86,,35000,130,13,17,1992,신규,26.09~28.09,,,,,
강남구,11680,역삼동,202607,아파트_전월세,한화진넥스빌,역삼동,706-20,34.82,,2000,150,14,23,2001,신규,26.08~28.08,,,,,
강남구,11680,역삼동,202607,아파트_전월세,한화진넥스빌,역삼동,706-20,43.58,,1000,121,10,9,2001,신규,26.07~27.07,,,,,
강남구,11680,대치동,202607,아파트_전월세,대치푸르지오써밋,대치동,1032,84.9365,,90000,360,2,28,2023,신규,26.10~28.10,,,,,
강남구,11680,대치동,202607,아파트_전월세,세영팔레스타운,대치동,975-20,84.85,,120000,0,10,7,2002,신규,26.09~28.09,,,,,
강남구,11680,역삼동,202607,아파트_전월세,역삼푸르지오,역삼동,754-1,59.8848,,99750,0,20,11,2006,갱신,26.10~28.10,95000.0,,사용,,
강남구,11680,대치동,202607,아파트_전월세,대우아이빌명문가(891-23),대치동,891-23,33.06,,1000,101,7,6,2004,갱신,26.08~28.08,1000.0,96.0,사용,,
강남구,11680,대치동,202607,아파트_전월세,은마,대치동,316,76.79,,5000,210,8,10,1979,갱신,26.08~28.08,5000.0,200.0,,,
강남구,11680,수서동,202607,아파트_전월세,삼익,수서동,708,60,,75000,0,2,29,1992,신규,26.10~28.10,,,,,
강남구,11680,도곡동,202607,아파트_전월세,현대비젼21,도곡동,467-19,34.995,,3000,140,23,23,1999,신규,26.08~28.08,,,,,
강남구,11680,대치동,202607,아파트_전월세,대치현대,대치동,974,114.59,,125000,0,17,25,1999,신규,26.10~28.10,,,,,
강남구,11680,대치동,202607,아파트_전월세,한보미도맨션2,대치동,511,126.33,,126000,0,14,18,1985,갱신,26.08~28.08,120000.0,,사용,,
강남구,11680,대치동,202607,아파트_전월세,은마,대치동,316,84.43,,60000,0,14,31,1979,신규,26.10~28.10,,,,,
강남구,11680,청담동,202607,아파트_전월세,LAYRCHEONGDAM,청담동,119-3,49.9249,,25000,350,6,7,2025,신규,26.07~27.07,,,,,
강남구,11680,수서동,202607,아파트_전월세,삼성,수서동,747,84.97,,88000,0,2,22,1997,갱신,26.09~28.09,84000.0,,,,
강남구,11680,대치동,202607,아파트_전월세,대치푸르지오써밋,대치동,1032,84.9664,,178500,0,14,11,2023,갱신,26.08~28.08,170000.0,,사용,,
강남구,11680,도곡동,202607,아파트_전월세,한신엠비씨,도곡동,895-8,84.74,,78750,0,15,8,1988,갱신,26.08~28.08,75000.0,,사용,,
강남구,11680,개포동,202607,아파트_전월세,현대2,개포동,654,131.83,,135000,0,3,27,1986,신규,26.10~28.10,,,,,
강남구,11680,역삼동,202607,아파트_전월세,우정에쉐르멤버스,역삼동,708-31,22.12,,18000,20,6,31,2004,신규,26.09~28.09,,,,,
강남구,11680,역삼동,202607,아파트_전월세,한화진넥스빌,역삼동,706-20,39.2,,1000,150,7,28,2001,신규,26.07~27.07,,,,,
강남구,11680,삼성동,202607,아파트_전월세,현대힐스테이트2단지,삼성동,50,84.236,,10000,440,5,13,2008,갱신,26.07~28.07,10000.0,420.0,사용,,
강남구,11680,청담동,202607,아파트_전월세,청담자이,청담동,134-38,49.619,,110000,0,11,7,2011,신규,26.08~28.08,,,,,
강남구,11680,도곡동,202607,아파트_전월세,우성리빙텔,도곡동,467-10,119.25,,95000,0,12,30,1996,신규,26.11~28.11,,,,,
강남구,11680,대치동,202607,아파트_전월세,신성미소시티,대치동,904-10,174.77,,136000,0,4,29,2006,갱신,26.08~27.01,136000.0,,,,
강남구,11680,역삼동,202607,아파트_전월세,역삼푸르지오,역삼동,754-1,59.8848,,110000,0,6,28,2006,신규,26.08~28.08,,,,,
강남구,11680,삼성동,202607,아파트_전월세,LG선릉에클라트(A),삼성동,142-7,36.16,,2000,130,5,7,2003,신규,26.07~28.07,,,,,
강남구,11680,역삼동,202607,아파트_전월세,래미안그레이튼(진달래2차),역삼동,762-3,84.81,,147000,0,13,29,2010,갱신,26.10~28.10,140000.0,,사용,,
강남구,11680,논현동,202607,아파트_전월세,펜트힐캐스케이드,논현동,106,43.01,,63000,0,8,31,2023,신규,26.08~28.08,,,,,
강남구,11680,수서동,202607,아파트_전월세,강남데시앙포레,수서동,795,59.97,,87000,0,14,29,2014,신규,26.10~28.10,,,,,
강남구,11680,도곡동,202607,아파트_전월세,대림아크로빌,도곡동,467-6,130.545,,164000,0,28,28,1999,신규,26.11~28.11,,,,,
강남구,11680,논현동,202607,아파트_전월세,신동아(22),논현동,22,114.34,,80000,0,4,31,1997,신규,26.08~28.08,,,,,
강남구,11680,일원동,202607,아파트_전월세,푸른마을아파트101동~111동,일원동,719,84.93,,65000,90,2,11,1994,갱신,26.07~28.07,55000.0,80.0,,,
강남구,11680,개포동,202607,아파트_전월세,성원대치2단지아파트,개포동,12,33.18,,30000,60,1,23,1992,신규,26.09~28.09,,,,,
강남구,11680,역삼동,202607,아파트_전월세,명인갤러리2차,역삼동,732-25,122.46,,50000,450,12,1,2004,신규,26.08~28.08,,,,,
강남구,11680,도곡동,202607,아파트_전월세,타워팰리스1,도곡동,467,84.15,,134400,0,36,31,2002,갱신,26.09~28.09,128000.0,,사용,,
강남구,11680,도곡동,202607,아파트_전월세,현대비젼21,도곡동,467-19,32.65,,4000,140,16,29,1999,신규,26.09~28.09,,,,,
강남구,11680,개포동,202607,아파트_전월세,개포자이프레지던스,개포동,1284,59.9751,,40000,370,23,31,2023,신규,26.09~28.09,,,,,
강남구,11680,청담동,202607,아파트_전월세,청담우방아파트,청담동,43,59.97,,87000,0,12,30,1999,갱신,26.09~28.09,75000.0,,,,
강남구,11680,일원동,202607,아파트_전월세,수서,일원동,711,39.98,,3000,92,1,4,1992,신규,26.07~28.07,,,,,
강남구,11680,도곡동,202607,아파트_전월세,도곡1차아이파크,도곡동,543-7,130.259,,14000,500,23,1,2007,갱신,26.07~28.07,10000.0,500.0,,,
강남구,11680,압구정동,202607,아파트_전월세,한양1차(영동한양),압구정동,490,78.05,,54600,100,8,22,1977,갱신,26.09~28.09,54600.0,50.0,사용,,
강남구,11680,개포동,202607,아파트_전월세,성원대치2단지아파트,개포동,12,49.86,,65000,0,2,15,1992,신규,26.09~28.09,,,,,
강남구,11680,대치동,202607,아파트_전월세,대치삼성,대치동,1014-3,97.35,,170000,0,15,23,2000,신규,26.09~28.09,,,,,
강남구,11680,역삼동,202607,아파트_전월세,한화진넥스빌,역삼동,706-20,39.2,,27000,15,7,30,2001,신규,26.08~28.08,,,,,
강남구,11680,도곡동,202607,아파트_전월세,삼성래미안,도곡동,91-5,59.96,,87000,80,6,31,2001,신규,26.11~28.11,,,,,
강남구,11680,역삼동,202607,아파트_전월세,역삼래미안,역삼동,757,80.87,,130000,0,19,31,2005,갱신,26.08~28.08,117300.0,,,,
강남구,11680,개포동,202607,아파트_전월세,성원대치2단지아파트,개포동,12,39.53,,53000,0,2,3,1992,신규,26.08~28.08,,,,,
강남구,11680,개포동,202607,아파트_전월세,개포주공7단지,개포동,185,60.76,,42000,0,5,31,1983,갱신,26.08~28.08,46000.0,,,,
강남구,11680,역삼동,202607,아파트_전월세,대우디오빌,역삼동,720-25,30.03,,1000,125,11,31,2002,신규,26.07~27.07,,,,,
강남구,11680,역삼동,202607,아파트_전월세,이지마루역삼,역삼동,678-27,24.6,,2000,147,9,1,2018,갱신,26.07~27.07,2000.0,143.0,,,
강남구,11680,수서동,202607,아파트_전월세,까치마을,수서동,746,39.6,,43050,0,6,17,1993,갱신,26.08~28.08,41000.0,,사용,,
강남구,11680,대치동,202607,아파트_전월세,테헤란로대우아이빌(891-6),대치동,891-6,35.51,,1000,103,17,6,2004,갱신,26.07~27.07,1000.0,98.0,사용,,
강남구,11680,도곡동,202607,아파트_전월세,경남,도곡동,967,59.76,,86000,0,15,30,2005,신규,26.10~28.10,,,,,
강남구,11680,일원동,202607,아파트_전월세,우성7,일원동,615,68.39,,70000,0,1,31,1987,신규,26.08~28.08,,,,,
강남구,11680,수서동,202607,아파트_전월세,까치마을,수서동,746,49.5,,5000,240,4,2,1993,신규,26.08~28.08,,,,,
강남구,11680,일원동,202607,아파트_전월세,한솔마을,일원동,731,84.73,,95000,0,4,18,1994,갱신,26.08~28.08,95000.0,,사용,,
강남구,11680,개포동,202607,아파트_전월세,개포자이프레지던스,개포동,1284,39.945,,1000,320,8,28,2023,신규,26.08~27.08,,,,,
강남구,11680,역삼동,202607,아파트_전월세,대우디오빌,역삼동,720-25,30.03,,30000,0,9,30,2002,갱신,26.08~28.08,30000.0,,,,
강남구,11680,역삼동,202607,아파트_전월세,역삼래미안,역삼동,757,80.87,,130000,0,19,31,2005,갱신,26.08~28.08,110300.0,,,,
강남구,11680,세곡동,202607,아파트_전월세,세곡리엔파크(3단지),세곡동,516,59.97,,2294,46,6,29,2011,신규,26.08~28.10,,,,,
강남구,11680,자곡동,202607,아파트_전월세,강남자곡아이파크,자곡동,602,59.96,,20000,240,7,31,2014,신규,26.08~28.08,,,,,
강남구,11680,압구정동,202607,아파트_전월세,신현대12차,압구정동,434,110.82,,72900,60,5,2,1982,갱신,26.09~28.09,72900.0,,,,
강남구,11680,삼성동,202607,아파트_전월세,삼부아그레빌,삼성동,98-11,79.624,,14000,100,7,26,2003,갱신,26.07~28.07,10000.0,100.0,,,
강남구,11680,삼성동,202607,아파트_전월세,롯데캐슬프레미어,삼성동,11,84.484,,100000,150,7,30,2007,갱신,26.10~28.10,100000.0,100.0,,,
강남구,11680,역삼동,202607,아파트_전월세,래미안그레이튼,역삼동,763-16,70.98,,80000,141,14,11,2009,갱신,26.09~28.09,80000.0,120.0,사용,,
강남구,11680,역삼동,202607,아파트_전월세,역삼동그린비,역삼동,656-32,86.12,,70000,0,7,26,2004,신규,26.09~28.09,,,,,
강남구,11680,수서동,202607,아파트_전월세,삼익,수서동,708,60,,57700,0,4,16,1992,갱신,26.09~28.09,55000.0,,사용,,
강남구,11680,도곡동,202607,아파트_전월세,럭키(963),도곡동,963,84.97,,103000,0,1,20,1995,신규,26.09~28.09,,,,,
강남구,11680,개포동,202607,아파트_전월세,개포주공6단지,개포동,185,60.13,,30000,0,9,18,1983,신규,26.09~28.09,,,,,
강남구,11680,논현동,202607,아파트_전월세,신동아(22),논현동,22,35.73,,42000,0,6,30,1997,갱신,26.09~28.09,39000.0,,,,
강남구,11680,개포동,202607,아파트_전월세,래미안블레스티지,개포동,1280,59.888,,105000,0,7,9,2019,갱신,26.08~28.08,100000.0,,사용,,
강남구,11680,대치동,202607,아파트_전월세,테헤란로대우아이빌(891-6),대치동,891-6,66.83,,30000,120,26,22,2004,신규,26.08~28.08,,,,,
강남구,11680,역삼동,202607,아파트_전월세,개나리푸르지오,역삼동,755-1,59.6851,,115000,0,3,25,2006,갱신,26.08~28.08,110000.0,,,,
강남구,11680,개포동,202607,아파트_전월세,삼익대청아파트,개포동,12,39.53,,5000,120,2,31,1992,갱신,26.08~27.08,5000.0,120.0,사용,,
강남구,11680,대치동,202607,아파트_전월세,테헤란로대우아이빌(891-6),대치동,891-6,59.83,,2000,218,8,31,2004,갱신,26.08~28.07,2000.0,208.0,사용,,
강남구,11680,개포동,202607,아파트_전월세,성원대치2단지아파트,개포동,12,33.18,,42000,0,1,25,1992,신규,26.10~28.10,,,,,
강남구,11680,삼성동,202607,아파트_전월세,현대힐스테이트2단지,삼성동,50,84.435,,15000,490,11,6,2008,신규,26.07~28.07,,,,,
강남구,11680,수서동,202607,아파트_전월세,삼익,수서동,708,60,,75000,0,12,23,1992,신규,26.09~28.09,,,,,
강남구,11680,역삼동,202607,아파트_전월세,동부센트레빌,역삼동,716,84.97,,97650,0,1,25,1998,갱신,26.10~28.10,93000.0,,사용,,
강남구,11680,수서동,202607,아파트_전월세,삼익,수서동,708,60,,10000,200,5,4,1992,신규,26.09~28.09,,,,,
강남구,11680,도곡동,202607,아파트_전월세,대우디오빌,도곡동,952,25.89,,22200,0,8,30,2004,신규,26.11~28.11,,,,,
강남구,11680,일원동,202607,아파트_전월세,한솔마을,일원동,731,63.76,,72000,0,3,2,1994,신규,26.08~28.08,,,,,
강남구,11680,청담동,202607,아파트_전월세,진흥아파트,청담동,65,109.31,,75000,0,3,13,1984,신규,26.07~28.01,,,,,
강남구,11680,청담동,202607,아파트_전월세,청담2차이-편한세상(205동),청담동,15-21,84.77,,10000,420,5,27,2006,신규,26.08~28.08,,,,,
강남구,11680,논현동,202607,아파트_전월세,두산위브2단지,논현동,258,68.484,,80000,20,2,28,2004,신규,26.09~28.09,,,,,
강남구,11680,개포동,202607,아파트_전월세,경남1,개포동,649,123.28,,108000,0,7,25,1984,갱신,26.07~28.07,103000.0,,사용,,
강남구,11680,청담동,202607,아파트_전월세,청담린든그로브,청담동,67-1,176.8495,,5400,1800,2,27,2017,신규,26.09~29.09,,,,,
강남구,11680,대치동,202607,아파트_전월세,테헤란로대우아이빌(891-6),대치동,891-6,30.46,,2000,120,24,24,2004,신규,26.09~27.09,,,,,
강남구,11680,대치동,202607,아파트_전월세,대치푸르지오써밋,대치동,1032,117.6566,,110000,600,7,29,2023,신규,26.10~28.10,,,,,
강남구,11680,대치동,202607,아파트_전월세,"대치우성아파트1동,2동,3동,5동,6동,7동",대치동,63,115.59,,110000,0,4,30,1984,갱신,26.09~28.09,105000.0,,,,
강남구,11680,자곡동,202607,아파트_전월세,강남한양수자인(4단지),자곡동,686,49.94,,9214,17,2,30,2014,갱신,26.08~28.07,5430.0,38.0,,,
강남구,11680,도곡동,202607,아파트_전월세,타워팰리스1,도곡동,467,137.24,,260000,0,24,24,2002,신규,26.11~28.11,,,,,
강남구,11680,율현동,202607,아파트_전월세,강남한신휴플러스6단지,율현동,365,84.83,,82000,0,5,24,2015,신규,26.09~28.09,,,,,
강남구,11680,삼성동,202607,아파트_전월세,래미안라클래시,삼성동,189,101.98,,20000,830,12,3,2021,신규,26.07~28.07,,,,,
강남구,11680,논현동,202607,아파트_전월세,리스트강남,논현동,202-7,17.42,,7533,54,14,30,2022,신규,26.10~28.10,,,,,
강남구,11680,도곡동,202607,아파트_전월세,하이페리온,도곡동,968,181.2,,177000,0,12,30,2004,신규,26.11~28.11,,,,,
강남구,11680,자곡동,202607,아파트_전월세,LH수서2단지아파트,자곡동,138-2,36.84,,12996,45,7,30,2024,신규,26.07~28.09,,,,,
강남구,11680,압구정동,202607,아파트_전월세,현대8차(성수현대:91~95동),압구정동,481,107.64,,20000,250,6,30,1980,신규,26.09~28.09,,,,,
강남구,11680,개포동,202607,아파트_전월세,개포자이프레지던스,개포동,1284,78.7747,,100000,160,7,29,2023,신규,26.09~28.09,,,,,
강남구,11680,개포동,202607,아파트_전월세,디에이치아너힐즈,개포동,1281,84.3558,,10000,527,10,18,2019,갱신,26.08~28.08,10000.0,500.0,사용,,
강남구,11680,대치동,202607,아파트_전월세,대치삼성,대치동,1014-3,84.58,,131000,0,11,28,2000,갱신,26.08~28.08,126000.0,,,,
강남구,11680,청담동,202607,아파트_전월세,청담자이,청담동,134-38,49.618,,10000,420,16,3,2011,갱신,26.07~28.07,10000.0,400.0,사용,,
강남구,11680,대치동,202607,아파트_전월세,대치아이파크,대치동,888,119.58,,100000,397,2,30,2008,갱신,26.08~28.08,100000.0,360.0,사용,,
강남구,11680,도곡동,202607,아파트_전월세,도곡렉슬,도곡동,527,59.9818,,5000,400,23,17,2006,신규,26.08~26.12,,,,,
강남구,11680,일원동,202607,아파트_전월세,푸른마을아파트101동~111동,일원동,719,84.93,,90000,0,6,23,1994,신규,26.09~28.09,,,,,
강남구,11680,역삼동,202607,아파트_전월세,역삼자이,역삼동,711-3,84.993,,155000,0,22,28,2016,신규,26.09~28.09,,,,,
강남구,11680,대치동,202607,아파트_전월세,"쌍용대치아파트1동,2동,3동,5동,6동",대치동,66,128.03,,110000,0,5,14,1983,갱신,26.09~28.09,99750.0,,,,
강남구,11680,자곡동,202607,아파트_전월세,강남자곡 힐스테이트,자곡동,619,74.8,,65000,0,7,29,2015,갱신,26.08~27.10,63000.0,,사용,,
강남구,11680,역삼동,202607,아파트_전월세,역삼푸르지오,역삼동,754-1,59.8848,,50000,198,21,1,2006,갱신,26.09~28.09,50000.0,180.0,사용,,
강남구,11680,대치동,202607,아파트_전월세,테헤란로대우아이빌(891-6),대치동,891-6,33.11,,5000,95,11,20,2004,신규,26.08~27.08,,,,,
강남구,11680,일원동,202607,아파트_전월세,래미안 개포 루체하임,일원동,741,84.97,,60000,273,20,2,2018,갱신,26.09~28.09,60000.0,250.0,사용,,
강남구,11680,개포동,202607,아파트_전월세,래미안블레스티지,개포동,1280,126.928,,210000,0,11,28,2019,갱신,26.10~28.10,200000.0,,사용,,
강남구,11680,개포동,202607,아파트_전월세,개포래미안포레스트,개포동,1282,84.59,,20000,65,17,3,2020,신규,26.07~28.07,,,,,
강남구,11680,개포동,202607,아파트_전월세,SH대치1단지아파트,개포동,12,25.46,,512,6,2,3,1991,신규,26.07~28.09,,,,,
강남구,11680,대치동,202607,아파트_전월세,대우아이빌명문가(891-23),대치동,891-23,33.06,,1000,95,9,2,2004,갱신,26.07~28.07,1000.0,92.0,사용,,
강남구,11680,역삼동,202607,아파트_전월세,역삼자이,역삼동,711-3,114.019,,65000,390,21,10,2016,갱신,26.10~27.10,60000.0,390.0,,,
강남구,11680,역삼동,202607,아파트_전월세,한화진넥스빌,역삼동,706-20,39.2,,28500,0,11,22,2001,신규,26.09~28.08,,,,,
강남구,11680,압구정동,202607,아파트_전월세,"현대7차(73~77,82,85동)",압구정동,456,157.36,,178500,0,5,9,1979,갱신,26.07~28.07,170000.0,,사용,,
강남구,11680,일원동,202607,아파트_전월세,상록수,일원동,734,84.95,,78000,30,3,4,1993,갱신,26.08~28.11,72500.0,50.0,,,
강남구,11680,개포동,202607,아파트_전월세,개포래미안포레스트,개포동,1282,59.92,,42000,272,9,30,2020,갱신,26.10~28.10,40000.0,260.0,사용,,
강남구,11680,수서동,202607,아파트_전월세,강남데시앙포레,수서동,795,84.92,,88000,0,5,30,2014,갱신,26.08~29.08,85000.0,,사용,,
강남구,11680,도곡동,202607,아파트_전월세,도곡우성아파트,도곡동,934-10,76.38,,75000,0,8,28,1986,갱신,26.10~28.10,65000.0,,,,
강남구,11680,신사동,202607,아파트_전월세,강남상가,신사동,510-11,65.72,,2000,110,3,10,1974,신규,26.07~28.07,,,,,
강남구,11680,역삼동,202607,아파트_전월세,역삼푸르지오,역삼동,754-1,59.8848,,25000,280,24,25,2006,갱신,26.08~29.02,21000.0,158.0,,,
강남구,11680,도곡동,202607,아파트_전월세,한신엠비씨,도곡동,895-8,84.74,,84000,0,6,29,1988,갱신,26.07~28.07,80000.0,,,,
강남구,11680,자곡동,202607,아파트_전월세,LH수서2단지아파트,자곡동,138-2,36.84,,12996,45,2,30,2024,신규,26.07~28.09,,,,,
강남구,11680,대치동,202607,아파트_전월세,대치현대,대치동,974,59.82,,70000,0,16,14,1999,갱신,26.08~28.08,70000.0,,,,
강남구,11680,개포동,202607,아파트_전월세,성원대치2단지아파트,개포동,12,33.18,,20000,80,3,25,1992,갱신,26.08~28.08,35000.0,,,,
강남구,11680,세곡동,202607,아파트_전월세,세곡리엔파크(3단지),세곡동,516,59.97,,5735,39,6,29,2011,신규,26.08~28.10,,,,,
강남구,11680,자곡동,202607,아파트_전월세,LH수서2단지아파트,자곡동,138-2,36.84,,12274,43,12,30,2024,신규,26.07~28.09,,,,,
강남구,11680,개포동,202607,아파트_전월세,성원대치2단지아파트,개포동,12,33.18,,4000,121,8,30,1992,갱신,26.09~28.09,4000.0,115.0,사용,,
강남구,11680,자곡동,202607,아파트_전월세,LH수서2단지아파트,자곡동,138-2,14.69,,5220,18,10,30,2024,신규,26.07~28.09,,,,,
강남구,11680,삼성동,202607,아파트_전월세,삼성동힐스테이트 1단지,삼성동,16-2,84.236,,50000,240,9,26,2008,갱신,26.09~28.09,50000.0,230.0,사용,,
강남구,11680,도곡동,202607,아파트_전월세,도곡우성아파트,도곡동,934-10,84.83,,79000,0,2,29,1986,갱신,26.10~28.10,70000.0,,,,
강남구,11680,수서동,202607,아파트_전월세,신동아,수서동,736,39.53,,45000,0,8,30,1992,신규,26.10~28.10,,,,,
강남구,11680,자곡동,202607,아파트_전월세,강남에버시움,자곡동,621,36.08,,2356,29,9,30,2013,신규,26.07~28.09,,,,,
강남구,11680,삼성동,202607,아파트_전월세,LG선릉에클라트(A),삼성동,142-7,36.16,,20000,40,2,29,2003,신규,26.09~28.09,,,,,
강남구,11680,대치동,202607,아파트_전월세,개포우성1,대치동,503,189.98,,180000,0,5,29,1983,갱신,26.07~28.07,166000.0,,,,
강남구,11680,논현동,202607,아파트_전월세,마일스디오빌,논현동,58-2,36.29,,1500,140,4,8,2004,신규,26.07~27.07,,,,,
강남구,11680,역삼동,202607,아파트_전월세,한화진넥스빌,역삼동,706-20,41.68,,3000,110,6,20,2001,신규,26.07~27.07,,,,,
강남구,11680,청담동,202607,아파트_전월세,삼환(101동),청담동,10,84.98,,90000,0,10,28,1999,신규,26.09~28.08,,,,,
강남구,11680,세곡동,202607,아파트_전월세,강남데시앙파크,세곡동,525,114.69,,21000,250,3,22,2011,갱신,26.08~28.08,21000.0,200.0,,,
강남구,11680,일원동,202607,아파트_전월세,상록스타힐스,일원동,688,59.921,,36009,105,10,29,2022,신규,26.08~28.08,,,,,
강남구,11680,대치동,202607,아파트_전월세,"대치우성아파트1동,2동,3동,5동,6동,7동",대치동,63,115.59,,95000,0,8,29,1984,신규,26.10~28.10,,,,,
강남구,11680,일원동,202607,아파트_전월세,상록수,일원동,734,74.54,,50000,100,5,22,1993,갱신,26.09~28.09,50000.0,90.0,사용,,
강남구,11680,대치동,202607,아파트_전월세,테헤란로대우아이빌(891-6),대치동,891-6,65.24,,5000,80,6,22,2004,신규,26.08~27.08,,,,,
강남구,11680,역삼동,202607,아파트_전월세,에벤에셀빌라트,역삼동,685-19,116,,3000,200,3,10,2001,신규,26.08~28.08,,,,,
강남구,11680,역삼동,202607,아파트_전월세,EGSoulLeader,역삼동,828-28,27.67,,28200,5,5,29,2012,신규,26.09~28.09,,,,,
강남구,11680,대치동,202607,아파트_전월세,은마,대치동,316,76.79,,46000,60,1,29,1979,갱신,26.09~27.11,46000.0,60.0,,,
강남구,11680,개포동,202607,아파트_전월세,현대2,개포동,654,131.83,,120000,0,3,29,1986,신규,26.10~28.10,,,,,
강남구,11680,역삼동,202607,아파트_전월세,한화진넥스빌,역삼동,706-20,39.2,,1500,145,12,6,2001,신규,26.07~27.07,,,,,
강남구,11680,세곡동,202607,아파트_전월세,강남신동아파밀리에2단지,세곡동,511,59.97,,2105,44,11,29,2011,신규,26.08~28.10,,,,,
강남구,11680,개포동,202607,아파트_전월세,디에이치아너힐즈,개포동,1281,84.3558,,140000,0,12,29,2019,신규,26.09~28.09,,,,,
강남구,11680,개포동,202607,아파트_전월세,래미안블레스티지,개포동,1280,59.837,,115000,0,18,29,2019,신규,26.10~28.10,,,,,
강남구,11680,삼성동,202607,아파트_전월세,삼성동힐스테이트 1단지,삼성동,16-2,84.236,,60000,300,14,11,2008,신규,26.09~28.09,,,,,
강남구,11680,세곡동,202607,아파트_전월세,강남엘에이치1단지,세곡동,579,84.84,,5000,380,10,24,2013,신규,26.07~28.07,,,,,
강남구,11680,수서동,202607,아파트_전월세,까치마을,수서동,746,49.5,,52700,0,15,25,1993,신규,26.10~28.10,,,,,
강남구,11680,역삼동,202607,아파트_전월세,e-편한세상,역삼동,755-4,84.991,,10000,510,15,18,2005,신규,26.10~28.10,,,,,
강남구,11680,역삼동,202607,아파트_전월세,e-편한세상,역삼동,755-4,59.606,,70000,140,9,9,2005,신규,26.10~28.10,,,,,
강남구,11680,일원동,202607,아파트_전월세,상록스타힐스,일원동,688,59.963,,62496,0,4,24,2022,갱신,26.11~28.11,59520.0,,,,
강남구,11680,도곡동,202607,아파트_전월세,대림아크로빌,도곡동,467-6,146.754,,178000,0,38,29,1999,갱신,26.10~28.10,170000.0,,사용,,
강남구,11680,청담동,202607,아파트_전월세,휴먼스타빌,청담동,5-25,35.905,,45000,0,14,29,2005,신규,26.08~28.08,,,,,
강남구,11680,역삼동,202607,아파트_전월세,래미안펜타빌,역삼동,713-7,158.58,,175000,0,4,11,2007,갱신,26.09~28.09,167000.0,,사용,,
강남구,11680,자곡동,202607,아파트_전월세,강남브리즈힐,자곡동,618,84.98,,75000,50,10,25,2014,신규,26.10~28.10,,,,,
강남구,11680,대치동,202607,아파트_전월세,은마,대치동,316,76.79,,54680,0,4,27,1979,갱신,26.07~28.07,52080.0,,사용,,
강남구,11680,개포동,202607,아파트_전월세,성원대치2단지아파트,개포동,12,39.53,,40000,0,6,29,1992,갱신,26.08~28.08,40000.0,,,,
강남구,11680,대치동,202607,아파트_전월세,한보미도맨션1,대치동,511,128.01,,78000,200,14,27,1983,갱신,26.09~28.09,78000.0,180.0,,,
강남구,11680,세곡동,202607,아파트_전월세,강남신동아파밀리에2단지,세곡동,511,59.97,,5263,37,11,29,2011,신규,26.08~28.10,,,,,
강남구,11680,세곡동,202607,아파트_전월세,세곡푸르지오,세곡동,533,84.83,,87000,0,13,28,2012,갱신,26.07~28.07,80000.0,,,,
강남구,11680,개포동,202607,아파트_전월세,성원대치2단지아파트,개포동,12,49.86,,10000,164,7,25,1992,갱신,26.08~28.08,10000.0,155.0,사용,,
강남구,11680,역삼동,202607,아파트_전월세,금호어울림,역삼동,835-67,133.77,,65000,220,10,26,2003,갱신,26.07~28.07,60000.0,220.0,,,
강남구,11680,대치동,202607,아파트_전월세,한보미도맨션2,대치동,511,115.05,,136000,0,4,29,1985,갱신,26.10~28.10,130000.0,,사용,,
강남구,11680,대치동,202607,아파트_전월세,은마,대치동,316,76.79,,50000,90,10,1,1979,신규,26.08~28.08,,,,,
강남구,11680,도곡동,202607,아파트_전월세,SK허브프리모,도곡동,953-1,70.31,,35000,160,15,23,2006,갱신,26.07~28.07,5000.0,270.0,,,
강남구,11680,대치동,202607,아파트_전월세,한보미도맨션2,대치동,511,126.33,,90000,160,8,18,1985,신규,26.09~28.09,,,,,
강남구,11680,삼성동,202607,아파트_전월세,삼성풍림2차아파트,삼성동,104,93.78,,105000,0,5,24,1998,신규,26.09~28.09,,,,,
강남구,11680,역삼동,202607,아파트_전월세,래미안그레이튼,역삼동,763-16,84.97,,110000,150,10,2,2009,신규,26.07~28.07,,,,,
강남구,11680,압구정동,202607,아파트_전월세,현대3차(61~64동),압구정동,443,82.5,,10000,300,7,28,1976,갱신,26.08~28.08,40000.0,100.0,,,
강남구,11680,세곡동,202607,아파트_전월세,강남신동아파밀리에2단지,세곡동,511,59.97,,5263,37,6,29,2011,신규,26.08~28.10,,,,,
강남구,11680,대치동,202607,아파트_전월세,대치아이파크,대치동,888,84.93,,136500,68,17,11,2008,갱신,26.07~28.07,130000.0,65.0,사용,,
강남구,11680,수서동,202607,아파트_전월세,삼익,수서동,708,60,,60000,0,1,25,1992,갱신,26.08~28.07,52000.0,,,,
강남구,11680,청담동,202607,아파트_전월세,청담동삼성1차(101동),청담동,33,59.4,,5000,290,5,3,1997,신규,26.09~28.09,,,,,
강남구,11680,세곡동,202607,아파트_전월세,세곡푸르지오,세곡동,533,74.74,,75000,0,4,25,2012,갱신,26.08~28.08,72000.0,,사용,,
강남구,11680,도곡동,202607,아파트_전월세,삼익,도곡동,869,153.71,,85000,0,1,27,1983,갱신,26.07~28.07,83000.0,,,,
강남구,11680,일원동,202607,아파트_전월세,푸른마을아파트101동~111동,일원동,719,59.76,,68000,0,6,18,1994,갱신,26.07~28.09,65000.0,,사용,,
강남구,11680,도곡동,202607,아파트_전월세,도곡렉슬,도곡동,527,84.9984,,117100,130,19,25,2006,갱신,26.07~28.07,110000.0,130.0,,,
강남구,11680,개포동,202607,아파트_전월세,개포래미안포레스트,개포동,1282,59.96,,10000,430,18,1,2020,신규,26.07~28.07,,,,,
강남구,11680,도곡동,202607,아파트_전월세,경남,도곡동,967,84.94,,110000,0,14,28,2005,신규,26.09~28.09,,,,,
강남구,11680,수서동,202607,아파트_전월세,신동아,수서동,736,39.51,,37044,0,10,1,1992,갱신,26.07~28.07,35280.0,,,,
강남구,11680,일원동,202607,아파트_전월세,디에이치자이개포,일원동,743,76.6,,100000,190,8,27,2021,신규,26.10~28.10,,,,,
강남구,11680,자곡동,202607,아파트_전월세,강남자곡아이파크,자곡동,602,74.89,,73500,0,3,25,2014,갱신,26.07~28.07,70000.0,,사용,,
강남구,11680,대치동,202607,아파트_전월세,테헤란로대우아이빌(891-6),대치동,891-6,59.83,,57645,0,6,28,2004,갱신,26.10~28.10,54900.0,,사용,,
강남구,11680,대치동,202607,아파트_전월세,대치현대,대치동,974,59.82,,71600,0,17,28,1999,신규,26.09~28.09,,,,,
강남구,11680,도곡동,202607,아파트_전월세,대우디오빌,도곡동,952,31.81,,25000,20,12,14,2004,신규,26.07~28.07,,,,,
강남구,11680,도곡동,202607,아파트_전월세,현대아파트1동~3동,도곡동,961,84.96,,95000,0,8,23,1994,신규,26.10~28.10,,,,,
강남구,11680,일원동,202607,아파트_전월세,디에이치자이개포,일원동,743,44.57,,23370,34,6,28,2021,갱신,26.08~28.07,16800.0,66.0,,,
강남구,11680,삼성동,202607,아파트_전월세,우정에쉐르2,삼성동,144-10,55.12,,3000,270,12,2,2004,신규,26.07~28.07,,,,,
강남구,11680,개포동,202607,아파트_전월세,성원대치2단지아파트,개포동,12,39.53,,50000,0,6,9,1992,갱신,26.09~28.09,30000.0,,,,
강남구,11680,역삼동,202607,아파트_전월세,역삼푸르지오,역삼동,754-1,84.9097,,131000,0,6,28,2006,갱신,26.09~28.09,115000.0,,,,
강남구,11680,개포동,202607,아파트_전월세,삼익대청아파트,개포동,12,39.53,,29700,6,2,28,1992,갱신,26.07~28.07,29700.0,,사용,,
강남구,11680,역삼동,202607,아파트_전월세,한화진넥스빌,역삼동,706-20,39.2,,1000,160,20,27,2001,신규,26.07~27.07,,,,,
강남구,11680,개포동,202607,아파트_전월세,성원대치2단지아파트,개포동,12,39.53,,55000,0,14,24,1992,신규,26.09~28.09,,,,,
강남구,11680,일원동,202607,아파트_전월세,디에이치포레센트,일원동,742,84.94,,50000,400,1,6,2021,신규,26.07~28.07,,,,,
강남구,11680,삼성동,202607,아파트_전월세,현대힐스테이트2단지,삼성동,50,84.236,,122850,0,5,27,2008,갱신,26.07~27.07,117000.0,,,,
강남구,11680,대치동,202607,아파트_전월세,하이캐슬,대치동,986-14,156.92,,160000,160,11,25,2008,갱신,26.09~29.02,160000.0,100.0,,,
강남구,11680,압구정동,202607,아파트_전월세,현대8차(성수현대:91~95동),압구정동,481,107.64,,20000,330,4,14,1980,신규,26.08~28.08,,,,,
강남구,11680,압구정동,202607,아파트_전월세,"현대1차(12,13,21,22,31,32,33동)",압구정동,369-1,131.49,,120750,0,11,16,1976,갱신,26.09~28.09,115000.0,,사용,,
강남구,11680,개포동,202607,아파트_전월세,삼익대청아파트,개포동,12,60,,5000,164,15,20,1992,갱신,26.08~27.02,5000.0,156.0,,,
강남구,11680,개포동,202607,아파트_전월세,래미안블레스티지,개포동,1280,84.943,,145000,0,4,25,2019,신규,26.10~28.10,,,,,
강남구,11680,개포동,202607,아파트_전월세,개포현대200동,개포동,655-1,82.2,,80000,0,4,25,1986,갱신,26.07~28.07,73000.0,,,,
강남구,11680,개포동,202607,아파트_전월세,래미안블레스티지,개포동,1280,113.96,,210000,40,22,27,2019,갱신,26.10~28.10,210000.0,,,,
강남구,11680,수서동,202607,아파트_전월세,강남 더샵 포레스트,수서동,799,124.5802,,168000,0,6,25,2016,갱신,26.09~28.09,150000.0,,,,
강남구,11680,역삼동,202607,아파트_전월세,역삼푸르지오,역삼동,754-1,84.9097,,130000,0,13,26,2006,신규,26.08~28.08,,,,,
강남구,11680,대치동,202607,아파트_전월세,은마,대치동,316,76.79,,65000,0,6,18,1979,갱신,26.08~28.08,62000.0,,사용,,
강남구,11680,청담동,202607,아파트_전월세,신동아,청담동,134-16,84.94,,66500,0,2,5,1997,갱신,26.07~28.07,64000.0,,사용,,
강남구,11680,논현동,202607,아파트_전월세,거평프리젠,논현동,196,31.295,,23500,0,2,20,1996,갱신,26.08~28.08,23000.0,,사용,,
강남구,11680,삼성동,202607,아파트_전월세,현대힐스테이트2단지,삼성동,50,84.349,,135000,0,2,25,2008,신규,26.10~28.10,,,,,
강남구,11680,삼성동,202607,아파트_전월세,현대힐스테이트2단지,삼성동,50,38.671,,5000,270,22,25,2008,신규,26.08~28.08,,,,,
강남구,11680,대치동,202607,아파트_전월세,풍림아이원4차(1007-2),대치동,1007-2,114.55,,120000,150,6,25,2004,신규,26.10~28.10,,,,,
강남구,11680,대치동,202607,아파트_전월세,대치푸르지오써밋,대치동,1032,84.9747,,142000,0,16,4,2023,신규,26.09~28.09,,,,,
강남구,11680,대치동,202607,아파트_전월세,래미안대치팰리스,대치동,1027,94.49,,80000,499,10,25,2015,갱신,26.10~28.10,80000.0,475.0,사용,,
강남구,11680,대치동,202607,아파트_전월세,"대치우성아파트1동,2동,3동,5동,6동,7동",대치동,63,84.69,,40000,150,9,13,1984,갱신,26.08~28.08,40000.0,140.0,사용,,
강남구,11680,대치동,202607,아파트_전월세,개포우성2,대치동,500,127.78,,165000,0,5,8,1984,신규,26.07~28.07,,,,,
강남구,11680,역삼동,202607,아파트_전월세,금호어울림,역삼동,835-67,84.95,,96000,0,2,10,2003,갱신,26.07~28.07,86000.0,,,,
강남구,11680,역삼동,202607,아파트_전월세,대우디오빌플러스,역삼동,824-25,43.99,,36000,0,2,27,2004,신규,26.08~28.08,,,,,
강남구,11680,세곡동,202607,아파트_전월세,강남신동아파밀리에1단지,세곡동,508,39.95,,1353,31,2,27,2011,갱신,26.08~28.07,3159.0,27.0,,,
강남구,11680,논현동,202607,아파트_전월세,한양수자인어반게이트,논현동,221-7,16.2,,18900,0,7,24,2013,신규,26.08~28.08,,,,,
강남구,11680,대치동,202607,아파트_전월세,선경2차(8동-12동),대치동,506,160.76,,170000,0,15,15,1985,신규,26.10~28.10,,,,,
강남구,11680,개포동,202607,아파트_전월세,삼익대청아파트,개포동,12,39.53,,29700,6,2,28,1992,갱신,26.07~28.07,29700.0,,사용,,
강남구,11680,개포동,202607,아파트_전월세,성원대치2단지아파트,개포동,12,39.53,,50000,0,6,9,1992,갱신,26.09~28.09,30000.0,,,,
강남구,11680,개포동,202607,아파트_전월세,개포래미안포레스트,개포동,1282,84.83,,135000,0,31,25,2020,갱신,26.09~28.09,129000.0,,사용,,
강남구,11680,수서동,202607,아파트_전월세,신동아,수서동,736,39.53,,20000,80,3,27,1992,갱신,26.09~28.09,20000.0,40.0,,,
강남구,11680,청담동,202607,아파트_전월세,청담신원아침도시마인,청담동,122-35,27.7131,,2000,120,5,2,2013,갱신,26.07~27.07,2000.0,115.0,사용,,
강남구,11680,개포동,202607,아파트_전월세,래미안블레스티지,개포동,1280,99.919,,175000,0,9,26,2019,신규,26.09~28.09,,,,,
강남구,11680,도곡동,202607,아파트_전월세,타워팰리스3,도곡동,467-29,157.284,,100000,600,52,24,2004,신규,26.07~27.06,,,,,
강남구,11680,삼성동,202607,아파트_전월세,삼성동롯데아파트,삼성동,17,59.4,,53000,32,17,25,2000,갱신,26.09~28.09,50100.0,32.0,,,
강남구,11680,압구정동,202607,아파트_전월세,현대8차(성수현대:91~95동),압구정동,481,111.5,,70000,50,7,27,1980,갱신,26.10~28.10,70000.0,,,,
강남구,11680,개포동,202607,아파트_전월세,래미안블레스티지,개포동,1280,84.95,,50000,370,13,27,2019,신규,26.09~28.09,,,,,
강남구,11680,개포동,202607,아파트_전월세,개포래미안포레스트,개포동,1282,59.96,,10000,430,18,1,2020,신규,26.07~28.07,,,,,
강남구,11680,수서동,202607,아파트_전월세,강남데시앙포레,수서동,795,59.81,,73500,0,2,13,2014,갱신,26.08~28.08,70000.0,,사용,,
강남구,11680,도곡동,202607,아파트_전월세,도곡렉슬,도곡동,527,134.9023,,50000,534,2,24,2006,갱신,26.07~28.07,50000.0,500.0,사용,,
강남구,11680,압구정동,202607,아파트_전월세,현대3차(61~64동),압구정동,443,82.5,,93000,0,10,22,1976,갱신,26.08~28.08,77000.0,,,,
강남구,11680,자곡동,202607,아파트_전월세,강남에버시움,자곡동,621,36.08,,3533,23,11,27,2013,갱신,26.08~28.07,2222.0,28.0,,,
강남구,11680,수서동,202607,아파트_전월세,까치마을,수서동,746,39.6,,34500,0,1,24,1993,신규,26.10~28.10,,,,,
강남구,11680,자곡동,202607,아파트_전월세,강남한양수자인(4단지),자곡동,686,84.89,,93000,0,3,25,2014,갱신,26.08~28.08,73000.0,,,,
강남구,11680,삼성동,202607,아파트_전월세,LG선릉에클라트(A),삼성동,142-7,36.16,,28300,0,2,24,2003,신규,26.08~28.08,,,,,
강남구,11680,수서동,202607,아파트_전월세,까치마을,수서동,746,49.5,,50000,0,15,25,1993,신규,26.09~28.09,,,,,
강남구,11680,일원동,202607,아파트_전월세,상록수,일원동,734,74.54,,74000,0,4,25,1993,갱신,26.08~28.08,71000.0,,사용,,
강남구,11680,개포동,202607,아파트_전월세,개포자이프레지던스,개포동,1284,59.9751,,120000,0,8,25,2023,신규,26.10~28.10,,,,,
강남구,11680,압구정동,202607,아파트_전월세,한양1차(영동한양),압구정동,490,78.05,,20000,220,4,23,1977,갱신,26.08~28.08,20000.0,220.0,사용,,
강남구,11680,대치동,202607,아파트_전월세,은마,대치동,316,76.79,,35000,160,13,25,1979,갱신,26.08~28.08,35000.0,130.0,사용,,
강남구,11680,대치동,202607,아파트_전월세,대치아이파크,대치동,888,84.95,,80000,320,13,11,2008,신규,26.09~28.09,,,,,
강남구,11680,역삼동,202607,아파트_전월세,이스턴오피스텔,역삼동,735-15,14.78,,1000,84,11,21,2014,신규,26.07~27.07,,,,,
강남구,11680,역삼동,202607,아파트_전월세,래미안그레이튼,역삼동,763-16,59.97,,20000,360,10,25,2009,신규,26.10~28.10,,,,,
강남구,11680,역삼동,202607,아파트_전월세,역삼푸르지오,역삼동,754-1,84.9097,,105000,84,4,25,2006,갱신,26.09~28.09,100000.0,80.0,사용,,
강남구,11680,대치동,202607,아파트_전월세,대치르엘,대치동,1030,43.9911,,22880,35,1,25,2021,갱신,26.08~28.07,16160.0,63.0,,,
강남구,11680,압구정동,202607,아파트_전월세,한양6,압구정동,484,106.71,,100000,0,9,25,1980,신규,26.10~28.10,,,,,
강남구,11680,역삼동,202607,아파트_전월세,개나리래미안,역삼동,754,59.95,,50000,230,9,16,2006,갱신,26.09~28.09,50000.0,185.0,,,
강남구,11680,대치동,202607,아파트_전월세,대치삼성,대치동,1014-3,84.58,,110000,120,25,25,2000,신규,26.09~28.09,,,,,
강남구,11680,개포동,202607,아파트_전월세,삼익대청아파트,개포동,12,39.53,,47000,0,12,24,1992,갱신,26.10~28.10,45000.0,,사용,,
강남구,11680,대치동,202607,아파트_전월세,개포우성1,대치동,503,84.81,,118000,0,3,18,1983,신규,26.09~28.09,,,,,
강남구,11680,도곡동,202607,아파트_전월세,도곡렉슬,도곡동,527,120.8233,,158000,30,23,2,2006,갱신,26.07~28.07,158000.0,,사용,,
강남구,11680,자곡동,202607,아파트_전월세,강남브리즈힐,자곡동,618,74.04,,75000,0,14,24,2014,신규,26.10~28.10,,,,,
강남구,11680,청담동,202607,아파트_전월세,진흥아파트,청담동,65,109.31,,98000,0,9,27,1984,갱신,26.10~28.10,95000.0,,,,
강남구,11680,청담동,202607,아파트_전월세,삼호빌라A동,청담동,113-16,196.53,,40000,680,6,27,1997,신규,26.08~28.08,,,,,
강남구,11680,대치동,202607,아파트_전월세,대우아이빌명문가(891-23),대치동,891-23,33.06,,2000,110,10,21,2004,신규,26.07~27.07,,,,,
강남구,11680,도곡동,202607,아파트_전월세,럭키(963),도곡동,963,124.66,,115000,0,10,20,1995,갱신,26.07~28.07,111000.0,,,,
강남구,11680,청담동,202607,아파트_전월세,우성아파트,청담동,11-25,84.7,,50000,100,1,27,2005,신규,26.09~28.09,,,,,
강남구,11680,수서동,202607,아파트_전월세,신동아,수서동,736,39.53,,20000,98,12,21,1992,갱신,26.08~28.08,20000.0,90.0,사용,,
강남구,11680,역삼동,202607,아파트_전월세,이스턴오피스텔,역삼동,735-15,14.92,,1000,85,13,24,2014,신규,26.07~27.07,,,,,
강남구,11680,도곡동,202607,아파트_전월세,삼성래미안,도곡동,91-5,89.88,,130000,0,16,25,2001,갱신,26.08~28.08,125000.0,,사용,,
강남구,11680,수서동,202607,아파트_전월세,강남데시앙포레,수서동,795,59.62,,85000,0,2,15,2014,갱신,26.08~28.08,71500.0,,,,
강남구,11680,역삼동,202607,아파트_전월세,동부센트레빌,역삼동,716,59.82,,3000,315,12,25,1998,갱신,26.09~28.09,3000.0,300.0,,,
강남구,11680,압구정동,202607,아파트_전월세,신현대12차,압구정동,434,155.52,,150000,0,13,25,1982,신규,26.11~28.11,,,,,
강남구,11680,도곡동,202607,아파트_전월세,한신엠비씨,도곡동,895-8,84.74,,93000,0,10,25,1988,갱신,26.07~28.07,76650.0,,,,
강남구,11680,자곡동,202607,아파트_전월세,래미안포레,자곡동,687,84.99,,40000,0,4,10,2014,갱신,26.07~28.07,60000.0,110.0,사용,,
강남구,11680,역삼동,202607,아파트_전월세,경남아너스빌,역삼동,722,84.688,,70000,80,3,25,2002,신규,26.08~28.08,,,,,
강남구,11680,일원동,202607,아파트_전월세,한솔마을,일원동,731,63.76,,68000,0,5,22,1994,갱신,26.10~28.10,65000.0,,사용,,
강남구,11680,수서동,202607,아파트_전월세,강남데시앙포레,수서동,795,59.74,,70000,65,9,26,2014,신규,26.09~28.09,,,,,
강남구,11680,대치동,202607,아파트_전월세,개포우성1,대치동,503,84.81,,70000,240,15,25,1983,신규,26.09~28.09,,,,,
강남구,11680,도곡동,202607,아파트_전월세,도곡렉슬,도곡동,527,119.8906,,162060,0,18,25,2006,갱신,26.09~28.09,154350.0,,사용,,
강남구,11680,대치동,202607,아파트_전월세,한보미도맨션1,대치동,511,128.01,,135000,0,7,4,1983,갱신,26.08~28.08,130000.0,,,,
강남구,11680,논현동,202607,아파트_전월세,보타니끄논현,논현동,218-27,71.16,,3000,850,10,21,2024,신규,26.08~27.08,,,,,
강남구,11680,역삼동,202607,아파트_전월세,에스케이허브젠,역삼동,831-45,71.91,,78000,0,12,25,2005,신규,26.10~28.10,,,,,
강남구,11680,개포동,202607,아파트_전월세,개포자이프레지던스,개포동,1284,78.7747,,150000,0,18,25,2023,신규,26.10~28.10,,,,,
강남구,11680,수서동,202607,아파트_전월세,신동아,수서동,736,49.96,,20000,120,8,25,1992,갱신,26.09~28.09,20000.0,80.0,,,
강남구,11680,개포동,202607,아파트_전월세,개포자이프레지던스,개포동,1284,78.7747,,50000,410,19,13,2023,신규,26.08~28.08,,,,,
강남구,11680,자곡동,202607,아파트_전월세,강남자곡아이파크,자곡동,602,74.97,,73500,0,10,25,2014,갱신,26.07~28.07,70000.0,,사용,,
강남구,11680,역삼동,202607,아파트_전월세,역삼래미안,역삼동,757,80.87,,10000,432,5,27,2005,갱신,26.08~28.08,10000.0,410.0,사용,,
강남구,11680,도곡동,202607,아파트_전월세,도곡렉슬,도곡동,527,84.9984,,163000,0,3,25,2006,신규,26.10~28.10,,,,,
강남구,11680,세곡동,202607,아파트_전월세,강남데시앙파크,세곡동,525,114.69,,95000,0,10,25,2011,신규,26.11~28.11,,,,,
강남구,11680,수서동,202607,아파트_전월세,신동아,수서동,736,39.51,,10000,95,10,18,1992,갱신,26.09~28.09,7000.0,,,,
강남구,11680,압구정동,202607,아파트_전월세,한양7,압구정동,528,110.25,,65000,0,1,15,1981,갱신,26.09~28.09,60000.0,,,,
강남구,11680,수서동,202607,아파트_전월세,신동아,수서동,736,33.18,,33600,0,9,25,1992,갱신,26.08~28.08,32000.0,,사용,,
강남구,11680,삼성동,202607,아파트_전월세,채널리저브,삼성동,144-14,84.97,,100000,0,10,18,2007,신규,26.09~28.09,,,,,
강남구,11680,대치동,202607,아파트_전월세,대치삼성,대치동,1014-3,108.52,,185000,0,10,25,2000,갱신,26.10~27.10,165000.0,,,,
강남구,11680,삼성동,202607,아파트_전월세,현대힐스테이트2단지,삼성동,50,84.236,,115500,0,4,22,2008,갱신,26.07~28.07,110000.0,,사용,,
강남구,11680,압구정동,202607,아파트_전월세,현대13차(208~211동),압구정동,448,108.47,,51000,110,3,24,1983,갱신,26.08~27.01,51000.0,110.0,,,
강남구,11680,수서동,202607,아파트_전월세,신동아,수서동,736,39.53,,50000,0,2,25,1992,신규,26.10~28.10,,,,,
강남구,11680,수서동,202607,아파트_전월세,까치마을,수서동,746,39.6,,50000,0,13,22,1993,신규,26.10~28.10,,,,,
강남구,11680,대치동,202607,아파트_전월세,대치삼성,대치동,1014-3,59.88,,89250,0,5,25,2000,갱신,26.08~28.08,85000.0,,사용,,
강남구,11680,개포동,202607,아파트_전월세,성원대치2단지아파트,개포동,12,33.18,,30000,60,1,23,1992,신규,26.09~28.09,,,,,
강남구,11680,도곡동,202607,아파트_전월세,중명하니빌,도곡동,965,30.96,,27000,0,8,25,1997,신규,26.08~28.08,,,,,
강남구,11680,개포동,202607,아파트_전월세,삼익대청아파트,개포동,12,39.53,,36000,0,1,17,1992,갱신,26.09~28.09,36000.0,,사용,,
강남구,11680,개포동,202607,아파트_전월세,개포주공7단지,개포동,185,60.76,,33000,0,15,24,1983,신규,26.09~28.09,,,,,
강남구,11680,자곡동,202607,아파트_전월세,강남에버시움,자곡동,621,36.62,,4005,13,1,24,2013,갱신,26.08~28.07,100.0,34.0,,,
강남구,11680,대치동,202607,아파트_전월세,은마,대치동,316,76.79,,10000,250,10,1,1979,갱신,26.07~28.07,10000.0,200.0,,,
강남구,11680,일원동,202607,아파트_전월세,디에이치자이개포,일원동,743,76.46,,100000,200,12,24,2021,신규,26.09~28.08,,,,,
강남구,11680,개포동,202607,아파트_전월세,성원대치2단지아파트,개포동,12,33.18,,38000,0,3,24,1992,갱신,26.11~28.11,29500.0,,,,
강남구,11680,개포동,202607,아파트_전월세,개포래미안포레스트,개포동,1282,102.32,,20000,640,11,24,2020,신규,26.09~28.09,,,,,
강남구,11680,역삼동,202607,아파트_전월세,e-편한세상,역삼동,755-4,59.606,,10000,355,7,23,2005,신규,26.07~28.07,,,,,
강남구,11680,일원동,202607,아파트_전월세,디에이치자이개포,일원동,743,76.46,,80000,270,8,16,2021,신규,26.07~28.07,,,,,
강남구,11680,개포동,202607,아파트_전월세,래미안블레스티지,개포동,1280,49.909,,45000,240,4,18,2019,신규,26.09~28.09,,,,,
강남구,11680,일원동,202607,아파트_전월세,상록스타힐스,일원동,688,59.963,,62496,0,11,14,2022,갱신,26.11~28.11,35712.0,55.0,,,
강남구,11680,논현동,202607,아파트_전월세,신동아(22),논현동,22,114.34,,105000,50,2,24,1997,갱신,26.10~28.10,100000.0,,,,
강남구,11680,세곡동,202607,아파트_전월세,세곡리엔파크(4단지),세곡동,522,84.98,,57018,0,5,24,2011,신규,26.08~28.10,,,,,
강남구,11680,수서동,202607,아파트_전월세,까치마을,수서동,746,34.44,,27563,0,15,20,1993,갱신,26.09~28.09,26250.0,,사용,,
강남구,11680,도곡동,202607,아파트_전월세,아카데미스위트1,도곡동,467-7,122.07,,115000,140,36,18,2004,갱신,26.07~28.07,115000.0,60.0,,,
강남구,11680,역삼동,202607,아파트_전월세,역삼이안애에이,역삼동,777-2,84.28,,68500,0,1,23,2004,신규,26.09~28.09,,,,,
강남구,11680,일원동,202607,아파트_전월세,상록스타힐스,일원동,688,59.963,,12499,115,18,24,2022,갱신,26.11~28.10,11904.0,109.0,,,
강남구,11680,삼성동,202607,아파트_전월세,한양립스,삼성동,142-16,38.2471,,45000,0,8,21,2022,신규,26.07~28.07,,,,,
강남구,11680,세곡동,202607,아파트_전월세,세곡리엔파크(4단지),세곡동,522,84.98,,57018,0,4,24,2011,신규,26.08~28.10,,,,,
강남구,11680,세곡동,202607,아파트_전월세,강남신동아파밀리에2단지,세곡동,511,84.97,,45580,0,8,24,2011,갱신,26.08~28.07,43410.0,,,,
강남구,11680,자곡동,202607,아파트_전월세,강남자곡아이파크,자곡동,602,84.83,,40000,210,12,22,2014,갱신,26.08~28.08,40000.0,140.0,사용,,
강남구,11680,도곡동,202607,아파트_전월세,대우디오빌,도곡동,952,25.89,,20000,10,4,6,2004,신규,26.08~28.01,,,,,
강남구,11680,역삼동,202607,아파트_전월세,역삼푸르지오,역삼동,754-1,84.9097,,126000,0,5,24,2006,갱신,26.08~28.08,120000.0,,사용,,
강남구,11680,삼성동,202607,아파트_전월세,래미안삼성2차,삼성동,7-3,134.81,,100000,360,5,24,2007,신규,26.10~28.10,,,,,
강남구,11680,신사동,202607,아파트_전월세,한양아파트,신사동,556-29,65.13,,50000,0,3,17,2003,갱신,26.08~27.04,50000.0,,,,
강남구,11680,자곡동,202607,아파트_전월세,강남한양수자인(4단지),자곡동,686,114.46,,94500,0,6,21,2014,갱신,26.10~28.10,90000.0,,사용,,
강남구,11680,압구정동,202607,아파트_전월세,"현대7차(73~77,82,85동)",압구정동,456,157.36,,170000,0,14,23,1979,갱신,26.07~28.07,150000.0,,,,
강남구,11680,대치동,202607,아파트_전월세,은마,대치동,316,76.79,,72000,0,4,18,1979,신규,26.10~28.10,,,,,
강남구,11680,논현동,202607,아파트_전월세,마일스디오빌,논현동,58-2,36.29,,2000,140,13,2,2004,신규,26.07~27.07,,,,,
강남구,11680,청담동,202607,아파트_전월세,삼성청담공원아파트,청담동,60,84.96,,25000,270,13,24,1999,갱신,26.07~28.07,25000.0,250.0,,,
강남구,11680,도곡동,202607,아파트_전월세,한신엠비씨,도곡동,895-8,116.24,,97000,0,9,20,1988,신규,26.10~28.10,,,,,
강남구,11680,자곡동,202607,아파트_전월세,강남자곡 힐스테이트,자곡동,619,84.39,,30000,80,9,24,2015,신규,26.08~28.08,,,,,
강남구,11680,논현동,202607,아파트_전월세,신동아(22),논현동,22,35.73,,40950,0,11,20,1997,갱신,26.10~28.10,39000.0,,사용,,
강남구,11680,도곡동,202607,아파트_전월세,타워팰리스2,도곡동,467-17,115.63,,180000,0,35,23,2003,갱신,26.08~28.08,160000.0,,,,
강남구,11680,대치동,202607,아파트_전월세,대치한신휴플러스,대치동,907-2,84.99,,90000,0,5,24,2005,갱신,26.10~28.10,71600.0,,,,
강남구,11680,수서동,202607,아파트_전월세,강남데시앙포레,수서동,795,84.81,,86100,0,3,24,2014,갱신,26.07~28.07,82000.0,,사용,,
강남구,11680,논현동,202607,아파트_전월세,두영,논현동,216-1,85,,60900,0,6,24,2004,갱신,26.08~28.08,58000.0,,사용,,
강남구,11680,수서동,202607,아파트_전월세,신동아,수서동,736,39.53,,48000,0,10,21,1992,신규,26.08~28.08,,,,,
강남구,11680,도곡동,202607,아파트_전월세,한신엠비씨,도곡동,895-8,84.74,,35000,275,8,22,1988,신규,26.11~28.11,,,,,
강남구,11680,삼성동,202607,아파트_전월세,호산프라자,삼성동,37,33.6,,13000,35,5,24,1997,신규,26.08~28.08,,,,,
강남구,11680,개포동,202607,아파트_전월세,대치푸르지오발라드,개포동,176-2,41.3882,,75000,0,5,23,2024,신규,26.09~28.09,,,,,
강남구,11680,개포동,202607,아파트_전월세,디에이치아너힐즈,개포동,1281,84.357,,160000,0,11,18,2019,갱신,26.09~28.09,150000.0,,,,
강남구,11680,개포동,202607,아파트_전월세,성원대치2단지아파트,개포동,12,33.18,,30000,60,1,23,1992,신규,26.09~28.09,,,,,
강남구,11680,대치동,202607,아파트_전월세,풍림아이원아파트,대치동,910-4,84.69,,73500,42,5,20,2003,갱신,26.07~28.07,70000.0,40.0,사용,,
강남구,11680,삼성동,202607,아파트_전월세,삼성동한솔아파트,삼성동,4-6,109.51,,15000,470,14,21,1998,신규,26.09~28.08,,,,,
강남구,11680,대치동,202607,아파트_전월세,한보미도맨션2,대치동,511,115.05,,85000,140,13,17,1985,신규,26.09~28.09,,,,,
강남구,11680,개포동,202607,아파트_전월세,디에이치아너힐즈,개포동,1281,49.4013,,15094,54,6,23,2019,갱신,26.08~28.07,14376.0,51.0,,,
강남구,11680,개포동,202607,아파트_전월세,개포더샵트리에,개포동,651-1,108.0923,,56900,330,9,23,2021,갱신,26.07~28.07,50000.0,330.0,,,
강남구,11680,대치동,202607,아파트_전월세,은마,대치동,316,76.79,,10000,243,2,4,1979,갱신,26.08~28.08,10000.0,230.0,사용,,
강남구,11680,수서동,202607,아파트_전월세,신동아,수서동,736,39.53,,50000,0,7,11,1992,신규,26.08~28.08,,,,,
강남구,11680,자곡동,202607,아파트_전월세,강남자곡아이파크,자곡동,602,59.96,,20000,230,14,23,2014,신규,26.09~28.09,,,,,
강남구,11680,대치동,202607,아파트_전월세,은마,대치동,316,76.79,,63000,0,7,4,1979,갱신,26.07~28.07,60000.0,,사용,,
강남구,11680,세곡동,202607,아파트_전월세,강남엘에이치1단지,세곡동,579,84.84,,70000,100,11,11,2013,신규,26.10~28.10,,,,,
강남구,11680,도곡동,202607,아파트_전월세,도곡렉슬,도곡동,527,59.9818,,70000,160,22,11,2006,신규,26.08~28.08,,,,,
강남구,11680,논현동,202607,아파트_전월세,신동아(22),논현동,22,84.52,,30000,230,6,23,1997,신규,26.11~28.11,,,,,
강남구,11680,도곡동,202607,아파트_전월세,삼성,도곡동,161,54.81,,45000,120,9,20,1994,신규,26.08~28.08,,,,,
강남구,11680,압구정동,202607,아파트_전월세,한양7,압구정동,528,106.22,,78000,0,2,23,1981,갱신,26.08~28.08,75000.0,,사용,,
강남구,11680,개포동,202607,아파트_전월세,개포자이,개포동,12-2,134.3,,140000,0,2,23,2004,갱신,26.10~29.01,129000.0,,,,
강남구,11680,신사동,202607,아파트_전월세,로데오현대,신사동,658,84.96,,40000,130,10,21,1998,신규,26.08~28.07,,,,,
강남구,11680,도곡동,202607,아파트_전월세,도곡우성아파트,도곡동,934-10,84.83,,57225,0,15,21,1986,갱신,26.07~28.07,54500.0,,,,
강남구,11680,수서동,202607,아파트_전월세,삼익,수서동,708,60,,20000,185,9,4,1992,신규,26.08~28.08,,,,,
강남구,11680,청담동,202607,아파트_전월세,연세빌라(102-6),청담동,102-6,125.64,,50000,500,10,20,1997,신규,26.08~28.08,,,,,
강남구,11680,개포동,202607,아파트_전월세,래미안블레스티지,개포동,1280,49.909,,20000,310,9,17,2019,신규,26.08~28.08,,,,,
강남구,11680,도곡동,202607,아파트_전월세,도곡렉슬,도곡동,527,59.9818,,70000,160,22,11,2006,신규,26.08~28.08,,,,,
강남구,11680,도곡동,202607,아파트_전월세,럭키(963),도곡동,963,84.97,,60000,130,1,23,1995,신규,26.10~28.10,,,,,
강남구,11680,대치동,202607,아파트_전월세,대치아이파크,대치동,888,114.97,,210000,0,16,23,2008,갱신,26.08~28.08,200000.0,,사용,,
강남구,11680,세곡동,202607,아파트_전월세,세곡리엔파크(4단지),세곡동,522,84.98,,57018,0,8,23,2011,신규,26.08~28.10,,,,,
강남구,11680,개포동,202607,아파트_전월세,삼익대청아파트,개포동,12,39.53,,50000,0,9,18,1992,신규,26.09~28.09,,,,,
강남구,11680,역삼동,202607,아파트_전월세,e-편한세상,역삼동,755-4,59.606,,75000,160,8,11,2005,갱신,26.07~28.07,50000.0,165.0,,,
강남구,11680,세곡동,202607,아파트_전월세,강남엘에이치1단지,세곡동,579,84.84,,10000,310,2,4,2013,신규,26.09~28.09,,,,,
강남구,11680,수서동,202607,아파트_전월세,신동아,수서동,736,49.96,,2000,137,14,20,1992,갱신,26.09~28.09,2000.0,130.0,사용,,
강남구,11680,청담동,202607,아파트_전월세,청담린든그로브,청담동,67-1,84.9979,,100000,280,3,6,2017,신규,26.08~28.08,,,,,
강남구,11680,개포동,202607,아파트_전월세,우성8,개포동,179,79.61,,111000,0,6,16,1987,신규,26.09~28.09,,,,,
강남구,11680,청담동,202607,아파트_전월세,삼성청담공원아파트,청담동,60,59.93,,77000,0,2,22,1999,신규,26.09~28.09,,,,,
강남구,11680,역삼동,202607,아파트_전월세,역삼동우정에쉐르1,역삼동,826-29,57.98,,3000,220,9,11,2004,신규,26.07~28.07,,,,,
강남구,11680,자곡동,202607,아파트_전월세,래미안강남힐즈,자곡동,611,91.96,,88000,0,5,22,2014,갱신,26.08~28.08,84000.0,,사용,,
강남구,11680,자곡동,202607,아파트_전월세,강남한양수자인(4단지),자곡동,686,114.32,,80000,150,5,7,2014,갱신,26.09~27.11,80000.0,90.0,사용,,
강남구,11680,세곡동,202607,아파트_전월세,세곡리엔파크(4단지),세곡동,522,84.95,,57018,0,8,22,2011,신규,26.08~28.10,,,,,
강남구,11680,일원동,202607,아파트_전월세,수서,일원동,711,39.98,,37800,0,14,11,1992,갱신,26.09~28.09,36000.0,,사용,,
강남구,11680,율현동,202607,아파트_전월세,강남한신휴플러스6단지,율현동,365,59.98,,63000,0,6,18,2015,갱신,26.08~28.08,60000.0,,사용,,
강남구,11680,도곡동,202607,아파트_전월세,래미안도곡카운티,도곡동,538-3,93.07,,168000,0,12,22,2016,갱신,26.10~28.10,160000.0,,사용,,
강남구,11680,개포동,202607,아파트_전월세,개포래미안포레스트,개포동,1282,84.86,,142000,0,8,11,2020,갱신,26.10~28.10,117000.0,,,,
강남구,11680,대치동,202607,아파트_전월세,개포우성1,대치동,503,84.81,,120000,0,3,11,1983,신규,26.09~28.09,,,,,
강남구,11680,삼성동,202607,아파트_전월세,삼성동롯데아파트,삼성동,17,59.4,,50000,114,5,15,2000,갱신,26.09~28.09,50000.0,100.0,사용,,
강남구,11680,개포동,202607,아파트_전월세,개포래미안포레스트,개포동,1282,59.92,,120000,0,6,23,2020,신규,26.10~28.10,,,,,
강남구,11680,도곡동,202607,아파트_전월세,도곡우성아파트,도곡동,934-10,84.83,,45000,87,15,22,1986,갱신,26.08~28.08,45000.0,75.0,사용,,
강남구,11680,대치동,202607,아파트_전월세,"대치우성아파트1동,2동,3동,5동,6동,7동",대치동,63,84.69,,55000,110,5,23,1984,신규,26.09~28.09,,,,,
강남구,11680,도곡동,202607,아파트_전월세,SK허브프리모,도곡동,953-1,67.57,,3000,245,6,13,2006,갱신,26.08~27.08,3000.0,240.0,,,
강남구,11680,도곡동,202607,아파트_전월세,현대비젼21,도곡동,467-19,35.48,,2000,135,19,2,1999,신규,26.09~28.09,,,,,
강남구,11680,청담동,202607,아파트_전월세,현대아파트,청담동,23,84.76,,78000,0,1,22,1988,신규,26.09~28.09,,,,,
강남구,11680,일원동,202607,아파트_전월세,우성7,일원동,615,68.39,,70000,0,8,11,1987,갱신,26.09~29.01,68000.0,,사용,,
강남구,11680,역삼동,202607,아파트_전월세,래미안그레이튼(진달래2차),역삼동,762-3,121.54,,185000,0,23,22,2010,갱신,26.08~28.08,180000.0,,,,
강남구,11680,삼성동,202607,아파트_전월세,삼부아그레빌,삼성동,98-11,97.671,,84000,0,6,17,2003,갱신,26.08~28.08,80000.0,,사용,,
강남구,11680,개포동,202607,아파트_전월세,개포래미안포레스트,개포동,1282,84.86,,56000,300,2,22,2020,갱신,26.08~28.08,50000.0,300.0,,,
강남구,11680,개포동,202607,아파트_전월세,디에이치아너힐즈,개포동,1281,84.6348,,10000,560,12,22,2019,신규,26.09~28.09,,,,,
강남구,11680,개포동,202607,아파트_전월세,성원대치2단지아파트,개포동,12,39.53,,20000,150,14,10,1992,신규,26.07~28.07,,,,,
강남구,11680,자곡동,202607,아파트_전월세,강남한양수자인(4단지),자곡동,686,114.46,,91000,0,7,20,2014,갱신,26.07~28.07,87000.0,,,,
강남구,11680,개포동,202607,아파트_전월세,성원대치2단지아파트,개포동,12,49.86,,46935,60,6,4,1992,갱신,26.08~28.08,46935.0,,,,
강남구,11680,대치동,202607,아파트_전월세,대치SKVIEW,대치동,1029,84.3865,,205000,0,14,18,2017,갱신,26.09~28.09,190000.0,,,,
강남구,11680,일원동,202607,아파트_전월세,가람,일원동,735,75.16,,68200,0,4,13,1993,갱신,26.08~28.08,65000.0,,사용,,
강남구,11680,역삼동,202607,아파트_전월세,역삼래미안,역삼동,757,80.87,,126000,0,14,22,2005,갱신,26.10~28.10,120000.0,,,,
강남구,11680,논현동,202607,아파트_전월세,라이헤스빌,논현동,109-9,82.67,,5000,310,4,17,2002,신규,26.08~28.08,,,,,
강남구,11680,세곡동,202607,아파트_전월세,세곡리엔파크(4단지),세곡동,522,84.98,,57018,0,2,22,2011,신규,26.08~28.10,,,,,
강남구,11680,개포동,202607,아파트_전월세,개포자이프레지던스,개포동,1284,59.9751,,115500,0,15,22,2023,신규,26.09~28.09,,,,,
강남구,11680,자곡동,202607,아파트_전월세,래미안포레,자곡동,687,84.99,,70000,100,6,21,2014,갱신,26.10~28.10,70000.0,45.0,사용,,
강남구,11680,수서동,202607,아파트_전월세,신동아,수서동,736,49.96,,25000,110,6,22,1992,갱신,26.09~28.09,10000.0,110.0,,,
강남구,11680,역삼동,202607,아파트_전월세,EGSoulLeader,역삼동,828-28,13.61,,500,83,9,7,2012,신규,26.07~27.07,,,,,
강남구,11680,도곡동,202607,아파트_전월세,삼익,도곡동,869,104.01,,45000,140,11,16,1983,신규,26.08~28.08,,,,,
강남구,11680,일원동,202607,아파트_전월세,상록스타힐스,일원동,688,46.855,,11143,130,6,22,2022,신규,26.08~28.08,,,,,
강남구,11680,일원동,202607,아파트_전월세,상록스타힐스,일원동,688,59.963,,14403,168,8,22,2022,신규,26.08~28.08,,,,,
강남구,11680,논현동,202607,아파트_전월세,더원센트럴,논현동,118-8,27.09,,3000,168,6,7,2018,신규,26.09~27.09,,,,,
강남구,11680,도곡동,202607,아파트_전월세,삼성,도곡동,161,84.81,,100000,0,11,22,1994,갱신,26.09~28.09,97000.0,,사용,,
강남구,11680,삼성동,202607,아파트_전월세,현대힐스테이트2단지,삼성동,50,84.236,,10000,420,3,21,2008,갱신,26.08~28.08,10000.0,380.0,,,
강남구,11680,개포동,202607,아파트_전월세,삼익대청아파트,개포동,12,39.53,,3000,180,1,14,1992,신규,26.08~26.11,,,,,
강남구,11680,수서동,202607,아파트_전월세,삼성,수서동,747,59.86,,69000,0,4,16,1997,갱신,26.09~28.09,65000.0,,,,
강남구,11680,개포동,202607,아파트_전월세,개포자이프레지던스,개포동,1284,84.5978,,90000,260,15,22,2023,신규,26.08~28.08,,,,,
강남구,11680,역삼동,202607,아파트_전월세,이스턴오피스텔,역삼동,735-15,14.78,,16500,0,14,22,2014,신규,26.10~28.10,,,,,
강남구,11680,도곡동,202607,아파트_전월세,삼성래미안,도곡동,91-5,59.96,,88673,0,17,22,2001,갱신,26.07~28.07,84450.0,,사용,,
강남구,11680,삼성동,202607,아파트_전월세,삼성월드타워,삼성동,3-1,58.776,,60900,0,4,11,1997,갱신,26.08~28.08,58000.0,,사용,,
강남구,11680,삼성동,202607,아파트_전월세,삼성동대성유니드,삼성동,129,84.91,,72250,0,2,22,2004,갱신,26.08~29.02,67250.0,,,,
강남구,11680,청담동,202607,아파트_전월세,청담자이,청담동,134-38,49.618,,94500,0,5,8,2011,갱신,26.09~28.09,90000.0,,사용,,
강남구,11680,청담동,202607,아파트_전월세,삼성청담아파트,청담동,42,59.99,,85000,0,12,4,1999,신규,26.09~28.09,,,,,
강남구,11680,대치동,202607,아파트_전월세,한보미도맨션1,대치동,511,84.48,,80000,100,3,18,1983,신규,26.08~28.08,,,,,
강남구,11680,도곡동,202607,아파트_전월세,대림아크로빌,도곡동,467-6,130.545,,143850,0,13,21,1999,갱신,26.07~27.05,137000.0,,사용,,
강남구,11680,개포동,202607,아파트_전월세,래미안블레스티지,개포동,1280,84.94,,145000,0,11,14,2019,신규,26.10~28.10,,,,,
강남구,11680,세곡동,202607,아파트_전월세,강남데시앙파크,세곡동,525,84.98,,43410,0,12,22,2011,갱신,26.08~28.07,41343.0,,,,
강남구,11680,개포동,202607,아파트_전월세,개포6차우성아파트1동~8동,개포동,658-1,79.97,,50000,40,3,12,1987,신규,26.09~28.09,,,,,
강남구,11680,일원동,202607,아파트_전월세,푸른마을아파트101동~111동,일원동,719,59.76,,25000,200,15,16,1994,신규,26.10~28.10,,,,,
강남구,11680,도곡동,202607,아파트_전월세,래미안도곡카운티,도곡동,538-3,106.78,,205000,0,6,22,2016,갱신,26.09~28.09,198000.0,,,,
강남구,11680,삼성동,202607,아파트_전월세,석탑아파트101동,삼성동,3-3,59.82,,77000,0,6,21,1996,갱신,26.08~28.08,74000.0,,사용,,
강남구,11680,삼성동,202607,아파트_전월세,롯데캐슬프레미어,삼성동,11,101.81,,141750,0,14,7,2007,갱신,26.08~28.08,135000.0,,사용,,
강남구,11680,개포동,202607,아파트_전월세,디에이치아너힐즈,개포동,1281,84.3558,,30000,480,26,11,2019,신규,26.09~28.09,,,,,
강남구,11680,도곡동,202607,아파트_전월세,도곡렉슬,도곡동,527,119.8906,,170000,0,5,16,2006,신규,26.09~28.09,,,,,
강남구,11680,논현동,202607,아파트_전월세,신동아(22),논현동,22,35.73,,41690,0,3,21,1997,갱신,26.09~28.09,41690.0,,,,
강남구,11680,역삼동,202607,아파트_전월세,동부센트레빌,역삼동,716,84.97,,123000,0,7,4,1998,갱신,26.08~28.12,123000.0,,사용,,
강남구,11680,개포동,202607,아파트_전월세,성원대치2단지아파트,개포동,12,33.18,,37000,0,1,15,1992,신규,26.12~28.08,,,,,
강남구,11680,개포동,202607,아파트_전월세,성원대치2단지아파트,개포동,12,33.18,,26250,0,1,15,1992,신규,26.08~26.12,,,,,
강남구,11680,논현동,202607,아파트_전월세,신동아(22),논현동,22,84.52,,55000,160,3,11,1997,신규,26.08~28.08,,,,,
강남구,11680,일원동,202607,아파트_전월세,상록스타힐스,일원동,688,18.877,,15716,9,4,15,2022,갱신,26.11~28.11,14968.0,9.0,,,
강남구,11680,개포동,202607,아파트_전월세,성원대치2단지아파트,개포동,12,33.18,,26250,0,1,15,1992,신규,26.08~26.12,,,,,
강남구,11680,대치동,202607,아파트_전월세,대우아이빌명문가(891-23),대치동,891-23,34.2,,2000,104,10,2,2004,신규,26.07~28.07,,,,,
강남구,11680,청담동,202607,아파트_전월세,삼성청담아파트,청담동,42,59.99,,67000,10,1,17,1999,갱신,26.07~28.07,67000.0,,,,
강남구,11680,개포동,202607,아파트_전월세,성원대치2단지아파트,개포동,12,33.18,,26250,0,1,15,1992,신규,26.08~26.12,,,,,
강남구,11680,개포동,202607,아파트_전월세,개포래미안포레스트,개포동,1282,84.86,,30000,404,2,3,2020,갱신,26.09~28.09,30000.0,380.0,사용,,
강남구,11680,도곡동,202607,아파트_전월세,도곡루아르,도곡동,941-1,44.5382,,69000,0,12,16,2022,갱신,26.09~28.09,67000.0,,,,
강남구,11680,도곡동,202607,아파트_전월세,럭키(963),도곡동,963,84.97,,110000,0,12,18,1995,신규,26.09~28.09,,,,,
강남구,11680,개포동,202607,아파트_전월세,삼익대청아파트,개포동,12,39.53,,5000,210,14,3,1992,신규,26.08~28.02,,,,,
강남구,11680,압구정동,202607,아파트_전월세,신현대11차,압구정동,433,183.41,,200000,0,12,21,1983,갱신,26.09~28.09,200000.0,,사용,,
강남구,11680,대치동,202607,아파트_전월세,개포우성1,대치동,503,84.81,,130000,0,7,17,1983,신규,26.07~28.07,,,,,
강남구,11680,논현동,202607,아파트_전월세,거평프리젠,논현동,196,39.035,,3000,155,6,21,1996,신규,26.09~28.08,,,,,
강남구,11680,일원동,202607,아파트_전월세,래미안 개포 루체하임,일원동,741,59.99,,10880,108,10,13,2018,신규,26.07~28.09,,,,,
강남구,11680,삼성동,202607,아파트_전월세,현대아파트101동,삼성동,6,84.87,,10000,360,2,21,1999,신규,26.07~28.07,,,,,
강남구,11680,삼성동,202607,아파트_전월세,아이파크,삼성동,87,156.857,,300000,0,8,9,2004,갱신,26.09~28.09,280000.0,,,,
강남구,11680,개포동,202607,아파트_전월세,경남1,개포동,649,96.98,,50000,156,9,4,1984,갱신,26.08~28.07,50000.0,140.0,사용,,
강남구,11680,대치동,202607,아파트_전월세,"대치우성아파트1동,2동,3동,5동,6동,7동",대치동,63,115.59,,105000,0,7,20,1984,갱신,26.07~28.07,100000.0,,사용,,
강남구,11680,삼성동,202607,아파트_전월세,아이파크,삼성동,87,145.046,,50000,1320,31,1,2004,신규,26.07~28.07,,,,,
강남구,11680,역삼동,202607,아파트_전월세,역삼I'PARK,역삼동,713-11,144.641,,180000,0,15,13,2006,갱신,26.10~28.10,170000.0,,,,
강남구,11680,대치동,202607,아파트_전월세,대치더클래스,대치동,1031,84.22,,150000,0,3,20,2022,신규,26.09~28.09,,,,,
강남구,11680,역삼동,202607,아파트_전월세,강남센트럴아이파크,역삼동,902,84.99,,170000,0,6,20,2022,갱신,26.08~28.08,161000.0,,,,
강남구,11680,개포동,202607,아파트_전월세,성원대치2단지아파트,개포동,12,49.86,,44800,0,3,4,1992,갱신,26.08~27.08,42700.0,,,,
강남구,11680,세곡동,202607,아파트_전월세,세곡푸르지오,세곡동,533,84.83,,76650,0,10,20,2012,갱신,26.08~28.08,73000.0,,사용,,
강남구,11680,대치동,202607,아파트_전월세,은마,대치동,316,84.43,,78000,0,12,21,1979,갱신,26.09~28.09,77000.0,,사용,,
강남구,11680,개포동,202607,아파트_전월세,삼익대청아파트,개포동,12,51.12,,20000,150,6,18,1992,갱신,26.08~28.08,20000.0,110.0,,,
강남구,11680,자곡동,202607,아파트_전월세,강남자곡 힐스테이트,자곡동,619,84.05,,85000,0,1,20,2015,신규,26.10~28.10,,,,,
강남구,11680,수서동,202607,아파트_전월세,신동아,수서동,736,33.18,,30870,0,4,11,1992,갱신,26.09~28.09,29400.0,,사용,,
강남구,11680,대치동,202607,아파트_전월세,"쌍용대치아파트1동,2동,3동,5동,6동",대치동,66,83.56,,60000,80,4,10,1983,신규,26.12~28.12,,,,,
강남구,11680,도곡동,202607,아파트_전월세,도곡렉슬,도곡동,527,120.8233,,85000,300,7,2,2006,갱신,26.08~28.08,80000.0,290.0,,,
강남구,11680,일원동,202607,아파트_전월세,수서,일원동,711,39.98,,30000,80,9,20,1992,신규,26.11~28.11,,,,,
강남구,11680,도곡동,202607,아파트_전월세,럭키(963),도곡동,963,84.97,,88200,0,13,1,1995,갱신,26.07~28.07,84000.0,,사용,,
강남구,11680,개포동,202607,아파트_전월세,성원대치2단지아파트,개포동,12,49.86,,44000,0,15,17,1992,신규,26.09~28.09,,,,,
강남구,11680,개포동,202607,아파트_전월세,현대1차101동~106동,개포동,653,95.4,,110000,0,6,4,1984,신규,26.10~28.10,,,,,
강남구,11680,역삼동,202607,아파트_전월세,e-편한세상,역삼동,755-4,84.991,,148000,0,6,4,2005,신규,26.09~29.02,,,,,
강남구,11680,대치동,202607,아파트_전월세,대치현대,대치동,974,85,,108000,0,6,18,1999,갱신,26.09~28.09,105000.0,,사용,,
강남구,11680,대치동,202607,아파트_전월세,아티스톤,대치동,907-12,66.73,,100275,0,7,3,2022,갱신,26.08~28.08,95500.0,,사용,,
강남구,11680,수서동,202607,아파트_전월세,까치마을,수서동,746,34.44,,27563,0,15,20,1993,갱신,26.09~28.09,26250.0,,사용,,
강남구,11680,삼성동,202607,아파트_전월세,롯데캐슬프레미어,삼성동,11,144.113,,120000,330,8,17,2007,신규,26.08~28.08,,,,,
강남구,11680,삼성동,202607,아파트_전월세,삼성동힐스테이트 1단지,삼성동,16-2,84.419,,30000,430,23,20,2008,신규,26.10~28.10,,,,,
강남구,11680,대치동,202607,아파트_전월세,은마,대치동,316,76.79,,68000,0,14,18,1979,갱신,26.07~28.07,66000.0,,사용,,
강남구,11680,대치동,202607,아파트_전월세,풍림아이원3차(1007-1),대치동,1007-1,114.55,,100000,200,9,16,2004,갱신,26.10~28.12,100000.0,120.0,,,
강남구,11680,도곡동,202607,아파트_전월세,럭키(963),도곡동,963,124.66,,97000,90,10,20,1995,신규,26.09~28.09,,,,,
강남구,11680,역삼동,202607,아파트_전월세,래미안그레이튼,역삼동,763-16,70.98,,115000,0,19,18,2009,갱신,26.07~28.07,115000.0,,사용,,
강남구,11680,도곡동,202607,아파트_전월세,래미안도곡카운티,도곡동,538-3,59.98,,115000,14,12,20,2016,갱신,26.08~28.08,113000.0,,사용,,
강남구,11680,일원동,202607,아파트_전월세,디에이치포레센트,일원동,742,59.92,,115000,0,7,16,2021,신규,26.09~28.09,,,,,
강남구,11680,역삼동,202607,아파트_전월세,래미안그레이튼,역삼동,763-16,84.97,,114475,100,8,20,2009,갱신,26.09~28.02,114475.0,,,,
강남구,11680,개포동,202607,아파트_전월세,개포래미안포레스트,개포동,1282,59.92,,31500,290,13,20,2020,신규,26.11~28.11,,,,,
강남구,11680,수서동,202607,아파트_전월세,까치마을,수서동,746,34.44,,31500,0,1,16,1993,갱신,26.08~28.08,30000.0,,사용,,
강남구,11680,대치동,202607,아파트_전월세,쌍용대치2,대치동,65,120.76,,110000,0,10,16,1983,갱신,26.08~28.08,110000.0,,사용,,
강남구,11680,논현동,202607,아파트_전월세,펜트힐캐스케이드,논현동,106,48.03,,60000,0,5,8,2023,신규,26.07~28.07,,,,,
강남구,11680,도곡동,202607,아파트_전월세,매봉삼성,도곡동,966,84.95,,90000,160,16,20,1999,신규,26.10~28.10,,,,,
강남구,11680,일원동,202607,아파트_전월세,푸른마을아파트101동~111동,일원동,719,84.93,,79500,0,13,18,1994,갱신,26.07~28.07,77000.0,,사용,,
강남구,11680,역삼동,202607,아파트_전월세,한화진넥스빌,역삼동,706-20,43.58,,30900,0,18,16,2001,갱신,26.08~28.07,30000.0,,사용,,
강남구,11680,삼성동,202607,아파트_전월세,삼성동한솔아파트,삼성동,4-6,58.57,,62790,0,11,18,1998,갱신,26.08~28.08,59800.0,,사용,,
강남구,11680,세곡동,202607,아파트_전월세,강남데시앙파크,세곡동,525,114.69,,62580,0,2,20,2011,갱신,26.08~28.07,59600.0,,,,
강남구,11680,논현동,202607,아파트_전월세,도산포도더블랙,논현동,62-2,49.92,,150000,0,3,20,2024,신규,26.07~28.07,,,,,
강남구,11680,자곡동,202607,아파트_전월세,강남자곡 힐스테이트,자곡동,619,84.39,,20000,193,7,18,2015,갱신,26.09~28.09,20000.0,180.0,사용,,
강남구,11680,압구정동,202607,아파트_전월세,한양1차(영동한양),압구정동,490,63.87,,10000,280,1,20,1977,신규,26.09~28.09,,,,,
강남구,11680,대치동,202607,아파트_전월세,대치삼성,대치동,1014-3,97.35,,168000,0,12,20,2000,갱신,26.08~28.08,160000.0,,사용,,
강남구,11680,논현동,202607,아파트_전월세,더원센트럴,논현동,118-8,27.14,,33600,13,7,20,2018,신규,26.08~28.08,,,,,
강남구,11680,도곡동,202607,아파트_전월세,현대비젼21,도곡동,467-19,32.65,,36900,0,16,18,1999,신규,26.08~28.08,,,,,
강남구,11680,역삼동,202607,아파트_전월세,강남센트럴아이파크,역삼동,902,84.99,,168000,0,3,18,2022,갱신,26.07~28.07,160000.0,,,,
강남구,11680,역삼동,202607,아파트_전월세,역삼푸르지오,역삼동,754-1,59.8848,,81030,60,5,18,2006,갱신,26.07~28.07,81030.0,,사용,,
강남구,11680,대치동,202607,아파트_전월세,개포우성1,대치동,503,127.61,,55060,210,9,18,1983,갱신,26.08~28.08,55060.0,190.0,,,
강남구,11680,삼성동,202607,아파트_전월세,삼성동힐스테이트 1단지,삼성동,16-2,26.5,,42000,8,13,16,2008,갱신,26.09~28.09,42000.0,,사용,,
강남구,11680,일원동,202607,아파트_전월세,수서,일원동,711,50.82,,50000,0,4,16,1992,갱신,26.09~28.08,30000.0,55.0,,,
강남구,11680,역삼동,202607,아파트_전월세,역삼자이,역삼동,711-3,114.5958,,180000,0,31,19,2016,갱신,26.07~28.07,174000.0,,,,
강남구,11680,논현동,202607,아파트_전월세,펜트힐캐스케이드,논현동,106,43.01,,5000,310,9,10,2023,신규,26.07~28.07,,,,,
강남구,11680,도곡동,202607,아파트_전월세,아카데미스위트1,도곡동,467-7,122.07,,80000,290,14,10,2004,갱신,26.10~28.10,80000.0,200.0,,,
강남구,11680,도곡동,202607,아파트_전월세,아카데미스위트1,도곡동,467-7,83,,75700,165,29,18,2004,갱신,26.09~28.09,70000.0,165.0,,,
강남구,11680,일원동,202607,아파트_전월세,상록스타힐스,일원동,688,29.497,,24078,14,6,15,2022,갱신,26.11~28.11,22932.0,13.0,,,
강남구,11680,논현동,202607,아파트_전월세,루시아도산208,논현동,60,41.15,,500,330,10,16,2023,신규,26.07~28.07,,,,,
강남구,11680,대치동,202607,아파트_전월세,테헤란로대우아이빌(891-6),대치동,891-6,30.46,,18000,60,19,19,2004,신규,26.08~28.08,,,,,
강남구,11680,논현동,202607,아파트_전월세,아크로힐스논현,논현동,276-1,84.074,,10000,580,8,8,2014,신규,26.07~28.07,,,,,
강남구,11680,역삼동,202607,아파트_전월세,역삼래미안,역삼동,757,59.53,,115000,0,4,18,2005,신규,26.07~28.07,,,,,
강남구,11680,역삼동,202607,아파트_전월세,e-편한세상,역삼동,755-4,84.991,,115000,126,9,17,2005,갱신,26.11~28.11,115000.0,100.0,사용,,
강남구,11680,도곡동,202607,아파트_전월세,타워팰리스1,도곡동,467,84.16,,154800,0,33,18,2002,갱신,26.09~28.09,154800.0,,,,
강남구,11680,자곡동,202607,아파트_전월세,래미안포레,자곡동,687,59.97,,68250,0,2,18,2014,갱신,26.08~28.08,65000.0,,사용,,
강남구,11680,일원동,202607,아파트_전월세,상록스타힐스,일원동,688,59.963,,43211,84,10,19,2022,신규,26.08~28.08,,,,,
강남구,11680,자곡동,202607,아파트_전월세,래미안강남힐즈,자곡동,611,91.96,,10000,400,2,15,2014,신규,26.08~28.08,,,,,
강남구,11680,개포동,202607,아파트_전월세,개포자이프레지던스,개포동,1284,84.7509,,163000,0,5,17,2023,신규,26.10~28.10,,,,,
강남구,11680,자곡동,202607,아파트_전월세,강남자곡 힐스테이트,자곡동,619,84.39,,47250,84,7,19,2015,갱신,26.10~28.10,45000.0,80.0,사용,,
강남구,11680,세곡동,202607,아파트_전월세,세곡푸르지오,세곡동,533,74.74,,73000,0,4,15,2012,신규,26.08~28.08,,,,,
강남구,11680,일원동,202607,아파트_전월세,디에이치자이개포,일원동,743,76.46,,110000,160,11,18,2021,신규,26.09~28.09,,,,,
강남구,11680,역삼동,202607,아파트_전월세,역삼푸르지오,역삼동,754-1,59.8848,,10000,360,14,4,2006,신규,26.07~28.07,,,,,
강남구,11680,삼성동,202607,아파트_전월세,우정에쉐르2,삼성동,144-10,59.64,,5000,300,12,2,2004,신규,26.08~27.08,,,,,
강남구,11680,일원동,202607,아파트_전월세,상록스타힐스,일원동,688,29.497,,17342,51,6,20,2022,신규,26.08~28.08,,,,,
강남구,11680,개포동,202607,아파트_전월세,개포주공7단지,개포동,185,53.46,,35000,0,12,15,1983,신규,26.08~28.08,,,,,
강남구,11680,자곡동,202607,아파트_전월세,래미안포레,자곡동,687,84.85,,47683,0,2,17,2014,갱신,26.08~28.07,45413.0,,,,
강남구,11680,대치동,202607,아파트_전월세,대치아이파크,대치동,888,119.58,,168000,84,10,1,2008,갱신,26.08~28.08,160000.0,80.0,사용,,
강남구,11680,대치동,202607,아파트_전월세,대치주성,대치동,962-20,123.73,,100000,0,5,18,2004,갱신,26.08~28.08,100000.0,,사용,,
강남구,11680,일원동,202607,아파트_전월세,샘터마을,일원동,718,101.97,,115000,0,12,13,1994,신규,26.08~28.08,,,,,
강남구,11680,역삼동,202607,아파트_전월세,대우디오빌,역삼동,720-25,30.03,,2000,120,6,10,2002,신규,26.07~28.07,,,,,
강남구,11680,개포동,202607,아파트_전월세,개포자이프레지던스,개포동,1284,84.5978,,80000,350,10,4,2023,신규,26.09~28.09,,,,,
강남구,11680,대치동,202607,아파트_전월세,대치아이파크,대치동,888,149.78,,258000,0,21,2,2008,갱신,26.10~28.10,235000.0,,,,
강남구,11680,개포동,202607,아파트_전월세,개포래미안포레스트,개포동,1282,74.66,,120000,0,11,4,2020,신규,26.08~28.08,,,,,
강남구,11680,역삼동,202607,아파트_전월세,역삼푸르지오,역삼동,754-1,59.8848,,40000,249,18,16,2006,갱신,26.08~28.08,40000.0,230.0,사용,,
강남구,11680,일원동,202607,아파트_전월세,푸른마을아파트101동~111동,일원동,719,59.76,,68200,0,9,10,1994,갱신,26.09~28.09,65000.0,,사용,,
강남구,11680,자곡동,202607,아파트_전월세,강남한양수자인(4단지),자곡동,686,59.93,,10772,18,7,16,2014,갱신,26.08~28.07,6406.0,43.0,,,
강남구,11680,개포동,202607,아파트_전월세,디에이치아너힐즈,개포동,1281,49.4013,,17440,68,4,16,2019,신규,26.07~28.09,,,,,
강남구,11680,자곡동,202607,아파트_전월세,래미안포레,자곡동,687,59.92,,39583,0,8,16,2014,갱신,26.08~28.07,37699.0,,,,
강남구,11680,자곡동,202607,아파트_전월세,강남한양수자인(4단지),자곡동,686,59.88,,2745,50,7,16,2014,갱신,26.08~28.07,6406.0,43.0,,,
강남구,11680,청담동,202607,아파트_전월세,삼성청담아파트,청담동,42,59.99,,60000,90,10,15,1999,신규,26.08~28.08,,,,,
강남구,11680,삼성동,202607,아파트_전월세,삼성동센트럴아이파크,삼성동,188,84.98,,85000,320,11,16,2018,갱신,26.09~28.09,85000.0,320.0,,,
강남구,11680,자곡동,202607,아파트_전월세,강남브리즈힐,자곡동,618,74.04,,60000,50,10,13,2014,신규,26.10~28.10,,,,,
강남구,11680,삼성동,202607,아파트_전월세,삼성동롯데아파트,삼성동,17,91.77,,120000,0,2,15,2000,신규,26.09~28.09,,,,,
강남구,11680,도곡동,202607,아파트_전월세,우성사원5,도곡동,463-1,78.99,,7000,200,6,10,1986,신규,26.07~28.07,,,,,
강남구,11680,삼성동,202607,아파트_전월세,삼성동힐스테이트 1단지,삼성동,16-2,114.463,,161700,0,2,9,2008,갱신,26.07~28.07,154000.0,,사용,,
강남구,11680,역삼동,202607,아파트_전월세,역삼센트럴2차아이파크,역삼동,712-5,19.685,,31500,0,4,13,2022,신규,26.08~28.08,,,,,
강남구,11680,청담동,202607,아파트_전월세,청담현대3차아파트,청담동,127-31,59.95,,80000,0,9,3,1999,신규,26.09~28.09,,,,,
강남구,11680,대치동,202607,아파트_전월세,은마,대치동,316,76.79,,70000,0,1,2,1979,신규,26.09~28.09,,,,,
강남구,11680,역삼동,202607,아파트_전월세,역삼I'PARK,역삼동,713-11,28.246,,2000,149,3,16,2006,갱신,26.07~28.07,2000.0,142.0,사용,,
강남구,11680,역삼동,202607,아파트_전월세,역삼I'PARK,역삼동,713-11,144.011,,195000,0,12,6,2006,갱신,26.08~28.08,190000.0,,사용,,
강남구,11680,삼성동,202607,아파트_전월세,삼성동힐스테이트 1단지,삼성동,16-2,84.236,,20000,450,2,3,2008,신규,26.08~28.08,,,,,
강남구,11680,역삼동,202607,아파트_전월세,한스빌(836),역삼동,836,41.95,,7000,90,2,14,1996,갱신,26.07~28.07,6000.0,90.0,,,
강남구,11680,삼성동,202607,아파트_전월세,현대힐스테이트2단지,삼성동,50,39.552,,73000,0,10,15,2008,신규,26.08~28.08,,,,,
강남구,11680,대치동,202607,아파트_전월세,은마,대치동,316,84.43,,75600,0,8,16,1979,갱신,26.10~28.10,72000.0,,사용,,
강남구,11680,도곡동,202607,아파트_전월세,현대그린1,도곡동,964,84.72,,84000,0,5,10,2006,갱신,26.08~28.08,80000.0,,사용,,
강남구,11680,도곡동,202607,아파트_전월세,도곡렉슬,도곡동,527,120.8233,,185000,0,6,14,2006,갱신,26.09~28.09,170000.0,,,,
강남구,11680,수서동,202607,아파트_전월세,삼익,수서동,708,60,,52660,0,6,15,1992,갱신,26.08~28.08,50160.0,,사용,,
강남구,11680,율현동,202607,아파트_전월세,강남한신휴플러스8단지,율현동,513,59.97,,40398,0,6,16,2015,갱신,26.08~28.07,38475.0,,,,
강남구,11680,수서동,202607,아파트_전월세,삼익,수서동,708,49.2,,50400,0,7,13,1992,갱신,26.08~28.08,48000.0,,사용,,
강남구,11680,논현동,202607,아파트_전월세,우민,논현동,107-44,74.758,,75000,0,2,11,2002,신규,26.09~28.09,,,,,
강남구,11680,일원동,202607,아파트_전월세,디에이치자이개포,일원동,743,41.91,,15280,60,11,15,2021,신규,26.07~28.09,,,,,
강남구,11680,대치동,202607,아파트_전월세,은마,대치동,316,76.79,,50000,90,13,15,1979,신규,26.08~28.08,,,,,
강남구,11680,자곡동,202607,아파트_전월세,강남에버시움,자곡동,621,36.05,,4410,16,1,16,2013,갱신,26.08~28.07,2200.0,28.0,,,
강남구,11680,도곡동,202607,아파트_전월세,럭키(963),도곡동,963,84.97,,84000,0,8,11,1995,갱신,26.09~28.09,80000.0,,사용,,
강남구,11680,개포동,202607,아파트_전월세,개포래미안포레스트,개포동,1282,74.66,,80000,141,10,10,2020,갱신,26.08~28.08,80000.0,120.0,사용,,
강남구,11680,수서동,202607,아파트_전월세,신동아,수서동,736,33.18,,42000,0,4,9,1992,신규,26.08~28.08,,,,,
강남구,11680,개포동,202607,아파트_전월세,개포주공7단지,개포동,185,53.46,,30000,0,7,10,1983,신규,26.09~28.09,,,,,
강남구,11680,개포동,202607,아파트_전월세,디에이치아너힐즈,개포동,1281,49.4013,,17440,68,1,16,2019,신규,26.07~28.09,,,,,
강남구,11680,청담동,202607,아파트_전월세,청담자이,청담동,134-38,89.115,,168000,0,2,10,2011,갱신,26.08~28.08,160000.0,,사용,,
강남구,11680,개포동,202607,아파트_전월세,삼익대청아파트,개포동,12,39.53,,35885,0,1,11,1992,갱신,26.08~28.08,34177.0,,,,
강남구,11680,청담동,202607,아파트_전월세,래미안청담로이뷰,청담동,134,110.2,,20000,600,5,1,1992,신규,26.07~28.07,,,,,
강남구,11680,자곡동,202607,아파트_전월세,강남한양수자인(4단지),자곡동,686,84.85,,49481,0,8,16,2014,갱신,26.08~28.07,47125.0,,,,
강남구,11680,역삼동,202607,아파트_전월세,대우디오빌플러스,역삼동,824-25,43.99,,1000,130,11,1,2004,신규,26.07~27.07,,,,,
강남구,11680,대치동,202607,아파트_전월세,개포우성2,대치동,500,84.69,,115000,0,11,8,1984,갱신,26.08~28.08,108000.0,,,,
강남구,11680,대치동,202607,아파트_전월세,세영팔레스타운,대치동,975-20,84.85,,93000,0,2,4,2002,신규,26.10~28.10,,,,,
강남구,11680,개포동,202607,아파트_전월세,개포래미안포레스트,개포동,1282,74.66,,130000,0,2,15,2020,신규,26.09~28.09,,,,,
강남구,11680,역삼동,202607,아파트_전월세,개나리래미안,역삼동,754,114.65,,165000,0,3,15,2006,갱신,26.07~28.07,160000.0,,,,
강남구,11680,자곡동,202607,아파트_전월세,래미안포레,자곡동,687,59.92,,40398,0,4,15,2014,갱신,26.08~28.07,38475.0,,,,
강남구,11680,신사동,202607,아파트_전월세,신사동씨티빌,신사동,523-4,63.486,,5000,240,1,15,2002,신규,26.08~28.08,,,,,
강남구,11680,역삼동,202607,아파트_전월세,e-편한세상,역삼동,755-4,59.606,,80000,110,4,15,2005,신규,26.10~28.10,,,,,
강남구,11680,청담동,202607,아파트_전월세,청담자이,청담동,134-38,49.618,,80000,0,5,10,2011,신규,26.09~28.09,,,,,
강남구,11680,개포동,202607,아파트_전월세,디에이치아너힐즈,개포동,1281,49.4013,,8720,86,6,13,2019,신규,26.07~28.09,,,,,
강남구,11680,수서동,202607,아파트_전월세,삼성,수서동,747,84.97,,83000,0,14,10,1997,갱신,26.08~28.08,83000.0,,,,
강남구,11680,논현동,202607,아파트_전월세,논현파라곤,논현동,241-1,84.4,,90000,0,6,11,2007,신규,26.09~28.09,,,,,
강남구,11680,개포동,202607,아파트_전월세,개포자이프레지던스,개포동,1284,109.8841,,20000,600,30,14,2023,신규,26.09~28.09,,,,,
강남구,11680,수서동,202607,아파트_전월세,강남데시앙포레,수서동,795,84.92,,84000,0,2,15,2014,갱신,26.08~28.08,80000.0,,사용,,
강남구,11680,도곡동,202607,아파트_전월세,아카데미스위트1,도곡동,467-7,122.07,,117000,60,17,8,2004,갱신,26.08~28.08,117000.0,37.0,사용,,
강남구,11680,대치동,202607,아파트_전월세,대치현대,대치동,974,59.82,,30000,155,3,15,1999,갱신,26.08~28.08,30000.0,155.0,사용,,
강남구,11680,논현동,202607,아파트_전월세,펜트힐캐스케이드,논현동,106,43.01,,60000,0,3,15,2023,신규,26.10~28.10,,,,,
강남구,11680,일원동,202607,아파트_전월세,디에이치자이개포,일원동,743,41.91,,15280,60,5,15,2021,신규,26.07~28.09,,,,,
강남구,11680,대치동,202607,아파트_전월세,동민맥스빌B동,대치동,938-13,118.48,,95000,0,2,15,2004,갱신,26.08~28.08,88000.0,,,,
강남구,11680,역삼동,202607,아파트_전월세,래미안그레이튼,역삼동,763-16,70.98,,80000,130,2,6,2009,갱신,26.09~28.09,80000.0,120.0,사용,,
강남구,11680,삼성동,202607,아파트_전월세,래미안라클래시,삼성동,189,59.99,,11500,112,6,15,2021,갱신,26.08~28.07,22496.0,88.0,,,
강남구,11680,삼성동,202607,아파트_전월세,래미안삼성1차(103-22),삼성동,103-22,84.81,,110000,0,9,9,2006,신규,26.09~28.09,,,,,
강남구,11680,도곡동,202607,아파트_전월세,럭키(963),도곡동,963,84.97,,25000,251,2,4,1995,갱신,26.09~28.09,45000.0,160.0,사용,,
강남구,11680,일원동,202607,아파트_전월세,한솔마을,일원동,731,84.73,,10000,210,4,15,1994,신규,26.09~27.03,,,,,
강남구,11680,역삼동,202607,아파트_전월세,래미안펜타빌,역삼동,713-7,135.67,,120000,230,8,6,2007,갱신,26.08~28.08,120000.0,200.0,사용,,
강남구,11680,역삼동,202607,아파트_전월세,래미안그레이튼,역삼동,763-16,59.97,,62107,0,2,15,2009,갱신,26.08~28.07,59150.0,,,,
강남구,11680,역삼동,202607,아파트_전월세,역삼I'PARK,역삼동,713-11,28.246,,2000,170,4,4,2006,신규,26.08~28.08,,,,,
강남구,11680,대치동,202607,아파트_전월세,한보미도맨션2,대치동,511,84.96,,96600,0,13,10,1985,갱신,26.08~28.08,92000.0,,사용,,
강남구,11680,개포동,202607,아파트_전월세,디에이치아너힐즈,개포동,1281,76.1709,,145000,0,8,15,2019,신규,26.10~28.10,,,,,
강남구,11680,개포동,202607,아파트_전월세,래미안블레스티지,개포동,1280,84.943,,150000,0,10,11,2019,신규,26.10~28.10,,,,,
강남구,11680,대치동,202607,아파트_전월세,대치푸르지오써밋,대치동,1032,84.9747,,175500,0,16,11,2023,갱신,26.08~28.08,169000.0,,사용,,
강남구,11680,대치동,202607,아파트_전월세,아름빌(889-74),대치동,889-74,30.46,,10000,75,5,15,2003,신규,26.07~28.07,,,,,
강남구,11680,대치동,202607,아파트_전월세,선경1차(1동-7동),대치동,506,136.68,,160000,0,11,10,1983,갱신,26.09~28.09,160000.0,,사용,,
강남구,11680,수서동,202607,아파트_전월세,삼성,수서동,747,84.97,,94000,0,13,15,1997,갱신,26.10~28.10,85000.0,,,,
강남구,11680,역삼동,202607,아파트_전월세,역삼푸르지오,역삼동,754-1,59.8848,,90000,80,18,13,2006,신규,26.09~28.09,,,,,
강남구,11680,일원동,202607,아파트_전월세,상록스타힐스,일원동,688,59.963,,18748,100,20,14,2022,갱신,26.11~28.11,17856.0,95.0,,,
강남구,11680,논현동,202607,아파트_전월세,우민,논현동,107-44,74.758,,5000,350,6,13,2002,신규,26.08~28.07,,,,,
강남구,11680,도곡동,202607,아파트_전월세,우성캐릭터199,도곡동,467-24,132.94,,170000,0,17,14,1998,신규,26.10~28.10,,,,,
강남구,11680,일원동,202607,아파트_전월세,상록스타힐스,일원동,688,18.877,,19646,0,5,14,2022,갱신,26.11~28.10,18711.0,,,,
강남구,11680,일원동,202607,아파트_전월세,상록스타힐스,일원동,688,59.921,,21605,147,20,14,2022,신규,26.08~28.08,,,,,
강남구,11680,일원동,202607,아파트_전월세,상록스타힐스,일원동,688,59.963,,14403,168,14,14,2022,신규,26.08~28.08,,,,,
강남구,11680,도곡동,202607,아파트_전월세,울트라멤버스,도곡동,162-4,136.04,,65000,280,3,4,2003,갱신,26.09~28.09,65000.0,250.0,,,
강남구,11680,도곡동,202607,아파트_전월세,SK허브프리모,도곡동,953-1,67.57,,30000,150,16,13,2006,갱신,26.09~27.09,30000.0,140.0,,,
강남구,11680,청담동,202607,아파트_전월세,신동아,청담동,134-16,84.94,,69000,12,3,14,1997,갱신,26.10~28.10,69000.0,,사용,,
강남구,11680,압구정동,202607,아파트_전월세,미성1차,압구정동,414,153.32,,100000,280,9,14,1982,신규,26.10~28.10,,,,,
강남구,11680,삼성동,202607,아파트_전월세,현대힐스테이트2단지,삼성동,50,40.763,,5000,270,11,14,2008,갱신,26.08~28.08,5000.0,260.0,사용,,
강남구,11680,세곡동,202607,아파트_전월세,세곡리엔파크(3단지),세곡동,516,84.96,,43410,0,6,14,2011,갱신,26.08~28.07,41343.0,,,,
강남구,11680,수서동,202607,아파트_전월세,수서한아름,수서동,712,97.63,,95000,0,6,14,1993,갱신,26.09~28.09,79000.0,,,,
강남구,11680,대치동,202607,아파트_전월세,"대치우성아파트1동,2동,3동,5동,6동,7동",대치동,63,84.69,,50000,150,14,11,1984,갱신,26.08~28.08,50000.0,150.0,,,
강남구,11680,역삼동,202607,아파트_전월세,강남서해그랑블,역삼동,796-29,71.26,,74500,0,5,10,2012,신규,26.10~28.10,,,,,
강남구,11680,대치동,202607,아파트_전월세,한보미도맨션1,대치동,511,128.01,,145000,0,13,3,1983,갱신,26.07~28.07,145000.0,,,,
강남구,11680,삼성동,202607,아파트_전월세,래미안라클래시,삼성동,189,59.99,,23520,94,24,14,2021,갱신,26.08~28.07,23680.0,93.0,,,
강남구,11680,대치동,202607,아파트_전월세,은마,대치동,316,76.79,,70000,0,3,8,1979,신규,26.09~28.09,,,,,
강남구,11680,개포동,202607,아파트_전월세,우성8,개포동,179,79.61,,60000,110,5,14,1987,갱신,26.08~28.08,74550.0,,,,
강남구,11680,대치동,202607,아파트_전월세,대치삼성,대치동,1014-3,84.58,,110000,0,2,14,2000,신규,26.09~28.09,,,,,
강남구,11680,대치동,202607,아파트_전월세,우정에쉐르,대치동,950,97.85,,91000,0,3,11,2004,신규,26.08~28.08,,,,,
강남구,11680,대치동,202607,아파트_전월세,테헤란로대우아이빌(891-6),대치동,891-6,59.83,,30000,140,14,14,2004,신규,26.08~28.08,,,,,
강남구,11680,역삼동,202607,아파트_전월세,e-편한세상,역삼동,755-4,59.606,,5000,337,2,1,2005,갱신,26.07~28.07,5000.0,320.0,사용,,
강남구,11680,일원동,202607,아파트_전월세,푸른마을아파트101동~111동,일원동,719,59.76,,200,300,4,13,1994,신규,26.07~26.09,,,,,
강남구,11680,일원동,202607,아파트_전월세,래미안 개포 루체하임,일원동,741,59.99,,21760,85,10,13,2018,신규,26.07~28.09,,,,,
강남구,11680,개포동,202607,아파트_전월세,디에이치아너힐즈,개포동,1281,49.4013,,17440,68,6,14,2019,신규,26.07~28.09,,,,,
강남구,11680,개포동,202607,아파트_전월세,개포주공7단지,개포동,185,83.7,,5000,170,12,10,1983,신규,26.09~27.02,,,,,
강남구,11680,일원동,202607,아파트_전월세,디에이치자이개포,일원동,743,76.46,,135000,60,12,13,2021,신규,26.09~28.08,,,,,
강남구,11680,대치동,202607,아파트_전월세,은마,대치동,316,84.43,,80000,0,2,11,1979,갱신,26.08~28.08,77000.0,,사용,,
강남구,11680,논현동,202607,아파트_전월세,쌍용,논현동,103,84.87,,63000,108,4,12,1996,신규,26.08~28.08,,,,,
강남구,11680,일원동,202607,아파트_전월세,디에이치자이개포,일원동,743,41.91,,15280,60,9,14,2021,신규,26.07~28.09,,,,,
강남구,11680,자곡동,202607,아파트_전월세,래미안포레,자곡동,687,84.85,,47683,0,10,14,2014,갱신,26.08~28.07,45413.0,,,,
강남구,11680,삼성동,202607,아파트_전월세,진흥아파트,삼성동,53-2,104.31,,84000,0,15,14,1984,갱신,26.08~28.08,80000.0,13.0,사용,,
강남구,11680,역삼동,202607,아파트_전월세,개나리SK뷰,역삼동,716-3,84.98,,157500,0,8,11,2012,갱신,26.07~28.07,150000.0,,사용,,
강남구,11680,대치동,202607,아파트_전월세,은마,대치동,316,84.43,,70000,0,5,11,1979,신규,26.08~28.08,,,,,
강남구,11680,개포동,202607,아파트_전월세,성원대치2단지아파트,개포동,12,33.18,,31500,0,1,14,1992,갱신,26.09~28.09,30000.0,,사용,,
강남구,11680,대치동,202607,아파트_전월세,"대치우성아파트1동,2동,3동,5동,6동,7동",대치동,63,115.59,,105000,0,7,14,1984,갱신,26.07~28.07,100000.0,,사용,,
강남구,11680,자곡동,202607,아파트_전월세,강남자곡 힐스테이트,자곡동,619,59.93,,22000,140,8,14,2015,갱신,26.07~28.07,20000.0,140.0,,,
강남구,11680,압구정동,202607,아파트_전월세,현대8차(성수현대:91~95동),압구정동,481,111.5,,94500,0,5,13,1980,갱신,26.09~28.09,90000.0,,사용,,
강남구,11680,역삼동,202607,아파트_전월세,e-편한세상,역삼동,755-4,59.606,,72000,90,4,3,2005,갱신,26.07~28.07,87000.0,40.0,사용,,
강남구,11680,수서동,202607,아파트_전월세,신동아,수서동,736,39.51,,50000,0,13,14,1992,신규,26.09~28.09,,,,,
강남구,11680,도곡동,202607,아파트_전월세,한라비발디,도곡동,972,125.7332,,100000,240,8,14,2016,갱신,26.08~28.08,100000.0,122.0,,,
강남구,11680,삼성동,202607,아파트_전월세,LG선릉에클라트(B),삼성동,142-3,36.35,,1000,115,10,14,2004,신규,26.07~27.07,,,,,
강남구,11680,논현동,202607,아파트_전월세,동현아파트1~6,논현동,105,84.92,,71000,0,10,4,1985,신규,26.10~28.10,,,,,
강남구,11680,개포동,202607,아파트_전월세,개포6차우성아파트1동~8동,개포동,658-1,67.28,,45000,0,3,9,1987,신규,26.08~28.08,,,,,
강남구,11680,대치동,202607,아파트_전월세,테헤란로대우아이빌(891-6),대치동,891-6,33.11,,31000,0,14,13,2004,신규,26.08~28.08,,,,,
강남구,11680,개포동,202607,아파트_전월세,디에이치아너힐즈,개포동,1281,106.9877,,210000,0,25,14,2019,신규,26.09~28.09,,,,,
강남구,11680,청담동,202607,아파트_전월세,청담스위트,청담동,34-13,13.425,,1000,95,4,11,2015,신규,26.07~28.07,,,,,
강남구,11680,일원동,202607,아파트_전월세,상록수,일원동,734,74.54,,75600,0,5,11,1993,갱신,26.09~28.09,72000.0,,사용,,
강남구,11680,대치동,202607,아파트_전월세,은마,대치동,316,84.43,,10000,280,13,14,1979,신규,26.08~27.12,,,,,
강남구,11680,삼성동,202607,아파트_전월세,삼성동힐스테이트 1단지,삼성동,16-2,84.236,,120750,0,17,13,2008,갱신,26.07~28.07,115000.0,,사용,,
강남구,11680,자곡동,202607,아파트_전월세,강남자곡아이파크,자곡동,602,74.97,,76500,0,10,12,2014,갱신,26.08~28.08,73000.0,,사용,,
강남구,11680,일원동,202607,아파트_전월세,우성7,일원동,615,84.06,,60000,105,4,11,1987,신규,26.09~28.09,,,,,
강남구,11680,압구정동,202607,아파트_전월세,현대3차(61~64동),압구정동,443,82.5,,83000,0,1,13,1976,갱신,26.07~28.07,80000.0,,사용,,
강남구,11680,대치동,202607,아파트_전월세,은마,대치동,316,76.79,,10000,220,12,6,1979,신규,26.08~27.08,,,,,
강남구,11680,삼성동,202607,아파트_전월세,아크로삼성,삼성동,79,92,,100000,550,19,3,2025,신규,26.09~28.08,,,,,
강남구,11680,개포동,202607,아파트_전월세,개포주공7단지,개포동,185,83.7,,50000,20,10,11,1983,갱신,26.07~28.07,50000.0,50.0,사용,,
강남구,11680,대치동,202607,아파트_전월세,래미안대치팰리스,대치동,1027,94.49,,194250,0,16,11,2015,갱신,26.08~28.05,185000.0,,사용,,
강남구,11680,개포동,202607,아파트_전월세,개포자이프레지던스,개포동,1284,84.5978,,150000,0,20,13,2023,신규,26.09~28.09,,,,,
강남구,11680,삼성동,202607,아파트_전월세,서광아파트,삼성동,2,84.93,,30000,330,2,10,1998,갱신,26.07~28.07,30000.0,,,,
강남구,11680,개포동,202607,아파트_전월세,래미안블레스티지,개포동,1280,59.897,,20960,82,3,13,2019,신규,26.07~28.09,,,,,
강남구,11680,압구정동,202607,아파트_전월세,"현대10차(201,202동)",압구정동,436,108.15,,94500,0,1,13,1982,갱신,26.09~28.09,90000.0,,사용,,
강남구,11680,개포동,202607,아파트_전월세,디에이치아너힐즈,개포동,1281,49.4013,,17440,68,2,13,2019,신규,26.07~28.09,,,,,
강남구,11680,대치동,202607,아파트_전월세,대치더클래스,대치동,1031,84.22,,90000,240,5,6,2022,갱신,26.09~28.09,100000.0,100.0,,,
강남구,11680,개포동,202607,아파트_전월세,디에이치아너힐즈,개포동,1281,49.4013,,17440,68,6,13,2019,신규,26.07~28.09,,,,,
강남구,11680,압구정동,202607,아파트_전월세,한양1차(영동한양),압구정동,490,63.87,,62750,0,8,10,1977,갱신,26.08~28.09,57750.0,,,,
강남구,11680,삼성동,202607,아파트_전월세,위레벤646,삼성동,78-1,30.2193,,3000,290,11,3,2021,신규,26.07~27.07,,,,,
강남구,11680,대치동,202607,아파트_전월세,대치아이파크,대치동,888,149.78,,250000,0,7,2,2008,신규,26.07~28.07,,,,,
강남구,11680,역삼동,202607,아파트_전월세,역삼센트럴2차아이파크,역삼동,712-5,19.685,,31500,0,4,13,2022,신규,26.08~28.08,,,,,
강남구,11680,역삼동,202607,아파트_전월세,e-편한세상,역삼동,755-4,59.606,,90000,70,6,11,2005,갱신,26.10~28.10,90000.0,60.0,,,
강남구,11680,개포동,202607,아파트_전월세,개포자이프레지던스,개포동,1284,59.9751,,10000,500,3,9,2023,신규,26.09~28.12,,,,,
강남구,11680,삼성동,202607,아파트_전월세,래미안라클래시,삼성동,189,59.99,,22344,89,15,13,2021,갱신,26.08~28.07,22496.0,88.0,,,
강남구,11680,수서동,202607,아파트_전월세,신동아,수서동,736,39.51,,49000,0,1,11,1992,신규,26.09~28.09,,,,,
강남구,11680,자곡동,202607,아파트_전월세,강남브리즈힐,자곡동,618,74.44,,40000,150,14,13,2014,신규,26.08~28.08,,,,,
강남구,11680,역삼동,202607,아파트_전월세,역삼I'PARK,역삼동,713-11,28.246,,33000,40,5,2,2006,신규,26.08~28.08,,,,,
강남구,11680,개포동,202607,아파트_전월세,개포자이프레지던스,개포동,1284,84.5978,,50000,440,17,11,2023,신규,26.09~28.09,,,,,
강남구,11680,개포동,202607,아파트_전월세,개포자이프레지던스,개포동,1284,84.5978,,75000,330,10,10,2023,갱신,26.09~28.09,70000.0,325.0,,,
강남구,11680,세곡동,202607,아파트_전월세,강남엘에이치1단지,세곡동,579,84.83,,33650,160,15,11,2013,갱신,26.08~28.08,33650.0,160.0,,,
강남구,11680,개포동,202607,아파트_전월세,개포자이,개포동,12-2,153.8,,145000,50,2,10,2004,갱신,26.07~28.07,140000.0,,,,
강남구,11680,도곡동,202607,아파트_전월세,도곡렉슬,도곡동,527,119.8906,,170000,0,1,1,2006,갱신,26.09~28.09,160000.0,,,,
강남구,11680,일원동,202607,아파트_전월세,수서,일원동,711,59.96,,40000,55,8,11,1992,갱신,26.08~28.08,36000.0,50.0,,,
강남구,11680,일원동,202607,아파트_전월세,디에이치자이개포,일원동,743,41.91,,15280,60,8,13,2021,신규,26.07~28.09,,,,,
강남구,11680,압구정동,202607,아파트_전월세,신현대12차,압구정동,434,108.3,,85000,0,2,11,1982,신규,26.09~28.09,,,,,
강남구,11680,개포동,202607,아파트_전월세,래미안블레스티지,개포동,1280,84.94,,20000,500,14,11,2019,신규,26.08~28.08,,,,,
강남구,11680,개포동,202607,아파트_전월세,개포주공6단지,개포동,185,53.06,,35165,0,8,4,1983,갱신,26.08~27.08,33495.0,,사용,,
강남구,11680,대치동,202607,아파트_전월세,대치아이파크,대치동,888,84.93,,60000,378,5,11,2008,갱신,26.08~29.02,60000.0,390.0,사용,,
강남구,11680,자곡동,202607,아파트_전월세,강남자곡 힐스테이트,자곡동,619,51.96,,47000,0,3,12,2015,갱신,26.08~28.08,45000.0,,사용,,
강남구,11680,수서동,202607,아파트_전월세,신동아,수서동,736,39.53,,30000,45,8,11,1992,갱신,26.08~27.02,30000.0,15.0,,,
강남구,11680,대치동,202607,아파트_전월세,은마,대치동,316,84.43,,50000,110,5,8,1979,갱신,26.07~28.07,50000.0,110.0,사용,,
강남구,11680,일원동,202607,아파트_전월세,상록스타힐스,일원동,688,59.963,,36009,105,3,11,2022,신규,26.08~28.08,,,,,
강남구,11680,도곡동,202607,아파트_전월세,경남,도곡동,967,84.94,,95000,0,5,6,2005,갱신,26.07~28.07,88000.0,,,,
강남구,11680,개포동,202607,아파트_전월세,대치푸르지오발라드,개포동,176-2,52.0103,,50000,175,4,12,2024,신규,26.09~28.09,,,,,
강남구,11680,수서동,202607,아파트_전월세,수서한아름,수서동,712,163.68,,80000,120,1,12,1993,갱신,26.07~28.07,80000.0,100.0,사용,,
강남구,11680,자곡동,202607,아파트_전월세,강남한양수자인(4단지),자곡동,686,114.46,,68000,0,10,10,2014,갱신,26.08~28.08,65000.0,,사용,,
강남구,11680,도곡동,202607,아파트_전월세,도곡렉슬,도곡동,527,84.9984,,70000,307,5,11,2006,갱신,26.08~28.08,70000.0,280.0,사용,,
강남구,11680,수서동,202607,아파트_전월세,신동아,수서동,736,49.96,,60000,0,5,12,1992,신규,26.10~28.10,,,,,
강남구,11680,삼성동,202607,아파트_전월세,현대힐스테이트2단지,삼성동,50,84.236,,70000,240,8,13,2008,갱신,26.07~28.07,70000.0,230.0,,,
강남구,11680,개포동,202607,아파트_전월세,디에이치아너힐즈,개포동,1281,49.4013,,17440,68,6,13,2019,신규,26.07~28.09,,,,,
강남구,11680,역삼동,202607,아파트_전월세,역삼래미안,역삼동,757,80.87,,130000,0,12,11,2005,갱신,26.07~28.07,120500.0,,,,
강남구,11680,역삼동,202607,아파트_전월세,테헤란아이파크,역삼동,709-5,80.1995,,143000,0,14,11,2014,갱신,26.08~28.06,130000.0,,,,
강남구,11680,논현동,202607,아파트_전월세,논현파라곤,논현동,241-1,84.4,,90000,0,6,11,2007,신규,26.09~28.09,,,,,
강남구,11680,수서동,202607,아파트_전월세,까치마을,수서동,746,34.44,,5250,105,13,8,1993,갱신,26.08~28.08,5000.0,100.0,사용,,
강남구,11680,대치동,202607,아파트_전월세,대치삼성,대치동,1014-3,84.58,,135000,25,25,8,2000,갱신,26.07~28.07,135000.0,,사용,,
강남구,11680,자곡동,202607,아파트_전월세,강남자곡 힐스테이트,자곡동,619,84.39,,40000,134,9,11,2015,갱신,26.09~28.09,40000.0,120.0,사용,,
강남구,11680,도곡동,202607,아파트_전월세,도곡루아르,도곡동,941-1,46.4128,,66000,0,5,11,2022,신규,26.09~28.09,,,,,
강남구,11680,도곡동,202607,아파트_전월세,도곡1차아이파크,도곡동,543-7,130.259,,135000,0,16,9,2007,갱신,26.08~28.08,130000.0,,,,
강남구,11680,역삼동,202607,아파트_전월세,래미안그레이튼(진달래2차),역삼동,762-3,84.81,,70000,300,15,11,2010,갱신,26.09~28.11,50000.0,320.0,,,
강남구,11680,역삼동,202607,아파트_전월세,한화진넥스빌,역삼동,706-20,43.58,,2000,140,8,6,2001,신규,26.08~28.08,,,,,
강남구,11680,도곡동,202607,아파트_전월세,럭키(963),도곡동,963,84.97,,57000,160,5,10,1995,신규,26.09~28.09,,,,,
강남구,11680,역삼동,202607,아파트_전월세,이스턴오피스텔,역삼동,735-15,14.78,,1000,85,9,10,2014,신규,26.07~27.07,,,,,
강남구,11680,신사동,202607,아파트_전월세,신사파크빌A동,신사동,562,97.56,,30000,105,1,10,2004,갱신,26.08~28.08,30000.0,100.0,사용,,
강남구,11680,청담동,202607,아파트_전월세,씨티3차,청담동,105,149.77,,120000,0,2,10,1996,신규,26.10~28.10,,,,,
강남구,11680,도곡동,202607,아파트_전월세,현대아파트1동~3동,도곡동,961,84.96,,55200,52,3,10,1994,갱신,26.07~28.07,55200.0,42.0,,,
강남구,11680,일원동,202607,아파트_전월세,수서,일원동,711,39.98,,2500,150,11,10,1992,갱신,26.09~28.09,2500.0,130.0,,,
강남구,11680,개포동,202607,아파트_전월세,우성8,개포동,179,79.61,,90000,0,4,10,1987,신규,26.09~28.09,,,,,
강남구,11680,율현동,202607,아파트_전월세,강남한신휴플러스6단지,율현동,365,49.79,,2635,47,6,10,2015,갱신,26.08~28.07,6151.0,39.0,,,
강남구,11680,개포동,202607,아파트_전월세,개포자이프레지던스,개포동,1284,78.7747,,20000,520,8,9,2023,신규,26.08~28.08,,,,,
강남구,11680,개포동,202607,아파트_전월세,성원대치2단지아파트,개포동,12,49.86,,64000,0,15,4,1992,신규,26.10~28.10,,,,,
강남구,11680,삼성동,202607,아파트_전월세,현대힐스테이트2단지,삼성동,50,84.349,,132000,0,14,9,2008,신규,26.08~28.08,,,,,
강남구,11680,도곡동,202607,아파트_전월세,타워팰리스1,도곡동,467,164.97,,90000,699,33,10,2002,갱신,26.07~28.07,90000.0,650.0,사용,,
강남구,11680,일원동,202607,아파트_전월세,상록스타힐스,일원동,688,59.963,,14403,168,5,9,2022,신규,26.08~28.07,,,,,
강남구,11680,논현동,202607,아파트_전월세,신동아(22),논현동,22,35.73,,45000,0,6,10,1997,신규,26.07~28.07,,,,,
강남구,11680,역삼동,202607,아파트_전월세,경남아너스빌,역삼동,722,84.932,,95000,0,8,3,2002,신규,26.09~28.09,,,,,
강남구,11680,도곡동,202607,아파트_전월세,타워팰리스3,도곡동,467-29,141.706,,300000,0,59,10,2004,신규,26.10~28.10,,,,,
강남구,11680,도곡동,202607,아파트_전월세,럭키(963),도곡동,963,124.66,,60000,240,10,9,1995,신규,26.09~28.09,,,,,
강남구,11680,도곡동,202607,아파트_전월세,도곡렉슬,도곡동,527,120.8233,,168000,0,23,10,2006,갱신,26.08~28.08,160000.0,,사용,,
강남구,11680,역삼동,202607,아파트_전월세,롯데캐슬노블,역삼동,835-68,176.03,,50000,500,12,8,2007,신규,26.07~28.07,,,,,
강남구,11680,수서동,202607,아파트_전월세,강남데시앙포레,수서동,795,114.45,,130000,0,9,10,2014,갱신,26.07~28.07,130000.0,,사용,,
강남구,11680,자곡동,202607,아파트_전월세,강남브리즈힐,자곡동,618,84.29,,63000,100,7,10,2014,신규,26.08~28.08,,,,,
강남구,11680,압구정동,202607,아파트_전월세,한양2,압구정동,493,175.92,,132300,84,11,9,1978,갱신,26.07~28.07,120000.0,,,,
강남구,11680,삼성동,202607,아파트_전월세,LG선릉에클라트(B),삼성동,142-3,36.35,,30450,0,15,8,2004,신규,26.09~28.09,,,,,
강남구,11680,수서동,202607,아파트_전월세,강남데시앙포레,수서동,795,84.81,,84000,0,1,8,2014,갱신,26.07~28.07,80000.0,,사용,,
강남구,11680,개포동,202607,아파트_전월세,래미안블레스티지,개포동,1280,59.967,,120000,0,20,9,2019,신규,26.09~28.09,,,,,
강남구,11680,일원동,202607,아파트_전월세,수서,일원동,711,39.98,,37800,0,12,9,1992,갱신,26.08~28.08,36000.0,,사용,,
강남구,11680,역삼동,202607,아파트_전월세,테헤란아이파크,역삼동,709-5,70.8333,,50000,310,21,3,2014,신규,26.08~28.08,,,,,
강남구,11680,일원동,202607,아파트_전월세,샘터마을,일원동,718,101.97,,110000,50,10,8,1994,신규,26.09~28.09,,,,,
강남구,11680,역삼동,202607,아파트_전월세,역삼푸르지오,역삼동,754-1,59.8848,,99700,0,24,9,2006,갱신,26.08~28.08,95000.0,,사용,,
강남구,11680,압구정동,202607,아파트_전월세,한양1차(영동한양),압구정동,490,78.05,,69000,0,1,9,1977,신규,26.08~28.08,,,,,
강남구,11680,수서동,202607,아파트_전월세,신동아,수서동,736,33.18,,41000,0,14,2,1992,갱신,26.07~28.07,31000.0,,,,
강남구,11680,도곡동,202607,아파트_전월세,럭키(963),도곡동,963,124.1,,135000,0,6,8,1995,갱신,26.07~28.07,120000.0,,,,
강남구,11680,자곡동,202607,아파트_전월세,강남자곡 힐스테이트,자곡동,619,84.39,,60000,85,7,5,2015,신규,26.10~28.10,,,,,
강남구,11680,청담동,202607,아파트_전월세,청담동삼성1차(101동),청담동,33,84.57,,53000,110,5,9,1997,신규,26.07~28.07,,,,,
강남구,11680,압구정동,202607,아파트_전월세,"현대7차(73~77,82,85동)",압구정동,456,144.2,,140000,0,6,10,1979,갱신,26.08~28.08,130000.0,,,,
강남구,11680,개포동,202607,아파트_전월세,디에이치아너힐즈,개포동,1281,76.1709,,20000,500,23,9,2019,신규,26.09~28.09,,,,,
강남구,11680,도곡동,202607,아파트_전월세,삼성래미안,도곡동,91-5,122.81,,80000,309,6,8,2001,갱신,26.08~28.07,80000.0,280.0,사용,,
강남구,11680,대치동,202607,아파트_전월세,래미안대치팰리스,대치동,1027,84.97,,110000,0,11,9,2015,갱신,26.08~28.08,110000.0,100.0,,,
강남구,11680,일원동,202607,아파트_전월세,가람,일원동,735,75.16,,76650,0,2,9,1993,갱신,26.08~28.08,73000.0,,사용,,
강남구,11680,도곡동,202607,아파트_전월세,도곡렉슬,도곡동,527,59.9818,,110000,0,7,8,2006,갱신,26.10~28.10,105000.0,,사용,,
강남구,11680,삼성동,202607,아파트_전월세,풍림(1차),삼성동,106,84.78,,90000,60,8,2,1998,신규,26.09~28.09,,,,,
강남구,11680,삼성동,202607,아파트_전월세,삼성동힐스테이트 1단지,삼성동,16-2,31.402,,50000,0,2,9,2008,신규,26.07~26.09,,,,,
강남구,11680,압구정동,202607,아파트_전월세,"현대1차(12,13,21,22,31,32,33동)",압구정동,369-1,162.94,,150000,0,1,8,1976,신규,26.10~28.10,,,,,
강남구,11680,대치동,202607,아파트_전월세,쌍용대치2,대치동,65,84.49,,78750,0,2,4,1983,갱신,26.07~28.07,75000.0,,사용,,
강남구,11680,자곡동,202607,아파트_전월세,래미안강남힐즈,자곡동,611,101.94,,120000,0,10,9,2014,갱신,26.08~28.08,110000.0,,,,
강남구,11680,삼성동,202607,아파트_전월세,삼성동힐스테이트 1단지,삼성동,16-2,114.463,,173250,0,10,6,2008,갱신,26.08~28.08,165000.0,,사용,,
강남구,11680,역삼동,202607,아파트_전월세,한화진넥스빌,역삼동,706-20,43.58,,29000,0,11,8,2001,신규,26.08~28.08,,,,,
강남구,11680,개포동,202607,아파트_전월세,성원대치2단지아파트,개포동,12,33.18,,43000,0,12,8,1992,신규,26.09~28.09,,,,,
강남구,11680,일원동,202607,아파트_전월세,우성7,일원동,615,84.06,,73500,0,5,4,1987,갱신,26.08~28.08,70000.0,,사용,,
강남구,11680,일원동,202607,아파트_전월세,수서,일원동,711,59.94,,65000,0,14,4,1992,갱신,26.07~28.07,55000.0,,,,
강남구,11680,청담동,202607,아파트_전월세,휴먼스타빌,청담동,5-25,39.95,,42000,0,21,8,2005,갱신,26.07~28.07,40000.0,,사용,,
강남구,11680,논현동,202607,아파트_전월세,현대넥서스A동,논현동,261-8,242.48,,150000,0,6,8,1997,신규,26.08~28.08,,,,,
강남구,11680,역삼동,202607,아파트_전월세,e-편한세상,역삼동,755-4,84.991,,122800,0,13,6,2005,갱신,26.07~28.07,117000.0,,사용,,
강남구,11680,자곡동,202607,아파트_전월세,강남자곡 힐스테이트,자곡동,619,23.32,,9533,0,3,8,2015,갱신,26.08~28.07,9256.0,,,,
강남구,11680,도곡동,202607,아파트_전월세,도곡렉슬,도곡동,527,84.9231,,150000,0,15,8,2006,갱신,26.08~28.08,145000.0,,사용,,
강남구,11680,자곡동,202607,아파트_전월세,래미안포레,자곡동,687,84.85,,49481,0,1,8,2014,갱신,26.08~28.07,47125.0,,,,
강남구,11680,역삼동,202607,아파트_전월세,이스턴오피스텔,역삼동,735-15,14.78,,10000,42,10,4,2014,신규,26.07~28.07,,,,,
강남구,11680,삼성동,202607,아파트_전월세,롯데캐슬프레미어,삼성동,11,176.613,,140000,430,16,8,2007,갱신,26.08~28.08,140000.0,336.0,,,
강남구,11680,역삼동,202607,아파트_전월세,테헤란아이파크,역삼동,709-5,118.0315,,42000,470,2,7,2014,갱신,26.07~28.07,42000.0,400.0,,,
강남구,11680,역삼동,202607,아파트_전월세,세방하이빌2,역삼동,771-14,84.84,,15000,185,2,8,2002,갱신,26.09~28.09,15000.0,174.0,사용,,
강남구,11680,세곡동,202607,아파트_전월세,강남데시앙파크,세곡동,525,84.97,,5000,290,5,8,2011,신규,26.08~28.08,,,,,
강남구,11680,논현동,202607,아파트_전월세,마일스디오빌,논현동,58-2,36.29,,34200,15,10,6,2004,신규,26.08~28.07,,,,,
강남구,11680,일원동,202607,아파트_전월세,수서,일원동,711,50.82,,50000,0,4,8,1992,갱신,26.09~28.08,30000.0,55.0,,,
강남구,11680,개포동,202607,아파트_전월세,개포래미안포레스트,개포동,1282,59.92,,30000,289,12,4,2020,갱신,26.09~28.09,30000.0,270.0,사용,,
강남구,11680,대치동,202607,아파트_전월세,선릉역풍림아이원레몬,대치동,890-54,69.81,,5000,250,10,3,2006,신규,26.07~28.07,,,,,
강남구,11680,대치동,202607,아파트_전월세,은마,대치동,316,84.43,,30000,190,1,6,1979,신규,26.10~28.10,,,,,
강남구,11680,대치동,202607,아파트_전월세,은마,대치동,316,84.43,,50000,110,5,8,1979,갱신,26.07~28.07,50000.0,110.0,사용,,
강남구,11680,삼성동,202607,아파트_전월세,현대힐스테이트2단지,삼성동,50,38.671,,5000,270,8,4,2008,신규,26.07~28.07,,,,,
강남구,11680,대치동,202607,아파트_전월세,은마,대치동,316,76.79,,40000,80,13,8,1979,신규,26.08~28.08,,,,,
강남구,11680,도곡동,202607,아파트_전월세,도곡렉슬,도곡동,527,59.9818,,20000,310,10,8,2006,갱신,26.08~28.08,20000.0,240.0,,,
강남구,11680,도곡동,202607,아파트_전월세,타워팰리스2,도곡동,467-17,124.11,,189000,0,39,3,2003,갱신,26.09~28.09,180000.0,,사용,,
강남구,11680,수서동,202607,아파트_전월세,삼익,수서동,708,84.48,,84000,0,7,8,1992,갱신,26.09~28.09,80000.0,,사용,,
강남구,11680,일원동,202607,아파트_전월세,디에이치자이개포,일원동,743,118.68,,200000,50,2,7,2021,신규,26.09~28.09,,,,,
강남구,11680,압구정동,202607,아파트_전월세,현대13차(208~211동),압구정동,448,105.45,,105000,0,12,8,1983,신규,26.09~28.09,,,,,
강남구,11680,대치동,202607,아파트_전월세,동부센트레빌,대치동,670,121.74,,150000,400,7,6,2005,신규,26.07~28.07,,,,,
강남구,11680,대치동,202607,아파트_전월세,세영팔레스타운,대치동,975-20,84.85,,110000,0,3,6,2002,갱신,26.08~28.08,108000.0,,사용,,
강남구,11680,삼성동,202607,아파트_전월세,삼성풍림2차아파트,삼성동,104,93.78,,54000,160,1,8,1998,갱신,26.09~28.09,50000.0,160.0,,,
강남구,11680,도곡동,202607,아파트_전월세,타워팰리스1,도곡동,467,164.97,,255000,0,33,8,2002,갱신,26.10~28.10,235000.0,,,,
강남구,11680,대치동,202607,아파트_전월세,은마,대치동,316,84.43,,91200,0,5,4,1979,갱신,26.08~28.08,87000.0,,사용,,
강남구,11680,압구정동,202607,아파트_전월세,한양5,압구정동,513,153.59,,150000,160,7,8,1979,갱신,26.07~28.07,190000.0,,,,
강남구,11680,역삼동,202607,아파트_전월세,경남아너스빌,역삼동,722,81.013,,51000,130,15,6,2002,갱신,26.09~28.09,47000.0,130.0,,,
강남구,11680,개포동,202607,아파트_전월세,개포래미안포레스트,개포동,1282,59.92,,10000,420,8,7,2020,신규,26.08~28.08,,,,,
강남구,11680,역삼동,202607,아파트_전월세,역삼I'PARK,역삼동,713-11,116.285,,20000,540,11,7,2006,갱신,26.07~28.01,20000.0,520.0,사용,,
강남구,11680,신사동,202607,아파트_전월세,금광아크존(635-14),신사동,635-14,45.4,,36400,0,2,6,2004,갱신,26.07~28.07,34700.0,,사용,,
강남구,11680,자곡동,202607,아파트_전월세,강남한양수자인(4단지),자곡동,686,114.46,,100000,60,4,7,2014,신규,26.08~28.08,,,,,
강남구,11680,역삼동,202607,아파트_전월세,동부센트레빌,역삼동,716,84.97,,71500,165,10,4,1998,갱신,26.07~28.07,70000.0,150.0,사용,,
강남구,11680,삼성동,202607,아파트_전월세,삼성동한솔아파트,삼성동,4-6,109.51,,120750,0,4,7,1998,갱신,26.08~28.08,115000.0,,사용,,
강남구,11680,자곡동,202607,아파트_전월세,래미안강남힐즈,자곡동,611,101.94,,115000,0,12,7,2014,갱신,26.09~28.09,100000.0,,,,
강남구,11680,대치동,202607,아파트_전월세,대치르엘,대치동,1030,77.9769,,150000,0,5,7,2021,갱신,26.08~28.07,150000.0,,,,
강남구,11680,대치동,202607,아파트_전월세,개포우성2,대치동,500,127.78,,50000,415,2,1,1984,갱신,26.08~28.08,50000.0,400.0,사용,,
강남구,11680,일원동,202607,아파트_전월세,수서,일원동,711,59.94,,65000,0,14,4,1992,갱신,26.07~28.07,55000.0,,,,
강남구,11680,대치동,202607,아파트_전월세,"대치우성아파트1동,2동,3동,5동,6동,7동",대치동,63,115.59,,99750,0,10,2,1984,갱신,26.07~28.07,95000.0,,사용,,
강남구,11680,압구정동,202607,아파트_전월세,미성1차,압구정동,414,180.56,,200000,0,9,6,1982,신규,26.08~28.08,,,,,
강남구,11680,신사동,202607,아파트_전월세,래미안신사,신사동,506-9,84.89,,76000,150,7,7,2008,갱신,26.07~26.12,76000.0,,사용,,
강남구,11680,청담동,202607,아파트_전월세,청담신원아침도시마인,청담동,122-35,37.1512,,3000,190,8,2,2013,신규,26.08~27.08,,,,,
강남구,11680,일원동,202607,아파트_전월세,푸른마을아파트101동~111동,일원동,719,59.76,,70000,0,10,4,1994,갱신,26.08~28.08,65000.0,,,,
강남구,11680,개포동,202607,아파트_전월세,성원대치2단지아파트,개포동,12,49.86,,68000,0,15,4,1992,신규,26.09~28.09,,,,,
강남구,11680,삼성동,202607,아파트_전월세,청구아파트,삼성동,78-4,84.99,,90000,0,6,7,1992,갱신,26.07~28.07,85000.0,,,,
강남구,11680,역삼동,202607,아파트_전월세,역삼푸르지오,역삼동,754-1,84.9097,,100000,140,8,6,2006,갱신,26.08~28.08,100000.0,80.0,,,
강남구,11680,자곡동,202607,아파트_전월세,래미안강남힐즈,자곡동,611,101.94,,125000,0,15,7,2014,신규,26.10~28.10,,,,,
강남구,11680,대치동,202607,아파트_전월세,대치아이파크,대치동,888,59.96,,55000,330,10,7,2008,신규,26.09~28.09,,,,,
강남구,11680,대치동,202607,아파트_전월세,테헤란로대우아이빌(891-6),대치동,891-6,35.51,,5000,100,10,7,2004,신규,26.07~27.07,,,,,
강남구,11680,청담동,202607,아파트_전월세,청담자이,청담동,134-38,49.619,,110000,0,11,7,2011,신규,26.08~28.08,,,,,
강남구,11680,청담동,202607,아파트_전월세,청담대림이-편한세상,청담동,30-33,81.84,,30000,350,9,2,2002,신규,26.08~28.08,,,,,
강남구,11680,압구정동,202607,아파트_전월세,현대4차저층(51~56동),압구정동,462,117.91,,130000,0,2,3,1977,신규,26.07~28.07,,,,,
강남구,11680,대치동,202607,아파트_전월세,대치푸르지오써밋,대치동,1032,59.9845,,130000,0,11,4,2023,갱신,26.08~28.08,124000.0,,사용,,
강남구,11680,자곡동,202607,아파트_전월세,LH수서2단지아파트,자곡동,138-2,36.84,,19506,20,3,1,2024,갱신,26.07~28.06,14406.0,49.0,,,
강남구,11680,개포동,202607,아파트_전월세,현대2,개포동,654,165.08,,130000,0,3,6,1986,신규,26.09~28.09,,,,,
강남구,11680,수서동,202607,아파트_전월세,삼익,수서동,708,49.2,,58000,0,9,4,1992,신규,26.11~28.11,,,,,
강남구,11680,개포동,202607,아파트_전월세,개포6차우성아파트1동~8동,개포동,658-1,67.28,,75000,0,3,3,1987,갱신,26.07~28.07,30000.0,,,,
강남구,11680,수서동,202607,아파트_전월세,수서한아름,수서동,712,97.63,,77000,0,10,6,1993,갱신,26.07~28.07,65000.0,,,,
강남구,11680,압구정동,202607,아파트_전월세,현대13차(208~211동),압구정동,448,108.47,,105000,0,13,4,1983,갱신,26.08~28.08,100000.0,,사용,,
강남구,11680,압구정동,202607,아파트_전월세,미성2차,압구정동,397,74.4,,100000,0,3,3,1987,신규,26.09~28.09,,,,,
강남구,11680,대치동,202607,아파트_전월세,래미안대치하이스턴,대치동,985,110.39,,100000,270,4,6,1989,갱신,26.07~28.07,100000.0,220.0,,,
강남구,11680,개포동,202607,아파트_전월세,개포래미안포레스트,개포동,1282,59.92,,115000,0,12,4,2020,신규,26.08~28.08,,,,,
강남구,11680,압구정동,202607,아파트_전월세,신현대12차,압구정동,434,182.95,,173000,0,7,6,1982,갱신,26.10~28.10,165000.0,,사용,,
강남구,11680,삼성동,202607,아파트_전월세,현대힐스테이트2단지,삼성동,50,84.236,,130000,0,20,4,2008,신규,26.09~28.09,,,,,
강남구,11680,신사동,202607,아파트_전월세,래미안신사,신사동,506-9,84.89,,110000,0,5,6,2008,갱신,26.10~28.10,105000.0,,,,
강남구,11680,수서동,202607,아파트_전월세,까치마을,수서동,746,39.6,,10000,112,15,4,1993,갱신,26.10~28.10,10000.0,105.0,사용,,
강남구,11680,도곡동,202607,아파트_전월세,대림,도곡동,960,84.95,,89250,0,8,4,1992,갱신,26.09~28.09,85000.0,,사용,,
강남구,11680,수서동,202607,아파트_전월세,까치마을,수서동,746,49.5,,47000,80,14,4,1993,신규,26.08~28.08,,,,,
강남구,11680,자곡동,202607,아파트_전월세,강남자곡아이파크,자곡동,602,74.97,,70000,110,3,4,2014,신규,26.08~29.01,,,,,
강남구,11680,역삼동,202607,아파트_전월세,e-편한세상,역삼동,755-4,84.675,,125000,0,18,4,2005,갱신,26.08~28.08,120000.0,,사용,,
강남구,11680,도곡동,202607,아파트_전월세,우성4,도곡동,465,126.46,,90000,75,8,4,1985,갱신,26.07~28.07,90000.0,60.0,사용,,
강남구,11680,삼성동,202607,아파트_전월세,현대힐스테이트2단지,삼성동,50,84.236,,125000,0,16,3,2008,신규,26.07~28.07,,,,,
강남구,11680,삼성동,202607,아파트_전월세,삼성동중앙하이츠빌리지,삼성동,14-1,84.55,,80000,150,7,3,2004,갱신,26.07~28.07,103000.0,29.0,,,
강남구,11680,논현동,202607,아파트_전월세,신동아(22),논현동,22,35.73,,2000,120,4,3,1997,갱신,26.10~27.10,2000.0,115.0,,,
강남구,11680,역삼동,202607,아파트_전월세,역삼래미안,역삼동,757,59.4,,52500,158,15,4,2005,갱신,26.08~28.08,50000.0,150.0,사용,,
강남구,11680,삼성동,202607,아파트_전월세,삼성동중앙하이츠빌리지,삼성동,14-1,84.55,,135000,0,5,2,2004,신규,26.08~28.08,,,,,
강남구,11680,수서동,202607,아파트_전월세,강남데시앙포레,수서동,795,114.15,,128000,0,11,4,2014,갱신,26.08~28.08,125000.0,,사용,,
강남구,11680,개포동,202607,아파트_전월세,개포자이프레지던스,개포동,1284,59.9751,,115500,11,7,6,2023,갱신,26.08~28.08,110000.0,10.0,사용,,
강남구,11680,자곡동,202607,아파트_전월세,강남브리즈힐,자곡동,618,84.29,,73500,0,3,5,2014,갱신,26.07~28.07,70000.0,,사용,,
강남구,11680,역삼동,202607,아파트_전월세,래미안펜타빌,역삼동,713-7,157.37,,135000,182,3,6,2007,갱신,26.09~28.09,135000.0,150.0,사용,,
강남구,11680,도곡동,202607,아파트_전월세,대림,도곡동,960,84.95,,85000,0,4,4,1992,갱신,26.07~28.07,75000.0,,,,
강남구,11680,도곡동,202607,아파트_전월세,도곡렉슬,도곡동,527,120.8233,,120000,240,21,1,2006,신규,26.08~28.08,,,,,
강남구,11680,자곡동,202607,아파트_전월세,LH수서2단지아파트,자곡동,138-2,36.84,,17465,18,6,1,2024,갱신,26.07~28.06,12965.0,44.0,,,
강남구,11680,대치동,202607,아파트_전월세,은마,대치동,316,76.79,,10000,250,7,4,1979,갱신,26.09~28.09,77000.0,,사용,,
강남구,11680,자곡동,202607,아파트_전월세,래미안포레,자곡동,687,59.92,,40398,0,3,6,2014,갱신,26.08~28.07,38475.0,,,,
강남구,11680,역삼동,202607,아파트_전월세,개나리SK뷰,역삼동,716-3,84.99,,70000,360,5,4,2012,신규,26.09~28.09,,,,,
강남구,11680,대치동,202607,아파트_전월세,한보미도맨션2,대치동,511,115.05,,125000,0,6,4,1985,갱신,26.07~28.07,118000.0,,,,
강남구,11680,대치동,202607,아파트_전월세,대치SKVIEW,대치동,1029,112.3685,,230000,0,9,6,2017,신규,26.07~28.07,,,,,
강남구,11680,삼성동,202607,아파트_전월세,삼성동힐스테이트 1단지,삼성동,16-2,84.236,,126000,0,7,4,2008,신규,26.08~28.08,,,,,
강남구,11680,압구정동,202607,아파트_전월세,"현대6차(78~81,83,84,86,87동)",압구정동,456,196.7,,380000,0,1,6,1978,갱신,26.07~28.12,285000.0,,,,
강남구,11680,압구정동,202607,아파트_전월세,"현대7차(73~77,82,85동)",압구정동,456,157.36,,136500,0,13,4,1979,갱신,26.07~28.07,130000.0,,사용,,
강남구,11680,수서동,202607,아파트_전월세,까치마을,수서동,746,34.44,,35000,0,6,4,1993,신규,26.08~28.08,,,,,
강남구,11680,자곡동,202607,아파트_전월세,강남한양수자인(4단지),자곡동,686,59.97,,64000,0,6,4,2014,갱신,26.07~28.07,64000.0,,사용,,
강남구,11680,자곡동,202607,아파트_전월세,LH수서2단지아파트,자곡동,138-2,36.84,,20058,27,9,1,2024,갱신,26.07~28.06,15558.0,53.0,,,
강남구,11680,도곡동,202607,아파트_전월세,우성캐릭터빌,도곡동,467-18,161.85,,135000,0,11,4,1998,신규,26.09~29.09,,,,,
강남구,11680,역삼동,202607,아파트_전월세,한스빌(836),역삼동,836,31.78,,3000,80,11,5,1996,신규,26.08~27.07,,,,,
강남구,11680,일원동,202607,아파트_전월세,우성7,일원동,615,83.69,,80000,0,14,6,1987,갱신,26.07~28.07,74000.0,,,,
강남구,11680,대치동,202607,아파트_전월세,래미안대치팰리스,대치동,1027,94.49,,230000,0,16,4,2015,신규,26.10~28.10,,,,,
강남구,11680,대치동,202607,아파트_전월세,은마,대치동,316,84.43,,1000,100,8,2,1979,신규,26.07~28.07,,,,,
강남구,11680,신사동,202607,아파트_전월세,압구정대원칸타빌아파트,신사동,659,84.85,,89250,0,5,4,2001,갱신,26.08~28.08,85000.0,,사용,,
강남구,11680,대치동,202607,아파트_전월세,대치동우정에쉐르1,대치동,891-28,58.86,,51000,0,10,6,2004,갱신,26.08~28.08,49000.0,,,,
강남구,11680,역삼동,202607,아파트_전월세,강남웅진베어스빌,역삼동,838-10,20.63,,25200,0,12,4,2019,갱신,26.08~28.08,24000.0,,사용,,
강남구,11680,대치동,202607,아파트_전월세,한보미도맨션1,대치동,511,128.01,,145000,0,13,3,1983,갱신,26.07~28.07,145000.0,,,,
강남구,11680,개포동,202607,아파트_전월세,디에이치아너힐즈,개포동,1281,76.1709,,136500,0,2,4,2019,갱신,26.08~28.08,130000.0,,사용,,
강남구,11680,개포동,202607,아파트_전월세,성원대치2단지아파트,개포동,12,39.53,,44100,0,13,4,1992,갱신,26.08~28.08,42000.0,,사용,,
강남구,11680,수서동,202607,아파트_전월세,신동아,수서동,736,33.18,,43000,0,10,4,1992,신규,26.08~28.08,,,,,
강남구,11680,도곡동,202607,아파트_전월세,도곡1차아이파크,도곡동,543-7,84.122,,120000,0,1,4,2007,신규,26.09~28.09,,,,,
강남구,11680,청담동,202607,아파트_전월세,청담신원아침도시마인,청담동,122-35,27.0875,,2000,125,6,3,2013,신규,26.07~27.07,,,,,
강남구,11680,도곡동,202607,아파트_전월세,경남,도곡동,967,84.94,,110000,0,12,3,2005,신규,26.07~28.07,,,,,
강남구,11680,일원동,202607,아파트_전월세,푸른마을아파트101동~111동,일원동,719,59.76,,66000,10,13,3,1994,갱신,26.08~28.08,66000.0,,,,
강남구,11680,삼성동,202607,아파트_전월세,삼성풍림2차아파트,삼성동,104,93.78,,100000,0,10,2,1998,신규,26.08~28.08,,,,,
강남구,11680,자곡동,202607,아파트_전월세,래미안강남힐즈,자곡동,611,91.96,,40000,218,8,3,2014,갱신,26.08~28.08,40000.0,200.0,사용,,
강남구,11680,일원동,202607,아파트_전월세,상록스타힐스,일원동,688,46.855,,44575,33,3,3,2022,신규,26.07~28.07,,,,,
강남구,11680,세곡동,202607,아파트_전월세,강남엘에이치1단지,세곡동,579,74.74,,82000,0,15,3,2013,신규,26.08~28.08,,,,,
강남구,11680,대치동,202607,아파트_전월세,은마,대치동,316,84.43,,70000,40,3,3,1979,신규,26.08~28.08,,,,,
강남구,11680,수서동,202607,아파트_전월세,수서한아름,수서동,712,97.63,,90000,0,2,3,1993,신규,26.07~28.07,,,,,
강남구,11680,개포동,202607,아파트_전월세,경남1,개포동,649,123.28,,125000,0,8,3,1984,갱신,26.09~28.02,107000.0,,,,
강남구,11680,개포동,202607,아파트_전월세,래미안블레스티지,개포동,1280,84.943,,50000,390,15,2,2019,신규,26.08~28.08,,,,,
강남구,11680,역삼동,202607,아파트_전월세,이스턴오피스텔,역삼동,735-15,14.78,,1000,85,12,1,2014,신규,26.07~27.06,,,,,
강남구,11680,대치동,202607,아파트_전월세,대치동더블유타워,대치동,952-2,28.74,,1000,120,2,1,2013,신규,26.07~27.07,,,,,
강남구,11680,일원동,202607,아파트_전월세,디에이치자이개포,일원동,743,84.81,,165000,0,30,1,2021,갱신,26.08~28.08,145000.0,,,,
강남구,11680,도곡동,202607,아파트_전월세,도곡그린빌,도곡동,955,56.39,,50000,0,3,3,1995,신규,26.08~28.08,,,,,
강남구,11680,대치동,202607,아파트_전월세,한보미도맨션1,대치동,511,84.48,,26000,290,12,2,1983,갱신,26.08~28.08,30000.0,260.0,사용,,
강남구,11680,대치동,202607,아파트_전월세,은마,대치동,316,84.43,,88000,0,7,1,1979,갱신,26.09~28.09,88000.0,,사용,,
강남구,11680,개포동,202607,아파트_전월세,디에이치아너힐즈,개포동,1281,84.3558,,152000,0,19,3,2019,신규,26.07~28.08,,,,,
강남구,11680,개포동,202607,아파트_전월세,개포주공7단지,개포동,185,83.7,,53650,0,14,1,1983,갱신,26.08~28.08,53650.0,,,,
강남구,11680,대치동,202607,아파트_전월세,대치삼성,대치동,1014-3,97.35,,135000,160,7,1,2000,신규,26.09~28.09,,,,,
강남구,11680,개포동,202607,아파트_전월세,성원대치2단지아파트,개포동,12,39.53,,5000,147,10,2,1992,갱신,26.08~28.08,5000.0,140.0,사용,,
강남구,11680,삼성동,202607,아파트_전월세,삼성오네뜨,삼성동,127-5,144.43,,120750,0,7,2,2004,갱신,26.10~28.10,115000.0,,사용,,
강남구,11680,삼성동,202607,아파트_전월세,삼성동힐스테이트 1단지,삼성동,16-2,84.503,,80000,220,6,2,2008,신규,26.08~28.08,,,,,
강남구,11680,개포동,202607,아파트_전월세,성원대치2단지아파트,개포동,12,49.86,,65000,0,10,1,1992,신규,26.09~28.09,,,,,
강남구,11680,개포동,202607,아파트_전월세,개포래미안포레스트,개포동,1282,59.92,,70000,200,11,2,2020,신규,26.09~28.09,,,,,
강남구,11680,삼성동,202607,아파트_전월세,서광아파트,삼성동,2,59.67,,87000,0,17,2,1998,신규,26.09~28.09,,,,,
강남구,11680,삼성동,202607,아파트_전월세,현대힐스테이트2단지,삼성동,50,43.842,,71400,0,7,2,2008,갱신,26.07~28.07,68000.0,,사용,,
강남구,11680,자곡동,202607,아파트_전월세,LH수서2단지아파트,자곡동,138-2,44.89,,28923,43,11,1,2024,갱신,26.07~28.06,22823.0,78.0,,,
강남구,11680,개포동,202607,아파트_전월세,삼익대청아파트,개포동,12,39.53,,43000,0,1,2,1992,갱신,26.08~28.08,41000.0,,사용,,
강남구,11680,개포동,202607,아파트_전월세,개포래미안포레스트,개포동,1282,102.32,,168000,0,28,2,2020,갱신,26.08~28.08,160000.0,,사용,,
강남구,11680,도곡동,202607,아파트_전월세,우성사원5,도곡동,463-1,70.89,,82000,0,9,2,1986,신규,26.10~28.10,,,,,
강남구,11680,도곡동,202607,아파트_전월세,타워팰리스2,도곡동,467-17,124.11,,115000,340,40,2,2003,갱신,26.09~28.09,105000.0,300.0,,,
강남구,11680,자곡동,202607,아파트_전월세,LH수서2단지아파트,자곡동,138-2,14.69,,6916,8,6,1,2024,갱신,26.07~28.06,4968.0,17.0,,,
강남구,11680,압구정동,202607,아파트_전월세,한양1차(영동한양),압구정동,490,91.21,,95000,0,10,1,1977,신규,26.10~28.10,,,,,
강남구,11680,자곡동,202607,아파트_전월세,LH수서2단지아파트,자곡동,138-2,14.69,,4927,17,7,1,2024,갱신,26.07~28.06,4692.0,16.0,,,
강남구,11680,대치동,202607,아파트_전월세,"대치우성아파트1동,2동,3동,5동,6동,7동",대치동,63,115.59,,80000,84,9,1,1984,갱신,26.08~28.08,80000.0,48.0,,,
강남구,11680,자곡동,202607,아파트_전월세,LH수서2단지아파트,자곡동,138-2,36.84,,17265,19,5,1,2024,갱신,26.07~28.06,12348.0,42.0,,,
강남구,11680,역삼동,202607,아파트_전월세,래미안그레이튼,역삼동,763-16,84.97,,90000,184,5,1,2009,갱신,26.08~28.08,90000.0,160.0,사용,,
강남구,11680,자곡동,202607,아파트_전월세,LH수서2단지아파트,자곡동,138-2,44.89,,17592,60,6,1,2024,갱신,26.07~28.06,13720.0,47.0,,,
강남구,11680,대치동,202607,아파트_전월세,대치푸르지오써밋,대치동,1032,117.6566,,270000,0,4,1,2023,신규,26.08~28.08,,,,,
강남구,11680,자곡동,202607,아파트_전월세,LH수서2단지아파트,자곡동,138-2,36.84,,17965,19,10,1,2024,갱신,26.07~28.06,12965.0,44.0,,,
강남구,11680,역삼동,202607,아파트_전월세,금호어울림,역삼동,835-67,132.88,,0,250,12,1,2003,신규,26.07~28.07,,,,,
강남구,11680,자곡동,202607,아파트_전월세,래미안포레,자곡동,687,59.97,,40398,0,6,1,2014,갱신,26.07~28.06,38475.0,,,,
강남구,11680,압구정동,202607,아파트_전월세,"현대5차(71,72동)",압구정동,455,82.23,,10000,360,9,1,1977,신규,26.07~28.07,,,,,
강남구,11680,압구정동,202607,아파트_전월세,미성2차,압구정동,397,74.4,,78750,0,11,1,1987,갱신,26.08~28.07,75000.0,,사용,,
강남구,11680,도곡동,202607,오피스텔_매매,우성캐릭터-빌,도곡동,467-18,30.5,31000,,,3,30,1998,,,,,,중개거래,
강남구,11680,논현동,202607,오피스텔_매매,논현동 상지카일룸 M,논현동,242-31,72.84,270000,,,13,31,2023,,,,,,중개거래,
강남구,11680,개포동,202607,오피스텔_매매,대청타워,개포동,13-3,31.914,21800,,,26,29,1997,,,,,,중개거래,
강남구,11680,대치동,202607,오피스텔_매매,신안메트로칸,대치동,943-24,27.45,29000,,,19,22,2004,,,,,,중개거래,
강남구,11680,논현동,202607,오피스텔_매매,논현동 상지카일룸 M,논현동,242-31,72.84,270000,,,13,31,2023,,,,,,중개거래,O
강남구,11680,대치동,202607,오피스텔_매매,더 나인 오피스텔,대치동,889-56,29.97,18000,,,5,29,2004,,,,,,중개거래,
강남구,11680,역삼동,202607,오피스텔_매매,대우디오빌플러스,역삼동,824-25,38.96,29000,,,2,7,2004,,,,,,중개거래,
강남구,11680,역삼동,202607,오피스텔_매매,대우디오빌플러스,역삼동,824-25,38.96,29743,,,2,7,2004,,,,,,중개거래,O
강남구,11680,도곡동,202607,오피스텔_매매,현대비젼21,도곡동,467-19,41.28,42300,,,10,27,1999,,,,,,중개거래,
강남구,11680,대치동,202607,오피스텔_매매,대치3차 아이파크 오피스텔,대치동,945-20,22.39,36000,,,8,27,2019,,,,,,중개거래,
강남구,11680,자곡동,202607,오피스텔_매매,강남힐스테이트에코,자곡동,658,23.747,15700,,,6,24,2014,,,,,,중개거래,
강남구,11680,역삼동,202607,오피스텔_매매,성우스타우스오피스텔,역삼동,832-33,33.46,22000,,,6,24,2004,,,,,,중개거래,
강남구,11680,역삼동,202607,오피스텔_매매,대우디오빌플러스,역삼동,824-25,38.96,29743,,,2,31,2004,,,,,,중개거래,O
강남구,11680,역삼동,202607,오피스텔_매매,목화밀라트,역삼동,822-7,31.33,33000,,,14,10,2004,,,,,,중개거래,
강남구,11680,역삼동,202607,오피스텔_매매,강남역 우정에쉐르,역삼동,823-7,16.78,13000,,,3,26,2004,,,,,,중개거래,
강남구,11680,역삼동,202607,오피스텔_매매,빌딩-에벤에셀,역삼동,718-27,26.92,35000,,,2,30,2003,,,,,,중개거래,
강남구,11680,역삼동,202607,오피스텔_매매,빌딩-에벤에셀,역삼동,718-27,20.45,27000,,,2,30,2003,,,,,,중개거래,
강남구,11680,역삼동,202607,오피스텔_매매,빌딩-에벤에셀,역삼동,718-27,20.89,28000,,,2,30,2003,,,,,,중개거래,
강남구,11680,역삼동,202607,오피스텔_매매,빌딩-에벤에셀,역삼동,718-27,28.5,38000,,,2,30,2003,,,,,,중개거래,
강남구,11680,역삼동,202607,오피스텔_매매,빌딩-에벤에셀,역삼동,718-27,27.73,37000,,,2,30,2003,,,,,,중개거래,
강남구,11680,역삼동,202607,오피스텔_매매,빌딩-에벤에셀,역삼동,718-27,25.28,34000,,,2,30,2003,,,,,,중개거래,
강남구,11680,역삼동,202607,오피스텔_매매,빌딩-에벤에셀,역삼동,718-27,26.92,35000,,,3,30,2003,,,,,,중개거래,
강남구,11680,역삼동,202607,오피스텔_매매,빌딩-에벤에셀,역삼동,718-27,20.45,27000,,,3,30,2003,,,,,,중개거래,
강남구,11680,역삼동,202607,오피스텔_매매,빌딩-에벤에셀,역삼동,718-27,20.89,28000,,,3,30,2003,,,,,,중개거래,
강남구,11680,역삼동,202607,오피스텔_매매,빌딩-에벤에셀,역삼동,718-27,28.5,38000,,,3,30,2003,,,,,,중개거래,
강남구,11680,역삼동,202607,오피스텔_매매,빌딩-에벤에셀,역삼동,718-27,27.73,37000,,,3,30,2003,,,,,,중개거래,
강남구,11680,역삼동,202607,오피스텔_매매,빌딩-에벤에셀,역삼동,718-27,25.28,34000,,,3,30,2003,,,,,,중개거래,
강남구,11680,역삼동,202607,오피스텔_매매,빌딩-에벤에셀,역삼동,718-27,26.92,35000,,,4,30,2003,,,,,,중개거래,
강남구,11680,역삼동,202607,오피스텔_매매,빌딩-에벤에셀,역삼동,718-27,20.45,27000,,,4,30,2003,,,,,,중개거래,
강남구,11680,역삼동,202607,오피스텔_매매,빌딩-에벤에셀,역삼동,718-27,20.89,28000,,,4,30,2003,,,,,,중개거래,
강남구,11680,역삼동,202607,오피스텔_매매,빌딩-에벤에셀,역삼동,718-27,28.5,38000,,,4,30,2003,,,,,,중개거래,
강남구,11680,역삼동,202607,오피스텔_매매,빌딩-에벤에셀,역삼동,718-27,27.73,37000,,,4,30,2003,,,,,,중개거래,
강남구,11680,역삼동,202607,오피스텔_매매,빌딩-에벤에셀,역삼동,718-27,25.28,34000,,,4,30,2003,,,,,,중개거래,
강남구,11680,역삼동,202607,오피스텔_매매,빌딩-에벤에셀,역삼동,718-27,26.92,35000,,,5,30,2003,,,,,,중개거래,
강남구,11680,역삼동,202607,오피스텔_매매,빌딩-에벤에셀,역삼동,718-27,20.45,27000,,,5,30,2003,,,,,,중개거래,
강남구,11680,역삼동,202607,오피스텔_매매,빌딩-에벤에셀,역삼동,718-27,20.89,28000,,,5,30,2003,,,,,,중개거래,
강남구,11680,역삼동,202607,오피스텔_매매,빌딩-에벤에셀,역삼동,718-27,28.5,38000,,,5,30,2003,,,,,,중개거래,
강남구,11680,역삼동,202607,오피스텔_매매,빌딩-에벤에셀,역삼동,718-27,27.73,37000,,,5,30,2003,,,,,,중개거래,
강남구,11680,역삼동,202607,오피스텔_매매,빌딩-에벤에셀,역삼동,718-27,25.28,34000,,,5,30,2003,,,,,,중개거래,
강남구,11680,역삼동,202607,오피스텔_매매,빌딩-에벤에셀,역삼동,718-27,20.45,27000,,,6,30,2003,,,,,,중개거래,
강남구,11680,역삼동,202607,오피스텔_매매,빌딩-에벤에셀,역삼동,718-27,20.89,28000,,,6,30,2003,,,,,,중개거래,
강남구,11680,역삼동,202607,오피스텔_매매,빌딩-에벤에셀,역삼동,718-27,28.5,38000,,,6,30,2003,,,,,,중개거래,
강남구,11680,역삼동,202607,오피스텔_매매,빌딩-에벤에셀,역삼동,718-27,27.73,37000,,,6,30,2003,,,,,,중개거래,
강남구,11680,역삼동,202607,오피스텔_매매,빌딩-에벤에셀,역삼동,718-27,25.28,34000,,,6,30,2003,,,,,,중개거래,
강남구,11680,역삼동,202607,오피스텔_매매,빌딩-에벤에셀,역삼동,718-27,26.92,35000,,,7,30,2003,,,,,,중개거래,
강남구,11680,역삼동,202607,오피스텔_매매,빌딩-에벤에셀,역삼동,718-27,20.45,27000,,,7,30,2003,,,,,,중개거래,
강남구,11680,역삼동,202607,오피스텔_매매,빌딩-에벤에셀,역삼동,718-27,20.89,28000,,,7,30,2003,,,,,,중개거래,
강남구,11680,역삼동,202607,오피스텔_매매,빌딩-에벤에셀,역삼동,718-27,28.5,38000,,,7,30,2003,,,,,,중개거래,
강남구,11680,역삼동,202607,오피스텔_매매,빌딩-에벤에셀,역삼동,718-27,27.73,37000,,,7,30,2003,,,,,,중개거래,
강남구,11680,역삼동,202607,오피스텔_매매,빌딩-에벤에셀,역삼동,718-27,25.28,34000,,,7,30,2003,,,,,,중개거래,
강남구,11680,역삼동,202607,오피스텔_매매,빌딩-에벤에셀,역삼동,718-27,26.92,36000,,,9,30,2003,,,,,,중개거래,
강남구,11680,역삼동,202607,오피스텔_매매,빌딩-에벤에셀,역삼동,718-27,25.68,34000,,,9,30,2003,,,,,,중개거래,
강남구,11680,대치동,202607,오피스텔_매매,선릉역대우아이빌,대치동,890-49,33.02,19500,,,1,23,2004,,,,,,중개거래,
강남구,11680,논현동,202607,오피스텔_매매,논현 아이파크,논현동,225-6,27.56,45000,,,7,15,2020,,,,,,중개거래,
강남구,11680,대치동,202607,오피스텔_매매,샹제리제센터,대치동,889-5,26.78,23200,,,16,15,1990,,,,,,중개거래,
강남구,11680,자곡동,202607,오피스텔_매매,강남유탑유블레스,자곡동,651,26.7779,14000,,,2,22,2014,,,,,,중개거래,
강남구,11680,대치동,202607,오피스텔_매매,샹제리제센터,대치동,889-5,35.7,29800,,,7,1,1990,,,,,,중개거래,
강남구,11680,역삼동,202607,오피스텔_매매,강남역 서희스타힐스 오피스텔,역삼동,837-18,24.56,20000,,,5,28,2012,,,,,,직거래,
강남구,11680,역삼동,202607,오피스텔_매매,역삼역센트럴푸르지오시티,역삼동,719-24,17.573,20600,,,11,27,2019,,,,,,직거래,
강남구,11680,역삼동,202607,오피스텔_매매,역삼SK허브블루,역삼동,831-40,28.12,17500,,,11,11,2004,,,,,,중개거래,
강남구,11680,대치동,202607,오피스텔_매매,샹제리제센터,대치동,889-5,35.7,29800,,,7,1,1990,,,,,,중개거래,O
강남구,11680,대치동,202607,오피스텔_매매,샹제리제센터,대치동,889-5,35.7,29800,,,8,3,1990,,,,,,중개거래,
강남구,11680,자곡동,202607,오피스텔_매매,강남 지웰홈스,자곡동,662,25.155,16300,,,5,13,2014,,,,,,중개거래,
강남구,11680,세곡동,202607,오피스텔_매매,강남 드림하이 오피스텔,세곡동,616,34.6,28800,,,7,27,2018,,,,,,중개거래,
강남구,11680,삼성동,202607,오피스텔_매매,(78-3),삼성동,78-3,22.75,40300,,,5,2,1990,,,,,,중개거래,
강남구,11680,역삼동,202607,오피스텔_매매,강남웅진베어스빌,역삼동,838-10,22.08,26500,,,11,22,2019,,,,,,중개거래,
강남구,11680,역삼동,202607,오피스텔_매매,강남역 서희스타힐스 오피스텔,역삼동,837-18,24.56,21000,,,6,20,2012,,,,,,직거래,
강남구,11680,세곡동,202607,오피스텔_매매,센트라빌,세곡동,584,45.019,37000,,,8,2,2017,,,,,,중개거래,
강남구,11680,자곡동,202607,오피스텔_매매,강남 더샵라르고,자곡동,596,23.9808,16700,,,4,17,2014,,,,,,중개거래,
강남구,11680,논현동,202607,오피스텔_매매,논현동대우아이빌 힐타운,논현동,152-5,45.26,33000,,,3,15,2003,,,,,,중개거래,
강남구,11680,역삼동,202607,오피스텔_매매,K타워 오피스텔,역삼동,703-6,20.16,20000,,,13,1,2014,,,,,,직거래,
강남구,11680,역삼동,202607,오피스텔_매매,삼환 아르누보,역삼동,769-1,24.48,18500,,,8,20,2003,,,,,,중개거래,
강남구,11680,청담동,202607,오피스텔_매매,피엔폴루스,청담동,4-1,88.25,262000,,,9,10,2007,,,,,,중개거래,
강남구,11680,삼성동,202607,오피스텔_매매,LG선릉에클라트B,삼성동,142-3,39.99,33000,,,5,13,2004,,,,,,중개거래,
강남구,11680,역삼동,202607,오피스텔_매매,강남역 서희스타힐스 오피스텔,역삼동,837-18,24.56,20300,,,4,22,2012,,,,,,중개거래,
강남구,11680,수서동,202607,오피스텔_매매,수서현대벤쳐빌,수서동,713,73.74,60000,,,18,16,2002,,,,,,중개거래,
강남구,11680,자곡동,202607,오피스텔_매매,강남 푸르지오시티 2차(PRUGIO CITYⅡ),자곡동,655,19.971,14900,,,3,17,2014,,,,,,중개거래,
강남구,11680,자곡동,202607,오피스텔_매매,강남 푸르지오시티 2차(PRUGIO CITYⅡ),자곡동,655,21.872,14000,,,5,14,2014,,,,,,중개거래,
강남구,11680,역삼동,202607,오피스텔_매매,강남역 쉐르빌,역삼동,832-3,26.37,23500,,,4,15,2014,,,,,,중개거래,
강남구,11680,자곡동,202607,오피스텔_매매,강남유탑유블레스,자곡동,651,25.6979,13400,,,3,14,2014,,,,,,중개거래,
강남구,11680,논현동,202607,오피스텔_매매,거평타운오피스텔,논현동,203-1,40.8,21000,,,13,13,1991,,,,,,중개거래,
강남구,11680,역삼동,202607,오피스텔_매매,신일유토빌,역삼동,735-11,32.99,18000,,,7,11,2003,,,,,,중개거래,
강남구,11680,자곡동,202607,오피스텔_매매,강남 푸르지오시티 2차(PRUGIO CITYⅡ),자곡동,655,21.872,13750,,,4,10,2014,,,,,,중개거래,
강남구,11680,대치동,202607,오피스텔_매매,선릉역 롯데골드로즈2,대치동,890-59,44.46,41900,,,6,10,2004,,,,,,중개거래,
강남구,11680,청담동,202607,오피스텔_매매,경원오피스텔,청담동,5,22.77,25000,,,10,7,1991,,,,,,직거래,
강남구,11680,역삼동,202607,오피스텔_매매,강남역 센트럴 푸르지오 시티,역삼동,825-20,23.23,27000,,,7,6,2015,,,,,,중개거래,
강남구,11680,삼성동,202607,오피스텔_매매,LG선릉에클라트B,삼성동,142-3,39.99,29000,,,6,3,2004,,,,,,중개거래,
강남구,11680,역삼동,202607,오피스텔_매매,강남역 쉐르빌,역삼동,832-3,25.12,22500,,,3,9,2014,,,,,,중개거래,
강남구,11680,대치동,202607,오피스텔_매매,대치2차 아이파크,대치동,944-21,31.76,68000,,,10,9,,,,,,,중개거래,
강남구,11680,대치동,202607,오피스텔_매매,신안메트로칸,대치동,943-24,30.11,30000,,,14,6,2004,,,,,,중개거래,
강남구,11680,대치동,202607,오피스텔_매매,대치트레비스타 102동,대치동,891-63,18.26,19000,,,4,4,2020,,,,,,중개거래,
강남구,11680,대치동,202607,오피스텔_매매,대치동 대우아이빌 명문가,대치동,891-23,34.2,23000,,,6,7,2004,,,,,,직거래,
강남구,11680,논현동,202607,오피스텔_매매,(96),논현동,96,22.05,20250,,,7,1,1987,,,,,,중개거래,
강남구,11680,논현동,202607,오피스텔_매매,(96),논현동,96,22.05,20250,,,7,1,1987,,,,,,중개거래,
강남구,11680,대치동,202607,오피스텔_매매,대치2차 아이파크,대치동,944-21,22.18,40000,,,11,2,,,,,,,중개거래,
강남구,11680,역삼동,202607,오피스텔_매매,역삼역센트럴푸르지오시티,역삼동,719-24,17.573,21200,,,14,4,2019,,,,,,중개거래,
강남구,11680,자곡동,202607,오피스텔_매매,강남유탑유블레스,자곡동,651,34.0616,27000,,,8,15,2014,,,,,,중개거래,
강남구,11680,자곡동,202607,오피스텔_매매,강남힐스테이트에코,자곡동,658,24.118,15800,,,9,6,2014,,,,,,중개거래,
강남구,11680,논현동,202607,오피스텔_매매,강남구청역 에스케이 허브 블루,논현동,241-3,34.57,42500,,,11,2,2005,,,,,,중개거래,
강남구,11680,자곡동,202607,오피스텔_매매,강남 지웰홈스,자곡동,662,29.874,22000,,,3,2,2014,,,,,,직거래,
강남구,11680,역삼동,202607,연립다세대_매매,케아하우스17차,역삼동,685-23,18.5,34000,,,2,27,2020,,,,,,중개거래,
강남구,11680,개포동,202607,연립다세대_매매,HHestia,개포동,1227-2,46.89,76000,,,3,23,2016,,,,,,중개거래,
강남구,11680,세곡동,202607,연립다세대_매매,강남효성해링턴코트,세곡동,541,108.3435,249500,,,1,22,2016,,,,,,중개거래,
강남구,11680,개포동,202607,연립다세대_매매,가우디,개포동,1169-11,29.22,69000,,,4,20,2017,,,,,,중개거래,
강남구,11680,개포동,202607,연립다세대_매매,한성,개포동,1262-1,56.92,75000,,,4,25,1992,,,,,,중개거래,
강남구,11680,논현동,202607,연립다세대_매매,(139-7),논현동,139-7,40.33,54800,,,1,29,1986,,,,,,중개거래,
강남구,11680,논현동,202607,연립다세대_매매,선경골든빌,논현동,269,77.49,92000,,,1,13,2002,,,,,,중개거래,
강남구,11680,대치동,202607,연립다세대_매매,대치명문가,대치동,901-46,47.78,94500,,,2,15,2022,,,,,,직거래,
강남구,11680,논현동,202607,연립다세대_매매,진흥펠리체A동,논현동,190-2,27.81,55000,,,5,20,2015,,,,,,중개거래,
강남구,11680,개포동,202607,연립다세대_매매,비룡빌라,개포동,1263-1,60.96,120000,,,3,22,1989,,,,,,중개거래,
강남구,11680,논현동,202607,연립다세대_매매,남강빌라,논현동,194-5,59.97,65000,,,4,23,1992,,,,,,중개거래,
강남구,11680,개포동,202607,연립다세대_매매,포이아트빌1차,개포동,1227-7,75.55,80000,,,2,29,2001,,,,,,중개거래,
강남구,11680,논현동,202607,연립다세대_매매,영동빌라,논현동,10-14,41.16,29800,,,-1,25,1994,,,,,,중개거래,
강남구,11680,역삼동,202607,연립다세대_매매,동아파레스빌라,역삼동,623-3,182.79,208000,,,-1,21,1993,,,,,,중개거래,
강남구,11680,역삼동,202607,연립다세대_매매,(728-48),역삼동,728-48,18.66,28000,,,2,28,2018,,,,,,중개거래,
강남구,11680,개포동,202607,연립다세대_매매,개포리치빌,개포동,171-8,29.29,67500,,,3,4,2023,,,,,,중개거래,
강남구,11680,역삼동,202607,연립다세대_매매,테마빌,역삼동,729-9,55.83,66000,,,4,14,2002,,,,,,중개거래,
강남구,11680,개포동,202607,연립다세대_매매,위미르빌,개포동,1205,43.69,85000,,,6,20,2017,,,,,,중개거래,
강남구,11680,삼성동,202607,연립다세대_매매,삼성펠레스967,삼성동,96-7,76.25,250000,,,1,4,2016,,,,,,중개거래,
강남구,11680,논현동,202607,연립다세대_매매,PAVILLON 188,논현동,188-10,29.71,51000,,,4,27,2022,,,,,,중개거래,
강남구,11680,논현동,202607,연립다세대_매매,아이리스논현,논현동,270-35,23.48,33000,,,4,25,2017,,,,,,중개거래,
강남구,11680,논현동,202607,연립다세대_매매,엔트라움논현,논현동,172-1,29.94,66000,,,3,27,2021,,,,,,직거래,
강남구,11680,일원동,202607,연립다세대_매매,골든빌(683-14),일원동,683-14,20.88,73000,,,5,18,2021,,,,,,중개거래,
강남구,11680,역삼동,202607,연립다세대_매매,(777-12),역삼동,777-12,42.55,61000,,,2,26,2015,,,,,,중개거래,
강남구,11680,삼성동,202607,연립다세대_매매,리젠시타운(A동),삼성동,94-5,115.8,290000,,,2,18,1991,,,,,,중개거래,
강남구,11680,역삼동,202607,연립다세대_매매,역삼아르떼,역삼동,695-12,29.97,50000,,,4,27,2020,,,,,,중개거래,
강남구,11680,논현동,202607,연립다세대_매매,PAVILLON 188,논현동,188-10,24.39,50000,,,3,26,2022,,,,,,중개거래,
강남구,11680,논현동,202607,연립다세대_매매,PAVILLON 188,논현동,188-10,22.83,50000,,,5,26,2022,,,,,,중개거래,
강남구,11680,논현동,202607,연립다세대_매매,그린빌비동,논현동,264-4,28.71,40000,,,5,14,2016,,,,,,중개거래,
강남구,11680,역삼동,202607,연립다세대_매매,나이스빌라,역삼동,778-40,55.8,50011,,,1,12,2000,,,,,,중개거래,
강남구,11680,개포동,202607,연립다세대_매매,더라움,개포동,1206-2,55.92,90000,,,4,7,2016,,,,,,중개거래,
강남구,11680,개포동,202607,연립다세대_매매,새롬그린빌,개포동,1219-10,35.1,36000,,,-1,2,1995,,,,,,중개거래,
강남구,11680,논현동,202607,연립다세대_매매,꿈꾸지오(177-11),논현동,177-11,28.57,46300,,,3,15,2018,,,,,,중개거래,
강남구,11680,삼성동,202607,연립다세대_매매,동궁빌라,삼성동,96-14,68.16,190000,,,1,8,1986,,,,,,중개거래,
강남구,11680,세곡동,202607,연립다세대_매매,강남효성해링턴코트,세곡동,541,105.8209,280000,,,2,2,2016,,,,,,중개거래,
강남구,11680,일원동,202607,연립다세대_매매,골든빌(683-14),일원동,683-14,29.5,82000,,,3,2,2021,,,,,,중개거래,
강남구,11680,논현동,202607,연립다세대_매매,엔트라움논현,논현동,172-1,33.53,66000,,,3,18,2021,,,,,,직거래,
강남구,11680,논현동,202607,연립다세대_매매,모두가S,논현동,149-11,27.43,50000,,,5,17,2019,,,,,,중개거래,
강남구,11680,신사동,202607,연립다세대_매매,"현대맨션(1동,2동,3동,4동,5동)",신사동,604,132.3,450000,,,3,1,1980,,,,,,중개거래,
강남구,11680,역삼동,202607,연립다세대_매매,모던클레식하우스,역삼동,796-15,34.38,57000,,,4,21,2017,,,,,,중개거래,
강남구,11680,도곡동,202607,연립다세대_매매,일광B동,도곡동,950-17,96.49,100000,,,3,21,1988,,,,,,중개거래,
강남구,11680,개포동,202607,연립다세대_매매,삼성가동,개포동,1257-10,55.15,75000,,,3,10,1993,,,,,,중개거래,
강남구,11680,논현동,202607,연립다세대_매매,삼원빌라C동,논현동,124-40,50.22,59000,,,1,17,1990,,,,,,중개거래,
강남구,11680,논현동,202607,연립다세대_매매,(155-12),논현동,155-12,54.77,31000,,,-1,16,1986,,,,,,중개거래,
강남구,11680,역삼동,202607,연립다세대_매매,아이힐,역삼동,690-40,28.71,36000,,,5,20,2016,,,,,,중개거래,
강남구,11680,역삼동,202607,연립다세대_매매,더원스타빌,역삼동,698-26,26.01,38600,,,4,16,2017,,,,,,중개거래,
강남구,11680,논현동,202607,연립다세대_매매,로얄캐슬,논현동,170-4,25.03,52900,,,4,18,2016,,,,,,직거래,
강남구,11680,논현동,202607,연립다세대_매매,꿈꾸지오(177-11),논현동,177-11,28.57,46300,,,1,13,2018,,,,,,중개거래,
강남구,11680,대치동,202607,연립다세대_매매,삼형그린빌라,대치동,933-1,53.29,57000,,,4,18,1993,,,,,,중개거래,
강남구,11680,논현동,202607,연립다세대_매매,정호강남맨션,논현동,160-10,98.71,109000,,,4,20,1992,,,,,,직거래,
강남구,11680,논현동,202607,연립다세대_매매,(219-20),논현동,219-20,22.29,26500,,,3,8,2018,,,,,,중개거래,
강남구,11680,논현동,202607,연립다세대_매매,꿈꾸지오(269-1),논현동,269-1,28.83,40000,,,3,21,2019,,,,,,중개거래,
강남구,11680,논현동,202607,연립다세대_매매,리안빌리지,논현동,197-9,15.48,18800,,,2,18,2013,,,,,,중개거래,
강남구,11680,논현동,202607,연립다세대_매매,논현밸류,논현동,171-16,15.7,38000,,,3,15,2015,,,,,,중개거래,
강남구,11680,논현동,202607,연립다세대_매매,엔트라움논현,논현동,172-1,29.94,65000,,,2,14,2021,,,,,,직거래,
강남구,11680,대치동,202607,연립다세대_매매,스톤빌리지대치4차,대치동,925,50.99,107000,,,4,13,2019,,,,,,중개거래,
강남구,11680,신사동,202607,연립다세대_매매,다누림빌,신사동,594-24,59.92,48000,,,3,15,2004,,,,,,중개거래,
강남구,11680,논현동,202607,연립다세대_매매,(197-3),논현동,197-3,15.9,23000,,,2,14,2012,,,,,,중개거래,
강남구,11680,역삼동,202607,연립다세대_매매,(830-63),역삼동,830-63,43.17,44000,,,1,6,1994,,,,,,중개거래,
강남구,11680,역삼동,202607,연립다세대_매매,역삼아르떼,역삼동,695-12,29.97,51000,,,2,11,2020,,,,,,중개거래,
강남구,11680,대치동,202607,연립다세대_매매,삼성빌라,대치동,967-8,58.94,118000,,,5,4,2008,,,,,,중개거래,
강남구,11680,논현동,202607,연립다세대_매매,모두가S,논현동,149-11,22.58,31000,,,6,14,2019,,,,,,중개거래,
강남구,11680,역삼동,202607,연립다세대_매매,더힐스,역삼동,664-1,27.45,58000,,,5,4,2021,,,,,,중개거래,
강남구,11680,개포동,202607,연립다세대_매매,로얄팰리체2차A동,개포동,1226-8,48.86,107500,,,5,2,2019,,,,,,중개거래,
강남구,11680,논현동,202607,연립다세대_매매,로얄캐슬,논현동,170-4,27.52,24000,,,3,10,2016,,,,,,직거래,
강남구,11680,논현동,202607,연립다세대_매매,리안빌리지,논현동,197-9,14.58,21000,,,4,2,2013,,,,,,중개거래,
강남구,11680,논현동,202607,연립다세대_매매,로얄캐슬,논현동,170-4,27.52,24000,,,3,9,2016,,,,,,중개거래,O
강남구,11680,대치동,202607,연립다세대_매매,(913-24),대치동,913-24,29.81,43000,,,3,9,2016,,,,,,중개거래,
강남구,11680,논현동,202607,연립다세대_매매,우정빌라,논현동,272-25,110.35,133000,,,3,7,1998,,,,,,중개거래,
강남구,11680,삼성동,202607,연립다세대_매매,삼성빌리지(145-10),삼성동,145-10,97.5,145000,,,4,7,1998,,,,,,중개거래,
강남구,11680,삼성동,202607,연립다세대_매매,H빌,삼성동,24-15,36.37,63000,,,3,7,2014,,,,,,중개거래,
강남구,11680,논현동,202607,연립다세대_매매,우진빌라,논현동,177-20,41.87,59000,,,1,5,1992,,,,,,중개거래,
강남구,11680,논현동,202607,연립다세대_매매,케아하우스,논현동,148-8,18.25,39500,,,5,3,2015,,,,,,중개거래,
강남구,11680,논현동,202607,연립다세대_매매,파크캐슬A동,논현동,172-2,18.15,50000,,,2,2,2016,,,,,,중개거래,
강남구,11680,삼성동,202607,연립다세대_매매,힐스테이7,삼성동,34-12,18.4,34000,,,4,2,2016,,,,,,중개거래,
강남구,11680,논현동,202607,연립다세대_매매,진흥펠리체A동,논현동,190-2,27.81,37000,,,4,2,2015,,,,,,중개거래,
강남구,11680,대치동,202607,연립다세대_매매,케아하우스,대치동,900-57,29.85,35000,,,2,2,2017,,,,,,중개거래,
강남구,11680,신사동,202607,연립다세대_매매,청실맨션2차(613-8),신사동,613-8,109.4,160000,,,1,1,1983,,,,,,중개거래,
강남구,11680,역삼동,202607,아파트_매매,쌍용플레티넘밸류,역삼동,826-37,84.9,149700,,,4,22,2007,,,,,,중개거래,
강남구,11680,도곡동,202607,아파트_매매,타워팰리스2,도곡동,467-17,164.99,525000,,,18,31,2003,,,,,,중개거래,
강남구,11680,역삼동,202607,아파트_매매,역삼센트럴아파트,역삼동,905,48.77,83000,,,7,21,2025,,,,,,직거래,
강남구,11680,대치동,202607,아파트_매매,동부센트레빌,대치동,670,161.47,640000,,,21,30,2005,,,,,,중개거래,
강남구,11680,삼성동,202607,아파트_매매,삼성동센트럴아이파크,삼성동,188,84.98,390000,,,3,25,2018,,,,,,중개거래,
강남구,11680,수서동,202607,아파트_매매,까치마을,수서동,746,34.44,154000,,,9,25,1993,,,,,,중개거래,
강남구,11680,삼성동,202607,아파트_매매,래미안라클래시,삼성동,189,71.95,378000,,,35,31,2021,,,,,,중개거래,
강남구,11680,도곡동,202607,아파트_매매,중명하니빌,도곡동,965,30.58,33800,,,5,27,1997,,,,,,직거래,
강남구,11680,개포동,202607,아파트_매매,삼익대청아파트,개포동,12,60,164000,,,3,31,1992,,,,,,직거래,
강남구,11680,압구정동,202607,아파트_매매,신현대12차,압구정동,434,170.38,915000,,,10,23,1982,,,,,,중개거래,
강남구,11680,논현동,202607,아파트_매매,쌍용,논현동,103,59.91,138500,,,9,25,1996,,,,,,중개거래,
강남구,11680,대치동,202607,아파트_매매,한보미도맨션1,대치동,511,128.01,458000,,,1,24,1983,,,,,,중개거래,
강남구,11680,개포동,202607,아파트_매매,개포자이프레지던스,개포동,1284,84.7509,395000,,,18,18,2023,,,,,,중개거래,
강남구,11680,개포동,202607,아파트_매매,개포더샵트리에,개포동,651-1,105.8064,300000,,,9,30,2021,,,,,,중개거래,
강남구,11680,개포동,202607,아파트_매매,개포주공7단지,개포동,185,83.7,383000,,,7,18,1983,,,,,,중개거래,
강남구,11680,수서동,202607,아파트_매매,삼익,수서동,708,60,242000,,,11,28,1992,,,,,,중개거래,
강남구,11680,자곡동,202607,아파트_매매,강남자곡 힐스테이트,자곡동,619,59.93,158000,,,6,9,2015,,,,,,중개거래,
강남구,11680,대치동,202607,아파트_매매,래미안대치팰리스,대치동,1027,114.15,638000,,,15,22,2015,,,,,,중개거래,
강남구,11680,대치동,202607,아파트_매매,은마,대치동,316,76.79,326000,,,1,15,1979,,,,,,중개거래,
강남구,11680,삼성동,202607,아파트_매매,아이파크,삼성동,87,145.046,710000,,,20,26,2004,,,,,,중개거래,
강남구,11680,도곡동,202607,아파트_매매,도곡렉슬,도곡동,527,59.9818,289000,,,7,31,2006,,,,,,중개거래,
강남구,11680,역삼동,202607,아파트_매매,개나리SK뷰,역삼동,716-3,84.99,346000,,,15,25,2012,,,,,,중개거래,
강남구,11680,압구정동,202607,아파트_매매,신현대11차,압구정동,433,170.81,930000,,,9,26,1983,,,,,,중개거래,
강남구,11680,수서동,202607,아파트_매매,까치마을,수서동,746,34.44,138000,,,7,11,1993,,,,,,중개거래,
강남구,11680,압구정동,202607,아파트_매매,신현대11차,압구정동,433,183.41,1005000,,,4,22,1983,,,,,,중개거래,
강남구,11680,압구정동,202607,아파트_매매,신현대12차,압구정동,434,155.52,779000,,,1,25,1982,,,,,,중개거래,
강남구,11680,일원동,202607,아파트_매매,수서,일원동,711,39.98,150000,,,11,8,1992,,,,,,중개거래,
강남구,11680,개포동,202607,아파트_매매,개포자이프레지던스,개포동,1284,78.3265,357000,,,8,23,2023,,,,,,중개거래,
강남구,11680,대치동,202607,아파트_매매,테헤란로대우아이빌(891-6),대치동,891-6,29.02,33000,,,18,23,2004,,,,,,중개거래,
강남구,11680,개포동,202607,아파트_매매,디에이치아너힐즈,개포동,1281,106.9877,530000,,,21,13,2019,,,,,,중개거래,
강남구,11680,삼성동,202607,아파트_매매,롯데캐슬프레미어,삼성동,11,84.484,328000,,,21,29,2007,,,,,,중개거래,
강남구,11680,역삼동,202607,아파트_매매,역삼동우정에쉐르1,역삼동,826-29,71.78,89000,,,6,28,2004,,,,,,중개거래,
강남구,11680,도곡동,202607,아파트_매매,아카데미스위트1,도곡동,467-7,164.87,310000,,,34,20,2004,,,,,,중개거래,
강남구,11680,압구정동,202607,아파트_매매,한양3,압구정동,489,161.9,750000,,,4,3,1978,,,,,,중개거래,
강남구,11680,도곡동,202607,아파트_매매,한신(개포),도곡동,464,52.73,310000,,,5,24,1985,,,,,,중개거래,
강남구,11680,대치동,202607,아파트_매매,은마,대치동,316,76.79,346000,,,9,18,1979,,,,,,중개거래,
강남구,11680,개포동,202607,아파트_매매,래미안블레스티지,개포동,1280,84.943,340000,,,16,17,2019,,,,,,중개거래,
강남구,11680,대치동,202607,아파트_매매,쌍용대치2,대치동,65,84.49,348500,,,3,25,1983,,,,,,중개거래,
강남구,11680,삼성동,202607,아파트_매매,한일,삼성동,48,80.29,231500,,,4,25,2001,,,,,,중개거래,
강남구,11680,개포동,202607,아파트_매매,성원대치2단지아파트,개포동,12,49.86,205500,,,2,30,1992,,,,,,중개거래,
강남구,11680,신사동,202607,아파트_매매,압구정대원칸타빌아파트,신사동,659,59.73,169000,,,8,30,2001,,,,,,중개거래,
강남구,11680,대치동,202607,아파트_매매,대치삼성,대치동,1014-3,97.35,360000,,,23,1,2000,,,,,,중개거래,
강남구,11680,논현동,202607,아파트_매매,신동아(22),논현동,22,35.73,132000,,,1,29,1997,,,,,,중개거래,
강남구,11680,삼성동,202607,아파트_매매,삼성동센트럴아이파크,삼성동,188,59.96,318000,,,10,3,2018,,,,,,중개거래,
강남구,11680,압구정동,202607,아파트_매매,"현대1차(12,13,21,22,31,32,33동)",압구정동,369-1,131.48,660000,,,3,7,1976,,,,,,중개거래,
강남구,11680,개포동,202607,아파트_매매,성원대치2단지아파트,개포동,12,49.86,204000,,,13,28,1992,,,,,,중개거래,
강남구,11680,수서동,202607,아파트_매매,까치마을,수서동,746,34.44,154500,,,14,28,1993,,,,,,중개거래,
강남구,11680,세곡동,202607,아파트_매매,강남데시앙파크,세곡동,525,114.69,189800,,,10,25,2011,,,,,,중개거래,
강남구,11680,역삼동,202607,아파트_매매,역삼래미안,역삼동,757,80.87,300000,,,1,8,2005,,,,,,중개거래,
강남구,11680,대치동,202607,아파트_매매,은마,대치동,316,84.43,390000,,,8,7,1979,,,,,,중개거래,
강남구,11680,논현동,202607,아파트_매매,더원센트럴,논현동,118-8,26.96,43000,,,9,15,2018,,,,,,중개거래,
강남구,11680,압구정동,202607,아파트_매매,"현대6차(78~81,83,84,86,87동)",압구정동,456,144.7,745000,,,8,9,1978,,,,,,중개거래,
강남구,11680,삼성동,202607,아파트_매매,현대힐스테이트2단지,삼성동,50,84.236,350000,,,10,20,2008,,,,,,중개거래,
강남구,11680,논현동,202607,아파트_매매,논현동한화꿈에그린,논현동,205-2,67.671,145000,,,6,23,2005,,,,,,중개거래,
강남구,11680,삼성동,202607,아파트_매매,삼성동센트럴아이파크,삼성동,188,84.98,390000,,,3,25,2018,,,,,,중개거래,O
강남구,11680,압구정동,202607,아파트_매매,"현대14차(203,204,205,206동)",압구정동,447,84.98,586000,,,6,11,1987,,,,,,중개거래,
강남구,11680,역삼동,202607,아파트_매매,래미안그레이튼(진달래2차),역삼동,762-3,120.37,342000,,,22,23,2010,,,,,,중개거래,
강남구,11680,도곡동,202607,아파트_매매,타워팰리스1,도곡동,467,174.67,615000,,,24,9,2002,,,,,,중개거래,
강남구,11680,개포동,202607,아파트_매매,삼익대청아파트,개포동,12,39.53,180000,,,5,11,1992,,,,,,중개거래,
강남구,11680,역삼동,202607,아파트_매매,역삼자이,역삼동,711-3,84.993,327000,,,7,17,2016,,,,,,중개거래,
강남구,11680,논현동,202607,아파트_매매,신동아(22),논현동,22,35.73,128000,,,1,23,1997,,,,,,중개거래,
강남구,11680,도곡동,202607,아파트_매매,타워팰리스1,도곡동,467,164.95,560000,,,25,8,2002,,,,,,중개거래,
강남구,11680,청담동,202607,아파트_매매,청담2차이-편한세상(204동),청담동,15,98.05,203750,,,9,15,2005,,,,,,직거래,
강남구,11680,논현동,202607,아파트_매매,신동아(22),논현동,22,35.73,139500,,,7,4,1997,,,,,,중개거래,
강남구,11680,수서동,202607,아파트_매매,신동아,수서동,736,49.96,205000,,,9,22,1992,,,,,,중개거래,
강남구,11680,수서동,202607,아파트_매매,삼성,수서동,747,84.97,257000,,,8,15,1997,,,,,,중개거래,
강남구,11680,일원동,202607,아파트_매매,래미안 개포 루체하임,일원동,741,101.99,340000,,,18,22,2018,,,,,,중개거래,
강남구,11680,일원동,202607,아파트_매매,가람,일원동,735,75.16,230000,,,4,9,1993,,,,,,직거래,
강남구,11680,도곡동,202607,아파트_매매,대림아크로빌,도곡동,467-6,130.545,290500,,,20,10,1999,,,,,,중개거래,
강남구,11680,일원동,202607,아파트_매매,우성7,일원동,615,84.06,303000,,,4,22,1987,,,,,,중개거래,
강남구,11680,삼성동,202607,아파트_매매,쌍용플래티넘,삼성동,117,152.25,240000,,,10,20,2003,,,,,,직거래,
강남구,11680,대치동,202607,아파트_매매,래미안대치팰리스,대치동,1027,93.18,470000,,,4,9,2015,,,,,,중개거래,
강남구,11680,개포동,202607,아파트_매매,개포주공5단지,개포동,187,53.98,211000,,,2,21,1983,,,,,,직거래,
강남구,11680,역삼동,202607,아파트_매매,래미안그레이튼,역삼동,763-16,59.97,280000,,,4,13,2009,,,,,,중개거래,
강남구,11680,삼성동,202607,아파트_매매,삼성리치빌1,삼성동,52-9,84.98,168000,,,4,4,2003,,,,,,중개거래,
강남구,11680,도곡동,202607,아파트_매매,대림아크로빌,도곡동,467-6,172.464,370000,,,14,10,1999,,,,,,중개거래,
강남구,11680,논현동,202607,아파트_매매,"청학아파트에이동,비동,씨동",논현동,62-3,97.18,154000,,,3,14,1976,,,,,,중개거래,
강남구,11680,삼성동,202607,아파트_매매,삼성동힐스테이트 1단지,삼성동,16-2,84.236,359000,,,11,21,2008,,,,,,중개거래,
강남구,11680,논현동,202607,아파트_매매,신동아(22),논현동,22,35.73,139000,,,10,20,1997,,,,,,중개거래,
강남구,11680,역삼동,202607,아파트_매매,래미안그레이튼,역삼동,763-16,59.97,280000,,,7,3,2009,,,,,,중개거래,
강남구,11680,세곡동,202607,아파트_매매,강남엘에이치1단지,세곡동,579,74.74,192000,,,7,20,2013,,,,,,중개거래,
강남구,11680,대치동,202607,아파트_매매,은마,대치동,316,84.43,369500,,,1,20,1979,,,,,,중개거래,
강남구,11680,개포동,202607,아파트_매매,개포자이프레지던스,개포동,1284,109.8841,430000,,,12,11,2023,,,,,,중개거래,
강남구,11680,역삼동,202607,아파트_매매,역삼푸르지오,역삼동,754-1,59.8848,279000,,,7,18,2006,,,,,,중개거래,
강남구,11680,개포동,202607,아파트_매매,개포자이프레지던스,개포동,1284,59.9751,310500,,,23,19,2023,,,,,,중개거래,
강남구,11680,청담동,202607,아파트_매매,이니그마빌2,청담동,90-10,230.69,550000,,,1,10,2002,,,,,,중개거래,
강남구,11680,역삼동,202607,아파트_매매,e-편한세상,역삼동,755-4,59.606,267000,,,11,5,2005,,,,,,중개거래,
강남구,11680,수서동,202607,아파트_매매,까치마을,수서동,746,34.44,153800,,,15,17,1993,,,,,,중개거래,
강남구,11680,압구정동,202607,아파트_매매,현대8차(성수현대:91~95동),압구정동,481,107.64,570000,,,12,8,1980,,,,,,중개거래,
강남구,11680,세곡동,202607,아파트_매매,세곡푸르지오,세곡동,533,74.74,190000,,,11,3,2012,,,,,,중개거래,
강남구,11680,청담동,202607,아파트_매매,청담아이파크,청담동,130,110.13,350000,,,14,3,1992,,,,,,중개거래,
강남구,11680,도곡동,202607,아파트_매매,롯데캐슬모닝,도곡동,551-28,150.78,253000,,,3,15,2003,,,,,,중개거래,
강남구,11680,도곡동,202607,아파트_매매,파크힐,도곡동,550-1,58.05,85000,,,4,15,2005,,,,,,중개거래,
강남구,11680,일원동,202607,아파트_매매,래미안 개포 루체하임,일원동,741,84.99,325000,,,12,15,2018,,,,,,중개거래,
강남구,11680,도곡동,202607,아파트_매매,현대아파트1동~3동,도곡동,961,84.96,235000,,,6,13,1994,,,,,,중개거래,
강남구,11680,대치동,202607,아파트_매매,한보미도맨션1,대치동,511,128.01,388000,,,2,15,1983,,,,,,직거래,
강남구,11680,수서동,202607,아파트_매매,신동아,수서동,736,39.51,167000,,,13,4,1992,,,,,,중개거래,
강남구,11680,일원동,202607,아파트_매매,목련타운,일원동,716,134.71,300000,,,2,10,1993,,,,,,중개거래,
강남구,11680,수서동,202607,아파트_매매,까치마을,수서동,746,34.44,148000,,,1,14,1993,,,,,,중개거래,
강남구,11680,청담동,202607,아파트_매매,대우유로카운티,청담동,50-5,157.2,315000,,,7,3,2004,,,,,,중개거래,
강남구,11680,도곡동,202607,아파트_매매,타워팰리스3,도곡동,467-29,157.284,462000,,,18,3,2004,,,,,,중개거래,
강남구,11680,자곡동,202607,아파트_매매,강남한양수자인(4단지),자곡동,686,84.99,218500,,,2,7,2014,,,,,,중개거래,
강남구,11680,논현동,202607,아파트_매매,논현파라곤,논현동,241-1,117.84,197000,,,12,14,2007,,,,,,중개거래,
강남구,11680,수서동,202607,아파트_매매,삼성,수서동,747,84.97,260000,,,15,13,1997,,,,,,중개거래,
강남구,11680,압구정동,202607,아파트_매매,신현대9차,압구정동,426,109.24,650000,,,10,13,1982,,,,,,중개거래,
강남구,11680,청담동,202607,아파트_매매,연세리버테라스,청담동,102,243.49,630000,,,2,9,2003,,,,,,중개거래,
강남구,11680,도곡동,202607,아파트_매매,도곡렉슬,도곡동,527,120.8233,438000,,,18,4,2006,,,,,,중개거래,
강남구,11680,도곡동,202607,아파트_매매,경남,도곡동,967,59.76,226000,,,11,13,2005,,,,,,중개거래,
강남구,11680,도곡동,202607,아파트_매매,도곡쌍용예가,도곡동,933,207.52,308000,,,4,4,1978,,,,,,중개거래,
강남구,11680,개포동,202607,아파트_매매,성원대치2단지아파트,개포동,12,39.53,177000,,,15,11,1992,,,,,,중개거래,
강남구,11680,압구정동,202607,아파트_매매,신현대11차,압구정동,433,183.41,1050000,,,9,13,1983,,,,,,중개거래,
강남구,11680,수서동,202607,아파트_매매,까치마을,수서동,746,39.6,165500,,,10,11,1993,,,,,,중개거래,
강남구,11680,수서동,202607,아파트_매매,신동아,수서동,736,49.96,206000,,,5,11,1992,,,,,,중개거래,
강남구,11680,역삼동,202607,아파트_매매,e-편한세상,역삼동,755-4,59.606,284000,,,7,1,2005,,,,,,중개거래,
강남구,11680,청담동,202607,아파트_매매,청담자이,청담동,134-38,89.356,560000,,,35,11,2011,,,,,,중개거래,
강남구,11680,자곡동,202607,아파트_매매,강남브리즈힐(토지임대부아파트),자곡동,618,74.04,131000,,,12,11,2014,,,,,,중개거래,
강남구,11680,일원동,202607,아파트_매매,푸른마을아파트101동~111동,일원동,719,59.76,227000,,,3,11,1994,,,,,,중개거래,
강남구,11680,개포동,202607,아파트_매매,개포래미안포레스트,개포동,1282,59.92,308000,,,19,10,2020,,,,,,중개거래,
강남구,11680,도곡동,202607,아파트_매매,도곡렉슬,도곡동,527,59.9772,271000,,,16,2,2006,,,,,,중개거래,
강남구,11680,삼성동,202607,아파트_매매,현대힐스테이트2단지,삼성동,50,84.679,343000,,,8,1,2008,,,,,,중개거래,
강남구,11680,압구정동,202607,아파트_매매,신현대12차,압구정동,434,170.38,930000,,,3,4,1982,,,,,,중개거래,
강남구,11680,자곡동,202607,아파트_매매,강남자곡 힐스테이트,자곡동,619,59.93,158000,,,6,9,2015,,,,,,중개거래,O
강남구,11680,대치동,202607,아파트_매매,현대1,대치동,992,84.27,251000,,,10,3,1990,,,,,,중개거래,
강남구,11680,도곡동,202607,아파트_매매,파크힐,도곡동,550-1,47.6,60000,,,2,2,2005,,,,,,중개거래,
강남구,11680,역삼동,202607,아파트_매매,프리빌리지,역삼동,723-16,49.98,63000,,,4,8,2017,,,,,,중개거래,
강남구,11680,일원동,202607,아파트_매매,수서,일원동,711,39.98,150000,,,8,9,1992,,,,,,중개거래,
강남구,11680,개포동,202607,아파트_매매,삼익대청아파트,개포동,12,39.53,126000,,,12,9,1992,,,,,,중개거래,
강남구,11680,수서동,202607,아파트_매매,신동아,수서동,736,39.53,180000,,,11,6,1992,,,,,,중개거래,
강남구,11680,개포동,202607,아파트_매매,개포래미안포레스트,개포동,1282,96.91,380000,,,7,8,2020,,,,,,중개거래,
강남구,11680,도곡동,202607,아파트_매매,도곡우성아파트,도곡동,934-10,84.83,250000,,,1,4,1986,,,,,,중개거래,
강남구,11680,개포동,202607,아파트_매매,개포래미안포레스트,개포동,1282,102.32,390000,,,27,6,2020,,,,,,중개거래,
강남구,11680,역삼동,202607,아파트_매매,역삼동우정에쉐르1,역삼동,826-29,71.78,95500,,,13,6,2004,,,,,,중개거래,
강남구,11680,압구정동,202607,아파트_매매,신현대12차,압구정동,434,182.95,1125000,,,10,8,1982,,,,,,중개거래,
강남구,11680,자곡동,202607,아파트_매매,강남한양수자인(4단지),자곡동,686,114.46,237000,,,2,7,2014,,,,,,중개거래,
강남구,11680,역삼동,202607,아파트_매매,대명벨리온,역삼동,727-2,17.684,16000,,,4,6,2012,,,,,,중개거래,
강남구,11680,삼성동,202607,아파트_매매,롯데캐슬프레미어,삼성동,11,122.485,410000,,,20,2,2007,,,,,,중개거래,
강남구,11680,논현동,202607,아파트_매매,아크로힐스논현,논현동,276-1,84.074,297000,,,17,3,2014,,,,,,중개거래,
강남구,11680,압구정동,202607,아파트_매매,신현대12차,압구정동,434,182.95,1125000,,,11,4,1982,,,,,,중개거래,
강남구,11680,일원동,202607,아파트_매매,한솔마을,일원동,731,63.76,260000,,,2,6,1994,,,,,,중개거래,
강남구,11680,수서동,202607,아파트_매매,까치마을,수서동,746,34.44,149000,,,10,2,1993,,,,,,중개거래,
강남구,11680,역삼동,202607,아파트_매매,한화진넥스빌,역삼동,706-20,43.58,46400,,,20,6,2001,,,,,,중개거래,
강남구,11680,개포동,202607,아파트_매매,삼익대청아파트,개포동,12,51.12,210000,,,14,4,1992,,,,,,중개거래,
강남구,11680,삼성동,202607,아파트_매매,래미안라클래시,삼성동,189,71.95,394000,,,21,5,2021,,,,,,중개거래,
강남구,11680,역삼동,202607,아파트_매매,롯데캐슬노블,역삼동,835-68,176.03,227000,,,9,7,2007,,,,,,직거래,
강남구,11680,수서동,202607,아파트_매매,까치마을,수서동,746,39.6,161000,,,10,4,1993,,,,,,중개거래,
강남구,11680,수서동,202607,아파트_매매,까치마을,수서동,746,39.6,159000,,,2,4,1993,,,,,,중개거래,
강남구,11680,논현동,202607,아파트_매매,은탑리더스카운티,논현동,44-6,69.18,125000,,,6,4,2003,,,,,,중개거래,
강남구,11680,수서동,202607,아파트_매매,까치마을,수서동,746,39.6,161000,,,12,3,1993,,,,,,중개거래,
강남구,11680,자곡동,202607,아파트_매매,강남자곡 힐스테이트,자곡동,619,51.96,139000,,,2,3,2015,,,,,,중개거래,
강남구,11680,개포동,202607,아파트_매매,삼익대청아파트,개포동,12,51.12,210000,,,7,4,1992,,,,,,중개거래,
강남구,11680,대치동,202607,아파트_매매,대치현대,대치동,974,59.82,254000,,,22,2,1999,,,,,,중개거래,
강남구,11680,삼성동,202607,아파트_매매,삼성동힐스테이트 1단지,삼성동,16-2,84.236,355000,,,16,2,2008,,,,,,중개거래,
강남구,11680,개포동,202607,아파트_매매,성원대치2단지아파트,개포동,12,49.86,202000,,,2,1,1992,,,,,,중개거래,
강남구,11680,논현동,202607,아파트_매매,신동아(22),논현동,22,35.73,124000,,,12,24,1997,,,,,,중개거래,
강남구,11680,자곡동,202606,오피스텔_전월세,강남 지웰홈스,자곡동,662,21.52,,1000,67,10,9,2014,,,,,,,
강남구,11680,역삼동,202606,오피스텔_전월세,강남뉴스텔,역삼동,826-30,26.04,,1300,95,12,6,1998,,,,,,,
강남구,11680,개포동,202606,오피스텔_전월세,대청타워,개포동,13-3,32.44,,18000,0,18,27,1997,신규,26.08~28.08,,,,,
강남구,11680,역삼동,202606,오피스텔_전월세,강남역투웨니퍼스트101동,역삼동,824-9,17.34,,21600,0,6,19,2019,신규,26.08~28.08,,,,,
강남구,11680,세곡동,202606,오피스텔_전월세,강남 지웰파인즈,세곡동,587,22.91,,1000,90,5,30,2016,신규,26.07~27.07,,,,,
강남구,11680,자곡동,202606,오피스텔_전월세,강남힐스테이트에코,자곡동,658,23.75,,2000,83,10,24,2014,신규,26.08~27.08,,,,,
강남구,11680,자곡동,202606,오피스텔_전월세,강남 지웰홈스,자곡동,662,31.99,,2000,100,5,27,2014,신규,26.08~27.08,,,,,
강남구,11680,자곡동,202606,오피스텔_전월세,강남블루지움,자곡동,669,20.8,,1000,79,6,27,2017,신규,26.07~27.07,,,,,
강남구,11680,역삼동,202606,오피스텔_전월세,BIEL 106,역삼동,832-16,21.39,,23600,0,9,18,2018,신규,26.07~28.07,,,,,
강남구,11680,도곡동,202606,오피스텔_전월세,우성캐릭터199,도곡동,467-24,40.73,,40000,0,3,17,1998,신규,26.08~28.08,,,,,
강남구,11680,삼성동,202606,오피스텔_전월세,힐스테이트 삼성,삼성동,144-6,60.92,,5000,400,8,9,2026,신규,26.07~28.07,,,,,
강남구,11680,역삼동,202606,오피스텔_전월세,강남역 쉐르빌,역삼동,832-3,26.37,,20100,28,7,13,2014,갱신,26.08~28.08,20100.0,23.0,사용,,
강남구,11680,도곡동,202606,오피스텔_전월세,우성캐릭터199,도곡동,467-24,35.2,,1000,110,24,30,1998,신규,26.07~28.07,,,,,
강남구,11680,삼성동,202606,오피스텔_전월세,현대썬앤빌 삼성역,삼성동,157-14,18.37,,2500,85,9,23,2019,신규,26.07~27.07,,,,,
강남구,11680,삼성동,202606,오피스텔_전월세,아르헤 타워,삼성동,44-16,37.89,,39000,0,5,11,2016,갱신,26.08~28.08,38000.0,,,,
강남구,11680,대치동,202606,오피스텔_전월세,대치2차 아이파크,대치동,944-21,45.5,,5000,280,14,9,,신규,26.06~28.06,,,,,
강남구,11680,자곡동,202606,오피스텔_전월세,강남 지웰홈스,자곡동,662,50.31,,5000,150,1,18,2014,신규,26.07~27.07,,,,,
강남구,11680,역삼동,202606,오피스텔_전월세,역삼역센트럴푸르지오시티,역삼동,719-24,17.57,,13000,43,12,20,2019,신규,26.07~27.07,,,,,
강남구,11680,자곡동,202606,오피스텔_전월세,강남힐스테이트에코,자곡동,658,23.75,,14000,25,4,12,2014,신규,26.07~28.07,,,,,
강남구,11680,역삼동,202606,오피스텔_전월세,능현오피스텔,역삼동,708-16,29.65,,21000,0,4,27,2004,갱신,26.07~28.07,20000.0,,사용,,
강남구,11680,역삼동,202606,오피스텔_전월세,강남역 센트럴 푸르지오 시티,역삼동,825-20,24.61,,1000,120,10,11,2015,신규,26.07~27.07,,,,,
강남구,11680,역삼동,202606,오피스텔_전월세,강남역 센트럴 푸르지오 시티,역삼동,825-20,24.61,,25200,13,19,26,2015,갱신,26.07~28.07,26000.0,5.0,,,
강남구,11680,세곡동,202606,오피스텔_전월세,센트라빌,세곡동,584,44.29,,34470,0,3,20,2017,신규,26.09~28.09,,,,,
강남구,11680,세곡동,202606,오피스텔_전월세,강남 드림하이 오피스텔,세곡동,616,34.6,,1000,120,4,30,2018,갱신,26.08~27.08,1000.0,115.0,,,
강남구,11680,역삼동,202606,오피스텔_전월세,금천빌딩,역삼동,708-20,29.72,,17500,25,14,11,2005,신규,26.07~28.07,,,,,
강남구,11680,역삼동,202606,오피스텔_전월세,강남역 와이즈 플레이스,역삼동,837-13,23.87,,18450,0,3,25,2013,신규,26.07~28.07,,,,,
강남구,11680,개포동,202606,오피스텔_전월세,대청타워,개포동,13-3,36.64,,1000,95,7,20,1997,신규,26.07~27.07,,,,,
강남구,11680,자곡동,202606,오피스텔_전월세,강남 더샵라르고,자곡동,596,23.98,,1000,85,9,30,2014,신규,26.07~27.07,,,,,
강남구,11680,자곡동,202606,오피스텔_전월세,강남 더샵라르고,자곡동,596,23.98,,1000,79,10,20,2014,신규,26.07~27.07,,,,,
강남구,11680,대치동,202606,오피스텔_전월세,선릉역 롯데골드로즈2,대치동,890-59,39,,27000,0,12,2,2004,신규,26.07~28.07,,,,,
강남구,11680,역삼동,202606,오피스텔_전월세,역삼역센트럴푸르지오시티,역삼동,719-24,18.18,,18200,0,9,13,2019,신규,26.08~28.08,,,,,
강남구,11680,수서동,202606,오피스텔_전월세,수서현대벤쳐빌,수서동,713,31.4,,1500,80,5,10,2002,신규,26.07~27.07,,,,,
강남구,11680,수서동,202606,오피스텔_전월세,수서현대벤쳐빌,수서동,713,25.45,,1000,60,4,10,2002,신규,26.06~27.06,,,,,
강남구,11680,세곡동,202606,오피스텔_전월세,강남 드림하이 오피스텔,세곡동,616,34.6,,1000,105,4,26,2018,갱신,26.07~27.07,1000.0,100.0,사용,,
강남구,11680,역삼동,202606,오피스텔_전월세,역삼역센트럴푸르지오시티,역삼동,719-24,17.57,,1000,88,14,20,2019,신규,26.07~27.07,,,,,
강남구,11680,대치동,202606,오피스텔_전월세,선릉역 롯데골드로즈2,대치동,890-59,44.46,,35000,0,5,16,2004,갱신,26.06~28.06,37000.0,,사용,,
강남구,11680,역삼동,202606,오피스텔_전월세,강남역 센트럴 푸르지오 시티,역삼동,825-20,22.01,,6000,95,18,19,2015,신규,26.07~27.07,,,,,
강남구,11680,대치동,202606,오피스텔_전월세,CO-OP Residence/삼성역,대치동,945-29,13.96,,300,70,10,19,2004,신규,26.06~27.06,,,,,
강남구,11680,역삼동,202606,오피스텔_전월세,더스위트캐슬,역삼동,603-5,20.61,,1000,115,11,29,2015,신규,26.07~27.07,,,,,
강남구,11680,자곡동,202606,오피스텔_전월세,강남 지웰홈스,자곡동,662,23.72,,1000,88,10,18,2014,신규,26.07~27.07,,,,,
강남구,11680,개포동,202606,오피스텔_전월세,대청타워,개포동,13-3,31.91,,1000,85,14,27,1997,신규,26.08~27.08,,,,,
강남구,11680,자곡동,202606,오피스텔_전월세,강남 푸르지오시티 2차(PRUGIO CITYⅡ),자곡동,655,43.77,,3000,150,2,19,2014,신규,26.07~27.07,,,,,
강남구,11680,세곡동,202606,오피스텔_전월세,강남 드림하이 오피스텔,세곡동,616,34.6,,29000,0,3,10,2018,신규,26.08~28.08,,,,,
강남구,11680,청담동,202606,오피스텔_전월세,(46-3),청담동,46-3,15.89,,970,67,1,26,2003,갱신,26.08~27.08,970.0,64.0,,,
강남구,11680,역삼동,202606,오피스텔_전월세,크레신 타워Ⅱ,역삼동,823-3,28.12,,1000,95,12,8,2004,신규,26.07~28.07,,,,,
강남구,11680,자곡동,202606,오피스텔_전월세,강남 더샵라르고,자곡동,596,23.98,,2000,84,10,25,2014,갱신,26.07~27.07,2000.0,80.0,사용,,
강남구,11680,자곡동,202606,오피스텔_전월세,강남 지웰홈스,자곡동,662,25.16,,1000,80,3,3,2014,신규,26.07~27.07,,,,,
강남구,11680,역삼동,202606,오피스텔_전월세,역삼 푸르지오 시티,역삼동,735-17,23.9,,1000,100,7,25,2016,신규,26.06~27.06,,,,,
강남구,11680,역삼동,202606,오피스텔_전월세,강남역 와이즈 플레이스,역삼동,837-13,26.98,,21500,5,5,10,2013,신규,26.07~28.07,,,,,
강남구,11680,논현동,202606,오피스텔_전월세,학동역 이안 테라디움,논현동,207,30.44,,2000,174,6,9,2022,신규,26.07~28.07,,,,,
강남구,11680,역삼동,202606,오피스텔_전월세,역삼역센트럴푸르지오시티,역삼동,719-24,17.57,,1000,85,3,12,2019,신규,26.06~27.06,,,,,
강남구,11680,자곡동,202606,오피스텔_전월세,강남 푸르지오시티 1차,자곡동,600,25.06,,15000,20,2,29,2014,신규,26.07~28.07,,,,,
강남구,11680,자곡동,202606,오피스텔_전월세,강남 더샵라르고,자곡동,596,22.99,,1000,83,10,25,2014,신규,26.07~27.07,,,,,
강남구,11680,개포동,202606,오피스텔_전월세,대청타워,개포동,13-3,32.44,,1000,83,20,15,1997,신규,26.07~27.07,,,,,
강남구,11680,역삼동,202606,오피스텔_전월세,역삼역센트럴푸르지오시티,역삼동,719-24,18.18,,5000,72,9,13,2019,신규,26.07~27.07,,,,,
강남구,11680,역삼동,202606,오피스텔_전월세,BIEL 106,역삼동,832-16,33.37,,2000,186,7,1,2018,신규,26.07~27.07,,,,,
강남구,11680,개포동,202606,오피스텔_전월세,대청타워,개포동,13-3,32.44,,18165,0,20,29,1997,갱신,26.06~28.06,17300.0,,,,
강남구,11680,자곡동,202606,오피스텔_전월세,강남힐스테이트에코,자곡동,658,23.75,,17600,0,3,24,2014,갱신,26.07~28.07,17600.0,,,,
강남구,11680,자곡동,202606,오피스텔_전월세,강남센터뷰,자곡동,670,21.25,,15300,0,3,24,2018,신규,26.08~28.08,,,,,
강남구,11680,자곡동,202606,오피스텔_전월세,강남블루지움,자곡동,669,53.2,,40000,10,7,27,2017,신규,26.08~28.08,,,,,
강남구,11680,대치동,202606,오피스텔_전월세,아티스톤,대치동,907-12,23.34,,36750,0,2,12,2022,갱신,26.06~27.01,35000.0,,사용,,
강남구,11680,역삼동,202606,오피스텔_전월세,삼환 아르누보,역삼동,769-1,26.38,,16000,0,3,29,2003,신규,26.08~28.08,,,,,
강남구,11680,자곡동,202606,오피스텔_전월세,강남 푸르지오시티 1차,자곡동,600,25.06,,1000,85,6,8,2014,신규,26.07~27.07,,,,,
강남구,11680,역삼동,202606,오피스텔_전월세,역삼역센트럴푸르지오시티,역삼동,719-24,17.57,,1000,89,5,25,2019,신규,26.07~27.07,,,,,
강남구,11680,삼성동,202606,오피스텔_전월세,삼성동 롯데캐슬 클라쎄,삼성동,141-10,25.32,,2000,146,14,26,2019,신규,26.07~27.07,,,,,
강남구,11680,삼성동,202606,오피스텔_전월세,삼성역 두산위브센티움,삼성동,158-4,23.29,,1000,95,11,17,2003,신규,26.07~28.07,,,,,
강남구,11680,신사동,202606,오피스텔_전월세,썬-타워빌딩,신사동,588-16,21.02,,2000,100,11,23,2015,신규,26.07~27.07,,,,,
강남구,11680,자곡동,202606,오피스텔_전월세,강남블루지움,자곡동,669,20.8,,1000,79,6,27,2017,신규,26.07~27.07,,,,,
강남구,11680,자곡동,202606,오피스텔_전월세,빌리브 파비오 더 까사,자곡동,653,48.38,,47000,0,7,27,2022,갱신,26.08~27.08,45000.0,,사용,,
강남구,11680,역삼동,202606,오피스텔_전월세,BIEL 106,역삼동,832-16,21.39,,23000,0,6,2,2018,신규,26.07~28.07,,,,,
강남구,11680,논현동,202606,오피스텔_전월세,더원 센트럴,논현동,118-8,36.03,,2000,155,3,8,2018,갱신,26.06~28.06,2000.0,145.0,사용,,
강남구,11680,역삼동,202606,오피스텔_전월세,신일유토빌,역삼동,735-11,61.06,,27562,0,3,16,2003,신규,26.09~28.09,,,,,
강남구,11680,자곡동,202606,오피스텔_전월세,강남센터뷰,자곡동,670,21.25,,1000,85,4,24,2018,신규,26.07~27.07,,,,,
강남구,11680,논현동,202606,오피스텔_전월세,강남파라곤,논현동,241-1,75.94,,5000,350,4,23,2007,신규,26.07~27.07,,,,,
강남구,11680,대치동,202606,오피스텔_전월세,대치2차 아이파크,대치동,944-21,22.18,,29000,0,9,27,,갱신,26.08~28.08,28500.0,,,,
강남구,11680,역삼동,202606,오피스텔_전월세,역삼역센트럴푸르지오시티,역삼동,719-24,17.57,,1000,78,7,8,2019,신규,26.06~27.06,,,,,
강남구,11680,역삼동,202606,오피스텔_전월세,BIEL 106,역삼동,832-16,29,,37700,5,11,23,2018,신규,26.07~28.07,,,,,
강남구,11680,역삼동,202606,오피스텔_전월세,역삼역센트럴푸르지오시티,역삼동,719-24,17.57,,18220,10,9,13,2019,신규,26.07~28.07,,,,,
강남구,11680,자곡동,202606,오피스텔_전월세,강남힐스테이트에코,자곡동,658,23.75,,3000,75,10,26,2014,신규,26.07~28.07,,,,,
강남구,11680,역삼동,202606,오피스텔_전월세,메이플라워멤버스빌오피스텔,역삼동,736-22,20.1,,5000,45,6,19,2006,신규,26.07~27.07,,,,,
강남구,11680,논현동,202606,오피스텔_전월세,삼환 아르누보 3,논현동,209,22.09,,1000,85,7,1,2005,신규,26.06~27.06,,,,,
강남구,11680,자곡동,202606,오피스텔_전월세,훼미리타운,자곡동,672,74.77,,73000,0,7,27,2017,신규,26.07~28.07,,,,,
강남구,11680,역삼동,202606,오피스텔_전월세,K타워 오피스텔,역삼동,703-6,21.26,,1000,90,5,20,2014,신규,26.07~27.07,,,,,
강남구,11680,개포동,202606,오피스텔_전월세,대청타워,개포동,13-3,31.91,,1000,90,5,16,1997,신규,26.07~27.07,,,,,
강남구,11680,역삼동,202606,오피스텔_전월세,더스위트캐슬,역삼동,603-5,20.52,,1000,115,10,9,2015,신규,26.07~27.07,,,,,
강남구,11680,대치동,202606,오피스텔_전월세,대치3차 아이파크 오피스텔,대치동,945-20,21.46,,3000,119,11,20,2019,신규,26.08~27.07,,,,,
강남구,11680,역삼동,202606,오피스텔_전월세,강남역투웨니퍼스트102동,역삼동,824-49,17.34,,21600,10,12,13,2019,갱신,26.07~28.07,21600.0,5.0,사용,,
강남구,11680,자곡동,202606,오피스텔_전월세,강남 푸르지오시티 2차(PRUGIO CITYⅡ),자곡동,655,22.44,,1000,75,5,25,2014,신규,26.06~27.06,,,,,
강남구,11680,자곡동,202606,오피스텔_전월세,강남 더샵라르고,자곡동,596,24.38,,1000,85,4,29,2014,신규,26.07~27.07,,,,,
강남구,11680,자곡동,202606,오피스텔_전월세,강남 더샵라르고,자곡동,596,22.02,,2000,75,7,16,2014,신규,26.06~27.06,,,,,
강남구,11680,자곡동,202606,오피스텔_전월세,강남 더샵라르고,자곡동,596,22.02,,1000,80,3,17,2014,신규,26.07~27.07,,,,,
강남구,11680,자곡동,202606,오피스텔_전월세,강남센터뷰,자곡동,670,21.25,,15300,15,3,24,2018,신규,26.08~28.08,,,,,
강남구,11680,자곡동,202606,오피스텔_전월세,강남힐스테이트에코,자곡동,658,29.99,,20200,10,4,20,2014,신규,26.07~28.07,,,,,
강남구,11680,자곡동,202606,오피스텔_전월세,강남유탑유블레스,자곡동,651,25.7,,1000,85,4,23,2014,신규,26.07~27.07,,,,,
강남구,11680,신사동,202606,오피스텔_전월세,썬-타워빌딩,신사동,588-16,21.02,,2000,100,14,26,2015,신규,26.07~27.07,,,,,
강남구,11680,대치동,202606,오피스텔_전월세,대치2차 아이파크,대치동,944-21,22.18,,1000,115,9,20,,신규,26.07~27.07,,,,,
강남구,11680,자곡동,202606,오피스텔_전월세,강남센터뷰,자곡동,670,21.25,,1000,80,3,24,2018,신규,26.06~27.06,,,,,
강남구,11680,자곡동,202606,오피스텔_전월세,강남 더샵라르고,자곡동,596,23.98,,1000,85,3,20,2014,신규,26.07~27.07,,,,,
강남구,11680,개포동,202606,오피스텔_전월세,대청타워,개포동,13-3,36.64,,1000,75,6,19,1997,갱신,26.07~27.06,1000.0,70.0,,,
강남구,11680,역삼동,202606,오피스텔_전월세,엘지역삼에클라트,역삼동,736-24,36.24,,1000,92,5,24,2004,신규,26.07~27.07,,,,,
강남구,11680,삼성동,202606,오피스텔_전월세,아르헤 타워,삼성동,44-16,39.58,,36000,0,6,24,2016,신규,26.07~28.07,,,,,
강남구,11680,자곡동,202606,오피스텔_전월세,강남 지웰홈스,자곡동,662,23.72,,15000,15,6,6,2014,신규,26.07~28.07,,,,,
강남구,11680,역삼동,202606,오피스텔_전월세,더스위트캐슬,역삼동,603-5,20.61,,1000,105,8,29,2015,신규,26.06~27.06,,,,,
강남구,11680,대치동,202606,오피스텔_전월세,대치3차 아이파크 오피스텔,대치동,945-20,22.39,,30400,0,8,12,2019,갱신,26.07~28.07,30400.0,,,,
강남구,11680,삼성동,202606,오피스텔_전월세,삼성동 롯데캐슬 클라쎄,삼성동,141-10,29.37,,3000,180,6,24,2019,신규,26.08~27.08,,,,,
강남구,11680,세곡동,202606,오피스텔_전월세,강남 드림하이 오피스텔,세곡동,616,27.03,,1000,95,3,9,2018,신규,26.06~27.06,,,,,
강남구,11680,대치동,202606,오피스텔_전월세,신안메트로칸,대치동,943-24,37.25,,1000,120,22,24,2004,신규,26.07~27.06,,,,,
강남구,11680,자곡동,202606,오피스텔_전월세,강남 푸르지오시티 2차(PRUGIO CITYⅡ),자곡동,655,21.87,,1000,61,5,29,2014,신규,26.06~27.06,,,,,
강남구,11680,자곡동,202606,오피스텔_전월세,강남센터뷰,자곡동,670,21.25,,15300,15,2,9,2018,신규,26.07~28.07,,,,,
강남구,11680,역삼동,202606,오피스텔_전월세,성우스타우스오피스텔,역삼동,832-33,32.03,,5000,70,10,17,2004,신규,26.08~27.08,,,,,
강남구,11680,세곡동,202606,오피스텔_전월세,강남 드림하이 오피스텔,세곡동,616,42.46,,36200,0,8,30,2018,신규,26.08~28.08,,,,,
강남구,11680,역삼동,202606,오피스텔_전월세,성우스타우스오피스텔,역삼동,832-33,32.03,,19800,15,5,4,2004,신규,26.07~28.06,,,,,
강남구,11680,세곡동,202606,오피스텔_전월세,강남 드림하이 오피스텔,세곡동,616,42.46,,4000,145,7,10,2018,신규,26.07~28.06,,,,,
강남구,11680,역삼동,202606,오피스텔_전월세,금천빌딩,역삼동,708-20,29.72,,17500,20,7,1,2005,신규,26.06~28.06,,,,,
강남구,11680,논현동,202606,오피스텔_전월세,삼환 아르누보 3,논현동,209,22.09,,20000,0,4,30,2005,신규,26.07~28.07,,,,,
강남구,11680,자곡동,202606,오피스텔_전월세,강남힐스테이트에코,자곡동,658,24.12,,14000,25,10,28,2014,신규,26.07~28.07,,,,,
강남구,11680,역삼동,202606,오피스텔_전월세,역삼 푸르지오 시티,역삼동,735-17,33.99,,2000,170,12,5,2016,신규,26.06~27.06,,,,,
강남구,11680,역삼동,202606,오피스텔_전월세,라클라쎄 강남,역삼동,826-44,17.51,,1000,180,6,26,2023,신규,26.07~27.06,,,,,
강남구,11680,역삼동,202606,오피스텔_전월세,강남역 와이즈 플레이스,역삼동,837-13,26.98,,17000,20,13,20,2013,갱신,26.06~28.06,21900.0,20.0,사용,,
강남구,11680,역삼동,202606,오피스텔_전월세,루트원 레지던스,역삼동,703-7,25.02,,1000,105,11,26,2012,신규,26.06~27.06,,,,,
강남구,11680,수서동,202606,오피스텔_전월세,수서현대벤쳐빌,수서동,713,31.96,,1000,70,8,29,2002,신규,26.07~28.07,,,,,
강남구,11680,자곡동,202606,오피스텔_전월세,강남 더샵라르고,자곡동,596,22.02,,1000,80,4,30,2014,신규,26.06~27.06,,,,,
강남구,11680,자곡동,202606,오피스텔_전월세,강남힐스테이트에코,자곡동,658,24.12,,14000,20,3,23,2014,신규,26.07~27.07,,,,,
강남구,11680,세곡동,202606,오피스텔_전월세,센트라빌,세곡동,584,44.29,,34000,0,8,19,2017,갱신,26.07~28.07,34000.0,,사용,,
강남구,11680,자곡동,202606,오피스텔_전월세,강남 푸르지오시티 2차(PRUGIO CITYⅡ),자곡동,655,21.87,,12500,20,7,30,2014,신규,26.08~28.08,,,,,
강남구,11680,역삼동,202606,오피스텔_전월세,강남 IBC 오피스텔,역삼동,648-1,25.19,,1000,92,5,10,1987,신규,26.06~27.06,,,,,
강남구,11680,역삼동,202606,오피스텔_전월세,강남역 센트럴 푸르지오 시티,역삼동,825-20,24.63,,25200,15,17,20,2015,갱신,26.07~28.07,27000.0,,사용,,
강남구,11680,역삼동,202606,오피스텔_전월세,강남루덴스 오피스텔,역삼동,823-33,27.64,,2000,165,12,8,2021,신규,26.06~27.06,,,,,
강남구,11680,역삼동,202606,오피스텔_전월세,신논현 마에스트로,역삼동,603-7,20.35,,18000,15,14,30,2013,신규,26.08~28.08,,,,,
강남구,11680,자곡동,202606,오피스텔_전월세,강남 지웰홈스,자곡동,662,29.49,,20700,15,9,22,2014,갱신,26.07~28.07,21500.0,10.0,사용,,
강남구,11680,개포동,202606,오피스텔_전월세,대청타워,개포동,13-3,31.91,,13000,40,17,26,1997,신규,26.07~28.07,,,,,
강남구,11680,개포동,202606,오피스텔_전월세,메트하임,개포동,186-13,22,,19000,0,16,29,2018,신규,26.07~27.07,,,,,
강남구,11680,자곡동,202606,오피스텔_전월세,강남유탑유블레스,자곡동,651,26.78,,1000,70,8,13,2014,신규,26.06~27.06,,,,,
강남구,11680,역삼동,202606,오피스텔_전월세,리에바움 오피스텔,역삼동,703,29.08,,38300,0,6,23,2020,신규,26.08~28.08,,,,,
강남구,11680,역삼동,202606,오피스텔_전월세,엘지역삼에클라트,역삼동,736-24,28.64,,16100,0,5,29,2004,신규,26.07~28.07,,,,,
강남구,11680,대치동,202606,오피스텔_전월세,대치3차 아이파크 오피스텔,대치동,945-20,32,,10000,130,14,26,2019,갱신,26.08~27.08,10000.0,130.0,,,
강남구,11680,청담동,202606,오피스텔_전월세,(46-3),청담동,46-3,17.73,,13401,3,3,25,2003,갱신,26.09~27.09,13401.0,,,,
강남구,11680,역삼동,202606,오피스텔_전월세,역삼역센트럴푸르지오시티,역삼동,719-24,17.57,,12000,50,9,27,2019,신규,26.07~28.07,,,,,
강남구,11680,자곡동,202606,오피스텔_전월세,강남힐스테이트에코,자곡동,658,34.58,,1000,120,2,19,2014,갱신,26.06~27.06,1000.0,100.0,,,
강남구,11680,자곡동,202606,오피스텔_전월세,강남 푸르지오시티 1차,자곡동,600,25.06,,5500,51,2,27,2014,신규,26.08~27.08,,,,,
강남구,11680,역삼동,202606,오피스텔_전월세,역삼역센트럴푸르지오시티,역삼동,719-24,17.57,,3000,84,11,17,2019,신규,26.07~27.07,,,,,
강남구,11680,자곡동,202606,오피스텔_전월세,강남힐스테이트에코,자곡동,658,23.82,,1000,85,8,27,2014,신규,26.06~27.06,,,,,
강남구,11680,자곡동,202606,오피스텔_전월세,강남센터뷰,자곡동,670,21.25,,4000,65,5,27,2018,신규,26.08~27.08,,,,,
강남구,11680,개포동,202606,오피스텔_전월세,대청타워,개포동,13-3,32.44,,1000,75,7,23,1997,신규,26.06~28.06,,,,,
강남구,11680,역삼동,202606,오피스텔_전월세,강남역 서희스타힐스 오피스텔,역삼동,837-18,24.56,,1000,95,4,13,2012,갱신,26.07~27.07,1000.0,90.0,,,
강남구,11680,역삼동,202606,오피스텔_전월세,역삼프라임,역삼동,789-9,25.2,,1000,125,4,19,2004,신규,26.06~27.06,,,,,
강남구,11680,자곡동,202606,오피스텔_전월세,강남 푸르지오시티 2차(PRUGIO CITYⅡ),자곡동,655,21.87,,1000,75,5,3,2014,신규,26.06~27.06,,,,,
강남구,11680,자곡동,202606,오피스텔_전월세,강남 푸르지오시티 1차,자곡동,600,25.06,,15750,14,9,27,2014,갱신,26.07~28.07,16425.0,8.0,,,
강남구,11680,역삼동,202606,오피스텔_전월세,강남역 서희스타힐스 오피스텔,역삼동,837-18,24.56,,3000,80,10,16,2012,신규,26.07~27.07,,,,,
강남구,11680,논현동,202606,오피스텔_전월세,논현 아이파크,논현동,225-6,27.56,,20000,85,4,18,2020,신규,26.06~27.06,,,,,
강남구,11680,개포동,202606,오피스텔_전월세,대청타워,개포동,13-3,32.44,,1000,72,11,10,1997,신규,26.08~27.08,,,,,
강남구,11680,대치동,202606,오피스텔_전월세,동민 맥스빌,대치동,938-11,40.29,,1000,100,1,4,2004,신규,26.06~28.06,,,,,
강남구,11680,자곡동,202606,오피스텔_전월세,강남센터뷰,자곡동,670,32.23,,25000,0,5,19,2018,갱신,26.08~28.08,25000.0,,사용,,
강남구,11680,대치동,202606,오피스텔_전월세,더 나인 오피스텔,대치동,889-56,29.97,,1000,84,4,27,2004,신규,26.06~27.06,,,,,
강남구,11680,자곡동,202606,오피스텔_전월세,강남 푸르지오시티 2차(PRUGIO CITYⅡ),자곡동,655,21.87,,1000,80,7,26,2014,신규,26.07~27.07,,,,,
강남구,11680,역삼동,202606,오피스텔_전월세,강남역 센트럴 푸르지오 시티,역삼동,825-20,24.63,,1000,140,19,25,2015,신규,26.06~27.06,,,,,
강남구,11680,역삼동,202606,오피스텔_전월세,에스케이허브젠,역삼동,831-45,57.27,,3000,250,6,19,2005,신규,26.06~27.06,,,,,
강남구,11680,삼성동,202606,오피스텔_전월세,LG선릉에클라트B,삼성동,142-3,39.99,,18000,46,6,28,2004,신규,26.07~28.07,,,,,
강남구,11680,자곡동,202606,오피스텔_전월세,강남센터뷰,자곡동,670,21.25,,15300,14,5,27,2018,갱신,26.07~28.07,15500.0,10.0,사용,,
강남구,11680,도곡동,202606,오피스텔_전월세,우성캐릭터199,도곡동,467-24,55.46,,50000,0,18,26,1998,신규,26.10~28.10,,,,,
강남구,11680,역삼동,202606,오피스텔_전월세,리에바움 오피스텔,역삼동,703,27.02,,2000,155,11,27,2020,신규,26.07~27.07,,,,,
강남구,11680,삼성동,202606,오피스텔_전월세,삼성동 롯데캐슬 클라쎄,삼성동,141-10,21.87,,1000,118,6,24,2019,신규,26.06~27.06,,,,,
강남구,11680,자곡동,202606,오피스텔_전월세,강남힐스테이트에코,자곡동,658,24.12,,14100,20,6,26,2014,신규,26.08~28.08,,,,,
강남구,11680,역삼동,202606,오피스텔_전월세,역삼 푸르지오 시티,역삼동,735-17,23.9,,22000,10,15,26,2016,신규,26.07~28.07,,,,,
강남구,11680,대치동,202606,오피스텔_전월세,대치 클래시아,대치동,622-1,30.22,,5000,165,9,17,2015,신규,26.06~27.06,,,,,
강남구,11680,역삼동,202606,오피스텔_전월세,역삼 노블루체 언주,역삼동,606,19.31,,2000,160,4,11,2021,신규,26.06~27.06,,,,,
강남구,11680,자곡동,202606,오피스텔_전월세,강남힐스테이트에코,자곡동,658,23.75,,1000,83,10,26,2014,갱신,26.06~27.06,1000.0,79.0,,,
강남구,11680,역삼동,202606,오피스텔_전월세,강남역 와이즈 플레이스,역삼동,837-13,23.87,,1000,90,7,18,2013,신규,26.06~28.06,,,,,
강남구,11680,개포동,202606,오피스텔_전월세,대청타워,개포동,13-3,31.91,,18000,0,15,20,1997,신규,26.07~28.07,,,,,
강남구,11680,대치동,202606,오피스텔_전월세,선릉역 롯데골드로즈오피스텔,대치동,889-53,32,,1000,107,7,24,2003,신규,26.06~27.06,,,,,
강남구,11680,자곡동,202606,오피스텔_전월세,강남 푸르지오시티 1차,자곡동,600,25.06,,1000,85,6,7,2014,신규,26.06~27.06,,,,,
강남구,11680,역삼동,202606,오피스텔_전월세,리에바움 오피스텔,역삼동,703,28.03,,3000,150,6,13,2020,신규,26.06~27.06,,,,,
강남구,11680,역삼동,202606,오피스텔_전월세,강남역 와이즈 플레이스,역삼동,837-13,23.87,,18450,22,4,25,2013,신규,26.07~28.07,,,,,
강남구,11680,자곡동,202606,오피스텔_전월세,훼미리타운,자곡동,672,73.28,,3000,230,9,11,2017,갱신,26.07~28.07,3000.0,220.0,사용,,
강남구,11680,역삼동,202606,오피스텔_전월세,신일유토빌,역삼동,735-11,40.09,,19000,0,10,25,2003,신규,26.07~28.07,,,,,
강남구,11680,도곡동,202606,오피스텔_전월세,타워팰리스,도곡동,467-17,121.76,,150000,0,6,24,2003,갱신,26.06~27.06,143000.0,,사용,,
강남구,11680,자곡동,202606,오피스텔_전월세,강남 푸르지오시티 1차,자곡동,600,24.57,,15000,19,4,5,2014,갱신,26.06~28.06,16000.0,15.0,사용,,
강남구,11680,자곡동,202606,오피스텔_전월세,강남센터뷰,자곡동,670,21.25,,15500,15,3,24,2018,신규,26.08~28.08,,,,,
강남구,11680,삼성동,202606,오피스텔_전월세,우림보보카운티 오피스텔,삼성동,75-8,26.77,,1000,100,9,25,2004,신규,26.07~27.07,,,,,
강남구,11680,세곡동,202606,오피스텔_전월세,강남 드림하이 오피스텔,세곡동,616,27.03,,1000,100,8,24,2018,갱신,26.06~27.06,1000.0,95.0,사용,,
강남구,11680,자곡동,202606,오피스텔_전월세,강남 푸르지오시티 1차,자곡동,600,25.06,,11700,27,1,24,2014,갱신,26.07~28.07,11000.0,27.0,,,
강남구,11680,역삼동,202606,오피스텔_전월세,역삼동 업무시설 및 도시형생활주택,역삼동,735-15,20.19,,5000,55,3,12,2014,신규,26.06~27.06,,,,,
강남구,11680,역삼동,202606,오피스텔_전월세,루트원 레지던스,역삼동,703-7,24.56,,1000,103,8,12,2012,신규,26.06~27.06,,,,,
강남구,11680,역삼동,202606,오피스텔_전월세,amco square 720,역삼동,720-22,28.65,,1000,104,8,4,2011,신규,26.06~27.06,,,,,
강남구,11680,논현동,202606,오피스텔_전월세,이안 논현,논현동,277-36,87.89,,60000,75,5,17,2006,갱신,26.08~28.08,60000.0,75.0,사용,,
강남구,11680,도곡동,202606,오피스텔_전월세,타워팰리스,도곡동,467-17,98.99,,136500,0,6,15,2003,갱신,26.08~28.08,130000.0,,사용,,
강남구,11680,역삼동,202606,오피스텔_전월세,역삼역센트럴푸르지오시티,역삼동,719-24,17.57,,1000,91,14,17,2019,갱신,26.07~27.07,1000.0,89.0,,,
강남구,11680,자곡동,202606,오피스텔_전월세,강남 푸르지오시티 1차,자곡동,600,25.06,,1000,78,5,6,2014,신규,26.06~27.06,,,,,
강남구,11680,역삼동,202606,오피스텔_전월세,역삼역센트럴푸르지오시티,역삼동,719-24,17.57,,18670,8,18,23,2019,신규,26.07~28.07,,,,,
강남구,11680,자곡동,202606,오피스텔_전월세,강남 지웰홈스,자곡동,662,30.92,,22000,0,6,24,2014,신규,26.07~28.07,,,,,
강남구,11680,역삼동,202606,오피스텔_전월세,BIEL 106,역삼동,832-16,28.87,,34000,0,8,22,2018,신규,26.07~28.07,,,,,
강남구,11680,역삼동,202606,오피스텔_전월세,강남역 효성해링턴 타워 더퍼스트,역삼동,825-24,25.73,,5000,74,13,16,2014,갱신,26.07~27.07,5000.0,70.0,,,
강남구,11680,역삼동,202606,오피스텔_전월세,강남역투웨니퍼스트101동,역삼동,824-9,17.34,,1000,90,4,9,2019,신규,26.06~27.06,,,,,
강남구,11680,역삼동,202606,오피스텔_전월세,루트원 레지던스,역삼동,703-7,24.56,,21000,10,4,16,2012,신규,26.06~27.06,,,,,
강남구,11680,논현동,202606,오피스텔_전월세,리체힐 신논현 오피스텔A동,논현동,202-10,22.43,,12000,70,11,23,2018,신규,26.07~28.07,,,,,
강남구,11680,자곡동,202606,오피스텔_전월세,강남힐스테이트에코,자곡동,658,23.75,,1000,83,2,1,2014,신규,26.06~27.06,,,,,
강남구,11680,역삼동,202606,오피스텔_전월세,역삼역센트럴푸르지오시티,역삼동,719-24,32.42,,3000,183,4,22,2019,갱신,26.07~27.07,3000.0,174.0,,,
강남구,11680,역삼동,202606,오피스텔_전월세,역삼 푸르지오 시티,역삼동,735-17,23.9,,22000,10,5,18,2016,신규,26.07~27.07,,,,,
강남구,11680,역삼동,202606,오피스텔_전월세,역삼역센트럴푸르지오시티,역삼동,719-24,17.57,,1000,92,14,10,2019,신규,26.06~27.06,,,,,
강남구,11680,자곡동,202606,오피스텔_전월세,강남 푸르지오시티 2차(PRUGIO CITYⅡ),자곡동,655,21.87,,4000,65,8,17,2014,신규,26.06~27.06,,,,,
강남구,11680,자곡동,202606,오피스텔_전월세,강남 더샵라르고,자곡동,596,25.63,,19500,0,10,10,2014,신규,26.08~28.08,,,,,
강남구,11680,역삼동,202606,오피스텔_전월세,BIEL 106,역삼동,832-16,29,,39000,0,11,23,2018,신규,26.07~28.07,,,,,
강남구,11680,역삼동,202606,오피스텔_전월세,더스위트캐슬,역삼동,603-5,20.61,,1000,110,5,10,2015,갱신,26.06~27.06,1000.0,105.0,사용,,
강남구,11680,자곡동,202606,오피스텔_전월세,빌리브 파비오 더 까사,자곡동,653,56.88,,58000,0,9,17,2022,신규,26.08~28.08,,,,,
강남구,11680,역삼동,202606,오피스텔_전월세,역삼역센트럴푸르지오시티,역삼동,719-24,17.57,,1000,91,13,16,2019,신규,26.08~27.08,,,,,
강남구,11680,대치동,202606,오피스텔_전월세,대치트레비스타 102동,대치동,891-63,18.45,,1000,98,9,22,2020,신규,26.06~27.06,,,,,
강남구,11680,대치동,202606,오피스텔_전월세,대치3차 아이파크 오피스텔,대치동,945-20,22.39,,3000,110,8,9,2019,신규,26.07~27.07,,,,,
강남구,11680,역삼동,202606,오피스텔_전월세,역삼 이스타빌,역삼동,787-7,40.42,,32000,0,5,22,2011,신규,26.06~27.06,,,,,
강남구,11680,자곡동,202606,오피스텔_전월세,강남 푸르지오시티 2차(PRUGIO CITYⅡ),자곡동,655,21.87,,1000,75,2,13,2014,신규,26.06~27.06,,,,,
강남구,11680,세곡동,202606,오피스텔_전월세,강남 지웰파인즈,세곡동,587,24.66,,18000,20,8,22,2016,신규,26.07~28.07,,,,,
강남구,11680,개포동,202606,오피스텔_전월세,대청타워,개포동,13-3,32.44,,500,83,24,20,1997,신규,26.06~27.06,,,,,
강남구,11680,자곡동,202606,오피스텔_전월세,강남힐스테이트에코,자곡동,658,23.75,,1000,80,6,19,2014,신규,26.06~27.06,,,,,
강남구,11680,역삼동,202606,오피스텔_전월세,네스빌,역삼동,830-41,24,,525,74,5,4,2004,신규,26.06~27.06,,,,,
강남구,11680,역삼동,202606,오피스텔_전월세,강남 IBC 오피스텔,역삼동,648-1,24.2,,1000,92,6,22,1987,신규,26.06~27.06,,,,,
강남구,11680,자곡동,202606,오피스텔_전월세,강남블루지움,자곡동,669,20.8,,5000,85,3,19,2017,신규,26.06~27.06,,,,,
강남구,11680,대치동,202606,오피스텔_전월세,대치 클래시아,대치동,622-1,20.8,,1000,135,9,3,2015,신규,26.06~26.11,,,,,
강남구,11680,역삼동,202606,오피스텔_전월세,라클라쎄 강남,역삼동,826-44,17.51,,1000,170,4,11,2023,신규,26.06~27.06,,,,,
강남구,11680,역삼동,202606,오피스텔_전월세,강남역 와이즈 플레이스,역삼동,837-13,23.87,,19800,18,4,22,2013,갱신,26.07~28.07,20900.0,12.0,,,
강남구,11680,역삼동,202606,오피스텔_전월세,K타워 오피스텔,역삼동,703-6,20.16,,1000,87,5,19,2014,신규,26.06~27.06,,,,,
강남구,11680,자곡동,202606,오피스텔_전월세,강남힐스테이트에코,자곡동,658,29.99,,20700,10,4,20,2014,신규,26.07~28.07,,,,,
강남구,11680,세곡동,202606,오피스텔_전월세,라온프라이빗시티 강남,세곡동,590,50.72,,36500,0,6,19,2017,신규,26.09~28.09,,,,,
강남구,11680,역삼동,202606,오피스텔_전월세,역삼역센트럴푸르지오시티,역삼동,719-24,17.57,,18600,7,9,19,2019,신규,26.07~27.07,,,,,
강남구,11680,자곡동,202606,오피스텔_전월세,강남 푸르지오시티 2차(PRUGIO CITYⅡ),자곡동,655,21.87,,2000,75,7,13,2014,신규,26.06~27.06,,,,,
강남구,11680,개포동,202606,오피스텔_전월세,대청타워,개포동,13-3,32.44,,1000,90,10,5,1997,신규,26.07~28.07,,,,,
강남구,11680,개포동,202606,오피스텔_전월세,대청타워,개포동,13-3,32.44,,1500,95,14,8,1997,신규,26.07~28.07,,,,,
강남구,11680,자곡동,202606,오피스텔_전월세,강남힐스테이트에코,자곡동,658,23.75,,1000,82,3,13,2014,신규,26.06~27.06,,,,,
강남구,11680,세곡동,202606,오피스텔_전월세,강남 지웰파인즈,세곡동,587,38.36,,1000,142,7,6,2016,신규,26.06~27.06,,,,,
강남구,11680,세곡동,202606,오피스텔_전월세,강남 드림하이 오피스텔,세곡동,616,40.92,,30400,0,6,17,2018,신규,26.07~28.07,,,,,
강남구,11680,삼성동,202606,오피스텔_전월세,삼성역 두산위브센티움,삼성동,158-4,27.06,,15000,30,2,19,2003,갱신,26.06~27.06,10000.0,47.0,,,
강남구,11680,삼성동,202606,오피스텔_전월세,청담역 푸르지오시티,삼성동,58-2,29.32,,30000,0,4,19,2014,신규,26.07~28.07,,,,,
강남구,11680,논현동,202606,오피스텔_전월세,리체힐 신논현 오피스텔A동,논현동,202-10,22.43,,15000,41,6,12,2018,갱신,26.07~27.07,15000.0,37.0,,,
강남구,11680,역삼동,202606,오피스텔_전월세,역삼동 업무시설 및 도시형생활주택,역삼동,735-15,19.91,,17390,10,7,11,2014,신규,26.07~28.07,,,,,
강남구,11680,대치동,202606,오피스텔_전월세,신안메트로칸,대치동,943-24,30.11,,16000,20,6,18,2004,갱신,26.07~27.06,15960.0,17.0,,,
강남구,11680,자곡동,202606,오피스텔_전월세,강남힐스테이트에코,자곡동,658,23.66,,1000,85,7,8,2014,신규,26.06~27.06,,,,,
강남구,11680,역삼동,202606,오피스텔_전월세,강남역 와이즈 플레이스,역삼동,837-13,23.87,,18450,25,6,4,2013,신규,26.07~28.07,,,,,
강남구,11680,자곡동,202606,오피스텔_전월세,강남 더샵라르고,자곡동,596,25.63,,10000,45,9,13,2014,신규,26.06~28.06,,,,,
강남구,11680,삼성동,202606,오피스텔_전월세,우림보보카운티 오피스텔,삼성동,75-8,26.77,,1000,100,13,18,2004,갱신,26.08~28.08,1000.0,95.0,,,
강남구,11680,대치동,202606,오피스텔_전월세,대치동 대우아이빌 명문가,대치동,891-23,34.2,,23600,7,3,17,2004,신규,26.07~28.07,,,,,
강남구,11680,세곡동,202606,오피스텔_전월세,강남 드림하이 오피스텔,세곡동,616,34.6,,23600,24,7,4,2018,갱신,26.06~28.06,27300.0,,사용,,
강남구,11680,역삼동,202606,오피스텔_전월세,에스케이허브젠,역삼동,831-45,57.27,,31000,50,3,12,2005,신규,26.06~28.06,,,,,
강남구,11680,자곡동,202606,오피스텔_전월세,강남 더샵라르고,자곡동,596,23.28,,1000,69,9,5,2014,신규,26.06~27.06,,,,,
강남구,11680,자곡동,202606,오피스텔_전월세,강남유탑유블레스,자곡동,651,34.06,,24150,0,7,13,2014,갱신,26.07~28.07,24150.0,,,,
강남구,11680,역삼동,202606,오피스텔_전월세,역삼역센트럴푸르지오시티,역삼동,719-24,17.57,,1000,90,8,8,2019,갱신,26.08~27.08,1000.0,90.0,사용,,
강남구,11680,역삼동,202606,오피스텔_전월세,(647-5),역삼동,647-5,18.57,,1000,90,9,16,2020,신규,26.06~27.06,,,,,
강남구,11680,역삼동,202606,오피스텔_전월세,엘지역삼에클라트,역삼동,736-24,28.64,,15500,35,11,16,2004,신규,26.07~28.07,,,,,
강남구,11680,역삼동,202606,오피스텔_전월세,라클라쎄 강남,역삼동,826-44,17.51,,1000,175,5,5,2023,신규,26.06~27.06,,,,,
강남구,11680,자곡동,202606,오피스텔_전월세,강남힐스테이트에코,자곡동,658,23.75,,14000,25,9,16,2014,신규,26.07~28.07,,,,,
강남구,11680,역삼동,202606,오피스텔_전월세,능현오피스텔,역삼동,708-16,29.6,,18400,25,12,16,2004,신규,26.08~28.08,,,,,
강남구,11680,자곡동,202606,오피스텔_전월세,강남 푸르지오시티 1차,자곡동,600,25.06,,3000,64,7,11,2014,갱신,26.09~27.09,3000.0,60.0,,,
강남구,11680,역삼동,202606,오피스텔_전월세,역삼동 706-12,역삼동,706-12,27.8,,3000,85,5,15,2015,신규,26.06~27.06,,,,,
강남구,11680,역삼동,202606,오피스텔_전월세,강남역 서희스타힐스 오피스텔,역삼동,837-18,25.9,,18900,0,7,15,2012,신규,26.07~28.07,,,,,
강남구,11680,역삼동,202606,오피스텔_전월세,강남역 쉐르빌,역삼동,832-3,27.74,,24750,8,16,12,2014,신규,26.07~28.07,,,,,
강남구,11680,역삼동,202606,오피스텔_전월세,역삼역센트럴푸르지오시티,역삼동,719-24,17.57,,1000,81,8,4,2019,신규,26.06~27.06,,,,,
강남구,11680,자곡동,202606,오피스텔_전월세,강남유탑유블레스,자곡동,651,26.78,,1000,57,4,15,2014,갱신,26.06~30.06,5000.0,56.0,,,
강남구,11680,역삼동,202606,오피스텔_전월세,BIEL 106,역삼동,832-16,21.39,,25000,0,14,15,2018,신규,26.06~28.06,,,,,
강남구,11680,역삼동,202606,오피스텔_전월세,역삼동 업무시설 및 도시형생활주택,역삼동,735-15,20.59,,16600,3,4,1,2014,갱신,26.06~27.07,16600.0,,,,
강남구,11680,개포동,202606,오피스텔_전월세,대청타워,개포동,13-3,32.44,,1000,90,11,11,1997,신규,26.06~27.06,,,,,
강남구,11680,역삼동,202606,오피스텔_전월세,강남역 효성해링턴 타워 더퍼스트,역삼동,825-24,22.85,,13000,50,8,12,2014,신규,26.07~28.07,,,,,
강남구,11680,역삼동,202606,오피스텔_전월세,강남루덴스 오피스텔,역삼동,823-33,35.62,,28100,0,5,13,2021,갱신,26.08~28.07,27600.0,,,,
강남구,11680,역삼동,202606,오피스텔_전월세,강남역투웨니퍼스트101동,역삼동,824-9,17.34,,21600,0,13,13,2019,신규,26.07~27.07,,,,,
강남구,11680,청담동,202606,오피스텔_전월세,현대 오피스텔,청담동,130-9,21.9,,1000,75,4,1,1991,신규,26.06~27.06,,,,,
강남구,11680,자곡동,202606,오피스텔_전월세,강남블루지움,자곡동,669,20.8,,200,90,5,13,2017,신규,26.06~26.09,,,,,
강남구,11680,역삼동,202606,오피스텔_전월세,역삼역센트럴푸르지오시티,역삼동,719-24,18.18,,18600,0,9,13,2019,신규,26.08~28.08,,,,,
강남구,11680,자곡동,202606,오피스텔_전월세,강남센터뷰,자곡동,670,21.25,,15000,15,7,13,2018,신규,26.08~28.08,,,,,
강남구,11680,수서동,202606,오피스텔_전월세,사이룩스,수서동,716,32.58,,20000,0,5,13,2003,신규,26.07~28.07,,,,,
강남구,11680,자곡동,202606,오피스텔_전월세,강남 푸르지오시티 1차,자곡동,600,24.57,,1000,82,9,13,2014,갱신,26.08~27.08,1000.0,80.0,,,
강남구,11680,역삼동,202606,오피스텔_전월세,에스케이허브 오피스텔,역삼동,708-26,37.36,,20000,55,13,13,2004,갱신,26.07~28.07,20000.0,50.0,사용,,
강남구,11680,역삼동,202606,오피스텔_전월세,역삼역센트럴푸르지오시티,역삼동,719-24,17.57,,18670,8,9,13,2019,신규,26.07~28.07,,,,,
강남구,11680,자곡동,202606,오피스텔_전월세,강남 더샵라르고,자곡동,596,21.03,,1000,80,3,13,2014,신규,26.06~27.06,,,,,
강남구,11680,세곡동,202606,오피스텔_전월세,강남레체,세곡동,582,28.64,,17500,5,4,13,2016,갱신,26.06~28.06,18000.0,,사용,,
강남구,11680,역삼동,202606,오피스텔_전월세,강남역 쉐르빌,역삼동,832-3,22.65,,1000,98,4,11,2014,신규,26.06~27.06,,,,,
강남구,11680,역삼동,202606,오피스텔_전월세,금천빌딩,역삼동,708-20,29.81,,1000,110,9,9,2005,신규,26.06~27.06,,,,,
강남구,11680,역삼동,202606,오피스텔_전월세,더스위트캐슬,역삼동,603-5,20.61,,1000,115,11,12,2015,신규,26.06~27.06,,,,,
강남구,11680,자곡동,202606,오피스텔_전월세,강남힐스테이트에코,자곡동,658,24.12,,1000,84,9,6,2014,갱신,26.06~27.06,1000.0,80.0,사용,,
강남구,11680,역삼동,202606,오피스텔_전월세,더스위트캐슬,역삼동,603-5,20.61,,1000,115,12,9,2015,신규,26.06~27.06,,,,,
강남구,11680,청담동,202606,오피스텔_전월세,(46-3),청담동,46-3,17.73,,13401,3,2,11,2003,갱신,26.07~27.07,13401.0,,,,
강남구,11680,삼성동,202606,오피스텔_전월세,(157-18),삼성동,157-18,26.52,,15000,0,7,11,1999,신규,26.07~28.06,,,,,
강남구,11680,대치동,202606,오피스텔_전월세,CO-OP Residence/삼성역,대치동,945-29,13.96,,3000,45,10,12,2004,신규,26.06~27.06,,,,,
강남구,11680,역삼동,202606,오피스텔_전월세,역삼 푸르지오 시티,역삼동,735-17,31.57,,20000,60,4,12,2016,신규,26.07~28.07,,,,,
강남구,11680,역삼동,202606,오피스텔_전월세,메이플라워멤버스빌오피스텔,역삼동,736-22,20.1,,11600,15,7,12,2006,신규,26.07~28.07,,,,,
강남구,11680,자곡동,202606,오피스텔_전월세,강남 푸르지오시티 2차(PRUGIO CITYⅡ),자곡동,655,21.87,,1000,80,7,10,2014,신규,26.07~27.07,,,,,
강남구,11680,논현동,202606,오피스텔_전월세,세양 APEX-TOWER,논현동,6-21,26.91,,5000,100,8,11,2003,신규,26.06~28.06,,,,,
강남구,11680,대치동,202606,오피스텔_전월세,대치트레비스타 101동,대치동,891-38,18.45,,21900,0,3,8,2020,갱신,26.06~28.06,21900.0,,,,
강남구,11680,역삼동,202606,오피스텔_전월세,더플레이스 역삼,역삼동,707-9,21.57,,60,55,9,11,2020,신규,26.06~28.09,,,,,
강남구,11680,자곡동,202606,오피스텔_전월세,강남센터뷰,자곡동,670,21.25,,15500,15,2,9,2018,신규,26.07~28.07,,,,,
강남구,11680,삼성동,202606,오피스텔_전월세,우림보보카운티 오피스텔,삼성동,75-8,27.18,,1000,100,12,3,2004,신규,26.07~27.07,,,,,
강남구,11680,역삼동,202606,오피스텔_전월세,BIEL 106,역삼동,832-16,28.87,,35000,10,4,9,2018,신규,26.07~28.07,,,,,
강남구,11680,논현동,202606,오피스텔_전월세,논현 아이파크,논현동,225-6,34.06,,50000,0,15,10,2020,신규,26.08~27.08,,,,,
강남구,11680,자곡동,202606,오피스텔_전월세,강남 푸르지오시티 2차(PRUGIO CITYⅡ),자곡동,655,21.87,,1000,73,5,9,2014,갱신,26.06~27.06,1000.0,69.0,,,
강남구,11680,대치동,202606,오피스텔_전월세,대치동 대우아이빌 명문가,대치동,891-23,34.2,,22800,10,5,1,2004,신규,26.07~28.07,,,,,
강남구,11680,역삼동,202606,오피스텔_전월세,더스위트캐슬,역삼동,603-5,20.61,,1000,120,16,9,2015,신규,26.06~27.06,,,,,
강남구,11680,자곡동,202606,오피스텔_전월세,강남유탑유블레스,자곡동,651,25.7,,17200,0,8,6,2014,갱신,26.06~28.06,17200.0,,,,
강남구,11680,자곡동,202606,오피스텔_전월세,강남힐스테이트에코,자곡동,658,23.73,,18000,0,10,6,2014,갱신,26.07~28.07,18000.0,,,,
강남구,11680,자곡동,202606,오피스텔_전월세,강남 지웰홈스,자곡동,662,29.87,,20700,15,4,9,2014,갱신,26.08~27.08,21600.0,,,,
강남구,11680,역삼동,202606,오피스텔_전월세,더플레이스 역삼,역삼동,707-9,21.57,,66,56,4,5,2020,갱신,26.07~28.06,63.0,53.0,,,
강남구,11680,자곡동,202606,오피스텔_전월세,강남유탑유블레스,자곡동,651,25.7,,1000,69,8,9,2014,신규,26.06~27.06,,,,,
강남구,11680,자곡동,202606,오피스텔_전월세,강남힐스테이트에코,자곡동,658,34.58,,25200,0,6,4,2014,갱신,26.07~28.07,25200.0,,사용,,
강남구,11680,역삼동,202606,오피스텔_전월세,강남역투웨니퍼스트102동,역삼동,824-49,17.34,,21600,0,8,8,2019,신규,26.07~27.07,,,,,
강남구,11680,역삼동,202606,오피스텔_전월세,역삼역센트럴푸르지오시티,역삼동,719-24,17.57,,1000,94,18,9,2019,갱신,26.06~27.06,1000.0,90.0,,,
강남구,11680,역삼동,202606,오피스텔_전월세,역삼역센트럴푸르지오시티,역삼동,719-24,18.18,,6500,55,5,8,2019,갱신,26.06~27.06,6500.0,55.0,,,
강남구,11680,세곡동,202606,오피스텔_전월세,강남투엠캐슬,세곡동,586,53.59,,14617,21,2,8,2019,갱신,26.07~28.06,14155.0,18.0,,,
강남구,11680,역삼동,202606,오피스텔_전월세,역삼역센트럴푸르지오시티,역삼동,719-24,17.57,,18600,15,13,6,2019,갱신,26.06~28.06,18900.0,10.0,,,
강남구,11680,역삼동,202606,오피스텔_전월세,금천빌딩,역삼동,708-20,29.72,,18500,10,7,1,2005,신규,26.06~28.06,,,,,
강남구,11680,역삼동,202606,오피스텔_전월세,강남역 서희스타힐스 오피스텔,역삼동,837-18,27.9,,23500,0,9,7,2012,갱신,26.06~27.06,23500.0,,,,
강남구,11680,신사동,202606,오피스텔_전월세,썬-타워빌딩,신사동,588-16,19.77,,2000,90,14,8,2015,갱신,26.06~27.06,2000.0,90.0,,,
강남구,11680,자곡동,202606,오피스텔_전월세,강남 더샵라르고,자곡동,596,22.02,,1000,80,5,6,2014,신규,26.06~27.06,,,,,
강남구,11680,자곡동,202606,오피스텔_전월세,강남 지웰홈스,자곡동,662,29.49,,20700,15,2,5,2014,신규,26.07~28.07,,,,,
강남구,11680,대치동,202606,오피스텔_전월세,대치 클래시아,대치동,622-1,20.8,,1000,130,6,2,2015,신규,26.06~27.04,,,,,
강남구,11680,수서동,202606,오피스텔_전월세,사이룩스,수서동,716,30.25,,18900,0,5,6,2003,신규,26.07~28.07,,,,,
강남구,11680,자곡동,202606,오피스텔_전월세,강남 푸르지오시티 2차(PRUGIO CITYⅡ),자곡동,655,21.87,,5000,54,2,7,2014,갱신,26.08~27.08,5000.0,51.0,,,
강남구,11680,자곡동,202606,오피스텔_전월세,빌리브 파비오 더 까사,자곡동,653,58.7,,5000,260,4,3,2022,신규,26.06~27.06,,,,,
강남구,11680,세곡동,202606,오피스텔_전월세,강남 지웰파인즈,세곡동,587,24.66,,1000,87,8,2,2016,갱신,26.06~27.06,1000.0,83.0,,,
강남구,11680,삼성동,202606,오피스텔_전월세,삼성동 현대위버포레 오피스텔,삼성동,144-1,20.64,,27800,0,4,4,2022,신규,26.06~28.06,,,,,
강남구,11680,자곡동,202606,오피스텔_전월세,강남 지웰홈스,자곡동,662,29.87,,20700,22,3,3,2014,갱신,26.07~28.07,21000.0,20.0,사용,,
강남구,11680,자곡동,202606,오피스텔_전월세,강남 푸르지오시티 1차,자곡동,600,34.59,,2000,103,8,3,2014,신규,26.08~28.08,,,,,
강남구,11680,역삼동,202606,오피스텔_전월세,강남역 와이즈 플레이스,역삼동,837-13,23.87,,19800,20,6,4,2013,신규,26.07~28.07,,,,,
강남구,11680,자곡동,202606,오피스텔_전월세,강남힐스테이트에코,자곡동,658,23.75,,1000,68,7,5,2014,갱신,26.06~27.06,1000.0,65.0,,,
강남구,11680,대치동,202606,오피스텔_전월세,대치트레비스타 102동,대치동,891-63,18.45,,22000,0,5,5,2020,신규,26.06~27.06,,,,,
강남구,11680,역삼동,202606,오피스텔_전월세,역삼역센트럴푸르지오시티,역삼동,719-24,18.18,,6500,55,5,4,2019,갱신,26.06~27.06,6500.0,51.0,사용,,
강남구,11680,자곡동,202606,오피스텔_전월세,강남힐스테이트에코,자곡동,658,21.52,,500,85,2,1,2014,신규,26.06~28.05,,,,,
강남구,11680,역삼동,202606,오피스텔_전월세,강남역 센트럴 푸르지오 시티,역삼동,825-20,23.23,,5000,84,17,3,2015,갱신,26.06~27.06,5000.0,80.0,,,
강남구,11680,삼성동,202606,오피스텔_전월세,삼성동 롯데캐슬 클라쎄,삼성동,141-10,25.32,,2000,153,14,5,2019,신규,26.06~27.06,,,,,
강남구,11680,대치동,202606,오피스텔_전월세,선릉역 롯데골드로즈오피스텔,대치동,889-53,32,,19800,15,12,5,2003,신규,26.07~28.07,,,,,
강남구,11680,역삼동,202606,오피스텔_전월세,강남역두산위브센티움,역삼동,823-26,27.31,,1000,90,8,3,2004,신규,26.06~27.06,,,,,
강남구,11680,자곡동,202606,오피스텔_전월세,강남유탑유블레스,자곡동,651,26.78,,1000,85,6,4,2014,신규,26.06~27.06,,,,,
강남구,11680,역삼동,202606,오피스텔_전월세,강남역 와이즈 플레이스,역삼동,837-13,23.87,,19800,0,9,4,2013,갱신,26.06~28.06,20900.0,,,,
강남구,11680,자곡동,202606,오피스텔_전월세,강남 더샵라르고,자곡동,596,25.53,,15000,25,3,3,2014,신규,26.07~28.07,,,,,
강남구,11680,자곡동,202606,오피스텔_전월세,강남유탑유블레스,자곡동,651,25.7,,6000,54,6,1,2014,갱신,26.07~28.07,5000.0,55.0,,,
강남구,11680,자곡동,202606,오피스텔_전월세,강남 푸르지오시티 2차(PRUGIO CITYⅡ),자곡동,655,21.87,,12500,20,4,3,2014,신규,26.07~28.07,,,,,
강남구,11680,역삼동,202606,오피스텔_전월세,강남역투웨니퍼스트101동,역삼동,824-9,17.34,,20000,0,12,3,2019,신규,26.07~28.07,,,,,
강남구,11680,역삼동,202606,오피스텔_전월세,더스위트캐슬,역삼동,603-5,20.61,,1000,110,4,1,2015,신규,26.06~27.06,,,,,
강남구,11680,역삼동,202606,오피스텔_전월세,강남웅진베어스빌,역삼동,838-10,24.25,,10000,95,9,2,2019,갱신,26.06~28.06,10000.0,90.0,,,
강남구,11680,삼성동,202606,오피스텔_전월세,현대썬앤빌강남,삼성동,51-4,22.47,,5500,90,8,2,2014,신규,26.07~27.07,,,,,
강남구,11680,개포동,202606,오피스텔_전월세,대청타워,개포동,13-3,31.91,,19800,0,12,1,1997,갱신,26.08~27.07,19800.0,,,,
강남구,11680,자곡동,202606,오피스텔_전월세,강남힐스테이트에코,자곡동,658,24.12,,17500,0,6,1,2014,갱신,26.06~28.06,17500.0,,사용,,
강남구,11680,역삼동,202606,오피스텔_전월세,amco square 720,역삼동,720-22,29.99,,21000,20,5,1,2011,신규,26.07~28.07,,,,,
강남구,11680,삼성동,202606,오피스텔_전월세,씨티라이프 61,삼성동,112-1,29.27,,1000,140,9,2,2014,신규,26.06~27.06,,,,,
강남구,11680,역삼동,202606,오피스텔_전월세,역삼역센트럴푸르지오시티,역삼동,719-24,17.57,,1000,90,11,1,2019,신규,26.07~28.07,,,,,
강남구,11680,역삼동,202606,오피스텔_전월세,강남루덴스 오피스텔,역삼동,823-33,27.64,,35000,0,13,1,2021,신규,26.06~28.06,,,,,
강남구,11680,자곡동,202606,오피스텔_전월세,강남 푸르지오시티 1차,자곡동,600,25.06,,15700,15,6,1,2014,갱신,26.06~28.06,16400.0,11.0,사용,,
강남구,11680,개포동,202606,연립다세대_전월세,신양빌라,개포동,1180-1,43.845,,4000,94,4,20,2018,,,,,,,
강남구,11680,개포동,202606,연립다세대_전월세,1213,개포동,1213,45.52,,37000,60,5,13,2016,,,,,,,
강남구,11680,대치동,202606,연립다세대_전월세,썬빌,대치동,910-16,43.35,,26000,0,2,29,2004,,,,,,,
강남구,11680,신사동,202606,연립다세대_전월세,J.J하우스,신사동,523-36,55,,39690,0,3,20,2004,,,,,,,
강남구,11680,역삼동,202606,연립다세대_전월세,힐스테이트4,역삼동,681-24,21.85,,22050,0,2,5,2015,,,,,,,
강남구,11680,개포동,202606,연립다세대_전월세,명성빌라,개포동,1201-6,35.3,,6000,48,2,27,1993,신규,26.07~27.07,,,,,
강남구,11680,역삼동,202606,연립다세대_전월세,토경아트빌(687-13),역삼동,687-13,25.56,,13000,0,2,9,2001,신규,26.07~28.07,,,,,
강남구,11680,논현동,202606,연립다세대_전월세,(16-38),논현동,16-38,23.95,,3000,74,3,30,2013,신규,26.07~27.07,,,,,
강남구,11680,청담동,202606,연립다세대_전월세,청담써니빌,청담동,35-8,16.49,,14000,11,2,8,2012,갱신,26.09~28.09,14000.0,9.0,,,
강남구,11680,역삼동,202606,연립다세대_전월세,(749-14),역삼동,749-14,70.79,,1000,140,4,13,2003,신규,26.08~28.08,,,,,
강남구,11680,역삼동,202606,연립다세대_전월세,하우징허브,역삼동,781-18,26.21,,30000,0,5,27,2018,갱신,26.09~28.09,30000.0,,,,
강남구,11680,대치동,202606,연립다세대_전월세,(896-24),대치동,896-24,33.92,,16500,0,2,25,2000,갱신,26.07~28.07,15740.0,,사용,,
강남구,11680,삼성동,202606,연립다세대_전월세,(123-6),삼성동,123-6,30.59,,17000,17,2,25,2002,갱신,26.08~28.08,17000.0,13.0,,,
강남구,11680,도곡동,202606,연립다세대_전월세,J&JARTVILL,도곡동,947-19,24.83,,26900,14,5,5,2016,신규,26.08~28.08,,,,,
강남구,11680,역삼동,202606,연립다세대_전월세,루브르하우스,역삼동,722-4,28.553,,30000,10,4,16,2017,신규,26.08~28.08,,,,,
강남구,11680,논현동,202606,연립다세대_전월세,대한주택,논현동,138-5,27.045,,700,65,5,30,2002,신규,26.08~27.08,,,,,
강남구,11680,대치동,202606,연립다세대_전월세,우주빌라,대치동,929-16,50.14,,3000,126,2,23,2002,신규,26.08~28.08,,,,,
강남구,11680,개포동,202606,연립다세대_전월세,동영빌,개포동,1195-10,25.39,,6780,6,3,29,2020,신규,26.07~28.09,,,,,
강남구,11680,대치동,202606,연립다세대_전월세,예담빌,대치동,957-19,56.05,,34000,2,4,8,2002,갱신,26.08~28.07,30000.0,11.0,,,
강남구,11680,개포동,202606,연립다세대_전월세,제우스,개포동,1244-2,29.31,,6000,85,3,24,2015,신규,26.07~28.07,,,,,
강남구,11680,도곡동,202606,연립다세대_전월세,가동,도곡동,193-12,22.31,,6000,80,5,1,2015,갱신,26.06~28.06,5000.0,70.0,,,
강남구,11680,삼성동,202606,연립다세대_전월세,엠제이빌,삼성동,26-11,58.86,,5000,151,3,30,2013,신규,26.07~28.07,,,,,
강남구,11680,논현동,202606,연립다세대_전월세,아이리스논현,논현동,270-35,29.06,,35650,0,5,30,2017,갱신,26.09~27.09,34650.0,,,,
강남구,11680,역삼동,202606,연립다세대_전월세,MAIBAUM,역삼동,771-19,22,,1000,85,3,15,2012,신규,26.06~27.06,,,,,
강남구,11680,역삼동,202606,연립다세대_전월세,일건빌라트,역삼동,793-32,262.7,,95000,0,3,4,1992,신규,26.07~28.07,,,,,
강남구,11680,논현동,202606,연립다세대_전월세,근정,논현동,149-30,31.41,,2000,90,2,27,2012,신규,26.09~28.09,,,,,
강남구,11680,청담동,202606,연립다세대_전월세,좋은사람좋은집(9-10),청담동,9-10,50.07,,2000,130,2,24,2002,갱신,26.08~27.08,2000.0,126.0,,,
강남구,11680,역삼동,202606,연립다세대_전월세,드림캐슬,역삼동,749,19.99,,24675,0,2,20,2018,갱신,26.07~28.07,23500.0,,사용,,
강남구,11680,청담동,202606,연립다세대_전월세,INYOURScheongdam,청담동,59-20,46.43,,50000,125,2,25,2022,신규,26.08~28.08,,,,,
강남구,11680,논현동,202606,연립다세대_전월세,위너스하임,논현동,232-16,26.94,,25935,35,6,26,2016,갱신,26.08~28.08,24300.0,35.0,,,
강남구,11680,대치동,202606,연립다세대_전월세,(925-4),대치동,925-4,101.88,,10000,157,4,21,2002,신규,26.08~27.08,,,,,
강남구,11680,역삼동,202606,연립다세대_전월세,위너스빌,역삼동,741-33,29.7,,1000,98,2,15,2003,신규,26.06~27.06,,,,,
강남구,11680,청담동,202606,연립다세대_전월세,청담JVill,청담동,16-11,26.11,,1000,110,2,3,2007,신규,26.06~28.06,,,,,
강남구,11680,논현동,202606,연립다세대_전월세,(167-22),논현동,167-22,29.88,,1000,125,3,13,2015,신규,26.08~28.08,,,,,
강남구,11680,역삼동,202606,연립다세대_전월세,마이플레이스,역삼동,792-7,36.27,,34000,6,6,15,2018,갱신,26.07~28.07,33000.0,6.0,사용,,
강남구,11680,논현동,202606,연립다세대_전월세,백년빌,논현동,158-26,29.44,,6192,28,3,9,2021,신규,26.06~28.08,,,,,
강남구,11680,역삼동,202606,연립다세대_전월세,케이앤엘하우스,역삼동,660-5,16.33,,1000,54,1,22,2013,신규,26.08~27.07,,,,,
강남구,11680,역삼동,202606,연립다세대_전월세,집앤사파시앙스,역삼동,780-11,24.47,,40000,0,4,16,2026,신규,26.07~28.07,,,,,
강남구,11680,논현동,202606,연립다세대_전월세,동화상가,논현동,122-8,29.99,,1000,77,3,29,2012,신규,26.08~27.08,,,,,
강남구,11680,역삼동,202606,연립다세대_전월세,샤인빌,역삼동,749-17,36.68,,23100,0,2,9,2002,신규,26.07~28.07,,,,,
강남구,11680,도곡동,202606,연립다세대_전월세,영산빌리지,도곡동,413-9,16.81,,1000,60,4,15,2013,신규,26.08~27.07,,,,,
강남구,11680,도곡동,202606,연립다세대_전월세,비스킷,도곡동,947-10,14.38,,5000,30,2,25,2013,신규,26.08~28.08,,,,,
강남구,11680,일원동,202606,연립다세대_전월세,649-8,일원동,649-8,22.75,,27500,0,1,29,2020,신규,26.07~28.07,,,,,
강남구,11680,논현동,202606,연립다세대_전월세,마마아트빌라,논현동,177-4,76.98,,20000,59,3,22,1992,갱신,26.08~28.08,20000.0,53.0,,,
강남구,11680,역삼동,202606,연립다세대_전월세,(664-27),역삼동,664-27,40.09,,15000,0,2,18,2012,신규,26.08~28.08,,,,,
강남구,11680,신사동,202606,연립다세대_전월세,연우재,신사동,560-16,20.73,,9370,0,3,25,2012,신규,26.08~28.08,,,,,
강남구,11680,역삼동,202606,연립다세대_전월세,(725-58),역삼동,725-58,67.86,,15000,200,3,11,2003,신규,26.07~28.07,,,,,
강남구,11680,논현동,202606,연립다세대_전월세,좋은사람좋은집(229-3),논현동,229-3,37.64,,12000,44,2,4,2002,갱신,26.08~28.08,12000.0,44.0,사용,,
강남구,11680,대치동,202606,연립다세대_전월세,남양주택,대치동,979-18,63.36,,40000,0,1,17,1991,신규,26.07~28.07,,,,,
강남구,11680,역삼동,202606,연립다세대_전월세,cellovill,역삼동,792-57,47.04,,2000,66,3,26,2001,신규,26.07~27.07,,,,,
강남구,11680,도곡동,202606,연립다세대_전월세,삼성빌라,도곡동,188-1,84.86,,38000,91,3,18,2001,갱신,26.08~28.08,35000.0,100.0,,,
강남구,11680,역삼동,202606,연립다세대_전월세,다솜,역삼동,774-42,28.48,,35000,0,3,26,2021,신규,26.08~28.08,,,,,
강남구,11680,대치동,202606,연립다세대_전월세,(911-4),대치동,911-4,33.69,,1000,150,3,12,2010,신규,26.07~28.07,,,,,
강남구,11680,논현동,202606,연립다세대_전월세,(219-15),논현동,219-15,37.37,,1000,98,2,12,2004,신규,26.06~28.06,,,,,
강남구,11680,삼성동,202606,연립다세대_전월세,그린빌,삼성동,125-6,52.55,,38150,0,4,25,2003,갱신,26.08~28.08,36350.0,,,,
강남구,11680,대치동,202606,연립다세대_전월세,클라인하우제영진,대치동,928-11,17.62,,1000,61,5,13,2022,갱신,26.06~27.06,1000.0,59.0,,,
강남구,11680,대치동,202606,연립다세대_전월세,도성하이츠빌,대치동,914-14,76.49,,65000,0,2,13,2002,신규,26.07~28.07,,,,,
강남구,11680,삼성동,202606,연립다세대_전월세,스위트빌,삼성동,40-11,23.4,,8000,38,4,30,2002,신규,26.08~28.08,,,,,
강남구,11680,역삼동,202606,연립다세대_전월세,가델,역삼동,695-31,51.53,,300,190,3,26,2004,신규,26.07~26.09,,,,,
강남구,11680,논현동,202606,연립다세대_전월세,한스빌(253-3),논현동,253-3,48.23,,2000,155,3,10,2002,신규,26.06~27.06,,,,,
강남구,11680,도곡동,202606,연립다세대_전월세,(451-3),도곡동,451-3,22.2,,1000,75,2,25,2012,갱신,26.06~28.06,1000.0,75.0,,,
강남구,11680,역삼동,202606,연립다세대_전월세,역삼동644-12공동주택,역삼동,644-12,28.97,,27200,0,1,26,2014,갱신,26.08~28.08,26200.0,,,,
강남구,11680,대치동,202606,연립다세대_전월세,샤니빌,대치동,896-47,35.28,,1000,85,2,16,2002,신규,26.07~27.07,,,,,
강남구,11680,역삼동,202606,연립다세대_전월세,(685-1),역삼동,685-1,29.89,,27200,0,2,25,2017,갱신,26.10~28.09,27200.0,,,,
강남구,11680,청담동,202606,연립다세대_전월세,청담동16-10공동주택,청담동,16-10,39.46,,5000,165,2,18,2013,신규,26.07~28.07,,,,,
강남구,11680,역삼동,202606,연립다세대_전월세,원빌,역삼동,657-29,59.27,,2000,140,1,29,2000,신규,26.07~27.07,,,,,
강남구,11680,대치동,202606,연립다세대_전월세,남서울빌라(917-21),대치동,917-21,53.22,,2000,128,3,15,2004,신규,26.07~28.07,,,,,
강남구,11680,신사동,202606,연립다세대_전월세,(508-11),신사동,508-11,27.98,,1000,90,5,26,2012,신규,26.07~28.07,,,,,
강남구,11680,개포동,202606,연립다세대_전월세,골든강남빌,개포동,1264-4,43.74,,40490,0,4,6,2015,신규,26.07~28.07,,,,,
강남구,11680,삼성동,202606,연립다세대_전월세,삼성동좋은사람좋은집(40-7),삼성동,40-7,38.42,,1000,105,4,9,2004,신규,26.07~28.07,,,,,
강남구,11680,대치동,202606,연립다세대_전월세,킴스빌,대치동,896-39,33.6,,1000,75,2,15,2001,신규,26.07~27.07,,,,,
강남구,11680,역삼동,202606,연립다세대_전월세,은성주택,역삼동,774-9,36.88,,6000,100,1,12,1995,신규,26.06~28.06,,,,,
강남구,11680,일원동,202606,연립다세대_전월세,일원동648-12공동주택,일원동,648-12,26.06,,30000,5,3,5,2022,갱신,26.07~28.07,30000.0,5.0,,,
강남구,11680,논현동,202606,연립다세대_전월세,효성가든빌라,논현동,177-15,117.95,,10000,310,3,29,1990,신규,26.07~28.07,,,,,
강남구,11680,역삼동,202606,연립다세대_전월세,제이플러스,역삼동,687-8,26.1,,1000,103,2,26,2015,신규,26.07~27.07,,,,,
강남구,11680,대치동,202606,연립다세대_전월세,예담빌,대치동,957-19,56.05,,34000,2,4,8,2002,갱신,26.08~28.07,30000.0,11.0,,,
강남구,11680,논현동,202606,연립다세대_전월세,동화상가,논현동,122-8,29.99,,1000,113,6,27,2012,신규,26.07~27.06,,,,,
강남구,11680,역삼동,202606,연립다세대_전월세,(659-16),역삼동,659-16,47.7,,2000,121,4,27,2004,갱신,26.07~28.07,2000.0,110.0,,,
강남구,11680,역삼동,202606,연립다세대_전월세,동우빌딩,역삼동,784-13,16.37,,1000,76,3,27,2012,갱신,26.07~27.07,1000.0,72.0,,,
강남구,11680,역삼동,202606,연립다세대_전월세,역삼빌라B(745-4),역삼동,745-4,34.95,,3000,130,1,23,1988,신규,26.07~28.07,,,,,
강남구,11680,대치동,202606,연립다세대_전월세,스톤빌리지,대치동,934-2,29.95,,3000,170,4,11,2016,신규,26.07~28.07,,,,,
강남구,11680,역삼동,202606,연립다세대_전월세,동우빌딩,역삼동,784-13,12.72,,1000,69,5,26,2012,갱신,26.07~27.07,1000.0,66.0,,,
강남구,11680,개포동,202606,연립다세대_전월세,11932,개포동,1193-2,22.78,,1000,80,3,23,2013,신규,26.07~28.07,,,,,
강남구,11680,역삼동,202606,연립다세대_전월세,(685-1),역삼동,685-1,28.95,,200,136,3,20,2017,신규,26.06~26.09,,,,,
강남구,11680,삼성동,202606,연립다세대_전월세,리젠시타운(B동),삼성동,92-3,202.62,,100000,0,2,19,1991,신규,26.10~28.10,,,,,
강남구,11680,삼성동,202606,연립다세대_전월세,벨르빌,삼성동,121,25.97,,19600,0,4,25,2001,갱신,26.06~28.06,18700.0,,,,
강남구,11680,청담동,202606,연립다세대_전월세,청담로얄스위트,청담동,16-18,73.5,,3000,122,2,19,2008,신규,26.07~28.07,,,,,
강남구,11680,도곡동,202606,연립다세대_전월세,955-7,도곡동,955-7,17.71,,1000,65,5,24,2012,신규,26.07~27.07,,,,,
강남구,11680,역삼동,202606,연립다세대_전월세,풍성애뜨란,역삼동,766-10,28.26,,43000,0,6,2,2018,신규,26.07~28.07,,,,,
강남구,11680,삼성동,202606,연립다세대_전월세,해피하우스(118-22),삼성동,118-22,26.46,,3000,62,2,10,2002,신규,26.07~27.07,,,,,
강남구,11680,논현동,202606,연립다세대_전월세,리치빌(75-11),논현동,75-11,67.22,,5000,158,1,10,2001,신규,26.07~27.07,,,,,
강남구,11680,논현동,202606,연립다세대_전월세,영빌라트A동,논현동,64-4,38.94,,3000,180,5,20,2018,신규,26.07~27.07,,,,,
강남구,11680,일원동,202606,연립다세대_전월세,(625-3),일원동,625-3,52.45,,10000,130,2,4,2006,신규,26.07~27.07,,,,,
강남구,11680,일원동,202606,연립다세대_전월세,다세대주택,일원동,631,45.12,,2000,46,1,15,1986,신규,26.07~28.07,,,,,
강남구,11680,개포동,202606,연립다세대_전월세,(1263-7),개포동,1263-7,51.95,,24000,20,2,27,2012,갱신,26.09~28.09,24000.0,15.0,사용,,
강남구,11680,역삼동,202606,연립다세대_전월세,수림하우스,역삼동,673-14,26.16,,1000,100,5,11,2002,신규,26.07~27.07,,,,,
강남구,11680,역삼동,202606,연립다세대_전월세,다올2차,역삼동,745-35,29.07,,1000,170,3,29,2019,갱신,26.07~27.07,1000.0,162.0,사용,,
강남구,11680,역삼동,202606,연립다세대_전월세,그레이스빌(774-15),역삼동,774-15,22.77,,1000,80,4,26,2013,갱신,26.06~27.06,1000.0,79.0,,,
강남구,11680,논현동,202606,연립다세대_전월세,동화상가,논현동,122-8,29.99,,1000,113,7,27,2012,신규,26.07~27.07,,,,,
강남구,11680,논현동,202606,연립다세대_전월세,L-House,논현동,174-19,14.86,,250,125,5,26,2016,신규,26.06~26.09,,,,,
강남구,11680,논현동,202606,연립다세대_전월세,상아빌라,논현동,10-3,42.17,,10000,70,2,4,2002,신규,26.07~28.07,,,,,
강남구,11680,개포동,202606,연립다세대_전월세,W하우스2,개포동,1234-10,16.76,,2000,93,4,27,2013,신규,26.07~28.07,,,,,
강남구,11680,논현동,202606,연립다세대_전월세,동광팰리스B동,논현동,230-11,27.63,,31700,0,2,27,2016,신규,26.07~28.07,,,,,
강남구,11680,대치동,202606,연립다세대_전월세,대치모두가,대치동,925-15,25.26,,30450,0,5,13,2017,신규,26.07~28.07,,,,,
강남구,11680,논현동,202606,연립다세대_전월세,L-House,논현동,174-19,21.42,,150,100,4,12,2016,신규,26.06~26.09,,,,,
강남구,11680,논현동,202606,연립다세대_전월세,더엘(TheL),논현동,267-7,26.02,,1000,110,2,23,2014,신규,26.07~27.07,,,,,
강남구,11680,역삼동,202606,연립다세대_전월세,(659-16),역삼동,659-16,47.7,,2000,121,4,27,2004,신규,26.07~28.07,,,,,
강남구,11680,역삼동,202606,연립다세대_전월세,(781-24),역삼동,781-24,34.15,,2000,57,1,27,2003,신규,26.07~28.07,,,,,
강남구,11680,도곡동,202606,연립다세대_전월세,도곡리치빌1동,도곡동,200-21,78.62,,50000,70,3,21,2004,신규,26.11~28.11,,,,,
강남구,11680,논현동,202606,연립다세대_전월세,금산빌,논현동,78-21,25.45,,2000,75,3,16,2004,갱신,26.06~28.06,1000.0,80.0,,,
강남구,11680,논현동,202606,연립다세대_전월세,매린하임(MelinHeim),논현동,179-20,29.75,,1500,143,5,10,2016,신규,26.07~27.07,,,,,
강남구,11680,대치동,202606,연립다세대_전월세,우주빌라,대치동,929-16,52.3,,2800,151,5,10,2002,신규,26.07~27.07,,,,,
강남구,11680,삼성동,202606,연립다세대_전월세,은탑파크빌,삼성동,114-34,83.56,,6000,295,1,16,1999,갱신,26.06~28.06,5000.0,280.0,,,
강남구,11680,삼성동,202606,연립다세대_전월세,(39-17),삼성동,39-17,52.86,,5000,162,2,30,2009,신규,26.07~28.07,,,,,
강남구,11680,대치동,202606,연립다세대_전월세,(894-12),대치동,894-12,30.69,,16538,0,2,10,2002,갱신,26.06~28.06,16538.0,,,,
강남구,11680,역삼동,202606,연립다세대_전월세,콤포트빌,역삼동,687-17,30.67,,2000,86,1,25,2001,신규,26.07~28.07,,,,,
강남구,11680,개포동,202606,연립다세대_전월세,중앙클래식하우스7차,개포동,1171-2,27.22,,29300,0,3,9,2017,신규,26.07~28.07,,,,,
강남구,11680,개포동,202606,연립다세대_전월세,다세대주택(16세대),개포동,1242-6,32.28,,14360,0,4,27,1997,신규,26.08~28.07,,,,,
강남구,11680,역삼동,202606,연립다세대_전월세,리츠하우스,역삼동,728-17,17.84,,500,60,2,15,2011,신규,26.06~27.06,,,,,
강남구,11680,대치동,202606,연립다세대_전월세,(926-17),대치동,926-17,27,,5000,46,4,23,2008,신규,26.07~28.07,,,,,
강남구,11680,역삼동,202606,연립다세대_전월세,꿈꾸지오,역삼동,774-27,24.73,,24100,0,4,17,2018,신규,26.08~28.08,,,,,
강남구,11680,대치동,202606,연립다세대_전월세,대치심스빌,대치동,928-21,38.59,,1000,87,4,19,2002,갱신,26.07~27.07,1000.0,83.0,,,
강남구,11680,논현동,202606,연립다세대_전월세,송파빌딩,논현동,24-4,31.89,,1000,108,3,24,2013,신규,26.07~28.07,,,,,
강남구,11680,논현동,202606,연립다세대_전월세,논현빌2차,논현동,185-10,17.73,,14000,0,3,4,2013,신규,26.07~28.07,,,,,
강남구,11680,대치동,202606,연립다세대_전월세,sunnytower,대치동,929-21,35.12,,1000,68,1,28,2000,갱신,26.08~28.08,1000.0,68.0,,,
강남구,11680,논현동,202606,연립다세대_전월세,파인시티,논현동,223-2,16.32,,1000,85,4,2,2012,신규,26.07~27.06,,,,,
강남구,11680,논현동,202606,연립다세대_전월세,청계빌라,논현동,184-8,36,,1000,67,2,26,2002,신규,26.07~27.07,,,,,
강남구,11680,논현동,202606,연립다세대_전월세,(244-15),논현동,244-15,22.64,,3000,170,2,15,2017,신규,26.06~28.06,,,,,
강남구,11680,개포동,202606,연립다세대_전월세,밸리하우스,개포동,1262-3,54.58,,3000,140,4,30,2001,신규,26.08~28.08,,,,,
강남구,11680,논현동,202606,연립다세대_전월세,꿈꾸지오(269-1),논현동,269-1,28.46,,30000,25,4,4,2019,갱신,26.08~28.08,30000.0,20.0,,,
강남구,11680,논현동,202606,연립다세대_전월세,노블레스빌딩,논현동,133-11,33.87,,1000,105,3,17,2009,신규,26.07~28.06,,,,,
강남구,11680,역삼동,202606,연립다세대_전월세,로즈빌,역삼동,792-34,39.95,,2000,90,3,15,2002,신규,26.07~28.07,,,,,
강남구,11680,역삼동,202606,연립다세대_전월세,(685-12),역삼동,685-12,22.81,,25000,0,4,24,2017,신규,26.08~28.08,,,,,
강남구,11680,역삼동,202606,연립다세대_전월세,revehouse(774-18),역삼동,774-18,17.74,,8400,0,2,6,2010,신규,26.07~27.07,,,,,
강남구,11680,대치동,202606,연립다세대_전월세,모닝빌,대치동,898-17,40.47,,2000,70,4,24,2002,신규,26.07~28.07,,,,,
강남구,11680,대치동,202606,연립다세대_전월세,SEIN,대치동,956-18,22.96,,1000,63,3,10,2002,신규,26.07~28.07,,,,,
강남구,11680,역삼동,202606,연립다세대_전월세,(749-11),역삼동,749-11,41.7,,1000,72,1,27,2002,신규,26.07~27.07,,,,,
강남구,11680,일원동,202606,연립다세대_전월세,라루체,일원동,634-9,15.7,,21500,0,2,22,2020,신규,26.07~28.07,,,,,
강남구,11680,역삼동,202606,연립다세대_전월세,역삼에르스떼,역삼동,751-6,26.45,,16503,25,6,10,2019,갱신,26.07~28.06,15997.0,25.0,,,
강남구,11680,논현동,202606,연립다세대_전월세,이건빌라,논현동,183-17,50.94,,15000,150,3,30,1991,신규,26.07~28.07,,,,,
강남구,11680,대치동,202606,연립다세대_전월세,킴스빌,대치동,896-39,31.5,,3000,22,-1,10,2001,신규,26.07~28.07,,,,,
강남구,11680,역삼동,202606,연립다세대_전월세,꿈꾸지오(698-6),역삼동,698-6,27.77,,30000,15,2,30,2017,신규,26.07~28.07,,,,,
강남구,11680,논현동,202606,연립다세대_전월세,"훈.,홍진,빌",논현동,146-8,23.01,,2000,89,3,30,2016,신규,26.07~28.07,,,,,
강남구,11680,삼성동,202606,연립다세대_전월세,선라이즈빌,삼성동,10-26,34.67,,23800,12,2,17,2002,갱신,26.08~28.08,22600.0,12.0,,,
강남구,11680,개포동,202606,연립다세대_전월세,아름다운집,개포동,660-23,45.6,,1000,115,3,14,2012,갱신,26.06~27.06,1000.0,106.0,,,
강남구,11680,역삼동,202606,연립다세대_전월세,빛누리하우스,역삼동,794-22,40.62,,300,104,2,9,2003,갱신,26.06~27.06,300.0,96.0,,,
강남구,11680,논현동,202606,연립다세대_전월세,벨뷰논현,논현동,173-7,25.46,,30000,0,6,28,2022,신규,26.08~28.08,,,,,
강남구,11680,개포동,202606,연립다세대_전월세,한빛빌라(166-2),개포동,166-2,39.7,,27000,5,2,30,2004,갱신,26.08~28.08,27000.0,,,,
강남구,11680,논현동,202606,연립다세대_전월세,토미빌,논현동,75-10,164.66,,70000,43,4,23,2002,갱신,26.06~27.06,70000.0,43.0,,,
강남구,11680,논현동,202606,연립다세대_전월세,근정,논현동,149-30,30.41,,5000,89,4,13,2012,갱신,26.08~27.08,5000.0,84.0,,,
강남구,11680,역삼동,202606,연립다세대_전월세,(834-74),역삼동,834-74,28.07,,20000,26,4,30,2010,신규,26.08~27.08,,,,,
강남구,11680,역삼동,202606,연립다세대_전월세,토경아트빌(687-13),역삼동,687-13,25.56,,13650,0,2,9,2001,신규,26.07~28.07,,,,,
강남구,11680,삼성동,202606,연립다세대_전월세,VENN,삼성동,85-22,58.0225,,15000,280,2,2,2017,신규,26.07~28.07,,,,,
강남구,11680,개포동,202606,연립다세대_전월세,1213,개포동,1213,45.52,,37000,60,5,13,2016,신규,26.07~28.07,,,,,
강남구,11680,논현동,202606,연립다세대_전월세,라인빌리지(149-18),논현동,149-18,18.84,,15100,0,3,27,2012,신규,26.07~28.07,,,,,
강남구,11680,역삼동,202606,연립다세대_전월세,657-27,역삼동,657-27,29.27,,1000,120,2,16,2015,신규,26.07~27.07,,,,,
강남구,11680,대치동,202606,연립다세대_전월세,영빌리지,대치동,898-21,31.71,,1000,98,2,18,2004,신규,26.06~27.06,,,,,
강남구,11680,논현동,202606,연립다세대_전월세,"훈.,홍진,빌",논현동,146-8,26.1,,1500,86,3,12,2016,신규,26.07~28.07,,,,,
강남구,11680,논현동,202606,연립다세대_전월세,준빌라,논현동,33-1,31.7,,1000,80,2,23,2001,신규,26.07~27.07,,,,,
강남구,11680,삼성동,202606,연립다세대_전월세,호원하우스,삼성동,24-4,27.11,,1000,65,3,25,2002,신규,26.07~27.07,,,,,
강남구,11680,삼성동,202606,연립다세대_전월세,모던팰리스,삼성동,36-21,31.98,,2000,102,5,2,2000,신규,26.06~28.06,,,,,
강남구,11680,삼성동,202606,연립다세대_전월세,(30-5),삼성동,30-5,42.81,,20000,2,2,8,2002,갱신,26.06~28.06,20000.0,2.0,,,
강남구,11680,역삼동,202606,연립다세대_전월세,역삼드림e빌,역삼동,656-29,14.12,,13000,25,5,29,2013,신규,26.07~28.07,,,,,
강남구,11680,일원동,202606,연립다세대_전월세,모던팰리스,일원동,622-1,37,,35700,0,2,27,2020,갱신,26.08~28.08,35700.0,,,,
강남구,11680,개포동,202606,연립다세대_전월세,네잎클로버,개포동,1196-8,59.85,,35500,0,3,27,2015,신규,26.09~28.09,,,,,
강남구,11680,역삼동,202606,연립다세대_전월세,제니스타워,역삼동,781-5,13.36,,1000,69,3,28,2013,신규,26.07~28.07,,,,,
강남구,11680,역삼동,202606,연립다세대_전월세,두산위브파빌리온역삼,역삼동,782,56.091,,5000,490,6,22,2025,신규,26.07~28.07,,,,,
강남구,11680,논현동,202606,연립다세대_전월세,센트럴빌,논현동,151-16,34.37,,2000,77,5,9,2002,신규,26.07~28.07,,,,,
강남구,11680,청담동,202606,연립다세대_전월세,청담원빌,청담동,16-6,40.48,,3000,189,3,15,2016,갱신,26.07~28.07,3000.0,190.0,,,
강남구,11680,대치동,202606,연립다세대_전월세,피라니아빌리지,대치동,898-9,22.05,,1000,73,1,24,2001,신규,26.07~27.07,,,,,
강남구,11680,역삼동,202606,연립다세대_전월세,토미하우스,역삼동,750-23,38.94,,2000,143,4,6,2011,신규,26.07~28.07,,,,,
강남구,11680,신사동,202606,연립다세대_전월세,(559-35),신사동,559-35,54.82,,5000,130,1,27,1986,갱신,26.07~28.07,5000.0,125.0,사용,,
강남구,11680,삼성동,202606,연립다세대_전월세,(46-3),삼성동,46-3,29,,2000,53,2,23,2002,신규,26.07~28.07,,,,,
강남구,11680,대치동,202606,연립다세대_전월세,파인빌,대치동,954-15,106.25,,47000,56,5,2,2004,신규,26.07~28.07,,,,,
강남구,11680,청담동,202606,연립다세대_전월세,충무빌라,청담동,70-13,49.89,,20000,67,1,24,1988,갱신,26.07~28.07,20000.0,64.0,사용,,
강남구,11680,논현동,202606,연립다세대_전월세,힐하우스,논현동,72-12,30.93,,5000,100,3,18,2000,신규,26.07~27.07,,,,,
강남구,11680,역삼동,202606,연립다세대_전월세,서전빌,역삼동,697-21,53.01,,12000,140,3,19,2004,신규,26.07~28.07,,,,,
강남구,11680,역삼동,202606,연립다세대_전월세,(792-24),역삼동,792-24,48.91,,17325,0,3,27,2002,갱신,26.08~28.08,17325.0,,,,
강남구,11680,대치동,202606,연립다세대_전월세,(916-81),대치동,916-81,51.69,,35000,50,3,26,2003,갱신,26.07~28.07,35000.0,50.0,,,
강남구,11680,역삼동,202606,연립다세대_전월세,697-40,역삼동,697-40,30,,30000,20,4,13,2016,신규,26.09~28.09,,,,,
강남구,11680,역삼동,202606,연립다세대_전월세,예원하이빌,역삼동,766-7,28.91,,2000,69,4,13,2000,신규,26.07~28.06,,,,,
강남구,11680,역삼동,202606,연립다세대_전월세,서전빌,역삼동,697-21,53.01,,12000,140,3,19,2004,신규,26.07~28.07,,,,,
강남구,11680,논현동,202606,연립다세대_전월세,동화상가,논현동,122-8,29.99,,1000,100,4,15,2012,신규,26.06~27.06,,,,,
강남구,11680,역삼동,202606,연립다세대_전월세,쉐누,역삼동,658-15,34.71,,48800,15,4,30,2019,신규,26.09~28.09,,,,,
강남구,11680,삼성동,202606,연립다세대_전월세,진주빌,삼성동,124-13,75.39,,2000,115,3,26,2002,신규,26.07~28.07,,,,,
강남구,11680,논현동,202606,연립다세대_전월세,강림하우스,논현동,37-5,31.29,,1000,100,2,10,2002,신규,26.06~27.06,,,,,
강남구,11680,개포동,202606,연립다세대_전월세,녹경,개포동,1262-2,67.53,,30000,0,-1,15,1997,신규,26.07~28.07,,,,,
강남구,11680,대치동,202606,연립다세대_전월세,다세대주택,대치동,900-35,35.17,,2000,94,1,12,1994,신규,26.07~28.07,,,,,
강남구,11680,청담동,202606,연립다세대_전월세,월드빌리지,청담동,123,72.32,,68000,0,2,20,1991,신규,26.07~28.07,,,,,
강남구,11680,역삼동,202606,연립다세대_전월세,강남IBC오피스텔,역삼동,648-1,23.61,,1000,97,12,16,1987,신규,26.06~27.06,,,,,
강남구,11680,세곡동,202606,연립다세대_전월세,세곡동372공동주택,세곡동,372,82.8,,5000,273,2,24,2018,갱신,26.07~28.07,5000.0,260.0,사용,,
강남구,11680,논현동,202606,연립다세대_전월세,비스하우스,논현동,259-7,26.24,,21877,0,2,12,2012,갱신,26.07~28.07,20837.0,,사용,,
강남구,11680,역삼동,202606,연립다세대_전월세,삼하빌라트,역삼동,695,33.13,,20000,0,4,26,2002,신규,26.08~28.08,,,,,
강남구,11680,논현동,202606,연립다세대_전월세,엠오에이(MoA),논현동,110-15,31.55,,0,140,5,26,2013,신규,26.07~26.10,,,,,
강남구,11680,삼성동,202606,연립다세대_전월세,피카소,삼성동,48-7,29.32,,10000,190,3,20,2022,신규,26.07~28.07,,,,,
강남구,11680,역삼동,202606,연립다세대_전월세,기린하우스V,역삼동,830-6,35.65,,1000,120,3,23,2002,신규,26.06~27.06,,,,,
강남구,11680,역삼동,202606,연립다세대_전월세,역삼백년빌(656-5),역삼동,656-5,27.75,,200,90,3,30,2011,신규,26.07~26.09,,,,,
강남구,11680,신사동,202606,연립다세대_전월세,HYUN657,신사동,657-40,23.39,,1500,135,3,25,2019,신규,26.06~27.06,,,,,
강남구,11680,도곡동,202606,연립다세대_전월세,원진,도곡동,414-8,36.12,,1000,55,2,18,1988,신규,26.07~28.07,,,,,
강남구,11680,대치동,202606,연립다세대_전월세,지평텔,대치동,900-46,31.11,,8000,54,3,13,2001,신규,26.07~28.07,,,,,
강남구,11680,논현동,202606,연립다세대_전월세,(131-29),논현동,131-29,16.57,,1000,70,5,12,2013,신규,26.07~28.07,,,,,
강남구,11680,청담동,202606,연립다세대_전월세,드림빌,청담동,40-13,57.61,,16000,59,4,26,2007,갱신,26.07~28.07,26000.0,17.0,,,
강남구,11680,역삼동,202606,연립다세대_전월세,스톤엘리시온역삼,역삼동,790-9,28.12,,51000,0,8,9,2021,신규,26.08~28.09,,,,,
강남구,11680,대치동,202606,연립다세대_전월세,대치파인빌,대치동,900-38,32.4,,1000,44,2,13,1995,신규,26.07~27.07,,,,,
강남구,11680,개포동,202606,연립다세대_전월세,"다세대3세대(3,4층은복층)",개포동,1233-14,47.38,,30000,10,2,24,2002,신규,26.07~28.07,,,,,
강남구,11680,일원동,202606,연립다세대_전월세,다움리치빌,일원동,627-2,40.34,,20000,98,3,11,2017,신규,26.07~28.07,,,,,
강남구,11680,삼성동,202606,연립다세대_전월세,테크빌,삼성동,71-3,38.42,,23000,0,2,30,2002,갱신,26.06~28.06,23000.0,,,,
강남구,11680,논현동,202606,연립다세대_전월세,PARK'SVILLE,논현동,72-3,35.22,,2000,83,1,5,2002,신규,26.07~28.07,,,,,
강남구,11680,역삼동,202606,연립다세대_전월세,(697-42),역삼동,697-42,19.7,,3000,135,4,19,2013,신규,26.07~28.06,,,,,
강남구,11680,역삼동,202606,연립다세대_전월세,역삼로제캐슬,역삼동,778-4,29.02,,31000,0,4,27,2022,갱신,26.07~28.07,30000.0,,사용,,
강남구,11680,역삼동,202606,연립다세대_전월세,HELENHILL,역삼동,643-13,27.65,,1000,151,4,8,2016,신규,26.07~27.07,,,,,
강남구,11680,역삼동,202606,연립다세대_전월세,시공아트빌,역삼동,781-30,45.94,,1000,66,4,26,2001,신규,26.07~28.06,,,,,
강남구,11680,대치동,202606,연립다세대_전월세,(933-13),대치동,933-13,96.92,,50000,230,2,29,2003,신규,26.09~28.09,,,,,
강남구,11680,청담동,202606,연립다세대_전월세,청운(70-3),청담동,70-3,66.15,,10000,103,3,15,1991,신규,26.06~28.06,,,,,
강남구,11680,역삼동,202606,연립다세대_전월세,두산위브파빌리온역삼,역삼동,782,47.071,,3000,340,3,4,2025,신규,26.06~27.06,,,,,
강남구,11680,역삼동,202606,연립다세대_전월세,제이에스빌,역삼동,624-39,56.78,,5000,200,2,11,2014,신규,26.07~28.07,,,,,
강남구,11680,역삼동,202606,연립다세대_전월세,(664-27),역삼동,664-27,41.5,,20000,40,4,9,2012,신규,26.08~28.08,,,,,
강남구,11680,논현동,202606,연립다세대_전월세,ASTRO,논현동,272-17,34.3,,45150,0,5,9,2022,갱신,26.07~28.07,43000.0,,사용,,
강남구,11680,역삼동,202606,연립다세대_전월세,두산위브파빌리온역삼,역삼동,782,47.071,,3000,350,5,22,2025,신규,26.06~27.06,,,,,
강남구,11680,논현동,202606,연립다세대_전월세,223-1,논현동,223-1,24.17,,2000,160,3,25,2021,신규,26.06~27.06,,,,,
강남구,11680,삼성동,202606,연립다세대_전월세,(69-6),삼성동,69-6,33.96,,1500,60,3,12,2002,신규,26.06~28.06,,,,,
강남구,11680,역삼동,202606,연립다세대_전월세,진양하우스,역삼동,693-1,28.71,,1000,85,3,26,2002,갱신,26.06~27.06,1000.0,85.0,,,
강남구,11680,논현동,202606,연립다세대_전월세,(107-50),논현동,107-50,26.45,,28000,0,3,24,2018,신규,26.08~28.08,,,,,
강남구,11680,청담동,202606,연립다세대_전월세,그린하임,청담동,26-21,28.8,,1000,61,-1,6,2011,신규,26.06~27.06,,,,,
강남구,11680,역삼동,202606,연립다세대_전월세,풍성애뜨란,역삼동,766-10,25.69,,300,193,6,12,2018,신규,26.07~26.08,,,,,
강남구,11680,삼성동,202606,연립다세대_전월세,써지쿨빌딩,삼성동,150-2,49.62,,2000,112,5,25,2003,신규,26.07~27.07,,,,,
강남구,11680,대치동,202606,연립다세대_전월세,(916-39),대치동,916-39,16.38,,20000,24,4,28,2013,갱신,26.06~28.06,20000.0,24.0,,,
강남구,11680,논현동,202606,연립다세대_전월세,하우트리스,논현동,57-1,29.73,,2000,174,4,8,2022,신규,26.06~27.06,,,,,
강남구,11680,역삼동,202606,연립다세대_전월세,(704-37),역삼동,704-37,27.81,,16065,0,3,19,2011,갱신,26.06~28.06,15300.0,,,,
강남구,11680,삼성동,202606,연립다세대_전월세,유엔미스페이스,삼성동,125-16,31.87,,1000,107,4,17,2001,신규,26.06~28.06,,,,,
강남구,11680,역삼동,202606,연립다세대_전월세,아네스빌,역삼동,749-6,38.04,,36750,0,3,28,2017,갱신,26.07~27.07,35000.0,,,,
강남구,11680,개포동,202606,연립다세대_전월세,(164-4),개포동,164-4,65.9,,10000,130,3,22,2003,신규,26.07~28.07,,,,,
강남구,11680,대치동,202606,연립다세대_전월세,세도나,대치동,903-6,28.24,,13500,12,4,30,2002,신규,26.07~28.07,,,,,
강남구,11680,대치동,202606,연립다세대_전월세,주택,대치동,916-59,41.77,,5000,115,4,6,1996,신규,26.06~28.06,,,,,
강남구,11680,신사동,202606,연립다세대_전월세,스카이빌,신사동,594-20,22.79,,16537,3,3,1,2013,갱신,26.06~28.06,16537.0,,사용,,
강남구,11680,대치동,202606,연립다세대_전월세,(898-29),대치동,898-29,75.81,,150,150,4,9,2001,신규,26.06~28.06,,,,,
강남구,11680,삼성동,202606,연립다세대_전월세,삼성파크빌(27-14),삼성동,27-14,48.01,,3000,117,3,23,2004,갱신,26.07~27.07,3000.0,117.0,,,
강남구,11680,역삼동,202606,연립다세대_전월세,코지하우스,역삼동,792-75,27.86,,11000,10,2,29,2002,신규,26.08~28.08,,,,,
강남구,11680,논현동,202606,연립다세대_전월세,논현퍼스티움,논현동,160-4,28.28,,36000,0,2,29,2020,갱신,26.07~28.07,33000.0,,,,
강남구,11680,역삼동,202606,연립다세대_전월세,해오름빌,역삼동,827-72,12.48,,500,67,5,15,2013,신규,26.06~27.06,,,,,
강남구,11680,역삼동,202606,연립다세대_전월세,(749-11),역삼동,749-11,25.2,,1000,72,2,30,2002,신규,26.06~28.06,,,,,
강남구,11680,논현동,202606,연립다세대_전월세,모두가행복한집B,논현동,177-9,26.2,,33500,0,5,27,2020,갱신,26.08~28.08,32500.0,,,,
강남구,11680,논현동,202606,연립다세대_전월세,아이리스논현,논현동,270-35,23.48,,27300,0,4,3,2017,신규,26.06~28.06,,,,,
강남구,11680,논현동,202606,연립다세대_전월세,논현빌라(223-6),논현동,223-6,51.46,,27000,0,3,11,2002,신규,26.06~28.06,,,,,
강남구,11680,역삼동,202606,연립다세대_전월세,(776-27),역삼동,776-27,69.72,,5000,200,5,6,2004,신규,26.07~28.07,,,,,
강남구,11680,대치동,202606,연립다세대_전월세,썬빌,대치동,910-16,43.35,,26000,0,2,29,2004,갱신,26.09~28.09,25000.0,,사용,,
강남구,11680,일원동,202606,연립다세대_전월세,스타캐슬,일원동,625-10,19.41,,1000,50,2,18,2020,신규,26.06~28.06,,,,,
강남구,11680,대치동,202606,연립다세대_전월세,스테이원,대치동,916-43,29.96,,5000,240,2,17,2024,신규,26.06~27.06,,,,,
강남구,11680,대치동,202606,연립다세대_전월세,북클럭플레이스,대치동,927-24,17.425,,1000,114,3,27,2022,신규,26.06~27.06,,,,,
강남구,11680,역삼동,202606,연립다세대_전월세,(661-20),역삼동,661-20,28.05,,1000,84,4,22,2010,신규,26.07~28.07,,,,,
강남구,11680,대치동,202606,연립다세대_전월세,대치동공동주택,대치동,916-37,16.18,,13000,13,4,16,2011,신규,26.07~28.07,,,,,
강남구,11680,논현동,202606,연립다세대_전월세,엠오에이(MoA),논현동,110-15,32.51,,0,140,5,24,2013,신규,26.06~26.09,,,,,
강남구,11680,청담동,202606,연립다세대_전월세,(12-18),청담동,12-18,53.4,,20000,40,1,12,1988,신규,26.07~28.07,,,,,
강남구,11680,논현동,202606,연립다세대_전월세,(73-7),논현동,73-7,28.26,,30500,0,3,30,2013,갱신,26.08~28.08,29900.0,,,,
강남구,11680,논현동,202606,연립다세대_전월세,동광팰리스B동,논현동,230-11,27.63,,31700,0,2,27,2016,신규,26.07~28.07,,,,,
강남구,11680,삼성동,202606,연립다세대_전월세,(25-17),삼성동,25-17,30.61,,2000,100,3,24,2002,신규,26.06~28.06,,,,,
강남구,11680,역삼동,202606,연립다세대_전월세,역삼더하임,역삼동,774-40,28.74,,36500,0,2,27,2020,갱신,26.07~28.07,35500.0,,,,
강남구,11680,삼성동,202606,연립다세대_전월세,엘하우스,삼성동,31-12,26.85,,15800,44,2,3,2002,갱신,26.07~28.07,17000.0,36.0,,,
강남구,11680,역삼동,202606,연립다세대_전월세,BT빌딩,역삼동,795-6,29.85,,35000,0,2,30,2020,신규,26.08~28.08,,,,,
강남구,11680,대치동,202606,연립다세대_전월세,(928-3),대치동,928-3,42.38,,21000,0,5,27,2002,신규,26.08~28.08,,,,,
강남구,11680,대치동,202606,연립다세대_전월세,(926-1),대치동,926-1,73.19,,3000,120,4,27,2002,신규,26.08~28.08,,,,,
강남구,11680,대치동,202606,연립다세대_전월세,리치캐슬,대치동,930,52.52,,18522,0,2,30,2003,갱신,26.07~27.07,17640.0,,,,
강남구,11680,역삼동,202606,연립다세대_전월세,다솜,역삼동,774-42,28.48,,35000,0,3,26,2021,신규,26.08~28.08,,,,,
강남구,11680,역삼동,202606,연립다세대_전월세,모던클레식하우스,역삼동,796-15,33.6,,39700,0,3,27,2017,갱신,26.09~28.09,37900.0,,사용,,
강남구,11680,대치동,202606,연립다세대_전월세,동현빌딩,대치동,955-13,37.7,,30000,0,4,25,2005,신규,26.08~28.08,,,,,
강남구,11680,세곡동,202606,연립다세대_전월세,강남효성해링턴코트,세곡동,541,105.4698,,121000,19,1,11,2016,갱신,26.07~28.06,120000.0,,사용,,
강남구,11680,역삼동,202606,연립다세대_전월세,진성빌라트,역삼동,601-23,43.48,,1000,93,4,19,2002,신규,26.07~27.06,,,,,
강남구,11680,논현동,202606,연립다세대_전월세,아트힐A,논현동,177-36,32.39,,9260,0,-1,29,1995,갱신,26.08~28.08,8820.0,,,,
강남구,11680,역삼동,202606,연립다세대_전월세,로이코빌,역삼동,778-38,34.97,,48000,0,5,29,2018,신규,26.07~28.07,,,,,
강남구,11680,역삼동,202606,연립다세대_전월세,(685-3),역삼동,685-3,22.06,,1000,63,1,4,1998,신규,26.06~28.06,,,,,
강남구,11680,역삼동,202606,연립다세대_전월세,공간9차,역삼동,637-5,20.28,,17000,0,5,23,2017,신규,26.06~28.06,,,,,
강남구,11680,대치동,202606,연립다세대_전월세,서빈텔,대치동,901-18,29.5,,1000,75,3,10,2002,신규,26.06~28.06,,,,,
강남구,11680,삼성동,202606,연립다세대_전월세,(116-15),삼성동,116-15,18.36,,12000,0,3,29,2012,신규,26.06~28.06,,,,,
강남구,11680,역삼동,202606,연립다세대_전월세,마이플레이스,역삼동,745-23,28.92,,35100,0,6,29,2021,갱신,26.07~28.07,33500.0,,,,
강남구,11680,논현동,202606,연립다세대_전월세,187-16,논현동,187-16,29.86,,2000,180,4,6,2020,신규,26.06~27.06,,,,,
강남구,11680,논현동,202606,연립다세대_전월세,토미하우스(266-5),논현동,266-5,55.13,,10000,65,2,29,2000,신규,26.08~28.08,,,,,
강남구,11680,역삼동,202606,연립다세대_전월세,(827-52),역삼동,827-52,24.42,,2000,72,3,16,2002,신규,26.06~27.06,,,,,
강남구,11680,개포동,202606,연립다세대_전월세,네잎클로버,개포동,1196-8,59.85,,35500,0,3,27,2015,신규,26.08~28.08,,,,,
강남구,11680,논현동,202606,연립다세대_전월세,강림하우스,논현동,37-5,45,,3000,125,2,28,2002,신규,26.07~27.07,,,,,
강남구,11680,신사동,202606,연립다세대_전월세,(560-18),신사동,560-18,32.14,,5000,68,2,5,2001,신규,26.06~27.06,,,,,
강남구,11680,개포동,202606,연립다세대_전월세,한빛빌라(166-2),개포동,166-2,39.7,,23000,0,3,29,2004,갱신,26.06~28.06,21930.0,,사용,,
강남구,11680,논현동,202606,연립다세대_전월세,태원빌라트,논현동,39-6,27.17,,33000,0,6,17,2016,갱신,26.07~27.07,36000.0,,,,
강남구,11680,개포동,202606,연립다세대_전월세,아트빌라,개포동,1179-3,28.07,,13650,0,4,27,1993,갱신,26.08~28.08,13000.0,,사용,,
강남구,11680,역삼동,202606,연립다세대_전월세,pine-castle,역삼동,774-45,57.97,,30000,10,4,25,2003,신규,26.06~28.06,,,,,
강남구,11680,개포동,202606,연립다세대_전월세,동영빌,개포동,1195-10,25.39,,2366,31,3,29,2020,신규,26.07~28.09,,,,,
강남구,11680,역삼동,202606,연립다세대_전월세,그레이스빌(752-20),역삼동,752-20,29.24,,18900,0,2,24,2012,갱신,26.06~28.06,18900.0,,,,
강남구,11680,대치동,202606,연립다세대_전월세,(926-16),대치동,926-16,22.14,,3000,66,2,16,2012,신규,26.06~28.06,,,,,
강남구,11680,논현동,202606,연립다세대_전월세,174-4,논현동,174-4,27.56,,31000,0,2,14,2016,신규,26.07~28.07,,,,,
강남구,11680,대치동,202606,연립다세대_전월세,(916-81),대치동,916-81,51.69,,35000,50,3,26,2003,갱신,26.07~30.07,35000.0,50.0,,,
강남구,11680,개포동,202606,연립다세대_전월세,Artespace,개포동,1183-10,48.77,,20000,100,3,27,2021,신규,26.08~28.08,,,,,
강남구,11680,논현동,202606,연립다세대_전월세,SpringHill,논현동,38-13,29.87,,30000,31,3,29,2018,갱신,26.11~28.11,30000.0,25.0,,,
강남구,11680,역삼동,202606,연립다세대_전월세,스카이빌,역삼동,660-26,54.93,,1000,85,2,5,2001,신규,26.06~27.06,,,,,
강남구,11680,신사동,202606,연립다세대_전월세,스카이빌,신사동,594-20,22.79,,16537,3,3,1,2013,갱신,26.06~28.08,16537.0,,사용,,
강남구,11680,역삼동,202606,연립다세대_전월세,중앙클래식,역삼동,741-30,30.42,,34500,0,2,26,2017,신규,26.08~28.08,,,,,
강남구,11680,역삼동,202606,연립다세대_전월세,센타빌리지,역삼동,741-25,34.59,,300,90,-1,21,1996,신규,26.06~27.09,,,,,
강남구,11680,청담동,202606,연립다세대_전월세,인드라망,청담동,26-24,56.66,,62000,0,3,29,2017,갱신,26.06~28.06,60000.0,,,,
강남구,11680,삼성동,202606,연립다세대_전월세,희성,삼성동,40-9,24.46,,2000,110,4,4,2018,신규,26.06~28.06,,,,,
강남구,11680,역삼동,202606,연립다세대_전월세,미도빌라,역삼동,794-11,41.42,,45000,0,4,16,1992,신규,26.07~28.07,,,,,
강남구,11680,개포동,202606,연립다세대_전월세,개포비버리하임,개포동,1193-5,29.98,,32000,15,5,25,2018,갱신,26.08~28.08,30000.0,20.0,,,
강남구,11680,개포동,202606,연립다세대_전월세,개포비버리하임,개포동,1193-5,29.98,,36000,0,3,27,2018,갱신,26.08~28.08,34500.0,,,,
강남구,11680,도곡동,202606,연립다세대_전월세,도곡BuildTogetherYM,도곡동,947-29,29.67,,15000,60,5,27,2014,신규,26.07~28.07,,,,,
강남구,11680,역삼동,202606,연립다세대_전월세,에스빌,역삼동,672-24,116.79,,3000,237,4,1,2002,신규,26.06~28.06,,,,,
강남구,11680,논현동,202606,연립다세대_전월세,진흥펠리체A동,논현동,190-2,19.93,,2000,115,6,22,2015,신규,26.06~27.06,,,,,
강남구,11680,개포동,202606,연립다세대_전월세,HHestia,개포동,1227-2,19.22,,19500,0,4,20,2016,갱신,26.06~28.06,19000.0,,사용,,
강남구,11680,도곡동,202606,연립다세대_전월세,스타빌,도곡동,945-10,24.34,,1000,94,2,22,2015,신규,26.06~27.06,,,,,
강남구,11680,역삼동,202606,연립다세대_전월세,(693-5),역삼동,693-5,24.33,,25000,0,4,19,2017,신규,26.08~28.08,,,,,
강남구,11680,역삼동,202606,연립다세대_전월세,HAUSTEMC,역삼동,690-36,15.69,,14780,3,3,11,2010,갱신,26.07~27.07,14780.0,,,,
강남구,11680,역삼동,202606,연립다세대_전월세,한빛위너스,역삼동,777-30,38.3,,41000,20,4,26,2016,신규,26.08~28.08,,,,,
강남구,11680,역삼동,202606,연립다세대_전월세,(834-74),역삼동,834-74,38.98,,20000,12,2,26,2010,신규,26.07~28.07,,,,,
강남구,11680,역삼동,202606,연립다세대_전월세,더힐,역삼동,798-1,26.14,,4000,210,7,22,2021,신규,26.06~27.06,,,,,
강남구,11680,역삼동,202606,연립다세대_전월세,스카이빌,역삼동,660-26,41.7,,300,130,1,22,2001,신규,26.06~27.06,,,,,
강남구,11680,청담동,202606,연립다세대_전월세,더청담,청담동,13-34,28.02,,35000,0,2,26,2018,갱신,26.07~28.07,33000.0,,,,
강남구,11680,개포동,202606,연립다세대_전월세,RAON,개포동,1169-5,47.19,,41000,20,2,25,2015,신규,26.07~28.07,,,,,
강남구,11680,논현동,202606,연립다세대_전월세,다두빌,논현동,253-2,43.35,,26250,0,2,26,2001,갱신,26.07~28.07,25000.0,,,,
강남구,11680,청담동,202606,연립다세대_전월세,청담스테이,청담동,38,26.76,,46000,0,5,22,2018,갱신,26.07~28.07,48000.0,,사용,,
강남구,11680,대치동,202606,연립다세대_전월세,(934-4),대치동,934-4,20.53,,22000,0,2,17,2016,갱신,26.07~28.07,22000.0,,,,
강남구,11680,역삼동,202606,연립다세대_전월세,옹정빌,역삼동,770-18,40.36,,10000,70,5,25,2003,신규,26.07~28.07,,,,,
강남구,11680,대치동,202606,연립다세대_전월세,(911-4),대치동,911-4,33.69,,1000,149,4,15,2010,신규,26.06~28.06,,,,,
강남구,11680,논현동,202606,연립다세대_전월세,KEAHOUSE,논현동,219-35,19.2,,23000,0,3,23,2022,신규,26.06~28.06,,,,,
강남구,11680,역삼동,202606,연립다세대_전월세,역삼빌라(746-4),역삼동,746-4,48.39,,30000,0,2,26,1987,신규,26.07~28.07,,,,,
강남구,11680,역삼동,202606,연립다세대_전월세,성진빌라트,역삼동,811-11,50.52,,15000,95,3,9,2000,신규,26.06~28.06,,,,,
강남구,11680,역삼동,202606,연립다세대_전월세,대창빌딩,역삼동,789-19,48.24,,23100,4,5,25,2005,갱신,26.07~28.07,23000.0,4.0,,,
강남구,11680,역삼동,202606,연립다세대_전월세,우드빌,역삼동,695-14,37.84,,200,100,1,17,2001,신규,26.06~26.09,,,,,
강남구,11680,역삼동,202606,연립다세대_전월세,집앤사파시앙스,역삼동,780-11,23.14,,30000,25,3,15,2026,신규,26.07~28.07,,,,,
강남구,11680,일원동,202606,연립다세대_전월세,(664-0),일원동,664,20.488,,34650,0,4,12,2021,갱신,26.07~28.07,33000.0,,,,
강남구,11680,개포동,202606,연립다세대_전월세,파크힐빌리지(160-4),개포동,160-4,34.68,,3000,45,-1,3,1995,신규,26.06~28.06,,,,,
강남구,11680,개포동,202606,연립다세대_전월세,프라임그린빌,개포동,1196-12,58.17,,35000,0,5,18,2002,신규,26.08~28.08,,,,,
강남구,11680,역삼동,202606,연립다세대_전월세,(725-58),역삼동,725-58,67.86,,15000,200,3,11,2003,신규,26.07~28.07,,,,,
강남구,11680,역삼동,202606,연립다세대_전월세,두산위브파빌리온역삼,역삼동,782,68.296,,7000,500,6,1,2025,신규,26.06~27.05,,,,,
강남구,11680,삼성동,202606,연립다세대_전월세,더프라우드,삼성동,41-12,49.78,,30000,178,3,18,2023,신규,26.08~28.08,,,,,
강남구,11680,역삼동,202606,연립다세대_전월세,테헤란맨숀,역삼동,644,82.38,,27000,0,1,23,1982,갱신,26.07~28.07,26000.0,,,,
강남구,11680,역삼동,202606,연립다세대_전월세,BT빌딩,역삼동,795-6,27.54,,2000,115,4,1,2020,신규,26.07~28.07,,,,,
강남구,11680,대치동,202606,연립다세대_전월세,(916-56),대치동,916-56,57.88,,30000,110,3,24,2020,갱신,26.06~28.06,30000.0,100.0,,,
강남구,11680,역삼동,202606,연립다세대_전월세,RAUM,역삼동,704-43,18.35,,1000,74,2,9,2012,신규,26.06~27.06,,,,,
강남구,11680,역삼동,202606,연립다세대_전월세,자연의집,역삼동,777-39,83.25,,50000,28,2,16,2004,갱신,26.07~28.07,50000.0,18.0,,,
강남구,11680,일원동,202606,연립다세대_전월세,블리시움2차,일원동,633-4,28.19,,36000,0,4,24,2022,신규,26.08~28.08,,,,,
강남구,11680,역삼동,202606,연립다세대_전월세,힐스테이트2,역삼동,693-6,30,,29400,0,3,4,2015,신규,26.08~28.08,,,,,
강남구,11680,신사동,202606,연립다세대_전월세,스위트빌,신사동,552-10,36.06,,25000,0,1,24,2002,갱신,26.06~28.06,25000.0,,사용,,
강남구,11680,역삼동,202606,연립다세대_전월세,스타힐스,역삼동,781-35,20.88,,23900,0,3,20,2012,갱신,26.06~28.06,23000.0,,,,
강남구,11680,논현동,202606,연립다세대_전월세,(107-50),논현동,107-50,26.45,,28000,0,3,24,2018,신규,26.08~28.08,,,,,
강남구,11680,역삼동,202606,연립다세대_전월세,진양하우스,역삼동,693-1,45.62,,21000,0,3,25,2002,갱신,26.06~28.06,21000.0,,,,
강남구,11680,대치동,202606,연립다세대_전월세,(919-24),대치동,919-24,30.25,,5000,40,3,6,2002,신규,26.06~27.06,,,,,
강남구,11680,청담동,202606,연립다세대_전월세,청담원빌,청담동,16-6,40.48,,3000,206,2,10,2016,신규,26.06~28.06,,,,,
강남구,11680,논현동,202606,연립다세대_전월세,메종스프링,논현동,180-5,26.92,,2000,135,3,24,2019,신규,26.07~28.06,,,,,
강남구,11680,논현동,202606,연립다세대_전월세,메리디엄타워,논현동,20-10,45.99,,2000,280,6,11,2019,신규,26.06~28.06,,,,,
강남구,11680,논현동,202606,연립다세대_전월세,신현빌라,논현동,103-1,230.9,,7000,600,2,10,1997,신규,26.06~28.06,,,,,
강남구,11680,대치동,202606,연립다세대_전월세,조앤빌라,대치동,928-7,45.36,,1000,93,4,24,2000,갱신,26.07~27.07,1000.0,88.0,사용,,
강남구,11680,개포동,202606,연립다세대_전월세,휴먼하우징,개포동,1210-8,29.68,,27300,0,2,18,2017,갱신,26.07~28.07,26000.0,,사용,,
강남구,11680,논현동,202606,연립다세대_전월세,좋은사람좋은집(229-3),논현동,229-3,33.44,,6000,63,4,24,2002,갱신,26.09~28.09,6000.0,63.0,,,
강남구,11680,개포동,202606,연립다세대_전월세,호원빌,개포동,1171-9,45.395,,25900,18,3,13,2016,갱신,26.07~28.07,25900.0,12.0,,,
강남구,11680,신사동,202606,연립다세대_전월세,J.J하우스,신사동,523-36,55,,39690,0,3,20,2004,신규,26.08~28.08,,,,,
강남구,11680,삼성동,202606,연립다세대_전월세,(112-18),삼성동,112-18,18.23,,25000,0,6,10,2017,신규,26.07~28.07,,,,,
강남구,11680,논현동,202606,연립다세대_전월세,한강골드빌리지,논현동,125-21,83.85,,34650,0,4,12,2002,갱신,26.06~28.06,33000.0,,사용,,
강남구,11680,삼성동,202606,연립다세대_전월세,VENN,삼성동,85-22,58.0225,,15000,280,2,2,2017,신규,26.07~28.07,,,,,
강남구,11680,일원동,202606,연립다세대_전월세,청솔빌리지,일원동,739,59.75,,63000,0,2,9,1993,신규,26.07~28.07,,,,,
강남구,11680,개포동,202606,연립다세대_전월세,"다세대3세대(3,4층은복층)",개포동,1233-14,47.38,,30000,10,2,24,2002,신규,26.07~28.07,,,,,
강남구,11680,삼성동,202606,연립다세대_전월세,엘림하우스,삼성동,27-11,40.02,,8000,70,2,1,2003,신규,26.06~28.06,,,,,
강남구,11680,삼성동,202606,연립다세대_전월세,단샘빌라,삼성동,44-23,27.25,,12000,18,2,17,2002,신규,26.07~28.07,,,,,
강남구,11680,율현동,202606,연립다세대_전월세,율현동196-86다세대주택,율현동,196-86,59.99,,20000,140,2,8,2021,갱신,26.06~28.06,20000.0,135.0,,,
강남구,11680,역삼동,202606,연립다세대_전월세,골든힐,역삼동,725-42,29.94,,49500,0,3,13,2020,갱신,26.06~28.06,49500.0,,사용,,
강남구,11680,역삼동,202606,연립다세대_전월세,아하바하우스,역삼동,783-5,34.35,,28000,0,2,13,2016,신규,26.07~28.07,,,,,
강남구,11680,역삼동,202606,연립다세대_전월세,오크빌,역삼동,793-3,65.12,,35000,5,4,22,2003,갱신,26.07~26.11,35000.0,,,,
강남구,11680,역삼동,202606,연립다세대_전월세,강남IBC오피스텔,역삼동,648-1,23.21,,1000,97,10,24,1987,신규,26.07~27.07,,,,,
강남구,11680,대치동,202606,연립다세대_전월세,그레이스빌(928-8),대치동,928-8,51.4,,25000,46,4,21,2002,갱신,26.06~28.06,33500.0,18.0,,,
강남구,11680,역삼동,202606,연립다세대_전월세,동원스위트,역삼동,745-1,28.45,,33000,0,3,23,2016,신규,26.08~28.08,,,,,
강남구,11680,논현동,202606,연립다세대_전월세,논현주택,논현동,132-6,37.18,,1150,73,-1,3,1988,신규,26.06~28.06,,,,,
강남구,11680,청담동,202606,연립다세대_전월세,샤인빌,청담동,58-14,73.19,,4000,167,2,19,2002,갱신,26.07~28.07,4000.0,158.0,사용,,
강남구,11680,개포동,202606,연립다세대_전월세,11932,개포동,1193-2,22.78,,1000,80,3,23,2013,신규,26.07~28.07,,,,,
강남구,11680,역삼동,202606,연립다세대_전월세,더원스타빌,역삼동,698-26,24.3,,29000,0,2,19,2017,신규,26.07~28.07,,,,,
강남구,11680,일원동,202606,연립다세대_전월세,청솔빌리지,일원동,739,59.75,,63000,0,2,9,1993,신규,26.07~28.07,,,,,
강남구,11680,개포동,202606,연립다세대_전월세,다세대주택(16세대),개포동,1242-6,28.74,,16800,0,4,23,1997,신규,26.08~28.08,,,,,
강남구,11680,대치동,202606,연립다세대_전월세,탑빌,대치동,919-8,29.07,,1000,71,3,7,2002,신규,26.06~27.06,,,,,
강남구,11680,청담동,202606,연립다세대_전월세,고경빌,청담동,112-8,67.35,,5000,200,5,18,2017,신규,26.06~28.06,,,,,
강남구,11680,청담동,202606,연립다세대_전월세,(13-40),청담동,13-40,20.46,,10000,45,2,23,2016,신규,26.07~28.07,,,,,
강남구,11680,역삼동,202606,연립다세대_전월세,역삼위너스하임 나동,역삼동,655-15,27.73,,30000,0,3,18,2017,신규,26.07~28.07,,,,,
강남구,11680,청담동,202606,연립다세대_전월세,청운(70-3),청담동,70-3,66.15,,5000,116,1,13,1991,신규,26.06~28.06,,,,,
강남구,11680,논현동,202606,연립다세대_전월세,THECORNERSTONE,논현동,150-16,20.51,,17000,0,2,22,2012,신규,26.07~28.07,,,,,
강남구,11680,대치동,202606,연립다세대_전월세,다이얼로그916,대치동,916-45,46.12,,40000,95,3,2,2018,신규,26.06~28.06,,,,,
강남구,11680,삼성동,202606,연립다세대_전월세,드림하우스(125-8),삼성동,125-8,54,,2000,145,2,5,2002,신규,26.06~28.06,,,,,
강남구,11680,대치동,202606,연립다세대_전월세,우현,대치동,953-25,72.45,,45000,44,4,20,2003,갱신,26.08~28.08,45000.0,34.0,사용,,
강남구,11680,역삼동,202606,연립다세대_전월세,(811-5),역삼동,811-5,29.5,,1000,82,2,23,2001,신규,26.06~27.06,,,,,
강남구,11680,삼성동,202606,연립다세대_전월세,삼성더하임2차,삼성동,25-9,29.93,,20000,280,6,12,2021,신규,26.08~28.08,,,,,
강남구,11680,일원동,202606,연립다세대_전월세,청솔빌리지,일원동,739,59.75,,58800,0,2,20,1993,갱신,26.07~28.07,56000.0,,사용,,
강남구,11680,청담동,202606,연립다세대_전월세,(35-42),청담동,35-42,12.92,,9261,0,3,15,2011,갱신,26.07~28.07,8820.0,,,,
강남구,11680,역삼동,202606,연립다세대_전월세,써니빌,역삼동,786-8,67.52,,2000,150,2,20,2002,신규,26.07~28.07,,,,,
강남구,11680,역삼동,202606,연립다세대_전월세,호아빌라트,역삼동,637-44,49.11,,34000,9,3,20,2002,신규,26.08~28.08,,,,,
강남구,11680,대치동,202606,연립다세대_전월세,쉐르빌,대치동,901-16,29.98,,300,160,3,19,2015,신규,26.06~26.11,,,,,
강남구,11680,개포동,202606,연립다세대_전월세,골든빌B동,개포동,1262-13,49.6,,3000,241,3,8,2022,신규,26.06~26.11,,,,,
강남구,11680,대치동,202606,연립다세대_전월세,S로뎀,대치동,900-40,28.5,,3000,77,3,5,2002,신규,26.06~27.06,,,,,
강남구,11680,신사동,202606,연립다세대_전월세,J.J하우스,신사동,523-36,55,,21000,72,2,17,2004,신규,26.08~28.08,,,,,
강남구,11680,개포동,202606,연립다세대_전월세,안트레,개포동,1195-2,29.99,,5000,125,3,20,2020,갱신,26.07~28.07,5000.0,119.0,,,
강남구,11680,세곡동,202606,연립다세대_전월세,강남효성해링턴코트,세곡동,541,95.8969,,60000,330,4,19,2016,신규,26.09~28.09,,,,,
강남구,11680,삼성동,202606,연립다세대_전월세,아람,삼성동,30-9,48.25,,22800,0,2,22,2000,갱신,26.07~28.07,22800.0,,,,
강남구,11680,논현동,202606,연립다세대_전월세,모두가행복한집A,논현동,177-10,25.78,,32000,0,1,20,2020,신규,26.08~28.08,,,,,
강남구,11680,대치동,202606,연립다세대_전월세,(911-4),대치동,911-4,31.66,,1000,150,3,19,2010,신규,26.06~28.06,,,,,
강남구,11680,역삼동,202606,연립다세대_전월세,(777-42),역삼동,777-42,27.86,,1000,85,2,20,2002,신규,26.06~28.06,,,,,
강남구,11680,논현동,202606,연립다세대_전월세,(16-38),논현동,16-38,16.83,,5000,26,4,22,2013,신규,26.06~28.06,,,,,
강남구,11680,대치동,202606,연립다세대_전월세,창원빌,대치동,936-24,27.82,,16500,3,4,22,2002,갱신,26.07~28.07,16500.0,,,,
강남구,11680,대치동,202606,연립다세대_전월세,(908-4),대치동,908-4,34.73,,78000,0,9,18,2019,갱신,26.06~28.06,78000.0,,,,
강남구,11680,논현동,202606,연립다세대_전월세,(16-41),논현동,16-41,29.95,,1000,136,3,12,2014,신규,26.06~27.06,,,,,
강남구,11680,논현동,202606,연립다세대_전월세,케아하우스13차,논현동,263-12,23.55,,2000,120,1,4,2019,신규,26.06~27.06,,,,,
강남구,11680,역삼동,202606,연립다세대_전월세,아람빌,역삼동,690-29,140.76,,25000,126,4,4,2001,갱신,26.06~28.06,25000.0,110.0,,,
강남구,11680,개포동,202606,연립다세대_전월세,개포렉스힐(157-9),개포동,157-9,55.19,,40950,0,5,20,2011,신규,26.06~28.06,,,,,
강남구,11680,논현동,202606,연립다세대_전월세,상아빌라,논현동,10-3,42.17,,12000,60,4,20,2002,신규,26.07~28.07,,,,,
강남구,11680,도곡동,202606,연립다세대_전월세,모던팰리스,도곡동,413,28.62,,2000,219,4,9,2023,신규,26.06~26.12,,,,,
강남구,11680,논현동,202606,연립다세대_전월세,154-2,논현동,154-2,28.51,,30000,23,3,18,2018,신규,26.08~28.08,,,,,
강남구,11680,개포동,202606,연립다세대_전월세,뉴그린하우스,개포동,1177-7,44.08,,35000,0,4,20,2013,신규,26.07~28.07,,,,,
강남구,11680,일원동,202606,연립다세대_전월세,(664-3),일원동,664-3,18.98,,25000,0,2,20,2021,신규,26.08~28.08,,,,,
강남구,11680,세곡동,202606,연립다세대_전월세,강남효성해링턴코트,세곡동,541,108.3435,,120000,0,1,20,2016,신규,26.08~28.08,,,,,
강남구,11680,신사동,202606,연립다세대_전월세,(567-10),신사동,567-10,46.57,,11900,0,5,19,2002,신규,26.07~28.07,,,,,
강남구,11680,역삼동,202606,연립다세대_전월세,다원하이빌,역삼동,782-2,25.94,,30000,0,6,1,2022,신규,26.08~28.08,,,,,
강남구,11680,대치동,202606,연립다세대_전월세,세도나,대치동,903-6,28.24,,16500,0,4,19,2002,신규,26.07~28.07,,,,,
강남구,11680,삼성동,202606,연립다세대_전월세,(25-6),삼성동,25-6,73.05,,15000,43,3,20,2002,신규,26.07~28.07,,,,,
강남구,11680,역삼동,202606,연립다세대_전월세,드림캐슬,역삼동,749,19.99,,24675,0,2,20,2018,갱신,26.07~28.07,23500.0,,사용,,
강남구,11680,일원동,202606,연립다세대_전월세,일원동빌라엠2,일원동,633-3,17.22,,22000,0,3,20,2021,신규,26.07~28.07,,,,,
강남구,11680,대치동,202606,연립다세대_전월세,(900-50),대치동,900-50,28.6,,3000,70,3,1,2002,신규,26.06~28.06,,,,,
강남구,11680,개포동,202606,연립다세대_전월세,신성빌라,개포동,1202-3,117.69,,60000,45,3,19,1993,갱신,26.06~28.06,60000.0,,사용,,
강남구,11680,신사동,202606,연립다세대_전월세,J.J하우스,신사동,523-36,55,,21000,72,2,17,2004,신규,26.08~28.08,,,,,
강남구,11680,논현동,202606,연립다세대_전월세,우림스타빌,논현동,197-7,26.62,,2000,147,5,10,2016,신규,26.06~28.06,,,,,
강남구,11680,개포동,202606,연립다세대_전월세,로얄팰리체2차A동,개포동,1226-8,49.57,,53000,0,4,19,2019,신규,26.06~28.03,,,,,
강남구,11680,청담동,202606,연립다세대_전월세,갤러리테라스청담1차,청담동,121-45,50.35,,80000,0,4,19,2018,갱신,26.08~28.08,80000.0,,,,
강남구,11680,역삼동,202606,연립다세대_전월세,(664-27),역삼동,664-27,22.14,,16000,0,3,18,2012,신규,26.07~28.07,,,,,
강남구,11680,개포동,202606,연립다세대_전월세,안트레,개포동,1195-2,20.2,,5000,148,5,19,2020,갱신,26.07~28.07,5000.0,141.0,,,
강남구,11680,삼성동,202606,연립다세대_전월세,삼성동46-29공동주택,삼성동,46-29,49.82,,15000,110,3,19,2013,신규,26.07~27.07,,,,,
강남구,11680,대치동,202606,연립다세대_전월세,세도나,대치동,903-6,59.29,,16500,0,1,18,2002,신규,26.07~28.07,,,,,
강남구,11680,역삼동,202606,연립다세대_전월세,집앤사파시앙스,역삼동,780-11,24.47,,40000,0,4,16,2026,신규,26.07~28.07,,,,,
강남구,11680,개포동,202606,연립다세대_전월세,HHestia,개포동,1227-2,59.99,,50000,0,5,9,2016,갱신,26.08~28.08,50000.0,,,,
강남구,11680,개포동,202606,연립다세대_전월세,상헌새티스빌,개포동,1240-1,71.2,,40900,0,3,6,2001,갱신,26.06~28.06,39000.0,,사용,,
강남구,11680,대치동,202606,연립다세대_전월세,남양주택,대치동,979-18,63.36,,40000,0,1,17,1991,신규,26.07~28.07,,,,,
강남구,11680,역삼동,202606,연립다세대_전월세,골든힐,역삼동,725-42,29.94,,49500,0,3,13,2020,갱신,26.06~28.06,49500.0,,사용,,
강남구,11680,청담동,202606,연립다세대_전월세,(35-9),청담동,35-9,12.77,,1000,65,5,10,2011,신규,26.06~28.06,,,,,
강남구,11680,논현동,202606,연립다세대_전월세,논현펠리시움,논현동,136-2,76.12,,59000,0,2,18,2006,신규,26.07~28.07,,,,,
강남구,11680,논현동,202606,연립다세대_전월세,(188-6),논현동,188-6,14.78,,12000,0,2,17,2013,신규,26.07~28.07,,,,,
강남구,11680,삼성동,202606,연립다세대_전월세,제이펠리스,삼성동,36-16,28.55,,5000,110,3,9,2011,신규,26.06~28.06,,,,,
강남구,11680,청담동,202606,연립다세대_전월세,(35-9),청담동,35-9,16.8,,1000,63,3,4,2011,신규,26.06~27.06,,,,,
강남구,11680,신사동,202606,연립다세대_전월세,Ebenezer153,신사동,554-29,22.61,,17800,0,2,18,2012,갱신,26.07~28.07,17000.0,,,,
강남구,11680,청담동,202606,연립다세대_전월세,인드라망,청담동,26-24,50.42,,12000,220,3,10,2017,신규,26.06~28.06,,,,,
강남구,11680,역삼동,202606,연립다세대_전월세,하모니빌,역삼동,697-22,44.64,,10000,61,3,15,2002,신규,26.07~28.07,,,,,
강남구,11680,역삼동,202606,연립다세대_전월세,그레이스빌(774-15),역삼동,774-15,22.77,,1000,86,3,11,2013,신규,26.06~27.06,,,,,
강남구,11680,대치동,202606,연립다세대_전월세,(954-2),대치동,954-2,43.86,,20000,88,2,17,2002,신규,26.07~28.07,,,,,
강남구,11680,역삼동,202606,연립다세대_전월세,마이플레이스,역삼동,745-23,27.66,,34000,0,5,18,2021,갱신,26.07~28.07,32500.0,,사용,,
강남구,11680,대치동,202606,연립다세대_전월세,(955-17),대치동,955-17,41.11,,1000,80,4,16,2007,갱신,26.07~28.07,1000.0,80.0,,,
강남구,11680,논현동,202606,연립다세대_전월세,유진빌라트,논현동,157-24,45.76,,1500,120,4,12,2003,신규,26.06~27.06,,,,,
강남구,11680,역삼동,202606,연립다세대_전월세,란떼,역삼동,639-13,17.805,,15000,0,3,17,2013,신규,26.07~28.07,,,,,
강남구,11680,개포동,202606,연립다세대_전월세,뉴아트,개포동,1261-5,38.42,,24900,0,2,18,1997,신규,26.07~28.07,,,,,
강남구,11680,대치동,202606,연립다세대_전월세,스톤빌리지대치4차,대치동,925,51.5,,68250,0,3,18,2019,갱신,26.08~28.08,65000.0,,사용,,
강남구,11680,율현동,202606,연립다세대_전월세,율현동196-86다세대주택,율현동,196-86,59.99,,20000,140,2,8,2021,갱신,26.06~28.06,20000.0,135.0,,,
강남구,11680,청담동,202606,연립다세대_전월세,(18-33),청담동,18-33,29.79,,3000,128,3,8,2011,신규,26.06~28.06,,,,,
강남구,11680,역삼동,202606,연립다세대_전월세,역삼로제캐슬,역삼동,778-4,48.26,,31000,40,4,16,2022,신규,26.07~28.07,,,,,
강남구,11680,역삼동,202606,연립다세대_전월세,미도빌라,역삼동,794-11,41.42,,45000,0,4,16,1992,신규,26.07~28.07,,,,,
강남구,11680,일원동,202606,연립다세대_전월세,포엠하우스,일원동,644-7,45.16,,31500,0,2,17,2018,신규,26.07~28.07,,,,,
강남구,11680,신사동,202606,연립다세대_전월세,라제,신사동,523-14,37.33,,19440,0,5,17,2002,갱신,26.07~28.07,18520.0,,사용,,
강남구,11680,역삼동,202606,연립다세대_전월세,아이리스,역삼동,778-11,23.2,,18000,0,3,17,2010,갱신,26.06~28.06,18000.0,,,,
강남구,11680,역삼동,202606,연립다세대_전월세,금아빌딩,역삼동,674-39,24.62,,1000,70,2,13,2002,갱신,26.07~27.07,3000.0,40.0,사용,,
강남구,11680,역삼동,202606,연립다세대_전월세,멜론즈프라자,역삼동,628-3,26.52,,200,120,5,11,2002,신규,26.06~26.09,,,,,
강남구,11680,대치동,202606,연립다세대_전월세,(920-11),대치동,920-11,22.23,,1000,50,4,17,2001,신규,26.06~28.06,,,,,
강남구,11680,논현동,202606,연립다세대_전월세,화이트빌,논현동,171-2,28.86,,4000,53,1,10,2001,갱신,26.06~27.06,4000.0,53.0,,,
강남구,11680,대치동,202606,연립다세대_전월세,남양주택,대치동,979-18,63.36,,5000,120,-1,17,1991,신규,26.07~28.07,,,,,
강남구,11680,역삼동,202606,연립다세대_전월세,금아빌딩,역삼동,674-39,31.82,,1000,80,2,16,2002,갱신,26.07~27.07,1000.0,70.0,,,
강남구,11680,역삼동,202606,연립다세대_전월세,다빈치하우스,역삼동,729-2,31.77,,20000,0,3,17,2002,신규,26.07~28.07,,,,,
강남구,11680,역삼동,202606,연립다세대_전월세,꿈꾸지오(794-21),역삼동,794-21,20.91,,31500,0,6,17,2019,갱신,26.08~28.08,30500.0,,,,
강남구,11680,논현동,202606,연립다세대_전월세,대광빌라,논현동,107-29,52.37,,2000,120,-1,17,1992,신규,26.06~28.06,,,,,
강남구,11680,논현동,202606,연립다세대_전월세,화이트빌,논현동,171-2,28.86,,13100,0,2,10,2001,갱신,26.07~28.07,12600.0,,,,
강남구,11680,대치동,202606,연립다세대_전월세,(931-6),대치동,931-6,50.5,,15000,74,3,17,2004,신규,26.07~28.07,,,,,
강남구,11680,개포동,202606,연립다세대_전월세,마메종,개포동,1167-4,29.98,,35000,0,3,14,2023,갱신,26.10~28.10,34000.0,,,,
강남구,11680,개포동,202606,연립다세대_전월세,파인힐레지던스개포,개포동,1168-2,27.4,,31000,10,4,16,2021,신규,26.07~28.07,,,,,
강남구,11680,역삼동,202606,연립다세대_전월세,Gonggan1st,역삼동,697,16.53,,17500,9,4,17,2016,신규,26.07~28.07,,,,,
강남구,11680,역삼동,202606,연립다세대_전월세,(698-15),역삼동,698-15,28.8,,15750,7,3,12,2012,신규,26.06~28.06,,,,,
강남구,11680,논현동,202606,연립다세대_전월세,하우트리스,논현동,57-1,25.63,,3000,150,5,17,2022,신규,26.07~27.07,,,,,
강남구,11680,역삼동,202606,연립다세대_전월세,(728-48),역삼동,728-48,22.22,,15000,54,5,11,2018,갱신,26.06~28.09,28000.0,,,,
강남구,11680,개포동,202606,연립다세대_전월세,가우디,개포동,1169-11,41.47,,20000,60,3,8,2017,신규,26.07~28.07,,,,,
강남구,11680,대치동,202606,연립다세대_전월세,대치명문가,대치동,901-46,47.78,,5000,300,3,1,2022,신규,26.06~28.06,,,,,
강남구,11680,역삼동,202606,연립다세대_전월세,강남IBC오피스텔,역삼동,648-1,36.99,,2000,155,15,10,1987,신규,26.06~27.06,,,,,
강남구,11680,개포동,202606,연립다세대_전월세,노블하임,개포동,1236-1,29.93,,30000,6,4,3,2018,갱신,26.06~28.06,30000.0,,사용,,
강남구,11680,개포동,202606,연립다세대_전월세,아택서원빌딩,개포동,1236-18,29.82,,20450,0,3,16,2019,갱신,26.07~28.07,19500.0,,,,
강남구,11680,역삼동,202606,연립다세대_전월세,강남IBC오피스텔,역삼동,648-1,23.21,,1000,97,11,16,1987,신규,26.06~27.06,,,,,
강남구,11680,개포동,202606,연립다세대_전월세,(1263-7),개포동,1263-7,36.67,,21000,9,4,12,2012,갱신,26.07~28.07,21000.0,5.0,사용,,
강남구,11680,역삼동,202606,연립다세대_전월세,지에스빌,역삼동,741-21,15.51,,2000,75,3,9,2013,신규,26.06~27.06,,,,,
강남구,11680,역삼동,202606,연립다세대_전월세,힐스테이트4,역삼동,681-24,21.85,,22050,0,2,5,2015,갱신,26.06~28.06,21000.0,,사용,,
강남구,11680,역삼동,202606,연립다세대_전월세,(639-10),역삼동,639-10,29.64,,2000,122,5,16,2002,신규,26.06~27.06,,,,,
강남구,11680,논현동,202606,연립다세대_전월세,모두가행복한집A,논현동,177-10,23.48,,30900,0,5,16,2020,갱신,26.06~28.06,29400.0,4.0,,,
강남구,11680,개포동,202606,연립다세대_전월세,서진주택A동(165-9),개포동,165-9,38.67,,23000,0,1,16,1987,갱신,26.07~28.07,23000.0,,사용,,
강남구,11680,대치동,202606,연립다세대_전월세,이오팰리스,대치동,900-25,31.54,,2000,49,3,3,2001,신규,26.06~27.06,,,,,
강남구,11680,삼성동,202606,연립다세대_전월세,선덕빌,삼성동,39-4,27.01,,2000,83,3,1,2003,신규,26.06~27.06,,,,,
강남구,11680,역삼동,202606,연립다세대_전월세,마이플레이스,역삼동,792-7,27.54,,35000,6,4,16,2018,갱신,26.07~28.07,35000.0,,,,
강남구,11680,대치동,202606,연립다세대_전월세,세화아트빌,대치동,926-24,49.01,,31900,0,1,12,2003,갱신,26.06~28.06,30400.0,,,,
강남구,11680,청담동,202606,연립다세대_전월세,Richville(16-7),청담동,16-7,62.48,,70000,0,1,16,2002,신규,26.08~28.08,,,,,
강남구,11680,개포동,202606,연립다세대_전월세,두리빌,개포동,1205-8,64.09,,37500,0,4,15,2002,갱신,26.06~28.06,36500.0,,,,
강남구,11680,대치동,202606,연립다세대_전월세,카타빌,대치동,958-15,62.05,,32900,21,4,11,2004,갱신,26.07~28.07,32900.0,15.0,,,
강남구,11680,대치동,202606,연립다세대_전월세,성현빌라,대치동,900-15,44.22,,10000,84,4,15,2002,갱신,26.07~28.07,10000.0,80.0,사용,,
강남구,11680,삼성동,202606,연립다세대_전월세,랜드마크빌,삼성동,30-1,28.02,,13000,32,2,11,2001,신규,26.07~28.07,,,,,
강남구,11680,역삼동,202606,연립다세대_전월세,멜론즈프라자,역삼동,628-3,30.42,,200,120,5,9,2002,신규,26.06~26.09,,,,,
강남구,11680,역삼동,202606,연립다세대_전월세,멜론즈프라자,역삼동,628-3,29.82,,200,120,5,12,2002,신규,26.06~26.09,,,,,
강남구,11680,역삼동,202606,연립다세대_전월세,역삼아르떼,역삼동,695-12,29.97,,5000,200,3,7,2020,신규,26.06~27.06,,,,,
강남구,11680,개포동,202606,연립다세대_전월세,파라곤빌(1252-9),개포동,1252-9,65.92,,40000,90,5,6,2006,신규,26.08~28.08,,,,,
강남구,11680,논현동,202606,연립다세대_전월세,진주빌,논현동,243-16,29.64,,2000,85,1,6,2001,신규,26.06~27.06,,,,,
강남구,11680,대치동,202606,연립다세대_전월세,J앤S빌,대치동,896-23,32.34,,110,100,3,9,2002,신규,26.06~27.06,,,,,
강남구,11680,도곡동,202606,연립다세대_전월세,남춘스위트홈,도곡동,945-15,52.02,,1000,90,-1,15,2000,신규,26.07~28.07,,,,,
강남구,11680,대치동,202606,연립다세대_전월세,900-27,대치동,900-27,27.88,,1000,130,4,12,2002,신규,26.06~27.06,,,,,
강남구,11680,논현동,202606,연립다세대_전월세,우진골드빌라,논현동,82-1,53.73,,32000,0,1,13,1993,신규,26.08~28.08,,,,,
강남구,11680,삼성동,202606,연립다세대_전월세,삼성빌라,삼성동,36-20,39.69,,2000,110,3,4,2001,신규,26.06~28.06,,,,,
강남구,11680,논현동,202606,연립다세대_전월세,용호빌라,논현동,148-20,44.41,,12000,0,-1,1,1993,신규,26.06~28.06,,,,,
강남구,11680,역삼동,202606,연립다세대_전월세,하모니빌,역삼동,697-22,44.64,,10000,61,3,15,2002,신규,26.07~28.07,,,,,
강남구,11680,논현동,202606,연립다세대_전월세,로얄캐슬,논현동,170-4,24.39,,26700,0,3,5,2016,신규,26.06~28.06,,,,,
강남구,11680,일원동,202606,연립다세대_전월세,(676-7),일원동,676-7,26.9,,40000,0,4,12,2021,신규,26.07~28.07,,,,,
강남구,11680,일원동,202606,연립다세대_전월세,블루미어3차,일원동,638-18,27.29,,28000,0,2,15,2024,신규,26.06~28.06,,,,,
강남구,11680,자곡동,202606,연립다세대_전월세,(440-27),자곡동,440-27,257.94,,150000,0,1,1,2009,신규,26.07~28.07,,,,,
강남구,11680,개포동,202606,연립다세대_전월세,위미르빌,개포동,1205,44.25,,30000,0,5,11,2017,신규,26.07~28.05,,,,,
강남구,11680,논현동,202606,연립다세대_전월세,레벤스바움,논현동,11-16,12.11,,16200,0,4,11,2013,신규,26.07~28.07,,,,,
강남구,11680,신사동,202606,연립다세대_전월세,스카이빌,신사동,594-20,22.79,,16537,3,3,1,2013,갱신,26.06~28.08,16537.0,,사용,,
강남구,11680,대치동,202606,연립다세대_전월세,(911-4),대치동,911-4,33.69,,1000,150,4,15,2010,신규,26.06~28.06,,,,,
강남구,11680,삼성동,202606,연립다세대_전월세,(40-24),삼성동,40-24,32.52,,5000,60,3,9,2003,갱신,26.07~27.07,14000.0,27.0,,,
강남구,11680,대치동,202606,연립다세대_전월세,(955-17),대치동,955-17,17.43,,2000,74,3,8,2007,신규,26.06~27.06,,,,,
강남구,11680,역삼동,202606,연립다세대_전월세,아하바하우스,역삼동,783-5,34.35,,28000,0,2,4,2016,신규,26.07~28.07,,,,,
강남구,11680,논현동,202606,연립다세대_전월세,보석하이빌,논현동,161-2,14.52,,1000,63,2,11,2012,신규,26.06~27.06,,,,,
강남구,11680,대치동,202606,연립다세대_전월세,대치클라쎄,대치동,967-13,52.83,,55000,80,4,5,2025,신규,26.07~28.07,,,,,
강남구,11680,청담동,202606,연립다세대_전월세,(26-35),청담동,26-35,16.02,,17000,6,1,10,2012,갱신,26.06~28.06,17000.0,3.0,사용,,
강남구,11680,역삼동,202606,연립다세대_전월세,역삼이안베스티움,역삼동,774-24,28.73,,35000,0,3,12,2019,신규,26.07~28.07,,,,,
강남구,11680,대치동,202606,연립다세대_전월세,스톤빌리지,대치동,934-2,48.9,,20000,160,3,13,2016,갱신,26.06~26.10,20000.0,160.0,,,
강남구,11680,역삼동,202606,연립다세대_전월세,서한다세대주택,역삼동,623-13,55.06,,6000,120,1,13,1997,신규,26.08~28.07,,,,,
강남구,11680,역삼동,202606,연립다세대_전월세,집앤사파시앙스,역삼동,780-11,23.69,,35000,0,5,10,2026,신규,26.06~28.06,,,,,
강남구,11680,논현동,202606,연립다세대_전월세,구정빌라트(172-14),논현동,172-14,28.2,,1000,58,1,10,2003,신규,26.06~27.06,,,,,
강남구,11680,논현동,202606,연립다세대_전월세,모두가행복한집A,논현동,177-10,25.78,,30000,11,5,3,2020,갱신,26.07~28.07,31500.0,,,,
강남구,11680,청담동,202606,연립다세대_전월세,성익빌라B동,청담동,22-5,97.98,,60000,0,1,12,1992,신규,26.08~28.08,,,,,
강남구,11680,대치동,202606,연립다세대_전월세,(916-51),대치동,916-51,76.68,,51450,21,1,8,1993,갱신,26.07~28.07,51450.0,11.0,,,
강남구,11680,세곡동,202606,연립다세대_전월세,강남효성해링턴코트,세곡동,541,105.4698,,126000,19,1,11,2016,갱신,26.07~28.06,120000.0,,,,
강남구,11680,역삼동,202606,연립다세대_전월세,은성주택,역삼동,774-9,35.48,,22000,20,3,12,1995,신규,26.07~28.07,,,,,
강남구,11680,역삼동,202606,연립다세대_전월세,HAUSTEMC,역삼동,690-36,15.72,,12000,27,2,10,2010,신규,26.07~28.07,,,,,
강남구,11680,신사동,202606,연립다세대_전월세,(643-9),신사동,643-9,18.73,,11550,0,1,2,1995,갱신,26.06~28.06,11000.0,,,,
강남구,11680,대치동,202606,연립다세대_전월세,오페라하우스,대치동,898-18,18.72,,11000,0,3,9,2003,신규,26.07~28.07,,,,,
강남구,11680,도곡동,202606,연립다세대_전월세,반석vill,도곡동,954-10,16.155,,1000,68,2,6,2013,신규,26.06~28.06,,,,,
강남구,11680,청담동,202606,연립다세대_전월세,청담고운빌,청담동,59-19,47.52,,29700,0,1,10,2002,갱신,26.07~28.07,28660.0,,,,
강남구,11680,삼성동,202606,연립다세대_전월세,우진빌라,삼성동,69-20,35.66,,16000,0,2,3,1995,신규,26.07~28.07,,,,,
강남구,11680,대치동,202606,연립다세대_전월세,대치하우스,대치동,930-11,42.09,,220,220,3,5,2000,신규,26.06~26.12,,,,,
강남구,11680,대치동,202606,연립다세대_전월세,필하우스(980-6),대치동,980-6,58.73,,10000,240,2,10,2021,신규,26.06~28.06,,,,,
강남구,11680,대치동,202606,연립다세대_전월세,926-22,대치동,926-22,42.35,,27000,5,2,10,2008,갱신,26.06~28.06,27000.0,,,,
강남구,11680,대치동,202606,연립다세대_전월세,썬빌리지,대치동,919-26,55.34,,50400,0,3,11,2012,갱신,26.08~28.07,48000.0,,사용,,
강남구,11680,삼성동,202606,연립다세대_전월세,대명빌,삼성동,152-57,61.53,,38000,0,2,11,2002,갱신,26.07~28.07,36500.0,,,,
강남구,11680,대치동,202606,연립다세대_전월세,해피데이2,대치동,929-6,84.15,,10000,220,4,6,2003,갱신,26.07~28.07,10000.0,210.0,,,
강남구,11680,역삼동,202606,연립다세대_전월세,쉐누,역삼동,658-15,37.81,,50000,0,4,10,2019,신규,26.07~28.07,,,,,
강남구,11680,개포동,202606,연립다세대_전월세,중앙빌라B동,개포동,164-8,37.74,,11000,15,-1,9,1988,갱신,26.07~28.07,11000.0,,,,
강남구,11680,일원동,202606,연립다세대_전월세,스마트캐슬,일원동,656-10,29.76,,28665,0,2,9,2020,갱신,26.07~28.07,27300.0,,사용,,
강남구,11680,청담동,202606,연립다세대_전월세,(35-42),청담동,35-42,12.92,,1000,65,2,4,2011,신규,26.06~27.06,,,,,
강남구,11680,대치동,202606,연립다세대_전월세,효산휴먼빌,대치동,928-25,80.37,,10000,270,4,9,2002,신규,26.08~28.08,,,,,
강남구,11680,역삼동,202606,연립다세대_전월세,다솜,역삼동,774-42,29.98,,36000,0,6,8,2021,갱신,26.08~27.08,36000.0,,,,
강남구,11680,논현동,202606,연립다세대_전월세,정우빌라,논현동,133-16,30.24,,1000,69,3,6,2001,갱신,26.06~28.06,1000.0,66.0,,,
강남구,11680,논현동,202606,연립다세대_전월세,산호빌라,논현동,151-4,37.13,,15000,0,1,8,2002,신규,26.06~28.06,,,,,
강남구,11680,논현동,202606,연립다세대_전월세,미소지움,논현동,193-31,54.74,,2000,165,3,1,2008,신규,26.06~28.06,,,,,
강남구,11680,대치동,202606,연립다세대_전월세,필하우스(980-6),대치동,980-6,58.73,,10000,230,1,10,2021,갱신,26.07~27.01,10000.0,230.0,,,
강남구,11680,청담동,202606,연립다세대_전월세,토미주택(55-5),청담동,55-5,52.8,,3000,140,1,1,2002,신규,26.06~27.06,,,,,
강남구,11680,도곡동,202606,연립다세대_전월세,도곡파크,도곡동,413-8,17.16,,100,80,5,9,2013,신규,26.08~27.08,,,,,
강남구,11680,대치동,202606,연립다세대_전월세,(894-12),대치동,894-12,30.69,,20000,0,3,4,2002,신규,26.07~28.07,,,,,
강남구,11680,개포동,202606,연립다세대_전월세,럭키하우스,개포동,1236-8,26.66,,5000,68,3,6,2011,신규,26.06~28.06,,,,,
강남구,11680,일원동,202606,연립다세대_전월세,다세대주택(623-10),일원동,623-10,51.12,,13000,57,1,3,1986,갱신,26.06~28.06,13000.0,50.0,,,
강남구,11680,논현동,202606,연립다세대_전월세,백년빌,논현동,158-26,29.44,,3927,40,3,9,2021,신규,26.06~28.08,,,,,
강남구,11680,역삼동,202606,연립다세대_전월세,다빈치하우스,역삼동,729-2,31.77,,20000,0,3,9,2002,신규,26.07~28.07,,,,,
강남구,11680,개포동,202606,연립다세대_전월세,리오빌,개포동,1236-3,70.96,,24000,43,5,2,2004,신규,26.06~28.06,,,,,
강남구,11680,역삼동,202606,연립다세대_전월세,집앤사파시앙스,역삼동,780-11,24.03,,35000,0,2,8,2026,신규,26.06~28.06,,,,,
강남구,11680,역삼동,202606,연립다세대_전월세,수앤수빌딩(SU&SUbuilding),역삼동,765-14,70.96,,10000,252,5,9,2018,신규,26.08~28.08,,,,,
강남구,11680,논현동,202606,연립다세대_전월세,헬렌빌,논현동,133-17,30.08,,12000,16,2,8,2001,갱신,26.06~28.06,11000.0,20.0,,,
강남구,11680,역삼동,202606,연립다세대_전월세,수목써미트빌,역삼동,794-20,51.51,,27783,0,2,5,2002,신규,26.07~28.07,,,,,
강남구,11680,논현동,202606,연립다세대_전월세,청계빌라,논현동,184-8,54.76,,1000,39,4,5,2002,갱신,26.06~27.06,1000.0,37.0,,,
강남구,11680,도곡동,202606,연립다세대_전월세,백년빌,도곡동,547-2,26.27,,3230,33,5,9,2021,신규,26.06~28.08,,,,,
강남구,11680,개포동,202606,연립다세대_전월세,(1172-2),개포동,1172-2,42.15,,25000,40,2,9,2012,신규,26.06~28.06,,,,,
강남구,11680,대치동,202606,연립다세대_전월세,성은빌,대치동,955-10,70.44,,44000,0,2,9,2006,갱신,26.06~28.06,42000.0,,,,
강남구,11680,개포동,202606,연립다세대_전월세,그루빌딩,개포동,1229-6,26.88,,30800,17,6,2,2019,갱신,26.07~28.07,29800.0,15.0,,,
강남구,11680,개포동,202606,연립다세대_전월세,아택원빌딩,개포동,1237-16,50.71,,32340,0,5,9,2018,갱신,26.06~28.06,30800.0,,사용,,
강남구,11680,역삼동,202606,연립다세대_전월세,역삼더빌,역삼동,684-7,12.57,,13000,10,2,6,2012,신규,26.07~28.07,,,,,
강남구,11680,역삼동,202606,연립다세대_전월세,세느빌,역삼동,697-32,41.27,,150,94,3,4,2002,신규,26.06~26.09,,,,,
강남구,11680,개포동,202606,연립다세대_전월세,골든강남빌,개포동,1264-4,43.74,,40490,0,4,6,2015,신규,26.07~28.07,,,,,
강남구,11680,일원동,202606,연립다세대_전월세,로제캐슬,일원동,642-6,28.98,,31240,0,5,4,2018,갱신,26.06~28.06,29760.0,,,,
강남구,11680,대치동,202606,연립다세대_전월세,늘푸른집,대치동,954-11,29.59,,27545,0,2,5,2006,갱신,26.06~28.06,24900.0,5.0,,,
강남구,11680,대치동,202606,연립다세대_전월세,창전유니빌,대치동,932-21,25.48,,16000,9,2,3,2002,신규,26.06~28.06,,,,,
강남구,11680,역삼동,202606,연립다세대_전월세,베르네빌A동,역삼동,781-31,46.16,,5000,43,4,8,2014,신규,26.06~27.06,,,,,
강남구,11680,삼성동,202606,연립다세대_전월세,선덕빌,삼성동,39-4,57.25,,2000,175,4,1,2003,신규,26.06~28.06,,,,,
강남구,11680,논현동,202606,연립다세대_전월세,화이트캐슬,논현동,136-29,45.43,,2000,144,3,1,2003,신규,26.06~27.06,,,,,
강남구,11680,개포동,202606,연립다세대_전월세,서진주택B동(165-8),개포동,165-8,35.58,,24000,0,2,5,1987,갱신,26.08~28.08,24000.0,,사용,,
강남구,11680,역삼동,202606,연립다세대_전월세,역삼밸류,역삼동,658-16,27.24,,28000,30,4,8,2015,신규,26.07~28.07,,,,,
강남구,11680,역삼동,202606,연립다세대_전월세,제이하우스,역삼동,725-68,39.07,,25460,0,3,2,2000,갱신,26.07~28.07,24250.0,,,,
강남구,11680,논현동,202606,연립다세대_전월세,예원베스트빌,논현동,229-21,113.75,,5000,295,1,6,2002,갱신,26.06~28.06,5000.0,290.0,사용,,
강남구,11680,역삼동,202606,연립다세대_전월세,진양하우스,역삼동,693-1,28.71,,21000,0,4,6,2002,신규,26.07~28.07,,,,,
강남구,11680,역삼동,202606,연립다세대_전월세,스타힐스,역삼동,781-35,13.6,,13900,0,3,6,2012,갱신,26.07~28.07,13900.0,,사용,,
강남구,11680,논현동,202606,연립다세대_전월세,논현빌2차,논현동,185-10,19.73,,1000,65,3,6,2013,신규,26.06~27.06,,,,,
강남구,11680,개포동,202606,연립다세대_전월세,상헌새티스빌,개포동,1240-1,71.2,,40900,0,3,6,2001,갱신,26.06~28.06,39000.0,,사용,,
강남구,11680,개포동,202606,연립다세대_전월세,파크힐빌리지(160-4),개포동,160-4,41.27,,18000,0,-1,5,1995,신규,26.06~28.06,,,,,
강남구,11680,개포동,202606,연립다세대_전월세,은현재,개포동,1203-1,26.523,,5250,136,2,5,2024,갱신,26.08~28.08,5000.0,130.0,사용,,
강남구,11680,역삼동,202606,연립다세대_전월세,(796-0),역삼동,796,28.95,,12900,0,2,3,2001,신규,26.07~28.07,,,,,
강남구,11680,개포동,202606,연립다세대_전월세,은현재,개포동,1203-1,36.044,,49350,0,4,5,2024,갱신,26.08~27.08,47000.0,,사용,,
강남구,11680,도곡동,202606,연립다세대_전월세,예원아트빌,도곡동,456-3,61.38,,48000,0,4,5,2003,갱신,26.06~28.06,42800.0,,,,
강남구,11680,역삼동,202606,연립다세대_전월세,J&Jvill,역삼동,778-18,19.74,,18000,0,2,5,2015,신규,26.07~28.07,,,,,
강남구,11680,삼성동,202606,연립다세대_전월세,(46-37),삼성동,46-37,23.11,,3000,91,2,1,2016,신규,26.06~28.06,,,,,
강남구,11680,청담동,202606,연립다세대_전월세,Boaztower,청담동,70-8,56.98,,29000,0,3,4,2010,갱신,26.06~28.06,28000.0,,,,
강남구,11680,삼성동,202606,연립다세대_전월세,리치빌(25-22),삼성동,25-22,28.22,,16000,0,5,5,2002,신규,26.08~28.08,,,,,
강남구,11680,역삼동,202606,연립다세대_전월세,에벤에셀,역삼동,690-12,75.46,,2000,250,3,2,2003,신규,26.06~27.06,,,,,
강남구,11680,역삼동,202606,연립다세대_전월세,아하바하우스,역삼동,783-5,34.35,,20000,0,2,4,2016,신규,26.07~28.07,,,,,
강남구,11680,논현동,202606,연립다세대_전월세,이화빌라,논현동,148-6,50.62,,5000,160,3,2,1991,신규,26.06~32.06,,,,,
강남구,11680,논현동,202606,연립다세대_전월세,가운빌라,논현동,173-22,31.98,,19500,0,5,2,2007,신규,26.06~28.06,,,,,
강남구,11680,역삼동,202606,연립다세대_전월세,(690-43),역삼동,690-43,28.5,,2000,160,2,4,2019,신규,26.06~28.06,,,,,
강남구,11680,대치동,202606,연립다세대_전월세,대치동926-6다세대주택,대치동,926-6,24.67,,2000,110,2,2,2023,신규,26.06~27.06,,,,,
강남구,11680,개포동,202606,연립다세대_전월세,중앙클래식하우스7차,개포동,1171-2,26.17,,2000,115,6,4,2017,신규,26.06~28.06,,,,,
강남구,11680,개포동,202606,연립다세대_전월세,상은빌리지,개포동,1264-8,15.47,,9500,0,2,3,2016,신규,26.06~28.06,,,,,
강남구,11680,청담동,202606,연립다세대_전월세,Boaztower,청담동,70-8,56.98,,29000,0,3,4,2010,갱신,26.06~28.06,28000.0,,,,
강남구,11680,도곡동,202606,연립다세대_전월세,아크로파크3차,도곡동,948-26,29.77,,26000,10,1,2,2016,신규,26.06~28.06,,,,,
강남구,11680,논현동,202606,연립다세대_전월세,ASTRO,논현동,272-17,33.3,,42500,0,2,1,2022,신규,26.08~28.08,,,,,
강남구,11680,개포동,202606,연립다세대_전월세,리안빌리지(1170-1),개포동,1170-1,27.595,,21000,17,5,1,2012,갱신,26.07~28.07,20000.0,17.0,사용,,
강남구,11680,일원동,202606,연립다세대_전월세,블루미어1차,일원동,673-2,32.57,,34000,0,2,2,2022,신규,26.08~28.08,,,,,
강남구,11680,역삼동,202606,연립다세대_전월세,케아하우스,역삼동,664-28,22.16,,25200,0,2,2,2017,신규,26.07~28.07,,,,,
강남구,11680,역삼동,202606,연립다세대_전월세,HELENHILL,역삼동,643-13,28.36,,30000,0,6,2,2016,신규,26.07~28.07,,,,,
강남구,11680,역삼동,202606,연립다세대_전월세,충현빌,역삼동,660-4,36.72,,19800,0,1,1,2002,신규,26.07~28.07,,,,,
강남구,11680,역삼동,202606,연립다세대_전월세,멜론즈프라자,역삼동,628-3,57.75,,500,260,6,1,2002,신규,26.06~26.08,,,,,
강남구,11680,대치동,202606,연립다세대_전월세,덕일빌딩,대치동,930-20,28.89,,10000,21,2,1,2001,갱신,26.06~28.06,15000.0,,,,
강남구,11680,역삼동,202606,연립다세대_전월세,다올하우스,역삼동,728-51,29.24,,32000,8,2,1,2018,신규,26.06~28.06,,,,,
강남구,11680,개포동,202606,연립다세대_전월세,동산,개포동,1213-2,37.35,,2000,75,-1,1,1993,갱신,26.06~28.06,5000.0,60.0,,,
강남구,11680,삼성동,202606,연립다세대_전월세,드림하우스(26-19),삼성동,26-19,30.05,,16000,0,1,1,2002,갱신,26.06~28.06,16000.0,,사용,,
강남구,11680,역삼동,202606,연립다세대_전월세,(672-36),역삼동,672-36,19.34,,17000,0,2,1,2014,신규,26.07~28.07,,,,,
강남구,11680,역삼동,202606,연립다세대_전월세,아이힐2,역삼동,690-42,29.73,,29900,10,4,1,2016,갱신,26.06~28.06,29900.0,,사용,,
강남구,11680,일원동,202606,연립다세대_전월세,골든빌,일원동,648-7,22.23,,22000,0,3,1,2020,신규,26.06~28.06,,,,,
강남구,11680,도곡동,202606,아파트_전월세,아카데미스위트1,도곡동,467-7,122.07,,70000,230,7,25,2004,,,,,,,
강남구,11680,역삼동,202606,아파트_전월세,개나리푸르지오,역삼동,755-1,148.8017,,140000,240,7,13,2006,,,,,,,
강남구,11680,자곡동,202606,아파트_전월세,강남자곡아이파크,자곡동,602,74.97,,82000,0,1,27,2014,,,,,,,
강남구,11680,도곡동,202606,아파트_전월세,도곡렉슬,도곡동,527,84.9984,,155000,0,6,6,2006,,,,,,,
강남구,11680,압구정동,202606,아파트_전월세,현대13차(208~211동),압구정동,448,105.31,,80000,0,9,27,1983,,,,,,,
강남구,11680,수서동,202606,아파트_전월세,까치마을,수서동,746,39.6,,36000,0,15,6,1993,,,,,,,
강남구,11680,개포동,202606,아파트_전월세,삼익대청아파트,개포동,12,60,,56700,0,6,27,1992,,,,,,,
강남구,11680,청담동,202606,아파트_전월세,삼환(101동),청담동,10,84.97,,81000,40,7,8,1999,,,,,,,
강남구,11680,대치동,202606,아파트_전월세,은마,대치동,316,84.43,,78000,0,14,26,1979,,,,,,,
강남구,11680,수서동,202606,아파트_전월세,신동아,수서동,736,33.18,,30600,0,4,20,1992,,,,,,,
강남구,11680,역삼동,202606,아파트_전월세,개나리SK뷰,역삼동,716-3,127.27,,25000,700,18,30,2012,,,,,,,
강남구,11680,청담동,202606,아파트_전월세,청담동삼성1차(101동),청담동,33,59.4,,75000,30,11,30,1997,,,,,,,
강남구,11680,청담동,202606,아파트_전월세,청담현대3차아파트,청담동,127-31,59.95,,71400,0,13,27,1999,,,,,,,
강남구,11680,세곡동,202606,아파트_전월세,강남신동아파밀리에1단지,세곡동,508,59.97,,70000,0,1,29,2011,,,,,,,
강남구,11680,도곡동,202606,아파트_전월세,도곡렉슬,도곡동,527,84.9984,,152000,0,3,24,2006,,,,,,,
강남구,11680,삼성동,202606,아파트_전월세,래미안라클래시,삼성동,189,84.98,,80000,393,11,28,2021,,,,,,,
강남구,11680,수서동,202606,아파트_전월세,신동아,수서동,736,39.51,,50000,0,15,27,1992,,,,,,,
강남구,11680,자곡동,202606,아파트_전월세,강남자곡 힐스테이트,자곡동,619,84.39,,10000,260,5,23,2015,,,,,,,
강남구,11680,수서동,202606,아파트_전월세,신동아,수서동,736,39.53,,39900,0,8,20,1992,,,,,,,
강남구,11680,대치동,202606,아파트_전월세,은마,대치동,316,76.79,,30000,190,9,19,1979,,,,,,,
강남구,11680,대치동,202606,아파트_전월세,은마,대치동,316,84.43,,65000,85,9,2,1979,,,,,,,
강남구,11680,대치동,202606,아파트_전월세,은마,대치동,316,84.43,,87000,0,2,14,1979,,,,,,,
강남구,11680,개포동,202606,아파트_전월세,삼익대청아파트,개포동,12,60,,76000,0,5,15,1992,,,,,,,
강남구,11680,수서동,202606,아파트_전월세,삼익,수서동,708,49.2,,55000,0,1,13,1992,,,,,,,
강남구,11680,개포동,202606,아파트_전월세,개포래미안포레스트,개포동,1282,59.92,,99000,0,5,13,2020,,,,,,,
강남구,11680,대치동,202606,아파트_전월세,은마,대치동,316,76.79,,85000,0,7,10,1979,,,,,,,
강남구,11680,수서동,202606,아파트_전월세,까치마을,수서동,746,49.5,,60000,0,13,4,1993,,,,,,,
강남구,11680,도곡동,202606,아파트_전월세,도곡우성아파트,도곡동,934-10,84.83,,42500,100,5,7,1986,,,,,,,
강남구,11680,역삼동,202606,아파트_전월세,e-편한세상,역삼동,755-4,84.675,,140000,0,2,6,2005,,,,,,,
강남구,11680,청담동,202606,아파트_전월세,삼성청담공원아파트,청담동,60,59.93,,40000,150,4,6,1999,,,,,,,
강남구,11680,대치동,202606,아파트_전월세,은마,대치동,316,76.79,,10000,270,12,3,1979,,,,,,,
강남구,11680,청담동,202606,아파트_전월세,청담현대3차아파트,청담동,127-31,59.95,,71400,0,13,27,1999,갱신,26.07~28.07,68000.0,,사용,,
강남구,11680,대치동,202606,아파트_전월세,대치현대,대치동,974,85,,80000,120,10,4,1999,갱신,26.08~28.08,30000.0,360.0,,,
강남구,11680,일원동,202606,아파트_전월세,수서,일원동,711,59.96,,35000,110,12,20,1992,신규,26.08~28.08,,,,,
강남구,11680,논현동,202606,아파트_전월세,선정릉역모아엘가퍼스트홈,논현동,278-4,20.06,,9595,49,12,9,2023,신규,26.08~28.08,,,,,
강남구,11680,대치동,202606,아파트_전월세,개포우성2,대치동,500,127.78,,165000,0,12,4,1984,신규,26.08~28.08,,,,,
강남구,11680,논현동,202606,아파트_전월세,리스트강남,논현동,202-7,14.29,,6935,50,6,30,2022,갱신,26.09~28.09,6612.0,47.0,,,
강남구,11680,논현동,202606,아파트_전월세,학동역이안테라디움,논현동,207,24.647,,2000,191,9,4,2022,신규,26.07~28.07,,,,,
강남구,11680,대치동,202606,아파트_전월세,은마,대치동,316,76.79,,20000,240,13,22,1979,신규,26.08~28.08,,,,,
강남구,11680,역삼동,202606,아파트_전월세,이지마루역삼,역삼동,678-27,24.6,,35000,0,10,23,2018,신규,26.08~28.08,,,,,
강남구,11680,삼성동,202606,아파트_전월세,래미안라클래시,삼성동,189,71.9,,20000,600,24,15,2021,신규,26.08~28.08,,,,,
강남구,11680,역삼동,202606,아파트_전월세,강남센트럴아이파크,역삼동,902,84.99,,155000,28,21,6,2022,신규,26.08~28.08,,,,,
강남구,11680,대치동,202606,아파트_전월세,은마,대치동,316,84.43,,40000,160,4,19,1979,갱신,26.08~28.08,40000.0,150.0,사용,,
강남구,11680,삼성동,202606,아파트_전월세,삼성동힐스테이트 1단지,삼성동,16-2,84.236,,60000,320,16,20,2008,갱신,26.09~28.09,50000.0,320.0,,,
강남구,11680,논현동,202606,아파트_전월세,펜트힐캐스케이드,논현동,106,43.04,,3000,350,12,27,2023,신규,26.08~28.08,,,,,
강남구,11680,대치동,202606,아파트_전월세,한보미도맨션1,대치동,511,84.48,,30000,300,1,22,1983,신규,26.09~28.09,,,,,
강남구,11680,압구정동,202606,아파트_전월세,현대3차(61~64동),압구정동,443,82.5,,60000,100,12,24,1976,신규,26.08~28.08,,,,,
강남구,11680,논현동,202606,아파트_전월세,논현동한화꿈에그린,논현동,205-2,67.671,,10000,290,6,28,2005,신규,26.08~28.08,,,,,
강남구,11680,일원동,202606,아파트_전월세,디에이치자이개포,일원동,743,41.91,,10056,71,15,15,2021,신규,26.07~28.09,,,,,
강남구,11680,일원동,202606,아파트_전월세,가람,일원동,735,75.16,,35000,173,4,20,1993,갱신,26.08~27.01,35000.0,160.0,,,
강남구,11680,일원동,202606,아파트_전월세,디에이치자이개포,일원동,743,41.91,,21270,30,8,10,2021,신규,26.07~28.09,,,,,
강남구,11680,자곡동,202606,아파트_전월세,강남자곡아이파크,자곡동,602,74.97,,89000,0,14,9,2014,신규,26.08~28.08,,,,,
강남구,11680,대치동,202606,아파트_전월세,대치푸르지오써밋,대치동,1032,102.3261,,230000,0,15,25,2023,신규,26.08~28.08,,,,,
강남구,11680,청담동,202606,아파트_전월세,청담신원아침도시마인,청담동,122-35,27.7131,,1000,120,6,26,2013,신규,26.08~27.08,,,,,
강남구,11680,대치동,202606,아파트_전월세,대치푸르지오써밋,대치동,1032,102.3261,,230000,0,15,25,2023,신규,26.08~28.08,,,,,
강남구,11680,자곡동,202606,아파트_전월세,강남브리즈힐,자곡동,618,84.29,,85000,0,6,6,2014,신규,26.08~28.08,,,,,
강남구,11680,개포동,202606,아파트_전월세,개포주공6단지,개포동,185,60.13,,3000,80,8,20,1983,신규,26.08~28.08,,,,,
강남구,11680,일원동,202606,아파트_전월세,가람,일원동,735,84.95,,60000,120,3,4,1993,신규,26.08~28.08,,,,,
강남구,11680,역삼동,202606,아파트_전월세,강남서해그랑블,역삼동,796-29,70.57,,3000,220,3,22,2012,신규,26.08~28.08,,,,,
강남구,11680,도곡동,202606,아파트_전월세,도곡렉슬,도곡동,527,84.9231,,40000,460,16,5,2006,갱신,26.08~28.08,40000.0,405.0,사용,,
강남구,11680,개포동,202606,아파트_전월세,성원대치2단지아파트,개포동,12,39.53,,25000,130,3,22,1992,신규,26.08~28.08,,,,,
강남구,11680,대치동,202606,아파트_전월세,래미안대치팰리스,대치동,1027,114.15,,280000,0,23,30,2015,신규,26.09~28.09,,,,,
강남구,11680,도곡동,202606,아파트_전월세,도곡렉슬,도곡동,527,59.9818,,5000,450,13,4,2006,신규,26.08~27.01,,,,,
강남구,11680,일원동,202606,아파트_전월세,디에이치자이개포,일원동,743,41.91,,21270,30,24,10,2021,신규,26.07~28.09,,,,,
강남구,11680,청담동,202606,아파트_전월세,청담대림이-편한세상,청담동,30-33,81.84,,113000,0,14,28,2002,갱신,26.08~28.08,108000.0,,,,
강남구,11680,도곡동,202606,아파트_전월세,래미안도곡카운티,도곡동,538-3,106.78,,203000,0,15,23,2016,신규,26.08~28.08,,,,,
강남구,11680,대치동,202606,아파트_전월세,은마,대치동,316,76.79,,73000,0,3,24,1979,신규,26.09~28.09,,,,,
강남구,11680,일원동,202606,아파트_전월세,수서,일원동,711,39.98,,5000,160,4,18,1992,신규,26.08~28.08,,,,,
강남구,11680,역삼동,202606,아파트_전월세,역삼푸르지오,역삼동,754-1,59.8848,,91350,0,5,13,2006,갱신,26.08~28.08,87000.0,,사용,,
강남구,11680,역삼동,202606,아파트_전월세,래미안그레이튼,역삼동,763-16,142.06,,202650,0,14,27,2009,갱신,26.08~28.08,193000.0,,사용,,
강남구,11680,역삼동,202606,아파트_전월세,원에디션강남,역삼동,653-4,31.5031,,60000,0,13,29,2024,신규,26.08~28.08,,,,,
강남구,11680,도곡동,202606,아파트_전월세,래미안도곡카운티,도곡동,538-3,59.98,,68000,240,13,25,2016,신규,26.08~28.08,,,,,
강남구,11680,삼성동,202606,아파트_전월세,삼성동힐스테이트 1단지,삼성동,16-2,84.349,,10000,400,1,9,2008,신규,26.08~28.08,,,,,
강남구,11680,신사동,202606,아파트_전월세,압구정대원칸타빌아파트,신사동,659,113.31,,25000,460,6,15,2001,갱신,26.07~27.02,25000.0,370.0,,,
강남구,11680,일원동,202606,아파트_전월세,디에이치자이개포,일원동,743,41.91,,8056,75,15,15,2021,신규,26.07~28.09,,,,,
강남구,11680,역삼동,202606,아파트_전월세,개나리래미안,역삼동,754,129.96,,163800,0,13,6,2006,갱신,26.08~28.08,156000.0,,사용,,
강남구,11680,도곡동,202606,아파트_전월세,우성4,도곡동,465,84.6,,90000,0,8,12,1985,신규,26.07~28.07,,,,,
강남구,11680,개포동,202606,아파트_전월세,현대2,개포동,654,84.81,,87000,0,7,15,1986,신규,26.07~28.07,,,,,
강남구,11680,일원동,202606,아파트_전월세,디에이치자이개포,일원동,743,41.91,,21270,30,13,12,2021,신규,26.07~28.09,,,,,
강남구,11680,역삼동,202606,아파트_전월세,e-편한세상,역삼동,755-4,59.606,,10000,400,17,16,2005,갱신,26.08~27.01,10000.0,330.0,,,
강남구,11680,자곡동,202606,아파트_전월세,강남자곡 힐스테이트,자곡동,619,59.93,,23595,0,3,30,2015,신규,26.07~28.06,,,,,
강남구,11680,도곡동,202606,아파트_전월세,삼경하이빌1,도곡동,948-4,60.53,,31500,0,5,13,2000,신규,26.08~28.08,,,,,
강남구,11680,개포동,202606,아파트_전월세,개포래미안포레스트,개포동,1282,59.92,,40000,280,6,8,2020,신규,26.08~28.08,,,,,
강남구,11680,도곡동,202606,아파트_전월세,삼익,도곡동,869,153.71,,100000,0,4,17,1983,신규,26.09~28.09,,,,,
강남구,11680,청담동,202606,아파트_전월세,청담자이,청담동,134-38,49.618,,90000,0,20,11,2011,신규,26.08~28.08,,,,,
강남구,11680,역삼동,202606,아파트_전월세,원에디션강남,역삼동,653-4,31.5031,,60000,0,13,29,2024,신규,26.08~28.08,,,,,
강남구,11680,청담동,202606,아파트_전월세,삼성청담공원아파트,청담동,60,59.93,,7000,250,5,7,1999,신규,26.09~28.09,,,,,
강남구,11680,역삼동,202606,아파트_전월세,래미안그레이튼,역삼동,763-16,70.98,,10000,420,10,22,2009,갱신,26.08~28.08,10000.0,400.0,사용,,
강남구,11680,논현동,202606,아파트_전월세,리스트강남,논현동,202-7,14.35,,8669,42,10,22,2022,갱신,26.09~28.09,6612.0,47.0,,,
강남구,11680,개포동,202606,아파트_전월세,개포6차우성아파트1동~8동,개포동,658-1,79.97,,48000,0,1,29,1987,갱신,26.06~28.06,48000.0,,,,
강남구,11680,일원동,202606,아파트_전월세,푸른마을아파트101동~111동,일원동,719,84.93,,88000,0,9,20,1994,갱신,26.07~28.07,60900.0,,,,
강남구,11680,대치동,202606,아파트_전월세,선릉역풍림아이원레몬,대치동,890-54,69.81,,53000,0,3,25,2006,갱신,26.08~28.08,50900.0,,,,
강남구,11680,압구정동,202606,아파트_전월세,"현대14차(203,204,205,206동)",압구정동,447,84.94,,10000,275,1,15,1987,갱신,26.06~28.06,10000.0,260.0,사용,,
강남구,11680,도곡동,202606,아파트_전월세,도곡렉슬,도곡동,527,84.9984,,107100,160,9,16,2006,갱신,26.08~28.08,100000.0,160.0,,,
강남구,11680,역삼동,202606,아파트_전월세,원에디션강남,역삼동,653-4,31.5031,,60000,0,13,29,2024,신규,26.08~28.08,,,,,
강남구,11680,자곡동,202606,아파트_전월세,강남자곡 힐스테이트,자곡동,619,51.96,,50000,50,11,11,2015,신규,26.10~28.10,,,,,
강남구,11680,삼성동,202606,아파트_전월세,아크로삼성,삼성동,79,92,,20000,800,10,2,2025,신규,26.07~28.07,,,,,
강남구,11680,도곡동,202606,아파트_전월세,도곡렉슬,도곡동,527,59.9818,,120000,0,23,6,2006,신규,26.08~28.08,,,,,
강남구,11680,도곡동,202606,아파트_전월세,도곡더써밋타워,도곡동,954-17,36.74,,18400,72,4,11,2025,신규,26.08~28.08,,,,,
강남구,11680,개포동,202606,아파트_전월세,래미안블레스티지,개포동,1280,59.967,,114000,0,14,4,2019,신규,26.09~28.09,,,,,
강남구,11680,개포동,202606,아파트_전월세,성원대치2단지아파트,개포동,12,49.86,,12500,200,15,15,1992,신규,26.07~27.11,,,,,
강남구,11680,대치동,202606,아파트_전월세,대치동더블유타워,대치동,952-2,33.78,,1000,130,3,30,2013,신규,26.07~27.01,,,,,
강남구,11680,삼성동,202606,아파트_전월세,삼성동드림하우스,삼성동,47-18,90.16,,50000,120,4,26,2003,신규,26.09~28.09,,,,,
강남구,11680,삼성동,202606,아파트_전월세,호산프라자,삼성동,37,33.21,,5000,76,6,18,1997,갱신,26.07~27.07,5000.0,73.0,,,
강남구,11680,논현동,202606,아파트_전월세,선정릉역모아엘가퍼스트홈,논현동,278-4,18.94,,5503,65,12,5,2023,신규,26.07~28.07,,,,,
강남구,11680,개포동,202606,아파트_전월세,개포래미안포레스트,개포동,1282,59.92,,30000,360,14,17,2020,신규,26.08~28.08,,,,,
강남구,11680,개포동,202606,아파트_전월세,개포주공7단지,개포동,185,83.7,,10000,160,5,13,1983,신규,26.08~28.07,,,,,
강남구,11680,도곡동,202606,아파트_전월세,럭키(963),도곡동,963,124.66,,118000,0,3,7,1995,신규,26.08~28.08,,,,,
강남구,11680,자곡동,202606,아파트_전월세,래미안포레,자곡동,687,84.99,,10000,320,1,4,2014,신규,26.07~28.07,,,,,
강남구,11680,도곡동,202606,아파트_전월세,SK허브프리모,도곡동,953-1,33.8,,3000,130,10,14,2006,신규,26.08~28.08,,,,,
강남구,11680,대치동,202606,아파트_전월세,은마,대치동,316,84.43,,85000,0,5,8,1979,신규,26.07~28.07,,,,,
강남구,11680,대치동,202606,아파트_전월세,은마,대치동,316,76.79,,20000,220,3,2,1979,신규,26.07~28.07,,,,,
강남구,11680,논현동,202606,아파트_전월세,아크로힐스논현,논현동,276-1,84.074,,128000,0,15,13,2014,신규,26.08~28.08,,,,,
강남구,11680,신사동,202606,아파트_전월세,압구정대원칸타빌아파트,신사동,659,84.85,,80000,0,1,6,2001,신규,26.07~28.07,,,,,
강남구,11680,개포동,202606,아파트_전월세,개포래미안포레스트,개포동,1282,84.59,,110000,0,21,16,2020,신규,26.07~28.07,,,,,
강남구,11680,청담동,202606,아파트_전월세,진흥아파트,청담동,65,145.69,,120000,0,2,25,1984,갱신,26.07~28.07,115000.0,,사용,,
강남구,11680,도곡동,202606,아파트_전월세,SK허브프리모,도곡동,953-1,33.8,,33000,0,18,13,2006,신규,26.08~28.08,,,,,
강남구,11680,역삼동,202606,아파트_전월세,현대휴먼터치빌,역삼동,606-18,35.88,,24000,0,5,4,1999,신규,26.07~28.07,,,,,
강남구,11680,도곡동,202606,아파트_전월세,도곡렉슬,도곡동,527,59.9772,,10000,360,15,13,2006,신규,26.07~28.07,,,,,
강남구,11680,대치동,202606,아파트_전월세,동민맥스빌B동,대치동,938-13,65.57,,57500,0,6,6,2004,신규,26.07~28.07,,,,,
강남구,11680,청담동,202606,아파트_전월세,청담범신칼릭스빌2차,청담동,109-16,102.69,,100000,200,6,30,2007,신규,26.07~28.07,,,,,
강남구,11680,개포동,202606,아파트_전월세,성원대치2단지아파트,개포동,12,49.86,,40900,0,5,27,1992,갱신,26.09~28.09,39000.0,,사용,,
강남구,11680,개포동,202606,아파트_전월세,삼익대청아파트,개포동,12,60,,56700,0,6,27,1992,갱신,26.08~28.08,54000.0,,사용,,
강남구,11680,개포동,202606,아파트_전월세,래미안블레스티지,개포동,1280,59.888,,29170,41,2,15,2019,신규,26.07~28.09,,,,,
강남구,11680,대치동,202606,아파트_전월세,한보미도맨션2,대치동,511,115.05,,120000,0,3,16,1985,갱신,26.08~29.02,117000.0,,,,
강남구,11680,역삼동,202606,아파트_전월세,역삼I'PARK,역삼동,713-11,28.246,,20000,100,12,8,2006,신규,26.07~28.07,,,,,
강남구,11680,대치동,202606,아파트_전월세,래미안대치팰리스,대치동,1027,84.97,,38970,560,10,23,2015,갱신,26.08~27.08,30000.0,560.0,,,
강남구,11680,도곡동,202606,아파트_전월세,경남,도곡동,967,59.76,,87500,0,3,27,2005,신규,26.07~28.07,,,,,
강남구,11680,역삼동,202606,아파트_전월세,한양럭스,역삼동,628-1,72.62,,3000,300,1,14,2003,신규,26.07~28.07,,,,,
강남구,11680,자곡동,202606,아파트_전월세,LH수서2단지아파트,자곡동,138-2,14.69,,4927,28,3,30,2024,갱신,26.07~28.06,4692.0,16.0,,,
강남구,11680,개포동,202606,아파트_전월세,성원대치2단지아파트,개포동,12,39.53,,42000,0,4,27,1992,갱신,26.07~28.07,40000.0,,사용,,
강남구,11680,논현동,202606,아파트_전월세,토미빌(228-9),논현동,228-9,145.68,,10000,600,1,26,2003,신규,26.07~28.07,,,,,
강남구,11680,세곡동,202606,아파트_전월세,강남엘에이치1단지,세곡동,579,59.99,,57750,0,1,5,2013,갱신,26.08~28.08,55000.0,,사용,,
강남구,11680,일원동,202606,아파트_전월세,수서,일원동,711,39.98,,10000,140,4,18,1992,신규,26.08~28.08,,,,,
강남구,11680,개포동,202606,아파트_전월세,경남1,개포동,649,96.98,,20000,255,9,30,1984,갱신,26.09~28.09,20000.0,240.0,사용,,
강남구,11680,대치동,202606,아파트_전월세,대치아이파크,대치동,888,59.96,,40000,300,15,25,2008,갱신,26.08~28.08,40000.0,280.0,,,
강남구,11680,압구정동,202606,아파트_전월세,"현대1차(12,13,21,22,31,32,33동)",압구정동,369-1,131.49,,130000,0,12,2,1976,신규,26.08~28.08,,,,,
강남구,11680,개포동,202606,아파트_전월세,래미안블레스티지,개포동,1280,59.888,,26780,53,2,10,2019,신규,26.07~28.09,,,,,
강남구,11680,대치동,202606,아파트_전월세,은마,대치동,316,76.79,,5000,230,9,29,1979,갱신,26.08~28.08,5000.0,200.0,,,
강남구,11680,대치동,202606,아파트_전월세,대치푸르지오써밋,대치동,1032,59.9845,,100000,200,9,6,2023,신규,26.07~28.07,,,,,
강남구,11680,대치동,202606,아파트_전월세,삼성3차,대치동,1016-2,150.03,,100000,200,1,29,2000,갱신,26.10~28.10,100000.0,200.0,사용,,
강남구,11680,역삼동,202606,아파트_전월세,원에디션강남,역삼동,653-4,46.3254,,5000,450,7,1,2024,신규,26.06~27.07,,,,,
강남구,11680,논현동,202606,아파트_전월세,논현동한화꿈에그린,논현동,205-2,67.671,,10000,290,6,28,2005,신규,26.08~28.08,,,,,
강남구,11680,역삼동,202606,아파트_전월세,강남센트럴아이파크,역삼동,902,125.413,,1000,163,27,27,2022,신규,26.06~28.06,,,,,
강남구,11680,대치동,202606,아파트_전월세,롯데캐슬리베,대치동,1025,121.0894,,160000,100,10,28,2008,갱신,26.09~28.09,160000.0,70.0,,,
강남구,11680,도곡동,202606,아파트_전월세,도곡렉슬,도곡동,527,84.9231,,40000,433,16,5,2006,갱신,26.08~28.08,40000.0,405.0,사용,,
강남구,11680,세곡동,202606,아파트_전월세,강남데시앙파크,세곡동,525,84.97,,36000,128,10,30,2011,갱신,26.09~28.09,35000.0,120.0,사용,,
강남구,11680,개포동,202606,아파트_전월세,개포래미안포레스트,개포동,1282,136.06,,240000,0,32,22,2020,갱신,26.09~28.09,230000.0,,사용,,
강남구,11680,역삼동,202606,아파트_전월세,에레프,역삼동,831-29,15.91,,16800,27,9,22,2013,갱신,26.07~28.07,16800.0,27.0,,,
강남구,11680,개포동,202606,아파트_전월세,성원대치2단지아파트,개포동,12,49.86,,48600,0,14,20,1992,신규,26.07~28.01,,,,,
강남구,11680,대치동,202606,아파트_전월세,선릉역대우아이빌(890-49),대치동,890-49,28.34,,1000,100,15,15,2004,신규,26.06~28.06,,,,,
강남구,11680,세곡동,202606,아파트_전월세,강남엘에이치1단지,세곡동,579,59.89,,10000,250,1,26,2013,신규,26.08~28.08,,,,,
강남구,11680,청담동,202606,아파트_전월세,진흥아파트,청담동,65,180.67,,169000,0,11,26,1984,갱신,26.08~28.08,159000.0,,,,
강남구,11680,대치동,202606,아파트_전월세,래미안대치팰리스,대치동,1027,94.51,,220000,0,12,27,2015,갱신,26.08~28.08,195000.0,,,,
강남구,11680,역삼동,202606,아파트_전월세,요진와이시티미니,역삼동,727-9,12.94,,300,93,6,26,2012,신규,26.06~26.09,,,,,
강남구,11680,삼성동,202606,아파트_전월세,미켈란107,삼성동,107,83,,20000,420,8,30,2003,신규,26.07~28.07,,,,,
강남구,11680,일원동,202606,아파트_전월세,수서,일원동,711,39.98,,45000,0,11,26,1992,신규,26.08~28.08,,,,,
강남구,11680,도곡동,202606,아파트_전월세,도곡렉슬,도곡동,527,120.8233,,130000,130,18,27,2006,갱신,26.07~28.07,130000.0,75.0,사용,,
강남구,11680,개포동,202606,아파트_전월세,삼익대청아파트,개포동,12,60,,59600,0,9,27,1992,갱신,26.08~28.08,49600.0,,,,
강남구,11680,역삼동,202606,아파트_전월세,한화진넥스빌,역삼동,706-20,43.58,,3000,150,24,6,2001,신규,26.06~28.04,,,,,
강남구,11680,청담동,202606,아파트_전월세,현대아파트,청담동,23,84.78,,78000,0,8,30,1988,신규,26.07~28.07,,,,,
강남구,11680,대치동,202606,아파트_전월세,은마,대치동,316,76.79,,75000,0,8,20,1979,갱신,26.08~28.08,75000.0,,사용,,
강남구,11680,일원동,202606,아파트_전월세,래미안 개포 루체하임,일원동,741,101.97,,168000,0,23,27,2018,갱신,26.09~28.09,160000.0,,사용,,
강남구,11680,자곡동,202606,아파트_전월세,래미안포레,자곡동,687,59.92,,29015,0,8,25,2014,갱신,26.07~28.06,27634.0,,,,
강남구,11680,삼성동,202606,아파트_전월세,우정에쉐르2,삼성동,144-10,59.75,,5000,263,6,9,2004,갱신,26.07~28.07,5000.0,250.0,사용,,
강남구,11680,개포동,202606,아파트_전월세,삼익대청아파트,개포동,12,51.12,,4500,190,6,27,1992,갱신,26.09~28.09,4500.0,180.0,사용,,
강남구,11680,일원동,202606,아파트_전월세,래미안 개포 루체하임,일원동,741,101.99,,155000,0,7,14,2018,신규,26.07~28.07,,,,,
강남구,11680,역삼동,202606,아파트_전월세,역삼래미안,역삼동,757,59.53,,24000,310,20,28,2005,신규,26.08~28.08,,,,,
강남구,11680,대치동,202606,아파트_전월세,은마,대치동,316,76.79,,75000,0,13,25,1979,신규,26.07~28.07,,,,,
강남구,11680,개포동,202606,아파트_전월세,래미안블레스티지,개포동,1280,126.971,,60000,540,30,12,2019,신규,26.07~28.07,,,,,
강남구,11680,대치동,202606,아파트_전월세,개포우성1,대치동,503,127.61,,155000,0,1,14,1983,신규,26.07~28.07,,,,,
강남구,11680,일원동,202606,아파트_전월세,수서,일원동,711,59.94,,5000,200,2,23,1992,신규,26.07~27.09,,,,,
강남구,11680,대치동,202606,아파트_전월세,현대썬앤빌테헤란,대치동,894,44.95,,54500,25,7,17,2016,갱신,26.08~28.08,54500.0,25.0,사용,,
강남구,11680,대치동,202606,아파트_전월세,개포우성1,대치동,503,84.81,,85000,140,3,13,1983,신규,26.08~28.08,,,,,
강남구,11680,역삼동,202606,아파트_전월세,세방하이빌1,역삼동,771-4,59.77,,10000,195,4,11,2003,신규,26.07~28.07,,,,,
강남구,11680,역삼동,202606,아파트_전월세,역삼푸르지오,역삼동,754-1,59.8848,,10000,370,20,22,2006,신규,26.08~28.08,,,,,
강남구,11680,역삼동,202606,아파트_전월세,에레프,역삼동,831-29,15.91,,1000,69,6,30,2013,신규,26.07~27.07,,,,,
강남구,11680,역삼동,202606,아파트_전월세,e-편한세상,역삼동,755-4,59.606,,105000,0,22,26,2005,갱신,26.07~28.07,100000.0,,사용,,
강남구,11680,일원동,202606,아파트_전월세,수서,일원동,711,59.96,,50000,25,12,23,1992,갱신,26.07~28.07,50000.0,15.0,사용,,
강남구,11680,개포동,202606,아파트_전월세,디에이치아너힐즈,개포동,1281,106.9845,,200000,0,32,24,2019,신규,26.07~28.07,,,,,
강남구,11680,압구정동,202606,아파트_전월세,신현대9차,압구정동,426,109.24,,110000,0,6,27,1982,갱신,26.09~28.09,100000.0,,,,
강남구,11680,자곡동,202606,아파트_전월세,LH수서2단지아파트,자곡동,138-2,36.84,,10665,51,5,30,2024,갱신,26.07~28.06,10048.0,49.0,,,
강남구,11680,압구정동,202606,아파트_전월세,현대3차(61~64동),압구정동,443,82.5,,20000,320,5,24,1976,신규,26.07~28.07,,,,,
강남구,11680,일원동,202606,아파트_전월세,래미안 개포 루체하임,일원동,741,59.98,,10000,297,23,27,2018,신규,26.10~27.02,,,,,
강남구,11680,역삼동,202606,아파트_전월세,세방하이빌1,역삼동,771-4,59.77,,64000,0,3,29,2003,갱신,26.07~28.07,61000.0,,사용,,
강남구,11680,대치동,202606,아파트_전월세,한보미도맨션1,대치동,511,84.48,,89000,0,6,20,1983,갱신,26.08~27.09,87000.0,,사용,,
강남구,11680,도곡동,202606,아파트_전월세,래미안도곡카운티,도곡동,538-3,106.78,,203000,0,15,23,2016,신규,26.08~28.08,,,,,
강남구,11680,역삼동,202606,아파트_전월세,한화진넥스빌,역삼동,706-20,39.2,,10000,90,21,25,2001,신규,26.07~27.07,,,,,
강남구,11680,대치동,202606,아파트_전월세,우정에쉐르,대치동,950,91.46,,83000,0,6,25,2004,갱신,26.08~28.08,80000.0,,,,
강남구,11680,역삼동,202606,아파트_전월세,대우디오빌,역삼동,720-25,36.96,,1000,140,21,22,2002,갱신,26.08~28.08,1000.0,135.0,사용,,
강남구,11680,역삼동,202606,아파트_전월세,역삼I'PARK,역삼동,713-11,28.246,,2000,170,17,22,2006,신규,26.07~27.07,,,,,
강남구,11680,역삼동,202606,아파트_전월세,역삼동월드메르디앙,역삼동,795-41,103.07,,65000,150,2,27,2005,신규,26.09~28.09,,,,,
강남구,11680,신사동,202606,아파트_전월세,신사아이빌(522),신사동,522,90.35,,20000,290,6,29,2006,신규,26.07~28.07,,,,,
강남구,11680,개포동,202606,아파트_전월세,성원대치2단지아파트,개포동,12,39.53,,32300,0,6,20,1992,갱신,26.08~28.08,30800.0,,사용,,
강남구,11680,역삼동,202606,아파트_전월세,현대휴먼터치빌,역삼동,606-18,35.88,,2000,110,14,8,1999,신규,26.07~27.07,,,,,
강남구,11680,개포동,202606,아파트_전월세,래미안블레스티지,개포동,1280,84.943,,30000,404,6,20,2019,갱신,26.07~28.07,30000.0,380.0,사용,,
강남구,11680,압구정동,202606,아파트_전월세,한양6,압구정동,484,106.71,,90000,0,11,17,1980,신규,26.08~28.08,,,,,
강남구,11680,역삼동,202606,아파트_전월세,대우디오빌,역삼동,720-25,36.96,,32000,0,4,25,2002,신규,26.08~28.08,,,,,
강남구,11680,수서동,202606,아파트_전월세,까치마을,수서동,746,34.44,,40000,0,11,24,1993,신규,26.07~28.07,,,,,
강남구,11680,압구정동,202606,아파트_전월세,현대8차(성수현대:91~95동),압구정동,481,107.64,,10000,305,11,21,1980,갱신,26.06~28.06,10000.0,295.0,,,
강남구,11680,논현동,202606,아파트_전월세,선정릉역모아엘가퍼스트홈,논현동,278-4,14.16,,7217,36,12,11,2023,신규,26.07~27.07,,,,,
강남구,11680,청담동,202606,아파트_전월세,청담자이,청담동,134-38,50.316,,20000,440,30,29,2011,신규,26.07~28.07,,,,,
강남구,11680,삼성동,202606,아파트_전월세,쌍용플래티넘,삼성동,117,154.77,,168000,0,20,25,2003,갱신,26.08~28.08,160000.0,,사용,,
강남구,11680,대치동,202606,아파트_전월세,은마,대치동,316,76.79,,52500,40,1,3,1979,갱신,26.08~28.08,50000.0,40.0,사용,,
강남구,11680,역삼동,202606,아파트_전월세,대우디오빌,역삼동,720-25,39.13,,1000,115,6,18,2002,갱신,26.06~28.06,1000.0,110.0,,,
강남구,11680,수서동,202606,아파트_전월세,신동아,수서동,736,39.51,,52000,0,4,23,1992,신규,26.07~28.07,,,,,
강남구,11680,개포동,202606,아파트_전월세,성원대치2단지아파트,개포동,12,39.53,,5000,190,2,30,1992,신규,26.07~28.07,,,,,
강남구,11680,개포동,202606,아파트_전월세,래미안블레스티지,개포동,1280,84.943,,150000,0,7,12,2019,신규,26.07~28.07,,,,,
강남구,11680,일원동,202606,아파트_전월세,수서,일원동,711,39.98,,36000,0,14,29,1992,갱신,26.08~28.08,36000.0,,사용,,
강남구,11680,자곡동,202606,아파트_전월세,강남자곡 힐스테이트,자곡동,619,23.32,,9722,0,10,30,2015,신규,26.07~28.06,,,,,
강남구,11680,개포동,202606,아파트_전월세,개포자이,개포동,12-2,134.3,,20000,400,6,16,2004,갱신,26.08~28.08,20000.0,400.0,사용,,
강남구,11680,대치동,202606,아파트_전월세,포스코더샵,대치동,902,139.54,,175000,0,3,25,2004,신규,26.07~28.07,,,,,
강남구,11680,삼성동,202606,아파트_전월세,위레벤646,삼성동,78-1,31.2057,,4000,360,14,17,2021,신규,26.06~27.06,,,,,
강남구,11680,청담동,202606,아파트_전월세,삼성청담공원아파트,청담동,60,59.93,,40000,150,4,6,1999,신규,26.09~28.09,,,,,
강남구,11680,개포동,202606,아파트_전월세,디에이치아너힐즈,개포동,1281,84.3558,,10000,570,6,24,2019,신규,26.07~28.07,,,,,
강남구,11680,도곡동,202606,아파트_전월세,타워팰리스1,도곡동,467,120.78,,15000,780,24,10,2002,신규,26.07~28.07,,,,,
강남구,11680,역삼동,202606,아파트_전월세,역삼푸르지오,역삼동,754-1,84.9097,,125800,0,9,27,2006,갱신,26.10~28.10,120000.0,,사용,,
강남구,11680,대치동,202606,아파트_전월세,은마,대치동,316,84.43,,10000,320,13,17,1979,신규,26.08~28.08,,,,,
강남구,11680,논현동,202606,아파트_전월세,펜트힐캐스케이드,논현동,106,43.04,,65000,0,6,3,2023,신규,26.07~28.07,,,,,
강남구,11680,삼성동,202606,아파트_전월세,미켈란147,삼성동,147-2,84.86,,20000,430,18,25,2004,갱신,26.09~28.09,20000.0,410.0,,,
강남구,11680,신사동,202606,아파트_전월세,로데오현대,신사동,658,84.96,,15000,325,2,26,1998,신규,26.07~28.07,,,,,
강남구,11680,청담동,202606,아파트_전월세,청담스위트,청담동,34-13,12.449,,1000,86,3,18,2015,신규,26.07~27.07,,,,,
강남구,11680,대치동,202606,아파트_전월세,대우아이빌명문가(891-23),대치동,891-23,34.2,,1000,105,7,25,2004,갱신,26.07~28.06,1000.0,100.0,사용,,
강남구,11680,청담동,202606,아파트_전월세,청담자이,청담동,134-38,50.316,,10000,430,17,29,2011,신규,26.07~28.07,,,,,
강남구,11680,도곡동,202606,아파트_전월세,도곡우성아파트,도곡동,934-10,84.83,,69300,0,15,19,1986,갱신,26.07~28.07,66000.0,,사용,,
강남구,11680,수서동,202606,아파트_전월세,삼성,수서동,747,84.97,,87000,0,2,27,1997,갱신,26.08~28.08,83000.0,,사용,,
강남구,11680,일원동,202606,아파트_전월세,상록수,일원동,734,84.95,,30000,100,1,26,1993,갱신,26.06~28.06,20000.0,100.0,,,
강남구,11680,수서동,202606,아파트_전월세,강남데시앙포레,수서동,795,84.92,,55000,160,2,28,2014,갱신,26.07~28.07,50000.0,155.0,,,
강남구,11680,삼성동,202606,아파트_전월세,현대힐스테이트2단지,삼성동,50,84.236,,10000,445,10,25,2008,갱신,26.07~28.07,10000.0,445.0,사용,,
강남구,11680,논현동,202606,아파트_전월세,동현아파트1~6,논현동,105,120.58,,50000,160,6,19,1985,신규,26.08~28.08,,,,,
강남구,11680,대치동,202606,아파트_전월세,은마,대치동,316,84.43,,40000,0,3,25,1979,신규,26.06~28.06,,,,,
강남구,11680,대치동,202606,아파트_전월세,한보미도맨션1,대치동,511,128.01,,134000,0,11,9,1983,갱신,26.08~28.08,128000.0,,사용,,
강남구,11680,논현동,202606,아파트_전월세,루시아도산208,논현동,60,41.15,,46000,0,12,30,2023,신규,26.07~28.07,,,,,
강남구,11680,개포동,202606,아파트_전월세,디에이치아너힐즈,개포동,1281,84.357,,154000,0,6,20,2019,갱신,26.09~28.09,150000.0,,사용,,
강남구,11680,압구정동,202606,아파트_전월세,"현대14차(203,204,205,206동)",압구정동,447,84.98,,99750,0,11,29,1987,갱신,26.08~28.08,95000.0,,사용,,
강남구,11680,압구정동,202606,아파트_전월세,현대8차(성수현대:91~95동),압구정동,481,163.67,,120000,0,1,2,1980,신규,26.07~28.07,,,,,
강남구,11680,도곡동,202606,아파트_전월세,대우디오빌,도곡동,952,25.89,,23000,0,8,8,2004,갱신,26.08~28.08,22500.0,,사용,,
강남구,11680,대치동,202606,아파트_전월세,은마,대치동,316,84.43,,65000,85,9,2,1979,신규,26.08~28.08,,,,,
강남구,11680,개포동,202606,아파트_전월세,성원대치2단지아파트,개포동,12,33.18,,33000,0,1,20,1992,신규,26.08~28.08,,,,,
강남구,11680,청담동,202606,아파트_전월세,래미안청담로이뷰,청담동,134,110.2,,126000,0,7,29,1992,갱신,26.08~28.08,120000.0,,사용,,
강남구,11680,도곡동,202606,아파트_전월세,아카데미스위트1,도곡동,467-7,122.07,,157500,0,15,27,2004,갱신,26.11~28.11,150000.0,,사용,,
강남구,11680,대치동,202606,아파트_전월세,대치현대,대치동,974,59.82,,17500,240,8,27,1999,신규,26.07~27.01,,,,,
강남구,11680,역삼동,202606,아파트_전월세,강남센트럴아이파크,역삼동,902,125.462,,70000,570,3,26,2022,갱신,26.06~28.06,70000.0,550.0,,,
강남구,11680,삼성동,202606,아파트_전월세,아크로삼성,삼성동,79,167.2,,300000,720,23,25,2025,신규,26.07~28.07,,,,,
강남구,11680,역삼동,202606,아파트_전월세,역삼I'PARK,역삼동,713-11,116.285,,50000,450,15,27,2006,갱신,26.06~28.06,50000.0,420.0,사용,,
강남구,11680,개포동,202606,아파트_전월세,경남1,개포동,649,123.28,,114000,0,4,5,1984,갱신,26.09~28.09,109000.0,,사용,,
강남구,11680,개포동,202606,아파트_전월세,개포자이프레지던스,개포동,1284,84.5978,,20000,570,4,27,2023,신규,26.07~28.07,,,,,
강남구,11680,일원동,202606,아파트_전월세,수서,일원동,711,52.29,,47000,0,14,27,1992,갱신,26.08~28.08,45000.0,,사용,,
강남구,11680,일원동,202606,아파트_전월세,수서,일원동,711,59.96,,58800,0,10,10,1992,갱신,26.07~28.07,56000.0,,사용,,
강남구,11680,개포동,202606,아파트_전월세,래미안블레스티지,개포동,1280,59.888,,60000,245,5,6,2019,신규,26.08~28.08,,,,,
강남구,11680,자곡동,202606,아파트_전월세,강남한양수자인(4단지),자곡동,686,49.94,,2172,45,5,25,2014,신규,26.07~28.09,,,,,
강남구,11680,개포동,202606,아파트_전월세,성원대치2단지아파트,개포동,12,49.86,,65000,0,14,29,1992,신규,26.08~28.08,,,,,
강남구,11680,삼성동,202606,아파트_전월세,포스코트,삼성동,146,160.53,,20000,500,11,15,2003,신규,26.07~28.07,,,,,
강남구,11680,대치동,202606,아파트_전월세,은마,대치동,316,76.79,,5000,260,7,17,1979,갱신,26.07~28.07,5000.0,240.0,,,
강남구,11680,삼성동,202606,아파트_전월세,삼성동한솔아파트,삼성동,4-6,58.57,,50000,80,16,20,1998,갱신,26.07~28.07,50000.0,49.0,,,
강남구,11680,역삼동,202606,아파트_전월세,역삼래미안,역삼동,757,59.53,,20000,330,10,17,2005,신규,26.07~28.07,,,,,
강남구,11680,삼성동,202606,아파트_전월세,미켈란147,삼성동,147-2,84.86,,20000,440,12,30,2004,갱신,26.10~28.10,20000.0,430.0,,,
강남구,11680,역삼동,202606,아파트_전월세,오투빌(파크앤스위트),역삼동,830-46,80.75,,15000,280,5,16,2003,신규,26.07~28.07,,,,,
강남구,11680,도곡동,202606,아파트_전월세,한신엠비씨,도곡동,895-8,58.46,,30000,200,13,3,1988,신규,26.08~28.08,,,,,
강남구,11680,역삼동,202606,아파트_전월세,역삼래미안,역삼동,757,59.4,,94500,0,13,22,2005,갱신,26.07~28.07,90000.0,,사용,,
강남구,11680,자곡동,202606,아파트_전월세,강남자곡 힐스테이트,자곡동,619,51.96,,58800,0,7,29,2015,갱신,26.07~28.07,56000.0,,사용,,
강남구,11680,역삼동,202606,아파트_전월세,이지마루역삼,역삼동,678-27,24.6,,34000,0,8,26,2018,갱신,26.07~28.07,32500.0,,,,
강남구,11680,역삼동,202606,아파트_전월세,역삼디오슈페리움,역삼동,832-5,46.9,,44000,50,15,26,2006,신규,26.07~28.07,,,,,
강남구,11680,수서동,202606,아파트_전월세,까치마을,수서동,746,34.44,,32500,0,9,27,1993,갱신,26.07~28.07,31000.0,,사용,,
강남구,11680,대치동,202606,아파트_전월세,은마,대치동,316,76.79,,40000,150,3,20,1979,신규,26.07~28.07,,,,,
강남구,11680,삼성동,202606,아파트_전월세,삼성동힐스테이트 1단지,삼성동,16-2,31.402,,53000,48,18,15,2008,신규,26.06~28.06,,,,,
강남구,11680,삼성동,202606,아파트_전월세,서광아파트,삼성동,2,84.93,,105000,0,6,30,1998,신규,26.09~28.09,,,,,
강남구,11680,청담동,202606,아파트_전월세,청담자이,청담동,134-38,49.639,,10000,420,16,29,2011,신규,26.08~28.08,,,,,
강남구,11680,수서동,202606,아파트_전월세,강남데시앙포레,수서동,795,84.86,,30000,257,13,19,2014,갱신,26.09~28.09,30000.0,240.0,사용,,
강남구,11680,청담동,202606,아파트_전월세,현대아파트,청담동,23,84.92,,85000,0,10,26,1988,신규,26.07~28.07,,,,,
강남구,11680,대치동,202606,아파트_전월세,선경1차(1동-7동),대치동,506,84.35,,70000,200,14,9,1983,신규,26.08~28.08,,,,,
강남구,11680,대치동,202606,아파트_전월세,테헤란로대우아이빌(891-6),대치동,891-6,33.11,,15000,60,8,1,2004,신규,26.07~28.07,,,,,
강남구,11680,논현동,202606,아파트_전월세,동현아파트1~6,논현동,105,84.92,,82000,0,10,26,1985,신규,26.09~28.09,,,,,
강남구,11680,개포동,202606,아파트_전월세,래미안블레스티지,개포동,1280,59.967,,85000,120,5,20,2019,갱신,26.06~28.05,80000.0,80.0,,,
강남구,11680,개포동,202606,아파트_전월세,개포자이프레지던스,개포동,1284,84.5978,,60000,420,6,13,2023,신규,26.07~28.07,,,,,
강남구,11680,역삼동,202606,아파트_전월세,대우디오빌플러스,역삼동,824-25,43.99,,20000,50,2,5,2004,신규,26.07~28.07,,,,,
강남구,11680,논현동,202606,아파트_전월세,동현아파트1~6,논현동,105,84.92,,72400,0,11,4,1985,갱신,26.06~28.07,69000.0,,,,
강남구,11680,개포동,202606,아파트_전월세,개포자이프레지던스,개포동,1284,84.5978,,60000,350,6,29,2023,신규,26.09~28.09,,,,,
강남구,11680,역삼동,202606,아파트_전월세,역삼I'PARK,역삼동,713-11,28.246,,48000,0,6,18,2006,신규,26.07~28.07,,,,,
강남구,11680,청담동,202606,아파트_전월세,연세리버빌7차A동,청담동,127,181.97,,126000,0,6,27,2004,갱신,26.09~28.09,120000.0,,사용,,
강남구,11680,자곡동,202606,아파트_전월세,LH수서2단지아파트,자곡동,138-2,14.69,,1427,27,12,19,2024,갱신,26.07~28.06,1192.0,26.0,,,
강남구,11680,논현동,202606,아파트_전월세,KIRINHILLS,논현동,130-9,18.04,,1000,108,14,8,2020,신규,26.06~27.06,,,,,
강남구,11680,청담동,202606,아파트_전월세,청담자이,청담동,134-38,49.619,,35000,300,4,15,2011,신규,26.07~28.07,,,,,
강남구,11680,자곡동,202606,아파트_전월세,래미안포레,자곡동,687,101.51,,90000,80,11,20,2014,갱신,26.08~28.08,80000.0,50.0,,,
강남구,11680,논현동,202606,아파트_전월세,리스트강남,논현동,202-7,17.41,,7533,54,13,1,2022,신규,26.07~28.07,,,,,
강남구,11680,청담동,202606,아파트_전월세,청담동현대빌라트,청담동,121,169.63,,180000,0,8,29,1998,신규,26.08~28.08,,,,,
강남구,11680,청담동,202606,아파트_전월세,청담현대3차아파트,청담동,127-31,85,,50000,300,11,22,1999,갱신,26.10~28.10,50000.0,300.0,사용,,
강남구,11680,논현동,202606,아파트_전월세,리스트강남,논현동,202-7,14.29,,6935,50,8,5,2022,갱신,26.07~28.07,6612.0,45.0,,,
강남구,11680,대치동,202606,아파트_전월세,대치푸르지오써밋,대치동,1032,59.9845,,131200,0,7,16,2023,갱신,26.08~28.08,125000.0,,사용,,
강남구,11680,도곡동,202606,아파트_전월세,도곡렉슬,도곡동,527,114.9931,,165000,0,2,27,2006,신규,26.09~28.09,,,,,
강남구,11680,삼성동,202606,아파트_전월세,삼성동힐스테이트 1단지,삼성동,16-2,84.236,,10000,453,3,24,2008,갱신,26.07~28.07,10000.0,430.0,사용,,
강남구,11680,일원동,202606,아파트_전월세,푸른마을아파트101동~111동,일원동,719,84.93,,40000,240,3,21,1994,신규,26.09~28.09,,,,,
강남구,11680,삼성동,202606,아파트_전월세,래미안라클래시,삼성동,189,101.98,,60000,640,11,16,2021,갱신,26.07~28.07,60000.0,600.0,사용,,
강남구,11680,수서동,202606,아파트_전월세,삼익,수서동,708,49.2,,58000,0,5,13,1992,신규,26.07~28.07,,,,,
강남구,11680,논현동,202606,아파트_전월세,동현아파트1~6,논현동,105,119.67,,90000,0,1,30,1985,신규,26.08~28.08,,,,,
강남구,11680,개포동,202606,아파트_전월세,래미안블레스티지,개포동,1280,99.991,,168000,0,10,18,2019,신규,26.08~28.08,,,,,
강남구,11680,개포동,202606,아파트_전월세,디에이치아너힐즈,개포동,1281,49.4013,,90000,0,4,23,2019,신규,26.08~28.08,,,,,
강남구,11680,도곡동,202606,아파트_전월세,아카데미스위트1,도곡동,467-7,164.87,,10000,400,26,29,2004,신규,26.07~28.04,,,,,
강남구,11680,역삼동,202606,아파트_전월세,역삼푸르지오,역삼동,754-1,59.8848,,77490,0,2,29,2006,갱신,26.07~28.07,73800.0,,,,
강남구,11680,도곡동,202606,아파트_전월세,우성캐릭터199,도곡동,467-24,132.94,,140000,0,20,25,1998,신규,26.08~28.08,,,,,
강남구,11680,일원동,202606,아파트_전월세,목련타운,일원동,716,99.79,,120000,0,6,6,1993,신규,26.08~28.08,,,,,
강남구,11680,도곡동,202606,아파트_전월세,경남,도곡동,967,59.76,,50000,66,14,20,2005,갱신,26.06~26.12,65000.0,,,,
강남구,11680,일원동,202606,아파트_전월세,디에이치자이개포,일원동,743,41.91,,10000,71,11,10,2021,신규,26.07~28.09,,,,,
강남구,11680,삼성동,202606,아파트_전월세,한양립스,삼성동,142-16,38.2471,,43000,0,7,13,2022,갱신,26.07~28.07,43000.0,,사용,,
강남구,11680,일원동,202606,아파트_전월세,수서,일원동,711,39.98,,37800,0,8,20,1992,갱신,26.08~28.08,36000.0,,사용,,
강남구,11680,대치동,202606,아파트_전월세,삼환SOGOOD,대치동,938-16,105.6,,80000,155,4,22,2006,갱신,26.06~28.04,80000.0,165.0,사용,,
강남구,11680,역삼동,202606,아파트_전월세,강남센트럴아이파크,역삼동,902,125.413,,50000,760,9,23,2022,갱신,26.09~27.09,50000.0,700.0,,,
강남구,11680,신사동,202606,아파트_전월세,금광아크존(635-14),신사동,635-14,58.35,,5000,260,4,29,2004,신규,26.07~28.07,,,,,
강남구,11680,자곡동,202606,아파트_전월세,LH수서2단지아파트,자곡동,138-2,36.84,,17265,19,11,30,2024,갱신,26.07~28.06,16648.0,17.0,,,
강남구,11680,세곡동,202606,아파트_전월세,강남엘에이치1단지,세곡동,579,59.89,,73000,0,4,27,2013,신규,26.09~28.09,,,,,
강남구,11680,개포동,202606,아파트_전월세,현대아파트3,개포동,177,131.83,,115500,0,7,25,1986,갱신,26.06~28.06,110000.0,,사용,,
강남구,11680,논현동,202606,아파트_전월세,쌍용,논현동,103,84.87,,20000,150,2,13,1996,갱신,26.06~28.06,20000.0,76.0,사용,,
강남구,11680,개포동,202606,아파트_전월세,래미안블레스티지,개포동,1280,84.94,,55000,304,10,26,2019,갱신,26.08~28.08,55000.0,280.0,사용,,
강남구,11680,삼성동,202606,아파트_전월세,미켈란107,삼성동,107,83,,82000,0,16,20,2003,갱신,26.08~28.08,80000.0,,사용,,
강남구,11680,개포동,202606,아파트_전월세,성원대치2단지아파트,개포동,12,33.18,,31000,15,1,20,1992,갱신,26.08~28.08,31000.0,,,,
강남구,11680,대치동,202606,아파트_전월세,대치현대,대치동,974,59.82,,3000,300,9,12,1999,신규,26.07~28.07,,,,,
강남구,11680,논현동,202606,아파트_전월세,선정릉역모아엘가퍼스트홈,논현동,278-4,20.06,,9595,49,12,9,2023,신규,26.08~28.08,,,,,
강남구,11680,대치동,202606,아파트_전월세,대치현대,대치동,974,85,,40000,280,12,27,1999,신규,26.08~28.08,,,,,
강남구,11680,개포동,202606,아파트_전월세,성원대치2단지아파트,개포동,12,33.18,,33600,0,8,26,1992,갱신,26.07~28.07,32000.0,,사용,,
강남구,11680,도곡동,202606,아파트_전월세,대림아크로빌,도곡동,467-6,172.467,,210000,0,24,20,1999,갱신,26.06~28.06,190000.0,,,,
강남구,11680,삼성동,202606,아파트_전월세,LG선릉에클라트(A),삼성동,142-7,36.16,,1000,128,3,10,2003,신규,26.08~28.08,,,,,
강남구,11680,수서동,202606,아파트_전월세,강남 더샵 포레스트,수서동,799,146.7139,,200000,0,5,30,2016,신규,26.08~28.08,,,,,
강남구,11680,청담동,202606,아파트_전월세,삼환(101동),청담동,10,84.97,,81000,40,7,8,1999,갱신,26.07~28.07,81000.0,,,,
강남구,11680,논현동,202606,아파트_전월세,신동아(22),논현동,22,35.73,,47000,0,4,11,1997,갱신,26.06~28.06,45000.0,,사용,,
강남구,11680,대치동,202606,아파트_전월세,한보미도맨션1,대치동,511,128.01,,46000,320,12,11,1983,갱신,26.06~28.05,126000.0,,,,
강남구,11680,개포동,202606,아파트_전월세,성원대치2단지아파트,개포동,12,39.53,,6000,145,14,18,1992,신규,26.07~28.09,,,,,
강남구,11680,삼성동,202606,아파트_전월세,삼성동롯데아파트,삼성동,17,91.77,,118250,0,15,29,2000,갱신,26.07~28.07,110250.0,,,,
강남구,11680,청담동,202606,아파트_전월세,현대한강빌라,청담동,106,136.26,,70000,290,3,18,1992,신규,26.08~28.08,,,,,
강남구,11680,역삼동,202606,아파트_전월세,원에디션강남,역삼동,653-4,46.3254,,80000,0,7,8,2024,신규,26.07~28.07,,,,,
강남구,11680,도곡동,202606,아파트_전월세,도곡렉슬,도곡동,527,59.9818,,90000,120,21,27,2006,신규,26.08~28.08,,,,,
강남구,11680,역삼동,202606,아파트_전월세,역삼동월드메르디앙,역삼동,795-41,83.27,,78750,0,9,20,2005,갱신,26.09~28.09,75000.0,,사용,,
강남구,11680,일원동,202606,아파트_전월세,우성7,일원동,615,84.06,,76600,0,2,13,1987,갱신,26.08~28.08,73000.0,,사용,,
강남구,11680,청담동,202606,아파트_전월세,청담자이,청담동,134-38,82.365,,60000,360,15,9,2011,갱신,26.09~27.08,50000.0,50.0,,,
강남구,11680,도곡동,202606,아파트_전월세,삼성래미안,도곡동,91-5,59.96,,110000,50,21,16,2001,갱신,26.11~28.10,110000.0,,,,
강남구,11680,논현동,202606,아파트_전월세,거평프리젠,논현동,196,39.035,,1500,160,7,17,1996,신규,26.06~28.06,,,,,
강남구,11680,개포동,202606,아파트_전월세,개포더샵트리에,개포동,651-1,105.8064,,128000,24,11,25,2021,갱신,26.08~28.08,128000.0,,사용,,
강남구,11680,개포동,202606,아파트_전월세,삼익대청아파트,개포동,12,51.12,,60000,0,9,26,1992,갱신,26.09~28.09,50000.0,,,,
강남구,11680,논현동,202606,아파트_전월세,리스트강남,논현동,202-7,42.02,,10075,107,11,2,2022,갱신,26.07~28.07,9605.0,97.0,,,
강남구,11680,일원동,202606,아파트_전월세,래미안 개포 루체하임,일원동,741,59.99,,125000,0,5,20,2018,신규,26.08~28.08,,,,,
강남구,11680,대치동,202606,아파트_전월세,"쌍용대치아파트1동,2동,3동,5동,6동",대치동,66,83.56,,85000,0,13,7,1983,신규,26.08~28.08,,,,,
강남구,11680,삼성동,202606,아파트_전월세,위레벤646,삼성동,78-1,31.2057,,10000,330,18,9,2021,신규,26.06~28.06,,,,,
강남구,11680,압구정동,202606,아파트_전월세,한양8(81동한개동),압구정동,510,210.1,,220000,0,11,11,1984,갱신,26.08~28.08,210000.0,,,,
강남구,11680,역삼동,202606,아파트_전월세,오투빌(파크앤스위트),역삼동,830-46,73.36,,6000,320,5,20,2003,신규,26.07~28.07,,,,,
강남구,11680,압구정동,202606,아파트_전월세,미성2차,압구정동,397,74.4,,70000,80,8,25,1987,신규,26.08~27.09,,,,,
강남구,11680,논현동,202606,아파트_전월세,리스트강남,논현동,202-7,45.45,,16891,77,14,5,2022,신규,26.08~28.07,,,,,
강남구,11680,수서동,202606,아파트_전월세,강남데시앙포레,수서동,795,84.86,,105000,0,5,12,2014,신규,26.09~28.09,,,,,
강남구,11680,대치동,202606,아파트_전월세,대우아이빌멤버스(891-26),대치동,891-26,35.796,,1000,135,9,18,2003,신규,26.07~27.07,,,,,
강남구,11680,압구정동,202606,아파트_전월세,한양6,압구정동,484,106.71,,15700,294,10,10,1980,갱신,26.06~28.06,15000.0,280.0,사용,,
강남구,11680,개포동,202606,아파트_전월세,개포래미안포레스트,개포동,1282,84.83,,150000,0,22,16,2020,갱신,26.10~28.10,135000.0,,,,
강남구,11680,역삼동,202606,아파트_전월세,대우디오빌,역삼동,720-25,36.96,,2000,150,12,15,2002,신규,26.06~27.06,,,,,
강남구,11680,일원동,202606,아파트_전월세,샘터마을,일원동,718,134.438,,70000,300,5,28,1994,신규,26.10~28.10,,,,,
강남구,11680,대치동,202606,아파트_전월세,한티(933-35),대치동,933-35,93.38,,5000,270,7,26,2004,갱신,26.06~26.12,15000.0,210.0,사용,,
강남구,11680,일원동,202606,아파트_전월세,가람,일원동,735,75.16,,80000,0,2,14,1993,신규,26.08~28.08,,,,,
강남구,11680,자곡동,202606,아파트_전월세,래미안강남힐즈,자곡동,611,101.94,,20000,319,8,15,2014,갱신,26.08~28.08,20000.0,300.0,사용,,
강남구,11680,수서동,202606,아파트_전월세,까치마을,수서동,746,34.44,,15000,54,9,20,1993,갱신,26.06~28.02,15000.0,49.0,사용,,
강남구,11680,대치동,202606,아파트_전월세,래미안대치팰리스,대치동,1027,94.49,,200000,0,35,16,2015,신규,26.08~28.08,,,,,
강남구,11680,개포동,202606,아파트_전월세,래미안블레스티지,개포동,1280,84.94,,131250,0,14,27,2019,갱신,26.08~28.08,125000.0,,사용,,
강남구,11680,세곡동,202606,아파트_전월세,강남엘에이치1단지,세곡동,579,59.89,,64000,0,6,18,2013,갱신,26.07~28.07,61000.0,,사용,,
강남구,11680,개포동,202606,아파트_전월세,개포래미안포레스트,개포동,1282,84.83,,150000,0,32,6,2020,신규,26.08~28.08,,,,,
강남구,11680,청담동,202606,아파트_전월세,"청담2차이-편한세상(201동,202동,203동)",청담동,14,84.97,,105000,0,3,17,2006,신규,26.07~28.07,,,,,
강남구,11680,청담동,202606,아파트_전월세,휴먼스타빌,청담동,5-25,35.905,,0,300,23,21,2005,신규,26.06~26.12,,,,,
강남구,11680,역삼동,202606,아파트_전월세,래미안그레이튼,역삼동,763-16,59.97,,9000,345,12,27,2009,갱신,26.07~27.07,9500.0,248.0,,,
강남구,11680,자곡동,202606,아파트_전월세,LH수서2단지아파트,자곡동,138-2,26.54,,12655,17,3,30,2024,갱신,26.07~28.06,12586.0,13.0,,,
강남구,11680,개포동,202606,아파트_전월세,개포주공7단지,개포동,185,53.46,,40000,0,4,17,1983,갱신,26.07~28.07,43000.0,,사용,,
강남구,11680,자곡동,202606,아파트_전월세,래미안강남힐즈,자곡동,611,101.94,,113000,0,11,19,2014,갱신,26.08~28.08,98000.0,,,,
강남구,11680,역삼동,202606,아파트_전월세,래미안펜타빌,역삼동,713-7,135.67,,173000,0,1,13,2007,갱신,26.10~28.10,167000.0,,,,
강남구,11680,역삼동,202606,아파트_전월세,대우디오빌,역삼동,720-25,30.03,,2000,110,15,10,2002,신규,26.07~27.07,,,,,
강남구,11680,대치동,202606,아파트_전월세,개포우성1,대치동,503,84.81,,90000,115,6,15,1983,갱신,26.08~28.08,90000.0,,사용,,
강남구,11680,개포동,202606,아파트_전월세,현대1차101동~106동,개포동,653,128.62,,90000,0,10,16,1984,신규,26.07~28.07,,,,,
강남구,11680,일원동,202606,아파트_전월세,디에이치자이개포,일원동,743,41.91,,7640,76,22,10,2021,신규,26.07~28.09,,,,,
강남구,11680,역삼동,202606,아파트_전월세,시티프라디움더강남201동,역삼동,901,70.54,,10000,300,11,22,2021,신규,26.06~28.06,,,,,
강남구,11680,역삼동,202606,아파트_전월세,래미안그레이튼,역삼동,763-16,84.97,,145000,0,4,22,2009,신규,26.10~28.10,,,,,
강남구,11680,역삼동,202606,아파트_전월세,한화진넥스빌,역삼동,706-20,34.82,,23500,0,12,19,2001,신규,26.07~28.07,,,,,
강남구,11680,역삼동,202606,아파트_전월세,시티프라디움더강남201동,역삼동,901,70.54,,10000,460,5,30,2021,신규,26.07~28.07,,,,,
강남구,11680,일원동,202606,아파트_전월세,목련타운,일원동,716,99.79,,120000,0,7,13,1993,신규,26.08~28.08,,,,,
강남구,11680,개포동,202606,아파트_전월세,개포래미안포레스트,개포동,1282,102.32,,175000,0,29,10,2020,신규,26.10~28.10,,,,,
강남구,11680,역삼동,202606,아파트_전월세,대우디오빌,역삼동,720-25,30.03,,27000,0,15,19,2002,신규,26.07~28.07,,,,,
강남구,11680,개포동,202606,아파트_전월세,새롬(1164-14),개포동,1164-14,57.93,,36750,15,4,27,2000,갱신,26.09~28.09,36750.0,,,,
강남구,11680,삼성동,202606,아파트_전월세,현대힐스테이트2단지,삼성동,50,39.552,,69300,0,21,17,2008,갱신,26.09~28.09,66000.0,,,,
강남구,11680,일원동,202606,아파트_전월세,디에이치자이개포,일원동,743,84.94,,156000,0,18,26,2021,갱신,26.07~28.12,150000.0,,사용,,
강남구,11680,삼성동,202606,아파트_전월세,삼성동한솔아파트,삼성동,4-6,85,,10000,325,7,27,1998,갱신,26.08~28.08,10000.0,310.0,사용,,
강남구,11680,삼성동,202606,아파트_전월세,서광아파트,삼성동,2,84.93,,100000,0,11,17,1998,신규,26.08~28.08,,,,,
강남구,11680,도곡동,202606,아파트_전월세,도곡더써밋타워,도곡동,954-17,18.34,,12800,50,12,26,2025,신규,26.09~28.08,,,,,
강남구,11680,압구정동,202606,아파트_전월세,한양3,압구정동,489,116.94,,110000,0,5,30,1978,신규,26.08~28.08,,,,,
강남구,11680,대치동,202606,아파트_전월세,래미안대치하이스턴,대치동,985,110.39,,125000,200,6,13,1989,신규,26.08~28.08,,,,,
강남구,11680,개포동,202606,아파트_전월세,개포자이프레지던스,개포동,1284,59.9751,,140000,0,8,6,2023,신규,26.08~28.08,,,,,
강남구,11680,도곡동,202606,아파트_전월세,한신엠비씨,도곡동,895-8,84.74,,104000,0,4,27,1988,신규,26.09~28.09,,,,,
강남구,11680,청담동,202606,아파트_전월세,청담아르지움,청담동,32,53.18,,65000,0,7,11,2015,신규,26.08~28.08,,,,,
강남구,11680,삼성동,202606,아파트_전월세,블루밍하우스,삼성동,64-4,157.02,,170000,0,4,26,2006,신규,26.08~28.08,,,,,
강남구,11680,도곡동,202606,아파트_전월세,삼성래미안,도곡동,91-5,89.88,,120000,50,4,12,2001,갱신,26.09~28.09,120000.0,,사용,,
강남구,11680,수서동,202606,아파트_전월세,삼성,수서동,747,84.97,,88000,0,4,20,1997,갱신,26.07~28.07,84000.0,,사용,,
강남구,11680,논현동,202606,아파트_전월세,아크로힐스논현,논현동,276-1,84.013,,10000,580,28,10,2014,신규,26.06~28.06,,,,,
강남구,11680,역삼동,202606,아파트_전월세,쌍용플레티넘밸류,역삼동,826-37,84.9,,10000,340,2,15,2007,신규,26.07~28.07,,,,,
강남구,11680,대치동,202606,아파트_전월세,은마,대치동,316,76.79,,5000,263,5,11,1979,갱신,26.08~28.08,5000.0,250.0,사용,,
강남구,11680,삼성동,202606,아파트_전월세,삼성동힐스테이트 1단지,삼성동,16-2,84.503,,10000,500,8,30,2008,신규,26.08~28.08,,,,,
강남구,11680,개포동,202606,아파트_전월세,개포자이프레지던스,개포동,1284,84.5978,,20000,520,3,6,2023,신규,26.07~28.07,,,,,
강남구,11680,삼성동,202606,아파트_전월세,LG선릉에클라트(B),삼성동,142-3,36.35,,2000,150,10,29,2004,신규,26.07~27.06,,,,,
강남구,11680,압구정동,202606,아파트_전월세,미성2차,압구정동,397,74.4,,20000,280,17,9,1987,신규,26.08~28.07,,,,,
강남구,11680,역삼동,202606,아파트_전월세,역삼래미안,역삼동,757,80.87,,131250,0,8,26,2005,갱신,26.07~28.07,125000.0,,사용,,
강남구,11680,도곡동,202606,아파트_전월세,도곡렉슬,도곡동,527,120.8233,,108200,240,12,30,2006,갱신,26.07~28.07,100000.0,240.0,,,
강남구,11680,대치동,202606,아파트_전월세,래미안대치하이스턴,대치동,985,110.39,,170000,0,16,2,1989,갱신,26.08~28.08,165000.0,,,,
강남구,11680,역삼동,202606,아파트_전월세,역삼래미안,역삼동,757,59.4,,94500,0,11,20,2005,갱신,26.06~28.06,90000.0,,사용,,
강남구,11680,역삼동,202606,아파트_전월세,대우디오빌플러스,역삼동,824-25,43.99,,1000,135,3,25,2004,신규,26.07~27.07,,,,,
강남구,11680,역삼동,202606,아파트_전월세,e-편한세상,역삼동,755-4,59.606,,60000,200,13,23,2005,갱신,26.08~28.08,5000.0,200.0,,,
강남구,11680,대치동,202606,아파트_전월세,래미안대치팰리스,대치동,1027,94.5,,220000,0,15,22,2015,신규,26.08~28.08,,,,,
강남구,11680,압구정동,202606,아파트_전월세,"현대6차(78~81,83,84,86,87동)",압구정동,456,144.7,,180000,0,5,17,1978,신규,26.07~28.07,,,,,
강남구,11680,도곡동,202606,아파트_전월세,타워팰리스3,도곡동,467-29,163.567,,200000,240,30,6,2004,갱신,26.08~28.10,100000.0,640.0,,,
강남구,11680,일원동,202606,아파트_전월세,래미안 개포 루체하임,일원동,741,101.97,,50000,420,19,27,2018,신규,26.07~28.07,,,,,
강남구,11680,청담동,202606,아파트_전월세,청담디에브스아파트,청담동,62-6,63.82,,10000,320,4,29,2017,신규,26.07~28.07,,,,,
강남구,11680,역삼동,202606,아파트_전월세,한스빌(836),역삼동,836,39.89,,1000,125,4,30,1996,갱신,26.06~28.06,1000.0,120.0,사용,,
강남구,11680,삼성동,202606,아파트_전월세,삼성동마에스트로,삼성동,140-32,20.272,,14400,44,11,15,2023,신규,26.07~28.07,,,,,
강남구,11680,일원동,202606,아파트_전월세,수서,일원동,711,51.76,,70000,0,2,23,1992,신규,27.01~29.01,,,,,
강남구,11680,도곡동,202606,아파트_전월세,도곡렉슬,도곡동,527,119.8906,,185000,0,20,18,2006,갱신,26.09~28.09,168000.0,,,,
강남구,11680,도곡동,202606,아파트_전월세,도곡렉슬,도곡동,527,120.8233,,160000,120,15,23,2006,신규,26.08~28.08,,,,,
강남구,11680,역삼동,202606,아파트_전월세,개나리래미안,역삼동,754,114.65,,10000,525,13,9,2006,갱신,26.07~28.07,10000.0,500.0,사용,,
강남구,11680,대치동,202606,아파트_전월세,대치아이파크,대치동,888,114.97,,225000,0,6,19,2008,신규,26.08~28.08,,,,,
강남구,11680,일원동,202606,아파트_전월세,푸른마을아파트101동~111동,일원동,719,59.76,,76500,0,3,20,1994,갱신,26.09~28.09,73000.0,,사용,,
강남구,11680,개포동,202606,아파트_전월세,삼익대청아파트,개포동,12,60,,52250,0,10,5,1992,갱신,26.07~28.07,49770.0,,,,
강남구,11680,자곡동,202606,아파트_전월세,강남한양수자인(4단지),자곡동,686,84.89,,40000,240,2,6,2014,신규,26.09~28.09,,,,,
강남구,11680,압구정동,202606,아파트_전월세,현대65동(대림아크로빌아파트),압구정동,456,243.23,,331000,0,11,23,1979,신규,26.08~28.08,,,,,
강남구,11680,개포동,202606,아파트_전월세,성원대치2단지아파트,개포동,12,39.53,,6000,145,14,18,1992,신규,26.07~28.09,,,,,
강남구,11680,대치동,202606,아파트_전월세,대치동우정에쉐르2(890-42),대치동,890-42,59.95,,3000,300,10,15,2004,신규,26.07~28.06,,,,,
강남구,11680,세곡동,202606,아파트_전월세,세곡리엔파크(4단지),세곡동,522,49.83,,2029,42,4,25,2011,신규,26.07~28.09,,,,,
강남구,11680,개포동,202606,아파트_전월세,디에이치퍼스티어아이파크,개포동,660-4,84.96,,87700,280,15,18,2023,갱신,26.08~28.08,80000.0,280.0,,,
강남구,11680,개포동,202606,아파트_전월세,래미안블레스티지,개포동,1280,99.979,,40000,511,26,12,2019,갱신,26.08~28.08,40000.0,480.0,사용,,
강남구,11680,대치동,202606,아파트_전월세,은마,대치동,316,76.79,,50000,100,9,2,1979,신규,26.06~28.06,,,,,
강남구,11680,도곡동,202606,아파트_전월세,삼성,도곡동,161,54.81,,55000,10,5,17,1994,갱신,26.07~28.07,55000.0,,사용,,
강남구,11680,대치동,202606,아파트_전월세,선경1차(1동-7동),대치동,506,84.35,,120000,0,8,18,1983,신규,26.08~28.08,,,,,
강남구,11680,대치동,202606,아파트_전월세,대치동더블유타워,대치동,952-2,28.74,,1000,105,2,18,2013,신규,26.07~27.07,,,,,
강남구,11680,개포동,202606,아파트_전월세,성원대치2단지아파트,개포동,12,39.53,,51000,0,9,13,1992,신규,26.08~28.08,,,,,
강남구,11680,청담동,202606,아파트_전월세,청담대림이-편한세상,청담동,30-33,81.84,,102900,0,7,15,2002,갱신,26.06~28.06,98000.0,,사용,,
강남구,11680,자곡동,202606,아파트_전월세,래미안포레,자곡동,687,84.99,,95000,0,11,6,2014,신규,26.07~28.07,,,,,
강남구,11680,개포동,202606,아파트_전월세,개포래미안포레스트,개포동,1282,112.73,,94500,273,26,29,2020,갱신,26.08~28.08,90000.0,260.0,사용,,
강남구,11680,삼성동,202606,아파트_전월세,삼성루첸시아,삼성동,64-6,42.03,,95000,0,7,4,2007,신규,26.07~28.07,,,,,
강남구,11680,삼성동,202606,아파트_전월세,석탑아파트101동,삼성동,3-3,59.43,,3000,360,16,10,1996,신규,26.07~27.07,,,,,
강남구,11680,삼성동,202606,아파트_전월세,삼성동힐스테이트 1단지,삼성동,16-2,84.419,,30000,430,8,25,2008,신규,26.08~28.08,,,,,
강남구,11680,개포동,202606,아파트_전월세,삼익대청아파트,개포동,12,60,,35000,120,8,10,1992,갱신,26.08~28.08,35000.0,65.0,,,
강남구,11680,논현동,202606,아파트_전월세,논현동한화꿈에그린,논현동,205-2,67.671,,73500,0,5,30,2005,갱신,26.07~28.07,70000.0,,,,
강남구,11680,수서동,202606,아파트_전월세,신동아,수서동,736,39.53,,20000,65,8,4,1992,갱신,26.06~28.06,20000.0,60.0,사용,,
강남구,11680,역삼동,202606,아파트_전월세,우림루미아트1,역삼동,706-11,24,,1000,75,4,30,2003,신규,26.07~28.07,,,,,
강남구,11680,역삼동,202606,아파트_전월세,거평빌라트,역삼동,794-28,186.03,,50000,330,6,29,1996,신규,26.08~28.12,,,,,
강남구,11680,삼성동,202606,아파트_전월세,삼성동센트럴아이파크,삼성동,188,59.96,,129000,0,9,8,2018,신규,26.06~28.06,,,,,
강남구,11680,압구정동,202606,아파트_전월세,한양7,압구정동,528,137.55,,67000,240,4,11,1981,갱신,26.07~28.07,62000.0,240.0,,,
강남구,11680,대치동,202606,아파트_전월세,개포우성1,대치동,503,84.81,,140000,383,7,2,1983,갱신,26.07~28.07,140000.0,340.0,사용,,
강남구,11680,도곡동,202606,아파트_전월세,도곡렉슬,도곡동,527,114.9931,,189000,0,8,13,2006,갱신,26.08~28.08,180000.0,,사용,,
강남구,11680,역삼동,202606,아파트_전월세,우림루미아트1,역삼동,706-11,23.66,,1000,72,8,8,2003,갱신,26.06~27.06,1000.0,70.0,,,
강남구,11680,논현동,202606,아파트_전월세,마일스디오빌,논현동,58-2,36.29,,500,165,12,22,2004,신규,26.06~27.06,,,,,
강남구,11680,삼성동,202606,아파트_전월세,현대힐스테이트2단지,삼성동,50,84.236,,80000,110,16,30,2008,갱신,26.09~28.09,75000.0,110.0,,,
강남구,11680,도곡동,202606,아파트_전월세,도곡렉슬,도곡동,527,114.9931,,200000,0,9,23,2006,갱신,26.08~28.08,168000.0,,,,
강남구,11680,대치동,202606,아파트_전월세,대치현대,대치동,974,59.82,,73000,0,4,27,1999,갱신,26.07~28.07,70000.0,,사용,,
강남구,11680,개포동,202606,아파트_전월세,성원대치2단지아파트,개포동,12,49.86,,44000,0,4,25,1992,갱신,26.06~28.06,42000.0,,사용,,
강남구,11680,일원동,202606,아파트_전월세,샘터마을,일원동,718,134.438,,90000,240,8,5,1994,신규,26.07~28.07,,,,,
강남구,11680,논현동,202606,아파트_전월세,보타니끄논현,논현동,218-27,121.57,,2000,1200,16,25,2024,신규,26.07~27.01,,,,,
강남구,11680,대치동,202606,아파트_전월세,선경2차(8동-12동),대치동,506,84.55,,100000,120,12,14,1985,신규,26.09~28.09,,,,,
강남구,11680,개포동,202606,아파트_전월세,개포래미안포레스트,개포동,1282,84.83,,10000,520,12,27,2020,신규,26.07~28.07,,,,,
강남구,11680,대치동,202606,아파트_전월세,선경1차(1동-7동),대치동,506,84.35,,80000,200,13,22,1983,신규,26.09~28.09,,,,,
강남구,11680,대치동,202606,아파트_전월세,래미안대치팰리스,대치동,1027,84.98,,40000,580,21,25,2015,갱신,26.08~28.08,40000.0,490.0,,,
강남구,11680,개포동,202606,아파트_전월세,삼익대청아파트,개포동,12,51.12,,60000,0,9,26,1992,갱신,26.09~28.09,50000.0,,,,
강남구,11680,신사동,202606,아파트_전월세,압구정대원칸타빌아파트,신사동,659,84.84,,105000,0,16,29,2001,신규,26.08~28.08,,,,,
강남구,11680,개포동,202606,아파트_전월세,래미안블레스티지,개포동,1280,84.943,,10000,540,14,27,2019,신규,26.07~27.07,,,,,
강남구,11680,개포동,202606,아파트_전월세,개포래미안포레스트,개포동,1282,59.92,,60000,190,6,24,2020,갱신,26.07~28.07,60000.0,158.0,,,
강남구,11680,개포동,202606,아파트_전월세,개포6차우성아파트1동~8동,개포동,658-1,79.97,,60000,0,2,20,1987,갱신,26.07~28.07,48000.0,,,,
강남구,11680,삼성동,202606,아파트_전월세,미켈란147,삼성동,147-2,84.86,,20000,430,9,22,2004,신규,26.07~28.07,,,,,
강남구,11680,역삼동,202606,아파트_전월세,한스빌(836),역삼동,836,39.89,,1000,110,4,24,1996,갱신,26.06~28.06,1000.0,100.0,,,
강남구,11680,역삼동,202606,아파트_전월세,쌍용플레티넘밸류,역삼동,826-37,84.9,,50000,190,3,24,2007,갱신,26.07~28.07,50000.0,170.0,,,
강남구,11680,역삼동,202606,아파트_전월세,원에디션강남,역삼동,653-4,46.3254,,90000,0,14,12,2024,신규,26.07~28.07,,,,,
강남구,11680,삼성동,202606,아파트_전월세,청구아파트,삼성동,78-4,84.99,,81900,0,11,26,1992,갱신,26.07~28.07,78000.0,,사용,,
강남구,11680,대치동,202606,아파트_전월세,은마,대치동,316,84.43,,45150,137,3,3,1979,갱신,26.07~28.07,43000.0,130.0,사용,,
강남구,11680,청담동,202606,아파트_전월세,연세리버빌7차B동,청담동,127-2,213.57,,30000,1250,6,11,2004,신규,26.08~28.08,,,,,
강남구,11680,대치동,202606,아파트_전월세,동부센트레빌,대치동,670,121.74,,240000,0,22,27,2005,갱신,26.08~28.08,235000.0,,사용,,
강남구,11680,삼성동,202606,아파트_전월세,롯데캐슬프레미어,삼성동,11,122.485,,180000,0,19,9,2007,신규,26.08~28.08,,,,,
강남구,11680,일원동,202606,아파트_전월세,상록수,일원동,734,74.54,,50000,110,2,27,1993,갱신,26.08~28.08,55000.0,21.0,,,
강남구,11680,도곡동,202606,아파트_전월세,도곡렉슬,도곡동,527,84.9984,,140000,0,10,16,2006,갱신,26.07~27.01,140000.0,,,,
강남구,11680,삼성동,202606,아파트_전월세,롯데캐슬프레미어,삼성동,11,121.931,,50000,480,14,18,2007,신규,26.07~28.07,,,,,
강남구,11680,삼성동,202606,아파트_전월세,풍림(1차),삼성동,106,113,,40000,280,7,19,1998,신규,26.07~28.07,,,,,
강남구,11680,도곡동,202606,아파트_전월세,현대아파트1동~3동,도곡동,961,84.96,,50000,115,2,30,1994,갱신,26.07~28.07,75000.0,,,,
강남구,11680,개포동,202606,아파트_전월세,디에이치아너힐즈,개포동,1281,59.7479,,10000,440,15,29,2019,신규,26.07~28.07,,,,,
강남구,11680,대치동,202606,아파트_전월세,선경1차(1동-7동),대치동,506,136.68,,180000,0,8,29,1983,신규,26.10~28.10,,,,,
강남구,11680,자곡동,202606,아파트_전월세,강남한양수자인(4단지),자곡동,686,59.93,,3040,47,9,24,2014,신규,26.07~28.09,,,,,
강남구,11680,대치동,202606,아파트_전월세,동부센트레빌,대치동,670,145.83,,310000,0,26,10,2005,갱신,26.06~28.03,300000.0,,사용,,
강남구,11680,일원동,202606,아파트_전월세,가람,일원동,735,84.95,,40000,50,5,26,1993,신규,26.08~28.08,,,,,
강남구,11680,압구정동,202606,아파트_전월세,"현대6차(78~81,83,84,86,87동)",압구정동,456,144.7,,187000,0,4,17,1978,신규,26.09~28.09,,,,,
강남구,11680,일원동,202606,아파트_전월세,상록수,일원동,734,74.54,,72450,0,5,20,1993,갱신,26.08~28.08,69000.0,,사용,,
강남구,11680,개포동,202606,아파트_전월세,래미안블레스티지,개포동,1280,49.909,,50000,220,7,18,2019,신규,26.08~28.08,,,,,
강남구,11680,개포동,202606,아파트_전월세,현대2,개포동,654,131.83,,72000,160,6,26,1986,신규,26.06~28.06,,,,,
강남구,11680,세곡동,202606,아파트_전월세,세곡푸르지오,세곡동,533,74.74,,70000,13,1,25,2012,갱신,26.07~28.07,70000.0,,사용,,
강남구,11680,자곡동,202606,아파트_전월세,LH수서2단지아파트,자곡동,138-2,44.9,,23200,26,4,10,2024,갱신,26.07~28.06,16720.0,57.0,,,
강남구,11680,삼성동,202606,아파트_전월세,풍림(1차),삼성동,106,113,,40000,280,7,19,1998,신규,26.07~28.07,,,,,
강남구,11680,대치동,202606,아파트_전월세,테헤란로대우아이빌(891-6),대치동,891-6,35.51,,32000,0,13,5,2004,신규,26.07~28.07,,,,,
강남구,11680,삼성동,202606,아파트_전월세,삼성아셈,삼성동,150-5,134.02,,10000,348,4,27,2006,갱신,26.08~28.08,10000.0,330.0,,,
강남구,11680,삼성동,202606,아파트_전월세,삼성동센트럴아이파크,삼성동,188,103.32,,200000,0,5,29,2018,신규,26.07~28.07,,,,,
강남구,11680,개포동,202606,아파트_전월세,성원대치2단지아파트,개포동,12,39.53,,5000,190,2,30,1992,신규,26.07~28.07,,,,,
강남구,11680,자곡동,202606,아파트_전월세,LH수서2단지아파트,자곡동,138-2,14.69,,5516,16,5,15,2024,갱신,26.07~28.06,4692.0,16.0,,,
강남구,11680,삼성동,202606,아파트_전월세,삼성동롯데아파트,삼성동,17,91.77,,99750,40,4,24,2000,갱신,26.07~28.07,99750.0,,,,
강남구,11680,삼성동,202606,아파트_전월세,삼성동센트럴아이파크,삼성동,188,103.32,,210000,0,21,29,2018,신규,26.08~28.08,,,,,
강남구,11680,삼성동,202606,아파트_전월세,삼성동힐스테이트 1단지,삼성동,16-2,31.402,,60000,0,14,27,2008,신규,26.09~28.09,,,,,
강남구,11680,대치동,202606,아파트_전월세,테헤란로대우아이빌(891-6),대치동,891-6,35.51,,32000,0,13,5,2004,신규,26.07~28.07,,,,,
강남구,11680,개포동,202606,아파트_전월세,개포자이프레지던스,개포동,1284,84.5978,,20000,560,6,3,2023,신규,26.08~28.08,,,,,
강남구,11680,청담동,202606,아파트_전월세,청담신원아침도시마인,청담동,122-35,41.5826,,10000,220,8,14,2013,신규,26.08~27.08,,,,,
강남구,11680,삼성동,202606,아파트_전월세,현대힐스테이트2단지,삼성동,50,84.236,,130000,0,22,13,2008,신규,26.12~28.12,,,,,
강남구,11680,개포동,202606,아파트_전월세,현대1차101동~106동,개포동,653,128.62,,90000,110,8,30,1984,신규,26.08~28.08,,,,,
강남구,11680,논현동,202606,아파트_전월세,선정릉역모아엘가퍼스트홈,논현동,278-4,14.16,,7217,36,10,30,2023,갱신,26.09~28.09,7217.0,35.0,,,
강남구,11680,수서동,202606,아파트_전월세,수서한아름,수서동,712,129.45,,55000,165,7,27,1993,갱신,26.08~28.08,55000.0,,사용,,
강남구,11680,자곡동,202606,아파트_전월세,LH수서2단지아파트,자곡동,138-2,44.66,,22800,26,6,30,2024,갱신,26.07~28.06,16640.0,57.0,,,
강남구,11680,청담동,202606,아파트_전월세,대우유로카운티,청담동,50-5,121.48,,20000,500,11,19,2004,신규,26.07~28.07,,,,,
강남구,11680,역삼동,202606,아파트_전월세,거평빌라트,역삼동,794-28,186.03,,50000,330,6,29,1996,신규,26.07~28.12,,,,,
강남구,11680,개포동,202606,아파트_전월세,개포주공6단지,개포동,185,83.21,,40000,0,11,27,1983,신규,26.08~28.08,,,,,
강남구,11680,대치동,202606,아파트_전월세,개포우성1,대치동,503,189.98,,90000,120,5,11,1983,신규,26.07~28.07,,,,,
강남구,11680,역삼동,202606,아파트_전월세,쌍용플레티넘밸류,역삼동,826-37,110.57,,10000,400,5,18,2007,신규,26.07~28.02,,,,,
강남구,11680,청담동,202606,아파트_전월세,청담신원아침도시마인,청담동,122-35,31.0225,,4000,142,7,27,2013,신규,26.07~28.07,,,,,
강남구,11680,개포동,202606,아파트_전월세,현대1차101동~106동,개포동,653,177.19,,125000,0,12,25,1984,갱신,26.06~28.06,112000.0,,,,
강남구,11680,청담동,202606,아파트_전월세,청담동삼성1차(101동),청담동,33,59.4,,75000,30,11,30,1997,신규,26.08~28.08,,,,,
강남구,11680,역삼동,202606,아파트_전월세,역삼푸르지오,역삼동,754-1,84.9097,,120000,0,10,27,2006,갱신,26.07~28.07,120000.0,,사용,,
강남구,11680,청담동,202606,아파트_전월세,청담자이,청담동,134-38,82.365,,170000,0,10,25,2011,신규,26.07~28.06,,,,,
강남구,11680,대치동,202606,아파트_전월세,래미안대치팰리스,대치동,1027,114.14,,300000,0,27,27,2015,갱신,26.08~28.08,270000.0,,,,
강남구,11680,도곡동,202606,아파트_전월세,타워팰리스3,도곡동,467-29,141.381,,150000,238,31,25,2004,갱신,26.08~28.08,150000.0,200.0,사용,,
강남구,11680,대치동,202606,아파트_전월세,대치,대치동,900-58,34.2,,95,95,3,30,2002,신규,26.07~26.09,,,,,
강남구,11680,도곡동,202606,아파트_전월세,타워팰리스2,도곡동,467-17,124.11,,189000,0,39,30,2003,갱신,26.09~28.09,180000.0,,사용,,
강남구,11680,역삼동,202606,아파트_전월세,쌍용플레티넘밸류,역삼동,826-37,84.96,,500,480,3,19,2007,신규,26.07~27.06,,,,,
강남구,11680,대치동,202606,아파트_전월세,대치삼성,대치동,1014-3,84.58,,135000,0,3,19,2000,갱신,26.08~28.08,125000.0,,,,
강남구,11680,개포동,202606,아파트_전월세,현대2,개포동,654,131.83,,117000,0,5,3,1986,신규,26.08~28.08,,,,,
강남구,11680,자곡동,202606,아파트_전월세,LH수서2단지아파트,자곡동,138-2,14.69,,4816,19,2,30,2024,갱신,26.07~28.06,4692.0,16.0,,,
강남구,11680,대치동,202606,아파트_전월세,래미안대치팰리스,대치동,1027,114.15,,280000,0,23,30,2015,신규,26.09~28.09,,,,,
강남구,11680,대치동,202606,아파트_전월세,은마,대치동,316,76.79,,20000,180,3,3,1979,신규,26.07~28.07,,,,,
강남구,11680,대치동,202606,아파트_전월세,동부센트레빌,대치동,670,161.47,,340000,0,5,30,2005,신규,26.08~28.08,,,,,
강남구,11680,자곡동,202606,아파트_전월세,LH수서2단지아파트,자곡동,138-2,36.84,,16065,26,9,30,2024,갱신,26.07~28.06,11662.0,40.0,,,
강남구,11680,개포동,202606,아파트_전월세,개포래미안포레스트,개포동,1282,59.92,,113000,0,2,26,2020,신규,26.08~28.08,,,,,
강남구,11680,대치동,202606,아파트_전월세,은마,대치동,316,76.79,,60000,80,5,3,1979,갱신,26.07~28.07,78000.0,,사용,,
강남구,11680,청담동,202606,아파트_전월세,삼환(101동),청담동,10,84.98,,60000,130,5,8,1999,신규,26.07~28.07,,,,,
강남구,11680,역삼동,202606,아파트_전월세,한화진넥스빌,역삼동,706-20,34.82,,11000,105,6,24,2001,신규,26.07~27.07,,,,,
강남구,11680,자곡동,202606,아파트_전월세,LH수서2단지아파트,자곡동,138-2,36.84,,18562,24,1,30,2024,갱신,26.07~28.06,12348.0,42.0,,,
강남구,11680,개포동,202606,아파트_전월세,디에이치아너힐즈,개포동,1281,84.357,,144500,0,5,8,2019,갱신,26.08~28.08,138000.0,,사용,,
강남구,11680,개포동,202606,아파트_전월세,개포래미안포레스트,개포동,1282,84.59,,5000,106,15,27,2020,갱신,26.06~28.06,5000.0,100.0,사용,,
강남구,11680,압구정동,202606,아파트_전월세,현대8차(성수현대:91~95동),압구정동,481,163.67,,147000,0,9,30,1980,갱신,26.10~28.10,140000.0,,사용,,
강남구,11680,청담동,202606,아파트_전월세,현대빌라(43-1),청담동,43-1,148.77,,125000,0,1,29,1992,신규,26.09~28.09,,,,,
강남구,11680,개포동,202606,아파트_전월세,현대아파트3,개포동,177,163.85,,110000,0,9,23,1986,갱신,26.06~28.06,100000.0,,,,
강남구,11680,역삼동,202606,아파트_전월세,역삼푸르지오,역삼동,754-1,59.8848,,10000,380,10,24,2006,신규,26.07~28.07,,,,,
강남구,11680,자곡동,202606,아파트_전월세,LH수서2단지아파트,자곡동,138-2,14.69,,5220,18,2,30,2024,신규,26.07~28.08,,,,,
강남구,11680,논현동,202606,아파트_전월세,논현한가람빌라트,논현동,105-3,84.95,,87000,0,8,30,2002,신규,26.08~28.08,,,,,
강남구,11680,삼성동,202606,아파트_전월세,쌍용플래티넘,삼성동,117,154.77,,30000,600,10,11,2003,신규,26.06~28.06,,,,,
강남구,11680,청담동,202606,아파트_전월세,청담자이,청담동,134-38,89.356,,10000,900,8,19,2011,신규,26.06~28.06,,,,,
강남구,11680,자곡동,202606,아파트_전월세,LH수서2단지아파트,자곡동,138-2,14.69,,4927,17,5,30,2024,갱신,26.07~28.06,4692.0,16.0,,,
강남구,11680,자곡동,202606,아파트_전월세,강남자곡 힐스테이트,자곡동,619,74.8,,70000,0,7,30,2015,신규,26.09~28.09,,,,,
강남구,11680,도곡동,202606,아파트_전월세,대림,도곡동,960,84.95,,114000,0,5,30,1992,신규,26.09~28.09,,,,,
강남구,11680,압구정동,202606,아파트_전월세,"현대7차(73~77,82,85동)",압구정동,456,245.2,,100000,720,2,1,1979,신규,26.06~28.06,,,,,
강남구,11680,도곡동,202606,아파트_전월세,타워팰리스3,도곡동,467-29,124.641,,110000,380,44,5,2004,신규,26.07~28.07,,,,,
강남구,11680,도곡동,202606,아파트_전월세,SK허브프리모,도곡동,953-1,33.8,,8000,115,10,5,2006,신규,26.06~27.06,,,,,
강남구,11680,삼성동,202606,아파트_전월세,롯데캐슬프레미어,삼성동,11,121.931,,50000,520,7,30,2007,신규,26.08~28.08,,,,,
강남구,11680,자곡동,202606,아파트_전월세,LH수서2단지아파트,자곡동,138-2,36.84,,16528,70,6,30,2024,갱신,26.07~28.06,13720.0,47.0,,,
강남구,11680,자곡동,202606,아파트_전월세,LH수서2단지아파트,자곡동,138-2,36.6,,17080,19,5,30,2024,갱신,26.07~28.06,12348.0,42.0,,,
강남구,11680,자곡동,202606,아파트_전월세,LH수서2단지아파트,자곡동,138-2,26.54,,1881,44,15,30,2024,갱신,26.07~28.06,7410.0,25.0,,,
강남구,11680,도곡동,202606,아파트_전월세,도곡렉슬,도곡동,527,119.8906,,165000,0,20,2,2006,갱신,26.06~27.02,100000.0,250.0,,,
강남구,11680,역삼동,202606,아파트_전월세,역삼푸르지오,역삼동,754-1,59.8848,,72000,100,8,30,2006,갱신,26.09~28.09,72000.0,90.0,사용,,
강남구,11680,역삼동,202606,아파트_전월세,대우디오빌,역삼동,720-25,30.03,,1000,125,9,5,2002,신규,26.06~27.06,,,,,
강남구,11680,개포동,202606,아파트_전월세,래미안블레스티지,개포동,1280,113.732,,170000,0,15,30,2019,신규,26.08~28.08,,,,,
강남구,11680,자곡동,202606,아파트_전월세,강남에버시움,자곡동,621,36.08,,2310,29,5,30,2013,신규,26.07~28.08,,,,,
강남구,11680,자곡동,202606,아파트_전월세,LH수서2단지아파트,자곡동,138-2,36.6,,17080,19,2,30,2024,갱신,26.07~28.06,12348.0,42.0,,,
강남구,11680,청담동,202606,아파트_전월세,청담스위트,청담동,34-13,12.449,,19000,0,2,23,2015,신규,26.06~28.06,,,,,
강남구,11680,자곡동,202606,아파트_전월세,LH수서2단지아파트,자곡동,138-2,44.89,,17600,62,3,30,2024,신규,26.07~28.08,,,,,
강남구,11680,자곡동,202606,아파트_전월세,LH수서2단지아파트,자곡동,138-2,26.54,,1481,45,9,30,2024,갱신,26.07~28.06,7410.0,25.0,,,
강남구,11680,자곡동,202606,아파트_전월세,LH수서2단지아파트,자곡동,138-2,26.54,,10018,23,10,30,2024,갱신,26.07~28.06,7410.0,25.0,,,
강남구,11680,자곡동,202606,아파트_전월세,LH수서2단지아파트,자곡동,138-2,14.69,,6527,7,7,30,2024,갱신,26.07~28.06,4692.0,16.0,,,
강남구,11680,자곡동,202606,아파트_전월세,LH수서2단지아파트,자곡동,138-2,36.84,,18562,24,7,30,2024,갱신,26.07~28.06,12348.0,42.0,,,
강남구,11680,자곡동,202606,아파트_전월세,강남에버시움,자곡동,621,36.08,,2310,29,12,30,2013,신규,26.07~28.08,,,,,
강남구,11680,자곡동,202606,아파트_전월세,LH수서2단지아파트,자곡동,138-2,44.66,,22800,26,6,30,2024,갱신,26.07~28.06,16640.0,57.0,,,
강남구,11680,도곡동,202606,아파트_전월세,삼성,도곡동,161,54.81,,15000,220,9,30,1994,신규,26.10~28.10,,,,,
강남구,11680,삼성동,202606,아파트_전월세,삼성월드타워,삼성동,3-1,58.776,,60000,20,9,30,1997,신규,26.07~28.07,,,,,
강남구,11680,개포동,202606,아파트_전월세,성원대치2단지아파트,개포동,12,33.18,,37500,0,13,27,1992,갱신,26.07~28.07,32500.0,,,,
강남구,11680,세곡동,202606,아파트_전월세,강남엘에이치1단지,세곡동,579,59.89,,67000,0,11,25,2013,갱신,26.07~28.07,64000.0,,사용,,
강남구,11680,논현동,202606,아파트_전월세,두산위브2단지,논현동,258,84.721,,95000,0,9,30,2004,갱신,26.08~28.08,90000.0,,,,
강남구,11680,자곡동,202606,아파트_전월세,LH수서2단지아파트,자곡동,138-2,14.69,,6916,8,3,30,2024,갱신,26.07~28.06,4968.0,17.0,,,
강남구,11680,일원동,202606,아파트_전월세,디에이치자이개포,일원동,743,76.46,,110000,0,10,13,2021,신규,26.07~26.12,,,,,
강남구,11680,논현동,202606,아파트_전월세,루시아도산208,논현동,60,41.15,,1000,300,9,19,2023,신규,26.06~26.12,,,,,
강남구,11680,자곡동,202606,아파트_전월세,LH수서2단지아파트,자곡동,138-2,26.54,,4155,50,6,30,2024,갱신,26.07~28.06,9386.0,32.0,,,
강남구,11680,자곡동,202606,아파트_전월세,LH수서2단지아파트,자곡동,138-2,26.54,,12437,14,5,30,2024,갱신,26.07~28.06,8892.0,30.0,,,
강남구,11680,자곡동,202606,아파트_전월세,LH수서2단지아파트,자곡동,138-2,26.54,,8655,37,12,30,2024,갱신,26.07~28.06,9386.0,32.0,,,
강남구,11680,자곡동,202606,아파트_전월세,LH수서2단지아파트,자곡동,138-2,36.84,,17265,19,14,30,2024,갱신,26.07~28.06,12348.0,42.0,,,
강남구,11680,자곡동,202606,아파트_전월세,LH수서2단지아파트,자곡동,138-2,36.84,,16665,23,3,30,2024,갱신,26.07~28.06,12348.0,42.0,,,
강남구,11680,자곡동,202606,아파트_전월세,LH수서2단지아파트,자곡동,138-2,36.84,,16245,19,6,30,2024,갱신,26.07~28.06,11662.0,40.0,,,
강남구,11680,자곡동,202606,아파트_전월세,LH수서2단지아파트,자곡동,138-2,36.84,,2465,75,5,30,2024,갱신,26.07~28.06,12348.0,42.0,,,
강남구,11680,자곡동,202606,아파트_전월세,LH수서2단지아파트,자곡동,138-2,14.69,,6527,7,2,30,2024,갱신,26.07~28.06,4692.0,16.0,,,
강남구,11680,자곡동,202606,아파트_전월세,LH수서2단지아파트,자곡동,138-2,14.69,,5220,18,15,30,2024,신규,26.07~28.08,,,,,
강남구,11680,자곡동,202606,아파트_전월세,LH수서2단지아파트,자곡동,138-2,14.69,,1016,30,2,30,2024,갱신,26.07~28.06,4968.0,17.0,,,
강남구,11680,자곡동,202606,아파트_전월세,강남에버시움,자곡동,621,36.62,,2310,29,3,30,2013,신규,26.07~28.08,,,,,
강남구,11680,자곡동,202606,아파트_전월세,LH수서2단지아파트,자곡동,138-2,44.89,,17600,62,10,30,2024,신규,26.07~28.08,,,,,
강남구,11680,자곡동,202606,아파트_전월세,LH수서2단지아파트,자곡동,138-2,36.84,,16965,21,10,29,2024,갱신,26.07~28.06,11662.0,40.0,,,
강남구,11680,자곡동,202606,아파트_전월세,LH수서2단지아파트,자곡동,138-2,36.6,,100,82,7,30,2024,신규,26.07~28.08,,,,,
강남구,11680,자곡동,202606,아파트_전월세,LH수서2단지아파트,자곡동,138-2,44.89,,28623,44,6,29,2024,갱신,26.07~28.06,16720.0,57.0,,,
강남구,11680,개포동,202606,아파트_전월세,현대2,개포동,654,131.83,,115000,0,1,13,1986,갱신,26.07~28.07,107000.0,,,,
강남구,11680,압구정동,202606,아파트_전월세,"현대7차(73~77,82,85동)",압구정동,456,157.36,,165000,0,11,1,1979,신규,26.06~28.06,,,,,
강남구,11680,자곡동,202606,아파트_전월세,LH수서2단지아파트,자곡동,138-2,36.84,,10665,51,14,29,2024,갱신,26.07~28.06,12348.0,42.0,,,
강남구,11680,자곡동,202606,아파트_전월세,LH수서2단지아파트,자곡동,138-2,36.84,,12996,45,3,30,2024,신규,26.07~28.08,,,,,
강남구,11680,청담동,202606,아파트_전월세,청담린든그로브,청담동,67-1,84.9979,,50000,550,6,30,2017,신규,26.07~28.07,,,,,
강남구,11680,대치동,202606,아파트_전월세,은마,대치동,316,76.79,,67200,0,7,4,1979,갱신,26.06~28.06,64000.0,,,,
강남구,11680,대치동,202606,아파트_전월세,래미안대치팰리스,대치동,1027,114.15,,110000,680,5,27,2015,신규,26.07~28.07,,,,,
강남구,11680,자곡동,202606,아파트_전월세,LH수서2단지아파트,자곡동,138-2,44.9,,8100,87,5,30,2024,갱신,26.07~28.06,16720.0,57.0,,,
강남구,11680,도곡동,202606,아파트_전월세,타워팰리스3,도곡동,467-29,163.567,,150000,640,49,26,2004,신규,26.09~28.09,,,,,
강남구,11680,개포동,202606,아파트_전월세,현대1차101동~106동,개포동,653,176.56,,120000,0,1,20,1984,갱신,26.07~28.07,115000.0,,사용,,
강남구,11680,자곡동,202606,아파트_전월세,LH수서2단지아파트,자곡동,138-2,14.69,,6516,10,5,30,2024,갱신,26.07~28.06,4968.0,17.0,,,
강남구,11680,자곡동,202606,아파트_전월세,LH수서2단지아파트,자곡동,138-2,14.69,,1016,30,4,29,2024,갱신,26.07~28.06,4968.0,17.0,,,
강남구,11680,자곡동,202606,아파트_전월세,LH수서2단지아파트,자곡동,138-2,14.69,,6916,8,1,29,2024,갱신,26.07~28.06,4968.0,17.0,,,
강남구,11680,자곡동,202606,아파트_전월세,LH수서2단지아파트,자곡동,138-2,14.69,,6916,8,8,30,2024,갱신,26.07~28.06,4968.0,17.0,,,
강남구,11680,개포동,202606,아파트_전월세,성원대치2단지아파트,개포동,12,33.18,,42000,0,7,27,1992,갱신,26.09~28.09,34000.0,,,,
강남구,11680,세곡동,202606,아파트_전월세,강남데시앙파크,세곡동,525,84.97,,40000,125,7,20,2011,신규,26.08~28.08,,,,,
강남구,11680,자곡동,202606,아파트_전월세,LH수서2단지아파트,자곡동,138-2,26.54,,1337,55,7,29,2024,갱신,26.07~28.06,9386.0,32.0,,,
강남구,11680,자곡동,202606,아파트_전월세,LH수서2단지아파트,자곡동,138-2,44.66,,22800,26,6,30,2024,갱신,26.07~28.06,16640.0,57.0,,,
강남구,11680,자곡동,202606,아파트_전월세,LH수서2단지아파트,자곡동,138-2,26.54,,11918,12,8,30,2024,갱신,26.07~28.06,8892.0,30.0,,,
강남구,11680,역삼동,202606,아파트_전월세,역삼래미안,역삼동,757,80.87,,120750,0,12,30,2005,갱신,26.09~28.09,115000.0,,사용,,
강남구,11680,역삼동,202606,아파트_전월세,경남아너스빌,역삼동,722,84.932,,95000,0,14,27,2002,신규,26.09~28.09,,,,,
강남구,11680,개포동,202606,아파트_전월세,성원대치2단지아파트,개포동,12,33.18,,12000,80,4,22,1992,갱신,26.07~28.07,8000.0,80.0,,,
강남구,11680,일원동,202606,아파트_전월세,디에이치자이개포,일원동,743,84.81,,157500,0,25,18,2021,갱신,26.09~28.09,150000.0,,사용,,
강남구,11680,삼성동,202606,아파트_전월세,현대힐스테이트2단지,삼성동,50,84.236,,115000,0,2,27,2008,신규,26.09~28.08,,,,,
강남구,11680,자곡동,202606,아파트_전월세,LH수서2단지아파트,자곡동,138-2,26.54,,1481,45,7,29,2024,갱신,26.07~28.06,7410.0,25.0,,,
강남구,11680,일원동,202606,아파트_전월세,디에이치자이개포,일원동,743,76.6,,136500,0,4,27,2021,갱신,26.07~28.07,130000.0,,사용,,
강남구,11680,개포동,202606,아파트_전월세,대치푸르지오발라드,개포동,176-2,55.4924,,50000,180,8,24,2024,신규,26.08~28.08,,,,,
강남구,11680,개포동,202606,아파트_전월세,디에이치아너힐즈,개포동,1281,84.3558,,55125,330,3,13,2019,갱신,26.07~28.07,52500.0,314.0,사용,,
강남구,11680,청담동,202606,아파트_전월세,청담파라곤Ⅱ2단지,청담동,102-13,149.74,,190000,0,2,27,2010,신규,26.09~28.09,,,,,
강남구,11680,개포동,202606,아파트_전월세,래미안블레스티지,개포동,1280,84.943,,30000,460,19,11,2019,신규,26.08~28.08,,,,,
강남구,11680,청담동,202606,아파트_전월세,현대아파트,청담동,23,84.78,,30000,250,8,20,1988,신규,26.07~28.07,,,,,
강남구,11680,역삼동,202606,아파트_전월세,역삼동그린비,역삼동,656-32,102.74,,10000,350,6,1,2004,신규,26.06~28.06,,,,,
강남구,11680,개포동,202606,아파트_전월세,개포래미안포레스트,개포동,1282,84.83,,130000,100,26,13,2020,갱신,26.10~27.10,125000.0,,,,
강남구,11680,수서동,202606,아파트_전월세,삼익,수서동,708,84.48,,80000,0,7,20,1992,갱신,26.07~28.07,65000.0,,,,
강남구,11680,역삼동,202606,아파트_전월세,개나리래미안,역삼동,754,84.93,,30000,425,8,27,2006,갱신,26.07~28.07,30000.0,400.0,사용,,
강남구,11680,역삼동,202606,아파트_전월세,e-편한세상,역삼동,755-4,84.991,,145000,0,9,27,2005,신규,26.09~28.09,,,,,
강남구,11680,청담동,202606,아파트_전월세,청담자이,청담동,134-38,49.618,,10000,450,19,6,2011,신규,26.06~28.06,,,,,
강남구,11680,세곡동,202606,아파트_전월세,세곡푸르지오,세곡동,533,84.84,,85000,0,5,20,2012,신규,26.07~28.07,,,,,
강남구,11680,자곡동,202606,아파트_전월세,LH수서2단지아파트,자곡동,138-2,26.54,,3555,52,8,29,2024,갱신,26.07~28.06,9386.0,32.0,,,
강남구,11680,역삼동,202606,아파트_전월세,동부센트레빌,역삼동,716,59.97,,10000,330,3,27,1998,신규,26.08~28.08,,,,,
강남구,11680,수서동,202606,아파트_전월세,강남데시앙포레,수서동,795,59.97,,77000,0,6,25,2014,신규,26.06~28.06,,,,,
강남구,11680,압구정동,202606,아파트_전월세,현대3차(61~64동),압구정동,443,82.5,,50000,145,6,1,1976,갱신,26.07~28.07,50000.0,130.0,사용,,
강남구,11680,수서동,202606,아파트_전월세,까치마을,수서동,746,39.6,,2000,110,3,17,1993,신규,26.06~26.12,,,,,
강남구,11680,수서동,202606,아파트_전월세,삼성,수서동,747,84.97,,87000,0,2,27,1997,갱신,26.09~28.09,83000.0,,사용,,
강남구,11680,자곡동,202606,아파트_전월세,LH수서2단지아파트,자곡동,138-2,44.89,,23356,26,4,29,2024,갱신,26.07~28.06,16720.0,57.0,,,
강남구,11680,세곡동,202606,아파트_전월세,세곡푸르지오,세곡동,533,84.83,,20000,280,6,8,2012,신규,26.06~28.06,,,,,
강남구,11680,논현동,202606,아파트_전월세,아츠논현,논현동,249-9,38.9885,,10000,350,15,16,2023,신규,26.06~27.06,,,,,
강남구,11680,삼성동,202606,아파트_전월세,삼성동센트럴아이파크,삼성동,188,84.95,,159000,0,16,24,2018,신규,26.09~28.09,,,,,
강남구,11680,수서동,202606,아파트_전월세,신동아,수서동,736,33.18,,29000,25,3,27,1992,갱신,26.07~28.07,30000.0,15.0,사용,,
강남구,11680,수서동,202606,아파트_전월세,신동아,수서동,736,33.18,,2000,130,13,20,1992,신규,26.06~28.06,,,,,
강남구,11680,자곡동,202606,아파트_전월세,LH수서2단지아파트,자곡동,138-2,26.54,,12437,14,10,29,2024,갱신,26.07~28.06,8892.0,30.0,,,
강남구,11680,일원동,202606,아파트_전월세,디에이치자이개포,일원동,743,103.77,,157500,84,11,29,2021,갱신,26.07~28.07,150000.0,80.0,사용,,
강남구,11680,자곡동,202606,아파트_전월세,LH수서2단지아파트,자곡동,138-2,36.84,,16065,26,6,29,2024,갱신,26.07~28.06,12348.0,42.0,,,
강남구,11680,자곡동,202606,아파트_전월세,LH수서2단지아파트,자곡동,138-2,44.89,,23356,26,6,29,2024,갱신,26.07~28.06,16720.0,57.0,,,
강남구,11680,자곡동,202606,아파트_전월세,LH수서2단지아파트,자곡동,138-2,14.69,,927,28,14,29,2024,갱신,26.07~28.06,4692.0,16.0,,,
강남구,11680,일원동,202606,아파트_전월세,푸른마을아파트101동~111동,일원동,719,84.93,,87000,0,5,27,1994,갱신,26.07~28.11,83000.0,,사용,,
강남구,11680,대치동,202606,아파트_전월세,은마,대치동,316,76.79,,70000,0,14,29,1979,갱신,26.08~28.08,65550.0,,,,
강남구,11680,역삼동,202606,아파트_전월세,대우디오빌,역삼동,720-25,30.03,,1000,120,7,27,2002,신규,26.06~27.06,,,,,
강남구,11680,도곡동,202606,아파트_전월세,도곡1차아이파크,도곡동,543-7,130.259,,50000,340,2,24,2007,신규,26.08~28.08,,,,,
강남구,11680,역삼동,202606,아파트_전월세,래미안그레이튼(진달래2차),역삼동,762-3,121.54,,147000,50,29,27,2010,갱신,26.09~28.09,140000.0,50.0,사용,,
강남구,11680,자곡동,202606,아파트_전월세,LH수서2단지아파트,자곡동,138-2,36.84,,14406,49,8,29,2024,갱신,26.07~28.06,12348.0,42.0,,,
강남구,11680,역삼동,202606,아파트_전월세,역삼동하나빌,역삼동,681-26,49.55,,4000,200,4,1,2002,신규,26.06~27.06,,,,,
강남구,11680,역삼동,202606,아파트_전월세,e-편한세상,역삼동,755-4,59.947,,20000,340,3,27,2005,신규,26.10~28.10,,,,,
강남구,11680,대치동,202606,아파트_전월세,대치삼성,대치동,1014-3,84.58,,115500,0,13,27,2000,갱신,26.07~28.07,110000.0,,사용,,
강남구,11680,개포동,202606,아파트_전월세,개포자이프레지던스,개포동,1284,84.5978,,170000,0,14,29,2023,신규,26.09~28.09,,,,,
강남구,11680,자곡동,202606,아파트_전월세,LH수서2단지아파트,자곡동,138-2,14.69,,6527,7,8,29,2024,갱신,26.07~28.06,4692.0,16.0,,,
강남구,11680,세곡동,202606,아파트_전월세,강남엘에이치1단지,세곡동,579,59.89,,49000,100,9,29,2013,신규,26.08~28.08,,,,,
강남구,11680,대치동,202606,아파트_전월세,한보미도맨션1,대치동,511,84.48,,90000,0,12,20,1983,갱신,26.07~28.07,84000.0,,,,
강남구,11680,압구정동,202606,아파트_전월세,미성1차,압구정동,414,105.65,,60000,95,14,27,1982,갱신,26.09~28.09,50000.0,110.0,,,
강남구,11680,일원동,202606,아파트_전월세,가람,일원동,735,84.95,,90000,0,3,20,1993,신규,26.09~28.09,,,,,
강남구,11680,개포동,202606,아파트_전월세,성원대치2단지아파트,개포동,12,49.86,,65000,0,14,29,1992,신규,26.08~28.08,,,,,
강남구,11680,역삼동,202606,아파트_전월세,래미안그레이튼,역삼동,763-16,84.97,,134920,0,8,27,2009,갱신,26.07~28.07,128500.0,,사용,,
강남구,11680,자곡동,202606,아파트_전월세,강남한양수자인(4단지),자곡동,686,84.89,,58968,0,8,29,2014,신규,26.07~28.09,,,,,
강남구,11680,청담동,202606,아파트_전월세,삼성청담아파트,청담동,42,114.83,,100000,150,13,20,1999,신규,26.08~28.08,,,,,
강남구,11680,자곡동,202606,아파트_전월세,LH수서2단지아파트,자곡동,138-2,36.84,,17265,19,3,29,2024,갱신,26.07~28.06,12348.0,42.0,,,
강남구,11680,자곡동,202606,아파트_전월세,LH수서2단지아파트,자곡동,138-2,14.69,,6916,8,14,29,2024,갱신,26.07~28.06,4968.0,17.0,,,
강남구,11680,자곡동,202606,아파트_전월세,LH수서2단지아파트,자곡동,138-2,14.69,,6616,10,8,29,2024,갱신,26.07~28.06,4968.0,17.0,,,
강남구,11680,대치동,202606,아파트_전월세,은마,대치동,316,76.79,,20000,215,8,27,1979,갱신,26.09~28.09,20000.0,207.0,사용,,
강남구,11680,개포동,202606,아파트_전월세,래미안블레스티지,개포동,1280,84.943,,145000,0,8,26,2019,신규,26.08~28.08,,,,,
강남구,11680,개포동,202606,아파트_전월세,성원대치2단지아파트,개포동,12,49.86,,63000,0,10,23,1992,신규,26.08~28.08,,,,,
강남구,11680,대치동,202606,아파트_전월세,롯데캐슬리베,대치동,1025,121.0894,,35000,600,1,3,2008,신규,26.08~28.08,,,,,
강남구,11680,역삼동,202606,아파트_전월세,개나리래미안,역삼동,754,144.98,,178500,0,16,1,2006,갱신,26.09~28.09,170000.0,,사용,,
강남구,11680,자곡동,202606,아파트_전월세,LH수서2단지아파트,자곡동,138-2,44.89,,19256,50,4,29,2024,갱신,26.07~28.06,16720.0,57.0,,,
강남구,11680,자곡동,202606,아파트_전월세,LH수서2단지아파트,자곡동,138-2,36.84,,17265,19,13,29,2024,갱신,26.07~28.06,12348.0,42.0,,,
강남구,11680,역삼동,202606,아파트_전월세,EGSoulLeader,역삼동,828-28,21.58,,19500,20,6,18,2012,신규,26.07~28.07,,,,,
강남구,11680,자곡동,202606,아파트_전월세,LH수서2단지아파트,자곡동,138-2,36.84,,18562,24,3,29,2024,갱신,26.07~28.06,12348.0,42.0,,,
강남구,11680,자곡동,202606,아파트_전월세,LH수서2단지아파트,자곡동,138-2,36.6,,19636,28,6,29,2024,갱신,26.07~28.06,12348.0,42.0,,,
강남구,11680,대치동,202606,아파트_전월세,대치현대,대치동,974,85,,35000,250,2,27,1999,갱신,26.08~28.08,35000.0,240.0,사용,,
강남구,11680,압구정동,202606,아파트_전월세,"현대1차(12,13,21,22,31,32,33동)",압구정동,369-1,196.21,,20000,800,14,26,1976,갱신,26.09~28.09,20000.0,708.0,,,
강남구,11680,자곡동,202606,아파트_전월세,LH수서2단지아파트,자곡동,138-2,14.69,,927,28,6,29,2024,갱신,26.07~28.06,4692.0,16.0,,,
강남구,11680,자곡동,202606,아파트_전월세,LH수서2단지아파트,자곡동,138-2,14.69,,1016,30,9,29,2024,갱신,26.07~28.06,4968.0,17.0,,,
강남구,11680,역삼동,202606,아파트_전월세,역삼자이,역삼동,711-3,59.9977,,80000,160,16,20,2016,신규,26.08~28.08,,,,,
강남구,11680,논현동,202606,아파트_전월세,리스트강남,논현동,202-7,45.45,,13513,92,12,25,2022,갱신,26.09~28.09,12883.0,87.0,,,
강남구,11680,수서동,202606,아파트_전월세,까치마을,수서동,746,34.44,,31200,0,11,15,1993,신규,26.07~28.07,,,,,
강남구,11680,자곡동,202606,아파트_전월세,LH수서2단지아파트,자곡동,138-2,36.84,,17265,19,9,29,2024,갱신,26.07~28.06,12348.0,42.0,,,
강남구,11680,도곡동,202606,아파트_전월세,도곡렉슬,도곡동,527,138.3156,,240000,0,12,25,2006,갱신,26.06~28.06,180000.0,,,,
강남구,11680,수서동,202606,아파트_전월세,까치마을,수서동,746,39.6,,42000,0,6,26,1993,갱신,26.08~28.08,40000.0,,사용,,
강남구,11680,자곡동,202606,아파트_전월세,LH수서2단지아파트,자곡동,138-2,44.89,,23356,26,8,25,2024,신규,26.07~28.06,,,,,
강남구,11680,개포동,202606,아파트_전월세,래미안블레스티지,개포동,1280,126.928,,230000,0,15,25,2019,신규,26.09~28.09,,,,,
강남구,11680,자곡동,202606,아파트_전월세,LH수서2단지아파트,자곡동,138-2,36.84,,17265,19,4,29,2024,갱신,26.07~28.06,12348.0,42.0,,,
강남구,11680,압구정동,202606,아파트_전월세,"현대5차(71,72동)",압구정동,455,82.23,,73500,0,7,20,1977,신규,26.08~28.08,,,,,
강남구,11680,자곡동,202606,아파트_전월세,LH수서2단지아파트,자곡동,138-2,36.84,,20855,34,4,29,2024,갱신,26.07~28.06,11662.0,40.0,,,
강남구,11680,자곡동,202606,아파트_전월세,LH수서2단지아파트,자곡동,138-2,36.84,,17265,19,8,28,2024,갱신,26.07~28.06,12348.0,42.0,,,
강남구,11680,대치동,202606,아파트_전월세,대치삼성,대치동,1014-3,59.88,,94000,0,10,25,2000,갱신,26.08~28.08,90000.0,,사용,,
강남구,11680,삼성동,202606,아파트_전월세,현대아파트101동,삼성동,6,59.83,,50000,125,6,21,1999,갱신,26.07~28.07,50000.0,110.0,사용,,
강남구,11680,율현동,202606,아파트_전월세,강남한신휴플러스6단지,율현동,365,84.83,,20000,260,6,12,2015,신규,26.06~28.06,,,,,
강남구,11680,청담동,202606,아파트_전월세,청담4차이-편한세상,청담동,28-20,136.41,,162700,0,6,26,2011,갱신,26.07~28.07,155000.0,,사용,,
강남구,11680,대치동,202606,아파트_전월세,대치르엘,대치동,1030,84.7735,,180000,0,7,21,2021,갱신,26.07~28.07,160000.0,,,,
강남구,11680,일원동,202606,아파트_전월세,디에이치자이개포,일원동,743,63.76,,110000,100,9,27,2021,신규,26.08~28.08,,,,,
강남구,11680,도곡동,202606,아파트_전월세,경남,도곡동,967,59.76,,57500,64,1,11,2005,갱신,26.07~28.07,55000.0,60.0,사용,,
강남구,11680,도곡동,202606,아파트_전월세,타워팰리스3,도곡동,467-29,124.641,,200000,0,21,1,2004,신규,26.09~28.09,,,,,
강남구,11680,대치동,202606,아파트_전월세,"대치우성아파트1동,2동,3동,5동,6동,7동",대치동,63,115.59,,94500,0,1,26,1984,갱신,26.08~28.08,90000.0,,사용,,
강남구,11680,자곡동,202606,아파트_전월세,LH수서2단지아파트,자곡동,138-2,44.89,,23356,26,12,26,2024,갱신,26.07~28.06,16720.0,57.0,,,
강남구,11680,청담동,202606,아파트_전월세,래미안청담로이뷰,청담동,134,110.2,,147000,0,5,25,1992,갱신,26.07~28.07,140000.0,,사용,,
강남구,11680,자곡동,202606,아파트_전월세,LH수서2단지아파트,자곡동,138-2,14.69,,6816,8,11,29,2024,갱신,26.07~28.06,4692.0,16.0,,,
강남구,11680,자곡동,202606,아파트_전월세,LH수서2단지아파트,자곡동,138-2,36.84,,12965,44,14,27,2024,갱신,26.07~28.06,12348.0,42.0,,,
강남구,11680,자곡동,202606,아파트_전월세,LH수서2단지아파트,자곡동,138-2,44.9,,23200,26,5,26,2024,갱신,26.07~28.06,16720.0,57.0,,,
강남구,11680,일원동,202606,아파트_전월세,한솔마을,일원동,731,84.73,,60000,100,1,23,1994,신규,26.09~28.09,,,,,
강남구,11680,삼성동,202606,아파트_전월세,래미안삼성1차(103-22),삼성동,103-22,114.12,,80000,200,13,29,2006,신규,26.09~28.09,,,,,
강남구,11680,자곡동,202606,아파트_전월세,LH수서2단지아파트,자곡동,138-2,36.84,,17265,19,6,27,2024,갱신,26.07~28.06,12348.0,42.0,,,
강남구,11680,대치동,202606,아파트_전월세,대치푸르지오써밋,대치동,1032,102.3261,,230000,0,15,25,2023,신규,26.08~28.08,,,,,
강남구,11680,압구정동,202606,아파트_전월세,미성2차,압구정동,397,118.63,,147000,0,6,27,1987,갱신,26.07~28.07,140000.0,,사용,,
강남구,11680,수서동,202606,아파트_전월세,신동아,수서동,736,49.96,,44290,0,8,27,1992,갱신,26.07~28.07,43000.0,,사용,,
강남구,11680,자곡동,202606,아파트_전월세,LH수서2단지아파트,자곡동,138-2,36.84,,17265,19,4,29,2024,갱신,26.07~28.06,12348.0,42.0,,,
강남구,11680,자곡동,202606,아파트_전월세,LH수서2단지아파트,자곡동,138-2,14.69,,6816,8,8,29,2024,갱신,26.07~28.06,4692.0,16.0,,,
강남구,11680,수서동,202606,아파트_전월세,까치마을,수서동,746,39.6,,31500,13,8,17,1993,갱신,26.07~28.07,31500.0,7.0,,,
강남구,11680,압구정동,202606,아파트_전월세,"현대7차(73~77,82,85동)",압구정동,456,196.7,,60000,700,6,5,1979,신규,26.08~28.08,,,,,
강남구,11680,자곡동,202606,아파트_전월세,래미안포레,자곡동,687,59.97,,29015,0,3,29,2014,갱신,26.07~28.06,27634.0,,,,
강남구,11680,세곡동,202606,아파트_전월세,강남엘에이치1단지,세곡동,579,59.99,,59320,0,11,27,2013,갱신,26.06~28.06,54020.0,,,,
강남구,11680,자곡동,202606,아파트_전월세,래미안강남힐즈,자곡동,611,91.96,,96000,0,7,27,2014,갱신,26.11~28.11,88000.0,,,,
강남구,11680,대치동,202606,아파트_전월세,래미안대치팰리스,대치동,1027,84.98,,180000,0,22,28,2015,갱신,26.07~28.07,160000.0,,,,
강남구,11680,개포동,202606,아파트_전월세,개포6차우성아파트1동~8동,개포동,658-1,54.98,,37000,0,5,27,1987,갱신,26.07~28.07,37000.0,,,,
강남구,11680,세곡동,202606,아파트_전월세,세곡리엔파크(4단지),세곡동,522,39.97,,1311,32,8,24,2011,신규,26.07~28.09,,,,,
강남구,11680,일원동,202606,아파트_전월세,수서,일원동,711,39.98,,37800,0,8,27,1992,갱신,26.07~28.07,36000.0,,사용,,
강남구,11680,삼성동,202606,아파트_전월세,래미안라클래시,삼성동,189,71.99,,150000,0,6,27,2021,갱신,26.07~28.07,145000.0,,사용,,
강남구,11680,세곡동,202606,아파트_전월세,강남신동아파밀리에1단지,세곡동,508,59.97,,70000,0,9,27,2011,신규,26.07~28.07,,,,,
강남구,11680,개포동,202606,아파트_전월세,성원대치2단지아파트,개포동,12,39.53,,38550,0,8,27,1992,갱신,26.06~28.06,30750.0,,,,
강남구,11680,도곡동,202606,아파트_전월세,경남,도곡동,967,59.76,,87500,0,3,27,2005,신규,26.07~28.07,,,,,
강남구,11680,도곡동,202606,아파트_전월세,대우디오빌,도곡동,952,25.89,,1000,83,14,9,2004,신규,26.06~28.06,,,,,
강남구,11680,도곡동,202606,아파트_전월세,럭키(963),도곡동,963,84.97,,105000,0,8,27,1995,신규,26.09~28.09,,,,,
강남구,11680,자곡동,202606,아파트_전월세,LH수서2단지아파트,자곡동,138-2,36.84,,17265,19,5,26,2024,갱신,26.07~28.06,12348.0,42.0,,,
강남구,11680,자곡동,202606,아파트_전월세,LH수서2단지아파트,자곡동,138-2,36.84,,17265,19,3,26,2024,갱신,26.07~28.06,12348.0,42.0,,,
강남구,11680,삼성동,202606,아파트_전월세,삼성월드타워,삼성동,3-1,84.202,,90000,0,9,24,1997,신규,26.08~28.08,,,,,
강남구,11680,자곡동,202606,아파트_전월세,LH수서2단지아파트,자곡동,138-2,36.6,,14080,37,7,26,2024,갱신,26.07~28.06,12962.0,32.0,,,
강남구,11680,자곡동,202606,아파트_전월세,LH수서2단지아파트,자곡동,138-2,36.84,,3665,71,7,26,2024,갱신,26.07~28.06,12348.0,42.0,,,
강남구,11680,역삼동,202606,아파트_전월세,e-편한세상,역삼동,755-4,59.606,,115000,0,8,20,2005,신규,26.09~28.09,,,,,
강남구,11680,역삼동,202606,아파트_전월세,테헤란아이파크,역삼동,709-5,118.0315,,20000,580,2,26,2014,갱신,26.07~28.07,20000.0,500.0,,,
강남구,11680,수서동,202606,아파트_전월세,신동아,수서동,736,49.96,,5000,160,5,25,1992,갱신,26.06~28.06,5000.0,,,,
강남구,11680,자곡동,202606,아파트_전월세,LH수서2단지아파트,자곡동,138-2,26.54,,7781,27,9,24,2024,갱신,26.07~28.06,7410.0,25.0,,,
강남구,11680,자곡동,202606,아파트_전월세,LH수서2단지아파트,자곡동,138-2,36.84,,6355,88,10,26,2024,갱신,26.07~28.06,12348.0,42.0,,,
강남구,11680,개포동,202606,아파트_전월세,성원대치2단지아파트,개포동,12,33.18,,1000,98,11,26,1992,신규,26.07~28.02,,,,,
강남구,11680,역삼동,202606,아파트_전월세,역삼래미안,역삼동,757,59.53,,90000,0,15,20,2005,갱신,26.08~27.08,90000.0,,사용,,
강남구,11680,대치동,202606,아파트_전월세,은마,대치동,316,84.43,,75000,20,13,18,1979,갱신,26.07~28.07,70000.0,20.0,,,
강남구,11680,대치동,202606,아파트_전월세,대치아이파크,대치동,888,84.98,,178500,0,7,26,2008,갱신,26.07~28.07,170000.0,,사용,,
강남구,11680,개포동,202606,아파트_전월세,개포더샵트리에,개포동,651-1,105.8064,,131250,0,15,26,2021,갱신,26.07~28.07,125000.0,,사용,,
강남구,11680,대치동,202606,아파트_전월세,"쌍용대치아파트1동,2동,3동,5동,6동",대치동,66,83.56,,74000,0,1,26,1983,신규,26.07~28.07,,,,,
강남구,11680,삼성동,202606,아파트_전월세,삼성동힐스테이트 1단지,삼성동,16-2,84.236,,120750,0,17,26,2008,갱신,26.07~28.06,115000.0,,사용,,
강남구,11680,수서동,202606,아파트_전월세,까치마을,수서동,746,49.5,,50000,0,15,15,1993,갱신,26.06~28.06,49000.0,,사용,,
강남구,11680,일원동,202606,아파트_전월세,한솔마을,일원동,731,63.76,,70000,0,3,2,1994,신규,26.07~28.07,,,,,
강남구,11680,자곡동,202606,아파트_전월세,LH수서2단지아파트,자곡동,138-2,14.69,,6916,8,11,26,2024,갱신,26.07~28.06,4968.0,17.0,,,
강남구,11680,논현동,202606,아파트_전월세,두산위브1단지,논현동,252-1,84.914,,90000,10,5,24,2004,갱신,26.07~28.07,90000.0,,사용,,
강남구,11680,대치동,202606,아파트_전월세,은마,대치동,316,76.79,,75000,0,3,25,1979,신규,26.09~28.09,,,,,
강남구,11680,세곡동,202606,아파트_전월세,세곡리엔파크(4단지),세곡동,522,39.97,,1311,32,7,25,2011,신규,26.07~28.09,,,,,
강남구,11680,자곡동,202606,아파트_전월세,LH수서2단지아파트,자곡동,138-2,14.69,,6816,8,5,26,2024,갱신,26.07~28.06,4692.0,16.0,,,
강남구,11680,대치동,202606,아파트_전월세,대치아이파크,대치동,888,119.58,,120000,275,8,23,2008,갱신,26.07~28.07,120000.0,240.0,사용,,
강남구,11680,일원동,202606,아파트_전월세,디에이치자이개포,일원동,743,76.46,,149000,0,5,26,2021,신규,26.08~28.08,,,,,
강남구,11680,역삼동,202606,아파트_전월세,시티프라디움더강남2,역삼동,903,49.9693,,80000,0,4,10,2022,신규,26.08~28.06,,,,,
강남구,11680,삼성동,202606,아파트_전월세,현대힐스테이트2단지,삼성동,50,84.236,,108000,0,2,26,2008,갱신,26.07~28.07,105000.0,,사용,,
강남구,11680,대치동,202606,아파트_전월세,선경1차(1동-7동),대치동,506,84.35,,100000,100,8,10,1983,신규,26.08~28.08,,,,,
강남구,11680,자곡동,202606,아파트_전월세,LH수서2단지아파트,자곡동,138-2,36.84,,21155,33,2,26,2024,갱신,26.07~28.06,12348.0,42.0,,,
강남구,11680,대치동,202606,아파트_전월세,대치삼성,대치동,1014-3,97.35,,130000,200,22,23,2000,신규,26.10~28.10,,,,,
강남구,11680,압구정동,202606,아파트_전월세,미성2차,압구정동,397,74.4,,90000,0,13,2,1987,신규,26.09~28.09,,,,,
강남구,11680,자곡동,202606,아파트_전월세,LH수서2단지아파트,자곡동,138-2,36.84,,16658,47,6,26,2024,갱신,26.07~28.06,12348.0,42.0,,,
강남구,11680,대치동,202606,아파트_전월세,한보미도맨션1,대치동,511,84.48,,99750,0,10,15,1983,갱신,26.09~28.09,95000.0,,사용,,
강남구,11680,논현동,202606,아파트_전월세,동현아파트1~6,논현동,105,84.92,,5000,380,9,4,1985,신규,26.08~28.08,,,,,
강남구,11680,역삼동,202606,아파트_전월세,역삼래미안,역삼동,757,59.73,,105000,0,5,20,2005,신규,26.08~28.08,,,,,
강남구,11680,개포동,202606,아파트_전월세,성원대치2단지아파트,개포동,12,33.18,,28000,50,6,26,1992,신규,26.07~28.05,,,,,
강남구,11680,수서동,202606,아파트_전월세,신동아,수서동,736,39.51,,40000,0,13,20,1992,갱신,26.07~28.07,35000.0,,,,
강남구,11680,청담동,202606,아파트_전월세,청담자이,청담동,134-38,49.593,,25000,380,9,25,2011,신규,26.06~28.06,,,,,
강남구,11680,역삼동,202606,아파트_전월세,역삼래미안,역삼동,757,80.87,,60000,280,11,13,2005,갱신,26.09~28.09,60026.0,206.0,,,
강남구,11680,자곡동,202606,아파트_전월세,LH수서2단지아파트,자곡동,138-2,44.9,,23200,26,4,18,2024,갱신,26.07~28.06,22520.0,23.0,,,
강남구,11680,자곡동,202606,아파트_전월세,LH수서2단지아파트,자곡동,138-2,36.84,,18562,24,2,26,2024,갱신,26.07~28.06,12348.0,42.0,,,
강남구,11680,개포동,202606,아파트_전월세,현대아파트3,개포동,177,84.87,,76000,0,6,18,1986,갱신,26.08~28.08,74000.0,,사용,,
강남구,11680,논현동,202606,아파트_전월세,두영,논현동,216-1,84.84,,20000,250,3,23,2004,신규,26.10~28.10,,,,,
강남구,11680,자곡동,202606,아파트_전월세,LH수서2단지아파트,자곡동,138-2,14.69,,1016,30,1,26,2024,갱신,26.07~28.06,4968.0,17.0,,,
강남구,11680,역삼동,202606,아파트_전월세,강남센트럴아이파크,역삼동,902,59.945,,40000,400,24,23,2022,신규,26.08~28.08,,,,,
강남구,11680,역삼동,202606,아파트_전월세,EGSoulLeader,역삼동,828-28,21.58,,22000,10,6,18,2012,신규,26.07~28.07,,,,,
강남구,11680,압구정동,202606,아파트_전월세,한양1차(영동한양),압구정동,490,63.87,,70000,0,12,25,1977,신규,26.12~28.11,,,,,
강남구,11680,자곡동,202606,아파트_전월세,LH수서2단지아파트,자곡동,138-2,26.54,,13055,15,11,26,2024,갱신,26.07~28.06,9386.0,32.0,,,
강남구,11680,논현동,202606,아파트_전월세,선정릉역모아엘가퍼스트홈,논현동,278-4,22.65,,6017,71,6,1,2023,신규,26.06~28.05,,,,,
강남구,11680,대치동,202606,아파트_전월세,개포우성2,대치동,500,159.6,,225000,0,13,14,1984,갱신,26.06~28.06,250000.0,,,,
강남구,11680,자곡동,202606,아파트_전월세,LH수서2단지아파트,자곡동,138-2,14.69,,6627,7,3,25,2024,갱신,26.07~28.06,4968.0,17.0,,,
강남구,11680,자곡동,202606,아파트_전월세,LH수서2단지아파트,자곡동,138-2,44.89,,11256,78,3,25,2024,갱신,26.07~28.06,16720.0,57.0,,,
강남구,11680,도곡동,202606,아파트_전월세,아카데미스위트1,도곡동,467-7,164.87,,10000,500,28,17,2004,신규,26.08~28.07,,,,,
강남구,11680,압구정동,202606,아파트_전월세,미성2차,압구정동,397,74.4,,90000,0,13,2,1987,신규,26.09~28.09,,,,,
강남구,11680,자곡동,202606,아파트_전월세,LH수서2단지아파트,자곡동,138-2,36.84,,2465,75,3,26,2024,갱신,26.07~28.06,12348.0,42.0,,,
강남구,11680,자곡동,202606,아파트_전월세,LH수서2단지아파트,자곡동,138-2,14.69,,6916,8,4,25,2024,갱신,26.07~28.06,4968.0,17.0,,,
강남구,11680,자곡동,202606,아파트_전월세,LH수서2단지아파트,자곡동,138-2,44.89,,22356,32,11,25,2024,갱신,26.07~28.06,16720.0,57.0,,,
강남구,11680,자곡동,202606,아파트_전월세,강남한양수자인(4단지),자곡동,686,59.93,,6101,41,7,26,2014,신규,26.07~28.09,,,,,
강남구,11680,자곡동,202606,아파트_전월세,LH수서2단지아파트,자곡동,138-2,36.84,,17265,19,3,26,2024,갱신,26.07~28.06,12348.0,42.0,,,
강남구,11680,자곡동,202606,아파트_전월세,강남자곡아이파크,자곡동,602,74.97,,76650,0,15,5,2014,갱신,26.06~28.06,73000.0,,사용,,
강남구,11680,자곡동,202606,아파트_전월세,LH수서2단지아파트,자곡동,138-2,44.89,,23356,26,12,26,2024,갱신,26.07~28.06,16720.0,57.0,,,
강남구,11680,대치동,202606,아파트_전월세,은마,대치동,316,76.79,,10000,240,14,18,1979,신규,26.08~28.08,,,,,
강남구,11680,자곡동,202606,아파트_전월세,LH수서2단지아파트,자곡동,138-2,36.84,,2965,73,5,26,2024,갱신,26.07~28.06,12348.0,42.0,,,
강남구,11680,자곡동,202606,아파트_전월세,LH수서2단지아파트,자곡동,138-2,14.69,,6627,7,15,25,2024,갱신,26.07~28.06,4968.0,17.0,,,
강남구,11680,자곡동,202606,아파트_전월세,래미안포레,자곡동,687,59.92,,29015,0,3,25,2014,갱신,26.07~28.06,27634.0,,,,
강남구,11680,자곡동,202606,아파트_전월세,LH수서2단지아파트,자곡동,138-2,36.84,,17265,19,4,25,2024,갱신,26.07~28.06,12348.0,42.0,,,
강남구,11680,자곡동,202606,아파트_전월세,LH수서2단지아파트,자곡동,138-2,14.69,,6916,8,15,25,2024,갱신,26.07~28.06,4968.0,17.0,,,
강남구,11680,자곡동,202606,아파트_전월세,LH수서2단지아파트,자곡동,138-2,36.84,,17265,19,5,25,2024,갱신,26.07~28.06,12348.0,42.0,,,
강남구,11680,자곡동,202606,아파트_전월세,LH수서2단지아파트,자곡동,138-2,14.69,,6916,8,13,25,2024,갱신,26.07~28.06,4968.0,17.0,,,
강남구,11680,대치동,202606,아파트_전월세,동부센트레빌,대치동,670,121.74,,250000,0,13,20,2005,갱신,26.07~28.10,215000.0,,,,
강남구,11680,자곡동,202606,아파트_전월세,LH수서2단지아파트,자곡동,138-2,36.84,,3762,79,7,26,2024,갱신,26.07~28.06,12348.0,42.0,,,
강남구,11680,자곡동,202606,아파트_전월세,LH수서2단지아파트,자곡동,138-2,14.69,,6527,7,8,25,2024,갱신,26.07~28.06,4692.0,16.0,,,
강남구,11680,자곡동,202606,아파트_전월세,LH수서2단지아파트,자곡동,138-2,14.69,,6627,7,6,25,2024,갱신,26.07~28.06,4968.0,17.0,,,
강남구,11680,자곡동,202606,아파트_전월세,LH수서2단지아파트,자곡동,138-2,36.84,,14265,37,12,25,2024,갱신,26.07~28.06,12348.0,42.0,,,
강남구,11680,수서동,202606,아파트_전월세,신동아,수서동,736,33.18,,30600,0,4,20,1992,갱신,26.07~28.07,292000.0,,사용,,
강남구,11680,수서동,202606,아파트_전월세,신동아,수서동,736,33.18,,45000,0,8,25,1992,신규,26.08~28.08,,,,,
강남구,11680,개포동,202606,아파트_전월세,개포자이프레지던스,개포동,1284,84.5978,,10000,580,16,25,2023,신규,26.07~28.07,,,,,
강남구,11680,일원동,202606,아파트_전월세,수서,일원동,711,59.94,,55000,0,5,25,1992,갱신,26.07~28.07,53000.0,,사용,,
강남구,11680,압구정동,202606,아파트_전월세,"현대1차(12,13,21,22,31,32,33동)",압구정동,369-1,131.49,,113400,0,6,22,1976,갱신,26.07~28.07,108000.0,,사용,,
강남구,11680,삼성동,202606,아파트_전월세,아이파크,삼성동,87,195.388,,440000,0,10,25,2004,신규,26.09~28.09,,,,,
강남구,11680,자곡동,202606,아파트_전월세,강남한양수자인(4단지),자곡동,686,59.93,,6101,41,10,25,2014,신규,26.07~28.09,,,,,
강남구,11680,자곡동,202606,아파트_전월세,LH수서2단지아파트,자곡동,138-2,14.69,,1716,28,9,25,2024,갱신,26.07~28.06,4140.0,14.0,,,
강남구,11680,압구정동,202606,아파트_전월세,"현대1차(12,13,21,22,31,32,33동)",압구정동,369-1,131.48,,70000,139,11,18,1976,갱신,26.08~28.08,70000.0,120.0,사용,,
강남구,11680,자곡동,202606,아파트_전월세,LH수서2단지아파트,자곡동,138-2,36.84,,12965,44,11,25,2024,갱신,26.07~28.06,12348.0,42.0,,,
강남구,11680,역삼동,202606,아파트_전월세,역삼자이,역삼동,711-3,84.993,,136500,0,2,15,2016,갱신,26.07~28.07,130000.0,,사용,,
강남구,11680,도곡동,202606,아파트_전월세,삼성래미안,도곡동,91-5,84.89,,50000,159,5,25,2001,갱신,26.08~28.08,50000.0,142.0,사용,,
강남구,11680,청담동,202606,아파트_전월세,영풍마드레빌,청담동,36,122.2,,130000,24,9,25,2003,갱신,26.06~28.06,130000.0,,사용,,
강남구,11680,자곡동,202606,아파트_전월세,LH수서2단지아파트,자곡동,138-2,14.69,,6527,7,14,25,2024,갱신,26.07~28.06,4692.0,16.0,,,
강남구,11680,자곡동,202606,아파트_전월세,LH수서2단지아파트,자곡동,138-2,14.69,,6916,8,3,25,2024,갱신,26.07~28.06,4968.0,17.0,,,
강남구,11680,자곡동,202606,아파트_전월세,LH수서2단지아파트,자곡동,138-2,36.84,,16545,17,6,25,2024,갱신,26.07~28.06,12348.0,42.0,,,
강남구,11680,역삼동,202606,아파트_전월세,진넥스빌2,역삼동,706-24,23.85,,13000,40,10,25,2003,신규,26.07~28.07,,,,,
강남구,11680,자곡동,202606,아파트_전월세,LH수서2단지아파트,자곡동,138-2,44.89,,23356,26,9,25,2024,갱신,26.07~28.06,22520.0,23.0,,,
강남구,11680,자곡동,202606,아파트_전월세,LH수서2단지아파트,자곡동,138-2,44.89,,23356,26,5,25,2024,갱신,26.07~28.06,16720.0,57.0,,,
강남구,11680,대치동,202606,아파트_전월세,동부센트레빌,대치동,670,145.83,,245000,160,15,19,2005,신규,26.08~28.08,,,,,
강남구,11680,논현동,202606,아파트_전월세,리스트강남,논현동,202-7,42.18,,17140,78,14,24,2022,갱신,26.08~28.08,13072.0,84.0,,,
강남구,11680,자곡동,202606,아파트_전월세,래미안포레,자곡동,687,59.92,,40398,0,6,25,2014,갱신,26.07~28.06,38475.0,,,,
강남구,11680,자곡동,202606,아파트_전월세,래미안강남힐즈,자곡동,611,101.95,,70000,200,6,4,2014,신규,26.06~28.06,,,,,
강남구,11680,논현동,202606,아파트_전월세,리스트강남,논현동,202-7,42.18,,13712,93,12,2,2022,갱신,26.07~28.07,13072.0,84.0,,,
강남구,11680,자곡동,202606,아파트_전월세,강남한양수자인(4단지),자곡동,686,49.94,,5430,38,5,25,2014,신규,26.07~28.09,,,,,
강남구,11680,역삼동,202606,아파트_전월세,우림루미아트2,역삼동,706-10,23.9,,10000,30,10,24,2003,신규,26.07~28.07,,,,,
강남구,11680,수서동,202606,아파트_전월세,신동아,수서동,736,33.18,,10000,120,2,24,1992,신규,26.06~28.06,,,,,
강남구,11680,수서동,202606,아파트_전월세,까치마을,수서동,746,49.5,,68000,0,2,25,1993,신규,26.08~28.08,,,,,
강남구,11680,자곡동,202606,아파트_전월세,LH수서2단지아파트,자곡동,138-2,36.84,,16545,17,10,25,2024,갱신,26.07~28.06,12348.0,42.0,,,
강남구,11680,세곡동,202606,아파트_전월세,강남엘에이치1단지,세곡동,579,84.83,,87000,0,8,25,2013,신규,26.09~28.09,,,,,
강남구,11680,개포동,202606,아파트_전월세,삼익대청아파트,개포동,12,39.53,,10000,127,10,20,1992,갱신,26.07~28.07,10000.0,120.0,사용,,
강남구,11680,자곡동,202606,아파트_전월세,LH수서2단지아파트,자곡동,138-2,14.69,,1227,28,10,25,2024,갱신,26.07~28.06,4692.0,16.0,,,
강남구,11680,논현동,202606,아파트_전월세,펜트힐캐스케이드,논현동,106,48.03,,5000,420,7,6,2023,신규,26.06~27.06,,,,,
강남구,11680,역삼동,202606,아파트_전월세,역삼래미안,역삼동,757,59.53,,105000,0,10,13,2005,신규,26.08~28.08,,,,,
강남구,11680,역삼동,202606,아파트_전월세,개나리래미안,역삼동,754,84.93,,150000,0,11,23,2006,신규,26.09~28.09,,,,,
강남구,11680,자곡동,202606,아파트_전월세,LH수서2단지아파트,자곡동,138-2,36.6,,18500,24,7,25,2024,갱신,26.07~28.06,12348.0,42.0,,,
강남구,11680,자곡동,202606,아파트_전월세,LH수서2단지아파트,자곡동,138-2,36.6,,17080,19,5,25,2024,갱신,26.07~28.06,12348.0,42.0,,,
강남구,11680,일원동,202606,아파트_전월세,가람,일원동,735,75.16,,80000,0,4,20,1993,신규,26.09~28.09,,,,,
강남구,11680,역삼동,202606,아파트_전월세,역삼I'PARK,역삼동,713-11,28.246,,40950,0,1,24,2006,갱신,26.08~28.08,39000.0,,사용,,
강남구,11680,자곡동,202606,아파트_전월세,LH수서2단지아파트,자곡동,138-2,36.6,,16070,19,2,25,2024,갱신,26.07~28.06,11662.0,40.0,,,
강남구,11680,자곡동,202606,아파트_전월세,LH수서2단지아파트,자곡동,138-2,36.84,,11876,43,10,25,2024,갱신,26.07~28.06,12348.0,42.0,,,
강남구,11680,자곡동,202606,아파트_전월세,LH수서2단지아파트,자곡동,138-2,14.69,,1227,28,1,25,2024,갱신,26.07~28.06,4692.0,16.0,,,
강남구,11680,자곡동,202606,아파트_전월세,LH수서2단지아파트,자곡동,138-2,26.54,,1737,54,6,25,2024,갱신,26.07~28.06,8892.0,30.0,,,
강남구,11680,개포동,202606,아파트_전월세,개포자이프레지던스,개포동,1284,78.7747,,20000,560,32,16,2023,신규,26.06~26.12,,,,,
강남구,11680,압구정동,202606,아파트_전월세,한양1차(영동한양),압구정동,490,78.05,,85000,0,3,25,1977,갱신,26.09~28.09,72500.0,,,,
강남구,11680,논현동,202606,아파트_전월세,마일스디오빌,논현동,58-2,36.29,,5000,106,8,15,2004,갱신,26.06~28.06,5000.0,101.0,사용,,
강남구,11680,일원동,202606,아파트_전월세,디에이치자이개포,일원동,743,63.76,,120000,0,30,24,2021,갱신,26.07~28.07,115000.0,,사용,,
강남구,11680,대치동,202606,아파트_전월세,"대치우성아파트1동,2동,3동,5동,6동,7동",대치동,63,84.69,,70350,0,2,2,1984,갱신,26.07~28.07,67000.0,,사용,,
강남구,11680,자곡동,202606,아파트_전월세,LH수서2단지아파트,자곡동,138-2,14.69,,3327,21,4,25,2024,갱신,26.07~28.06,4692.0,16.0,,,
강남구,11680,압구정동,202606,아파트_전월세,한양1차(영동한양),압구정동,490,63.87,,5000,199,4,17,1977,갱신,26.07~28.06,5000.0,189.0,,,
강남구,11680,역삼동,202606,아파트_전월세,역삼푸르지오,역삼동,754-1,84.9097,,20000,424,6,25,2006,갱신,26.07~28.06,20000.0,400.0,사용,,
강남구,11680,자곡동,202606,아파트_전월세,LH수서2단지아파트,자곡동,138-2,44.89,,17556,60,6,25,2024,갱신,26.07~28.06,16720.0,57.0,,,
강남구,11680,개포동,202606,아파트_전월세,개포주공6단지,개포동,185,73.02,,18000,130,5,6,1983,신규,26.08~28.08,,,,,
강남구,11680,도곡동,202606,아파트_전월세,아카데미스위트1,도곡동,467-7,122.07,,50000,400,5,24,2004,신규,26.08~28.08,,,,,
강남구,11680,자곡동,202606,아파트_전월세,LH수서2단지아파트,자곡동,138-2,36.84,,12965,44,11,15,2024,갱신,26.07~28.06,12348.0,42.0,,,
강남구,11680,세곡동,202606,아파트_전월세,세곡리엔파크(4단지),세곡동,522,39.97,,3279,27,7,25,2011,신규,26.07~28.09,,,,,
강남구,11680,자곡동,202606,아파트_전월세,LH수서2단지아파트,자곡동,138-2,44.89,,23356,26,10,24,2024,갱신,26.07~28.06,16720.0,57.0,,,
강남구,11680,자곡동,202606,아파트_전월세,LH수서2단지아파트,자곡동,138-2,36.6,,13780,38,7,24,2024,갱신,26.07~28.06,12348.0,42.0,,,
강남구,11680,세곡동,202606,아파트_전월세,강남데시앙파크,세곡동,525,114.69,,66000,100,4,24,2011,갱신,26.09~28.09,56000.0,100.0,,,
강남구,11680,자곡동,202606,아파트_전월세,LH수서2단지아파트,자곡동,138-2,36.84,,13945,32,10,24,2024,갱신,26.07~28.06,12348.0,42.0,,,
강남구,11680,자곡동,202606,아파트_전월세,강남자곡 힐스테이트,자곡동,619,84.39,,68250,0,7,25,2015,갱신,26.09~28.09,65000.0,,사용,,
강남구,11680,대치동,202606,아파트_전월세,아티스톤,대치동,907-12,79.03,,100000,60,7,17,2022,신규,26.08~28.08,,,,,
강남구,11680,자곡동,202606,아파트_전월세,LH수서2단지아파트,자곡동,138-2,36.84,,17265,19,12,25,2024,갱신,26.07~28.06,12348.0,42.0,,,
강남구,11680,율현동,202606,아파트_전월세,강남한신휴플러스6단지,율현동,365,59.68,,38436,0,5,24,2015,갱신,26.07~28.06,36606.0,,,,
강남구,11680,자곡동,202606,아파트_전월세,LH수서2단지아파트,자곡동,138-2,36.84,,16545,17,1,24,2024,갱신,26.07~28.06,12348.0,42.0,,,
강남구,11680,자곡동,202606,아파트_전월세,래미안포레,자곡동,687,49.94,,5510,48,10,24,2014,갱신,26.07~28.06,5274.0,37.0,,,
강남구,11680,자곡동,202606,아파트_전월세,LH수서2단지아파트,자곡동,138-2,44.89,,23356,26,6,25,2024,갱신,26.07~28.06,16720.0,57.0,,,
강남구,11680,역삼동,202606,아파트_전월세,개나리SK뷰,역삼동,716-3,84.99,,60000,279,17,10,2012,갱신,26.08~28.08,60000.0,255.0,,,
강남구,11680,청담동,202606,아파트_전월세,래미안청담로이뷰,청담동,134,110.2,,70000,380,9,19,1992,갱신,26.07~28.07,70000.0,350.0,사용,,
강남구,11680,삼성동,202606,아파트_전월세,래미안라클래시,삼성동,189,71.99,,95000,200,14,12,2021,갱신,26.07~28.07,85000.0,220.0,,,
강남구,11680,자곡동,202606,아파트_전월세,LH수서2단지아파트,자곡동,138-2,14.69,,6816,8,4,24,2024,갱신,26.07~28.06,4692.0,16.0,,,
강남구,11680,자곡동,202606,아파트_전월세,LH수서2단지아파트,자곡동,138-2,36.84,,17265,19,6,24,2024,갱신,26.07~28.06,12348.0,42.0,,,
강남구,11680,자곡동,202606,아파트_전월세,LH수서2단지아파트,자곡동,138-2,36.84,,15265,31,5,25,2024,갱신,26.07~28.06,12348.0,42.0,,,
강남구,11680,자곡동,202606,아파트_전월세,LH수서2단지아파트,자곡동,138-2,36.84,,16545,17,14,24,2024,갱신,26.07~28.06,12348.0,42.0,,,
강남구,11680,자곡동,202606,아파트_전월세,LH수서2단지아파트,자곡동,138-2,36.84,,17265,19,3,15,2024,갱신,26.07~28.06,16648.0,17.0,,,
강남구,11680,대치동,202606,아파트_전월세,한보미도맨션1,대치동,511,84.48,,60000,170,8,20,1983,갱신,26.08~28.02,60000.0,110.0,,,
강남구,11680,자곡동,202606,아파트_전월세,LH수서2단지아파트,자곡동,138-2,14.69,,4927,17,7,25,2024,갱신,26.07~28.06,4692.0,16.0,,,
강남구,11680,자곡동,202606,아파트_전월세,래미안포레,자곡동,687,59.92,,29015,0,4,25,2014,갱신,26.07~28.06,27634.0,,,,
강남구,11680,압구정동,202606,아파트_전월세,한양1차(영동한양),압구정동,490,91.21,,50000,200,8,24,1977,신규,26.07~28.07,,,,,
강남구,11680,자곡동,202606,아파트_전월세,LH수서2단지아파트,자곡동,138-2,36.84,,17265,19,5,25,2024,갱신,26.07~28.06,12348.0,42.0,,,
강남구,11680,자곡동,202606,아파트_전월세,LH수서2단지아파트,자곡동,138-2,14.69,,6916,8,10,25,2024,갱신,26.07~28.06,4968.0,17.0,,,
강남구,11680,자곡동,202606,아파트_전월세,LH수서2단지아파트,자곡동,138-2,14.69,,6627,7,4,24,2024,갱신,26.07~28.06,4968.0,17.0,,,
강남구,11680,자곡동,202606,아파트_전월세,LH수서2단지아파트,자곡동,138-2,36.84,,18706,24,4,24,2024,갱신,26.07~28.06,12348.0,42.0,,,
강남구,11680,자곡동,202606,아파트_전월세,LH수서2단지아파트,자곡동,138-2,14.69,,727,29,3,24,2024,갱신,26.07~28.06,4968.0,17.0,,,
강남구,11680,자곡동,202606,아파트_전월세,LH수서2단지아파트,자곡동,138-2,14.69,,6916,8,1,24,2024,갱신,26.07~28.06,4968.0,17.0,,,
강남구,11680,자곡동,202606,아파트_전월세,LH수서2단지아파트,자곡동,138-2,14.69,,6627,7,8,24,2024,갱신,26.07~28.06,4968.0,17.0,,,
강남구,11680,자곡동,202606,아파트_전월세,LH수서2단지아파트,자곡동,138-2,36.84,,17265,19,2,24,2024,갱신,26.07~28.06,12348.0,42.0,,,
강남구,11680,자곡동,202606,아파트_전월세,LH수서2단지아파트,자곡동,138-2,44.9,,23200,26,7,24,2024,갱신,26.07~28.06,16720.0,57.0,,,
강남구,11680,개포동,202606,아파트_전월세,개포더샵트리에,개포동,651-1,108.0923,,131250,0,8,13,2021,갱신,26.08~28.08,125000.0,,사용,,
강남구,11680,자곡동,202606,아파트_전월세,LH수서2단지아파트,자곡동,138-2,14.69,,6527,7,3,24,2024,갱신,26.07~28.06,4692.0,16.0,,,
강남구,11680,자곡동,202606,아파트_전월세,LH수서2단지아파트,자곡동,138-2,14.69,,6916,8,9,24,2024,갱신,26.07~28.06,4968.0,17.0,,,
강남구,11680,자곡동,202606,아파트_전월세,LH수서2단지아파트,자곡동,138-2,14.69,,4927,17,14,24,2024,갱신,26.07~28.06,4692.0,16.0,,,
강남구,11680,수서동,202606,아파트_전월세,삼성,수서동,747,84.97,,87140,0,7,20,1997,갱신,26.07~28.10,83000.0,,사용,,
강남구,11680,자곡동,202606,아파트_전월세,LH수서2단지아파트,자곡동,138-2,26.54,,1381,45,3,24,2024,갱신,26.07~28.06,1386.0,55.0,,,
강남구,11680,대치동,202606,아파트_전월세,대치삼성,대치동,1014-3,97.35,,60000,326,24,24,2000,갱신,26.09~28.09,60000.0,300.0,사용,,
강남구,11680,자곡동,202606,아파트_전월세,LH수서2단지아파트,자곡동,138-2,44.66,,2800,101,2,24,2024,갱신,26.07~28.06,16640.0,57.0,,,
강남구,11680,세곡동,202606,아파트_전월세,강남신동아파밀리에1단지,세곡동,508,49.74,,3979,39,8,24,2011,신규,26.07~28.09,,,,,
강남구,11680,삼성동,202606,아파트_전월세,한일,삼성동,48,80.29,,60000,140,2,22,2001,갱신,26.06~28.06,50000.0,100.0,,,
강남구,11680,자곡동,202606,아파트_전월세,LH수서2단지아파트,자곡동,138-2,36.84,,17265,19,1,24,2024,갱신,26.07~28.06,12348.0,42.0,,,
강남구,11680,역삼동,202606,아파트_전월세,요진와이시티미니,역삼동,727-9,12.1,,1000,90,7,11,2012,신규,26.06~28.06,,,,,
강남구,11680,역삼동,202606,아파트_전월세,쌍용플레티넘밸류,역삼동,826-37,84.9,,50000,190,3,24,2007,갱신,26.07~28.07,50000.0,170.0,,,
강남구,11680,자곡동,202606,아파트_전월세,LH수서2단지아파트,자곡동,138-2,36.84,,16965,21,12,24,2024,갱신,26.07~28.06,11662.0,40.0,,,
강남구,11680,개포동,202606,아파트_전월세,우성8,개포동,179,79.61,,70000,110,8,24,1987,신규,26.08~28.08,,,,,
강남구,11680,자곡동,202606,아파트_전월세,LH수서2단지아파트,자곡동,138-2,36.84,,17265,19,5,24,2024,갱신,26.07~28.06,12348.0,42.0,,,
강남구,11680,자곡동,202606,아파트_전월세,LH수서2단지아파트,자곡동,138-2,36.84,,17265,19,7,24,2024,갱신,26.07~28.06,12348.0,42.0,,,
강남구,11680,역삼동,202606,아파트_전월세,대우디오빌,역삼동,720-25,30.03,,1500,115,4,23,2002,신규,26.06~27.06,,,,,
강남구,11680,논현동,202606,아파트_전월세,루시아도산208,논현동,60,41.15,,7000,420,2,22,2023,신규,26.08~27.08,,,,,
강남구,11680,자곡동,202606,아파트_전월세,LH수서2단지아파트,자곡동,138-2,26.54,,13155,15,3,19,2024,신규,26.07~28.06,,,,,
강남구,11680,세곡동,202606,아파트_전월세,강남신동아파밀리에1단지,세곡동,508,59.97,,2214,46,11,24,2011,신규,26.07~28.09,,,,,
강남구,11680,자곡동,202606,아파트_전월세,LH수서2단지아파트,자곡동,138-2,36.84,,16965,21,4,24,2024,갱신,26.07~28.06,11662.0,40.0,,,
강남구,11680,자곡동,202606,아파트_전월세,LH수서2단지아파트,자곡동,138-2,14.69,,6627,7,1,24,2024,갱신,26.07~28.06,4968.0,17.0,,,
강남구,11680,자곡동,202606,아파트_전월세,LH수서2단지아파트,자곡동,138-2,44.9,,19140,66,3,24,2024,갱신,26.07~28.06,16720.0,57.0,,,
강남구,11680,자곡동,202606,아파트_전월세,LH수서2단지아파트,자곡동,138-2,14.69,,7216,8,1,24,2024,갱신,26.07~28.06,5216.0,18.0,,,
강남구,11680,자곡동,202606,아파트_전월세,강남한양수자인(4단지),자곡동,686,59.93,,6101,41,9,24,2014,신규,26.07~28.09,,,,,
강남구,11680,수서동,202606,아파트_전월세,삼익,수서동,708,60,,10000,210,10,15,1992,신규,26.06~28.06,,,,,
강남구,11680,자곡동,202606,아파트_전월세,LH수서2단지아파트,자곡동,138-2,36.6,,17080,19,5,24,2024,갱신,26.07~28.06,12348.0,42.0,,,
강남구,11680,자곡동,202606,아파트_전월세,LH수서2단지아파트,자곡동,138-2,36.84,,14262,49,4,24,2024,갱신,26.07~28.06,12348.0,42.0,,,
강남구,11680,자곡동,202606,아파트_전월세,LH수서2단지아파트,자곡동,138-2,14.69,,6916,8,7,24,2024,갱신,26.07~28.06,4968.0,17.0,,,
강남구,11680,세곡동,202606,아파트_전월세,세곡리엔파크(4단지),세곡동,522,39.97,,3279,27,8,24,2011,신규,26.07~28.09,,,,,
강남구,11680,자곡동,202606,아파트_전월세,LH수서2단지아파트,자곡동,138-2,14.69,,5216,18,1,24,2024,갱신,26.07~28.06,4968.0,17.0,,,
강남구,11680,삼성동,202606,아파트_전월세,레미안삼성1차(101동),삼성동,104-10,84.98,,58000,136,7,24,2005,갱신,26.06~28.06,58000.0,120.0,사용,,
강남구,11680,자곡동,202606,아파트_전월세,LH수서2단지아파트,자곡동,138-2,36.84,,18562,24,9,24,2024,갱신,26.07~28.06,12348.0,42.0,,,
강남구,11680,세곡동,202606,아파트_전월세,강남신동아파밀리에2단지,세곡동,511,59.97,,5263,37,12,24,2011,신규,26.07~28.09,,,,,
강남구,11680,역삼동,202606,아파트_전월세,시티프라디움더강남2,역삼동,903,34.9248,,5000,420,7,23,2022,갱신,26.08~27.08,5000.0,420.0,,,
강남구,11680,자곡동,202606,아파트_전월세,LH수서2단지아파트,자곡동,138-2,44.89,,23356,26,13,15,2024,갱신,26.07~28.06,22520.0,23.0,,,
강남구,11680,논현동,202606,아파트_전월세,비쥬힐,논현동,39-10,74.84,,30000,210,3,20,2003,신규,26.08~28.08,,,,,
강남구,11680,자곡동,202606,아파트_전월세,LH수서2단지아파트,자곡동,138-2,36.84,,16545,17,3,24,2024,갱신,26.07~28.06,12348.0,42.0,,,
강남구,11680,세곡동,202606,아파트_전월세,강남신동아파밀리에1단지,세곡동,508,59.97,,5537,39,11,24,2011,신규,26.07~28.09,,,,,
강남구,11680,삼성동,202606,아파트_전월세,삼성동롯데아파트,삼성동,17,59.4,,81000,0,3,23,2000,갱신,26.09~27.09,76000.0,,,,
강남구,11680,압구정동,202606,아파트_전월세,신현대9차,압구정동,426,111.38,,50000,177,3,20,1982,갱신,26.08~28.08,50000.0,160.0,사용,,
강남구,11680,삼성동,202606,아파트_전월세,래미안라클래시,삼성동,189,101.98,,260000,0,20,23,2021,갱신,26.08~28.08,260000.0,,,,
강남구,11680,자곡동,202606,아파트_전월세,래미안포레,자곡동,687,59.92,,34818,0,5,24,2014,갱신,26.07~28.06,29015.0,,,,
강남구,11680,자곡동,202606,아파트_전월세,LH수서2단지아파트,자곡동,138-2,36.84,,16965,21,6,24,2024,갱신,26.07~28.06,11662.0,40.0,,,
강남구,11680,역삼동,202606,아파트_전월세,시티프라디움더강남101동,역삼동,900,59.99,,20000,400,3,10,2021,갱신,26.08~28.08,20000.0,380.0,사용,,
강남구,11680,자곡동,202606,아파트_전월세,LH수서2단지아파트,자곡동,138-2,36.84,,18562,24,5,24,2024,갱신,26.07~28.06,16648.0,17.0,,,
강남구,11680,도곡동,202606,아파트_전월세,럭키(963),도곡동,963,84.97,,83000,0,9,23,1995,갱신,26.09~28.09,80000.0,,사용,,
강남구,11680,자곡동,202606,아파트_전월세,LH수서2단지아파트,자곡동,138-2,44.89,,17156,61,8,24,2024,갱신,26.07~28.06,16720.0,57.0,,,
강남구,11680,자곡동,202606,아파트_전월세,LH수서2단지아파트,자곡동,138-2,36.84,,17265,19,6,23,2024,갱신,26.07~28.06,12348.0,42.0,,,
강남구,11680,세곡동,202606,아파트_전월세,세곡푸르지오,세곡동,533,74.74,,69000,0,4,23,2012,갱신,26.07~28.07,69000.0,,사용,,
강남구,11680,도곡동,202606,아파트_전월세,롯데캐슬모닝,도곡동,551-28,150.78,,100000,124,6,20,2003,갱신,26.06~28.06,100000.0,100.0,사용,,
강남구,11680,삼성동,202606,아파트_전월세,래미안삼성1차(103-22),삼성동,103-22,141.53,,150000,0,9,21,2006,신규,26.08~28.08,,,,,
강남구,11680,자곡동,202606,아파트_전월세,LH수서2단지아파트,자곡동,138-2,36.84,,16965,21,12,23,2024,갱신,26.07~28.06,11662.0,40.0,,,
강남구,11680,자곡동,202606,아파트_전월세,LH수서2단지아파트,자곡동,138-2,44.89,,7856,88,10,24,2024,갱신,26.07~28.06,16720.0,57.0,,,
강남구,11680,삼성동,202606,아파트_전월세,채널리저브,삼성동,144-14,84.94,,76000,40,8,20,2007,갱신,26.08~28.08,86000.0,,사용,,
강남구,11680,자곡동,202606,아파트_전월세,LH수서2단지아파트,자곡동,138-2,44.89,,23356,26,5,23,2024,갱신,26.07~28.06,16720.0,57.0,,,
강남구,11680,자곡동,202606,아파트_전월세,래미안포레,자곡동,687,59.97,,43438,0,5,23,2014,갱신,26.07~28.06,41370.0,,,,
강남구,11680,자곡동,202606,아파트_전월세,래미안포레,자곡동,687,59.97,,79000,0,5,22,2014,신규,26.08~28.08,,,,,
강남구,11680,대치동,202606,아파트_전월세,대치동더블유타워,대치동,952-2,28.52,,1000,120,4,9,2013,신규,26.06~27.06,,,,,
강남구,11680,삼성동,202606,아파트_전월세,진흥아파트,삼성동,53-2,104.31,,70000,120,15,20,1984,신규,26.07~28.07,,,,,
강남구,11680,역삼동,202606,아파트_전월세,역삼자이,역삼동,711-3,84.993,,70000,230,31,22,2016,갱신,26.07~28.07,70000.0,230.0,,,
강남구,11680,도곡동,202606,아파트_전월세,SK허브프리모,도곡동,953-1,67.5,,4700,250,8,22,2006,신규,26.07~28.07,,,,,
강남구,11680,세곡동,202606,아파트_전월세,강남신동아파밀리에1단지,세곡동,508,49.74,,4979,37,8,24,2011,신규,26.07~28.09,,,,,
강남구,11680,자곡동,202606,아파트_전월세,래미안포레,자곡동,687,59.97,,31916,0,6,24,2014,갱신,26.07~28.06,33160.0,,,,
강남구,11680,자곡동,202606,아파트_전월세,LH수서2단지아파트,자곡동,138-2,36.6,,17080,19,5,24,2024,갱신,26.07~28.06,12348.0,42.0,,,
강남구,11680,압구정동,202606,아파트_전월세,한양8(81동한개동),압구정동,510,204.64,,210000,0,13,17,1984,갱신,26.08~27.08,210000.0,,,,
강남구,11680,압구정동,202606,아파트_전월세,"현대5차(71,72동)",압구정동,455,82.23,,3000,235,9,20,1977,갱신,26.10~28.10,3000.0,230.0,,,
강남구,11680,자곡동,202606,아파트_전월세,LH수서2단지아파트,자곡동,138-2,36.84,,16965,21,4,24,2024,갱신,26.07~28.06,11662.0,40.0,,,
강남구,11680,자곡동,202606,아파트_전월세,LH수서2단지아파트,자곡동,138-2,36.6,,17080,19,6,24,2024,갱신,26.07~28.06,12348.0,42.0,,,
강남구,11680,대치동,202606,아파트_전월세,대치SKVIEW,대치동,1029,84.3865,,200000,0,5,19,2017,갱신,26.08~28.08,190000.0,,,,
강남구,11680,도곡동,202606,아파트_전월세,도곡1차아이파크,도곡동,543-7,130.259,,97000,280,3,18,2007,갱신,26.07~28.07,70000.0,300.0,,,
강남구,11680,일원동,202606,아파트_전월세,디에이치자이개포,일원동,743,84.73,,110000,180,10,20,2021,신규,26.07~28.07,,,,,
강남구,11680,자곡동,202606,아파트_전월세,LH수서2단지아파트,자곡동,138-2,36.84,,17265,19,1,24,2024,갱신,26.07~28.06,12348.0,42.0,,,
강남구,11680,역삼동,202606,아파트_전월세,래미안그레이튼(진달래2차),역삼동,762-3,59.91,,107000,0,21,23,2010,신규,26.08~28.08,,,,,
강남구,11680,대치동,202606,아파트_전월세,은마,대치동,316,76.79,,1000,210,10,20,1979,갱신,26.07~28.07,10000.0,200.0,사용,,
강남구,11680,자곡동,202606,아파트_전월세,LH수서2단지아파트,자곡동,138-2,26.54,,15038,25,7,24,2024,갱신,26.07~28.06,8398.0,29.0,,,
강남구,11680,자곡동,202606,아파트_전월세,LH수서2단지아파트,자곡동,138-2,36.84,,17265,19,6,23,2024,갱신,26.07~28.06,12348.0,42.0,,,
강남구,11680,개포동,202606,아파트_전월세,디에이치아너힐즈,개포동,1281,59.8732,,130000,0,10,19,2019,신규,26.08~28.08,,,,,
강남구,11680,삼성동,202606,아파트_전월세,삼성동센트럴아이파크,삼성동,188,103.32,,170000,120,12,22,2018,갱신,26.08~28.08,150000.0,150.0,,,
강남구,11680,삼성동,202606,아파트_전월세,래미안삼성2차,삼성동,7-3,119.29,,159600,0,3,24,2007,갱신,26.08~28.08,152000.0,,사용,,
강남구,11680,자곡동,202606,아파트_전월세,LH수서2단지아파트,자곡동,138-2,36.84,,17265,19,4,24,2024,갱신,26.07~28.06,12348.0,42.0,,,
강남구,11680,자곡동,202606,아파트_전월세,LH수서2단지아파트,자곡동,138-2,14.69,,847,25,9,24,2024,갱신,26.07~28.06,640.0,24.0,,,
강남구,11680,일원동,202606,아파트_전월세,가람,일원동,735,84.95,,85000,0,2,9,1993,신규,26.08~28.08,,,,,
강남구,11680,세곡동,202606,아파트_전월세,강남데시앙파크,세곡동,525,84.97,,44877,0,3,24,2011,갱신,26.07~28.06,42740.0,,,,
강남구,11680,대치동,202606,아파트_전월세,은마,대치동,316,76.79,,50000,100,9,2,1979,신규,26.06~28.06,,,,,
강남구,11680,대치동,202606,아파트_전월세,래미안대치팰리스,대치동,1027,84.99,,183750,0,20,20,2015,갱신,26.08~28.08,175000.0,,사용,,
강남구,11680,역삼동,202606,아파트_전월세,역삼푸르지오,역삼동,754-1,59.8848,,68000,100,6,8,2006,갱신,26.08~28.08,65000.0,100.0,사용,,
강남구,11680,자곡동,202606,아파트_전월세,LH수서2단지아파트,자곡동,138-2,26.54,,11355,25,11,24,2024,갱신,26.07~28.06,9386.0,32.0,,,
강남구,11680,역삼동,202606,아파트_전월세,개나리푸르지오,역삼동,755-1,59.9885,,40000,280,6,23,2006,신규,26.08~28.08,,,,,
강남구,11680,자곡동,202606,아파트_전월세,LH수서2단지아파트,자곡동,138-2,44.89,,23356,26,2,24,2024,갱신,26.07~28.06,16720.0,57.0,,,
강남구,11680,자곡동,202606,아파트_전월세,LH수서2단지아파트,자곡동,138-2,36.84,,16545,17,6,24,2024,갱신,26.07~28.06,12348.0,42.0,,,
강남구,11680,자곡동,202606,아파트_전월세,LH수서2단지아파트,자곡동,138-2,44.89,,23356,26,6,24,2024,갱신,26.07~28.06,16720.0,57.0,,,
강남구,11680,자곡동,202606,아파트_전월세,LH수서2단지아파트,자곡동,138-2,14.69,,1016,30,8,24,2024,갱신,26.07~28.06,4968.0,17.0,,,
강남구,11680,자곡동,202606,아파트_전월세,LH수서2단지아파트,자곡동,138-2,36.6,,16370,17,6,23,2024,갱신,26.07~28.06,12348.0,42.0,,,
강남구,11680,도곡동,202606,아파트_전월세,도곡렉슬,도곡동,527,84.9984,,84000,270,10,2,2006,갱신,26.08~28.02,80000.0,260.0,사용,,
강남구,11680,삼성동,202606,아파트_전월세,현대아파트101동,삼성동,6,59.83,,41000,108,8,11,1999,갱신,26.07~28.07,40000.0,100.0,사용,,
강남구,11680,율현동,202606,아파트_전월세,강남한신휴플러스6단지,율현동,365,59.73,,38436,0,6,23,2015,갱신,26.07~28.06,36606.0,,,,
강남구,11680,삼성동,202606,아파트_전월세,LG선릉에클라트(B),삼성동,142-3,36.35,,31000,0,10,6,2004,갱신,26.08~28.08,30000.0,,사용,,
강남구,11680,자곡동,202606,아파트_전월세,LH수서2단지아파트,자곡동,138-2,36.84,,18706,24,3,24,2024,갱신,26.07~28.06,12348.0,42.0,,,
강남구,11680,자곡동,202606,아파트_전월세,LH수서2단지아파트,자곡동,138-2,26.54,,5681,33,7,23,2024,갱신,26.07~28.06,7410.0,25.0,,,
강남구,11680,대치동,202606,아파트_전월세,"쌍용대치아파트1동,2동,3동,5동,6동",대치동,66,83.56,,74000,0,1,23,1983,신규,26.07~28.07,,,,,
강남구,11680,일원동,202606,아파트_전월세,푸른마을아파트101동~111동,일원동,719,84.93,,21100,165,13,20,1994,갱신,26.08~28.08,18000.0,165.0,,,
강남구,11680,청담동,202606,아파트_전월세,청담자이,청담동,134-38,82.365,,157500,0,4,23,2011,갱신,26.06~28.11,150000.0,,사용,,
강남구,11680,역삼동,202606,아파트_전월세,역삼푸르지오,역삼동,754-1,84.9097,,10000,450,1,18,2006,신규,26.08~28.08,,,,,
강남구,11680,개포동,202606,아파트_전월세,개포자이프레지던스,개포동,1284,102.7636,,180000,0,2,23,2023,신규,26.08~28.08,,,,,
강남구,11680,대치동,202606,아파트_전월세,은마,대치동,316,76.79,,75000,0,7,4,1979,신규,26.09~28.09,,,,,
강남구,11680,자곡동,202606,아파트_전월세,LH수서2단지아파트,자곡동,138-2,36.84,,19206,21,13,23,2024,갱신,26.07~28.06,13720.0,47.0,,,
강남구,11680,자곡동,202606,아파트_전월세,LH수서2단지아파트,자곡동,138-2,14.69,,6916,8,10,23,2024,갱신,26.07~28.06,4968.0,17.0,,,
강남구,11680,논현동,202606,아파트_전월세,신동아(22),논현동,22,35.73,,2000,137,6,17,1997,갱신,26.06~28.06,2000.0,130.0,사용,,
강남구,11680,논현동,202606,아파트_전월세,신동아(22),논현동,22,84.52,,5000,325,8,1,1997,갱신,26.07~28.07,5000.0,310.0,사용,,
강남구,11680,청담동,202606,아파트_전월세,청담자이,청담동,134-38,49.619,,110000,0,16,22,2011,신규,26.09~28.09,,,,,
강남구,11680,수서동,202606,아파트_전월세,삼익,수서동,708,84.48,,80000,0,7,20,1992,갱신,26.07~28.07,65000.0,,,,
강남구,11680,일원동,202606,아파트_전월세,가람,일원동,735,75.16,,80000,0,4,20,1993,신규,26.09~28.09,,,,,
강남구,11680,압구정동,202606,아파트_전월세,한양1차(영동한양),압구정동,490,49.98,,65000,0,12,22,1977,신규,26.07~28.07,,,,,
강남구,11680,대치동,202606,아파트_전월세,한보미도맨션2,대치동,511,126.33,,130000,0,10,16,1985,갱신,26.08~28.08,125000.0,,,,
강남구,11680,개포동,202606,아파트_전월세,성원대치2단지아파트,개포동,12,33.18,,34650,0,3,19,1992,갱신,26.08~28.08,33000.0,,사용,,
강남구,11680,자곡동,202606,아파트_전월세,래미안포레,자곡동,687,59.97,,29015,0,6,23,2014,갱신,26.07~28.06,27634.0,,,,
강남구,11680,수서동,202606,아파트_전월세,삼익,수서동,708,60,,4800,158,14,10,1992,갱신,26.06~28.06,4800.0,150.0,사용,,
강남구,11680,자곡동,202606,아파트_전월세,강남한양수자인(4단지),자곡동,686,59.93,,11022,20,5,23,2014,갱신,26.07~28.06,10772.0,18.0,사용,,
강남구,11680,자곡동,202606,아파트_전월세,LH수서2단지아파트,자곡동,138-2,26.54,,10381,11,10,23,2024,갱신,26.07~28.06,7410.0,25.0,,,
강남구,11680,역삼동,202606,아파트_전월세,역삼I'PARK,역삼동,713-11,28.246,,45000,0,7,22,2006,신규,26.07~28.07,,,,,
강남구,11680,역삼동,202606,아파트_전월세,e-편한세상,역삼동,755-4,59.606,,60000,220,9,13,2005,신규,26.08~28.08,,,,,
강남구,11680,대치동,202606,아파트_전월세,대치현대,대치동,974,114.59,,150000,0,18,18,1999,갱신,26.08~29.01,150000.0,80.0,,,
강남구,11680,자곡동,202606,아파트_전월세,LH수서2단지아파트,자곡동,138-2,36.84,,17265,19,11,23,2024,갱신,26.07~28.06,12348.0,42.0,,,
강남구,11680,대치동,202606,아파트_전월세,은마,대치동,316,84.43,,60000,120,11,23,1979,갱신,26.08~28.08,60000.0,100.0,,,
강남구,11680,역삼동,202606,아파트_전월세,개나리푸르지오,역삼동,755-1,84.6815,,145000,0,3,22,2006,신규,26.08~28.08,,,,,
강남구,11680,일원동,202606,아파트_전월세,디에이치자이개포,일원동,743,41.91,,7840,78,22,23,2021,갱신,26.07~28.06,17680.0,59.0,,,
강남구,11680,자곡동,202606,아파트_전월세,LH수서2단지아파트,자곡동,138-2,36.6,,2280,75,7,23,2024,갱신,26.07~28.06,12348.0,42.0,,,
강남구,11680,도곡동,202606,아파트_전월세,도곡렉슬,도곡동,527,84.9984,,150000,0,19,22,2006,갱신,26.07~28.07,140000.0,,,,
강남구,11680,역삼동,202606,아파트_전월세,역삼자이,역삼동,711-3,84.993,,100000,200,11,10,2016,갱신,26.08~28.08,100000.0,140.0,,,
강남구,11680,역삼동,202606,아파트_전월세,역삼I'PARK,역삼동,713-11,28.246,,45000,0,3,22,2006,갱신,26.06~28.06,43000.0,,사용,,
강남구,11680,수서동,202606,아파트_전월세,강남데시앙포레,수서동,795,84.92,,97500,0,9,10,2014,갱신,26.06~28.06,93000.0,,사용,,
강남구,11680,역삼동,202606,아파트_전월세,역삼래미안,역삼동,757,59.4,,72600,28,3,20,2005,갱신,26.09~28.09,72600.0,14.0,사용,,
강남구,11680,역삼동,202606,아파트_전월세,래미안그레이튼(진달래2차),역삼동,762-3,105.89,,75000,320,29,23,2010,갱신,26.07~28.07,68000.0,260.0,,,
강남구,11680,일원동,202606,아파트_전월세,상록스타힐스,일원동,688,39.876,,38204,28,14,23,2022,신규,26.07~28.07,,,,,
강남구,11680,율현동,202606,아파트_전월세,강남한신휴플러스8단지,율현동,513,114.91,,75000,0,3,20,2015,신규,26.07~28.07,,,,,
강남구,11680,역삼동,202606,아파트_전월세,개나리래미안,역삼동,754,84.93,,15000,500,12,23,2006,신규,26.08~28.08,,,,,
강남구,11680,삼성동,202606,아파트_전월세,한일,삼성동,48,80.29,,103000,0,6,23,2001,신규,26.09~28.09,,,,,
강남구,11680,논현동,202606,아파트_전월세,마일스디오빌,논현동,58-2,36.29,,33600,0,8,15,2004,갱신,26.06~28.06,32000.0,,,,
강남구,11680,자곡동,202606,아파트_전월세,LH수서2단지아파트,자곡동,138-2,26.54,,13055,15,3,23,2024,갱신,26.07~28.06,9386.0,32.0,,,
강남구,11680,청담동,202606,아파트_전월세,삼성청담아파트,청담동,42,84.98,,95000,0,12,13,1999,갱신,26.09~28.09,95000.0,,,,
강남구,11680,자곡동,202606,아파트_전월세,LH수서2단지아파트,자곡동,138-2,36.84,,16245,19,4,23,2024,갱신,26.07~28.06,11662.0,40.0,,,
강남구,11680,자곡동,202606,아파트_전월세,래미안포레,자곡동,687,59.71,,29015,0,3,23,2014,갱신,26.07~28.06,27634.0,,,,
강남구,11680,대치동,202606,아파트_전월세,대치현대,대치동,974,114.59,,126000,0,24,17,1999,갱신,26.08~28.08,126000.0,,,,
강남구,11680,자곡동,202606,아파트_전월세,LH수서2단지아파트,자곡동,138-2,36.84,,17265,19,4,23,2024,갱신,26.07~28.06,12348.0,42.0,,,
강남구,11680,대치동,202606,아파트_전월세,개포우성1,대치동,503,127.61,,120000,220,1,19,1983,신규,26.07~28.07,,,,,
강남구,11680,대치동,202606,아파트_전월세,은마,대치동,316,76.79,,70000,60,12,16,1979,신규,26.09~28.09,,,,,
강남구,11680,압구정동,202606,아파트_전월세,신현대9차,압구정동,426,108.88,,52000,140,10,3,1982,신규,26.09~28.09,,,,,
강남구,11680,개포동,202606,아파트_전월세,개포더샵트리에,개포동,651-1,105.8064,,80000,240,3,1,2021,신규,26.07~28.07,,,,,
강남구,11680,논현동,202606,아파트_전월세,한양수자인어반게이트,논현동,221-7,16.2,,3000,80,9,1,2013,신규,26.06~27.06,,,,,
강남구,11680,세곡동,202606,아파트_전월세,강남엘에이치1단지,세곡동,579,74.74,,30000,144,10,22,2013,갱신,26.06~28.06,30000.0,132.0,사용,,
강남구,11680,자곡동,202606,아파트_전월세,래미안강남힐즈,자곡동,611,101.94,,99750,0,1,17,2014,갱신,26.07~28.07,95000.0,,사용,,
강남구,11680,자곡동,202606,아파트_전월세,LH수서2단지아파트,자곡동,138-2,44.89,,23356,26,7,23,2024,갱신,26.07~28.06,16720.0,57.0,,,
강남구,11680,역삼동,202606,아파트_전월세,쌍용플레티넘밸류,역삼동,826-37,84.9,,89250,0,14,20,2007,갱신,26.07~28.07,85000.0,,사용,,
강남구,11680,일원동,202606,아파트_전월세,푸른마을아파트101동~111동,일원동,719,84.93,,50000,200,3,22,1994,신규,26.08~28.08,,,,,
강남구,11680,역삼동,202606,아파트_전월세,오투빌(파크앤스위트),역삼동,830-46,76.61,,30000,200,5,5,2003,신규,26.08~28.08,,,,,
강남구,11680,개포동,202606,아파트_전월세,경남2차,개포동,649,149.21,,110250,0,13,19,1984,갱신,26.09~28.09,105000.0,,사용,,
강남구,11680,개포동,202606,아파트_전월세,성원대치2단지아파트,개포동,12,49.86,,30000,145,12,22,1992,신규,26.07~28.07,,,,,
강남구,11680,세곡동,202606,아파트_전월세,강남엘에이치1단지,세곡동,579,84.83,,87000,0,15,20,2013,신규,26.07~28.07,,,,,
강남구,11680,자곡동,202606,아파트_전월세,LH수서2단지아파트,자곡동,138-2,36.84,,17265,19,10,23,2024,갱신,26.07~28.06,12348.0,42.0,,,
강남구,11680,수서동,202606,아파트_전월세,까치마을,수서동,746,49.5,,30000,150,2,21,1993,갱신,26.07~28.07,30000.0,90.0,,,
강남구,11680,자곡동,202606,아파트_전월세,래미안포레,자곡동,687,59.97,,40398,0,4,23,2014,갱신,26.07~28.06,38475.0,,,,
강남구,11680,개포동,202606,아파트_전월세,개포래미안포레스트,개포동,1282,74.66,,75000,165,25,21,2020,갱신,26.09~28.09,70000.0,165.0,,,
강남구,11680,역삼동,202606,아파트_전월세,래미안그레이튼,역삼동,763-16,84.97,,128000,25,13,22,2009,갱신,26.07~28.07,125000.0,,,,
강남구,11680,역삼동,202606,아파트_전월세,역삼푸르지오,역삼동,754-1,84.9097,,10000,440,4,19,2006,갱신,26.08~28.08,10000.0,410.0,,,
강남구,11680,수서동,202606,아파트_전월세,까치마을,수서동,746,39.6,,2000,130,7,10,1993,갱신,26.07~28.07,2000.0,120.0,,,
강남구,11680,개포동,202606,아파트_전월세,개포래미안포레스트,개포동,1282,84.9,,155000,0,12,22,2020,갱신,26.08~28.08,135000.0,,,,
강남구,11680,자곡동,202606,아파트_전월세,LH수서2단지아파트,자곡동,138-2,44.66,,22800,26,2,22,2024,갱신,26.07~28.06,16640.0,57.0,,,
강남구,11680,자곡동,202606,아파트_전월세,LH수서2단지아파트,자곡동,138-2,36.84,,17265,19,7,23,2024,갱신,26.07~28.06,12348.0,42.0,,,
강남구,11680,도곡동,202606,아파트_전월세,타워팰리스3,도곡동,467-29,141.381,,70000,750,38,20,2004,갱신,26.09~28.09,70000.0,650.0,,,
강남구,11680,역삼동,202606,아파트_전월세,롯데캐슬노블,역삼동,835-68,176.03,,130200,0,4,22,2007,갱신,26.08~28.08,124000.0,,사용,,
강남구,11680,자곡동,202606,아파트_전월세,래미안포레,자곡동,687,84.85,,35753,0,1,22,2014,갱신,26.07~28.06,34051.0,,,,
강남구,11680,자곡동,202606,아파트_전월세,래미안포레,자곡동,687,84.85,,35753,0,1,22,2014,갱신,26.07~28.06,34051.0,,,,
강남구,11680,자곡동,202606,아파트_전월세,LH수서2단지아파트,자곡동,138-2,26.54,,1481,45,5,22,2024,갱신,26.07~28.06,7410.0,25.0,,,
강남구,11680,자곡동,202606,아파트_전월세,LH수서2단지아파트,자곡동,138-2,36.84,,16965,21,5,22,2024,갱신,26.07~28.06,11662.0,40.0,,,
강남구,11680,자곡동,202606,아파트_전월세,래미안포레,자곡동,687,59.97,,40398,0,7,22,2014,갱신,26.07~28.06,38475.0,,,,
강남구,11680,자곡동,202606,아파트_전월세,LH수서2단지아파트,자곡동,138-2,14.69,,5216,18,5,22,2024,갱신,26.07~28.06,4968.0,17.0,,,
강남구,11680,자곡동,202606,아파트_전월세,LH수서2단지아파트,자곡동,138-2,26.54,,12437,14,11,23,2024,갱신,26.07~28.06,8892.0,30.0,,,
강남구,11680,대치동,202606,아파트_전월세,"대치우성아파트1동,2동,3동,5동,6동,7동",대치동,63,84.69,,76650,0,6,20,1984,갱신,26.07~28.07,73000.0,,사용,,
강남구,11680,역삼동,202606,아파트_전월세,역삼센트럴2차아이파크,역삼동,712-5,23.928,,8000,130,3,22,2022,신규,26.07~28.07,,,,,
강남구,11680,대치동,202606,아파트_전월세,래미안대치하이스턴,대치동,985,110.39,,160000,30,7,6,1989,신규,26.07~28.07,,,,,
강남구,11680,역삼동,202606,아파트_전월세,역삼푸르지오,역삼동,754-1,84.9097,,70000,220,4,22,2006,신규,26.07~28.07,,,,,
강남구,11680,개포동,202606,아파트_전월세,개포주공6단지,개포동,185,53.06,,10000,110,8,22,1983,신규,26.07~28.07,,,,,
강남구,11680,자곡동,202606,아파트_전월세,래미안포레,자곡동,687,59.92,,29015,0,12,22,2014,갱신,26.07~28.06,27634.0,,,,
강남구,11680,자곡동,202606,아파트_전월세,LH수서2단지아파트,자곡동,138-2,44.9,,4800,97,5,22,2024,갱신,26.07~28.06,16720.0,57.0,,,
강남구,11680,자곡동,202606,아파트_전월세,LH수서2단지아파트,자곡동,138-2,36.84,,17265,19,9,22,2024,갱신,26.07~28.06,12348.0,42.0,,,
강남구,11680,자곡동,202606,아파트_전월세,LH수서2단지아파트,자곡동,138-2,36.84,,17265,19,12,22,2024,갱신,26.07~28.06,12348.0,42.0,,,
강남구,11680,자곡동,202606,아파트_전월세,LH수서2단지아파트,자곡동,138-2,26.54,,2518,49,13,22,2024,갱신,26.07~28.06,7410.0,25.0,,,
강남구,11680,자곡동,202606,아파트_전월세,LH수서2단지아파트,자곡동,138-2,26.54,,9337,32,9,22,2024,갱신,26.07~28.06,7410.0,25.0,,,
강남구,11680,대치동,202606,아파트_전월세,동부센트레빌,대치동,670,145.83,,240000,320,23,20,2005,신규,26.09~28.09,,,,,
강남구,11680,삼성동,202606,아파트_전월세,삼성동롯데아파트,삼성동,17,91.77,,110000,0,3,22,2000,갱신,26.07~28.07,105000.0,,사용,,
강남구,11680,대치동,202606,아파트_전월세,은마,대치동,316,76.79,,47000,90,3,6,1979,갱신,26.07~29.02,47000.0,60.0,,,
강남구,11680,수서동,202606,아파트_전월세,까치마을,수서동,746,49.5,,5000,190,4,20,1993,갱신,26.08~27.08,5000.0,150.0,,,
강남구,11680,수서동,202606,아파트_전월세,신동아,수서동,736,33.18,,42000,0,11,21,1992,신규,26.09~28.09,,,,,
강남구,11680,압구정동,202606,아파트_전월세,"현대7차(73~77,82,85동)",압구정동,456,245.2,,10000,1040,4,10,1979,갱신,26.08~28.08,10000.0,852.0,,,
강남구,11680,수서동,202606,아파트_전월세,까치마을,수서동,746,39.6,,2000,126,2,9,1993,갱신,26.06~28.06,2000.0,120.0,사용,,
강남구,11680,자곡동,202606,아파트_전월세,LH수서2단지아파트,자곡동,138-2,36.84,,17265,19,8,22,2024,갱신,26.07~28.06,12348.0,42.0,,,
강남구,11680,자곡동,202606,아파트_전월세,LH수서2단지아파트,자곡동,138-2,26.54,,3837,48,13,22,2024,갱신,26.07~28.06,8892.0,30.0,,,
강남구,11680,개포동,202606,아파트_전월세,래미안블레스티지,개포동,1280,84.94,,120000,120,15,16,2019,신규,26.08~28.08,,,,,
강남구,11680,수서동,202606,아파트_전월세,삼익,수서동,708,84.48,,70300,0,14,20,1992,갱신,26.07~28.07,67000.0,,사용,,
강남구,11680,대치동,202606,아파트_전월세,은마,대치동,316,76.79,,30000,190,9,19,1979,신규,26.07~28.07,,,,,
강남구,11680,압구정동,202606,아파트_전월세,현대3차(61~64동),압구정동,443,82.5,,20000,260,11,22,1976,갱신,26.06~28.06,10000.0,240.0,,,
강남구,11680,개포동,202606,아파트_전월세,래미안블레스티지,개포동,1280,99.979,,170000,0,24,18,2019,신규,26.09~28.09,,,,,
강남구,11680,역삼동,202606,아파트_전월세,한화진넥스빌,역삼동,706-20,51.08,,3000,150,16,15,2001,신규,26.06~28.06,,,,,
강남구,11680,일원동,202606,아파트_전월세,우성7,일원동,615,83.69,,60000,25,7,21,1987,갱신,26.07~28.07,70000.0,,사용,,
강남구,11680,개포동,202606,아파트_전월세,삼익대청아파트,개포동,12,39.53,,45000,0,7,20,1992,신규,26.07~28.07,,,,,
강남구,11680,일원동,202606,아파트_전월세,디에이치포레센트,일원동,742,121.95,,50000,530,17,7,2021,신규,26.07~28.07,,,,,
강남구,11680,압구정동,202606,아파트_전월세,한양6,압구정동,484,154.12,,40000,336,2,17,1980,갱신,26.07~27.03,40000.0,320.0,,,
강남구,11680,개포동,202606,아파트_전월세,개포래미안포레스트,개포동,1282,74.66,,130000,0,2,22,2020,신규,26.08~28.08,,,,,
강남구,11680,자곡동,202606,아파트_전월세,LH수서2단지아파트,자곡동,138-2,14.69,,6527,7,7,22,2024,갱신,26.07~28.06,4692.0,16.0,,,
강남구,11680,역삼동,202606,아파트_전월세,래미안그레이튼,역삼동,763-16,84.97,,128000,25,13,22,2009,갱신,26.07~28.07,125000.0,,사용,,
강남구,11680,역삼동,202606,아파트_전월세,한화진넥스빌,역삼동,706-20,39.2,,31000,0,15,22,2001,신규,26.07~28.07,,,,,
강남구,11680,압구정동,202606,아파트_전월세,한양7,압구정동,528,106.22,,90000,0,12,21,1981,신규,26.07~28.07,,,,,
강남구,11680,자곡동,202606,아파트_전월세,LH수서2단지아파트,자곡동,138-2,36.84,,4262,78,4,22,2024,갱신,26.07~28.06,12348.0,42.0,,,
강남구,11680,논현동,202606,아파트_전월세,신동아(22),논현동,22,35.73,,44000,0,5,20,1997,갱신,26.08~28.08,42000.0,,사용,,
강남구,11680,청담동,202606,아파트_전월세,삼성청담아파트,청담동,42,129.16,,100000,160,14,20,1999,신규,26.08~28.08,,,,,
강남구,11680,대치동,202606,아파트_전월세,은마,대치동,316,76.79,,70350,0,6,20,1979,갱신,26.08~28.08,67000.0,,사용,,
강남구,11680,수서동,202606,아파트_전월세,까치마을,수서동,746,39.6,,43000,0,9,20,1993,신규,26.08~28.08,,,,,
강남구,11680,자곡동,202606,아파트_전월세,래미안포레,자곡동,687,84.85,,35753,0,1,19,2014,갱신,26.07~28.06,34051.0,,,,
강남구,11680,압구정동,202606,아파트_전월세,신현대12차,압구정동,434,110.82,,7000,290,13,22,1982,갱신,26.07~28.07,7000.0,280.0,사용,,
강남구,11680,개포동,202606,아파트_전월세,새롬(1164-14),개포동,1164-14,40.35,,26250,0,2,22,2000,갱신,26.08~28.08,25000.0,,사용,,
강남구,11680,논현동,202606,아파트_전월세,신동아(22),논현동,22,84.69,,64100,0,3,22,1997,신규,26.10~28.10,,,,,
강남구,11680,개포동,202606,아파트_전월세,성원대치2단지아파트,개포동,12,49.86,,65000,0,8,15,1992,신규,26.09~28.09,,,,,
강남구,11680,역삼동,202606,아파트_전월세,우정에쉐르3,역삼동,707-15,66.31,,60000,0,9,19,2004,신규,26.09~28.08,,,,,
강남구,11680,개포동,202606,아파트_전월세,래미안블레스티지,개포동,1280,84.943,,150000,0,7,6,2019,갱신,26.07~27.07,130000.0,,,,
강남구,11680,대치동,202606,아파트_전월세,대치동더블유타워,대치동,952-2,33.78,,1000,130,5,5,2013,신규,26.06~27.06,,,,,
강남구,11680,압구정동,202606,아파트_전월세,한양1차(영동한양),압구정동,490,63.87,,69000,0,10,14,1977,신규,26.08~28.08,,,,,
강남구,11680,일원동,202606,아파트_전월세,디에이치자이개포,일원동,743,84.94,,135000,80,31,20,2021,신규,26.08~28.08,,,,,
강남구,11680,수서동,202606,아파트_전월세,신동아,수서동,736,49.96,,42000,0,12,20,1992,갱신,26.06~28.06,40000.0,,사용,,
강남구,11680,일원동,202606,아파트_전월세,푸른마을아파트101동~111동,일원동,719,59.76,,71400,0,9,15,1994,갱신,26.07~28.07,68000.0,,사용,,
강남구,11680,세곡동,202606,아파트_전월세,세곡푸르지오,세곡동,533,84.83,,50000,150,6,15,2012,신규,26.07~28.07,,,,,
강남구,11680,논현동,202606,아파트_전월세,아츠논현,논현동,249-9,38.9885,,50000,60,19,19,2023,신규,26.07~28.07,,,,,
강남구,11680,압구정동,202606,아파트_전월세,한양3,압구정동,489,116.94,,60000,260,12,17,1978,갱신,26.07~28.07,40000.0,310.0,,,
강남구,11680,자곡동,202606,아파트_전월세,LH수서2단지아파트,자곡동,138-2,36.84,,16245,19,5,14,2024,갱신,26.07~28.06,11662.0,40.0,,,
강남구,11680,세곡동,202606,아파트_전월세,강남데시앙파크,세곡동,525,84.95,,79000,0,10,20,2011,신규,26.07~28.07,,,,,
강남구,11680,압구정동,202606,아파트_전월세,신현대9차,압구정동,426,111.38,,10000,360,12,13,1982,신규,26.08~28.08,,,,,
강남구,11680,삼성동,202606,아파트_전월세,래미안삼성2차,삼성동,7-3,134.81,,180000,0,12,18,2007,갱신,26.06~28.06,173000.0,,,,
강남구,11680,삼성동,202606,아파트_전월세,한일,삼성동,48,80.29,,89000,0,5,5,2001,갱신,26.06~28.06,89000.0,,사용,,
강남구,11680,역삼동,202606,아파트_전월세,EGSoulLeader,역삼동,828-28,27.67,,31500,0,5,13,2012,갱신,26.07~26.08,31500.0,,,,
강남구,11680,대치동,202606,아파트_전월세,개포우성2,대치동,500,127.78,,80000,246,3,22,1984,갱신,26.08~28.08,80000.0,220.0,사용,,
강남구,11680,논현동,202606,아파트_전월세,브라이튼N40,논현동,40,84.0023,,20000,800,4,18,2022,신규,26.07~27.07,,,,,
강남구,11680,대치동,202606,아파트_전월세,래미안대치팰리스,대치동,1027,94.49,,105000,320,22,20,2015,갱신,26.07~28.07,100000.0,320.0,사용,,
강남구,11680,도곡동,202606,아파트_전월세,삼성래미안,도곡동,91-5,84.89,,126000,0,21,19,2001,갱신,26.09~28.09,120000.0,,사용,,
강남구,11680,삼성동,202606,아파트_전월세,래미안라클래시,삼성동,189,71.9,,165000,0,5,20,2021,신규,26.09~28.09,,,,,
강남구,11680,자곡동,202606,아파트_전월세,LH수서2단지아파트,자곡동,138-2,14.69,,6916,8,2,22,2024,갱신,26.07~28.06,4968.0,17.0,,,
강남구,11680,역삼동,202606,아파트_전월세,오투빌(파크앤스위트),역삼동,830-46,73.36,,30000,220,6,10,2003,신규,26.07~28.07,,,,,
강남구,11680,일원동,202606,아파트_전월세,수서,일원동,711,39.98,,38850,0,6,20,1992,갱신,26.08~28.08,37000.0,,사용,,
강남구,11680,압구정동,202606,아파트_전월세,한양5,압구정동,513,115.24,,80000,230,8,20,1979,신규,26.08~28.08,,,,,
강남구,11680,수서동,202606,아파트_전월세,까치마을,수서동,746,49.5,,60000,0,13,4,1993,신규,26.08~28.08,,,,,
강남구,11680,일원동,202606,아파트_전월세,수서,일원동,711,39.98,,20000,100,5,20,1992,갱신,26.06~28.12,40000.0,,,,
강남구,11680,도곡동,202606,아파트_전월세,현대아파트1동~3동,도곡동,961,84.96,,50000,115,2,22,1994,갱신,26.07~28.07,50000.0,,,,
강남구,11680,개포동,202606,아파트_전월세,개포래미안포레스트,개포동,1282,102.41,,190000,0,24,19,2020,갱신,26.09~28.09,170000.0,,,,
강남구,11680,자곡동,202606,아파트_전월세,LH수서2단지아파트,자곡동,138-2,36.6,,17080,19,6,21,2024,갱신,26.07~28.06,12348.0,42.0,,,
강남구,11680,세곡동,202606,아파트_전월세,강남엘에이치1단지,세곡동,579,59.89,,70000,0,3,20,2013,신규,26.07~28.07,,,,,
강남구,11680,자곡동,202606,아파트_전월세,LH수서2단지아파트,자곡동,138-2,36.84,,17265,19,10,22,2024,갱신,26.07~28.06,12348.0,42.0,,,
강남구,11680,자곡동,202606,아파트_전월세,래미안포레,자곡동,687,59.97,,29015,0,5,22,2014,갱신,26.07~28.06,27634.0,,,,
강남구,11680,세곡동,202606,아파트_전월세,강남데시앙파크,세곡동,525,84.98,,45580,0,12,22,2011,갱신,26.07~28.06,43410.0,,,,
강남구,11680,도곡동,202606,아파트_전월세,래미안도곡카운티,도곡동,538-3,93.07,,90000,340,2,3,2016,신규,26.08~28.08,,,,,
강남구,11680,역삼동,202606,아파트_전월세,개나리SK뷰,역삼동,716-3,84.98,,10000,600,22,21,2012,신규,26.08~28.08,,,,,
강남구,11680,도곡동,202606,아파트_전월세,중명하니빌,도곡동,965,32.02,,21000,0,2,22,1997,신규,26.07~28.07,,,,,
강남구,11680,수서동,202606,아파트_전월세,신동아,수서동,736,33.18,,42000,0,15,20,1992,신규,26.10~28.10,,,,,
강남구,11680,대치동,202606,아파트_전월세,"쌍용대치아파트1동,2동,3동,5동,6동",대치동,66,128.03,,97000,0,4,20,1983,갱신,26.07~28.07,97000.0,,,,
강남구,11680,수서동,202606,아파트_전월세,신동아,수서동,736,39.53,,39900,0,8,20,1992,갱신,26.07~28.07,38000.0,,사용,,
강남구,11680,개포동,202606,아파트_전월세,삼익대청아파트,개포동,12,51.12,,43989,0,15,17,1992,신규,26.09~27.09,,,,,
강남구,11680,압구정동,202606,아파트_전월세,신현대11차,압구정동,433,115.23,,91000,0,7,20,1983,갱신,26.08~28.08,87000.0,,사용,,
강남구,11680,일원동,202606,아파트_전월세,상록스타힐스,일원동,688,59.592,,14554,99,17,22,2022,신규,26.07~28.07,,,,,
강남구,11680,자곡동,202606,아파트_전월세,강남자곡 힐스테이트,자곡동,619,74.8,,65000,0,7,20,2015,신규,26.08~28.08,,,,,
강남구,11680,청담동,202606,아파트_전월세,한신오페라하우스,청담동,35-47,117.19,,120000,50,4,19,2003,신규,26.06~28.06,,,,,
강남구,11680,역삼동,202606,아파트_전월세,역삼푸르지오,역삼동,754-1,59.8848,,60000,180,10,1,2006,신규,26.08~28.08,,,,,
강남구,11680,일원동,202606,아파트_전월세,상록수,일원동,734,74.54,,61000,60,1,20,1993,갱신,26.07~28.07,61000.0,24.0,,,
강남구,11680,역삼동,202606,아파트_전월세,강남센트럴아이파크,역삼동,902,115.995,,220000,0,3,20,2022,갱신,26.06~28.06,200000.0,,,,
강남구,11680,자곡동,202606,아파트_전월세,강남한양수자인(4단지),자곡동,686,114.46,,89250,0,9,20,2014,갱신,26.07~28.07,85000.0,,사용,,
강남구,11680,자곡동,202606,아파트_전월세,LH수서2단지아파트,자곡동,138-2,26.54,,12437,14,6,22,2024,갱신,26.07~28.06,8892.0,30.0,,,
강남구,11680,일원동,202606,아파트_전월세,디에이치자이개포,일원동,743,76.46,,131250,0,5,20,2021,신규,26.09~27.10,,,,,
강남구,11680,자곡동,202606,아파트_전월세,래미안포레,자곡동,687,59.97,,29015,0,8,21,2014,갱신,26.07~28.06,27634.0,,,,
강남구,11680,일원동,202606,아파트_전월세,푸른마을아파트101동~111동,일원동,719,59.76,,50700,0,6,20,1994,갱신,26.07~26.11,50700.0,,,,
강남구,11680,역삼동,202606,아파트_전월세,역삼래미안,역삼동,757,59.4,,10000,360,17,20,2005,신규,26.10~28.10,,,,,
강남구,11680,역삼동,202606,아파트_전월세,포스틸빌라트,역삼동,741-22,56.64,,5000,160,3,20,2004,신규,26.08~28.08,,,,,
강남구,11680,수서동,202606,아파트_전월세,신동아,수서동,736,49.96,,53000,0,9,20,1992,신규,26.07~28.07,,,,,
강남구,11680,자곡동,202606,아파트_전월세,LH수서2단지아파트,자곡동,138-2,36.84,,17265,19,8,21,2024,갱신,26.07~28.06,12348.0,42.0,,,
강남구,11680,자곡동,202606,아파트_전월세,LH수서2단지아파트,자곡동,138-2,36.84,,17265,19,11,22,2024,갱신,26.07~28.06,12348.0,42.0,,,
강남구,11680,자곡동,202606,아파트_전월세,LH수서2단지아파트,자곡동,138-2,14.69,,6716,9,14,21,2024,갱신,26.07~28.06,4968.0,17.0,,,
강남구,11680,자곡동,202606,아파트_전월세,래미안포레,자곡동,687,59.92,,29015,0,8,21,2014,갱신,26.07~28.06,27634.0,,,,
강남구,11680,세곡동,202606,아파트_전월세,세곡푸르지오,세곡동,533,74.74,,80000,0,8,19,2012,신규,26.10~28.10,,,,,
강남구,11680,삼성동,202606,아파트_전월세,한일,삼성동,48,55.34,,70350,0,2,20,2001,갱신,26.07~28.07,67000.0,,사용,,
강남구,11680,대치동,202606,아파트_전월세,한보미도맨션2,대치동,511,126.33,,130000,0,5,20,1985,신규,26.09~28.09,,,,,
강남구,11680,대치동,202606,아파트_전월세,은마,대치동,316,84.43,,82500,0,2,20,1979,갱신,26.08~28.08,82500.0,,,,
강남구,11680,도곡동,202606,아파트_전월세,럭키(963),도곡동,963,84.97,,92000,0,2,19,1995,신규,26.09~28.09,,,,,
강남구,11680,대치동,202606,아파트_전월세,은마,대치동,316,76.79,,68000,0,3,20,1979,갱신,26.07~28.07,65100.0,,,,
강남구,11680,자곡동,202606,아파트_전월세,LH수서2단지아파트,자곡동,138-2,14.69,,6916,8,3,22,2024,갱신,26.07~28.06,4968.0,17.0,,,
강남구,11680,대치동,202606,아파트_전월세,은마,대치동,316,76.79,,69000,20,6,17,1979,갱신,26.08~28.08,69000.0,,,,
강남구,11680,삼성동,202606,아파트_전월세,래미안삼성1차(105-0),삼성동,105,181.51,,50000,550,4,18,2005,신규,26.08~28.08,,,,,
강남구,11680,논현동,202606,아파트_전월세,"청학아파트에이동,비동,씨동",논현동,62-3,97.18,,31500,145,6,19,1976,갱신,26.07~28.07,30000.0,140.0,,,
강남구,11680,역삼동,202606,아파트_전월세,EGSoulLeader,역삼동,828-28,19.37,,1000,85,6,1,2012,신규,26.06~27.06,,,,,
강남구,11680,자곡동,202606,아파트_전월세,래미안포레,자곡동,687,59.97,,29015,0,9,19,2014,갱신,26.07~28.06,27634.0,,,,
강남구,11680,대치동,202606,아파트_전월세,청암빌라트,대치동,650,163.8,,130000,0,6,19,1991,갱신,26.07~28.01,130000.0,,,,
강남구,11680,자곡동,202606,아파트_전월세,LH수서2단지아파트,자곡동,138-2,36.84,,19858,28,9,19,2024,갱신,26.07~28.06,12348.0,42.0,,,
강남구,11680,역삼동,202606,아파트_전월세,EGSoulLeader,역삼동,828-28,21.58,,22000,10,6,18,2012,신규,26.07~28.07,,,,,
강남구,11680,청담동,202606,아파트_전월세,상지리츠빌10차,청담동,122-1,187.55,,3000,1300,2,19,2007,신규,26.06~26.09,,,,,
강남구,11680,청담동,202606,아파트_전월세,청담현대3차아파트,청담동,127-31,59.95,,10500,265,3,9,1999,갱신,26.06~28.06,10500.0,167.0,,,
강남구,11680,개포동,202606,아파트_전월세,현대2,개포동,654,131.83,,125000,0,5,19,1986,신규,26.09~28.09,,,,,
강남구,11680,대치동,202606,아파트_전월세,화인하이빌,대치동,950-5,132.59,,84000,0,6,19,2004,갱신,26.06~28.06,80000.0,,,,
강남구,11680,삼성동,202606,아파트_전월세,삼성동한솔아파트,삼성동,4-6,58.57,,60000,0,1,19,1998,갱신,26.08~28.08,57500.0,,사용,,
강남구,11680,압구정동,202606,아파트_전월세,"현대1차(12,13,21,22,31,32,33동)",압구정동,369-1,131.48,,105000,120,11,18,1976,갱신,26.08~28.08,90000.0,140.0,,,
강남구,11680,대치동,202606,아파트_전월세,포스코더샵,대치동,902,164.88,,150000,238,3,19,2004,갱신,26.08~28.08,150000.0,200.0,사용,,
강남구,11680,삼성동,202606,아파트_전월세,금호어울림,삼성동,102-2,116.81,,78400,160,5,13,2003,갱신,26.06~28.06,78400.0,116.0,사용,,
강남구,11680,논현동,202606,아파트_전월세,펜트힐캐스케이드,논현동,106,43.01,,5000,330,4,10,2023,신규,26.06~27.06,,,,,
강남구,11680,자곡동,202606,아파트_전월세,LH수서2단지아파트,자곡동,138-2,36.84,,16245,19,3,19,2024,갱신,26.07~28.06,11662.0,40.0,,,
강남구,11680,삼성동,202606,아파트_전월세,우림루미아트,삼성동,75-3,111.15,,132000,0,4,19,2005,신규,26.08~28.08,,,,,
강남구,11680,도곡동,202606,아파트_전월세,대림,도곡동,960,84.95,,50000,200,2,19,1992,신규,26.07~28.07,,,,,
강남구,11680,자곡동,202606,아파트_전월세,LH수서2단지아파트,자곡동,138-2,26.54,,1481,45,8,19,2024,갱신,26.07~28.06,7410.0,25.0,,,
강남구,11680,대치동,202606,아파트_전월세,"대치우성아파트1동,2동,3동,5동,6동,7동",대치동,63,84.69,,71000,0,8,13,1984,갱신,26.08~28.08,68000.0,,사용,,
강남구,11680,대치동,202606,아파트_전월세,테헤란로대우아이빌(891-6),대치동,891-6,29.63,,1000,105,8,18,2004,갱신,26.06~28.06,1000.0,100.0,,,
강남구,11680,삼성동,202606,아파트_전월세,현대힐스테이트2단지,삼성동,50,40.586,,56000,0,15,18,2008,갱신,26.07~28.07,55000.0,,사용,,
강남구,11680,대치동,202606,아파트_전월세,대치현대,대치동,974,59.82,,74000,0,8,19,1999,신규,26.08~28.08,,,,,
강남구,11680,대치동,202606,아파트_전월세,동민맥스빌A동,대치동,938-11,84.96,,85050,0,3,18,2004,갱신,26.07~28.07,81000.0,,사용,,
강남구,11680,자곡동,202606,아파트_전월세,LH수서2단지아파트,자곡동,138-2,36.84,,10805,37,7,18,2024,갱신,26.07~28.06,13034.0,45.0,,,
강남구,11680,자곡동,202606,아파트_전월세,LH수서2단지아파트,자곡동,138-2,14.69,,6916,8,1,19,2024,갱신,26.07~28.06,4968.0,17.0,,,
강남구,11680,개포동,202606,아파트_전월세,성원대치2단지아파트,개포동,12,39.53,,1000,140,7,1,1992,신규,26.06~28.06,,,,,
강남구,11680,도곡동,202606,아파트_전월세,도곡렉슬,도곡동,527,134.9023,,200000,38,10,8,2006,갱신,26.08~28.08,200000.0,,사용,,
강남구,11680,역삼동,202606,아파트_전월세,동원스위트뷰역삼,역삼동,745-13,76.91,,70000,100,7,18,2017,갱신,26.07~28.07,70000.0,120.0,,,
강남구,11680,도곡동,202606,아파트_전월세,도곡렉슬,도곡동,527,84.9984,,155000,0,6,17,2006,갱신,26.08~28.08,150000.0,,사용,,
강남구,11680,자곡동,202606,아파트_전월세,LH수서2단지아파트,자곡동,138-2,14.69,,6916,8,5,19,2024,갱신,26.07~28.06,4968.0,17.0,,,
강남구,11680,압구정동,202606,아파트_전월세,"현대10차(201,202동)",압구정동,436,151.93,,195000,0,6,13,1982,갱신,26.09~28.09,157500.0,,,,
강남구,11680,자곡동,202606,아파트_전월세,래미안포레,자곡동,687,59.97,,29015,0,9,19,2014,갱신,26.07~28.06,27634.0,,,,
강남구,11680,개포동,202606,아파트_전월세,개포주공6단지,개포동,185,73.02,,47000,0,12,19,1983,갱신,26.06~28.06,50000.0,,사용,,
강남구,11680,역삼동,202606,아파트_전월세,e-편한세상,역삼동,755-4,84.991,,129000,0,1,18,2005,신규,26.08~28.08,,,,,
강남구,11680,삼성동,202606,아파트_전월세,아크로삼성,삼성동,79,92,,240000,0,8,19,2025,신규,26.08~28.08,,,,,
강남구,11680,논현동,202606,아파트_전월세,신동아(22),논현동,22,35.73,,45000,0,8,19,1997,신규,26.07~28.07,,,,,
강남구,11680,개포동,202606,아파트_전월세,개포자이프레지던스,개포동,1284,84.5978,,40000,460,13,19,2023,신규,26.07~28.07,,,,,
강남구,11680,역삼동,202606,아파트_전월세,강남센트럴아이파크,역삼동,902,155.144,,50000,700,4,19,2022,신규,26.08~28.08,,,,,
강남구,11680,일원동,202606,아파트_전월세,목련타운,일원동,716,99.79,,120000,0,7,18,1993,신규,26.08~28.08,,,,,
강남구,11680,자곡동,202606,아파트_전월세,래미안포레,자곡동,687,59.88,,29015,0,5,18,2014,갱신,26.07~28.06,27634.0,,,,
강남구,11680,대치동,202606,아파트_전월세,대우아이빌멤버스(891-26),대치동,891-26,46.877,,33000,0,8,2,2003,갱신,26.06~28.06,33000.0,,사용,,
강남구,11680,자곡동,202606,아파트_전월세,LH수서2단지아파트,자곡동,138-2,26.54,,11937,17,4,18,2024,갱신,26.07~28.06,7410.0,25.0,,,
강남구,11680,자곡동,202606,아파트_전월세,LH수서2단지아파트,자곡동,138-2,36.84,,16665,23,3,19,2024,갱신,26.07~28.06,12348.0,42.0,,,
강남구,11680,자곡동,202606,아파트_전월세,강남한양수자인(4단지),자곡동,686,84.89,,35753,0,2,19,2014,갱신,26.07~28.06,34051.0,,,,
강남구,11680,대치동,202606,아파트_전월세,은마,대치동,316,84.43,,30000,160,1,17,1979,신규,26.08~28.08,,,,,
강남구,11680,도곡동,202606,아파트_전월세,타워팰리스1,도곡동,467,164.97,,310000,0,34,4,2002,신규,26.09~28.09,,,,,
강남구,11680,삼성동,202606,아파트_전월세,삼성동센트럴아이파크,삼성동,188,84.99,,20000,590,23,19,2018,신규,26.06~28.06,,,,,
강남구,11680,대치동,202606,아파트_전월세,"쌍용대치아파트1동,2동,3동,5동,6동",대치동,66,148.8,,115000,0,13,13,1983,갱신,26.08~28.08,110000.0,,사용,,
강남구,11680,자곡동,202606,아파트_전월세,강남한양수자인(4단지),자곡동,686,59.97,,11022,20,5,19,2014,갱신,26.07~28.06,6406.0,43.0,,,
강남구,11680,대치동,202606,아파트_전월세,은마,대치동,316,76.79,,20000,119,1,17,1979,갱신,26.09~28.09,20000.0,110.0,사용,,
강남구,11680,자곡동,202606,아파트_전월세,강남한양수자인(4단지),자곡동,686,84.89,,79800,0,10,18,2014,갱신,26.07~28.07,76000.0,,사용,,
강남구,11680,삼성동,202606,아파트_전월세,영무예다음,삼성동,122-7,84.84,,88700,0,1,12,2006,갱신,26.06~28.06,84525.0,,사용,,
강남구,11680,삼성동,202606,아파트_전월세,삼성동힐스테이트 1단지,삼성동,16-2,31.402,,5000,230,10,18,2008,신규,26.06~28.06,,,,,
강남구,11680,개포동,202606,아파트_전월세,우성8,개포동,179,79.61,,108000,0,8,18,1987,신규,26.08~28.08,,,,,
강남구,11680,자곡동,202606,아파트_전월세,LH수서2단지아파트,자곡동,138-2,44.89,,23356,26,9,18,2024,갱신,26.07~28.06,16720.0,57.0,,,
강남구,11680,삼성동,202606,아파트_전월세,삼성동힐스테이트 1단지,삼성동,16-2,84.349,,43000,320,12,18,2008,갱신,26.06~28.06,40000.0,320.0,,,
강남구,11680,역삼동,202606,아파트_전월세,테헤란아이파크,역삼동,709-5,92.6232,,80000,330,13,13,2014,신규,26.08~28.08,,,,,
강남구,11680,자곡동,202606,아파트_전월세,강남한양수자인(4단지),자곡동,686,49.94,,3642,44,5,18,2014,갱신,26.07~28.06,5430.0,38.0,,,
강남구,11680,일원동,202606,아파트_전월세,가람,일원동,735,84.95,,87000,0,1,12,1993,갱신,26.07~27.07,83000.0,,사용,,
강남구,11680,도곡동,202606,아파트_전월세,타워팰리스1,도곡동,467,137.24,,130000,200,42,18,2002,신규,26.08~27.08,,,,,
강남구,11680,자곡동,202606,아파트_전월세,LH수서2단지아파트,자곡동,138-2,36.84,,19858,28,14,18,2024,갱신,26.07~28.06,12348.0,42.0,,,
강남구,11680,율현동,202606,아파트_전월세,강남한신휴플러스6단지,율현동,365,59.73,,38436,0,10,18,2015,갱신,26.07~28.06,38436.0,,,,
강남구,11680,자곡동,202606,아파트_전월세,LH수서2단지아파트,자곡동,138-2,36.84,,12087,74,6,18,2024,갱신,26.07~28.06,13720.0,47.0,,,
강남구,11680,역삼동,202606,아파트_전월세,EGSoulLeader,역삼동,828-28,21.58,,22000,10,6,18,2012,신규,26.07~28.07,,,,,
강남구,11680,자곡동,202606,아파트_전월세,래미안포레,자곡동,687,59.97,,29015,0,6,18,2014,갱신,26.07~28.06,27634.0,,,,
강남구,11680,자곡동,202606,아파트_전월세,LH수서2단지아파트,자곡동,138-2,36.84,,17265,19,2,18,2024,갱신,26.07~28.06,12348.0,42.0,,,
강남구,11680,자곡동,202606,아파트_전월세,LH수서2단지아파트,자곡동,138-2,36.6,,17080,19,5,18,2024,갱신,26.07~28.06,12348.0,42.0,,,
강남구,11680,신사동,202606,아파트_전월세,신사동닛시빌라트,신사동,634-14,128.72,,100000,0,5,12,2002,갱신,26.06~28.06,100000.0,,,,
강남구,11680,개포동,202606,아파트_전월세,개포래미안포레스트,개포동,1282,49.92,,104000,0,9,9,2020,신규,26.08~28.08,,,,,
강남구,11680,자곡동,202606,아파트_전월세,LH수서2단지아파트,자곡동,138-2,14.69,,6916,8,3,18,2024,갱신,26.07~28.06,4968.0,17.0,,,
강남구,11680,자곡동,202606,아파트_전월세,LH수서2단지아파트,자곡동,138-2,44.9,,23200,26,4,18,2024,갱신,26.07~28.06,16720.0,57.0,,,
강남구,11680,대치동,202606,아파트_전월세,래미안대치팰리스,대치동,1027,91.91,,100000,400,32,13,2015,신규,26.08~28.08,,,,,
강남구,11680,일원동,202606,아파트_전월세,수서,일원동,711,49.68,,48000,28,13,6,1992,갱신,26.08~28.07,48000.0,,사용,,
강남구,11680,대치동,202606,아파트_전월세,대치아이파크,대치동,888,84.93,,157500,0,11,18,2008,갱신,26.06~28.06,150000.0,,사용,,
강남구,11680,개포동,202606,아파트_전월세,래미안블레스티지,개포동,1280,59.967,,70380,160,8,6,2019,갱신,26.07~28.07,65000.0,160.0,,,
강남구,11680,수서동,202606,아파트_전월세,강남데시앙포레,수서동,795,101.81,,110000,70,7,17,2014,갱신,26.10~28.10,90000.0,70.0,,,
강남구,11680,도곡동,202606,아파트_전월세,도곡렉슬,도곡동,527,119.8906,,190000,0,20,18,2006,갱신,26.09~28.09,168000.0,,,,
강남구,11680,대치동,202606,아파트_전월세,대치SKVIEW,대치동,1029,93.4,,179800,100,9,17,2017,갱신,26.08~28.08,170000.0,100.0,,,
강남구,11680,자곡동,202606,아파트_전월세,LH수서2단지아파트,자곡동,138-2,36.84,,16545,17,12,18,2024,갱신,26.07~28.06,12348.0,42.0,,,
강남구,11680,자곡동,202606,아파트_전월세,LH수서2단지아파트,자곡동,138-2,36.84,,2465,75,10,18,2024,갱신,26.07~28.06,12348.0,42.0,,,
강남구,11680,개포동,202606,아파트_전월세,성원대치2단지아파트,개포동,12,39.53,,30000,80,10,9,1992,갱신,26.07~28.07,14000.0,97.0,,,
강남구,11680,자곡동,202606,아파트_전월세,LH수서2단지아파트,자곡동,138-2,36.84,,19206,21,5,18,2024,갱신,26.07~28.06,13720.0,47.0,,,
강남구,11680,대치동,202606,아파트_전월세,대치아이파크,대치동,888,59.96,,121250,0,6,18,2008,갱신,26.08~28.08,115250.0,,,,
강남구,11680,자곡동,202606,아파트_전월세,LH수서2단지아파트,자곡동,138-2,36.6,,16780,21,4,17,2024,갱신,26.07~28.06,11662.0,40.0,,,
강남구,11680,삼성동,202606,아파트_전월세,삼성풍림2차아파트,삼성동,104,93.78,,102000,0,2,18,1998,신규,26.08~28.08,,,,,
강남구,11680,수서동,202606,아파트_전월세,신동아,수서동,736,39.51,,10000,120,15,14,1992,신규,26.09~28.09,,,,,
강남구,11680,자곡동,202606,아파트_전월세,LH수서2단지아파트,자곡동,138-2,36.6,,16370,17,4,17,2024,갱신,26.07~28.06,12348.0,42.0,,,
강남구,11680,자곡동,202606,아파트_전월세,강남한양수자인(4단지),자곡동,686,59.93,,2995,52,4,17,2014,갱신,26.07~28.06,6406.0,43.0,,,
강남구,11680,자곡동,202606,아파트_전월세,래미안포레,자곡동,687,59.97,,29015,0,3,18,2014,갱신,26.07~28.06,27634.0,,,,
강남구,11680,논현동,202606,아파트_전월세,우민,논현동,107-44,74.758,,5000,350,6,1,2002,신규,26.07~28.07,,,,,
강남구,11680,자곡동,202606,아파트_전월세,강남한양수자인(4단지),자곡동,686,84.89,,52773,0,5,18,2014,갱신,26.07~28.06,50260.0,,,,
강남구,11680,자곡동,202606,아파트_전월세,LH수서2단지아파트,자곡동,138-2,36.84,,16965,21,5,17,2024,갱신,26.07~28.06,11662.0,40.0,,,
강남구,11680,자곡동,202606,아파트_전월세,강남한양수자인(4단지),자곡동,686,59.93,,13933,4,4,18,2014,갱신,26.07~28.06,6406.0,43.0,,,
강남구,11680,자곡동,202606,아파트_전월세,래미안포레,자곡동,687,59.88,,29015,0,1,17,2014,갱신,26.07~28.06,27634.0,,,,
강남구,11680,청담동,202606,아파트_전월세,삼성청담아파트,청담동,42,114.83,,123000,0,10,6,1999,갱신,26.07~28.07,120000.0,,사용,,
강남구,11680,삼성동,202606,아파트_전월세,삼부아파트(101동),삼성동,99-13,83.39,,78750,0,4,16,1998,갱신,26.09~28.09,75000.0,,사용,,
강남구,11680,도곡동,202606,아파트_전월세,매봉삼성,도곡동,966,84.95,,100000,0,12,4,1999,갱신,26.07~28.07,81270.0,,,,
강남구,11680,자곡동,202606,아파트_전월세,LH수서2단지아파트,자곡동,138-2,36.84,,16545,17,2,17,2024,갱신,26.07~28.06,12348.0,42.0,,,
강남구,11680,자곡동,202606,아파트_전월세,LH수서2단지아파트,자곡동,138-2,36.84,,17265,19,8,17,2024,갱신,26.07~28.06,12348.0,42.0,,,
강남구,11680,삼성동,202606,아파트_전월세,현대힐스테이트2단지,삼성동,50,40.763,,5000,280,7,17,2008,신규,26.07~27.07,,,,,
강남구,11680,논현동,202606,아파트_전월세,신동아(22),논현동,22,35.73,,43000,0,8,17,1997,갱신,26.08~29.02,41000.0,,사용,,
강남구,11680,개포동,202606,아파트_전월세,개포주공6단지,개포동,185,83.21,,55000,0,11,13,1983,갱신,26.08~28.08,55000.0,,사용,,
강남구,11680,개포동,202606,아파트_전월세,성원대치2단지아파트,개포동,12,33.18,,2000,135,15,13,1992,갱신,26.08~28.08,2000.0,100.0,,,
강남구,11680,대치동,202606,아파트_전월세,은마,대치동,316,84.43,,50000,130,8,12,1979,갱신,26.09~28.09,50000.0,120.0,사용,,
강남구,11680,역삼동,202606,아파트_전월세,래미안펜타빌,역삼동,713-7,136.28,,170000,0,17,17,2007,갱신,26.07~28.07,164000.0,,,,
강남구,11680,삼성동,202606,아파트_전월세,래미안삼성1차(201동),삼성동,102,101.84,,126000,0,6,17,2006,갱신,26.07~28.07,120000.0,,사용,,
강남구,11680,역삼동,202606,아파트_전월세,역삼푸르지오,역삼동,754-1,59.8848,,30000,260,24,11,2006,신규,26.07~28.07,,,,,
강남구,11680,세곡동,202606,아파트_전월세,강남신동아파밀리에2단지,세곡동,511,59.97,,17790,0,9,17,2011,갱신,26.07~28.06,16943.0,,,,
강남구,11680,개포동,202606,아파트_전월세,성원대치2단지아파트,개포동,12,49.86,,20000,150,3,10,1992,신규,26.06~27.11,,,,,
강남구,11680,자곡동,202606,아파트_전월세,LH수서2단지아파트,자곡동,138-2,36.84,,17265,19,13,17,2024,갱신,26.07~28.06,12348.0,42.0,,,
강남구,11680,역삼동,202606,아파트_전월세,역삼I'PARK,역삼동,713-11,28.246,,45000,0,8,17,2006,신규,26.07~28.07,,,,,
강남구,11680,개포동,202606,아파트_전월세,래미안블레스티지,개포동,1280,84.943,,150000,0,7,12,2019,신규,26.07~28.07,,,,,
강남구,11680,개포동,202606,아파트_전월세,경남1,개포동,649,166.48,,135000,0,4,17,1984,신규,26.08~28.08,,,,,
강남구,11680,자곡동,202606,아파트_전월세,LH수서2단지아파트,자곡동,138-2,36.6,,17080,19,6,17,2024,갱신,26.07~28.06,12348.0,42.0,,,
강남구,11680,압구정동,202606,아파트_전월세,"현대10차(201,202동)",압구정동,436,108.15,,85000,0,5,17,1982,갱신,26.07~28.07,85000.0,,사용,,
강남구,11680,역삼동,202606,아파트_전월세,역삼래미안,역삼동,757,59.4,,20000,160,21,17,2005,갱신,26.08~27.02,20000.0,160.0,,,
강남구,11680,자곡동,202606,아파트_전월세,LH수서2단지아파트,자곡동,138-2,44.89,,23356,26,4,17,2024,갱신,26.07~28.06,16720.0,57.0,,,
강남구,11680,수서동,202606,아파트_전월세,강남 더샵 포레스트,수서동,799,165.4312,,246750,0,1,1,2016,갱신,26.07~28.07,235000.0,,사용,,
강남구,11680,세곡동,202606,아파트_전월세,세곡리엔파크(3단지),세곡동,516,84.96,,31608,0,12,17,2011,갱신,26.07~28.06,30103.0,,,,
강남구,11680,삼성동,202606,아파트_전월세,현대힐스테이트2단지,삼성동,50,84.236,,95000,130,7,17,2008,신규,26.09~28.09,,,,,
강남구,11680,개포동,202606,아파트_전월세,현대2,개포동,654,131.83,,80000,90,1,13,1986,갱신,26.06~28.06,80000.0,50.0,,,
강남구,11680,역삼동,202606,아파트_전월세,역삼자이,역삼동,711-3,59.9977,,110000,0,17,17,2016,갱신,26.07~28.07,105000.0,,사용,,
강남구,11680,역삼동,202606,아파트_전월세,강남센트럴아이파크,역삼동,902,84.99,,108000,210,15,17,2022,갱신,26.07~28.07,103000.0,210.0,,,
강남구,11680,대치동,202606,아파트_전월세,대치삼성,대치동,1014-3,97.35,,60000,347,9,13,2000,갱신,26.07~28.07,60000.0,320.0,사용,,
강남구,11680,자곡동,202606,아파트_전월세,LH수서2단지아파트,자곡동,138-2,36.84,,19206,21,9,17,2024,갱신,26.07~28.06,13720.0,47.0,,,
강남구,11680,자곡동,202606,아파트_전월세,강남한양수자인(4단지),자곡동,686,59.97,,14296,2,5,17,2014,갱신,26.07~28.06,6406.0,43.0,,,
강남구,11680,자곡동,202606,아파트_전월세,LH수서2단지아파트,자곡동,138-2,44.89,,23356,26,7,14,2024,갱신,26.07~28.06,16720.0,57.0,,,
강남구,11680,논현동,202606,아파트_전월세,동현아파트1~6,논현동,105,84.92,,72000,0,1,13,1985,신규,26.08~28.08,,,,,
강남구,11680,도곡동,202606,아파트_전월세,래미안도곡카운티,도곡동,538-3,59.98,,66543,0,3,17,2016,갱신,26.07~28.06,63375.0,,,,
강남구,11680,자곡동,202606,아파트_전월세,LH수서2단지아파트,자곡동,138-2,14.69,,6916,8,9,17,2024,갱신,26.07~28.06,4968.0,17.0,,,
강남구,11680,율현동,202606,아파트_전월세,강남한신휴플러스6단지,율현동,365,59.98,,60000,40,8,17,2015,신규,26.09~27.09,,,,,
강남구,11680,자곡동,202606,아파트_전월세,LH수서2단지아파트,자곡동,138-2,44.89,,17556,60,8,17,2024,갱신,26.07~28.06,16720.0,57.0,,,
강남구,11680,자곡동,202606,아파트_전월세,래미안포레,자곡동,687,59.97,,29015,0,1,17,2014,갱신,26.07~28.06,27634.0,,,,
강남구,11680,자곡동,202606,아파트_전월세,LH수서2단지아파트,자곡동,138-2,14.69,,6916,8,10,16,2024,갱신,26.07~28.06,4968.0,17.0,,,
강남구,11680,자곡동,202606,아파트_전월세,LH수서2단지아파트,자곡동,138-2,14.69,,6527,7,6,16,2024,갱신,26.07~28.06,4692.0,16.0,,,
강남구,11680,자곡동,202606,아파트_전월세,LH수서2단지아파트,자곡동,138-2,26.54,,13055,15,5,16,2024,갱신,26.07~28.06,9386.0,32.0,,,
강남구,11680,개포동,202606,아파트_전월세,개포자이프레지던스,개포동,1284,132.8195,,280000,0,30,17,2023,신규,26.06~28.06,,,,,
강남구,11680,개포동,202606,아파트_전월세,삼익대청아파트,개포동,12,39.53,,55000,0,5,13,1992,신규,26.09~28.09,,,,,
강남구,11680,자곡동,202606,아파트_전월세,강남한양수자인(4단지),자곡동,686,49.94,,9718,17,9,17,2014,갱신,26.07~28.06,5430.0,38.0,,,
강남구,11680,세곡동,202606,아파트_전월세,강남데시앙파크,세곡동,525,84.98,,45580,0,12,17,2011,갱신,26.07~28.06,43410.0,,,,
강남구,11680,자곡동,202606,아파트_전월세,강남한양수자인(4단지),자곡동,686,59.93,,15924,9,3,17,2014,갱신,26.07~28.06,8968.0,60.0,,,
강남구,11680,자곡동,202606,아파트_전월세,LH수서2단지아파트,자곡동,138-2,44.66,,22800,26,4,17,2024,갱신,26.07~28.06,16640.0,57.0,,,
강남구,11680,역삼동,202606,아파트_전월세,브라운스톤역삼,역삼동,747-5,59.96,,10000,250,1,16,2004,신규,26.07~28.07,,,,,
강남구,11680,자곡동,202606,아파트_전월세,래미안포레,자곡동,687,59.97,,29015,0,6,17,2014,갱신,26.07~28.06,27634.0,,,,
강남구,11680,율현동,202606,아파트_전월세,강남한신휴플러스8단지,율현동,513,59.97,,40398,0,4,17,2015,갱신,26.07~28.06,38475.0,,,,
강남구,11680,대치동,202606,아파트_전월세,세영팔레스타운,대치동,975-20,84.85,,108150,0,9,6,2002,갱신,26.09~28.09,103000.0,,사용,,
강남구,11680,도곡동,202606,아파트_전월세,도곡푸르지오,도곡동,949-1,168.33,,126000,0,3,17,2005,갱신,26.07~28.07,120000.0,,,,
강남구,11680,자곡동,202606,아파트_전월세,래미안포레,자곡동,687,59.92,,29015,0,11,17,2014,갱신,26.07~28.06,27634.0,,,,
강남구,11680,자곡동,202606,아파트_전월세,LH수서2단지아파트,자곡동,138-2,26.54,,3381,39,5,16,2024,갱신,26.07~28.06,7410.0,25.0,,,
강남구,11680,자곡동,202606,아파트_전월세,강남한양수자인(4단지),자곡동,686,59.93,,10992,20,7,17,2014,갱신,26.07~28.06,6406.0,43.0,,,
강남구,11680,삼성동,202606,아파트_전월세,로프트원,삼성동,45-6,55.29,,3000,160,6,16,2002,신규,26.07~27.07,,,,,
강남구,11680,자곡동,202606,아파트_전월세,강남한양수자인(4단지),자곡동,686,49.94,,6919,32,7,17,2014,갱신,26.07~28.06,5430.0,38.0,,,
강남구,11680,삼성동,202606,아파트_전월세,LG선릉에클라트(B),삼성동,142-3,36.35,,30000,0,11,16,2004,신규,26.08~28.08,,,,,
강남구,11680,대치동,202606,아파트_전월세,대치SKVIEW,대치동,1029,93.4,,179800,100,9,17,2017,갱신,26.08~28.08,170000.0,100.0,,,
강남구,11680,개포동,202606,아파트_전월세,개포주공6단지,개포동,185,83.21,,58000,0,4,13,1983,갱신,26.07~28.07,58000.0,,사용,,
강남구,11680,역삼동,202606,아파트_전월세,역삼이안애에이,역삼동,777-2,84.28,,63000,0,1,12,2004,갱신,26.07~26.11,63000.0,,,,
강남구,11680,대치동,202606,아파트_전월세,대치현대,대치동,974,59.82,,20000,200,7,17,1999,갱신,26.06~28.06,30000.0,150.0,사용,,
강남구,11680,자곡동,202606,아파트_전월세,래미안포레,자곡동,687,59.92,,29015,0,5,17,2014,갱신,26.07~28.06,27634.0,,,,
강남구,11680,개포동,202606,아파트_전월세,현대1차101동~106동,개포동,653,177.19,,130000,0,13,16,1984,신규,26.09~28.09,,,,,
강남구,11680,압구정동,202606,아파트_전월세,신현대12차,압구정동,434,112.05,,40000,160,1,11,1982,갱신,26.08~28.08,40000.0,160.0,사용,,
강남구,11680,삼성동,202606,아파트_전월세,현대힐스테이트2단지,삼성동,50,84.236,,95000,100,9,12,2008,신규,26.09~28.09,,,,,
강남구,11680,개포동,202606,아파트_전월세,디에이치아너힐즈,개포동,1281,106.9101,,231000,0,33,15,2019,갱신,26.07~28.07,220000.0,,사용,,
강남구,11680,역삼동,202606,아파트_전월세,역삼동월드메르디앙,역삼동,795-41,83.27,,50000,170,5,13,2005,신규,26.07~28.07,,,,,
강남구,11680,수서동,202606,아파트_전월세,까치마을,수서동,746,39.6,,34650,0,9,11,1993,갱신,26.06~28.06,33000.0,,사용,,
강남구,11680,일원동,202606,아파트_전월세,목련타운,일원동,716,99.79,,110000,40,5,17,1993,갱신,26.07~28.07,100000.0,40.0,,,
강남구,11680,자곡동,202606,아파트_전월세,LH수서2단지아파트,자곡동,138-2,14.69,,5716,15,3,16,2024,갱신,26.07~28.06,4968.0,17.0,,,
강남구,11680,대치동,202606,아파트_전월세,테헤란로대우아이빌(891-6),대치동,891-6,35.61,,10000,87,12,16,2004,신규,26.07~28.07,,,,,
강남구,11680,자곡동,202606,아파트_전월세,LH수서2단지아파트,자곡동,138-2,14.69,,4927,17,14,16,2024,갱신,26.07~28.06,4968.0,17.0,,,
강남구,11680,수서동,202606,아파트_전월세,까치마을,수서동,746,49.5,,49300,0,15,16,1993,신규,26.08~28.02,,,,,
강남구,11680,삼성동,202606,아파트_전월세,서광아파트,삼성동,2,59.67,,10000,300,2,16,1998,신규,26.07~28.07,,,,,
강남구,11680,삼성동,202606,아파트_전월세,래미안삼성2차,삼성동,7-3,101.38,,24200,72,11,15,2007,갱신,26.07~28.07,24000.0,50.0,사용,,
강남구,11680,자곡동,202606,아파트_전월세,LH수서2단지아파트,자곡동,138-2,36.84,,12965,44,13,16,2024,갱신,26.07~28.06,12348.0,42.0,,,
강남구,11680,압구정동,202606,아파트_전월세,한양1차(영동한양),압구정동,490,63.87,,65000,0,2,16,1977,신규,26.09~28.09,,,,,
강남구,11680,자곡동,202606,아파트_전월세,래미안포레,자곡동,687,59.97,,29015,0,9,16,2014,갱신,26.07~28.06,27634.0,,,,
강남구,11680,대치동,202606,아파트_전월세,래미안대치팰리스,대치동,1027,94.49,,60000,590,16,15,2015,신규,26.09~28.09,,,,,
강남구,11680,자곡동,202606,아파트_전월세,래미안포레,자곡동,687,84.97,,52773,0,11,16,2014,갱신,26.07~28.06,50260.0,,,,
강남구,11680,논현동,202606,아파트_전월세,펜트힐루논현,논현동,211-21,43.392,,4000,320,5,11,2021,신규,26.06~28.06,,,,,
강남구,11680,역삼동,202606,아파트_전월세,e-편한세상,역삼동,755-4,59.947,,40000,260,8,13,2005,신규,26.08~28.08,,,,,
강남구,11680,자곡동,202606,아파트_전월세,LH수서2단지아파트,자곡동,138-2,36.84,,18562,24,10,16,2024,갱신,26.07~28.06,12348.0,42.0,,,
강남구,11680,자곡동,202606,아파트_전월세,LH수서2단지아파트,자곡동,138-2,36.6,,18500,24,2,16,2024,갱신,26.07~28.06,12348.0,42.0,,,
강남구,11680,자곡동,202606,아파트_전월세,LH수서2단지아파트,자곡동,138-2,36.84,,17265,19,11,16,2024,갱신,26.07~28.06,12348.0,42.0,,,
강남구,11680,자곡동,202606,아파트_전월세,강남자곡 힐스테이트,자곡동,619,51.96,,10000,210,1,15,2015,신규,26.09~28.09,,,,,
강남구,11680,자곡동,202606,아파트_전월세,LH수서2단지아파트,자곡동,138-2,36.84,,2706,83,11,16,2024,갱신,26.07~28.06,2020.0,81.0,,,
강남구,11680,자곡동,202606,아파트_전월세,LH수서2단지아파트,자곡동,138-2,36.84,,17265,19,2,16,2024,갱신,26.07~28.06,12348.0,42.0,,,
강남구,11680,자곡동,202606,아파트_전월세,래미안포레,자곡동,687,49.94,,2466,45,11,16,2014,갱신,26.07~28.06,5274.0,37.0,,,
강남구,11680,일원동,202606,아파트_전월세,디에이치자이개포,일원동,743,41.91,,15280,60,10,16,2021,신규,26.07~28.09,,,,,
강남구,11680,자곡동,202606,아파트_전월세,LH수서2단지아파트,자곡동,138-2,36.84,,12965,44,3,16,2024,갱신,26.07~28.06,11662.0,40.0,,,
강남구,11680,삼성동,202606,아파트_전월세,서광아파트,삼성동,2,84.93,,10000,380,19,15,1998,신규,26.09~28.09,,,,,
강남구,11680,삼성동,202606,아파트_전월세,LG선릉에클라트(B),삼성동,142-3,36.47,,1000,110,9,15,2004,신규,26.07~27.07,,,,,
강남구,11680,삼성동,202606,아파트_전월세,레미안삼성1차(101동),삼성동,104-10,84.98,,7000,380,6,5,2005,갱신,26.06~27.08,10000.0,350.0,,,
강남구,11680,자곡동,202606,아파트_전월세,LH수서2단지아파트,자곡동,138-2,36.84,,12965,44,2,16,2024,갱신,26.07~28.06,12348.0,42.0,,,
강남구,11680,청담동,202606,아파트_전월세,청담아이파크,청담동,130,110.19,,135000,0,14,16,1992,갱신,26.07~28.07,130000.0,,사용,,
강남구,11680,논현동,202606,아파트_전월세,거평프리젠,논현동,196,31.295,,18000,20,8,15,1996,신규,26.07~28.07,,,,,
강남구,11680,청담동,202606,아파트_전월세,청담신원아침도시마인,청담동,122-35,35.775,,2000,190,5,13,2013,신규,26.06~27.06,,,,,
강남구,11680,수서동,202606,아파트_전월세,까치마을,수서동,746,39.6,,20000,89,3,16,1993,신규,26.06~28.06,,,,,
강남구,11680,자곡동,202606,아파트_전월세,LH수서2단지아파트,자곡동,138-2,36.84,,16665,23,9,16,2024,갱신,26.07~28.06,12348.0,42.0,,,
강남구,11680,자곡동,202606,아파트_전월세,래미안포레,자곡동,687,84.85,,49481,0,8,16,2014,갱신,26.07~28.06,47125.0,,,,
강남구,11680,자곡동,202606,아파트_전월세,LH수서2단지아파트,자곡동,138-2,36.6,,18500,24,3,16,2024,갱신,26.07~28.06,12348.0,42.0,,,
강남구,11680,자곡동,202606,아파트_전월세,LH수서2단지아파트,자곡동,138-2,26.54,,12437,14,12,16,2024,갱신,26.07~28.06,8892.0,30.0,,,
강남구,11680,역삼동,202606,아파트_전월세,역삼래미안,역삼동,757,80.87,,131250,0,8,16,2005,갱신,26.07~28.07,125000.0,,사용,,
강남구,11680,개포동,202606,아파트_전월세,개포주공6단지,개포동,185,83.21,,52000,0,1,16,1983,갱신,26.07~28.07,52000.0,,사용,,
강남구,11680,대치동,202606,아파트_전월세,선경2차(8동-12동),대치동,506,127.75,,70000,296,6,13,1985,갱신,28.08~29.02,70000.0,270.0,,,
강남구,11680,삼성동,202606,아파트_전월세,삼성동힐스테이트 1단지,삼성동,16-2,31.402,,30000,100,15,13,2008,갱신,26.07~28.06,30000.0,65.0,사용,,
강남구,11680,자곡동,202606,아파트_전월세,LH수서2단지아파트,자곡동,138-2,36.84,,17265,19,7,16,2024,갱신,26.07~28.06,12348.0,42.0,,,
강남구,11680,자곡동,202606,아파트_전월세,LH수서2단지아파트,자곡동,138-2,44.9,,23200,26,8,16,2024,갱신,26.07~28.06,16720.0,57.0,,,
강남구,11680,자곡동,202606,아파트_전월세,LH수서2단지아파트,자곡동,138-2,36.84,,17265,19,10,16,2024,갱신,26.07~28.06,12348.0,42.0,,,
강남구,11680,삼성동,202606,아파트_전월세,삼성동힐스테이트 1단지,삼성동,16-2,84.503,,110000,0,2,5,2008,갱신,26.06~28.06,110000.0,,사용,,
강남구,11680,압구정동,202606,아파트_전월세,"현대7차(73~77,82,85동)",압구정동,456,144.2,,160000,0,8,4,1979,갱신,26.08~28.08,113000.0,,,,
강남구,11680,역삼동,202606,아파트_전월세,명인갤러리2차,역삼동,732-25,122.46,,115500,0,11,16,2004,갱신,26.09~28.09,110000.0,,사용,,
강남구,11680,자곡동,202606,아파트_전월세,래미안포레,자곡동,687,59.71,,29015,0,3,16,2014,갱신,26.07~28.06,27634.0,,,,
강남구,11680,도곡동,202606,아파트_전월세,중명하니빌,도곡동,965,24.86,,23500,0,6,16,1997,갱신,26.06~28.06,20500.0,,,,
강남구,11680,도곡동,202606,아파트_전월세,래미안도곡카운티,도곡동,538-3,84.67,,100000,260,2,13,2016,신규,26.08~28.08,,,,,
강남구,11680,일원동,202606,아파트_전월세,디에이치자이개포,일원동,743,41.91,,15280,60,15,15,2021,신규,26.07~28.09,,,,,
강남구,11680,일원동,202606,아파트_전월세,디에이치자이개포,일원동,743,41.91,,15280,60,20,15,2021,신규,26.07~28.09,,,,,
강남구,11680,삼성동,202606,아파트_전월세,삼성동한솔아파트,삼성동,4-6,58.57,,75000,0,10,13,1998,신규,26.07~28.07,,,,,
강남구,11680,도곡동,202606,아파트_전월세,현대그린1,도곡동,964,84.72,,63000,170,2,15,2006,신규,26.09~28.09,,,,,
강남구,11680,자곡동,202606,아파트_전월세,LH수서2단지아파트,자곡동,138-2,14.69,,6627,7,8,15,2024,갱신,26.07~28.06,4968.0,17.0,,,
강남구,11680,자곡동,202606,아파트_전월세,래미안포레,자곡동,687,59.97,,40398,0,7,15,2014,갱신,26.07~28.06,38475.0,,,,
강남구,11680,자곡동,202606,아파트_전월세,래미안포레,자곡동,687,59.97,,29015,0,7,16,2014,갱신,26.07~28.06,27634.0,,,,
강남구,11680,대치동,202606,아파트_전월세,하우스온더락,대치동,959-33,31.81,,1000,200,4,9,2015,신규,26.06~28.06,,,,,
강남구,11680,자곡동,202606,아파트_전월세,LH수서2단지아파트,자곡동,138-2,36.84,,17265,19,9,15,2024,갱신,26.07~28.06,12348.0,42.0,,,
강남구,11680,개포동,202606,아파트_전월세,래미안블레스티지,개포동,1280,59.888,,20960,82,2,15,2019,신규,26.07~28.09,,,,,
강남구,11680,일원동,202606,아파트_전월세,디에이치자이개포,일원동,743,41.91,,15280,60,4,16,2021,신규,26.07~28.09,,,,,
강남구,11680,일원동,202606,아파트_전월세,목련타운,일원동,716,134.71,,155000,0,10,13,1993,갱신,26.08~28.08,145950.0,,,,
강남구,11680,율현동,202606,아파트_전월세,강남한신휴플러스6단지,율현동,365,59.68,,40398,0,6,15,2015,갱신,26.07~28.06,38475.0,,,,
강남구,11680,신사동,202606,아파트_전월세,강남상가,신사동,510-11,48.6,,100,70,3,9,1974,신규,26.06~28.06,,,,,
강남구,11680,도곡동,202606,아파트_전월세,도곡렉슬,도곡동,527,59.9818,,40000,350,10,13,2006,신규,26.08~28.08,,,,,
강남구,11680,자곡동,202606,아파트_전월세,래미안포레,자곡동,687,59.97,,29015,0,10,15,2014,갱신,26.07~28.06,27634.0,,,,
강남구,11680,자곡동,202606,아파트_전월세,LH수서2단지아파트,자곡동,138-2,14.69,,1716,28,14,15,2024,갱신,26.07~28.06,4968.0,17.0,,,
강남구,11680,대치동,202606,아파트_전월세,개포우성1,대치동,503,189.98,,94500,0,5,15,1983,갱신,26.09~28.09,90000.0,,사용,,
강남구,11680,자곡동,202606,아파트_전월세,래미안포레,자곡동,687,59.92,,40398,0,3,15,2014,갱신,26.07~28.06,38475.0,,,,
강남구,11680,수서동,202606,아파트_전월세,신동아,수서동,736,39.53,,20000,70,1,13,1992,갱신,26.06~28.06,20000.0,40.0,,,
강남구,11680,역삼동,202606,아파트_전월세,역삼2차아이파크,역삼동,765-32,84.891,,100000,160,13,13,2008,신규,26.08~28.08,,,,,
강남구,11680,역삼동,202606,아파트_전월세,e-편한세상,역삼동,755-4,59.606,,97000,18,10,13,2005,갱신,26.10~28.10,97000.0,,사용,,
강남구,11680,삼성동,202606,아파트_전월세,한일,삼성동,48,80.29,,80500,50,1,13,2001,갱신,26.07~28.07,76500.0,,,,
강남구,11680,자곡동,202606,아파트_전월세,래미안포레,자곡동,687,59.92,,29015,0,6,15,2014,갱신,26.07~28.06,27634.0,,,,
강남구,11680,일원동,202606,아파트_전월세,디에이치자이개포,일원동,743,63.76,,50000,330,28,13,2021,신규,26.07~28.08,,,,,
강남구,11680,대치동,202606,아파트_전월세,"쌍용대치아파트1동,2동,3동,5동,6동",대치동,66,83.56,,76500,0,2,13,1983,갱신,26.08~28.08,73500.0,,,,
강남구,11680,개포동,202606,아파트_전월세,삼익대청아파트,개포동,12,60,,20000,200,13,2,1992,신규,26.07~28.07,,,,,
강남구,11680,자곡동,202606,아파트_전월세,LH수서2단지아파트,자곡동,138-2,36.84,,17265,19,10,15,2024,갱신,26.07~28.06,12348.0,42.0,,,
강남구,11680,자곡동,202606,아파트_전월세,강남자곡 힐스테이트,자곡동,619,51.99,,7000,200,8,11,2015,신규,26.07~28.07,,,,,
강남구,11680,일원동,202606,아파트_전월세,상록스타힐스,일원동,688,59.963,,12499,146,6,15,2022,갱신,26.07~28.07,11904.0,159.0,,,
강남구,11680,삼성동,202606,아파트_전월세,LG선릉에클라트(B),삼성동,142-3,36.47,,5000,80,10,12,2004,갱신,26.08~27.08,5000.0,70.0,,,
강남구,11680,삼성동,202606,아파트_전월세,아크로삼성,삼성동,79,167.2,,300000,550,18,13,2025,신규,26.07~28.07,,,,,
강남구,11680,개포동,202606,아파트_전월세,개포자이프레지던스,개포동,1284,78.3265,,15000,470,13,13,2023,갱신,26.08~28.08,30000.0,440.0,사용,,
강남구,11680,개포동,202606,아파트_전월세,개포자이프레지던스,개포동,1284,78.7747,,130000,24,10,15,2023,갱신,26.08~28.08,130000.0,,사용,,
강남구,11680,도곡동,202606,아파트_전월세,경남,도곡동,967,84.94,,93000,0,15,15,2005,갱신,26.06~28.06,93000.0,,,,
강남구,11680,자곡동,202606,아파트_전월세,강남자곡 힐스테이트,자곡동,619,59.93,,20000,180,6,8,2015,신규,26.07~28.07,,,,,
강남구,11680,압구정동,202606,아파트_전월세,현대13차(208~211동),압구정동,448,108.47,,86000,0,9,15,1983,갱신,26.09~28.09,86000.0,,,,
강남구,11680,자곡동,202606,아파트_전월세,LH수서2단지아파트,자곡동,138-2,36.84,,16965,21,1,15,2024,갱신,26.07~28.06,11662.0,40.0,,,
강남구,11680,도곡동,202606,아파트_전월세,아카데미스위트1,도곡동,467-7,164.87,,20000,500,34,1,2004,갱신,26.08~28.07,20000.0,483.0,사용,,
강남구,11680,압구정동,202606,아파트_전월세,현대3차(61~64동),압구정동,443,82.5,,105000,0,5,11,1976,갱신,26.09~28.08,86000.0,,,,
강남구,11680,일원동,202606,아파트_전월세,푸른마을아파트101동~111동,일원동,719,84.93,,84000,0,4,12,1994,갱신,26.08~28.08,80000.0,,사용,,
강남구,11680,일원동,202606,아파트_전월세,디에이치자이개포,일원동,743,41.91,,15280,60,15,15,2021,신규,26.07~28.09,,,,,
강남구,11680,수서동,202606,아파트_전월세,삼익,수서동,708,60,,57700,0,11,13,1992,갱신,26.08~28.08,55000.0,,사용,,
강남구,11680,도곡동,202606,아파트_전월세,삼성래미안,도곡동,91-5,122.81,,170000,0,18,12,2001,신규,26.10~28.10,,,,,
강남구,11680,삼성동,202606,아파트_전월세,래미안라클래시,삼성동,189,71.95,,140000,0,12,13,2021,신규,26.08~28.08,,,,,
강남구,11680,자곡동,202606,아파트_전월세,LH수서2단지아파트,자곡동,138-2,36.84,,18562,24,2,15,2024,갱신,26.07~28.06,12348.0,42.0,,,
강남구,11680,개포동,202606,아파트_전월세,성원대치2단지아파트,개포동,12,49.86,,5000,200,6,15,1992,갱신,26.09~28.09,5000.0,123.0,,,
강남구,11680,자곡동,202606,아파트_전월세,LH수서2단지아파트,자곡동,138-2,14.69,,6527,7,7,15,2024,갱신,26.07~28.06,4692.0,16.0,,,
강남구,11680,세곡동,202606,아파트_전월세,강남엘에이치1단지,세곡동,579,59.89,,63000,0,14,14,2013,갱신,26.07~28.07,60000.0,,사용,,
강남구,11680,수서동,202606,아파트_전월세,신동아,수서동,736,49.96,,50000,0,14,13,1992,갱신,26.06~28.06,43000.0,,,,
강남구,11680,역삼동,202606,아파트_전월세,포스틸빌라트,역삼동,741-22,69.97,,3000,190,4,15,2004,신규,26.08~28.08,,,,,
강남구,11680,개포동,202606,아파트_전월세,현대2,개포동,654,165.08,,130000,0,9,12,1986,신규,26.07~28.07,,,,,
강남구,11680,개포동,202606,아파트_전월세,개포래미안포레스트,개포동,1282,102.32,,82000,330,4,13,2020,갱신,26.10~28.10,70000.0,330.0,,,
강남구,11680,도곡동,202606,아파트_전월세,도곡렉슬,도곡동,527,84.9984,,70000,320,5,13,2006,갱신,26.08~28.08,65000.0,320.0,,,
강남구,11680,대치동,202606,아파트_전월세,은마,대치동,316,84.43,,70000,150,2,13,1979,신규,26.08~28.08,,,,,
강남구,11680,자곡동,202606,아파트_전월세,LH수서2단지아파트,자곡동,138-2,36.6,,17080,19,2,15,2024,갱신,26.07~28.06,12348.0,42.0,,,
강남구,11680,세곡동,202606,아파트_전월세,세곡푸르지오,세곡동,533,59.89,,73500,0,9,6,2012,신규,26.08~28.08,,,,,
강남구,11680,수서동,202606,아파트_전월세,삼익,수서동,708,49.2,,55000,0,1,13,1992,신규,26.07~28.07,,,,,
강남구,11680,일원동,202606,아파트_전월세,래미안 개포 루체하임,일원동,741,121.71,,165000,0,5,13,2018,신규,26.08~28.08,,,,,
강남구,11680,도곡동,202606,아파트_전월세,래미안도곡카운티,도곡동,538-3,106.78,,110000,280,5,12,2016,신규,26.08~28.08,,,,,
강남구,11680,대치동,202606,아파트_전월세,은마,대치동,316,76.79,,73000,0,3,13,1979,신규,26.07~28.07,,,,,
강남구,11680,개포동,202606,아파트_전월세,개포우성3차,개포동,652,161,,120000,0,8,13,1984,갱신,26.08~28.08,107000.0,,,,
강남구,11680,압구정동,202606,아파트_전월세,신현대11차,압구정동,433,183.41,,210000,0,11,12,1983,신규,26.07~28.07,,,,,
강남구,11680,자곡동,202606,아파트_전월세,강남한양수자인(4단지),자곡동,686,101.51,,81900,0,1,13,2014,갱신,26.07~28.07,78000.0,,사용,,
강남구,11680,개포동,202606,아파트_전월세,개포주공6단지,개포동,185,73.02,,30000,90,6,13,1983,신규,26.07~28.07,,,,,
강남구,11680,대치동,202606,아파트_전월세,개포우성1,대치동,503,84.81,,10000,440,13,11,1983,신규,26.08~28.08,,,,,
강남구,11680,수서동,202606,아파트_전월세,삼성,수서동,747,84.97,,40000,240,7,12,1997,신규,26.09~28.09,,,,,
강남구,11680,개포동,202606,아파트_전월세,개포래미안포레스트,개포동,1282,59.92,,99000,0,5,13,2020,갱신,26.08~28.08,95000.0,,사용,,
강남구,11680,개포동,202606,아파트_전월세,성원대치2단지아파트,개포동,12,39.53,,45000,0,13,13,1992,신규,26.09~28.09,,,,,
강남구,11680,대치동,202606,아파트_전월세,대치현대,대치동,974,59.82,,74000,0,21,14,1999,신규,26.09~28.09,,,,,
강남구,11680,대치동,202606,아파트_전월세,선릉역대우아이빌(890-49),대치동,890-49,25.42,,12000,40,11,15,2004,신규,26.07~28.07,,,,,
강남구,11680,삼성동,202606,아파트_전월세,삼성동힐스테이트 1단지,삼성동,16-2,84.236,,120000,0,7,15,2008,갱신,26.08~28.08,117000.0,,사용,,
강남구,11680,개포동,202606,아파트_전월세,개포래미안포레스트,개포동,1282,59.92,,60000,240,8,3,2020,신규,26.07~28.07,,,,,
강남구,11680,역삼동,202606,아파트_전월세,개나리래미안,역삼동,754,129.8,,70000,328,21,13,2006,갱신,26.07~28.07,70000.0,300.0,사용,,
강남구,11680,세곡동,202606,아파트_전월세,세곡푸르지오,세곡동,533,84.84,,65000,80,6,13,2012,갱신,26.07~28.07,65000.0,40.0,사용,,
강남구,11680,청담동,202606,아파트_전월세,청담대우로얄카운티6차,청담동,101-1,166.3,,130100,150,3,15,2005,갱신,26.06~27.10,130000.0,150.0,,,
강남구,11680,청담동,202606,아파트_전월세,진흥아파트,청담동,65,109.31,,57750,105,15,13,1984,갱신,26.06~28.06,57750.0,80.0,,,
강남구,11680,자곡동,202606,아파트_전월세,LH수서2단지아파트,자곡동,138-2,36.84,,16965,21,1,13,2024,갱신,26.07~28.06,11662.0,40.0,,,
강남구,11680,자곡동,202606,아파트_전월세,LH수서2단지아파트,자곡동,138-2,36.6,,16700,35,2,12,2024,갱신,26.07~28.06,12348.0,42.0,,,
강남구,11680,논현동,202606,아파트_전월세,논현아이파크,논현동,225-6,47.46,,71000,0,9,13,2020,갱신,26.07~28.07,70000.0,,사용,,
강남구,11680,일원동,202606,아파트_전월세,수서,일원동,711,59.96,,60000,0,3,13,1992,신규,26.08~28.08,,,,,
강남구,11680,역삼동,202606,아파트_전월세,강남센트럴아이파크,역삼동,902,84.915,,170000,0,23,11,2022,갱신,26.06~28.06,170000.0,,,,
강남구,11680,자곡동,202606,아파트_전월세,강남한양수자인(4단지),자곡동,686,114.46,,30000,300,6,13,2014,신규,26.08~28.08,,,,,
강남구,11680,일원동,202606,아파트_전월세,푸른마을아파트101동~111동,일원동,719,59.76,,30000,200,8,10,1994,신규,26.10~28.10,,,,,
강남구,11680,자곡동,202606,아파트_전월세,LH수서2단지아파트,자곡동,138-2,36.84,,12965,44,12,12,2024,갱신,26.07~28.06,11662.0,40.0,,,
강남구,11680,역삼동,202606,아파트_전월세,프리빌리지,역삼동,723-16,45.01,,47250,0,5,12,2017,갱신,26.07~28.07,45000.0,,사용,,
강남구,11680,도곡동,202606,아파트_전월세,래미안도곡카운티,도곡동,538-3,71.85,,100000,120,2,8,2016,갱신,26.07~29.02,100000.0,120.0,,,
강남구,11680,도곡동,202606,아파트_전월세,도곡렉슬,도곡동,527,59.9818,,80000,78,1,13,2006,갱신,26.06~28.06,80000.0,60.0,사용,,
강남구,11680,자곡동,202606,아파트_전월세,LH수서2단지아파트,자곡동,138-2,36.84,,17265,19,4,14,2024,갱신,26.07~28.06,12348.0,42.0,,,
강남구,11680,자곡동,202606,아파트_전월세,LH수서2단지아파트,자곡동,138-2,44.66,,22800,26,2,13,2024,갱신,26.07~28.06,16640.0,57.0,,,
강남구,11680,자곡동,202606,아파트_전월세,LH수서2단지아파트,자곡동,138-2,36.84,,18562,24,1,11,2024,갱신,26.07~28.06,16648.0,17.0,,,
강남구,11680,자곡동,202606,아파트_전월세,LH수서2단지아파트,자곡동,138-2,14.69,,6816,8,10,15,2024,갱신,26.07~28.06,4692.0,16.0,,,
강남구,11680,도곡동,202606,아파트_전월세,삼익,도곡동,869,104.01,,68200,0,4,3,1983,갱신,26.08~28.08,65000.0,,사용,,
강남구,11680,자곡동,202606,아파트_전월세,LH수서2단지아파트,자곡동,138-2,14.69,,6916,8,10,15,2024,갱신,26.07~28.06,4968.0,17.0,,,
강남구,11680,압구정동,202606,아파트_전월세,"현대6차(78~81,83,84,86,87동)",압구정동,456,157.36,,30000,600,7,15,1978,신규,26.07~28.07,,,,,
강남구,11680,청담동,202606,아파트_전월세,청담스위트,청담동,34-13,13.425,,1000,85,4,5,2015,신규,26.06~27.06,,,,,
강남구,11680,수서동,202606,아파트_전월세,신동아,수서동,736,39.51,,40000,8,4,12,1992,갱신,26.07~28.07,40000.0,,사용,,
강남구,11680,도곡동,202606,아파트_전월세,래미안도곡카운티,도곡동,538-3,71.85,,140000,25,13,10,2016,신규,26.08~28.08,,,,,
강남구,11680,일원동,202606,아파트_전월세,수서,일원동,711,59.96,,57000,0,4,10,1992,신규,26.06~28.06,,,,,
강남구,11680,압구정동,202606,아파트_전월세,"현대7차(73~77,82,85동)",압구정동,456,157.36,,185000,0,6,12,1979,신규,26.08~28.08,,,,,
강남구,11680,일원동,202606,아파트_전월세,디에이치자이개포,일원동,743,41.91,,15280,60,13,12,2021,신규,26.07~28.09,,,,,
강남구,11680,도곡동,202606,아파트_전월세,아카데미스위트1,도곡동,467-7,83,,105000,0,40,12,2004,갱신,26.07~28.07,105000.0,,사용,,
강남구,11680,자곡동,202606,아파트_전월세,LH수서2단지아파트,자곡동,138-2,36.84,,17265,19,2,12,2024,갱신,26.07~28.06,12348.0,42.0,,,
강남구,11680,세곡동,202606,아파트_전월세,강남엘에이치1단지,세곡동,579,84.83,,65000,90,12,12,2013,신규,26.08~28.08,,,,,
강남구,11680,대치동,202606,아파트_전월세,쌍용대치2,대치동,65,84.49,,70000,20,7,11,1983,신규,26.08~28.08,,,,,
강남구,11680,대치동,202606,아파트_전월세,은마,대치동,316,76.79,,40000,112,2,12,1979,갱신,26.08~28.08,25000.0,160.0,,,
강남구,11680,삼성동,202606,아파트_전월세,래미안라클래시,삼성동,189,71.99,,95000,200,14,12,2021,갱신,26.07~28.07,85000.0,220.0,,,
강남구,11680,대치동,202606,아파트_전월세,한보미도맨션2,대치동,511,84.96,,99750,0,5,8,1985,갱신,26.09~28.09,95000.0,,사용,,
강남구,11680,자곡동,202606,아파트_전월세,LH수서2단지아파트,자곡동,138-2,26.54,,7781,27,14,12,2024,갱신,26.07~28.06,7410.0,25.0,,,
강남구,11680,삼성동,202606,아파트_전월세,우정에쉐르2,삼성동,144-10,55.12,,44000,0,4,8,2004,갱신,26.06~27.06,44000.0,,,,
강남구,11680,개포동,202606,아파트_전월세,래미안블레스티지,개포동,1280,59.888,,20960,82,3,12,2019,신규,26.07~28.09,,,,,
강남구,11680,삼성동,202606,아파트_전월세,엘에이치삼성도시형생활주택,삼성동,109-21,29.08,,5000,106,6,6,2013,갱신,26.07~28.07,5000.0,100.0,사용,,
강남구,11680,자곡동,202606,아파트_전월세,LH수서2단지아파트,자곡동,138-2,14.69,,6227,9,10,12,2024,갱신,26.07~28.06,5440.0,7.0,,,
강남구,11680,개포동,202606,아파트_전월세,개포래미안포레스트,개포동,1282,74.66,,120000,40,2,11,2020,신규,26.09~28.09,,,,,
강남구,11680,자곡동,202606,아파트_전월세,LH수서2단지아파트,자곡동,138-2,36.84,,16665,23,5,12,2024,갱신,26.07~28.06,12348.0,42.0,,,
강남구,11680,일원동,202606,아파트_전월세,우성7,일원동,615,83.69,,23500,200,10,12,1987,갱신,26.06~28.06,20000.0,200.0,,,
강남구,11680,자곡동,202606,아파트_전월세,강남자곡 힐스테이트,자곡동,619,59.93,,20000,200,5,5,2015,신규,26.08~28.08,,,,,
강남구,11680,압구정동,202606,아파트_전월세,현대4차저층(51~56동),압구정동,462,117.91,,145000,0,1,12,1977,신규,26.09~28.09,,,,,
강남구,11680,대치동,202606,아파트_전월세,"쌍용대치아파트1동,2동,3동,5동,6동",대치동,66,83.56,,85000,0,13,7,1983,신규,26.08~28.08,,,,,
강남구,11680,논현동,202606,아파트_전월세,신동아(22),논현동,22,35.73,,1000,147,9,12,1997,갱신,26.06~28.06,1000.0,140.0,,,
강남구,11680,신사동,202606,아파트_전월세,한양아파트,신사동,556-29,74.01,,49350,0,4,6,2003,갱신,26.06~28.06,47000.0,,사용,,
강남구,11680,자곡동,202606,아파트_전월세,LH수서2단지아파트,자곡동,138-2,36.6,,17080,19,2,12,2024,갱신,26.07~28.06,12348.0,42.0,,,
강남구,11680,자곡동,202606,아파트_전월세,LH수서2단지아파트,자곡동,138-2,36.84,,19206,21,9,12,2024,갱신,26.07~28.06,13720.0,47.0,,,
강남구,11680,도곡동,202606,아파트_전월세,럭키(963),도곡동,963,84.97,,60000,140,6,12,1995,갱신,26.07~28.07,60000.0,120.0,사용,,
강남구,11680,자곡동,202606,아파트_전월세,LH수서2단지아파트,자곡동,138-2,44.89,,23356,26,5,12,2024,갱신,26.07~28.06,16720.0,57.0,,,
강남구,11680,삼성동,202606,아파트_전월세,서광아파트,삼성동,2,59.67,,50000,160,17,9,1998,신규,26.07~28.07,,,,,
강남구,11680,논현동,202606,아파트_전월세,신동아(22),논현동,22,35.73,,47000,0,4,11,1997,갱신,26.06~28.06,45000.0,,사용,,
강남구,11680,삼성동,202606,아파트_전월세,현대힐스테이트2단지,삼성동,50,84.349,,70000,160,4,12,2008,신규,26.09~28.09,,,,,
강남구,11680,자곡동,202606,아파트_전월세,LH수서2단지아파트,자곡동,138-2,36.84,,17265,19,5,12,2024,갱신,26.07~28.06,12348.0,42.0,,,
강남구,11680,압구정동,202606,아파트_전월세,"현대7차(73~77,82,85동)",압구정동,456,157.36,,190000,0,3,9,1979,신규,26.08~28.08,,,,,
강남구,11680,개포동,202606,아파트_전월세,개포자이프레지던스,개포동,1284,84.5978,,155400,0,20,12,2023,갱신,26.08~28.08,148000.0,,사용,,
강남구,11680,논현동,202606,아파트_전월세,KIRINHILLS,논현동,130-9,18.04,,1000,104,7,8,2020,신규,26.06~27.06,,,,,
강남구,11680,대치동,202606,아파트_전월세,한보미도맨션2,대치동,511,84.96,,100000,0,6,11,1985,신규,26.08~28.08,,,,,
강남구,11680,대치동,202606,아파트_전월세,대치삼성,대치동,1014-3,84.58,,130000,20,3,10,2000,갱신,26.09~28.09,130000.0,,,,
강남구,11680,압구정동,202606,아파트_전월세,"현대14차(203,204,205,206동)",압구정동,447,84.98,,115000,0,1,11,1987,신규,26.08~28.08,,,,,
강남구,11680,도곡동,202606,아파트_전월세,도곡렉슬,도곡동,527,59.9937,,54600,160,23,11,2006,갱신,26.07~28.07,50000.0,160.0,,,
강남구,11680,개포동,202606,아파트_전월세,개포주공6단지,개포동,185,60.13,,12600,110,3,12,1983,갱신,26.07~28.07,12600.0,110.0,,,
강남구,11680,자곡동,202606,아파트_전월세,LH수서2단지아파트,자곡동,138-2,26.54,,12437,14,9,12,2024,갱신,26.07~28.06,8892.0,30.0,,,
강남구,11680,개포동,202606,아파트_전월세,삼익대청아파트,개포동,12,39.53,,20000,140,10,10,1992,신규,26.06~28.06,,,,,
강남구,11680,자곡동,202606,아파트_전월세,LH수서2단지아파트,자곡동,138-2,36.84,,17265,19,12,12,2024,갱신,26.07~28.06,12348.0,42.0,,,
강남구,11680,대치동,202606,아파트_전월세,은마,대치동,316,84.43,,70000,0,9,6,1979,갱신,26.08~28.08,70000.0,,사용,,
강남구,11680,자곡동,202606,아파트_전월세,LH수서2단지아파트,자곡동,138-2,36.84,,17265,19,15,12,2024,갱신,26.07~28.06,12348.0,42.0,,,
강남구,11680,세곡동,202606,아파트_전월세,세곡리엔파크(3단지),세곡동,516,49.74,,8449,16,3,11,2011,갱신,26.07~28.06,4793.0,34.0,,,
강남구,11680,대치동,202606,아파트_전월세,테헤란로대우아이빌(891-6),대치동,891-6,29.02,,28000,0,23,10,2004,신규,26.06~28.06,,,,,
강남구,11680,자곡동,202606,아파트_전월세,LH수서2단지아파트,자곡동,138-2,14.69,,6527,7,7,11,2024,갱신,26.07~28.06,4692.0,16.0,,,
강남구,11680,삼성동,202606,아파트_전월세,현대아파트101동,삼성동,6,59.83,,70000,0,4,12,1999,갱신,26.06~27.06,61000.0,,,,
강남구,11680,대치동,202606,아파트_전월세,은마,대치동,316,76.79,,69000,0,2,6,1979,신규,26.09~28.09,,,,,
강남구,11680,수서동,202606,아파트_전월세,삼익,수서동,708,60,,68000,0,4,7,1992,신규,26.07~28.07,,,,,
강남구,11680,도곡동,202606,아파트_전월세,타워팰리스2,도곡동,467-17,164.13,,290000,0,44,11,2003,신규,26.09~28.09,,,,,
강남구,11680,논현동,202606,아파트_전월세,보타니끄논현,논현동,218-27,74.13,,10000,700,11,9,2024,신규,26.06~28.06,,,,,
강남구,11680,대치동,202606,아파트_전월세,청암빌라트,대치동,650,131.4,,100000,200,9,9,1991,갱신,26.06~28.06,100000.0,160.0,,,
강남구,11680,압구정동,202606,아파트_전월세,현대3차(61~64동),압구정동,443,82.5,,10000,337,8,11,1976,갱신,26.08~28.08,10000.0,320.0,,,
강남구,11680,논현동,202606,아파트_전월세,우민,논현동,107-44,74.758,,40000,145,6,6,2002,신규,26.09~28.09,,,,,
강남구,11680,일원동,202606,아파트_전월세,디에이치자이개포,일원동,743,41.91,,15280,60,8,11,2021,신규,26.07~28.09,,,,,
강남구,11680,역삼동,202606,아파트_전월세,역삼동하나빌,역삼동,681-26,52.31,,5000,220,10,11,2002,신규,26.07~28.07,,,,,
강남구,11680,압구정동,202606,아파트_전월세,미성2차,압구정동,397,118.63,,128000,0,1,11,1987,갱신,26.07~28.07,115000.0,,,,
강남구,11680,도곡동,202606,아파트_전월세,럭키(963),도곡동,963,84.97,,45000,190,14,11,1995,갱신,26.08~28.04,45000.0,125.0,,,
강남구,11680,자곡동,202606,아파트_전월세,LH수서2단지아파트,자곡동,138-2,14.69,,6916,8,4,11,2024,갱신,26.07~28.06,4968.0,17.0,,,
강남구,11680,자곡동,202606,아파트_전월세,LH수서2단지아파트,자곡동,138-2,14.69,,1838,31,5,11,2024,갱신,26.07~28.06,4968.0,17.0,,,
강남구,11680,개포동,202606,아파트_전월세,개포래미안포레스트,개포동,1282,59.92,,30764,43,4,11,2020,갱신,26.07~28.06,23600.0,83.0,,,
강남구,11680,개포동,202606,아파트_전월세,성원대치2단지아파트,개포동,12,49.86,,42000,0,13,1,1992,갱신,26.06~28.06,40000.0,,사용,,
강남구,11680,수서동,202606,아파트_전월세,까치마을,수서동,746,39.6,,36000,0,15,6,1993,신규,26.09~28.09,,,,,
강남구,11680,개포동,202606,아파트_전월세,래미안블레스티지,개포동,1280,99.967,,163500,0,11,6,2019,갱신,26.07~28.07,160000.0,,사용,,
강남구,11680,대치동,202606,아파트_전월세,포스코더샵,대치동,902,164.88,,125000,300,9,11,2004,갱신,26.08~28.08,125000.0,280.0,사용,,
강남구,11680,삼성동,202606,아파트_전월세,골든카운티,삼성동,5-3,84.95,,58000,0,4,2,2019,신규,26.08~28.08,,,,,
강남구,11680,청담동,202606,아파트_전월세,청담4차이-편한세상,청담동,28-20,136.41,,190000,0,11,11,2011,신규,26.08~28.08,,,,,
강남구,11680,자곡동,202606,아파트_전월세,LH수서2단지아파트,자곡동,138-2,44.89,,23356,26,8,11,2024,갱신,26.07~28.06,16720.0,57.0,,,
강남구,11680,삼성동,202606,아파트_전월세,골든카운티,삼성동,5-3,163.26,,118000,0,10,10,2019,신규,26.08~28.08,,,,,
강남구,11680,개포동,202606,아파트_전월세,경남1,개포동,649,123.28,,60000,143,3,11,1984,갱신,26.06~28.06,50000.0,143.0,,,
강남구,11680,대치동,202606,아파트_전월세,대치삼성,대치동,1014-3,84.58,,140000,0,10,11,2000,신규,26.07~28.07,,,,,
강남구,11680,자곡동,202606,아파트_전월세,LH수서2단지아파트,자곡동,138-2,14.69,,6816,8,5,11,2024,갱신,26.07~28.06,4692.0,16.0,,,
강남구,11680,자곡동,202606,아파트_전월세,LH수서2단지아파트,자곡동,138-2,36.84,,6965,62,10,11,2024,갱신,26.07~28.06,11662.0,40.0,,,
강남구,11680,자곡동,202606,아파트_전월세,래미안포레,자곡동,687,59.97,,29015,0,4,11,2014,갱신,26.07~28.06,27634.0,,,,
강남구,11680,세곡동,202606,아파트_전월세,강남신동아파밀리에1단지,세곡동,508,59.97,,67000,0,8,4,2011,신규,26.06~28.06,,,,,
강남구,11680,개포동,202606,아파트_전월세,개포래미안포레스트,개포동,1282,84.86,,86000,160,3,10,2020,갱신,26.08~28.08,80000.0,160.0,,,
강남구,11680,개포동,202606,아파트_전월세,성원대치2단지아파트,개포동,12,39.53,,39900,0,4,6,1992,갱신,26.07~28.07,38000.0,,사용,,
강남구,11680,대치동,202606,아파트_전월세,테헤란로대우아이빌(891-6),대치동,891-6,30.46,,1200,115,22,11,2004,신규,26.06~27.06,,,,,
강남구,11680,대치동,202606,아파트_전월세,대치아이파크,대치동,888,84.95,,100000,220,1,1,2008,신규,26.07~28.07,,,,,
강남구,11680,논현동,202606,아파트_전월세,거평프리젠,논현동,196,42.395,,20000,70,5,11,1996,갱신,26.06~28.06,37000.0,,,,
강남구,11680,논현동,202606,아파트_전월세,루시아도산208,논현동,60,43.26,,65000,0,10,8,2023,갱신,26.07~28.07,65000.0,,,,
강남구,11680,자곡동,202606,아파트_전월세,LH수서2단지아파트,자곡동,138-2,36.84,,16245,19,13,11,2024,갱신,26.07~28.06,11662.0,40.0,,,
강남구,11680,자곡동,202606,아파트_전월세,LH수서2단지아파트,자곡동,138-2,14.69,,6916,8,4,11,2024,갱신,26.07~28.06,4968.0,17.0,,,
강남구,11680,자곡동,202606,아파트_전월세,LH수서2단지아파트,자곡동,138-2,44.89,,26867,38,1,10,2024,갱신,26.07~28.06,16720.0,57.0,,,
강남구,11680,도곡동,202606,아파트_전월세,도곡렉슬,도곡동,527,84.9984,,130000,87,20,4,2006,갱신,26.08~28.08,130000.0,60.0,사용,,
강남구,11680,자곡동,202606,아파트_전월세,LH수서2단지아파트,자곡동,138-2,36.6,,19000,21,4,10,2024,갱신,26.07~28.06,13720.0,47.0,,,
강남구,11680,삼성동,202606,아파트_전월세,롯데캐슬프레미어,삼성동,11,84.465,,110000,120,5,2,2007,신규,26.08~28.08,,,,,
강남구,11680,일원동,202606,아파트_전월세,디에이치자이개포,일원동,743,41.91,,15280,60,8,10,2021,신규,26.07~28.09,,,,,
강남구,11680,자곡동,202606,아파트_전월세,LH수서2단지아파트,자곡동,138-2,36.84,,17265,19,11,10,2024,갱신,26.07~28.06,12348.0,42.0,,,
강남구,11680,논현동,202606,아파트_전월세,리스트강남,논현동,202-7,42.02,,13433,92,14,9,2022,갱신,26.08~28.08,12807.0,87.0,,,
강남구,11680,도곡동,202606,아파트_전월세,럭키(963),도곡동,963,84.97,,5000,208,4,8,1995,갱신,26.06~28.06,5000.0,197.0,사용,,
강남구,11680,자곡동,202606,아파트_전월세,LH수서2단지아파트,자곡동,138-2,36.84,,17265,19,4,10,2024,갱신,26.07~28.06,12348.0,42.0,,,
강남구,11680,삼성동,202606,아파트_전월세,현대아파트101동,삼성동,6,59.83,,68250,0,4,10,1999,신규,26.08~27.02,,,,,
강남구,11680,일원동,202606,아파트_전월세,상록스타힐스,일원동,688,59.963,,21605,147,8,9,2022,신규,26.07~28.07,,,,,
강남구,11680,논현동,202606,아파트_전월세,아츠논현,논현동,249-9,38.9885,,50000,60,19,9,2023,신규,26.06~28.06,,,,,
강남구,11680,일원동,202606,아파트_전월세,디에이치자이개포,일원동,743,41.91,,15280,60,24,10,2021,신규,26.07~28.09,,,,,
강남구,11680,수서동,202606,아파트_전월세,까치마을,수서동,746,34.44,,30000,0,6,10,1993,갱신,26.07~28.07,29000.0,,사용,,
강남구,11680,일원동,202606,아파트_전월세,디에이치자이개포,일원동,743,41.91,,15280,60,20,10,2021,신규,26.07~28.09,,,,,
강남구,11680,자곡동,202606,아파트_전월세,LH수서2단지아파트,자곡동,138-2,44.89,,23356,26,14,10,2024,갱신,26.07~28.06,16720.0,57.0,,,
강남구,11680,논현동,202606,아파트_전월세,루시아도산208,논현동,60,41.15,,58000,0,10,8,2023,신규,26.06~28.06,,,,,
강남구,11680,삼성동,202606,아파트_전월세,현대아파트101동,삼성동,6,59.83,,83500,0,4,10,1999,신규,27.03~29.03,,,,,
강남구,11680,압구정동,202606,아파트_전월세,"현대7차(73~77,82,85동)",압구정동,456,144.2,,10000,600,11,10,1979,신규,26.08~28.08,,,,,
강남구,11680,일원동,202606,아파트_전월세,디에이치자이개포,일원동,743,41.91,,15280,60,22,10,2021,신규,26.07~28.09,,,,,
강남구,11680,논현동,202606,아파트_전월세,리스트강남,논현동,202-7,45.45,,13513,92,13,10,2022,갱신,26.08~28.08,12883.0,83.0,,,
강남구,11680,일원동,202606,아파트_전월세,디에이치자이개포,일원동,743,41.91,,15280,60,11,10,2021,신규,26.07~28.09,,,,,
강남구,11680,개포동,202606,아파트_전월세,상지리츠빌,개포동,176-1,161.07,,20000,800,9,10,2003,갱신,26.08~28.08,20000.0,700.0,,,
강남구,11680,압구정동,202606,아파트_전월세,한양1차(영동한양),압구정동,490,78.05,,84000,0,10,10,1977,갱신,26.06~28.06,80000.0,,사용,,
강남구,11680,자곡동,202606,아파트_전월세,LH수서2단지아파트,자곡동,138-2,44.89,,17556,60,5,10,2024,갱신,26.07~28.06,16720.0,57.0,,,
강남구,11680,청담동,202606,아파트_전월세,청담자이,청담동,134-38,90.197,,10000,800,23,10,2011,신규,26.07~28.07,,,,,
강남구,11680,개포동,202606,아파트_전월세,개포주공6단지,개포동,185,83.21,,40000,0,13,10,1983,신규,26.07~28.07,,,,,
강남구,11680,세곡동,202606,아파트_전월세,세곡리엔파크(4단지),세곡동,522,84.95,,38399,0,7,10,2011,갱신,26.07~28.06,36571.0,,,,
강남구,11680,개포동,202606,아파트_전월세,새롬(1164-13),개포동,1164-13,59.67,,47000,0,5,9,2000,갱신,26.06~28.06,45000.0,,사용,,
강남구,11680,개포동,202606,아파트_전월세,성원대치2단지아파트,개포동,12,39.53,,55000,0,3,10,1992,갱신,26.08~28.08,47400.0,,,,
강남구,11680,역삼동,202606,아파트_전월세,역삼디오슈페리움,역삼동,832-5,84.34,,83000,0,18,8,2006,신규,26.07~28.07,,,,,
강남구,11680,개포동,202606,아파트_전월세,개포주공6단지,개포동,185,83.21,,40000,0,13,10,1983,신규,26.07~28.07,,,,,
강남구,11680,일원동,202606,아파트_전월세,푸른마을아파트101동~111동,일원동,719,59.76,,63000,20,5,4,1994,갱신,26.08~28.08,60000.0,20.0,사용,,
강남구,11680,역삼동,202606,아파트_전월세,역삼래미안,역삼동,757,59.4,,112000,0,18,3,2005,신규,26.08~28.08,,,,,
강남구,11680,자곡동,202606,아파트_전월세,LH수서2단지아파트,자곡동,138-2,36.84,,19206,21,3,10,2024,갱신,26.07~28.06,13720.0,47.0,,,
강남구,11680,압구정동,202606,아파트_전월세,"현대1차(12,13,21,22,31,32,33동)",압구정동,369-1,161.18,,160000,0,7,10,1976,신규,26.09~28.09,,,,,
강남구,11680,일원동,202606,아파트_전월세,디에이치자이개포,일원동,743,84.94,,160500,0,15,8,2021,갱신,26.06~27.11,160000.0,,사용,,
강남구,11680,역삼동,202606,아파트_전월세,강남센트럴아이파크,역삼동,902,84.99,,180000,0,28,10,2022,갱신,26.06~27.06,180000.0,,,,
강남구,11680,도곡동,202606,아파트_전월세,도곡2차I'PARK,도곡동,969,198.13,,159000,0,4,8,2006,갱신,26.06~28.06,152000.0,,사용,,
강남구,11680,자곡동,202606,아파트_전월세,LH수서2단지아파트,자곡동,138-2,44.66,,24500,36,4,10,2024,갱신,26.07~28.06,16640.0,57.0,,,
강남구,11680,일원동,202606,아파트_전월세,상록수,일원동,734,74.54,,84000,0,5,1,1993,신규,26.06~28.06,,,,,
강남구,11680,역삼동,202606,아파트_전월세,강남센트럴아이파크,역삼동,902,59.97,,60000,263,22,10,2022,갱신,26.08~28.08,60000.0,240.0,사용,,
강남구,11680,대치동,202606,아파트_전월세,테헤란로대우아이빌(891-6),대치동,891-6,29.02,,28000,0,23,10,2004,신규,26.06~28.06,,,,,
강남구,11680,대치동,202606,아파트_전월세,개포우성1,대치동,503,127.61,,70000,680,6,4,1983,신규,26.09~28.09,,,,,
강남구,11680,수서동,202606,아파트_전월세,신동아,수서동,736,33.18,,2000,87,12,10,1992,갱신,26.07~28.07,2000.0,82.0,,,
강남구,11680,일원동,202606,아파트_전월세,상록스타힐스,일원동,688,59.963,,43211,84,15,10,2022,신규,26.07~28.07,,,,,
강남구,11680,청담동,202606,아파트_전월세,청담아이파크,청담동,130,110.13,,160000,0,17,10,1992,갱신,26.08~28.08,150000.0,,,,
강남구,11680,개포동,202606,아파트_전월세,래미안블레스티지,개포동,1280,59.888,,20960,82,2,10,2019,신규,26.07~28.09,,,,,
강남구,11680,자곡동,202606,아파트_전월세,LH수서2단지아파트,자곡동,138-2,44.66,,22800,26,6,10,2024,갱신,26.07~28.06,16640.0,57.0,,,
강남구,11680,대치동,202606,아파트_전월세,선릉역대우아이빌(890-49),대치동,890-49,20.37,,1000,78,14,9,2004,신규,26.07~28.07,,,,,
강남구,11680,자곡동,202606,아파트_전월세,LH수서2단지아파트,자곡동,138-2,36.84,,17265,19,11,9,2024,갱신,26.07~28.06,12348.0,42.0,,,
강남구,11680,자곡동,202606,아파트_전월세,LH수서2단지아파트,자곡동,138-2,26.54,,13055,15,13,9,2024,갱신,26.07~28.06,9386.0,32.0,,,
강남구,11680,압구정동,202606,아파트_전월세,신현대12차,압구정동,434,110.82,,30000,215,12,10,1982,갱신,26.10~28.10,30000.0,200.0,사용,,
강남구,11680,개포동,202606,아파트_전월세,개포주공6단지,개포동,185,83.21,,10000,160,12,9,1983,신규,26.09~28.08,,,,,
강남구,11680,역삼동,202606,아파트_전월세,시티프라디움더강남2,역삼동,903,49.1882,,75000,0,3,5,2022,신규,26.07~28.06,,,,,
강남구,11680,역삼동,202606,아파트_전월세,역삼푸르지오,역삼동,754-1,84.9097,,132000,0,2,9,2006,신규,26.08~28.08,,,,,
강남구,11680,자곡동,202606,아파트_전월세,LH수서2단지아파트,자곡동,138-2,44.89,,23356,26,8,10,2024,갱신,26.07~28.06,16720.0,57.0,,,
강남구,11680,자곡동,202606,아파트_전월세,LH수서2단지아파트,자곡동,138-2,44.89,,23356,26,3,10,2024,갱신,26.07~28.06,16720.0,57.0,,,
강남구,11680,대치동,202606,아파트_전월세,월드빌,대치동,950-3,107.26,,35000,100,2,6,2004,신규,26.09~28.09,,,,,
강남구,11680,도곡동,202606,아파트_전월세,도곡렉슬,도곡동,527,84.9984,,150000,0,13,9,2006,갱신,26.07~27.02,150000.0,,,,
강남구,11680,자곡동,202606,아파트_전월세,LH수서2단지아파트,자곡동,138-2,44.66,,22800,26,4,9,2024,갱신,26.07~28.06,16640.0,57.0,,,
강남구,11680,자곡동,202606,아파트_전월세,LH수서2단지아파트,자곡동,138-2,36.84,,16665,23,7,9,2024,갱신,26.07~28.06,12348.0,42.0,,,
강남구,11680,자곡동,202606,아파트_전월세,LH수서2단지아파트,자곡동,138-2,14.69,,6527,7,9,9,2024,갱신,26.07~28.06,4692.0,16.0,,,
강남구,11680,역삼동,202606,아파트_전월세,테헤란아이파크,역삼동,709-5,92.6232,,100000,260,16,9,2014,신규,26.07~28.07,,,,,
강남구,11680,자곡동,202606,아파트_전월세,래미안포레,자곡동,687,59.97,,29015,0,11,9,2014,갱신,26.07~28.06,27634.0,,,,
강남구,11680,자곡동,202606,아파트_전월세,LH수서2단지아파트,자곡동,138-2,36.84,,19206,21,1,9,2024,갱신,26.07~28.06,13720.0,47.0,,,
강남구,11680,일원동,202606,아파트_전월세,우성7,일원동,615,83.69,,60000,120,5,9,1987,신규,26.08~28.08,,,,,
강남구,11680,자곡동,202606,아파트_전월세,LH수서2단지아파트,자곡동,138-2,14.69,,6627,7,12,9,2024,갱신,26.07~28.06,4968.0,17.0,,,
강남구,11680,자곡동,202606,아파트_전월세,LH수서2단지아파트,자곡동,138-2,14.69,,6916,8,5,9,2024,갱신,26.07~28.06,4968.0,17.0,,,
강남구,11680,도곡동,202606,아파트_전월세,현대비젼21,도곡동,467-19,32.65,,36000,0,22,9,1999,갱신,26.10~28.10,27563.0,,,,
강남구,11680,세곡동,202606,아파트_전월세,강남엘에이치1단지,세곡동,579,59.99,,66000,40,8,4,2013,갱신,26.09~28.09,66000.0,,,,
강남구,11680,자곡동,202606,아파트_전월세,LH수서2단지아파트,자곡동,138-2,36.84,,16245,19,10,9,2024,갱신,26.07~28.06,15662.0,17.0,,,
강남구,11680,도곡동,202606,아파트_전월세,아카데미스위트1,도곡동,467-7,83.19,,63000,166,39,2,2004,갱신,26.06~28.06,60000.0,160.0,사용,,
강남구,11680,청담동,202606,아파트_전월세,청담동삼성1차(101동),청담동,33,84.57,,91000,0,9,9,1997,갱신,26.07~28.07,87000.0,,사용,,
강남구,11680,역삼동,202606,아파트_전월세,역삼자이,역삼동,711-3,84.993,,120000,140,23,9,2016,신규,26.07~28.07,,,,,
강남구,11680,개포동,202606,아파트_전월세,성원대치2단지아파트,개포동,12,39.53,,35000,0,2,9,1992,갱신,26.06~28.06,35000.0,,사용,,
강남구,11680,일원동,202606,아파트_전월세,상록스타힐스,일원동,688,46.855,,11143,130,11,9,2022,신규,26.07~28.07,,,,,
강남구,11680,일원동,202606,아파트_전월세,상록스타힐스,일원동,688,59.963,,14403,168,6,9,2022,신규,26.07~28.06,,,,,
강남구,11680,자곡동,202606,아파트_전월세,LH수서2단지아파트,자곡동,138-2,36.84,,12965,44,5,9,2024,갱신,26.07~28.06,12348.0,42.0,,,
강남구,11680,개포동,202606,아파트_전월세,성원대치2단지아파트,개포동,12,39.53,,44000,0,3,3,1992,갱신,26.10~28.10,42000.0,,사용,,
강남구,11680,자곡동,202606,아파트_전월세,LH수서2단지아파트,자곡동,138-2,14.69,,6816,8,1,9,2024,갱신,26.07~28.06,4692.0,16.0,,,
강남구,11680,자곡동,202606,아파트_전월세,LH수서2단지아파트,자곡동,138-2,14.69,,6916,8,9,9,2024,갱신,26.07~28.06,4968.0,17.0,,,
강남구,11680,자곡동,202606,아파트_전월세,LH수서2단지아파트,자곡동,138-2,36.6,,17080,19,6,9,2024,갱신,26.07~28.06,12348.0,42.0,,,
강남구,11680,자곡동,202606,아파트_전월세,LH수서2단지아파트,자곡동,138-2,44.89,,5112,107,5,9,2024,갱신,26.07~28.06,16720.0,57.0,,,
강남구,11680,자곡동,202606,아파트_전월세,LH수서2단지아파트,자곡동,138-2,14.69,,6527,7,7,9,2024,갱신,26.07~28.06,4692.0,16.0,,,
강남구,11680,논현동,202606,아파트_전월세,리스트강남,논현동,202-7,14.31,,6935,50,3,2,2022,갱신,26.07~28.07,6612.0,45.0,,,
강남구,11680,대치동,202606,아파트_전월세,테헤란로대우아이빌(891-6),대치동,891-6,59.83,,3000,260,12,8,2004,신규,26.06~27.06,,,,,
강남구,11680,청담동,202606,아파트_전월세,신동아,청담동,134-16,84.94,,20000,192,1,1,1997,갱신,26.07~28.07,20000.0,180.0,,,
강남구,11680,자곡동,202606,아파트_전월세,LH수서2단지아파트,자곡동,138-2,14.69,,6816,8,15,9,2024,갱신,26.07~28.06,4692.0,16.0,,,
강남구,11680,자곡동,202606,아파트_전월세,LH수서2단지아파트,자곡동,138-2,36.6,,18358,24,4,9,2024,갱신,26.07~28.06,12348.0,42.0,,,
강남구,11680,자곡동,202606,아파트_전월세,LH수서2단지아파트,자곡동,138-2,44.89,,23356,26,14,9,2024,갱신,26.07~28.06,16720.0,57.0,,,
강남구,11680,세곡동,202606,아파트_전월세,세곡리엔파크(3단지),세곡동,516,84.96,,45580,0,11,9,2011,갱신,26.07~28.06,43410.0,,,,
강남구,11680,대치동,202606,아파트_전월세,"대치우성아파트1동,2동,3동,5동,6동,7동",대치동,63,115.59,,94000,0,11,2,1984,갱신,26.06~28.06,90000.0,,사용,,
강남구,11680,개포동,202606,아파트_전월세,개포래미안포레스트,개포동,1282,74.66,,127000,0,19,8,2020,신규,26.09~28.09,,,,,
강남구,11680,삼성동,202606,아파트_전월세,삼성동씨엘케이,삼성동,3-2,99.47,,110000,40,7,6,2002,신규,26.07~28.07,,,,,
강남구,11680,개포동,202606,아파트_전월세,성원대치2단지아파트,개포동,12,39.53,,50000,0,2,6,1992,신규,26.08~28.08,,,,,
강남구,11680,자곡동,202606,아파트_전월세,LH수서2단지아파트,자곡동,138-2,14.69,,6916,8,2,9,2024,갱신,26.07~28.06,4968.0,17.0,,,
강남구,11680,대치동,202606,아파트_전월세,래미안대치하이스턴,대치동,985,110.39,,157500,0,8,2,1989,갱신,26.06~28.06,150000.0,,사용,,
강남구,11680,일원동,202606,아파트_전월세,상록수,일원동,734,84.95,,83000,0,5,6,1993,신규,26.08~28.08,,,,,
강남구,11680,일원동,202606,아파트_전월세,푸른마을아파트101동~111동,일원동,719,59.76,,70000,0,6,4,1994,갱신,26.07~28.07,70000.0,,,,
강남구,11680,도곡동,202606,아파트_전월세,래미안도곡카운티,도곡동,538-3,106.78,,205000,0,5,8,2016,신규,26.09~28.09,,,,,
강남구,11680,자곡동,202606,아파트_전월세,LH수서2단지아파트,자곡동,138-2,36.84,,17265,19,13,8,2024,갱신,26.07~28.06,12348.0,42.0,,,
강남구,11680,자곡동,202606,아파트_전월세,LH수서2단지아파트,자곡동,138-2,14.69,,6916,8,13,8,2024,갱신,26.07~28.06,4968.0,17.0,,,
강남구,11680,자곡동,202606,아파트_전월세,LH수서2단지아파트,자곡동,138-2,36.84,,19858,28,9,8,2024,갱신,26.07~28.06,12348.0,42.0,,,
강남구,11680,자곡동,202606,아파트_전월세,LH수서2단지아파트,자곡동,138-2,36.84,,16665,23,11,9,2024,갱신,26.07~28.06,12348.0,42.0,,,
강남구,11680,일원동,202606,아파트_전월세,상록스타힐스,일원동,688,46.855,,33431,65,7,8,2022,신규,26.07~28.07,,,,,
강남구,11680,자곡동,202606,아파트_전월세,LH수서2단지아파트,자곡동,138-2,36.84,,14865,33,6,9,2024,갱신,26.07~28.06,12348.0,42.0,,,
강남구,11680,역삼동,202606,아파트_전월세,강남센트럴아이파크,역삼동,902,84.99,,155000,40,21,6,2022,신규,26.08~28.08,,,,,
강남구,11680,역삼동,202606,아파트_전월세,역삼2차아이파크,역삼동,765-32,84.891,,20000,440,23,4,2008,신규,26.08~28.07,,,,,
강남구,11680,수서동,202606,아파트_전월세,신동아,수서동,736,33.18,,10000,120,4,6,1992,신규,26.07~28.07,,,,,
강남구,11680,역삼동,202606,아파트_전월세,e-편한세상,역삼동,755-4,84.675,,140000,0,2,6,2005,신규,26.08~28.08,,,,,
강남구,11680,도곡동,202606,아파트_전월세,도곡렉슬,도곡동,527,120.8233,,216000,0,16,4,2006,신규,26.09~28.09,,,,,
강남구,11680,역삼동,202606,아파트_전월세,역삼래미안,역삼동,757,59.53,,73500,74,7,6,2005,갱신,26.07~28.07,70000.0,70.0,사용,,
강남구,11680,도곡동,202606,아파트_전월세,도곡렉슬,도곡동,527,84.9984,,155000,0,6,6,2006,신규,26.08~28.08,,,,,
강남구,11680,자곡동,202606,아파트_전월세,LH수서2단지아파트,자곡동,138-2,36.84,,17265,19,6,8,2024,갱신,26.07~28.06,12348.0,42.0,,,
강남구,11680,자곡동,202606,아파트_전월세,LH수서2단지아파트,자곡동,138-2,36.84,,17265,19,9,8,2024,갱신,26.07~28.06,12348.0,42.0,,,
강남구,11680,자곡동,202606,아파트_전월세,LH수서2단지아파트,자곡동,138-2,36.84,,17265,19,9,8,2024,갱신,26.07~28.06,12348.0,42.0,,,
강남구,11680,삼성동,202606,아파트_전월세,그라나다,삼성동,45-5,45.24,,50000,0,3,8,2002,신규,26.09~28.09,,,,,
강남구,11680,역삼동,202606,아파트_전월세,테헤란아이파크,역삼동,709-5,84.641,,10000,500,9,4,2014,신규,26.06~28.06,,,,,
강남구,11680,도곡동,202606,아파트_전월세,중명하니빌,도곡동,965,34.1,,20000,0,4,6,1997,신규,26.08~28.08,,,,,
강남구,11680,자곡동,202606,아파트_전월세,LH수서2단지아파트,자곡동,138-2,36.84,,17265,19,7,9,2024,갱신,26.07~28.06,12348.0,42.0,,,
강남구,11680,자곡동,202606,아파트_전월세,LH수서2단지아파트,자곡동,138-2,36.84,,18706,24,9,8,2024,갱신,26.07~28.06,12348.0,42.0,,,
강남구,11680,자곡동,202606,아파트_전월세,LH수서2단지아파트,자곡동,138-2,44.66,,22800,26,2,8,2024,갱신,26.07~28.06,16640.0,57.0,,,
강남구,11680,수서동,202606,아파트_전월세,신동아,수서동,736,39.53,,34120,0,13,4,1992,신규,26.08~27.08,,,,,
강남구,11680,논현동,202606,아파트_전월세,선정릉역모아엘가퍼스트홈,논현동,278-4,14.16,,7217,36,11,8,2023,신규,26.06~28.06,,,,,
강남구,11680,세곡동,202606,아파트_전월세,세곡푸르지오,세곡동,533,84.83,,87000,0,12,8,2012,신규,26.08~28.08,,,,,
강남구,11680,자곡동,202606,아파트_전월세,LH수서2단지아파트,자곡동,138-2,44.89,,23356,26,2,8,2024,갱신,26.07~28.06,16720.0,57.0,,,
강남구,11680,도곡동,202606,아파트_전월세,현대비젼21,도곡동,467-19,32.65,,5000,68,23,5,1999,신규,26.08~28.08,,,,,
강남구,11680,역삼동,202606,아파트_전월세,더원역삼,역삼동,738-29,17.64,,6400,42,5,1,2023,신규,26.07~28.07,,,,,
강남구,11680,자곡동,202606,아파트_전월세,LH수서2단지아파트,자곡동,138-2,44.89,,23356,26,7,8,2024,갱신,26.07~28.06,16720.0,57.0,,,
강남구,11680,삼성동,202606,아파트_전월세,석탑아파트101동,삼성동,3-3,84.6,,10000,380,6,3,1996,신규,26.07~28.07,,,,,
강남구,11680,자곡동,202606,아파트_전월세,LH수서2단지아파트,자곡동,138-2,36.84,,17265,19,15,8,2024,갱신,26.07~28.06,12348.0,42.0,,,
강남구,11680,압구정동,202606,아파트_전월세,신현대12차,압구정동,434,155.52,,150000,0,12,2,1982,신규,26.09~28.09,,,,,
강남구,11680,일원동,202606,아파트_전월세,우성7,일원동,615,83.69,,75600,0,11,2,1987,갱신,26.06~28.06,72000.0,,사용,,
강남구,11680,삼성동,202606,아파트_전월세,아크로삼성,삼성동,79,92,,250000,0,16,3,2025,신규,26.06~28.06,,,,,
강남구,11680,개포동,202606,아파트_전월세,현대2,개포동,654,131.83,,105000,0,7,8,1986,갱신,26.08~28.08,100000.0,,사용,,
강남구,11680,자곡동,202606,아파트_전월세,LH수서2단지아파트,자곡동,138-2,36.6,,18358,24,3,8,2024,갱신,26.07~28.06,12348.0,42.0,,,
강남구,11680,개포동,202606,아파트_전월세,래미안블레스티지,개포동,1280,84.94,,150000,0,9,2,2019,신규,26.07~28.07,,,,,
강남구,11680,자곡동,202606,아파트_전월세,LH수서2단지아파트,자곡동,138-2,36.84,,19206,21,3,8,2024,갱신,26.07~28.06,13720.0,47.0,,,
강남구,11680,자곡동,202606,아파트_전월세,LH수서2단지아파트,자곡동,138-2,44.89,,23356,26,9,8,2024,갱신,26.07~28.06,16720.0,57.0,,,
강남구,11680,세곡동,202606,아파트_전월세,세곡리엔파크(3단지),세곡동,516,84.97,,38399,0,6,8,2011,갱신,26.07~28.06,36571.0,,,,
강남구,11680,자곡동,202606,아파트_전월세,LH수서2단지아파트,자곡동,138-2,44.66,,22800,26,4,8,2024,갱신,26.07~28.06,16640.0,57.0,,,
강남구,11680,역삼동,202606,아파트_전월세,한화진넥스빌,역삼동,706-20,41.68,,28000,0,23,7,2001,신규,26.06~28.06,,,,,
강남구,11680,역삼동,202606,아파트_전월세,역삼래미안,역삼동,757,59.4,,20000,330,8,6,2005,갱신,26.09~28.09,50000.0,190.0,,,
강남구,11680,역삼동,202606,아파트_전월세,래미안그레이튼(진달래2차),역삼동,762-3,84.87,,110000,120,5,5,2010,신규,26.08~28.08,,,,,
강남구,11680,청담동,202606,아파트_전월세,한신오페라하우스,청담동,35-47,84.89,,97650,0,7,6,2003,갱신,26.08~28.09,93000.0,,사용,,
강남구,11680,도곡동,202606,아파트_전월세,도곡렉슬,도곡동,527,84.9231,,163000,0,14,6,2006,신규,26.09~28.09,,,,,
강남구,11680,일원동,202606,아파트_전월세,가람,일원동,735,84.95,,90000,0,3,8,1993,갱신,26.07~28.07,90000.0,,,,
강남구,11680,대치동,202606,아파트_전월세,대치삼성,대치동,1014-3,84.58,,145000,0,12,8,2000,신규,26.08~28.08,,,,,
강남구,11680,개포동,202606,아파트_전월세,디에이치아너힐즈,개포동,1281,76.1709,,85000,260,24,5,2019,갱신,26.08~28.08,50000.0,330.0,,,
강남구,11680,개포동,202606,아파트_전월세,개포자이프레지던스,개포동,1284,59.8363,,70000,270,19,4,2023,신규,26.08~28.08,,,,,
강남구,11680,개포동,202606,아파트_전월세,개포래미안포레스트,개포동,1282,84.86,,142000,0,9,2,2020,신규,26.06~28.06,,,,,
강남구,11680,자곡동,202606,아파트_전월세,LH수서2단지아파트,자곡동,138-2,36.84,,17265,19,11,8,2024,갱신,26.07~28.06,12348.0,42.0,,,
강남구,11680,개포동,202606,아파트_전월세,개포래미안포레스트,개포동,1282,59.92,,50000,270,18,5,2020,신규,26.08~28.08,,,,,
강남구,11680,자곡동,202606,아파트_전월세,LH수서2단지아파트,자곡동,138-2,26.54,,10381,11,6,8,2024,갱신,26.07~28.06,7410.0,25.0,,,
강남구,11680,대치동,202606,아파트_전월세,대치아이파크,대치동,888,119.58,,215000,0,8,1,2008,갱신,26.07~28.07,180000.0,,,,
강남구,11680,일원동,202606,아파트_전월세,상록스타힐스,일원동,688,59.592,,29109,57,3,6,2022,신규,26.07~28.07,,,,,
강남구,11680,개포동,202606,아파트_전월세,디에이치아너힐즈,개포동,1281,94.2875,,185000,0,9,4,2019,갱신,26.07~28.07,180000.0,,사용,,
강남구,11680,일원동,202606,아파트_전월세,상록스타힐스,일원동,688,46.855,,27859,81,3,5,2022,신규,26.06~28.06,,,,,
강남구,11680,논현동,202606,아파트_전월세,한진로즈힐,논현동,105-4,84.94,,65000,54,2,6,2004,갱신,26.06~28.06,65000.0,40.0,,,
강남구,11680,자곡동,202606,아파트_전월세,LH수서2단지아파트,자곡동,138-2,36.84,,17265,19,10,8,2024,갱신,26.07~28.06,12348.0,42.0,,,
강남구,11680,자곡동,202606,아파트_전월세,LH수서2단지아파트,자곡동,138-2,36.84,,16965,21,11,8,2024,갱신,26.07~28.06,11662.0,40.0,,,
강남구,11680,역삼동,202606,아파트_전월세,현대휴먼터치빌,역삼동,606-18,35.88,,24000,0,5,4,1999,신규,26.07~28.07,,,,,
강남구,11680,대치동,202606,아파트_전월세,은마,대치동,316,84.43,,80000,0,12,6,1979,갱신,26.07~28.07,77000.0,,,,
강남구,11680,자곡동,202606,아파트_전월세,LH수서2단지아파트,자곡동,138-2,36.84,,16245,19,5,8,2024,갱신,26.07~28.06,12348.0,42.0,,,
강남구,11680,자곡동,202606,아파트_전월세,LH수서2단지아파트,자곡동,138-2,14.69,,6916,8,2,8,2024,갱신,26.07~28.06,4968.0,17.0,,,
강남구,11680,세곡동,202606,아파트_전월세,강남엘에이치1단지,세곡동,579,59.89,,66150,0,5,6,2013,갱신,26.06~28.06,63000.0,,사용,,
강남구,11680,청담동,202606,아파트_전월세,청담자이,청담동,134-38,89.115,,50000,600,14,7,2011,신규,26.07~28.07,,,,,
강남구,11680,세곡동,202606,아파트_전월세,강남엘에이치1단지,세곡동,579,59.89,,52200,0,3,6,2013,신규,26.07~26.11,,,,,
강남구,11680,개포동,202606,아파트_전월세,성원대치2단지아파트,개포동,12,49.86,,38000,150,7,8,1992,갱신,26.08~26.11,38000.0,40.0,,,
강남구,11680,도곡동,202606,아파트_전월세,도곡렉슬,도곡동,527,59.9818,,120000,0,23,6,2006,신규,26.09~28.09,,,,,
강남구,11680,도곡동,202606,아파트_전월세,도곡렉슬,도곡동,527,59.9772,,98500,0,17,6,2006,신규,26.06~28.06,,,,,
강남구,11680,일원동,202606,아파트_전월세,푸른마을아파트101동~111동,일원동,719,84.93,,60000,180,3,6,1994,신규,26.08~28.08,,,,,
강남구,11680,자곡동,202606,아파트_전월세,LH수서2단지아파트,자곡동,138-2,36.84,,17265,19,7,8,2024,갱신,26.07~28.06,12348.0,42.0,,,
강남구,11680,자곡동,202606,아파트_전월세,LH수서2단지아파트,자곡동,138-2,36.84,,17265,19,10,8,2024,갱신,26.07~28.06,12348.0,42.0,,,
강남구,11680,논현동,202606,아파트_전월세,리스트강남,논현동,202-7,14.29,,6935,50,7,1,2022,갱신,26.07~28.07,6612.0,45.0,,,
강남구,11680,압구정동,202606,아파트_전월세,미성2차,압구정동,397,74.4,,86000,0,17,5,1987,신규,26.08~28.08,,,,,
강남구,11680,대치동,202606,아파트_전월세,한보미도맨션1,대치동,511,84.48,,105000,0,13,5,1983,신규,26.07~28.07,,,,,
강남구,11680,자곡동,202606,아파트_전월세,LH수서2단지아파트,자곡동,138-2,36.84,,8658,73,12,8,2024,갱신,26.07~28.06,12348.0,42.0,,,
강남구,11680,자곡동,202606,아파트_전월세,LH수서2단지아파트,자곡동,138-2,26.54,,14304,20,6,8,2024,갱신,26.07~28.06,8892.0,30.0,,,
강남구,11680,자곡동,202606,아파트_전월세,LH수서2단지아파트,자곡동,138-2,36.84,,17265,19,8,6,2024,갱신,26.07~28.06,12348.0,42.0,,,
강남구,11680,자곡동,202606,아파트_전월세,강남자곡 힐스테이트,자곡동,619,59.93,,5000,270,12,6,2015,신규,26.08~28.08,,,,,
강남구,11680,자곡동,202606,아파트_전월세,LH수서2단지아파트,자곡동,138-2,36.84,,16965,21,10,5,2024,갱신,26.07~28.06,12348.0,42.0,,,
강남구,11680,자곡동,202606,아파트_전월세,LH수서2단지아파트,자곡동,138-2,36.84,,19858,28,4,8,2024,갱신,26.07~28.06,12348.0,42.0,,,
강남구,11680,자곡동,202606,아파트_전월세,LH수서2단지아파트,자곡동,138-2,26.54,,13055,15,9,6,2024,갱신,26.07~28.06,9386.0,32.0,,,
강남구,11680,역삼동,202606,아파트_전월세,역삼래미안,역삼동,757,80.87,,140000,0,6,6,2005,신규,26.09~28.09,,,,,
강남구,11680,자곡동,202606,아파트_전월세,LH수서2단지아파트,자곡동,138-2,36.6,,17080,19,6,7,2024,갱신,26.07~28.06,12348.0,42.0,,,
강남구,11680,일원동,202606,아파트_전월세,가람,일원동,735,84.95,,70000,80,3,6,1993,갱신,26.06~28.02,70000.0,80.0,사용,,
강남구,11680,도곡동,202606,아파트_전월세,도곡쌍용예가,도곡동,933,107.53,,90000,160,12,3,1978,신규,26.07~28.07,,,,,
강남구,11680,일원동,202606,아파트_전월세,수서,일원동,711,49.68,,51450,0,15,6,1992,갱신,26.06~28.06,49000.0,,사용,,
강남구,11680,일원동,202606,아파트_전월세,상록스타힐스,일원동,688,59.592,,33960,42,4,5,2022,신규,26.06~28.06,,,,,
강남구,11680,자곡동,202606,아파트_전월세,LH수서2단지아파트,자곡동,138-2,14.69,,927,28,4,8,2024,갱신,26.07~28.06,4692.0,16.0,,,
강남구,11680,자곡동,202606,아파트_전월세,LH수서2단지아파트,자곡동,138-2,44.66,,2800,101,4,6,2024,갱신,26.07~28.06,16640.0,57.0,,,
강남구,11680,도곡동,202606,아파트_전월세,한라비발디,도곡동,972,84.8861,,116500,0,11,6,2016,갱신,26.07~28.07,111000.0,,사용,,
강남구,11680,율현동,202606,아파트_전월세,강남한신휴플러스6단지,율현동,365,84.83,,10000,300,2,5,2015,신규,26.08~28.08,,,,,
강남구,11680,개포동,202606,아파트_전월세,성원대치2단지아파트,개포동,12,49.86,,70000,0,13,5,1992,신규,26.07~28.07,,,,,
강남구,11680,자곡동,202606,아파트_전월세,LH수서2단지아파트,자곡동,138-2,14.69,,6527,7,15,5,2024,갱신,26.07~28.06,4692.0,16.0,,,
강남구,11680,일원동,202606,아파트_전월세,수서,일원동,711,59.96,,10000,210,10,5,1992,갱신,26.08~28.08,10000.0,160.0,,,
강남구,11680,개포동,202606,아파트_전월세,개포래미안포레스트,개포동,1282,84.83,,131250,0,20,5,2020,갱신,26.08~28.08,125000.0,,사용,,
강남구,11680,청담동,202606,아파트_전월세,진흥아파트,청담동,65,145.69,,140000,0,15,5,1984,신규,26.09~28.09,,,,,
강남구,11680,개포동,202606,아파트_전월세,성원대치2단지아파트,개포동,12,39.53,,5000,180,2,5,1992,신규,26.07~28.07,,,,,
강남구,11680,자곡동,202606,아파트_전월세,LH수서2단지아파트,자곡동,138-2,44.9,,24940,32,8,5,2024,갱신,26.07~28.06,16720.0,57.0,,,
강남구,11680,자곡동,202606,아파트_전월세,래미안포레,자곡동,687,59.97,,40398,0,1,5,2014,갱신,26.07~28.06,38475.0,,,,
강남구,11680,도곡동,202606,아파트_전월세,도곡렉슬,도곡동,527,84.9231,,20000,550,3,1,2006,신규,26.08~28.08,,,,,
강남구,11680,자곡동,202606,아파트_전월세,LH수서2단지아파트,자곡동,138-2,44.89,,23356,26,6,5,2024,갱신,26.07~28.06,16720.0,57.0,,,
강남구,11680,자곡동,202606,아파트_전월세,래미안포레,자곡동,687,59.97,,40398,0,9,5,2014,갱신,26.07~28.06,38475.0,,,,
강남구,11680,논현동,202606,아파트_전월세,동현아파트1~6,논현동,105,84.92,,72500,0,11,4,1985,갱신,26.06~28.07,69000.0,,,,
강남구,11680,자곡동,202606,아파트_전월세,LH수서2단지아파트,자곡동,138-2,14.69,,6627,7,1,5,2024,갱신,26.07~28.06,4968.0,17.0,,,
강남구,11680,역삼동,202606,아파트_전월세,강남센트럴아이파크,역삼동,902,155.144,,273000,0,15,2,2022,갱신,26.08~28.08,260000.0,,사용,,
강남구,11680,압구정동,202606,아파트_전월세,한양8(81동한개동),압구정동,510,210.1,,100000,700,7,5,1984,갱신,26.06~28.06,70000.0,650.0,,,
강남구,11680,역삼동,202606,아파트_전월세,우림루미아트1,역삼동,706-11,24,,17700,0,8,1,2003,신규,26.07~28.07,,,,,
강남구,11680,논현동,202606,아파트_전월세,리스트강남,논현동,202-7,45.45,,16891,77,15,4,2022,갱신,26.07~28.07,12883.0,83.0,,,
강남구,11680,개포동,202606,아파트_전월세,삼익대청아파트,개포동,12,60,,52250,0,10,5,1992,갱신,26.07~28.07,49770.0,,,,
강남구,11680,개포동,202606,아파트_전월세,개포더샵트리에,개포동,651-1,108.2017,,138500,0,9,5,2021,갱신,26.06~29.02,135000.0,,,,
강남구,11680,일원동,202606,아파트_전월세,디에이치자이개포,일원동,743,84.66,,165000,0,6,4,2021,신규,26.08~28.08,,,,,
강남구,11680,자곡동,202606,아파트_전월세,LH수서2단지아파트,자곡동,138-2,36.84,,16965,21,7,5,2024,갱신,26.07~28.06,11662.0,40.0,,,
강남구,11680,자곡동,202606,아파트_전월세,LH수서2단지아파트,자곡동,138-2,36.84,,17265,19,1,5,2024,갱신,26.07~28.06,12348.0,42.0,,,
강남구,11680,자곡동,202606,아파트_전월세,LH수서2단지아파트,자곡동,138-2,36.84,,17265,19,5,5,2024,갱신,26.07~28.06,12348.0,42.0,,,
강남구,11680,개포동,202606,아파트_전월세,성원대치2단지아파트,개포동,12,33.18,,39000,0,10,3,1992,신규,26.07~28.07,,,,,
강남구,11680,압구정동,202606,아파트_전월세,"현대1차(12,13,21,22,31,32,33동)",압구정동,369-1,131.49,,130000,0,12,2,1976,신규,26.08~28.08,,,,,
강남구,11680,자곡동,202606,아파트_전월세,LH수서2단지아파트,자곡동,138-2,44.89,,23356,26,5,4,2024,갱신,26.07~28.06,16720.0,57.0,,,
강남구,11680,개포동,202606,아파트_전월세,성원대치2단지아파트,개포동,12,49.86,,53500,0,11,4,1992,갱신,26.07~28.07,51000.0,,사용,,
강남구,11680,자곡동,202606,아파트_전월세,LH수서2단지아파트,자곡동,138-2,36.84,,17265,19,8,4,2024,갱신,26.07~28.06,12348.0,42.0,,,
강남구,11680,자곡동,202606,아파트_전월세,LH수서2단지아파트,자곡동,138-2,36.84,,17265,19,7,4,2024,갱신,26.07~28.06,12348.0,42.0,,,
강남구,11680,자곡동,202606,아파트_전월세,LH수서2단지아파트,자곡동,138-2,36.6,,17080,19,3,5,2024,갱신,26.07~28.06,12348.0,42.0,,,
강남구,11680,자곡동,202606,아파트_전월세,LH수서2단지아파트,자곡동,138-2,44.89,,23356,26,9,5,2024,갱신,26.07~28.06,16720.0,57.0,,,
강남구,11680,자곡동,202606,아파트_전월세,LH수서2단지아파트,자곡동,138-2,36.84,,16545,17,8,4,2024,갱신,26.07~28.06,12348.0,42.0,,,
강남구,11680,일원동,202606,아파트_전월세,상록스타힐스,일원동,688,59.963,,14403,168,19,5,2022,신규,26.07~28.07,,,,,
강남구,11680,대치동,202606,아파트_전월세,"대치우성아파트1동,2동,3동,5동,6동,7동",대치동,63,84.69,,70375,0,2,2,1984,갱신,26.07~28.07,67000.0,,,,
강남구,11680,자곡동,202606,아파트_전월세,LH수서2단지아파트,자곡동,138-2,14.69,,6916,8,11,4,2024,갱신,26.07~28.06,4968.0,17.0,,,
강남구,11680,대치동,202606,아파트_전월세,대치삼성,대치동,1014-3,97.35,,50000,470,8,5,2000,신규,26.08~28.08,,,,,
강남구,11680,자곡동,202606,아파트_전월세,LH수서2단지아파트,자곡동,138-2,14.69,,6816,8,15,5,2024,갱신,26.07~28.06,4692.0,16.0,,,
강남구,11680,자곡동,202606,아파트_전월세,LH수서2단지아파트,자곡동,138-2,36.84,,17265,19,8,5,2024,갱신,26.07~28.06,12348.0,42.0,,,
강남구,11680,자곡동,202606,아파트_전월세,LH수서2단지아파트,자곡동,138-2,36.6,,17070,17,4,5,2024,갱신,26.07~28.06,12348.0,42.0,,,
강남구,11680,자곡동,202606,아파트_전월세,LH수서2단지아파트,자곡동,138-2,36.84,,15558,53,10,5,2024,갱신,26.07~28.06,12348.0,42.0,,,
강남구,11680,자곡동,202606,아파트_전월세,LH수서2단지아파트,자곡동,138-2,36.84,,11165,50,6,4,2024,갱신,26.07~28.06,12348.0,42.0,,,
강남구,11680,자곡동,202606,아파트_전월세,LH수서2단지아파트,자곡동,138-2,36.84,,17265,19,9,5,2024,갱신,26.07~28.06,12348.0,42.0,,,
강남구,11680,일원동,202606,아파트_전월세,상록스타힐스,일원동,688,29.497,,24278,30,7,2,2022,신규,26.07~28.07,,,,,
강남구,11680,청담동,202606,아파트_전월세,청담스위트,청담동,34-13,13.639,,19000,0,9,3,2015,갱신,26.07~28.07,19000.0,,사용,,
강남구,11680,일원동,202606,아파트_전월세,상록스타힐스,일원동,688,29.497,,24278,30,2,4,2022,신규,26.07~28.07,,,,,
강남구,11680,자곡동,202606,아파트_전월세,LH수서2단지아파트,자곡동,138-2,36.84,,17265,19,10,5,2024,갱신,26.07~28.06,12348.0,42.0,,,
강남구,11680,자곡동,202606,아파트_전월세,LH수서2단지아파트,자곡동,138-2,26.54,,13474,17,3,4,2024,갱신,26.07~28.06,8892.0,30.0,,,
강남구,11680,압구정동,202606,아파트_전월세,한양1차(영동한양),압구정동,490,63.87,,65100,0,11,4,1977,갱신,26.06~28.06,62000.0,,사용,,
강남구,11680,청담동,202606,아파트_전월세,한신오페라하우스,청담동,35-47,100.84,,120000,0,12,2,2003,신규,26.07~28.07,,,,,
강남구,11680,자곡동,202606,아파트_전월세,LH수서2단지아파트,자곡동,138-2,44.89,,17556,60,1,4,2024,갱신,26.07~28.06,16720.0,57.0,,,
강남구,11680,자곡동,202606,아파트_전월세,LH수서2단지아파트,자곡동,138-2,36.84,,17265,19,5,4,2024,갱신,26.07~28.06,12348.0,42.0,,,
강남구,11680,자곡동,202606,아파트_전월세,LH수서2단지아파트,자곡동,138-2,36.6,,17080,19,3,4,2024,갱신,26.07~28.06,12348.0,42.0,,,
강남구,11680,자곡동,202606,아파트_전월세,LH수서2단지아파트,자곡동,138-2,36.6,,11370,44,5,5,2024,갱신,26.07~28.06,12348.0,42.0,,,
강남구,11680,자곡동,202606,아파트_전월세,LH수서2단지아파트,자곡동,138-2,14.69,,6627,7,12,5,2024,갱신,26.07~28.06,4968.0,17.0,,,
강남구,11680,자곡동,202606,아파트_전월세,LH수서2단지아파트,자곡동,138-2,36.84,,17265,19,12,4,2024,갱신,26.07~28.06,12348.0,42.0,,,
강남구,11680,일원동,202606,아파트_전월세,가람,일원동,735,84.95,,60000,120,3,4,1993,신규,26.08~28.08,,,,,
강남구,11680,자곡동,202606,아파트_전월세,LH수서2단지아파트,자곡동,138-2,36.84,,17265,19,15,4,2024,갱신,26.07~28.06,12348.0,42.0,,,
강남구,11680,자곡동,202606,아파트_전월세,LH수서2단지아파트,자곡동,138-2,44.89,,23356,26,9,4,2024,갱신,26.07~28.06,16720.0,57.0,,,
강남구,11680,자곡동,202606,아파트_전월세,LH수서2단지아파트,자곡동,138-2,26.54,,13055,15,6,4,2024,갱신,26.07~28.06,9386.0,32.0,,,
강남구,11680,삼성동,202606,아파트_전월세,삼성동힐스테이트 1단지,삼성동,16-2,84.349,,20000,450,9,3,2008,신규,26.08~28.08,,,,,
강남구,11680,논현동,202606,아파트_전월세,리스트강남,논현동,202-7,41.01,,13513,92,11,2,2022,갱신,26.07~28.07,12882.0,87.0,,,
강남구,11680,압구정동,202606,아파트_전월세,한양3,압구정동,489,117.26,,70000,100,13,4,1978,신규,26.06~28.06,,,,,
강남구,11680,청담동,202606,아파트_전월세,삼성청담공원아파트,청담동,60,107.22,,103000,0,2,3,1999,갱신,26.07~28.09,100000.0,,,,
강남구,11680,자곡동,202606,아파트_전월세,LH수서2단지아파트,자곡동,138-2,36.84,,15245,24,6,4,2024,갱신,26.07~28.06,11662.0,40.0,,,
강남구,11680,압구정동,202606,아파트_전월세,현대3차(61~64동),압구정동,443,82.5,,73000,0,7,4,1976,신규,26.07~28.07,,,,,
강남구,11680,자곡동,202606,아파트_전월세,LH수서2단지아파트,자곡동,138-2,14.69,,6916,8,11,4,2024,갱신,26.07~28.06,4968.0,17.0,,,
강남구,11680,논현동,202606,아파트_전월세,논현동한화꿈에그린,논현동,205-2,67.671,,4000,330,11,4,2005,갱신,26.06~27.08,5000.0,320.0,,,
강남구,11680,자곡동,202606,아파트_전월세,LH수서2단지아파트,자곡동,138-2,14.69,,6527,7,13,4,2024,갱신,26.07~28.06,4692.0,16.0,,,
강남구,11680,자곡동,202606,아파트_전월세,LH수서2단지아파트,자곡동,138-2,36.84,,10465,52,4,4,2024,갱신,26.07~28.06,12348.0,42.0,,,
강남구,11680,자곡동,202606,아파트_전월세,LH수서2단지아파트,자곡동,138-2,36.84,,17265,19,5,4,2024,갱신,26.07~28.06,12348.0,42.0,,,
강남구,11680,자곡동,202606,아파트_전월세,LH수서2단지아파트,자곡동,138-2,44.89,,8556,86,3,4,2024,갱신,26.07~28.06,16720.0,57.0,,,
강남구,11680,논현동,202606,아파트_전월세,논현파라곤,논현동,241-1,84.4,,90000,0,14,4,2007,신규,26.07~28.07,,,,,
강남구,11680,자곡동,202606,아파트_전월세,LH수서2단지아파트,자곡동,138-2,44.9,,23200,26,3,4,2024,갱신,26.07~28.06,16720.0,57.0,,,
강남구,11680,도곡동,202606,아파트_전월세,도곡렉슬,도곡동,527,114.9931,,192000,0,20,3,2006,갱신,26.07~28.07,183000.0,,사용,,
강남구,11680,도곡동,202606,아파트_전월세,아카데미스위트1,도곡동,467-7,122.07,,140000,0,9,3,2004,신규,26.09~28.09,,,,,
강남구,11680,대치동,202606,아파트_전월세,대치현대,대치동,974,85,,50000,120,10,4,1999,신규,26.08~28.08,,,,,
강남구,11680,세곡동,202606,아파트_전월세,강남신동아파밀리에1단지,세곡동,508,59.97,,10000,235,12,2,2011,신규,26.10~28.10,,,,,
강남구,11680,자곡동,202606,아파트_전월세,LH수서2단지아파트,자곡동,138-2,14.69,,6916,8,10,4,2024,갱신,26.07~28.06,4968.0,17.0,,,
강남구,11680,개포동,202606,아파트_전월세,래미안블레스티지,개포동,1280,59.888,,105000,0,4,4,2019,갱신,26.08~28.08,105000.0,,사용,,
강남구,11680,청담동,202606,아파트_전월세,청담우방아파트,청담동,43,59.97,,30000,215,13,3,1999,갱신,26.06~28.06,30000.0,200.0,사용,,
강남구,11680,자곡동,202606,아파트_전월세,LH수서2단지아파트,자곡동,138-2,36.84,,19206,21,2,3,2024,갱신,26.07~28.06,13720.0,47.0,,,
강남구,11680,자곡동,202606,아파트_전월세,LH수서2단지아파트,자곡동,138-2,14.69,,6916,8,13,2,2024,갱신,26.07~28.06,4968.0,17.0,,,
강남구,11680,자곡동,202606,아파트_전월세,LH수서2단지아파트,자곡동,138-2,44.9,,23200,26,6,4,2024,갱신,26.07~28.06,16720.0,57.0,,,
강남구,11680,대치동,202606,아파트_전월세,대치아이파크,대치동,888,84.95,,25000,424,5,3,2008,갱신,26.06~28.06,25000.0,400.0,사용,,
강남구,11680,개포동,202606,아파트_전월세,래미안블레스티지,개포동,1280,59.888,,118000,0,7,3,2019,신규,26.07~28.07,,,,,
강남구,11680,청담동,202606,아파트_전월세,청담2차이-편한세상(205동),청담동,15-21,119.55,,117000,30,8,4,2006,갱신,26.06~28.06,110000.0,50.0,,,
강남구,11680,자곡동,202606,아파트_전월세,LH수서2단지아파트,자곡동,138-2,36.84,,17265,19,3,4,2024,갱신,26.07~28.06,12348.0,42.0,,,
강남구,11680,자곡동,202606,아파트_전월세,LH수서2단지아파트,자곡동,138-2,36.84,,18706,24,3,4,2024,갱신,26.07~28.06,12348.0,42.0,,,
강남구,11680,자곡동,202606,아파트_전월세,LH수서2단지아파트,자곡동,138-2,36.84,,17265,19,8,4,2024,갱신,26.07~28.06,12348.0,42.0,,,
강남구,11680,자곡동,202606,아파트_전월세,LH수서2단지아파트,자곡동,138-2,36.84,,17265,19,7,2,2024,갱신,26.07~28.06,12348.0,42.0,,,
강남구,11680,자곡동,202606,아파트_전월세,LH수서2단지아파트,자곡동,138-2,14.69,,6916,8,12,2,2024,갱신,26.07~28.06,4968.0,17.0,,,
강남구,11680,자곡동,202606,아파트_전월세,LH수서2단지아파트,자곡동,138-2,36.84,,10965,50,6,4,2024,갱신,26.07~28.06,11662.0,40.0,,,
강남구,11680,자곡동,202606,아파트_전월세,LH수서2단지아파트,자곡동,138-2,36.6,,16070,19,3,4,2024,갱신,26.07~28.06,11662.0,40.0,,,
강남구,11680,자곡동,202606,아파트_전월세,LH수서2단지아파트,자곡동,138-2,26.54,,3037,50,10,2,2024,갱신,26.07~28.06,7410.0,25.0,,,
강남구,11680,도곡동,202606,아파트_전월세,럭키(963),도곡동,963,84.97,,77000,14,8,3,1995,갱신,26.07~28.07,77000.0,,사용,,
강남구,11680,자곡동,202606,아파트_전월세,LH수서2단지아파트,자곡동,138-2,36.84,,17265,19,8,3,2024,갱신,26.07~28.06,12348.0,42.0,,,
강남구,11680,자곡동,202606,아파트_전월세,LH수서2단지아파트,자곡동,138-2,36.84,,17265,19,3,4,2024,갱신,26.07~28.06,12348.0,42.0,,,
강남구,11680,자곡동,202606,아파트_전월세,LH수서2단지아파트,자곡동,138-2,36.84,,17265,19,7,4,2024,갱신,26.07~28.06,12348.0,42.0,,,
강남구,11680,자곡동,202606,아파트_전월세,LH수서2단지아파트,자곡동,138-2,14.69,,6916,8,5,4,2024,갱신,26.07~28.06,4968.0,17.0,,,
강남구,11680,자곡동,202606,아파트_전월세,LH수서2단지아파트,자곡동,138-2,36.84,,17265,19,2,4,2024,갱신,26.07~28.06,12348.0,42.0,,,
강남구,11680,자곡동,202606,아파트_전월세,LH수서2단지아파트,자곡동,138-2,36.84,,17265,19,12,4,2024,갱신,26.07~28.06,12348.0,42.0,,,
강남구,11680,자곡동,202606,아파트_전월세,LH수서2단지아파트,자곡동,138-2,36.84,,18706,24,15,4,2024,갱신,26.07~28.06,12348.0,42.0,,,
강남구,11680,자곡동,202606,아파트_전월세,LH수서2단지아파트,자곡동,138-2,14.69,,6916,8,6,2,2024,갱신,26.07~28.06,4968.0,17.0,,,
강남구,11680,자곡동,202606,아파트_전월세,LH수서2단지아파트,자곡동,138-2,36.84,,17265,19,8,4,2024,갱신,26.07~28.06,12348.0,42.0,,,
강남구,11680,자곡동,202606,아파트_전월세,LH수서2단지아파트,자곡동,138-2,14.69,,6916,8,4,4,2024,갱신,26.07~28.06,4968.0,17.0,,,
강남구,11680,자곡동,202606,아파트_전월세,LH수서2단지아파트,자곡동,138-2,36.6,,17080,19,7,4,2024,갱신,26.07~28.06,12348.0,42.0,,,
강남구,11680,역삼동,202606,아파트_전월세,역삼래미안,역삼동,757,80.87,,120000,23,7,3,2005,갱신,26.08~28.08,120000.0,,사용,,
강남구,11680,도곡동,202606,아파트_전월세,아카데미스위트1,도곡동,467-7,164.87,,10000,500,40,4,2004,갱신,26.08~28.07,20000.0,400.0,사용,,
강남구,11680,대치동,202606,아파트_전월세,은마,대치동,316,76.79,,67200,0,7,4,1979,갱신,26.06~28.06,64000.0,,,,
강남구,11680,논현동,202606,아파트_전월세,리스트강남,논현동,202-7,42.02,,13433,92,12,1,2022,갱신,26.07~28.07,12807.0,87.0,,,
강남구,11680,자곡동,202606,아파트_전월세,LH수서2단지아파트,자곡동,138-2,36.84,,17265,19,14,4,2024,갱신,26.07~28.06,12348.0,42.0,,,
강남구,11680,자곡동,202606,아파트_전월세,LH수서2단지아파트,자곡동,138-2,36.84,,17265,19,11,4,2024,갱신,26.07~28.06,12348.0,42.0,,,
강남구,11680,자곡동,202606,아파트_전월세,LH수서2단지아파트,자곡동,138-2,44.89,,23356,26,9,4,2024,갱신,26.07~28.06,16720.0,57.0,,,
강남구,11680,자곡동,202606,아파트_전월세,LH수서2단지아파트,자곡동,138-2,36.84,,17265,19,9,4,2024,갱신,26.07~28.06,12348.0,42.0,,,
강남구,11680,자곡동,202606,아파트_전월세,LH수서2단지아파트,자곡동,138-2,36.84,,17265,19,15,2,2024,갱신,26.07~28.06,12348.0,42.0,,,
강남구,11680,자곡동,202606,아파트_전월세,LH수서2단지아파트,자곡동,138-2,44.89,,23356,26,1,2,2024,갱신,26.07~28.06,16720.0,57.0,,,
강남구,11680,역삼동,202606,아파트_전월세,강남센트럴아이파크,역삼동,902,84.99,,30000,520,9,3,2022,신규,26.07~28.07,,,,,
강남구,11680,자곡동,202606,아파트_전월세,LH수서2단지아파트,자곡동,138-2,14.69,,1309,29,7,2,2024,갱신,26.07~28.06,4692.0,16.0,,,
강남구,11680,청담동,202606,아파트_전월세,청담파크빌,청담동,46-12,79.7,,20000,180,3,2,2004,신규,26.06~28.06,,,,,
강남구,11680,수서동,202606,아파트_전월세,신동아,수서동,736,33.18,,19000,100,3,2,1992,신규,26.07~28.07,,,,,
강남구,11680,자곡동,202606,아파트_전월세,LH수서2단지아파트,자곡동,138-2,36.84,,17265,19,9,2,2024,갱신,26.07~28.06,12348.0,42.0,,,
강남구,11680,역삼동,202606,아파트_전월세,역삼I'PARK,역삼동,713-11,144.641,,5000,660,2,2,2006,신규,26.06~28.06,,,,,
강남구,11680,도곡동,202606,아파트_전월세,아카데미스위트1,도곡동,467-7,83.19,,63000,166,39,2,2004,갱신,26.06~28.06,60000.0,160.0,사용,,
강남구,11680,자곡동,202606,아파트_전월세,LH수서2단지아파트,자곡동,138-2,36.84,,9665,54,7,2,2024,갱신,26.07~28.06,12348.0,42.0,,,
강남구,11680,자곡동,202606,아파트_전월세,LH수서2단지아파트,자곡동,138-2,36.6,,17080,19,4,2,2024,갱신,26.07~28.06,12348.0,42.0,,,
강남구,11680,자곡동,202606,아파트_전월세,LH수서2단지아파트,자곡동,138-2,44.89,,23356,26,9,2,2024,갱신,26.07~28.06,16720.0,57.0,,,
강남구,11680,자곡동,202606,아파트_전월세,LH수서2단지아파트,자곡동,138-2,36.84,,17265,19,8,2,2024,갱신,26.07~28.06,12348.0,42.0,,,
강남구,11680,자곡동,202606,아파트_전월세,LH수서2단지아파트,자곡동,138-2,14.69,,6916,8,12,2,2024,갱신,26.07~28.06,4968.0,17.0,,,
강남구,11680,자곡동,202606,아파트_전월세,LH수서2단지아파트,자곡동,138-2,36.84,,17265,19,13,2,2024,갱신,26.07~28.06,12348.0,42.0,,,
강남구,11680,자곡동,202606,아파트_전월세,LH수서2단지아파트,자곡동,138-2,36.84,,7265,61,10,2,2024,갱신,26.07~28.06,12348.0,42.0,,,
강남구,11680,자곡동,202606,아파트_전월세,LH수서2단지아파트,자곡동,138-2,26.54,,12437,14,6,2,2024,갱신,26.07~28.06,8892.0,30.0,,,
강남구,11680,자곡동,202606,아파트_전월세,LH수서2단지아파트,자곡동,138-2,36.84,,17265,19,7,2,2024,갱신,26.07~28.06,12348.0,42.0,,,
강남구,11680,자곡동,202606,아파트_전월세,LH수서2단지아파트,자곡동,138-2,14.69,,6916,8,4,2,2024,갱신,26.07~28.06,4968.0,17.0,,,
강남구,11680,자곡동,202606,아파트_전월세,LH수서2단지아파트,자곡동,138-2,14.69,,5216,18,7,2,2024,갱신,26.07~28.06,4968.0,17.0,,,
강남구,11680,대치동,202606,아파트_전월세,포스코더샵,대치동,902,164.88,,100000,360,7,2,2004,신규,26.08~28.08,,,,,
강남구,11680,자곡동,202606,아파트_전월세,LH수서2단지아파트,자곡동,138-2,44.89,,23356,26,11,2,2024,갱신,26.07~28.06,16720.0,57.0,,,
강남구,11680,자곡동,202606,아파트_전월세,LH수서2단지아파트,자곡동,138-2,36.84,,21155,33,9,2,2024,갱신,26.07~28.06,12348.0,42.0,,,
강남구,11680,자곡동,202606,아파트_전월세,LH수서2단지아파트,자곡동,138-2,26.54,,12437,14,14,2,2024,갱신,26.07~28.06,8892.0,30.0,,,
강남구,11680,도곡동,202606,아파트_전월세,도곡렉슬,도곡동,527,59.9772,,105000,0,2,1,2006,신규,26.08~28.08,,,,,
강남구,11680,개포동,202606,아파트_전월세,개포자이프레지던스,개포동,1284,84.5978,,50000,460,17,2,2023,신규,26.08~28.08,,,,,
강남구,11680,자곡동,202606,아파트_전월세,LH수서2단지아파트,자곡동,138-2,44.89,,22556,31,4,2,2024,갱신,26.07~28.06,16720.0,57.0,,,
강남구,11680,일원동,202606,아파트_전월세,래미안 개포 루체하임,일원동,741,121.71,,130000,200,24,2,2018,신규,26.08~28.08,,,,,
강남구,11680,자곡동,202606,아파트_전월세,LH수서2단지아파트,자곡동,138-2,36.6,,17080,19,2,2,2024,갱신,26.07~28.06,12348.0,42.0,,,
강남구,11680,자곡동,202606,아파트_전월세,LH수서2단지아파트,자곡동,138-2,44.89,,23356,26,10,2,2024,갱신,26.07~28.06,16720.0,57.0,,,
강남구,11680,개포동,202606,아파트_전월세,성원대치2단지아파트,개포동,12,39.53,,5000,180,1,2,1992,신규,26.07~28.07,,,,,
강남구,11680,자곡동,202606,아파트_전월세,LH수서2단지아파트,자곡동,138-2,14.69,,6916,8,13,2,2024,갱신,26.07~28.06,4968.0,17.0,,,
강남구,11680,자곡동,202606,아파트_전월세,LH수서2단지아파트,자곡동,138-2,36.84,,10965,50,4,2,2024,갱신,26.07~28.06,12348.0,42.0,,,
강남구,11680,자곡동,202606,아파트_전월세,LH수서2단지아파트,자곡동,138-2,36.84,,17265,19,5,2,2024,갱신,26.07~28.06,12348.0,42.0,,,
강남구,11680,청담동,202606,아파트_전월세,청담현대3차아파트,청담동,127-31,59.95,,74450,0,5,1,1999,갱신,26.06~28.06,71000.0,,,,
강남구,11680,자곡동,202606,아파트_전월세,LH수서2단지아파트,자곡동,138-2,36.84,,17265,19,10,2,2024,갱신,26.07~28.06,12348.0,42.0,,,
강남구,11680,자곡동,202606,아파트_전월세,LH수서2단지아파트,자곡동,138-2,44.89,,23356,26,5,2,2024,갱신,26.07~28.06,16720.0,57.0,,,
강남구,11680,자곡동,202606,아파트_전월세,LH수서2단지아파트,자곡동,138-2,44.9,,23200,26,2,2,2024,갱신,26.07~28.06,16720.0,57.0,,,
강남구,11680,자곡동,202606,아파트_전월세,LH수서2단지아파트,자곡동,138-2,36.84,,17265,19,6,2,2024,갱신,26.07~28.06,12348.0,42.0,,,
강남구,11680,율현동,202606,아파트_전월세,강남한신휴플러스6단지,율현동,365,49.79,,10605,17,3,1,2015,갱신,26.06~28.05,6151.0,39.0,,,
강남구,11680,자곡동,202606,아파트_전월세,LH수서2단지아파트,자곡동,138-2,26.54,,10037,28,7,2,2024,갱신,26.07~28.06,7410.0,25.0,,,
강남구,11680,자곡동,202606,아파트_전월세,강남에버시움,자곡동,621,36.08,,6534,24,15,1,2013,갱신,26.06~28.05,3234.0,40.0,,,
강남구,11680,자곡동,202606,아파트_전월세,LH수서2단지아파트,자곡동,138-2,14.69,,6816,8,11,2,2024,갱신,26.07~28.06,4692.0,16.0,,,
강남구,11680,자곡동,202606,아파트_전월세,래미안강남힐즈,자곡동,611,101.94,,99750,0,6,2,2014,갱신,26.08~28.08,95000.0,,사용,,
강남구,11680,자곡동,202606,아파트_전월세,LH수서2단지아파트,자곡동,138-2,44.9,,23200,26,2,2,2024,갱신,26.07~28.06,16720.0,57.0,,,
강남구,11680,도곡동,202606,아파트_전월세,럭키(963),도곡동,963,84.97,,80000,0,6,1,1995,갱신,26.06~27.05,77000.0,,,,
강남구,11680,대치동,202606,아파트_전월세,대치푸르지오써밋,대치동,1032,51.7377,,9720,98,2,1,2023,갱신,26.06~28.05,19680.0,77.0,,,
강남구,11680,자곡동,202606,아파트_전월세,LH수서2단지아파트,자곡동,138-2,44.89,,21556,37,4,2,2024,갱신,26.07~28.06,16720.0,57.0,,,
강남구,11680,자곡동,202606,아파트_전월세,LH수서2단지아파트,자곡동,138-2,44.89,,23356,26,7,2,2024,갱신,26.07~28.06,16720.0,57.0,,,
강남구,11680,자곡동,202606,아파트_전월세,LH수서2단지아파트,자곡동,138-2,36.6,,17080,19,8,2,2024,갱신,26.07~28.06,12348.0,42.0,,,
강남구,11680,자곡동,202606,아파트_전월세,LH수서2단지아파트,자곡동,138-2,44.89,,23356,26,1,2,2024,갱신,26.07~28.06,16720.0,57.0,,,
강남구,11680,도곡동,202606,아파트_전월세,럭키(963),도곡동,963,84.97,,30000,225,8,1,1995,신규,26.07~28.07,,,,,
강남구,11680,삼성동,202606,아파트_전월세,그라나다,삼성동,45-5,46.18,,5000,200,4,1,2002,신규,26.06~28.06,,,,,
강남구,11680,삼성동,202606,아파트_전월세,그라나다,삼성동,45-5,46.18,,5000,200,4,1,2002,신규,26.06~28.06,,,,,
강남구,11680,삼성동,202606,아파트_전월세,한일,삼성동,48,61.23,,10000,330,9,1,2001,신규,26.07~28.07,,,,,
강남구,11680,논현동,202606,아파트_전월세,두산위브2단지,논현동,258,84.721,,15000,380,2,1,2004,신규,26.07~28.07,,,,,
강남구,11680,일원동,202606,아파트_전월세,상록스타힐스,일원동,688,59.963,,14403,168,5,1,2022,신규,26.07~28.06,,,,,
강남구,11680,수서동,202606,아파트_전월세,삼익,수서동,708,60,,75000,0,15,1,1992,신규,26.08~28.08,,,,,
강남구,11680,일원동,202606,아파트_전월세,상록스타힐스,일원동,688,59.921,,36009,105,15,1,2022,신규,26.07~28.06,,,,,
강남구,11680,일원동,202606,아파트_전월세,상록스타힐스,일원동,688,59.921,,14403,168,12,1,2022,신규,26.07~28.06,,,,,
강남구,11680,대치동,202606,아파트_전월세,대치현대,대치동,974,85,,40000,245,7,1,1999,갱신,26.08~27.08,40000.0,217.0,,,
강남구,11680,역삼동,202606,아파트_전월세,개나리래미안,역삼동,754,144.55,,110000,280,17,1,2006,신규,26.07~28.07,,,,,
강남구,11680,개포동,202606,아파트_전월세,삼익대청아파트,개포동,12,51.12,,15000,149,11,1,1992,갱신,26.08~28.08,15000.0,140.0,사용,,
강남구,11680,일원동,202606,아파트_전월세,상록스타힐스,일원동,688,59.921,,14403,168,8,1,2022,신규,26.07~28.06,,,,,
강남구,11680,자곡동,202606,아파트_전월세,래미안포레,자곡동,687,59.97,,29015,0,3,1,2014,갱신,26.06~28.05,27634.0,,,,
강남구,11680,자곡동,202606,아파트_전월세,강남한양수자인(4단지),자곡동,686,59.97,,12627,19,10,1,2014,갱신,26.06~28.05,6406.0,43.0,,,
강남구,11680,대치동,202606,아파트_전월세,풍림아이원2차201동,대치동,910-7,156.21,,100000,150,1,1,2003,신규,26.08~28.08,,,,,
강남구,11680,자곡동,202606,아파트_전월세,래미안포레,자곡동,687,59.92,,29015,0,1,1,2014,갱신,26.07~28.06,27634.0,,,,
강남구,11680,역삼동,202606,아파트_전월세,동부센트레빌,역삼동,716,84.97,,60000,225,9,1,1998,갱신,26.08~28.08,60000.0,185.0,,,
강남구,11680,개포동,202606,아파트_전월세,래미안블레스티지,개포동,1280,84.943,,70000,290,15,1,2019,신규,26.07~28.07,,,,,
강남구,11680,자곡동,202606,아파트_전월세,래미안포레,자곡동,687,59.97,,29015,0,9,1,2014,갱신,26.06~28.05,27634.0,,,,
강남구,11680,자곡동,202606,아파트_전월세,래미안포레,자곡동,687,84.97,,35753,0,11,1,2014,갱신,26.06~28.05,34051.0,,,,
강남구,11680,압구정동,202606,아파트_전월세,"현대1차(12,13,21,22,31,32,33동)",압구정동,369-1,161.19,,150000,0,9,1,1976,갱신,26.06~28.06,140000.0,,,,
강남구,11680,청담동,202606,아파트_전월세,청담대우로얄카운티6차,청담동,101-1,166.3,,130100,150,3,1,2005,갱신,26.06~27.10,130000.0,150.0,,,
강남구,11680,자곡동,202606,아파트_전월세,강남한양수자인(4단지),자곡동,686,59.93,,13336,23,3,1,2014,갱신,26.06~28.05,6406.0,43.0,,,
강남구,11680,역삼동,202606,오피스텔_매매,크레신 타워Ⅱ,역삼동,823-3,28.12,19700,,,14,30,2004,,,,,,직거래,
강남구,11680,자곡동,202606,오피스텔_매매,강남 더샵라르고,자곡동,596,21.1172,15800,,,9,30,2014,,,,,,중개거래,
강남구,11680,역삼동,202606,오피스텔_매매,강남역 쉐르빌,역삼동,832-3,22.65,22750,,,19,18,2014,,,,,,중개거래,
강남구,11680,삼성동,202606,오피스텔_매매,LG선릉에클라트B,삼성동,142-3,40.11,32000,,,6,23,2004,,,,,,중개거래,
강남구,11680,역삼동,202606,오피스텔_매매,강남역 와이즈 플레이스,역삼동,837-13,23.87,19000,,,12,24,2013,,,,,,중개거래,
강남구,11680,역삼동,202606,오피스텔_매매,강남역 쉐르빌,역삼동,832-3,27.74,26500,,,4,27,2014,,,,,,중개거래,
강남구,11680,역삼동,202606,오피스텔_매매,역삼하이츠빌딩,역삼동,642-19,30.86,27500,,,9,11,1991,,,,,,중개거래,
강남구,11680,역삼동,202606,오피스텔_매매,역삼하이츠빌딩,역삼동,642-19,30.86,27500,,,9,11,1991,,,,,,중개거래,
강남구,11680,도곡동,202606,오피스텔_매매,우성캐릭터199,도곡동,467-24,55.46,63000,,,19,29,1998,,,,,,중개거래,
강남구,11680,역삼동,202606,오피스텔_매매,삼일프라자오피스텔,역삼동,837-26,56.73,31000,,,10,29,1992,,,,,,중개거래,
강남구,11680,논현동,202606,오피스텔_매매,펜트힐 루 논현,논현동,211-21,53.622,105000,,,16,26,2021,,,,,,중개거래,
강남구,11680,대치동,202606,오피스텔_매매,선릉역 롯데골드로즈오피스텔,대치동,889-53,32,21500,,,10,19,2003,,,,,,중개거래,
강남구,11680,자곡동,202606,오피스텔_매매,강남 지웰홈스,자곡동,662,26.711,17850,,,9,18,2014,,,,,,직거래,
강남구,11680,자곡동,202606,오피스텔_매매,강남 지웰홈스,자곡동,662,29.874,23000,,,2,25,2014,,,,,,중개거래,
강남구,11680,삼성동,202606,오피스텔_매매,우림보보카운티 오피스텔,삼성동,75-8,26.77,28000,,,11,19,2004,,,,,,직거래,
강남구,11680,역삼동,202606,오피스텔_매매,강남역 서희스타힐스 오피스텔,역삼동,837-18,27.9,20000,,,3,28,2012,,,,,,직거래,
강남구,11680,자곡동,202606,오피스텔_매매,강남 푸르지오시티 1차,자곡동,600,25.06,17200,,,10,17,2014,,,,,,중개거래,
강남구,11680,역삼동,202606,오피스텔_매매,신일유토빌,역삼동,735-11,32.99,22000,,,4,22,2003,,,,,,중개거래,
강남구,11680,삼성동,202606,오피스텔_매매,삼성동 현대위버포레 오피스텔,삼성동,144-1,42.05,89500,,,16,24,2022,,,,,,중개거래,
강남구,11680,대치동,202606,오피스텔_매매,선릉역대우아이빌,대치동,890-49,33.02,21000,,,5,22,2004,,,,,,중개거래,
강남구,11680,역삼동,202606,오피스텔_매매,쌍용플래티넘밸류,역삼동,826-37,58.28,60000,,,13,17,2007,,,,,,중개거래,
강남구,11680,자곡동,202606,오피스텔_매매,훼미리타운,자곡동,672,74.766,96000,,,7,27,2017,,,,,,중개거래,
강남구,11680,자곡동,202606,오피스텔_매매,강남 지웰홈스,자곡동,662,25.155,17000,,,10,15,2014,,,,,,직거래,
강남구,11680,대치동,202606,오피스텔_매매,대치동대우아이빌멤버스,대치동,891-26,35.991,24300,,,4,2,2003,,,,,,중개거래,
강남구,11680,역삼동,202606,오피스텔_매매,성지하이츠3,역삼동,642-6,44.92,32000,,,10,23,1993,,,,,,중개거래,
강남구,11680,도곡동,202606,오피스텔_매매,우성캐릭터199,도곡동,467-24,55.46,65000,,,7,4,1998,,,,,,중개거래,
강남구,11680,역삼동,202606,오피스텔_매매,크레신 타워Ⅱ,역삼동,823-3,28.12,19500,,,6,30,2004,,,,,,중개거래,
강남구,11680,수서동,202606,오피스텔_매매,사이룩스,수서동,716,33.52,25000,,,17,26,2003,,,,,,중개거래,
강남구,11680,삼성동,202606,오피스텔_매매,우림보보카운티 오피스텔,삼성동,75-8,26.77,28500,,,6,4,2004,,,,,,중개거래,
강남구,11680,자곡동,202606,오피스텔_매매,강남 더샵라르고,자곡동,596,22.0172,15500,,,9,3,2014,,,,,,중개거래,
강남구,11680,자곡동,202606,오피스텔_매매,강남힐스테이트에코,자곡동,658,24.118,15300,,,4,29,2014,,,,,,중개거래,
강남구,11680,삼성동,202606,오피스텔_매매,마젤란21아스테리움,삼성동,158-10,89.56,138500,,,9,4,2006,,,,,,중개거래,
강남구,11680,논현동,202606,오피스텔_매매,강남파라곤,논현동,241-1,75.94,123000,,,4,2,2007,,,,,,중개거래,
강남구,11680,역삼동,202606,오피스텔_매매,네스빌,역삼동,830-41,23.68,18500,,,2,22,2004,,,,,,중개거래,
강남구,11680,자곡동,202606,오피스텔_매매,강남 지웰홈스,자곡동,662,50.31,47000,,,6,27,2014,,,,,,중개거래,
강남구,11680,논현동,202606,오피스텔_매매,리체힐 신논현 오피스텔A동,논현동,202-10,22.4336,26000,,,6,26,2018,,,,,,중개거래,
강남구,11680,청담동,202606,오피스텔_매매,경원오피스텔,청담동,5,22.77,28000,,,14,22,1991,,,,,,중개거래,
강남구,11680,청담동,202606,오피스텔_매매,경원오피스텔,청담동,5,22.77,28000,,,10,4,1991,,,,,,중개거래,
강남구,11680,자곡동,202606,오피스텔_매매,강남 더샵라르고,자곡동,596,22.0172,19500,,,2,3,2014,,,,,,중개거래,
강남구,11680,수서동,202606,오피스텔_매매,사이룩스,수서동,716,30.25,16685,,,8,11,2003,,,,,,직거래,
강남구,11680,삼성동,202606,오피스텔_매매,LG선릉에클라트B,삼성동,142-3,39.99,29000,,,6,22,2004,,,,,,중개거래,O
강남구,11680,개포동,202606,오피스텔_매매,대청타워,개포동,13-3,31.914,23100,,,16,16,1997,,,,,,중개거래,
강남구,11680,역삼동,202606,오피스텔_매매,루카831,역삼동,831-11,54.5664,150000,,,26,12,2024,,,,,,직거래,
강남구,11680,역삼동,202606,오피스텔_매매,대우디오빌플러스,역삼동,824-25,38.96,29500,,,15,18,2004,,,,,,중개거래,
강남구,11680,역삼동,202606,오피스텔_매매,테헤란로오피스텔,역삼동,707-38,37.58,27000,,,14,8,1991,,,,,,중개거래,
강남구,11680,역삼동,202606,오피스텔_매매,아남타워 현대오피스텔,역삼동,702-10,77.21,69000,,,13,8,2000,,,,,,중개거래,
강남구,11680,수서동,202606,오피스텔_매매,사이룩스,수서동,716,58.82,66000,,,6,10,2003,,,,,,중개거래,
강남구,11680,역삼동,202606,오피스텔_매매,역삼 노블루체 언주,역삼동,606,14.29,24500,,,8,5,2021,,,,,,중개거래,
강남구,11680,역삼동,202606,오피스텔_매매,빅토리아오피스텔,역삼동,705-1,35.28,27000,,,13,6,1992,,,,,,중개거래,
강남구,11680,자곡동,202606,오피스텔_매매,강남힐스테이트에코,자곡동,658,24.118,15700,,,3,10,2014,,,,,,중개거래,
강남구,11680,자곡동,202606,오피스텔_매매,강남 더샵라르고,자곡동,596,22.0172,15600,,,4,6,2014,,,,,,중개거래,
강남구,11680,역삼동,202606,오피스텔_매매,대우디오빌플러스,역삼동,824-25,35.16,25500,,,11,15,2004,,,,,,중개거래,
강남구,11680,도곡동,202606,오피스텔_매매,우성캐릭터199,도곡동,467-24,35.2,31900,,,10,13,1998,,,,,,중개거래,
강남구,11680,대치동,202606,오피스텔_매매,삼환 아르누보2,대치동,938,27.83,49000,,,8,12,2004,,,,,,중개거래,
강남구,11680,자곡동,202606,오피스텔_매매,빌리브 파비오 더 까사,자곡동,653,47.0778,64700,,,8,13,2022,,,,,,중개거래,
강남구,11680,삼성동,202606,오피스텔_매매,LG선릉에클라트B,삼성동,142-3,53.43,60000,,,5,5,2004,,,,,,중개거래,
강남구,11680,역삼동,202606,오피스텔_매매,아남타워 현대오피스텔,역삼동,702-10,40.2,24000,,,16,8,2000,,,,,,중개거래,
강남구,11680,자곡동,202606,오피스텔_매매,강남 푸르지오시티 1차,자곡동,600,34.59,31500,,,3,4,2014,,,,,,중개거래,
강남구,11680,역삼동,202606,오피스텔_매매,크레신 타워Ⅱ,역삼동,823-3,28.12,21000,,,5,8,2004,,,,,,중개거래,
강남구,11680,역삼동,202606,오피스텔_매매,엘지역삼에클라트,역삼동,736-24,28.64,18000,,,7,11,2004,,,,,,중개거래,
강남구,11680,수서동,202606,오피스텔_매매,사이룩스,수서동,716,42.13,32000,,,16,10,2003,,,,,,중개거래,
강남구,11680,삼성동,202606,오피스텔_매매,LG선릉에클라트B,삼성동,142-3,39.99,35500,,,6,9,2004,,,,,,중개거래,
강남구,11680,대치동,202606,오피스텔_매매,CO-OP Residence/삼성역,대치동,945-29,13.96,15200,,,4,4,2004,,,,,,중개거래,
강남구,11680,역삼동,202606,오피스텔_매매,금천빌딩,역삼동,708-20,29.72,18000,,,4,6,2005,,,,,,중개거래,
강남구,11680,삼성동,202606,오피스텔_매매,(78-3),삼성동,78-3,31.15,54500,,,7,4,1990,,,,,,중개거래,
강남구,11680,자곡동,202606,오피스텔_매매,강남힐스테이트에코,자곡동,658,29.993,22700,,,4,5,2014,,,,,,중개거래,
강남구,11680,역삼동,202606,오피스텔_매매,대우디오빌플러스,역삼동,824-25,38.96,30000,,,16,4,2004,,,,,,중개거래,
강남구,11680,자곡동,202606,오피스텔_매매,빌리브 파비오 더 까사,자곡동,653,56.8798,61000,,,5,3,2022,,,,,,중개거래,
강남구,11680,청담동,202606,오피스텔_매매,피엔폴루스,청담동,4-1,195.43,516500,,,4,4,2007,,,,,,중개거래,
강남구,11680,청담동,202606,연립다세대_매매,더청담,청담동,13-34,28.02,52500,,,2,26,2018,,,,,,중개거래,
강남구,11680,일원동,202606,연립다세대_매매,청솔빌리지,일원동,739,59.75,260000,,,3,30,1993,,,,,,중개거래,
강남구,11680,역삼동,202606,연립다세대_매매,꿈꾸지오(698-6),역삼동,698-6,29.56,39000,,,2,30,2017,,,,,,중개거래,
강남구,11680,삼성동,202606,연립다세대_매매,삼성더하임,삼성동,29-1,28.87,70100,,,2,25,2020,,,,,,중개거래,
강남구,11680,삼성동,202606,연립다세대_매매,신우실버타운,삼성동,65-6,54.48,99000,,,1,23,1986,,,,,,중개거래,
강남구,11680,개포동,202606,연립다세대_매매,개포라온채,개포동,1165-4,48.913,118000,,,6,25,2026,,,,,,중개거래,
강남구,11680,논현동,202606,연립다세대_매매,공간3차,논현동,270-2,23.19,33000,,,4,26,2016,,,,,,중개거래,
강남구,11680,개포동,202606,연립다세대_매매,동산빌라,개포동,1164-29,42.84,70000,,,1,25,1996,,,,,,중개거래,
강남구,11680,일원동,202606,연립다세대_매매,궁전하우스,일원동,665,20.61,69900,,,3,13,2023,,,,,,중개거래,
강남구,11680,개포동,202606,연립다세대_매매,예가풍경채,개포동,1236-11,24.88,53000,,,6,30,2018,,,,,,중개거래,
강남구,11680,논현동,202606,연립다세대_매매,174-4,논현동,174-4,15.4212,32000,,,4,28,2016,,,,,,직거래,
강남구,11680,청담동,202606,연립다세대_매매,(13-35),청담동,13-35,29.22,53200,,,2,27,2019,,,,,,중개거래,
강남구,11680,역삼동,202606,연립다세대_매매,역삼그린빌리지,역삼동,795-10,135.84,146000,,,3,14,1997,,,,,,중개거래,
강남구,11680,역삼동,202606,연립다세대_매매,케아하우스17차,역삼동,685-23,16.8,29500,,,4,23,2020,,,,,,중개거래,
강남구,11680,역삼동,202606,연립다세대_매매,공간9차,역삼동,637-5,19.91,22900,,,2,15,2017,,,,,,중개거래,
강남구,11680,역삼동,202606,연립다세대_매매,697-40,역삼동,697-40,30,44000,,,5,13,2016,,,,,,중개거래,
강남구,11680,논현동,202606,연립다세대_매매,미주그린빌라,논현동,214-4,46.53,41000,,,3,27,1995,,,,,,중개거래,
강남구,11680,논현동,202606,연립다세대_매매,(197-3),논현동,197-3,15.9,21000,,,3,28,2012,,,,,,중개거래,
강남구,11680,도곡동,202606,연립다세대_매매,은성빌라,도곡동,186,48.96,68000,,,3,29,1993,,,,,,중개거래,
강남구,11680,논현동,202606,연립다세대_매매,현영아트빌B,논현동,196-2,53.07,50400,,,5,18,2004,,,,,,중개거래,
강남구,11680,역삼동,202606,연립다세대_매매,더원스타빌,역삼동,698-26,24.97,39000,,,3,11,2017,,,,,,중개거래,
강남구,11680,역삼동,202606,연립다세대_매매,손스홈빌라,역삼동,740-8,106.44,140448,,,1,25,2004,,,,,,중개거래,
강남구,11680,역삼동,202606,연립다세대_매매,손스홈빌라,역삼동,740-8,39.15,51659,,,2,25,2004,,,,,,중개거래,
강남구,11680,역삼동,202606,연립다세대_매매,손스홈빌라,역삼동,740-8,32.02,42251,,,2,25,2004,,,,,,중개거래,
강남구,11680,역삼동,202606,연립다세대_매매,손스홈빌라,역삼동,740-8,24.48,32301,,,2,25,2004,,,,,,중개거래,
강남구,11680,역삼동,202606,연립다세대_매매,손스홈빌라,역삼동,740-8,52.82,69696,,,3,25,2004,,,,,,중개거래,
강남구,11680,역삼동,202606,연립다세대_매매,손스홈빌라,역삼동,740-8,53.62,70752,,,3,25,2004,,,,,,중개거래,
강남구,11680,역삼동,202606,연립다세대_매매,손스홈빌라,역삼동,740-8,70.4,92893,,,4,25,2004,,,,,,중개거래,
강남구,11680,논현동,202606,연립다세대_매매,174-4,논현동,174-4,27.56,50000,,,2,14,2016,,,,,,중개거래,
강남구,11680,대치동,202606,연립다세대_매매,아크로빌B동,대치동,1023-15,59.56,101900,,,3,28,2005,,,,,,중개거래,
강남구,11680,논현동,202606,연립다세대_매매,진흥펠리체A동,논현동,190-2,27.81,43000,,,2,16,2015,,,,,,중개거래,
강남구,11680,삼성동,202606,연립다세대_매매,(95-9),삼성동,95-9,89.28,180000,,,-1,18,1990,,,,,,중개거래,
강남구,11680,논현동,202606,연립다세대_매매,미주그린빌라,논현동,214-4,33.63,35000,,,3,25,1995,,,,,,중개거래,
강남구,11680,개포동,202606,연립다세대_매매,영신아트빌,개포동,1213-7,46.17,63000,,,2,30,1991,,,,,,중개거래,
강남구,11680,개포동,202606,연립다세대_매매,서진주택A동(165-9),개포동,165-9,38.67,64800,,,-1,6,1987,,,,,,중개거래,
강남구,11680,대치동,202606,연립다세대_매매,(927-1),대치동,927-1,29.41,37800,,,3,20,2001,,,,,,중개거래,
강남구,11680,역삼동,202606,연립다세대_매매,케아하우스,역삼동,664-28,23.48,31000,,,4,9,2017,,,,,,중개거래,
강남구,11680,개포동,202606,연립다세대_매매,운영빌라3차,개포동,1195-6,51.59,60000,,,2,17,1996,,,,,,중개거래,
강남구,11680,역삼동,202606,연립다세대_매매,S클레스4차,역삼동,781-12,29.86,72000,,,3,3,2023,,,,,,직거래,
강남구,11680,논현동,202606,연립다세대_매매,우림스타빌,논현동,197-7,13.74,21000,,,4,29,2016,,,,,,중개거래,
강남구,11680,논현동,202606,연립다세대_매매,우림빌,논현동,182-6,14.06,16500,,,4,29,2014,,,,,,중개거래,
강남구,11680,논현동,202606,연립다세대_매매,첼시하우스2,논현동,219-10,28.725,31000,,,4,11,2015,,,,,,중개거래,
강남구,11680,개포동,202606,연립다세대_매매,삼성파크빌B동(1209-14),개포동,1209-14,61.1,86500,,,2,19,2003,,,,,,중개거래,
강남구,11680,논현동,202606,연립다세대_매매,만송빌라,논현동,155-9,68.13,86000,,,2,18,2002,,,,,,중개거래,
강남구,11680,논현동,202606,연립다세대_매매,엔트라움논현,논현동,172-1,29.94,61000,,,5,26,2021,,,,,,직거래,
강남구,11680,역삼동,202606,연립다세대_매매,제이원빌,역삼동,778-7,29.985,54000,,,3,27,2014,,,,,,중개거래,
강남구,11680,청담동,202606,연립다세대_매매,청담미소빌라,청담동,26-16,82.35,170000,,,2,26,2003,,,,,,중개거래,
강남구,11680,개포동,202606,연립다세대_매매,청솔아트빌B동,개포동,1213-6,39.63,64000,,,3,18,1995,,,,,,중개거래,
강남구,11680,개포동,202606,연립다세대_매매,운영빌라,개포동,1218-14,59.76,72000,,,3,20,1996,,,,,,중개거래,
강남구,11680,개포동,202606,연립다세대_매매,다세대주택(16세대),개포동,1242-6,28.74,40000,,,4,2,1997,,,,,,중개거래,
강남구,11680,논현동,202606,연립다세대_매매,더스마트빌리지,논현동,149-33,28.51,33000,,,5,19,2012,,,,,,중개거래,
강남구,11680,논현동,202606,연립다세대_매매,미주그린빌라,논현동,214-4,50.37,47900,,,2,24,1995,,,,,,중개거래,
강남구,11680,논현동,202606,연립다세대_매매,케아하우스(188-12),논현동,188-12,21.84,30000,,,3,21,2019,,,,,,중개거래,
강남구,11680,논현동,202606,연립다세대_매매,(188-6),논현동,188-6,14.52,19000,,,5,13,2013,,,,,,중개거래,
강남구,11680,청담동,202606,연립다세대_매매,리더스빌,청담동,13-21,35.28,48000,,,3,9,1996,,,,,,중개거래,
강남구,11680,논현동,202606,연립다세대_매매,리안빌리지,논현동,197-9,31.14,38700,,,3,19,2013,,,,,,중개거래,
강남구,11680,논현동,202606,연립다세대_매매,케아하우스,논현동,148-8,29.64,40000,,,5,9,2015,,,,,,중개거래,
강남구,11680,삼성동,202606,연립다세대_매매,삼성더하임,삼성동,29-1,29.86,69000,,,5,6,2020,,,,,,중개거래,
강남구,11680,논현동,202606,연립다세대_매매,(188-6),논현동,188-6,14.52,20000,,,4,11,2013,,,,,,중개거래,
강남구,11680,논현동,202606,연립다세대_매매,동광팰리스B동,논현동,230-11,25.81,38500,,,3,5,2016,,,,,,중개거래,
강남구,11680,논현동,202606,연립다세대_매매,꿈꾸지오(176-9),논현동,176-9,22.51,32500,,,2,19,2019,,,,,,중개거래,
강남구,11680,일원동,202606,연립다세대_매매,골든빌,일원동,678-1,28.05,89000,,,2,2,2020,,,,,,중개거래,
강남구,11680,논현동,202606,연립다세대_매매,(167-22),논현동,167-22,16.57,19500,,,4,6,2015,,,,,,중개거래,
강남구,11680,논현동,202606,연립다세대_매매,(188-6),논현동,188-6,13.97,19500,,,2,10,2013,,,,,,중개거래,
강남구,11680,논현동,202606,연립다세대_매매,MODUGAL,논현동,156-22,19.85,44500,,,5,18,2019,,,,,,중개거래,
강남구,11680,논현동,202606,연립다세대_매매,라인빌리지(149-18),논현동,149-18,17.61,22000,,,2,17,2012,,,,,,중개거래,
강남구,11680,논현동,202606,연립다세대_매매,(244-15),논현동,244-15,22.9,42700,,,4,16,2017,,,,,,중개거래,
강남구,11680,개포동,202606,연립다세대_매매,위미르빌,개포동,1205,44.25,79000,,,3,12,2017,,,,,,중개거래,
강남구,11680,삼성동,202606,연립다세대_매매,힐스테이7,삼성동,34-12,21.87,47000,,,2,15,2016,,,,,,중개거래,
강남구,11680,역삼동,202606,연립다세대_매매,마이플레이스,역삼동,792-7,29.83,43500,,,2,9,2018,,,,,,중개거래,
강남구,11680,일원동,202606,연립다세대_매매,(637-0),일원동,637,82.84,142000,,,3,15,2006,,,,,,중개거래,
강남구,11680,논현동,202606,연립다세대_매매,논현빌2차,논현동,185-10,17.62,19000,,,3,6,2013,,,,,,중개거래,
강남구,11680,논현동,202606,연립다세대_매매,아이리스논현,논현동,270-35,32.25,47000,,,4,12,2017,,,,,,중개거래,
강남구,11680,삼성동,202606,연립다세대_매매,힐스테이7,삼성동,34-12,13.49,32000,,,5,13,2016,,,,,,중개거래,
강남구,11680,개포동,202606,연립다세대_매매,로하스빌,개포동,1208,40.63,69500,,,2,13,2016,,,,,,중개거래,
강남구,11680,논현동,202606,연립다세대_매매,MODUGAL,논현동,156-22,25.16,50000,,,4,2,2019,,,,,,중개거래,
강남구,11680,역삼동,202606,연립다세대_매매,루브르하우스,역삼동,722-4,33.464,48000,,,3,13,2017,,,,,,중개거래,
강남구,11680,개포동,202606,연립다세대_매매,청호빌라,개포동,1256,40.53,64700,,,3,10,1997,,,,,,중개거래,
강남구,11680,개포동,202606,연립다세대_매매,Artespace,개포동,1183-10,47.97,85000,,,2,9,2021,,,,,,중개거래,
강남구,11680,논현동,202606,연립다세대_매매,이화빌라,논현동,148-6,51.91,54500,,,2,9,1991,,,,,,중개거래,
강남구,11680,역삼동,202606,연립다세대_매매,로즈빌,역삼동,794-7,77.08,71000,,,3,5,2003,,,,,,중개거래,
강남구,11680,논현동,202606,연립다세대_매매,(189-19),논현동,189-19,51.12,70000,,,3,5,2008,,,,,,중개거래,
강남구,11680,일원동,202606,연립다세대_매매,샤갈하우스2,일원동,663-9,28.75,88000,,,6,5,2021,,,,,,중개거래,
강남구,11680,논현동,202606,연립다세대_매매,경성빌라(178-5),논현동,178-5,73.08,73000,,,-1,4,1986,,,,,,중개거래,
강남구,11680,논현동,202606,연립다세대_매매,논현빌라(45-2),논현동,45-2,165.96,176000,,,1,1,1991,,,,,,중개거래,
강남구,11680,논현동,202606,연립다세대_매매,"논현동187-7,8",논현동,187-7,26.48,39500,,,3,1,2019,,,,,,중개거래,
강남구,11680,역삼동,202606,연립다세대_매매,상록,역삼동,699-12,55.53,44000,,,3,2,1993,,,,,,중개거래,
강남구,11680,수서동,202606,아파트_매매,까치마을,수서동,746,34.44,145000,,,6,20,1993,,,,,,중개거래,
강남구,11680,논현동,202606,아파트_매매,우민,논현동,107-44,74.758,143000,,,4,9,2002,,,,,,중개거래,
강남구,11680,삼성동,202606,아파트_매매,삼성동롯데아파트,삼성동,17,59.4,235000,,,2,4,2000,,,,,,중개거래,
강남구,11680,도곡동,202606,아파트_매매,한신(개포),도곡동,464,59.48,295000,,,8,29,1985,,,,,,중개거래,
강남구,11680,수서동,202606,아파트_매매,신동아,수서동,736,39.53,183500,,,14,16,1992,,,,,,중개거래,
강남구,11680,역삼동,202606,아파트_매매,트레벨,역삼동,766-8,33.48,59000,,,3,30,2002,,,,,,중개거래,
강남구,11680,역삼동,202606,아파트_매매,개나리푸르지오,역삼동,755-1,59.6851,290000,,,11,27,2006,,,,,,중개거래,
강남구,11680,자곡동,202606,아파트_매매,강남자곡 힐스테이트,자곡동,619,51.96,140000,,,12,12,2015,,,,,,중개거래,
강남구,11680,역삼동,202606,아파트_매매,대우디오빌,역삼동,720-25,59.505,92000,,,21,22,2002,,,,,,중개거래,
강남구,11680,개포동,202606,아파트_매매,삼익대청아파트,개포동,12,51.12,207000,,,8,22,1992,,,,,,중개거래,
강남구,11680,개포동,202606,아파트_매매,개포자이프레지던스,개포동,1284,84.5978,371000,,,3,20,2023,,,,,,중개거래,
강남구,11680,삼성동,202606,아파트_매매,영무예다음,삼성동,122-7,115.88,180000,,,3,23,2006,,,,,,중개거래,
강남구,11680,대치동,202606,아파트_매매,래미안대치팰리스,대치동,1027,94.49,475000,,,12,17,2015,,,,,,중개거래,
강남구,11680,삼성동,202606,아파트_매매,삼성동대성유니드,삼성동,129,83.93,168000,,,5,11,2004,,,,,,중개거래,
강남구,11680,개포동,202606,아파트_매매,개포자이프레지던스,개포동,1284,84.5978,401000,,,23,25,2023,,,,,,중개거래,
강남구,11680,자곡동,202606,아파트_매매,래미안강남힐즈,자곡동,611,101.94,230000,,,11,24,2014,,,,,,중개거래,
강남구,11680,도곡동,202606,아파트_매매,도곡렉슬,도곡동,527,84.9984,377500,,,19,29,2006,,,,,,중개거래,
강남구,11680,일원동,202606,아파트_매매,개포한신,일원동,615-1,82.3,290000,,,4,27,1984,,,,,,중개거래,
강남구,11680,세곡동,202606,아파트_매매,강남엘에이치1단지,세곡동,579,59.89,178000,,,10,19,2013,,,,,,중개거래,
강남구,11680,역삼동,202606,아파트_매매,개나리푸르지오,역삼동,755-1,132.8355,380000,,,21,27,2006,,,,,,중개거래,
강남구,11680,청담동,202606,아파트_매매,청담현대3차아파트,청담동,127-31,59.95,240000,,,9,20,1999,,,,,,중개거래,
강남구,11680,도곡동,202606,아파트_매매,도곡렉슬,도곡동,527,120.8233,450000,,,12,29,2006,,,,,,중개거래,
강남구,11680,역삼동,202606,아파트_매매,대우디오빌,역삼동,720-25,30.03,30500,,,18,23,2002,,,,,,중개거래,
강남구,11680,압구정동,202606,아파트_매매,현대3차(61~64동),압구정동,443,82.5,465000,,,1,19,1976,,,,,,중개거래,
강남구,11680,도곡동,202606,아파트_매매,타워팰리스2,도곡동,467-17,115.63,365000,,,4,16,2003,,,,,,중개거래,
강남구,11680,역삼동,202606,아파트_매매,이지마루역삼,역삼동,678-27,26.5,39500,,,7,22,2018,,,,,,중개거래,
강남구,11680,개포동,202606,아파트_매매,개포주공7단지,개포동,185,53.46,298000,,,3,20,1983,,,,,,중개거래,
강남구,11680,자곡동,202606,아파트_매매,강남브리즈힐(토지임대부아파트),자곡동,618,74.44,130000,,,6,27,2014,,,,,,중개거래,
강남구,11680,삼성동,202606,아파트_매매,삼성동중앙하이츠빌리지,삼성동,14-1,152.98,435000,,,6,12,2004,,,,,,중개거래,
강남구,11680,수서동,202606,아파트_매매,신동아,수서동,736,39.53,183500,,,14,16,1992,,,,,,중개거래,O
강남구,11680,역삼동,202606,아파트_매매,경남아너스빌,역삼동,722,81.013,156000,,,10,9,2002,,,,,,직거래,
강남구,11680,논현동,202606,아파트_매매,이산,논현동,194-22,57.18,55000,,,2,11,2011,,,,,,중개거래,
강남구,11680,도곡동,202606,아파트_매매,도곡우성아파트,도곡동,934-10,84.83,270000,,,14,22,1986,,,,,,중개거래,
강남구,11680,대치동,202606,아파트_매매,현대썬앤빌테헤란,대치동,894,36.12,49200,,,6,26,2016,,,,,,중개거래,
강남구,11680,대치동,202606,아파트_매매,현대썬앤빌테헤란,대치동,894,49.24,77000,,,7,11,2016,,,,,,중개거래,
강남구,11680,일원동,202606,아파트_매매,샘터마을,일원동,718,115.366,308000,,,3,10,1994,,,,,,중개거래,
강남구,11680,대치동,202606,아파트_매매,대치더클래스,대치동,1031,84.22,235000,,,4,22,2022,,,,,,중개거래,
강남구,11680,대치동,202606,아파트_매매,"쌍용대치아파트1동,2동,3동,5동,6동",대치동,66,148.8,470000,,,14,25,1983,,,,,,중개거래,
강남구,11680,대치동,202606,아파트_매매,선경1차(1동-7동),대치동,506,136.68,507000,,,8,23,1983,,,,,,중개거래,
강남구,11680,도곡동,202606,아파트_매매,아카데미스위트1,도곡동,467-7,122.07,277000,,,10,27,2004,,,,,,중개거래,
강남구,11680,청담동,202606,아파트_매매,청담건영,청담동,108,84.595,330000,,,5,11,1994,,,,,,중개거래,
강남구,11680,압구정동,202606,아파트_매매,한양6,압구정동,484,110.74,520000,,,1,30,1980,,,,,,중개거래,
강남구,11680,수서동,202606,아파트_매매,까치마을,수서동,746,34.44,145000,,,6,20,1993,,,,,,중개거래,O
강남구,11680,대치동,202606,아파트_매매,개포우성2,대치동,500,159.6,620000,,,6,24,1984,,,,,,중개거래,
강남구,11680,논현동,202606,아파트_매매,두산위브1단지,논현동,252-1,84.993,212000,,,8,29,2004,,,,,,중개거래,
강남구,11680,도곡동,202606,아파트_매매,한신(개포),도곡동,464,52.73,320000,,,6,27,1985,,,,,,중개거래,
강남구,11680,율현동,202606,아파트_매매,강남한신휴플러스6단지,율현동,365,84.83,180000,,,3,7,2015,,,,,,중개거래,
강남구,11680,도곡동,202606,아파트_매매,도곡렉슬,도곡동,527,59.9772,269000,,,22,27,2006,,,,,,중개거래,
강남구,11680,개포동,202606,아파트_매매,개포자이프레지던스,개포동,1284,49.9528,274000,,,5,26,2023,,,,,,중개거래,
강남구,11680,세곡동,202606,아파트_매매,세곡푸르지오,세곡동,533,59.89,170500,,,5,29,2012,,,,,,중개거래,
강남구,11680,논현동,202606,아파트_매매,두산위브2단지,논현동,258,106.829,242000,,,14,30,2004,,,,,,중개거래,
강남구,11680,개포동,202606,아파트_매매,개포래미안포레스트,개포동,1282,84.86,319000,,,3,6,2020,,,,,,중개거래,
강남구,11680,청담동,202606,아파트_매매,청담대우멤버스카운티12차,청담동,110-11,141.88,270000,,,4,24,2004,,,,,,중개거래,
강남구,11680,수서동,202606,아파트_매매,삼익,수서동,708,49.2,206000,,,10,19,1992,,,,,,중개거래,
강남구,11680,압구정동,202606,아파트_매매,신현대12차,압구정동,434,107.16,580000,,,2,30,1982,,,,,,중개거래,
강남구,11680,대치동,202606,아파트_매매,은마,대치동,316,84.43,393000,,,9,30,1979,,,,,,중개거래,
강남구,11680,대치동,202606,아파트_매매,개포우성2,대치동,500,127.78,500000,,,5,26,1984,,,,,,중개거래,
강남구,11680,개포동,202606,아파트_매매,개포래미안포레스트,개포동,1282,112.97,400000,,,10,6,2020,,,,,,중개거래,
강남구,11680,논현동,202606,아파트_매매,한양수자인어반게이트,논현동,221-7,16.2,18000,,,6,30,2013,,,,,,중개거래,
강남구,11680,압구정동,202606,아파트_매매,현대13차(208~211동),압구정동,448,108.47,610000,,,11,3,1983,,,,,,중개거래,
강남구,11680,대치동,202606,아파트_매매,대치더클래스,대치동,1031,84.12,208000,,,4,3,2022,,,,,,중개거래,
강남구,11680,삼성동,202606,아파트_매매,삼성동센트럴아이파크,삼성동,188,84.95,388000,,,19,26,2018,,,,,,중개거래,
강남구,11680,세곡동,202606,아파트_매매,강남데시앙파크,세곡동,525,84.97,160000,,,9,30,2011,,,,,,중개거래,
강남구,11680,일원동,202606,아파트_매매,수서,일원동,711,59.94,190500,,,11,29,1992,,,,,,중개거래,
강남구,11680,대치동,202606,아파트_매매,래미안대치팰리스,대치동,1027,91.93,397000,,,10,29,2015,,,,,,중개거래,
강남구,11680,일원동,202606,아파트_매매,푸른마을아파트101동~111동,일원동,719,59.76,230000,,,11,27,1994,,,,,,중개거래,
강남구,11680,대치동,202606,아파트_매매,은마,대치동,316,76.79,348000,,,9,12,1979,,,,,,중개거래,
강남구,11680,청담동,202606,아파트_매매,청담신원아침도시마인,청담동,122-35,27.0875,33000,,,5,18,2013,,,,,,중개거래,
강남구,11680,도곡동,202606,아파트_매매,도곡렉슬,도곡동,527,59.9818,290000,,,14,27,2006,,,,,,중개거래,
강남구,11680,논현동,202606,아파트_매매,삼성빌라트,논현동,79-5,120.98,137700,,,5,17,1998,,,,,,중개거래,
강남구,11680,수서동,202606,아파트_매매,까치마을,수서동,746,39.6,161500,,,12,28,1993,,,,,,중개거래,
강남구,11680,수서동,202606,아파트_매매,까치마을,수서동,746,39.6,158000,,,1,27,1993,,,,,,중개거래,
강남구,11680,논현동,202606,아파트_매매,힐타워,논현동,53-1,110.47,129000,,,2,10,2001,,,,,,중개거래,
강남구,11680,개포동,202606,아파트_매매,삼익대청아파트,개포동,12,39.53,177500,,,5,27,1992,,,,,,중개거래,
강남구,11680,논현동,202606,아파트_매매,신동아(22),논현동,22,35.73,133000,,,2,27,1997,,,,,,중개거래,
강남구,11680,대치동,202606,아파트_매매,대치르엘,대치동,1030,59.9972,280000,,,4,22,2021,,,,,,직거래,
강남구,11680,역삼동,202606,아파트_매매,강남센트럴아이파크,역삼동,902,59.945,292000,,,29,11,2022,,,,,,중개거래,
강남구,11680,역삼동,202606,아파트_매매,프리마빌,역삼동,727-11,92.35,105000,,,1,26,2003,,,,,,중개거래,
강남구,11680,개포동,202606,아파트_매매,성원대치2단지아파트,개포동,12,33.18,159500,,,11,27,1992,,,,,,중개거래,
강남구,11680,개포동,202606,아파트_매매,래미안블레스티지,개포동,1280,84.94,312600,,,21,9,2019,,,,,,중개거래,
강남구,11680,개포동,202606,아파트_매매,개포자이프레지던스,개포동,1284,45.8769,248000,,,5,25,2023,,,,,,중개거래,
강남구,11680,대치동,202606,아파트_매매,개포우성2,대치동,500,159.6,610000,,,8,24,1984,,,,,,중개거래,
강남구,11680,개포동,202606,아파트_매매,개포자이르네,개포동,1283,50.8665,144000,,,7,11,2022,,,,,,중개거래,
강남구,11680,세곡동,202606,아파트_매매,강남엘에이치1단지,세곡동,579,74.74,192000,,,14,25,2013,,,,,,중개거래,
강남구,11680,대치동,202606,아파트_매매,은마,대치동,316,76.79,337000,,,2,23,1979,,,,,,중개거래,O
강남구,11680,수서동,202606,아파트_매매,신동아,수서동,736,33.18,159500,,,7,25,1992,,,,,,중개거래,
강남구,11680,역삼동,202606,아파트_매매,한화진넥스빌,역삼동,706-20,39.2,34500,,,19,24,2001,,,,,,중개거래,
강남구,11680,자곡동,202606,아파트_매매,강남자곡 힐스테이트,자곡동,619,84.39,130000,,,3,5,2015,,,,,,중개거래,
강남구,11680,압구정동,202606,아파트_매매,한양1차(영동한양),압구정동,490,91.21,565000,,,5,12,1977,,,,,,중개거래,
강남구,11680,개포동,202606,아파트_매매,삼익대청아파트,개포동,12,51.12,190000,,,2,1,1992,,,,,,중개거래,
강남구,11680,개포동,202606,아파트_매매,현대1차101동~106동,개포동,653,128.62,357000,,,9,5,1984,,,,,,중개거래,
강남구,11680,개포동,202606,아파트_매매,성원대치2단지아파트,개포동,12,33.18,160000,,,12,24,1992,,,,,,중개거래,
강남구,11680,개포동,202606,아파트_매매,개포자이프레지던스,개포동,1284,78.7747,350000,,,6,1,2023,,,,,,중개거래,
강남구,11680,개포동,202606,아파트_매매,개포자이프레지던스,개포동,1284,84.5978,372000,,,13,3,2023,,,,,,중개거래,
강남구,11680,자곡동,202606,아파트_매매,래미안강남힐즈,자곡동,611,101.94,230000,,,11,24,2014,,,,,,중개거래,O
강남구,11680,개포동,202606,아파트_매매,래미안블레스티지,개포동,1280,113.808,360000,,,1,1,2019,,,,,,중개거래,
강남구,11680,삼성동,202606,아파트_매매,삼성동롯데아파트,삼성동,17,59.4,235000,,,2,4,2000,,,,,,중개거래,O
강남구,11680,개포동,202606,아파트_매매,현대2,개포동,654,84.81,325000,,,1,4,1986,,,,,,중개거래,
강남구,11680,일원동,202606,아파트_매매,디에이치자이개포,일원동,743,103.86,432000,,,21,6,2021,,,,,,중개거래,
강남구,11680,압구정동,202606,아파트_매매,현대13차(208~211동),압구정동,448,105.45,610000,,,5,11,1983,,,,,,중개거래,O
강남구,11680,개포동,202606,아파트_매매,래미안블레스티지,개포동,1280,99.991,350000,,,3,3,2019,,,,,,중개거래,
강남구,11680,청담동,202606,아파트_매매,삼환(101동),청담동,10,84.88,215000,,,1,23,1999,,,,,,중개거래,
강남구,11680,압구정동,202606,아파트_매매,신현대9차,압구정동,426,111.38,662500,,,11,16,1982,,,,,,중개거래,
강남구,11680,논현동,202606,아파트_매매,이산,논현동,194-22,64.23,70000,,,5,20,2011,,,,,,중개거래,
강남구,11680,삼성동,202606,아파트_매매,풍림(1차),삼성동,106,84.78,285000,,,3,22,1998,,,,,,중개거래,
강남구,11680,압구정동,202606,아파트_매매,"현대5차(71,72동)",압구정동,455,82.23,550000,,,4,3,1977,,,,,,중개거래,
강남구,11680,대치동,202606,아파트_매매,풍림아이원2차202동,대치동,910-6,156.21,255000,,,7,23,2003,,,,,,중개거래,
강남구,11680,개포동,202606,아파트_매매,개포자이프레지던스,개포동,1284,84.5978,348000,,,2,6,2023,,,,,,중개거래,
강남구,11680,도곡동,202606,아파트_매매,도곡렉슬,도곡동,527,119.8906,413000,,,5,6,2006,,,,,,중개거래,
강남구,11680,신사동,202606,아파트_매매,압구정대원칸타빌아파트,신사동,659,59.73,165000,,,8,22,2001,,,,,,중개거래,
강남구,11680,삼성동,202606,아파트_매매,삼성동대성유니드,삼성동,129,83.93,168000,,,5,11,2004,,,,,,중개거래,O
강남구,11680,압구정동,202606,아파트_매매,미성2차,압구정동,397,118.63,515000,,,5,19,1987,,,,,,중개거래,
강남구,11680,역삼동,202606,아파트_매매,대림역삼,역삼동,761-10,84.96,230000,,,7,15,1997,,,,,,중개거래,
강남구,11680,도곡동,202606,아파트_매매,도곡스타클래스,도곡동,957-11,111.38,177000,,,12,22,2007,,,,,,중개거래,
강남구,11680,역삼동,202606,아파트_매매,경남아너스빌,역삼동,722,84.688,181000,,,15,1,2002,,,,,,중개거래,
강남구,11680,청담동,202606,아파트_매매,대우로얄카운티2,청담동,116-5,241.24,473000,,,4,15,2002,,,,,,직거래,
강남구,11680,삼성동,202606,아파트_매매,삼성동한솔아파트,삼성동,4-6,58.57,213000,,,14,13,1998,,,,,,중개거래,
강남구,11680,도곡동,202606,아파트_매매,도곡렉슬,도곡동,527,119.8906,415000,,,5,11,2006,,,,,,중개거래,
강남구,11680,삼성동,202606,아파트_매매,삼성동센트럴아이파크,삼성동,188,84.99,413000,,,12,4,2018,,,,,,중개거래,
강남구,11680,압구정동,202606,아파트_매매,신현대12차,압구정동,434,112.05,599000,,,1,10,1982,,,,,,중개거래,
강남구,11680,세곡동,202606,아파트_매매,강남엘에이치1단지,세곡동,579,59.89,178000,,,12,19,2013,,,,,,중개거래,
강남구,11680,대치동,202606,아파트_매매,대우아이빌멤버스(891-26),대치동,891-26,35.796,25000,,,10,15,2003,,,,,,직거래,
강남구,11680,압구정동,202606,아파트_매매,신현대12차,압구정동,434,112.05,600000,,,1,20,1982,,,,,,중개거래,
강남구,11680,개포동,202606,아파트_매매,개포래미안포레스트,개포동,1282,84.86,320000,,,20,21,2020,,,,,,중개거래,
강남구,11680,세곡동,202606,아파트_매매,강남데시앙파크,세곡동,525,84.95,151000,,,6,20,2011,,,,,,중개거래,
강남구,11680,개포동,202606,아파트_매매,개포주공6단지,개포동,185,60.13,320000,,,9,20,1983,,,,,,중개거래,
강남구,11680,삼성동,202606,아파트_매매,아이파크,삼성동,87,195.388,977000,,,5,9,2004,,,,,,중개거래,
강남구,11680,대치동,202606,아파트_매매,대우아이빌명문가(891-23),대치동,891-23,33.06,26000,,,10,9,2004,,,,,,중개거래,
강남구,11680,대치동,202606,아파트_매매,은마,대치동,316,76.79,345000,,,13,20,1979,,,,,,중개거래,
강남구,11680,수서동,202606,아파트_매매,까치마을,수서동,746,49.5,201500,,,14,19,1993,,,,,,중개거래,
강남구,11680,도곡동,202606,아파트_매매,도곡스타클래스,도곡동,957-11,112.75,190000,,,16,19,2007,,,,,,중개거래,
강남구,11680,자곡동,202606,아파트_매매,강남자곡 힐스테이트,자곡동,619,51.96,139400,,,5,19,2015,,,,,,중개거래,
강남구,11680,청담동,202606,아파트_매매,청담자이,청담동,134-38,89.115,505000,,,34,18,2011,,,,,,중개거래,
강남구,11680,세곡동,202606,아파트_매매,강남데시앙파크,세곡동,525,84.97,152000,,,9,19,2011,,,,,,중개거래,
강남구,11680,논현동,202606,아파트_매매,신동아(22),논현동,22,35.73,135000,,,4,19,1997,,,,,,중개거래,
강남구,11680,자곡동,202606,아파트_매매,강남브리즈힐(토지임대부아파트),자곡동,618,74.04,125000,,,14,18,2014,,,,,,중개거래,
강남구,11680,압구정동,202606,아파트_매매,한양3,압구정동,489,116.94,600000,,,10,8,1978,,,,,,중개거래,
강남구,11680,청담동,202606,아파트_매매,청담자이,청담동,134-38,49.639,248500,,,3,8,2011,,,,,,중개거래,
강남구,11680,압구정동,202606,아파트_매매,현대8차(성수현대:91~95동),압구정동,481,163.67,700000,,,6,17,1980,,,,,,중개거래,
강남구,11680,도곡동,202606,아파트_매매,도곡렉슬,도곡동,527,84.9984,340000,,,2,3,2006,,,,,,중개거래,
강남구,11680,개포동,202606,아파트_매매,디에이치아너힐즈,개포동,1281,84.357,348000,,,16,6,2019,,,,,,중개거래,
강남구,11680,도곡동,202606,아파트_매매,타워팰리스1,도곡동,467,137.24,443000,,,10,5,2002,,,,,,중개거래,
강남구,11680,개포동,202606,아파트_매매,래미안블레스티지,개포동,1280,99.967,392000,,,23,13,2019,,,,,,중개거래,
강남구,11680,대치동,202606,아파트_매매,래미안대치팰리스,대치동,1027,91.89,445000,,,20,16,2015,,,,,,중개거래,
강남구,11680,청담동,202606,아파트_매매,BRUNNEN청담,청담동,114-9,202.79,520000,,,3,12,2019,,,,,,직거래,
강남구,11680,도곡동,202606,아파트_매매,한신(개포),도곡동,464,83.86,364000,,,8,17,1985,,,,,,중개거래,
강남구,11680,도곡동,202606,아파트_매매,도곡렉슬,도곡동,527,114.9931,391500,,,2,4,2006,,,,,,중개거래,
강남구,11680,역삼동,202606,아파트_매매,강남센트럴아이파크,역삼동,902,115.216,430000,,,19,4,2022,,,,,,중개거래,
강남구,11680,삼성동,202606,아파트_매매,래미안라클래시,삼성동,189,71.95,362000,,,23,16,2021,,,,,,중개거래,
강남구,11680,압구정동,202606,아파트_매매,신현대11차,압구정동,433,183.41,940000,,,4,16,1983,,,,,,중개거래,
강남구,11680,자곡동,202606,아파트_매매,강남자곡 힐스테이트,자곡동,619,51.96,140000,,,12,12,2015,,,,,,중개거래,O
강남구,11680,삼성동,202606,아파트_매매,삼성동롯데아파트,삼성동,17,59.4,235000,,,2,4,2000,,,,,,중개거래,O
강남구,11680,도곡동,202606,아파트_매매,도곡렉슬,도곡동,527,119.8906,418000,,,5,13,2006,,,,,,중개거래,
강남구,11680,논현동,202606,아파트_매매,마일스디오빌,논현동,58-2,36.29,37200,,,14,5,2004,,,,,,중개거래,
강남구,11680,도곡동,202606,아파트_매매,삼익,도곡동,869,153.71,280000,,,6,1,1983,,,,,,중개거래,
강남구,11680,대치동,202606,아파트_매매,선경1차(1동-7동),대치동,506,163.92,600000,,,9,2,1983,,,,,,중개거래,
강남구,11680,세곡동,202606,아파트_매매,세곡푸르지오,세곡동,533,74.74,188000,,,15,15,2012,,,,,,중개거래,
강남구,11680,도곡동,202606,아파트_매매,하이페리온,도곡동,968,182.6,315000,,,5,10,2004,,,,,,중개거래,
강남구,11680,압구정동,202606,아파트_매매,"현대6차(78~81,83,84,86,87동)",압구정동,456,157.36,792000,,,8,5,1978,,,,,,중개거래,
강남구,11680,대치동,202606,아파트_매매,한보미도맨션1,대치동,511,84.48,404000,,,11,6,1983,,,,,,중개거래,
강남구,11680,도곡동,202606,아파트_매매,럭키(963),도곡동,963,84.97,262000,,,11,14,1995,,,,,,중개거래,
강남구,11680,개포동,202606,아파트_매매,래미안블레스티지,개포동,1280,99.967,392000,,,23,13,2019,,,,,,중개거래,O
강남구,11680,개포동,202606,아파트_매매,성원대치2단지아파트,개포동,12,33.18,150000,,,5,13,1992,,,,,,중개거래,
강남구,11680,세곡동,202606,아파트_매매,세곡푸르지오,세곡동,533,84.84,191000,,,9,12,2012,,,,,,중개거래,
강남구,11680,논현동,202606,아파트_매매,논현파라곤,논현동,241-1,84.4,155000,,,7,13,2007,,,,,,중개거래,
강남구,11680,도곡동,202606,아파트_매매,그랜빌캐슬,도곡동,190-3,136.14,250000,,,2,11,2003,,,,,,중개거래,
강남구,11680,수서동,202606,아파트_매매,신동아,수서동,736,33.18,161000,,,5,12,1992,,,,,,중개거래,
강남구,11680,개포동,202606,아파트_매매,개포자이프레지던스,개포동,1284,102.7636,430000,,,7,2,2023,,,,,,중개거래,
강남구,11680,개포동,202606,아파트_매매,현대아파트3,개포동,177,163.85,401000,,,6,2,1986,,,,,,중개거래,
강남구,11680,논현동,202606,아파트_매매,마일스디오빌,논현동,58-2,36.29,35000,,,12,12,2004,,,,,,중개거래,
강남구,11680,개포동,202606,아파트_매매,현대1차101동~106동,개포동,653,177.19,400000,,,3,10,1984,,,,,,중개거래,
강남구,11680,개포동,202606,아파트_매매,성원대치2단지아파트,개포동,12,39.53,171500,,,3,11,1992,,,,,,중개거래,
강남구,11680,논현동,202606,아파트_매매,논현동한화꿈에그린,논현동,205-2,67.671,111000,,,1,4,2005,,,,,,중개거래,
강남구,11680,일원동,202606,아파트_매매,한솔마을,일원동,731,63.76,265000,,,2,8,1994,,,,,,중개거래,
강남구,11680,삼성동,202606,아파트_매매,삼성동힐스테이트 1단지,삼성동,16-2,31.402,173000,,,16,10,2008,,,,,,중개거래,
강남구,11680,논현동,202606,아파트_매매,우민,논현동,107-44,74.758,143000,,,4,9,2002,,,,,,중개거래,
강남구,11680,삼성동,202606,아파트_매매,삼성동롯데캐슬킹덤,삼성동,43,131.65,278000,,,4,1,2005,,,,,,중개거래,
강남구,11680,압구정동,202606,아파트_매매,신현대12차,압구정동,434,108.31,610000,,,11,10,1982,,,,,,중개거래,
강남구,11680,논현동,202606,아파트_매매,펜트힐루논현,논현동,211-21,43.392,100000,,,8,2,2021,,,,,,직거래,
강남구,11680,도곡동,202606,아파트_매매,타워팰리스3,도곡동,467-29,163.702,570000,,,21,4,2004,,,,,,중개거래,
강남구,11680,삼성동,202606,아파트_매매,한일,삼성동,48,80.29,229000,,,9,8,2001,,,,,,중개거래,
강남구,11680,개포동,202606,아파트_매매,현대1차101동~106동,개포동,653,95.4,306000,,,5,2,1984,,,,,,중개거래,
강남구,11680,대치동,202606,아파트_매매,은마,대치동,316,84.43,377000,,,3,3,1979,,,,,,중개거래,
강남구,11680,도곡동,202606,아파트_매매,도곡렉슬,도곡동,527,84.9984,364000,,,11,6,2006,,,,,,중개거래,
강남구,11680,수서동,202606,아파트_매매,까치마을,수서동,746,34.44,153500,,,7,8,1993,,,,,,중개거래,
강남구,11680,일원동,202606,아파트_매매,현대4,일원동,614,84.98,242000,,,1,5,1987,,,,,,중개거래,
강남구,11680,압구정동,202606,아파트_매매,신현대11차,압구정동,433,183.41,920000,,,3,2,1983,,,,,,중개거래,
강남구,11680,삼성동,202606,아파트_매매,풍림(1차),삼성동,106,59.7,220000,,,9,1,1998,,,,,,중개거래,
강남구,11680,개포동,202606,아파트_매매,개포래미안포레스트,개포동,1282,59.92,270000,,,4,3,2020,,,,,,중개거래,
강남구,11680,개포동,202606,아파트_매매,개포래미안포레스트,개포동,1282,84.86,325000,,,7,6,2020,,,,,,중개거래,
강남구,11680,대치동,202606,아파트_매매,대치현대,대치동,974,85,302000,,,12,5,1999,,,,,,중개거래,
강남구,11680,압구정동,202606,아파트_매매,한양1차(영동한양),압구정동,490,49.98,389000,,,11,5,1977,,,,,,중개거래,
강남구,11680,대치동,202606,아파트_매매,동부센트레빌,대치동,670,145.83,590000,,,12,5,2005,,,,,,중개거래,
강남구,11680,논현동,202606,아파트_매매,거평프리젠,논현동,196,30.215,35000,,,7,2,1996,,,,,,중개거래,
강남구,11680,수서동,202606,아파트_매매,강남 더샵 포레스트,수서동,799,124.5792,320000,,,10,5,2016,,,,,,중개거래,
강남구,11680,도곡동,202606,아파트_매매,도곡1차아이파크,도곡동,543-7,134.789,251000,,,25,4,2007,,,,,,직거래,
강남구,11680,압구정동,202606,아파트_매매,신현대9차,압구정동,426,108.88,610000,,,2,4,1982,,,,,,중개거래,
강남구,11680,삼성동,202606,아파트_매매,삼성동힐스테이트 1단지,삼성동,16-2,84.236,360000,,,13,4,2008,,,,,,중개거래,
강남구,11680,개포동,202606,아파트_매매,개포더샵트리에,개포동,651-1,108.2017,285000,,,8,4,2021,,,,,,중개거래,
강남구,11680,개포동,202606,아파트_매매,성원대치2단지아파트,개포동,12,39.53,171000,,,9,3,1992,,,,,,중개거래,
강남구,11680,개포동,202606,아파트_매매,새롬(1164-14),개포동,1164-14,57.93,82000,,,6,3,2000,,,,,,중개거래,
강남구,11680,개포동,202606,아파트_매매,개포더샵트리에,개포동,651-1,105.8064,280000,,,14,3,2021,,,,,,중개거래,
강남구,11680,개포동,202606,아파트_매매,성원대치2단지아파트,개포동,12,33.18,152000,,,5,3,1992,,,,,,중개거래,
강남구,11680,개포동,202606,아파트_매매,개포주공7단지,개포동,185,60.76,305000,,,3,3,1983,,,,,,중개거래,
강남구,11680,개포동,202606,아파트_매매,개포래미안포레스트,개포동,1282,84.86,320000,,,11,3,2020,,,,,,중개거래,
강남구,11680,대치동,202606,아파트_매매,래미안대치팰리스,대치동,1027,84.97,440000,,,15,3,2015,,,,,,중개거래,
강남구,11680,자곡동,202606,아파트_매매,강남자곡 힐스테이트,자곡동,619,59.93,154000,,,3,2,2015,,,,,,중개거래,
강남구,11680,도곡동,202606,아파트_매매,타워팰리스3,도곡동,467-29,124.641,360000,,,30,3,2004,,,,,,중개거래,
강남구,11680,수서동,202606,아파트_매매,까치마을,수서동,746,39.6,169000,,,12,3,1993,,,,,,중개거래,
강남구,11680,도곡동,202606,아파트_매매,럭키(963),도곡동,963,84.97,258000,,,13,2,1995,,,,,,중개거래,
강남구,11680,삼성동,202606,아파트_매매,래미안삼성2차,삼성동,7-3,101.38,310000,,,4,2,2007,,,,,,중개거래,
강남구,11680,삼성동,202606,아파트_매매,삼성동힐스테이트 1단지,삼성동,16-2,84.236,270000,,,5,2,2008,,,,,,중개거래,
강남구,11680,개포동,202606,아파트_매매,성원대치2단지아파트,개포동,12,33.18,153000,,,12,2,1992,,,,,,중개거래,
강남구,11680,도곡동,202606,아파트_매매,타워팰리스1,도곡동,467,174.67,450000,,,13,2,2002,,,,,,직거래,
강남구,11680,청담동,202606,아파트_매매,청담대림이-편한세상,청담동,30-33,81.84,255000,,,8,1,2002,,,,,,중개거래,
강남구,11680,개포동,202606,아파트_매매,개포래미안포레스트,개포동,1282,59.92,273000,,,12,2,2020,,,,,,중개거래,
강남구,11680,개포동,202606,아파트_매매,삼익대청아파트,개포동,12,51.12,193000,,,13,2,1992,,,,,,중개거래,
강남구,11680,대치동,202606,아파트_매매,동부센트레빌,대치동,670,145.83,540000,,,16,1,2005,,,,,,중개거래,
강남구,11680,삼성동,202606,아파트_매매,네오블로썸,삼성동,42-4,101.16,150000,,,4,1,2009,,,,,,중개거래,
강남구,11680,삼성동,202606,아파트_매매,아이파크,삼성동,87,145.046,665000,,,9,1,2004,,,,,,중개거래,
강남구,11680,대치동,202606,아파트_매매,대치현대,대치동,974,59.82,242000,,,4,1,1999,,,,,,중개거래,
강남구,11680,논현동,202606,아파트_매매,신동아(22),논현동,22,84.52,210000,,,8,1,1997,,,,,,중개거래,
강남구,11680,개포동,202606,아파트_매매,개포우성3차,개포동,652,104.43,295000,,,1,1,1984,,,,,,중개거래,
