{
"type": "FeatureCollection",
"name": "seoul_dong_20260701",
"xy_coordinate_resolution": 1e-06,
"features": [
{ "type": "Feature", "properties": { "district_code": "11110", "district_name": "종로구" }, "geometry": { "type": "Polygon", "coordinates": [ [ [ 126.967297, 37.566466 ], [ 126.967193, 37.566361 ], [ 126.967134, 37.566301 ], [ 126.967186, 37.566256 ], [ 126.966774, 37.565794 ], [ 126.965812, 37.566669 ], [ 126.961898, 37.570651 ], [ 126.959571, 37.572961 ], [ 126.953924, 37.578491 ], [ 126.953556, 37.578876 ], [ 126.954162, 37.578899 ], [ 126.95481, 37.578925 ], [ 126.954953, 37.578931 ], [ 126.955455, 37.57897 ], [ 126.955557, 37.579087 ], [ 126.955746, 37.579304 ], [ 126.955769, 37.580024 ], [ 126.955769, 37.580049 ], [ 126.955795, 37.580729 ], [ 126.956458, 37.581283 ], [ 126.957002, 37.581583 ], [ 126.957125, 37.581615 ], [ 126.958269, 37.581697 ], [ 126.958777, 37.581618 ], [ 126.960674, 37.580798 ], [ 126.957895, 37.583811 ], [ 126.956894, 37.58542 ], [ 126.957172, 37.586468 ], [ 126.957474, 37.587602 ], [ 126.957929, 37.588794 ], [ 126.957515, 37.592672 ], [ 126.95725, 37.593145 ], [ 126.956766, 37.594011 ], [ 126.956499, 37.594707 ], [ 126.956329, 37.59515 ], [ 126.956313, 37.595478 ], [ 126.956309, 37.595543 ], [ 126.956303, 37.595662 ], [ 126.956613, 37.596537 ], [ 126.956954, 37.597624 ], [ 126.956983, 37.597718 ], [ 126.957042, 37.597906 ], [ 126.957146, 37.598243 ], [ 126.957135, 37.598387 ], [ 126.9571, 37.598459 ], [ 126.957055, 37.598552 ], [ 126.956967, 37.598614 ], [ 126.956883, 37.598633 ], [ 126.956731, 37.598665 ], [ 126.956351, 37.598661 ], [ 126.956214, 37.598595 ], [ 126.956124, 37.598553 ], [ 126.956127, 37.598516 ], [ 126.956132, 37.598458 ], [ 126.955518, 37.598483 ], [ 126.954093, 37.598551 ], [ 126.953974, 37.598666 ], [ 126.953936, 37.598704 ], [ 126.953826, 37.59881 ], [ 126.953509, 37.599118 ], [ 126.952749, 37.600406 ], [ 126.952763, 37.601281 ], [ 126.952765, 37.601444 ], [ 126.952777, 37.602207 ], [ 126.95278, 37.602259 ], [ 126.952802, 37.602695 ], [ 126.952882, 37.60279 ], [ 126.953012, 37.602869 ], [ 126.953081, 37.602911 ], [ 126.953201, 37.603012 ], [ 126.953265, 37.603203 ], [ 126.953513, 37.604265 ], [ 126.953536, 37.604494 ], [ 126.95354, 37.604574 ], [ 126.953543, 37.604619 ], [ 126.953437, 37.605174 ], [ 126.953376, 37.605366 ], [ 126.953121, 37.605597 ], [ 126.950737, 37.60832 ], [ 126.950377, 37.607879 ], [ 126.949983, 37.609705 ], [ 126.950634, 37.610964 ], [ 126.950847, 37.6118 ], [ 126.950937, 37.61236 ], [ 126.950692, 37.614887 ], [ 126.950396, 37.616128 ], [ 126.950332, 37.618362 ], [ 126.951241, 37.622793 ], [ 126.951716, 37.624329 ], [ 126.952172, 37.624823 ], [ 126.952351, 37.624895 ], [ 126.953178, 37.625167 ], [ 126.956753, 37.625366 ], [ 126.957477, 37.626175 ], [ 126.959542, 37.628483 ], [ 126.962342, 37.62885 ], [ 126.967629, 37.629809 ], [ 126.968342, 37.629985 ], [ 126.968819, 37.630103 ], [ 126.969252, 37.630223 ], [ 126.970204, 37.630861 ], [ 126.971786, 37.632285 ], [ 126.975075, 37.631386 ], [ 126.976486, 37.630089 ], [ 126.976355, 37.629272 ], [ 126.976672, 37.628845 ], [ 126.978213, 37.628436 ], [ 126.979524, 37.629202 ], [ 126.980092, 37.629272 ], [ 126.980508, 37.629054 ], [ 126.980497, 37.628645 ], [ 126.980133, 37.628351 ], [ 126.979666, 37.627975 ], [ 126.979484, 37.62716 ], [ 126.979438, 37.626956 ], [ 126.979209, 37.624571 ], [ 126.980171, 37.623553 ], [ 126.98087, 37.622752 ], [ 126.981374, 37.621734 ], [ 126.982084, 37.619923 ], [ 126.981801, 37.619305 ], [ 126.982019, 37.618713 ], [ 126.982806, 37.616694 ], [ 126.983243, 37.616319 ], [ 126.983976, 37.616102 ], [ 126.98454, 37.615872 ], [ 126.985341, 37.615545 ], [ 126.986697, 37.614684 ], [ 126.987068, 37.613552 ], [ 126.98696, 37.610575 ], [ 126.986772, 37.610401 ], [ 126.986271, 37.609939 ], [ 126.985999, 37.608798 ], [ 126.985974, 37.608377 ], [ 126.985958, 37.608108 ], [ 126.985901, 37.607136 ], [ 126.986194, 37.606278 ], [ 126.986589, 37.605126 ], [ 126.987741, 37.601216 ], [ 126.986375, 37.60008 ], [ 126.984909, 37.599439 ], [ 126.982897, 37.599393 ], [ 126.982724, 37.599389 ], [ 126.982674, 37.599378 ], [ 126.982228, 37.599284 ], [ 126.981567, 37.599144 ], [ 126.981566, 37.598038 ], [ 126.981567, 37.597165 ], [ 126.982011, 37.595843 ], [ 126.982193, 37.595633 ], [ 126.98235, 37.595453 ], [ 126.982652, 37.595105 ], [ 126.982689, 37.595066 ], [ 126.983373, 37.594352 ], [ 126.983868, 37.59385 ], [ 126.984012, 37.593755 ], [ 126.984273, 37.593582 ], [ 126.984679, 37.593331 ], [ 126.985225, 37.593057 ], [ 126.985287, 37.593026 ], [ 126.985329, 37.593006 ], [ 126.985759, 37.592794 ], [ 126.98648, 37.592506 ], [ 126.987526, 37.592247 ], [ 126.988761, 37.592104 ], [ 126.989109, 37.591953 ], [ 126.989476, 37.591795 ], [ 126.989075, 37.591394 ], [ 126.989136, 37.591307 ], [ 126.998532, 37.592506 ], [ 126.998745, 37.592516 ], [ 126.998974, 37.592471 ], [ 126.999372, 37.592367 ], [ 127.000625, 37.592453 ], [ 127.000786, 37.592445 ], [ 127.000942, 37.592393 ], [ 127.00156, 37.591919 ], [ 127.001581, 37.59189 ], [ 127.001681, 37.591753 ], [ 127.001912, 37.591249 ], [ 127.001787, 37.590862 ], [ 127.001698, 37.590602 ], [ 127.001658, 37.590102 ], [ 127.002338, 37.589154 ], [ 127.002386, 37.589104 ], [ 127.00243, 37.589057 ], [ 127.00342, 37.588355 ], [ 127.004195, 37.58795 ], [ 127.004186, 37.58777 ], [ 127.004184, 37.587714 ], [ 127.004164, 37.58729 ], [ 127.0043, 37.587087 ], [ 127.004609, 37.586995 ], [ 127.004703, 37.586986 ], [ 127.005125, 37.586946 ], [ 127.005541, 37.586961 ], [ 127.005609, 37.586952 ], [ 127.005736, 37.586936 ], [ 127.005933, 37.58691 ], [ 127.006527, 37.586128 ], [ 127.00715, 37.584059 ], [ 127.007355, 37.583363 ], [ 127.007333, 37.583203 ], [ 127.008841, 37.580453 ], [ 127.009965, 37.580208 ], [ 127.01048, 37.580335 ], [ 127.012155, 37.581505 ], [ 127.012801, 37.581317 ], [ 127.013122, 37.581439 ], [ 127.013828, 37.581708 ], [ 127.014686, 37.582227 ], [ 127.01495, 37.582131 ], [ 127.016067, 37.58184 ], [ 127.01639, 37.581843 ], [ 127.016786, 37.581537 ], [ 127.017605, 37.579689 ], [ 127.018006, 37.578058 ], [ 127.018752, 37.577527 ], [ 127.022509, 37.578096 ], [ 127.023168, 37.578042 ], [ 127.023368, 37.57174 ], [ 127.018819, 37.570985 ], [ 127.017513, 37.570291 ], [ 127.017278, 37.570202 ], [ 127.017137, 37.57015 ], [ 127.017, 37.570103 ], [ 127.01687, 37.570059 ], [ 127.016741, 37.57002 ], [ 127.016642, 37.569989 ], [ 127.01638, 37.569912 ], [ 127.016177, 37.569863 ], [ 127.016006, 37.569824 ], [ 127.015865, 37.569815 ], [ 127.015763, 37.569809 ], [ 127.015665, 37.569809 ], [ 127.015376, 37.569807 ], [ 127.011616, 37.569782 ], [ 127.011286, 37.569782 ], [ 127.010104, 37.569783 ], [ 127.009585, 37.569784 ], [ 127.006684, 37.569648 ], [ 127.001622, 37.569592 ], [ 126.998349, 37.568951 ], [ 126.998297, 37.568941 ], [ 126.997924, 37.568886 ], [ 126.996977, 37.568749 ], [ 126.996797, 37.568724 ], [ 126.996697, 37.56871 ], [ 126.990869, 37.568243 ], [ 126.990592, 37.568224 ], [ 126.989516, 37.56815 ], [ 126.988898, 37.568109 ], [ 126.986861, 37.568201 ], [ 126.986787, 37.568205 ], [ 126.986599, 37.568213 ], [ 126.985717, 37.568376 ], [ 126.984422, 37.568615 ], [ 126.98397, 37.568688 ], [ 126.982732, 37.568885 ], [ 126.982692, 37.56889 ], [ 126.977803, 37.56925 ], [ 126.977584, 37.569241 ], [ 126.977034, 37.569195 ], [ 126.975975, 37.569336 ], [ 126.975375, 37.569316 ], [ 126.974332, 37.569262 ], [ 126.969048, 37.568194 ], [ 126.96801, 37.567183 ], [ 126.967925, 37.567097 ], [ 126.967336, 37.566504 ], [ 126.967297, 37.566466 ] ] ] } },
{ "type": "Feature", "properties": { "district_code": "11140", "district_name": "중구" }, "geometry": { "type": "Polygon", "coordinates": [ [ [ 127.003892, 37.550196 ], [ 127.002684, 37.549601 ], [ 127.000253, 37.549508 ], [ 127.000217, 37.549515 ], [ 126.999951, 37.549562 ], [ 126.999868, 37.549594 ], [ 126.999807, 37.549619 ], [ 126.999367, 37.549792 ], [ 126.999104, 37.549891 ], [ 126.998856, 37.549908 ], [ 126.998522, 37.549931 ], [ 126.997743, 37.549358 ], [ 126.995321, 37.547237 ], [ 126.993194, 37.549056 ], [ 126.99236, 37.550093 ], [ 126.987811, 37.551492 ], [ 126.985427, 37.553744 ], [ 126.984875, 37.553304 ], [ 126.984469, 37.553093 ], [ 126.984147, 37.553068 ], [ 126.983744, 37.553036 ], [ 126.983067, 37.553404 ], [ 126.982566, 37.553595 ], [ 126.98148, 37.553924 ], [ 126.980839, 37.553926 ], [ 126.979829, 37.553415 ], [ 126.978415, 37.554273 ], [ 126.977154, 37.554982 ], [ 126.977051, 37.555016 ], [ 126.976957, 37.555047 ], [ 126.976926, 37.555056 ], [ 126.976734, 37.555026 ], [ 126.976628, 37.554963 ], [ 126.976578, 37.554863 ], [ 126.976563, 37.554614 ], [ 126.976554, 37.554469 ], [ 126.976495, 37.553243 ], [ 126.97649, 37.553135 ], [ 126.976659, 37.552708 ], [ 126.972362, 37.554391 ], [ 126.969073, 37.553897 ], [ 126.968489, 37.555384 ], [ 126.96572, 37.554112 ], [ 126.965202, 37.553748 ], [ 126.964849, 37.553495 ], [ 126.962387, 37.551504 ], [ 126.962136, 37.551922 ], [ 126.962069, 37.552079 ], [ 126.961707, 37.552966 ], [ 126.961662, 37.553342 ], [ 126.961703, 37.555343 ], [ 126.961838, 37.555407 ], [ 126.961984, 37.555352 ], [ 126.962021, 37.555338 ], [ 126.96205, 37.555326 ], [ 126.962927, 37.556227 ], [ 126.963098, 37.556423 ], [ 126.963216, 37.55715 ], [ 126.963037, 37.558183 ], [ 126.961483, 37.558854 ], [ 126.962068, 37.559261 ], [ 126.96361, 37.55931 ], [ 126.963658, 37.559322 ], [ 126.96371, 37.559337 ], [ 126.963759, 37.55935 ], [ 126.963874, 37.559409 ], [ 126.964182, 37.559567 ], [ 126.964328, 37.55965 ], [ 126.965238, 37.560171 ], [ 126.965539, 37.560384 ], [ 126.966187, 37.560846 ], [ 126.966535, 37.56108 ], [ 126.966612, 37.561133 ], [ 126.966901, 37.561306 ], [ 126.967382, 37.561496 ], [ 126.967922, 37.561643 ], [ 126.968082, 37.561679 ], [ 126.968899, 37.561861 ], [ 126.969592, 37.562014 ], [ 126.966774, 37.565794 ], [ 126.967186, 37.566256 ], [ 126.967134, 37.566301 ], [ 126.967193, 37.566361 ], [ 126.967297, 37.566466 ], [ 126.967336, 37.566504 ], [ 126.967925, 37.567097 ], [ 126.96801, 37.567183 ], [ 126.969048, 37.568194 ], [ 126.974332, 37.569262 ], [ 126.975375, 37.569316 ], [ 126.975975, 37.569336 ], [ 126.977034, 37.569195 ], [ 126.977584, 37.569241 ], [ 126.977803, 37.56925 ], [ 126.982692, 37.56889 ], [ 126.982732, 37.568885 ], [ 126.98397, 37.568688 ], [ 126.984422, 37.568615 ], [ 126.985717, 37.568376 ], [ 126.986599, 37.568213 ], [ 126.986787, 37.568205 ], [ 126.986861, 37.568201 ], [ 126.988898, 37.568109 ], [ 126.989516, 37.56815 ], [ 126.990592, 37.568224 ], [ 126.990869, 37.568243 ], [ 126.996697, 37.56871 ], [ 126.996797, 37.568724 ], [ 126.996977, 37.568749 ], [ 126.997924, 37.568886 ], [ 126.998297, 37.568941 ], [ 126.998349, 37.568951 ], [ 127.001622, 37.569592 ], [ 127.006684, 37.569648 ], [ 127.009585, 37.569784 ], [ 127.010104, 37.569783 ], [ 127.011286, 37.569782 ], [ 127.011616, 37.569782 ], [ 127.015376, 37.569807 ], [ 127.015665, 37.569809 ], [ 127.015763, 37.569809 ], [ 127.015865, 37.569815 ], [ 127.016006, 37.569824 ], [ 127.016177, 37.569863 ], [ 127.01638, 37.569912 ], [ 127.016642, 37.569989 ], [ 127.016741, 37.57002 ], [ 127.01687, 37.570059 ], [ 127.017, 37.570103 ], [ 127.017137, 37.57015 ], [ 127.017278, 37.570202 ], [ 127.017513, 37.570291 ], [ 127.018819, 37.570985 ], [ 127.023368, 37.57174 ], [ 127.023598, 37.565804 ], [ 127.023615, 37.565169 ], [ 127.026705, 37.56499 ], [ 127.026757, 37.564289 ], [ 127.026708, 37.563882 ], [ 127.026591, 37.563584 ], [ 127.026499, 37.563387 ], [ 127.026482, 37.563356 ], [ 127.026395, 37.563207 ], [ 127.026265, 37.562994 ], [ 127.02353, 37.56073 ], [ 127.023495, 37.560718 ], [ 127.023335, 37.560744 ], [ 127.022857, 37.557868 ], [ 127.021824, 37.557709 ], [ 127.019371, 37.557499 ], [ 127.019464, 37.55734 ], [ 127.018907, 37.557135 ], [ 127.018769, 37.557073 ], [ 127.018589, 37.556991 ], [ 127.018366, 37.55687 ], [ 127.018004, 37.556655 ], [ 127.017924, 37.5566 ], [ 127.01788, 37.55657 ], [ 127.017411, 37.555983 ], [ 127.016306, 37.553011 ], [ 127.013208, 37.549944 ], [ 127.011658, 37.548512 ], [ 127.01148, 37.548416 ], [ 127.010867, 37.548118 ], [ 127.010813, 37.548098 ], [ 127.010782, 37.548087 ], [ 127.010682, 37.548078 ], [ 127.008606, 37.54398 ], [ 127.007258, 37.543811 ], [ 127.004843, 37.546182 ], [ 127.005306, 37.547712 ], [ 127.005308, 37.547738 ], [ 127.00531, 37.54777 ], [ 127.005313, 37.547814 ], [ 127.005894, 37.548205 ], [ 127.005784, 37.548226 ], [ 127.005737, 37.548235 ], [ 127.005541, 37.548267 ], [ 127.005422, 37.548285 ], [ 127.00532, 37.5483 ], [ 127.004716, 37.548347 ], [ 127.004631, 37.548564 ], [ 127.00447, 37.548973 ], [ 127.004387, 37.549187 ], [ 127.004379, 37.549563 ], [ 127.004402, 37.549664 ], [ 127.004225, 37.550376 ], [ 127.003892, 37.550196 ] ] ] } },
{ "type": "Feature", "properties": { "district_code": "11170", "district_name": "용산구" }, "geometry": { "type": "Polygon", "coordinates": [ [ [ 126.980132, 37.506493 ], [ 126.974055, 37.507333 ], [ 126.96585, 37.510513 ], [ 126.961742, 37.512835 ], [ 126.957198, 37.515414 ], [ 126.949562, 37.517814 ], [ 126.949615, 37.521163 ], [ 126.949654, 37.526756 ], [ 126.948644, 37.528548 ], [ 126.94467, 37.533752 ], [ 126.945082, 37.534935 ], [ 126.945433, 37.535192 ], [ 126.946052, 37.535595 ], [ 126.946186, 37.535653 ], [ 126.946396, 37.535742 ], [ 126.947811, 37.535623 ], [ 126.949422, 37.53587 ], [ 126.950758, 37.536117 ], [ 126.951127, 37.536213 ], [ 126.95131, 37.536295 ], [ 126.952235, 37.536804 ], [ 126.952826, 37.537284 ], [ 126.952968, 37.537426 ], [ 126.952985, 37.537519 ], [ 126.952995, 37.53757 ], [ 126.953014, 37.537675 ], [ 126.95301, 37.537807 ], [ 126.953008, 37.537847 ], [ 126.953843, 37.53849 ], [ 126.956401, 37.540585 ], [ 126.956508, 37.540705 ], [ 126.9577, 37.542083 ], [ 126.957803, 37.542899 ], [ 126.958629, 37.545582 ], [ 126.96162, 37.547697 ], [ 126.962934, 37.54878 ], [ 126.9632, 37.548677 ], [ 126.963687, 37.548903 ], [ 126.963943, 37.549803 ], [ 126.962387, 37.551504 ], [ 126.964849, 37.553495 ], [ 126.965202, 37.553748 ], [ 126.96572, 37.554112 ], [ 126.968489, 37.555384 ], [ 126.969073, 37.553897 ], [ 126.972362, 37.554391 ], [ 126.976659, 37.552708 ], [ 126.97649, 37.553135 ], [ 126.976495, 37.553243 ], [ 126.976554, 37.554469 ], [ 126.976563, 37.554614 ], [ 126.976578, 37.554863 ], [ 126.976628, 37.554963 ], [ 126.976734, 37.555026 ], [ 126.976926, 37.555056 ], [ 126.976957, 37.555047 ], [ 126.977051, 37.555016 ], [ 126.977154, 37.554982 ], [ 126.978415, 37.554273 ], [ 126.979829, 37.553415 ], [ 126.980839, 37.553926 ], [ 126.98148, 37.553924 ], [ 126.982566, 37.553595 ], [ 126.983067, 37.553404 ], [ 126.983744, 37.553036 ], [ 126.984147, 37.553068 ], [ 126.984469, 37.553093 ], [ 126.984875, 37.553304 ], [ 126.985427, 37.553744 ], [ 126.987811, 37.551492 ], [ 126.99236, 37.550093 ], [ 126.993194, 37.549056 ], [ 126.995321, 37.547237 ], [ 126.997743, 37.549358 ], [ 126.998522, 37.549931 ], [ 126.998856, 37.549908 ], [ 126.999104, 37.549891 ], [ 126.999367, 37.549792 ], [ 126.999807, 37.549619 ], [ 126.999868, 37.549594 ], [ 126.999951, 37.549562 ], [ 127.000217, 37.549515 ], [ 127.000253, 37.549508 ], [ 127.002684, 37.549601 ], [ 127.003892, 37.550196 ], [ 127.004225, 37.550376 ], [ 127.004402, 37.549664 ], [ 127.004379, 37.549563 ], [ 127.004387, 37.549187 ], [ 127.00447, 37.548973 ], [ 127.004631, 37.548564 ], [ 127.004716, 37.548347 ], [ 127.00532, 37.5483 ], [ 127.005422, 37.548285 ], [ 127.005541, 37.548267 ], [ 127.005737, 37.548235 ], [ 127.005784, 37.548226 ], [ 127.005894, 37.548205 ], [ 127.005313, 37.547814 ], [ 127.00531, 37.54777 ], [ 127.005308, 37.547738 ], [ 127.005306, 37.547712 ], [ 127.004843, 37.546182 ], [ 127.007258, 37.543811 ], [ 127.008606, 37.54398 ], [ 127.008577, 37.543889 ], [ 127.008425, 37.542865 ], [ 127.008337, 37.541859 ], [ 127.009323, 37.539677 ], [ 127.009471, 37.539577 ], [ 127.009926, 37.539371 ], [ 127.011533, 37.538981 ], [ 127.011765, 37.539042 ], [ 127.012126, 37.539151 ], [ 127.012137, 37.539186 ], [ 127.01289, 37.539314 ], [ 127.014789, 37.538901 ], [ 127.015764, 37.538306 ], [ 127.017194, 37.537424 ], [ 127.020924, 37.535119 ], [ 127.020182, 37.534642 ], [ 127.020059, 37.534563 ], [ 127.019513, 37.534105 ], [ 127.018222, 37.533023 ], [ 127.017038, 37.532029 ], [ 127.016375, 37.531472 ], [ 127.015457, 37.530702 ], [ 127.012609, 37.528313 ], [ 127.011868, 37.527841 ], [ 127.007972, 37.524589 ], [ 127.004427, 37.520261 ], [ 127.000387, 37.517949 ], [ 126.995941, 37.515742 ], [ 126.990617, 37.513025 ], [ 126.985677, 37.506632 ], [ 126.980734, 37.506569 ], [ 126.980132, 37.506493 ] ] ] } },
{ "type": "Feature", "properties": { "district_code": "11200", "district_name": "성동구" }, "geometry": { "type": "Polygon", "coordinates": [ [ [ 127.021565, 37.535531 ], [ 127.020924, 37.535119 ], [ 127.017194, 37.537424 ], [ 127.015764, 37.538306 ], [ 127.014789, 37.538901 ], [ 127.01289, 37.539314 ], [ 127.012137, 37.539186 ], [ 127.012126, 37.539151 ], [ 127.011765, 37.539042 ], [ 127.011533, 37.538981 ], [ 127.009926, 37.539371 ], [ 127.009471, 37.539577 ], [ 127.009323, 37.539677 ], [ 127.008337, 37.541859 ], [ 127.008425, 37.542865 ], [ 127.008577, 37.543889 ], [ 127.008606, 37.54398 ], [ 127.010682, 37.548078 ], [ 127.010782, 37.548087 ], [ 127.010813, 37.548098 ], [ 127.010867, 37.548118 ], [ 127.01148, 37.548416 ], [ 127.011658, 37.548512 ], [ 127.013208, 37.549944 ], [ 127.016306, 37.553011 ], [ 127.017411, 37.555983 ], [ 127.01788, 37.55657 ], [ 127.017924, 37.5566 ], [ 127.018004, 37.556655 ], [ 127.018366, 37.55687 ], [ 127.018589, 37.556991 ], [ 127.018769, 37.557073 ], [ 127.018907, 37.557135 ], [ 127.019464, 37.55734 ], [ 127.019371, 37.557499 ], [ 127.021824, 37.557709 ], [ 127.022857, 37.557868 ], [ 127.023335, 37.560744 ], [ 127.023495, 37.560718 ], [ 127.02353, 37.56073 ], [ 127.026265, 37.562994 ], [ 127.026395, 37.563207 ], [ 127.026482, 37.563356 ], [ 127.026499, 37.563387 ], [ 127.026591, 37.563584 ], [ 127.026708, 37.563882 ], [ 127.026757, 37.564289 ], [ 127.026705, 37.56499 ], [ 127.023615, 37.565169 ], [ 127.023598, 37.565804 ], [ 127.023368, 37.57174 ], [ 127.030357, 37.569819 ], [ 127.032311, 37.570144 ], [ 127.034762, 37.571753 ], [ 127.035102, 37.571958 ], [ 127.035452, 37.572129 ], [ 127.036373, 37.57246 ], [ 127.036478, 37.572497 ], [ 127.036533, 37.572517 ], [ 127.037927, 37.572898 ], [ 127.037985, 37.572903 ], [ 127.03865, 37.572955 ], [ 127.04218, 37.573021 ], [ 127.048657, 37.569866 ], [ 127.056837, 37.563766 ], [ 127.057775, 37.563019 ], [ 127.058143, 37.562761 ], [ 127.058203, 37.56272 ], [ 127.058707, 37.562458 ], [ 127.059053, 37.562312 ], [ 127.059389, 37.562231 ], [ 127.063307, 37.561484 ], [ 127.065504, 37.561147 ], [ 127.065546, 37.561346 ], [ 127.068916, 37.560869 ], [ 127.069691, 37.560753 ], [ 127.070707, 37.560584 ], [ 127.072102, 37.560046 ], [ 127.073698, 37.55944 ], [ 127.067499, 37.548311 ], [ 127.063943, 37.542151 ], [ 127.062826, 37.540186 ], [ 127.056567, 37.529101 ], [ 127.049058, 37.532552 ], [ 127.046669, 37.534 ], [ 127.040308, 37.535897 ], [ 127.035901, 37.535838 ], [ 127.021565, 37.535531 ] ] ] } },
{ "type": "Feature", "properties": { "district_code": "11215", "district_name": "광진구" }, "geometry": { "type": "Polygon", "coordinates": [ [ [ 127.066962, 37.525081 ], [ 127.065265, 37.525604 ], [ 127.060252, 37.527522 ], [ 127.056567, 37.529101 ], [ 127.062826, 37.540186 ], [ 127.063943, 37.542151 ], [ 127.067499, 37.548311 ], [ 127.073698, 37.55944 ], [ 127.072102, 37.560046 ], [ 127.075848, 37.566637 ], [ 127.076859, 37.568439 ], [ 127.077777, 37.570079 ], [ 127.0782, 37.570945 ], [ 127.078576, 37.571861 ], [ 127.080983, 37.57161 ], [ 127.086165, 37.570821 ], [ 127.086717, 37.570838 ], [ 127.086835, 37.570839 ], [ 127.086884, 37.570838 ], [ 127.086957, 37.570838 ], [ 127.087005, 37.570838 ], [ 127.087037, 37.570838 ], [ 127.087128, 37.570838 ], [ 127.087183, 37.570839 ], [ 127.087231, 37.570841 ], [ 127.087547, 37.570845 ], [ 127.08759, 37.570845 ], [ 127.087899, 37.570834 ], [ 127.08801, 37.570829 ], [ 127.088055, 37.570828 ], [ 127.08816, 37.570818 ], [ 127.088296, 37.570389 ], [ 127.088326, 37.570296 ], [ 127.088396, 37.570076 ], [ 127.088711, 37.570127 ], [ 127.088761, 37.570136 ], [ 127.088922, 37.570168 ], [ 127.088983, 37.570181 ], [ 127.089086, 37.570181 ], [ 127.089185, 37.570156 ], [ 127.08931, 37.57012 ], [ 127.089582, 37.569966 ], [ 127.089769, 37.569885 ], [ 127.089859, 37.569804 ], [ 127.089903, 37.569764 ], [ 127.09, 37.5697 ], [ 127.090099, 37.569675 ], [ 127.090232, 37.569646 ], [ 127.090351, 37.56962 ], [ 127.090461, 37.569608 ], [ 127.090721, 37.569578 ], [ 127.090766, 37.569576 ], [ 127.09117, 37.569559 ], [ 127.091212, 37.569563 ], [ 127.091458, 37.569585 ], [ 127.091803, 37.569648 ], [ 127.09195, 37.569708 ], [ 127.092075, 37.56976 ], [ 127.092227, 37.569829 ], [ 127.092312, 37.569871 ], [ 127.092402, 37.569956 ], [ 127.092486, 37.570097 ], [ 127.092533, 37.570247 ], [ 127.092632, 37.570411 ], [ 127.092692, 37.570397 ], [ 127.092781, 37.570376 ], [ 127.092923, 37.570356 ], [ 127.093086, 37.570332 ], [ 127.09323, 37.57032 ], [ 127.093313, 37.570313 ], [ 127.093453, 37.570331 ], [ 127.093654, 37.570387 ], [ 127.093804, 37.570405 ], [ 127.093931, 37.570421 ], [ 127.093978, 37.570429 ], [ 127.094094, 37.570449 ], [ 127.094188, 37.570465 ], [ 127.09428, 37.570501 ], [ 127.094319, 37.570517 ], [ 127.094428, 37.570554 ], [ 127.094572, 37.570603 ], [ 127.094772, 37.570728 ], [ 127.094957, 37.570817 ], [ 127.095098, 37.570884 ], [ 127.095147, 37.570905 ], [ 127.095309, 37.570974 ], [ 127.095443, 37.571031 ], [ 127.095508, 37.571051 ], [ 127.09565, 37.571096 ], [ 127.095751, 37.571104 ], [ 127.10093, 37.57356 ], [ 127.101637, 37.572558 ], [ 127.102933, 37.572372 ], [ 127.102974, 37.572366 ], [ 127.103076, 37.572331 ], [ 127.103163, 37.572293 ], [ 127.103263, 37.572228 ], [ 127.103686, 37.571941 ], [ 127.103835, 37.571835 ], [ 127.103974, 37.571729 ], [ 127.103996, 37.571707 ], [ 127.104012, 37.571675 ], [ 127.104187, 37.571099 ], [ 127.10419, 37.571051 ], [ 127.104184, 37.570995 ], [ 127.10416, 37.570922 ], [ 127.104066, 37.5708 ], [ 127.103983, 37.570691 ], [ 127.103945, 37.570657 ], [ 127.103901, 37.570617 ], [ 127.103833, 37.57053 ], [ 127.103798, 37.570483 ], [ 127.103749, 37.570416 ], [ 127.103496, 37.570025 ], [ 127.103429, 37.569894 ], [ 127.103385, 37.569786 ], [ 127.103373, 37.569749 ], [ 127.103342, 37.569649 ], [ 127.101093, 37.56091 ], [ 127.101081, 37.560821 ], [ 127.101081, 37.560756 ], [ 127.101146, 37.560023 ], [ 127.104246, 37.559876 ], [ 127.10896, 37.559824 ], [ 127.110022, 37.558459 ], [ 127.111465, 37.558889 ], [ 127.113769, 37.558885 ], [ 127.113897, 37.558599 ], [ 127.113894, 37.556662 ], [ 127.113892, 37.555124 ], [ 127.113889, 37.55333 ], [ 127.113357, 37.552031 ], [ 127.113343, 37.551997 ], [ 127.11307, 37.551331 ], [ 127.112444, 37.549507 ], [ 127.112223, 37.548342 ], [ 127.112072, 37.547546 ], [ 127.111569, 37.54651 ], [ 127.110887, 37.545475 ], [ 127.109564, 37.54347 ], [ 127.104158, 37.536003 ], [ 127.103202, 37.534665 ], [ 127.098957, 37.527954 ], [ 127.098118, 37.527559 ], [ 127.092251, 37.526786 ], [ 127.090438, 37.526002 ], [ 127.08852, 37.525491 ], [ 127.087594, 37.525245 ], [ 127.08559, 37.524743 ], [ 127.084285, 37.52442 ], [ 127.083421, 37.524311 ], [ 127.082365, 37.524178 ], [ 127.07989, 37.523866 ], [ 127.07758, 37.523575 ], [ 127.076947, 37.523593 ], [ 127.072855, 37.523713 ], [ 127.072577, 37.523777 ], [ 127.066962, 37.525081 ] ] ] } },
{ "type": "Feature", "properties": { "district_code": "11230", "district_name": "동대문구" }, "geometry": { "type": "Polygon", "coordinates": [ [ [ 127.048657, 37.569866 ], [ 127.04218, 37.573021 ], [ 127.03865, 37.572955 ], [ 127.037985, 37.572903 ], [ 127.037927, 37.572898 ], [ 127.036533, 37.572517 ], [ 127.036478, 37.572497 ], [ 127.036373, 37.57246 ], [ 127.035452, 37.572129 ], [ 127.035102, 37.571958 ], [ 127.034762, 37.571753 ], [ 127.032311, 37.570144 ], [ 127.030357, 37.569819 ], [ 127.023368, 37.57174 ], [ 127.023168, 37.578042 ], [ 127.024472, 37.579197 ], [ 127.029499, 37.582725 ], [ 127.031678, 37.585071 ], [ 127.036389, 37.589923 ], [ 127.036488, 37.591246 ], [ 127.039063, 37.59127 ], [ 127.040754, 37.5958 ], [ 127.043517, 37.596906 ], [ 127.047647, 37.596288 ], [ 127.047767, 37.59666 ], [ 127.048158, 37.597556 ], [ 127.050273, 37.601105 ], [ 127.051009, 37.601569 ], [ 127.051327, 37.601627 ], [ 127.05203, 37.599953 ], [ 127.057256, 37.601252 ], [ 127.060046, 37.6021 ], [ 127.060773, 37.60357 ], [ 127.061669, 37.60463 ], [ 127.06214, 37.605136 ], [ 127.062335, 37.605281 ], [ 127.064973, 37.605874 ], [ 127.066246, 37.605821 ], [ 127.068101, 37.606508 ], [ 127.068734, 37.606871 ], [ 127.068588, 37.609322 ], [ 127.068873, 37.60933 ], [ 127.069355, 37.609332 ], [ 127.071718, 37.606812 ], [ 127.072317, 37.604656 ], [ 127.072439, 37.604064 ], [ 127.072701, 37.602793 ], [ 127.072721, 37.602443 ], [ 127.07271, 37.60227 ], [ 127.072653, 37.60168 ], [ 127.072629, 37.601604 ], [ 127.072612, 37.601552 ], [ 127.072464, 37.601112 ], [ 127.071985, 37.600324 ], [ 127.071803, 37.600074 ], [ 127.071616, 37.599817 ], [ 127.06983, 37.597749 ], [ 127.069626, 37.594883 ], [ 127.070355, 37.592475 ], [ 127.07072, 37.590912 ], [ 127.071626, 37.587947 ], [ 127.073676, 37.585354 ], [ 127.077229, 37.580982 ], [ 127.078318, 37.576784 ], [ 127.078645, 37.572633 ], [ 127.078576, 37.571861 ], [ 127.0782, 37.570945 ], [ 127.077777, 37.570079 ], [ 127.076859, 37.568439 ], [ 127.075848, 37.566637 ], [ 127.072102, 37.560046 ], [ 127.070707, 37.560584 ], [ 127.069691, 37.560753 ], [ 127.068916, 37.560869 ], [ 127.065546, 37.561346 ], [ 127.065504, 37.561147 ], [ 127.063307, 37.561484 ], [ 127.059389, 37.562231 ], [ 127.059053, 37.562312 ], [ 127.058707, 37.562458 ], [ 127.058203, 37.56272 ], [ 127.058143, 37.562761 ], [ 127.057775, 37.563019 ], [ 127.056837, 37.563766 ], [ 127.048657, 37.569866 ] ] ] } },
{ "type": "Feature", "properties": { "district_code": "11260", "district_name": "중랑구" }, "geometry": { "type": "Polygon", "coordinates": [ [ [ 127.095309, 37.570974 ], [ 127.095147, 37.570905 ], [ 127.095098, 37.570884 ], [ 127.094957, 37.570817 ], [ 127.094772, 37.570728 ], [ 127.094572, 37.570603 ], [ 127.094428, 37.570554 ], [ 127.094319, 37.570517 ], [ 127.09428, 37.570501 ], [ 127.094188, 37.570465 ], [ 127.094094, 37.570449 ], [ 127.093978, 37.570429 ], [ 127.093931, 37.570421 ], [ 127.093804, 37.570405 ], [ 127.093654, 37.570387 ], [ 127.093453, 37.570331 ], [ 127.093313, 37.570313 ], [ 127.09323, 37.57032 ], [ 127.093086, 37.570332 ], [ 127.092923, 37.570356 ], [ 127.092781, 37.570376 ], [ 127.092692, 37.570397 ], [ 127.092632, 37.570411 ], [ 127.092533, 37.570247 ], [ 127.092486, 37.570097 ], [ 127.092402, 37.569956 ], [ 127.092312, 37.569871 ], [ 127.092227, 37.569829 ], [ 127.092075, 37.56976 ], [ 127.09195, 37.569708 ], [ 127.091803, 37.569648 ], [ 127.091458, 37.569585 ], [ 127.091212, 37.569563 ], [ 127.09117, 37.569559 ], [ 127.090766, 37.569576 ], [ 127.090721, 37.569578 ], [ 127.090461, 37.569608 ], [ 127.090351, 37.56962 ], [ 127.090232, 37.569646 ], [ 127.090099, 37.569675 ], [ 127.09, 37.5697 ], [ 127.089903, 37.569764 ], [ 127.089859, 37.569804 ], [ 127.089769, 37.569885 ], [ 127.089582, 37.569966 ], [ 127.08931, 37.57012 ], [ 127.089185, 37.570156 ], [ 127.089086, 37.570181 ], [ 127.088983, 37.570181 ], [ 127.088922, 37.570168 ], [ 127.088761, 37.570136 ], [ 127.088711, 37.570127 ], [ 127.088396, 37.570076 ], [ 127.088326, 37.570296 ], [ 127.088296, 37.570389 ], [ 127.08816, 37.570818 ], [ 127.088055, 37.570828 ], [ 127.08801, 37.570829 ], [ 127.087899, 37.570834 ], [ 127.08759, 37.570845 ], [ 127.087547, 37.570845 ], [ 127.087231, 37.570841 ], [ 127.087183, 37.570839 ], [ 127.087128, 37.570838 ], [ 127.087037, 37.570838 ], [ 127.087005, 37.570838 ], [ 127.086957, 37.570838 ], [ 127.086884, 37.570838 ], [ 127.086835, 37.570839 ], [ 127.086717, 37.570838 ], [ 127.086165, 37.570821 ], [ 127.080983, 37.57161 ], [ 127.078576, 37.571861 ], [ 127.078645, 37.572633 ], [ 127.078318, 37.576784 ], [ 127.077229, 37.580982 ], [ 127.073676, 37.585354 ], [ 127.071626, 37.587947 ], [ 127.07072, 37.590912 ], [ 127.070355, 37.592475 ], [ 127.069626, 37.594883 ], [ 127.06983, 37.597749 ], [ 127.071616, 37.599817 ], [ 127.071803, 37.600074 ], [ 127.071985, 37.600324 ], [ 127.072464, 37.601112 ], [ 127.072612, 37.601552 ], [ 127.072629, 37.601604 ], [ 127.072653, 37.60168 ], [ 127.07271, 37.60227 ], [ 127.072721, 37.602443 ], [ 127.072701, 37.602793 ], [ 127.072439, 37.604064 ], [ 127.072317, 37.604656 ], [ 127.071718, 37.606812 ], [ 127.071459, 37.61428 ], [ 127.071403, 37.615628 ], [ 127.075849, 37.617078 ], [ 127.081637, 37.619251 ], [ 127.082446, 37.619295 ], [ 127.08415, 37.619633 ], [ 127.085728, 37.620168 ], [ 127.087973, 37.619887 ], [ 127.089543, 37.619644 ], [ 127.092436, 37.618279 ], [ 127.092608, 37.618211 ], [ 127.093047, 37.618041 ], [ 127.096148, 37.617102 ], [ 127.096816, 37.617054 ], [ 127.096951, 37.617051 ], [ 127.097042, 37.61705 ], [ 127.100499, 37.618881 ], [ 127.101447, 37.619756 ], [ 127.101508, 37.619803 ], [ 127.101551, 37.619815 ], [ 127.101825, 37.619888 ], [ 127.105023, 37.620684 ], [ 127.10571, 37.620833 ], [ 127.105819, 37.62078 ], [ 127.106042, 37.620641 ], [ 127.106138, 37.620598 ], [ 127.10735, 37.620501 ], [ 127.108752, 37.62046 ], [ 127.109084, 37.62052 ], [ 127.109512, 37.620635 ], [ 127.109829, 37.620706 ], [ 127.110011, 37.620742 ], [ 127.110115, 37.620762 ], [ 127.110241, 37.620774 ], [ 127.110392, 37.620787 ], [ 127.110645, 37.620789 ], [ 127.110852, 37.620777 ], [ 127.110979, 37.620756 ], [ 127.11134, 37.620655 ], [ 127.111478, 37.620606 ], [ 127.112737, 37.62007 ], [ 127.113829, 37.619487 ], [ 127.113945, 37.619429 ], [ 127.113995, 37.619419 ], [ 127.115675, 37.619295 ], [ 127.116968, 37.617431 ], [ 127.116671, 37.615768 ], [ 127.116926, 37.614358 ], [ 127.117308, 37.612925 ], [ 127.117587, 37.611707 ], [ 127.116796, 37.609905 ], [ 127.116615, 37.608822 ], [ 127.117137, 37.608607 ], [ 127.117901, 37.608141 ], [ 127.118178, 37.60779 ], [ 127.118207, 37.607754 ], [ 127.118317, 37.607614 ], [ 127.118375, 37.607376 ], [ 127.118276, 37.60628 ], [ 127.118011, 37.604578 ], [ 127.116891, 37.60315 ], [ 127.115224, 37.601258 ], [ 127.114282, 37.600352 ], [ 127.113832, 37.599964 ], [ 127.113847, 37.599818 ], [ 127.113892, 37.599525 ], [ 127.113963, 37.599421 ], [ 127.115958, 37.597279 ], [ 127.116, 37.597241 ], [ 127.116499, 37.596781 ], [ 127.118018, 37.595345 ], [ 127.118366, 37.595016 ], [ 127.117824, 37.594005 ], [ 127.115355, 37.593505 ], [ 127.113906, 37.593343 ], [ 127.1124, 37.591864 ], [ 127.110143, 37.587416 ], [ 127.109839, 37.585966 ], [ 127.109528, 37.585069 ], [ 127.109328, 37.584664 ], [ 127.106032, 37.584564 ], [ 127.102666, 37.584105 ], [ 127.09975, 37.583052 ], [ 127.100472, 37.582574 ], [ 127.102769, 37.581763 ], [ 127.102765, 37.581064 ], [ 127.102745, 37.579604 ], [ 127.102726, 37.5794 ], [ 127.102678, 37.578913 ], [ 127.102672, 37.578304 ], [ 127.101255, 37.574981 ], [ 127.10093, 37.57356 ], [ 127.095751, 37.571104 ], [ 127.09565, 37.571096 ], [ 127.095508, 37.571051 ], [ 127.095443, 37.571031 ], [ 127.095309, 37.570974 ] ] ] } },
{ "type": "Feature", "properties": { "district_code": "11290", "district_name": "성북구" }, "geometry": { "type": "Polygon", "coordinates": [ [ [ 127.018006, 37.578058 ], [ 127.017605, 37.579689 ], [ 127.016786, 37.581537 ], [ 127.01639, 37.581843 ], [ 127.016067, 37.58184 ], [ 127.01495, 37.582131 ], [ 127.014686, 37.582227 ], [ 127.013828, 37.581708 ], [ 127.013122, 37.581439 ], [ 127.012801, 37.581317 ], [ 127.012155, 37.581505 ], [ 127.01048, 37.580335 ], [ 127.009965, 37.580208 ], [ 127.008841, 37.580453 ], [ 127.007333, 37.583203 ], [ 127.007355, 37.583363 ], [ 127.00715, 37.584059 ], [ 127.006527, 37.586128 ], [ 127.005933, 37.58691 ], [ 127.005736, 37.586936 ], [ 127.005609, 37.586952 ], [ 127.005541, 37.586961 ], [ 127.005125, 37.586946 ], [ 127.004703, 37.586986 ], [ 127.004609, 37.586995 ], [ 127.0043, 37.587087 ], [ 127.004164, 37.58729 ], [ 127.004184, 37.587714 ], [ 127.004186, 37.58777 ], [ 127.004195, 37.58795 ], [ 127.00342, 37.588355 ], [ 127.00243, 37.589057 ], [ 127.002386, 37.589104 ], [ 127.002338, 37.589154 ], [ 127.001658, 37.590102 ], [ 127.001698, 37.590602 ], [ 127.001787, 37.590862 ], [ 127.001912, 37.591249 ], [ 127.001681, 37.591753 ], [ 127.001581, 37.59189 ], [ 127.00156, 37.591919 ], [ 127.000942, 37.592393 ], [ 127.000786, 37.592445 ], [ 127.000625, 37.592453 ], [ 126.999372, 37.592367 ], [ 126.998974, 37.592471 ], [ 126.998745, 37.592516 ], [ 126.998532, 37.592506 ], [ 126.989136, 37.591307 ], [ 126.989075, 37.591394 ], [ 126.989476, 37.591795 ], [ 126.989109, 37.591953 ], [ 126.988761, 37.592104 ], [ 126.987526, 37.592247 ], [ 126.98648, 37.592506 ], [ 126.985759, 37.592794 ], [ 126.985329, 37.593006 ], [ 126.985287, 37.593026 ], [ 126.985225, 37.593057 ], [ 126.984679, 37.593331 ], [ 126.984273, 37.593582 ], [ 126.984012, 37.593755 ], [ 126.983868, 37.59385 ], [ 126.983373, 37.594352 ], [ 126.982689, 37.595066 ], [ 126.982652, 37.595105 ], [ 126.98235, 37.595453 ], [ 126.982193, 37.595633 ], [ 126.982011, 37.595843 ], [ 126.981567, 37.597165 ], [ 126.981566, 37.598038 ], [ 126.981567, 37.599144 ], [ 126.982228, 37.599284 ], [ 126.982674, 37.599378 ], [ 126.982724, 37.599389 ], [ 126.982897, 37.599393 ], [ 126.984909, 37.599439 ], [ 126.986375, 37.60008 ], [ 126.987741, 37.601216 ], [ 126.986589, 37.605126 ], [ 126.986194, 37.606278 ], [ 126.985901, 37.607136 ], [ 126.985958, 37.608108 ], [ 126.985974, 37.608377 ], [ 126.985999, 37.608798 ], [ 126.986271, 37.609939 ], [ 126.986772, 37.610401 ], [ 126.98696, 37.610575 ], [ 126.987068, 37.613552 ], [ 126.986697, 37.614684 ], [ 126.985341, 37.615545 ], [ 126.98454, 37.615872 ], [ 126.983976, 37.616102 ], [ 126.983243, 37.616319 ], [ 126.982806, 37.616694 ], [ 126.982019, 37.618713 ], [ 126.981801, 37.619305 ], [ 126.982084, 37.619923 ], [ 126.981374, 37.621734 ], [ 126.98087, 37.622752 ], [ 126.980171, 37.623553 ], [ 126.979209, 37.624571 ], [ 126.979438, 37.626956 ], [ 126.979484, 37.62716 ], [ 126.979666, 37.627975 ], [ 126.980133, 37.628351 ], [ 126.980497, 37.628645 ], [ 126.980508, 37.629054 ], [ 126.980092, 37.629272 ], [ 126.979524, 37.629202 ], [ 126.978213, 37.628436 ], [ 126.976672, 37.628845 ], [ 126.976355, 37.629272 ], [ 126.976486, 37.630089 ], [ 126.975075, 37.631386 ], [ 126.976717, 37.632625 ], [ 126.978535, 37.63385 ], [ 126.983595, 37.636454 ], [ 126.983657, 37.636463 ], [ 126.984625, 37.636565 ], [ 126.984946, 37.636171 ], [ 126.985217, 37.635863 ], [ 126.985604, 37.635445 ], [ 126.986056, 37.635195 ], [ 126.991825, 37.632308 ], [ 126.993194, 37.632028 ], [ 126.993248, 37.631835 ], [ 126.993336, 37.631516 ], [ 126.994045, 37.629986 ], [ 126.994102, 37.629919 ], [ 126.994157, 37.629899 ], [ 126.994333, 37.629833 ], [ 126.994549, 37.629829 ], [ 126.998936, 37.626879 ], [ 127.001739, 37.62571 ], [ 127.002358, 37.625595 ], [ 127.002898, 37.625373 ], [ 127.004501, 37.624438 ], [ 127.006436, 37.624342 ], [ 127.007569, 37.62403 ], [ 127.007876, 37.623909 ], [ 127.007824, 37.62332 ], [ 127.007647, 37.6229 ], [ 127.007543, 37.622654 ], [ 127.007477, 37.622556 ], [ 127.007442, 37.622506 ], [ 127.007407, 37.622472 ], [ 127.007375, 37.622441 ], [ 127.007506, 37.621017 ], [ 127.008046, 37.619369 ], [ 127.008494, 37.618575 ], [ 127.008557, 37.618564 ], [ 127.009439, 37.618167 ], [ 127.01147, 37.616419 ], [ 127.014752, 37.615592 ], [ 127.014941, 37.615418 ], [ 127.015253, 37.614808 ], [ 127.016311, 37.614961 ], [ 127.017643, 37.614571 ], [ 127.019258, 37.613753 ], [ 127.019792, 37.613256 ], [ 127.020381, 37.612618 ], [ 127.020479, 37.612548 ], [ 127.020605, 37.612518 ], [ 127.020667, 37.612503 ], [ 127.02203, 37.612287 ], [ 127.022235, 37.611269 ], [ 127.027223, 37.612564 ], [ 127.029983, 37.612342 ], [ 127.030411, 37.609139 ], [ 127.037103, 37.612711 ], [ 127.039119, 37.616309 ], [ 127.040194, 37.615945 ], [ 127.042314, 37.617473 ], [ 127.043037, 37.618001 ], [ 127.043914, 37.618641 ], [ 127.043961, 37.618676 ], [ 127.044548, 37.619343 ], [ 127.04468, 37.619493 ], [ 127.044729, 37.619549 ], [ 127.047924, 37.623221 ], [ 127.049986, 37.624431 ], [ 127.051105, 37.623245 ], [ 127.05217, 37.622095 ], [ 127.052722, 37.621525 ], [ 127.053353, 37.620902 ], [ 127.053732, 37.620575 ], [ 127.053845, 37.620479 ], [ 127.053962, 37.62038 ], [ 127.054208, 37.620175 ], [ 127.056909, 37.618115 ], [ 127.060606, 37.615651 ], [ 127.060911, 37.614947 ], [ 127.061231, 37.614771 ], [ 127.061462, 37.614646 ], [ 127.061516, 37.614617 ], [ 127.061717, 37.61452 ], [ 127.062014, 37.614376 ], [ 127.06221, 37.614332 ], [ 127.062422, 37.614286 ], [ 127.062743, 37.614314 ], [ 127.062893, 37.614344 ], [ 127.064866, 37.614222 ], [ 127.065944, 37.614282 ], [ 127.066052, 37.614305 ], [ 127.067748, 37.615221 ], [ 127.068012, 37.615438 ], [ 127.068009, 37.615537 ], [ 127.068007, 37.615568 ], [ 127.071187, 37.616369 ], [ 127.071403, 37.615628 ], [ 127.071459, 37.61428 ], [ 127.071718, 37.606812 ], [ 127.069355, 37.609332 ], [ 127.068873, 37.60933 ], [ 127.068588, 37.609322 ], [ 127.068734, 37.606871 ], [ 127.068101, 37.606508 ], [ 127.066246, 37.605821 ], [ 127.064973, 37.605874 ], [ 127.062335, 37.605281 ], [ 127.06214, 37.605136 ], [ 127.061669, 37.60463 ], [ 127.060773, 37.60357 ], [ 127.060046, 37.6021 ], [ 127.057256, 37.601252 ], [ 127.05203, 37.599953 ], [ 127.051327, 37.601627 ], [ 127.051009, 37.601569 ], [ 127.050273, 37.601105 ], [ 127.048158, 37.597556 ], [ 127.047767, 37.59666 ], [ 127.047647, 37.596288 ], [ 127.043517, 37.596906 ], [ 127.040754, 37.5958 ], [ 127.039063, 37.59127 ], [ 127.036488, 37.591246 ], [ 127.036389, 37.589923 ], [ 127.031678, 37.585071 ], [ 127.029499, 37.582725 ], [ 127.024472, 37.579197 ], [ 127.023168, 37.578042 ], [ 127.022509, 37.578096 ], [ 127.018752, 37.577527 ], [ 127.018006, 37.578058 ] ] ] } },
{ "type": "Feature", "properties": { "district_code": "11305", "district_name": "강북구" }, "geometry": { "type": "Polygon", "coordinates": [ [ [ 127.020667, 37.612503 ], [ 127.020605, 37.612518 ], [ 127.020479, 37.612548 ], [ 127.020381, 37.612618 ], [ 127.019792, 37.613256 ], [ 127.019258, 37.613753 ], [ 127.017643, 37.614571 ], [ 127.016311, 37.614961 ], [ 127.015253, 37.614808 ], [ 127.014941, 37.615418 ], [ 127.014752, 37.615592 ], [ 127.01147, 37.616419 ], [ 127.009439, 37.618167 ], [ 127.008557, 37.618564 ], [ 127.008494, 37.618575 ], [ 127.008046, 37.619369 ], [ 127.007506, 37.621017 ], [ 127.007375, 37.622441 ], [ 127.007407, 37.622472 ], [ 127.007442, 37.622506 ], [ 127.007477, 37.622556 ], [ 127.007543, 37.622654 ], [ 127.007647, 37.6229 ], [ 127.007824, 37.62332 ], [ 127.007876, 37.623909 ], [ 127.007569, 37.62403 ], [ 127.006436, 37.624342 ], [ 127.004501, 37.624438 ], [ 127.002898, 37.625373 ], [ 127.002358, 37.625595 ], [ 127.001739, 37.62571 ], [ 126.998936, 37.626879 ], [ 126.994549, 37.629829 ], [ 126.994333, 37.629833 ], [ 126.994157, 37.629899 ], [ 126.994102, 37.629919 ], [ 126.994045, 37.629986 ], [ 126.993336, 37.631516 ], [ 126.993248, 37.631835 ], [ 126.993194, 37.632028 ], [ 126.991825, 37.632308 ], [ 126.986056, 37.635195 ], [ 126.985604, 37.635445 ], [ 126.985217, 37.635863 ], [ 126.984946, 37.636171 ], [ 126.984625, 37.636565 ], [ 126.986367, 37.640651 ], [ 126.985895, 37.640569 ], [ 126.984261, 37.641769 ], [ 126.984114, 37.641906 ], [ 126.984043, 37.641986 ], [ 126.983977, 37.64206 ], [ 126.98392, 37.642127 ], [ 126.983884, 37.642169 ], [ 126.983266, 37.643598 ], [ 126.983249, 37.643647 ], [ 126.983244, 37.643702 ], [ 126.983324, 37.643803 ], [ 126.983449, 37.643939 ], [ 126.983616, 37.644037 ], [ 126.983759, 37.64412 ], [ 126.984202, 37.644472 ], [ 126.98478, 37.645509 ], [ 126.984943, 37.645824 ], [ 126.984962, 37.645901 ], [ 126.984964, 37.645988 ], [ 126.984642, 37.647459 ], [ 126.984617, 37.647548 ], [ 126.983702, 37.649785 ], [ 126.983631, 37.649906 ], [ 126.983515, 37.650028 ], [ 126.982244, 37.651305 ], [ 126.982095, 37.651429 ], [ 126.980994, 37.6529 ], [ 126.979704, 37.654791 ], [ 126.979644, 37.654884 ], [ 126.979448, 37.655737 ], [ 126.979448, 37.655827 ], [ 126.979546, 37.656032 ], [ 126.97957, 37.656076 ], [ 126.979654, 37.656224 ], [ 126.979785, 37.656423 ], [ 126.979954, 37.656583 ], [ 126.981286, 37.657421 ], [ 126.981422, 37.657485 ], [ 126.981694, 37.657534 ], [ 126.98307, 37.658108 ], [ 126.984638, 37.659058 ], [ 126.984848, 37.659201 ], [ 126.984996, 37.659303 ], [ 126.986177, 37.660664 ], [ 126.98641, 37.660976 ], [ 126.98664, 37.661414 ], [ 126.988019, 37.663338 ], [ 126.989369, 37.663802 ], [ 126.989842, 37.663902 ], [ 126.992431, 37.664831 ], [ 126.992845, 37.665024 ], [ 126.994156, 37.666277 ], [ 126.994257, 37.666484 ], [ 126.993551, 37.673241 ], [ 126.992986, 37.677416 ], [ 126.992957, 37.677612 ], [ 126.992757, 37.678411 ], [ 126.992572, 37.678782 ], [ 126.991736, 37.679465 ], [ 126.993072, 37.679887 ], [ 126.993799, 37.680249 ], [ 126.993845, 37.680282 ], [ 126.995809, 37.68193 ], [ 126.997137, 37.683057 ], [ 126.997353, 37.683278 ], [ 126.997536, 37.683456 ], [ 126.997663, 37.683579 ], [ 126.997741, 37.683654 ], [ 126.997911, 37.683794 ], [ 126.997986, 37.683824 ], [ 127.003638, 37.6851 ], [ 127.003864, 37.685144 ], [ 127.004191, 37.685173 ], [ 127.005651, 37.685227 ], [ 127.005755, 37.685226 ], [ 127.005862, 37.685215 ], [ 127.006149, 37.68515 ], [ 127.006358, 37.6851 ], [ 127.00657, 37.685049 ], [ 127.006656, 37.685028 ], [ 127.008292, 37.684678 ], [ 127.008406, 37.681299 ], [ 127.010365, 37.679539 ], [ 127.010448, 37.67954 ], [ 127.010494, 37.679539 ], [ 127.010565, 37.679532 ], [ 127.010736, 37.679506 ], [ 127.011952, 37.679307 ], [ 127.011981, 37.679294 ], [ 127.012021, 37.679246 ], [ 127.012774, 37.678068 ], [ 127.013215, 37.677238 ], [ 127.013416, 37.67645 ], [ 127.013867, 37.675372 ], [ 127.014119, 37.675016 ], [ 127.014583, 37.6744 ], [ 127.014821, 37.674243 ], [ 127.015736, 37.673451 ], [ 127.016632, 37.672667 ], [ 127.017318, 37.671825 ], [ 127.017386, 37.671743 ], [ 127.01844, 37.670078 ], [ 127.018516, 37.669958 ], [ 127.018473, 37.669644 ], [ 127.01844, 37.669398 ], [ 127.018161, 37.668777 ], [ 127.017631, 37.668278 ], [ 127.016926, 37.667897 ], [ 127.016554, 37.667554 ], [ 127.015828, 37.666864 ], [ 127.015658, 37.666698 ], [ 127.015516, 37.666343 ], [ 127.015445, 37.666165 ], [ 127.015407, 37.665839 ], [ 127.015439, 37.663764 ], [ 127.01545, 37.663481 ], [ 127.016335, 37.661576 ], [ 127.015847, 37.661444 ], [ 127.015162, 37.661591 ], [ 127.014628, 37.660893 ], [ 127.014276, 37.659891 ], [ 127.01379, 37.658481 ], [ 127.012661, 37.653309 ], [ 127.012563, 37.65275 ], [ 127.012547, 37.652458 ], [ 127.012555, 37.652223 ], [ 127.012643, 37.651847 ], [ 127.012693, 37.651632 ], [ 127.012896, 37.651177 ], [ 127.012909, 37.651149 ], [ 127.013245, 37.65044 ], [ 127.015201, 37.649312 ], [ 127.015288, 37.649264 ], [ 127.015384, 37.649211 ], [ 127.015618, 37.649103 ], [ 127.01634, 37.6489 ], [ 127.016999, 37.648727 ], [ 127.017455, 37.648645 ], [ 127.017627, 37.648629 ], [ 127.01779, 37.648615 ], [ 127.017962, 37.648615 ], [ 127.018204, 37.648615 ], [ 127.018576, 37.648671 ], [ 127.018788, 37.648709 ], [ 127.018867, 37.648724 ], [ 127.018927, 37.648735 ], [ 127.019183, 37.648801 ], [ 127.01971, 37.648938 ], [ 127.019955, 37.649012 ], [ 127.020232, 37.649068 ], [ 127.020487, 37.649081 ], [ 127.020557, 37.649085 ], [ 127.020771, 37.649061 ], [ 127.020838, 37.649053 ], [ 127.02114, 37.649016 ], [ 127.021314, 37.648964 ], [ 127.024617, 37.647402 ], [ 127.024781, 37.647235 ], [ 127.025152, 37.646601 ], [ 127.025496, 37.64608 ], [ 127.025639, 37.645892 ], [ 127.025661, 37.645863 ], [ 127.025921, 37.645723 ], [ 127.02609, 37.645636 ], [ 127.026163, 37.645599 ], [ 127.026595, 37.645381 ], [ 127.026642, 37.645362 ], [ 127.027081, 37.645185 ], [ 127.027266, 37.645119 ], [ 127.027914, 37.644748 ], [ 127.029722, 37.643639 ], [ 127.029766, 37.643613 ], [ 127.029934, 37.643501 ], [ 127.030126, 37.643373 ], [ 127.030606, 37.643054 ], [ 127.030833, 37.642856 ], [ 127.03125, 37.642625 ], [ 127.031698, 37.642346 ], [ 127.031789, 37.642289 ], [ 127.032287, 37.641936 ], [ 127.032671, 37.641631 ], [ 127.032911, 37.64132 ], [ 127.032935, 37.641289 ], [ 127.033013, 37.641165 ], [ 127.03315, 37.640942 ], [ 127.033297, 37.64063 ], [ 127.033547, 37.640099 ], [ 127.033577, 37.640035 ], [ 127.033596, 37.639989 ], [ 127.033842, 37.639389 ], [ 127.033886, 37.639282 ], [ 127.033968, 37.639083 ], [ 127.034024, 37.638952 ], [ 127.034238, 37.638452 ], [ 127.034267, 37.638385 ], [ 127.034305, 37.638297 ], [ 127.034357, 37.638178 ], [ 127.034501, 37.637852 ], [ 127.034625, 37.637683 ], [ 127.034686, 37.637601 ], [ 127.034963, 37.637377 ], [ 127.035496, 37.637137 ], [ 127.03553, 37.637123 ], [ 127.035698, 37.637081 ], [ 127.035882, 37.637037 ], [ 127.036091, 37.636986 ], [ 127.03644, 37.636887 ], [ 127.038479, 37.633914 ], [ 127.041481, 37.631279 ], [ 127.041967, 37.630989 ], [ 127.042156, 37.630876 ], [ 127.042893, 37.630436 ], [ 127.046165, 37.62809 ], [ 127.048243, 37.626468 ], [ 127.049986, 37.624431 ], [ 127.047924, 37.623221 ], [ 127.044729, 37.619549 ], [ 127.04468, 37.619493 ], [ 127.044548, 37.619343 ], [ 127.043961, 37.618676 ], [ 127.043914, 37.618641 ], [ 127.043037, 37.618001 ], [ 127.042314, 37.617473 ], [ 127.040194, 37.615945 ], [ 127.039119, 37.616309 ], [ 127.037103, 37.612711 ], [ 127.030411, 37.609139 ], [ 127.029983, 37.612342 ], [ 127.027223, 37.612564 ], [ 127.022235, 37.611269 ], [ 127.02203, 37.612287 ], [ 127.020667, 37.612503 ] ] ] } },
{ "type": "Feature", "properties": { "district_code": "11320", "district_name": "도봉구" }, "geometry": { "type": "Polygon", "coordinates": [ [ [ 127.036091, 37.636986 ], [ 127.035882, 37.637037 ], [ 127.035698, 37.637081 ], [ 127.03553, 37.637123 ], [ 127.035496, 37.637137 ], [ 127.034963, 37.637377 ], [ 127.034686, 37.637601 ], [ 127.034625, 37.637683 ], [ 127.034501, 37.637852 ], [ 127.034357, 37.638178 ], [ 127.034305, 37.638297 ], [ 127.034267, 37.638385 ], [ 127.034238, 37.638452 ], [ 127.034024, 37.638952 ], [ 127.033968, 37.639083 ], [ 127.033886, 37.639282 ], [ 127.033842, 37.639389 ], [ 127.033596, 37.639989 ], [ 127.033577, 37.640035 ], [ 127.033547, 37.640099 ], [ 127.033297, 37.64063 ], [ 127.03315, 37.640942 ], [ 127.033013, 37.641165 ], [ 127.032935, 37.641289 ], [ 127.032911, 37.64132 ], [ 127.032671, 37.641631 ], [ 127.032287, 37.641936 ], [ 127.031789, 37.642289 ], [ 127.031698, 37.642346 ], [ 127.03125, 37.642625 ], [ 127.030833, 37.642856 ], [ 127.030606, 37.643054 ], [ 127.030126, 37.643373 ], [ 127.029934, 37.643501 ], [ 127.029766, 37.643613 ], [ 127.029722, 37.643639 ], [ 127.027914, 37.644748 ], [ 127.027266, 37.645119 ], [ 127.027081, 37.645185 ], [ 127.026642, 37.645362 ], [ 127.026595, 37.645381 ], [ 127.026163, 37.645599 ], [ 127.02609, 37.645636 ], [ 127.025921, 37.645723 ], [ 127.025661, 37.645863 ], [ 127.025639, 37.645892 ], [ 127.025496, 37.64608 ], [ 127.025152, 37.646601 ], [ 127.024781, 37.647235 ], [ 127.024617, 37.647402 ], [ 127.021314, 37.648964 ], [ 127.02114, 37.649016 ], [ 127.020838, 37.649053 ], [ 127.020771, 37.649061 ], [ 127.020557, 37.649085 ], [ 127.020487, 37.649081 ], [ 127.020232, 37.649068 ], [ 127.019955, 37.649012 ], [ 127.01971, 37.648938 ], [ 127.019183, 37.648801 ], [ 127.018927, 37.648735 ], [ 127.018867, 37.648724 ], [ 127.018788, 37.648709 ], [ 127.018576, 37.648671 ], [ 127.018204, 37.648615 ], [ 127.017962, 37.648615 ], [ 127.01779, 37.648615 ], [ 127.017627, 37.648629 ], [ 127.017455, 37.648645 ], [ 127.016999, 37.648727 ], [ 127.01634, 37.6489 ], [ 127.015618, 37.649103 ], [ 127.015384, 37.649211 ], [ 127.015288, 37.649264 ], [ 127.015201, 37.649312 ], [ 127.013245, 37.65044 ], [ 127.012909, 37.651149 ], [ 127.012896, 37.651177 ], [ 127.012693, 37.651632 ], [ 127.012643, 37.651847 ], [ 127.012555, 37.652223 ], [ 127.012547, 37.652458 ], [ 127.012563, 37.65275 ], [ 127.012661, 37.653309 ], [ 127.01379, 37.658481 ], [ 127.014276, 37.659891 ], [ 127.014628, 37.660893 ], [ 127.015162, 37.661591 ], [ 127.015847, 37.661444 ], [ 127.016335, 37.661576 ], [ 127.01545, 37.663481 ], [ 127.015439, 37.663764 ], [ 127.015407, 37.665839 ], [ 127.015445, 37.666165 ], [ 127.015516, 37.666343 ], [ 127.015658, 37.666698 ], [ 127.015828, 37.666864 ], [ 127.016554, 37.667554 ], [ 127.016926, 37.667897 ], [ 127.017631, 37.668278 ], [ 127.018161, 37.668777 ], [ 127.01844, 37.669398 ], [ 127.018473, 37.669644 ], [ 127.018516, 37.669958 ], [ 127.01844, 37.670078 ], [ 127.017386, 37.671743 ], [ 127.017318, 37.671825 ], [ 127.016632, 37.672667 ], [ 127.015736, 37.673451 ], [ 127.014821, 37.674243 ], [ 127.014583, 37.6744 ], [ 127.014119, 37.675016 ], [ 127.013867, 37.675372 ], [ 127.013416, 37.67645 ], [ 127.013215, 37.677238 ], [ 127.012774, 37.678068 ], [ 127.012021, 37.679246 ], [ 127.011981, 37.679294 ], [ 127.011952, 37.679307 ], [ 127.010736, 37.679506 ], [ 127.010565, 37.679532 ], [ 127.010494, 37.679539 ], [ 127.010448, 37.67954 ], [ 127.010365, 37.679539 ], [ 127.008406, 37.681299 ], [ 127.008292, 37.684678 ], [ 127.008402, 37.684733 ], [ 127.008625, 37.684869 ], [ 127.008692, 37.684936 ], [ 127.008705, 37.684967 ], [ 127.008723, 37.685014 ], [ 127.00875, 37.685113 ], [ 127.008808, 37.68533 ], [ 127.008961, 37.686614 ], [ 127.008973, 37.686972 ], [ 127.008968, 37.687051 ], [ 127.008964, 37.687107 ], [ 127.008709, 37.688243 ], [ 127.008686, 37.688305 ], [ 127.008637, 37.688388 ], [ 127.00855, 37.688495 ], [ 127.008292, 37.688737 ], [ 127.008191, 37.68883 ], [ 127.008139, 37.688908 ], [ 127.008086, 37.689026 ], [ 127.008075, 37.689116 ], [ 127.008055, 37.690549 ], [ 127.008058, 37.690595 ], [ 127.00882, 37.694547 ], [ 127.008837, 37.694611 ], [ 127.008895, 37.694724 ], [ 127.009075, 37.695021 ], [ 127.00913, 37.69511 ], [ 127.009158, 37.695154 ], [ 127.009208, 37.695235 ], [ 127.010745, 37.697054 ], [ 127.011917, 37.698215 ], [ 127.011948, 37.698244 ], [ 127.011988, 37.698254 ], [ 127.012043, 37.698253 ], [ 127.012096, 37.698249 ], [ 127.012152, 37.698246 ], [ 127.012192, 37.698244 ], [ 127.012342, 37.698238 ], [ 127.012376, 37.698237 ], [ 127.012781, 37.69824 ], [ 127.013794, 37.698253 ], [ 127.014369, 37.698263 ], [ 127.014489, 37.698268 ], [ 127.014527, 37.698278 ], [ 127.014611, 37.698324 ], [ 127.014939, 37.698545 ], [ 127.014978, 37.698601 ], [ 127.015017, 37.698674 ], [ 127.015846, 37.701025 ], [ 127.019568, 37.70108 ], [ 127.019677, 37.700952 ], [ 127.019793, 37.700827 ], [ 127.019886, 37.700751 ], [ 127.020283, 37.700507 ], [ 127.02209, 37.699604 ], [ 127.022154, 37.699593 ], [ 127.024697, 37.699447 ], [ 127.024775, 37.699443 ], [ 127.024818, 37.699441 ], [ 127.024897, 37.699437 ], [ 127.024966, 37.699448 ], [ 127.025067, 37.699475 ], [ 127.025303, 37.699546 ], [ 127.025395, 37.699575 ], [ 127.025511, 37.699612 ], [ 127.025649, 37.699658 ], [ 127.026777, 37.700221 ], [ 127.026839, 37.700258 ], [ 127.026887, 37.700301 ], [ 127.026949, 37.700399 ], [ 127.027004, 37.700496 ], [ 127.027012, 37.700522 ], [ 127.027037, 37.7006 ], [ 127.027067, 37.700652 ], [ 127.027107, 37.700697 ], [ 127.027152, 37.700718 ], [ 127.027218, 37.700713 ], [ 127.027956, 37.700616 ], [ 127.027987, 37.700608 ], [ 127.028028, 37.700589 ], [ 127.028072, 37.700556 ], [ 127.028213, 37.700386 ], [ 127.028891, 37.699535 ], [ 127.028995, 37.699379 ], [ 127.02922, 37.699002 ], [ 127.029281, 37.698865 ], [ 127.029301, 37.698819 ], [ 127.02939, 37.698586 ], [ 127.029669, 37.697703 ], [ 127.029697, 37.69757 ], [ 127.029704, 37.69747 ], [ 127.029726, 37.697084 ], [ 127.029727, 37.696971 ], [ 127.029727, 37.696757 ], [ 127.029699, 37.696537 ], [ 127.029697, 37.69635 ], [ 127.029729, 37.696186 ], [ 127.029859, 37.695795 ], [ 127.029926, 37.695612 ], [ 127.030067, 37.695232 ], [ 127.031144, 37.692939 ], [ 127.031173, 37.6929 ], [ 127.032468, 37.691712 ], [ 127.0325, 37.691705 ], [ 127.032568, 37.691702 ], [ 127.032821, 37.691719 ], [ 127.034073, 37.691881 ], [ 127.034106, 37.691886 ], [ 127.03416, 37.691894 ], [ 127.035835, 37.692221 ], [ 127.035895, 37.692244 ], [ 127.038379, 37.693245 ], [ 127.038433, 37.693274 ], [ 127.038551, 37.693364 ], [ 127.038852, 37.693632 ], [ 127.039054, 37.693876 ], [ 127.039693, 37.694089 ], [ 127.039752, 37.694144 ], [ 127.039813, 37.694214 ], [ 127.040009, 37.694426 ], [ 127.04023, 37.694663 ], [ 127.040262, 37.694688 ], [ 127.040384, 37.694781 ], [ 127.04043, 37.69482 ], [ 127.040498, 37.694842 ], [ 127.040551, 37.694857 ], [ 127.040619, 37.694875 ], [ 127.040716, 37.694899 ], [ 127.040797, 37.694918 ], [ 127.041016, 37.695032 ], [ 127.041434, 37.695299 ], [ 127.041529, 37.69534 ], [ 127.041577, 37.69536 ], [ 127.041723, 37.695348 ], [ 127.043013, 37.695209 ], [ 127.043123, 37.695155 ], [ 127.04319, 37.695035 ], [ 127.043196, 37.69491 ], [ 127.043207, 37.694667 ], [ 127.045085, 37.692442 ], [ 127.048205, 37.693914 ], [ 127.04912, 37.693522 ], [ 127.049371, 37.692912 ], [ 127.050065, 37.690454 ], [ 127.050095, 37.690348 ], [ 127.050127, 37.690112 ], [ 127.050122, 37.689846 ], [ 127.050084, 37.689608 ], [ 127.050033, 37.689294 ], [ 127.050018, 37.689199 ], [ 127.050004, 37.688768 ], [ 127.050027, 37.688507 ], [ 127.050052, 37.68822 ], [ 127.050061, 37.688184 ], [ 127.050142, 37.687884 ], [ 127.050256, 37.687698 ], [ 127.050351, 37.687543 ], [ 127.050386, 37.687486 ], [ 127.050446, 37.687389 ], [ 127.050777, 37.687022 ], [ 127.050944, 37.68673 ], [ 127.05107, 37.686512 ], [ 127.051182, 37.686317 ], [ 127.051438, 37.685792 ], [ 127.051916, 37.684811 ], [ 127.052021, 37.68387 ], [ 127.052006, 37.683663 ], [ 127.051861, 37.682468 ], [ 127.051824, 37.682422 ], [ 127.051492, 37.682004 ], [ 127.05094, 37.680154 ], [ 127.049135, 37.67312 ], [ 127.049081, 37.672783 ], [ 127.049058, 37.672637 ], [ 127.049, 37.6721 ], [ 127.048973, 37.671852 ], [ 127.048933, 37.67123 ], [ 127.048933, 37.671203 ], [ 127.048823, 37.669093 ], [ 127.048887, 37.668743 ], [ 127.049013, 37.668069 ], [ 127.049277, 37.6674 ], [ 127.049288, 37.667373 ], [ 127.049666, 37.666624 ], [ 127.049717, 37.666557 ], [ 127.049758, 37.666503 ], [ 127.049791, 37.66646 ], [ 127.050062, 37.666106 ], [ 127.050608, 37.665315 ], [ 127.050847, 37.664954 ], [ 127.051048, 37.664574 ], [ 127.051127, 37.664359 ], [ 127.051266, 37.663975 ], [ 127.051325, 37.663652 ], [ 127.051471, 37.661805 ], [ 127.051551, 37.660657 ], [ 127.052435, 37.658162 ], [ 127.054182, 37.654482 ], [ 127.054209, 37.653022 ], [ 127.054218, 37.652541 ], [ 127.054231, 37.65214 ], [ 127.054235, 37.652039 ], [ 127.054238, 37.651948 ], [ 127.054292, 37.65093 ], [ 127.054361, 37.650408 ], [ 127.054408, 37.650205 ], [ 127.05443, 37.65011 ], [ 127.054534, 37.649668 ], [ 127.054633, 37.649472 ], [ 127.054825, 37.649098 ], [ 127.055045, 37.648666 ], [ 127.055212, 37.648334 ], [ 127.055325, 37.647958 ], [ 127.055472, 37.647465 ], [ 127.055578, 37.647108 ], [ 127.055893, 37.645971 ], [ 127.055732, 37.645306 ], [ 127.055073, 37.641632 ], [ 127.054937, 37.640762 ], [ 127.054371, 37.640644 ], [ 127.054274, 37.640638 ], [ 127.054193, 37.640658 ], [ 127.05413, 37.640673 ], [ 127.05401, 37.64074 ], [ 127.053618, 37.641035 ], [ 127.053375, 37.641235 ], [ 127.053205, 37.641401 ], [ 127.052892, 37.641755 ], [ 127.052618, 37.642094 ], [ 127.052333, 37.642596 ], [ 127.052247, 37.642789 ], [ 127.051261, 37.64516 ], [ 127.051248, 37.645196 ], [ 127.050597, 37.645147 ], [ 127.047996, 37.641696 ], [ 127.046355, 37.639156 ], [ 127.045511, 37.637829 ], [ 127.045296, 37.637487 ], [ 127.045014, 37.636867 ], [ 127.044922, 37.635961 ], [ 127.044918, 37.635924 ], [ 127.044025, 37.633618 ], [ 127.043936, 37.633437 ], [ 127.043529, 37.633079 ], [ 127.042903, 37.632696 ], [ 127.041481, 37.631279 ], [ 127.038479, 37.633914 ], [ 127.03644, 37.636887 ], [ 127.036091, 37.636986 ] ] ] } },
{ "type": "Feature", "properties": { "district_code": "11350", "district_name": "노원구" }, "geometry": { "type": "Polygon", "coordinates": [ [ [ 127.066052, 37.614305 ], [ 127.065944, 37.614282 ], [ 127.064866, 37.614222 ], [ 127.062893, 37.614344 ], [ 127.062743, 37.614314 ], [ 127.062422, 37.614286 ], [ 127.06221, 37.614332 ], [ 127.062014, 37.614376 ], [ 127.061717, 37.61452 ], [ 127.061516, 37.614617 ], [ 127.061462, 37.614646 ], [ 127.061231, 37.614771 ], [ 127.060911, 37.614947 ], [ 127.060606, 37.615651 ], [ 127.056909, 37.618115 ], [ 127.054208, 37.620175 ], [ 127.053962, 37.62038 ], [ 127.053845, 37.620479 ], [ 127.053732, 37.620575 ], [ 127.053353, 37.620902 ], [ 127.052722, 37.621525 ], [ 127.05217, 37.622095 ], [ 127.051105, 37.623245 ], [ 127.049986, 37.624431 ], [ 127.048243, 37.626468 ], [ 127.046165, 37.62809 ], [ 127.042893, 37.630436 ], [ 127.042156, 37.630876 ], [ 127.041967, 37.630989 ], [ 127.041481, 37.631279 ], [ 127.042903, 37.632696 ], [ 127.043529, 37.633079 ], [ 127.043936, 37.633437 ], [ 127.044025, 37.633618 ], [ 127.044918, 37.635924 ], [ 127.044922, 37.635961 ], [ 127.045014, 37.636867 ], [ 127.045296, 37.637487 ], [ 127.045511, 37.637829 ], [ 127.046355, 37.639156 ], [ 127.047996, 37.641696 ], [ 127.050597, 37.645147 ], [ 127.051248, 37.645196 ], [ 127.051261, 37.64516 ], [ 127.052247, 37.642789 ], [ 127.052333, 37.642596 ], [ 127.052618, 37.642094 ], [ 127.052892, 37.641755 ], [ 127.053205, 37.641401 ], [ 127.053375, 37.641235 ], [ 127.053618, 37.641035 ], [ 127.05401, 37.64074 ], [ 127.05413, 37.640673 ], [ 127.054193, 37.640658 ], [ 127.054274, 37.640638 ], [ 127.054371, 37.640644 ], [ 127.054937, 37.640762 ], [ 127.055073, 37.641632 ], [ 127.055732, 37.645306 ], [ 127.055893, 37.645971 ], [ 127.055578, 37.647108 ], [ 127.055472, 37.647465 ], [ 127.055325, 37.647958 ], [ 127.055212, 37.648334 ], [ 127.055045, 37.648666 ], [ 127.054825, 37.649098 ], [ 127.054633, 37.649472 ], [ 127.054534, 37.649668 ], [ 127.05443, 37.65011 ], [ 127.054408, 37.650205 ], [ 127.054361, 37.650408 ], [ 127.054292, 37.65093 ], [ 127.054238, 37.651948 ], [ 127.054235, 37.652039 ], [ 127.054231, 37.65214 ], [ 127.054218, 37.652541 ], [ 127.054209, 37.653022 ], [ 127.054182, 37.654482 ], [ 127.052435, 37.658162 ], [ 127.051551, 37.660657 ], [ 127.051471, 37.661805 ], [ 127.051325, 37.663652 ], [ 127.051266, 37.663975 ], [ 127.051127, 37.664359 ], [ 127.051048, 37.664574 ], [ 127.050847, 37.664954 ], [ 127.050608, 37.665315 ], [ 127.050062, 37.666106 ], [ 127.049791, 37.66646 ], [ 127.049758, 37.666503 ], [ 127.049717, 37.666557 ], [ 127.049666, 37.666624 ], [ 127.049288, 37.667373 ], [ 127.049277, 37.6674 ], [ 127.049013, 37.668069 ], [ 127.048887, 37.668743 ], [ 127.048823, 37.669093 ], [ 127.048933, 37.671203 ], [ 127.048933, 37.67123 ], [ 127.048973, 37.671852 ], [ 127.049, 37.6721 ], [ 127.049058, 37.672637 ], [ 127.049081, 37.672783 ], [ 127.049135, 37.67312 ], [ 127.05094, 37.680154 ], [ 127.051492, 37.682004 ], [ 127.051824, 37.682422 ], [ 127.051861, 37.682468 ], [ 127.052006, 37.683663 ], [ 127.052021, 37.68387 ], [ 127.051916, 37.684811 ], [ 127.051438, 37.685792 ], [ 127.051182, 37.686317 ], [ 127.05107, 37.686512 ], [ 127.050944, 37.68673 ], [ 127.050777, 37.687022 ], [ 127.052936, 37.688131 ], [ 127.054629, 37.689285 ], [ 127.054822, 37.689348 ], [ 127.056826, 37.689568 ], [ 127.057553, 37.6894 ], [ 127.058162, 37.689155 ], [ 127.058849, 37.688945 ], [ 127.06038, 37.688693 ], [ 127.061796, 37.688977 ], [ 127.064512, 37.689644 ], [ 127.065112, 37.689847 ], [ 127.065348, 37.690049 ], [ 127.065474, 37.690234 ], [ 127.065635, 37.690473 ], [ 127.065661, 37.690604 ], [ 127.06826, 37.693466 ], [ 127.068367, 37.693581 ], [ 127.068812, 37.694058 ], [ 127.069393, 37.694366 ], [ 127.069944, 37.694261 ], [ 127.07043, 37.694077 ], [ 127.071038, 37.694129 ], [ 127.071996, 37.694256 ], [ 127.072628, 37.69435 ], [ 127.072831, 37.694426 ], [ 127.072916, 37.694458 ], [ 127.074464, 37.695477 ], [ 127.075945, 37.695961 ], [ 127.077341, 37.696384 ], [ 127.081112, 37.696091 ], [ 127.082862, 37.695099 ], [ 127.083488, 37.694611 ], [ 127.083767, 37.69466 ], [ 127.084289, 37.69401 ], [ 127.085135, 37.691416 ], [ 127.08514, 37.691 ], [ 127.085017, 37.69085 ], [ 127.084926, 37.690843 ], [ 127.085833, 37.690452 ], [ 127.086236, 37.690314 ], [ 127.088992, 37.689756 ], [ 127.089408, 37.689768 ], [ 127.089592, 37.689812 ], [ 127.089925, 37.689891 ], [ 127.0922, 37.689731 ], [ 127.092327, 37.689721 ], [ 127.092408, 37.689715 ], [ 127.092835, 37.689679 ], [ 127.094952, 37.689167 ], [ 127.095308, 37.689044 ], [ 127.095503, 37.68897 ], [ 127.09558, 37.688941 ], [ 127.095792, 37.688861 ], [ 127.095924, 37.687717 ], [ 127.096322, 37.685947 ], [ 127.096294, 37.685789 ], [ 127.096285, 37.685738 ], [ 127.095855, 37.684752 ], [ 127.095633, 37.684322 ], [ 127.095526, 37.684263 ], [ 127.095398, 37.684193 ], [ 127.095063, 37.684101 ], [ 127.094986, 37.684081 ], [ 127.094674, 37.684001 ], [ 127.094281, 37.683551 ], [ 127.092811, 37.681805 ], [ 127.092797, 37.68178 ], [ 127.092699, 37.681583 ], [ 127.091828, 37.679187 ], [ 127.091839, 37.679014 ], [ 127.091844, 37.678924 ], [ 127.091928, 37.678388 ], [ 127.092041, 37.677918 ], [ 127.09227, 37.677482 ], [ 127.092464, 37.67736 ], [ 127.092789, 37.677384 ], [ 127.092981, 37.677285 ], [ 127.093611, 37.676622 ], [ 127.095562, 37.672807 ], [ 127.095634, 37.672599 ], [ 127.095739, 37.672265 ], [ 127.095748, 37.672002 ], [ 127.095728, 37.670417 ], [ 127.094409, 37.664365 ], [ 127.09396, 37.662571 ], [ 127.092445, 37.658093 ], [ 127.090229, 37.657278 ], [ 127.088445, 37.656623 ], [ 127.086034, 37.655913 ], [ 127.086341, 37.655503 ], [ 127.086576, 37.655412 ], [ 127.089211, 37.65495 ], [ 127.090622, 37.654896 ], [ 127.092818, 37.654903 ], [ 127.093602, 37.653317 ], [ 127.092298, 37.649995 ], [ 127.092292, 37.649952 ], [ 127.092296, 37.649923 ], [ 127.092337, 37.649732 ], [ 127.092365, 37.649596 ], [ 127.092447, 37.649253 ], [ 127.092554, 37.64888 ], [ 127.092579, 37.648812 ], [ 127.093481, 37.646987 ], [ 127.09394, 37.646331 ], [ 127.094452, 37.645759 ], [ 127.094934, 37.645513 ], [ 127.097814, 37.645282 ], [ 127.101391, 37.645382 ], [ 127.103955, 37.64563 ], [ 127.106568, 37.64549 ], [ 127.107423, 37.645027 ], [ 127.108028, 37.644639 ], [ 127.108066, 37.644519 ], [ 127.108216, 37.644158 ], [ 127.109069, 37.643027 ], [ 127.109182, 37.642919 ], [ 127.10956, 37.642606 ], [ 127.10959, 37.642582 ], [ 127.109644, 37.642549 ], [ 127.109703, 37.642515 ], [ 127.109749, 37.642491 ], [ 127.111155, 37.642412 ], [ 127.111343, 37.642003 ], [ 127.111953, 37.640271 ], [ 127.112384, 37.635229 ], [ 127.112037, 37.632618 ], [ 127.111417, 37.63133 ], [ 127.110983, 37.630593 ], [ 127.110911, 37.63053 ], [ 127.110842, 37.630471 ], [ 127.110417, 37.63014 ], [ 127.108617, 37.629141 ], [ 127.105489, 37.62726 ], [ 127.10537, 37.62714 ], [ 127.105264, 37.626914 ], [ 127.10353, 37.623066 ], [ 127.103526, 37.623037 ], [ 127.103507, 37.622904 ], [ 127.103658, 37.62247 ], [ 127.103982, 37.621773 ], [ 127.104034, 37.621689 ], [ 127.104065, 37.621658 ], [ 127.104239, 37.62152 ], [ 127.104286, 37.621495 ], [ 127.104351, 37.62146 ], [ 127.104963, 37.621171 ], [ 127.105017, 37.621171 ], [ 127.105107, 37.621171 ], [ 127.105247, 37.621163 ], [ 127.105297, 37.621155 ], [ 127.105365, 37.621132 ], [ 127.105423, 37.621112 ], [ 127.105504, 37.621065 ], [ 127.105621, 37.62102 ], [ 127.105658, 37.621002 ], [ 127.105696, 37.620954 ], [ 127.105719, 37.6209 ], [ 127.10571, 37.620833 ], [ 127.105023, 37.620684 ], [ 127.101825, 37.619888 ], [ 127.101551, 37.619815 ], [ 127.101508, 37.619803 ], [ 127.101447, 37.619756 ], [ 127.100499, 37.618881 ], [ 127.097042, 37.61705 ], [ 127.096951, 37.617051 ], [ 127.096816, 37.617054 ], [ 127.096148, 37.617102 ], [ 127.093047, 37.618041 ], [ 127.092608, 37.618211 ], [ 127.092436, 37.618279 ], [ 127.089543, 37.619644 ], [ 127.087973, 37.619887 ], [ 127.085728, 37.620168 ], [ 127.08415, 37.619633 ], [ 127.082446, 37.619295 ], [ 127.081637, 37.619251 ], [ 127.075849, 37.617078 ], [ 127.071403, 37.615628 ], [ 127.071187, 37.616369 ], [ 127.068007, 37.615568 ], [ 127.068009, 37.615537 ], [ 127.068012, 37.615438 ], [ 127.067748, 37.615221 ], [ 127.066052, 37.614305 ] ] ] } },
{ "type": "Feature", "properties": { "district_code": "11380", "district_name": "은평구" }, "geometry": { "type": "Polygon", "coordinates": [ [ [ 126.912969, 37.586639 ], [ 126.912823, 37.586337 ], [ 126.912695, 37.586185 ], [ 126.912553, 37.586022 ], [ 126.912331, 37.585806 ], [ 126.90985, 37.583466 ], [ 126.906294, 37.580119 ], [ 126.903127, 37.576892 ], [ 126.90282, 37.577147 ], [ 126.901638, 37.575919 ], [ 126.898595, 37.577993 ], [ 126.8982, 37.578262 ], [ 126.897908, 37.579169 ], [ 126.896663, 37.580489 ], [ 126.89623, 37.580854 ], [ 126.895293, 37.581463 ], [ 126.892177, 37.582939 ], [ 126.890225, 37.584238 ], [ 126.88997, 37.584406 ], [ 126.88992, 37.584442 ], [ 126.889653, 37.584637 ], [ 126.889408, 37.584818 ], [ 126.887441, 37.586467 ], [ 126.886979, 37.586864 ], [ 126.883255, 37.590063 ], [ 126.882241, 37.590937 ], [ 126.883379, 37.591715 ], [ 126.883931, 37.592184 ], [ 126.88412, 37.592413 ], [ 126.884319, 37.592667 ], [ 126.884822, 37.593392 ], [ 126.886581, 37.593836 ], [ 126.886215, 37.592328 ], [ 126.885442, 37.591088 ], [ 126.885809, 37.590078 ], [ 126.886316, 37.589431 ], [ 126.887262, 37.588594 ], [ 126.887412, 37.588579 ], [ 126.891398, 37.588456 ], [ 126.896962, 37.588621 ], [ 126.899841, 37.589867 ], [ 126.899777, 37.589974 ], [ 126.89958, 37.590461 ], [ 126.899007, 37.592589 ], [ 126.898989, 37.592659 ], [ 126.899335, 37.593243 ], [ 126.899946, 37.593773 ], [ 126.900556, 37.594297 ], [ 126.90136, 37.596177 ], [ 126.901418, 37.598266 ], [ 126.90149, 37.599368 ], [ 126.901229, 37.600118 ], [ 126.900872, 37.60077 ], [ 126.900718, 37.600995 ], [ 126.900477, 37.601307 ], [ 126.90023, 37.602027 ], [ 126.900261, 37.603155 ], [ 126.902084, 37.603821 ], [ 126.901715, 37.605731 ], [ 126.902207, 37.607092 ], [ 126.901984, 37.609391 ], [ 126.901872, 37.610003 ], [ 126.901207, 37.61233 ], [ 126.901152, 37.612369 ], [ 126.901031, 37.612457 ], [ 126.90189, 37.615592 ], [ 126.903393, 37.618802 ], [ 126.905245, 37.619499 ], [ 126.905204, 37.620025 ], [ 126.906435, 37.624026 ], [ 126.906596, 37.624202 ], [ 126.907091, 37.624746 ], [ 126.907937, 37.625393 ], [ 126.908811, 37.629051 ], [ 126.907415, 37.63022 ], [ 126.907169, 37.630576 ], [ 126.906649, 37.631729 ], [ 126.906633, 37.631779 ], [ 126.906548, 37.632051 ], [ 126.906531, 37.632524 ], [ 126.907228, 37.633185 ], [ 126.907259, 37.633213 ], [ 126.907316, 37.633266 ], [ 126.907478, 37.633412 ], [ 126.909173, 37.634779 ], [ 126.909817, 37.635109 ], [ 126.910226, 37.638667 ], [ 126.910822, 37.64016 ], [ 126.911711, 37.641016 ], [ 126.912104, 37.641262 ], [ 126.912304, 37.641432 ], [ 126.912467, 37.641685 ], [ 126.912467, 37.641801 ], [ 126.912227, 37.644378 ], [ 126.907584, 37.646494 ], [ 126.905271, 37.648915 ], [ 126.907772, 37.647626 ], [ 126.911176, 37.645801 ], [ 126.912368, 37.645253 ], [ 126.912871, 37.645056 ], [ 126.913887, 37.644707 ], [ 126.914193, 37.644681 ], [ 126.921269, 37.645558 ], [ 126.921529, 37.645642 ], [ 126.922088, 37.645824 ], [ 126.922168, 37.64585 ], [ 126.922428, 37.645937 ], [ 126.923356, 37.64634 ], [ 126.924542, 37.646964 ], [ 126.925142, 37.647291 ], [ 126.925223, 37.647335 ], [ 126.92542, 37.647443 ], [ 126.925498, 37.6475 ], [ 126.925669, 37.647625 ], [ 126.925989, 37.647858 ], [ 126.926909, 37.64853 ], [ 126.927943, 37.649285 ], [ 126.92851, 37.649699 ], [ 126.928609, 37.649768 ], [ 126.928695, 37.649827 ], [ 126.928895, 37.649965 ], [ 126.929742, 37.650405 ], [ 126.930394, 37.650555 ], [ 126.931196, 37.650627 ], [ 126.931267, 37.650619 ], [ 126.934492, 37.650562 ], [ 126.934735, 37.650642 ], [ 126.935187, 37.650894 ], [ 126.937043, 37.65193 ], [ 126.938497, 37.654161 ], [ 126.938591, 37.654421 ], [ 126.938965, 37.654947 ], [ 126.939259, 37.655343 ], [ 126.939379, 37.655501 ], [ 126.940391, 37.656628 ], [ 126.941031, 37.657061 ], [ 126.941192, 37.657154 ], [ 126.942546, 37.657789 ], [ 126.942819, 37.657883 ], [ 126.943621, 37.658155 ], [ 126.946316, 37.658874 ], [ 126.946526, 37.658906 ], [ 126.947076, 37.658988 ], [ 126.947305, 37.658932 ], [ 126.947419, 37.658741 ], [ 126.947434, 37.658715 ], [ 126.947449, 37.658681 ], [ 126.947592, 37.65835 ], [ 126.948792, 37.656957 ], [ 126.951158, 37.655014 ], [ 126.951191, 37.654991 ], [ 126.951251, 37.65495 ], [ 126.952073, 37.654761 ], [ 126.952328, 37.654732 ], [ 126.95236, 37.65473 ], [ 126.952577, 37.654721 ], [ 126.953548, 37.655023 ], [ 126.954623, 37.654751 ], [ 126.956343, 37.653074 ], [ 126.956765, 37.652649 ], [ 126.959749, 37.648464 ], [ 126.961732, 37.645159 ], [ 126.96442, 37.643073 ], [ 126.964763, 37.642949 ], [ 126.965006, 37.64276 ], [ 126.968293, 37.639319 ], [ 126.968823, 37.638682 ], [ 126.968861, 37.638419 ], [ 126.968787, 37.637046 ], [ 126.968764, 37.636976 ], [ 126.970874, 37.632994 ], [ 126.971786, 37.632285 ], [ 126.970204, 37.630861 ], [ 126.969252, 37.630223 ], [ 126.968819, 37.630103 ], [ 126.968342, 37.629985 ], [ 126.967629, 37.629809 ], [ 126.962342, 37.62885 ], [ 126.959542, 37.628483 ], [ 126.957477, 37.626175 ], [ 126.956753, 37.625366 ], [ 126.953178, 37.625167 ], [ 126.952351, 37.624895 ], [ 126.952172, 37.624823 ], [ 126.951716, 37.624329 ], [ 126.951241, 37.622793 ], [ 126.950332, 37.618362 ], [ 126.950396, 37.616128 ], [ 126.950692, 37.614887 ], [ 126.950937, 37.61236 ], [ 126.950847, 37.6118 ], [ 126.950634, 37.610964 ], [ 126.949983, 37.609705 ], [ 126.950377, 37.607879 ], [ 126.950343, 37.607847 ], [ 126.950101, 37.607736 ], [ 126.95005, 37.607717 ], [ 126.949988, 37.607702 ], [ 126.949746, 37.607686 ], [ 126.949515, 37.607689 ], [ 126.949463, 37.607692 ], [ 126.949419, 37.607695 ], [ 126.949356, 37.607719 ], [ 126.949294, 37.607783 ], [ 126.949171, 37.60793 ], [ 126.949144, 37.607971 ], [ 126.949106, 37.608027 ], [ 126.94906, 37.608059 ], [ 126.948995, 37.60807 ], [ 126.948813, 37.608073 ], [ 126.948779, 37.608066 ], [ 126.948707, 37.608037 ], [ 126.948389, 37.607981 ], [ 126.948332, 37.607991 ], [ 126.948267, 37.607995 ], [ 126.948196, 37.607925 ], [ 126.948125, 37.607897 ], [ 126.948064, 37.607856 ], [ 126.948031, 37.607827 ], [ 126.948012, 37.607795 ], [ 126.947974, 37.607764 ], [ 126.947926, 37.607727 ], [ 126.947874, 37.607698 ], [ 126.947832, 37.60769 ], [ 126.947798, 37.607683 ], [ 126.947664, 37.607684 ], [ 126.947448, 37.607716 ], [ 126.947246, 37.607784 ], [ 126.947215, 37.607798 ], [ 126.946342, 37.607101 ], [ 126.94599, 37.606357 ], [ 126.945698, 37.605824 ], [ 126.944916, 37.60482 ], [ 126.944816, 37.604821 ], [ 126.944721, 37.604821 ], [ 126.944112, 37.604826 ], [ 126.943345, 37.604832 ], [ 126.942659, 37.604836 ], [ 126.942493, 37.604828 ], [ 126.942417, 37.604824 ], [ 126.942266, 37.604686 ], [ 126.940437, 37.602861 ], [ 126.940174, 37.601832 ], [ 126.941097, 37.601112 ], [ 126.941208, 37.600907 ], [ 126.941083, 37.599895 ], [ 126.941034, 37.599619 ], [ 126.940917, 37.599079 ], [ 126.940678, 37.598671 ], [ 126.940583, 37.598599 ], [ 126.939337, 37.59784 ], [ 126.938995, 37.597708 ], [ 126.938935, 37.597691 ], [ 126.9386, 37.597586 ], [ 126.937773, 37.597749 ], [ 126.933658, 37.596399 ], [ 126.932954, 37.596027 ], [ 126.930663, 37.59449 ], [ 126.930375, 37.594242 ], [ 126.929272, 37.593025 ], [ 126.928648, 37.592261 ], [ 126.928418, 37.591895 ], [ 126.928265, 37.591651 ], [ 126.928225, 37.591533 ], [ 126.928161, 37.591343 ], [ 126.928108, 37.591186 ], [ 126.92787, 37.590453 ], [ 126.927882, 37.590394 ], [ 126.928022, 37.589724 ], [ 126.928118, 37.58943 ], [ 126.928121, 37.588385 ], [ 126.927389, 37.587896 ], [ 126.927192, 37.587764 ], [ 126.926536, 37.587408 ], [ 126.926074, 37.587171 ], [ 126.925942, 37.587141 ], [ 126.923584, 37.586149 ], [ 126.92282, 37.585622 ], [ 126.923025, 37.585 ], [ 126.920815, 37.582912 ], [ 126.919682, 37.583327 ], [ 126.919368, 37.583376 ], [ 126.918907, 37.583407 ], [ 126.916772, 37.583242 ], [ 126.91612, 37.583143 ], [ 126.915924, 37.583139 ], [ 126.915825, 37.583144 ], [ 126.91564, 37.584124 ], [ 126.915443, 37.585493 ], [ 126.913148, 37.587035 ], [ 126.913083, 37.586889 ], [ 126.913054, 37.586824 ], [ 126.912969, 37.586639 ] ] ] } },
{ "type": "Feature", "properties": { "district_code": "11410", "district_name": "서대문구" }, "geometry": { "type": "Polygon", "coordinates": [ [ [ 126.946812, 37.556849 ], [ 126.946806, 37.556909 ], [ 126.946801, 37.556957 ], [ 126.944685, 37.556839 ], [ 126.941048, 37.556443 ], [ 126.940246, 37.55619 ], [ 126.936867, 37.555103 ], [ 126.936734, 37.555115 ], [ 126.93644, 37.555199 ], [ 126.935108, 37.555667 ], [ 126.929999, 37.557559 ], [ 126.927116, 37.558628 ], [ 126.927009, 37.558672 ], [ 126.926856, 37.558736 ], [ 126.926625, 37.558832 ], [ 126.926494, 37.559201 ], [ 126.926678, 37.560584 ], [ 126.927143, 37.561751 ], [ 126.927199, 37.561829 ], [ 126.927484, 37.562232 ], [ 126.928116, 37.563153 ], [ 126.928145, 37.563196 ], [ 126.928247, 37.563344 ], [ 126.926955, 37.564418 ], [ 126.926823, 37.564522 ], [ 126.926304, 37.564916 ], [ 126.926136, 37.565027 ], [ 126.925957, 37.565143 ], [ 126.925821, 37.565218 ], [ 126.925686, 37.565292 ], [ 126.925131, 37.565556 ], [ 126.92474, 37.565726 ], [ 126.917742, 37.567443 ], [ 126.916854, 37.567887 ], [ 126.911805, 37.570279 ], [ 126.904779, 37.573393 ], [ 126.901607, 37.575462 ], [ 126.903127, 37.576892 ], [ 126.906294, 37.580119 ], [ 126.90985, 37.583466 ], [ 126.912331, 37.585806 ], [ 126.912553, 37.586022 ], [ 126.912695, 37.586185 ], [ 126.912823, 37.586337 ], [ 126.912969, 37.586639 ], [ 126.913054, 37.586824 ], [ 126.913083, 37.586889 ], [ 126.913148, 37.587035 ], [ 126.915443, 37.585493 ], [ 126.91564, 37.584124 ], [ 126.915825, 37.583144 ], [ 126.915924, 37.583139 ], [ 126.91612, 37.583143 ], [ 126.916772, 37.583242 ], [ 126.918907, 37.583407 ], [ 126.919368, 37.583376 ], [ 126.919682, 37.583327 ], [ 126.920815, 37.582912 ], [ 126.923025, 37.585 ], [ 126.92282, 37.585622 ], [ 126.923584, 37.586149 ], [ 126.925942, 37.587141 ], [ 126.926074, 37.587171 ], [ 126.926536, 37.587408 ], [ 126.927192, 37.587764 ], [ 126.927389, 37.587896 ], [ 126.928121, 37.588385 ], [ 126.928118, 37.58943 ], [ 126.928022, 37.589724 ], [ 126.927882, 37.590394 ], [ 126.92787, 37.590453 ], [ 126.928108, 37.591186 ], [ 126.928161, 37.591343 ], [ 126.928225, 37.591533 ], [ 126.928265, 37.591651 ], [ 126.928418, 37.591895 ], [ 126.928648, 37.592261 ], [ 126.929272, 37.593025 ], [ 126.930375, 37.594242 ], [ 126.930663, 37.59449 ], [ 126.932954, 37.596027 ], [ 126.933658, 37.596399 ], [ 126.937773, 37.597749 ], [ 126.9386, 37.597586 ], [ 126.938935, 37.597691 ], [ 126.938995, 37.597708 ], [ 126.939337, 37.59784 ], [ 126.940583, 37.598599 ], [ 126.940678, 37.598671 ], [ 126.940917, 37.599079 ], [ 126.941034, 37.599619 ], [ 126.941083, 37.599895 ], [ 126.941208, 37.600907 ], [ 126.941097, 37.601112 ], [ 126.940174, 37.601832 ], [ 126.940437, 37.602861 ], [ 126.942266, 37.604686 ], [ 126.942417, 37.604824 ], [ 126.942493, 37.604828 ], [ 126.942659, 37.604836 ], [ 126.943345, 37.604832 ], [ 126.944112, 37.604826 ], [ 126.944721, 37.604821 ], [ 126.944816, 37.604821 ], [ 126.944916, 37.60482 ], [ 126.945698, 37.605824 ], [ 126.94599, 37.606357 ], [ 126.946342, 37.607101 ], [ 126.947215, 37.607798 ], [ 126.947246, 37.607784 ], [ 126.947448, 37.607716 ], [ 126.947664, 37.607684 ], [ 126.947798, 37.607683 ], [ 126.947832, 37.60769 ], [ 126.947874, 37.607698 ], [ 126.947926, 37.607727 ], [ 126.947974, 37.607764 ], [ 126.948012, 37.607795 ], [ 126.948031, 37.607827 ], [ 126.948064, 37.607856 ], [ 126.948125, 37.607897 ], [ 126.948196, 37.607925 ], [ 126.948267, 37.607995 ], [ 126.948332, 37.607991 ], [ 126.948389, 37.607981 ], [ 126.948707, 37.608037 ], [ 126.948779, 37.608066 ], [ 126.948813, 37.608073 ], [ 126.948995, 37.60807 ], [ 126.94906, 37.608059 ], [ 126.949106, 37.608027 ], [ 126.949144, 37.607971 ], [ 126.949171, 37.60793 ], [ 126.949294, 37.607783 ], [ 126.949356, 37.607719 ], [ 126.949419, 37.607695 ], [ 126.949463, 37.607692 ], [ 126.949515, 37.607689 ], [ 126.949746, 37.607686 ], [ 126.949988, 37.607702 ], [ 126.95005, 37.607717 ], [ 126.950101, 37.607736 ], [ 126.950343, 37.607847 ], [ 126.950377, 37.607879 ], [ 126.950737, 37.60832 ], [ 126.953121, 37.605597 ], [ 126.953376, 37.605366 ], [ 126.953437, 37.605174 ], [ 126.953543, 37.604619 ], [ 126.95354, 37.604574 ], [ 126.953536, 37.604494 ], [ 126.953513, 37.604265 ], [ 126.953265, 37.603203 ], [ 126.953201, 37.603012 ], [ 126.953081, 37.602911 ], [ 126.953012, 37.602869 ], [ 126.952882, 37.60279 ], [ 126.952802, 37.602695 ], [ 126.95278, 37.602259 ], [ 126.952777, 37.602207 ], [ 126.952765, 37.601444 ], [ 126.952763, 37.601281 ], [ 126.952749, 37.600406 ], [ 126.953509, 37.599118 ], [ 126.953826, 37.59881 ], [ 126.953936, 37.598704 ], [ 126.953974, 37.598666 ], [ 126.954093, 37.598551 ], [ 126.955518, 37.598483 ], [ 126.956132, 37.598458 ], [ 126.956127, 37.598516 ], [ 126.956124, 37.598553 ], [ 126.956214, 37.598595 ], [ 126.956351, 37.598661 ], [ 126.956731, 37.598665 ], [ 126.956883, 37.598633 ], [ 126.956967, 37.598614 ], [ 126.957055, 37.598552 ], [ 126.9571, 37.598459 ], [ 126.957135, 37.598387 ], [ 126.957146, 37.598243 ], [ 126.957042, 37.597906 ], [ 126.956983, 37.597718 ], [ 126.956954, 37.597624 ], [ 126.956613, 37.596537 ], [ 126.956303, 37.595662 ], [ 126.956309, 37.595543 ], [ 126.956313, 37.595478 ], [ 126.956329, 37.59515 ], [ 126.956499, 37.594707 ], [ 126.956766, 37.594011 ], [ 126.95725, 37.593145 ], [ 126.957515, 37.592672 ], [ 126.957929, 37.588794 ], [ 126.957474, 37.587602 ], [ 126.957172, 37.586468 ], [ 126.956894, 37.58542 ], [ 126.957895, 37.583811 ], [ 126.960674, 37.580798 ], [ 126.958777, 37.581618 ], [ 126.958269, 37.581697 ], [ 126.957125, 37.581615 ], [ 126.957002, 37.581583 ], [ 126.956458, 37.581283 ], [ 126.955795, 37.580729 ], [ 126.955769, 37.580049 ], [ 126.955769, 37.580024 ], [ 126.955746, 37.579304 ], [ 126.955557, 37.579087 ], [ 126.955455, 37.57897 ], [ 126.954953, 37.578931 ], [ 126.95481, 37.578925 ], [ 126.954162, 37.578899 ], [ 126.953556, 37.578876 ], [ 126.953924, 37.578491 ], [ 126.959571, 37.572961 ], [ 126.961898, 37.570651 ], [ 126.965812, 37.566669 ], [ 126.966774, 37.565794 ], [ 126.969592, 37.562014 ], [ 126.968899, 37.561861 ], [ 126.968082, 37.561679 ], [ 126.967922, 37.561643 ], [ 126.967382, 37.561496 ], [ 126.966901, 37.561306 ], [ 126.966612, 37.561133 ], [ 126.966535, 37.56108 ], [ 126.966187, 37.560846 ], [ 126.965539, 37.560384 ], [ 126.965238, 37.560171 ], [ 126.964328, 37.55965 ], [ 126.964182, 37.559567 ], [ 126.963874, 37.559409 ], [ 126.963759, 37.55935 ], [ 126.96371, 37.559337 ], [ 126.963658, 37.559322 ], [ 126.96361, 37.55931 ], [ 126.962068, 37.559261 ], [ 126.961483, 37.558854 ], [ 126.958708, 37.55666 ], [ 126.958685, 37.556843 ], [ 126.958485, 37.557237 ], [ 126.957069, 37.557479 ], [ 126.95684, 37.557475 ], [ 126.956207, 37.557465 ], [ 126.955297, 37.557442 ], [ 126.954984, 37.557434 ], [ 126.954316, 37.5573 ], [ 126.953205, 37.557218 ], [ 126.95201, 37.55713 ], [ 126.951953, 37.557127 ], [ 126.948847, 37.556971 ], [ 126.946812, 37.556849 ] ] ] } },
{ "type": "Feature", "properties": { "district_code": "11440", "district_name": "마포구" }, "geometry": { "type": "Polygon", "coordinates": [ [ [ 126.904983, 37.54132 ], [ 126.90218, 37.544066 ], [ 126.901752, 37.54513 ], [ 126.899, 37.547915 ], [ 126.89063, 37.551173 ], [ 126.880381, 37.556176 ], [ 126.87203, 37.560038 ], [ 126.863064, 37.565004 ], [ 126.859501, 37.567325 ], [ 126.855174, 37.569976 ], [ 126.853557, 37.571805 ], [ 126.854117, 37.573856 ], [ 126.859122, 37.574865 ], [ 126.861723, 37.575856 ], [ 126.864954, 37.575837 ], [ 126.866645, 37.576454 ], [ 126.867991, 37.577393 ], [ 126.873345, 37.578847 ], [ 126.876259, 37.578963 ], [ 126.877077, 37.578903 ], [ 126.877441, 37.579404 ], [ 126.877522, 37.579515 ], [ 126.877632, 37.579748 ], [ 126.87747, 37.580308 ], [ 126.876634, 37.581559 ], [ 126.876672, 37.584121 ], [ 126.877632, 37.586203 ], [ 126.880286, 37.589641 ], [ 126.880367, 37.589708 ], [ 126.880491, 37.589811 ], [ 126.882241, 37.590937 ], [ 126.883255, 37.590063 ], [ 126.886979, 37.586864 ], [ 126.887441, 37.586467 ], [ 126.889408, 37.584818 ], [ 126.889653, 37.584637 ], [ 126.88992, 37.584442 ], [ 126.88997, 37.584406 ], [ 126.890225, 37.584238 ], [ 126.892177, 37.582939 ], [ 126.895293, 37.581463 ], [ 126.89623, 37.580854 ], [ 126.896663, 37.580489 ], [ 126.897908, 37.579169 ], [ 126.8982, 37.578262 ], [ 126.898595, 37.577993 ], [ 126.901638, 37.575919 ], [ 126.90282, 37.577147 ], [ 126.903127, 37.576892 ], [ 126.901607, 37.575462 ], [ 126.904779, 37.573393 ], [ 126.911805, 37.570279 ], [ 126.916854, 37.567887 ], [ 126.917742, 37.567443 ], [ 126.92474, 37.565726 ], [ 126.925131, 37.565556 ], [ 126.925686, 37.565292 ], [ 126.925821, 37.565218 ], [ 126.925957, 37.565143 ], [ 126.926136, 37.565027 ], [ 126.926304, 37.564916 ], [ 126.926823, 37.564522 ], [ 126.926955, 37.564418 ], [ 126.928247, 37.563344 ], [ 126.928145, 37.563196 ], [ 126.928116, 37.563153 ], [ 126.927484, 37.562232 ], [ 126.927199, 37.561829 ], [ 126.927143, 37.561751 ], [ 126.926678, 37.560584 ], [ 126.926494, 37.559201 ], [ 126.926625, 37.558832 ], [ 126.926856, 37.558736 ], [ 126.927009, 37.558672 ], [ 126.927116, 37.558628 ], [ 126.929999, 37.557559 ], [ 126.935108, 37.555667 ], [ 126.93644, 37.555199 ], [ 126.936734, 37.555115 ], [ 126.936867, 37.555103 ], [ 126.940246, 37.55619 ], [ 126.941048, 37.556443 ], [ 126.944685, 37.556839 ], [ 126.946801, 37.556957 ], [ 126.946806, 37.556909 ], [ 126.946812, 37.556849 ], [ 126.948847, 37.556971 ], [ 126.951953, 37.557127 ], [ 126.95201, 37.55713 ], [ 126.953205, 37.557218 ], [ 126.954316, 37.5573 ], [ 126.954984, 37.557434 ], [ 126.955297, 37.557442 ], [ 126.956207, 37.557465 ], [ 126.95684, 37.557475 ], [ 126.957069, 37.557479 ], [ 126.958485, 37.557237 ], [ 126.958685, 37.556843 ], [ 126.958708, 37.55666 ], [ 126.961483, 37.558854 ], [ 126.963037, 37.558183 ], [ 126.963216, 37.55715 ], [ 126.963098, 37.556423 ], [ 126.962927, 37.556227 ], [ 126.96205, 37.555326 ], [ 126.962021, 37.555338 ], [ 126.961984, 37.555352 ], [ 126.961838, 37.555407 ], [ 126.961703, 37.555343 ], [ 126.961662, 37.553342 ], [ 126.961707, 37.552966 ], [ 126.962069, 37.552079 ], [ 126.962136, 37.551922 ], [ 126.962387, 37.551504 ], [ 126.963943, 37.549803 ], [ 126.963687, 37.548903 ], [ 126.9632, 37.548677 ], [ 126.962934, 37.54878 ], [ 126.96162, 37.547697 ], [ 126.958629, 37.545582 ], [ 126.957803, 37.542899 ], [ 126.9577, 37.542083 ], [ 126.956508, 37.540705 ], [ 126.956401, 37.540585 ], [ 126.953843, 37.53849 ], [ 126.953008, 37.537847 ], [ 126.95301, 37.537807 ], [ 126.953014, 37.537675 ], [ 126.952995, 37.53757 ], [ 126.952985, 37.537519 ], [ 126.952968, 37.537426 ], [ 126.952826, 37.537284 ], [ 126.952235, 37.536804 ], [ 126.95131, 37.536295 ], [ 126.951127, 37.536213 ], [ 126.950758, 37.536117 ], [ 126.949422, 37.53587 ], [ 126.947811, 37.535623 ], [ 126.946396, 37.535742 ], [ 126.946186, 37.535653 ], [ 126.946052, 37.535595 ], [ 126.945433, 37.535192 ], [ 126.945082, 37.534935 ], [ 126.94467, 37.533752 ], [ 126.941213, 37.536452 ], [ 126.935816, 37.538996 ], [ 126.930262, 37.54132 ], [ 126.92763, 37.53903 ], [ 126.923027, 37.540595 ], [ 126.922443, 37.541386 ], [ 126.917104, 37.541422 ], [ 126.904983, 37.54132 ] ] ] } },
{ "type": "Feature", "properties": { "district_code": "11470", "district_name": "양천구" }, "geometry": { "type": "Polygon", "coordinates": [ [ [ 126.856086, 37.509469 ], [ 126.855075, 37.509924 ], [ 126.854024, 37.510303 ], [ 126.852902, 37.510577 ], [ 126.851243, 37.51003 ], [ 126.847181, 37.508792 ], [ 126.845294, 37.507871 ], [ 126.844538, 37.506438 ], [ 126.842328, 37.504886 ], [ 126.840618, 37.503993 ], [ 126.838983, 37.502901 ], [ 126.838382, 37.501475 ], [ 126.838364, 37.500142 ], [ 126.836889, 37.50063 ], [ 126.836414, 37.50065 ], [ 126.836457, 37.500771 ], [ 126.836526, 37.50097 ], [ 126.836418, 37.502458 ], [ 126.836172, 37.503039 ], [ 126.835696, 37.503386 ], [ 126.835348, 37.503484 ], [ 126.834338, 37.503767 ], [ 126.834241, 37.503834 ], [ 126.833877, 37.504084 ], [ 126.832642, 37.505031 ], [ 126.830643, 37.506835 ], [ 126.830675, 37.507573 ], [ 126.826972, 37.508587 ], [ 126.826525, 37.508745 ], [ 126.826267, 37.508749 ], [ 126.824679, 37.508328 ], [ 126.823966, 37.509058 ], [ 126.823851, 37.510957 ], [ 126.824471, 37.513036 ], [ 126.824213, 37.514346 ], [ 126.823324, 37.514889 ], [ 126.823238, 37.516181 ], [ 126.824492, 37.51772 ], [ 126.825559, 37.519846 ], [ 126.825583, 37.520493 ], [ 126.82559, 37.521975 ], [ 126.82522, 37.522983 ], [ 126.825205, 37.523027 ], [ 126.825232, 37.523098 ], [ 126.825251, 37.523149 ], [ 126.825916, 37.524077 ], [ 126.826447, 37.524961 ], [ 126.828154, 37.525799 ], [ 126.82823, 37.526214 ], [ 126.828805, 37.526511 ], [ 126.828461, 37.526703 ], [ 126.827856, 37.52818 ], [ 126.828143, 37.529033 ], [ 126.827092, 37.5298 ], [ 126.825494, 37.529821 ], [ 126.824736, 37.530633 ], [ 126.823975, 37.531795 ], [ 126.823452, 37.53254 ], [ 126.823514, 37.533774 ], [ 126.82274, 37.53377 ], [ 126.82265, 37.53419 ], [ 126.82182, 37.534871 ], [ 126.822396, 37.536489 ], [ 126.822309, 37.537918 ], [ 126.82196, 37.538871 ], [ 126.821829, 37.539156 ], [ 126.821592, 37.539725 ], [ 126.822147, 37.540679 ], [ 126.824426, 37.541381 ], [ 126.825407, 37.541651 ], [ 126.825255, 37.542149 ], [ 126.826134, 37.54281 ], [ 126.825995, 37.54322 ], [ 126.825731, 37.543943 ], [ 126.825934, 37.544703 ], [ 126.826796, 37.54578 ], [ 126.827135, 37.546389 ], [ 126.827547, 37.547057 ], [ 126.827603, 37.547684 ], [ 126.829742, 37.547666 ], [ 126.830349, 37.545771 ], [ 126.829737, 37.544074 ], [ 126.830217, 37.542676 ], [ 126.830047, 37.542431 ], [ 126.830084, 37.541719 ], [ 126.830448, 37.541752 ], [ 126.830692, 37.54176 ], [ 126.831426, 37.541784 ], [ 126.83314, 37.541841 ], [ 126.833279, 37.541431 ], [ 126.833327, 37.541288 ], [ 126.833486, 37.540796 ], [ 126.833779, 37.539871 ], [ 126.835165, 37.536912 ], [ 126.834727, 37.536034 ], [ 126.840485, 37.526537 ], [ 126.848896, 37.527899 ], [ 126.851964, 37.528284 ], [ 126.858485, 37.529105 ], [ 126.864011, 37.5298 ], [ 126.863495, 37.535599 ], [ 126.863672, 37.539283 ], [ 126.862939, 37.542473 ], [ 126.862344, 37.543603 ], [ 126.86233, 37.543642 ], [ 126.862295, 37.543745 ], [ 126.862159, 37.544137 ], [ 126.862174, 37.544476 ], [ 126.862185, 37.544558 ], [ 126.862425, 37.545433 ], [ 126.862541, 37.545854 ], [ 126.862932, 37.547017 ], [ 126.864285, 37.55139 ], [ 126.864983, 37.550928 ], [ 126.870702, 37.547652 ], [ 126.871163, 37.547491 ], [ 126.871767, 37.547294 ], [ 126.872062, 37.54721 ], [ 126.872422, 37.547109 ], [ 126.873004, 37.54702 ], [ 126.873471, 37.546966 ], [ 126.874019, 37.546927 ], [ 126.874618, 37.546942 ], [ 126.874891, 37.54695 ], [ 126.874946, 37.546952 ], [ 126.875013, 37.546956 ], [ 126.876846, 37.547056 ], [ 126.877368, 37.547115 ], [ 126.877723, 37.547155 ], [ 126.877813, 37.547166 ], [ 126.877891, 37.547177 ], [ 126.878135, 37.547215 ], [ 126.878491, 37.547308 ], [ 126.879404, 37.547548 ], [ 126.879881, 37.547665 ], [ 126.880714, 37.54787 ], [ 126.883247, 37.545557 ], [ 126.885157, 37.54359 ], [ 126.885524, 37.541837 ], [ 126.88832, 37.536796 ], [ 126.890252, 37.534675 ], [ 126.890028, 37.533295 ], [ 126.888798, 37.532829 ], [ 126.888805, 37.532056 ], [ 126.890541, 37.5315 ], [ 126.890044, 37.53038 ], [ 126.888482, 37.530721 ], [ 126.887608, 37.529479 ], [ 126.887054, 37.52878 ], [ 126.886956, 37.528657 ], [ 126.886586, 37.528309 ], [ 126.886314, 37.528055 ], [ 126.88603, 37.527925 ], [ 126.885346, 37.527614 ], [ 126.884756, 37.527404 ], [ 126.881732, 37.526322 ], [ 126.881372, 37.525999 ], [ 126.88051, 37.525226 ], [ 126.880488, 37.525147 ], [ 126.880277, 37.524363 ], [ 126.879823, 37.522195 ], [ 126.879805, 37.521381 ], [ 126.879473, 37.516772 ], [ 126.878458, 37.514282 ], [ 126.873479, 37.508523 ], [ 126.871261, 37.505626 ], [ 126.869638, 37.5054 ], [ 126.864574, 37.505006 ], [ 126.863528, 37.504969 ], [ 126.863389, 37.505078 ], [ 126.863168, 37.505251 ], [ 126.862753, 37.506001 ], [ 126.86246, 37.506686 ], [ 126.860106, 37.506687 ], [ 126.859681, 37.507395 ], [ 126.859596, 37.507537 ], [ 126.858156, 37.509945 ], [ 126.856086, 37.509469 ] ] ] } },
{ "type": "Feature", "properties": { "district_code": "11500", "district_name": "강서구" }, "geometry": { "type": "Polygon", "coordinates": [ [ [ 126.840485, 37.526537 ], [ 126.834727, 37.536034 ], [ 126.835165, 37.536912 ], [ 126.833779, 37.539871 ], [ 126.833486, 37.540796 ], [ 126.833327, 37.541288 ], [ 126.833279, 37.541431 ], [ 126.83314, 37.541841 ], [ 126.831426, 37.541784 ], [ 126.830692, 37.54176 ], [ 126.830448, 37.541752 ], [ 126.830084, 37.541719 ], [ 126.830047, 37.542431 ], [ 126.830217, 37.542676 ], [ 126.829737, 37.544074 ], [ 126.830349, 37.545771 ], [ 126.829742, 37.547666 ], [ 126.827603, 37.547684 ], [ 126.827547, 37.547057 ], [ 126.827135, 37.546389 ], [ 126.826796, 37.54578 ], [ 126.825934, 37.544703 ], [ 126.825731, 37.543943 ], [ 126.825995, 37.54322 ], [ 126.826134, 37.54281 ], [ 126.825255, 37.542149 ], [ 126.825407, 37.541651 ], [ 126.824426, 37.541381 ], [ 126.822147, 37.540679 ], [ 126.819418, 37.540779 ], [ 126.816617, 37.540567 ], [ 126.814657, 37.540638 ], [ 126.812362, 37.540709 ], [ 126.810376, 37.541609 ], [ 126.80732, 37.543616 ], [ 126.805428, 37.54339 ], [ 126.802849, 37.543082 ], [ 126.801612, 37.542456 ], [ 126.800391, 37.541696 ], [ 126.800829, 37.540876 ], [ 126.798979, 37.540268 ], [ 126.798753, 37.539454 ], [ 126.799243, 37.539288 ], [ 126.799493, 37.537863 ], [ 126.799066, 37.537508 ], [ 126.798376, 37.537631 ], [ 126.797878, 37.537031 ], [ 126.796074, 37.536727 ], [ 126.794401, 37.535831 ], [ 126.794, 37.536856 ], [ 126.794191, 37.538243 ], [ 126.793316, 37.539725 ], [ 126.794296, 37.540103 ], [ 126.79475, 37.541516 ], [ 126.792043, 37.541813 ], [ 126.791754, 37.543749 ], [ 126.787382, 37.545857 ], [ 126.784648, 37.546291 ], [ 126.781856, 37.546142 ], [ 126.781201, 37.54614 ], [ 126.780331, 37.546162 ], [ 126.779901, 37.546247 ], [ 126.777588, 37.546581 ], [ 126.77681, 37.54822 ], [ 126.775351, 37.549073 ], [ 126.772625, 37.548704 ], [ 126.771744, 37.548307 ], [ 126.77007, 37.550979 ], [ 126.768318, 37.551575 ], [ 126.767552, 37.551962 ], [ 126.767767, 37.553253 ], [ 126.766203, 37.554126 ], [ 126.766343, 37.55493 ], [ 126.764691, 37.55537 ], [ 126.766596, 37.556674 ], [ 126.770314, 37.557193 ], [ 126.772077, 37.557002 ], [ 126.773105, 37.557497 ], [ 126.77201, 37.558802 ], [ 126.775633, 37.561803 ], [ 126.777925, 37.560111 ], [ 126.777002, 37.563982 ], [ 126.775015, 37.566006 ], [ 126.774803, 37.567532 ], [ 126.775633, 37.568164 ], [ 126.776956, 37.566341 ], [ 126.780527, 37.568328 ], [ 126.782503, 37.57023 ], [ 126.78197, 37.571689 ], [ 126.781905, 37.571845 ], [ 126.782575, 37.573348 ], [ 126.782619, 37.573422 ], [ 126.782702, 37.573561 ], [ 126.782886, 37.573702 ], [ 126.784581, 37.574671 ], [ 126.787566, 37.575598 ], [ 126.790056, 37.577571 ], [ 126.790522, 37.580315 ], [ 126.791744, 37.581144 ], [ 126.792987, 37.579742 ], [ 126.793696, 37.58154 ], [ 126.793674, 37.581605 ], [ 126.794816, 37.583313 ], [ 126.795722, 37.583121 ], [ 126.795907, 37.583158 ], [ 126.795949, 37.583184 ], [ 126.796264, 37.58345 ], [ 126.796903, 37.584019 ], [ 126.797025, 37.584181 ], [ 126.797358, 37.585583 ], [ 126.798339, 37.587793 ], [ 126.798692, 37.588104 ], [ 126.798828, 37.588224 ], [ 126.799642, 37.588022 ], [ 126.800678, 37.587898 ], [ 126.800788, 37.588004 ], [ 126.800882, 37.588752 ], [ 126.80082, 37.588969 ], [ 126.800809, 37.589007 ], [ 126.800616, 37.589273 ], [ 126.799063, 37.592109 ], [ 126.797579, 37.595757 ], [ 126.797535, 37.595871 ], [ 126.797254, 37.596592 ], [ 126.797108, 37.59728 ], [ 126.797065, 37.597879 ], [ 126.797062, 37.597931 ], [ 126.797022, 37.598491 ], [ 126.797102, 37.598911 ], [ 126.797139, 37.599037 ], [ 126.797231, 37.599343 ], [ 126.797473, 37.599994 ], [ 126.797615, 37.600262 ], [ 126.797916, 37.600755 ], [ 126.800353, 37.603817 ], [ 126.8006, 37.604104 ], [ 126.800935, 37.604337 ], [ 126.801278, 37.604499 ], [ 126.801852, 37.604648 ], [ 126.80222, 37.604661 ], [ 126.802365, 37.604652 ], [ 126.802891, 37.60462 ], [ 126.803514, 37.604508 ], [ 126.803969, 37.604413 ], [ 126.804321, 37.604295 ], [ 126.804936, 37.604021 ], [ 126.805505, 37.603689 ], [ 126.806641, 37.602792 ], [ 126.806887, 37.602579 ], [ 126.807193, 37.602313 ], [ 126.809873, 37.59995 ], [ 126.810013, 37.599825 ], [ 126.810131, 37.599718 ], [ 126.810996, 37.59894 ], [ 126.811284, 37.598681 ], [ 126.81408, 37.597593 ], [ 126.816409, 37.595642 ], [ 126.817594, 37.595294 ], [ 126.818581, 37.593587 ], [ 126.823257, 37.590334 ], [ 126.824526, 37.589401 ], [ 126.826823, 37.587993 ], [ 126.832093, 37.585767 ], [ 126.851629, 37.573257 ], [ 126.853557, 37.571805 ], [ 126.855174, 37.569976 ], [ 126.859501, 37.567325 ], [ 126.863064, 37.565004 ], [ 126.87203, 37.560038 ], [ 126.880381, 37.556176 ], [ 126.879316, 37.554833 ], [ 126.879198, 37.553203 ], [ 126.877989, 37.553426 ], [ 126.878136, 37.551547 ], [ 126.880714, 37.54787 ], [ 126.879881, 37.547665 ], [ 126.879404, 37.547548 ], [ 126.878491, 37.547308 ], [ 126.878135, 37.547215 ], [ 126.877891, 37.547177 ], [ 126.877813, 37.547166 ], [ 126.877723, 37.547155 ], [ 126.877368, 37.547115 ], [ 126.876846, 37.547056 ], [ 126.875013, 37.546956 ], [ 126.874946, 37.546952 ], [ 126.874891, 37.54695 ], [ 126.874618, 37.546942 ], [ 126.874019, 37.546927 ], [ 126.873471, 37.546966 ], [ 126.873004, 37.54702 ], [ 126.872422, 37.547109 ], [ 126.872062, 37.54721 ], [ 126.871767, 37.547294 ], [ 126.871163, 37.547491 ], [ 126.870702, 37.547652 ], [ 126.864983, 37.550928 ], [ 126.864285, 37.55139 ], [ 126.862932, 37.547017 ], [ 126.862541, 37.545854 ], [ 126.862425, 37.545433 ], [ 126.862185, 37.544558 ], [ 126.862174, 37.544476 ], [ 126.862159, 37.544137 ], [ 126.862295, 37.543745 ], [ 126.86233, 37.543642 ], [ 126.862344, 37.543603 ], [ 126.862939, 37.542473 ], [ 126.863672, 37.539283 ], [ 126.863495, 37.535599 ], [ 126.864011, 37.5298 ], [ 126.858485, 37.529105 ], [ 126.851964, 37.528284 ], [ 126.848896, 37.527899 ], [ 126.840485, 37.526537 ] ] ] } },
{ "type": "Feature", "properties": { "district_code": "11530", "district_name": "구로구" }, "geometry": { "type": "Polygon", "coordinates": [ [ [ 126.82597, 37.476848 ], [ 126.825132, 37.476764 ], [ 126.824192, 37.476177 ], [ 126.822648, 37.475858 ], [ 126.821679, 37.475306 ], [ 126.821221, 37.476254 ], [ 126.819221, 37.476158 ], [ 126.819149, 37.475501 ], [ 126.819503, 37.475115 ], [ 126.818458, 37.475178 ], [ 126.818667, 37.474135 ], [ 126.817926, 37.473471 ], [ 126.817838, 37.473155 ], [ 126.817309, 37.473177 ], [ 126.817094, 37.473593 ], [ 126.816658, 37.473918 ], [ 126.815908, 37.473992 ], [ 126.815392, 37.474008 ], [ 126.814753, 37.474668 ], [ 126.814868, 37.475782 ], [ 126.815293, 37.47645 ], [ 126.816094, 37.476715 ], [ 126.816071, 37.47712 ], [ 126.816445, 37.477572 ], [ 126.817054, 37.478118 ], [ 126.818201, 37.478143 ], [ 126.819568, 37.480276 ], [ 126.819928, 37.481762 ], [ 126.819455, 37.482711 ], [ 126.819423, 37.483964 ], [ 126.819389, 37.48537 ], [ 126.819434, 37.48547 ], [ 126.819508, 37.485558 ], [ 126.820368, 37.485879 ], [ 126.821192, 37.486155 ], [ 126.821264, 37.486179 ], [ 126.821296, 37.48619 ], [ 126.822328, 37.486737 ], [ 126.823186, 37.487502 ], [ 126.823473, 37.487745 ], [ 126.823028, 37.488076 ], [ 126.823, 37.488477 ], [ 126.822741, 37.489983 ], [ 126.820617, 37.490756 ], [ 126.820259, 37.490843 ], [ 126.820205, 37.490874 ], [ 126.819412, 37.491244 ], [ 126.818543, 37.491648 ], [ 126.817858, 37.491584 ], [ 126.815937, 37.49243 ], [ 126.815587, 37.493074 ], [ 126.814392, 37.493199 ], [ 126.814295, 37.494633 ], [ 126.812977, 37.49629 ], [ 126.814001, 37.497196 ], [ 126.814359, 37.498314 ], [ 126.815173, 37.498045 ], [ 126.815927, 37.49764 ], [ 126.816507, 37.497814 ], [ 126.818212, 37.498885 ], [ 126.818951, 37.498693 ], [ 126.819757, 37.499227 ], [ 126.819377, 37.500497 ], [ 126.820203, 37.501579 ], [ 126.821594, 37.502061 ], [ 126.821517, 37.503035 ], [ 126.821946, 37.504525 ], [ 126.822448, 37.506075 ], [ 126.822237, 37.507601 ], [ 126.824679, 37.508328 ], [ 126.826267, 37.508749 ], [ 126.826525, 37.508745 ], [ 126.826972, 37.508587 ], [ 126.830675, 37.507573 ], [ 126.830643, 37.506835 ], [ 126.832642, 37.505031 ], [ 126.833877, 37.504084 ], [ 126.834241, 37.503834 ], [ 126.834338, 37.503767 ], [ 126.835348, 37.503484 ], [ 126.835696, 37.503386 ], [ 126.836172, 37.503039 ], [ 126.836418, 37.502458 ], [ 126.836526, 37.50097 ], [ 126.836457, 37.500771 ], [ 126.836414, 37.50065 ], [ 126.836889, 37.50063 ], [ 126.838364, 37.500142 ], [ 126.838382, 37.501475 ], [ 126.838983, 37.502901 ], [ 126.840618, 37.503993 ], [ 126.842328, 37.504886 ], [ 126.844538, 37.506438 ], [ 126.845294, 37.507871 ], [ 126.847181, 37.508792 ], [ 126.851243, 37.51003 ], [ 126.852902, 37.510577 ], [ 126.854024, 37.510303 ], [ 126.855075, 37.509924 ], [ 126.856086, 37.509469 ], [ 126.858156, 37.509945 ], [ 126.859596, 37.507537 ], [ 126.859681, 37.507395 ], [ 126.860106, 37.506687 ], [ 126.86246, 37.506686 ], [ 126.862753, 37.506001 ], [ 126.863168, 37.505251 ], [ 126.863389, 37.505078 ], [ 126.863528, 37.504969 ], [ 126.864574, 37.505006 ], [ 126.869638, 37.5054 ], [ 126.871261, 37.505626 ], [ 126.873479, 37.508523 ], [ 126.878458, 37.514282 ], [ 126.879473, 37.516772 ], [ 126.881733, 37.515815 ], [ 126.888522, 37.512665 ], [ 126.889628, 37.512086 ], [ 126.890289, 37.511668 ], [ 126.890445, 37.511558 ], [ 126.890675, 37.511332 ], [ 126.890792, 37.511202 ], [ 126.890899, 37.511082 ], [ 126.891187, 37.510696 ], [ 126.891216, 37.510656 ], [ 126.891748, 37.509869 ], [ 126.89297, 37.509461 ], [ 126.895139, 37.508152 ], [ 126.893856, 37.507478 ], [ 126.893685, 37.504415 ], [ 126.893404, 37.503135 ], [ 126.893344, 37.502573 ], [ 126.893339, 37.502517 ], [ 126.893332, 37.50231 ], [ 126.893323, 37.502021 ], [ 126.89331, 37.501513 ], [ 126.893324, 37.50118 ], [ 126.893326, 37.501124 ], [ 126.893444, 37.498413 ], [ 126.893451, 37.498254 ], [ 126.893526, 37.497724 ], [ 126.894546, 37.494322 ], [ 126.89537, 37.492104 ], [ 126.895397, 37.492032 ], [ 126.897418, 37.487759 ], [ 126.897561, 37.487595 ], [ 126.897703, 37.487476 ], [ 126.898598, 37.486728 ], [ 126.898836, 37.486591 ], [ 126.900283, 37.485761 ], [ 126.900451, 37.485665 ], [ 126.902763, 37.485008 ], [ 126.902907, 37.484991 ], [ 126.902989, 37.484988 ], [ 126.903227, 37.484986 ], [ 126.899469, 37.480344 ], [ 126.898953, 37.478954 ], [ 126.896168, 37.478553 ], [ 126.895863, 37.478456 ], [ 126.895598, 37.478458 ], [ 126.895558, 37.478459 ], [ 126.895375, 37.478467 ], [ 126.895215, 37.478474 ], [ 126.894808, 37.478512 ], [ 126.894414, 37.478578 ], [ 126.890409, 37.479258 ], [ 126.890198, 37.479295 ], [ 126.890131, 37.479307 ], [ 126.889928, 37.479349 ], [ 126.889747, 37.479397 ], [ 126.889519, 37.47946 ], [ 126.889301, 37.479536 ], [ 126.889077, 37.479624 ], [ 126.888717, 37.479799 ], [ 126.888531, 37.4799 ], [ 126.888452, 37.479949 ], [ 126.88834, 37.480018 ], [ 126.888219, 37.480099 ], [ 126.888161, 37.480138 ], [ 126.887902, 37.480346 ], [ 126.887839, 37.480397 ], [ 126.887748, 37.480477 ], [ 126.887626, 37.480591 ], [ 126.887567, 37.480653 ], [ 126.887496, 37.480728 ], [ 126.887373, 37.480873 ], [ 126.887181, 37.481106 ], [ 126.885468, 37.482842 ], [ 126.882271, 37.48503 ], [ 126.880659, 37.485969 ], [ 126.878102, 37.486293 ], [ 126.877371, 37.485959 ], [ 126.877084, 37.485838 ], [ 126.876341, 37.485606 ], [ 126.875519, 37.485478 ], [ 126.875322, 37.485448 ], [ 126.874742, 37.485382 ], [ 126.875152, 37.486485 ], [ 126.875286, 37.488533 ], [ 126.87278, 37.488804 ], [ 126.870046, 37.491918 ], [ 126.869653, 37.492517 ], [ 126.869612, 37.493401 ], [ 126.868908, 37.4951 ], [ 126.868306, 37.495104 ], [ 126.86704, 37.492955 ], [ 126.863092, 37.490959 ], [ 126.861867, 37.490391 ], [ 126.861721, 37.490271 ], [ 126.861614, 37.490183 ], [ 126.861256, 37.489826 ], [ 126.859074, 37.487332 ], [ 126.858338, 37.486487 ], [ 126.858175, 37.486302 ], [ 126.857704, 37.485899 ], [ 126.856509, 37.485686 ], [ 126.853483, 37.482639 ], [ 126.853448, 37.482605 ], [ 126.853242, 37.482404 ], [ 126.853078, 37.482292 ], [ 126.852565, 37.481941 ], [ 126.851976, 37.48167 ], [ 126.851892, 37.481631 ], [ 126.851495, 37.481592 ], [ 126.851085, 37.481552 ], [ 126.850632, 37.481596 ], [ 126.850013, 37.481657 ], [ 126.848241, 37.482111 ], [ 126.848171, 37.482214 ], [ 126.84827, 37.482357 ], [ 126.846484, 37.481705 ], [ 126.846034, 37.479696 ], [ 126.845945, 37.478212 ], [ 126.845942, 37.478162 ], [ 126.84589, 37.477439 ], [ 126.845816, 37.476567 ], [ 126.845551, 37.474529 ], [ 126.845542, 37.474341 ], [ 126.845539, 37.474274 ], [ 126.845488, 37.474081 ], [ 126.845328, 37.473804 ], [ 126.845044, 37.473839 ], [ 126.844619, 37.473929 ], [ 126.844184, 37.474025 ], [ 126.843607, 37.474429 ], [ 126.843563, 37.474548 ], [ 126.843468, 37.474692 ], [ 126.843278, 37.474827 ], [ 126.842913, 37.474898 ], [ 126.842778, 37.474921 ], [ 126.842708, 37.474927 ], [ 126.842582, 37.474924 ], [ 126.842439, 37.474893 ], [ 126.842396, 37.474875 ], [ 126.842368, 37.474859 ], [ 126.842278, 37.474824 ], [ 126.842169, 37.4748 ], [ 126.842064, 37.474791 ], [ 126.841968, 37.474819 ], [ 126.841867, 37.474826 ], [ 126.841744, 37.474796 ], [ 126.841411, 37.474707 ], [ 126.841008, 37.474616 ], [ 126.840846, 37.474629 ], [ 126.840129, 37.47474 ], [ 126.839997, 37.474788 ], [ 126.839776, 37.474998 ], [ 126.839736, 37.475052 ], [ 126.838841, 37.475464 ], [ 126.838478, 37.475377 ], [ 126.837331, 37.475134 ], [ 126.837131, 37.475099 ], [ 126.836903, 37.47506 ], [ 126.83685, 37.475052 ], [ 126.835793, 37.475257 ], [ 126.833014, 37.477251 ], [ 126.831794, 37.477575 ], [ 126.829646, 37.476694 ], [ 126.829281, 37.476248 ], [ 126.82876, 37.4761 ], [ 126.82597, 37.476848 ] ] ] } },
{ "type": "Feature", "properties": { "district_code": "11545", "district_name": "금천구" }, "geometry": { "type": "Polygon", "coordinates": [ [ [ 126.914333, 37.440039 ], [ 126.914119, 37.439891 ], [ 126.914027, 37.439824 ], [ 126.912357, 37.438589 ], [ 126.911345, 37.437544 ], [ 126.911315, 37.437491 ], [ 126.911249, 37.437375 ], [ 126.91082, 37.4366 ], [ 126.910471, 37.435654 ], [ 126.910381, 37.435409 ], [ 126.909335, 37.43416 ], [ 126.909114, 37.433992 ], [ 126.908933, 37.433911 ], [ 126.908734, 37.433821 ], [ 126.908293, 37.433707 ], [ 126.908204, 37.433684 ], [ 126.907394, 37.433598 ], [ 126.907238, 37.433593 ], [ 126.904469, 37.434058 ], [ 126.90279, 37.435513 ], [ 126.901922, 37.43637 ], [ 126.900491, 37.43736 ], [ 126.899384, 37.438143 ], [ 126.899344, 37.438191 ], [ 126.899114, 37.438465 ], [ 126.899077, 37.438519 ], [ 126.899057, 37.438549 ], [ 126.898944, 37.438713 ], [ 126.898883, 37.438805 ], [ 126.898777, 37.439112 ], [ 126.898723, 37.43931 ], [ 126.898796, 37.439367 ], [ 126.899099, 37.439601 ], [ 126.899117, 37.441041 ], [ 126.898927, 37.442381 ], [ 126.898511, 37.443866 ], [ 126.898226, 37.444654 ], [ 126.896123, 37.445847 ], [ 126.895092, 37.448425 ], [ 126.894827, 37.450849 ], [ 126.894074, 37.45264 ], [ 126.892629, 37.451919 ], [ 126.892463, 37.451938 ], [ 126.889707, 37.452324 ], [ 126.889623, 37.452351 ], [ 126.889526, 37.452527 ], [ 126.889481, 37.452753 ], [ 126.88717, 37.455572 ], [ 126.886379, 37.456199 ], [ 126.886202, 37.456573 ], [ 126.885274, 37.460062 ], [ 126.886055, 37.460643 ], [ 126.886674, 37.460977 ], [ 126.887619, 37.46113 ], [ 126.887977, 37.461007 ], [ 126.888225, 37.4609 ], [ 126.888392, 37.46083 ], [ 126.888599, 37.460833 ], [ 126.888651, 37.460834 ], [ 126.888679, 37.460846 ], [ 126.888862, 37.460924 ], [ 126.888956, 37.461059 ], [ 126.889066, 37.461252 ], [ 126.8891, 37.461395 ], [ 126.889085, 37.461533 ], [ 126.88865, 37.462474 ], [ 126.886767, 37.464678 ], [ 126.886066, 37.465482 ], [ 126.885782, 37.465816 ], [ 126.880654, 37.47185 ], [ 126.879896, 37.472782 ], [ 126.879862, 37.472826 ], [ 126.879761, 37.472959 ], [ 126.879499, 37.473302 ], [ 126.879167, 37.473738 ], [ 126.879008, 37.473955 ], [ 126.87846, 37.474703 ], [ 126.878146, 37.475176 ], [ 126.877979, 37.475429 ], [ 126.877821, 37.475667 ], [ 126.877585, 37.476051 ], [ 126.876657, 37.477562 ], [ 126.876644, 37.477586 ], [ 126.876299, 37.478214 ], [ 126.876134, 37.478517 ], [ 126.875725, 37.479287 ], [ 126.875621, 37.479482 ], [ 126.875157, 37.480446 ], [ 126.874717, 37.481408 ], [ 126.873909, 37.483334 ], [ 126.873977, 37.485051 ], [ 126.874742, 37.485382 ], [ 126.875322, 37.485448 ], [ 126.875519, 37.485478 ], [ 126.876341, 37.485606 ], [ 126.877084, 37.485838 ], [ 126.877371, 37.485959 ], [ 126.878102, 37.486293 ], [ 126.880659, 37.485969 ], [ 126.882271, 37.48503 ], [ 126.885468, 37.482842 ], [ 126.887181, 37.481106 ], [ 126.887373, 37.480873 ], [ 126.887496, 37.480728 ], [ 126.887567, 37.480653 ], [ 126.887626, 37.480591 ], [ 126.887748, 37.480477 ], [ 126.887839, 37.480397 ], [ 126.887902, 37.480346 ], [ 126.888161, 37.480138 ], [ 126.888219, 37.480099 ], [ 126.88834, 37.480018 ], [ 126.888452, 37.479949 ], [ 126.888531, 37.4799 ], [ 126.888717, 37.479799 ], [ 126.889077, 37.479624 ], [ 126.889301, 37.479536 ], [ 126.889519, 37.47946 ], [ 126.889747, 37.479397 ], [ 126.889928, 37.479349 ], [ 126.890131, 37.479307 ], [ 126.890198, 37.479295 ], [ 126.890409, 37.479258 ], [ 126.894414, 37.478578 ], [ 126.894808, 37.478512 ], [ 126.895215, 37.478474 ], [ 126.895375, 37.478467 ], [ 126.895558, 37.478459 ], [ 126.895598, 37.478458 ], [ 126.895863, 37.478456 ], [ 126.896168, 37.478553 ], [ 126.898953, 37.478954 ], [ 126.899469, 37.480344 ], [ 126.900674, 37.479326 ], [ 126.902119, 37.479542 ], [ 126.902472, 37.479607 ], [ 126.903861, 37.479862 ], [ 126.905309, 37.480128 ], [ 126.906552, 37.480357 ], [ 126.907497, 37.480531 ], [ 126.908546, 37.480726 ], [ 126.909724, 37.480949 ], [ 126.908823, 37.479443 ], [ 126.908824, 37.478865 ], [ 126.90924, 37.478396 ], [ 126.909485, 37.478202 ], [ 126.910648, 37.478101 ], [ 126.911259, 37.478144 ], [ 126.911292, 37.478149 ], [ 126.911622, 37.478166 ], [ 126.911863, 37.477263 ], [ 126.911938, 37.476905 ], [ 126.91164, 37.475519 ], [ 126.911347, 37.474736 ], [ 126.910958, 37.473857 ], [ 126.910934, 37.47382 ], [ 126.910907, 37.473791 ], [ 126.910872, 37.473754 ], [ 126.910848, 37.473729 ], [ 126.91081, 37.4737 ], [ 126.910721, 37.47364 ], [ 126.909882, 37.47326 ], [ 126.909844, 37.473246 ], [ 126.908228, 37.472626 ], [ 126.908636, 37.472084 ], [ 126.909007, 37.471213 ], [ 126.910125, 37.469073 ], [ 126.911617, 37.466627 ], [ 126.911864, 37.466416 ], [ 126.9124, 37.46601 ], [ 126.912436, 37.465677 ], [ 126.913749, 37.465282 ], [ 126.913481, 37.464958 ], [ 126.913031, 37.464401 ], [ 126.912859, 37.463974 ], [ 126.913963, 37.458645 ], [ 126.914151, 37.458093 ], [ 126.914834, 37.457668 ], [ 126.918411, 37.457163 ], [ 126.922468, 37.457248 ], [ 126.922509, 37.456947 ], [ 126.92243, 37.456732 ], [ 126.922638, 37.455543 ], [ 126.923056, 37.454635 ], [ 126.923184, 37.454428 ], [ 126.925302, 37.45288 ], [ 126.927072, 37.45169 ], [ 126.928749, 37.450193 ], [ 126.92834, 37.449689 ], [ 126.925353, 37.447518 ], [ 126.923731, 37.446645 ], [ 126.922124, 37.44517 ], [ 126.921093, 37.444125 ], [ 126.92096, 37.443623 ], [ 126.919929, 37.441339 ], [ 126.919899, 37.441291 ], [ 126.919513, 37.440849 ], [ 126.919429, 37.440775 ], [ 126.918108, 37.439918 ], [ 126.918055, 37.439893 ], [ 126.917953, 37.439898 ], [ 126.91522, 37.440056 ], [ 126.914875, 37.440089 ], [ 126.914801, 37.440096 ], [ 126.914333, 37.440039 ] ] ] } },
{ "type": "Feature", "properties": { "district_code": "11560", "district_name": "영등포구" }, "geometry": { "type": "Polygon", "coordinates": [ [ [ 126.902763, 37.485008 ], [ 126.900451, 37.485665 ], [ 126.900283, 37.485761 ], [ 126.898836, 37.486591 ], [ 126.898598, 37.486728 ], [ 126.897703, 37.487476 ], [ 126.897561, 37.487595 ], [ 126.897418, 37.487759 ], [ 126.895397, 37.492032 ], [ 126.89537, 37.492104 ], [ 126.894546, 37.494322 ], [ 126.893526, 37.497724 ], [ 126.893451, 37.498254 ], [ 126.893444, 37.498413 ], [ 126.893326, 37.501124 ], [ 126.893324, 37.50118 ], [ 126.89331, 37.501513 ], [ 126.893323, 37.502021 ], [ 126.893332, 37.50231 ], [ 126.893339, 37.502517 ], [ 126.893344, 37.502573 ], [ 126.893404, 37.503135 ], [ 126.893685, 37.504415 ], [ 126.893856, 37.507478 ], [ 126.895139, 37.508152 ], [ 126.89297, 37.509461 ], [ 126.891748, 37.509869 ], [ 126.891216, 37.510656 ], [ 126.891187, 37.510696 ], [ 126.890899, 37.511082 ], [ 126.890792, 37.511202 ], [ 126.890675, 37.511332 ], [ 126.890445, 37.511558 ], [ 126.890289, 37.511668 ], [ 126.889628, 37.512086 ], [ 126.888522, 37.512665 ], [ 126.881733, 37.515815 ], [ 126.879473, 37.516772 ], [ 126.879805, 37.521381 ], [ 126.879823, 37.522195 ], [ 126.880277, 37.524363 ], [ 126.880488, 37.525147 ], [ 126.88051, 37.525226 ], [ 126.881372, 37.525999 ], [ 126.881732, 37.526322 ], [ 126.884756, 37.527404 ], [ 126.885346, 37.527614 ], [ 126.88603, 37.527925 ], [ 126.886314, 37.528055 ], [ 126.886586, 37.528309 ], [ 126.886956, 37.528657 ], [ 126.887054, 37.52878 ], [ 126.887608, 37.529479 ], [ 126.888482, 37.530721 ], [ 126.890044, 37.53038 ], [ 126.890541, 37.5315 ], [ 126.888805, 37.532056 ], [ 126.888798, 37.532829 ], [ 126.890028, 37.533295 ], [ 126.890252, 37.534675 ], [ 126.88832, 37.536796 ], [ 126.885524, 37.541837 ], [ 126.885157, 37.54359 ], [ 126.883247, 37.545557 ], [ 126.880714, 37.54787 ], [ 126.878136, 37.551547 ], [ 126.877989, 37.553426 ], [ 126.879198, 37.553203 ], [ 126.879316, 37.554833 ], [ 126.880381, 37.556176 ], [ 126.89063, 37.551173 ], [ 126.899, 37.547915 ], [ 126.901752, 37.54513 ], [ 126.90218, 37.544066 ], [ 126.904983, 37.54132 ], [ 126.917104, 37.541422 ], [ 126.922443, 37.541386 ], [ 126.923027, 37.540595 ], [ 126.92763, 37.53903 ], [ 126.930262, 37.54132 ], [ 126.935816, 37.538996 ], [ 126.941213, 37.536452 ], [ 126.94467, 37.533752 ], [ 126.948644, 37.528548 ], [ 126.949654, 37.526756 ], [ 126.949615, 37.521163 ], [ 126.949562, 37.517814 ], [ 126.939398, 37.516136 ], [ 126.933039, 37.515765 ], [ 126.932153, 37.515654 ], [ 126.926011, 37.516098 ], [ 126.925165, 37.514901 ], [ 126.926978, 37.51397 ], [ 126.92706, 37.51393 ], [ 126.927104, 37.512999 ], [ 126.926843, 37.512891 ], [ 126.926445, 37.512753 ], [ 126.926412, 37.512741 ], [ 126.925891, 37.512665 ], [ 126.925845, 37.512659 ], [ 126.925757, 37.512647 ], [ 126.925395, 37.512652 ], [ 126.92529, 37.512399 ], [ 126.923825, 37.508698 ], [ 126.922098, 37.504386 ], [ 126.92198, 37.504098 ], [ 126.921532, 37.503009 ], [ 126.92135, 37.502566 ], [ 126.921152, 37.502085 ], [ 126.921116, 37.502008 ], [ 126.921086, 37.501945 ], [ 126.920918, 37.50159 ], [ 126.920827, 37.501399 ], [ 126.92023, 37.498511 ], [ 126.920188, 37.498201 ], [ 126.919812, 37.497822 ], [ 126.919728, 37.497737 ], [ 126.919708, 37.497717 ], [ 126.919684, 37.497694 ], [ 126.919507, 37.497647 ], [ 126.919359, 37.497608 ], [ 126.91841, 37.49736 ], [ 126.918367, 37.49735 ], [ 126.916524, 37.496961 ], [ 126.916031, 37.496857 ], [ 126.915797, 37.496811 ], [ 126.915232, 37.4967 ], [ 126.915105, 37.496676 ], [ 126.91504, 37.496668 ], [ 126.914547, 37.496616 ], [ 126.914239, 37.496584 ], [ 126.913777, 37.496535 ], [ 126.912767, 37.496415 ], [ 126.912525, 37.496385 ], [ 126.912015, 37.496038 ], [ 126.911817, 37.495903 ], [ 126.911711, 37.495739 ], [ 126.911262, 37.495049 ], [ 126.910287, 37.493549 ], [ 126.91001, 37.493214 ], [ 126.909451, 37.492587 ], [ 126.90633, 37.488926 ], [ 126.903227, 37.484986 ], [ 126.902989, 37.484988 ], [ 126.902907, 37.484991 ], [ 126.902763, 37.485008 ] ] ] } },
{ "type": "Feature", "properties": { "district_code": "11590", "district_name": "동작구" }, "geometry": { "type": "Polygon", "coordinates": [ [ [ 126.913239, 37.487205 ], [ 126.911155, 37.486469 ], [ 126.910416, 37.486238 ], [ 126.910379, 37.486227 ], [ 126.909226, 37.485867 ], [ 126.909082, 37.485822 ], [ 126.908993, 37.485795 ], [ 126.908718, 37.485711 ], [ 126.907767, 37.485424 ], [ 126.907463, 37.485347 ], [ 126.906704, 37.485165 ], [ 126.905963, 37.484989 ], [ 126.905612, 37.484978 ], [ 126.905133, 37.484965 ], [ 126.903227, 37.484986 ], [ 126.90633, 37.488926 ], [ 126.909451, 37.492587 ], [ 126.91001, 37.493214 ], [ 126.910287, 37.493549 ], [ 126.911262, 37.495049 ], [ 126.911711, 37.495739 ], [ 126.911817, 37.495903 ], [ 126.912015, 37.496038 ], [ 126.912525, 37.496385 ], [ 126.912767, 37.496415 ], [ 126.913777, 37.496535 ], [ 126.914239, 37.496584 ], [ 126.914547, 37.496616 ], [ 126.91504, 37.496668 ], [ 126.915105, 37.496676 ], [ 126.915232, 37.4967 ], [ 126.915797, 37.496811 ], [ 126.916031, 37.496857 ], [ 126.916524, 37.496961 ], [ 126.918367, 37.49735 ], [ 126.91841, 37.49736 ], [ 126.919359, 37.497608 ], [ 126.919507, 37.497647 ], [ 126.919684, 37.497694 ], [ 126.919708, 37.497717 ], [ 126.919728, 37.497737 ], [ 126.919812, 37.497822 ], [ 126.920188, 37.498201 ], [ 126.92023, 37.498511 ], [ 126.920827, 37.501399 ], [ 126.920918, 37.50159 ], [ 126.921086, 37.501945 ], [ 126.921116, 37.502008 ], [ 126.921152, 37.502085 ], [ 126.92135, 37.502566 ], [ 126.921532, 37.503009 ], [ 126.92198, 37.504098 ], [ 126.922098, 37.504386 ], [ 126.923825, 37.508698 ], [ 126.92529, 37.512399 ], [ 126.925395, 37.512652 ], [ 126.925757, 37.512647 ], [ 126.925845, 37.512659 ], [ 126.925891, 37.512665 ], [ 126.926412, 37.512741 ], [ 126.926445, 37.512753 ], [ 126.926843, 37.512891 ], [ 126.927104, 37.512999 ], [ 126.92706, 37.51393 ], [ 126.926978, 37.51397 ], [ 126.925165, 37.514901 ], [ 126.926011, 37.516098 ], [ 126.932153, 37.515654 ], [ 126.933039, 37.515765 ], [ 126.939398, 37.516136 ], [ 126.949562, 37.517814 ], [ 126.957198, 37.515414 ], [ 126.961742, 37.512835 ], [ 126.96585, 37.510513 ], [ 126.974055, 37.507333 ], [ 126.980132, 37.506493 ], [ 126.980297, 37.504841 ], [ 126.980316, 37.504004 ], [ 126.980326, 37.503949 ], [ 126.980392, 37.503597 ], [ 126.980445, 37.50331 ], [ 126.980704, 37.502744 ], [ 126.981149, 37.50229 ], [ 126.9862, 37.499037 ], [ 126.986947, 37.498632 ], [ 126.987843, 37.498608 ], [ 126.987748, 37.498235 ], [ 126.986249, 37.498577 ], [ 126.984766, 37.499278 ], [ 126.983488, 37.497546 ], [ 126.98344, 37.497464 ], [ 126.98336, 37.497326 ], [ 126.983245, 37.497126 ], [ 126.983078, 37.496759 ], [ 126.98304, 37.496677 ], [ 126.982961, 37.496502 ], [ 126.982918, 37.496406 ], [ 126.9829, 37.496353 ], [ 126.982778, 37.49524 ], [ 126.982771, 37.49504 ], [ 126.982765, 37.494841 ], [ 126.982747, 37.494286 ], [ 126.982745, 37.494197 ], [ 126.982738, 37.49398 ], [ 126.982652, 37.490892 ], [ 126.982083, 37.485387 ], [ 126.98207, 37.484806 ], [ 126.981808, 37.480589 ], [ 126.98161, 37.477153 ], [ 126.981723, 37.476365 ], [ 126.979388, 37.47662 ], [ 126.977274, 37.476579 ], [ 126.976919, 37.476572 ], [ 126.975152, 37.476306 ], [ 126.974941, 37.476274 ], [ 126.974831, 37.476255 ], [ 126.973448, 37.476008 ], [ 126.9727, 37.475874 ], [ 126.972368, 37.475814 ], [ 126.971964, 37.475719 ], [ 126.971518, 37.475613 ], [ 126.970946, 37.475477 ], [ 126.970491, 37.475368 ], [ 126.970187, 37.476625 ], [ 126.969766, 37.476634 ], [ 126.969593, 37.476637 ], [ 126.968802, 37.476654 ], [ 126.968213, 37.477304 ], [ 126.967818, 37.477794 ], [ 126.96682, 37.478582 ], [ 126.965892, 37.479223 ], [ 126.965321, 37.479564 ], [ 126.964442, 37.480215 ], [ 126.961345, 37.483485 ], [ 126.961377, 37.483709 ], [ 126.961386, 37.48376 ], [ 126.961394, 37.48379 ], [ 126.961406, 37.48382 ], [ 126.962148, 37.485239 ], [ 126.962139, 37.486471 ], [ 126.962067, 37.487291 ], [ 126.961067, 37.49113 ], [ 126.961247, 37.492428 ], [ 126.961238, 37.492559 ], [ 126.961214, 37.493288 ], [ 126.961199, 37.493388 ], [ 126.960348, 37.493851 ], [ 126.960227, 37.493888 ], [ 126.959125, 37.493866 ], [ 126.958949, 37.49379 ], [ 126.958676, 37.492931 ], [ 126.957371, 37.491811 ], [ 126.957318, 37.491785 ], [ 126.956714, 37.491555 ], [ 126.956285, 37.491574 ], [ 126.956106, 37.491583 ], [ 126.954804, 37.491178 ], [ 126.954041, 37.491039 ], [ 126.953456, 37.491134 ], [ 126.953396, 37.491159 ], [ 126.951247, 37.492411 ], [ 126.948518, 37.493677 ], [ 126.94768, 37.49374 ], [ 126.947392, 37.493909 ], [ 126.943388, 37.492082 ], [ 126.942829, 37.492237 ], [ 126.941646, 37.492252 ], [ 126.939509, 37.490876 ], [ 126.939147, 37.491583 ], [ 126.936122, 37.492405 ], [ 126.933452, 37.493021 ], [ 126.931115, 37.493419 ], [ 126.92987, 37.494001 ], [ 126.929181, 37.494391 ], [ 126.929041, 37.494473 ], [ 126.92892, 37.494544 ], [ 126.928515, 37.494767 ], [ 126.928476, 37.494788 ], [ 126.9281, 37.494936 ], [ 126.928037, 37.494946 ], [ 126.927805, 37.49498 ], [ 126.927722, 37.494989 ], [ 126.927403, 37.494949 ], [ 126.927366, 37.494931 ], [ 126.926829, 37.494374 ], [ 126.926601, 37.494126 ], [ 126.926571, 37.494058 ], [ 126.92655, 37.494005 ], [ 126.926523, 37.493931 ], [ 126.925827, 37.492606 ], [ 126.924881, 37.490897 ], [ 126.924301, 37.489965 ], [ 126.918891, 37.489562 ], [ 126.915968, 37.488762 ], [ 126.913815, 37.487526 ], [ 126.913324, 37.487247 ], [ 126.913239, 37.487205 ] ] ] } },
{ "type": "Feature", "properties": { "district_code": "11620", "district_name": "관악구" }, "geometry": { "type": "Polygon", "coordinates": [ [ [ 126.928749, 37.450193 ], [ 126.927072, 37.45169 ], [ 126.925302, 37.45288 ], [ 126.923184, 37.454428 ], [ 126.923056, 37.454635 ], [ 126.922638, 37.455543 ], [ 126.92243, 37.456732 ], [ 126.922509, 37.456947 ], [ 126.922468, 37.457248 ], [ 126.918411, 37.457163 ], [ 126.914834, 37.457668 ], [ 126.914151, 37.458093 ], [ 126.913963, 37.458645 ], [ 126.912859, 37.463974 ], [ 126.913031, 37.464401 ], [ 126.913481, 37.464958 ], [ 126.913749, 37.465282 ], [ 126.912436, 37.465677 ], [ 126.9124, 37.46601 ], [ 126.911864, 37.466416 ], [ 126.911617, 37.466627 ], [ 126.910125, 37.469073 ], [ 126.909007, 37.471213 ], [ 126.908636, 37.472084 ], [ 126.908228, 37.472626 ], [ 126.909844, 37.473246 ], [ 126.909882, 37.47326 ], [ 126.910721, 37.47364 ], [ 126.91081, 37.4737 ], [ 126.910848, 37.473729 ], [ 126.910872, 37.473754 ], [ 126.910907, 37.473791 ], [ 126.910934, 37.47382 ], [ 126.910958, 37.473857 ], [ 126.911347, 37.474736 ], [ 126.91164, 37.475519 ], [ 126.911938, 37.476905 ], [ 126.911863, 37.477263 ], [ 126.911622, 37.478166 ], [ 126.911292, 37.478149 ], [ 126.911259, 37.478144 ], [ 126.910648, 37.478101 ], [ 126.909485, 37.478202 ], [ 126.90924, 37.478396 ], [ 126.908824, 37.478865 ], [ 126.908823, 37.479443 ], [ 126.909724, 37.480949 ], [ 126.908546, 37.480726 ], [ 126.907497, 37.480531 ], [ 126.906552, 37.480357 ], [ 126.905309, 37.480128 ], [ 126.903861, 37.479862 ], [ 126.902472, 37.479607 ], [ 126.902119, 37.479542 ], [ 126.900674, 37.479326 ], [ 126.899469, 37.480344 ], [ 126.903227, 37.484986 ], [ 126.905133, 37.484965 ], [ 126.905612, 37.484978 ], [ 126.905963, 37.484989 ], [ 126.906704, 37.485165 ], [ 126.907463, 37.485347 ], [ 126.907767, 37.485424 ], [ 126.908718, 37.485711 ], [ 126.908993, 37.485795 ], [ 126.909082, 37.485822 ], [ 126.909226, 37.485867 ], [ 126.910379, 37.486227 ], [ 126.910416, 37.486238 ], [ 126.911155, 37.486469 ], [ 126.913239, 37.487205 ], [ 126.913324, 37.487247 ], [ 126.913815, 37.487526 ], [ 126.915968, 37.488762 ], [ 126.918891, 37.489562 ], [ 126.924301, 37.489965 ], [ 126.924881, 37.490897 ], [ 126.925827, 37.492606 ], [ 126.926523, 37.493931 ], [ 126.92655, 37.494005 ], [ 126.926571, 37.494058 ], [ 126.926601, 37.494126 ], [ 126.926829, 37.494374 ], [ 126.927366, 37.494931 ], [ 126.927403, 37.494949 ], [ 126.927722, 37.494989 ], [ 126.927805, 37.49498 ], [ 126.928037, 37.494946 ], [ 126.9281, 37.494936 ], [ 126.928476, 37.494788 ], [ 126.928515, 37.494767 ], [ 126.92892, 37.494544 ], [ 126.929041, 37.494473 ], [ 126.929181, 37.494391 ], [ 126.92987, 37.494001 ], [ 126.931115, 37.493419 ], [ 126.933452, 37.493021 ], [ 126.936122, 37.492405 ], [ 126.939147, 37.491583 ], [ 126.939509, 37.490876 ], [ 126.941646, 37.492252 ], [ 126.942829, 37.492237 ], [ 126.943388, 37.492082 ], [ 126.947392, 37.493909 ], [ 126.94768, 37.49374 ], [ 126.948518, 37.493677 ], [ 126.951247, 37.492411 ], [ 126.953396, 37.491159 ], [ 126.953456, 37.491134 ], [ 126.954041, 37.491039 ], [ 126.954804, 37.491178 ], [ 126.956106, 37.491583 ], [ 126.956285, 37.491574 ], [ 126.956714, 37.491555 ], [ 126.957318, 37.491785 ], [ 126.957371, 37.491811 ], [ 126.958676, 37.492931 ], [ 126.958949, 37.49379 ], [ 126.959125, 37.493866 ], [ 126.960227, 37.493888 ], [ 126.960348, 37.493851 ], [ 126.961199, 37.493388 ], [ 126.961214, 37.493288 ], [ 126.961238, 37.492559 ], [ 126.961247, 37.492428 ], [ 126.961067, 37.49113 ], [ 126.962067, 37.487291 ], [ 126.962139, 37.486471 ], [ 126.962148, 37.485239 ], [ 126.961406, 37.48382 ], [ 126.961394, 37.48379 ], [ 126.961386, 37.48376 ], [ 126.961377, 37.483709 ], [ 126.961345, 37.483485 ], [ 126.964442, 37.480215 ], [ 126.965321, 37.479564 ], [ 126.965892, 37.479223 ], [ 126.96682, 37.478582 ], [ 126.967818, 37.477794 ], [ 126.968213, 37.477304 ], [ 126.968802, 37.476654 ], [ 126.969593, 37.476637 ], [ 126.969766, 37.476634 ], [ 126.970187, 37.476625 ], [ 126.970491, 37.475368 ], [ 126.970946, 37.475477 ], [ 126.971518, 37.475613 ], [ 126.971964, 37.475719 ], [ 126.972368, 37.475814 ], [ 126.9727, 37.475874 ], [ 126.973448, 37.476008 ], [ 126.974831, 37.476255 ], [ 126.974941, 37.476274 ], [ 126.975152, 37.476306 ], [ 126.976919, 37.476572 ], [ 126.977274, 37.476579 ], [ 126.979388, 37.47662 ], [ 126.981723, 37.476365 ], [ 126.981766, 37.475834 ], [ 126.98186, 37.474698 ], [ 126.981949, 37.474423 ], [ 126.982538, 37.472771 ], [ 126.982553, 37.472743 ], [ 126.982651, 37.472574 ], [ 126.983235, 37.47157 ], [ 126.983781, 37.470799 ], [ 126.984528, 37.469745 ], [ 126.985429, 37.468976 ], [ 126.986665, 37.468006 ], [ 126.986711, 37.46797 ], [ 126.986863, 37.46785 ], [ 126.987131, 37.467514 ], [ 126.987389, 37.467191 ], [ 126.987592, 37.466937 ], [ 126.987807, 37.466405 ], [ 126.988164, 37.465524 ], [ 126.988234, 37.463873 ], [ 126.988022, 37.462762 ], [ 126.987921, 37.462241 ], [ 126.987639, 37.461304 ], [ 126.987467, 37.460409 ], [ 126.987639, 37.459402 ], [ 126.98862, 37.458135 ], [ 126.986836, 37.457408 ], [ 126.982356, 37.455158 ], [ 126.978661, 37.451899 ], [ 126.974057, 37.447654 ], [ 126.973983, 37.447599 ], [ 126.970812, 37.447461 ], [ 126.968697, 37.44679 ], [ 126.968608, 37.44679 ], [ 126.968478, 37.446789 ], [ 126.968272, 37.446767 ], [ 126.968108, 37.446748 ], [ 126.965566, 37.446097 ], [ 126.965409, 37.446042 ], [ 126.964562, 37.44569 ], [ 126.964503, 37.445647 ], [ 126.964411, 37.44558 ], [ 126.964355, 37.445485 ], [ 126.964323, 37.44543 ], [ 126.963993, 37.44485 ], [ 126.963827, 37.444221 ], [ 126.963833, 37.443957 ], [ 126.963852, 37.443847 ], [ 126.963866, 37.443766 ], [ 126.963873, 37.443731 ], [ 126.963913, 37.443593 ], [ 126.963962, 37.443424 ], [ 126.96405, 37.443047 ], [ 126.964083, 37.442796 ], [ 126.964112, 37.442472 ], [ 126.964098, 37.4423 ], [ 126.964089, 37.442187 ], [ 126.963983, 37.44204 ], [ 126.963803, 37.440768 ], [ 126.963021, 37.440314 ], [ 126.959975, 37.440261 ], [ 126.959246, 37.4392 ], [ 126.955247, 37.438594 ], [ 126.95259, 37.439209 ], [ 126.951024, 37.438418 ], [ 126.948223, 37.438523 ], [ 126.946901, 37.438046 ], [ 126.944919, 37.437038 ], [ 126.941404, 37.437414 ], [ 126.940213, 37.435724 ], [ 126.938639, 37.436049 ], [ 126.93727, 37.438451 ], [ 126.937846, 37.440178 ], [ 126.93537, 37.442849 ], [ 126.933891, 37.443547 ], [ 126.930513, 37.445293 ], [ 126.930259, 37.44633 ], [ 126.930325, 37.447388 ], [ 126.931026, 37.447821 ], [ 126.928749, 37.450193 ] ] ] } },
{ "type": "Feature", "properties": { "district_code": "11650", "district_name": "서초구" }, "geometry": { "type": "Polygon", "coordinates": [ [ [ 126.996959, 37.462501 ], [ 126.996832, 37.462185 ], [ 126.991762, 37.459672 ], [ 126.98862, 37.458135 ], [ 126.987639, 37.459402 ], [ 126.987467, 37.460409 ], [ 126.987639, 37.461304 ], [ 126.987921, 37.462241 ], [ 126.988022, 37.462762 ], [ 126.988234, 37.463873 ], [ 126.988164, 37.465524 ], [ 126.987807, 37.466405 ], [ 126.987592, 37.466937 ], [ 126.987389, 37.467191 ], [ 126.987131, 37.467514 ], [ 126.986863, 37.46785 ], [ 126.986711, 37.46797 ], [ 126.986665, 37.468006 ], [ 126.985429, 37.468976 ], [ 126.984528, 37.469745 ], [ 126.983781, 37.470799 ], [ 126.983235, 37.47157 ], [ 126.982651, 37.472574 ], [ 126.982553, 37.472743 ], [ 126.982538, 37.472771 ], [ 126.981949, 37.474423 ], [ 126.98186, 37.474698 ], [ 126.981766, 37.475834 ], [ 126.981723, 37.476365 ], [ 126.98161, 37.477153 ], [ 126.981808, 37.480589 ], [ 126.98207, 37.484806 ], [ 126.982083, 37.485387 ], [ 126.982652, 37.490892 ], [ 126.982738, 37.49398 ], [ 126.982745, 37.494197 ], [ 126.982747, 37.494286 ], [ 126.982765, 37.494841 ], [ 126.982771, 37.49504 ], [ 126.982778, 37.49524 ], [ 126.9829, 37.496353 ], [ 126.982918, 37.496406 ], [ 126.982961, 37.496502 ], [ 126.98304, 37.496677 ], [ 126.983078, 37.496759 ], [ 126.983245, 37.497126 ], [ 126.98336, 37.497326 ], [ 126.98344, 37.497464 ], [ 126.983488, 37.497546 ], [ 126.984766, 37.499278 ], [ 126.986249, 37.498577 ], [ 126.987748, 37.498235 ], [ 126.987843, 37.498608 ], [ 126.986947, 37.498632 ], [ 126.9862, 37.499037 ], [ 126.981149, 37.50229 ], [ 126.980704, 37.502744 ], [ 126.980445, 37.50331 ], [ 126.980392, 37.503597 ], [ 126.980326, 37.503949 ], [ 126.980316, 37.504004 ], [ 126.980297, 37.504841 ], [ 126.980132, 37.506493 ], [ 126.980734, 37.506569 ], [ 126.985677, 37.506632 ], [ 126.990617, 37.513025 ], [ 126.995941, 37.515742 ], [ 127.000387, 37.517949 ], [ 127.004427, 37.520261 ], [ 127.007972, 37.524589 ], [ 127.011868, 37.527841 ], [ 127.014602, 37.525509 ], [ 127.016614, 37.523376 ], [ 127.017074, 37.522887 ], [ 127.017201, 37.522697 ], [ 127.017609, 37.52209 ], [ 127.017981, 37.521302 ], [ 127.018283, 37.520519 ], [ 127.018915, 37.518575 ], [ 127.019025, 37.518237 ], [ 127.019478, 37.516342 ], [ 127.019441, 37.515987 ], [ 127.019857, 37.515041 ], [ 127.021308, 37.511168 ], [ 127.02035, 37.510805 ], [ 127.021375, 37.511029 ], [ 127.02447, 37.504572 ], [ 127.024496, 37.504518 ], [ 127.026486, 37.500369 ], [ 127.027635, 37.497964 ], [ 127.031623, 37.48954 ], [ 127.033777, 37.485099 ], [ 127.033968, 37.484797 ], [ 127.041346, 37.485571 ], [ 127.041537, 37.48509 ], [ 127.043942, 37.47971 ], [ 127.044575, 37.478194 ], [ 127.044689, 37.477967 ], [ 127.04503, 37.477287 ], [ 127.049152, 37.473319 ], [ 127.050713, 37.471822 ], [ 127.051057, 37.471491 ], [ 127.050394, 37.471039 ], [ 127.049581, 37.470487 ], [ 127.05007, 37.4701 ], [ 127.053811, 37.468731 ], [ 127.054161, 37.468631 ], [ 127.054527, 37.468527 ], [ 127.056207, 37.468385 ], [ 127.056749, 37.46842 ], [ 127.061612, 37.468959 ], [ 127.062163, 37.469647 ], [ 127.06228, 37.470226 ], [ 127.062532, 37.472842 ], [ 127.069244, 37.473886 ], [ 127.069758, 37.474777 ], [ 127.070814, 37.474834 ], [ 127.072653, 37.474799 ], [ 127.073913, 37.472858 ], [ 127.075944, 37.473795 ], [ 127.076152, 37.473987 ], [ 127.077162, 37.475009 ], [ 127.078335, 37.474857 ], [ 127.07904, 37.474827 ], [ 127.079248, 37.47483 ], [ 127.080351, 37.474886 ], [ 127.081023, 37.47517 ], [ 127.081633, 37.475262 ], [ 127.082188, 37.475332 ], [ 127.083002, 37.475387 ], [ 127.083872, 37.475446 ], [ 127.084047, 37.475437 ], [ 127.085162, 37.475273 ], [ 127.085069, 37.474941 ], [ 127.084492, 37.472872 ], [ 127.084902, 37.472111 ], [ 127.085199, 37.471562 ], [ 127.086212, 37.470363 ], [ 127.088765, 37.468074 ], [ 127.09336, 37.464396 ], [ 127.094036, 37.463988 ], [ 127.095017, 37.463657 ], [ 127.095996, 37.462499 ], [ 127.096086, 37.462229 ], [ 127.096257, 37.461643 ], [ 127.096318, 37.461432 ], [ 127.095867, 37.461062 ], [ 127.095406, 37.46029 ], [ 127.094627, 37.458782 ], [ 127.094946, 37.458425 ], [ 127.095122, 37.4583 ], [ 127.094283, 37.456524 ], [ 127.093069, 37.454818 ], [ 127.092139, 37.453623 ], [ 127.09138, 37.453307 ], [ 127.09096, 37.452978 ], [ 127.090823, 37.452831 ], [ 127.089687, 37.451198 ], [ 127.088324, 37.448637 ], [ 127.088193, 37.446369 ], [ 127.08799, 37.445062 ], [ 127.08565, 37.445027 ], [ 127.085546, 37.444988 ], [ 127.085427, 37.444942 ], [ 127.084127, 37.443997 ], [ 127.083942, 37.443818 ], [ 127.08323, 37.442547 ], [ 127.082574, 37.441463 ], [ 127.082311, 37.4412 ], [ 127.081577, 37.441004 ], [ 127.081286, 37.440981 ], [ 127.081217, 37.440976 ], [ 127.081001, 37.440959 ], [ 127.077337, 37.441806 ], [ 127.077078, 37.441973 ], [ 127.07704, 37.441998 ], [ 127.076738, 37.442177 ], [ 127.07633, 37.442275 ], [ 127.074758, 37.442419 ], [ 127.072424, 37.442353 ], [ 127.072371, 37.442326 ], [ 127.07215, 37.442208 ], [ 127.07192, 37.442085 ], [ 127.071787, 37.441942 ], [ 127.071762, 37.441916 ], [ 127.071681, 37.441828 ], [ 127.071651, 37.441796 ], [ 127.071662, 37.441702 ], [ 127.071679, 37.441564 ], [ 127.071969, 37.440005 ], [ 127.073378, 37.43934 ], [ 127.072631, 37.43639 ], [ 127.07143, 37.435201 ], [ 127.07092, 37.431851 ], [ 127.070456, 37.430063 ], [ 127.069348, 37.430424 ], [ 127.06816, 37.430576 ], [ 127.066746, 37.430131 ], [ 127.066014, 37.429594 ], [ 127.065783, 37.429269 ], [ 127.065702, 37.429155 ], [ 127.065694, 37.429117 ], [ 127.065674, 37.429011 ], [ 127.065532, 37.429023 ], [ 127.065379, 37.429036 ], [ 127.064669, 37.429145 ], [ 127.064286, 37.429204 ], [ 127.063156, 37.429707 ], [ 127.061884, 37.429834 ], [ 127.05797, 37.430134 ], [ 127.057889, 37.430135 ], [ 127.054593, 37.429414 ], [ 127.050893, 37.429655 ], [ 127.049865, 37.430311 ], [ 127.048964, 37.430552 ], [ 127.047467, 37.430871 ], [ 127.047264, 37.431898 ], [ 127.047243, 37.431969 ], [ 127.047195, 37.432068 ], [ 127.047094, 37.432222 ], [ 127.046986, 37.432318 ], [ 127.046959, 37.432344 ], [ 127.046831, 37.432483 ], [ 127.046736, 37.432593 ], [ 127.046653, 37.43272 ], [ 127.046606, 37.432807 ], [ 127.046552, 37.432928 ], [ 127.046494, 37.433102 ], [ 127.04647, 37.433197 ], [ 127.046428, 37.433366 ], [ 127.04641, 37.433424 ], [ 127.046391, 37.433484 ], [ 127.046343, 37.433554 ], [ 127.046282, 37.43361 ], [ 127.046193, 37.433662 ], [ 127.04616, 37.433678 ], [ 127.046041, 37.433721 ], [ 127.045592, 37.433863 ], [ 127.045429, 37.433905 ], [ 127.045392, 37.433914 ], [ 127.045354, 37.433929 ], [ 127.045229, 37.43398 ], [ 127.045123, 37.434032 ], [ 127.045046, 37.43407 ], [ 127.044928, 37.434143 ], [ 127.044859, 37.434193 ], [ 127.044775, 37.43426 ], [ 127.044723, 37.434303 ], [ 127.044665, 37.434357 ], [ 127.044596, 37.434446 ], [ 127.044575, 37.434481 ], [ 127.044543, 37.434536 ], [ 127.044496, 37.434648 ], [ 127.044473, 37.434704 ], [ 127.044454, 37.434771 ], [ 127.044439, 37.434823 ], [ 127.044352, 37.43503 ], [ 127.044296, 37.435125 ], [ 127.044218, 37.435231 ], [ 127.0441, 37.435354 ], [ 127.044068, 37.435386 ], [ 127.043711, 37.435715 ], [ 127.04106, 37.438115 ], [ 127.040975, 37.438173 ], [ 127.040868, 37.438214 ], [ 127.040524, 37.43834 ], [ 127.040007, 37.438484 ], [ 127.039906, 37.438498 ], [ 127.039811, 37.438501 ], [ 127.039706, 37.438489 ], [ 127.039582, 37.438472 ], [ 127.039016, 37.438435 ], [ 127.037481, 37.438475 ], [ 127.037387, 37.438482 ], [ 127.037312, 37.438488 ], [ 127.037168, 37.438522 ], [ 127.035864, 37.439156 ], [ 127.035839, 37.439185 ], [ 127.035799, 37.439272 ], [ 127.035473, 37.440438 ], [ 127.03546, 37.440488 ], [ 127.035448, 37.440536 ], [ 127.03542, 37.440741 ], [ 127.03541, 37.440828 ], [ 127.035393, 37.440988 ], [ 127.035393, 37.44112 ], [ 127.035413, 37.441173 ], [ 127.036516, 37.441895 ], [ 127.036602, 37.441952 ], [ 127.036654, 37.441988 ], [ 127.036711, 37.442031 ], [ 127.03676, 37.442083 ], [ 127.036813, 37.442148 ], [ 127.037569, 37.443454 ], [ 127.038001, 37.444229 ], [ 127.038086, 37.444411 ], [ 127.038152, 37.444569 ], [ 127.038176, 37.444626 ], [ 127.038203, 37.444701 ], [ 127.038212, 37.444725 ], [ 127.038323, 37.445161 ], [ 127.038368, 37.445463 ], [ 127.03837, 37.44554 ], [ 127.038359, 37.445651 ], [ 127.037887, 37.449079 ], [ 127.037877, 37.449135 ], [ 127.035835, 37.457546 ], [ 127.035624, 37.457513 ], [ 127.035476, 37.457525 ], [ 127.035408, 37.457532 ], [ 127.035162, 37.457619 ], [ 127.034925, 37.457868 ], [ 127.033785, 37.46003 ], [ 127.033429, 37.461075 ], [ 127.034006, 37.462355 ], [ 127.03407, 37.462477 ], [ 127.034366, 37.463035 ], [ 127.034735, 37.463848 ], [ 127.034575, 37.464036 ], [ 127.034368, 37.46419 ], [ 127.034068, 37.464411 ], [ 127.033142, 37.465023 ], [ 127.032721, 37.465253 ], [ 127.031269, 37.465775 ], [ 127.029861, 37.465445 ], [ 127.030076, 37.464184 ], [ 127.029993, 37.4639 ], [ 127.029862, 37.463454 ], [ 127.026105, 37.45851 ], [ 127.025804, 37.458361 ], [ 127.024692, 37.457811 ], [ 127.023377, 37.457285 ], [ 127.022617, 37.456981 ], [ 127.021845, 37.456679 ], [ 127.021597, 37.456582 ], [ 127.020534, 37.456168 ], [ 127.017859, 37.455608 ], [ 127.016171, 37.455369 ], [ 127.01106, 37.455389 ], [ 127.005156, 37.463061 ], [ 127.004171, 37.464778 ], [ 127.003422, 37.467259 ], [ 126.999747, 37.467159 ], [ 126.996275, 37.466717 ], [ 126.996461, 37.464804 ], [ 126.997219, 37.463937 ], [ 126.997162, 37.463525 ], [ 126.996959, 37.462501 ] ] ] } },
{ "type": "Feature", "properties": { "district_code": "11680", "district_name": "강남구" }, "geometry": { "type": "Polygon", "coordinates": [ [ [ 127.056749, 37.46842 ], [ 127.056207, 37.468385 ], [ 127.054527, 37.468527 ], [ 127.054161, 37.468631 ], [ 127.053811, 37.468731 ], [ 127.05007, 37.4701 ], [ 127.049581, 37.470487 ], [ 127.050394, 37.471039 ], [ 127.051057, 37.471491 ], [ 127.050713, 37.471822 ], [ 127.049152, 37.473319 ], [ 127.04503, 37.477287 ], [ 127.044689, 37.477967 ], [ 127.044575, 37.478194 ], [ 127.043942, 37.47971 ], [ 127.041537, 37.48509 ], [ 127.041346, 37.485571 ], [ 127.033968, 37.484797 ], [ 127.033777, 37.485099 ], [ 127.031623, 37.48954 ], [ 127.027635, 37.497964 ], [ 127.026486, 37.500369 ], [ 127.024496, 37.504518 ], [ 127.02447, 37.504572 ], [ 127.021375, 37.511029 ], [ 127.02035, 37.510805 ], [ 127.021308, 37.511168 ], [ 127.019857, 37.515041 ], [ 127.019441, 37.515987 ], [ 127.019478, 37.516342 ], [ 127.019025, 37.518237 ], [ 127.018915, 37.518575 ], [ 127.018283, 37.520519 ], [ 127.017981, 37.521302 ], [ 127.017609, 37.52209 ], [ 127.017201, 37.522697 ], [ 127.017074, 37.522887 ], [ 127.016614, 37.523376 ], [ 127.014602, 37.525509 ], [ 127.011868, 37.527841 ], [ 127.012609, 37.528313 ], [ 127.015457, 37.530702 ], [ 127.016375, 37.531472 ], [ 127.017038, 37.532029 ], [ 127.018222, 37.533023 ], [ 127.019513, 37.534105 ], [ 127.020059, 37.534563 ], [ 127.020182, 37.534642 ], [ 127.020924, 37.535119 ], [ 127.021565, 37.535531 ], [ 127.035901, 37.535838 ], [ 127.040308, 37.535897 ], [ 127.046669, 37.534 ], [ 127.049058, 37.532552 ], [ 127.056567, 37.529101 ], [ 127.060252, 37.527522 ], [ 127.065265, 37.525604 ], [ 127.066962, 37.525081 ], [ 127.066497, 37.52093 ], [ 127.067158, 37.51998 ], [ 127.068381, 37.512306 ], [ 127.068441, 37.511435 ], [ 127.068463, 37.510284 ], [ 127.068803, 37.510003 ], [ 127.069425, 37.506449 ], [ 127.069713, 37.505388 ], [ 127.069806, 37.505044 ], [ 127.069994, 37.504809 ], [ 127.070019, 37.504776 ], [ 127.071212, 37.503516 ], [ 127.072489, 37.502618 ], [ 127.072659, 37.502497 ], [ 127.072912, 37.50232 ], [ 127.073181, 37.502131 ], [ 127.075491, 37.5012 ], [ 127.083629, 37.499264 ], [ 127.09047, 37.497473 ], [ 127.096741, 37.495831 ], [ 127.101965, 37.493638 ], [ 127.102117, 37.493576 ], [ 127.10222, 37.493534 ], [ 127.103647, 37.492733 ], [ 127.10437, 37.492297 ], [ 127.104799, 37.492037 ], [ 127.105683, 37.491415 ], [ 127.10814, 37.48931 ], [ 127.110192, 37.486879 ], [ 127.111563, 37.484558 ], [ 127.112276, 37.483539 ], [ 127.112177, 37.483436 ], [ 127.111978, 37.483319 ], [ 127.11174, 37.48318 ], [ 127.11139, 37.483049 ], [ 127.111098, 37.482941 ], [ 127.111035, 37.482935 ], [ 127.11109, 37.482895 ], [ 127.111695, 37.48244 ], [ 127.11459, 37.478525 ], [ 127.1188, 37.472796 ], [ 127.119605, 37.471682 ], [ 127.120538, 37.470378 ], [ 127.121514, 37.468819 ], [ 127.122182, 37.467517 ], [ 127.122298, 37.466764 ], [ 127.122424, 37.46586 ], [ 127.122403, 37.465596 ], [ 127.122363, 37.465451 ], [ 127.122293, 37.465214 ], [ 127.121847, 37.465029 ], [ 127.11746, 37.462172 ], [ 127.11718, 37.461823 ], [ 127.11708, 37.461539 ], [ 127.116993, 37.46126 ], [ 127.116953, 37.461013 ], [ 127.116929, 37.460786 ], [ 127.1169, 37.460502 ], [ 127.116783, 37.45914 ], [ 127.116747, 37.458594 ], [ 127.115602, 37.458595 ], [ 127.113644, 37.459738 ], [ 127.113246, 37.460035 ], [ 127.112878, 37.460485 ], [ 127.113009, 37.460576 ], [ 127.113218, 37.460724 ], [ 127.113295, 37.460777 ], [ 127.113368, 37.460828 ], [ 127.113397, 37.461071 ], [ 127.11202, 37.46156 ], [ 127.111284, 37.461708 ], [ 127.108261, 37.462168 ], [ 127.106642, 37.462475 ], [ 127.106307, 37.462538 ], [ 127.104733, 37.462149 ], [ 127.10448, 37.461021 ], [ 127.103956, 37.460106 ], [ 127.103502, 37.459625 ], [ 127.100557, 37.459051 ], [ 127.098214, 37.458794 ], [ 127.096848, 37.459607 ], [ 127.096318, 37.461432 ], [ 127.096257, 37.461643 ], [ 127.096086, 37.462229 ], [ 127.095996, 37.462499 ], [ 127.095017, 37.463657 ], [ 127.094036, 37.463988 ], [ 127.09336, 37.464396 ], [ 127.088765, 37.468074 ], [ 127.086212, 37.470363 ], [ 127.085199, 37.471562 ], [ 127.084902, 37.472111 ], [ 127.084492, 37.472872 ], [ 127.085069, 37.474941 ], [ 127.085162, 37.475273 ], [ 127.084047, 37.475437 ], [ 127.083872, 37.475446 ], [ 127.083002, 37.475387 ], [ 127.082188, 37.475332 ], [ 127.081633, 37.475262 ], [ 127.081023, 37.47517 ], [ 127.080351, 37.474886 ], [ 127.079248, 37.47483 ], [ 127.07904, 37.474827 ], [ 127.078335, 37.474857 ], [ 127.077162, 37.475009 ], [ 127.076152, 37.473987 ], [ 127.075944, 37.473795 ], [ 127.073913, 37.472858 ], [ 127.072653, 37.474799 ], [ 127.070814, 37.474834 ], [ 127.069758, 37.474777 ], [ 127.069244, 37.473886 ], [ 127.062532, 37.472842 ], [ 127.06228, 37.470226 ], [ 127.062163, 37.469647 ], [ 127.061612, 37.468959 ], [ 127.056749, 37.46842 ] ] ] } },
{ "type": "Feature", "properties": { "district_code": "11710", "district_name": "송파구" }, "geometry": { "type": "Polygon", "coordinates": [ [ [ 127.105683, 37.491415 ], [ 127.104799, 37.492037 ], [ 127.10437, 37.492297 ], [ 127.103647, 37.492733 ], [ 127.10222, 37.493534 ], [ 127.102117, 37.493576 ], [ 127.101965, 37.493638 ], [ 127.096741, 37.495831 ], [ 127.09047, 37.497473 ], [ 127.083629, 37.499264 ], [ 127.075491, 37.5012 ], [ 127.073181, 37.502131 ], [ 127.072912, 37.50232 ], [ 127.072659, 37.502497 ], [ 127.072489, 37.502618 ], [ 127.071212, 37.503516 ], [ 127.070019, 37.504776 ], [ 127.069994, 37.504809 ], [ 127.069806, 37.505044 ], [ 127.069713, 37.505388 ], [ 127.069425, 37.506449 ], [ 127.068803, 37.510003 ], [ 127.068463, 37.510284 ], [ 127.068441, 37.511435 ], [ 127.068381, 37.512306 ], [ 127.067158, 37.51998 ], [ 127.066497, 37.52093 ], [ 127.066962, 37.525081 ], [ 127.072577, 37.523777 ], [ 127.072855, 37.523713 ], [ 127.076947, 37.523593 ], [ 127.07758, 37.523575 ], [ 127.07989, 37.523866 ], [ 127.082365, 37.524178 ], [ 127.083421, 37.524311 ], [ 127.084285, 37.52442 ], [ 127.08559, 37.524743 ], [ 127.087594, 37.525245 ], [ 127.08852, 37.525491 ], [ 127.090438, 37.526002 ], [ 127.092251, 37.526786 ], [ 127.098118, 37.527559 ], [ 127.098957, 37.527954 ], [ 127.103202, 37.534665 ], [ 127.104158, 37.536003 ], [ 127.109564, 37.54347 ], [ 127.117117, 37.541345 ], [ 127.11839, 37.540964 ], [ 127.118432, 37.540951 ], [ 127.1185, 37.54093 ], [ 127.118598, 37.540893 ], [ 127.119084, 37.540707 ], [ 127.119515, 37.540465 ], [ 127.119599, 37.540408 ], [ 127.119795, 37.540273 ], [ 127.120465, 37.539811 ], [ 127.121417, 37.539267 ], [ 127.121479, 37.539231 ], [ 127.12161, 37.539157 ], [ 127.123211, 37.538529 ], [ 127.122433, 37.536265 ], [ 127.121261, 37.533108 ], [ 127.12072, 37.531317 ], [ 127.119161, 37.528066 ], [ 127.128742, 37.523791 ], [ 127.133908, 37.52154 ], [ 127.139418, 37.519138 ], [ 127.14083, 37.518506 ], [ 127.143205, 37.517444 ], [ 127.144613, 37.51696 ], [ 127.144879, 37.516801 ], [ 127.145408, 37.516486 ], [ 127.145405, 37.51633 ], [ 127.145399, 37.516096 ], [ 127.144663, 37.515547 ], [ 127.141132, 37.515645 ], [ 127.143287, 37.513979 ], [ 127.143524, 37.512689 ], [ 127.142585, 37.512754 ], [ 127.142061, 37.51279 ], [ 127.141125, 37.512324 ], [ 127.14027, 37.509902 ], [ 127.140246, 37.509832 ], [ 127.139972, 37.508594 ], [ 127.140227, 37.508394 ], [ 127.141283, 37.506943 ], [ 127.141161, 37.506308 ], [ 127.140935, 37.505702 ], [ 127.141043, 37.505567 ], [ 127.141135, 37.505454 ], [ 127.143012, 37.504671 ], [ 127.143398, 37.504517 ], [ 127.143561, 37.504452 ], [ 127.144372, 37.504388 ], [ 127.145063, 37.503653 ], [ 127.145134, 37.503591 ], [ 127.145237, 37.503503 ], [ 127.145604, 37.50343 ], [ 127.146052, 37.50337 ], [ 127.147686, 37.50327 ], [ 127.148643, 37.503729 ], [ 127.149287, 37.504073 ], [ 127.150123, 37.50451 ], [ 127.15084, 37.504105 ], [ 127.151673, 37.503373 ], [ 127.151903, 37.50315 ], [ 127.152061, 37.50311 ], [ 127.152151, 37.503088 ], [ 127.152632, 37.50312 ], [ 127.152825, 37.503057 ], [ 127.153013, 37.502909 ], [ 127.153213, 37.502752 ], [ 127.153468, 37.502749 ], [ 127.153596, 37.502748 ], [ 127.153719, 37.50275 ], [ 127.153963, 37.502755 ], [ 127.154152, 37.502692 ], [ 127.154565, 37.502551 ], [ 127.155318, 37.502294 ], [ 127.156165, 37.502005 ], [ 127.156471, 37.501901 ], [ 127.156649, 37.502085 ], [ 127.157617, 37.503088 ], [ 127.157869, 37.503011 ], [ 127.160553, 37.501145 ], [ 127.161378, 37.500251 ], [ 127.161377, 37.499831 ], [ 127.161376, 37.499612 ], [ 127.160563, 37.497695 ], [ 127.160095, 37.49716 ], [ 127.160054, 37.494596 ], [ 127.160051, 37.494523 ], [ 127.160048, 37.494446 ], [ 127.160029, 37.494385 ], [ 127.159977, 37.494222 ], [ 127.159806, 37.493761 ], [ 127.159744, 37.493604 ], [ 127.158418, 37.490696 ], [ 127.158201, 37.490459 ], [ 127.157679, 37.490166 ], [ 127.157297, 37.489629 ], [ 127.157639, 37.489143 ], [ 127.15225, 37.486246 ], [ 127.151963, 37.486579 ], [ 127.14984, 37.485271 ], [ 127.148743, 37.483986 ], [ 127.14772, 37.48175 ], [ 127.1474, 37.477218 ], [ 127.144245, 37.477325 ], [ 127.144189, 37.476559 ], [ 127.143898, 37.475995 ], [ 127.143538, 37.475246 ], [ 127.143445, 37.474104 ], [ 127.137153, 37.474343 ], [ 127.132589, 37.474847 ], [ 127.132371, 37.471228 ], [ 127.13229, 37.470281 ], [ 127.131867, 37.469734 ], [ 127.132676, 37.468234 ], [ 127.130959, 37.467699 ], [ 127.130564, 37.467628 ], [ 127.129871, 37.467907 ], [ 127.128731, 37.467909 ], [ 127.12869, 37.467926 ], [ 127.128631, 37.467952 ], [ 127.128197, 37.468143 ], [ 127.126589, 37.468851 ], [ 127.125773, 37.469205 ], [ 127.125067, 37.468901 ], [ 127.123827, 37.466299 ], [ 127.122293, 37.465214 ], [ 127.122363, 37.465451 ], [ 127.122403, 37.465596 ], [ 127.122424, 37.46586 ], [ 127.122298, 37.466764 ], [ 127.122182, 37.467517 ], [ 127.121514, 37.468819 ], [ 127.120538, 37.470378 ], [ 127.119605, 37.471682 ], [ 127.1188, 37.472796 ], [ 127.11459, 37.478525 ], [ 127.111695, 37.48244 ], [ 127.11109, 37.482895 ], [ 127.111035, 37.482935 ], [ 127.111098, 37.482941 ], [ 127.11139, 37.483049 ], [ 127.11174, 37.48318 ], [ 127.111978, 37.483319 ], [ 127.112177, 37.483436 ], [ 127.112276, 37.483539 ], [ 127.111563, 37.484558 ], [ 127.110192, 37.486879 ], [ 127.10814, 37.48931 ], [ 127.105683, 37.491415 ] ] ] } },
{ "type": "Feature", "properties": { "district_code": "11740", "district_name": "강동구" }, "geometry": { "type": "Polygon", "coordinates": [ [ [ 127.144732, 37.519417 ], [ 127.144838, 37.51803 ], [ 127.144876, 37.51777 ], [ 127.144907, 37.517556 ], [ 127.145009, 37.516933 ], [ 127.144613, 37.51696 ], [ 127.143205, 37.517444 ], [ 127.14083, 37.518506 ], [ 127.139418, 37.519138 ], [ 127.133908, 37.52154 ], [ 127.128742, 37.523791 ], [ 127.119161, 37.528066 ], [ 127.12072, 37.531317 ], [ 127.121261, 37.533108 ], [ 127.122433, 37.536265 ], [ 127.123211, 37.538529 ], [ 127.12161, 37.539157 ], [ 127.121479, 37.539231 ], [ 127.121417, 37.539267 ], [ 127.120465, 37.539811 ], [ 127.119795, 37.540273 ], [ 127.119599, 37.540408 ], [ 127.119515, 37.540465 ], [ 127.119084, 37.540707 ], [ 127.118598, 37.540893 ], [ 127.1185, 37.54093 ], [ 127.118432, 37.540951 ], [ 127.11839, 37.540964 ], [ 127.117117, 37.541345 ], [ 127.109564, 37.54347 ], [ 127.110887, 37.545475 ], [ 127.111569, 37.54651 ], [ 127.112072, 37.547546 ], [ 127.112223, 37.548342 ], [ 127.112444, 37.549507 ], [ 127.11307, 37.551331 ], [ 127.113343, 37.551997 ], [ 127.113357, 37.552031 ], [ 127.113889, 37.55333 ], [ 127.113892, 37.555124 ], [ 127.113894, 37.556662 ], [ 127.113897, 37.558599 ], [ 127.113769, 37.558885 ], [ 127.113484, 37.560251 ], [ 127.113929, 37.560162 ], [ 127.114408, 37.560066 ], [ 127.114994, 37.559949 ], [ 127.115483, 37.559851 ], [ 127.116508, 37.559996 ], [ 127.116683, 37.560021 ], [ 127.116824, 37.560171 ], [ 127.117584, 37.560975 ], [ 127.119356, 37.562658 ], [ 127.120766, 37.563506 ], [ 127.121747, 37.563994 ], [ 127.122281, 37.564255 ], [ 127.122364, 37.564283 ], [ 127.131376, 37.567454 ], [ 127.131462, 37.567487 ], [ 127.131735, 37.567593 ], [ 127.131834, 37.567631 ], [ 127.132066, 37.567723 ], [ 127.132277, 37.567807 ], [ 127.132772, 37.568007 ], [ 127.132981, 37.568093 ], [ 127.133222, 37.568193 ], [ 127.133825, 37.568445 ], [ 127.145411, 37.568266 ], [ 127.149242, 37.568487 ], [ 127.152907, 37.57067 ], [ 127.162277, 37.576422 ], [ 127.166624, 37.57892 ], [ 127.168566, 37.578947 ], [ 127.17192, 37.57942 ], [ 127.173953, 37.579582 ], [ 127.175011, 37.580052 ], [ 127.176937, 37.58071 ], [ 127.177667, 37.580835 ], [ 127.17738, 37.580217 ], [ 127.176973, 37.579455 ], [ 127.17551, 37.57838 ], [ 127.17546, 37.578022 ], [ 127.175404, 37.577611 ], [ 127.175359, 37.577286 ], [ 127.175817, 37.574847 ], [ 127.175919, 37.574607 ], [ 127.176059, 37.574279 ], [ 127.176139, 37.574135 ], [ 127.177823, 37.571469 ], [ 127.179114, 37.569148 ], [ 127.179233, 37.568817 ], [ 127.179243, 37.568763 ], [ 127.179255, 37.568691 ], [ 127.1794, 37.567867 ], [ 127.179422, 37.567738 ], [ 127.179453, 37.567561 ], [ 127.179476, 37.566537 ], [ 127.17957, 37.565708 ], [ 127.179574, 37.56567 ], [ 127.179605, 37.565564 ], [ 127.17965, 37.565411 ], [ 127.179759, 37.56505 ], [ 127.181116, 37.562442 ], [ 127.181558, 37.561749 ], [ 127.181825, 37.561332 ], [ 127.181969, 37.560941 ], [ 127.181993, 37.560624 ], [ 127.182021, 37.560218 ], [ 127.181993, 37.559592 ], [ 127.181986, 37.559452 ], [ 127.181984, 37.559414 ], [ 127.181934, 37.559152 ], [ 127.181878, 37.558858 ], [ 127.181848, 37.558731 ], [ 127.181829, 37.558654 ], [ 127.181714, 37.558174 ], [ 127.181649, 37.557894 ], [ 127.181584, 37.557617 ], [ 127.18137, 37.55315 ], [ 127.181378, 37.553022 ], [ 127.181389, 37.552852 ], [ 127.182826, 37.546564 ], [ 127.183366, 37.546015 ], [ 127.183552, 37.545826 ], [ 127.180909, 37.545881 ], [ 127.180612, 37.546098 ], [ 127.180131, 37.546444 ], [ 127.179766, 37.54651 ], [ 127.179254, 37.546604 ], [ 127.179046, 37.546641 ], [ 127.178843, 37.54658 ], [ 127.177632, 37.546213 ], [ 127.176893, 37.545856 ], [ 127.175591, 37.545215 ], [ 127.174652, 37.545216 ], [ 127.174387, 37.545217 ], [ 127.174245, 37.545322 ], [ 127.174127, 37.545411 ], [ 127.173975, 37.545526 ], [ 127.168599, 37.545189 ], [ 127.16411, 37.544865 ], [ 127.163193, 37.545019 ], [ 127.160402, 37.541598 ], [ 127.15966, 37.541 ], [ 127.158677, 37.540149 ], [ 127.157563, 37.539035 ], [ 127.156994, 37.538367 ], [ 127.157003, 37.53817 ], [ 127.157009, 37.538047 ], [ 127.156987, 37.537941 ], [ 127.156871, 37.537765 ], [ 127.156731, 37.537576 ], [ 127.154557, 37.534926 ], [ 127.154406, 37.534762 ], [ 127.153852, 37.534172 ], [ 127.153552, 37.533997 ], [ 127.153572, 37.531021 ], [ 127.153515, 37.53033 ], [ 127.153265, 37.529331 ], [ 127.153112, 37.529092 ], [ 127.152656, 37.528559 ], [ 127.152432, 37.528334 ], [ 127.152216, 37.528143 ], [ 127.151938, 37.52791 ], [ 127.150819, 37.526971 ], [ 127.1498, 37.526102 ], [ 127.149659, 37.52596 ], [ 127.149582, 37.525883 ], [ 127.149428, 37.525631 ], [ 127.149056, 37.5246 ], [ 127.148972, 37.524362 ], [ 127.148952, 37.524306 ], [ 127.148977, 37.524186 ], [ 127.148541, 37.52325 ], [ 127.148518, 37.523201 ], [ 127.148438, 37.523031 ], [ 127.147763, 37.522169 ], [ 127.147422, 37.522067 ], [ 127.146528, 37.522018 ], [ 127.146351, 37.522011 ], [ 127.1458, 37.52199 ], [ 127.14564, 37.52162 ], [ 127.145241, 37.520658 ], [ 127.145078, 37.520264 ], [ 127.144732, 37.519417 ] ] ] } }
]
}
